{
  "type": "index",
  "project": "saao/saa17",
  "source": "http://oracc.org/saao/saa17",
  "license": "This data is released under the CC0 license",
  "license-url": "https://creativecommons.org/publicdomain/zero/1.0/",
  "more-info": "http://oracc.org/doc/opendata/",
  "UTC-timestamp": "2017-06-10T00:58:07",
  "name": "cbd/qpn-x-places",
  "keys": [
    {
      "key": "neobabududag",
      "count": "1",
      "instances": [
        "qpn-x-places.x000466"
      ]
    },
    {
      "key": "a",
      "count": "14",
      "instances": [
        "qpn-x-places.x000122",
        "qpn-x-places.x000122",
        "qpn-x-places.x000174",
        "qpn-x-places.x000174",
        "qpn-x-places.x000174",
        "qpn-x-places.x000174",
        "qpn-x-places.x000174",
        "qpn-x-places.x000174",
        "qpn-x-places.x000570",
        "qpn-x-places.x000570",
        "qpn-x-places.x000608",
        "qpn-x-places.x000608",
        "qpn-x-places.x000632",
        "qpn-x-places.x000632"
      ]
    },
    {
      "key": "d",
      "count": "8",
      "instances": [
        "qpn-x-places.x000388",
        "qpn-x-places.x000388",
        "qpn-x-places.x000546",
        "qpn-x-places.x000546",
        "qpn-x-places.x000592",
        "qpn-x-places.x000592",
        "qpn-x-places.x000656",
        "qpn-x-places.x000656"
      ]
    },
    {
      "key": "e",
      "count": "4",
      "instances": [
        "qpn-x-places.x000220",
        "qpn-x-places.x000220",
        "qpn-x-places.x000220",
        "qpn-x-places.x000220"
      ]
    },
    {
      "key": "i",
      "count": "10",
      "instances": [
        "qpn-x-places.x000122",
        "qpn-x-places.x000122",
        "qpn-x-places.x000146",
        "qpn-x-places.x000146",
        "qpn-x-places.x000174",
        "qpn-x-places.x000174",
        "qpn-x-places.x000396",
        "qpn-x-places.x000396",
        "qpn-x-places.x000502",
        "qpn-x-places.x000502"
      ]
    },
    {
      "key": "tubliaš",
      "count": "1",
      "instances": [
        "qpn-x-places.x000680"
      ]
    },
    {
      "key": "Uruk[1]",
      "count": "1",
      "instances": [
        "qpn-x-places.x000704"
      ]
    },
    {
      "key": "Nemed-Laguda[1]",
      "count": "1",
      "instances": [
        "qpn-x-places.x000546"
      ]
    },
    {
      "key": "Bit-Imbiya[1]",
      "count": "1",
      "instances": [
        "qpn-x-places.x000130"
      ]
    },
    {
      "key": "Dur-Yakin[1]",
      "count": "1",
      "instances": [
        "qpn-x-places.x000286"
      ]
    },
    {
      "key": "marad",
      "count": "2",
      "instances": [
        "qpn-x-places.x000486",
        "qpn-x-places.x000486"
      ]
    },
    {
      "key": "rašu",
      "count": "2",
      "instances": [
        "qpn-x-places.x000608",
        "qpn-x-places.x000608"
      ]
    },
    {
      "key": "Imba[1]",
      "count": "1",
      "instances": [
        "qpn-x-places.x000380"
      ]
    },
    {
      "key": "yakini",
      "count": "3",
      "instances": [
        "qpn-x-places.x000174",
        "qpn-x-places.x000286",
        "qpn-x-places.x000286"
      ]
    },
    {
      "key": "neobabsip",
      "count": "1",
      "instances": [
        "qpn-x-places.x000616"
      ]
    },
    {
      "key": "yakina",
      "count": "1",
      "instances": [
        "qpn-x-places.x000286"
      ]
    },
    {
      "key": "yakinu",
      "count": "1",
      "instances": [
        "qpn-x-places.x000286"
      ]
    },
    {
      "key": "kapar",
      "count": "2",
      "instances": [
        "qpn-x-places.x000420",
        "qpn-x-places.x000420"
      ]
    },
    {
      "key": "Dakkuru[1]",
      "count": "1",
      "instances": [
        "qpn-x-places.x000212"
      ]
    },
    {
      "key": "neobabtintir",
      "count": "1",
      "instances": [
        "qpn-x-places.x000028"
      ]
    },
    {
      "key": "mar₂da",
      "count": "1",
      "instances": [
        "qpn-x-places.x000486"
      ]
    },
    {
      "key": "neobabkur",
      "count": "7",
      "instances": [
        "qpn-x-places.x000502",
        "qpn-x-places.x000502",
        "qpn-x-places.x000514",
        "qpn-x-places.x000514",
        "qpn-x-places.x000526",
        "qpn-x-places.x000526",
        "qpn-x-places.x000538"
      ]
    },
    {
      "key": "Bit-Zabidi[1]",
      "count": "1",
      "instances": [
        "qpn-x-places.x000204"
      ]
    },
    {
      "key": "borsippa",
      "count": "2",
      "instances": [
        "qpn-x-places.x000070",
        "qpn-x-places.x000070"
      ]
    },
    {
      "key": "cutha",
      "count": "2",
      "instances": [
        "qpn-x-places.x000436",
        "qpn-x-places.x000436"
      ]
    },
    {
      "key": "ar₂",
      "count": "4",
      "instances": [
        "qpn-x-places.x000000",
        "qpn-x-places.x000000",
        "qpn-x-places.x000000",
        "qpn-x-places.x000000"
      ]
    },
    {
      "key": "laguda",
      "count": "1",
      "instances": [
        "qpn-x-places.x000546"
      ]
    },
    {
      "key": "šamaʾunu",
      "count": "2",
      "instances": [
        "qpn-x-places.x000640",
        "qpn-x-places.x000640"
      ]
    },
    {
      "key": "Deru[Der]",
      "count": "1",
      "instances": [
        "qpn-x-places.x000220"
      ]
    },
    {
      "key": "lagudu",
      "count": "1",
      "instances": [
        "qpn-x-places.x000546"
      ]
    },
    {
      "key": "hindar",
      "count": "1",
      "instances": [
        "qpn-x-places.x000372"
      ]
    },
    {
      "key": "Aššur[Assyria]",
      "count": "1",
      "instances": [
        "qpn-x-places.x000020"
      ]
    },
    {
      "key": "Sippar[1]",
      "count": "1",
      "instances": [
        "qpn-x-places.x000616"
      ]
    },
    {
      "key": "Mat-Aššur[Assyria]",
      "count": "1",
      "instances": [
        "qpn-x-places.x000514"
      ]
    },
    {
      "key": "neobabka₂dingirra",
      "count": "1",
      "instances": [
        "qpn-x-places.x000028"
      ]
    },
    {
      "key": "kal",
      "count": "2",
      "instances": [
        "qpn-x-places.x000404",
        "qpn-x-places.x000404"
      ]
    },
    {
      "key": "Zabban[1]",
      "count": "1",
      "instances": [
        "qpn-x-places.x000712"
      ]
    },
    {
      "key": "adad",
      "count": "2",
      "instances": [
        "qpn-x-places.x000656",
        "qpn-x-places.x000656"
      ]
    },
    {
      "key": "aššur",
      "count": "4",
      "instances": [
        "qpn-x-places.x000020",
        "qpn-x-places.x000020",
        "qpn-x-places.x000514",
        "qpn-x-places.x000514"
      ]
    },
    {
      "key": "larak",
      "count": "2",
      "instances": [
        "qpn-x-places.x000466",
        "qpn-x-places.x000466"
      ]
    },
    {
      "key": "Bit-Bunakki[1]",
      "count": "1",
      "instances": [
        "qpn-x-places.x000078"
      ]
    },
    {
      "key": "bitqi",
      "count": "2",
      "instances": [
        "qpn-x-places.x000044",
        "qpn-x-places.x000044"
      ]
    },
    {
      "key": "bitqa",
      "count": "1",
      "instances": [
        "qpn-x-places.x000044"
      ]
    },
    {
      "key": "aa",
      "count": "2",
      "instances": [
        "qpn-x-places.x000114",
        "qpn-x-places.x000114"
      ]
    },
    {
      "key": "an",
      "count": "4",
      "instances": [
        "qpn-x-places.x000444",
        "qpn-x-places.x000444",
        "qpn-x-places.x000712",
        "qpn-x-places.x000712"
      ]
    },
    {
      "key": "ak",
      "count": "2",
      "instances": [
        "qpn-x-places.x000502",
        "qpn-x-places.x000502"
      ]
    },
    {
      "key": "at",
      "count": "2",
      "instances": [
        "qpn-x-places.x000444",
        "qpn-x-places.x000444"
      ]
    },
    {
      "key": "ap",
      "count": "2",
      "instances": [
        "qpn-x-places.x000000",
        "qpn-x-places.x000000"
      ]
    },
    {
      "key": "du",
      "count": "12",
      "instances": [
        "qpn-x-places.x000012",
        "qpn-x-places.x000012",
        "qpn-x-places.x000012",
        "qpn-x-places.x000012",
        "qpn-x-places.x000246",
        "qpn-x-places.x000246",
        "qpn-x-places.x000254",
        "qpn-x-places.x000254",
        "qpn-x-places.x000404",
        "qpn-x-places.x000404",
        "qpn-x-places.x000546",
        "qpn-x-places.x000546"
      ]
    },
    {
      "key": "de",
      "count": "10",
      "instances": [
        "qpn-x-places.x000114",
        "qpn-x-places.x000114",
        "qpn-x-places.x000220",
        "qpn-x-places.x000220",
        "qpn-x-places.x000220",
        "qpn-x-places.x000220",
        "qpn-x-places.x000220",
        "qpn-x-places.x000220",
        "qpn-x-places.x000220",
        "qpn-x-places.x000220"
      ]
    },
    {
      "key": "nituk",
      "count": "1",
      "instances": [
        "qpn-x-places.x000672"
      ]
    },
    {
      "key": "di",
      "count": "6",
      "instances": [
        "qpn-x-places.x000204",
        "qpn-x-places.x000204",
        "qpn-x-places.x000262",
        "qpn-x-places.x000262",
        "qpn-x-places.x000502",
        "qpn-x-places.x000502"
      ]
    },
    {
      "key": "sealand",
      "count": "2",
      "instances": [
        "qpn-x-places.x000526",
        "qpn-x-places.x000526"
      ]
    },
    {
      "key": "šarrukku",
      "count": "1",
      "instances": [
        "qpn-x-places.x000278"
      ]
    },
    {
      "key": "en",
      "count": "4",
      "instances": [
        "qpn-x-places.x000388",
        "qpn-x-places.x000388",
        "qpn-x-places.x000592",
        "qpn-x-places.x000592"
      ]
    },
    {
      "key": "bi",
      "count": "8",
      "instances": [
        "qpn-x-places.x000130",
        "qpn-x-places.x000130",
        "qpn-x-places.x000204",
        "qpn-x-places.x000204",
        "qpn-x-places.x000388",
        "qpn-x-places.x000388",
        "qpn-x-places.x000592",
        "qpn-x-places.x000592"
      ]
    },
    {
      "key": "ba",
      "count": "6",
      "instances": [
        "qpn-x-places.x000380",
        "qpn-x-places.x000380",
        "qpn-x-places.x000444",
        "qpn-x-places.x000444",
        "qpn-x-places.x000664",
        "qpn-x-places.x000664"
      ]
    },
    {
      "key": "šarrukki",
      "count": "1",
      "instances": [
        "qpn-x-places.x000278"
      ]
    },
    {
      "key": "bu",
      "count": "6",
      "instances": [
        "qpn-x-places.x000078",
        "qpn-x-places.x000078",
        "qpn-x-places.x000324",
        "qpn-x-places.x000324",
        "qpn-x-places.x000680",
        "qpn-x-places.x000680"
      ]
    },
    {
      "key": "ga",
      "count": "2",
      "instances": [
        "qpn-x-places.x000332",
        "qpn-x-places.x000332"
      ]
    },
    {
      "key": "gu",
      "count": "4",
      "instances": [
        "qpn-x-places.x000340",
        "qpn-x-places.x000340",
        "qpn-x-places.x000546",
        "qpn-x-places.x000546"
      ]
    },
    {
      "key": "hi",
      "count": "10",
      "instances": [
        "qpn-x-places.x000000",
        "qpn-x-places.x000000",
        "qpn-x-places.x000000",
        "qpn-x-places.x000000",
        "qpn-x-places.x000372",
        "qpn-x-places.x000372",
        "qpn-x-places.x000452",
        "qpn-x-places.x000452",
        "qpn-x-places.x000452",
        "qpn-x-places.x000452"
      ]
    },
    {
      "key": "ha",
      "count": "8",
      "instances": [
        "qpn-x-places.x000122",
        "qpn-x-places.x000122",
        "qpn-x-places.x000348",
        "qpn-x-places.x000348",
        "qpn-x-places.x000356",
        "qpn-x-places.x000356",
        "qpn-x-places.x000632",
        "qpn-x-places.x000632"
      ]
    },
    {
      "key": "hamu",
      "count": "2",
      "instances": [
        "qpn-x-places.x000348",
        "qpn-x-places.x000348"
      ]
    },
    {
      "key": "ku",
      "count": "12",
      "instances": [
        "qpn-x-places.x000078",
        "qpn-x-places.x000078",
        "qpn-x-places.x000086",
        "qpn-x-places.x000086",
        "qpn-x-places.x000086",
        "qpn-x-places.x000086",
        "qpn-x-places.x000086",
        "qpn-x-places.x000086",
        "qpn-x-places.x000212",
        "qpn-x-places.x000212",
        "qpn-x-places.x000648",
        "qpn-x-places.x000648"
      ]
    },
    {
      "key": "Bit-Parasi-ili[1]",
      "count": "1",
      "instances": [
        "qpn-x-places.x000138"
      ]
    },
    {
      "key": "ka",
      "count": "6",
      "instances": [
        "qpn-x-places.x000412",
        "qpn-x-places.x000412",
        "qpn-x-places.x000420",
        "qpn-x-places.x000420",
        "qpn-x-places.x000502",
        "qpn-x-places.x000502"
      ]
    },
    {
      "key": "lu",
      "count": "2",
      "instances": [
        "qpn-x-places.x000324",
        "qpn-x-places.x000324"
      ]
    },
    {
      "key": "li",
      "count": "6",
      "instances": [
        "qpn-x-places.x000478",
        "qpn-x-places.x000478",
        "qpn-x-places.x000664",
        "qpn-x-places.x000664",
        "qpn-x-places.x000680",
        "qpn-x-places.x000680"
      ]
    },
    {
      "key": "Ša-iṣṣur-Adad[1]",
      "count": "1",
      "instances": [
        "qpn-x-places.x000656"
      ]
    },
    {
      "key": "la",
      "count": "8",
      "instances": [
        "qpn-x-places.x000262",
        "qpn-x-places.x000262",
        "qpn-x-places.x000452",
        "qpn-x-places.x000452",
        "qpn-x-places.x000452",
        "qpn-x-places.x000452",
        "qpn-x-places.x000546",
        "qpn-x-places.x000546"
      ]
    },
    {
      "key": "im",
      "count": "6",
      "instances": [
        "qpn-x-places.x000130",
        "qpn-x-places.x000130",
        "qpn-x-places.x000380",
        "qpn-x-places.x000380",
        "qpn-x-places.x000656",
        "qpn-x-places.x000656"
      ]
    },
    {
      "key": "in",
      "count": "2",
      "instances": [
        "qpn-x-places.x000372",
        "qpn-x-places.x000372"
      ]
    },
    {
      "key": "ik",
      "count": "2",
      "instances": [
        "qpn-x-places.x000428",
        "qpn-x-places.x000428"
      ]
    },
    {
      "key": "tu₂",
      "count": "2",
      "instances": [
        "qpn-x-places.x000600",
        "qpn-x-places.x000600"
      ]
    },
    {
      "key": "tam",
      "count": "6",
      "instances": [
        "qpn-x-places.x000154",
        "qpn-x-places.x000154",
        "qpn-x-places.x000154",
        "qpn-x-places.x000154",
        "qpn-x-places.x000526",
        "qpn-x-places.x000526"
      ]
    },
    {
      "key": "tan",
      "count": "2",
      "instances": [
        "qpn-x-places.x000584",
        "qpn-x-places.x000584"
      ]
    },
    {
      "key": "na",
      "count": "8",
      "instances": [
        "qpn-x-places.x000286",
        "qpn-x-places.x000286",
        "qpn-x-places.x000332",
        "qpn-x-places.x000332",
        "qpn-x-places.x000444",
        "qpn-x-places.x000444",
        "qpn-x-places.x000648",
        "qpn-x-places.x000648"
      ]
    },
    {
      "key": "nu",
      "count": "12",
      "instances": [
        "qpn-x-places.x000262",
        "qpn-x-places.x000262",
        "qpn-x-places.x000286",
        "qpn-x-places.x000286",
        "qpn-x-places.x000562",
        "qpn-x-places.x000562",
        "qpn-x-places.x000570",
        "qpn-x-places.x000570",
        "qpn-x-places.x000584",
        "qpn-x-places.x000584",
        "qpn-x-places.x000640",
        "qpn-x-places.x000640"
      ]
    },
    {
      "key": "tukriš",
      "count": "2",
      "instances": [
        "qpn-x-places.x000688",
        "qpn-x-places.x000688"
      ]
    },
    {
      "key": "rasitu",
      "count": "2",
      "instances": [
        "qpn-x-places.x000600",
        "qpn-x-places.x000600"
      ]
    },
    {
      "key": "šarruken",
      "count": "2",
      "instances": [
        "qpn-x-places.x000270",
        "qpn-x-places.x000270"
      ]
    },
    {
      "key": "hindaru",
      "count": "1",
      "instances": [
        "qpn-x-places.x000372"
      ]
    },
    {
      "key": "ma",
      "count": "12",
      "instances": [
        "qpn-x-places.x000154",
        "qpn-x-places.x000154",
        "qpn-x-places.x000154",
        "qpn-x-places.x000154",
        "qpn-x-places.x000246",
        "qpn-x-places.x000246",
        "qpn-x-places.x000340",
        "qpn-x-places.x000340",
        "qpn-x-places.x000494",
        "qpn-x-places.x000494",
        "qpn-x-places.x000640",
        "qpn-x-places.x000640"
      ]
    },
    {
      "key": "mu",
      "count": "10",
      "instances": [
        "qpn-x-places.x000254",
        "qpn-x-places.x000254",
        "qpn-x-places.x000348",
        "qpn-x-places.x000348",
        "qpn-x-places.x000356",
        "qpn-x-places.x000356",
        "qpn-x-places.x000478",
        "qpn-x-places.x000478",
        "qpn-x-places.x000538",
        "qpn-x-places.x000538"
      ]
    },
    {
      "key": "tim",
      "count": "2",
      "instances": [
        "qpn-x-places.x000526",
        "qpn-x-places.x000526"
      ]
    },
    {
      "key": "ru",
      "count": "14",
      "instances": [
        "qpn-x-places.x000086",
        "qpn-x-places.x000086",
        "qpn-x-places.x000212",
        "qpn-x-places.x000212",
        "qpn-x-places.x000220",
        "qpn-x-places.x000220",
        "qpn-x-places.x000356",
        "qpn-x-places.x000356",
        "qpn-x-places.x000452",
        "qpn-x-places.x000452",
        "qpn-x-places.x000494",
        "qpn-x-places.x000494",
        "qpn-x-places.x000494",
        "qpn-x-places.x000494"
      ]
    },
    {
      "key": "ra",
      "count": "12",
      "instances": [
        "qpn-x-places.x000000",
        "qpn-x-places.x000000",
        "qpn-x-places.x000114",
        "qpn-x-places.x000114",
        "qpn-x-places.x000138",
        "qpn-x-places.x000138",
        "qpn-x-places.x000600",
        "qpn-x-places.x000600",
        "qpn-x-places.x000608",
        "qpn-x-places.x000608",
        "qpn-x-places.x000624",
        "qpn-x-places.x000624"
      ]
    },
    {
      "key": "si",
      "count": "6",
      "instances": [
        "qpn-x-places.x000138",
        "qpn-x-places.x000138",
        "qpn-x-places.x000428",
        "qpn-x-places.x000428",
        "qpn-x-places.x000600",
        "qpn-x-places.x000600"
      ]
    },
    {
      "key": "Qatannu[1]",
      "count": "1",
      "instances": [
        "qpn-x-places.x000584"
      ]
    },
    {
      "key": "sa",
      "count": "2",
      "instances": [
        "qpn-x-places.x000648",
        "qpn-x-places.x000648"
      ]
    },
    {
      "key": "pa",
      "count": "6",
      "instances": [
        "qpn-x-places.x000138",
        "qpn-x-places.x000138",
        "qpn-x-places.x000570",
        "qpn-x-places.x000570",
        "qpn-x-places.x000570",
        "qpn-x-places.x000570"
      ]
    },
    {
      "key": "qu",
      "count": "2",
      "instances": [
        "qpn-x-places.x000254",
        "qpn-x-places.x000254"
      ]
    },
    {
      "key": "haʾir",
      "count": "1",
      "instances": [
        "qpn-x-places.x000122"
      ]
    },
    {
      "key": "qa",
      "count": "9",
      "instances": [
        "qpn-x-places.x000044",
        "qpn-x-places.x000044",
        "qpn-x-places.x000044",
        "qpn-x-places.x000044",
        "qpn-x-places.x000166",
        "qpn-x-places.x000166",
        "qpn-x-places.x000246",
        "qpn-x-places.x000246",
        "qpn-x-places.x000584"
      ]
    },
    {
      "key": "um",
      "count": "6",
      "instances": [
        "qpn-x-places.x000246",
        "qpn-x-places.x000246",
        "qpn-x-places.x000254",
        "qpn-x-places.x000254",
        "qpn-x-places.x000340",
        "qpn-x-places.x000340"
      ]
    },
    {
      "key": "ur",
      "count": "2",
      "instances": [
        "qpn-x-places.x000696",
        "qpn-x-places.x000696"
      ]
    },
    {
      "key": "tuk",
      "count": "1",
      "instances": [
        "qpn-x-places.x000688"
      ]
    },
    {
      "key": "Rasitu[1]",
      "count": "1",
      "instances": [
        "qpn-x-places.x000600"
      ]
    },
    {
      "key": "Kalhu[1]",
      "count": "1",
      "instances": [
        "qpn-x-places.x000412"
      ]
    },
    {
      "key": "ta",
      "count": "8",
      "instances": [
        "qpn-x-places.x000166",
        "qpn-x-places.x000166",
        "qpn-x-places.x000332",
        "qpn-x-places.x000332",
        "qpn-x-places.x000478",
        "qpn-x-places.x000478",
        "qpn-x-places.x000664",
        "qpn-x-places.x000664"
      ]
    },
    {
      "key": "ti",
      "count": "2",
      "instances": [
        "qpn-x-places.x000364",
        "qpn-x-places.x000364"
      ]
    },
    {
      "key": "tu",
      "count": "2",
      "instances": [
        "qpn-x-places.x000680",
        "qpn-x-places.x000680"
      ]
    },
    {
      "key": "ṣur",
      "count": "4",
      "instances": [
        "qpn-x-places.x000624",
        "qpn-x-places.x000624",
        "qpn-x-places.x000656",
        "qpn-x-places.x000656"
      ]
    },
    {
      "key": "dingir",
      "count": "2",
      "instances": [
        "qpn-x-places.x000138",
        "qpn-x-places.x000138"
      ]
    },
    {
      "key": "dimašqa",
      "count": "1",
      "instances": [
        "qpn-x-places.x000246"
      ]
    },
    {
      "key": "lab",
      "count": "2",
      "instances": [
        "qpn-x-places.x000444",
        "qpn-x-places.x000444"
      ]
    },
    {
      "key": "za",
      "count": "6",
      "instances": [
        "qpn-x-places.x000204",
        "qpn-x-places.x000204",
        "qpn-x-places.x000538",
        "qpn-x-places.x000538",
        "qpn-x-places.x000712",
        "qpn-x-places.x000712"
      ]
    },
    {
      "key": "zu",
      "count": "2",
      "instances": [
        "qpn-x-places.x000340",
        "qpn-x-places.x000340"
      ]
    },
    {
      "key": "ili",
      "count": "2",
      "instances": [
        "qpn-x-places.x000138",
        "qpn-x-places.x000138"
      ]
    },
    {
      "key": "qibi",
      "count": "4",
      "instances": [
        "qpn-x-places.x000388",
        "qpn-x-places.x000388",
        "qpn-x-places.x000592",
        "qpn-x-places.x000592"
      ]
    },
    {
      "key": "Ina-qibi-Bel[1]",
      "count": "1",
      "instances": [
        "qpn-x-places.x000388"
      ]
    },
    {
      "key": "ina",
      "count": "4",
      "instances": [
        "qpn-x-places.x000388",
        "qpn-x-places.x000388",
        "qpn-x-places.x000388",
        "qpn-x-places.x000388"
      ]
    },
    {
      "key": "litamu",
      "count": "2",
      "instances": [
        "qpn-x-places.x000478",
        "qpn-x-places.x000478"
      ]
    },
    {
      "key": "elamti",
      "count": "1",
      "instances": [
        "qpn-x-places.x000312"
      ]
    },
    {
      "key": "elamtu",
      "count": "1",
      "instances": [
        "qpn-x-places.x000312"
      ]
    },
    {
      "key": "babylon",
      "count": "2",
      "instances": [
        "qpn-x-places.x000028",
        "qpn-x-places.x000028"
      ]
    },
    {
      "key": "neobabtuk",
      "count": "1",
      "instances": [
        "qpn-x-places.x000688"
      ]
    },
    {
      "key": "nippur",
      "count": "2",
      "instances": [
        "qpn-x-places.x000554",
        "qpn-x-places.x000554"
      ]
    },
    {
      "key": "akkadi",
      "count": "2",
      "instances": [
        "qpn-x-places.x000502",
        "qpn-x-places.x000502"
      ]
    },
    {
      "key": "tyre",
      "count": "2",
      "instances": [
        "qpn-x-places.x000624",
        "qpn-x-places.x000624"
      ]
    },
    {
      "key": "Hamu[1]",
      "count": "1",
      "instances": [
        "qpn-x-places.x000348"
      ]
    },
    {
      "key": "Irreʾa[1]",
      "count": "1",
      "instances": [
        "qpn-x-places.x000396"
      ]
    },
    {
      "key": "Bab-bitqi[1]",
      "count": "1",
      "instances": [
        "qpn-x-places.x000044"
      ]
    },
    {
      "key": "Dummuqu[1]",
      "count": "1",
      "instances": [
        "qpn-x-places.x000254"
      ]
    },
    {
      "key": "neobabbad₃",
      "count": "6",
      "instances": [
        "qpn-x-places.x000262",
        "qpn-x-places.x000270",
        "qpn-x-places.x000286",
        "qpn-x-places.x000286",
        "qpn-x-places.x000286",
        "qpn-x-places.x000286"
      ]
    },
    {
      "key": "tabal",
      "count": "2",
      "instances": [
        "qpn-x-places.x000664",
        "qpn-x-places.x000664"
      ]
    },
    {
      "key": "neobabnituk",
      "count": "1",
      "instances": [
        "qpn-x-places.x000672"
      ]
    },
    {
      "key": "Bit-reʾi[1]",
      "count": "1",
      "instances": [
        "qpn-x-places.x000146"
      ]
    },
    {
      "key": "gu₂du₈a",
      "count": "1",
      "instances": [
        "qpn-x-places.x000436"
      ]
    },
    {
      "key": "Tilmun[Bahrain]",
      "count": "1",
      "instances": [
        "qpn-x-places.x000672"
      ]
    },
    {
      "key": "Lahiru[1]",
      "count": "1",
      "instances": [
        "qpn-x-places.x000452"
      ]
    },
    {
      "key": "dummuqu",
      "count": "2",
      "instances": [
        "qpn-x-places.x000254",
        "qpn-x-places.x000254"
      ]
    },
    {
      "key": "Šabhanu[1]",
      "count": "1",
      "instances": [
        "qpn-x-places.x000632"
      ]
    },
    {
      "key": "neobabe₂",
      "count": "15",
      "instances": [
        "qpn-x-places.x000086",
        "qpn-x-places.x000086",
        "qpn-x-places.x000086",
        "qpn-x-places.x000114",
        "qpn-x-places.x000122",
        "qpn-x-places.x000138",
        "qpn-x-places.x000146",
        "qpn-x-places.x000154",
        "qpn-x-places.x000166",
        "qpn-x-places.x000174",
        "qpn-x-places.x000174",
        "qpn-x-places.x000174",
        "qpn-x-places.x000174",
        "qpn-x-places.x000174",
        "qpn-x-places.x000204"
      ]
    },
    {
      "key": "damascus",
      "count": "2",
      "instances": [
        "qpn-x-places.x000246",
        "qpn-x-places.x000246"
      ]
    },
    {
      "key": "neobabka₂",
      "count": "2",
      "instances": [
        "qpn-x-places.x000044",
        "qpn-x-places.x000062"
      ]
    },
    {
      "key": "Babili[Babylon]",
      "count": "1",
      "instances": [
        "qpn-x-places.x000028"
      ]
    },
    {
      "key": "Kapar[1]",
      "count": "1",
      "instances": [
        "qpn-x-places.x000420"
      ]
    },
    {
      "key": "bahrain",
      "count": "2",
      "instances": [
        "qpn-x-places.x000672",
        "qpn-x-places.x000672"
      ]
    },
    {
      "key": "nimma",
      "count": "3",
      "instances": [
        "qpn-x-places.x000312",
        "qpn-x-places.x000312",
        "qpn-x-places.x000312"
      ]
    },
    {
      "key": "guzummanu",
      "count": "1",
      "instances": [
        "qpn-x-places.x000340"
      ]
    },
    {
      "key": "guzummani",
      "count": "1",
      "instances": [
        "qpn-x-places.x000340"
      ]
    },
    {
      "key": "nak",
      "count": "4",
      "instances": [
        "qpn-x-places.x000078",
        "qpn-x-places.x000078",
        "qpn-x-places.x000562",
        "qpn-x-places.x000562"
      ]
    },
    {
      "key": "kin₇",
      "count": "2",
      "instances": [
        "qpn-x-places.x000174",
        "qpn-x-places.x000174"
      ]
    },
    {
      "key": "Ṣurru[Tyre]",
      "count": "1",
      "instances": [
        "qpn-x-places.x000624"
      ]
    },
    {
      "key": "neobabbar₂sipa",
      "count": "1",
      "instances": [
        "qpn-x-places.x000070"
      ]
    },
    {
      "key": "sipa",
      "count": "2",
      "instances": [
        "qpn-x-places.x000146",
        "qpn-x-places.x000146"
      ]
    },
    {
      "key": "marrat",
      "count": "2",
      "instances": [
        "qpn-x-places.x000062",
        "qpn-x-places.x000062"
      ]
    },
    {
      "key": "arraphi",
      "count": "1",
      "instances": [
        "qpn-x-places.x000000"
      ]
    },
    {
      "key": "arrapha",
      "count": "1",
      "instances": [
        "qpn-x-places.x000000"
      ]
    },
    {
      "key": "šasanaku",
      "count": "2",
      "instances": [
        "qpn-x-places.x000648",
        "qpn-x-places.x000648"
      ]
    },
    {
      "key": "ganata",
      "count": "2",
      "instances": [
        "qpn-x-places.x000332",
        "qpn-x-places.x000332"
      ]
    },
    {
      "key": "uqata",
      "count": "2",
      "instances": [
        "qpn-x-places.x000166",
        "qpn-x-places.x000166"
      ]
    },
    {
      "key": "zanban",
      "count": "1",
      "instances": [
        "qpn-x-places.x000712"
      ]
    },
    {
      "key": "neobabnimma",
      "count": "1",
      "instances": [
        "qpn-x-places.x000312"
      ]
    },
    {
      "key": "tubuliʾaš",
      "count": "1",
      "instances": [
        "qpn-x-places.x000680"
      ]
    },
    {
      "key": "Šamaʾunu[1]",
      "count": "1",
      "instances": [
        "qpn-x-places.x000640"
      ]
    },
    {
      "key": "neobabšešunug",
      "count": "1",
      "instances": [
        "qpn-x-places.x000696"
      ]
    },
    {
      "key": "Mat-Akkadi[Babylonia]",
      "count": "1",
      "instances": [
        "qpn-x-places.x000502"
      ]
    },
    {
      "key": "Bab-Marrat[1]",
      "count": "1",
      "instances": [
        "qpn-x-places.x000062"
      ]
    },
    {
      "key": "šur",
      "count": "6",
      "instances": [
        "qpn-x-places.x000020",
        "qpn-x-places.x000020",
        "qpn-x-places.x000514",
        "qpn-x-places.x000514",
        "qpn-x-places.x000514",
        "qpn-x-places.x000514"
      ]
    },
    {
      "key": "Nunak[1]",
      "count": "1",
      "instances": [
        "qpn-x-places.x000562"
      ]
    },
    {
      "key": "unug",
      "count": "1",
      "instances": [
        "qpn-x-places.x000704"
      ]
    },
    {
      "key": "deri",
      "count": "1",
      "instances": [
        "qpn-x-places.x000220"
      ]
    },
    {
      "key": "deru",
      "count": "2",
      "instances": [
        "qpn-x-places.x000220",
        "qpn-x-places.x000220"
      ]
    },
    {
      "key": "yakin",
      "count": "3",
      "instances": [
        "qpn-x-places.x000174",
        "qpn-x-places.x000174",
        "qpn-x-places.x000286"
      ]
    },
    {
      "key": "neobabqa",
      "count": "1",
      "instances": [
        "qpn-x-places.x000584"
      ]
    },
    {
      "key": "šaq",
      "count": "2",
      "instances": [
        "qpn-x-places.x000246",
        "qpn-x-places.x000246"
      ]
    },
    {
      "key": "šab",
      "count": "2",
      "instances": [
        "qpn-x-places.x000632",
        "qpn-x-places.x000632"
      ]
    },
    {
      "key": "uš",
      "count": "1",
      "instances": [
        "qpn-x-places.x000546"
      ]
    },
    {
      "key": "duru",
      "count": "3",
      "instances": [
        "qpn-x-places.x000286",
        "qpn-x-places.x000286",
        "qpn-x-places.x000286"
      ]
    },
    {
      "key": "duri",
      "count": "1",
      "instances": [
        "qpn-x-places.x000286"
      ]
    },
    {
      "key": "šu₂",
      "count": "2",
      "instances": [
        "qpn-x-places.x000608",
        "qpn-x-places.x000608"
      ]
    },
    {
      "key": "neobabunug",
      "count": "1",
      "instances": [
        "qpn-x-places.x000704"
      ]
    },
    {
      "key": "mazamua",
      "count": "1",
      "instances": [
        "qpn-x-places.x000538"
      ]
    },
    {
      "key": "Maruru[1]",
      "count": "1",
      "instances": [
        "qpn-x-places.x000494"
      ]
    },
    {
      "key": "Labbanat[1]",
      "count": "1",
      "instances": [
        "qpn-x-places.x000444"
      ]
    },
    {
      "key": "Tubliaš[1]",
      "count": "1",
      "instances": [
        "qpn-x-places.x000680"
      ]
    },
    {
      "key": "padanu",
      "count": "1",
      "instances": [
        "qpn-x-places.x000570"
      ]
    },
    {
      "key": "padani",
      "count": "1",
      "instances": [
        "qpn-x-places.x000570"
      ]
    },
    {
      "key": "dur",
      "count": "7",
      "instances": [
        "qpn-x-places.x000262",
        "qpn-x-places.x000262",
        "qpn-x-places.x000270",
        "qpn-x-places.x000270",
        "qpn-x-places.x000278",
        "qpn-x-places.x000278",
        "qpn-x-places.x000286"
      ]
    },
    {
      "key": "ša",
      "count": "9",
      "instances": [
        "qpn-x-places.x000154",
        "qpn-x-places.x000154",
        "qpn-x-places.x000286",
        "qpn-x-places.x000286",
        "qpn-x-places.x000286",
        "qpn-x-places.x000286",
        "qpn-x-places.x000648",
        "qpn-x-places.x000656",
        "qpn-x-places.x000656"
      ]
    },
    {
      "key": "lugal",
      "count": "4",
      "instances": [
        "qpn-x-places.x000270",
        "qpn-x-places.x000270",
        "qpn-x-places.x000278",
        "qpn-x-places.x000278"
      ]
    },
    {
      "key": "Ganata[1]",
      "count": "1",
      "instances": [
        "qpn-x-places.x000332"
      ]
    },
    {
      "key": "u₂",
      "count": "6",
      "instances": [
        "qpn-x-places.x000166",
        "qpn-x-places.x000166",
        "qpn-x-places.x000538",
        "qpn-x-places.x000538",
        "qpn-x-places.x000640",
        "qpn-x-places.x000640"
      ]
    },
    {
      "key": "tintir",
      "count": "3",
      "instances": [
        "qpn-x-places.x000028",
        "qpn-x-places.x000028",
        "qpn-x-places.x000028"
      ]
    },
    {
      "key": "ladinni",
      "count": "1",
      "instances": [
        "qpn-x-places.x000262"
      ]
    },
    {
      "key": "ladinnu",
      "count": "1",
      "instances": [
        "qpn-x-places.x000262"
      ]
    },
    {
      "key": "babili",
      "count": "2",
      "instances": [
        "qpn-x-places.x000028",
        "qpn-x-places.x000028"
      ]
    },
    {
      "key": "der",
      "count": "2",
      "instances": [
        "qpn-x-places.x000220",
        "qpn-x-places.x000220"
      ]
    },
    {
      "key": "Rašu[1]",
      "count": "1",
      "instances": [
        "qpn-x-places.x000608"
      ]
    },
    {
      "key": "Uru[Ur]",
      "count": "1",
      "instances": [
        "qpn-x-places.x000696"
      ]
    },
    {
      "key": "barsip",
      "count": "2",
      "instances": [
        "qpn-x-places.x000070",
        "qpn-x-places.x000070"
      ]
    },
    {
      "key": "zabidi",
      "count": "2",
      "instances": [
        "qpn-x-places.x000204",
        "qpn-x-places.x000204"
      ]
    },
    {
      "key": "dar",
      "count": "2",
      "instances": [
        "qpn-x-places.x000372",
        "qpn-x-places.x000372"
      ]
    },
    {
      "key": "tabalu",
      "count": "1",
      "instances": [
        "qpn-x-places.x000664"
      ]
    },
    {
      "key": "tabali",
      "count": "1",
      "instances": [
        "qpn-x-places.x000664"
      ]
    },
    {
      "key": "Kute[Cutha]",
      "count": "1",
      "instances": [
        "qpn-x-places.x000436"
      ]
    },
    {
      "key": "bad₃",
      "count": "8",
      "instances": [
        "qpn-x-places.x000262",
        "qpn-x-places.x000270",
        "qpn-x-places.x000278",
        "qpn-x-places.x000278",
        "qpn-x-places.x000286",
        "qpn-x-places.x000286",
        "qpn-x-places.x000286",
        "qpn-x-places.x000286"
      ]
    },
    {
      "key": "mar",
      "count": "2",
      "instances": [
        "qpn-x-places.x000062",
        "qpn-x-places.x000062"
      ]
    },
    {
      "key": "mat",
      "count": "6",
      "instances": [
        "qpn-x-places.x000502",
        "qpn-x-places.x000502",
        "qpn-x-places.x000514",
        "qpn-x-places.x000514",
        "qpn-x-places.x000526",
        "qpn-x-places.x000526"
      ]
    },
    {
      "key": "Litamu[1]",
      "count": "1",
      "instances": [
        "qpn-x-places.x000478"
      ]
    },
    {
      "key": "Gambulu[1]",
      "count": "1",
      "instances": [
        "qpn-x-places.x000324"
      ]
    },
    {
      "key": "qi₂",
      "count": "6",
      "instances": [
        "qpn-x-places.x000044",
        "qpn-x-places.x000044",
        "qpn-x-places.x000388",
        "qpn-x-places.x000388",
        "qpn-x-places.x000592",
        "qpn-x-places.x000592"
      ]
    },
    {
      "key": "hamuru",
      "count": "2",
      "instances": [
        "qpn-x-places.x000356",
        "qpn-x-places.x000356"
      ]
    },
    {
      "key": "paddanu",
      "count": "1",
      "instances": [
        "qpn-x-places.x000570"
      ]
    },
    {
      "key": "parasi",
      "count": "2",
      "instances": [
        "qpn-x-places.x000138",
        "qpn-x-places.x000138"
      ]
    },
    {
      "key": "Bit-Dakkuri[1]",
      "count": "1",
      "instances": [
        "qpn-x-places.x000086"
      ]
    },
    {
      "key": "irreʾa",
      "count": "2",
      "instances": [
        "qpn-x-places.x000396",
        "qpn-x-places.x000396"
      ]
    },
    {
      "key": "tammeš",
      "count": "2",
      "instances": [
        "qpn-x-places.x000154",
        "qpn-x-places.x000154"
      ]
    },
    {
      "key": "gina",
      "count": "2",
      "instances": [
        "qpn-x-places.x000270",
        "qpn-x-places.x000270"
      ]
    },
    {
      "key": "enlil₂",
      "count": "1",
      "instances": [
        "qpn-x-places.x000554"
      ]
    },
    {
      "key": "ša₂",
      "count": "14",
      "instances": [
        "qpn-x-places.x000154",
        "qpn-x-places.x000154",
        "qpn-x-places.x000286",
        "qpn-x-places.x000286",
        "qpn-x-places.x000286",
        "qpn-x-places.x000286",
        "qpn-x-places.x000286",
        "qpn-x-places.x000286",
        "qpn-x-places.x000286",
        "qpn-x-places.x000286",
        "qpn-x-places.x000640",
        "qpn-x-places.x000640",
        "qpn-x-places.x000656",
        "qpn-x-places.x000656"
      ]
    },
    {
      "key": "aš",
      "count": "5",
      "instances": [
        "qpn-x-places.x000020",
        "qpn-x-places.x000514",
        "qpn-x-places.x000514",
        "qpn-x-places.x000514",
        "qpn-x-places.x000514"
      ]
    },
    {
      "key": "nemed",
      "count": "2",
      "instances": [
        "qpn-x-places.x000546",
        "qpn-x-places.x000546"
      ]
    },
    {
      "key": "imbiya",
      "count": "2",
      "instances": [
        "qpn-x-places.x000130",
        "qpn-x-places.x000130"
      ]
    },
    {
      "key": "ka₂dingirra",
      "count": "1",
      "instances": [
        "qpn-x-places.x000028"
      ]
    },
    {
      "key": "ududag",
      "count": "1",
      "instances": [
        "qpn-x-places.x000466"
      ]
    },
    {
      "key": "Hatti[1]",
      "count": "1",
      "instances": [
        "qpn-x-places.x000364"
      ]
    },
    {
      "key": "bab",
      "count": "5",
      "instances": [
        "qpn-x-places.x000044",
        "qpn-x-places.x000044",
        "qpn-x-places.x000044",
        "qpn-x-places.x000062",
        "qpn-x-places.x000062"
      ]
    },
    {
      "key": "ban",
      "count": "2",
      "instances": [
        "qpn-x-places.x000712",
        "qpn-x-places.x000712"
      ]
    },
    {
      "key": "Marad[1]",
      "count": "1",
      "instances": [
        "qpn-x-places.x000486"
      ]
    },
    {
      "key": "Kaldu[Chaldea]",
      "count": "1",
      "instances": [
        "qpn-x-places.x000404"
      ]
    },
    {
      "key": "aʾ",
      "count": "4",
      "instances": [
        "qpn-x-places.x000154",
        "qpn-x-places.x000154",
        "qpn-x-places.x000154",
        "qpn-x-places.x000154"
      ]
    },
    {
      "key": "kute",
      "count": "2",
      "instances": [
        "qpn-x-places.x000436",
        "qpn-x-places.x000436"
      ]
    },
    {
      "key": "bel",
      "count": "4",
      "instances": [
        "qpn-x-places.x000388",
        "qpn-x-places.x000388",
        "qpn-x-places.x000592",
        "qpn-x-places.x000592"
      ]
    },
    {
      "key": "Dur-Ladinni[1]",
      "count": "1",
      "instances": [
        "qpn-x-places.x000262"
      ]
    },
    {
      "key": "neobabuš",
      "count": "1",
      "instances": [
        "qpn-x-places.x000546"
      ]
    },
    {
      "key": "neobabša",
      "count": "1",
      "instances": [
        "qpn-x-places.x000648"
      ]
    },
    {
      "key": "Šasanaku[1]",
      "count": "1",
      "instances": [
        "qpn-x-places.x000648"
      ]
    },
    {
      "key": "Hindaru[1]",
      "count": "1",
      "instances": [
        "qpn-x-places.x000372"
      ]
    },
    {
      "key": "udud",
      "count": "1",
      "instances": [
        "qpn-x-places.x000466"
      ]
    },
    {
      "key": "bad₃dingir",
      "count": "1",
      "instances": [
        "qpn-x-places.x000220"
      ]
    },
    {
      "key": "Nippur[1]",
      "count": "1",
      "instances": [
        "qpn-x-places.x000554"
      ]
    },
    {
      "key": "babylonia",
      "count": "2",
      "instances": [
        "qpn-x-places.x000502",
        "qpn-x-places.x000502"
      ]
    },
    {
      "key": "nunak",
      "count": "2",
      "instances": [
        "qpn-x-places.x000562",
        "qpn-x-places.x000562"
      ]
    },
    {
      "key": "kalhu",
      "count": "1",
      "instances": [
        "qpn-x-places.x000412"
      ]
    },
    {
      "key": "ṣurru",
      "count": "1",
      "instances": [
        "qpn-x-places.x000624"
      ]
    },
    {
      "key": "ṣurra",
      "count": "1",
      "instances": [
        "qpn-x-places.x000624"
      ]
    },
    {
      "key": "Qibi-Bel[1]",
      "count": "1",
      "instances": [
        "qpn-x-places.x000592"
      ]
    },
    {
      "key": "kissik",
      "count": "2",
      "instances": [
        "qpn-x-places.x000428",
        "qpn-x-places.x000428"
      ]
    },
    {
      "key": "kalah",
      "count": "1",
      "instances": [
        "qpn-x-places.x000412"
      ]
    },
    {
      "key": "rat",
      "count": "2",
      "instances": [
        "qpn-x-places.x000062",
        "qpn-x-places.x000062"
      ]
    },
    {
      "key": "rap",
      "count": "2",
      "instances": [
        "qpn-x-places.x000000",
        "qpn-x-places.x000000"
      ]
    },
    {
      "key": "Mat-tamti[Sealand]",
      "count": "1",
      "instances": [
        "qpn-x-places.x000526"
      ]
    },
    {
      "key": "labbanat",
      "count": "2",
      "instances": [
        "qpn-x-places.x000444",
        "qpn-x-places.x000444"
      ]
    },
    {
      "key": "dummašaqqa",
      "count": "1",
      "instances": [
        "qpn-x-places.x000246"
      ]
    },
    {
      "key": "dakkuri",
      "count": "2",
      "instances": [
        "qpn-x-places.x000086",
        "qpn-x-places.x000086"
      ]
    },
    {
      "key": "kaldu",
      "count": "2",
      "instances": [
        "qpn-x-places.x000404",
        "qpn-x-places.x000404"
      ]
    },
    {
      "key": "dakkuru",
      "count": "3",
      "instances": [
        "qpn-x-places.x000086",
        "qpn-x-places.x000212",
        "qpn-x-places.x000212"
      ]
    },
    {
      "key": "bar₂sipa",
      "count": "1",
      "instances": [
        "qpn-x-places.x000070"
      ]
    },
    {
      "key": "bunakku",
      "count": "1",
      "instances": [
        "qpn-x-places.x000078"
      ]
    },
    {
      "key": "bunakki",
      "count": "1",
      "instances": [
        "qpn-x-places.x000078"
      ]
    },
    {
      "key": "tamti",
      "count": "2",
      "instances": [
        "qpn-x-places.x000526",
        "qpn-x-places.x000526"
      ]
    },
    {
      "key": "ashdod",
      "count": "2",
      "instances": [
        "qpn-x-places.x000012",
        "qpn-x-places.x000012"
      ]
    },
    {
      "key": "ašdudu",
      "count": "1",
      "instances": [
        "qpn-x-places.x000012"
      ]
    },
    {
      "key": "aš₂",
      "count": "4",
      "instances": [
        "qpn-x-places.x000012",
        "qpn-x-places.x000012",
        "qpn-x-places.x000680",
        "qpn-x-places.x000680"
      ]
    },
    {
      "key": "neobabaš",
      "count": "1",
      "instances": [
        "qpn-x-places.x000020"
      ]
    },
    {
      "key": "qatannu",
      "count": "2",
      "instances": [
        "qpn-x-places.x000584",
        "qpn-x-places.x000584"
      ]
    },
    {
      "key": "sip",
      "count": "1",
      "instances": [
        "qpn-x-places.x000616"
      ]
    },
    {
      "key": "Bit-Uqata[1]",
      "count": "1",
      "instances": [
        "qpn-x-places.x000166"
      ]
    },
    {
      "key": "Dimašqa[Damascus]",
      "count": "1",
      "instances": [
        "qpn-x-places.x000246"
      ]
    },
    {
      "key": "dakkur",
      "count": "1",
      "instances": [
        "qpn-x-places.x000086"
      ]
    },
    {
      "key": "gam",
      "count": "2",
      "instances": [
        "qpn-x-places.x000324",
        "qpn-x-places.x000324"
      ]
    },
    {
      "key": "elam",
      "count": "2",
      "instances": [
        "qpn-x-places.x000312",
        "qpn-x-places.x000312"
      ]
    },
    {
      "key": "Bit-Deraya[1]",
      "count": "1",
      "instances": [
        "qpn-x-places.x000114"
      ]
    },
    {
      "key": "asdudu",
      "count": "1",
      "instances": [
        "qpn-x-places.x000012"
      ]
    },
    {
      "key": "riš",
      "count": "2",
      "instances": [
        "qpn-x-places.x000688",
        "qpn-x-places.x000688"
      ]
    },
    {
      "key": "gin",
      "count": "4",
      "instances": [
        "qpn-x-places.x000174",
        "qpn-x-places.x000174",
        "qpn-x-places.x000174",
        "qpn-x-places.x000174"
      ]
    },
    {
      "key": "imba",
      "count": "2",
      "instances": [
        "qpn-x-places.x000380",
        "qpn-x-places.x000380"
      ]
    },
    {
      "key": "gambulu",
      "count": "2",
      "instances": [
        "qpn-x-places.x000324",
        "qpn-x-places.x000324"
      ]
    },
    {
      "key": "deraya",
      "count": "2",
      "instances": [
        "qpn-x-places.x000114",
        "qpn-x-places.x000114"
      ]
    },
    {
      "key": "Kissik[1]",
      "count": "1",
      "instances": [
        "qpn-x-places.x000428"
      ]
    },
    {
      "key": "Tabalu[Tabal]",
      "count": "1",
      "instances": [
        "qpn-x-places.x000664"
      ]
    },
    {
      "key": "šabhanu",
      "count": "1",
      "instances": [
        "qpn-x-places.x000632"
      ]
    },
    {
      "key": "šabhani",
      "count": "1",
      "instances": [
        "qpn-x-places.x000632"
      ]
    },
    {
      "key": "Tukriš[1]",
      "count": "1",
      "instances": [
        "qpn-x-places.x000688"
      ]
    },
    {
      "key": "uruk",
      "count": "2",
      "instances": [
        "qpn-x-places.x000704",
        "qpn-x-places.x000704"
      ]
    },
    {
      "key": "zabban",
      "count": "1",
      "instances": [
        "qpn-x-places.x000712"
      ]
    },
    {
      "key": "Bit-Tammeš-šamaʾ[1]",
      "count": "1",
      "instances": [
        "qpn-x-places.x000154"
      ]
    },
    {
      "key": "sippar",
      "count": "2",
      "instances": [
        "qpn-x-places.x000616",
        "qpn-x-places.x000616"
      ]
    },
    {
      "key": "par",
      "count": "4",
      "instances": [
        "qpn-x-places.x000420",
        "qpn-x-places.x000420",
        "qpn-x-places.x000616",
        "qpn-x-places.x000616"
      ]
    },
    {
      "key": "Barsip[Borsippa]",
      "count": "1",
      "instances": [
        "qpn-x-places.x000070"
      ]
    },
    {
      "key": "neobabmar₂da",
      "count": "1",
      "instances": [
        "qpn-x-places.x000486"
      ]
    },
    {
      "key": "Asdudu[Ashdod]",
      "count": "1",
      "instances": [
        "qpn-x-places.x000012"
      ]
    },
    {
      "key": "Dur-Šarruken[1]",
      "count": "1",
      "instances": [
        "qpn-x-places.x000270"
      ]
    },
    {
      "key": "Hamuru[1]",
      "count": "1",
      "instances": [
        "qpn-x-places.x000356"
      ]
    },
    {
      "key": "Mazamua[1]",
      "count": "1",
      "instances": [
        "qpn-x-places.x000538"
      ]
    },
    {
      "key": "tilmun",
      "count": "2",
      "instances": [
        "qpn-x-places.x000672",
        "qpn-x-places.x000672"
      ]
    },
    {
      "key": "chaldea",
      "count": "2",
      "instances": [
        "qpn-x-places.x000404",
        "qpn-x-places.x000404"
      ]
    },
    {
      "key": "Larak[1]",
      "count": "1",
      "instances": [
        "qpn-x-places.x000466"
      ]
    },
    {
      "key": "Arrapha[1]",
      "count": "1",
      "instances": [
        "qpn-x-places.x000000"
      ]
    },
    {
      "key": "neobabgu₂du₈a",
      "count": "1",
      "instances": [
        "qpn-x-places.x000436"
      ]
    },
    {
      "key": "lahiri",
      "count": "1",
      "instances": [
        "qpn-x-places.x000452"
      ]
    },
    {
      "key": "lahiru",
      "count": "2",
      "instances": [
        "qpn-x-places.x000452",
        "qpn-x-places.x000452"
      ]
    },
    {
      "key": "meš",
      "count": "4",
      "instances": [
        "qpn-x-places.x000154",
        "qpn-x-places.x000154",
        "qpn-x-places.x000154",
        "qpn-x-places.x000154"
      ]
    },
    {
      "key": "hat",
      "count": "2",
      "instances": [
        "qpn-x-places.x000364",
        "qpn-x-places.x000364"
      ]
    },
    {
      "key": "Bit-Haʾir[1]",
      "count": "1",
      "instances": [
        "qpn-x-places.x000122"
      ]
    },
    {
      "key": "id₂",
      "count": "4",
      "instances": [
        "qpn-x-places.x000062",
        "qpn-x-places.x000062",
        "qpn-x-places.x000680",
        "qpn-x-places.x000680"
      ]
    },
    {
      "key": "haʾiri",
      "count": "1",
      "instances": [
        "qpn-x-places.x000122"
      ]
    },
    {
      "key": "Elamtu[Elam]",
      "count": "1",
      "instances": [
        "qpn-x-places.x000312"
      ]
    },
    {
      "key": "iṣṣur",
      "count": "2",
      "instances": [
        "qpn-x-places.x000656",
        "qpn-x-places.x000656"
      ]
    },
    {
      "key": "Guzummanu[1]",
      "count": "1",
      "instances": [
        "qpn-x-places.x000340"
      ]
    },
    {
      "key": "ʾa",
      "count": "4",
      "instances": [
        "qpn-x-places.x000396",
        "qpn-x-places.x000396",
        "qpn-x-places.x000680",
        "qpn-x-places.x000680"
      ]
    },
    {
      "key": "iṣ",
      "count": "2",
      "instances": [
        "qpn-x-places.x000656",
        "qpn-x-places.x000656"
      ]
    },
    {
      "key": "Paddanu[1]",
      "count": "1",
      "instances": [
        "qpn-x-places.x000570"
      ]
    },
    {
      "key": "neobabenlil₂",
      "count": "1",
      "instances": [
        "qpn-x-places.x000554"
      ]
    },
    {
      "key": "ka₂",
      "count": "6",
      "instances": [
        "qpn-x-places.x000044",
        "qpn-x-places.x000044",
        "qpn-x-places.x000044",
        "qpn-x-places.x000044",
        "qpn-x-places.x000044",
        "qpn-x-places.x000062"
      ]
    },
    {
      "key": "šamaʾ",
      "count": "2",
      "instances": [
        "qpn-x-places.x000154",
        "qpn-x-places.x000154"
      ]
    },
    {
      "key": "šešunug",
      "count": "1",
      "instances": [
        "qpn-x-places.x000696"
      ]
    },
    {
      "key": "Bit-Yakin[1]",
      "count": "1",
      "instances": [
        "qpn-x-places.x000174"
      ]
    },
    {
      "key": "neobabbad₃dingir",
      "count": "1",
      "instances": [
        "qpn-x-places.x000220"
      ]
    },
    {
      "key": "assyria",
      "count": "4",
      "instances": [
        "qpn-x-places.x000020",
        "qpn-x-places.x000020",
        "qpn-x-places.x000514",
        "qpn-x-places.x000514"
      ]
    },
    {
      "key": "lah₃",
      "count": "2",
      "instances": [
        "qpn-x-places.x000412",
        "qpn-x-places.x000412"
      ]
    },
    {
      "key": "Dur-Šarrukku[1]",
      "count": "1",
      "instances": [
        "qpn-x-places.x000278"
      ]
    },
    {
      "key": "reʾi",
      "count": "2",
      "instances": [
        "qpn-x-places.x000146",
        "qpn-x-places.x000146"
      ]
    },
    {
      "key": "aabba",
      "count": "2",
      "instances": [
        "qpn-x-places.x000526",
        "qpn-x-places.x000526"
      ]
    },
    {
      "key": "mazamu",
      "count": "1",
      "instances": [
        "qpn-x-places.x000538"
      ]
    },
    {
      "key": "neobabudud",
      "count": "1",
      "instances": [
        "qpn-x-places.x000466"
      ]
    },
    {
      "key": "hatti",
      "count": "2",
      "instances": [
        "qpn-x-places.x000364",
        "qpn-x-places.x000364"
      ]
    },
    {
      "key": "uri",
      "count": "3",
      "instances": [
        "qpn-x-places.x000502",
        "qpn-x-places.x000502",
        "qpn-x-places.x000696"
      ]
    },
    {
      "key": "maruru",
      "count": "2",
      "instances": [
        "qpn-x-places.x000494",
        "qpn-x-places.x000494"
      ]
    },
    {
      "key": "1",
      "count": "158",
      "instances": [
        "qpn-x-places.x000000",
        "qpn-x-places.x000000",
        "qpn-x-places.x000044",
        "qpn-x-places.x000044",
        "qpn-x-places.x000062",
        "qpn-x-places.x000062",
        "qpn-x-places.x000078",
        "qpn-x-places.x000078",
        "qpn-x-places.x000086",
        "qpn-x-places.x000086",
        "qpn-x-places.x000086",
        "qpn-x-places.x000086",
        "qpn-x-places.x000086",
        "qpn-x-places.x000086",
        "qpn-x-places.x000086",
        "qpn-x-places.x000086",
        "qpn-x-places.x000086",
        "qpn-x-places.x000086",
        "qpn-x-places.x000086",
        "qpn-x-places.x000086",
        "qpn-x-places.x000114",
        "qpn-x-places.x000114",
        "qpn-x-places.x000114",
        "qpn-x-places.x000114",
        "qpn-x-places.x000122",
        "qpn-x-places.x000122",
        "qpn-x-places.x000122",
        "qpn-x-places.x000122",
        "qpn-x-places.x000130",
        "qpn-x-places.x000130",
        "qpn-x-places.x000130",
        "qpn-x-places.x000130",
        "qpn-x-places.x000138",
        "qpn-x-places.x000138",
        "qpn-x-places.x000146",
        "qpn-x-places.x000146",
        "qpn-x-places.x000154",
        "qpn-x-places.x000154",
        "qpn-x-places.x000154",
        "qpn-x-places.x000154",
        "qpn-x-places.x000166",
        "qpn-x-places.x000166",
        "qpn-x-places.x000174",
        "qpn-x-places.x000174",
        "qpn-x-places.x000174",
        "qpn-x-places.x000174",
        "qpn-x-places.x000174",
        "qpn-x-places.x000174",
        "qpn-x-places.x000174",
        "qpn-x-places.x000174",
        "qpn-x-places.x000174",
        "qpn-x-places.x000174",
        "qpn-x-places.x000174",
        "qpn-x-places.x000174",
        "qpn-x-places.x000174",
        "qpn-x-places.x000174",
        "qpn-x-places.x000204",
        "qpn-x-places.x000204",
        "qpn-x-places.x000204",
        "qpn-x-places.x000204",
        "qpn-x-places.x000212",
        "qpn-x-places.x000212",
        "qpn-x-places.x000254",
        "qpn-x-places.x000254",
        "qpn-x-places.x000262",
        "qpn-x-places.x000262",
        "qpn-x-places.x000262",
        "qpn-x-places.x000262",
        "qpn-x-places.x000270",
        "qpn-x-places.x000270",
        "qpn-x-places.x000278",
        "qpn-x-places.x000278",
        "qpn-x-places.x000286",
        "qpn-x-places.x000286",
        "qpn-x-places.x000286",
        "qpn-x-places.x000286",
        "qpn-x-places.x000286",
        "qpn-x-places.x000286",
        "qpn-x-places.x000286",
        "qpn-x-places.x000286",
        "qpn-x-places.x000286",
        "qpn-x-places.x000286",
        "qpn-x-places.x000324",
        "qpn-x-places.x000324",
        "qpn-x-places.x000332",
        "qpn-x-places.x000332",
        "qpn-x-places.x000340",
        "qpn-x-places.x000340",
        "qpn-x-places.x000348",
        "qpn-x-places.x000348",
        "qpn-x-places.x000356",
        "qpn-x-places.x000356",
        "qpn-x-places.x000364",
        "qpn-x-places.x000364",
        "qpn-x-places.x000372",
        "qpn-x-places.x000372",
        "qpn-x-places.x000380",
        "qpn-x-places.x000380",
        "qpn-x-places.x000388",
        "qpn-x-places.x000388",
        "qpn-x-places.x000388",
        "qpn-x-places.x000388",
        "qpn-x-places.x000396",
        "qpn-x-places.x000396",
        "qpn-x-places.x000412",
        "qpn-x-places.x000412",
        "qpn-x-places.x000420",
        "qpn-x-places.x000420",
        "qpn-x-places.x000428",
        "qpn-x-places.x000428",
        "qpn-x-places.x000444",
        "qpn-x-places.x000444",
        "qpn-x-places.x000452",
        "qpn-x-places.x000452",
        "qpn-x-places.x000466",
        "qpn-x-places.x000466",
        "qpn-x-places.x000478",
        "qpn-x-places.x000478",
        "qpn-x-places.x000486",
        "qpn-x-places.x000486",
        "qpn-x-places.x000494",
        "qpn-x-places.x000494",
        "qpn-x-places.x000538",
        "qpn-x-places.x000538",
        "qpn-x-places.x000546",
        "qpn-x-places.x000546",
        "qpn-x-places.x000554",
        "qpn-x-places.x000554",
        "qpn-x-places.x000562",
        "qpn-x-places.x000562",
        "qpn-x-places.x000570",
        "qpn-x-places.x000570",
        "qpn-x-places.x000584",
        "qpn-x-places.x000584",
        "qpn-x-places.x000592",
        "qpn-x-places.x000592",
        "qpn-x-places.x000600",
        "qpn-x-places.x000600",
        "qpn-x-places.x000608",
        "qpn-x-places.x000608",
        "qpn-x-places.x000616",
        "qpn-x-places.x000616",
        "qpn-x-places.x000632",
        "qpn-x-places.x000632",
        "qpn-x-places.x000640",
        "qpn-x-places.x000640",
        "qpn-x-places.x000648",
        "qpn-x-places.x000648",
        "qpn-x-places.x000656",
        "qpn-x-places.x000656",
        "qpn-x-places.x000680",
        "qpn-x-places.x000680",
        "qpn-x-places.x000688",
        "qpn-x-places.x000688",
        "qpn-x-places.x000704",
        "qpn-x-places.x000704",
        "qpn-x-places.x000712",
        "qpn-x-places.x000712"
      ]
    },
    {
      "key": "#",
      "count": "204",
      "instances": [
        "qpn-x-places.x000000",
        "qpn-x-places.x000000",
        "qpn-x-places.x000000",
        "qpn-x-places.x000000",
        "qpn-x-places.x000012",
        "qpn-x-places.x000012",
        "qpn-x-places.x000020",
        "qpn-x-places.x000020",
        "qpn-x-places.x000028",
        "qpn-x-places.x000028",
        "qpn-x-places.x000028",
        "qpn-x-places.x000028",
        "qpn-x-places.x000028",
        "qpn-x-places.x000028",
        "qpn-x-places.x000028",
        "qpn-x-places.x000028",
        "qpn-x-places.x000044",
        "qpn-x-places.x000044",
        "qpn-x-places.x000044",
        "qpn-x-places.x000044",
        "qpn-x-places.x000062",
        "qpn-x-places.x000062",
        "qpn-x-places.x000070",
        "qpn-x-places.x000070",
        "qpn-x-places.x000078",
        "qpn-x-places.x000078",
        "qpn-x-places.x000086",
        "qpn-x-places.x000086",
        "qpn-x-places.x000086",
        "qpn-x-places.x000086",
        "qpn-x-places.x000086",
        "qpn-x-places.x000086",
        "qpn-x-places.x000086",
        "qpn-x-places.x000086",
        "qpn-x-places.x000086",
        "qpn-x-places.x000086",
        "qpn-x-places.x000086",
        "qpn-x-places.x000086",
        "qpn-x-places.x000086",
        "qpn-x-places.x000086",
        "qpn-x-places.x000114",
        "qpn-x-places.x000114",
        "qpn-x-places.x000122",
        "qpn-x-places.x000122",
        "qpn-x-places.x000130",
        "qpn-x-places.x000130",
        "qpn-x-places.x000130",
        "qpn-x-places.x000130",
        "qpn-x-places.x000146",
        "qpn-x-places.x000146",
        "qpn-x-places.x000154",
        "qpn-x-places.x000154",
        "qpn-x-places.x000154",
        "qpn-x-places.x000154",
        "qpn-x-places.x000174",
        "qpn-x-places.x000174",
        "qpn-x-places.x000174",
        "qpn-x-places.x000174",
        "qpn-x-places.x000174",
        "qpn-x-places.x000174",
        "qpn-x-places.x000174",
        "qpn-x-places.x000174",
        "qpn-x-places.x000174",
        "qpn-x-places.x000174",
        "qpn-x-places.x000174",
        "qpn-x-places.x000174",
        "qpn-x-places.x000174",
        "qpn-x-places.x000174",
        "qpn-x-places.x000204",
        "qpn-x-places.x000204",
        "qpn-x-places.x000212",
        "qpn-x-places.x000212",
        "qpn-x-places.x000220",
        "qpn-x-places.x000220",
        "qpn-x-places.x000220",
        "qpn-x-places.x000220",
        "qpn-x-places.x000220",
        "qpn-x-places.x000220",
        "qpn-x-places.x000220",
        "qpn-x-places.x000220",
        "qpn-x-places.x000220",
        "qpn-x-places.x000220",
        "qpn-x-places.x000220",
        "qpn-x-places.x000220",
        "qpn-x-places.x000246",
        "qpn-x-places.x000246",
        "qpn-x-places.x000254",
        "qpn-x-places.x000254",
        "qpn-x-places.x000262",
        "qpn-x-places.x000262",
        "qpn-x-places.x000278",
        "qpn-x-places.x000278",
        "qpn-x-places.x000286",
        "qpn-x-places.x000286",
        "qpn-x-places.x000286",
        "qpn-x-places.x000286",
        "qpn-x-places.x000286",
        "qpn-x-places.x000286",
        "qpn-x-places.x000286",
        "qpn-x-places.x000286",
        "qpn-x-places.x000312",
        "qpn-x-places.x000312",
        "qpn-x-places.x000312",
        "qpn-x-places.x000312",
        "qpn-x-places.x000312",
        "qpn-x-places.x000312",
        "qpn-x-places.x000324",
        "qpn-x-places.x000324",
        "qpn-x-places.x000332",
        "qpn-x-places.x000332",
        "qpn-x-places.x000340",
        "qpn-x-places.x000340",
        "qpn-x-places.x000348",
        "qpn-x-places.x000348",
        "qpn-x-places.x000356",
        "qpn-x-places.x000356",
        "qpn-x-places.x000364",
        "qpn-x-places.x000364",
        "qpn-x-places.x000372",
        "qpn-x-places.x000372",
        "qpn-x-places.x000380",
        "qpn-x-places.x000380",
        "qpn-x-places.x000388",
        "qpn-x-places.x000388",
        "qpn-x-places.x000388",
        "qpn-x-places.x000388",
        "qpn-x-places.x000396",
        "qpn-x-places.x000396",
        "qpn-x-places.x000404",
        "qpn-x-places.x000404",
        "qpn-x-places.x000412",
        "qpn-x-places.x000412",
        "qpn-x-places.x000420",
        "qpn-x-places.x000420",
        "qpn-x-places.x000428",
        "qpn-x-places.x000428",
        "qpn-x-places.x000428",
        "qpn-x-places.x000428",
        "qpn-x-places.x000444",
        "qpn-x-places.x000444",
        "qpn-x-places.x000452",
        "qpn-x-places.x000452",
        "qpn-x-places.x000452",
        "qpn-x-places.x000452",
        "qpn-x-places.x000466",
        "qpn-x-places.x000466",
        "qpn-x-places.x000466",
        "qpn-x-places.x000466",
        "qpn-x-places.x000478",
        "qpn-x-places.x000478",
        "qpn-x-places.x000486",
        "qpn-x-places.x000486",
        "qpn-x-places.x000494",
        "qpn-x-places.x000494",
        "qpn-x-places.x000502",
        "qpn-x-places.x000502",
        "qpn-x-places.x000514",
        "qpn-x-places.x000514",
        "qpn-x-places.x000546",
        "qpn-x-places.x000546",
        "qpn-x-places.x000546",
        "qpn-x-places.x000546",
        "qpn-x-places.x000554",
        "qpn-x-places.x000554",
        "qpn-x-places.x000562",
        "qpn-x-places.x000562",
        "qpn-x-places.x000570",
        "qpn-x-places.x000570",
        "qpn-x-places.x000570",
        "qpn-x-places.x000570",
        "qpn-x-places.x000592",
        "qpn-x-places.x000592",
        "qpn-x-places.x000592",
        "qpn-x-places.x000592",
        "qpn-x-places.x000600",
        "qpn-x-places.x000600",
        "qpn-x-places.x000608",
        "qpn-x-places.x000608",
        "qpn-x-places.x000616",
        "qpn-x-places.x000616",
        "qpn-x-places.x000624",
        "qpn-x-places.x000624",
        "qpn-x-places.x000632",
        "qpn-x-places.x000632",
        "qpn-x-places.x000640",
        "qpn-x-places.x000640",
        "qpn-x-places.x000648",
        "qpn-x-places.x000648",
        "qpn-x-places.x000656",
        "qpn-x-places.x000656",
        "qpn-x-places.x000656",
        "qpn-x-places.x000656",
        "qpn-x-places.x000664",
        "qpn-x-places.x000664",
        "qpn-x-places.x000672",
        "qpn-x-places.x000672",
        "qpn-x-places.x000680",
        "qpn-x-places.x000680",
        "qpn-x-places.x000696",
        "qpn-x-places.x000696",
        "qpn-x-places.x000704",
        "qpn-x-places.x000704",
        "qpn-x-places.x000712",
        "qpn-x-places.x000712"
      ]
    },
    {
      "key": "uru",
      "count": "73",
      "instances": [
        "qpn-x-places.x000000",
        "qpn-x-places.x000000",
        "qpn-x-places.x000000",
        "qpn-x-places.x000000",
        "qpn-x-places.x000012",
        "qpn-x-places.x000012",
        "qpn-x-places.x000028",
        "qpn-x-places.x000028",
        "qpn-x-places.x000044",
        "qpn-x-places.x000044",
        "qpn-x-places.x000044",
        "qpn-x-places.x000044",
        "qpn-x-places.x000078",
        "qpn-x-places.x000078",
        "qpn-x-places.x000086",
        "qpn-x-places.x000086",
        "qpn-x-places.x000086",
        "qpn-x-places.x000086",
        "qpn-x-places.x000130",
        "qpn-x-places.x000130",
        "qpn-x-places.x000154",
        "qpn-x-places.x000154",
        "qpn-x-places.x000220",
        "qpn-x-places.x000220",
        "qpn-x-places.x000220",
        "qpn-x-places.x000220",
        "qpn-x-places.x000220",
        "qpn-x-places.x000220",
        "qpn-x-places.x000220",
        "qpn-x-places.x000220",
        "qpn-x-places.x000246",
        "qpn-x-places.x000246",
        "qpn-x-places.x000254",
        "qpn-x-places.x000254",
        "qpn-x-places.x000278",
        "qpn-x-places.x000278",
        "qpn-x-places.x000332",
        "qpn-x-places.x000332",
        "qpn-x-places.x000348",
        "qpn-x-places.x000348",
        "qpn-x-places.x000380",
        "qpn-x-places.x000380",
        "qpn-x-places.x000412",
        "qpn-x-places.x000412",
        "qpn-x-places.x000420",
        "qpn-x-places.x000420",
        "qpn-x-places.x000428",
        "qpn-x-places.x000428",
        "qpn-x-places.x000444",
        "qpn-x-places.x000444",
        "qpn-x-places.x000452",
        "qpn-x-places.x000452",
        "qpn-x-places.x000452",
        "qpn-x-places.x000452",
        "qpn-x-places.x000494",
        "qpn-x-places.x000494",
        "qpn-x-places.x000562",
        "qpn-x-places.x000562",
        "qpn-x-places.x000570",
        "qpn-x-places.x000570",
        "qpn-x-places.x000570",
        "qpn-x-places.x000570",
        "qpn-x-places.x000592",
        "qpn-x-places.x000592",
        "qpn-x-places.x000632",
        "qpn-x-places.x000632",
        "qpn-x-places.x000640",
        "qpn-x-places.x000640",
        "qpn-x-places.x000656",
        "qpn-x-places.x000656",
        "qpn-x-places.x000696",
        "qpn-x-places.x000712",
        "qpn-x-places.x000712"
      ]
    },
    {
      "key": "akk",
      "count": "102",
      "instances": [
        "qpn-x-places.x000000",
        "qpn-x-places.x000000",
        "qpn-x-places.x000012",
        "qpn-x-places.x000020",
        "qpn-x-places.x000028",
        "qpn-x-places.x000028",
        "qpn-x-places.x000028",
        "qpn-x-places.x000044",
        "qpn-x-places.x000044",
        "qpn-x-places.x000044",
        "qpn-x-places.x000062",
        "qpn-x-places.x000070",
        "qpn-x-places.x000078",
        "qpn-x-places.x000086",
        "qpn-x-places.x000086",
        "qpn-x-places.x000086",
        "qpn-x-places.x000086",
        "qpn-x-places.x000086",
        "qpn-x-places.x000114",
        "qpn-x-places.x000122",
        "qpn-x-places.x000130",
        "qpn-x-places.x000138",
        "qpn-x-places.x000146",
        "qpn-x-places.x000154",
        "qpn-x-places.x000154",
        "qpn-x-places.x000166",
        "qpn-x-places.x000174",
        "qpn-x-places.x000174",
        "qpn-x-places.x000174",
        "qpn-x-places.x000174",
        "qpn-x-places.x000174",
        "qpn-x-places.x000174",
        "qpn-x-places.x000204",
        "qpn-x-places.x000212",
        "qpn-x-places.x000220",
        "qpn-x-places.x000220",
        "qpn-x-places.x000220",
        "qpn-x-places.x000220",
        "qpn-x-places.x000220",
        "qpn-x-places.x000246",
        "qpn-x-places.x000254",
        "qpn-x-places.x000262",
        "qpn-x-places.x000270",
        "qpn-x-places.x000278",
        "qpn-x-places.x000286",
        "qpn-x-places.x000286",
        "qpn-x-places.x000286",
        "qpn-x-places.x000286",
        "qpn-x-places.x000312",
        "qpn-x-places.x000312",
        "qpn-x-places.x000324",
        "qpn-x-places.x000332",
        "qpn-x-places.x000340",
        "qpn-x-places.x000348",
        "qpn-x-places.x000356",
        "qpn-x-places.x000364",
        "qpn-x-places.x000372",
        "qpn-x-places.x000380",
        "qpn-x-places.x000388",
        "qpn-x-places.x000396",
        "qpn-x-places.x000404",
        "qpn-x-places.x000412",
        "qpn-x-places.x000420",
        "qpn-x-places.x000428",
        "qpn-x-places.x000436",
        "qpn-x-places.x000444",
        "qpn-x-places.x000452",
        "qpn-x-places.x000452",
        "qpn-x-places.x000466",
        "qpn-x-places.x000466",
        "qpn-x-places.x000478",
        "qpn-x-places.x000486",
        "qpn-x-places.x000494",
        "qpn-x-places.x000502",
        "qpn-x-places.x000502",
        "qpn-x-places.x000514",
        "qpn-x-places.x000514",
        "qpn-x-places.x000526",
        "qpn-x-places.x000526",
        "qpn-x-places.x000538",
        "qpn-x-places.x000546",
        "qpn-x-places.x000554",
        "qpn-x-places.x000562",
        "qpn-x-places.x000570",
        "qpn-x-places.x000570",
        "qpn-x-places.x000584",
        "qpn-x-places.x000592",
        "qpn-x-places.x000600",
        "qpn-x-places.x000608",
        "qpn-x-places.x000616",
        "qpn-x-places.x000624",
        "qpn-x-places.x000632",
        "qpn-x-places.x000640",
        "qpn-x-places.x000648",
        "qpn-x-places.x000656",
        "qpn-x-places.x000664",
        "qpn-x-places.x000672",
        "qpn-x-places.x000680",
        "qpn-x-places.x000688",
        "qpn-x-places.x000696",
        "qpn-x-places.x000704",
        "qpn-x-places.x000712"
      ]
    },
    {
      "key": "x",
      "count": "102",
      "instances": [
        "qpn-x-places.x000000",
        "qpn-x-places.x000000",
        "qpn-x-places.x000012",
        "qpn-x-places.x000020",
        "qpn-x-places.x000028",
        "qpn-x-places.x000028",
        "qpn-x-places.x000028",
        "qpn-x-places.x000044",
        "qpn-x-places.x000044",
        "qpn-x-places.x000044",
        "qpn-x-places.x000062",
        "qpn-x-places.x000070",
        "qpn-x-places.x000078",
        "qpn-x-places.x000086",
        "qpn-x-places.x000086",
        "qpn-x-places.x000086",
        "qpn-x-places.x000086",
        "qpn-x-places.x000086",
        "qpn-x-places.x000114",
        "qpn-x-places.x000122",
        "qpn-x-places.x000130",
        "qpn-x-places.x000138",
        "qpn-x-places.x000146",
        "qpn-x-places.x000154",
        "qpn-x-places.x000154",
        "qpn-x-places.x000166",
        "qpn-x-places.x000174",
        "qpn-x-places.x000174",
        "qpn-x-places.x000174",
        "qpn-x-places.x000174",
        "qpn-x-places.x000174",
        "qpn-x-places.x000174",
        "qpn-x-places.x000204",
        "qpn-x-places.x000212",
        "qpn-x-places.x000220",
        "qpn-x-places.x000220",
        "qpn-x-places.x000220",
        "qpn-x-places.x000220",
        "qpn-x-places.x000220",
        "qpn-x-places.x000246",
        "qpn-x-places.x000254",
        "qpn-x-places.x000262",
        "qpn-x-places.x000270",
        "qpn-x-places.x000278",
        "qpn-x-places.x000286",
        "qpn-x-places.x000286",
        "qpn-x-places.x000286",
        "qpn-x-places.x000286",
        "qpn-x-places.x000312",
        "qpn-x-places.x000312",
        "qpn-x-places.x000324",
        "qpn-x-places.x000332",
        "qpn-x-places.x000340",
        "qpn-x-places.x000348",
        "qpn-x-places.x000356",
        "qpn-x-places.x000364",
        "qpn-x-places.x000372",
        "qpn-x-places.x000380",
        "qpn-x-places.x000388",
        "qpn-x-places.x000396",
        "qpn-x-places.x000404",
        "qpn-x-places.x000412",
        "qpn-x-places.x000420",
        "qpn-x-places.x000428",
        "qpn-x-places.x000436",
        "qpn-x-places.x000444",
        "qpn-x-places.x000452",
        "qpn-x-places.x000452",
        "qpn-x-places.x000466",
        "qpn-x-places.x000466",
        "qpn-x-places.x000478",
        "qpn-x-places.x000486",
        "qpn-x-places.x000494",
        "qpn-x-places.x000502",
        "qpn-x-places.x000502",
        "qpn-x-places.x000514",
        "qpn-x-places.x000514",
        "qpn-x-places.x000526",
        "qpn-x-places.x000526",
        "qpn-x-places.x000538",
        "qpn-x-places.x000546",
        "qpn-x-places.x000554",
        "qpn-x-places.x000562",
        "qpn-x-places.x000570",
        "qpn-x-places.x000570",
        "qpn-x-places.x000584",
        "qpn-x-places.x000592",
        "qpn-x-places.x000600",
        "qpn-x-places.x000608",
        "qpn-x-places.x000616",
        "qpn-x-places.x000624",
        "qpn-x-places.x000632",
        "qpn-x-places.x000640",
        "qpn-x-places.x000648",
        "qpn-x-places.x000656",
        "qpn-x-places.x000664",
        "qpn-x-places.x000672",
        "qpn-x-places.x000680",
        "qpn-x-places.x000688",
        "qpn-x-places.x000696",
        "qpn-x-places.x000704",
        "qpn-x-places.x000712"
      ]
    },
    {
      "key": "neobab",
      "count": "53",
      "instances": [
        "qpn-x-places.x000000",
        "qpn-x-places.x000000",
        "qpn-x-places.x000012",
        "qpn-x-places.x000028",
        "qpn-x-places.x000044",
        "qpn-x-places.x000044",
        "qpn-x-places.x000078",
        "qpn-x-places.x000086",
        "qpn-x-places.x000086",
        "qpn-x-places.x000130",
        "qpn-x-places.x000154",
        "qpn-x-places.x000174",
        "qpn-x-places.x000212",
        "qpn-x-places.x000220",
        "qpn-x-places.x000220",
        "qpn-x-places.x000220",
        "qpn-x-places.x000220",
        "qpn-x-places.x000246",
        "qpn-x-places.x000254",
        "qpn-x-places.x000278",
        "qpn-x-places.x000312",
        "qpn-x-places.x000324",
        "qpn-x-places.x000332",
        "qpn-x-places.x000340",
        "qpn-x-places.x000348",
        "qpn-x-places.x000356",
        "qpn-x-places.x000364",
        "qpn-x-places.x000372",
        "qpn-x-places.x000380",
        "qpn-x-places.x000388",
        "qpn-x-places.x000396",
        "qpn-x-places.x000404",
        "qpn-x-places.x000412",
        "qpn-x-places.x000420",
        "qpn-x-places.x000428",
        "qpn-x-places.x000444",
        "qpn-x-places.x000452",
        "qpn-x-places.x000452",
        "qpn-x-places.x000478",
        "qpn-x-places.x000494",
        "qpn-x-places.x000562",
        "qpn-x-places.x000570",
        "qpn-x-places.x000570",
        "qpn-x-places.x000592",
        "qpn-x-places.x000600",
        "qpn-x-places.x000608",
        "qpn-x-places.x000624",
        "qpn-x-places.x000632",
        "qpn-x-places.x000640",
        "qpn-x-places.x000656",
        "qpn-x-places.x000664",
        "qpn-x-places.x000680",
        "qpn-x-places.x000712"
      ]
    },
    {
      "key": "ki",
      "count": "62",
      "instances": [
        "qpn-x-places.x000020",
        "qpn-x-places.x000020",
        "qpn-x-places.x000028",
        "qpn-x-places.x000028",
        "qpn-x-places.x000028",
        "qpn-x-places.x000028",
        "qpn-x-places.x000028",
        "qpn-x-places.x000028",
        "qpn-x-places.x000070",
        "qpn-x-places.x000070",
        "qpn-x-places.x000174",
        "qpn-x-places.x000174",
        "qpn-x-places.x000174",
        "qpn-x-places.x000174",
        "qpn-x-places.x000174",
        "qpn-x-places.x000174",
        "qpn-x-places.x000220",
        "qpn-x-places.x000220",
        "qpn-x-places.x000220",
        "qpn-x-places.x000220",
        "qpn-x-places.x000278",
        "qpn-x-places.x000278",
        "qpn-x-places.x000286",
        "qpn-x-places.x000286",
        "qpn-x-places.x000286",
        "qpn-x-places.x000286",
        "qpn-x-places.x000286",
        "qpn-x-places.x000286",
        "qpn-x-places.x000286",
        "qpn-x-places.x000286",
        "qpn-x-places.x000312",
        "qpn-x-places.x000312",
        "qpn-x-places.x000312",
        "qpn-x-places.x000312",
        "qpn-x-places.x000428",
        "qpn-x-places.x000428",
        "qpn-x-places.x000428",
        "qpn-x-places.x000428",
        "qpn-x-places.x000466",
        "qpn-x-places.x000466",
        "qpn-x-places.x000466",
        "qpn-x-places.x000466",
        "qpn-x-places.x000486",
        "qpn-x-places.x000486",
        "qpn-x-places.x000502",
        "qpn-x-places.x000502",
        "qpn-x-places.x000514",
        "qpn-x-places.x000514",
        "qpn-x-places.x000546",
        "qpn-x-places.x000546",
        "qpn-x-places.x000554",
        "qpn-x-places.x000554",
        "qpn-x-places.x000616",
        "qpn-x-places.x000616",
        "qpn-x-places.x000648",
        "qpn-x-places.x000648",
        "qpn-x-places.x000672",
        "qpn-x-places.x000672",
        "qpn-x-places.x000696",
        "qpn-x-places.x000696",
        "qpn-x-places.x000704",
        "qpn-x-places.x000704"
      ]
    },
    {
      "key": "bit",
      "count": "32",
      "instances": [
        "qpn-x-places.x000044",
        "qpn-x-places.x000044",
        "qpn-x-places.x000044",
        "qpn-x-places.x000044",
        "qpn-x-places.x000044",
        "qpn-x-places.x000044",
        "qpn-x-places.x000078",
        "qpn-x-places.x000078",
        "qpn-x-places.x000086",
        "qpn-x-places.x000086",
        "qpn-x-places.x000086",
        "qpn-x-places.x000086",
        "qpn-x-places.x000114",
        "qpn-x-places.x000114",
        "qpn-x-places.x000122",
        "qpn-x-places.x000122",
        "qpn-x-places.x000130",
        "qpn-x-places.x000130",
        "qpn-x-places.x000138",
        "qpn-x-places.x000138",
        "qpn-x-places.x000146",
        "qpn-x-places.x000146",
        "qpn-x-places.x000154",
        "qpn-x-places.x000154",
        "qpn-x-places.x000166",
        "qpn-x-places.x000166",
        "qpn-x-places.x000174",
        "qpn-x-places.x000174",
        "qpn-x-places.x000174",
        "qpn-x-places.x000204",
        "qpn-x-places.x000204",
        "qpn-x-places.x000286"
      ]
    },
    {
      "key": "e₂",
      "count": "29",
      "instances": [
        "qpn-x-places.x000078",
        "qpn-x-places.x000078",
        "qpn-x-places.x000086",
        "qpn-x-places.x000086",
        "qpn-x-places.x000086",
        "qpn-x-places.x000086",
        "qpn-x-places.x000086",
        "qpn-x-places.x000086",
        "qpn-x-places.x000086",
        "qpn-x-places.x000114",
        "qpn-x-places.x000122",
        "qpn-x-places.x000130",
        "qpn-x-places.x000130",
        "qpn-x-places.x000138",
        "qpn-x-places.x000146",
        "qpn-x-places.x000154",
        "qpn-x-places.x000154",
        "qpn-x-places.x000154",
        "qpn-x-places.x000166",
        "qpn-x-places.x000174",
        "qpn-x-places.x000174",
        "qpn-x-places.x000174",
        "qpn-x-places.x000174",
        "qpn-x-places.x000174",
        "qpn-x-places.x000174",
        "qpn-x-places.x000174",
        "qpn-x-places.x000204",
        "qpn-x-places.x000286",
        "qpn-x-places.x000286"
      ]
    },
    {
      "key": "da",
      "count": "16",
      "instances": [
        "qpn-x-places.x000086",
        "qpn-x-places.x000086",
        "qpn-x-places.x000086",
        "qpn-x-places.x000086",
        "qpn-x-places.x000086",
        "qpn-x-places.x000086",
        "qpn-x-places.x000086",
        "qpn-x-places.x000086",
        "qpn-x-places.x000086",
        "qpn-x-places.x000086",
        "qpn-x-places.x000212",
        "qpn-x-places.x000212",
        "qpn-x-places.x000570",
        "qpn-x-places.x000570",
        "qpn-x-places.x000570",
        "qpn-x-places.x000570"
      ]
    },
    {
      "key": "ri",
      "count": "16",
      "instances": [
        "qpn-x-places.x000086",
        "qpn-x-places.x000086",
        "qpn-x-places.x000086",
        "qpn-x-places.x000086",
        "qpn-x-places.x000122",
        "qpn-x-places.x000122",
        "qpn-x-places.x000220",
        "qpn-x-places.x000220",
        "qpn-x-places.x000220",
        "qpn-x-places.x000220",
        "qpn-x-places.x000220",
        "qpn-x-places.x000220",
        "qpn-x-places.x000396",
        "qpn-x-places.x000396",
        "qpn-x-places.x000452",
        "qpn-x-places.x000452"
      ]
    },
    {
      "key": "kur",
      "count": "27",
      "instances": [
        "qpn-x-places.x000086",
        "qpn-x-places.x000086",
        "qpn-x-places.x000086",
        "qpn-x-places.x000086",
        "qpn-x-places.x000312",
        "qpn-x-places.x000312",
        "qpn-x-places.x000340",
        "qpn-x-places.x000340",
        "qpn-x-places.x000364",
        "qpn-x-places.x000364",
        "qpn-x-places.x000396",
        "qpn-x-places.x000396",
        "qpn-x-places.x000404",
        "qpn-x-places.x000404",
        "qpn-x-places.x000502",
        "qpn-x-places.x000502",
        "qpn-x-places.x000514",
        "qpn-x-places.x000514",
        "qpn-x-places.x000526",
        "qpn-x-places.x000526",
        "qpn-x-places.x000538",
        "qpn-x-places.x000608",
        "qpn-x-places.x000608",
        "qpn-x-places.x000624",
        "qpn-x-places.x000624",
        "qpn-x-places.x000664",
        "qpn-x-places.x000664"
      ]
    },
    {
      "key": "ia",
      "count": "22",
      "instances": [
        "qpn-x-places.x000130",
        "qpn-x-places.x000130",
        "qpn-x-places.x000174",
        "qpn-x-places.x000174",
        "qpn-x-places.x000174",
        "qpn-x-places.x000174",
        "qpn-x-places.x000174",
        "qpn-x-places.x000174",
        "qpn-x-places.x000174",
        "qpn-x-places.x000174",
        "qpn-x-places.x000174",
        "qpn-x-places.x000174",
        "qpn-x-places.x000174",
        "qpn-x-places.x000174",
        "qpn-x-places.x000286",
        "qpn-x-places.x000286",
        "qpn-x-places.x000286",
        "qpn-x-places.x000286",
        "qpn-x-places.x000286",
        "qpn-x-places.x000286",
        "qpn-x-places.x000286",
        "qpn-x-places.x000286"
      ]
    },
    {
      "key": "lu₂",
      "count": "16",
      "instances": [
        "qpn-x-places.x000146",
        "qpn-x-places.x000146",
        "qpn-x-places.x000174",
        "qpn-x-places.x000174",
        "qpn-x-places.x000212",
        "qpn-x-places.x000212",
        "qpn-x-places.x000324",
        "qpn-x-places.x000324",
        "qpn-x-places.x000356",
        "qpn-x-places.x000356",
        "qpn-x-places.x000372",
        "qpn-x-places.x000372",
        "qpn-x-places.x000478",
        "qpn-x-places.x000478",
        "qpn-x-places.x000600",
        "qpn-x-places.x000600"
      ]
    },
    {
      "key": "ni",
      "count": "16",
      "instances": [
        "qpn-x-places.x000174",
        "qpn-x-places.x000174",
        "qpn-x-places.x000174",
        "qpn-x-places.x000174",
        "qpn-x-places.x000174",
        "qpn-x-places.x000174",
        "qpn-x-places.x000286",
        "qpn-x-places.x000286",
        "qpn-x-places.x000286",
        "qpn-x-places.x000286",
        "qpn-x-places.x000340",
        "qpn-x-places.x000340",
        "qpn-x-places.x000570",
        "qpn-x-places.x000570",
        "qpn-x-places.x000632",
        "qpn-x-places.x000632"
      ]
    }
  ],
  "map": {
    "a.a": "aa",
    "A.AB.BA": "aabba",
    "Adad": "adad",
    "Akkadi": "akkadi",
    "%akk": "akk",
    "Arrapha": "arrapha",
    "Arraphi": "arraphi",
    "Asdudu": "asdudu",
    "Ašdudu": "ašdudu",
    "Ashdod": "ashdod",
    "Aššur": "aššur",
    "Assyria": "assyria",
    "Bab": "bab",
    "Babili": "babili",
    "Babylon": "babylon",
    "Babylonia": "babylonia",
    "BAD₃": "bad₃",
    "BAD₃.DINGIR": "bad₃dingir",
    "Bahrain": "bahrain",
    "BAR₂.SIPA": "bar₂sipa",
    "Barsip": "barsip",
    "Bel": "bel",
    "Bit": "bit",
    "Borsippa": "borsippa",
    "Bunakki": "bunakki",
    "Bunakku": "bunakku",
    "Chaldea": "chaldea",
    "Cutha": "cutha",
    "Dakkur": "dakkur",
    "Dakkuri": "dakkuri",
    "Dakkuru": "dakkuru",
    "Damascus": "damascus",
    "Deraya": "deraya",
    "Der": "der",
    "Deri": "deri",
    "Deru": "deru",
    "Dimašqa": "dimašqa",
    "DINGIR": "dingir",
    "Dummašaqqa": "dummašaqqa",
    "Dummuqu": "dummuqu",
    "Dur": "dur",
    "Duri": "duri",
    "Duru": "duru",
    "E₂": "e₂",
    "Elam": "elam",
    "Elamti": "elamti",
    "Elamtu": "elamtu",
    "EN": "en",
    "EN.LIL₂": "enlil₂",
    "Gambulu": "gambulu",
    "Ganata": "ganata",
    "GI.NA": "gina",
    "GIN": "gin",
    "GU₂.DU₈.A": "gu₂du₈a",
    "Guzummani": "guzummani",
    "Guzummanu": "guzummanu",
    "Haʾir": "haʾir",
    "Haʾiri": "haʾiri",
    "Hamu": "hamu",
    "Hamuru": "hamuru",
    "Hatti": "hatti",
    "Hindar": "hindar",
    "Hindaru": "hindaru",
    "ID₂": "id₂",
    "Imba": "imba",
    "Imbiya": "imbiya",
    "IM": "im",
    "Ina": "ina",
    "Irreʾa": "irreʾa",
    "KA₂.DINGIR.RA": "ka₂dingirra",
    "KA₂": "ka₂",
    "Kalah": "kalah",
    "Kaldu": "kaldu",
    "Kalhu": "kalhu",
    "Kapar": "kapar",
    "KI": "ki",
    "Kissik": "kissik",
    "KUR": "kur",
    "Kute": "kute",
    "Labbanat": "labbanat",
    "Ladinni": "ladinni",
    "Ladinnu": "ladinnu",
    "Laguda": "laguda",
    "Lagudu": "lagudu",
    "Lahiri": "lahiri",
    "Lahiru": "lahiru",
    "Larak": "larak",
    "Litamu": "litamu",
    "LUGAL": "lugal",
    "LU₂": "lu₂",
    "Marad": "marad",
    "MAR₂.DA": "mar₂da",
    "Marrat": "marrat",
    "Maruru": "maruru",
    "Mat": "mat",
    "Mazamua": "mazamua",
    "Mazamu": "mazamu",
    "Nemed": "nemed",
    "neobab:aš": "neobabaš",
    "neobab:BAD₃.DINGIR": "neobabbad₃dingir",
    "neobab:BAD₃": "neobabbad₃",
    "neobab:BAR₂.SIPA": "neobabbar₂sipa",
    "neobab:E₂": "neobabe₂",
    "neobab:EN.LIL₂": "neobabenlil₂",
    "neobab:GU₂.DU₈.A": "neobabgu₂du₈a",
    "neobab:KA₂.DINGIR.RA": "neobabka₂dingirra",
    "neobab:KA₂": "neobabka₂",
    "neobab:KUR": "neobabkur",
    "neobab:MAR₂.DA": "neobabmar₂da",
    "neobab:": "neobab",
    "neobab:NIM.MA": "neobabnimma",
    "neobab:NI.TUK": "neobabnituk",
    "neobab:qa": "neobabqa",
    "neobab:ša": "neobabša",
    "neobab:ŠEŠ.UNUG": "neobabšešunug",
    "neobab:sip": "neobabsip",
    "neobab:TIN.TIR": "neobabtintir",
    "neobab:tuk": "neobabtuk",
    "neobab:UD.UD.AG": "neobabududag",
    "neobab:UD.UD": "neobabudud",
    "neobab:UNUG": "neobabunug",
    "neobab:UŠ": "neobabuš",
    "NIM.MA": "nimma",
    "Nippur": "nippur",
    "NI.TUK": "nituk",
    "Nunak": "nunak",
    "Padani": "padani",
    "Padanu": "padanu",
    "Paddanu": "paddanu",
    "Parasi": "parasi",
    "Qatannu": "qatannu",
    "Qibi": "qibi",
    "Rasitu": "rasitu",
    "Rašu": "rašu",
    "Šabhani": "šabhani",
    "Šabhanu": "šabhanu",
    "Šamaʾunu": "šamaʾunu",
    "Šarruken": "šarruken",
    "Šarrukki": "šarrukki",
    "Šarrukku": "šarrukku",
    "Ša": "ša",
    "Šasanaku": "šasanaku",
    "Sealand": "sealand",
    "ŠEŠ.UNUG": "šešunug",
    "SIPA": "sipa",
    "Sippar": "sippar",
    "Ṣurra": "ṣurra",
    "Ṣurru": "ṣurru",
    "Tabali": "tabali",
    "Tabal": "tabal",
    "Tabalu": "tabalu",
    "Tammeš": "tammeš",
    "Tilmun": "tilmun",
    "TIN.TIR": "tintir",
    "Tubliaš": "tubliaš",
    "Tubuliʾaš": "tubuliʾaš",
    "Tukriš": "tukriš",
    "Tyre": "tyre",
    "UD.UD.AG": "ududag",
    "UD.UD": "udud",
    "UNUG": "unug",
    "Uqata": "uqata",
    "Uri": "uri",
    "URI": "uri",
    "Uruk": "uruk",
    "Ur": "ur",
    "Uru": "uru",
    "URU": "uru",
    "UŠ": "uš",
    "Yakina": "yakina",
    "Yakini": "yakini",
    "Yakinu": "yakinu",
    "Yakin": "yakin",
    "Zabban": "zabban",
    "Zabidi": "zabidi",
    "Zanban": "zanban"
  }
}
