{
  "type": "index",
  "project": "cams/selbi",
  "source": "http://oracc.org/cams/selbi",
  "license": "This data is released under the CC0 license",
  "license-url": "https://creativecommons.org/publicdomain/zero/1.0/",
  "more-info": "http://oracc.org/doc/opendata/",
  "UTC-timestamp": "2017-06-09T23:24:02",
  "name": "cbd/qpn",
  "keys": [
    {
      "key": "a",
      "count": "8",
      "instances": [
        "qpn.x000036",
        "qpn.x000036",
        "qpn.x000104",
        "qpn.x000104",
        "qpn.x000168",
        "qpn.x000168",
        "qpn.x000168",
        "qpn.x000168"
      ]
    },
    {
      "key": "e",
      "count": "3",
      "instances": [
        "qpn.x000048",
        "qpn.x000048",
        "qpn.x000072"
      ]
    },
    {
      "key": "f",
      "count": "2",
      "instances": [
        "qpn.x000264",
        "qpn.x000264"
      ]
    },
    {
      "key": "i",
      "count": "2",
      "instances": [
        "qpn.x000016",
        "qpn.x000016"
      ]
    },
    {
      "key": "stdbabka₂he₂engal₂la",
      "count": "1",
      "instances": [
        "qpn.x000144"
      ]
    },
    {
      "key": "Uruk[1]",
      "count": "1",
      "instances": [
        "qpn.x000272"
      ]
    },
    {
      "key": "e₂zida",
      "count": "1",
      "instances": [
        "qpn.x000120"
      ]
    },
    {
      "key": "nabu",
      "count": "2",
      "instances": [
        "qpn.x000188",
        "qpn.x000188"
      ]
    },
    {
      "key": "stdbabka₂gal",
      "count": "1",
      "instances": [
        "qpn.x000136"
      ]
    },
    {
      "key": "60",
      "count": "12",
      "instances": [
        "qpn.x000036",
        "qpn.x000036",
        "qpn.x000048",
        "qpn.x000048",
        "qpn.x000056",
        "qpn.x000056",
        "qpn.x000064",
        "qpn.x000064",
        "qpn.x000088",
        "qpn.x000088",
        "qpn.x000220",
        "qpn.x000220"
      ]
    },
    {
      "key": "stdbabsi",
      "count": "1",
      "instances": [
        "qpn.x000248"
      ]
    },
    {
      "key": "kur",
      "count": "2",
      "instances": [
        "qpn.x000128",
        "qpn.x000128"
      ]
    },
    {
      "key": "oannes",
      "count": "2",
      "instances": [
        "qpn.x000220",
        "qpn.x000220"
      ]
    },
    {
      "key": "borsippa",
      "count": "2",
      "instances": [
        "qpn.x000080",
        "qpn.x000080"
      ]
    },
    {
      "key": "uballiṭ",
      "count": "2",
      "instances": [
        "qpn.x000064",
        "qpn.x000064"
      ]
    },
    {
      "key": "stdbaban",
      "count": "1",
      "instances": [
        "qpn.x000028"
      ]
    },
    {
      "key": "ahʾutu",
      "count": "2",
      "instances": [
        "qpn.x000008",
        "qpn.x000008"
      ]
    },
    {
      "key": "Stratonike[1]",
      "count": "1",
      "instances": [
        "qpn.x000264"
      ]
    },
    {
      "key": "an",
      "count": "5",
      "instances": [
        "qpn.x000016",
        "qpn.x000016",
        "qpn.x000016",
        "qpn.x000016",
        "qpn.x000028"
      ]
    },
    {
      "key": "ak",
      "count": "2",
      "instances": [
        "qpn.x000168",
        "qpn.x000168"
      ]
    },
    {
      "key": "at",
      "count": "2",
      "instances": [
        "qpn.x000128",
        "qpn.x000128"
      ]
    },
    {
      "key": "as",
      "count": "2",
      "instances": [
        "qpn.x000264",
        "qpn.x000264"
      ]
    },
    {
      "key": "ar",
      "count": "4",
      "instances": [
        "qpn.x000196",
        "qpn.x000196",
        "qpn.x000264",
        "qpn.x000264"
      ]
    },
    {
      "key": "du",
      "count": "2",
      "instances": [
        "qpn.x000168",
        "qpn.x000168"
      ]
    },
    {
      "key": "ep",
      "count": "2",
      "instances": [
        "qpn.x000160",
        "qpn.x000160"
      ]
    },
    {
      "key": "iqbi",
      "count": "2",
      "instances": [
        "qpn.x000048",
        "qpn.x000048"
      ]
    },
    {
      "key": "bara₂",
      "count": "2",
      "instances": [
        "qpn.x000204",
        "qpn.x000204"
      ]
    },
    {
      "key": "esaggil",
      "count": "2",
      "instances": [
        "qpn.x000112",
        "qpn.x000112"
      ]
    },
    {
      "key": "ha",
      "count": "2",
      "instances": [
        "qpn.x000128",
        "qpn.x000128"
      ]
    },
    {
      "key": "Addaru[1]",
      "count": "1",
      "instances": [
        "qpn.x000000"
      ]
    },
    {
      "key": "ka₂mah",
      "count": "1",
      "instances": [
        "qpn.x000152"
      ]
    },
    {
      "key": "ku",
      "count": "12",
      "instances": [
        "qpn.x000016",
        "qpn.x000016",
        "qpn.x000016",
        "qpn.x000016",
        "qpn.x000248",
        "qpn.x000248",
        "qpn.x000248",
        "qpn.x000248",
        "qpn.x000248",
        "qpn.x000248",
        "qpn.x000264",
        "qpn.x000264"
      ]
    },
    {
      "key": "stdbabka₂mah",
      "count": "1",
      "instances": [
        "qpn.x000152"
      ]
    },
    {
      "key": "ke",
      "count": "2",
      "instances": [
        "qpn.x000160",
        "qpn.x000160"
      ]
    },
    {
      "key": "ka",
      "count": "2",
      "instances": [
        "qpn.x000168",
        "qpn.x000168"
      ]
    },
    {
      "key": "ki",
      "count": "8",
      "instances": [
        "qpn.x000072",
        "qpn.x000072",
        "qpn.x000080",
        "qpn.x000080",
        "qpn.x000196",
        "qpn.x000196",
        "qpn.x000272",
        "qpn.x000272"
      ]
    },
    {
      "key": "lu",
      "count": "8",
      "instances": [
        "qpn.x000160",
        "qpn.x000160",
        "qpn.x000248",
        "qpn.x000248",
        "qpn.x000248",
        "qpn.x000248",
        "qpn.x000248",
        "qpn.x000248"
      ]
    },
    {
      "key": "tu₄",
      "count": "2",
      "instances": [
        "qpn.x000028",
        "qpn.x000028"
      ]
    },
    {
      "key": "ik",
      "count": "4",
      "instances": [
        "qpn.x000056",
        "qpn.x000056",
        "qpn.x000264",
        "qpn.x000264"
      ]
    },
    {
      "key": "tu₂",
      "count": "2",
      "instances": [
        "qpn.x000008",
        "qpn.x000008"
      ]
    },
    {
      "key": "na",
      "count": "2",
      "instances": [
        "qpn.x000168",
        "qpn.x000168"
      ]
    },
    {
      "key": "ni",
      "count": "4",
      "instances": [
        "qpn.x000196",
        "qpn.x000196",
        "qpn.x000264",
        "qpn.x000264"
      ]
    },
    {
      "key": "nu",
      "count": "2",
      "instances": [
        "qpn.x000160",
        "qpn.x000160"
      ]
    },
    {
      "key": "Erua[1]",
      "count": "1",
      "instances": [
        "qpn.x000104"
      ]
    },
    {
      "key": "marduk",
      "count": "2",
      "instances": [
        "qpn.x000176",
        "qpn.x000176"
      ]
    },
    {
      "key": "ma",
      "count": "2",
      "instances": [
        "qpn.x000168",
        "qpn.x000168"
      ]
    },
    {
      "key": "re",
      "count": "2",
      "instances": [
        "qpn.x000236",
        "qpn.x000236"
      ]
    },
    {
      "key": "su",
      "count": "6",
      "instances": [
        "qpn.x000016",
        "qpn.x000016",
        "qpn.x000048",
        "qpn.x000048",
        "qpn.x000196",
        "qpn.x000196"
      ]
    },
    {
      "key": "si",
      "count": "5",
      "instances": [
        "qpn.x000248",
        "qpn.x000248",
        "qpn.x000248",
        "qpn.x000248",
        "qpn.x000248"
      ]
    },
    {
      "key": "Anu-uballiṭ[1]",
      "count": "1",
      "instances": [
        "qpn.x000064"
      ]
    },
    {
      "key": "qu",
      "count": "2",
      "instances": [
        "qpn.x000196",
        "qpn.x000196"
      ]
    },
    {
      "key": "qa",
      "count": "2",
      "instances": [
        "qpn.x000196",
        "qpn.x000196"
      ]
    },
    {
      "key": "uk",
      "count": "4",
      "instances": [
        "qpn.x000248",
        "qpn.x000248",
        "qpn.x000248",
        "qpn.x000248"
      ]
    },
    {
      "key": "un",
      "count": "2",
      "instances": [
        "qpn.x000160",
        "qpn.x000160"
      ]
    },
    {
      "key": "us",
      "count": "2",
      "instances": [
        "qpn.x000016",
        "qpn.x000016"
      ]
    },
    {
      "key": "ta",
      "count": "4",
      "instances": [
        "qpn.x000264",
        "qpn.x000264",
        "qpn.x000264",
        "qpn.x000264"
      ]
    },
    {
      "key": "ti",
      "count": "4",
      "instances": [
        "qpn.x000016",
        "qpn.x000016",
        "qpn.x000016",
        "qpn.x000016"
      ]
    },
    {
      "key": "ṣur",
      "count": "2",
      "instances": [
        "qpn.x000056",
        "qpn.x000056"
      ]
    },
    {
      "key": "antu",
      "count": "2",
      "instances": [
        "qpn.x000028",
        "qpn.x000028"
      ]
    },
    {
      "key": "Kephalon[1]",
      "count": "1",
      "instances": [
        "qpn.x000160"
      ]
    },
    {
      "key": "Ahʾutu[1]",
      "count": "1",
      "instances": [
        "qpn.x000008"
      ]
    },
    {
      "key": "reš",
      "count": "2",
      "instances": [
        "qpn.x000236",
        "qpn.x000236"
      ]
    },
    {
      "key": "stdbabe₂zida",
      "count": "1",
      "instances": [
        "qpn.x000120"
      ]
    },
    {
      "key": "papsukkal",
      "count": "4",
      "instances": [
        "qpn.x000228",
        "qpn.x000228",
        "qpn.x000228",
        "qpn.x000228"
      ]
    },
    {
      "key": "ikṣur",
      "count": "2",
      "instances": [
        "qpn.x000056",
        "qpn.x000056"
      ]
    },
    {
      "key": "na₃",
      "count": "2",
      "instances": [
        "qpn.x000188",
        "qpn.x000188"
      ]
    },
    {
      "key": "babylon",
      "count": "2",
      "instances": [
        "qpn.x000072",
        "qpn.x000072"
      ]
    },
    {
      "key": "Kahengalla[1]",
      "count": "1",
      "instances": [
        "qpn.x000144"
      ]
    },
    {
      "key": "ti₃",
      "count": "2",
      "instances": [
        "qpn.x000128",
        "qpn.x000128"
      ]
    },
    {
      "key": "iti",
      "count": "4",
      "instances": [
        "qpn.x000000",
        "qpn.x000000",
        "qpn.x000204",
        "qpn.x000204"
      ]
    },
    {
      "key": "Egašanana[1]",
      "count": "1",
      "instances": [
        "qpn.x000088"
      ]
    },
    {
      "key": "Enamena[1]",
      "count": "1",
      "instances": [
        "qpn.x000096"
      ]
    },
    {
      "key": "kagal",
      "count": "2",
      "instances": [
        "qpn.x000136",
        "qpn.x000136"
      ]
    },
    {
      "key": "ka₂he₂engal₂la",
      "count": "1",
      "instances": [
        "qpn.x000144"
      ]
    },
    {
      "key": "Seleucus[1]",
      "count": "1",
      "instances": [
        "qpn.x000248"
      ]
    },
    {
      "key": "anu",
      "count": "8",
      "instances": [
        "qpn.x000036",
        "qpn.x000036",
        "qpn.x000048",
        "qpn.x000048",
        "qpn.x000056",
        "qpn.x000056",
        "qpn.x000064",
        "qpn.x000064"
      ]
    },
    {
      "key": "stdbabe₂gašan",
      "count": "1",
      "instances": [
        "qpn.x000088"
      ]
    },
    {
      "key": "balassu",
      "count": "2",
      "instances": [
        "qpn.x000048",
        "qpn.x000048"
      ]
    },
    {
      "key": "Ezida[1]",
      "count": "1",
      "instances": [
        "qpn.x000120"
      ]
    },
    {
      "key": "stdbabe",
      "count": "1",
      "instances": [
        "qpn.x000072"
      ]
    },
    {
      "key": "kahengalla",
      "count": "2",
      "instances": [
        "qpn.x000144",
        "qpn.x000144"
      ]
    },
    {
      "key": "Babilu[Babylon]",
      "count": "1",
      "instances": [
        "qpn.x000072"
      ]
    },
    {
      "key": "e₂sagil₂",
      "count": "1",
      "instances": [
        "qpn.x000112"
      ]
    },
    {
      "key": "ka₂gal",
      "count": "1",
      "instances": [
        "qpn.x000136"
      ]
    },
    {
      "key": "Nisannu[1]",
      "count": "1",
      "instances": [
        "qpn.x000204"
      ]
    },
    {
      "key": "nu₃",
      "count": "2",
      "instances": [
        "qpn.x000036",
        "qpn.x000036"
      ]
    },
    {
      "key": "lu₂",
      "count": "2",
      "instances": [
        "qpn.x000168",
        "qpn.x000168"
      ]
    },
    {
      "key": "egašanana",
      "count": "2",
      "instances": [
        "qpn.x000088",
        "qpn.x000088"
      ]
    },
    {
      "key": "eš",
      "count": "2",
      "instances": [
        "qpn.x000236",
        "qpn.x000236"
      ]
    },
    {
      "key": "enamena",
      "count": "2",
      "instances": [
        "qpn.x000096",
        "qpn.x000096"
      ]
    },
    {
      "key": "nisannu",
      "count": "2",
      "instances": [
        "qpn.x000204",
        "qpn.x000204"
      ]
    },
    {
      "key": "Nusku[1]",
      "count": "1",
      "instances": [
        "qpn.x000212"
      ]
    },
    {
      "key": "unug",
      "count": "1",
      "instances": [
        "qpn.x000272"
      ]
    },
    {
      "key": "nikarchus",
      "count": "2",
      "instances": [
        "qpn.x000196",
        "qpn.x000196"
      ]
    },
    {
      "key": "Kamah[1]",
      "count": "1",
      "instances": [
        "qpn.x000152"
      ]
    },
    {
      "key": "še",
      "count": "2",
      "instances": [
        "qpn.x000000",
        "qpn.x000000"
      ]
    },
    {
      "key": "kamah",
      "count": "2",
      "instances": [
        "qpn.x000152",
        "qpn.x000152"
      ]
    },
    {
      "key": "Anu[1]",
      "count": "1",
      "instances": [
        "qpn.x000036"
      ]
    },
    {
      "key": "u₂",
      "count": "4",
      "instances": [
        "qpn.x000008",
        "qpn.x000008",
        "qpn.x000104",
        "qpn.x000104"
      ]
    },
    {
      "key": "u₄",
      "count": "2",
      "instances": [
        "qpn.x000220",
        "qpn.x000220"
      ]
    },
    {
      "key": "amarutu",
      "count": "2",
      "instances": [
        "qpn.x000176",
        "qpn.x000176"
      ]
    },
    {
      "key": "babilu",
      "count": "2",
      "instances": [
        "qpn.x000072",
        "qpn.x000072"
      ]
    },
    {
      "key": "kephalon",
      "count": "2",
      "instances": [
        "qpn.x000160",
        "qpn.x000160"
      ]
    },
    {
      "key": "Reš[1]",
      "count": "1",
      "instances": [
        "qpn.x000236"
      ]
    },
    {
      "key": "Nikarchus[1]",
      "count": "1",
      "instances": [
        "qpn.x000196"
      ]
    },
    {
      "key": "macedonian",
      "count": "2",
      "instances": [
        "qpn.x000168",
        "qpn.x000168"
      ]
    },
    {
      "key": "e₂gašan",
      "count": "1",
      "instances": [
        "qpn.x000088"
      ]
    },
    {
      "key": "din",
      "count": "4",
      "instances": [
        "qpn.x000048",
        "qpn.x000048",
        "qpn.x000064",
        "qpn.x000064"
      ]
    },
    {
      "key": "nusku",
      "count": "2",
      "instances": [
        "qpn.x000212",
        "qpn.x000212"
      ]
    },
    {
      "key": "nuska",
      "count": "2",
      "instances": [
        "qpn.x000212",
        "qpn.x000212"
      ]
    },
    {
      "key": "Borsippa[1]",
      "count": "1",
      "instances": [
        "qpn.x000080"
      ]
    },
    {
      "key": "Nabu[1]",
      "count": "1",
      "instances": [
        "qpn.x000188"
      ]
    },
    {
      "key": "ru₆",
      "count": "2",
      "instances": [
        "qpn.x000104",
        "qpn.x000104"
      ]
    },
    {
      "key": "Marduk[1]",
      "count": "1",
      "instances": [
        "qpn.x000176"
      ]
    },
    {
      "key": "barsip₃",
      "count": "1",
      "instances": [
        "qpn.x000080"
      ]
    },
    {
      "key": "Macedonian[1]",
      "count": "1",
      "instances": [
        "qpn.x000168"
      ]
    },
    {
      "key": "Hatti[1]",
      "count": "1",
      "instances": [
        "qpn.x000128"
      ]
    },
    {
      "key": "e₂",
      "count": "4",
      "instances": [
        "qpn.x000236",
        "qpn.x000236",
        "qpn.x000236",
        "qpn.x000236"
      ]
    },
    {
      "key": "e₄",
      "count": "2",
      "instances": [
        "qpn.x000104",
        "qpn.x000104"
      ]
    },
    {
      "key": "Anu-balassu-iqbi[1]",
      "count": "1",
      "instances": [
        "qpn.x000048"
      ]
    },
    {
      "key": "Kagal[1]",
      "count": "1",
      "instances": [
        "qpn.x000136"
      ]
    },
    {
      "key": "ezida",
      "count": "2",
      "instances": [
        "qpn.x000120",
        "qpn.x000120"
      ]
    },
    {
      "key": "asarri",
      "count": "2",
      "instances": [
        "qpn.x000176",
        "qpn.x000176"
      ]
    },
    {
      "key": "stdbabe₂sagil₂",
      "count": "1",
      "instances": [
        "qpn.x000112"
      ]
    },
    {
      "key": "e₂namenna",
      "count": "1",
      "instances": [
        "qpn.x000096"
      ]
    },
    {
      "key": "Esaggil[1]",
      "count": "1",
      "instances": [
        "qpn.x000112"
      ]
    },
    {
      "key": "antiochus",
      "count": "2",
      "instances": [
        "qpn.x000016",
        "qpn.x000016"
      ]
    },
    {
      "key": "sag",
      "count": "2",
      "instances": [
        "qpn.x000236",
        "qpn.x000236"
      ]
    },
    {
      "key": "stratonike",
      "count": "2",
      "instances": [
        "qpn.x000264",
        "qpn.x000264"
      ]
    },
    {
      "key": "stdbabunug",
      "count": "1",
      "instances": [
        "qpn.x000272"
      ]
    },
    {
      "key": "seleucus",
      "count": "2",
      "instances": [
        "qpn.x000248",
        "qpn.x000248"
      ]
    },
    {
      "key": "Oannes[1]",
      "count": "1",
      "instances": [
        "qpn.x000220"
      ]
    },
    {
      "key": "addaru",
      "count": "2",
      "instances": [
        "qpn.x000000",
        "qpn.x000000"
      ]
    },
    {
      "key": "uruk",
      "count": "2",
      "instances": [
        "qpn.x000272",
        "qpn.x000272"
      ]
    },
    {
      "key": "iʾ",
      "count": "2",
      "instances": [
        "qpn.x000016",
        "qpn.x000016"
      ]
    },
    {
      "key": "Antiochus[1]",
      "count": "1",
      "instances": [
        "qpn.x000016"
      ]
    },
    {
      "key": "stdbabbarsip₃",
      "count": "1",
      "instances": [
        "qpn.x000080"
      ]
    },
    {
      "key": "erua",
      "count": "2",
      "instances": [
        "qpn.x000104",
        "qpn.x000104"
      ]
    },
    {
      "key": "ʾu",
      "count": "2",
      "instances": [
        "qpn.x000008",
        "qpn.x000008"
      ]
    },
    {
      "key": "ʾi",
      "count": "2",
      "instances": [
        "qpn.x000016",
        "qpn.x000016"
      ]
    },
    {
      "key": "iṭ",
      "count": "2",
      "instances": [
        "qpn.x000064",
        "qpn.x000064"
      ]
    },
    {
      "key": "šeš",
      "count": "2",
      "instances": [
        "qpn.x000008",
        "qpn.x000008"
      ]
    },
    {
      "key": "Antu[1]",
      "count": "1",
      "instances": [
        "qpn.x000028"
      ]
    },
    {
      "key": "Papsukkal[1]",
      "count": "1",
      "instances": [
        "qpn.x000228"
      ]
    },
    {
      "key": "Anu-ikṣur[1]",
      "count": "1",
      "instances": [
        "qpn.x000056"
      ]
    },
    {
      "key": "hatti",
      "count": "2",
      "instances": [
        "qpn.x000128",
        "qpn.x000128"
      ]
    },
    {
      "key": "stdbabe₂namenna",
      "count": "1",
      "instances": [
        "qpn.x000096"
      ]
    },
    {
      "key": "1",
      "count": "62",
      "instances": [
        "qpn.x000000",
        "qpn.x000000",
        "qpn.x000008",
        "qpn.x000008",
        "qpn.x000016",
        "qpn.x000016",
        "qpn.x000028",
        "qpn.x000028",
        "qpn.x000036",
        "qpn.x000036",
        "qpn.x000048",
        "qpn.x000048",
        "qpn.x000056",
        "qpn.x000056",
        "qpn.x000064",
        "qpn.x000064",
        "qpn.x000080",
        "qpn.x000080",
        "qpn.x000088",
        "qpn.x000088",
        "qpn.x000096",
        "qpn.x000096",
        "qpn.x000104",
        "qpn.x000104",
        "qpn.x000112",
        "qpn.x000112",
        "qpn.x000120",
        "qpn.x000120",
        "qpn.x000128",
        "qpn.x000128",
        "qpn.x000136",
        "qpn.x000136",
        "qpn.x000144",
        "qpn.x000144",
        "qpn.x000152",
        "qpn.x000152",
        "qpn.x000160",
        "qpn.x000160",
        "qpn.x000168",
        "qpn.x000168",
        "qpn.x000176",
        "qpn.x000176",
        "qpn.x000188",
        "qpn.x000188",
        "qpn.x000196",
        "qpn.x000196",
        "qpn.x000204",
        "qpn.x000204",
        "qpn.x000212",
        "qpn.x000212",
        "qpn.x000220",
        "qpn.x000220",
        "qpn.x000228",
        "qpn.x000228",
        "qpn.x000236",
        "qpn.x000236",
        "qpn.x000248",
        "qpn.x000248",
        "qpn.x000264",
        "qpn.x000264",
        "qpn.x000272",
        "qpn.x000272"
      ]
    },
    {
      "key": "#",
      "count": "72",
      "instances": [
        "qpn.x000000",
        "qpn.x000000",
        "qpn.x000008",
        "qpn.x000008",
        "qpn.x000008",
        "qpn.x000008",
        "qpn.x000016",
        "qpn.x000016",
        "qpn.x000016",
        "qpn.x000016",
        "qpn.x000036",
        "qpn.x000036",
        "qpn.x000036",
        "qpn.x000036",
        "qpn.x000048",
        "qpn.x000048",
        "qpn.x000048",
        "qpn.x000048",
        "qpn.x000056",
        "qpn.x000056",
        "qpn.x000056",
        "qpn.x000056",
        "qpn.x000064",
        "qpn.x000064",
        "qpn.x000064",
        "qpn.x000064",
        "qpn.x000064",
        "qpn.x000064",
        "qpn.x000072",
        "qpn.x000072",
        "qpn.x000080",
        "qpn.x000080",
        "qpn.x000088",
        "qpn.x000088",
        "qpn.x000104",
        "qpn.x000104",
        "qpn.x000128",
        "qpn.x000128",
        "qpn.x000160",
        "qpn.x000160",
        "qpn.x000168",
        "qpn.x000168",
        "qpn.x000176",
        "qpn.x000176",
        "qpn.x000176",
        "qpn.x000176",
        "qpn.x000188",
        "qpn.x000188",
        "qpn.x000196",
        "qpn.x000196",
        "qpn.x000204",
        "qpn.x000204",
        "qpn.x000212",
        "qpn.x000212",
        "qpn.x000220",
        "qpn.x000220",
        "qpn.x000220",
        "qpn.x000220",
        "qpn.x000228",
        "qpn.x000228",
        "qpn.x000236",
        "qpn.x000236",
        "qpn.x000236",
        "qpn.x000236",
        "qpn.x000248",
        "qpn.x000248",
        "qpn.x000248",
        "qpn.x000248",
        "qpn.x000264",
        "qpn.x000264",
        "qpn.x000272",
        "qpn.x000272"
      ]
    },
    {
      "key": "akk",
      "count": "38",
      "instances": [
        "qpn.x000000",
        "qpn.x000008",
        "qpn.x000016",
        "qpn.x000016",
        "qpn.x000028",
        "qpn.x000036",
        "qpn.x000036",
        "qpn.x000048",
        "qpn.x000056",
        "qpn.x000064",
        "qpn.x000072",
        "qpn.x000080",
        "qpn.x000088",
        "qpn.x000096",
        "qpn.x000104",
        "qpn.x000112",
        "qpn.x000120",
        "qpn.x000128",
        "qpn.x000136",
        "qpn.x000144",
        "qpn.x000152",
        "qpn.x000160",
        "qpn.x000168",
        "qpn.x000176",
        "qpn.x000176",
        "qpn.x000188",
        "qpn.x000196",
        "qpn.x000204",
        "qpn.x000212",
        "qpn.x000220",
        "qpn.x000228",
        "qpn.x000236",
        "qpn.x000236",
        "qpn.x000248",
        "qpn.x000248",
        "qpn.x000248",
        "qpn.x000264",
        "qpn.x000272"
      ]
    },
    {
      "key": "x",
      "count": "38",
      "instances": [
        "qpn.x000000",
        "qpn.x000008",
        "qpn.x000016",
        "qpn.x000016",
        "qpn.x000028",
        "qpn.x000036",
        "qpn.x000036",
        "qpn.x000048",
        "qpn.x000056",
        "qpn.x000064",
        "qpn.x000072",
        "qpn.x000080",
        "qpn.x000088",
        "qpn.x000096",
        "qpn.x000104",
        "qpn.x000112",
        "qpn.x000120",
        "qpn.x000128",
        "qpn.x000136",
        "qpn.x000144",
        "qpn.x000152",
        "qpn.x000160",
        "qpn.x000168",
        "qpn.x000176",
        "qpn.x000176",
        "qpn.x000188",
        "qpn.x000196",
        "qpn.x000204",
        "qpn.x000212",
        "qpn.x000220",
        "qpn.x000228",
        "qpn.x000236",
        "qpn.x000236",
        "qpn.x000248",
        "qpn.x000248",
        "qpn.x000248",
        "qpn.x000264",
        "qpn.x000272"
      ]
    },
    {
      "key": "stdbab",
      "count": "26",
      "instances": [
        "qpn.x000000",
        "qpn.x000008",
        "qpn.x000016",
        "qpn.x000016",
        "qpn.x000036",
        "qpn.x000036",
        "qpn.x000048",
        "qpn.x000056",
        "qpn.x000064",
        "qpn.x000104",
        "qpn.x000128",
        "qpn.x000160",
        "qpn.x000168",
        "qpn.x000176",
        "qpn.x000176",
        "qpn.x000188",
        "qpn.x000196",
        "qpn.x000204",
        "qpn.x000212",
        "qpn.x000220",
        "qpn.x000228",
        "qpn.x000236",
        "qpn.x000236",
        "qpn.x000248",
        "qpn.x000248",
        "qpn.x000264"
      ]
    },
    {
      "key": "m",
      "count": "22",
      "instances": [
        "qpn.x000008",
        "qpn.x000008",
        "qpn.x000016",
        "qpn.x000016",
        "qpn.x000016",
        "qpn.x000016",
        "qpn.x000048",
        "qpn.x000048",
        "qpn.x000056",
        "qpn.x000056",
        "qpn.x000064",
        "qpn.x000064",
        "qpn.x000160",
        "qpn.x000160",
        "qpn.x000196",
        "qpn.x000196",
        "qpn.x000220",
        "qpn.x000220",
        "qpn.x000248",
        "qpn.x000248",
        "qpn.x000248",
        "qpn.x000248"
      ]
    },
    {
      "key": "d",
      "count": "26",
      "instances": [
        "qpn.x000036",
        "qpn.x000036",
        "qpn.x000036",
        "qpn.x000036",
        "qpn.x000048",
        "qpn.x000048",
        "qpn.x000056",
        "qpn.x000056",
        "qpn.x000064",
        "qpn.x000064",
        "qpn.x000088",
        "qpn.x000088",
        "qpn.x000104",
        "qpn.x000104",
        "qpn.x000176",
        "qpn.x000176",
        "qpn.x000176",
        "qpn.x000176",
        "qpn.x000188",
        "qpn.x000188",
        "qpn.x000212",
        "qpn.x000212",
        "qpn.x000220",
        "qpn.x000220",
        "qpn.x000228",
        "qpn.x000228"
      ]
    }
  ],
  "map": {
    "Addaru": "addaru",
    "Ahʾutu": "ahʾutu",
    "%akk": "akk",
    "AMAR.UTU": "amarutu",
    "Antiochus": "antiochus",
    "Antu": "antu",
    "Anu": "anu",
    "ASAR.RI": "asarri",
    "Babilu": "babilu",
    "Babylon": "babylon",
    "BARA₂": "bara₂",
    "BAR.SIP₃": "barsip₃",
    "Borsippa": "borsippa",
    "DIN": "din",
    "E": "e",
    "Egašanana": "egašanana",
    "E₂.GAŠAN": "e₂gašan",
    "Enamena": "enamena",
    "E₂.NAM.EN.NA": "e₂namenna",
    "Erua": "erua",
    "Esaggil": "esaggil",
    "E₂.SAG.IL₂": "e₂sagil₂",
    "Ezida": "ezida",
    "E₂.ZI.DA": "e₂zida",
    "Hatti": "hatti",
    "+iṭ": "iṭ",
    "Kagal": "kagal",
    "KA₂.GAL": "ka₂gal",
    "KA₂.HE₂.EN.GAL₂.LA": "ka₂he₂engal₂la",
    "Kahengalla": "kahengalla",
    "Kamah": "kamah",
    "KA₂.MAH": "ka₂mah",
    "Kephalon": "kephalon",
    "Macedonian": "macedonian",
    "Marduk": "marduk",
    "Nabu": "nabu",
    "NA₃": "na₃",
    "Nikarchus": "nikarchus",
    "Nisannu": "nisannu",
    "NUSKA": "nuska",
    "Nusku": "nusku",
    "Oannes": "oannes",
    "Papsukkal": "papsukkal",
    "PAP.SUKKAL": "papsukkal",
    "Reš": "reš",
    "SAG": "sag",
    "Seleucus": "seleucus",
    "ŠE": "še",
    "ŠEŠ": "šeš",
    "stdbab:an": "stdbaban",
    "stdbab:BAR.SIP₃": "stdbabbarsip₃",
    "stdbab:E₂.GAŠAN": "stdbabe₂gašan",
    "stdbab:E₂.NAM.EN.NA": "stdbabe₂namenna",
    "stdbab:E₂.SAG.IL₂": "stdbabe₂sagil₂",
    "stdbab:E": "stdbabe",
    "stdbab:E₂.ZI.DA": "stdbabe₂zida",
    "stdbab:KA₂.GAL": "stdbabka₂gal",
    "stdbab:KA₂.HE₂.EN.GAL₂.LA": "stdbabka₂he₂engal₂la",
    "stdbab:KA₂.MAH": "stdbabka₂mah",
    "stdbab:si": "stdbabsi",
    "stdbab:": "stdbab",
    "stdbab:UNUG": "stdbabunug",
    "Stratonike": "stratonike",
    "UNUG": "unug",
    "Uruk": "uruk",
    "+ʾu": "ʾu",
    "U₄": "u₄"
  }
}
