{
  "type": "index",
  "project": "cams/selbi",
  "source": "http://oracc.org/cams/selbi",
  "license": "This data is released under the CC0 license",
  "license-url": "https://creativecommons.org/publicdomain/zero/1.0/",
  "more-info": "http://oracc.org/doc/opendata/",
  "UTC-timestamp": "2017-06-09T23:24:01",
  "name": "cbd/qpn-x-lineage",
  "keys": [
    {
      "key": "#",
      "count": "4",
      "instances": [
        "qpn-x-lineage.x000000",
        "qpn-x-lineage.x000000",
        "qpn-x-lineage.x000000",
        "qpn-x-lineage.x000000"
      ]
    },
    {
      "key": "1",
      "count": "2",
      "instances": [
        "qpn-x-lineage.x000000",
        "qpn-x-lineage.x000000"
      ]
    },
    {
      "key": "m",
      "count": "2",
      "instances": [
        "qpn-x-lineage.x000000",
        "qpn-x-lineage.x000000"
      ]
    },
    {
      "key": "x",
      "count": "1",
      "instances": [
        "qpn-x-lineage.x000000"
      ]
    },
    {
      "key": "ahʾutu",
      "count": "2",
      "instances": [
        "qpn-x-lineage.x000000",
        "qpn-x-lineage.x000000"
      ]
    },
    {
      "key": "tu₂",
      "count": "2",
      "instances": [
        "qpn-x-lineage.x000000",
        "qpn-x-lineage.x000000"
      ]
    },
    {
      "key": "Ahʾutu[1]",
      "count": "1",
      "instances": [
        "qpn-x-lineage.x000000"
      ]
    },
    {
      "key": "stdbab",
      "count": "1",
      "instances": [
        "qpn-x-lineage.x000000"
      ]
    },
    {
      "key": "akk",
      "count": "1",
      "instances": [
        "qpn-x-lineage.x000000"
      ]
    },
    {
      "key": "u₂",
      "count": "2",
      "instances": [
        "qpn-x-lineage.x000000",
        "qpn-x-lineage.x000000"
      ]
    },
    {
      "key": "ʾu",
      "count": "2",
      "instances": [
        "qpn-x-lineage.x000000",
        "qpn-x-lineage.x000000"
      ]
    },
    {
      "key": "šeš",
      "count": "2",
      "instances": [
        "qpn-x-lineage.x000000",
        "qpn-x-lineage.x000000"
      ]
    }
  ],
  "map": {
    "Ahʾutu": "ahʾutu",
    "%akk": "akk",
    "ŠEŠ": "šeš",
    "stdbab:": "stdbab",
    "+ʾu": "ʾu"
  }
}
