{
  "type": "cdl",
  "source": "http://oracc.org/obmc",
  "license": "This data is released under the CC0 license",
  "license-url": "https://creativecommons.org/publicdomain/zero/1.0/",
  "more-info": "http://oracc.org/doc/opendata/",
  "UTC-timestamp": "2017-06-10T00:07:01",
  "project": "obmc",
  "textid": "P230627",
  "cdl": [
    {
      "node": "c",
      "type": "text",
      "id": "P230627.U0",
      "cdl": [
        {
          "node": "d",
          "subtype": "tablet",
          "type": "tablet",
          "ref": "P230627.x22.1",
          "label": "x22"
        },
        {
          "node": "d",
          "subtype": "obverse",
          "type": "obverse",
          "ref": "P230627.o.2",
          "label": "o"
        },
        {
          "node": "d",
          "subtype": "column 1o '",
          "type": "column",
          "ref": "P230627.o.i_.3",
          "n": "1",
          "label": "o i'"
        },
        {
          "node": "d",
          "type": "nonx",
          "ref": "P230627.4",
          "strict": "1",
          "extent": "2",
          "scope": "line",
          "state": "traces"
        },
        {
          "node": "d",
          "type": "nonx",
          "ref": "P230627.5",
          "strict": "1",
          "extent": "1",
          "scope": "line",
          "state": "ruling"
        },
        {
          "node": "c",
          "type": "discourse",
          "subtype": "body",
          "id": "P230627.U1",
          "cdl": [
            {
              "node": "c",
              "type": "sentence",
              "id": "P230627.U2",
              "label": "o i' 3' - o ii' 12'",
              "cdl": [
                {
                  "node": "d",
                  "type": "line-start",
                  "ref": "P230627.6",
                  "n": "3'",
                  "label": "o i' 3'"
                },
                {
                  "node": "l",
                  "frag": "[n]",
                  "id": "P230627.l0044c",
                  "ref": "P230627.6.1",
                  "inst": "n",
                  "f": {
                    "lang": "sux",
                    "form": "n",
                    "pos": "n"
                  }
                },
                {
                  "node": "l",
                  "frag": "še",
                  "id": "P230627.l0044d",
                  "ref": "P230627.6.2",
                  "inst": "še[barley]N",
                  "sig": "@obmc%sux:še=še[barley//barley]N'N$še/še#~",
                  "f": {
                    "lang": "sux",
                    "form": "še",
                    "cf": "še",
                    "gw": "barley",
                    "sense": "barley",
                    "norm0": "še",
                    "pos": "N",
                    "epos": "N",
                    "base": "še",
                    "morph": "~"
                  }
                },
                {
                  "node": "l",
                  "frag": "gur",
                  "id": "P230627.l0044e",
                  "ref": "P230627.6.3",
                  "inst": "gur[unit of capacity]N",
                  "sig": "@obmc%sux:gur=gur[unit//unit of capacity]N'N$gur/gur#~",
                  "f": {
                    "lang": "sux",
                    "form": "gur",
                    "cf": "gur",
                    "gw": "unit",
                    "sense": "unit of capacity",
                    "norm0": "gur",
                    "pos": "N",
                    "epos": "N",
                    "base": "gur",
                    "morph": "~"
                  }
                },
                {
                  "node": "d",
                  "type": "line-start",
                  "ref": "P230627.7",
                  "n": "4'",
                  "label": "o i' 4'"
                },
                {
                  "node": "l",
                  "frag": "[maš₂",
                  "id": "P230627.l0044f",
                  "ref": "P230627.7.1",
                  "inst": "maš[interest (on a loan)]N",
                  "sig": "@obmc%sux:maš₂=maš[interest//interest (on a loan)]N'N$maš/maš₂#~",
                  "f": {
                    "lang": "sux",
                    "form": "maš₂",
                    "cf": "maš",
                    "gw": "interest",
                    "sense": "interest (on a loan)",
                    "norm0": "maš",
                    "pos": "N",
                    "epos": "N",
                    "base": "maš₂",
                    "morph": "~"
                  }
                },
                {
                  "node": "l",
                  "frag": "1(aš)",
                  "id": "P230627.l00450",
                  "ref": "P230627.7.2",
                  "inst": "n",
                  "f": {
                    "lang": "sux",
                    "form": "1(aš)",
                    "pos": "n"
                  }
                },
                {
                  "node": "l",
                  "frag": "⸢gur⸣",
                  "id": "P230627.l00451",
                  "ref": "P230627.7.3",
                  "inst": "gur[unit of capacity]N",
                  "sig": "@obmc%sux:gur=gur[unit//unit of capacity]N'N$gur/gur#~",
                  "f": {
                    "lang": "sux",
                    "form": "gur",
                    "cf": "gur",
                    "gw": "unit",
                    "sense": "unit of capacity",
                    "norm0": "gur",
                    "pos": "N",
                    "epos": "N",
                    "base": "gur",
                    "morph": "~"
                  }
                },
                {
                  "node": "l",
                  "frag": "1(barig)",
                  "id": "P230627.l00452",
                  "ref": "P230627.7.4",
                  "inst": "n",
                  "f": {
                    "lang": "sux",
                    "form": "1(barig)",
                    "pos": "n"
                  }
                },
                {
                  "node": "l",
                  "frag": "4(ban₂)",
                  "id": "P230627.l00453",
                  "ref": "P230627.7.5",
                  "inst": "n",
                  "f": {
                    "lang": "sux",
                    "form": "4(ban₂)",
                    "pos": "n"
                  }
                },
                {
                  "node": "l",
                  "frag": "še-ta-am₃",
                  "id": "P230627.l00454",
                  "ref": "P230627.7.6",
                  "inst": "še[barley]N",
                  "sig": "@obmc%sux:še-ta-am₃=še[barley//barley]N'N$še,ta.am/še#~,ta.am",
                  "f": {
                    "lang": "sux",
                    "form": "še-ta-am₃",
                    "cf": "še",
                    "gw": "barley",
                    "sense": "barley",
                    "norm0": "še,ta.am",
                    "pos": "N",
                    "epos": "N",
                    "base": "še",
                    "morph": "~,ta.am"
                  }
                },
                {
                  "node": "d",
                  "type": "line-start",
                  "ref": "P230627.8",
                  "n": "5'",
                  "label": "o i' 5'"
                },
                {
                  "node": "l",
                  "frag": "[sig₉]-ge₄-de₃",
                  "id": "P230627.l00455",
                  "ref": "P230627.8.1",
                  "inst": "sig[to put into, onto]V/t",
                  "sig": "@obmc%sux:sig₉-ge₄-de₃=sig[place//to put into, onto]V/t'V/t$sig;ed.e/sig₉#~;ed.e",
                  "f": {
                    "lang": "sux",
                    "form": "sig₉-ge₄-de₃",
                    "cf": "sig",
                    "gw": "place",
                    "sense": "to put into, onto",
                    "norm0": "sig;ed.e",
                    "pos": "V/t",
                    "epos": "V/t",
                    "base": "sig₉",
                    "morph": "~;ed.e"
                  }
                },
                {
                  "node": "d",
                  "type": "line-start",
                  "ref": "P230627.9",
                  "n": "6'",
                  "label": "o i' 6'"
                },
                {
                  "node": "l",
                  "frag": "[ki",
                  "id": "P230627.l00456",
                  "ref": "P230627.9.1",
                  "inst": "ki[place]N",
                  "sig": "@obmc%sux:ki=ki[place//place]N'N$ki/ki#~",
                  "f": {
                    "lang": "sux",
                    "form": "ki",
                    "cf": "ki",
                    "gw": "place",
                    "sense": "place",
                    "norm0": "ki",
                    "pos": "N",
                    "epos": "N",
                    "base": "ki",
                    "morph": "~"
                  }
                },
                {
                  "node": "l",
                  "frag": "i]-⸢pi₂⸣-iq-{d}suen-ta",
                  "id": "P230627.l00457",
                  "ref": "P230627.9.2",
                  "inst": "Ipiq-Sin[]PN/i-pi₂-iq-{d}suen#~,ta",
                  "sig": "@obmc%sux:i-pi₂-iq-{d}suen-ta=Ipiq-Sin[1//1]PN'PN$Ipiq-Sin,ta/i-pi₂-iq-{d}suen#~,ta",
                  "f": {
                    "lang": "sux",
                    "form": "i-pi₂-iq-{d}suen-ta",
                    "cf": "Ipiq-Sin",
                    "gw": "1",
                    "sense": "1",
                    "norm0": "Ipiq-Sin,ta",
                    "pos": "PN",
                    "epos": "PN",
                    "base": "i-pi₂-iq-{d}suen",
                    "morph": "~,ta"
                  }
                },
                {
                  "node": "d",
                  "type": "line-start",
                  "ref": "P230627.10",
                  "n": "7'",
                  "label": "o i' 7'"
                },
                {
                  "node": "l",
                  "frag": "{[m}x]-x-{d}en-lil₂-la₂-ke₄",
                  "id": "P230627.l00458",
                  "ref": "P230627.10.1",
                  "inst": "u",
                  "f": {
                    "lang": "sux",
                    "form": "{m}x-x-{d}en-lil₂-la₂-ke₄",
                    "pos": "u"
                  }
                },
                {
                  "node": "d",
                  "type": "line-start",
                  "ref": "P230627.11",
                  "n": "8'",
                  "label": "o i' 8'"
                },
                {
                  "node": "c",
                  "type": "phrase",
                  "tag": "phr",
                  "id": "P230627.U4",
                  "ref": "P230627.ls00000",
                  "cdl": [
                    {
                      "node": "l",
                      "frag": "[šu]",
                      "id": "P230627.l00459",
                      "ref": "P230627.11.1",
                      "inst": "šu[hand]N",
                      "sig": "@obmc%sux:šu=šu[hand//hand]N'N$šu/šu#~",
                      "f": {
                        "lang": "sux",
                        "form": "šu",
                        "cf": "šu",
                        "gw": "hand",
                        "sense": "hand",
                        "norm0": "šu",
                        "pos": "N",
                        "epos": "N",
                        "base": "šu",
                        "morph": "~"
                      }
                    },
                    {
                      "node": "l",
                      "frag": "⸢ba⸣-an-ti",
                      "id": "P230627.l0045a",
                      "ref": "P230627.11.2",
                      "inst": "teŋ[approach]V/i",
                      "sig": "@obmc%sux:ba-an-ti=teŋ[approach//approach]V/i'V/i$ba.n:teŋ/ti#ba.n:~",
                      "f": {
                        "lang": "sux",
                        "form": "ba-an-ti",
                        "cf": "teŋ",
                        "gw": "approach",
                        "sense": "approach",
                        "norm0": "ba.n:teŋ",
                        "pos": "V/i",
                        "epos": "V/i",
                        "base": "ti",
                        "morph": "ba.n:~"
                      }
                    }
                  ]
                },
                {
                  "node": "d",
                  "type": "line-start",
                  "ref": "P230627.12",
                  "n": "9'",
                  "label": "o i' 9'"
                },
                {
                  "node": "l",
                  "frag": "{[iti}šeg₁₂]-a-ka",
                  "id": "P230627.l0045b",
                  "ref": "P230627.12.1",
                  "inst": "Šega[]MN/{iti}šeg₁₂-a#~,ak.a",
                  "sig": "@obmc%sux:{iti}šeg₁₂-a-ka=Šega[1//1]MN'MN$Šega,ak.a/{iti}šeg₁₂-a#~,ak.a",
                  "f": {
                    "lang": "sux",
                    "form": "{iti}šeg₁₂-a-ka",
                    "cf": "Šega",
                    "gw": "1",
                    "sense": "1",
                    "norm0": "Šega,ak.a",
                    "pos": "MN",
                    "epos": "MN",
                    "base": "{iti}šeg₁₂-a",
                    "morph": "~,ak.a"
                  }
                },
                {
                  "node": "d",
                  "type": "line-start",
                  "ref": "P230627.13",
                  "n": "10'",
                  "label": "o i' 10'"
                },
                {
                  "node": "l",
                  "frag": "[še",
                  "id": "P230627.l0045c",
                  "ref": "P230627.13.1",
                  "inst": "še[barley]N",
                  "sig": "@obmc%sux:še=še[barley//barley]N'N$še/še#~",
                  "f": {
                    "lang": "sux",
                    "form": "še",
                    "cf": "še",
                    "gw": "barley",
                    "sense": "barley",
                    "norm0": "še",
                    "pos": "N",
                    "epos": "N",
                    "base": "še",
                    "morph": "~"
                  }
                },
                {
                  "node": "l",
                  "frag": "u₃",
                  "id": "P230627.l0045d",
                  "ref": "P230627.13.2",
                  "inst": "u[and]CNJ",
                  "sig": "@obmc%sux:u₃=u[and//and]CNJ'CNJ$u/u₃#~",
                  "f": {
                    "lang": "sux",
                    "form": "u₃",
                    "cf": "u",
                    "gw": "and",
                    "sense": "and",
                    "norm0": "u",
                    "pos": "CNJ",
                    "epos": "CNJ",
                    "base": "u₃",
                    "morph": "~"
                  }
                },
                {
                  "node": "l",
                  "frag": "maš₂]-bi",
                  "id": "P230627.l0045e",
                  "ref": "P230627.13.3",
                  "inst": "maš[interest (on a loan)]N",
                  "sig": "@obmc%sux:maš₂-bi=maš[interest//interest (on a loan)]N'N$maš,bi/maš₂#~,bi",
                  "f": {
                    "lang": "sux",
                    "form": "maš₂-bi",
                    "cf": "maš",
                    "gw": "interest",
                    "sense": "interest (on a loan)",
                    "norm0": "maš,bi",
                    "pos": "N",
                    "epos": "N",
                    "base": "maš₂",
                    "morph": "~,bi"
                  }
                },
                {
                  "node": "d",
                  "type": "line-start",
                  "ref": "P230627.14",
                  "n": "11'",
                  "label": "o i' 11'"
                },
                {
                  "node": "l",
                  "frag": "[gur-ru]-⸢dam⸣",
                  "id": "P230627.l0045f",
                  "ref": "P230627.14.1",
                  "inst": "gur[to turn, return, come back]V/i",
                  "sig": "@obmc%sux:gur-ru-dam=gur[turn//to turn, return, come back]V/i'V/i$gur;ed.am/gur+-ru=r.u#~;ed.am",
                  "f": {
                    "lang": "sux",
                    "form": "gur-ru-dam",
                    "cf": "gur",
                    "gw": "turn",
                    "sense": "to turn, return, come back",
                    "norm0": "gur;ed.am",
                    "pos": "V/i",
                    "epos": "V/i",
                    "base": "gur",
                    "cont": "-ru=r.u",
                    "morph": "~;ed.am"
                  }
                },
                {
                  "node": "d",
                  "type": "nonx",
                  "ref": "P230627.15",
                  "strict": "1",
                  "extent": "1",
                  "scope": "line",
                  "state": "traces"
                },
                {
                  "node": "d",
                  "type": "nonx",
                  "ref": "P230627.16",
                  "strict": "1",
                  "extent": "rest",
                  "scope": "column",
                  "state": "missing"
                },
                {
                  "node": "d",
                  "subtype": "column 2o '",
                  "type": "column",
                  "ref": "P230627.o.ii_.17",
                  "n": "2",
                  "label": "o ii'"
                },
                {
                  "node": "d",
                  "type": "line-start",
                  "ref": "P230627.18",
                  "n": "1'",
                  "label": "o ii' 1'"
                },
                {
                  "node": "l",
                  "frag": "⸢ki⸣",
                  "id": "P230627.l00460",
                  "ref": "P230627.18.1",
                  "inst": "ki[place]N",
                  "sig": "@obmc%sux:ki=ki[place//place]N'N$ki/ki#~",
                  "f": {
                    "lang": "sux",
                    "form": "ki",
                    "cf": "ki",
                    "gw": "place",
                    "sense": "place",
                    "norm0": "ki",
                    "pos": "N",
                    "epos": "N",
                    "base": "ki",
                    "morph": "~"
                  }
                },
                {
                  "node": "l",
                  "frag": "[...-ta]",
                  "id": "P230627.l00461",
                  "ref": "P230627.18.2",
                  "inst": "u",
                  "f": {
                    "lang": "sux",
                    "form": "x-ta",
                    "pos": "u"
                  }
                },
                {
                  "node": "d",
                  "type": "line-start",
                  "ref": "P230627.19",
                  "n": "2'",
                  "label": "o ii' 2'"
                },
                {
                  "node": "l",
                  "frag": "{m}x-[...]",
                  "id": "P230627.l00462",
                  "ref": "P230627.19.1",
                  "inst": "u",
                  "f": {
                    "lang": "sux",
                    "form": "{m}x-x",
                    "pos": "u"
                  }
                },
                {
                  "node": "d",
                  "type": "line-start",
                  "ref": "P230627.20",
                  "n": "3'",
                  "label": "o ii' 3'"
                },
                {
                  "node": "c",
                  "type": "phrase",
                  "tag": "phr",
                  "id": "P230627.U5",
                  "ref": "P230627.ls00001",
                  "cdl": [
                    {
                      "node": "l",
                      "frag": "šu",
                      "id": "P230627.l00463",
                      "ref": "P230627.20.1",
                      "inst": "šu[hand]N",
                      "sig": "@obmc%sux:šu=šu[hand//hand]N'N$šu/šu#~",
                      "f": {
                        "lang": "sux",
                        "form": "šu",
                        "cf": "šu",
                        "gw": "hand",
                        "sense": "hand",
                        "norm0": "šu",
                        "pos": "N",
                        "epos": "N",
                        "base": "šu",
                        "morph": "~"
                      }
                    },
                    {
                      "node": "l",
                      "frag": "ba-[an-ti]",
                      "id": "P230627.l00464",
                      "ref": "P230627.20.2",
                      "inst": "teŋ[approach]V/i",
                      "sig": "@obmc%sux:ba-an-ti=teŋ[approach//approach]V/i'V/i$ba.n:teŋ/ti#ba.n:~",
                      "f": {
                        "lang": "sux",
                        "form": "ba-an-ti",
                        "cf": "teŋ",
                        "gw": "approach",
                        "sense": "approach",
                        "norm0": "ba.n:teŋ",
                        "pos": "V/i",
                        "epos": "V/i",
                        "base": "ti",
                        "morph": "ba.n:~"
                      }
                    }
                  ]
                },
                {
                  "node": "d",
                  "type": "line-start",
                  "ref": "P230627.21",
                  "n": "4'",
                  "label": "o ii' 4'"
                },
                {
                  "node": "l",
                  "frag": "{iti}šeg₁₂-[a-ka]",
                  "id": "P230627.l00465",
                  "ref": "P230627.21.1",
                  "inst": "Šega[]MN",
                  "sig": "@obmc%sux:{iti}šeg₁₂-a-ka=Šega[1//1]MN'MN$Šega,ak.a/{iti}šeg₁₂-a#~,ak.a",
                  "f": {
                    "lang": "sux",
                    "form": "{iti}šeg₁₂-a-ka",
                    "cf": "Šega",
                    "gw": "1",
                    "sense": "1",
                    "norm0": "Šega,ak.a",
                    "pos": "MN",
                    "epos": "MN",
                    "base": "{iti}šeg₁₂-a",
                    "morph": "~,ak.a"
                  }
                },
                {
                  "node": "d",
                  "type": "line-start",
                  "ref": "P230627.22",
                  "n": "5'",
                  "label": "o ii' 5'"
                },
                {
                  "node": "l",
                  "frag": "še",
                  "id": "P230627.l00466",
                  "ref": "P230627.22.1",
                  "inst": "še[barley]N",
                  "sig": "@obmc%sux:še=še[barley//barley]N'N$še/še#~",
                  "f": {
                    "lang": "sux",
                    "form": "še",
                    "cf": "še",
                    "gw": "barley",
                    "sense": "barley",
                    "norm0": "še",
                    "pos": "N",
                    "epos": "N",
                    "base": "še",
                    "morph": "~"
                  }
                },
                {
                  "node": "l",
                  "frag": "u₃",
                  "id": "P230627.l00467",
                  "ref": "P230627.22.2",
                  "inst": "u[and]CNJ",
                  "sig": "@obmc%sux:u₃=u[and//and]CNJ'CNJ$u/u₃#~",
                  "f": {
                    "lang": "sux",
                    "form": "u₃",
                    "cf": "u",
                    "gw": "and",
                    "sense": "and",
                    "norm0": "u",
                    "pos": "CNJ",
                    "epos": "CNJ",
                    "base": "u₃",
                    "morph": "~"
                  }
                },
                {
                  "node": "l",
                  "frag": "⸢maš₂⸣-[bi]",
                  "id": "P230627.l00468",
                  "ref": "P230627.22.3",
                  "inst": "maš[interest (on a loan)]N",
                  "sig": "@obmc%sux:maš₂-bi=maš[interest//interest (on a loan)]N'N$maš,bi/maš₂#~,bi",
                  "f": {
                    "lang": "sux",
                    "form": "maš₂-bi",
                    "cf": "maš",
                    "gw": "interest",
                    "sense": "interest (on a loan)",
                    "norm0": "maš,bi",
                    "pos": "N",
                    "epos": "N",
                    "base": "maš₂",
                    "morph": "~,bi"
                  }
                },
                {
                  "node": "d",
                  "type": "line-start",
                  "ref": "P230627.23",
                  "n": "6'",
                  "label": "o ii' 6'"
                },
                {
                  "node": "l",
                  "frag": "gur-ru-dam",
                  "id": "P230627.l00469",
                  "ref": "P230627.23.1",
                  "inst": "gur[to turn, return, come back]V/i",
                  "sig": "@obmc%sux:gur-ru-dam=gur[turn//to turn, return, come back]V/i'V/i$gur;ed.am/gur+-ru=r.u#~;ed.am",
                  "f": {
                    "lang": "sux",
                    "form": "gur-ru-dam",
                    "cf": "gur",
                    "gw": "turn",
                    "sense": "to turn, return, come back",
                    "norm0": "gur;ed.am",
                    "pos": "V/i",
                    "epos": "V/i",
                    "base": "gur",
                    "cont": "-ru=r.u",
                    "morph": "~;ed.am"
                  }
                },
                {
                  "node": "d",
                  "type": "line-start",
                  "ref": "P230627.24",
                  "n": "7'",
                  "label": "o ii' 7'"
                },
                {
                  "node": "l",
                  "frag": "lu₂-ki-inim-⸢ma⸣",
                  "id": "P230627.l0046a",
                  "ref": "P230627.24.1",
                  "inst": "lukiʾinimak[witness]N",
                  "sig": "@obmc%sux:lu₂-ki-inim-ma=lukiʾinimak[witness//witness]N'N$lukiʾinimak/lu₂-ki-inim-ma#~",
                  "f": {
                    "lang": "sux",
                    "form": "lu₂-ki-inim-ma",
                    "cf": "lukiʾinimak",
                    "gw": "witness",
                    "sense": "witness",
                    "norm0": "lukiʾinimak",
                    "pos": "N",
                    "epos": "N",
                    "base": "lu₂-ki-inim-ma",
                    "morph": "~"
                  }
                },
                {
                  "node": "d",
                  "type": "line-start",
                  "ref": "P230627.25",
                  "n": "8'",
                  "label": "o ii' 8'"
                },
                {
                  "node": "l",
                  "frag": "itud-bi",
                  "id": "P230627.l0046b",
                  "ref": "P230627.25.1",
                  "inst": "itud[month]N",
                  "sig": "@obmc%sux:itud-bi=itud[moon//month]N'N$itud,bi/itud#~,bi",
                  "f": {
                    "lang": "sux",
                    "form": "itud-bi",
                    "cf": "itud",
                    "gw": "moon",
                    "sense": "month",
                    "norm0": "itud,bi",
                    "pos": "N",
                    "epos": "N",
                    "base": "itud",
                    "morph": "~,bi"
                  }
                },
                {
                  "node": "l",
                  "frag": "mu-bi-im",
                  "id": "P230627.l0046c",
                  "ref": "P230627.25.2",
                  "inst": "mu[year]N/mu-bi-im#~,bi.am",
                  "sig": "@obmc%sux:mu-bi-im=mu[year//year]N'N$mu,bi.am/mu-bi-im#~,bi.am",
                  "f": {
                    "lang": "sux",
                    "form": "mu-bi-im",
                    "cf": "mu",
                    "gw": "year",
                    "sense": "year",
                    "norm0": "mu,bi.am",
                    "pos": "N",
                    "epos": "N",
                    "base": "mu-bi-im",
                    "morph": "~,bi.am"
                  }
                },
                {
                  "node": "d",
                  "type": "nonx",
                  "ref": "P230627.26",
                  "strict": "1",
                  "extent": "2",
                  "scope": "line",
                  "state": "ruling"
                },
                {
                  "node": "d",
                  "type": "line-start",
                  "ref": "P230627.27",
                  "n": "9'",
                  "label": "o ii' 9'"
                },
                {
                  "node": "l",
                  "frag": "2(aš)",
                  "id": "P230627.l0046d",
                  "ref": "P230627.27.1",
                  "inst": "n",
                  "f": {
                    "lang": "sux",
                    "form": "2(aš)",
                    "pos": "n"
                  }
                },
                {
                  "node": "l",
                  "frag": "še",
                  "id": "P230627.l0046e",
                  "ref": "P230627.27.2",
                  "inst": "še[barley]N",
                  "sig": "@obmc%sux:še=še[barley//barley]N'N$še/še#~",
                  "f": {
                    "lang": "sux",
                    "form": "še",
                    "cf": "še",
                    "gw": "barley",
                    "sense": "barley",
                    "norm0": "še",
                    "pos": "N",
                    "epos": "N",
                    "base": "še",
                    "morph": "~"
                  }
                },
                {
                  "node": "l",
                  "frag": "gur",
                  "id": "P230627.l0046f",
                  "ref": "P230627.27.3",
                  "inst": "gur[unit of capacity]N",
                  "sig": "@obmc%sux:gur=gur[unit//unit of capacity]N'N$gur/gur#~",
                  "f": {
                    "lang": "sux",
                    "form": "gur",
                    "cf": "gur",
                    "gw": "unit",
                    "sense": "unit of capacity",
                    "norm0": "gur",
                    "pos": "N",
                    "epos": "N",
                    "base": "gur",
                    "morph": "~"
                  }
                },
                {
                  "node": "d",
                  "type": "line-start",
                  "ref": "P230627.28",
                  "n": "10'",
                  "label": "o ii' 10'"
                },
                {
                  "node": "l",
                  "frag": "maš₂",
                  "id": "P230627.l00470",
                  "ref": "P230627.28.1",
                  "inst": "maš[interest (on a loan)]N",
                  "sig": "@obmc%sux:maš₂=maš[interest//interest (on a loan)]N'N$maš/maš₂#~",
                  "f": {
                    "lang": "sux",
                    "form": "maš₂",
                    "cf": "maš",
                    "gw": "interest",
                    "sense": "interest (on a loan)",
                    "norm0": "maš",
                    "pos": "N",
                    "epos": "N",
                    "base": "maš₂",
                    "morph": "~"
                  }
                },
                {
                  "node": "l",
                  "frag": "nu-ub-tuku",
                  "id": "P230627.l00471",
                  "ref": "P230627.28.2",
                  "inst": "tuku[to acquire, get]V/t",
                  "sig": "@obmc%sux:nu-ub-tuku=tuku[acquire//to acquire, get]V/t'V/t$nu.V.b:tuku/tuku#nu.V.b:~",
                  "f": {
                    "lang": "sux",
                    "form": "nu-ub-tuku",
                    "cf": "tuku",
                    "gw": "acquire",
                    "sense": "to acquire, get",
                    "norm0": "nu.V.b:tuku",
                    "pos": "V/t",
                    "epos": "V/t",
                    "base": "tuku",
                    "morph": "nu.V.b:~"
                  }
                },
                {
                  "node": "d",
                  "type": "line-start",
                  "ref": "P230627.29",
                  "n": "11'",
                  "label": "o ii' 11'"
                },
                {
                  "node": "l",
                  "frag": "[x]",
                  "id": "P230627.l00472",
                  "ref": "P230627.29.1",
                  "inst": "u",
                  "f": {
                    "lang": "sux",
                    "form": "x",
                    "pos": "u"
                  }
                },
                {
                  "node": "l",
                  "frag": "x",
                  "id": "P230627.l00473",
                  "ref": "P230627.29.2",
                  "inst": "u",
                  "f": {
                    "lang": "sux",
                    "form": "x",
                    "pos": "u"
                  }
                },
                {
                  "node": "l",
                  "frag": "ba-an-x-an-DI",
                  "id": "P230627.l00474",
                  "ref": "P230627.29.3",
                  "inst": "u",
                  "f": {
                    "lang": "sux",
                    "form": "ba-an-x-an-DI",
                    "pos": "u"
                  }
                },
                {
                  "node": "d",
                  "type": "line-start",
                  "ref": "P230627.30",
                  "n": "12'",
                  "label": "o ii' 12'"
                },
                {
                  "node": "l",
                  "frag": "[...]",
                  "id": "P230627.l00475",
                  "ref": "P230627.30.1",
                  "inst": "u",
                  "f": {
                    "lang": "sux",
                    "form": "x",
                    "pos": "u"
                  }
                },
                {
                  "node": "l",
                  "frag": "x",
                  "id": "P230627.l00476",
                  "ref": "P230627.30.2",
                  "inst": "u",
                  "f": {
                    "lang": "sux",
                    "form": "x",
                    "pos": "u"
                  }
                },
                {
                  "node": "l",
                  "frag": "x",
                  "id": "P230627.l00477",
                  "ref": "P230627.30.3",
                  "inst": "u",
                  "f": {
                    "lang": "sux",
                    "form": "x",
                    "pos": "u"
                  }
                },
                {
                  "node": "l",
                  "frag": "x",
                  "id": "P230627.l00478",
                  "ref": "P230627.30.4",
                  "inst": "u",
                  "f": {
                    "lang": "sux",
                    "form": "x",
                    "pos": "u"
                  }
                },
                {
                  "node": "l",
                  "frag": "ba-an-DI",
                  "id": "P230627.l00479",
                  "ref": "P230627.30.5",
                  "inst": "X",
                  "f": {
                    "lang": "sux",
                    "form": "ba-an-DI",
                    "pos": "X"
                  }
                },
                {
                  "node": "d",
                  "type": "nonx",
                  "ref": "P230627.31",
                  "strict": "1",
                  "extent": "1",
                  "scope": "line",
                  "state": "traces"
                },
                {
                  "node": "d",
                  "type": "nonx",
                  "ref": "P230627.32",
                  "strict": "1",
                  "extent": "rest",
                  "scope": "column",
                  "state": "missing"
                }
              ]
            }
          ]
        }
      ]
    },
    {
      "linkbase": [
        {
          "type": "linkset",
          "xlink_title": "šu teŋ[accept//to accept]V/t'V/t",
          "id": "P230627.ls00000",
          "xlink_type": "extended",
          "xlink_role": "psu",
          "sig": "{šu ba-an-ti = šu[hand]N teŋ[approach]V/i += šu teŋ[accept//to accept]V/t'V/t}::@obmc%sux:šu=šu[hand//hand]N'N$šu/šu#~++@obmc%sux:ba-an-ti=teŋ[approach//to approach]V/i'V/i$ba.n:teŋ/ti#ba.n:~",
          "links": [
            {
              "type": "link",
              "xlink_title": "šu",
              "xlink_type": "locator",
              "xlink_href": "#P230627.l00459",
              "xlink_role": "elt"
            },
            {
              "type": "link",
              "xlink_title": "teŋ",
              "xlink_type": "locator",
              "xlink_href": "#P230627.l0045a",
              "xlink_role": "elt"
            }
          ]
        },
        {
          "type": "linkset",
          "xlink_title": "šu teŋ[accept//to accept]V/t'V/t",
          "id": "P230627.ls00001",
          "xlink_type": "extended",
          "xlink_role": "psu",
          "sig": "{šu ba-an-ti = šu[hand]N teŋ[approach]V/i += šu teŋ[accept//to accept]V/t'V/t}::@obmc%sux:šu=šu[hand//hand]N'N$šu/šu#~++@obmc%sux:ba-an-ti=teŋ[approach//to approach]V/i'V/i$ba.n:teŋ/ti#ba.n:~",
          "links": [
            {
              "type": "link",
              "xlink_title": "šu",
              "xlink_type": "locator",
              "xlink_href": "#P230627.l00463",
              "xlink_role": "elt"
            },
            {
              "type": "link",
              "xlink_title": "teŋ",
              "xlink_type": "locator",
              "xlink_href": "#P230627.l00464",
              "xlink_role": "elt"
            }
          ]
        }
      ]
    }
  ]
}
