{
  "type": "cdl",
  "source": "http://oracc.org/obmc",
  "license": "This data is released under the CC0 license",
  "license-url": "https://creativecommons.org/publicdomain/zero/1.0/",
  "more-info": "http://oracc.org/doc/opendata/",
  "UTC-timestamp": "2017-06-10T00:07:03",
  "project": "obmc",
  "textid": "P388377",
  "cdl": [
    {
      "node": "c",
      "type": "text",
      "id": "P388377.U0",
      "cdl": [
        {
          "node": "d",
          "subtype": "tablet",
          "type": "tablet",
          "ref": "P388377.x72.1",
          "label": "x72"
        },
        {
          "node": "d",
          "subtype": "obverse",
          "type": "obverse",
          "ref": "P388377.o.2",
          "label": "o"
        },
        {
          "node": "c",
          "type": "discourse",
          "subtype": "body",
          "id": "P388377.U1",
          "cdl": [
            {
              "node": "c",
              "type": "sentence",
              "id": "P388377.U2",
              "label": "o 1 - r 6",
              "cdl": [
                {
                  "node": "d",
                  "type": "line-start",
                  "ref": "P388377.3",
                  "n": "1",
                  "label": "o 1"
                },
                {
                  "node": "l",
                  "frag": "{m}{d}suen-a-bu-šu",
                  "id": "P388377.l00ea1",
                  "ref": "P388377.3.1",
                  "inst": "Sin-abušu[]PN",
                  "sig": "@obmc%sux:{m}{d}suen-a-bu-šu=Sin-abušu[1//1]PN'PN$Sin-abušu/{m}{d}suen-a-bu-šu#~",
                  "f": {
                    "lang": "sux",
                    "form": "{m}{d}suen-a-bu-šu",
                    "cf": "Sin-abušu",
                    "gw": "1",
                    "sense": "1",
                    "norm0": "Sin-abušu",
                    "pos": "PN",
                    "epos": "PN",
                    "base": "{m}{d}suen-a-bu-šu",
                    "morph": "~"
                  }
                },
                {
                  "node": "d",
                  "type": "line-start",
                  "ref": "P388377.4",
                  "n": "2",
                  "label": "o 2"
                },
                {
                  "node": "l",
                  "frag": "ki",
                  "id": "P388377.l00ea2",
                  "ref": "P388377.4.1",
                  "inst": "ki[place]N",
                  "sig": "@obmc%sux:ki=ki[place//place]N'N$ki/ki#~",
                  "f": {
                    "lang": "sux",
                    "form": "ki",
                    "cf": "ki",
                    "gw": "place",
                    "sense": "place",
                    "norm0": "ki",
                    "pos": "N",
                    "epos": "N",
                    "base": "ki",
                    "morph": "~"
                  }
                },
                {
                  "node": "l",
                  "frag": "nu-ur₂-eš₄-tar₂",
                  "id": "P388377.l00ea3",
                  "ref": "P388377.4.2",
                  "inst": "Nur-Eštar[1]PN",
                  "sig": "@obmc%sux:nu-ur₂-eš₄-tar₂=Nur-Eštar[1//1]PN'PN$Nur-Eštar/nu-ur₂-eš₄-tar₂#~",
                  "f": {
                    "lang": "sux",
                    "form": "nu-ur₂-eš₄-tar₂",
                    "cf": "Nur-Eštar",
                    "gw": "1",
                    "sense": "1",
                    "norm0": "Nur-Eštar",
                    "pos": "PN",
                    "epos": "PN",
                    "base": "nu-ur₂-eš₄-tar₂",
                    "morph": "~"
                  }
                },
                {
                  "node": "l",
                  "frag": "ad-da-ni",
                  "id": "P388377.l00ea4",
                  "ref": "P388377.4.3",
                  "inst": "adda[father]N",
                  "sig": "@obmc%sux:ad-da-ni=adda[father//father]N'N$adda,ani/ad-da#~,ani",
                  "f": {
                    "lang": "sux",
                    "form": "ad-da-ni",
                    "cf": "adda",
                    "gw": "father",
                    "sense": "father",
                    "norm0": "adda,ani",
                    "pos": "N",
                    "epos": "N",
                    "base": "ad-da",
                    "morph": "~,ani"
                  }
                },
                {
                  "node": "d",
                  "type": "line-start",
                  "ref": "P388377.5",
                  "n": "3",
                  "label": "o 3"
                },
                {
                  "node": "l",
                  "frag": "u₃",
                  "id": "P388377.l00ea5",
                  "ref": "P388377.5.1",
                  "inst": "u[and]CNJ",
                  "sig": "@obmc%sux:u₃=u[and//and]CNJ'CNJ$u/u₃#~",
                  "f": {
                    "lang": "sux",
                    "form": "u₃",
                    "cf": "u",
                    "gw": "and",
                    "sense": "and",
                    "norm0": "u",
                    "pos": "CNJ",
                    "epos": "CNJ",
                    "base": "u₃",
                    "morph": "~"
                  }
                },
                {
                  "node": "l",
                  "frag": "ša-at-{d}nin-šubur",
                  "id": "P388377.l00ea6",
                  "ref": "P388377.5.2",
                  "inst": "Šat-Ninšubur[]PN",
                  "sig": "@obmc%sux:ša-at-{d}nin-šubur=Šat-Ninšubur[1//1]PN'PN$Šat-Ninšubur/ša-at-{d}nin-šubur#~",
                  "f": {
                    "lang": "sux",
                    "form": "ša-at-{d}nin-šubur",
                    "cf": "Šat-Ninšubur",
                    "gw": "1",
                    "sense": "1",
                    "norm0": "Šat-Ninšubur",
                    "pos": "PN",
                    "epos": "PN",
                    "base": "ša-at-{d}nin-šubur",
                    "morph": "~"
                  }
                },
                {
                  "node": "l",
                  "frag": "ama-a-ni",
                  "id": "P388377.l00ea7",
                  "ref": "P388377.5.3",
                  "inst": "ama[mother]N",
                  "sig": "@obmc%sux:ama-a-ni=ama[mother//mother]N'N$ama,ani/ama#~,ani",
                  "f": {
                    "lang": "sux",
                    "form": "ama-a-ni",
                    "cf": "ama",
                    "gw": "mother",
                    "sense": "mother",
                    "norm0": "ama,ani",
                    "pos": "N",
                    "epos": "N",
                    "base": "ama",
                    "morph": "~,ani"
                  }
                },
                {
                  "node": "d",
                  "type": "line-start",
                  "ref": "P388377.6",
                  "n": "4",
                  "label": "o 4"
                },
                {
                  "node": "l",
                  "frag": "{m}i₃-li₂-tu-ra-am",
                  "id": "P388377.l00ea8",
                  "ref": "P388377.6.1",
                  "inst": "Ili-turam[]PN",
                  "sig": "@obmc%sux:{m}i₃-li₂-tu-ra-am=Ili-turam[1//1]PN'PN$Ili-turam/{m}i₃-li₂-tu-ra-am#~",
                  "f": {
                    "lang": "sux",
                    "form": "{m}i₃-li₂-tu-ra-am",
                    "cf": "Ili-turam",
                    "gw": "1",
                    "sense": "1",
                    "norm0": "Ili-turam",
                    "pos": "PN",
                    "epos": "PN",
                    "base": "{m}i₃-li₂-tu-ra-am",
                    "morph": "~"
                  }
                },
                {
                  "node": "d",
                  "type": "line-start",
                  "ref": "P388377.7",
                  "n": "5",
                  "label": "o 5"
                },
                {
                  "node": "l",
                  "frag": "u₃",
                  "id": "P388377.l00ea9",
                  "ref": "P388377.7.1",
                  "inst": "u[and]CNJ",
                  "sig": "@obmc%sux:u₃=u[and//and]CNJ'CNJ$u/u₃#~",
                  "f": {
                    "lang": "sux",
                    "form": "u₃",
                    "cf": "u",
                    "gw": "and",
                    "sense": "and",
                    "norm0": "u",
                    "pos": "CNJ",
                    "epos": "CNJ",
                    "base": "u₃",
                    "morph": "~"
                  }
                },
                {
                  "node": "l",
                  "frag": "ša-at-{d}suen",
                  "id": "P388377.l00eaa",
                  "ref": "P388377.7.2",
                  "inst": "Šat-Sin[]PN",
                  "sig": "@obmc%sux:ša-at-{d}suen=Šat-Sin[1//1]PN'PN$Šat-Sin/ša-at-{d}suen#~",
                  "f": {
                    "lang": "sux",
                    "form": "ša-at-{d}suen",
                    "cf": "Šat-Sin",
                    "gw": "1",
                    "sense": "1",
                    "norm0": "Šat-Sin",
                    "pos": "PN",
                    "epos": "PN",
                    "base": "ša-at-{d}suen",
                    "morph": "~"
                  }
                },
                {
                  "node": "l",
                  "frag": "dam-a-ni",
                  "id": "P388377.l00eab",
                  "ref": "P388377.7.3",
                  "inst": "dam[spouse]N",
                  "sig": "@obmc%sux:dam-a-ni=dam[spouse//spouse]N'N$dam,ani/dam#~,ani",
                  "f": {
                    "lang": "sux",
                    "form": "dam-a-ni",
                    "cf": "dam",
                    "gw": "spouse",
                    "sense": "spouse",
                    "norm0": "dam,ani",
                    "pos": "N",
                    "epos": "N",
                    "base": "dam",
                    "morph": "~,ani"
                  }
                },
                {
                  "node": "d",
                  "type": "line-start",
                  "ref": "P388377.8",
                  "n": "6",
                  "label": "o 6"
                },
                {
                  "node": "l",
                  "frag": "nam-dumu-ni-še₃",
                  "id": "P388377.l00eac",
                  "ref": "P388377.8.1",
                  "inst": "namdumu[status as son]N",
                  "sig": "@obmc%sux:nam-dumu-ni-še₃=namdumu[status//status as son]N'N$namdumu,ani.eše/nam-dumu#~,ani.eše",
                  "f": {
                    "lang": "sux",
                    "form": "nam-dumu-ni-še₃",
                    "cf": "namdumu",
                    "gw": "status",
                    "sense": "status as son",
                    "norm0": "namdumu,ani.eše",
                    "pos": "N",
                    "epos": "N",
                    "base": "nam-dumu",
                    "morph": "~,ani.eše"
                  }
                },
                {
                  "node": "l",
                  "frag": "ba-da-ri",
                  "id": "P388377.l00ead",
                  "ref": "P388377.8.2",
                  "inst": "ri[to impose]V/t",
                  "sig": "@obmc%sux:ba-da-ri=ri[impose//to impose]V/t'V/t$ba.da:ri/ri#ba.da:~",
                  "f": {
                    "lang": "sux",
                    "form": "ba-da-ri",
                    "cf": "ri",
                    "gw": "impose",
                    "sense": "to impose",
                    "norm0": "ba.da:ri",
                    "pos": "V/t",
                    "epos": "V/t",
                    "base": "ri",
                    "morph": "ba.da:~"
                  }
                },
                {
                  "node": "d",
                  "type": "line-start",
                  "ref": "P388377.9",
                  "n": "7",
                  "label": "o 7"
                },
                {
                  "node": "l",
                  "frag": "nam-ibila-ni-še₃",
                  "id": "P388377.l00eae",
                  "ref": "P388377.9.1",
                  "inst": "namibila[the status of heir]N",
                  "sig": "@obmc%sux:nam-ibila-ni-še₃=namibila[heir//the status of heir]N'N$namibila,ani.eše/nam-ibila#~,ani.eše",
                  "f": {
                    "lang": "sux",
                    "form": "nam-ibila-ni-še₃",
                    "cf": "namibila",
                    "gw": "heir",
                    "sense": "the status of heir",
                    "norm0": "namibila,ani.eše",
                    "pos": "N",
                    "epos": "N",
                    "base": "nam-ibila",
                    "morph": "~,ani.eše"
                  }
                },
                {
                  "node": "l",
                  "frag": "in-ŋar",
                  "id": "P388377.l00eaf",
                  "ref": "P388377.9.2",
                  "inst": "ŋar[to place on, put on]V/t",
                  "sig": "@obmc%sux:in-ŋar=ŋar[place//to place on, put on]V/t'V/t$V.n:ŋar/ŋar#V.n:~",
                  "f": {
                    "lang": "sux",
                    "form": "in-ŋar",
                    "cf": "ŋar",
                    "gw": "place",
                    "sense": "to place on, put on",
                    "norm0": "V.n:ŋar",
                    "pos": "V/t",
                    "epos": "V/t",
                    "base": "ŋar",
                    "morph": "V.n:~"
                  }
                },
                {
                  "node": "d",
                  "type": "line-start",
                  "ref": "P388377.10",
                  "n": "8",
                  "label": "o 8"
                },
                {
                  "node": "l",
                  "frag": "5",
                  "id": "P388377.l00eb0",
                  "ref": "P388377.10.1",
                  "inst": "n",
                  "f": {
                    "lang": "sux",
                    "form": "5",
                    "pos": "n"
                  }
                },
                {
                  "node": "l",
                  "frag": "giŋ₄",
                  "id": "P388377.l00eb1",
                  "ref": "P388377.10.2",
                  "inst": "giŋ[a unit of weight, shekel]N",
                  "sig": "@obmc%sux:giŋ₄=giŋ[unit//a unit of weight, shekel]N'N$giŋ/giŋ₄#~",
                  "f": {
                    "lang": "sux",
                    "form": "giŋ₄",
                    "cf": "giŋ",
                    "gw": "unit",
                    "sense": "a unit of weight, shekel",
                    "norm0": "giŋ",
                    "pos": "N",
                    "epos": "N",
                    "base": "giŋ₄",
                    "morph": "~"
                  }
                },
                {
                  "node": "l",
                  "frag": "kug-babbar",
                  "id": "P388377.l00eb2",
                  "ref": "P388377.10.3",
                  "inst": "kugbabbar[silver]N",
                  "sig": "@obmc%sux:kug-babbar=kugbabbar[silver//silver]N'N$kugbabbar/kug-babbar#~",
                  "f": {
                    "lang": "sux",
                    "form": "kug-babbar",
                    "cf": "kugbabbar",
                    "gw": "silver",
                    "sense": "silver",
                    "norm0": "kugbabbar",
                    "pos": "N",
                    "epos": "N",
                    "base": "kug-babbar",
                    "morph": "~"
                  }
                },
                {
                  "node": "d",
                  "type": "line-start",
                  "ref": "P388377.11",
                  "n": "9",
                  "label": "o 9"
                },
                {
                  "node": "l",
                  "frag": "nam-buluŋ₃-ŋa₂-ni-še₃",
                  "id": "P388377.l00eb3",
                  "ref": "P388377.11.1",
                  "inst": "nambuluŋ[upbringing]",
                  "sig": "@obmc%sux:nam-buluŋ₃-ŋa₂-ni-še₃=nambuluŋ[upbringing//upbringing]N'N$nambuluŋ,ani.eše/nam-buluŋ₃#~,ani.eše",
                  "f": {
                    "lang": "sux",
                    "form": "nam-buluŋ₃-ŋa₂-ni-še₃",
                    "cf": "nambuluŋ",
                    "gw": "upbringing",
                    "sense": "upbringing",
                    "norm0": "nambuluŋ,ani.eše",
                    "pos": "N",
                    "epos": "N",
                    "base": "nam-buluŋ₃",
                    "morph": "~,ani.eše"
                  }
                },
                {
                  "node": "d",
                  "type": "line-start",
                  "ref": "P388377.12",
                  "n": "10",
                  "label": "o 10"
                },
                {
                  "node": "l",
                  "frag": "⸢in⸣-na-an-la₂",
                  "id": "P388377.l00eb4",
                  "ref": "P388377.12.1",
                  "inst": "la[hang]V/t",
                  "sig": "@obmc%sux:in-na-an-la₂=la[hang//hang]V/t'V/t$V.na.n:la/la₂#V.na.n:~",
                  "f": {
                    "lang": "sux",
                    "form": "in-na-an-la₂",
                    "cf": "la",
                    "gw": "hang",
                    "sense": "hang",
                    "norm0": "V.na.n:la",
                    "pos": "V/t",
                    "epos": "V/t",
                    "base": "la₂",
                    "morph": "V.na.n:~"
                  }
                },
                {
                  "node": "d",
                  "type": "line-start",
                  "ref": "P388377.13",
                  "n": "11",
                  "label": "o 11"
                },
                {
                  "node": "l",
                  "frag": "ud",
                  "id": "P388377.l00eb5",
                  "ref": "P388377.13.1",
                  "inst": "ud[day]N",
                  "sig": "@obmc%sux:ud=ud[sun//day]N'N$ud/ud#~",
                  "f": {
                    "lang": "sux",
                    "form": "ud",
                    "cf": "ud",
                    "gw": "sun",
                    "sense": "day",
                    "norm0": "ud",
                    "pos": "N",
                    "epos": "N",
                    "base": "ud",
                    "morph": "~"
                  }
                },
                {
                  "node": "l",
                  "frag": "kur₂-⸢še₃⸣",
                  "id": "P388377.l00eb6",
                  "ref": "P388377.13.2",
                  "inst": "kur[(to be) different]V/i",
                  "sig": "@obmc%sux:kur₂-še₃=kur[different//(to be) different]V/i'V/i$kur;*a,eše/kur₂#~;*a,eše",
                  "f": {
                    "lang": "sux",
                    "form": "kur₂-še₃",
                    "cf": "kur",
                    "gw": "different",
                    "sense": "(to be) different",
                    "norm0": "kur;*a,eše",
                    "pos": "V/i",
                    "epos": "V/i",
                    "base": "kur₂",
                    "morph": "~;*a,eše"
                  }
                },
                {
                  "node": "l",
                  "frag": "tukum-⸢bi⸣",
                  "id": "P388377.l00eb7",
                  "ref": "P388377.13.3",
                  "inst": "tukumbi[if]CNJ",
                  "sig": "@obmc%sux:tukum-bi=tukumbi[if//if]CNJ'CNJ$tukumbi/tukum-bi#~",
                  "f": {
                    "lang": "sux",
                    "form": "tukum-bi",
                    "cf": "tukumbi",
                    "gw": "if",
                    "sense": "if",
                    "norm0": "tukumbi",
                    "pos": "CNJ",
                    "epos": "CNJ",
                    "base": "tukum-bi",
                    "morph": "~"
                  }
                },
                {
                  "node": "d",
                  "type": "line-start",
                  "ref": "P388377.14",
                  "n": "12",
                  "label": "o 12"
                },
                {
                  "node": "l",
                  "frag": "{m}{d}suen-a-bu-šu",
                  "id": "P388377.l00eb8",
                  "ref": "P388377.14.1",
                  "inst": "Sin-abušu[1]PN",
                  "sig": "@obmc%sux:{m}{d}suen-a-bu-šu=Sin-abušu[1//1]PN'PN$Sin-abušu/{m}{d}suen-a-bu-šu#~",
                  "f": {
                    "lang": "sux",
                    "form": "{m}{d}suen-a-bu-šu",
                    "cf": "Sin-abušu",
                    "gw": "1",
                    "sense": "1",
                    "norm0": "Sin-abušu",
                    "pos": "PN",
                    "epos": "PN",
                    "base": "{m}{d}suen-a-bu-šu",
                    "morph": "~"
                  }
                },
                {
                  "node": "d",
                  "type": "line-start",
                  "ref": "P388377.15",
                  "n": "13",
                  "label": "o 13"
                },
                {
                  "node": "l",
                  "frag": "nam",
                  "id": "P388377.l00eb9",
                  "ref": "P388377.15.1",
                  "inst": "me[to be]V/i",
                  "sig": "@obmc%sux:nam=me[be//to be]V/i'V/i$me/nam#~",
                  "f": {
                    "lang": "sux",
                    "form": "nam",
                    "cf": "me",
                    "gw": "be",
                    "sense": "to be",
                    "norm0": "me",
                    "pos": "V/i",
                    "epos": "V/i",
                    "base": "nam",
                    "morph": "~"
                  }
                },
                {
                  "node": "l",
                  "frag": "i₃-li₂-tu-ra-am",
                  "id": "P388377.l00eba",
                  "ref": "P388377.15.2",
                  "inst": "Ili-turam[]PN",
                  "sig": "@obmc%sux:i₃-li₂-tu-ra-am=Ili-turam[1//1]PN'PN$Ili-turam/i₃-li₂-tu-ra-am#~",
                  "f": {
                    "lang": "sux",
                    "form": "i₃-li₂-tu-ra-am",
                    "cf": "Ili-turam",
                    "gw": "1",
                    "sense": "1",
                    "norm0": "Ili-turam",
                    "pos": "PN",
                    "epos": "PN",
                    "base": "i₃-li₂-tu-ra-am",
                    "morph": "~"
                  }
                },
                {
                  "node": "l",
                  "frag": "ad-da-ni",
                  "id": "P388377.l00ebb",
                  "ref": "P388377.15.3",
                  "inst": "adda[father]N",
                  "sig": "@obmc%sux:ad-da-ni=adda[father//father]N'N$adda,ani/ad-da#~,ani",
                  "f": {
                    "lang": "sux",
                    "form": "ad-da-ni",
                    "cf": "adda",
                    "gw": "father",
                    "sense": "father",
                    "norm0": "adda,ani",
                    "pos": "N",
                    "epos": "N",
                    "base": "ad-da",
                    "morph": "~,ani"
                  }
                },
                {
                  "node": "d",
                  "type": "line-start",
                  "ref": "P388377.16",
                  "n": "14",
                  "label": "o 14"
                },
                {
                  "node": "l",
                  "frag": "u₃",
                  "id": "P388377.l00ebc",
                  "ref": "P388377.16.1",
                  "inst": "u[and]CNJ",
                  "sig": "@obmc%sux:u₃=u[and//and]CNJ'CNJ$u/u₃#~",
                  "f": {
                    "lang": "sux",
                    "form": "u₃",
                    "cf": "u",
                    "gw": "and",
                    "sense": "and",
                    "norm0": "u",
                    "pos": "CNJ",
                    "epos": "CNJ",
                    "base": "u₃",
                    "morph": "~"
                  }
                },
                {
                  "node": "l",
                  "frag": "ša-at-{d}suen",
                  "id": "P388377.l00ebd",
                  "ref": "P388377.16.2",
                  "inst": "Šat-Sin[1]PN",
                  "sig": "@obmc%sux:ša-at-{d}suen=Šat-Sin[1//1]PN'PN$Šat-Sin/ša-at-{d}suen#~",
                  "f": {
                    "lang": "sux",
                    "form": "ša-at-{d}suen",
                    "cf": "Šat-Sin",
                    "gw": "1",
                    "sense": "1",
                    "norm0": "Šat-Sin",
                    "pos": "PN",
                    "epos": "PN",
                    "base": "ša-at-{d}suen",
                    "morph": "~"
                  }
                },
                {
                  "node": "l",
                  "frag": "ama-a-ni",
                  "id": "P388377.l00ebe",
                  "ref": "P388377.16.3",
                  "inst": "ama[mother]N",
                  "sig": "@obmc%sux:ama-a-ni=ama[mother//mother]N'N$ama,ani/ama#~,ani",
                  "f": {
                    "lang": "sux",
                    "form": "ama-a-ni",
                    "cf": "ama",
                    "gw": "mother",
                    "sense": "mother",
                    "norm0": "ama,ani",
                    "pos": "N",
                    "epos": "N",
                    "base": "ama",
                    "morph": "~,ani"
                  }
                },
                {
                  "node": "d",
                  "type": "line-start",
                  "ref": "P388377.17",
                  "n": "15",
                  "label": "o 15"
                },
                {
                  "node": "l",
                  "frag": "ad-da-ŋu₁₀",
                  "id": "P388377.l00ebf",
                  "ref": "P388377.17.1",
                  "inst": "adda[father]N",
                  "sig": "@obmc%sux:ad-da-ŋu₁₀=adda[father//father]N'N$adda,ŋu/ad-da#~,ŋu",
                  "f": {
                    "lang": "sux",
                    "form": "ad-da-ŋu₁₀",
                    "cf": "adda",
                    "gw": "father",
                    "sense": "father",
                    "norm0": "adda,ŋu",
                    "pos": "N",
                    "epos": "N",
                    "base": "ad-da",
                    "morph": "~,ŋu"
                  }
                },
                {
                  "node": "l",
                  "frag": "nu-me-en",
                  "id": "P388377.l00ec0",
                  "ref": "P388377.17.2",
                  "inst": "me[to be]V/i",
                  "sig": "@obmc%sux:nu-me-en=me[be//to be]V/i'V/i$nu:me;en/me#nu:~;en",
                  "f": {
                    "lang": "sux",
                    "form": "nu-me-en",
                    "cf": "me",
                    "gw": "be",
                    "sense": "to be",
                    "norm0": "nu:me;en",
                    "pos": "V/i",
                    "epos": "V/i",
                    "base": "me",
                    "morph": "nu:~;en"
                  }
                },
                {
                  "node": "d",
                  "type": "line-start",
                  "ref": "P388377.18",
                  "n": "16",
                  "label": "o 16"
                },
                {
                  "node": "l",
                  "frag": "ama-ŋu₁₀",
                  "id": "P388377.l00ec1",
                  "ref": "P388377.18.1",
                  "inst": "ama[mother]N",
                  "sig": "@obmc%sux:ama-ŋu₁₀=ama[mother//mother]N'N$ama,ŋu/ama#~,ŋu",
                  "f": {
                    "lang": "sux",
                    "form": "ama-ŋu₁₀",
                    "cf": "ama",
                    "gw": "mother",
                    "sense": "mother",
                    "norm0": "ama,ŋu",
                    "pos": "N",
                    "epos": "N",
                    "base": "ama",
                    "morph": "~,ŋu"
                  }
                },
                {
                  "node": "l",
                  "frag": "nu-me-en",
                  "id": "P388377.l00ec2",
                  "ref": "P388377.18.2",
                  "inst": "me[to be]V/i",
                  "sig": "@obmc%sux:nu-me-en=me[be//to be]V/i'V/i$nu:me;en/me#nu:~;en",
                  "f": {
                    "lang": "sux",
                    "form": "nu-me-en",
                    "cf": "me",
                    "gw": "be",
                    "sense": "to be",
                    "norm0": "nu:me;en",
                    "pos": "V/i",
                    "epos": "V/i",
                    "base": "me",
                    "morph": "nu:~;en"
                  }
                },
                {
                  "node": "d",
                  "type": "line-start",
                  "ref": "P388377.19",
                  "n": "17",
                  "label": "o 17"
                },
                {
                  "node": "l",
                  "frag": "ba-na-an-dug₄",
                  "id": "P388377.l00ec3",
                  "ref": "P388377.19.1",
                  "inst": "dug[speak]",
                  "sig": "@obmc%sux:ba-na-an-dug₄=dug[speak//speak]V/t'V/t$ba.na.n:dug/dug₄#ba.na.n:~",
                  "f": {
                    "lang": "sux",
                    "form": "ba-na-an-dug₄",
                    "cf": "dug",
                    "gw": "speak",
                    "sense": "speak",
                    "norm0": "ba.na.n:dug",
                    "pos": "V/t",
                    "epos": "V/t",
                    "base": "dug₄",
                    "morph": "ba.na.n:~"
                  }
                },
                {
                  "node": "d",
                  "type": "line-start",
                  "ref": "P388377.20",
                  "n": "18",
                  "label": "o 18"
                },
                {
                  "node": "c",
                  "type": "phrase",
                  "tag": "phr",
                  "id": "P388377.U4",
                  "ref": "P388377.ls00000",
                  "cdl": [
                    {
                      "node": "l",
                      "frag": "umbin",
                      "id": "P388377.l00ec4",
                      "ref": "P388377.20.1",
                      "inst": "umbin[wheel]N/umbin#~",
                      "sig": "@obmc%sux:umbin=umbin[wheel//wheel]N'N$umbin/umbin#~",
                      "f": {
                        "lang": "sux",
                        "form": "umbin",
                        "cf": "umbin",
                        "gw": "wheel",
                        "sense": "wheel",
                        "norm0": "umbin",
                        "pos": "N",
                        "epos": "N",
                        "base": "umbin",
                        "morph": "~"
                      }
                    },
                    {
                      "node": "l",
                      "frag": "an-kud-da",
                      "id": "P388377.l00ec5",
                      "ref": "P388377.20.2",
                      "inst": "TAR[cvve]V/t/kud#V.n:~;a",
                      "sig": "@obmc%sux:an-kud-da=TAR[cvve//cvve]V/t'V/t$V.n:TAR;a/kud#V.n:~;a",
                      "f": {
                        "lang": "sux",
                        "form": "an-kud-da",
                        "cf": "TAR",
                        "gw": "cvve",
                        "sense": "cvve",
                        "norm0": "V.n:TAR;a",
                        "pos": "V/t",
                        "epos": "V/t",
                        "base": "kud",
                        "morph": "V.n:~;a"
                      }
                    }
                  ]
                },
                {
                  "node": "l",
                  "frag": "gar₃-ra-ni",
                  "id": "P388377.l00ec6",
                  "ref": "P388377.20.3",
                  "inst": "gar[hairstyle]N",
                  "sig": "@obmc%sux:gar₃-ra-ni=gar[hairstyle//hairstyle]N'N$gar,ani/gar₃#~,ani",
                  "f": {
                    "lang": "sux",
                    "form": "gar₃-ra-ni",
                    "cf": "gar",
                    "gw": "hairstyle",
                    "sense": "hairstyle",
                    "norm0": "gar,ani",
                    "pos": "N",
                    "epos": "N",
                    "base": "gar₃",
                    "morph": "~,ani"
                  }
                },
                {
                  "node": "l",
                  "frag": "du₃-a",
                  "id": "P388377.l00ec7",
                  "ref": "P388377.20.4",
                  "inst": "du[to build, make]V/t",
                  "sig": "@obmc%sux:du₃-a=du[build//to build, make]V/t'V/t$du;a/du₃#~;a",
                  "f": {
                    "lang": "sux",
                    "form": "du₃-a",
                    "cf": "du",
                    "gw": "build",
                    "sense": "to build, make",
                    "norm0": "du;a",
                    "pos": "V/t",
                    "epos": "V/t",
                    "base": "du₃",
                    "morph": "~;a"
                  }
                },
                {
                  "node": "d",
                  "type": "line-start",
                  "ref": "P388377.21",
                  "n": "19",
                  "label": "o 19"
                },
                {
                  "node": "l",
                  "frag": "nam-kug-še₃",
                  "id": "P388377.l00ec8",
                  "ref": "P388377.21.1",
                  "inst": "namkug[sale]",
                  "sig": "@obmc%sux:nam-kug-še₃=namkug[sale//sale]N'N$namkug,eše/nam-kug#~,eše",
                  "f": {
                    "lang": "sux",
                    "form": "nam-kug-še₃",
                    "cf": "namkug",
                    "gw": "sale",
                    "sense": "sale",
                    "norm0": "namkug,eše",
                    "pos": "N",
                    "epos": "N",
                    "base": "nam-kug",
                    "morph": "~,eše"
                  }
                },
                {
                  "node": "l",
                  "frag": "ba-an-šum₂",
                  "id": "P388377.l00ec9",
                  "ref": "P388377.21.2",
                  "inst": "šum[to give]V/t",
                  "sig": "@obmc%sux:ba-an-šum₂=šum[give//to give]V/t'V/t$ba.n:šum/šum₂#ba.n:~",
                  "f": {
                    "lang": "sux",
                    "form": "ba-an-šum₂",
                    "cf": "šum",
                    "gw": "give",
                    "sense": "to give",
                    "norm0": "ba.n:šum",
                    "pos": "V/t",
                    "epos": "V/t",
                    "base": "šum₂",
                    "morph": "ba.n:~"
                  }
                },
                {
                  "node": "d",
                  "type": "line-start",
                  "ref": "P388377.22",
                  "n": "20",
                  "label": "o 20"
                },
                {
                  "node": "l",
                  "frag": "u₃",
                  "id": "P388377.l00eca",
                  "ref": "P388377.22.1",
                  "inst": "u[and]CNJ",
                  "sig": "@obmc%sux:u₃=u[and//and]CNJ'CNJ$u/u₃#~",
                  "f": {
                    "lang": "sux",
                    "form": "u₃",
                    "cf": "u",
                    "gw": "and",
                    "sense": "and",
                    "norm0": "u",
                    "pos": "CNJ",
                    "epos": "CNJ",
                    "base": "u₃",
                    "morph": "~"
                  }
                },
                {
                  "node": "l",
                  "frag": "tukum-bi",
                  "id": "P388377.l00ecb",
                  "ref": "P388377.22.2",
                  "inst": "tukumbi[if]CNJ",
                  "sig": "@obmc%sux:tukum-bi=tukumbi[if//if]CNJ'CNJ$tukumbi/tukum-bi#~",
                  "f": {
                    "lang": "sux",
                    "form": "tukum-bi",
                    "cf": "tukumbi",
                    "gw": "if",
                    "sense": "if",
                    "norm0": "tukumbi",
                    "pos": "CNJ",
                    "epos": "CNJ",
                    "base": "tukum-bi",
                    "morph": "~"
                  }
                },
                {
                  "node": "l",
                  "frag": "i₃-li₂-tu-ra-am",
                  "id": "P388377.l00ecc",
                  "ref": "P388377.22.3",
                  "inst": "Ili-turam[1]PN",
                  "sig": "@obmc%sux:i₃-li₂-tu-ra-am=Ili-turam[1//1]PN'PN$Ili-turam/i₃-li₂-tu-ra-am#~",
                  "f": {
                    "lang": "sux",
                    "form": "i₃-li₂-tu-ra-am",
                    "cf": "Ili-turam",
                    "gw": "1",
                    "sense": "1",
                    "norm0": "Ili-turam",
                    "pos": "PN",
                    "epos": "PN",
                    "base": "i₃-li₂-tu-ra-am",
                    "morph": "~"
                  }
                },
                {
                  "node": "d",
                  "type": "line-start",
                  "ref": "P388377.23",
                  "n": "21",
                  "label": "o 21"
                },
                {
                  "node": "l",
                  "frag": "u₃",
                  "id": "P388377.l00ecd",
                  "ref": "P388377.23.1",
                  "inst": "u[and]CNJ",
                  "sig": "@obmc%sux:u₃=u[and//and]CNJ'CNJ$u/u₃#~",
                  "f": {
                    "lang": "sux",
                    "form": "u₃",
                    "cf": "u",
                    "gw": "and",
                    "sense": "and",
                    "norm0": "u",
                    "pos": "CNJ",
                    "epos": "CNJ",
                    "base": "u₃",
                    "morph": "~"
                  }
                },
                {
                  "node": "l",
                  "frag": "ša-at-{d}suen",
                  "id": "P388377.l00ece",
                  "ref": "P388377.23.2",
                  "inst": "Šat-Sin[1]PN",
                  "sig": "@obmc%sux:ša-at-{d}suen=Šat-Sin[1//1]PN'PN$Šat-Sin/ša-at-{d}suen#~",
                  "f": {
                    "lang": "sux",
                    "form": "ša-at-{d}suen",
                    "cf": "Šat-Sin",
                    "gw": "1",
                    "sense": "1",
                    "norm0": "Šat-Sin",
                    "pos": "PN",
                    "epos": "PN",
                    "base": "ša-at-{d}suen",
                    "morph": "~"
                  }
                },
                {
                  "node": "l",
                  "frag": "dam-a-ni",
                  "id": "P388377.l00ecf",
                  "ref": "P388377.23.3",
                  "inst": "dam[spouse]N",
                  "sig": "@obmc%sux:dam-a-ni=dam[spouse//spouse]N'N$dam,ani/dam#~,ani",
                  "f": {
                    "lang": "sux",
                    "form": "dam-a-ni",
                    "cf": "dam",
                    "gw": "spouse",
                    "sense": "spouse",
                    "norm0": "dam,ani",
                    "pos": "N",
                    "epos": "N",
                    "base": "dam",
                    "morph": "~,ani"
                  }
                },
                {
                  "node": "d",
                  "type": "line-start",
                  "ref": "P388377.24",
                  "n": "22",
                  "label": "o 22"
                },
                {
                  "node": "l",
                  "frag": "nam",
                  "id": "P388377.l00ed0",
                  "ref": "P388377.24.1",
                  "inst": "me[to be]V/i",
                  "sig": "@obmc%sux:nam=me[be//to be]V/i'V/i$me/nam#~",
                  "f": {
                    "lang": "sux",
                    "form": "nam",
                    "cf": "me",
                    "gw": "be",
                    "sense": "to be",
                    "norm0": "me",
                    "pos": "V/i",
                    "epos": "V/i",
                    "base": "nam",
                    "morph": "~"
                  }
                },
                {
                  "node": "l",
                  "frag": "{d}suen-a-bu-šu",
                  "id": "P388377.l00ed1",
                  "ref": "P388377.24.2",
                  "inst": "Sin-abušu[1]PN",
                  "sig": "@obmc%sux:{d}suen-a-bu-šu=Sin-abušu[1//1]PN'PN$Sin-abušu/{d}suen-a-bu-šu#~",
                  "f": {
                    "lang": "sux",
                    "form": "{d}suen-a-bu-šu",
                    "cf": "Sin-abušu",
                    "gw": "1",
                    "sense": "1",
                    "norm0": "Sin-abušu",
                    "pos": "PN",
                    "epos": "PN",
                    "base": "{d}suen-a-bu-šu",
                    "morph": "~"
                  }
                },
                {
                  "node": "d",
                  "type": "line-start",
                  "ref": "P388377.25",
                  "n": "23",
                  "label": "o 23"
                },
                {
                  "node": "l",
                  "frag": "dumu-ne-ne",
                  "id": "P388377.l00ed2",
                  "ref": "P388377.25.1",
                  "inst": "dumu[child, son, daughter]N",
                  "sig": "@obmc%sux:dumu-ne-ne=dumu[child//child, son, daughter]N'N$dumu,anene/dumu#~,anene",
                  "f": {
                    "lang": "sux",
                    "form": "dumu-ne-ne",
                    "cf": "dumu",
                    "gw": "child",
                    "sense": "child, son, daughter",
                    "norm0": "dumu,anene",
                    "pos": "N",
                    "epos": "N",
                    "base": "dumu",
                    "morph": "~,anene"
                  }
                },
                {
                  "node": "l",
                  "frag": "dumu-ŋu₁₀",
                  "id": "P388377.l00ed3",
                  "ref": "P388377.25.2",
                  "inst": "dumu[child, son, daughter]N",
                  "sig": "@obmc%sux:dumu-ŋu₁₀=dumu[child//child, son, daughter]N'N$dumu,ŋu/dumu#~,ŋu",
                  "f": {
                    "lang": "sux",
                    "form": "dumu-ŋu₁₀",
                    "cf": "dumu",
                    "gw": "child",
                    "sense": "child, son, daughter",
                    "norm0": "dumu,ŋu",
                    "pos": "N",
                    "epos": "N",
                    "base": "dumu",
                    "morph": "~,ŋu"
                  }
                },
                {
                  "node": "l",
                  "frag": "nu-me-en",
                  "id": "P388377.l00ed4",
                  "ref": "P388377.25.3",
                  "inst": "me[to be]V/i",
                  "sig": "@obmc%sux:nu-me-en=me[be//to be]V/i'V/i$nu:me;en/me#nu:~;en",
                  "f": {
                    "lang": "sux",
                    "form": "nu-me-en",
                    "cf": "me",
                    "gw": "be",
                    "sense": "to be",
                    "norm0": "nu:me;en",
                    "pos": "V/i",
                    "epos": "V/i",
                    "base": "me",
                    "morph": "nu:~;en"
                  }
                },
                {
                  "node": "d",
                  "subtype": "reverse",
                  "type": "reverse",
                  "ref": "P388377.r.26",
                  "label": "r"
                },
                {
                  "node": "d",
                  "type": "line-start",
                  "ref": "P388377.27",
                  "n": "1",
                  "label": "r 1"
                },
                {
                  "node": "l",
                  "frag": "ba-an-na-an-dug₄",
                  "id": "P388377.l00ed5",
                  "ref": "P388377.27.1",
                  "inst": "dug[speak]",
                  "sig": "@obmc%sux:ba-an-na-an-dug₄=dug[speak//speak]V/t'V/t$ba.na.n:dug/dug₄#ba.na.n:~",
                  "f": {
                    "lang": "sux",
                    "form": "ba-an-na-an-dug₄",
                    "cf": "dug",
                    "gw": "speak",
                    "sense": "speak",
                    "norm0": "ba.na.n:dug",
                    "pos": "V/t",
                    "epos": "V/t",
                    "base": "dug₄",
                    "morph": "ba.na.n:~"
                  }
                },
                {
                  "node": "d",
                  "type": "line-start",
                  "ref": "P388377.28",
                  "n": "2",
                  "label": "r 2"
                },
                {
                  "node": "l",
                  "frag": "e₂",
                  "id": "P388377.l00ed6",
                  "ref": "P388377.28.1",
                  "inst": "e[house]N",
                  "sig": "@obmc%sux:e₂=e[house//house]N'N$e/e₂#~",
                  "f": {
                    "lang": "sux",
                    "form": "e₂",
                    "cf": "e",
                    "gw": "house",
                    "sense": "house",
                    "norm0": "e",
                    "pos": "N",
                    "epos": "N",
                    "base": "e₂",
                    "morph": "~"
                  }
                },
                {
                  "node": "l",
                  "frag": "a-šag₄",
                  "id": "P388377.l00ed7",
                  "ref": "P388377.28.2",
                  "inst": "ašag[field]N",
                  "sig": "@obmc%sux:a-šag₄=ašag[field//field]N'N$ašag/a-šag₄#~",
                  "f": {
                    "lang": "sux",
                    "form": "a-šag₄",
                    "cf": "ašag",
                    "gw": "field",
                    "sense": "field",
                    "norm0": "ašag",
                    "pos": "N",
                    "epos": "N",
                    "base": "a-šag₄",
                    "morph": "~"
                  }
                },
                {
                  "node": "l",
                  "frag": "{ŋeš}kiri₆",
                  "id": "P388377.l00ed8",
                  "ref": "P388377.28.3",
                  "inst": "kiri[orchard]N",
                  "sig": "@obmc%sux:{ŋeš}kiri₆=kiri[orchard//orchard]N'N$kiri/{ŋeš}kiri₆#~",
                  "f": {
                    "lang": "sux",
                    "form": "{ŋeš}kiri₆",
                    "cf": "kiri",
                    "gw": "orchard",
                    "sense": "orchard",
                    "norm0": "kiri",
                    "pos": "N",
                    "epos": "N",
                    "base": "{ŋeš}kiri₆",
                    "morph": "~"
                  }
                },
                {
                  "node": "l",
                  "frag": "geme₂",
                  "id": "P388377.l00ed9",
                  "ref": "P388377.28.4",
                  "inst": "geme[female servant, slave]N",
                  "sig": "@obmc%sux:geme₂=geme[worker//female servant, slave]N'N$geme/geme₂#~",
                  "f": {
                    "lang": "sux",
                    "form": "geme₂",
                    "cf": "geme",
                    "gw": "worker",
                    "sense": "female servant, slave",
                    "norm0": "geme",
                    "pos": "N",
                    "epos": "N",
                    "base": "geme₂",
                    "morph": "~"
                  }
                },
                {
                  "node": "l",
                  "frag": "arad",
                  "id": "P388377.l00eda",
                  "ref": "P388377.28.5",
                  "inst": "arad[slave, servant]N",
                  "sig": "@obmc%sux:arad=arad[slave//slave]N'N$arad/arad#~",
                  "f": {
                    "lang": "sux",
                    "form": "arad",
                    "cf": "arad",
                    "gw": "slave",
                    "sense": "slave",
                    "norm0": "arad",
                    "pos": "N",
                    "epos": "N",
                    "base": "arad",
                    "morph": "~"
                  }
                },
                {
                  "node": "d",
                  "type": "line-start",
                  "ref": "P388377.29",
                  "n": "3",
                  "label": "r 3"
                },
                {
                  "node": "l",
                  "frag": "niŋ₂-gur₁₁-ra",
                  "id": "P388377.l00edb",
                  "ref": "P388377.29.1",
                  "inst": "niŋgur[property]N",
                  "sig": "@obmc%sux:niŋ₂-gur₁₁-ra=niŋgur[property//property]N'N$niŋgur,ak/niŋ₂-gur₁₁+-ra=r.a#~,ak",
                  "f": {
                    "lang": "sux",
                    "form": "niŋ₂-gur₁₁-ra",
                    "cf": "niŋgur",
                    "gw": "property",
                    "sense": "property",
                    "norm0": "niŋgur,ak",
                    "pos": "N",
                    "epos": "N",
                    "base": "niŋ₂-gur₁₁",
                    "cont": "-ra=r.a",
                    "morph": "~,ak"
                  }
                },
                {
                  "node": "l",
                  "frag": "u₃",
                  "id": "P388377.l00edc",
                  "ref": "P388377.29.2",
                  "inst": "u[and]CNJ",
                  "sig": "@obmc%sux:u₃=u[and//and]CNJ'CNJ$u/u₃#~",
                  "f": {
                    "lang": "sux",
                    "form": "u₃",
                    "cf": "u",
                    "gw": "and",
                    "sense": "and",
                    "norm0": "u",
                    "pos": "CNJ",
                    "epos": "CNJ",
                    "base": "u₃",
                    "morph": "~"
                  }
                },
                {
                  "node": "l",
                  "frag": "{ŋeš}šu-kara₂",
                  "id": "P388377.l00edd",
                  "ref": "P388377.29.3",
                  "inst": "šukara[tool, implement, utensil]N",
                  "sig": "@obmc%sux:{ŋeš}šu-kara₂=šukara[tool//tool, implement, utensil]N'N$šukara/{ŋeš}šu-kara₂#~",
                  "f": {
                    "lang": "sux",
                    "form": "{ŋeš}šu-kara₂",
                    "cf": "šukara",
                    "gw": "tool",
                    "sense": "tool, implement, utensil",
                    "norm0": "šukara",
                    "pos": "N",
                    "epos": "N",
                    "base": "{ŋeš}šu-kara₂",
                    "morph": "~"
                  }
                },
                {
                  "node": "l",
                  "frag": "a-na",
                  "id": "P388377.l00ede",
                  "ref": "P388377.29.4",
                  "inst": "ana[what?]QP",
                  "sig": "@obmc%sux:a-na=ana[what?//what?]QP'QP$ana/a-na#~",
                  "f": {
                    "lang": "sux",
                    "form": "a-na",
                    "cf": "ana",
                    "gw": "what?",
                    "sense": "what?",
                    "norm0": "ana",
                    "pos": "QP",
                    "epos": "QP",
                    "base": "a-na",
                    "morph": "~"
                  }
                },
                {
                  "node": "l",
                  "frag": "ŋal₂-la",
                  "id": "P388377.l00edf",
                  "ref": "P388377.29.5",
                  "inst": "ŋal[to exist]V/i",
                  "sig": "@obmc%sux:ŋal₂-la=ŋal[be//to exist]V/i'V/i$ŋal;a/ŋal₂+-la=l.a#~;a",
                  "f": {
                    "lang": "sux",
                    "form": "ŋal₂-la",
                    "cf": "ŋal",
                    "gw": "be",
                    "sense": "to exist",
                    "norm0": "ŋal;a",
                    "pos": "V/i",
                    "epos": "V/i",
                    "base": "ŋal₂",
                    "cont": "-la=l.a",
                    "morph": "~;a"
                  }
                },
                {
                  "node": "d",
                  "type": "line-start",
                  "ref": "P388377.30",
                  "n": "4",
                  "label": "r 4"
                },
                {
                  "node": "l",
                  "frag": "ba-ra-an-ed₃-de₃",
                  "id": "P388377.l00ee0",
                  "ref": "P388377.30.1",
                  "inst": "ed[forfeit]",
                  "sig": "@obmc%sux:ba-ra-an-ed₃-de₃=ed[ascend//to forfeit]V/i'V/t$ba.ta.V.n:ed;e/ed₃+-de₃=d.e#ba.ta.V.n:~;e",
                  "f": {
                    "lang": "sux",
                    "form": "ba-ra-an-ed₃-de₃",
                    "cf": "ed",
                    "gw": "ascend",
                    "sense": "to forfeit",
                    "norm0": "ba.ta.V.n:ed;e",
                    "pos": "V/i",
                    "epos": "V/t",
                    "base": "ed₃",
                    "cont": "-de₃=d.e",
                    "morph": "ba.ta.V.n:~;e"
                  }
                },
                {
                  "node": "d",
                  "type": "line-start",
                  "ref": "P388377.31",
                  "n": "5",
                  "label": "r 5"
                },
                {
                  "node": "l",
                  "frag": "mu",
                  "id": "P388377.l00ee1",
                  "ref": "P388377.31.1",
                  "inst": "mu[name]N",
                  "sig": "@obmc%sux:mu=mu[name//name]N'N$mu/mu#~",
                  "f": {
                    "lang": "sux",
                    "form": "mu",
                    "cf": "mu",
                    "gw": "name",
                    "sense": "name",
                    "norm0": "mu",
                    "pos": "N",
                    "epos": "N",
                    "base": "mu",
                    "morph": "~"
                  }
                },
                {
                  "node": "l",
                  "frag": "{d}nanna",
                  "id": "P388377.l00ee2",
                  "ref": "P388377.31.2",
                  "inst": "Nanna[1]DN",
                  "sig": "@obmc%sux:{d}nanna=Nanna[1//1]DN'DN$Nanna/{d}nanna#~",
                  "f": {
                    "lang": "sux",
                    "form": "{d}nanna",
                    "cf": "Nanna",
                    "gw": "1",
                    "sense": "1",
                    "norm0": "Nanna",
                    "pos": "DN",
                    "epos": "DN",
                    "base": "{d}nanna",
                    "morph": "~"
                  }
                },
                {
                  "node": "l",
                  "frag": "{d}utu",
                  "id": "P388377.l00ee3",
                  "ref": "P388377.31.3",
                  "inst": "Utu[1]DN",
                  "sig": "@obmc%sux:{d}utu=Utu[1//1]DN'DN$Utu/{d}utu#~",
                  "f": {
                    "lang": "sux",
                    "form": "{d}utu",
                    "cf": "Utu",
                    "gw": "1",
                    "sense": "1",
                    "norm0": "Utu",
                    "pos": "DN",
                    "epos": "DN",
                    "base": "{d}utu",
                    "morph": "~"
                  }
                },
                {
                  "node": "l",
                  "frag": "u₃",
                  "id": "P388377.l00ee4",
                  "ref": "P388377.31.4",
                  "inst": "u[and]CNJ",
                  "sig": "@obmc%sux:u₃=u[and//and]CNJ'CNJ$u/u₃#~",
                  "f": {
                    "lang": "sux",
                    "form": "u₃",
                    "cf": "u",
                    "gw": "and",
                    "sense": "and",
                    "norm0": "u",
                    "pos": "CNJ",
                    "epos": "CNJ",
                    "base": "u₃",
                    "morph": "~"
                  }
                },
                {
                  "node": "l",
                  "frag": "{d}ri-im-{d}suen",
                  "id": "P388377.l00ee5",
                  "ref": "P388377.31.5",
                  "inst": "Rim-Sin[1]RN",
                  "sig": "@obmc%sux:{d}ri-im-{d}suen=Rim-Sin[1//1]RN'RN$Rim-Sin/{d}ri-im-{d}suen#~",
                  "f": {
                    "lang": "sux",
                    "form": "{d}ri-im-{d}suen",
                    "cf": "Rim-Sin",
                    "gw": "1",
                    "sense": "1",
                    "norm0": "Rim-Sin",
                    "pos": "RN",
                    "epos": "RN",
                    "base": "{d}ri-im-{d}suen",
                    "morph": "~"
                  }
                },
                {
                  "node": "d",
                  "type": "line-start",
                  "ref": "P388377.32",
                  "n": "6",
                  "label": "r 6"
                },
                {
                  "node": "l",
                  "frag": "in-pad₃-da-eš",
                  "id": "P388377.l00ee6",
                  "ref": "P388377.32.1",
                  "inst": "pad[swear]",
                  "sig": "@obmc%sux:in-pad₃-da-eš=pad[find//to swear]V/t'V/t$V.n:pad;eše/pad₃#V.n:~;eše",
                  "f": {
                    "lang": "sux",
                    "form": "in-pad₃-da-eš",
                    "cf": "pad",
                    "gw": "find",
                    "sense": "to swear",
                    "norm0": "V.n:pad;eše",
                    "pos": "V/t",
                    "epos": "V/t",
                    "base": "pad₃",
                    "morph": "V.n:~;eše"
                  }
                }
              ]
            }
          ]
        }
      ]
    },
    {
      "linkbase": [
        {
          "type": "linkset",
          "xlink_title": "umbin TAR[shave//to shave]V/t'V/t",
          "id": "P388377.ls00000",
          "xlink_type": "extended",
          "xlink_role": "psu",
          "sig": "{umbin an-kud-da = umbin[wheel]N TAR[cvve]V/t += umbin TAR[shave//to shave]V/t'V/t}::@obmc%sux:umbin=umbin[wheel//wheel]N'N$umbin/umbin#~++@obmc%sux:an-kud-da=TAR[cvve//cvve]V/t'V/t$V.n:TAR;a/kud#V.n:~;a",
          "links": [
            {
              "type": "link",
              "xlink_title": "umbin",
              "xlink_type": "locator",
              "xlink_href": "#P388377.l00ec4",
              "xlink_role": "elt"
            },
            {
              "type": "link",
              "xlink_title": "TAR",
              "xlink_type": "locator",
              "xlink_href": "#P388377.l00ec5",
              "xlink_role": "elt"
            }
          ]
        }
      ]
    }
  ]
}
