{
  "type": "cdl",
  "source": "http://oracc.org/obmc",
  "license": "This data is released under the CC0 license",
  "license-url": "https://creativecommons.org/publicdomain/zero/1.0/",
  "more-info": "http://oracc.org/doc/opendata/",
  "UTC-timestamp": "2017-06-10T00:07:08",
  "project": "obmc",
  "textid": "P388376",
  "cdl": [
    {
      "node": "c",
      "type": "text",
      "id": "P388376.U0",
      "cdl": [
        {
          "node": "d",
          "subtype": "tablet",
          "type": "tablet",
          "ref": "P388376.x71.1",
          "label": "x71"
        },
        {
          "node": "d",
          "subtype": "obverse",
          "type": "obverse",
          "ref": "P388376.o.2",
          "label": "o"
        },
        {
          "node": "c",
          "type": "discourse",
          "subtype": "body",
          "id": "P388376.U1",
          "cdl": [
            {
              "node": "c",
              "type": "sentence",
              "id": "P388376.U2",
              "label": "o 1 - r 8",
              "cdl": [
                {
                  "node": "d",
                  "type": "line-start",
                  "ref": "P388376.3",
                  "n": "1",
                  "label": "o 1"
                },
                {
                  "node": "l",
                  "frag": "[n]",
                  "id": "P388376.l00e6e",
                  "ref": "P388376.3.1",
                  "inst": "n",
                  "f": {
                    "lang": "sux",
                    "form": "n",
                    "pos": "n"
                  }
                },
                {
                  "node": "l",
                  "frag": "ma-na",
                  "id": "P388376.l00e6f",
                  "ref": "P388376.3.2",
                  "inst": "mana[a unit of weight]N",
                  "sig": "@obmc%sux:ma-na=mana[unit//a unit of weight]N'N$mana/ma-na#~",
                  "f": {
                    "lang": "sux",
                    "form": "ma-na",
                    "cf": "mana",
                    "gw": "unit",
                    "sense": "a unit of weight",
                    "norm0": "mana",
                    "pos": "N",
                    "epos": "N",
                    "base": "ma-na",
                    "morph": "~"
                  }
                },
                {
                  "node": "l",
                  "frag": "kug-babbar",
                  "id": "P388376.l00e70",
                  "ref": "P388376.3.3",
                  "inst": "kugbabbar[silver]N",
                  "sig": "@obmc%sux:kug-babbar=kugbabbar[silver//silver]N'N$kugbabbar/kug-babbar#~",
                  "f": {
                    "lang": "sux",
                    "form": "kug-babbar",
                    "cf": "kugbabbar",
                    "gw": "silver",
                    "sense": "silver",
                    "norm0": "kugbabbar",
                    "pos": "N",
                    "epos": "N",
                    "base": "kug-babbar",
                    "morph": "~"
                  }
                },
                {
                  "node": "d",
                  "type": "line-start",
                  "ref": "P388376.4",
                  "n": "2",
                  "label": "o 2"
                },
                {
                  "node": "l",
                  "frag": "ki",
                  "id": "P388376.l00e71",
                  "ref": "P388376.4.1",
                  "inst": "ki[place]N",
                  "sig": "@obmc%sux:ki=ki[place//place]N'N$ki/ki#~",
                  "f": {
                    "lang": "sux",
                    "form": "ki",
                    "cf": "ki",
                    "gw": "place",
                    "sense": "place",
                    "norm0": "ki",
                    "pos": "N",
                    "epos": "N",
                    "base": "ki",
                    "morph": "~"
                  }
                },
                {
                  "node": "l",
                  "frag": "lu₂-{⸢d⸣}asar-lu₂-hi",
                  "id": "P388376.l00e72",
                  "ref": "P388376.4.2",
                  "inst": "Lu-Asarluhi[]PN",
                  "sig": "@obmc%sux:lu₂-{d}asar-lu₂-hi=Lu-Asarluhi[1//1]PN'PN$Lu-Asarluhi/lu₂-{d}asar-lu₂-hi#~",
                  "f": {
                    "lang": "sux",
                    "form": "lu₂-{d}asar-lu₂-hi",
                    "cf": "Lu-Asarluhi",
                    "gw": "1",
                    "sense": "1",
                    "norm0": "Lu-Asarluhi",
                    "pos": "PN",
                    "epos": "PN",
                    "base": "lu₂-{d}asar-lu₂-hi",
                    "morph": "~"
                  }
                },
                {
                  "node": "d",
                  "type": "line-start",
                  "ref": "P388376.5",
                  "n": "3",
                  "label": "o 3"
                },
                {
                  "node": "l",
                  "frag": "{m}dan-⸢nu⸣-er₃-ra",
                  "id": "P388376.l00e73",
                  "ref": "P388376.5.1",
                  "inst": "Dannu-Erra[]PN",
                  "sig": "@obmc%sux:{m}dan-nu-er₃-ra=Dannu-Erra[1//1]PN'PN$Dannu-Erra/{m}dan-nu-er₃-ra#~",
                  "f": {
                    "lang": "sux",
                    "form": "{m}dan-nu-er₃-ra",
                    "cf": "Dannu-Erra",
                    "gw": "1",
                    "sense": "1",
                    "norm0": "Dannu-Erra",
                    "pos": "PN",
                    "epos": "PN",
                    "base": "{m}dan-nu-er₃-ra",
                    "morph": "~"
                  }
                },
                {
                  "node": "d",
                  "type": "line-start",
                  "ref": "P388376.6",
                  "n": "4",
                  "label": "o 4"
                },
                {
                  "node": "l",
                  "frag": "u₃",
                  "id": "P388376.l00e74",
                  "ref": "P388376.6.1",
                  "inst": "u[and]CNJ",
                  "sig": "@obmc%sux:u₃=u[and//and]CNJ'CNJ$u/u₃#~",
                  "f": {
                    "lang": "sux",
                    "form": "u₃",
                    "cf": "u",
                    "gw": "and",
                    "sense": "and",
                    "norm0": "u",
                    "pos": "CNJ",
                    "epos": "CNJ",
                    "base": "u₃",
                    "morph": "~"
                  }
                },
                {
                  "node": "l",
                  "frag": "nu-ur₂-{d}INANA",
                  "id": "P388376.l00e75",
                  "ref": "P388376.6.2",
                  "inst": "Nur-Eštar[]PN",
                  "sig": "@obmc%sux:nu-ur₂-{d}INANA=Nur-Eštar[1//1]PN'PN$Nur-Eštar/nu-ur₂-{d}INANA#~",
                  "f": {
                    "lang": "sux",
                    "form": "nu-ur₂-{d}INANA",
                    "cf": "Nur-Eštar",
                    "gw": "1",
                    "sense": "1",
                    "norm0": "Nur-Eštar",
                    "pos": "PN",
                    "epos": "PN",
                    "base": "nu-ur₂-{d}INANA",
                    "morph": "~"
                  }
                },
                {
                  "node": "d",
                  "type": "line-start",
                  "ref": "P388376.7",
                  "n": "5",
                  "label": "o 5"
                },
                {
                  "node": "c",
                  "type": "phrase",
                  "tag": "phr",
                  "id": "P388376.U4",
                  "ref": "P388376.ls00000",
                  "cdl": [
                    {
                      "node": "l",
                      "frag": "šu",
                      "id": "P388376.l00e76",
                      "ref": "P388376.7.1",
                      "inst": "šu[hand]N",
                      "sig": "@obmc%sux:šu=šu[hand//hand]N'N$šu/šu#~",
                      "f": {
                        "lang": "sux",
                        "form": "šu",
                        "cf": "šu",
                        "gw": "hand",
                        "sense": "hand",
                        "norm0": "šu",
                        "pos": "N",
                        "epos": "N",
                        "base": "šu",
                        "morph": "~"
                      }
                    },
                    {
                      "node": "l",
                      "frag": "ba-an-ti-me-eš",
                      "id": "P388376.l00e77",
                      "ref": "P388376.7.2",
                      "inst": "teŋ[approach]",
                      "sig": "@obmc%sux:ba-an-ti-me-eš=teŋ[approach//approach]V/i'V/i$ba.n:teŋ;me.eš/ti#ba.n:~;me.eš",
                      "f": {
                        "lang": "sux",
                        "form": "ba-an-ti-me-eš",
                        "cf": "teŋ",
                        "gw": "approach",
                        "sense": "approach",
                        "norm0": "ba.n:teŋ;me.eš",
                        "pos": "V/i",
                        "epos": "V/i",
                        "base": "ti",
                        "morph": "ba.n:~;me.eš"
                      }
                    }
                  ]
                },
                {
                  "node": "d",
                  "type": "line-start",
                  "ref": "P388376.8",
                  "n": "6",
                  "label": "o 6"
                },
                {
                  "node": "l",
                  "frag": "maš₂-bi-še₃",
                  "id": "P388376.l00e78",
                  "ref": "P388376.8.1",
                  "inst": "maš[interest (on a loan)]N",
                  "sig": "@obmc%sux:maš₂-bi-še₃=maš[interest//interest (on a loan)]N'N$maš,bi.eše/maš₂#~,bi.eše",
                  "f": {
                    "lang": "sux",
                    "form": "maš₂-bi-še₃",
                    "cf": "maš",
                    "gw": "interest",
                    "sense": "interest (on a loan)",
                    "norm0": "maš,bi.eše",
                    "pos": "N",
                    "epos": "N",
                    "base": "maš₂",
                    "morph": "~,bi.eše"
                  }
                },
                {
                  "node": "d",
                  "type": "line-start",
                  "ref": "P388376.9",
                  "n": "7",
                  "label": "o 7"
                },
                {
                  "node": "l",
                  "frag": "1(bur₃)",
                  "id": "P388376.l00e79",
                  "ref": "P388376.9.1",
                  "inst": "n",
                  "f": {
                    "lang": "sux",
                    "form": "1(bur₃)",
                    "pos": "n"
                  }
                },
                {
                  "node": "l",
                  "frag": "1(eše₃)",
                  "id": "P388376.l00e7a",
                  "ref": "P388376.9.2",
                  "inst": "n",
                  "f": {
                    "lang": "sux",
                    "form": "1(eše₃)",
                    "pos": "n"
                  }
                },
                {
                  "node": "l",
                  "frag": "iku",
                  "id": "P388376.l00e7b",
                  "ref": "P388376.9.3",
                  "inst": "iku[a unit of area]N",
                  "sig": "@obmc%sux:iku=iku[unit//a unit of area]N'N$iku/iku#~",
                  "f": {
                    "lang": "sux",
                    "form": "iku",
                    "cf": "iku",
                    "gw": "unit",
                    "sense": "a unit of area",
                    "norm0": "iku",
                    "pos": "N",
                    "epos": "N",
                    "base": "iku",
                    "morph": "~"
                  }
                },
                {
                  "node": "l",
                  "frag": "a-šag₄",
                  "id": "P388376.l00e7c",
                  "ref": "P388376.9.4",
                  "inst": "ašag[field]N",
                  "sig": "@obmc%sux:a-šag₄=ašag[field//field]N'N$ašag/a-šag₄#~",
                  "f": {
                    "lang": "sux",
                    "form": "a-šag₄",
                    "cf": "ašag",
                    "gw": "field",
                    "sense": "field",
                    "norm0": "ašag",
                    "pos": "N",
                    "epos": "N",
                    "base": "a-šag₄",
                    "morph": "~"
                  }
                },
                {
                  "node": "l",
                  "frag": "šub₅",
                  "id": "P388376.l00e7d",
                  "ref": "P388376.9.5",
                  "inst": "šub[rush, sedge]N",
                  "sig": "@obmc%sux:šub₅=šub[rush//rush, sedge]N'N$šub/šub₅#~",
                  "f": {
                    "lang": "sux",
                    "form": "šub₅",
                    "cf": "šub",
                    "gw": "rush",
                    "sense": "rush, sedge",
                    "norm0": "šub",
                    "pos": "N",
                    "epos": "N",
                    "base": "šub₅",
                    "morph": "~"
                  }
                },
                {
                  "node": "l",
                  "frag": "še",
                  "id": "P388376.l00e7e",
                  "ref": "P388376.9.6",
                  "inst": "še[barley]N",
                  "sig": "@obmc%sux:še=še[barley//barley]N'N$še/še#~",
                  "f": {
                    "lang": "sux",
                    "form": "še",
                    "cf": "še",
                    "gw": "barley",
                    "sense": "barley",
                    "norm0": "še",
                    "pos": "N",
                    "epos": "N",
                    "base": "še",
                    "morph": "~"
                  }
                },
                {
                  "node": "d",
                  "type": "line-start",
                  "ref": "P388376.10",
                  "n": "8",
                  "label": "o 8"
                },
                {
                  "node": "l",
                  "frag": "dal-ba-na",
                  "id": "P388376.l00e7f",
                  "ref": "P388376.10.1",
                  "inst": "dalbana[intermediate space]N",
                  "sig": "@obmc%sux:dal-ba-na=dalbana[space//intermediate space]N'N$dalbana/dal-ba-na#~",
                  "f": {
                    "lang": "sux",
                    "form": "dal-ba-na",
                    "cf": "dalbana",
                    "gw": "space",
                    "sense": "intermediate space",
                    "norm0": "dalbana",
                    "pos": "N",
                    "epos": "N",
                    "base": "dal-ba-na",
                    "morph": "~"
                  }
                },
                {
                  "node": "l",
                  "frag": "a-šag₄",
                  "id": "P388376.l00e80",
                  "ref": "P388376.10.2",
                  "inst": "ašag[field]N",
                  "sig": "@obmc%sux:a-šag₄=ašag[field//field]N'N$ašag/a-šag₄#~",
                  "f": {
                    "lang": "sux",
                    "form": "a-šag₄",
                    "cf": "ašag",
                    "gw": "field",
                    "sense": "field",
                    "norm0": "ašag",
                    "pos": "N",
                    "epos": "N",
                    "base": "a-šag₄",
                    "morph": "~"
                  }
                },
                {
                  "node": "l",
                  "frag": "lugal-la-ta",
                  "id": "P388376.l00e81",
                  "ref": "P388376.10.3",
                  "inst": "lugal[owner]N",
                  "sig": "@obmc%sux:lugal-la-ta=lugal[king//owner]N'N$lugal,ak.ta/lugal+-la=l.a#~,ak.ta",
                  "f": {
                    "lang": "sux",
                    "form": "lugal-la-ta",
                    "cf": "lugal",
                    "gw": "king",
                    "sense": "owner",
                    "norm0": "lugal,ak.ta",
                    "pos": "N",
                    "epos": "N",
                    "base": "lugal",
                    "cont": "-la=l.a",
                    "morph": "~,ak.ta"
                  }
                },
                {
                  "node": "d",
                  "type": "line-start",
                  "ref": "P388376.11",
                  "n": "9",
                  "label": "o 9"
                },
                {
                  "node": "l",
                  "frag": "u₃",
                  "id": "P388376.l00e82",
                  "ref": "P388376.11.1",
                  "inst": "u[and]CNJ",
                  "sig": "@obmc%sux:u₃=u[and//and]CNJ'CNJ$u/u₃#~",
                  "f": {
                    "lang": "sux",
                    "form": "u₃",
                    "cf": "u",
                    "gw": "and",
                    "sense": "and",
                    "norm0": "u",
                    "pos": "CNJ",
                    "epos": "CNJ",
                    "base": "u₃",
                    "morph": "~"
                  }
                },
                {
                  "node": "l",
                  "frag": "a-šag₄",
                  "id": "P388376.l00e83",
                  "ref": "P388376.11.2",
                  "inst": "ašag[field]N",
                  "sig": "@obmc%sux:a-šag₄=ašag[field//field]N'N$ašag/a-šag₄#~",
                  "f": {
                    "lang": "sux",
                    "form": "a-šag₄",
                    "cf": "ašag",
                    "gw": "field",
                    "sense": "field",
                    "norm0": "ašag",
                    "pos": "N",
                    "epos": "N",
                    "base": "a-šag₄",
                    "morph": "~"
                  }
                },
                {
                  "node": "l",
                  "frag": "inim-diŋir-ra",
                  "id": "P388376.l00e84",
                  "ref": "P388376.11.3",
                  "inst": "Inimdiŋira[]PN",
                  "sig": "@obmc%sux:inim-diŋir-ra=Inimdiŋira[1//1]PN'PN$Inimdiŋira/inim-diŋir-ra#~",
                  "f": {
                    "lang": "sux",
                    "form": "inim-diŋir-ra",
                    "cf": "Inimdiŋira",
                    "gw": "1",
                    "sense": "1",
                    "norm0": "Inimdiŋira",
                    "pos": "PN",
                    "epos": "PN",
                    "base": "inim-diŋir-ra",
                    "morph": "~"
                  }
                },
                {
                  "node": "d",
                  "type": "line-start",
                  "ref": "P388376.12",
                  "n": "10",
                  "label": "o 10"
                },
                {
                  "node": "l",
                  "frag": "a-šag₄",
                  "id": "P388376.l00e85",
                  "ref": "P388376.12.1",
                  "inst": "ašag[field]N",
                  "sig": "@obmc%sux:a-šag₄=ašag[field//field]N'N$ašag/a-šag₄#~",
                  "f": {
                    "lang": "sux",
                    "form": "a-šag₄",
                    "cf": "ašag",
                    "gw": "field",
                    "sense": "field",
                    "norm0": "ašag",
                    "pos": "N",
                    "epos": "N",
                    "base": "a-šag₄",
                    "morph": "~"
                  }
                },
                {
                  "node": "l",
                  "frag": "dan-er₃-ra",
                  "id": "P388376.l00e86",
                  "ref": "P388376.12.2",
                  "inst": "Dannu-Erra[]PN",
                  "sig": "@obmc%sux:dan-er₃-ra=Dannu-Erra[1//1]PN'PN$Dannu-Erra/dan-er₃-ra#~",
                  "f": {
                    "lang": "sux",
                    "form": "dan-er₃-ra",
                    "cf": "Dannu-Erra",
                    "gw": "1",
                    "sense": "1",
                    "norm0": "Dannu-Erra",
                    "pos": "PN",
                    "epos": "PN",
                    "base": "dan-er₃-ra",
                    "morph": "~"
                  }
                },
                {
                  "node": "d",
                  "type": "line-start",
                  "ref": "P388376.13",
                  "n": "11",
                  "label": "o 11"
                },
                {
                  "node": "l",
                  "frag": "u₃",
                  "id": "P388376.l00e87",
                  "ref": "P388376.13.1",
                  "inst": "u[and]CNJ",
                  "sig": "@obmc%sux:u₃=u[and//and]CNJ'CNJ$u/u₃#~",
                  "f": {
                    "lang": "sux",
                    "form": "u₃",
                    "cf": "u",
                    "gw": "and",
                    "sense": "and",
                    "norm0": "u",
                    "pos": "CNJ",
                    "epos": "CNJ",
                    "base": "u₃",
                    "morph": "~"
                  }
                },
                {
                  "node": "l",
                  "frag": "⸢nu-ur₂⸣-{d}INANA",
                  "id": "P388376.l00e88",
                  "ref": "P388376.13.2",
                  "inst": "Nur-Eštar[1]PN",
                  "sig": "@obmc%sux:nu-ur₂-{d}INANA=Nur-Eštar[1//1]PN'PN$Nur-Eštar/nu-ur₂-{d}INANA#~",
                  "f": {
                    "lang": "sux",
                    "form": "nu-ur₂-{d}INANA",
                    "cf": "Nur-Eštar",
                    "gw": "1",
                    "sense": "1",
                    "norm0": "Nur-Eštar",
                    "pos": "PN",
                    "epos": "PN",
                    "base": "nu-ur₂-{d}INANA",
                    "morph": "~"
                  }
                },
                {
                  "node": "d",
                  "type": "line-start",
                  "ref": "P388376.14",
                  "n": "12",
                  "label": "o 12"
                },
                {
                  "node": "l",
                  "frag": "kug-ta",
                  "id": "P388376.l00e89",
                  "ref": "P388376.14.1",
                  "inst": "kug[silver]",
                  "sig": "@obmc%sux:kug-ta=kug[metal//silver]N'N$kug,ta/kug#~,ta",
                  "f": {
                    "lang": "sux",
                    "form": "kug-ta",
                    "cf": "kug",
                    "gw": "metal",
                    "sense": "silver",
                    "norm0": "kug,ta",
                    "pos": "N",
                    "epos": "N",
                    "base": "kug",
                    "morph": "~,ta"
                  }
                },
                {
                  "node": "l",
                  "frag": "ib₂-ta-[gub-bu]",
                  "id": "P388376.l00e8a",
                  "ref": "P388376.14.2",
                  "inst": "gub[be pledged]",
                  "sig": "@obmc%sux:ib₂-ta-gub-bu=gub[stand//to be pledged]V/i'V/i$V.b.ta:gub;e/gub#V.b.ta:~;e",
                  "f": {
                    "lang": "sux",
                    "form": "ib₂-ta-gub-bu",
                    "cf": "gub",
                    "gw": "stand",
                    "sense": "to be pledged",
                    "norm0": "V.b.ta:gub;e",
                    "pos": "V/i",
                    "epos": "V/i",
                    "base": "gub",
                    "morph": "V.b.ta:~;e"
                  }
                },
                {
                  "node": "d",
                  "type": "line-start",
                  "ref": "P388376.15",
                  "n": "13",
                  "label": "o 13"
                },
                {
                  "node": "l",
                  "frag": "tukum-bi",
                  "id": "P388376.l00e8b",
                  "ref": "P388376.15.1",
                  "inst": "tukumbi[if]CNJ",
                  "sig": "@obmc%sux:tukum-bi=tukumbi[if//if]CNJ'CNJ$tukumbi/tukum-bi#~",
                  "f": {
                    "lang": "sux",
                    "form": "tukum-bi",
                    "cf": "tukumbi",
                    "gw": "if",
                    "sense": "if",
                    "norm0": "tukumbi",
                    "pos": "CNJ",
                    "epos": "CNJ",
                    "base": "tukum-bi",
                    "morph": "~"
                  }
                },
                {
                  "node": "d",
                  "type": "line-start",
                  "ref": "P388376.16",
                  "n": "14",
                  "label": "o 14"
                },
                {
                  "node": "l",
                  "frag": "a-šag₄-ga-ne-ne",
                  "id": "P388376.l00e8c",
                  "ref": "P388376.16.1",
                  "inst": "ašag[field]",
                  "sig": "@obmc%sux:a-šag₄-ga-ne-ne=ašag[field//field]N'N$ašag,anene/a-šag₄#~,anene",
                  "f": {
                    "lang": "sux",
                    "form": "a-šag₄-ga-ne-ne",
                    "cf": "ašag",
                    "gw": "field",
                    "sense": "field",
                    "norm0": "ašag,anene",
                    "pos": "N",
                    "epos": "N",
                    "base": "a-šag₄",
                    "morph": "~,anene"
                  }
                },
                {
                  "node": "d",
                  "type": "line-start",
                  "ref": "P388376.17",
                  "n": "15",
                  "label": "o 15"
                },
                {
                  "node": "l",
                  "frag": "a",
                  "id": "P388376.l00e8d",
                  "ref": "P388376.17.1",
                  "inst": "a[water]N",
                  "sig": "@obmc%sux:a=a[water//water]N'N$a/a#~",
                  "f": {
                    "lang": "sux",
                    "form": "a",
                    "cf": "a",
                    "gw": "water",
                    "sense": "water",
                    "norm0": "a",
                    "pos": "N",
                    "epos": "N",
                    "base": "a",
                    "morph": "~"
                  }
                },
                {
                  "node": "l",
                  "frag": "la-ba-an-⸢de₂⸣",
                  "id": "P388376.l00e8e",
                  "ref": "P388376.17.2",
                  "inst": "de[pour]",
                  "sig": "@obmc%sux:la-ba-an-de₂=de[pour//to pour]V/t'V/t$nu.ba.n:de/de₂#nu.ba.n:~",
                  "f": {
                    "lang": "sux",
                    "form": "la-ba-an-de₂",
                    "cf": "de",
                    "gw": "pour",
                    "sense": "to pour",
                    "norm0": "nu.ba.n:de",
                    "pos": "V/t",
                    "epos": "V/t",
                    "base": "de₂",
                    "morph": "nu.ba.n:~"
                  }
                },
                {
                  "node": "d",
                  "type": "line-start",
                  "ref": "P388376.18",
                  "n": "16",
                  "label": "o 16"
                },
                {
                  "node": "l",
                  "frag": "maš₂",
                  "id": "P388376.l00e8f",
                  "ref": "P388376.18.1",
                  "inst": "maš[interest (on a loan)]N",
                  "sig": "@obmc%sux:maš₂=maš[interest//interest (on a loan)]N'N$maš/maš₂#~",
                  "f": {
                    "lang": "sux",
                    "form": "maš₂",
                    "cf": "maš",
                    "gw": "interest",
                    "sense": "interest (on a loan)",
                    "norm0": "maš",
                    "pos": "N",
                    "epos": "N",
                    "base": "maš₂",
                    "morph": "~"
                  }
                },
                {
                  "node": "l",
                  "frag": "1",
                  "id": "P388376.l00e90",
                  "ref": "P388376.18.2",
                  "inst": "n",
                  "f": {
                    "lang": "sux",
                    "form": "1",
                    "pos": "n"
                  }
                },
                {
                  "node": "l",
                  "frag": "ma-na",
                  "id": "P388376.l00e91",
                  "ref": "P388376.18.3",
                  "inst": "mana[a unit of weight]N",
                  "sig": "@obmc%sux:ma-na=mana[unit//a unit of weight]N'N$mana/ma-na#~",
                  "f": {
                    "lang": "sux",
                    "form": "ma-na",
                    "cf": "mana",
                    "gw": "unit",
                    "sense": "a unit of weight",
                    "norm0": "mana",
                    "pos": "N",
                    "epos": "N",
                    "base": "ma-na",
                    "morph": "~"
                  }
                },
                {
                  "node": "l",
                  "frag": "1/3",
                  "id": "P388376.l00e92",
                  "ref": "P388376.18.4",
                  "inst": "n",
                  "f": {
                    "lang": "sux",
                    "form": "1/3",
                    "pos": "n"
                  }
                },
                {
                  "node": "l",
                  "frag": "ma-⸢na-ta⸣",
                  "id": "P388376.l00e93",
                  "ref": "P388376.18.5",
                  "inst": "mana[a unit of weight]N",
                  "sig": "@obmc%sux:ma-na-ta=mana[unit//a unit of weight]N'N$mana,ta/ma-na#~,ta",
                  "f": {
                    "lang": "sux",
                    "form": "ma-na-ta",
                    "cf": "mana",
                    "gw": "unit",
                    "sense": "a unit of weight",
                    "norm0": "mana,ta",
                    "pos": "N",
                    "epos": "N",
                    "base": "ma-na",
                    "morph": "~,ta"
                  }
                },
                {
                  "node": "d",
                  "subtype": "reverse",
                  "type": "reverse",
                  "ref": "P388376.r.19",
                  "label": "r"
                },
                {
                  "node": "d",
                  "type": "line-start",
                  "ref": "P388376.20",
                  "n": "1",
                  "label": "r 1"
                },
                {
                  "node": "l",
                  "frag": "ba-ab-tah-e",
                  "id": "P388376.l00e94",
                  "ref": "P388376.20.1",
                  "inst": "tah[to add, increase]V/t",
                  "sig": "@obmc%sux:ba-ab-tah-e=tah[add//to add, increase]V/t'V/t$ba.b:tah;e/tah#ba.b:~;e",
                  "f": {
                    "lang": "sux",
                    "form": "ba-ab-tah-e",
                    "cf": "tah",
                    "gw": "add",
                    "sense": "to add, increase",
                    "norm0": "ba.b:tah;e",
                    "pos": "V/t",
                    "epos": "V/t",
                    "base": "tah",
                    "morph": "ba.b:~;e"
                  }
                },
                {
                  "node": "d",
                  "type": "line-start",
                  "ref": "P388376.21",
                  "n": "2",
                  "label": "r 2"
                },
                {
                  "node": "l",
                  "frag": "daŋal",
                  "id": "P388376.l00e95",
                  "ref": "P388376.21.1",
                  "inst": "daŋal[(to be) wide]V/i",
                  "sig": "@obmc%sux:daŋal=daŋal[wide//(to be) wide]V/i'V/i$daŋal/daŋal#~",
                  "f": {
                    "lang": "sux",
                    "form": "daŋal",
                    "cf": "daŋal",
                    "gw": "wide",
                    "sense": "(to be) wide",
                    "norm0": "daŋal",
                    "pos": "V/i",
                    "epos": "V/i",
                    "base": "daŋal",
                    "morph": "~"
                  }
                },
                {
                  "node": "l",
                  "frag": "a-šag₄-ga-bi",
                  "id": "P388376.l00e96",
                  "ref": "P388376.21.2",
                  "inst": "ašag[field]N",
                  "sig": "@obmc%sux:a-šag₄-ga-bi=ašag[field//field]N'N$ašag,ak.bi/a-šag₄+-ga=g.a#~,ak.bi",
                  "f": {
                    "lang": "sux",
                    "form": "a-šag₄-ga-bi",
                    "cf": "ašag",
                    "gw": "field",
                    "sense": "field",
                    "norm0": "ašag,ak.bi",
                    "pos": "N",
                    "epos": "N",
                    "base": "a-šag₄",
                    "cont": "-ga=g.a",
                    "morph": "~,ak.bi"
                  }
                },
                {
                  "node": "d",
                  "type": "line-start",
                  "ref": "P388376.22",
                  "n": "3",
                  "label": "r 3"
                },
                {
                  "node": "l",
                  "frag": "šu-ri-a-bi",
                  "id": "P388376.l00e97",
                  "ref": "P388376.22.1",
                  "inst": "šuria[half]",
                  "sig": "@obmc%sux:šu-ri-a-bi=šuria[half//half]N'N$šuria,bi/šu-ri-a#~,bi",
                  "f": {
                    "lang": "sux",
                    "form": "šu-ri-a-bi",
                    "cf": "šuria",
                    "gw": "half",
                    "sense": "half",
                    "norm0": "šuria,bi",
                    "pos": "N",
                    "epos": "N",
                    "base": "šu-ri-a",
                    "morph": "~,bi"
                  }
                },
                {
                  "node": "d",
                  "type": "line-start",
                  "ref": "P388376.23",
                  "n": "4",
                  "label": "r 4"
                },
                {
                  "node": "l",
                  "frag": "{m}lu₂-{d}asar-lu₂-hi",
                  "id": "P388376.l00e98",
                  "ref": "P388376.23.1",
                  "inst": "Lu-Asarluhi[]PN",
                  "sig": "@obmc%sux:{m}lu₂-{d}asar-lu₂-hi=Lu-Asarluhi[1//1]PN'PN$Lu-Asarluhi/{m}lu₂-{d}asar-lu₂-hi#~",
                  "f": {
                    "lang": "sux",
                    "form": "{m}lu₂-{d}asar-lu₂-hi",
                    "cf": "Lu-Asarluhi",
                    "gw": "1",
                    "sense": "1",
                    "norm0": "Lu-Asarluhi",
                    "pos": "PN",
                    "epos": "PN",
                    "base": "{m}lu₂-{d}asar-lu₂-hi",
                    "morph": "~"
                  }
                },
                {
                  "node": "d",
                  "type": "line-start",
                  "ref": "P388376.24",
                  "n": "5",
                  "label": "r 5"
                },
                {
                  "node": "l",
                  "frag": "al",
                  "id": "P388376.l00e99",
                  "ref": "P388376.24.1",
                  "inst": "al[hoe]N",
                  "sig": "@obmc%sux:al=al[hoe//hoe, pickax]N'N$al/al#~",
                  "f": {
                    "lang": "sux",
                    "form": "al",
                    "cf": "al",
                    "gw": "hoe",
                    "sense": "hoe, pickax",
                    "norm0": "al",
                    "pos": "N",
                    "epos": "N",
                    "base": "al",
                    "morph": "~"
                  }
                },
                {
                  "node": "l",
                  "frag": "ak-en",
                  "id": "P388376.l00e9a",
                  "ref": "P388376.24.2",
                  "inst": "ak[do]",
                  "sig": "@obmc%sux:ak-en=ak[do//to do]V/t'V/t$ak;en/ak#~;en",
                  "f": {
                    "lang": "sux",
                    "form": "ak-en",
                    "cf": "ak",
                    "gw": "do",
                    "sense": "to do",
                    "norm0": "ak;en",
                    "pos": "V/t",
                    "epos": "V/t",
                    "base": "ak",
                    "morph": "~;en"
                  }
                },
                {
                  "node": "d",
                  "type": "line-start",
                  "ref": "P388376.25",
                  "n": "6",
                  "label": "r 6"
                },
                {
                  "node": "l",
                  "frag": "ud",
                  "id": "P388376.l00e9b",
                  "ref": "P388376.25.1",
                  "inst": "ud[day]N",
                  "sig": "@obmc%sux:ud=ud[sun//day]N'N$ud/ud#~",
                  "f": {
                    "lang": "sux",
                    "form": "ud",
                    "cf": "ud",
                    "gw": "sun",
                    "sense": "day",
                    "norm0": "ud",
                    "pos": "N",
                    "epos": "N",
                    "base": "ud",
                    "morph": "~"
                  }
                },
                {
                  "node": "l",
                  "frag": "kug",
                  "id": "P388376.l00e9c",
                  "ref": "P388376.25.2",
                  "inst": "kug[metal, silver]N",
                  "exosig": "@obmc%sux:kug=kug[metal//metal, silver]N'N$kug/kug#~",
                  "f": {
                    "lang": "sux",
                    "form": "kug",
                    "cf": "kug",
                    "gw": "metal",
                    "sense": "metal, silver",
                    "norm0": "kug",
                    "pos": "N",
                    "epos": "N",
                    "base": "kug",
                    "morph": "~"
                  }
                },
                {
                  "node": "l",
                  "frag": "mu-un-tum₃-tum₃",
                  "id": "P388376.l00e9d",
                  "ref": "P388376.25.3",
                  "inst": "tum[bring]",
                  "sig": "@obmc%sux:mu-un-tum₃-tum₃=tum[bring//bring]V/t'V/t$mu.n:tum/tum₃-tum₃#mu.n:~",
                  "f": {
                    "lang": "sux",
                    "form": "mu-un-tum₃-tum₃",
                    "cf": "tum",
                    "gw": "bring",
                    "sense": "bring",
                    "norm0": "mu.n:tum",
                    "pos": "V/t",
                    "epos": "V/t",
                    "base": "tum₃-tum₃",
                    "morph": "mu.n:~"
                  }
                },
                {
                  "node": "d",
                  "type": "line-start",
                  "ref": "P388376.26",
                  "n": "7",
                  "label": "r 7"
                },
                {
                  "node": "l",
                  "frag": "⸢a-šag₄⸣-ga-ne-⸢ne⸣",
                  "id": "P388376.l00e9e",
                  "ref": "P388376.26.1",
                  "inst": "ašag[field]N",
                  "sig": "@obmc%sux:a-šag₄-ga-ne-ne=ašag[field//field]N'N$ašag,anene/a-šag₄#~,anene",
                  "f": {
                    "lang": "sux",
                    "form": "a-šag₄-ga-ne-ne",
                    "cf": "ašag",
                    "gw": "field",
                    "sense": "field",
                    "norm0": "ašag,anene",
                    "pos": "N",
                    "epos": "N",
                    "base": "a-šag₄",
                    "morph": "~,anene"
                  }
                },
                {
                  "node": "d",
                  "frag": "/",
                  "type": "punct",
                  "ref": "P388376.26.2",
                  "lang": "sux",
                  "gdl_delim": " "
                },
                {
                  "node": "l",
                  "frag": "[...]",
                  "id": "P388376.l00e9f",
                  "ref": "P388376.26.3",
                  "inst": "u",
                  "f": {
                    "lang": "sux",
                    "form": "x",
                    "pos": "u"
                  }
                },
                {
                  "node": "d",
                  "type": "line-start",
                  "ref": "P388376.27",
                  "n": "8",
                  "label": "r 8"
                },
                {
                  "node": "l",
                  "frag": "bi₂-in-⸢na-gub-ba⸣-am₃",
                  "id": "P388376.l00ea0",
                  "ref": "P388376.27.1",
                  "inst": "X",
                  "f": {
                    "lang": "sux",
                    "form": "bi₂-in-na-gub-ba-am₃",
                    "pos": "X"
                  }
                },
                {
                  "node": "d",
                  "type": "nonx",
                  "ref": "P388376.28",
                  "strict": "1",
                  "extent": "1",
                  "scope": "line",
                  "state": "ruling"
                },
                {
                  "node": "d",
                  "type": "nonx",
                  "ref": "P388376.29",
                  "strict": "1",
                  "extent": "n",
                  "scope": "line",
                  "state": "blank"
                }
              ]
            }
          ]
        }
      ]
    },
    {
      "linkbase": [
        {
          "type": "linkset",
          "xlink_title": "šu teŋ[accept//to accept]V/t'V/t",
          "id": "P388376.ls00000",
          "xlink_type": "extended",
          "xlink_role": "psu",
          "sig": "{šu ba-an-ti-me-eš = šu[hand]N teŋ[approach]V/i += šu teŋ[accept//to accept]V/t'V/t}::@obmc%sux:šu=šu[hand//hand]N'N$šu/šu#~++@obmc%sux:ba-an-ti-me-eš=teŋ[approach//to approach]V/i'V/i$ba.n:teŋ;me.eš/ti#ba.n:~;me.eš",
          "links": [
            {
              "type": "link",
              "xlink_title": "šu",
              "xlink_type": "locator",
              "xlink_href": "#P388376.l00e76",
              "xlink_role": "elt"
            },
            {
              "type": "link",
              "xlink_title": "teŋ",
              "xlink_type": "locator",
              "xlink_href": "#P388376.l00e77",
              "xlink_role": "elt"
            }
          ]
        }
      ]
    }
  ]
}
