{
  "type": "cdl",
  "source": "http://oracc.org/obmc",
  "license": "This data is released under the CC0 license",
  "license-url": "https://creativecommons.org/publicdomain/zero/1.0/",
  "more-info": "http://oracc.org/doc/opendata/",
  "UTC-timestamp": "2017-06-10T00:07:06",
  "project": "obmc",
  "textid": "X000013",
  "cdl": [
    {
      "node": "c",
      "type": "text",
      "id": "X000013.U0",
      "cdl": [
        {
          "node": "d",
          "subtype": "tablet",
          "type": "tablet",
          "ref": "X000013.x82.1",
          "label": "x82"
        },
        {
          "node": "d",
          "subtype": "obverse",
          "type": "obverse",
          "ref": "X000013.o.2",
          "label": "o"
        },
        {
          "node": "c",
          "type": "discourse",
          "subtype": "body",
          "id": "X000013.U1",
          "cdl": [
            {
              "node": "c",
              "type": "sentence",
              "id": "X000013.U2",
              "label": "o 1 - o 11",
              "cdl": [
                {
                  "node": "d",
                  "type": "line-start",
                  "ref": "X000013.3",
                  "n": "1",
                  "label": "o 1"
                },
                {
                  "node": "l",
                  "frag": "kišib",
                  "id": "X000013.l01480",
                  "ref": "X000013.3.1",
                  "inst": "kišib[seal]N",
                  "sig": "@obmc%sux:kišib=kišib[seal//seal]N'N$kišib/kišib#~",
                  "f": {
                    "lang": "sux",
                    "form": "kišib",
                    "cf": "kišib",
                    "gw": "seal",
                    "sense": "seal",
                    "norm0": "kišib",
                    "pos": "N",
                    "epos": "N",
                    "base": "kišib",
                    "morph": "~"
                  }
                },
                {
                  "node": "l",
                  "frag": "mu-sar",
                  "id": "X000013.l01481",
                  "ref": "X000013.3.2",
                  "inst": "sar[to write]V/t",
                  "sig": "@obmc%sux:mu-sar=sar[write//to write]V/t'V/t$mu:sar/sar#mu:~",
                  "f": {
                    "lang": "sux",
                    "form": "mu-sar",
                    "cf": "sar",
                    "gw": "write",
                    "sense": "to write",
                    "norm0": "mu:sar",
                    "pos": "V/t",
                    "epos": "V/t",
                    "base": "sar",
                    "morph": "mu:~"
                  }
                },
                {
                  "node": "l",
                  "frag": "ur-dun",
                  "id": "X000013.l01482",
                  "ref": "X000013.3.3",
                  "inst": "Urdun[1]PN",
                  "sig": "@obmc%sux:ur-dun=Urdun[1//1]PN'PN$Urdun/ur-dun#~",
                  "f": {
                    "lang": "sux",
                    "form": "ur-dun",
                    "cf": "Urdun",
                    "gw": "1",
                    "sense": "1",
                    "norm0": "Urdun",
                    "pos": "PN",
                    "epos": "PN",
                    "base": "ur-dun",
                    "morph": "~"
                  }
                },
                {
                  "node": "l",
                  "frag": "dam-gar₃-ra",
                  "id": "X000013.l01483",
                  "ref": "X000013.3.4",
                  "inst": "damgar[merchant, trader]N",
                  "sig": "@obmc%sux:dam-gar₃-ra=damgar[merchant//merchant]N'N$damgar,ak/dam-gar₃+-ra=r.a#~,ak",
                  "f": {
                    "lang": "sux",
                    "form": "dam-gar₃-ra",
                    "cf": "damgar",
                    "gw": "merchant",
                    "sense": "merchant",
                    "norm0": "damgar,ak",
                    "pos": "N",
                    "epos": "N",
                    "base": "dam-gar₃",
                    "cont": "-ra=r.a",
                    "morph": "~,ak"
                  }
                },
                {
                  "node": "l",
                  "frag": "u₂-gu  ;",
                  "id": "X000013.l01484",
                  "ref": "X000013.3.5",
                  "inst": "ugu[(compound verb nominal element)]N",
                  "sig": "@obmc%sux:u₂-gu=ugu[cvne//(compound verb nominal element)]N'N$ugu/u₂-gu#~",
                  "f": {
                    "lang": "sux",
                    "form": "u₂-gu",
                    "cf": "ugu",
                    "gw": "cvne",
                    "sense": "(compound verb nominal element)",
                    "norm0": "ugu",
                    "pos": "N",
                    "epos": "N",
                    "base": "u₂-gu",
                    "morph": "~"
                  }
                },
                {
                  "node": "l",
                  "frag": "ba-de₂",
                  "id": "X000013.l01485",
                  "ref": "X000013.3.6",
                  "inst": "de[to pour]V/t",
                  "sig": "@obmc%sux:ba-de₂=de[pour//to pour]V/t'V/t$ba:de/de₂#ba:~",
                  "f": {
                    "lang": "sux",
                    "form": "ba-de₂",
                    "cf": "de",
                    "gw": "pour",
                    "sense": "to pour",
                    "norm0": "ba:de",
                    "pos": "V/t",
                    "epos": "V/t",
                    "base": "de₂",
                    "morph": "ba:~"
                  }
                },
                {
                  "node": "d",
                  "type": "line-start",
                  "ref": "X000013.4",
                  "n": "2",
                  "label": "o 2"
                },
                {
                  "node": "l",
                  "frag": "inim",
                  "id": "X000013.l01486",
                  "ref": "X000013.4.1",
                  "inst": "inim[word]N",
                  "sig": "@obmc%sux:inim=inim[word//word]N'N$inim/inim#~",
                  "f": {
                    "lang": "sux",
                    "form": "inim",
                    "cf": "inim",
                    "gw": "word",
                    "sense": "word",
                    "norm0": "inim",
                    "pos": "N",
                    "epos": "N",
                    "base": "inim",
                    "morph": "~"
                  }
                },
                {
                  "node": "l",
                  "frag": "pu-uh₂-<ru-um>-ma-ta",
                  "id": "X000013.l01487",
                  "ref": "X000013.4.2",
                  "inst": "puhrum[assembly]N",
                  "sig": "@obmc%sux:pu-uh₂-ru-um-ma-ta=puhrum[assembly//assembly]N'N$puhrum,ak.ta/pu-uh₂-ru-um+-ma=m.a#~,ak.ta",
                  "f": {
                    "lang": "sux",
                    "form": "pu-uh₂-ru-um-ma-ta",
                    "cf": "puhrum",
                    "gw": "assembly",
                    "sense": "assembly",
                    "norm0": "puhrum,ak.ta",
                    "pos": "N",
                    "epos": "N",
                    "base": "pu-uh₂-ru-um",
                    "cont": "-ma=m.a",
                    "morph": "~,ak.ta"
                  }
                },
                {
                  "node": "l",
                  "frag": "niŋir-e",
                  "id": "X000013.l01488",
                  "ref": "X000013.4.3",
                  "inst": "niŋir[herald]N",
                  "sig": "@obmc%sux:niŋir-e=niŋir[herald//herald]N'N$niŋir,e/niŋir#~,e",
                  "f": {
                    "lang": "sux",
                    "form": "niŋir-e",
                    "cf": "niŋir",
                    "gw": "herald",
                    "sense": "herald",
                    "norm0": "niŋir,e",
                    "pos": "N",
                    "epos": "N",
                    "base": "niŋir",
                    "morph": "~,e"
                  }
                },
                {
                  "node": "l",
                  "frag": "sila-sila-a  ;",
                  "id": "X000013.l01489",
                  "ref": "X000013.4.4",
                  "inst": "sila[street]N",
                  "sig": "@obmc%sux:sila-sila-a=sila[street//street]N'N$sila,a/sila-sila#~,a",
                  "f": {
                    "lang": "sux",
                    "form": "sila-sila-a",
                    "cf": "sila",
                    "gw": "street",
                    "sense": "street",
                    "norm0": "sila,a",
                    "pos": "N",
                    "epos": "N",
                    "base": "sila-sila",
                    "morph": "~,a"
                  }
                },
                {
                  "node": "c",
                  "type": "phrase",
                  "tag": "phr",
                  "id": "X000013.U4",
                  "ref": "X000013.ls00000",
                  "cdl": [
                    {
                      "node": "l",
                      "frag": "si",
                      "id": "X000013.l0148a",
                      "ref": "X000013.4.5",
                      "inst": "si[horn]N",
                      "sig": "@obmc%sux:si=si[horn//horn]N'N$si/si#~",
                      "f": {
                        "lang": "sux",
                        "form": "si",
                        "cf": "si",
                        "gw": "horn",
                        "sense": "horn",
                        "norm0": "si",
                        "pos": "N",
                        "epos": "N",
                        "base": "si",
                        "morph": "~"
                      }
                    },
                    {
                      "node": "l",
                      "frag": "gu₃",
                      "id": "X000013.l0148b",
                      "ref": "X000013.4.6",
                      "inst": "gu[voice, cry, noise]N",
                      "sig": "@obmc%sux:gu₃=gu[voice//voice, cry, noise]N'N$gu/gu₃#~",
                      "f": {
                        "lang": "sux",
                        "form": "gu₃",
                        "cf": "gu",
                        "gw": "voice",
                        "sense": "voice, cry, noise",
                        "norm0": "gu",
                        "pos": "N",
                        "epos": "N",
                        "base": "gu₃",
                        "morph": "~"
                      }
                    },
                    {
                      "node": "l",
                      "frag": "ba-ni-rah₂",
                      "id": "X000013.l0148c",
                      "ref": "X000013.4.7",
                      "inst": "rah[beat]V/t/rah₂#ba.ni:~",
                      "sig": "@obmc%sux:ba-ni-rah₂=rah[beat//to beat]V/t'V/t$ba.ni:rah/rah₂#ba.ni:~",
                      "f": {
                        "lang": "sux",
                        "form": "ba-ni-rah₂",
                        "cf": "rah",
                        "gw": "beat",
                        "sense": "to beat",
                        "norm0": "ba.ni:rah",
                        "pos": "V/t",
                        "epos": "V/t",
                        "base": "rah₂",
                        "morph": "ba.ni:~"
                      }
                    }
                  ]
                },
                {
                  "node": "d",
                  "type": "line-start",
                  "ref": "X000013.5",
                  "n": "3",
                  "label": "o 3"
                },
                {
                  "node": "l",
                  "frag": "lu₂-na-me",
                  "id": "X000013.l0148d",
                  "ref": "X000013.5.1",
                  "inst": "luname[someone]N",
                  "sig": "@obmc%sux:lu₂-na-me=luname[someone//someone]N'N$luname/lu₂-na-me#~",
                  "f": {
                    "lang": "sux",
                    "form": "lu₂-na-me",
                    "cf": "luname",
                    "gw": "someone",
                    "sense": "someone",
                    "norm0": "luname",
                    "pos": "N",
                    "epos": "N",
                    "base": "lu₂-na-me",
                    "morph": "~"
                  }
                },
                {
                  "node": "l",
                  "frag": "niŋ₂-na-me",
                  "id": "X000013.l0148e",
                  "ref": "X000013.5.2",
                  "inst": "niŋname[anything]N",
                  "sig": "@obmc%sux:niŋ₂-na-me=niŋname[anything//anything]N'N$niŋname/niŋ₂-na-me#~",
                  "f": {
                    "lang": "sux",
                    "form": "niŋ₂-na-me",
                    "cf": "niŋname",
                    "gw": "anything",
                    "sense": "anything",
                    "norm0": "niŋname",
                    "pos": "N",
                    "epos": "N",
                    "base": "niŋ₂-na-me",
                    "morph": "~"
                  }
                },
                {
                  "node": "l",
                  "frag": "ugu-na",
                  "id": "X000013.l0148f",
                  "ref": "X000013.5.3",
                  "inst": "ugu[against]N",
                  "sig": "@obmc%sux:ugu-na=ugu[skull//against]N'N$ugu,ani.a/ugu#~,ani.a",
                  "f": {
                    "lang": "sux",
                    "form": "ugu-na",
                    "cf": "ugu",
                    "gw": "skull",
                    "sense": "against",
                    "norm0": "ugu,ani.a",
                    "pos": "N",
                    "epos": "N",
                    "base": "ugu",
                    "morph": "~,ani.a"
                  }
                },
                {
                  "node": "l",
                  "frag": "li-bi₂-<in>-tuku",
                  "id": "X000013.l01490",
                  "ref": "X000013.5.4",
                  "inst": "tuku[to acquire, get]V/t",
                  "sig": "@obmc%sux:li-bi₂-in-tuku=tuku[acquire//to acquire, get]V/t'V/t$nu.ba.i.n:tuku/tuku#nu.ba.i.n:~",
                  "f": {
                    "lang": "sux",
                    "form": "li-bi₂-in-tuku",
                    "cf": "tuku",
                    "gw": "acquire",
                    "sense": "to acquire, get",
                    "norm0": "nu.ba.i.n:tuku",
                    "pos": "V/t",
                    "epos": "V/t",
                    "base": "tuku",
                    "morph": "nu.ba.i.n:~"
                  }
                },
                {
                  "node": "d",
                  "type": "line-start",
                  "ref": "X000013.6",
                  "n": "4",
                  "label": "o 4"
                },
                {
                  "node": "l",
                  "frag": "{m}lu₂-gi-na",
                  "id": "X000013.l01491",
                  "ref": "X000013.6.1",
                  "inst": "Lu-gina[]PN/{m}lu₂-gi-na#~",
                  "sig": "@obmc%sux:{m}lu₂-gi-na=Lu-gina[1//1]PN'PN$Lu-gina/{m}lu₂-gi-na#~",
                  "f": {
                    "lang": "sux",
                    "form": "{m}lu₂-gi-na",
                    "cf": "Lu-gina",
                    "gw": "1",
                    "sense": "1",
                    "norm0": "Lu-gina",
                    "pos": "PN",
                    "epos": "PN",
                    "base": "{m}lu₂-gi-na",
                    "morph": "~"
                  }
                },
                {
                  "node": "l",
                  "frag": "šagina",
                  "id": "X000013.l01492",
                  "ref": "X000013.6.2",
                  "inst": "šakkanak[general, governor-general]N",
                  "sig": "@obmc%sux:šagina=šakkanak[general//general, governor-general]N'N$šakkanak/šagina#~",
                  "f": {
                    "lang": "sux",
                    "form": "šagina",
                    "cf": "šakkanak",
                    "gw": "general",
                    "sense": "general, governor-general",
                    "norm0": "šakkanak",
                    "pos": "N",
                    "epos": "N",
                    "base": "šagina",
                    "morph": "~"
                  }
                },
                {
                  "node": "d",
                  "type": "line-start",
                  "ref": "X000013.7",
                  "n": "5",
                  "label": "o 5"
                },
                {
                  "node": "l",
                  "frag": "{m}lugal-me-lam₂",
                  "id": "X000013.l01493",
                  "ref": "X000013.7.1",
                  "inst": "Lugal-melam[1]PN",
                  "sig": "@obmc%sux:{m}lugal-me-lam₂=Lugal-melam[1//1]PN'PN$Lugal-melam/{m}lugal-me-lam₂#~",
                  "f": {
                    "lang": "sux",
                    "form": "{m}lugal-me-lam₂",
                    "cf": "Lugal-melam",
                    "gw": "1",
                    "sense": "1",
                    "norm0": "Lugal-melam",
                    "pos": "PN",
                    "epos": "PN",
                    "base": "{m}lugal-me-lam₂",
                    "morph": "~"
                  }
                },
                {
                  "node": "l",
                  "frag": "ensi₂",
                  "id": "X000013.l01494",
                  "ref": "X000013.7.2",
                  "inst": "ensik[ruler]N",
                  "sig": "@obmc%sux:ensi₂=ensik[ruler//ruler]N'N$ensik/ensi₂#~",
                  "f": {
                    "lang": "sux",
                    "form": "ensi₂",
                    "cf": "ensik",
                    "gw": "ruler",
                    "sense": "ruler",
                    "norm0": "ensik",
                    "pos": "N",
                    "epos": "N",
                    "base": "ensi₂",
                    "morph": "~"
                  }
                },
                {
                  "node": "d",
                  "type": "line-start",
                  "ref": "X000013.8",
                  "n": "6",
                  "label": "o 6"
                },
                {
                  "node": "l",
                  "frag": "{m}zu-zu",
                  "id": "X000013.l01495",
                  "ref": "X000013.8.1",
                  "inst": "Zuzu[1]PN",
                  "sig": "@obmc%sux:{m}zu-zu=Zuzu[1//1]PN'PN$Zuzu/{m}zu-zu#~",
                  "f": {
                    "lang": "sux",
                    "form": "{m}zu-zu",
                    "cf": "Zuzu",
                    "gw": "1",
                    "sense": "1",
                    "norm0": "Zuzu",
                    "pos": "PN",
                    "epos": "PN",
                    "base": "{m}zu-zu",
                    "morph": "~"
                  }
                },
                {
                  "node": "l",
                  "frag": "um-mi-a",
                  "id": "X000013.l01496",
                  "ref": "X000013.8.2",
                  "inst": "ummia[expert]N",
                  "sig": "@obmc%sux:um-mi-a=ummia[expert//expert]N'N$ummia/um-mi-a#~",
                  "f": {
                    "lang": "sux",
                    "form": "um-mi-a",
                    "cf": "ummia",
                    "gw": "expert",
                    "sense": "expert",
                    "norm0": "ummia",
                    "pos": "N",
                    "epos": "N",
                    "base": "um-mi-a",
                    "morph": "~"
                  }
                },
                {
                  "node": "d",
                  "type": "line-start",
                  "ref": "X000013.9",
                  "n": "7",
                  "label": "o 7"
                },
                {
                  "node": "l",
                  "frag": "{m}si-du₃",
                  "id": "X000013.l01497",
                  "ref": "X000013.9.1",
                  "inst": "Sidu[1]PN",
                  "sig": "@obmc%sux:{m}si-du₃=Sidu[1//1]PN'PN$Sidu/{m}si-du₃#~",
                  "f": {
                    "lang": "sux",
                    "form": "{m}si-du₃",
                    "cf": "Sidu",
                    "gw": "1",
                    "sense": "1",
                    "norm0": "Sidu",
                    "pos": "PN",
                    "epos": "PN",
                    "base": "{m}si-du₃",
                    "morph": "~"
                  }
                },
                {
                  "node": "l",
                  "frag": "dub-sar",
                  "id": "X000013.l01498",
                  "ref": "X000013.9.2",
                  "inst": "dubsar[scribe]N",
                  "sig": "@obmc%sux:dub-sar=dubsar[scribe//scribe]N'N$dubsar/dub-sar#~",
                  "f": {
                    "lang": "sux",
                    "form": "dub-sar",
                    "cf": "dubsar",
                    "gw": "scribe",
                    "sense": "scribe",
                    "norm0": "dubsar",
                    "pos": "N",
                    "epos": "N",
                    "base": "dub-sar",
                    "morph": "~"
                  }
                },
                {
                  "node": "d",
                  "type": "line-start",
                  "ref": "X000013.10",
                  "n": "8",
                  "label": "o 8"
                },
                {
                  "node": "l",
                  "frag": "{m}ad-lul",
                  "id": "X000013.l01499",
                  "ref": "X000013.10.1",
                  "inst": "Adlul[]PN/{m}ad-lul#~",
                  "sig": "@obmc%sux:{m}ad-lul=Adlul[1//1]PN'PN$Adlul/{m}ad-lul#~",
                  "f": {
                    "lang": "sux",
                    "form": "{m}ad-lul",
                    "cf": "Adlul",
                    "gw": "1",
                    "sense": "1",
                    "norm0": "Adlul",
                    "pos": "PN",
                    "epos": "PN",
                    "base": "{m}ad-lul",
                    "morph": "~"
                  }
                },
                {
                  "node": "l",
                  "frag": "agrig",
                  "id": "X000013.l0149a",
                  "ref": "X000013.10.2",
                  "inst": "agrig[steward, housekeeper]N",
                  "sig": "@obmc%sux:agrig=agrig[steward//steward, housekeeper]N'N$agrig/agrig#~",
                  "f": {
                    "lang": "sux",
                    "form": "agrig",
                    "cf": "agrig",
                    "gw": "steward",
                    "sense": "steward, housekeeper",
                    "norm0": "agrig",
                    "pos": "N",
                    "epos": "N",
                    "base": "agrig",
                    "morph": "~"
                  }
                },
                {
                  "node": "d",
                  "type": "line-start",
                  "ref": "X000013.11",
                  "n": "9",
                  "label": "o 9"
                },
                {
                  "node": "l",
                  "frag": "{m}ba-an-sa₆-ge-<en>",
                  "id": "X000013.l0149b",
                  "ref": "X000013.11.1",
                  "inst": "Bansagen[1]PN",
                  "sig": "@obmc%sux:{m}ba-an-sa₆-ge-en=Bansagen[1//1]PN'PN$Bansagen/{m}ba-an-sa₆-ge-en#~",
                  "f": {
                    "lang": "sux",
                    "form": "{m}ba-an-sa₆-ge-en",
                    "cf": "Bansagen",
                    "gw": "1",
                    "sense": "1",
                    "norm0": "Bansagen",
                    "pos": "PN",
                    "epos": "PN",
                    "base": "{m}ba-an-sa₆-ge-en",
                    "morph": "~"
                  }
                },
                {
                  "node": "l",
                  "frag": "gala",
                  "id": "X000013.l0149c",
                  "ref": "X000013.11.2",
                  "inst": "gala[lamentation singer]N",
                  "sig": "@obmc%sux:gala=gala[singer//lamentation singer]N'N$gala/gala#~",
                  "f": {
                    "lang": "sux",
                    "form": "gala",
                    "cf": "gala",
                    "gw": "singer",
                    "sense": "lamentation singer",
                    "norm0": "gala",
                    "pos": "N",
                    "epos": "N",
                    "base": "gala",
                    "morph": "~"
                  }
                },
                {
                  "node": "l",
                  "frag": "saŋŋa",
                  "id": "X000013.l0149d",
                  "ref": "X000013.11.3",
                  "inst": "saŋŋa[an official, the chief administrator of a temple household]N",
                  "sig": "@obmc%sux:saŋŋa=saŋŋa[official//an official, the chief administrator of a temple household]N'N$saŋŋa/saŋŋa#~",
                  "f": {
                    "lang": "sux",
                    "form": "saŋŋa",
                    "cf": "saŋŋa",
                    "gw": "official",
                    "sense": "an official, the chief administrator of a temple household",
                    "norm0": "saŋŋa",
                    "pos": "N",
                    "epos": "N",
                    "base": "saŋŋa",
                    "morph": "~"
                  }
                },
                {
                  "node": "d",
                  "type": "line-start",
                  "ref": "X000013.12",
                  "n": "10",
                  "label": "o 10"
                },
                {
                  "node": "l",
                  "frag": "{m}u₄-ul-<li₂>-a",
                  "id": "X000013.l0149e",
                  "ref": "X000013.12.1",
                  "inst": "Ullia[]PN/u₄-ul-li₂-a#~",
                  "sig": "@obmc%sux:{m}u₄-ul-li₂-a=Ullia[1//1]PN'PN$Ullia/u₄-ul-li₂-a#~",
                  "f": {
                    "lang": "sux",
                    "form": "{m}u₄-ul-li₂-a",
                    "cf": "Ullia",
                    "gw": "1",
                    "sense": "1",
                    "norm0": "Ullia",
                    "pos": "PN",
                    "epos": "PN",
                    "base": "u₄-ul-li₂-a",
                    "morph": "~"
                  }
                },
                {
                  "node": "l",
                  "frag": "ha-za-nu-um",
                  "id": "X000013.l0149f",
                  "ref": "X000013.12.2",
                  "inst": "hazanum[mayor]N",
                  "sig": "@obmc%sux:ha-za-nu-um=hazanum[mayor//mayor]N'N$hazanum,am/ha-za-nu#~,am",
                  "f": {
                    "lang": "sux",
                    "form": "ha-za-nu-um",
                    "cf": "hazanum",
                    "gw": "mayor",
                    "sense": "mayor",
                    "norm0": "hazanum,am",
                    "pos": "N",
                    "epos": "N",
                    "base": "ha-za-nu",
                    "morph": "~,am"
                  }
                },
                {
                  "node": "d",
                  "type": "line-start",
                  "ref": "X000013.13",
                  "n": "11",
                  "label": "o 11"
                },
                {
                  "node": "l",
                  "frag": "⸢niŋir⸣-e",
                  "id": "X000013.l014a0",
                  "ref": "X000013.13.1",
                  "inst": "niŋir[herald]N",
                  "sig": "@obmc%sux:niŋir-e=niŋir[herald//herald]N'N$niŋir,e/niŋir#~,e",
                  "f": {
                    "lang": "sux",
                    "form": "niŋir-e",
                    "cf": "niŋir",
                    "gw": "herald",
                    "sense": "herald",
                    "norm0": "niŋir,e",
                    "pos": "N",
                    "epos": "N",
                    "base": "niŋir",
                    "morph": "~,e"
                  }
                },
                {
                  "node": "l",
                  "frag": "lu₂-inim-ma-bi-⸢meš⸣",
                  "id": "X000013.l014a1",
                  "ref": "X000013.13.2",
                  "inst": "luʾinimak[witness]N",
                  "sig": "@obmc%sux:lu₂-inim-ma-bi-meš=luʾinimak[witness//witness]N'N$luʾinimak,bi.meš/lu₂-inim-ma#~,bi.meš",
                  "f": {
                    "lang": "sux",
                    "form": "lu₂-inim-ma-bi-meš",
                    "cf": "luʾinimak",
                    "gw": "witness",
                    "sense": "witness",
                    "norm0": "luʾinimak,bi.meš",
                    "pos": "N",
                    "epos": "N",
                    "base": "lu₂-inim-ma",
                    "morph": "~,bi.meš"
                  }
                }
              ]
            }
          ]
        }
      ]
    },
    {
      "linkbase": [
        {
          "type": "linkset",
          "xlink_title": "si gu rah[blow the horn//to blow the horn]V/t'V/t",
          "id": "X000013.ls00000",
          "xlink_type": "extended",
          "xlink_role": "psu",
          "sig": "{si gu₃ ba-ni-rah₂ = si[horn]N gu[voice]N rah[beat]V/t += si gu rah[blow the horn//to blow the horn]V/t'V/t}::@obmc%sux:si=si[horn//horn]N'N$si/si#~++@obmc%sux:gu₃=gu[voice//voice, cry, noise]N'N$gu/gu₃#~++@obmc%sux:ba-ni-rah₂=rah[beat//to beat]V/t'V/t$ba.ni:rah/rah₂#ba.ni:~",
          "links": [
            {
              "type": "link",
              "xlink_title": "si",
              "xlink_type": "locator",
              "xlink_href": "#X000013.l0148a",
              "xlink_role": "elt"
            },
            {
              "type": "link",
              "xlink_title": "gu",
              "xlink_type": "locator",
              "xlink_href": "#X000013.l0148b",
              "xlink_role": "elt"
            },
            {
              "type": "link",
              "xlink_title": "rah",
              "xlink_type": "locator",
              "xlink_href": "#X000013.l0148c",
              "xlink_role": "elt"
            }
          ]
        }
      ]
    }
  ]
}
