{
  "type": "cdl",
  "source": "http://oracc.org/blms",
  "license": "This data is released under the CC0 license",
  "license-url": "https://creativecommons.org/publicdomain/zero/1.0/",
  "more-info": "http://oracc.org/doc/opendata/",
  "UTC-timestamp": "2017-06-09T23:18:08",
  "project": "blms",
  "textid": "P357076",
  "cdl": [
    {
      "node": "c",
      "type": "text",
      "id": "P357076.U0",
      "cdl": [
        {
          "node": "d",
          "type": "object",
          "ref": ""
        },
        {
          "node": "d",
          "subtype": "obverse",
          "type": "obverse",
          "ref": "P357076.o.1",
          "label": "o"
        },
        {
          "node": "d",
          "type": "nonx",
          "ref": "P357076.2",
          "strict": "0",
          "state": "missing"
        },
        {
          "node": "c",
          "type": "discourse",
          "subtype": "body",
          "id": "P357076.U1",
          "cdl": [
            {
              "node": "c",
              "type": "sentence",
              "id": "P357076.U2",
              "cdl": [
                {
                  "node": "d",
                  "type": "line-start",
                  "ref": "P357076.3"
                },
                {
                  "node": "d",
                  "type": "line-start",
                  "ref": "P357076.3l",
                  "n": "1'",
                  "label": "o 1'"
                },
                {
                  "node": "l",
                  "frag": "[...]",
                  "id": "P357076.l0477d",
                  "ref": "P357076.3.1",
                  "inst": "u",
                  "f": {
                    "lang": "sux",
                    "form": "x",
                    "pos": "u"
                  }
                },
                {
                  "node": "d",
                  "type": "line-start",
                  "ref": ""
                },
                {
                  "node": "l",
                  "frag": "[...",
                  "id": "P357076.l0477e",
                  "ref": "P357076.3.1213000",
                  "inst": "u",
                  "f": {
                    "lang": "akk-x-stdbab",
                    "form": "x",
                    "pos": "u"
                  }
                },
                {
                  "node": "l",
                  "frag": "ti]-⸢de⸣-[e]",
                  "id": "P357076.l0477f",
                  "ref": "P357076.3.1213001",
                  "inst": "edû[know]V$tīdē",
                  "sig": "@blms%akk-x-stdbab:ti-de-e=edû[know//know]V'V$tīdē",
                  "f": {
                    "lang": "akk-x-stdbab",
                    "form": "ti-de-e",
                    "cf": "edû",
                    "gw": "know",
                    "sense": "know",
                    "norm": "tīdē",
                    "pos": "V",
                    "epos": "V"
                  }
                },
                {
                  "node": "d",
                  "type": "nonx",
                  "ref": "P357076.4",
                  "strict": "1",
                  "extent": "1",
                  "scope": "line",
                  "state": "ruling"
                },
                {
                  "node": "d",
                  "type": "line-start",
                  "ref": "P357076.5"
                },
                {
                  "node": "d",
                  "type": "line-start",
                  "ref": "P357076.5l",
                  "n": "2'",
                  "label": "o 2'"
                },
                {
                  "node": "l",
                  "frag": "[...]",
                  "id": "P357076.l04780",
                  "ref": "P357076.5.1",
                  "inst": "u",
                  "f": {
                    "lang": "sux",
                    "form": "x",
                    "pos": "u"
                  }
                },
                {
                  "node": "l",
                  "frag": "⸢si⸣",
                  "id": "P357076.l04781",
                  "ref": "P357076.5.2",
                  "inst": "si[horn]",
                  "sig": "@blms%sux:si=si[horn//horn]N'N$si/si#~",
                  "f": {
                    "lang": "sux",
                    "form": "si",
                    "cf": "si",
                    "gw": "horn",
                    "sense": "horn",
                    "norm0": "si",
                    "pos": "N",
                    "epos": "N",
                    "base": "si",
                    "morph": "~"
                  }
                },
                {
                  "node": "l",
                  "frag": "sa₂-e-de₃",
                  "id": "P357076.l04782",
                  "ref": "P357076.5.3",
                  "inst": "sa[equal]",
                  "sig": "@blms%sux:sa₂-e-de₃=sa[equal//equal]V/t'V/t$sa;e.de/sa₂#~;e.de",
                  "f": {
                    "lang": "sux",
                    "form": "sa₂-e-de₃",
                    "cf": "sa",
                    "gw": "equal",
                    "sense": "equal",
                    "norm0": "sa;e.de",
                    "pos": "V/t",
                    "epos": "V/t",
                    "base": "sa₂",
                    "morph": "~;e.de"
                  }
                },
                {
                  "node": "l",
                  "frag": "⸢i₃⸣-[zu-u₃]",
                  "id": "P357076.l04783",
                  "ref": "P357076.5.4",
                  "inst": "zu[know]",
                  "sig": "@blms%sux:i₃-zu-u₃=zu[know//know]V/t'V/t$V:zu;e/zu#V:~;e",
                  "f": {
                    "lang": "sux",
                    "form": "i₃-zu-u₃",
                    "cf": "zu",
                    "gw": "know",
                    "sense": "know",
                    "norm0": "V:zu;e",
                    "pos": "V/t",
                    "epos": "V/t",
                    "base": "zu",
                    "morph": "V:~;e"
                  }
                },
                {
                  "node": "d",
                  "type": "nonw",
                  "ref": ""
                },
                {
                  "node": "d",
                  "type": "line-start",
                  "ref": ""
                },
                {
                  "node": "l",
                  "frag": "[...",
                  "id": "P357076.l04784",
                  "ref": "P357076.5.1214000",
                  "inst": "u",
                  "f": {
                    "lang": "akk-x-stdbab",
                    "form": "x",
                    "pos": "u"
                  }
                },
                {
                  "node": "l",
                  "frag": "ki]-niš",
                  "id": "P357076.l04785",
                  "ref": "P357076.5.1214001",
                  "inst": "kīniš[reliably]AV$",
                  "sig": "@blms%akk-x-stdbab:ki-niš=kīniš[reliably//reliably]AV'AV$kīniš",
                  "f": {
                    "lang": "akk-x-stdbab",
                    "form": "ki-niš",
                    "cf": "kīniš",
                    "gw": "reliably",
                    "sense": "reliably",
                    "norm": "kīniš",
                    "pos": "AV",
                    "epos": "AV"
                  }
                },
                {
                  "node": "l",
                  "frag": "kun-nu",
                  "id": "P357076.l04786",
                  "ref": "P357076.5.1214002",
                  "inst": "kânu[be(come) permanent//establishing firmly]V'N$kunnu",
                  "sig": "@blms%akk-x-stdbab:kun-nu=kânu[be(come) permanent//establishing firmly]V'N$kunnu",
                  "f": {
                    "lang": "akk-x-stdbab",
                    "form": "kun-nu",
                    "cf": "kânu",
                    "gw": "be(come) permanent",
                    "sense": "establishing firmly",
                    "norm": "kunnu",
                    "pos": "V",
                    "epos": "N"
                  }
                },
                {
                  "node": "d",
                  "type": "line-start",
                  "ref": ""
                },
                {
                  "node": "l",
                  "frag": "[...]",
                  "id": "P357076.l04787",
                  "ref": "P357076.5.1215000",
                  "inst": "u",
                  "f": {
                    "lang": "akk-x-stdbab",
                    "form": "x",
                    "pos": "u"
                  }
                },
                {
                  "node": "l",
                  "frag": "ti-de-e",
                  "id": "P357076.l04788",
                  "ref": "P357076.5.1215001",
                  "inst": "edû[know]V$tīdē",
                  "sig": "@blms%akk-x-stdbab:ti-de-e=edû[know//know]V'V$tīdē",
                  "f": {
                    "lang": "akk-x-stdbab",
                    "form": "ti-de-e",
                    "cf": "edû",
                    "gw": "know",
                    "sense": "know",
                    "norm": "tīdē",
                    "pos": "V",
                    "epos": "V"
                  }
                },
                {
                  "node": "d",
                  "type": "nonx",
                  "ref": "P357076.6",
                  "strict": "1",
                  "extent": "1",
                  "scope": "line",
                  "state": "ruling"
                },
                {
                  "node": "d",
                  "type": "line-start",
                  "ref": "P357076.7"
                },
                {
                  "node": "d",
                  "type": "line-start",
                  "ref": "P357076.7l",
                  "n": "3'",
                  "label": "o 3'"
                },
                {
                  "node": "l",
                  "frag": "[...",
                  "id": "P357076.l04789",
                  "ref": "P357076.7.1",
                  "inst": "u",
                  "f": {
                    "lang": "sux",
                    "form": "x",
                    "pos": "u"
                  }
                },
                {
                  "node": "l",
                  "frag": "šir₃]",
                  "id": "P357076.l0478a",
                  "ref": "P357076.7.2",
                  "inst": "šir[song]",
                  "sig": "@blms%sux:šir₃=šir[song//a song]N'N$šir/šir₃#~",
                  "f": {
                    "lang": "sux",
                    "form": "šir₃",
                    "cf": "šir",
                    "gw": "song",
                    "sense": "a song",
                    "norm0": "šir",
                    "pos": "N",
                    "epos": "N",
                    "base": "šir₃",
                    "morph": "~"
                  }
                },
                {
                  "node": "l",
                  "frag": "⸢nam⸣-en-na",
                  "id": "P357076.l0478b",
                  "ref": "P357076.7.3",
                  "inst": "namen[kingship]",
                  "sig": "@blms%sux:nam-en-na=namen[priesthood//kingship]N'N$namen,ak/nam-en+-na=n.a#~,ak",
                  "f": {
                    "lang": "sux",
                    "form": "nam-en-na",
                    "cf": "namen",
                    "gw": "priesthood",
                    "sense": "kingship",
                    "norm0": "namen,ak",
                    "pos": "N",
                    "epos": "N",
                    "base": "nam-en",
                    "cont": "-na=n.a",
                    "morph": "~,ak"
                  }
                },
                {
                  "node": "l",
                  "frag": "šir₃",
                  "id": "P357076.l0478c",
                  "ref": "P357076.7.4",
                  "inst": "šir[song]",
                  "sig": "@blms%sux:šir₃=šir[song//a song]N'N$šir/šir₃#~",
                  "f": {
                    "lang": "sux",
                    "form": "šir₃",
                    "cf": "šir",
                    "gw": "song",
                    "sense": "a song",
                    "norm0": "šir",
                    "pos": "N",
                    "epos": "N",
                    "base": "šir₃",
                    "morph": "~"
                  }
                },
                {
                  "node": "l",
                  "frag": "nam-⸢uru-na⸣",
                  "id": "P357076.l0478d",
                  "ref": "P357076.7.5",
                  "inst": "namurun[exaltedness]N/nam-uru-n·a#~,ak",
                  "sig": "@blms%sux:nam-uru-na=namurun[exaltedness//exaltedness]N'N$namurun,ak/nam-uru-n·a#~,ak",
                  "f": {
                    "lang": "sux",
                    "form": "nam-uru-na",
                    "cf": "namurun",
                    "gw": "exaltedness",
                    "sense": "exaltedness",
                    "norm0": "namurun,ak",
                    "pos": "N",
                    "epos": "N",
                    "base": "nam-uru-n·a",
                    "morph": "~,ak"
                  }
                },
                {
                  "node": "d",
                  "type": "line-start",
                  "ref": ""
                },
                {
                  "node": "l",
                  "frag": "[...",
                  "id": "P357076.l0478e",
                  "ref": "P357076.7.1216000",
                  "inst": "u",
                  "f": {
                    "lang": "sux",
                    "form": "x",
                    "pos": "u"
                  }
                },
                {
                  "node": "l",
                  "frag": "ki-ru]-⸢gu₂⸣",
                  "id": "P357076.l0478f",
                  "ref": "P357076.7.1216001",
                  "inst": "kirugu[notation]",
                  "sig": "@blms%sux:ki-ru-gu₂=kirugu[notation//a division notation in certain literary compositions, possibly relating to phases of a performance]N'N$kirugu/ki-ru-gu₂#~",
                  "f": {
                    "lang": "sux",
                    "form": "ki-ru-gu₂",
                    "cf": "kirugu",
                    "gw": "notation",
                    "sense": "a division notation in certain literary compositions, possibly relating to phases of a performance",
                    "norm0": "kirugu",
                    "pos": "N",
                    "epos": "N",
                    "base": "ki-ru-gu₂",
                    "morph": "~"
                  }
                },
                {
                  "node": "l",
                  "frag": "šid",
                  "id": "P357076.l04790",
                  "ref": "P357076.7.1216002",
                  "inst": "šid[count//to recite]V/t'V/t/šid#~",
                  "sig": "@blms%sux:šid=šid[count//to recite]V/t'V/t$šid/šid#~",
                  "f": {
                    "lang": "sux",
                    "form": "šid",
                    "cf": "šid",
                    "gw": "count",
                    "sense": "to recite",
                    "norm0": "šid",
                    "pos": "V/t",
                    "epos": "V/t",
                    "base": "šid",
                    "morph": "~"
                  }
                },
                {
                  "node": "l",
                  "frag": "gul-la",
                  "id": "P357076.l04791",
                  "ref": "P357076.7.1216003",
                  "inst": "gul[destroy//to restrain]V/t'V/t/gul+-la=l.a#~;a",
                  "sig": "@blms%sux:gul-la=gul[destroy//to restrain]V/t'V/t$gul;a/gul+-la=l.a#~;a",
                  "f": {
                    "lang": "sux",
                    "form": "gul-la",
                    "cf": "gul",
                    "gw": "destroy",
                    "sense": "to restrain",
                    "norm0": "gul;a",
                    "pos": "V/t",
                    "epos": "V/t",
                    "base": "gul",
                    "cont": "-la=l.a",
                    "morph": "~;a"
                  }
                },
                {
                  "node": "l",
                  "frag": "⸢i₃⸣-[zu-u₃]",
                  "id": "P357076.l04792",
                  "ref": "P357076.7.1216004",
                  "inst": "zu[know]",
                  "sig": "@blms%sux:i₃-zu-u₃=zu[know//know]V/t'V/t$V:zu;e/zu#V:~;e",
                  "f": {
                    "lang": "sux",
                    "form": "i₃-zu-u₃",
                    "cf": "zu",
                    "gw": "know",
                    "sense": "know",
                    "norm0": "V:zu;e",
                    "pos": "V/t",
                    "epos": "V/t",
                    "base": "zu",
                    "morph": "V:~;e"
                  }
                },
                {
                  "node": "d",
                  "type": "line-start",
                  "ref": ""
                },
                {
                  "node": "l",
                  "frag": "[...]",
                  "id": "P357076.l04793",
                  "ref": "P357076.7.1217000",
                  "inst": "u",
                  "f": {
                    "lang": "akk-x-stdbab",
                    "form": "x",
                    "pos": "u"
                  }
                },
                {
                  "node": "l",
                  "frag": "⸢šer₃⸣-nam-gala-ke₄",
                  "id": "P357076.l04794",
                  "ref": "P357076.7.1217001",
                  "inst": "šernamgalakku[(type of Sumerian song)//song of the kalû singer's office]N'N$šernamgalakke",
                  "sig": "@blms%akk-x-stdbab:šer₃-nam-gala-ke₄=šernamgalakku[(type of Sumerian song)//song of the kalû singer's office]N'N$šernamgalakke",
                  "f": {
                    "lang": "akk-x-stdbab",
                    "form": "šer₃-nam-gala-ke₄",
                    "cf": "šernamgalakku",
                    "gw": "(type of Sumerian song)",
                    "sense": "song of the kalû singer's office",
                    "norm": "šernamgalakke",
                    "pos": "N",
                    "epos": "N"
                  }
                },
                {
                  "node": "l",
                  "frag": "šer₃-nam-[en-na]-ke₄",
                  "id": "P357076.l04795",
                  "ref": "P357076.7.1217002",
                  "inst": "šernamennakku[(type of Sumerian song)//lordship song]N'N$šernamennakke",
                  "sig": "@blms%akk-x-stdbab:šer₃-nam-en-na-ke₄=šernamennakku[(type of Sumerian song)//lordship song]N'N$šernamennakke",
                  "f": {
                    "lang": "akk-x-stdbab",
                    "form": "šer₃-nam-en-na-ke₄",
                    "cf": "šernamennakku",
                    "gw": "(type of Sumerian song)",
                    "sense": "lordship song",
                    "norm": "šernamennakke",
                    "pos": "N",
                    "epos": "N"
                  }
                },
                {
                  "node": "d",
                  "type": "line-start",
                  "ref": ""
                },
                {
                  "node": "l",
                  "frag": "[...",
                  "id": "P357076.l04796",
                  "ref": "P357076.7.1218000",
                  "inst": "u",
                  "f": {
                    "lang": "akk-x-stdbab",
                    "form": "x",
                    "pos": "u"
                  }
                },
                {
                  "node": "l",
                  "frag": "šer₃]-⸢nam⸣-gi-na-ke₄",
                  "id": "P357076.l04797",
                  "ref": "P357076.7.1218001",
                  "inst": "šernamginakke[(type of Sumerian song)]N",
                  "sig": "@blms%akk-x-stdbab:šer₃-nam-gi-na-ke₄=šernamginakku[(type of Sumerian song)//(type of Sumerian song)]N'N$šernamginakke",
                  "f": {
                    "lang": "akk-x-stdbab",
                    "form": "šer₃-nam-gi-na-ke₄",
                    "cf": "šernamginakku",
                    "gw": "(type of Sumerian song)",
                    "sense": "(type of Sumerian song)",
                    "norm": "šernamginakke",
                    "pos": "N",
                    "epos": "N"
                  }
                },
                {
                  "node": "l",
                  "frag": "per-si-šu₂-nu",
                  "id": "P357076.l04798",
                  "ref": "P357076.7.1218002",
                  "inst": "persu[division//section]N'N$persišunu",
                  "sig": "@blms%akk-x-stdbab:per-si-šu₂-nu=persu[division//section]N'N$persišunu",
                  "f": {
                    "lang": "akk-x-stdbab",
                    "form": "per-si-šu₂-nu",
                    "cf": "persu",
                    "gw": "division",
                    "sense": "section",
                    "norm": "persišunu",
                    "pos": "N",
                    "epos": "N"
                  }
                },
                {
                  "node": "l",
                  "frag": "pa-⸢ra-su⸣",
                  "id": "P357076.l04799",
                  "ref": "P357076.7.1218003",
                  "inst": "parāsu[cut (off)//dividing]V'N$",
                  "sig": "@blms%akk-x-stdbab:pa-ra-su=parāsu[cut (off)//dividing]V'N$parāsu",
                  "f": {
                    "lang": "akk-x-stdbab",
                    "form": "pa-ra-su",
                    "cf": "parāsu",
                    "gw": "cut (off)",
                    "sense": "dividing",
                    "norm": "parāsu",
                    "pos": "V",
                    "epos": "N"
                  }
                },
                {
                  "node": "d",
                  "type": "line-start",
                  "ref": ""
                },
                {
                  "node": "l",
                  "frag": "[...]-⸢ra⸣",
                  "id": "P357076.l0479a",
                  "ref": "P357076.7.1219000",
                  "inst": "u",
                  "f": {
                    "lang": "akk-x-stdbab",
                    "form": "x-ra",
                    "pos": "u"
                  }
                },
                {
                  "node": "l",
                  "frag": "e-ni",
                  "id": "P357076.l0479b",
                  "ref": "P357076.7.1219001",
                  "inst": "enû[change]V$eni",
                  "sig": "@blms%akk-x-stdbab:e-ni=enû[change//change]V'V$eni",
                  "f": {
                    "lang": "akk-x-stdbab",
                    "form": "e-ni",
                    "cf": "enû",
                    "gw": "change",
                    "sense": "change",
                    "norm": "eni",
                    "pos": "V",
                    "epos": "V"
                  }
                },
                {
                  "node": "l",
                  "frag": "ki-li",
                  "id": "P357076.l0479c",
                  "ref": "P357076.7.1219002",
                  "inst": "kalû[hold (back)]V$kili",
                  "sig": "@blms%akk-x-stdbab:ki-li=kalû[hold (back)//hold (back)]V'V$kili",
                  "f": {
                    "lang": "akk-x-stdbab",
                    "form": "ki-li",
                    "cf": "kalû",
                    "gw": "hold (back)",
                    "sense": "hold (back)",
                    "norm": "kili",
                    "pos": "V",
                    "epos": "V"
                  }
                },
                {
                  "node": "l",
                  "frag": "ti-de-e",
                  "id": "P357076.l0479d",
                  "ref": "P357076.7.1219003",
                  "inst": "edû[know]V$tīdē",
                  "sig": "@blms%akk-x-stdbab:ti-de-e=edû[know//know]V'V$tīdē",
                  "f": {
                    "lang": "akk-x-stdbab",
                    "form": "ti-de-e",
                    "cf": "edû",
                    "gw": "know",
                    "sense": "know",
                    "norm": "tīdē",
                    "pos": "V",
                    "epos": "V"
                  }
                },
                {
                  "node": "d",
                  "type": "nonx",
                  "ref": "P357076.8",
                  "strict": "1",
                  "extent": "1",
                  "scope": "line",
                  "state": "ruling"
                },
                {
                  "node": "d",
                  "type": "line-start",
                  "ref": "P357076.9"
                },
                {
                  "node": "d",
                  "type": "line-start",
                  "ref": "P357076.9l",
                  "n": "4'",
                  "label": "o 4'"
                },
                {
                  "node": "l",
                  "frag": "[...]-⸢e⸣-de₃",
                  "id": "P357076.l0479e",
                  "ref": "P357076.9.1",
                  "inst": "u",
                  "f": {
                    "lang": "sux",
                    "form": "x-e-de₃",
                    "pos": "u"
                  }
                },
                {
                  "node": "l",
                  "frag": "ŋeš",
                  "id": "P357076.l0479f",
                  "ref": "P357076.9.2",
                  "inst": "ŋeš[tree]",
                  "sig": "@blms%sux:ŋeš=ŋeš[tree//tree]N'N$ŋeš/ŋeš#~",
                  "f": {
                    "lang": "sux",
                    "form": "ŋeš",
                    "cf": "ŋeš",
                    "gw": "tree",
                    "sense": "tree",
                    "norm0": "ŋeš",
                    "pos": "N",
                    "epos": "N",
                    "base": "ŋeš",
                    "morph": "~"
                  }
                },
                {
                  "node": "l",
                  "frag": "tuku-bi",
                  "id": "P357076.l047a0",
                  "ref": "P357076.9.3",
                  "inst": "tuku[acquire]",
                  "sig": "@blms%sux:tuku-bi=tuku[acquire//acquire]V/t'V/t$tuku;*a,bi/tuku#~;*a,bi",
                  "f": {
                    "lang": "sux",
                    "form": "tuku-bi",
                    "cf": "tuku",
                    "gw": "acquire",
                    "sense": "acquire",
                    "norm0": "tuku;*a,bi",
                    "pos": "V/t",
                    "epos": "V/t",
                    "base": "tuku",
                    "morph": "~;*a,bi"
                  }
                },
                {
                  "node": "l",
                  "frag": "i₃-zu-u₃",
                  "id": "P357076.l047a1",
                  "ref": "P357076.9.4",
                  "inst": "zu[know]",
                  "sig": "@blms%sux:i₃-zu-u₃=zu[know//know]V/t'V/t$V:zu;e/zu#V:~;e",
                  "f": {
                    "lang": "sux",
                    "form": "i₃-zu-u₃",
                    "cf": "zu",
                    "gw": "know",
                    "sense": "know",
                    "norm0": "V:zu;e",
                    "pos": "V/t",
                    "epos": "V/t",
                    "base": "zu",
                    "morph": "V:~;e"
                  }
                },
                {
                  "node": "d",
                  "type": "line-start",
                  "ref": ""
                },
                {
                  "node": "l",
                  "frag": "[...",
                  "id": "P357076.l047a2",
                  "ref": "P357076.9.1220000",
                  "inst": "u",
                  "f": {
                    "lang": "akk-x-stdbab",
                    "form": "x",
                    "pos": "u"
                  }
                },
                {
                  "node": "l",
                  "frag": "at]-⸢ma⸣-ši-na",
                  "id": "P357076.l047a3",
                  "ref": "P357076.9.1220001",
                  "inst": "atwû[speech]N$atmâšina",
                  "sig": "@blms%akk-x-stdbab:at-ma-ši-na=atwû[speech//speech]N'N$atmâšina",
                  "f": {
                    "lang": "akk-x-stdbab",
                    "form": "at-ma-ši-na",
                    "cf": "atwû",
                    "gw": "speech",
                    "sense": "speech",
                    "norm": "atmâšina",
                    "pos": "N",
                    "epos": "N"
                  }
                },
                {
                  "node": "l",
                  "frag": "še-ma-a",
                  "id": "P357076.l047a4",
                  "ref": "P357076.9.1220002",
                  "inst": "šemû[hear//understanding]V'N$šemâ",
                  "sig": "@blms%akk-x-stdbab:še-ma-a=šemû[hear//understanding]V'N$šemâ",
                  "f": {
                    "lang": "akk-x-stdbab",
                    "form": "še-ma-a",
                    "cf": "šemû",
                    "gw": "hear",
                    "sense": "understanding",
                    "norm": "šemâ",
                    "pos": "V",
                    "epos": "N"
                  }
                },
                {
                  "node": "l",
                  "frag": "ti-de-e",
                  "id": "P357076.l047a5",
                  "ref": "P357076.9.1220003",
                  "inst": "edû[know]V$tīdē",
                  "sig": "@blms%akk-x-stdbab:ti-de-e=edû[know//know]V'V$tīdē",
                  "f": {
                    "lang": "akk-x-stdbab",
                    "form": "ti-de-e",
                    "cf": "edû",
                    "gw": "know",
                    "sense": "know",
                    "norm": "tīdē",
                    "pos": "V",
                    "epos": "V"
                  }
                },
                {
                  "node": "d",
                  "type": "nonx",
                  "ref": "P357076.10",
                  "strict": "1",
                  "extent": "1",
                  "scope": "line",
                  "state": "ruling"
                },
                {
                  "node": "d",
                  "type": "line-start",
                  "ref": "P357076.11"
                },
                {
                  "node": "d",
                  "type": "line-start",
                  "ref": "P357076.11l",
                  "n": "5'",
                  "label": "o 5'"
                },
                {
                  "node": "l",
                  "frag": "[...",
                  "id": "P357076.l047a6",
                  "ref": "P357076.11.1",
                  "inst": "u",
                  "f": {
                    "lang": "sux",
                    "form": "x",
                    "pos": "u"
                  }
                },
                {
                  "node": "l",
                  "frag": "eme]",
                  "id": "P357076.l047a7",
                  "ref": "P357076.11.2",
                  "inst": "eme[language]",
                  "sig": "@blms%sux:eme=eme[tongue//language]N'N$eme/eme#~",
                  "f": {
                    "lang": "sux",
                    "form": "eme",
                    "cf": "eme",
                    "gw": "tongue",
                    "sense": "language",
                    "norm0": "eme",
                    "pos": "N",
                    "epos": "N",
                    "base": "eme",
                    "morph": "~"
                  }
                },
                {
                  "node": "l",
                  "frag": "⸢unud⸣",
                  "id": "P357076.l047a8",
                  "ref": "P357076.11.3",
                  "inst": "unud[cattle herder]",
                  "sig": "@blms%sux:unud=unud[cowherd//cattle herder]N'N$unud/unud#~",
                  "f": {
                    "lang": "sux",
                    "form": "unud",
                    "cf": "unud",
                    "gw": "cowherd",
                    "sense": "cattle herder",
                    "norm0": "unud",
                    "pos": "N",
                    "epos": "N",
                    "base": "unud",
                    "morph": "~"
                  }
                },
                {
                  "node": "l",
                  "frag": "eme",
                  "id": "P357076.l047a9",
                  "ref": "P357076.11.4",
                  "inst": "eme[language]",
                  "sig": "@blms%sux:eme=eme[tongue//language]N'N$eme/eme#~",
                  "f": {
                    "lang": "sux",
                    "form": "eme",
                    "cf": "eme",
                    "gw": "tongue",
                    "sense": "language",
                    "norm0": "eme",
                    "pos": "N",
                    "epos": "N",
                    "base": "eme",
                    "morph": "~"
                  }
                },
                {
                  "node": "l",
                  "frag": "ma₂-lah₄",
                  "id": "P357076.l047aa",
                  "ref": "P357076.11.5",
                  "inst": "malah[sailor]",
                  "sig": "@blms%sux:ma₂-lah₄=malah[sailor//sailor]N'N$malah/ma₂-lah₄#~",
                  "f": {
                    "lang": "sux",
                    "form": "ma₂-lah₄",
                    "cf": "malah",
                    "gw": "sailor",
                    "sense": "sailor",
                    "norm0": "malah",
                    "pos": "N",
                    "epos": "N",
                    "base": "ma₂-lah₄",
                    "morph": "~"
                  }
                },
                {
                  "node": "l",
                  "frag": "dug₄-dug₄-bi",
                  "id": "P357076.l047ab",
                  "ref": "P357076.11.6",
                  "inst": "dug[speak]V/t/dug₄-dug₄",
                  "sig": "@blms%sux:dug₄-dug₄-bi=dug[speak//speak]V/t'V/t$dug;*a,bi/dug₄-dug₄#~;*a,bi",
                  "f": {
                    "lang": "sux",
                    "form": "dug₄-dug₄-bi",
                    "cf": "dug",
                    "gw": "speak",
                    "sense": "speak",
                    "norm0": "dug;*a,bi",
                    "pos": "V/t",
                    "epos": "V/t",
                    "base": "dug₄-dug₄",
                    "morph": "~;*a,bi"
                  }
                },
                {
                  "node": "l",
                  "frag": "šum₂-mu",
                  "id": "P357076.l047ac",
                  "ref": "P357076.11.7",
                  "inst": "šum[give]V/t/šum₂+-mu=m.u#~;a",
                  "sig": "@blms%sux:šum₂-mu=šum[give//give]V/t'V/t$šum;a/šum₂+-mu=m.u#~;a",
                  "f": {
                    "lang": "sux",
                    "form": "šum₂-mu",
                    "cf": "šum",
                    "gw": "give",
                    "sense": "give",
                    "norm0": "šum;a",
                    "pos": "V/t",
                    "epos": "V/t",
                    "base": "šum₂",
                    "cont": "-mu=m.u",
                    "morph": "~;a"
                  }
                },
                {
                  "node": "l",
                  "frag": "i₃-zu-u₃",
                  "id": "P357076.l047ad",
                  "ref": "P357076.11.8",
                  "inst": "zu[know]",
                  "sig": "@blms%sux:i₃-zu-u₃=zu[know//know]V/t'V/t$V:zu;e/zu#V:~;e",
                  "f": {
                    "lang": "sux",
                    "form": "i₃-zu-u₃",
                    "cf": "zu",
                    "gw": "know",
                    "sense": "know",
                    "norm0": "V:zu;e",
                    "pos": "V/t",
                    "epos": "V/t",
                    "base": "zu",
                    "morph": "V:~;e"
                  }
                },
                {
                  "node": "d",
                  "type": "line-start",
                  "ref": ""
                },
                {
                  "node": "l",
                  "frag": "[...]",
                  "id": "P357076.l047ae",
                  "ref": "P357076.11.1221000",
                  "inst": "u",
                  "f": {
                    "lang": "akk-x-stdbab",
                    "form": "x",
                    "pos": "u"
                  }
                },
                {
                  "node": "l",
                  "frag": "⸢u₂⸣-tul-li",
                  "id": "P357076.l047af",
                  "ref": "P357076.11.1221001",
                  "inst": "utullu[herdsman]N$utulli",
                  "sig": "@blms%akk-x-stdbab:u₂-tul-li=utullu[herdsman//herdsman]N'N$utulli",
                  "f": {
                    "lang": "akk-x-stdbab",
                    "form": "u₂-tul-li",
                    "cf": "utullu",
                    "gw": "herdsman",
                    "sense": "herdsman",
                    "norm": "utulli",
                    "pos": "N",
                    "epos": "N"
                  }
                },
                {
                  "node": "l",
                  "frag": "li-ša₂-an",
                  "id": "P357076.l047b0",
                  "ref": "P357076.11.1221002",
                  "inst": "lišānu[tongue//language]N'N$lišān",
                  "sig": "@blms%akk-x-stdbab:li-ša₂-an=lišānu[tongue//language]N'N$lišān",
                  "f": {
                    "lang": "akk-x-stdbab",
                    "form": "li-ša₂-an",
                    "cf": "lišānu",
                    "gw": "tongue",
                    "sense": "language",
                    "norm": "lišān",
                    "pos": "N",
                    "epos": "N"
                  }
                },
                {
                  "node": "l",
                  "frag": "ma-la-hi",
                  "id": "P357076.l047b1",
                  "ref": "P357076.11.1221003",
                  "inst": "malāhu[sailor]N$malāhi",
                  "sig": "@blms%akk-x-stdbab:ma-la-hi=malāhu[sailor//sailor]N'N$malāhi",
                  "f": {
                    "lang": "akk-x-stdbab",
                    "form": "ma-la-hi",
                    "cf": "malāhu",
                    "gw": "sailor",
                    "sense": "sailor",
                    "norm": "malāhi",
                    "pos": "N",
                    "epos": "N"
                  }
                },
                {
                  "node": "l",
                  "frag": "at-ma-ši-na",
                  "id": "P357076.l047b2",
                  "ref": "P357076.11.1221004",
                  "inst": "atwû[speech]N$atmâšina",
                  "sig": "@blms%akk-x-stdbab:at-ma-ši-na=atwû[speech//speech]N'N$atmâšina",
                  "f": {
                    "lang": "akk-x-stdbab",
                    "form": "at-ma-ši-na",
                    "cf": "atwû",
                    "gw": "speech",
                    "sense": "speech",
                    "norm": "atmâšina",
                    "pos": "N",
                    "epos": "N"
                  }
                },
                {
                  "node": "l",
                  "frag": "SUM{na}",
                  "id": "P357076.l047b3",
                  "ref": "P357076.11.1221005",
                  "inst": "nadānu[give//giving]V'N$nadāna",
                  "sig": "@blms%akk-x-stdbab:SUM{+na}=nadānu[give//giving]V'N$nadāna",
                  "f": {
                    "lang": "akk-x-stdbab",
                    "form": "SUM{+na}",
                    "cf": "nadānu",
                    "gw": "give",
                    "sense": "giving",
                    "norm": "nadāna",
                    "pos": "V",
                    "epos": "N"
                  }
                },
                {
                  "node": "l",
                  "frag": "ti-de-e",
                  "id": "P357076.l047b4",
                  "ref": "P357076.11.1221006",
                  "inst": "edû[know]V$tīdē",
                  "sig": "@blms%akk-x-stdbab:ti-de-e=edû[know//know]V'V$tīdē",
                  "f": {
                    "lang": "akk-x-stdbab",
                    "form": "ti-de-e",
                    "cf": "edû",
                    "gw": "know",
                    "sense": "know",
                    "norm": "tīdē",
                    "pos": "V",
                    "epos": "V"
                  }
                },
                {
                  "node": "d",
                  "type": "nonx",
                  "ref": "P357076.12",
                  "strict": "1",
                  "extent": "1",
                  "scope": "line",
                  "state": "ruling"
                },
                {
                  "node": "d",
                  "subtype": "reverse",
                  "type": "reverse",
                  "ref": "P357076.r.13",
                  "label": "r"
                },
                {
                  "node": "d",
                  "type": "line-start",
                  "ref": "P357076.14"
                },
                {
                  "node": "d",
                  "type": "line-start",
                  "ref": "P357076.14l",
                  "n": "1",
                  "label": "r 1"
                },
                {
                  "node": "l",
                  "frag": "[...]",
                  "id": "P357076.l047b5",
                  "ref": "P357076.14.1",
                  "inst": "u",
                  "f": {
                    "lang": "sux",
                    "form": "x",
                    "pos": "u"
                  }
                },
                {
                  "node": "l",
                  "frag": "⸢sig₁₀⸣-ge-de₃",
                  "id": "P357076.l047b6",
                  "ref": "P357076.14.2",
                  "inst": "sig[put]V/t/sig₁₀+-ge=g.e#~;ed.e",
                  "sig": "@blms%sux:sig₁₀-ge-de₃=sig[put//to put]V/t'V/t$sig;ed.e/sig₁₀+-ge=g.e#~;ed.e",
                  "f": {
                    "lang": "sux",
                    "form": "sig₁₀-ge-de₃",
                    "cf": "sig",
                    "gw": "put",
                    "sense": "to put",
                    "norm0": "sig;ed.e",
                    "pos": "V/t",
                    "epos": "V/t",
                    "base": "sig₁₀",
                    "cont": "-ge=g.e",
                    "morph": "~;ed.e"
                  }
                },
                {
                  "node": "l",
                  "frag": "⸢i₃⸣-zu-u₃",
                  "id": "P357076.l047b7",
                  "ref": "P357076.14.3",
                  "inst": "zu[know]",
                  "sig": "@blms%sux:i₃-zu-u₃=zu[know//know]V/t'V/t$V:zu;e/zu#V:~;e",
                  "f": {
                    "lang": "sux",
                    "form": "i₃-zu-u₃",
                    "cf": "zu",
                    "gw": "know",
                    "sense": "know",
                    "norm0": "V:zu;e",
                    "pos": "V/t",
                    "epos": "V/t",
                    "base": "zu",
                    "morph": "V:~;e"
                  }
                },
                {
                  "node": "d",
                  "type": "line-start",
                  "ref": ""
                },
                {
                  "node": "l",
                  "frag": "[...]-⸢zu⸣",
                  "id": "P357076.l047b8",
                  "ref": "P357076.14.1222000",
                  "inst": "u",
                  "f": {
                    "lang": "akk-x-stdbab",
                    "form": "x-zu",
                    "pos": "u"
                  }
                },
                {
                  "node": "l",
                  "frag": "eq-⸢lu",
                  "id": "P357076.l047b9",
                  "ref": "P357076.14.1222001",
                  "inst": "eqlu[field]N",
                  "sig": "@blms%akk-x-stdbab:eq-lu=eqlu[field//field]N'N$eqlu",
                  "f": {
                    "lang": "akk-x-stdbab",
                    "form": "eq-lu",
                    "cf": "eqlu",
                    "gw": "field",
                    "sense": "field",
                    "norm": "eqlu",
                    "pos": "N",
                    "epos": "N"
                  }
                },
                {
                  "node": "l",
                  "frag": "pa-la-ku",
                  "id": "P357076.l047ba",
                  "ref": "P357076.14.1222002",
                  "inst": "palāku[dividing off]'N",
                  "sig": "@blms%akk-x-stdbab:pa-la-ku=palāku[divide off//dividing off]V'N$palāku",
                  "f": {
                    "lang": "akk-x-stdbab",
                    "form": "pa-la-ku",
                    "cf": "palāku",
                    "gw": "divide off",
                    "sense": "dividing off",
                    "norm": "palāku",
                    "pos": "V",
                    "epos": "N"
                  }
                },
                {
                  "node": "l",
                  "frag": "ti-de-e⸣",
                  "id": "P357076.l047bb",
                  "ref": "P357076.14.1222003",
                  "inst": "edû[know]V$tīdē",
                  "sig": "@blms%akk-x-stdbab:ti-de-e=edû[know//know]V'V$tīdē",
                  "f": {
                    "lang": "akk-x-stdbab",
                    "form": "ti-de-e",
                    "cf": "edû",
                    "gw": "know",
                    "sense": "know",
                    "norm": "tīdē",
                    "pos": "V",
                    "epos": "V"
                  }
                },
                {
                  "node": "d",
                  "type": "nonx",
                  "ref": "P357076.15",
                  "strict": "1",
                  "extent": "1",
                  "scope": "line",
                  "state": "ruling"
                },
                {
                  "node": "d",
                  "type": "line-start",
                  "ref": "P357076.16"
                },
                {
                  "node": "d",
                  "type": "line-start",
                  "ref": "P357076.16l",
                  "n": "2",
                  "label": "r 2"
                },
                {
                  "node": "l",
                  "frag": "[...",
                  "id": "P357076.l047bc",
                  "ref": "P357076.16.1",
                  "inst": "u",
                  "f": {
                    "lang": "sux",
                    "form": "x",
                    "pos": "u"
                  }
                },
                {
                  "node": "l",
                  "frag": "sur]-⸢sur⸣-re-e-de₃",
                  "id": "P357076.l047bd",
                  "ref": "P357076.16.2",
                  "inst": "sur[press]V/t/sur-sur+-re=r.e#~;ed.e",
                  "sig": "@blms%sux:sur-sur-re-e-de₃=sur[press//press]V/t'V/t$sur;ed.e/sur-sur+-re=r.e#~;ed.e",
                  "f": {
                    "lang": "sux",
                    "form": "sur-sur-re-e-de₃",
                    "cf": "sur",
                    "gw": "press",
                    "sense": "press",
                    "norm0": "sur;ed.e",
                    "pos": "V/t",
                    "epos": "V/t",
                    "base": "sur-sur",
                    "cont": "-re=r.e",
                    "morph": "~;ed.e"
                  }
                },
                {
                  "node": "l",
                  "frag": "⸢i₃⸣-zu-u₃",
                  "id": "P357076.l047be",
                  "ref": "P357076.16.3",
                  "inst": "zu[know]",
                  "sig": "@blms%sux:i₃-zu-u₃=zu[know//know]V/t'V/t$V:zu;e/zu#V:~;e",
                  "f": {
                    "lang": "sux",
                    "form": "i₃-zu-u₃",
                    "cf": "zu",
                    "gw": "know",
                    "sense": "know",
                    "norm0": "V:zu;e",
                    "pos": "V/t",
                    "epos": "V/t",
                    "base": "zu",
                    "morph": "V:~;e"
                  }
                },
                {
                  "node": "d",
                  "type": "line-start",
                  "ref": ""
                },
                {
                  "node": "l",
                  "frag": "[...]",
                  "id": "P357076.l047bf",
                  "ref": "P357076.16.1223000",
                  "inst": "u",
                  "f": {
                    "lang": "akk-x-stdbab",
                    "form": "x",
                    "pos": "u"
                  }
                },
                {
                  "node": "l",
                  "frag": "⸢x",
                  "id": "P357076.l047c0",
                  "ref": "P357076.16.1223001",
                  "inst": "u",
                  "f": {
                    "lang": "akk-x-stdbab",
                    "form": "x",
                    "pos": "u"
                  }
                },
                {
                  "node": "l",
                  "frag": "x",
                  "id": "P357076.l047c1",
                  "ref": "P357076.16.1223002",
                  "inst": "u",
                  "f": {
                    "lang": "akk-x-stdbab",
                    "form": "x",
                    "pos": "u"
                  }
                },
                {
                  "node": "l",
                  "frag": "x⸣",
                  "id": "P357076.l047c2",
                  "ref": "P357076.16.1223003",
                  "inst": "u",
                  "f": {
                    "lang": "akk-x-stdbab",
                    "form": "x",
                    "pos": "u"
                  }
                },
                {
                  "node": "d",
                  "frag": "<<nu>>",
                  "type": "excised",
                  "ref": "P357076.16.1223004",
                  "lang": "akk-x-stdbab",
                  "gdl_delim": " "
                },
                {
                  "node": "l",
                  "frag": "us-⸢su-qa",
                  "id": "P357076.l047c3",
                  "ref": "P357076.16.1223005",
                  "inst": "esēqu[incise//assigning]V'N$ussuqa",
                  "sig": "@blms%akk-x-stdbab:us-su-qa=esēqu[incise//assigning]V'N$ussuqa",
                  "f": {
                    "lang": "akk-x-stdbab",
                    "form": "us-su-qa",
                    "cf": "esēqu",
                    "gw": "incise",
                    "sense": "assigning",
                    "norm": "ussuqa",
                    "pos": "V",
                    "epos": "N"
                  }
                },
                {
                  "node": "l",
                  "frag": "ti-de-e⸣",
                  "id": "P357076.l047c4",
                  "ref": "P357076.16.1223006",
                  "inst": "edû[know]V$tīdē",
                  "sig": "@blms%akk-x-stdbab:ti-de-e=edû[know//know]V'V$tīdē",
                  "f": {
                    "lang": "akk-x-stdbab",
                    "form": "ti-de-e",
                    "cf": "edû",
                    "gw": "know",
                    "sense": "know",
                    "norm": "tīdē",
                    "pos": "V",
                    "epos": "V"
                  }
                },
                {
                  "node": "d",
                  "type": "nonx",
                  "ref": "P357076.17",
                  "strict": "1",
                  "extent": "1",
                  "scope": "line",
                  "state": "ruling"
                },
                {
                  "node": "d",
                  "type": "line-start",
                  "ref": "P357076.18",
                  "n": "3",
                  "label": "r 3"
                },
                {
                  "node": "l",
                  "frag": "[...]",
                  "id": "P357076.l047c5",
                  "ref": "P357076.18.1",
                  "inst": "u",
                  "f": {
                    "lang": "akk-x-stdbab",
                    "form": "x",
                    "pos": "u"
                  }
                },
                {
                  "node": "l",
                  "frag": "⸢lib₃⸣-bi-ia",
                  "id": "P357076.l047c6",
                  "ref": "P357076.18.2",
                  "inst": "libbu[interior//heart]N'N$libbiya",
                  "sig": "@blms%akk-x-stdbab:lib₃-bi-ia=libbu[interior//heart]N'N$libbiya",
                  "f": {
                    "lang": "akk-x-stdbab",
                    "form": "lib₃-bi-ia",
                    "cf": "libbu",
                    "gw": "interior",
                    "sense": "heart",
                    "norm": "libbiya",
                    "pos": "N",
                    "epos": "N"
                  }
                },
                {
                  "node": "l",
                  "frag": "ul",
                  "id": "P357076.l047c7",
                  "ref": "P357076.18.3",
                  "inst": "ul[not]",
                  "sig": "@blms%akk-x-stdbab:ul=ul[not//not]MOD'MOD$ul",
                  "f": {
                    "lang": "akk-x-stdbab",
                    "form": "ul",
                    "cf": "ul",
                    "gw": "not",
                    "sense": "not",
                    "norm": "ul",
                    "pos": "MOD",
                    "epos": "MOD"
                  }
                },
                {
                  "node": "l",
                  "frag": "⸢ib⸣-bal-⸢kat⸣",
                  "id": "P357076.l047c8",
                  "ref": "P357076.18.4",
                  "inst": "nabalkutu[cross over]V$ibbalkat",
                  "sig": "@blms%akk-x-stdbab:ib-bal-kat=nabalkutu[cross over//cross over]V'V$ibbalkat",
                  "f": {
                    "lang": "akk-x-stdbab",
                    "form": "ib-bal-kat",
                    "cf": "nabalkutu",
                    "gw": "cross over",
                    "sense": "cross over",
                    "norm": "ibbalkat",
                    "pos": "V",
                    "epos": "V"
                  }
                },
                {
                  "node": "d",
                  "type": "nonx",
                  "ref": "P357076.19",
                  "strict": "1",
                  "extent": "1",
                  "scope": "line",
                  "state": "ruling"
                },
                {
                  "node": "d",
                  "type": "line-start",
                  "ref": "P357076.20",
                  "n": "4",
                  "label": "r 4"
                },
                {
                  "node": "l",
                  "frag": "[...]",
                  "id": "P357076.l047c9",
                  "ref": "P357076.20.1",
                  "inst": "u",
                  "f": {
                    "lang": "akk-x-stdbab",
                    "form": "x",
                    "pos": "u"
                  }
                },
                {
                  "node": "l",
                  "frag": "⸢u₂⸣-kal-li₃-ma-ni",
                  "id": "P357076.l047ca",
                  "ref": "P357076.20.2",
                  "inst": "kullumu[show]V$ukallimanni",
                  "sig": "@blms%akk-x-stdbab:u₂-kal-li₃-ma-ni=kullumu[show//show]V'V$ukallimanni",
                  "f": {
                    "lang": "akk-x-stdbab",
                    "form": "u₂-kal-li₃-ma-ni",
                    "cf": "kullumu",
                    "gw": "show",
                    "sense": "show",
                    "norm": "ukallimanni",
                    "pos": "V",
                    "epos": "V"
                  }
                },
                {
                  "node": "d",
                  "type": "nonx",
                  "ref": "P357076.21",
                  "strict": "1",
                  "extent": "1",
                  "scope": "line",
                  "state": "ruling"
                },
                {
                  "node": "d",
                  "type": "line-start",
                  "ref": "P357076.22",
                  "n": "5",
                  "label": "r 5"
                },
                {
                  "node": "l",
                  "frag": "[...",
                  "id": "P357076.l047cb",
                  "ref": "P357076.22.1",
                  "inst": "u",
                  "f": {
                    "lang": "akk-x-stdbab",
                    "form": "x",
                    "pos": "u"
                  }
                },
                {
                  "node": "l",
                  "frag": "lu]-⸢uq⸣-bi-⸢ka⸣",
                  "id": "P357076.l047cc",
                  "ref": "P357076.22.2",
                  "inst": "qabû[say]V$luqbika",
                  "sig": "@blms%akk-x-stdbab:lu-uq-bi-ka=qabû[say//say]V'V$luqbika",
                  "f": {
                    "lang": "akk-x-stdbab",
                    "form": "lu-uq-bi-ka",
                    "cf": "qabû",
                    "gw": "say",
                    "sense": "say",
                    "norm": "luqbika",
                    "pos": "V",
                    "epos": "V"
                  }
                },
                {
                  "node": "d",
                  "type": "nonx",
                  "ref": "P357076.23",
                  "strict": "1",
                  "extent": "1",
                  "scope": "line",
                  "state": "ruling"
                },
                {
                  "node": "d",
                  "type": "line-start",
                  "ref": "P357076.24",
                  "n": "6",
                  "label": "r 6"
                },
                {
                  "node": "l",
                  "frag": "[...]-⸢i",
                  "id": "P357076.l047cd",
                  "ref": "P357076.24.1",
                  "inst": "u",
                  "f": {
                    "lang": "akk-x-stdbab",
                    "form": "x-i",
                    "pos": "u"
                  }
                },
                {
                  "node": "l",
                  "frag": "aš₂⸣-bat",
                  "id": "P357076.l047ce",
                  "ref": "P357076.24.2",
                  "inst": "wašbu[inhabited//seated]AJ'AJ$ašbāt",
                  "sig": "@blms%akk-x-stdbab:aš₂-bat=wašbu[inhabited//seated]AJ'AJ$ašbāt",
                  "f": {
                    "lang": "akk-x-stdbab",
                    "form": "aš₂-bat",
                    "cf": "wašbu",
                    "gw": "inhabited",
                    "sense": "seated",
                    "norm": "ašbāt",
                    "pos": "AJ",
                    "epos": "AJ"
                  }
                },
                {
                  "node": "d",
                  "type": "nonx",
                  "ref": "P357076.25",
                  "strict": "1",
                  "extent": "1",
                  "scope": "line",
                  "state": "ruling"
                },
                {
                  "node": "d",
                  "type": "line-start",
                  "ref": "P357076.26",
                  "n": "7",
                  "label": "r 7"
                },
                {
                  "node": "l",
                  "frag": "[...",
                  "id": "P357076.l047cf",
                  "ref": "P357076.26.1",
                  "inst": "u",
                  "f": {
                    "lang": "akk-x-stdbab",
                    "form": "x",
                    "pos": "u"
                  }
                },
                {
                  "node": "l",
                  "frag": "li]-tu-tu",
                  "id": "P357076.l047d0",
                  "ref": "P357076.26.2",
                  "inst": "littūtu[(extreme) old age]N$",
                  "sig": "@blms%akk-x-stdbab:li-tu-tu=littūtu[(extreme) old age//(extreme) old age]N'N$littūtu",
                  "f": {
                    "lang": "akk-x-stdbab",
                    "form": "li-tu-tu",
                    "cf": "littūtu",
                    "gw": "(extreme) old age",
                    "sense": "(extreme) old age",
                    "norm": "littūtu",
                    "pos": "N",
                    "epos": "N"
                  }
                },
                {
                  "node": "d",
                  "type": "nonx",
                  "ref": "P357076.27",
                  "strict": "1",
                  "extent": "1",
                  "scope": "line",
                  "state": "ruling"
                },
                {
                  "node": "d",
                  "type": "nonx",
                  "ref": "P357076.28",
                  "strict": "0",
                  "state": "missing"
                }
              ]
            }
          ]
        }
      ]
    }
  ]
}
