{
  "type": "cdl",
  "source": "http://oracc.org/blms",
  "license": "This data is released under the CC0 license",
  "license-url": "https://creativecommons.org/publicdomain/zero/1.0/",
  "more-info": "http://oracc.org/doc/opendata/",
  "UTC-timestamp": "2017-06-09T23:18:25",
  "project": "blms",
  "textid": "P395745",
  "cdl": [
    {
      "node": "c",
      "type": "text",
      "id": "P395745.U0",
      "cdl": [
        {
          "node": "d",
          "type": "object",
          "ref": ""
        },
        {
          "node": "d",
          "subtype": "obverse",
          "type": "obverse",
          "ref": "P395745.o.1",
          "label": "o"
        },
        {
          "node": "c",
          "type": "discourse",
          "subtype": "body",
          "id": "P395745.U1",
          "cdl": [
            {
              "node": "c",
              "type": "sentence",
              "id": "P395745.U2",
              "cdl": [
                {
                  "node": "d",
                  "type": "line-start",
                  "ref": "P395745.2"
                },
                {
                  "node": "d",
                  "type": "line-start",
                  "ref": "P395745.2l",
                  "n": "1",
                  "label": "o 1"
                },
                {
                  "node": "l",
                  "frag": "mu-e-ši-in-ŋen-na-ŋu₁₀-ur₂",
                  "id": "P395745.l01d19",
                  "ref": "P395745.2.1",
                  "inst": "ŋen[go]V/i/ŋen+-na=n.a",
                  "sig": "@blms%sux:mu-e-ši-in-ŋen-na-ŋu₁₀-ur₂=ŋen[go//go]V/i'V/i$ŋen/ŋen+-na=n.a#~",
                  "f": {
                    "lang": "sux",
                    "form": "mu-e-ši-in-ŋen-na-ŋu₁₀-ur₂",
                    "cf": "ŋen",
                    "gw": "go",
                    "sense": "go",
                    "norm0": "ŋen",
                    "pos": "V/i",
                    "epos": "V/i",
                    "base": "ŋen",
                    "cont": "-na=n.a",
                    "morph": "~"
                  }
                },
                {
                  "node": "l",
                  "frag": "a-ra-zu",
                  "id": "P395745.l01d1a",
                  "ref": "P395745.2.2",
                  "inst": "arazu[supplication]N",
                  "sig": "@blms%sux:a-ra-zu=arazu[supplication//supplication]N'N$arazu/a-ra-zu#~",
                  "f": {
                    "lang": "sux",
                    "form": "a-ra-zu",
                    "cf": "arazu",
                    "gw": "supplication",
                    "sense": "supplication",
                    "norm0": "arazu",
                    "pos": "N",
                    "epos": "N",
                    "base": "a-ra-zu",
                    "morph": "~"
                  }
                },
                {
                  "node": "l",
                  "frag": "mu-uš",
                  "id": "P395745.l01d1b",
                  "ref": "P395745.2.3",
                  "inst": "muš[tree]N/mu-uš",
                  "sig": "@blms%sux-x-emesal:mu-uš=muš[tree//tree]N'N$muš/mu-uš#~",
                  "f": {
                    "lang": "sux-x-emesal",
                    "form": "mu-uš",
                    "cf": "muš",
                    "gw": "tree",
                    "sense": "tree",
                    "norm0": "muš",
                    "pos": "N",
                    "epos": "N",
                    "base": "mu-uš",
                    "morph": "~"
                  }
                },
                {
                  "node": "l",
                  "frag": "⸢tuku⸣-[...]",
                  "id": "P395745.l01d1c",
                  "ref": "P395745.2.4",
                  "inst": "u",
                  "f": {
                    "lang": "sux",
                    "form": "tuku-x",
                    "pos": "u"
                  }
                },
                {
                  "node": "d",
                  "type": "line-start",
                  "ref": ""
                },
                {
                  "node": "d",
                  "type": "nonw",
                  "ref": ""
                },
                {
                  "node": "l",
                  "frag": "ša₂",
                  "id": "P395745.l01d1d",
                  "ref": "P395745.2.619000",
                  "inst": "ša[that]REL",
                  "sig": "@blms%akk-x-stdbab:ša₂=ša[that//that]REL'REL$ša",
                  "f": {
                    "lang": "akk-x-stdbab",
                    "form": "ša₂",
                    "cf": "ša",
                    "gw": "that",
                    "sense": "that",
                    "norm": "ša",
                    "pos": "REL",
                    "epos": "REL"
                  }
                },
                {
                  "node": "l",
                  "frag": "il-li-kak-ka",
                  "id": "P395745.l01d1e",
                  "ref": "P395745.2.619001",
                  "inst": "alāku[go]V$illikakka",
                  "sig": "@blms%akk-x-stdbab:il-li-kak-ka=alāku[go//go]V'V$illikakka",
                  "f": {
                    "lang": "akk-x-stdbab",
                    "form": "il-li-kak-ka",
                    "cf": "alāku",
                    "gw": "go",
                    "sense": "go",
                    "norm": "illikakka",
                    "pos": "V",
                    "epos": "V"
                  }
                },
                {
                  "node": "l",
                  "frag": "tes₂-li-is-su",
                  "id": "P395745.l01d1f",
                  "ref": "P395745.2.619002",
                  "inst": "teslītu[appeal]N$teslīssu",
                  "sig": "@blms%akk-x-stdbab:tes₂-li-is-su=teslītu[appeal//appeal]N'N$teslīssu",
                  "f": {
                    "lang": "akk-x-stdbab",
                    "form": "tes₂-li-is-su",
                    "cf": "teslītu",
                    "gw": "appeal",
                    "sense": "appeal",
                    "norm": "teslīssu",
                    "pos": "N",
                    "epos": "N"
                  }
                },
                {
                  "node": "l",
                  "frag": "še-[me]",
                  "id": "P395745.l01d20",
                  "ref": "P395745.2.619003",
                  "inst": "šemû[hear//accept (prayer)]V'V$šeme",
                  "sig": "@blms%akk-x-stdbab:še-me=šemû[hear//accept (prayer)]V'V$šeme",
                  "f": {
                    "lang": "akk-x-stdbab",
                    "form": "še-me",
                    "cf": "šemû",
                    "gw": "hear",
                    "sense": "accept (prayer)",
                    "norm": "šeme",
                    "pos": "V",
                    "epos": "V"
                  }
                },
                {
                  "node": "d",
                  "type": "line-start",
                  "ref": "P395745.3",
                  "n": "2",
                  "label": "o 2"
                },
                {
                  "node": "l",
                  "frag": "umun",
                  "id": "P395745.l01d21",
                  "ref": "P395745.3.1",
                  "inst": "umun[lord]N/umun",
                  "sig": "@blms%sux-x-emesal:umun=umun[lord//lord]N'N$umun/umun#~",
                  "f": {
                    "lang": "sux-x-emesal",
                    "form": "umun",
                    "cf": "umun",
                    "gw": "lord",
                    "sense": "lord",
                    "norm0": "umun",
                    "pos": "N",
                    "epos": "N",
                    "base": "umun",
                    "morph": "~"
                  }
                },
                {
                  "node": "l",
                  "frag": "{d}diŋir-mar-tu",
                  "id": "P395745.l01d22",
                  "ref": "P395745.3.2",
                  "inst": "DiŋirMartu[]DN/{d}diŋir-mar-tu",
                  "sig": "@blms%sux:{d}diŋir-mar-tu=DiŋirMartu[1//1]DN'DN$DiŋirMartu/{d}diŋir-mar-tu#~",
                  "f": {
                    "lang": "sux",
                    "form": "{d}diŋir-mar-tu",
                    "cf": "DiŋirMartu",
                    "gw": "1",
                    "sense": "1",
                    "norm0": "DiŋirMartu",
                    "pos": "DN",
                    "epos": "DN",
                    "base": "{d}diŋir-mar-tu",
                    "morph": "~"
                  }
                },
                {
                  "node": "l",
                  "frag": "mu-e-ši-in-ŋen-na-ŋu₁₀-ur₂",
                  "id": "P395745.l01d23",
                  "ref": "P395745.3.3",
                  "inst": "ŋen[go]V/i/ŋen+-na=n.a",
                  "sig": "@blms%sux:mu-e-ši-in-ŋen-na-ŋu₁₀-ur₂=ŋen[go//go]V/i'V/i$ŋen/ŋen+-na=n.a#~",
                  "f": {
                    "lang": "sux",
                    "form": "mu-e-ši-in-ŋen-na-ŋu₁₀-ur₂",
                    "cf": "ŋen",
                    "gw": "go",
                    "sense": "go",
                    "norm0": "ŋen",
                    "pos": "V/i",
                    "epos": "V/i",
                    "base": "ŋen",
                    "cont": "-na=n.a",
                    "morph": "~"
                  }
                },
                {
                  "node": "l",
                  "frag": "a-ra-zu",
                  "id": "P395745.l01d24",
                  "ref": "P395745.3.4",
                  "inst": "arazu[supplication]N",
                  "sig": "@blms%sux:a-ra-zu=arazu[supplication//supplication]N'N$arazu/a-ra-zu#~",
                  "f": {
                    "lang": "sux",
                    "form": "a-ra-zu",
                    "cf": "arazu",
                    "gw": "supplication",
                    "sense": "supplication",
                    "norm0": "arazu",
                    "pos": "N",
                    "epos": "N",
                    "base": "a-ra-zu",
                    "morph": "~"
                  }
                },
                {
                  "node": "l",
                  "frag": "<mu-uš",
                  "id": "P395745.l01d25",
                  "ref": "P395745.3.5",
                  "inst": "muš[tree]N/mu-uš",
                  "sig": "@blms%sux-x-emesal:mu-uš=muš[tree//tree]N'N$muš/mu-uš#~",
                  "f": {
                    "lang": "sux-x-emesal",
                    "form": "mu-uš",
                    "cf": "muš",
                    "gw": "tree",
                    "sense": "tree",
                    "norm0": "muš",
                    "pos": "N",
                    "epos": "N",
                    "base": "mu-uš",
                    "morph": "~"
                  }
                },
                {
                  "node": "l",
                  "frag": "tuku-[...]>",
                  "id": "P395745.l01d26",
                  "ref": "P395745.3.6",
                  "inst": "u",
                  "f": {
                    "lang": "sux",
                    "form": "tuku-x",
                    "pos": "u"
                  }
                },
                {
                  "node": "d",
                  "type": "line-start",
                  "ref": "P395745.4",
                  "n": "3",
                  "label": "o 3"
                },
                {
                  "node": "l",
                  "frag": "{d}mar-KI",
                  "id": "P395745.l01d27",
                  "ref": "P395745.4.1",
                  "inst": "Martu[]DN/{d}mar-KI",
                  "sig": "@blms%sux:{d}mar-KI=Martu[1//1]DN'DN$Martu/{d}mar-KI#~",
                  "f": {
                    "lang": "sux",
                    "form": "{d}mar-KI",
                    "cf": "Martu",
                    "gw": "1",
                    "sense": "1",
                    "norm0": "Martu",
                    "pos": "DN",
                    "epos": "DN",
                    "base": "{d}mar-KI",
                    "morph": "~"
                  }
                },
                {
                  "node": "l",
                  "frag": "dumu",
                  "id": "P395745.l01d28",
                  "ref": "P395745.4.2",
                  "inst": "dumu[child, son, daughter]N",
                  "sig": "@blms%sux:dumu=dumu[child//child, son, daughter]N'N$dumu/dumu#~",
                  "f": {
                    "lang": "sux",
                    "form": "dumu",
                    "cf": "dumu",
                    "gw": "child",
                    "sense": "child, son, daughter",
                    "norm0": "dumu",
                    "pos": "N",
                    "epos": "N",
                    "base": "dumu",
                    "morph": "~"
                  }
                },
                {
                  "node": "l",
                  "frag": "an-na",
                  "id": "P395745.l01d29",
                  "ref": "P395745.4.3",
                  "inst": "An[1]DN",
                  "sig": "@blms%sux:an-na=An[1//1]DN'DN$An,ak/an+-na=n.a#~,ak",
                  "f": {
                    "lang": "sux",
                    "form": "an-na",
                    "cf": "An",
                    "gw": "1",
                    "sense": "1",
                    "norm0": "An,ak",
                    "pos": "DN",
                    "epos": "DN",
                    "base": "an",
                    "cont": "-na=n.a",
                    "morph": "~,ak"
                  }
                },
                {
                  "node": "l",
                  "frag": "mu-e-ši-in-ŋen-na-ŋu₁₀-ur₂",
                  "id": "P395745.l01d2a",
                  "ref": "P395745.4.4",
                  "inst": "ŋen[go]V/i/ŋen+-na=n.a",
                  "sig": "@blms%sux:mu-e-ši-in-ŋen-na-ŋu₁₀-ur₂=ŋen[go//go]V/i'V/i$ŋen/ŋen+-na=n.a#~",
                  "f": {
                    "lang": "sux",
                    "form": "mu-e-ši-in-ŋen-na-ŋu₁₀-ur₂",
                    "cf": "ŋen",
                    "gw": "go",
                    "sense": "go",
                    "norm0": "ŋen",
                    "pos": "V/i",
                    "epos": "V/i",
                    "base": "ŋen",
                    "cont": "-na=n.a",
                    "morph": "~"
                  }
                },
                {
                  "node": "l",
                  "frag": "a-ra-zu",
                  "id": "P395745.l01d2b",
                  "ref": "P395745.4.5",
                  "inst": "arazu[supplication]N",
                  "sig": "@blms%sux:a-ra-zu=arazu[supplication//supplication]N'N$arazu/a-ra-zu#~",
                  "f": {
                    "lang": "sux",
                    "form": "a-ra-zu",
                    "cf": "arazu",
                    "gw": "supplication",
                    "sense": "supplication",
                    "norm0": "arazu",
                    "pos": "N",
                    "epos": "N",
                    "base": "a-ra-zu",
                    "morph": "~"
                  }
                },
                {
                  "node": "l",
                  "frag": "<mu-uš",
                  "id": "P395745.l01d2c",
                  "ref": "P395745.4.6",
                  "inst": "muš[tree]N/mu-uš",
                  "sig": "@blms%sux-x-emesal:mu-uš=muš[tree//tree]N'N$muš/mu-uš#~",
                  "f": {
                    "lang": "sux-x-emesal",
                    "form": "mu-uš",
                    "cf": "muš",
                    "gw": "tree",
                    "sense": "tree",
                    "norm0": "muš",
                    "pos": "N",
                    "epos": "N",
                    "base": "mu-uš",
                    "morph": "~"
                  }
                },
                {
                  "node": "l",
                  "frag": "tuku-[...]>",
                  "id": "P395745.l01d2d",
                  "ref": "P395745.4.7",
                  "inst": "u",
                  "f": {
                    "lang": "sux",
                    "form": "tuku-x",
                    "pos": "u"
                  }
                },
                {
                  "node": "d",
                  "type": "line-start",
                  "ref": "P395745.5"
                },
                {
                  "node": "d",
                  "type": "line-start",
                  "ref": "P395745.5l",
                  "n": "4",
                  "label": "o 4"
                },
                {
                  "node": "l",
                  "frag": "mu-lu",
                  "id": "P395745.l01d2e",
                  "ref": "P395745.5.1",
                  "inst": "mulu[person]N/mu-lu",
                  "sig": "@blms%sux-x-emesal:mu-lu=mulu[person//person]N'N$mulu/mu-lu#~",
                  "f": {
                    "lang": "sux-x-emesal",
                    "form": "mu-lu",
                    "cf": "mulu",
                    "gw": "person",
                    "sense": "person",
                    "norm0": "mulu",
                    "pos": "N",
                    "epos": "N",
                    "base": "mu-lu",
                    "morph": "~"
                  }
                },
                {
                  "node": "l",
                  "frag": "hur-saŋ-ŋa₂",
                  "id": "P395745.l01d2f",
                  "ref": "P395745.5.2",
                  "inst": "hursaŋ[mountain, foothills]N",
                  "sig": "@blms%sux:hur-saŋ-ŋa₂=hursaŋ[mountain//mountain, foothills]N'N$hursaŋ,ak/hur-saŋ#~,ak",
                  "f": {
                    "lang": "sux",
                    "form": "hur-saŋ-ŋa₂",
                    "cf": "hursaŋ",
                    "gw": "mountain",
                    "sense": "mountain, foothills",
                    "norm0": "hursaŋ,ak",
                    "pos": "N",
                    "epos": "N",
                    "base": "hur-saŋ",
                    "morph": "~,ak"
                  }
                },
                {
                  "node": "l",
                  "frag": "du₇-du₇",
                  "id": "P395745.l01d30",
                  "ref": "P395745.5.3",
                  "inst": "du[gore]V/t",
                  "sig": "@blms%sux:du₇-du₇=du[push//to push, thrust, gore]V/t'V/t$du/du₇-du₇#~",
                  "f": {
                    "lang": "sux",
                    "form": "du₇-du₇",
                    "cf": "du",
                    "gw": "push",
                    "sense": "to push, thrust, gore",
                    "norm0": "du",
                    "pos": "V/t",
                    "epos": "V/t",
                    "base": "du₇-du₇",
                    "morph": "~"
                  }
                },
                {
                  "node": "l",
                  "frag": "mu-e-ši-in-ŋen-na-⸢ŋu₁₀-ur₂",
                  "id": "P395745.l01d31",
                  "ref": "P395745.5.4",
                  "inst": "ŋen[go]V/i/ŋen+-na=n.a",
                  "sig": "@blms%sux:mu-e-ši-in-ŋen-na-ŋu₁₀-ur₂=ŋen[go//go]V/i'V/i$ŋen/ŋen+-na=n.a#~",
                  "f": {
                    "lang": "sux",
                    "form": "mu-e-ši-in-ŋen-na-ŋu₁₀-ur₂",
                    "cf": "ŋen",
                    "gw": "go",
                    "sense": "go",
                    "norm0": "ŋen",
                    "pos": "V/i",
                    "epos": "V/i",
                    "base": "ŋen",
                    "cont": "-na=n.a",
                    "morph": "~"
                  }
                },
                {
                  "node": "l",
                  "frag": "a-ra-zu⸣",
                  "id": "P395745.l01d32",
                  "ref": "P395745.5.5",
                  "inst": "arazu[supplication]N",
                  "sig": "@blms%sux:a-ra-zu=arazu[supplication//supplication]N'N$arazu/a-ra-zu#~",
                  "f": {
                    "lang": "sux",
                    "form": "a-ra-zu",
                    "cf": "arazu",
                    "gw": "supplication",
                    "sense": "supplication",
                    "norm0": "arazu",
                    "pos": "N",
                    "epos": "N",
                    "base": "a-ra-zu",
                    "morph": "~"
                  }
                },
                {
                  "node": "l",
                  "frag": "<mu-uš",
                  "id": "P395745.l01d33",
                  "ref": "P395745.5.6",
                  "inst": "muš[tree]N/mu-uš",
                  "sig": "@blms%sux-x-emesal:mu-uš=muš[tree//tree]N'N$muš/mu-uš#~",
                  "f": {
                    "lang": "sux-x-emesal",
                    "form": "mu-uš",
                    "cf": "muš",
                    "gw": "tree",
                    "sense": "tree",
                    "norm0": "muš",
                    "pos": "N",
                    "epos": "N",
                    "base": "mu-uš",
                    "morph": "~"
                  }
                },
                {
                  "node": "l",
                  "frag": "tuku-[...]>",
                  "id": "P395745.l01d34",
                  "ref": "P395745.5.7",
                  "inst": "u",
                  "f": {
                    "lang": "sux",
                    "form": "tuku-x",
                    "pos": "u"
                  }
                },
                {
                  "node": "d",
                  "type": "line-start",
                  "ref": ""
                },
                {
                  "node": "l",
                  "frag": "be-li₃",
                  "id": "P395745.l01d35",
                  "ref": "P395745.5.620000",
                  "inst": "bēlu[lord]N$bēlī",
                  "sig": "@blms%akk-x-stdbab:be-li₃=bēlu[lord//lord]N'N$bēlī",
                  "f": {
                    "lang": "akk-x-stdbab",
                    "form": "be-li₃",
                    "cf": "bēlu",
                    "gw": "lord",
                    "sense": "lord",
                    "norm": "bēlī",
                    "pos": "N",
                    "epos": "N"
                  }
                },
                {
                  "node": "l",
                  "frag": "mut-tak-kip",
                  "id": "P395745.l01d36",
                  "ref": "P395745.5.620001",
                  "inst": "muttakkipu[habitual gorer]N$muttakip",
                  "sig": "@blms%akk-x-stdbab:mut-tak-kip=muttakkipu[habitual gorer//habitual gorer]N'N$muttakip",
                  "f": {
                    "lang": "akk-x-stdbab",
                    "form": "mut-tak-kip",
                    "cf": "muttakkipu",
                    "gw": "habitual gorer",
                    "sense": "habitual gorer",
                    "norm": "muttakip",
                    "pos": "N",
                    "epos": "N"
                  }
                },
                {
                  "node": "l",
                  "frag": "KUR{i}",
                  "id": "P395745.l01d37",
                  "ref": "P395745.5.620002",
                  "inst": "šadî[mountain]N",
                  "sig": "@blms%akk-x-stdbab:KUR{+i}=šadû[mountain//mountain]N'N$šadî",
                  "f": {
                    "lang": "akk-x-stdbab",
                    "form": "KUR{+i}",
                    "cf": "šadû",
                    "gw": "mountain",
                    "sense": "mountain",
                    "norm": "šadî",
                    "pos": "N",
                    "epos": "N"
                  }
                },
                {
                  "node": "l",
                  "frag": "<ša₂",
                  "id": "P395745.l01d38",
                  "ref": "P395745.5.620003",
                  "inst": "ša[that]REL",
                  "sig": "@blms%akk-x-stdbab:ša₂=ša[that//that]REL'REL$ša",
                  "f": {
                    "lang": "akk-x-stdbab",
                    "form": "ša₂",
                    "cf": "ša",
                    "gw": "that",
                    "sense": "that",
                    "norm": "ša",
                    "pos": "REL",
                    "epos": "REL"
                  }
                },
                {
                  "node": "l",
                  "frag": "il-li-kak-ka",
                  "id": "P395745.l01d39",
                  "ref": "P395745.5.620004",
                  "inst": "alāku[go]V$illikakka",
                  "sig": "@blms%akk-x-stdbab:il-li-kak-ka=alāku[go//go]V'V$illikakka",
                  "f": {
                    "lang": "akk-x-stdbab",
                    "form": "il-li-kak-ka",
                    "cf": "alāku",
                    "gw": "go",
                    "sense": "go",
                    "norm": "illikakka",
                    "pos": "V",
                    "epos": "V"
                  }
                },
                {
                  "node": "l",
                  "frag": "tes₂-li-is-su",
                  "id": "P395745.l01d3a",
                  "ref": "P395745.5.620005",
                  "inst": "teslītu[appeal]N$teslīssu",
                  "sig": "@blms%akk-x-stdbab:tes₂-li-is-su=teslītu[appeal//appeal]N'N$teslīssu",
                  "f": {
                    "lang": "akk-x-stdbab",
                    "form": "tes₂-li-is-su",
                    "cf": "teslītu",
                    "gw": "appeal",
                    "sense": "appeal",
                    "norm": "teslīssu",
                    "pos": "N",
                    "epos": "N"
                  }
                },
                {
                  "node": "l",
                  "frag": "še-me>",
                  "id": "P395745.l01d3b",
                  "ref": "P395745.5.620006",
                  "inst": "šemû[hear//accept (prayer)]V'V$šeme",
                  "sig": "@blms%akk-x-stdbab:še-me=šemû[hear//accept (prayer)]V'V$šeme",
                  "f": {
                    "lang": "akk-x-stdbab",
                    "form": "še-me",
                    "cf": "šemû",
                    "gw": "hear",
                    "sense": "accept (prayer)",
                    "norm": "šeme",
                    "pos": "V",
                    "epos": "V"
                  }
                },
                {
                  "node": "d",
                  "type": "line-start",
                  "ref": "P395745.6"
                },
                {
                  "node": "d",
                  "type": "line-start",
                  "ref": "P395745.6l",
                  "n": "5",
                  "label": "o 5"
                },
                {
                  "node": "l",
                  "frag": "⸢diŋir⸣",
                  "id": "P395745.l01d3c",
                  "ref": "P395745.6.1",
                  "inst": "diŋir[deity, god, goddess]N",
                  "sig": "@blms%sux:diŋir=diŋir[deity//deity]N'N$diŋir/diŋir#~",
                  "f": {
                    "lang": "sux",
                    "form": "diŋir",
                    "cf": "diŋir",
                    "gw": "deity",
                    "sense": "deity",
                    "norm0": "diŋir",
                    "pos": "N",
                    "epos": "N",
                    "base": "diŋir",
                    "morph": "~"
                  }
                },
                {
                  "node": "l",
                  "frag": "pa",
                  "id": "P395745.l01d3d",
                  "ref": "P395745.6.2",
                  "inst": "pa[branch, frond]N",
                  "sig": "@blms%sux:pa=pa[branch//branch, frond]N'N$pa/pa#~",
                  "f": {
                    "lang": "sux",
                    "form": "pa",
                    "cf": "pa",
                    "gw": "branch",
                    "sense": "branch, frond",
                    "norm0": "pa",
                    "pos": "N",
                    "epos": "N",
                    "base": "pa",
                    "morph": "~"
                  }
                },
                {
                  "node": "l",
                  "frag": "e₃-a",
                  "id": "P395745.l01d3e",
                  "ref": "P395745.6.3",
                  "inst": "e[bring out]V/t",
                  "sig": "@blms%sux:e₃-a=e[leave//to bring out]V/i'V/t$e;a/e₃#~;a",
                  "f": {
                    "lang": "sux",
                    "form": "e₃-a",
                    "cf": "e",
                    "gw": "leave",
                    "sense": "to bring out",
                    "norm0": "e;a",
                    "pos": "V/i",
                    "epos": "V/t",
                    "base": "e₃",
                    "morph": "~;a"
                  }
                },
                {
                  "node": "l",
                  "frag": "mu-e-ši-in-ŋen-na-mu-ur₂",
                  "id": "P395745.l01d3f",
                  "ref": "P395745.6.4",
                  "inst": "ŋen[go]V/i/ŋen+-na=n.a",
                  "sig": "@blms%sux:mu-e-ši-in-ŋen-na-mu-ur₂=ŋen[go//go]V/i'V/i$ŋen/ŋen+-na=n.a#~",
                  "f": {
                    "lang": "sux",
                    "form": "mu-e-ši-in-ŋen-na-mu-ur₂",
                    "cf": "ŋen",
                    "gw": "go",
                    "sense": "go",
                    "norm0": "ŋen",
                    "pos": "V/i",
                    "epos": "V/i",
                    "base": "ŋen",
                    "cont": "-na=n.a",
                    "morph": "~"
                  }
                },
                {
                  "node": "l",
                  "frag": "a-⸢ra-zu⸣",
                  "id": "P395745.l01d40",
                  "ref": "P395745.6.5",
                  "inst": "arazu[supplication]N",
                  "sig": "@blms%sux:a-ra-zu=arazu[supplication//supplication]N'N$arazu/a-ra-zu#~",
                  "f": {
                    "lang": "sux",
                    "form": "a-ra-zu",
                    "cf": "arazu",
                    "gw": "supplication",
                    "sense": "supplication",
                    "norm0": "arazu",
                    "pos": "N",
                    "epos": "N",
                    "base": "a-ra-zu",
                    "morph": "~"
                  }
                },
                {
                  "node": "l",
                  "frag": "<mu-uš",
                  "id": "P395745.l01d41",
                  "ref": "P395745.6.6",
                  "inst": "muš[tree]N/mu-uš",
                  "sig": "@blms%sux-x-emesal:mu-uš=muš[tree//tree]N'N$muš/mu-uš#~",
                  "f": {
                    "lang": "sux-x-emesal",
                    "form": "mu-uš",
                    "cf": "muš",
                    "gw": "tree",
                    "sense": "tree",
                    "norm0": "muš",
                    "pos": "N",
                    "epos": "N",
                    "base": "mu-uš",
                    "morph": "~"
                  }
                },
                {
                  "node": "l",
                  "frag": "tuku-[...]>",
                  "id": "P395745.l01d42",
                  "ref": "P395745.6.7",
                  "inst": "u",
                  "f": {
                    "lang": "sux",
                    "form": "tuku-x",
                    "pos": "u"
                  }
                },
                {
                  "node": "d",
                  "type": "line-start",
                  "ref": ""
                },
                {
                  "node": "l",
                  "frag": "[i]-⸢li₃⸣",
                  "id": "P395745.l01d43",
                  "ref": "P395745.6.621000",
                  "inst": "ilu[god]N$ilī",
                  "sig": "@blms%akk-x-stdbab:i-li₃=ilu[god//god]N'N$ilī",
                  "f": {
                    "lang": "akk-x-stdbab",
                    "form": "i-li₃",
                    "cf": "ilu",
                    "gw": "god",
                    "sense": "god",
                    "norm": "ilī",
                    "pos": "N",
                    "epos": "N"
                  }
                },
                {
                  "node": "l",
                  "frag": "šu-pu-u",
                  "id": "P395745.l01d44",
                  "ref": "P395745.6.621001",
                  "inst": "šūpû[made apparent]AJ",
                  "sig": "@blms%akk-x-stdbab:šu-pu-u=šūpû[made apparent//made apparent]AJ'AJ$šūpû",
                  "f": {
                    "lang": "akk-x-stdbab",
                    "form": "šu-pu-u",
                    "cf": "šūpû",
                    "gw": "made apparent",
                    "sense": "made apparent",
                    "norm": "šūpû",
                    "pos": "AJ",
                    "epos": "AJ"
                  }
                },
                {
                  "node": "l",
                  "frag": "a-na",
                  "id": "P395745.l01d45",
                  "ref": "P395745.6.621002",
                  "inst": "ana[to]PRP",
                  "sig": "@blms%akk-x-stdbab:a-na=ana[to//to]PRP'PRP$ana",
                  "f": {
                    "lang": "akk-x-stdbab",
                    "form": "a-na",
                    "cf": "ana",
                    "gw": "to",
                    "sense": "to",
                    "norm": "ana",
                    "pos": "PRP",
                    "epos": "PRP"
                  }
                },
                {
                  "node": "l",
                  "frag": "[...]",
                  "id": "P395745.l01d46",
                  "ref": "P395745.6.621003",
                  "inst": "u",
                  "f": {
                    "lang": "akk-x-stdbab",
                    "form": "x",
                    "pos": "u"
                  }
                },
                {
                  "node": "d",
                  "type": "line-start",
                  "ref": "P395745.7",
                  "n": "6",
                  "label": "o 6"
                },
                {
                  "node": "l",
                  "frag": "[umun",
                  "id": "P395745.l01d47",
                  "ref": "P395745.7.1",
                  "inst": "umun[lord]N/umun",
                  "sig": "@blms%sux-x-emesal:umun=umun[lord//lord]N'N$umun/umun#~",
                  "f": {
                    "lang": "sux-x-emesal",
                    "form": "umun",
                    "cf": "umun",
                    "gw": "lord",
                    "sense": "lord",
                    "norm0": "umun",
                    "pos": "N",
                    "epos": "N",
                    "base": "umun",
                    "morph": "~"
                  }
                },
                {
                  "node": "l",
                  "frag": "e₂-nam-tag]-⸢ga-du₈⸣-a",
                  "id": "P395745.l01d48",
                  "ref": "P395745.7.2",
                  "inst": "Enamtagadua[]TN/e₂-nam-tag-ga-du₈-a",
                  "sig": "@blms%sux:e₂-nam-tag-ga-du₈-a=Enamtagadua[1//1]TN'TN$Enamtagadua/e₂-nam-tag-ga-du₈-a#~",
                  "f": {
                    "lang": "sux",
                    "form": "e₂-nam-tag-ga-du₈-a",
                    "cf": "Enamtagadua",
                    "gw": "1",
                    "sense": "1",
                    "norm0": "Enamtagadua",
                    "pos": "TN",
                    "epos": "TN",
                    "base": "e₂-nam-tag-ga-du₈-a",
                    "morph": "~"
                  }
                },
                {
                  "node": "l",
                  "frag": "mu-e-ši-in-ŋen-na-ŋu₁₀-ur₂",
                  "id": "P395745.l01d49",
                  "ref": "P395745.7.3",
                  "inst": "ŋen[go]V/i/ŋen+-na=n.a",
                  "sig": "@blms%sux:mu-e-ši-in-ŋen-na-ŋu₁₀-ur₂=ŋen[go//go]V/i'V/i$ŋen/ŋen+-na=n.a#~",
                  "f": {
                    "lang": "sux",
                    "form": "mu-e-ši-in-ŋen-na-ŋu₁₀-ur₂",
                    "cf": "ŋen",
                    "gw": "go",
                    "sense": "go",
                    "norm0": "ŋen",
                    "pos": "V/i",
                    "epos": "V/i",
                    "base": "ŋen",
                    "cont": "-na=n.a",
                    "morph": "~"
                  }
                },
                {
                  "node": "l",
                  "frag": "a-ra-zu",
                  "id": "P395745.l01d4a",
                  "ref": "P395745.7.4",
                  "inst": "arazu[supplication]N",
                  "sig": "@blms%sux:a-ra-zu=arazu[supplication//supplication]N'N$arazu/a-ra-zu#~",
                  "f": {
                    "lang": "sux",
                    "form": "a-ra-zu",
                    "cf": "arazu",
                    "gw": "supplication",
                    "sense": "supplication",
                    "norm0": "arazu",
                    "pos": "N",
                    "epos": "N",
                    "base": "a-ra-zu",
                    "morph": "~"
                  }
                },
                {
                  "node": "l",
                  "frag": "<mu-uš",
                  "id": "P395745.l01d4b",
                  "ref": "P395745.7.5",
                  "inst": "muš[tree]N/mu-uš",
                  "sig": "@blms%sux-x-emesal:mu-uš=muš[tree//tree]N'N$muš/mu-uš#~",
                  "f": {
                    "lang": "sux-x-emesal",
                    "form": "mu-uš",
                    "cf": "muš",
                    "gw": "tree",
                    "sense": "tree",
                    "norm0": "muš",
                    "pos": "N",
                    "epos": "N",
                    "base": "mu-uš",
                    "morph": "~"
                  }
                },
                {
                  "node": "l",
                  "frag": "tuku-[...]>",
                  "id": "P395745.l01d4c",
                  "ref": "P395745.7.6",
                  "inst": "u",
                  "f": {
                    "lang": "sux",
                    "form": "tuku-x",
                    "pos": "u"
                  }
                },
                {
                  "node": "d",
                  "type": "line-start",
                  "ref": "P395745.8",
                  "n": "7",
                  "label": "o 7"
                },
                {
                  "node": "l",
                  "frag": "[...",
                  "id": "P395745.l01d4d",
                  "ref": "P395745.8.1",
                  "inst": "u",
                  "f": {
                    "lang": "sux",
                    "form": "x",
                    "pos": "u"
                  }
                },
                {
                  "node": "l",
                  "frag": "mu-e-ši]-⸢in-ŋen⸣-na-ŋu₁₀-ur₂",
                  "id": "P395745.l01d4e",
                  "ref": "P395745.8.2",
                  "inst": "ŋen[go]V/i/ŋen+-na=n.a",
                  "sig": "@blms%sux:mu-e-ši-in-ŋen-na-ŋu₁₀-ur₂=ŋen[go//go]V/i'V/i$ŋen/ŋen+-na=n.a#~",
                  "f": {
                    "lang": "sux",
                    "form": "mu-e-ši-in-ŋen-na-ŋu₁₀-ur₂",
                    "cf": "ŋen",
                    "gw": "go",
                    "sense": "go",
                    "norm0": "ŋen",
                    "pos": "V/i",
                    "epos": "V/i",
                    "base": "ŋen",
                    "cont": "-na=n.a",
                    "morph": "~"
                  }
                },
                {
                  "node": "l",
                  "frag": "[...]",
                  "id": "P395745.l01d4f",
                  "ref": "P395745.8.3",
                  "inst": "u",
                  "f": {
                    "lang": "sux",
                    "form": "x",
                    "pos": "u"
                  }
                },
                {
                  "node": "l",
                  "frag": "⸢a⸣-ra-zu",
                  "id": "P395745.l01d50",
                  "ref": "P395745.8.4",
                  "inst": "arazu[supplication]N",
                  "sig": "@blms%sux:a-ra-zu=arazu[supplication//supplication]N'N$arazu/a-ra-zu#~",
                  "f": {
                    "lang": "sux",
                    "form": "a-ra-zu",
                    "cf": "arazu",
                    "gw": "supplication",
                    "sense": "supplication",
                    "norm0": "arazu",
                    "pos": "N",
                    "epos": "N",
                    "base": "a-ra-zu",
                    "morph": "~"
                  }
                },
                {
                  "node": "l",
                  "frag": "<mu-uš",
                  "id": "P395745.l01d51",
                  "ref": "P395745.8.5",
                  "inst": "muš[tree]N/mu-uš",
                  "sig": "@blms%sux-x-emesal:mu-uš=muš[tree//tree]N'N$muš/mu-uš#~",
                  "f": {
                    "lang": "sux-x-emesal",
                    "form": "mu-uš",
                    "cf": "muš",
                    "gw": "tree",
                    "sense": "tree",
                    "norm0": "muš",
                    "pos": "N",
                    "epos": "N",
                    "base": "mu-uš",
                    "morph": "~"
                  }
                },
                {
                  "node": "l",
                  "frag": "tuku-[...]>",
                  "id": "P395745.l01d52",
                  "ref": "P395745.8.6",
                  "inst": "u",
                  "f": {
                    "lang": "sux",
                    "form": "tuku-x",
                    "pos": "u"
                  }
                },
                {
                  "node": "d",
                  "type": "line-start",
                  "ref": "P395745.9",
                  "n": "8",
                  "label": "o 8"
                },
                {
                  "node": "l",
                  "frag": "[...",
                  "id": "P395745.l01d53",
                  "ref": "P395745.9.1",
                  "inst": "u",
                  "f": {
                    "lang": "sux",
                    "form": "x",
                    "pos": "u"
                  }
                },
                {
                  "node": "l",
                  "frag": "mu-e-ši-in-ŋen]-⸢na-ŋu₁₀-ur₂⸣",
                  "id": "P395745.l01d54",
                  "ref": "P395745.9.2",
                  "inst": "ŋen[go]V/i/ŋen+-na=n.a",
                  "sig": "@blms%sux:mu-e-ši-in-ŋen-na-ŋu₁₀-ur₂=ŋen[go//go]V/i'V/i$ŋen/ŋen+-na=n.a#~",
                  "f": {
                    "lang": "sux",
                    "form": "mu-e-ši-in-ŋen-na-ŋu₁₀-ur₂",
                    "cf": "ŋen",
                    "gw": "go",
                    "sense": "go",
                    "norm0": "ŋen",
                    "pos": "V/i",
                    "epos": "V/i",
                    "base": "ŋen",
                    "cont": "-na=n.a",
                    "morph": "~"
                  }
                },
                {
                  "node": "l",
                  "frag": "[a-ra-zu",
                  "id": "P395745.l01d55",
                  "ref": "P395745.9.3",
                  "inst": "arazu[supplication]N",
                  "sig": "@blms%sux:a-ra-zu=arazu[supplication//supplication]N'N$arazu/a-ra-zu#~",
                  "f": {
                    "lang": "sux",
                    "form": "a-ra-zu",
                    "cf": "arazu",
                    "gw": "supplication",
                    "sense": "supplication",
                    "norm0": "arazu",
                    "pos": "N",
                    "epos": "N",
                    "base": "a-ra-zu",
                    "morph": "~"
                  }
                },
                {
                  "node": "l",
                  "frag": "<mu-uš",
                  "id": "P395745.l01d56",
                  "ref": "P395745.9.4",
                  "inst": "muš[tree]N/mu-uš",
                  "sig": "@blms%sux-x-emesal:mu-uš=muš[tree//tree]N'N$muš/mu-uš#~",
                  "f": {
                    "lang": "sux-x-emesal",
                    "form": "mu-uš",
                    "cf": "muš",
                    "gw": "tree",
                    "sense": "tree",
                    "norm0": "muš",
                    "pos": "N",
                    "epos": "N",
                    "base": "mu-uš",
                    "morph": "~"
                  }
                },
                {
                  "node": "l",
                  "frag": "tuku-...>]",
                  "id": "P395745.l01d57",
                  "ref": "P395745.9.5",
                  "inst": "u",
                  "f": {
                    "lang": "sux",
                    "form": "tuku-x",
                    "pos": "u"
                  }
                },
                {
                  "node": "d",
                  "type": "nonx",
                  "ref": "P395745.10",
                  "strict": "0",
                  "state": "missing"
                },
                {
                  "node": "d",
                  "subtype": "reverse",
                  "type": "reverse",
                  "ref": "P395745.r.11",
                  "label": "r"
                },
                {
                  "node": "d",
                  "type": "nonx",
                  "ref": "P395745.12",
                  "strict": "0",
                  "state": "missing"
                }
              ]
            }
          ]
        }
      ]
    }
  ]
}
