{
  "type": "cdl",
  "source": "http://oracc.org/blms",
  "license": "This data is released under the CC0 license",
  "license-url": "https://creativecommons.org/publicdomain/zero/1.0/",
  "more-info": "http://oracc.org/doc/opendata/",
  "UTC-timestamp": "2017-06-09T23:17:51",
  "project": "blms",
  "textid": "P396317",
  "cdl": [
    {
      "node": "c",
      "type": "text",
      "id": "P396317.U0",
      "cdl": [
        {
          "node": "d",
          "type": "object",
          "ref": ""
        },
        {
          "node": "d",
          "subtype": "obverse",
          "type": "obverse",
          "ref": "P396317.o.1",
          "label": "o"
        },
        {
          "node": "c",
          "type": "discourse",
          "subtype": "body",
          "id": "P396317.U1",
          "cdl": [
            {
              "node": "c",
              "type": "sentence",
              "id": "P396317.U2",
              "cdl": [
                {
                  "node": "d",
                  "type": "line-start",
                  "ref": "P396317.2"
                },
                {
                  "node": "d",
                  "type": "line-start",
                  "ref": "P396317.2l",
                  "n": "1",
                  "label": "o 1"
                },
                {
                  "node": "l",
                  "frag": "⸢šu-ŋu₁₀",
                  "id": "P396317.l01824",
                  "ref": "P396317.2.1",
                  "inst": "šu[hand]N",
                  "sig": "@blms%sux:šu-ŋu₁₀=šu[hand//hand]N'N$šu,ŋu/šu#~,ŋu",
                  "f": {
                    "lang": "sux",
                    "form": "šu-ŋu₁₀",
                    "cf": "šu",
                    "gw": "hand",
                    "sense": "hand",
                    "norm0": "šu,ŋu",
                    "pos": "N",
                    "epos": "N",
                    "base": "šu",
                    "morph": "~,ŋu"
                  }
                },
                {
                  "node": "l",
                  "frag": "ga-an-na-ab-il₂⸣",
                  "id": "P396317.l01825",
                  "ref": "P396317.2.2",
                  "inst": "il[raise]V/t/il₂",
                  "sig": "@blms%sux:ga-an-na-ab-il₂=il[raise//raise]V/t'V/t$il/il₂#~",
                  "f": {
                    "lang": "sux",
                    "form": "ga-an-na-ab-il₂",
                    "cf": "il",
                    "gw": "raise",
                    "sense": "raise",
                    "norm0": "il",
                    "pos": "V/t",
                    "epos": "V/t",
                    "base": "il₂",
                    "morph": "~"
                  }
                },
                {
                  "node": "l",
                  "frag": "a-⸢ra-zu",
                  "id": "P396317.l01826",
                  "ref": "P396317.2.3",
                  "inst": "arazu[supplication]N",
                  "sig": "@blms%sux:a-ra-zu=arazu[supplication//supplication]N'N$arazu/a-ra-zu#~",
                  "f": {
                    "lang": "sux",
                    "form": "a-ra-zu",
                    "cf": "arazu",
                    "gw": "supplication",
                    "sense": "supplication",
                    "norm0": "arazu",
                    "pos": "N",
                    "epos": "N",
                    "base": "a-ra-zu",
                    "morph": "~"
                  }
                },
                {
                  "node": "l",
                  "frag": "ga-an-na⸣-ab-⸢dug₄⸣",
                  "id": "P396317.l01827",
                  "ref": "P396317.2.4",
                  "inst": "dug[do, perform]V/t",
                  "sig": "@blms%sux:ga-an-na-ab-dug₄=dug[speak//to do, perform]V/t'V/t$ga.V.na.b:dug/dug₄#ga.V.na.b:~",
                  "f": {
                    "lang": "sux",
                    "form": "ga-an-na-ab-dug₄",
                    "cf": "dug",
                    "gw": "speak",
                    "sense": "to do, perform",
                    "norm0": "ga.V.na.b:dug",
                    "pos": "V/t",
                    "epos": "V/t",
                    "base": "dug₄",
                    "morph": "ga.V.na.b:~"
                  }
                },
                {
                  "node": "d",
                  "type": "line-start",
                  "ref": ""
                },
                {
                  "node": "l",
                  "frag": "⸢qa₂⸣-[ti",
                  "id": "P396317.l01828",
                  "ref": "P396317.2.527000",
                  "inst": "qātī[hand]N",
                  "sig": "@blms%akk-x-stdbab:qa₂-ti=qātu[hand//hand]N'N$qātī",
                  "f": {
                    "lang": "akk-x-stdbab",
                    "form": "qa₂-ti",
                    "cf": "qātu",
                    "gw": "hand",
                    "sense": "hand",
                    "norm": "qātī",
                    "pos": "N",
                    "epos": "N"
                  }
                },
                {
                  "node": "l",
                  "frag": "...]",
                  "id": "P396317.l01829",
                  "ref": "P396317.2.527001",
                  "inst": "u",
                  "f": {
                    "lang": "akk-x-stdbab",
                    "form": "x",
                    "pos": "u"
                  }
                },
                {
                  "node": "l",
                  "frag": "⸢te-es₃⸣-[li-tu₄",
                  "id": "P396317.l0182a",
                  "ref": "P396317.2.527002",
                  "inst": "teslītu[appeal]N$",
                  "sig": "@blms%akk-x-stdbab:te-es₃-li-tu₄=teslītu[appeal//appeal]N'N$teslītu",
                  "f": {
                    "lang": "akk-x-stdbab",
                    "form": "te-es₃-li-tu₄",
                    "cf": "teslītu",
                    "gw": "appeal",
                    "sense": "appeal",
                    "norm": "teslītu",
                    "pos": "N",
                    "epos": "N"
                  }
                },
                {
                  "node": "l",
                  "frag": "lu-uq]-bi-šum",
                  "id": "P396317.l0182b",
                  "ref": "P396317.2.527003",
                  "inst": "qabû[say]V$luqbišum",
                  "sig": "@blms%akk-x-stdbab:lu-uq-bi-šum=qabû[say//say]V'V$luqbišum",
                  "f": {
                    "lang": "akk-x-stdbab",
                    "form": "lu-uq-bi-šum",
                    "cf": "qabû",
                    "gw": "say",
                    "sense": "say",
                    "norm": "luqbišum",
                    "pos": "V",
                    "epos": "V"
                  }
                },
                {
                  "node": "d",
                  "type": "line-start",
                  "ref": "P396317.3"
                },
                {
                  "node": "d",
                  "type": "line-start",
                  "ref": "P396317.3l",
                  "n": "2",
                  "label": "o 2"
                },
                {
                  "node": "l",
                  "frag": "[...",
                  "id": "P396317.l0182c",
                  "ref": "P396317.3.1",
                  "inst": "u",
                  "f": {
                    "lang": "sux",
                    "form": "x",
                    "pos": "u"
                  }
                },
                {
                  "node": "l",
                  "frag": "šu-ŋu₁₀",
                  "id": "P396317.l0182d",
                  "ref": "P396317.3.2",
                  "inst": "šu[hand]N",
                  "sig": "@blms%sux:šu-ŋu₁₀=šu[hand//hand]N'N$šu,ŋu/šu#~,ŋu",
                  "f": {
                    "lang": "sux",
                    "form": "šu-ŋu₁₀",
                    "cf": "šu",
                    "gw": "hand",
                    "sense": "hand",
                    "norm0": "šu,ŋu",
                    "pos": "N",
                    "epos": "N",
                    "base": "šu",
                    "morph": "~,ŋu"
                  }
                },
                {
                  "node": "l",
                  "frag": "ga-an-na-ab]-⸢il₂⸣",
                  "id": "P396317.l0182e",
                  "ref": "P396317.3.3",
                  "inst": "il[raise]V/t/il₂",
                  "sig": "@blms%sux:ga-an-na-ab-il₂=il[raise//raise]V/t'V/t$il/il₂#~",
                  "f": {
                    "lang": "sux",
                    "form": "ga-an-na-ab-il₂",
                    "cf": "il",
                    "gw": "raise",
                    "sense": "raise",
                    "norm0": "il",
                    "pos": "V/t",
                    "epos": "V/t",
                    "base": "il₂",
                    "morph": "~"
                  }
                },
                {
                  "node": "d",
                  "type": "line-start",
                  "ref": ""
                },
                {
                  "node": "l",
                  "frag": "[...",
                  "id": "P396317.l0182f",
                  "ref": "P396317.3.528000",
                  "inst": "u",
                  "f": {
                    "lang": "akk-x-stdbab",
                    "form": "x",
                    "pos": "u"
                  }
                },
                {
                  "node": "l",
                  "frag": "qa-ti",
                  "id": "P396317.l01830",
                  "ref": "P396317.3.528001",
                  "inst": "qātī[hand]N",
                  "sig": "@blms%akk-x-stdbab:qa-ti=qātu[hand//hand]N'N$qātī",
                  "f": {
                    "lang": "akk-x-stdbab",
                    "form": "qa-ti",
                    "cf": "qātu",
                    "gw": "hand",
                    "sense": "hand",
                    "norm": "qātī",
                    "pos": "N",
                    "epos": "N"
                  }
                },
                {
                  "node": "l",
                  "frag": "...]",
                  "id": "P396317.l01831",
                  "ref": "P396317.3.528002",
                  "inst": "u",
                  "f": {
                    "lang": "akk-x-stdbab",
                    "form": "x",
                    "pos": "u"
                  }
                },
                {
                  "node": "d",
                  "type": "line-start",
                  "ref": "P396317.4",
                  "n": "3",
                  "label": "o 3"
                },
                {
                  "node": "l",
                  "frag": "[...]",
                  "id": "P396317.l01832",
                  "ref": "P396317.4.1",
                  "inst": "u",
                  "f": {
                    "lang": "sux",
                    "form": "x",
                    "pos": "u"
                  }
                },
                {
                  "node": "l",
                  "frag": "⸢šu⸣-<ŋu₁₀",
                  "id": "P396317.l01833",
                  "ref": "P396317.4.2",
                  "inst": "šu[hand]N",
                  "sig": "@blms%sux:šu-ŋu₁₀=šu[hand//hand]N'N$šu,ŋu/šu#~,ŋu",
                  "f": {
                    "lang": "sux",
                    "form": "šu-ŋu₁₀",
                    "cf": "šu",
                    "gw": "hand",
                    "sense": "hand",
                    "norm0": "šu,ŋu",
                    "pos": "N",
                    "epos": "N",
                    "base": "šu",
                    "morph": "~,ŋu"
                  }
                },
                {
                  "node": "l",
                  "frag": "ga-an-na-ab-il₂>",
                  "id": "P396317.l01834",
                  "ref": "P396317.4.3",
                  "inst": "il[raise]V/t/il₂",
                  "sig": "@blms%sux:ga-an-na-ab-il₂=il[raise//raise]V/t'V/t$il/il₂#~",
                  "f": {
                    "lang": "sux",
                    "form": "ga-an-na-ab-il₂",
                    "cf": "il",
                    "gw": "raise",
                    "sense": "raise",
                    "norm0": "il",
                    "pos": "V/t",
                    "epos": "V/t",
                    "base": "il₂",
                    "morph": "~"
                  }
                },
                {
                  "node": "d",
                  "type": "line-start",
                  "ref": "P396317.5",
                  "n": "4",
                  "label": "o 4"
                },
                {
                  "node": "l",
                  "frag": "[...]",
                  "id": "P396317.l01835",
                  "ref": "P396317.5.1",
                  "inst": "u",
                  "f": {
                    "lang": "sux",
                    "form": "x",
                    "pos": "u"
                  }
                },
                {
                  "node": "l",
                  "frag": "⸢šu⸣-<ŋu₁₀",
                  "id": "P396317.l01836",
                  "ref": "P396317.5.2",
                  "inst": "šu[hand]N",
                  "sig": "@blms%sux:šu-ŋu₁₀=šu[hand//hand]N'N$šu,ŋu/šu#~,ŋu",
                  "f": {
                    "lang": "sux",
                    "form": "šu-ŋu₁₀",
                    "cf": "šu",
                    "gw": "hand",
                    "sense": "hand",
                    "norm0": "šu,ŋu",
                    "pos": "N",
                    "epos": "N",
                    "base": "šu",
                    "morph": "~,ŋu"
                  }
                },
                {
                  "node": "l",
                  "frag": "ga-an-na-ab-il₂>",
                  "id": "P396317.l01837",
                  "ref": "P396317.5.3",
                  "inst": "il[raise]V/t/il₂",
                  "sig": "@blms%sux:ga-an-na-ab-il₂=il[raise//raise]V/t'V/t$il/il₂#~",
                  "f": {
                    "lang": "sux",
                    "form": "ga-an-na-ab-il₂",
                    "cf": "il",
                    "gw": "raise",
                    "sense": "raise",
                    "norm0": "il",
                    "pos": "V/t",
                    "epos": "V/t",
                    "base": "il₂",
                    "morph": "~"
                  }
                },
                {
                  "node": "d",
                  "type": "line-start",
                  "ref": "P396317.6",
                  "n": "5",
                  "label": "o 5"
                },
                {
                  "node": "l",
                  "frag": "[...]",
                  "id": "P396317.l01838",
                  "ref": "P396317.6.1",
                  "inst": "u",
                  "f": {
                    "lang": "sux",
                    "form": "x",
                    "pos": "u"
                  }
                },
                {
                  "node": "l",
                  "frag": "šu-<ŋu₁₀",
                  "id": "P396317.l01839",
                  "ref": "P396317.6.2",
                  "inst": "šu[hand]N",
                  "sig": "@blms%sux:šu-ŋu₁₀=šu[hand//hand]N'N$šu,ŋu/šu#~,ŋu",
                  "f": {
                    "lang": "sux",
                    "form": "šu-ŋu₁₀",
                    "cf": "šu",
                    "gw": "hand",
                    "sense": "hand",
                    "norm0": "šu,ŋu",
                    "pos": "N",
                    "epos": "N",
                    "base": "šu",
                    "morph": "~,ŋu"
                  }
                },
                {
                  "node": "l",
                  "frag": "ga-an-na-ab-il₂>",
                  "id": "P396317.l0183a",
                  "ref": "P396317.6.3",
                  "inst": "il[raise]V/t/il₂",
                  "sig": "@blms%sux:ga-an-na-ab-il₂=il[raise//raise]V/t'V/t$il/il₂#~",
                  "f": {
                    "lang": "sux",
                    "form": "ga-an-na-ab-il₂",
                    "cf": "il",
                    "gw": "raise",
                    "sense": "raise",
                    "norm0": "il",
                    "pos": "V/t",
                    "epos": "V/t",
                    "base": "il₂",
                    "morph": "~"
                  }
                },
                {
                  "node": "d",
                  "type": "line-start",
                  "ref": "P396317.7",
                  "n": "6",
                  "label": "o 6"
                },
                {
                  "node": "l",
                  "frag": "[...]",
                  "id": "P396317.l0183b",
                  "ref": "P396317.7.1",
                  "inst": "u",
                  "f": {
                    "lang": "sux",
                    "form": "x",
                    "pos": "u"
                  }
                },
                {
                  "node": "l",
                  "frag": "šu-<ŋu₁₀",
                  "id": "P396317.l0183c",
                  "ref": "P396317.7.2",
                  "inst": "šu[hand]N",
                  "sig": "@blms%sux:šu-ŋu₁₀=šu[hand//hand]N'N$šu,ŋu/šu#~,ŋu",
                  "f": {
                    "lang": "sux",
                    "form": "šu-ŋu₁₀",
                    "cf": "šu",
                    "gw": "hand",
                    "sense": "hand",
                    "norm0": "šu,ŋu",
                    "pos": "N",
                    "epos": "N",
                    "base": "šu",
                    "morph": "~,ŋu"
                  }
                },
                {
                  "node": "l",
                  "frag": "ga-an-na-ab-il₂>",
                  "id": "P396317.l0183d",
                  "ref": "P396317.7.3",
                  "inst": "il[raise]V/t/il₂",
                  "sig": "@blms%sux:ga-an-na-ab-il₂=il[raise//raise]V/t'V/t$il/il₂#~",
                  "f": {
                    "lang": "sux",
                    "form": "ga-an-na-ab-il₂",
                    "cf": "il",
                    "gw": "raise",
                    "sense": "raise",
                    "norm0": "il",
                    "pos": "V/t",
                    "epos": "V/t",
                    "base": "il₂",
                    "morph": "~"
                  }
                },
                {
                  "node": "d",
                  "type": "line-start",
                  "ref": "P396317.8",
                  "n": "7",
                  "label": "o 7"
                },
                {
                  "node": "l",
                  "frag": "[...]",
                  "id": "P396317.l0183e",
                  "ref": "P396317.8.1",
                  "inst": "u",
                  "f": {
                    "lang": "sux",
                    "form": "x",
                    "pos": "u"
                  }
                },
                {
                  "node": "l",
                  "frag": "šu-<ŋu₁₀",
                  "id": "P396317.l0183f",
                  "ref": "P396317.8.2",
                  "inst": "šu[hand]N",
                  "sig": "@blms%sux:šu-ŋu₁₀=šu[hand//hand]N'N$šu,ŋu/šu#~,ŋu",
                  "f": {
                    "lang": "sux",
                    "form": "šu-ŋu₁₀",
                    "cf": "šu",
                    "gw": "hand",
                    "sense": "hand",
                    "norm0": "šu,ŋu",
                    "pos": "N",
                    "epos": "N",
                    "base": "šu",
                    "morph": "~,ŋu"
                  }
                },
                {
                  "node": "l",
                  "frag": "ga-an-na-ab-il₂>",
                  "id": "P396317.l01840",
                  "ref": "P396317.8.3",
                  "inst": "il[raise]V/t/il₂",
                  "sig": "@blms%sux:ga-an-na-ab-il₂=il[raise//raise]V/t'V/t$il/il₂#~",
                  "f": {
                    "lang": "sux",
                    "form": "ga-an-na-ab-il₂",
                    "cf": "il",
                    "gw": "raise",
                    "sense": "raise",
                    "norm0": "il",
                    "pos": "V/t",
                    "epos": "V/t",
                    "base": "il₂",
                    "morph": "~"
                  }
                },
                {
                  "node": "d",
                  "type": "line-start",
                  "ref": "P396317.9",
                  "n": "8",
                  "label": "o 8"
                },
                {
                  "node": "l",
                  "frag": "[...]",
                  "id": "P396317.l01841",
                  "ref": "P396317.9.1",
                  "inst": "u",
                  "f": {
                    "lang": "sux",
                    "form": "x",
                    "pos": "u"
                  }
                },
                {
                  "node": "l",
                  "frag": "⸢šu⸣-<ŋu₁₀",
                  "id": "P396317.l01842",
                  "ref": "P396317.9.2",
                  "inst": "šu[hand]N",
                  "sig": "@blms%sux:šu-ŋu₁₀=šu[hand//hand]N'N$šu,ŋu/šu#~,ŋu",
                  "f": {
                    "lang": "sux",
                    "form": "šu-ŋu₁₀",
                    "cf": "šu",
                    "gw": "hand",
                    "sense": "hand",
                    "norm0": "šu,ŋu",
                    "pos": "N",
                    "epos": "N",
                    "base": "šu",
                    "morph": "~,ŋu"
                  }
                },
                {
                  "node": "l",
                  "frag": "ga-an-na-ab-il₂>",
                  "id": "P396317.l01843",
                  "ref": "P396317.9.3",
                  "inst": "il[raise]V/t/il₂",
                  "sig": "@blms%sux:ga-an-na-ab-il₂=il[raise//raise]V/t'V/t$il/il₂#~",
                  "f": {
                    "lang": "sux",
                    "form": "ga-an-na-ab-il₂",
                    "cf": "il",
                    "gw": "raise",
                    "sense": "raise",
                    "norm0": "il",
                    "pos": "V/t",
                    "epos": "V/t",
                    "base": "il₂",
                    "morph": "~"
                  }
                },
                {
                  "node": "d",
                  "type": "line-start",
                  "ref": "P396317.10",
                  "n": "9",
                  "label": "o 9"
                },
                {
                  "node": "l",
                  "frag": "[...]",
                  "id": "P396317.l01844",
                  "ref": "P396317.10.1",
                  "inst": "u",
                  "f": {
                    "lang": "sux",
                    "form": "x",
                    "pos": "u"
                  }
                },
                {
                  "node": "l",
                  "frag": "⸢šu⸣-<ŋu₁₀",
                  "id": "P396317.l01845",
                  "ref": "P396317.10.2",
                  "inst": "šu[hand]N",
                  "sig": "@blms%sux:šu-ŋu₁₀=šu[hand//hand]N'N$šu,ŋu/šu#~,ŋu",
                  "f": {
                    "lang": "sux",
                    "form": "šu-ŋu₁₀",
                    "cf": "šu",
                    "gw": "hand",
                    "sense": "hand",
                    "norm0": "šu,ŋu",
                    "pos": "N",
                    "epos": "N",
                    "base": "šu",
                    "morph": "~,ŋu"
                  }
                },
                {
                  "node": "l",
                  "frag": "ga-an-na-ab-il₂>",
                  "id": "P396317.l01846",
                  "ref": "P396317.10.3",
                  "inst": "il[raise]V/t/il₂",
                  "sig": "@blms%sux:ga-an-na-ab-il₂=il[raise//raise]V/t'V/t$il/il₂#~",
                  "f": {
                    "lang": "sux",
                    "form": "ga-an-na-ab-il₂",
                    "cf": "il",
                    "gw": "raise",
                    "sense": "raise",
                    "norm0": "il",
                    "pos": "V/t",
                    "epos": "V/t",
                    "base": "il₂",
                    "morph": "~"
                  }
                },
                {
                  "node": "d",
                  "type": "line-start",
                  "ref": "P396317.11",
                  "n": "10",
                  "label": "o 10"
                },
                {
                  "node": "l",
                  "frag": "[...",
                  "id": "P396317.l01847",
                  "ref": "P396317.11.1",
                  "inst": "u",
                  "f": {
                    "lang": "sux",
                    "form": "x",
                    "pos": "u"
                  }
                },
                {
                  "node": "l",
                  "frag": "šu-<ŋu₁₀",
                  "id": "P396317.l01848",
                  "ref": "P396317.11.2",
                  "inst": "šu[hand]N",
                  "sig": "@blms%sux:šu-ŋu₁₀=šu[hand//hand]N'N$šu,ŋu/šu#~,ŋu",
                  "f": {
                    "lang": "sux",
                    "form": "šu-ŋu₁₀",
                    "cf": "šu",
                    "gw": "hand",
                    "sense": "hand",
                    "norm0": "šu,ŋu",
                    "pos": "N",
                    "epos": "N",
                    "base": "šu",
                    "morph": "~,ŋu"
                  }
                },
                {
                  "node": "l",
                  "frag": "ga-an-na-ab-il₂>]",
                  "id": "P396317.l01849",
                  "ref": "P396317.11.3",
                  "inst": "il[raise]V/t/il₂",
                  "sig": "@blms%sux:ga-an-na-ab-il₂=il[raise//raise]V/t'V/t$il/il₂#~",
                  "f": {
                    "lang": "sux",
                    "form": "ga-an-na-ab-il₂",
                    "cf": "il",
                    "gw": "raise",
                    "sense": "raise",
                    "norm0": "il",
                    "pos": "V/t",
                    "epos": "V/t",
                    "base": "il₂",
                    "morph": "~"
                  }
                },
                {
                  "node": "d",
                  "type": "line-start",
                  "ref": "P396317.12",
                  "n": "11",
                  "label": "o 11"
                },
                {
                  "node": "l",
                  "frag": "[...",
                  "id": "P396317.l0184a",
                  "ref": "P396317.12.1",
                  "inst": "u",
                  "f": {
                    "lang": "sux",
                    "form": "x",
                    "pos": "u"
                  }
                },
                {
                  "node": "l",
                  "frag": "šu-<ŋu₁₀",
                  "id": "P396317.l0184b",
                  "ref": "P396317.12.2",
                  "inst": "šu[hand]N",
                  "sig": "@blms%sux:šu-ŋu₁₀=šu[hand//hand]N'N$šu,ŋu/šu#~,ŋu",
                  "f": {
                    "lang": "sux",
                    "form": "šu-ŋu₁₀",
                    "cf": "šu",
                    "gw": "hand",
                    "sense": "hand",
                    "norm0": "šu,ŋu",
                    "pos": "N",
                    "epos": "N",
                    "base": "šu",
                    "morph": "~,ŋu"
                  }
                },
                {
                  "node": "l",
                  "frag": "ga-an-na-ab-il₂>]",
                  "id": "P396317.l0184c",
                  "ref": "P396317.12.3",
                  "inst": "il[raise]V/t/il₂",
                  "sig": "@blms%sux:ga-an-na-ab-il₂=il[raise//raise]V/t'V/t$il/il₂#~",
                  "f": {
                    "lang": "sux",
                    "form": "ga-an-na-ab-il₂",
                    "cf": "il",
                    "gw": "raise",
                    "sense": "raise",
                    "norm0": "il",
                    "pos": "V/t",
                    "epos": "V/t",
                    "base": "il₂",
                    "morph": "~"
                  }
                },
                {
                  "node": "d",
                  "subtype": "reverse",
                  "type": "reverse",
                  "ref": "P396317.r.13",
                  "label": "r"
                },
                {
                  "node": "d",
                  "type": "nonx",
                  "ref": "P396317.14",
                  "strict": "0",
                  "state": "missing"
                },
                {
                  "node": "d",
                  "type": "line-start",
                  "ref": "P396317.15",
                  "n": "1'",
                  "label": "r 1'"
                },
                {
                  "node": "l",
                  "frag": "[šag₄-zu",
                  "id": "P396317.l0184d",
                  "ref": "P396317.15.1",
                  "inst": "šag[heart]N",
                  "sig": "@blms%sux:šag₄-zu=šag[heart//heart]N'N$šag,zu/šag₄#~,zu",
                  "f": {
                    "lang": "sux",
                    "form": "šag₄-zu",
                    "cf": "šag",
                    "gw": "heart",
                    "sense": "heart",
                    "norm0": "šag,zu",
                    "pos": "N",
                    "epos": "N",
                    "base": "šag₄",
                    "morph": "~,zu"
                  }
                },
                {
                  "node": "l",
                  "frag": "šag₄",
                  "id": "P396317.l0184e",
                  "ref": "P396317.15.2",
                  "inst": "šag[heart]N",
                  "sig": "@blms%sux:šag₄=šag[heart//heart]N'N$šag/šag₄#~",
                  "f": {
                    "lang": "sux",
                    "form": "šag₄",
                    "cf": "šag",
                    "gw": "heart",
                    "sense": "heart",
                    "norm0": "šag",
                    "pos": "N",
                    "epos": "N",
                    "base": "šag₄",
                    "morph": "~"
                  }
                },
                {
                  "node": "l",
                  "frag": "ama",
                  "id": "P396317.l0184f",
                  "ref": "P396317.15.3",
                  "inst": "ama[mother]N",
                  "sig": "@blms%sux:ama=ama[mother//mother]N'N$ama/ama#~",
                  "f": {
                    "lang": "sux",
                    "form": "ama",
                    "cf": "ama",
                    "gw": "mother",
                    "sense": "mother",
                    "norm0": "ama",
                    "pos": "N",
                    "epos": "N",
                    "base": "ama",
                    "morph": "~"
                  }
                },
                {
                  "node": "l",
                  "frag": "tu-ud-da-gin₇",
                  "id": "P396317.l01850",
                  "ref": "P396317.15.4",
                  "inst": "utud[to give birth (to), bear a child]V/t",
                  "sig": "@blms%sux:tu-ud-da-gin₇=utud[bear//to give birth (to), bear a child]V/t'V/t$utud;a,gin/tu-ud#~;a,gin",
                  "f": {
                    "lang": "sux",
                    "form": "tu-ud-da-gin₇",
                    "cf": "utud",
                    "gw": "bear",
                    "sense": "to give birth (to), bear a child",
                    "norm0": "utud;a,gin",
                    "pos": "V/t",
                    "epos": "V/t",
                    "base": "tu-ud",
                    "morph": "~;a,gin"
                  }
                },
                {
                  "node": "l",
                  "frag": "ki-bi-še₃",
                  "id": "P396317.l01851",
                  "ref": "P396317.15.5",
                  "inst": "ki[place]N",
                  "sig": "@blms%sux:ki-bi-še₃=ki[place//place]N'N$ki,bi.eše/ki#~,bi.eše",
                  "f": {
                    "lang": "sux",
                    "form": "ki-bi-še₃",
                    "cf": "ki",
                    "gw": "place",
                    "sense": "place",
                    "norm0": "ki,bi.eše",
                    "pos": "N",
                    "epos": "N",
                    "base": "ki",
                    "morph": "~,bi.eše"
                  }
                },
                {
                  "node": "l",
                  "frag": "ha-ma-gi₄]-⸢gi₄⸣",
                  "id": "P396317.l01852",
                  "ref": "P396317.15.6",
                  "inst": "gi[return]V/t",
                  "sig": "@blms%sux:ha-ma-gi₄-gi₄=gi[turn//to turn, return]V/i'V/t$ha.mu.a:gi/gi₄-gi₄#ha.mu.a:~",
                  "f": {
                    "lang": "sux",
                    "form": "ha-ma-gi₄-gi₄",
                    "cf": "gi",
                    "gw": "turn",
                    "sense": "to turn, return",
                    "norm0": "ha.mu.a:gi",
                    "pos": "V/i",
                    "epos": "V/t",
                    "base": "gi₄-gi₄",
                    "morph": "ha.mu.a:~"
                  }
                },
                {
                  "node": "d",
                  "type": "line-start",
                  "ref": "P396317.16",
                  "n": "2'",
                  "label": "r 2'"
                },
                {
                  "node": "l",
                  "frag": "[ama",
                  "id": "P396317.l01853",
                  "ref": "P396317.16.1",
                  "inst": "ama[mother]N",
                  "sig": "@blms%sux:ama=ama[mother//mother]N'N$ama/ama#~",
                  "f": {
                    "lang": "sux",
                    "form": "ama",
                    "cf": "ama",
                    "gw": "mother",
                    "sense": "mother",
                    "norm0": "ama",
                    "pos": "N",
                    "epos": "N",
                    "base": "ama",
                    "morph": "~"
                  }
                },
                {
                  "node": "l",
                  "frag": "tu-ud-da",
                  "id": "P396317.l01854",
                  "ref": "P396317.16.2",
                  "inst": "utud[to give birth (to), bear a child]V/t",
                  "sig": "@blms%sux:tu-ud-da=utud[bear//to give birth (to), bear a child]V/t'V/t$utud;a/tu-ud+-da=d.a#~;a",
                  "f": {
                    "lang": "sux",
                    "form": "tu-ud-da",
                    "cf": "utud",
                    "gw": "bear",
                    "sense": "to give birth (to), bear a child",
                    "norm0": "utud;a",
                    "pos": "V/t",
                    "epos": "V/t",
                    "base": "tu-ud",
                    "cont": "-da=d.a",
                    "morph": "~;a"
                  }
                },
                {
                  "node": "l",
                  "frag": "a]-⸢a⸣",
                  "id": "P396317.l01855",
                  "ref": "P396317.16.3",
                  "inst": "aya[father]N",
                  "sig": "@blms%sux:a-a=aya[father//father]N'N$aya/a-a#~",
                  "f": {
                    "lang": "sux",
                    "form": "a-a",
                    "cf": "aya",
                    "gw": "father",
                    "sense": "father",
                    "norm0": "aya",
                    "pos": "N",
                    "epos": "N",
                    "base": "a-a",
                    "morph": "~"
                  }
                },
                {
                  "node": "l",
                  "frag": "tu-⸢ud-da-gin₇",
                  "id": "P396317.l01856",
                  "ref": "P396317.16.4",
                  "inst": "utud[to give birth (to), bear a child]V/t",
                  "sig": "@blms%sux:tu-ud-da-gin₇=utud[bear//to give birth (to), bear a child]V/t'V/t$utud;a,gin/tu-ud#~;a,gin",
                  "f": {
                    "lang": "sux",
                    "form": "tu-ud-da-gin₇",
                    "cf": "utud",
                    "gw": "bear",
                    "sense": "to give birth (to), bear a child",
                    "norm0": "utud;a,gin",
                    "pos": "V/t",
                    "epos": "V/t",
                    "base": "tu-ud",
                    "morph": "~;a,gin"
                  }
                },
                {
                  "node": "l",
                  "frag": "ki-bi-še₃⸣",
                  "id": "P396317.l01857",
                  "ref": "P396317.16.5",
                  "inst": "ki[place]N",
                  "sig": "@blms%sux:ki-bi-še₃=ki[place//place]N'N$ki,bi.eše/ki#~,bi.eše",
                  "f": {
                    "lang": "sux",
                    "form": "ki-bi-še₃",
                    "cf": "ki",
                    "gw": "place",
                    "sense": "place",
                    "norm0": "ki,bi.eše",
                    "pos": "N",
                    "epos": "N",
                    "base": "ki",
                    "morph": "~,bi.eše"
                  }
                },
                {
                  "node": "l",
                  "frag": "<ha-ma-gi₄-gi₄>",
                  "id": "P396317.l01858",
                  "ref": "P396317.16.6",
                  "inst": "gi[return]V/t",
                  "sig": "@blms%sux:ha-ma-gi₄-gi₄=gi[turn//to turn, return]V/i'V/t$ha.mu.a:gi/gi₄-gi₄#ha.mu.a:~",
                  "f": {
                    "lang": "sux",
                    "form": "ha-ma-gi₄-gi₄",
                    "cf": "gi",
                    "gw": "turn",
                    "sense": "to turn, return",
                    "norm0": "ha.mu.a:gi",
                    "pos": "V/i",
                    "epos": "V/t",
                    "base": "gi₄-gi₄",
                    "morph": "ha.mu.a:~"
                  }
                },
                {
                  "node": "d",
                  "type": "nonx",
                  "ref": "P396317.17",
                  "strict": "1",
                  "extent": "1",
                  "scope": "line",
                  "state": "ruling"
                },
                {
                  "node": "d",
                  "type": "line-start",
                  "ref": "P396317.18",
                  "n": "3'",
                  "label": "r 3'"
                },
                {
                  "node": "l",
                  "frag": "[er₂-šag₄-huŋ]-⸢ŋa₂⸣",
                  "id": "P396317.l01859",
                  "ref": "P396317.18.1",
                  "inst": "eršahuŋa[song]N",
                  "sig": "@blms%sux:er₂-šag₄-huŋ-ŋa₂=eršahuŋa[song//song]N'N$eršahuŋa/er₂-šag₄-huŋ-ŋa₂#~",
                  "f": {
                    "lang": "sux",
                    "form": "er₂-šag₄-huŋ-ŋa₂",
                    "cf": "eršahuŋa",
                    "gw": "song",
                    "sense": "song",
                    "norm0": "eršahuŋa",
                    "pos": "N",
                    "epos": "N",
                    "base": "er₂-šag₄-huŋ-ŋa₂",
                    "morph": "~"
                  }
                },
                {
                  "node": "l",
                  "frag": "{d}utu-ke₄",
                  "id": "P396317.l0185a",
                  "ref": "P396317.18.2",
                  "inst": "Utu[1]DN",
                  "sig": "@blms%sux:{d}utu-ke₄=Utu[1//1]DN'DN$Utu,ak.e/{d}utu#~,ak.e",
                  "f": {
                    "lang": "sux",
                    "form": "{d}utu-ke₄",
                    "cf": "Utu",
                    "gw": "1",
                    "sense": "1",
                    "norm0": "Utu,ak.e",
                    "pos": "DN",
                    "epos": "DN",
                    "base": "{d}utu",
                    "morph": "~,ak.e"
                  }
                },
                {
                  "node": "d",
                  "type": "nonx",
                  "ref": "P396317.19",
                  "strict": "1",
                  "extent": "1",
                  "scope": "line",
                  "state": "ruling"
                }
              ]
            }
          ]
        }
      ]
    }
  ]
}
