{
  "type": "cdl",
  "source": "http://oracc.org/blms",
  "license": "This data is released under the CC0 license",
  "license-url": "https://creativecommons.org/publicdomain/zero/1.0/",
  "more-info": "http://oracc.org/doc/opendata/",
  "UTC-timestamp": "2017-06-09T23:17:49",
  "project": "blms",
  "textid": "P398521",
  "cdl": [
    {
      "node": "c",
      "type": "text",
      "id": "P398521.U0",
      "cdl": [
        {
          "node": "d",
          "type": "object",
          "ref": ""
        },
        {
          "node": "d",
          "type": "surface",
          "ref": ""
        },
        {
          "node": "d",
          "type": "nonx",
          "ref": "P398521.1",
          "strict": "0",
          "state": "missing"
        },
        {
          "node": "c",
          "type": "discourse",
          "subtype": "body",
          "id": "P398521.U1",
          "cdl": [
            {
              "node": "c",
              "type": "sentence",
              "id": "P398521.U2",
              "cdl": [
                {
                  "node": "d",
                  "type": "line-start",
                  "ref": "P398521.2"
                },
                {
                  "node": "d",
                  "type": "line-start",
                  "ref": "P398521.2l",
                  "n": "1'",
                  "label": "1'"
                },
                {
                  "node": "l",
                  "frag": "[...]",
                  "id": "P398521.l02eaa",
                  "ref": "P398521.2.1",
                  "inst": "u",
                  "f": {
                    "lang": "sux",
                    "form": "x",
                    "pos": "u"
                  }
                },
                {
                  "node": "d",
                  "type": "line-start",
                  "ref": ""
                },
                {
                  "node": "l",
                  "frag": "[...]",
                  "id": "P398521.l02eab",
                  "ref": "P398521.2.1050000",
                  "inst": "u",
                  "f": {
                    "lang": "akk-x-stdbab",
                    "form": "x",
                    "pos": "u"
                  }
                },
                {
                  "node": "l",
                  "frag": "⸢x⸣",
                  "id": "P398521.l02eac",
                  "ref": "P398521.2.1050001",
                  "inst": "u",
                  "f": {
                    "lang": "akk-x-stdbab",
                    "form": "x",
                    "pos": "u"
                  }
                },
                {
                  "node": "l",
                  "frag": "[...]",
                  "id": "P398521.l02ead",
                  "ref": "P398521.2.1050002",
                  "inst": "u",
                  "f": {
                    "lang": "akk-x-stdbab",
                    "form": "x",
                    "pos": "u"
                  }
                },
                {
                  "node": "d",
                  "type": "line-start",
                  "ref": "P398521.3"
                },
                {
                  "node": "d",
                  "type": "line-start",
                  "ref": "P398521.3l",
                  "n": "2'",
                  "label": "2'"
                },
                {
                  "node": "l",
                  "frag": "[...]",
                  "id": "P398521.l02eae",
                  "ref": "P398521.3.1",
                  "inst": "u",
                  "f": {
                    "lang": "sux",
                    "form": "x",
                    "pos": "u"
                  }
                },
                {
                  "node": "l",
                  "frag": "⸢x",
                  "id": "P398521.l02eaf",
                  "ref": "P398521.3.2",
                  "inst": "u",
                  "f": {
                    "lang": "sux",
                    "form": "x",
                    "pos": "u"
                  }
                },
                {
                  "node": "l",
                  "frag": "zu⸣",
                  "id": "P398521.l02eb0",
                  "ref": "P398521.3.3",
                  "inst": "X",
                  "f": {
                    "lang": "sux",
                    "form": "zu",
                    "pos": "X"
                  }
                },
                {
                  "node": "l",
                  "frag": "[...]",
                  "id": "P398521.l02eb1",
                  "ref": "P398521.3.4",
                  "inst": "u",
                  "f": {
                    "lang": "sux",
                    "form": "x",
                    "pos": "u"
                  }
                },
                {
                  "node": "d",
                  "type": "line-start",
                  "ref": ""
                },
                {
                  "node": "l",
                  "frag": "[...]",
                  "id": "P398521.l02eb2",
                  "ref": "P398521.3.1051000",
                  "inst": "u",
                  "f": {
                    "lang": "akk-x-stdbab",
                    "form": "x",
                    "pos": "u"
                  }
                },
                {
                  "node": "l",
                  "frag": "⸢DA⸣",
                  "id": "P398521.l02eb3",
                  "ref": "P398521.3.1051001",
                  "inst": "X",
                  "f": {
                    "lang": "akk-x-stdbab",
                    "form": "DA",
                    "pos": "X"
                  }
                },
                {
                  "node": "l",
                  "frag": "AD",
                  "id": "P398521.l02eb4",
                  "ref": "P398521.3.1051002",
                  "inst": "X",
                  "f": {
                    "lang": "akk-x-stdbab",
                    "form": "AD",
                    "pos": "X"
                  }
                },
                {
                  "node": "l",
                  "frag": "KI",
                  "id": "P398521.l02eb5",
                  "ref": "P398521.3.1051003",
                  "inst": "X",
                  "f": {
                    "lang": "akk-x-stdbab",
                    "form": "KI",
                    "pos": "X"
                  }
                },
                {
                  "node": "l",
                  "frag": "⸢x⸣",
                  "id": "P398521.l02eb6",
                  "ref": "P398521.3.1051004",
                  "inst": "u",
                  "f": {
                    "lang": "akk-x-stdbab",
                    "form": "x",
                    "pos": "u"
                  }
                },
                {
                  "node": "l",
                  "frag": "[...]",
                  "id": "P398521.l02eb7",
                  "ref": "P398521.3.1051005",
                  "inst": "u",
                  "f": {
                    "lang": "akk-x-stdbab",
                    "form": "x",
                    "pos": "u"
                  }
                },
                {
                  "node": "d",
                  "type": "line-start",
                  "ref": "P398521.4"
                },
                {
                  "node": "d",
                  "type": "line-start",
                  "ref": "P398521.4l",
                  "n": "3'",
                  "label": "3'"
                },
                {
                  "node": "l",
                  "frag": "[...",
                  "id": "P398521.l02eb8",
                  "ref": "P398521.4.1",
                  "inst": "u",
                  "f": {
                    "lang": "sux",
                    "form": "x",
                    "pos": "u"
                  }
                },
                {
                  "node": "l",
                  "frag": "er₂]-⸢ša₃⸣-ne-ša₄",
                  "id": "P398521.l02eb9",
                  "ref": "P398521.4.2",
                  "inst": "eršaneša[song//a type of song]N'N/er₂-ša₃-ne-ša₄",
                  "sig": "@blms%sux:er₂-ša₃-ne-ša₄=eršaneša[song//a type of song]N'N$eršaneša/er₂-ša₃-ne-ša₄#~",
                  "f": {
                    "lang": "sux",
                    "form": "er₂-ša₃-ne-ša₄",
                    "cf": "eršaneša",
                    "gw": "song",
                    "sense": "a type of song",
                    "norm0": "eršaneša",
                    "pos": "N",
                    "epos": "N",
                    "base": "er₂-ša₃-ne-ša₄",
                    "morph": "~"
                  }
                },
                {
                  "node": "l",
                  "frag": "šu",
                  "id": "P398521.l02eba",
                  "ref": "P398521.4.3",
                  "inst": "šu[hand]",
                  "sig": "@blms%sux:šu=šu[hand//hand]N'N$šu/šu#~",
                  "f": {
                    "lang": "sux",
                    "form": "šu",
                    "cf": "šu",
                    "gw": "hand",
                    "sense": "hand",
                    "norm0": "šu",
                    "pos": "N",
                    "epos": "N",
                    "base": "šu",
                    "morph": "~"
                  }
                },
                {
                  "node": "l",
                  "frag": "teŋ₃-ma-⸢ab⸣",
                  "id": "P398521.l02ebb",
                  "ref": "P398521.4.4",
                  "inst": "teŋ[approach]",
                  "sig": "@blms%sux:teŋ₃-ma-ab=teŋ[approach//approach]V/i'V/i$teŋ!mu.V.b/teŋ₃#~!mu.V.b",
                  "f": {
                    "lang": "sux",
                    "form": "teŋ₃-ma-ab",
                    "cf": "teŋ",
                    "gw": "approach",
                    "sense": "approach",
                    "norm0": "teŋ!mu.V.b",
                    "pos": "V/i",
                    "epos": "V/i",
                    "base": "teŋ₃",
                    "morph": "~!mu.V.b"
                  }
                },
                {
                  "node": "d",
                  "type": "line-start",
                  "ref": ""
                },
                {
                  "node": "l",
                  "frag": "[...]",
                  "id": "P398521.l02ebc",
                  "ref": "P398521.4.1052000",
                  "inst": "u",
                  "f": {
                    "lang": "akk-x-stdbab",
                    "form": "x",
                    "pos": "u"
                  }
                },
                {
                  "node": "l",
                  "frag": "⸢x⸣",
                  "id": "P398521.l02ebd",
                  "ref": "P398521.4.1052001",
                  "inst": "u",
                  "f": {
                    "lang": "akk-x-stdbab",
                    "form": "x",
                    "pos": "u"
                  }
                },
                {
                  "node": "l",
                  "frag": "le-qi₂-i",
                  "id": "P398521.l02ebe",
                  "ref": "P398521.4.1052002",
                  "inst": "leqû[take//accept]V'V$leqî",
                  "sig": "@blms%akk-x-stdbab:le-qi₂-i=leqû[take//accept]V'V$leqî",
                  "f": {
                    "lang": "akk-x-stdbab",
                    "form": "le-qi₂-i",
                    "cf": "leqû",
                    "gw": "take",
                    "sense": "accept",
                    "norm": "leqî",
                    "pos": "V",
                    "epos": "V"
                  }
                },
                {
                  "node": "l",
                  "frag": "ut-nen-šu₂",
                  "id": "P398521.l02ebf",
                  "ref": "P398521.4.1052003",
                  "inst": "utnēnu[supplication]N$utnēnšu",
                  "sig": "@blms%akk-x-stdbab:ut-nen-šu₂=utnēnu[supplication//supplication]N'N$utnēnšu",
                  "f": {
                    "lang": "akk-x-stdbab",
                    "form": "ut-nen-šu₂",
                    "cf": "utnēnu",
                    "gw": "supplication",
                    "sense": "supplication",
                    "norm": "utnēnšu",
                    "pos": "N",
                    "epos": "N"
                  }
                },
                {
                  "node": "d",
                  "type": "line-start",
                  "ref": "P398521.5"
                },
                {
                  "node": "d",
                  "type": "line-start",
                  "ref": "P398521.5l",
                  "n": "4'",
                  "label": "4'"
                },
                {
                  "node": "l",
                  "frag": "[...]",
                  "id": "P398521.l02ec0",
                  "ref": "P398521.5.1",
                  "inst": "u",
                  "f": {
                    "lang": "sux",
                    "form": "x",
                    "pos": "u"
                  }
                },
                {
                  "node": "l",
                  "frag": "a-bi",
                  "id": "P398521.l02ec1",
                  "ref": "P398521.5.2",
                  "inst": "aya[cry]",
                  "sig": "@blms%sux:a-bi=aya[cry//cry]N'N$aya,bi/a#~,bi",
                  "f": {
                    "lang": "sux",
                    "form": "a-bi",
                    "cf": "aya",
                    "gw": "cry",
                    "sense": "cry",
                    "norm0": "aya,bi",
                    "pos": "N",
                    "epos": "N",
                    "base": "a",
                    "morph": "~,bi"
                  }
                },
                {
                  "node": "l",
                  "frag": "mu-un-dug₄",
                  "id": "P398521.l02ec2",
                  "ref": "P398521.5.3",
                  "inst": "dug[speak]V/t/dug₄",
                  "sig": "@blms%sux:mu-un-dug₄=dug[speak//speak]V/t'V/t$mu.n:dug/dug₄#mu.n:~",
                  "f": {
                    "lang": "sux",
                    "form": "mu-un-dug₄",
                    "cf": "dug",
                    "gw": "speak",
                    "sense": "speak",
                    "norm0": "mu.n:dug",
                    "pos": "V/t",
                    "epos": "V/t",
                    "base": "dug₄",
                    "morph": "mu.n:~"
                  }
                },
                {
                  "node": "d",
                  "type": "line-start",
                  "ref": ""
                },
                {
                  "node": "l",
                  "frag": "[...",
                  "id": "P398521.l02ec3",
                  "ref": "P398521.5.1053000",
                  "inst": "u",
                  "f": {
                    "lang": "akk-x-stdbab",
                    "form": "x",
                    "pos": "u"
                  }
                },
                {
                  "node": "l",
                  "frag": "a]-⸢hu⸣-lap-šu",
                  "id": "P398521.l02ec4",
                  "ref": "P398521.5.1053001",
                  "inst": "ahulap[(it is) enough!]J$ahulapšu",
                  "sig": "@blms%akk-x-stdbab:a-hu-lap-šu=ahulap[(it is) enough!//(it is) enough!]J'J$ahulapšu",
                  "f": {
                    "lang": "akk-x-stdbab",
                    "form": "a-hu-lap-šu",
                    "cf": "ahulap",
                    "gw": "(it is) enough!",
                    "sense": "(it is) enough!",
                    "norm": "ahulapšu",
                    "pos": "J",
                    "epos": "J"
                  }
                },
                {
                  "node": "l",
                  "frag": "qi₂-bi-i",
                  "id": "P398521.l02ec5",
                  "ref": "P398521.5.1053002",
                  "inst": "qabû[say]V$qibî",
                  "sig": "@blms%akk-x-stdbab:qi₂-bi-i=qabû[say//say]V'V$qibî",
                  "f": {
                    "lang": "akk-x-stdbab",
                    "form": "qi₂-bi-i",
                    "cf": "qabû",
                    "gw": "say",
                    "sense": "say",
                    "norm": "qibî",
                    "pos": "V",
                    "epos": "V"
                  }
                },
                {
                  "node": "d",
                  "type": "line-start",
                  "ref": "P398521.6"
                },
                {
                  "node": "d",
                  "type": "line-start",
                  "ref": "P398521.6l",
                  "n": "5'",
                  "label": "5'"
                },
                {
                  "node": "l",
                  "frag": "[...]",
                  "id": "P398521.l02ec6",
                  "ref": "P398521.6.1",
                  "inst": "u",
                  "f": {
                    "lang": "sux",
                    "form": "x",
                    "pos": "u"
                  }
                },
                {
                  "node": "l",
                  "frag": "⸢x⸣",
                  "id": "P398521.l02ec7",
                  "ref": "P398521.6.2",
                  "inst": "u",
                  "f": {
                    "lang": "sux",
                    "form": "x",
                    "pos": "u"
                  }
                },
                {
                  "node": "l",
                  "frag": "a-bi",
                  "id": "P398521.l02ec8",
                  "ref": "P398521.6.3",
                  "inst": "aya[cry]",
                  "sig": "@blms%sux:a-bi=aya[cry//cry]N'N$aya,bi/a#~,bi",
                  "f": {
                    "lang": "sux",
                    "form": "a-bi",
                    "cf": "aya",
                    "gw": "cry",
                    "sense": "cry",
                    "norm0": "aya,bi",
                    "pos": "N",
                    "epos": "N",
                    "base": "a",
                    "morph": "~,bi"
                  }
                },
                {
                  "node": "l",
                  "frag": "dug₄-ga-ab",
                  "id": "P398521.l02ec9",
                  "ref": "P398521.6.4",
                  "inst": "dug[speak]",
                  "sig": "@blms%sux:dug₄-ga-ab=dug[speak//speak]V/t'V/t$dug!a.V.b/dug₄#~!a.V.b",
                  "f": {
                    "lang": "sux",
                    "form": "dug₄-ga-ab",
                    "cf": "dug",
                    "gw": "speak",
                    "sense": "speak",
                    "norm0": "dug!a.V.b",
                    "pos": "V/t",
                    "epos": "V/t",
                    "base": "dug₄",
                    "morph": "~!a.V.b"
                  }
                },
                {
                  "node": "d",
                  "type": "line-start",
                  "ref": ""
                },
                {
                  "node": "l",
                  "frag": "[...",
                  "id": "P398521.l02eca",
                  "ref": "P398521.6.1054000",
                  "inst": "u",
                  "f": {
                    "lang": "akk-x-stdbab",
                    "form": "x",
                    "pos": "u"
                  }
                },
                {
                  "node": "l",
                  "frag": "a]-⸢hu⸣-lap-šu₂",
                  "id": "P398521.l02ecb",
                  "ref": "P398521.6.1054001",
                  "inst": "ahulap[(it is) enough!]J$ahulapšu",
                  "sig": "@blms%akk-x-stdbab:a-hu-lap-šu₂=ahulap[(it is) enough!//(it is) enough!]J'J$ahulapšu",
                  "f": {
                    "lang": "akk-x-stdbab",
                    "form": "a-hu-lap-šu₂",
                    "cf": "ahulap",
                    "gw": "(it is) enough!",
                    "sense": "(it is) enough!",
                    "norm": "ahulapšu",
                    "pos": "J",
                    "epos": "J"
                  }
                },
                {
                  "node": "l",
                  "frag": "qi₂-bi-i",
                  "id": "P398521.l02ecc",
                  "ref": "P398521.6.1054002",
                  "inst": "qabû[say]V$qibî",
                  "sig": "@blms%akk-x-stdbab:qi₂-bi-i=qabû[say//say]V'V$qibî",
                  "f": {
                    "lang": "akk-x-stdbab",
                    "form": "qi₂-bi-i",
                    "cf": "qabû",
                    "gw": "say",
                    "sense": "say",
                    "norm": "qibî",
                    "pos": "V",
                    "epos": "V"
                  }
                },
                {
                  "node": "d",
                  "type": "line-start",
                  "ref": "P398521.7",
                  "n": "6'",
                  "label": "6'"
                },
                {
                  "node": "l",
                  "frag": "[...]",
                  "id": "P398521.l02ecd",
                  "ref": "P398521.7.1",
                  "inst": "u",
                  "f": {
                    "lang": "sux",
                    "form": "x",
                    "pos": "u"
                  }
                },
                {
                  "node": "l",
                  "frag": "⸢x⸣",
                  "id": "P398521.l02ece",
                  "ref": "P398521.7.2",
                  "inst": "u",
                  "f": {
                    "lang": "sux",
                    "form": "x",
                    "pos": "u"
                  }
                },
                {
                  "node": "l",
                  "frag": "a-⸢bi⸣",
                  "id": "P398521.l02ecf",
                  "ref": "P398521.7.3",
                  "inst": "aya[cry]",
                  "sig": "@blms%sux:a-bi=aya[cry//cry]N'N$aya,bi/a#~,bi",
                  "f": {
                    "lang": "sux",
                    "form": "a-bi",
                    "cf": "aya",
                    "gw": "cry",
                    "sense": "cry",
                    "norm0": "aya,bi",
                    "pos": "N",
                    "epos": "N",
                    "base": "a",
                    "morph": "~,bi"
                  }
                },
                {
                  "node": "l",
                  "frag": "<dug₄-ga-ab>",
                  "id": "P398521.l02ed0",
                  "ref": "P398521.7.4",
                  "inst": "dug[speak]",
                  "sig": "@blms%sux:dug₄-ga-ab=dug[speak//speak]V/t'V/t$dug!a.V.b/dug₄#~!a.V.b",
                  "f": {
                    "lang": "sux",
                    "form": "dug₄-ga-ab",
                    "cf": "dug",
                    "gw": "speak",
                    "sense": "speak",
                    "norm0": "dug!a.V.b",
                    "pos": "V/t",
                    "epos": "V/t",
                    "base": "dug₄",
                    "morph": "~!a.V.b"
                  }
                },
                {
                  "node": "d",
                  "type": "nonx",
                  "ref": "P398521.8",
                  "strict": "0",
                  "state": "missing"
                }
              ]
            }
          ]
        }
      ]
    }
  ]
}
