{
  "type": "cdl",
  "source": "http://oracc.org/blms",
  "license": "This data is released under the CC0 license",
  "license-url": "https://creativecommons.org/publicdomain/zero/1.0/",
  "more-info": "http://oracc.org/doc/opendata/",
  "UTC-timestamp": "2017-06-09T23:18:02",
  "project": "blms",
  "textid": "P414394",
  "cdl": [
    {
      "node": "c",
      "type": "text",
      "id": "P414394.U0",
      "cdl": [
        {
          "node": "d",
          "type": "object",
          "ref": ""
        },
        {
          "node": "d",
          "subtype": "obverse",
          "type": "obverse",
          "ref": "P414394.o.1",
          "label": "o"
        },
        {
          "node": "c",
          "type": "discourse",
          "subtype": "body",
          "id": "P414394.U1",
          "cdl": [
            {
              "node": "c",
              "type": "sentence",
              "id": "P414394.U2",
              "cdl": [
                {
                  "node": "d",
                  "type": "line-start",
                  "ref": "P414394.2"
                },
                {
                  "node": "d",
                  "type": "line-start",
                  "ref": "P414394.2l",
                  "n": "1",
                  "label": "o 1"
                },
                {
                  "node": "l",
                  "frag": "[...",
                  "id": "P414394.l02c5b",
                  "ref": "P414394.2.1",
                  "inst": "u",
                  "f": {
                    "lang": "sux",
                    "form": "x",
                    "pos": "u"
                  }
                },
                {
                  "node": "l",
                  "frag": "barag",
                  "id": "P414394.l02c5c",
                  "ref": "P414394.2.2",
                  "inst": "barag[dais]N",
                  "sig": "@blms%sux:barag=barag[sanctum//dais, seat]N'N$barag/barag#~",
                  "f": {
                    "lang": "sux",
                    "form": "barag",
                    "cf": "barag",
                    "gw": "sanctum",
                    "sense": "dais, seat",
                    "norm0": "barag",
                    "pos": "N",
                    "epos": "N",
                    "base": "barag",
                    "morph": "~"
                  }
                },
                {
                  "node": "l",
                  "frag": "kug-ga",
                  "id": "P414394.l02c5d",
                  "ref": "P414394.2.3",
                  "inst": "kug[(to be) pure]V/i",
                  "sig": "@blms%sux:kug-ga=kug[pure//(to be) pure]V/i'V/i$kug,ak/kug+-ga=g.a#~,ak",
                  "f": {
                    "lang": "sux",
                    "form": "kug-ga",
                    "cf": "kug",
                    "gw": "pure",
                    "sense": "(to be) pure",
                    "norm0": "kug,ak",
                    "pos": "V/i",
                    "epos": "V/i",
                    "base": "kug",
                    "cont": "-ga=g.a",
                    "morph": "~,ak"
                  }
                },
                {
                  "node": "l",
                  "frag": "tuš-a-ra",
                  "id": "P414394.l02c5e",
                  "ref": "P414394.2.4",
                  "inst": "tuš[sit]V/i/tuš",
                  "sig": "@blms%sux:tuš-a-ra=tuš[sit//sit]V/i'V/i$tuš;a,ra/tuš#~;a,ra",
                  "f": {
                    "lang": "sux",
                    "form": "tuš-a-ra",
                    "cf": "tuš",
                    "gw": "sit",
                    "sense": "sit",
                    "norm0": "tuš;a,ra",
                    "pos": "V/i",
                    "epos": "V/i",
                    "base": "tuš",
                    "morph": "~;a,ra"
                  }
                },
                {
                  "node": "l",
                  "frag": "er₂-ra",
                  "id": "P414394.l02c5f",
                  "ref": "P414394.2.5",
                  "inst": "er[tears]N",
                  "sig": "@blms%sux:er₂-ra=er[tears//tears]N'N$er,ak/er₂+-ra=r.a#~,ak",
                  "f": {
                    "lang": "sux",
                    "form": "er₂-ra",
                    "cf": "er",
                    "gw": "tears",
                    "sense": "tears",
                    "norm0": "er,ak",
                    "pos": "N",
                    "epos": "N",
                    "base": "er₂",
                    "cont": "-ra=r.a",
                    "morph": "~,ak"
                  }
                },
                {
                  "node": "l",
                  "frag": "ša₃-ne]-ša₄",
                  "id": "P414394.l02c60",
                  "ref": "P414394.2.6",
                  "inst": "šaneša[supplication]N",
                  "sig": "@blms%sux:ša₃-ne-ša₄=šaneša[supplication//supplication]N'N$šaneša/ša₃-ne-ša₄#~",
                  "f": {
                    "lang": "sux",
                    "form": "ša₃-ne-ša₄",
                    "cf": "šaneša",
                    "gw": "supplication",
                    "sense": "supplication",
                    "norm0": "šaneša",
                    "pos": "N",
                    "epos": "N",
                    "base": "ša₃-ne-ša₄",
                    "morph": "~"
                  }
                },
                {
                  "node": "l",
                  "frag": "ga-an-na-ab-dug₄",
                  "id": "P414394.l02c61",
                  "ref": "P414394.2.7",
                  "inst": "dug[to do, perform]V/t",
                  "sig": "@blms%sux:ga-an-na-ab-dug₄=dug[speak//to do, perform]V/t'V/t$ga.V.na.b:dug/dug₄#ga.V.na.b:~",
                  "f": {
                    "lang": "sux",
                    "form": "ga-an-na-ab-dug₄",
                    "cf": "dug",
                    "gw": "speak",
                    "sense": "to do, perform",
                    "norm0": "ga.V.na.b:dug",
                    "pos": "V/t",
                    "epos": "V/t",
                    "base": "dug₄",
                    "morph": "ga.V.na.b:~"
                  }
                },
                {
                  "node": "d",
                  "type": "line-start",
                  "ref": ""
                },
                {
                  "node": "l",
                  "frag": "[...]-⸢ti⸣",
                  "id": "P414394.l02c62",
                  "ref": "P414394.2.985000",
                  "inst": "u",
                  "f": {
                    "lang": "akk-x-stdbab",
                    "form": "x-ti",
                    "pos": "u"
                  }
                },
                {
                  "node": "l",
                  "frag": "un-nin-ni",
                  "id": "P414394.l02c63",
                  "ref": "P414394.2.985001",
                  "inst": "unnīnu[supplication]N$unninni",
                  "sig": "@blms%akk-x-stdbab:un-nin-ni=unnīnu[supplication//supplication]N'N$unninni",
                  "f": {
                    "lang": "akk-x-stdbab",
                    "form": "un-nin-ni",
                    "cf": "unnīnu",
                    "gw": "supplication",
                    "sense": "supplication",
                    "norm": "unninni",
                    "pos": "N",
                    "epos": "N"
                  }
                },
                {
                  "node": "l",
                  "frag": "lu-uq-bi-ši",
                  "id": "P414394.l02c64",
                  "ref": "P414394.2.985002",
                  "inst": "qabû[say]V$luqbiši",
                  "sig": "@blms%akk-x-stdbab:lu-uq-bi-ši=qabû[say//say]V'V$luqbiši",
                  "f": {
                    "lang": "akk-x-stdbab",
                    "form": "lu-uq-bi-ši",
                    "cf": "qabû",
                    "gw": "say",
                    "sense": "say",
                    "norm": "luqbiši",
                    "pos": "V",
                    "epos": "V"
                  }
                },
                {
                  "node": "d",
                  "type": "line-start",
                  "ref": "P414394.3",
                  "n": "2",
                  "label": "o 2"
                },
                {
                  "node": "l",
                  "frag": "[...]",
                  "id": "P414394.l02c65",
                  "ref": "P414394.3.1",
                  "inst": "u",
                  "f": {
                    "lang": "sux",
                    "form": "x",
                    "pos": "u"
                  }
                },
                {
                  "node": "l",
                  "frag": "⸢barag⸣",
                  "id": "P414394.l02c66",
                  "ref": "P414394.3.2",
                  "inst": "barag[dais]N",
                  "sig": "@blms%sux:barag=barag[sanctum//dais, seat]N'N$barag/barag#~",
                  "f": {
                    "lang": "sux",
                    "form": "barag",
                    "cf": "barag",
                    "gw": "sanctum",
                    "sense": "dais, seat",
                    "norm0": "barag",
                    "pos": "N",
                    "epos": "N",
                    "base": "barag",
                    "morph": "~"
                  }
                },
                {
                  "node": "l",
                  "frag": "kug-ga",
                  "id": "P414394.l02c67",
                  "ref": "P414394.3.3",
                  "inst": "kug[(to be) pure]V/i",
                  "sig": "@blms%sux:kug-ga=kug[pure//(to be) pure]V/i'V/i$kug,ak/kug+-ga=g.a#~,ak",
                  "f": {
                    "lang": "sux",
                    "form": "kug-ga",
                    "cf": "kug",
                    "gw": "pure",
                    "sense": "(to be) pure",
                    "norm0": "kug,ak",
                    "pos": "V/i",
                    "epos": "V/i",
                    "base": "kug",
                    "cont": "-ga=g.a",
                    "morph": "~,ak"
                  }
                },
                {
                  "node": "l",
                  "frag": "tuš-a-ra",
                  "id": "P414394.l02c68",
                  "ref": "P414394.3.4",
                  "inst": "tuš[sit]V/i/tuš",
                  "sig": "@blms%sux:tuš-a-ra=tuš[sit//sit]V/i'V/i$tuš;a,ra/tuš#~;a,ra",
                  "f": {
                    "lang": "sux",
                    "form": "tuš-a-ra",
                    "cf": "tuš",
                    "gw": "sit",
                    "sense": "sit",
                    "norm0": "tuš;a,ra",
                    "pos": "V/i",
                    "epos": "V/i",
                    "base": "tuš",
                    "morph": "~;a,ra"
                  }
                },
                {
                  "node": "l",
                  "frag": "<er₂-ra",
                  "id": "P414394.l02c69",
                  "ref": "P414394.3.5",
                  "inst": "er[tears]N",
                  "sig": "@blms%sux:er₂-ra=er[tears//tears]N'N$er,ak/er₂+-ra=r.a#~,ak",
                  "f": {
                    "lang": "sux",
                    "form": "er₂-ra",
                    "cf": "er",
                    "gw": "tears",
                    "sense": "tears",
                    "norm0": "er,ak",
                    "pos": "N",
                    "epos": "N",
                    "base": "er₂",
                    "cont": "-ra=r.a",
                    "morph": "~,ak"
                  }
                },
                {
                  "node": "l",
                  "frag": "ša₃-ne-ša₄",
                  "id": "P414394.l02c6a",
                  "ref": "P414394.3.6",
                  "inst": "šaneša[supplication]N",
                  "sig": "@blms%sux:ša₃-ne-ša₄=šaneša[supplication//supplication]N'N$šaneša/ša₃-ne-ša₄#~",
                  "f": {
                    "lang": "sux",
                    "form": "ša₃-ne-ša₄",
                    "cf": "šaneša",
                    "gw": "supplication",
                    "sense": "supplication",
                    "norm0": "šaneša",
                    "pos": "N",
                    "epos": "N",
                    "base": "ša₃-ne-ša₄",
                    "morph": "~"
                  }
                },
                {
                  "node": "l",
                  "frag": "ga-an-na-ab-dug₄>",
                  "id": "P414394.l02c6b",
                  "ref": "P414394.3.7",
                  "inst": "dug[to do, perform]V/t",
                  "sig": "@blms%sux:ga-an-na-ab-dug₄=dug[speak//to do, perform]V/t'V/t$ga.V.na.b:dug/dug₄#ga.V.na.b:~",
                  "f": {
                    "lang": "sux",
                    "form": "ga-an-na-ab-dug₄",
                    "cf": "dug",
                    "gw": "speak",
                    "sense": "to do, perform",
                    "norm0": "ga.V.na.b:dug",
                    "pos": "V/t",
                    "epos": "V/t",
                    "base": "dug₄",
                    "morph": "ga.V.na.b:~"
                  }
                },
                {
                  "node": "d",
                  "type": "line-start",
                  "ref": "P414394.4",
                  "n": "3",
                  "label": "o 3"
                },
                {
                  "node": "l",
                  "frag": "[...]",
                  "id": "P414394.l02c6c",
                  "ref": "P414394.4.1",
                  "inst": "u",
                  "f": {
                    "lang": "sux",
                    "form": "x",
                    "pos": "u"
                  }
                },
                {
                  "node": "l",
                  "frag": "⸢barag⸣",
                  "id": "P414394.l02c6d",
                  "ref": "P414394.4.2",
                  "inst": "barag[dais]N",
                  "sig": "@blms%sux:barag=barag[sanctum//dais, seat]N'N$barag/barag#~",
                  "f": {
                    "lang": "sux",
                    "form": "barag",
                    "cf": "barag",
                    "gw": "sanctum",
                    "sense": "dais, seat",
                    "norm0": "barag",
                    "pos": "N",
                    "epos": "N",
                    "base": "barag",
                    "morph": "~"
                  }
                },
                {
                  "node": "l",
                  "frag": "kug-ga",
                  "id": "P414394.l02c6e",
                  "ref": "P414394.4.3",
                  "inst": "kug[(to be) pure]V/i",
                  "sig": "@blms%sux:kug-ga=kug[pure//(to be) pure]V/i'V/i$kug,ak/kug+-ga=g.a#~,ak",
                  "f": {
                    "lang": "sux",
                    "form": "kug-ga",
                    "cf": "kug",
                    "gw": "pure",
                    "sense": "(to be) pure",
                    "norm0": "kug,ak",
                    "pos": "V/i",
                    "epos": "V/i",
                    "base": "kug",
                    "cont": "-ga=g.a",
                    "morph": "~,ak"
                  }
                },
                {
                  "node": "l",
                  "frag": "tuš-a-ra",
                  "id": "P414394.l02c6f",
                  "ref": "P414394.4.4",
                  "inst": "tuš[sit]V/i/tuš",
                  "sig": "@blms%sux:tuš-a-ra=tuš[sit//sit]V/i'V/i$tuš;a,ra/tuš#~;a,ra",
                  "f": {
                    "lang": "sux",
                    "form": "tuš-a-ra",
                    "cf": "tuš",
                    "gw": "sit",
                    "sense": "sit",
                    "norm0": "tuš;a,ra",
                    "pos": "V/i",
                    "epos": "V/i",
                    "base": "tuš",
                    "morph": "~;a,ra"
                  }
                },
                {
                  "node": "l",
                  "frag": "<er₂-ra",
                  "id": "P414394.l02c70",
                  "ref": "P414394.4.5",
                  "inst": "er[tears]N",
                  "sig": "@blms%sux:er₂-ra=er[tears//tears]N'N$er,ak/er₂+-ra=r.a#~,ak",
                  "f": {
                    "lang": "sux",
                    "form": "er₂-ra",
                    "cf": "er",
                    "gw": "tears",
                    "sense": "tears",
                    "norm0": "er,ak",
                    "pos": "N",
                    "epos": "N",
                    "base": "er₂",
                    "cont": "-ra=r.a",
                    "morph": "~,ak"
                  }
                },
                {
                  "node": "l",
                  "frag": "ša₃-ne-ša₄",
                  "id": "P414394.l02c71",
                  "ref": "P414394.4.6",
                  "inst": "šaneša[compassion]N",
                  "sig": "@blms%sux:ša₃-ne-ša₄=šaneša[supplication//compassion]N'N$šaneša/ša₃-ne-ša₄#~",
                  "f": {
                    "lang": "sux",
                    "form": "ša₃-ne-ša₄",
                    "cf": "šaneša",
                    "gw": "supplication",
                    "sense": "compassion",
                    "norm0": "šaneša",
                    "pos": "N",
                    "epos": "N",
                    "base": "ša₃-ne-ša₄",
                    "morph": "~"
                  }
                },
                {
                  "node": "l",
                  "frag": "ga-an-na-ab-dug₄>",
                  "id": "P414394.l02c72",
                  "ref": "P414394.4.7",
                  "inst": "dug[to do, perform]V/t",
                  "sig": "@blms%sux:ga-an-na-ab-dug₄=dug[speak//to do, perform]V/t'V/t$ga.V.na.b:dug/dug₄#ga.V.na.b:~",
                  "f": {
                    "lang": "sux",
                    "form": "ga-an-na-ab-dug₄",
                    "cf": "dug",
                    "gw": "speak",
                    "sense": "to do, perform",
                    "norm0": "ga.V.na.b:dug",
                    "pos": "V/t",
                    "epos": "V/t",
                    "base": "dug₄",
                    "morph": "ga.V.na.b:~"
                  }
                },
                {
                  "node": "d",
                  "type": "line-start",
                  "ref": "P414394.5",
                  "n": "4",
                  "label": "o 4"
                },
                {
                  "node": "l",
                  "frag": "[...",
                  "id": "P414394.l02c73",
                  "ref": "P414394.5.1",
                  "inst": "u",
                  "f": {
                    "lang": "sux",
                    "form": "x",
                    "pos": "u"
                  }
                },
                {
                  "node": "l",
                  "frag": "barag]",
                  "id": "P414394.l02c74",
                  "ref": "P414394.5.2",
                  "inst": "barag[dais]N",
                  "sig": "@blms%sux:barag=barag[sanctum//dais, seat]N'N$barag/barag#~",
                  "f": {
                    "lang": "sux",
                    "form": "barag",
                    "cf": "barag",
                    "gw": "sanctum",
                    "sense": "dais, seat",
                    "norm0": "barag",
                    "pos": "N",
                    "epos": "N",
                    "base": "barag",
                    "morph": "~"
                  }
                },
                {
                  "node": "l",
                  "frag": "⸢kug⸣-ga",
                  "id": "P414394.l02c75",
                  "ref": "P414394.5.3",
                  "inst": "kug[(to be) pure]V/i",
                  "sig": "@blms%sux:kug-ga=kug[pure//(to be) pure]V/i'V/i$kug,ak/kug+-ga=g.a#~,ak",
                  "f": {
                    "lang": "sux",
                    "form": "kug-ga",
                    "cf": "kug",
                    "gw": "pure",
                    "sense": "(to be) pure",
                    "norm0": "kug,ak",
                    "pos": "V/i",
                    "epos": "V/i",
                    "base": "kug",
                    "cont": "-ga=g.a",
                    "morph": "~,ak"
                  }
                },
                {
                  "node": "l",
                  "frag": "tuš-a-ra",
                  "id": "P414394.l02c76",
                  "ref": "P414394.5.4",
                  "inst": "tuš[sit]V/i/tuš",
                  "sig": "@blms%sux:tuš-a-ra=tuš[sit//sit]V/i'V/i$tuš;a,ra/tuš#~;a,ra",
                  "f": {
                    "lang": "sux",
                    "form": "tuš-a-ra",
                    "cf": "tuš",
                    "gw": "sit",
                    "sense": "sit",
                    "norm0": "tuš;a,ra",
                    "pos": "V/i",
                    "epos": "V/i",
                    "base": "tuš",
                    "morph": "~;a,ra"
                  }
                },
                {
                  "node": "l",
                  "frag": "<er₂-ra",
                  "id": "P414394.l02c77",
                  "ref": "P414394.5.5",
                  "inst": "er[tears]N",
                  "sig": "@blms%sux:er₂-ra=er[tears//tears]N'N$er,ak/er₂+-ra=r.a#~,ak",
                  "f": {
                    "lang": "sux",
                    "form": "er₂-ra",
                    "cf": "er",
                    "gw": "tears",
                    "sense": "tears",
                    "norm0": "er,ak",
                    "pos": "N",
                    "epos": "N",
                    "base": "er₂",
                    "cont": "-ra=r.a",
                    "morph": "~,ak"
                  }
                },
                {
                  "node": "l",
                  "frag": "ša₃-ne-ša₄",
                  "id": "P414394.l02c78",
                  "ref": "P414394.5.6",
                  "inst": "šaneša[supplication]N",
                  "sig": "@blms%sux:ša₃-ne-ša₄=šaneša[supplication//supplication]N'N$šaneša/ša₃-ne-ša₄#~",
                  "f": {
                    "lang": "sux",
                    "form": "ša₃-ne-ša₄",
                    "cf": "šaneša",
                    "gw": "supplication",
                    "sense": "supplication",
                    "norm0": "šaneša",
                    "pos": "N",
                    "epos": "N",
                    "base": "ša₃-ne-ša₄",
                    "morph": "~"
                  }
                },
                {
                  "node": "l",
                  "frag": "ga-an-na-ab-dug₄>",
                  "id": "P414394.l02c79",
                  "ref": "P414394.5.7",
                  "inst": "dug[to do, perform]V/t",
                  "sig": "@blms%sux:ga-an-na-ab-dug₄=dug[speak//to do, perform]V/t'V/t$ga.V.na.b:dug/dug₄#ga.V.na.b:~",
                  "f": {
                    "lang": "sux",
                    "form": "ga-an-na-ab-dug₄",
                    "cf": "dug",
                    "gw": "speak",
                    "sense": "to do, perform",
                    "norm0": "ga.V.na.b:dug",
                    "pos": "V/t",
                    "epos": "V/t",
                    "base": "dug₄",
                    "morph": "ga.V.na.b:~"
                  }
                },
                {
                  "node": "d",
                  "type": "line-start",
                  "ref": "P414394.6",
                  "n": "5",
                  "label": "o 5"
                },
                {
                  "node": "l",
                  "frag": "[...",
                  "id": "P414394.l02c7a",
                  "ref": "P414394.6.1",
                  "inst": "u",
                  "f": {
                    "lang": "sux",
                    "form": "x",
                    "pos": "u"
                  }
                },
                {
                  "node": "l",
                  "frag": "barag]",
                  "id": "P414394.l02c7b",
                  "ref": "P414394.6.2",
                  "inst": "barag[dais]N",
                  "sig": "@blms%sux:barag=barag[sanctum//dais, seat]N'N$barag/barag#~",
                  "f": {
                    "lang": "sux",
                    "form": "barag",
                    "cf": "barag",
                    "gw": "sanctum",
                    "sense": "dais, seat",
                    "norm0": "barag",
                    "pos": "N",
                    "epos": "N",
                    "base": "barag",
                    "morph": "~"
                  }
                },
                {
                  "node": "l",
                  "frag": "⸢kug⸣-ga",
                  "id": "P414394.l02c7c",
                  "ref": "P414394.6.3",
                  "inst": "kug[(to be) pure]V/i",
                  "sig": "@blms%sux:kug-ga=kug[pure//(to be) pure]V/i'V/i$kug,ak/kug+-ga=g.a#~,ak",
                  "f": {
                    "lang": "sux",
                    "form": "kug-ga",
                    "cf": "kug",
                    "gw": "pure",
                    "sense": "(to be) pure",
                    "norm0": "kug,ak",
                    "pos": "V/i",
                    "epos": "V/i",
                    "base": "kug",
                    "cont": "-ga=g.a",
                    "morph": "~,ak"
                  }
                },
                {
                  "node": "l",
                  "frag": "tuš-a-ra",
                  "id": "P414394.l02c7d",
                  "ref": "P414394.6.4",
                  "inst": "tuš[sit]V/i/tuš",
                  "sig": "@blms%sux:tuš-a-ra=tuš[sit//sit]V/i'V/i$tuš;a,ra/tuš#~;a,ra",
                  "f": {
                    "lang": "sux",
                    "form": "tuš-a-ra",
                    "cf": "tuš",
                    "gw": "sit",
                    "sense": "sit",
                    "norm0": "tuš;a,ra",
                    "pos": "V/i",
                    "epos": "V/i",
                    "base": "tuš",
                    "morph": "~;a,ra"
                  }
                },
                {
                  "node": "l",
                  "frag": "<er₂-ra",
                  "id": "P414394.l02c7e",
                  "ref": "P414394.6.5",
                  "inst": "er[tears]N",
                  "sig": "@blms%sux:er₂-ra=er[tears//tears]N'N$er,ak/er₂+-ra=r.a#~,ak",
                  "f": {
                    "lang": "sux",
                    "form": "er₂-ra",
                    "cf": "er",
                    "gw": "tears",
                    "sense": "tears",
                    "norm0": "er,ak",
                    "pos": "N",
                    "epos": "N",
                    "base": "er₂",
                    "cont": "-ra=r.a",
                    "morph": "~,ak"
                  }
                },
                {
                  "node": "l",
                  "frag": "ša₃-ne-ša₄",
                  "id": "P414394.l02c7f",
                  "ref": "P414394.6.6",
                  "inst": "šaneša[supplication]N",
                  "sig": "@blms%sux:ša₃-ne-ša₄=šaneša[supplication//supplication]N'N$šaneša/ša₃-ne-ša₄#~",
                  "f": {
                    "lang": "sux",
                    "form": "ša₃-ne-ša₄",
                    "cf": "šaneša",
                    "gw": "supplication",
                    "sense": "supplication",
                    "norm0": "šaneša",
                    "pos": "N",
                    "epos": "N",
                    "base": "ša₃-ne-ša₄",
                    "morph": "~"
                  }
                },
                {
                  "node": "l",
                  "frag": "ga-an-na-ab-dug₄>",
                  "id": "P414394.l02c80",
                  "ref": "P414394.6.7",
                  "inst": "dug[to do, perform]V/t",
                  "sig": "@blms%sux:ga-an-na-ab-dug₄=dug[speak//to do, perform]V/t'V/t$ga.V.na.b:dug/dug₄#ga.V.na.b:~",
                  "f": {
                    "lang": "sux",
                    "form": "ga-an-na-ab-dug₄",
                    "cf": "dug",
                    "gw": "speak",
                    "sense": "to do, perform",
                    "norm0": "ga.V.na.b:dug",
                    "pos": "V/t",
                    "epos": "V/t",
                    "base": "dug₄",
                    "morph": "ga.V.na.b:~"
                  }
                },
                {
                  "node": "d",
                  "type": "line-start",
                  "ref": "P414394.7",
                  "n": "6",
                  "label": "o 6"
                },
                {
                  "node": "l",
                  "frag": "[...",
                  "id": "P414394.l02c81",
                  "ref": "P414394.7.1",
                  "inst": "u",
                  "f": {
                    "lang": "sux",
                    "form": "x",
                    "pos": "u"
                  }
                },
                {
                  "node": "l",
                  "frag": "barag]",
                  "id": "P414394.l02c82",
                  "ref": "P414394.7.2",
                  "inst": "barag[dais]N",
                  "sig": "@blms%sux:barag=barag[sanctum//dais, seat]N'N$barag/barag#~",
                  "f": {
                    "lang": "sux",
                    "form": "barag",
                    "cf": "barag",
                    "gw": "sanctum",
                    "sense": "dais, seat",
                    "norm0": "barag",
                    "pos": "N",
                    "epos": "N",
                    "base": "barag",
                    "morph": "~"
                  }
                },
                {
                  "node": "l",
                  "frag": "⸢kug⸣-ga",
                  "id": "P414394.l02c83",
                  "ref": "P414394.7.3",
                  "inst": "kug[(to be) pure]V/i",
                  "sig": "@blms%sux:kug-ga=kug[pure//(to be) pure]V/i'V/i$kug,ak/kug+-ga=g.a#~,ak",
                  "f": {
                    "lang": "sux",
                    "form": "kug-ga",
                    "cf": "kug",
                    "gw": "pure",
                    "sense": "(to be) pure",
                    "norm0": "kug,ak",
                    "pos": "V/i",
                    "epos": "V/i",
                    "base": "kug",
                    "cont": "-ga=g.a",
                    "morph": "~,ak"
                  }
                },
                {
                  "node": "l",
                  "frag": "tuš-a-ra",
                  "id": "P414394.l02c84",
                  "ref": "P414394.7.4",
                  "inst": "tuš[sit]V/i/tuš",
                  "sig": "@blms%sux:tuš-a-ra=tuš[sit//sit]V/i'V/i$tuš;a,ra/tuš#~;a,ra",
                  "f": {
                    "lang": "sux",
                    "form": "tuš-a-ra",
                    "cf": "tuš",
                    "gw": "sit",
                    "sense": "sit",
                    "norm0": "tuš;a,ra",
                    "pos": "V/i",
                    "epos": "V/i",
                    "base": "tuš",
                    "morph": "~;a,ra"
                  }
                },
                {
                  "node": "l",
                  "frag": "<er₂-ra",
                  "id": "P414394.l02c85",
                  "ref": "P414394.7.5",
                  "inst": "er[tears]N",
                  "sig": "@blms%sux:er₂-ra=er[tears//tears]N'N$er,ak/er₂+-ra=r.a#~,ak",
                  "f": {
                    "lang": "sux",
                    "form": "er₂-ra",
                    "cf": "er",
                    "gw": "tears",
                    "sense": "tears",
                    "norm0": "er,ak",
                    "pos": "N",
                    "epos": "N",
                    "base": "er₂",
                    "cont": "-ra=r.a",
                    "morph": "~,ak"
                  }
                },
                {
                  "node": "l",
                  "frag": "ša₃-ne-ša₄",
                  "id": "P414394.l02c86",
                  "ref": "P414394.7.6",
                  "inst": "šaneša[supplication]N",
                  "sig": "@blms%sux:ša₃-ne-ša₄=šaneša[supplication//supplication]N'N$šaneša/ša₃-ne-ša₄#~",
                  "f": {
                    "lang": "sux",
                    "form": "ša₃-ne-ša₄",
                    "cf": "šaneša",
                    "gw": "supplication",
                    "sense": "supplication",
                    "norm0": "šaneša",
                    "pos": "N",
                    "epos": "N",
                    "base": "ša₃-ne-ša₄",
                    "morph": "~"
                  }
                },
                {
                  "node": "l",
                  "frag": "ga-an-na-ab-dug₄>",
                  "id": "P414394.l02c87",
                  "ref": "P414394.7.7",
                  "inst": "dug[to do, perform]V/t",
                  "sig": "@blms%sux:ga-an-na-ab-dug₄=dug[speak//to do, perform]V/t'V/t$ga.V.na.b:dug/dug₄#ga.V.na.b:~",
                  "f": {
                    "lang": "sux",
                    "form": "ga-an-na-ab-dug₄",
                    "cf": "dug",
                    "gw": "speak",
                    "sense": "to do, perform",
                    "norm0": "ga.V.na.b:dug",
                    "pos": "V/t",
                    "epos": "V/t",
                    "base": "dug₄",
                    "morph": "ga.V.na.b:~"
                  }
                },
                {
                  "node": "d",
                  "type": "line-start",
                  "ref": "P414394.8",
                  "n": "7",
                  "label": "o 7"
                },
                {
                  "node": "l",
                  "frag": "[...",
                  "id": "P414394.l02c88",
                  "ref": "P414394.8.1",
                  "inst": "u",
                  "f": {
                    "lang": "sux",
                    "form": "x",
                    "pos": "u"
                  }
                },
                {
                  "node": "l",
                  "frag": "barag]",
                  "id": "P414394.l02c89",
                  "ref": "P414394.8.2",
                  "inst": "barag[dais]N",
                  "sig": "@blms%sux:barag=barag[sanctum//dais, seat]N'N$barag/barag#~",
                  "f": {
                    "lang": "sux",
                    "form": "barag",
                    "cf": "barag",
                    "gw": "sanctum",
                    "sense": "dais, seat",
                    "norm0": "barag",
                    "pos": "N",
                    "epos": "N",
                    "base": "barag",
                    "morph": "~"
                  }
                },
                {
                  "node": "l",
                  "frag": "⸢kug⸣-ga",
                  "id": "P414394.l02c8a",
                  "ref": "P414394.8.3",
                  "inst": "kug[(to be) pure]V/i",
                  "sig": "@blms%sux:kug-ga=kug[pure//(to be) pure]V/i'V/i$kug,ak/kug+-ga=g.a#~,ak",
                  "f": {
                    "lang": "sux",
                    "form": "kug-ga",
                    "cf": "kug",
                    "gw": "pure",
                    "sense": "(to be) pure",
                    "norm0": "kug,ak",
                    "pos": "V/i",
                    "epos": "V/i",
                    "base": "kug",
                    "cont": "-ga=g.a",
                    "morph": "~,ak"
                  }
                },
                {
                  "node": "l",
                  "frag": "tuš-a-ra",
                  "id": "P414394.l02c8b",
                  "ref": "P414394.8.4",
                  "inst": "tuš[sit]V/i/tuš",
                  "sig": "@blms%sux:tuš-a-ra=tuš[sit//sit]V/i'V/i$tuš;a,ra/tuš#~;a,ra",
                  "f": {
                    "lang": "sux",
                    "form": "tuš-a-ra",
                    "cf": "tuš",
                    "gw": "sit",
                    "sense": "sit",
                    "norm0": "tuš;a,ra",
                    "pos": "V/i",
                    "epos": "V/i",
                    "base": "tuš",
                    "morph": "~;a,ra"
                  }
                },
                {
                  "node": "l",
                  "frag": "<er₂-ra",
                  "id": "P414394.l02c8c",
                  "ref": "P414394.8.5",
                  "inst": "er[tears]N",
                  "sig": "@blms%sux:er₂-ra=er[tears//tears]N'N$er,ak/er₂+-ra=r.a#~,ak",
                  "f": {
                    "lang": "sux",
                    "form": "er₂-ra",
                    "cf": "er",
                    "gw": "tears",
                    "sense": "tears",
                    "norm0": "er,ak",
                    "pos": "N",
                    "epos": "N",
                    "base": "er₂",
                    "cont": "-ra=r.a",
                    "morph": "~,ak"
                  }
                },
                {
                  "node": "l",
                  "frag": "ša₃-ne-ša₄",
                  "id": "P414394.l02c8d",
                  "ref": "P414394.8.6",
                  "inst": "šaneša[supplication]N",
                  "sig": "@blms%sux:ša₃-ne-ša₄=šaneša[supplication//supplication]N'N$šaneša/ša₃-ne-ša₄#~",
                  "f": {
                    "lang": "sux",
                    "form": "ša₃-ne-ša₄",
                    "cf": "šaneša",
                    "gw": "supplication",
                    "sense": "supplication",
                    "norm0": "šaneša",
                    "pos": "N",
                    "epos": "N",
                    "base": "ša₃-ne-ša₄",
                    "morph": "~"
                  }
                },
                {
                  "node": "l",
                  "frag": "ga-an-na-ab-dug₄>",
                  "id": "P414394.l02c8e",
                  "ref": "P414394.8.7",
                  "inst": "dug[to do, perform]V/t",
                  "sig": "@blms%sux:ga-an-na-ab-dug₄=dug[speak//to do, perform]V/t'V/t$ga.V.na.b:dug/dug₄#ga.V.na.b:~",
                  "f": {
                    "lang": "sux",
                    "form": "ga-an-na-ab-dug₄",
                    "cf": "dug",
                    "gw": "speak",
                    "sense": "to do, perform",
                    "norm0": "ga.V.na.b:dug",
                    "pos": "V/t",
                    "epos": "V/t",
                    "base": "dug₄",
                    "morph": "ga.V.na.b:~"
                  }
                },
                {
                  "node": "d",
                  "type": "line-start",
                  "ref": "P414394.9",
                  "n": "8",
                  "label": "o 8"
                },
                {
                  "node": "l",
                  "frag": "[...",
                  "id": "P414394.l02c8f",
                  "ref": "P414394.9.1",
                  "inst": "u",
                  "f": {
                    "lang": "sux",
                    "form": "x",
                    "pos": "u"
                  }
                },
                {
                  "node": "l",
                  "frag": "barag]",
                  "id": "P414394.l02c90",
                  "ref": "P414394.9.2",
                  "inst": "barag[dais]N",
                  "sig": "@blms%sux:barag=barag[sanctum//dais, seat]N'N$barag/barag#~",
                  "f": {
                    "lang": "sux",
                    "form": "barag",
                    "cf": "barag",
                    "gw": "sanctum",
                    "sense": "dais, seat",
                    "norm0": "barag",
                    "pos": "N",
                    "epos": "N",
                    "base": "barag",
                    "morph": "~"
                  }
                },
                {
                  "node": "l",
                  "frag": "⸢kug-ga",
                  "id": "P414394.l02c91",
                  "ref": "P414394.9.3",
                  "inst": "kug[(to be) pure]V/i",
                  "sig": "@blms%sux:kug-ga=kug[pure//(to be) pure]V/i'V/i$kug,ak/kug+-ga=g.a#~,ak",
                  "f": {
                    "lang": "sux",
                    "form": "kug-ga",
                    "cf": "kug",
                    "gw": "pure",
                    "sense": "(to be) pure",
                    "norm0": "kug,ak",
                    "pos": "V/i",
                    "epos": "V/i",
                    "base": "kug",
                    "cont": "-ga=g.a",
                    "morph": "~,ak"
                  }
                },
                {
                  "node": "l",
                  "frag": "tuš-a-ra⸣",
                  "id": "P414394.l02c92",
                  "ref": "P414394.9.4",
                  "inst": "tuš[sit]V/i/tuš",
                  "sig": "@blms%sux:tuš-a-ra=tuš[sit//sit]V/i'V/i$tuš;a,ra/tuš#~;a,ra",
                  "f": {
                    "lang": "sux",
                    "form": "tuš-a-ra",
                    "cf": "tuš",
                    "gw": "sit",
                    "sense": "sit",
                    "norm0": "tuš;a,ra",
                    "pos": "V/i",
                    "epos": "V/i",
                    "base": "tuš",
                    "morph": "~;a,ra"
                  }
                },
                {
                  "node": "l",
                  "frag": "<er₂-ra",
                  "id": "P414394.l02c93",
                  "ref": "P414394.9.5",
                  "inst": "er[tears]N",
                  "sig": "@blms%sux:er₂-ra=er[tears//tears]N'N$er,ak/er₂+-ra=r.a#~,ak",
                  "f": {
                    "lang": "sux",
                    "form": "er₂-ra",
                    "cf": "er",
                    "gw": "tears",
                    "sense": "tears",
                    "norm0": "er,ak",
                    "pos": "N",
                    "epos": "N",
                    "base": "er₂",
                    "cont": "-ra=r.a",
                    "morph": "~,ak"
                  }
                },
                {
                  "node": "l",
                  "frag": "ša₃-ne-ša₄",
                  "id": "P414394.l02c94",
                  "ref": "P414394.9.6",
                  "inst": "šaneša[supplication]N",
                  "sig": "@blms%sux:ša₃-ne-ša₄=šaneša[supplication//supplication]N'N$šaneša/ša₃-ne-ša₄#~",
                  "f": {
                    "lang": "sux",
                    "form": "ša₃-ne-ša₄",
                    "cf": "šaneša",
                    "gw": "supplication",
                    "sense": "supplication",
                    "norm0": "šaneša",
                    "pos": "N",
                    "epos": "N",
                    "base": "ša₃-ne-ša₄",
                    "morph": "~"
                  }
                },
                {
                  "node": "l",
                  "frag": "ga-an-na-ab-dug₄>",
                  "id": "P414394.l02c95",
                  "ref": "P414394.9.7",
                  "inst": "dug[to do, perform]V/t",
                  "sig": "@blms%sux:ga-an-na-ab-dug₄=dug[speak//to do, perform]V/t'V/t$ga.V.na.b:dug/dug₄#ga.V.na.b:~",
                  "f": {
                    "lang": "sux",
                    "form": "ga-an-na-ab-dug₄",
                    "cf": "dug",
                    "gw": "speak",
                    "sense": "to do, perform",
                    "norm0": "ga.V.na.b:dug",
                    "pos": "V/t",
                    "epos": "V/t",
                    "base": "dug₄",
                    "morph": "ga.V.na.b:~"
                  }
                },
                {
                  "node": "d",
                  "type": "nonx",
                  "ref": "P414394.10",
                  "strict": "0",
                  "state": "missing"
                }
              ]
            }
          ]
        }
      ]
    }
  ]
}
