{
  "type": "cdl",
  "source": "http://oracc.org/blms",
  "license": "This data is released under the CC0 license",
  "license-url": "https://creativecommons.org/publicdomain/zero/1.0/",
  "more-info": "http://oracc.org/doc/opendata/",
  "UTC-timestamp": "2017-06-09T23:17:59",
  "project": "blms",
  "textid": "P414154",
  "cdl": [
    {
      "node": "c",
      "type": "text",
      "id": "P414154.U0",
      "cdl": [
        {
          "node": "d",
          "type": "object",
          "ref": ""
        },
        {
          "node": "d",
          "subtype": "obverse",
          "type": "obverse",
          "ref": "P414154.o.1",
          "label": "o"
        },
        {
          "node": "d",
          "type": "nonx",
          "ref": "P414154.2",
          "strict": "0",
          "state": "missing"
        },
        {
          "node": "c",
          "type": "discourse",
          "subtype": "body",
          "id": "P414154.U1",
          "cdl": [
            {
              "node": "c",
              "type": "sentence",
              "id": "P414154.U2",
              "label": "o 1' - o 12'",
              "cdl": [
                {
                  "node": "d",
                  "type": "line-start",
                  "ref": "P414154.3",
                  "n": "1'",
                  "label": "o 1'"
                },
                {
                  "node": "l",
                  "frag": "[...]",
                  "id": "P414154.l0099a",
                  "ref": "P414154.3.1",
                  "inst": "u",
                  "f": {
                    "lang": "sux",
                    "form": "x",
                    "pos": "u"
                  }
                },
                {
                  "node": "l",
                  "frag": "⸢dim₃⸣-me-er-⸢e⸣-[ne-ke₄",
                  "id": "P414154.l0099b",
                  "ref": "P414154.3.2",
                  "inst": "dimmer[deity//deity, god, goddess]N'N/dim₃-me-er",
                  "sig": "@blms%sux-x-emesal:dim₃-me-er-e-ne-ke₄=dimmer[deity//deity]N'N$dimmer,ene.ak.e/dim₃-me-er#~,ene.ak.e",
                  "f": {
                    "lang": "sux-x-emesal",
                    "form": "dim₃-me-er-e-ne-ke₄",
                    "cf": "dimmer",
                    "gw": "deity",
                    "sense": "deity",
                    "norm0": "dimmer,ene.ak.e",
                    "pos": "N",
                    "epos": "N",
                    "base": "dim₃-me-er",
                    "morph": "~,ene.ak.e"
                  }
                },
                {
                  "node": "l",
                  "frag": "...]",
                  "id": "P414154.l0099c",
                  "ref": "P414154.3.3",
                  "inst": "u",
                  "f": {
                    "lang": "sux-x-emesal",
                    "form": "x",
                    "pos": "u"
                  }
                },
                {
                  "node": "d",
                  "type": "line-start",
                  "ref": "P414154.4",
                  "n": "2'",
                  "label": "o 2'"
                },
                {
                  "node": "l",
                  "frag": "[...]-⸢e⸣",
                  "id": "P414154.l0099d",
                  "ref": "P414154.4.1",
                  "inst": "u",
                  "f": {
                    "lang": "sux",
                    "form": "x-e",
                    "pos": "u"
                  }
                },
                {
                  "node": "l",
                  "frag": "mas-su₃",
                  "id": "P414154.l0099e",
                  "ref": "P414154.4.2",
                  "inst": "massu[leader//leader, expert]N'N/mas-su₃",
                  "sig": "@blms%sux:mas-su₃=massu[leader//leader, expert]N'N$massu/mas-su₃#~",
                  "f": {
                    "lang": "sux",
                    "form": "mas-su₃",
                    "cf": "massu",
                    "gw": "leader",
                    "sense": "leader, expert",
                    "norm0": "massu",
                    "pos": "N",
                    "epos": "N",
                    "base": "mas-su₃",
                    "morph": "~"
                  }
                },
                {
                  "node": "l",
                  "frag": "umuš",
                  "id": "P414154.l0099f",
                  "ref": "P414154.4.3",
                  "inst": "umuš[(fore)thought, plan(ning)]",
                  "sig": "@blms%sux:umuš=umuš[planning//(fore)thought, plan(ning)]N'N$umuš/umuš#~",
                  "f": {
                    "lang": "sux",
                    "form": "umuš",
                    "cf": "umuš",
                    "gw": "planning",
                    "sense": "(fore)thought, plan(ning)",
                    "norm0": "umuš",
                    "pos": "N",
                    "epos": "N",
                    "base": "umuš",
                    "morph": "~"
                  }
                },
                {
                  "node": "l",
                  "frag": "[...]",
                  "id": "P414154.l009a0",
                  "ref": "P414154.4.4",
                  "inst": "u",
                  "f": {
                    "lang": "sux",
                    "form": "x",
                    "pos": "u"
                  }
                },
                {
                  "node": "d",
                  "type": "line-start",
                  "ref": "P414154.5",
                  "n": "3'",
                  "label": "o 3'"
                },
                {
                  "node": "l",
                  "frag": "[ki]-⸢sikil⸣",
                  "id": "P414154.l009a1",
                  "ref": "P414154.5.1",
                  "inst": "kisikil[woman]",
                  "sig": "@blms%sux:ki-sikil=kisikil[woman//young woman]N'N$kisikil/ki-sikil#~",
                  "f": {
                    "lang": "sux",
                    "form": "ki-sikil",
                    "cf": "kisikil",
                    "gw": "woman",
                    "sense": "young woman",
                    "norm0": "kisikil",
                    "pos": "N",
                    "epos": "N",
                    "base": "ki-sikil",
                    "morph": "~"
                  }
                },
                {
                  "node": "l",
                  "frag": "{d}inana",
                  "id": "P414154.l009a2",
                  "ref": "P414154.5.2",
                  "inst": "Inanak[]DN/{d}inana",
                  "sig": "@blms%sux:{d}inana=Inanak[1//1]DN'DN$Inanak/{d}inana#~",
                  "f": {
                    "lang": "sux",
                    "form": "{d}inana",
                    "cf": "Inanak",
                    "gw": "1",
                    "sense": "1",
                    "norm0": "Inanak",
                    "pos": "DN",
                    "epos": "DN",
                    "base": "{d}inana",
                    "morph": "~"
                  }
                },
                {
                  "node": "l",
                  "frag": "hi-li-bi",
                  "id": "P414154.l009a3",
                  "ref": "P414154.5.3",
                  "inst": "hili[attractiveness]",
                  "sig": "@blms%sux:hi-li-bi=hili[attractiveness//attractiveness]N'N$hili,bi/hi-li#~,bi",
                  "f": {
                    "lang": "sux",
                    "form": "hi-li-bi",
                    "cf": "hili",
                    "gw": "attractiveness",
                    "sense": "attractiveness",
                    "norm0": "hili,bi",
                    "pos": "N",
                    "epos": "N",
                    "base": "hi-li",
                    "morph": "~,bi"
                  }
                },
                {
                  "node": "l",
                  "frag": "[...]",
                  "id": "P414154.l009a4",
                  "ref": "P414154.5.4",
                  "inst": "u",
                  "f": {
                    "lang": "sux",
                    "form": "x",
                    "pos": "u"
                  }
                },
                {
                  "node": "d",
                  "type": "line-start",
                  "ref": "P414154.6",
                  "n": "4'",
                  "label": "o 4'"
                },
                {
                  "node": "l",
                  "frag": "[na]-⸢nam⸣",
                  "id": "P414154.l009a5",
                  "ref": "P414154.6.1",
                  "inst": "nanam[consent, assent]",
                  "sig": "@blms%sux:na-nam=nanam[consent//to consent]N'V$nanam/na-nam#~",
                  "f": {
                    "lang": "sux",
                    "form": "na-nam",
                    "cf": "nanam",
                    "gw": "consent",
                    "sense": "to consent",
                    "norm0": "nanam",
                    "pos": "N",
                    "epos": "V",
                    "base": "na-nam",
                    "morph": "~"
                  }
                },
                {
                  "node": "l",
                  "frag": "gin₆-na-zu",
                  "id": "P414154.l009a6",
                  "ref": "P414154.6.2",
                  "inst": "gin[firm]",
                  "sig": "@blms%sux:gin₆-na-zu=gin[firm//firm]V/i'V/i$gin;a,zu/gin₆#~;a,zu",
                  "f": {
                    "lang": "sux",
                    "form": "gin₆-na-zu",
                    "cf": "gin",
                    "gw": "firm",
                    "sense": "firm",
                    "norm0": "gin;a,zu",
                    "pos": "V/i",
                    "epos": "V/i",
                    "base": "gin₆",
                    "morph": "~;a,zu"
                  }
                },
                {
                  "node": "l",
                  "frag": "an-⸢gin₇⸣",
                  "id": "P414154.l009a7",
                  "ref": "P414154.6.3",
                  "inst": "an[sky//sky, heaven]N'N/an",
                  "sig": "@blms%sux:an-gin₇=an[sky//sky, heaven]N'N$an,gin/an#~,gin",
                  "f": {
                    "lang": "sux",
                    "form": "an-gin₇",
                    "cf": "an",
                    "gw": "sky",
                    "sense": "sky, heaven",
                    "norm0": "an,gin",
                    "pos": "N",
                    "epos": "N",
                    "base": "an",
                    "morph": "~,gin"
                  }
                },
                {
                  "node": "l",
                  "frag": "[...]",
                  "id": "P414154.l009a8",
                  "ref": "P414154.6.4",
                  "inst": "u",
                  "f": {
                    "lang": "sux",
                    "form": "x",
                    "pos": "u"
                  }
                },
                {
                  "node": "d",
                  "type": "line-start",
                  "ref": "P414154.7",
                  "n": "5'",
                  "label": "o 5'"
                },
                {
                  "node": "l",
                  "frag": "{[d]}⸢in⸣-nin",
                  "id": "P414154.l009a9",
                  "ref": "P414154.7.1",
                  "inst": "innin[lady]N/{d}in-nin",
                  "sig": "@blms%sux:{d}in-nin=innin[lady//lady]N'N$innin/{d}in-nin#~",
                  "f": {
                    "lang": "sux",
                    "form": "{d}in-nin",
                    "cf": "innin",
                    "gw": "lady",
                    "sense": "lady",
                    "norm0": "innin",
                    "pos": "N",
                    "epos": "N",
                    "base": "{d}in-nin",
                    "morph": "~"
                  }
                },
                {
                  "node": "l",
                  "frag": "dim₃-me-er",
                  "id": "P414154.l009aa",
                  "ref": "P414154.7.2",
                  "inst": "dimmer[deity//deity, god, goddess]N'N/dim₃-me-er",
                  "sig": "@blms%sux-x-emesal:dim₃-me-er=dimmer[deity//deity]N'N$dimmer/dim₃-me-er#~",
                  "f": {
                    "lang": "sux-x-emesal",
                    "form": "dim₃-me-er",
                    "cf": "dimmer",
                    "gw": "deity",
                    "sense": "deity",
                    "norm0": "dimmer",
                    "pos": "N",
                    "epos": "N",
                    "base": "dim₃-me-er",
                    "morph": "~"
                  }
                },
                {
                  "node": "l",
                  "frag": "⸢hi⸣-[li-bi",
                  "id": "P414154.l009ab",
                  "ref": "P414154.7.3",
                  "inst": "hili[attractiveness]",
                  "sig": "@blms%sux:hi-li-bi=hili[attractiveness//attractiveness]N'N$hili,bi/hi-li#~,bi",
                  "f": {
                    "lang": "sux",
                    "form": "hi-li-bi",
                    "cf": "hili",
                    "gw": "attractiveness",
                    "sense": "attractiveness",
                    "norm0": "hili,bi",
                    "pos": "N",
                    "epos": "N",
                    "base": "hi-li",
                    "morph": "~,bi"
                  }
                },
                {
                  "node": "l",
                  "frag": "...]",
                  "id": "P414154.l009ac",
                  "ref": "P414154.7.4",
                  "inst": "u",
                  "f": {
                    "lang": "sux",
                    "form": "x",
                    "pos": "u"
                  }
                },
                {
                  "node": "d",
                  "type": "line-start",
                  "ref": "P414154.8",
                  "n": "6'",
                  "label": "o 6'"
                },
                {
                  "node": "l",
                  "frag": "{[d]}⸢ki⸣-šar₂",
                  "id": "P414154.l009ad",
                  "ref": "P414154.8.1",
                  "inst": "Kišar[]DN/{d}ki-šar₂",
                  "sig": "@blms%sux:{d}ki-šar₂=Kišar[1//1]DN'DN$Kišar/{d}ki-šar₂#~",
                  "f": {
                    "lang": "sux",
                    "form": "{d}ki-šar₂",
                    "cf": "Kišar",
                    "gw": "1",
                    "sense": "1",
                    "norm0": "Kišar",
                    "pos": "DN",
                    "epos": "DN",
                    "base": "{d}ki-šar₂",
                    "morph": "~"
                  }
                },
                {
                  "node": "l",
                  "frag": "⸢ŋidlam",
                  "id": "P414154.l009ae",
                  "ref": "P414154.8.2",
                  "inst": "ŋidlam[(equal ranking) spouse]",
                  "sig": "@blms%sux:ŋidlam=ŋidlam[spouse//(equal ranking) spouse]N'N$ŋidlam/ŋidlam#~",
                  "f": {
                    "lang": "sux",
                    "form": "ŋidlam",
                    "cf": "ŋidlam",
                    "gw": "spouse",
                    "sense": "(equal ranking) spouse",
                    "norm0": "ŋidlam",
                    "pos": "N",
                    "epos": "N",
                    "base": "ŋidlam",
                    "morph": "~"
                  }
                },
                {
                  "node": "l",
                  "frag": "e⸣-[...]",
                  "id": "P414154.l009af",
                  "ref": "P414154.8.3",
                  "inst": "u",
                  "f": {
                    "lang": "sux",
                    "form": "e-x",
                    "pos": "u"
                  }
                },
                {
                  "node": "d",
                  "type": "line-start",
                  "ref": "P414154.9",
                  "n": "7'",
                  "label": "o 7'"
                },
                {
                  "node": "l",
                  "frag": "[...]-⸢ŋa₂⸣",
                  "id": "P414154.l009b0",
                  "ref": "P414154.9.1",
                  "inst": "u",
                  "f": {
                    "lang": "sux",
                    "form": "x-ŋa₂",
                    "pos": "u"
                  }
                },
                {
                  "node": "l",
                  "frag": "u₃-bi₂-tab",
                  "id": "P414154.l009b1",
                  "ref": "P414154.9.2",
                  "inst": "tab[double]",
                  "sig": "@blms%sux:u₃-bi₂-tab=tab[double//double]V/t'V/t$u.ba.V:tab/tab#u.ba.V:~",
                  "f": {
                    "lang": "sux",
                    "form": "u₃-bi₂-tab",
                    "cf": "tab",
                    "gw": "double",
                    "sense": "double",
                    "norm0": "u.ba.V:tab",
                    "pos": "V/t",
                    "epos": "V/t",
                    "base": "tab",
                    "morph": "u.ba.V:~"
                  }
                },
                {
                  "node": "l",
                  "frag": "⸢a₂⸣-[aŋ₂",
                  "id": "P414154.l009b2",
                  "ref": "P414154.9.3",
                  "inst": "aʾaŋa[command]",
                  "sig": "@blms%sux:a₂-aŋ₂=aʾaŋa[assignment//command]N'N$aʾaŋa/a₂-aŋ₂#~",
                  "f": {
                    "lang": "sux",
                    "form": "a₂-aŋ₂",
                    "cf": "aʾaŋa",
                    "gw": "assignment",
                    "sense": "command",
                    "norm0": "aʾaŋa",
                    "pos": "N",
                    "epos": "N",
                    "base": "a₂-aŋ₂",
                    "morph": "~"
                  }
                },
                {
                  "node": "l",
                  "frag": "...]",
                  "id": "P414154.l009b3",
                  "ref": "P414154.9.4",
                  "inst": "u",
                  "f": {
                    "lang": "sux",
                    "form": "x",
                    "pos": "u"
                  }
                },
                {
                  "node": "d",
                  "type": "line-start",
                  "ref": "P414154.10",
                  "n": "8'",
                  "label": "o 8'"
                },
                {
                  "node": "l",
                  "frag": "[eš₂]-kiri₃",
                  "id": "P414154.l009b4",
                  "ref": "P414154.10.1",
                  "inst": "eškiri[nose rope, tether]",
                  "sig": "@blms%sux:eš₂-kiri₃=eškiri[rope//nose rope, tether]N'N$eškiri/eš₂-kiri₃#~",
                  "f": {
                    "lang": "sux",
                    "form": "eš₂-kiri₃",
                    "cf": "eškiri",
                    "gw": "rope",
                    "sense": "nose rope, tether",
                    "norm0": "eškiri",
                    "pos": "N",
                    "epos": "N",
                    "base": "eš₂-kiri₃",
                    "morph": "~"
                  }
                },
                {
                  "node": "l",
                  "frag": "an-ki-a",
                  "id": "P414154.l009b5",
                  "ref": "P414154.10.2",
                  "inst": "anki[universe//the universe, heaven and earth]N/an-ki",
                  "sig": "@blms%sux:an-ki-a=anki[universe//the universe, heaven and earth]N'N$anki,a/an-ki#~,a",
                  "f": {
                    "lang": "sux",
                    "form": "an-ki-a",
                    "cf": "anki",
                    "gw": "universe",
                    "sense": "the universe, heaven and earth",
                    "norm0": "anki,a",
                    "pos": "N",
                    "epos": "N",
                    "base": "an-ki",
                    "morph": "~,a"
                  }
                },
                {
                  "node": "l",
                  "frag": "dili-ne",
                  "id": "P414154.l009b6",
                  "ref": "P414154.10.3",
                  "inst": "dili[single]",
                  "sig": "@blms%sux:dili-ne=dili[single//single]V/i'V/i$dili;*a.ne/dili#~;*a.ne",
                  "f": {
                    "lang": "sux",
                    "form": "dili-ne",
                    "cf": "dili",
                    "gw": "single",
                    "sense": "single",
                    "norm0": "dili;*a.ne",
                    "pos": "V/i",
                    "epos": "V/i",
                    "base": "dili",
                    "morph": "~;*a.ne"
                  }
                },
                {
                  "node": "l",
                  "frag": "[...]",
                  "id": "P414154.l009b7",
                  "ref": "P414154.10.4",
                  "inst": "u",
                  "f": {
                    "lang": "sux",
                    "form": "x",
                    "pos": "u"
                  }
                },
                {
                  "node": "d",
                  "type": "line-start",
                  "ref": "P414154.11",
                  "n": "9'",
                  "label": "o 9'"
                },
                {
                  "node": "l",
                  "frag": "[an]-⸢na⸣-ra",
                  "id": "P414154.l009b8",
                  "ref": "P414154.11.1",
                  "inst": "An[]DN/an+-na=n.a",
                  "sig": "@blms%sux:an-na-ra=An[1//1]DN'DN$An,ak.ra/an+-na=n.a#~,ak.ra",
                  "f": {
                    "lang": "sux",
                    "form": "an-na-ra",
                    "cf": "An",
                    "gw": "1",
                    "sense": "1",
                    "norm0": "An,ak.ra",
                    "pos": "DN",
                    "epos": "DN",
                    "base": "an",
                    "cont": "-na=n.a",
                    "morph": "~,ak.ra"
                  }
                },
                {
                  "node": "l",
                  "frag": "inim",
                  "id": "P414154.l009b9",
                  "ref": "P414154.11.2",
                  "inst": "inim[word]",
                  "sig": "@blms%sux:inim=inim[word//word]N'N$inim/inim#~",
                  "f": {
                    "lang": "sux",
                    "form": "inim",
                    "cf": "inim",
                    "gw": "word",
                    "sense": "word",
                    "norm0": "inim",
                    "pos": "N",
                    "epos": "N",
                    "base": "inim",
                    "morph": "~"
                  }
                },
                {
                  "node": "l",
                  "frag": "bal",
                  "id": "P414154.l009ba",
                  "ref": "P414154.11.3",
                  "inst": "bala[turn]V/t/bal#~",
                  "sig": "@blms%sux:bal=bala[turn//turn]V/t'V/t$bala/bal#~",
                  "f": {
                    "lang": "sux",
                    "form": "bal",
                    "cf": "bala",
                    "gw": "turn",
                    "sense": "turn",
                    "norm0": "bala",
                    "pos": "V/t",
                    "epos": "V/t",
                    "base": "bal",
                    "morph": "~"
                  }
                },
                {
                  "node": "l",
                  "frag": "⸢bar⸣",
                  "id": "P414154.l009bb",
                  "ref": "P414154.11.4",
                  "inst": "bar[liver]",
                  "sig": "@blms%sux:bar=bar[outside//liver]V/t'N$bar/bar#~",
                  "f": {
                    "lang": "sux",
                    "form": "bar",
                    "cf": "bar",
                    "gw": "outside",
                    "sense": "liver",
                    "norm0": "bar",
                    "pos": "V/t",
                    "epos": "N",
                    "base": "bar",
                    "morph": "~"
                  }
                },
                {
                  "node": "l",
                  "frag": "[...]",
                  "id": "P414154.l009bc",
                  "ref": "P414154.11.5",
                  "inst": "u",
                  "f": {
                    "lang": "sux",
                    "form": "x",
                    "pos": "u"
                  }
                },
                {
                  "node": "d",
                  "type": "line-start",
                  "ref": "P414154.12",
                  "n": "10'",
                  "label": "o 10'"
                },
                {
                  "node": "l",
                  "frag": "[...",
                  "id": "P414154.l009bd",
                  "ref": "P414154.12.1",
                  "inst": "u",
                  "f": {
                    "lang": "sux",
                    "form": "x",
                    "pos": "u"
                  }
                },
                {
                  "node": "l",
                  "frag": "{d]}⸢inana⸣-ke₄",
                  "id": "P414154.l009be",
                  "ref": "P414154.12.2",
                  "inst": "Inanak[]DN/{d}inana",
                  "sig": "@blms%sux:{d}inana-ke₄=Inanak[1//1]DN'DN$Inanak,e/{d}inana+-ke₄=k.e#~,e",
                  "f": {
                    "lang": "sux",
                    "form": "{d}inana-ke₄",
                    "cf": "Inanak",
                    "gw": "1",
                    "sense": "1",
                    "norm0": "Inanak,e",
                    "pos": "DN",
                    "epos": "DN",
                    "base": "{d}inana",
                    "cont": "-ke₄=k.e",
                    "morph": "~,e"
                  }
                },
                {
                  "node": "l",
                  "frag": "šag₄",
                  "id": "P414154.l009bf",
                  "ref": "P414154.12.3",
                  "inst": "šag[heart]",
                  "sig": "@blms%sux:šag₄=šag[heart//heart]N'N$šag/šag₄#~",
                  "f": {
                    "lang": "sux",
                    "form": "šag₄",
                    "cf": "šag",
                    "gw": "heart",
                    "sense": "heart",
                    "norm0": "šag",
                    "pos": "N",
                    "epos": "N",
                    "base": "šag₄",
                    "morph": "~"
                  }
                },
                {
                  "node": "l",
                  "frag": "sag₉-⸢ga⸣-[na",
                  "id": "P414154.l009c0",
                  "ref": "P414154.12.4",
                  "inst": "sag[good]",
                  "sig": "@blms%sux:sag₉-ga-na=sag[good//good]V/i'V/i$sag;a,ani.a/sag₉+-ga=g.a#~;a,ani.a",
                  "f": {
                    "lang": "sux",
                    "form": "sag₉-ga-na",
                    "cf": "sag",
                    "gw": "good",
                    "sense": "good",
                    "norm0": "sag;a,ani.a",
                    "pos": "V/i",
                    "epos": "V/i",
                    "base": "sag₉",
                    "cont": "-ga=g.a",
                    "morph": "~;a,ani.a"
                  }
                },
                {
                  "node": "l",
                  "frag": "...]",
                  "id": "P414154.l009c1",
                  "ref": "P414154.12.5",
                  "inst": "u",
                  "f": {
                    "lang": "sux",
                    "form": "x",
                    "pos": "u"
                  }
                },
                {
                  "node": "d",
                  "type": "line-start",
                  "ref": "P414154.13",
                  "n": "11'",
                  "label": "o 11'"
                },
                {
                  "node": "l",
                  "frag": "[...]-⸢ŋa₂⸣",
                  "id": "P414154.l009c2",
                  "ref": "P414154.13.1",
                  "inst": "u",
                  "f": {
                    "lang": "sux",
                    "form": "x-ŋa₂",
                    "pos": "u"
                  }
                },
                {
                  "node": "l",
                  "frag": "nam-an-⸢na⸣-[ŋu₁₀",
                  "id": "P414154.l009c3",
                  "ref": "P414154.13.2",
                  "inst": "namanak[role of An]N/nam-an-na",
                  "sig": "@blms%sux:nam-an-na-ŋu₁₀=namanak[role of An//role of An]N'N$namanak,ŋu/nam-an-na#~,ŋu",
                  "f": {
                    "lang": "sux",
                    "form": "nam-an-na-ŋu₁₀",
                    "cf": "namanak",
                    "gw": "role of An",
                    "sense": "role of An",
                    "norm0": "namanak,ŋu",
                    "pos": "N",
                    "epos": "N",
                    "base": "nam-an-na",
                    "morph": "~,ŋu"
                  }
                },
                {
                  "node": "l",
                  "frag": "...]",
                  "id": "P414154.l009c4",
                  "ref": "P414154.13.3",
                  "inst": "u",
                  "f": {
                    "lang": "sux",
                    "form": "x",
                    "pos": "u"
                  }
                },
                {
                  "node": "d",
                  "type": "line-start",
                  "ref": "P414154.14",
                  "n": "12'",
                  "label": "o 12'"
                },
                {
                  "node": "l",
                  "frag": "[...]-⸢ŋu₁₀",
                  "id": "P414154.l009c5",
                  "ref": "P414154.14.1",
                  "inst": "u",
                  "f": {
                    "lang": "sux",
                    "form": "x-ŋu₁₀",
                    "pos": "u"
                  }
                },
                {
                  "node": "l",
                  "frag": "bar⸣-[bi",
                  "id": "P414154.l009c6",
                  "ref": "P414154.14.2",
                  "inst": "bar[outside]",
                  "sig": "@blms%sux:bar-bi=bar[outside//outside, (other) side]V/t'N$bar;*a,bi/bar#~;*a,bi",
                  "f": {
                    "lang": "sux",
                    "form": "bar-bi",
                    "cf": "bar",
                    "gw": "outside",
                    "sense": "outside, (other) side",
                    "norm0": "bar;*a,bi",
                    "pos": "V/t",
                    "epos": "N",
                    "base": "bar",
                    "morph": "~;*a,bi"
                  }
                },
                {
                  "node": "l",
                  "frag": "...]",
                  "id": "P414154.l009c7",
                  "ref": "P414154.14.3",
                  "inst": "u",
                  "f": {
                    "lang": "sux",
                    "form": "x",
                    "pos": "u"
                  }
                },
                {
                  "node": "d",
                  "type": "nonx",
                  "ref": "P414154.15",
                  "strict": "0",
                  "state": "missing"
                },
                {
                  "node": "d",
                  "subtype": "reverse",
                  "type": "reverse",
                  "ref": "P414154.r.16",
                  "label": "r"
                },
                {
                  "node": "d",
                  "type": "nonx",
                  "ref": "P414154.17",
                  "strict": "0",
                  "state": "missing"
                }
              ]
            }
          ]
        }
      ]
    }
  ]
}
