{
  "type": "cdl",
  "source": "http://oracc.org/blms",
  "license": "This data is released under the CC0 license",
  "license-url": "https://creativecommons.org/publicdomain/zero/1.0/",
  "more-info": "http://oracc.org/doc/opendata/",
  "UTC-timestamp": "2017-06-09T23:17:59",
  "project": "blms",
  "textid": "P424891",
  "cdl": [
    {
      "node": "c",
      "type": "text",
      "id": "P424891.U0",
      "cdl": [
        {
          "node": "d",
          "type": "object",
          "ref": ""
        },
        {
          "node": "d",
          "subtype": "obverse",
          "type": "obverse",
          "ref": "P424891.o.1",
          "label": "o"
        },
        {
          "node": "d",
          "type": "nonx",
          "ref": "P424891.2",
          "strict": "0",
          "state": "missing"
        },
        {
          "node": "c",
          "type": "discourse",
          "subtype": "body",
          "id": "P424891.U1",
          "cdl": [
            {
              "node": "c",
              "type": "sentence",
              "id": "P424891.U2",
              "cdl": [
                {
                  "node": "d",
                  "type": "line-start",
                  "ref": "P424891.3"
                },
                {
                  "node": "d",
                  "type": "line-start",
                  "ref": "P424891.3l",
                  "n": "1'",
                  "label": "o 1'"
                },
                {
                  "node": "l",
                  "frag": "⸢nin⸣",
                  "id": "P424891.l00bb5",
                  "ref": "P424891.3.1",
                  "inst": "nin[lady]N",
                  "sig": "@blms%sux:nin=nin[lady//lady]N'N$nin/nin#~",
                  "f": {
                    "lang": "sux",
                    "form": "nin",
                    "cf": "nin",
                    "gw": "lady",
                    "sense": "lady",
                    "norm0": "nin",
                    "pos": "N",
                    "epos": "N",
                    "base": "nin",
                    "morph": "~"
                  }
                },
                {
                  "node": "l",
                  "frag": "mah",
                  "id": "P424891.l00bb6",
                  "ref": "P424891.3.2",
                  "inst": "mah[(to be) great]V/i",
                  "sig": "@blms%sux:mah=mah[great//(to be) great]V/i'V/i$mah/mah#~",
                  "f": {
                    "lang": "sux",
                    "form": "mah",
                    "cf": "mah",
                    "gw": "great",
                    "sense": "(to be) great",
                    "norm0": "mah",
                    "pos": "V/i",
                    "epos": "V/i",
                    "base": "mah",
                    "morph": "~"
                  }
                },
                {
                  "node": "l",
                  "frag": "[...]",
                  "id": "P424891.l00bb7",
                  "ref": "P424891.3.3",
                  "inst": "u",
                  "f": {
                    "lang": "sux",
                    "form": "x",
                    "pos": "u"
                  }
                },
                {
                  "node": "d",
                  "type": "line-start",
                  "ref": ""
                },
                {
                  "node": "l",
                  "frag": "ru-ba-a-⸢tu₄⸣",
                  "id": "P424891.l00bb8",
                  "ref": "P424891.3.286000",
                  "inst": "rubātu[princess]N",
                  "sig": "@blms%akk-x-stdbab:ru-ba-a-tu₄=rubātu[princess//princess]N'N$rubātu",
                  "f": {
                    "lang": "akk-x-stdbab",
                    "form": "ru-ba-a-tu₄",
                    "cf": "rubātu",
                    "gw": "princess",
                    "sense": "princess",
                    "norm": "rubātu",
                    "pos": "N",
                    "epos": "N"
                  }
                },
                {
                  "node": "l",
                  "frag": "[...]",
                  "id": "P424891.l00bb9",
                  "ref": "P424891.3.286001",
                  "inst": "u",
                  "f": {
                    "lang": "akk-x-stdbab",
                    "form": "x",
                    "pos": "u"
                  }
                },
                {
                  "node": "d",
                  "type": "line-start",
                  "ref": "P424891.4"
                },
                {
                  "node": "d",
                  "type": "line-start",
                  "ref": "P424891.4l",
                  "n": "2'",
                  "label": "o 2'"
                },
                {
                  "node": "l",
                  "frag": "{d}in-nin",
                  "id": "P424891.l00bba",
                  "ref": "P424891.4.1",
                  "inst": "innin[lady]N",
                  "sig": "@blms%sux:{d}in-nin=innin[lady//lady]N'N$innin/{d}in-nin#~",
                  "f": {
                    "lang": "sux",
                    "form": "{d}in-nin",
                    "cf": "innin",
                    "gw": "lady",
                    "sense": "lady",
                    "norm0": "innin",
                    "pos": "N",
                    "epos": "N",
                    "base": "{d}in-nin",
                    "morph": "~"
                  }
                },
                {
                  "node": "l",
                  "frag": "⸢gašan⸣",
                  "id": "P424891.l00bbb",
                  "ref": "P424891.4.2",
                  "inst": "gašan[lady]N",
                  "sig": "@blms%sux-x-emesal:gašan=gašan[lady//lady]N'N$gašan/gašan#~",
                  "f": {
                    "lang": "sux-x-emesal",
                    "form": "gašan",
                    "cf": "gašan",
                    "gw": "lady",
                    "sense": "lady",
                    "norm0": "gašan",
                    "pos": "N",
                    "epos": "N",
                    "base": "gašan",
                    "morph": "~"
                  }
                },
                {
                  "node": "l",
                  "frag": "[...]",
                  "id": "P424891.l00bbc",
                  "ref": "P424891.4.3",
                  "inst": "u",
                  "f": {
                    "lang": "sux-x-emesal",
                    "form": "x",
                    "pos": "u"
                  }
                },
                {
                  "node": "d",
                  "type": "line-start",
                  "ref": ""
                },
                {
                  "node": "l",
                  "frag": "{d}{<MIN(IN.NIN)>}",
                  "id": "P424891.l00bbd",
                  "ref": "P424891.4.287000",
                  "inst": "irnina[Lady]N",
                  "sig": "@blms%akk-x-stdbab:{d}IN.NIN=irnina[epithet for goddess//Lady]N'N$irnina",
                  "f": {
                    "lang": "akk-x-stdbab",
                    "form": "{d}IN.NIN",
                    "cf": "irnina",
                    "gw": "epithet for goddess",
                    "sense": "Lady",
                    "norm": "irnina",
                    "pos": "N",
                    "epos": "N"
                  }
                },
                {
                  "node": "l",
                  "frag": "be-let",
                  "id": "P424891.l00bbe",
                  "ref": "P424891.4.287001",
                  "inst": "bēlet[lady]N",
                  "sig": "@blms%akk-x-stdbab:be-let=bēltu[lady//lady]N'N$bēlet",
                  "f": {
                    "lang": "akk-x-stdbab",
                    "form": "be-let",
                    "cf": "bēltu",
                    "gw": "lady",
                    "sense": "lady",
                    "norm": "bēlet",
                    "pos": "N",
                    "epos": "N"
                  }
                },
                {
                  "node": "l",
                  "frag": "AN",
                  "id": "P424891.l00bbf",
                  "ref": "P424891.4.287002",
                  "inst": "šamê[heaven]N",
                  "sig": "@blms%akk-x-stdbab:AN=šamû[heaven//heaven]N'N$šamê",
                  "f": {
                    "lang": "akk-x-stdbab",
                    "form": "AN",
                    "cf": "šamû",
                    "gw": "heaven",
                    "sense": "heaven",
                    "norm": "šamê",
                    "pos": "N",
                    "epos": "N"
                  }
                },
                {
                  "node": "l",
                  "frag": "[...]",
                  "id": "P424891.l00bc0",
                  "ref": "P424891.4.287003",
                  "inst": "u",
                  "f": {
                    "lang": "akk-x-stdbab",
                    "form": "x",
                    "pos": "u"
                  }
                },
                {
                  "node": "d",
                  "type": "line-start",
                  "ref": "P424891.5"
                },
                {
                  "node": "d",
                  "type": "line-start",
                  "ref": "P424891.5l",
                  "n": "3'",
                  "label": "o 3'"
                },
                {
                  "node": "l",
                  "frag": "nin",
                  "id": "P424891.l00bc1",
                  "ref": "P424891.5.1",
                  "inst": "nin[lady]N",
                  "sig": "@blms%sux:nin=nin[lady//lady]N'N$nin/nin#~",
                  "f": {
                    "lang": "sux",
                    "form": "nin",
                    "cf": "nin",
                    "gw": "lady",
                    "sense": "lady",
                    "norm0": "nin",
                    "pos": "N",
                    "epos": "N",
                    "base": "nin",
                    "morph": "~"
                  }
                },
                {
                  "node": "l",
                  "frag": "mah",
                  "id": "P424891.l00bc2",
                  "ref": "P424891.5.2",
                  "inst": "mah[(to be) great]V/i",
                  "sig": "@blms%sux:mah=mah[great//(to be) great]V/i'V/i$mah/mah#~",
                  "f": {
                    "lang": "sux",
                    "form": "mah",
                    "cf": "mah",
                    "gw": "great",
                    "sense": "(to be) great",
                    "norm0": "mah",
                    "pos": "V/i",
                    "epos": "V/i",
                    "base": "mah",
                    "morph": "~"
                  }
                },
                {
                  "node": "l",
                  "frag": "e-ne-eŋ₃-ŋa₂",
                  "id": "P424891.l00bc3",
                  "ref": "P424891.5.3",
                  "inst": "eneŋ[command]",
                  "sig": "@blms%sux-x-emesal:e-ne-eŋ₃-ŋa₂=eneŋ[word//command]N'N$eneŋ,ak/e-ne-eŋ₃#~,ak",
                  "f": {
                    "lang": "sux-x-emesal",
                    "form": "e-ne-eŋ₃-ŋa₂",
                    "cf": "eneŋ",
                    "gw": "word",
                    "sense": "command",
                    "norm0": "eneŋ,ak",
                    "pos": "N",
                    "epos": "N",
                    "base": "e-ne-eŋ₃",
                    "morph": "~,ak"
                  }
                },
                {
                  "node": "l",
                  "frag": "⸢nu⸣-[...]",
                  "id": "P424891.l00bc4",
                  "ref": "P424891.5.4",
                  "inst": "u",
                  "f": {
                    "lang": "sux-x-emesal",
                    "form": "nu-x",
                    "pos": "u"
                  }
                },
                {
                  "node": "d",
                  "type": "line-start",
                  "ref": ""
                },
                {
                  "node": "l",
                  "frag": "ru-ba-a-tu₂",
                  "id": "P424891.l00bc5",
                  "ref": "P424891.5.288000",
                  "inst": "+rubātu[princess]N$",
                  "sig": "@blms%akk-x-stdbab:ru-ba-a-tu₂=rubātu[princess//princess]N'N$rubātu",
                  "f": {
                    "lang": "akk-x-stdbab",
                    "form": "ru-ba-a-tu₂",
                    "cf": "rubātu",
                    "gw": "princess",
                    "sense": "princess",
                    "norm": "rubātu",
                    "pos": "N",
                    "epos": "N"
                  }
                },
                {
                  "node": "l",
                  "frag": "ṣir-tu₂",
                  "id": "P424891.l00bc6",
                  "ref": "P424891.5.288001",
                  "inst": "ṣīrtu[exalted]AJ",
                  "sig": "@blms%akk-x-stdbab:ṣir-tu₂=ṣīru[exalted//exalted]AJ'AJ$ṣīrtu",
                  "f": {
                    "lang": "akk-x-stdbab",
                    "form": "ṣir-tu₂",
                    "cf": "ṣīru",
                    "gw": "exalted",
                    "sense": "exalted",
                    "norm": "ṣīrtu",
                    "pos": "AJ",
                    "epos": "AJ"
                  }
                },
                {
                  "node": "l",
                  "frag": "ša₂",
                  "id": "P424891.l00bc7",
                  "ref": "P424891.5.288002",
                  "inst": "ša[who]REL",
                  "sig": "@blms%akk-x-stdbab:ša₂=ša[that//who]REL'REL$ša",
                  "f": {
                    "lang": "akk-x-stdbab",
                    "form": "ša₂",
                    "cf": "ša",
                    "gw": "that",
                    "sense": "who",
                    "norm": "ša",
                    "pos": "REL",
                    "epos": "REL"
                  }
                },
                {
                  "node": "l",
                  "frag": "a-mat-sa",
                  "id": "P424891.l00bc8",
                  "ref": "P424891.5.288003",
                  "inst": "amātsa[word]N",
                  "sig": "@blms%akk-x-stdbab:a-mat-sa=awātu[word//word]N'N$amātsa",
                  "f": {
                    "lang": "akk-x-stdbab",
                    "form": "a-mat-sa",
                    "cf": "awātu",
                    "gw": "word",
                    "sense": "word",
                    "norm": "amātsa",
                    "pos": "N",
                    "epos": "N"
                  }
                },
                {
                  "node": "l",
                  "frag": "⸢la₃⸣",
                  "id": "P424891.l00bc9",
                  "ref": "P424891.5.288004",
                  "inst": "lā[not]MOD",
                  "sig": "@blms%akk-x-stdbab:la₃=lā[not//not]MOD'MOD$lā",
                  "f": {
                    "lang": "akk-x-stdbab",
                    "form": "la₃",
                    "cf": "lā",
                    "gw": "not",
                    "sense": "not",
                    "norm": "lā",
                    "pos": "MOD",
                    "epos": "MOD"
                  }
                },
                {
                  "node": "l",
                  "frag": "[...]",
                  "id": "P424891.l00bca",
                  "ref": "P424891.5.288005",
                  "inst": "u",
                  "f": {
                    "lang": "akk-x-stdbab",
                    "form": "x",
                    "pos": "u"
                  }
                },
                {
                  "node": "d",
                  "type": "line-start",
                  "ref": "P424891.6"
                },
                {
                  "node": "d",
                  "type": "line-start",
                  "ref": "P424891.6l",
                  "n": "4'",
                  "label": "o 4'"
                },
                {
                  "node": "l",
                  "frag": "⸢dumu⸣",
                  "id": "P424891.l00bcb",
                  "ref": "P424891.6.1",
                  "inst": "dumu[child, son, daughter]N",
                  "sig": "@blms%sux:dumu=dumu[child//child, son, daughter]N'N$dumu/dumu#~",
                  "f": {
                    "lang": "sux",
                    "form": "dumu",
                    "cf": "dumu",
                    "gw": "child",
                    "sense": "child, son, daughter",
                    "norm0": "dumu",
                    "pos": "N",
                    "epos": "N",
                    "base": "dumu",
                    "morph": "~"
                  }
                },
                {
                  "node": "l",
                  "frag": "{d}suen-na",
                  "id": "P424891.l00bcc",
                  "ref": "P424891.6.2",
                  "inst": "Suen[1]DN",
                  "sig": "@blms%sux:{d}suen-na=Suen[1//1]DN'DN$Suen,ak/{d}suen#~,ak",
                  "f": {
                    "lang": "sux",
                    "form": "{d}suen-na",
                    "cf": "Suen",
                    "gw": "1",
                    "sense": "1",
                    "norm0": "Suen,ak",
                    "pos": "DN",
                    "epos": "DN",
                    "base": "{d}suen",
                    "morph": "~,ak"
                  }
                },
                {
                  "node": "l",
                  "frag": "e-ne-eŋ₃-ŋa₂",
                  "id": "P424891.l00bcd",
                  "ref": "P424891.6.3",
                  "inst": "eneŋ[command]",
                  "sig": "@blms%sux-x-emesal:e-ne-eŋ₃-ŋa₂=eneŋ[word//command]N'N$eneŋ,ak/e-ne-eŋ₃#~,ak",
                  "f": {
                    "lang": "sux-x-emesal",
                    "form": "e-ne-eŋ₃-ŋa₂",
                    "cf": "eneŋ",
                    "gw": "word",
                    "sense": "command",
                    "norm0": "eneŋ,ak",
                    "pos": "N",
                    "epos": "N",
                    "base": "e-ne-eŋ₃",
                    "morph": "~,ak"
                  }
                },
                {
                  "node": "l",
                  "frag": "x",
                  "id": "P424891.l00bce",
                  "ref": "P424891.6.4",
                  "inst": "u",
                  "f": {
                    "lang": "sux-x-emesal",
                    "form": "x",
                    "pos": "u"
                  }
                },
                {
                  "node": "l",
                  "frag": "[...]",
                  "id": "P424891.l00bcf",
                  "ref": "P424891.6.5",
                  "inst": "u",
                  "f": {
                    "lang": "sux-x-emesal",
                    "form": "x",
                    "pos": "u"
                  }
                },
                {
                  "node": "d",
                  "type": "line-start",
                  "ref": ""
                },
                {
                  "node": "l",
                  "frag": "ma-rat",
                  "id": "P424891.l00bd0",
                  "ref": "P424891.6.289000",
                  "inst": "mārat[daughter]N",
                  "sig": "@blms%akk-x-stdbab:ma-rat=mārtu[daughter//daughter]N'N$mārat",
                  "f": {
                    "lang": "akk-x-stdbab",
                    "form": "ma-rat",
                    "cf": "mārtu",
                    "gw": "daughter",
                    "sense": "daughter",
                    "norm": "mārat",
                    "pos": "N",
                    "epos": "N"
                  }
                },
                {
                  "node": "l",
                  "frag": "{d}30",
                  "id": "P424891.l00bd1",
                  "ref": "P424891.6.289001",
                  "inst": "Sin[1]DN",
                  "sig": "@blms%akk-x-stdbab:{d}30=Sin[1//1]DN'DN$Sin",
                  "f": {
                    "lang": "akk-x-stdbab",
                    "form": "{d}30",
                    "cf": "Sin",
                    "gw": "1",
                    "sense": "1",
                    "norm": "Sin",
                    "pos": "DN",
                    "epos": "DN"
                  }
                },
                {
                  "node": "l",
                  "frag": "ša₂",
                  "id": "P424891.l00bd2",
                  "ref": "P424891.6.289002",
                  "inst": "ša[of]DET",
                  "sig": "@blms%akk-x-stdbab:ša₂=ša[of//of]DET'DET$ša",
                  "f": {
                    "lang": "akk-x-stdbab",
                    "form": "ša₂",
                    "cf": "ša",
                    "gw": "of",
                    "sense": "of",
                    "norm": "ša",
                    "pos": "DET",
                    "epos": "DET"
                  }
                },
                {
                  "node": "l",
                  "frag": "a-⸢mat-sa⸣",
                  "id": "P424891.l00bd3",
                  "ref": "P424891.6.289003",
                  "inst": "amātsa[word]N",
                  "sig": "@blms%akk-x-stdbab:a-mat-sa=awātu[word//word]N'N$amātsa",
                  "f": {
                    "lang": "akk-x-stdbab",
                    "form": "a-mat-sa",
                    "cf": "awātu",
                    "gw": "word",
                    "sense": "word",
                    "norm": "amātsa",
                    "pos": "N",
                    "epos": "N"
                  }
                },
                {
                  "node": "l",
                  "frag": "x",
                  "id": "P424891.l00bd4",
                  "ref": "P424891.6.289004",
                  "inst": "u",
                  "f": {
                    "lang": "akk-x-stdbab",
                    "form": "x",
                    "pos": "u"
                  }
                },
                {
                  "node": "l",
                  "frag": "[...]",
                  "id": "P424891.l00bd5",
                  "ref": "P424891.6.289005",
                  "inst": "u",
                  "f": {
                    "lang": "akk-x-stdbab",
                    "form": "x",
                    "pos": "u"
                  }
                },
                {
                  "node": "d",
                  "type": "line-start",
                  "ref": "P424891.7"
                },
                {
                  "node": "d",
                  "type": "line-start",
                  "ref": "P424891.7l",
                  "n": "5'",
                  "label": "o 5'"
                },
                {
                  "node": "l",
                  "frag": "{⸢d}in⸣-nin",
                  "id": "P424891.l00bd6",
                  "ref": "P424891.7.1",
                  "inst": "innin[lady]N",
                  "sig": "@blms%sux:{d}in-nin=innin[lady//lady]N'N$innin/{d}in-nin#~",
                  "f": {
                    "lang": "sux",
                    "form": "{d}in-nin",
                    "cf": "innin",
                    "gw": "lady",
                    "sense": "lady",
                    "norm0": "innin",
                    "pos": "N",
                    "epos": "N",
                    "base": "{d}in-nin",
                    "morph": "~"
                  }
                },
                {
                  "node": "l",
                  "frag": "gašan",
                  "id": "P424891.l00bd7",
                  "ref": "P424891.7.2",
                  "inst": "gašan[lady]N",
                  "sig": "@blms%sux-x-emesal:gašan=gašan[lady//lady]N'N$gašan/gašan#~",
                  "f": {
                    "lang": "sux-x-emesal",
                    "form": "gašan",
                    "cf": "gašan",
                    "gw": "lady",
                    "sense": "lady",
                    "norm0": "gašan",
                    "pos": "N",
                    "epos": "N",
                    "base": "gašan",
                    "morph": "~"
                  }
                },
                {
                  "node": "l",
                  "frag": "⸢me₃⸣",
                  "id": "P424891.l00bd8",
                  "ref": "P424891.7.3",
                  "inst": "me[battle]N",
                  "sig": "@blms%sux:me₃=me[battle//battle]N'N$me/me₃#~",
                  "f": {
                    "lang": "sux",
                    "form": "me₃",
                    "cf": "me",
                    "gw": "battle",
                    "sense": "battle",
                    "norm0": "me",
                    "pos": "N",
                    "epos": "N",
                    "base": "me₃",
                    "morph": "~"
                  }
                },
                {
                  "node": "l",
                  "frag": "[...]",
                  "id": "P424891.l00bd9",
                  "ref": "P424891.7.4",
                  "inst": "u",
                  "f": {
                    "lang": "sux",
                    "form": "x",
                    "pos": "u"
                  }
                },
                {
                  "node": "d",
                  "type": "line-start",
                  "ref": ""
                },
                {
                  "node": "l",
                  "frag": "{[d}{<MIN(IN.NIN])>}",
                  "id": "P424891.l00bda",
                  "ref": "P424891.7.290000",
                  "inst": "irnina[Lady]N",
                  "sig": "@blms%akk-x-stdbab:{d}IN.NIN=irnina[epithet for goddess//Lady]N'N$irnina",
                  "f": {
                    "lang": "akk-x-stdbab",
                    "form": "{d}IN.NIN",
                    "cf": "irnina",
                    "gw": "epithet for goddess",
                    "sense": "Lady",
                    "norm": "irnina",
                    "pos": "N",
                    "epos": "N"
                  }
                },
                {
                  "node": "l",
                  "frag": "⸢be⸣-let",
                  "id": "P424891.l00bdb",
                  "ref": "P424891.7.290001",
                  "inst": "bēlet[lady]N",
                  "sig": "@blms%akk-x-stdbab:be-let=bēltu[lady//lady]N'N$bēlet",
                  "f": {
                    "lang": "akk-x-stdbab",
                    "form": "be-let",
                    "cf": "bēltu",
                    "gw": "lady",
                    "sense": "lady",
                    "norm": "bēlet",
                    "pos": "N",
                    "epos": "N"
                  }
                },
                {
                  "node": "l",
                  "frag": "⸢qab-li₂⸣",
                  "id": "P424891.l00bdc",
                  "ref": "P424891.7.290002",
                  "inst": "+qablu[battle]N$qabli",
                  "sig": "@blms%akk-x-stdbab:qab-li₂=qablu[battle//battle]N'N$qabli",
                  "f": {
                    "lang": "akk-x-stdbab",
                    "form": "qab-li₂",
                    "cf": "qablu",
                    "gw": "battle",
                    "sense": "battle",
                    "norm": "qabli",
                    "pos": "N",
                    "epos": "N"
                  }
                },
                {
                  "node": "l",
                  "frag": "[...]",
                  "id": "P424891.l00bdd",
                  "ref": "P424891.7.290003",
                  "inst": "u",
                  "f": {
                    "lang": "akk-x-stdbab",
                    "form": "x",
                    "pos": "u"
                  }
                },
                {
                  "node": "d",
                  "type": "nonx",
                  "ref": "P424891.8",
                  "strict": "0",
                  "state": "missing"
                },
                {
                  "node": "d",
                  "subtype": "reverse",
                  "type": "reverse",
                  "ref": "P424891.r.9",
                  "label": "r"
                },
                {
                  "node": "d",
                  "type": "nonx",
                  "ref": "P424891.10",
                  "strict": "0",
                  "state": "missing"
                }
              ]
            }
          ]
        }
      ]
    }
  ]
}
