{
  "type": "cdl",
  "source": "http://oracc.org/blms",
  "license": "This data is released under the CC0 license",
  "license-url": "https://creativecommons.org/publicdomain/zero/1.0/",
  "more-info": "http://oracc.org/doc/opendata/",
  "UTC-timestamp": "2017-06-09T23:17:57",
  "project": "blms",
  "textid": "P452402",
  "cdl": [
    {
      "node": "c",
      "type": "text",
      "id": "P452402.U0",
      "cdl": [
        {
          "node": "d",
          "type": "object",
          "ref": ""
        },
        {
          "node": "d",
          "subtype": "obverse",
          "type": "obverse",
          "ref": "P452402.o.1",
          "label": "o"
        },
        {
          "node": "d",
          "type": "nonx",
          "ref": "P452402.2",
          "strict": "0",
          "state": "missing"
        },
        {
          "node": "c",
          "type": "discourse",
          "subtype": "body",
          "id": "P452402.U1",
          "cdl": [
            {
              "node": "c",
              "type": "sentence",
              "id": "P452402.U2",
              "label": "o 1' - o 6'",
              "cdl": [
                {
                  "node": "d",
                  "type": "line-start",
                  "ref": "P452402.3",
                  "n": "1'",
                  "label": "o 1'"
                },
                {
                  "node": "l",
                  "frag": "[...]",
                  "id": "P452402.l045b9",
                  "ref": "P452402.3.1",
                  "inst": "u",
                  "f": {
                    "lang": "sux",
                    "form": "x",
                    "pos": "u"
                  }
                },
                {
                  "node": "l",
                  "frag": "⸢x",
                  "id": "P452402.l045ba",
                  "ref": "P452402.3.2",
                  "inst": "u",
                  "f": {
                    "lang": "sux",
                    "form": "x",
                    "pos": "u"
                  }
                },
                {
                  "node": "l",
                  "frag": "x",
                  "id": "P452402.l045bb",
                  "ref": "P452402.3.3",
                  "inst": "u",
                  "f": {
                    "lang": "sux",
                    "form": "x",
                    "pos": "u"
                  }
                },
                {
                  "node": "l",
                  "frag": "x⸣",
                  "id": "P452402.l045bc",
                  "ref": "P452402.3.4",
                  "inst": "u",
                  "f": {
                    "lang": "sux",
                    "form": "x",
                    "pos": "u"
                  }
                },
                {
                  "node": "l",
                  "frag": "[...]",
                  "id": "P452402.l045bd",
                  "ref": "P452402.3.5",
                  "inst": "u",
                  "f": {
                    "lang": "sux",
                    "form": "x",
                    "pos": "u"
                  }
                },
                {
                  "node": "d",
                  "type": "line-start",
                  "ref": "P452402.4"
                },
                {
                  "node": "d",
                  "type": "line-start",
                  "ref": "P452402.4l",
                  "n": "2'",
                  "label": "o 2'"
                },
                {
                  "node": "l",
                  "frag": "[...]{⸢ki}",
                  "id": "P452402.l045be",
                  "ref": "P452402.4.1",
                  "inst": "u",
                  "f": {
                    "lang": "sux",
                    "form": "x{ki}",
                    "pos": "u"
                  }
                },
                {
                  "node": "l",
                  "frag": "dul⸣-la",
                  "id": "P452402.l045bf",
                  "ref": "P452402.4.2",
                  "inst": "dul[cover]",
                  "sig": "@blms%sux:dul-la=dul[cover//cover]V/t'V/t$dul;a/dul+-la=l.a#~;a",
                  "f": {
                    "lang": "sux",
                    "form": "dul-la",
                    "cf": "dul",
                    "gw": "cover",
                    "sense": "cover",
                    "norm0": "dul;a",
                    "pos": "V/t",
                    "epos": "V/t",
                    "base": "dul",
                    "cont": "-la=l.a",
                    "morph": "~;a"
                  }
                },
                {
                  "node": "l",
                  "frag": "an-ta",
                  "id": "P452402.l045c0",
                  "ref": "P452402.4.3",
                  "inst": "anta[source language]",
                  "sig": "@blms%sux:an-ta=anta[upper//source language]AJ'AJ$anta/an-ta#~",
                  "f": {
                    "lang": "sux",
                    "form": "an-ta",
                    "cf": "anta",
                    "gw": "upper",
                    "sense": "source language",
                    "norm0": "anta",
                    "pos": "AJ",
                    "epos": "AJ",
                    "base": "an-ta",
                    "morph": "~"
                  }
                },
                {
                  "node": "l",
                  "frag": "igi",
                  "id": "P452402.l045c1",
                  "ref": "P452402.4.4",
                  "inst": "igi[eye]",
                  "sig": "@blms%sux:igi=igi[eye//eye]N'N$igi/igi#~",
                  "f": {
                    "lang": "sux",
                    "form": "igi",
                    "cf": "igi",
                    "gw": "eye",
                    "sense": "eye",
                    "norm0": "igi",
                    "pos": "N",
                    "epos": "N",
                    "base": "igi",
                    "morph": "~"
                  }
                },
                {
                  "node": "l",
                  "frag": "duh-a",
                  "id": "P452402.l045c2",
                  "ref": "P452402.4.5",
                  "inst": "duh[loosen]",
                  "sig": "@blms%sux:duh-a=duh[loosen//loosen]V/t'V/t$duh;a/duh#~;a",
                  "f": {
                    "lang": "sux",
                    "form": "duh-a",
                    "cf": "duh",
                    "gw": "loosen",
                    "sense": "loosen",
                    "norm0": "duh;a",
                    "pos": "V/t",
                    "epos": "V/t",
                    "base": "duh",
                    "morph": "~;a"
                  }
                },
                {
                  "node": "l",
                  "frag": "⸢ki⸣-[...]",
                  "id": "P452402.l045c3",
                  "ref": "P452402.4.6",
                  "inst": "u",
                  "f": {
                    "lang": "sux",
                    "form": "ki-x",
                    "pos": "u"
                  }
                },
                {
                  "node": "d",
                  "type": "line-start",
                  "ref": ""
                },
                {
                  "node": "l",
                  "frag": "[...]",
                  "id": "P452402.l045c4",
                  "ref": "P452402.4.1183000",
                  "inst": "u",
                  "f": {
                    "lang": "akk-x-stdbab",
                    "form": "x",
                    "pos": "u"
                  }
                },
                {
                  "node": "l",
                  "frag": "⸢le⸣-ʾ-e",
                  "id": "P452402.l045c5",
                  "ref": "P452402.4.1183001",
                  "inst": "lēʾu[writing board]N$lēʾe",
                  "sig": "@blms%akk-x-stdbab:le-ʾ-e=lēʾu[writing board//writing board]N'N$lēʾe",
                  "f": {
                    "lang": "akk-x-stdbab",
                    "form": "le-ʾ-e",
                    "cf": "lēʾu",
                    "gw": "writing board",
                    "sense": "writing board",
                    "norm": "lēʾe",
                    "pos": "N",
                    "epos": "N"
                  }
                },
                {
                  "node": "l",
                  "frag": "ṭup-šar-ru-⸢u₂⸣-[ti",
                  "id": "P452402.l045c6",
                  "ref": "P452402.4.1183002",
                  "inst": "ṭupšarrūti[scribal art]N",
                  "sig": "@blms%akk-x-stdbab:ṭup-šar-ru-u₂-ti=ṭupšarrūtu[scribal art//scribal art]N'N$ṭupšarrūti",
                  "f": {
                    "lang": "akk-x-stdbab",
                    "form": "ṭup-šar-ru-u₂-ti",
                    "cf": "ṭupšarrūtu",
                    "gw": "scribal art",
                    "sense": "scribal art",
                    "norm": "ṭupšarrūti",
                    "pos": "N",
                    "epos": "N"
                  }
                },
                {
                  "node": "l",
                  "frag": "...]",
                  "id": "P452402.l045c7",
                  "ref": "P452402.4.1183003",
                  "inst": "u",
                  "f": {
                    "lang": "akk-x-stdbab",
                    "form": "x",
                    "pos": "u"
                  }
                },
                {
                  "node": "d",
                  "type": "line-start",
                  "ref": ""
                },
                {
                  "node": "l",
                  "frag": "[...]",
                  "id": "P452402.l045c8",
                  "ref": "P452402.4.1184000",
                  "inst": "u",
                  "f": {
                    "lang": "akk-x-stdbab",
                    "form": "x",
                    "pos": "u"
                  }
                },
                {
                  "node": "l",
                  "frag": "⸢ak⸣-ka-da-a",
                  "id": "P452402.l045c9",
                  "ref": "P452402.4.1184001",
                  "inst": "akkadâ[Akkadian language]N",
                  "sig": "@blms%akk-x-stdbab:ak-ka-da-a=Akkadû[from Akkade//Akkadian language]EN'N$akkadâ",
                  "f": {
                    "lang": "akk-x-stdbab",
                    "form": "ak-ka-da-a",
                    "cf": "Akkadû",
                    "gw": "from Akkade",
                    "sense": "Akkadian language",
                    "norm": "akkadâ",
                    "pos": "EN",
                    "epos": "N"
                  }
                },
                {
                  "node": "l",
                  "frag": "a-ra-mu",
                  "id": "P452402.l045ca",
                  "ref": "P452402.4.1184002",
                  "inst": "arāmu[cover//covering]V'N$",
                  "sig": "@blms%akk-x-stdbab:a-ra-mu=arāmu[cover//covering]V'N$arāmu",
                  "f": {
                    "lang": "akk-x-stdbab",
                    "form": "a-ra-mu",
                    "cf": "arāmu",
                    "gw": "cover",
                    "sense": "covering",
                    "norm": "arāmu",
                    "pos": "V",
                    "epos": "N"
                  }
                },
                {
                  "node": "l",
                  "frag": "e-la-a",
                  "id": "P452402.l045cb",
                  "ref": "P452402.4.1184003",
                  "inst": "elû[upper one]N$elâ",
                  "sig": "@blms%akk-x-stdbab:e-la-a=elû[upper one//upper one]N'N$elâ",
                  "f": {
                    "lang": "akk-x-stdbab",
                    "form": "e-la-a",
                    "cf": "elû",
                    "gw": "upper one",
                    "sense": "upper one",
                    "norm": "elâ",
                    "pos": "N",
                    "epos": "N"
                  }
                },
                {
                  "node": "l",
                  "frag": "a-ma-⸢ru⸣",
                  "id": "P452402.l045cc",
                  "ref": "P452402.4.1184004",
                  "inst": "amāru[see//seeing]V'N$",
                  "sig": "@blms%akk-x-stdbab:a-ma-ru=amāru[see//seeing]V'N$amāru",
                  "f": {
                    "lang": "akk-x-stdbab",
                    "form": "a-ma-ru",
                    "cf": "amāru",
                    "gw": "see",
                    "sense": "seeing",
                    "norm": "amāru",
                    "pos": "V",
                    "epos": "N"
                  }
                },
                {
                  "node": "l",
                  "frag": "[...]",
                  "id": "P452402.l045cd",
                  "ref": "P452402.4.1184005",
                  "inst": "u",
                  "f": {
                    "lang": "akk-x-stdbab",
                    "form": "x",
                    "pos": "u"
                  }
                },
                {
                  "node": "d",
                  "type": "nonx",
                  "ref": "P452402.5",
                  "strict": "1",
                  "extent": "1",
                  "scope": "line",
                  "state": "ruling"
                },
                {
                  "node": "d",
                  "type": "line-start",
                  "ref": "P452402.6"
                },
                {
                  "node": "d",
                  "type": "line-start",
                  "ref": "P452402.6l",
                  "n": "3'",
                  "label": "o 3'"
                },
                {
                  "node": "l",
                  "frag": "[...]",
                  "id": "P452402.l045ce",
                  "ref": "P452402.6.1",
                  "inst": "u",
                  "f": {
                    "lang": "sux",
                    "form": "x",
                    "pos": "u"
                  }
                },
                {
                  "node": "l",
                  "frag": "si-sa₂",
                  "id": "P452402.l045cf",
                  "ref": "P452402.6.2",
                  "inst": "sisa[fair]",
                  "sig": "@blms%sux:si-sa₂=sisa[fair//fair]AJ'AJ$sisa/si-sa₂#~",
                  "f": {
                    "lang": "sux",
                    "form": "si-sa₂",
                    "cf": "sisa",
                    "gw": "fair",
                    "sense": "fair",
                    "norm0": "sisa",
                    "pos": "AJ",
                    "epos": "AJ",
                    "base": "si-sa₂",
                    "morph": "~"
                  }
                },
                {
                  "node": "l",
                  "frag": "ti",
                  "id": "P452402.l045d0",
                  "ref": "P452402.6.3",
                  "inst": "ti[rib]",
                  "sig": "@blms%sux:ti=ti[rib//rib]N'N$ti/ti#~",
                  "f": {
                    "lang": "sux",
                    "form": "ti",
                    "cf": "ti",
                    "gw": "rib",
                    "sense": "rib",
                    "norm0": "ti",
                    "pos": "N",
                    "epos": "N",
                    "base": "ti",
                    "morph": "~"
                  }
                },
                {
                  "node": "l",
                  "frag": "bala",
                  "id": "P452402.l045d1",
                  "ref": "P452402.6.4",
                  "inst": "bala[to rotate, turn over, cross]",
                  "sig": "@blms%sux:bala=bala[turn//cross]V/t'V/t$bala/bala#~",
                  "f": {
                    "lang": "sux",
                    "form": "bala",
                    "cf": "bala",
                    "gw": "turn",
                    "sense": "cross",
                    "norm0": "bala",
                    "pos": "V/t",
                    "epos": "V/t",
                    "base": "bala",
                    "morph": "~"
                  }
                },
                {
                  "node": "l",
                  "frag": "sal-⸢la⸣",
                  "id": "P452402.l045d2",
                  "ref": "P452402.6.5",
                  "inst": "sal[thin]",
                  "sig": "@blms%sux:sal-la=sal[thin//thin]V/i'V/i$sal;a/sal+-la=l.a#~;a",
                  "f": {
                    "lang": "sux",
                    "form": "sal-la",
                    "cf": "sal",
                    "gw": "thin",
                    "sense": "thin",
                    "norm0": "sal;a",
                    "pos": "V/i",
                    "epos": "V/i",
                    "base": "sal",
                    "cont": "-la=l.a",
                    "morph": "~;a"
                  }
                },
                {
                  "node": "l",
                  "frag": "gu₃-šum₂",
                  "id": "P452402.l045d3",
                  "ref": "P452402.6.6",
                  "inst": "gušum[wedge//(cuneiform) wedge]",
                  "sig": "@blms%sux:gu₃-šum₂=gušum[wedge//(cuneiform) wedge]N'N$gušum/gu₃-šum₂#~",
                  "f": {
                    "lang": "sux",
                    "form": "gu₃-šum₂",
                    "cf": "gušum",
                    "gw": "wedge",
                    "sense": "(cuneiform) wedge",
                    "norm0": "gušum",
                    "pos": "N",
                    "epos": "N",
                    "base": "gu₃-šum₂",
                    "morph": "~"
                  }
                },
                {
                  "node": "l",
                  "frag": "til-⸢la⸣",
                  "id": "P452402.l045d4",
                  "ref": "P452402.6.7",
                  "inst": "til[complete]",
                  "sig": "@blms%sux:til-la=til[complete//complete]V/i'V/i$til;a/til+-la=l.a#~;a",
                  "f": {
                    "lang": "sux",
                    "form": "til-la",
                    "cf": "til",
                    "gw": "complete",
                    "sense": "complete",
                    "norm0": "til;a",
                    "pos": "V/i",
                    "epos": "V/i",
                    "base": "til",
                    "cont": "-la=l.a",
                    "morph": "~;a"
                  }
                },
                {
                  "node": "l",
                  "frag": "[...]",
                  "id": "P452402.l045d5",
                  "ref": "P452402.6.8",
                  "inst": "u",
                  "f": {
                    "lang": "sux",
                    "form": "x",
                    "pos": "u"
                  }
                },
                {
                  "node": "d",
                  "type": "line-start",
                  "ref": ""
                },
                {
                  "node": "l",
                  "frag": "[...]",
                  "id": "P452402.l045d6",
                  "ref": "P452402.6.1185000",
                  "inst": "u",
                  "f": {
                    "lang": "akk-x-stdbab",
                    "form": "x",
                    "pos": "u"
                  }
                },
                {
                  "node": "l",
                  "frag": "⸢i⸣-šar-ta",
                  "id": "P452402.l045d7",
                  "ref": "P452402.6.1185001",
                  "inst": "išaru[straight]AJ$išarta",
                  "sig": "@blms%akk-x-stdbab:i-šar-ta=išaru[straight//straight]AJ'AJ$išarta",
                  "f": {
                    "lang": "akk-x-stdbab",
                    "form": "i-šar-ta",
                    "cf": "išaru",
                    "gw": "straight",
                    "sense": "straight",
                    "norm": "išarta",
                    "pos": "AJ",
                    "epos": "AJ"
                  }
                },
                {
                  "node": "l",
                  "frag": "i-ni-ta",
                  "id": "P452402.l045d8",
                  "ref": "P452402.6.1185002",
                  "inst": "enû[changed]AJ$inīta",
                  "sig": "@blms%akk-x-stdbab:i-ni-ta=enû[overturned//changed]AJ'AJ$inīta",
                  "f": {
                    "lang": "akk-x-stdbab",
                    "form": "i-ni-ta",
                    "cf": "enû",
                    "gw": "overturned",
                    "sense": "changed",
                    "norm": "inīta",
                    "pos": "AJ",
                    "epos": "AJ"
                  }
                },
                {
                  "node": "l",
                  "frag": "ṣe-li-ta",
                  "id": "P452402.l045d9",
                  "ref": "P452402.6.1185003",
                  "inst": "ṣēlû[on its side]AJ$ṣēlīta",
                  "sig": "@blms%akk-x-stdbab:ṣe-li-ta=ṣēlû[on its side//on its side]AJ'AJ$ṣēlīta",
                  "f": {
                    "lang": "akk-x-stdbab",
                    "form": "ṣe-li-ta",
                    "cf": "ṣēlû",
                    "gw": "on its side",
                    "sense": "on its side",
                    "norm": "ṣēlīta",
                    "pos": "AJ",
                    "epos": "AJ"
                  }
                },
                {
                  "node": "l",
                  "frag": "raq-qa-⸢ta⸣",
                  "id": "P452402.l045da",
                  "ref": "P452402.6.1185004",
                  "inst": "raqqu[thin//thin]AJ'AJ$raqqata",
                  "sig": "@blms%akk-x-stdbab:raq-qa-ta=raqqu[thin//thin]AJ'AJ$raqqata",
                  "f": {
                    "lang": "akk-x-stdbab",
                    "form": "raq-qa-ta",
                    "cf": "raqqu",
                    "gw": "thin",
                    "sense": "thin",
                    "norm": "raqqata",
                    "pos": "AJ",
                    "epos": "AJ"
                  }
                },
                {
                  "node": "l",
                  "frag": "[...]",
                  "id": "P452402.l045db",
                  "ref": "P452402.6.1185005",
                  "inst": "u",
                  "f": {
                    "lang": "akk-x-stdbab",
                    "form": "x",
                    "pos": "u"
                  }
                },
                {
                  "node": "d",
                  "type": "nonx",
                  "ref": "P452402.7",
                  "strict": "1",
                  "extent": "1",
                  "scope": "line",
                  "state": "ruling"
                },
                {
                  "node": "d",
                  "type": "line-start",
                  "ref": "P452402.8"
                },
                {
                  "node": "d",
                  "type": "line-start",
                  "ref": "P452402.8l",
                  "n": "4'",
                  "label": "o 4'"
                },
                {
                  "node": "l",
                  "frag": "[...]",
                  "id": "P452402.l045dc",
                  "ref": "P452402.8.1",
                  "inst": "u",
                  "f": {
                    "lang": "sux",
                    "form": "x",
                    "pos": "u"
                  }
                },
                {
                  "node": "l",
                  "frag": "⸢eme⸣-ŋir₁₅",
                  "id": "P452402.l045dd",
                  "ref": "P452402.8.2",
                  "inst": "emeŋir[Sumerian language]",
                  "sig": "@blms%sux:eme-ŋir₁₅=emeŋir[Sumerian//the Sumerian language]N'N$emeŋir/eme-ŋir₁₅#~",
                  "f": {
                    "lang": "sux",
                    "form": "eme-ŋir₁₅",
                    "cf": "emeŋir",
                    "gw": "Sumerian",
                    "sense": "the Sumerian language",
                    "norm0": "emeŋir",
                    "pos": "N",
                    "epos": "N",
                    "base": "eme-ŋir₁₅",
                    "morph": "~"
                  }
                },
                {
                  "node": "l",
                  "frag": "niŋ₂",
                  "id": "P452402.l045de",
                  "ref": "P452402.8.3",
                  "inst": "niŋ[thing]",
                  "sig": "@blms%sux:niŋ₂=niŋ[thing//something]N'N$niŋ/niŋ₂#~",
                  "f": {
                    "lang": "sux",
                    "form": "niŋ₂",
                    "cf": "niŋ",
                    "gw": "thing",
                    "sense": "something",
                    "norm0": "niŋ",
                    "pos": "N",
                    "epos": "N",
                    "base": "niŋ₂",
                    "morph": "~"
                  }
                },
                {
                  "node": "l",
                  "frag": "sig₁₀-ga",
                  "id": "P452402.l045df",
                  "ref": "P452402.8.4",
                  "inst": "sig[place]",
                  "sig": "@blms%sux:sig₁₀-ga=sig[put//place]V/t'V/t$sig;a/sig₁₀+-ga=g.a#~;a",
                  "f": {
                    "lang": "sux",
                    "form": "sig₁₀-ga",
                    "cf": "sig",
                    "gw": "put",
                    "sense": "place",
                    "norm0": "sig;a",
                    "pos": "V/t",
                    "epos": "V/t",
                    "base": "sig₁₀",
                    "cont": "-ga=g.a",
                    "morph": "~;a"
                  }
                },
                {
                  "node": "l",
                  "frag": "eme",
                  "id": "P452402.l045e0",
                  "ref": "P452402.8.5",
                  "inst": "eme[language]",
                  "sig": "@blms%sux:eme=eme[tongue//language]N'N$eme/eme#~",
                  "f": {
                    "lang": "sux",
                    "form": "eme",
                    "cf": "eme",
                    "gw": "tongue",
                    "sense": "language",
                    "norm0": "eme",
                    "pos": "N",
                    "epos": "N",
                    "base": "eme",
                    "morph": "~"
                  }
                },
                {
                  "node": "l",
                  "frag": "[uri{ki}",
                  "id": "P452402.l045e1",
                  "ref": "P452402.8.6",
                  "inst": "Uri[Akkad]GN",
                  "sig": "@blms%sux:uri{ki}=Uri[Akkad//Akkad]GN'GN$Uri/uri{ki}#~",
                  "f": {
                    "lang": "sux",
                    "form": "uri{ki}",
                    "cf": "Uri",
                    "gw": "Akkad",
                    "sense": "Akkad",
                    "norm0": "Uri",
                    "pos": "GN",
                    "epos": "GN",
                    "base": "uri{ki}",
                    "morph": "~"
                  }
                },
                {
                  "node": "l",
                  "frag": "...]",
                  "id": "P452402.l045e2",
                  "ref": "P452402.8.7",
                  "inst": "u",
                  "f": {
                    "lang": "sux",
                    "form": "x",
                    "pos": "u"
                  }
                },
                {
                  "node": "d",
                  "type": "line-start",
                  "ref": ""
                },
                {
                  "node": "l",
                  "frag": "[...]",
                  "id": "P452402.l045e3",
                  "ref": "P452402.8.1186000",
                  "inst": "u",
                  "f": {
                    "lang": "akk-x-stdbab",
                    "form": "x",
                    "pos": "u"
                  }
                },
                {
                  "node": "l",
                  "frag": "⸢li⸣-ša₂-an",
                  "id": "P452402.l045e4",
                  "ref": "P452402.8.1186001",
                  "inst": "lišānu[tongue//language]N'N$lišān",
                  "sig": "@blms%akk-x-stdbab:li-ša₂-an=lišānu[tongue//language]N'N$lišān",
                  "f": {
                    "lang": "akk-x-stdbab",
                    "form": "li-ša₂-an",
                    "cf": "lišānu",
                    "gw": "tongue",
                    "sense": "language",
                    "norm": "lišān",
                    "pos": "N",
                    "epos": "N"
                  }
                },
                {
                  "node": "l",
                  "frag": "šu-me-ri",
                  "id": "P452402.l045e5",
                  "ref": "P452402.8.1186002",
                  "inst": "šumerû[Sumerian language]N$šumerî",
                  "sig": "@blms%akk-x-stdbab:šu-me-ri=šumerû[a Sumerian//Sumerian language]EN'N$šumerî",
                  "f": {
                    "lang": "akk-x-stdbab",
                    "form": "šu-me-ri",
                    "cf": "šumerû",
                    "gw": "a Sumerian",
                    "sense": "Sumerian language",
                    "norm": "šumerî",
                    "pos": "EN",
                    "epos": "N"
                  }
                },
                {
                  "node": "l",
                  "frag": "tam-šil",
                  "id": "P452402.l045e6",
                  "ref": "P452402.8.1186003",
                  "inst": "tamšīlu[image//equivalent]N'N$tamšīl",
                  "sig": "@blms%akk-x-stdbab:tam-šil=tamšīlu[image//equivalent]N'N$tamšīl",
                  "f": {
                    "lang": "akk-x-stdbab",
                    "form": "tam-šil",
                    "cf": "tamšīlu",
                    "gw": "image",
                    "sense": "equivalent",
                    "norm": "tamšīl",
                    "pos": "N",
                    "epos": "N"
                  }
                },
                {
                  "node": "l",
                  "frag": "ak-[...]",
                  "id": "P452402.l045e7",
                  "ref": "P452402.8.1186004",
                  "inst": "u",
                  "f": {
                    "lang": "akk-x-stdbab",
                    "form": "ak-x",
                    "pos": "u"
                  }
                },
                {
                  "node": "d",
                  "type": "nonx",
                  "ref": "P452402.9",
                  "strict": "1",
                  "extent": "1",
                  "scope": "line",
                  "state": "ruling"
                },
                {
                  "node": "d",
                  "type": "line-start",
                  "ref": "P452402.10"
                },
                {
                  "node": "d",
                  "type": "line-start",
                  "ref": "P452402.10l",
                  "n": "5'",
                  "label": "o 5'"
                },
                {
                  "node": "l",
                  "frag": "[...",
                  "id": "P452402.l045e8",
                  "ref": "P452402.10.1",
                  "inst": "u",
                  "f": {
                    "lang": "sux",
                    "form": "x",
                    "pos": "u"
                  }
                },
                {
                  "node": "l",
                  "frag": "eme",
                  "id": "P452402.l045e9",
                  "ref": "P452402.10.2",
                  "inst": "eme[language]",
                  "sig": "@blms%sux:eme=eme[tongue//language]N'N$eme/eme#~",
                  "f": {
                    "lang": "sux",
                    "form": "eme",
                    "cf": "eme",
                    "gw": "tongue",
                    "sense": "language",
                    "norm0": "eme",
                    "pos": "N",
                    "epos": "N",
                    "base": "eme",
                    "morph": "~"
                  }
                },
                {
                  "node": "l",
                  "frag": "nu]-⸢eš₃⸣",
                  "id": "P452402.l045ea",
                  "ref": "P452402.10.3",
                  "inst": "nuʾešak[a priest]",
                  "sig": "@blms%sux:nu-eš₃=nuʾešak[priest//a priest]N'N$nuʾešak/nu-eš₃#~",
                  "f": {
                    "lang": "sux",
                    "form": "nu-eš₃",
                    "cf": "nuʾešak",
                    "gw": "priest",
                    "sense": "a priest",
                    "norm0": "nuʾešak",
                    "pos": "N",
                    "epos": "N",
                    "base": "nu-eš₃",
                    "morph": "~"
                  }
                },
                {
                  "node": "l",
                  "frag": "eme",
                  "id": "P452402.l045eb",
                  "ref": "P452402.10.4",
                  "inst": "eme[language]",
                  "sig": "@blms%sux:eme=eme[tongue//language]N'N$eme/eme#~",
                  "f": {
                    "lang": "sux",
                    "form": "eme",
                    "cf": "eme",
                    "gw": "tongue",
                    "sense": "language",
                    "norm0": "eme",
                    "pos": "N",
                    "epos": "N",
                    "base": "eme",
                    "morph": "~"
                  }
                },
                {
                  "node": "l",
                  "frag": "išib",
                  "id": "P452402.l045ec",
                  "ref": "P452402.10.5",
                  "inst": "išib[incantation priest, exorcist]",
                  "sig": "@blms%sux:išib=išib[priest//incantation priest, exorcist]N'N$išib/išib#~",
                  "f": {
                    "lang": "sux",
                    "form": "išib",
                    "cf": "išib",
                    "gw": "priest",
                    "sense": "incantation priest, exorcist",
                    "norm0": "išib",
                    "pos": "N",
                    "epos": "N",
                    "base": "išib",
                    "morph": "~"
                  }
                },
                {
                  "node": "l",
                  "frag": "eme",
                  "id": "P452402.l045ed",
                  "ref": "P452402.10.6",
                  "inst": "eme[language]",
                  "sig": "@blms%sux:eme=eme[tongue//language]N'N$eme/eme#~",
                  "f": {
                    "lang": "sux",
                    "form": "eme",
                    "cf": "eme",
                    "gw": "tongue",
                    "sense": "language",
                    "norm0": "eme",
                    "pos": "N",
                    "epos": "N",
                    "base": "eme",
                    "morph": "~"
                  }
                },
                {
                  "node": "l",
                  "frag": "gudug",
                  "id": "P452402.l045ee",
                  "ref": "P452402.10.7",
                  "inst": "gudug[a priest]",
                  "sig": "@blms%sux:gudug=gudug[priest//a priest]N'N$gudug/gudug#~",
                  "f": {
                    "lang": "sux",
                    "form": "gudug",
                    "cf": "gudug",
                    "gw": "priest",
                    "sense": "a priest",
                    "norm0": "gudug",
                    "pos": "N",
                    "epos": "N",
                    "base": "gudug",
                    "morph": "~"
                  }
                },
                {
                  "node": "l",
                  "frag": "mu",
                  "id": "P452402.l045ef",
                  "ref": "P452402.10.8",
                  "inst": "mu[name//line of text]N'N$mu/mu#~",
                  "sig": "@blms%sux:mu=mu[name//line of text]N'N$mu/mu#~",
                  "f": {
                    "lang": "sux",
                    "form": "mu",
                    "cf": "mu",
                    "gw": "name",
                    "sense": "line of text",
                    "norm0": "mu",
                    "pos": "N",
                    "epos": "N",
                    "base": "mu",
                    "morph": "~"
                  }
                },
                {
                  "node": "l",
                  "frag": "[...]",
                  "id": "P452402.l045f0",
                  "ref": "P452402.10.9",
                  "inst": "u",
                  "f": {
                    "lang": "sux",
                    "form": "x",
                    "pos": "u"
                  }
                },
                {
                  "node": "d",
                  "type": "line-start",
                  "ref": ""
                },
                {
                  "node": "l",
                  "frag": "[...]",
                  "id": "P452402.l045f1",
                  "ref": "P452402.10.1187000",
                  "inst": "u",
                  "f": {
                    "lang": "akk-x-stdbab",
                    "form": "x",
                    "pos": "u"
                  }
                },
                {
                  "node": "l",
                  "frag": "⸢li⸣-ša₂-an",
                  "id": "P452402.l045f2",
                  "ref": "P452402.10.1187001",
                  "inst": "lišānu[tongue//language]N'N$lišān",
                  "sig": "@blms%akk-x-stdbab:li-ša₂-an=lišānu[tongue//language]N'N$lišān",
                  "f": {
                    "lang": "akk-x-stdbab",
                    "form": "li-ša₂-an",
                    "cf": "lišānu",
                    "gw": "tongue",
                    "sense": "language",
                    "norm": "lišān",
                    "pos": "N",
                    "epos": "N"
                  }
                },
                {
                  "node": "l",
                  "frag": "ne₂-šak-ku",
                  "id": "P452402.l045f3",
                  "ref": "P452402.10.1187002",
                  "inst": "nêšakku[(a priest)]N$",
                  "sig": "@blms%akk-x-stdbab:ne₂-šak-ku=nêšakku[(a priest)//(a priest)]N'N$nêšakku",
                  "f": {
                    "lang": "akk-x-stdbab",
                    "form": "ne₂-šak-ku",
                    "cf": "nêšakku",
                    "gw": "(a priest)",
                    "sense": "(a priest)",
                    "norm": "nêšakku",
                    "pos": "N",
                    "epos": "N"
                  }
                },
                {
                  "node": "l",
                  "frag": "li-ša₂-⸢an⸣",
                  "id": "P452402.l045f4",
                  "ref": "P452402.10.1187003",
                  "inst": "lišānu[tongue//language]N'N$lišān",
                  "sig": "@blms%akk-x-stdbab:li-ša₂-an=lišānu[tongue//language]N'N$lišān",
                  "f": {
                    "lang": "akk-x-stdbab",
                    "form": "li-ša₂-an",
                    "cf": "lišānu",
                    "gw": "tongue",
                    "sense": "language",
                    "norm": "lišān",
                    "pos": "N",
                    "epos": "N"
                  }
                },
                {
                  "node": "l",
                  "frag": "[...]",
                  "id": "P452402.l045f5",
                  "ref": "P452402.10.1187004",
                  "inst": "u",
                  "f": {
                    "lang": "akk-x-stdbab",
                    "form": "x",
                    "pos": "u"
                  }
                },
                {
                  "node": "d",
                  "type": "nonx",
                  "ref": "P452402.11",
                  "strict": "1",
                  "extent": "1",
                  "scope": "line",
                  "state": "ruling"
                },
                {
                  "node": "d",
                  "type": "line-start",
                  "ref": "P452402.12",
                  "n": "6'",
                  "label": "o 6'"
                },
                {
                  "node": "l",
                  "frag": "[...]",
                  "id": "P452402.l045f6",
                  "ref": "P452402.12.1",
                  "inst": "u",
                  "f": {
                    "lang": "sux",
                    "form": "x",
                    "pos": "u"
                  }
                },
                {
                  "node": "l",
                  "frag": "⸢šir₃⸣",
                  "id": "P452402.l045f7",
                  "ref": "P452402.12.2",
                  "inst": "šir[a song]",
                  "sig": "@blms%sux:šir₃=šir[song//a song]N'N$šir/šir₃#~",
                  "f": {
                    "lang": "sux",
                    "form": "šir₃",
                    "cf": "šir",
                    "gw": "song",
                    "sense": "a song",
                    "norm0": "šir",
                    "pos": "N",
                    "epos": "N",
                    "base": "šir₃",
                    "morph": "~"
                  }
                },
                {
                  "node": "l",
                  "frag": "[...]",
                  "id": "P452402.l045f8",
                  "ref": "P452402.12.3",
                  "inst": "u",
                  "f": {
                    "lang": "sux",
                    "form": "x",
                    "pos": "u"
                  }
                },
                {
                  "node": "l",
                  "frag": "⸢x⸣",
                  "id": "P452402.l045f9",
                  "ref": "P452402.12.4",
                  "inst": "u",
                  "f": {
                    "lang": "sux",
                    "form": "x",
                    "pos": "u"
                  }
                },
                {
                  "node": "l",
                  "frag": "[...]",
                  "id": "P452402.l045fa",
                  "ref": "P452402.12.5",
                  "inst": "u",
                  "f": {
                    "lang": "sux",
                    "form": "x",
                    "pos": "u"
                  }
                },
                {
                  "node": "l",
                  "frag": "⸢x⸣",
                  "id": "P452402.l045fb",
                  "ref": "P452402.12.6",
                  "inst": "u",
                  "f": {
                    "lang": "sux",
                    "form": "x",
                    "pos": "u"
                  }
                },
                {
                  "node": "l",
                  "frag": "[...]",
                  "id": "P452402.l045fc",
                  "ref": "P452402.12.7",
                  "inst": "u",
                  "f": {
                    "lang": "sux",
                    "form": "x",
                    "pos": "u"
                  }
                },
                {
                  "node": "d",
                  "type": "nonx",
                  "ref": "P452402.13",
                  "strict": "0",
                  "state": "missing"
                }
              ]
            }
          ]
        }
      ]
    }
  ]
}
