{
  "type": "cdl",
  "source": "http://oracc.org/blms",
  "license": "This data is released under the CC0 license",
  "license-url": "https://creativecommons.org/publicdomain/zero/1.0/",
  "more-info": "http://oracc.org/doc/opendata/",
  "UTC-timestamp": "2017-06-09T23:18:11",
  "project": "blms",
  "textid": "X000002",
  "cdl": [
    {
      "node": "c",
      "type": "text",
      "id": "X000002.U0",
      "cdl": [
        {
          "node": "d",
          "type": "object",
          "ref": ""
        },
        {
          "node": "d",
          "subtype": "obverse",
          "type": "obverse",
          "ref": "X000002.o.1",
          "label": "o"
        },
        {
          "node": "d",
          "type": "nonx",
          "ref": "X000002.2",
          "strict": "0",
          "state": "missing"
        },
        {
          "node": "c",
          "type": "discourse",
          "subtype": "body",
          "id": "X000002.U1",
          "cdl": [
            {
              "node": "c",
              "type": "sentence",
              "id": "X000002.U2",
              "label": "o 1' - o 12'",
              "cdl": [
                {
                  "node": "d",
                  "type": "line-start",
                  "ref": "X000002.3",
                  "n": "1'",
                  "label": "o 1'"
                },
                {
                  "node": "l",
                  "frag": "⸢šika-gin₇⸣",
                  "id": "X000002.l072cf",
                  "ref": "X000002.3.1",
                  "inst": "šika[sherd]N/šika#~,gin",
                  "sig": "@blms%sux:šika-gin₇=šika[sherd//sherd]N'N$šika,gin/šika#~,gin",
                  "f": {
                    "lang": "sux",
                    "form": "šika-gin₇",
                    "cf": "šika",
                    "gw": "sherd",
                    "sense": "sherd",
                    "norm0": "šika,gin",
                    "pos": "N",
                    "epos": "N",
                    "base": "šika",
                    "morph": "~,gin"
                  }
                },
                {
                  "node": "l",
                  "frag": "[...]",
                  "id": "X000002.l072d0",
                  "ref": "X000002.3.2",
                  "inst": "u",
                  "f": {
                    "lang": "sux",
                    "form": "x",
                    "pos": "u"
                  }
                },
                {
                  "node": "d",
                  "type": "line-start",
                  "ref": "X000002.4",
                  "n": "2'",
                  "label": "o 2'"
                },
                {
                  "node": "l",
                  "frag": "ur₃-⸢ra⸣",
                  "id": "X000002.l072d1",
                  "ref": "X000002.4.1",
                  "inst": "ur[roof]N/ur₃+-ra=r.a",
                  "sig": "@blms%sux:ur₃-ra=ur[roof//roof]N'N$ur,ak/ur₃+-ra=r.a#~,ak",
                  "f": {
                    "lang": "sux",
                    "form": "ur₃-ra",
                    "cf": "ur",
                    "gw": "roof",
                    "sense": "roof",
                    "norm0": "ur,ak",
                    "pos": "N",
                    "epos": "N",
                    "base": "ur₃",
                    "cont": "-ra=r.a",
                    "morph": "~,ak"
                  }
                },
                {
                  "node": "l",
                  "frag": "[i₃-bal-e]",
                  "id": "X000002.l072d2",
                  "ref": "X000002.4.2",
                  "inst": "bala[turn//to cross]V/t/bal",
                  "sig": "@blms%sux:i₃-bal-e=bala[turn//to cross]V/t'V/t$V:bala;e/bal#V:~;e",
                  "f": {
                    "lang": "sux",
                    "form": "i₃-bal-e",
                    "cf": "bala",
                    "gw": "turn",
                    "sense": "to cross",
                    "norm0": "V:bala;e",
                    "pos": "V/t",
                    "epos": "V/t",
                    "base": "bal",
                    "morph": "V:~;e"
                  }
                },
                {
                  "node": "d",
                  "type": "line-start",
                  "ref": "X000002.5",
                  "n": "3'",
                  "label": "o 3'"
                },
                {
                  "node": "l",
                  "frag": "pa-bi",
                  "id": "X000002.l072d3",
                  "ref": "X000002.5.1",
                  "inst": "pa[branch//wing]N'N/pa",
                  "sig": "@blms%sux:pa-bi=pa[branch//wing]N'N$pa,bi/pa#~,bi",
                  "f": {
                    "lang": "sux",
                    "form": "pa-bi",
                    "cf": "pa",
                    "gw": "branch",
                    "sense": "wing",
                    "norm0": "pa,bi",
                    "pos": "N",
                    "epos": "N",
                    "base": "pa",
                    "morph": "~,bi"
                  }
                },
                {
                  "node": "l",
                  "frag": "⸢kap-pa⸣-[šu",
                  "id": "X000002.l072d4",
                  "ref": "X000002.5.2",
                  "inst": "gappu[wing]N$kappašu",
                  "sig": "@blms%akk-x-stdbab:kap-pa-šu=gappu[wing//wing]N'N$kappašu",
                  "f": {
                    "lang": "akk-x-stdbab",
                    "form": "kap-pa-šu",
                    "cf": "gappu",
                    "gw": "wing",
                    "sense": "wing",
                    "norm": "kappašu",
                    "pos": "N",
                    "epos": "N"
                  }
                },
                {
                  "node": "l",
                  "frag": "...",
                  "id": "X000002.l072d5",
                  "ref": "X000002.5.3",
                  "inst": "u",
                  "f": {
                    "lang": "akk-x-stdbab",
                    "form": "x",
                    "pos": "u"
                  }
                },
                {
                  "node": "l",
                  "frag": "he₂-ni-ib₂-ku₅-ru-ne]",
                  "id": "X000002.l072d6",
                  "ref": "X000002.5.4",
                  "inst": "kud[cut]V/t/ku₅-r·u",
                  "sig": "@blms%sux:he₂-ni-ib₂-ku₅-ru-ne=kud[cut//cut]V/t'V/t$ha.V.ni.b:kud;e.ene/ku₅-r·u#ha.V.ni.b:~;e.ene",
                  "f": {
                    "lang": "sux",
                    "form": "he₂-ni-ib₂-ku₅-ru-ne",
                    "cf": "kud",
                    "gw": "cut",
                    "sense": "cut",
                    "norm0": "ha.V.ni.b:kud;e.ene",
                    "pos": "V/t",
                    "epos": "V/t",
                    "base": "ku₅-r·u",
                    "morph": "ha.V.ni.b:~;e.ene"
                  }
                },
                {
                  "node": "d",
                  "type": "line-start",
                  "ref": "X000002.6",
                  "n": "4'",
                  "label": "o 4'"
                },
                {
                  "node": "l",
                  "frag": "ab-ba-ti",
                  "id": "X000002.l072d7",
                  "ref": "X000002.6.1",
                  "inst": "ab[window]N/ab+-ba=b.a#~,ak.ta",
                  "sig": "@blms%sux:ab-ba-ti=ab[window//window]N'N$ab,ak.ta/ab+-ba=b.a#~,ak.ta",
                  "f": {
                    "lang": "sux",
                    "form": "ab-ba-ti",
                    "cf": "ab",
                    "gw": "window",
                    "sense": "window",
                    "norm0": "ab,ak.ta",
                    "pos": "N",
                    "epos": "N",
                    "base": "ab",
                    "cont": "-ba=b.a",
                    "morph": "~,ak.ta"
                  }
                },
                {
                  "node": "l",
                  "frag": "gu₂",
                  "id": "X000002.l072d8",
                  "ref": "X000002.6.2",
                  "inst": "gu[neck]N",
                  "sig": "@blms%sux:gu₂=gu[neck//neck]N'N$gu/gu₂#~",
                  "f": {
                    "lang": "sux",
                    "form": "gu₂",
                    "cf": "gu",
                    "gw": "neck",
                    "sense": "neck",
                    "norm0": "gu",
                    "pos": "N",
                    "epos": "N",
                    "base": "gu₂",
                    "morph": "~"
                  }
                },
                {
                  "node": "l",
                  "frag": "⸢bar⸣-[ra-la₂-e]",
                  "id": "X000002.l072d9",
                  "ref": "X000002.6.3",
                  "inst": "la[stretch]V/t/la₂#ba.ta:~;e",
                  "sig": "@blms%sux:bar-ra-la₂-e=la[stretch//stretch]V/t'V/t$ba.ta:la;e/la₂#ba.ta:~;e",
                  "f": {
                    "lang": "sux",
                    "form": "bar-ra-la₂-e",
                    "cf": "la",
                    "gw": "stretch",
                    "sense": "stretch",
                    "norm0": "ba.ta:la;e",
                    "pos": "V/t",
                    "epos": "V/t",
                    "base": "la₂",
                    "morph": "ba.ta:~;e"
                  }
                },
                {
                  "node": "d",
                  "type": "line-start",
                  "ref": "X000002.7",
                  "n": "5'",
                  "label": "o 5'"
                },
                {
                  "node": "l",
                  "frag": "gu₂-bi",
                  "id": "X000002.l072da",
                  "ref": "X000002.7.1",
                  "inst": "gu[neck]N",
                  "sig": "@blms%sux:gu₂-bi=gu[neck//neck]N'N$gu,bi/gu₂#~,bi",
                  "f": {
                    "lang": "sux",
                    "form": "gu₂-bi",
                    "cf": "gu",
                    "gw": "neck",
                    "sense": "neck",
                    "norm0": "gu,bi",
                    "pos": "N",
                    "epos": "N",
                    "base": "gu₂",
                    "morph": "~,bi"
                  }
                },
                {
                  "node": "d",
                  "frag": "*",
                  "type": "punct",
                  "ref": "X000002.7.2",
                  "lang": "akk-x-stdbab",
                  "gdl_delim": " "
                },
                {
                  "node": "l",
                  "frag": "ki-šad-su",
                  "id": "X000002.l072db",
                  "ref": "X000002.7.3",
                  "inst": "kišādsu[neck]N",
                  "sig": "@blms%akk-x-stdbab:ki-šad-su=kišādu[neck//neck]N'N$kišādsu",
                  "f": {
                    "lang": "akk-x-stdbab",
                    "form": "ki-šad-su",
                    "cf": "kišādu",
                    "gw": "neck",
                    "sense": "neck",
                    "norm": "kišādsu",
                    "pos": "N",
                    "epos": "N"
                  }
                },
                {
                  "node": "l",
                  "frag": "⸢liṭ⸣-[bu-hu",
                  "id": "X000002.l072dc",
                  "ref": "X000002.7.4",
                  "inst": "ṭabāhu[slaughter]V$liṭbuhū",
                  "sig": "@blms%akk-x-stdbab:liṭ-bu-hu=ṭabāhu[slaughter//slaughter]V'V$liṭbuhū",
                  "f": {
                    "lang": "akk-x-stdbab",
                    "form": "liṭ-bu-hu",
                    "cf": "ṭabāhu",
                    "gw": "slaughter",
                    "sense": "slaughter",
                    "norm": "liṭbuhū",
                    "pos": "V",
                    "epos": "V"
                  }
                },
                {
                  "node": "l",
                  "frag": "...]",
                  "id": "X000002.l072dd",
                  "ref": "X000002.7.5",
                  "inst": "u",
                  "f": {
                    "lang": "sux",
                    "form": "x",
                    "pos": "u"
                  }
                },
                {
                  "node": "d",
                  "type": "line-start",
                  "ref": "X000002.8"
                },
                {
                  "node": "d",
                  "type": "line-start",
                  "ref": "X000002.8l",
                  "n": "6'",
                  "label": "o 6'"
                },
                {
                  "node": "l",
                  "frag": "ab",
                  "id": "X000002.l072de",
                  "ref": "X000002.8.1",
                  "inst": "ab[window]N",
                  "sig": "@blms%sux:ab=ab[window//window]N'N$ab/ab#~",
                  "f": {
                    "lang": "sux",
                    "form": "ab",
                    "cf": "ab",
                    "gw": "window",
                    "sense": "window",
                    "norm0": "ab",
                    "pos": "N",
                    "epos": "N",
                    "base": "ab",
                    "morph": "~"
                  }
                },
                {
                  "node": "l",
                  "frag": "ti-ta",
                  "id": "X000002.l072df",
                  "ref": "X000002.8.2",
                  "inst": "ti[rib//side]N'N/ti#~,ta",
                  "sig": "@blms%sux:ti-ta=ti[rib//side]N'N$ti,ta/ti#~,ta",
                  "f": {
                    "lang": "sux",
                    "form": "ti-ta",
                    "cf": "ti",
                    "gw": "rib",
                    "sense": "side",
                    "norm0": "ti,ta",
                    "pos": "N",
                    "epos": "N",
                    "base": "ti",
                    "morph": "~,ta"
                  }
                },
                {
                  "node": "l",
                  "frag": "igi",
                  "id": "X000002.l072e0",
                  "ref": "X000002.8.3",
                  "inst": "igi[eye]N",
                  "sig": "@blms%sux:igi=igi[eye//eye]N'N$igi/igi#~",
                  "f": {
                    "lang": "sux",
                    "form": "igi",
                    "cf": "igi",
                    "gw": "eye",
                    "sense": "eye",
                    "norm0": "igi",
                    "pos": "N",
                    "epos": "N",
                    "base": "igi",
                    "morph": "~"
                  }
                },
                {
                  "node": "l",
                  "frag": "⸢šu⸣",
                  "id": "X000002.l072e1",
                  "ref": "X000002.8.4",
                  "inst": "X",
                  "f": {
                    "lang": "sux",
                    "form": "šu",
                    "pos": "X"
                  }
                },
                {
                  "node": "l",
                  "frag": "[...]",
                  "id": "X000002.l072e2",
                  "ref": "X000002.8.5",
                  "inst": "u",
                  "f": {
                    "lang": "sux",
                    "form": "x",
                    "pos": "u"
                  }
                },
                {
                  "node": "d",
                  "type": "line-start",
                  "ref": ""
                },
                {
                  "node": "l",
                  "frag": "ša₂",
                  "id": "X000002.l072e3",
                  "ref": "X000002.8.1603000",
                  "inst": "ša[that]REL",
                  "sig": "@blms%akk-x-stdbab:ša₂=ša[that//that]REL'REL$ša",
                  "f": {
                    "lang": "akk-x-stdbab",
                    "form": "ša₂",
                    "cf": "ša",
                    "gw": "that",
                    "sense": "that",
                    "norm": "ša",
                    "pos": "REL",
                    "epos": "REL"
                  }
                },
                {
                  "node": "l",
                  "frag": "ina",
                  "id": "X000002.l072e4",
                  "ref": "X000002.8.1603001",
                  "inst": "ina[in]PRP",
                  "sig": "@blms%akk-x-stdbab:ina=ina[in//in]PRP'PRP$ina",
                  "f": {
                    "lang": "akk-x-stdbab",
                    "form": "ina",
                    "cf": "ina",
                    "gw": "in",
                    "sense": "in",
                    "norm": "ina",
                    "pos": "PRP",
                    "epos": "PRP"
                  }
                },
                {
                  "node": "l",
                  "frag": "ap-ti",
                  "id": "X000002.l072e5",
                  "ref": "X000002.8.1603002",
                  "inst": "apti[window]N",
                  "sig": "@blms%akk-x-stdbab:ap-ti=aptu[window//window]N'N$apti",
                  "f": {
                    "lang": "akk-x-stdbab",
                    "form": "ap-ti",
                    "cf": "aptu",
                    "gw": "window",
                    "sense": "window",
                    "norm": "apti",
                    "pos": "N",
                    "epos": "N"
                  }
                },
                {
                  "node": "l",
                  "frag": "ṣe-⸢li⸣",
                  "id": "X000002.l072e6",
                  "ref": "X000002.8.1603003",
                  "inst": "ṣēlu[rib//side]N'N$ṣēli",
                  "sig": "@blms%akk-x-stdbab:ṣe-li=ṣēlu[rib//side]N'N$ṣēli",
                  "f": {
                    "lang": "akk-x-stdbab",
                    "form": "ṣe-li",
                    "cf": "ṣēlu",
                    "gw": "rib",
                    "sense": "side",
                    "norm": "ṣēli",
                    "pos": "N",
                    "epos": "N"
                  }
                },
                {
                  "node": "l",
                  "frag": "[...]",
                  "id": "X000002.l072e7",
                  "ref": "X000002.8.1603004",
                  "inst": "u",
                  "f": {
                    "lang": "akk-x-stdbab",
                    "form": "x",
                    "pos": "u"
                  }
                },
                {
                  "node": "d",
                  "type": "line-start",
                  "ref": "X000002.9",
                  "n": "7'",
                  "label": "o 7'"
                },
                {
                  "node": "l",
                  "frag": "igi-bi",
                  "id": "X000002.l072e8",
                  "ref": "X000002.9.1",
                  "inst": "igi[face]N/igi",
                  "sig": "@blms%sux:igi-bi=igi[face//face]N'N$igi,bi/igi#~,bi",
                  "f": {
                    "lang": "sux",
                    "form": "igi-bi",
                    "cf": "igi",
                    "gw": "face",
                    "sense": "face",
                    "norm0": "igi,bi",
                    "pos": "N",
                    "epos": "N",
                    "base": "igi",
                    "morph": "~,bi"
                  }
                },
                {
                  "node": "d",
                  "frag": "*",
                  "type": "punct",
                  "ref": "X000002.9.2",
                  "lang": "akk-x-stdbab",
                  "gdl_delim": " "
                },
                {
                  "node": "l",
                  "frag": "pa-nu-šu₂",
                  "id": "X000002.l072e9",
                  "ref": "X000002.9.3",
                  "inst": "pānu[front//face]N'N$pānūšu",
                  "sig": "@blms%akk-x-stdbab:pa-nu-šu₂=pānu[front//face]N'N$pānūšu",
                  "f": {
                    "lang": "akk-x-stdbab",
                    "form": "pa-nu-šu₂",
                    "cf": "pānu",
                    "gw": "front",
                    "sense": "face",
                    "norm": "pānūšu",
                    "pos": "N",
                    "epos": "N"
                  }
                },
                {
                  "node": "l",
                  "frag": "lim(UR)-ha-⸢ṣu⸣",
                  "id": "X000002.l072ea",
                  "ref": "X000002.9.4",
                  "inst": "mahāṣu[beat]V$limhaṣū",
                  "sig": "@blms%akk-x-stdbab:lim-ha-ṣu=mahāṣu[beat//beat]V'V$limhaṣū",
                  "f": {
                    "lang": "akk-x-stdbab",
                    "form": "lim-ha-ṣu",
                    "cf": "mahāṣu",
                    "gw": "beat",
                    "sense": "beat",
                    "norm": "limhaṣū",
                    "pos": "V",
                    "epos": "V"
                  }
                },
                {
                  "node": "l",
                  "frag": "[...]",
                  "id": "X000002.l072eb",
                  "ref": "X000002.9.5",
                  "inst": "u",
                  "f": {
                    "lang": "akk-x-stdbab",
                    "form": "x",
                    "pos": "u"
                  }
                },
                {
                  "node": "d",
                  "type": "line-start",
                  "ref": "X000002.10",
                  "n": "8'",
                  "label": "o 8'"
                },
                {
                  "node": "l",
                  "frag": "ab-ta",
                  "id": "X000002.l072ec",
                  "ref": "X000002.10.1",
                  "inst": "ab[window]N",
                  "sig": "@blms%sux:ab-ta=ab[window//window]N'N$ab,ta/ab#~,ta",
                  "f": {
                    "lang": "sux",
                    "form": "ab-ta",
                    "cf": "ab",
                    "gw": "window",
                    "sense": "window",
                    "norm0": "ab,ta",
                    "pos": "N",
                    "epos": "N",
                    "base": "ab",
                    "morph": "~,ta"
                  }
                },
                {
                  "node": "l",
                  "frag": "igi",
                  "id": "X000002.l072ed",
                  "ref": "X000002.10.2",
                  "inst": "igi[eye]N",
                  "sig": "@blms%sux:igi=igi[eye//eye]N'N$igi/igi#~",
                  "f": {
                    "lang": "sux",
                    "form": "igi",
                    "cf": "igi",
                    "gw": "eye",
                    "sense": "eye",
                    "norm0": "igi",
                    "pos": "N",
                    "epos": "N",
                    "base": "igi",
                    "morph": "~"
                  }
                },
                {
                  "node": "l",
                  "frag": "la₂-ta",
                  "id": "X000002.l072ee",
                  "ref": "X000002.10.3",
                  "inst": "la[hang//to bind]V/t'V/t/la₂#~;*a,ta",
                  "sig": "@blms%sux:la₂-ta=la[hang//to bind]V/t'V/t$la;*a,ta/la₂#~;*a,ta",
                  "f": {
                    "lang": "sux",
                    "form": "la₂-ta",
                    "cf": "la",
                    "gw": "hang",
                    "sense": "to bind",
                    "norm0": "la;*a,ta",
                    "pos": "V/t",
                    "epos": "V/t",
                    "base": "la₂",
                    "morph": "~;*a,ta"
                  }
                },
                {
                  "node": "l",
                  "frag": "gu₃",
                  "id": "X000002.l072ef",
                  "ref": "X000002.10.4",
                  "inst": "gu[voice, cry, noise]N",
                  "sig": "@blms%sux:gu₃=gu[voice//voice, cry, noise]N'N$gu/gu₃#~",
                  "f": {
                    "lang": "sux",
                    "form": "gu₃",
                    "cf": "gu",
                    "gw": "voice",
                    "sense": "voice, cry, noise",
                    "norm0": "gu",
                    "pos": "N",
                    "epos": "N",
                    "base": "gu₃",
                    "morph": "~"
                  }
                },
                {
                  "node": "l",
                  "frag": "⸢mu⸣-[un-na-an-de₂-e]",
                  "id": "X000002.l072f0",
                  "ref": "X000002.10.5",
                  "inst": "de[pour]V/t/de₂",
                  "sig": "@blms%sux:mu-un-na-an-de₂-e=de[pour//pour]V/t'V/t$mu.na.n:de;e/de₂#mu.na.n:~;e",
                  "f": {
                    "lang": "sux",
                    "form": "mu-un-na-an-de₂-e",
                    "cf": "de",
                    "gw": "pour",
                    "sense": "pour",
                    "norm0": "mu.na.n:de;e",
                    "pos": "V/t",
                    "epos": "V/t",
                    "base": "de₂",
                    "morph": "mu.na.n:~;e"
                  }
                },
                {
                  "node": "d",
                  "type": "line-start",
                  "ref": "X000002.11",
                  "n": "9'",
                  "label": "o 9'"
                },
                {
                  "node": "l",
                  "frag": "ka-bi",
                  "id": "X000002.l072f1",
                  "ref": "X000002.11.1",
                  "inst": "kag[mouth]N/ka",
                  "sig": "@blms%sux:ka-bi=kag[mouth//mouth]N'N$kag,bi/ka#~,bi",
                  "f": {
                    "lang": "sux",
                    "form": "ka-bi",
                    "cf": "kag",
                    "gw": "mouth",
                    "sense": "mouth",
                    "norm0": "kag,bi",
                    "pos": "N",
                    "epos": "N",
                    "base": "ka",
                    "morph": "~,bi"
                  }
                },
                {
                  "node": "d",
                  "frag": "*",
                  "type": "punct",
                  "ref": "X000002.11.2",
                  "lang": "akk-x-stdbab",
                  "gdl_delim": " "
                },
                {
                  "node": "l",
                  "frag": "pa-a-šu₂",
                  "id": "X000002.l072f2",
                  "ref": "X000002.11.3",
                  "inst": "pû[mouth]N$pâšu",
                  "sig": "@blms%akk-x-stdbab:pa-a-šu₂=pû[mouth//mouth]N'N$pâšu",
                  "f": {
                    "lang": "akk-x-stdbab",
                    "form": "pa-a-šu₂",
                    "cf": "pû",
                    "gw": "mouth",
                    "sense": "mouth",
                    "norm": "pâšu",
                    "pos": "N",
                    "epos": "N"
                  }
                },
                {
                  "node": "l",
                  "frag": "li-de-⸢lu⸣",
                  "id": "X000002.l072f3",
                  "ref": "X000002.11.4",
                  "inst": "edēlu[shut]V$līdelū",
                  "sig": "@blms%akk-x-stdbab:li-de-lu=edēlu[shut//shut]V'V$līdelū",
                  "f": {
                    "lang": "akk-x-stdbab",
                    "form": "li-de-lu",
                    "cf": "edēlu",
                    "gw": "shut",
                    "sense": "shut",
                    "norm": "līdelū",
                    "pos": "V",
                    "epos": "V"
                  }
                },
                {
                  "node": "l",
                  "frag": "[...]",
                  "id": "X000002.l072f4",
                  "ref": "X000002.11.5",
                  "inst": "u",
                  "f": {
                    "lang": "sux",
                    "form": "x",
                    "pos": "u"
                  }
                },
                {
                  "node": "d",
                  "type": "line-start",
                  "ref": "X000002.12"
                },
                {
                  "node": "d",
                  "type": "line-start",
                  "ref": "X000002.12l",
                  "n": "10'",
                  "label": "o 10'"
                },
                {
                  "node": "l",
                  "frag": "ab-ta",
                  "id": "X000002.l072f5",
                  "ref": "X000002.12.1",
                  "inst": "ab[window]N",
                  "sig": "@blms%sux:ab-ta=ab[window//window]N'N$ab,ta/ab#~,ta",
                  "f": {
                    "lang": "sux",
                    "form": "ab-ta",
                    "cf": "ab",
                    "gw": "window",
                    "sense": "window",
                    "norm0": "ab,ta",
                    "pos": "N",
                    "epos": "N",
                    "base": "ab",
                    "morph": "~,ta"
                  }
                },
                {
                  "node": "l",
                  "frag": "saŋ-e-⸢ta⸣",
                  "id": "X000002.l072f6",
                  "ref": "X000002.12.2",
                  "inst": "saŋ[head//front]N'N/saŋ#~,X.ta",
                  "sig": "@blms%sux:saŋ-e-ta=saŋ[head//front]N'N$saŋ,X.ta/saŋ#~,X.ta",
                  "f": {
                    "lang": "sux",
                    "form": "saŋ-e-ta",
                    "cf": "saŋ",
                    "gw": "head",
                    "sense": "front",
                    "norm0": "saŋ,X.ta",
                    "pos": "N",
                    "epos": "N",
                    "base": "saŋ",
                    "morph": "~,X.ta"
                  }
                },
                {
                  "node": "l",
                  "frag": "[mu-un-da-ab-šu₂-šu₂-ne]",
                  "id": "X000002.l072f7",
                  "ref": "X000002.12.3",
                  "inst": "šuš[cover//envelop]V/t'V/t/šu₂-šu₂#mu.n.da.b:~;e.ene",
                  "sig": "@blms%sux:mu-un-da-ab-šu₂-šu₂-ne=šuš[cover//to envelop]V/t'V/t$mu.n.da.b:šuš;e.ene/šu₂-šu₂#mu.n.da.b:~;e.ene",
                  "f": {
                    "lang": "sux",
                    "form": "mu-un-da-ab-šu₂-šu₂-ne",
                    "cf": "šuš",
                    "gw": "cover",
                    "sense": "to envelop",
                    "norm0": "mu.n.da.b:šuš;e.ene",
                    "pos": "V/t",
                    "epos": "V/t",
                    "base": "šu₂-šu₂",
                    "morph": "mu.n.da.b:~;e.ene"
                  }
                },
                {
                  "node": "d",
                  "type": "line-start",
                  "ref": ""
                },
                {
                  "node": "l",
                  "frag": "ša₂",
                  "id": "X000002.l072f8",
                  "ref": "X000002.12.1604000",
                  "inst": "ša[that]REL",
                  "sig": "@blms%akk-x-stdbab:ša₂=ša[that//that]REL'REL$ša",
                  "f": {
                    "lang": "akk-x-stdbab",
                    "form": "ša₂",
                    "cf": "ša",
                    "gw": "that",
                    "sense": "that",
                    "norm": "ša",
                    "pos": "REL",
                    "epos": "REL"
                  }
                },
                {
                  "node": "l",
                  "frag": "ina",
                  "id": "X000002.l072f9",
                  "ref": "X000002.12.1604001",
                  "inst": "ina[in]PRP",
                  "sig": "@blms%akk-x-stdbab:ina=ina[in//in]PRP'PRP$ina",
                  "f": {
                    "lang": "akk-x-stdbab",
                    "form": "ina",
                    "cf": "ina",
                    "gw": "in",
                    "sense": "in",
                    "norm": "ina",
                    "pos": "PRP",
                    "epos": "PRP"
                  }
                },
                {
                  "node": "l",
                  "frag": "ap-ti",
                  "id": "X000002.l072fa",
                  "ref": "X000002.12.1604002",
                  "inst": "apti[window]N",
                  "sig": "@blms%akk-x-stdbab:ap-ti=aptu[window//window]N'N$apti",
                  "f": {
                    "lang": "akk-x-stdbab",
                    "form": "ap-ti",
                    "cf": "aptu",
                    "gw": "window",
                    "sense": "window",
                    "norm": "apti",
                    "pos": "N",
                    "epos": "N"
                  }
                },
                {
                  "node": "l",
                  "frag": "⸢mu⸣-[...]",
                  "id": "X000002.l072fb",
                  "ref": "X000002.12.1604003",
                  "inst": "u",
                  "f": {
                    "lang": "akk-x-stdbab",
                    "form": "mu-x",
                    "pos": "u"
                  }
                },
                {
                  "node": "d",
                  "type": "line-start",
                  "ref": "X000002.13"
                },
                {
                  "node": "d",
                  "type": "line-start",
                  "ref": "X000002.13l",
                  "n": "11'",
                  "label": "o 11'"
                },
                {
                  "node": "l",
                  "frag": "gakkul",
                  "id": "X000002.l072fc",
                  "ref": "X000002.13.1",
                  "inst": "gakkul[mash-tub]N",
                  "sig": "@blms%sux:gakkul=gakkul[mash-tub//mash-tub]N'N$gakkul/gakkul#~",
                  "f": {
                    "lang": "sux",
                    "form": "gakkul",
                    "cf": "gakkul",
                    "gw": "mash-tub",
                    "sense": "mash-tub",
                    "norm0": "gakkul",
                    "pos": "N",
                    "epos": "N",
                    "base": "gakkul",
                    "morph": "~"
                  }
                },
                {
                  "node": "l",
                  "frag": "nu-bad-⸢da-ta⸣",
                  "id": "X000002.l072fd",
                  "ref": "X000002.13.2",
                  "inst": "bad[open]V/t/bad+-da=d.a#nu:~;a,ta",
                  "sig": "@blms%sux:nu-bad-da-ta=bad[open//open]V/t'V/t$nu:bad;a,ta/bad+-da=d.a#nu:~;a,ta",
                  "f": {
                    "lang": "sux",
                    "form": "nu-bad-da-ta",
                    "cf": "bad",
                    "gw": "open",
                    "sense": "open",
                    "norm0": "nu:bad;a,ta",
                    "pos": "V/t",
                    "epos": "V/t",
                    "base": "bad",
                    "cont": "-da=d.a",
                    "morph": "nu:~;a,ta"
                  }
                },
                {
                  "node": "l",
                  "frag": "[he₂-ni-ib₂-šu₂-šu₂-e-ne]",
                  "id": "X000002.l072fe",
                  "ref": "X000002.13.3",
                  "inst": "šuš[cover]V/t/šu₂-šu₂",
                  "sig": "@blms%sux:he₂-ni-ib₂-šu₂-šu₂-e-ne=šuš[cover//cover]V/t'V/t$ha.V.ni.b:šuš;e.ene/šu₂-šu₂#ha.V.ni.b:~;e.ene",
                  "f": {
                    "lang": "sux",
                    "form": "he₂-ni-ib₂-šu₂-šu₂-e-ne",
                    "cf": "šuš",
                    "gw": "cover",
                    "sense": "cover",
                    "norm0": "ha.V.ni.b:šuš;e.ene",
                    "pos": "V/t",
                    "epos": "V/t",
                    "base": "šu₂-šu₂",
                    "morph": "ha.V.ni.b:~;e.ene"
                  }
                },
                {
                  "node": "d",
                  "type": "line-start",
                  "ref": ""
                },
                {
                  "node": "l",
                  "frag": "kak-kul-⸢li⸣",
                  "id": "X000002.l072ff",
                  "ref": "X000002.13.1605000",
                  "inst": "kakkullu[mash-tub]N$kakkulli",
                  "sig": "@blms%akk-x-stdbab:kak-kul-li=kakkullu[mash-tub//mash-tub]N'N$kakkulli",
                  "f": {
                    "lang": "akk-x-stdbab",
                    "form": "kak-kul-li",
                    "cf": "kakkullu",
                    "gw": "mash-tub",
                    "sense": "mash-tub",
                    "norm": "kakkulli",
                    "pos": "N",
                    "epos": "N"
                  }
                },
                {
                  "node": "l",
                  "frag": "[la",
                  "id": "X000002.l07300",
                  "ref": "X000002.13.1605001",
                  "inst": "lā[not]MOD",
                  "sig": "@blms%akk-x-stdbab:la=lā[not//not]MOD'MOD$lā",
                  "f": {
                    "lang": "akk-x-stdbab",
                    "form": "la",
                    "cf": "lā",
                    "gw": "not",
                    "sense": "not",
                    "norm": "lā",
                    "pos": "MOD",
                    "epos": "MOD"
                  }
                },
                {
                  "node": "l",
                  "frag": "pa-te-e",
                  "id": "X000002.l07301",
                  "ref": "X000002.13.1605002",
                  "inst": "petû[open//opening]V'N$patê",
                  "sig": "@blms%akk-x-stdbab:pa-te-e=petû[open//opening]V'N$patê",
                  "f": {
                    "lang": "akk-x-stdbab",
                    "form": "pa-te-e",
                    "cf": "petû",
                    "gw": "open",
                    "sense": "opening",
                    "norm": "patê",
                    "pos": "V",
                    "epos": "N"
                  }
                },
                {
                  "node": "l",
                  "frag": "...]",
                  "id": "X000002.l07302",
                  "ref": "X000002.13.1605003",
                  "inst": "u",
                  "f": {
                    "lang": "akk-x-stdbab",
                    "form": "x",
                    "pos": "u"
                  }
                },
                {
                  "node": "d",
                  "type": "line-start",
                  "ref": "X000002.14",
                  "n": "12'",
                  "label": "o 12'"
                },
                {
                  "node": "l",
                  "frag": "⸢zalag₂-ta⸣",
                  "id": "X000002.l07303",
                  "ref": "X000002.14.1",
                  "inst": "zalag[shine]V/i/zalag₂#~;*a,ta",
                  "sig": "@blms%sux:zalag₂-ta=zalag[shine//shine]V/i'V/i$zalag;*a,ta/zalag₂#~;*a,ta",
                  "f": {
                    "lang": "sux",
                    "form": "zalag₂-ta",
                    "cf": "zalag",
                    "gw": "shine",
                    "sense": "shine",
                    "norm0": "zalag;*a,ta",
                    "pos": "V/i",
                    "epos": "V/i",
                    "base": "zalag₂",
                    "morph": "~;*a,ta"
                  }
                },
                {
                  "node": "d",
                  "frag": "[*]",
                  "type": "punct",
                  "ref": "X000002.14.2",
                  "lang": "akk-x-stdbab",
                  "gdl_delim": " "
                },
                {
                  "node": "l",
                  "frag": "⸢ša₂",
                  "id": "X000002.l07304",
                  "ref": "X000002.14.3",
                  "inst": "ša[that]REL",
                  "sig": "@blms%akk-x-stdbab:ša₂=ša[that//that]REL'REL$ša",
                  "f": {
                    "lang": "akk-x-stdbab",
                    "form": "ša₂",
                    "cf": "ša",
                    "gw": "that",
                    "sense": "that",
                    "norm": "ša",
                    "pos": "REL",
                    "epos": "REL"
                  }
                },
                {
                  "node": "l",
                  "frag": "ina",
                  "id": "X000002.l07305",
                  "ref": "X000002.14.4",
                  "inst": "ina[in]PRP",
                  "sig": "@blms%akk-x-stdbab:ina=ina[in//in]PRP'PRP$ina",
                  "f": {
                    "lang": "akk-x-stdbab",
                    "form": "ina",
                    "cf": "ina",
                    "gw": "in",
                    "sense": "in",
                    "norm": "ina",
                    "pos": "PRP",
                    "epos": "PRP"
                  }
                },
                {
                  "node": "l",
                  "frag": "na⸣-[ma-ri",
                  "id": "X000002.l07306",
                  "ref": "X000002.14.5",
                  "inst": "nawāru[be(come) bright//be(com)ing bright]V'N$namāri",
                  "sig": "@blms%akk-x-stdbab:na-ma-ri=nawāru[be(come) bright//be(com)ing bright]V'N$namāri",
                  "f": {
                    "lang": "akk-x-stdbab",
                    "form": "na-ma-ri",
                    "cf": "nawāru",
                    "gw": "be(come) bright",
                    "sense": "be(com)ing bright",
                    "norm": "namāri",
                    "pos": "V",
                    "epos": "N"
                  }
                },
                {
                  "node": "l",
                  "frag": "...",
                  "id": "X000002.l07307",
                  "ref": "X000002.14.6",
                  "inst": "u",
                  "f": {
                    "lang": "akk-x-stdbab",
                    "form": "x",
                    "pos": "u"
                  }
                },
                {
                  "node": "l",
                  "frag": "mu-un-ši-in-ku₁₀-ku₁₀-ga]",
                  "id": "X000002.l07308",
                  "ref": "X000002.14.7",
                  "inst": "kukkug[dark]V/i/ku₁₀-ku₁₀-g·a#mu.n.ši.n:~;a",
                  "sig": "@blms%sux:mu-un-ši-in-ku₁₀-ku₁₀-ga=kukkug[dark//dark]V/i'V/i$mu.n.ši.n:kukkug;a/ku₁₀-ku₁₀-g·a#mu.n.ši.n:~;a",
                  "f": {
                    "lang": "sux",
                    "form": "mu-un-ši-in-ku₁₀-ku₁₀-ga",
                    "cf": "kukkug",
                    "gw": "dark",
                    "sense": "dark",
                    "norm0": "mu.n.ši.n:kukkug;a",
                    "pos": "V/i",
                    "epos": "V/i",
                    "base": "ku₁₀-ku₁₀-g·a",
                    "morph": "mu.n.ši.n:~;a"
                  }
                },
                {
                  "node": "d",
                  "type": "nonx",
                  "ref": "X000002.15",
                  "strict": "0",
                  "state": "missing"
                },
                {
                  "node": "d",
                  "subtype": "reverse",
                  "type": "reverse",
                  "ref": "X000002.r.16",
                  "label": "r"
                },
                {
                  "node": "d",
                  "type": "nonx",
                  "ref": "X000002.17",
                  "strict": "0",
                  "extent": "0",
                  "scope": "reverse",
                  "state": "other"
                }
              ]
            }
          ]
        }
      ]
    }
  ]
}
