{
  "type": "glossary",
  "project": "riao",
  "source": "http://oracc.org/riao",
  "license": "This data is released under the CC0 license",
  "license-url": "https://creativecommons.org/publicdomain/zero/1.0/",
  "more-info": "http://oracc.org/doc/opendata/",
  "UTC-timestamp": "2017-06-10T00:11:02",
  "lang": "qpn-x-temple",
  "entries": [
    {
      "headword": "Bit-nathi[1]TN",
      "id": "qpn-x-temple.x000000",
      "icount": "2",
      "ipct": "100",
      "xis": "qpn.r00000",
      "cf": "Bit-nathi",
      "gw": "1",
      "pos": "TN",
      "forms": [
        {
          "type": "form",
          "id": "qpn-x-temple.x000018",
          "n": "E₂-na-at-hi",
          "icount": "2",
          "ipct": "100",
          "xis": "qpn.r00000"
        }
      ],
      "norms": [
        {
          "id": "qpn-x-temple.x000019",
          "icount": "2",
          "ipct": "100",
          "xis": "qpn.r00000",
          "n": "Bit-nathi",
          "forms": [
            {
              "type": "normform",
              "id": "qpn-x-temple.x000020",
              "ref": "qpn-x-temple.x000018",
              "icount": "2",
              "ipct": "100",
              "xis": "qpn.r00000"
            }
          ]
        }
      ],
      "senses": [
        {
          "type": "sense",
          "id": "qpn-x-temple.x000021",
          "n": "Bit-nathi[1//1]TN'TN",
          "icount": "2",
          "ipct": "100",
          "xis": "qpn.r00000",
          "pos": "TN",
          "mng": "1",
          "forms": [
            {
              "type": "form",
              "id": "qpn-x-temple.x000022",
              "n": "E₂-na-at-hi",
              "icount": "2",
              "ipct": "100",
              "xis": "qpn.r00000"
            }
          ],
          "norms": [
            {
              "id": "qpn-x-temple.x000023",
              "n": "Bit-nathi",
              "icount": "2",
              "ipct": "100",
              "xis": "qpn.r00000"
            }
          ],
          "sigs": [
            {
              "type": "sig",
              "id": "qpn-x-temple.x000024",
              "sig": "@riao%akk:E₂-na-at-hi=Bit-nathi[1//1]TN'TN$Bit-nathi",
              "icount": "2",
              "ipct": "100",
              "xis": "qpn.r00000"
            }
          ]
        }
      ]
    },
    {
      "headword": "Eamkurkurra[The Temple, The Wild Bull of the Lands]TN",
      "id": "qpn-x-temple.x000002",
      "icount": "1",
      "ipct": "100",
      "xis": "qpn.r00001",
      "cf": "Eamkurkurra",
      "gw": "The Temple, The Wild Bull of the Lands",
      "pos": "TN",
      "forms": [
        {
          "type": "form",
          "id": "qpn-x-temple.x000025",
          "n": "e₂-am-kur-kur-ra",
          "icount": "1",
          "ipct": "100",
          "xis": "qpn.r00001"
        }
      ],
      "norms": [
        {
          "id": "qpn-x-temple.x000026",
          "icount": "1",
          "ipct": "100",
          "xis": "qpn.r00001",
          "n": "Eamkurkurra",
          "forms": [
            {
              "type": "normform",
              "id": "qpn-x-temple.x000027",
              "ref": "qpn-x-temple.x000025",
              "icount": "1",
              "ipct": "100",
              "xis": "qpn.r00001"
            }
          ]
        }
      ],
      "senses": [
        {
          "type": "sense",
          "id": "qpn-x-temple.x000028",
          "n": "Eamkurkurra[The Temple, The Wild Bull of the Lands//The Temple, The Wild Bull of the Lands]TN'TN",
          "icount": "1",
          "ipct": "100",
          "xis": "qpn.r00001",
          "pos": "TN",
          "mng": "The Temple, The Wild Bull of the Lands",
          "forms": [
            {
              "type": "form",
              "id": "qpn-x-temple.x000029",
              "n": "e₂-am-kur-kur-ra",
              "icount": "1",
              "ipct": "100",
              "xis": "qpn.r00001"
            }
          ],
          "norms": [
            {
              "id": "qpn-x-temple.x000030",
              "n": "Eamkurkurra",
              "icount": "1",
              "ipct": "100",
              "xis": "qpn.r00001"
            }
          ],
          "sigs": [
            {
              "type": "sig",
              "id": "qpn-x-temple.x000031",
              "sig": "@riao%akk:e₂-am-kur-kur-ra=Eamkurkurra[The Temple, The Wild Bull of the Lands//The Temple, The Wild Bull of the Lands]TN'TN$Eamkurkurra",
              "icount": "1",
              "ipct": "100",
              "xis": "qpn.r00001"
            }
          ]
        }
      ]
    },
    {
      "headword": "Egallugalublimmuba[Palace of the King of the Four Quarters]TN",
      "id": "qpn-x-temple.x000003",
      "icount": "1",
      "ipct": "100",
      "xis": "qpn.r00002",
      "cf": "Egallugalublimmuba",
      "gw": "Palace of the King of the Four Quarters",
      "pos": "TN",
      "forms": [
        {
          "type": "form",
          "id": "qpn-x-temple.x000032",
          "n": "e₂-gal-lugal-ub-limmu₂-ba",
          "icount": "1",
          "ipct": "100",
          "xis": "qpn.r00002"
        }
      ],
      "norms": [
        {
          "id": "qpn-x-temple.x000033",
          "icount": "1",
          "ipct": "100",
          "xis": "qpn.r00002",
          "n": "Egallugalublimmuba",
          "forms": [
            {
              "type": "normform",
              "id": "qpn-x-temple.x000034",
              "ref": "qpn-x-temple.x000032",
              "icount": "1",
              "ipct": "100",
              "xis": "qpn.r00002"
            }
          ]
        }
      ],
      "senses": [
        {
          "type": "sense",
          "id": "qpn-x-temple.x000035",
          "n": "Egallugalublimmuba[Palace of the King of the Four Quarters//Palace of the King of the Four Quarters]TN'TN",
          "icount": "1",
          "ipct": "100",
          "xis": "qpn.r00002",
          "pos": "TN",
          "mng": "Palace of the King of the Four Quarters",
          "forms": [
            {
              "type": "form",
              "id": "qpn-x-temple.x000036",
              "n": "e₂-gal-lugal-ub-limmu₂-ba",
              "icount": "1",
              "ipct": "100",
              "xis": "qpn.r00002"
            }
          ],
          "norms": [
            {
              "id": "qpn-x-temple.x000037",
              "n": "Egallugalublimmuba",
              "icount": "1",
              "ipct": "100",
              "xis": "qpn.r00002"
            }
          ],
          "sigs": [
            {
              "type": "sig",
              "id": "qpn-x-temple.x000038",
              "sig": "@riao%akk:e₂-gal-lugal-ub-limmu₂-ba=Egallugalublimmuba[Palace of the King of the Four Quarters//Palace of the King of the Four Quarters]TN'TN$Egallugalublimmuba",
              "icount": "1",
              "ipct": "100",
              "xis": "qpn.r00002"
            }
          ]
        }
      ]
    },
    {
      "headword": "Egallugalšarrakurkurra[Palace of the King of All Lands]TN",
      "id": "qpn-x-temple.x000004",
      "icount": "1",
      "ipct": "100",
      "xis": "qpn.r00003",
      "cf": "Egallugalšarrakurkurra",
      "gw": "Palace of the King of All Lands",
      "pos": "TN",
      "forms": [
        {
          "type": "form",
          "id": "qpn-x-temple.x000039",
          "n": "e₂-gal-lugal-šar₂-ra-kur-kur-ra",
          "icount": "1",
          "ipct": "100",
          "xis": "qpn.r00003"
        }
      ],
      "norms": [
        {
          "id": "qpn-x-temple.x000040",
          "icount": "1",
          "ipct": "100",
          "xis": "qpn.r00003",
          "n": "Egallugalšarrakurkurra",
          "forms": [
            {
              "type": "normform",
              "id": "qpn-x-temple.x000041",
              "ref": "qpn-x-temple.x000039",
              "icount": "1",
              "ipct": "100",
              "xis": "qpn.r00003"
            }
          ]
        }
      ],
      "senses": [
        {
          "type": "sense",
          "id": "qpn-x-temple.x000042",
          "n": "Egallugalšarrakurkurra[Palace of the King of All Lands//Palace of the King of All Lands]TN'TN",
          "icount": "1",
          "ipct": "100",
          "xis": "qpn.r00003",
          "pos": "TN",
          "mng": "Palace of the King of All Lands",
          "forms": [
            {
              "type": "form",
              "id": "qpn-x-temple.x000043",
              "n": "e₂-gal-lugal-šar₂-ra-kur-kur-ra",
              "icount": "1",
              "ipct": "100",
              "xis": "qpn.r00003"
            }
          ],
          "norms": [
            {
              "id": "qpn-x-temple.x000044",
              "n": "Egallugalšarrakurkurra",
              "icount": "1",
              "ipct": "100",
              "xis": "qpn.r00003"
            }
          ],
          "sigs": [
            {
              "type": "sig",
              "id": "qpn-x-temple.x000045",
              "sig": "@riao%akk:e₂-gal-lugal-šar₂-ra-kur-kur-ra=Egallugalšarrakurkurra[Palace of the King of All Lands//Palace of the King of All Lands]TN'TN$Egallugalšarrakurkurra",
              "icount": "1",
              "ipct": "100",
              "xis": "qpn.r00003"
            }
          ]
        }
      ]
    },
    {
      "headword": "Egalmešarra[House of the Universe]TN",
      "id": "qpn-x-temple.x000005",
      "icount": "1",
      "ipct": "100",
      "xis": "qpn.r00004",
      "cf": "Egalmešarra",
      "gw": "House of the Universe",
      "pos": "TN",
      "forms": [
        {
          "type": "form",
          "id": "qpn-x-temple.x000046",
          "n": "e₂-gal-me-šar₂-ra",
          "icount": "1",
          "ipct": "100",
          "xis": "qpn.r00004"
        }
      ],
      "norms": [
        {
          "id": "qpn-x-temple.x000047",
          "icount": "1",
          "ipct": "100",
          "xis": "qpn.r00004",
          "n": "Egalmešarra",
          "forms": [
            {
              "type": "normform",
              "id": "qpn-x-temple.x000048",
              "ref": "qpn-x-temple.x000046",
              "icount": "1",
              "ipct": "100",
              "xis": "qpn.r00004"
            }
          ]
        }
      ],
      "senses": [
        {
          "type": "sense",
          "id": "qpn-x-temple.x000049",
          "n": "Egalmešarra[House of the Universe//House of the Universe]TN'TN",
          "icount": "1",
          "ipct": "100",
          "xis": "qpn.r00004",
          "pos": "TN",
          "mng": "House of the Universe",
          "forms": [
            {
              "type": "form",
              "id": "qpn-x-temple.x000050",
              "n": "e₂-gal-me-šar₂-ra",
              "icount": "1",
              "ipct": "100",
              "xis": "qpn.r00004"
            }
          ],
          "norms": [
            {
              "id": "qpn-x-temple.x000051",
              "n": "Egalmešarra",
              "icount": "1",
              "ipct": "100",
              "xis": "qpn.r00004"
            }
          ],
          "sigs": [
            {
              "type": "sig",
              "id": "qpn-x-temple.x000052",
              "sig": "@riao%akk:e₂-gal-me-šar₂-ra=Egalmešarra[House of the Universe//House of the Universe]TN'TN$Egalmešarra",
              "icount": "1",
              "ipct": "100",
              "xis": "qpn.r00004"
            }
          ]
        }
      ]
    },
    {
      "headword": "Egašankalamma[1]TN",
      "id": "qpn-x-temple.x000006",
      "icount": "2",
      "ipct": "100",
      "xis": "qpn.r00005",
      "cf": "Egašankalamma",
      "gw": "1",
      "pos": "TN",
      "forms": [
        {
          "type": "form",
          "id": "qpn-x-temple.x000053",
          "n": "e₂-gašan-kalam-ma",
          "icount": "2",
          "ipct": "100",
          "xis": "qpn.r00005"
        }
      ],
      "norms": [
        {
          "id": "qpn-x-temple.x000054",
          "icount": "2",
          "ipct": "100",
          "xis": "qpn.r00005",
          "n": "Egašankalamma",
          "forms": [
            {
              "type": "normform",
              "id": "qpn-x-temple.x000055",
              "ref": "qpn-x-temple.x000053",
              "icount": "2",
              "ipct": "100",
              "xis": "qpn.r00005"
            }
          ]
        }
      ],
      "senses": [
        {
          "type": "sense",
          "id": "qpn-x-temple.x000056",
          "n": "Egašankalamma[1//1]TN'TN",
          "icount": "2",
          "ipct": "100",
          "xis": "qpn.r00005",
          "pos": "TN",
          "mng": "1",
          "forms": [
            {
              "type": "form",
              "id": "qpn-x-temple.x000057",
              "n": "e₂-gašan-kalam-ma",
              "icount": "2",
              "ipct": "100",
              "xis": "qpn.r00005"
            }
          ],
          "norms": [
            {
              "id": "qpn-x-temple.x000058",
              "n": "Egašankalamma",
              "icount": "2",
              "ipct": "100",
              "xis": "qpn.r00005"
            }
          ],
          "sigs": [
            {
              "type": "sig",
              "id": "qpn-x-temple.x000059",
              "sig": "@riao%akk:e₂-gašan-kalam-ma=Egašankalamma[1//1]TN'TN$Egašankalamma",
              "icount": "2",
              "ipct": "100",
              "xis": "qpn.r00005"
            }
          ]
        }
      ]
    },
    {
      "headword": "Ehursagkurkurra[1]TN",
      "id": "qpn-x-temple.x000007",
      "icount": "14",
      "ipct": "100",
      "xis": "qpn.r00006",
      "cf": "Ehursagkurkurra",
      "gw": "1",
      "pos": "TN",
      "forms": [
        {
          "type": "form",
          "id": "qpn-x-temple.x000060",
          "n": "e₂-hur-sag-kur-kur-ra",
          "icount": "14",
          "ipct": "100",
          "xis": "qpn.r00006"
        }
      ],
      "norms": [
        {
          "id": "qpn-x-temple.x000061",
          "icount": "14",
          "ipct": "100",
          "xis": "qpn.r00006",
          "n": "Ehursagkurkurra",
          "forms": [
            {
              "type": "normform",
              "id": "qpn-x-temple.x000062",
              "ref": "qpn-x-temple.x000060",
              "icount": "14",
              "ipct": "100",
              "xis": "qpn.r00006"
            }
          ]
        }
      ],
      "senses": [
        {
          "type": "sense",
          "id": "qpn-x-temple.x000063",
          "n": "Ehursagkurkurra[1//1]TN'TN",
          "icount": "14",
          "ipct": "100",
          "xis": "qpn.r00006",
          "pos": "TN",
          "mng": "1",
          "forms": [
            {
              "type": "form",
              "id": "qpn-x-temple.x000064",
              "n": "e₂-hur-sag-kur-kur-ra",
              "icount": "14",
              "ipct": "100",
              "xis": "qpn.r00006"
            }
          ],
          "norms": [
            {
              "id": "qpn-x-temple.x000065",
              "n": "Ehursagkurkurra",
              "icount": "14",
              "ipct": "100",
              "xis": "qpn.r00006"
            }
          ],
          "sigs": [
            {
              "type": "sig",
              "id": "qpn-x-temple.x000066",
              "sig": "@riao%akk:e₂-hur-sag-kur-kur-ra=Ehursagkurkurra[1//1]TN'TN$Ehursagkurkurra",
              "icount": "14",
              "ipct": "100",
              "xis": "qpn.r00006"
            }
          ]
        }
      ]
    },
    {
      "headword": "Ekisiga[His Silent Temple]TN",
      "id": "qpn-x-temple.x000008",
      "icount": "1",
      "ipct": "100",
      "xis": "qpn.r00007",
      "cf": "Ekisiga",
      "gw": "His Silent Temple",
      "pos": "TN",
      "forms": [
        {
          "type": "form",
          "id": "qpn-x-temple.x000067",
          "n": "e₂-ki-si-ga",
          "icount": "1",
          "ipct": "100",
          "xis": "qpn.r00007"
        }
      ],
      "norms": [
        {
          "id": "qpn-x-temple.x000068",
          "icount": "1",
          "ipct": "100",
          "xis": "qpn.r00007",
          "n": "Ekisiga",
          "forms": [
            {
              "type": "normform",
              "id": "qpn-x-temple.x000069",
              "ref": "qpn-x-temple.x000067",
              "icount": "1",
              "ipct": "100",
              "xis": "qpn.r00007"
            }
          ]
        }
      ],
      "senses": [
        {
          "type": "sense",
          "id": "qpn-x-temple.x000070",
          "n": "Ekisiga[His Silent Temple//His Silent Temple]TN'TN",
          "icount": "1",
          "ipct": "100",
          "xis": "qpn.r00007",
          "pos": "TN",
          "mng": "His Silent Temple",
          "forms": [
            {
              "type": "form",
              "id": "qpn-x-temple.x000071",
              "n": "e₂-ki-si-ga",
              "icount": "1",
              "ipct": "100",
              "xis": "qpn.r00007"
            }
          ],
          "norms": [
            {
              "id": "qpn-x-temple.x000072",
              "n": "Ekisiga",
              "icount": "1",
              "ipct": "100",
              "xis": "qpn.r00007"
            }
          ],
          "sigs": [
            {
              "type": "sig",
              "id": "qpn-x-temple.x000073",
              "sig": "@riao%akk:e₂-ki-si-ga=Ekisiga[His Silent Temple//His Silent Temple]TN'TN$Ekisiga",
              "icount": "1",
              "ipct": "100",
              "xis": "qpn.r00007"
            }
          ]
        }
      ]
    },
    {
      "headword": "Ekituškuga[Her Treasure House]TN",
      "id": "qpn-x-temple.x000009",
      "icount": "2",
      "ipct": "100",
      "xis": "qpn.r00008",
      "cf": "Ekituškuga",
      "gw": "Her Treasure House",
      "pos": "TN",
      "forms": [
        {
          "type": "form",
          "id": "qpn-x-temple.x000074",
          "n": "e₂-ki-tuš-ku₃-ga",
          "icount": "2",
          "ipct": "100",
          "xis": "qpn.r00008"
        }
      ],
      "norms": [
        {
          "id": "qpn-x-temple.x000075",
          "icount": "2",
          "ipct": "100",
          "xis": "qpn.r00008",
          "n": "Ekituškuga",
          "forms": [
            {
              "type": "normform",
              "id": "qpn-x-temple.x000076",
              "ref": "qpn-x-temple.x000074",
              "icount": "2",
              "ipct": "100",
              "xis": "qpn.r00008"
            }
          ]
        }
      ],
      "senses": [
        {
          "type": "sense",
          "id": "qpn-x-temple.x000077",
          "n": "Ekituškuga[Her Treasure House//Her Treasure House]TN'TN",
          "icount": "2",
          "ipct": "100",
          "xis": "qpn.r00008",
          "pos": "TN",
          "mng": "Her Treasure House",
          "forms": [
            {
              "type": "form",
              "id": "qpn-x-temple.x000078",
              "n": "e₂-ki-tuš-ku₃-ga",
              "icount": "2",
              "ipct": "100",
              "xis": "qpn.r00008"
            }
          ],
          "norms": [
            {
              "id": "qpn-x-temple.x000079",
              "n": "Ekituškuga",
              "icount": "2",
              "ipct": "100",
              "xis": "qpn.r00008"
            }
          ],
          "sigs": [
            {
              "type": "sig",
              "id": "qpn-x-temple.x000080",
              "sig": "@riao%akk:e₂-ki-tuš-ku₃-ga=Ekituškuga[Her Treasure House//Her Treasure House]TN'TN$Ekituškuga",
              "icount": "2",
              "ipct": "100",
              "xis": "qpn.r00008"
            }
          ]
        }
      ]
    },
    {
      "headword": "Eku[1]TN",
      "id": "qpn-x-temple.x000011",
      "icount": "1",
      "ipct": "100",
      "xis": "qpn.r00009",
      "cf": "Eku",
      "gw": "1",
      "pos": "TN",
      "forms": [
        {
          "type": "form",
          "id": "qpn-x-temple.x000081",
          "n": "e₂-ku₃",
          "icount": "1",
          "ipct": "100",
          "xis": "qpn.r00009"
        }
      ],
      "norms": [
        {
          "id": "qpn-x-temple.x000082",
          "icount": "1",
          "ipct": "100",
          "xis": "qpn.r00009",
          "n": "Eku",
          "forms": [
            {
              "type": "normform",
              "id": "qpn-x-temple.x000083",
              "ref": "qpn-x-temple.x000081",
              "icount": "1",
              "ipct": "100",
              "xis": "qpn.r00009"
            }
          ]
        }
      ],
      "senses": [
        {
          "type": "sense",
          "id": "qpn-x-temple.x000084",
          "n": "Eku[1//1]TN'TN",
          "icount": "1",
          "ipct": "100",
          "xis": "qpn.r00009",
          "pos": "TN",
          "mng": "1",
          "forms": [
            {
              "type": "form",
              "id": "qpn-x-temple.x000085",
              "n": "e₂-ku₃",
              "icount": "1",
              "ipct": "100",
              "xis": "qpn.r00009"
            }
          ],
          "norms": [
            {
              "id": "qpn-x-temple.x000086",
              "n": "Eku",
              "icount": "1",
              "ipct": "100",
              "xis": "qpn.r00009"
            }
          ],
          "sigs": [
            {
              "type": "sig",
              "id": "qpn-x-temple.x000087",
              "sig": "@riao%akk:e₂-ku₃=Eku[1//1]TN'TN$Eku",
              "icount": "1",
              "ipct": "100",
              "xis": "qpn.r00009"
            }
          ]
        }
      ]
    },
    {
      "headword": "Ekur[1]TN",
      "id": "qpn-x-temple.x000001",
      "icount": "20",
      "ipct": "100",
      "xis": "qpn.r0000a",
      "cf": "Ekur",
      "gw": "1",
      "pos": "TN",
      "forms": [
        {
          "type": "form",
          "id": "qpn-x-temple.x000088",
          "n": "E₂.KUR",
          "icount": "1",
          "ipct": "5",
          "xis": "qpn.r0000b"
        },
        {
          "type": "form",
          "id": "qpn-x-temple.x000089",
          "n": "e-kur",
          "icount": "1",
          "ipct": "5",
          "xis": "qpn.r0000c"
        },
        {
          "type": "form",
          "id": "qpn-x-temple.x000090",
          "n": "e₂-kur",
          "icount": "18",
          "ipct": "90",
          "xis": "qpn.r0000d"
        }
      ],
      "norms": [
        {
          "id": "qpn-x-temple.x000091",
          "icount": "20",
          "ipct": "100",
          "xis": "qpn.r0000a",
          "n": "Ekur",
          "forms": [
            {
              "type": "normform",
              "id": "qpn-x-temple.x000092",
              "ref": "qpn-x-temple.x000088",
              "icount": "1",
              "ipct": "5",
              "xis": "qpn.r0000b"
            },
            {
              "type": "normform",
              "id": "qpn-x-temple.x000093",
              "ref": "qpn-x-temple.x000089",
              "icount": "1",
              "ipct": "5",
              "xis": "qpn.r0000c"
            },
            {
              "type": "normform",
              "id": "qpn-x-temple.x000094",
              "ref": "qpn-x-temple.x000090",
              "icount": "18",
              "ipct": "90",
              "xis": "qpn.r0000d"
            }
          ]
        }
      ],
      "senses": [
        {
          "type": "sense",
          "id": "qpn-x-temple.x000095",
          "n": "Ekur[1//1]TN'TN",
          "icount": "20",
          "ipct": "100",
          "xis": "qpn.r0000a",
          "pos": "TN",
          "mng": "1",
          "forms": [
            {
              "type": "form",
              "id": "qpn-x-temple.x000096",
              "n": "E₂.KUR",
              "icount": "1",
              "ipct": "5",
              "xis": "qpn.r0000b"
            },
            {
              "type": "form",
              "id": "qpn-x-temple.x000097",
              "n": "e-kur",
              "icount": "1",
              "ipct": "5",
              "xis": "qpn.r0000c"
            },
            {
              "type": "form",
              "id": "qpn-x-temple.x000098",
              "n": "e₂-kur",
              "icount": "18",
              "ipct": "90",
              "xis": "qpn.r0000d"
            }
          ],
          "norms": [
            {
              "id": "qpn-x-temple.x000099",
              "n": "Ekur",
              "icount": "20",
              "ipct": "100",
              "xis": "qpn.r0000a"
            }
          ],
          "sigs": [
            {
              "type": "sig",
              "id": "qpn-x-temple.x000100",
              "sig": "@riao%akk:E₂.KUR=Ekur[1//1]TN'TN$Ekur",
              "icount": "1",
              "ipct": "5",
              "xis": "qpn.r0000b"
            },
            {
              "type": "sig",
              "id": "qpn-x-temple.x000101",
              "sig": "@riao%akk:e-kur=Ekur[1//1]TN'TN$Ekur",
              "icount": "1",
              "ipct": "5",
              "xis": "qpn.r0000c"
            },
            {
              "type": "sig",
              "id": "qpn-x-temple.x000102",
              "sig": "@riao%akk:e₂-kur=Ekur[1//1]TN'TN$Ekur",
              "icount": "18",
              "ipct": "90",
              "xis": "qpn.r0000d"
            }
          ]
        }
      ]
    },
    {
      "headword": "Ekurmešarra[1]TN",
      "id": "qpn-x-temple.x000010",
      "icount": "2",
      "ipct": "100",
      "xis": "qpn.r0000e",
      "cf": "Ekurmešarra",
      "gw": "1",
      "pos": "TN",
      "forms": [
        {
          "type": "form",
          "id": "qpn-x-temple.x000103",
          "n": "e₂-kur-me-šar₂-ra",
          "icount": "2",
          "ipct": "100",
          "xis": "qpn.r0000e"
        }
      ],
      "norms": [
        {
          "id": "qpn-x-temple.x000104",
          "icount": "2",
          "ipct": "100",
          "xis": "qpn.r0000e",
          "n": "Ekurmešarra",
          "forms": [
            {
              "type": "normform",
              "id": "qpn-x-temple.x000105",
              "ref": "qpn-x-temple.x000103",
              "icount": "2",
              "ipct": "100",
              "xis": "qpn.r0000e"
            }
          ]
        }
      ],
      "senses": [
        {
          "type": "sense",
          "id": "qpn-x-temple.x000106",
          "n": "Ekurmešarra[1//1]TN'TN",
          "icount": "2",
          "ipct": "100",
          "xis": "qpn.r0000e",
          "pos": "TN",
          "mng": "1",
          "forms": [
            {
              "type": "form",
              "id": "qpn-x-temple.x000107",
              "n": "e₂-kur-me-šar₂-ra",
              "icount": "2",
              "ipct": "100",
              "xis": "qpn.r0000e"
            }
          ],
          "norms": [
            {
              "id": "qpn-x-temple.x000108",
              "n": "Ekurmešarra",
              "icount": "2",
              "ipct": "100",
              "xis": "qpn.r0000e"
            }
          ],
          "sigs": [
            {
              "type": "sig",
              "id": "qpn-x-temple.x000109",
              "sig": "@riao%akk:e₂-kur-me-šar₂-ra=Ekurmešarra[1//1]TN'TN$Ekurmešarra",
              "icount": "2",
              "ipct": "100",
              "xis": "qpn.r0000e"
            }
          ]
        }
      ]
    },
    {
      "headword": "Elugalumunkurkurra[1]TN",
      "id": "qpn-x-temple.x000012",
      "icount": "4",
      "ipct": "100",
      "xis": "qpn.r0000f",
      "cf": "Elugalumunkurkurra",
      "gw": "1",
      "pos": "TN",
      "forms": [
        {
          "type": "form",
          "id": "qpn-x-temple.x000110",
          "n": "e₂-lugal-umun-kur-kur-ra",
          "icount": "4",
          "ipct": "100",
          "xis": "qpn.r0000f"
        }
      ],
      "norms": [
        {
          "id": "qpn-x-temple.x000111",
          "icount": "4",
          "ipct": "100",
          "xis": "qpn.r0000f",
          "n": "Elugalumunkurkurra",
          "forms": [
            {
              "type": "normform",
              "id": "qpn-x-temple.x000112",
              "ref": "qpn-x-temple.x000110",
              "icount": "4",
              "ipct": "100",
              "xis": "qpn.r0000f"
            }
          ]
        }
      ],
      "senses": [
        {
          "type": "sense",
          "id": "qpn-x-temple.x000113",
          "n": "Elugalumunkurkurra[1//1]TN'TN",
          "icount": "4",
          "ipct": "100",
          "xis": "qpn.r0000f",
          "pos": "TN",
          "mng": "1",
          "forms": [
            {
              "type": "form",
              "id": "qpn-x-temple.x000114",
              "n": "e₂-lugal-umun-kur-kur-ra",
              "icount": "4",
              "ipct": "100",
              "xis": "qpn.r0000f"
            }
          ],
          "norms": [
            {
              "id": "qpn-x-temple.x000115",
              "n": "Elugalumunkurkurra",
              "icount": "4",
              "ipct": "100",
              "xis": "qpn.r0000f"
            }
          ],
          "sigs": [
            {
              "type": "sig",
              "id": "qpn-x-temple.x000116",
              "sig": "@riao%akk:e₂-lugal-umun-kur-kur-ra=Elugalumunkurkurra[1//1]TN'TN$Elugalumunkurkurra",
              "icount": "4",
              "ipct": "100",
              "xis": "qpn.r0000f"
            }
          ]
        }
      ]
    },
    {
      "headword": "Eme[Temple of Cultic Rubrics]TN",
      "id": "qpn-x-temple.x000014",
      "icount": "1",
      "ipct": "100",
      "xis": "qpn.r00010",
      "cf": "Eme",
      "gw": "Temple of Cultic Rubrics",
      "pos": "TN",
      "forms": [
        {
          "type": "form",
          "id": "qpn-x-temple.x000117",
          "n": "e₂-me",
          "icount": "1",
          "ipct": "100",
          "xis": "qpn.r00010"
        }
      ],
      "norms": [
        {
          "id": "qpn-x-temple.x000118",
          "icount": "1",
          "ipct": "100",
          "xis": "qpn.r00010",
          "n": "Eme",
          "forms": [
            {
              "type": "normform",
              "id": "qpn-x-temple.x000119",
              "ref": "qpn-x-temple.x000117",
              "icount": "1",
              "ipct": "100",
              "xis": "qpn.r00010"
            }
          ]
        }
      ],
      "senses": [
        {
          "type": "sense",
          "id": "qpn-x-temple.x000120",
          "n": "Eme[Temple of Cultic Rubrics//Temple of Cultic Rubrics]TN'TN",
          "icount": "1",
          "ipct": "100",
          "xis": "qpn.r00010",
          "pos": "TN",
          "mng": "Temple of Cultic Rubrics",
          "forms": [
            {
              "type": "form",
              "id": "qpn-x-temple.x000121",
              "n": "e₂-me",
              "icount": "1",
              "ipct": "100",
              "xis": "qpn.r00010"
            }
          ],
          "norms": [
            {
              "id": "qpn-x-temple.x000122",
              "n": "Eme",
              "icount": "1",
              "ipct": "100",
              "xis": "qpn.r00010"
            }
          ],
          "sigs": [
            {
              "type": "sig",
              "id": "qpn-x-temple.x000123",
              "sig": "@riao%akk:e₂-me=Eme[Temple of Cultic Rubrics//Temple of Cultic Rubrics]TN'TN$Eme",
              "icount": "1",
              "ipct": "100",
              "xis": "qpn.r00010"
            }
          ]
        }
      ]
    },
    {
      "headword": "Emenue[1]TN",
      "id": "qpn-x-temple.x000013",
      "icount": "1",
      "ipct": "100",
      "xis": "qpn.r00011",
      "cf": "Emenue",
      "gw": "1",
      "pos": "TN",
      "forms": [
        {
          "type": "form",
          "id": "qpn-x-temple.x000124",
          "n": "e₂-me-nu-e₃",
          "icount": "1",
          "ipct": "100",
          "xis": "qpn.r00011"
        }
      ],
      "norms": [
        {
          "id": "qpn-x-temple.x000125",
          "icount": "1",
          "ipct": "100",
          "xis": "qpn.r00011",
          "n": "Emenue",
          "forms": [
            {
              "type": "normform",
              "id": "qpn-x-temple.x000126",
              "ref": "qpn-x-temple.x000124",
              "icount": "1",
              "ipct": "100",
              "xis": "qpn.r00011"
            }
          ]
        }
      ],
      "senses": [
        {
          "type": "sense",
          "id": "qpn-x-temple.x000127",
          "n": "Emenue[1//1]TN'TN",
          "icount": "1",
          "ipct": "100",
          "xis": "qpn.r00011",
          "pos": "TN",
          "mng": "1",
          "forms": [
            {
              "type": "form",
              "id": "qpn-x-temple.x000128",
              "n": "e₂-me-nu-e₃",
              "icount": "1",
              "ipct": "100",
              "xis": "qpn.r00011"
            }
          ],
          "norms": [
            {
              "id": "qpn-x-temple.x000129",
              "n": "Emenue",
              "icount": "1",
              "ipct": "100",
              "xis": "qpn.r00011"
            }
          ],
          "sigs": [
            {
              "type": "sig",
              "id": "qpn-x-temple.x000130",
              "sig": "@riao%akk:e₂-me-nu-e₃=Emenue[1//1]TN'TN$Emenue",
              "icount": "1",
              "ipct": "100",
              "xis": "qpn.r00011"
            }
          ]
        }
      ]
    },
    {
      "headword": "Ešarra[1]TN",
      "id": "qpn-x-temple.x000015",
      "icount": "2",
      "ipct": "100",
      "xis": "qpn.r00012",
      "cf": "Ešarra",
      "gw": "1",
      "pos": "TN",
      "forms": [
        {
          "type": "form",
          "id": "qpn-x-temple.x000131",
          "n": "e₂-šar₂-ra",
          "icount": "2",
          "ipct": "100",
          "xis": "qpn.r00012"
        }
      ],
      "norms": [
        {
          "id": "qpn-x-temple.x000132",
          "icount": "2",
          "ipct": "100",
          "xis": "qpn.r00012",
          "n": "Ešarra",
          "forms": [
            {
              "type": "normform",
              "id": "qpn-x-temple.x000133",
              "ref": "qpn-x-temple.x000131",
              "icount": "2",
              "ipct": "100",
              "xis": "qpn.r00012"
            }
          ]
        }
      ],
      "senses": [
        {
          "type": "sense",
          "id": "qpn-x-temple.x000134",
          "n": "Ešarra[1//1]TN'TN",
          "icount": "2",
          "ipct": "100",
          "xis": "qpn.r00012",
          "pos": "TN",
          "mng": "1",
          "forms": [
            {
              "type": "form",
              "id": "qpn-x-temple.x000135",
              "n": "e₂-šar₂-ra",
              "icount": "2",
              "ipct": "100",
              "xis": "qpn.r00012"
            }
          ],
          "norms": [
            {
              "id": "qpn-x-temple.x000136",
              "n": "Ešarra",
              "icount": "2",
              "ipct": "100",
              "xis": "qpn.r00012"
            }
          ],
          "sigs": [
            {
              "type": "sig",
              "id": "qpn-x-temple.x000137",
              "sig": "@riao%akk:e₂-šar₂-ra=Ešarra[1//1]TN'TN$Ešarra",
              "icount": "2",
              "ipct": "100",
              "xis": "qpn.r00012"
            }
          ]
        }
      ]
    },
    {
      "headword": "Rimum[Wild Bull]TN",
      "id": "qpn-x-temple.x000016",
      "icount": "2",
      "ipct": "100",
      "xis": "qpn.r00013",
      "cf": "Rimum",
      "gw": "Wild Bull",
      "pos": "TN",
      "forms": [
        {
          "type": "form",
          "id": "qpn-x-temple.x000138",
          "n": "ri-mu-um",
          "icount": "2",
          "ipct": "100",
          "xis": "qpn.r00013"
        }
      ],
      "norms": [
        {
          "id": "qpn-x-temple.x000139",
          "icount": "2",
          "ipct": "100",
          "xis": "qpn.r00013",
          "n": "Rimum",
          "forms": [
            {
              "type": "normform",
              "id": "qpn-x-temple.x000140",
              "ref": "qpn-x-temple.x000138",
              "icount": "2",
              "ipct": "100",
              "xis": "qpn.r00013"
            }
          ]
        }
      ],
      "senses": [
        {
          "type": "sense",
          "id": "qpn-x-temple.x000141",
          "n": "Rimum[Wild Bull//Wild Bull]TN'TN",
          "icount": "2",
          "ipct": "100",
          "xis": "qpn.r00013",
          "pos": "TN",
          "mng": "Wild Bull",
          "forms": [
            {
              "type": "form",
              "id": "qpn-x-temple.x000142",
              "n": "ri-mu-um",
              "icount": "2",
              "ipct": "100",
              "xis": "qpn.r00013"
            }
          ],
          "norms": [
            {
              "id": "qpn-x-temple.x000143",
              "n": "Rimum",
              "icount": "2",
              "ipct": "100",
              "xis": "qpn.r00013"
            }
          ],
          "sigs": [
            {
              "type": "sig",
              "id": "qpn-x-temple.x000144",
              "sig": "@riao%akk:ri-mu-um=Rimum[Wild Bull//Wild Bull]TN'TN$Rimum",
              "icount": "2",
              "ipct": "100",
              "xis": "qpn.r00013"
            }
          ]
        }
      ]
    },
    {
      "headword": "X-Dagan[1]TN",
      "id": "qpn-x-temple.x000017",
      "icount": "1",
      "ipct": "100",
      "xis": "qpn.r00014",
      "cf": "X-Dagan",
      "gw": "1",
      "pos": "TN",
      "forms": [
        {
          "type": "form",
          "id": "qpn-x-temple.x000145",
          "n": "x-{d}da-gan",
          "icount": "1",
          "ipct": "100",
          "xis": "qpn.r00014"
        }
      ],
      "norms": [
        {
          "id": "qpn-x-temple.x000146",
          "icount": "1",
          "ipct": "100",
          "xis": "qpn.r00014",
          "n": "X-Dagan",
          "forms": [
            {
              "type": "normform",
              "id": "qpn-x-temple.x000147",
              "ref": "qpn-x-temple.x000145",
              "icount": "1",
              "ipct": "100",
              "xis": "qpn.r00014"
            }
          ]
        }
      ],
      "senses": [
        {
          "type": "sense",
          "id": "qpn-x-temple.x000148",
          "n": "X-Dagan[1//1]TN'TN",
          "icount": "1",
          "ipct": "100",
          "xis": "qpn.r00014",
          "pos": "TN",
          "mng": "1",
          "forms": [
            {
              "type": "form",
              "id": "qpn-x-temple.x000149",
              "n": "x-{d}da-gan",
              "icount": "1",
              "ipct": "100",
              "xis": "qpn.r00014"
            }
          ],
          "norms": [
            {
              "id": "qpn-x-temple.x000150",
              "n": "X-Dagan",
              "icount": "1",
              "ipct": "100",
              "xis": "qpn.r00014"
            }
          ],
          "sigs": [
            {
              "type": "sig",
              "id": "qpn-x-temple.x000151",
              "sig": "@riao%akk:x-{d}da-gan=X-Dagan[1//1]TN'TN$X-Dagan",
              "icount": "1",
              "ipct": "100",
              "xis": "qpn.r00014"
            }
          ]
        }
      ]
    }
  ],
  "instances": {
    "qpn.r00003": [
      "riao:Q005929.94.1"
    ],
    "qpn.r00001": [
      "riao:Q005645.52.1"
    ],
    "qpn.r00002": [
      "riao:Q005936.22.1"
    ],
    "qpn.r00000": [
      "riao:Q004472.36.1",
      "riao:Q004510.15.8"
    ],
    "qpn.r00004": [
      "riao:Q005858.14.1"
    ],
    "qpn.r00005": [
      "riao:Q005804.14.1",
      "riao:Q005898.2.2"
    ],
    "qpn.r00008": [
      "riao:Q005646.55.1",
      "riao:Q005646.79.2"
    ],
    "qpn.r00007": [
      "riao:Q005652.6.2"
    ],
    "qpn.r00006": [
      "riao:Q005739.13.5",
      "riao:Q005755.18.5",
      "riao:Q005789.112.2",
      "riao:Q005789.164.8",
      "riao:Q005789.6.2",
      "riao:Q005790.5.4",
      "riao:Q005791.6.1",
      "riao:Q005792.19.3",
      "riao:Q005793.19.1",
      "riao:Q005793.7.1",
      "riao:Q005801.4.2",
      "riao:Q005926.27.3",
      "riao:Q005927.11.10",
      "riao:Q005998.39.1"
    ],
    "qpn.r00009": [
      "riao:Q004494.36.4"
    ],
    "qpn.r0000c": [
      "riao:Q005799.7.2"
    ],
    "qpn.r0000e": [
      "riao:Q005859.114.1",
      "riao:Q005861.29.6"
    ],
    "qpn.r0000a": [
      "riao:Q004455.3.12",
      "riao:Q004457.4.6",
      "riao:Q005738.29.2",
      "riao:Q005790.20.4",
      "riao:Q005790.4.4",
      "riao:Q005791.36.1",
      "riao:Q005792.3.4",
      "riao:Q005793.23.4",
      "riao:Q005793.5.2",
      "riao:Q005799.7.2",
      "riao:Q005806.4.1",
      "riao:Q005838.12.3",
      "riao:Q005844.5.15",
      "riao:Q005859.51.3",
      "riao:Q005863.1.5",
      "riao:Q005863.5.4",
      "riao:Q005929.3.3",
      "riao:Q005935.3.3",
      "riao:Q005985.3.9",
      "riao:Q006035.29.10"
    ],
    "qpn.r0000b": [
      "riao:Q006035.29.10"
    ],
    "qpn.r00010": [
      "riao:Q005847.38.2"
    ],
    "qpn.r0000d": [
      "riao:Q004455.3.12",
      "riao:Q004457.4.6",
      "riao:Q005738.29.2",
      "riao:Q005790.20.4",
      "riao:Q005790.4.4",
      "riao:Q005791.36.1",
      "riao:Q005792.3.4",
      "riao:Q005793.23.4",
      "riao:Q005793.5.2",
      "riao:Q005806.4.1",
      "riao:Q005838.12.3",
      "riao:Q005844.5.15",
      "riao:Q005859.51.3",
      "riao:Q005863.1.5",
      "riao:Q005863.5.4",
      "riao:Q005929.3.3",
      "riao:Q005935.3.3",
      "riao:Q005985.3.9"
    ],
    "qpn.r0000f": [
      "riao:Q005839.30.3",
      "riao:Q005841.79.3",
      "riao:Q005866.3.2",
      "riao:Q005872.4.2"
    ],
    "qpn.r00011": [
      "riao:Q005646.17.2"
    ],
    "qpn.r00012": [
      "riao:Q004482.5.12",
      "riao:Q005984.6.4"
    ],
    "qpn.r00013": [
      "riao:Q005621.16.3",
      "riao:Q005630.22.1"
    ],
    "qpn.r00014": [
      "riao:Q005618.13.1"
    ],
    "qpn.r00003.p.s000": [
      "riao:Q005929.94.1"
    ],
    "qpn.r00001.p.s000": [
      "riao:Q005645.52.1"
    ],
    "qpn.r00002.p.s000": [
      "riao:Q005936.22.1"
    ],
    "qpn.r00000.p.s000": [
      "riao:Q004472.36.1",
      "riao:Q004510.15.8"
    ],
    "qpn.r00004.p.s000": [
      "riao:Q005858.14.1"
    ],
    "qpn.r00005.p.s000": [
      "riao:Q005898.2.2",
      "riao:Q005804.14.1"
    ],
    "qpn.r00008.p.s000": [
      "riao:Q005646.55.1",
      "riao:Q005646.79.2"
    ],
    "qpn.r00007.p.s000": [
      "riao:Q005652.6.2"
    ],
    "qpn.r00006.p.s000": [
      "riao:Q005739.13.5",
      "riao:Q005755.18.5",
      "riao:Q005998.39.1",
      "riao:Q005789.6.2",
      "riao:Q005789.112.2",
      "riao:Q005789.164.8",
      "riao:Q005790.5.4",
      "riao:Q005791.6.1",
      "riao:Q005792.19.3",
      "riao:Q005793.7.1",
      "riao:Q005793.19.1",
      "riao:Q005801.4.2",
      "riao:Q005926.27.3",
      "riao:Q005927.11.10"
    ],
    "qpn.r00009.p.s000": [
      "riao:Q004494.36.4"
    ],
    "qpn.r0000c.p.s000": [
      "riao:Q005799.7.2"
    ],
    "qpn.r0000e.p.s000": [
      "riao:Q005859.114.1",
      "riao:Q005861.29.6"
    ],
    "qpn.r0000a.p.s000": [
      "riao:Q005738.29.2",
      "riao:Q005985.3.9",
      "riao:Q005790.4.4",
      "riao:Q005790.20.4",
      "riao:Q005791.36.1",
      "riao:Q005792.3.4",
      "riao:Q005793.5.2",
      "riao:Q005793.23.4",
      "riao:Q005799.7.2",
      "riao:Q005806.4.1",
      "riao:Q005929.3.3",
      "riao:Q005935.3.3",
      "riao:Q005838.12.3",
      "riao:Q005844.5.15",
      "riao:Q005859.51.3",
      "riao:Q005863.1.5",
      "riao:Q005863.5.4"
    ],
    "qpn.r0000a.p.s001": [
      "riao:Q004455.3.12",
      "riao:Q004457.4.6",
      "riao:Q006035.29.10"
    ],
    "qpn.r0000b.p.s000": [
      "riao:Q006035.29.10"
    ],
    "qpn.r00010.p.s000": [
      "riao:Q005847.38.2"
    ],
    "qpn.r0000d.p.s000": [
      "riao:Q005738.29.2",
      "riao:Q005985.3.9",
      "riao:Q005790.4.4",
      "riao:Q005790.20.4",
      "riao:Q005791.36.1",
      "riao:Q005792.3.4",
      "riao:Q005793.5.2",
      "riao:Q005793.23.4",
      "riao:Q005806.4.1",
      "riao:Q005929.3.3",
      "riao:Q005935.3.3",
      "riao:Q005838.12.3",
      "riao:Q005844.5.15",
      "riao:Q005859.51.3",
      "riao:Q005863.1.5",
      "riao:Q005863.5.4"
    ],
    "qpn.r0000d.p.s001": [
      "riao:Q004455.3.12",
      "riao:Q004457.4.6"
    ],
    "qpn.r0000f.p.s000": [
      "riao:Q005839.30.3",
      "riao:Q005841.79.3",
      "riao:Q005866.3.2",
      "riao:Q005872.4.2"
    ],
    "qpn.r00011.p.s000": [
      "riao:Q005646.17.2"
    ],
    "qpn.r00012.p.s000": [
      "riao:Q005984.6.4"
    ],
    "qpn.r00012.p.s001": [
      "riao:Q004482.5.12"
    ],
    "qpn.r00013.p.s000": [
      "riao:Q005621.16.3",
      "riao:Q005630.22.1"
    ],
    "qpn.r00014.p.s000": [
      "riao:Q005618.13.1"
    ]
  }
}
