{
  "type": "cdl",
  "source": "http://oracc.org/saao/saa05",
  "license": "This data is released under the CC0 license",
  "license-url": "https://creativecommons.org/publicdomain/zero/1.0/",
  "more-info": "http://oracc.org/doc/opendata/",
  "UTC-timestamp": "2017-06-10T00:40:50",
  "project": "saao/saa05",
  "textid": "P313686",
  "cdl": [
    {
      "node": "c",
      "type": "text",
      "id": "P313686.U0",
      "cdl": [
        {
          "node": "d",
          "type": "object",
          "ref": ""
        },
        {
          "node": "d",
          "subtype": "obverse",
          "type": "obverse",
          "ref": "P313686.o.1",
          "label": "o"
        },
        {
          "node": "d",
          "type": "nonx",
          "ref": "P313686.2",
          "strict": "0",
          "extent": "beginning",
          "state": "missing"
        },
        {
          "node": "c",
          "type": "discourse",
          "subtype": "body",
          "id": "P313686.U1",
          "cdl": [
            {
              "node": "c",
              "type": "sentence",
              "id": "P313686.U2",
              "label": "o 1' - o 5'",
              "cdl": [
                {
                  "node": "d",
                  "type": "line-start",
                  "ref": "P313686.3",
                  "n": "1'",
                  "label": "o 1'"
                },
                {
                  "node": "l",
                  "frag": "[x",
                  "id": "P313686.l049b0",
                  "ref": "P313686.3.1",
                  "inst": "u",
                  "f": {
                    "lang": "akk-x-neoass",
                    "form": "x",
                    "pos": "u"
                  }
                },
                {
                  "node": "l",
                  "frag": "x",
                  "id": "P313686.l049b1",
                  "ref": "P313686.3.2",
                  "inst": "u",
                  "f": {
                    "lang": "akk-x-neoass",
                    "form": "x",
                    "pos": "u"
                  }
                },
                {
                  "node": "l",
                  "frag": "x",
                  "id": "P313686.l049b2",
                  "ref": "P313686.3.3",
                  "inst": "u",
                  "f": {
                    "lang": "akk-x-neoass",
                    "form": "x",
                    "pos": "u"
                  }
                },
                {
                  "node": "l",
                  "frag": "šar]-ru-tu₂",
                  "id": "P313686.l049b3",
                  "ref": "P313686.3.4",
                  "inst": "šarrūtu[kingship]N$",
                  "sig": "@saao/saa05%akk-x-neoass:šar-ru-tu₂=šarrūtu[kingship//kingship]N'N$šarrūtu",
                  "f": {
                    "lang": "akk-x-neoass",
                    "form": "šar-ru-tu₂",
                    "cf": "šarrūtu",
                    "gw": "kingship",
                    "sense": "kingship",
                    "norm": "šarrūtu",
                    "pos": "N",
                    "epos": "N"
                  }
                },
                {
                  "node": "l",
                  "frag": "ša\\t",
                  "id": "P313686.l049b4",
                  "ref": "P313686.3.5",
                  "inst": "ša[of]DET",
                  "sig": "@saao/saa05%akk-x-neoass:ša=ša[of//of]DET'DET$ša",
                  "f": {
                    "lang": "akk-x-neoass",
                    "form": "ša",
                    "cf": "ša",
                    "gw": "of",
                    "sense": "of",
                    "norm": "ša",
                    "pos": "DET",
                    "epos": "DET"
                  }
                },
                {
                  "node": "l",
                  "frag": "[x",
                  "id": "P313686.l049b5",
                  "ref": "P313686.3.6",
                  "inst": "u",
                  "f": {
                    "lang": "akk-x-neoass",
                    "form": "x",
                    "pos": "u"
                  }
                },
                {
                  "node": "l",
                  "frag": "x]",
                  "id": "P313686.l049b6",
                  "ref": "P313686.3.7",
                  "inst": "u",
                  "f": {
                    "lang": "akk-x-neoass",
                    "form": "x",
                    "pos": "u"
                  }
                },
                {
                  "node": "d",
                  "type": "line-start",
                  "ref": "P313686.4",
                  "n": "2'",
                  "label": "o 2'"
                },
                {
                  "node": "l",
                  "frag": "[x",
                  "id": "P313686.l049b7",
                  "ref": "P313686.4.1",
                  "inst": "u",
                  "f": {
                    "lang": "akk-x-neoass",
                    "form": "x",
                    "pos": "u"
                  }
                },
                {
                  "node": "l",
                  "frag": "x",
                  "id": "P313686.l049b8",
                  "ref": "P313686.4.2",
                  "inst": "u",
                  "f": {
                    "lang": "akk-x-neoass",
                    "form": "x",
                    "pos": "u"
                  }
                },
                {
                  "node": "l",
                  "frag": "x]",
                  "id": "P313686.l049b9",
                  "ref": "P313686.4.3",
                  "inst": "u",
                  "f": {
                    "lang": "akk-x-neoass",
                    "form": "x",
                    "pos": "u"
                  }
                },
                {
                  "node": "l",
                  "frag": "⸢ša",
                  "id": "P313686.l049ba",
                  "ref": "P313686.4.4",
                  "inst": "ša[of]DET",
                  "sig": "@saao/saa05%akk-x-neoass:ša=ša[of//of]DET'DET$ša",
                  "f": {
                    "lang": "akk-x-neoass",
                    "form": "ša",
                    "cf": "ša",
                    "gw": "of",
                    "sense": "of",
                    "norm": "ša",
                    "pos": "DET",
                    "epos": "DET"
                  }
                },
                {
                  "node": "l",
                  "frag": "BANŠUR⸣",
                  "id": "P313686.l049bb",
                  "ref": "P313686.4.5",
                  "inst": "paššuru[table]N$paššūri",
                  "sig": "@saao/saa05%akk-x-neoass:BANŠUR=paššuru[table//table]N'N$paššūri",
                  "f": {
                    "lang": "akk-x-neoass",
                    "form": "BANŠUR",
                    "cf": "paššuru",
                    "gw": "table",
                    "sense": "table",
                    "norm": "paššūri",
                    "pos": "N",
                    "epos": "N"
                  }
                },
                {
                  "node": "l",
                  "frag": "[x",
                  "id": "P313686.l049bc",
                  "ref": "P313686.4.6",
                  "inst": "u",
                  "f": {
                    "lang": "akk-x-neoass",
                    "form": "x",
                    "pos": "u"
                  }
                },
                {
                  "node": "l",
                  "frag": "x]",
                  "id": "P313686.l049bd",
                  "ref": "P313686.4.7",
                  "inst": "u",
                  "f": {
                    "lang": "akk-x-neoass",
                    "form": "x",
                    "pos": "u"
                  }
                },
                {
                  "node": "d",
                  "type": "line-start",
                  "ref": "P313686.5",
                  "n": "3'",
                  "label": "o 3'"
                },
                {
                  "node": "l",
                  "frag": "[x",
                  "id": "P313686.l049be",
                  "ref": "P313686.5.1",
                  "inst": "u",
                  "f": {
                    "lang": "akk-x-neoass",
                    "form": "x",
                    "pos": "u"
                  }
                },
                {
                  "node": "l",
                  "frag": "x",
                  "id": "P313686.l049bf",
                  "ref": "P313686.5.2",
                  "inst": "u",
                  "f": {
                    "lang": "akk-x-neoass",
                    "form": "x",
                    "pos": "u"
                  }
                },
                {
                  "node": "l",
                  "frag": "x",
                  "id": "P313686.l049c0",
                  "ref": "P313686.5.3",
                  "inst": "u",
                  "f": {
                    "lang": "akk-x-neoass",
                    "form": "x",
                    "pos": "u"
                  }
                },
                {
                  "node": "l",
                  "frag": "x]+⸢x⸣",
                  "id": "P313686.l049c1",
                  "ref": "P313686.5.4",
                  "inst": "u",
                  "f": {
                    "lang": "akk-x-neoass",
                    "form": "x+x",
                    "pos": "u"
                  }
                },
                {
                  "node": "l",
                  "frag": "{1}aš-šur-MAN-[x",
                  "id": "P313686.l049c2",
                  "ref": "P313686.5.5",
                  "inst": "u",
                  "f": {
                    "lang": "akk-x-neoass",
                    "form": "{1}aš-šur-MAN-x",
                    "pos": "u"
                  }
                },
                {
                  "node": "l",
                  "frag": "x]",
                  "id": "P313686.l049c3",
                  "ref": "P313686.5.6",
                  "inst": "u",
                  "f": {
                    "lang": "akk-x-neoass",
                    "form": "x",
                    "pos": "u"
                  }
                },
                {
                  "node": "d",
                  "type": "line-start",
                  "ref": "P313686.6",
                  "n": "4'",
                  "label": "o 4'"
                },
                {
                  "node": "l",
                  "frag": "[x",
                  "id": "P313686.l049c4",
                  "ref": "P313686.6.1",
                  "inst": "u",
                  "f": {
                    "lang": "akk-x-neoass",
                    "form": "x",
                    "pos": "u"
                  }
                },
                {
                  "node": "l",
                  "frag": "x",
                  "id": "P313686.l049c5",
                  "ref": "P313686.6.2",
                  "inst": "u",
                  "f": {
                    "lang": "akk-x-neoass",
                    "form": "x",
                    "pos": "u"
                  }
                },
                {
                  "node": "l",
                  "frag": "x",
                  "id": "P313686.l049c6",
                  "ref": "P313686.6.3",
                  "inst": "u",
                  "f": {
                    "lang": "akk-x-neoass",
                    "form": "x",
                    "pos": "u"
                  }
                },
                {
                  "node": "l",
                  "frag": "x]",
                  "id": "P313686.l049c7",
                  "ref": "P313686.6.4",
                  "inst": "u",
                  "f": {
                    "lang": "akk-x-neoass",
                    "form": "x",
                    "pos": "u"
                  }
                },
                {
                  "node": "l",
                  "frag": "{1}aš-šur-⸢ZU\\t⸣",
                  "id": "P313686.l049c8",
                  "ref": "P313686.6.5",
                  "inst": "Aššur-leʾi[1]PN",
                  "sig": "@saao/saa05%akk-x-neoass:{1}aš-šur-ZU=Aššur-leʾi[1//1]PN'PN$Aššur-leʾi",
                  "f": {
                    "lang": "akk-x-neoass",
                    "form": "{1}aš-šur-ZU",
                    "cf": "Aššur-leʾi",
                    "gw": "1",
                    "sense": "1",
                    "norm": "Aššur-leʾi",
                    "pos": "PN",
                    "epos": "PN"
                  }
                },
                {
                  "node": "l",
                  "frag": "[x",
                  "id": "P313686.l049c9",
                  "ref": "P313686.6.6",
                  "inst": "u",
                  "f": {
                    "lang": "akk-x-neoass",
                    "form": "x",
                    "pos": "u"
                  }
                },
                {
                  "node": "l",
                  "frag": "x]",
                  "id": "P313686.l049ca",
                  "ref": "P313686.6.7",
                  "inst": "u",
                  "f": {
                    "lang": "akk-x-neoass",
                    "form": "x",
                    "pos": "u"
                  }
                },
                {
                  "node": "d",
                  "type": "line-start",
                  "ref": "P313686.7",
                  "n": "5'",
                  "label": "o 5'"
                },
                {
                  "node": "l",
                  "frag": "[x",
                  "id": "P313686.l049cb",
                  "ref": "P313686.7.1",
                  "inst": "u",
                  "f": {
                    "lang": "akk-x-neoass",
                    "form": "x",
                    "pos": "u"
                  }
                },
                {
                  "node": "l",
                  "frag": "x",
                  "id": "P313686.l049cc",
                  "ref": "P313686.7.2",
                  "inst": "u",
                  "f": {
                    "lang": "akk-x-neoass",
                    "form": "x",
                    "pos": "u"
                  }
                },
                {
                  "node": "l",
                  "frag": "x",
                  "id": "P313686.l049cd",
                  "ref": "P313686.7.3",
                  "inst": "u",
                  "f": {
                    "lang": "akk-x-neoass",
                    "form": "x",
                    "pos": "u"
                  }
                },
                {
                  "node": "c",
                  "type": "phrase",
                  "tag": "phr",
                  "id": "P313686.U4",
                  "ref": "P313686.ls00000",
                  "cdl": [
                    {
                      "node": "l",
                      "frag": "i]-da-a-te-šu₂-[nu]",
                      "id": "P313686.l049ce",
                      "ref": "P313686.7.4",
                      "cof-tails": "P313686.l049cf",
                      "inst": "ina[in+=after]PRP$ina&dāt[behind]PRP$dātešunu",
                      "sig": "@saao/saa05%akk-x-neoass:i-da-a-te-šu₂-nu=ina[in//in]PRP'PRP$ina&&@saao%akk-x-neoass:=dāt[behind//behind]PRP'PRP$dātešunu",
                      "f": {
                        "lang": "akk-x-neoass",
                        "form": "i-da-a-te-šu₂-nu",
                        "cf": "ina",
                        "gw": "in",
                        "sense": "in",
                        "norm": "ina",
                        "pos": "PRP",
                        "epos": "PRP"
                      }
                    },
                    {
                      "node": "l",
                      "frag": "i]-da-a-te-šu₂-[nu]",
                      "id": "P313686.l049cf",
                      "ref": "P313686.7.4",
                      "cof-head": "P313686.l049ce",
                      "inst": "ina[in+=after]PRP$ina&dāt[behind]PRP$dātešunu",
                      "tail-sig": "@saao%akk-x-neoass:=dāt[behind//behind]PRP'PRP$dātešunu",
                      "f": {
                        "lang": "akk-x-neoass",
                        "form": "i-da-a-te-šu₂-nu",
                        "cf": "dāt",
                        "gw": "behind",
                        "sense": "behind",
                        "norm": "dātešunu",
                        "pos": "PRP",
                        "epos": "PRP"
                      }
                    }
                  ]
                },
                {
                  "node": "d",
                  "type": "nonx",
                  "ref": "P313686.8",
                  "strict": "0",
                  "extent": "rest",
                  "state": "missing"
                },
                {
                  "node": "d",
                  "subtype": "reverse",
                  "type": "reverse",
                  "ref": "P313686.r.9",
                  "label": "r"
                },
                {
                  "node": "d",
                  "type": "nonx",
                  "ref": "P313686.10",
                  "strict": "0",
                  "state": "other"
                }
              ]
            }
          ]
        }
      ]
    },
    {
      "linkbase": [
        {
          "type": "linkset",
          "xlink_title": "ina dāt[behind//after]PRP'PRP",
          "id": "P313686.ls00000",
          "xlink_type": "extended",
          "xlink_role": "psu",
          "sig": "{ina[in]PRP dāt[behind]PRP += ina dāt[behind//after]PRP'PRP}::@saao%akk-x-neoass:i-da-a-te-šu₂-nu=ina[in//into]PRP'PRP$ina++@saao%akk-x-neoass:i-da-a-te-šu₂-nu=dāt[behind//behind]PRP'PRP$dātešunu",
          "links": [
            {
              "type": "link",
              "xlink_title": "ina",
              "xlink_type": "locator",
              "xlink_href": "#P313686.l049ce",
              "xlink_role": "elt"
            },
            {
              "type": "link",
              "xlink_title": "dāt",
              "xlink_type": "locator",
              "xlink_href": "#P313686.l049cf",
              "xlink_role": "elt"
            }
          ]
        }
      ]
    }
  ]
}
