{
  "type": "cdl",
  "source": "http://oracc.org/saao/saa05",
  "license": "This data is released under the CC0 license",
  "license-url": "https://creativecommons.org/publicdomain/zero/1.0/",
  "more-info": "http://oracc.org/doc/opendata/",
  "UTC-timestamp": "2017-06-10T00:40:27",
  "project": "saao/saa05",
  "textid": "P313930",
  "cdl": [
    {
      "node": "c",
      "type": "text",
      "id": "P313930.U0",
      "cdl": [
        {
          "node": "d",
          "type": "object",
          "ref": ""
        },
        {
          "node": "d",
          "subtype": "obverse",
          "type": "obverse",
          "ref": "P313930.o.1",
          "label": "o"
        },
        {
          "node": "d",
          "type": "nonx",
          "ref": "P313930.2",
          "strict": "0",
          "extent": "beginning",
          "state": "missing"
        },
        {
          "node": "c",
          "type": "discourse",
          "subtype": "body",
          "id": "P313930.U1",
          "cdl": [
            {
              "node": "c",
              "type": "sentence",
              "id": "P313930.U2",
              "label": "o 1' - o 7'",
              "cdl": [
                {
                  "node": "d",
                  "type": "line-start",
                  "ref": "P313930.3",
                  "n": "1'",
                  "label": "o 1'"
                },
                {
                  "node": "l",
                  "frag": "{[lu₂vy}EN].⸢NAM⸣",
                  "id": "P313930.l055f8",
                  "ref": "P313930.3.1",
                  "inst": "pāhutu[governor]N",
                  "sig": "@saao/saa05%akk-x-neoass:{LU₂}EN.NAM=pīhātu[responsibility//governor]N'N$pāhutu",
                  "f": {
                    "lang": "akk-x-neoass",
                    "form": "{LU₂}EN.NAM",
                    "cf": "pīhātu",
                    "gw": "responsibility",
                    "sense": "governor",
                    "norm": "pāhutu",
                    "pos": "N",
                    "epos": "N"
                  }
                },
                {
                  "node": "l",
                  "frag": "[ša",
                  "id": "P313930.l055f9",
                  "ref": "P313930.3.2",
                  "inst": "ša[of]DET",
                  "sig": "@saao/saa05%akk-x-neoass:ša=ša[of//of]DET'DET$ša",
                  "f": {
                    "lang": "akk-x-neoass",
                    "form": "ša",
                    "cf": "ša",
                    "gw": "of",
                    "sense": "of",
                    "norm": "ša",
                    "pos": "DET",
                    "epos": "DET"
                  }
                },
                {
                  "node": "l",
                  "frag": "{kur}x",
                  "id": "P313930.l055fa",
                  "ref": "P313930.3.3",
                  "inst": "u",
                  "f": {
                    "lang": "akk-x-neoass",
                    "form": "{KUR}x",
                    "pos": "u"
                  }
                },
                {
                  "node": "l",
                  "frag": "x]",
                  "id": "P313930.l055fb",
                  "ref": "P313930.3.4",
                  "inst": "u",
                  "f": {
                    "lang": "akk-x-neoass",
                    "form": "x",
                    "pos": "u"
                  }
                },
                {
                  "node": "d",
                  "type": "line-start",
                  "ref": "P313930.4",
                  "n": "2'",
                  "label": "o 2'"
                },
                {
                  "node": "l",
                  "frag": "01",
                  "id": "P313930.l055fc",
                  "ref": "P313930.4.1",
                  "inst": "n",
                  "f": {
                    "lang": "akk-x-neoass",
                    "form": "01",
                    "pos": "n"
                  }
                },
                {
                  "node": "l",
                  "frag": "⸢me",
                  "id": "P313930.l055fd",
                  "ref": "P313930.4.2",
                  "inst": "mē[hundred]NU",
                  "sig": "@saao/saa05%akk-x-neoass:me=meʾatu[(one) hundred//(one) hundred]NU'NU$mē",
                  "f": {
                    "lang": "akk-x-neoass",
                    "form": "me",
                    "cf": "meʾatu",
                    "gw": "(one) hundred",
                    "sense": "(one) hundred",
                    "norm": "mē",
                    "pos": "NU",
                    "epos": "NU"
                  }
                },
                {
                  "node": "l",
                  "frag": "GUD⸣-MEŠ",
                  "id": "P313930.l055fe",
                  "ref": "P313930.4.3",
                  "inst": "alpāni[ox]N",
                  "sig": "@saao/saa05%akk-x-neoass:GUD-MEŠ=alpu[ox//ox]N'N$alpāni",
                  "f": {
                    "lang": "akk-x-neoass",
                    "form": "GUD-MEŠ",
                    "cf": "alpu",
                    "gw": "ox",
                    "sense": "ox",
                    "norm": "alpāni",
                    "pos": "N",
                    "epos": "N"
                  }
                },
                {
                  "node": "l",
                  "frag": "e-⸢ri⸣-[iš]",
                  "id": "P313930.l055ff",
                  "ref": "P313930.4.4",
                  "inst": "erēšu[request]V$erriš",
                  "sig": "@saao/saa05%akk-x-neoass:e-ri-iš=erēšu[request//request]V'V$erriš",
                  "f": {
                    "lang": "akk-x-neoass",
                    "form": "e-ri-iš",
                    "cf": "erēšu",
                    "gw": "request",
                    "sense": "request",
                    "norm": "erriš",
                    "pos": "V",
                    "epos": "V"
                  }
                },
                {
                  "node": "d",
                  "type": "line-start",
                  "ref": "P313930.5",
                  "n": "3'",
                  "label": "o 3'"
                },
                {
                  "node": "l",
                  "frag": "{lu₂vy}EN.NAM",
                  "id": "P313930.l05600",
                  "ref": "P313930.5.1",
                  "inst": "pāhutu[governor]N",
                  "sig": "@saao/saa05%akk-x-neoass:{LU₂}EN.NAM=pīhātu[responsibility//governor]N'N$pāhutu",
                  "f": {
                    "lang": "akk-x-neoass",
                    "form": "{LU₂}EN.NAM",
                    "cf": "pīhātu",
                    "gw": "responsibility",
                    "sense": "governor",
                    "norm": "pāhutu",
                    "pos": "N",
                    "epos": "N"
                  }
                },
                {
                  "node": "l",
                  "frag": "ša\\d",
                  "id": "P313930.l05601",
                  "ref": "P313930.5.2",
                  "inst": "ša[of]DET",
                  "sig": "@saao/saa05%akk-x-neoass:ša=ša[of//of]DET'DET$ša",
                  "f": {
                    "lang": "akk-x-neoass",
                    "form": "ša",
                    "cf": "ša",
                    "gw": "of",
                    "sense": "of",
                    "norm": "ša",
                    "pos": "DET",
                    "epos": "DET"
                  }
                },
                {
                  "node": "l",
                  "frag": "{kur}si-[ʾi-me-e]",
                  "id": "P313930.l05602",
                  "ref": "P313930.5.3",
                  "inst": "Siʾimme[]GN$",
                  "sig": "@saao/saa05%akk-x-neoass:{KUR}si-ʾi-me-e=Siʾimme[1//1]GN'GN$Siʾimme",
                  "f": {
                    "lang": "akk-x-neoass",
                    "form": "{KUR}si-ʾi-me-e",
                    "cf": "Siʾimme",
                    "gw": "1",
                    "sense": "1",
                    "norm": "Siʾimme",
                    "pos": "GN",
                    "epos": "GN"
                  }
                },
                {
                  "node": "d",
                  "type": "line-start",
                  "ref": "P313930.6",
                  "n": "4'",
                  "label": "o 4'"
                },
                {
                  "node": "l",
                  "frag": "02",
                  "id": "P313930.l05603",
                  "ref": "P313930.6.1",
                  "inst": "n",
                  "f": {
                    "lang": "akk-x-neoass",
                    "form": "02",
                    "pos": "n"
                  }
                },
                {
                  "node": "l",
                  "frag": "me",
                  "id": "P313930.l05604",
                  "ref": "P313930.6.2",
                  "inst": "mē[hundred]NU",
                  "sig": "@saao/saa05%akk-x-neoass:me=meʾatu[(one) hundred//(one) hundred]NU'NU$mē",
                  "f": {
                    "lang": "akk-x-neoass",
                    "form": "me",
                    "cf": "meʾatu",
                    "gw": "(one) hundred",
                    "sense": "(one) hundred",
                    "norm": "mē",
                    "pos": "NU",
                    "epos": "NU"
                  }
                },
                {
                  "node": "l",
                  "frag": "GUD-MEŠ",
                  "id": "P313930.l05605",
                  "ref": "P313930.6.3",
                  "inst": "alpāni[ox]N",
                  "sig": "@saao/saa05%akk-x-neoass:GUD-MEŠ=alpu[ox//ox]N'N$alpāni",
                  "f": {
                    "lang": "akk-x-neoass",
                    "form": "GUD-MEŠ",
                    "cf": "alpu",
                    "gw": "ox",
                    "sense": "ox",
                    "norm": "alpāni",
                    "pos": "N",
                    "epos": "N"
                  }
                },
                {
                  "node": "l",
                  "frag": "02",
                  "id": "P313930.l05606",
                  "ref": "P313930.6.4",
                  "inst": "n",
                  "f": {
                    "lang": "akk-x-neoass",
                    "form": "02",
                    "pos": "n"
                  }
                },
                {
                  "node": "l",
                  "frag": "lim",
                  "id": "P313930.l05607",
                  "ref": "P313930.6.5",
                  "inst": "līmu[thousand]NU",
                  "sig": "@saao/saa05%akk-x-neoass:lim=līm[thousand//thousand]NU'NU$līmu",
                  "f": {
                    "lang": "akk-x-neoass",
                    "form": "lim",
                    "cf": "līm",
                    "gw": "thousand",
                    "sense": "thousand",
                    "norm": "līmu",
                    "pos": "NU",
                    "epos": "NU"
                  }
                },
                {
                  "node": "l",
                  "frag": "UDU-⸢MEŠ⸣",
                  "id": "P313930.l05608",
                  "ref": "P313930.6.6",
                  "inst": "immerē[sheep]N",
                  "sig": "@saao/saa05%akk-x-neoass:UDU-MEŠ=immeru[sheep//sheep]N'N$immerē",
                  "f": {
                    "lang": "akk-x-neoass",
                    "form": "UDU-MEŠ",
                    "cf": "immeru",
                    "gw": "sheep",
                    "sense": "sheep",
                    "norm": "immerē",
                    "pos": "N",
                    "epos": "N"
                  }
                },
                {
                  "node": "d",
                  "type": "line-start",
                  "ref": "P313930.7",
                  "n": "5'",
                  "label": "o 5'"
                },
                {
                  "node": "l",
                  "frag": "e-ri-ša-an-ni",
                  "id": "P313930.l05609",
                  "ref": "P313930.7.1",
                  "inst": "erēšu[request]V$errišanni",
                  "sig": "@saao/saa05%akk-x-neoass:e-ri-ša-an-ni=erēšu[request//request]V'V$errišanni",
                  "f": {
                    "lang": "akk-x-neoass",
                    "form": "e-ri-ša-an-ni",
                    "cf": "erēšu",
                    "gw": "request",
                    "sense": "request",
                    "norm": "errišanni",
                    "pos": "V",
                    "epos": "V"
                  }
                },
                {
                  "node": "d",
                  "type": "line-start",
                  "ref": "P313930.8",
                  "n": "6'",
                  "label": "o 6'"
                },
                {
                  "node": "l",
                  "frag": "u₂\\m-ma-a",
                  "id": "P313930.l0560a",
                  "ref": "P313930.8.1",
                  "inst": "ūmâ[now]AV",
                  "sig": "@saao/saa05%akk-x-neoass:u₂-ma-a=ūma[today//now]AV'AV$ūmâ",
                  "f": {
                    "lang": "akk-x-neoass",
                    "form": "u₂-ma-a",
                    "cf": "ūma",
                    "gw": "today",
                    "sense": "now",
                    "norm": "ūmâ",
                    "pos": "AV",
                    "epos": "AV"
                  }
                },
                {
                  "node": "l",
                  "frag": "⸢šum₂⸣-[ma]",
                  "id": "P313930.l0560b",
                  "ref": "P313930.8.2",
                  "inst": "šumma[if]MOD",
                  "sig": "@saao/saa05%akk-x-neoass:šum₂-ma=šumma[if//if]MOD'MOD$šumma",
                  "f": {
                    "lang": "akk-x-neoass",
                    "form": "šum₂-ma",
                    "cf": "šumma",
                    "gw": "if",
                    "sense": "if",
                    "norm": "šumma",
                    "pos": "MOD",
                    "epos": "MOD"
                  }
                },
                {
                  "node": "l",
                  "frag": "LUGAL",
                  "id": "P313930.l0560c",
                  "ref": "P313930.8.3",
                  "inst": "šarru[king]N",
                  "sig": "@saao/saa05%akk-x-neoass:LUGAL=šarru[king//king]N'N$šarru",
                  "f": {
                    "lang": "akk-x-neoass",
                    "form": "LUGAL",
                    "cf": "šarru",
                    "gw": "king",
                    "sense": "king",
                    "norm": "šarru",
                    "pos": "N",
                    "epos": "N"
                  }
                },
                {
                  "node": "l",
                  "frag": "be-[li₂]",
                  "id": "P313930.l0560d",
                  "ref": "P313930.8.4",
                  "inst": "bēlī[lord]N",
                  "sig": "@saao/saa05%akk-x-neoass:be-li₂=bēlu[lord//lord]N'N$bēlī",
                  "f": {
                    "lang": "akk-x-neoass",
                    "form": "be-li₂",
                    "cf": "bēlu",
                    "gw": "lord",
                    "sense": "lord",
                    "norm": "bēlī",
                    "pos": "N",
                    "epos": "N"
                  }
                },
                {
                  "node": "d",
                  "type": "line-start",
                  "ref": "P313930.9",
                  "n": "7'",
                  "label": "o 7'"
                },
                {
                  "node": "l",
                  "frag": "i-qa-[bi",
                  "id": "P313930.l0560e",
                  "ref": "P313930.9.1",
                  "inst": "iqabbi[say]V",
                  "sig": "@saao/saa05%akk-x-neoass:i-qa-bi=qabû[say//say]V'V$iqabbi",
                  "f": {
                    "lang": "akk-x-neoass",
                    "form": "i-qa-bi",
                    "cf": "qabû",
                    "gw": "say",
                    "sense": "say",
                    "norm": "iqabbi",
                    "pos": "V",
                    "epos": "V"
                  }
                },
                {
                  "node": "l",
                  "frag": "x",
                  "id": "P313930.l0560f",
                  "ref": "P313930.9.2",
                  "inst": "u",
                  "f": {
                    "lang": "akk-x-neoass",
                    "form": "x",
                    "pos": "u"
                  }
                },
                {
                  "node": "l",
                  "frag": "x",
                  "id": "P313930.l05610",
                  "ref": "P313930.9.3",
                  "inst": "u",
                  "f": {
                    "lang": "akk-x-neoass",
                    "form": "x",
                    "pos": "u"
                  }
                },
                {
                  "node": "l",
                  "frag": "x]",
                  "id": "P313930.l05611",
                  "ref": "P313930.9.4",
                  "inst": "u",
                  "f": {
                    "lang": "akk-x-neoass",
                    "form": "x",
                    "pos": "u"
                  }
                },
                {
                  "node": "d",
                  "type": "nonx",
                  "ref": "P313930.10",
                  "strict": "0",
                  "extent": "rest",
                  "state": "missing"
                },
                {
                  "node": "d",
                  "subtype": "reverse",
                  "type": "reverse",
                  "ref": "P313930.r.11",
                  "label": "r"
                },
                {
                  "node": "d",
                  "type": "nonx",
                  "ref": "P313930.12",
                  "strict": "0",
                  "state": "other"
                }
              ]
            }
          ]
        }
      ]
    }
  ]
}
