{
  "type": "cdl",
  "source": "http://oracc.org/saao/saa05",
  "license": "This data is released under the CC0 license",
  "license-url": "https://creativecommons.org/publicdomain/zero/1.0/",
  "more-info": "http://oracc.org/doc/opendata/",
  "UTC-timestamp": "2017-06-10T00:40:46",
  "project": "saao/saa05",
  "textid": "P313655",
  "cdl": [
    {
      "node": "c",
      "type": "text",
      "id": "P313655.U0",
      "cdl": [
        {
          "node": "d",
          "type": "object",
          "ref": ""
        },
        {
          "node": "d",
          "subtype": "obverse",
          "type": "obverse",
          "ref": "P313655.o.1",
          "label": "o"
        },
        {
          "node": "d",
          "type": "nonx",
          "ref": "P313655.2",
          "strict": "0",
          "extent": "beginning",
          "state": "missing"
        },
        {
          "node": "c",
          "type": "discourse",
          "subtype": "body",
          "id": "P313655.U1",
          "cdl": [
            {
              "node": "c",
              "type": "sentence",
              "id": "P313655.U2",
              "label": "o 1' - o 8'",
              "cdl": [
                {
                  "node": "d",
                  "type": "line-start",
                  "ref": "P313655.3",
                  "n": "1'",
                  "label": "o 1'"
                },
                {
                  "node": "l",
                  "frag": "[x",
                  "id": "P313655.l04d75",
                  "ref": "P313655.3.1",
                  "inst": "u",
                  "f": {
                    "lang": "akk-x-neoass",
                    "form": "x",
                    "pos": "u"
                  }
                },
                {
                  "node": "l",
                  "frag": "x",
                  "id": "P313655.l04d76",
                  "ref": "P313655.3.2",
                  "inst": "u",
                  "f": {
                    "lang": "akk-x-neoass",
                    "form": "x",
                    "pos": "u"
                  }
                },
                {
                  "node": "l",
                  "frag": "x",
                  "id": "P313655.l04d77",
                  "ref": "P313655.3.3",
                  "inst": "u",
                  "f": {
                    "lang": "akk-x-neoass",
                    "form": "x",
                    "pos": "u"
                  }
                },
                {
                  "node": "l",
                  "frag": "x",
                  "id": "P313655.l04d78",
                  "ref": "P313655.3.4",
                  "inst": "u",
                  "f": {
                    "lang": "akk-x-neoass",
                    "form": "x",
                    "pos": "u"
                  }
                },
                {
                  "node": "l",
                  "frag": "x]+⸢x⸣",
                  "id": "P313655.l04d79",
                  "ref": "P313655.3.5",
                  "inst": "u",
                  "f": {
                    "lang": "akk-x-neoass",
                    "form": "x+x",
                    "pos": "u"
                  }
                },
                {
                  "node": "l",
                  "frag": "ina",
                  "id": "P313655.l04d7a",
                  "ref": "P313655.3.6",
                  "inst": "ina[in]PRP",
                  "sig": "@saao/saa05%akk-x-neoass:ina=ina[in//in]PRP'PRP$ina",
                  "f": {
                    "lang": "akk-x-neoass",
                    "form": "ina",
                    "cf": "ina",
                    "gw": "in",
                    "sense": "in",
                    "norm": "ina",
                    "pos": "PRP",
                    "epos": "PRP"
                  }
                },
                {
                  "node": "l",
                  "frag": "[x",
                  "id": "P313655.l04d7b",
                  "ref": "P313655.3.7",
                  "inst": "u",
                  "f": {
                    "lang": "akk-x-neoass",
                    "form": "x",
                    "pos": "u"
                  }
                },
                {
                  "node": "l",
                  "frag": "x]",
                  "id": "P313655.l04d7c",
                  "ref": "P313655.3.8",
                  "inst": "u",
                  "f": {
                    "lang": "akk-x-neoass",
                    "form": "x",
                    "pos": "u"
                  }
                },
                {
                  "node": "d",
                  "type": "line-start",
                  "ref": "P313655.4",
                  "n": "2'",
                  "label": "o 2'"
                },
                {
                  "node": "l",
                  "frag": "[x",
                  "id": "P313655.l04d7d",
                  "ref": "P313655.4.1",
                  "inst": "u",
                  "f": {
                    "lang": "akk-x-neoass",
                    "form": "x",
                    "pos": "u"
                  }
                },
                {
                  "node": "l",
                  "frag": "x",
                  "id": "P313655.l04d7e",
                  "ref": "P313655.4.2",
                  "inst": "u",
                  "f": {
                    "lang": "akk-x-neoass",
                    "form": "x",
                    "pos": "u"
                  }
                },
                {
                  "node": "l",
                  "frag": "x",
                  "id": "P313655.l04d7f",
                  "ref": "P313655.4.3",
                  "inst": "u",
                  "f": {
                    "lang": "akk-x-neoass",
                    "form": "x",
                    "pos": "u"
                  }
                },
                {
                  "node": "l",
                  "frag": "x]",
                  "id": "P313655.l04d80",
                  "ref": "P313655.4.4",
                  "inst": "u",
                  "f": {
                    "lang": "akk-x-neoass",
                    "form": "x",
                    "pos": "u"
                  }
                },
                {
                  "node": "l",
                  "frag": "pa-su\\t-⸢ku⸣",
                  "id": "P313655.l04d81",
                  "ref": "P313655.4.5",
                  "inst": "passuku[removed]AJ$",
                  "sig": "@saao/saa05%akk-x-neoass:pa-su-ku=passuku[removed//removed]AJ'AJ$passuku",
                  "f": {
                    "lang": "akk-x-neoass",
                    "form": "pa-su-ku",
                    "cf": "passuku",
                    "gw": "removed",
                    "sense": "removed",
                    "norm": "passuku",
                    "pos": "AJ",
                    "epos": "AJ"
                  }
                },
                {
                  "node": "l",
                  "frag": "[x]",
                  "id": "P313655.l04d82",
                  "ref": "P313655.4.6",
                  "inst": "u",
                  "f": {
                    "lang": "akk-x-neoass",
                    "form": "x",
                    "pos": "u"
                  }
                },
                {
                  "node": "d",
                  "type": "line-start",
                  "ref": "P313655.5",
                  "n": "3'",
                  "label": "o 3'"
                },
                {
                  "node": "l",
                  "frag": "[ša",
                  "id": "P313655.l04d83",
                  "ref": "P313655.5.1",
                  "inst": "ša[what]REL",
                  "sig": "@saao/saa05%akk-x-neoass:ša=ša[that//what]REL'REL$ša",
                  "f": {
                    "lang": "akk-x-neoass",
                    "form": "ša",
                    "cf": "ša",
                    "gw": "that",
                    "sense": "what",
                    "norm": "ša",
                    "pos": "REL",
                    "epos": "REL"
                  }
                },
                {
                  "node": "l",
                  "frag": "LUGAL]",
                  "id": "P313655.l04d84",
                  "ref": "P313655.5.2",
                  "inst": "šarru[king]N",
                  "sig": "@saao/saa05%akk-x-neoass:LUGAL=šarru[king//king]N'N$šarru",
                  "f": {
                    "lang": "akk-x-neoass",
                    "form": "LUGAL",
                    "cf": "šarru",
                    "gw": "king",
                    "sense": "king",
                    "norm": "šarru",
                    "pos": "N",
                    "epos": "N"
                  }
                },
                {
                  "node": "l",
                  "frag": "be-li₂",
                  "id": "P313655.l04d85",
                  "ref": "P313655.5.3",
                  "inst": "bēlī[lord]N",
                  "sig": "@saao/saa05%akk-x-neoass:be-li₂=bēlu[lord//lord]N'N$bēlī",
                  "f": {
                    "lang": "akk-x-neoass",
                    "form": "be-li₂",
                    "cf": "bēlu",
                    "gw": "lord",
                    "sense": "lord",
                    "norm": "bēlī",
                    "pos": "N",
                    "epos": "N"
                  }
                },
                {
                  "node": "l",
                  "frag": "iš-pur-an-[ni]",
                  "id": "P313655.l04d86",
                  "ref": "P313655.5.4",
                  "inst": "išpuranni[write]V",
                  "sig": "@saao/saa05%akk-x-neoass:iš-pur-an-ni=šapāru[send//write]V'V$išpuranni",
                  "f": {
                    "lang": "akk-x-neoass",
                    "form": "iš-pur-an-ni",
                    "cf": "šapāru",
                    "gw": "send",
                    "sense": "write",
                    "norm": "išpuranni",
                    "pos": "V",
                    "epos": "V"
                  }
                },
                {
                  "node": "d",
                  "type": "line-start",
                  "ref": "P313655.6",
                  "n": "4'",
                  "label": "o 4'"
                },
                {
                  "node": "l",
                  "frag": "[ki-i]",
                  "id": "P313655.l04d87",
                  "ref": "P313655.6.1",
                  "inst": "kī[like//when]PRP'SBJ$kî",
                  "sig": "@saao/saa05%akk-x-neoass:ki-i=kī[like//when]PRP'SBJ$kî",
                  "f": {
                    "lang": "akk-x-neoass",
                    "form": "ki-i",
                    "cf": "kī",
                    "gw": "like",
                    "sense": "when",
                    "norm": "kî",
                    "pos": "PRP",
                    "epos": "SBJ"
                  }
                },
                {
                  "node": "l",
                  "frag": "⸢TA@v\\m⸣",
                  "id": "P313655.l04d88",
                  "ref": "P313655.6.2",
                  "inst": "issu[from]PRP",
                  "sig": "@saao/saa05%akk-x-neoass:TA@v=ištu[from//from]PRP'PRP$issu",
                  "f": {
                    "lang": "akk-x-neoass",
                    "form": "TA@v",
                    "cf": "ištu",
                    "gw": "from",
                    "sense": "from",
                    "norm": "issu",
                    "pos": "PRP",
                    "epos": "PRP"
                  }
                },
                {
                  "node": "l",
                  "frag": "ma-šar\\p-ti\\t",
                  "id": "P313655.l04d89",
                  "ref": "P313655.6.3",
                  "inst": "māšarti[review]N",
                  "sig": "@saao/saa05%akk-x-neoass:ma-šar-ti=māšartu[inspection//review]N'N$māšarti",
                  "f": {
                    "lang": "akk-x-neoass",
                    "form": "ma-šar-ti",
                    "cf": "māšartu",
                    "gw": "inspection",
                    "sense": "review",
                    "norm": "māšarti",
                    "pos": "N",
                    "epos": "N"
                  }
                },
                {
                  "node": "l",
                  "frag": "al\\d-[lik-an-ni]",
                  "id": "P313655.l04d8a",
                  "ref": "P313655.6.4",
                  "inst": "alāku[go//come]V$allikanni",
                  "sig": "@saao/saa05%akk-x-neoass:al-lik-an-ni=alāku[go//come]V'V$allikanni",
                  "f": {
                    "lang": "akk-x-neoass",
                    "form": "al-lik-an-ni",
                    "cf": "alāku",
                    "gw": "go",
                    "sense": "come",
                    "norm": "allikanni",
                    "pos": "V",
                    "epos": "V"
                  }
                },
                {
                  "node": "d",
                  "type": "line-start",
                  "ref": "P313655.7",
                  "n": "5'",
                  "label": "o 5'"
                },
                {
                  "node": "l",
                  "frag": "[x",
                  "id": "P313655.l04d8b",
                  "ref": "P313655.7.1",
                  "inst": "u",
                  "f": {
                    "lang": "akk-x-neoass",
                    "form": "x",
                    "pos": "u"
                  }
                },
                {
                  "node": "l",
                  "frag": "x]-ti\\t-ia",
                  "id": "P313655.l04d8c",
                  "ref": "P313655.7.2",
                  "inst": "u",
                  "f": {
                    "lang": "akk-x-neoass",
                    "form": "x-ti-ia",
                    "pos": "u"
                  }
                },
                {
                  "node": "l",
                  "frag": "{lu₂vy}03.[U₅-ia]",
                  "id": "P313655.l04d8d",
                  "ref": "P313655.7.3",
                  "inst": "tašlīšīya[third man on chariot]N",
                  "sig": "@saao/saa05%akk-x-neoass:{LU₂}03.U₅-ia=tašlīšu[third man on chariot//third man on chariot]N'N$tašlīšīya",
                  "f": {
                    "lang": "akk-x-neoass",
                    "form": "{LU₂}03.U₅-ia",
                    "cf": "tašlīšu",
                    "gw": "third man on chariot",
                    "sense": "third man on chariot",
                    "norm": "tašlīšīya",
                    "pos": "N",
                    "epos": "N"
                  }
                },
                {
                  "node": "d",
                  "type": "line-start",
                  "ref": "P313655.8",
                  "n": "6'",
                  "label": "o 6'"
                },
                {
                  "node": "l",
                  "frag": "{[lu₂v}DIB]-⸢a-pa⸣-MEŠ",
                  "id": "P313655.l04d8e",
                  "ref": "P313655.8.1",
                  "cof-tails": "P313655.l04d8f",
                  "inst": "mukillu[holder]N$mukīl&appatu[bridle]N$appāti",
                  "sig": "@saao/saa05%akk-x-neoass:{LU₂}DIB-a-pa-MEŠ=mukillu[holder//holder]N'N$mukīl&&@saao%akk-x-neoass:=appatu[bridle//bridle]N'N$appāti",
                  "f": {
                    "lang": "akk-x-neoass",
                    "form": "{LU₂}DIB-a-pa-MEŠ",
                    "cf": "mukillu",
                    "gw": "holder",
                    "sense": "holder",
                    "norm": "mukīl",
                    "pos": "N",
                    "epos": "N"
                  }
                },
                {
                  "node": "l",
                  "frag": "{[lu₂v}DIB]-⸢a-pa⸣-MEŠ",
                  "id": "P313655.l04d8f",
                  "ref": "P313655.8.1",
                  "cof-head": "P313655.l04d8e",
                  "inst": "mukillu[holder]N$mukīl&appatu[bridle]N$appāti",
                  "tail-sig": "@saao%akk-x-neoass:=appatu[bridle//bridle]N'N$appāti",
                  "f": {
                    "lang": "akk-x-neoass",
                    "form": "{LU₂}DIB-a-pa-MEŠ",
                    "cf": "appatu",
                    "gw": "bridle",
                    "sense": "bridle",
                    "norm": "appāti",
                    "pos": "N",
                    "epos": "N"
                  }
                },
                {
                  "node": "ll",
                  "id": "P313655.l04d90",
                  "choices": [
                    {
                      "node": "l",
                      "frag": "ina",
                      "ref": "P313655.8.2",
                      "inst": "%akk-x-neoass:ina=ina[in]PRP",
                      "sig": "@saao/saa05%akk-x-neoass:ina=ina[in//in]PRP'PRP$ina",
                      "f": {
                        "lang": "akk-x-neoass",
                        "form": "ina",
                        "cf": "ina",
                        "gw": "in",
                        "sense": "in",
                        "norm": "ina",
                        "pos": "PRP",
                        "epos": "PRP"
                      }
                    },
                    {
                      "node": "l",
                      "frag": "ina",
                      "ref": "P313655.8.2",
                      "inst": "%akk-x-neoass:ina=ina[to]PRP",
                      "sig": "@saao/saa05%akk-x-neoass:ina=ina[in//to]PRP'PRP$ina",
                      "f": {
                        "lang": "akk-x-neoass",
                        "form": "ina",
                        "cf": "ina",
                        "gw": "in",
                        "sense": "in",
                        "norm": "ina",
                        "pos": "PRP",
                        "epos": "PRP"
                      }
                    }
                  ]
                },
                {
                  "node": "l",
                  "frag": "⸢x⸣",
                  "id": "P313655.l04d91",
                  "ref": "P313655.8.3",
                  "inst": "u",
                  "f": {
                    "lang": "akk-x-neoass",
                    "form": "x",
                    "pos": "u"
                  }
                },
                {
                  "node": "l",
                  "frag": "[x",
                  "id": "P313655.l04d92",
                  "ref": "P313655.8.4",
                  "inst": "u",
                  "f": {
                    "lang": "akk-x-neoass",
                    "form": "x",
                    "pos": "u"
                  }
                },
                {
                  "node": "l",
                  "frag": "x",
                  "id": "P313655.l04d93",
                  "ref": "P313655.8.5",
                  "inst": "u",
                  "f": {
                    "lang": "akk-x-neoass",
                    "form": "x",
                    "pos": "u"
                  }
                },
                {
                  "node": "l",
                  "frag": "x]",
                  "id": "P313655.l04d94",
                  "ref": "P313655.8.6",
                  "inst": "u",
                  "f": {
                    "lang": "akk-x-neoass",
                    "form": "x",
                    "pos": "u"
                  }
                },
                {
                  "node": "d",
                  "type": "line-start",
                  "ref": "P313655.9",
                  "n": "7'",
                  "label": "o 7'"
                },
                {
                  "node": "l",
                  "frag": "[x",
                  "id": "P313655.l04d95",
                  "ref": "P313655.9.1",
                  "inst": "u",
                  "f": {
                    "lang": "akk-x-neoass",
                    "form": "x",
                    "pos": "u"
                  }
                },
                {
                  "node": "l",
                  "frag": "x",
                  "id": "P313655.l04d96",
                  "ref": "P313655.9.2",
                  "inst": "u",
                  "f": {
                    "lang": "akk-x-neoass",
                    "form": "x",
                    "pos": "u"
                  }
                },
                {
                  "node": "l",
                  "frag": "x]",
                  "id": "P313655.l04d97",
                  "ref": "P313655.9.3",
                  "inst": "u",
                  "f": {
                    "lang": "akk-x-neoass",
                    "form": "x",
                    "pos": "u"
                  }
                },
                {
                  "node": "l",
                  "frag": "ab",
                  "id": "P313655.l04d98",
                  "ref": "P313655.9.4",
                  "inst": "u",
                  "f": {
                    "lang": "akk-x-neoass",
                    "form": "ab",
                    "pos": "u"
                  }
                },
                {
                  "node": "l",
                  "frag": "⸢ba⸣",
                  "id": "P313655.l04d99",
                  "ref": "P313655.9.5",
                  "inst": "u",
                  "f": {
                    "lang": "akk-x-neoass",
                    "form": "ba",
                    "pos": "u"
                  }
                },
                {
                  "node": "l",
                  "frag": "[x",
                  "id": "P313655.l04d9a",
                  "ref": "P313655.9.6",
                  "inst": "u",
                  "f": {
                    "lang": "akk-x-neoass",
                    "form": "x",
                    "pos": "u"
                  }
                },
                {
                  "node": "l",
                  "frag": "x",
                  "id": "P313655.l04d9b",
                  "ref": "P313655.9.7",
                  "inst": "u",
                  "f": {
                    "lang": "akk-x-neoass",
                    "form": "x",
                    "pos": "u"
                  }
                },
                {
                  "node": "l",
                  "frag": "x",
                  "id": "P313655.l04d9c",
                  "ref": "P313655.9.8",
                  "inst": "u",
                  "f": {
                    "lang": "akk-x-neoass",
                    "form": "x",
                    "pos": "u"
                  }
                },
                {
                  "node": "l",
                  "frag": "x]",
                  "id": "P313655.l04d9d",
                  "ref": "P313655.9.9",
                  "inst": "u",
                  "f": {
                    "lang": "akk-x-neoass",
                    "form": "x",
                    "pos": "u"
                  }
                },
                {
                  "node": "d",
                  "type": "line-start",
                  "ref": "P313655.10",
                  "n": "8'",
                  "label": "o 8'"
                },
                {
                  "node": "l",
                  "frag": "[x",
                  "id": "P313655.l04d9e",
                  "ref": "P313655.10.1",
                  "inst": "u",
                  "f": {
                    "lang": "akk-x-neoass",
                    "form": "x",
                    "pos": "u"
                  }
                },
                {
                  "node": "l",
                  "frag": "x",
                  "id": "P313655.l04d9f",
                  "ref": "P313655.10.2",
                  "inst": "u",
                  "f": {
                    "lang": "akk-x-neoass",
                    "form": "x",
                    "pos": "u"
                  }
                },
                {
                  "node": "l",
                  "frag": "x]",
                  "id": "P313655.l04da0",
                  "ref": "P313655.10.3",
                  "inst": "u",
                  "f": {
                    "lang": "akk-x-neoass",
                    "form": "x",
                    "pos": "u"
                  }
                },
                {
                  "node": "l",
                  "frag": "KASKAL",
                  "id": "P313655.l04da1",
                  "ref": "P313655.10.4",
                  "inst": "hūli[road]N",
                  "sig": "@saao/saa05%akk-x-neoass:KASKAL=hūlu[way//road]N'N$hūli",
                  "f": {
                    "lang": "akk-x-neoass",
                    "form": "KASKAL",
                    "cf": "hūlu",
                    "gw": "way",
                    "sense": "road",
                    "norm": "hūli",
                    "pos": "N",
                    "epos": "N"
                  }
                },
                {
                  "node": "l",
                  "frag": "[x",
                  "id": "P313655.l04da2",
                  "ref": "P313655.10.5",
                  "inst": "u",
                  "f": {
                    "lang": "akk-x-neoass",
                    "form": "x",
                    "pos": "u"
                  }
                },
                {
                  "node": "l",
                  "frag": "x",
                  "id": "P313655.l04da3",
                  "ref": "P313655.10.6",
                  "inst": "u",
                  "f": {
                    "lang": "akk-x-neoass",
                    "form": "x",
                    "pos": "u"
                  }
                },
                {
                  "node": "l",
                  "frag": "x",
                  "id": "P313655.l04da4",
                  "ref": "P313655.10.7",
                  "inst": "u",
                  "f": {
                    "lang": "akk-x-neoass",
                    "form": "x",
                    "pos": "u"
                  }
                },
                {
                  "node": "l",
                  "frag": "x",
                  "id": "P313655.l04da5",
                  "ref": "P313655.10.8",
                  "inst": "u",
                  "f": {
                    "lang": "akk-x-neoass",
                    "form": "x",
                    "pos": "u"
                  }
                },
                {
                  "node": "l",
                  "frag": "x]",
                  "id": "P313655.l04da6",
                  "ref": "P313655.10.9",
                  "inst": "u",
                  "f": {
                    "lang": "akk-x-neoass",
                    "form": "x",
                    "pos": "u"
                  }
                },
                {
                  "node": "d",
                  "type": "nonx",
                  "ref": "P313655.11",
                  "strict": "0",
                  "extent": "rest",
                  "state": "missing"
                },
                {
                  "node": "d",
                  "subtype": "reverse",
                  "type": "reverse",
                  "ref": "P313655.r.12",
                  "label": "r"
                },
                {
                  "node": "d",
                  "type": "nonx",
                  "ref": "P313655.13",
                  "strict": "0",
                  "state": "other"
                }
              ]
            }
          ]
        }
      ]
    }
  ]
}
