{
  "type": "cdl",
  "source": "http://oracc.org/saao/saa05",
  "license": "This data is released under the CC0 license",
  "license-url": "https://creativecommons.org/publicdomain/zero/1.0/",
  "more-info": "http://oracc.org/doc/opendata/",
  "UTC-timestamp": "2017-06-10T00:40:35",
  "project": "saao/saa05",
  "textid": "P313513",
  "cdl": [
    {
      "node": "c",
      "type": "text",
      "id": "P313513.U0",
      "cdl": [
        {
          "node": "d",
          "type": "object",
          "ref": ""
        },
        {
          "node": "d",
          "subtype": "obverse",
          "type": "obverse",
          "ref": "P313513.o.1",
          "label": "o"
        },
        {
          "node": "d",
          "type": "nonx",
          "ref": "P313513.2",
          "strict": "0",
          "extent": "beginning",
          "state": "missing"
        },
        {
          "node": "c",
          "type": "discourse",
          "subtype": "body",
          "id": "P313513.U1",
          "cdl": [
            {
              "node": "c",
              "type": "sentence",
              "id": "P313513.U2",
              "label": "o 1' - r 13",
              "cdl": [
                {
                  "node": "d",
                  "type": "line-start",
                  "ref": "P313513.3",
                  "n": "1'",
                  "label": "o 1'"
                },
                {
                  "node": "l",
                  "frag": "{[lu₂v}KUR₂-MEŠ",
                  "id": "P313513.l0266e",
                  "ref": "P313513.3.1",
                  "inst": "nakru[enemy]N$nakrūti",
                  "sig": "@saao/saa05%akk-x-neoass:{LU₂}KUR₂-MEŠ=nakru[enemy//enemy]N'N$nakrūti",
                  "f": {
                    "lang": "akk-x-neoass",
                    "form": "{LU₂}KUR₂-MEŠ",
                    "cf": "nakru",
                    "gw": "enemy",
                    "sense": "enemy",
                    "norm": "nakrūti",
                    "pos": "N",
                    "epos": "N"
                  }
                },
                {
                  "node": "l",
                  "frag": "ša]",
                  "id": "P313513.l0266f",
                  "ref": "P313513.3.2",
                  "inst": "ša[of]DET",
                  "sig": "@saao/saa05%akk-x-neoass:ša=ša[of//of]DET'DET$ša",
                  "f": {
                    "lang": "akk-x-neoass",
                    "form": "ša",
                    "cf": "ša",
                    "gw": "of",
                    "sense": "of",
                    "norm": "ša",
                    "pos": "DET",
                    "epos": "DET"
                  }
                },
                {
                  "node": "l",
                  "frag": "{⸢uru}ku⸣-um\\d-me",
                  "id": "P313513.l02670",
                  "ref": "P313513.3.3",
                  "inst": "Kumme[1]GN",
                  "sig": "@saao/saa05%akk-x-neoass:{URU}ku-um-me=Kumme[1//1]GN'GN$Kumme",
                  "f": {
                    "lang": "akk-x-neoass",
                    "form": "{URU}ku-um-me",
                    "cf": "Kumme",
                    "gw": "1",
                    "sense": "1",
                    "norm": "Kumme",
                    "pos": "GN",
                    "epos": "GN"
                  }
                },
                {
                  "node": "c",
                  "type": "phrase",
                  "tag": "phr",
                  "id": "P313513.U4",
                  "ref": "P313513.ls00000",
                  "cdl": [
                    {
                      "node": "l",
                      "frag": "TA@v\\m",
                      "id": "P313513.l02671",
                      "ref": "P313513.3.4",
                      "inst": "issu[from+=from out of]PRP",
                      "sig": "@saao/saa05%akk-x-neoass:TA@v=ištu[from//from]PRP'PRP$issu",
                      "f": {
                        "lang": "akk-x-neoass",
                        "form": "TA@v",
                        "cf": "ištu",
                        "gw": "from",
                        "sense": "from",
                        "norm": "issu",
                        "pos": "PRP",
                        "epos": "PRP"
                      }
                    },
                    {
                      "node": "l",
                      "frag": "ŠA₃-bi-⸢ku⸣-[nu]",
                      "id": "P313513.l02672",
                      "ref": "P313513.3.5",
                      "inst": "libbu[interior]N$libbikunu",
                      "sig": "@saao/saa05%akk-x-neoass:ŠA₃-bi-ku-nu=libbu[interior//interior]N'N$libbikunu",
                      "f": {
                        "lang": "akk-x-neoass",
                        "form": "ŠA₃-bi-ku-nu",
                        "cf": "libbu",
                        "gw": "interior",
                        "sense": "interior",
                        "norm": "libbikunu",
                        "pos": "N",
                        "epos": "N"
                      }
                    }
                  ]
                },
                {
                  "node": "d",
                  "type": "line-start",
                  "ref": "P313513.4",
                  "n": "2'",
                  "label": "o 2'"
                },
                {
                  "node": "l",
                  "frag": "[še-ṣi-a",
                  "id": "P313513.l02673",
                  "ref": "P313513.4.1",
                  "inst": "aṣû[go out//bring out]V$šēṣia",
                  "sig": "@saao/saa05%akk-x-neoass:še-ṣi-a=aṣû[go out//bring out]V'V$šēṣia",
                  "f": {
                    "lang": "akk-x-neoass",
                    "form": "še-ṣi-a",
                    "cf": "aṣû",
                    "gw": "go out",
                    "sense": "bring out",
                    "norm": "šēṣia",
                    "pos": "V",
                    "epos": "V"
                  }
                },
                {
                  "node": "l",
                  "frag": "u₂]-ma-a",
                  "id": "P313513.l02674",
                  "ref": "P313513.4.2",
                  "inst": "ūmâ[now]AV",
                  "sig": "@saao/saa05%akk-x-neoass:u₂-ma-a=ūma[today//now]AV'AV$ūmâ",
                  "f": {
                    "lang": "akk-x-neoass",
                    "form": "u₂-ma-a",
                    "cf": "ūma",
                    "gw": "today",
                    "sense": "now",
                    "norm": "ūmâ",
                    "pos": "AV",
                    "epos": "AV"
                  }
                },
                {
                  "node": "l",
                  "frag": "an-nu-rig",
                  "id": "P313513.l02675",
                  "ref": "P313513.4.3",
                  "inst": "annurig[now]AV",
                  "sig": "@saao/saa05%akk-x-neoass:an-nu-rig=annûri[now//now]AV'AV$annurig",
                  "f": {
                    "lang": "akk-x-neoass",
                    "form": "an-nu-rig",
                    "cf": "annûri",
                    "gw": "now",
                    "sense": "now",
                    "norm": "annurig",
                    "pos": "AV",
                    "epos": "AV"
                  }
                },
                {
                  "node": "l",
                  "frag": "{uru}ku-um-⸢mu⸣",
                  "id": "P313513.l02676",
                  "ref": "P313513.4.4",
                  "inst": "Kumme[]GN$Kummu",
                  "sig": "@saao/saa05%akk-x-neoass:{URU}ku-um-mu=Kumme[1//1]GN'GN$Kummu",
                  "f": {
                    "lang": "akk-x-neoass",
                    "form": "{URU}ku-um-mu",
                    "cf": "Kumme",
                    "gw": "1",
                    "sense": "1",
                    "norm": "Kummu",
                    "pos": "GN",
                    "epos": "GN"
                  }
                },
                {
                  "node": "d",
                  "type": "line-start",
                  "ref": "P313513.5",
                  "n": "3'",
                  "label": "o 3'"
                },
                {
                  "node": "l",
                  "frag": "[gab-bi-šu",
                  "id": "P313513.l02677",
                  "ref": "P313513.5.1",
                  "inst": "gabbu[totality//whole]N'AJ$gabbīšu",
                  "sig": "@saao/saa05%akk-x-neoass:gab-bi-šu=gabbu[totality//whole]N'AJ$gabbīšu",
                  "f": {
                    "lang": "akk-x-neoass",
                    "form": "gab-bi-šu",
                    "cf": "gabbu",
                    "gw": "totality",
                    "sense": "whole",
                    "norm": "gabbīšu",
                    "pos": "N",
                    "epos": "AJ"
                  }
                },
                {
                  "node": "c",
                  "type": "phrase",
                  "tag": "phr",
                  "id": "P313513.U5",
                  "ref": "P313513.ls00001",
                  "cdl": [
                    {
                      "node": "l",
                      "frag": "ina]",
                      "id": "P313513.l02678",
                      "ref": "P313513.5.2",
                      "inst": "ina[in+=against]PRP",
                      "sig": "@saao/saa05%akk-x-neoass:ina=ina[in//in]PRP'PRP$ina",
                      "f": {
                        "lang": "akk-x-neoass",
                        "form": "ina",
                        "cf": "ina",
                        "gw": "in",
                        "sense": "in",
                        "norm": "ina",
                        "pos": "PRP",
                        "epos": "PRP"
                      }
                    },
                    {
                      "node": "l",
                      "frag": "UGU",
                      "id": "P313513.l02679",
                      "ref": "P313513.5.3",
                      "inst": "muhhi[skull]N",
                      "sig": "@saao/saa05%akk-x-neoass:UGU=muhhu[skull//skull]N'N$muhhi",
                      "f": {
                        "lang": "akk-x-neoass",
                        "form": "UGU",
                        "cf": "muhhu",
                        "gw": "skull",
                        "sense": "skull",
                        "norm": "muhhi",
                        "pos": "N",
                        "epos": "N"
                      }
                    }
                  ]
                },
                {
                  "node": "l",
                  "frag": "{1}a-ri-e",
                  "id": "P313513.l0267a",
                  "ref": "P313513.5.4",
                  "inst": "Ariye[1]PN",
                  "sig": "@saao/saa05%akk-x-neoass:{1}a-ri-e=Ariye[1//1]PN'PN$Ariye",
                  "f": {
                    "lang": "akk-x-neoass",
                    "form": "{1}a-ri-e",
                    "cf": "Ariye",
                    "gw": "1",
                    "sense": "1",
                    "norm": "Ariye",
                    "pos": "PN",
                    "epos": "PN"
                  }
                },
                {
                  "node": "l",
                  "frag": "i-sa-ak-nu",
                  "id": "P313513.l0267b",
                  "ref": "P313513.5.5",
                  "inst": "šakānu[put//place]V$issaknu",
                  "sig": "@saao/saa05%akk-x-neoass:i-sa-ak-nu=šakānu[put//place]V'V$issaknu",
                  "f": {
                    "lang": "akk-x-neoass",
                    "form": "i-sa-ak-nu",
                    "cf": "šakānu",
                    "gw": "put",
                    "sense": "place",
                    "norm": "issaknu",
                    "pos": "V",
                    "epos": "V"
                  }
                },
                {
                  "node": "d",
                  "type": "line-start",
                  "ref": "P313513.6",
                  "n": "4'",
                  "label": "o 4'"
                },
                {
                  "node": "l",
                  "frag": "[x",
                  "id": "P313513.l0267c",
                  "ref": "P313513.6.1",
                  "inst": "u",
                  "f": {
                    "lang": "akk-x-neoass",
                    "form": "x",
                    "pos": "u"
                  }
                },
                {
                  "node": "l",
                  "frag": "x",
                  "id": "P313513.l0267d",
                  "ref": "P313513.6.2",
                  "inst": "u",
                  "f": {
                    "lang": "akk-x-neoass",
                    "form": "x",
                    "pos": "u"
                  }
                },
                {
                  "node": "l",
                  "frag": "x",
                  "id": "P313513.l0267e",
                  "ref": "P313513.6.3",
                  "inst": "u",
                  "f": {
                    "lang": "akk-x-neoass",
                    "form": "x",
                    "pos": "u"
                  }
                },
                {
                  "node": "l",
                  "frag": "x]+⸢x⸣",
                  "id": "P313513.l0267f",
                  "ref": "P313513.6.4",
                  "inst": "u",
                  "f": {
                    "lang": "akk-x-neoass",
                    "form": "x+x",
                    "pos": "u"
                  }
                },
                {
                  "node": "c",
                  "type": "phrase",
                  "tag": "phr",
                  "id": "P313513.U6",
                  "ref": "P313513.ls00002",
                  "cdl": [
                    {
                      "node": "l",
                      "frag": "ina",
                      "id": "P313513.l02680",
                      "ref": "P313513.6.5",
                      "inst": "ina[in+=concerning]PRP",
                      "sig": "@saao/saa05%akk-x-neoass:ina=ina[in//in]PRP'PRP$ina",
                      "f": {
                        "lang": "akk-x-neoass",
                        "form": "ina",
                        "cf": "ina",
                        "gw": "in",
                        "sense": "in",
                        "norm": "ina",
                        "pos": "PRP",
                        "epos": "PRP"
                      }
                    },
                    {
                      "node": "l",
                      "frag": "UGU",
                      "id": "P313513.l02681",
                      "ref": "P313513.6.6",
                      "inst": "muhhi[skull]N",
                      "sig": "@saao/saa05%akk-x-neoass:UGU=muhhu[skull//skull]N'N$muhhi",
                      "f": {
                        "lang": "akk-x-neoass",
                        "form": "UGU",
                        "cf": "muhhu",
                        "gw": "skull",
                        "sense": "skull",
                        "norm": "muhhi",
                        "pos": "N",
                        "epos": "N"
                      }
                    }
                  ]
                },
                {
                  "node": "l",
                  "frag": "du-a-ki",
                  "id": "P313513.l02682",
                  "ref": "P313513.6.7",
                  "inst": "dâku[kill//killing]V'N$duāki",
                  "sig": "@saao/saa05%akk-x-neoass:du-a-ki=dâku[kill//killing]V'N$duāki",
                  "f": {
                    "lang": "akk-x-neoass",
                    "form": "du-a-ki",
                    "cf": "dâku",
                    "gw": "kill",
                    "sense": "killing",
                    "norm": "duāki",
                    "pos": "V",
                    "epos": "N"
                  }
                },
                {
                  "node": "d",
                  "type": "line-start",
                  "ref": "P313513.7",
                  "n": "5'",
                  "label": "o 5'"
                },
                {
                  "node": "l",
                  "frag": "[ša",
                  "id": "P313513.l02683",
                  "ref": "P313513.7.1",
                  "inst": "ša[of]DET",
                  "sig": "@saao/saa05%akk-x-neoass:ša=ša[of//of]DET'DET$ša",
                  "f": {
                    "lang": "akk-x-neoass",
                    "form": "ša",
                    "cf": "ša",
                    "gw": "of",
                    "sense": "of",
                    "norm": "ša",
                    "pos": "DET",
                    "epos": "DET"
                  }
                },
                {
                  "node": "l",
                  "frag": "{lu₂v}qe-pi]",
                  "id": "P313513.l02684",
                  "ref": "P313513.7.2",
                  "inst": "qīpu[representative//(royal) delegate]N$qēpi",
                  "sig": "@saao/saa05%akk-x-neoass:{LU₂}qe-pi=qīpu[representative//(royal) delegate]N'N$qēpi",
                  "f": {
                    "lang": "akk-x-neoass",
                    "form": "{LU₂}qe-pi",
                    "cf": "qīpu",
                    "gw": "representative",
                    "sense": "(royal) delegate",
                    "norm": "qēpi",
                    "pos": "N",
                    "epos": "N"
                  }
                },
                {
                  "node": "l",
                  "frag": "⸢i⸣-da\\d-bu\\p-bu\\p",
                  "id": "P313513.l02685",
                  "ref": "P313513.7.3",
                  "inst": "idabbubu[speak]V",
                  "sig": "@saao/saa05%akk-x-neoass:i-da-bu-bu=dabābu[speak//speak]V'V$idabbubu",
                  "f": {
                    "lang": "akk-x-neoass",
                    "form": "i-da-bu-bu",
                    "cf": "dabābu",
                    "gw": "speak",
                    "sense": "speak",
                    "norm": "idabbubu",
                    "pos": "V",
                    "epos": "V"
                  }
                },
                {
                  "node": "d",
                  "subtype": "bottom",
                  "type": "bottom",
                  "ref": "P313513.b.e..8",
                  "label": "b.e."
                },
                {
                  "node": "d",
                  "type": "line-start",
                  "ref": "P313513.9",
                  "n": "6'",
                  "label": "b.e. 6'"
                },
                {
                  "node": "c",
                  "type": "phrase",
                  "tag": "phr",
                  "id": "P313513.U7",
                  "ref": "P313513.ls00003",
                  "cdl": [
                    {
                      "node": "l",
                      "frag": "[ina",
                      "id": "P313513.l02686",
                      "ref": "P313513.9.1",
                      "inst": "ina[in+=within]PRP",
                      "sig": "@saao/saa05%akk-x-neoass:ina=ina[in//in]PRP'PRP$ina",
                      "f": {
                        "lang": "akk-x-neoass",
                        "form": "ina",
                        "cf": "ina",
                        "gw": "in",
                        "sense": "in",
                        "norm": "ina",
                        "pos": "PRP",
                        "epos": "PRP"
                      }
                    },
                    {
                      "node": "l",
                      "frag": "ŠA₃",
                      "id": "P313513.l02687",
                      "ref": "P313513.9.2",
                      "inst": "libbi[interior]N",
                      "sig": "@saao/saa05%akk-x-neoass:ŠA₃=libbu[interior//interior]N'N$libbi",
                      "f": {
                        "lang": "akk-x-neoass",
                        "form": "ŠA₃",
                        "cf": "libbu",
                        "gw": "interior",
                        "sense": "interior",
                        "norm": "libbi",
                        "pos": "N",
                        "epos": "N"
                      }
                    }
                  ]
                },
                {
                  "node": "l",
                  "frag": "UD-me]",
                  "id": "P313513.l02688",
                  "ref": "P313513.9.3",
                  "inst": "ūme[day]N",
                  "sig": "@saao/saa05%akk-x-neoass:UD-me=ūmu[day//day]N'N$ūme",
                  "f": {
                    "lang": "akk-x-neoass",
                    "form": "UD-me",
                    "cf": "ūmu",
                    "gw": "day",
                    "sense": "day",
                    "norm": "ūme",
                    "pos": "N",
                    "epos": "N"
                  }
                },
                {
                  "node": "l",
                  "frag": "⸢ša",
                  "id": "P313513.l02689",
                  "ref": "P313513.9.4",
                  "inst": "ša[that]REL$",
                  "sig": "@saao/saa05%akk-x-neoass:ša=ša[that//that]REL'REL$ša",
                  "f": {
                    "lang": "akk-x-neoass",
                    "form": "ša",
                    "cf": "ša",
                    "gw": "that",
                    "sense": "that",
                    "norm": "ša",
                    "pos": "REL",
                    "epos": "REL"
                  }
                },
                {
                  "node": "l",
                  "frag": "e⸣-gir₂-tu₂",
                  "id": "P313513.l0268a",
                  "ref": "P313513.9.5",
                  "inst": "egertu[letter]N",
                  "sig": "@saao/saa05%akk-x-neoass:e-gir₂-tu₂=egertu[inscribed tablet//letter]N'N$egertu",
                  "f": {
                    "lang": "akk-x-neoass",
                    "form": "e-gir₂-tu₂",
                    "cf": "egertu",
                    "gw": "inscribed tablet",
                    "sense": "letter",
                    "norm": "egertu",
                    "pos": "N",
                    "epos": "N"
                  }
                },
                {
                  "node": "d",
                  "type": "line-start",
                  "ref": "P313513.10",
                  "n": "7'",
                  "label": "b.e. 7'"
                },
                {
                  "node": "l",
                  "frag": "[ša",
                  "id": "P313513.l0268b",
                  "ref": "P313513.10.1",
                  "inst": "ša[of]DET",
                  "sig": "@saao/saa05%akk-x-neoass:ša=ša[of//of]DET'DET$ša",
                  "f": {
                    "lang": "akk-x-neoass",
                    "form": "ša",
                    "cf": "ša",
                    "gw": "of",
                    "sense": "of",
                    "norm": "ša",
                    "pos": "DET",
                    "epos": "DET"
                  }
                },
                {
                  "node": "l",
                  "frag": "{1}aš-šur-re]-⸢ṣu⸣-u-a",
                  "id": "P313513.l0268c",
                  "ref": "P313513.10.2",
                  "inst": "Aššur-reṣuwa[1]PN",
                  "sig": "@saao/saa05%akk-x-neoass:{1}aš-šur-re-ṣu-u-a=Aššur-reṣuwa[1//1]PN'PN$Aššur-reṣuwa",
                  "f": {
                    "lang": "akk-x-neoass",
                    "form": "{1}aš-šur-re-ṣu-u-a",
                    "cf": "Aššur-reṣuwa",
                    "gw": "1",
                    "sense": "1",
                    "norm": "Aššur-reṣuwa",
                    "pos": "PN",
                    "epos": "PN"
                  }
                },
                {
                  "node": "l",
                  "frag": "TA@v\\m",
                  "id": "P313513.l0268d",
                  "ref": "P313513.10.3",
                  "inst": "issi[with]PRP",
                  "sig": "@saao/saa05%akk-x-neoass:TA@v=išti[with//with]PRP'PRP$issi",
                  "f": {
                    "lang": "akk-x-neoass",
                    "form": "TA@v",
                    "cf": "išti",
                    "gw": "with",
                    "sense": "with",
                    "norm": "issi",
                    "pos": "PRP",
                    "epos": "PRP"
                  }
                },
                {
                  "node": "l",
                  "frag": "{lu₂v}A-KIN",
                  "id": "P313513.l0268e",
                  "ref": "P313513.10.4",
                  "cof-tails": "P313513.l0268f",
                  "inst": "māru[son]N$mār&šipru[sending]N$šipri",
                  "sig": "@saao/saa05%akk-x-neoass:{LU₂}A-KIN=māru[son//son]N'N$mār&&@saao%akk-x-neoass:=šipru[sending//sending]N'N$šipri",
                  "f": {
                    "lang": "akk-x-neoass",
                    "form": "{LU₂}A-KIN",
                    "cf": "māru",
                    "gw": "son",
                    "sense": "son",
                    "norm": "mār",
                    "pos": "N",
                    "epos": "N"
                  }
                },
                {
                  "node": "l",
                  "frag": "{lu₂v}A-KIN",
                  "id": "P313513.l0268f",
                  "ref": "P313513.10.4",
                  "cof-head": "P313513.l0268e",
                  "inst": "māru[son]N$mār&šipru[sending]N$šipri",
                  "tail-sig": "@saao%akk-x-neoass:=šipru[sending//sending]N'N$šipri",
                  "f": {
                    "lang": "akk-x-neoass",
                    "form": "{LU₂}A-KIN",
                    "cf": "šipru",
                    "gw": "sending",
                    "sense": "sending",
                    "norm": "šipri",
                    "pos": "N",
                    "epos": "N"
                  }
                },
                {
                  "node": "d",
                  "subtype": "reverse",
                  "type": "reverse",
                  "ref": "P313513.r.11",
                  "label": "r"
                },
                {
                  "node": "d",
                  "type": "line-start",
                  "ref": "P313513.12",
                  "n": "1",
                  "label": "r 1"
                },
                {
                  "node": "l",
                  "frag": "[ša",
                  "id": "P313513.l02690",
                  "ref": "P313513.12.1",
                  "inst": "ša[of]DET",
                  "sig": "@saao/saa05%akk-x-neoass:ša=ša[of//of]DET'DET$ša",
                  "f": {
                    "lang": "akk-x-neoass",
                    "form": "ša",
                    "cf": "ša",
                    "gw": "of",
                    "sense": "of",
                    "norm": "ša",
                    "pos": "DET",
                    "epos": "DET"
                  }
                },
                {
                  "node": "l",
                  "frag": "x",
                  "id": "P313513.l02691",
                  "ref": "P313513.12.2",
                  "inst": "u",
                  "f": {
                    "lang": "akk-x-neoass",
                    "form": "x",
                    "pos": "u"
                  }
                },
                {
                  "node": "l",
                  "frag": "x",
                  "id": "P313513.l02692",
                  "ref": "P313513.12.3",
                  "inst": "u",
                  "f": {
                    "lang": "akk-x-neoass",
                    "form": "x",
                    "pos": "u"
                  }
                },
                {
                  "node": "l",
                  "frag": "x",
                  "id": "P313513.l02693",
                  "ref": "P313513.12.4",
                  "inst": "u",
                  "f": {
                    "lang": "akk-x-neoass",
                    "form": "x",
                    "pos": "u"
                  }
                },
                {
                  "node": "c",
                  "type": "phrase",
                  "tag": "phr",
                  "id": "P313513.U8",
                  "ref": "P313513.ls00004",
                  "cdl": [
                    {
                      "node": "l",
                      "frag": "ina",
                      "id": "P313513.l02694",
                      "ref": "P313513.12.5",
                      "inst": "ina[in+=to]PRP",
                      "sig": "@saao/saa05%akk-x-neoass:ina=ina[in//in]PRP'PRP$ina",
                      "f": {
                        "lang": "akk-x-neoass",
                        "form": "ina",
                        "cf": "ina",
                        "gw": "in",
                        "sense": "in",
                        "norm": "ina",
                        "pos": "PRP",
                        "epos": "PRP"
                      }
                    },
                    {
                      "node": "l",
                      "frag": "UGU-hi-ia]",
                      "id": "P313513.l02695",
                      "ref": "P313513.12.6",
                      "inst": "muhhīya[skull]N",
                      "sig": "@saao/saa05%akk-x-neoass:UGU-hi-ia=muhhu[skull//skull]N'N$muhhīya",
                      "f": {
                        "lang": "akk-x-neoass",
                        "form": "UGU-hi-ia",
                        "cf": "muhhu",
                        "gw": "skull",
                        "sense": "skull",
                        "norm": "muhhīya",
                        "pos": "N",
                        "epos": "N"
                      }
                    }
                  ]
                },
                {
                  "node": "l",
                  "frag": "⸢il⸣-lik-u-ni-ni",
                  "id": "P313513.l02696",
                  "ref": "P313513.12.7",
                  "inst": "alāku[go//come]V$illikūninni",
                  "sig": "@saao/saa05%akk-x-neoass:il-lik-u-ni-ni=alāku[go//come]V'V$illikūninni",
                  "f": {
                    "lang": "akk-x-neoass",
                    "form": "il-lik-u-ni-ni",
                    "cf": "alāku",
                    "gw": "go",
                    "sense": "come",
                    "norm": "illikūninni",
                    "pos": "V",
                    "epos": "V"
                  }
                },
                {
                  "node": "d",
                  "type": "line-start",
                  "ref": "P313513.13",
                  "n": "2",
                  "label": "r 2"
                },
                {
                  "node": "l",
                  "frag": "[x",
                  "id": "P313513.l02697",
                  "ref": "P313513.13.1",
                  "inst": "u",
                  "f": {
                    "lang": "akk-x-neoass",
                    "form": "x",
                    "pos": "u"
                  }
                },
                {
                  "node": "l",
                  "frag": "x",
                  "id": "P313513.l02698",
                  "ref": "P313513.13.2",
                  "inst": "u",
                  "f": {
                    "lang": "akk-x-neoass",
                    "form": "x",
                    "pos": "u"
                  }
                },
                {
                  "node": "l",
                  "frag": "x",
                  "id": "P313513.l02699",
                  "ref": "P313513.13.3",
                  "inst": "u",
                  "f": {
                    "lang": "akk-x-neoass",
                    "form": "x",
                    "pos": "u"
                  }
                },
                {
                  "node": "l",
                  "frag": "x",
                  "id": "P313513.l0269a",
                  "ref": "P313513.13.4",
                  "inst": "u",
                  "f": {
                    "lang": "akk-x-neoass",
                    "form": "x",
                    "pos": "u"
                  }
                },
                {
                  "node": "l",
                  "frag": "x",
                  "id": "P313513.l0269b",
                  "ref": "P313513.13.5",
                  "inst": "u",
                  "f": {
                    "lang": "akk-x-neoass",
                    "form": "x",
                    "pos": "u"
                  }
                },
                {
                  "node": "l",
                  "frag": "x",
                  "id": "P313513.l0269c",
                  "ref": "P313513.13.6",
                  "inst": "u",
                  "f": {
                    "lang": "akk-x-neoass",
                    "form": "x",
                    "pos": "u"
                  }
                },
                {
                  "node": "l",
                  "frag": "x",
                  "id": "P313513.l0269d",
                  "ref": "P313513.13.7",
                  "inst": "u",
                  "f": {
                    "lang": "akk-x-neoass",
                    "form": "x",
                    "pos": "u"
                  }
                },
                {
                  "node": "l",
                  "frag": "x",
                  "id": "P313513.l0269e",
                  "ref": "P313513.13.8",
                  "inst": "u",
                  "f": {
                    "lang": "akk-x-neoass",
                    "form": "x",
                    "pos": "u"
                  }
                },
                {
                  "node": "l",
                  "frag": "x]-ka",
                  "id": "P313513.l0269f",
                  "ref": "P313513.13.9",
                  "inst": "u",
                  "f": {
                    "lang": "akk-x-neoass",
                    "form": "x-ka",
                    "pos": "u"
                  }
                },
                {
                  "node": "d",
                  "type": "line-start",
                  "ref": "P313513.14",
                  "n": "13",
                  "label": "r 13"
                },
                {
                  "node": "l",
                  "frag": "[x",
                  "id": "P313513.l026a0",
                  "ref": "P313513.14.1",
                  "inst": "u",
                  "f": {
                    "lang": "akk-x-neoass",
                    "form": "x",
                    "pos": "u"
                  }
                },
                {
                  "node": "l",
                  "frag": "x",
                  "id": "P313513.l026a1",
                  "ref": "P313513.14.2",
                  "inst": "u",
                  "f": {
                    "lang": "akk-x-neoass",
                    "form": "x",
                    "pos": "u"
                  }
                },
                {
                  "node": "l",
                  "frag": "x",
                  "id": "P313513.l026a2",
                  "ref": "P313513.14.3",
                  "inst": "u",
                  "f": {
                    "lang": "akk-x-neoass",
                    "form": "x",
                    "pos": "u"
                  }
                },
                {
                  "node": "l",
                  "frag": "x",
                  "id": "P313513.l026a3",
                  "ref": "P313513.14.4",
                  "inst": "u",
                  "f": {
                    "lang": "akk-x-neoass",
                    "form": "x",
                    "pos": "u"
                  }
                },
                {
                  "node": "l",
                  "frag": "x",
                  "id": "P313513.l026a4",
                  "ref": "P313513.14.5",
                  "inst": "u",
                  "f": {
                    "lang": "akk-x-neoass",
                    "form": "x",
                    "pos": "u"
                  }
                },
                {
                  "node": "l",
                  "frag": "x",
                  "id": "P313513.l026a5",
                  "ref": "P313513.14.6",
                  "inst": "u",
                  "f": {
                    "lang": "akk-x-neoass",
                    "form": "x",
                    "pos": "u"
                  }
                },
                {
                  "node": "l",
                  "frag": "x",
                  "id": "P313513.l026a6",
                  "ref": "P313513.14.7",
                  "inst": "u",
                  "f": {
                    "lang": "akk-x-neoass",
                    "form": "x",
                    "pos": "u"
                  }
                },
                {
                  "node": "l",
                  "frag": "x]+⸢x⸣-ib-šu₂-nu",
                  "id": "P313513.l026a7",
                  "ref": "P313513.14.8",
                  "inst": "u",
                  "f": {
                    "lang": "akk-x-neoass",
                    "form": "x+x-ib-šu₂-nu",
                    "pos": "u"
                  }
                },
                {
                  "node": "d",
                  "type": "nonx",
                  "ref": "P313513.15",
                  "strict": "0",
                  "extent": "rest",
                  "state": "missing"
                }
              ]
            }
          ]
        }
      ]
    },
    {
      "linkbase": [
        {
          "type": "linkset",
          "xlink_title": "ištu libbi[from//from out of]PRP'PRP",
          "id": "P313513.ls00000",
          "xlink_type": "extended",
          "xlink_role": "psu",
          "sig": "{ištu[from]PRP libbu[interior]N += ištu libbi[from//from out of]PRP'PRP}::@saao%akk-x-neoass:TA@v=ištu[from//from]PRP'PRP$issu++@saao%akk-x-neoass:ŠA₃-bi-ku-nu=libbu[interior//interior]N'N$libbikunu",
          "links": [
            {
              "type": "link",
              "xlink_title": "issu",
              "xlink_type": "locator",
              "xlink_href": "#P313513.l02671",
              "xlink_role": "elt"
            },
            {
              "type": "link",
              "xlink_title": "libbu",
              "xlink_type": "locator",
              "xlink_href": "#P313513.l02672",
              "xlink_role": "elt"
            }
          ]
        },
        {
          "type": "linkset",
          "xlink_title": "ina muhhi[on//about]PRP'PRP",
          "id": "P313513.ls00001",
          "xlink_type": "extended",
          "xlink_role": "psu",
          "sig": "{ina[in]PRP muhhu[skull]N += ina muhhi[on//about]PRP'PRP}::@saao%akk-x-neoass:ina=ina[in//into]PRP'PRP$ina++@saao%akk-x-neoass:UGU=muhhu[skull//skull]N'N$muhhi",
          "links": [
            {
              "type": "link",
              "xlink_title": "ina",
              "xlink_type": "locator",
              "xlink_href": "#P313513.l02678",
              "xlink_role": "elt"
            },
            {
              "type": "link",
              "xlink_title": "muhhi",
              "xlink_type": "locator",
              "xlink_href": "#P313513.l02679",
              "xlink_role": "elt"
            }
          ]
        },
        {
          "type": "linkset",
          "xlink_title": "ina muhhi[on//about]PRP'PRP",
          "id": "P313513.ls00002",
          "xlink_type": "extended",
          "xlink_role": "psu",
          "sig": "{ina[in]PRP muhhu[skull]N += ina muhhi[on//about]PRP'PRP}::@saao%akk-x-neoass:ina=ina[in//into]PRP'PRP$ina++@saao%akk-x-neoass:UGU=muhhu[skull//skull]N'N$muhhi",
          "links": [
            {
              "type": "link",
              "xlink_title": "ina",
              "xlink_type": "locator",
              "xlink_href": "#P313513.l02680",
              "xlink_role": "elt"
            },
            {
              "type": "link",
              "xlink_title": "muhhi",
              "xlink_type": "locator",
              "xlink_href": "#P313513.l02681",
              "xlink_role": "elt"
            }
          ]
        },
        {
          "type": "linkset",
          "xlink_title": "ina libbi[in//(in exchange) for]PRP'PRP",
          "id": "P313513.ls00003",
          "xlink_type": "extended",
          "xlink_role": "psu",
          "sig": "{ina[in]PRP libbu[interior]N += ina libbi[in//(in exchange) for]PRP'PRP}::@saao%akk-x-neoass:ina=ina[in//into]PRP'PRP$ina++@saao%akk-x-neoass:ŠA₃=libbu[interior//interior]N'N$libbi",
          "links": [
            {
              "type": "link",
              "xlink_title": "ina",
              "xlink_type": "locator",
              "xlink_href": "#P313513.l02686",
              "xlink_role": "elt"
            },
            {
              "type": "link",
              "xlink_title": "libbi",
              "xlink_type": "locator",
              "xlink_href": "#P313513.l02687",
              "xlink_role": "elt"
            }
          ]
        },
        {
          "type": "linkset",
          "xlink_title": "ina muhhi[on//about]PRP'PRP",
          "id": "P313513.ls00004",
          "xlink_type": "extended",
          "xlink_role": "psu",
          "sig": "{ina[in]PRP muhhu[skull]N += ina muhhi[on//about]PRP'PRP}::@saao%akk-x-neoass:ina=ina[in//into]PRP'PRP$ina++@saao%akk-x-neoass:UGU-hi-ia=muhhu[skull//skull]N'N$muhhīya",
          "links": [
            {
              "type": "link",
              "xlink_title": "ina",
              "xlink_type": "locator",
              "xlink_href": "#P313513.l02694",
              "xlink_role": "elt"
            },
            {
              "type": "link",
              "xlink_title": "muhhīya",
              "xlink_type": "locator",
              "xlink_href": "#P313513.l02695",
              "xlink_role": "elt"
            }
          ]
        }
      ]
    }
  ]
}
