{
  "type": "cdl",
  "source": "http://oracc.org/saao/saa05",
  "license": "This data is released under the CC0 license",
  "license-url": "https://creativecommons.org/publicdomain/zero/1.0/",
  "more-info": "http://oracc.org/doc/opendata/",
  "UTC-timestamp": "2017-06-10T00:40:51",
  "project": "saao/saa05",
  "textid": "P334060",
  "cdl": [
    {
      "node": "c",
      "type": "text",
      "id": "P334060.U0",
      "cdl": [
        {
          "node": "d",
          "type": "object",
          "ref": ""
        },
        {
          "node": "d",
          "subtype": "obverse",
          "type": "obverse",
          "ref": "P334060.o.1",
          "label": "o"
        },
        {
          "node": "c",
          "type": "discourse",
          "subtype": "body",
          "id": "P334060.U1",
          "cdl": [
            {
              "node": "c",
              "type": "sentence",
              "id": "P334060.U2",
              "label": "o 1 - e. 2",
              "cdl": [
                {
                  "node": "d",
                  "type": "line-start",
                  "ref": "P334060.2",
                  "n": "1",
                  "label": "o 1"
                },
                {
                  "node": "l",
                  "frag": "a-na",
                  "id": "P334060.l03327",
                  "ref": "P334060.2.1",
                  "inst": "ana[to]PRP",
                  "sig": "@saao/saa05%akk-x-neoass:a-na=ana[to//to]PRP'PRP$ana",
                  "f": {
                    "lang": "akk-x-neoass",
                    "form": "a-na",
                    "cf": "ana",
                    "gw": "to",
                    "sense": "to",
                    "norm": "ana",
                    "pos": "PRP",
                    "epos": "PRP"
                  }
                },
                {
                  "node": "l",
                  "frag": "{lu₂}NIGIR₂-E₂.GAL",
                  "id": "P334060.l03328",
                  "ref": "P334060.2.2",
                  "cof-tails": "P334060.l03329",
                  "inst": "nāgiru[herald]N$nāgir&ēkallu[palace]N$ēkalli",
                  "sig": "@saao/saa05%akk-x-neoass:{LU₂}NIGIR₂-E₂.GAL=nāgiru[herald//herald]N'N$nāgir&&@saao%akk-x-neoass:=ēkallu[palace//palace]N'N$ēkalli",
                  "f": {
                    "lang": "akk-x-neoass",
                    "form": "{LU₂}NIGIR₂-E₂.GAL",
                    "cf": "nāgiru",
                    "gw": "herald",
                    "sense": "herald",
                    "norm": "nāgir",
                    "pos": "N",
                    "epos": "N"
                  }
                },
                {
                  "node": "l",
                  "frag": "{lu₂}NIGIR₂-E₂.GAL",
                  "id": "P334060.l03329",
                  "ref": "P334060.2.2",
                  "cof-head": "P334060.l03328",
                  "inst": "nāgiru[herald]N$nāgir&ēkallu[palace]N$ēkalli",
                  "tail-sig": "@saao%akk-x-neoass:=ēkallu[palace//palace]N'N$ēkalli",
                  "f": {
                    "lang": "akk-x-neoass",
                    "form": "{LU₂}NIGIR₂-E₂.GAL",
                    "cf": "ēkallu",
                    "gw": "palace",
                    "sense": "palace",
                    "norm": "ēkalli",
                    "pos": "N",
                    "epos": "N"
                  }
                },
                {
                  "node": "d",
                  "type": "line-start",
                  "ref": "P334060.3",
                  "n": "2",
                  "label": "o 2"
                },
                {
                  "node": "l",
                  "frag": "EN-ia",
                  "id": "P334060.l0332a",
                  "ref": "P334060.3.1",
                  "inst": "bēlīya[lord]N",
                  "sig": "@saao/saa05%akk-x-neoass:EN-ia=bēlu[lord//lord]N'N$bēlīya",
                  "f": {
                    "lang": "akk-x-neoass",
                    "form": "EN-ia",
                    "cf": "bēlu",
                    "gw": "lord",
                    "sense": "lord",
                    "norm": "bēlīya",
                    "pos": "N",
                    "epos": "N"
                  }
                },
                {
                  "node": "d",
                  "type": "line-start",
                  "ref": "P334060.4",
                  "n": "3",
                  "label": "o 3"
                },
                {
                  "node": "l",
                  "frag": "⸢ARAD⸣-ka",
                  "id": "P334060.l0332b",
                  "ref": "P334060.4.1",
                  "inst": "urdaka[servant]N",
                  "sig": "@saao/saa05%akk-x-neoass:ARAD-ka=ardu[slave//servant]N'N$urdaka",
                  "f": {
                    "lang": "akk-x-neoass",
                    "form": "ARAD-ka",
                    "cf": "ardu",
                    "gw": "slave",
                    "sense": "servant",
                    "norm": "urdaka",
                    "pos": "N",
                    "epos": "N"
                  }
                },
                {
                  "node": "l",
                  "frag": "{1}ARAD-{d}30",
                  "id": "P334060.l0332c",
                  "ref": "P334060.4.2",
                  "inst": "Urdu-Sin[]PN$",
                  "sig": "@saao/saa05%akk-x-neoass:{1}ARAD-{d}30=Urdu-Sin[1//1]PN'PN$Urdu-Sin",
                  "f": {
                    "lang": "akk-x-neoass",
                    "form": "{1}ARAD-{d}30",
                    "cf": "Urdu-Sin",
                    "gw": "1",
                    "sense": "1",
                    "norm": "Urdu-Sin",
                    "pos": "PN",
                    "epos": "PN"
                  }
                },
                {
                  "node": "d",
                  "type": "line-start",
                  "ref": "P334060.5",
                  "n": "4",
                  "label": "o 4"
                },
                {
                  "node": "l",
                  "frag": "{[lu₂]}⸢ga⸣-me-ra-a.a",
                  "id": "P334060.l0332d",
                  "ref": "P334060.5.1",
                  "inst": "Gimiraya[Cimmerian]EN$Gameraya",
                  "sig": "@saao/saa05%akk-x-neoass:{LU₂}ga-me-ra-a.a=Gimiraya[Cimmerian//Cimmerian]EN'EN$Gameraya",
                  "f": {
                    "lang": "akk-x-neoass",
                    "form": "{LU₂}ga-me-ra-a.a",
                    "cf": "Gimiraya",
                    "gw": "Cimmerian",
                    "sense": "Cimmerian",
                    "norm": "Gameraya",
                    "pos": "EN",
                    "epos": "EN"
                  }
                },
                {
                  "node": "d",
                  "type": "line-start",
                  "ref": "P334060.6",
                  "n": "5",
                  "label": "o 5"
                },
                {
                  "node": "l",
                  "frag": "⸢x",
                  "id": "P334060.l0332e",
                  "ref": "P334060.6.1",
                  "inst": "u",
                  "f": {
                    "lang": "akk-x-neoass",
                    "form": "x",
                    "pos": "u"
                  }
                },
                {
                  "node": "l",
                  "frag": "an⸣-ni\\d-u₂",
                  "id": "P334060.l0332f",
                  "ref": "P334060.6.2",
                  "inst": "annû[this]DP$annīu",
                  "sig": "@saao/saa05%akk-x-neoass:an-ni-u₂=annû[this//this]DP'DP$annīu",
                  "f": {
                    "lang": "akk-x-neoass",
                    "form": "an-ni-u₂",
                    "cf": "annû",
                    "gw": "this",
                    "sense": "this",
                    "norm": "annīu",
                    "pos": "DP",
                    "epos": "DP"
                  }
                },
                {
                  "node": "d",
                  "type": "line-start",
                  "ref": "P334060.7",
                  "n": "6",
                  "label": "o 6"
                },
                {
                  "node": "l",
                  "frag": "⸢it-tu⸣-ṣi",
                  "id": "P334060.l03330",
                  "ref": "P334060.7.1",
                  "inst": "ittūṣi[go out]V",
                  "sig": "@saao/saa05%akk-x-neoass:it-tu-ṣi=aṣû[go out//go out]V'V$ittūṣi",
                  "f": {
                    "lang": "akk-x-neoass",
                    "form": "it-tu-ṣi",
                    "cf": "aṣû",
                    "gw": "go out",
                    "sense": "go out",
                    "norm": "ittūṣi",
                    "pos": "V",
                    "epos": "V"
                  }
                },
                {
                  "node": "c",
                  "type": "phrase",
                  "tag": "phr",
                  "id": "P334060.U4",
                  "ref": "P334060.ls00000",
                  "cdl": [
                    {
                      "node": "l",
                      "frag": "TA@v\\m",
                      "id": "P334060.l03331",
                      "ref": "P334060.7.2",
                      "inst": "issu[from+=from]PRP",
                      "sig": "@saao/saa05%akk-x-neoass:TA@v=ištu[from//from]PRP'PRP$issu",
                      "f": {
                        "lang": "akk-x-neoass",
                        "form": "TA@v",
                        "cf": "ištu",
                        "gw": "from",
                        "sense": "from",
                        "norm": "issu",
                        "pos": "PRP",
                        "epos": "PRP"
                      }
                    },
                    {
                      "node": "l",
                      "frag": "ŠA₃-bi",
                      "id": "P334060.l03332",
                      "ref": "P334060.7.3",
                      "inst": "libbi[interior]N",
                      "sig": "@saao/saa05%akk-x-neoass:ŠA₃-bi=libbu[interior//interior]N'N$libbi",
                      "f": {
                        "lang": "akk-x-neoass",
                        "form": "ŠA₃-bi",
                        "cf": "libbu",
                        "gw": "interior",
                        "sense": "interior",
                        "norm": "libbi",
                        "pos": "N",
                        "epos": "N"
                      }
                    }
                  ]
                },
                {
                  "node": "d",
                  "type": "line-start",
                  "ref": "P334060.8",
                  "n": "7",
                  "label": "o 7"
                },
                {
                  "node": "l",
                  "frag": "{⸢kur}ma-na⸣-a.a",
                  "id": "P334060.l03333",
                  "ref": "P334060.8.1",
                  "inst": "Manna[Mannea]GN$Mannaya",
                  "sig": "@saao/saa05%akk-x-neoass:{KUR}ma-na-a.a=Manna[Mannea//Mannea]GN'GN$Mannaya",
                  "f": {
                    "lang": "akk-x-neoass",
                    "form": "{KUR}ma-na-a.a",
                    "cf": "Manna",
                    "gw": "Mannea",
                    "sense": "Mannea",
                    "norm": "Mannaya",
                    "pos": "GN",
                    "epos": "GN"
                  }
                },
                {
                  "node": "d",
                  "type": "line-start",
                  "ref": "P334060.9",
                  "n": "8",
                  "label": "o 8"
                },
                {
                  "node": "c",
                  "type": "phrase",
                  "tag": "phr",
                  "id": "P334060.U5",
                  "ref": "P334060.ls00001",
                  "cdl": [
                    {
                      "node": "l",
                      "frag": "⸢ina",
                      "id": "P334060.l03334",
                      "ref": "P334060.9.1",
                      "inst": "ina[in]PRP",
                      "sig": "@saao/saa05%akk-x-neoass:ina=ina[in//in]PRP'PRP$ina",
                      "f": {
                        "lang": "akk-x-neoass",
                        "form": "ina",
                        "cf": "ina",
                        "gw": "in",
                        "sense": "in",
                        "norm": "ina",
                        "pos": "PRP",
                        "epos": "PRP"
                      }
                    },
                    {
                      "node": "l",
                      "frag": "ŠA₃-bi⸣",
                      "id": "P334060.l03335",
                      "ref": "P334060.9.2",
                      "inst": "libbi[interior]N",
                      "sig": "@saao/saa05%akk-x-neoass:ŠA₃-bi=libbu[interior//interior]N'N$libbi",
                      "f": {
                        "lang": "akk-x-neoass",
                        "form": "ŠA₃-bi",
                        "cf": "libbu",
                        "gw": "interior",
                        "sense": "interior",
                        "norm": "libbi",
                        "pos": "N",
                        "epos": "N"
                      }
                    }
                  ]
                },
                {
                  "node": "l",
                  "frag": "{kur}URI",
                  "id": "P334060.l03336",
                  "ref": "P334060.9.3",
                  "inst": "Urarṭi[1]GN",
                  "sig": "@saao/saa05%akk-x-neoass:{KUR}URI=Urarṭu[1//1]GN'GN$Urarṭi",
                  "f": {
                    "lang": "akk-x-neoass",
                    "form": "{KUR}URI",
                    "cf": "Urarṭu",
                    "gw": "1",
                    "sense": "1",
                    "norm": "Urarṭi",
                    "pos": "GN",
                    "epos": "GN"
                  }
                },
                {
                  "node": "d",
                  "type": "line-start",
                  "ref": "P334060.10",
                  "n": "9",
                  "label": "o 9"
                },
                {
                  "node": "l",
                  "frag": "⸢e⸣-tar-ba",
                  "id": "P334060.l03337",
                  "ref": "P334060.10.1",
                  "inst": "ētarba[enter]V",
                  "sig": "@saao/saa05%akk-x-neoass:e-tar-ba=erēbu[enter//enter]V'V$ētarba",
                  "f": {
                    "lang": "akk-x-neoass",
                    "form": "e-tar-ba",
                    "cf": "erēbu",
                    "gw": "enter",
                    "sense": "enter",
                    "norm": "ētarba",
                    "pos": "V",
                    "epos": "V"
                  }
                },
                {
                  "node": "d",
                  "type": "line-start",
                  "ref": "P334060.11",
                  "n": "10",
                  "label": "o 10"
                },
                {
                  "node": "l",
                  "frag": "[ina]",
                  "id": "P334060.l03338",
                  "ref": "P334060.11.1",
                  "inst": "ina[in]PRP",
                  "sig": "@saao/saa05%akk-x-neoass:ina=ina[in//in]PRP'PRP$ina",
                  "f": {
                    "lang": "akk-x-neoass",
                    "form": "ina",
                    "cf": "ina",
                    "gw": "in",
                    "sense": "in",
                    "norm": "ina",
                    "pos": "PRP",
                    "epos": "PRP"
                  }
                },
                {
                  "node": "l",
                  "frag": "{⸢uru}hu⸣-uʾ-di-a-da-e",
                  "id": "P334060.l03339",
                  "ref": "P334060.11.2",
                  "inst": "Huʾdiadae[]GN$",
                  "sig": "@saao/saa05%akk-x-neoass:{URU}hu-uʾ-di-a-da-e=Huʾdiadae[1//1]GN'GN$Huʾdiadae",
                  "f": {
                    "lang": "akk-x-neoass",
                    "form": "{URU}hu-uʾ-di-a-da-e",
                    "cf": "Huʾdiadae",
                    "gw": "1",
                    "sense": "1",
                    "norm": "Huʾdiadae",
                    "pos": "GN",
                    "epos": "GN"
                  }
                },
                {
                  "node": "d",
                  "type": "line-start",
                  "ref": "P334060.12",
                  "n": "11",
                  "label": "o 11"
                },
                {
                  "node": "l",
                  "frag": "[x",
                  "id": "P334060.l0333a",
                  "ref": "P334060.12.1",
                  "inst": "u",
                  "f": {
                    "lang": "akk-x-neoass",
                    "form": "x",
                    "pos": "u"
                  }
                },
                {
                  "node": "l",
                  "frag": "x]+⸢x",
                  "id": "P334060.l0333b",
                  "ref": "P334060.12.2",
                  "inst": "u",
                  "f": {
                    "lang": "akk-x-neoass",
                    "form": "x+x",
                    "pos": "u"
                  }
                },
                {
                  "node": "l",
                  "frag": "x",
                  "id": "P334060.l0333c",
                  "ref": "P334060.12.3",
                  "inst": "u",
                  "f": {
                    "lang": "akk-x-neoass",
                    "form": "x",
                    "pos": "u"
                  }
                },
                {
                  "node": "l",
                  "frag": "x⸣",
                  "id": "P334060.l0333d",
                  "ref": "P334060.12.4",
                  "inst": "u",
                  "f": {
                    "lang": "akk-x-neoass",
                    "form": "x",
                    "pos": "u"
                  }
                },
                {
                  "node": "l",
                  "frag": "{1}{d}15--BAD₃",
                  "id": "P334060.l0333e",
                  "ref": "P334060.12.5",
                  "inst": "Issar-duri[Sarduri]PN",
                  "sig": "@saao/saa05%akk-x-neoass:{1}{d}15-BAD₃=Issar-duri[Sarduri//Sarduri]PN'PN$Issar-duri",
                  "f": {
                    "lang": "akk-x-neoass",
                    "form": "{1}{d}15-BAD₃",
                    "cf": "Issar-duri",
                    "gw": "Sarduri",
                    "sense": "Sarduri",
                    "norm": "Issar-duri",
                    "pos": "PN",
                    "epos": "PN"
                  }
                },
                {
                  "node": "d",
                  "type": "line-start",
                  "ref": "P334060.13",
                  "n": "12",
                  "label": "o 12"
                },
                {
                  "node": "l",
                  "frag": "[ina]",
                  "id": "P334060.l0333f",
                  "ref": "P334060.13.1",
                  "inst": "ina[in]PRP",
                  "sig": "@saao/saa05%akk-x-neoass:ina=ina[in//in]PRP'PRP$ina",
                  "f": {
                    "lang": "akk-x-neoass",
                    "form": "ina",
                    "cf": "ina",
                    "gw": "in",
                    "sense": "in",
                    "norm": "ina",
                    "pos": "PRP",
                    "epos": "PRP"
                  }
                },
                {
                  "node": "l",
                  "frag": "{⸢uru}ṭu-ru-uš-pa⸣-a",
                  "id": "P334060.l03340",
                  "ref": "P334060.13.2",
                  "inst": "Ṭurušpa[1]GN",
                  "sig": "@saao/saa05%akk-x-neoass:{URU}ṭu-ru-uš-pa-a=Ṭurušpa[1//1]GN'GN$Ṭurušpa",
                  "f": {
                    "lang": "akk-x-neoass",
                    "form": "{URU}ṭu-ru-uš-pa-a",
                    "cf": "Ṭurušpa",
                    "gw": "1",
                    "sense": "1",
                    "norm": "Ṭurušpa",
                    "pos": "GN",
                    "epos": "GN"
                  }
                },
                {
                  "node": "d",
                  "type": "line-start",
                  "ref": "P334060.14",
                  "n": "13",
                  "label": "o 13"
                },
                {
                  "node": "l",
                  "frag": "[x]",
                  "id": "P334060.l03341",
                  "ref": "P334060.14.1",
                  "inst": "u",
                  "f": {
                    "lang": "akk-x-neoass",
                    "form": "x",
                    "pos": "u"
                  }
                },
                {
                  "node": "l",
                  "frag": "⸢ŠA₃⸣",
                  "id": "P334060.l03342",
                  "ref": "P334060.14.2",
                  "inst": "libbi[interior]N",
                  "sig": "@saao/saa05%akk-x-neoass:ŠA₃=libbu[interior//interior]N'N$libbi",
                  "f": {
                    "lang": "akk-x-neoass",
                    "form": "ŠA₃",
                    "cf": "libbu",
                    "gw": "interior",
                    "sense": "interior",
                    "norm": "libbi",
                    "pos": "N",
                    "epos": "N"
                  }
                },
                {
                  "node": "l",
                  "frag": "[x]",
                  "id": "P334060.l03343",
                  "ref": "P334060.14.3",
                  "inst": "u",
                  "f": {
                    "lang": "akk-x-neoass",
                    "form": "x",
                    "pos": "u"
                  }
                },
                {
                  "node": "l",
                  "frag": "ša₂-ki-ni",
                  "id": "P334060.l03344",
                  "ref": "P334060.14.4",
                  "inst": "šakīni[placed]AJ",
                  "sig": "@saao/saa05%akk-x-neoass:ša₂-ki-ni=šaknu[placed//placed]AJ'AJ$šakīni",
                  "f": {
                    "lang": "akk-x-neoass",
                    "form": "ša₂-ki-ni",
                    "cf": "šaknu",
                    "gw": "placed",
                    "sense": "placed",
                    "norm": "šakīni",
                    "pos": "AJ",
                    "epos": "AJ"
                  }
                },
                {
                  "node": "d",
                  "type": "line-start",
                  "ref": "P334060.15",
                  "n": "14",
                  "label": "o 14"
                },
                {
                  "node": "c",
                  "type": "phrase",
                  "tag": "phr",
                  "id": "P334060.U6",
                  "ref": "P334060.ls00002",
                  "cdl": [
                    {
                      "node": "l",
                      "frag": "{⸢lu₂}DUMU⸣-šip-ri",
                      "id": "P334060.l03345",
                      "ref": "P334060.15.1",
                      "cof-tails": "P334060.l03346",
                      "inst": "māru[son]N$mār&šipru[sending]N$šipri",
                      "sig": "@saao/saa05%akk-x-neoass:{LU₂}DUMU-šip-ri=māru[son//son]N'N$mār&&@saao%akk-x-neoass:=šipru[sending//sending]N'N$šipri",
                      "f": {
                        "lang": "akk-x-neoass",
                        "form": "{LU₂}DUMU-šip-ri",
                        "cf": "māru",
                        "gw": "son",
                        "sense": "son",
                        "norm": "mār",
                        "pos": "N",
                        "epos": "N"
                      }
                    },
                    {
                      "node": "l",
                      "frag": "{⸢lu₂}DUMU⸣-šip-ri",
                      "id": "P334060.l03346",
                      "ref": "P334060.15.1",
                      "cof-head": "P334060.l03345",
                      "inst": "māru[son]N$mār&šipru[sending]N$šipri",
                      "tail-sig": "@saao%akk-x-neoass:=šipru[sending//sending]N'N$šipri",
                      "f": {
                        "lang": "akk-x-neoass",
                        "form": "{LU₂}DUMU-šip-ri",
                        "cf": "šipru",
                        "gw": "sending",
                        "sense": "sending",
                        "norm": "šipri",
                        "pos": "N",
                        "epos": "N"
                      }
                    }
                  ]
                },
                {
                  "node": "d",
                  "type": "line-start",
                  "ref": "P334060.16",
                  "n": "15",
                  "label": "o 15"
                },
                {
                  "node": "l",
                  "frag": "ša₂",
                  "id": "P334060.l03347",
                  "ref": "P334060.16.1",
                  "inst": "ša[of]DET",
                  "sig": "@saao/saa05%akk-x-neoass:ša₂=ša[of//of]DET'DET$ša",
                  "f": {
                    "lang": "akk-x-neoass",
                    "form": "ša₂",
                    "cf": "ša",
                    "gw": "of",
                    "sense": "of",
                    "norm": "ša",
                    "pos": "DET",
                    "epos": "DET"
                  }
                },
                {
                  "node": "l",
                  "frag": "{lu₂}EN.NAM",
                  "id": "P334060.l03348",
                  "ref": "P334060.16.2",
                  "inst": "pāhiti[governor]N",
                  "sig": "@saao/saa05%akk-x-neoass:{LU₂}EN.NAM=pīhātu[responsibility//governor]N'N$pāhiti",
                  "f": {
                    "lang": "akk-x-neoass",
                    "form": "{LU₂}EN.NAM",
                    "cf": "pīhātu",
                    "gw": "responsibility",
                    "sense": "governor",
                    "norm": "pāhiti",
                    "pos": "N",
                    "epos": "N"
                  }
                },
                {
                  "node": "d",
                  "subtype": "bottom",
                  "type": "bottom",
                  "ref": "P334060.b.e..17",
                  "label": "b.e."
                },
                {
                  "node": "d",
                  "type": "line-start",
                  "ref": "P334060.18",
                  "n": "16",
                  "label": "b.e. 16"
                },
                {
                  "node": "l",
                  "frag": "{uru}u₂-e-⸢si⸣",
                  "id": "P334060.l03349",
                  "ref": "P334060.18.1",
                  "inst": "Waisi[1]GN",
                  "sig": "@saao/saa05%akk-x-neoass:{URU}u₂-e-si=Waisi[1//1]GN'GN$Waisi",
                  "f": {
                    "lang": "akk-x-neoass",
                    "form": "{URU}u₂-e-si",
                    "cf": "Waisi",
                    "gw": "1",
                    "sense": "1",
                    "norm": "Waisi",
                    "pos": "GN",
                    "epos": "GN"
                  }
                },
                {
                  "node": "d",
                  "type": "line-start",
                  "ref": "P334060.19",
                  "n": "17",
                  "label": "b.e. 17"
                },
                {
                  "node": "l",
                  "frag": "UGU",
                  "id": "P334060.l0334a",
                  "ref": "P334060.19.1",
                  "inst": "muhhu[skull//to]N'PRP$muhhi",
                  "sig": "@saao/saa05%akk-x-neoass:UGU=muhhu[skull//to]N'PRP$muhhi",
                  "f": {
                    "lang": "akk-x-neoass",
                    "form": "UGU",
                    "cf": "muhhu",
                    "gw": "skull",
                    "sense": "to",
                    "norm": "muhhi",
                    "pos": "N",
                    "epos": "PRP"
                  }
                },
                {
                  "node": "l",
                  "frag": "{1}ur-[za]-ni\\d",
                  "id": "P334060.l0334b",
                  "ref": "P334060.19.2",
                  "inst": "Urzana[]PN$Urzani",
                  "sig": "@saao/saa05%akk-x-neoass:{1}ur-za-ni=Urzana[1//1]PN'PN$Urzani",
                  "f": {
                    "lang": "akk-x-neoass",
                    "form": "{1}ur-za-ni",
                    "cf": "Urzana",
                    "gw": "1",
                    "sense": "1",
                    "norm": "Urzani",
                    "pos": "PN",
                    "epos": "PN"
                  }
                },
                {
                  "node": "d",
                  "type": "line-start",
                  "ref": "P334060.20",
                  "n": "18",
                  "label": "b.e. 18"
                },
                {
                  "node": "l",
                  "frag": "it-⸢tal⸣-[ka]",
                  "id": "P334060.l0334c",
                  "ref": "P334060.20.1",
                  "inst": "ittalka[come]V",
                  "sig": "@saao/saa05%akk-x-neoass:it-tal-ka=alāku[go//come]V'V$ittalka",
                  "f": {
                    "lang": "akk-x-neoass",
                    "form": "it-tal-ka",
                    "cf": "alāku",
                    "gw": "go",
                    "sense": "come",
                    "norm": "ittalka",
                    "pos": "V",
                    "epos": "V"
                  }
                },
                {
                  "node": "d",
                  "subtype": "reverse",
                  "type": "reverse",
                  "ref": "P334060.r.21",
                  "label": "r"
                },
                {
                  "node": "d",
                  "type": "line-start",
                  "ref": "P334060.22",
                  "n": "1",
                  "label": "r 1"
                },
                {
                  "node": "c",
                  "type": "phrase",
                  "tag": "phr",
                  "id": "P334060.U7",
                  "ref": "P334060.ls00003",
                  "cdl": [
                    {
                      "node": "l",
                      "frag": "ina",
                      "id": "P334060.l0334d",
                      "ref": "P334060.22.1",
                      "inst": "ina[in+=for]PRP",
                      "sig": "@saao/saa05%akk-x-neoass:ina=ina[in//in]PRP'PRP$ina",
                      "f": {
                        "lang": "akk-x-neoass",
                        "form": "ina",
                        "cf": "ina",
                        "gw": "in",
                        "sense": "in",
                        "norm": "ina",
                        "pos": "PRP",
                        "epos": "PRP"
                      }
                    },
                    {
                      "node": "l",
                      "frag": "UGU",
                      "id": "P334060.l0334e",
                      "ref": "P334060.22.2",
                      "inst": "muhhi[skull]N",
                      "sig": "@saao/saa05%akk-x-neoass:UGU=muhhu[skull//skull]N'N$muhhi",
                      "f": {
                        "lang": "akk-x-neoass",
                        "form": "UGU",
                        "cf": "muhhu",
                        "gw": "skull",
                        "sense": "skull",
                        "norm": "muhhi",
                        "pos": "N",
                        "epos": "N"
                      }
                    }
                  ]
                },
                {
                  "node": "l",
                  "frag": "[kit-ri]",
                  "id": "P334060.l0334f",
                  "ref": "P334060.22.3",
                  "inst": "kitru[help//reinforcements]N$kitri",
                  "sig": "@saao/saa05%akk-x-neoass:kit-ri=kitru[help//reinforcements]N'N$kitri",
                  "f": {
                    "lang": "akk-x-neoass",
                    "form": "kit-ri",
                    "cf": "kitru",
                    "gw": "help",
                    "sense": "reinforcements",
                    "norm": "kitri",
                    "pos": "N",
                    "epos": "N"
                  }
                },
                {
                  "node": "d",
                  "type": "line-start",
                  "ref": "P334060.23",
                  "n": "2",
                  "label": "r 2"
                },
                {
                  "node": "l",
                  "frag": "ma-a",
                  "id": "P334060.l03350",
                  "ref": "P334060.23.1",
                  "inst": "mā[saying]PRP",
                  "sig": "@saao/saa05%akk-x-neoass:ma-a=mā[saying//saying]PRP'PRP$mā",
                  "f": {
                    "lang": "akk-x-neoass",
                    "form": "ma-a",
                    "cf": "mā",
                    "gw": "saying",
                    "sense": "saying",
                    "norm": "mā",
                    "pos": "PRP",
                    "epos": "PRP"
                  }
                },
                {
                  "node": "l",
                  "frag": "⸢e-mu⸣-qi-⸢ka⸣",
                  "id": "P334060.l03351",
                  "ref": "P334060.23.2",
                  "inst": "emūqīka[troops]N",
                  "sig": "@saao/saa05%akk-x-neoass:e-mu-qi-ka=emūqu[strength//troops]N'N$emūqīka",
                  "f": {
                    "lang": "akk-x-neoass",
                    "form": "e-mu-qi-ka",
                    "cf": "emūqu",
                    "gw": "strength",
                    "sense": "troops",
                    "norm": "emūqīka",
                    "pos": "N",
                    "epos": "N"
                  }
                },
                {
                  "node": "d",
                  "type": "line-start",
                  "ref": "P334060.24",
                  "n": "3",
                  "label": "r 3"
                },
                {
                  "node": "l",
                  "frag": "lil-li\\d-ku-ni\\d",
                  "id": "P334060.l03352",
                  "ref": "P334060.24.1",
                  "inst": "lillikūni[come]V",
                  "sig": "@saao/saa05%akk-x-neoass:lil-li-ku-ni=alāku[go//come]V'V$lillikūni",
                  "f": {
                    "lang": "akk-x-neoass",
                    "form": "lil-li-ku-ni",
                    "cf": "alāku",
                    "gw": "go",
                    "sense": "come",
                    "norm": "lillikūni",
                    "pos": "V",
                    "epos": "V"
                  }
                },
                {
                  "node": "d",
                  "type": "line-start",
                  "ref": "P334060.25",
                  "n": "4",
                  "label": "r 4"
                },
                {
                  "node": "c",
                  "type": "phrase",
                  "tag": "phr",
                  "id": "P334060.U8",
                  "ref": "P334060.ls00004",
                  "cdl": [
                    {
                      "node": "l",
                      "frag": "ina",
                      "id": "P334060.l03353",
                      "ref": "P334060.25.1",
                      "inst": "ina[in+=to]PRP",
                      "sig": "@saao/saa05%akk-x-neoass:ina=ina[in//in]PRP'PRP$ina",
                      "f": {
                        "lang": "akk-x-neoass",
                        "form": "ina",
                        "cf": "ina",
                        "gw": "in",
                        "sense": "in",
                        "norm": "ina",
                        "pos": "PRP",
                        "epos": "PRP"
                      }
                    },
                    {
                      "node": "l",
                      "frag": "UGU",
                      "id": "P334060.l03354",
                      "ref": "P334060.25.2",
                      "inst": "muhhi[skull]N",
                      "sig": "@saao/saa05%akk-x-neoass:UGU=muhhu[skull//skull]N'N$muhhi",
                      "f": {
                        "lang": "akk-x-neoass",
                        "form": "UGU",
                        "cf": "muhhu",
                        "gw": "skull",
                        "sense": "skull",
                        "norm": "muhhi",
                        "pos": "N",
                        "epos": "N"
                      }
                    }
                  ]
                },
                {
                  "node": "l",
                  "frag": "{uru}pu-li\\d-a.a",
                  "id": "P334060.l03355",
                  "ref": "P334060.25.3",
                  "inst": "Puliaya[]EN$",
                  "sig": "@saao/saa05%akk-x-neoass:{URU}pu-li-a.a=Puliaya[1//1]EN'EN$Puliaya",
                  "f": {
                    "lang": "akk-x-neoass",
                    "form": "{URU}pu-li-a.a",
                    "cf": "Puliaya",
                    "gw": "1",
                    "sense": "1",
                    "norm": "Puliaya",
                    "pos": "EN",
                    "epos": "EN"
                  }
                },
                {
                  "node": "d",
                  "type": "line-start",
                  "ref": "P334060.26",
                  "n": "5",
                  "label": "r 5"
                },
                {
                  "node": "c",
                  "type": "phrase",
                  "tag": "phr",
                  "id": "P334060.U9",
                  "ref": "P334060.ls00005",
                  "cdl": [
                    {
                      "node": "l",
                      "frag": "ina",
                      "id": "P334060.l03356",
                      "ref": "P334060.26.1",
                      "inst": "ina[in+=to]PRP",
                      "sig": "@saao/saa05%akk-x-neoass:ina=ina[in//in]PRP'PRP$ina",
                      "f": {
                        "lang": "akk-x-neoass",
                        "form": "ina",
                        "cf": "ina",
                        "gw": "in",
                        "sense": "in",
                        "norm": "ina",
                        "pos": "PRP",
                        "epos": "PRP"
                      }
                    },
                    {
                      "node": "l",
                      "frag": "UGU",
                      "id": "P334060.l03357",
                      "ref": "P334060.26.2",
                      "inst": "muhhi[skull]N",
                      "sig": "@saao/saa05%akk-x-neoass:UGU=muhhu[skull//skull]N'N$muhhi",
                      "f": {
                        "lang": "akk-x-neoass",
                        "form": "UGU",
                        "cf": "muhhu",
                        "gw": "skull",
                        "sense": "skull",
                        "norm": "muhhi",
                        "pos": "N",
                        "epos": "N"
                      }
                    }
                  ]
                },
                {
                  "node": "l",
                  "frag": "{uru}su-ri-a-na-a.a",
                  "id": "P334060.l03358",
                  "ref": "P334060.26.3",
                  "inst": "Surianaya[]EN$",
                  "sig": "@saao/saa05%akk-x-neoass:{URU}su-ri-a-na-a.a=Surianaya[1//1]EN'EN$Surianaya",
                  "f": {
                    "lang": "akk-x-neoass",
                    "form": "{URU}su-ri-a-na-a.a",
                    "cf": "Surianaya",
                    "gw": "1",
                    "sense": "1",
                    "norm": "Surianaya",
                    "pos": "EN",
                    "epos": "EN"
                  }
                },
                {
                  "node": "d",
                  "type": "line-start",
                  "ref": "P334060.27",
                  "n": "6",
                  "label": "r 6"
                },
                {
                  "node": "l",
                  "frag": "{kur}URI\\dd",
                  "id": "P334060.l03359",
                  "ref": "P334060.27.1",
                  "inst": "Urarṭi[1]GN",
                  "sig": "@saao/saa05%akk-x-neoass:{KUR}URI=Urarṭu[1//1]GN'GN$Urarṭi",
                  "f": {
                    "lang": "akk-x-neoass",
                    "form": "{KUR}URI",
                    "cf": "Urarṭu",
                    "gw": "1",
                    "sense": "1",
                    "norm": "Urarṭi",
                    "pos": "GN",
                    "epos": "GN"
                  }
                },
                {
                  "node": "l",
                  "frag": "gab-bi-šu₂",
                  "id": "P334060.l0335a",
                  "ref": "P334060.27.2",
                  "inst": "gabbīšu[whole]'AJ",
                  "sig": "@saao/saa05%akk-x-neoass:gab-bi-šu₂=gabbu[totality//whole]N'AJ$gabbīšu",
                  "f": {
                    "lang": "akk-x-neoass",
                    "form": "gab-bi-šu₂",
                    "cf": "gabbu",
                    "gw": "totality",
                    "sense": "whole",
                    "norm": "gabbīšu",
                    "pos": "N",
                    "epos": "AJ"
                  }
                },
                {
                  "node": "d",
                  "type": "line-start",
                  "ref": "P334060.28",
                  "n": "7",
                  "label": "r 7"
                },
                {
                  "node": "l",
                  "frag": "ip-ta-lah₃",
                  "id": "P334060.l0335b",
                  "ref": "P334060.28.1",
                  "inst": "iptalah[fear]V",
                  "sig": "@saao/saa05%akk-x-neoass:ip-ta-lah₃=palāhu[fear//fear]V'V$iptalah",
                  "f": {
                    "lang": "akk-x-neoass",
                    "form": "ip-ta-lah₃",
                    "cf": "palāhu",
                    "gw": "fear",
                    "sense": "fear",
                    "norm": "iptalah",
                    "pos": "V",
                    "epos": "V"
                  }
                },
                {
                  "node": "d",
                  "type": "line-start",
                  "ref": "P334060.29",
                  "n": "8",
                  "label": "r 8"
                },
                {
                  "node": "l",
                  "frag": "a-da\\d-niš",
                  "id": "P334060.l0335c",
                  "ref": "P334060.29.1",
                  "inst": "adanniš[very much]AV$",
                  "sig": "@saao/saa05%akk-x-neoass:a-da-niš=adanniš[very much//very much]AV'AV$adanniš",
                  "f": {
                    "lang": "akk-x-neoass",
                    "form": "a-da-niš",
                    "cf": "adanniš",
                    "gw": "very much",
                    "sense": "very much",
                    "norm": "adanniš",
                    "pos": "AV",
                    "epos": "AV"
                  }
                },
                {
                  "node": "d",
                  "type": "line-start",
                  "ref": "P334060.30",
                  "n": "9",
                  "label": "r 9"
                },
                {
                  "node": "l",
                  "frag": "e-mu-qi",
                  "id": "P334060.l0335d",
                  "ref": "P334060.30.1",
                  "inst": "emūqē[troops]N",
                  "sig": "@saao/saa05%akk-x-neoass:e-mu-qi=emūqu[strength//troops]N'N$emūqē",
                  "f": {
                    "lang": "akk-x-neoass",
                    "form": "e-mu-qi",
                    "cf": "emūqu",
                    "gw": "strength",
                    "sense": "troops",
                    "norm": "emūqē",
                    "pos": "N",
                    "epos": "N"
                  }
                },
                {
                  "node": "l",
                  "frag": "u₂-pa-hu-ru\\d",
                  "id": "P334060.l0335e",
                  "ref": "P334060.30.2",
                  "inst": "pahāru[gather]V$upahhuru",
                  "sig": "@saao/saa05%akk-x-neoass:u₂-pa-hu-ru=pahāru[gather//gather]V'V$upahhuru",
                  "f": {
                    "lang": "akk-x-neoass",
                    "form": "u₂-pa-hu-ru",
                    "cf": "pahāru",
                    "gw": "gather",
                    "sense": "gather",
                    "norm": "upahhuru",
                    "pos": "V",
                    "epos": "V"
                  }
                },
                {
                  "node": "d",
                  "type": "line-start",
                  "ref": "P334060.31",
                  "n": "10",
                  "label": "r 10"
                },
                {
                  "node": "l",
                  "frag": "ma-a",
                  "id": "P334060.l0335f",
                  "ref": "P334060.31.1",
                  "inst": "mā[saying]PRP",
                  "sig": "@saao/saa05%akk-x-neoass:ma-a=mā[saying//saying]PRP'PRP$mā",
                  "f": {
                    "lang": "akk-x-neoass",
                    "form": "ma-a",
                    "cf": "mā",
                    "gw": "saying",
                    "sense": "saying",
                    "norm": "mā",
                    "pos": "PRP",
                    "epos": "PRP"
                  }
                },
                {
                  "node": "l",
                  "frag": "i-su-ri\\d",
                  "id": "P334060.l03360",
                  "ref": "P334060.31.2",
                  "inst": "issurri[perhaps]AV",
                  "sig": "@saao/saa05%akk-x-neoass:i-su-ri=issurri[perhaps//perhaps]AV'AV$issurri",
                  "f": {
                    "lang": "akk-x-neoass",
                    "form": "i-su-ri",
                    "cf": "issurri",
                    "gw": "perhaps",
                    "sense": "perhaps",
                    "norm": "issurri",
                    "pos": "AV",
                    "epos": "AV"
                  }
                },
                {
                  "node": "d",
                  "type": "line-start",
                  "ref": "P334060.32",
                  "n": "11",
                  "label": "r 11"
                },
                {
                  "node": "l",
                  "frag": "ki-ma",
                  "id": "P334060.l03361",
                  "ref": "P334060.32.1",
                  "inst": "kīma[as soon as]'MOD",
                  "sig": "@saao/saa05%akk-x-neoass:ki-ma=kīma[like//as soon as]PRP'MOD$kīma",
                  "f": {
                    "lang": "akk-x-neoass",
                    "form": "ki-ma",
                    "cf": "kīma",
                    "gw": "like",
                    "sense": "as soon as",
                    "norm": "kīma",
                    "pos": "PRP",
                    "epos": "MOD"
                  }
                },
                {
                  "node": "l",
                  "frag": "ku-pu\\p-u",
                  "id": "P334060.l03362",
                  "ref": "P334060.32.2",
                  "inst": "kuppû[snow]N$kupû",
                  "sig": "@saao/saa05%akk-x-neoass:ku-pu-u=kuppû[snow//snow]N'N$kupû",
                  "f": {
                    "lang": "akk-x-neoass",
                    "form": "ku-pu-u",
                    "cf": "kuppû",
                    "gw": "snow",
                    "sense": "snow",
                    "norm": "kupû",
                    "pos": "N",
                    "epos": "N"
                  }
                },
                {
                  "node": "d",
                  "type": "line-start",
                  "ref": "P334060.33",
                  "n": "12",
                  "label": "r 12"
                },
                {
                  "node": "l",
                  "frag": "i-di-i-ni\\d",
                  "id": "P334060.l03363",
                  "ref": "P334060.33.1",
                  "inst": "danānu[be(come) strong]V$iddiʾīni",
                  "sig": "@saao/saa05%akk-x-neoass:i-di-i-ni=danānu[be(come) strong//be(come) strong]V'V$iddiʾīni",
                  "f": {
                    "lang": "akk-x-neoass",
                    "form": "i-di-i-ni",
                    "cf": "danānu",
                    "gw": "be(come) strong",
                    "sense": "be(come) strong",
                    "norm": "iddiʾīni",
                    "pos": "V",
                    "epos": "V"
                  }
                },
                {
                  "node": "d",
                  "type": "line-start",
                  "ref": "P334060.34",
                  "n": "13",
                  "label": "r 13"
                },
                {
                  "node": "l",
                  "frag": "ma-a",
                  "id": "P334060.l03364",
                  "ref": "P334060.34.1",
                  "inst": "mā[saying]PRP",
                  "sig": "@saao/saa05%akk-x-neoass:ma-a=mā[saying//saying]PRP'PRP$mā",
                  "f": {
                    "lang": "akk-x-neoass",
                    "form": "ma-a",
                    "cf": "mā",
                    "gw": "saying",
                    "sense": "saying",
                    "norm": "mā",
                    "pos": "PRP",
                    "epos": "PRP"
                  }
                },
                {
                  "node": "l",
                  "frag": "ni\\d-za-qu-pu",
                  "id": "P334060.l03365",
                  "ref": "P334060.34.2",
                  "inst": "zaqāpu[fix upright//attack]V$nizaqqūpu",
                  "sig": "@saao/saa05%akk-x-neoass:ni-za-qu-pu=zaqāpu[fix upright//attack]V'V$nizaqqūpu",
                  "f": {
                    "lang": "akk-x-neoass",
                    "form": "ni-za-qu-pu",
                    "cf": "zaqāpu",
                    "gw": "fix upright",
                    "sense": "attack",
                    "norm": "nizaqqūpu",
                    "pos": "V",
                    "epos": "V"
                  }
                },
                {
                  "node": "d",
                  "type": "line-start",
                  "ref": "P334060.35",
                  "n": "14",
                  "label": "r 14"
                },
                {
                  "node": "c",
                  "type": "phrase",
                  "tag": "phr",
                  "id": "P334060.U10",
                  "ref": "P334060.ls00006",
                  "cdl": [
                    {
                      "node": "l",
                      "frag": "ina",
                      "id": "P334060.l03366",
                      "ref": "P334060.35.1",
                      "inst": "ina[in+=against]PRP",
                      "sig": "@saao/saa05%akk-x-neoass:ina=ina[in//in]PRP'PRP$ina",
                      "f": {
                        "lang": "akk-x-neoass",
                        "form": "ina",
                        "cf": "ina",
                        "gw": "in",
                        "sense": "in",
                        "norm": "ina",
                        "pos": "PRP",
                        "epos": "PRP"
                      }
                    },
                    {
                      "node": "l",
                      "frag": "UGU-hi-šu",
                      "id": "P334060.l03367",
                      "ref": "P334060.35.2",
                      "inst": "muhhīšu[skull]N",
                      "sig": "@saao/saa05%akk-x-neoass:UGU-hi-šu=muhhu[skull//skull]N'N$muhhīšu",
                      "f": {
                        "lang": "akk-x-neoass",
                        "form": "UGU-hi-šu",
                        "cf": "muhhu",
                        "gw": "skull",
                        "sense": "skull",
                        "norm": "muhhīšu",
                        "pos": "N",
                        "epos": "N"
                      }
                    }
                  ]
                },
                {
                  "node": "d",
                  "type": "line-start",
                  "ref": "P334060.36",
                  "n": "15",
                  "label": "r 15"
                },
                {
                  "node": "c",
                  "type": "phrase",
                  "tag": "phr",
                  "id": "P334060.U11",
                  "ref": "P334060.ls00007",
                  "cdl": [
                    {
                      "node": "l",
                      "frag": "ina",
                      "id": "P334060.l03368",
                      "ref": "P334060.36.1",
                      "inst": "ina[in+=concerning]PRP",
                      "sig": "@saao/saa05%akk-x-neoass:ina=ina[in//in]PRP'PRP$ina",
                      "f": {
                        "lang": "akk-x-neoass",
                        "form": "ina",
                        "cf": "ina",
                        "gw": "in",
                        "sense": "in",
                        "norm": "ina",
                        "pos": "PRP",
                        "epos": "PRP"
                      }
                    },
                    {
                      "node": "l",
                      "frag": "UGU",
                      "id": "P334060.l03369",
                      "ref": "P334060.36.2",
                      "inst": "muhhi[skull]N",
                      "sig": "@saao/saa05%akk-x-neoass:UGU=muhhu[skull//skull]N'N$muhhi",
                      "f": {
                        "lang": "akk-x-neoass",
                        "form": "UGU",
                        "cf": "muhhu",
                        "gw": "skull",
                        "sense": "skull",
                        "norm": "muhhi",
                        "pos": "N",
                        "epos": "N"
                      }
                    }
                  ]
                },
                {
                  "node": "l",
                  "frag": "hu-ub-ti\\t",
                  "id": "P334060.l0336a",
                  "ref": "P334060.36.3",
                  "inst": "hubtu[robbery//booty]N$hubti",
                  "sig": "@saao/saa05%akk-x-neoass:hu-ub-ti=hubtu[robbery//booty]N'N$hubti",
                  "f": {
                    "lang": "akk-x-neoass",
                    "form": "hu-ub-ti",
                    "cf": "hubtu",
                    "gw": "robbery",
                    "sense": "booty",
                    "norm": "hubti",
                    "pos": "N",
                    "epos": "N"
                  }
                },
                {
                  "node": "d",
                  "type": "line-start",
                  "ref": "P334060.37",
                  "n": "16",
                  "label": "r 16"
                },
                {
                  "node": "l",
                  "frag": "an-ni-e",
                  "id": "P334060.l0336b",
                  "ref": "P334060.37.1",
                  "inst": "annīe[this]DP",
                  "sig": "@saao/saa05%akk-x-neoass:an-ni-e=annû[this//this]DP'DP$annīe",
                  "f": {
                    "lang": "akk-x-neoass",
                    "form": "an-ni-e",
                    "cf": "annû",
                    "gw": "this",
                    "sense": "this",
                    "norm": "annīe",
                    "pos": "DP",
                    "epos": "DP"
                  }
                },
                {
                  "node": "d",
                  "subtype": "right",
                  "type": "right",
                  "ref": "P334060.r.e..38",
                  "label": "r.e."
                },
                {
                  "node": "d",
                  "type": "line-start",
                  "ref": "P334060.39",
                  "n": "17",
                  "label": "r.e. 17"
                },
                {
                  "node": "l",
                  "frag": "ša",
                  "id": "P334060.l0336c",
                  "ref": "P334060.39.1",
                  "inst": "ša[that]REL",
                  "sig": "@saao/saa05%akk-x-neoass:ša=ša[that//that]REL'REL$ša",
                  "f": {
                    "lang": "akk-x-neoass",
                    "form": "ša",
                    "cf": "ša",
                    "gw": "that",
                    "sense": "that",
                    "norm": "ša",
                    "pos": "REL",
                    "epos": "REL"
                  }
                },
                {
                  "node": "l",
                  "frag": "iq-bu\\p-ni\\d",
                  "id": "P334060.l0336d",
                  "ref": "P334060.39.2",
                  "inst": "qabû[say]V$iqbûni",
                  "sig": "@saao/saa05%akk-x-neoass:iq-bu-ni=qabû[say//say]V'V$iqbûni",
                  "f": {
                    "lang": "akk-x-neoass",
                    "form": "iq-bu-ni",
                    "cf": "qabû",
                    "gw": "say",
                    "sense": "say",
                    "norm": "iqbûni",
                    "pos": "V",
                    "epos": "V"
                  }
                },
                {
                  "node": "d",
                  "type": "line-start",
                  "ref": "P334060.40",
                  "n": "18",
                  "label": "r.e. 18"
                },
                {
                  "node": "l",
                  "frag": "ma-a",
                  "id": "P334060.l0336e",
                  "ref": "P334060.40.1",
                  "inst": "mā[saying]PRP",
                  "sig": "@saao/saa05%akk-x-neoass:ma-a=mā[saying//saying]PRP'PRP$mā",
                  "f": {
                    "lang": "akk-x-neoass",
                    "form": "ma-a",
                    "cf": "mā",
                    "gw": "saying",
                    "sense": "saying",
                    "norm": "mā",
                    "pos": "PRP",
                    "epos": "PRP"
                  }
                },
                {
                  "node": "l",
                  "frag": "hu-ub-tu₂",
                  "id": "P334060.l0336f",
                  "ref": "P334060.40.2",
                  "inst": "hubtu[robbery//booty]N$",
                  "sig": "@saao/saa05%akk-x-neoass:hu-ub-tu₂=hubtu[robbery//booty]N'N$hubtu",
                  "f": {
                    "lang": "akk-x-neoass",
                    "form": "hu-ub-tu₂",
                    "cf": "hubtu",
                    "gw": "robbery",
                    "sense": "booty",
                    "norm": "hubtu",
                    "pos": "N",
                    "epos": "N"
                  }
                },
                {
                  "node": "d",
                  "type": "line-start",
                  "ref": "P334060.41",
                  "n": "19",
                  "label": "r.e. 19"
                },
                {
                  "node": "l",
                  "frag": "⸢ih⸣-ta-bat",
                  "id": "P334060.l03370",
                  "ref": "P334060.41.1",
                  "inst": "habātu[rob//plunder]V$ihtabat",
                  "sig": "@saao/saa05%akk-x-neoass:ih-ta-bat=habātu[rob//plunder]V'V$ihtabat",
                  "f": {
                    "lang": "akk-x-neoass",
                    "form": "ih-ta-bat",
                    "cf": "habātu",
                    "gw": "rob",
                    "sense": "plunder",
                    "norm": "ihtabat",
                    "pos": "V",
                    "epos": "V"
                  }
                },
                {
                  "node": "d",
                  "subtype": "edge",
                  "type": "edge",
                  "ref": "P334060.e..42",
                  "label": "e."
                },
                {
                  "node": "d",
                  "type": "line-start",
                  "ref": "P334060.43",
                  "n": "1",
                  "label": "e. 1"
                },
                {
                  "node": "l",
                  "frag": "i-ba-ši",
                  "id": "P334060.l03371",
                  "ref": "P334060.43.1",
                  "inst": "bašû[exist//actually]V'AV$ibašši",
                  "sig": "@saao/saa05%akk-x-neoass:i-ba-ši=bašû[exist//actually]V'AV$ibašši",
                  "f": {
                    "lang": "akk-x-neoass",
                    "form": "i-ba-ši",
                    "cf": "bašû",
                    "gw": "exist",
                    "sense": "actually",
                    "norm": "ibašši",
                    "pos": "V",
                    "epos": "AV"
                  }
                },
                {
                  "node": "l",
                  "frag": "i-qab-bi-u",
                  "id": "P334060.l03372",
                  "ref": "P334060.43.2",
                  "inst": "qabû[say]V$iqabbiu",
                  "sig": "@saao/saa05%akk-x-neoass:i-qab-bi-u=qabû[say//say]V'V$iqabbiu",
                  "f": {
                    "lang": "akk-x-neoass",
                    "form": "i-qab-bi-u",
                    "cf": "qabû",
                    "gw": "say",
                    "sense": "say",
                    "norm": "iqabbiu",
                    "pos": "V",
                    "epos": "V"
                  }
                },
                {
                  "node": "l",
                  "frag": "ma-a",
                  "id": "P334060.l03373",
                  "ref": "P334060.43.3",
                  "inst": "mā[saying]PRP",
                  "sig": "@saao/saa05%akk-x-neoass:ma-a=mā[saying//saying]PRP'PRP$mā",
                  "f": {
                    "lang": "akk-x-neoass",
                    "form": "ma-a",
                    "cf": "mā",
                    "gw": "saying",
                    "sense": "saying",
                    "norm": "mā",
                    "pos": "PRP",
                    "epos": "PRP"
                  }
                },
                {
                  "node": "l",
                  "frag": "ša₂",
                  "id": "P334060.l03374",
                  "ref": "P334060.43.4",
                  "inst": "ša[of]DET",
                  "sig": "@saao/saa05%akk-x-neoass:ša₂=ša[of//of]DET'DET$ša",
                  "f": {
                    "lang": "akk-x-neoass",
                    "form": "ša₂",
                    "cf": "ša",
                    "gw": "of",
                    "sense": "of",
                    "norm": "ša",
                    "pos": "DET",
                    "epos": "DET"
                  }
                },
                {
                  "node": "l",
                  "frag": "na-gi-e",
                  "id": "P334060.l03375",
                  "ref": "P334060.43.5",
                  "inst": "nagie[region]N",
                  "sig": "@saao/saa05%akk-x-neoass:na-gi-e=nagû[region//region]N'N$nagie",
                  "f": {
                    "lang": "akk-x-neoass",
                    "form": "na-gi-e",
                    "cf": "nagû",
                    "gw": "region",
                    "sense": "region",
                    "norm": "nagie",
                    "pos": "N",
                    "epos": "N"
                  }
                },
                {
                  "node": "d",
                  "type": "line-start",
                  "ref": "P334060.44",
                  "n": "2",
                  "label": "e. 2"
                },
                {
                  "node": "l",
                  "frag": "ša₂",
                  "id": "P334060.l03376",
                  "ref": "P334060.44.1",
                  "inst": "ša[of]DET",
                  "sig": "@saao/saa05%akk-x-neoass:ša₂=ša[of//of]DET'DET$ša",
                  "f": {
                    "lang": "akk-x-neoass",
                    "form": "ša₂",
                    "cf": "ša",
                    "gw": "of",
                    "sense": "of",
                    "norm": "ša",
                    "pos": "DET",
                    "epos": "DET"
                  }
                },
                {
                  "node": "l",
                  "frag": "{uru}⸢ar⸣-hi",
                  "id": "P334060.l03377",
                  "ref": "P334060.44.2",
                  "inst": "Arhi[]GN$",
                  "sig": "@saao/saa05%akk-x-neoass:{URU}ar-hi=Arhi[1//1]GN'GN$Arhi",
                  "f": {
                    "lang": "akk-x-neoass",
                    "form": "{URU}ar-hi",
                    "cf": "Arhi",
                    "gw": "1",
                    "sense": "1",
                    "norm": "Arhi",
                    "pos": "GN",
                    "epos": "GN"
                  }
                },
                {
                  "node": "l",
                  "frag": "⸢x",
                  "id": "P334060.l03378",
                  "ref": "P334060.44.3",
                  "inst": "u",
                  "f": {
                    "lang": "akk-x-neoass",
                    "form": "x",
                    "pos": "u"
                  }
                },
                {
                  "node": "l",
                  "frag": "x⸣-ši",
                  "id": "P334060.l03379",
                  "ref": "P334060.44.4",
                  "inst": "u",
                  "f": {
                    "lang": "akk-x-neoass",
                    "form": "x-ši",
                    "pos": "u"
                  }
                },
                {
                  "node": "l",
                  "frag": "ma-a",
                  "id": "P334060.l0337a",
                  "ref": "P334060.44.5",
                  "inst": "mā[saying]PRP",
                  "sig": "@saao/saa05%akk-x-neoass:ma-a=mā[saying//saying]PRP'PRP$mā",
                  "f": {
                    "lang": "akk-x-neoass",
                    "form": "ma-a",
                    "cf": "mā",
                    "gw": "saying",
                    "sense": "saying",
                    "norm": "mā",
                    "pos": "PRP",
                    "epos": "PRP"
                  }
                },
                {
                  "node": "l",
                  "frag": "a-⸢di⸣",
                  "id": "P334060.l0337b",
                  "ref": "P334060.44.6",
                  "inst": "u",
                  "f": {
                    "lang": "akk-x-neoass",
                    "form": "a-di",
                    "pos": "u"
                  }
                },
                {
                  "node": "l",
                  "frag": "ZI",
                  "id": "P334060.l0337c",
                  "ref": "P334060.44.7",
                  "inst": "u",
                  "f": {
                    "lang": "akk-x-neoass",
                    "form": "ZI",
                    "pos": "u"
                  }
                },
                {
                  "node": "l",
                  "frag": "kar",
                  "id": "P334060.l0337d",
                  "ref": "P334060.44.8",
                  "inst": "u",
                  "f": {
                    "lang": "akk-x-neoass",
                    "form": "kar",
                    "pos": "u"
                  }
                },
                {
                  "node": "l",
                  "frag": "⸢ni⸣",
                  "id": "P334060.l0337e",
                  "ref": "P334060.44.9",
                  "inst": "u",
                  "f": {
                    "lang": "akk-x-neoass",
                    "form": "ni",
                    "pos": "u"
                  }
                }
              ]
            }
          ]
        }
      ]
    },
    {
      "linkbase": [
        {
          "type": "linkset",
          "xlink_title": "ištu libbi[from//from out of]PRP'PRP",
          "id": "P334060.ls00000",
          "xlink_type": "extended",
          "xlink_role": "psu",
          "sig": "{ištu[from]PRP libbu[interior]N += ištu libbi[from//from out of]PRP'PRP}::@saao%akk-x-neoass:TA@v=ištu[from//from]PRP'PRP$issu++@saao%akk-x-neoass:ŠA₃-bi=libbu[interior//interior]N'N$libbi",
          "links": [
            {
              "type": "link",
              "xlink_title": "issu",
              "xlink_type": "locator",
              "xlink_href": "#P334060.l03331",
              "xlink_role": "elt"
            },
            {
              "type": "link",
              "xlink_title": "libbi",
              "xlink_type": "locator",
              "xlink_href": "#P334060.l03332",
              "xlink_role": "elt"
            }
          ]
        },
        {
          "type": "linkset",
          "xlink_title": "ina libbi[in//(in exchange) for]PRP'PRP",
          "id": "P334060.ls00001",
          "xlink_type": "extended",
          "xlink_role": "psu",
          "sig": "{ina[in]PRP libbu[interior]N += ina libbi[in//(in exchange) for]PRP'PRP}::@saao%akk-x-neoass:ina=ina[in//into]PRP'PRP$ina++@saao%akk-x-neoass:ŠA₃-bi=libbu[interior//interior]N'N$libbi",
          "links": [
            {
              "type": "link",
              "xlink_title": "ina",
              "xlink_type": "locator",
              "xlink_href": "#P334060.l03334",
              "xlink_role": "elt"
            },
            {
              "type": "link",
              "xlink_title": "libbi",
              "xlink_type": "locator",
              "xlink_href": "#P334060.l03335",
              "xlink_role": "elt"
            }
          ]
        },
        {
          "type": "linkset",
          "xlink_title": "mār šipri[messenger//messenger]N'N",
          "id": "P334060.ls00002",
          "xlink_type": "extended",
          "xlink_role": "psu",
          "sig": "{{LU₂}DUMU-šip-ri = māru[son]N šipru[sending]N += mār šipri[messenger//messenger]N'N}::@saao/saa10%akk-x-neoass:{LU₂}DUMU-šip-ri=māru[son//son]N'N$mār++@saao/saa10%akk-x-neoass:{LU₂}DUMU-šip-ri=šipru[sending//sending]N'N$šipri",
          "links": [
            {
              "type": "link",
              "xlink_title": "māru",
              "xlink_type": "locator",
              "xlink_href": "#P334060.l03345",
              "xlink_role": "elt"
            },
            {
              "type": "link",
              "xlink_title": "šipru",
              "xlink_type": "locator",
              "xlink_href": "#P334060.l03346",
              "xlink_role": "elt"
            }
          ]
        },
        {
          "type": "linkset",
          "xlink_title": "ina muhhi[on//about]PRP'PRP",
          "id": "P334060.ls00003",
          "xlink_type": "extended",
          "xlink_role": "psu",
          "sig": "{ina[in]PRP muhhu[skull]N += ina muhhi[on//about]PRP'PRP}::@saao%akk-x-neoass:ina=ina[in//into]PRP'PRP$ina++@saao%akk-x-neoass:UGU=muhhu[skull//skull]N'N$muhhi",
          "links": [
            {
              "type": "link",
              "xlink_title": "ina",
              "xlink_type": "locator",
              "xlink_href": "#P334060.l0334d",
              "xlink_role": "elt"
            },
            {
              "type": "link",
              "xlink_title": "muhhi",
              "xlink_type": "locator",
              "xlink_href": "#P334060.l0334e",
              "xlink_role": "elt"
            }
          ]
        },
        {
          "type": "linkset",
          "xlink_title": "ina muhhi[on//about]PRP'PRP",
          "id": "P334060.ls00004",
          "xlink_type": "extended",
          "xlink_role": "psu",
          "sig": "{ina[in]PRP muhhu[skull]N += ina muhhi[on//about]PRP'PRP}::@saao%akk-x-neoass:ina=ina[in//into]PRP'PRP$ina++@saao%akk-x-neoass:UGU=muhhu[skull//skull]N'N$muhhi",
          "links": [
            {
              "type": "link",
              "xlink_title": "ina",
              "xlink_type": "locator",
              "xlink_href": "#P334060.l03353",
              "xlink_role": "elt"
            },
            {
              "type": "link",
              "xlink_title": "muhhi",
              "xlink_type": "locator",
              "xlink_href": "#P334060.l03354",
              "xlink_role": "elt"
            }
          ]
        },
        {
          "type": "linkset",
          "xlink_title": "ina muhhi[on//about]PRP'PRP",
          "id": "P334060.ls00005",
          "xlink_type": "extended",
          "xlink_role": "psu",
          "sig": "{ina[in]PRP muhhu[skull]N += ina muhhi[on//about]PRP'PRP}::@saao%akk-x-neoass:ina=ina[in//into]PRP'PRP$ina++@saao%akk-x-neoass:UGU=muhhu[skull//skull]N'N$muhhi",
          "links": [
            {
              "type": "link",
              "xlink_title": "ina",
              "xlink_type": "locator",
              "xlink_href": "#P334060.l03356",
              "xlink_role": "elt"
            },
            {
              "type": "link",
              "xlink_title": "muhhi",
              "xlink_type": "locator",
              "xlink_href": "#P334060.l03357",
              "xlink_role": "elt"
            }
          ]
        },
        {
          "type": "linkset",
          "xlink_title": "ina muhhi[on//about]PRP'PRP",
          "id": "P334060.ls00006",
          "xlink_type": "extended",
          "xlink_role": "psu",
          "sig": "{ina[in]PRP muhhu[skull]N += ina muhhi[on//about]PRP'PRP}::@saao%akk-x-neoass:ina=ina[in//into]PRP'PRP$ina++@saao%akk-x-neoass:UGU-hi-šu=muhhu[skull//skull]N'N$muhhīšu",
          "links": [
            {
              "type": "link",
              "xlink_title": "ina",
              "xlink_type": "locator",
              "xlink_href": "#P334060.l03366",
              "xlink_role": "elt"
            },
            {
              "type": "link",
              "xlink_title": "muhhīšu",
              "xlink_type": "locator",
              "xlink_href": "#P334060.l03367",
              "xlink_role": "elt"
            }
          ]
        },
        {
          "type": "linkset",
          "xlink_title": "ina muhhi[on//about]PRP'PRP",
          "id": "P334060.ls00007",
          "xlink_type": "extended",
          "xlink_role": "psu",
          "sig": "{ina[in]PRP muhhu[skull]N += ina muhhi[on//about]PRP'PRP}::@saao%akk-x-neoass:ina=ina[in//into]PRP'PRP$ina++@saao%akk-x-neoass:UGU=muhhu[skull//skull]N'N$muhhi",
          "links": [
            {
              "type": "link",
              "xlink_title": "ina",
              "xlink_type": "locator",
              "xlink_href": "#P334060.l03368",
              "xlink_role": "elt"
            },
            {
              "type": "link",
              "xlink_title": "muhhi",
              "xlink_type": "locator",
              "xlink_href": "#P334060.l03369",
              "xlink_role": "elt"
            }
          ]
        }
      ]
    }
  ]
}
