{
  "type": "cdl",
  "source": "http://oracc.org/saao/saa05",
  "license": "This data is released under the CC0 license",
  "license-url": "https://creativecommons.org/publicdomain/zero/1.0/",
  "more-info": "http://oracc.org/doc/opendata/",
  "UTC-timestamp": "2017-06-10T00:40:53",
  "project": "saao/saa05",
  "textid": "P334146",
  "cdl": [
    {
      "node": "c",
      "type": "text",
      "id": "P334146.U0",
      "cdl": [
        {
          "node": "d",
          "type": "object",
          "ref": ""
        },
        {
          "node": "d",
          "subtype": "obverse",
          "type": "obverse",
          "ref": "P334146.o.1",
          "label": "o"
        },
        {
          "node": "c",
          "type": "discourse",
          "subtype": "body",
          "id": "P334146.U1",
          "cdl": [
            {
              "node": "c",
              "type": "sentence",
              "id": "P334146.U2",
              "label": "o 1 - r 6'",
              "cdl": [
                {
                  "node": "d",
                  "type": "line-start",
                  "ref": "P334146.2",
                  "n": "1",
                  "label": "o 1"
                },
                {
                  "node": "l",
                  "frag": "a-na\\t",
                  "id": "P334146.l004ec",
                  "ref": "P334146.2.1",
                  "inst": "ana[to]PRP",
                  "sig": "@saao/saa05%akk-x-neoass:a-na=ana[to//to]PRP'PRP$ana",
                  "f": {
                    "lang": "akk-x-neoass",
                    "form": "a-na",
                    "cf": "ana",
                    "gw": "to",
                    "sense": "to",
                    "norm": "ana",
                    "pos": "PRP",
                    "epos": "PRP"
                  }
                },
                {
                  "node": "l",
                  "frag": "LUGAL\\p",
                  "id": "P334146.l004ed",
                  "ref": "P334146.2.2",
                  "inst": "šarri[king]N",
                  "sig": "@saao/saa05%akk-x-neoass:LUGAL=šarru[king//king]N'N$šarri",
                  "f": {
                    "lang": "akk-x-neoass",
                    "form": "LUGAL",
                    "cf": "šarru",
                    "gw": "king",
                    "sense": "king",
                    "norm": "šarri",
                    "pos": "N",
                    "epos": "N"
                  }
                },
                {
                  "node": "l",
                  "frag": "[EN-ia]",
                  "id": "P334146.l004ee",
                  "ref": "P334146.2.3",
                  "inst": "bēlīya[lord]N",
                  "sig": "@saao/saa05%akk-x-neoass:EN-ia=bēlu[lord//lord]N'N$bēlīya",
                  "f": {
                    "lang": "akk-x-neoass",
                    "form": "EN-ia",
                    "cf": "bēlu",
                    "gw": "lord",
                    "sense": "lord",
                    "norm": "bēlīya",
                    "pos": "N",
                    "epos": "N"
                  }
                },
                {
                  "node": "d",
                  "type": "line-start",
                  "ref": "P334146.3",
                  "n": "2",
                  "label": "o 2"
                },
                {
                  "node": "l",
                  "frag": "ARAD-ka\\d",
                  "id": "P334146.l004ef",
                  "ref": "P334146.3.1",
                  "inst": "urdaka[servant]N",
                  "sig": "@saao/saa05%akk-x-neoass:ARAD-ka=ardu[slave//servant]N'N$urdaka",
                  "f": {
                    "lang": "akk-x-neoass",
                    "form": "ARAD-ka",
                    "cf": "ardu",
                    "gw": "slave",
                    "sense": "servant",
                    "norm": "urdaka",
                    "pos": "N",
                    "epos": "N"
                  }
                },
                {
                  "node": "l",
                  "frag": "{1}NIGIN-[EN]",
                  "id": "P334146.l004f0",
                  "ref": "P334146.3.2",
                  "inst": "Nashir-Bel[1]PN",
                  "sig": "@saao/saa05%akk-x-neoass:{1}NIGIN-EN=Nashir-Bel[1//1]PN'PN$Nashir-Bel",
                  "f": {
                    "lang": "akk-x-neoass",
                    "form": "{1}NIGIN-EN",
                    "cf": "Nashir-Bel",
                    "gw": "1",
                    "sense": "1",
                    "norm": "Nashir-Bel",
                    "pos": "PN",
                    "epos": "PN"
                  }
                },
                {
                  "node": "d",
                  "type": "line-start",
                  "ref": "P334146.4",
                  "n": "3",
                  "label": "o 3"
                },
                {
                  "node": "l",
                  "frag": "lu",
                  "id": "P334146.l004f1",
                  "ref": "P334146.4.1",
                  "inst": "lū[may]MOD",
                  "sig": "@saao/saa05%akk-x-neoass:lu=lū[may//may]MOD'MOD$lū",
                  "f": {
                    "lang": "akk-x-neoass",
                    "form": "lu",
                    "cf": "lū",
                    "gw": "may",
                    "sense": "may",
                    "norm": "lū",
                    "pos": "MOD",
                    "epos": "MOD"
                  }
                },
                {
                  "node": "l",
                  "frag": "DI-mu",
                  "id": "P334146.l004f2",
                  "ref": "P334146.4.2",
                  "inst": "šulmu[health]N",
                  "sig": "@saao/saa05%akk-x-neoass:DI-mu=šulmu[completeness//health]N'N$šulmu",
                  "f": {
                    "lang": "akk-x-neoass",
                    "form": "DI-mu",
                    "cf": "šulmu",
                    "gw": "completeness",
                    "sense": "health",
                    "norm": "šulmu",
                    "pos": "N",
                    "epos": "N"
                  }
                },
                {
                  "node": "l",
                  "frag": "ana",
                  "id": "P334146.l004f3",
                  "ref": "P334146.4.3",
                  "inst": "ana[to]PRP",
                  "sig": "@saao/saa05%akk-x-neoass:ana=ana[to//to]PRP'PRP$ana",
                  "f": {
                    "lang": "akk-x-neoass",
                    "form": "ana",
                    "cf": "ana",
                    "gw": "to",
                    "sense": "to",
                    "norm": "ana",
                    "pos": "PRP",
                    "epos": "PRP"
                  }
                },
                {
                  "node": "l",
                  "frag": "LUGAL",
                  "id": "P334146.l004f4",
                  "ref": "P334146.4.4",
                  "inst": "šarri[king]N",
                  "sig": "@saao/saa05%akk-x-neoass:LUGAL=šarru[king//king]N'N$šarri",
                  "f": {
                    "lang": "akk-x-neoass",
                    "form": "LUGAL",
                    "cf": "šarru",
                    "gw": "king",
                    "sense": "king",
                    "norm": "šarri",
                    "pos": "N",
                    "epos": "N"
                  }
                },
                {
                  "node": "l",
                  "frag": "EN-[ia]",
                  "id": "P334146.l004f5",
                  "ref": "P334146.4.5",
                  "inst": "bēlīya[lord]N",
                  "sig": "@saao/saa05%akk-x-neoass:EN-ia=bēlu[lord//lord]N'N$bēlīya",
                  "f": {
                    "lang": "akk-x-neoass",
                    "form": "EN-ia",
                    "cf": "bēlu",
                    "gw": "lord",
                    "sense": "lord",
                    "norm": "bēlīya",
                    "pos": "N",
                    "epos": "N"
                  }
                },
                {
                  "node": "d",
                  "type": "line-start",
                  "ref": "P334146.5",
                  "n": "4",
                  "label": "o 4"
                },
                {
                  "node": "l",
                  "frag": "LUGAL\\p",
                  "id": "P334146.l004f6",
                  "ref": "P334146.5.1",
                  "inst": "šarru[king]N$",
                  "sig": "@saao/saa05%akk-x-neoass:LUGAL=šarru[king//king]N'N$šarru",
                  "f": {
                    "lang": "akk-x-neoass",
                    "form": "LUGAL",
                    "cf": "šarru",
                    "gw": "king",
                    "sense": "king",
                    "norm": "šarru",
                    "pos": "N",
                    "epos": "N"
                  }
                },
                {
                  "node": "l",
                  "frag": "be-li",
                  "id": "P334146.l004f7",
                  "ref": "P334146.5.2",
                  "inst": "bēlu[lord]N$bēlī",
                  "sig": "@saao/saa05%akk-x-neoass:be-li=bēlu[lord//lord]N'N$bēlī",
                  "f": {
                    "lang": "akk-x-neoass",
                    "form": "be-li",
                    "cf": "bēlu",
                    "gw": "lord",
                    "sense": "lord",
                    "norm": "bēlī",
                    "pos": "N",
                    "epos": "N"
                  }
                },
                {
                  "node": "l",
                  "frag": "iq-ṭi₂\\p-bi-[a]",
                  "id": "P334146.l004f8",
                  "ref": "P334146.5.3",
                  "inst": "qabû[say]V$iqṭibia",
                  "sig": "@saao/saa05%akk-x-neoass:iq-ṭi₂-bi-a=qabû[say//say]V'V$iqṭibia",
                  "f": {
                    "lang": "akk-x-neoass",
                    "form": "iq-ṭi₂-bi-a",
                    "cf": "qabû",
                    "gw": "say",
                    "sense": "say",
                    "norm": "iqṭibia",
                    "pos": "V",
                    "epos": "V"
                  }
                },
                {
                  "node": "d",
                  "type": "line-start",
                  "ref": "P334146.6",
                  "n": "5",
                  "label": "o 5"
                },
                {
                  "node": "l",
                  "frag": "ma\\p-a",
                  "id": "P334146.l004f9",
                  "ref": "P334146.6.1",
                  "inst": "mā[saying]PRP",
                  "sig": "@saao/saa05%akk-x-neoass:ma-a=mā[saying//saying]PRP'PRP$mā",
                  "f": {
                    "lang": "akk-x-neoass",
                    "form": "ma-a",
                    "cf": "mā",
                    "gw": "saying",
                    "sense": "saying",
                    "norm": "mā",
                    "pos": "PRP",
                    "epos": "PRP"
                  }
                },
                {
                  "node": "l",
                  "frag": "{lu₂v}i-tu\\tp-ʾa\\p-a.a",
                  "id": "P334146.l004fa",
                  "ref": "P334146.6.2",
                  "inst": "Ituʾaya[Ituʾean]EN$",
                  "sig": "@saao/saa05%akk-x-neoass:{LU₂}i-tu-ʾa-a.a=Ituʾaya[Ituʾean//Ituʾean]EN'EN$Ituʾaya",
                  "f": {
                    "lang": "akk-x-neoass",
                    "form": "{LU₂}i-tu-ʾa-a.a",
                    "cf": "Ituʾaya",
                    "gw": "Ituʾean",
                    "sense": "Ituʾean",
                    "norm": "Ituʾaya",
                    "pos": "EN",
                    "epos": "EN"
                  }
                },
                {
                  "node": "l",
                  "frag": "lu",
                  "id": "P334146.l004fb",
                  "ref": "P334146.6.3",
                  "inst": "lū[may]MOD",
                  "sig": "@saao/saa05%akk-x-neoass:lu=lū[may//may]MOD'MOD$lū",
                  "f": {
                    "lang": "akk-x-neoass",
                    "form": "lu",
                    "cf": "lū",
                    "gw": "may",
                    "sense": "may",
                    "norm": "lū",
                    "pos": "MOD",
                    "epos": "MOD"
                  }
                },
                {
                  "node": "l",
                  "frag": "⸢za⸣-[ku-u]",
                  "id": "P334146.l004fc",
                  "ref": "P334146.6.4",
                  "inst": "zakû[pure//exempt]AJ$",
                  "sig": "@saao/saa05%akk-x-neoass:za-ku-u=zakû[pure//exempt]AJ'AJ$zakû",
                  "f": {
                    "lang": "akk-x-neoass",
                    "form": "za-ku-u",
                    "cf": "zakû",
                    "gw": "pure",
                    "sense": "exempt",
                    "norm": "zakû",
                    "pos": "AJ",
                    "epos": "AJ"
                  }
                },
                {
                  "node": "d",
                  "type": "line-start",
                  "ref": "P334146.7",
                  "n": "6",
                  "label": "o 6"
                },
                {
                  "node": "l",
                  "frag": "A.ŠA₃",
                  "id": "P334146.l004fd",
                  "ref": "P334146.7.1",
                  "inst": "eqlu[field]N$eqel",
                  "sig": "@saao/saa05%akk-x-neoass:A.ŠA₃=eqlu[field//field]N'N$eqel",
                  "f": {
                    "lang": "akk-x-neoass",
                    "form": "A.ŠA₃",
                    "cf": "eqlu",
                    "gw": "field",
                    "sense": "field",
                    "norm": "eqel",
                    "pos": "N",
                    "epos": "N"
                  }
                },
                {
                  "node": "l",
                  "frag": "{giš}BAN-šu",
                  "id": "P334146.l004fe",
                  "ref": "P334146.7.2",
                  "inst": "qaštu[bow]N$qassīšu",
                  "sig": "@saao/saa05%akk-x-neoass:{GIŠ}BAN-šu=qaštu[bow//bow]N'N$qassīšu",
                  "f": {
                    "lang": "akk-x-neoass",
                    "form": "{GIŠ}BAN-šu",
                    "cf": "qaštu",
                    "gw": "bow",
                    "sense": "bow",
                    "norm": "qassīšu",
                    "pos": "N",
                    "epos": "N"
                  }
                },
                {
                  "node": "l",
                  "frag": "{še}IN.⸢NU⸣",
                  "id": "P334146.l004ff",
                  "ref": "P334146.7.3",
                  "inst": "tibnu[straw]N$",
                  "sig": "@saao/saa05%akk-x-neoass:{ŠE}IN.NU=tibnu[straw//straw]N'N$tibnu",
                  "f": {
                    "lang": "akk-x-neoass",
                    "form": "{ŠE}IN.NU",
                    "cf": "tibnu",
                    "gw": "straw",
                    "sense": "straw",
                    "norm": "tibnu",
                    "pos": "N",
                    "epos": "N"
                  }
                },
                {
                  "node": "d",
                  "type": "line-start",
                  "ref": "P334146.8",
                  "n": "7",
                  "label": "o 7"
                },
                {
                  "node": "l",
                  "frag": "{šep}PAD-MEŠ",
                  "id": "P334146.l00500",
                  "ref": "P334146.8.1",
                  "inst": "kurummatu[ration//barley (ration)]N$kurummāti",
                  "sig": "@saao/saa05%akk-x-neoass:{ŠE}PAD-MEŠ=kurummatu[ration//barley (ration)]N'N$kurummāti",
                  "f": {
                    "lang": "akk-x-neoass",
                    "form": "{ŠE}PAD-MEŠ",
                    "cf": "kurummatu",
                    "gw": "ration",
                    "sense": "barley (ration)",
                    "norm": "kurummāti",
                    "pos": "N",
                    "epos": "N"
                  }
                },
                {
                  "node": "l",
                  "frag": "za-ku-u",
                  "id": "P334146.l00501",
                  "ref": "P334146.8.2",
                  "inst": "zakû[exempt]AJ",
                  "sig": "@saao/saa05%akk-x-neoass:za-ku-u=zakû[pure//exempt]AJ'AJ$zakû",
                  "f": {
                    "lang": "akk-x-neoass",
                    "form": "za-ku-u",
                    "cf": "zakû",
                    "gw": "pure",
                    "sense": "exempt",
                    "norm": "zakû",
                    "pos": "AJ",
                    "epos": "AJ"
                  }
                },
                {
                  "node": "l",
                  "frag": "[o]",
                  "id": "P334146.l00502",
                  "ref": "P334146.8.3",
                  "inst": "u",
                  "f": {
                    "lang": "akk-x-neoass",
                    "form": "o",
                    "pos": "u"
                  }
                },
                {
                  "node": "d",
                  "type": "line-start",
                  "ref": "P334146.9",
                  "n": "8",
                  "label": "o 8"
                },
                {
                  "node": "l",
                  "frag": "A.ŠA₃\\p",
                  "id": "P334146.l00503",
                  "ref": "P334146.9.1",
                  "inst": "eqlu[field]N$",
                  "sig": "@saao/saa05%akk-x-neoass:A.ŠA₃=eqlu[field//field]N'N$eqlu",
                  "f": {
                    "lang": "akk-x-neoass",
                    "form": "A.ŠA₃",
                    "cf": "eqlu",
                    "gw": "field",
                    "sense": "field",
                    "norm": "eqlu",
                    "pos": "N",
                    "epos": "N"
                  }
                },
                {
                  "node": "l",
                  "frag": "ša\\dt",
                  "id": "P334146.l00504",
                  "ref": "P334146.9.2",
                  "inst": "ša[of]DET",
                  "sig": "@saao/saa05%akk-x-neoass:ša=ša[of//of]DET'DET$ša",
                  "f": {
                    "lang": "akk-x-neoass",
                    "form": "ša",
                    "cf": "ša",
                    "gw": "of",
                    "sense": "of",
                    "norm": "ša",
                    "pos": "DET",
                    "epos": "DET"
                  }
                },
                {
                  "node": "l",
                  "frag": "aš-šur-a.a",
                  "id": "P334146.l00505",
                  "ref": "P334146.9.3",
                  "inst": "Aššuraya[Assyrian]EN$",
                  "sig": "@saao/saa05%akk-x-neoass:aš-šur-a.a=Aššuraya[Assyrian//Assyrian]EN'EN$Aššuraya",
                  "f": {
                    "lang": "akk-x-neoass",
                    "form": "aš-šur-a.a",
                    "cf": "Aššuraya",
                    "gw": "Assyrian",
                    "sense": "Assyrian",
                    "norm": "Aššuraya",
                    "pos": "EN",
                    "epos": "EN"
                  }
                },
                {
                  "node": "l",
                  "frag": "[o]",
                  "id": "P334146.l00506",
                  "ref": "P334146.9.4",
                  "inst": "u",
                  "f": {
                    "lang": "akk-x-neoass",
                    "form": "o",
                    "pos": "u"
                  }
                },
                {
                  "node": "d",
                  "type": "line-start",
                  "ref": "P334146.10",
                  "n": "9",
                  "label": "o 9"
                },
                {
                  "node": "l",
                  "frag": "ša\\dt",
                  "id": "P334146.l00507",
                  "ref": "P334146.10.1",
                  "inst": "ša[that//which]REL$",
                  "sig": "@saao/saa05%akk-x-neoass:ša=ša[that//which]REL'REL$ša",
                  "f": {
                    "lang": "akk-x-neoass",
                    "form": "ša",
                    "cf": "ša",
                    "gw": "that",
                    "sense": "which",
                    "norm": "ša",
                    "pos": "REL",
                    "epos": "REL"
                  }
                },
                {
                  "node": "l",
                  "frag": "a-na\\t",
                  "id": "P334146.l00508",
                  "ref": "P334146.10.2",
                  "inst": "ana[to//for]PRP$",
                  "sig": "@saao/saa05%akk-x-neoass:a-na=ana[to//for]PRP'PRP$ana",
                  "f": {
                    "lang": "akk-x-neoass",
                    "form": "a-na",
                    "cf": "ana",
                    "gw": "to",
                    "sense": "for",
                    "norm": "ana",
                    "pos": "PRP",
                    "epos": "PRP"
                  }
                },
                {
                  "node": "l",
                  "frag": "a-ri-⸢šu⸣-[te",
                  "id": "P334146.l00509",
                  "ref": "P334146.10.3",
                  "inst": "ārišūtu[agricultural tenancy]N$ārišūte",
                  "sig": "@saao/saa05%akk-x-neoass:a-ri-šu-te=ārišūtu[agricultural tenancy//agricultural tenancy]N'N$ārišūte",
                  "f": {
                    "lang": "akk-x-neoass",
                    "form": "a-ri-šu-te",
                    "cf": "ārišūtu",
                    "gw": "agricultural tenancy",
                    "sense": "agricultural tenancy",
                    "norm": "ārišūte",
                    "pos": "N",
                    "epos": "N"
                  }
                },
                {
                  "node": "l",
                  "frag": "o]",
                  "id": "P334146.l0050a",
                  "ref": "P334146.10.4",
                  "inst": "u",
                  "f": {
                    "lang": "akk-x-neoass",
                    "form": "o",
                    "pos": "u"
                  }
                },
                {
                  "node": "d",
                  "type": "line-start",
                  "ref": "P334146.11",
                  "n": "10",
                  "label": "o 10"
                },
                {
                  "node": "l",
                  "frag": "nu-uk\\d",
                  "id": "P334146.l0050b",
                  "ref": "P334146.11.1",
                  "inst": "nuk[saying]PRP",
                  "sig": "@saao/saa05%akk-x-neoass:nu-uk=nuk[saying//saying]PRP'PRP$nuk",
                  "f": {
                    "lang": "akk-x-neoass",
                    "form": "nu-uk",
                    "cf": "nuk",
                    "gw": "saying",
                    "sense": "saying",
                    "norm": "nuk",
                    "pos": "PRP",
                    "epos": "PRP"
                  }
                },
                {
                  "node": "l",
                  "frag": "[x",
                  "id": "P334146.l0050c",
                  "ref": "P334146.11.2",
                  "inst": "u",
                  "f": {
                    "lang": "akk-x-neoass",
                    "form": "x",
                    "pos": "u"
                  }
                },
                {
                  "node": "l",
                  "frag": "x",
                  "id": "P334146.l0050d",
                  "ref": "P334146.11.3",
                  "inst": "u",
                  "f": {
                    "lang": "akk-x-neoass",
                    "form": "x",
                    "pos": "u"
                  }
                },
                {
                  "node": "l",
                  "frag": "x",
                  "id": "P334146.l0050e",
                  "ref": "P334146.11.4",
                  "inst": "u",
                  "f": {
                    "lang": "akk-x-neoass",
                    "form": "x",
                    "pos": "u"
                  }
                },
                {
                  "node": "l",
                  "frag": "x]",
                  "id": "P334146.l0050f",
                  "ref": "P334146.11.5",
                  "inst": "u",
                  "f": {
                    "lang": "akk-x-neoass",
                    "form": "x",
                    "pos": "u"
                  }
                },
                {
                  "node": "d",
                  "type": "line-start",
                  "ref": "P334146.12",
                  "n": "11",
                  "label": "o 11"
                },
                {
                  "node": "l",
                  "frag": "la\\p",
                  "id": "P334146.l00510",
                  "ref": "P334146.12.1",
                  "inst": "lā[not]MOD",
                  "sig": "@saao/saa05%akk-x-neoass:la=lā[not//not]MOD'MOD$lā",
                  "f": {
                    "lang": "akk-x-neoass",
                    "form": "la",
                    "cf": "lā",
                    "gw": "not",
                    "sense": "not",
                    "norm": "lā",
                    "pos": "MOD",
                    "epos": "MOD"
                  }
                },
                {
                  "node": "l",
                  "frag": "⸢i⸣-[ma-gur",
                  "id": "P334146.l00511",
                  "ref": "P334146.12.2",
                  "inst": "magāru[consent//agree]V$immaggur",
                  "sig": "@saao/saa05%akk-x-neoass:i-ma-gur=magāru[consent//agree]V'V$immaggur",
                  "f": {
                    "lang": "akk-x-neoass",
                    "form": "i-ma-gur",
                    "cf": "magāru",
                    "gw": "consent",
                    "sense": "agree",
                    "norm": "immaggur",
                    "pos": "V",
                    "epos": "V"
                  }
                },
                {
                  "node": "l",
                  "frag": "x",
                  "id": "P334146.l00512",
                  "ref": "P334146.12.3",
                  "inst": "u",
                  "f": {
                    "lang": "akk-x-neoass",
                    "form": "x",
                    "pos": "u"
                  }
                },
                {
                  "node": "l",
                  "frag": "x",
                  "id": "P334146.l00513",
                  "ref": "P334146.12.4",
                  "inst": "u",
                  "f": {
                    "lang": "akk-x-neoass",
                    "form": "x",
                    "pos": "u"
                  }
                },
                {
                  "node": "l",
                  "frag": "x]",
                  "id": "P334146.l00514",
                  "ref": "P334146.12.5",
                  "inst": "u",
                  "f": {
                    "lang": "akk-x-neoass",
                    "form": "x",
                    "pos": "u"
                  }
                },
                {
                  "node": "d",
                  "type": "nonx",
                  "ref": "P334146.13",
                  "strict": "0",
                  "extent": "rest",
                  "state": "missing"
                },
                {
                  "node": "d",
                  "subtype": "reverse",
                  "type": "reverse",
                  "ref": "P334146.r.14",
                  "label": "r"
                },
                {
                  "node": "d",
                  "type": "nonx",
                  "ref": "P334146.15",
                  "strict": "0",
                  "extent": "beginning",
                  "state": "missing"
                },
                {
                  "node": "d",
                  "type": "line-start",
                  "ref": "P334146.16",
                  "n": "1'",
                  "label": "r 1'"
                },
                {
                  "node": "l",
                  "frag": "⸢mi⸣-[x",
                  "id": "P334146.l00515",
                  "ref": "P334146.16.1",
                  "inst": "u",
                  "f": {
                    "lang": "akk-x-neoass",
                    "form": "mi-x",
                    "pos": "u"
                  }
                },
                {
                  "node": "l",
                  "frag": "x",
                  "id": "P334146.l00516",
                  "ref": "P334146.16.2",
                  "inst": "u",
                  "f": {
                    "lang": "akk-x-neoass",
                    "form": "x",
                    "pos": "u"
                  }
                },
                {
                  "node": "l",
                  "frag": "x",
                  "id": "P334146.l00517",
                  "ref": "P334146.16.3",
                  "inst": "u",
                  "f": {
                    "lang": "akk-x-neoass",
                    "form": "x",
                    "pos": "u"
                  }
                },
                {
                  "node": "l",
                  "frag": "x",
                  "id": "P334146.l00518",
                  "ref": "P334146.16.4",
                  "inst": "u",
                  "f": {
                    "lang": "akk-x-neoass",
                    "form": "x",
                    "pos": "u"
                  }
                },
                {
                  "node": "l",
                  "frag": "x]",
                  "id": "P334146.l00519",
                  "ref": "P334146.16.5",
                  "inst": "u",
                  "f": {
                    "lang": "akk-x-neoass",
                    "form": "x",
                    "pos": "u"
                  }
                },
                {
                  "node": "d",
                  "type": "line-start",
                  "ref": "P334146.17",
                  "n": "2'",
                  "label": "r 2'"
                },
                {
                  "node": "l",
                  "frag": "{šep}IN.NU\\t",
                  "id": "P334146.l0051a",
                  "ref": "P334146.17.1",
                  "inst": "tibnu[straw]N$",
                  "sig": "@saao/saa05%akk-x-neoass:{ŠE}IN.NU=tibnu[straw//straw]N'N$tibnu",
                  "f": {
                    "lang": "akk-x-neoass",
                    "form": "{ŠE}IN.NU",
                    "cf": "tibnu",
                    "gw": "straw",
                    "sense": "straw",
                    "norm": "tibnu",
                    "pos": "N",
                    "epos": "N"
                  }
                },
                {
                  "node": "l",
                  "frag": "la\\p-bi-[ru",
                  "id": "P334146.l0051b",
                  "ref": "P334146.17.2",
                  "inst": "labīru[old]AJ$",
                  "sig": "@saao/saa05%akk-x-neoass:la-bi-ru=labīru[old//old]AJ'AJ$labīru",
                  "f": {
                    "lang": "akk-x-neoass",
                    "form": "la-bi-ru",
                    "cf": "labīru",
                    "gw": "old",
                    "sense": "old",
                    "norm": "labīru",
                    "pos": "AJ",
                    "epos": "AJ"
                  }
                },
                {
                  "node": "l",
                  "frag": "o]",
                  "id": "P334146.l0051c",
                  "ref": "P334146.17.3",
                  "inst": "u",
                  "f": {
                    "lang": "akk-x-neoass",
                    "form": "o",
                    "pos": "u"
                  }
                },
                {
                  "node": "d",
                  "type": "line-start",
                  "ref": "P334146.18",
                  "n": "3'",
                  "label": "r 3'"
                },
                {
                  "node": "l",
                  "frag": "a-na\\t",
                  "id": "P334146.l0051d",
                  "ref": "P334146.18.1",
                  "inst": "ana[to//for]PRP$",
                  "sig": "@saao/saa05%akk-x-neoass:a-na=ana[to//for]PRP'PRP$ana",
                  "f": {
                    "lang": "akk-x-neoass",
                    "form": "a-na",
                    "cf": "ana",
                    "gw": "to",
                    "sense": "for",
                    "norm": "ana",
                    "pos": "PRP",
                    "epos": "PRP"
                  }
                },
                {
                  "node": "l",
                  "frag": "dul₆-li",
                  "id": "P334146.l0051e",
                  "ref": "P334146.18.2",
                  "inst": "dullu[trouble//work]N$dulli",
                  "sig": "@saao/saa05%akk-x-neoass:dul₆-li=dullu[trouble//work]N'N$dulli",
                  "f": {
                    "lang": "akk-x-neoass",
                    "form": "dul₆-li",
                    "cf": "dullu",
                    "gw": "trouble",
                    "sense": "work",
                    "norm": "dulli",
                    "pos": "N",
                    "epos": "N"
                  }
                },
                {
                  "node": "l",
                  "frag": "a-ṣa-⸢ba⸣-[ta]",
                  "id": "P334146.l0051f",
                  "ref": "P334146.18.3",
                  "inst": "ṣabātu[seize]V$aṣṣabāta",
                  "sig": "@saao/saa05%akk-x-neoass:a-ṣa-ba-ta=ṣabātu[seize//seize]V'V$aṣṣabāta",
                  "f": {
                    "lang": "akk-x-neoass",
                    "form": "a-ṣa-ba-ta",
                    "cf": "ṣabātu",
                    "gw": "seize",
                    "sense": "seize",
                    "norm": "aṣṣabāta",
                    "pos": "V",
                    "epos": "V"
                  }
                },
                {
                  "node": "d",
                  "type": "line-start",
                  "ref": "P334146.19",
                  "n": "4'",
                  "label": "r 4'"
                },
                {
                  "node": "l",
                  "frag": "ug\\dp-da\\t-me-er",
                  "id": "P334146.l00520",
                  "ref": "P334146.19.1",
                  "inst": "gamāru[complete//finish]V$ugdammer",
                  "sig": "@saao/saa05%akk-x-neoass:ug-da-me-er=gamāru[complete//finish]V'V$ugdammer",
                  "f": {
                    "lang": "akk-x-neoass",
                    "form": "ug-da-me-er",
                    "cf": "gamāru",
                    "gw": "complete",
                    "sense": "finish",
                    "norm": "ugdammer",
                    "pos": "V",
                    "epos": "V"
                  }
                },
                {
                  "node": "l",
                  "frag": "ki-⸢i⸣",
                  "id": "P334146.l00521",
                  "ref": "P334146.19.2",
                  "inst": "kî[like//in accordance with]PRP",
                  "sig": "@saao/saa05%akk-x-neoass:ki-i=kī[like//in accordance with]PRP'PRP$kî",
                  "f": {
                    "lang": "akk-x-neoass",
                    "form": "ki-i",
                    "cf": "kī",
                    "gw": "like",
                    "sense": "in accordance with",
                    "norm": "kî",
                    "pos": "PRP",
                    "epos": "PRP"
                  }
                },
                {
                  "node": "l",
                  "frag": "[o]",
                  "id": "P334146.l00522",
                  "ref": "P334146.19.3",
                  "inst": "u",
                  "f": {
                    "lang": "akk-x-neoass",
                    "form": "o",
                    "pos": "u"
                  }
                },
                {
                  "node": "d",
                  "type": "line-start",
                  "ref": "P334146.20",
                  "n": "5'",
                  "label": "r 5'"
                },
                {
                  "node": "l",
                  "frag": "ša\\dt",
                  "id": "P334146.l00523",
                  "ref": "P334146.20.1",
                  "inst": "ša[what]REL",
                  "sig": "@saao/saa05%akk-x-neoass:ša=ša[that//what]REL'REL$ša",
                  "f": {
                    "lang": "akk-x-neoass",
                    "form": "ša",
                    "cf": "ša",
                    "gw": "that",
                    "sense": "what",
                    "norm": "ša",
                    "pos": "REL",
                    "epos": "REL"
                  }
                },
                {
                  "node": "l",
                  "frag": "LUGAL\\pp",
                  "id": "P334146.l00524",
                  "ref": "P334146.20.2",
                  "inst": "šarru[king]N$",
                  "sig": "@saao/saa05%akk-x-neoass:LUGAL=šarru[king//king]N'N$šarru",
                  "f": {
                    "lang": "akk-x-neoass",
                    "form": "LUGAL",
                    "cf": "šarru",
                    "gw": "king",
                    "sense": "king",
                    "norm": "šarru",
                    "pos": "N",
                    "epos": "N"
                  }
                },
                {
                  "node": "l",
                  "frag": "be-li",
                  "id": "P334146.l00525",
                  "ref": "P334146.20.3",
                  "inst": "bēlu[lord]N$bēlī",
                  "sig": "@saao/saa05%akk-x-neoass:be-li=bēlu[lord//lord]N'N$bēlī",
                  "f": {
                    "lang": "akk-x-neoass",
                    "form": "be-li",
                    "cf": "bēlu",
                    "gw": "lord",
                    "sense": "lord",
                    "norm": "bēlī",
                    "pos": "N",
                    "epos": "N"
                  }
                },
                {
                  "node": "l",
                  "frag": "i-la-[u-ni]",
                  "id": "P334146.l00526",
                  "ref": "P334146.20.4",
                  "inst": "leʾû[be able//deem]V$ilaʾʾûni",
                  "sig": "@saao/saa05%akk-x-neoass:i-la-u-ni=leʾû[be able//deem]V'V$ilaʾʾûni",
                  "f": {
                    "lang": "akk-x-neoass",
                    "form": "i-la-u-ni",
                    "cf": "leʾû",
                    "gw": "be able",
                    "sense": "deem",
                    "norm": "ilaʾʾûni",
                    "pos": "V",
                    "epos": "V"
                  }
                },
                {
                  "node": "d",
                  "type": "line-start",
                  "ref": "P334146.21",
                  "n": "6'",
                  "label": "r 6'"
                },
                {
                  "node": "l",
                  "frag": "le-pu\\t-uš",
                  "id": "P334146.l00527",
                  "ref": "P334146.21.1",
                  "inst": "lēpuš[do]V",
                  "sig": "@saao/saa05%akk-x-neoass:le-pu-uš=epēšu[do//do]V'V$lēpuš",
                  "f": {
                    "lang": "akk-x-neoass",
                    "form": "le-pu-uš",
                    "cf": "epēšu",
                    "gw": "do",
                    "sense": "do",
                    "norm": "lēpuš",
                    "pos": "V",
                    "epos": "V"
                  }
                },
                {
                  "node": "l",
                  "frag": "[o]",
                  "id": "P334146.l00528",
                  "ref": "P334146.21.2",
                  "inst": "u",
                  "f": {
                    "lang": "akk-x-neoass",
                    "form": "o",
                    "pos": "u"
                  }
                }
              ]
            }
          ]
        }
      ]
    }
  ]
}
