{
  "type": "cdl",
  "source": "http://oracc.org/saao/saa05",
  "license": "This data is released under the CC0 license",
  "license-url": "https://creativecommons.org/publicdomain/zero/1.0/",
  "more-info": "http://oracc.org/doc/opendata/",
  "UTC-timestamp": "2017-06-10T00:40:53",
  "project": "saao/saa05",
  "textid": "P334679",
  "cdl": [
    {
      "node": "c",
      "type": "text",
      "id": "P334679.U0",
      "cdl": [
        {
          "node": "d",
          "type": "object",
          "ref": ""
        },
        {
          "node": "d",
          "subtype": "obverse",
          "type": "obverse",
          "ref": "P334679.o.1",
          "label": "o"
        },
        {
          "node": "c",
          "type": "discourse",
          "subtype": "body",
          "id": "P334679.U1",
          "cdl": [
            {
              "node": "c",
              "type": "sentence",
              "id": "P334679.U2",
              "label": "o 1 - o 8",
              "cdl": [
                {
                  "node": "d",
                  "type": "line-start",
                  "ref": "P334679.2",
                  "n": "1",
                  "label": "o 1"
                },
                {
                  "node": "l",
                  "frag": "a-na",
                  "id": "P334679.l01b28",
                  "ref": "P334679.2.1",
                  "inst": "ana[to]PRP",
                  "sig": "@saao/saa05%akk-x-neoass:a-na=ana[to//to]PRP'PRP$ana",
                  "f": {
                    "lang": "akk-x-neoass",
                    "form": "a-na",
                    "cf": "ana",
                    "gw": "to",
                    "sense": "to",
                    "norm": "ana",
                    "pos": "PRP",
                    "epos": "PRP"
                  }
                },
                {
                  "node": "l",
                  "frag": "LUGAL",
                  "id": "P334679.l01b29",
                  "ref": "P334679.2.2",
                  "inst": "šarri[king]N",
                  "sig": "@saao/saa05%akk-x-neoass:LUGAL=šarru[king//king]N'N$šarri",
                  "f": {
                    "lang": "akk-x-neoass",
                    "form": "LUGAL",
                    "cf": "šarru",
                    "gw": "king",
                    "sense": "king",
                    "norm": "šarri",
                    "pos": "N",
                    "epos": "N"
                  }
                },
                {
                  "node": "l",
                  "frag": "EN-[ia]",
                  "id": "P334679.l01b2a",
                  "ref": "P334679.2.3",
                  "inst": "bēlīya[lord]N",
                  "sig": "@saao/saa05%akk-x-neoass:EN-ia=bēlu[lord//lord]N'N$bēlīya",
                  "f": {
                    "lang": "akk-x-neoass",
                    "form": "EN-ia",
                    "cf": "bēlu",
                    "gw": "lord",
                    "sense": "lord",
                    "norm": "bēlīya",
                    "pos": "N",
                    "epos": "N"
                  }
                },
                {
                  "node": "d",
                  "type": "line-start",
                  "ref": "P334679.3",
                  "n": "2",
                  "label": "o 2"
                },
                {
                  "node": "l",
                  "frag": "ARAD-ka",
                  "id": "P334679.l01b2b",
                  "ref": "P334679.3.1",
                  "inst": "urdaka[servant]N",
                  "sig": "@saao/saa05%akk-x-neoass:ARAD-ka=ardu[slave//servant]N'N$urdaka",
                  "f": {
                    "lang": "akk-x-neoass",
                    "form": "ARAD-ka",
                    "cf": "ardu",
                    "gw": "slave",
                    "sense": "servant",
                    "norm": "urdaka",
                    "pos": "N",
                    "epos": "N"
                  }
                },
                {
                  "node": "l",
                  "frag": "{1}I-[DINGIR]",
                  "id": "P334679.l01b2c",
                  "ref": "P334679.3.2",
                  "inst": "Naʾdi-ilu[1]PN",
                  "sig": "@saao/saa05%akk-x-neoass:{1}I-DINGIR=Naʾdi-ilu[1//1]PN'PN$Naʾdi-ilu",
                  "f": {
                    "lang": "akk-x-neoass",
                    "form": "{1}I-DINGIR",
                    "cf": "Naʾdi-ilu",
                    "gw": "1",
                    "sense": "1",
                    "norm": "Naʾdi-ilu",
                    "pos": "PN",
                    "epos": "PN"
                  }
                },
                {
                  "node": "d",
                  "type": "line-start",
                  "ref": "P334679.4",
                  "n": "3",
                  "label": "o 3"
                },
                {
                  "node": "l",
                  "frag": "lu-u",
                  "id": "P334679.l01b2d",
                  "ref": "P334679.4.1",
                  "inst": "lū[may]MOD",
                  "sig": "@saao/saa05%akk-x-neoass:lu-u=lū[may//may]MOD'MOD$lū",
                  "f": {
                    "lang": "akk-x-neoass",
                    "form": "lu-u",
                    "cf": "lū",
                    "gw": "may",
                    "sense": "may",
                    "norm": "lū",
                    "pos": "MOD",
                    "epos": "MOD"
                  }
                },
                {
                  "node": "l",
                  "frag": "DI-mu\\p",
                  "id": "P334679.l01b2e",
                  "ref": "P334679.4.2",
                  "inst": "šulmu[health]N",
                  "sig": "@saao/saa05%akk-x-neoass:DI-mu=šulmu[completeness//health]N'N$šulmu",
                  "f": {
                    "lang": "akk-x-neoass",
                    "form": "DI-mu",
                    "cf": "šulmu",
                    "gw": "completeness",
                    "sense": "health",
                    "norm": "šulmu",
                    "pos": "N",
                    "epos": "N"
                  }
                },
                {
                  "node": "l",
                  "frag": "a-⸢na⸣",
                  "id": "P334679.l01b2f",
                  "ref": "P334679.4.3",
                  "inst": "ana[to]PRP",
                  "sig": "@saao/saa05%akk-x-neoass:a-na=ana[to//to]PRP'PRP$ana",
                  "f": {
                    "lang": "akk-x-neoass",
                    "form": "a-na",
                    "cf": "ana",
                    "gw": "to",
                    "sense": "to",
                    "norm": "ana",
                    "pos": "PRP",
                    "epos": "PRP"
                  }
                },
                {
                  "node": "l",
                  "frag": "[LUGAL",
                  "id": "P334679.l01b30",
                  "ref": "P334679.4.4",
                  "inst": "šarri[king]N",
                  "sig": "@saao/saa05%akk-x-neoass:LUGAL=šarru[king//king]N'N$šarri",
                  "f": {
                    "lang": "akk-x-neoass",
                    "form": "LUGAL",
                    "cf": "šarru",
                    "gw": "king",
                    "sense": "king",
                    "norm": "šarri",
                    "pos": "N",
                    "epos": "N"
                  }
                },
                {
                  "node": "l",
                  "frag": "EN-ia]",
                  "id": "P334679.l01b31",
                  "ref": "P334679.4.5",
                  "inst": "bēlīya[lord]N",
                  "sig": "@saao/saa05%akk-x-neoass:EN-ia=bēlu[lord//lord]N'N$bēlīya",
                  "f": {
                    "lang": "akk-x-neoass",
                    "form": "EN-ia",
                    "cf": "bēlu",
                    "gw": "lord",
                    "sense": "lord",
                    "norm": "bēlīya",
                    "pos": "N",
                    "epos": "N"
                  }
                },
                {
                  "node": "d",
                  "type": "line-start",
                  "ref": "P334679.5",
                  "n": "4",
                  "label": "o 4"
                },
                {
                  "node": "c",
                  "type": "phrase",
                  "tag": "phr",
                  "id": "P334679.U4",
                  "ref": "P334679.ls00000",
                  "cdl": [
                    {
                      "node": "l",
                      "frag": "ina",
                      "id": "P334679.l01b32",
                      "ref": "P334679.5.1",
                      "inst": "ina[in+=concerning]PRP",
                      "sig": "@saao/saa05%akk-x-neoass:ina=ina[in//in]PRP'PRP$ina",
                      "f": {
                        "lang": "akk-x-neoass",
                        "form": "ina",
                        "cf": "ina",
                        "gw": "in",
                        "sense": "in",
                        "norm": "ina",
                        "pos": "PRP",
                        "epos": "PRP"
                      }
                    },
                    {
                      "node": "l",
                      "frag": "UGU",
                      "id": "P334679.l01b33",
                      "ref": "P334679.5.2",
                      "inst": "muhhi[skull]N",
                      "sig": "@saao/saa05%akk-x-neoass:UGU=muhhu[skull//skull]N'N$muhhi",
                      "f": {
                        "lang": "akk-x-neoass",
                        "form": "UGU",
                        "cf": "muhhu",
                        "gw": "skull",
                        "sense": "skull",
                        "norm": "muhhi",
                        "pos": "N",
                        "epos": "N"
                      }
                    }
                  ]
                },
                {
                  "node": "l",
                  "frag": "GUD-MEŠ",
                  "id": "P334679.l01b34",
                  "ref": "P334679.5.3",
                  "inst": "alpāni[ox]N",
                  "sig": "@saao/saa05%akk-x-neoass:GUD-MEŠ=alpu[ox//ox]N'N$alpāni",
                  "f": {
                    "lang": "akk-x-neoass",
                    "form": "GUD-MEŠ",
                    "cf": "alpu",
                    "gw": "ox",
                    "sense": "ox",
                    "norm": "alpāni",
                    "pos": "N",
                    "epos": "N"
                  }
                },
                {
                  "node": "d",
                  "type": "line-start",
                  "ref": "P334679.6",
                  "n": "5",
                  "label": "o 5"
                },
                {
                  "node": "l",
                  "frag": "pi-qi\\t-tu₂",
                  "id": "P334679.l01b35",
                  "ref": "P334679.6.1",
                  "inst": "piqittu[allocation]N$piqittu",
                  "sig": "@saao/saa05%akk-x-neoass:pi-qi-tu₂=piqittu[allocation//allocation]N'N$piqittu",
                  "f": {
                    "lang": "akk-x-neoass",
                    "form": "pi-qi-tu₂",
                    "cf": "piqittu",
                    "gw": "allocation",
                    "sense": "allocation",
                    "norm": "piqittu",
                    "pos": "N",
                    "epos": "N"
                  }
                },
                {
                  "node": "l",
                  "frag": "ša\\dy",
                  "id": "P334679.l01b36",
                  "ref": "P334679.6.2",
                  "inst": "ša[that//which]REL$",
                  "sig": "@saao/saa05%akk-x-neoass:ša=ša[that//which]REL'REL$ša",
                  "f": {
                    "lang": "akk-x-neoass",
                    "form": "ša",
                    "cf": "ša",
                    "gw": "that",
                    "sense": "which",
                    "norm": "ša",
                    "pos": "REL",
                    "epos": "REL"
                  }
                },
                {
                  "node": "c",
                  "type": "phrase",
                  "tag": "phr",
                  "id": "P334679.U5",
                  "ref": "P334679.ls00001",
                  "cdl": [
                    {
                      "node": "l",
                      "frag": "ina",
                      "id": "P334679.l01b37",
                      "ref": "P334679.6.3",
                      "inst": "ina[in+=in charge of]PRP",
                      "sig": "@saao/saa05%akk-x-neoass:ina=ina[in//in]PRP'PRP$ina",
                      "f": {
                        "lang": "akk-x-neoass",
                        "form": "ina",
                        "cf": "ina",
                        "gw": "in",
                        "sense": "in",
                        "norm": "ina",
                        "pos": "PRP",
                        "epos": "PRP"
                      }
                    },
                    {
                      "node": "l",
                      "frag": "IGI-⸢ia⸣",
                      "id": "P334679.l01b38",
                      "ref": "P334679.6.4",
                      "inst": "pānu[front]N$pānīya",
                      "sig": "@saao/saa05%akk-x-neoass:IGI-ia=pānu[front//front]N'N$pānīya",
                      "f": {
                        "lang": "akk-x-neoass",
                        "form": "IGI-ia",
                        "cf": "pānu",
                        "gw": "front",
                        "sense": "front",
                        "norm": "pānīya",
                        "pos": "N",
                        "epos": "N"
                      }
                    }
                  ]
                },
                {
                  "node": "d",
                  "type": "line-start",
                  "ref": "P334679.7",
                  "n": "6",
                  "label": "o 6"
                },
                {
                  "node": "l",
                  "frag": "ša",
                  "id": "P334679.l01b39",
                  "ref": "P334679.7.1",
                  "inst": "ša[that//which]REL$",
                  "sig": "@saao/saa05%akk-x-neoass:ša=ša[that//which]REL'REL$ša",
                  "f": {
                    "lang": "akk-x-neoass",
                    "form": "ša",
                    "cf": "ša",
                    "gw": "that",
                    "sense": "which",
                    "norm": "ša",
                    "pos": "REL",
                    "epos": "REL"
                  }
                },
                {
                  "node": "l",
                  "frag": "LUGAL",
                  "id": "P334679.l01b3a",
                  "ref": "P334679.7.2",
                  "inst": "šarru[king]N",
                  "sig": "@saao/saa05%akk-x-neoass:LUGAL=šarru[king//king]N'N$šarru",
                  "f": {
                    "lang": "akk-x-neoass",
                    "form": "LUGAL",
                    "cf": "šarru",
                    "gw": "king",
                    "sense": "king",
                    "norm": "šarru",
                    "pos": "N",
                    "epos": "N"
                  }
                },
                {
                  "node": "l",
                  "frag": "be-li₂",
                  "id": "P334679.l01b3b",
                  "ref": "P334679.7.3",
                  "inst": "bēlī[lord]N",
                  "sig": "@saao/saa05%akk-x-neoass:be-li₂=bēlu[lord//lord]N'N$bēlī",
                  "f": {
                    "lang": "akk-x-neoass",
                    "form": "be-li₂",
                    "cf": "bēlu",
                    "gw": "lord",
                    "sense": "lord",
                    "norm": "bēlī",
                    "pos": "N",
                    "epos": "N"
                  }
                },
                {
                  "node": "l",
                  "frag": "[o]",
                  "id": "P334679.l01b3c",
                  "ref": "P334679.7.4",
                  "inst": "u",
                  "f": {
                    "lang": "akk-x-neoass",
                    "form": "o",
                    "pos": "u"
                  }
                },
                {
                  "node": "d",
                  "type": "line-start",
                  "ref": "P334679.8",
                  "n": "7",
                  "label": "o 7"
                },
                {
                  "node": "l",
                  "frag": "⸢ṭe⸣-e-⸢mu⸣",
                  "id": "P334679.l01b3d",
                  "ref": "P334679.8.1",
                  "inst": "ṭēmu[(fore)thought//order]N$",
                  "sig": "@saao/saa05%akk-x-neoass:ṭe-e-mu=ṭēmu[(fore)thought//order]N'N$ṭēmu",
                  "f": {
                    "lang": "akk-x-neoass",
                    "form": "ṭe-e-mu",
                    "cf": "ṭēmu",
                    "gw": "(fore)thought",
                    "sense": "order",
                    "norm": "ṭēmu",
                    "pos": "N",
                    "epos": "N"
                  }
                },
                {
                  "node": "l",
                  "frag": "[iš-kun-an-ni]",
                  "id": "P334679.l01b3e",
                  "ref": "P334679.8.2",
                  "inst": "šakānu[put//place]V$iškunanni",
                  "sig": "@saao/saa05%akk-x-neoass:iš-kun-an-ni=šakānu[put//place]V'V$iškunanni",
                  "f": {
                    "lang": "akk-x-neoass",
                    "form": "iš-kun-an-ni",
                    "cf": "šakānu",
                    "gw": "put",
                    "sense": "place",
                    "norm": "iškunanni",
                    "pos": "V",
                    "epos": "V"
                  }
                },
                {
                  "node": "d",
                  "type": "line-start",
                  "ref": "P334679.9",
                  "n": "8",
                  "label": "o 8"
                },
                {
                  "node": "l",
                  "frag": "[x",
                  "id": "P334679.l01b3f",
                  "ref": "P334679.9.1",
                  "inst": "u",
                  "f": {
                    "lang": "akk-x-neoass",
                    "form": "x",
                    "pos": "u"
                  }
                },
                {
                  "node": "l",
                  "frag": "x]+⸢x⸣+[x",
                  "id": "P334679.l01b40",
                  "ref": "P334679.9.2",
                  "inst": "u",
                  "f": {
                    "lang": "akk-x-neoass",
                    "form": "x+x+x",
                    "pos": "u"
                  }
                },
                {
                  "node": "l",
                  "frag": "x",
                  "id": "P334679.l01b41",
                  "ref": "P334679.9.3",
                  "inst": "u",
                  "f": {
                    "lang": "akk-x-neoass",
                    "form": "x",
                    "pos": "u"
                  }
                },
                {
                  "node": "l",
                  "frag": "x",
                  "id": "P334679.l01b42",
                  "ref": "P334679.9.4",
                  "inst": "u",
                  "f": {
                    "lang": "akk-x-neoass",
                    "form": "x",
                    "pos": "u"
                  }
                },
                {
                  "node": "l",
                  "frag": "x",
                  "id": "P334679.l01b43",
                  "ref": "P334679.9.5",
                  "inst": "u",
                  "f": {
                    "lang": "akk-x-neoass",
                    "form": "x",
                    "pos": "u"
                  }
                },
                {
                  "node": "l",
                  "frag": "x]",
                  "id": "P334679.l01b44",
                  "ref": "P334679.9.6",
                  "inst": "u",
                  "f": {
                    "lang": "akk-x-neoass",
                    "form": "x",
                    "pos": "u"
                  }
                },
                {
                  "node": "d",
                  "type": "nonx",
                  "ref": "P334679.10",
                  "strict": "0",
                  "extent": "rest",
                  "state": "missing"
                },
                {
                  "node": "d",
                  "subtype": "reverse",
                  "type": "reverse",
                  "ref": "P334679.r.11",
                  "label": "r"
                },
                {
                  "node": "d",
                  "type": "nonx",
                  "ref": "P334679.12",
                  "strict": "0",
                  "state": "other"
                }
              ]
            }
          ]
        }
      ]
    },
    {
      "linkbase": [
        {
          "type": "linkset",
          "xlink_title": "ina muhhi[on//about]PRP'PRP",
          "id": "P334679.ls00000",
          "xlink_type": "extended",
          "xlink_role": "psu",
          "sig": "{ina[in]PRP muhhu[skull]N += ina muhhi[on//about]PRP'PRP}::@saao%akk-x-neoass:ina=ina[in//into]PRP'PRP$ina++@saao%akk-x-neoass:UGU=muhhu[skull//skull]N'N$muhhi",
          "links": [
            {
              "type": "link",
              "xlink_title": "ina",
              "xlink_type": "locator",
              "xlink_href": "#P334679.l01b32",
              "xlink_role": "elt"
            },
            {
              "type": "link",
              "xlink_title": "muhhi",
              "xlink_type": "locator",
              "xlink_href": "#P334679.l01b33",
              "xlink_role": "elt"
            }
          ]
        },
        {
          "type": "linkset",
          "xlink_title": "ina pān[in the presence of//at the disposal of]PRP'PRP",
          "id": "P334679.ls00001",
          "xlink_type": "extended",
          "xlink_role": "psu",
          "sig": "{ina[in]PRP pānu[front]N += ina pān[in the presence of//at the disposal of]PRP'PRP}::@saao%akk-x-neoass:ina=ina[in//into]PRP'PRP$ina++@saao%akk-x-neoass:IGI-ia=pānu[front//front]N'N$pānīya",
          "links": [
            {
              "type": "link",
              "xlink_title": "ina",
              "xlink_type": "locator",
              "xlink_href": "#P334679.l01b37",
              "xlink_role": "elt"
            },
            {
              "type": "link",
              "xlink_title": "pānu",
              "xlink_type": "locator",
              "xlink_href": "#P334679.l01b38",
              "xlink_role": "elt"
            }
          ]
        }
      ]
    }
  ]
}
