{
  "type": "cdl",
  "source": "http://oracc.org/saao/saa05",
  "license": "This data is released under the CC0 license",
  "license-url": "https://creativecommons.org/publicdomain/zero/1.0/",
  "more-info": "http://oracc.org/doc/opendata/",
  "UTC-timestamp": "2017-06-10T00:40:43",
  "project": "saao/saa05",
  "textid": "P334181",
  "cdl": [
    {
      "node": "c",
      "type": "text",
      "id": "P334181.U0",
      "cdl": [
        {
          "node": "d",
          "type": "object",
          "ref": ""
        },
        {
          "node": "d",
          "subtype": "obverse",
          "type": "obverse",
          "ref": "P334181.o.1",
          "label": "o"
        },
        {
          "node": "c",
          "type": "discourse",
          "subtype": "body",
          "id": "P334181.U1",
          "cdl": [
            {
              "node": "c",
              "type": "sentence",
              "id": "P334181.U2",
              "label": "o 1 - r.e. 17",
              "cdl": [
                {
                  "node": "d",
                  "type": "line-start",
                  "ref": "P334181.2",
                  "n": "1",
                  "label": "o 1"
                },
                {
                  "node": "l",
                  "frag": "a-na",
                  "id": "P334181.l01c3b",
                  "ref": "P334181.2.1",
                  "inst": "ana[to]PRP$",
                  "sig": "@saao/saa05%akk-x-neoass:a-na=ana[to//to]PRP'PRP$ana",
                  "f": {
                    "lang": "akk-x-neoass",
                    "form": "a-na",
                    "cf": "ana",
                    "gw": "to",
                    "sense": "to",
                    "norm": "ana",
                    "pos": "PRP",
                    "epos": "PRP"
                  }
                },
                {
                  "node": "l",
                  "frag": "LUGAL",
                  "id": "P334181.l01c3c",
                  "ref": "P334181.2.2",
                  "inst": "šarri[king]N",
                  "sig": "@saao/saa05%akk-x-neoass:LUGAL=šarru[king//king]N'N$šarri",
                  "f": {
                    "lang": "akk-x-neoass",
                    "form": "LUGAL",
                    "cf": "šarru",
                    "gw": "king",
                    "sense": "king",
                    "norm": "šarri",
                    "pos": "N",
                    "epos": "N"
                  }
                },
                {
                  "node": "l",
                  "frag": "EN-ia",
                  "id": "P334181.l01c3d",
                  "ref": "P334181.2.3",
                  "inst": "bēlīya[lord]N",
                  "sig": "@saao/saa05%akk-x-neoass:EN-ia=bēlu[lord//lord]N'N$bēlīya",
                  "f": {
                    "lang": "akk-x-neoass",
                    "form": "EN-ia",
                    "cf": "bēlu",
                    "gw": "lord",
                    "sense": "lord",
                    "norm": "bēlīya",
                    "pos": "N",
                    "epos": "N"
                  }
                },
                {
                  "node": "d",
                  "type": "line-start",
                  "ref": "P334181.3",
                  "n": "2",
                  "label": "o 2"
                },
                {
                  "node": "l",
                  "frag": "ARAD-ka",
                  "id": "P334181.l01c3e",
                  "ref": "P334181.3.1",
                  "inst": "urdaka[servant]N",
                  "sig": "@saao/saa05%akk-x-neoass:ARAD-ka=ardu[slave//servant]N'N$urdaka",
                  "f": {
                    "lang": "akk-x-neoass",
                    "form": "ARAD-ka",
                    "cf": "ardu",
                    "gw": "slave",
                    "sense": "servant",
                    "norm": "urdaka",
                    "pos": "N",
                    "epos": "N"
                  }
                },
                {
                  "node": "l",
                  "frag": "{1}aš-šur-EN-KALAG-in",
                  "id": "P334181.l01c3f",
                  "ref": "P334181.3.2",
                  "inst": "Aššur-belu-daʾʾin[]PN$",
                  "sig": "@saao/saa05%akk-x-neoass:{1}aš-šur-EN-KALAG-in=Aššur-belu-daʾʾin[1//1]PN'PN$Aššur-belu-daʾʾin",
                  "f": {
                    "lang": "akk-x-neoass",
                    "form": "{1}aš-šur-EN-KALAG-in",
                    "cf": "Aššur-belu-daʾʾin",
                    "gw": "1",
                    "sense": "1",
                    "norm": "Aššur-belu-daʾʾin",
                    "pos": "PN",
                    "epos": "PN"
                  }
                },
                {
                  "node": "d",
                  "type": "line-start",
                  "ref": "P334181.4",
                  "n": "3",
                  "label": "o 3"
                },
                {
                  "node": "l",
                  "frag": "lu-u",
                  "id": "P334181.l01c40",
                  "ref": "P334181.4.1",
                  "inst": "lū[may]MOD",
                  "sig": "@saao/saa05%akk-x-neoass:lu-u=lū[may//may]MOD'MOD$lū",
                  "f": {
                    "lang": "akk-x-neoass",
                    "form": "lu-u",
                    "cf": "lū",
                    "gw": "may",
                    "sense": "may",
                    "norm": "lū",
                    "pos": "MOD",
                    "epos": "MOD"
                  }
                },
                {
                  "node": "l",
                  "frag": "DI-mu",
                  "id": "P334181.l01c41",
                  "ref": "P334181.4.2",
                  "inst": "šulmu[health]N",
                  "sig": "@saao/saa05%akk-x-neoass:DI-mu=šulmu[completeness//health]N'N$šulmu",
                  "f": {
                    "lang": "akk-x-neoass",
                    "form": "DI-mu",
                    "cf": "šulmu",
                    "gw": "completeness",
                    "sense": "health",
                    "norm": "šulmu",
                    "pos": "N",
                    "epos": "N"
                  }
                },
                {
                  "node": "l",
                  "frag": "a-na",
                  "id": "P334181.l01c42",
                  "ref": "P334181.4.3",
                  "inst": "ana[to]PRP$",
                  "sig": "@saao/saa05%akk-x-neoass:a-na=ana[to//to]PRP'PRP$ana",
                  "f": {
                    "lang": "akk-x-neoass",
                    "form": "a-na",
                    "cf": "ana",
                    "gw": "to",
                    "sense": "to",
                    "norm": "ana",
                    "pos": "PRP",
                    "epos": "PRP"
                  }
                },
                {
                  "node": "l",
                  "frag": "LUGAL",
                  "id": "P334181.l01c43",
                  "ref": "P334181.4.4",
                  "inst": "šarri[king]N",
                  "sig": "@saao/saa05%akk-x-neoass:LUGAL=šarru[king//king]N'N$šarri",
                  "f": {
                    "lang": "akk-x-neoass",
                    "form": "LUGAL",
                    "cf": "šarru",
                    "gw": "king",
                    "sense": "king",
                    "norm": "šarri",
                    "pos": "N",
                    "epos": "N"
                  }
                },
                {
                  "node": "c",
                  "type": "phrase",
                  "tag": "phr",
                  "id": "P334181.U4",
                  "ref": "P334181.ls00000",
                  "cdl": [
                    {
                      "node": "l",
                      "frag": "EN-ia₂",
                      "id": "P334181.l01c44",
                      "ref": "P334181.4.5",
                      "inst": "bēlīya[lord]N",
                      "sig": "@saao/saa05%akk-x-neoass:EN-ia₂=bēlu[lord//lord]N'N$bēlīya",
                      "f": {
                        "lang": "akk-x-neoass",
                        "form": "EN-ia₂",
                        "cf": "bēlu",
                        "gw": "lord",
                        "sense": "lord",
                        "norm": "bēlīya",
                        "pos": "N",
                        "epos": "N"
                      }
                    },
                    {
                      "node": "d",
                      "type": "line-start",
                      "ref": "P334181.5",
                      "n": "4",
                      "label": "o 4"
                    },
                    {
                      "node": "l",
                      "frag": "URU",
                      "id": "P334181.l01c45",
                      "ref": "P334181.5.1",
                      "inst": "ālu[town]N",
                      "sig": "@saao/saa05%akk-x-neoass:URU=ālu[city//town]N'N$ālu",
                      "f": {
                        "lang": "akk-x-neoass",
                        "form": "URU",
                        "cf": "ālu",
                        "gw": "city",
                        "sense": "town",
                        "norm": "ālu",
                        "pos": "N",
                        "epos": "N"
                      }
                    }
                  ]
                },
                {
                  "node": "l",
                  "frag": "{lu₂vy}uš-ha-a.a",
                  "id": "P334181.l01c46",
                  "ref": "P334181.5.2",
                  "inst": "Ušhaya[Ušhaean]EN$",
                  "sig": "@saao/saa05%akk-x-neoass:{LU₂}uš-ha-a.a=Ušhaya[Ušhaean//Ušhaean]EN'EN$Ušhaya",
                  "f": {
                    "lang": "akk-x-neoass",
                    "form": "{LU₂}uš-ha-a.a",
                    "cf": "Ušhaya",
                    "gw": "Ušhaean",
                    "sense": "Ušhaean",
                    "norm": "Ušhaya",
                    "pos": "EN",
                    "epos": "EN"
                  }
                },
                {
                  "node": "d",
                  "type": "line-start",
                  "ref": "P334181.6",
                  "n": "5",
                  "label": "o 5"
                },
                {
                  "node": "l",
                  "frag": "URU",
                  "id": "P334181.l01c47",
                  "ref": "P334181.6.1",
                  "inst": "ālu[town]N",
                  "sig": "@saao/saa05%akk-x-neoass:URU=ālu[city//town]N'N$ālu",
                  "f": {
                    "lang": "akk-x-neoass",
                    "form": "URU",
                    "cf": "ālu",
                    "gw": "city",
                    "sense": "town",
                    "norm": "ālu",
                    "pos": "N",
                    "epos": "N"
                  }
                },
                {
                  "node": "l",
                  "frag": "{lu₂vy}qu-da\\d-a.a",
                  "id": "P334181.l01c48",
                  "ref": "P334181.6.2",
                  "inst": "Qudaya[Qudaean]EN$",
                  "sig": "@saao/saa05%akk-x-neoass:{LU₂}qu-da-a.a=Qudaya[Qudaean//Qudaean]EN'EN$Qudaya",
                  "f": {
                    "lang": "akk-x-neoass",
                    "form": "{LU₂}qu-da-a.a",
                    "cf": "Qudaya",
                    "gw": "Qudaean",
                    "sense": "Qudaean",
                    "norm": "Qudaya",
                    "pos": "EN",
                    "epos": "EN"
                  }
                },
                {
                  "node": "d",
                  "type": "line-start",
                  "ref": "P334181.7",
                  "n": "6",
                  "label": "o 6"
                },
                {
                  "node": "l",
                  "frag": "ša",
                  "id": "P334181.l01c49",
                  "ref": "P334181.7.1",
                  "inst": "ša[who]REL",
                  "sig": "@saao/saa05%akk-x-neoass:ša=ša[that//who]REL'REL$ša",
                  "f": {
                    "lang": "akk-x-neoass",
                    "form": "ša",
                    "cf": "ša",
                    "gw": "that",
                    "sense": "who",
                    "norm": "ša",
                    "pos": "REL",
                    "epos": "REL"
                  }
                },
                {
                  "node": "l",
                  "frag": "LUGAL\\t",
                  "id": "P334181.l01c4a",
                  "ref": "P334181.7.2",
                  "inst": "šarru[king]N",
                  "sig": "@saao/saa05%akk-x-neoass:LUGAL=šarru[king//king]N'N$šarru",
                  "f": {
                    "lang": "akk-x-neoass",
                    "form": "LUGAL",
                    "cf": "šarru",
                    "gw": "king",
                    "sense": "king",
                    "norm": "šarru",
                    "pos": "N",
                    "epos": "N"
                  }
                },
                {
                  "node": "l",
                  "frag": "EN-li₂\\t",
                  "id": "P334181.l01c4b",
                  "ref": "P334181.7.3",
                  "inst": "bēlu[lord]N$bēlī",
                  "sig": "@saao/saa05%akk-x-neoass:EN-li₂=bēlu[lord//lord]N'N$bēlī",
                  "f": {
                    "lang": "akk-x-neoass",
                    "form": "EN-li₂",
                    "cf": "bēlu",
                    "gw": "lord",
                    "sense": "lord",
                    "norm": "bēlī",
                    "pos": "N",
                    "epos": "N"
                  }
                },
                {
                  "node": "c",
                  "type": "phrase",
                  "tag": "phr",
                  "id": "P334181.U5",
                  "ref": "P334181.ls00001",
                  "cdl": [
                    {
                      "node": "l",
                      "frag": "ina",
                      "id": "P334181.l01c4c",
                      "ref": "P334181.7.4",
                      "inst": "ina[in+=concerning]PRP$",
                      "sig": "@saao/saa05%akk-x-neoass:ina=ina[in//in]PRP'PRP$ina",
                      "f": {
                        "lang": "akk-x-neoass",
                        "form": "ina",
                        "cf": "ina",
                        "gw": "in",
                        "sense": "in",
                        "norm": "ina",
                        "pos": "PRP",
                        "epos": "PRP"
                      }
                    },
                    {
                      "node": "l",
                      "frag": "UGU-hi-šu₂-nu",
                      "id": "P334181.l01c4d",
                      "ref": "P334181.7.5",
                      "inst": "muhhu[skull]N$muhhišunu",
                      "sig": "@saao/saa05%akk-x-neoass:UGU-hi-šu₂-nu=muhhu[skull//skull]N'N$muhhišunu",
                      "f": {
                        "lang": "akk-x-neoass",
                        "form": "UGU-hi-šu₂-nu",
                        "cf": "muhhu",
                        "gw": "skull",
                        "sense": "skull",
                        "norm": "muhhišunu",
                        "pos": "N",
                        "epos": "N"
                      }
                    }
                  ]
                },
                {
                  "node": "d",
                  "type": "line-start",
                  "ref": "P334181.8",
                  "n": "7",
                  "label": "o 7"
                },
                {
                  "node": "l",
                  "frag": "iš-pur-an-ni",
                  "id": "P334181.l01c4e",
                  "ref": "P334181.8.1",
                  "inst": "išpuranni[write]V",
                  "sig": "@saao/saa05%akk-x-neoass:iš-pur-an-ni=šapāru[send//write]V'V$išpuranni",
                  "f": {
                    "lang": "akk-x-neoass",
                    "form": "iš-pur-an-ni",
                    "cf": "šapāru",
                    "gw": "send",
                    "sense": "write",
                    "norm": "išpuranni",
                    "pos": "V",
                    "epos": "V"
                  }
                },
                {
                  "node": "d",
                  "type": "line-start",
                  "ref": "P334181.9",
                  "n": "8",
                  "label": "o 8"
                },
                {
                  "node": "c",
                  "type": "phrase",
                  "tag": "phr",
                  "id": "P334181.U6",
                  "ref": "P334181.ls00002",
                  "cdl": [
                    {
                      "node": "l",
                      "frag": "ina",
                      "id": "P334181.l01c4f",
                      "ref": "P334181.9.1",
                      "inst": "ina[in+=to]PRP",
                      "sig": "@saao/saa05%akk-x-neoass:ina=ina[in//in]PRP'PRP$ina",
                      "f": {
                        "lang": "akk-x-neoass",
                        "form": "ina",
                        "cf": "ina",
                        "gw": "in",
                        "sense": "in",
                        "norm": "ina",
                        "pos": "PRP",
                        "epos": "PRP"
                      }
                    },
                    {
                      "node": "l",
                      "frag": "UGU",
                      "id": "P334181.l01c50",
                      "ref": "P334181.9.2",
                      "inst": "muhhi[skull]N",
                      "sig": "@saao/saa05%akk-x-neoass:UGU=muhhu[skull//skull]N'N$muhhi",
                      "f": {
                        "lang": "akk-x-neoass",
                        "form": "UGU",
                        "cf": "muhhu",
                        "gw": "skull",
                        "sense": "skull",
                        "norm": "muhhi",
                        "pos": "N",
                        "epos": "N"
                      }
                    }
                  ]
                },
                {
                  "node": "l",
                  "frag": "pe-e",
                  "id": "P334181.l01c51",
                  "ref": "P334181.9.3",
                  "inst": "pû[mouth//command]N$pê",
                  "sig": "@saao/saa05%akk-x-neoass:pe-e=pû[mouth//command]N'N$pê",
                  "f": {
                    "lang": "akk-x-neoass",
                    "form": "pe-e",
                    "cf": "pû",
                    "gw": "mouth",
                    "sense": "command",
                    "norm": "pê",
                    "pos": "N",
                    "epos": "N"
                  }
                },
                {
                  "node": "l",
                  "frag": "ša\\m",
                  "id": "P334181.l01c52",
                  "ref": "P334181.9.4",
                  "inst": "ša[of]DET",
                  "sig": "@saao/saa05%akk-x-neoass:ša=ša[of//of]DET'DET$ša",
                  "f": {
                    "lang": "akk-x-neoass",
                    "form": "ša",
                    "cf": "ša",
                    "gw": "of",
                    "sense": "of",
                    "norm": "ša",
                    "pos": "DET",
                    "epos": "DET"
                  }
                },
                {
                  "node": "l",
                  "frag": "LUGAL",
                  "id": "P334181.l01c53",
                  "ref": "P334181.9.5",
                  "inst": "šarri[king]N",
                  "sig": "@saao/saa05%akk-x-neoass:LUGAL=šarru[king//king]N'N$šarri",
                  "f": {
                    "lang": "akk-x-neoass",
                    "form": "LUGAL",
                    "cf": "šarru",
                    "gw": "king",
                    "sense": "king",
                    "norm": "šarri",
                    "pos": "N",
                    "epos": "N"
                  }
                },
                {
                  "node": "l",
                  "frag": "EN-ia₂",
                  "id": "P334181.l01c54",
                  "ref": "P334181.9.6",
                  "inst": "bēlīya[lord]N",
                  "sig": "@saao/saa05%akk-x-neoass:EN-ia₂=bēlu[lord//lord]N'N$bēlīya",
                  "f": {
                    "lang": "akk-x-neoass",
                    "form": "EN-ia₂",
                    "cf": "bēlu",
                    "gw": "lord",
                    "sense": "lord",
                    "norm": "bēlīya",
                    "pos": "N",
                    "epos": "N"
                  }
                },
                {
                  "node": "d",
                  "type": "line-start",
                  "ref": "P334181.10",
                  "n": "9",
                  "label": "o 9"
                },
                {
                  "node": "l",
                  "frag": "ih-ta-an-šu₂",
                  "id": "P334181.l01c55",
                  "ref": "P334181.10.1",
                  "inst": "kanāšu[bow down//submit]V$ihtanšu",
                  "sig": "@saao/saa05%akk-x-neoass:ih-ta-an-šu₂=kanāšu[bow down//submit]V'V$ihtanšu",
                  "f": {
                    "lang": "akk-x-neoass",
                    "form": "ih-ta-an-šu₂",
                    "cf": "kanāšu",
                    "gw": "bow down",
                    "sense": "submit",
                    "norm": "ihtanšu",
                    "pos": "V",
                    "epos": "V"
                  }
                },
                {
                  "node": "d",
                  "type": "line-start",
                  "ref": "P334181.11",
                  "n": "10",
                  "label": "o 10"
                },
                {
                  "node": "l",
                  "frag": "URU-MEŠ-ni",
                  "id": "P334181.l01c56",
                  "ref": "P334181.11.1",
                  "inst": "ālāni[town]N",
                  "sig": "@saao/saa05%akk-x-neoass:URU-MEŠ-ni=ālu[city//town]N'N$ālāni",
                  "f": {
                    "lang": "akk-x-neoass",
                    "form": "URU-MEŠ-ni",
                    "cf": "ālu",
                    "gw": "city",
                    "sense": "town",
                    "norm": "ālāni",
                    "pos": "N",
                    "epos": "N"
                  }
                },
                {
                  "node": "l",
                  "frag": "ša\\p",
                  "id": "P334181.l01c57",
                  "ref": "P334181.11.2",
                  "inst": "ša[which]REL",
                  "sig": "@saao/saa05%akk-x-neoass:ša=ša[that//which]REL'REL$ša",
                  "f": {
                    "lang": "akk-x-neoass",
                    "form": "ša",
                    "cf": "ša",
                    "gw": "that",
                    "sense": "which",
                    "norm": "ša",
                    "pos": "REL",
                    "epos": "REL"
                  }
                },
                {
                  "node": "l",
                  "frag": "UD-MEŠ",
                  "id": "P334181.l01c58",
                  "ref": "P334181.11.3",
                  "inst": "ūmāti[day]N",
                  "sig": "@saao/saa05%akk-x-neoass:UD-MEŠ=ūmu[day//day]N'N$ūmāti",
                  "f": {
                    "lang": "akk-x-neoass",
                    "form": "UD-MEŠ",
                    "cf": "ūmu",
                    "gw": "day",
                    "sense": "day",
                    "norm": "ūmāti",
                    "pos": "N",
                    "epos": "N"
                  }
                },
                {
                  "node": "d",
                  "type": "line-start",
                  "ref": "P334181.12",
                  "n": "11",
                  "label": "o 11"
                },
                {
                  "node": "l",
                  "frag": "ša\\m",
                  "id": "P334181.l01c59",
                  "ref": "P334181.12.1",
                  "inst": "ša[of]DET",
                  "sig": "@saao/saa05%akk-x-neoass:ša=ša[of//of]DET'DET$ša",
                  "f": {
                    "lang": "akk-x-neoass",
                    "form": "ša",
                    "cf": "ša",
                    "gw": "of",
                    "sense": "of",
                    "norm": "ša",
                    "pos": "DET",
                    "epos": "DET"
                  }
                },
                {
                  "node": "l",
                  "frag": "{1}{d}UTU-DINGIR-a.a",
                  "id": "P334181.l01c5a",
                  "ref": "P334181.12.2",
                  "inst": "Šamaš-ilaʾi[]PN$",
                  "sig": "@saao/saa05%akk-x-neoass:{1}{d}UTU-DINGIR-a.a=Šamaš-ilaʾi[1//1]PN'PN$Šamaš-ilaʾi",
                  "f": {
                    "lang": "akk-x-neoass",
                    "form": "{1}{d}UTU-DINGIR-a.a",
                    "cf": "Šamaš-ilaʾi",
                    "gw": "1",
                    "sense": "1",
                    "norm": "Šamaš-ilaʾi",
                    "pos": "PN",
                    "epos": "PN"
                  }
                },
                {
                  "node": "d",
                  "type": "line-start",
                  "ref": "P334181.13",
                  "n": "12",
                  "label": "o 12"
                },
                {
                  "node": "l",
                  "frag": "la",
                  "id": "P334181.l01c5b",
                  "ref": "P334181.13.1",
                  "inst": "lā[not]MOD",
                  "sig": "@saao/saa05%akk-x-neoass:la=lā[not//not]MOD'MOD$lā",
                  "f": {
                    "lang": "akk-x-neoass",
                    "form": "la",
                    "cf": "lā",
                    "gw": "not",
                    "sense": "not",
                    "norm": "lā",
                    "pos": "MOD",
                    "epos": "MOD"
                  }
                },
                {
                  "node": "l",
                  "frag": "ha-an-šu-ni",
                  "id": "P334181.l01c5c",
                  "ref": "P334181.13.2",
                  "inst": "kanšu[submissive]AJ$hanšūni",
                  "sig": "@saao/saa05%akk-x-neoass:ha-an-šu-ni=kanšu[submissive//submissive]AJ'AJ$hanšūni",
                  "f": {
                    "lang": "akk-x-neoass",
                    "form": "ha-an-šu-ni",
                    "cf": "kanšu",
                    "gw": "submissive",
                    "sense": "submissive",
                    "norm": "hanšūni",
                    "pos": "AJ",
                    "epos": "AJ"
                  }
                },
                {
                  "node": "d",
                  "type": "line-start",
                  "ref": "P334181.14",
                  "n": "13",
                  "label": "o 13"
                },
                {
                  "node": "l",
                  "frag": "u₂-ma-a",
                  "id": "P334181.l01c5d",
                  "ref": "P334181.14.1",
                  "inst": "ūmâ[now]AV",
                  "sig": "@saao/saa05%akk-x-neoass:u₂-ma-a=ūma[today//now]AV'AV$ūmâ",
                  "f": {
                    "lang": "akk-x-neoass",
                    "form": "u₂-ma-a",
                    "cf": "ūma",
                    "gw": "today",
                    "sense": "now",
                    "norm": "ūmâ",
                    "pos": "AV",
                    "epos": "AV"
                  }
                },
                {
                  "node": "l",
                  "frag": "an-nu-rig",
                  "id": "P334181.l01c5e",
                  "ref": "P334181.14.2",
                  "inst": "annurig[now]AV",
                  "sig": "@saao/saa05%akk-x-neoass:an-nu-rig=annûri[now//now]AV'AV$annurig",
                  "f": {
                    "lang": "akk-x-neoass",
                    "form": "an-nu-rig",
                    "cf": "annûri",
                    "gw": "now",
                    "sense": "now",
                    "norm": "annurig",
                    "pos": "AV",
                    "epos": "AV"
                  }
                },
                {
                  "node": "d",
                  "type": "line-start",
                  "ref": "P334181.15",
                  "n": "14",
                  "label": "o 14"
                },
                {
                  "node": "l",
                  "frag": "{lu₂vy}qur-bu-te",
                  "id": "P334181.l01c5f",
                  "ref": "P334181.15.1",
                  "inst": "ša-qurbūti[(royal) confidant]N$ša-qurbūte",
                  "sig": "@saao/saa05%akk-x-neoass:{LU₂}qur-bu-te=ša-qurbūti[close follower//(royal) confidant]N'N$ša-qurbūte",
                  "f": {
                    "lang": "akk-x-neoass",
                    "form": "{LU₂}qur-bu-te",
                    "cf": "ša-qurbūti",
                    "gw": "close follower",
                    "sense": "(royal) confidant",
                    "norm": "ša-qurbūte",
                    "pos": "N",
                    "epos": "N"
                  }
                },
                {
                  "node": "l",
                  "frag": "up-ta-hi-⸢ir⸣",
                  "id": "P334181.l01c60",
                  "ref": "P334181.15.2",
                  "inst": "pahāru[gather]V$uptahhir",
                  "sig": "@saao/saa05%akk-x-neoass:up-ta-hi-ir=pahāru[gather//gather]V'V$uptahhir",
                  "f": {
                    "lang": "akk-x-neoass",
                    "form": "up-ta-hi-ir",
                    "cf": "pahāru",
                    "gw": "gather",
                    "sense": "gather",
                    "norm": "uptahhir",
                    "pos": "V",
                    "epos": "V"
                  }
                },
                {
                  "node": "d",
                  "type": "line-start",
                  "ref": "P334181.16",
                  "n": "15",
                  "label": "o 15"
                },
                {
                  "node": "c",
                  "type": "phrase",
                  "tag": "phr",
                  "id": "P334181.U7",
                  "ref": "P334181.ls00003",
                  "cdl": [
                    {
                      "node": "l",
                      "frag": "ina",
                      "id": "P334181.l01c61",
                      "ref": "P334181.16.1",
                      "inst": "ina[in+=to]PRP",
                      "sig": "@saao/saa05%akk-x-neoass:ina=ina[in//in]PRP'PRP$ina",
                      "f": {
                        "lang": "akk-x-neoass",
                        "form": "ina",
                        "cf": "ina",
                        "gw": "in",
                        "sense": "in",
                        "norm": "ina",
                        "pos": "PRP",
                        "epos": "PRP"
                      }
                    },
                    {
                      "node": "l",
                      "frag": "UGU-hi-ia",
                      "id": "P334181.l01c62",
                      "ref": "P334181.16.2",
                      "inst": "muhhīya[skull]N",
                      "sig": "@saao/saa05%akk-x-neoass:UGU-hi-ia=muhhu[skull//skull]N'N$muhhīya",
                      "f": {
                        "lang": "akk-x-neoass",
                        "form": "UGU-hi-ia",
                        "cf": "muhhu",
                        "gw": "skull",
                        "sense": "skull",
                        "norm": "muhhīya",
                        "pos": "N",
                        "epos": "N"
                      }
                    }
                  ]
                },
                {
                  "node": "l",
                  "frag": "na-ṣa",
                  "id": "P334181.l01c63",
                  "ref": "P334181.16.3",
                  "inst": "našû[lifted//brought]AJ$naṣa",
                  "sig": "@saao/saa05%akk-x-neoass:na-ṣa=našû[lifted//brought]AJ'AJ$naṣa",
                  "f": {
                    "lang": "akk-x-neoass",
                    "form": "na-ṣa",
                    "cf": "našû",
                    "gw": "lifted",
                    "sense": "brought",
                    "norm": "naṣa",
                    "pos": "AJ",
                    "epos": "AJ"
                  }
                },
                {
                  "node": "d",
                  "type": "line-start",
                  "ref": "P334181.17",
                  "n": "16",
                  "label": "o 16"
                },
                {
                  "node": "l",
                  "frag": "u₂-sa-li\\t-im-šu₂-nu",
                  "id": "P334181.l01c64",
                  "ref": "P334181.17.1",
                  "inst": "salāmu[be(come) at peace//make peace]V$ussallimšunu",
                  "sig": "@saao/saa05%akk-x-neoass:u₂-sa-li-im-šu₂-nu=salāmu[be(come) at peace//make peace]V'V$ussallimšunu",
                  "f": {
                    "lang": "akk-x-neoass",
                    "form": "u₂-sa-li-im-šu₂-nu",
                    "cf": "salāmu",
                    "gw": "be(come) at peace",
                    "sense": "make peace",
                    "norm": "ussallimšunu",
                    "pos": "V",
                    "epos": "V"
                  }
                },
                {
                  "node": "d",
                  "subtype": "bottom",
                  "type": "bottom",
                  "ref": "P334181.b.e..18",
                  "label": "b.e."
                },
                {
                  "node": "d",
                  "type": "line-start",
                  "ref": "P334181.19",
                  "n": "17",
                  "label": "b.e. 17"
                },
                {
                  "node": "l",
                  "frag": "ša\\p",
                  "id": "P334181.l01c65",
                  "ref": "P334181.19.1",
                  "inst": "ša[that//those who]REL$",
                  "sig": "@saao/saa05%akk-x-neoass:ša=ša[that//those who]REL'REL$ša",
                  "f": {
                    "lang": "akk-x-neoass",
                    "form": "ša",
                    "cf": "ša",
                    "gw": "that",
                    "sense": "those who",
                    "norm": "ša",
                    "pos": "REL",
                    "epos": "REL"
                  }
                },
                {
                  "node": "l",
                  "frag": "il-ka-šu₂-ni",
                  "id": "P334181.l01c66",
                  "ref": "P334181.19.2",
                  "inst": "ilku[state service]N$ilkašūni",
                  "sig": "@saao/saa05%akk-x-neoass:il-ka-šu₂-ni=ilku[state service//state service]N'N$ilkašūni",
                  "f": {
                    "lang": "akk-x-neoass",
                    "form": "il-ka-šu₂-ni",
                    "cf": "ilku",
                    "gw": "state service",
                    "sense": "state service",
                    "norm": "ilkašūni",
                    "pos": "N",
                    "epos": "N"
                  }
                },
                {
                  "node": "d",
                  "subtype": "reverse",
                  "type": "reverse",
                  "ref": "P334181.r.20",
                  "label": "r"
                },
                {
                  "node": "d",
                  "type": "line-start",
                  "ref": "P334181.21",
                  "n": "1",
                  "label": "r 1"
                },
                {
                  "node": "l",
                  "frag": "il-ku-šu",
                  "id": "P334181.l01c67",
                  "ref": "P334181.21.1",
                  "inst": "ilku[state service]N$ilkušu",
                  "sig": "@saao/saa05%akk-x-neoass:il-ku-šu=ilku[state service//state service]N'N$ilkušu",
                  "f": {
                    "lang": "akk-x-neoass",
                    "form": "il-ku-šu",
                    "cf": "ilku",
                    "gw": "state service",
                    "sense": "state service",
                    "norm": "ilkušu",
                    "pos": "N",
                    "epos": "N"
                  }
                },
                {
                  "node": "l",
                  "frag": "i-ti\\t-[din]",
                  "id": "P334181.l01c68",
                  "ref": "P334181.21.2",
                  "inst": "tadānu[give]V$ittidin",
                  "sig": "@saao/saa05%akk-x-neoass:i-ti-din=tadānu[give//give]V'V$ittidin",
                  "f": {
                    "lang": "akk-x-neoass",
                    "form": "i-ti-din",
                    "cf": "tadānu",
                    "gw": "give",
                    "sense": "give",
                    "norm": "ittidin",
                    "pos": "V",
                    "epos": "V"
                  }
                },
                {
                  "node": "d",
                  "type": "line-start",
                  "ref": "P334181.22",
                  "n": "2",
                  "label": "r 2"
                },
                {
                  "node": "l",
                  "frag": "ša\\m",
                  "id": "P334181.l01c69",
                  "ref": "P334181.22.1",
                  "inst": "ša[that//those who]REL$",
                  "sig": "@saao/saa05%akk-x-neoass:ša=ša[that//those who]REL'REL$ša",
                  "f": {
                    "lang": "akk-x-neoass",
                    "form": "ša",
                    "cf": "ša",
                    "gw": "that",
                    "sense": "those who",
                    "norm": "ša",
                    "pos": "REL",
                    "epos": "REL"
                  }
                },
                {
                  "node": "c",
                  "type": "phrase",
                  "tag": "phr",
                  "id": "P334181.U8",
                  "ref": "P334181.ls00004",
                  "cdl": [
                    {
                      "node": "l",
                      "frag": "{lu₂vy}ERIM-MEŠ-MAN-šu-[ni]",
                      "id": "P334181.l01c6a",
                      "ref": "P334181.22.2",
                      "cof-tails": "P334181.l01c6b",
                      "inst": "ṣābu[people]N$ṣāb&šarru[king]N$šarrišūni",
                      "sig": "@saao/saa05%akk-x-neoass:{LU₂}ERIM-MEŠ-MAN-šu-ni=ṣābu[people//people]N'N$ṣāb&&@saao%akk-x-neoass:=šarru[king//king]N'N$šarrišūni",
                      "f": {
                        "lang": "akk-x-neoass",
                        "form": "{LU₂}ERIM-MEŠ-MAN-šu-ni",
                        "cf": "ṣābu",
                        "gw": "people",
                        "sense": "people",
                        "norm": "ṣāb",
                        "pos": "N",
                        "epos": "N"
                      }
                    },
                    {
                      "node": "l",
                      "frag": "{lu₂vy}ERIM-MEŠ-MAN-šu-[ni]",
                      "id": "P334181.l01c6b",
                      "ref": "P334181.22.2",
                      "cof-head": "P334181.l01c6a",
                      "inst": "ṣābu[people]N$ṣāb&šarru[king]N$šarrišūni",
                      "tail-sig": "@saao%akk-x-neoass:=šarru[king//king]N'N$šarrišūni",
                      "f": {
                        "lang": "akk-x-neoass",
                        "form": "{LU₂}ERIM-MEŠ-MAN-šu-ni",
                        "cf": "šarru",
                        "gw": "king",
                        "sense": "king",
                        "norm": "šarrišūni",
                        "pos": "N",
                        "epos": "N"
                      }
                    }
                  ]
                },
                {
                  "node": "d",
                  "type": "line-start",
                  "ref": "P334181.23",
                  "n": "3",
                  "label": "r 3"
                },
                {
                  "node": "l",
                  "frag": "{lu₂v}ERIM-MEŠ-MAN",
                  "id": "P334181.l01c6c",
                  "ref": "P334181.23.1",
                  "cof-tails": "P334181.l01c6d",
                  "inst": "ṣābu[people]N$ṣāb&šarru[king]N$šarri",
                  "sig": "@saao/saa05%akk-x-neoass:{LU₂}ERIM-MEŠ-MAN=ṣābu[people//people]N'N$ṣāb&&@saao%akk-x-neoass:=šarru[king//king]N'N$šarri",
                  "f": {
                    "lang": "akk-x-neoass",
                    "form": "{LU₂}ERIM-MEŠ-MAN",
                    "cf": "ṣābu",
                    "gw": "people",
                    "sense": "people",
                    "norm": "ṣāb",
                    "pos": "N",
                    "epos": "N"
                  }
                },
                {
                  "node": "l",
                  "frag": "{lu₂v}ERIM-MEŠ-MAN",
                  "id": "P334181.l01c6d",
                  "ref": "P334181.23.1",
                  "cof-head": "P334181.l01c6c",
                  "inst": "ṣābu[people]N$ṣāb&šarru[king]N$šarri",
                  "tail-sig": "@saao%akk-x-neoass:=šarru[king//king]N'N$šarri",
                  "f": {
                    "lang": "akk-x-neoass",
                    "form": "{LU₂}ERIM-MEŠ-MAN",
                    "cf": "šarru",
                    "gw": "king",
                    "sense": "king",
                    "norm": "šarri",
                    "pos": "N",
                    "epos": "N"
                  }
                },
                {
                  "node": "l",
                  "frag": "i-ti-[din]",
                  "id": "P334181.l01c6e",
                  "ref": "P334181.23.2",
                  "inst": "ittidin[give]V",
                  "sig": "@saao/saa05%akk-x-neoass:i-ti-din=tadānu[give//give]V'V$ittidin",
                  "f": {
                    "lang": "akk-x-neoass",
                    "form": "i-ti-din",
                    "cf": "tadānu",
                    "gw": "give",
                    "sense": "give",
                    "norm": "ittidin",
                    "pos": "V",
                    "epos": "V"
                  }
                },
                {
                  "node": "d",
                  "type": "line-start",
                  "ref": "P334181.24",
                  "n": "4",
                  "label": "r 4"
                },
                {
                  "node": "l",
                  "frag": "KUR-u₂",
                  "id": "P334181.l01c6f",
                  "ref": "P334181.24.1",
                  "inst": "šadû[mountain]N$",
                  "sig": "@saao/saa05%akk-x-neoass:KUR-u₂=šadû[mountain//mountain]N'N$šadû",
                  "f": {
                    "lang": "akk-x-neoass",
                    "form": "KUR-u₂",
                    "cf": "šadû",
                    "gw": "mountain",
                    "sense": "mountain",
                    "norm": "šadû",
                    "pos": "N",
                    "epos": "N"
                  }
                },
                {
                  "node": "l",
                  "frag": "gab-bu",
                  "id": "P334181.l01c70",
                  "ref": "P334181.24.2",
                  "inst": "gabbu[totality//whole]N'AJ$",
                  "sig": "@saao/saa05%akk-x-neoass:gab-bu=gabbu[totality//whole]N'AJ$gabbu",
                  "f": {
                    "lang": "akk-x-neoass",
                    "form": "gab-bu",
                    "cf": "gabbu",
                    "gw": "totality",
                    "sense": "whole",
                    "norm": "gabbu",
                    "pos": "N",
                    "epos": "AJ"
                  }
                },
                {
                  "node": "l",
                  "frag": "⸢a⸣-[de-e]",
                  "id": "P334181.l01c71",
                  "ref": "P334181.24.3",
                  "inst": "adû[(treaty-)oath//treaty]N$adê",
                  "sig": "@saao/saa05%akk-x-neoass:a-de-e=adû[(treaty-)oath//treaty]N'N$adê",
                  "f": {
                    "lang": "akk-x-neoass",
                    "form": "a-de-e",
                    "cf": "adû",
                    "gw": "(treaty-)oath",
                    "sense": "treaty",
                    "norm": "adê",
                    "pos": "N",
                    "epos": "N"
                  }
                },
                {
                  "node": "d",
                  "type": "line-start",
                  "ref": "P334181.25",
                  "n": "5",
                  "label": "r 5"
                },
                {
                  "node": "l",
                  "frag": "LUGAL",
                  "id": "P334181.l01c72",
                  "ref": "P334181.25.1",
                  "inst": "šarri[king]N",
                  "sig": "@saao/saa05%akk-x-neoass:LUGAL=šarru[king//king]N'N$šarri",
                  "f": {
                    "lang": "akk-x-neoass",
                    "form": "LUGAL",
                    "cf": "šarru",
                    "gw": "king",
                    "sense": "king",
                    "norm": "šarri",
                    "pos": "N",
                    "epos": "N"
                  }
                },
                {
                  "node": "l",
                  "frag": "i-ta-ṣar",
                  "id": "P334181.l01c73",
                  "ref": "P334181.25.2",
                  "inst": "naṣāru[guard]V$ittaṣar",
                  "sig": "@saao/saa05%akk-x-neoass:i-ta-ṣar=naṣāru[guard//keep guard]V'V$ittaṣar",
                  "f": {
                    "lang": "akk-x-neoass",
                    "form": "i-ta-ṣar",
                    "cf": "naṣāru",
                    "gw": "guard",
                    "sense": "keep guard",
                    "norm": "ittaṣar",
                    "pos": "V",
                    "epos": "V"
                  }
                },
                {
                  "node": "l",
                  "frag": "[o]",
                  "id": "P334181.l01c74",
                  "ref": "P334181.25.3",
                  "inst": "u",
                  "f": {
                    "lang": "akk-x-neoass",
                    "form": "o",
                    "pos": "u"
                  }
                },
                {
                  "node": "d",
                  "type": "line-start",
                  "ref": "P334181.26",
                  "n": "6",
                  "label": "r 6"
                },
                {
                  "node": "l",
                  "frag": "ŠA₃-bu\\p",
                  "id": "P334181.l01c75",
                  "ref": "P334181.26.1",
                  "inst": "libbu[mood]N",
                  "sig": "@saao/saa05%akk-x-neoass:ŠA₃-bu=libbu[interior//mood]N'N$libbu",
                  "f": {
                    "lang": "akk-x-neoass",
                    "form": "ŠA₃-bu",
                    "cf": "libbu",
                    "gw": "interior",
                    "sense": "mood",
                    "norm": "libbu",
                    "pos": "N",
                    "epos": "N"
                  }
                },
                {
                  "node": "l",
                  "frag": "LUGAL",
                  "id": "P334181.l01c76",
                  "ref": "P334181.26.2",
                  "inst": "šarri[king]",
                  "sig": "@saao/saa05%akk-x-neoass:LUGAL=šarru[king//king]N'N$šarri",
                  "f": {
                    "lang": "akk-x-neoass",
                    "form": "LUGAL",
                    "cf": "šarru",
                    "gw": "king",
                    "sense": "king",
                    "norm": "šarri",
                    "pos": "N",
                    "epos": "N"
                  }
                },
                {
                  "node": "l",
                  "frag": "EN-ia₂",
                  "id": "P334181.l01c77",
                  "ref": "P334181.26.3",
                  "inst": "bēlīya[lord]N",
                  "sig": "@saao/saa05%akk-x-neoass:EN-ia₂=bēlu[lord//lord]N'N$bēlīya",
                  "f": {
                    "lang": "akk-x-neoass",
                    "form": "EN-ia₂",
                    "cf": "bēlu",
                    "gw": "lord",
                    "sense": "lord",
                    "norm": "bēlīya",
                    "pos": "N",
                    "epos": "N"
                  }
                },
                {
                  "node": "l",
                  "frag": "⸢lu⸣",
                  "id": "P334181.l01c78",
                  "ref": "P334181.26.4",
                  "inst": "lū[may]MOD",
                  "sig": "@saao/saa05%akk-x-neoass:lu=lū[may//may]MOD'MOD$lū",
                  "f": {
                    "lang": "akk-x-neoass",
                    "form": "lu",
                    "cf": "lū",
                    "gw": "may",
                    "sense": "may",
                    "norm": "lū",
                    "pos": "MOD",
                    "epos": "MOD"
                  }
                },
                {
                  "node": "l",
                  "frag": "[DUG₃.GA]",
                  "id": "P334181.l01c79",
                  "ref": "P334181.26.5",
                  "inst": "ṭāb[good]AJ",
                  "sig": "@saao/saa05%akk-x-neoass:DUG₃.GA=ṭābu[good//good]AJ'AJ$ṭāb",
                  "f": {
                    "lang": "akk-x-neoass",
                    "form": "DUG₃.GA",
                    "cf": "ṭābu",
                    "gw": "good",
                    "sense": "good",
                    "norm": "ṭāb",
                    "pos": "AJ",
                    "epos": "AJ"
                  }
                },
                {
                  "node": "d",
                  "type": "line-start",
                  "ref": "P334181.27",
                  "n": "7",
                  "label": "r 7"
                },
                {
                  "node": "l",
                  "frag": "{lu₂vy}e-mu-qi\\t",
                  "id": "P334181.l01c7a",
                  "ref": "P334181.27.1",
                  "inst": "emūqī[troops]N",
                  "sig": "@saao/saa05%akk-x-neoass:{LU₂}e-mu-qi=emūqu[strength//troops]N'N$emūqī",
                  "f": {
                    "lang": "akk-x-neoass",
                    "form": "{LU₂}e-mu-qi",
                    "cf": "emūqu",
                    "gw": "strength",
                    "sense": "troops",
                    "norm": "emūqī",
                    "pos": "N",
                    "epos": "N"
                  }
                },
                {
                  "node": "l",
                  "frag": "[šu]-⸢nu⸣",
                  "id": "P334181.l01c7b",
                  "ref": "P334181.27.2",
                  "inst": "šunu[they]IP",
                  "sig": "@saao/saa05%akk-x-neoass:šu-nu=šunu[they//they]IP'IP$šunu",
                  "f": {
                    "lang": "akk-x-neoass",
                    "form": "šu-nu",
                    "cf": "šunu",
                    "gw": "they",
                    "sense": "they",
                    "norm": "šunu",
                    "pos": "IP",
                    "epos": "IP"
                  }
                },
                {
                  "node": "d",
                  "type": "line-start",
                  "ref": "P334181.28",
                  "n": "8",
                  "label": "r 8"
                },
                {
                  "node": "l",
                  "frag": "ša\\dm",
                  "id": "P334181.l01c7c",
                  "ref": "P334181.28.1",
                  "inst": "ša[who]REL",
                  "sig": "@saao/saa05%akk-x-neoass:ša=ša[that//who]REL'REL$ša",
                  "f": {
                    "lang": "akk-x-neoass",
                    "form": "ša",
                    "cf": "ša",
                    "gw": "that",
                    "sense": "who",
                    "norm": "ša",
                    "pos": "REL",
                    "epos": "REL"
                  }
                },
                {
                  "node": "c",
                  "type": "phrase",
                  "tag": "phr",
                  "id": "P334181.U9",
                  "ref": "P334181.ls00005",
                  "cdl": [
                    {
                      "node": "l",
                      "frag": "ina",
                      "id": "P334181.l01c7d",
                      "ref": "P334181.28.2",
                      "inst": "ina[in+=at the disposal of]PRP",
                      "sig": "@saao/saa05%akk-x-neoass:ina=ina[in//in]PRP'PRP$ina",
                      "f": {
                        "lang": "akk-x-neoass",
                        "form": "ina",
                        "cf": "ina",
                        "gw": "in",
                        "sense": "in",
                        "norm": "ina",
                        "pos": "PRP",
                        "epos": "PRP"
                      }
                    },
                    {
                      "node": "l",
                      "frag": "IGI-ia",
                      "id": "P334181.l01c7e",
                      "ref": "P334181.28.3",
                      "inst": "pānu[front]N$pānīya",
                      "sig": "@saao/saa05%akk-x-neoass:IGI-ia=pānu[front//front]N'N$pānīya",
                      "f": {
                        "lang": "akk-x-neoass",
                        "form": "IGI-ia",
                        "cf": "pānu",
                        "gw": "front",
                        "sense": "front",
                        "norm": "pānīya",
                        "pos": "N",
                        "epos": "N"
                      }
                    }
                  ]
                },
                {
                  "node": "l",
                  "frag": "lu-ra-[mi]-⸢šu₂⸣-nu",
                  "id": "P334181.l01c7f",
                  "ref": "P334181.28.4",
                  "inst": "ramû[slacken//release]V$lurammišunu",
                  "sig": "@saao/saa05%akk-x-neoass:lu-ra-mi-šu₂-nu=ramû[slacken//release]V'V$lurammišunu",
                  "f": {
                    "lang": "akk-x-neoass",
                    "form": "lu-ra-mi-šu₂-nu",
                    "cf": "ramû",
                    "gw": "slacken",
                    "sense": "release",
                    "norm": "lurammišunu",
                    "pos": "V",
                    "epos": "V"
                  }
                },
                {
                  "node": "d",
                  "type": "line-start",
                  "ref": "P334181.29",
                  "n": "9",
                  "label": "r 9"
                },
                {
                  "node": "l",
                  "frag": "u₂-la-a",
                  "id": "P334181.l01c80",
                  "ref": "P334181.29.1",
                  "inst": "ūla[or]AV$ulâ",
                  "sig": "@saao/saa05%akk-x-neoass:u₂-la-a=ūla[or//otherwise]AV'AV$ulâ",
                  "f": {
                    "lang": "akk-x-neoass",
                    "form": "u₂-la-a",
                    "cf": "ūla",
                    "gw": "or",
                    "sense": "otherwise",
                    "norm": "ulâ",
                    "pos": "AV",
                    "epos": "AV"
                  }
                },
                {
                  "node": "l",
                  "frag": "ma-⸢ṣar⸣-tu₂",
                  "id": "P334181.l01c81",
                  "ref": "P334181.29.2",
                  "inst": "maṣṣartu[observation//guard]N$",
                  "sig": "@saao/saa05%akk-x-neoass:ma-ṣar-tu₂=maṣṣartu[observation//guard]N'N$maṣṣartu",
                  "f": {
                    "lang": "akk-x-neoass",
                    "form": "ma-ṣar-tu₂",
                    "cf": "maṣṣartu",
                    "gw": "observation",
                    "sense": "guard",
                    "norm": "maṣṣartu",
                    "pos": "N",
                    "epos": "N"
                  }
                },
                {
                  "node": "l",
                  "frag": "[o]",
                  "id": "P334181.l01c82",
                  "ref": "P334181.29.3",
                  "inst": "u",
                  "f": {
                    "lang": "akk-x-neoass",
                    "form": "o",
                    "pos": "u"
                  }
                },
                {
                  "node": "d",
                  "type": "line-start",
                  "ref": "P334181.30",
                  "n": "10",
                  "label": "r 10"
                },
                {
                  "node": "l",
                  "frag": "li-ṣu-ur",
                  "id": "P334181.l01c83",
                  "ref": "P334181.30.1",
                  "inst": "naṣāru[guard//keep guard]V$liṣṣur",
                  "sig": "@saao/saa05%akk-x-neoass:li-ṣu-ur=naṣāru[guard//keep guard]V'V$liṣṣur",
                  "f": {
                    "lang": "akk-x-neoass",
                    "form": "li-ṣu-ur",
                    "cf": "naṣāru",
                    "gw": "guard",
                    "sense": "keep guard",
                    "norm": "liṣṣur",
                    "pos": "V",
                    "epos": "V"
                  }
                },
                {
                  "node": "l",
                  "frag": "[o]",
                  "id": "P334181.l01c84",
                  "ref": "P334181.30.2",
                  "inst": "u",
                  "f": {
                    "lang": "akk-x-neoass",
                    "form": "o",
                    "pos": "u"
                  }
                },
                {
                  "node": "d",
                  "type": "line-start",
                  "ref": "P334181.31",
                  "n": "11",
                  "label": "r 11"
                },
                {
                  "node": "l",
                  "frag": "{uru}mu-ma-a.a",
                  "id": "P334181.l01c85",
                  "ref": "P334181.31.1",
                  "inst": "Mumaya[Mumaean]EN$",
                  "sig": "@saao/saa05%akk-x-neoass:{URU}mu-ma-a.a=Mumaya[Mumaean//Mumaean]EN'EN$Mumaya",
                  "f": {
                    "lang": "akk-x-neoass",
                    "form": "{URU}mu-ma-a.a",
                    "cf": "Mumaya",
                    "gw": "Mumaean",
                    "sense": "Mumaean",
                    "norm": "Mumaya",
                    "pos": "EN",
                    "epos": "EN"
                  }
                },
                {
                  "node": "l",
                  "frag": "[o]",
                  "id": "P334181.l01c86",
                  "ref": "P334181.31.2",
                  "inst": "u",
                  "f": {
                    "lang": "akk-x-neoass",
                    "form": "o",
                    "pos": "u"
                  }
                },
                {
                  "node": "d",
                  "type": "line-start",
                  "ref": "P334181.32",
                  "n": "12",
                  "label": "r 12"
                },
                {
                  "node": "l",
                  "frag": "i-ba-ši",
                  "id": "P334181.l01c87",
                  "ref": "P334181.32.1",
                  "inst": "bašû[exist//some]V'XP$",
                  "sig": "@saao/saa05%akk-x-neoass:i-ba-ši=bašû[exist//some]V'XP$bašû",
                  "f": {
                    "lang": "akk-x-neoass",
                    "form": "i-ba-ši",
                    "cf": "bašû",
                    "gw": "exist",
                    "sense": "some",
                    "norm": "bašû",
                    "pos": "V",
                    "epos": "XP"
                  }
                },
                {
                  "node": "l",
                  "frag": "la",
                  "id": "P334181.l01c88",
                  "ref": "P334181.32.2",
                  "inst": "lā[not]MOD",
                  "sig": "@saao/saa05%akk-x-neoass:la=lā[not//not]MOD'MOD$lā",
                  "f": {
                    "lang": "akk-x-neoass",
                    "form": "la",
                    "cf": "lā",
                    "gw": "not",
                    "sense": "not",
                    "norm": "lā",
                    "pos": "MOD",
                    "epos": "MOD"
                  }
                },
                {
                  "node": "l",
                  "frag": "ha-an-šu₂-ti\\t",
                  "id": "P334181.l01c89",
                  "ref": "P334181.32.3",
                  "inst": "kanšu[submissive]AJ$hanšūti",
                  "sig": "@saao/saa05%akk-x-neoass:ha-an-šu₂-ti=kanšu[submissive//submissive]AJ'AJ$hanšūti",
                  "f": {
                    "lang": "akk-x-neoass",
                    "form": "ha-an-šu₂-ti",
                    "cf": "kanšu",
                    "gw": "submissive",
                    "sense": "submissive",
                    "norm": "hanšūti",
                    "pos": "AJ",
                    "epos": "AJ"
                  }
                },
                {
                  "node": "d",
                  "type": "line-start",
                  "ref": "P334181.33",
                  "n": "13",
                  "label": "r 13"
                },
                {
                  "node": "l",
                  "frag": "la-li-ki",
                  "id": "P334181.l01c8a",
                  "ref": "P334181.33.1",
                  "inst": "alāku[go]V$lallīki",
                  "sig": "@saao/saa05%akk-x-neoass:la-li-ki=alāku[go//go]V'V$lallīki",
                  "f": {
                    "lang": "akk-x-neoass",
                    "form": "la-li-ki",
                    "cf": "alāku",
                    "gw": "go",
                    "sense": "go",
                    "norm": "lallīki",
                    "pos": "V",
                    "epos": "V"
                  }
                },
                {
                  "node": "c",
                  "type": "phrase",
                  "tag": "phr",
                  "id": "P334181.U10",
                  "ref": "P334181.ls00006",
                  "cdl": [
                    {
                      "node": "l",
                      "frag": "ina",
                      "id": "P334181.l01c8b",
                      "ref": "P334181.33.2",
                      "inst": "ina[in+=about]PRP",
                      "sig": "@saao/saa05%akk-x-neoass:ina=ina[in//in]PRP'PRP$ina",
                      "f": {
                        "lang": "akk-x-neoass",
                        "form": "ina",
                        "cf": "ina",
                        "gw": "in",
                        "sense": "in",
                        "norm": "ina",
                        "pos": "PRP",
                        "epos": "PRP"
                      }
                    },
                    {
                      "node": "l",
                      "frag": "UGU",
                      "id": "P334181.l01c8c",
                      "ref": "P334181.33.3",
                      "inst": "muhhi[skull]N",
                      "sig": "@saao/saa05%akk-x-neoass:UGU=muhhu[skull//skull]N'N$muhhi",
                      "f": {
                        "lang": "akk-x-neoass",
                        "form": "UGU",
                        "cf": "muhhu",
                        "gw": "skull",
                        "sense": "skull",
                        "norm": "muhhi",
                        "pos": "N",
                        "epos": "N"
                      }
                    }
                  ]
                },
                {
                  "node": "l",
                  "frag": "pe-e",
                  "id": "P334181.l01c8d",
                  "ref": "P334181.33.4",
                  "inst": "pê[command]N",
                  "sig": "@saao/saa05%akk-x-neoass:pe-e=pû[mouth//command]N'N$pê",
                  "f": {
                    "lang": "akk-x-neoass",
                    "form": "pe-e",
                    "cf": "pû",
                    "gw": "mouth",
                    "sense": "command",
                    "norm": "pê",
                    "pos": "N",
                    "epos": "N"
                  }
                },
                {
                  "node": "l",
                  "frag": "LUGAL\\p",
                  "id": "P334181.l01c8e",
                  "ref": "P334181.33.5",
                  "inst": "šarri[king]N",
                  "sig": "@saao/saa05%akk-x-neoass:LUGAL=šarru[king//king]N'N$šarri",
                  "f": {
                    "lang": "akk-x-neoass",
                    "form": "LUGAL",
                    "cf": "šarru",
                    "gw": "king",
                    "sense": "king",
                    "norm": "šarri",
                    "pos": "N",
                    "epos": "N"
                  }
                },
                {
                  "node": "d",
                  "type": "line-start",
                  "ref": "P334181.34",
                  "n": "14",
                  "label": "r 14"
                },
                {
                  "node": "l",
                  "frag": "is-si-šu₂-nu",
                  "id": "P334181.l01c8f",
                  "ref": "P334181.34.1",
                  "inst": "išti[with]PRP$issišunu",
                  "sig": "@saao/saa05%akk-x-neoass:is-si-šu₂-nu=išti[with//with]PRP'PRP$issišunu",
                  "f": {
                    "lang": "akk-x-neoass",
                    "form": "is-si-šu₂-nu",
                    "cf": "išti",
                    "gw": "with",
                    "sense": "with",
                    "norm": "issišunu",
                    "pos": "PRP",
                    "epos": "PRP"
                  }
                },
                {
                  "node": "l",
                  "frag": "la-da-bu-ub",
                  "id": "P334181.l01c90",
                  "ref": "P334181.34.2",
                  "inst": "dabābu[speak]V$ladabub",
                  "sig": "@saao/saa05%akk-x-neoass:la-da-bu-ub=dabābu[speak//speak]V'V$ladabub",
                  "f": {
                    "lang": "akk-x-neoass",
                    "form": "la-da-bu-ub",
                    "cf": "dabābu",
                    "gw": "speak",
                    "sense": "speak",
                    "norm": "ladabub",
                    "pos": "V",
                    "epos": "V"
                  }
                },
                {
                  "node": "d",
                  "type": "line-start",
                  "ref": "P334181.35",
                  "n": "15",
                  "label": "r 15"
                },
                {
                  "node": "l",
                  "frag": "u₂-la-a",
                  "id": "P334181.l01c91",
                  "ref": "P334181.35.1",
                  "inst": "ūla[or//otherwise]AV$ulâ",
                  "sig": "@saao/saa05%akk-x-neoass:u₂-la-a=ūla[or//otherwise]AV'AV$ulâ",
                  "f": {
                    "lang": "akk-x-neoass",
                    "form": "u₂-la-a",
                    "cf": "ūla",
                    "gw": "or",
                    "sense": "otherwise",
                    "norm": "ulâ",
                    "pos": "AV",
                    "epos": "AV"
                  }
                },
                {
                  "node": "l",
                  "frag": "mi-nu",
                  "id": "P334181.l01c92",
                  "ref": "P334181.35.2",
                  "inst": "mīnu[what?]QP",
                  "sig": "@saao/saa05%akk-x-neoass:mi-nu=mīnu[what?//what?]QP'QP$mīnu",
                  "f": {
                    "lang": "akk-x-neoass",
                    "form": "mi-nu",
                    "cf": "mīnu",
                    "gw": "what?",
                    "sense": "what?",
                    "norm": "mīnu",
                    "pos": "QP",
                    "epos": "QP"
                  }
                },
                {
                  "node": "l",
                  "frag": "ša\\m",
                  "id": "P334181.l01c93",
                  "ref": "P334181.35.3",
                  "inst": "ša[that]REL$",
                  "sig": "@saao/saa05%akk-x-neoass:ša=ša[that//that]REL'REL$ša",
                  "f": {
                    "lang": "akk-x-neoass",
                    "form": "ša",
                    "cf": "ša",
                    "gw": "that",
                    "sense": "that",
                    "norm": "ša",
                    "pos": "REL",
                    "epos": "REL"
                  }
                },
                {
                  "node": "l",
                  "frag": "LUGAL\\p",
                  "id": "P334181.l01c94",
                  "ref": "P334181.35.4",
                  "inst": "šarru[king]N",
                  "sig": "@saao/saa05%akk-x-neoass:LUGAL=šarru[king//king]N'N$šarru",
                  "f": {
                    "lang": "akk-x-neoass",
                    "form": "LUGAL",
                    "cf": "šarru",
                    "gw": "king",
                    "sense": "king",
                    "norm": "šarru",
                    "pos": "N",
                    "epos": "N"
                  }
                },
                {
                  "node": "d",
                  "subtype": "right",
                  "type": "right",
                  "ref": "P334181.r.e..36",
                  "label": "r.e."
                },
                {
                  "node": "d",
                  "type": "line-start",
                  "ref": "P334181.37",
                  "n": "16",
                  "label": "r.e. 16"
                },
                {
                  "node": "l",
                  "frag": "i-qab-bu\\p-u-ni",
                  "id": "P334181.l01c95",
                  "ref": "P334181.37.1",
                  "inst": "iqabbûni[say]V",
                  "sig": "@saao/saa05%akk-x-neoass:i-qab-bu-u-ni=qabû[say//say]V'V$iqabbûni",
                  "f": {
                    "lang": "akk-x-neoass",
                    "form": "i-qab-bu-u-ni",
                    "cf": "qabû",
                    "gw": "say",
                    "sense": "say",
                    "norm": "iqabbûni",
                    "pos": "V",
                    "epos": "V"
                  }
                },
                {
                  "node": "d",
                  "type": "line-start",
                  "ref": "P334181.38",
                  "n": "17",
                  "label": "r.e. 17"
                },
                {
                  "node": "l",
                  "frag": "liq-bi",
                  "id": "P334181.l01c96",
                  "ref": "P334181.38.1",
                  "inst": "qabû[say]V$liqbi",
                  "sig": "@saao/saa05%akk-x-neoass:liq-bi=qabû[say//say]V'V$liqbi",
                  "f": {
                    "lang": "akk-x-neoass",
                    "form": "liq-bi",
                    "cf": "qabû",
                    "gw": "say",
                    "sense": "say",
                    "norm": "liqbi",
                    "pos": "V",
                    "epos": "V"
                  }
                }
              ]
            }
          ]
        }
      ]
    },
    {
      "linkbase": [
        {
          "type": "linkset",
          "xlink_title": "bēl āli[city lord//city lord]N'N",
          "id": "P334181.ls00000",
          "xlink_type": "extended",
          "xlink_role": "psu",
          "sig": "{bēlu[lord]N ālu[city]N += bēl āli[city lord//city lord]N'N}::@saao%akk-x-neoass:EN-ia₂=bēlu[lord//lord]N'N$bēlīya++@saao%akk-x-neoass:URU=ālu[city//city]N'N$ālu",
          "links": [
            {
              "type": "link",
              "xlink_title": "bēlīya",
              "xlink_type": "locator",
              "xlink_href": "#P334181.l01c44",
              "xlink_role": "elt"
            },
            {
              "type": "link",
              "xlink_title": "ālu",
              "xlink_type": "locator",
              "xlink_href": "#P334181.l01c45",
              "xlink_role": "elt"
            }
          ]
        },
        {
          "type": "linkset",
          "xlink_title": "ina muhhi[on//about]PRP'PRP",
          "id": "P334181.ls00001",
          "xlink_type": "extended",
          "xlink_role": "psu",
          "sig": "{ina[in]PRP muhhu[skull]N += ina muhhi[on//about]PRP'PRP}::@saao%akk-x-neoass:ina=ina[in//into]PRP'PRP$ina++@saao%akk-x-neoass:UGU-hi-šu₂-nu=muhhu[skull//skull]N'N$muhhišunu",
          "links": [
            {
              "type": "link",
              "xlink_title": "ina",
              "xlink_type": "locator",
              "xlink_href": "#P334181.l01c4c",
              "xlink_role": "elt"
            },
            {
              "type": "link",
              "xlink_title": "muhhu",
              "xlink_type": "locator",
              "xlink_href": "#P334181.l01c4d",
              "xlink_role": "elt"
            }
          ]
        },
        {
          "type": "linkset",
          "xlink_title": "ina muhhi[on//about]PRP'PRP",
          "id": "P334181.ls00002",
          "xlink_type": "extended",
          "xlink_role": "psu",
          "sig": "{ina[in]PRP muhhu[skull]N += ina muhhi[on//about]PRP'PRP}::@saao%akk-x-neoass:ina=ina[in//into]PRP'PRP$ina++@saao%akk-x-neoass:UGU=muhhu[skull//skull]N'N$muhhi",
          "links": [
            {
              "type": "link",
              "xlink_title": "ina",
              "xlink_type": "locator",
              "xlink_href": "#P334181.l01c4f",
              "xlink_role": "elt"
            },
            {
              "type": "link",
              "xlink_title": "muhhi",
              "xlink_type": "locator",
              "xlink_href": "#P334181.l01c50",
              "xlink_role": "elt"
            }
          ]
        },
        {
          "type": "linkset",
          "xlink_title": "ina muhhi[on//about]PRP'PRP",
          "id": "P334181.ls00003",
          "xlink_type": "extended",
          "xlink_role": "psu",
          "sig": "{ina[in]PRP muhhu[skull]N += ina muhhi[on//about]PRP'PRP}::@saao%akk-x-neoass:ina=ina[in//into]PRP'PRP$ina++@saao%akk-x-neoass:UGU-hi-ia=muhhu[skull//skull]N'N$muhhīya",
          "links": [
            {
              "type": "link",
              "xlink_title": "ina",
              "xlink_type": "locator",
              "xlink_href": "#P334181.l01c61",
              "xlink_role": "elt"
            },
            {
              "type": "link",
              "xlink_title": "muhhīya",
              "xlink_type": "locator",
              "xlink_href": "#P334181.l01c62",
              "xlink_role": "elt"
            }
          ]
        },
        {
          "type": "linkset",
          "xlink_title": "ṣāb šarri[royal troops//royal troops]N'N",
          "id": "P334181.ls00004",
          "xlink_type": "extended",
          "xlink_role": "psu",
          "sig": "{ṣābu[people]N šarru[king]N += ṣāb šarri[royal troops//royal troops]N'N}::@saao%akk-x-neoass:{LU₂}ERIM-MEŠ-MAN-šu-ni=ṣābu[people//people]N'N$ṣāb++@saao%akk-x-neoass:{LU₂}ERIM-MEŠ-MAN-šu-ni=šarru[king//king]N'N$šarrišūni",
          "links": [
            {
              "type": "link",
              "xlink_title": "ṣābu",
              "xlink_type": "locator",
              "xlink_href": "#P334181.l01c6a",
              "xlink_role": "elt"
            },
            {
              "type": "link",
              "xlink_title": "šarru",
              "xlink_type": "locator",
              "xlink_href": "#P334181.l01c6b",
              "xlink_role": "elt"
            }
          ]
        },
        {
          "type": "linkset",
          "xlink_title": "ina pān[in the presence of//at the disposal of]PRP'PRP",
          "id": "P334181.ls00005",
          "xlink_type": "extended",
          "xlink_role": "psu",
          "sig": "{ina[in]PRP pānu[front]N += ina pān[in the presence of//at the disposal of]PRP'PRP}::@saao%akk-x-neoass:ina=ina[in//into]PRP'PRP$ina++@saao%akk-x-neoass:IGI-ia=pānu[front//front]N'N$pānīya",
          "links": [
            {
              "type": "link",
              "xlink_title": "ina",
              "xlink_type": "locator",
              "xlink_href": "#P334181.l01c7d",
              "xlink_role": "elt"
            },
            {
              "type": "link",
              "xlink_title": "pānu",
              "xlink_type": "locator",
              "xlink_href": "#P334181.l01c7e",
              "xlink_role": "elt"
            }
          ]
        },
        {
          "type": "linkset",
          "xlink_title": "ina muhhi[on//about]PRP'PRP",
          "id": "P334181.ls00006",
          "xlink_type": "extended",
          "xlink_role": "psu",
          "sig": "{ina[in]PRP muhhu[skull]N += ina muhhi[on//about]PRP'PRP}::@saao%akk-x-neoass:ina=ina[in//into]PRP'PRP$ina++@saao%akk-x-neoass:UGU=muhhu[skull//skull]N'N$muhhi",
          "links": [
            {
              "type": "link",
              "xlink_title": "ina",
              "xlink_type": "locator",
              "xlink_href": "#P334181.l01c8b",
              "xlink_role": "elt"
            },
            {
              "type": "link",
              "xlink_title": "muhhi",
              "xlink_type": "locator",
              "xlink_href": "#P334181.l01c8c",
              "xlink_role": "elt"
            }
          ]
        }
      ]
    }
  ]
}
