{
  "type": "cdl",
  "source": "http://oracc.org/rinap/rinap1",
  "license": "This data is released under the CC0 license",
  "license-url": "https://creativecommons.org/publicdomain/zero/1.0/",
  "more-info": "http://oracc.org/doc/opendata/",
  "UTC-timestamp": "2017-06-10T00:18:36",
  "project": "rinap/rinap1",
  "textid": "Q003624",
  "cdl": [
    {
      "node": "c",
      "type": "text",
      "id": "Q003624.U0",
      "cdl": [
        {
          "node": "d",
          "type": "object",
          "ref": ""
        },
        {
          "node": "d",
          "type": "surface",
          "ref": ""
        },
        {
          "node": "c",
          "type": "discourse",
          "subtype": "body",
          "id": "Q003624.U1",
          "cdl": [
            {
              "node": "c",
              "type": "sentence",
              "tag": ".",
              "id": "Q003624.U2",
              "label": "Akkadian 1 - Akkadian 2",
              "cdl": [
                {
                  "node": "d",
                  "type": "line-start",
                  "ref": "Q003624.1",
                  "n": "1",
                  "label": "Akkadian 1"
                },
                {
                  "node": "l",
                  "frag": "E₂.GAL",
                  "id": "Q003624.l00022",
                  "ref": "Q003624.1.1",
                  "inst": "ēkal[palace]N",
                  "sig": "@rinap/rinap1%akk:E₂.GAL=ēkallu[palace//palace]N'N$ēkal",
                  "f": {
                    "lang": "akk",
                    "form": "E₂.GAL",
                    "cf": "ēkallu",
                    "gw": "palace",
                    "sense": "palace",
                    "norm": "ēkal",
                    "pos": "N",
                    "epos": "N"
                  }
                },
                {
                  "node": "l",
                  "frag": "{m}{d}SILIM-[man-MAŠ]",
                  "id": "Q003624.l00023",
                  "ref": "Q003624.1.2",
                  "inst": "Salmanu-ašared[Shalmaneser V, king of Assyria]RN$Salmanu-ašared",
                  "sig": "@rinap/rinap1%akk:{m}{d}SILIM-man-MAŠ=Salmanu-ašared[Shalmaneser V, king of Assyria//Shalmaneser V, king of Assyria]RN'RN$Salmanu-ašared",
                  "f": {
                    "lang": "akk",
                    "form": "{m}{d}SILIM-man-MAŠ",
                    "cf": "Salmanu-ašared",
                    "gw": "Shalmaneser V, king of Assyria",
                    "sense": "Shalmaneser V, king of Assyria",
                    "norm": "Salmanu-ašared",
                    "pos": "RN",
                    "epos": "RN"
                  }
                },
                {
                  "node": "l",
                  "frag": "⸢MAN⸣",
                  "id": "Q003624.l00024",
                  "ref": "Q003624.1.3",
                  "inst": "šar[king]N",
                  "sig": "@rinap/rinap1%akk:MAN=šarru[king//king]N'N$šar",
                  "f": {
                    "lang": "akk",
                    "form": "MAN",
                    "cf": "šarru",
                    "gw": "king",
                    "sense": "king",
                    "norm": "šar",
                    "pos": "N",
                    "epos": "N"
                  }
                },
                {
                  "node": "l",
                  "frag": "KUR",
                  "id": "Q003624.l00025",
                  "ref": "Q003624.1.4",
                  "inst": "māt[land]N",
                  "sig": "@rinap/rinap1%akk:KUR=mātu[land//land]N'N$māt",
                  "f": {
                    "lang": "akk",
                    "form": "KUR",
                    "cf": "mātu",
                    "gw": "land",
                    "sense": "land",
                    "norm": "māt",
                    "pos": "N",
                    "epos": "N"
                  }
                },
                {
                  "node": "l",
                  "frag": "AŠ",
                  "id": "Q003624.l00026",
                  "ref": "Q003624.1.5",
                  "inst": "Aššur[Assyria]GN",
                  "sig": "@rinap/rinap1%akk:AŠ=Aššur[Assyria//Assyria]GN'GN$Aššur",
                  "f": {
                    "lang": "akk",
                    "form": "AŠ",
                    "cf": "Aššur",
                    "gw": "Assyria",
                    "sense": "Assyria",
                    "norm": "Aššur",
                    "pos": "GN",
                    "epos": "GN"
                  }
                },
                {
                  "node": "d",
                  "type": "nonw",
                  "ref": ""
                },
                {
                  "node": "d",
                  "type": "line-start",
                  "ref": "Q003624.2",
                  "n": "2",
                  "label": "Akkadian 2"
                },
                {
                  "node": "l",
                  "frag": "2",
                  "id": "Q003624.l00027",
                  "ref": "Q003624.2.1",
                  "inst": "n",
                  "f": {
                    "lang": "akk",
                    "form": "2",
                    "pos": "n"
                  }
                },
                {
                  "node": "l",
                  "frag": "MA.NA",
                  "id": "Q003624.l00028",
                  "ref": "Q003624.2.2",
                  "inst": "manê[a unit of weight]N",
                  "sig": "@rinap/rinap1%akk:MA.NA=manû[unit//a unit of weight]N'N$manê",
                  "f": {
                    "lang": "akk",
                    "form": "MA.NA",
                    "cf": "manû",
                    "gw": "unit",
                    "sense": "a unit of weight",
                    "norm": "manê",
                    "pos": "N",
                    "epos": "N"
                  }
                },
                {
                  "node": "l",
                  "frag": "ša₂",
                  "id": "Q003624.l00029",
                  "ref": "Q003624.2.3",
                  "inst": "ša[of]DET",
                  "sig": "@rinap/rinap1%akk:ša₂=ša[of//of]DET'DET$ša",
                  "f": {
                    "lang": "akk",
                    "form": "ša₂",
                    "cf": "ša",
                    "gw": "of",
                    "sense": "of",
                    "norm": "ša",
                    "pos": "DET",
                    "epos": "DET"
                  }
                },
                {
                  "node": "l",
                  "frag": "⸢LUGAL⸣",
                  "id": "Q003624.l0002a",
                  "ref": "Q003624.2.4",
                  "inst": "šarri[king]N +.",
                  "sig": "@rinap/rinap1%akk:LUGAL=šarru[king//king]N'N$šarri",
                  "f": {
                    "lang": "akk",
                    "form": "LUGAL",
                    "cf": "šarru",
                    "gw": "king",
                    "sense": "king",
                    "norm": "šarri",
                    "pos": "N",
                    "epos": "N"
                  }
                }
              ]
            },
            {
              "node": "c",
              "type": "sentence",
              "tag": "#auto",
              "id": "Q003624.U4",
              "label": "Aramaic 1 - Aramaic 3",
              "cdl": [
                {
                  "node": "d",
                  "type": "line-start",
                  "ref": "Q003624.3",
                  "n": "1",
                  "label": "Aramaic 1"
                },
                {
                  "node": "l",
                  "id": "Q003624.l0002b",
                  "ref": "Q003624.3.1",
                  "inst": "%arc:mnn=",
                  "f": {
                    "lang": "arc",
                    "form": "mnn"
                  }
                },
                {
                  "node": "l",
                  "id": "Q003624.l0002c",
                  "ref": "Q003624.3.2",
                  "inst": "%arc:2=",
                  "f": {
                    "lang": "arc",
                    "form": "2"
                  }
                },
                {
                  "node": "l",
                  "id": "Q003624.l0002d",
                  "ref": "Q003624.3.3",
                  "inst": "%arc:b=",
                  "f": {
                    "lang": "arc",
                    "form": "b"
                  }
                },
                {
                  "node": "d",
                  "type": "line-start",
                  "ref": "Q003624.4",
                  "n": "2",
                  "label": "Aramaic 2"
                },
                {
                  "node": "l",
                  "id": "Q003624.l0002e",
                  "ref": "Q003624.4.1",
                  "inst": "%arc:zy=",
                  "f": {
                    "lang": "arc",
                    "form": "zy"
                  }
                },
                {
                  "node": "l",
                  "id": "Q003624.l0002f",
                  "ref": "Q003624.4.2",
                  "inst": "%arc:ʾrqʾ=",
                  "f": {
                    "lang": "arc",
                    "form": "ʾrqʾ"
                  }
                },
                {
                  "node": "d",
                  "type": "line-start",
                  "ref": "Q003624.5",
                  "n": "3",
                  "label": "Aramaic 3"
                },
                {
                  "node": "l",
                  "id": "Q003624.l00030",
                  "ref": "Q003624.5.1",
                  "inst": "%arc:mnyn=",
                  "f": {
                    "lang": "arc",
                    "form": "mnyn"
                  }
                },
                {
                  "node": "l",
                  "id": "Q003624.l00031",
                  "ref": "Q003624.5.2",
                  "inst": "%arc:zy=",
                  "f": {
                    "lang": "arc",
                    "form": "zy"
                  }
                },
                {
                  "node": "l",
                  "id": "Q003624.l00032",
                  "ref": "Q003624.5.3",
                  "inst": "%arc:mlk=",
                  "f": {
                    "lang": "arc",
                    "form": "mlk"
                  }
                }
              ]
            }
          ]
        }
      ]
    }
  ]
}
