{
  "type": "cdl",
  "source": "http://oracc.org/rinap/rinap1",
  "license": "This data is released under the CC0 license",
  "license-url": "https://creativecommons.org/publicdomain/zero/1.0/",
  "more-info": "http://oracc.org/doc/opendata/",
  "UTC-timestamp": "2017-06-10T00:18:37",
  "project": "rinap/rinap1",
  "textid": "Q003473",
  "cdl": [
    {
      "node": "c",
      "type": "text",
      "id": "Q003473.U0",
      "cdl": [
        {
          "node": "d",
          "type": "object",
          "ref": ""
        },
        {
          "node": "d",
          "type": "surface",
          "ref": ""
        },
        {
          "node": "c",
          "type": "discourse",
          "subtype": "body",
          "id": "Q003473.U1",
          "cdl": [
            {
              "node": "c",
              "type": "sentence",
              "tag": ".",
              "id": "Q003473.U2",
              "label": "1 - 4",
              "cdl": [
                {
                  "node": "d",
                  "type": "line-start",
                  "ref": "Q003473.1",
                  "n": "1",
                  "label": "1"
                },
                {
                  "node": "l",
                  "frag": "[(E₂.GAL)",
                  "id": "Q003473.l02413",
                  "ref": "Q003473.1.1",
                  "inst": "ēkal[palace]N",
                  "sig": "@rinap/rinap1%akk:E₂.GAL=ēkallu[palace//palace]N'N$ēkal",
                  "f": {
                    "lang": "akk",
                    "form": "E₂.GAL",
                    "cf": "ēkallu",
                    "gw": "palace",
                    "sense": "palace",
                    "norm": "ēkal",
                    "pos": "N",
                    "epos": "N"
                  }
                },
                {
                  "node": "l",
                  "frag": "{m}tukul-ti-A-e₂-šar₂-ra]",
                  "id": "Q003473.l02414",
                  "ref": "Q003473.1.2",
                  "inst": "Tukulti-apil-Ešarra[Tiglath-pileser III, king of Assyria]RN",
                  "sig": "@rinap/rinap1%akk:{m}tukul-ti-A-e₂-šar₂-ra=Tukulti-apil-Ešarra[Tiglath-pileser III, king of Assyria//Tiglath-pileser III, king of Assyria]RN'RN$Tukulti-apil-Ešarra",
                  "f": {
                    "lang": "akk",
                    "form": "{m}tukul-ti-A-e₂-šar₂-ra",
                    "cf": "Tukulti-apil-Ešarra",
                    "gw": "Tiglath-pileser III, king of Assyria",
                    "sense": "Tiglath-pileser III, king of Assyria",
                    "norm": "Tukulti-apil-Ešarra",
                    "pos": "RN",
                    "epos": "RN"
                  }
                },
                {
                  "node": "d",
                  "type": "nonw",
                  "ref": ""
                },
                {
                  "node": "d",
                  "type": "line-start",
                  "ref": "Q003473.2",
                  "n": "2",
                  "label": "2"
                },
                {
                  "node": "l",
                  "frag": "[MAN",
                  "id": "Q003473.l02415",
                  "ref": "Q003473.2.1",
                  "inst": "šarru[king]N",
                  "sig": "@rinap/rinap1%akk:MAN=šarru[king//king]N'N$šarru",
                  "f": {
                    "lang": "akk",
                    "form": "MAN",
                    "cf": "šarru",
                    "gw": "king",
                    "sense": "king",
                    "norm": "šarru",
                    "pos": "N",
                    "epos": "N"
                  }
                },
                {
                  "node": "l",
                  "frag": "GAL",
                  "id": "Q003473.l02416",
                  "ref": "Q003473.2.2",
                  "inst": "rabû[great]AJ",
                  "sig": "@rinap/rinap1%akk:GAL=rabû[great//great]AJ'AJ$rabû",
                  "f": {
                    "lang": "akk",
                    "form": "GAL",
                    "cf": "rabû",
                    "gw": "great",
                    "sense": "great",
                    "norm": "rabû",
                    "pos": "AJ",
                    "epos": "AJ"
                  }
                },
                {
                  "node": "l",
                  "frag": "MAN",
                  "id": "Q003473.l02417",
                  "ref": "Q003473.2.3",
                  "inst": "šarru[king]N",
                  "sig": "@rinap/rinap1%akk:MAN=šarru[king//king]N'N$šarru",
                  "f": {
                    "lang": "akk",
                    "form": "MAN",
                    "cf": "šarru",
                    "gw": "king",
                    "sense": "king",
                    "norm": "šarru",
                    "pos": "N",
                    "epos": "N"
                  }
                },
                {
                  "node": "l",
                  "frag": "dan]-⸢nu⸣",
                  "id": "Q003473.l02418",
                  "ref": "Q003473.2.4",
                  "inst": "dannu[strong]AJ",
                  "sig": "@rinap/rinap1%akk:dan-nu=dannu[strong//strong]AJ'AJ$dannu",
                  "f": {
                    "lang": "akk",
                    "form": "dan-nu",
                    "cf": "dannu",
                    "gw": "strong",
                    "sense": "strong",
                    "norm": "dannu",
                    "pos": "AJ",
                    "epos": "AJ"
                  }
                },
                {
                  "node": "l",
                  "frag": "MAN",
                  "id": "Q003473.l02419",
                  "ref": "Q003473.2.5",
                  "inst": "šar[king]N",
                  "sig": "@rinap/rinap1%akk:MAN=šarru[king//king]N'N$šar",
                  "f": {
                    "lang": "akk",
                    "form": "MAN",
                    "cf": "šarru",
                    "gw": "king",
                    "sense": "king",
                    "norm": "šar",
                    "pos": "N",
                    "epos": "N"
                  }
                },
                {
                  "node": "l",
                  "frag": "ŠU₂",
                  "id": "Q003473.l0241a",
                  "ref": "Q003473.2.6",
                  "inst": "kiššati[world]N",
                  "sig": "@rinap/rinap1%akk:ŠU₂=kiššatu[totality//world]N'N$kiššati",
                  "f": {
                    "lang": "akk",
                    "form": "ŠU₂",
                    "cf": "kiššatu",
                    "gw": "totality",
                    "sense": "world",
                    "norm": "kiššati",
                    "pos": "N",
                    "epos": "N"
                  }
                },
                {
                  "node": "l",
                  "frag": "MAN",
                  "id": "Q003473.l0241b",
                  "ref": "Q003473.2.7",
                  "inst": "šar[king]N",
                  "sig": "@rinap/rinap1%akk:MAN=šarru[king//king]N'N$šar",
                  "f": {
                    "lang": "akk",
                    "form": "MAN",
                    "cf": "šarru",
                    "gw": "king",
                    "sense": "king",
                    "norm": "šar",
                    "pos": "N",
                    "epos": "N"
                  }
                },
                {
                  "node": "l",
                  "frag": "KUR",
                  "id": "Q003473.l0241c",
                  "ref": "Q003473.2.8",
                  "inst": "māt[land]N",
                  "sig": "@rinap/rinap1%akk:KUR=mātu[land//land]N'N$māt",
                  "f": {
                    "lang": "akk",
                    "form": "KUR",
                    "cf": "mātu",
                    "gw": "land",
                    "sense": "land",
                    "norm": "māt",
                    "pos": "N",
                    "epos": "N"
                  }
                },
                {
                  "node": "l",
                  "frag": "aš-šur",
                  "id": "Q003473.l0241d",
                  "ref": "Q003473.2.9",
                  "inst": "Aššur[Assyria]GN",
                  "sig": "@rinap/rinap1%akk:aš-šur=Aššur[Assyria//Assyria]GN'GN$Aššur",
                  "f": {
                    "lang": "akk",
                    "form": "aš-šur",
                    "cf": "Aššur",
                    "gw": "Assyria",
                    "sense": "Assyria",
                    "norm": "Aššur",
                    "pos": "GN",
                    "epos": "GN"
                  }
                },
                {
                  "node": "d",
                  "type": "line-start",
                  "ref": "Q003473.3",
                  "n": "3",
                  "label": "3"
                },
                {
                  "node": "l",
                  "frag": "[ša",
                  "id": "Q003473.l0241e",
                  "ref": "Q003473.3.1",
                  "inst": "ša[of]DET",
                  "sig": "@rinap/rinap1%akk:ša=ša[of//of]DET'DET$ša",
                  "f": {
                    "lang": "akk",
                    "form": "ša",
                    "cf": "ša",
                    "gw": "of",
                    "sense": "of",
                    "norm": "ša",
                    "pos": "DET",
                    "epos": "DET"
                  }
                },
                {
                  "node": "l",
                  "frag": "KI].GAL",
                  "id": "Q003473.l0241f",
                  "ref": "Q003473.3.2",
                  "inst": "kigallu[socle]N$kigalli",
                  "sig": "@rinap/rinap1%akk:KI.GAL=kigallu[socle//socle]N'N$kigalli",
                  "f": {
                    "lang": "akk",
                    "form": "KI.GAL",
                    "cf": "kigallu",
                    "gw": "socle",
                    "sense": "socle",
                    "norm": "kigalli",
                    "pos": "N",
                    "epos": "N"
                  }
                },
                {
                  "node": "l",
                  "frag": "GU₄.MEŠ",
                  "id": "Q003473.l02420",
                  "ref": "Q003473.3.3",
                  "inst": "alpī[ox]N",
                  "sig": "@rinap/rinap1%akk:GU₄.MEŠ=alpu[ox//ox]N'N$alpī",
                  "f": {
                    "lang": "akk",
                    "form": "GU₄.MEŠ",
                    "cf": "alpu",
                    "gw": "ox",
                    "sense": "ox",
                    "norm": "alpī",
                    "pos": "N",
                    "epos": "N"
                  }
                },
                {
                  "node": "d",
                  "type": "line-start",
                  "ref": "Q003473.4",
                  "n": "4",
                  "label": "4"
                },
                {
                  "node": "l",
                  "frag": "[ša]",
                  "id": "Q003473.l02421",
                  "ref": "Q003473.4.1",
                  "inst": "ša[of]DET",
                  "sig": "@rinap/rinap1%akk:ša=ša[of//of]DET'DET$ša",
                  "f": {
                    "lang": "akk",
                    "form": "ša",
                    "cf": "ša",
                    "gw": "of",
                    "sense": "of",
                    "norm": "ša",
                    "pos": "DET",
                    "epos": "DET"
                  }
                },
                {
                  "node": "l",
                  "frag": "KA₂",
                  "id": "Q003473.l02422",
                  "ref": "Q003473.4.2",
                  "inst": "bāb[gate]N",
                  "sig": "@rinap/rinap1%akk:KA₂=bābu[gate//gate]N'N$bāb",
                  "f": {
                    "lang": "akk",
                    "form": "KA₂",
                    "cf": "bābu",
                    "gw": "gate",
                    "sense": "gate",
                    "norm": "bāb",
                    "pos": "N",
                    "epos": "N"
                  }
                },
                {
                  "node": "l",
                  "frag": "E₂",
                  "id": "Q003473.l02423",
                  "ref": "Q003473.4.3",
                  "inst": "bīt[house]N",
                  "sig": "@rinap/rinap1%akk:E₂=bītu[house//house]N'N$bīt",
                  "f": {
                    "lang": "akk",
                    "form": "E₂",
                    "cf": "bītu",
                    "gw": "house",
                    "sense": "house",
                    "norm": "bīt",
                    "pos": "N",
                    "epos": "N"
                  }
                },
                {
                  "node": "l",
                  "frag": "{d}IŠKUR",
                  "id": "Q003473.l02424",
                  "ref": "Q003473.4.4",
                  "inst": "Adad[1]DN +.",
                  "sig": "@rinap/rinap1%akk:{d}IŠKUR=Adad[1//1]DN'DN$Adad",
                  "f": {
                    "lang": "akk",
                    "form": "{d}IŠKUR",
                    "cf": "Adad",
                    "gw": "1",
                    "sense": "1",
                    "norm": "Adad",
                    "pos": "DN",
                    "epos": "DN"
                  }
                }
              ]
            }
          ]
        }
      ]
    }
  ]
}
