{
  "type": "cdl",
  "source": "http://oracc.org/ckst",
  "license": "This data is released under the CC0 license",
  "license-url": "https://creativecommons.org/publicdomain/zero/1.0/",
  "more-info": "http://oracc.org/doc/opendata/",
  "UTC-timestamp": "2017-06-09T23:25:41",
  "project": "ckst",
  "textid": "P262966",
  "cdl": [
    {
      "node": "c",
      "type": "text",
      "id": "P262966.U0",
      "cdl": [
        {
          "node": "d",
          "type": "object",
          "ref": ""
        },
        {
          "node": "d",
          "subtype": "obverse",
          "type": "obverse",
          "ref": "P262966.o.1",
          "label": "o"
        },
        {
          "node": "c",
          "type": "discourse",
          "subtype": "body",
          "id": "P262966.U1",
          "cdl": [
            {
              "node": "c",
              "type": "sentence",
              "id": "P262966.U2",
              "label": "o 1 - o 1",
              "cdl": [
                {
                  "node": "d",
                  "type": "line-start",
                  "ref": "P262966.2",
                  "n": "1",
                  "label": "o 1"
                },
                {
                  "node": "l",
                  "frag": "niŋ₂-ŋu₁₀",
                  "id": "P262966.l0054e",
                  "ref": "P262966.2.1",
                  "inst": "nij[thing]",
                  "sig": "@ckst%sux:niŋ₂-ŋu₁₀=niŋ[thing//thing, possesion]N'N$niŋ,ŋu/niŋ₂#~,ŋu",
                  "f": {
                    "lang": "sux",
                    "form": "niŋ₂-ŋu₁₀",
                    "cf": "niŋ",
                    "gw": "thing",
                    "sense": "thing, possesion",
                    "norm0": "niŋ,ŋu",
                    "pos": "N",
                    "epos": "N",
                    "base": "niŋ₂",
                    "morph": "~,ŋu"
                  }
                },
                {
                  "node": "l",
                  "frag": "si-li-im",
                  "id": "P262966.l0054f",
                  "ref": "P262966.2.2",
                  "inst": "+silim[healthy//well-being]V/i'N/si-li-im#~",
                  "sig": "@ckst%sux:si-li-im=silim[healthy//well-being]V/i'N$silim/si-li-im#~",
                  "f": {
                    "lang": "sux",
                    "form": "si-li-im",
                    "cf": "silim",
                    "gw": "healthy",
                    "sense": "well-being",
                    "norm0": "silim",
                    "pos": "V/i",
                    "epos": "N",
                    "base": "si-li-im",
                    "morph": "~"
                  }
                },
                {
                  "node": "l",
                  "frag": "šag₄",
                  "id": "P262966.l00550",
                  "ref": "P262966.2.3",
                  "inst": "szag[heart]",
                  "sig": "@ckst%sux:šag₄=šag[heart//heart]N'N$šag/šag₄#~",
                  "f": {
                    "lang": "sux",
                    "form": "šag₄",
                    "cf": "šag",
                    "gw": "heart",
                    "sense": "heart",
                    "norm0": "šag",
                    "pos": "N",
                    "epos": "N",
                    "base": "šag₄",
                    "morph": "~"
                  }
                },
                {
                  "node": "l",
                  "frag": "ga-ra-ab-zu",
                  "id": "P262966.l00551",
                  "ref": "P262966.2.4",
                  "inst": "+zu[know]V/t/zu#ga.ra.b:~",
                  "sig": "@ckst%sux:ga-ra-ab-zu=zu[know//know]V/t'V/t$ga.ra.b:zu/zu#ga.ra.b:~",
                  "f": {
                    "lang": "sux",
                    "form": "ga-ra-ab-zu",
                    "cf": "zu",
                    "gw": "know",
                    "sense": "know",
                    "norm0": "ga.ra.b:zu",
                    "pos": "V/t",
                    "epos": "V/t",
                    "base": "zu",
                    "morph": "ga.ra.b:~"
                  }
                }
              ]
            }
          ]
        }
      ]
    }
  ]
}
