{
  "type": "cdl",
  "source": "http://oracc.org/ckst",
  "license": "This data is released under the CC0 license",
  "license-url": "https://creativecommons.org/publicdomain/zero/1.0/",
  "more-info": "http://oracc.org/doc/opendata/",
  "UTC-timestamp": "2017-06-09T23:25:38",
  "project": "ckst",
  "textid": "P373757",
  "cdl": [
    {
      "node": "c",
      "type": "text",
      "id": "P373757.U0",
      "cdl": [
        {
          "node": "d",
          "subtype": "object lapis lazuli block",
          "type": "object",
          "ref": "P373757.x29.1",
          "n": "lapis lazuli block",
          "label": "x29"
        },
        {
          "node": "d",
          "type": "surface",
          "ref": ""
        },
        {
          "node": "d",
          "type": "nonx",
          "ref": "P373757.2",
          "strict": "0",
          "state": "other"
        },
        {
          "node": "c",
          "type": "discourse",
          "subtype": "body",
          "id": "P373757.U1",
          "cdl": [
            {
              "node": "c",
              "type": "sentence",
              "id": "P373757.U2",
              "label": "1 - 20",
              "cdl": [
                {
                  "node": "d",
                  "type": "line-start",
                  "ref": "P373757.3",
                  "n": "1",
                  "label": "1"
                },
                {
                  "node": "l",
                  "frag": "{d}en-lil₂",
                  "id": "P373757.l001a9",
                  "ref": "P373757.3.1",
                  "inst": "Enlil[]DN",
                  "sig": "@ckst%sux:{d}en-lil₂=Enlil[1//1]DN'DN$Enlil/{d}en-lil₂#~",
                  "f": {
                    "lang": "sux",
                    "form": "{d}en-lil₂",
                    "cf": "Enlil",
                    "gw": "1",
                    "sense": "1",
                    "norm0": "Enlil",
                    "pos": "DN",
                    "epos": "DN",
                    "base": "{d}en-lil₂",
                    "morph": "~"
                  }
                },
                {
                  "node": "l",
                  "frag": "nibru{ki}a",
                  "id": "P373757.l001aa",
                  "ref": "P373757.3.2",
                  "inst": "Nibru[]SN",
                  "sig": "@ckst%sux:nibru{ki}-a=Nibru[1//1]SN'SN$Nibru,ak/nibru{ki}#~,ak",
                  "f": {
                    "lang": "sux",
                    "form": "nibru{ki}-a",
                    "cf": "Nibru",
                    "gw": "1",
                    "sense": "1",
                    "norm0": "Nibru,ak",
                    "pos": "SN",
                    "epos": "SN",
                    "base": "nibru{ki}",
                    "morph": "~,ak"
                  }
                },
                {
                  "node": "d",
                  "type": "line-start",
                  "ref": "P373757.4",
                  "n": "2",
                  "label": "2"
                },
                {
                  "node": "l",
                  "frag": "a-a",
                  "id": "P373757.l001ab",
                  "ref": "P373757.4.1",
                  "inst": "aya[father]",
                  "sig": "@ckst%sux:a-a=aya[father//father]N'N$aya/a-a#~",
                  "f": {
                    "lang": "sux",
                    "form": "a-a",
                    "cf": "aya",
                    "gw": "father",
                    "sense": "father",
                    "norm0": "aya",
                    "pos": "N",
                    "epos": "N",
                    "base": "a-a",
                    "morph": "~"
                  }
                },
                {
                  "node": "l",
                  "frag": "diŋir-re-e-ne",
                  "id": "P373757.l001ac",
                  "ref": "P373757.4.2",
                  "inst": "diŋir[deity]",
                  "sig": "@ckst%sux:diŋir-re-e-ne=diŋir[deity//deity]N'N$diŋir,ene/diŋir+-re=r+e#~,ene",
                  "f": {
                    "lang": "sux",
                    "form": "diŋir-re-e-ne",
                    "cf": "diŋir",
                    "gw": "deity",
                    "sense": "deity",
                    "norm0": "diŋir,ene",
                    "pos": "N",
                    "epos": "N",
                    "base": "diŋir",
                    "cont": "-re=r+e",
                    "morph": "~,ene"
                  }
                },
                {
                  "node": "d",
                  "type": "line-start",
                  "ref": "P373757.5",
                  "n": "3",
                  "label": "3"
                },
                {
                  "node": "l",
                  "frag": "lugal",
                  "id": "P373757.l001ad",
                  "ref": "P373757.5.1",
                  "inst": "lugal[king]",
                  "sig": "@ckst%sux:lugal=lugal[king//king]N'N$lugal/lugal#~",
                  "f": {
                    "lang": "sux",
                    "form": "lugal",
                    "cf": "lugal",
                    "gw": "king",
                    "sense": "king",
                    "norm0": "lugal",
                    "pos": "N",
                    "epos": "N",
                    "base": "lugal",
                    "morph": "~"
                  }
                },
                {
                  "node": "l",
                  "frag": "{d}nun-gal-e-ne",
                  "id": "P373757.l001ae",
                  "ref": "P373757.5.2",
                  "inst": "Nungal[Igigi]DN/{d}nun-gal#~,ene",
                  "sig": "@ckst%sux:{d}nun-gal-e-ne=Nungal[Igigi//Igigi]DN'DN$Nungal,ene/{d}nun-gal#~,ene",
                  "f": {
                    "lang": "sux",
                    "form": "{d}nun-gal-e-ne",
                    "cf": "Nungal",
                    "gw": "Igigi",
                    "sense": "Igigi",
                    "norm0": "Nungal,ene",
                    "pos": "DN",
                    "epos": "DN",
                    "base": "{d}nun-gal",
                    "morph": "~,ene"
                  }
                },
                {
                  "node": "d",
                  "type": "line-start",
                  "ref": "P373757.6",
                  "n": "4",
                  "label": "4"
                },
                {
                  "node": "l",
                  "frag": "lugal",
                  "id": "P373757.l001af",
                  "ref": "P373757.6.1",
                  "inst": "lugal[king]",
                  "sig": "@ckst%sux:lugal=lugal[king//king]N'N$lugal/lugal#~",
                  "f": {
                    "lang": "sux",
                    "form": "lugal",
                    "cf": "lugal",
                    "gw": "king",
                    "sense": "king",
                    "norm0": "lugal",
                    "pos": "N",
                    "epos": "N",
                    "base": "lugal",
                    "morph": "~"
                  }
                },
                {
                  "node": "l",
                  "frag": "kur-kur-ra",
                  "id": "P373757.l001b0",
                  "ref": "P373757.6.2",
                  "inst": "kur[mountain]",
                  "sig": "@ckst%sux:kur-kur-ra=kur[mountain//mountain(s)]N'N$kur,ak/kur-kur+-ra=r.a#~,ak",
                  "f": {
                    "lang": "sux",
                    "form": "kur-kur-ra",
                    "cf": "kur",
                    "gw": "mountain",
                    "sense": "mountain(s)",
                    "norm0": "kur,ak",
                    "pos": "N",
                    "epos": "N",
                    "base": "kur-kur",
                    "cont": "-ra=r.a",
                    "morph": "~,ak"
                  }
                },
                {
                  "node": "d",
                  "type": "line-start",
                  "ref": "P373757.7",
                  "n": "5",
                  "label": "5"
                },
                {
                  "node": "l",
                  "frag": "lugal-a-ni-ir",
                  "id": "P373757.l001b1",
                  "ref": "P373757.7.1",
                  "inst": "lugal[king]",
                  "sig": "@ckst%sux:lugal-a-ni-ir=lugal[king//king]N'N$lugal,ani.ra/lugal#~,ani.ra",
                  "f": {
                    "lang": "sux",
                    "form": "lugal-a-ni-ir",
                    "cf": "lugal",
                    "gw": "king",
                    "sense": "king",
                    "norm0": "lugal,ani.ra",
                    "pos": "N",
                    "epos": "N",
                    "base": "lugal",
                    "morph": "~,ani.ra"
                  }
                },
                {
                  "node": "d",
                  "type": "line-start",
                  "ref": "P373757.8",
                  "n": "6",
                  "label": "6"
                },
                {
                  "node": "l",
                  "frag": "ka-da-aš-ma-an-tur₂-gu",
                  "id": "P373757.l001b2",
                  "ref": "P373757.8.1",
                  "inst": "Kadašman-Turgu[]RN/ka-da-aš-ma-an-tur₂-gu#~",
                  "sig": "@ckst%sux:ka-da-aš-ma-an-tur₂-gu=Kadašman-Turgu[1//1]RN'RN$Kadašman-Turgu/ka-da-aš-ma-an-tur₂-gu#~",
                  "f": {
                    "lang": "sux",
                    "form": "ka-da-aš-ma-an-tur₂-gu",
                    "cf": "Kadašman-Turgu",
                    "gw": "1",
                    "sense": "1",
                    "norm0": "Kadašman-Turgu",
                    "pos": "RN",
                    "epos": "RN",
                    "base": "ka-da-aš-ma-an-tur₂-gu",
                    "morph": "~"
                  }
                },
                {
                  "node": "d",
                  "type": "line-start",
                  "ref": "P373757.9",
                  "n": "7",
                  "label": "7"
                },
                {
                  "node": "l",
                  "frag": "lugal",
                  "id": "P373757.l001b3",
                  "ref": "P373757.9.1",
                  "inst": "lugal[king]",
                  "sig": "@ckst%sux:lugal=lugal[king//king]N'N$lugal/lugal#~",
                  "f": {
                    "lang": "sux",
                    "form": "lugal",
                    "cf": "lugal",
                    "gw": "king",
                    "sense": "king",
                    "norm0": "lugal",
                    "pos": "N",
                    "epos": "N",
                    "base": "lugal",
                    "morph": "~"
                  }
                },
                {
                  "node": "l",
                  "frag": "ka₂-diŋir-ra{ki}",
                  "id": "P373757.l001b4",
                  "ref": "P373757.9.2",
                  "inst": "Babil[]SN",
                  "sig": "@ckst%sux:ka₂-diŋir-ra{ki}=Babil[1//1]SN'SN$Babil/ka₂-diŋir-ra{ki}#~",
                  "f": {
                    "lang": "sux",
                    "form": "ka₂-diŋir-ra{ki}",
                    "cf": "Babil",
                    "gw": "1",
                    "sense": "1",
                    "norm0": "Babil",
                    "pos": "SN",
                    "epos": "SN",
                    "base": "ka₂-diŋir-ra{ki}",
                    "morph": "~"
                  }
                },
                {
                  "node": "d",
                  "type": "line-start",
                  "ref": "P373757.10",
                  "n": "8",
                  "label": "8"
                },
                {
                  "node": "l",
                  "frag": "u₂-a",
                  "id": "P373757.l001b5",
                  "ref": "P373757.10.1",
                  "inst": "ua[provisioner]",
                  "sig": "@ckst%sux:u₂-a=ua[provisioner//provisioner]N'N$ua/u₂-a#~",
                  "f": {
                    "lang": "sux",
                    "form": "u₂-a",
                    "cf": "ua",
                    "gw": "provisioner",
                    "sense": "provisioner",
                    "norm0": "ua",
                    "pos": "N",
                    "epos": "N",
                    "base": "u₂-a",
                    "morph": "~"
                  }
                },
                {
                  "node": "l",
                  "frag": "ni₂-tuku-bi",
                  "id": "P373757.l001b6",
                  "ref": "P373757.10.2",
                  "inst": "nituku[pious]AJ/ni₂-tuku#~,bi",
                  "sig": "@ckst%sux:ni₂-tuku-bi=nituku[pious//pious]AJ'AJ$nituku,bi/ni₂-tuku#~,bi",
                  "f": {
                    "lang": "sux",
                    "form": "ni₂-tuku-bi",
                    "cf": "nituku",
                    "gw": "pious",
                    "sense": "pious",
                    "norm0": "nituku,bi",
                    "pos": "AJ",
                    "epos": "AJ",
                    "base": "ni₂-tuku",
                    "morph": "~,bi"
                  }
                },
                {
                  "node": "d",
                  "type": "line-start",
                  "ref": "P373757.11",
                  "n": "9",
                  "label": "9"
                },
                {
                  "node": "l",
                  "frag": "{na₄}dag-gaz",
                  "id": "P373757.l001b7",
                  "ref": "P373757.11.1",
                  "inst": "daggaz[block]",
                  "sig": "@ckst%sux:{na₄}dag-gaz=daggaz[block//a stone block]N'N$daggaz/{na₄}dag-gaz#~",
                  "f": {
                    "lang": "sux",
                    "form": "{na₄}dag-gaz",
                    "cf": "daggaz",
                    "gw": "block",
                    "sense": "a stone block",
                    "norm0": "daggaz",
                    "pos": "N",
                    "epos": "N",
                    "base": "{na₄}dag-gaz",
                    "morph": "~"
                  }
                },
                {
                  "node": "l",
                  "frag": "za-gin₃",
                  "id": "P373757.l001b8",
                  "ref": "P373757.11.2",
                  "inst": "zagin[lapis]",
                  "sig": "@ckst%sux:za-gin₃=zagin[lapis//lapis]N'N$zagin/za-gin₃#~",
                  "f": {
                    "lang": "sux",
                    "form": "za-gin₃",
                    "cf": "zagin",
                    "gw": "lapis",
                    "sense": "lapis",
                    "norm0": "zagin",
                    "pos": "N",
                    "epos": "N",
                    "base": "za-gin₃",
                    "morph": "~"
                  }
                },
                {
                  "node": "d",
                  "type": "line-start",
                  "ref": "P373757.12",
                  "n": "10",
                  "label": "10"
                },
                {
                  "node": "l",
                  "frag": "25",
                  "id": "P373757.l001b9",
                  "ref": "P373757.12.1",
                  "inst": "n",
                  "f": {
                    "lang": "sux",
                    "form": "25",
                    "pos": "n"
                  }
                },
                {
                  "node": "l",
                  "frag": "ma-na",
                  "id": "P373757.l001ba",
                  "ref": "P373757.12.2",
                  "inst": "mana[unit]",
                  "sig": "@ckst%sux:ma-na=mana[unit//a unit of weight]N'N$mana/ma-na#~",
                  "f": {
                    "lang": "sux",
                    "form": "ma-na",
                    "cf": "mana",
                    "gw": "unit",
                    "sense": "a unit of weight",
                    "norm0": "mana",
                    "pos": "N",
                    "epos": "N",
                    "base": "ma-na",
                    "morph": "~"
                  }
                },
                {
                  "node": "l",
                  "frag": "ki-la₂-bi",
                  "id": "P373757.l001bb",
                  "ref": "P373757.12.3",
                  "inst": "kila[weight]",
                  "sig": "@ckst%sux:ki-la₂-bi=kila[weight//weight]N'N$kila,bi/ki-la₂#~,bi",
                  "f": {
                    "lang": "sux",
                    "form": "ki-la₂-bi",
                    "cf": "kila",
                    "gw": "weight",
                    "sense": "weight",
                    "norm0": "kila,bi",
                    "pos": "N",
                    "epos": "N",
                    "base": "ki-la₂",
                    "morph": "~,bi"
                  }
                },
                {
                  "node": "d",
                  "type": "line-start",
                  "ref": "P373757.13",
                  "n": "11",
                  "label": "11"
                },
                {
                  "node": "l",
                  "frag": "nam-til₃-la-ni-še₃",
                  "id": "P373757.l001bc",
                  "ref": "P373757.13.1",
                  "inst": "namtil[life]",
                  "sig": "@ckst%sux:nam-til₃-la-ni-še₃=namtil[life//life]N'N$namtil,ani.eše/nam-til₃+-la=l.a#~,ani.eše",
                  "f": {
                    "lang": "sux",
                    "form": "nam-til₃-la-ni-še₃",
                    "cf": "namtil",
                    "gw": "life",
                    "sense": "life",
                    "norm0": "namtil,ani.eše",
                    "pos": "N",
                    "epos": "N",
                    "base": "nam-til₃",
                    "cont": "-la=l.a",
                    "morph": "~,ani.eše"
                  }
                },
                {
                  "node": "d",
                  "type": "line-start",
                  "ref": "P373757.14",
                  "n": "12",
                  "label": "12"
                },
                {
                  "node": "l",
                  "frag": "u₃",
                  "id": "P373757.l001bd",
                  "ref": "P373757.14.1",
                  "inst": "u[and]",
                  "sig": "@ckst%sux:u₃=u[and//and]CNJ'CNJ$u/u₃#~",
                  "f": {
                    "lang": "sux",
                    "form": "u₃",
                    "cf": "u",
                    "gw": "and",
                    "sense": "and",
                    "norm0": "u",
                    "pos": "CNJ",
                    "epos": "CNJ",
                    "base": "u₃",
                    "morph": "~"
                  }
                },
                {
                  "node": "l",
                  "frag": "ma-da-na",
                  "id": "P373757.l001be",
                  "ref": "P373757.14.2",
                  "inst": "mada[land]",
                  "sig": "@ckst%sux:ma-da-na=mada[land//land]N'N$mada,ani.a/ma-da#~,ani.a",
                  "f": {
                    "lang": "sux",
                    "form": "ma-da-na",
                    "cf": "mada",
                    "gw": "land",
                    "sense": "land",
                    "norm0": "mada,ani.a",
                    "pos": "N",
                    "epos": "N",
                    "base": "ma-da",
                    "morph": "~,ani.a"
                  }
                },
                {
                  "node": "l",
                  "frag": "ki-e-da-aš",
                  "id": "P373757.l001bf",
                  "ref": "P373757.14.3",
                  "inst": "ki[place]",
                  "sig": "@ckst%sux:ki-e-da-aš=ki[place//place]N'N$ki,e.da.eše/ki#~,e.da.eše",
                  "f": {
                    "lang": "sux",
                    "form": "ki-e-da-aš",
                    "cf": "ki",
                    "gw": "place",
                    "sense": "place",
                    "norm0": "ki,e.da.eše",
                    "pos": "N",
                    "epos": "N",
                    "base": "ki",
                    "morph": "~,e.da.eše"
                  }
                },
                {
                  "node": "d",
                  "type": "line-start",
                  "ref": "P373757.15",
                  "n": "13",
                  "label": "13"
                },
                {
                  "node": "l",
                  "frag": "a",
                  "id": "P373757.l001c0",
                  "ref": "P373757.15.1",
                  "inst": "a[water]",
                  "sig": "@ckst%sux:a=a[water//water]N'N$a/a#~",
                  "f": {
                    "lang": "sux",
                    "form": "a",
                    "cf": "a",
                    "gw": "water",
                    "sense": "water",
                    "norm0": "a",
                    "pos": "N",
                    "epos": "N",
                    "base": "a",
                    "morph": "~"
                  }
                },
                {
                  "node": "l",
                  "frag": "mu-na-ru",
                  "id": "P373757.l001c1",
                  "ref": "P373757.15.2",
                  "inst": "ri[impose]",
                  "sig": "@ckst%sux:mu-na-ru=ri[impose//impose]V/t'V/t$mu.na:ri/ru#mu.na:~",
                  "f": {
                    "lang": "sux",
                    "form": "mu-na-ru",
                    "cf": "ri",
                    "gw": "impose",
                    "sense": "impose",
                    "norm0": "mu.na:ri",
                    "pos": "V/t",
                    "epos": "V/t",
                    "base": "ru",
                    "morph": "mu.na:~"
                  }
                },
                {
                  "node": "d",
                  "type": "line-start",
                  "ref": "P373757.16",
                  "n": "14",
                  "label": "14"
                },
                {
                  "node": "l",
                  "frag": "lu₂",
                  "id": "P373757.l001c2",
                  "ref": "P373757.16.1",
                  "inst": "lu[person]",
                  "sig": "@ckst%sux:lu₂=lu[person//person]N'N$lu/lu₂#~",
                  "f": {
                    "lang": "sux",
                    "form": "lu₂",
                    "cf": "lu",
                    "gw": "person",
                    "sense": "person",
                    "norm0": "lu",
                    "pos": "N",
                    "epos": "N",
                    "base": "lu₂",
                    "morph": "~"
                  }
                },
                {
                  "node": "l",
                  "frag": "mu-sar-ra-ba",
                  "id": "P373757.l001c3",
                  "ref": "P373757.16.2",
                  "inst": "musara[inscription]",
                  "sig": "@ckst%sux:mu-sar-ra-ba=musara[inscription//inscription]N'N$musara,bi.a/mu-sar-ra#~,bi.a",
                  "f": {
                    "lang": "sux",
                    "form": "mu-sar-ra-ba",
                    "cf": "musara",
                    "gw": "inscription",
                    "sense": "inscription",
                    "norm0": "musara,bi.a",
                    "pos": "N",
                    "epos": "N",
                    "base": "mu-sar-ra",
                    "morph": "~,bi.a"
                  }
                },
                {
                  "node": "d",
                  "type": "line-start",
                  "ref": "P373757.17",
                  "n": "15",
                  "label": "15"
                },
                {
                  "node": "l",
                  "frag": "šu",
                  "id": "P373757.l001c4",
                  "ref": "P373757.17.1",
                  "inst": "šu[hand]",
                  "sig": "@ckst%sux:šu=šu[hand//hand]N'N$šu/šu#~",
                  "f": {
                    "lang": "sux",
                    "form": "šu",
                    "cf": "šu",
                    "gw": "hand",
                    "sense": "hand",
                    "norm0": "šu",
                    "pos": "N",
                    "epos": "N",
                    "base": "šu",
                    "morph": "~"
                  }
                },
                {
                  "node": "l",
                  "frag": "bi₂-ib₂-ur₃-e-a",
                  "id": "P373757.l001c5",
                  "ref": "P373757.17.2",
                  "inst": "ur[drag]V/t/ur₃#ba.V.b:~;e.a",
                  "sig": "@ckst%sux:bi₂-ib₂-ur₃-e-a=ur[drag//drag]V/t'V/t$ba.V.b:ur;e.a/ur₃#ba.V.b:~;e.a",
                  "f": {
                    "lang": "sux",
                    "form": "bi₂-ib₂-ur₃-e-a",
                    "cf": "ur",
                    "gw": "drag",
                    "sense": "drag",
                    "norm0": "ba.V.b:ur;e.a",
                    "pos": "V/t",
                    "epos": "V/t",
                    "base": "ur₃",
                    "morph": "ba.V.b:~;e.a"
                  }
                },
                {
                  "node": "d",
                  "type": "line-start",
                  "ref": "P373757.18",
                  "n": "16",
                  "label": "16"
                },
                {
                  "node": "l",
                  "frag": "{d}en-lil₂",
                  "id": "P373757.l001c6",
                  "ref": "P373757.18.1",
                  "inst": "Enlil[]DN",
                  "sig": "@ckst%sux:{d}en-lil₂=Enlil[1//1]DN'DN$Enlil/{d}en-lil₂#~",
                  "f": {
                    "lang": "sux",
                    "form": "{d}en-lil₂",
                    "cf": "Enlil",
                    "gw": "1",
                    "sense": "1",
                    "norm0": "Enlil",
                    "pos": "DN",
                    "epos": "DN",
                    "base": "{d}en-lil₂",
                    "morph": "~"
                  }
                },
                {
                  "node": "l",
                  "frag": "lugal-bi",
                  "id": "P373757.l001c7",
                  "ref": "P373757.18.2",
                  "inst": "lugal[king]",
                  "sig": "@ckst%sux:lugal-bi=lugal[king//king]N'N$lugal,bi/lugal#~,bi",
                  "f": {
                    "lang": "sux",
                    "form": "lugal-bi",
                    "cf": "lugal",
                    "gw": "king",
                    "sense": "king",
                    "norm0": "lugal,bi",
                    "pos": "N",
                    "epos": "N",
                    "base": "lugal",
                    "morph": "~,bi"
                  }
                },
                {
                  "node": "d",
                  "type": "line-start",
                  "ref": "P373757.19",
                  "n": "17",
                  "label": "17"
                },
                {
                  "node": "l",
                  "frag": "lugal",
                  "id": "P373757.l001c8",
                  "ref": "P373757.19.1",
                  "inst": "lugal[king]",
                  "sig": "@ckst%sux:lugal=lugal[king//king]N'N$lugal/lugal#~",
                  "f": {
                    "lang": "sux",
                    "form": "lugal",
                    "cf": "lugal",
                    "gw": "king",
                    "sense": "king",
                    "norm0": "lugal",
                    "pos": "N",
                    "epos": "N",
                    "base": "lugal",
                    "morph": "~"
                  }
                },
                {
                  "node": "l",
                  "frag": "kur-kur-ra-ke₄",
                  "id": "P373757.l001c9",
                  "ref": "P373757.19.2",
                  "inst": "kur[mountain]",
                  "sig": "@ckst%sux:kur-kur-ra-ke₄=kur[mountain//mountain(s)]N'N$kur,ak.e/kur-kur+-ra=r.a#~,ak.e",
                  "f": {
                    "lang": "sux",
                    "form": "kur-kur-ra-ke₄",
                    "cf": "kur",
                    "gw": "mountain",
                    "sense": "mountain(s)",
                    "norm0": "kur,ak.e",
                    "pos": "N",
                    "epos": "N",
                    "base": "kur-kur",
                    "cont": "-ra=r.a",
                    "morph": "~,ak.e"
                  }
                },
                {
                  "node": "d",
                  "type": "line-start",
                  "ref": "P373757.20",
                  "n": "18",
                  "label": "18"
                },
                {
                  "node": "l",
                  "frag": "suhuš-bi",
                  "id": "P373757.l001ca",
                  "ref": "P373757.20.1",
                  "inst": "suhuš[foundation]",
                  "sig": "@ckst%sux:suhuš-bi=suhuš[foundation//foundation]N'N$suhuš,bi/suhuš#~,bi",
                  "f": {
                    "lang": "sux",
                    "form": "suhuš-bi",
                    "cf": "suhuš",
                    "gw": "foundation",
                    "sense": "foundation",
                    "norm0": "suhuš,bi",
                    "pos": "N",
                    "epos": "N",
                    "base": "suhuš",
                    "morph": "~,bi"
                  }
                },
                {
                  "node": "l",
                  "frag": "he₂-en-bur₁₂-re",
                  "id": "P373757.l001cb",
                  "ref": "P373757.20.2",
                  "inst": "bur[tear]V/t/bur₁₂#he.n:~;e",
                  "sig": "@ckst%sux:he₂-en-bur₁₂-re=bur[tear//tear]V/t'V/t$he.n:bur;e/bur₁₂#he.n:~;e",
                  "f": {
                    "lang": "sux",
                    "form": "he₂-en-bur₁₂-re",
                    "cf": "bur",
                    "gw": "tear",
                    "sense": "tear",
                    "norm0": "he.n:bur;e",
                    "pos": "V/t",
                    "epos": "V/t",
                    "base": "bur₁₂",
                    "morph": "he.n:~;e"
                  }
                },
                {
                  "node": "d",
                  "type": "line-start",
                  "ref": "P373757.21",
                  "n": "19",
                  "label": "19"
                },
                {
                  "node": "l",
                  "frag": "u₃",
                  "id": "P373757.l001cc",
                  "ref": "P373757.21.1",
                  "inst": "u[land]",
                  "sig": "@ckst%sux:u₃=u[land//a type of land]N'N$u/u₃#~",
                  "f": {
                    "lang": "sux",
                    "form": "u₃",
                    "cf": "u",
                    "gw": "land",
                    "sense": "a type of land",
                    "norm0": "u",
                    "pos": "N",
                    "epos": "N",
                    "base": "u₃",
                    "morph": "~"
                  }
                },
                {
                  "node": "l",
                  "frag": "numun-bi",
                  "id": "P373757.l001cd",
                  "ref": "P373757.21.2",
                  "inst": "numun[seed]",
                  "sig": "@ckst%sux:numun-bi=numun[seed//seed]N'N$numun,bi/numun#~,bi",
                  "f": {
                    "lang": "sux",
                    "form": "numun-bi",
                    "cf": "numun",
                    "gw": "seed",
                    "sense": "seed",
                    "norm0": "numun,bi",
                    "pos": "N",
                    "epos": "N",
                    "base": "numun",
                    "morph": "~,bi"
                  }
                },
                {
                  "node": "d",
                  "type": "line-start",
                  "ref": "P373757.22",
                  "n": "20",
                  "label": "20"
                },
                {
                  "node": "l",
                  "frag": "he₂-en-til-le",
                  "id": "P373757.l001ce",
                  "ref": "P373757.22.1",
                  "inst": "til[complete]V/i/til#he.n:~;e",
                  "sig": "@ckst%sux:he₂-en-til-le=til[complete//complete]V/i'V/i$he.n:til;e/til#he.n:~;e",
                  "f": {
                    "lang": "sux",
                    "form": "he₂-en-til-le",
                    "cf": "til",
                    "gw": "complete",
                    "sense": "complete",
                    "norm0": "he.n:til;e",
                    "pos": "V/i",
                    "epos": "V/i",
                    "base": "til",
                    "morph": "he.n:~;e"
                  }
                }
              ]
            }
          ]
        }
      ]
    }
  ]
}
