{
  "type": "cdl",
  "project": "ckst",
  "source": "http://oracc.org/ckst",
  "license": "This data is released under the CC0 license",
  "license-url": "https://creativecommons.org/publicdomain/zero/1.0/",
  "more-info": "http://oracc.org/doc/opendata/",
  "UTC-timestamp": "2017-06-21T21:57:54",
  "textid": "P373759",
  "cdl": [
    {
      "node": "c",
      "type": "text",
      "id": "P373759.U0",
      "cdl": [
        {
          "node": "d",
          "subtype": "object agate eye",
          "type": "object",
          "ref": "P373759.x35.1",
          "n": "agate eye",
          "label": "x35"
        },
        {
          "node": "d",
          "type": "surface",
          "ref": ""
        },
        {
          "node": "d",
          "type": "nonx",
          "ref": "P373759.2",
          "strict": "0",
          "state": "other"
        },
        {
          "node": "c",
          "type": "discourse",
          "subtype": "body",
          "id": "P373759.U1",
          "cdl": [
            {
              "node": "c",
              "type": "sentence",
              "id": "P373759.U2",
              "label": "1 - 3",
              "cdl": [
                {
                  "node": "d",
                  "type": "line-start",
                  "ref": "P373759.3",
                  "n": "1",
                  "label": "1"
                },
                {
                  "node": "l",
                  "frag": "{d}en-lil₂",
                  "id": "P373759.l0025d",
                  "ref": "P373759.3.1",
                  "inst": "Enlil[]DN",
                  "sig": "@ckst%sux:{d}en-lil₂=Enlil[1//1]DN'DN$Enlil/{d}en-lil₂#~",
                  "f": {
                    "lang": "sux",
                    "form": "{d}en-lil₂",
                    "gdl": [
                      {
                        "det": "semantic",
                        "pos": "pre",
                        "seq": [
                          {
                            "v": "d",
                            "id": "P373759.3.1.0"
                          }
                        ]
                      },
                      {
                        "v": "en",
                        "id": "P373759.3.1.1",
                        "delim": "-"
                      },
                      {
                        "v": "lil₂",
                        "id": "P373759.3.1.2"
                      }
                    ],
                    "cf": "Enlil",
                    "gw": "1",
                    "sense": "1",
                    "norm0": "Enlil",
                    "pos": "DN",
                    "epos": "DN",
                    "base": "{d}en-lil₂",
                    "morph": "~"
                  }
                },
                {
                  "node": "d",
                  "type": "line-start",
                  "ref": "P373759.4",
                  "n": "2",
                  "label": "2"
                },
                {
                  "node": "l",
                  "frag": "[ku]-ri-gal-zu",
                  "id": "P373759.l0025e",
                  "ref": "P373759.4.1",
                  "inst": "Kurigalzu[]RN",
                  "sig": "@ckst%sux:ku-ri-gal-zu=Kurigalzu[1//1]RN'RN$Kurigalzu/ku-ri-gal-zu#~",
                  "f": {
                    "lang": "sux",
                    "form": "ku-ri-gal-zu",
                    "gdl": [
                      {
                        "v": "ku",
                        "id": "P373759.4.1.0",
                        "breakStart": "1",
                        "o": "]",
                        "break": "missing",
                        "breakEnd": "P373759.4.1.0",
                        "delim": "-"
                      },
                      {
                        "v": "ri",
                        "id": "P373759.4.1.1",
                        "delim": "-"
                      },
                      {
                        "v": "gal",
                        "id": "P373759.4.1.2",
                        "delim": "-"
                      },
                      {
                        "v": "zu",
                        "id": "P373759.4.1.3"
                      }
                    ],
                    "cf": "Kurigalzu",
                    "gw": "1",
                    "sense": "1",
                    "norm0": "Kurigalzu",
                    "pos": "RN",
                    "epos": "RN",
                    "base": "ku-ri-gal-zu",
                    "morph": "~"
                  }
                },
                {
                  "node": "d",
                  "type": "line-start",
                  "ref": "P373759.5",
                  "n": "3",
                  "label": "3"
                },
                {
                  "node": "l",
                  "frag": "[a",
                  "id": "P373759.l0025f",
                  "ref": "P373759.5.1",
                  "inst": "a[water]",
                  "sig": "@ckst%sux:a=a[water//water]N'N$a/a#~",
                  "f": {
                    "lang": "sux",
                    "form": "a",
                    "delim": " ",
                    "gdl": [
                      {
                        "v": "a",
                        "id": "P373759.5.1.0",
                        "breakStart": "1",
                        "o": "[",
                        "break": "missing"
                      }
                    ],
                    "cf": "a",
                    "gw": "water",
                    "sense": "water",
                    "norm0": "a",
                    "pos": "N",
                    "epos": "N",
                    "base": "a",
                    "morph": "~"
                  }
                },
                {
                  "node": "l",
                  "frag": "mu]-⸢na⸣-ru",
                  "id": "P373759.l00260",
                  "ref": "P373759.5.2",
                  "inst": "ri[impose]",
                  "sig": "@ckst%sux:mu-na-ru=ri[impose//impose]V/t'V/t$mu.na:ri/ru#mu.na:~",
                  "f": {
                    "lang": "sux",
                    "form": "mu-na-ru",
                    "gdl": [
                      {
                        "v": "mu",
                        "id": "P373759.5.2.0",
                        "break": "missing",
                        "o": "]",
                        "breakEnd": "P373759.5.1.0",
                        "delim": "-"
                      },
                      {
                        "v": "na",
                        "id": "P373759.5.2.1",
                        "break": "damaged",
                        "ho": "1",
                        "delim": "-",
                        "hc": "1"
                      },
                      {
                        "v": "ru",
                        "id": "P373759.5.2.2"
                      }
                    ],
                    "cf": "ri",
                    "gw": "impose",
                    "sense": "impose",
                    "norm0": "mu.na:ri",
                    "pos": "V/t",
                    "epos": "V/t",
                    "base": "ru",
                    "morph": "mu.na:~"
                  }
                }
              ]
            }
          ]
        }
      ]
    }
  ]
}
