{
  "type": "cdl",
  "project": "ckst",
  "source": "http://oracc.org/ckst",
  "license": "This data is released under the CC0 license",
  "license-url": "https://creativecommons.org/publicdomain/zero/1.0/",
  "more-info": "http://oracc.org/doc/opendata/",
  "UTC-timestamp": "2017-06-21T21:57:55",
  "textid": "P373940",
  "cdl": [
    {
      "node": "c",
      "type": "text",
      "id": "P373940.U0",
      "cdl": [
        {
          "node": "d",
          "subtype": "object stamped brick",
          "type": "object",
          "ref": "P373940.x47.1",
          "n": "stamped brick",
          "label": "x47"
        },
        {
          "node": "d",
          "type": "surface",
          "ref": ""
        },
        {
          "node": "d",
          "type": "nonx",
          "ref": "P373940.2",
          "strict": "0",
          "state": "other"
        },
        {
          "node": "c",
          "type": "discourse",
          "subtype": "body",
          "id": "P373940.U1",
          "cdl": [
            {
              "node": "c",
              "type": "sentence",
              "id": "P373940.U2",
              "label": "1 - 11",
              "cdl": [
                {
                  "node": "d",
                  "type": "line-start",
                  "ref": "P373940.3",
                  "n": "1",
                  "label": "1"
                },
                {
                  "node": "l",
                  "frag": "{d}gu-la",
                  "id": "P373940.l00591",
                  "ref": "P373940.3.1",
                  "inst": "Gula[1]DN",
                  "sig": "@ckst%sux:{d}gu-la=Gula[1//1]DN'DN$Gula/{d}gu-la#~",
                  "f": {
                    "lang": "sux",
                    "form": "{d}gu-la",
                    "gdl": [
                      {
                        "det": "semantic",
                        "pos": "pre",
                        "seq": [
                          {
                            "v": "d",
                            "id": "P373940.3.1.0"
                          }
                        ]
                      },
                      {
                        "v": "gu",
                        "id": "P373940.3.1.1",
                        "delim": "-"
                      },
                      {
                        "v": "la",
                        "id": "P373940.3.1.2"
                      }
                    ],
                    "cf": "Gula",
                    "gw": "1",
                    "sense": "1",
                    "norm0": "Gula",
                    "pos": "DN",
                    "epos": "DN",
                    "base": "{d}gu-la",
                    "morph": "~"
                  }
                },
                {
                  "node": "d",
                  "type": "line-start",
                  "ref": "P373940.4",
                  "n": "2",
                  "label": "2"
                },
                {
                  "node": "l",
                  "frag": "nin",
                  "id": "P373940.l00592",
                  "ref": "P373940.4.1",
                  "inst": "nin[lady]N",
                  "sig": "@ckst%sux:nin=nin[lady//lady]N'N$nin/nin#~",
                  "f": {
                    "lang": "sux",
                    "form": "nin",
                    "delim": " ",
                    "gdl": [
                      {
                        "v": "nin",
                        "id": "P373940.4.1.0"
                      }
                    ],
                    "cf": "nin",
                    "gw": "lady",
                    "sense": "lady",
                    "norm0": "nin",
                    "pos": "N",
                    "epos": "N",
                    "base": "nin",
                    "morph": "~"
                  }
                },
                {
                  "node": "l",
                  "frag": "i₃-si-in{ki}ke₄",
                  "id": "P373940.l00593",
                  "ref": "P373940.4.2",
                  "inst": "Isin[]SN/i₃-si-in#~,ak.e",
                  "sig": "@ckst%sux:i₃-si-in{ki}-ke₄=Isin[1//1]SN'SN$Isin,ak.e/i₃-si-in#~,ak.e",
                  "f": {
                    "lang": "sux",
                    "form": "i₃-si-in{ki}-ke₄",
                    "gdl": [
                      {
                        "v": "i₃",
                        "id": "P373940.4.2.0",
                        "delim": "-"
                      },
                      {
                        "v": "si",
                        "id": "P373940.4.2.1",
                        "delim": "-"
                      },
                      {
                        "v": "in",
                        "id": "P373940.4.2.2"
                      },
                      {
                        "det": "semantic",
                        "pos": "post",
                        "delim": "-",
                        "seq": [
                          {
                            "v": "ki",
                            "id": "P373940.4.2.3"
                          }
                        ]
                      },
                      {
                        "v": "ke₄",
                        "id": "P373940.4.2.4"
                      }
                    ],
                    "cf": "Isin",
                    "gw": "1",
                    "sense": "1",
                    "norm0": "Isin,ak.e",
                    "pos": "SN",
                    "epos": "SN",
                    "base": "i₃-si-in",
                    "morph": "~,ak.e"
                  }
                },
                {
                  "node": "d",
                  "type": "line-start",
                  "ref": "P373940.5",
                  "n": "3",
                  "label": "3"
                },
                {
                  "node": "l",
                  "frag": "nin-a-ni-ir",
                  "id": "P373940.l00594",
                  "ref": "P373940.5.1",
                  "inst": "nin[lady]N",
                  "sig": "@ckst%sux:nin-a-ni-ir=nin[lady//lady]N'N$nin,ani.ra/nin#~,ani.ra",
                  "f": {
                    "lang": "sux",
                    "form": "nin-a-ni-ir",
                    "gdl": [
                      {
                        "v": "nin",
                        "id": "P373940.5.1.0",
                        "delim": "-"
                      },
                      {
                        "v": "a",
                        "id": "P373940.5.1.1",
                        "delim": "-"
                      },
                      {
                        "v": "ni",
                        "id": "P373940.5.1.2",
                        "delim": "-"
                      },
                      {
                        "v": "ir",
                        "id": "P373940.5.1.3"
                      }
                    ],
                    "cf": "nin",
                    "gw": "lady",
                    "sense": "lady",
                    "norm0": "nin,ani.ra",
                    "pos": "N",
                    "epos": "N",
                    "base": "nin",
                    "morph": "~,ani.ra"
                  }
                },
                {
                  "node": "d",
                  "type": "line-start",
                  "ref": "P373940.6",
                  "n": "4",
                  "label": "4"
                },
                {
                  "node": "l",
                  "frag": "{m}ku-ri-gal-zu",
                  "id": "P373940.l00595",
                  "ref": "P373940.6.1",
                  "inst": "Kurigalzu[1]RN",
                  "sig": "@ckst%sux:{m}ku-ri-gal-zu=Kurigalzu[1//1]RN'RN$Kurigalzu/{m}ku-ri-gal-zu#~",
                  "f": {
                    "lang": "sux",
                    "form": "{m}ku-ri-gal-zu",
                    "gdl": [
                      {
                        "det": "semantic",
                        "pos": "pre",
                        "seq": [
                          {
                            "v": "m",
                            "id": "P373940.6.1.0"
                          }
                        ]
                      },
                      {
                        "v": "ku",
                        "id": "P373940.6.1.1",
                        "delim": "-"
                      },
                      {
                        "v": "ri",
                        "id": "P373940.6.1.2",
                        "delim": "-"
                      },
                      {
                        "v": "gal",
                        "id": "P373940.6.1.3",
                        "delim": "-"
                      },
                      {
                        "v": "zu",
                        "id": "P373940.6.1.4"
                      }
                    ],
                    "cf": "Kurigalzu",
                    "gw": "1",
                    "sense": "1",
                    "norm0": "Kurigalzu",
                    "pos": "RN",
                    "epos": "RN",
                    "base": "{m}ku-ri-gal-zu",
                    "morph": "~"
                  }
                },
                {
                  "node": "d",
                  "type": "line-start",
                  "ref": "P373940.7",
                  "n": "5",
                  "label": "5"
                },
                {
                  "node": "l",
                  "frag": "lugal",
                  "id": "P373940.l00596",
                  "ref": "P373940.7.1",
                  "inst": "lugal[king]N",
                  "sig": "@ckst%sux:lugal=lugal[king//king]N'N$lugal/lugal#~",
                  "f": {
                    "lang": "sux",
                    "form": "lugal",
                    "delim": " ",
                    "gdl": [
                      {
                        "v": "lugal",
                        "id": "P373940.7.1.0"
                      }
                    ],
                    "cf": "lugal",
                    "gw": "king",
                    "sense": "king",
                    "norm0": "lugal",
                    "pos": "N",
                    "epos": "N",
                    "base": "lugal",
                    "morph": "~"
                  }
                },
                {
                  "node": "l",
                  "frag": "kalag-ga",
                  "id": "P373940.l00597",
                  "ref": "P373940.7.2",
                  "inst": "kalag[(to be) strong, powerful, mighty]V/i",
                  "sig": "@ckst%sux:kalag-ga=kalag[strong//(to be) strong, powerful, mighty]V/i'V/i$kalag;a/kalag+-ga=g.a#~;a",
                  "f": {
                    "lang": "sux",
                    "form": "kalag-ga",
                    "gdl": [
                      {
                        "v": "kalag",
                        "id": "P373940.7.2.0",
                        "delim": "-"
                      },
                      {
                        "v": "ga",
                        "id": "P373940.7.2.1"
                      }
                    ],
                    "cf": "kalag",
                    "gw": "strong",
                    "sense": "(to be) strong, powerful, mighty",
                    "norm0": "kalag;a",
                    "pos": "V/i",
                    "epos": "V/i",
                    "base": "kalag",
                    "cont": "-ga=g.a",
                    "morph": "~;a"
                  }
                },
                {
                  "node": "d",
                  "type": "line-start",
                  "ref": "P373940.8",
                  "n": "6",
                  "label": "6"
                },
                {
                  "node": "l",
                  "frag": "lugal",
                  "id": "P373940.l00598",
                  "ref": "P373940.8.1",
                  "inst": "lugal[king]N",
                  "sig": "@ckst%sux:lugal=lugal[king//king]N'N$lugal/lugal#~",
                  "f": {
                    "lang": "sux",
                    "form": "lugal",
                    "delim": " ",
                    "gdl": [
                      {
                        "v": "lugal",
                        "id": "P373940.8.1.0"
                      }
                    ],
                    "cf": "lugal",
                    "gw": "king",
                    "sense": "king",
                    "norm0": "lugal",
                    "pos": "N",
                    "epos": "N",
                    "base": "lugal",
                    "morph": "~"
                  }
                },
                {
                  "node": "l",
                  "frag": "ki-en-gi",
                  "id": "P373940.l00599",
                  "ref": "P373940.8.2",
                  "inst": "Kiʾengir[Sumer]GN",
                  "sig": "@ckst%sux:ki-en-gi=Kiʾengir[Sumer//Sumer]GN'GN$Kiʾengir/ki-en-gi#~",
                  "f": {
                    "lang": "sux",
                    "form": "ki-en-gi",
                    "delim": " ",
                    "gdl": [
                      {
                        "v": "ki",
                        "id": "P373940.8.2.0",
                        "delim": "-"
                      },
                      {
                        "v": "en",
                        "id": "P373940.8.2.1",
                        "delim": "-"
                      },
                      {
                        "v": "gi",
                        "id": "P373940.8.2.2"
                      }
                    ],
                    "cf": "Kiʾengir",
                    "gw": "Sumer",
                    "sense": "Sumer",
                    "norm0": "Kiʾengir",
                    "pos": "GN",
                    "epos": "GN",
                    "base": "ki-en-gi",
                    "morph": "~"
                  }
                },
                {
                  "node": "d",
                  "frag": "<<URI>>",
                  "type": "excised",
                  "ref": "P373940.8.3",
                  "lang": "sux",
                  "delim": " "
                },
                {
                  "node": "l",
                  "frag": "uri-ke₄",
                  "id": "P373940.l0059a",
                  "ref": "P373940.8.4",
                  "inst": "Uri[Akkad]GN",
                  "sig": "@ckst%sux:uri-ke₄=Uri[Akkad//Akkad]GN'GN$Uri,ak.e/uri#~,ak.e",
                  "f": {
                    "lang": "sux",
                    "form": "uri-ke₄",
                    "gdl": [
                      {
                        "v": "uri",
                        "id": "P373940.8.4.0",
                        "delim": "-"
                      },
                      {
                        "v": "ke₄",
                        "id": "P373940.8.4.1"
                      }
                    ],
                    "cf": "Uri",
                    "gw": "Akkad",
                    "sense": "Akkad",
                    "norm0": "Uri,ak.e",
                    "pos": "GN",
                    "epos": "GN",
                    "base": "uri",
                    "morph": "~,ak.e"
                  }
                },
                {
                  "node": "d",
                  "type": "line-start",
                  "ref": "P373940.9",
                  "n": "7",
                  "label": "7"
                },
                {
                  "node": "l",
                  "frag": "e₂-gal-mah",
                  "id": "P373940.l0059b",
                  "ref": "P373940.9.1",
                  "inst": "Egalmah[1]TN",
                  "sig": "@ckst%sux:e₂-gal-mah=Egalmah[1//1]TN'TN$Egalmah/e₂-gal-mah#~",
                  "f": {
                    "lang": "sux",
                    "form": "e₂-gal-mah",
                    "delim": " ",
                    "gdl": [
                      {
                        "v": "e₂",
                        "id": "P373940.9.1.0",
                        "delim": "-"
                      },
                      {
                        "v": "gal",
                        "id": "P373940.9.1.1",
                        "delim": "-"
                      },
                      {
                        "v": "mah",
                        "id": "P373940.9.1.2"
                      }
                    ],
                    "cf": "Egalmah",
                    "gw": "1",
                    "sense": "1",
                    "norm0": "Egalmah",
                    "pos": "TN",
                    "epos": "TN",
                    "base": "e₂-gal-mah",
                    "morph": "~"
                  }
                },
                {
                  "node": "l",
                  "frag": "e₂",
                  "id": "P373940.l0059c",
                  "ref": "P373940.9.2",
                  "inst": "e[house]N",
                  "sig": "@ckst%sux:e₂=e[house//house]N'N$e/e₂#~",
                  "f": {
                    "lang": "sux",
                    "form": "e₂",
                    "delim": " ",
                    "gdl": [
                      {
                        "v": "e₂",
                        "id": "P373940.9.2.0"
                      }
                    ],
                    "cf": "e",
                    "gw": "house",
                    "sense": "house",
                    "norm0": "e",
                    "pos": "N",
                    "epos": "N",
                    "base": "e₂",
                    "morph": "~"
                  }
                },
                {
                  "node": "l",
                  "frag": "libir-ra",
                  "id": "P373940.l0059d",
                  "ref": "P373940.9.3",
                  "inst": "libir[(to be) old, long-lasting]V/i",
                  "sig": "@ckst%sux:libir-ra=libir[old//(to be) old, long-lasting]V/i'V/i$libir/libir-ra#~",
                  "f": {
                    "lang": "sux",
                    "form": "libir-ra",
                    "gdl": [
                      {
                        "v": "libir",
                        "id": "P373940.9.3.0",
                        "delim": "-"
                      },
                      {
                        "v": "ra",
                        "id": "P373940.9.3.1"
                      }
                    ],
                    "cf": "libir",
                    "gw": "old",
                    "sense": "(to be) old, long-lasting",
                    "norm0": "libir",
                    "pos": "V/i",
                    "epos": "V/i",
                    "base": "libir-ra",
                    "morph": "~"
                  }
                },
                {
                  "node": "d",
                  "type": "line-start",
                  "ref": "P373940.10",
                  "n": "8",
                  "label": "8"
                },
                {
                  "node": "l",
                  "frag": "niŋ₂",
                  "id": "P373940.l0059e",
                  "ref": "P373940.10.1",
                  "inst": "niŋ[thing, possesion]N",
                  "sig": "@ckst%sux:niŋ₂=niŋ[thing//thing, possesion]N'N$niŋ/niŋ₂#~",
                  "f": {
                    "lang": "sux",
                    "form": "niŋ₂",
                    "delim": " ",
                    "gdl": [
                      {
                        "v": "niŋ₂",
                        "id": "P373940.10.1.0"
                      }
                    ],
                    "cf": "niŋ",
                    "gw": "thing",
                    "sense": "thing, possesion",
                    "norm0": "niŋ",
                    "pos": "N",
                    "epos": "N",
                    "base": "niŋ₂",
                    "morph": "~"
                  }
                },
                {
                  "node": "l",
                  "frag": "ud",
                  "id": "P373940.l0059f",
                  "ref": "P373940.10.2",
                  "inst": "ud[day]N",
                  "sig": "@ckst%sux:ud=ud[sun//day]N'N$ud/ud#~",
                  "f": {
                    "lang": "sux",
                    "form": "ud",
                    "delim": " ",
                    "gdl": [
                      {
                        "v": "ud",
                        "id": "P373940.10.2.0"
                      }
                    ],
                    "cf": "ud",
                    "gw": "sun",
                    "sense": "day",
                    "norm0": "ud",
                    "pos": "N",
                    "epos": "N",
                    "base": "ud",
                    "morph": "~"
                  }
                },
                {
                  "node": "l",
                  "frag": "ul-li₂-a-ta",
                  "id": "P373940.l005a0",
                  "ref": "P373940.10.3",
                  "inst": "ul[distant]V/i/ul-li₂#~;a,ta",
                  "sig": "@ckst%sux:ul-li₂-a-ta=ul[distant//distant]V/i'V/i$ul;a,ta/ul-li₂#~;a,ta",
                  "f": {
                    "lang": "sux",
                    "form": "ul-li₂-a-ta",
                    "gdl": [
                      {
                        "v": "ul",
                        "id": "P373940.10.3.0",
                        "delim": "-"
                      },
                      {
                        "v": "li₂",
                        "id": "P373940.10.3.1",
                        "delim": "-"
                      },
                      {
                        "v": "a",
                        "id": "P373940.10.3.2",
                        "delim": "-"
                      },
                      {
                        "v": "ta",
                        "id": "P373940.10.3.3"
                      }
                    ],
                    "cf": "ul",
                    "gw": "distant",
                    "sense": "distant",
                    "norm0": "ul;a,ta",
                    "pos": "V/i",
                    "epos": "V/i",
                    "base": "ul-li₂",
                    "morph": "~;a,ta"
                  }
                },
                {
                  "node": "d",
                  "type": "line-start",
                  "ref": "P373940.11",
                  "n": "9",
                  "label": "9"
                },
                {
                  "node": "l",
                  "frag": "al-šub-bu-de₃",
                  "id": "P373940.l005a1",
                  "ref": "P373940.11.1",
                  "inst": "šub[fall]V/t/šub#al:~;ed.e",
                  "sig": "@ckst%sux:al-šub-bu-de₃=šub[fall//fall]V/t'V/t$al:šub;ed.e/šub#al:~;ed.e",
                  "f": {
                    "lang": "sux",
                    "form": "al-šub-bu-de₃",
                    "gdl": [
                      {
                        "v": "al",
                        "id": "P373940.11.1.0",
                        "delim": "-"
                      },
                      {
                        "v": "šub",
                        "id": "P373940.11.1.1",
                        "delim": "-"
                      },
                      {
                        "v": "bu",
                        "id": "P373940.11.1.2",
                        "delim": "-"
                      },
                      {
                        "v": "de₃",
                        "id": "P373940.11.1.3"
                      }
                    ],
                    "cf": "šub",
                    "gw": "fall",
                    "sense": "fall",
                    "norm0": "al:šub;ed.e",
                    "pos": "V/t",
                    "epos": "V/t",
                    "base": "šub",
                    "morph": "al:~;ed.e"
                  }
                },
                {
                  "node": "d",
                  "type": "line-start",
                  "ref": "P373940.12",
                  "n": "10",
                  "label": "10"
                },
                {
                  "node": "l",
                  "frag": "mu-un-na-an-du₃",
                  "id": "P373940.l005a2",
                  "ref": "P373940.12.1",
                  "inst": "du[build]V/t/du₃#mu.nna.n:~",
                  "sig": "@ckst%sux:mu-un-na-an-du₃=du[build//build]V/t'V/t$mu.nna.n:du/du₃#mu.nna.n:~",
                  "f": {
                    "lang": "sux",
                    "form": "mu-un-na-an-du₃",
                    "gdl": [
                      {
                        "v": "mu",
                        "id": "P373940.12.1.0",
                        "delim": "-"
                      },
                      {
                        "v": "un",
                        "id": "P373940.12.1.1",
                        "delim": "-"
                      },
                      {
                        "v": "na",
                        "id": "P373940.12.1.2",
                        "delim": "-"
                      },
                      {
                        "v": "an",
                        "id": "P373940.12.1.3",
                        "delim": "-"
                      },
                      {
                        "v": "du₃",
                        "id": "P373940.12.1.4"
                      }
                    ],
                    "cf": "du",
                    "gw": "build",
                    "sense": "build",
                    "norm0": "mu.nna.n:du",
                    "pos": "V/t",
                    "epos": "V/t",
                    "base": "du₃",
                    "morph": "mu.nna.n:~"
                  }
                },
                {
                  "node": "d",
                  "type": "line-start",
                  "ref": "P373940.13",
                  "n": "11",
                  "label": "11"
                },
                {
                  "node": "l",
                  "frag": "ki-bi-še₃",
                  "id": "P373940.l005a3",
                  "ref": "P373940.13.1",
                  "inst": "ki[place]N",
                  "sig": "@ckst%sux:ki-bi-še₃=ki[place//place]N'N$ki,bi.eše/ki#~,bi.eše",
                  "f": {
                    "lang": "sux",
                    "form": "ki-bi-še₃",
                    "delim": " ",
                    "gdl": [
                      {
                        "v": "ki",
                        "id": "P373940.13.1.0",
                        "delim": "-"
                      },
                      {
                        "v": "bi",
                        "id": "P373940.13.1.1",
                        "delim": "-"
                      },
                      {
                        "v": "še₃",
                        "id": "P373940.13.1.2"
                      }
                    ],
                    "cf": "ki",
                    "gw": "place",
                    "sense": "place",
                    "norm0": "ki,bi.eše",
                    "pos": "N",
                    "epos": "N",
                    "base": "ki",
                    "morph": "~,bi.eše"
                  }
                },
                {
                  "node": "l",
                  "frag": "hu-mu-un-gi",
                  "id": "P373940.l005a4",
                  "ref": "P373940.13.2",
                  "inst": "gi[turn]V/i/gi#he.mu.n:~",
                  "sig": "@ckst%sux:hu-mu-un-gi=gi[turn//turn]V/i'V/i$he.mu.n:gi/gi#he.mu.n:~",
                  "f": {
                    "lang": "sux",
                    "form": "hu-mu-un-gi",
                    "gdl": [
                      {
                        "v": "hu",
                        "id": "P373940.13.2.0",
                        "delim": "-"
                      },
                      {
                        "v": "mu",
                        "id": "P373940.13.2.1",
                        "delim": "-"
                      },
                      {
                        "v": "un",
                        "id": "P373940.13.2.2",
                        "delim": "-"
                      },
                      {
                        "v": "gi",
                        "id": "P373940.13.2.3"
                      }
                    ],
                    "cf": "gi",
                    "gw": "turn",
                    "sense": "turn",
                    "norm0": "he.mu.n:gi",
                    "pos": "V/i",
                    "epos": "V/i",
                    "base": "gi",
                    "morph": "he.mu.n:~"
                  }
                }
              ]
            }
          ]
        }
      ]
    }
  ]
}
