{
  "type": "cdl",
  "source": "http://oracc.org/rimanum",
  "license": "This data is released under the CC0 license",
  "license-url": "https://creativecommons.org/publicdomain/zero/1.0/",
  "more-info": "http://oracc.org/doc/opendata/",
  "UTC-timestamp": "2017-06-10T00:17:11",
  "project": "rimanum",
  "textid": "P372804",
  "cdl": [
    {
      "node": "c",
      "type": "text",
      "id": "P372804.U0",
      "cdl": [
        {
          "node": "d",
          "subtype": "tablet",
          "type": "tablet",
          "ref": "P372804.x366.1",
          "label": "x366"
        },
        {
          "node": "d",
          "subtype": "obverse",
          "type": "obverse",
          "ref": "P372804.o.2",
          "label": "o"
        },
        {
          "node": "c",
          "type": "discourse",
          "subtype": "body",
          "id": "P372804.U1",
          "cdl": [
            {
              "node": "c",
              "type": "sentence",
              "id": "P372804.U2",
              "label": "o 1 - seal 1 4",
              "cdl": [
                {
                  "node": "d",
                  "type": "line-start",
                  "ref": "P372804.3",
                  "n": "1",
                  "label": "o 1"
                },
                {
                  "node": "l",
                  "frag": "1(BARIG)",
                  "id": "P372804.l029e9",
                  "ref": "P372804.3.1",
                  "inst": "n",
                  "f": {
                    "lang": "akk-x-oldbab",
                    "form": "1(BARIG)",
                    "pos": "n"
                  }
                },
                {
                  "node": "l",
                  "frag": "ZI₃.DA",
                  "id": "P372804.l029ea",
                  "ref": "P372804.3.2",
                  "inst": "qēmu[flour]N",
                  "sig": "@rimanum%akk-x-oldbab:ZI₃.DA=qēmu[flour//flour]N'N$qēmu",
                  "f": {
                    "lang": "akk-x-oldbab",
                    "form": "ZI₃.DA",
                    "cf": "qēmu",
                    "gw": "flour",
                    "sense": "flour",
                    "norm": "qēmu",
                    "pos": "N",
                    "epos": "N"
                  }
                },
                {
                  "node": "d",
                  "type": "line-start",
                  "ref": "P372804.4",
                  "n": "2",
                  "label": "o 2"
                },
                {
                  "node": "l",
                  "frag": "a-na",
                  "id": "P372804.l029eb",
                  "ref": "P372804.4.1",
                  "inst": "ana[to//for]PRP'PRP$ana",
                  "sig": "@rimanum%akk-x-oldbab:a-na=ana[to//for]PRP'PRP$ana",
                  "f": {
                    "lang": "akk-x-oldbab",
                    "form": "a-na",
                    "cf": "ana",
                    "gw": "to",
                    "sense": "for",
                    "norm": "ana",
                    "pos": "PRP",
                    "epos": "PRP"
                  }
                },
                {
                  "node": "l",
                  "frag": "ŠUKU",
                  "id": "P372804.l029ec",
                  "ref": "P372804.4.2",
                  "inst": "kurummat[food allocation]N",
                  "sig": "@rimanum%akk-x-oldbab:ŠUKU=kurummatu[food allocation//food allocation]N'N$kurummat",
                  "f": {
                    "lang": "akk-x-oldbab",
                    "form": "ŠUKU",
                    "cf": "kurummatu",
                    "gw": "food allocation",
                    "sense": "food allocation",
                    "norm": "kurummat",
                    "pos": "N",
                    "epos": "N"
                  }
                },
                {
                  "node": "l",
                  "frag": "E₂",
                  "id": "P372804.l029ed",
                  "ref": "P372804.4.3",
                  "inst": "bīti[house]N",
                  "sig": "@rimanum%akk-x-oldbab:E₂=bītu[house//house]N'N$bīti",
                  "f": {
                    "lang": "akk-x-oldbab",
                    "form": "E₂",
                    "cf": "bītu",
                    "gw": "house",
                    "sense": "house",
                    "norm": "bīti",
                    "pos": "N",
                    "epos": "N"
                  }
                },
                {
                  "node": "d",
                  "type": "line-start",
                  "ref": "P372804.5",
                  "n": "3",
                  "label": "o 3"
                },
                {
                  "node": "l",
                  "frag": "u₃",
                  "id": "P372804.l029ee",
                  "ref": "P372804.5.1",
                  "inst": "u[and]CNJ",
                  "sig": "@rimanum%akk-x-oldbab:u₃=u[and//and]CNJ'CNJ$u",
                  "f": {
                    "lang": "akk-x-oldbab",
                    "form": "u₃",
                    "cf": "u",
                    "gw": "and",
                    "sense": "and",
                    "norm": "u",
                    "pos": "CNJ",
                    "epos": "CNJ"
                  }
                },
                {
                  "node": "l",
                  "frag": "a-hi-a-tim",
                  "id": "P372804.l029ef",
                  "ref": "P372804.5.2",
                  "inst": "ahītu[outside//other]N'N$ahiātim",
                  "sig": "@rimanum%akk-x-oldbab:a-hi-a-tim=ahītu[outside//other]N'N$ahiātim",
                  "f": {
                    "lang": "akk-x-oldbab",
                    "form": "a-hi-a-tim",
                    "cf": "ahītu",
                    "gw": "outside",
                    "sense": "other",
                    "norm": "ahiātim",
                    "pos": "N",
                    "epos": "N"
                  }
                },
                {
                  "node": "d",
                  "subtype": "reverse",
                  "type": "reverse",
                  "ref": "P372804.r.6",
                  "label": "r"
                },
                {
                  "node": "d",
                  "type": "line-start",
                  "ref": "P372804.7",
                  "n": "1",
                  "label": "r 1"
                },
                {
                  "node": "l",
                  "frag": "ZI.GA",
                  "id": "P372804.l029f0",
                  "ref": "P372804.7.1",
                  "inst": "ṣītu[expenditure]N",
                  "sig": "@rimanum%akk-x-oldbab:ZI.GA=ṣītu[exit//expenditure]N'N$ṣītu",
                  "f": {
                    "lang": "akk-x-oldbab",
                    "form": "ZI.GA",
                    "cf": "ṣītu",
                    "gw": "exit",
                    "sense": "expenditure",
                    "norm": "ṣītu",
                    "pos": "N",
                    "epos": "N"
                  }
                },
                {
                  "node": "l",
                  "frag": "ŠA₃",
                  "id": "P372804.l029f1",
                  "ref": "P372804.7.2",
                  "inst": "libbu[inner body//inside]N$libbu",
                  "sig": "@rimanum%akk-x-oldbab:ŠA₃=libbu[inner body//inside]N'N$libbu",
                  "f": {
                    "lang": "akk-x-oldbab",
                    "form": "ŠA₃",
                    "cf": "libbu",
                    "gw": "inner body",
                    "sense": "inside",
                    "norm": "libbu",
                    "pos": "N",
                    "epos": "N"
                  }
                },
                {
                  "node": "l",
                  "frag": "E₂",
                  "id": "P372804.l029f2",
                  "ref": "P372804.7.3",
                  "inst": "bīt[house]N",
                  "sig": "@rimanum%akk-x-oldbab:E₂=bītu[house//house]N'N$bīt",
                  "f": {
                    "lang": "akk-x-oldbab",
                    "form": "E₂",
                    "cf": "bītu",
                    "gw": "house",
                    "sense": "house",
                    "norm": "bīt",
                    "pos": "N",
                    "epos": "N"
                  }
                },
                {
                  "node": "l",
                  "frag": "A.SI.RUM",
                  "id": "P372804.l029f3",
                  "ref": "P372804.7.4",
                  "inst": "asīrī[prisoner of war]N",
                  "sig": "@rimanum%akk-x-oldbab:A.SI.RUM=asīru[captive//prisoner of war]N'N$asīrī",
                  "f": {
                    "lang": "akk-x-oldbab",
                    "form": "A.SI.RUM",
                    "cf": "asīru",
                    "gw": "captive",
                    "sense": "prisoner of war",
                    "norm": "asīrī",
                    "pos": "N",
                    "epos": "N"
                  }
                },
                {
                  "node": "d",
                  "type": "line-start",
                  "ref": "P372804.8",
                  "n": "2",
                  "label": "r 2"
                },
                {
                  "node": "c",
                  "type": "phrase",
                  "tag": "phr",
                  "id": "P372804.U9",
                  "ref": "P372804.ls00000",
                  "cdl": [
                    {
                      "node": "l",
                      "frag": "NIG₂.ŠU",
                      "id": "P372804.l029f4",
                      "ref": "P372804.8.1",
                      "cof-tails": "P372804.l029f5",
                      "inst": "ša[under]DET&qāt[authority]N",
                      "sig": "@rimanum%akk-x-oldbab:NIG₂.ŠU=ša[of//under]DET'DET$ša&&@rimanum%akk-x-oldbab:=qātu[hand//authority]N'N$qāt",
                      "f": {
                        "lang": "akk-x-oldbab",
                        "form": "NIG₂.ŠU",
                        "cf": "ša",
                        "gw": "of",
                        "sense": "under",
                        "norm": "ša",
                        "pos": "DET",
                        "epos": "DET"
                      }
                    },
                    {
                      "node": "l",
                      "frag": "NIG₂.ŠU",
                      "id": "P372804.l029f5",
                      "ref": "P372804.8.1",
                      "cof-head": "P372804.l029f4",
                      "inst": "ša[under]DET&qāt[authority]N",
                      "tail-sig": "@rimanum%akk-x-oldbab:=qātu[hand//authority]N'N$qāt",
                      "f": {
                        "lang": "akk-x-oldbab",
                        "form": "NIG₂.ŠU",
                        "cf": "qātu",
                        "gw": "hand",
                        "sense": "authority",
                        "norm": "qāt",
                        "pos": "N",
                        "epos": "N"
                      }
                    }
                  ]
                },
                {
                  "node": "c",
                  "type": "phrase",
                  "tag": "person-name",
                  "id": "P372804.U10",
                  "ref": "P372804.ls00007",
                  "cdl": [
                    {
                      "node": "l",
                      "frag": "{d}EN.ZU-še-mi",
                      "id": "P372804.l029f6",
                      "ref": "P372804.8.2",
                      "inst": "Sîn-šeme[00]PN",
                      "sig": "@rimanum%akk-x-oldbab:{d}EN.ZU-še-mi=Sîn-šeme[00//00]PN'PN$Sîn-šeme",
                      "f": {
                        "lang": "akk-x-oldbab",
                        "form": "{d}EN.ZU-še-mi",
                        "cf": "Sîn-šeme",
                        "gw": "00",
                        "sense": "00",
                        "norm": "Sîn-šeme",
                        "pos": "PN",
                        "epos": "PN"
                      }
                    }
                  ]
                },
                {
                  "node": "d",
                  "type": "line-start",
                  "ref": "P372804.9",
                  "n": "3",
                  "label": "r 3"
                },
                {
                  "node": "l",
                  "frag": "{⸢iti⸣}APIN.DU₈.A",
                  "id": "P372804.l029f7",
                  "ref": "P372804.9.1",
                  "inst": "Kinūnu[1]MN",
                  "sig": "@rimanum%akk-x-oldbab:{iti}APIN.DU₈.A=Kinūnu[1//1]MN'MN$Kinūnu",
                  "f": {
                    "lang": "akk-x-oldbab",
                    "form": "{iti}APIN.DU₈.A",
                    "cf": "Kinūnu",
                    "gw": "1",
                    "sense": "1",
                    "norm": "Kinūnu",
                    "pos": "MN",
                    "epos": "MN"
                  }
                },
                {
                  "node": "l",
                  "frag": "U₄",
                  "id": "P372804.l029f8",
                  "ref": "P372804.9.2",
                  "inst": "ūmu[day]N$ūmu",
                  "sig": "@rimanum%akk-x-oldbab:U₄=ūmu[day//day]N'N$ūmu",
                  "f": {
                    "lang": "akk-x-oldbab",
                    "form": "U₄",
                    "cf": "ūmu",
                    "gw": "day",
                    "sense": "day",
                    "norm": "ūmu",
                    "pos": "N",
                    "epos": "N"
                  }
                },
                {
                  "node": "l",
                  "frag": "22-KAM",
                  "id": "P372804.l029f9",
                  "ref": "P372804.9.3",
                  "inst": "n",
                  "f": {
                    "lang": "akk-x-oldbab",
                    "form": "22-KAM",
                    "pos": "n"
                  }
                },
                {
                  "node": "d",
                  "type": "line-start",
                  "ref": "P372804.10",
                  "n": "4",
                  "label": "r 4"
                },
                {
                  "node": "l",
                  "frag": "⸢mu",
                  "id": "P372804.l029fa",
                  "ref": "P372804.10.1",
                  "inst": "mu[year]N",
                  "sig": "@rimanum%sux:mu=mu[year//year]N'N$mu/mu#~",
                  "f": {
                    "lang": "sux",
                    "form": "mu",
                    "cf": "mu",
                    "gw": "year",
                    "sense": "year",
                    "norm0": "mu",
                    "pos": "N",
                    "epos": "N",
                    "base": "mu",
                    "morph": "~"
                  }
                },
                {
                  "node": "c",
                  "type": "phrase",
                  "tag": "person-name",
                  "id": "P372804.U11",
                  "ref": "P372804.ls00008",
                  "cdl": [
                    {
                      "node": "l",
                      "frag": "ri-im⸣-{d}a-nu-um",
                      "id": "P372804.l029fb",
                      "ref": "P372804.10.2",
                      "inst": "Rīm-Anum[1]RN",
                      "sig": "@rimanum%sux:ri-im-{d}a-nu-um=Rīm-Anum[1//1]RN'RN$Rīm-Anum/ri-im-{d}a-nu-um#~",
                      "f": {
                        "lang": "sux",
                        "form": "ri-im-{d}a-nu-um",
                        "cf": "Rīm-Anum",
                        "gw": "1",
                        "sense": "1",
                        "norm0": "Rīm-Anum",
                        "pos": "RN",
                        "epos": "RN",
                        "base": "ri-im-{d}a-nu-um",
                        "morph": "~"
                      }
                    }
                  ]
                },
                {
                  "node": "l",
                  "frag": "lugal",
                  "id": "P372804.l029fc",
                  "ref": "P372804.10.3",
                  "inst": "lugal[king]N",
                  "sig": "@rimanum%sux:lugal=lugal[king//king]N'N$lugal/lugal#~",
                  "f": {
                    "lang": "sux",
                    "form": "lugal",
                    "cf": "lugal",
                    "gw": "king",
                    "sense": "king",
                    "norm0": "lugal",
                    "pos": "N",
                    "epos": "N",
                    "base": "lugal",
                    "morph": "~"
                  }
                },
                {
                  "node": "d",
                  "type": "line-start",
                  "ref": "P372804.11",
                  "n": "5",
                  "label": "r 5"
                },
                {
                  "node": "l",
                  "frag": "unug{[ki}ga",
                  "id": "P372804.l029fd",
                  "ref": "P372804.11.1",
                  "inst": "Uruk[1]SN",
                  "sig": "@rimanum%sux:unug{ki}-ga=Uruk[1//1]SN'SN$Uruk,ak/unug{ki}+-ga=g.a#~,ak",
                  "f": {
                    "lang": "sux",
                    "form": "unug{ki}-ga",
                    "cf": "Uruk",
                    "gw": "1",
                    "sense": "1",
                    "norm0": "Uruk,ak",
                    "pos": "SN",
                    "epos": "SN",
                    "base": "unug{ki}",
                    "cont": "-ga=g.a",
                    "morph": "~,ak"
                  }
                },
                {
                  "node": "l",
                  "frag": "u₃]",
                  "id": "P372804.l029fe",
                  "ref": "P372804.11.2",
                  "inst": "u[and]CNJ",
                  "sig": "@rimanum%sux:u₃=u[and//and]CNJ'CNJ$u/u₃#~",
                  "f": {
                    "lang": "sux",
                    "form": "u₃",
                    "cf": "u",
                    "gw": "and",
                    "sense": "and",
                    "norm0": "u",
                    "pos": "CNJ",
                    "epos": "CNJ",
                    "base": "u₃",
                    "morph": "~"
                  }
                },
                {
                  "node": "l",
                  "frag": "a₂-dam-bi",
                  "id": "P372804.l029ff",
                  "ref": "P372804.11.3",
                  "inst": "adam[habitation]N",
                  "sig": "@rimanum%sux:a₂-dam-bi=adam[habitation//habitation]N'N$adam,bi/a₂-dam#~,bi",
                  "f": {
                    "lang": "sux",
                    "form": "a₂-dam-bi",
                    "cf": "adam",
                    "gw": "habitation",
                    "sense": "habitation",
                    "norm0": "adam,bi",
                    "pos": "N",
                    "epos": "N",
                    "base": "a₂-dam",
                    "morph": "~,bi"
                  }
                },
                {
                  "node": "d",
                  "subtype": "seal 1",
                  "type": "seal",
                  "ref": "P372804.seal.1.12",
                  "n": "1",
                  "label": "seal 1"
                },
                {
                  "node": "d",
                  "type": "line-start",
                  "ref": "P372804.13",
                  "n": "1",
                  "label": "seal 1 1"
                },
                {
                  "node": "c",
                  "type": "phrase",
                  "tag": "person-name",
                  "id": "P372804.U12",
                  "ref": "P372804.ls00009",
                  "cdl": [
                    {
                      "node": "l",
                      "frag": "{[d}EN.ZU-i-din-nam]",
                      "id": "P372804.l02a00",
                      "ref": "P372804.13.1",
                      "inst": "Sîn-iddina[00//00]PN'PN$Sîn-iddinam",
                      "sig": "@rimanum%akk-x-oldbab:{d}EN.ZU-i-din-nam=Sîn-iddina[00//00]PN'PN$Sîn-iddinam",
                      "f": {
                        "lang": "akk-x-oldbab",
                        "form": "{d}EN.ZU-i-din-nam",
                        "cf": "Sîn-iddina",
                        "gw": "00",
                        "sense": "00",
                        "norm": "Sîn-iddinam",
                        "pos": "PN",
                        "epos": "PN"
                      }
                    }
                  ]
                },
                {
                  "node": "d",
                  "type": "line-start",
                  "ref": "P372804.14",
                  "n": "2",
                  "label": "seal 1 2"
                },
                {
                  "node": "l",
                  "frag": "BISAG.DUB.[BA]",
                  "id": "P372804.l02a01",
                  "ref": "P372804.14.1",
                  "inst": "šandabakku[chief accountant]N",
                  "sig": "@rimanum%akk-x-oldbab:BISAG.DUB.BA=šandabakku[chief accountant//chief accountant]N'N$šandabakku",
                  "f": {
                    "lang": "akk-x-oldbab",
                    "form": "BISAG.DUB.BA",
                    "cf": "šandabakku",
                    "gw": "chief accountant",
                    "sense": "chief accountant",
                    "norm": "šandabakku",
                    "pos": "N",
                    "epos": "N"
                  }
                },
                {
                  "node": "d",
                  "type": "line-start",
                  "ref": "P372804.15",
                  "n": "3",
                  "label": "seal 1 3"
                },
                {
                  "node": "c",
                  "type": "phrase",
                  "tag": "person-spec",
                  "id": "P372804.U7",
                  "ref": "P372804.ls00004",
                  "cdl": [
                    {
                      "node": "l",
                      "frag": "DUMU",
                      "id": "P372804.l02a02",
                      "ref": "P372804.15.1",
                      "inst": "mār[son]N",
                      "sig": "@rimanum%akk-x-oldbab:DUMU=māru[son//son]N'N$mār",
                      "f": {
                        "lang": "akk-x-oldbab",
                        "form": "DUMU",
                        "cf": "māru",
                        "gw": "son",
                        "sense": "son",
                        "norm": "mār",
                        "pos": "N",
                        "epos": "N"
                      },
                      "props": [
                        {
                          "name": "relator",
                          "group": "marker",
                          "value": "v",
                          "ngram": "6108",
                          "id": "p0000031c"
                        }
                      ]
                    }
                  ]
                },
                {
                  "node": "c",
                  "type": "phrase",
                  "tag": "person-name",
                  "id": "P372804.U13",
                  "ref": "P372804.ls00006",
                  "cdl": [
                    {
                      "node": "l",
                      "frag": "i-nu-[...]",
                      "id": "P372804.l02a03",
                      "ref": "P372804.15.2",
                      "inst": "Inu-X[00]PN",
                      "sig": "@rimanum%akk-x-oldbab:i-nu-x=Inu-X[00//00]PN'PN$Inu-X",
                      "f": {
                        "lang": "akk-x-oldbab",
                        "form": "i-nu-x",
                        "cf": "Inu-X",
                        "gw": "00",
                        "sense": "00",
                        "norm": "Inu-X",
                        "pos": "PN",
                        "epos": "PN"
                      }
                    }
                  ]
                },
                {
                  "node": "d",
                  "type": "line-start",
                  "ref": "P372804.16",
                  "n": "4",
                  "label": "seal 1 4"
                },
                {
                  "node": "l",
                  "frag": "ARAD",
                  "id": "P372804.l02a04",
                  "ref": "P372804.16.1",
                  "inst": "warad[servant]N",
                  "sig": "@rimanum%akk-x-oldbab:ARAD=wardu[slave//servant]N'N$warad",
                  "f": {
                    "lang": "akk-x-oldbab",
                    "form": "ARAD",
                    "cf": "wardu",
                    "gw": "slave",
                    "sense": "servant",
                    "norm": "warad",
                    "pos": "N",
                    "epos": "N"
                  }
                },
                {
                  "node": "c",
                  "type": "phrase",
                  "tag": "person-name",
                  "id": "P372804.U14",
                  "ref": "P372804.ls0000a",
                  "cdl": [
                    {
                      "node": "l",
                      "frag": "ri-im-{d}[a-nu-um]",
                      "id": "P372804.l02a05",
                      "ref": "P372804.16.2",
                      "inst": "Rīm-Anum[1]RN",
                      "sig": "@rimanum%akk-x-oldbab:ri-im-{d}a-nu-um=Rīm-Anum[1//1]RN'RN$Rīm-Anum",
                      "f": {
                        "lang": "akk-x-oldbab",
                        "form": "ri-im-{d}a-nu-um",
                        "cf": "Rīm-Anum",
                        "gw": "1",
                        "sense": "1",
                        "norm": "Rīm-Anum",
                        "pos": "RN",
                        "epos": "RN"
                      }
                    }
                  ]
                }
              ]
            }
          ]
        }
      ]
    },
    {
      "linkbase": [
        {
          "type": "linkset",
          "xlink_title": "ša qāti[under the authority of//under the authority of]PRP'PRP",
          "id": "P372804.ls00000",
          "xlink_type": "extended",
          "xlink_role": "psu",
          "sig": "{NIG₂.ŠU = ša[of]DET qātu[hand]N += ša qāti[under the authority of//under the authority of]PRP'PRP}::@rimanum%akk-x-oldbab:NIG₂.ŠU=ša[of//of]DET'DET$ša++@rimanum%akk-x-oldbab:NIG₂.ŠU=qātu[hand//authority]N'N$qāt",
          "links": [
            {
              "type": "link",
              "xlink_title": "ša",
              "xlink_type": "locator",
              "xlink_href": "#P372804.l029f4",
              "xlink_role": "elt"
            },
            {
              "type": "link",
              "xlink_title": "qāt",
              "xlink_type": "locator",
              "xlink_href": "#P372804.l029f5",
              "xlink_role": "elt"
            }
          ]
        },
        {
          "type": "linkset",
          "xlink_title": "person-spec",
          "id": "P372804.ls00001",
          "xlink_type": "extended",
          "xlink_role": "psa",
          "links": [
            {
              "type": "link",
              "xlink_title": "start",
              "xlink_type": "locator",
              "xlink_href": "#P372804.l029f6",
              "xlink_role": "name"
            }
          ]
        },
        {
          "type": "linkset",
          "xlink_title": "person-spec",
          "id": "P372804.ls00002",
          "xlink_type": "extended",
          "xlink_role": "psa",
          "links": [
            {
              "type": "link",
              "xlink_title": "start",
              "xlink_type": "locator",
              "xlink_href": "#P372804.l029fb",
              "xlink_role": "name"
            }
          ]
        },
        {
          "type": "linkset",
          "xlink_title": "person-spec",
          "id": "P372804.ls00003",
          "xlink_type": "extended",
          "xlink_role": "psa",
          "links": [
            {
              "type": "link",
              "xlink_title": "start",
              "xlink_type": "locator",
              "xlink_href": "#P372804.l02a00",
              "xlink_role": "name"
            }
          ]
        },
        {
          "type": "linkset",
          "xlink_title": "person-spec",
          "id": "P372804.ls00004",
          "xlink_type": "extended",
          "xlink_role": "psa",
          "links": [
            {
              "type": "link",
              "xlink_title": "start",
              "xlink_type": "locator",
              "xlink_href": "#P372804.l02a02",
              "xlink_role": "name"
            }
          ]
        },
        {
          "type": "linkset",
          "xlink_title": "person-spec",
          "id": "P372804.ls00005",
          "xlink_type": "extended",
          "xlink_role": "psa",
          "links": [
            {
              "type": "link",
              "xlink_title": "start",
              "xlink_type": "locator",
              "xlink_href": "#P372804.l02a05",
              "xlink_role": "name"
            }
          ]
        },
        {
          "type": "linkset",
          "xlink_title": "person-name",
          "id": "P372804.ls00006",
          "xlink_type": "extended",
          "xlink_role": "psa",
          "links": [
            {
              "type": "link",
              "xlink_title": "start",
              "xlink_type": "locator",
              "xlink_href": "#P372804.l02a03",
              "xlink_role": "name"
            },
            {
              "type": "link",
              "xlink_title": "end",
              "xlink_type": "locator",
              "xlink_href": "#P372804.l02a03",
              "xlink_role": "name"
            }
          ]
        },
        {
          "type": "linkset",
          "xlink_title": "person-name",
          "id": "P372804.ls00007",
          "xlink_type": "extended",
          "xlink_role": "psa",
          "links": [
            {
              "type": "link",
              "xlink_title": "start",
              "xlink_type": "locator",
              "xlink_href": "#P372804.l029f6",
              "xlink_role": "name"
            }
          ]
        },
        {
          "type": "linkset",
          "xlink_title": "person-name",
          "id": "P372804.ls00008",
          "xlink_type": "extended",
          "xlink_role": "psa",
          "links": [
            {
              "type": "link",
              "xlink_title": "start",
              "xlink_type": "locator",
              "xlink_href": "#P372804.l029fb",
              "xlink_role": "name"
            }
          ]
        },
        {
          "type": "linkset",
          "xlink_title": "person-name",
          "id": "P372804.ls00009",
          "xlink_type": "extended",
          "xlink_role": "psa",
          "links": [
            {
              "type": "link",
              "xlink_title": "start",
              "xlink_type": "locator",
              "xlink_href": "#P372804.l02a00",
              "xlink_role": "name"
            }
          ]
        },
        {
          "type": "linkset",
          "xlink_title": "person-name",
          "id": "P372804.ls0000a",
          "xlink_type": "extended",
          "xlink_role": "psa",
          "links": [
            {
              "type": "link",
              "xlink_title": "start",
              "xlink_type": "locator",
              "xlink_href": "#P372804.l02a05",
              "xlink_role": "name"
            }
          ]
        }
      ]
    }
  ]
}
