{
  "type": "cdl",
  "source": "http://oracc.org/rimanum",
  "license": "This data is released under the CC0 license",
  "license-url": "https://creativecommons.org/publicdomain/zero/1.0/",
  "more-info": "http://oracc.org/doc/opendata/",
  "UTC-timestamp": "2017-06-10T00:16:47",
  "project": "rimanum",
  "textid": "P405274",
  "cdl": [
    {
      "node": "c",
      "type": "text",
      "id": "P405274.U0",
      "cdl": [
        {
          "node": "d",
          "subtype": "tablet",
          "type": "tablet",
          "ref": "P405274.x158.1",
          "label": "x158"
        },
        {
          "node": "d",
          "subtype": "obverse",
          "type": "obverse",
          "ref": "P405274.o.2",
          "label": "o"
        },
        {
          "node": "c",
          "type": "discourse",
          "subtype": "body",
          "id": "P405274.U1",
          "cdl": [
            {
              "node": "c",
              "type": "sentence",
              "id": "P405274.U2",
              "label": "o 1 - seal 1 3",
              "cdl": [
                {
                  "node": "d",
                  "type": "line-start",
                  "ref": "P405274.3",
                  "n": "1",
                  "label": "o 1"
                },
                {
                  "node": "l",
                  "frag": "4(BAN₂)",
                  "id": "P405274.l00e81",
                  "ref": "P405274.3.1",
                  "inst": "n",
                  "f": {
                    "lang": "akk-x-oldbab",
                    "form": "4(BAN₂)",
                    "pos": "n"
                  }
                },
                {
                  "node": "l",
                  "frag": "5(SILA₃)",
                  "id": "P405274.l00e82",
                  "ref": "P405274.3.2",
                  "inst": "n",
                  "f": {
                    "lang": "akk-x-oldbab",
                    "form": "5(SILA₃)",
                    "pos": "n"
                  }
                },
                {
                  "node": "l",
                  "frag": "ZI₃.DA",
                  "id": "P405274.l00e83",
                  "ref": "P405274.3.3",
                  "inst": "qēmu[flour]N",
                  "sig": "@rimanum%akk-x-oldbab:ZI₃.DA=qēmu[flour//flour]N'N$qēmu",
                  "f": {
                    "lang": "akk-x-oldbab",
                    "form": "ZI₃.DA",
                    "cf": "qēmu",
                    "gw": "flour",
                    "sense": "flour",
                    "norm": "qēmu",
                    "pos": "N",
                    "epos": "N"
                  }
                },
                {
                  "node": "d",
                  "type": "line-start",
                  "ref": "P405274.4",
                  "n": "2",
                  "label": "o 2"
                },
                {
                  "node": "l",
                  "frag": "ŠUKU",
                  "id": "P405274.l00e84",
                  "ref": "P405274.4.1",
                  "inst": "kurummat[food allocation]N",
                  "sig": "@rimanum%akk-x-oldbab:ŠUKU=kurummatu[food allocation//food allocation]N'N$kurummat",
                  "f": {
                    "lang": "akk-x-oldbab",
                    "form": "ŠUKU",
                    "cf": "kurummatu",
                    "gw": "food allocation",
                    "sense": "food allocation",
                    "norm": "kurummat",
                    "pos": "N",
                    "epos": "N"
                  }
                },
                {
                  "node": "l",
                  "frag": "⸢E₂⸣",
                  "id": "P405274.l00e85",
                  "ref": "P405274.4.2",
                  "inst": "bīt[house]N",
                  "sig": "@rimanum%akk-x-oldbab:E₂=bītu[house//house]N'N$bīt",
                  "f": {
                    "lang": "akk-x-oldbab",
                    "form": "E₂",
                    "cf": "bītu",
                    "gw": "house",
                    "sense": "house",
                    "norm": "bīt",
                    "pos": "N",
                    "epos": "N"
                  }
                },
                {
                  "node": "l",
                  "frag": "A.SI.RUM",
                  "id": "P405274.l00e86",
                  "ref": "P405274.4.3",
                  "inst": "asīrī[prisoner of war]N",
                  "sig": "@rimanum%akk-x-oldbab:A.SI.RUM=asīru[captive//prisoner of war]N'N$asīrī",
                  "f": {
                    "lang": "akk-x-oldbab",
                    "form": "A.SI.RUM",
                    "cf": "asīru",
                    "gw": "captive",
                    "sense": "prisoner of war",
                    "norm": "asīrī",
                    "pos": "N",
                    "epos": "N"
                  }
                },
                {
                  "node": "d",
                  "type": "line-start",
                  "ref": "P405274.5",
                  "n": "3",
                  "label": "o 3"
                },
                {
                  "node": "l",
                  "frag": "ZI.GA",
                  "id": "P405274.l00e87",
                  "ref": "P405274.5.1",
                  "inst": "ṣītu[expenditure]N",
                  "sig": "@rimanum%akk-x-oldbab:ZI.GA=ṣītu[exit//expenditure]N'N$ṣītu",
                  "f": {
                    "lang": "akk-x-oldbab",
                    "form": "ZI.GA",
                    "cf": "ṣītu",
                    "gw": "exit",
                    "sense": "expenditure",
                    "norm": "ṣītu",
                    "pos": "N",
                    "epos": "N"
                  }
                },
                {
                  "node": "d",
                  "type": "line-start",
                  "ref": "P405274.6",
                  "n": "4",
                  "label": "o 4"
                },
                {
                  "node": "c",
                  "type": "phrase",
                  "tag": "phr",
                  "id": "P405274.U8",
                  "ref": "P405274.ls00000",
                  "cdl": [
                    {
                      "node": "l",
                      "frag": "NIG₂.ŠU",
                      "id": "P405274.l00e88",
                      "ref": "P405274.6.1",
                      "cof-tails": "P405274.l00e89",
                      "inst": "ša[of]DET$ša&qātu[authority]N$qāt",
                      "sig": "@rimanum%akk-x-oldbab:NIG₂.ŠU=ša[of//of]DET'DET$ša&&@rimanum%akk-x-oldbab:=qātu[hand//authority]N'N$qāt",
                      "f": {
                        "lang": "akk-x-oldbab",
                        "form": "NIG₂.ŠU",
                        "cf": "ša",
                        "gw": "of",
                        "sense": "of",
                        "norm": "ša",
                        "pos": "DET",
                        "epos": "DET"
                      }
                    },
                    {
                      "node": "l",
                      "frag": "NIG₂.ŠU",
                      "id": "P405274.l00e89",
                      "ref": "P405274.6.1",
                      "cof-head": "P405274.l00e88",
                      "inst": "ša[of]DET$ša&qātu[authority]N$qāt",
                      "tail-sig": "@rimanum%akk-x-oldbab:=qātu[hand//authority]N'N$qāt",
                      "f": {
                        "lang": "akk-x-oldbab",
                        "form": "NIG₂.ŠU",
                        "cf": "qātu",
                        "gw": "hand",
                        "sense": "authority",
                        "norm": "qāt",
                        "pos": "N",
                        "epos": "N"
                      }
                    }
                  ]
                },
                {
                  "node": "c",
                  "type": "phrase",
                  "tag": "person-name",
                  "id": "P405274.U9",
                  "ref": "P405274.ls00005",
                  "cdl": [
                    {
                      "node": "l",
                      "frag": "na-bi-{d}EN.ZU",
                      "id": "P405274.l00e8a",
                      "ref": "P405274.6.2",
                      "inst": "Nabi-Sîn[00]PN",
                      "sig": "@rimanum%akk-x-oldbab:na-bi-{d}EN.ZU=Nabi-Sîn[00//00]PN'PN$Nabi-Sîn",
                      "f": {
                        "lang": "akk-x-oldbab",
                        "form": "na-bi-{d}EN.ZU",
                        "cf": "Nabi-Sîn",
                        "gw": "00",
                        "sense": "00",
                        "norm": "Nabi-Sîn",
                        "pos": "PN",
                        "epos": "PN"
                      }
                    }
                  ]
                },
                {
                  "node": "d",
                  "subtype": "reverse",
                  "type": "reverse",
                  "ref": "P405274.r.7",
                  "label": "r"
                },
                {
                  "node": "d",
                  "type": "line-start",
                  "ref": "P405274.8",
                  "n": "1",
                  "label": "r 1"
                },
                {
                  "node": "l",
                  "frag": "{iti}ŠU.NUMUN.A",
                  "id": "P405274.l00e8b",
                  "ref": "P405274.8.1",
                  "inst": "Dumuzi[1]MN",
                  "sig": "@rimanum%akk-x-oldbab:{iti}ŠU.NUMUN.A=Dumuzi[1//1]MN'MN$Dumuzi",
                  "f": {
                    "lang": "akk-x-oldbab",
                    "form": "{iti}ŠU.NUMUN.A",
                    "cf": "Dumuzi",
                    "gw": "1",
                    "sense": "1",
                    "norm": "Dumuzi",
                    "pos": "MN",
                    "epos": "MN"
                  }
                },
                {
                  "node": "l",
                  "frag": "U₄",
                  "id": "P405274.l00e8c",
                  "ref": "P405274.8.2",
                  "inst": "ūmu[day]N$ūmu",
                  "sig": "@rimanum%akk-x-oldbab:U₄=ūmu[day//day]N'N$ūmu",
                  "f": {
                    "lang": "akk-x-oldbab",
                    "form": "U₄",
                    "cf": "ūmu",
                    "gw": "day",
                    "sense": "day",
                    "norm": "ūmu",
                    "pos": "N",
                    "epos": "N"
                  }
                },
                {
                  "node": "l",
                  "frag": "16-KAM",
                  "id": "P405274.l00e8d",
                  "ref": "P405274.8.3",
                  "inst": "n",
                  "f": {
                    "lang": "akk-x-oldbab",
                    "form": "16-KAM",
                    "pos": "n"
                  }
                },
                {
                  "node": "d",
                  "type": "line-start",
                  "ref": "P405274.9",
                  "n": "2",
                  "label": "r 2"
                },
                {
                  "node": "l",
                  "frag": "mu",
                  "id": "P405274.l00e8e",
                  "ref": "P405274.9.1",
                  "inst": "mu[year]N",
                  "sig": "@rimanum%sux:mu=mu[year//year]N'N$mu/mu#~",
                  "f": {
                    "lang": "sux",
                    "form": "mu",
                    "cf": "mu",
                    "gw": "year",
                    "sense": "year",
                    "norm0": "mu",
                    "pos": "N",
                    "epos": "N",
                    "base": "mu",
                    "morph": "~"
                  }
                },
                {
                  "node": "c",
                  "type": "phrase",
                  "tag": "person-name",
                  "id": "P405274.U10",
                  "ref": "P405274.ls00006",
                  "cdl": [
                    {
                      "node": "l",
                      "frag": "ri-⸢im⸣-{d}a-nu-um",
                      "id": "P405274.l00e8f",
                      "ref": "P405274.9.2",
                      "inst": "Rīm-Anum[1]RN",
                      "sig": "@rimanum%sux:ri-im-{d}a-nu-um=Rīm-Anum[1//1]RN'RN$Rīm-Anum/ri-im-{d}a-nu-um#~",
                      "f": {
                        "lang": "sux",
                        "form": "ri-im-{d}a-nu-um",
                        "cf": "Rīm-Anum",
                        "gw": "1",
                        "sense": "1",
                        "norm0": "Rīm-Anum",
                        "pos": "RN",
                        "epos": "RN",
                        "base": "ri-im-{d}a-nu-um",
                        "morph": "~"
                      }
                    }
                  ]
                },
                {
                  "node": "l",
                  "frag": "lugal-e",
                  "id": "P405274.l00e90",
                  "ref": "P405274.9.3",
                  "inst": "lugal[king]N",
                  "sig": "@rimanum%sux:lugal-e=lugal[king//king]N'N$lugal,e/lugal#~,e",
                  "f": {
                    "lang": "sux",
                    "form": "lugal-e",
                    "cf": "lugal",
                    "gw": "king",
                    "sense": "king",
                    "norm0": "lugal,e",
                    "pos": "N",
                    "epos": "N",
                    "base": "lugal",
                    "morph": "~,e"
                  }
                },
                {
                  "node": "d",
                  "type": "line-start",
                  "ref": "P405274.10",
                  "n": "3",
                  "label": "r 3"
                },
                {
                  "node": "l",
                  "frag": "unug{ki}",
                  "id": "P405274.l00e91",
                  "ref": "P405274.10.1",
                  "inst": "Uruk[1]SN",
                  "sig": "@rimanum%sux:unug{ki}=Uruk[1//1]SN'SN$Uruk/unug{ki}#~",
                  "f": {
                    "lang": "sux",
                    "form": "unug{ki}",
                    "cf": "Uruk",
                    "gw": "1",
                    "sense": "1",
                    "norm0": "Uruk",
                    "pos": "SN",
                    "epos": "SN",
                    "base": "unug{ki}",
                    "morph": "~"
                  }
                },
                {
                  "node": "l",
                  "frag": "u₃",
                  "id": "P405274.l00e92",
                  "ref": "P405274.10.2",
                  "inst": "u[and]CNJ",
                  "sig": "@rimanum%sux:u₃=u[and//and]CNJ'CNJ$u/u₃#~",
                  "f": {
                    "lang": "sux",
                    "form": "u₃",
                    "cf": "u",
                    "gw": "and",
                    "sense": "and",
                    "norm0": "u",
                    "pos": "CNJ",
                    "epos": "CNJ",
                    "base": "u₃",
                    "morph": "~"
                  }
                },
                {
                  "node": "l",
                  "frag": "a₂-dam-bi",
                  "id": "P405274.l00e93",
                  "ref": "P405274.10.3",
                  "inst": "adam[habitation]",
                  "sig": "@rimanum%sux:a₂-dam-bi=adam[habitation//habitation]N'N$adam,bi/a₂-dam#~,bi",
                  "f": {
                    "lang": "sux",
                    "form": "a₂-dam-bi",
                    "cf": "adam",
                    "gw": "habitation",
                    "sense": "habitation",
                    "norm0": "adam,bi",
                    "pos": "N",
                    "epos": "N",
                    "base": "a₂-dam",
                    "morph": "~,bi"
                  }
                },
                {
                  "node": "d",
                  "subtype": "seal 1",
                  "type": "seal",
                  "ref": "P405274.seal.1.11",
                  "n": "1",
                  "label": "seal 1"
                },
                {
                  "node": "d",
                  "type": "line-start",
                  "ref": "P405274.12",
                  "n": "1",
                  "label": "seal 1 1"
                },
                {
                  "node": "c",
                  "type": "phrase",
                  "tag": "person-spec",
                  "id": "P405274.U6",
                  "ref": "P405274.ls00003",
                  "cdl": [
                    {
                      "node": "c",
                      "type": "phrase",
                      "tag": "person-name",
                      "id": "P405274.U11",
                      "ref": "P405274.ls00007",
                      "cdl": [
                        {
                          "node": "l",
                          "frag": "{d}EN.ZU-[še-mi]",
                          "id": "P405274.l00e94",
                          "ref": "P405274.12.1",
                          "inst": "Sîn-šeme[00]PN",
                          "sig": "@rimanum%akk-x-oldbab:{d}EN.ZU-še-mi=Sîn-šeme[00//00]PN'PN$Sîn-šeme",
                          "f": {
                            "lang": "akk-x-oldbab",
                            "form": "{d}EN.ZU-še-mi",
                            "cf": "Sîn-šeme",
                            "gw": "00",
                            "sense": "00",
                            "norm": "Sîn-šeme",
                            "pos": "PN",
                            "epos": "PN"
                          },
                          "props": [
                            {
                              "name": "father-is",
                              "group": "reln",
                              "value": "Išme-Sîn[00]",
                              "ngram": "2440",
                              "ref": "#P405274.l00e96",
                              "id": "p00000121"
                            }
                          ]
                        }
                      ]
                    },
                    {
                      "node": "d",
                      "type": "line-start",
                      "ref": "P405274.13",
                      "n": "2",
                      "label": "seal 1 2"
                    },
                    {
                      "node": "l",
                      "frag": "[DUMU]",
                      "id": "P405274.l00e95",
                      "ref": "P405274.13.1",
                      "inst": "mār[son]N",
                      "sig": "@rimanum%akk-x-oldbab:DUMU=māru[son//son]N'N$mār",
                      "f": {
                        "lang": "akk-x-oldbab",
                        "form": "DUMU",
                        "cf": "māru",
                        "gw": "son",
                        "sense": "son",
                        "norm": "mār",
                        "pos": "N",
                        "epos": "N"
                      },
                      "props": [
                        {
                          "name": "relator",
                          "group": "marker",
                          "value": "v",
                          "ngram": "2440",
                          "id": "p00000123"
                        }
                      ]
                    },
                    {
                      "node": "c",
                      "type": "phrase",
                      "tag": "person-name",
                      "id": "P405274.U12",
                      "ref": "P405274.ls00008",
                      "cdl": [
                        {
                          "node": "l",
                          "frag": "iš-me-{[d}EN.ZU]",
                          "id": "P405274.l00e96",
                          "ref": "P405274.13.2",
                          "inst": "Išme-Sîn[00]PN",
                          "sig": "@rimanum%akk-x-oldbab:iš-me-{d}EN.ZU=Išme-Sîn[00//00]PN'PN$Išme-Sîn",
                          "f": {
                            "lang": "akk-x-oldbab",
                            "form": "iš-me-{d}EN.ZU",
                            "cf": "Išme-Sîn",
                            "gw": "00",
                            "sense": "00",
                            "norm": "Išme-Sîn",
                            "pos": "PN",
                            "epos": "PN"
                          },
                          "props": [
                            {
                              "name": "child-is",
                              "group": "reln",
                              "value": "Sîn-šeme[00]",
                              "ngram": "2440",
                              "ref": "#P405274.l00e94",
                              "id": "p00000122"
                            }
                          ]
                        }
                      ]
                    }
                  ]
                },
                {
                  "node": "d",
                  "type": "line-start",
                  "ref": "P405274.14",
                  "n": "3",
                  "label": "seal 1 3"
                },
                {
                  "node": "l",
                  "frag": "[ARAD",
                  "id": "P405274.l00e97",
                  "ref": "P405274.14.1",
                  "inst": "warad[servant]N",
                  "sig": "@rimanum%akk-x-oldbab:ARAD=wardu[slave//servant]N'N$warad",
                  "f": {
                    "lang": "akk-x-oldbab",
                    "form": "ARAD",
                    "cf": "wardu",
                    "gw": "slave",
                    "sense": "servant",
                    "norm": "warad",
                    "pos": "N",
                    "epos": "N"
                  }
                },
                {
                  "node": "c",
                  "type": "phrase",
                  "tag": "person-name",
                  "id": "P405274.U13",
                  "ref": "P405274.ls00009",
                  "cdl": [
                    {
                      "node": "l",
                      "frag": "ri-im-{d}a-nu-um]",
                      "id": "P405274.l00e98",
                      "ref": "P405274.14.2",
                      "inst": "Rīm-Anum[1]RN",
                      "sig": "@rimanum%akk-x-oldbab:ri-im-{d}a-nu-um=Rīm-Anum[1//1]RN'RN$Rīm-Anum",
                      "f": {
                        "lang": "akk-x-oldbab",
                        "form": "ri-im-{d}a-nu-um",
                        "cf": "Rīm-Anum",
                        "gw": "1",
                        "sense": "1",
                        "norm": "Rīm-Anum",
                        "pos": "RN",
                        "epos": "RN"
                      }
                    }
                  ]
                }
              ]
            }
          ]
        }
      ]
    },
    {
      "linkbase": [
        {
          "type": "linkset",
          "xlink_title": "ša qāti[under the authority of//under the authority of]PRP'PRP",
          "id": "P405274.ls00000",
          "xlink_type": "extended",
          "xlink_role": "psu",
          "sig": "{NIG₂.ŠU = ša[of]DET qātu[hand]N += ša qāti[under the authority of//under the authority of]PRP'PRP}::@rimanum%akk-x-oldbab:NIG₂.ŠU=ša[of//of]DET'DET$ša++@rimanum%akk-x-oldbab:NIG₂.ŠU=qātu[hand//authority]N'N$qāt",
          "links": [
            {
              "type": "link",
              "xlink_title": "ša",
              "xlink_type": "locator",
              "xlink_href": "#P405274.l00e88",
              "xlink_role": "elt"
            },
            {
              "type": "link",
              "xlink_title": "qātu",
              "xlink_type": "locator",
              "xlink_href": "#P405274.l00e89",
              "xlink_role": "elt"
            }
          ]
        },
        {
          "type": "linkset",
          "xlink_title": "person-spec",
          "id": "P405274.ls00001",
          "xlink_type": "extended",
          "xlink_role": "psa",
          "links": [
            {
              "type": "link",
              "xlink_title": "start",
              "xlink_type": "locator",
              "xlink_href": "#P405274.l00e8a",
              "xlink_role": "name"
            }
          ]
        },
        {
          "type": "linkset",
          "xlink_title": "person-spec",
          "id": "P405274.ls00002",
          "xlink_type": "extended",
          "xlink_role": "psa",
          "links": [
            {
              "type": "link",
              "xlink_title": "start",
              "xlink_type": "locator",
              "xlink_href": "#P405274.l00e8f",
              "xlink_role": "name"
            }
          ]
        },
        {
          "type": "linkset",
          "xlink_title": "person-spec",
          "id": "P405274.ls00003",
          "xlink_type": "extended",
          "xlink_role": "psa",
          "links": [
            {
              "type": "link",
              "xlink_title": "start",
              "xlink_type": "locator",
              "xlink_href": "#P405274.l00e94",
              "xlink_role": "name"
            },
            {
              "type": "link",
              "xlink_title": "end",
              "xlink_type": "locator",
              "xlink_href": "#P405274.l00e96",
              "xlink_role": "name"
            }
          ]
        },
        {
          "type": "linkset",
          "xlink_title": "person-spec",
          "id": "P405274.ls00004",
          "xlink_type": "extended",
          "xlink_role": "psa",
          "links": [
            {
              "type": "link",
              "xlink_title": "start",
              "xlink_type": "locator",
              "xlink_href": "#P405274.l00e98",
              "xlink_role": "name"
            }
          ]
        },
        {
          "type": "linkset",
          "xlink_title": "person-name",
          "id": "P405274.ls00005",
          "xlink_type": "extended",
          "xlink_role": "psa",
          "links": [
            {
              "type": "link",
              "xlink_title": "start",
              "xlink_type": "locator",
              "xlink_href": "#P405274.l00e8a",
              "xlink_role": "name"
            }
          ]
        },
        {
          "type": "linkset",
          "xlink_title": "person-name",
          "id": "P405274.ls00006",
          "xlink_type": "extended",
          "xlink_role": "psa",
          "links": [
            {
              "type": "link",
              "xlink_title": "start",
              "xlink_type": "locator",
              "xlink_href": "#P405274.l00e8f",
              "xlink_role": "name"
            }
          ]
        },
        {
          "type": "linkset",
          "xlink_title": "person-name",
          "id": "P405274.ls00007",
          "xlink_type": "extended",
          "xlink_role": "psa",
          "links": [
            {
              "type": "link",
              "xlink_title": "start",
              "xlink_type": "locator",
              "xlink_href": "#P405274.l00e94",
              "xlink_role": "name"
            }
          ]
        },
        {
          "type": "linkset",
          "xlink_title": "person-name",
          "id": "P405274.ls00008",
          "xlink_type": "extended",
          "xlink_role": "psa",
          "links": [
            {
              "type": "link",
              "xlink_title": "start",
              "xlink_type": "locator",
              "xlink_href": "#P405274.l00e96",
              "xlink_role": "name"
            },
            {
              "type": "link",
              "xlink_title": "end",
              "xlink_type": "locator",
              "xlink_href": "#P405274.l00e96",
              "xlink_role": "name"
            }
          ]
        },
        {
          "type": "linkset",
          "xlink_title": "person-name",
          "id": "P405274.ls00009",
          "xlink_type": "extended",
          "xlink_role": "psa",
          "links": [
            {
              "type": "link",
              "xlink_title": "start",
              "xlink_type": "locator",
              "xlink_href": "#P405274.l00e98",
              "xlink_role": "name"
            }
          ]
        }
      ]
    }
  ]
}
