{
  "type": "cdl",
  "source": "http://oracc.org/rimanum",
  "license": "This data is released under the CC0 license",
  "license-url": "https://creativecommons.org/publicdomain/zero/1.0/",
  "more-info": "http://oracc.org/doc/opendata/",
  "UTC-timestamp": "2017-06-10T00:16:55",
  "project": "rimanum",
  "textid": "P405202",
  "cdl": [
    {
      "node": "c",
      "type": "text",
      "id": "P405202.U0",
      "cdl": [
        {
          "node": "d",
          "subtype": "tablet",
          "type": "tablet",
          "ref": "P405202.x84.1",
          "label": "x84"
        },
        {
          "node": "d",
          "subtype": "obverse",
          "type": "obverse",
          "ref": "P405202.o.2",
          "label": "o"
        },
        {
          "node": "c",
          "type": "discourse",
          "subtype": "body",
          "id": "P405202.U1",
          "cdl": [
            {
              "node": "c",
              "type": "sentence",
              "id": "P405202.U2",
              "label": "o 1 - r 2’",
              "cdl": [
                {
                  "node": "d",
                  "type": "line-start",
                  "ref": "P405202.3",
                  "n": "1",
                  "label": "o 1"
                },
                {
                  "node": "l",
                  "frag": "[...]",
                  "id": "P405202.l005f5",
                  "ref": "P405202.3.1",
                  "inst": "%akk-x-oldbab:x=",
                  "f": {
                    "lang": "akk-x-oldbab",
                    "form": "x"
                  }
                },
                {
                  "node": "d",
                  "type": "nonx",
                  "ref": "P405202.4",
                  "strict": "0",
                  "state": "missing"
                },
                {
                  "node": "d",
                  "subtype": "reverse",
                  "type": "reverse",
                  "ref": "P405202.r.5",
                  "label": "r"
                },
                {
                  "node": "d",
                  "type": "line-start",
                  "ref": "P405202.6",
                  "n": "1’",
                  "label": "r 1’"
                },
                {
                  "node": "l",
                  "frag": "{iti}GAN.GAN.E₃",
                  "id": "P405202.l005f6",
                  "ref": "P405202.6.1",
                  "inst": "Kislīmu[1]MN",
                  "sig": "@rimanum%akk-x-oldbab:{iti}GAN.GAN.E₃=Kislīmu[1//1]MN'MN$Kislīmu",
                  "f": {
                    "lang": "akk-x-oldbab",
                    "form": "{iti}GAN.GAN.E₃",
                    "cf": "Kislīmu",
                    "gw": "1",
                    "sense": "1",
                    "norm": "Kislīmu",
                    "pos": "MN",
                    "epos": "MN"
                  }
                },
                {
                  "node": "l",
                  "frag": "U₄",
                  "id": "P405202.l005f7",
                  "ref": "P405202.6.2",
                  "inst": "ūmu[day]N",
                  "sig": "@rimanum%akk-x-oldbab:U₄=ūmu[day//day]N'N$ūmu",
                  "f": {
                    "lang": "akk-x-oldbab",
                    "form": "U₄",
                    "cf": "ūmu",
                    "gw": "day",
                    "sense": "day",
                    "norm": "ūmu",
                    "pos": "N",
                    "epos": "N"
                  }
                },
                {
                  "node": "l",
                  "frag": "25-KAM",
                  "id": "P405202.l005f8",
                  "ref": "P405202.6.3",
                  "inst": "n",
                  "f": {
                    "lang": "akk-x-oldbab",
                    "form": "25-KAM",
                    "pos": "n"
                  }
                },
                {
                  "node": "d",
                  "type": "line-start",
                  "ref": "P405202.7",
                  "n": "2’",
                  "label": "r 2’"
                },
                {
                  "node": "l",
                  "frag": "mu",
                  "id": "P405202.l005f9",
                  "ref": "P405202.7.1",
                  "inst": "mu[year]N",
                  "sig": "@rimanum%sux:mu=mu[year//year]N'N$mu/mu#~",
                  "f": {
                    "lang": "sux",
                    "form": "mu",
                    "cf": "mu",
                    "gw": "year",
                    "sense": "year",
                    "norm0": "mu",
                    "pos": "N",
                    "epos": "N",
                    "base": "mu",
                    "morph": "~"
                  }
                },
                {
                  "node": "c",
                  "type": "phrase",
                  "tag": "person-name",
                  "id": "P405202.U5",
                  "ref": "P405202.ls00001",
                  "cdl": [
                    {
                      "node": "l",
                      "frag": "ri-im-{d}a-nu-um",
                      "id": "P405202.l005fa",
                      "ref": "P405202.7.2",
                      "inst": "Rīm-Anum[1]RN",
                      "sig": "@rimanum%sux:ri-im-{d}a-nu-um=Rīm-Anum[1//1]RN'RN$Rīm-Anum/ri-im-{d}a-nu-um#~",
                      "f": {
                        "lang": "sux",
                        "form": "ri-im-{d}a-nu-um",
                        "cf": "Rīm-Anum",
                        "gw": "1",
                        "sense": "1",
                        "norm0": "Rīm-Anum",
                        "pos": "RN",
                        "epos": "RN",
                        "base": "ri-im-{d}a-nu-um",
                        "morph": "~"
                      }
                    }
                  ]
                },
                {
                  "node": "l",
                  "frag": "lugal",
                  "id": "P405202.l005fb",
                  "ref": "P405202.7.3",
                  "inst": "lugal[king]N",
                  "sig": "@rimanum%sux:lugal=lugal[king//king]N'N$lugal/lugal#~",
                  "f": {
                    "lang": "sux",
                    "form": "lugal",
                    "cf": "lugal",
                    "gw": "king",
                    "sense": "king",
                    "norm0": "lugal",
                    "pos": "N",
                    "epos": "N",
                    "base": "lugal",
                    "morph": "~"
                  }
                }
              ]
            }
          ]
        }
      ]
    },
    {
      "linkbase": [
        {
          "type": "linkset",
          "xlink_title": "person-spec",
          "id": "P405202.ls00000",
          "xlink_type": "extended",
          "xlink_role": "psa",
          "links": [
            {
              "type": "link",
              "xlink_title": "start",
              "xlink_type": "locator",
              "xlink_href": "#P405202.l005fa",
              "xlink_role": "name"
            }
          ]
        },
        {
          "type": "linkset",
          "xlink_title": "person-name",
          "id": "P405202.ls00001",
          "xlink_type": "extended",
          "xlink_role": "psa",
          "links": [
            {
              "type": "link",
              "xlink_title": "start",
              "xlink_type": "locator",
              "xlink_href": "#P405202.l005fa",
              "xlink_role": "name"
            }
          ]
        }
      ]
    }
  ]
}
