{
  "type": "cdl",
  "source": "http://oracc.org/rimanum",
  "license": "This data is released under the CC0 license",
  "license-url": "https://creativecommons.org/publicdomain/zero/1.0/",
  "more-info": "http://oracc.org/doc/opendata/",
  "UTC-timestamp": "2017-06-10T00:16:52",
  "project": "rimanum",
  "textid": "P405235",
  "cdl": [
    {
      "node": "c",
      "type": "text",
      "id": "P405235.U0",
      "cdl": [
        {
          "node": "d",
          "subtype": "tablet",
          "type": "tablet",
          "ref": "P405235.x127.1",
          "label": "x127"
        },
        {
          "node": "d",
          "subtype": "obverse",
          "type": "obverse",
          "ref": "P405235.o.2",
          "label": "o"
        },
        {
          "node": "c",
          "type": "discourse",
          "subtype": "body",
          "id": "P405235.U1",
          "cdl": [
            {
              "node": "c",
              "type": "sentence",
              "id": "P405235.U2",
              "label": "o 1 - r 2",
              "cdl": [
                {
                  "node": "d",
                  "type": "line-start",
                  "ref": "P405235.3",
                  "n": "1",
                  "label": "o 1"
                },
                {
                  "node": "l",
                  "frag": "1(BARIG)",
                  "id": "P405235.l00ad0",
                  "ref": "P405235.3.1",
                  "inst": "n",
                  "f": {
                    "lang": "akk-x-oldbab",
                    "form": "1(BARIG)",
                    "pos": "n"
                  }
                },
                {
                  "node": "l",
                  "frag": "⸢ZI₃.DA⸣",
                  "id": "P405235.l00ad1",
                  "ref": "P405235.3.2",
                  "inst": "qēmu[flour]N",
                  "sig": "@rimanum%akk-x-oldbab:ZI₃.DA=qēmu[flour//flour]N'N$qēmu",
                  "f": {
                    "lang": "akk-x-oldbab",
                    "form": "ZI₃.DA",
                    "cf": "qēmu",
                    "gw": "flour",
                    "sense": "flour",
                    "norm": "qēmu",
                    "pos": "N",
                    "epos": "N"
                  }
                },
                {
                  "node": "d",
                  "type": "line-start",
                  "ref": "P405235.4",
                  "n": "2",
                  "label": "o 2"
                },
                {
                  "node": "l",
                  "frag": "⸢ŠUKU",
                  "id": "P405235.l00ad2",
                  "ref": "P405235.4.1",
                  "inst": "kurummat[food allocation]N",
                  "sig": "@rimanum%akk-x-oldbab:ŠUKU=kurummatu[food allocation//food allocation]N'N$kurummat",
                  "f": {
                    "lang": "akk-x-oldbab",
                    "form": "ŠUKU",
                    "cf": "kurummatu",
                    "gw": "food allocation",
                    "sense": "food allocation",
                    "norm": "kurummat",
                    "pos": "N",
                    "epos": "N"
                  }
                },
                {
                  "node": "l",
                  "frag": "E₂",
                  "id": "P405235.l00ad3",
                  "ref": "P405235.4.2",
                  "inst": "bīt[house]N",
                  "sig": "@rimanum%akk-x-oldbab:E₂=bītu[house//house]N'N$bīt",
                  "f": {
                    "lang": "akk-x-oldbab",
                    "form": "E₂",
                    "cf": "bītu",
                    "gw": "house",
                    "sense": "house",
                    "norm": "bīt",
                    "pos": "N",
                    "epos": "N"
                  }
                },
                {
                  "node": "l",
                  "frag": "a-si⸣-[ri]",
                  "id": "P405235.l00ad4",
                  "ref": "P405235.4.3",
                  "inst": "asīrī[prisoner of war]N",
                  "sig": "@rimanum%akk-x-oldbab:a-si-ri=asīru[captive//prisoner of war]N'N$asīrī",
                  "f": {
                    "lang": "akk-x-oldbab",
                    "form": "a-si-ri",
                    "cf": "asīru",
                    "gw": "captive",
                    "sense": "prisoner of war",
                    "norm": "asīrī",
                    "pos": "N",
                    "epos": "N"
                  }
                },
                {
                  "node": "d",
                  "type": "line-start",
                  "ref": "P405235.5",
                  "n": "3",
                  "label": "o 3"
                },
                {
                  "node": "l",
                  "frag": "ZI.⸢GA⸣",
                  "id": "P405235.l00ad5",
                  "ref": "P405235.5.1",
                  "inst": "ṣītu[expenditure]N",
                  "sig": "@rimanum%akk-x-oldbab:ZI.GA=ṣītu[exit//expenditure]N'N$ṣītu",
                  "f": {
                    "lang": "akk-x-oldbab",
                    "form": "ZI.GA",
                    "cf": "ṣītu",
                    "gw": "exit",
                    "sense": "expenditure",
                    "norm": "ṣītu",
                    "pos": "N",
                    "epos": "N"
                  }
                },
                {
                  "node": "d",
                  "type": "line-start",
                  "ref": "P405235.6",
                  "n": "4",
                  "label": "o 4"
                },
                {
                  "node": "c",
                  "type": "phrase",
                  "tag": "phr",
                  "id": "P405235.U5",
                  "ref": "P405235.ls00000",
                  "cdl": [
                    {
                      "node": "l",
                      "frag": "NIG₂.ŠU",
                      "id": "P405235.l00ad6",
                      "ref": "P405235.6.1",
                      "cof-tails": "P405235.l00ad7",
                      "inst": "ša[of]DET&qāt[authority]N",
                      "sig": "@rimanum%akk-x-oldbab:NIG₂.ŠU=ša[of//of]DET'DET$ša&&@rimanum%akk-x-oldbab:=qātu[hand//authority]N'N$qāt",
                      "f": {
                        "lang": "akk-x-oldbab",
                        "form": "NIG₂.ŠU",
                        "cf": "ša",
                        "gw": "of",
                        "sense": "of",
                        "norm": "ša",
                        "pos": "DET",
                        "epos": "DET"
                      }
                    },
                    {
                      "node": "l",
                      "frag": "NIG₂.ŠU",
                      "id": "P405235.l00ad7",
                      "ref": "P405235.6.1",
                      "cof-head": "P405235.l00ad6",
                      "inst": "ša[of]DET&qāt[authority]N",
                      "tail-sig": "@rimanum%akk-x-oldbab:=qātu[hand//authority]N'N$qāt",
                      "f": {
                        "lang": "akk-x-oldbab",
                        "form": "NIG₂.ŠU",
                        "cf": "qātu",
                        "gw": "hand",
                        "sense": "authority",
                        "norm": "qāt",
                        "pos": "N",
                        "epos": "N"
                      }
                    }
                  ]
                },
                {
                  "node": "c",
                  "type": "phrase",
                  "tag": "person-name",
                  "id": "P405235.U6",
                  "ref": "P405235.ls00002",
                  "cdl": [
                    {
                      "node": "l",
                      "frag": "⸢na-bi⸣-{[d}EN.ZU]",
                      "id": "P405235.l00ad8",
                      "ref": "P405235.6.2",
                      "inst": "Nabi-Sîn[00]PN",
                      "sig": "@rimanum%akk-x-oldbab:na-bi-{d}EN.ZU=Nabi-Sîn[00//00]PN'PN$Nabi-Sîn",
                      "f": {
                        "lang": "akk-x-oldbab",
                        "form": "na-bi-{d}EN.ZU",
                        "cf": "Nabi-Sîn",
                        "gw": "00",
                        "sense": "00",
                        "norm": "Nabi-Sîn",
                        "pos": "PN",
                        "epos": "PN"
                      }
                    }
                  ]
                },
                {
                  "node": "d",
                  "subtype": "reverse",
                  "type": "reverse",
                  "ref": "P405235.r.7",
                  "label": "r"
                },
                {
                  "node": "d",
                  "type": "line-start",
                  "ref": "P405235.8",
                  "n": "1",
                  "label": "r 1"
                },
                {
                  "node": "l",
                  "frag": "{⸢iti}APIN⸣.DU₈.A",
                  "id": "P405235.l00ad9",
                  "ref": "P405235.8.1",
                  "inst": "Kinūnu[1]MN",
                  "sig": "@rimanum%akk-x-oldbab:{iti}APIN.DU₈.A=Kinūnu[1//1]MN'MN$Kinūnu",
                  "f": {
                    "lang": "akk-x-oldbab",
                    "form": "{iti}APIN.DU₈.A",
                    "cf": "Kinūnu",
                    "gw": "1",
                    "sense": "1",
                    "norm": "Kinūnu",
                    "pos": "MN",
                    "epos": "MN"
                  }
                },
                {
                  "node": "l",
                  "frag": "U₄",
                  "id": "P405235.l00ada",
                  "ref": "P405235.8.2",
                  "inst": "ūmu[day]N$ūmu",
                  "sig": "@rimanum%akk-x-oldbab:U₄=ūmu[day//day]N'N$ūmu",
                  "f": {
                    "lang": "akk-x-oldbab",
                    "form": "U₄",
                    "cf": "ūmu",
                    "gw": "day",
                    "sense": "day",
                    "norm": "ūmu",
                    "pos": "N",
                    "epos": "N"
                  }
                },
                {
                  "node": "l",
                  "frag": "20-[KAM]",
                  "id": "P405235.l00adb",
                  "ref": "P405235.8.3",
                  "inst": "n",
                  "f": {
                    "lang": "akk-x-oldbab",
                    "form": "20-KAM",
                    "pos": "n"
                  }
                },
                {
                  "node": "d",
                  "type": "line-start",
                  "ref": "P405235.9",
                  "n": "2",
                  "label": "r 2"
                },
                {
                  "node": "l",
                  "frag": "⸢mu⸣",
                  "id": "P405235.l00adc",
                  "ref": "P405235.9.1",
                  "inst": "mu[year]N",
                  "sig": "@rimanum%sux:mu=mu[year//year]N'N$mu/mu#~",
                  "f": {
                    "lang": "sux",
                    "form": "mu",
                    "cf": "mu",
                    "gw": "year",
                    "sense": "year",
                    "norm0": "mu",
                    "pos": "N",
                    "epos": "N",
                    "base": "mu",
                    "morph": "~"
                  }
                },
                {
                  "node": "l",
                  "frag": "unug{ki}",
                  "id": "P405235.l00add",
                  "ref": "P405235.9.2",
                  "inst": "Uruk[1]SN",
                  "sig": "@rimanum%sux:unug{ki}=Uruk[1//1]SN'SN$Uruk/unug{ki}#~",
                  "f": {
                    "lang": "sux",
                    "form": "unug{ki}",
                    "cf": "Uruk",
                    "gw": "1",
                    "sense": "1",
                    "norm0": "Uruk",
                    "pos": "SN",
                    "epos": "SN",
                    "base": "unug{ki}",
                    "morph": "~"
                  }
                },
                {
                  "node": "l",
                  "frag": "u₃",
                  "id": "P405235.l00ade",
                  "ref": "P405235.9.3",
                  "inst": "u[and]CNJ",
                  "sig": "@rimanum%sux:u₃=u[and//and]CNJ'CNJ$u/u₃#~",
                  "f": {
                    "lang": "sux",
                    "form": "u₃",
                    "cf": "u",
                    "gw": "and",
                    "sense": "and",
                    "norm0": "u",
                    "pos": "CNJ",
                    "epos": "CNJ",
                    "base": "u₃",
                    "morph": "~"
                  }
                },
                {
                  "node": "l",
                  "frag": "⸢a₂-dam⸣-[bi]",
                  "id": "P405235.l00adf",
                  "ref": "P405235.9.4",
                  "inst": "adam[habitation]N",
                  "sig": "@rimanum%sux:a₂-dam-bi=adam[habitation//habitation]N'N$adam,bi/a₂-dam#~,bi",
                  "f": {
                    "lang": "sux",
                    "form": "a₂-dam-bi",
                    "cf": "adam",
                    "gw": "habitation",
                    "sense": "habitation",
                    "norm0": "adam,bi",
                    "pos": "N",
                    "epos": "N",
                    "base": "a₂-dam",
                    "morph": "~,bi"
                  }
                },
                {
                  "node": "d",
                  "type": "nonx",
                  "ref": "P405235.10",
                  "strict": "0",
                  "state": "illegible"
                }
              ]
            }
          ]
        }
      ]
    },
    {
      "linkbase": [
        {
          "type": "linkset",
          "xlink_title": "ša qāti[under the authority of//under the authority of]PRP'PRP",
          "id": "P405235.ls00000",
          "xlink_type": "extended",
          "xlink_role": "psu",
          "sig": "{NIG₂.ŠU = ša[of]DET qātu[hand]N += ša qāti[under the authority of//under the authority of]PRP'PRP}::@rimanum%akk-x-oldbab:NIG₂.ŠU=ša[of//of]DET'DET$ša++@rimanum%akk-x-oldbab:NIG₂.ŠU=qātu[hand//authority]N'N$qāt",
          "links": [
            {
              "type": "link",
              "xlink_title": "ša",
              "xlink_type": "locator",
              "xlink_href": "#P405235.l00ad6",
              "xlink_role": "elt"
            },
            {
              "type": "link",
              "xlink_title": "qāt",
              "xlink_type": "locator",
              "xlink_href": "#P405235.l00ad7",
              "xlink_role": "elt"
            }
          ]
        },
        {
          "type": "linkset",
          "xlink_title": "person-spec",
          "id": "P405235.ls00001",
          "xlink_type": "extended",
          "xlink_role": "psa",
          "links": [
            {
              "type": "link",
              "xlink_title": "start",
              "xlink_type": "locator",
              "xlink_href": "#P405235.l00ad8",
              "xlink_role": "name"
            }
          ]
        },
        {
          "type": "linkset",
          "xlink_title": "person-name",
          "id": "P405235.ls00002",
          "xlink_type": "extended",
          "xlink_role": "psa",
          "links": [
            {
              "type": "link",
              "xlink_title": "start",
              "xlink_type": "locator",
              "xlink_href": "#P405235.l00ad8",
              "xlink_role": "name"
            }
          ]
        }
      ]
    }
  ]
}
