{
  "type": "cdl",
  "source": "http://oracc.org/rimanum",
  "license": "This data is released under the CC0 license",
  "license-url": "https://creativecommons.org/publicdomain/zero/1.0/",
  "more-info": "http://oracc.org/doc/opendata/",
  "UTC-timestamp": "2017-06-10T00:17:16",
  "project": "rimanum",
  "textid": "P405395",
  "cdl": [
    {
      "node": "c",
      "type": "text",
      "id": "P405395.U0",
      "cdl": [
        {
          "node": "d",
          "subtype": "tablet",
          "type": "tablet",
          "ref": "P405395.x279.1",
          "label": "x279"
        },
        {
          "node": "d",
          "subtype": "obverse",
          "type": "obverse",
          "ref": "P405395.o.2",
          "label": "o"
        },
        {
          "node": "c",
          "type": "discourse",
          "subtype": "body",
          "id": "P405395.U1",
          "cdl": [
            {
              "node": "c",
              "type": "sentence",
              "id": "P405395.U2",
              "label": "o 1 - r 3",
              "cdl": [
                {
                  "node": "d",
                  "type": "line-start",
                  "ref": "P405395.3",
                  "n": "1",
                  "label": "o 1"
                },
                {
                  "node": "l",
                  "frag": "{⸢m}ši-mu-um",
                  "id": "P405395.l01f88",
                  "ref": "P405395.3.1",
                  "inst": "X",
                  "f": {
                    "lang": "akk-x-oldbab",
                    "form": "{m}ši-mu-um",
                    "pos": "X"
                  }
                },
                {
                  "node": "l",
                  "frag": "x",
                  "id": "P405395.l01f89",
                  "ref": "P405395.3.2",
                  "inst": "u",
                  "f": {
                    "lang": "akk-x-oldbab",
                    "form": "x",
                    "pos": "u"
                  }
                },
                {
                  "node": "l",
                  "frag": "x",
                  "id": "P405395.l01f8a",
                  "ref": "P405395.3.3",
                  "inst": "u",
                  "f": {
                    "lang": "akk-x-oldbab",
                    "form": "x",
                    "pos": "u"
                  }
                },
                {
                  "node": "l",
                  "frag": "x",
                  "id": "P405395.l01f8b",
                  "ref": "P405395.3.4",
                  "inst": "u",
                  "f": {
                    "lang": "akk-x-oldbab",
                    "form": "x",
                    "pos": "u"
                  }
                },
                {
                  "node": "l",
                  "frag": "x",
                  "id": "P405395.l01f8c",
                  "ref": "P405395.3.5",
                  "inst": "u",
                  "f": {
                    "lang": "akk-x-oldbab",
                    "form": "x",
                    "pos": "u"
                  }
                },
                {
                  "node": "l",
                  "frag": "an",
                  "id": "P405395.l01f8d",
                  "ref": "P405395.3.6",
                  "inst": "X",
                  "f": {
                    "lang": "akk-x-oldbab",
                    "form": "an",
                    "pos": "X"
                  }
                },
                {
                  "node": "l",
                  "frag": "x",
                  "id": "P405395.l01f8e",
                  "ref": "P405395.3.7",
                  "inst": "u",
                  "f": {
                    "lang": "akk-x-oldbab",
                    "form": "x",
                    "pos": "u"
                  }
                },
                {
                  "node": "l",
                  "frag": "x⸣",
                  "id": "P405395.l01f8f",
                  "ref": "P405395.3.8",
                  "inst": "u",
                  "f": {
                    "lang": "akk-x-oldbab",
                    "form": "x",
                    "pos": "u"
                  }
                },
                {
                  "node": "d",
                  "type": "line-start",
                  "ref": "P405395.4",
                  "n": "2",
                  "label": "o 2"
                },
                {
                  "node": "c",
                  "type": "phrase",
                  "tag": "person-name",
                  "id": "P405395.U6",
                  "ref": "P405395.ls00002",
                  "cdl": [
                    {
                      "node": "l",
                      "frag": "{m}i-din-{d}na-na-a",
                      "id": "P405395.l01f90",
                      "ref": "P405395.4.1",
                      "inst": "Iddin-Nanâ[00]PN",
                      "sig": "@rimanum%akk-x-oldbab:{m}i-din-{d}na-na-a=Iddin-Nanâ[00//00]PN'PN$Iddin-Nanâ",
                      "f": {
                        "lang": "akk-x-oldbab",
                        "form": "{m}i-din-{d}na-na-a",
                        "cf": "Iddin-Nanâ",
                        "gw": "00",
                        "sense": "00",
                        "norm": "Iddin-Nanâ",
                        "pos": "PN",
                        "epos": "PN"
                      }
                    }
                  ]
                },
                {
                  "node": "d",
                  "type": "line-start",
                  "ref": "P405395.5",
                  "n": "3",
                  "label": "o 3"
                },
                {
                  "node": "l",
                  "frag": "⸢ŠA₃",
                  "id": "P405395.l01f91",
                  "ref": "P405395.5.1",
                  "inst": "libbu[inner body//among]N'PRP$libbi",
                  "sig": "@rimanum%akk-x-oldbab:ŠA₃=libbu[inner body//among]N'PRP$libbi",
                  "f": {
                    "lang": "akk-x-oldbab",
                    "form": "ŠA₃",
                    "cf": "libbu",
                    "gw": "inner body",
                    "sense": "among",
                    "norm": "libbi",
                    "pos": "N",
                    "epos": "PRP"
                  }
                },
                {
                  "node": "l",
                  "frag": "{lu₂⸣}A.SI.⸢RUM⸣",
                  "id": "P405395.l01f92",
                  "ref": "P405395.5.2",
                  "inst": "asīrī[prisoner of war]N",
                  "sig": "@rimanum%akk-x-oldbab:{lu₂}A.SI.RUM=asīru[captive//prisoner of war]N'N$asīrī",
                  "f": {
                    "lang": "akk-x-oldbab",
                    "form": "{lu₂}A.SI.RUM",
                    "cf": "asīru",
                    "gw": "captive",
                    "sense": "prisoner of war",
                    "norm": "asīrī",
                    "pos": "N",
                    "epos": "N"
                  }
                },
                {
                  "node": "l",
                  "frag": "ŠA₃",
                  "id": "P405395.l01f93",
                  "ref": "P405395.5.3",
                  "inst": "libbu[inner body//among]N'PRP$libbi",
                  "sig": "@rimanum%akk-x-oldbab:ŠA₃=libbu[inner body//among]N'PRP$libbi",
                  "f": {
                    "lang": "akk-x-oldbab",
                    "form": "ŠA₃",
                    "cf": "libbu",
                    "gw": "inner body",
                    "sense": "among",
                    "norm": "libbi",
                    "pos": "N",
                    "epos": "PRP"
                  }
                },
                {
                  "node": "l",
                  "frag": "6",
                  "id": "P405395.l01f94",
                  "ref": "P405395.5.4",
                  "inst": "n",
                  "f": {
                    "lang": "akk-x-oldbab",
                    "form": "6",
                    "pos": "n"
                  }
                },
                {
                  "node": "l",
                  "frag": "a-si-ri",
                  "id": "P405395.l01f95",
                  "ref": "P405395.5.5",
                  "inst": "asīrī[prisoner of war]N",
                  "sig": "@rimanum%akk-x-oldbab:a-si-ri=asīru[captive//prisoner of war]N'N$asīrī",
                  "f": {
                    "lang": "akk-x-oldbab",
                    "form": "a-si-ri",
                    "cf": "asīru",
                    "gw": "captive",
                    "sense": "prisoner of war",
                    "norm": "asīrī",
                    "pos": "N",
                    "epos": "N"
                  }
                },
                {
                  "node": "d",
                  "type": "nonw",
                  "ref": ""
                },
                {
                  "node": "d",
                  "type": "line-start",
                  "ref": "P405395.6",
                  "n": "4",
                  "label": "o 4"
                },
                {
                  "node": "l",
                  "frag": "ša",
                  "id": "P405395.l01f96",
                  "ref": "P405395.6.1",
                  "inst": "ša[who]REL",
                  "sig": "@rimanum%akk-x-oldbab:ša=ša[who//who]REL'REL$ša",
                  "f": {
                    "lang": "akk-x-oldbab",
                    "form": "ša",
                    "cf": "ša",
                    "gw": "who",
                    "sense": "who",
                    "norm": "ša",
                    "pos": "REL",
                    "epos": "REL"
                  }
                },
                {
                  "node": "l",
                  "frag": "⸢iš⸣-tu",
                  "id": "P405395.l01f97",
                  "ref": "P405395.6.2",
                  "inst": "ištu[from]PRP",
                  "sig": "@rimanum%akk-x-oldbab:iš-tu=ištu[from//from]PRP'PRP$ištu",
                  "f": {
                    "lang": "akk-x-oldbab",
                    "form": "iš-tu",
                    "cf": "ištu",
                    "gw": "from",
                    "sense": "from",
                    "norm": "ištu",
                    "pos": "PRP",
                    "epos": "PRP"
                  }
                },
                {
                  "node": "l",
                  "frag": "KA₂.DINGIR.RA{ki}",
                  "id": "P405395.l01f98",
                  "ref": "P405395.6.3",
                  "inst": "Bābilu[1//1]SN'SN$Bābilu",
                  "sig": "@rimanum%akk-x-oldbab:KA₂.DINGIR.RA{ki}=Bābilu[1//1]SN'SN$Bābilu",
                  "f": {
                    "lang": "akk-x-oldbab",
                    "form": "KA₂.DINGIR.RA{ki}",
                    "cf": "Bābilu",
                    "gw": "1",
                    "sense": "1",
                    "norm": "Bābilu",
                    "pos": "SN",
                    "epos": "SN"
                  }
                },
                {
                  "node": "l",
                  "frag": "il-li-ku-nim-ma",
                  "id": "P405395.l01f99",
                  "ref": "P405395.6.4",
                  "inst": "illikūnimma[to go]V",
                  "sig": "@rimanum%akk-x-oldbab:il-li-ku-nim-ma=alāku[go//to go]V'V$illikūnimma",
                  "f": {
                    "lang": "akk-x-oldbab",
                    "form": "il-li-ku-nim-ma",
                    "cf": "alāku",
                    "gw": "go",
                    "sense": "to go",
                    "norm": "illikūnimma",
                    "pos": "V",
                    "epos": "V"
                  }
                },
                {
                  "node": "d",
                  "type": "nonw",
                  "ref": ""
                },
                {
                  "node": "d",
                  "type": "line-start",
                  "ref": "P405395.7",
                  "n": "5",
                  "label": "o 5"
                },
                {
                  "node": "l",
                  "frag": "i-na",
                  "id": "P405395.l01f9a",
                  "ref": "P405395.7.1",
                  "inst": "ina[in]PRP",
                  "sig": "@rimanum%akk-x-oldbab:i-na=ina[in//in]PRP'PRP$ina",
                  "f": {
                    "lang": "akk-x-oldbab",
                    "form": "i-na",
                    "cf": "ina",
                    "gw": "in",
                    "sense": "in",
                    "norm": "ina",
                    "pos": "PRP",
                    "epos": "PRP"
                  }
                },
                {
                  "node": "l",
                  "frag": "KI.SUR.RA{ki}",
                  "id": "P405395.l01f9b",
                  "ref": "P405395.7.2",
                  "inst": "Kisura[1]SN",
                  "sig": "@rimanum%akk-x-oldbab:KI.SUR.RA{ki}=Kisura[1//1]SN'SN$Kisura",
                  "f": {
                    "lang": "akk-x-oldbab",
                    "form": "KI.SUR.RA{ki}",
                    "cf": "Kisura",
                    "gw": "1",
                    "sense": "1",
                    "norm": "Kisura",
                    "pos": "SN",
                    "epos": "SN"
                  }
                },
                {
                  "node": "d",
                  "type": "line-start",
                  "ref": "P405395.8",
                  "n": "6",
                  "label": "o 6"
                },
                {
                  "node": "l",
                  "frag": "u₂-te-er-ru-ni-iš-šu-nu-⸢ti⸣",
                  "id": "P405395.l01f9c",
                  "ref": "P405395.8.1",
                  "inst": "+târu[to turn//to capture]V'V$uterrūniššunūti",
                  "sig": "@rimanum%akk-x-oldbab:u₂-te-er-ru-ni-iš-šu-nu-ti=târu[to turn//to capture]V'V$uterrūniššunūti",
                  "f": {
                    "lang": "akk-x-oldbab",
                    "form": "u₂-te-er-ru-ni-iš-šu-nu-ti",
                    "cf": "târu",
                    "gw": "turn",
                    "sense": "to capture",
                    "norm": "uterrūniššunūti",
                    "pos": "V",
                    "epos": "V"
                  }
                },
                {
                  "node": "d",
                  "type": "line-start",
                  "ref": "P405395.9",
                  "n": "7",
                  "label": "o 7"
                },
                {
                  "node": "l",
                  "frag": "ŠU.BAR",
                  "id": "P405395.l01f9d",
                  "ref": "P405395.9.1",
                  "inst": "wuššur[released man]N",
                  "sig": "@rimanum%akk-x-oldbab:ŠU.BAR=wuššuru[exempt one//released man]N'N$wuššur",
                  "f": {
                    "lang": "akk-x-oldbab",
                    "form": "ŠU.BAR",
                    "cf": "wuššuru",
                    "gw": "exempt one",
                    "sense": "released man",
                    "norm": "wuššur",
                    "pos": "N",
                    "epos": "N"
                  }
                },
                {
                  "node": "l",
                  "frag": "LUGAL",
                  "id": "P405395.l01f9e",
                  "ref": "P405395.9.2",
                  "inst": "šarri[king]N",
                  "sig": "@rimanum%akk-x-oldbab:LUGAL=šarru[king//king]N'N$šarri",
                  "f": {
                    "lang": "akk-x-oldbab",
                    "form": "LUGAL",
                    "cf": "šarru",
                    "gw": "king",
                    "sense": "king",
                    "norm": "šarri",
                    "pos": "N",
                    "epos": "N"
                  },
                  "props": [
                    {
                      "name": "status",
                      "group": "marker",
                      "value": "king",
                      "ngram": "4682",
                      "id": "p0000027a"
                    }
                  ]
                },
                {
                  "node": "d",
                  "type": "line-start",
                  "ref": "P405395.10",
                  "n": "8",
                  "label": "o 8"
                },
                {
                  "node": "l",
                  "frag": "a-na",
                  "id": "P405395.l01f9f",
                  "ref": "P405395.10.1",
                  "inst": "ana[to//for]PRP'PRP$ana",
                  "sig": "@rimanum%akk-x-oldbab:a-na=ana[to//for]PRP'PRP$ana",
                  "f": {
                    "lang": "akk-x-oldbab",
                    "form": "a-na",
                    "cf": "ana",
                    "gw": "to",
                    "sense": "for",
                    "norm": "ana",
                    "pos": "PRP",
                    "epos": "PRP"
                  }
                },
                {
                  "node": "c",
                  "type": "phrase",
                  "tag": "person-name",
                  "id": "P405395.U7",
                  "ref": "P405395.ls00003",
                  "cdl": [
                    {
                      "node": "l",
                      "frag": "u-bar-{d}UTU",
                      "id": "P405395.l01fa0",
                      "ref": "P405395.10.2",
                      "inst": "+Ubār-Šamaš[00//00]PN'PN$Ubār-Šamaš",
                      "sig": "@rimanum%akk-x-oldbab:u-bar-{d}UTU=Ubār-Šamaš[00//00]PN'PN$Ubār-Šamaš",
                      "f": {
                        "lang": "akk-x-oldbab",
                        "form": "u-bar-{d}UTU",
                        "cf": "Ubār-Šamaš",
                        "gw": "00",
                        "sense": "00",
                        "norm": "Ubār-Šamaš",
                        "pos": "PN",
                        "epos": "PN"
                      }
                    }
                  ]
                },
                {
                  "node": "d",
                  "frag": "/",
                  "type": "punct",
                  "ref": "P405395.10.3",
                  "lang": "akk-x-oldbab",
                  "gdl_delim": " "
                },
                {
                  "node": "l",
                  "frag": "UGULA",
                  "id": "P405395.l01fa1",
                  "ref": "P405395.10.4",
                  "inst": "wakil[overseer]N",
                  "sig": "@rimanum%akk-x-oldbab:UGULA=waklu[overseer//overseer]N'N$wakil",
                  "f": {
                    "lang": "akk-x-oldbab",
                    "form": "UGULA",
                    "cf": "waklu",
                    "gw": "overseer",
                    "sense": "overseer",
                    "norm": "wakil",
                    "pos": "N",
                    "epos": "N"
                  }
                },
                {
                  "node": "l",
                  "frag": "AGA₃.US₂-MEŠ",
                  "id": "P405395.l01fa2",
                  "ref": "P405395.10.5",
                  "inst": "rēdî[soldier]N",
                  "sig": "@rimanum%akk-x-oldbab:AGA₃.US₂-MEŠ=rēdû[soldier//soldier]N'N$rēdî",
                  "f": {
                    "lang": "akk-x-oldbab",
                    "form": "AGA₃.US₂-MEŠ",
                    "cf": "rēdû",
                    "gw": "soldier",
                    "sense": "soldier",
                    "norm": "rēdî",
                    "pos": "N",
                    "epos": "N"
                  }
                },
                {
                  "node": "d",
                  "subtype": "reverse",
                  "type": "reverse",
                  "ref": "P405395.r.11",
                  "label": "r"
                },
                {
                  "node": "d",
                  "type": "line-start",
                  "ref": "P405395.12",
                  "n": "1",
                  "label": "r 1"
                },
                {
                  "node": "l",
                  "frag": "{iti}BAR₂.ZAG.GAR",
                  "id": "P405395.l01fa3",
                  "ref": "P405395.12.1",
                  "inst": "Nisānu[1]MN",
                  "sig": "@rimanum%akk-x-oldbab:{iti}BAR₂.ZAG.GAR=Nisānu[1//1]MN'MN$Nisānu",
                  "f": {
                    "lang": "akk-x-oldbab",
                    "form": "{iti}BAR₂.ZAG.GAR",
                    "cf": "Nisānu",
                    "gw": "1",
                    "sense": "1",
                    "norm": "Nisānu",
                    "pos": "MN",
                    "epos": "MN"
                  }
                },
                {
                  "node": "l",
                  "frag": "U₄",
                  "id": "P405395.l01fa4",
                  "ref": "P405395.12.2",
                  "inst": "ūmu[day]N$ūmu",
                  "sig": "@rimanum%akk-x-oldbab:U₄=ūmu[day//day]N'N$ūmu",
                  "f": {
                    "lang": "akk-x-oldbab",
                    "form": "U₄",
                    "cf": "ūmu",
                    "gw": "day",
                    "sense": "day",
                    "norm": "ūmu",
                    "pos": "N",
                    "epos": "N"
                  }
                },
                {
                  "node": "l",
                  "frag": "5-⸢KAM⸣",
                  "id": "P405395.l01fa5",
                  "ref": "P405395.12.3",
                  "inst": "n",
                  "f": {
                    "lang": "akk-x-oldbab",
                    "form": "5-KAM",
                    "pos": "n"
                  }
                },
                {
                  "node": "d",
                  "type": "line-start",
                  "ref": "P405395.13",
                  "n": "2",
                  "label": "r 2"
                },
                {
                  "node": "l",
                  "frag": "mu",
                  "id": "P405395.l01fa6",
                  "ref": "P405395.13.1",
                  "inst": "mu[year]N",
                  "sig": "@rimanum%sux:mu=mu[year//year]N'N$mu/mu#~",
                  "f": {
                    "lang": "sux",
                    "form": "mu",
                    "cf": "mu",
                    "gw": "year",
                    "sense": "year",
                    "norm0": "mu",
                    "pos": "N",
                    "epos": "N",
                    "base": "mu",
                    "morph": "~"
                  }
                },
                {
                  "node": "l",
                  "frag": "sahar",
                  "id": "P405395.l01fa7",
                  "ref": "P405395.13.2",
                  "inst": "sahar[frost]N",
                  "sig": "@rimanum%sux:sahar=sahar[frost//frost]N'N$sahar/sahar#~",
                  "f": {
                    "lang": "sux",
                    "form": "sahar",
                    "cf": "sahar",
                    "gw": "frost",
                    "sense": "frost",
                    "norm0": "sahar",
                    "pos": "N",
                    "epos": "N",
                    "base": "sahar",
                    "morph": "~"
                  }
                },
                {
                  "node": "l",
                  "frag": "unug{ki}še₃",
                  "id": "P405395.l01fa8",
                  "ref": "P405395.13.3",
                  "inst": "Uruk[1]SN",
                  "sig": "@rimanum%sux:unug{ki}-še₃=Uruk[1//1]SN'SN$Uruk,eše/unug{ki}#~,eše",
                  "f": {
                    "lang": "sux",
                    "form": "unug{ki}-še₃",
                    "cf": "Uruk",
                    "gw": "1",
                    "sense": "1",
                    "norm0": "Uruk,eše",
                    "pos": "SN",
                    "epos": "SN",
                    "base": "unug{ki}",
                    "morph": "~,eše"
                  }
                },
                {
                  "node": "d",
                  "type": "line-start",
                  "ref": "P405395.14",
                  "n": "3",
                  "label": "r 3"
                },
                {
                  "node": "l",
                  "frag": "šar₂-šar₂-re",
                  "id": "P405395.l01fa9",
                  "ref": "P405395.14.1",
                  "inst": "X",
                  "f": {
                    "lang": "sux",
                    "form": "šar₂-šar₂-re",
                    "pos": "X"
                  }
                },
                {
                  "node": "l",
                  "frag": "⸢x⸣",
                  "id": "P405395.l01faa",
                  "ref": "P405395.14.2",
                  "inst": "u",
                  "f": {
                    "lang": "sux",
                    "form": "x",
                    "pos": "u"
                  }
                },
                {
                  "node": "d",
                  "frag": "/",
                  "type": "punct",
                  "ref": "P405395.14.3",
                  "lang": "sux",
                  "gdl_delim": " "
                },
                {
                  "node": "l",
                  "frag": "[...]",
                  "id": "P405395.l01fab",
                  "ref": "P405395.14.4",
                  "inst": "u",
                  "f": {
                    "lang": "sux",
                    "form": "x",
                    "pos": "u"
                  }
                }
              ]
            }
          ]
        }
      ]
    },
    {
      "linkbase": [
        {
          "type": "linkset",
          "xlink_title": "person-spec",
          "id": "P405395.ls00000",
          "xlink_type": "extended",
          "xlink_role": "psa",
          "links": [
            {
              "type": "link",
              "xlink_title": "start",
              "xlink_type": "locator",
              "xlink_href": "#P405395.l01f90",
              "xlink_role": "name"
            }
          ]
        },
        {
          "type": "linkset",
          "xlink_title": "person-spec",
          "id": "P405395.ls00001",
          "xlink_type": "extended",
          "xlink_role": "psa",
          "links": [
            {
              "type": "link",
              "xlink_title": "start",
              "xlink_type": "locator",
              "xlink_href": "#P405395.l01fa0",
              "xlink_role": "name"
            }
          ]
        },
        {
          "type": "linkset",
          "xlink_title": "person-name",
          "id": "P405395.ls00002",
          "xlink_type": "extended",
          "xlink_role": "psa",
          "links": [
            {
              "type": "link",
              "xlink_title": "start",
              "xlink_type": "locator",
              "xlink_href": "#P405395.l01f90",
              "xlink_role": "name"
            }
          ]
        },
        {
          "type": "linkset",
          "xlink_title": "person-name",
          "id": "P405395.ls00003",
          "xlink_type": "extended",
          "xlink_role": "psa",
          "links": [
            {
              "type": "link",
              "xlink_title": "start",
              "xlink_type": "locator",
              "xlink_href": "#P405395.l01fa0",
              "xlink_role": "name"
            }
          ]
        }
      ]
    }
  ]
}
