{
  "type": "cdl",
  "source": "http://oracc.org/rimanum",
  "license": "This data is released under the CC0 license",
  "license-url": "https://creativecommons.org/publicdomain/zero/1.0/",
  "more-info": "http://oracc.org/doc/opendata/",
  "UTC-timestamp": "2017-06-10T00:17:01",
  "project": "rimanum",
  "textid": "P405246",
  "cdl": [
    {
      "node": "c",
      "type": "text",
      "id": "P405246.U0",
      "cdl": [
        {
          "node": "d",
          "subtype": "tablet",
          "type": "tablet",
          "ref": "P405246.x130.1",
          "label": "x130"
        },
        {
          "node": "d",
          "subtype": "obverse",
          "type": "obverse",
          "ref": "P405246.o.2",
          "label": "o"
        },
        {
          "node": "c",
          "type": "discourse",
          "subtype": "body",
          "id": "P405246.U1",
          "cdl": [
            {
              "node": "c",
              "type": "sentence",
              "id": "P405246.U2",
              "label": "o 1 - seal 1 3",
              "cdl": [
                {
                  "node": "d",
                  "type": "line-start",
                  "ref": "P405246.3",
                  "n": "1",
                  "label": "o 1"
                },
                {
                  "node": "l",
                  "frag": "1(BARIG)",
                  "id": "P405246.l00b64",
                  "ref": "P405246.3.1",
                  "inst": "n",
                  "f": {
                    "lang": "akk-x-oldbab",
                    "form": "1(BARIG)",
                    "pos": "n"
                  }
                },
                {
                  "node": "l",
                  "frag": "1(BAN₂)",
                  "id": "P405246.l00b65",
                  "ref": "P405246.3.2",
                  "inst": "n",
                  "f": {
                    "lang": "akk-x-oldbab",
                    "form": "1(BAN₂)",
                    "pos": "n"
                  }
                },
                {
                  "node": "l",
                  "frag": "ZI₃",
                  "id": "P405246.l00b66",
                  "ref": "P405246.3.3",
                  "inst": "qēmu[flour]N$",
                  "sig": "@rimanum%akk-x-oldbab:ZI₃=qēmu[flour//flour]N'N$qēmu",
                  "f": {
                    "lang": "akk-x-oldbab",
                    "form": "ZI₃",
                    "cf": "qēmu",
                    "gw": "flour",
                    "sense": "flour",
                    "norm": "qēmu",
                    "pos": "N",
                    "epos": "N"
                  }
                },
                {
                  "node": "l",
                  "frag": "US₂",
                  "id": "P405246.l00b67",
                  "ref": "P405246.3.4",
                  "inst": "US₂[lesser quality]AJ",
                  "sig": "@rimanum%akk-x-oldbab:US₂=US₂[lesser quality//lesser quality]AJ'AJ$US₂",
                  "f": {
                    "lang": "akk-x-oldbab",
                    "form": "US₂",
                    "cf": "US₂",
                    "gw": "lesser quality",
                    "sense": "lesser quality",
                    "norm": "US₂",
                    "pos": "AJ",
                    "epos": "AJ"
                  }
                },
                {
                  "node": "d",
                  "type": "line-start",
                  "ref": "P405246.4",
                  "n": "2",
                  "label": "o 2"
                },
                {
                  "node": "l",
                  "frag": "ŠUKU",
                  "id": "P405246.l00b68",
                  "ref": "P405246.4.1",
                  "inst": "kurummatu[food allocation]N$kurummat",
                  "sig": "@rimanum%akk-x-oldbab:ŠUKU=kurummatu[food allocation//food allocation]N'N$kurummat",
                  "f": {
                    "lang": "akk-x-oldbab",
                    "form": "ŠUKU",
                    "cf": "kurummatu",
                    "gw": "food allocation",
                    "sense": "food allocation",
                    "norm": "kurummat",
                    "pos": "N",
                    "epos": "N"
                  }
                },
                {
                  "node": "l",
                  "frag": "E₂",
                  "id": "P405246.l00b69",
                  "ref": "P405246.4.2",
                  "inst": "bītu[house]N$bīt",
                  "sig": "@rimanum%akk-x-oldbab:E₂=bītu[house//house]N'N$bīt",
                  "f": {
                    "lang": "akk-x-oldbab",
                    "form": "E₂",
                    "cf": "bītu",
                    "gw": "house",
                    "sense": "house",
                    "norm": "bīt",
                    "pos": "N",
                    "epos": "N"
                  }
                },
                {
                  "node": "l",
                  "frag": "a-si-ri",
                  "id": "P405246.l00b6a",
                  "ref": "P405246.4.3",
                  "inst": "asīrī[prisoner of war]N",
                  "sig": "@rimanum%akk-x-oldbab:a-si-ri=asīru[captive//prisoner of war]N'N$asīrī",
                  "f": {
                    "lang": "akk-x-oldbab",
                    "form": "a-si-ri",
                    "cf": "asīru",
                    "gw": "captive",
                    "sense": "prisoner of war",
                    "norm": "asīrī",
                    "pos": "N",
                    "epos": "N"
                  }
                },
                {
                  "node": "d",
                  "type": "line-start",
                  "ref": "P405246.5",
                  "n": "3",
                  "label": "o 3"
                },
                {
                  "node": "l",
                  "frag": "ZI.GA",
                  "id": "P405246.l00b6b",
                  "ref": "P405246.5.1",
                  "inst": "ṣītu[exit//expenditure]N$",
                  "sig": "@rimanum%akk-x-oldbab:ZI.GA=ṣītu[exit//expenditure]N'N$ṣītu",
                  "f": {
                    "lang": "akk-x-oldbab",
                    "form": "ZI.GA",
                    "cf": "ṣītu",
                    "gw": "exit",
                    "sense": "expenditure",
                    "norm": "ṣītu",
                    "pos": "N",
                    "epos": "N"
                  }
                },
                {
                  "node": "d",
                  "subtype": "reverse",
                  "type": "reverse",
                  "ref": "P405246.r.6",
                  "label": "r"
                },
                {
                  "node": "d",
                  "type": "line-start",
                  "ref": "P405246.7",
                  "n": "1",
                  "label": "r 1"
                },
                {
                  "node": "c",
                  "type": "phrase",
                  "tag": "phr",
                  "id": "P405246.U9",
                  "ref": "P405246.ls00000",
                  "cdl": [
                    {
                      "node": "l",
                      "frag": "⸢NIG₂.ŠU⸣",
                      "id": "P405246.l00b6c",
                      "ref": "P405246.7.1",
                      "cof-tails": "P405246.l00b6d",
                      "inst": "ša[under]DET$ša&qātu[authority]N$qāt",
                      "sig": "@rimanum%akk-x-oldbab:NIG₂.ŠU=ša[of//under]DET'DET$ša&&@rimanum%akk-x-oldbab:=qātu[hand//authority]N'N$qāt",
                      "f": {
                        "lang": "akk-x-oldbab",
                        "form": "NIG₂.ŠU",
                        "cf": "ša",
                        "gw": "of",
                        "sense": "under",
                        "norm": "ša",
                        "pos": "DET",
                        "epos": "DET"
                      }
                    },
                    {
                      "node": "l",
                      "frag": "⸢NIG₂.ŠU⸣",
                      "id": "P405246.l00b6d",
                      "ref": "P405246.7.1",
                      "cof-head": "P405246.l00b6c",
                      "inst": "ša[under]DET$ša&qātu[authority]N$qāt",
                      "tail-sig": "@rimanum%akk-x-oldbab:=qātu[hand//authority]N'N$qāt",
                      "f": {
                        "lang": "akk-x-oldbab",
                        "form": "NIG₂.ŠU",
                        "cf": "qātu",
                        "gw": "hand",
                        "sense": "authority",
                        "norm": "qāt",
                        "pos": "N",
                        "epos": "N"
                      }
                    }
                  ]
                },
                {
                  "node": "c",
                  "type": "phrase",
                  "tag": "person-name",
                  "id": "P405246.U10",
                  "ref": "P405246.ls00006",
                  "cdl": [
                    {
                      "node": "l",
                      "frag": "a-hu-⸢wa-qar⸣",
                      "id": "P405246.l00b6e",
                      "ref": "P405246.7.2",
                      "inst": "Ahu-waqar[00]PN$",
                      "sig": "@rimanum%akk-x-oldbab:a-hu-wa-qar=Ahu-waqar[00//00]PN'PN$Ahu-waqar",
                      "f": {
                        "lang": "akk-x-oldbab",
                        "form": "a-hu-wa-qar",
                        "cf": "Ahu-waqar",
                        "gw": "00",
                        "sense": "00",
                        "norm": "Ahu-waqar",
                        "pos": "PN",
                        "epos": "PN"
                      },
                      "props": [
                        {
                          "name": "group-with",
                          "group": "misc",
                          "value": "Nabi-Sîn[00]",
                          "ngram": "1984",
                          "ref": "#P405246.l00b70",
                          "id": "p000000c1"
                        }
                      ]
                    }
                  ]
                },
                {
                  "node": "d",
                  "type": "line-start",
                  "ref": "P405246.8",
                  "n": "2",
                  "label": "r 2"
                },
                {
                  "node": "l",
                  "frag": "u₃",
                  "id": "P405246.l00b6f",
                  "ref": "P405246.8.1",
                  "inst": "u[and]CNJ$",
                  "sig": "@rimanum%akk-x-oldbab:u₃=u[and//and]CNJ'CNJ$u",
                  "f": {
                    "lang": "akk-x-oldbab",
                    "form": "u₃",
                    "cf": "u",
                    "gw": "and",
                    "sense": "and",
                    "norm": "u",
                    "pos": "CNJ",
                    "epos": "CNJ"
                  }
                },
                {
                  "node": "c",
                  "type": "phrase",
                  "tag": "person-name",
                  "id": "P405246.U11",
                  "ref": "P405246.ls00007",
                  "cdl": [
                    {
                      "node": "l",
                      "frag": "[na-bi-{d}EN.ZU]",
                      "id": "P405246.l00b70",
                      "ref": "P405246.8.2",
                      "inst": "Nabi-Sîn[00]PN$",
                      "sig": "@rimanum%akk-x-oldbab:na-bi-{d}EN.ZU=Nabi-Sîn[00//00]PN'PN$Nabi-Sîn",
                      "f": {
                        "lang": "akk-x-oldbab",
                        "form": "na-bi-{d}EN.ZU",
                        "cf": "Nabi-Sîn",
                        "gw": "00",
                        "sense": "00",
                        "norm": "Nabi-Sîn",
                        "pos": "PN",
                        "epos": "PN"
                      },
                      "props": [
                        {
                          "name": "group-type",
                          "group": "misc",
                          "value": "siblings",
                          "ngram": "1984",
                          "id": "p000000c3"
                        },
                        {
                          "name": "group-head",
                          "group": "misc",
                          "value": "",
                          "ngram": "1984",
                          "id": "p000000c2"
                        }
                      ]
                    }
                  ]
                },
                {
                  "node": "d",
                  "type": "line-start",
                  "ref": "P405246.9",
                  "n": "3",
                  "label": "r 3"
                },
                {
                  "node": "l",
                  "frag": "{⸢iti}GAN.GAN⸣.NA",
                  "id": "P405246.l00b71",
                  "ref": "P405246.9.1",
                  "inst": "Kislīmu[1]MN$",
                  "sig": "@rimanum%akk-x-oldbab:{iti}GAN.GAN.NA=Kislīmu[1//1]MN'MN$Kislīmu",
                  "f": {
                    "lang": "akk-x-oldbab",
                    "form": "{iti}GAN.GAN.NA",
                    "cf": "Kislīmu",
                    "gw": "1",
                    "sense": "1",
                    "norm": "Kislīmu",
                    "pos": "MN",
                    "epos": "MN"
                  }
                },
                {
                  "node": "l",
                  "frag": "U₄",
                  "id": "P405246.l00b72",
                  "ref": "P405246.9.2",
                  "inst": "ūmu[day]N$ūmu",
                  "sig": "@rimanum%akk-x-oldbab:U₄=ūmu[day//day]N'N$ūmu",
                  "f": {
                    "lang": "akk-x-oldbab",
                    "form": "U₄",
                    "cf": "ūmu",
                    "gw": "day",
                    "sense": "day",
                    "norm": "ūmu",
                    "pos": "N",
                    "epos": "N"
                  }
                },
                {
                  "node": "l",
                  "frag": "18-KAM",
                  "id": "P405246.l00b73",
                  "ref": "P405246.9.3",
                  "inst": "n",
                  "f": {
                    "lang": "akk-x-oldbab",
                    "form": "18-KAM",
                    "pos": "n"
                  }
                },
                {
                  "node": "d",
                  "type": "line-start",
                  "ref": "P405246.10",
                  "n": "4",
                  "label": "r 4"
                },
                {
                  "node": "l",
                  "frag": "[mu]",
                  "id": "P405246.l00b74",
                  "ref": "P405246.10.1",
                  "inst": "mu[year]N",
                  "sig": "@rimanum%sux:mu=mu[year//year]N'N$mu/mu#~",
                  "f": {
                    "lang": "sux",
                    "form": "mu",
                    "cf": "mu",
                    "gw": "year",
                    "sense": "year",
                    "norm0": "mu",
                    "pos": "N",
                    "epos": "N",
                    "base": "mu",
                    "morph": "~"
                  }
                },
                {
                  "node": "c",
                  "type": "phrase",
                  "tag": "person-name",
                  "id": "P405246.U12",
                  "ref": "P405246.ls00008",
                  "cdl": [
                    {
                      "node": "l",
                      "frag": "⸢ri⸣-im-{<d}a-nu-um>",
                      "id": "P405246.l00b75",
                      "ref": "P405246.10.2",
                      "inst": "Rīm-Anum[1]RN",
                      "sig": "@rimanum%sux:ri-im-{d}a-nu-um=Rīm-Anum[1//1]RN'RN$Rīm-Anum/ri-im-{d}a-nu-um#~",
                      "f": {
                        "lang": "sux",
                        "form": "ri-im-{d}a-nu-um",
                        "cf": "Rīm-Anum",
                        "gw": "1",
                        "sense": "1",
                        "norm0": "Rīm-Anum",
                        "pos": "RN",
                        "epos": "RN",
                        "base": "ri-im-{d}a-nu-um",
                        "morph": "~"
                      }
                    }
                  ]
                },
                {
                  "node": "l",
                  "frag": "lugal",
                  "id": "P405246.l00b76",
                  "ref": "P405246.10.3",
                  "inst": "lugal[king]N",
                  "sig": "@rimanum%sux:lugal=lugal[king//king]N'N$lugal/lugal#~",
                  "f": {
                    "lang": "sux",
                    "form": "lugal",
                    "cf": "lugal",
                    "gw": "king",
                    "sense": "king",
                    "norm0": "lugal",
                    "pos": "N",
                    "epos": "N",
                    "base": "lugal",
                    "morph": "~"
                  }
                },
                {
                  "node": "d",
                  "subtype": "seal 1",
                  "type": "seal",
                  "ref": "P405246.seal.1.11",
                  "n": "1",
                  "label": "seal 1"
                },
                {
                  "node": "d",
                  "type": "line-start",
                  "ref": "P405246.12",
                  "n": "1",
                  "label": "seal 1 1"
                },
                {
                  "node": "c",
                  "type": "phrase",
                  "tag": "person-spec",
                  "id": "P405246.U7",
                  "ref": "P405246.ls00004",
                  "cdl": [
                    {
                      "node": "c",
                      "type": "phrase",
                      "tag": "person-name",
                      "id": "P405246.U13",
                      "ref": "P405246.ls00009",
                      "cdl": [
                        {
                          "node": "l",
                          "frag": "{d}⸢EN.ZU⸣-[še-mi]",
                          "id": "P405246.l00b77",
                          "ref": "P405246.12.1",
                          "inst": "Sîn-šeme[00]PN",
                          "sig": "@rimanum%akk-x-oldbab:{d}EN.ZU-še-mi=Sîn-šeme[00//00]PN'PN$Sîn-šeme",
                          "f": {
                            "lang": "akk-x-oldbab",
                            "form": "{d}EN.ZU-še-mi",
                            "cf": "Sîn-šeme",
                            "gw": "00",
                            "sense": "00",
                            "norm": "Sîn-šeme",
                            "pos": "PN",
                            "epos": "PN"
                          },
                          "props": [
                            {
                              "name": "father-is",
                              "group": "reln",
                              "value": "Išme-Sîn[00]",
                              "ngram": "1984",
                              "ref": "#P405246.l00b79",
                              "id": "p000000c4"
                            }
                          ]
                        }
                      ]
                    },
                    {
                      "node": "d",
                      "type": "line-start",
                      "ref": "P405246.13",
                      "n": "2",
                      "label": "seal 1 2"
                    },
                    {
                      "node": "l",
                      "frag": "[DUMU]",
                      "id": "P405246.l00b78",
                      "ref": "P405246.13.1",
                      "inst": "māru[son]N$mār",
                      "sig": "@rimanum%akk-x-oldbab:DUMU=māru[son//son]N'N$mār",
                      "f": {
                        "lang": "akk-x-oldbab",
                        "form": "DUMU",
                        "cf": "māru",
                        "gw": "son",
                        "sense": "son",
                        "norm": "mār",
                        "pos": "N",
                        "epos": "N"
                      },
                      "props": [
                        {
                          "name": "relator",
                          "group": "marker",
                          "value": "v",
                          "ngram": "1984",
                          "id": "p000000c6"
                        }
                      ]
                    },
                    {
                      "node": "c",
                      "type": "phrase",
                      "tag": "person-name",
                      "id": "P405246.U14",
                      "ref": "P405246.ls0000a",
                      "cdl": [
                        {
                          "node": "l",
                          "frag": "iš-[me]-{d}[EN.ZU]",
                          "id": "P405246.l00b79",
                          "ref": "P405246.13.2",
                          "inst": "Išme-Sîn[00]PN$",
                          "sig": "@rimanum%akk-x-oldbab:iš-me-{d}EN.ZU=Išme-Sîn[00//00]PN'PN$Išme-Sîn",
                          "f": {
                            "lang": "akk-x-oldbab",
                            "form": "iš-me-{d}EN.ZU",
                            "cf": "Išme-Sîn",
                            "gw": "00",
                            "sense": "00",
                            "norm": "Išme-Sîn",
                            "pos": "PN",
                            "epos": "PN"
                          },
                          "props": [
                            {
                              "name": "child-is",
                              "group": "reln",
                              "value": "Sîn-šeme[00]",
                              "ngram": "1984",
                              "ref": "#P405246.l00b77",
                              "id": "p000000c5"
                            }
                          ]
                        }
                      ]
                    }
                  ]
                },
                {
                  "node": "d",
                  "type": "line-start",
                  "ref": "P405246.14",
                  "n": "3",
                  "label": "seal 1 3"
                },
                {
                  "node": "l",
                  "frag": "[ARAD]",
                  "id": "P405246.l00b7a",
                  "ref": "P405246.14.1",
                  "inst": "wardu[slave//servant]N$warad",
                  "sig": "@rimanum%akk-x-oldbab:ARAD=wardu[slave//servant]N'N$warad",
                  "f": {
                    "lang": "akk-x-oldbab",
                    "form": "ARAD",
                    "cf": "wardu",
                    "gw": "slave",
                    "sense": "servant",
                    "norm": "warad",
                    "pos": "N",
                    "epos": "N"
                  }
                },
                {
                  "node": "c",
                  "type": "phrase",
                  "tag": "person-name",
                  "id": "P405246.U15",
                  "ref": "P405246.ls0000b",
                  "cdl": [
                    {
                      "node": "l",
                      "frag": "⸢ri-im⸣-{[d}a-nu-um]",
                      "id": "P405246.l00b7b",
                      "ref": "P405246.14.2",
                      "inst": "Rīm-Anum[1]RN",
                      "sig": "@rimanum%akk-x-oldbab:ri-im-{d}a-nu-um=Rīm-Anum[1//1]RN'RN$Rīm-Anum",
                      "f": {
                        "lang": "akk-x-oldbab",
                        "form": "ri-im-{d}a-nu-um",
                        "cf": "Rīm-Anum",
                        "gw": "1",
                        "sense": "1",
                        "norm": "Rīm-Anum",
                        "pos": "RN",
                        "epos": "RN"
                      }
                    }
                  ]
                }
              ]
            }
          ]
        }
      ]
    },
    {
      "linkbase": [
        {
          "type": "linkset",
          "xlink_title": "ša qāti[under the authority of//under the authority of]PRP'PRP",
          "id": "P405246.ls00000",
          "xlink_type": "extended",
          "xlink_role": "psu",
          "sig": "{NIG₂.ŠU = ša[of]DET qātu[hand]N += ša qāti[under the authority of//under the authority of]PRP'PRP}::@rimanum%akk-x-oldbab:NIG₂.ŠU=ša[of//of]DET'DET$ša++@rimanum%akk-x-oldbab:NIG₂.ŠU=qātu[hand//authority]N'N$qāt",
          "links": [
            {
              "type": "link",
              "xlink_title": "ša",
              "xlink_type": "locator",
              "xlink_href": "#P405246.l00b6c",
              "xlink_role": "elt"
            },
            {
              "type": "link",
              "xlink_title": "qātu",
              "xlink_type": "locator",
              "xlink_href": "#P405246.l00b6d",
              "xlink_role": "elt"
            }
          ]
        },
        {
          "type": "linkset",
          "xlink_title": "person-spec",
          "id": "P405246.ls00001",
          "xlink_type": "extended",
          "xlink_role": "psa",
          "links": [
            {
              "type": "link",
              "xlink_title": "start",
              "xlink_type": "locator",
              "xlink_href": "#P405246.l00b6e",
              "xlink_role": "name"
            }
          ]
        },
        {
          "type": "linkset",
          "xlink_title": "person-spec",
          "id": "P405246.ls00002",
          "xlink_type": "extended",
          "xlink_role": "psa",
          "links": [
            {
              "type": "link",
              "xlink_title": "start",
              "xlink_type": "locator",
              "xlink_href": "#P405246.l00b70",
              "xlink_role": "name"
            }
          ]
        },
        {
          "type": "linkset",
          "xlink_title": "person-spec",
          "id": "P405246.ls00003",
          "xlink_type": "extended",
          "xlink_role": "psa",
          "links": [
            {
              "type": "link",
              "xlink_title": "start",
              "xlink_type": "locator",
              "xlink_href": "#P405246.l00b75",
              "xlink_role": "name"
            }
          ]
        },
        {
          "type": "linkset",
          "xlink_title": "person-spec",
          "id": "P405246.ls00004",
          "xlink_type": "extended",
          "xlink_role": "psa",
          "links": [
            {
              "type": "link",
              "xlink_title": "start",
              "xlink_type": "locator",
              "xlink_href": "#P405246.l00b77",
              "xlink_role": "name"
            },
            {
              "type": "link",
              "xlink_title": "end",
              "xlink_type": "locator",
              "xlink_href": "#P405246.l00b79",
              "xlink_role": "name"
            }
          ]
        },
        {
          "type": "linkset",
          "xlink_title": "person-spec",
          "id": "P405246.ls00005",
          "xlink_type": "extended",
          "xlink_role": "psa",
          "links": [
            {
              "type": "link",
              "xlink_title": "start",
              "xlink_type": "locator",
              "xlink_href": "#P405246.l00b7b",
              "xlink_role": "name"
            }
          ]
        },
        {
          "type": "linkset",
          "xlink_title": "person-name",
          "id": "P405246.ls00006",
          "xlink_type": "extended",
          "xlink_role": "psa",
          "links": [
            {
              "type": "link",
              "xlink_title": "start",
              "xlink_type": "locator",
              "xlink_href": "#P405246.l00b6e",
              "xlink_role": "name"
            }
          ]
        },
        {
          "type": "linkset",
          "xlink_title": "person-name",
          "id": "P405246.ls00007",
          "xlink_type": "extended",
          "xlink_role": "psa",
          "links": [
            {
              "type": "link",
              "xlink_title": "start",
              "xlink_type": "locator",
              "xlink_href": "#P405246.l00b70",
              "xlink_role": "name"
            }
          ]
        },
        {
          "type": "linkset",
          "xlink_title": "person-name",
          "id": "P405246.ls00008",
          "xlink_type": "extended",
          "xlink_role": "psa",
          "links": [
            {
              "type": "link",
              "xlink_title": "start",
              "xlink_type": "locator",
              "xlink_href": "#P405246.l00b75",
              "xlink_role": "name"
            }
          ]
        },
        {
          "type": "linkset",
          "xlink_title": "person-name",
          "id": "P405246.ls00009",
          "xlink_type": "extended",
          "xlink_role": "psa",
          "links": [
            {
              "type": "link",
              "xlink_title": "start",
              "xlink_type": "locator",
              "xlink_href": "#P405246.l00b77",
              "xlink_role": "name"
            }
          ]
        },
        {
          "type": "linkset",
          "xlink_title": "person-name",
          "id": "P405246.ls0000a",
          "xlink_type": "extended",
          "xlink_role": "psa",
          "links": [
            {
              "type": "link",
              "xlink_title": "start",
              "xlink_type": "locator",
              "xlink_href": "#P405246.l00b79",
              "xlink_role": "name"
            },
            {
              "type": "link",
              "xlink_title": "end",
              "xlink_type": "locator",
              "xlink_href": "#P405246.l00b79",
              "xlink_role": "name"
            }
          ]
        },
        {
          "type": "linkset",
          "xlink_title": "person-name",
          "id": "P405246.ls0000b",
          "xlink_type": "extended",
          "xlink_role": "psa",
          "links": [
            {
              "type": "link",
              "xlink_title": "start",
              "xlink_type": "locator",
              "xlink_href": "#P405246.l00b7b",
              "xlink_role": "name"
            }
          ]
        }
      ]
    }
  ]
}
