{
  "type": "cdl",
  "source": "http://oracc.org/rimanum",
  "license": "This data is released under the CC0 license",
  "license-url": "https://creativecommons.org/publicdomain/zero/1.0/",
  "more-info": "http://oracc.org/doc/opendata/",
  "UTC-timestamp": "2017-06-10T00:17:01",
  "project": "rimanum",
  "textid": "P405378",
  "cdl": [
    {
      "node": "c",
      "type": "text",
      "id": "P405378.U0",
      "cdl": [
        {
          "node": "d",
          "subtype": "tablet",
          "type": "tablet",
          "ref": "P405378.x262.1",
          "label": "x262"
        },
        {
          "node": "d",
          "subtype": "obverse",
          "type": "obverse",
          "ref": "P405378.o.2",
          "label": "o"
        },
        {
          "node": "c",
          "type": "discourse",
          "subtype": "body",
          "id": "P405378.U1",
          "cdl": [
            {
              "node": "c",
              "type": "sentence",
              "id": "P405378.U2",
              "label": "o 1 - r 5",
              "cdl": [
                {
                  "node": "d",
                  "type": "line-start",
                  "ref": "P405378.3",
                  "n": "1",
                  "label": "o 1"
                },
                {
                  "node": "c",
                  "type": "phrase",
                  "tag": "person-name",
                  "id": "P405378.U10",
                  "ref": "P405378.ls00006",
                  "cdl": [
                    {
                      "node": "l",
                      "frag": "{m}GAZ.{d}EN.ZU",
                      "id": "P405378.l01cb9",
                      "ref": "P405378.3.1",
                      "inst": "+Gaz-Su'en[00//00]PN'PN$Gaz-Su'en",
                      "sig": "@rimanum%akk-x-oldbab:{m}GAZ.{d}EN.ZU=Gaz-Suʾen[00//00]PN'PN$Gaz-Suʾen",
                      "f": {
                        "lang": "akk-x-oldbab",
                        "form": "{m}GAZ.{d}EN.ZU",
                        "cf": "Gaz-Suʾen",
                        "gw": "00",
                        "sense": "00",
                        "norm": "Gaz-Suʾen",
                        "pos": "PN",
                        "epos": "PN"
                      }
                    }
                  ]
                },
                {
                  "node": "d",
                  "type": "line-start",
                  "ref": "P405378.4",
                  "n": "2",
                  "label": "o 2"
                },
                {
                  "node": "c",
                  "type": "phrase",
                  "tag": "person-name",
                  "id": "P405378.U11",
                  "ref": "P405378.ls00007",
                  "cdl": [
                    {
                      "node": "l",
                      "frag": "{m}a-li₂-wa-aq-rum",
                      "id": "P405378.l01cba",
                      "ref": "P405378.4.1",
                      "inst": "+Ali-waqru[00//00]PN'PN$Ali-waqrum",
                      "sig": "@rimanum%akk-x-oldbab:{m}a-li₂-wa-aq-rum=Ali-waqru[00//00]PN'PN$Ali-waqrum",
                      "f": {
                        "lang": "akk-x-oldbab",
                        "form": "{m}a-li₂-wa-aq-rum",
                        "cf": "Ali-waqru",
                        "gw": "00",
                        "sense": "00",
                        "norm": "Ali-waqrum",
                        "pos": "PN",
                        "epos": "PN"
                      }
                    }
                  ]
                },
                {
                  "node": "d",
                  "type": "line-start",
                  "ref": "P405378.5",
                  "n": "3",
                  "label": "o 3"
                },
                {
                  "node": "l",
                  "frag": "2",
                  "id": "P405378.l01cbb",
                  "ref": "P405378.5.1",
                  "inst": "n",
                  "f": {
                    "lang": "akk-x-oldbab",
                    "form": "2",
                    "pos": "n"
                  }
                },
                {
                  "node": "l",
                  "frag": "SAG.ARAD",
                  "id": "P405378.l01cbc",
                  "ref": "P405378.5.2",
                  "inst": "wardū[slave]N",
                  "sig": "@rimanum%akk-x-oldbab:SAG.ARAD=wardu[slave//slave]N'N$wardū",
                  "f": {
                    "lang": "akk-x-oldbab",
                    "form": "SAG.ARAD",
                    "cf": "wardu",
                    "gw": "slave",
                    "sense": "slave",
                    "norm": "wardū",
                    "pos": "N",
                    "epos": "N"
                  }
                },
                {
                  "node": "l",
                  "frag": "mu-un-na-ab-tu",
                  "id": "P405378.l01cbd",
                  "ref": "P405378.5.3",
                  "inst": "+munnabtu[fugitive//fugitive]N'N$munnabtū",
                  "sig": "@rimanum%akk-x-oldbab:mu-un-na-ab-tu=munnabtu[fugitive//fugitive]N'N$munnabtū",
                  "f": {
                    "lang": "akk-x-oldbab",
                    "form": "mu-un-na-ab-tu",
                    "cf": "munnabtu",
                    "gw": "fugitive",
                    "sense": "fugitive",
                    "norm": "munnabtū",
                    "pos": "N",
                    "epos": "N"
                  }
                },
                {
                  "node": "d",
                  "type": "line-start",
                  "ref": "P405378.6",
                  "n": "4",
                  "label": "o 4"
                },
                {
                  "node": "l",
                  "frag": "ša",
                  "id": "P405378.l01cbe",
                  "ref": "P405378.6.1",
                  "inst": "ša[of]DET",
                  "sig": "@rimanum%akk-x-oldbab:ša=ša[of//of]DET'DET$ša",
                  "f": {
                    "lang": "akk-x-oldbab",
                    "form": "ša",
                    "cf": "ša",
                    "gw": "of",
                    "sense": "of",
                    "norm": "ša",
                    "pos": "DET",
                    "epos": "DET"
                  }
                },
                {
                  "node": "c",
                  "type": "phrase",
                  "tag": "person-name",
                  "id": "P405378.U12",
                  "ref": "P405378.ls00008",
                  "cdl": [
                    {
                      "node": "l",
                      "frag": "{d}UTU-mu-⸢ši⸣-zi-ib",
                      "id": "P405378.l01cbf",
                      "ref": "P405378.6.2",
                      "inst": "+Šamaš-mušēzib[00//00]PN'PN$Šamaš-mušēzib",
                      "sig": "@rimanum%akk-x-oldbab:{d}UTU-mu-ši-zi-ib=Šamaš-mušēzib[00//00]PN'PN$Šamaš-mušēzib",
                      "f": {
                        "lang": "akk-x-oldbab",
                        "form": "{d}UTU-mu-ši-zi-ib",
                        "cf": "Šamaš-mušēzib",
                        "gw": "00",
                        "sense": "00",
                        "norm": "Šamaš-mušēzib",
                        "pos": "PN",
                        "epos": "PN"
                      }
                    }
                  ]
                },
                {
                  "node": "d",
                  "type": "line-start",
                  "ref": "P405378.7",
                  "n": "5",
                  "label": "o 5"
                },
                {
                  "node": "l",
                  "frag": "UGULA",
                  "id": "P405378.l01cc0",
                  "ref": "P405378.7.1",
                  "inst": "wakil[overseer]N",
                  "sig": "@rimanum%akk-x-oldbab:UGULA=waklu[overseer//overseer]N'N$wakil",
                  "f": {
                    "lang": "akk-x-oldbab",
                    "form": "UGULA",
                    "cf": "waklu",
                    "gw": "overseer",
                    "sense": "overseer",
                    "norm": "wakil",
                    "pos": "N",
                    "epos": "N"
                  }
                },
                {
                  "node": "l",
                  "frag": "ŠU.I",
                  "id": "P405378.l01cc1",
                  "ref": "P405378.7.2",
                  "inst": "gallābi[barber]N",
                  "sig": "@rimanum%akk-x-oldbab:ŠU.I=gallābu[barber//barber]N'N$gallābi",
                  "f": {
                    "lang": "akk-x-oldbab",
                    "form": "ŠU.I",
                    "cf": "gallābu",
                    "gw": "barber",
                    "sense": "barber",
                    "norm": "gallābi",
                    "pos": "N",
                    "epos": "N"
                  }
                },
                {
                  "node": "l",
                  "frag": "UD.UNUG{ki}",
                  "id": "P405378.l01cc2",
                  "ref": "P405378.7.3",
                  "inst": "Larsa[1]SN",
                  "sig": "@rimanum%akk-x-oldbab:UD.UNUG{ki}=Larsa[1//1]SN'SN$Larsa",
                  "f": {
                    "lang": "akk-x-oldbab",
                    "form": "UD.UNUG{ki}",
                    "cf": "Larsa",
                    "gw": "1",
                    "sense": "1",
                    "norm": "Larsa",
                    "pos": "SN",
                    "epos": "SN"
                  }
                },
                {
                  "node": "d",
                  "type": "line-start",
                  "ref": "P405378.8",
                  "n": "6",
                  "label": "o 6"
                },
                {
                  "node": "l",
                  "frag": "[MU].DU",
                  "id": "P405378.l01cc3",
                  "ref": "P405378.8.1",
                  "inst": "šūrubtu[bringing in]N$šūrubtu",
                  "sig": "@rimanum%akk-x-oldbab:MU.DU=šūrubtu[bringing in//bringing in]N'N$šūrubtu",
                  "f": {
                    "lang": "akk-x-oldbab",
                    "form": "MU.DU",
                    "cf": "šūrubtu",
                    "gw": "bringing in",
                    "sense": "bringing in",
                    "norm": "šūrubtu",
                    "pos": "N",
                    "epos": "N"
                  }
                },
                {
                  "node": "d",
                  "type": "line-start",
                  "ref": "P405378.9",
                  "n": "7",
                  "label": "o 7"
                },
                {
                  "node": "l",
                  "frag": "[a-na]",
                  "id": "P405378.l01cc4",
                  "ref": "P405378.9.1",
                  "inst": "ana[to]PRP",
                  "sig": "@rimanum%akk-x-oldbab:a-na=ana[to//to]PRP'PRP$ana",
                  "f": {
                    "lang": "akk-x-oldbab",
                    "form": "a-na",
                    "cf": "ana",
                    "gw": "to",
                    "sense": "to",
                    "norm": "ana",
                    "pos": "PRP",
                    "epos": "PRP"
                  }
                },
                {
                  "node": "c",
                  "type": "phrase",
                  "tag": "person-name",
                  "id": "P405378.U13",
                  "ref": "P405378.ls00009",
                  "cdl": [
                    {
                      "node": "l",
                      "frag": "{d}EN.ZU-še-mi",
                      "id": "P405378.l01cc5",
                      "ref": "P405378.9.2",
                      "inst": "Sîn-šeme[00]PN",
                      "sig": "@rimanum%akk-x-oldbab:{d}EN.ZU-še-mi=Sîn-šeme[00//00]PN'PN$Sîn-šeme",
                      "f": {
                        "lang": "akk-x-oldbab",
                        "form": "{d}EN.ZU-še-mi",
                        "cf": "Sîn-šeme",
                        "gw": "00",
                        "sense": "00",
                        "norm": "Sîn-šeme",
                        "pos": "PN",
                        "epos": "PN"
                      }
                    }
                  ]
                },
                {
                  "node": "d",
                  "subtype": "reverse",
                  "type": "reverse",
                  "ref": "P405378.r.10",
                  "label": "r"
                },
                {
                  "node": "d",
                  "type": "line-start",
                  "ref": "P405378.11",
                  "n": "1",
                  "label": "r 1"
                },
                {
                  "node": "l",
                  "frag": "UGULA",
                  "id": "P405378.l01cc6",
                  "ref": "P405378.11.1",
                  "inst": "wakil[overseer]N",
                  "sig": "@rimanum%akk-x-oldbab:UGULA=waklu[overseer//overseer]N'N$wakil",
                  "f": {
                    "lang": "akk-x-oldbab",
                    "form": "UGULA",
                    "cf": "waklu",
                    "gw": "overseer",
                    "sense": "overseer",
                    "norm": "wakil",
                    "pos": "N",
                    "epos": "N"
                  }
                },
                {
                  "node": "l",
                  "frag": "A.⸢SI⸣.RUM",
                  "id": "P405378.l01cc7",
                  "ref": "P405378.11.2",
                  "inst": "asīrī[prisoner of war]N",
                  "sig": "@rimanum%akk-x-oldbab:A.SI.RUM=asīru[captive//prisoner of war]N'N$asīrī",
                  "f": {
                    "lang": "akk-x-oldbab",
                    "form": "A.SI.RUM",
                    "cf": "asīru",
                    "gw": "captive",
                    "sense": "prisoner of war",
                    "norm": "asīrī",
                    "pos": "N",
                    "epos": "N"
                  }
                },
                {
                  "node": "d",
                  "type": "line-start",
                  "ref": "P405378.12",
                  "n": "2",
                  "label": "r 2"
                },
                {
                  "node": "l",
                  "frag": "⸢GIRI₃⸣",
                  "id": "P405378.l01cc8",
                  "ref": "P405378.12.1",
                  "inst": "šēpu[foot//conveyor]N'N$šēpu",
                  "sig": "@rimanum%akk-x-oldbab:GIRI₃=šēpu[foot//conveyor]N'N$šēpu",
                  "f": {
                    "lang": "akk-x-oldbab",
                    "form": "GIRI₃",
                    "cf": "šēpu",
                    "gw": "foot",
                    "sense": "conveyor",
                    "norm": "šēpu",
                    "pos": "N",
                    "epos": "N"
                  }
                },
                {
                  "node": "c",
                  "type": "phrase",
                  "tag": "person-name",
                  "id": "P405378.U14",
                  "ref": "P405378.ls0000a",
                  "cdl": [
                    {
                      "node": "l",
                      "frag": "{d}EN.ZU-ni-i",
                      "id": "P405378.l01cc9",
                      "ref": "P405378.12.2",
                      "inst": "+Sînnī[00//00]PN'PN$Sînnī",
                      "sig": "@rimanum%akk-x-oldbab:{d}EN.ZU-ni-i=Sînnī[00//00]PN'PN$Sînnī",
                      "f": {
                        "lang": "akk-x-oldbab",
                        "form": "{d}EN.ZU-ni-i",
                        "cf": "Sînnī",
                        "gw": "00",
                        "sense": "00",
                        "norm": "Sînnī",
                        "pos": "PN",
                        "epos": "PN"
                      }
                    }
                  ]
                },
                {
                  "node": "l",
                  "frag": "GU.ZA.LA₂",
                  "id": "P405378.l01cca",
                  "ref": "P405378.12.3",
                  "inst": "+guzalû[chair-carrier]N$guzalû",
                  "sig": "@rimanum%akk-x-oldbab:GU.ZA.LA₂=guzalû[chair-carrier//chair-carrier]N'N$guzalû",
                  "f": {
                    "lang": "akk-x-oldbab",
                    "form": "GU.ZA.LA₂",
                    "cf": "guzalû",
                    "gw": "chair-carrier",
                    "sense": "chair-carrier",
                    "norm": "guzalû",
                    "pos": "N",
                    "epos": "N"
                  }
                },
                {
                  "node": "d",
                  "type": "line-start",
                  "ref": "P405378.13",
                  "n": "3",
                  "label": "r 3"
                },
                {
                  "node": "l",
                  "frag": "{iti}GAN.GAN.E₃",
                  "id": "P405378.l01ccb",
                  "ref": "P405378.13.1",
                  "inst": "Kislīmu[1]MN",
                  "sig": "@rimanum%akk-x-oldbab:{iti}GAN.GAN.E₃=Kislīmu[1//1]MN'MN$Kislīmu",
                  "f": {
                    "lang": "akk-x-oldbab",
                    "form": "{iti}GAN.GAN.E₃",
                    "cf": "Kislīmu",
                    "gw": "1",
                    "sense": "1",
                    "norm": "Kislīmu",
                    "pos": "MN",
                    "epos": "MN"
                  }
                },
                {
                  "node": "l",
                  "frag": "U₄",
                  "id": "P405378.l01ccc",
                  "ref": "P405378.13.2",
                  "inst": "ūmu[day]N$ūmu",
                  "sig": "@rimanum%akk-x-oldbab:U₄=ūmu[day//day]N'N$ūmu",
                  "f": {
                    "lang": "akk-x-oldbab",
                    "form": "U₄",
                    "cf": "ūmu",
                    "gw": "day",
                    "sense": "day",
                    "norm": "ūmu",
                    "pos": "N",
                    "epos": "N"
                  }
                },
                {
                  "node": "l",
                  "frag": "9-KAM",
                  "id": "P405378.l01ccd",
                  "ref": "P405378.13.3",
                  "inst": "n",
                  "f": {
                    "lang": "akk-x-oldbab",
                    "form": "9-KAM",
                    "pos": "n"
                  }
                },
                {
                  "node": "d",
                  "type": "line-start",
                  "ref": "P405378.14",
                  "n": "4",
                  "label": "r 4"
                },
                {
                  "node": "l",
                  "frag": "mu",
                  "id": "P405378.l01cce",
                  "ref": "P405378.14.1",
                  "inst": "mu[year]N",
                  "sig": "@rimanum%sux:mu=mu[year//year]N'N$mu/mu#~",
                  "f": {
                    "lang": "sux",
                    "form": "mu",
                    "cf": "mu",
                    "gw": "year",
                    "sense": "year",
                    "norm0": "mu",
                    "pos": "N",
                    "epos": "N",
                    "base": "mu",
                    "morph": "~"
                  }
                },
                {
                  "node": "c",
                  "type": "phrase",
                  "tag": "person-name",
                  "id": "P405378.U15",
                  "ref": "P405378.ls0000b",
                  "cdl": [
                    {
                      "node": "l",
                      "frag": "ri-im-{d}a-[nu]-um",
                      "id": "P405378.l01ccf",
                      "ref": "P405378.14.2",
                      "inst": "Rīm-Anum[1]RN",
                      "sig": "@rimanum%sux:ri-im-{d}a-nu-um=Rīm-Anum[1//1]RN'RN$Rīm-Anum/ri-im-{d}a-nu-um#~",
                      "f": {
                        "lang": "sux",
                        "form": "ri-im-{d}a-nu-um",
                        "cf": "Rīm-Anum",
                        "gw": "1",
                        "sense": "1",
                        "norm0": "Rīm-Anum",
                        "pos": "RN",
                        "epos": "RN",
                        "base": "ri-im-{d}a-nu-um",
                        "morph": "~"
                      }
                    }
                  ]
                },
                {
                  "node": "l",
                  "frag": "lugal",
                  "id": "P405378.l01cd0",
                  "ref": "P405378.14.3",
                  "inst": "lugal[king]N",
                  "sig": "@rimanum%sux:lugal=lugal[king//king]N'N$lugal/lugal#~",
                  "f": {
                    "lang": "sux",
                    "form": "lugal",
                    "cf": "lugal",
                    "gw": "king",
                    "sense": "king",
                    "norm0": "lugal",
                    "pos": "N",
                    "epos": "N",
                    "base": "lugal",
                    "morph": "~"
                  }
                },
                {
                  "node": "d",
                  "type": "line-start",
                  "ref": "P405378.15",
                  "n": "5",
                  "label": "r 5"
                },
                {
                  "node": "l",
                  "frag": "unug{ki}",
                  "id": "P405378.l01cd1",
                  "ref": "P405378.15.1",
                  "inst": "Uruk[1]SN",
                  "sig": "@rimanum%sux:unug{ki}=Uruk[1//1]SN'SN$Uruk/unug{ki}#~",
                  "f": {
                    "lang": "sux",
                    "form": "unug{ki}",
                    "cf": "Uruk",
                    "gw": "1",
                    "sense": "1",
                    "norm0": "Uruk",
                    "pos": "SN",
                    "epos": "SN",
                    "base": "unug{ki}",
                    "morph": "~"
                  }
                },
                {
                  "node": "l",
                  "frag": "u₃",
                  "id": "P405378.l01cd2",
                  "ref": "P405378.15.2",
                  "inst": "u[and]CNJ",
                  "sig": "@rimanum%sux:u₃=u[and//and]CNJ'CNJ$u/u₃#~",
                  "f": {
                    "lang": "sux",
                    "form": "u₃",
                    "cf": "u",
                    "gw": "and",
                    "sense": "and",
                    "norm0": "u",
                    "pos": "CNJ",
                    "epos": "CNJ",
                    "base": "u₃",
                    "morph": "~"
                  }
                },
                {
                  "node": "l",
                  "frag": "a₂-[dam]-⸢bi⸣",
                  "id": "P405378.l01cd3",
                  "ref": "P405378.15.3",
                  "inst": "adam[habitation]N",
                  "sig": "@rimanum%sux:a₂-dam-bi=adam[habitation//habitation]N'N$adam,bi/a₂-dam#~,bi",
                  "f": {
                    "lang": "sux",
                    "form": "a₂-dam-bi",
                    "cf": "adam",
                    "gw": "habitation",
                    "sense": "habitation",
                    "norm0": "adam,bi",
                    "pos": "N",
                    "epos": "N",
                    "base": "a₂-dam",
                    "morph": "~,bi"
                  }
                }
              ]
            }
          ]
        }
      ]
    },
    {
      "linkbase": [
        {
          "type": "linkset",
          "xlink_title": "person-spec",
          "id": "P405378.ls00000",
          "xlink_type": "extended",
          "xlink_role": "psa",
          "links": [
            {
              "type": "link",
              "xlink_title": "start",
              "xlink_type": "locator",
              "xlink_href": "#P405378.l01cb9",
              "xlink_role": "name"
            }
          ]
        },
        {
          "type": "linkset",
          "xlink_title": "person-spec",
          "id": "P405378.ls00001",
          "xlink_type": "extended",
          "xlink_role": "psa",
          "links": [
            {
              "type": "link",
              "xlink_title": "start",
              "xlink_type": "locator",
              "xlink_href": "#P405378.l01cba",
              "xlink_role": "name"
            }
          ]
        },
        {
          "type": "linkset",
          "xlink_title": "person-spec",
          "id": "P405378.ls00002",
          "xlink_type": "extended",
          "xlink_role": "psa",
          "links": [
            {
              "type": "link",
              "xlink_title": "start",
              "xlink_type": "locator",
              "xlink_href": "#P405378.l01cbf",
              "xlink_role": "name"
            }
          ]
        },
        {
          "type": "linkset",
          "xlink_title": "person-spec",
          "id": "P405378.ls00003",
          "xlink_type": "extended",
          "xlink_role": "psa",
          "links": [
            {
              "type": "link",
              "xlink_title": "start",
              "xlink_type": "locator",
              "xlink_href": "#P405378.l01cc5",
              "xlink_role": "name"
            }
          ]
        },
        {
          "type": "linkset",
          "xlink_title": "person-spec",
          "id": "P405378.ls00004",
          "xlink_type": "extended",
          "xlink_role": "psa",
          "links": [
            {
              "type": "link",
              "xlink_title": "start",
              "xlink_type": "locator",
              "xlink_href": "#P405378.l01cc9",
              "xlink_role": "name"
            }
          ]
        },
        {
          "type": "linkset",
          "xlink_title": "person-spec",
          "id": "P405378.ls00005",
          "xlink_type": "extended",
          "xlink_role": "psa",
          "links": [
            {
              "type": "link",
              "xlink_title": "start",
              "xlink_type": "locator",
              "xlink_href": "#P405378.l01ccf",
              "xlink_role": "name"
            }
          ]
        },
        {
          "type": "linkset",
          "xlink_title": "person-name",
          "id": "P405378.ls00006",
          "xlink_type": "extended",
          "xlink_role": "psa",
          "links": [
            {
              "type": "link",
              "xlink_title": "start",
              "xlink_type": "locator",
              "xlink_href": "#P405378.l01cb9",
              "xlink_role": "name"
            }
          ]
        },
        {
          "type": "linkset",
          "xlink_title": "person-name",
          "id": "P405378.ls00007",
          "xlink_type": "extended",
          "xlink_role": "psa",
          "links": [
            {
              "type": "link",
              "xlink_title": "start",
              "xlink_type": "locator",
              "xlink_href": "#P405378.l01cba",
              "xlink_role": "name"
            }
          ]
        },
        {
          "type": "linkset",
          "xlink_title": "person-name",
          "id": "P405378.ls00008",
          "xlink_type": "extended",
          "xlink_role": "psa",
          "links": [
            {
              "type": "link",
              "xlink_title": "start",
              "xlink_type": "locator",
              "xlink_href": "#P405378.l01cbf",
              "xlink_role": "name"
            }
          ]
        },
        {
          "type": "linkset",
          "xlink_title": "person-name",
          "id": "P405378.ls00009",
          "xlink_type": "extended",
          "xlink_role": "psa",
          "links": [
            {
              "type": "link",
              "xlink_title": "start",
              "xlink_type": "locator",
              "xlink_href": "#P405378.l01cc5",
              "xlink_role": "name"
            }
          ]
        },
        {
          "type": "linkset",
          "xlink_title": "person-name",
          "id": "P405378.ls0000a",
          "xlink_type": "extended",
          "xlink_role": "psa",
          "links": [
            {
              "type": "link",
              "xlink_title": "start",
              "xlink_type": "locator",
              "xlink_href": "#P405378.l01cc9",
              "xlink_role": "name"
            }
          ]
        },
        {
          "type": "linkset",
          "xlink_title": "person-name",
          "id": "P405378.ls0000b",
          "xlink_type": "extended",
          "xlink_role": "psa",
          "links": [
            {
              "type": "link",
              "xlink_title": "start",
              "xlink_type": "locator",
              "xlink_href": "#P405378.l01ccf",
              "xlink_role": "name"
            }
          ]
        }
      ]
    }
  ]
}
