{
  "type": "cdl",
  "source": "http://oracc.org/rimanum",
  "license": "This data is released under the CC0 license",
  "license-url": "https://creativecommons.org/publicdomain/zero/1.0/",
  "more-info": "http://oracc.org/doc/opendata/",
  "UTC-timestamp": "2017-06-10T00:17:13",
  "project": "rimanum",
  "textid": "P405140",
  "cdl": [
    {
      "node": "c",
      "type": "text",
      "id": "P405140.U0",
      "cdl": [
        {
          "node": "d",
          "subtype": "tablet",
          "type": "tablet",
          "ref": "P405140.x20.1",
          "label": "x20"
        },
        {
          "node": "d",
          "subtype": "obverse",
          "type": "obverse",
          "ref": "P405140.o.2",
          "label": "o"
        },
        {
          "node": "c",
          "type": "discourse",
          "subtype": "body",
          "id": "P405140.U1",
          "cdl": [
            {
              "node": "c",
              "type": "sentence",
              "id": "P405140.U2",
              "label": "o 1 - seal 1 3",
              "cdl": [
                {
                  "node": "d",
                  "type": "line-start",
                  "ref": "P405140.3",
                  "n": "1",
                  "label": "o 1"
                },
                {
                  "node": "l",
                  "frag": "[x]",
                  "id": "P405140.l00174",
                  "ref": "P405140.3.1",
                  "inst": "u",
                  "f": {
                    "lang": "akk-x-oldbab",
                    "form": "x",
                    "pos": "u"
                  }
                },
                {
                  "node": "l",
                  "frag": "šu-ši",
                  "id": "P405140.l00175",
                  "ref": "P405140.3.2",
                  "inst": "šūši[sixty]NU",
                  "sig": "@rimanum%akk-x-oldbab:šu-ši=šūši[sixty//sixty]NU'NU$šūši",
                  "f": {
                    "lang": "akk-x-oldbab",
                    "form": "šu-ši",
                    "cf": "šūši",
                    "gw": "sixty",
                    "sense": "sixty",
                    "norm": "šūši",
                    "pos": "NU",
                    "epos": "NU"
                  }
                },
                {
                  "node": "l",
                  "frag": "{gi}SA-HI.A",
                  "id": "P405140.l00176",
                  "ref": "P405140.3.3",
                  "inst": "kiššū[(reed-)bundle]N",
                  "sig": "@rimanum%akk-x-oldbab:{gi}SA-HI.A=kiššu[(reed-)bundle//(reed-)bundle]N'N$kiššū",
                  "f": {
                    "lang": "akk-x-oldbab",
                    "form": "{gi}SA-HI.A",
                    "cf": "kiššu",
                    "gw": "(reed-)bundle",
                    "sense": "(reed-)bundle",
                    "norm": "kiššū",
                    "pos": "N",
                    "epos": "N"
                  }
                },
                {
                  "node": "d",
                  "type": "line-start",
                  "ref": "P405140.4",
                  "n": "2",
                  "label": "o 2"
                },
                {
                  "node": "l",
                  "frag": "[a]-⸢na⸣",
                  "id": "P405140.l00177",
                  "ref": "P405140.4.1",
                  "inst": "ana[to//for]PRP'PRP$ana",
                  "sig": "@rimanum%akk-x-oldbab:a-na=ana[to//for]PRP'PRP$ana",
                  "f": {
                    "lang": "akk-x-oldbab",
                    "form": "a-na",
                    "cf": "ana",
                    "gw": "to",
                    "sense": "for",
                    "norm": "ana",
                    "pos": "PRP",
                    "epos": "PRP"
                  }
                },
                {
                  "node": "l",
                  "frag": "GI.SAL.LA-MEŠ",
                  "id": "P405140.l00178",
                  "ref": "P405140.4.2",
                  "inst": "+gisallû[(part of roof)]N$gisallî",
                  "sig": "@rimanum%akk-x-oldbab:GI.SAL.LA-MEŠ=gisallû[(part of roof)//(part of roof)]N'N$gisallî",
                  "f": {
                    "lang": "akk-x-oldbab",
                    "form": "GI.SAL.LA-MEŠ",
                    "cf": "gisallû",
                    "gw": "(part of roof)",
                    "sense": "(part of roof)",
                    "norm": "gisallî",
                    "pos": "N",
                    "epos": "N"
                  }
                },
                {
                  "node": "d",
                  "type": "line-start",
                  "ref": "P405140.5",
                  "n": "3",
                  "label": "o 3"
                },
                {
                  "node": "l",
                  "frag": "[ŠU.TI.A",
                  "id": "P405140.l00179",
                  "ref": "P405140.5.1",
                  "inst": "namharti[receipt(s)]N",
                  "sig": "@rimanum%akk-x-oldbab:ŠU.TI.A=namhartu[receipt(s)//receipt(s)]N'N$namharti",
                  "f": {
                    "lang": "akk-x-oldbab",
                    "form": "ŠU.TI.A",
                    "cf": "namhartu",
                    "gw": "receipt(s)",
                    "sense": "receipt(s)",
                    "norm": "namharti",
                    "pos": "N",
                    "epos": "N"
                  }
                },
                {
                  "node": "c",
                  "type": "phrase",
                  "tag": "person-name",
                  "id": "P405140.U8",
                  "ref": "P405140.ls00004",
                  "cdl": [
                    {
                      "node": "l",
                      "frag": "a]-wi-il-DINGIR",
                      "id": "P405140.l0017a",
                      "ref": "P405140.5.2",
                      "inst": "Awīl-ilī[00]PN",
                      "sig": "@rimanum%akk-x-oldbab:a-wi-il-DINGIR=Awīl-ilī[00//00]PN'PN$Awīl-ilī",
                      "f": {
                        "lang": "akk-x-oldbab",
                        "form": "a-wi-il-DINGIR",
                        "cf": "Awīl-ilī",
                        "gw": "00",
                        "sense": "00",
                        "norm": "Awīl-ilī",
                        "pos": "PN",
                        "epos": "PN"
                      }
                    }
                  ]
                },
                {
                  "node": "d",
                  "subtype": "reverse",
                  "type": "reverse",
                  "ref": "P405140.r.6",
                  "label": "r"
                },
                {
                  "node": "d",
                  "type": "line-start",
                  "ref": "P405140.7",
                  "n": "1",
                  "label": "r 1"
                },
                {
                  "node": "l",
                  "frag": "{iti}⸢AB⸣.E₃",
                  "id": "P405140.l0017b",
                  "ref": "P405140.7.1",
                  "inst": "Ṭebētu[1]MN",
                  "sig": "@rimanum%akk-x-oldbab:{iti}AB.E₃=Ṭebētu[1//1]MN'MN$Ṭebētu",
                  "f": {
                    "lang": "akk-x-oldbab",
                    "form": "{iti}AB.E₃",
                    "cf": "Ṭebētu",
                    "gw": "1",
                    "sense": "1",
                    "norm": "Ṭebētu",
                    "pos": "MN",
                    "epos": "MN"
                  }
                },
                {
                  "node": "l",
                  "frag": "U₄",
                  "id": "P405140.l0017c",
                  "ref": "P405140.7.2",
                  "inst": "ūmu[day]N",
                  "sig": "@rimanum%akk-x-oldbab:U₄=ūmu[day//day]N'N$ūmu",
                  "f": {
                    "lang": "akk-x-oldbab",
                    "form": "U₄",
                    "cf": "ūmu",
                    "gw": "day",
                    "sense": "day",
                    "norm": "ūmu",
                    "pos": "N",
                    "epos": "N"
                  }
                },
                {
                  "node": "l",
                  "frag": "21-KAM",
                  "id": "P405140.l0017d",
                  "ref": "P405140.7.3",
                  "inst": "n",
                  "f": {
                    "lang": "akk-x-oldbab",
                    "form": "21-KAM",
                    "pos": "n"
                  }
                },
                {
                  "node": "d",
                  "type": "line-start",
                  "ref": "P405140.8",
                  "n": "2",
                  "label": "r 2"
                },
                {
                  "node": "l",
                  "frag": "[mu",
                  "id": "P405140.l0017e",
                  "ref": "P405140.8.1",
                  "inst": "mu[year]N",
                  "sig": "@rimanum%sux:mu=mu[year//year]N'N$mu/mu#~",
                  "f": {
                    "lang": "sux",
                    "form": "mu",
                    "cf": "mu",
                    "gw": "year",
                    "sense": "year",
                    "norm0": "mu",
                    "pos": "N",
                    "epos": "N",
                    "base": "mu",
                    "morph": "~"
                  }
                },
                {
                  "node": "c",
                  "type": "phrase",
                  "tag": "person-name",
                  "id": "P405140.U9",
                  "ref": "P405140.ls00005",
                  "cdl": [
                    {
                      "node": "l",
                      "frag": "ri-im]-{d}a-nu-um",
                      "id": "P405140.l0017f",
                      "ref": "P405140.8.2",
                      "inst": "Rīm-Anum[1]RN",
                      "sig": "@rimanum%sux:ri-im-{d}a-nu-um=Rīm-Anum[1//1]RN'RN$Rīm-Anum/ri-im-{d}a-nu-um#~",
                      "f": {
                        "lang": "sux",
                        "form": "ri-im-{d}a-nu-um",
                        "cf": "Rīm-Anum",
                        "gw": "1",
                        "sense": "1",
                        "norm0": "Rīm-Anum",
                        "pos": "RN",
                        "epos": "RN",
                        "base": "ri-im-{d}a-nu-um",
                        "morph": "~"
                      }
                    }
                  ]
                },
                {
                  "node": "d",
                  "type": "line-start",
                  "ref": "P405140.9",
                  "n": "3",
                  "label": "r 3"
                },
                {
                  "node": "l",
                  "frag": "lugal",
                  "id": "P405140.l00180",
                  "ref": "P405140.9.1",
                  "inst": "lugal[king]N",
                  "sig": "@rimanum%sux:lugal=lugal[king//king]N'N$lugal/lugal#~",
                  "f": {
                    "lang": "sux",
                    "form": "lugal",
                    "cf": "lugal",
                    "gw": "king",
                    "sense": "king",
                    "norm0": "lugal",
                    "pos": "N",
                    "epos": "N",
                    "base": "lugal",
                    "morph": "~"
                  }
                },
                {
                  "node": "d",
                  "subtype": "seal 1",
                  "type": "seal",
                  "ref": "P405140.seal.1.10",
                  "n": "1",
                  "label": "seal 1"
                },
                {
                  "node": "d",
                  "type": "line-start",
                  "ref": "P405140.11",
                  "n": "1",
                  "label": "seal 1 1"
                },
                {
                  "node": "c",
                  "type": "phrase",
                  "tag": "person-spec",
                  "id": "P405140.U6",
                  "ref": "P405140.ls00002",
                  "cdl": [
                    {
                      "node": "c",
                      "type": "phrase",
                      "tag": "person-name",
                      "id": "P405140.U10",
                      "ref": "P405140.ls00006",
                      "cdl": [
                        {
                          "node": "l",
                          "frag": "a-wi-il-DINGIR",
                          "id": "P405140.l00181",
                          "ref": "P405140.11.1",
                          "inst": "Awīl-ilī[00]PN",
                          "sig": "@rimanum%akk-x-oldbab:a-wi-il-DINGIR=Awīl-ilī[00//00]PN'PN$Awīl-ilī",
                          "f": {
                            "lang": "akk-x-oldbab",
                            "form": "a-wi-il-DINGIR",
                            "cf": "Awīl-ilī",
                            "gw": "00",
                            "sense": "00",
                            "norm": "Awīl-ilī",
                            "pos": "PN",
                            "epos": "PN"
                          },
                          "props": [
                            {
                              "name": "father-is",
                              "group": "reln",
                              "value": "Ṣillī-X[00]",
                              "ngram": "299",
                              "ref": "#P405140.l00183",
                              "id": "p0000001f"
                            }
                          ]
                        }
                      ]
                    },
                    {
                      "node": "d",
                      "type": "line-start",
                      "ref": "P405140.12",
                      "n": "2",
                      "label": "seal 1 2"
                    },
                    {
                      "node": "l",
                      "frag": "DUMU",
                      "id": "P405140.l00182",
                      "ref": "P405140.12.1",
                      "inst": "mār[son]N",
                      "sig": "@rimanum%akk-x-oldbab:DUMU=māru[son//son]N'N$mār",
                      "f": {
                        "lang": "akk-x-oldbab",
                        "form": "DUMU",
                        "cf": "māru",
                        "gw": "son",
                        "sense": "son",
                        "norm": "mār",
                        "pos": "N",
                        "epos": "N"
                      },
                      "props": [
                        {
                          "name": "relator",
                          "group": "marker",
                          "value": "v",
                          "ngram": "299",
                          "id": "p00000021"
                        }
                      ]
                    },
                    {
                      "node": "c",
                      "type": "phrase",
                      "tag": "person-name",
                      "id": "P405140.U11",
                      "ref": "P405140.ls00007",
                      "cdl": [
                        {
                          "node": "l",
                          "frag": "ṣi₂-li₂-{d}[...]",
                          "id": "P405140.l00183",
                          "ref": "P405140.12.2",
                          "inst": "+Ṣillī-X[00//00]PN'PN$Ṣillī-X",
                          "sig": "@rimanum%akk-x-oldbab:ṣi₂-li₂-{d}x=Ṣillī-X[00//00]PN'PN$Ṣillī-X",
                          "f": {
                            "lang": "akk-x-oldbab",
                            "form": "ṣi₂-li₂-{d}x",
                            "cf": "Ṣillī-X",
                            "gw": "00",
                            "sense": "00",
                            "norm": "Ṣillī-X",
                            "pos": "PN",
                            "epos": "PN"
                          },
                          "props": [
                            {
                              "name": "child-is",
                              "group": "reln",
                              "value": "Awīl-ilī[00]",
                              "ngram": "299",
                              "ref": "#P405140.l00181",
                              "id": "p00000020"
                            }
                          ]
                        }
                      ]
                    }
                  ]
                },
                {
                  "node": "d",
                  "type": "line-start",
                  "ref": "P405140.13",
                  "n": "3",
                  "label": "seal 1 3"
                },
                {
                  "node": "l",
                  "frag": "ARAD",
                  "id": "P405140.l00184",
                  "ref": "P405140.13.1",
                  "inst": "warad[servant]N",
                  "sig": "@rimanum%akk-x-oldbab:ARAD=wardu[slave//servant]N'N$warad",
                  "f": {
                    "lang": "akk-x-oldbab",
                    "form": "ARAD",
                    "cf": "wardu",
                    "gw": "slave",
                    "sense": "servant",
                    "norm": "warad",
                    "pos": "N",
                    "epos": "N"
                  }
                },
                {
                  "node": "c",
                  "type": "phrase",
                  "tag": "person-name",
                  "id": "P405140.U12",
                  "ref": "P405140.ls00008",
                  "cdl": [
                    {
                      "node": "l",
                      "frag": "⸢sa-am-su⸣-[i-lu-na]",
                      "id": "P405140.l00185",
                      "ref": "P405140.13.2",
                      "inst": "Samsu-iluna[1]RN",
                      "sig": "@rimanum%akk-x-oldbab:sa-am-su-i-lu-na=Samsu-iluna[1//1]RN'RN$Samsu-iluna",
                      "f": {
                        "lang": "akk-x-oldbab",
                        "form": "sa-am-su-i-lu-na",
                        "cf": "Samsu-iluna",
                        "gw": "1",
                        "sense": "1",
                        "norm": "Samsu-iluna",
                        "pos": "RN",
                        "epos": "RN"
                      }
                    }
                  ]
                }
              ]
            }
          ]
        }
      ]
    },
    {
      "linkbase": [
        {
          "type": "linkset",
          "xlink_title": "person-spec",
          "id": "P405140.ls00000",
          "xlink_type": "extended",
          "xlink_role": "psa",
          "links": [
            {
              "type": "link",
              "xlink_title": "start",
              "xlink_type": "locator",
              "xlink_href": "#P405140.l0017a",
              "xlink_role": "name"
            }
          ]
        },
        {
          "type": "linkset",
          "xlink_title": "person-spec",
          "id": "P405140.ls00001",
          "xlink_type": "extended",
          "xlink_role": "psa",
          "links": [
            {
              "type": "link",
              "xlink_title": "start",
              "xlink_type": "locator",
              "xlink_href": "#P405140.l0017f",
              "xlink_role": "name"
            }
          ]
        },
        {
          "type": "linkset",
          "xlink_title": "person-spec",
          "id": "P405140.ls00002",
          "xlink_type": "extended",
          "xlink_role": "psa",
          "links": [
            {
              "type": "link",
              "xlink_title": "start",
              "xlink_type": "locator",
              "xlink_href": "#P405140.l00181",
              "xlink_role": "name"
            },
            {
              "type": "link",
              "xlink_title": "end",
              "xlink_type": "locator",
              "xlink_href": "#P405140.l00183",
              "xlink_role": "name"
            }
          ]
        },
        {
          "type": "linkset",
          "xlink_title": "person-spec",
          "id": "P405140.ls00003",
          "xlink_type": "extended",
          "xlink_role": "psa",
          "links": [
            {
              "type": "link",
              "xlink_title": "start",
              "xlink_type": "locator",
              "xlink_href": "#P405140.l00185",
              "xlink_role": "name"
            }
          ]
        },
        {
          "type": "linkset",
          "xlink_title": "person-name",
          "id": "P405140.ls00004",
          "xlink_type": "extended",
          "xlink_role": "psa",
          "links": [
            {
              "type": "link",
              "xlink_title": "start",
              "xlink_type": "locator",
              "xlink_href": "#P405140.l0017a",
              "xlink_role": "name"
            }
          ]
        },
        {
          "type": "linkset",
          "xlink_title": "person-name",
          "id": "P405140.ls00005",
          "xlink_type": "extended",
          "xlink_role": "psa",
          "links": [
            {
              "type": "link",
              "xlink_title": "start",
              "xlink_type": "locator",
              "xlink_href": "#P405140.l0017f",
              "xlink_role": "name"
            }
          ]
        },
        {
          "type": "linkset",
          "xlink_title": "person-name",
          "id": "P405140.ls00006",
          "xlink_type": "extended",
          "xlink_role": "psa",
          "links": [
            {
              "type": "link",
              "xlink_title": "start",
              "xlink_type": "locator",
              "xlink_href": "#P405140.l00181",
              "xlink_role": "name"
            }
          ]
        },
        {
          "type": "linkset",
          "xlink_title": "person-name",
          "id": "P405140.ls00007",
          "xlink_type": "extended",
          "xlink_role": "psa",
          "links": [
            {
              "type": "link",
              "xlink_title": "start",
              "xlink_type": "locator",
              "xlink_href": "#P405140.l00183",
              "xlink_role": "name"
            },
            {
              "type": "link",
              "xlink_title": "end",
              "xlink_type": "locator",
              "xlink_href": "#P405140.l00183",
              "xlink_role": "name"
            }
          ]
        },
        {
          "type": "linkset",
          "xlink_title": "person-name",
          "id": "P405140.ls00008",
          "xlink_type": "extended",
          "xlink_role": "psa",
          "links": [
            {
              "type": "link",
              "xlink_title": "start",
              "xlink_type": "locator",
              "xlink_href": "#P405140.l00185",
              "xlink_role": "name"
            }
          ]
        }
      ]
    }
  ]
}
