{
  "type": "cdl",
  "source": "http://oracc.org/rimanum",
  "license": "This data is released under the CC0 license",
  "license-url": "https://creativecommons.org/publicdomain/zero/1.0/",
  "more-info": "http://oracc.org/doc/opendata/",
  "UTC-timestamp": "2017-06-10T00:16:57",
  "project": "rimanum",
  "textid": "P405267",
  "cdl": [
    {
      "node": "c",
      "type": "text",
      "id": "P405267.U0",
      "cdl": [
        {
          "node": "d",
          "subtype": "tablet",
          "type": "tablet",
          "ref": "P405267.x151.1",
          "label": "x151"
        },
        {
          "node": "d",
          "subtype": "obverse",
          "type": "obverse",
          "ref": "P405267.o.2",
          "label": "o"
        },
        {
          "node": "c",
          "type": "discourse",
          "subtype": "body",
          "id": "P405267.U1",
          "cdl": [
            {
              "node": "c",
              "type": "sentence",
              "id": "P405267.U2",
              "label": "o 1 - seal 1 3",
              "cdl": [
                {
                  "node": "d",
                  "type": "line-start",
                  "ref": "P405267.3",
                  "n": "1",
                  "label": "o 1"
                },
                {
                  "node": "l",
                  "frag": "1(BARIG)",
                  "id": "P405267.l00d95",
                  "ref": "P405267.3.1",
                  "inst": "n",
                  "f": {
                    "lang": "akk-x-oldbab",
                    "form": "1(BARIG)",
                    "pos": "n"
                  }
                },
                {
                  "node": "l",
                  "frag": "ZI₃",
                  "id": "P405267.l00d96",
                  "ref": "P405267.3.2",
                  "inst": "qēmu[flour]N",
                  "sig": "@rimanum%akk-x-oldbab:ZI₃=qēmu[flour//flour]N'N$qēmu",
                  "f": {
                    "lang": "akk-x-oldbab",
                    "form": "ZI₃",
                    "cf": "qēmu",
                    "gw": "flour",
                    "sense": "flour",
                    "norm": "qēmu",
                    "pos": "N",
                    "epos": "N"
                  }
                },
                {
                  "node": "l",
                  "frag": "US₂",
                  "id": "P405267.l00d97",
                  "ref": "P405267.3.3",
                  "inst": "US₂[lesser quality]AJ",
                  "sig": "@rimanum%akk-x-oldbab:US₂=US₂[lesser quality//lesser quality]AJ'AJ$US₂",
                  "f": {
                    "lang": "akk-x-oldbab",
                    "form": "US₂",
                    "cf": "US₂",
                    "gw": "lesser quality",
                    "sense": "lesser quality",
                    "norm": "US₂",
                    "pos": "AJ",
                    "epos": "AJ"
                  }
                },
                {
                  "node": "d",
                  "type": "line-start",
                  "ref": "P405267.4",
                  "n": "2",
                  "label": "o 2"
                },
                {
                  "node": "l",
                  "frag": "a-na",
                  "id": "P405267.l00d98",
                  "ref": "P405267.4.1",
                  "inst": "ana[to//for]PRP'PRP$ana",
                  "sig": "@rimanum%akk-x-oldbab:a-na=ana[to//for]PRP'PRP$ana",
                  "f": {
                    "lang": "akk-x-oldbab",
                    "form": "a-na",
                    "cf": "ana",
                    "gw": "to",
                    "sense": "for",
                    "norm": "ana",
                    "pos": "PRP",
                    "epos": "PRP"
                  }
                },
                {
                  "node": "l",
                  "frag": "GEŠBUN",
                  "id": "P405267.l00d99",
                  "ref": "P405267.4.2",
                  "inst": "tākulti[allocation]N",
                  "sig": "@rimanum%akk-x-oldbab:GEŠBUN=tākultu[(cultic) meal//allocation]N'N$tākulti",
                  "f": {
                    "lang": "akk-x-oldbab",
                    "form": "GEŠBUN",
                    "cf": "tākultu",
                    "gw": "(cultic) meal",
                    "sense": "allocation",
                    "norm": "tākulti",
                    "pos": "N",
                    "epos": "N"
                  }
                },
                {
                  "node": "d",
                  "type": "line-start",
                  "ref": "P405267.5",
                  "n": "3",
                  "label": "o 3"
                },
                {
                  "node": "l",
                  "frag": "UGULA",
                  "id": "P405267.l00d9a",
                  "ref": "P405267.5.1",
                  "inst": "wakil[overseer]N",
                  "sig": "@rimanum%akk-x-oldbab:UGULA=waklu[overseer//overseer]N'N$wakil",
                  "f": {
                    "lang": "akk-x-oldbab",
                    "form": "UGULA",
                    "cf": "waklu",
                    "gw": "overseer",
                    "sense": "overseer",
                    "norm": "wakil",
                    "pos": "N",
                    "epos": "N"
                  }
                },
                {
                  "node": "l",
                  "frag": "⸢MAR.TU⸣-MEŠ",
                  "id": "P405267.l00d9b",
                  "ref": "P405267.5.2",
                  "inst": "Amurrî[1]EN",
                  "sig": "@rimanum%akk-x-oldbab:MAR.TU-MEŠ=Amurrû[1//1]EN'EN$Amurrî",
                  "f": {
                    "lang": "akk-x-oldbab",
                    "form": "MAR.TU-MEŠ",
                    "cf": "Amurrû",
                    "gw": "1",
                    "sense": "1",
                    "norm": "Amurrî",
                    "pos": "EN",
                    "epos": "EN"
                  }
                },
                {
                  "node": "d",
                  "type": "line-start",
                  "ref": "P405267.6",
                  "n": "4",
                  "label": "o 4"
                },
                {
                  "node": "l",
                  "frag": "⸢u₃⸣",
                  "id": "P405267.l00d9c",
                  "ref": "P405267.6.1",
                  "inst": "u[and]CNJ",
                  "sig": "@rimanum%akk-x-oldbab:u₃=u[and//and]CNJ'CNJ$u",
                  "f": {
                    "lang": "akk-x-oldbab",
                    "form": "u₃",
                    "cf": "u",
                    "gw": "and",
                    "sense": "and",
                    "norm": "u",
                    "pos": "CNJ",
                    "epos": "CNJ"
                  }
                },
                {
                  "node": "l",
                  "frag": "[a-hi]-⸢a⸣-tim",
                  "id": "P405267.l00d9d",
                  "ref": "P405267.6.2",
                  "inst": "ahītu[outside//other]N'N$ahiātim",
                  "sig": "@rimanum%akk-x-oldbab:a-hi-a-tim=ahītu[outside//other]N'N$ahiātim",
                  "f": {
                    "lang": "akk-x-oldbab",
                    "form": "a-hi-a-tim",
                    "cf": "ahītu",
                    "gw": "outside",
                    "sense": "other",
                    "norm": "ahiātim",
                    "pos": "N",
                    "epos": "N"
                  }
                },
                {
                  "node": "d",
                  "type": "line-start",
                  "ref": "P405267.7",
                  "n": "5",
                  "label": "o 5"
                },
                {
                  "node": "l",
                  "frag": "[ZI].GA",
                  "id": "P405267.l00d9e",
                  "ref": "P405267.7.1",
                  "inst": "ṣītu[expenditure]N",
                  "sig": "@rimanum%akk-x-oldbab:ZI.GA=ṣītu[exit//expenditure]N'N$ṣītu",
                  "f": {
                    "lang": "akk-x-oldbab",
                    "form": "ZI.GA",
                    "cf": "ṣītu",
                    "gw": "exit",
                    "sense": "expenditure",
                    "norm": "ṣītu",
                    "pos": "N",
                    "epos": "N"
                  }
                },
                {
                  "node": "d",
                  "subtype": "reverse",
                  "type": "reverse",
                  "ref": "P405267.r.8",
                  "label": "r"
                },
                {
                  "node": "d",
                  "type": "line-start",
                  "ref": "P405267.9",
                  "n": "1",
                  "label": "r 1"
                },
                {
                  "node": "l",
                  "frag": "⸢ŠA₃",
                  "id": "P405267.l00d9f",
                  "ref": "P405267.9.1",
                  "inst": "libbu[inner body//inside]N$libbu",
                  "sig": "@rimanum%akk-x-oldbab:ŠA₃=libbu[inner body//inside]N'N$libbu",
                  "f": {
                    "lang": "akk-x-oldbab",
                    "form": "ŠA₃",
                    "cf": "libbu",
                    "gw": "inner body",
                    "sense": "inside",
                    "norm": "libbu",
                    "pos": "N",
                    "epos": "N"
                  }
                },
                {
                  "node": "l",
                  "frag": "E₂⸣",
                  "id": "P405267.l00da0",
                  "ref": "P405267.9.2",
                  "inst": "bīt[house]N",
                  "sig": "@rimanum%akk-x-oldbab:E₂=bītu[house//house]N'N$bīt",
                  "f": {
                    "lang": "akk-x-oldbab",
                    "form": "E₂",
                    "cf": "bītu",
                    "gw": "house",
                    "sense": "house",
                    "norm": "bīt",
                    "pos": "N",
                    "epos": "N"
                  }
                },
                {
                  "node": "l",
                  "frag": "A.SI.RUM",
                  "id": "P405267.l00da1",
                  "ref": "P405267.9.3",
                  "inst": "asīrī[prisoner of war]N",
                  "sig": "@rimanum%akk-x-oldbab:A.SI.RUM=asīru[captive//prisoner of war]N'N$asīrī",
                  "f": {
                    "lang": "akk-x-oldbab",
                    "form": "A.SI.RUM",
                    "cf": "asīru",
                    "gw": "captive",
                    "sense": "prisoner of war",
                    "norm": "asīrī",
                    "pos": "N",
                    "epos": "N"
                  }
                },
                {
                  "node": "d",
                  "type": "line-start",
                  "ref": "P405267.10",
                  "n": "2",
                  "label": "r 2"
                },
                {
                  "node": "c",
                  "type": "phrase",
                  "tag": "phr",
                  "id": "P405267.U7",
                  "ref": "P405267.ls00000",
                  "cdl": [
                    {
                      "node": "l",
                      "frag": "NIG₂.ŠU",
                      "id": "P405267.l00da2",
                      "ref": "P405267.10.1",
                      "cof-tails": "P405267.l00da3",
                      "inst": "ša[of]DET$ša&qātu[authority]N$qāt",
                      "sig": "@rimanum%akk-x-oldbab:NIG₂.ŠU=ša[of//of]DET'DET$ša&&@rimanum%akk-x-oldbab:=qātu[hand//authority]N'N$qāt",
                      "f": {
                        "lang": "akk-x-oldbab",
                        "form": "NIG₂.ŠU",
                        "cf": "ša",
                        "gw": "of",
                        "sense": "of",
                        "norm": "ša",
                        "pos": "DET",
                        "epos": "DET"
                      }
                    },
                    {
                      "node": "l",
                      "frag": "NIG₂.ŠU",
                      "id": "P405267.l00da3",
                      "ref": "P405267.10.1",
                      "cof-head": "P405267.l00da2",
                      "inst": "ša[of]DET$ša&qātu[authority]N$qāt",
                      "tail-sig": "@rimanum%akk-x-oldbab:=qātu[hand//authority]N'N$qāt",
                      "f": {
                        "lang": "akk-x-oldbab",
                        "form": "NIG₂.ŠU",
                        "cf": "qātu",
                        "gw": "hand",
                        "sense": "authority",
                        "norm": "qāt",
                        "pos": "N",
                        "epos": "N"
                      }
                    }
                  ]
                },
                {
                  "node": "c",
                  "type": "phrase",
                  "tag": "person-name",
                  "id": "P405267.U8",
                  "ref": "P405267.ls00004",
                  "cdl": [
                    {
                      "node": "l",
                      "frag": "{d}EN.ZU-še-mi",
                      "id": "P405267.l00da4",
                      "ref": "P405267.10.2",
                      "inst": "Sîn-šeme[00]PN",
                      "sig": "@rimanum%akk-x-oldbab:{d}EN.ZU-še-mi=Sîn-šeme[00//00]PN'PN$Sîn-šeme",
                      "f": {
                        "lang": "akk-x-oldbab",
                        "form": "{d}EN.ZU-še-mi",
                        "cf": "Sîn-šeme",
                        "gw": "00",
                        "sense": "00",
                        "norm": "Sîn-šeme",
                        "pos": "PN",
                        "epos": "PN"
                      }
                    }
                  ]
                },
                {
                  "node": "d",
                  "type": "line-start",
                  "ref": "P405267.11",
                  "n": "3",
                  "label": "r 3"
                },
                {
                  "node": "l",
                  "frag": "{iti}GU₄.SI.SA₂",
                  "id": "P405267.l00da5",
                  "ref": "P405267.11.1",
                  "inst": "Ayyarum[1]MN",
                  "sig": "@rimanum%akk-x-oldbab:{iti}GU₄.SI.SA₂=Ayyaru[1//1]MN'MN$Ayyarum",
                  "f": {
                    "lang": "akk-x-oldbab",
                    "form": "{iti}GU₄.SI.SA₂",
                    "cf": "Ayyaru",
                    "gw": "1",
                    "sense": "1",
                    "norm": "Ayyarum",
                    "pos": "MN",
                    "epos": "MN"
                  }
                },
                {
                  "node": "l",
                  "frag": "U₄",
                  "id": "P405267.l00da6",
                  "ref": "P405267.11.2",
                  "inst": "ūmu[day]N$ūmu",
                  "sig": "@rimanum%akk-x-oldbab:U₄=ūmu[day//day]N'N$ūmu",
                  "f": {
                    "lang": "akk-x-oldbab",
                    "form": "U₄",
                    "cf": "ūmu",
                    "gw": "day",
                    "sense": "day",
                    "norm": "ūmu",
                    "pos": "N",
                    "epos": "N"
                  }
                },
                {
                  "node": "l",
                  "frag": "26-KAM",
                  "id": "P405267.l00da7",
                  "ref": "P405267.11.3",
                  "inst": "n",
                  "f": {
                    "lang": "akk-x-oldbab",
                    "form": "26-KAM",
                    "pos": "n"
                  }
                },
                {
                  "node": "d",
                  "type": "line-start",
                  "ref": "P405267.12",
                  "n": "4",
                  "label": "r 4"
                },
                {
                  "node": "l",
                  "frag": "⸢mu⸣",
                  "id": "P405267.l00da8",
                  "ref": "P405267.12.1",
                  "inst": "mu[year]N",
                  "sig": "@rimanum%sux:mu=mu[year//year]N'N$mu/mu#~",
                  "f": {
                    "lang": "sux",
                    "form": "mu",
                    "cf": "mu",
                    "gw": "year",
                    "sense": "year",
                    "norm0": "mu",
                    "pos": "N",
                    "epos": "N",
                    "base": "mu",
                    "morph": "~"
                  }
                },
                {
                  "node": "c",
                  "type": "phrase",
                  "tag": "person-name",
                  "id": "P405267.U9",
                  "ref": "P405267.ls00005",
                  "cdl": [
                    {
                      "node": "l",
                      "frag": "ri-im-{d}a-nu-um",
                      "id": "P405267.l00da9",
                      "ref": "P405267.12.2",
                      "inst": "Rīm-Anum[1]RN",
                      "sig": "@rimanum%sux:ri-im-{d}a-nu-um=Rīm-Anum[1//1]RN'RN$Rīm-Anum/ri-im-{d}a-nu-um#~",
                      "f": {
                        "lang": "sux",
                        "form": "ri-im-{d}a-nu-um",
                        "cf": "Rīm-Anum",
                        "gw": "1",
                        "sense": "1",
                        "norm0": "Rīm-Anum",
                        "pos": "RN",
                        "epos": "RN",
                        "base": "ri-im-{d}a-nu-um",
                        "morph": "~"
                      }
                    }
                  ]
                },
                {
                  "node": "l",
                  "frag": "lugal",
                  "id": "P405267.l00daa",
                  "ref": "P405267.12.3",
                  "inst": "lugal[king]N",
                  "sig": "@rimanum%sux:lugal=lugal[king//king]N'N$lugal/lugal#~",
                  "f": {
                    "lang": "sux",
                    "form": "lugal",
                    "cf": "lugal",
                    "gw": "king",
                    "sense": "king",
                    "norm0": "lugal",
                    "pos": "N",
                    "epos": "N",
                    "base": "lugal",
                    "morph": "~"
                  }
                },
                {
                  "node": "d",
                  "type": "line-start",
                  "ref": "P405267.13",
                  "n": "5",
                  "label": "r 5"
                },
                {
                  "node": "l",
                  "frag": "unug{ki}",
                  "id": "P405267.l00dab",
                  "ref": "P405267.13.1",
                  "inst": "Uruk[1]SN",
                  "sig": "@rimanum%sux:unug{ki}=Uruk[1//1]SN'SN$Uruk/unug{ki}#~",
                  "f": {
                    "lang": "sux",
                    "form": "unug{ki}",
                    "cf": "Uruk",
                    "gw": "1",
                    "sense": "1",
                    "norm0": "Uruk",
                    "pos": "SN",
                    "epos": "SN",
                    "base": "unug{ki}",
                    "morph": "~"
                  }
                },
                {
                  "node": "l",
                  "frag": "u₃",
                  "id": "P405267.l00dac",
                  "ref": "P405267.13.2",
                  "inst": "u[and]CNJ",
                  "sig": "@rimanum%sux:u₃=u[and//and]CNJ'CNJ$u/u₃#~",
                  "f": {
                    "lang": "sux",
                    "form": "u₃",
                    "cf": "u",
                    "gw": "and",
                    "sense": "and",
                    "norm0": "u",
                    "pos": "CNJ",
                    "epos": "CNJ",
                    "base": "u₃",
                    "morph": "~"
                  }
                },
                {
                  "node": "l",
                  "frag": "a₂-dam-bi",
                  "id": "P405267.l00dad",
                  "ref": "P405267.13.3",
                  "inst": "adam[habitation]",
                  "sig": "@rimanum%sux:a₂-dam-bi=adam[habitation//habitation]N'N$adam,bi/a₂-dam#~,bi",
                  "f": {
                    "lang": "sux",
                    "form": "a₂-dam-bi",
                    "cf": "adam",
                    "gw": "habitation",
                    "sense": "habitation",
                    "norm0": "adam,bi",
                    "pos": "N",
                    "epos": "N",
                    "base": "a₂-dam",
                    "morph": "~,bi"
                  }
                },
                {
                  "node": "d",
                  "subtype": "seal 1",
                  "type": "seal",
                  "ref": "P405267.seal.1.14",
                  "n": "1",
                  "label": "seal 1"
                },
                {
                  "node": "d",
                  "type": "line-start",
                  "ref": "P405267.15",
                  "n": "1",
                  "label": "seal 1 1"
                },
                {
                  "node": "c",
                  "type": "phrase",
                  "tag": "person-spec",
                  "id": "P405267.U6",
                  "ref": "P405267.ls00003",
                  "cdl": [
                    {
                      "node": "c",
                      "type": "phrase",
                      "tag": "person-name",
                      "id": "P405267.U10",
                      "ref": "P405267.ls00006",
                      "cdl": [
                        {
                          "node": "l",
                          "frag": "[a-pil]-{d}⸢MAR.TU⸣",
                          "id": "P405267.l00dae",
                          "ref": "P405267.15.1",
                          "inst": "Apil-Amurru[00]PN",
                          "sig": "@rimanum%akk-x-oldbab:a-pil-{d}MAR.TU=Apil-Amurru[00//00]PN'PN$Apil-Amurru",
                          "f": {
                            "lang": "akk-x-oldbab",
                            "form": "a-pil-{d}MAR.TU",
                            "cf": "Apil-Amurru",
                            "gw": "00",
                            "sense": "00",
                            "norm": "Apil-Amurru",
                            "pos": "PN",
                            "epos": "PN"
                          },
                          "props": [
                            {
                              "name": "father-is",
                              "group": "reln",
                              "value": "Ilam-ēriš[00]",
                              "ngram": "2322",
                              "ref": "#P405267.l00db0",
                              "id": "p00000108"
                            }
                          ]
                        }
                      ]
                    },
                    {
                      "node": "d",
                      "type": "line-start",
                      "ref": "P405267.16",
                      "n": "2",
                      "label": "seal 1 2"
                    },
                    {
                      "node": "l",
                      "frag": "[DUMU]",
                      "id": "P405267.l00daf",
                      "ref": "P405267.16.1",
                      "inst": "mār[son]N",
                      "sig": "@rimanum%akk-x-oldbab:DUMU=māru[son//son]N'N$mār",
                      "f": {
                        "lang": "akk-x-oldbab",
                        "form": "DUMU",
                        "cf": "māru",
                        "gw": "son",
                        "sense": "son",
                        "norm": "mār",
                        "pos": "N",
                        "epos": "N"
                      },
                      "props": [
                        {
                          "name": "relator",
                          "group": "marker",
                          "value": "v",
                          "ngram": "2322",
                          "id": "p0000010a"
                        }
                      ]
                    },
                    {
                      "node": "c",
                      "type": "phrase",
                      "tag": "person-name",
                      "id": "P405267.U11",
                      "ref": "P405267.ls00007",
                      "cdl": [
                        {
                          "node": "l",
                          "frag": "DINGIR{lam}[eriš]",
                          "id": "P405267.l00db0",
                          "ref": "P405267.16.2",
                          "inst": "Ilam-ēriš[00]PN$",
                          "sig": "@rimanum%akk-x-oldbab:DINGIR{lam}-eriš=Ilam-ēriš[00//00]PN'PN$Ilam-ēriš",
                          "f": {
                            "lang": "akk-x-oldbab",
                            "form": "DINGIR{lam}-eriš",
                            "cf": "Ilam-ēriš",
                            "gw": "00",
                            "sense": "00",
                            "norm": "Ilam-ēriš",
                            "pos": "PN",
                            "epos": "PN"
                          },
                          "props": [
                            {
                              "name": "child-is",
                              "group": "reln",
                              "value": "Apil-Amurru[00]",
                              "ngram": "2322",
                              "ref": "#P405267.l00dae",
                              "id": "p00000109"
                            }
                          ]
                        }
                      ]
                    }
                  ]
                },
                {
                  "node": "d",
                  "type": "line-start",
                  "ref": "P405267.17",
                  "n": "3",
                  "label": "seal 1 3"
                },
                {
                  "node": "l",
                  "frag": "[ARAD]",
                  "id": "P405267.l00db1",
                  "ref": "P405267.17.1",
                  "inst": "warad[servant]N",
                  "sig": "@rimanum%akk-x-oldbab:ARAD=wardu[slave//servant]N'N$warad",
                  "f": {
                    "lang": "akk-x-oldbab",
                    "form": "ARAD",
                    "cf": "wardu",
                    "gw": "slave",
                    "sense": "servant",
                    "norm": "warad",
                    "pos": "N",
                    "epos": "N"
                  }
                },
                {
                  "node": "l",
                  "frag": "{d}[...]",
                  "id": "P405267.l00db2",
                  "ref": "P405267.17.2",
                  "inst": "u",
                  "f": {
                    "lang": "akk-x-oldbab",
                    "form": "{d}x",
                    "pos": "u"
                  }
                }
              ]
            }
          ]
        }
      ]
    },
    {
      "linkbase": [
        {
          "type": "linkset",
          "xlink_title": "ša qāti[under the authority of//under the authority of]PRP'PRP",
          "id": "P405267.ls00000",
          "xlink_type": "extended",
          "xlink_role": "psu",
          "sig": "{NIG₂.ŠU = ša[of]DET qātu[hand]N += ša qāti[under the authority of//under the authority of]PRP'PRP}::@rimanum%akk-x-oldbab:NIG₂.ŠU=ša[of//of]DET'DET$ša++@rimanum%akk-x-oldbab:NIG₂.ŠU=qātu[hand//authority]N'N$qāt",
          "links": [
            {
              "type": "link",
              "xlink_title": "ša",
              "xlink_type": "locator",
              "xlink_href": "#P405267.l00da2",
              "xlink_role": "elt"
            },
            {
              "type": "link",
              "xlink_title": "qātu",
              "xlink_type": "locator",
              "xlink_href": "#P405267.l00da3",
              "xlink_role": "elt"
            }
          ]
        },
        {
          "type": "linkset",
          "xlink_title": "person-spec",
          "id": "P405267.ls00001",
          "xlink_type": "extended",
          "xlink_role": "psa",
          "links": [
            {
              "type": "link",
              "xlink_title": "start",
              "xlink_type": "locator",
              "xlink_href": "#P405267.l00da4",
              "xlink_role": "name"
            }
          ]
        },
        {
          "type": "linkset",
          "xlink_title": "person-spec",
          "id": "P405267.ls00002",
          "xlink_type": "extended",
          "xlink_role": "psa",
          "links": [
            {
              "type": "link",
              "xlink_title": "start",
              "xlink_type": "locator",
              "xlink_href": "#P405267.l00da9",
              "xlink_role": "name"
            }
          ]
        },
        {
          "type": "linkset",
          "xlink_title": "person-spec",
          "id": "P405267.ls00003",
          "xlink_type": "extended",
          "xlink_role": "psa",
          "links": [
            {
              "type": "link",
              "xlink_title": "start",
              "xlink_type": "locator",
              "xlink_href": "#P405267.l00dae",
              "xlink_role": "name"
            },
            {
              "type": "link",
              "xlink_title": "end",
              "xlink_type": "locator",
              "xlink_href": "#P405267.l00db0",
              "xlink_role": "name"
            }
          ]
        },
        {
          "type": "linkset",
          "xlink_title": "person-name",
          "id": "P405267.ls00004",
          "xlink_type": "extended",
          "xlink_role": "psa",
          "links": [
            {
              "type": "link",
              "xlink_title": "start",
              "xlink_type": "locator",
              "xlink_href": "#P405267.l00da4",
              "xlink_role": "name"
            }
          ]
        },
        {
          "type": "linkset",
          "xlink_title": "person-name",
          "id": "P405267.ls00005",
          "xlink_type": "extended",
          "xlink_role": "psa",
          "links": [
            {
              "type": "link",
              "xlink_title": "start",
              "xlink_type": "locator",
              "xlink_href": "#P405267.l00da9",
              "xlink_role": "name"
            }
          ]
        },
        {
          "type": "linkset",
          "xlink_title": "person-name",
          "id": "P405267.ls00006",
          "xlink_type": "extended",
          "xlink_role": "psa",
          "links": [
            {
              "type": "link",
              "xlink_title": "start",
              "xlink_type": "locator",
              "xlink_href": "#P405267.l00dae",
              "xlink_role": "name"
            }
          ]
        },
        {
          "type": "linkset",
          "xlink_title": "person-name",
          "id": "P405267.ls00007",
          "xlink_type": "extended",
          "xlink_role": "psa",
          "links": [
            {
              "type": "link",
              "xlink_title": "start",
              "xlink_type": "locator",
              "xlink_href": "#P405267.l00db0",
              "xlink_role": "name"
            },
            {
              "type": "link",
              "xlink_title": "end",
              "xlink_type": "locator",
              "xlink_href": "#P405267.l00db0",
              "xlink_role": "name"
            }
          ]
        }
      ]
    }
  ]
}
