{
  "type": "cdl",
  "source": "http://oracc.org/rimanum",
  "license": "This data is released under the CC0 license",
  "license-url": "https://creativecommons.org/publicdomain/zero/1.0/",
  "more-info": "http://oracc.org/doc/opendata/",
  "UTC-timestamp": "2017-06-10T00:17:08",
  "project": "rimanum",
  "textid": "P405183",
  "cdl": [
    {
      "node": "c",
      "type": "text",
      "id": "P405183.U0",
      "cdl": [
        {
          "node": "d",
          "subtype": "tablet",
          "type": "tablet",
          "ref": "P405183.x66.1",
          "label": "x66"
        },
        {
          "node": "d",
          "subtype": "obverse",
          "type": "obverse",
          "ref": "P405183.o.2",
          "label": "o"
        },
        {
          "node": "c",
          "type": "discourse",
          "subtype": "body",
          "id": "P405183.U1",
          "cdl": [
            {
              "node": "c",
              "type": "sentence",
              "id": "P405183.U2",
              "label": "o 1 - r 3",
              "cdl": [
                {
                  "node": "d",
                  "type": "line-start",
                  "ref": "P405183.3",
                  "n": "1",
                  "label": "o 1"
                },
                {
                  "node": "l",
                  "frag": "[...]",
                  "id": "P405183.l004bc",
                  "ref": "P405183.3.1",
                  "inst": "u",
                  "f": {
                    "lang": "akk-x-oldbab",
                    "form": "x",
                    "pos": "u"
                  }
                },
                {
                  "node": "l",
                  "frag": "⸢x",
                  "id": "P405183.l004bd",
                  "ref": "P405183.3.2",
                  "inst": "u",
                  "f": {
                    "lang": "akk-x-oldbab",
                    "form": "x",
                    "pos": "u"
                  }
                },
                {
                  "node": "l",
                  "frag": "x",
                  "id": "P405183.l004be",
                  "ref": "P405183.3.3",
                  "inst": "u",
                  "f": {
                    "lang": "akk-x-oldbab",
                    "form": "x",
                    "pos": "u"
                  }
                },
                {
                  "node": "l",
                  "frag": "x⸣",
                  "id": "P405183.l004bf",
                  "ref": "P405183.3.4",
                  "inst": "u",
                  "f": {
                    "lang": "akk-x-oldbab",
                    "form": "x",
                    "pos": "u"
                  }
                },
                {
                  "node": "d",
                  "type": "line-start",
                  "ref": "P405183.4",
                  "n": "2",
                  "label": "o 2"
                },
                {
                  "node": "l",
                  "frag": "[...]",
                  "id": "P405183.l004c0",
                  "ref": "P405183.4.1",
                  "inst": "u",
                  "f": {
                    "lang": "akk-x-oldbab",
                    "form": "x",
                    "pos": "u"
                  }
                },
                {
                  "node": "l",
                  "frag": "⸢x",
                  "id": "P405183.l004c1",
                  "ref": "P405183.4.2",
                  "inst": "u",
                  "f": {
                    "lang": "akk-x-oldbab",
                    "form": "x",
                    "pos": "u"
                  }
                },
                {
                  "node": "l",
                  "frag": "x",
                  "id": "P405183.l004c2",
                  "ref": "P405183.4.3",
                  "inst": "u",
                  "f": {
                    "lang": "akk-x-oldbab",
                    "form": "x",
                    "pos": "u"
                  }
                },
                {
                  "node": "l",
                  "frag": "x⸣",
                  "id": "P405183.l004c3",
                  "ref": "P405183.4.4",
                  "inst": "u",
                  "f": {
                    "lang": "akk-x-oldbab",
                    "form": "x",
                    "pos": "u"
                  }
                },
                {
                  "node": "d",
                  "type": "line-start",
                  "ref": "P405183.5",
                  "n": "3",
                  "label": "o 3"
                },
                {
                  "node": "l",
                  "frag": "[...]",
                  "id": "P405183.l004c4",
                  "ref": "P405183.5.1",
                  "inst": "u",
                  "f": {
                    "lang": "akk-x-oldbab",
                    "form": "x",
                    "pos": "u"
                  }
                },
                {
                  "node": "l",
                  "frag": "⸢x⸣",
                  "id": "P405183.l004c5",
                  "ref": "P405183.5.2",
                  "inst": "u",
                  "f": {
                    "lang": "akk-x-oldbab",
                    "form": "x",
                    "pos": "u"
                  }
                },
                {
                  "node": "d",
                  "subtype": "reverse",
                  "type": "reverse",
                  "ref": "P405183.r.6",
                  "label": "r"
                },
                {
                  "node": "d",
                  "type": "line-start",
                  "ref": "P405183.7",
                  "n": "1",
                  "label": "r 1"
                },
                {
                  "node": "l",
                  "frag": "{iti}ZIZ₂.A",
                  "id": "P405183.l004c6",
                  "ref": "P405183.7.1",
                  "inst": "Šabātu[1]MN",
                  "sig": "@rimanum%akk-x-oldbab:{iti}ZIZ₂.A=Šabātu[1//1]MN'MN$Šabātu",
                  "f": {
                    "lang": "akk-x-oldbab",
                    "form": "{iti}ZIZ₂.A",
                    "cf": "Šabātu",
                    "gw": "1",
                    "sense": "1",
                    "norm": "Šabātu",
                    "pos": "MN",
                    "epos": "MN"
                  }
                },
                {
                  "node": "l",
                  "frag": "U₄",
                  "id": "P405183.l004c7",
                  "ref": "P405183.7.2",
                  "inst": "ūmu[day]N",
                  "sig": "@rimanum%akk-x-oldbab:U₄=ūmu[day//day]N'N$ūmu",
                  "f": {
                    "lang": "akk-x-oldbab",
                    "form": "U₄",
                    "cf": "ūmu",
                    "gw": "day",
                    "sense": "day",
                    "norm": "ūmu",
                    "pos": "N",
                    "epos": "N"
                  }
                },
                {
                  "node": "l",
                  "frag": "22-KAM",
                  "id": "P405183.l004c8",
                  "ref": "P405183.7.3",
                  "inst": "n",
                  "f": {
                    "lang": "akk-x-oldbab",
                    "form": "22-KAM",
                    "pos": "n"
                  }
                },
                {
                  "node": "d",
                  "type": "line-start",
                  "ref": "P405183.8",
                  "n": "2",
                  "label": "r 2"
                },
                {
                  "node": "l",
                  "frag": "mu",
                  "id": "P405183.l004c9",
                  "ref": "P405183.8.1",
                  "inst": "mu[year]N",
                  "sig": "@rimanum%sux:mu=mu[year//year]N'N$mu/mu#~",
                  "f": {
                    "lang": "sux",
                    "form": "mu",
                    "cf": "mu",
                    "gw": "year",
                    "sense": "year",
                    "norm0": "mu",
                    "pos": "N",
                    "epos": "N",
                    "base": "mu",
                    "morph": "~"
                  }
                },
                {
                  "node": "c",
                  "type": "phrase",
                  "tag": "person-name",
                  "id": "P405183.U5",
                  "ref": "P405183.ls00001",
                  "cdl": [
                    {
                      "node": "l",
                      "frag": "ri-im-{d}a-nu-um",
                      "id": "P405183.l004ca",
                      "ref": "P405183.8.2",
                      "inst": "Rīm-Anum[1]RN",
                      "sig": "@rimanum%sux:ri-im-{d}a-nu-um=Rīm-Anum[1//1]RN'RN$Rīm-Anum/ri-im-{d}a-nu-um#~",
                      "f": {
                        "lang": "sux",
                        "form": "ri-im-{d}a-nu-um",
                        "cf": "Rīm-Anum",
                        "gw": "1",
                        "sense": "1",
                        "norm0": "Rīm-Anum",
                        "pos": "RN",
                        "epos": "RN",
                        "base": "ri-im-{d}a-nu-um",
                        "morph": "~"
                      }
                    }
                  ]
                },
                {
                  "node": "l",
                  "frag": "lugal",
                  "id": "P405183.l004cb",
                  "ref": "P405183.8.3",
                  "inst": "lugal[king]N",
                  "sig": "@rimanum%sux:lugal=lugal[king//king]N'N$lugal/lugal#~",
                  "f": {
                    "lang": "sux",
                    "form": "lugal",
                    "cf": "lugal",
                    "gw": "king",
                    "sense": "king",
                    "norm0": "lugal",
                    "pos": "N",
                    "epos": "N",
                    "base": "lugal",
                    "morph": "~"
                  }
                },
                {
                  "node": "d",
                  "type": "line-start",
                  "ref": "P405183.9",
                  "n": "3",
                  "label": "r 3"
                },
                {
                  "node": "l",
                  "frag": "unug{ki}ga",
                  "id": "P405183.l004cc",
                  "ref": "P405183.9.1",
                  "inst": "Uruk[1]SN",
                  "sig": "@rimanum%sux:unug{ki}-ga=Uruk[1//1]SN'SN$Uruk,ak/unug{ki}+-ga=g.a#~,ak",
                  "f": {
                    "lang": "sux",
                    "form": "unug{ki}-ga",
                    "cf": "Uruk",
                    "gw": "1",
                    "sense": "1",
                    "norm0": "Uruk,ak",
                    "pos": "SN",
                    "epos": "SN",
                    "base": "unug{ki}",
                    "cont": "-ga=g.a",
                    "morph": "~,ak"
                  }
                },
                {
                  "node": "l",
                  "frag": "u₃",
                  "id": "P405183.l004cd",
                  "ref": "P405183.9.2",
                  "inst": "u[and]CNJ",
                  "sig": "@rimanum%sux:u₃=u[and//and]CNJ'CNJ$u/u₃#~",
                  "f": {
                    "lang": "sux",
                    "form": "u₃",
                    "cf": "u",
                    "gw": "and",
                    "sense": "and",
                    "norm0": "u",
                    "pos": "CNJ",
                    "epos": "CNJ",
                    "base": "u₃",
                    "morph": "~"
                  }
                },
                {
                  "node": "l",
                  "frag": "a₂-dam-bi",
                  "id": "P405183.l004ce",
                  "ref": "P405183.9.3",
                  "inst": "adam[habitation]N",
                  "sig": "@rimanum%sux:a₂-dam-bi=adam[habitation//habitation]N'N$adam,bi/a₂-dam#~,bi",
                  "f": {
                    "lang": "sux",
                    "form": "a₂-dam-bi",
                    "cf": "adam",
                    "gw": "habitation",
                    "sense": "habitation",
                    "norm0": "adam,bi",
                    "pos": "N",
                    "epos": "N",
                    "base": "a₂-dam",
                    "morph": "~,bi"
                  }
                },
                {
                  "node": "d",
                  "type": "nonx",
                  "ref": "P405183.10",
                  "strict": "0",
                  "state": "illegible"
                }
              ]
            }
          ]
        }
      ]
    },
    {
      "linkbase": [
        {
          "type": "linkset",
          "xlink_title": "person-spec",
          "id": "P405183.ls00000",
          "xlink_type": "extended",
          "xlink_role": "psa",
          "links": [
            {
              "type": "link",
              "xlink_title": "start",
              "xlink_type": "locator",
              "xlink_href": "#P405183.l004ca",
              "xlink_role": "name"
            }
          ]
        },
        {
          "type": "linkset",
          "xlink_title": "person-name",
          "id": "P405183.ls00001",
          "xlink_type": "extended",
          "xlink_role": "psa",
          "links": [
            {
              "type": "link",
              "xlink_title": "start",
              "xlink_type": "locator",
              "xlink_href": "#P405183.l004ca",
              "xlink_role": "name"
            }
          ]
        }
      ]
    }
  ]
}
