{
  "type": "cdl",
  "source": "http://oracc.org/saao/saa19",
  "license": "This data is released under the CC0 license",
  "license-url": "https://creativecommons.org/publicdomain/zero/1.0/",
  "more-info": "http://oracc.org/doc/opendata/",
  "UTC-timestamp": "2017-06-10T01:00:52",
  "project": "saao/saa19",
  "textid": "P224430",
  "cdl": [
    {
      "node": "c",
      "type": "text",
      "id": "P224430.U0",
      "cdl": [
        {
          "node": "d",
          "type": "object",
          "ref": ""
        },
        {
          "node": "d",
          "subtype": "obverse",
          "type": "obverse",
          "ref": "P224430.o.1",
          "label": "o"
        },
        {
          "node": "d",
          "type": "nonx",
          "ref": "P224430.2",
          "strict": "0",
          "extent": "beginning",
          "scope": "line",
          "state": "missing"
        },
        {
          "node": "c",
          "type": "discourse",
          "subtype": "body",
          "id": "P224430.U1",
          "cdl": [
            {
              "node": "c",
              "type": "sentence",
              "id": "P224430.U2",
              "label": "o 1' - e. 2",
              "cdl": [
                {
                  "node": "d",
                  "type": "line-start",
                  "ref": "P224430.3",
                  "n": "1'",
                  "label": "o 1'"
                },
                {
                  "node": "l",
                  "frag": "{lu₂vy}ERIM-MEŠ\\dd",
                  "id": "P224430.l04032",
                  "ref": "P224430.3.1",
                  "inst": "ṣābāni[troops]N",
                  "sig": "@saao/saa19%akk-x-neoass:{LU₂}ERIM-MEŠ=ṣābu[people//troops]N'N$ṣābāni",
                  "f": {
                    "lang": "akk-x-neoass",
                    "form": "{LU₂}ERIM-MEŠ",
                    "cf": "ṣābu",
                    "gw": "people",
                    "sense": "troops",
                    "norm": "ṣābāni",
                    "pos": "N",
                    "epos": "N"
                  }
                },
                {
                  "node": "l",
                  "frag": "[TA@v",
                  "id": "P224430.l04033",
                  "ref": "P224430.3.2",
                  "inst": "issu[from]PRP",
                  "sig": "@saao/saa19%akk-x-neoass:TA@v=ištu[from//from]PRP'PRP$issu",
                  "f": {
                    "lang": "akk-x-neoass",
                    "form": "TA@v",
                    "cf": "ištu",
                    "gw": "from",
                    "sense": "from",
                    "norm": "issu",
                    "pos": "PRP",
                    "epos": "PRP"
                  }
                },
                {
                  "node": "l",
                  "frag": "x",
                  "id": "P224430.l04034",
                  "ref": "P224430.3.3",
                  "inst": "u",
                  "f": {
                    "lang": "akk-x-neoass",
                    "form": "x",
                    "pos": "u"
                  }
                },
                {
                  "node": "l",
                  "frag": "x",
                  "id": "P224430.l04035",
                  "ref": "P224430.3.4",
                  "inst": "u",
                  "f": {
                    "lang": "akk-x-neoass",
                    "form": "x",
                    "pos": "u"
                  }
                },
                {
                  "node": "l",
                  "frag": "x]",
                  "id": "P224430.l04036",
                  "ref": "P224430.3.5",
                  "inst": "u",
                  "f": {
                    "lang": "akk-x-neoass",
                    "form": "x",
                    "pos": "u"
                  }
                },
                {
                  "node": "d",
                  "type": "line-start",
                  "ref": "P224430.4",
                  "n": "2'",
                  "label": "o 2'"
                },
                {
                  "node": "l",
                  "frag": "it-tu-⸢ṣu⸣-[u-ni",
                  "id": "P224430.l04037",
                  "ref": "P224430.4.1",
                  "inst": "ittūṣûni[come out]V",
                  "sig": "@saao/saa19%akk-x-neoass:it-tu-ṣu-u-ni=aṣû[go out//come out]V'V$ittūṣûni",
                  "f": {
                    "lang": "akk-x-neoass",
                    "form": "it-tu-ṣu-u-ni",
                    "cf": "aṣû",
                    "gw": "go out",
                    "sense": "come out",
                    "norm": "ittūṣûni",
                    "pos": "V",
                    "epos": "V"
                  }
                },
                {
                  "node": "l",
                  "frag": "x",
                  "id": "P224430.l04038",
                  "ref": "P224430.4.2",
                  "inst": "u",
                  "f": {
                    "lang": "akk-x-neoass",
                    "form": "x",
                    "pos": "u"
                  }
                },
                {
                  "node": "l",
                  "frag": "x]",
                  "id": "P224430.l04039",
                  "ref": "P224430.4.3",
                  "inst": "u",
                  "f": {
                    "lang": "akk-x-neoass",
                    "form": "x",
                    "pos": "u"
                  }
                },
                {
                  "node": "d",
                  "type": "line-start",
                  "ref": "P224430.5",
                  "n": "3'",
                  "label": "o 3'"
                },
                {
                  "node": "l",
                  "frag": "a-na\\d",
                  "id": "P224430.l0403a",
                  "ref": "P224430.5.1",
                  "inst": "+ana[to+=to]PRP$",
                  "sig": "@saao/saa19%akk-x-neoass:a-na=ana[to//to]PRP'PRP$ana",
                  "f": {
                    "lang": "akk-x-neoass",
                    "form": "a-na",
                    "cf": "ana",
                    "gw": "to",
                    "sense": "to",
                    "norm": "ana",
                    "pos": "PRP",
                    "epos": "PRP"
                  }
                },
                {
                  "node": "l",
                  "frag": "pa-an",
                  "id": "P224430.l0403b",
                  "ref": "P224430.5.2",
                  "inst": "+pānu[front]N$pān",
                  "sig": "@saao/saa19%akk-x-neoass:pa-an=pānu[front//front]N'N$pān",
                  "f": {
                    "lang": "akk-x-neoass",
                    "form": "pa-an",
                    "cf": "pānu",
                    "gw": "front",
                    "sense": "front",
                    "norm": "pān",
                    "pos": "N",
                    "epos": "N"
                  }
                },
                {
                  "node": "l",
                  "frag": "LUGAL\\d",
                  "id": "P224430.l0403c",
                  "ref": "P224430.5.3",
                  "inst": "šarri[king]N",
                  "sig": "@saao/saa19%akk-x-neoass:LUGAL=šarru[king//king]N'N$šarri",
                  "f": {
                    "lang": "akk-x-neoass",
                    "form": "LUGAL",
                    "cf": "šarru",
                    "gw": "king",
                    "sense": "king",
                    "norm": "šarri",
                    "pos": "N",
                    "epos": "N"
                  }
                },
                {
                  "node": "l",
                  "frag": "[be-li₂-ia",
                  "id": "P224430.l0403d",
                  "ref": "P224430.5.4",
                  "inst": "bēlīya[lord]N",
                  "sig": "@saao/saa19%akk-x-neoass:be-li₂-ia=bēlu[lord//lord]N'N$bēlīya",
                  "f": {
                    "lang": "akk-x-neoass",
                    "form": "be-li₂-ia",
                    "cf": "bēlu",
                    "gw": "lord",
                    "sense": "lord",
                    "norm": "bēlīya",
                    "pos": "N",
                    "epos": "N"
                  }
                },
                {
                  "node": "l",
                  "frag": "a-sap-ra-šu₂-nu]",
                  "id": "P224430.l0403e",
                  "ref": "P224430.5.5",
                  "inst": "assapraššunu[send]V",
                  "sig": "@saao/saa19%akk-x-neoass:a-sap-ra-šu₂-nu=šapāru[send//send]V'V$assapraššunu",
                  "f": {
                    "lang": "akk-x-neoass",
                    "form": "a-sap-ra-šu₂-nu",
                    "cf": "šapāru",
                    "gw": "send",
                    "sense": "send",
                    "norm": "assapraššunu",
                    "pos": "V",
                    "epos": "V"
                  }
                },
                {
                  "node": "d",
                  "type": "line-start",
                  "ref": "P224430.6",
                  "n": "4'",
                  "label": "o 4'"
                },
                {
                  "node": "l",
                  "frag": "ṭe₃\\d-mu",
                  "id": "P224430.l0403f",
                  "ref": "P224430.6.1",
                  "inst": "ṭēmu[report]N",
                  "sig": "@saao/saa19%akk-x-neoass:ṭe₃-mu=ṭēmu[(fore)thought//report]N'N$ṭēmu",
                  "f": {
                    "lang": "akk-x-neoass",
                    "form": "ṭe₃-mu",
                    "cf": "ṭēmu",
                    "gw": "(fore)thought",
                    "sense": "report",
                    "norm": "ṭēmu",
                    "pos": "N",
                    "epos": "N"
                  }
                },
                {
                  "node": "l",
                  "frag": "ša\\tdm",
                  "id": "P224430.l04040",
                  "ref": "P224430.6.2",
                  "inst": "ša[of]DET",
                  "sig": "@saao/saa19%akk-x-neoass:ša=ša[of//of]DET'DET$ša",
                  "f": {
                    "lang": "akk-x-neoass",
                    "form": "ša",
                    "cf": "ša",
                    "gw": "of",
                    "sense": "of",
                    "norm": "ša",
                    "pos": "DET",
                    "epos": "DET"
                  }
                },
                {
                  "node": "l",
                  "frag": "{lu₂vy}⸢UD⸣.[UD-ak{ki}a-a]",
                  "id": "P224430.l04041",
                  "ref": "P224430.6.3",
                  "inst": "+Larakaya[Larakean]EN$",
                  "sig": "@saao/saa19%akk-x-neoass:{LU₂}UD.UD-ak{KI}-a-a=Larakaya[Larakean//Larakean]EN'EN$Larakaya",
                  "f": {
                    "lang": "akk-x-neoass",
                    "form": "{LU₂}UD.UD-ak{KI}-a-a",
                    "cf": "Larakaya",
                    "gw": "Larakean",
                    "sense": "Larakean",
                    "norm": "Larakaya",
                    "pos": "EN",
                    "epos": "EN"
                  }
                },
                {
                  "node": "d",
                  "type": "line-start",
                  "ref": "P224430.7",
                  "n": "5'",
                  "label": "o 5'"
                },
                {
                  "node": "l",
                  "frag": "ITI",
                  "id": "P224430.l04042",
                  "ref": "P224430.7.1",
                  "inst": "urhi[month]N",
                  "sig": "@saao/saa19%akk-x-neoass:ITI=arhu[month//month]N'N$urhi",
                  "f": {
                    "lang": "akk-x-neoass",
                    "form": "ITI",
                    "cf": "arhu",
                    "gw": "month",
                    "sense": "month",
                    "norm": "urhi",
                    "pos": "N",
                    "epos": "N"
                  }
                },
                {
                  "node": "l",
                  "frag": "UD-MEŠ\\dm",
                  "id": "P224430.l04043",
                  "ref": "P224430.7.2",
                  "inst": "ūmāti[day]N",
                  "sig": "@saao/saa19%akk-x-neoass:UD-MEŠ=ūmu[day//day]N'N$ūmāti",
                  "f": {
                    "lang": "akk-x-neoass",
                    "form": "UD-MEŠ",
                    "cf": "ūmu",
                    "gw": "day",
                    "sense": "day",
                    "norm": "ūmāti",
                    "pos": "N",
                    "epos": "N"
                  }
                },
                {
                  "node": "l",
                  "frag": "ina",
                  "id": "P224430.l04044",
                  "ref": "P224430.7.3",
                  "inst": "ina[in]PRP",
                  "sig": "@saao/saa19%akk-x-neoass:ina=ina[in//in]PRP'PRP$ina",
                  "f": {
                    "lang": "akk-x-neoass",
                    "form": "ina",
                    "cf": "ina",
                    "gw": "in",
                    "sense": "in",
                    "norm": "ina",
                    "pos": "PRP",
                    "epos": "PRP"
                  }
                },
                {
                  "node": "l",
                  "frag": "E₂-{1}x",
                  "id": "P224430.l04045",
                  "ref": "P224430.7.4",
                  "inst": "u",
                  "f": {
                    "lang": "akk-x-neoass",
                    "form": "E₂-{1}x",
                    "pos": "u"
                  }
                },
                {
                  "node": "l",
                  "frag": "x",
                  "id": "P224430.l04046",
                  "ref": "P224430.7.5",
                  "inst": "u",
                  "f": {
                    "lang": "akk-x-neoass",
                    "form": "x",
                    "pos": "u"
                  }
                },
                {
                  "node": "l",
                  "frag": "x]",
                  "id": "P224430.l04047",
                  "ref": "P224430.7.6",
                  "inst": "u",
                  "f": {
                    "lang": "akk-x-neoass",
                    "form": "x",
                    "pos": "u"
                  }
                },
                {
                  "node": "d",
                  "type": "line-start",
                  "ref": "P224430.8",
                  "n": "6'",
                  "label": "o 6'"
                },
                {
                  "node": "l",
                  "frag": "kam-mu-sa-ak\\t",
                  "id": "P224430.l04048",
                  "ref": "P224430.8.1",
                  "inst": "+kamsu[squatting//staying]AJ$kammusāk",
                  "sig": "@saao/saa19%akk-x-neoass:kam-mu-sa-ak=kamsu[squatting//staying]AJ'AJ$kammusāk",
                  "f": {
                    "lang": "akk-x-neoass",
                    "form": "kam-mu-sa-ak",
                    "cf": "kamsu",
                    "gw": "squatting",
                    "sense": "staying",
                    "norm": "kammusāk",
                    "pos": "AJ",
                    "epos": "AJ"
                  }
                },
                {
                  "node": "l",
                  "frag": "02",
                  "id": "P224430.l04049",
                  "ref": "P224430.8.2",
                  "inst": "n",
                  "f": {
                    "lang": "akk-x-neoass",
                    "form": "02",
                    "pos": "n"
                  }
                },
                {
                  "node": "l",
                  "frag": "me",
                  "id": "P224430.l0404a",
                  "ref": "P224430.8.3",
                  "inst": "mē[hundred]NU",
                  "sig": "@saao/saa19%akk-x-neoass:me=meʾatu[(one) hundred//(one) hundred]NU'NU$mē",
                  "f": {
                    "lang": "akk-x-neoass",
                    "form": "me",
                    "cf": "meʾatu",
                    "gw": "(one) hundred",
                    "sense": "(one) hundred",
                    "norm": "mē",
                    "pos": "NU",
                    "epos": "NU"
                  }
                },
                {
                  "node": "l",
                  "frag": "⸢x⸣+[x",
                  "id": "P224430.l0404b",
                  "ref": "P224430.8.4",
                  "inst": "u",
                  "f": {
                    "lang": "akk-x-neoass",
                    "form": "x+x",
                    "pos": "u"
                  }
                },
                {
                  "node": "l",
                  "frag": "x",
                  "id": "P224430.l0404c",
                  "ref": "P224430.8.5",
                  "inst": "u",
                  "f": {
                    "lang": "akk-x-neoass",
                    "form": "x",
                    "pos": "u"
                  }
                },
                {
                  "node": "l",
                  "frag": "x]",
                  "id": "P224430.l0404d",
                  "ref": "P224430.8.6",
                  "inst": "u",
                  "f": {
                    "lang": "akk-x-neoass",
                    "form": "x",
                    "pos": "u"
                  }
                },
                {
                  "node": "d",
                  "type": "line-start",
                  "ref": "P224430.9",
                  "n": "7'",
                  "label": "o 7'"
                },
                {
                  "node": "l",
                  "frag": "it\\d-ta-an-nu-u₂\\m-ni",
                  "id": "P224430.l0404e",
                  "ref": "P224430.9.1",
                  "inst": "+tadānu[give]V$ittannūni",
                  "sig": "@saao/saa19%akk-x-neoass:it-ta-an-nu-u₂-ni=tadānu[give//give]V'V$ittannūni",
                  "f": {
                    "lang": "akk-x-neoass",
                    "form": "it-ta-an-nu-u₂-ni",
                    "cf": "tadānu",
                    "gw": "give",
                    "sense": "give",
                    "norm": "ittannūni",
                    "pos": "V",
                    "epos": "V"
                  }
                },
                {
                  "node": "l",
                  "frag": "[x",
                  "id": "P224430.l0404f",
                  "ref": "P224430.9.2",
                  "inst": "u",
                  "f": {
                    "lang": "akk-x-neoass",
                    "form": "x",
                    "pos": "u"
                  }
                },
                {
                  "node": "l",
                  "frag": "x]",
                  "id": "P224430.l04050",
                  "ref": "P224430.9.3",
                  "inst": "u",
                  "f": {
                    "lang": "akk-x-neoass",
                    "form": "x",
                    "pos": "u"
                  }
                },
                {
                  "node": "d",
                  "type": "line-start",
                  "ref": "P224430.10",
                  "n": "8'",
                  "label": "o 8'"
                },
                {
                  "node": "l",
                  "frag": "la-aš₂-šu₂",
                  "id": "P224430.l04051",
                  "ref": "P224430.10.1",
                  "inst": "laššu[(there) is not]V",
                  "sig": "@saao/saa19%akk-x-neoass:la-aš₂-šu₂=laššu[(there) is not//(there) is not]V'V$laššu",
                  "f": {
                    "lang": "akk-x-neoass",
                    "form": "la-aš₂-šu₂",
                    "cf": "laššu",
                    "gw": "(there) is not",
                    "sense": "(there) is not",
                    "norm": "laššu",
                    "pos": "V",
                    "epos": "V"
                  }
                },
                {
                  "node": "l",
                  "frag": "{lu₂v}ERIM-MEŠ-MAN-šu₂-nu",
                  "id": "P224430.l04052",
                  "ref": "P224430.10.2",
                  "cof-tails": "P224430.l04053",
                  "inst": "+ṣābu[people]N$ṣāb&+šarru[king]N$šarrišunu",
                  "sig": "@saao/saa19%akk-x-neoass:{LU₂}ERIM-MEŠ-MAN-šu₂-nu=ṣābu[people//people]N'N$ṣāb&&@saao/saa19%akk-x-neoass:=šarru[king//king]N'N$šarrišunu",
                  "f": {
                    "lang": "akk-x-neoass",
                    "form": "{LU₂}ERIM-MEŠ-MAN-šu₂-nu",
                    "cf": "ṣābu",
                    "gw": "people",
                    "sense": "people",
                    "norm": "ṣāb",
                    "pos": "N",
                    "epos": "N"
                  }
                },
                {
                  "node": "l",
                  "frag": "{lu₂v}ERIM-MEŠ-MAN-šu₂-nu",
                  "id": "P224430.l04053",
                  "ref": "P224430.10.2",
                  "cof-head": "P224430.l04052",
                  "inst": "+ṣābu[people]N$ṣāb&+šarru[king]N$šarrišunu",
                  "f": {
                    "lang": "akk-x-neoass",
                    "form": "{LU₂}ERIM-MEŠ-MAN-šu₂-nu",
                    "cf": "šarru",
                    "gw": "king",
                    "sense": "king",
                    "norm": "šarrišunu",
                    "pos": "N",
                    "epos": "N"
                  }
                },
                {
                  "node": "l",
                  "frag": "⸢ina⸣",
                  "id": "P224430.l04054",
                  "ref": "P224430.10.3",
                  "inst": "+ina[in+=to]PRP$",
                  "sig": "@saao/saa19%akk-x-neoass:ina=ina[in//in]PRP'PRP$ina",
                  "f": {
                    "lang": "akk-x-neoass",
                    "form": "ina",
                    "cf": "ina",
                    "gw": "in",
                    "sense": "in",
                    "norm": "ina",
                    "pos": "PRP",
                    "epos": "PRP"
                  }
                },
                {
                  "node": "l",
                  "frag": "[IGI-ia₂]",
                  "id": "P224430.l04055",
                  "ref": "P224430.10.4",
                  "inst": "+pānu[front]N$pānīya",
                  "sig": "@saao/saa19%akk-x-neoass:IGI-ia₂=pānu[front//front]N'N$pānīya",
                  "f": {
                    "lang": "akk-x-neoass",
                    "form": "IGI-ia₂",
                    "cf": "pānu",
                    "gw": "front",
                    "sense": "front",
                    "norm": "pānīya",
                    "pos": "N",
                    "epos": "N"
                  }
                },
                {
                  "node": "d",
                  "type": "line-start",
                  "ref": "P224430.11",
                  "n": "9'",
                  "label": "o 9'"
                },
                {
                  "node": "l",
                  "frag": "la",
                  "id": "P224430.l04056",
                  "ref": "P224430.11.1",
                  "inst": "lā[not]MOD",
                  "sig": "@saao/saa19%akk-x-neoass:la=lā[not//not]MOD'MOD$lā",
                  "f": {
                    "lang": "akk-x-neoass",
                    "form": "la",
                    "cf": "lā",
                    "gw": "not",
                    "sense": "not",
                    "norm": "lā",
                    "pos": "MOD",
                    "epos": "MOD"
                  }
                },
                {
                  "node": "l",
                  "frag": "id-di-nu-u₂-ni",
                  "id": "P224430.l04057",
                  "ref": "P224430.11.2",
                  "inst": "+tadānu[give]V$iddinūni",
                  "sig": "@saao/saa19%akk-x-neoass:id-di-nu-u₂-ni=tadānu[give//give]V'V$iddinūni",
                  "f": {
                    "lang": "akk-x-neoass",
                    "form": "id-di-nu-u₂-ni",
                    "cf": "tadānu",
                    "gw": "give",
                    "sense": "give",
                    "norm": "iddinūni",
                    "pos": "V",
                    "epos": "V"
                  }
                },
                {
                  "node": "d",
                  "type": "line-start",
                  "ref": "P224430.12",
                  "n": "10'",
                  "label": "o 10'"
                },
                {
                  "node": "l",
                  "frag": "ṭe₃\\d-mu",
                  "id": "P224430.l04058",
                  "ref": "P224430.12.1",
                  "inst": "ṭēmu[report]N",
                  "sig": "@saao/saa19%akk-x-neoass:ṭe₃-mu=ṭēmu[(fore)thought//report]N'N$ṭēmu",
                  "f": {
                    "lang": "akk-x-neoass",
                    "form": "ṭe₃-mu",
                    "cf": "ṭēmu",
                    "gw": "(fore)thought",
                    "sense": "report",
                    "norm": "ṭēmu",
                    "pos": "N",
                    "epos": "N"
                  }
                },
                {
                  "node": "l",
                  "frag": "ša\\td",
                  "id": "P224430.l04059",
                  "ref": "P224430.12.2",
                  "inst": "ša[of]DET",
                  "sig": "@saao/saa19%akk-x-neoass:ša=ša[of//of]DET'DET$ša",
                  "f": {
                    "lang": "akk-x-neoass",
                    "form": "ša",
                    "cf": "ša",
                    "gw": "of",
                    "sense": "of",
                    "norm": "ša",
                    "pos": "DET",
                    "epos": "DET"
                  }
                },
                {
                  "node": "l",
                  "frag": "{lu₂v}[KA₂].DINGIR-a-a",
                  "id": "P224430.l0405a",
                  "ref": "P224430.12.3",
                  "inst": "+Babilaya[Babylonian]EN$",
                  "sig": "@saao/saa19%akk-x-neoass:{LU₂}KA₂.DINGIR-a-a=Babilaya[Babylonian//Babylonian]EN'EN$Babilaya",
                  "f": {
                    "lang": "akk-x-neoass",
                    "form": "{LU₂}KA₂.DINGIR-a-a",
                    "cf": "Babilaya",
                    "gw": "Babylonian",
                    "sense": "Babylonian",
                    "norm": "Babilaya",
                    "pos": "EN",
                    "epos": "EN"
                  }
                },
                {
                  "node": "d",
                  "type": "line-start",
                  "ref": "P224430.13",
                  "n": "11'",
                  "label": "o 11'"
                },
                {
                  "node": "l",
                  "frag": "01.en",
                  "id": "P224430.l0405b",
                  "ref": "P224430.13.1",
                  "inst": "issēn[one]NU",
                  "sig": "@saao/saa19%akk-x-neoass:01.en=ištēn[one//one]NU'NU$issēn",
                  "f": {
                    "lang": "akk-x-neoass",
                    "form": "01.en",
                    "cf": "ištēn",
                    "gw": "one",
                    "sense": "one",
                    "norm": "issēn",
                    "pos": "NU",
                    "epos": "NU"
                  }
                },
                {
                  "node": "l",
                  "frag": "ina",
                  "id": "P224430.l0405c",
                  "ref": "P224430.13.2",
                  "inst": "+ina[in+=from out of]PRP$",
                  "sig": "@saao/saa19%akk-x-neoass:ina=ina[in//in]PRP'PRP$ina",
                  "f": {
                    "lang": "akk-x-neoass",
                    "form": "ina",
                    "cf": "ina",
                    "gw": "in",
                    "sense": "in",
                    "norm": "ina",
                    "pos": "PRP",
                    "epos": "PRP"
                  }
                },
                {
                  "node": "l",
                  "frag": "ŠA₃-bi",
                  "id": "P224430.l0405d",
                  "ref": "P224430.13.3",
                  "inst": "+libbu[interior]N$libbi",
                  "sig": "@saao/saa19%akk-x-neoass:ŠA₃-bi=libbu[interior//interior]N'N$libbi",
                  "f": {
                    "lang": "akk-x-neoass",
                    "form": "ŠA₃-bi",
                    "cf": "libbu",
                    "gw": "interior",
                    "sense": "interior",
                    "norm": "libbi",
                    "pos": "N",
                    "epos": "N"
                  }
                },
                {
                  "node": "l",
                  "frag": "{⸢lu₂vy}ERIM⸣-MEŠ-MAN-šu₂-nu",
                  "id": "P224430.l0405e",
                  "ref": "P224430.13.4",
                  "cof-tails": "P224430.l0405f",
                  "inst": "+ṣābu[people]N$ṣāb&+šarru[king]N$šarrišunu",
                  "sig": "@saao/saa19%akk-x-neoass:{LU₂}ERIM-MEŠ-MAN-šu₂-nu=ṣābu[people//people]N'N$ṣāb&&@saao/saa19%akk-x-neoass:=šarru[king//king]N'N$šarrišunu",
                  "f": {
                    "lang": "akk-x-neoass",
                    "form": "{LU₂}ERIM-MEŠ-MAN-šu₂-nu",
                    "cf": "ṣābu",
                    "gw": "people",
                    "sense": "people",
                    "norm": "ṣāb",
                    "pos": "N",
                    "epos": "N"
                  }
                },
                {
                  "node": "l",
                  "frag": "{⸢lu₂vy}ERIM⸣-MEŠ-MAN-šu₂-nu",
                  "id": "P224430.l0405f",
                  "ref": "P224430.13.4",
                  "cof-head": "P224430.l0405e",
                  "inst": "+ṣābu[people]N$ṣāb&+šarru[king]N$šarrišunu",
                  "f": {
                    "lang": "akk-x-neoass",
                    "form": "{LU₂}ERIM-MEŠ-MAN-šu₂-nu",
                    "cf": "šarru",
                    "gw": "king",
                    "sense": "king",
                    "norm": "šarrišunu",
                    "pos": "N",
                    "epos": "N"
                  }
                },
                {
                  "node": "d",
                  "type": "line-start",
                  "ref": "P224430.14",
                  "n": "12'",
                  "label": "o 12'"
                },
                {
                  "node": "l",
                  "frag": "[ša]",
                  "id": "P224430.l04060",
                  "ref": "P224430.14.1",
                  "inst": "ša[who]REL",
                  "sig": "@saao/saa19%akk-x-neoass:ša=ša[that//those who]REL'REL$ša",
                  "f": {
                    "lang": "akk-x-neoass",
                    "form": "ša",
                    "cf": "ša",
                    "gw": "that",
                    "sense": "those who",
                    "norm": "ša",
                    "pos": "REL",
                    "epos": "REL"
                  }
                },
                {
                  "node": "l",
                  "frag": "⸢i⸣-[x",
                  "id": "P224430.l04061",
                  "ref": "P224430.14.2",
                  "inst": "u",
                  "f": {
                    "lang": "akk-x-neoass",
                    "form": "i-x",
                    "pos": "u"
                  }
                },
                {
                  "node": "l",
                  "frag": "x",
                  "id": "P224430.l04062",
                  "ref": "P224430.14.3",
                  "inst": "u",
                  "f": {
                    "lang": "akk-x-neoass",
                    "form": "x",
                    "pos": "u"
                  }
                },
                {
                  "node": "l",
                  "frag": "u₂]-⸢še-ṣu⸣-u-ni",
                  "id": "P224430.l04063",
                  "ref": "P224430.14.4",
                  "inst": "ušēṣûni[bring out]V",
                  "sig": "@saao/saa19%akk-x-neoass:u₂-še-ṣu-u-ni=aṣû[go out//bring out]V'V$ušēṣûni",
                  "f": {
                    "lang": "akk-x-neoass",
                    "form": "u₂-še-ṣu-u-ni",
                    "cf": "aṣû",
                    "gw": "go out",
                    "sense": "bring out",
                    "norm": "ušēṣûni",
                    "pos": "V",
                    "epos": "V"
                  }
                },
                {
                  "node": "d",
                  "type": "line-start",
                  "ref": "P224430.15",
                  "n": "13'",
                  "label": "o 13'"
                },
                {
                  "node": "l",
                  "frag": "[x",
                  "id": "P224430.l04064",
                  "ref": "P224430.15.1",
                  "inst": "u",
                  "f": {
                    "lang": "akk-x-neoass",
                    "form": "x",
                    "pos": "u"
                  }
                },
                {
                  "node": "l",
                  "frag": "x",
                  "id": "P224430.l04065",
                  "ref": "P224430.15.2",
                  "inst": "u",
                  "f": {
                    "lang": "akk-x-neoass",
                    "form": "x",
                    "pos": "u"
                  }
                },
                {
                  "node": "l",
                  "frag": "x",
                  "id": "P224430.l04066",
                  "ref": "P224430.15.3",
                  "inst": "u",
                  "f": {
                    "lang": "akk-x-neoass",
                    "form": "x",
                    "pos": "u"
                  }
                },
                {
                  "node": "l",
                  "frag": "x",
                  "id": "P224430.l04067",
                  "ref": "P224430.15.4",
                  "inst": "u",
                  "f": {
                    "lang": "akk-x-neoass",
                    "form": "x",
                    "pos": "u"
                  }
                },
                {
                  "node": "l",
                  "frag": "x",
                  "id": "P224430.l04068",
                  "ref": "P224430.15.5",
                  "inst": "u",
                  "f": {
                    "lang": "akk-x-neoass",
                    "form": "x",
                    "pos": "u"
                  }
                },
                {
                  "node": "l",
                  "frag": "x",
                  "id": "P224430.l04069",
                  "ref": "P224430.15.6",
                  "inst": "u",
                  "f": {
                    "lang": "akk-x-neoass",
                    "form": "x",
                    "pos": "u"
                  }
                },
                {
                  "node": "l",
                  "frag": "x",
                  "id": "P224430.l0406a",
                  "ref": "P224430.15.7",
                  "inst": "u",
                  "f": {
                    "lang": "akk-x-neoass",
                    "form": "x",
                    "pos": "u"
                  }
                },
                {
                  "node": "l",
                  "frag": "x",
                  "id": "P224430.l0406b",
                  "ref": "P224430.15.8",
                  "inst": "u",
                  "f": {
                    "lang": "akk-x-neoass",
                    "form": "x",
                    "pos": "u"
                  }
                },
                {
                  "node": "l",
                  "frag": "x]+⸢x⸣",
                  "id": "P224430.l0406c",
                  "ref": "P224430.15.9",
                  "inst": "u",
                  "f": {
                    "lang": "akk-x-neoass",
                    "form": "x+x",
                    "pos": "u"
                  }
                },
                {
                  "node": "d",
                  "type": "nonx",
                  "ref": "P224430.16",
                  "strict": "0",
                  "extent": "rest",
                  "state": "missing"
                },
                {
                  "node": "d",
                  "subtype": "reverse",
                  "type": "reverse",
                  "ref": "P224430.r.17",
                  "label": "r"
                },
                {
                  "node": "d",
                  "type": "nonx",
                  "ref": "P224430.18",
                  "strict": "0",
                  "extent": "beginning",
                  "scope": "line",
                  "state": "missing"
                },
                {
                  "node": "d",
                  "type": "line-start",
                  "ref": "P224430.19",
                  "n": "1'",
                  "label": "r 1'"
                },
                {
                  "node": "l",
                  "frag": "[x]",
                  "id": "P224430.l0406d",
                  "ref": "P224430.19.1",
                  "inst": "u",
                  "f": {
                    "lang": "akk-x-neoass",
                    "form": "x",
                    "pos": "u"
                  }
                },
                {
                  "node": "l",
                  "frag": "⸢x⸣",
                  "id": "P224430.l0406e",
                  "ref": "P224430.19.2",
                  "inst": "u",
                  "f": {
                    "lang": "akk-x-neoass",
                    "form": "x",
                    "pos": "u"
                  }
                },
                {
                  "node": "l",
                  "frag": "[x]",
                  "id": "P224430.l0406f",
                  "ref": "P224430.19.3",
                  "inst": "u",
                  "f": {
                    "lang": "akk-x-neoass",
                    "form": "x",
                    "pos": "u"
                  }
                },
                {
                  "node": "l",
                  "frag": "⸢x⸣",
                  "id": "P224430.l04070",
                  "ref": "P224430.19.4",
                  "inst": "u",
                  "f": {
                    "lang": "akk-x-neoass",
                    "form": "x",
                    "pos": "u"
                  }
                },
                {
                  "node": "l",
                  "frag": "[x",
                  "id": "P224430.l04071",
                  "ref": "P224430.19.5",
                  "inst": "u",
                  "f": {
                    "lang": "akk-x-neoass",
                    "form": "x",
                    "pos": "u"
                  }
                },
                {
                  "node": "l",
                  "frag": "x",
                  "id": "P224430.l04072",
                  "ref": "P224430.19.6",
                  "inst": "u",
                  "f": {
                    "lang": "akk-x-neoass",
                    "form": "x",
                    "pos": "u"
                  }
                },
                {
                  "node": "l",
                  "frag": "x",
                  "id": "P224430.l04073",
                  "ref": "P224430.19.7",
                  "inst": "u",
                  "f": {
                    "lang": "akk-x-neoass",
                    "form": "x",
                    "pos": "u"
                  }
                },
                {
                  "node": "l",
                  "frag": "x",
                  "id": "P224430.l04074",
                  "ref": "P224430.19.8",
                  "inst": "u",
                  "f": {
                    "lang": "akk-x-neoass",
                    "form": "x",
                    "pos": "u"
                  }
                },
                {
                  "node": "l",
                  "frag": "x]",
                  "id": "P224430.l04075",
                  "ref": "P224430.19.9",
                  "inst": "u",
                  "f": {
                    "lang": "akk-x-neoass",
                    "form": "x",
                    "pos": "u"
                  }
                },
                {
                  "node": "d",
                  "type": "line-start",
                  "ref": "P224430.20",
                  "n": "2'",
                  "label": "r 2'"
                },
                {
                  "node": "l",
                  "frag": "u₂\\m-sa-ne₂-te\\p-qu-šu₂",
                  "id": "P224430.l04076",
                  "ref": "P224430.20.1",
                  "inst": "+etēqu[proceed//ignore continually]V$ussanetteqūšu",
                  "sig": "@saao/saa19%akk-x-neoass:u₂-sa-ne₂-te-qu-šu₂=etēqu[proceed//ignore continually]V'V$ussanetteqūšu",
                  "f": {
                    "lang": "akk-x-neoass",
                    "form": "u₂-sa-ne₂-te-qu-šu₂",
                    "cf": "etēqu",
                    "gw": "proceed",
                    "sense": "ignore continually",
                    "norm": "ussanetteqūšu",
                    "pos": "V",
                    "epos": "V"
                  }
                },
                {
                  "node": "l",
                  "frag": "la-aš₂-šu₂",
                  "id": "P224430.l04077",
                  "ref": "P224430.20.2",
                  "inst": "laššu[(there) is not]V",
                  "sig": "@saao/saa19%akk-x-neoass:la-aš₂-šu₂=laššu[(there) is not//(there) is not]V'V$laššu",
                  "f": {
                    "lang": "akk-x-neoass",
                    "form": "la-aš₂-šu₂",
                    "cf": "laššu",
                    "gw": "(there) is not",
                    "sense": "(there) is not",
                    "norm": "laššu",
                    "pos": "V",
                    "epos": "V"
                  }
                },
                {
                  "node": "d",
                  "type": "line-start",
                  "ref": "P224430.21",
                  "n": "3'",
                  "label": "r 3'"
                },
                {
                  "node": "l",
                  "frag": "{lu₂vy}ERIM-MEŠ-MAN-šu₂-nu",
                  "id": "P224430.l04078",
                  "ref": "P224430.21.1",
                  "cof-tails": "P224430.l04079",
                  "inst": "+ṣābu[people]N$ṣāb&+šarru[king]N$šarrišunu",
                  "sig": "@saao/saa19%akk-x-neoass:{LU₂}ERIM-MEŠ-MAN-šu₂-nu=ṣābu[people//people]N'N$ṣāb&&@saao/saa19%akk-x-neoass:=šarru[king//king]N'N$šarrišunu",
                  "f": {
                    "lang": "akk-x-neoass",
                    "form": "{LU₂}ERIM-MEŠ-MAN-šu₂-nu",
                    "cf": "ṣābu",
                    "gw": "people",
                    "sense": "people",
                    "norm": "ṣāb",
                    "pos": "N",
                    "epos": "N"
                  }
                },
                {
                  "node": "l",
                  "frag": "{lu₂vy}ERIM-MEŠ-MAN-šu₂-nu",
                  "id": "P224430.l04079",
                  "ref": "P224430.21.1",
                  "cof-head": "P224430.l04078",
                  "inst": "+ṣābu[people]N$ṣāb&+šarru[king]N$šarrišunu",
                  "f": {
                    "lang": "akk-x-neoass",
                    "form": "{LU₂}ERIM-MEŠ-MAN-šu₂-nu",
                    "cf": "šarru",
                    "gw": "king",
                    "sense": "king",
                    "norm": "šarrišunu",
                    "pos": "N",
                    "epos": "N"
                  }
                },
                {
                  "node": "l",
                  "frag": "la",
                  "id": "P224430.l0407a",
                  "ref": "P224430.21.2",
                  "inst": "lā[not]MOD",
                  "sig": "@saao/saa19%akk-x-neoass:la=lā[not//not]MOD'MOD$lā",
                  "f": {
                    "lang": "akk-x-neoass",
                    "form": "la",
                    "cf": "lā",
                    "gw": "not",
                    "sense": "not",
                    "norm": "lā",
                    "pos": "MOD",
                    "epos": "MOD"
                  }
                },
                {
                  "node": "l",
                  "frag": "id-du-nu",
                  "id": "P224430.l0407b",
                  "ref": "P224430.21.3",
                  "inst": "iddunu[give]V",
                  "sig": "@saao/saa19%akk-x-neoass:id-du-nu=tadānu[give//give]V'V$iddunu",
                  "f": {
                    "lang": "akk-x-neoass",
                    "form": "id-du-nu",
                    "cf": "tadānu",
                    "gw": "give",
                    "sense": "give",
                    "norm": "iddunu",
                    "pos": "V",
                    "epos": "V"
                  }
                },
                {
                  "node": "d",
                  "type": "line-start",
                  "ref": "P224430.22",
                  "n": "4'",
                  "label": "r 4'"
                },
                {
                  "node": "l",
                  "frag": "an-nu-rig",
                  "id": "P224430.l0407c",
                  "ref": "P224430.22.1",
                  "inst": "annurig[now]AV",
                  "sig": "@saao/saa19%akk-x-neoass:an-nu-rig=annûri[now//now]AV'AV$annurig",
                  "f": {
                    "lang": "akk-x-neoass",
                    "form": "an-nu-rig",
                    "cf": "annûri",
                    "gw": "now",
                    "sense": "now",
                    "norm": "annurig",
                    "pos": "AV",
                    "epos": "AV"
                  }
                },
                {
                  "node": "l",
                  "frag": "a-na\\d-ku",
                  "id": "P224430.l0407d",
                  "ref": "P224430.22.2",
                  "inst": "anāku[I]IP",
                  "sig": "@saao/saa19%akk-x-neoass:a-na-ku=anāku[I//I]IP'IP$anāku",
                  "f": {
                    "lang": "akk-x-neoass",
                    "form": "a-na-ku",
                    "cf": "anāku",
                    "gw": "I",
                    "sense": "I",
                    "norm": "anāku",
                    "pos": "IP",
                    "epos": "IP"
                  }
                },
                {
                  "node": "l",
                  "frag": "pa-an",
                  "id": "P224430.l0407e",
                  "ref": "P224430.22.3",
                  "inst": "+pānu[front]N$pān",
                  "sig": "@saao/saa19%akk-x-neoass:pa-an=pānu[front//front]N'N$pān",
                  "f": {
                    "lang": "akk-x-neoass",
                    "form": "pa-an",
                    "cf": "pānu",
                    "gw": "front",
                    "sense": "front",
                    "norm": "pān",
                    "pos": "N",
                    "epos": "N"
                  }
                },
                {
                  "node": "l",
                  "frag": "ur-ki-ti-šu₂-nu",
                  "id": "P224430.l0407f",
                  "ref": "P224430.22.4",
                  "inst": "!+warkītu[posterity//rearguard]N$urkītišunu",
                  "sig": "@saao/saa19%akk-x-neoass:ur-ki-ti-šu₂-nu=warkītu[posterity//rearguard]N'N$urkītišunu",
                  "f": {
                    "lang": "akk-x-neoass",
                    "form": "ur-ki-ti-šu₂-nu",
                    "cf": "warkītu",
                    "gw": "posterity",
                    "sense": "rearguard",
                    "norm": "urkītišunu",
                    "pos": "N",
                    "epos": "N"
                  }
                },
                {
                  "node": "d",
                  "type": "line-start",
                  "ref": "P224430.23",
                  "n": "5'",
                  "label": "r 5'"
                },
                {
                  "node": "l",
                  "frag": "a-da\\d-gal",
                  "id": "P224430.l04080",
                  "ref": "P224430.23.1",
                  "inst": "+dagālu[see]V$addagal",
                  "sig": "@saao/saa19%akk-x-neoass:a-da-gal=dagālu[see//wait]V'V$addagal",
                  "f": {
                    "lang": "akk-x-neoass",
                    "form": "a-da-gal",
                    "cf": "dagālu",
                    "gw": "see",
                    "sense": "wait",
                    "norm": "addagal",
                    "pos": "V",
                    "epos": "V"
                  }
                },
                {
                  "node": "l",
                  "frag": "šum₂-ma",
                  "id": "P224430.l04081",
                  "ref": "P224430.23.2",
                  "inst": "šumma[if]MOD",
                  "sig": "@saao/saa19%akk-x-neoass:šum₂-ma=šumma[if//if]MOD'MOD$šumma",
                  "f": {
                    "lang": "akk-x-neoass",
                    "form": "šum₂-ma",
                    "cf": "šumma",
                    "gw": "if",
                    "sense": "if",
                    "norm": "šumma",
                    "pos": "MOD",
                    "epos": "MOD"
                  }
                },
                {
                  "node": "l",
                  "frag": "i-ba\\t-aš₂-ši",
                  "id": "P224430.l04082",
                  "ref": "P224430.23.3",
                  "inst": "+bašû[exist//really]V'AV$ibašši",
                  "sig": "@saao/saa19%akk-x-neoass:i-ba-aš₂-ši=bašû[exist//really]V'AV$ibašši",
                  "f": {
                    "lang": "akk-x-neoass",
                    "form": "i-ba-aš₂-ši",
                    "cf": "bašû",
                    "gw": "exist",
                    "sense": "really",
                    "norm": "ibašši",
                    "pos": "V",
                    "epos": "AV"
                  }
                },
                {
                  "node": "d",
                  "type": "line-start",
                  "ref": "P224430.24",
                  "n": "6'",
                  "label": "r 6'"
                },
                {
                  "node": "c",
                  "type": "phrase",
                  "tag": "phr",
                  "id": "P224430.U4",
                  "ref": "P224430.ls00000",
                  "cdl": [
                    {
                      "node": "l",
                      "frag": "{lu₂v}ERIM-MEŠ-MAN",
                      "id": "P224430.l04083",
                      "ref": "P224430.24.1",
                      "cof-tails": "P224430.l04084",
                      "inst": "ṣābu[people]N$ṣāb&šarru[king]N$šarri",
                      "sig": "@saao/saa19%akk-x-neoass:{LU₂}ERIM-MEŠ-MAN=ṣābu[people//people]N'N$ṣāb&&@saao/saa19%akk-x-neoass:=šarru[king//king]N'N$šarri",
                      "f": {
                        "lang": "akk-x-neoass",
                        "form": "{LU₂}ERIM-MEŠ-MAN",
                        "cf": "ṣābu",
                        "gw": "people",
                        "sense": "people",
                        "norm": "ṣāb",
                        "pos": "N",
                        "epos": "N"
                      }
                    },
                    {
                      "node": "l",
                      "frag": "{lu₂v}ERIM-MEŠ-MAN",
                      "id": "P224430.l04084",
                      "ref": "P224430.24.1",
                      "cof-head": "P224430.l04083",
                      "inst": "ṣābu[people]N$ṣāb&šarru[king]N$šarri",
                      "tail-sig": "@saao/saa19%akk-x-neoass:=šarru[king//king]N'N$šarri",
                      "f": {
                        "lang": "akk-x-neoass",
                        "form": "{LU₂}ERIM-MEŠ-MAN",
                        "cf": "šarru",
                        "gw": "king",
                        "sense": "king",
                        "norm": "šarri",
                        "pos": "N",
                        "epos": "N"
                      }
                    }
                  ]
                },
                {
                  "node": "l",
                  "frag": "i-da\\d-nu-u₂\\m-ni",
                  "id": "P224430.l04085",
                  "ref": "P224430.24.2",
                  "inst": "+tadānu[give]V$iddanūni",
                  "sig": "@saao/saa19%akk-x-neoass:i-da-nu-u₂-ni=tadānu[give//give]V'V$iddanūni",
                  "f": {
                    "lang": "akk-x-neoass",
                    "form": "i-da-nu-u₂-ni",
                    "cf": "tadānu",
                    "gw": "give",
                    "sense": "give",
                    "norm": "iddanūni",
                    "pos": "V",
                    "epos": "V"
                  }
                },
                {
                  "node": "l",
                  "frag": "⸢šum₂-ma⸣",
                  "id": "P224430.l04086",
                  "ref": "P224430.24.3",
                  "inst": "šumma[if]MOD",
                  "sig": "@saao/saa19%akk-x-neoass:šum₂-ma=šumma[if//if]MOD'MOD$šumma",
                  "f": {
                    "lang": "akk-x-neoass",
                    "form": "šum₂-ma",
                    "cf": "šumma",
                    "gw": "if",
                    "sense": "if",
                    "norm": "šumma",
                    "pos": "MOD",
                    "epos": "MOD"
                  }
                },
                {
                  "node": "d",
                  "type": "line-start",
                  "ref": "P224430.25",
                  "n": "7'",
                  "label": "r 7'"
                },
                {
                  "node": "l",
                  "frag": "la",
                  "id": "P224430.l04087",
                  "ref": "P224430.25.1",
                  "inst": "lā[not]MOD",
                  "sig": "@saao/saa19%akk-x-neoass:la=lā[not//not]MOD'MOD$lā",
                  "f": {
                    "lang": "akk-x-neoass",
                    "form": "la",
                    "cf": "lā",
                    "gw": "not",
                    "sense": "not",
                    "norm": "lā",
                    "pos": "MOD",
                    "epos": "MOD"
                  }
                },
                {
                  "node": "l",
                  "frag": "i-da\\d-nu-u₂-ni",
                  "id": "P224430.l04088",
                  "ref": "P224430.25.2",
                  "inst": "iddanūni[give]V",
                  "sig": "@saao/saa19%akk-x-neoass:i-da-nu-u₂-ni=tadānu[give//give]V'V$iddanūni",
                  "f": {
                    "lang": "akk-x-neoass",
                    "form": "i-da-nu-u₂-ni",
                    "cf": "tadānu",
                    "gw": "give",
                    "sense": "give",
                    "norm": "iddanūni",
                    "pos": "V",
                    "epos": "V"
                  }
                },
                {
                  "node": "l",
                  "frag": "mi-nu",
                  "id": "P224430.l04089",
                  "ref": "P224430.25.3",
                  "inst": "+mīnu[what?//whatever]QP'XP$",
                  "sig": "@saao/saa19%akk-x-neoass:mi-nu=mīnu[what?//whatever]QP'XP$mīnu",
                  "f": {
                    "lang": "akk-x-neoass",
                    "form": "mi-nu",
                    "cf": "mīnu",
                    "gw": "what?",
                    "sense": "whatever",
                    "norm": "mīnu",
                    "pos": "QP",
                    "epos": "XP"
                  }
                },
                {
                  "node": "l",
                  "frag": "⸢ša\\t⸣",
                  "id": "P224430.l0408a",
                  "ref": "P224430.25.4",
                  "inst": "ša[that]REL",
                  "sig": "@saao/saa19%akk-x-neoass:ša=ša[that//that]REL'REL$ša",
                  "f": {
                    "lang": "akk-x-neoass",
                    "form": "ša",
                    "cf": "ša",
                    "gw": "that",
                    "sense": "that",
                    "norm": "ša",
                    "pos": "REL",
                    "epos": "REL"
                  }
                },
                {
                  "node": "d",
                  "type": "line-start",
                  "ref": "P224430.26",
                  "n": "8'",
                  "label": "r 8'"
                },
                {
                  "node": "l",
                  "frag": "ṭe₃-en-ša\\td-nu-u₂\\m-ni",
                  "id": "P224430.l0408b",
                  "ref": "P224430.26.1",
                  "inst": "+ṭēmu[(fore)thought//report]N$ṭēnšanūni",
                  "sig": "@saao/saa19%akk-x-neoass:ṭe₃-en-ša-nu-u₂-ni=ṭēmu[(fore)thought//report]N'N$ṭēnšanūni",
                  "f": {
                    "lang": "akk-x-neoass",
                    "form": "ṭe₃-en-ša-nu-u₂-ni",
                    "cf": "ṭēmu",
                    "gw": "(fore)thought",
                    "sense": "report",
                    "norm": "ṭēnšanūni",
                    "pos": "N",
                    "epos": "N"
                  }
                },
                {
                  "node": "l",
                  "frag": "a-ki-[ma]",
                  "id": "P224430.l0408c",
                  "ref": "P224430.26.2",
                  "cof-tails": "P224430.l0408d",
                  "inst": "ana[to]PRP$ana&kīma[like]PRP$kīma",
                  "sig": "@saao/saa19%akk-x-neoass:a-ki-ma=ana[to//to]PRP'PRP$ana&&@saao/saa19%akk-x-neoass:=kīma[like//like]PRP'PRP$kīma",
                  "f": {
                    "lang": "akk-x-neoass",
                    "form": "a-ki-ma",
                    "cf": "ana",
                    "gw": "to",
                    "sense": "to",
                    "norm": "ana",
                    "pos": "PRP",
                    "epos": "PRP"
                  }
                },
                {
                  "node": "l",
                  "frag": "a-ki-[ma]",
                  "id": "P224430.l0408d",
                  "ref": "P224430.26.2",
                  "cof-head": "P224430.l0408c",
                  "inst": "ana[to]PRP$ana&kīma[like]PRP$kīma",
                  "f": {
                    "lang": "akk-x-neoass",
                    "form": "a-ki-ma",
                    "cf": "kīma",
                    "gw": "like",
                    "sense": "like",
                    "norm": "kīma",
                    "pos": "PRP",
                    "epos": "PRP"
                  }
                },
                {
                  "node": "d",
                  "type": "line-start",
                  "ref": "P224430.27",
                  "n": "9'",
                  "label": "r 9'"
                },
                {
                  "node": "l",
                  "frag": "al\\d-la-ka",
                  "id": "P224430.l0408e",
                  "ref": "P224430.27.1",
                  "inst": "allaka[come]V",
                  "sig": "@saao/saa19%akk-x-neoass:al-la-ka=alāku[go//come]V'V$allaka",
                  "f": {
                    "lang": "akk-x-neoass",
                    "form": "al-la-ka",
                    "cf": "alāku",
                    "gw": "go",
                    "sense": "come",
                    "norm": "allaka",
                    "pos": "V",
                    "epos": "V"
                  }
                },
                {
                  "node": "l",
                  "frag": "a-na",
                  "id": "P224430.l0408f",
                  "ref": "P224430.27.2",
                  "inst": "ana[to]PRP",
                  "sig": "@saao/saa19%akk-x-neoass:a-na=ana[to//to]PRP'PRP$ana",
                  "f": {
                    "lang": "akk-x-neoass",
                    "form": "a-na",
                    "cf": "ana",
                    "gw": "to",
                    "sense": "to",
                    "norm": "ana",
                    "pos": "PRP",
                    "epos": "PRP"
                  }
                },
                {
                  "node": "l",
                  "frag": "LUGAL\\d",
                  "id": "P224430.l04090",
                  "ref": "P224430.27.3",
                  "inst": "šarri[king]N",
                  "sig": "@saao/saa19%akk-x-neoass:LUGAL=šarru[king//king]N'N$šarri",
                  "f": {
                    "lang": "akk-x-neoass",
                    "form": "LUGAL",
                    "cf": "šarru",
                    "gw": "king",
                    "sense": "king",
                    "norm": "šarri",
                    "pos": "N",
                    "epos": "N"
                  }
                },
                {
                  "node": "l",
                  "frag": "be-li₂-[ia]",
                  "id": "P224430.l04091",
                  "ref": "P224430.27.4",
                  "inst": "bēlīya[lord]N",
                  "sig": "@saao/saa19%akk-x-neoass:be-li₂-ia=bēlu[lord//lord]N'N$bēlīya",
                  "f": {
                    "lang": "akk-x-neoass",
                    "form": "be-li₂-ia",
                    "cf": "bēlu",
                    "gw": "lord",
                    "sense": "lord",
                    "norm": "bēlīya",
                    "pos": "N",
                    "epos": "N"
                  }
                },
                {
                  "node": "d",
                  "type": "line-start",
                  "ref": "P224430.28",
                  "n": "10'",
                  "label": "r 10'"
                },
                {
                  "node": "l",
                  "frag": "a-qab\\p-bi\\d",
                  "id": "P224430.l04092",
                  "ref": "P224430.28.1",
                  "inst": "aqabbi[say]V",
                  "sig": "@saao/saa19%akk-x-neoass:a-qab-bi=qabû[say//say]V'V$aqabbi",
                  "f": {
                    "lang": "akk-x-neoass",
                    "form": "a-qab-bi",
                    "cf": "qabû",
                    "gw": "say",
                    "sense": "say",
                    "norm": "aqabbi",
                    "pos": "V",
                    "epos": "V"
                  }
                },
                {
                  "node": "l",
                  "frag": "ṭe₃-mu",
                  "id": "P224430.l04093",
                  "ref": "P224430.28.2",
                  "inst": "ṭēmu[report]N",
                  "sig": "@saao/saa19%akk-x-neoass:ṭe₃-mu=ṭēmu[(fore)thought//report]N'N$ṭēmu",
                  "f": {
                    "lang": "akk-x-neoass",
                    "form": "ṭe₃-mu",
                    "cf": "ṭēmu",
                    "gw": "(fore)thought",
                    "sense": "report",
                    "norm": "ṭēmu",
                    "pos": "N",
                    "epos": "N"
                  }
                },
                {
                  "node": "l",
                  "frag": "ša\\tdm",
                  "id": "P224430.l04094",
                  "ref": "P224430.28.3",
                  "inst": "ša[of]DET",
                  "sig": "@saao/saa19%akk-x-neoass:ša=ša[of//of]DET'DET$ša",
                  "f": {
                    "lang": "akk-x-neoass",
                    "form": "ša",
                    "cf": "ša",
                    "gw": "of",
                    "sense": "of",
                    "norm": "ša",
                    "pos": "DET",
                    "epos": "DET"
                  }
                },
                {
                  "node": "l",
                  "frag": "KA₂.[DINGIR.RA{ki]}",
                  "id": "P224430.l04095",
                  "ref": "P224430.28.4",
                  "inst": "Babili[Babylon]GN",
                  "sig": "@saao/saa19%akk-x-neoass:KA₂.DINGIR.RA{KI}=Babili[Babylon//Babylon]GN'GN$Babili",
                  "f": {
                    "lang": "akk-x-neoass",
                    "form": "KA₂.DINGIR.RA{KI}",
                    "cf": "Babili",
                    "gw": "Babylon",
                    "sense": "Babylon",
                    "norm": "Babili",
                    "pos": "GN",
                    "epos": "GN"
                  }
                },
                {
                  "node": "d",
                  "type": "line-start",
                  "ref": "P224430.29",
                  "n": "11'",
                  "label": "r 11'"
                },
                {
                  "node": "l",
                  "frag": "UD",
                  "id": "P224430.l04096",
                  "ref": "P224430.29.1",
                  "inst": "ūm[day]N",
                  "sig": "@saao/saa19%akk-x-neoass:UD=ūmu[day//day]N'N$ūm",
                  "f": {
                    "lang": "akk-x-neoass",
                    "form": "UD",
                    "cf": "ūmu",
                    "gw": "day",
                    "sense": "day",
                    "norm": "ūm",
                    "pos": "N",
                    "epos": "N"
                  }
                },
                {
                  "node": "l",
                  "frag": "25-KAM₂\\t",
                  "id": "P224430.l04097",
                  "ref": "P224430.29.2",
                  "inst": "n",
                  "f": {
                    "lang": "akk-x-neoass",
                    "form": "25-KAM₂",
                    "pos": "n"
                  }
                },
                {
                  "node": "l",
                  "frag": "ša\\tdm",
                  "id": "P224430.l04098",
                  "ref": "P224430.29.3",
                  "inst": "ša[of]DET",
                  "sig": "@saao/saa19%akk-x-neoass:ša=ša[of//of]DET'DET$ša",
                  "f": {
                    "lang": "akk-x-neoass",
                    "form": "ša",
                    "cf": "ša",
                    "gw": "of",
                    "sense": "of",
                    "norm": "ša",
                    "pos": "DET",
                    "epos": "DET"
                  }
                },
                {
                  "node": "l",
                  "frag": "{iti}ŠE",
                  "id": "P224430.l04099",
                  "ref": "P224430.29.4",
                  "inst": "Addari[Adar]MN",
                  "sig": "@saao/saa19%akk-x-neoass:{ITI}ŠE=Addaru[Adar//Adar]MN'MN$Addari",
                  "f": {
                    "lang": "akk-x-neoass",
                    "form": "{ITI}ŠE",
                    "cf": "Addaru",
                    "gw": "Adar",
                    "sense": "Adar",
                    "norm": "Addari",
                    "pos": "MN",
                    "epos": "MN"
                  }
                },
                {
                  "node": "l",
                  "frag": "{d}⸢AMAR⸣.[UTU]",
                  "id": "P224430.l0409a",
                  "ref": "P224430.29.5",
                  "inst": "Marduk[1]DN",
                  "sig": "@saao/saa19%akk-x-neoass:{d}AMAR.UTU=Marduk[1//1]DN'DN$Marduk",
                  "f": {
                    "lang": "akk-x-neoass",
                    "form": "{d}AMAR.UTU",
                    "cf": "Marduk",
                    "gw": "1",
                    "sense": "1",
                    "norm": "Marduk",
                    "pos": "DN",
                    "epos": "DN"
                  }
                },
                {
                  "node": "d",
                  "type": "line-start",
                  "ref": "P224430.30",
                  "n": "12'",
                  "label": "r 12'"
                },
                {
                  "node": "l",
                  "frag": "it-⸢ti\\t⸣-bi\\d",
                  "id": "P224430.l0409b",
                  "ref": "P224430.30.1",
                  "inst": "+tebû[arise]V$ittibi",
                  "sig": "@saao/saa19%akk-x-neoass:it-ti-bi=tebû[arise//arise]V'V$ittibi",
                  "f": {
                    "lang": "akk-x-neoass",
                    "form": "it-ti-bi",
                    "cf": "tebû",
                    "gw": "arise",
                    "sense": "arise",
                    "norm": "ittibi",
                    "pos": "V",
                    "epos": "V"
                  }
                },
                {
                  "node": "l",
                  "frag": "DUMU",
                  "id": "P224430.l0409c",
                  "ref": "P224430.30.2",
                  "inst": "mār[son]N",
                  "sig": "@saao/saa19%akk-x-neoass:DUMU=māru[son//son]N'N$mār",
                  "f": {
                    "lang": "akk-x-neoass",
                    "form": "DUMU",
                    "cf": "māru",
                    "gw": "son",
                    "sense": "son",
                    "norm": "mār",
                    "pos": "N",
                    "epos": "N"
                  }
                },
                {
                  "node": "l",
                  "frag": "{1}{d}PA-PAB-[ir",
                  "id": "P224430.l0409d",
                  "ref": "P224430.30.3",
                  "inst": "+Nabu-naṣir[3]PN$",
                  "sig": "@saao/saa19%akk-x-neoass:{1}{d}PA-PAB-ir=Nabu-naṣir[3//3]PN'PN$Nabu-naṣir",
                  "f": {
                    "lang": "akk-x-neoass",
                    "form": "{1}{d}PA-PAB-ir",
                    "cf": "Nabu-naṣir",
                    "gw": "3",
                    "sense": "3",
                    "norm": "Nabu-naṣir",
                    "pos": "PN",
                    "epos": "PN"
                  }
                },
                {
                  "node": "l",
                  "frag": "x",
                  "id": "P224430.l0409e",
                  "ref": "P224430.30.4",
                  "inst": "u",
                  "f": {
                    "lang": "akk-x-neoass",
                    "form": "x",
                    "pos": "u"
                  }
                },
                {
                  "node": "l",
                  "frag": "x]",
                  "id": "P224430.l0409f",
                  "ref": "P224430.30.5",
                  "inst": "u",
                  "f": {
                    "lang": "akk-x-neoass",
                    "form": "x",
                    "pos": "u"
                  }
                },
                {
                  "node": "d",
                  "type": "line-start",
                  "ref": "P224430.31",
                  "n": "13'",
                  "label": "r 13'"
                },
                {
                  "node": "l",
                  "frag": "⸢i-tan⸣-na\\d",
                  "id": "P224430.l040a0",
                  "ref": "P224430.31.1",
                  "inst": "ittanna[give]V",
                  "sig": "@saao/saa19%akk-x-neoass:i-tan-na=tadānu[give//give]V'V$ittanna",
                  "f": {
                    "lang": "akk-x-neoass",
                    "form": "i-tan-na",
                    "cf": "tadānu",
                    "gw": "give",
                    "sense": "give",
                    "norm": "ittanna",
                    "pos": "V",
                    "epos": "V"
                  }
                },
                {
                  "node": "l",
                  "frag": "la-aš₂-šu₂",
                  "id": "P224430.l040a1",
                  "ref": "P224430.31.2",
                  "inst": "laššu[(there) is not]V",
                  "sig": "@saao/saa19%akk-x-neoass:la-aš₂-šu₂=laššu[(there) is not//(there) is not]V'V$laššu",
                  "f": {
                    "lang": "akk-x-neoass",
                    "form": "la-aš₂-šu₂",
                    "cf": "laššu",
                    "gw": "(there) is not",
                    "sense": "(there) is not",
                    "norm": "laššu",
                    "pos": "V",
                    "epos": "V"
                  }
                },
                {
                  "node": "l",
                  "frag": "a-na",
                  "id": "P224430.l040a2",
                  "ref": "P224430.31.3",
                  "inst": "ana[to]PRP",
                  "sig": "@saao/saa19%akk-x-neoass:a-na=ana[to//to]PRP'PRP$ana",
                  "f": {
                    "lang": "akk-x-neoass",
                    "form": "a-na",
                    "cf": "ana",
                    "gw": "to",
                    "sense": "to",
                    "norm": "ana",
                    "pos": "PRP",
                    "epos": "PRP"
                  }
                },
                {
                  "node": "l",
                  "frag": "[x",
                  "id": "P224430.l040a3",
                  "ref": "P224430.31.4",
                  "inst": "u",
                  "f": {
                    "lang": "akk-x-neoass",
                    "form": "x",
                    "pos": "u"
                  }
                },
                {
                  "node": "l",
                  "frag": "x",
                  "id": "P224430.l040a4",
                  "ref": "P224430.31.5",
                  "inst": "u",
                  "f": {
                    "lang": "akk-x-neoass",
                    "form": "x",
                    "pos": "u"
                  }
                },
                {
                  "node": "l",
                  "frag": "x]",
                  "id": "P224430.l040a5",
                  "ref": "P224430.31.6",
                  "inst": "u",
                  "f": {
                    "lang": "akk-x-neoass",
                    "form": "x",
                    "pos": "u"
                  }
                },
                {
                  "node": "d",
                  "type": "line-start",
                  "ref": "P224430.32",
                  "n": "14'",
                  "label": "r 14'"
                },
                {
                  "node": "l",
                  "frag": "[x",
                  "id": "P224430.l040a6",
                  "ref": "P224430.32.1",
                  "inst": "u",
                  "f": {
                    "lang": "akk-x-neoass",
                    "form": "x",
                    "pos": "u"
                  }
                },
                {
                  "node": "l",
                  "frag": "x",
                  "id": "P224430.l040a7",
                  "ref": "P224430.32.2",
                  "inst": "u",
                  "f": {
                    "lang": "akk-x-neoass",
                    "form": "x",
                    "pos": "u"
                  }
                },
                {
                  "node": "l",
                  "frag": "x",
                  "id": "P224430.l040a8",
                  "ref": "P224430.32.3",
                  "inst": "u",
                  "f": {
                    "lang": "akk-x-neoass",
                    "form": "x",
                    "pos": "u"
                  }
                },
                {
                  "node": "l",
                  "frag": "x]+⸢x⸣",
                  "id": "P224430.l040a9",
                  "ref": "P224430.32.4",
                  "inst": "u",
                  "f": {
                    "lang": "akk-x-neoass",
                    "form": "x+x",
                    "pos": "u"
                  }
                },
                {
                  "node": "l",
                  "frag": "[x",
                  "id": "P224430.l040aa",
                  "ref": "P224430.32.5",
                  "inst": "u",
                  "f": {
                    "lang": "akk-x-neoass",
                    "form": "x",
                    "pos": "u"
                  }
                },
                {
                  "node": "l",
                  "frag": "x",
                  "id": "P224430.l040ab",
                  "ref": "P224430.32.6",
                  "inst": "u",
                  "f": {
                    "lang": "akk-x-neoass",
                    "form": "x",
                    "pos": "u"
                  }
                },
                {
                  "node": "l",
                  "frag": "x",
                  "id": "P224430.l040ac",
                  "ref": "P224430.32.7",
                  "inst": "u",
                  "f": {
                    "lang": "akk-x-neoass",
                    "form": "x",
                    "pos": "u"
                  }
                },
                {
                  "node": "l",
                  "frag": "x",
                  "id": "P224430.l040ad",
                  "ref": "P224430.32.8",
                  "inst": "u",
                  "f": {
                    "lang": "akk-x-neoass",
                    "form": "x",
                    "pos": "u"
                  }
                },
                {
                  "node": "l",
                  "frag": "x",
                  "id": "P224430.l040ae",
                  "ref": "P224430.32.9",
                  "inst": "u",
                  "f": {
                    "lang": "akk-x-neoass",
                    "form": "x",
                    "pos": "u"
                  }
                },
                {
                  "node": "l",
                  "frag": "x]",
                  "id": "P224430.l040af",
                  "ref": "P224430.32.10",
                  "inst": "u",
                  "f": {
                    "lang": "akk-x-neoass",
                    "form": "x",
                    "pos": "u"
                  }
                },
                {
                  "node": "d",
                  "type": "nonx",
                  "ref": "P224430.33",
                  "strict": "0",
                  "extent": "rest",
                  "state": "missing"
                },
                {
                  "node": "d",
                  "subtype": "edge",
                  "type": "edge",
                  "ref": "P224430.e..34",
                  "label": "e."
                },
                {
                  "node": "d",
                  "type": "line-start",
                  "ref": "P224430.35",
                  "n": "1",
                  "label": "e. 1"
                },
                {
                  "node": "l",
                  "frag": "[x",
                  "id": "P224430.l040b0",
                  "ref": "P224430.35.1",
                  "inst": "u",
                  "f": {
                    "lang": "akk-x-neoass",
                    "form": "x",
                    "pos": "u"
                  }
                },
                {
                  "node": "l",
                  "frag": "x",
                  "id": "P224430.l040b1",
                  "ref": "P224430.35.2",
                  "inst": "u",
                  "f": {
                    "lang": "akk-x-neoass",
                    "form": "x",
                    "pos": "u"
                  }
                },
                {
                  "node": "l",
                  "frag": "x]",
                  "id": "P224430.l040b2",
                  "ref": "P224430.35.3",
                  "inst": "u",
                  "f": {
                    "lang": "akk-x-neoass",
                    "form": "x",
                    "pos": "u"
                  }
                },
                {
                  "node": "l",
                  "frag": "⸢mi⸣-nu",
                  "id": "P224430.l040b3",
                  "ref": "P224430.35.4",
                  "inst": "+mīnu[what?//whatever]QP'XP$",
                  "sig": "@saao/saa19%akk-x-neoass:mi-nu=mīnu[what?//whatever]QP'XP$mīnu",
                  "f": {
                    "lang": "akk-x-neoass",
                    "form": "mi-nu",
                    "cf": "mīnu",
                    "gw": "what?",
                    "sense": "whatever",
                    "norm": "mīnu",
                    "pos": "QP",
                    "epos": "XP"
                  }
                },
                {
                  "node": "l",
                  "frag": "ṭe₃\\d-mu-u-ni",
                  "id": "P224430.l040b4",
                  "ref": "P224430.35.5",
                  "inst": "ṭēmūni[report]N",
                  "sig": "@saao/saa19%akk-x-neoass:ṭe₃-mu-u-ni=ṭēmu[(fore)thought//report]N'N$ṭēmūni",
                  "f": {
                    "lang": "akk-x-neoass",
                    "form": "ṭe₃-mu-u-ni",
                    "cf": "ṭēmu",
                    "gw": "(fore)thought",
                    "sense": "report",
                    "norm": "ṭēmūni",
                    "pos": "N",
                    "epos": "N"
                  }
                },
                {
                  "node": "l",
                  "frag": "ša\\tdm",
                  "id": "P224430.l040b5",
                  "ref": "P224430.35.6",
                  "inst": "ša[of]DET",
                  "sig": "@saao/saa19%akk-x-neoass:ša=ša[of//of]DET'DET$ša",
                  "f": {
                    "lang": "akk-x-neoass",
                    "form": "ša",
                    "cf": "ša",
                    "gw": "of",
                    "sense": "of",
                    "norm": "ša",
                    "pos": "DET",
                    "epos": "DET"
                  }
                },
                {
                  "node": "l",
                  "frag": "UD",
                  "id": "P224430.l040b6",
                  "ref": "P224430.35.7",
                  "inst": "ūm[day]N",
                  "sig": "@saao/saa19%akk-x-neoass:UD=ūmu[day//day]N'N$ūm",
                  "f": {
                    "lang": "akk-x-neoass",
                    "form": "UD",
                    "cf": "ūmu",
                    "gw": "day",
                    "sense": "day",
                    "norm": "ūm",
                    "pos": "N",
                    "epos": "N"
                  }
                },
                {
                  "node": "l",
                  "frag": "05-⸢KAM₂\\t⸣",
                  "id": "P224430.l040b7",
                  "ref": "P224430.35.8",
                  "inst": "n",
                  "f": {
                    "lang": "akk-x-neoass",
                    "form": "05-KAM₂",
                    "pos": "n"
                  }
                },
                {
                  "node": "l",
                  "frag": "[ša\\tdm",
                  "id": "P224430.l040b8",
                  "ref": "P224430.35.9",
                  "inst": "ša[of]DET",
                  "sig": "@saao/saa19%akk-x-neoass:ša=ša[of//of]DET'DET$ša",
                  "f": {
                    "lang": "akk-x-neoass",
                    "form": "ša",
                    "cf": "ša",
                    "gw": "of",
                    "sense": "of",
                    "norm": "ša",
                    "pos": "DET",
                    "epos": "DET"
                  }
                },
                {
                  "node": "l",
                  "frag": "{iti}BARAG]",
                  "id": "P224430.l040b9",
                  "ref": "P224430.35.10",
                  "inst": "Nisanni[Nisan]MN",
                  "sig": "@saao/saa19%akk-x-neoass:{ITI}BARAG=Nisannu[Nisan//Nisan]MN'MN$Nisanni",
                  "f": {
                    "lang": "akk-x-neoass",
                    "form": "{ITI}BARAG",
                    "cf": "Nisannu",
                    "gw": "Nisan",
                    "sense": "Nisan",
                    "norm": "Nisanni",
                    "pos": "MN",
                    "epos": "MN"
                  }
                },
                {
                  "node": "d",
                  "type": "line-start",
                  "ref": "P224430.36",
                  "n": "2",
                  "label": "e. 2"
                },
                {
                  "node": "l",
                  "frag": "[x",
                  "id": "P224430.l040ba",
                  "ref": "P224430.36.1",
                  "inst": "u",
                  "f": {
                    "lang": "akk-x-neoass",
                    "form": "x",
                    "pos": "u"
                  }
                },
                {
                  "node": "l",
                  "frag": "x",
                  "id": "P224430.l040bb",
                  "ref": "P224430.36.2",
                  "inst": "u",
                  "f": {
                    "lang": "akk-x-neoass",
                    "form": "x",
                    "pos": "u"
                  }
                },
                {
                  "node": "l",
                  "frag": "x]",
                  "id": "P224430.l040bc",
                  "ref": "P224430.36.3",
                  "inst": "u",
                  "f": {
                    "lang": "akk-x-neoass",
                    "form": "x",
                    "pos": "u"
                  }
                },
                {
                  "node": "l",
                  "frag": "⸢i⸣-qab-bi",
                  "id": "P224430.l040bd",
                  "ref": "P224430.36.4",
                  "inst": "iqabbi[say]V",
                  "sig": "@saao/saa19%akk-x-neoass:i-qab-bi=qabû[say//say]V'V$iqabbi",
                  "f": {
                    "lang": "akk-x-neoass",
                    "form": "i-qab-bi",
                    "cf": "qabû",
                    "gw": "say",
                    "sense": "say",
                    "norm": "iqabbi",
                    "pos": "V",
                    "epos": "V"
                  }
                }
              ]
            }
          ]
        }
      ]
    },
    {
      "linkbase": [
        {
          "type": "linkset",
          "xlink_title": "ṣāb šarri[royal troops//royal troops]N'N",
          "id": "P224430.ls00000",
          "xlink_type": "extended",
          "xlink_role": "psu",
          "sig": "{ERIM-MEŠ-LUGAL = ṣābu[people]N šarru[king]N += ṣāb šarri[royal troops//royal troops]N'N}::@saao/saa19%akk-x-neoass:ERIM-MEŠ-LUGAL=ṣābu[people//people]N'N$ṣāb++@saao/saa19%akk-x-neoass:ERIM-MEŠ-LUGAL=šarru[king//king]N'N$šarri",
          "links": [
            {
              "type": "link",
              "xlink_title": "ṣābu",
              "xlink_type": "locator",
              "xlink_href": "#P224430.l04083",
              "xlink_role": "elt"
            },
            {
              "type": "link",
              "xlink_title": "šarru",
              "xlink_type": "locator",
              "xlink_href": "#P224430.l04084",
              "xlink_role": "elt"
            }
          ]
        }
      ]
    }
  ]
}
