{
  "type": "cdl",
  "source": "http://oracc.org/saao/saa19",
  "license": "This data is released under the CC0 license",
  "license-url": "https://creativecommons.org/publicdomain/zero/1.0/",
  "more-info": "http://oracc.org/doc/opendata/",
  "UTC-timestamp": "2017-06-10T01:00:46",
  "project": "saao/saa19",
  "textid": "P224414",
  "cdl": [
    {
      "node": "c",
      "type": "text",
      "id": "P224414.U0",
      "cdl": [
        {
          "node": "d",
          "type": "object",
          "ref": ""
        },
        {
          "node": "d",
          "subtype": "obverse",
          "type": "obverse",
          "ref": "P224414.o.1",
          "label": "o"
        },
        {
          "node": "c",
          "type": "discourse",
          "subtype": "body",
          "id": "P224414.U1",
          "cdl": [
            {
              "node": "c",
              "type": "sentence",
              "id": "P224414.U2",
              "label": "o 1 - r 10",
              "cdl": [
                {
                  "node": "d",
                  "type": "line-start",
                  "ref": "P224414.2",
                  "n": "1",
                  "label": "o 1"
                },
                {
                  "node": "l",
                  "frag": "⸢a⸣-na",
                  "id": "P224414.l017f3",
                  "ref": "P224414.2.1",
                  "inst": "ana[to]PRP",
                  "sig": "@saao/saa19%akk-x-neoass:a-na=ana[to//to]PRP'PRP$ana",
                  "f": {
                    "lang": "akk-x-neoass",
                    "form": "a-na",
                    "cf": "ana",
                    "gw": "to",
                    "sense": "to",
                    "norm": "ana",
                    "pos": "PRP",
                    "epos": "PRP"
                  }
                },
                {
                  "node": "l",
                  "frag": "LUGAL",
                  "id": "P224414.l017f4",
                  "ref": "P224414.2.2",
                  "inst": "šarri[king]N",
                  "sig": "@saao/saa19%akk-x-neoass:LUGAL=šarru[king//king]N'N$šarri",
                  "f": {
                    "lang": "akk-x-neoass",
                    "form": "LUGAL",
                    "cf": "šarru",
                    "gw": "king",
                    "sense": "king",
                    "norm": "šarri",
                    "pos": "N",
                    "epos": "N"
                  }
                },
                {
                  "node": "l",
                  "frag": "EN-[ia]",
                  "id": "P224414.l017f5",
                  "ref": "P224414.2.3",
                  "inst": "bēlīya[lord]N",
                  "sig": "@saao/saa19%akk-x-neoass:EN-ia=bēlu[lord//lord]N'N$bēlīya",
                  "f": {
                    "lang": "akk-x-neoass",
                    "form": "EN-ia",
                    "cf": "bēlu",
                    "gw": "lord",
                    "sense": "lord",
                    "norm": "bēlīya",
                    "pos": "N",
                    "epos": "N"
                  }
                },
                {
                  "node": "d",
                  "type": "line-start",
                  "ref": "P224414.3",
                  "n": "2",
                  "label": "o 2"
                },
                {
                  "node": "l",
                  "frag": "ARAD-ka",
                  "id": "P224414.l017f6",
                  "ref": "P224414.3.1",
                  "inst": "urdaka[servant]N",
                  "sig": "@saao/saa19%akk-x-neoass:ARAD-ka=ardu[slave//servant]N'N$urdaka",
                  "f": {
                    "lang": "akk-x-neoass",
                    "form": "ARAD-ka",
                    "cf": "ardu",
                    "gw": "slave",
                    "sense": "servant",
                    "norm": "urdaka",
                    "pos": "N",
                    "epos": "N"
                  }
                },
                {
                  "node": "l",
                  "frag": "{1}{d}PA-⸢KAR⸣-[an-ni]",
                  "id": "P224414.l017f7",
                  "ref": "P224414.3.2",
                  "inst": "+Nabu-eṭiranni[1]PN$",
                  "sig": "@saao/saa19%akk-x-neoass:{1}{d}PA-KAR-an-ni=Nabu-eṭiranni[1//1]PN'PN$Nabu-eṭiranni",
                  "f": {
                    "lang": "akk-x-neoass",
                    "form": "{1}{d}PA-KAR-an-ni",
                    "cf": "Nabu-eṭiranni",
                    "gw": "1",
                    "sense": "1",
                    "norm": "Nabu-eṭiranni",
                    "pos": "PN",
                    "epos": "PN"
                  }
                },
                {
                  "node": "d",
                  "type": "nonx",
                  "ref": "P224414.4",
                  "strict": "0",
                  "state": "other"
                },
                {
                  "node": "d",
                  "type": "line-start",
                  "ref": "P224414.5",
                  "n": "3",
                  "label": "o 3"
                },
                {
                  "node": "l",
                  "frag": "lu-u",
                  "id": "P224414.l017f8",
                  "ref": "P224414.5.1",
                  "inst": "lū[may]MOD",
                  "sig": "@saao/saa19%akk-x-neoass:lu-u=lū[may//may]MOD'MOD$lū",
                  "f": {
                    "lang": "akk-x-neoass",
                    "form": "lu-u",
                    "cf": "lū",
                    "gw": "may",
                    "sense": "may",
                    "norm": "lū",
                    "pos": "MOD",
                    "epos": "MOD"
                  }
                },
                {
                  "node": "l",
                  "frag": "DI-mu",
                  "id": "P224414.l017f9",
                  "ref": "P224414.5.2",
                  "inst": "šulmu[health]N",
                  "sig": "@saao/saa19%akk-x-neoass:DI-mu=šulmu[completeness//health]N'N$šulmu",
                  "f": {
                    "lang": "akk-x-neoass",
                    "form": "DI-mu",
                    "cf": "šulmu",
                    "gw": "completeness",
                    "sense": "health",
                    "norm": "šulmu",
                    "pos": "N",
                    "epos": "N"
                  }
                },
                {
                  "node": "l",
                  "frag": "a-na",
                  "id": "P224414.l017fa",
                  "ref": "P224414.5.3",
                  "inst": "ana[to]PRP",
                  "sig": "@saao/saa19%akk-x-neoass:a-na=ana[to//to]PRP'PRP$ana",
                  "f": {
                    "lang": "akk-x-neoass",
                    "form": "a-na",
                    "cf": "ana",
                    "gw": "to",
                    "sense": "to",
                    "norm": "ana",
                    "pos": "PRP",
                    "epos": "PRP"
                  }
                },
                {
                  "node": "l",
                  "frag": "⸢EN⸣-[ia]",
                  "id": "P224414.l017fb",
                  "ref": "P224414.5.4",
                  "inst": "bēlīya[lord]N",
                  "sig": "@saao/saa19%akk-x-neoass:EN-ia=bēlu[lord//lord]N'N$bēlīya",
                  "f": {
                    "lang": "akk-x-neoass",
                    "form": "EN-ia",
                    "cf": "bēlu",
                    "gw": "lord",
                    "sense": "lord",
                    "norm": "bēlīya",
                    "pos": "N",
                    "epos": "N"
                  }
                },
                {
                  "node": "d",
                  "type": "line-start",
                  "ref": "P224414.6",
                  "n": "4",
                  "label": "o 4"
                },
                {
                  "node": "l",
                  "frag": "{d}PA",
                  "id": "P224414.l017fc",
                  "ref": "P224414.6.1",
                  "inst": "Nabu[1]DN",
                  "sig": "@saao/saa19%akk-x-neoass:{d}PA=Nabu[1//1]DN'DN$Nabu",
                  "f": {
                    "lang": "akk-x-neoass",
                    "form": "{d}PA",
                    "cf": "Nabu",
                    "gw": "1",
                    "sense": "1",
                    "norm": "Nabu",
                    "pos": "DN",
                    "epos": "DN"
                  }
                },
                {
                  "node": "l",
                  "frag": "{d}AMAR.UTU",
                  "id": "P224414.l017fd",
                  "ref": "P224414.6.2",
                  "inst": "Marduk[1]DN",
                  "sig": "@saao/saa19%akk-x-neoass:{d}AMAR.UTU=Marduk[1//1]DN'DN$Marduk",
                  "f": {
                    "lang": "akk-x-neoass",
                    "form": "{d}AMAR.UTU",
                    "cf": "Marduk",
                    "gw": "1",
                    "sense": "1",
                    "norm": "Marduk",
                    "pos": "DN",
                    "epos": "DN"
                  }
                },
                {
                  "node": "l",
                  "frag": "a-na",
                  "id": "P224414.l017fe",
                  "ref": "P224414.6.3",
                  "inst": "ana[to]PRP",
                  "sig": "@saao/saa19%akk-x-neoass:a-na=ana[to//to]PRP'PRP$ana",
                  "f": {
                    "lang": "akk-x-neoass",
                    "form": "a-na",
                    "cf": "ana",
                    "gw": "to",
                    "sense": "to",
                    "norm": "ana",
                    "pos": "PRP",
                    "epos": "PRP"
                  }
                },
                {
                  "node": "l",
                  "frag": "⸢LUGAL⸣",
                  "id": "P224414.l017ff",
                  "ref": "P224414.6.4",
                  "inst": "šarri[king]N",
                  "sig": "@saao/saa19%akk-x-neoass:LUGAL=šarru[king//king]N'N$šarri",
                  "f": {
                    "lang": "akk-x-neoass",
                    "form": "LUGAL",
                    "cf": "šarru",
                    "gw": "king",
                    "sense": "king",
                    "norm": "šarri",
                    "pos": "N",
                    "epos": "N"
                  }
                },
                {
                  "node": "d",
                  "type": "line-start",
                  "ref": "P224414.7",
                  "n": "5",
                  "label": "o 5"
                },
                {
                  "node": "l",
                  "frag": "⸢EN⸣-ia",
                  "id": "P224414.l01800",
                  "ref": "P224414.7.1",
                  "inst": "bēlīya[lord]N",
                  "sig": "@saao/saa19%akk-x-neoass:EN-ia=bēlu[lord//lord]N'N$bēlīya",
                  "f": {
                    "lang": "akk-x-neoass",
                    "form": "EN-ia",
                    "cf": "bēlu",
                    "gw": "lord",
                    "sense": "lord",
                    "norm": "bēlīya",
                    "pos": "N",
                    "epos": "N"
                  }
                },
                {
                  "node": "l",
                  "frag": "lik-ru-bu",
                  "id": "P224414.l01801",
                  "ref": "P224414.7.2",
                  "inst": "likrubu[bless]V",
                  "sig": "@saao/saa19%akk-x-neoass:lik-ru-bu=karābu[pray//bless]V'V$likrubu",
                  "f": {
                    "lang": "akk-x-neoass",
                    "form": "lik-ru-bu",
                    "cf": "karābu",
                    "gw": "pray",
                    "sense": "bless",
                    "norm": "likrubu",
                    "pos": "V",
                    "epos": "V"
                  }
                },
                {
                  "node": "d",
                  "type": "line-start",
                  "ref": "P224414.8",
                  "n": "6",
                  "label": "o 6"
                },
                {
                  "node": "l",
                  "frag": "ša",
                  "id": "P224414.l01802",
                  "ref": "P224414.8.1",
                  "inst": "ša[what]REL",
                  "sig": "@saao/saa19%akk-x-neoass:ša=ša[that//what]REL'REL$ša",
                  "f": {
                    "lang": "akk-x-neoass",
                    "form": "ša",
                    "cf": "ša",
                    "gw": "that",
                    "sense": "what",
                    "norm": "ša",
                    "pos": "REL",
                    "epos": "REL"
                  }
                },
                {
                  "node": "l",
                  "frag": "EN",
                  "id": "P224414.l01803",
                  "ref": "P224414.8.2",
                  "inst": "bēlī[lord]N",
                  "sig": "@saao/saa19%akk-x-neoass:EN=bēlu[lord//lord]N'N$bēlī",
                  "f": {
                    "lang": "akk-x-neoass",
                    "form": "EN",
                    "cf": "bēlu",
                    "gw": "lord",
                    "sense": "lord",
                    "norm": "bēlī",
                    "pos": "N",
                    "epos": "N"
                  }
                },
                {
                  "node": "l",
                  "frag": "ṭe₂-e-mu",
                  "id": "P224414.l01804",
                  "ref": "P224414.8.3",
                  "inst": "!+ṭēmu[(fore)thought//order]N$",
                  "sig": "@saao/saa19%akk-x-neoass:ṭe₂-e-mu=ṭēmu[(fore)thought//order]N'N$ṭēmu",
                  "f": {
                    "lang": "akk-x-neoass",
                    "form": "ṭe₂-e-mu",
                    "cf": "ṭēmu",
                    "gw": "(fore)thought",
                    "sense": "order",
                    "norm": "ṭēmu",
                    "pos": "N",
                    "epos": "N"
                  }
                },
                {
                  "node": "d",
                  "type": "line-start",
                  "ref": "P224414.9",
                  "n": "7",
                  "label": "o 7"
                },
                {
                  "node": "l",
                  "frag": "iš-ku-na-ni-ni",
                  "id": "P224414.l01805",
                  "ref": "P224414.9.1",
                  "inst": "iškunannīni[place]V",
                  "sig": "@saao/saa19%akk-x-neoass:iš-ku-na-ni-ni=šakānu[put//place]V'V$iškunannīni",
                  "f": {
                    "lang": "akk-x-neoass",
                    "form": "iš-ku-na-ni-ni",
                    "cf": "šakānu",
                    "gw": "put",
                    "sense": "place",
                    "norm": "iškunannīni",
                    "pos": "V",
                    "epos": "V"
                  }
                },
                {
                  "node": "l",
                  "frag": "šu-uh",
                  "id": "P224414.l01806",
                  "ref": "P224414.9.2",
                  "inst": "šuh[as to]PRP",
                  "sig": "@saao/saa19%akk-x-neoass:šu-uh=šuh[on the subject of//as to]PRP'PRP$šuh",
                  "f": {
                    "lang": "akk-x-neoass",
                    "form": "šu-uh",
                    "cf": "šuh",
                    "gw": "on the subject of",
                    "sense": "as to",
                    "norm": "šuh",
                    "pos": "PRP",
                    "epos": "PRP"
                  }
                },
                {
                  "node": "d",
                  "type": "line-start",
                  "ref": "P224414.10",
                  "n": "8",
                  "label": "o 8"
                },
                {
                  "node": "l",
                  "frag": "{kur}ul-lu-ba-a.a",
                  "id": "P224414.l01807",
                  "ref": "P224414.10.1",
                  "inst": "+Ullubaya[]EN$",
                  "sig": "@saao/saa19%akk-x-neoass:{KUR}ul-lu-ba-a.a=Ullubaya[1//1]EN'EN$Ullubaya",
                  "f": {
                    "lang": "akk-x-neoass",
                    "form": "{KUR}ul-lu-ba-a.a",
                    "cf": "Ullubaya",
                    "gw": "1",
                    "sense": "1",
                    "norm": "Ullubaya",
                    "pos": "EN",
                    "epos": "EN"
                  }
                },
                {
                  "node": "d",
                  "type": "line-start",
                  "ref": "P224414.11",
                  "n": "9",
                  "label": "o 9"
                },
                {
                  "node": "l",
                  "frag": "ša",
                  "id": "P224414.l01808",
                  "ref": "P224414.11.1",
                  "inst": "ša[who]REL",
                  "sig": "@saao/saa19%akk-x-neoass:ša=ša[that//who]REL'REL$ša",
                  "f": {
                    "lang": "akk-x-neoass",
                    "form": "ša",
                    "cf": "ša",
                    "gw": "that",
                    "sense": "who",
                    "norm": "ša",
                    "pos": "REL",
                    "epos": "REL"
                  }
                },
                {
                  "node": "l",
                  "frag": "ina",
                  "id": "P224414.l01809",
                  "ref": "P224414.11.2",
                  "inst": "+ina[in+=in the service of]PRP",
                  "sig": "@saao/saa19%akk-x-neoass:ina=ina[in//in]PRP'PRP$ina",
                  "f": {
                    "lang": "akk-x-neoass",
                    "form": "ina",
                    "cf": "ina",
                    "gw": "in",
                    "sense": "in",
                    "norm": "ina",
                    "pos": "PRP",
                    "epos": "PRP"
                  }
                },
                {
                  "node": "l",
                  "frag": "pa-an",
                  "id": "P224414.l0180a",
                  "ref": "P224414.11.3",
                  "inst": "+pānu[front]N$pān",
                  "sig": "@saao/saa19%akk-x-neoass:pa-an=pānu[front//front]N'N$pān",
                  "f": {
                    "lang": "akk-x-neoass",
                    "form": "pa-an",
                    "cf": "pānu",
                    "gw": "front",
                    "sense": "front",
                    "norm": "pān",
                    "pos": "N",
                    "epos": "N"
                  }
                },
                {
                  "node": "l",
                  "frag": "{1}{d}MAŠ-DINGIR-a.a",
                  "id": "P224414.l0180b",
                  "ref": "P224414.11.4",
                  "inst": "+Inurta-ilaʾi[1]PN$",
                  "sig": "@saao/saa19%akk-x-neoass:{1}{d}MAŠ-DINGIR-a.a=Inurta-ilaʾi[1//1]PN'PN$Inurta-ilaʾi",
                  "f": {
                    "lang": "akk-x-neoass",
                    "form": "{1}{d}MAŠ-DINGIR-a.a",
                    "cf": "Inurta-ilaʾi",
                    "gw": "1",
                    "sense": "1",
                    "norm": "Inurta-ilaʾi",
                    "pos": "PN",
                    "epos": "PN"
                  }
                },
                {
                  "node": "d",
                  "type": "line-start",
                  "ref": "P224414.12",
                  "n": "10",
                  "label": "o 10"
                },
                {
                  "node": "l",
                  "frag": "⸢a⸣-sa-al",
                  "id": "P224414.l0180c",
                  "ref": "P224414.12.1",
                  "inst": "assaʾal[ask]V",
                  "sig": "@saao/saa19%akk-x-neoass:a-sa-al=šâlu[ask//ask]V'V$assaʾal",
                  "f": {
                    "lang": "akk-x-neoass",
                    "form": "a-sa-al",
                    "cf": "šâlu",
                    "gw": "ask",
                    "sense": "ask",
                    "norm": "assaʾal",
                    "pos": "V",
                    "epos": "V"
                  }
                },
                {
                  "node": "l",
                  "frag": "ša-aṣ-bu-⸢tu₂⸣",
                  "id": "P224414.l0180d",
                  "ref": "P224414.12.2",
                  "inst": "šaṣbutu[supplies]N",
                  "sig": "@saao/saa19%akk-x-neoass:ša-aṣ-bu-tu₂=šaṣbutu[supplies//supplies]N'N$šaṣbutu",
                  "f": {
                    "lang": "akk-x-neoass",
                    "form": "ša-aṣ-bu-tu₂",
                    "cf": "šaṣbutu",
                    "gw": "supplies",
                    "sense": "supplies",
                    "norm": "šaṣbutu",
                    "pos": "N",
                    "epos": "N"
                  }
                },
                {
                  "node": "d",
                  "type": "line-start",
                  "ref": "P224414.13",
                  "n": "11",
                  "label": "o 11"
                },
                {
                  "node": "l",
                  "frag": "⸢ka-ri-im⸣",
                  "id": "P224414.l0180e",
                  "ref": "P224414.13.1",
                  "inst": "+karmu[stored//stocked up]AJ'AJ$karim",
                  "sig": "@saao/saa19%akk-x-neoass:ka-ri-im=karmu[stored//stocked up]AJ'AJ$karim",
                  "f": {
                    "lang": "akk-x-neoass",
                    "form": "ka-ri-im",
                    "cf": "karmu",
                    "gw": "stored",
                    "sense": "stocked up",
                    "norm": "karim",
                    "pos": "AJ",
                    "epos": "AJ"
                  }
                },
                {
                  "node": "l",
                  "frag": "mu-ṭe₂-e-šu₂",
                  "id": "P224414.l0180f",
                  "ref": "P224414.13.2",
                  "inst": "+muṭû[deficit]N$muṭêšu",
                  "sig": "@saao/saa19%akk-x-neoass:mu-ṭe₂-e-šu₂=muṭû[deficit//deficit]N'N$muṭêšu",
                  "f": {
                    "lang": "akk-x-neoass",
                    "form": "mu-ṭe₂-e-šu₂",
                    "cf": "muṭû",
                    "gw": "deficit",
                    "sense": "deficit",
                    "norm": "muṭêšu",
                    "pos": "N",
                    "epos": "N"
                  }
                },
                {
                  "node": "d",
                  "type": "line-start",
                  "ref": "P224414.14",
                  "n": "12",
                  "label": "o 12"
                },
                {
                  "node": "l",
                  "frag": "[DI]-⸢mu⸣",
                  "id": "P224414.l01810",
                  "ref": "P224414.14.1",
                  "inst": "šulmu[health]N",
                  "sig": "@saao/saa19%akk-x-neoass:DI-mu=šulmu[completeness//health]N'N$šulmu",
                  "f": {
                    "lang": "akk-x-neoass",
                    "form": "DI-mu",
                    "cf": "šulmu",
                    "gw": "completeness",
                    "sense": "health",
                    "norm": "šulmu",
                    "pos": "N",
                    "epos": "N"
                  }
                },
                {
                  "node": "l",
                  "frag": "a-dan-niš",
                  "id": "P224414.l01811",
                  "ref": "P224414.14.2",
                  "inst": "adanniš[very much]AV",
                  "sig": "@saao/saa19%akk-x-neoass:a-dan-niš=adanniš[very much//very much]AV'AV$adanniš",
                  "f": {
                    "lang": "akk-x-neoass",
                    "form": "a-dan-niš",
                    "cf": "adanniš",
                    "gw": "very much",
                    "sense": "very much",
                    "norm": "adanniš",
                    "pos": "AV",
                    "epos": "AV"
                  }
                },
                {
                  "node": "d",
                  "subtype": "bottom",
                  "type": "bottom",
                  "ref": "P224414.b.e..15",
                  "label": "b.e."
                },
                {
                  "node": "d",
                  "type": "line-start",
                  "ref": "P224414.16",
                  "n": "13",
                  "label": "b.e. 13"
                },
                {
                  "node": "l",
                  "frag": "{1}{⸢d⸣}MAŠ-DINGIR-a.a",
                  "id": "P224414.l01812",
                  "ref": "P224414.16.1",
                  "inst": "+Inurta-ilaʾi[1]PN$",
                  "sig": "@saao/saa19%akk-x-neoass:{1}{d}MAŠ-DINGIR-a.a=Inurta-ilaʾi[1//1]PN'PN$Inurta-ilaʾi",
                  "f": {
                    "lang": "akk-x-neoass",
                    "form": "{1}{d}MAŠ-DINGIR-a.a",
                    "cf": "Inurta-ilaʾi",
                    "gw": "1",
                    "sense": "1",
                    "norm": "Inurta-ilaʾi",
                    "pos": "PN",
                    "epos": "PN"
                  }
                },
                {
                  "node": "d",
                  "type": "line-start",
                  "ref": "P224414.17",
                  "n": "14",
                  "label": "b.e. 14"
                },
                {
                  "node": "l",
                  "frag": "[ma-a]",
                  "id": "P224414.l01813",
                  "ref": "P224414.17.1",
                  "inst": "mā[saying]PRP",
                  "sig": "@saao/saa19%akk-x-neoass:ma-a=mā[saying//saying]PRP'PRP$mā",
                  "f": {
                    "lang": "akk-x-neoass",
                    "form": "ma-a",
                    "cf": "mā",
                    "gw": "saying",
                    "sense": "saying",
                    "norm": "mā",
                    "pos": "PRP",
                    "epos": "PRP"
                  }
                },
                {
                  "node": "l",
                  "frag": "⸢UD",
                  "id": "P224414.l01814",
                  "ref": "P224414.17.2",
                  "inst": "ūm[day]N",
                  "sig": "@saao/saa19%akk-x-neoass:UD=ūmu[day//day]N'N$ūm",
                  "f": {
                    "lang": "akk-x-neoass",
                    "form": "UD",
                    "cf": "ūmu",
                    "gw": "day",
                    "sense": "day",
                    "norm": "ūm",
                    "pos": "N",
                    "epos": "N"
                  }
                },
                {
                  "node": "l",
                  "frag": "27-KAM⸣",
                  "id": "P224414.l01815",
                  "ref": "P224414.17.3",
                  "inst": "n",
                  "f": {
                    "lang": "akk-x-neoass",
                    "form": "27-KAM",
                    "pos": "n"
                  }
                },
                {
                  "node": "d",
                  "subtype": "reverse",
                  "type": "reverse",
                  "ref": "P224414.r.18",
                  "label": "r"
                },
                {
                  "node": "d",
                  "type": "line-start",
                  "ref": "P224414.19",
                  "n": "1",
                  "label": "r 1"
                },
                {
                  "node": "l",
                  "frag": "[x",
                  "id": "P224414.l01816",
                  "ref": "P224414.19.1",
                  "inst": "u",
                  "f": {
                    "lang": "akk-x-neoass",
                    "form": "x",
                    "pos": "u"
                  }
                },
                {
                  "node": "l",
                  "frag": "x",
                  "id": "P224414.l01817",
                  "ref": "P224414.19.2",
                  "inst": "u",
                  "f": {
                    "lang": "akk-x-neoass",
                    "form": "x",
                    "pos": "u"
                  }
                },
                {
                  "node": "l",
                  "frag": "u₂]-na-⸢maš⸣",
                  "id": "P224414.l01818",
                  "ref": "P224414.19.3",
                  "inst": "+namāšu[set (o.s.) in motion//set out]V$unammaš",
                  "sig": "@saao/saa19%akk-x-neoass:u₂-na-maš=namāšu[set (o.s.) in motion//set out]V'V$unammaš",
                  "f": {
                    "lang": "akk-x-neoass",
                    "form": "u₂-na-maš",
                    "cf": "namāšu",
                    "gw": "set (o.s.) in motion",
                    "sense": "set out",
                    "norm": "unammaš",
                    "pos": "V",
                    "epos": "V"
                  }
                },
                {
                  "node": "d",
                  "type": "line-start",
                  "ref": "P224414.20",
                  "n": "2",
                  "label": "r 2"
                },
                {
                  "node": "l",
                  "frag": "[ki-ma",
                  "id": "P224414.l01819",
                  "ref": "P224414.20.1",
                  "inst": "kīma[as soon as]'MOD",
                  "sig": "@saao/saa19%akk-x-neoass:ki-ma=kīma[like//as soon as]PRP'MOD$kīma",
                  "f": {
                    "lang": "akk-x-neoass",
                    "form": "ki-ma",
                    "cf": "kīma",
                    "gw": "like",
                    "sense": "as soon as",
                    "norm": "kīma",
                    "pos": "PRP",
                    "epos": "MOD"
                  }
                },
                {
                  "node": "l",
                  "frag": "u₂]-⸢ta⸣-mi₃-ši",
                  "id": "P224414.l0181a",
                  "ref": "P224414.20.2",
                  "inst": "uttammīši[set out]V",
                  "sig": "@saao/saa19%akk-x-neoass:u₂-ta-mi₃-ši=namāšu[set (o.s.) in motion//set out]V'V$uttammīši",
                  "f": {
                    "lang": "akk-x-neoass",
                    "form": "u₂-ta-mi₃-ši",
                    "cf": "namāšu",
                    "gw": "set (o.s.) in motion",
                    "sense": "set out",
                    "norm": "uttammīši",
                    "pos": "V",
                    "epos": "V"
                  }
                },
                {
                  "node": "d",
                  "type": "line-start",
                  "ref": "P224414.21",
                  "n": "3",
                  "label": "r 3"
                },
                {
                  "node": "l",
                  "frag": "[ina]",
                  "id": "P224414.l0181b",
                  "ref": "P224414.21.1",
                  "inst": "ina[in]PRP",
                  "sig": "@saao/saa19%akk-x-neoass:ina=ina[in//in]PRP'PRP$ina",
                  "f": {
                    "lang": "akk-x-neoass",
                    "form": "ina",
                    "cf": "ina",
                    "gw": "in",
                    "sense": "in",
                    "norm": "ina",
                    "pos": "PRP",
                    "epos": "PRP"
                  }
                },
                {
                  "node": "l",
                  "frag": "{uru}kal₃-zi",
                  "id": "P224414.l0181c",
                  "ref": "P224414.21.2",
                  "inst": "Kalzi[1]GN",
                  "sig": "@saao/saa19%akk-x-neoass:{URU}kal₃-zi=Kilizi[1//1]GN'GN$Kalzi",
                  "f": {
                    "lang": "akk-x-neoass",
                    "form": "{URU}kal₃-zi",
                    "cf": "Kilizi",
                    "gw": "1",
                    "sense": "1",
                    "norm": "Kalzi",
                    "pos": "GN",
                    "epos": "GN"
                  }
                },
                {
                  "node": "l",
                  "frag": "šu-⸢u₂-tu₂⸣",
                  "id": "P224414.l0181d",
                  "ref": "P224414.21.3",
                  "inst": "šūtu[he]IP",
                  "sig": "@saao/saa19%akk-x-neoass:šu-u₂-tu₂=šūtu[he//he]IP'IP$šūtu",
                  "f": {
                    "lang": "akk-x-neoass",
                    "form": "šu-u₂-tu₂",
                    "cf": "šūtu",
                    "gw": "he",
                    "sense": "he",
                    "norm": "šūtu",
                    "pos": "IP",
                    "epos": "IP"
                  }
                },
                {
                  "node": "d",
                  "type": "line-start",
                  "ref": "P224414.22",
                  "n": "4",
                  "label": "r 4"
                },
                {
                  "node": "l",
                  "frag": "{⸢lu₂⸣}e-mu-qi-⸢ia⸣",
                  "id": "P224414.l0181e",
                  "ref": "P224414.22.1",
                  "inst": "emūqīya[troops]N",
                  "sig": "@saao/saa19%akk-x-neoass:{LU₂}e-mu-qi-ia=emūqu[strength//troops]N'N$emūqīya",
                  "f": {
                    "lang": "akk-x-neoass",
                    "form": "{LU₂}e-mu-qi-ia",
                    "cf": "emūqu",
                    "gw": "strength",
                    "sense": "troops",
                    "norm": "emūqīya",
                    "pos": "N",
                    "epos": "N"
                  }
                },
                {
                  "node": "d",
                  "type": "line-start",
                  "ref": "P224414.23",
                  "n": "5",
                  "label": "r 5"
                },
                {
                  "node": "l",
                  "frag": "[li]-iq-ba-šu₂-⸢nu⸣",
                  "id": "P224414.l0181f",
                  "ref": "P224414.23.1",
                  "inst": "+qabû[say]V$liqbâššunu",
                  "sig": "@saao/saa19%akk-x-neoass:li-iq-ba-šu₂-nu=qabû[say//say]V'V$liqbâššunu",
                  "f": {
                    "lang": "akk-x-neoass",
                    "form": "li-iq-ba-šu₂-nu",
                    "cf": "qabû",
                    "gw": "say",
                    "sense": "say",
                    "norm": "liqbâššunu",
                    "pos": "V",
                    "epos": "V"
                  }
                },
                {
                  "node": "d",
                  "type": "line-start",
                  "ref": "P224414.24",
                  "n": "6",
                  "label": "r 6"
                },
                {
                  "node": "l",
                  "frag": "[i]-⸢si⸣-šu₂",
                  "id": "P224414.l01820",
                  "ref": "P224414.24.1",
                  "inst": "issīšu[with]PRP",
                  "sig": "@saao/saa19%akk-x-neoass:i-si-šu₂=išti[with//with]PRP'PRP$issīšu",
                  "f": {
                    "lang": "akk-x-neoass",
                    "form": "i-si-šu₂",
                    "cf": "išti",
                    "gw": "with",
                    "sense": "with",
                    "norm": "issīšu",
                    "pos": "PRP",
                    "epos": "PRP"
                  }
                },
                {
                  "node": "l",
                  "frag": "mar-⸢di-a-ti⸣",
                  "id": "P224414.l01821",
                  "ref": "P224414.24.2",
                  "inst": "+mardītu[stage]N$mardiāti",
                  "sig": "@saao/saa19%akk-x-neoass:mar-di-a-ti=mardītu[stage//stage]N'N$mardiāti",
                  "f": {
                    "lang": "akk-x-neoass",
                    "form": "mar-di-a-ti",
                    "cf": "mardītu",
                    "gw": "stage",
                    "sense": "stage",
                    "norm": "mardiāti",
                    "pos": "N",
                    "epos": "N"
                  }
                },
                {
                  "node": "d",
                  "type": "line-start",
                  "ref": "P224414.25",
                  "n": "7",
                  "label": "r 7"
                },
                {
                  "node": "l",
                  "frag": "⸢u₂⸣-kal",
                  "id": "P224414.l01822",
                  "ref": "P224414.25.1",
                  "inst": "ukâl[hold]V",
                  "sig": "@saao/saa19%akk-x-neoass:u₂-kal=kullu[hold//hold]V'V$ukâl",
                  "f": {
                    "lang": "akk-x-neoass",
                    "form": "u₂-kal",
                    "cf": "kullu",
                    "gw": "hold",
                    "sense": "hold",
                    "norm": "ukâl",
                    "pos": "V",
                    "epos": "V"
                  }
                },
                {
                  "node": "l",
                  "frag": "i-⸢lak⸣",
                  "id": "P224414.l01823",
                  "ref": "P224414.25.2",
                  "inst": "illak[go]V",
                  "sig": "@saao/saa19%akk-x-neoass:i-lak=alāku[go//go]V'V$illak",
                  "f": {
                    "lang": "akk-x-neoass",
                    "form": "i-lak",
                    "cf": "alāku",
                    "gw": "go",
                    "sense": "go",
                    "norm": "illak",
                    "pos": "V",
                    "epos": "V"
                  }
                },
                {
                  "node": "l",
                  "frag": "[o]",
                  "id": "P224414.l01824",
                  "ref": "P224414.25.3",
                  "inst": "u",
                  "f": {
                    "lang": "akk-x-neoass",
                    "form": "o",
                    "pos": "u"
                  }
                },
                {
                  "node": "d",
                  "type": "line-start",
                  "ref": "P224414.26",
                  "n": "8",
                  "label": "r 8"
                },
                {
                  "node": "l",
                  "frag": "a-na-ku",
                  "id": "P224414.l01825",
                  "ref": "P224414.26.1",
                  "inst": "anāku[I]IP",
                  "sig": "@saao/saa19%akk-x-neoass:a-na-ku=anāku[I//I]IP'IP$anāku",
                  "f": {
                    "lang": "akk-x-neoass",
                    "form": "a-na-ku",
                    "cf": "anāku",
                    "gw": "I",
                    "sense": "I",
                    "norm": "anāku",
                    "pos": "IP",
                    "epos": "IP"
                  }
                },
                {
                  "node": "l",
                  "frag": "mu-še-ṣi-[u]",
                  "id": "P224414.l01826",
                  "ref": "P224414.26.2",
                  "inst": "+mušēṣû[drain//outlet]N$mušēṣiu",
                  "sig": "@saao/saa19%akk-x-neoass:mu-še-ṣi-u=mušēṣû[drain//outlet]N'N$mušēṣiu",
                  "f": {
                    "lang": "akk-x-neoass",
                    "form": "mu-še-ṣi-u",
                    "cf": "mušēṣû",
                    "gw": "drain",
                    "sense": "outlet",
                    "norm": "mušēṣiu",
                    "pos": "N",
                    "epos": "N"
                  }
                },
                {
                  "node": "d",
                  "type": "line-start",
                  "ref": "P224414.27",
                  "n": "9",
                  "label": "r 9"
                },
                {
                  "node": "l",
                  "frag": "e-ta-pa-aš₂",
                  "id": "P224414.l01827",
                  "ref": "P224414.27.1",
                  "inst": "+epēšu[do//make]V$ētapaš",
                  "sig": "@saao/saa19%akk-x-neoass:e-ta-pa-aš₂=epēšu[do//make]V'V$ētapaš",
                  "f": {
                    "lang": "akk-x-neoass",
                    "form": "e-ta-pa-aš₂",
                    "cf": "epēšu",
                    "gw": "do",
                    "sense": "make",
                    "norm": "ētapaš",
                    "pos": "V",
                    "epos": "V"
                  }
                },
                {
                  "node": "l",
                  "frag": "⸢A⸣.[KAL]",
                  "id": "P224414.l01828",
                  "ref": "P224414.27.2",
                  "inst": "+mīlu[high water//flood]N'N$",
                  "sig": "@saao/saa19%akk-x-neoass:A.KAL=mīlu[high water//flood]N'N$mīlu",
                  "f": {
                    "lang": "akk-x-neoass",
                    "form": "A.KAL",
                    "cf": "mīlu",
                    "gw": "high water",
                    "sense": "flood",
                    "norm": "mīlu",
                    "pos": "N",
                    "epos": "N"
                  }
                },
                {
                  "node": "d",
                  "type": "line-start",
                  "ref": "P224414.28",
                  "n": "10",
                  "label": "r 10"
                },
                {
                  "node": "l",
                  "frag": "⸢e⸣-te-ti-⸢iq⸣",
                  "id": "P224414.l01829",
                  "ref": "P224414.28.1",
                  "inst": "+etēqu[proceed]V$ētetiq",
                  "sig": "@saao/saa19%akk-x-neoass:e-te-ti-iq=etēqu[proceed//proceed]V'V$ētetiq",
                  "f": {
                    "lang": "akk-x-neoass",
                    "form": "e-te-ti-iq",
                    "cf": "etēqu",
                    "gw": "proceed",
                    "sense": "proceed",
                    "norm": "ētetiq",
                    "pos": "V",
                    "epos": "V"
                  }
                },
                {
                  "node": "d",
                  "type": "nonx",
                  "ref": "P224414.29",
                  "strict": "0",
                  "extent": "rest",
                  "state": "other"
                }
              ]
            }
          ]
        }
      ]
    }
  ]
}
