{
  "type": "cdl",
  "source": "http://oracc.org/saao/saa19",
  "license": "This data is released under the CC0 license",
  "license-url": "https://creativecommons.org/publicdomain/zero/1.0/",
  "more-info": "http://oracc.org/doc/opendata/",
  "UTC-timestamp": "2017-06-10T01:00:41",
  "project": "saao/saa19",
  "textid": "P224400",
  "cdl": [
    {
      "node": "c",
      "type": "text",
      "id": "P224400.U0",
      "cdl": [
        {
          "node": "d",
          "type": "object",
          "ref": ""
        },
        {
          "node": "d",
          "subtype": "obverse",
          "type": "obverse",
          "ref": "P224400.o.1",
          "label": "o"
        },
        {
          "node": "c",
          "type": "discourse",
          "subtype": "body",
          "id": "P224400.U1",
          "cdl": [
            {
              "node": "c",
              "type": "sentence",
              "id": "P224400.U2",
              "label": "o 1 - r.e. 8",
              "cdl": [
                {
                  "node": "d",
                  "type": "line-start",
                  "ref": "P224400.2",
                  "n": "1",
                  "label": "o 1"
                },
                {
                  "node": "l",
                  "frag": "⸢ARAD⸣-ka",
                  "id": "P224400.l03a7f",
                  "ref": "P224400.2.1",
                  "inst": "+ardu[slave//servant]N$aradka",
                  "sig": "@saao/saa19%akk-x-neobab:ARAD-ka=ardu[slave//servant]N'N$aradka",
                  "f": {
                    "lang": "akk-x-neobab",
                    "form": "ARAD-ka",
                    "cf": "ardu",
                    "gw": "slave",
                    "sense": "servant",
                    "norm": "aradka",
                    "pos": "N",
                    "epos": "N"
                  }
                },
                {
                  "node": "l",
                  "frag": "{1}ha-ma-pi",
                  "id": "P224400.l03a80",
                  "ref": "P224400.2.2",
                  "inst": "+Hamapi[]PN$",
                  "sig": "@saao/saa19%akk-x-neobab:{1}ha-ma-pi=Hamapi[1//1]PN'PN$Hamapi",
                  "f": {
                    "lang": "akk-x-neobab",
                    "form": "{1}ha-ma-pi",
                    "cf": "Hamapi",
                    "gw": "1",
                    "sense": "1",
                    "norm": "Hamapi",
                    "pos": "PN",
                    "epos": "PN"
                  }
                },
                {
                  "node": "l",
                  "frag": "a-na",
                  "id": "P224400.l03a81",
                  "ref": "P224400.2.3",
                  "inst": "ana[to]PRP",
                  "sig": "@saao/saa19%akk-x-neobab:a-na=ana[to//to]PRP'PRP$ana",
                  "f": {
                    "lang": "akk-x-neobab",
                    "form": "a-na",
                    "cf": "ana",
                    "gw": "to",
                    "sense": "to",
                    "norm": "ana",
                    "pos": "PRP",
                    "epos": "PRP"
                  }
                },
                {
                  "node": "l",
                  "frag": "di-na-an",
                  "id": "P224400.l03a82",
                  "ref": "P224400.2.4",
                  "inst": "dinān[substitute]N",
                  "sig": "@saao/saa19%akk-x-neobab:di-na-an=dinānu[substitution//substitute]N'N$dinān",
                  "f": {
                    "lang": "akk-x-neobab",
                    "form": "di-na-an",
                    "cf": "dinānu",
                    "gw": "substitution",
                    "sense": "substitute",
                    "norm": "dinān",
                    "pos": "N",
                    "epos": "N"
                  }
                },
                {
                  "node": "l",
                  "frag": "⸢LUGAL⸣",
                  "id": "P224400.l03a83",
                  "ref": "P224400.2.5",
                  "inst": "šarri[king]N",
                  "sig": "@saao/saa19%akk-x-neobab:LUGAL=šarru[king//king]N'N$šarri",
                  "f": {
                    "lang": "akk-x-neobab",
                    "form": "LUGAL",
                    "cf": "šarru",
                    "gw": "king",
                    "sense": "king",
                    "norm": "šarri",
                    "pos": "N",
                    "epos": "N"
                  }
                },
                {
                  "node": "d",
                  "type": "line-start",
                  "ref": "P224400.3",
                  "n": "2",
                  "label": "o 2"
                },
                {
                  "node": "l",
                  "frag": "be-li₂-ia",
                  "id": "P224400.l03a84",
                  "ref": "P224400.3.1",
                  "inst": "bēlīya[lord]N",
                  "sig": "@saao/saa19%akk-x-neobab:be-li₂-ia=bēlu[lord//lord]N'N$bēlīya",
                  "f": {
                    "lang": "akk-x-neobab",
                    "form": "be-li₂-ia",
                    "cf": "bēlu",
                    "gw": "lord",
                    "sense": "lord",
                    "norm": "bēlīya",
                    "pos": "N",
                    "epos": "N"
                  }
                },
                {
                  "node": "l",
                  "frag": "⸢lul⸣-lik",
                  "id": "P224400.l03a85",
                  "ref": "P224400.3.2",
                  "inst": "lullik[go]V",
                  "sig": "@saao/saa19%akk-x-neobab:lul-lik=alāku[go//go]V'V$lullik",
                  "f": {
                    "lang": "akk-x-neobab",
                    "form": "lul-lik",
                    "cf": "alāku",
                    "gw": "go",
                    "sense": "go",
                    "norm": "lullik",
                    "pos": "V",
                    "epos": "V"
                  }
                },
                {
                  "node": "l",
                  "frag": "um-ma-a",
                  "id": "P224400.l03a86",
                  "ref": "P224400.3.3",
                  "inst": "+umma[saying]PRP$ummā",
                  "sig": "@saao/saa19%akk-x-neobab:um-ma-a=umma[saying//saying]PRP'PRP$ummā",
                  "f": {
                    "lang": "akk-x-neobab",
                    "form": "um-ma-a",
                    "cf": "umma",
                    "gw": "saying",
                    "sense": "saying",
                    "norm": "ummā",
                    "pos": "PRP",
                    "epos": "PRP"
                  }
                },
                {
                  "node": "l",
                  "frag": "a-na",
                  "id": "P224400.l03a87",
                  "ref": "P224400.3.4",
                  "inst": "ana[to]PRP",
                  "sig": "@saao/saa19%akk-x-neobab:a-na=ana[to//to]PRP'PRP$ana",
                  "f": {
                    "lang": "akk-x-neobab",
                    "form": "a-na",
                    "cf": "ana",
                    "gw": "to",
                    "sense": "to",
                    "norm": "ana",
                    "pos": "PRP",
                    "epos": "PRP"
                  }
                },
                {
                  "node": "l",
                  "frag": "be-li₂-ia₂-a-⸢ma⸣",
                  "id": "P224400.l03a88",
                  "ref": "P224400.3.5",
                  "inst": "bēlīyāma[lord]N",
                  "sig": "@saao/saa19%akk-x-neobab:be-li₂-ia₂-a-ma=bēlu[lord//lord]N'N$bēlīyāma",
                  "f": {
                    "lang": "akk-x-neobab",
                    "form": "be-li₂-ia₂-a-ma",
                    "cf": "bēlu",
                    "gw": "lord",
                    "sense": "lord",
                    "norm": "bēlīyāma",
                    "pos": "N",
                    "epos": "N"
                  }
                },
                {
                  "node": "d",
                  "type": "line-start",
                  "ref": "P224400.4",
                  "n": "3",
                  "label": "o 3"
                },
                {
                  "node": "l",
                  "frag": "{lu₂}qi₂-i-pi",
                  "id": "P224400.l03a89",
                  "ref": "P224400.4.1",
                  "inst": "+qīpu[representative//(royal) delegate]N$qīpi",
                  "sig": "@saao/saa19%akk-x-neobab:{LU₂}qi₂-i-pi=qīpu[representative//(royal) delegate]N'N$qīpi",
                  "f": {
                    "lang": "akk-x-neobab",
                    "form": "{LU₂}qi₂-i-pi",
                    "cf": "qīpu",
                    "gw": "representative",
                    "sense": "(royal) delegate",
                    "norm": "qīpi",
                    "pos": "N",
                    "epos": "N"
                  }
                },
                {
                  "node": "l",
                  "frag": "ša₂",
                  "id": "P224400.l03a8a",
                  "ref": "P224400.4.2",
                  "inst": "ša[of]DET",
                  "sig": "@saao/saa19%akk-x-neobab:ša₂=ša[of//of]DET'DET$ša",
                  "f": {
                    "lang": "akk-x-neobab",
                    "form": "ša₂",
                    "cf": "ša",
                    "gw": "of",
                    "sense": "of",
                    "norm": "ša",
                    "pos": "DET",
                    "epos": "DET"
                  }
                },
                {
                  "node": "l",
                  "frag": "{kur}NIM.MA{ki}",
                  "id": "P224400.l03a8b",
                  "ref": "P224400.4.3",
                  "inst": "Elamti[Elam]GN",
                  "sig": "@saao/saa19%akk-x-neobab:{KUR}NIM.MA{KI}=Elamtu[Elam//Elam]GN'GN$Elamti",
                  "f": {
                    "lang": "akk-x-neobab",
                    "form": "{KUR}NIM.MA{KI}",
                    "cf": "Elamtu",
                    "gw": "Elam",
                    "sense": "Elam",
                    "norm": "Elamti",
                    "pos": "GN",
                    "epos": "GN"
                  }
                },
                {
                  "node": "l",
                  "frag": "ša₂",
                  "id": "P224400.l03a8c",
                  "ref": "P224400.4.4",
                  "inst": "ša[who]REL",
                  "sig": "@saao/saa19%akk-x-neobab:ša₂=ša[that//who]REL'REL$ša",
                  "f": {
                    "lang": "akk-x-neobab",
                    "form": "ša₂",
                    "cf": "ša",
                    "gw": "that",
                    "sense": "who",
                    "norm": "ša",
                    "pos": "REL",
                    "epos": "REL"
                  }
                },
                {
                  "node": "l",
                  "frag": "ina",
                  "id": "P224400.l03a8d",
                  "ref": "P224400.4.5",
                  "inst": "ina[in]PRP",
                  "sig": "@saao/saa19%akk-x-neobab:ina=ina[in//in]PRP'PRP$ina",
                  "f": {
                    "lang": "akk-x-neobab",
                    "form": "ina",
                    "cf": "ina",
                    "gw": "in",
                    "sense": "in",
                    "norm": "ina",
                    "pos": "PRP",
                    "epos": "PRP"
                  }
                },
                {
                  "node": "l",
                  "frag": "E₂-{1}im]-⸢bi⸣-ia",
                  "id": "P224400.l03a8e",
                  "ref": "P224400.4.6",
                  "inst": "+Bit-Imbiya[]GN$",
                  "sig": "@saao/saa19%akk-x-neobab:E₂-{1}im-bi-ia=Bit-Imbiya[1//1]GN'GN$Bit-Imbiya",
                  "f": {
                    "lang": "akk-x-neobab",
                    "form": "E₂-{1}im-bi-ia",
                    "cf": "Bit-Imbiya",
                    "gw": "1",
                    "sense": "1",
                    "norm": "Bit-Imbiya",
                    "pos": "GN",
                    "epos": "GN"
                  }
                },
                {
                  "node": "d",
                  "type": "line-start",
                  "ref": "P224400.5",
                  "n": "4",
                  "label": "o 4"
                },
                {
                  "node": "l",
                  "frag": "aš₂-bu",
                  "id": "P224400.l03a8f",
                  "ref": "P224400.5.1",
                  "inst": "ašbu[residing]AJ",
                  "sig": "@saao/saa19%akk-x-neobab:aš₂-bu=ašbu[inhabited//residing]AJ'AJ$ašbu",
                  "f": {
                    "lang": "akk-x-neobab",
                    "form": "aš₂-bu",
                    "cf": "ašbu",
                    "gw": "inhabited",
                    "sense": "residing",
                    "norm": "ašbu",
                    "pos": "AJ",
                    "epos": "AJ"
                  }
                },
                {
                  "node": "l",
                  "frag": "ki-i",
                  "id": "P224400.l03a90",
                  "ref": "P224400.5.2",
                  "inst": "+kī[like//when]PRP'SBJ$kî",
                  "sig": "@saao/saa19%akk-x-neobab:ki-i=kī[like//when]PRP'SBJ$kî",
                  "f": {
                    "lang": "akk-x-neobab",
                    "form": "ki-i",
                    "cf": "kī",
                    "gw": "like",
                    "sense": "when",
                    "norm": "kî",
                    "pos": "PRP",
                    "epos": "SBJ"
                  }
                },
                {
                  "node": "l",
                  "frag": "iš-pu-ra",
                  "id": "P224400.l03a91",
                  "ref": "P224400.5.3",
                  "inst": "išpura[write]V",
                  "sig": "@saao/saa19%akk-x-neobab:iš-pu-ra=šapāru[send//write]V'V$išpura",
                  "f": {
                    "lang": "akk-x-neobab",
                    "form": "iš-pu-ra",
                    "cf": "šapāru",
                    "gw": "send",
                    "sense": "write",
                    "norm": "išpura",
                    "pos": "V",
                    "epos": "V"
                  }
                },
                {
                  "node": "l",
                  "frag": "um-ma",
                  "id": "P224400.l03a92",
                  "ref": "P224400.5.4",
                  "inst": "umma[saying]PRP",
                  "sig": "@saao/saa19%akk-x-neobab:um-ma=umma[saying//saying]PRP'PRP$umma",
                  "f": {
                    "lang": "akk-x-neobab",
                    "form": "um-ma",
                    "cf": "umma",
                    "gw": "saying",
                    "sense": "saying",
                    "norm": "umma",
                    "pos": "PRP",
                    "epos": "PRP"
                  }
                },
                {
                  "node": "l",
                  "frag": "mi-nu-u₂",
                  "id": "P224400.l03a93",
                  "ref": "P224400.5.5",
                  "inst": "+mīnu[what?]QP$minû",
                  "sig": "@saao/saa19%akk-x-neobab:mi-nu-u₂=mīnu[what?//what?]QP'QP$minû",
                  "f": {
                    "lang": "akk-x-neobab",
                    "form": "mi-nu-u₂",
                    "cf": "mīnu",
                    "gw": "what?",
                    "sense": "what?",
                    "norm": "minû",
                    "pos": "QP",
                    "epos": "QP"
                  }
                },
                {
                  "node": "d",
                  "type": "line-start",
                  "ref": "P224400.6",
                  "n": "5",
                  "label": "o 5"
                },
                {
                  "node": "l",
                  "frag": "ṭe₃-e-mu",
                  "id": "P224400.l03a94",
                  "ref": "P224400.6.1",
                  "inst": "ṭēmu[report]N",
                  "sig": "@saao/saa19%akk-x-neobab:ṭe₃-e-mu=ṭēmu[(fore)thought//report]N'N$ṭēmu",
                  "f": {
                    "lang": "akk-x-neobab",
                    "form": "ṭe₃-e-mu",
                    "cf": "ṭēmu",
                    "gw": "(fore)thought",
                    "sense": "report",
                    "norm": "ṭēmu",
                    "pos": "N",
                    "epos": "N"
                  }
                },
                {
                  "node": "l",
                  "frag": "ša₂",
                  "id": "P224400.l03a95",
                  "ref": "P224400.6.2",
                  "inst": "ša[of]DET",
                  "sig": "@saao/saa19%akk-x-neobab:ša₂=ša[of//of]DET'DET$ša",
                  "f": {
                    "lang": "akk-x-neobab",
                    "form": "ša₂",
                    "cf": "ša",
                    "gw": "of",
                    "sense": "of",
                    "norm": "ša",
                    "pos": "DET",
                    "epos": "DET"
                  }
                },
                {
                  "node": "l",
                  "frag": "ma-dak-ti",
                  "id": "P224400.l03a96",
                  "ref": "P224400.6.3",
                  "inst": "madākti[military camp]N",
                  "sig": "@saao/saa19%akk-x-neobab:ma-dak-ti=madaktu[(military) camp//military camp]N'N$madākti",
                  "f": {
                    "lang": "akk-x-neobab",
                    "form": "ma-dak-ti",
                    "cf": "madaktu",
                    "gw": "(military) camp",
                    "sense": "military camp",
                    "norm": "madākti",
                    "pos": "N",
                    "epos": "N"
                  }
                },
                {
                  "node": "l",
                  "frag": "ša₂",
                  "id": "P224400.l03a97",
                  "ref": "P224400.6.4",
                  "inst": "ša[which]REL",
                  "sig": "@saao/saa19%akk-x-neobab:ša₂=ša[that//which]REL'REL$ša",
                  "f": {
                    "lang": "akk-x-neobab",
                    "form": "ša₂",
                    "cf": "ša",
                    "gw": "that",
                    "sense": "which",
                    "norm": "ša",
                    "pos": "REL",
                    "epos": "REL"
                  }
                },
                {
                  "node": "l",
                  "frag": "tal-li-ka",
                  "id": "P224400.l03a98",
                  "ref": "P224400.6.5",
                  "inst": "tallika[come]V",
                  "sig": "@saao/saa19%akk-x-neobab:tal-li-ka=alāku[go//come]V'V$tallika",
                  "f": {
                    "lang": "akk-x-neobab",
                    "form": "tal-li-ka",
                    "cf": "alāku",
                    "gw": "go",
                    "sense": "come",
                    "norm": "tallika",
                    "pos": "V",
                    "epos": "V"
                  }
                },
                {
                  "node": "d",
                  "type": "line-start",
                  "ref": "P224400.7",
                  "n": "6",
                  "label": "o 6"
                },
                {
                  "node": "l",
                  "frag": "ar₂-ki-šu₂",
                  "id": "P224400.l03a99",
                  "ref": "P224400.7.1",
                  "inst": "+arki[after//thereafter]PRP'AV$arkīšu",
                  "sig": "@saao/saa19%akk-x-neobab:ar₂-ki-šu₂=arki[after//thereafter]PRP'AV$arkīšu",
                  "f": {
                    "lang": "akk-x-neobab",
                    "form": "ar₂-ki-šu₂",
                    "cf": "arki",
                    "gw": "after",
                    "sense": "thereafter",
                    "norm": "arkīšu",
                    "pos": "PRP",
                    "epos": "AV"
                  }
                },
                {
                  "node": "l",
                  "frag": "al-tap-raš-šu₂",
                  "id": "P224400.l03a9a",
                  "ref": "P224400.7.2",
                  "inst": "+šapāru[send//write]V$altapraššu",
                  "sig": "@saao/saa19%akk-x-neobab:al-tap-raš-šu₂=šapāru[send//write]V'V$altapraššu",
                  "f": {
                    "lang": "akk-x-neobab",
                    "form": "al-tap-raš-šu₂",
                    "cf": "šapāru",
                    "gw": "send",
                    "sense": "write",
                    "norm": "altapraššu",
                    "pos": "V",
                    "epos": "V"
                  }
                },
                {
                  "node": "l",
                  "frag": "um-ma",
                  "id": "P224400.l03a9b",
                  "ref": "P224400.7.3",
                  "inst": "umma[saying]PRP",
                  "sig": "@saao/saa19%akk-x-neobab:um-ma=umma[saying//saying]PRP'PRP$umma",
                  "f": {
                    "lang": "akk-x-neobab",
                    "form": "um-ma",
                    "cf": "umma",
                    "gw": "saying",
                    "sense": "saying",
                    "norm": "umma",
                    "pos": "PRP",
                    "epos": "PRP"
                  }
                },
                {
                  "node": "l",
                  "frag": "LUGAL",
                  "id": "P224400.l03a9c",
                  "ref": "P224400.7.4",
                  "inst": "+šarru[king]N$šar",
                  "sig": "@saao/saa19%akk-x-neobab:LUGAL=šarru[king//king]N'N$šar",
                  "f": {
                    "lang": "akk-x-neobab",
                    "form": "LUGAL",
                    "cf": "šarru",
                    "gw": "king",
                    "sense": "king",
                    "norm": "šar",
                    "pos": "N",
                    "epos": "N"
                  }
                },
                {
                  "node": "l",
                  "frag": "KUR-aš-šur",
                  "id": "P224400.l03a9d",
                  "ref": "P224400.7.5",
                  "cof-tails": "P224400.l03a9e",
                  "inst": "+mātu[land]N$māt&+Aššur[1]DN$",
                  "exosig": "@saao/saa19%akk-x-neobab:KUR-aš-šur=mātu[land//land]N'N$māt&&@saao/saa19%akk-x-neobab:KUR-aš-šur=Aššur[1//1]DN'DN$Aššur",
                  "f": {
                    "lang": "akk-x-neobab",
                    "form": "KUR-aš-šur",
                    "cf": "mātu",
                    "gw": "land",
                    "sense": "land",
                    "norm": "māt",
                    "pos": "N",
                    "epos": "N"
                  }
                },
                {
                  "node": "l",
                  "frag": "KUR-aš-šur",
                  "id": "P224400.l03a9e",
                  "ref": "P224400.7.5",
                  "cof-head": "P224400.l03a9d",
                  "inst": "+mātu[land]N$māt&+Aššur[1]DN$",
                  "f": {
                    "lang": "akk-x-neobab",
                    "form": "KUR-aš-šur",
                    "cf": "Aššur",
                    "gw": "1",
                    "sense": "1",
                    "norm": "Aššur",
                    "pos": "DN",
                    "epos": "DN"
                  }
                },
                {
                  "node": "d",
                  "type": "line-start",
                  "ref": "P224400.8",
                  "n": "7",
                  "label": "o 7"
                },
                {
                  "node": "l",
                  "frag": "[GAZ]-⸢šu₂⸣-nu",
                  "id": "P224400.l03a9f",
                  "ref": "P224400.8.1",
                  "inst": "+dīktu[fighting//defeat]N'N$dīkatšunu",
                  "sig": "@saao/saa19%akk-x-neobab:GAZ-šu₂-nu=dīktu[fighting//defeat]N'N$dīkatšunu",
                  "f": {
                    "lang": "akk-x-neobab",
                    "form": "GAZ-šu₂-nu",
                    "cf": "dīktu",
                    "gw": "fighting",
                    "sense": "defeat",
                    "norm": "dīkatšunu",
                    "pos": "N",
                    "epos": "N"
                  }
                },
                {
                  "node": "d",
                  "frag": ":",
                  "type": "punct",
                  "ref": "P224400.8.2",
                  "lang": "akk-x-neobab",
                  "gdl_delim": " "
                },
                {
                  "node": "l",
                  "frag": "id-duk",
                  "id": "P224400.l03aa0",
                  "ref": "P224400.8.3",
                  "inst": "+dâku[kill]V$iddūk",
                  "sig": "@saao/saa19%akk-x-neobab:id-duk=dâku[kill//kill]V'V$iddūk",
                  "f": {
                    "lang": "akk-x-neobab",
                    "form": "id-duk",
                    "cf": "dâku",
                    "gw": "kill",
                    "sense": "kill",
                    "norm": "iddūk",
                    "pos": "V",
                    "epos": "V"
                  }
                },
                {
                  "node": "l",
                  "frag": "{1}MU-GIN",
                  "id": "P224400.l03aa1",
                  "ref": "P224400.8.4",
                  "inst": "+Šumu-ukin[1]PN$",
                  "sig": "@saao/saa19%akk-x-neobab:{1}MU-GIN=Šumu-ukin[1//1]PN'PN$Šumu-ukin",
                  "f": {
                    "lang": "akk-x-neobab",
                    "form": "{1}MU-GIN",
                    "cf": "Šumu-ukin",
                    "gw": "1",
                    "sense": "1",
                    "norm": "Šumu-ukin",
                    "pos": "PN",
                    "epos": "PN"
                  }
                },
                {
                  "node": "l",
                  "frag": "DUMU-⸢šu₂",
                  "id": "P224400.l03aa2",
                  "ref": "P224400.8.5",
                  "inst": "māršu[son]N",
                  "sig": "@saao/saa19%akk-x-neobab:DUMU-šu₂=māru[son//son]N'N$māršu",
                  "f": {
                    "lang": "akk-x-neobab",
                    "form": "DUMU-šu₂",
                    "cf": "māru",
                    "gw": "son",
                    "sense": "son",
                    "norm": "māršu",
                    "pos": "N",
                    "epos": "N"
                  }
                },
                {
                  "node": "l",
                  "frag": "ŠEŠ⸣-[šu₂]",
                  "id": "P224400.l03aa3",
                  "ref": "P224400.8.6",
                  "inst": "ahūšu[brother]N",
                  "sig": "@saao/saa19%akk-x-neobab:ŠEŠ-šu₂=ahu[brother//brother]N'N$ahūšu",
                  "f": {
                    "lang": "akk-x-neobab",
                    "form": "ŠEŠ-šu₂",
                    "cf": "ahu",
                    "gw": "brother",
                    "sense": "brother",
                    "norm": "ahūšu",
                    "pos": "N",
                    "epos": "N"
                  }
                },
                {
                  "node": "d",
                  "type": "line-start",
                  "ref": "P224400.9",
                  "n": "8",
                  "label": "o 8"
                },
                {
                  "node": "l",
                  "frag": "[x",
                  "id": "P224400.l03aa4",
                  "ref": "P224400.9.1",
                  "inst": "u",
                  "f": {
                    "lang": "akk-x-neobab",
                    "form": "x",
                    "pos": "u"
                  }
                },
                {
                  "node": "l",
                  "frag": "x]+⸢x⸣",
                  "id": "P224400.l03aa5",
                  "ref": "P224400.9.2",
                  "inst": "u",
                  "f": {
                    "lang": "akk-x-neobab",
                    "form": "x+x",
                    "pos": "u"
                  }
                },
                {
                  "node": "l",
                  "frag": "[x",
                  "id": "P224400.l03aa6",
                  "ref": "P224400.9.3",
                  "inst": "u",
                  "f": {
                    "lang": "akk-x-neobab",
                    "form": "x",
                    "pos": "u"
                  }
                },
                {
                  "node": "l",
                  "frag": "x]+⸢x",
                  "id": "P224400.l03aa7",
                  "ref": "P224400.9.4",
                  "inst": "u",
                  "f": {
                    "lang": "akk-x-neobab",
                    "form": "x+x",
                    "pos": "u"
                  }
                },
                {
                  "node": "l",
                  "frag": "E₂⸣-a-muk-a-⸢ni⸣",
                  "id": "P224400.l03aa8",
                  "ref": "P224400.9.5",
                  "inst": "+Bit-Amukanni[]GN$",
                  "sig": "@saao/saa19%akk-x-neobab:E₂-a-muk-a-ni=Bit-Amukanni[1//1]GN'GN$Bit-Amukanni",
                  "f": {
                    "lang": "akk-x-neobab",
                    "form": "E₂-a-muk-a-ni",
                    "cf": "Bit-Amukanni",
                    "gw": "1",
                    "sense": "1",
                    "norm": "Bit-Amukanni",
                    "pos": "GN",
                    "epos": "GN"
                  }
                },
                {
                  "node": "l",
                  "frag": "[x",
                  "id": "P224400.l03aa9",
                  "ref": "P224400.9.6",
                  "inst": "u",
                  "f": {
                    "lang": "akk-x-neobab",
                    "form": "x",
                    "pos": "u"
                  }
                },
                {
                  "node": "l",
                  "frag": "x]",
                  "id": "P224400.l03aaa",
                  "ref": "P224400.9.7",
                  "inst": "u",
                  "f": {
                    "lang": "akk-x-neobab",
                    "form": "x",
                    "pos": "u"
                  }
                },
                {
                  "node": "d",
                  "type": "line-start",
                  "ref": "P224400.10",
                  "n": "9",
                  "label": "o 9"
                },
                {
                  "node": "l",
                  "frag": "[x",
                  "id": "P224400.l03aab",
                  "ref": "P224400.10.1",
                  "inst": "u",
                  "f": {
                    "lang": "akk-x-neobab",
                    "form": "x",
                    "pos": "u"
                  }
                },
                {
                  "node": "l",
                  "frag": "x",
                  "id": "P224400.l03aac",
                  "ref": "P224400.10.2",
                  "inst": "u",
                  "f": {
                    "lang": "akk-x-neobab",
                    "form": "x",
                    "pos": "u"
                  }
                },
                {
                  "node": "l",
                  "frag": "x",
                  "id": "P224400.l03aad",
                  "ref": "P224400.10.3",
                  "inst": "u",
                  "f": {
                    "lang": "akk-x-neobab",
                    "form": "x",
                    "pos": "u"
                  }
                },
                {
                  "node": "l",
                  "frag": "x",
                  "id": "P224400.l03aae",
                  "ref": "P224400.10.4",
                  "inst": "u",
                  "f": {
                    "lang": "akk-x-neobab",
                    "form": "x",
                    "pos": "u"
                  }
                },
                {
                  "node": "l",
                  "frag": "x",
                  "id": "P224400.l03aaf",
                  "ref": "P224400.10.5",
                  "inst": "u",
                  "f": {
                    "lang": "akk-x-neobab",
                    "form": "x",
                    "pos": "u"
                  }
                },
                {
                  "node": "l",
                  "frag": "x",
                  "id": "P224400.l03ab0",
                  "ref": "P224400.10.6",
                  "inst": "u",
                  "f": {
                    "lang": "akk-x-neobab",
                    "form": "x",
                    "pos": "u"
                  }
                },
                {
                  "node": "l",
                  "frag": "x]+⸢x⸣",
                  "id": "P224400.l03ab1",
                  "ref": "P224400.10.7",
                  "inst": "u",
                  "f": {
                    "lang": "akk-x-neobab",
                    "form": "x+x",
                    "pos": "u"
                  }
                },
                {
                  "node": "l",
                  "frag": "[x",
                  "id": "P224400.l03ab2",
                  "ref": "P224400.10.8",
                  "inst": "u",
                  "f": {
                    "lang": "akk-x-neobab",
                    "form": "x",
                    "pos": "u"
                  }
                },
                {
                  "node": "l",
                  "frag": "x",
                  "id": "P224400.l03ab3",
                  "ref": "P224400.10.9",
                  "inst": "u",
                  "f": {
                    "lang": "akk-x-neobab",
                    "form": "x",
                    "pos": "u"
                  }
                },
                {
                  "node": "l",
                  "frag": "x]",
                  "id": "P224400.l03ab4",
                  "ref": "P224400.10.10",
                  "inst": "u",
                  "f": {
                    "lang": "akk-x-neobab",
                    "form": "x",
                    "pos": "u"
                  }
                },
                {
                  "node": "d",
                  "type": "nonx",
                  "ref": "P224400.11",
                  "strict": "0",
                  "extent": "rest",
                  "state": "missing"
                },
                {
                  "node": "d",
                  "subtype": "reverse",
                  "type": "reverse",
                  "ref": "P224400.r.12",
                  "label": "r"
                },
                {
                  "node": "d",
                  "type": "nonx",
                  "ref": "P224400.13",
                  "strict": "0",
                  "extent": "beginning",
                  "state": "missing"
                },
                {
                  "node": "d",
                  "type": "line-start",
                  "ref": "P224400.14",
                  "n": "1'",
                  "label": "r 1'"
                },
                {
                  "node": "l",
                  "frag": "[x",
                  "id": "P224400.l03ab5",
                  "ref": "P224400.14.1",
                  "inst": "u",
                  "f": {
                    "lang": "akk-x-neobab",
                    "form": "x",
                    "pos": "u"
                  }
                },
                {
                  "node": "l",
                  "frag": "x",
                  "id": "P224400.l03ab6",
                  "ref": "P224400.14.2",
                  "inst": "u",
                  "f": {
                    "lang": "akk-x-neobab",
                    "form": "x",
                    "pos": "u"
                  }
                },
                {
                  "node": "l",
                  "frag": "x]+⸢x",
                  "id": "P224400.l03ab7",
                  "ref": "P224400.14.3",
                  "inst": "u",
                  "f": {
                    "lang": "akk-x-neobab",
                    "form": "x+x",
                    "pos": "u"
                  }
                },
                {
                  "node": "l",
                  "frag": "ki-i⸣",
                  "id": "P224400.l03ab8",
                  "ref": "P224400.14.4",
                  "inst": "+kī[like//when]PRP'SBJ$kî",
                  "sig": "@saao/saa19%akk-x-neobab:ki-i=kī[like//when]PRP'SBJ$kî",
                  "f": {
                    "lang": "akk-x-neobab",
                    "form": "ki-i",
                    "cf": "kī",
                    "gw": "like",
                    "sense": "when",
                    "norm": "kî",
                    "pos": "PRP",
                    "epos": "SBJ"
                  }
                },
                {
                  "node": "l",
                  "frag": "[x",
                  "id": "P224400.l03ab9",
                  "ref": "P224400.14.5",
                  "inst": "u",
                  "f": {
                    "lang": "akk-x-neobab",
                    "form": "x",
                    "pos": "u"
                  }
                },
                {
                  "node": "l",
                  "frag": "x",
                  "id": "P224400.l03aba",
                  "ref": "P224400.14.6",
                  "inst": "u",
                  "f": {
                    "lang": "akk-x-neobab",
                    "form": "x",
                    "pos": "u"
                  }
                },
                {
                  "node": "l",
                  "frag": "x",
                  "id": "P224400.l03abb",
                  "ref": "P224400.14.7",
                  "inst": "u",
                  "f": {
                    "lang": "akk-x-neobab",
                    "form": "x",
                    "pos": "u"
                  }
                },
                {
                  "node": "l",
                  "frag": "x",
                  "id": "P224400.l03abc",
                  "ref": "P224400.14.8",
                  "inst": "u",
                  "f": {
                    "lang": "akk-x-neobab",
                    "form": "x",
                    "pos": "u"
                  }
                },
                {
                  "node": "l",
                  "frag": "x",
                  "id": "P224400.l03abd",
                  "ref": "P224400.14.9",
                  "inst": "u",
                  "f": {
                    "lang": "akk-x-neobab",
                    "form": "x",
                    "pos": "u"
                  }
                },
                {
                  "node": "l",
                  "frag": "x",
                  "id": "P224400.l03abe",
                  "ref": "P224400.14.10",
                  "inst": "u",
                  "f": {
                    "lang": "akk-x-neobab",
                    "form": "x",
                    "pos": "u"
                  }
                },
                {
                  "node": "l",
                  "frag": "x]",
                  "id": "P224400.l03abf",
                  "ref": "P224400.14.11",
                  "inst": "u",
                  "f": {
                    "lang": "akk-x-neobab",
                    "form": "x",
                    "pos": "u"
                  }
                },
                {
                  "node": "d",
                  "type": "line-start",
                  "ref": "P224400.15",
                  "n": "2'",
                  "label": "r 2'"
                },
                {
                  "node": "l",
                  "frag": "a-na",
                  "id": "P224400.l03ac0",
                  "ref": "P224400.15.1",
                  "inst": "ana[to]PRP",
                  "sig": "@saao/saa19%akk-x-neobab:a-na=ana[to//to]PRP'PRP$ana",
                  "f": {
                    "lang": "akk-x-neobab",
                    "form": "a-na",
                    "cf": "ana",
                    "gw": "to",
                    "sense": "to",
                    "norm": "ana",
                    "pos": "PRP",
                    "epos": "PRP"
                  }
                },
                {
                  "node": "l",
                  "frag": "ŠU.2-ka",
                  "id": "P224400.l03ac1",
                  "ref": "P224400.15.2",
                  "inst": "qātēka[hand]N",
                  "sig": "@saao/saa19%akk-x-neobab:ŠU.2-ka=qātu[hand//hand]N'N$qātēka",
                  "f": {
                    "lang": "akk-x-neobab",
                    "form": "ŠU.2-ka",
                    "cf": "qātu",
                    "gw": "hand",
                    "sense": "hand",
                    "norm": "qātēka",
                    "pos": "N",
                    "epos": "N"
                  }
                },
                {
                  "node": "l",
                  "frag": "⸢u₂⸣-[mal]-lu-u₂",
                  "id": "P224400.l03ac2",
                  "ref": "P224400.15.3",
                  "inst": "+malû[be(come) full//fill]V'V$umallû",
                  "sig": "@saao/saa19%akk-x-neobab:u₂-mal-lu-u₂=malû[be(come) full//fill]V'V$umallû",
                  "f": {
                    "lang": "akk-x-neobab",
                    "form": "u₂-mal-lu-u₂",
                    "cf": "malû",
                    "gw": "be(come) full",
                    "sense": "fill",
                    "norm": "umallû",
                    "pos": "V",
                    "epos": "V"
                  }
                },
                {
                  "node": "l",
                  "frag": "ina",
                  "id": "P224400.l03ac3",
                  "ref": "P224400.15.4",
                  "inst": "+ina[in//at]PRP$",
                  "sig": "@saao/saa19%akk-x-neobab:ina=ina[in//at]PRP'PRP$ina",
                  "f": {
                    "lang": "akk-x-neobab",
                    "form": "ina",
                    "cf": "ina",
                    "gw": "in",
                    "sense": "at",
                    "norm": "ina",
                    "pos": "PRP",
                    "epos": "PRP"
                  }
                },
                {
                  "node": "l",
                  "frag": "⸢pi-i⸣",
                  "id": "P224400.l03ac4",
                  "ref": "P224400.15.5",
                  "inst": "+pû[mouth//command]N$pî",
                  "sig": "@saao/saa19%akk-x-neobab:pi-i=pû[mouth//command]N'N$pî",
                  "f": {
                    "lang": "akk-x-neobab",
                    "form": "pi-i",
                    "cf": "pû",
                    "gw": "mouth",
                    "sense": "command",
                    "norm": "pî",
                    "pos": "N",
                    "epos": "N"
                  }
                },
                {
                  "node": "l",
                  "frag": "ša₂",
                  "id": "P224400.l03ac5",
                  "ref": "P224400.15.6",
                  "inst": "ša[of]DET",
                  "sig": "@saao/saa19%akk-x-neobab:ša₂=ša[of//of]DET'DET$ša",
                  "f": {
                    "lang": "akk-x-neobab",
                    "form": "ša₂",
                    "cf": "ša",
                    "gw": "of",
                    "sense": "of",
                    "norm": "ša",
                    "pos": "DET",
                    "epos": "DET"
                  }
                },
                {
                  "node": "l",
                  "frag": "{d}EN",
                  "id": "P224400.l03ac6",
                  "ref": "P224400.15.7",
                  "inst": "Bel[1]DN",
                  "sig": "@saao/saa19%akk-x-neobab:{d}EN=Bel[1//1]DN'DN$Bel",
                  "f": {
                    "lang": "akk-x-neobab",
                    "form": "{d}EN",
                    "cf": "Bel",
                    "gw": "1",
                    "sense": "1",
                    "norm": "Bel",
                    "pos": "DN",
                    "epos": "DN"
                  }
                },
                {
                  "node": "d",
                  "type": "line-start",
                  "ref": "P224400.16",
                  "n": "3'",
                  "label": "r 3'"
                },
                {
                  "node": "l",
                  "frag": "u",
                  "id": "P224400.l03ac7",
                  "ref": "P224400.16.1",
                  "inst": "u[and]CNJ",
                  "sig": "@saao/saa19%akk-x-neobab:u=u[and//and]CNJ'CNJ$u",
                  "f": {
                    "lang": "akk-x-neobab",
                    "form": "u",
                    "cf": "u",
                    "gw": "and",
                    "sense": "and",
                    "norm": "u",
                    "pos": "CNJ",
                    "epos": "CNJ"
                  }
                },
                {
                  "node": "l",
                  "frag": "{⸢d}AG",
                  "id": "P224400.l03ac8",
                  "ref": "P224400.16.2",
                  "inst": "Nabu[1]DN",
                  "sig": "@saao/saa19%akk-x-neobab:{d}AG=Nabu[1//1]DN'DN$Nabu",
                  "f": {
                    "lang": "akk-x-neobab",
                    "form": "{d}AG",
                    "cf": "Nabu",
                    "gw": "1",
                    "sense": "1",
                    "norm": "Nabu",
                    "pos": "DN",
                    "epos": "DN"
                  }
                },
                {
                  "node": "l",
                  "frag": "za",
                  "id": "P224400.l03ac9",
                  "ref": "P224400.16.3",
                  "inst": "u",
                  "f": {
                    "lang": "akk-x-neobab",
                    "form": "za",
                    "pos": "u"
                  }
                },
                {
                  "node": "l",
                  "frag": "x",
                  "id": "P224400.l03aca",
                  "ref": "P224400.16.4",
                  "inst": "u",
                  "f": {
                    "lang": "akk-x-neobab",
                    "form": "x",
                    "pos": "u"
                  }
                },
                {
                  "node": "l",
                  "frag": "x⸣",
                  "id": "P224400.l03acb",
                  "ref": "P224400.16.5",
                  "inst": "u",
                  "f": {
                    "lang": "akk-x-neobab",
                    "form": "x",
                    "pos": "u"
                  }
                },
                {
                  "node": "l",
                  "frag": "su",
                  "id": "P224400.l03acc",
                  "ref": "P224400.16.6",
                  "inst": "u",
                  "f": {
                    "lang": "akk-x-neobab",
                    "form": "su",
                    "pos": "u"
                  }
                },
                {
                  "node": "l",
                  "frag": "ša₂",
                  "id": "P224400.l03acd",
                  "ref": "P224400.16.7",
                  "inst": "ša[of]DET",
                  "sig": "@saao/saa19%akk-x-neobab:ša₂=ša[of//of]DET'DET$ša",
                  "f": {
                    "lang": "akk-x-neobab",
                    "form": "ša₂",
                    "cf": "ša",
                    "gw": "of",
                    "sense": "of",
                    "norm": "ša",
                    "pos": "DET",
                    "epos": "DET"
                  }
                },
                {
                  "node": "l",
                  "frag": "KUR",
                  "id": "P224400.l03ace",
                  "ref": "P224400.16.8",
                  "inst": "māti[land]N",
                  "sig": "@saao/saa19%akk-x-neobab:KUR=mātu[land//land]N'N$māti",
                  "f": {
                    "lang": "akk-x-neobab",
                    "form": "KUR",
                    "cf": "mātu",
                    "gw": "land",
                    "sense": "land",
                    "norm": "māti",
                    "pos": "N",
                    "epos": "N"
                  }
                },
                {
                  "node": "l",
                  "frag": "gab-bi-šu₂",
                  "id": "P224400.l03acf",
                  "ref": "P224400.16.9",
                  "inst": "gabbīšu[whole]'AJ",
                  "sig": "@saao/saa19%akk-x-neobab:gab-bi-šu₂=gabbu[totality//whole]N'AJ$gabbīšu",
                  "f": {
                    "lang": "akk-x-neobab",
                    "form": "gab-bi-šu₂",
                    "cf": "gabbu",
                    "gw": "totality",
                    "sense": "whole",
                    "norm": "gabbīšu",
                    "pos": "N",
                    "epos": "AJ"
                  }
                },
                {
                  "node": "d",
                  "type": "line-start",
                  "ref": "P224400.17",
                  "n": "4'",
                  "label": "r 4'"
                },
                {
                  "node": "l",
                  "frag": "{uru}ša₂-pi-⸢ia⸣",
                  "id": "P224400.l03ad0",
                  "ref": "P224400.17.1",
                  "inst": "+Sapia[1]GN$Šapia",
                  "sig": "@saao/saa19%akk-x-neobab:{URU}ša₂-pi-ia=Sapia[1//1]GN'GN$Šapia",
                  "f": {
                    "lang": "akk-x-neobab",
                    "form": "{URU}ša₂-pi-ia",
                    "cf": "Sapia",
                    "gw": "1",
                    "sense": "1",
                    "norm": "Šapia",
                    "pos": "GN",
                    "epos": "GN"
                  }
                },
                {
                  "node": "l",
                  "frag": "a-du-u₂",
                  "id": "P224400.l03ad1",
                  "ref": "P224400.17.2",
                  "inst": "+adû[now]AV$",
                  "sig": "@saao/saa19%akk-x-neobab:a-du-u₂=adû[now//now]AV'AV$adû",
                  "f": {
                    "lang": "akk-x-neobab",
                    "form": "a-du-u₂",
                    "cf": "adû",
                    "gw": "now",
                    "sense": "now",
                    "norm": "adû",
                    "pos": "AV",
                    "epos": "AV"
                  }
                },
                {
                  "node": "l",
                  "frag": "tap-ta-ṭar-šu₂",
                  "id": "P224400.l03ad2",
                  "ref": "P224400.17.3",
                  "inst": "+paṭāru[loosen//release]V$taptaṭaršu",
                  "sig": "@saao/saa19%akk-x-neobab:tap-ta-ṭar-šu₂=paṭāru[loosen//release]V'V$taptaṭaršu",
                  "f": {
                    "lang": "akk-x-neobab",
                    "form": "tap-ta-ṭar-šu₂",
                    "cf": "paṭāru",
                    "gw": "loosen",
                    "sense": "release",
                    "norm": "taptaṭaršu",
                    "pos": "V",
                    "epos": "V"
                  }
                },
                {
                  "node": "d",
                  "type": "line-start",
                  "ref": "P224400.18",
                  "n": "5'",
                  "label": "r 5'"
                },
                {
                  "node": "l",
                  "frag": "ki-i",
                  "id": "P224400.l03ad3",
                  "ref": "P224400.18.1",
                  "inst": "+kī[like//in accordance with]PRP$kî",
                  "sig": "@saao/saa19%akk-x-neobab:ki-i=kī[like//in accordance with]PRP'PRP$kî",
                  "f": {
                    "lang": "akk-x-neobab",
                    "form": "ki-i",
                    "cf": "kī",
                    "gw": "like",
                    "sense": "in accordance with",
                    "norm": "kî",
                    "pos": "PRP",
                    "epos": "PRP"
                  }
                },
                {
                  "node": "l",
                  "frag": "pi-i",
                  "id": "P224400.l03ad4",
                  "ref": "P224400.18.2",
                  "inst": "+pû[mouth//command]N$pî",
                  "sig": "@saao/saa19%akk-x-neobab:pi-i=pû[mouth//command]N'N$pî",
                  "f": {
                    "lang": "akk-x-neobab",
                    "form": "pi-i",
                    "cf": "pû",
                    "gw": "mouth",
                    "sense": "command",
                    "norm": "pî",
                    "pos": "N",
                    "epos": "N"
                  }
                },
                {
                  "node": "l",
                  "frag": "ša₂-a-šu₂-⸢ma⸣",
                  "id": "P224400.l03ad5",
                  "ref": "P224400.18.3",
                  "inst": "+šâšu[him//that]IP'DP$šāšūma",
                  "sig": "@saao/saa19%akk-x-neobab:ša₂-a-šu₂-ma=šâšu[him//that]IP'DP$šāšūma",
                  "f": {
                    "lang": "akk-x-neobab",
                    "form": "ša₂-a-šu₂-ma",
                    "cf": "šâšu",
                    "gw": "him",
                    "sense": "that",
                    "norm": "šāšūma",
                    "pos": "IP",
                    "epos": "DP"
                  }
                },
                {
                  "node": "l",
                  "frag": "man-ni",
                  "id": "P224400.l03ad6",
                  "ref": "P224400.18.4",
                  "inst": "manni[who?]QP",
                  "sig": "@saao/saa19%akk-x-neobab:man-ni=mannu[who?//who?]QP'QP$manni",
                  "f": {
                    "lang": "akk-x-neobab",
                    "form": "man-ni",
                    "cf": "mannu",
                    "gw": "who?",
                    "sense": "who?",
                    "norm": "manni",
                    "pos": "QP",
                    "epos": "QP"
                  }
                },
                {
                  "node": "l",
                  "frag": "a-mat-ka",
                  "id": "P224400.l03ad7",
                  "ref": "P224400.18.5",
                  "inst": "+awātu[word]N$amatka",
                  "sig": "@saao/saa19%akk-x-neobab:a-mat-ka=awātu[word//word]N'N$amatka",
                  "f": {
                    "lang": "akk-x-neobab",
                    "form": "a-mat-ka",
                    "cf": "awātu",
                    "gw": "word",
                    "sense": "word",
                    "norm": "amatka",
                    "pos": "N",
                    "epos": "N"
                  }
                },
                {
                  "node": "d",
                  "subtype": "right",
                  "type": "right",
                  "ref": "P224400.r.e..19",
                  "label": "r.e."
                },
                {
                  "node": "d",
                  "type": "line-start",
                  "ref": "P224400.20",
                  "n": "6",
                  "label": "r.e. 6"
                },
                {
                  "node": "l",
                  "frag": "it-ti-qu-u",
                  "id": "P224400.l03ad8",
                  "ref": "P224400.20.1",
                  "inst": "+etēqu[proceed//go past]V$ittiqû",
                  "sig": "@saao/saa19%akk-x-neobab:it-ti-qu-u=etēqu[proceed//go past]V'V$ittiqû",
                  "f": {
                    "lang": "akk-x-neobab",
                    "form": "it-ti-qu-u",
                    "cf": "etēqu",
                    "gw": "proceed",
                    "sense": "go past",
                    "norm": "ittiqû",
                    "pos": "V",
                    "epos": "V"
                  }
                },
                {
                  "node": "l",
                  "frag": "a-de-e-ka",
                  "id": "P224400.l03ad9",
                  "ref": "P224400.20.2",
                  "inst": "+adû[(treaty-)oath//treaty]N'N$adêka",
                  "sig": "@saao/saa19%akk-x-neobab:a-de-e-ka=adû[(treaty-)oath//treaty]N'N$adêka",
                  "f": {
                    "lang": "akk-x-neobab",
                    "form": "a-de-e-ka",
                    "cf": "adû",
                    "gw": "(treaty-)oath",
                    "sense": "treaty",
                    "norm": "adêka",
                    "pos": "N",
                    "epos": "N"
                  }
                },
                {
                  "node": "d",
                  "type": "line-start",
                  "ref": "P224400.21",
                  "n": "7",
                  "label": "r.e. 7"
                },
                {
                  "node": "l",
                  "frag": "u₂-ša-an-nu-u₂",
                  "id": "P224400.l03ada",
                  "ref": "P224400.21.1",
                  "inst": "+šanû[be(come) different//change]V$ušannû",
                  "sig": "@saao/saa19%akk-x-neobab:u₂-ša-an-nu-u₂=šanû[be(come) different//change]V'V$ušannû",
                  "f": {
                    "lang": "akk-x-neobab",
                    "form": "u₂-ša-an-nu-u₂",
                    "cf": "šanû",
                    "gw": "do twice",
                    "sense": "change",
                    "norm": "ušannû",
                    "pos": "V",
                    "epos": "V"
                  }
                },
                {
                  "node": "l",
                  "frag": "a-na",
                  "id": "P224400.l03adb",
                  "ref": "P224400.21.2",
                  "inst": "ana[to]PRP",
                  "sig": "@saao/saa19%akk-x-neobab:a-na=ana[to//to]PRP'PRP$ana",
                  "f": {
                    "lang": "akk-x-neobab",
                    "form": "a-na",
                    "cf": "ana",
                    "gw": "to",
                    "sense": "to",
                    "norm": "ana",
                    "pos": "PRP",
                    "epos": "PRP"
                  }
                },
                {
                  "node": "l",
                  "frag": "ŠU.2-ka",
                  "id": "P224400.l03adc",
                  "ref": "P224400.21.3",
                  "inst": "qātēka[hand]N",
                  "sig": "@saao/saa19%akk-x-neobab:ŠU.2-ka=qātu[hand//hand]N'N$qātēka",
                  "f": {
                    "lang": "akk-x-neobab",
                    "form": "ŠU.2-ka",
                    "cf": "qātu",
                    "gw": "hand",
                    "sense": "hand",
                    "norm": "qātēka",
                    "pos": "N",
                    "epos": "N"
                  }
                },
                {
                  "node": "d",
                  "type": "line-start",
                  "ref": "P224400.22",
                  "n": "8",
                  "label": "r.e. 8"
                },
                {
                  "node": "d",
                  "type": "nonw",
                  "ref": ""
                },
                {
                  "node": "l",
                  "frag": "im-man-ni",
                  "id": "P224400.l03add",
                  "ref": "P224400.22.1",
                  "inst": "+manû[count//deliver]V$immanni",
                  "sig": "@saao/saa19%akk-x-neobab:im-man-ni=manû[count//deliver]V'V$immanni",
                  "f": {
                    "lang": "akk-x-neobab",
                    "form": "im-man-ni",
                    "cf": "manû",
                    "gw": "count",
                    "sense": "deliver",
                    "norm": "immanni",
                    "pos": "V",
                    "epos": "V"
                  }
                },
                {
                  "node": "d",
                  "type": "nonw",
                  "ref": ""
                }
              ]
            }
          ]
        }
      ]
    }
  ]
}
