{
  "type": "cdl",
  "source": "http://oracc.org/saao/saa19",
  "license": "This data is released under the CC0 license",
  "license-url": "https://creativecommons.org/publicdomain/zero/1.0/",
  "more-info": "http://oracc.org/doc/opendata/",
  "UTC-timestamp": "2017-06-10T01:00:40",
  "project": "saao/saa19",
  "textid": "P224482",
  "cdl": [
    {
      "node": "c",
      "type": "text",
      "id": "P224482.U0",
      "cdl": [
        {
          "node": "d",
          "type": "object",
          "ref": ""
        },
        {
          "node": "d",
          "subtype": "obverse",
          "type": "obverse",
          "ref": "P224482.o.1",
          "label": "o"
        },
        {
          "node": "d",
          "type": "nonx",
          "ref": "P224482.2",
          "strict": "0",
          "extent": "beginning",
          "state": "missing"
        },
        {
          "node": "c",
          "type": "discourse",
          "subtype": "body",
          "id": "P224482.U1",
          "cdl": [
            {
              "node": "c",
              "type": "sentence",
              "id": "P224482.U2",
              "label": "o 1' - e. 2",
              "cdl": [
                {
                  "node": "d",
                  "type": "line-start",
                  "ref": "P224482.3",
                  "n": "1'",
                  "label": "o 1'"
                },
                {
                  "node": "l",
                  "frag": "{1}{d}⸢x⸣+[x",
                  "id": "P224482.l06521",
                  "ref": "P224482.3.1",
                  "inst": "u",
                  "f": {
                    "lang": "akk-x-neoass",
                    "form": "{1}{d}x+x",
                    "pos": "u"
                  }
                },
                {
                  "node": "l",
                  "frag": "x",
                  "id": "P224482.l06522",
                  "ref": "P224482.3.2",
                  "inst": "u",
                  "f": {
                    "lang": "akk-x-neoass",
                    "form": "x",
                    "pos": "u"
                  }
                },
                {
                  "node": "l",
                  "frag": "x",
                  "id": "P224482.l06523",
                  "ref": "P224482.3.3",
                  "inst": "u",
                  "f": {
                    "lang": "akk-x-neoass",
                    "form": "x",
                    "pos": "u"
                  }
                },
                {
                  "node": "l",
                  "frag": "x",
                  "id": "P224482.l06524",
                  "ref": "P224482.3.4",
                  "inst": "u",
                  "f": {
                    "lang": "akk-x-neoass",
                    "form": "x",
                    "pos": "u"
                  }
                },
                {
                  "node": "l",
                  "frag": "x",
                  "id": "P224482.l06525",
                  "ref": "P224482.3.5",
                  "inst": "u",
                  "f": {
                    "lang": "akk-x-neoass",
                    "form": "x",
                    "pos": "u"
                  }
                },
                {
                  "node": "l",
                  "frag": "x",
                  "id": "P224482.l06526",
                  "ref": "P224482.3.6",
                  "inst": "u",
                  "f": {
                    "lang": "akk-x-neoass",
                    "form": "x",
                    "pos": "u"
                  }
                },
                {
                  "node": "l",
                  "frag": "x",
                  "id": "P224482.l06527",
                  "ref": "P224482.3.7",
                  "inst": "u",
                  "f": {
                    "lang": "akk-x-neoass",
                    "form": "x",
                    "pos": "u"
                  }
                },
                {
                  "node": "l",
                  "frag": "x]",
                  "id": "P224482.l06528",
                  "ref": "P224482.3.8",
                  "inst": "u",
                  "f": {
                    "lang": "akk-x-neoass",
                    "form": "x",
                    "pos": "u"
                  }
                },
                {
                  "node": "d",
                  "type": "line-start",
                  "ref": "P224482.4",
                  "n": "2'",
                  "label": "o 2'"
                },
                {
                  "node": "l",
                  "frag": "i-ih-⸢x⸣+[x",
                  "id": "P224482.l06529",
                  "ref": "P224482.4.1",
                  "inst": "u",
                  "f": {
                    "lang": "akk-x-neoass",
                    "form": "i-ih-x+x",
                    "pos": "u"
                  }
                },
                {
                  "node": "l",
                  "frag": "x",
                  "id": "P224482.l0652a",
                  "ref": "P224482.4.2",
                  "inst": "u",
                  "f": {
                    "lang": "akk-x-neoass",
                    "form": "x",
                    "pos": "u"
                  }
                },
                {
                  "node": "l",
                  "frag": "x",
                  "id": "P224482.l0652b",
                  "ref": "P224482.4.3",
                  "inst": "u",
                  "f": {
                    "lang": "akk-x-neoass",
                    "form": "x",
                    "pos": "u"
                  }
                },
                {
                  "node": "l",
                  "frag": "x",
                  "id": "P224482.l0652c",
                  "ref": "P224482.4.4",
                  "inst": "u",
                  "f": {
                    "lang": "akk-x-neoass",
                    "form": "x",
                    "pos": "u"
                  }
                },
                {
                  "node": "l",
                  "frag": "x",
                  "id": "P224482.l0652d",
                  "ref": "P224482.4.5",
                  "inst": "u",
                  "f": {
                    "lang": "akk-x-neoass",
                    "form": "x",
                    "pos": "u"
                  }
                },
                {
                  "node": "l",
                  "frag": "x",
                  "id": "P224482.l0652e",
                  "ref": "P224482.4.6",
                  "inst": "u",
                  "f": {
                    "lang": "akk-x-neoass",
                    "form": "x",
                    "pos": "u"
                  }
                },
                {
                  "node": "l",
                  "frag": "x]",
                  "id": "P224482.l0652f",
                  "ref": "P224482.4.7",
                  "inst": "u",
                  "f": {
                    "lang": "akk-x-neoass",
                    "form": "x",
                    "pos": "u"
                  }
                },
                {
                  "node": "d",
                  "type": "line-start",
                  "ref": "P224482.5",
                  "n": "3'",
                  "label": "o 3'"
                },
                {
                  "node": "l",
                  "frag": "i-ti\\t-[x",
                  "id": "P224482.l06530",
                  "ref": "P224482.5.1",
                  "inst": "u",
                  "f": {
                    "lang": "akk-x-neoass",
                    "form": "i-ti-x",
                    "pos": "u"
                  }
                },
                {
                  "node": "l",
                  "frag": "x",
                  "id": "P224482.l06531",
                  "ref": "P224482.5.2",
                  "inst": "u",
                  "f": {
                    "lang": "akk-x-neoass",
                    "form": "x",
                    "pos": "u"
                  }
                },
                {
                  "node": "l",
                  "frag": "x",
                  "id": "P224482.l06532",
                  "ref": "P224482.5.3",
                  "inst": "u",
                  "f": {
                    "lang": "akk-x-neoass",
                    "form": "x",
                    "pos": "u"
                  }
                },
                {
                  "node": "l",
                  "frag": "x",
                  "id": "P224482.l06533",
                  "ref": "P224482.5.4",
                  "inst": "u",
                  "f": {
                    "lang": "akk-x-neoass",
                    "form": "x",
                    "pos": "u"
                  }
                },
                {
                  "node": "l",
                  "frag": "x",
                  "id": "P224482.l06534",
                  "ref": "P224482.5.5",
                  "inst": "u",
                  "f": {
                    "lang": "akk-x-neoass",
                    "form": "x",
                    "pos": "u"
                  }
                },
                {
                  "node": "l",
                  "frag": "x",
                  "id": "P224482.l06535",
                  "ref": "P224482.5.6",
                  "inst": "u",
                  "f": {
                    "lang": "akk-x-neoass",
                    "form": "x",
                    "pos": "u"
                  }
                },
                {
                  "node": "l",
                  "frag": "x",
                  "id": "P224482.l06536",
                  "ref": "P224482.5.7",
                  "inst": "u",
                  "f": {
                    "lang": "akk-x-neoass",
                    "form": "x",
                    "pos": "u"
                  }
                },
                {
                  "node": "l",
                  "frag": "x]",
                  "id": "P224482.l06537",
                  "ref": "P224482.5.8",
                  "inst": "u",
                  "f": {
                    "lang": "akk-x-neoass",
                    "form": "x",
                    "pos": "u"
                  }
                },
                {
                  "node": "d",
                  "type": "line-start",
                  "ref": "P224482.6",
                  "n": "4'",
                  "label": "o 4'"
                },
                {
                  "node": "l",
                  "frag": "{⸢lu₂v⸣}ERIM-MEŠ\\m",
                  "id": "P224482.l06538",
                  "ref": "P224482.6.1",
                  "inst": "ṣābāni[troops]N",
                  "sig": "@saao/saa19%akk-x-neoass:{LU₂}ERIM-MEŠ=ṣābu[people//troops]N'N$ṣābāni",
                  "f": {
                    "lang": "akk-x-neoass",
                    "form": "{LU₂}ERIM-MEŠ",
                    "cf": "ṣābu",
                    "gw": "people",
                    "sense": "troops",
                    "norm": "ṣābāni",
                    "pos": "N",
                    "epos": "N"
                  }
                },
                {
                  "node": "l",
                  "frag": "ki-[x",
                  "id": "P224482.l06539",
                  "ref": "P224482.6.2",
                  "inst": "u",
                  "f": {
                    "lang": "akk-x-neoass",
                    "form": "ki-x",
                    "pos": "u"
                  }
                },
                {
                  "node": "l",
                  "frag": "x",
                  "id": "P224482.l0653a",
                  "ref": "P224482.6.3",
                  "inst": "u",
                  "f": {
                    "lang": "akk-x-neoass",
                    "form": "x",
                    "pos": "u"
                  }
                },
                {
                  "node": "l",
                  "frag": "x",
                  "id": "P224482.l0653b",
                  "ref": "P224482.6.4",
                  "inst": "u",
                  "f": {
                    "lang": "akk-x-neoass",
                    "form": "x",
                    "pos": "u"
                  }
                },
                {
                  "node": "l",
                  "frag": "x",
                  "id": "P224482.l0653c",
                  "ref": "P224482.6.5",
                  "inst": "u",
                  "f": {
                    "lang": "akk-x-neoass",
                    "form": "x",
                    "pos": "u"
                  }
                },
                {
                  "node": "l",
                  "frag": "x",
                  "id": "P224482.l0653d",
                  "ref": "P224482.6.6",
                  "inst": "u",
                  "f": {
                    "lang": "akk-x-neoass",
                    "form": "x",
                    "pos": "u"
                  }
                },
                {
                  "node": "l",
                  "frag": "x]",
                  "id": "P224482.l0653e",
                  "ref": "P224482.6.7",
                  "inst": "u",
                  "f": {
                    "lang": "akk-x-neoass",
                    "form": "x",
                    "pos": "u"
                  }
                },
                {
                  "node": "d",
                  "type": "line-start",
                  "ref": "P224482.7",
                  "n": "5'",
                  "label": "o 5'"
                },
                {
                  "node": "l",
                  "frag": "⸢ki⸣-i",
                  "id": "P224482.l0653f",
                  "ref": "P224482.7.1",
                  "inst": "kî[like//when]PRP'SBJ",
                  "sig": "@saao/saa19%akk-x-neoass:ki-i=kī[like//when]PRP'SBJ$kî",
                  "f": {
                    "lang": "akk-x-neoass",
                    "form": "ki-i",
                    "cf": "kī",
                    "gw": "like",
                    "sense": "when",
                    "norm": "kî",
                    "pos": "PRP",
                    "epos": "SBJ"
                  }
                },
                {
                  "node": "l",
                  "frag": "⸢BARAG",
                  "id": "P224482.l06540",
                  "ref": "P224482.7.2",
                  "inst": "+parakku[cult dais]N$",
                  "sig": "@saao/saa19%akk-x-neoass:BARAG=parakku[cult dais//cult dais]N'N$parakku",
                  "f": {
                    "lang": "akk-x-neoass",
                    "form": "BARAG",
                    "cf": "parakku",
                    "gw": "cult dais",
                    "sense": "cult dais",
                    "norm": "parakku",
                    "pos": "N",
                    "epos": "N"
                  }
                },
                {
                  "node": "l",
                  "frag": "x⸣+[x",
                  "id": "P224482.l06541",
                  "ref": "P224482.7.3",
                  "inst": "u",
                  "f": {
                    "lang": "akk-x-neoass",
                    "form": "x+x",
                    "pos": "u"
                  }
                },
                {
                  "node": "l",
                  "frag": "x",
                  "id": "P224482.l06542",
                  "ref": "P224482.7.4",
                  "inst": "u",
                  "f": {
                    "lang": "akk-x-neoass",
                    "form": "x",
                    "pos": "u"
                  }
                },
                {
                  "node": "l",
                  "frag": "x",
                  "id": "P224482.l06543",
                  "ref": "P224482.7.5",
                  "inst": "u",
                  "f": {
                    "lang": "akk-x-neoass",
                    "form": "x",
                    "pos": "u"
                  }
                },
                {
                  "node": "l",
                  "frag": "x",
                  "id": "P224482.l06544",
                  "ref": "P224482.7.6",
                  "inst": "u",
                  "f": {
                    "lang": "akk-x-neoass",
                    "form": "x",
                    "pos": "u"
                  }
                },
                {
                  "node": "l",
                  "frag": "x]",
                  "id": "P224482.l06545",
                  "ref": "P224482.7.7",
                  "inst": "u",
                  "f": {
                    "lang": "akk-x-neoass",
                    "form": "x",
                    "pos": "u"
                  }
                },
                {
                  "node": "d",
                  "type": "line-start",
                  "ref": "P224482.8",
                  "n": "6'",
                  "label": "o 6'"
                },
                {
                  "node": "l",
                  "frag": "[x]",
                  "id": "P224482.l06546",
                  "ref": "P224482.8.1",
                  "inst": "u",
                  "f": {
                    "lang": "akk-x-neoass",
                    "form": "x",
                    "pos": "u"
                  }
                },
                {
                  "node": "l",
                  "frag": "⸢GUD-MEŠ⸣",
                  "id": "P224482.l06547",
                  "ref": "P224482.8.2",
                  "inst": "alpāni[ox]N",
                  "sig": "@saao/saa19%akk-x-neoass:GUD-MEŠ=alpu[ox//ox]N'N$alpāni",
                  "f": {
                    "lang": "akk-x-neoass",
                    "form": "GUD-MEŠ",
                    "cf": "alpu",
                    "gw": "ox",
                    "sense": "ox",
                    "norm": "alpāni",
                    "pos": "N",
                    "epos": "N"
                  }
                },
                {
                  "node": "l",
                  "frag": "[x",
                  "id": "P224482.l06548",
                  "ref": "P224482.8.3",
                  "inst": "u",
                  "f": {
                    "lang": "akk-x-neoass",
                    "form": "x",
                    "pos": "u"
                  }
                },
                {
                  "node": "l",
                  "frag": "x",
                  "id": "P224482.l06549",
                  "ref": "P224482.8.4",
                  "inst": "u",
                  "f": {
                    "lang": "akk-x-neoass",
                    "form": "x",
                    "pos": "u"
                  }
                },
                {
                  "node": "l",
                  "frag": "x",
                  "id": "P224482.l0654a",
                  "ref": "P224482.8.5",
                  "inst": "u",
                  "f": {
                    "lang": "akk-x-neoass",
                    "form": "x",
                    "pos": "u"
                  }
                },
                {
                  "node": "l",
                  "frag": "x",
                  "id": "P224482.l0654b",
                  "ref": "P224482.8.6",
                  "inst": "u",
                  "f": {
                    "lang": "akk-x-neoass",
                    "form": "x",
                    "pos": "u"
                  }
                },
                {
                  "node": "l",
                  "frag": "x",
                  "id": "P224482.l0654c",
                  "ref": "P224482.8.7",
                  "inst": "u",
                  "f": {
                    "lang": "akk-x-neoass",
                    "form": "x",
                    "pos": "u"
                  }
                },
                {
                  "node": "l",
                  "frag": "x",
                  "id": "P224482.l0654d",
                  "ref": "P224482.8.8",
                  "inst": "u",
                  "f": {
                    "lang": "akk-x-neoass",
                    "form": "x",
                    "pos": "u"
                  }
                },
                {
                  "node": "l",
                  "frag": "x]",
                  "id": "P224482.l0654e",
                  "ref": "P224482.8.9",
                  "inst": "u",
                  "f": {
                    "lang": "akk-x-neoass",
                    "form": "x",
                    "pos": "u"
                  }
                },
                {
                  "node": "d",
                  "type": "line-start",
                  "ref": "P224482.9",
                  "n": "7'",
                  "label": "o 7'"
                },
                {
                  "node": "l",
                  "frag": "⸢x",
                  "id": "P224482.l0654f",
                  "ref": "P224482.9.1",
                  "inst": "u",
                  "f": {
                    "lang": "akk-x-neoass",
                    "form": "x",
                    "pos": "u"
                  }
                },
                {
                  "node": "l",
                  "frag": "x",
                  "id": "P224482.l06550",
                  "ref": "P224482.9.2",
                  "inst": "u",
                  "f": {
                    "lang": "akk-x-neoass",
                    "form": "x",
                    "pos": "u"
                  }
                },
                {
                  "node": "l",
                  "frag": "x⸣",
                  "id": "P224482.l06551",
                  "ref": "P224482.9.3",
                  "inst": "u",
                  "f": {
                    "lang": "akk-x-neoass",
                    "form": "x",
                    "pos": "u"
                  }
                },
                {
                  "node": "l",
                  "frag": "[x",
                  "id": "P224482.l06552",
                  "ref": "P224482.9.4",
                  "inst": "u",
                  "f": {
                    "lang": "akk-x-neoass",
                    "form": "x",
                    "pos": "u"
                  }
                },
                {
                  "node": "l",
                  "frag": "x",
                  "id": "P224482.l06553",
                  "ref": "P224482.9.5",
                  "inst": "u",
                  "f": {
                    "lang": "akk-x-neoass",
                    "form": "x",
                    "pos": "u"
                  }
                },
                {
                  "node": "l",
                  "frag": "x",
                  "id": "P224482.l06554",
                  "ref": "P224482.9.6",
                  "inst": "u",
                  "f": {
                    "lang": "akk-x-neoass",
                    "form": "x",
                    "pos": "u"
                  }
                },
                {
                  "node": "l",
                  "frag": "x",
                  "id": "P224482.l06555",
                  "ref": "P224482.9.7",
                  "inst": "u",
                  "f": {
                    "lang": "akk-x-neoass",
                    "form": "x",
                    "pos": "u"
                  }
                },
                {
                  "node": "l",
                  "frag": "x",
                  "id": "P224482.l06556",
                  "ref": "P224482.9.8",
                  "inst": "u",
                  "f": {
                    "lang": "akk-x-neoass",
                    "form": "x",
                    "pos": "u"
                  }
                },
                {
                  "node": "l",
                  "frag": "x",
                  "id": "P224482.l06557",
                  "ref": "P224482.9.9",
                  "inst": "u",
                  "f": {
                    "lang": "akk-x-neoass",
                    "form": "x",
                    "pos": "u"
                  }
                },
                {
                  "node": "l",
                  "frag": "x",
                  "id": "P224482.l06558",
                  "ref": "P224482.9.10",
                  "inst": "u",
                  "f": {
                    "lang": "akk-x-neoass",
                    "form": "x",
                    "pos": "u"
                  }
                },
                {
                  "node": "l",
                  "frag": "x]",
                  "id": "P224482.l06559",
                  "ref": "P224482.9.11",
                  "inst": "u",
                  "f": {
                    "lang": "akk-x-neoass",
                    "form": "x",
                    "pos": "u"
                  }
                },
                {
                  "node": "d",
                  "type": "nonx",
                  "ref": "P224482.10",
                  "strict": "0",
                  "extent": "rest",
                  "state": "missing"
                },
                {
                  "node": "d",
                  "subtype": "reverse",
                  "type": "reverse",
                  "ref": "P224482.r.11",
                  "label": "r"
                },
                {
                  "node": "d",
                  "type": "nonx",
                  "ref": "P224482.12",
                  "strict": "0",
                  "extent": "beginning",
                  "state": "missing"
                },
                {
                  "node": "d",
                  "type": "line-start",
                  "ref": "P224482.13",
                  "n": "1'",
                  "label": "r 1'"
                },
                {
                  "node": "l",
                  "frag": "⸢a-na-ku",
                  "id": "P224482.l0655a",
                  "ref": "P224482.13.1",
                  "inst": "anāku[I]IP",
                  "sig": "@saao/saa19%akk-x-neoass:a-na-ku=anāku[I//I]IP'IP$anāku",
                  "f": {
                    "lang": "akk-x-neoass",
                    "form": "a-na-ku",
                    "cf": "anāku",
                    "gw": "I",
                    "sense": "I",
                    "norm": "anāku",
                    "pos": "IP",
                    "epos": "IP"
                  }
                },
                {
                  "node": "l",
                  "frag": "{lu₂}EN⸣-[x",
                  "id": "P224482.l0655b",
                  "ref": "P224482.13.2",
                  "inst": "u",
                  "f": {
                    "lang": "akk-x-neoass",
                    "form": "{LU₂}EN-x",
                    "pos": "u"
                  }
                },
                {
                  "node": "l",
                  "frag": "x",
                  "id": "P224482.l0655c",
                  "ref": "P224482.13.3",
                  "inst": "u",
                  "f": {
                    "lang": "akk-x-neoass",
                    "form": "x",
                    "pos": "u"
                  }
                },
                {
                  "node": "l",
                  "frag": "x",
                  "id": "P224482.l0655d",
                  "ref": "P224482.13.4",
                  "inst": "u",
                  "f": {
                    "lang": "akk-x-neoass",
                    "form": "x",
                    "pos": "u"
                  }
                },
                {
                  "node": "l",
                  "frag": "x]",
                  "id": "P224482.l0655e",
                  "ref": "P224482.13.5",
                  "inst": "u",
                  "f": {
                    "lang": "akk-x-neoass",
                    "form": "x",
                    "pos": "u"
                  }
                },
                {
                  "node": "d",
                  "type": "line-start",
                  "ref": "P224482.14",
                  "n": "2'",
                  "label": "r 2'"
                },
                {
                  "node": "l",
                  "frag": "u₂-ku-ta-ti\\t-šu",
                  "id": "P224482.l0655f",
                  "ref": "P224482.14.1",
                  "inst": "u",
                  "f": {
                    "lang": "akk-x-neoass",
                    "form": "u₂-ku-ta-ti-šu",
                    "pos": "u"
                  }
                },
                {
                  "node": "l",
                  "frag": "[x",
                  "id": "P224482.l06560",
                  "ref": "P224482.14.2",
                  "inst": "u",
                  "f": {
                    "lang": "akk-x-neoass",
                    "form": "x",
                    "pos": "u"
                  }
                },
                {
                  "node": "l",
                  "frag": "x",
                  "id": "P224482.l06561",
                  "ref": "P224482.14.3",
                  "inst": "u",
                  "f": {
                    "lang": "akk-x-neoass",
                    "form": "x",
                    "pos": "u"
                  }
                },
                {
                  "node": "l",
                  "frag": "x",
                  "id": "P224482.l06562",
                  "ref": "P224482.14.4",
                  "inst": "u",
                  "f": {
                    "lang": "akk-x-neoass",
                    "form": "x",
                    "pos": "u"
                  }
                },
                {
                  "node": "l",
                  "frag": "x]",
                  "id": "P224482.l06563",
                  "ref": "P224482.14.5",
                  "inst": "u",
                  "f": {
                    "lang": "akk-x-neoass",
                    "form": "x",
                    "pos": "u"
                  }
                },
                {
                  "node": "d",
                  "type": "line-start",
                  "ref": "P224482.15",
                  "n": "3'",
                  "label": "r 3'"
                },
                {
                  "node": "l",
                  "frag": "ma-a",
                  "id": "P224482.l06564",
                  "ref": "P224482.15.1",
                  "inst": "mā[saying]PRP",
                  "sig": "@saao/saa19%akk-x-neoass:ma-a=mā[saying//saying]PRP'PRP$mā",
                  "f": {
                    "lang": "akk-x-neoass",
                    "form": "ma-a",
                    "cf": "mā",
                    "gw": "saying",
                    "sense": "saying",
                    "norm": "mā",
                    "pos": "PRP",
                    "epos": "PRP"
                  }
                },
                {
                  "node": "l",
                  "frag": "li\\d-qi₂-ba",
                  "id": "P224482.l06565",
                  "ref": "P224482.15.2",
                  "inst": "+qabû[say]V$liqiba",
                  "sig": "@saao/saa19%akk-x-neoass:li-qi₂-ba=qabû[say//say]V'V$liqiba",
                  "f": {
                    "lang": "akk-x-neoass",
                    "form": "li-qi₂-ba",
                    "cf": "qabû",
                    "gw": "say",
                    "sense": "say",
                    "norm": "liqiba",
                    "pos": "V",
                    "epos": "V"
                  }
                },
                {
                  "node": "l",
                  "frag": "qab\\d-⸢le⸣-[e-ka",
                  "id": "P224482.l06566",
                  "ref": "P224482.15.3",
                  "inst": "+qablu[hips//loins]N$qablēka",
                  "sig": "@saao/saa19%akk-x-neoass:qab-le-e-ka=qablu[hips//loins]N'N$qablēka",
                  "f": {
                    "lang": "akk-x-neoass",
                    "form": "qab-le-e-ka",
                    "cf": "qablu",
                    "gw": "hips",
                    "sense": "loins",
                    "norm": "qablēka",
                    "pos": "N",
                    "epos": "N"
                  }
                },
                {
                  "node": "l",
                  "frag": "ru-ku-us]",
                  "id": "P224482.l06567",
                  "ref": "P224482.15.4",
                  "inst": "+rakāsu[bind]V$rukus",
                  "sig": "@saao/saa19%akk-x-neoass:ru-ku-us=rakāsu[bind//bind]V'V$rukus",
                  "f": {
                    "lang": "akk-x-neoass",
                    "form": "ru-ku-us",
                    "cf": "rakāsu",
                    "gw": "bind",
                    "sense": "bind",
                    "norm": "rukus",
                    "pos": "V",
                    "epos": "V"
                  }
                },
                {
                  "node": "d",
                  "type": "line-start",
                  "ref": "P224482.16",
                  "n": "4'",
                  "label": "r 4'"
                },
                {
                  "node": "l",
                  "frag": "i-ti\\t-zi",
                  "id": "P224482.l06568",
                  "ref": "P224482.16.1",
                  "inst": "+izuzzu[stand]V$itizi",
                  "sig": "@saao/saa19%akk-x-neoass:i-ti-zi=izuzzu[stand//stand]V'V$itizi",
                  "f": {
                    "lang": "akk-x-neoass",
                    "form": "i-ti-zi",
                    "cf": "izuzzu",
                    "gw": "stand",
                    "sense": "stand",
                    "norm": "itizi",
                    "pos": "V",
                    "epos": "V"
                  }
                },
                {
                  "node": "l",
                  "frag": "bi-i-li\\d",
                  "id": "P224482.l06569",
                  "ref": "P224482.16.2",
                  "inst": "+wabālu[bring]V$bīli",
                  "sig": "@saao/saa19%akk-x-neoass:bi-i-li=wabālu[bring//bring]V'V$bīli",
                  "f": {
                    "lang": "akk-x-neoass",
                    "form": "bi-i-li",
                    "cf": "wabālu",
                    "gw": "bring",
                    "sense": "bring",
                    "norm": "bīli",
                    "pos": "V",
                    "epos": "V"
                  }
                },
                {
                  "node": "l",
                  "frag": "[x",
                  "id": "P224482.l0656a",
                  "ref": "P224482.16.3",
                  "inst": "u",
                  "f": {
                    "lang": "akk-x-neoass",
                    "form": "x",
                    "pos": "u"
                  }
                },
                {
                  "node": "l",
                  "frag": "x",
                  "id": "P224482.l0656b",
                  "ref": "P224482.16.4",
                  "inst": "u",
                  "f": {
                    "lang": "akk-x-neoass",
                    "form": "x",
                    "pos": "u"
                  }
                },
                {
                  "node": "l",
                  "frag": "x",
                  "id": "P224482.l0656c",
                  "ref": "P224482.16.5",
                  "inst": "u",
                  "f": {
                    "lang": "akk-x-neoass",
                    "form": "x",
                    "pos": "u"
                  }
                },
                {
                  "node": "l",
                  "frag": "x]",
                  "id": "P224482.l0656d",
                  "ref": "P224482.16.6",
                  "inst": "u",
                  "f": {
                    "lang": "akk-x-neoass",
                    "form": "x",
                    "pos": "u"
                  }
                },
                {
                  "node": "d",
                  "type": "line-start",
                  "ref": "P224482.17",
                  "n": "5'",
                  "label": "r 5'"
                },
                {
                  "node": "l",
                  "frag": "i-ti\\t-bu-lu",
                  "id": "P224482.l0656e",
                  "ref": "P224482.17.1",
                  "inst": "+wabālu[bring]V$ittībūlu",
                  "sig": "@saao/saa19%akk-x-neoass:i-ti-bu-lu=wabālu[bring//bring]V'V$ittībūlu",
                  "f": {
                    "lang": "akk-x-neoass",
                    "form": "i-ti-bu-lu",
                    "cf": "wabālu",
                    "gw": "bring",
                    "sense": "bring",
                    "norm": "ittībūlu",
                    "pos": "V",
                    "epos": "V"
                  }
                },
                {
                  "node": "l",
                  "frag": "ka-ni-[ku",
                  "id": "P224482.l0656f",
                  "ref": "P224482.17.2",
                  "inst": "kanīku[sealed document]N",
                  "sig": "@saao/saa19%akk-x-neoass:ka-ni-ku=kanīku[sealed document//sealed document]N'N$kanīku",
                  "f": {
                    "lang": "akk-x-neoass",
                    "form": "ka-ni-ku",
                    "cf": "kanīku",
                    "gw": "sealed document",
                    "sense": "sealed document",
                    "norm": "kanīku",
                    "pos": "N",
                    "epos": "N"
                  }
                },
                {
                  "node": "l",
                  "frag": "x",
                  "id": "P224482.l06570",
                  "ref": "P224482.17.3",
                  "inst": "u",
                  "f": {
                    "lang": "akk-x-neoass",
                    "form": "x",
                    "pos": "u"
                  }
                },
                {
                  "node": "l",
                  "frag": "x",
                  "id": "P224482.l06571",
                  "ref": "P224482.17.4",
                  "inst": "u",
                  "f": {
                    "lang": "akk-x-neoass",
                    "form": "x",
                    "pos": "u"
                  }
                },
                {
                  "node": "l",
                  "frag": "x]",
                  "id": "P224482.l06572",
                  "ref": "P224482.17.5",
                  "inst": "u",
                  "f": {
                    "lang": "akk-x-neoass",
                    "form": "x",
                    "pos": "u"
                  }
                },
                {
                  "node": "d",
                  "type": "line-start",
                  "ref": "P224482.18",
                  "n": "6'",
                  "label": "r 6'"
                },
                {
                  "node": "l",
                  "frag": "⸢da⸣-ra-a",
                  "id": "P224482.l06573",
                  "ref": "P224482.18.1",
                  "inst": "+darrû[sacrificial sheep//regular sheep offering]N$darâ",
                  "sig": "@saao/saa19%akk-x-neoass:da-ra-a=darrû[sacrificial sheep//regular sheep offering]N'N$darâ",
                  "f": {
                    "lang": "akk-x-neoass",
                    "form": "da-ra-a",
                    "cf": "darrû",
                    "gw": "sacrificial sheep",
                    "sense": "regular sheep offering",
                    "norm": "darâ",
                    "pos": "N",
                    "epos": "N"
                  }
                },
                {
                  "node": "l",
                  "frag": "UDU",
                  "id": "P224482.l06574",
                  "ref": "P224482.18.2",
                  "inst": "immeru[sheep]N",
                  "sig": "@saao/saa19%akk-x-neoass:UDU=immeru[sheep//sheep]N'N$immeru",
                  "f": {
                    "lang": "akk-x-neoass",
                    "form": "UDU",
                    "cf": "immeru",
                    "gw": "sheep",
                    "sense": "sheep",
                    "norm": "immeru",
                    "pos": "N",
                    "epos": "N"
                  }
                },
                {
                  "node": "l",
                  "frag": "TA",
                  "id": "P224482.l06575",
                  "ref": "P224482.18.3",
                  "inst": "issi[with]PRP",
                  "sig": "@saao/saa19%akk-x-neoass:TA=išti[with//with]PRP'PRP$issi",
                  "f": {
                    "lang": "akk-x-neoass",
                    "form": "TA",
                    "cf": "išti",
                    "gw": "with",
                    "sense": "with",
                    "norm": "issi",
                    "pos": "PRP",
                    "epos": "PRP"
                  }
                },
                {
                  "node": "l",
                  "frag": "01",
                  "id": "P224482.l06576",
                  "ref": "P224482.18.4",
                  "inst": "n",
                  "f": {
                    "lang": "akk-x-neoass",
                    "form": "01",
                    "pos": "n"
                  }
                },
                {
                  "node": "l",
                  "frag": "⸢x⸣+[x",
                  "id": "P224482.l06577",
                  "ref": "P224482.18.5",
                  "inst": "u",
                  "f": {
                    "lang": "akk-x-neoass",
                    "form": "x+x",
                    "pos": "u"
                  }
                },
                {
                  "node": "l",
                  "frag": "x",
                  "id": "P224482.l06578",
                  "ref": "P224482.18.6",
                  "inst": "u",
                  "f": {
                    "lang": "akk-x-neoass",
                    "form": "x",
                    "pos": "u"
                  }
                },
                {
                  "node": "l",
                  "frag": "x",
                  "id": "P224482.l06579",
                  "ref": "P224482.18.7",
                  "inst": "u",
                  "f": {
                    "lang": "akk-x-neoass",
                    "form": "x",
                    "pos": "u"
                  }
                },
                {
                  "node": "l",
                  "frag": "x",
                  "id": "P224482.l0657a",
                  "ref": "P224482.18.8",
                  "inst": "u",
                  "f": {
                    "lang": "akk-x-neoass",
                    "form": "x",
                    "pos": "u"
                  }
                },
                {
                  "node": "l",
                  "frag": "x]",
                  "id": "P224482.l0657b",
                  "ref": "P224482.18.9",
                  "inst": "u",
                  "f": {
                    "lang": "akk-x-neoass",
                    "form": "x",
                    "pos": "u"
                  }
                },
                {
                  "node": "d",
                  "type": "line-start",
                  "ref": "P224482.19",
                  "n": "7'",
                  "label": "r 7'"
                },
                {
                  "node": "l",
                  "frag": "⸢GIR⸣",
                  "id": "P224482.l0657c",
                  "ref": "P224482.19.1",
                  "inst": "u",
                  "f": {
                    "lang": "akk-x-neoass",
                    "form": "GIR",
                    "pos": "u"
                  }
                },
                {
                  "node": "l",
                  "frag": "SAG.DU",
                  "id": "P224482.l0657d",
                  "ref": "P224482.19.2",
                  "inst": "+qaqqadu[head]N$kaqqidi",
                  "sig": "@saao/saa19%akk-x-neoass:SAG.DU=qaqqadu[head//head]N'N$kaqqidi",
                  "f": {
                    "lang": "akk-x-neoass",
                    "form": "SAG.DU",
                    "cf": "qaqqadu",
                    "gw": "head",
                    "sense": "head",
                    "norm": "kaqqidi",
                    "pos": "N",
                    "epos": "N"
                  }
                },
                {
                  "node": "l",
                  "frag": "⸢x⸣+[x",
                  "id": "P224482.l0657e",
                  "ref": "P224482.19.3",
                  "inst": "u",
                  "f": {
                    "lang": "akk-x-neoass",
                    "form": "x+x",
                    "pos": "u"
                  }
                },
                {
                  "node": "l",
                  "frag": "x",
                  "id": "P224482.l0657f",
                  "ref": "P224482.19.4",
                  "inst": "u",
                  "f": {
                    "lang": "akk-x-neoass",
                    "form": "x",
                    "pos": "u"
                  }
                },
                {
                  "node": "l",
                  "frag": "x",
                  "id": "P224482.l06580",
                  "ref": "P224482.19.5",
                  "inst": "u",
                  "f": {
                    "lang": "akk-x-neoass",
                    "form": "x",
                    "pos": "u"
                  }
                },
                {
                  "node": "l",
                  "frag": "x",
                  "id": "P224482.l06581",
                  "ref": "P224482.19.6",
                  "inst": "u",
                  "f": {
                    "lang": "akk-x-neoass",
                    "form": "x",
                    "pos": "u"
                  }
                },
                {
                  "node": "l",
                  "frag": "x",
                  "id": "P224482.l06582",
                  "ref": "P224482.19.7",
                  "inst": "u",
                  "f": {
                    "lang": "akk-x-neoass",
                    "form": "x",
                    "pos": "u"
                  }
                },
                {
                  "node": "l",
                  "frag": "x]",
                  "id": "P224482.l06583",
                  "ref": "P224482.19.8",
                  "inst": "u",
                  "f": {
                    "lang": "akk-x-neoass",
                    "form": "x",
                    "pos": "u"
                  }
                },
                {
                  "node": "d",
                  "type": "line-start",
                  "ref": "P224482.20",
                  "n": "8'",
                  "label": "r 8'"
                },
                {
                  "node": "l",
                  "frag": "i-ti\\t-⸢ki⸣-[is",
                  "id": "P224482.l06584",
                  "ref": "P224482.20.1",
                  "inst": "+nakāsu[cut]V$ittikis",
                  "sig": "@saao/saa19%akk-x-neoass:i-ti-ki-is=nakāsu[cut//cut]V'V$ittikis",
                  "f": {
                    "lang": "akk-x-neoass",
                    "form": "i-ti-ki-is",
                    "cf": "nakāsu",
                    "gw": "cut",
                    "sense": "cut",
                    "norm": "ittikis",
                    "pos": "V",
                    "epos": "V"
                  }
                },
                {
                  "node": "l",
                  "frag": "x",
                  "id": "P224482.l06585",
                  "ref": "P224482.20.2",
                  "inst": "u",
                  "f": {
                    "lang": "akk-x-neoass",
                    "form": "x",
                    "pos": "u"
                  }
                },
                {
                  "node": "l",
                  "frag": "x",
                  "id": "P224482.l06586",
                  "ref": "P224482.20.3",
                  "inst": "u",
                  "f": {
                    "lang": "akk-x-neoass",
                    "form": "x",
                    "pos": "u"
                  }
                },
                {
                  "node": "l",
                  "frag": "x",
                  "id": "P224482.l06587",
                  "ref": "P224482.20.4",
                  "inst": "u",
                  "f": {
                    "lang": "akk-x-neoass",
                    "form": "x",
                    "pos": "u"
                  }
                },
                {
                  "node": "l",
                  "frag": "x",
                  "id": "P224482.l06588",
                  "ref": "P224482.20.5",
                  "inst": "u",
                  "f": {
                    "lang": "akk-x-neoass",
                    "form": "x",
                    "pos": "u"
                  }
                },
                {
                  "node": "l",
                  "frag": "x",
                  "id": "P224482.l06589",
                  "ref": "P224482.20.6",
                  "inst": "u",
                  "f": {
                    "lang": "akk-x-neoass",
                    "form": "x",
                    "pos": "u"
                  }
                },
                {
                  "node": "l",
                  "frag": "x]",
                  "id": "P224482.l0658a",
                  "ref": "P224482.20.7",
                  "inst": "u",
                  "f": {
                    "lang": "akk-x-neoass",
                    "form": "x",
                    "pos": "u"
                  }
                },
                {
                  "node": "d",
                  "type": "line-start",
                  "ref": "P224482.21",
                  "n": "9'",
                  "label": "r 9'"
                },
                {
                  "node": "l",
                  "frag": "⸢BARAG",
                  "id": "P224482.l0658b",
                  "ref": "P224482.21.1",
                  "inst": "+parakku[cult dais]N$",
                  "sig": "@saao/saa19%akk-x-neoass:BARAG=parakku[cult dais//cult dais]N'N$parakku",
                  "f": {
                    "lang": "akk-x-neoass",
                    "form": "BARAG",
                    "cf": "parakku",
                    "gw": "cult dais",
                    "sense": "cult dais",
                    "norm": "parakku",
                    "pos": "N",
                    "epos": "N"
                  }
                },
                {
                  "node": "l",
                  "frag": "tu⸣-[x",
                  "id": "P224482.l0658c",
                  "ref": "P224482.21.2",
                  "inst": "u",
                  "f": {
                    "lang": "akk-x-neoass",
                    "form": "tu-x",
                    "pos": "u"
                  }
                },
                {
                  "node": "l",
                  "frag": "x",
                  "id": "P224482.l0658d",
                  "ref": "P224482.21.3",
                  "inst": "u",
                  "f": {
                    "lang": "akk-x-neoass",
                    "form": "x",
                    "pos": "u"
                  }
                },
                {
                  "node": "l",
                  "frag": "x",
                  "id": "P224482.l0658e",
                  "ref": "P224482.21.4",
                  "inst": "u",
                  "f": {
                    "lang": "akk-x-neoass",
                    "form": "x",
                    "pos": "u"
                  }
                },
                {
                  "node": "l",
                  "frag": "x",
                  "id": "P224482.l0658f",
                  "ref": "P224482.21.5",
                  "inst": "u",
                  "f": {
                    "lang": "akk-x-neoass",
                    "form": "x",
                    "pos": "u"
                  }
                },
                {
                  "node": "l",
                  "frag": "x",
                  "id": "P224482.l06590",
                  "ref": "P224482.21.6",
                  "inst": "u",
                  "f": {
                    "lang": "akk-x-neoass",
                    "form": "x",
                    "pos": "u"
                  }
                },
                {
                  "node": "l",
                  "frag": "x",
                  "id": "P224482.l06591",
                  "ref": "P224482.21.7",
                  "inst": "u",
                  "f": {
                    "lang": "akk-x-neoass",
                    "form": "x",
                    "pos": "u"
                  }
                },
                {
                  "node": "l",
                  "frag": "x",
                  "id": "P224482.l06592",
                  "ref": "P224482.21.8",
                  "inst": "u",
                  "f": {
                    "lang": "akk-x-neoass",
                    "form": "x",
                    "pos": "u"
                  }
                },
                {
                  "node": "l",
                  "frag": "x]",
                  "id": "P224482.l06593",
                  "ref": "P224482.21.9",
                  "inst": "u",
                  "f": {
                    "lang": "akk-x-neoass",
                    "form": "x",
                    "pos": "u"
                  }
                },
                {
                  "node": "d",
                  "type": "nonx",
                  "ref": "P224482.22",
                  "strict": "0",
                  "extent": "rest",
                  "state": "missing"
                },
                {
                  "node": "d",
                  "subtype": "edge",
                  "type": "edge",
                  "ref": "P224482.e..23",
                  "label": "e."
                },
                {
                  "node": "d",
                  "type": "line-start",
                  "ref": "P224482.24",
                  "n": "1",
                  "label": "e. 1"
                },
                {
                  "node": "l",
                  "frag": "[x",
                  "id": "P224482.l06594",
                  "ref": "P224482.24.1",
                  "inst": "u",
                  "f": {
                    "lang": "akk-x-neoass",
                    "form": "x",
                    "pos": "u"
                  }
                },
                {
                  "node": "l",
                  "frag": "x",
                  "id": "P224482.l06595",
                  "ref": "P224482.24.2",
                  "inst": "u",
                  "f": {
                    "lang": "akk-x-neoass",
                    "form": "x",
                    "pos": "u"
                  }
                },
                {
                  "node": "l",
                  "frag": "x",
                  "id": "P224482.l06596",
                  "ref": "P224482.24.3",
                  "inst": "u",
                  "f": {
                    "lang": "akk-x-neoass",
                    "form": "x",
                    "pos": "u"
                  }
                },
                {
                  "node": "l",
                  "frag": "x",
                  "id": "P224482.l06597",
                  "ref": "P224482.24.4",
                  "inst": "u",
                  "f": {
                    "lang": "akk-x-neoass",
                    "form": "x",
                    "pos": "u"
                  }
                },
                {
                  "node": "l",
                  "frag": "x",
                  "id": "P224482.l06598",
                  "ref": "P224482.24.5",
                  "inst": "u",
                  "f": {
                    "lang": "akk-x-neoass",
                    "form": "x",
                    "pos": "u"
                  }
                },
                {
                  "node": "l",
                  "frag": "x]+⸢x⸣",
                  "id": "P224482.l06599",
                  "ref": "P224482.24.6",
                  "inst": "u",
                  "f": {
                    "lang": "akk-x-neoass",
                    "form": "x+x",
                    "pos": "u"
                  }
                },
                {
                  "node": "l",
                  "frag": "še",
                  "id": "P224482.l0659a",
                  "ref": "P224482.24.7",
                  "inst": "u",
                  "f": {
                    "lang": "akk-x-neoass",
                    "form": "še",
                    "pos": "u"
                  }
                },
                {
                  "node": "d",
                  "frag": ":",
                  "type": "punct",
                  "ref": "P224482.24.8",
                  "lang": "akk-x-neoass",
                  "gdl_delim": " "
                },
                {
                  "node": "l",
                  "frag": "ma",
                  "id": "P224482.l0659b",
                  "ref": "P224482.24.9",
                  "inst": "u",
                  "f": {
                    "lang": "akk-x-neoass",
                    "form": "ma",
                    "pos": "u"
                  }
                },
                {
                  "node": "l",
                  "frag": "⸢x",
                  "id": "P224482.l0659c",
                  "ref": "P224482.24.10",
                  "inst": "u",
                  "f": {
                    "lang": "akk-x-neoass",
                    "form": "x",
                    "pos": "u"
                  }
                },
                {
                  "node": "l",
                  "frag": "x",
                  "id": "P224482.l0659d",
                  "ref": "P224482.24.11",
                  "inst": "u",
                  "f": {
                    "lang": "akk-x-neoass",
                    "form": "x",
                    "pos": "u"
                  }
                },
                {
                  "node": "l",
                  "frag": "ti\\t⸣",
                  "id": "P224482.l0659e",
                  "ref": "P224482.24.12",
                  "inst": "u",
                  "f": {
                    "lang": "akk-x-neoass",
                    "form": "ti",
                    "pos": "u"
                  }
                },
                {
                  "node": "l",
                  "frag": "[x",
                  "id": "P224482.l0659f",
                  "ref": "P224482.24.13",
                  "inst": "u",
                  "f": {
                    "lang": "akk-x-neoass",
                    "form": "x",
                    "pos": "u"
                  }
                },
                {
                  "node": "l",
                  "frag": "x",
                  "id": "P224482.l065a0",
                  "ref": "P224482.24.14",
                  "inst": "u",
                  "f": {
                    "lang": "akk-x-neoass",
                    "form": "x",
                    "pos": "u"
                  }
                },
                {
                  "node": "l",
                  "frag": "x",
                  "id": "P224482.l065a1",
                  "ref": "P224482.24.15",
                  "inst": "u",
                  "f": {
                    "lang": "akk-x-neoass",
                    "form": "x",
                    "pos": "u"
                  }
                },
                {
                  "node": "l",
                  "frag": "x",
                  "id": "P224482.l065a2",
                  "ref": "P224482.24.16",
                  "inst": "u",
                  "f": {
                    "lang": "akk-x-neoass",
                    "form": "x",
                    "pos": "u"
                  }
                },
                {
                  "node": "l",
                  "frag": "x",
                  "id": "P224482.l065a3",
                  "ref": "P224482.24.17",
                  "inst": "u",
                  "f": {
                    "lang": "akk-x-neoass",
                    "form": "x",
                    "pos": "u"
                  }
                },
                {
                  "node": "l",
                  "frag": "x]",
                  "id": "P224482.l065a4",
                  "ref": "P224482.24.18",
                  "inst": "u",
                  "f": {
                    "lang": "akk-x-neoass",
                    "form": "x",
                    "pos": "u"
                  }
                },
                {
                  "node": "d",
                  "type": "line-start",
                  "ref": "P224482.25",
                  "n": "2",
                  "label": "e. 2"
                },
                {
                  "node": "l",
                  "frag": "[x",
                  "id": "P224482.l065a5",
                  "ref": "P224482.25.1",
                  "inst": "u",
                  "f": {
                    "lang": "akk-x-neoass",
                    "form": "x",
                    "pos": "u"
                  }
                },
                {
                  "node": "l",
                  "frag": "x",
                  "id": "P224482.l065a6",
                  "ref": "P224482.25.2",
                  "inst": "u",
                  "f": {
                    "lang": "akk-x-neoass",
                    "form": "x",
                    "pos": "u"
                  }
                },
                {
                  "node": "l",
                  "frag": "x",
                  "id": "P224482.l065a7",
                  "ref": "P224482.25.3",
                  "inst": "u",
                  "f": {
                    "lang": "akk-x-neoass",
                    "form": "x",
                    "pos": "u"
                  }
                },
                {
                  "node": "l",
                  "frag": "x",
                  "id": "P224482.l065a8",
                  "ref": "P224482.25.4",
                  "inst": "u",
                  "f": {
                    "lang": "akk-x-neoass",
                    "form": "x",
                    "pos": "u"
                  }
                },
                {
                  "node": "l",
                  "frag": "x",
                  "id": "P224482.l065a9",
                  "ref": "P224482.25.5",
                  "inst": "u",
                  "f": {
                    "lang": "akk-x-neoass",
                    "form": "x",
                    "pos": "u"
                  }
                },
                {
                  "node": "l",
                  "frag": "x]+⸢x⸣",
                  "id": "P224482.l065aa",
                  "ref": "P224482.25.6",
                  "inst": "u",
                  "f": {
                    "lang": "akk-x-neoass",
                    "form": "x+x",
                    "pos": "u"
                  }
                },
                {
                  "node": "d",
                  "frag": ":",
                  "type": "punct",
                  "ref": "P224482.25.7",
                  "lang": "akk-x-neoass",
                  "gdl_delim": " "
                },
                {
                  "node": "l",
                  "frag": "ša\\ddm",
                  "id": "P224482.l065ab",
                  "ref": "P224482.25.8",
                  "inst": "ša[of]DET",
                  "sig": "@saao/saa19%akk-x-neoass:ša=ša[of//of]DET'DET$ša",
                  "f": {
                    "lang": "akk-x-neoass",
                    "form": "ša",
                    "cf": "ša",
                    "gw": "of",
                    "sense": "of",
                    "norm": "ša",
                    "pos": "DET",
                    "epos": "DET"
                  }
                },
                {
                  "node": "l",
                  "frag": "EN-⸢ia⸣",
                  "id": "P224482.l065ac",
                  "ref": "P224482.25.9",
                  "inst": "bēlīya[lord]N",
                  "sig": "@saao/saa19%akk-x-neoass:EN-ia=bēlu[lord//lord]N'N$bēlīya",
                  "f": {
                    "lang": "akk-x-neoass",
                    "form": "EN-ia",
                    "cf": "bēlu",
                    "gw": "lord",
                    "sense": "lord",
                    "norm": "bēlīya",
                    "pos": "N",
                    "epos": "N"
                  }
                },
                {
                  "node": "l",
                  "frag": "[x",
                  "id": "P224482.l065ad",
                  "ref": "P224482.25.10",
                  "inst": "u",
                  "f": {
                    "lang": "akk-x-neoass",
                    "form": "x",
                    "pos": "u"
                  }
                },
                {
                  "node": "l",
                  "frag": "x",
                  "id": "P224482.l065ae",
                  "ref": "P224482.25.11",
                  "inst": "u",
                  "f": {
                    "lang": "akk-x-neoass",
                    "form": "x",
                    "pos": "u"
                  }
                },
                {
                  "node": "l",
                  "frag": "x",
                  "id": "P224482.l065af",
                  "ref": "P224482.25.12",
                  "inst": "u",
                  "f": {
                    "lang": "akk-x-neoass",
                    "form": "x",
                    "pos": "u"
                  }
                },
                {
                  "node": "l",
                  "frag": "x",
                  "id": "P224482.l065b0",
                  "ref": "P224482.25.13",
                  "inst": "u",
                  "f": {
                    "lang": "akk-x-neoass",
                    "form": "x",
                    "pos": "u"
                  }
                },
                {
                  "node": "l",
                  "frag": "x",
                  "id": "P224482.l065b1",
                  "ref": "P224482.25.14",
                  "inst": "u",
                  "f": {
                    "lang": "akk-x-neoass",
                    "form": "x",
                    "pos": "u"
                  }
                },
                {
                  "node": "l",
                  "frag": "x]",
                  "id": "P224482.l065b2",
                  "ref": "P224482.25.15",
                  "inst": "u",
                  "f": {
                    "lang": "akk-x-neoass",
                    "form": "x",
                    "pos": "u"
                  }
                }
              ]
            }
          ]
        }
      ]
    }
  ]
}
