{
  "type": "cdl",
  "source": "http://oracc.org/saao/saa19",
  "license": "This data is released under the CC0 license",
  "license-url": "https://creativecommons.org/publicdomain/zero/1.0/",
  "more-info": "http://oracc.org/doc/opendata/",
  "UTC-timestamp": "2017-06-10T01:00:50",
  "project": "saao/saa19",
  "textid": "P393644",
  "cdl": [
    {
      "node": "c",
      "type": "text",
      "id": "P393644.U0",
      "cdl": [
        {
          "node": "d",
          "type": "object",
          "ref": ""
        },
        {
          "node": "d",
          "subtype": "obverse",
          "type": "obverse",
          "ref": "P393644.o.1",
          "label": "o"
        },
        {
          "node": "c",
          "type": "discourse",
          "subtype": "body",
          "id": "P393644.U1",
          "cdl": [
            {
              "node": "c",
              "type": "sentence",
              "id": "P393644.U2",
              "label": "o 1 - r 4",
              "cdl": [
                {
                  "node": "d",
                  "type": "line-start",
                  "ref": "P393644.2",
                  "n": "1",
                  "label": "o 1"
                },
                {
                  "node": "l",
                  "frag": "a-na",
                  "id": "P393644.l026b2",
                  "ref": "P393644.2.1",
                  "inst": "ana[to]PRP",
                  "sig": "@saao/saa19%akk-x-neoass:a-na=ana[to//to]PRP'PRP$ana",
                  "f": {
                    "lang": "akk-x-neoass",
                    "form": "a-na",
                    "cf": "ana",
                    "gw": "to",
                    "sense": "to",
                    "norm": "ana",
                    "pos": "PRP",
                    "epos": "PRP"
                  }
                },
                {
                  "node": "l",
                  "frag": "LUGAL",
                  "id": "P393644.l026b3",
                  "ref": "P393644.2.2",
                  "inst": "šarri[king]N",
                  "sig": "@saao/saa19%akk-x-neoass:LUGAL=šarru[king//king]N'N$šarri",
                  "f": {
                    "lang": "akk-x-neoass",
                    "form": "LUGAL",
                    "cf": "šarru",
                    "gw": "king",
                    "sense": "king",
                    "norm": "šarri",
                    "pos": "N",
                    "epos": "N"
                  }
                },
                {
                  "node": "l",
                  "frag": "be-li₂-ia",
                  "id": "P393644.l026b4",
                  "ref": "P393644.2.3",
                  "inst": "bēlīya[lord]N",
                  "sig": "@saao/saa19%akk-x-neoass:be-li₂-ia=bēlu[lord//lord]N'N$bēlīya",
                  "f": {
                    "lang": "akk-x-neoass",
                    "form": "be-li₂-ia",
                    "cf": "bēlu",
                    "gw": "lord",
                    "sense": "lord",
                    "norm": "bēlīya",
                    "pos": "N",
                    "epos": "N"
                  }
                },
                {
                  "node": "d",
                  "type": "line-start",
                  "ref": "P393644.3",
                  "n": "2",
                  "label": "o 2"
                },
                {
                  "node": "l",
                  "frag": "ARAD-ka",
                  "id": "P393644.l026b5",
                  "ref": "P393644.3.1",
                  "inst": "urdaka[servant]N",
                  "sig": "@saao/saa19%akk-x-neoass:ARAD-ka=ardu[slave//servant]N'N$urdaka",
                  "f": {
                    "lang": "akk-x-neoass",
                    "form": "ARAD-ka",
                    "cf": "ardu",
                    "gw": "slave",
                    "sense": "servant",
                    "norm": "urdaka",
                    "pos": "N",
                    "epos": "N"
                  }
                },
                {
                  "node": "l",
                  "frag": "{1}{d}UTU-bu-na-a.a",
                  "id": "P393644.l026b6",
                  "ref": "P393644.3.2",
                  "inst": "+Šamaš-bunaya[1]PN$",
                  "sig": "@saao/saa19%akk-x-neoass:{1}{d}UTU-bu-na-a.a=Šamaš-bunaya[1//1]PN'PN$Šamaš-bunaya",
                  "f": {
                    "lang": "akk-x-neoass",
                    "form": "{1}{d}UTU-bu-na-a.a",
                    "cf": "Šamaš-bunaya",
                    "gw": "1",
                    "sense": "1",
                    "norm": "Šamaš-bunaya",
                    "pos": "PN",
                    "epos": "PN"
                  }
                },
                {
                  "node": "d",
                  "type": "line-start",
                  "ref": "P393644.4",
                  "n": "3",
                  "label": "o 3"
                },
                {
                  "node": "l",
                  "frag": "lu-u",
                  "id": "P393644.l026b7",
                  "ref": "P393644.4.1",
                  "inst": "lū[may]MOD",
                  "sig": "@saao/saa19%akk-x-neoass:lu-u=lū[may//may]MOD'MOD$lū",
                  "f": {
                    "lang": "akk-x-neoass",
                    "form": "lu-u",
                    "cf": "lū",
                    "gw": "may",
                    "sense": "may",
                    "norm": "lū",
                    "pos": "MOD",
                    "epos": "MOD"
                  }
                },
                {
                  "node": "l",
                  "frag": "DI-mu",
                  "id": "P393644.l026b8",
                  "ref": "P393644.4.2",
                  "inst": "šulmu[health]N",
                  "sig": "@saao/saa19%akk-x-neoass:DI-mu=šulmu[completeness//health]N'N$šulmu",
                  "f": {
                    "lang": "akk-x-neoass",
                    "form": "DI-mu",
                    "cf": "šulmu",
                    "gw": "completeness",
                    "sense": "health",
                    "norm": "šulmu",
                    "pos": "N",
                    "epos": "N"
                  }
                },
                {
                  "node": "l",
                  "frag": "a-na",
                  "id": "P393644.l026b9",
                  "ref": "P393644.4.3",
                  "inst": "ana[to]PRP",
                  "sig": "@saao/saa19%akk-x-neoass:a-na=ana[to//to]PRP'PRP$ana",
                  "f": {
                    "lang": "akk-x-neoass",
                    "form": "a-na",
                    "cf": "ana",
                    "gw": "to",
                    "sense": "to",
                    "norm": "ana",
                    "pos": "PRP",
                    "epos": "PRP"
                  }
                },
                {
                  "node": "l",
                  "frag": "LUGAL",
                  "id": "P393644.l026ba",
                  "ref": "P393644.4.4",
                  "inst": "šarri[king]N",
                  "sig": "@saao/saa19%akk-x-neoass:LUGAL=šarru[king//king]N'N$šarri",
                  "f": {
                    "lang": "akk-x-neoass",
                    "form": "LUGAL",
                    "cf": "šarru",
                    "gw": "king",
                    "sense": "king",
                    "norm": "šarri",
                    "pos": "N",
                    "epos": "N"
                  }
                },
                {
                  "node": "l",
                  "frag": "be-li₂-ia₂",
                  "id": "P393644.l026bb",
                  "ref": "P393644.4.5",
                  "inst": "bēlīya[lord]N",
                  "sig": "@saao/saa19%akk-x-neoass:be-li₂-ia₂=bēlu[lord//lord]N'N$bēlīya",
                  "f": {
                    "lang": "akk-x-neoass",
                    "form": "be-li₂-ia₂",
                    "cf": "bēlu",
                    "gw": "lord",
                    "sense": "lord",
                    "norm": "bēlīya",
                    "pos": "N",
                    "epos": "N"
                  }
                },
                {
                  "node": "d",
                  "type": "line-start",
                  "ref": "P393644.5",
                  "n": "4",
                  "label": "o 4"
                },
                {
                  "node": "l",
                  "frag": "UD",
                  "id": "P393644.l026bc",
                  "ref": "P393644.5.1",
                  "inst": "ūm[day]N",
                  "sig": "@saao/saa19%akk-x-neoass:UD=ūmu[day//day]N'N$ūm",
                  "f": {
                    "lang": "akk-x-neoass",
                    "form": "UD",
                    "cf": "ūmu",
                    "gw": "day",
                    "sense": "day",
                    "norm": "ūm",
                    "pos": "N",
                    "epos": "N"
                  }
                },
                {
                  "node": "l",
                  "frag": "29-KAM₂",
                  "id": "P393644.l026bd",
                  "ref": "P393644.5.2",
                  "inst": "n",
                  "f": {
                    "lang": "akk-x-neoass",
                    "form": "29-KAM₂",
                    "pos": "n"
                  }
                },
                {
                  "node": "l",
                  "frag": "TA@v",
                  "id": "P393644.l026be",
                  "ref": "P393644.5.3",
                  "inst": "issu[from]PRP",
                  "sig": "@saao/saa19%akk-x-neoass:TA@v=ištu[from//from]PRP'PRP$issu",
                  "f": {
                    "lang": "akk-x-neoass",
                    "form": "TA@v",
                    "cf": "ištu",
                    "gw": "from",
                    "sense": "from",
                    "norm": "issu",
                    "pos": "PRP",
                    "epos": "PRP"
                  }
                },
                {
                  "node": "l",
                  "frag": "ma-rad{ki}",
                  "id": "P393644.l026bf",
                  "ref": "P393644.5.4",
                  "inst": "+Marad[1]GN$",
                  "sig": "@saao/saa19%akk-x-neoass:ma-rad{KI}=Marad[1//1]GN'GN$Marad",
                  "f": {
                    "lang": "akk-x-neoass",
                    "form": "ma-rad{KI}",
                    "cf": "Marad",
                    "gw": "1",
                    "sense": "1",
                    "norm": "Marad",
                    "pos": "GN",
                    "epos": "GN"
                  }
                },
                {
                  "node": "d",
                  "type": "line-start",
                  "ref": "P393644.6",
                  "n": "5",
                  "label": "o 5"
                },
                {
                  "node": "l",
                  "frag": "u₂-ta-⸢mi₃-iš⸣",
                  "id": "P393644.l026c0",
                  "ref": "P393644.6.1",
                  "inst": "uttammiš[set out]V",
                  "sig": "@saao/saa19%akk-x-neoass:u₂-ta-mi₃-iš=namāšu[set (o.s.) in motion//set out]V'V$uttammiš",
                  "f": {
                    "lang": "akk-x-neoass",
                    "form": "u₂-ta-mi₃-iš",
                    "cf": "namāšu",
                    "gw": "set (o.s.) in motion",
                    "sense": "set out",
                    "norm": "uttammiš",
                    "pos": "V",
                    "epos": "V"
                  }
                },
                {
                  "node": "l",
                  "frag": "a-di",
                  "id": "P393644.l026c1",
                  "ref": "P393644.6.2",
                  "inst": "adi[until]PRP",
                  "sig": "@saao/saa19%akk-x-neoass:a-di=adi[until//until]PRP'PRP$adi",
                  "f": {
                    "lang": "akk-x-neoass",
                    "form": "a-di",
                    "cf": "adi",
                    "gw": "until",
                    "sense": "until",
                    "norm": "adi",
                    "pos": "PRP",
                    "epos": "PRP"
                  }
                },
                {
                  "node": "d",
                  "type": "line-start",
                  "ref": "P393644.7",
                  "n": "6",
                  "label": "o 6"
                },
                {
                  "node": "l",
                  "frag": "BARAG-⸢DUMU{ki⸣}",
                  "id": "P393644.l026c2",
                  "ref": "P393644.7.1",
                  "inst": "+Parak-Mari[1]GN$",
                  "sig": "@saao/saa19%akk-x-neoass:BARAG-DUMU{KI}=Parak-Mari[1//1]GN'GN$Parak-Mari",
                  "f": {
                    "lang": "akk-x-neoass",
                    "form": "BARAG-DUMU{KI}",
                    "cf": "Parak-Mari",
                    "gw": "1",
                    "sense": "1",
                    "norm": "Parak-Mari",
                    "pos": "GN",
                    "epos": "GN"
                  }
                },
                {
                  "node": "l",
                  "frag": "at-ta-lak",
                  "id": "P393644.l026c3",
                  "ref": "P393644.7.2",
                  "inst": "attalak[go]V",
                  "sig": "@saao/saa19%akk-x-neoass:at-ta-lak=alāku[go//go]V'V$attalak",
                  "f": {
                    "lang": "akk-x-neoass",
                    "form": "at-ta-lak",
                    "cf": "alāku",
                    "gw": "go",
                    "sense": "go",
                    "norm": "attalak",
                    "pos": "V",
                    "epos": "V"
                  }
                },
                {
                  "node": "d",
                  "type": "line-start",
                  "ref": "P393644.8",
                  "n": "7",
                  "label": "o 7"
                },
                {
                  "node": "l",
                  "frag": "⸢UN⸣-MEŠ",
                  "id": "P393644.l026c4",
                  "ref": "P393644.8.1",
                  "inst": "nišē[people]N",
                  "sig": "@saao/saa19%akk-x-neoass:UN-MEŠ=nišu[people//people]N'N$nišē",
                  "f": {
                    "lang": "akk-x-neoass",
                    "form": "UN-MEŠ",
                    "cf": "nišu",
                    "gw": "people",
                    "sense": "people",
                    "norm": "nišē",
                    "pos": "N",
                    "epos": "N"
                  }
                },
                {
                  "node": "l",
                  "frag": "ša",
                  "id": "P393644.l026c5",
                  "ref": "P393644.8.2",
                  "inst": "ša[who]REL",
                  "sig": "@saao/saa19%akk-x-neoass:ša=ša[that//those who]REL'REL$ša",
                  "f": {
                    "lang": "akk-x-neoass",
                    "form": "ša",
                    "cf": "ša",
                    "gw": "that",
                    "sense": "those who",
                    "norm": "ša",
                    "pos": "REL",
                    "epos": "REL"
                  }
                },
                {
                  "node": "l",
                  "frag": "ina",
                  "id": "P393644.l026c6",
                  "ref": "P393644.8.3",
                  "inst": "ina[in+=at the disposal of]PRP",
                  "sig": "@saao/saa19%akk-x-neoass:ina=ina[in//in]PRP'PRP$ina",
                  "f": {
                    "lang": "akk-x-neoass",
                    "form": "ina",
                    "cf": "ina",
                    "gw": "in",
                    "sense": "in",
                    "norm": "ina",
                    "pos": "PRP",
                    "epos": "PRP"
                  }
                },
                {
                  "node": "l",
                  "frag": "pa-an",
                  "id": "P393644.l026c7",
                  "ref": "P393644.8.4",
                  "inst": "pān[front]N",
                  "sig": "@saao/saa19%akk-x-neoass:pa-an=pānu[front//front]N'N$pān",
                  "f": {
                    "lang": "akk-x-neoass",
                    "form": "pa-an",
                    "cf": "pānu",
                    "gw": "front",
                    "sense": "front",
                    "norm": "pān",
                    "pos": "N",
                    "epos": "N"
                  }
                },
                {
                  "node": "d",
                  "type": "line-start",
                  "ref": "P393644.9",
                  "n": "8",
                  "label": "o 8"
                },
                {
                  "node": "l",
                  "frag": "{[uru]}UD.UD-⸢ak⸣{[ki]}⸢a⸣-a",
                  "id": "P393644.l026c8",
                  "ref": "P393644.9.1",
                  "inst": "+Larakaya[Larakean]EN$",
                  "sig": "@saao/saa19%akk-x-neoass:{URU}UD.UD-ak{KI}-a-a=Larakaya[Larakean//Larakean]EN'EN$Larakaya",
                  "f": {
                    "lang": "akk-x-neoass",
                    "form": "{URU}UD.UD-ak{KI}-a-a",
                    "cf": "Larakaya",
                    "gw": "Larakean",
                    "sense": "Larakean",
                    "norm": "Larakaya",
                    "pos": "EN",
                    "epos": "EN"
                  }
                },
                {
                  "node": "d",
                  "type": "line-start",
                  "ref": "P393644.10",
                  "n": "9",
                  "label": "o 9"
                },
                {
                  "node": "l",
                  "frag": "{[uru]}⸢ni⸣-ip-pur-a-a",
                  "id": "P393644.l026c9",
                  "ref": "P393644.10.1",
                  "inst": "+Nippuraya[Nippurean]EN$",
                  "sig": "@saao/saa19%akk-x-neoass:{URU}ni-ip-pur-a-a=Nippuraya[Nippurean//Nippurean]EN'EN$Nippuraya",
                  "f": {
                    "lang": "akk-x-neoass",
                    "form": "{URU}ni-ip-pur-a-a",
                    "cf": "Nippuraya",
                    "gw": "Nippurean",
                    "sense": "Nippurean",
                    "norm": "Nippuraya",
                    "pos": "EN",
                    "epos": "EN"
                  }
                },
                {
                  "node": "d",
                  "type": "line-start",
                  "ref": "P393644.11",
                  "n": "10",
                  "label": "o 10"
                },
                {
                  "node": "l",
                  "frag": "a-⸢ta⸣-šar",
                  "id": "P393644.l026ca",
                  "ref": "P393644.11.1",
                  "inst": "+ašāru[muster//check]V$ātašar",
                  "sig": "@saao/saa19%akk-x-neoass:a-ta-šar=ašāru[muster//check]V'V$ātašar",
                  "f": {
                    "lang": "akk-x-neoass",
                    "form": "a-ta-šar",
                    "cf": "ašāru",
                    "gw": "muster",
                    "sense": "check",
                    "norm": "ātašar",
                    "pos": "V",
                    "epos": "V"
                  }
                },
                {
                  "node": "l",
                  "frag": "at-ta-har",
                  "id": "P393644.l026cb",
                  "ref": "P393644.11.2",
                  "inst": "attahar[receive]V",
                  "sig": "@saao/saa19%akk-x-neoass:at-ta-har=mahāru[face//receive]V'V$attahar",
                  "f": {
                    "lang": "akk-x-neoass",
                    "form": "at-ta-har",
                    "cf": "mahāru",
                    "gw": "face",
                    "sense": "receive",
                    "norm": "attahar",
                    "pos": "V",
                    "epos": "V"
                  }
                },
                {
                  "node": "d",
                  "type": "line-start",
                  "ref": "P393644.12",
                  "n": "11",
                  "label": "o 11"
                },
                {
                  "node": "l",
                  "frag": "UD",
                  "id": "P393644.l026cc",
                  "ref": "P393644.12.1",
                  "inst": "ūm[day]N",
                  "sig": "@saao/saa19%akk-x-neoass:UD=ūmu[day//day]N'N$ūm",
                  "f": {
                    "lang": "akk-x-neoass",
                    "form": "UD",
                    "cf": "ūmu",
                    "gw": "day",
                    "sense": "day",
                    "norm": "ūm",
                    "pos": "N",
                    "epos": "N"
                  }
                },
                {
                  "node": "l",
                  "frag": "01-KAM₂",
                  "id": "P393644.l026cd",
                  "ref": "P393644.12.2",
                  "inst": "n",
                  "f": {
                    "lang": "akk-x-neoass",
                    "form": "01-KAM₂",
                    "pos": "n"
                  }
                },
                {
                  "node": "l",
                  "frag": "TA@v",
                  "id": "P393644.l026ce",
                  "ref": "P393644.12.3",
                  "inst": "issu[from]PRP",
                  "sig": "@saao/saa19%akk-x-neoass:TA@v=ištu[from//from]PRP'PRP$issu",
                  "f": {
                    "lang": "akk-x-neoass",
                    "form": "TA@v",
                    "cf": "ištu",
                    "gw": "from",
                    "sense": "from",
                    "norm": "issu",
                    "pos": "PRP",
                    "epos": "PRP"
                  }
                },
                {
                  "node": "l",
                  "frag": "BARAG-DUMU{ki}",
                  "id": "P393644.l026cf",
                  "ref": "P393644.12.4",
                  "inst": "Parak-Mari[1]GN",
                  "sig": "@saao/saa19%akk-x-neoass:BARAG-DUMU{KI}=Parak-Mari[1//1]GN'GN$Parak-Mari",
                  "f": {
                    "lang": "akk-x-neoass",
                    "form": "BARAG-DUMU{KI}",
                    "cf": "Parak-Mari",
                    "gw": "1",
                    "sense": "1",
                    "norm": "Parak-Mari",
                    "pos": "GN",
                    "epos": "GN"
                  }
                },
                {
                  "node": "d",
                  "subtype": "reverse",
                  "type": "reverse",
                  "ref": "P393644.r.13",
                  "label": "r"
                },
                {
                  "node": "d",
                  "type": "line-start",
                  "ref": "P393644.14",
                  "n": "1",
                  "label": "r 1"
                },
                {
                  "node": "l",
                  "frag": "u₂-nam-maš",
                  "id": "P393644.l026d0",
                  "ref": "P393644.14.1",
                  "inst": "unammaš[set out]V",
                  "sig": "@saao/saa19%akk-x-neoass:u₂-nam-maš=namāšu[set (o.s.) in motion//set out]V'V$unammaš",
                  "f": {
                    "lang": "akk-x-neoass",
                    "form": "u₂-nam-maš",
                    "cf": "namāšu",
                    "gw": "set (o.s.) in motion",
                    "sense": "set out",
                    "norm": "unammaš",
                    "pos": "V",
                    "epos": "V"
                  }
                },
                {
                  "node": "l",
                  "frag": "UN-MEŠ",
                  "id": "P393644.l026d1",
                  "ref": "P393644.14.2",
                  "inst": "nišē[people]N",
                  "sig": "@saao/saa19%akk-x-neoass:UN-MEŠ=nišu[people//people]N'N$nišē",
                  "f": {
                    "lang": "akk-x-neoass",
                    "form": "UN-MEŠ",
                    "cf": "nišu",
                    "gw": "people",
                    "sense": "people",
                    "norm": "nišē",
                    "pos": "N",
                    "epos": "N"
                  }
                },
                {
                  "node": "d",
                  "type": "line-start",
                  "ref": "P393644.15",
                  "n": "2",
                  "label": "r 2"
                },
                {
                  "node": "l",
                  "frag": "ub-bal",
                  "id": "P393644.l026d2",
                  "ref": "P393644.15.1",
                  "inst": "+wabālu[bring]V$ubbal",
                  "sig": "@saao/saa19%akk-x-neoass:ub-bal=wabālu[bring//bring]V'V$ubbal",
                  "f": {
                    "lang": "akk-x-neoass",
                    "form": "ub-bal",
                    "cf": "wabālu",
                    "gw": "bring",
                    "sense": "bring",
                    "norm": "ubbal",
                    "pos": "V",
                    "epos": "V"
                  }
                },
                {
                  "node": "l",
                  "frag": "a-pa-qid",
                  "id": "P393644.l026d3",
                  "ref": "P393644.15.2",
                  "inst": "+paqādu[entrust//appoint]V$apaqqid",
                  "sig": "@saao/saa19%akk-x-neoass:a-pa-qid=paqādu[entrust//appoint]V'V$apaqqid",
                  "f": {
                    "lang": "akk-x-neoass",
                    "form": "a-pa-qid",
                    "cf": "paqādu",
                    "gw": "entrust",
                    "sense": "appoint",
                    "norm": "apaqqid",
                    "pos": "V",
                    "epos": "V"
                  }
                },
                {
                  "node": "d",
                  "type": "line-start",
                  "ref": "P393644.16",
                  "n": "3",
                  "label": "r 3"
                },
                {
                  "node": "l",
                  "frag": "a-na",
                  "id": "P393644.l026d4",
                  "ref": "P393644.16.1",
                  "inst": "ana[to+=to]PRP",
                  "sig": "@saao/saa19%akk-x-neoass:a-na=ana[to//to]PRP'PRP$ana",
                  "f": {
                    "lang": "akk-x-neoass",
                    "form": "a-na",
                    "cf": "ana",
                    "gw": "to",
                    "sense": "to",
                    "norm": "ana",
                    "pos": "PRP",
                    "epos": "PRP"
                  }
                },
                {
                  "node": "l",
                  "frag": "pa-an",
                  "id": "P393644.l026d5",
                  "ref": "P393644.16.2",
                  "inst": "pān[front]N",
                  "sig": "@saao/saa19%akk-x-neoass:pa-an=pānu[front//front]N'N$pān",
                  "f": {
                    "lang": "akk-x-neoass",
                    "form": "pa-an",
                    "cf": "pānu",
                    "gw": "front",
                    "sense": "front",
                    "norm": "pān",
                    "pos": "N",
                    "epos": "N"
                  }
                },
                {
                  "node": "l",
                  "frag": "LUGAL",
                  "id": "P393644.l026d6",
                  "ref": "P393644.16.3",
                  "inst": "šarri[king]N",
                  "sig": "@saao/saa19%akk-x-neoass:LUGAL=šarru[king//king]N'N$šarri",
                  "f": {
                    "lang": "akk-x-neoass",
                    "form": "LUGAL",
                    "cf": "šarru",
                    "gw": "king",
                    "sense": "king",
                    "norm": "šarri",
                    "pos": "N",
                    "epos": "N"
                  }
                },
                {
                  "node": "l",
                  "frag": "be-li₂-ia",
                  "id": "P393644.l026d7",
                  "ref": "P393644.16.4",
                  "inst": "bēlīya[lord]N",
                  "sig": "@saao/saa19%akk-x-neoass:be-li₂-ia=bēlu[lord//lord]N'N$bēlīya",
                  "f": {
                    "lang": "akk-x-neoass",
                    "form": "be-li₂-ia",
                    "cf": "bēlu",
                    "gw": "lord",
                    "sense": "lord",
                    "norm": "bēlīya",
                    "pos": "N",
                    "epos": "N"
                  }
                },
                {
                  "node": "d",
                  "type": "line-start",
                  "ref": "P393644.17",
                  "n": "4",
                  "label": "r 4"
                },
                {
                  "node": "l",
                  "frag": "al-la-ka",
                  "id": "P393644.l026d8",
                  "ref": "P393644.17.1",
                  "inst": "allaka[come]V",
                  "sig": "@saao/saa19%akk-x-neoass:al-la-ka=alāku[go//come]V'V$allaka",
                  "f": {
                    "lang": "akk-x-neoass",
                    "form": "al-la-ka",
                    "cf": "alāku",
                    "gw": "go",
                    "sense": "come",
                    "norm": "allaka",
                    "pos": "V",
                    "epos": "V"
                  }
                },
                {
                  "node": "d",
                  "type": "nonx",
                  "ref": "P393644.18",
                  "strict": "0",
                  "extent": "rest",
                  "state": "other"
                }
              ]
            }
          ]
        }
      ]
    }
  ]
}
