{
  "type": "cdl",
  "source": "http://oracc.org/dcclt/nineveh",
  "license": "This data is released under the CC0 license",
  "license-url": "https://creativecommons.org/publicdomain/zero/1.0/",
  "more-info": "http://oracc.org/doc/opendata/",
  "UTC-timestamp": "2017-06-09T23:52:48",
  "project": "dcclt/nineveh",
  "textid": "P238312",
  "cdl": [
    {
      "node": "c",
      "type": "text",
      "id": "P238312.U0",
      "cdl": [
        {
          "node": "d",
          "subtype": "tablet",
          "type": "tablet",
          "ref": "P238312.x117.1",
          "label": "x117"
        },
        {
          "node": "d",
          "subtype": "reverse",
          "type": "reverse",
          "ref": "P238312.r.2",
          "label": "r"
        },
        {
          "node": "d",
          "subtype": "column 1r",
          "type": "column",
          "ref": "P238312.r.i.3",
          "n": "1",
          "label": "r i"
        },
        {
          "node": "d",
          "type": "nonx",
          "ref": "P238312.4",
          "strict": "1",
          "extent": "beginning",
          "scope": "column",
          "state": "missing"
        },
        {
          "node": "c",
          "type": "discourse",
          "subtype": "body",
          "id": "P238312.U1",
          "cdl": [
            {
              "node": "c",
              "type": "sentence",
              "id": "P238312.U2",
              "label": "r i 1' - r ii 12'",
              "cdl": [
                {
                  "node": "d",
                  "type": "line-start",
                  "ref": "P238312.5",
                  "n": "1'",
                  "label": "r i 1'"
                },
                {
                  "node": "d",
                  "type": "cell-start"
                },
                {
                  "node": "d",
                  "type": "field-start",
                  "subtype": "default"
                },
                {
                  "node": "d",
                  "frag": "[*]",
                  "type": "punct",
                  "ref": "P238312.5.1",
                  "lang": "sux"
                },
                {
                  "node": "d",
                  "type": "field-end",
                  "subtype": "default"
                },
                {
                  "node": "d",
                  "type": "cell-end"
                },
                {
                  "node": "d",
                  "type": "cell-start"
                },
                {
                  "node": "d",
                  "type": "field-start",
                  "subtype": "sg"
                },
                {
                  "node": "l",
                  "frag": "IG",
                  "id": "P238312.l07b23",
                  "ref": "P238312.5.2",
                  "inst": "%sux:IG=",
                  "f": {
                    "lang": "sux",
                    "form": "IG"
                  }
                },
                {
                  "node": "d",
                  "type": "field-end",
                  "subtype": "sg"
                },
                {
                  "node": "d",
                  "type": "cell-end"
                },
                {
                  "node": "d",
                  "type": "line-start",
                  "ref": "P238312.6",
                  "n": "2'",
                  "label": "r i 2'"
                },
                {
                  "node": "d",
                  "type": "cell-start"
                },
                {
                  "node": "d",
                  "type": "field-start",
                  "subtype": "default"
                },
                {
                  "node": "d",
                  "frag": "[*]",
                  "type": "punct",
                  "ref": "P238312.6.1",
                  "lang": "sux"
                },
                {
                  "node": "d",
                  "type": "field-end",
                  "subtype": "default"
                },
                {
                  "node": "d",
                  "type": "cell-end"
                },
                {
                  "node": "d",
                  "type": "cell-start"
                },
                {
                  "node": "d",
                  "type": "field-start",
                  "subtype": "sg"
                },
                {
                  "node": "l",
                  "frag": "IG",
                  "id": "P238312.l07b24",
                  "ref": "P238312.6.2",
                  "inst": "%sux:IG=",
                  "f": {
                    "lang": "sux",
                    "form": "IG"
                  }
                },
                {
                  "node": "d",
                  "type": "field-end",
                  "subtype": "sg"
                },
                {
                  "node": "d",
                  "type": "cell-end"
                },
                {
                  "node": "d",
                  "type": "line-start",
                  "ref": "P238312.7",
                  "n": "3'",
                  "label": "r i 3'"
                },
                {
                  "node": "d",
                  "type": "cell-start"
                },
                {
                  "node": "d",
                  "type": "field-start",
                  "subtype": "default"
                },
                {
                  "node": "d",
                  "frag": "[*]",
                  "type": "punct",
                  "ref": "P238312.7.1",
                  "lang": "sux"
                },
                {
                  "node": "d",
                  "type": "field-end",
                  "subtype": "default"
                },
                {
                  "node": "d",
                  "type": "cell-end"
                },
                {
                  "node": "d",
                  "type": "cell-start"
                },
                {
                  "node": "d",
                  "type": "field-start",
                  "subtype": "sg"
                },
                {
                  "node": "l",
                  "frag": "IG",
                  "id": "P238312.l07b25",
                  "ref": "P238312.7.2",
                  "inst": "%sux:IG=",
                  "f": {
                    "lang": "sux",
                    "form": "IG"
                  }
                },
                {
                  "node": "d",
                  "type": "field-end",
                  "subtype": "sg"
                },
                {
                  "node": "d",
                  "type": "cell-end"
                },
                {
                  "node": "d",
                  "type": "line-start",
                  "ref": "P238312.8",
                  "n": "4'",
                  "label": "r i 4'"
                },
                {
                  "node": "d",
                  "type": "cell-start"
                },
                {
                  "node": "d",
                  "type": "field-start",
                  "subtype": "default"
                },
                {
                  "node": "d",
                  "frag": "[*]",
                  "type": "punct",
                  "ref": "P238312.8.1",
                  "lang": "sux"
                },
                {
                  "node": "d",
                  "type": "field-end",
                  "subtype": "default"
                },
                {
                  "node": "d",
                  "type": "cell-end"
                },
                {
                  "node": "d",
                  "type": "cell-start"
                },
                {
                  "node": "d",
                  "type": "field-start",
                  "subtype": "sg"
                },
                {
                  "node": "l",
                  "frag": "IG",
                  "id": "P238312.l07b26",
                  "ref": "P238312.8.2",
                  "inst": "%sux:IG=",
                  "f": {
                    "lang": "sux",
                    "form": "IG"
                  }
                },
                {
                  "node": "d",
                  "type": "field-end",
                  "subtype": "sg"
                },
                {
                  "node": "d",
                  "type": "cell-end"
                },
                {
                  "node": "d",
                  "type": "line-start",
                  "ref": "P238312.9",
                  "n": "5'",
                  "label": "r i 5'"
                },
                {
                  "node": "d",
                  "type": "cell-start"
                },
                {
                  "node": "d",
                  "type": "field-start",
                  "subtype": "default"
                },
                {
                  "node": "d",
                  "frag": "[*]",
                  "type": "punct",
                  "ref": "P238312.9.1",
                  "lang": "sux"
                },
                {
                  "node": "d",
                  "type": "field-end",
                  "subtype": "default"
                },
                {
                  "node": "d",
                  "type": "cell-end"
                },
                {
                  "node": "d",
                  "type": "cell-start"
                },
                {
                  "node": "d",
                  "type": "field-start",
                  "subtype": "sg"
                },
                {
                  "node": "l",
                  "frag": "IG",
                  "id": "P238312.l07b27",
                  "ref": "P238312.9.2",
                  "inst": "%sux:IG=",
                  "f": {
                    "lang": "sux",
                    "form": "IG"
                  }
                },
                {
                  "node": "d",
                  "type": "field-end",
                  "subtype": "sg"
                },
                {
                  "node": "d",
                  "type": "cell-end"
                },
                {
                  "node": "d",
                  "type": "line-start",
                  "ref": "P238312.10",
                  "n": "6'",
                  "label": "r i 6'"
                },
                {
                  "node": "d",
                  "type": "cell-start"
                },
                {
                  "node": "d",
                  "type": "field-start",
                  "subtype": "default"
                },
                {
                  "node": "d",
                  "frag": "[*]",
                  "type": "punct",
                  "ref": "P238312.10.1",
                  "lang": "sux"
                },
                {
                  "node": "d",
                  "type": "field-end",
                  "subtype": "default"
                },
                {
                  "node": "d",
                  "type": "cell-end"
                },
                {
                  "node": "d",
                  "type": "cell-start"
                },
                {
                  "node": "d",
                  "type": "field-start",
                  "subtype": "sg"
                },
                {
                  "node": "l",
                  "frag": "IG",
                  "id": "P238312.l07b28",
                  "ref": "P238312.10.2",
                  "inst": "%sux:IG=",
                  "f": {
                    "lang": "sux",
                    "form": "IG"
                  }
                },
                {
                  "node": "d",
                  "type": "field-end",
                  "subtype": "sg"
                },
                {
                  "node": "d",
                  "type": "cell-end"
                },
                {
                  "node": "d",
                  "type": "line-start",
                  "ref": "P238312.11",
                  "n": "7'",
                  "label": "r i 7'"
                },
                {
                  "node": "d",
                  "type": "cell-start"
                },
                {
                  "node": "d",
                  "type": "field-start",
                  "subtype": "default"
                },
                {
                  "node": "d",
                  "frag": "[*]",
                  "type": "punct",
                  "ref": "P238312.11.1",
                  "lang": "sux"
                },
                {
                  "node": "d",
                  "type": "field-end",
                  "subtype": "default"
                },
                {
                  "node": "d",
                  "type": "cell-end"
                },
                {
                  "node": "d",
                  "type": "cell-start"
                },
                {
                  "node": "d",
                  "type": "field-start",
                  "subtype": "sg"
                },
                {
                  "node": "l",
                  "frag": "IG",
                  "id": "P238312.l07b29",
                  "ref": "P238312.11.2",
                  "inst": "%sux:IG=",
                  "f": {
                    "lang": "sux",
                    "form": "IG"
                  }
                },
                {
                  "node": "d",
                  "type": "field-end",
                  "subtype": "sg"
                },
                {
                  "node": "d",
                  "type": "cell-end"
                },
                {
                  "node": "d",
                  "type": "nonx",
                  "ref": "P238312.12",
                  "strict": "1",
                  "extent": "rest",
                  "scope": "column",
                  "state": "missing"
                },
                {
                  "node": "d",
                  "type": "line-start",
                  "ref": "P238312.13",
                  "n": "8'",
                  "label": "r i 8'"
                },
                {
                  "node": "d",
                  "type": "cell-start"
                },
                {
                  "node": "d",
                  "type": "field-start",
                  "subtype": "default"
                },
                {
                  "node": "d",
                  "frag": "[*]",
                  "type": "punct",
                  "ref": "P238312.13.1",
                  "lang": "sux"
                },
                {
                  "node": "d",
                  "type": "field-end",
                  "subtype": "default"
                },
                {
                  "node": "d",
                  "type": "cell-end"
                },
                {
                  "node": "d",
                  "type": "cell-start"
                },
                {
                  "node": "d",
                  "type": "field-start",
                  "subtype": "sg"
                },
                {
                  "node": "l",
                  "frag": "GEME₂",
                  "id": "P238312.l07b2a",
                  "ref": "P238312.13.2",
                  "inst": "%sux:GEME₂=",
                  "f": {
                    "lang": "sux",
                    "form": "GEME₂"
                  }
                },
                {
                  "node": "d",
                  "type": "field-end",
                  "subtype": "sg"
                },
                {
                  "node": "d",
                  "type": "cell-end"
                },
                {
                  "node": "d",
                  "type": "cell-start"
                },
                {
                  "node": "d",
                  "type": "field-start",
                  "subtype": "cs"
                },
                {
                  "node": "l",
                  "frag": "GEME₂",
                  "id": "P238312.l07b2b",
                  "ref": "P238312.13.3",
                  "inst": "%sux:GEME₂=",
                  "f": {
                    "lang": "sux",
                    "form": "GEME₂"
                  }
                },
                {
                  "node": "d",
                  "type": "field-end",
                  "subtype": "cs"
                },
                {
                  "node": "d",
                  "type": "cell-end"
                },
                {
                  "node": "d",
                  "type": "line-start",
                  "ref": "P238312.14",
                  "n": "9'",
                  "label": "r i 9'"
                },
                {
                  "node": "d",
                  "type": "cell-start"
                },
                {
                  "node": "d",
                  "type": "field-start",
                  "subtype": "default"
                },
                {
                  "node": "d",
                  "frag": "[*]",
                  "type": "punct",
                  "ref": "P238312.14.1",
                  "lang": "sux"
                },
                {
                  "node": "d",
                  "type": "field-end",
                  "subtype": "default"
                },
                {
                  "node": "d",
                  "type": "cell-end"
                },
                {
                  "node": "d",
                  "type": "cell-start"
                },
                {
                  "node": "d",
                  "type": "field-start",
                  "subtype": "sg"
                },
                {
                  "node": "l",
                  "frag": "GEME₂",
                  "id": "P238312.l07b2c",
                  "ref": "P238312.14.2",
                  "inst": "%sux:GEME₂=",
                  "f": {
                    "lang": "sux",
                    "form": "GEME₂"
                  }
                },
                {
                  "node": "d",
                  "type": "field-end",
                  "subtype": "sg"
                },
                {
                  "node": "d",
                  "type": "cell-end"
                },
                {
                  "node": "d",
                  "type": "nonx",
                  "ref": "P238312.15",
                  "strict": "1",
                  "extent": "1",
                  "scope": "line",
                  "state": "ruling"
                },
                {
                  "node": "d",
                  "type": "line-start",
                  "ref": "P238312.16",
                  "n": "10'",
                  "label": "r i 10'"
                },
                {
                  "node": "d",
                  "type": "cell-start"
                },
                {
                  "node": "d",
                  "type": "field-start",
                  "subtype": "default"
                },
                {
                  "node": "d",
                  "frag": "[*]",
                  "type": "punct",
                  "ref": "P238312.16.1",
                  "lang": "sux"
                },
                {
                  "node": "d",
                  "type": "field-end",
                  "subtype": "default"
                },
                {
                  "node": "d",
                  "type": "cell-end"
                },
                {
                  "node": "d",
                  "type": "cell-start"
                },
                {
                  "node": "d",
                  "type": "field-start",
                  "subtype": "sg"
                },
                {
                  "node": "l",
                  "frag": "AMA",
                  "id": "P238312.l07b2d",
                  "ref": "P238312.16.2",
                  "inst": "%sux:AMA=",
                  "f": {
                    "lang": "sux",
                    "form": "AMA"
                  }
                },
                {
                  "node": "d",
                  "type": "field-end",
                  "subtype": "sg"
                },
                {
                  "node": "d",
                  "type": "cell-end"
                },
                {
                  "node": "d",
                  "type": "cell-start"
                },
                {
                  "node": "d",
                  "type": "field-start",
                  "subtype": "cs"
                },
                {
                  "node": "l",
                  "frag": "AMA",
                  "id": "P238312.l07b2e",
                  "ref": "P238312.16.3",
                  "inst": "%sux:AMA=",
                  "f": {
                    "lang": "sux",
                    "form": "AMA"
                  }
                },
                {
                  "node": "d",
                  "type": "field-end",
                  "subtype": "cs"
                },
                {
                  "node": "d",
                  "type": "cell-end"
                },
                {
                  "node": "d",
                  "type": "line-start",
                  "ref": "P238312.17",
                  "n": "11'",
                  "label": "r i 11'"
                },
                {
                  "node": "d",
                  "type": "cell-start"
                },
                {
                  "node": "d",
                  "type": "field-start",
                  "subtype": "default"
                },
                {
                  "node": "d",
                  "frag": "[*]",
                  "type": "punct",
                  "ref": "P238312.17.1",
                  "lang": "sux"
                },
                {
                  "node": "d",
                  "type": "field-end",
                  "subtype": "default"
                },
                {
                  "node": "d",
                  "type": "cell-end"
                },
                {
                  "node": "d",
                  "type": "cell-start"
                },
                {
                  "node": "d",
                  "type": "field-start",
                  "subtype": "sg"
                },
                {
                  "node": "l",
                  "frag": "AMA",
                  "id": "P238312.l07b2f",
                  "ref": "P238312.17.2",
                  "inst": "%sux:AMA=",
                  "f": {
                    "lang": "sux",
                    "form": "AMA"
                  }
                },
                {
                  "node": "d",
                  "type": "field-end",
                  "subtype": "sg"
                },
                {
                  "node": "d",
                  "type": "cell-end"
                },
                {
                  "node": "d",
                  "type": "line-start",
                  "ref": "P238312.18",
                  "n": "12'",
                  "label": "r i 12'"
                },
                {
                  "node": "d",
                  "type": "cell-start"
                },
                {
                  "node": "d",
                  "type": "field-start",
                  "subtype": "default"
                },
                {
                  "node": "d",
                  "frag": "[*]",
                  "type": "punct",
                  "ref": "P238312.18.1",
                  "lang": "sux"
                },
                {
                  "node": "d",
                  "type": "field-end",
                  "subtype": "default"
                },
                {
                  "node": "d",
                  "type": "cell-end"
                },
                {
                  "node": "d",
                  "type": "cell-start"
                },
                {
                  "node": "d",
                  "type": "field-start",
                  "subtype": "sg"
                },
                {
                  "node": "l",
                  "frag": "AMA",
                  "id": "P238312.l07b30",
                  "ref": "P238312.18.2",
                  "inst": "%sux:AMA=",
                  "f": {
                    "lang": "sux",
                    "form": "AMA"
                  }
                },
                {
                  "node": "d",
                  "type": "field-end",
                  "subtype": "sg"
                },
                {
                  "node": "d",
                  "type": "cell-end"
                },
                {
                  "node": "d",
                  "type": "line-start",
                  "ref": "P238312.19",
                  "n": "13'",
                  "label": "r i 13'"
                },
                {
                  "node": "d",
                  "type": "cell-start"
                },
                {
                  "node": "d",
                  "type": "field-start",
                  "subtype": "default"
                },
                {
                  "node": "d",
                  "frag": "[*]",
                  "type": "punct",
                  "ref": "P238312.19.1",
                  "lang": "sux"
                },
                {
                  "node": "d",
                  "type": "field-end",
                  "subtype": "default"
                },
                {
                  "node": "d",
                  "type": "cell-end"
                },
                {
                  "node": "d",
                  "type": "cell-start"
                },
                {
                  "node": "d",
                  "type": "field-start",
                  "subtype": "sg"
                },
                {
                  "node": "l",
                  "frag": "AMA",
                  "id": "P238312.l07b31",
                  "ref": "P238312.19.2",
                  "inst": "%sux:AMA=",
                  "f": {
                    "lang": "sux",
                    "form": "AMA"
                  }
                },
                {
                  "node": "d",
                  "type": "field-end",
                  "subtype": "sg"
                },
                {
                  "node": "d",
                  "type": "cell-end"
                },
                {
                  "node": "d",
                  "type": "line-start",
                  "ref": "P238312.20",
                  "n": "14'",
                  "label": "r i 14'"
                },
                {
                  "node": "d",
                  "type": "cell-start"
                },
                {
                  "node": "d",
                  "type": "field-start",
                  "subtype": "default"
                },
                {
                  "node": "d",
                  "frag": "[*]",
                  "type": "punct",
                  "ref": "P238312.20.1",
                  "lang": "sux"
                },
                {
                  "node": "d",
                  "type": "field-end",
                  "subtype": "default"
                },
                {
                  "node": "d",
                  "type": "cell-end"
                },
                {
                  "node": "d",
                  "type": "cell-start"
                },
                {
                  "node": "d",
                  "type": "field-start",
                  "subtype": "sg"
                },
                {
                  "node": "l",
                  "frag": "AMA",
                  "id": "P238312.l07b32",
                  "ref": "P238312.20.2",
                  "inst": "%sux:AMA=",
                  "f": {
                    "lang": "sux",
                    "form": "AMA"
                  }
                },
                {
                  "node": "d",
                  "type": "field-end",
                  "subtype": "sg"
                },
                {
                  "node": "d",
                  "type": "cell-end"
                },
                {
                  "node": "d",
                  "type": "nonx",
                  "ref": "P238312.21",
                  "strict": "1",
                  "extent": "1",
                  "scope": "line",
                  "state": "ruling"
                },
                {
                  "node": "d",
                  "type": "line-start",
                  "ref": "P238312.22",
                  "n": "15'",
                  "label": "r i 15'"
                },
                {
                  "node": "d",
                  "type": "cell-start"
                },
                {
                  "node": "d",
                  "type": "field-start",
                  "subtype": "default"
                },
                {
                  "node": "d",
                  "frag": "[*]",
                  "type": "punct",
                  "ref": "P238312.22.1",
                  "lang": "sux"
                },
                {
                  "node": "d",
                  "type": "field-end",
                  "subtype": "default"
                },
                {
                  "node": "d",
                  "type": "cell-end"
                },
                {
                  "node": "d",
                  "type": "cell-start"
                },
                {
                  "node": "d",
                  "type": "field-start",
                  "subtype": "sg"
                },
                {
                  "node": "l",
                  "frag": "EŠ",
                  "id": "P238312.l07b33",
                  "ref": "P238312.22.2",
                  "inst": "%sux:EŠ=",
                  "f": {
                    "lang": "sux",
                    "form": "EŠ"
                  }
                },
                {
                  "node": "d",
                  "type": "field-end",
                  "subtype": "sg"
                },
                {
                  "node": "d",
                  "type": "cell-end"
                },
                {
                  "node": "d",
                  "type": "nonx",
                  "ref": "P238312.23",
                  "strict": "1",
                  "extent": "1",
                  "scope": "line",
                  "state": "ruling"
                },
                {
                  "node": "d",
                  "type": "nonx",
                  "ref": "P238312.24",
                  "strict": "1",
                  "extent": "rest",
                  "scope": "column",
                  "state": "missing"
                },
                {
                  "node": "d",
                  "subtype": "column 2r",
                  "type": "column",
                  "ref": "P238312.r.ii.25",
                  "n": "2",
                  "label": "r ii"
                },
                {
                  "node": "d",
                  "type": "nonx",
                  "ref": "P238312.26",
                  "strict": "1",
                  "extent": "beginning",
                  "scope": "column",
                  "state": "missing"
                },
                {
                  "node": "d",
                  "type": "line-start",
                  "ref": "P238312.27",
                  "n": "1'",
                  "label": "r ii 1'"
                },
                {
                  "node": "d",
                  "type": "cell-start"
                },
                {
                  "node": "d",
                  "type": "field-start",
                  "subtype": "default"
                },
                {
                  "node": "d",
                  "frag": "[*]",
                  "type": "punct",
                  "ref": "P238312.27.1",
                  "lang": "sux"
                },
                {
                  "node": "d",
                  "type": "field-end",
                  "subtype": "default"
                },
                {
                  "node": "d",
                  "type": "cell-end"
                },
                {
                  "node": "d",
                  "type": "cell-start"
                },
                {
                  "node": "d",
                  "type": "field-start",
                  "subtype": "sg"
                },
                {
                  "node": "l",
                  "frag": "⸢TUR⸣",
                  "id": "P238312.l07b34",
                  "ref": "P238312.27.2",
                  "inst": "%sux:TUR=",
                  "f": {
                    "lang": "sux",
                    "form": "TUR"
                  }
                },
                {
                  "node": "d",
                  "type": "field-end",
                  "subtype": "sg"
                },
                {
                  "node": "d",
                  "type": "cell-end"
                },
                {
                  "node": "d",
                  "type": "line-start",
                  "ref": "P238312.28",
                  "n": "2'",
                  "label": "r ii 2'"
                },
                {
                  "node": "d",
                  "type": "cell-start"
                },
                {
                  "node": "d",
                  "type": "field-start",
                  "subtype": "default"
                },
                {
                  "node": "d",
                  "frag": "[*]",
                  "type": "punct",
                  "ref": "P238312.28.1",
                  "lang": "sux"
                },
                {
                  "node": "d",
                  "type": "field-end",
                  "subtype": "default"
                },
                {
                  "node": "d",
                  "type": "cell-end"
                },
                {
                  "node": "d",
                  "type": "cell-start"
                },
                {
                  "node": "d",
                  "type": "field-start",
                  "subtype": "sg"
                },
                {
                  "node": "l",
                  "frag": "TUR",
                  "id": "P238312.l07b35",
                  "ref": "P238312.28.2",
                  "inst": "%sux:TUR=",
                  "f": {
                    "lang": "sux",
                    "form": "TUR"
                  }
                },
                {
                  "node": "d",
                  "type": "field-end",
                  "subtype": "sg"
                },
                {
                  "node": "d",
                  "type": "cell-end"
                },
                {
                  "node": "d",
                  "type": "nonx",
                  "ref": "P238312.29",
                  "strict": "1",
                  "extent": "1",
                  "scope": "line",
                  "state": "ruling"
                },
                {
                  "node": "d",
                  "type": "line-start",
                  "ref": "P238312.30",
                  "n": "3'",
                  "label": "r ii 3'"
                },
                {
                  "node": "d",
                  "type": "cell-start"
                },
                {
                  "node": "d",
                  "type": "field-start",
                  "subtype": "default"
                },
                {
                  "node": "d",
                  "frag": "[*]",
                  "type": "punct",
                  "ref": "P238312.30.1",
                  "lang": "sux"
                },
                {
                  "node": "d",
                  "type": "field-end",
                  "subtype": "default"
                },
                {
                  "node": "d",
                  "type": "cell-end"
                },
                {
                  "node": "d",
                  "type": "cell-start"
                },
                {
                  "node": "d",
                  "type": "field-start",
                  "subtype": "sg"
                },
                {
                  "node": "l",
                  "frag": "IBILA",
                  "id": "P238312.l07b36",
                  "ref": "P238312.30.2",
                  "inst": "%sux:IBILA=",
                  "f": {
                    "lang": "sux",
                    "form": "IBILA"
                  }
                },
                {
                  "node": "d",
                  "type": "field-end",
                  "subtype": "sg"
                },
                {
                  "node": "d",
                  "type": "cell-end"
                },
                {
                  "node": "d",
                  "type": "cell-start"
                },
                {
                  "node": "d",
                  "type": "field-start",
                  "subtype": "cs"
                },
                {
                  "node": "l",
                  "frag": "IBILA",
                  "id": "P238312.l07b37",
                  "ref": "P238312.30.3",
                  "inst": "%sux:IBILA=",
                  "f": {
                    "lang": "sux",
                    "form": "IBILA"
                  }
                },
                {
                  "node": "d",
                  "type": "field-end",
                  "subtype": "cs"
                },
                {
                  "node": "d",
                  "type": "cell-end"
                },
                {
                  "node": "d",
                  "type": "line-start",
                  "ref": "P238312.31",
                  "n": "4'",
                  "label": "r ii 4'"
                },
                {
                  "node": "d",
                  "type": "cell-start"
                },
                {
                  "node": "d",
                  "type": "field-start",
                  "subtype": "default"
                },
                {
                  "node": "d",
                  "frag": "[*]",
                  "type": "punct",
                  "ref": "P238312.31.1",
                  "lang": "sux"
                },
                {
                  "node": "d",
                  "type": "field-end",
                  "subtype": "default"
                },
                {
                  "node": "d",
                  "type": "cell-end"
                },
                {
                  "node": "d",
                  "type": "cell-start"
                },
                {
                  "node": "d",
                  "type": "field-start",
                  "subtype": "sg"
                },
                {
                  "node": "l",
                  "frag": "IBILA",
                  "id": "P238312.l07b38",
                  "ref": "P238312.31.2",
                  "inst": "%sux:IBILA=",
                  "f": {
                    "lang": "sux",
                    "form": "IBILA"
                  }
                },
                {
                  "node": "d",
                  "type": "field-end",
                  "subtype": "sg"
                },
                {
                  "node": "d",
                  "type": "cell-end"
                },
                {
                  "node": "d",
                  "type": "line-start",
                  "ref": "P238312.32",
                  "n": "5'",
                  "label": "r ii 5'"
                },
                {
                  "node": "d",
                  "type": "cell-start"
                },
                {
                  "node": "d",
                  "type": "field-start",
                  "subtype": "default"
                },
                {
                  "node": "d",
                  "frag": "[*]",
                  "type": "punct",
                  "ref": "P238312.32.1",
                  "lang": "sux"
                },
                {
                  "node": "d",
                  "type": "field-end",
                  "subtype": "default"
                },
                {
                  "node": "d",
                  "type": "cell-end"
                },
                {
                  "node": "d",
                  "type": "cell-start"
                },
                {
                  "node": "d",
                  "type": "field-start",
                  "subtype": "sg"
                },
                {
                  "node": "l",
                  "frag": "IBILA",
                  "id": "P238312.l07b39",
                  "ref": "P238312.32.2",
                  "inst": "%sux:IBILA=",
                  "f": {
                    "lang": "sux",
                    "form": "IBILA"
                  }
                },
                {
                  "node": "d",
                  "type": "field-end",
                  "subtype": "sg"
                },
                {
                  "node": "d",
                  "type": "cell-end"
                },
                {
                  "node": "d",
                  "type": "line-start",
                  "ref": "P238312.33",
                  "n": "6'",
                  "label": "r ii 6'"
                },
                {
                  "node": "d",
                  "type": "cell-start"
                },
                {
                  "node": "d",
                  "type": "field-start",
                  "subtype": "default"
                },
                {
                  "node": "d",
                  "frag": "[*]",
                  "type": "punct",
                  "ref": "P238312.33.1",
                  "lang": "sux"
                },
                {
                  "node": "d",
                  "type": "field-end",
                  "subtype": "default"
                },
                {
                  "node": "d",
                  "type": "cell-end"
                },
                {
                  "node": "d",
                  "type": "cell-start"
                },
                {
                  "node": "d",
                  "type": "field-start",
                  "subtype": "sg"
                },
                {
                  "node": "l",
                  "frag": "IBILA",
                  "id": "P238312.l07b3a",
                  "ref": "P238312.33.2",
                  "inst": "%sux:IBILA=",
                  "f": {
                    "lang": "sux",
                    "form": "IBILA"
                  }
                },
                {
                  "node": "d",
                  "type": "field-end",
                  "subtype": "sg"
                },
                {
                  "node": "d",
                  "type": "cell-end"
                },
                {
                  "node": "d",
                  "type": "nonx",
                  "ref": "P238312.34",
                  "strict": "1",
                  "extent": "1",
                  "scope": "line",
                  "state": "ruling"
                },
                {
                  "node": "d",
                  "type": "line-start",
                  "ref": "P238312.35",
                  "n": "7'",
                  "label": "r ii 7'"
                },
                {
                  "node": "d",
                  "type": "cell-start"
                },
                {
                  "node": "d",
                  "type": "field-start",
                  "subtype": "default"
                },
                {
                  "node": "d",
                  "frag": "[*]",
                  "type": "punct",
                  "ref": "P238312.35.1",
                  "lang": "sux"
                },
                {
                  "node": "d",
                  "type": "field-end",
                  "subtype": "default"
                },
                {
                  "node": "d",
                  "type": "cell-end"
                },
                {
                  "node": "d",
                  "type": "cell-start"
                },
                {
                  "node": "d",
                  "type": "field-start",
                  "subtype": "sg"
                },
                {
                  "node": "l",
                  "frag": "UN",
                  "id": "P238312.l07b3b",
                  "ref": "P238312.35.2",
                  "inst": "%sux:UN=",
                  "f": {
                    "lang": "sux",
                    "form": "UN"
                  }
                },
                {
                  "node": "d",
                  "type": "field-end",
                  "subtype": "sg"
                },
                {
                  "node": "d",
                  "type": "cell-end"
                },
                {
                  "node": "d",
                  "type": "cell-start"
                },
                {
                  "node": "d",
                  "type": "field-start",
                  "subtype": "cs"
                },
                {
                  "node": "l",
                  "frag": "UN",
                  "id": "P238312.l07b3c",
                  "ref": "P238312.35.3",
                  "inst": "%sux:UN=",
                  "f": {
                    "lang": "sux",
                    "form": "UN"
                  }
                },
                {
                  "node": "d",
                  "type": "field-end",
                  "subtype": "cs"
                },
                {
                  "node": "d",
                  "type": "cell-end"
                },
                {
                  "node": "d",
                  "type": "line-start",
                  "ref": "P238312.36",
                  "n": "8'",
                  "label": "r ii 8'"
                },
                {
                  "node": "d",
                  "type": "cell-start"
                },
                {
                  "node": "d",
                  "type": "field-start",
                  "subtype": "default"
                },
                {
                  "node": "d",
                  "frag": "[*]",
                  "type": "punct",
                  "ref": "P238312.36.1",
                  "lang": "sux"
                },
                {
                  "node": "d",
                  "type": "field-end",
                  "subtype": "default"
                },
                {
                  "node": "d",
                  "type": "cell-end"
                },
                {
                  "node": "d",
                  "type": "cell-start"
                },
                {
                  "node": "d",
                  "type": "field-start",
                  "subtype": "sg"
                },
                {
                  "node": "l",
                  "frag": "⸢UN⸣",
                  "id": "P238312.l07b3d",
                  "ref": "P238312.36.2",
                  "inst": "%sux:UN=",
                  "f": {
                    "lang": "sux",
                    "form": "UN"
                  }
                },
                {
                  "node": "d",
                  "type": "field-end",
                  "subtype": "sg"
                },
                {
                  "node": "d",
                  "type": "cell-end"
                },
                {
                  "node": "d",
                  "type": "line-start",
                  "ref": "P238312.37",
                  "n": "9'",
                  "label": "r ii 9'"
                },
                {
                  "node": "d",
                  "type": "cell-start"
                },
                {
                  "node": "d",
                  "type": "field-start",
                  "subtype": "default"
                },
                {
                  "node": "d",
                  "frag": "[*]",
                  "type": "punct",
                  "ref": "P238312.37.1",
                  "lang": "sux"
                },
                {
                  "node": "d",
                  "type": "field-end",
                  "subtype": "default"
                },
                {
                  "node": "d",
                  "type": "cell-end"
                },
                {
                  "node": "d",
                  "type": "cell-start"
                },
                {
                  "node": "d",
                  "type": "field-start",
                  "subtype": "sg"
                },
                {
                  "node": "l",
                  "frag": "⸢UN⸣",
                  "id": "P238312.l07b3e",
                  "ref": "P238312.37.2",
                  "inst": "%sux:UN=",
                  "f": {
                    "lang": "sux",
                    "form": "UN"
                  }
                },
                {
                  "node": "d",
                  "type": "field-end",
                  "subtype": "sg"
                },
                {
                  "node": "d",
                  "type": "cell-end"
                },
                {
                  "node": "d",
                  "type": "line-start",
                  "ref": "P238312.38",
                  "n": "10'",
                  "label": "r ii 10'"
                },
                {
                  "node": "d",
                  "type": "cell-start"
                },
                {
                  "node": "d",
                  "type": "field-start",
                  "subtype": "default"
                },
                {
                  "node": "d",
                  "frag": "[*]",
                  "type": "punct",
                  "ref": "P238312.38.1",
                  "lang": "sux"
                },
                {
                  "node": "d",
                  "type": "field-end",
                  "subtype": "default"
                },
                {
                  "node": "d",
                  "type": "cell-end"
                },
                {
                  "node": "d",
                  "type": "cell-start"
                },
                {
                  "node": "d",
                  "type": "field-start",
                  "subtype": "sg"
                },
                {
                  "node": "l",
                  "frag": "⸢UN⸣",
                  "id": "P238312.l07b3f",
                  "ref": "P238312.38.2",
                  "inst": "%sux:UN=",
                  "f": {
                    "lang": "sux",
                    "form": "UN"
                  }
                },
                {
                  "node": "d",
                  "type": "field-end",
                  "subtype": "sg"
                },
                {
                  "node": "d",
                  "type": "cell-end"
                },
                {
                  "node": "d",
                  "type": "line-start",
                  "ref": "P238312.39",
                  "n": "11'",
                  "label": "r ii 11'"
                },
                {
                  "node": "d",
                  "type": "cell-start"
                },
                {
                  "node": "d",
                  "type": "field-start",
                  "subtype": "default"
                },
                {
                  "node": "d",
                  "frag": "[*]",
                  "type": "punct",
                  "ref": "P238312.39.1",
                  "lang": "sux"
                },
                {
                  "node": "d",
                  "type": "field-end",
                  "subtype": "default"
                },
                {
                  "node": "d",
                  "type": "cell-end"
                },
                {
                  "node": "d",
                  "type": "cell-start"
                },
                {
                  "node": "d",
                  "type": "field-start",
                  "subtype": "sg"
                },
                {
                  "node": "l",
                  "frag": "⸢UN⸣",
                  "id": "P238312.l07b40",
                  "ref": "P238312.39.2",
                  "inst": "%sux:UN=",
                  "f": {
                    "lang": "sux",
                    "form": "UN"
                  }
                },
                {
                  "node": "d",
                  "type": "field-end",
                  "subtype": "sg"
                },
                {
                  "node": "d",
                  "type": "cell-end"
                },
                {
                  "node": "d",
                  "type": "nonx",
                  "ref": "P238312.40",
                  "strict": "1",
                  "extent": "1",
                  "scope": "line",
                  "state": "ruling"
                },
                {
                  "node": "d",
                  "type": "line-start",
                  "ref": "P238312.41",
                  "n": "12'",
                  "label": "r ii 12'"
                },
                {
                  "node": "d",
                  "type": "cell-start"
                },
                {
                  "node": "d",
                  "type": "field-start",
                  "subtype": "default"
                },
                {
                  "node": "d",
                  "frag": "[*]",
                  "type": "punct",
                  "ref": "P238312.41.1",
                  "lang": "sux"
                },
                {
                  "node": "d",
                  "type": "field-end",
                  "subtype": "default"
                },
                {
                  "node": "d",
                  "type": "cell-end"
                },
                {
                  "node": "d",
                  "type": "cell-start"
                },
                {
                  "node": "d",
                  "type": "field-start",
                  "subtype": "sg"
                },
                {
                  "node": "l",
                  "frag": "[GU₂]",
                  "id": "P238312.l07b41",
                  "ref": "P238312.41.2",
                  "inst": "%sux:GU₂=",
                  "f": {
                    "lang": "sux",
                    "form": "GU₂"
                  }
                },
                {
                  "node": "d",
                  "type": "field-end",
                  "subtype": "sg"
                },
                {
                  "node": "d",
                  "type": "cell-end"
                },
                {
                  "node": "d",
                  "type": "cell-start"
                },
                {
                  "node": "d",
                  "type": "field-start",
                  "subtype": "cs"
                },
                {
                  "node": "l",
                  "frag": "GU₂",
                  "id": "P238312.l07b42",
                  "ref": "P238312.41.3",
                  "inst": "%sux:GU₂=",
                  "f": {
                    "lang": "sux",
                    "form": "GU₂"
                  }
                },
                {
                  "node": "d",
                  "type": "field-end",
                  "subtype": "cs"
                },
                {
                  "node": "d",
                  "type": "cell-end"
                },
                {
                  "node": "d",
                  "type": "nonx",
                  "ref": "P238312.42",
                  "strict": "1",
                  "extent": "rest",
                  "scope": "column",
                  "state": "missing"
                }
              ]
            }
          ]
        }
      ]
    }
  ]
}
