{
  "type": "cdl",
  "source": "http://oracc.org/dcclt/nineveh",
  "license": "This data is released under the CC0 license",
  "license-url": "https://creativecommons.org/publicdomain/zero/1.0/",
  "more-info": "http://oracc.org/doc/opendata/",
  "UTC-timestamp": "2017-06-09T23:53:15",
  "project": "dcclt/nineveh",
  "textid": "P239302",
  "cdl": [
    {
      "node": "c",
      "type": "text",
      "id": "P239302.U0",
      "cdl": [
        {
          "node": "d",
          "subtype": "tablet",
          "type": "tablet",
          "ref": "P239302.x475.1",
          "label": "x475"
        },
        {
          "node": "d",
          "subtype": "reverse",
          "type": "reverse",
          "ref": "P239302.r.2",
          "label": "r"
        },
        {
          "node": "d",
          "subtype": "column 1r '",
          "type": "column",
          "ref": "P239302.r.i_.3",
          "n": "1",
          "label": "r i'"
        },
        {
          "node": "d",
          "type": "nonx",
          "ref": "P239302.4",
          "strict": "1",
          "extent": "beginning",
          "scope": "column",
          "state": "missing"
        },
        {
          "node": "c",
          "type": "discourse",
          "subtype": "body",
          "id": "P239302.U1",
          "cdl": [
            {
              "node": "c",
              "type": "sentence",
              "id": "P239302.U2",
              "label": "r i' 1' - r i' 4'",
              "cdl": [
                {
                  "node": "d",
                  "type": "line-start",
                  "ref": "P239302.5",
                  "n": "1'",
                  "label": "r i' 1'"
                },
                {
                  "node": "d",
                  "type": "cell-start"
                },
                {
                  "node": "d",
                  "type": "field-start",
                  "subtype": "default"
                },
                {
                  "node": "l",
                  "frag": "[...]",
                  "id": "P239302.l0fb95",
                  "ref": "P239302.5.1",
                  "inst": "u",
                  "f": {
                    "lang": "sux",
                    "form": "x",
                    "pos": "u"
                  }
                },
                {
                  "node": "d",
                  "type": "field-end",
                  "subtype": "default"
                },
                {
                  "node": "d",
                  "type": "cell-end"
                },
                {
                  "node": "d",
                  "type": "cell-start"
                },
                {
                  "node": "d",
                  "type": "field-start",
                  "subtype": "eq"
                },
                {
                  "node": "l",
                  "frag": "⸢kaṣ₃-ṣi-dak-ku⸣",
                  "id": "P239302.l0fb96",
                  "ref": "P239302.5.2",
                  "inst": "kaṣṣidakku[miller]N$",
                  "sig": "@dcclt/nineveh%akk-x-stdbab:kaṣ₃-ṣi-dak-ku=kaṣṣidakku[miller//miller]N'N$kaṣṣidakku",
                  "f": {
                    "lang": "akk-x-stdbab",
                    "form": "kaṣ₃-ṣi-dak-ku",
                    "cf": "kaṣṣidakku",
                    "gw": "miller",
                    "sense": "miller",
                    "norm": "kaṣṣidakku",
                    "pos": "N",
                    "epos": "N"
                  }
                },
                {
                  "node": "d",
                  "type": "field-end",
                  "subtype": "eq"
                },
                {
                  "node": "d",
                  "type": "cell-end"
                },
                {
                  "node": "d",
                  "type": "line-start",
                  "ref": "P239302.6",
                  "n": "2'",
                  "label": "r i' 2'"
                },
                {
                  "node": "d",
                  "type": "cell-start"
                },
                {
                  "node": "d",
                  "type": "field-start",
                  "subtype": "default"
                },
                {
                  "node": "l",
                  "frag": "[...]",
                  "id": "P239302.l0fb97",
                  "ref": "P239302.6.1",
                  "inst": "u",
                  "f": {
                    "lang": "sux",
                    "form": "x",
                    "pos": "u"
                  }
                },
                {
                  "node": "d",
                  "type": "field-end",
                  "subtype": "default"
                },
                {
                  "node": "d",
                  "type": "cell-end"
                },
                {
                  "node": "d",
                  "type": "cell-start"
                },
                {
                  "node": "d",
                  "type": "field-start",
                  "subtype": "eq"
                },
                {
                  "node": "l",
                  "frag": "⸢ṭe₄⸣-ʾ-i-nu",
                  "id": "P239302.l0fb98",
                  "ref": "P239302.6.2",
                  "inst": "ṭeʾīnu[grinder]N$",
                  "sig": "@dcclt/nineveh%akk-x-stdbab:ṭe₄-ʾ-i-nu=ṭeʾīnu[grinder//grinder]N'N$ṭeʾīnu",
                  "f": {
                    "lang": "akk-x-stdbab",
                    "form": "ṭe₄-ʾ-i-nu",
                    "cf": "ṭeʾīnu",
                    "gw": "grinder",
                    "sense": "grinder",
                    "norm": "ṭeʾīnu",
                    "pos": "N",
                    "epos": "N"
                  }
                },
                {
                  "node": "d",
                  "type": "field-end",
                  "subtype": "eq"
                },
                {
                  "node": "d",
                  "type": "cell-end"
                },
                {
                  "node": "d",
                  "type": "line-start",
                  "ref": "P239302.7",
                  "n": "3'",
                  "label": "r i' 3'"
                },
                {
                  "node": "d",
                  "type": "cell-start"
                },
                {
                  "node": "d",
                  "type": "field-start",
                  "subtype": "default"
                },
                {
                  "node": "l",
                  "frag": "[...]",
                  "id": "P239302.l0fb99",
                  "ref": "P239302.7.1",
                  "inst": "u",
                  "f": {
                    "lang": "sux",
                    "form": "x",
                    "pos": "u"
                  }
                },
                {
                  "node": "d",
                  "type": "field-end",
                  "subtype": "default"
                },
                {
                  "node": "d",
                  "type": "cell-end"
                },
                {
                  "node": "d",
                  "type": "cell-start"
                },
                {
                  "node": "d",
                  "type": "field-start",
                  "subtype": "eq"
                },
                {
                  "node": "l",
                  "frag": "nu-ka-rib-bu",
                  "id": "P239302.l0fb9a",
                  "ref": "P239302.7.2",
                  "inst": "nukaribbu[gardener]N$",
                  "sig": "@dcclt/nineveh%akk-x-stdbab:nu-ka-rib-bu=nukaribbu[gardener//gardener]N'N$nukaribbu",
                  "f": {
                    "lang": "akk-x-stdbab",
                    "form": "nu-ka-rib-bu",
                    "cf": "nukaribbu",
                    "gw": "gardener",
                    "sense": "gardener",
                    "norm": "nukaribbu",
                    "pos": "N",
                    "epos": "N"
                  }
                },
                {
                  "node": "d",
                  "type": "field-end",
                  "subtype": "eq"
                },
                {
                  "node": "d",
                  "type": "cell-end"
                },
                {
                  "node": "d",
                  "type": "line-start",
                  "ref": "P239302.8",
                  "n": "4'",
                  "label": "r i' 4'"
                },
                {
                  "node": "d",
                  "type": "cell-start"
                },
                {
                  "node": "d",
                  "type": "field-start",
                  "subtype": "default"
                },
                {
                  "node": "l",
                  "frag": "[...]",
                  "id": "P239302.l0fb9b",
                  "ref": "P239302.8.1",
                  "inst": "u",
                  "f": {
                    "lang": "sux",
                    "form": "x",
                    "pos": "u"
                  }
                },
                {
                  "node": "d",
                  "type": "field-end",
                  "subtype": "default"
                },
                {
                  "node": "d",
                  "type": "cell-end"
                },
                {
                  "node": "d",
                  "type": "cell-start"
                },
                {
                  "node": "d",
                  "type": "field-start",
                  "subtype": "eq"
                },
                {
                  "node": "l",
                  "frag": "⸢ša₂⸣-an-ta-nak-ku",
                  "id": "P239302.l0fb9c",
                  "ref": "P239302.8.2",
                  "inst": "saddanakku[administrator of date orchards]N$šantanakku",
                  "sig": "@dcclt/nineveh%akk-x-stdbab:ša₂-an-ta-nak-ku=saddanakku[administrator of date orchards//administrator of date orchards]N'N$šantanakku",
                  "f": {
                    "lang": "akk-x-stdbab",
                    "form": "ša₂-an-ta-nak-ku",
                    "cf": "saddanakku",
                    "gw": "administrator of date orchards",
                    "sense": "administrator of date orchards",
                    "norm": "šantanakku",
                    "pos": "N",
                    "epos": "N"
                  }
                },
                {
                  "node": "d",
                  "type": "field-end",
                  "subtype": "eq"
                },
                {
                  "node": "d",
                  "type": "cell-end"
                },
                {
                  "node": "d",
                  "type": "nonx",
                  "ref": "P239302.9",
                  "strict": "1",
                  "extent": "rest",
                  "scope": "column",
                  "state": "missing"
                }
              ]
            }
          ]
        }
      ]
    }
  ]
}
