{
  "type": "cdl",
  "source": "http://oracc.org/dcclt/nineveh",
  "license": "This data is released under the CC0 license",
  "license-url": "https://creativecommons.org/publicdomain/zero/1.0/",
  "more-info": "http://oracc.org/doc/opendata/",
  "UTC-timestamp": "2017-06-09T23:53:10",
  "project": "dcclt/nineveh",
  "textid": "P274783",
  "cdl": [
    {
      "node": "c",
      "type": "text",
      "id": "P274783.U0",
      "cdl": [
        {
          "node": "d",
          "subtype": "tablet",
          "type": "tablet",
          "ref": "P274783.x3.1",
          "label": "x3"
        },
        {
          "node": "d",
          "subtype": "obverse",
          "type": "obverse",
          "ref": "P274783.o.2",
          "label": "o"
        },
        {
          "node": "d",
          "subtype": "column 1o",
          "type": "column",
          "ref": "P274783.o.i.3",
          "n": "1",
          "label": "o i"
        },
        {
          "node": "d",
          "type": "nonx",
          "ref": "P274783.4",
          "strict": "1",
          "extent": "beginning",
          "scope": "column",
          "state": "missing"
        },
        {
          "node": "c",
          "type": "discourse",
          "subtype": "body",
          "id": "P274783.U1",
          "cdl": [
            {
              "node": "c",
              "type": "sentence",
              "id": "P274783.U2",
              "label": "o i 1' - r ii' 5'",
              "cdl": [
                {
                  "node": "d",
                  "type": "line-start",
                  "ref": "P274783.5",
                  "n": "1'",
                  "label": "o i 1'"
                },
                {
                  "node": "d",
                  "type": "cell-start"
                },
                {
                  "node": "d",
                  "type": "field-start",
                  "subtype": "default"
                },
                {
                  "node": "d",
                  "frag": "[*]",
                  "type": "punct",
                  "ref": "P274783.5.1",
                  "lang": "sux"
                },
                {
                  "node": "d",
                  "type": "field-end",
                  "subtype": "default"
                },
                {
                  "node": "d",
                  "type": "cell-end"
                },
                {
                  "node": "d",
                  "type": "cell-start"
                },
                {
                  "node": "d",
                  "type": "field-start",
                  "subtype": "pr"
                },
                {
                  "node": "l",
                  "frag": "⸢AN⸣",
                  "id": "P274783.l00207",
                  "ref": "P274783.5.2",
                  "inst": "%sux:AN=",
                  "f": {
                    "lang": "sux",
                    "form": "AN"
                  }
                },
                {
                  "node": "d",
                  "type": "field-end",
                  "subtype": "pr"
                },
                {
                  "node": "d",
                  "type": "cell-end"
                },
                {
                  "node": "d",
                  "type": "line-start",
                  "ref": "P274783.6",
                  "n": "2'",
                  "label": "o i 2'"
                },
                {
                  "node": "d",
                  "type": "cell-start"
                },
                {
                  "node": "d",
                  "type": "field-start",
                  "subtype": "default"
                },
                {
                  "node": "d",
                  "frag": "[*]",
                  "type": "punct",
                  "ref": "P274783.6.1",
                  "lang": "sux"
                },
                {
                  "node": "d",
                  "type": "field-end",
                  "subtype": "default"
                },
                {
                  "node": "d",
                  "type": "cell-end"
                },
                {
                  "node": "d",
                  "type": "cell-start"
                },
                {
                  "node": "d",
                  "type": "field-start",
                  "subtype": "pr"
                },
                {
                  "node": "l",
                  "frag": "MUL",
                  "id": "P274783.l00208",
                  "ref": "P274783.6.2",
                  "inst": "%sux:MUL=",
                  "f": {
                    "lang": "sux",
                    "form": "MUL"
                  }
                },
                {
                  "node": "d",
                  "type": "field-end",
                  "subtype": "pr"
                },
                {
                  "node": "d",
                  "type": "cell-end"
                },
                {
                  "node": "d",
                  "type": "line-start",
                  "ref": "P274783.7",
                  "n": "3'",
                  "label": "o i 3'"
                },
                {
                  "node": "d",
                  "type": "cell-start"
                },
                {
                  "node": "d",
                  "type": "field-start",
                  "subtype": "default"
                },
                {
                  "node": "d",
                  "frag": "[*]",
                  "type": "punct",
                  "ref": "P274783.7.1",
                  "lang": "sux"
                },
                {
                  "node": "d",
                  "type": "field-end",
                  "subtype": "default"
                },
                {
                  "node": "d",
                  "type": "cell-end"
                },
                {
                  "node": "d",
                  "type": "cell-start"
                },
                {
                  "node": "d",
                  "type": "field-start",
                  "subtype": "pr"
                },
                {
                  "node": "l",
                  "frag": "UR",
                  "id": "P274783.l00209",
                  "ref": "P274783.7.2",
                  "inst": "%sux:UR=",
                  "f": {
                    "lang": "sux",
                    "form": "UR"
                  }
                },
                {
                  "node": "d",
                  "type": "field-end",
                  "subtype": "pr"
                },
                {
                  "node": "d",
                  "type": "cell-end"
                },
                {
                  "node": "d",
                  "type": "line-start",
                  "ref": "P274783.8",
                  "n": "4'",
                  "label": "o i 4'"
                },
                {
                  "node": "d",
                  "type": "cell-start"
                },
                {
                  "node": "d",
                  "type": "field-start",
                  "subtype": "default"
                },
                {
                  "node": "d",
                  "frag": "[*]",
                  "type": "punct",
                  "ref": "P274783.8.1",
                  "lang": "sux"
                },
                {
                  "node": "d",
                  "type": "field-end",
                  "subtype": "default"
                },
                {
                  "node": "d",
                  "type": "cell-end"
                },
                {
                  "node": "d",
                  "type": "cell-start"
                },
                {
                  "node": "d",
                  "type": "field-start",
                  "subtype": "pr"
                },
                {
                  "node": "l",
                  "frag": "UR",
                  "id": "P274783.l0020a",
                  "ref": "P274783.8.2",
                  "inst": "%sux:UR=",
                  "f": {
                    "lang": "sux",
                    "form": "UR"
                  }
                },
                {
                  "node": "d",
                  "type": "field-end",
                  "subtype": "pr"
                },
                {
                  "node": "d",
                  "type": "cell-end"
                },
                {
                  "node": "d",
                  "type": "line-start",
                  "ref": "P274783.9",
                  "n": "5'",
                  "label": "o i 5'"
                },
                {
                  "node": "d",
                  "type": "cell-start"
                },
                {
                  "node": "d",
                  "type": "field-start",
                  "subtype": "default"
                },
                {
                  "node": "d",
                  "frag": "[*]",
                  "type": "punct",
                  "ref": "P274783.9.1",
                  "lang": "sux"
                },
                {
                  "node": "d",
                  "type": "field-end",
                  "subtype": "default"
                },
                {
                  "node": "d",
                  "type": "cell-end"
                },
                {
                  "node": "d",
                  "type": "cell-start"
                },
                {
                  "node": "d",
                  "type": "field-start",
                  "subtype": "pr"
                },
                {
                  "node": "l",
                  "frag": "URBINGU(|UR%UR|)",
                  "id": "P274783.l0020b",
                  "ref": "P274783.9.2",
                  "inst": "%sux:URBINGU(|UR%UR|)=",
                  "f": {
                    "lang": "sux",
                    "form": "URBINGU(|UR%UR|)"
                  }
                },
                {
                  "node": "d",
                  "type": "field-end",
                  "subtype": "pr"
                },
                {
                  "node": "d",
                  "type": "cell-end"
                },
                {
                  "node": "d",
                  "type": "line-start",
                  "ref": "P274783.10",
                  "n": "6'",
                  "label": "o i 6'"
                },
                {
                  "node": "d",
                  "type": "cell-start"
                },
                {
                  "node": "d",
                  "type": "field-start",
                  "subtype": "default"
                },
                {
                  "node": "d",
                  "frag": "[*]",
                  "type": "punct",
                  "ref": "P274783.10.1",
                  "lang": "sux"
                },
                {
                  "node": "d",
                  "type": "field-end",
                  "subtype": "default"
                },
                {
                  "node": "d",
                  "type": "cell-end"
                },
                {
                  "node": "d",
                  "type": "cell-start"
                },
                {
                  "node": "d",
                  "type": "field-start",
                  "subtype": "pr"
                },
                {
                  "node": "l",
                  "frag": "⸢x⸣",
                  "id": "P274783.l0020c",
                  "ref": "P274783.10.2",
                  "inst": "%sux:x=",
                  "f": {
                    "lang": "sux",
                    "form": "x"
                  }
                },
                {
                  "node": "d",
                  "type": "field-end",
                  "subtype": "pr"
                },
                {
                  "node": "d",
                  "type": "cell-end"
                },
                {
                  "node": "d",
                  "type": "nonx",
                  "ref": "P274783.11",
                  "strict": "1",
                  "extent": "rest",
                  "scope": "column",
                  "state": "missing"
                },
                {
                  "node": "d",
                  "subtype": "column 2o",
                  "type": "column",
                  "ref": "P274783.o.ii.12",
                  "n": "2",
                  "label": "o ii"
                },
                {
                  "node": "d",
                  "type": "nonx",
                  "ref": "P274783.13",
                  "strict": "1",
                  "extent": "beginning",
                  "scope": "column",
                  "state": "missing"
                },
                {
                  "node": "d",
                  "type": "line-start",
                  "ref": "P274783.14",
                  "n": "1'",
                  "label": "o ii 1'"
                },
                {
                  "node": "d",
                  "frag": "*",
                  "type": "punct",
                  "ref": "P274783.14.1",
                  "lang": "sux",
                  "gdl_delim": " "
                },
                {
                  "node": "l",
                  "frag": "⸢MAŠ⸣",
                  "id": "P274783.l0020d",
                  "ref": "P274783.14.2",
                  "inst": "%sux:MAŠ=",
                  "f": {
                    "lang": "sux",
                    "form": "MAŠ"
                  }
                },
                {
                  "node": "d",
                  "type": "line-start",
                  "ref": "P274783.15",
                  "n": "2'",
                  "label": "o ii 2'"
                },
                {
                  "node": "d",
                  "frag": "*",
                  "type": "punct",
                  "ref": "P274783.15.1",
                  "lang": "sux",
                  "gdl_delim": " "
                },
                {
                  "node": "l",
                  "frag": "LIŠ",
                  "id": "P274783.l0020e",
                  "ref": "P274783.15.2",
                  "inst": "%sux:LIŠ=",
                  "f": {
                    "lang": "sux",
                    "form": "LIŠ"
                  }
                },
                {
                  "node": "d",
                  "type": "nonx",
                  "ref": "P274783.16",
                  "strict": "1",
                  "extent": "rest",
                  "scope": "column",
                  "state": "missing"
                },
                {
                  "node": "d",
                  "subtype": "column 3o",
                  "type": "column",
                  "ref": "P274783.o.iii.17",
                  "n": "3",
                  "label": "o iii"
                },
                {
                  "node": "d",
                  "type": "nonx",
                  "ref": "P274783.18",
                  "strict": "1",
                  "extent": "beginning",
                  "scope": "column",
                  "state": "missing"
                },
                {
                  "node": "d",
                  "type": "line-start",
                  "ref": "P274783.19",
                  "n": "1'",
                  "label": "o iii 1'"
                },
                {
                  "node": "d",
                  "type": "cell-start"
                },
                {
                  "node": "d",
                  "type": "field-start",
                  "subtype": "default"
                },
                {
                  "node": "d",
                  "frag": "⸢*⸣",
                  "type": "punct",
                  "ref": "P274783.19.1",
                  "lang": "sux"
                },
                {
                  "node": "d",
                  "type": "field-end",
                  "subtype": "default"
                },
                {
                  "node": "d",
                  "type": "cell-end"
                },
                {
                  "node": "d",
                  "type": "cell-start"
                },
                {
                  "node": "d",
                  "type": "field-start",
                  "subtype": "pr"
                },
                {
                  "node": "l",
                  "frag": "[x]",
                  "id": "P274783.l0020f",
                  "ref": "P274783.19.2",
                  "inst": "%sux:x=",
                  "f": {
                    "lang": "sux",
                    "form": "x"
                  }
                },
                {
                  "node": "d",
                  "type": "field-end",
                  "subtype": "pr"
                },
                {
                  "node": "d",
                  "type": "cell-end"
                },
                {
                  "node": "d",
                  "type": "line-start",
                  "ref": "P274783.20",
                  "n": "2'",
                  "label": "o iii 2'"
                },
                {
                  "node": "d",
                  "type": "cell-start"
                },
                {
                  "node": "d",
                  "type": "field-start",
                  "subtype": "default"
                },
                {
                  "node": "d",
                  "frag": "*",
                  "type": "punct",
                  "ref": "P274783.20.1",
                  "lang": "sux"
                },
                {
                  "node": "d",
                  "type": "field-end",
                  "subtype": "default"
                },
                {
                  "node": "d",
                  "type": "cell-end"
                },
                {
                  "node": "d",
                  "type": "cell-start"
                },
                {
                  "node": "d",
                  "type": "field-start",
                  "subtype": "pr"
                },
                {
                  "node": "l",
                  "frag": "[x]",
                  "id": "P274783.l00210",
                  "ref": "P274783.20.2",
                  "inst": "%sux:x=",
                  "f": {
                    "lang": "sux",
                    "form": "x"
                  }
                },
                {
                  "node": "d",
                  "type": "field-end",
                  "subtype": "pr"
                },
                {
                  "node": "d",
                  "type": "cell-end"
                },
                {
                  "node": "d",
                  "type": "line-start",
                  "ref": "P274783.21",
                  "n": "3'",
                  "label": "o iii 3'"
                },
                {
                  "node": "d",
                  "type": "cell-start"
                },
                {
                  "node": "d",
                  "type": "field-start",
                  "subtype": "default"
                },
                {
                  "node": "d",
                  "frag": "⸢*⸣",
                  "type": "punct",
                  "ref": "P274783.21.1",
                  "lang": "sux"
                },
                {
                  "node": "d",
                  "type": "field-end",
                  "subtype": "default"
                },
                {
                  "node": "d",
                  "type": "cell-end"
                },
                {
                  "node": "d",
                  "type": "cell-start"
                },
                {
                  "node": "d",
                  "type": "field-start",
                  "subtype": "pr"
                },
                {
                  "node": "l",
                  "frag": "[x]",
                  "id": "P274783.l00211",
                  "ref": "P274783.21.2",
                  "inst": "%sux:x=",
                  "f": {
                    "lang": "sux",
                    "form": "x"
                  }
                },
                {
                  "node": "d",
                  "type": "field-end",
                  "subtype": "pr"
                },
                {
                  "node": "d",
                  "type": "cell-end"
                },
                {
                  "node": "d",
                  "type": "nonx",
                  "ref": "P274783.22",
                  "strict": "1",
                  "extent": "rest",
                  "scope": "column",
                  "state": "missing"
                },
                {
                  "node": "d",
                  "subtype": "reverse",
                  "type": "reverse",
                  "ref": "P274783.r.23",
                  "label": "r"
                },
                {
                  "node": "d",
                  "subtype": "column 2r '",
                  "type": "column",
                  "ref": "P274783.r.ii_.24",
                  "n": "2",
                  "label": "r ii'"
                },
                {
                  "node": "d",
                  "type": "nonx",
                  "ref": "P274783.25",
                  "strict": "1",
                  "extent": "beginning",
                  "scope": "column",
                  "state": "missing"
                },
                {
                  "node": "d",
                  "type": "nonx",
                  "ref": "P274783.26",
                  "strict": "1",
                  "extent": "1",
                  "scope": "line",
                  "state": "ruling"
                },
                {
                  "node": "d",
                  "type": "line-start",
                  "ref": "P274783.27",
                  "n": "1'",
                  "label": "r ii' 1'"
                },
                {
                  "node": "l",
                  "frag": "PEŠ",
                  "id": "P274783.l00212",
                  "ref": "P274783.27.1",
                  "inst": "%akk-x-stdbab:PEŠ=",
                  "f": {
                    "lang": "akk-x-stdbab",
                    "form": "PEŠ"
                  }
                },
                {
                  "node": "l",
                  "frag": "GAL",
                  "id": "P274783.l00213",
                  "ref": "P274783.27.2",
                  "inst": "%akk-x-stdbab:GAL=",
                  "f": {
                    "lang": "akk-x-stdbab",
                    "form": "GAL"
                  }
                },
                {
                  "node": "l",
                  "frag": "{m}{d}⸢PA⸣-[...]",
                  "id": "P274783.l00214",
                  "ref": "P274783.27.3",
                  "inst": "%akk-x-stdbab:{m}{d}PA-x=",
                  "f": {
                    "lang": "akk-x-stdbab",
                    "form": "{m}{d}PA-x"
                  }
                },
                {
                  "node": "d",
                  "type": "nonw",
                  "ref": ""
                },
                {
                  "node": "d",
                  "type": "line-start",
                  "ref": "P274783.28",
                  "n": "2'",
                  "label": "r ii' 2'"
                },
                {
                  "node": "l",
                  "frag": "PEŠ",
                  "id": "P274783.l00215",
                  "ref": "P274783.28.1",
                  "inst": "%akk-x-stdbab:PEŠ=",
                  "f": {
                    "lang": "akk-x-stdbab",
                    "form": "PEŠ"
                  }
                },
                {
                  "node": "l",
                  "frag": "GAL",
                  "id": "P274783.l00216",
                  "ref": "P274783.28.2",
                  "inst": "%akk-x-stdbab:GAL=",
                  "f": {
                    "lang": "akk-x-stdbab",
                    "form": "GAL"
                  }
                },
                {
                  "node": "l",
                  "frag": "{m}{d}PA-MAN-za-ni-⸢x⸣",
                  "id": "P274783.l00217",
                  "ref": "P274783.28.3",
                  "inst": "%akk-x-stdbab:{m}{d}PA-MAN-za-ni-x=",
                  "f": {
                    "lang": "akk-x-stdbab",
                    "form": "{m}{d}PA-MAN-za-ni-x"
                  }
                },
                {
                  "node": "d",
                  "type": "line-start",
                  "ref": "P274783.29",
                  "n": "3'",
                  "label": "r ii' 3'"
                },
                {
                  "node": "l",
                  "frag": "ŠAG₄.BAL.BAL",
                  "id": "P274783.l00218",
                  "ref": "P274783.29.1",
                  "inst": "%akk-x-stdbab:ŠAG₄.BAL.BAL=",
                  "f": {
                    "lang": "akk-x-stdbab",
                    "form": "ŠAG₄.BAL.BAL"
                  }
                },
                {
                  "node": "l",
                  "frag": "{m}{d}PA-MU-PAP",
                  "id": "P274783.l00219",
                  "ref": "P274783.29.2",
                  "inst": "%akk-x-stdbab:{m}{d}PA-MU-PAP=",
                  "f": {
                    "lang": "akk-x-stdbab",
                    "form": "{m}{d}PA-MU-PAP"
                  }
                },
                {
                  "node": "d",
                  "type": "line-start",
                  "ref": "P274783.30",
                  "n": "4'",
                  "label": "r ii' 4'"
                },
                {
                  "node": "l",
                  "frag": "{⸢lu₂⸣}ZABAR.DAB.BA",
                  "id": "P274783.l0021a",
                  "ref": "P274783.30.1",
                  "inst": "%akk-x-stdbab:{lu₂}ZABAR.DAB.BA=",
                  "f": {
                    "lang": "akk-x-stdbab",
                    "form": "{lu₂}ZABAR.DAB.BA"
                  }
                },
                {
                  "node": "l",
                  "frag": "{d}MAŠ",
                  "id": "P274783.l0021b",
                  "ref": "P274783.30.2",
                  "inst": "%akk-x-stdbab:{d}MAŠ=",
                  "f": {
                    "lang": "akk-x-stdbab",
                    "form": "{d}MAŠ"
                  }
                },
                {
                  "node": "d",
                  "type": "line-start",
                  "ref": "P274783.31",
                  "n": "5'",
                  "label": "r ii' 5'"
                },
                {
                  "node": "l",
                  "frag": "[x]",
                  "id": "P274783.l0021c",
                  "ref": "P274783.31.1",
                  "inst": "%akk-x-stdbab:x=",
                  "f": {
                    "lang": "akk-x-stdbab",
                    "form": "x"
                  }
                },
                {
                  "node": "l",
                  "frag": "⸢x⸣",
                  "id": "P274783.l0021d",
                  "ref": "P274783.31.2",
                  "inst": "%akk-x-stdbab:x=",
                  "f": {
                    "lang": "akk-x-stdbab",
                    "form": "x"
                  }
                },
                {
                  "node": "l",
                  "frag": "PA",
                  "id": "P274783.l0021e",
                  "ref": "P274783.31.3",
                  "inst": "%akk-x-stdbab:PA=",
                  "f": {
                    "lang": "akk-x-stdbab",
                    "form": "PA"
                  }
                },
                {
                  "node": "l",
                  "frag": "ŠAG₄",
                  "id": "P274783.l0021f",
                  "ref": "P274783.31.4",
                  "inst": "%akk-x-stdbab:ŠAG₄=",
                  "f": {
                    "lang": "akk-x-stdbab",
                    "form": "ŠAG₄"
                  }
                },
                {
                  "node": "l",
                  "frag": "ŠAG₄",
                  "id": "P274783.l00220",
                  "ref": "P274783.31.5",
                  "inst": "%akk-x-stdbab:ŠAG₄=",
                  "f": {
                    "lang": "akk-x-stdbab",
                    "form": "ŠAG₄"
                  }
                },
                {
                  "node": "l",
                  "frag": "{iri}kal-hi",
                  "id": "P274783.l00221",
                  "ref": "P274783.31.6",
                  "inst": "%akk-x-stdbab:{iri}kal-hi=",
                  "f": {
                    "lang": "akk-x-stdbab",
                    "form": "{iri}kal-hi"
                  }
                }
              ]
            }
          ]
        }
      ]
    }
  ]
}
