{
  "type": "cdl",
  "source": "http://oracc.org/dcclt/nineveh",
  "license": "This data is released under the CC0 license",
  "license-url": "https://creativecommons.org/publicdomain/zero/1.0/",
  "more-info": "http://oracc.org/doc/opendata/",
  "UTC-timestamp": "2017-06-09T23:53:24",
  "project": "dcclt/nineveh",
  "textid": "P286023",
  "cdl": [
    {
      "node": "c",
      "type": "text",
      "id": "P286023.U0",
      "cdl": [
        {
          "node": "d",
          "subtype": "tablet",
          "type": "tablet",
          "ref": "P286023.x15.1",
          "label": "x15"
        },
        {
          "node": "d",
          "subtype": "obverse",
          "type": "obverse",
          "ref": "P286023.o.2",
          "label": "o"
        },
        {
          "node": "d",
          "subtype": "column 1o '",
          "type": "column",
          "ref": "P286023.o.i_.3",
          "n": "1",
          "label": "o i'"
        },
        {
          "node": "d",
          "type": "nonx",
          "ref": "P286023.4",
          "strict": "1",
          "extent": "beginning",
          "scope": "column",
          "state": "missing"
        },
        {
          "node": "c",
          "type": "discourse",
          "subtype": "body",
          "id": "P286023.U1",
          "cdl": [
            {
              "node": "c",
              "type": "sentence",
              "id": "P286023.U2",
              "label": "o i' 1' - o ii' 7'",
              "cdl": [
                {
                  "node": "d",
                  "type": "line-start",
                  "ref": "P286023.5",
                  "n": "1'",
                  "label": "o i' 1'"
                },
                {
                  "node": "d",
                  "type": "cell-start"
                },
                {
                  "node": "d",
                  "type": "field-start",
                  "subtype": "default"
                },
                {
                  "node": "l",
                  "frag": "[...]",
                  "id": "P286023.l00bcf",
                  "ref": "P286023.5.1",
                  "inst": "u",
                  "f": {
                    "lang": "sux",
                    "form": "x",
                    "pos": "u"
                  }
                },
                {
                  "node": "d",
                  "type": "field-end",
                  "subtype": "default"
                },
                {
                  "node": "d",
                  "type": "cell-end"
                },
                {
                  "node": "d",
                  "type": "cell-start"
                },
                {
                  "node": "d",
                  "type": "field-start",
                  "subtype": "eq"
                },
                {
                  "node": "l",
                  "frag": "[...]-⸢x⸣",
                  "id": "P286023.l00bd0",
                  "ref": "P286023.5.2",
                  "inst": "u",
                  "f": {
                    "lang": "akk-x-stdbab",
                    "form": "x-x",
                    "pos": "u"
                  }
                },
                {
                  "node": "d",
                  "type": "field-end",
                  "subtype": "eq"
                },
                {
                  "node": "d",
                  "type": "cell-end"
                },
                {
                  "node": "d",
                  "type": "line-start",
                  "ref": "P286023.6",
                  "n": "2'",
                  "label": "o i' 2'"
                },
                {
                  "node": "d",
                  "type": "cell-start"
                },
                {
                  "node": "d",
                  "type": "field-start",
                  "subtype": "default"
                },
                {
                  "node": "l",
                  "frag": "[...]",
                  "id": "P286023.l00bd1",
                  "ref": "P286023.6.1",
                  "inst": "u",
                  "f": {
                    "lang": "sux",
                    "form": "x",
                    "pos": "u"
                  }
                },
                {
                  "node": "d",
                  "type": "field-end",
                  "subtype": "default"
                },
                {
                  "node": "d",
                  "type": "cell-end"
                },
                {
                  "node": "d",
                  "type": "cell-start"
                },
                {
                  "node": "d",
                  "type": "field-start",
                  "subtype": "eq"
                },
                {
                  "node": "l",
                  "frag": "[...]-⸢x⸣",
                  "id": "P286023.l00bd2",
                  "ref": "P286023.6.2",
                  "inst": "u",
                  "f": {
                    "lang": "akk-x-stdbab",
                    "form": "x-x",
                    "pos": "u"
                  }
                },
                {
                  "node": "l",
                  "frag": "MUNUS",
                  "id": "P286023.l00bd3",
                  "ref": "P286023.6.3",
                  "inst": "X",
                  "f": {
                    "lang": "akk-x-stdbab",
                    "form": "MUNUS",
                    "pos": "X"
                  }
                },
                {
                  "node": "d",
                  "type": "field-end",
                  "subtype": "eq"
                },
                {
                  "node": "d",
                  "type": "cell-end"
                },
                {
                  "node": "d",
                  "type": "nonx",
                  "ref": "P286023.7",
                  "strict": "1",
                  "extent": "rest",
                  "scope": "column",
                  "state": "missing"
                },
                {
                  "node": "d",
                  "subtype": "column 2o '",
                  "type": "column",
                  "ref": "P286023.o.ii_.8",
                  "n": "2",
                  "label": "o ii'"
                },
                {
                  "node": "d",
                  "type": "nonx",
                  "ref": "P286023.9",
                  "strict": "1",
                  "extent": "beginning",
                  "scope": "column",
                  "state": "missing"
                },
                {
                  "node": "d",
                  "type": "line-start",
                  "ref": "P286023.10",
                  "n": "1'",
                  "label": "o ii' 1'"
                },
                {
                  "node": "d",
                  "type": "cell-start"
                },
                {
                  "node": "d",
                  "type": "field-start",
                  "subtype": "default"
                },
                {
                  "node": "l",
                  "frag": "⸢x",
                  "id": "P286023.l00bd4",
                  "ref": "P286023.10.1",
                  "inst": "u",
                  "f": {
                    "lang": "sux",
                    "form": "x",
                    "pos": "u"
                  }
                },
                {
                  "node": "l",
                  "frag": "x⸣",
                  "id": "P286023.l00bd5",
                  "ref": "P286023.10.2",
                  "inst": "u",
                  "f": {
                    "lang": "sux",
                    "form": "x",
                    "pos": "u"
                  }
                },
                {
                  "node": "l",
                  "frag": "[...]",
                  "id": "P286023.l00bd6",
                  "ref": "P286023.10.3",
                  "inst": "u",
                  "f": {
                    "lang": "sux",
                    "form": "x",
                    "pos": "u"
                  }
                },
                {
                  "node": "l",
                  "frag": "AN",
                  "id": "P286023.l00bd7",
                  "ref": "P286023.10.4",
                  "inst": "X",
                  "f": {
                    "lang": "sux",
                    "form": "AN",
                    "pos": "X"
                  }
                },
                {
                  "node": "l",
                  "frag": "[...]",
                  "id": "P286023.l00bd8",
                  "ref": "P286023.10.5",
                  "inst": "u",
                  "f": {
                    "lang": "sux",
                    "form": "x",
                    "pos": "u"
                  }
                },
                {
                  "node": "d",
                  "type": "field-end",
                  "subtype": "default"
                },
                {
                  "node": "d",
                  "type": "cell-end"
                },
                {
                  "node": "d",
                  "type": "cell-start"
                },
                {
                  "node": "d",
                  "type": "field-start",
                  "subtype": "eq"
                },
                {
                  "node": "l",
                  "frag": "[...]",
                  "id": "P286023.l00bd9",
                  "ref": "P286023.10.6",
                  "inst": "u",
                  "f": {
                    "lang": "akk-x-stdbab",
                    "form": "x",
                    "pos": "u"
                  }
                },
                {
                  "node": "d",
                  "type": "field-end",
                  "subtype": "eq"
                },
                {
                  "node": "d",
                  "type": "cell-end"
                },
                {
                  "node": "d",
                  "type": "nonx",
                  "ref": "P286023.11",
                  "strict": "1",
                  "extent": "1",
                  "scope": "line",
                  "state": "ruling"
                },
                {
                  "node": "d",
                  "type": "line-start",
                  "ref": "P286023.12",
                  "n": "2'",
                  "label": "o ii' 2'"
                },
                {
                  "node": "d",
                  "type": "cell-start"
                },
                {
                  "node": "d",
                  "type": "field-start",
                  "subtype": "default"
                },
                {
                  "node": "l",
                  "frag": "{d}SU-ki-[ŋar-ra]",
                  "id": "P286023.l00bda",
                  "ref": "P286023.12.1",
                  "inst": "SU.ki.ŋar.ra[]DN",
                  "sig": "@dcclt/nineveh%sux:{d}SU-ki-ŋar-ra=SU.ki.ŋar.ra[1//1]DN'DN$SU.ki.ŋar.ra/{d}SU-ki-ŋar-ra#~",
                  "f": {
                    "lang": "sux",
                    "form": "{d}SU-ki-ŋar-ra",
                    "cf": "SU.ki.ŋar.ra",
                    "gw": "1",
                    "sense": "1",
                    "norm0": "SU.ki.ŋar.ra",
                    "pos": "DN",
                    "epos": "DN",
                    "base": "{d}SU-ki-ŋar-ra",
                    "morph": "~"
                  }
                },
                {
                  "node": "d",
                  "type": "field-end",
                  "subtype": "default"
                },
                {
                  "node": "d",
                  "type": "cell-end"
                },
                {
                  "node": "d",
                  "type": "cell-start"
                },
                {
                  "node": "d",
                  "type": "field-start",
                  "subtype": "eq"
                },
                {
                  "node": "l",
                  "frag": "[...]",
                  "id": "P286023.l00bdb",
                  "ref": "P286023.12.2",
                  "inst": "u",
                  "f": {
                    "lang": "akk-x-stdbab",
                    "form": "x",
                    "pos": "u"
                  }
                },
                {
                  "node": "d",
                  "type": "field-end",
                  "subtype": "eq"
                },
                {
                  "node": "d",
                  "type": "cell-end"
                },
                {
                  "node": "d",
                  "type": "line-start",
                  "ref": "P286023.13",
                  "n": "3'",
                  "label": "o ii' 3'"
                },
                {
                  "node": "d",
                  "type": "cell-start"
                },
                {
                  "node": "d",
                  "type": "field-start",
                  "subtype": "default"
                },
                {
                  "node": "l",
                  "frag": "{d}AŠ-an-ta",
                  "id": "P286023.l00bdc",
                  "ref": "P286023.13.1",
                  "inst": "AŠ.an.ta[]DN",
                  "sig": "@dcclt/nineveh%sux:{d}AŠ-an-ta=AŠ.an.ta[1//1]DN'DN$AŠ.an.ta/{d}AŠ-an-ta#~",
                  "f": {
                    "lang": "sux",
                    "form": "{d}AŠ-an-ta",
                    "cf": "AŠ.an.ta",
                    "gw": "1",
                    "sense": "1",
                    "norm0": "AŠ.an.ta",
                    "pos": "DN",
                    "epos": "DN",
                    "base": "{d}AŠ-an-ta",
                    "morph": "~"
                  }
                },
                {
                  "node": "d",
                  "type": "field-end",
                  "subtype": "default"
                },
                {
                  "node": "d",
                  "type": "cell-end"
                },
                {
                  "node": "d",
                  "type": "cell-start"
                },
                {
                  "node": "d",
                  "type": "field-start",
                  "subtype": "eq"
                },
                {
                  "node": "l",
                  "frag": "[...]",
                  "id": "P286023.l00bdd",
                  "ref": "P286023.13.2",
                  "inst": "u",
                  "f": {
                    "lang": "akk-x-stdbab",
                    "form": "x",
                    "pos": "u"
                  }
                },
                {
                  "node": "d",
                  "type": "field-end",
                  "subtype": "eq"
                },
                {
                  "node": "d",
                  "type": "cell-end"
                },
                {
                  "node": "d",
                  "type": "line-start",
                  "ref": "P286023.14",
                  "n": "4'",
                  "label": "o ii' 4'"
                },
                {
                  "node": "d",
                  "type": "cell-start"
                },
                {
                  "node": "d",
                  "type": "field-start",
                  "subtype": "default"
                },
                {
                  "node": "l",
                  "frag": "{d}lu₂-si-[ŋar-ra]",
                  "id": "P286023.l00bde",
                  "ref": "P286023.14.1",
                  "inst": "Lusiŋara[]DN",
                  "sig": "@dcclt/nineveh%sux:{d}lu₂-si-ŋar-ra=Lusiŋara[1//1]DN'DN$Lusiŋara/{d}lu₂-si-ŋar-ra#~",
                  "f": {
                    "lang": "sux",
                    "form": "{d}lu₂-si-ŋar-ra",
                    "cf": "Lusiŋara",
                    "gw": "1",
                    "sense": "1",
                    "norm0": "Lusiŋara",
                    "pos": "DN",
                    "epos": "DN",
                    "base": "{d}lu₂-si-ŋar-ra",
                    "morph": "~"
                  }
                },
                {
                  "node": "d",
                  "type": "field-end",
                  "subtype": "default"
                },
                {
                  "node": "d",
                  "type": "cell-end"
                },
                {
                  "node": "d",
                  "type": "cell-start"
                },
                {
                  "node": "d",
                  "type": "field-start",
                  "subtype": "eq"
                },
                {
                  "node": "l",
                  "frag": "[...]",
                  "id": "P286023.l00bdf",
                  "ref": "P286023.14.2",
                  "inst": "u",
                  "f": {
                    "lang": "akk-x-stdbab",
                    "form": "x",
                    "pos": "u"
                  }
                },
                {
                  "node": "d",
                  "type": "field-end",
                  "subtype": "eq"
                },
                {
                  "node": "d",
                  "type": "cell-end"
                },
                {
                  "node": "d",
                  "type": "line-start",
                  "ref": "P286023.15",
                  "n": "5'",
                  "label": "o ii' 5'"
                },
                {
                  "node": "d",
                  "type": "cell-start"
                },
                {
                  "node": "d",
                  "type": "field-start",
                  "subtype": "default"
                },
                {
                  "node": "l",
                  "frag": "{d}en-barag-⸢ge⸣-[si]",
                  "id": "P286023.l00be0",
                  "ref": "P286023.15.1",
                  "inst": "Enbaragesi[]DN",
                  "sig": "@dcclt/nineveh%sux:{d}en-barag-ge-si=Enbaragesi[1//1]DN'DN$Enbaragesi/{d}en-barag-ge-si#~",
                  "f": {
                    "lang": "sux",
                    "form": "{d}en-barag-ge-si",
                    "cf": "Enbaragesi",
                    "gw": "1",
                    "sense": "1",
                    "norm0": "Enbaragesi",
                    "pos": "DN",
                    "epos": "DN",
                    "base": "{d}en-barag-ge-si",
                    "morph": "~"
                  }
                },
                {
                  "node": "d",
                  "type": "field-end",
                  "subtype": "default"
                },
                {
                  "node": "d",
                  "type": "cell-end"
                },
                {
                  "node": "d",
                  "type": "cell-start"
                },
                {
                  "node": "d",
                  "type": "field-start",
                  "subtype": "eq"
                },
                {
                  "node": "l",
                  "frag": "[...]",
                  "id": "P286023.l00be1",
                  "ref": "P286023.15.2",
                  "inst": "u",
                  "f": {
                    "lang": "akk-x-stdbab",
                    "form": "x",
                    "pos": "u"
                  }
                },
                {
                  "node": "d",
                  "type": "field-end",
                  "subtype": "eq"
                },
                {
                  "node": "d",
                  "type": "cell-end"
                },
                {
                  "node": "d",
                  "type": "nonx",
                  "ref": "P286023.16",
                  "strict": "1",
                  "extent": "1",
                  "scope": "line",
                  "state": "ruling"
                },
                {
                  "node": "d",
                  "type": "line-start",
                  "ref": "P286023.17",
                  "n": "6'",
                  "label": "o ii' 6'"
                },
                {
                  "node": "d",
                  "type": "cell-start"
                },
                {
                  "node": "d",
                  "type": "field-start",
                  "subtype": "default"
                },
                {
                  "node": "l",
                  "frag": "{⸢d⸣}en-[ki]",
                  "id": "P286023.l00be2",
                  "ref": "P286023.17.1",
                  "inst": "Enki[]DN",
                  "sig": "@dcclt/nineveh%sux:{d}en-ki=Enki[1//1]DN'DN$Enki/{d}en-ki#~",
                  "f": {
                    "lang": "sux",
                    "form": "{d}en-ki",
                    "cf": "Enki",
                    "gw": "1",
                    "sense": "1",
                    "norm0": "Enki",
                    "pos": "DN",
                    "epos": "DN",
                    "base": "{d}en-ki",
                    "morph": "~"
                  }
                },
                {
                  "node": "d",
                  "type": "field-end",
                  "subtype": "default"
                },
                {
                  "node": "d",
                  "type": "cell-end"
                },
                {
                  "node": "d",
                  "type": "cell-start"
                },
                {
                  "node": "d",
                  "type": "field-start",
                  "subtype": "eq"
                },
                {
                  "node": "l",
                  "frag": "[...]",
                  "id": "P286023.l00be3",
                  "ref": "P286023.17.2",
                  "inst": "u",
                  "f": {
                    "lang": "akk-x-stdbab",
                    "form": "x",
                    "pos": "u"
                  }
                },
                {
                  "node": "d",
                  "type": "field-end",
                  "subtype": "eq"
                },
                {
                  "node": "d",
                  "type": "cell-end"
                },
                {
                  "node": "d",
                  "type": "line-start",
                  "ref": "P286023.18",
                  "n": "7'",
                  "label": "o ii' 7'"
                },
                {
                  "node": "d",
                  "type": "cell-start"
                },
                {
                  "node": "d",
                  "type": "field-start",
                  "subtype": "default"
                },
                {
                  "node": "l",
                  "frag": "{⸢d}x⸣-[...]",
                  "id": "P286023.l00be4",
                  "ref": "P286023.18.1",
                  "inst": "u",
                  "f": {
                    "lang": "sux",
                    "form": "{d}x-x",
                    "pos": "u"
                  }
                },
                {
                  "node": "d",
                  "type": "field-end",
                  "subtype": "default"
                },
                {
                  "node": "d",
                  "type": "cell-end"
                },
                {
                  "node": "d",
                  "type": "cell-start"
                },
                {
                  "node": "d",
                  "type": "field-start",
                  "subtype": "eq"
                },
                {
                  "node": "l",
                  "frag": "[...]",
                  "id": "P286023.l00be5",
                  "ref": "P286023.18.2",
                  "inst": "u",
                  "f": {
                    "lang": "akk-x-stdbab",
                    "form": "x",
                    "pos": "u"
                  }
                },
                {
                  "node": "d",
                  "type": "field-end",
                  "subtype": "eq"
                },
                {
                  "node": "d",
                  "type": "cell-end"
                },
                {
                  "node": "d",
                  "type": "nonx",
                  "ref": "P286023.19",
                  "strict": "1",
                  "extent": "rest",
                  "scope": "column",
                  "state": "missing"
                }
              ]
            }
          ]
        }
      ]
    }
  ]
}
