{
  "type": "cdl",
  "source": "http://oracc.org/dcclt/nineveh",
  "license": "This data is released under the CC0 license",
  "license-url": "https://creativecommons.org/publicdomain/zero/1.0/",
  "more-info": "http://oracc.org/doc/opendata/",
  "UTC-timestamp": "2017-06-09T23:52:47",
  "project": "dcclt/nineveh",
  "textid": "P349926",
  "cdl": [
    {
      "node": "c",
      "type": "text",
      "id": "P349926.U0",
      "cdl": [
        {
          "node": "d",
          "type": "object",
          "ref": ""
        },
        {
          "node": "d",
          "subtype": "obverse",
          "type": "obverse",
          "ref": "P349926.o.1",
          "label": "o"
        },
        {
          "node": "d",
          "subtype": "column 1o",
          "type": "column",
          "ref": "P349926.o.i.2",
          "n": "1",
          "label": "o i"
        },
        {
          "node": "d",
          "type": "nonx",
          "ref": "P349926.3",
          "strict": "1",
          "extent": "beginning",
          "scope": "column",
          "state": "missing"
        },
        {
          "node": "c",
          "type": "discourse",
          "subtype": "body",
          "id": "P349926.U1",
          "cdl": [
            {
              "node": "c",
              "type": "sentence",
              "id": "P349926.U2",
              "label": "o i 1' - o i 13'",
              "cdl": [
                {
                  "node": "d",
                  "type": "line-start",
                  "ref": "P349926.4",
                  "n": "1'",
                  "label": "o i 1'"
                },
                {
                  "node": "d",
                  "type": "cell-start"
                },
                {
                  "node": "d",
                  "type": "field-start",
                  "subtype": "default"
                },
                {
                  "node": "l",
                  "frag": "⸢guru₅⸣",
                  "id": "P349926.l121c0",
                  "ref": "P349926.4.1",
                  "inst": "%sux:guru₅=",
                  "f": {
                    "lang": "sux",
                    "form": "guru₅"
                  }
                },
                {
                  "node": "l",
                  "frag": "[...]",
                  "id": "P349926.l121c1",
                  "ref": "P349926.4.2",
                  "inst": "%sux:x=",
                  "f": {
                    "lang": "sux",
                    "form": "x"
                  }
                },
                {
                  "node": "d",
                  "type": "field-end",
                  "subtype": "default"
                },
                {
                  "node": "d",
                  "type": "cell-end"
                },
                {
                  "node": "d",
                  "type": "cell-start"
                },
                {
                  "node": "d",
                  "type": "field-start",
                  "subtype": "eq"
                },
                {
                  "node": "l",
                  "frag": "[...]",
                  "id": "P349926.l121c2",
                  "ref": "P349926.4.3",
                  "inst": "%akk-x-stdbab:x=",
                  "f": {
                    "lang": "akk-x-stdbab",
                    "form": "x"
                  }
                },
                {
                  "node": "d",
                  "type": "field-end",
                  "subtype": "eq"
                },
                {
                  "node": "d",
                  "type": "cell-end"
                },
                {
                  "node": "d",
                  "type": "line-start",
                  "ref": "P349926.5",
                  "n": "2'",
                  "label": "o i 2'"
                },
                {
                  "node": "d",
                  "type": "cell-start"
                },
                {
                  "node": "d",
                  "type": "field-start",
                  "subtype": "default"
                },
                {
                  "node": "l",
                  "frag": "guru₅-⸢guru₅",
                  "id": "P349926.l121c3",
                  "ref": "P349926.5.1",
                  "inst": "%sux:guru₅-guru₅=",
                  "f": {
                    "lang": "sux",
                    "form": "guru₅-guru₅"
                  }
                },
                {
                  "node": "l",
                  "frag": "x⸣",
                  "id": "P349926.l121c4",
                  "ref": "P349926.5.2",
                  "inst": "%sux:x=",
                  "f": {
                    "lang": "sux",
                    "form": "x"
                  }
                },
                {
                  "node": "l",
                  "frag": "[...]",
                  "id": "P349926.l121c5",
                  "ref": "P349926.5.3",
                  "inst": "%sux:x=",
                  "f": {
                    "lang": "sux",
                    "form": "x"
                  }
                },
                {
                  "node": "d",
                  "type": "field-end",
                  "subtype": "default"
                },
                {
                  "node": "d",
                  "type": "cell-end"
                },
                {
                  "node": "d",
                  "type": "cell-start"
                },
                {
                  "node": "d",
                  "type": "field-start",
                  "subtype": "eq"
                },
                {
                  "node": "l",
                  "frag": "[...]",
                  "id": "P349926.l121c6",
                  "ref": "P349926.5.4",
                  "inst": "%akk-x-stdbab:x=",
                  "f": {
                    "lang": "akk-x-stdbab",
                    "form": "x"
                  }
                },
                {
                  "node": "d",
                  "type": "field-end",
                  "subtype": "eq"
                },
                {
                  "node": "d",
                  "type": "cell-end"
                },
                {
                  "node": "d",
                  "type": "nonx",
                  "ref": "P349926.6",
                  "strict": "1",
                  "extent": "1",
                  "scope": "line",
                  "state": "ruling"
                },
                {
                  "node": "d",
                  "type": "line-start",
                  "ref": "P349926.7",
                  "n": "3'",
                  "label": "o i 3'"
                },
                {
                  "node": "d",
                  "type": "cell-start"
                },
                {
                  "node": "d",
                  "type": "field-start",
                  "subtype": "default"
                },
                {
                  "node": "l",
                  "frag": "al-⸢mud⸣",
                  "id": "P349926.l121c7",
                  "ref": "P349926.7.1",
                  "inst": "%sux:al-mud=",
                  "f": {
                    "lang": "sux",
                    "form": "al-mud"
                  }
                },
                {
                  "node": "d",
                  "type": "field-end",
                  "subtype": "default"
                },
                {
                  "node": "d",
                  "type": "cell-end"
                },
                {
                  "node": "d",
                  "type": "cell-start"
                },
                {
                  "node": "d",
                  "type": "field-start",
                  "subtype": "eq"
                },
                {
                  "node": "l",
                  "frag": "[...]",
                  "id": "P349926.l121c8",
                  "ref": "P349926.7.2",
                  "inst": "%akk-x-stdbab:x=",
                  "f": {
                    "lang": "akk-x-stdbab",
                    "form": "x"
                  }
                },
                {
                  "node": "d",
                  "type": "field-end",
                  "subtype": "eq"
                },
                {
                  "node": "d",
                  "type": "cell-end"
                },
                {
                  "node": "d",
                  "type": "line-start",
                  "ref": "P349926.8",
                  "n": "4'",
                  "label": "o i 4'"
                },
                {
                  "node": "d",
                  "type": "cell-start"
                },
                {
                  "node": "d",
                  "type": "field-start",
                  "subtype": "default"
                },
                {
                  "node": "l",
                  "frag": "al-mud",
                  "id": "P349926.l121c9",
                  "ref": "P349926.8.1",
                  "inst": "%sux:al-mud=",
                  "f": {
                    "lang": "sux",
                    "form": "al-mud"
                  }
                },
                {
                  "node": "l",
                  "frag": "ŋa₂-ŋa₂",
                  "id": "P349926.l121ca",
                  "ref": "P349926.8.2",
                  "inst": "%sux:ŋa₂-ŋa₂=",
                  "f": {
                    "lang": "sux",
                    "form": "ŋa₂-ŋa₂"
                  }
                },
                {
                  "node": "d",
                  "type": "field-end",
                  "subtype": "default"
                },
                {
                  "node": "d",
                  "type": "cell-end"
                },
                {
                  "node": "d",
                  "type": "cell-start"
                },
                {
                  "node": "d",
                  "type": "field-start",
                  "subtype": "eq"
                },
                {
                  "node": "l",
                  "frag": "[...]",
                  "id": "P349926.l121cb",
                  "ref": "P349926.8.3",
                  "inst": "%akk-x-stdbab:x=",
                  "f": {
                    "lang": "akk-x-stdbab",
                    "form": "x"
                  }
                },
                {
                  "node": "d",
                  "type": "field-end",
                  "subtype": "eq"
                },
                {
                  "node": "d",
                  "type": "cell-end"
                },
                {
                  "node": "d",
                  "type": "line-start",
                  "ref": "P349926.9",
                  "n": "5'",
                  "label": "o i 5'"
                },
                {
                  "node": "d",
                  "type": "cell-start"
                },
                {
                  "node": "d",
                  "type": "field-start",
                  "subtype": "default"
                },
                {
                  "node": "l",
                  "frag": "al-mud",
                  "id": "P349926.l121cc",
                  "ref": "P349926.9.1",
                  "inst": "%sux:al-mud=",
                  "f": {
                    "lang": "sux",
                    "form": "al-mud"
                  }
                },
                {
                  "node": "l",
                  "frag": "DU₇-DU₇",
                  "id": "P349926.l121cd",
                  "ref": "P349926.9.2",
                  "inst": "%sux:DU₇-DU₇=",
                  "f": {
                    "lang": "sux",
                    "form": "DU₇-DU₇"
                  }
                },
                {
                  "node": "d",
                  "type": "field-end",
                  "subtype": "default"
                },
                {
                  "node": "d",
                  "type": "cell-end"
                },
                {
                  "node": "d",
                  "type": "cell-start"
                },
                {
                  "node": "d",
                  "type": "field-start",
                  "subtype": "eq"
                },
                {
                  "node": "l",
                  "frag": "⸢x⸣-[...]",
                  "id": "P349926.l121ce",
                  "ref": "P349926.9.3",
                  "inst": "%akk-x-stdbab:x-x=",
                  "f": {
                    "lang": "akk-x-stdbab",
                    "form": "x-x"
                  }
                },
                {
                  "node": "d",
                  "type": "field-end",
                  "subtype": "eq"
                },
                {
                  "node": "d",
                  "type": "cell-end"
                },
                {
                  "node": "d",
                  "type": "line-start",
                  "ref": "P349926.10",
                  "n": "6'",
                  "label": "o i 6'"
                },
                {
                  "node": "d",
                  "type": "cell-start"
                },
                {
                  "node": "d",
                  "type": "field-start",
                  "subtype": "default"
                },
                {
                  "node": "l",
                  "frag": "al-mud",
                  "id": "P349926.l121cf",
                  "ref": "P349926.10.1",
                  "inst": "%sux:al-mud=",
                  "f": {
                    "lang": "sux",
                    "form": "al-mud"
                  }
                },
                {
                  "node": "l",
                  "frag": "gi₁₆-gi₁₆",
                  "id": "P349926.l121d0",
                  "ref": "P349926.10.2",
                  "inst": "%sux:gi₁₆-gi₁₆=",
                  "f": {
                    "lang": "sux",
                    "form": "gi₁₆-gi₁₆"
                  }
                },
                {
                  "node": "d",
                  "type": "field-end",
                  "subtype": "default"
                },
                {
                  "node": "d",
                  "type": "cell-end"
                },
                {
                  "node": "d",
                  "type": "cell-start"
                },
                {
                  "node": "d",
                  "type": "field-start",
                  "subtype": "eq"
                },
                {
                  "node": "l",
                  "frag": "i-[...]",
                  "id": "P349926.l121d1",
                  "ref": "P349926.10.3",
                  "inst": "%akk-x-stdbab:i-x=",
                  "f": {
                    "lang": "akk-x-stdbab",
                    "form": "i-x"
                  }
                },
                {
                  "node": "d",
                  "type": "field-end",
                  "subtype": "eq"
                },
                {
                  "node": "d",
                  "type": "cell-end"
                },
                {
                  "node": "d",
                  "type": "line-start",
                  "ref": "P349926.11",
                  "n": "7'",
                  "label": "o i 7'"
                },
                {
                  "node": "d",
                  "type": "cell-start"
                },
                {
                  "node": "d",
                  "type": "field-start",
                  "subtype": "default"
                },
                {
                  "node": "l",
                  "frag": "al-mud",
                  "id": "P349926.l121d2",
                  "ref": "P349926.11.1",
                  "inst": "%sux:al-mud=",
                  "f": {
                    "lang": "sux",
                    "form": "al-mud"
                  }
                },
                {
                  "node": "l",
                  "frag": "ku₇-ku₇-da",
                  "id": "P349926.l121d3",
                  "ref": "P349926.11.2",
                  "inst": "%sux:ku₇-ku₇-da=",
                  "f": {
                    "lang": "sux",
                    "form": "ku₇-ku₇-da"
                  }
                },
                {
                  "node": "d",
                  "type": "field-end",
                  "subtype": "default"
                },
                {
                  "node": "d",
                  "type": "cell-end"
                },
                {
                  "node": "d",
                  "type": "cell-start"
                },
                {
                  "node": "d",
                  "type": "field-start",
                  "subtype": "eq"
                },
                {
                  "node": "l",
                  "frag": "i-[...]",
                  "id": "P349926.l121d4",
                  "ref": "P349926.11.3",
                  "inst": "%akk-x-stdbab:i-x=",
                  "f": {
                    "lang": "akk-x-stdbab",
                    "form": "i-x"
                  }
                },
                {
                  "node": "d",
                  "type": "field-end",
                  "subtype": "eq"
                },
                {
                  "node": "d",
                  "type": "cell-end"
                },
                {
                  "node": "d",
                  "type": "nonx",
                  "ref": "P349926.12",
                  "strict": "1",
                  "extent": "1",
                  "scope": "line",
                  "state": "ruling"
                },
                {
                  "node": "d",
                  "type": "line-start",
                  "ref": "P349926.13",
                  "n": "8'",
                  "label": "o i 8'"
                },
                {
                  "node": "d",
                  "type": "cell-start"
                },
                {
                  "node": "d",
                  "type": "field-start",
                  "subtype": "default"
                },
                {
                  "node": "l",
                  "frag": "sig₇-sig₇",
                  "id": "P349926.l121d5",
                  "ref": "P349926.13.1",
                  "inst": "%sux:sig₇-sig₇=",
                  "f": {
                    "lang": "sux",
                    "form": "sig₇-sig₇"
                  }
                },
                {
                  "node": "d",
                  "type": "field-end",
                  "subtype": "default"
                },
                {
                  "node": "d",
                  "type": "cell-end"
                },
                {
                  "node": "d",
                  "type": "cell-start"
                },
                {
                  "node": "d",
                  "type": "field-start",
                  "subtype": "eq"
                },
                {
                  "node": "l",
                  "frag": "i-[...]",
                  "id": "P349926.l121d6",
                  "ref": "P349926.13.2",
                  "inst": "%akk-x-stdbab:i-x=",
                  "f": {
                    "lang": "akk-x-stdbab",
                    "form": "i-x"
                  }
                },
                {
                  "node": "d",
                  "type": "field-end",
                  "subtype": "eq"
                },
                {
                  "node": "d",
                  "type": "cell-end"
                },
                {
                  "node": "d",
                  "type": "line-start",
                  "ref": "P349926.14",
                  "n": "9'",
                  "label": "o i 9'"
                },
                {
                  "node": "d",
                  "type": "cell-start"
                },
                {
                  "node": "d",
                  "type": "field-start",
                  "subtype": "default"
                },
                {
                  "node": "l",
                  "frag": "sig₇-sig₇",
                  "id": "P349926.l121d7",
                  "ref": "P349926.14.1",
                  "inst": "%sux:sig₇-sig₇=",
                  "f": {
                    "lang": "sux",
                    "form": "sig₇-sig₇"
                  }
                },
                {
                  "node": "l",
                  "frag": "ŋa₂-ŋa₂",
                  "id": "P349926.l121d8",
                  "ref": "P349926.14.2",
                  "inst": "%sux:ŋa₂-ŋa₂=",
                  "f": {
                    "lang": "sux",
                    "form": "ŋa₂-ŋa₂"
                  }
                },
                {
                  "node": "d",
                  "type": "field-end",
                  "subtype": "default"
                },
                {
                  "node": "d",
                  "type": "cell-end"
                },
                {
                  "node": "d",
                  "type": "cell-start"
                },
                {
                  "node": "d",
                  "type": "field-start",
                  "subtype": "eq"
                },
                {
                  "node": "l",
                  "frag": "⸢it⸣-[...]",
                  "id": "P349926.l121d9",
                  "ref": "P349926.14.3",
                  "inst": "%akk-x-stdbab:it-x=",
                  "f": {
                    "lang": "akk-x-stdbab",
                    "form": "it-x"
                  }
                },
                {
                  "node": "d",
                  "type": "nonw",
                  "ref": ""
                },
                {
                  "node": "d",
                  "type": "field-end",
                  "subtype": "eq"
                },
                {
                  "node": "d",
                  "type": "cell-end"
                },
                {
                  "node": "d",
                  "type": "line-start",
                  "ref": "P349926.15",
                  "n": "10'",
                  "label": "o i 10'"
                },
                {
                  "node": "d",
                  "type": "cell-start"
                },
                {
                  "node": "d",
                  "type": "field-start",
                  "subtype": "default"
                },
                {
                  "node": "l",
                  "frag": "sig₇-sig₇",
                  "id": "P349926.l121da",
                  "ref": "P349926.15.1",
                  "inst": "%sux:sig₇-sig₇=",
                  "f": {
                    "lang": "sux",
                    "form": "sig₇-sig₇"
                  }
                },
                {
                  "node": "l",
                  "frag": "du₈-du₈",
                  "id": "P349926.l121db",
                  "ref": "P349926.15.2",
                  "inst": "%sux:du₈-du₈=",
                  "f": {
                    "lang": "sux",
                    "form": "du₈-du₈"
                  }
                },
                {
                  "node": "d",
                  "type": "field-end",
                  "subtype": "default"
                },
                {
                  "node": "d",
                  "type": "cell-end"
                },
                {
                  "node": "d",
                  "type": "cell-start"
                },
                {
                  "node": "d",
                  "type": "field-start",
                  "subtype": "eq"
                },
                {
                  "node": "l",
                  "frag": "i-[...]",
                  "id": "P349926.l121dc",
                  "ref": "P349926.15.3",
                  "inst": "%akk-x-stdbab:i-x=",
                  "f": {
                    "lang": "akk-x-stdbab",
                    "form": "i-x"
                  }
                },
                {
                  "node": "d",
                  "type": "field-end",
                  "subtype": "eq"
                },
                {
                  "node": "d",
                  "type": "cell-end"
                },
                {
                  "node": "d",
                  "type": "line-start",
                  "ref": "P349926.16",
                  "n": "11'",
                  "label": "o i 11'"
                },
                {
                  "node": "d",
                  "type": "cell-start"
                },
                {
                  "node": "d",
                  "type": "field-start",
                  "subtype": "default"
                },
                {
                  "node": "l",
                  "frag": "sa₇-a",
                  "id": "P349926.l121dd",
                  "ref": "P349926.16.1",
                  "inst": "%sux:sa₇-a=",
                  "f": {
                    "lang": "sux",
                    "form": "sa₇-a"
                  }
                },
                {
                  "node": "d",
                  "type": "field-end",
                  "subtype": "default"
                },
                {
                  "node": "d",
                  "type": "cell-end"
                },
                {
                  "node": "d",
                  "type": "cell-start"
                },
                {
                  "node": "d",
                  "type": "field-start",
                  "subtype": "eq"
                },
                {
                  "node": "l",
                  "frag": "[...]",
                  "id": "P349926.l121de",
                  "ref": "P349926.16.2",
                  "inst": "%akk-x-stdbab:x=",
                  "f": {
                    "lang": "akk-x-stdbab",
                    "form": "x"
                  }
                },
                {
                  "node": "d",
                  "type": "field-end",
                  "subtype": "eq"
                },
                {
                  "node": "d",
                  "type": "cell-end"
                },
                {
                  "node": "d",
                  "type": "line-start",
                  "ref": "P349926.17",
                  "n": "12'",
                  "label": "o i 12'"
                },
                {
                  "node": "d",
                  "type": "cell-start"
                },
                {
                  "node": "d",
                  "type": "field-start",
                  "subtype": "default"
                },
                {
                  "node": "l",
                  "frag": "sa₇-⸢a⸣",
                  "id": "P349926.l121df",
                  "ref": "P349926.17.1",
                  "inst": "%sux:sa₇-a=",
                  "f": {
                    "lang": "sux",
                    "form": "sa₇-a"
                  }
                },
                {
                  "node": "d",
                  "type": "field-end",
                  "subtype": "default"
                },
                {
                  "node": "d",
                  "type": "cell-end"
                },
                {
                  "node": "d",
                  "type": "cell-start"
                },
                {
                  "node": "d",
                  "type": "field-start",
                  "subtype": "eq"
                },
                {
                  "node": "l",
                  "frag": "[...]",
                  "id": "P349926.l121e0",
                  "ref": "P349926.17.2",
                  "inst": "%akk-x-stdbab:x=",
                  "f": {
                    "lang": "akk-x-stdbab",
                    "form": "x"
                  }
                },
                {
                  "node": "d",
                  "type": "field-end",
                  "subtype": "eq"
                },
                {
                  "node": "d",
                  "type": "cell-end"
                },
                {
                  "node": "d",
                  "type": "line-start",
                  "ref": "P349926.18",
                  "n": "13'",
                  "label": "o i 13'"
                },
                {
                  "node": "d",
                  "type": "cell-start"
                },
                {
                  "node": "d",
                  "type": "field-start",
                  "subtype": "default"
                },
                {
                  "node": "l",
                  "frag": "⸢SIG₇⸣",
                  "id": "P349926.l121e1",
                  "ref": "P349926.18.1",
                  "inst": "%sux:SIG₇=",
                  "f": {
                    "lang": "sux",
                    "form": "SIG₇"
                  }
                },
                {
                  "node": "l",
                  "frag": "[...]",
                  "id": "P349926.l121e2",
                  "ref": "P349926.18.2",
                  "inst": "%sux:x=",
                  "f": {
                    "lang": "sux",
                    "form": "x"
                  }
                },
                {
                  "node": "d",
                  "type": "field-end",
                  "subtype": "default"
                },
                {
                  "node": "d",
                  "type": "cell-end"
                },
                {
                  "node": "d",
                  "type": "cell-start"
                },
                {
                  "node": "d",
                  "type": "field-start",
                  "subtype": "eq"
                },
                {
                  "node": "l",
                  "frag": "[...]",
                  "id": "P349926.l121e3",
                  "ref": "P349926.18.3",
                  "inst": "%akk-x-stdbab:x=",
                  "f": {
                    "lang": "akk-x-stdbab",
                    "form": "x"
                  }
                },
                {
                  "node": "d",
                  "type": "field-end",
                  "subtype": "eq"
                },
                {
                  "node": "d",
                  "type": "cell-end"
                },
                {
                  "node": "d",
                  "type": "nonx",
                  "ref": "P349926.19",
                  "strict": "1",
                  "extent": "rest",
                  "scope": "column",
                  "state": "missing"
                }
              ]
            }
          ]
        }
      ]
    }
  ]
}
