{
  "type": "cdl",
  "project": "dcclt/nineveh",
  "source": "http://oracc.org/dcclt/nineveh",
  "license": "This data is released under the CC0 license",
  "license-url": "https://creativecommons.org/publicdomain/zero/1.0/",
  "more-info": "http://oracc.org/doc/opendata/",
  "UTC-timestamp": "2017-06-21T22:27:45",
  "textid": "P382579",
  "cdl": [
    {
      "node": "c",
      "type": "text",
      "id": "P382579.U0",
      "cdl": [
        {
          "node": "d",
          "subtype": "tablet",
          "type": "tablet",
          "ref": "P382579.x290.1",
          "label": "x290"
        },
        {
          "node": "d",
          "type": "surface",
          "ref": ""
        },
        {
          "node": "d",
          "type": "nonx",
          "ref": "P382579.2",
          "strict": "1",
          "extent": "beginning",
          "scope": "line",
          "state": "missing"
        },
        {
          "node": "c",
          "type": "discourse",
          "subtype": "body",
          "id": "P382579.U1",
          "cdl": [
            {
              "node": "c",
              "type": "sentence",
              "id": "P382579.U2",
              "label": "1' - 7'",
              "cdl": [
                {
                  "node": "d",
                  "type": "line-start",
                  "ref": "P382579.3",
                  "n": "1'",
                  "label": "1'"
                },
                {
                  "node": "d",
                  "type": "cell-start"
                },
                {
                  "node": "d",
                  "type": "field-start",
                  "subtype": "sv"
                },
                {
                  "node": "l",
                  "frag": "si₃",
                  "id": "P382579.l0d60d",
                  "ref": "P382579.3.1",
                  "inst": "%sux:si₃=",
                  "f": {
                    "lang": "sux",
                    "form": "si₃",
                    "delim": " ",
                    "gdl": [
                      {
                        "v": "si₃",
                        "id": "P382579.3.1.0"
                      }
                    ]
                  }
                },
                {
                  "node": "d",
                  "frag": "[*]",
                  "type": "punct",
                  "ref": "P382579.3.2",
                  "lang": "sux"
                },
                {
                  "node": "d",
                  "type": "field-end",
                  "subtype": "sv"
                },
                {
                  "node": "d",
                  "type": "cell-end"
                },
                {
                  "node": "d",
                  "type": "cell-start"
                },
                {
                  "node": "d",
                  "type": "field-start",
                  "subtype": "pr"
                },
                {
                  "node": "l",
                  "frag": "[si]-⸢i⸣",
                  "id": "P382579.l0d60e",
                  "ref": "P382579.3.3",
                  "inst": "%sux:si-i=",
                  "f": {
                    "lang": "sux",
                    "form": "si-i",
                    "gdl": [
                      {
                        "v": "si",
                        "id": "P382579.3.3.0",
                        "breakStart": "1",
                        "o": "]",
                        "break": "missing",
                        "breakEnd": "P382579.3.3.0",
                        "delim": "-"
                      },
                      {
                        "v": "i",
                        "id": "P382579.3.3.1",
                        "break": "damaged",
                        "queried": "1",
                        "ho": "1",
                        "hc": "1"
                      }
                    ]
                  }
                },
                {
                  "node": "d",
                  "type": "field-end",
                  "subtype": "pr"
                },
                {
                  "node": "d",
                  "type": "cell-end"
                },
                {
                  "node": "d",
                  "type": "cell-start"
                },
                {
                  "node": "d",
                  "type": "field-start",
                  "subtype": "sg"
                },
                {
                  "node": "l",
                  "frag": "[SUM]",
                  "id": "P382579.l0d60f",
                  "ref": "P382579.3.4",
                  "inst": "%sux:SUM=",
                  "f": {
                    "lang": "sux",
                    "form": "SUM",
                    "gdl": [
                      {
                        "s": "SUM",
                        "id": "P382579.3.4.0",
                        "breakStart": "1",
                        "o": "]",
                        "break": "missing",
                        "breakEnd": "P382579.3.4.0"
                      }
                    ]
                  }
                },
                {
                  "node": "d",
                  "type": "field-end",
                  "subtype": "sg"
                },
                {
                  "node": "d",
                  "type": "cell-end"
                },
                {
                  "node": "d",
                  "type": "cell-start"
                },
                {
                  "node": "d",
                  "type": "field-start",
                  "subtype": "sn"
                },
                {
                  "node": "l",
                  "frag": "[...]",
                  "id": "P382579.l0d610",
                  "ref": "P382579.3.5",
                  "inst": "%akk-x-stdbab:x=",
                  "f": {
                    "lang": "akk-x-stdbab",
                    "form": "x",
                    "gdl": [
                      {
                        "x": "ellipsis",
                        "id": "P382579.3.5.0",
                        "breakStart": "1",
                        "break": "missing",
                        "o": "]",
                        "breakEnd": "P382579.3.5.0"
                      }
                    ]
                  }
                },
                {
                  "node": "d",
                  "type": "field-end",
                  "subtype": "sn"
                },
                {
                  "node": "d",
                  "type": "cell-end"
                },
                {
                  "node": "d",
                  "type": "cell-start"
                },
                {
                  "node": "d",
                  "type": "field-start",
                  "subtype": "eq"
                },
                {
                  "node": "l",
                  "frag": "[...]",
                  "id": "P382579.l0d611",
                  "ref": "P382579.3.6",
                  "inst": "%akk-x-stdbab:x=",
                  "f": {
                    "lang": "akk-x-stdbab",
                    "form": "x",
                    "gdl": [
                      {
                        "x": "ellipsis",
                        "id": "P382579.3.6.0",
                        "breakStart": "1",
                        "break": "missing",
                        "o": "]",
                        "breakEnd": "P382579.3.6.0"
                      }
                    ]
                  }
                },
                {
                  "node": "d",
                  "type": "field-end",
                  "subtype": "eq"
                },
                {
                  "node": "d",
                  "type": "cell-end"
                },
                {
                  "node": "d",
                  "type": "line-start",
                  "ref": "P382579.4",
                  "n": "2'",
                  "label": "2'"
                },
                {
                  "node": "d",
                  "type": "cell-start"
                },
                {
                  "node": "d",
                  "type": "field-start",
                  "subtype": "sv"
                },
                {
                  "node": "l",
                  "frag": "si₃",
                  "id": "P382579.l0d612",
                  "ref": "P382579.4.1",
                  "inst": "%sux:si₃=",
                  "f": {
                    "lang": "sux",
                    "form": "si₃",
                    "delim": " ",
                    "gdl": [
                      {
                        "v": "si₃",
                        "id": "P382579.4.1.0"
                      }
                    ]
                  }
                },
                {
                  "node": "d",
                  "frag": "[*]",
                  "type": "punct",
                  "ref": "P382579.4.2",
                  "lang": "sux"
                },
                {
                  "node": "d",
                  "type": "field-end",
                  "subtype": "sv"
                },
                {
                  "node": "d",
                  "type": "cell-end"
                },
                {
                  "node": "d",
                  "type": "cell-start"
                },
                {
                  "node": "d",
                  "type": "field-start",
                  "subtype": "pr"
                },
                {
                  "node": "l",
                  "frag": "[si]-⸢i⸣",
                  "id": "P382579.l0d613",
                  "ref": "P382579.4.3",
                  "inst": "%sux:si-i=",
                  "f": {
                    "lang": "sux",
                    "form": "si-i",
                    "gdl": [
                      {
                        "v": "si",
                        "id": "P382579.4.3.0",
                        "breakStart": "1",
                        "o": "]",
                        "break": "missing",
                        "breakEnd": "P382579.4.3.0",
                        "delim": "-"
                      },
                      {
                        "v": "i",
                        "id": "P382579.4.3.1",
                        "break": "damaged",
                        "ho": "1",
                        "hc": "1"
                      }
                    ]
                  }
                },
                {
                  "node": "d",
                  "type": "field-end",
                  "subtype": "pr"
                },
                {
                  "node": "d",
                  "type": "cell-end"
                },
                {
                  "node": "d",
                  "type": "cell-start"
                },
                {
                  "node": "d",
                  "type": "field-start",
                  "subtype": "sg"
                },
                {
                  "node": "l",
                  "frag": "[SUM]",
                  "id": "P382579.l0d614",
                  "ref": "P382579.4.4",
                  "inst": "%sux:SUM=",
                  "f": {
                    "lang": "sux",
                    "form": "SUM",
                    "gdl": [
                      {
                        "s": "SUM",
                        "id": "P382579.4.4.0",
                        "breakStart": "1",
                        "o": "]",
                        "break": "missing",
                        "breakEnd": "P382579.4.4.0"
                      }
                    ]
                  }
                },
                {
                  "node": "d",
                  "type": "field-end",
                  "subtype": "sg"
                },
                {
                  "node": "d",
                  "type": "cell-end"
                },
                {
                  "node": "d",
                  "type": "cell-start"
                },
                {
                  "node": "d",
                  "type": "field-start",
                  "subtype": "sn"
                },
                {
                  "node": "l",
                  "frag": "[...]",
                  "id": "P382579.l0d615",
                  "ref": "P382579.4.5",
                  "inst": "%akk-x-stdbab:x=",
                  "f": {
                    "lang": "akk-x-stdbab",
                    "form": "x",
                    "gdl": [
                      {
                        "x": "ellipsis",
                        "id": "P382579.4.5.0",
                        "breakStart": "1",
                        "break": "missing",
                        "o": "]",
                        "breakEnd": "P382579.4.5.0"
                      }
                    ]
                  }
                },
                {
                  "node": "d",
                  "type": "field-end",
                  "subtype": "sn"
                },
                {
                  "node": "d",
                  "type": "cell-end"
                },
                {
                  "node": "d",
                  "type": "cell-start"
                },
                {
                  "node": "d",
                  "type": "field-start",
                  "subtype": "eq"
                },
                {
                  "node": "l",
                  "frag": "[...]",
                  "id": "P382579.l0d616",
                  "ref": "P382579.4.6",
                  "inst": "%akk-x-stdbab:x=",
                  "f": {
                    "lang": "akk-x-stdbab",
                    "form": "x",
                    "gdl": [
                      {
                        "x": "ellipsis",
                        "id": "P382579.4.6.0",
                        "breakStart": "1",
                        "break": "missing",
                        "o": "]",
                        "breakEnd": "P382579.4.6.0"
                      }
                    ]
                  }
                },
                {
                  "node": "d",
                  "type": "field-end",
                  "subtype": "eq"
                },
                {
                  "node": "d",
                  "type": "cell-end"
                },
                {
                  "node": "d",
                  "type": "line-start",
                  "ref": "P382579.5",
                  "n": "3'",
                  "label": "3'"
                },
                {
                  "node": "d",
                  "type": "cell-start"
                },
                {
                  "node": "d",
                  "type": "field-start",
                  "subtype": "sv"
                },
                {
                  "node": "l",
                  "frag": "si₃",
                  "id": "P382579.l0d617",
                  "ref": "P382579.5.1",
                  "inst": "%sux:si₃=",
                  "f": {
                    "lang": "sux",
                    "form": "si₃",
                    "delim": " ",
                    "gdl": [
                      {
                        "v": "si₃",
                        "id": "P382579.5.1.0"
                      }
                    ]
                  }
                },
                {
                  "node": "d",
                  "frag": "[*]",
                  "type": "punct",
                  "ref": "P382579.5.2",
                  "lang": "sux"
                },
                {
                  "node": "d",
                  "type": "field-end",
                  "subtype": "sv"
                },
                {
                  "node": "d",
                  "type": "cell-end"
                },
                {
                  "node": "d",
                  "type": "cell-start"
                },
                {
                  "node": "d",
                  "type": "field-start",
                  "subtype": "pr"
                },
                {
                  "node": "l",
                  "frag": "[si]-⸢i⸣",
                  "id": "P382579.l0d618",
                  "ref": "P382579.5.3",
                  "inst": "%sux:si-i=",
                  "f": {
                    "lang": "sux",
                    "form": "si-i",
                    "gdl": [
                      {
                        "v": "si",
                        "id": "P382579.5.3.0",
                        "breakStart": "1",
                        "o": "]",
                        "break": "missing",
                        "breakEnd": "P382579.5.3.0",
                        "delim": "-"
                      },
                      {
                        "v": "i",
                        "id": "P382579.5.3.1",
                        "break": "damaged",
                        "ho": "1",
                        "hc": "1"
                      }
                    ]
                  }
                },
                {
                  "node": "d",
                  "type": "field-end",
                  "subtype": "pr"
                },
                {
                  "node": "d",
                  "type": "cell-end"
                },
                {
                  "node": "d",
                  "type": "cell-start"
                },
                {
                  "node": "d",
                  "type": "field-start",
                  "subtype": "sg"
                },
                {
                  "node": "l",
                  "frag": "⸢SUM⸣",
                  "id": "P382579.l0d619",
                  "ref": "P382579.5.4",
                  "inst": "%sux:SUM=",
                  "f": {
                    "lang": "sux",
                    "form": "SUM",
                    "gdl": [
                      {
                        "s": "SUM",
                        "id": "P382579.5.4.0",
                        "break": "damaged",
                        "ho": "1",
                        "hc": "1"
                      }
                    ]
                  }
                },
                {
                  "node": "d",
                  "type": "field-end",
                  "subtype": "sg"
                },
                {
                  "node": "d",
                  "type": "cell-end"
                },
                {
                  "node": "d",
                  "type": "cell-start"
                },
                {
                  "node": "d",
                  "type": "field-start",
                  "subtype": "sn"
                },
                {
                  "node": "l",
                  "frag": "[...]",
                  "id": "P382579.l0d61a",
                  "ref": "P382579.5.5",
                  "inst": "%akk-x-stdbab:x=",
                  "f": {
                    "lang": "akk-x-stdbab",
                    "form": "x",
                    "gdl": [
                      {
                        "x": "ellipsis",
                        "id": "P382579.5.5.0",
                        "breakStart": "1",
                        "break": "missing",
                        "o": "]",
                        "breakEnd": "P382579.5.5.0"
                      }
                    ]
                  }
                },
                {
                  "node": "d",
                  "type": "field-end",
                  "subtype": "sn"
                },
                {
                  "node": "d",
                  "type": "cell-end"
                },
                {
                  "node": "d",
                  "type": "cell-start"
                },
                {
                  "node": "d",
                  "type": "field-start",
                  "subtype": "eq"
                },
                {
                  "node": "l",
                  "frag": "[...]",
                  "id": "P382579.l0d61b",
                  "ref": "P382579.5.6",
                  "inst": "%akk-x-stdbab:x=",
                  "f": {
                    "lang": "akk-x-stdbab",
                    "form": "x",
                    "gdl": [
                      {
                        "x": "ellipsis",
                        "id": "P382579.5.6.0",
                        "breakStart": "1",
                        "break": "missing",
                        "o": "]",
                        "breakEnd": "P382579.5.6.0"
                      }
                    ]
                  }
                },
                {
                  "node": "d",
                  "type": "field-end",
                  "subtype": "eq"
                },
                {
                  "node": "d",
                  "type": "cell-end"
                },
                {
                  "node": "d",
                  "type": "line-start",
                  "ref": "P382579.6",
                  "n": "4'",
                  "label": "4'"
                },
                {
                  "node": "d",
                  "type": "cell-start"
                },
                {
                  "node": "d",
                  "type": "field-start",
                  "subtype": "sv"
                },
                {
                  "node": "l",
                  "frag": "si₃",
                  "id": "P382579.l0d61c",
                  "ref": "P382579.6.1",
                  "inst": "%sux:si₃=",
                  "f": {
                    "lang": "sux",
                    "form": "si₃",
                    "delim": " ",
                    "gdl": [
                      {
                        "v": "si₃",
                        "id": "P382579.6.1.0"
                      }
                    ]
                  }
                },
                {
                  "node": "d",
                  "frag": "[*]",
                  "type": "punct",
                  "ref": "P382579.6.2",
                  "lang": "sux"
                },
                {
                  "node": "d",
                  "type": "field-end",
                  "subtype": "sv"
                },
                {
                  "node": "d",
                  "type": "cell-end"
                },
                {
                  "node": "d",
                  "type": "cell-start"
                },
                {
                  "node": "d",
                  "type": "field-start",
                  "subtype": "pr"
                },
                {
                  "node": "l",
                  "frag": "[si]-i",
                  "id": "P382579.l0d61d",
                  "ref": "P382579.6.3",
                  "inst": "%sux:si-i=",
                  "f": {
                    "lang": "sux",
                    "form": "si-i",
                    "gdl": [
                      {
                        "v": "si",
                        "id": "P382579.6.3.0",
                        "breakStart": "1",
                        "o": "]",
                        "break": "missing",
                        "breakEnd": "P382579.6.3.0",
                        "delim": "-"
                      },
                      {
                        "v": "i",
                        "id": "P382579.6.3.1"
                      }
                    ]
                  }
                },
                {
                  "node": "d",
                  "type": "field-end",
                  "subtype": "pr"
                },
                {
                  "node": "d",
                  "type": "cell-end"
                },
                {
                  "node": "d",
                  "type": "cell-start"
                },
                {
                  "node": "d",
                  "type": "field-start",
                  "subtype": "sg"
                },
                {
                  "node": "l",
                  "frag": "⸢SUM⸣",
                  "id": "P382579.l0d61e",
                  "ref": "P382579.6.4",
                  "inst": "%sux:SUM=",
                  "f": {
                    "lang": "sux",
                    "form": "SUM",
                    "gdl": [
                      {
                        "s": "SUM",
                        "id": "P382579.6.4.0",
                        "break": "damaged",
                        "ho": "1",
                        "hc": "1"
                      }
                    ]
                  }
                },
                {
                  "node": "d",
                  "type": "field-end",
                  "subtype": "sg"
                },
                {
                  "node": "d",
                  "type": "cell-end"
                },
                {
                  "node": "d",
                  "type": "cell-start"
                },
                {
                  "node": "d",
                  "type": "field-start",
                  "subtype": "sn"
                },
                {
                  "node": "l",
                  "frag": "[...]",
                  "id": "P382579.l0d61f",
                  "ref": "P382579.6.5",
                  "inst": "%akk-x-stdbab:x=",
                  "f": {
                    "lang": "akk-x-stdbab",
                    "form": "x",
                    "gdl": [
                      {
                        "x": "ellipsis",
                        "id": "P382579.6.5.0",
                        "breakStart": "1",
                        "break": "missing",
                        "o": "]",
                        "breakEnd": "P382579.6.5.0"
                      }
                    ]
                  }
                },
                {
                  "node": "d",
                  "type": "field-end",
                  "subtype": "sn"
                },
                {
                  "node": "d",
                  "type": "cell-end"
                },
                {
                  "node": "d",
                  "type": "cell-start"
                },
                {
                  "node": "d",
                  "type": "field-start",
                  "subtype": "eq"
                },
                {
                  "node": "l",
                  "frag": "[...]",
                  "id": "P382579.l0d620",
                  "ref": "P382579.6.6",
                  "inst": "%akk-x-stdbab:x=",
                  "f": {
                    "lang": "akk-x-stdbab",
                    "form": "x",
                    "gdl": [
                      {
                        "x": "ellipsis",
                        "id": "P382579.6.6.0",
                        "breakStart": "1",
                        "break": "missing",
                        "o": "]",
                        "breakEnd": "P382579.6.6.0"
                      }
                    ]
                  }
                },
                {
                  "node": "d",
                  "type": "field-end",
                  "subtype": "eq"
                },
                {
                  "node": "d",
                  "type": "cell-end"
                },
                {
                  "node": "d",
                  "type": "line-start",
                  "ref": "P382579.7",
                  "n": "5'",
                  "label": "5'"
                },
                {
                  "node": "d",
                  "type": "cell-start"
                },
                {
                  "node": "d",
                  "type": "field-start",
                  "subtype": "sv"
                },
                {
                  "node": "l",
                  "frag": "si₃",
                  "id": "P382579.l0d621",
                  "ref": "P382579.7.1",
                  "inst": "%sux:si₃=",
                  "f": {
                    "lang": "sux",
                    "form": "si₃",
                    "delim": " ",
                    "gdl": [
                      {
                        "v": "si₃",
                        "id": "P382579.7.1.0"
                      }
                    ]
                  }
                },
                {
                  "node": "d",
                  "frag": "[*]",
                  "type": "punct",
                  "ref": "P382579.7.2",
                  "lang": "sux"
                },
                {
                  "node": "d",
                  "type": "field-end",
                  "subtype": "sv"
                },
                {
                  "node": "d",
                  "type": "cell-end"
                },
                {
                  "node": "d",
                  "type": "cell-start"
                },
                {
                  "node": "d",
                  "type": "field-start",
                  "subtype": "pr"
                },
                {
                  "node": "l",
                  "frag": "[si]-i",
                  "id": "P382579.l0d622",
                  "ref": "P382579.7.3",
                  "inst": "%sux:si-i=",
                  "f": {
                    "lang": "sux",
                    "form": "si-i",
                    "gdl": [
                      {
                        "v": "si",
                        "id": "P382579.7.3.0",
                        "breakStart": "1",
                        "o": "]",
                        "break": "missing",
                        "breakEnd": "P382579.7.3.0",
                        "delim": "-"
                      },
                      {
                        "v": "i",
                        "id": "P382579.7.3.1"
                      }
                    ]
                  }
                },
                {
                  "node": "d",
                  "type": "field-end",
                  "subtype": "pr"
                },
                {
                  "node": "d",
                  "type": "cell-end"
                },
                {
                  "node": "d",
                  "type": "cell-start"
                },
                {
                  "node": "d",
                  "type": "field-start",
                  "subtype": "sg"
                },
                {
                  "node": "l",
                  "frag": "SUM",
                  "id": "P382579.l0d623",
                  "ref": "P382579.7.4",
                  "inst": "%sux:SUM=",
                  "f": {
                    "lang": "sux",
                    "form": "SUM",
                    "gdl": [
                      {
                        "s": "SUM",
                        "id": "P382579.7.4.0"
                      }
                    ]
                  }
                },
                {
                  "node": "d",
                  "type": "field-end",
                  "subtype": "sg"
                },
                {
                  "node": "d",
                  "type": "cell-end"
                },
                {
                  "node": "d",
                  "type": "cell-start"
                },
                {
                  "node": "d",
                  "type": "field-start",
                  "subtype": "sn"
                },
                {
                  "node": "l",
                  "frag": "[...]",
                  "id": "P382579.l0d624",
                  "ref": "P382579.7.5",
                  "inst": "%akk-x-stdbab:x=",
                  "f": {
                    "lang": "akk-x-stdbab",
                    "form": "x",
                    "gdl": [
                      {
                        "x": "ellipsis",
                        "id": "P382579.7.5.0",
                        "breakStart": "1",
                        "break": "missing",
                        "o": "]",
                        "breakEnd": "P382579.7.5.0"
                      }
                    ]
                  }
                },
                {
                  "node": "d",
                  "type": "field-end",
                  "subtype": "sn"
                },
                {
                  "node": "d",
                  "type": "cell-end"
                },
                {
                  "node": "d",
                  "type": "cell-start"
                },
                {
                  "node": "d",
                  "type": "field-start",
                  "subtype": "eq"
                },
                {
                  "node": "l",
                  "frag": "[...]",
                  "id": "P382579.l0d625",
                  "ref": "P382579.7.6",
                  "inst": "%akk-x-stdbab:x=",
                  "f": {
                    "lang": "akk-x-stdbab",
                    "form": "x",
                    "gdl": [
                      {
                        "x": "ellipsis",
                        "id": "P382579.7.6.0",
                        "breakStart": "1",
                        "break": "missing",
                        "o": "]",
                        "breakEnd": "P382579.7.6.0"
                      }
                    ]
                  }
                },
                {
                  "node": "d",
                  "type": "field-end",
                  "subtype": "eq"
                },
                {
                  "node": "d",
                  "type": "cell-end"
                },
                {
                  "node": "d",
                  "type": "line-start",
                  "ref": "P382579.8",
                  "n": "6'",
                  "label": "6'"
                },
                {
                  "node": "d",
                  "type": "cell-start"
                },
                {
                  "node": "d",
                  "type": "field-start",
                  "subtype": "sv"
                },
                {
                  "node": "l",
                  "frag": "si₃",
                  "id": "P382579.l0d626",
                  "ref": "P382579.8.1",
                  "inst": "%sux:si₃=",
                  "f": {
                    "lang": "sux",
                    "form": "si₃",
                    "delim": " ",
                    "gdl": [
                      {
                        "v": "si₃",
                        "id": "P382579.8.1.0"
                      }
                    ]
                  }
                },
                {
                  "node": "d",
                  "frag": "[*]",
                  "type": "punct",
                  "ref": "P382579.8.2",
                  "lang": "sux"
                },
                {
                  "node": "d",
                  "type": "field-end",
                  "subtype": "sv"
                },
                {
                  "node": "d",
                  "type": "cell-end"
                },
                {
                  "node": "d",
                  "type": "cell-start"
                },
                {
                  "node": "d",
                  "type": "field-start",
                  "subtype": "pr"
                },
                {
                  "node": "l",
                  "frag": "[si]-⸢i⸣",
                  "id": "P382579.l0d627",
                  "ref": "P382579.8.3",
                  "inst": "%sux:si-i=",
                  "f": {
                    "lang": "sux",
                    "form": "si-i",
                    "gdl": [
                      {
                        "v": "si",
                        "id": "P382579.8.3.0",
                        "breakStart": "1",
                        "o": "]",
                        "break": "missing",
                        "breakEnd": "P382579.8.3.0",
                        "delim": "-"
                      },
                      {
                        "v": "i",
                        "id": "P382579.8.3.1",
                        "break": "damaged",
                        "ho": "1",
                        "hc": "1"
                      }
                    ]
                  }
                },
                {
                  "node": "d",
                  "type": "field-end",
                  "subtype": "pr"
                },
                {
                  "node": "d",
                  "type": "cell-end"
                },
                {
                  "node": "d",
                  "type": "cell-start"
                },
                {
                  "node": "d",
                  "type": "field-start",
                  "subtype": "sg"
                },
                {
                  "node": "l",
                  "frag": "SUM",
                  "id": "P382579.l0d628",
                  "ref": "P382579.8.4",
                  "inst": "%sux:SUM=",
                  "f": {
                    "lang": "sux",
                    "form": "SUM",
                    "gdl": [
                      {
                        "s": "SUM",
                        "id": "P382579.8.4.0"
                      }
                    ]
                  }
                },
                {
                  "node": "d",
                  "type": "field-end",
                  "subtype": "sg"
                },
                {
                  "node": "d",
                  "type": "cell-end"
                },
                {
                  "node": "d",
                  "type": "cell-start"
                },
                {
                  "node": "d",
                  "type": "field-start",
                  "subtype": "sn"
                },
                {
                  "node": "l",
                  "frag": "[...]",
                  "id": "P382579.l0d629",
                  "ref": "P382579.8.5",
                  "inst": "%akk-x-stdbab:x=",
                  "f": {
                    "lang": "akk-x-stdbab",
                    "form": "x",
                    "gdl": [
                      {
                        "x": "ellipsis",
                        "id": "P382579.8.5.0",
                        "breakStart": "1",
                        "break": "missing",
                        "o": "]",
                        "breakEnd": "P382579.8.5.0"
                      }
                    ]
                  }
                },
                {
                  "node": "d",
                  "type": "field-end",
                  "subtype": "sn"
                },
                {
                  "node": "d",
                  "type": "cell-end"
                },
                {
                  "node": "d",
                  "type": "cell-start"
                },
                {
                  "node": "d",
                  "type": "field-start",
                  "subtype": "eq"
                },
                {
                  "node": "l",
                  "frag": "[...]",
                  "id": "P382579.l0d62a",
                  "ref": "P382579.8.6",
                  "inst": "%akk-x-stdbab:x=",
                  "f": {
                    "lang": "akk-x-stdbab",
                    "form": "x",
                    "gdl": [
                      {
                        "x": "ellipsis",
                        "id": "P382579.8.6.0",
                        "breakStart": "1",
                        "break": "missing",
                        "o": "]",
                        "breakEnd": "P382579.8.6.0"
                      }
                    ]
                  }
                },
                {
                  "node": "d",
                  "type": "field-end",
                  "subtype": "eq"
                },
                {
                  "node": "d",
                  "type": "cell-end"
                },
                {
                  "node": "d",
                  "type": "line-start",
                  "ref": "P382579.9",
                  "n": "7'",
                  "label": "7'"
                },
                {
                  "node": "d",
                  "type": "cell-start"
                },
                {
                  "node": "d",
                  "type": "field-start",
                  "subtype": "sv"
                },
                {
                  "node": "d",
                  "type": "field-end",
                  "subtype": "sv"
                },
                {
                  "node": "d",
                  "type": "cell-end"
                },
                {
                  "node": "d",
                  "type": "cell-start"
                },
                {
                  "node": "d",
                  "type": "field-start",
                  "subtype": "pr"
                },
                {
                  "node": "l",
                  "frag": "<(...)>",
                  "id": "P382579.l0d62b",
                  "ref": "P382579.9.1",
                  "inst": "%sux:x=",
                  "f": {
                    "lang": "sux",
                    "form": "x",
                    "gdl": [
                      {
                        "x": "ellipsis",
                        "id": "P382579.9.1.0",
                        "statusStart": "P382579.9.1.0",
                        "o": ")>"
                      }
                    ]
                  }
                },
                {
                  "node": "d",
                  "type": "field-end",
                  "subtype": "pr"
                },
                {
                  "node": "d",
                  "type": "cell-end"
                },
                {
                  "node": "d",
                  "type": "cell-start"
                },
                {
                  "node": "d",
                  "type": "field-start",
                  "subtype": "sg"
                },
                {
                  "node": "l",
                  "frag": "<(...)>",
                  "id": "P382579.l0d62c",
                  "ref": "P382579.9.2",
                  "inst": "%sux:x=",
                  "f": {
                    "lang": "sux",
                    "form": "x",
                    "gdl": [
                      {
                        "x": "ellipsis",
                        "id": "P382579.9.2.0",
                        "statusStart": "P382579.9.2.0",
                        "o": ")>"
                      }
                    ]
                  }
                },
                {
                  "node": "d",
                  "type": "field-end",
                  "subtype": "sg"
                },
                {
                  "node": "d",
                  "type": "cell-end"
                },
                {
                  "node": "d",
                  "type": "cell-start"
                },
                {
                  "node": "d",
                  "type": "field-start",
                  "subtype": "sn"
                },
                {
                  "node": "l",
                  "frag": "[...]",
                  "id": "P382579.l0d62d",
                  "ref": "P382579.9.3",
                  "inst": "%akk-x-stdbab:x=",
                  "f": {
                    "lang": "akk-x-stdbab",
                    "form": "x",
                    "gdl": [
                      {
                        "x": "ellipsis",
                        "id": "P382579.9.3.0",
                        "breakStart": "1",
                        "break": "missing",
                        "o": "]",
                        "breakEnd": "P382579.9.3.0"
                      }
                    ]
                  }
                },
                {
                  "node": "d",
                  "type": "field-end",
                  "subtype": "sn"
                },
                {
                  "node": "d",
                  "type": "cell-end"
                },
                {
                  "node": "d",
                  "type": "cell-start"
                },
                {
                  "node": "d",
                  "type": "field-start",
                  "subtype": "eq"
                },
                {
                  "node": "l",
                  "frag": "[...]",
                  "id": "P382579.l0d62e",
                  "ref": "P382579.9.4",
                  "inst": "%akk-x-stdbab:x=",
                  "f": {
                    "lang": "akk-x-stdbab",
                    "form": "x",
                    "gdl": [
                      {
                        "x": "ellipsis",
                        "id": "P382579.9.4.0",
                        "breakStart": "1",
                        "break": "missing",
                        "o": "]",
                        "breakEnd": "P382579.9.4.0"
                      }
                    ]
                  }
                },
                {
                  "node": "d",
                  "type": "field-end",
                  "subtype": "eq"
                },
                {
                  "node": "d",
                  "type": "cell-end"
                },
                {
                  "node": "d",
                  "type": "nonx",
                  "ref": "P382579.10",
                  "strict": "1",
                  "extent": "rest",
                  "scope": "line",
                  "state": "missing"
                }
              ]
            }
          ]
        }
      ]
    }
  ]
}
