{
  "type": "cdl",
  "project": "dcclt/nineveh",
  "source": "http://oracc.org/dcclt/nineveh",
  "license": "This data is released under the CC0 license",
  "license-url": "https://creativecommons.org/publicdomain/zero/1.0/",
  "more-info": "http://oracc.org/doc/opendata/",
  "UTC-timestamp": "2017-06-21T22:28:38",
  "textid": "P400392",
  "cdl": [
    {
      "node": "c",
      "type": "text",
      "id": "P400392.U0",
      "cdl": [
        {
          "node": "d",
          "subtype": "tablet",
          "type": "tablet",
          "ref": "P400392.x412.1",
          "label": "x412"
        },
        {
          "node": "d",
          "type": "surface",
          "ref": ""
        },
        {
          "node": "d",
          "subtype": "column 1'",
          "type": "column",
          "ref": "P400392.i_.2",
          "n": "1",
          "label": "i'"
        },
        {
          "node": "d",
          "type": "nonx",
          "ref": "P400392.3",
          "strict": "1",
          "extent": "beginning",
          "scope": "column",
          "state": "missing"
        },
        {
          "node": "c",
          "type": "discourse",
          "subtype": "body",
          "id": "P400392.U1",
          "cdl": [
            {
              "node": "c",
              "type": "sentence",
              "id": "P400392.U2",
              "label": "i' 1' - i' 9'",
              "cdl": [
                {
                  "node": "d",
                  "type": "line-start",
                  "ref": "P400392.4",
                  "n": "1'",
                  "label": "i' 1'"
                },
                {
                  "node": "d",
                  "type": "cell-start"
                },
                {
                  "node": "d",
                  "type": "field-start",
                  "subtype": "default"
                },
                {
                  "node": "l",
                  "frag": "[...]",
                  "id": "P400392.l0f367",
                  "ref": "P400392.4.1",
                  "inst": "u",
                  "f": {
                    "lang": "sux",
                    "form": "x",
                    "delim": " ",
                    "gdl": [
                      {
                        "x": "ellipsis",
                        "id": "P400392.4.1.0",
                        "breakStart": "1",
                        "break": "missing",
                        "o": "]",
                        "breakEnd": "P400392.4.1.0"
                      }
                    ],
                    "pos": "u"
                  }
                },
                {
                  "node": "l",
                  "frag": "⸢x⸣",
                  "id": "P400392.l0f368",
                  "ref": "P400392.4.2",
                  "inst": "u",
                  "f": {
                    "lang": "sux",
                    "form": "x",
                    "gdl": [
                      {
                        "v": "x",
                        "id": "P400392.4.2.0",
                        "break": "damaged",
                        "ho": "1",
                        "hc": "1"
                      }
                    ],
                    "pos": "u"
                  }
                },
                {
                  "node": "d",
                  "type": "field-end",
                  "subtype": "default"
                },
                {
                  "node": "d",
                  "type": "cell-end"
                },
                {
                  "node": "d",
                  "type": "cell-start"
                },
                {
                  "node": "d",
                  "type": "field-start",
                  "subtype": "eq"
                },
                {
                  "node": "l",
                  "frag": "[...]",
                  "id": "P400392.l0f369",
                  "ref": "P400392.4.3",
                  "inst": "u",
                  "f": {
                    "lang": "akk-x-stdbab",
                    "form": "x",
                    "gdl": [
                      {
                        "x": "ellipsis",
                        "id": "P400392.4.3.0",
                        "breakStart": "1",
                        "break": "missing",
                        "o": "]",
                        "breakEnd": "P400392.4.3.0"
                      }
                    ],
                    "pos": "u"
                  }
                },
                {
                  "node": "d",
                  "type": "field-end",
                  "subtype": "eq"
                },
                {
                  "node": "d",
                  "type": "cell-end"
                },
                {
                  "node": "d",
                  "type": "line-start",
                  "ref": "P400392.5",
                  "n": "2'",
                  "label": "i' 2'"
                },
                {
                  "node": "d",
                  "type": "cell-start"
                },
                {
                  "node": "d",
                  "type": "field-start",
                  "subtype": "default"
                },
                {
                  "node": "l",
                  "frag": "[...]",
                  "id": "P400392.l0f36a",
                  "ref": "P400392.5.1",
                  "inst": "u",
                  "f": {
                    "lang": "sux",
                    "form": "x",
                    "delim": " ",
                    "gdl": [
                      {
                        "x": "ellipsis",
                        "id": "P400392.5.1.0",
                        "breakStart": "1",
                        "break": "missing",
                        "o": "]",
                        "breakEnd": "P400392.5.1.0"
                      }
                    ],
                    "pos": "u"
                  }
                },
                {
                  "node": "l",
                  "frag": "KUŠ₂",
                  "id": "P400392.l0f36b",
                  "ref": "P400392.5.2",
                  "inst": "X",
                  "f": {
                    "lang": "sux",
                    "form": "KUŠ₂",
                    "gdl": [
                      {
                        "s": "KUŠ₂",
                        "id": "P400392.5.2.0"
                      }
                    ],
                    "pos": "X"
                  }
                },
                {
                  "node": "d",
                  "type": "field-end",
                  "subtype": "default"
                },
                {
                  "node": "d",
                  "type": "cell-end"
                },
                {
                  "node": "d",
                  "type": "cell-start"
                },
                {
                  "node": "d",
                  "type": "field-start",
                  "subtype": "eq"
                },
                {
                  "node": "l",
                  "frag": "[...]",
                  "id": "P400392.l0f36c",
                  "ref": "P400392.5.3",
                  "inst": "u",
                  "f": {
                    "lang": "akk-x-stdbab",
                    "form": "x",
                    "gdl": [
                      {
                        "x": "ellipsis",
                        "id": "P400392.5.3.0",
                        "breakStart": "1",
                        "break": "missing",
                        "o": "]",
                        "breakEnd": "P400392.5.3.0"
                      }
                    ],
                    "pos": "u"
                  }
                },
                {
                  "node": "d",
                  "type": "field-end",
                  "subtype": "eq"
                },
                {
                  "node": "d",
                  "type": "cell-end"
                },
                {
                  "node": "d",
                  "type": "line-start",
                  "ref": "P400392.6",
                  "n": "3'",
                  "label": "i' 3'"
                },
                {
                  "node": "d",
                  "type": "cell-start"
                },
                {
                  "node": "d",
                  "type": "field-start",
                  "subtype": "default"
                },
                {
                  "node": "l",
                  "frag": "⸢x⸣-a",
                  "id": "P400392.l0f36d",
                  "ref": "P400392.6.1",
                  "inst": "u",
                  "f": {
                    "lang": "sux",
                    "form": "x-a",
                    "gdl": [
                      {
                        "v": "x",
                        "id": "P400392.6.1.0",
                        "break": "damaged",
                        "ho": "1",
                        "delim": "-",
                        "hc": "1"
                      },
                      {
                        "v": "a",
                        "id": "P400392.6.1.1"
                      }
                    ],
                    "pos": "u"
                  }
                },
                {
                  "node": "d",
                  "type": "field-end",
                  "subtype": "default"
                },
                {
                  "node": "d",
                  "type": "cell-end"
                },
                {
                  "node": "d",
                  "type": "cell-start"
                },
                {
                  "node": "d",
                  "type": "field-start",
                  "subtype": "eq"
                },
                {
                  "node": "l",
                  "frag": "⸢x⸣-[...]",
                  "id": "P400392.l0f36e",
                  "ref": "P400392.6.2",
                  "inst": "u",
                  "f": {
                    "lang": "akk-x-stdbab",
                    "form": "x-x",
                    "gdl": [
                      {
                        "v": "x",
                        "id": "P400392.6.2.0",
                        "break": "damaged",
                        "ho": "1",
                        "delim": "-",
                        "hc": "1"
                      },
                      {
                        "x": "ellipsis",
                        "id": "P400392.6.2.1",
                        "breakStart": "1",
                        "break": "missing",
                        "o": "]",
                        "breakEnd": "P400392.6.2.1"
                      }
                    ],
                    "pos": "u"
                  }
                },
                {
                  "node": "d",
                  "type": "field-end",
                  "subtype": "eq"
                },
                {
                  "node": "d",
                  "type": "cell-end"
                },
                {
                  "node": "d",
                  "type": "nonx",
                  "ref": "P400392.7",
                  "strict": "1",
                  "extent": "1",
                  "scope": "line",
                  "state": "ruling"
                },
                {
                  "node": "d",
                  "type": "line-start",
                  "ref": "P400392.8",
                  "n": "4'",
                  "label": "i' 4'"
                },
                {
                  "node": "d",
                  "type": "cell-start"
                },
                {
                  "node": "d",
                  "type": "field-start",
                  "subtype": "default"
                },
                {
                  "node": "l",
                  "frag": "⸢BUR₂-BUR₂⸣",
                  "id": "P400392.l0f36f",
                  "ref": "P400392.8.1",
                  "inst": "u",
                  "f": {
                    "lang": "sux",
                    "form": "BUR₂-BUR₂",
                    "gdl": [
                      {
                        "s": "BUR₂",
                        "id": "P400392.8.1.0",
                        "break": "damaged",
                        "queried": "1",
                        "ho": "1",
                        "delim": "-"
                      },
                      {
                        "s": "BUR₂",
                        "id": "P400392.8.1.1",
                        "break": "damaged",
                        "queried": "1",
                        "hc": "1"
                      }
                    ],
                    "pos": "u"
                  }
                },
                {
                  "node": "d",
                  "type": "field-end",
                  "subtype": "default"
                },
                {
                  "node": "d",
                  "type": "cell-end"
                },
                {
                  "node": "d",
                  "type": "cell-start"
                },
                {
                  "node": "d",
                  "type": "field-start",
                  "subtype": "eq"
                },
                {
                  "node": "l",
                  "frag": "⸢x⸣-[...]",
                  "id": "P400392.l0f370",
                  "ref": "P400392.8.2",
                  "inst": "u",
                  "f": {
                    "lang": "akk-x-stdbab",
                    "form": "x-x",
                    "gdl": [
                      {
                        "v": "x",
                        "id": "P400392.8.2.0",
                        "break": "damaged",
                        "ho": "1",
                        "delim": "-",
                        "hc": "1"
                      },
                      {
                        "x": "ellipsis",
                        "id": "P400392.8.2.1",
                        "breakStart": "1",
                        "break": "missing",
                        "o": "]",
                        "breakEnd": "P400392.8.2.1"
                      }
                    ],
                    "pos": "u"
                  }
                },
                {
                  "node": "d",
                  "type": "field-end",
                  "subtype": "eq"
                },
                {
                  "node": "d",
                  "type": "cell-end"
                },
                {
                  "node": "d",
                  "type": "line-start",
                  "ref": "P400392.9",
                  "n": "5'",
                  "label": "i' 5'"
                },
                {
                  "node": "d",
                  "type": "cell-start"
                },
                {
                  "node": "d",
                  "type": "field-start",
                  "subtype": "default"
                },
                {
                  "node": "l",
                  "frag": "sud₂",
                  "id": "P400392.l0f371",
                  "ref": "P400392.9.1",
                  "inst": "sud[grind]",
                  "sig": "@dcclt/nineveh%sux:sud₂=sud[grind//grind]V/t'V/t$sud/sud₂#~",
                  "f": {
                    "lang": "sux",
                    "form": "sud₂",
                    "gdl": [
                      {
                        "v": "sud₂",
                        "id": "P400392.9.1.0"
                      }
                    ],
                    "cf": "sud",
                    "gw": "grind",
                    "sense": "grind",
                    "norm0": "sud",
                    "pos": "V/t",
                    "epos": "V/t",
                    "base": "sud₂",
                    "morph": "~"
                  }
                },
                {
                  "node": "d",
                  "type": "field-end",
                  "subtype": "default"
                },
                {
                  "node": "d",
                  "type": "cell-end"
                },
                {
                  "node": "d",
                  "type": "cell-start"
                },
                {
                  "node": "d",
                  "type": "field-start",
                  "subtype": "eq"
                },
                {
                  "node": "l",
                  "frag": "sa₃-[a-ku]",
                  "id": "P400392.l0f372",
                  "ref": "P400392.9.2",
                  "inst": "sâku[pound]V'N$",
                  "sig": "@dcclt/nineveh%akk-x-stdbab:sa₃-a-ku=sâku[pound//pound]V'N$sâku",
                  "f": {
                    "lang": "akk-x-stdbab",
                    "form": "sa₃-a-ku",
                    "gdl": [
                      {
                        "v": "sa₃",
                        "id": "P400392.9.2.0",
                        "delim": "-"
                      },
                      {
                        "v": "a",
                        "id": "P400392.9.2.1",
                        "breakStart": "1",
                        "o": "[",
                        "break": "missing",
                        "delim": "-"
                      },
                      {
                        "v": "ku",
                        "id": "P400392.9.2.2",
                        "break": "missing",
                        "o": "]",
                        "breakEnd": "P400392.9.2.1"
                      }
                    ],
                    "cf": "sâku",
                    "gw": "pound",
                    "sense": "pound",
                    "norm": "sâku",
                    "pos": "V",
                    "epos": "N"
                  }
                },
                {
                  "node": "d",
                  "type": "field-end",
                  "subtype": "eq"
                },
                {
                  "node": "d",
                  "type": "cell-end"
                },
                {
                  "node": "d",
                  "type": "line-start",
                  "ref": "P400392.10",
                  "n": "6'",
                  "label": "i' 6'"
                },
                {
                  "node": "d",
                  "type": "cell-start"
                },
                {
                  "node": "d",
                  "type": "field-start",
                  "subtype": "default"
                },
                {
                  "node": "l",
                  "frag": "DI-DI",
                  "id": "P400392.l0f373",
                  "ref": "P400392.10.1",
                  "inst": "X",
                  "f": {
                    "lang": "sux",
                    "form": "DI-DI",
                    "gdl": [
                      {
                        "s": "DI",
                        "id": "P400392.10.1.0",
                        "delim": "-"
                      },
                      {
                        "s": "DI",
                        "id": "P400392.10.1.1"
                      }
                    ],
                    "pos": "X"
                  }
                },
                {
                  "node": "d",
                  "type": "field-end",
                  "subtype": "default"
                },
                {
                  "node": "d",
                  "type": "cell-end"
                },
                {
                  "node": "d",
                  "type": "cell-start"
                },
                {
                  "node": "d",
                  "type": "field-start",
                  "subtype": "eq"
                },
                {
                  "node": "l",
                  "frag": "⸢x⸣-[...]",
                  "id": "P400392.l0f374",
                  "ref": "P400392.10.2",
                  "inst": "u",
                  "f": {
                    "lang": "akk-x-stdbab",
                    "form": "x-x",
                    "gdl": [
                      {
                        "v": "x",
                        "id": "P400392.10.2.0",
                        "break": "damaged",
                        "ho": "1",
                        "delim": "-",
                        "hc": "1"
                      },
                      {
                        "x": "ellipsis",
                        "id": "P400392.10.2.1",
                        "breakStart": "1",
                        "break": "missing",
                        "o": "]",
                        "breakEnd": "P400392.10.2.1"
                      }
                    ],
                    "pos": "u"
                  }
                },
                {
                  "node": "d",
                  "type": "field-end",
                  "subtype": "eq"
                },
                {
                  "node": "d",
                  "type": "cell-end"
                },
                {
                  "node": "d",
                  "type": "nonx",
                  "ref": "P400392.11",
                  "strict": "1",
                  "extent": "1",
                  "scope": "line",
                  "state": "ruling"
                },
                {
                  "node": "d",
                  "type": "line-start",
                  "ref": "P400392.12",
                  "n": "7'",
                  "label": "i' 7'"
                },
                {
                  "node": "d",
                  "type": "cell-start"
                },
                {
                  "node": "d",
                  "type": "field-start",
                  "subtype": "default"
                },
                {
                  "node": "l",
                  "frag": "si",
                  "id": "P400392.l0f375",
                  "ref": "P400392.12.1",
                  "inst": "si[horn]",
                  "sig": "@dcclt/nineveh%sux:si=si[horn//horn]N'N$si/si#~",
                  "f": {
                    "lang": "sux",
                    "form": "si",
                    "delim": " ",
                    "gdl": [
                      {
                        "v": "si",
                        "id": "P400392.12.1.0"
                      }
                    ],
                    "cf": "si",
                    "gw": "horn",
                    "sense": "horn",
                    "norm0": "si",
                    "pos": "N",
                    "epos": "N",
                    "base": "si",
                    "morph": "~"
                  }
                },
                {
                  "node": "l",
                  "frag": "tu₁₀",
                  "id": "P400392.l0f376",
                  "ref": "P400392.12.2",
                  "inst": "tub[strike]",
                  "sig": "@dcclt/nineveh%sux:tu₁₀=tub[strike//to strike, strike down]V/t'V/t$tub/tu₁₀#~",
                  "f": {
                    "lang": "sux",
                    "form": "tu₁₀",
                    "gdl": [
                      {
                        "v": "tu₁₀",
                        "id": "P400392.12.2.0"
                      }
                    ],
                    "cf": "tub",
                    "gw": "strike",
                    "sense": "to strike, strike down",
                    "norm0": "tub",
                    "pos": "V/t",
                    "epos": "V/t",
                    "base": "tu₁₀",
                    "morph": "~"
                  }
                },
                {
                  "node": "d",
                  "type": "field-end",
                  "subtype": "default"
                },
                {
                  "node": "d",
                  "type": "cell-end"
                },
                {
                  "node": "d",
                  "type": "cell-start"
                },
                {
                  "node": "d",
                  "type": "field-start",
                  "subtype": "eq"
                },
                {
                  "node": "l",
                  "frag": "⸢na⸣-[ka-pu]",
                  "id": "P400392.l0f377",
                  "ref": "P400392.12.3",
                  "inst": "nakāpu[push//goring]V'N$",
                  "sig": "@dcclt/nineveh%akk-x-stdbab:na-ka-pu=nakāpu[push//goring]V'N$nakāpu",
                  "f": {
                    "lang": "akk-x-stdbab",
                    "form": "na-ka-pu",
                    "gdl": [
                      {
                        "v": "na",
                        "id": "P400392.12.3.0",
                        "break": "damaged",
                        "queried": "1",
                        "ho": "1",
                        "delim": "-",
                        "hc": "1"
                      },
                      {
                        "v": "ka",
                        "id": "P400392.12.3.1",
                        "breakStart": "1",
                        "o": "[",
                        "break": "missing",
                        "delim": "-"
                      },
                      {
                        "v": "pu",
                        "id": "P400392.12.3.2",
                        "break": "missing",
                        "o": "]",
                        "breakEnd": "P400392.12.3.1"
                      }
                    ],
                    "cf": "nakāpu",
                    "gw": "push",
                    "sense": "goring",
                    "norm": "nakāpu",
                    "pos": "V",
                    "epos": "N"
                  }
                },
                {
                  "node": "d",
                  "type": "field-end",
                  "subtype": "eq"
                },
                {
                  "node": "d",
                  "type": "cell-end"
                },
                {
                  "node": "d",
                  "type": "line-start",
                  "ref": "P400392.13",
                  "n": "8'",
                  "label": "i' 8'"
                },
                {
                  "node": "d",
                  "type": "cell-start"
                },
                {
                  "node": "d",
                  "type": "field-start",
                  "subtype": "default"
                },
                {
                  "node": "l",
                  "frag": "si",
                  "id": "P400392.l0f378",
                  "ref": "P400392.13.1",
                  "inst": "si[horn]",
                  "sig": "@dcclt/nineveh%sux:si=si[horn//horn]N'N$si/si#~",
                  "f": {
                    "lang": "sux",
                    "form": "si",
                    "delim": " ",
                    "gdl": [
                      {
                        "v": "si",
                        "id": "P400392.13.1.0"
                      }
                    ],
                    "cf": "si",
                    "gw": "horn",
                    "sense": "horn",
                    "norm0": "si",
                    "pos": "N",
                    "epos": "N",
                    "base": "si",
                    "morph": "~"
                  }
                },
                {
                  "node": "l",
                  "frag": "mul",
                  "id": "P400392.l0f379",
                  "ref": "P400392.13.2",
                  "inst": "mul[star]",
                  "sig": "@dcclt/nineveh%sux:mul=mul[star//star]N'N$mul/mul#~",
                  "f": {
                    "lang": "sux",
                    "form": "mul",
                    "gdl": [
                      {
                        "v": "mul",
                        "id": "P400392.13.2.0"
                      }
                    ],
                    "cf": "mul",
                    "gw": "star",
                    "sense": "star",
                    "norm0": "mul",
                    "pos": "N",
                    "epos": "N",
                    "base": "mul",
                    "morph": "~"
                  }
                },
                {
                  "node": "d",
                  "type": "field-end",
                  "subtype": "default"
                },
                {
                  "node": "d",
                  "type": "cell-end"
                },
                {
                  "node": "d",
                  "type": "cell-start"
                },
                {
                  "node": "d",
                  "type": "field-start",
                  "subtype": "eq"
                },
                {
                  "node": "l",
                  "frag": "[...]",
                  "id": "P400392.l0f37a",
                  "ref": "P400392.13.3",
                  "inst": "u",
                  "f": {
                    "lang": "akk-x-stdbab",
                    "form": "x",
                    "gdl": [
                      {
                        "x": "ellipsis",
                        "id": "P400392.13.3.0",
                        "breakStart": "1",
                        "break": "missing",
                        "o": "]",
                        "breakEnd": "P400392.13.3.0"
                      }
                    ],
                    "pos": "u"
                  }
                },
                {
                  "node": "d",
                  "type": "field-end",
                  "subtype": "eq"
                },
                {
                  "node": "d",
                  "type": "cell-end"
                },
                {
                  "node": "d",
                  "type": "line-start",
                  "ref": "P400392.14",
                  "n": "9'",
                  "label": "i' 9'"
                },
                {
                  "node": "d",
                  "type": "cell-start"
                },
                {
                  "node": "d",
                  "type": "field-start",
                  "subtype": "default"
                },
                {
                  "node": "l",
                  "frag": "[si]",
                  "id": "P400392.l0f37b",
                  "ref": "P400392.14.1",
                  "inst": "si[horn]",
                  "sig": "@dcclt/nineveh%sux:si=si[horn//horn]N'N$si/si#~",
                  "f": {
                    "lang": "sux",
                    "form": "si",
                    "delim": " ",
                    "gdl": [
                      {
                        "v": "si",
                        "id": "P400392.14.1.0",
                        "breakStart": "1",
                        "o": "]",
                        "break": "missing",
                        "breakEnd": "P400392.14.1.0"
                      }
                    ],
                    "cf": "si",
                    "gw": "horn",
                    "sense": "horn",
                    "norm0": "si",
                    "pos": "N",
                    "epos": "N",
                    "base": "si",
                    "morph": "~"
                  }
                },
                {
                  "node": "l",
                  "frag": "⸢mul",
                  "id": "P400392.l0f37c",
                  "ref": "P400392.14.2",
                  "inst": "mul[star]",
                  "sig": "@dcclt/nineveh%sux:mul=mul[star//star]N'N$mul/mul#~",
                  "f": {
                    "lang": "sux",
                    "form": "mul",
                    "delim": " ",
                    "gdl": [
                      {
                        "v": "mul",
                        "id": "P400392.14.2.0",
                        "break": "damaged",
                        "ho": "1"
                      }
                    ],
                    "cf": "mul",
                    "gw": "star",
                    "sense": "star",
                    "norm0": "mul",
                    "pos": "N",
                    "epos": "N",
                    "base": "mul",
                    "morph": "~"
                  }
                },
                {
                  "node": "l",
                  "frag": "AK-a⸣",
                  "id": "P400392.l0f37d",
                  "ref": "P400392.14.3",
                  "inst": "ak[do]",
                  "sig": "@dcclt/nineveh%sux:AK-a=ak[do//to do]V/t'V/t$ak;a/ak#~;a",
                  "f": {
                    "lang": "sux",
                    "form": "AK-a",
                    "gdl": [
                      {
                        "s": "AK",
                        "id": "P400392.14.3.0",
                        "break": "damaged",
                        "delim": "-"
                      },
                      {
                        "v": "a",
                        "id": "P400392.14.3.1",
                        "break": "damaged",
                        "hc": "1"
                      }
                    ],
                    "cf": "ak",
                    "gw": "do",
                    "sense": "to do",
                    "norm0": "ak;a",
                    "pos": "V/t",
                    "epos": "V/t",
                    "base": "ak",
                    "morph": "~;a"
                  }
                },
                {
                  "node": "d",
                  "type": "field-end",
                  "subtype": "default"
                },
                {
                  "node": "d",
                  "type": "cell-end"
                },
                {
                  "node": "d",
                  "type": "cell-start"
                },
                {
                  "node": "d",
                  "type": "field-start",
                  "subtype": "eq"
                },
                {
                  "node": "l",
                  "frag": "[...]",
                  "id": "P400392.l0f37e",
                  "ref": "P400392.14.4",
                  "inst": "u",
                  "f": {
                    "lang": "akk-x-stdbab",
                    "form": "x",
                    "gdl": [
                      {
                        "x": "ellipsis",
                        "id": "P400392.14.4.0",
                        "breakStart": "1",
                        "break": "missing",
                        "o": "]",
                        "breakEnd": "P400392.14.4.0"
                      }
                    ],
                    "pos": "u"
                  }
                },
                {
                  "node": "d",
                  "type": "field-end",
                  "subtype": "eq"
                },
                {
                  "node": "d",
                  "type": "cell-end"
                },
                {
                  "node": "d",
                  "type": "nonx",
                  "ref": "P400392.15",
                  "strict": "1",
                  "extent": "rest",
                  "scope": "column",
                  "state": "missing"
                }
              ]
            }
          ]
        }
      ]
    }
  ]
}
