{
  "type": "metadata",
  "project": "cams/etana",
  "source": "http://oracc.org/cams/etana",
  "license": "This data is released under the CC0 license",
  "license-url": "https://creativecommons.org/publicdomain/zero/1.0/",
  "more-info": "http://oracc.org/doc/opendata/",
  "UTC-timestamp": "2017-06-09T23:18:53",
  "config": {
    "pathname": "cams/etana",
    "name": "The Standard Babylonian Epic of Etana",
    "abbrev": "CAMS/Etana",
    "project-type": "corpus",
    "blurb": "Provides fully searchable manuscript transliterations of the   Old Babylonian, Middle Assyrian and Neo-Assyrian versions of the   Etana epic, prepared by   Jamie Novotny for the book The Standard Babylonian Etana Epic (<a href=\"http://www.helsinki.fi/science/saa/saact-02.html\">State Archives of Assyria, Cuneiform Texts 2</a>), Helsinki: The Neo-Assyrian Text Corpus Project, 2001.  <a href=\" http://www.eisenbrauns.com/item/NOVSTANDA\">Buy the book</a>   from Eisenbrauns",
    "public": "yes",
    "options": {
      "cbd-mode": "mixed",
      "": "atf",
      "build-outlined-policy": "approved",
      "catalog-build-policy": "local",
      "pager-cat-css": "pc20,pc20,pc20,pc20",
      "pager-cat-fields": " designation|name,corpus|genre,subcorpus|subgenre,findspot_remarks",
      "pager-cat-template": {
        "parentvalue": "#xml",
        "tr": "%s%s%s%s"
      },
      "pager-glossaries": "akk qpn",
      "pager-outline-tpg": "yes"
    }
  },
  "formats": {
    "atf": [
      "P363405",
      "P369138",
      "P385881",
      "P393910",
      "P394488",
      "P394541",
      "P395149",
      "P397680",
      "P400998",
      "P404345",
      "P424818",
      "P451806",
      "P452552",
      "P452706",
      "X000001",
      "X000003",
      "X000004",
      "X000005",
      "X000010",
      "X000011"
    ],
    "lem": [],
    "xtf": [
      "P363405",
      "P369138",
      "P385881",
      "P393910",
      "P394488",
      "P394541",
      "P395149",
      "P397680",
      "P400998",
      "P404345",
      "P424818",
      "P451806",
      "P452552",
      "P452706",
      "X000001",
      "X000003",
      "X000004",
      "X000005",
      "X000010",
      "X000011"
    ]
  }
}
