{
  "type": "corpus",
  "project": "dccmt",
  "source": "http://oracc.org/dccmt",
  "license": "This data is released under the CC0 license",
  "license-url": "https://creativecommons.org/publicdomain/zero/1.0/",
  "more-info": "http://oracc.org/doc/opendata/",
  "UTC-timestamp": "2017-06-21T22:33:33",
  "members": {
    "P010678": "corpusjson/P010678.json",
    "P010721": "corpusjson/P010721.json",
    "P010737": "corpusjson/P010737.json",
    "P010773": "corpusjson/P010773.json",
    "P010882": "corpusjson/P010882.json",
    "P020479": "corpusjson/P020479.json",
    "P128042": "corpusjson/P128042.json",
    "P128566": "corpusjson/P128566.json",
    "P129726": "corpusjson/P129726.json",
    "P212456": "corpusjson/P212456.json",
    "P212534": "corpusjson/P212534.json",
    "P212605": "corpusjson/P212605.json",
    "P213160": "corpusjson/P213160.json",
    "P213161": "corpusjson/P213161.json",
    "P213162": "corpusjson/P213162.json",
    "P213163": "corpusjson/P213163.json",
    "P213165": "corpusjson/P213165.json",
    "P214319": "corpusjson/P214319.json",
    "P214402": "corpusjson/P214402.json",
    "P214722": "corpusjson/P214722.json",
    "P215323": "corpusjson/P215323.json",
    "P215324": "corpusjson/P215324.json",
    "P215326": "corpusjson/P215326.json",
    "P215434": "corpusjson/P215434.json",
    "P215972": "corpusjson/P215972.json",
    "P216852": "corpusjson/P216852.json",
    "P217125": "corpusjson/P217125.json",
    "P217673": "corpusjson/P217673.json",
    "P217674": "corpusjson/P217674.json",
    "P218053": "corpusjson/P218053.json",
    "P222256": "corpusjson/P222256.json",
    "P224928": "corpusjson/P224928.json",
    "P230037": "corpusjson/P230037.json",
    "P230069": "corpusjson/P230069.json",
    "P235773": "corpusjson/P235773.json",
    "P240964": "corpusjson/P240964.json",
    "P241144": "corpusjson/P241144.json",
    "P241266": "corpusjson/P241266.json",
    "P250375": "corpusjson/P250375.json",
    "P254365": "corpusjson/P254365.json",
    "P254371": "corpusjson/P254371.json",
    "P254380": "corpusjson/P254380.json",
    "P254381": "corpusjson/P254381.json",
    "P254390": "corpusjson/P254390.json",
    "P254399": "corpusjson/P254399.json",
    "P254406": "corpusjson/P254406.json",
    "P254407": "corpusjson/P254407.json",
    "P254438": "corpusjson/P254438.json",
    "P254440": "corpusjson/P254440.json",
    "P254450": "corpusjson/P254450.json",
    "P254451": "corpusjson/P254451.json",
    "P254478": "corpusjson/P254478.json",
    "P254557": "corpusjson/P254557.json",
    "P254567": "corpusjson/P254567.json",
    "P254568": "corpusjson/P254568.json",
    "P254594": "corpusjson/P254594.json",
    "P254600": "corpusjson/P254600.json",
    "P254603": "corpusjson/P254603.json",
    "P254605": "corpusjson/P254605.json",
    "P254606": "corpusjson/P254606.json",
    "P254607": "corpusjson/P254607.json",
    "P254608": "corpusjson/P254608.json",
    "P254609": "corpusjson/P254609.json",
    "P254610": "corpusjson/P254610.json",
    "P254611": "corpusjson/P254611.json",
    "P254612": "corpusjson/P254612.json",
    "P254616": "corpusjson/P254616.json",
    "P254618": "corpusjson/P254618.json",
    "P254621": "corpusjson/P254621.json",
    "P254622": "corpusjson/P254622.json",
    "P254625": "corpusjson/P254625.json",
    "P254711": "corpusjson/P254711.json",
    "P254712": "corpusjson/P254712.json",
    "P254713": "corpusjson/P254713.json",
    "P254715": "corpusjson/P254715.json",
    "P254717": "corpusjson/P254717.json",
    "P254789": "corpusjson/P254789.json",
    "P254790": "corpusjson/P254790.json",
    "P254801": "corpusjson/P254801.json",
    "P254802": "corpusjson/P254802.json",
    "P254803": "corpusjson/P254803.json",
    "P254804": "corpusjson/P254804.json",
    "P254805": "corpusjson/P254805.json",
    "P254807": "corpusjson/P254807.json",
    "P254808": "corpusjson/P254808.json",
    "P254814": "corpusjson/P254814.json",
    "P254835": "corpusjson/P254835.json",
    "P254856": "corpusjson/P254856.json",
    "P254859": "corpusjson/P254859.json",
    "P254861": "corpusjson/P254861.json",
    "P254870": "corpusjson/P254870.json",
    "P254877": "corpusjson/P254877.json",
    "P254878": "corpusjson/P254878.json",
    "P254900": "corpusjson/P254900.json",
    "P254936": "corpusjson/P254936.json",
    "P254956": "corpusjson/P254956.json",
    "P254958": "corpusjson/P254958.json",
    "P254959": "corpusjson/P254959.json",
    "P254972": "corpusjson/P254972.json",
    "P254975": "corpusjson/P254975.json",
    "P254982": "corpusjson/P254982.json",
    "P254989": "corpusjson/P254989.json",
    "P254990": "corpusjson/P254990.json",
    "P255026": "corpusjson/P255026.json",
    "P255041": "corpusjson/P255041.json",
    "P255045": "corpusjson/P255045.json",
    "P255048": "corpusjson/P255048.json",
    "P255049": "corpusjson/P255049.json",
    "P255051": "corpusjson/P255051.json",
    "P255060": "corpusjson/P255060.json",
    "P257608": "corpusjson/P257608.json",
    "P257719": "corpusjson/P257719.json",
    "P257730": "corpusjson/P257730.json",
    "P266822": "corpusjson/P266822.json",
    "P269999": "corpusjson/P269999.json",
    "P273276": "corpusjson/P273276.json",
    "P345916": "corpusjson/P345916.json",
    "P345925": "corpusjson/P345925.json",
    "P345939": "corpusjson/P345939.json",
    "P347481": "corpusjson/P347481.json",
    "P347486": "corpusjson/P347486.json",
    "P347492": "corpusjson/P347492.json",
    "P347500": "corpusjson/P347500.json",
    "P347512": "corpusjson/P347512.json",
    "P356054": "corpusjson/P356054.json",
    "P357323": "corpusjson/P357323.json",
    "P357324": "corpusjson/P357324.json",
    "P357325": "corpusjson/P357325.json",
    "P357326": "corpusjson/P357326.json",
    "P357327": "corpusjson/P357327.json",
    "P357328": "corpusjson/P357328.json",
    "P357329": "corpusjson/P357329.json",
    "P357330": "corpusjson/P357330.json",
    "P357331": "corpusjson/P357331.json",
    "P357332": "corpusjson/P357332.json",
    "P360846": "corpusjson/P360846.json",
    "P368168": "corpusjson/P368168.json",
    "P368184": "corpusjson/P368184.json",
    "P368194": "corpusjson/P368194.json",
    "P368198": "corpusjson/P368198.json",
    "P368199": "corpusjson/P368199.json",
    "P368200": "corpusjson/P368200.json",
    "P368203": "corpusjson/P368203.json",
    "P368204": "corpusjson/P368204.json",
    "P368205": "corpusjson/P368205.json",
    "P368220": "corpusjson/P368220.json",
    "P368230": "corpusjson/P368230.json",
    "P368233": "corpusjson/P368233.json",
    "P368236": "corpusjson/P368236.json",
    "P368238": "corpusjson/P368238.json",
    "P368239": "corpusjson/P368239.json",
    "P368245": "corpusjson/P368245.json",
    "P368246": "corpusjson/P368246.json",
    "P368247": "corpusjson/P368247.json",
    "P368248": "corpusjson/P368248.json",
    "P368249": "corpusjson/P368249.json",
    "P368251": "corpusjson/P368251.json",
    "P368252": "corpusjson/P368252.json",
    "P368254": "corpusjson/P368254.json",
    "P368255": "corpusjson/P368255.json",
    "P368256": "corpusjson/P368256.json",
    "P368257": "corpusjson/P368257.json",
    "P368258": "corpusjson/P368258.json",
    "P368260": "corpusjson/P368260.json",
    "P368261": "corpusjson/P368261.json",
    "P368262": "corpusjson/P368262.json",
    "P368264": "corpusjson/P368264.json",
    "P368265": "corpusjson/P368265.json",
    "P368266": "corpusjson/P368266.json",
    "P368269": "corpusjson/P368269.json",
    "P368286": "corpusjson/P368286.json",
    "P390441": "corpusjson/P390441.json",
    "P424451": "corpusjson/P424451.json",
    "Q002428": "corpusjson/Q002428.json",
    "Q002430": "corpusjson/Q002430.json",
    "Q002431": "corpusjson/Q002431.json",
    "Q002432": "corpusjson/Q002432.json",
    "Q002433": "corpusjson/Q002433.json",
    "Q002434": "corpusjson/Q002434.json",
    "Q002435": "corpusjson/Q002435.json",
    "Q002436": "corpusjson/Q002436.json",
    "Q002437": "corpusjson/Q002437.json",
    "Q002438": "corpusjson/Q002438.json",
    "Q002439": "corpusjson/Q002439.json",
    "Q002440": "corpusjson/Q002440.json",
    "Q002441": "corpusjson/Q002441.json",
    "Q002442": "corpusjson/Q002442.json",
    "Q002443": "corpusjson/Q002443.json",
    "Q002444": "corpusjson/Q002444.json",
    "Q002445": "corpusjson/Q002445.json",
    "Q002446": "corpusjson/Q002446.json",
    "Q002447": "corpusjson/Q002447.json",
    "Q002448": "corpusjson/Q002448.json",
    "Q002449": "corpusjson/Q002449.json",
    "Q002450": "corpusjson/Q002450.json",
    "Q002451": "corpusjson/Q002451.json",
    "Q002452": "corpusjson/Q002452.json",
    "Q002453": "corpusjson/Q002453.json",
    "Q002454": "corpusjson/Q002454.json",
    "Q002455": "corpusjson/Q002455.json",
    "Q002456": "corpusjson/Q002456.json",
    "Q002457": "corpusjson/Q002457.json",
    "Q002458": "corpusjson/Q002458.json",
    "Q002459": "corpusjson/Q002459.json",
    "Q002460": "corpusjson/Q002460.json",
    "Q002461": "corpusjson/Q002461.json",
    "Q002462": "corpusjson/Q002462.json",
    "Q002463": "corpusjson/Q002463.json",
    "Q002464": "corpusjson/Q002464.json",
    "Q002465": "corpusjson/Q002465.json",
    "Q002466": "corpusjson/Q002466.json",
    "Q002467": "corpusjson/Q002467.json",
    "Q002468": "corpusjson/Q002468.json",
    "Q002469": "corpusjson/Q002469.json",
    "Q002470": "corpusjson/Q002470.json",
    "Q002471": "corpusjson/Q002471.json",
    "Q002472": "corpusjson/Q002472.json",
    "Q002473": "corpusjson/Q002473.json",
    "Q002474": "corpusjson/Q002474.json",
    "Q002475": "corpusjson/Q002475.json",
    "Q002476": "corpusjson/Q002476.json",
    "Q002477": "corpusjson/Q002477.json"
  },
  "proxies": {
    "P001229": "cdli",
    "P001230": "cdli",
    "P003118": "cdli",
    "P003410": "cdli",
    "P003412": "cdli",
    "P003421": "cdli",
    "P003428": "cdli",
    "P003429": "cdli",
    "P003430": "cdli",
    "P003434": "cdli",
    "P003436": "cdli",
    "P003848": "cdli",
    "P005313": "cdli",
    "P005468": "cdli",
    "P254386": "cams/gkab",
    "P254387": "cams/gkab",
    "P254962": "cams/gkab",
    "P338713": "cams/gkab",
    "P348522": "cams/gkab",
    "P348523": "cams/gkab",
    "P348765": "cams/gkab",
    "P348766": "cams/gkab",
    "P348767": "cams/gkab",
    "P348768": "cams/gkab",
    "P348769": "cams/gkab",
    "P348770": "cams/gkab",
    "P348898": "cams/gkab",
    "P348899": "cams/gkab",
    "P363704": "cams/gkab"
  }
}
