{
  "type": "index",
  "project": "ckst",
  "source": "http://oracc.org/ckst",
  "license": "This data is released under the CC0 license",
  "license-url": "https://creativecommons.org/publicdomain/zero/1.0/",
  "more-info": "http://oracc.org/doc/opendata/",
  "UTC-timestamp": "2017-06-09T23:25:31",
  "name": "cbd/sux-x-emesal",
  "keys": [
    {
      "key": "x",
      "count": "2",
      "instances": [
        "sux-x-emesal.x000000",
        "sux-x-emesal.x000013"
      ]
    },
    {
      "key": "umun[lord]",
      "count": "1",
      "instances": [
        "sux-x-emesal.x000013"
      ]
    },
    {
      "key": "umun",
      "count": "2",
      "instances": [
        "sux-x-emesal.x000013",
        "sux-x-emesal.x000013"
      ]
    },
    {
      "key": "ga",
      "count": "4",
      "instances": [
        "sux-x-emesal.x000000",
        "sux-x-emesal.x000000",
        "sux-x-emesal.x000000",
        "sux-x-emesal.x000000"
      ]
    },
    {
      "key": "la",
      "count": "4",
      "instances": [
        "sux-x-emesal.x000000",
        "sux-x-emesal.x000000",
        "sux-x-emesal.x000000",
        "sux-x-emesal.x000000"
      ]
    },
    {
      "key": "na",
      "count": "3",
      "instances": [
        "sux-x-emesal.x000000",
        "sux-x-emesal.x000000",
        "sux-x-emesal.x000000"
      ]
    },
    {
      "key": "mu",
      "count": "4",
      "instances": [
        "sux-x-emesal.x000013",
        "sux-x-emesal.x000013",
        "sux-x-emesal.x000013",
        "sux-x-emesal.x000013"
      ]
    },
    {
      "key": "ra",
      "count": "3",
      "instances": [
        "sux-x-emesal.x000000",
        "sux-x-emesal.x000000",
        "sux-x-emesal.x000000"
      ]
    },
    {
      "key": "un",
      "count": "4",
      "instances": [
        "sux-x-emesal.x000013",
        "sux-x-emesal.x000013",
        "sux-x-emesal.x000013",
        "sux-x-emesal.x000013"
      ]
    },
    {
      "key": "emesalu₃",
      "count": "1",
      "instances": [
        "sux-x-emesal.x000013"
      ]
    },
    {
      "key": "emesalna",
      "count": "1",
      "instances": [
        "sux-x-emesal.x000000"
      ]
    },
    {
      "key": "u₃",
      "count": "3",
      "instances": [
        "sux-x-emesal.x000013",
        "sux-x-emesal.x000013",
        "sux-x-emesal.x000013"
      ]
    },
    {
      "key": "lord",
      "count": "1",
      "instances": [
        "sux-x-emesal.x000013"
      ]
    },
    {
      "key": "priest",
      "count": "3",
      "instances": [
        "sux-x-emesal.x000000",
        "sux-x-emesal.x000000",
        "sux-x-emesal.x000013"
      ]
    },
    {
      "key": "sux",
      "count": "2",
      "instances": [
        "sux-x-emesal.x000000",
        "sux-x-emesal.x000013"
      ]
    },
    {
      "key": "labar",
      "count": "2",
      "instances": [
        "sux-x-emesal.x000000",
        "sux-x-emesal.x000000"
      ]
    },
    {
      "key": "labar[priest]",
      "count": "1",
      "instances": [
        "sux-x-emesal.x000000"
      ]
    }
  ],
  "map": {
    "%sux": "sux",
    "emesal:na": "emesalna",
    "emesal:u₃": "emesalu₃"
  }
}
