{
  "type": "cdl",
  "source": "http://oracc.org/saao/saa10",
  "license": "This data is released under the CC0 license",
  "license-url": "https://creativecommons.org/publicdomain/zero/1.0/",
  "more-info": "http://oracc.org/doc/opendata/",
  "UTC-timestamp": "2017-06-10T00:48:27",
  "project": "saao/saa10",
  "textid": "P237237",
  "cdl": [
    {
      "node": "c",
      "type": "text",
      "id": "P237237.U0",
      "cdl": [
        {
          "node": "d",
          "type": "object",
          "ref": ""
        },
        {
          "node": "d",
          "subtype": "obverse",
          "type": "obverse",
          "ref": "P237237.o.1",
          "label": "o"
        },
        {
          "node": "c",
          "type": "discourse",
          "subtype": "body",
          "id": "P237237.U1",
          "cdl": [
            {
              "node": "c",
              "type": "sentence",
              "id": "P237237.U2",
              "label": "o 1 - r.e. 13",
              "cdl": [
                {
                  "node": "d",
                  "type": "line-start",
                  "ref": "P237237.2",
                  "n": "1",
                  "label": "o 1"
                },
                {
                  "node": "l",
                  "frag": "a-na",
                  "id": "P237237.l04245",
                  "ref": "P237237.2.1",
                  "inst": "ana[to]PRP",
                  "sig": "@saao/saa10%akk-x-neobab:a-na=ana[to//against]PRP'PRP$ana",
                  "f": {
                    "lang": "akk-x-neobab",
                    "form": "a-na",
                    "cf": "ana",
                    "gw": "to",
                    "sense": "against",
                    "norm": "ana",
                    "pos": "PRP",
                    "epos": "PRP"
                  }
                },
                {
                  "node": "l",
                  "frag": "UGU",
                  "id": "P237237.l04246",
                  "ref": "P237237.2.2",
                  "inst": "muhhi[skull]N",
                  "sig": "@saao/saa10%akk-x-neobab:UGU=muhhu[skull//skull]N'N$muhhi",
                  "f": {
                    "lang": "akk-x-neobab",
                    "form": "UGU",
                    "cf": "muhhu",
                    "gw": "skull",
                    "sense": "skull",
                    "norm": "muhhi",
                    "pos": "N",
                    "epos": "N"
                  }
                },
                {
                  "node": "l",
                  "frag": "AN.MI",
                  "id": "P237237.l04247",
                  "ref": "P237237.2.3",
                  "inst": "attalî[eclipse]N",
                  "sig": "@saao/saa10%akk-x-neobab:AN.MI=antalû[eclipse//eclipse]N'N$attalî",
                  "f": {
                    "lang": "akk-x-neobab",
                    "form": "AN.MI",
                    "cf": "antalû",
                    "gw": "eclipse",
                    "sense": "eclipse",
                    "norm": "attalî",
                    "pos": "N",
                    "epos": "N"
                  }
                },
                {
                  "node": "d",
                  "type": "line-start",
                  "ref": "P237237.3",
                  "n": "2",
                  "label": "o 2"
                },
                {
                  "node": "l",
                  "frag": "{d}UTU",
                  "id": "P237237.l04248",
                  "ref": "P237237.3.1",
                  "inst": "Šamaš[1]DN",
                  "sig": "@saao/saa10%akk-x-neobab:{d}UTU=Šamaš[1//1]DN'DN$Šamaš",
                  "f": {
                    "lang": "akk-x-neobab",
                    "form": "{d}UTU",
                    "cf": "Šamaš",
                    "gw": "1",
                    "sense": "1",
                    "norm": "Šamaš",
                    "pos": "DN",
                    "epos": "DN"
                  }
                },
                {
                  "node": "l",
                  "frag": "ša₂",
                  "id": "P237237.l04249",
                  "ref": "P237237.3.2",
                  "inst": "ša[which]REL",
                  "sig": "@saao/saa10%akk-x-neobab:ša₂=ša[that//which]REL'REL$ša",
                  "f": {
                    "lang": "akk-x-neobab",
                    "form": "ša₂",
                    "cf": "ša",
                    "gw": "that",
                    "sense": "which",
                    "norm": "ša",
                    "pos": "REL",
                    "epos": "REL"
                  }
                },
                {
                  "node": "l",
                  "frag": "LUGAL",
                  "id": "P237237.l0424a",
                  "ref": "P237237.3.3",
                  "inst": "šarru[king]N",
                  "sig": "@saao/saa10%akk-x-neobab:LUGAL=šarru[king//king]N'N$šarru",
                  "f": {
                    "lang": "akk-x-neobab",
                    "form": "LUGAL",
                    "cf": "šarru",
                    "gw": "king",
                    "sense": "king",
                    "norm": "šarru",
                    "pos": "N",
                    "epos": "N"
                  }
                },
                {
                  "node": "l",
                  "frag": "iš-pu-ra-an-[ni]",
                  "id": "P237237.l0424b",
                  "ref": "P237237.3.4",
                  "inst": "išpuranni[write]V",
                  "sig": "@saao/saa10%akk-x-neobab:iš-pu-ra-an-ni=šapāru[send//write]V'V$išpuranni",
                  "f": {
                    "lang": "akk-x-neobab",
                    "form": "iš-pu-ra-an-ni",
                    "cf": "šapāru",
                    "gw": "send",
                    "sense": "write",
                    "norm": "išpuranni",
                    "pos": "V",
                    "epos": "V"
                  }
                },
                {
                  "node": "d",
                  "type": "line-start",
                  "ref": "P237237.4",
                  "n": "3",
                  "label": "o 3"
                },
                {
                  "node": "l",
                  "frag": "um-ma",
                  "id": "P237237.l0424c",
                  "ref": "P237237.4.1",
                  "inst": "umma[saying]PRP",
                  "sig": "@saao/saa10%akk-x-neobab:um-ma=umma[saying//saying]PRP'PRP$umma",
                  "f": {
                    "lang": "akk-x-neobab",
                    "form": "um-ma",
                    "cf": "umma",
                    "gw": "saying",
                    "sense": "saying",
                    "norm": "umma",
                    "pos": "PRP",
                    "epos": "PRP"
                  }
                },
                {
                  "node": "l",
                  "frag": "i-šak-ka-nu",
                  "id": "P237237.l0424d",
                  "ref": "P237237.4.2",
                  "inst": "+šakānu[put//place]V'V$išakkanû",
                  "sig": "@saao/saa10%akk-x-neobab:i-šak-ka-nu=šakānu[put//place]V'V$išakkanû",
                  "f": {
                    "lang": "akk-x-neobab",
                    "form": "i-šak-ka-nu",
                    "cf": "šakānu",
                    "gw": "put",
                    "sense": "place",
                    "norm": "išakkanû",
                    "pos": "V",
                    "epos": "V"
                  }
                },
                {
                  "node": "d",
                  "type": "line-start",
                  "ref": "P237237.5",
                  "n": "4",
                  "label": "o 4"
                },
                {
                  "node": "l",
                  "frag": "ul",
                  "id": "P237237.l0424e",
                  "ref": "P237237.5.1",
                  "inst": "ul[not]MOD",
                  "sig": "@saao/saa10%akk-x-neobab:ul=ul[not//not]MOD'MOD$ul",
                  "f": {
                    "lang": "akk-x-neobab",
                    "form": "ul",
                    "cf": "ul",
                    "gw": "not",
                    "sense": "not",
                    "norm": "ul",
                    "pos": "MOD",
                    "epos": "MOD"
                  }
                },
                {
                  "node": "l",
                  "frag": "i-šak-ka-nu",
                  "id": "P237237.l0424f",
                  "ref": "P237237.5.2",
                  "inst": "+šakānu[put//place]V'V$išakkanû",
                  "sig": "@saao/saa10%akk-x-neobab:i-šak-ka-nu=šakānu[put//place]V'V$išakkanû",
                  "f": {
                    "lang": "akk-x-neobab",
                    "form": "i-šak-ka-nu",
                    "cf": "šakānu",
                    "gw": "put",
                    "sense": "place",
                    "norm": "išakkanû",
                    "pos": "V",
                    "epos": "V"
                  }
                },
                {
                  "node": "d",
                  "type": "line-start",
                  "ref": "P237237.6",
                  "n": "5",
                  "label": "o 5"
                },
                {
                  "node": "l",
                  "frag": "a-mat",
                  "id": "P237237.l04250",
                  "ref": "P237237.6.1",
                  "inst": "amat[word]N",
                  "sig": "@saao/saa10%akk-x-neobab:a-mat=awātu[word//word]N'N$amat",
                  "f": {
                    "lang": "akk-x-neobab",
                    "form": "a-mat",
                    "cf": "awātu",
                    "gw": "word",
                    "sense": "word",
                    "norm": "amat",
                    "pos": "N",
                    "epos": "N"
                  }
                },
                {
                  "node": "l",
                  "frag": "pa-ri-is-tu₂",
                  "id": "P237237.l04251",
                  "ref": "P237237.6.2",
                  "inst": "+parsu[cut off//definite]AJ'AJ$paristu",
                  "sig": "@saao/saa10%akk-x-neobab:pa-ri-is-tu₂=parsu[cut off//definite]AJ'AJ$paristu",
                  "f": {
                    "lang": "akk-x-neobab",
                    "form": "pa-ri-is-tu₂",
                    "cf": "parsu",
                    "gw": "cut off",
                    "sense": "definite",
                    "norm": "paristu",
                    "pos": "AJ",
                    "epos": "AJ"
                  }
                },
                {
                  "node": "d",
                  "type": "line-start",
                  "ref": "P237237.7",
                  "n": "6",
                  "label": "o 6"
                },
                {
                  "node": "l",
                  "frag": "šup-ra",
                  "id": "P237237.l04252",
                  "ref": "P237237.7.1",
                  "inst": "+šapāru[send]V$šupra",
                  "sig": "@saao/saa10%akk-x-neobab:šup-ra=šapāru[send//send]V'V$šupra",
                  "f": {
                    "lang": "akk-x-neobab",
                    "form": "šup-ra",
                    "cf": "šapāru",
                    "gw": "send",
                    "sense": "send",
                    "norm": "šupra",
                    "pos": "V",
                    "epos": "V"
                  }
                },
                {
                  "node": "l",
                  "frag": "AN.MI",
                  "id": "P237237.l04253",
                  "ref": "P237237.7.2",
                  "inst": "attalî[eclipse]N",
                  "sig": "@saao/saa10%akk-x-neobab:AN.MI=antalû[eclipse//eclipse]N'N$attalî",
                  "f": {
                    "lang": "akk-x-neobab",
                    "form": "AN.MI",
                    "cf": "antalû",
                    "gw": "eclipse",
                    "sense": "eclipse",
                    "norm": "attalî",
                    "pos": "N",
                    "epos": "N"
                  }
                },
                {
                  "node": "l",
                  "frag": "{d}UTU",
                  "id": "P237237.l04254",
                  "ref": "P237237.7.3",
                  "inst": "Šamaš[1]DN",
                  "sig": "@saao/saa10%akk-x-neobab:{d}UTU=Šamaš[1//1]DN'DN$Šamaš",
                  "f": {
                    "lang": "akk-x-neobab",
                    "form": "{d}UTU",
                    "cf": "Šamaš",
                    "gw": "1",
                    "sense": "1",
                    "norm": "Šamaš",
                    "pos": "DN",
                    "epos": "DN"
                  }
                },
                {
                  "node": "d",
                  "type": "line-start",
                  "ref": "P237237.8",
                  "n": "7",
                  "label": "o 7"
                },
                {
                  "node": "l",
                  "frag": "ki-i",
                  "id": "P237237.l04255",
                  "ref": "P237237.8.1",
                  "inst": "kî[like]PRP",
                  "sig": "@saao/saa10%akk-x-neobab:ki-i=kī[like//like]PRP'PRP$kî",
                  "f": {
                    "lang": "akk-x-neobab",
                    "form": "ki-i",
                    "cf": "kī",
                    "gw": "like",
                    "sense": "like",
                    "norm": "kî",
                    "pos": "PRP",
                    "epos": "PRP"
                  }
                },
                {
                  "node": "l",
                  "frag": "ša₂",
                  "id": "P237237.l04256",
                  "ref": "P237237.8.2",
                  "inst": "ša[that]REL",
                  "sig": "@saao/saa10%akk-x-neobab:ša₂=ša[that//that]REL'REL$ša",
                  "f": {
                    "lang": "akk-x-neobab",
                    "form": "ša₂",
                    "cf": "ša",
                    "gw": "that",
                    "sense": "that",
                    "norm": "ša",
                    "pos": "REL",
                    "epos": "REL"
                  }
                },
                {
                  "node": "l",
                  "frag": "{d}30",
                  "id": "P237237.l04257",
                  "ref": "P237237.8.3",
                  "inst": "Sin[1]DN",
                  "sig": "@saao/saa10%akk-x-neobab:{d}30=Sin[1//1]DN'DN$Sin",
                  "f": {
                    "lang": "akk-x-neobab",
                    "form": "{d}30",
                    "cf": "Sin",
                    "gw": "1",
                    "sense": "1",
                    "norm": "Sin",
                    "pos": "DN",
                    "epos": "DN"
                  }
                },
                {
                  "node": "d",
                  "type": "line-start",
                  "ref": "P237237.9",
                  "n": "8",
                  "label": "o 8"
                },
                {
                  "node": "l",
                  "frag": "a-na",
                  "id": "P237237.l04258",
                  "ref": "P237237.9.1",
                  "inst": "ana[to]PRP",
                  "sig": "@saao/saa10%akk-x-neobab:a-na=ana[to//against]PRP'PRP$ana",
                  "f": {
                    "lang": "akk-x-neobab",
                    "form": "a-na",
                    "cf": "ana",
                    "gw": "to",
                    "sense": "against",
                    "norm": "ana",
                    "pos": "PRP",
                    "epos": "PRP"
                  }
                },
                {
                  "node": "l",
                  "frag": "ŠU.2-ia",
                  "id": "P237237.l04259",
                  "ref": "P237237.9.2",
                  "inst": "+qātu[hand]N$qātīya",
                  "sig": "@saao/saa10%akk-x-neobab:ŠU.2-ia=qātu[hand//hand]N'N$qātīya",
                  "f": {
                    "lang": "akk-x-neobab",
                    "form": "ŠU.2-ia",
                    "cf": "qātu",
                    "gw": "hand",
                    "sense": "hand",
                    "norm": "qātīya",
                    "pos": "N",
                    "epos": "N"
                  }
                },
                {
                  "node": "d",
                  "type": "line-start",
                  "ref": "P237237.10",
                  "n": "9",
                  "label": "o 9"
                },
                {
                  "node": "l",
                  "frag": "ul",
                  "id": "P237237.l0425a",
                  "ref": "P237237.10.1",
                  "inst": "ul[not]MOD",
                  "sig": "@saao/saa10%akk-x-neobab:ul=ul[not//not]MOD'MOD$ul",
                  "f": {
                    "lang": "akk-x-neobab",
                    "form": "ul",
                    "cf": "ul",
                    "gw": "not",
                    "sense": "not",
                    "norm": "ul",
                    "pos": "MOD",
                    "epos": "MOD"
                  }
                },
                {
                  "node": "l",
                  "frag": "a-ṣi",
                  "id": "P237237.l0425b",
                  "ref": "P237237.10.2",
                  "inst": "+āṣû[going out]AJ$āṣi",
                  "sig": "@saao/saa10%akk-x-neobab:a-ṣi=āṣû[going out//going out]AJ'AJ$āṣi",
                  "f": {
                    "lang": "akk-x-neobab",
                    "form": "a-ṣi",
                    "cf": "āṣû",
                    "gw": "going out",
                    "sense": "going out",
                    "norm": "āṣi",
                    "pos": "AJ",
                    "epos": "AJ"
                  }
                },
                {
                  "node": "d",
                  "subtype": "reverse",
                  "type": "reverse",
                  "ref": "P237237.r.11",
                  "label": "r"
                },
                {
                  "node": "d",
                  "type": "line-start",
                  "ref": "P237237.12",
                  "n": "1",
                  "label": "r 1"
                },
                {
                  "node": "l",
                  "frag": "it-ti-i",
                  "id": "P237237.l0425c",
                  "ref": "P237237.12.1",
                  "inst": "+ittu[sign]N$ittî",
                  "sig": "@saao/saa10%akk-x-neobab:it-ti-i=ittu[sign//sign]N'N$ittî",
                  "f": {
                    "lang": "akk-x-neobab",
                    "form": "it-ti-i",
                    "cf": "ittu",
                    "gw": "sign",
                    "sense": "sign",
                    "norm": "ittî",
                    "pos": "N",
                    "epos": "N"
                  }
                },
                {
                  "node": "d",
                  "type": "line-start",
                  "ref": "P237237.13",
                  "n": "2",
                  "label": "r 2"
                },
                {
                  "node": "l",
                  "frag": "la",
                  "id": "P237237.l0425d",
                  "ref": "P237237.13.1",
                  "inst": "lā[not]MOD",
                  "sig": "@saao/saa10%akk-x-neobab:la=lā[not//not]MOD'MOD$lā",
                  "f": {
                    "lang": "akk-x-neobab",
                    "form": "la",
                    "cf": "lā",
                    "gw": "not",
                    "sense": "not",
                    "norm": "lā",
                    "pos": "MOD",
                    "epos": "MOD"
                  }
                },
                {
                  "node": "l",
                  "frag": "eb-bi-ma",
                  "id": "P237237.l0425e",
                  "ref": "P237237.13.2",
                  "inst": "+ebbu[bright//clear]AJ'AJ$ebbīma",
                  "sig": "@saao/saa10%akk-x-neobab:eb-bi-ma=ebbu[bright//clear]AJ'AJ$ebbīma",
                  "f": {
                    "lang": "akk-x-neobab",
                    "form": "eb-bi-ma",
                    "cf": "ebbu",
                    "gw": "bright",
                    "sense": "clear",
                    "norm": "ebbīma",
                    "pos": "AJ",
                    "epos": "AJ"
                  }
                },
                {
                  "node": "d",
                  "type": "line-start",
                  "ref": "P237237.14",
                  "n": "3",
                  "label": "r 3"
                },
                {
                  "node": "l",
                  "frag": "u",
                  "id": "P237237.l0425f",
                  "ref": "P237237.14.1",
                  "inst": "u[and]CNJ",
                  "sig": "@saao/saa10%akk-x-neobab:u=u[and//and]CNJ'CNJ$u",
                  "f": {
                    "lang": "akk-x-neobab",
                    "form": "u",
                    "cf": "u",
                    "gw": "and",
                    "sense": "and",
                    "norm": "u",
                    "pos": "CNJ",
                    "epos": "CNJ"
                  }
                },
                {
                  "node": "l",
                  "frag": "am-qu-tam-ma",
                  "id": "P237237.l04260",
                  "ref": "P237237.14.2",
                  "inst": "+maqātu[fall]V$amqutamma",
                  "sig": "@saao/saa10%akk-x-neobab:am-qu-tam-ma=maqātu[fall//fall]V'V$amqutamma",
                  "f": {
                    "lang": "akk-x-neobab",
                    "form": "am-qu-tam-ma",
                    "cf": "maqātu",
                    "gw": "fall",
                    "sense": "fall",
                    "norm": "amqutamma",
                    "pos": "V",
                    "epos": "V"
                  }
                },
                {
                  "node": "d",
                  "type": "line-start",
                  "ref": "P237237.15",
                  "n": "4",
                  "label": "r 4"
                },
                {
                  "node": "l",
                  "frag": "ul",
                  "id": "P237237.l04261",
                  "ref": "P237237.15.1",
                  "inst": "ul[not]MOD",
                  "sig": "@saao/saa10%akk-x-neobab:ul=ul[not//not]MOD'MOD$ul",
                  "f": {
                    "lang": "akk-x-neobab",
                    "form": "ul",
                    "cf": "ul",
                    "gw": "not",
                    "sense": "not",
                    "norm": "ul",
                    "pos": "MOD",
                    "epos": "MOD"
                  }
                },
                {
                  "node": "l",
                  "frag": "a-lam-mad-su",
                  "id": "P237237.l04262",
                  "ref": "P237237.15.2",
                  "inst": "+lamādu[learn]V$alammassu",
                  "sig": "@saao/saa10%akk-x-neobab:a-lam-mad-su=lamādu[learn//learn]V'V$alammassu",
                  "f": {
                    "lang": "akk-x-neobab",
                    "form": "a-lam-mad-su",
                    "cf": "lamādu",
                    "gw": "learn",
                    "sense": "learn",
                    "norm": "alammassu",
                    "pos": "V",
                    "epos": "V"
                  }
                },
                {
                  "node": "d",
                  "type": "line-start",
                  "ref": "P237237.16",
                  "n": "5",
                  "label": "r 5"
                },
                {
                  "node": "l",
                  "frag": "en-na",
                  "id": "P237237.l04263",
                  "ref": "P237237.16.1",
                  "inst": "enna[now]AV",
                  "sig": "@saao/saa10%akk-x-neobab:en-na=enna[now//now]AV'AV$enna",
                  "f": {
                    "lang": "akk-x-neobab",
                    "form": "en-na",
                    "cf": "enna",
                    "gw": "now",
                    "sense": "now",
                    "norm": "enna",
                    "pos": "AV",
                    "epos": "AV"
                  }
                },
                {
                  "node": "l",
                  "frag": "aš₂-šu₂",
                  "id": "P237237.l04264",
                  "ref": "P237237.16.2",
                  "inst": "aššu[concerning]'PRP",
                  "sig": "@saao/saa10%akk-x-neobab:aš₂-šu₂=aššu[because (of)//concerning]SBJ'PRP$aššu",
                  "f": {
                    "lang": "akk-x-neobab",
                    "form": "aš₂-šu₂",
                    "cf": "aššu",
                    "gw": "because (of)",
                    "sense": "concerning",
                    "norm": "aššu",
                    "pos": "SBJ",
                    "epos": "PRP"
                  }
                },
                {
                  "node": "l",
                  "frag": "ša₂",
                  "id": "P237237.l04265",
                  "ref": "P237237.16.3",
                  "inst": "ša[that]REL",
                  "sig": "@saao/saa10%akk-x-neobab:ša₂=ša[that//that]REL'REL$ša",
                  "f": {
                    "lang": "akk-x-neobab",
                    "form": "ša₂",
                    "cf": "ša",
                    "gw": "that",
                    "sense": "that",
                    "norm": "ša",
                    "pos": "REL",
                    "epos": "REL"
                  }
                },
                {
                  "node": "l",
                  "frag": "ITI",
                  "id": "P237237.l04266",
                  "ref": "P237237.16.4",
                  "inst": "+arhu[month]N$arah",
                  "sig": "@saao/saa10%akk-x-neobab:ITI=arhu[month//month]N'N$arah",
                  "f": {
                    "lang": "akk-x-neobab",
                    "form": "ITI",
                    "cf": "arhu",
                    "gw": "month",
                    "sense": "month",
                    "norm": "arah",
                    "pos": "N",
                    "epos": "N"
                  }
                },
                {
                  "node": "d",
                  "type": "line-start",
                  "ref": "P237237.17",
                  "n": "6",
                  "label": "r 6"
                },
                {
                  "node": "l",
                  "frag": "EN.NUN",
                  "id": "P237237.l04267",
                  "ref": "P237237.17.1",
                  "inst": "maṣṣarti[watch]N",
                  "sig": "@saao/saa10%akk-x-neobab:EN.NUN=maṣṣartu[observation//watch]N'N$maṣṣarti",
                  "f": {
                    "lang": "akk-x-neobab",
                    "form": "EN.NUN",
                    "cf": "maṣṣartu",
                    "gw": "observation",
                    "sense": "watch",
                    "norm": "maṣṣarti",
                    "pos": "N",
                    "epos": "N"
                  }
                },
                {
                  "node": "l",
                  "frag": "ša₂",
                  "id": "P237237.l04268",
                  "ref": "P237237.17.2",
                  "inst": "ša[of]DET",
                  "sig": "@saao/saa10%akk-x-neobab:ša₂=ša[of//of]DET'DET$ša",
                  "f": {
                    "lang": "akk-x-neobab",
                    "form": "ša₂",
                    "cf": "ša",
                    "gw": "of",
                    "sense": "of",
                    "norm": "ša",
                    "pos": "DET",
                    "epos": "DET"
                  }
                },
                {
                  "node": "l",
                  "frag": "{d}UTU",
                  "id": "P237237.l04269",
                  "ref": "P237237.17.3",
                  "inst": "Šamaš[1]DN",
                  "sig": "@saao/saa10%akk-x-neobab:{d}UTU=Šamaš[1//1]DN'DN$Šamaš",
                  "f": {
                    "lang": "akk-x-neobab",
                    "form": "{d}UTU",
                    "cf": "Šamaš",
                    "gw": "1",
                    "sense": "1",
                    "norm": "Šamaš",
                    "pos": "DN",
                    "epos": "DN"
                  }
                },
                {
                  "node": "d",
                  "type": "line-start",
                  "ref": "P237237.18",
                  "n": "7",
                  "label": "r 7"
                },
                {
                  "node": "l",
                  "frag": "šu-u₂",
                  "id": "P237237.l0426a",
                  "ref": "P237237.18.1",
                  "inst": "šû[it]IP",
                  "sig": "@saao/saa10%akk-x-neobab:šu-u₂=šū[he//it]IP'IP$šû",
                  "f": {
                    "lang": "akk-x-neobab",
                    "form": "šu-u₂",
                    "cf": "šū",
                    "gw": "he",
                    "sense": "it",
                    "norm": "šû",
                    "pos": "IP",
                    "epos": "IP"
                  }
                },
                {
                  "node": "l",
                  "frag": "u",
                  "id": "P237237.l0426b",
                  "ref": "P237237.18.2",
                  "inst": "u[and]CNJ",
                  "sig": "@saao/saa10%akk-x-neobab:u=u[and//and]CNJ'CNJ$u",
                  "f": {
                    "lang": "akk-x-neobab",
                    "form": "u",
                    "cf": "u",
                    "gw": "and",
                    "sense": "and",
                    "norm": "u",
                    "pos": "CNJ",
                    "epos": "CNJ"
                  }
                },
                {
                  "node": "l",
                  "frag": "LUGAL",
                  "id": "P237237.l0426c",
                  "ref": "P237237.18.3",
                  "inst": "šarru[king]N",
                  "sig": "@saao/saa10%akk-x-neobab:LUGAL=šarru[king//king]N'N$šarru",
                  "f": {
                    "lang": "akk-x-neobab",
                    "form": "LUGAL",
                    "cf": "šarru",
                    "gw": "king",
                    "sense": "king",
                    "norm": "šarru",
                    "pos": "N",
                    "epos": "N"
                  }
                },
                {
                  "node": "l",
                  "frag": "ina",
                  "id": "P237237.l0426d",
                  "ref": "P237237.18.4",
                  "inst": "ina[in]PRP",
                  "sig": "@saao/saa10%akk-x-neobab:ina=ina[in//in]PRP'PRP$ina",
                  "f": {
                    "lang": "akk-x-neobab",
                    "form": "ina",
                    "cf": "ina",
                    "gw": "in",
                    "sense": "in",
                    "norm": "ina",
                    "pos": "PRP",
                    "epos": "PRP"
                  }
                },
                {
                  "node": "l",
                  "frag": "EDIN",
                  "id": "P237237.l0426e",
                  "ref": "P237237.18.5",
                  "inst": "ṣēri[open country]N",
                  "sig": "@saao/saa10%akk-x-neobab:EDIN=ṣēru[back//open country]N'N$ṣēri",
                  "f": {
                    "lang": "akk-x-neobab",
                    "form": "EDIN",
                    "cf": "ṣēru",
                    "gw": "back",
                    "sense": "open country",
                    "norm": "ṣēri",
                    "pos": "N",
                    "epos": "N"
                  }
                },
                {
                  "node": "l",
                  "frag": "šu-u",
                  "id": "P237237.l0426f",
                  "ref": "P237237.18.6",
                  "inst": "šû[he]IP",
                  "sig": "@saao/saa10%akk-x-neobab:šu-u=šū[he//he]IP'IP$šû",
                  "f": {
                    "lang": "akk-x-neobab",
                    "form": "šu-u",
                    "cf": "šū",
                    "gw": "he",
                    "sense": "he",
                    "norm": "šû",
                    "pos": "IP",
                    "epos": "IP"
                  }
                },
                {
                  "node": "d",
                  "type": "line-start",
                  "ref": "P237237.19",
                  "n": "8",
                  "label": "r 8"
                },
                {
                  "node": "l",
                  "frag": "a-na",
                  "id": "P237237.l04270",
                  "ref": "P237237.19.1",
                  "inst": "ana[to]PRP",
                  "sig": "@saao/saa10%akk-x-neobab:a-na=ana[to//against]PRP'PRP$ana",
                  "f": {
                    "lang": "akk-x-neobab",
                    "form": "a-na",
                    "cf": "ana",
                    "gw": "to",
                    "sense": "against",
                    "norm": "ana",
                    "pos": "PRP",
                    "epos": "PRP"
                  }
                },
                {
                  "node": "l",
                  "frag": "UGU-hi",
                  "id": "P237237.l04271",
                  "ref": "P237237.19.2",
                  "inst": "muhhi[skull]N",
                  "sig": "@saao/saa10%akk-x-neobab:UGU-hi=muhhu[skull//skull]N'N$muhhi",
                  "f": {
                    "lang": "akk-x-neobab",
                    "form": "UGU-hi",
                    "cf": "muhhu",
                    "gw": "skull",
                    "sense": "skull",
                    "norm": "muhhi",
                    "pos": "N",
                    "epos": "N"
                  }
                },
                {
                  "node": "l",
                  "frag": "ana",
                  "id": "P237237.l04272",
                  "ref": "P237237.19.3",
                  "inst": "ana[to]PRP",
                  "sig": "@saao/saa10%akk-x-neobab:ana=ana[to//to]PRP'PRP$ana",
                  "f": {
                    "lang": "akk-x-neobab",
                    "form": "ana",
                    "cf": "ana",
                    "gw": "to",
                    "sense": "to",
                    "norm": "ana",
                    "pos": "PRP",
                    "epos": "PRP"
                  }
                },
                {
                  "node": "l",
                  "frag": "LUGAL",
                  "id": "P237237.l04273",
                  "ref": "P237237.19.4",
                  "inst": "šarri[king]N",
                  "sig": "@saao/saa10%akk-x-neobab:LUGAL=šarru[king//king]N'N$šarri",
                  "f": {
                    "lang": "akk-x-neobab",
                    "form": "LUGAL",
                    "cf": "šarru",
                    "gw": "king",
                    "sense": "king",
                    "norm": "šarri",
                    "pos": "N",
                    "epos": "N"
                  }
                },
                {
                  "node": "d",
                  "type": "line-start",
                  "ref": "P237237.20",
                  "n": "9",
                  "label": "r 9"
                },
                {
                  "node": "l",
                  "frag": "aš₂-pu-ra",
                  "id": "P237237.l04274",
                  "ref": "P237237.20.1",
                  "inst": "ašpura[write]V",
                  "sig": "@saao/saa10%akk-x-neobab:aš₂-pu-ra=šapāru[send//write]V'V$ašpura",
                  "f": {
                    "lang": "akk-x-neobab",
                    "form": "aš₂-pu-ra",
                    "cf": "šapāru",
                    "gw": "send",
                    "sense": "write",
                    "norm": "ašpura",
                    "pos": "V",
                    "epos": "V"
                  }
                },
                {
                  "node": "l",
                  "frag": "um-ma",
                  "id": "P237237.l04275",
                  "ref": "P237237.20.2",
                  "inst": "umma[saying]PRP",
                  "sig": "@saao/saa10%akk-x-neobab:um-ma=umma[saying//saying]PRP'PRP$umma",
                  "f": {
                    "lang": "akk-x-neobab",
                    "form": "um-ma",
                    "cf": "umma",
                    "gw": "saying",
                    "sense": "saying",
                    "norm": "umma",
                    "pos": "PRP",
                    "epos": "PRP"
                  }
                },
                {
                  "node": "d",
                  "type": "line-start",
                  "ref": "P237237.21",
                  "n": "10",
                  "label": "r 10"
                },
                {
                  "node": "l",
                  "frag": "LUGAL",
                  "id": "P237237.l04276",
                  "ref": "P237237.21.1",
                  "inst": "šarru[king]N",
                  "sig": "@saao/saa10%akk-x-neobab:LUGAL=šarru[king//king]N'N$šarru",
                  "f": {
                    "lang": "akk-x-neobab",
                    "form": "LUGAL",
                    "cf": "šarru",
                    "gw": "king",
                    "sense": "king",
                    "norm": "šarru",
                    "pos": "N",
                    "epos": "N"
                  }
                },
                {
                  "node": "l",
                  "frag": "PI.2",
                  "id": "P237237.l04277",
                  "ref": "P237237.21.2",
                  "inst": "+uznu[ear//attention]N'N$",
                  "sig": "@saao/saa10%akk-x-neobab:PI.2=uznu[ear//attention]N'N$uznu",
                  "f": {
                    "lang": "akk-x-neobab",
                    "form": "PI.2",
                    "cf": "uznu",
                    "gw": "ear",
                    "sense": "attention",
                    "norm": "uznu",
                    "pos": "N",
                    "epos": "N"
                  }
                },
                {
                  "node": "d",
                  "type": "line-start",
                  "ref": "P237237.22",
                  "n": "11",
                  "label": "r 11"
                },
                {
                  "node": "l",
                  "frag": "liš-kun-ma",
                  "id": "P237237.l04278",
                  "ref": "P237237.22.1",
                  "inst": "liškunma[place]V",
                  "sig": "@saao/saa10%akk-x-neobab:liš-kun-ma=šakānu[put//place]V'V$liškunma",
                  "f": {
                    "lang": "akk-x-neobab",
                    "form": "liš-kun-ma",
                    "cf": "šakānu",
                    "gw": "put",
                    "sense": "place",
                    "norm": "liškunma",
                    "pos": "V",
                    "epos": "V"
                  }
                },
                {
                  "node": "d",
                  "subtype": "right",
                  "type": "right",
                  "ref": "P237237.r.e..23",
                  "label": "r.e."
                },
                {
                  "node": "d",
                  "type": "line-start",
                  "ref": "P237237.24",
                  "n": "12",
                  "label": "r.e. 12"
                },
                {
                  "node": "l",
                  "frag": "ki-i",
                  "id": "P237237.l04279",
                  "ref": "P237237.24.1",
                  "inst": "kî[if]'MOD",
                  "sig": "@saao/saa10%akk-x-neobab:ki-i=kī[like//if]PRP'MOD$kî",
                  "f": {
                    "lang": "akk-x-neobab",
                    "form": "ki-i",
                    "cf": "kī",
                    "gw": "like",
                    "sense": "if",
                    "norm": "kî",
                    "pos": "PRP",
                    "epos": "MOD"
                  }
                },
                {
                  "node": "l",
                  "frag": "i-ba-aš₂-ši",
                  "id": "P237237.l0427a",
                  "ref": "P237237.24.2",
                  "inst": "ibašši[exist]V",
                  "sig": "@saao/saa10%akk-x-neobab:i-ba-aš₂-ši=bašû[exist//exist]V'V$ibašši",
                  "f": {
                    "lang": "akk-x-neobab",
                    "form": "i-ba-aš₂-ši",
                    "cf": "bašû",
                    "gw": "exist",
                    "sense": "exist",
                    "norm": "ibašši",
                    "pos": "V",
                    "epos": "V"
                  }
                },
                {
                  "node": "d",
                  "type": "line-start",
                  "ref": "P237237.25",
                  "n": "13",
                  "label": "r.e. 13"
                },
                {
                  "node": "l",
                  "frag": "u",
                  "id": "P237237.l0427b",
                  "ref": "P237237.25.1",
                  "inst": "u[and]CNJ",
                  "sig": "@saao/saa10%akk-x-neobab:u=u[and//and]CNJ'CNJ$u",
                  "f": {
                    "lang": "akk-x-neobab",
                    "form": "u",
                    "cf": "u",
                    "gw": "and",
                    "sense": "and",
                    "norm": "u",
                    "pos": "CNJ",
                    "epos": "CNJ"
                  }
                },
                {
                  "node": "l",
                  "frag": "ki-i",
                  "id": "P237237.l0427c",
                  "ref": "P237237.25.2",
                  "inst": "kî[if]'MOD",
                  "sig": "@saao/saa10%akk-x-neobab:ki-i=kī[like//if]PRP'MOD$kî",
                  "f": {
                    "lang": "akk-x-neobab",
                    "form": "ki-i",
                    "cf": "kī",
                    "gw": "like",
                    "sense": "if",
                    "norm": "kî",
                    "pos": "PRP",
                    "epos": "MOD"
                  }
                },
                {
                  "node": "l",
                  "frag": "ia-aʾ-num",
                  "id": "P237237.l0427d",
                  "ref": "P237237.25.3",
                  "inst": "+yānu[(there) is not]V$yaʾnu",
                  "sig": "@saao/saa10%akk-x-neobab:ia-aʾ-num=yānu[(there) is not//(there) is not]V'V$yaʾnu",
                  "f": {
                    "lang": "akk-x-neobab",
                    "form": "ia-aʾ-num",
                    "cf": "yānu",
                    "gw": "(there) is not",
                    "sense": "(there) is not",
                    "norm": "yaʾnu",
                    "pos": "V",
                    "epos": "V"
                  }
                },
                {
                  "node": "d",
                  "type": "nonw",
                  "ref": ""
                }
              ]
            }
          ]
        }
      ]
    }
  ]
}
