{
  "type": "cdl",
  "source": "http://oracc.org/saao/saa10",
  "license": "This data is released under the CC0 license",
  "license-url": "https://creativecommons.org/publicdomain/zero/1.0/",
  "more-info": "http://oracc.org/doc/opendata/",
  "UTC-timestamp": "2017-06-10T00:48:13",
  "project": "saao/saa10",
  "textid": "P314015",
  "cdl": [
    {
      "node": "c",
      "type": "text",
      "id": "P314015.U0",
      "cdl": [
        {
          "node": "d",
          "type": "object",
          "ref": ""
        },
        {
          "node": "d",
          "subtype": "obverse",
          "type": "obverse",
          "ref": "P314015.o.1",
          "label": "o"
        },
        {
          "node": "c",
          "type": "discourse",
          "subtype": "body",
          "id": "P314015.U1",
          "cdl": [
            {
              "node": "c",
              "type": "sentence",
              "id": "P314015.U2",
              "label": "o 1 - o 7",
              "cdl": [
                {
                  "node": "d",
                  "type": "line-start",
                  "ref": "P314015.2",
                  "n": "1",
                  "label": "o 1"
                },
                {
                  "node": "l",
                  "frag": "[x",
                  "id": "P314015.l01497",
                  "ref": "P314015.2.1",
                  "inst": "u",
                  "f": {
                    "lang": "akk-x-neoass",
                    "form": "x",
                    "pos": "u"
                  }
                },
                {
                  "node": "l",
                  "frag": "x]",
                  "id": "P314015.l01498",
                  "ref": "P314015.2.2",
                  "inst": "u",
                  "f": {
                    "lang": "akk-x-neoass",
                    "form": "x",
                    "pos": "u"
                  }
                },
                {
                  "node": "l",
                  "frag": "⸢x",
                  "id": "P314015.l01499",
                  "ref": "P314015.2.3",
                  "inst": "u",
                  "f": {
                    "lang": "akk-x-neoass",
                    "form": "x",
                    "pos": "u"
                  }
                },
                {
                  "node": "l",
                  "frag": "x",
                  "id": "P314015.l0149a",
                  "ref": "P314015.2.4",
                  "inst": "u",
                  "f": {
                    "lang": "akk-x-neoass",
                    "form": "x",
                    "pos": "u"
                  }
                },
                {
                  "node": "l",
                  "frag": "x⸣",
                  "id": "P314015.l0149b",
                  "ref": "P314015.2.5",
                  "inst": "u",
                  "f": {
                    "lang": "akk-x-neoass",
                    "form": "x",
                    "pos": "u"
                  }
                },
                {
                  "node": "l",
                  "frag": "[x",
                  "id": "P314015.l0149c",
                  "ref": "P314015.2.6",
                  "inst": "u",
                  "f": {
                    "lang": "akk-x-neoass",
                    "form": "x",
                    "pos": "u"
                  }
                },
                {
                  "node": "l",
                  "frag": "x",
                  "id": "P314015.l0149d",
                  "ref": "P314015.2.7",
                  "inst": "u",
                  "f": {
                    "lang": "akk-x-neoass",
                    "form": "x",
                    "pos": "u"
                  }
                },
                {
                  "node": "l",
                  "frag": "x]",
                  "id": "P314015.l0149e",
                  "ref": "P314015.2.8",
                  "inst": "u",
                  "f": {
                    "lang": "akk-x-neoass",
                    "form": "x",
                    "pos": "u"
                  }
                },
                {
                  "node": "d",
                  "type": "line-start",
                  "ref": "P314015.3",
                  "n": "2",
                  "label": "o 2"
                },
                {
                  "node": "l",
                  "frag": "[ina]",
                  "id": "P314015.l0149f",
                  "ref": "P314015.3.1",
                  "inst": "ina[in]PRP",
                  "sig": "@saao/saa10%akk-x-neoass:ina=ina[in//from]PRP'PRP$ina",
                  "f": {
                    "lang": "akk-x-neoass",
                    "form": "ina",
                    "cf": "ina",
                    "gw": "in",
                    "sense": "from",
                    "norm": "ina",
                    "pos": "PRP",
                    "epos": "PRP"
                  }
                },
                {
                  "node": "l",
                  "frag": "{d}UTU.ŠU₂.A",
                  "id": "P314015.l014a0",
                  "ref": "P314015.3.2",
                  "inst": "+erēb-šamši[sunset//west]N'N$",
                  "sig": "@saao/saa10%akk-x-neoass:{d}UTU.ŠU₂.A=erēb-šamši[sunset//west]N'N$erēb-šamši",
                  "f": {
                    "lang": "akk-x-neoass",
                    "form": "{d}UTU.ŠU₂.A",
                    "cf": "erēb-šamši",
                    "gw": "sunset",
                    "sense": "west",
                    "norm": "erēb-šamši",
                    "pos": "N",
                    "epos": "N"
                  }
                },
                {
                  "node": "l",
                  "frag": "ne₂-⸢ta-mar⸣",
                  "id": "P314015.l014a1",
                  "ref": "P314015.3.3",
                  "inst": "nētamar[see]V",
                  "sig": "@saao/saa10%akk-x-neoass:ne₂-ta-mar=amāru[see//see]V'V$nētamar",
                  "f": {
                    "lang": "akk-x-neoass",
                    "form": "ne₂-ta-mar",
                    "cf": "amāru",
                    "gw": "see",
                    "sense": "see",
                    "norm": "nētamar",
                    "pos": "V",
                    "epos": "V"
                  }
                },
                {
                  "node": "d",
                  "type": "nonx",
                  "ref": "P314015.4",
                  "strict": "1",
                  "extent": "n",
                  "scope": "line",
                  "state": "ruling"
                },
                {
                  "node": "d",
                  "type": "line-start",
                  "ref": "P314015.5",
                  "n": "3",
                  "label": "o 3"
                },
                {
                  "node": "l",
                  "frag": "[is]-⸢su⸣-ri",
                  "id": "P314015.l014a2",
                  "ref": "P314015.5.1",
                  "inst": "issurri[perhaps]AV",
                  "sig": "@saao/saa10%akk-x-neoass:is-su-ri=issurri[perhaps//perhaps]AV'AV$issurri",
                  "f": {
                    "lang": "akk-x-neoass",
                    "form": "is-su-ri",
                    "cf": "issurri",
                    "gw": "perhaps",
                    "sense": "perhaps",
                    "norm": "issurri",
                    "pos": "AV",
                    "epos": "AV"
                  }
                },
                {
                  "node": "l",
                  "frag": "a-na",
                  "id": "P314015.l014a3",
                  "ref": "P314015.5.2",
                  "inst": "ana[to]PRP",
                  "sig": "@saao/saa10%akk-x-neoass:a-na=ana[to//to]PRP'PRP$ana",
                  "f": {
                    "lang": "akk-x-neoass",
                    "form": "a-na",
                    "cf": "ana",
                    "gw": "to",
                    "sense": "to",
                    "norm": "ana",
                    "pos": "PRP",
                    "epos": "PRP"
                  }
                },
                {
                  "node": "l",
                  "frag": "LUGAL",
                  "id": "P314015.l014a4",
                  "ref": "P314015.5.3",
                  "inst": "šarri[king]N",
                  "sig": "@saao/saa10%akk-x-neoass:LUGAL=šarru[king//king]N'N$šarri",
                  "f": {
                    "lang": "akk-x-neoass",
                    "form": "LUGAL",
                    "cf": "šarru",
                    "gw": "king",
                    "sense": "king",
                    "norm": "šarri",
                    "pos": "N",
                    "epos": "N"
                  }
                },
                {
                  "node": "l",
                  "frag": "EN-[ia]",
                  "id": "P314015.l014a5",
                  "ref": "P314015.5.4",
                  "inst": "bēlīya[lord]N",
                  "sig": "@saao/saa10%akk-x-neoass:EN-ia=bēlu[lord//lord]N'N$bēlīya",
                  "f": {
                    "lang": "akk-x-neoass",
                    "form": "EN-ia",
                    "cf": "bēlu",
                    "gw": "lord",
                    "sense": "lord",
                    "norm": "bēlīya",
                    "pos": "N",
                    "epos": "N"
                  }
                },
                {
                  "node": "d",
                  "type": "line-start",
                  "ref": "P314015.6",
                  "n": "4",
                  "label": "o 4"
                },
                {
                  "node": "l",
                  "frag": "[i]-⸢šap⸣-pa-ru-u₂-⸢ni⸣",
                  "id": "P314015.l014a6",
                  "ref": "P314015.6.1",
                  "inst": "+šapāru[send//write]V'V$išapparūni",
                  "sig": "@saao/saa10%akk-x-neoass:i-šap-pa-ru-u₂-ni=šapāru[send//write]V'V$išapparūni",
                  "f": {
                    "lang": "akk-x-neoass",
                    "form": "i-šap-pa-ru-u₂-ni",
                    "cf": "šapāru",
                    "gw": "send",
                    "sense": "write",
                    "norm": "išapparūni",
                    "pos": "V",
                    "epos": "V"
                  }
                },
                {
                  "node": "d",
                  "type": "line-start",
                  "ref": "P314015.7",
                  "n": "5",
                  "label": "o 5"
                },
                {
                  "node": "l",
                  "frag": "[ma-a]",
                  "id": "P314015.l014a7",
                  "ref": "P314015.7.1",
                  "inst": "mā[saying]PRP",
                  "sig": "@saao/saa10%akk-x-neoass:ma-a=mā[saying//saying]PRP'PRP$mā",
                  "f": {
                    "lang": "akk-x-neoass",
                    "form": "ma-a",
                    "cf": "mā",
                    "gw": "saying",
                    "sense": "saying",
                    "norm": "mā",
                    "pos": "PRP",
                    "epos": "PRP"
                  }
                },
                {
                  "node": "l",
                  "frag": "⸢pa⸣-ni-u₂",
                  "id": "P314015.l014a8",
                  "ref": "P314015.7.2",
                  "inst": "+pānû[previous//former]AJ'AJ$pāniu",
                  "sig": "@saao/saa10%akk-x-neoass:pa-ni-u₂=pānû[previous//former]AJ'AJ$pāniu",
                  "f": {
                    "lang": "akk-x-neoass",
                    "form": "pa-ni-u₂",
                    "cf": "pānû",
                    "gw": "previous",
                    "sense": "former",
                    "norm": "pāniu",
                    "pos": "AJ",
                    "epos": "AJ"
                  }
                },
                {
                  "node": "l",
                  "frag": "{d}⸢PA⸣",
                  "id": "P314015.l014a9",
                  "ref": "P314015.7.3",
                  "inst": "Nabu[1]DN",
                  "sig": "@saao/saa10%akk-x-neoass:{d}PA=Nabu[1//1]DN'DN$Nabu",
                  "f": {
                    "lang": "akk-x-neoass",
                    "form": "{d}PA",
                    "cf": "Nabu",
                    "gw": "1",
                    "sense": "1",
                    "norm": "Nabu",
                    "pos": "DN",
                    "epos": "DN"
                  }
                },
                {
                  "node": "d",
                  "type": "line-start",
                  "ref": "P314015.8",
                  "n": "6",
                  "label": "o 6"
                },
                {
                  "node": "l",
                  "frag": "[ma-a",
                  "id": "P314015.l014aa",
                  "ref": "P314015.8.1",
                  "inst": "mā[saying]PRP",
                  "sig": "@saao/saa10%akk-x-neoass:ma-a=mā[saying//saying]PRP'PRP$mā",
                  "f": {
                    "lang": "akk-x-neoass",
                    "form": "ma-a",
                    "cf": "mā",
                    "gw": "saying",
                    "sense": "saying",
                    "norm": "mā",
                    "pos": "PRP",
                    "epos": "PRP"
                  }
                },
                {
                  "node": "l",
                  "frag": "ur]-ki-u₂",
                  "id": "P314015.l014ab",
                  "ref": "P314015.8.2",
                  "inst": "+arkû[rear//latter]AJ'AJ$urkīu",
                  "sig": "@saao/saa10%akk-x-neoass:ur-ki-u₂=arkû[rear//latter]AJ'AJ$urkīu",
                  "f": {
                    "lang": "akk-x-neoass",
                    "form": "ur-ki-u₂",
                    "cf": "arkû",
                    "gw": "rear",
                    "sense": "latter",
                    "norm": "urkīu",
                    "pos": "AJ",
                    "epos": "AJ"
                  }
                },
                {
                  "node": "l",
                  "frag": "{d}[x",
                  "id": "P314015.l014ac",
                  "ref": "P314015.8.3",
                  "inst": "u",
                  "f": {
                    "lang": "akk-x-neoass",
                    "form": "{d}x",
                    "pos": "u"
                  }
                },
                {
                  "node": "l",
                  "frag": "x]",
                  "id": "P314015.l014ad",
                  "ref": "P314015.8.4",
                  "inst": "u",
                  "f": {
                    "lang": "akk-x-neoass",
                    "form": "x",
                    "pos": "u"
                  }
                },
                {
                  "node": "d",
                  "type": "line-start",
                  "ref": "P314015.9",
                  "n": "7",
                  "label": "o 7"
                },
                {
                  "node": "l",
                  "frag": "[x",
                  "id": "P314015.l014ae",
                  "ref": "P314015.9.1",
                  "inst": "u",
                  "f": {
                    "lang": "akk-x-neoass",
                    "form": "x",
                    "pos": "u"
                  }
                },
                {
                  "node": "l",
                  "frag": "x",
                  "id": "P314015.l014af",
                  "ref": "P314015.9.2",
                  "inst": "u",
                  "f": {
                    "lang": "akk-x-neoass",
                    "form": "x",
                    "pos": "u"
                  }
                },
                {
                  "node": "l",
                  "frag": "x]",
                  "id": "P314015.l014b0",
                  "ref": "P314015.9.3",
                  "inst": "u",
                  "f": {
                    "lang": "akk-x-neoass",
                    "form": "x",
                    "pos": "u"
                  }
                },
                {
                  "node": "l",
                  "frag": "⸢TA@v",
                  "id": "P314015.l014b1",
                  "ref": "P314015.9.4",
                  "inst": "issi[with]PRP",
                  "sig": "@saao/saa10%akk-x-neoass:TA@v=išti[with//with]PRP'PRP$issi",
                  "f": {
                    "lang": "akk-x-neoass",
                    "form": "TA@v",
                    "cf": "išti",
                    "gw": "with",
                    "sense": "with",
                    "norm": "issi",
                    "pos": "PRP",
                    "epos": "PRP"
                  }
                },
                {
                  "node": "l",
                  "frag": "LUGAL⸣",
                  "id": "P314015.l014b2",
                  "ref": "P314015.9.5",
                  "inst": "šarri[king]N",
                  "sig": "@saao/saa10%akk-x-neoass:LUGAL=šarru[king//king]N'N$šarri",
                  "f": {
                    "lang": "akk-x-neoass",
                    "form": "LUGAL",
                    "cf": "šarru",
                    "gw": "king",
                    "sense": "king",
                    "norm": "šarri",
                    "pos": "N",
                    "epos": "N"
                  }
                },
                {
                  "node": "l",
                  "frag": "[EN-ia]",
                  "id": "P314015.l014b3",
                  "ref": "P314015.9.6",
                  "inst": "bēlīya[lord]N",
                  "sig": "@saao/saa10%akk-x-neoass:EN-ia=bēlu[lord//lord]N'N$bēlīya",
                  "f": {
                    "lang": "akk-x-neoass",
                    "form": "EN-ia",
                    "cf": "bēlu",
                    "gw": "lord",
                    "sense": "lord",
                    "norm": "bēlīya",
                    "pos": "N",
                    "epos": "N"
                  }
                },
                {
                  "node": "d",
                  "type": "nonx",
                  "ref": "P314015.10",
                  "strict": "0",
                  "extent": "rest",
                  "scope": "line",
                  "state": "missing"
                },
                {
                  "node": "d",
                  "type": "nonx",
                  "ref": "P314015.11",
                  "strict": "0",
                  "state": "missing"
                }
              ]
            }
          ]
        }
      ]
    }
  ]
}
