{
  "type": "cdl",
  "source": "http://oracc.org/saao/saa10",
  "license": "This data is released under the CC0 license",
  "license-url": "https://creativecommons.org/publicdomain/zero/1.0/",
  "more-info": "http://oracc.org/doc/opendata/",
  "UTC-timestamp": "2017-06-10T00:48:28",
  "project": "saao/saa10",
  "textid": "P333992",
  "cdl": [
    {
      "node": "c",
      "type": "text",
      "id": "P333992.U0",
      "cdl": [
        {
          "node": "d",
          "type": "object",
          "ref": ""
        },
        {
          "node": "d",
          "subtype": "obverse",
          "type": "obverse",
          "ref": "P333992.o.1",
          "label": "o"
        },
        {
          "node": "c",
          "type": "discourse",
          "subtype": "body",
          "id": "P333992.U1",
          "cdl": [
            {
              "node": "c",
              "type": "sentence",
              "id": "P333992.U2",
              "label": "o 1 - o 6",
              "cdl": [
                {
                  "node": "d",
                  "type": "line-start",
                  "ref": "P333992.2",
                  "n": "1",
                  "label": "o 1"
                },
                {
                  "node": "l",
                  "frag": "a-na",
                  "id": "P333992.l00bf1",
                  "ref": "P333992.2.1",
                  "inst": "ana[to]PRP",
                  "sig": "@saao/saa10%akk-x-neoass:a-na=ana[to//to]PRP'PRP$ana",
                  "f": {
                    "lang": "akk-x-neoass",
                    "form": "a-na",
                    "cf": "ana",
                    "gw": "to",
                    "sense": "to",
                    "norm": "ana",
                    "pos": "PRP",
                    "epos": "PRP"
                  }
                },
                {
                  "node": "l",
                  "frag": "LUGAL",
                  "id": "P333992.l00bf2",
                  "ref": "P333992.2.2",
                  "inst": "šarri[king]N",
                  "sig": "@saao/saa10%akk-x-neoass:LUGAL=šarru[king//king]N'N$šarri",
                  "f": {
                    "lang": "akk-x-neoass",
                    "form": "LUGAL",
                    "cf": "šarru",
                    "gw": "king",
                    "sense": "king",
                    "norm": "šarri",
                    "pos": "N",
                    "epos": "N"
                  }
                },
                {
                  "node": "l",
                  "frag": "EN-[ia]",
                  "id": "P333992.l00bf3",
                  "ref": "P333992.2.3",
                  "inst": "bēlīya[lord]N",
                  "sig": "@saao/saa10%akk-x-neoass:EN-ia=bēlu[lord//lord]N'N$bēlīya",
                  "f": {
                    "lang": "akk-x-neoass",
                    "form": "EN-ia",
                    "cf": "bēlu",
                    "gw": "lord",
                    "sense": "lord",
                    "norm": "bēlīya",
                    "pos": "N",
                    "epos": "N"
                  }
                },
                {
                  "node": "d",
                  "type": "line-start",
                  "ref": "P333992.3",
                  "n": "2",
                  "label": "o 2"
                },
                {
                  "node": "l",
                  "frag": "ARAD-ka",
                  "id": "P333992.l00bf4",
                  "ref": "P333992.3.1",
                  "inst": "urdaka[servant]N",
                  "sig": "@saao/saa10%akk-x-neoass:ARAD-ka=ardu[slave//servant]N'N$urdaka",
                  "f": {
                    "lang": "akk-x-neoass",
                    "form": "ARAD-ka",
                    "cf": "ardu",
                    "gw": "slave",
                    "sense": "servant",
                    "norm": "urdaka",
                    "pos": "N",
                    "epos": "N"
                  }
                },
                {
                  "node": "l",
                  "frag": "{1}15--MU-KAM-eš",
                  "id": "P333992.l00bf5",
                  "ref": "P333992.3.2",
                  "inst": "Issar-šumu-ereš[1]PN",
                  "sig": "@saao/saa10%akk-x-neoass:{1}15-MU-KAM-eš=Issar-šumu-ereš[1//1]PN'PN$Issar-šumu-ereš",
                  "f": {
                    "lang": "akk-x-neoass",
                    "form": "{1}15-MU-KAM-eš",
                    "cf": "Issar-šumu-ereš",
                    "gw": "1",
                    "sense": "1",
                    "norm": "Issar-šumu-ereš",
                    "pos": "PN",
                    "epos": "PN"
                  }
                },
                {
                  "node": "d",
                  "type": "line-start",
                  "ref": "P333992.4",
                  "n": "3",
                  "label": "o 3"
                },
                {
                  "node": "l",
                  "frag": "lu",
                  "id": "P333992.l00bf6",
                  "ref": "P333992.4.1",
                  "inst": "lū[may]MOD",
                  "sig": "@saao/saa10%akk-x-neoass:lu=lū[may//may]MOD'MOD$lū",
                  "f": {
                    "lang": "akk-x-neoass",
                    "form": "lu",
                    "cf": "lū",
                    "gw": "may",
                    "sense": "may",
                    "norm": "lū",
                    "pos": "MOD",
                    "epos": "MOD"
                  }
                },
                {
                  "node": "l",
                  "frag": "DI-mu",
                  "id": "P333992.l00bf7",
                  "ref": "P333992.4.2",
                  "inst": "šulmu[health]N",
                  "sig": "@saao/saa10%akk-x-neoass:DI-mu=šulmu[completeness//health]N'N$šulmu",
                  "f": {
                    "lang": "akk-x-neoass",
                    "form": "DI-mu",
                    "cf": "šulmu",
                    "gw": "completeness",
                    "sense": "health",
                    "norm": "šulmu",
                    "pos": "N",
                    "epos": "N"
                  }
                },
                {
                  "node": "l",
                  "frag": "a-na",
                  "id": "P333992.l00bf8",
                  "ref": "P333992.4.3",
                  "inst": "ana[to]PRP",
                  "sig": "@saao/saa10%akk-x-neoass:a-na=ana[to//to]PRP'PRP$ana",
                  "f": {
                    "lang": "akk-x-neoass",
                    "form": "a-na",
                    "cf": "ana",
                    "gw": "to",
                    "sense": "to",
                    "norm": "ana",
                    "pos": "PRP",
                    "epos": "PRP"
                  }
                },
                {
                  "node": "l",
                  "frag": "LUGAL",
                  "id": "P333992.l00bf9",
                  "ref": "P333992.4.4",
                  "inst": "šarri[king]N",
                  "sig": "@saao/saa10%akk-x-neoass:LUGAL=šarru[king//king]N'N$šarri",
                  "f": {
                    "lang": "akk-x-neoass",
                    "form": "LUGAL",
                    "cf": "šarru",
                    "gw": "king",
                    "sense": "king",
                    "norm": "šarri",
                    "pos": "N",
                    "epos": "N"
                  }
                },
                {
                  "node": "l",
                  "frag": "⸢EN⸣-[ia]",
                  "id": "P333992.l00bfa",
                  "ref": "P333992.4.5",
                  "inst": "bēlīya[lord]N",
                  "sig": "@saao/saa10%akk-x-neoass:EN-ia=bēlu[lord//lord]N'N$bēlīya",
                  "f": {
                    "lang": "akk-x-neoass",
                    "form": "EN-ia",
                    "cf": "bēlu",
                    "gw": "lord",
                    "sense": "lord",
                    "norm": "bēlīya",
                    "pos": "N",
                    "epos": "N"
                  }
                },
                {
                  "node": "d",
                  "type": "line-start",
                  "ref": "P333992.5",
                  "n": "4",
                  "label": "o 4"
                },
                {
                  "node": "l",
                  "frag": "{d}AG",
                  "id": "P333992.l00bfb",
                  "ref": "P333992.5.1",
                  "inst": "Nabu[1]DN",
                  "sig": "@saao/saa10%akk-x-neoass:{d}AG=Nabu[1//1]DN'DN$Nabu",
                  "f": {
                    "lang": "akk-x-neoass",
                    "form": "{d}AG",
                    "cf": "Nabu",
                    "gw": "1",
                    "sense": "1",
                    "norm": "Nabu",
                    "pos": "DN",
                    "epos": "DN"
                  }
                },
                {
                  "node": "l",
                  "frag": "u",
                  "id": "P333992.l00bfc",
                  "ref": "P333992.5.2",
                  "inst": "u[and]CNJ",
                  "sig": "@saao/saa10%akk-x-neoass:u=u[and//and]CNJ'CNJ$u",
                  "f": {
                    "lang": "akk-x-neoass",
                    "form": "u",
                    "cf": "u",
                    "gw": "and",
                    "sense": "and",
                    "norm": "u",
                    "pos": "CNJ",
                    "epos": "CNJ"
                  }
                },
                {
                  "node": "l",
                  "frag": "{d}⸢AMAR⸣.[UTU]",
                  "id": "P333992.l00bfd",
                  "ref": "P333992.5.3",
                  "inst": "Marduk[1]DN",
                  "sig": "@saao/saa10%akk-x-neoass:{d}AMAR.UTU=Marduk[1//1]DN'DN$Marduk",
                  "f": {
                    "lang": "akk-x-neoass",
                    "form": "{d}AMAR.UTU",
                    "cf": "Marduk",
                    "gw": "1",
                    "sense": "1",
                    "norm": "Marduk",
                    "pos": "DN",
                    "epos": "DN"
                  }
                },
                {
                  "node": "d",
                  "type": "line-start",
                  "ref": "P333992.6",
                  "n": "5",
                  "label": "o 5"
                },
                {
                  "node": "l",
                  "frag": "[a]-⸢na⸣",
                  "id": "P333992.l00bfe",
                  "ref": "P333992.6.1",
                  "inst": "ana[to]PRP",
                  "sig": "@saao/saa10%akk-x-neoass:a-na=ana[to//to]PRP'PRP$ana",
                  "f": {
                    "lang": "akk-x-neoass",
                    "form": "a-na",
                    "cf": "ana",
                    "gw": "to",
                    "sense": "to",
                    "norm": "ana",
                    "pos": "PRP",
                    "epos": "PRP"
                  }
                },
                {
                  "node": "l",
                  "frag": "LUGAL",
                  "id": "P333992.l00bff",
                  "ref": "P333992.6.2",
                  "inst": "šarri[king]N",
                  "sig": "@saao/saa10%akk-x-neoass:LUGAL=šarru[king//king]N'N$šarri",
                  "f": {
                    "lang": "akk-x-neoass",
                    "form": "LUGAL",
                    "cf": "šarru",
                    "gw": "king",
                    "sense": "king",
                    "norm": "šarri",
                    "pos": "N",
                    "epos": "N"
                  }
                },
                {
                  "node": "l",
                  "frag": "⸢EN⸣-[ia",
                  "id": "P333992.l00c00",
                  "ref": "P333992.6.3",
                  "inst": "bēlīya[lord]N",
                  "sig": "@saao/saa10%akk-x-neoass:EN-ia=bēlu[lord//lord]N'N$bēlīya",
                  "f": {
                    "lang": "akk-x-neoass",
                    "form": "EN-ia",
                    "cf": "bēlu",
                    "gw": "lord",
                    "sense": "lord",
                    "norm": "bēlīya",
                    "pos": "N",
                    "epos": "N"
                  }
                },
                {
                  "node": "l",
                  "frag": "lik-ru-bu]",
                  "id": "P333992.l00c01",
                  "ref": "P333992.6.4",
                  "inst": "likrubu[bless]V",
                  "sig": "@saao/saa10%akk-x-neoass:lik-ru-bu=karābu[pray//bless]V'V$likrubu",
                  "f": {
                    "lang": "akk-x-neoass",
                    "form": "lik-ru-bu",
                    "cf": "karābu",
                    "gw": "pray",
                    "sense": "bless",
                    "norm": "likrubu",
                    "pos": "V",
                    "epos": "V"
                  }
                },
                {
                  "node": "d",
                  "type": "line-start",
                  "ref": "P333992.7",
                  "n": "6",
                  "label": "o 6"
                },
                {
                  "node": "l",
                  "frag": "[ša]",
                  "id": "P333992.l00c02",
                  "ref": "P333992.7.1",
                  "inst": "ša[what]REL",
                  "sig": "@saao/saa10%akk-x-neoass:ša=ša[that//what]REL'REL$ša",
                  "f": {
                    "lang": "akk-x-neoass",
                    "form": "ša",
                    "cf": "ša",
                    "gw": "that",
                    "sense": "what",
                    "norm": "ša",
                    "pos": "REL",
                    "epos": "REL"
                  }
                },
                {
                  "node": "l",
                  "frag": "⸢LUGAL",
                  "id": "P333992.l00c03",
                  "ref": "P333992.7.2",
                  "inst": "šarru[king]N",
                  "sig": "@saao/saa10%akk-x-neoass:LUGAL=šarru[king//king]N'N$šarru",
                  "f": {
                    "lang": "akk-x-neoass",
                    "form": "LUGAL",
                    "cf": "šarru",
                    "gw": "king",
                    "sense": "king",
                    "norm": "šarru",
                    "pos": "N",
                    "epos": "N"
                  }
                },
                {
                  "node": "l",
                  "frag": "be⸣-[li",
                  "id": "P333992.l00c04",
                  "ref": "P333992.7.3",
                  "inst": "bēlī[lord]N",
                  "sig": "@saao/saa10%akk-x-neoass:be-li=bēlu[lord//lord]N'N$bēlī",
                  "f": {
                    "lang": "akk-x-neoass",
                    "form": "be-li",
                    "cf": "bēlu",
                    "gw": "lord",
                    "sense": "lord",
                    "norm": "bēlī",
                    "pos": "N",
                    "epos": "N"
                  }
                },
                {
                  "node": "l",
                  "frag": "iš-pur-an-ni]",
                  "id": "P333992.l00c05",
                  "ref": "P333992.7.4",
                  "inst": "išpuranni[write]V",
                  "sig": "@saao/saa10%akk-x-neoass:iš-pur-an-ni=šapāru[send//write]V'V$išpuranni",
                  "f": {
                    "lang": "akk-x-neoass",
                    "form": "iš-pur-an-ni",
                    "cf": "šapāru",
                    "gw": "send",
                    "sense": "write",
                    "norm": "išpuranni",
                    "pos": "V",
                    "epos": "V"
                  }
                },
                {
                  "node": "d",
                  "type": "nonx",
                  "ref": "P333992.8",
                  "strict": "0",
                  "extent": "rest",
                  "state": "missing"
                },
                {
                  "node": "d",
                  "subtype": "reverse",
                  "type": "reverse",
                  "ref": "P333992.r.9",
                  "label": "r"
                },
                {
                  "node": "d",
                  "type": "nonx",
                  "ref": "P333992.10",
                  "strict": "0",
                  "extent": "0",
                  "scope": "surface",
                  "state": "other"
                }
              ]
            }
          ]
        }
      ]
    }
  ]
}
