{
  "type": "cdl",
  "source": "http://oracc.org/saao/saa10",
  "license": "This data is released under the CC0 license",
  "license-url": "https://creativecommons.org/publicdomain/zero/1.0/",
  "more-info": "http://oracc.org/doc/opendata/",
  "UTC-timestamp": "2017-06-10T00:48:15",
  "project": "saao/saa10",
  "textid": "P334123",
  "cdl": [
    {
      "node": "c",
      "type": "text",
      "id": "P334123.U0",
      "cdl": [
        {
          "node": "d",
          "type": "object",
          "ref": ""
        },
        {
          "node": "d",
          "subtype": "obverse",
          "type": "obverse",
          "ref": "P334123.o.1",
          "label": "o"
        },
        {
          "node": "c",
          "type": "discourse",
          "subtype": "body",
          "id": "P334123.U1",
          "cdl": [
            {
              "node": "c",
              "type": "sentence",
              "id": "P334123.U2",
              "label": "o 1 - r 9",
              "cdl": [
                {
                  "node": "d",
                  "type": "line-start",
                  "ref": "P334123.2",
                  "n": "1",
                  "label": "o 1"
                },
                {
                  "node": "l",
                  "frag": "a-na",
                  "id": "P334123.l0787e",
                  "ref": "P334123.2.1",
                  "inst": "ana[to]PRP",
                  "sig": "@saao/saa10%akk-x-neoass:a-na=ana[to//to]PRP'PRP$ana",
                  "f": {
                    "lang": "akk-x-neoass",
                    "form": "a-na",
                    "cf": "ana",
                    "gw": "to",
                    "sense": "to",
                    "norm": "ana",
                    "pos": "PRP",
                    "epos": "PRP"
                  }
                },
                {
                  "node": "l",
                  "frag": "LUGAL",
                  "id": "P334123.l0787f",
                  "ref": "P334123.2.2",
                  "inst": "šarri[king]N",
                  "sig": "@saao/saa10%akk-x-neoass:LUGAL=šarru[king//king]N'N$šarri",
                  "f": {
                    "lang": "akk-x-neoass",
                    "form": "LUGAL",
                    "cf": "šarru",
                    "gw": "king",
                    "sense": "king",
                    "norm": "šarri",
                    "pos": "N",
                    "epos": "N"
                  }
                },
                {
                  "node": "l",
                  "frag": "be-li₂-ia",
                  "id": "P334123.l07880",
                  "ref": "P334123.2.3",
                  "inst": "bēlīya[lord]N",
                  "sig": "@saao/saa10%akk-x-neoass:be-li₂-ia=bēlu[lord//lord]N'N$bēlīya",
                  "f": {
                    "lang": "akk-x-neoass",
                    "form": "be-li₂-ia",
                    "cf": "bēlu",
                    "gw": "lord",
                    "sense": "lord",
                    "norm": "bēlīya",
                    "pos": "N",
                    "epos": "N"
                  }
                },
                {
                  "node": "d",
                  "type": "line-start",
                  "ref": "P334123.3",
                  "n": "2",
                  "label": "o 2"
                },
                {
                  "node": "l",
                  "frag": "ARAD-ka",
                  "id": "P334123.l07881",
                  "ref": "P334123.3.1",
                  "inst": "urdaka[servant]N",
                  "sig": "@saao/saa10%akk-x-neoass:ARAD-ka=ardu[slave//servant]N'N$urdaka",
                  "f": {
                    "lang": "akk-x-neoass",
                    "form": "ARAD-ka",
                    "cf": "ardu",
                    "gw": "slave",
                    "sense": "servant",
                    "norm": "urdaka",
                    "pos": "N",
                    "epos": "N"
                  }
                },
                {
                  "node": "l",
                  "frag": "{1}{d}AG-PAB-ir",
                  "id": "P334123.l07882",
                  "ref": "P334123.3.2",
                  "inst": "Nabu-naṣir[1]PN",
                  "sig": "@saao/saa10%akk-x-neoass:{1}{d}AG-PAB-ir=Nabu-naṣir[1//1]PN'PN$Nabu-naṣir",
                  "f": {
                    "lang": "akk-x-neoass",
                    "form": "{1}{d}AG-PAB-ir",
                    "cf": "Nabu-naṣir",
                    "gw": "1",
                    "sense": "1",
                    "norm": "Nabu-naṣir",
                    "pos": "PN",
                    "epos": "PN"
                  }
                },
                {
                  "node": "d",
                  "type": "line-start",
                  "ref": "P334123.4",
                  "n": "3",
                  "label": "o 3"
                },
                {
                  "node": "l",
                  "frag": "{d}AG",
                  "id": "P334123.l07883",
                  "ref": "P334123.4.1",
                  "inst": "Nabu[1]DN",
                  "sig": "@saao/saa10%akk-x-neoass:{d}AG=Nabu[1//1]DN'DN$Nabu",
                  "f": {
                    "lang": "akk-x-neoass",
                    "form": "{d}AG",
                    "cf": "Nabu",
                    "gw": "1",
                    "sense": "1",
                    "norm": "Nabu",
                    "pos": "DN",
                    "epos": "DN"
                  }
                },
                {
                  "node": "l",
                  "frag": "u₃",
                  "id": "P334123.l07884",
                  "ref": "P334123.4.2",
                  "inst": "u[and]CNJ",
                  "sig": "@saao/saa10%akk-x-neoass:u₃=u[and//and]CNJ'CNJ$u",
                  "f": {
                    "lang": "akk-x-neoass",
                    "form": "u₃",
                    "cf": "u",
                    "gw": "and",
                    "sense": "and",
                    "norm": "u",
                    "pos": "CNJ",
                    "epos": "CNJ"
                  }
                },
                {
                  "node": "l",
                  "frag": "{d}AMAR.UTU",
                  "id": "P334123.l07885",
                  "ref": "P334123.4.3",
                  "inst": "Marduk[1]DN",
                  "sig": "@saao/saa10%akk-x-neoass:{d}AMAR.UTU=Marduk[1//1]DN'DN$Marduk",
                  "f": {
                    "lang": "akk-x-neoass",
                    "form": "{d}AMAR.UTU",
                    "cf": "Marduk",
                    "gw": "1",
                    "sense": "1",
                    "norm": "Marduk",
                    "pos": "DN",
                    "epos": "DN"
                  }
                },
                {
                  "node": "d",
                  "type": "line-start",
                  "ref": "P334123.5",
                  "n": "4",
                  "label": "o 4"
                },
                {
                  "node": "l",
                  "frag": "a-na",
                  "id": "P334123.l07886",
                  "ref": "P334123.5.1",
                  "inst": "ana[to]PRP",
                  "sig": "@saao/saa10%akk-x-neoass:a-na=ana[to//to]PRP'PRP$ana",
                  "f": {
                    "lang": "akk-x-neoass",
                    "form": "a-na",
                    "cf": "ana",
                    "gw": "to",
                    "sense": "to",
                    "norm": "ana",
                    "pos": "PRP",
                    "epos": "PRP"
                  }
                },
                {
                  "node": "l",
                  "frag": "LUGAL",
                  "id": "P334123.l07887",
                  "ref": "P334123.5.2",
                  "inst": "šarri[king]N",
                  "sig": "@saao/saa10%akk-x-neoass:LUGAL=šarru[king//king]N'N$šarri",
                  "f": {
                    "lang": "akk-x-neoass",
                    "form": "LUGAL",
                    "cf": "šarru",
                    "gw": "king",
                    "sense": "king",
                    "norm": "šarri",
                    "pos": "N",
                    "epos": "N"
                  }
                },
                {
                  "node": "l",
                  "frag": "be-li₂-ia",
                  "id": "P334123.l07888",
                  "ref": "P334123.5.3",
                  "inst": "bēlīya[lord]N",
                  "sig": "@saao/saa10%akk-x-neoass:be-li₂-ia=bēlu[lord//lord]N'N$bēlīya",
                  "f": {
                    "lang": "akk-x-neoass",
                    "form": "be-li₂-ia",
                    "cf": "bēlu",
                    "gw": "lord",
                    "sense": "lord",
                    "norm": "bēlīya",
                    "pos": "N",
                    "epos": "N"
                  }
                },
                {
                  "node": "d",
                  "type": "line-start",
                  "ref": "P334123.6",
                  "n": "5",
                  "label": "o 5"
                },
                {
                  "node": "l",
                  "frag": "a-dan-niš",
                  "id": "P334123.l07889",
                  "ref": "P334123.6.1",
                  "inst": "adanniš[very much]AV",
                  "sig": "@saao/saa10%akk-x-neoass:a-dan-niš=adanniš[very much//very much]AV'AV$adanniš",
                  "f": {
                    "lang": "akk-x-neoass",
                    "form": "a-dan-niš",
                    "cf": "adanniš",
                    "gw": "very much",
                    "sense": "very much",
                    "norm": "adanniš",
                    "pos": "AV",
                    "epos": "AV"
                  }
                },
                {
                  "node": "d",
                  "type": "line-start",
                  "ref": "P334123.7",
                  "n": "6",
                  "label": "o 6"
                },
                {
                  "node": "l",
                  "frag": "lik-ru-bu",
                  "id": "P334123.l0788a",
                  "ref": "P334123.7.1",
                  "inst": "likrubu[bless]V",
                  "sig": "@saao/saa10%akk-x-neoass:lik-ru-bu=karābu[pray//bless]V'V$likrubu",
                  "f": {
                    "lang": "akk-x-neoass",
                    "form": "lik-ru-bu",
                    "cf": "karābu",
                    "gw": "pray",
                    "sense": "bless",
                    "norm": "likrubu",
                    "pos": "V",
                    "epos": "V"
                  }
                },
                {
                  "node": "d",
                  "type": "line-start",
                  "ref": "P334123.8",
                  "n": "7",
                  "label": "o 7"
                },
                {
                  "node": "l",
                  "frag": "DI-mu",
                  "id": "P334123.l0788b",
                  "ref": "P334123.8.1",
                  "inst": "šulmu[health]N",
                  "sig": "@saao/saa10%akk-x-neoass:DI-mu=šulmu[completeness//health]N'N$šulmu",
                  "f": {
                    "lang": "akk-x-neoass",
                    "form": "DI-mu",
                    "cf": "šulmu",
                    "gw": "completeness",
                    "sense": "health",
                    "norm": "šulmu",
                    "pos": "N",
                    "epos": "N"
                  }
                },
                {
                  "node": "l",
                  "frag": "a-dan-niš",
                  "id": "P334123.l0788c",
                  "ref": "P334123.8.2",
                  "inst": "adanniš[very much]AV",
                  "sig": "@saao/saa10%akk-x-neoass:a-dan-niš=adanniš[very much//very much]AV'AV$adanniš",
                  "f": {
                    "lang": "akk-x-neoass",
                    "form": "a-dan-niš",
                    "cf": "adanniš",
                    "gw": "very much",
                    "sense": "very much",
                    "norm": "adanniš",
                    "pos": "AV",
                    "epos": "AV"
                  }
                },
                {
                  "node": "l",
                  "frag": "a-dan-niš",
                  "id": "P334123.l0788d",
                  "ref": "P334123.8.3",
                  "inst": "adanniš[very much]AV",
                  "sig": "@saao/saa10%akk-x-neoass:a-dan-niš=adanniš[very much//very much]AV'AV$adanniš",
                  "f": {
                    "lang": "akk-x-neoass",
                    "form": "a-dan-niš",
                    "cf": "adanniš",
                    "gw": "very much",
                    "sense": "very much",
                    "norm": "adanniš",
                    "pos": "AV",
                    "epos": "AV"
                  }
                },
                {
                  "node": "d",
                  "type": "line-start",
                  "ref": "P334123.9",
                  "n": "8",
                  "label": "o 8"
                },
                {
                  "node": "l",
                  "frag": "a-na",
                  "id": "P334123.l0788e",
                  "ref": "P334123.9.1",
                  "inst": "ana[to]PRP",
                  "sig": "@saao/saa10%akk-x-neoass:a-na=ana[to//to]PRP'PRP$ana",
                  "f": {
                    "lang": "akk-x-neoass",
                    "form": "a-na",
                    "cf": "ana",
                    "gw": "to",
                    "sense": "to",
                    "norm": "ana",
                    "pos": "PRP",
                    "epos": "PRP"
                  }
                },
                {
                  "node": "l",
                  "frag": "pi-qi-te",
                  "id": "P334123.l0788f",
                  "ref": "P334123.9.2",
                  "inst": "+piqittu[allocation//charge]N'N$piqitte",
                  "sig": "@saao/saa10%akk-x-neoass:pi-qi-te=piqittu[allocation//charge]N'N$piqitte",
                  "f": {
                    "lang": "akk-x-neoass",
                    "form": "pi-qi-te",
                    "cf": "piqittu",
                    "gw": "allocation",
                    "sense": "charge",
                    "norm": "piqitte",
                    "pos": "N",
                    "epos": "N"
                  }
                },
                {
                  "node": "d",
                  "type": "line-start",
                  "ref": "P334123.10",
                  "n": "9",
                  "label": "o 9"
                },
                {
                  "node": "l",
                  "frag": "ša",
                  "id": "P334123.l07890",
                  "ref": "P334123.10.1",
                  "inst": "ša[of]DET",
                  "sig": "@saao/saa10%akk-x-neoass:ša=ša[of//of]DET'DET$ša",
                  "f": {
                    "lang": "akk-x-neoass",
                    "form": "ša",
                    "cf": "ša",
                    "gw": "of",
                    "sense": "of",
                    "norm": "ša",
                    "pos": "DET",
                    "epos": "DET"
                  }
                },
                {
                  "node": "l",
                  "frag": "{d}GAŠAN-par-ṣi",
                  "id": "P334123.l07891",
                  "ref": "P334123.10.2",
                  "inst": "+Belet-parṣi[(Lady of Cults)]DN$",
                  "sig": "@saao/saa10%akk-x-neoass:{d}GAŠAN-par-ṣi=Belet-parṣi[(Lady of Cults)//(Lady of Cults)]DN'DN$Belet-parṣi",
                  "f": {
                    "lang": "akk-x-neoass",
                    "form": "{d}GAŠAN-par-ṣi",
                    "cf": "Belet-parṣi",
                    "gw": "(Lady of Cults)",
                    "sense": "(Lady of Cults)",
                    "norm": "Belet-parṣi",
                    "pos": "DN",
                    "epos": "DN"
                  }
                },
                {
                  "node": "d",
                  "type": "line-start",
                  "ref": "P334123.11",
                  "n": "10",
                  "label": "o 10"
                },
                {
                  "node": "l",
                  "frag": "ŠA₃-bi",
                  "id": "P334123.l07892",
                  "ref": "P334123.11.1",
                  "inst": "libbi[mood]N",
                  "sig": "@saao/saa10%akk-x-neoass:ŠA₃-bi=libbu[interior//mood]N'N$libbi",
                  "f": {
                    "lang": "akk-x-neoass",
                    "form": "ŠA₃-bi",
                    "cf": "libbu",
                    "gw": "interior",
                    "sense": "mood",
                    "norm": "libbi",
                    "pos": "N",
                    "epos": "N"
                  }
                },
                {
                  "node": "l",
                  "frag": "ša",
                  "id": "P334123.l07893",
                  "ref": "P334123.11.2",
                  "inst": "ša[of]DET",
                  "sig": "@saao/saa10%akk-x-neoass:ša=ša[of//of]DET'DET$ša",
                  "f": {
                    "lang": "akk-x-neoass",
                    "form": "ša",
                    "cf": "ša",
                    "gw": "of",
                    "sense": "of",
                    "norm": "ša",
                    "pos": "DET",
                    "epos": "DET"
                  }
                },
                {
                  "node": "l",
                  "frag": "LUGAL",
                  "id": "P334123.l07894",
                  "ref": "P334123.11.3",
                  "inst": "šarri[king]N",
                  "sig": "@saao/saa10%akk-x-neoass:LUGAL=šarru[king//king]N'N$šarri",
                  "f": {
                    "lang": "akk-x-neoass",
                    "form": "LUGAL",
                    "cf": "šarru",
                    "gw": "king",
                    "sense": "king",
                    "norm": "šarri",
                    "pos": "N",
                    "epos": "N"
                  }
                },
                {
                  "node": "d",
                  "type": "line-start",
                  "ref": "P334123.12",
                  "n": "11",
                  "label": "o 11"
                },
                {
                  "node": "l",
                  "frag": "be-li₂-ia",
                  "id": "P334123.l07895",
                  "ref": "P334123.12.1",
                  "inst": "bēlīya[lord]N",
                  "sig": "@saao/saa10%akk-x-neoass:be-li₂-ia=bēlu[lord//lord]N'N$bēlīya",
                  "f": {
                    "lang": "akk-x-neoass",
                    "form": "be-li₂-ia",
                    "cf": "bēlu",
                    "gw": "lord",
                    "sense": "lord",
                    "norm": "bēlīya",
                    "pos": "N",
                    "epos": "N"
                  }
                },
                {
                  "node": "d",
                  "type": "line-start",
                  "ref": "P334123.13",
                  "n": "12",
                  "label": "o 12"
                },
                {
                  "node": "l",
                  "frag": "a-dan-niš",
                  "id": "P334123.l07896",
                  "ref": "P334123.13.1",
                  "inst": "adanniš[very much]AV",
                  "sig": "@saao/saa10%akk-x-neoass:a-dan-niš=adanniš[very much//very much]AV'AV$adanniš",
                  "f": {
                    "lang": "akk-x-neoass",
                    "form": "a-dan-niš",
                    "cf": "adanniš",
                    "gw": "very much",
                    "sense": "very much",
                    "norm": "adanniš",
                    "pos": "AV",
                    "epos": "AV"
                  }
                },
                {
                  "node": "d",
                  "type": "line-start",
                  "ref": "P334123.14",
                  "n": "13",
                  "label": "o 13"
                },
                {
                  "node": "l",
                  "frag": "lu",
                  "id": "P334123.l07897",
                  "ref": "P334123.14.1",
                  "inst": "lū[may]MOD",
                  "sig": "@saao/saa10%akk-x-neoass:lu=lū[may//may]MOD'MOD$lū",
                  "f": {
                    "lang": "akk-x-neoass",
                    "form": "lu",
                    "cf": "lū",
                    "gw": "may",
                    "sense": "may",
                    "norm": "lū",
                    "pos": "MOD",
                    "epos": "MOD"
                  }
                },
                {
                  "node": "l",
                  "frag": "ṭa-ab-šu₂",
                  "id": "P334123.l07898",
                  "ref": "P334123.14.2",
                  "inst": "ṭābšu[good]AJ",
                  "sig": "@saao/saa10%akk-x-neoass:ṭa-ab-šu₂=ṭābu[good//good]AJ'AJ$ṭābšu",
                  "f": {
                    "lang": "akk-x-neoass",
                    "form": "ṭa-ab-šu₂",
                    "cf": "ṭābu",
                    "gw": "good",
                    "sense": "good",
                    "norm": "ṭābšu",
                    "pos": "AJ",
                    "epos": "AJ"
                  }
                },
                {
                  "node": "d",
                  "subtype": "reverse",
                  "type": "reverse",
                  "ref": "P334123.r.15",
                  "label": "r"
                },
                {
                  "node": "d",
                  "type": "line-start",
                  "ref": "P334123.16",
                  "n": "1",
                  "label": "r 1"
                },
                {
                  "node": "l",
                  "frag": "ša",
                  "id": "P334123.l07899",
                  "ref": "P334123.16.1",
                  "inst": "ša[of]DET",
                  "sig": "@saao/saa10%akk-x-neoass:ša=ša[of//of]DET'DET$ša",
                  "f": {
                    "lang": "akk-x-neoass",
                    "form": "ša",
                    "cf": "ša",
                    "gw": "of",
                    "sense": "of",
                    "norm": "ša",
                    "pos": "DET",
                    "epos": "DET"
                  }
                },
                {
                  "node": "l",
                  "frag": "pi-qit-te",
                  "id": "P334123.l0789a",
                  "ref": "P334123.16.2",
                  "inst": "piqitte[charge]N",
                  "sig": "@saao/saa10%akk-x-neoass:pi-qit-te=piqittu[allocation//charge]N'N$piqitte",
                  "f": {
                    "lang": "akk-x-neoass",
                    "form": "pi-qit-te",
                    "cf": "piqittu",
                    "gw": "allocation",
                    "sense": "charge",
                    "norm": "piqitte",
                    "pos": "N",
                    "epos": "N"
                  }
                },
                {
                  "node": "d",
                  "type": "line-start",
                  "ref": "P334123.17",
                  "n": "2",
                  "label": "r 2"
                },
                {
                  "node": "l",
                  "frag": "ša",
                  "id": "P334123.l0789b",
                  "ref": "P334123.17.1",
                  "inst": "ša[of]DET",
                  "sig": "@saao/saa10%akk-x-neoass:ša=ša[of//of]DET'DET$ša",
                  "f": {
                    "lang": "akk-x-neoass",
                    "form": "ša",
                    "cf": "ša",
                    "gw": "of",
                    "sense": "of",
                    "norm": "ša",
                    "pos": "DET",
                    "epos": "DET"
                  }
                },
                {
                  "node": "l",
                  "frag": "{d}GAŠAN-par-ṣi",
                  "id": "P334123.l0789c",
                  "ref": "P334123.17.2",
                  "inst": "Belet-parṣi[(Lady of Cults)]DN",
                  "sig": "@saao/saa10%akk-x-neoass:{d}GAŠAN-par-ṣi=Belet-parṣi[(Lady of Cults)//(Lady of Cults)]DN'DN$Belet-parṣi",
                  "f": {
                    "lang": "akk-x-neoass",
                    "form": "{d}GAŠAN-par-ṣi",
                    "cf": "Belet-parṣi",
                    "gw": "(Lady of Cults)",
                    "sense": "(Lady of Cults)",
                    "norm": "Belet-parṣi",
                    "pos": "DN",
                    "epos": "DN"
                  }
                },
                {
                  "node": "d",
                  "type": "line-start",
                  "ref": "P334123.18",
                  "n": "3",
                  "label": "r 3"
                },
                {
                  "node": "l",
                  "frag": "LUGAL",
                  "id": "P334123.l0789d",
                  "ref": "P334123.18.1",
                  "inst": "šarru[king]N",
                  "sig": "@saao/saa10%akk-x-neoass:LUGAL=šarru[king//king]N'N$šarru",
                  "f": {
                    "lang": "akk-x-neoass",
                    "form": "LUGAL",
                    "cf": "šarru",
                    "gw": "king",
                    "sense": "king",
                    "norm": "šarru",
                    "pos": "N",
                    "epos": "N"
                  }
                },
                {
                  "node": "l",
                  "frag": "be-li₂",
                  "id": "P334123.l0789e",
                  "ref": "P334123.18.2",
                  "inst": "bēlī[lord]N",
                  "sig": "@saao/saa10%akk-x-neoass:be-li₂=bēlu[lord//lord]N'N$bēlī",
                  "f": {
                    "lang": "akk-x-neoass",
                    "form": "be-li₂",
                    "cf": "bēlu",
                    "gw": "lord",
                    "sense": "lord",
                    "norm": "bēlī",
                    "pos": "N",
                    "epos": "N"
                  }
                },
                {
                  "node": "d",
                  "type": "line-start",
                  "ref": "P334123.19",
                  "n": "4",
                  "label": "r 4"
                },
                {
                  "node": "l",
                  "frag": "DUMU-DUMU-MEŠ-šu₂",
                  "id": "P334123.l0789f",
                  "ref": "P334123.19.1",
                  "cof-tails": "P334123.l078a0",
                  "inst": "mār[son]N&marʾīšu[son]N",
                  "sig": "@saao/saa10%akk-x-neoass:DUMU-DUMU-MEŠ-šu₂=māru[son//son]N'N$mār&&@saao/saa10%akk-x-neoass:=māru[son//son]N'N$marʾīšu",
                  "f": {
                    "lang": "akk-x-neoass",
                    "form": "DUMU-DUMU-MEŠ-šu₂",
                    "cf": "māru",
                    "gw": "son",
                    "sense": "son",
                    "norm": "mār",
                    "pos": "N",
                    "epos": "N"
                  }
                },
                {
                  "node": "l",
                  "frag": "DUMU-DUMU-MEŠ-šu₂",
                  "id": "P334123.l078a0",
                  "ref": "P334123.19.1",
                  "cof-head": "P334123.l0789f",
                  "inst": "mār[son]N&marʾīšu[son]N",
                  "f": {
                    "lang": "akk-x-neoass",
                    "form": "DUMU-DUMU-MEŠ-šu₂",
                    "cf": "māru",
                    "gw": "son",
                    "sense": "son",
                    "norm": "marʾīšu",
                    "pos": "N",
                    "epos": "N"
                  }
                },
                {
                  "node": "d",
                  "type": "line-start",
                  "ref": "P334123.20",
                  "n": "5",
                  "label": "r 5"
                },
                {
                  "node": "l",
                  "frag": "ina",
                  "id": "P334123.l078a1",
                  "ref": "P334123.20.1",
                  "inst": "ina[on]PRP",
                  "sig": "@saao/saa10%akk-x-neoass:ina=ina[in//on]PRP'PRP$ina",
                  "f": {
                    "lang": "akk-x-neoass",
                    "form": "ina",
                    "cf": "ina",
                    "gw": "in",
                    "sense": "on",
                    "norm": "ina",
                    "pos": "PRP",
                    "epos": "PRP"
                  }
                },
                {
                  "node": "l",
                  "frag": "bur-ke-e-šu₂",
                  "id": "P334123.l078a2",
                  "ref": "P334123.20.2",
                  "inst": "+burku[knee//lap]N'N$burkēšu",
                  "sig": "@saao/saa10%akk-x-neoass:bur-ke-e-šu₂=burku[knee//lap]N'N$burkēšu",
                  "f": {
                    "lang": "akk-x-neoass",
                    "form": "bur-ke-e-šu₂",
                    "cf": "burku",
                    "gw": "knee",
                    "sense": "lap",
                    "norm": "burkēšu",
                    "pos": "N",
                    "epos": "N"
                  }
                },
                {
                  "node": "d",
                  "type": "line-start",
                  "ref": "P334123.21",
                  "n": "6",
                  "label": "r 6"
                },
                {
                  "node": "l",
                  "frag": "li-in-tu-hu",
                  "id": "P334123.l078a3",
                  "ref": "P334123.21.1",
                  "inst": "lintūhu[lift]V",
                  "sig": "@saao/saa10%akk-x-neoass:li-in-tu-hu=matāhu[lift//lift]V'V$lintūhu",
                  "f": {
                    "lang": "akk-x-neoass",
                    "form": "li-in-tu-hu",
                    "cf": "matāhu",
                    "gw": "lift",
                    "sense": "lift",
                    "norm": "lintūhu",
                    "pos": "V",
                    "epos": "V"
                  }
                },
                {
                  "node": "d",
                  "type": "line-start",
                  "ref": "P334123.22",
                  "n": "7",
                  "label": "r 7"
                },
                {
                  "node": "l",
                  "frag": "par-šu-ma-a-te",
                  "id": "P334123.l078a4",
                  "ref": "P334123.22.1",
                  "inst": "+puršumu[old (man)//greyness]N'N$paršumāte",
                  "sig": "@saao/saa10%akk-x-neoass:par-šu-ma-a-te=puršumu[old (man)//greyness]N'N$paršumāte",
                  "f": {
                    "lang": "akk-x-neoass",
                    "form": "par-šu-ma-a-te",
                    "cf": "puršumu",
                    "gw": "old (man)",
                    "sense": "greyness",
                    "norm": "paršumāte",
                    "pos": "N",
                    "epos": "N"
                  }
                },
                {
                  "node": "d",
                  "type": "line-start",
                  "ref": "P334123.23",
                  "n": "8",
                  "label": "r 8"
                },
                {
                  "node": "l",
                  "frag": "ina",
                  "id": "P334123.l078a5",
                  "ref": "P334123.23.1",
                  "inst": "ina[in]PRP",
                  "sig": "@saao/saa10%akk-x-neoass:ina=ina[in//in]PRP'PRP$ina",
                  "f": {
                    "lang": "akk-x-neoass",
                    "form": "ina",
                    "cf": "ina",
                    "gw": "in",
                    "sense": "in",
                    "norm": "ina",
                    "pos": "PRP",
                    "epos": "PRP"
                  }
                },
                {
                  "node": "l",
                  "frag": "zi-iq-ni-šu₂-nu",
                  "id": "P334123.l078a6",
                  "ref": "P334123.23.2",
                  "inst": "+ziqnu[beard]N$ziqnīšunu",
                  "sig": "@saao/saa10%akk-x-neoass:zi-iq-ni-šu₂-nu=ziqnu[beard//beard]N'N$ziqnīšunu",
                  "f": {
                    "lang": "akk-x-neoass",
                    "form": "zi-iq-ni-šu₂-nu",
                    "cf": "ziqnu",
                    "gw": "beard",
                    "sense": "beard",
                    "norm": "ziqnīšunu",
                    "pos": "N",
                    "epos": "N"
                  }
                },
                {
                  "node": "d",
                  "type": "line-start",
                  "ref": "P334123.24",
                  "n": "9",
                  "label": "r 9"
                },
                {
                  "node": "l",
                  "frag": "le-mur",
                  "id": "P334123.l078a7",
                  "ref": "P334123.24.1",
                  "inst": "lēmur[see]V",
                  "sig": "@saao/saa10%akk-x-neoass:le-mur=amāru[see//see]V'V$lēmur",
                  "f": {
                    "lang": "akk-x-neoass",
                    "form": "le-mur",
                    "cf": "amāru",
                    "gw": "see",
                    "sense": "see",
                    "norm": "lēmur",
                    "pos": "V",
                    "epos": "V"
                  }
                }
              ]
            }
          ]
        }
      ]
    }
  ]
}
