{
  "type": "cdl",
  "source": "http://oracc.org/saao/saa10",
  "license": "This data is released under the CC0 license",
  "license-url": "https://creativecommons.org/publicdomain/zero/1.0/",
  "more-info": "http://oracc.org/doc/opendata/",
  "UTC-timestamp": "2017-06-10T00:48:32",
  "project": "saao/saa10",
  "textid": "P334906",
  "cdl": [
    {
      "node": "c",
      "type": "text",
      "id": "P334906.U0",
      "cdl": [
        {
          "node": "d",
          "type": "object",
          "ref": ""
        },
        {
          "node": "d",
          "subtype": "obverse",
          "type": "obverse",
          "ref": "P334906.o.1",
          "label": "o"
        },
        {
          "node": "c",
          "type": "discourse",
          "subtype": "body",
          "id": "P334906.U1",
          "cdl": [
            {
              "node": "c",
              "type": "sentence",
              "id": "P334906.U2",
              "label": "o 1 - o 13",
              "cdl": [
                {
                  "node": "d",
                  "type": "line-start",
                  "ref": "P334906.2",
                  "n": "1",
                  "label": "o 1"
                },
                {
                  "node": "l",
                  "frag": "a-bat",
                  "id": "P334906.l05431",
                  "ref": "P334906.2.1",
                  "inst": "abat[word]N",
                  "sig": "@saao/saa10%akk-x-neoass:a-bat=awātu[word//word]N'N$abat",
                  "f": {
                    "lang": "akk-x-neoass",
                    "form": "a-bat",
                    "cf": "awātu",
                    "gw": "word",
                    "sense": "word",
                    "norm": "abat",
                    "pos": "N",
                    "epos": "N"
                  }
                },
                {
                  "node": "l",
                  "frag": "{lu₂}ENGAR",
                  "id": "P334906.l05432",
                  "ref": "P334906.2.2",
                  "inst": "ikkāri[farmer]N",
                  "sig": "@saao/saa10%akk-x-neoass:{LU₂}ENGAR=ikkaru[farmer//farmer]N'N$ikkāri",
                  "f": {
                    "lang": "akk-x-neoass",
                    "form": "{LU₂}ENGAR",
                    "cf": "ikkaru",
                    "gw": "farmer",
                    "sense": "farmer",
                    "norm": "ikkāri",
                    "pos": "N",
                    "epos": "N"
                  }
                },
                {
                  "node": "l",
                  "frag": "[a-na]",
                  "id": "P334906.l05433",
                  "ref": "P334906.2.3",
                  "inst": "ana[to]PRP",
                  "sig": "@saao/saa10%akk-x-neoass:a-na=ana[to//to]PRP'PRP$ana",
                  "f": {
                    "lang": "akk-x-neoass",
                    "form": "a-na",
                    "cf": "ana",
                    "gw": "to",
                    "sense": "to",
                    "norm": "ana",
                    "pos": "PRP",
                    "epos": "PRP"
                  }
                },
                {
                  "node": "d",
                  "type": "line-start",
                  "ref": "P334906.3",
                  "n": "2",
                  "label": "o 2"
                },
                {
                  "node": "l",
                  "frag": "{1}{d}IM-MU-[PAB]",
                  "id": "P334906.l05434",
                  "ref": "P334906.3.1",
                  "inst": "Adad-šumu-uṣur[1]PN",
                  "sig": "@saao/saa10%akk-x-neoass:{1}{d}IM-MU-PAB=Adad-šumu-uṣur[1//1]PN'PN$Adad-šumu-uṣur",
                  "f": {
                    "lang": "akk-x-neoass",
                    "form": "{1}{d}IM-MU-PAB",
                    "cf": "Adad-šumu-uṣur",
                    "gw": "1",
                    "sense": "1",
                    "norm": "Adad-šumu-uṣur",
                    "pos": "PN",
                    "epos": "PN"
                  }
                },
                {
                  "node": "d",
                  "type": "line-start",
                  "ref": "P334906.4",
                  "n": "3",
                  "label": "o 3"
                },
                {
                  "node": "l",
                  "frag": "{1}{d}AMAR.UTU-GAR-[MU]",
                  "id": "P334906.l05435",
                  "ref": "P334906.4.1",
                  "inst": "Marduk-šakin-šumi[1]PN",
                  "sig": "@saao/saa10%akk-x-neoass:{1}{d}AMAR.UTU-GAR-MU=Marduk-šakin-šumi[1//1]PN'PN$Marduk-šakin-šumi",
                  "f": {
                    "lang": "akk-x-neoass",
                    "form": "{1}{d}AMAR.UTU-GAR-MU",
                    "cf": "Marduk-šakin-šumi",
                    "gw": "1",
                    "sense": "1",
                    "norm": "Marduk-šakin-šumi",
                    "pos": "PN",
                    "epos": "PN"
                  }
                },
                {
                  "node": "d",
                  "type": "line-start",
                  "ref": "P334906.5",
                  "n": "4",
                  "label": "o 4"
                },
                {
                  "node": "l",
                  "frag": "[DI]-mu",
                  "id": "P334906.l05436",
                  "ref": "P334906.5.1",
                  "inst": "šulmu[health]N",
                  "sig": "@saao/saa10%akk-x-neoass:DI-mu=šulmu[completeness//health]N'N$šulmu",
                  "f": {
                    "lang": "akk-x-neoass",
                    "form": "DI-mu",
                    "cf": "šulmu",
                    "gw": "completeness",
                    "sense": "health",
                    "norm": "šulmu",
                    "pos": "N",
                    "epos": "N"
                  }
                },
                {
                  "node": "l",
                  "frag": "ia-a-ši",
                  "id": "P334906.l05437",
                  "ref": "P334906.5.2",
                  "inst": "ayāši[me]IP",
                  "sig": "@saao/saa10%akk-x-neoass:ia-a-ši=yâšim[to me//me]IP'IP$ayāši",
                  "f": {
                    "lang": "akk-x-neoass",
                    "form": "ia-a-ši",
                    "cf": "yâšim",
                    "gw": "to me",
                    "sense": "me",
                    "norm": "ayāši",
                    "pos": "IP",
                    "epos": "IP"
                  }
                },
                {
                  "node": "d",
                  "type": "line-start",
                  "ref": "P334906.6",
                  "n": "5",
                  "label": "o 5"
                },
                {
                  "node": "l",
                  "frag": "⸢ša⸣-ni-ʾa",
                  "id": "P334906.l05438",
                  "ref": "P334906.6.1",
                  "inst": "+šanû[do twice]V$šanniʾa",
                  "sig": "@saao/saa10%akk-x-neoass:ša-ni-ʾa=šanû[do twice//do twice]V'V$šanniʾa",
                  "f": {
                    "lang": "akk-x-neoass",
                    "form": "ša-ni-ʾa",
                    "cf": "šanû",
                    "gw": "do twice",
                    "sense": "do twice",
                    "norm": "šanniʾa",
                    "pos": "V",
                    "epos": "V"
                  }
                },
                {
                  "node": "l",
                  "frag": "TA@v",
                  "id": "P334906.l05439",
                  "ref": "P334906.6.2",
                  "inst": "issi[with]PRP",
                  "sig": "@saao/saa10%akk-x-neoass:TA@v=išti[with//with]PRP'PRP$issi",
                  "f": {
                    "lang": "akk-x-neoass",
                    "form": "TA@v",
                    "cf": "išti",
                    "gw": "with",
                    "sense": "with",
                    "norm": "issi",
                    "pos": "PRP",
                    "epos": "PRP"
                  }
                },
                {
                  "node": "l",
                  "frag": "{lu₂}tur-⸢x⸣-ni",
                  "id": "P334906.l0543a",
                  "ref": "P334906.6.3",
                  "inst": "u",
                  "f": {
                    "lang": "akk-x-neoass",
                    "form": "{LU₂}tur-x-ni",
                    "pos": "u"
                  }
                },
                {
                  "node": "d",
                  "type": "line-start",
                  "ref": "P334906.7",
                  "n": "6",
                  "label": "o 6"
                },
                {
                  "node": "l",
                  "frag": "⸢du⸣-ub-ba",
                  "id": "P334906.l0543b",
                  "ref": "P334906.7.1",
                  "inst": "dubba[speak]V",
                  "sig": "@saao/saa10%akk-x-neoass:du-ub-ba=dabābu[speak//speak]V'V$dubba",
                  "f": {
                    "lang": "akk-x-neoass",
                    "form": "du-ub-ba",
                    "cf": "dabābu",
                    "gw": "speak",
                    "sense": "speak",
                    "norm": "dubba",
                    "pos": "V",
                    "epos": "V"
                  }
                },
                {
                  "node": "l",
                  "frag": "ma-a",
                  "id": "P334906.l0543c",
                  "ref": "P334906.7.2",
                  "inst": "mā[saying]PRP",
                  "sig": "@saao/saa10%akk-x-neoass:ma-a=mā[saying//saying]PRP'PRP$mā",
                  "f": {
                    "lang": "akk-x-neoass",
                    "form": "ma-a",
                    "cf": "mā",
                    "gw": "saying",
                    "sense": "saying",
                    "norm": "mā",
                    "pos": "PRP",
                    "epos": "PRP"
                  }
                },
                {
                  "node": "d",
                  "type": "line-start",
                  "ref": "P334906.8",
                  "n": "7",
                  "label": "o 7"
                },
                {
                  "node": "l",
                  "frag": "⸢pu⸣-tu-hu",
                  "id": "P334906.l0543d",
                  "ref": "P334906.8.1",
                  "inst": "pūtuhu[responsibility]N",
                  "sig": "@saao/saa10%akk-x-neoass:pu-tu-hu=pūtuhhu[responsibility//responsibility]N'N$pūtuhu",
                  "f": {
                    "lang": "akk-x-neoass",
                    "form": "pu-tu-hu",
                    "cf": "pūtuhhu",
                    "gw": "responsibility",
                    "sense": "responsibility",
                    "norm": "pūtuhu",
                    "pos": "N",
                    "epos": "N"
                  }
                },
                {
                  "node": "l",
                  "frag": "ta-na-aš₂-ši-ia-a",
                  "id": "P334906.l0543e",
                  "ref": "P334906.8.2",
                  "inst": "+našû[lift//take]V'V$tanaššiʾâ",
                  "sig": "@saao/saa10%akk-x-neoass:ta-na-aš₂-ši-ia-a=našû[lift//take]V'V$tanaššiʾâ",
                  "f": {
                    "lang": "akk-x-neoass",
                    "form": "ta-na-aš₂-ši-ia-a",
                    "cf": "našû",
                    "gw": "lift",
                    "sense": "take",
                    "norm": "tanaššiʾâ",
                    "pos": "V",
                    "epos": "V"
                  }
                },
                {
                  "node": "d",
                  "type": "line-start",
                  "ref": "P334906.9",
                  "n": "8",
                  "label": "o 8"
                },
                {
                  "node": "l",
                  "frag": "ina",
                  "id": "P334906.l0543f",
                  "ref": "P334906.9.1",
                  "inst": "ina[in]PRP",
                  "sig": "@saao/saa10%akk-x-neoass:ina=ina[in//from]PRP'PRP$ina",
                  "f": {
                    "lang": "akk-x-neoass",
                    "form": "ina",
                    "cf": "ina",
                    "gw": "in",
                    "sense": "from",
                    "norm": "ina",
                    "pos": "PRP",
                    "epos": "PRP"
                  }
                },
                {
                  "node": "l",
                  "frag": "UGU",
                  "id": "P334906.l05440",
                  "ref": "P334906.9.2",
                  "inst": "muhhi[skull]N",
                  "sig": "@saao/saa10%akk-x-neoass:UGU=muhhu[skull//skull]N'N$muhhi",
                  "f": {
                    "lang": "akk-x-neoass",
                    "form": "UGU",
                    "cf": "muhhu",
                    "gw": "skull",
                    "sense": "skull",
                    "norm": "muhhi",
                    "pos": "N",
                    "epos": "N"
                  }
                },
                {
                  "node": "l",
                  "frag": "AN.MI",
                  "id": "P334906.l05441",
                  "ref": "P334906.9.3",
                  "inst": "attalî[eclipse]N",
                  "sig": "@saao/saa10%akk-x-neoass:AN.MI=antalû[eclipse//eclipse]N'N$attalî",
                  "f": {
                    "lang": "akk-x-neoass",
                    "form": "AN.MI",
                    "cf": "antalû",
                    "gw": "eclipse",
                    "sense": "eclipse",
                    "norm": "attalî",
                    "pos": "N",
                    "epos": "N"
                  }
                },
                {
                  "node": "l",
                  "frag": "{d}ša₂-maš",
                  "id": "P334906.l05442",
                  "ref": "P334906.9.4",
                  "inst": "Šamaš[1]DN",
                  "sig": "@saao/saa10%akk-x-neoass:{d}ša₂-maš=Šamaš[1//1]DN'DN$Šamaš",
                  "f": {
                    "lang": "akk-x-neoass",
                    "form": "{d}ša₂-maš",
                    "cf": "Šamaš",
                    "gw": "1",
                    "sense": "1",
                    "norm": "Šamaš",
                    "pos": "DN",
                    "epos": "DN"
                  }
                },
                {
                  "node": "d",
                  "type": "line-start",
                  "ref": "P334906.10",
                  "n": "9",
                  "label": "o 9"
                },
                {
                  "node": "l",
                  "frag": "ma-a",
                  "id": "P334906.l05443",
                  "ref": "P334906.10.1",
                  "inst": "mā[saying]PRP",
                  "sig": "@saao/saa10%akk-x-neoass:ma-a=mā[saying//saying]PRP'PRP$mā",
                  "f": {
                    "lang": "akk-x-neoass",
                    "form": "ma-a",
                    "cf": "mā",
                    "gw": "saying",
                    "sense": "saying",
                    "norm": "mā",
                    "pos": "PRP",
                    "epos": "PRP"
                  }
                },
                {
                  "node": "l",
                  "frag": "is-su-ur-ri",
                  "id": "P334906.l05444",
                  "ref": "P334906.10.2",
                  "inst": "issurri[perhaps]AV",
                  "sig": "@saao/saa10%akk-x-neoass:is-su-ur-ri=issurri[perhaps//perhaps]AV'AV$issurri",
                  "f": {
                    "lang": "akk-x-neoass",
                    "form": "is-su-ur-ri",
                    "cf": "issurri",
                    "gw": "perhaps",
                    "sense": "perhaps",
                    "norm": "issurri",
                    "pos": "AV",
                    "epos": "AV"
                  }
                },
                {
                  "node": "d",
                  "type": "line-start",
                  "ref": "P334906.11",
                  "n": "10",
                  "label": "o 10"
                },
                {
                  "node": "l",
                  "frag": "pi-iq-ta-a-te",
                  "id": "P334906.l05445",
                  "ref": "P334906.11.1",
                  "inst": "+piqtatti[perhaps//surely]AV'AV$piqtāte",
                  "sig": "@saao/saa10%akk-x-neoass:pi-iq-ta-a-te=piqtatti[perhaps//surely]AV'AV$piqtāte",
                  "f": {
                    "lang": "akk-x-neoass",
                    "form": "pi-iq-ta-a-te",
                    "cf": "piqtatti",
                    "gw": "perhaps",
                    "sense": "surely",
                    "norm": "piqtāte",
                    "pos": "AV",
                    "epos": "AV"
                  }
                },
                {
                  "node": "d",
                  "type": "line-start",
                  "ref": "P334906.12",
                  "n": "11",
                  "label": "o 11"
                },
                {
                  "node": "l",
                  "frag": "AN.MI",
                  "id": "P334906.l05446",
                  "ref": "P334906.12.1",
                  "inst": "attalû[eclipse]N",
                  "sig": "@saao/saa10%akk-x-neoass:AN.MI=antalû[eclipse//eclipse]N'N$attalû",
                  "f": {
                    "lang": "akk-x-neoass",
                    "form": "AN.MI",
                    "cf": "antalû",
                    "gw": "eclipse",
                    "sense": "eclipse",
                    "norm": "attalû",
                    "pos": "N",
                    "epos": "N"
                  }
                },
                {
                  "node": "l",
                  "frag": "{d}UTU",
                  "id": "P334906.l05447",
                  "ref": "P334906.12.2",
                  "inst": "Šamaš[1]DN",
                  "sig": "@saao/saa10%akk-x-neoass:{d}UTU=Šamaš[1//1]DN'DN$Šamaš",
                  "f": {
                    "lang": "akk-x-neoass",
                    "form": "{d}UTU",
                    "cf": "Šamaš",
                    "gw": "1",
                    "sense": "1",
                    "norm": "Šamaš",
                    "pos": "DN",
                    "epos": "DN"
                  }
                },
                {
                  "node": "l",
                  "frag": "i-šak-[kan]",
                  "id": "P334906.l05448",
                  "ref": "P334906.12.3",
                  "inst": "išakkan[place]V",
                  "sig": "@saao/saa10%akk-x-neoass:i-šak-kan=šakānu[put//place]V'V$išakkan",
                  "f": {
                    "lang": "akk-x-neoass",
                    "form": "i-šak-kan",
                    "cf": "šakānu",
                    "gw": "put",
                    "sense": "place",
                    "norm": "išakkan",
                    "pos": "V",
                    "epos": "V"
                  }
                },
                {
                  "node": "d",
                  "type": "line-start",
                  "ref": "P334906.13",
                  "n": "12",
                  "label": "o 12"
                },
                {
                  "node": "l",
                  "frag": "a-bu-tu₂",
                  "id": "P334906.l05449",
                  "ref": "P334906.13.1",
                  "inst": "abutu[word]N",
                  "sig": "@saao/saa10%akk-x-neoass:a-bu-tu₂=awātu[word//word]N'N$abutu",
                  "f": {
                    "lang": "akk-x-neoass",
                    "form": "a-bu-tu₂",
                    "cf": "awātu",
                    "gw": "word",
                    "sense": "word",
                    "norm": "abutu",
                    "pos": "N",
                    "epos": "N"
                  }
                },
                {
                  "node": "l",
                  "frag": "ba-⸢ri-is⸣-tu₂",
                  "id": "P334906.l0544a",
                  "ref": "P334906.13.2",
                  "inst": "+parsu[cut off//definite]AJ'AJ$baristu",
                  "sig": "@saao/saa10%akk-x-neoass:ba-ri-is-tu₂=parsu[cut off//definite]AJ'AJ$baristu",
                  "f": {
                    "lang": "akk-x-neoass",
                    "form": "ba-ri-is-tu₂",
                    "cf": "parsu",
                    "gw": "cut off",
                    "sense": "definite",
                    "norm": "baristu",
                    "pos": "AJ",
                    "epos": "AJ"
                  }
                },
                {
                  "node": "d",
                  "type": "line-start",
                  "ref": "P334906.14",
                  "n": "13",
                  "label": "o 13"
                },
                {
                  "node": "l",
                  "frag": "šu-up-ra-a-ni",
                  "id": "P334906.l0544b",
                  "ref": "P334906.14.1",
                  "inst": "šuprāni[send]V",
                  "sig": "@saao/saa10%akk-x-neoass:šu-up-ra-a-ni=šapāru[send//send]V'V$šuprāni",
                  "f": {
                    "lang": "akk-x-neoass",
                    "form": "šu-up-ra-a-ni",
                    "cf": "šapāru",
                    "gw": "send",
                    "sense": "send",
                    "norm": "šuprāni",
                    "pos": "V",
                    "epos": "V"
                  }
                },
                {
                  "node": "d",
                  "subtype": "reverse",
                  "type": "reverse",
                  "ref": "P334906.r.15",
                  "label": "r"
                },
                {
                  "node": "d",
                  "type": "nonx",
                  "ref": "P334906.16",
                  "strict": "0",
                  "state": "other"
                }
              ]
            }
          ]
        }
      ]
    }
  ]
}
