{
  "type": "cdl",
  "source": "http://oracc.org/saao/saa10",
  "license": "This data is released under the CC0 license",
  "license-url": "https://creativecommons.org/publicdomain/zero/1.0/",
  "more-info": "http://oracc.org/doc/opendata/",
  "UTC-timestamp": "2017-06-10T00:48:16",
  "project": "saao/saa10",
  "textid": "P334472",
  "cdl": [
    {
      "node": "c",
      "type": "text",
      "id": "P334472.U0",
      "cdl": [
        {
          "node": "d",
          "type": "object",
          "ref": ""
        },
        {
          "node": "d",
          "subtype": "obverse",
          "type": "obverse",
          "ref": "P334472.o.1",
          "label": "o"
        },
        {
          "node": "c",
          "type": "discourse",
          "subtype": "body",
          "id": "P334472.U1",
          "cdl": [
            {
              "node": "c",
              "type": "sentence",
              "id": "P334472.U2",
              "label": "o 1 - r 5",
              "cdl": [
                {
                  "node": "d",
                  "type": "line-start",
                  "ref": "P334472.2",
                  "n": "1",
                  "label": "o 1"
                },
                {
                  "node": "l",
                  "frag": "[a-na",
                  "id": "P334472.l008b6",
                  "ref": "P334472.2.1",
                  "inst": "ana[to]PRP",
                  "sig": "@saao/saa10%akk-x-neoass:a-na=ana[to//to]PRP'PRP$ana",
                  "f": {
                    "lang": "akk-x-neoass",
                    "form": "a-na",
                    "cf": "ana",
                    "gw": "to",
                    "sense": "to",
                    "norm": "ana",
                    "pos": "PRP",
                    "epos": "PRP"
                  }
                },
                {
                  "node": "l",
                  "frag": "EN]-i-ni",
                  "id": "P334472.l008b7",
                  "ref": "P334472.2.2",
                  "inst": "bēlīni[lord]N",
                  "sig": "@saao/saa10%akk-x-neoass:EN-i-ni=bēlu[lord//lord]N'N$bēlīni",
                  "f": {
                    "lang": "akk-x-neoass",
                    "form": "EN-i-ni",
                    "cf": "bēlu",
                    "gw": "lord",
                    "sense": "lord",
                    "norm": "bēlīni",
                    "pos": "N",
                    "epos": "N"
                  }
                },
                {
                  "node": "d",
                  "type": "line-start",
                  "ref": "P334472.3",
                  "n": "2",
                  "label": "o 2"
                },
                {
                  "node": "l",
                  "frag": "[ARAD-MEŠ-ka",
                  "id": "P334472.l008b8",
                  "ref": "P334472.3.1",
                  "inst": "urdānīka[servant]N",
                  "sig": "@saao/saa10%akk-x-neoass:ARAD-MEŠ-ka=ardu[slave//servant]N'N$urdānīka",
                  "f": {
                    "lang": "akk-x-neoass",
                    "form": "ARAD-MEŠ-ka",
                    "cf": "ardu",
                    "gw": "slave",
                    "sense": "servant",
                    "norm": "urdānīka",
                    "pos": "N",
                    "epos": "N"
                  }
                },
                {
                  "node": "l",
                  "frag": "{1}15--MU-KAM-eš",
                  "id": "P334472.l008b9",
                  "ref": "P334472.3.2",
                  "inst": "Issar-šumu-ereš[1]PN",
                  "sig": "@saao/saa10%akk-x-neoass:{1}15-MU-KAM-eš=Issar-šumu-ereš[1//1]PN'PN$Issar-šumu-ereš",
                  "f": {
                    "lang": "akk-x-neoass",
                    "form": "{1}15-MU-KAM-eš",
                    "cf": "Issar-šumu-ereš",
                    "gw": "1",
                    "sense": "1",
                    "norm": "Issar-šumu-ereš",
                    "pos": "PN",
                    "epos": "PN"
                  }
                },
                {
                  "node": "d",
                  "type": "line-start",
                  "ref": "P334472.4",
                  "n": "3",
                  "label": "o 3"
                },
                {
                  "node": "l",
                  "frag": "{1}ARAD-{d]}E₂.A",
                  "id": "P334472.l008ba",
                  "ref": "P334472.4.1",
                  "inst": "Urdu-Ea[1]PN",
                  "sig": "@saao/saa10%akk-x-neoass:{1}ARAD-{d}E₂.A=Urdu-Ea[1//1]PN'PN$Urdu-Ea",
                  "f": {
                    "lang": "akk-x-neoass",
                    "form": "{1}ARAD-{d}E₂.A",
                    "cf": "Urdu-Ea",
                    "gw": "1",
                    "sense": "1",
                    "norm": "Urdu-Ea",
                    "pos": "PN",
                    "epos": "PN"
                  }
                },
                {
                  "node": "d",
                  "type": "line-start",
                  "ref": "P334472.5",
                  "n": "4",
                  "label": "o 4"
                },
                {
                  "node": "l",
                  "frag": "{1}{d}AMAR.UTU]-GAR-MU",
                  "id": "P334472.l008bb",
                  "ref": "P334472.5.1",
                  "inst": "Marduk-šakin-šumi[1]PN",
                  "sig": "@saao/saa10%akk-x-neoass:{1}{d}AMAR.UTU-GAR-MU=Marduk-šakin-šumi[1//1]PN'PN$Marduk-šakin-šumi",
                  "f": {
                    "lang": "akk-x-neoass",
                    "form": "{1}{d}AMAR.UTU-GAR-MU",
                    "cf": "Marduk-šakin-šumi",
                    "gw": "1",
                    "sense": "1",
                    "norm": "Marduk-šakin-šumi",
                    "pos": "PN",
                    "epos": "PN"
                  }
                },
                {
                  "node": "d",
                  "type": "line-start",
                  "ref": "P334472.6",
                  "n": "5",
                  "label": "o 5"
                },
                {
                  "node": "l",
                  "frag": "[lu",
                  "id": "P334472.l008bc",
                  "ref": "P334472.6.1",
                  "inst": "lū[may]MOD",
                  "sig": "@saao/saa10%akk-x-neoass:lu=lū[may//may]MOD'MOD$lū",
                  "f": {
                    "lang": "akk-x-neoass",
                    "form": "lu",
                    "cf": "lū",
                    "gw": "may",
                    "sense": "may",
                    "norm": "lū",
                    "pos": "MOD",
                    "epos": "MOD"
                  }
                },
                {
                  "node": "l",
                  "frag": "DI]-mu",
                  "id": "P334472.l008bd",
                  "ref": "P334472.6.2",
                  "inst": "šulmu[health]N",
                  "sig": "@saao/saa10%akk-x-neoass:DI-mu=šulmu[completeness//health]N'N$šulmu",
                  "f": {
                    "lang": "akk-x-neoass",
                    "form": "DI-mu",
                    "cf": "šulmu",
                    "gw": "completeness",
                    "sense": "health",
                    "norm": "šulmu",
                    "pos": "N",
                    "epos": "N"
                  }
                },
                {
                  "node": "l",
                  "frag": "a-dan-niš",
                  "id": "P334472.l008be",
                  "ref": "P334472.6.3",
                  "inst": "adanniš[very much]AV",
                  "sig": "@saao/saa10%akk-x-neoass:a-dan-niš=adanniš[very much//very much]AV'AV$adanniš",
                  "f": {
                    "lang": "akk-x-neoass",
                    "form": "a-dan-niš",
                    "cf": "adanniš",
                    "gw": "very much",
                    "sense": "very much",
                    "norm": "adanniš",
                    "pos": "AV",
                    "epos": "AV"
                  }
                },
                {
                  "node": "d",
                  "type": "line-start",
                  "ref": "P334472.7",
                  "n": "6",
                  "label": "o 6"
                },
                {
                  "node": "l",
                  "frag": "[a-na]",
                  "id": "P334472.l008bf",
                  "ref": "P334472.7.1",
                  "inst": "ana[to]PRP",
                  "sig": "@saao/saa10%akk-x-neoass:a-na=ana[to//to]PRP'PRP$ana",
                  "f": {
                    "lang": "akk-x-neoass",
                    "form": "a-na",
                    "cf": "ana",
                    "gw": "to",
                    "sense": "to",
                    "norm": "ana",
                    "pos": "PRP",
                    "epos": "PRP"
                  }
                },
                {
                  "node": "l",
                  "frag": "EN-i-ni",
                  "id": "P334472.l008c0",
                  "ref": "P334472.7.2",
                  "inst": "bēlīni[lord]N",
                  "sig": "@saao/saa10%akk-x-neoass:EN-i-ni=bēlu[lord//lord]N'N$bēlīni",
                  "f": {
                    "lang": "akk-x-neoass",
                    "form": "EN-i-ni",
                    "cf": "bēlu",
                    "gw": "lord",
                    "sense": "lord",
                    "norm": "bēlīni",
                    "pos": "N",
                    "epos": "N"
                  }
                },
                {
                  "node": "d",
                  "type": "line-start",
                  "ref": "P334472.8",
                  "n": "7",
                  "label": "o 7"
                },
                {
                  "node": "l",
                  "frag": "{[d}PA",
                  "id": "P334472.l008c1",
                  "ref": "P334472.8.1",
                  "inst": "Nabu[1]DN",
                  "sig": "@saao/saa10%akk-x-neoass:{d}PA=Nabu[1//1]DN'DN$Nabu",
                  "f": {
                    "lang": "akk-x-neoass",
                    "form": "{d}PA",
                    "cf": "Nabu",
                    "gw": "1",
                    "sense": "1",
                    "norm": "Nabu",
                    "pos": "DN",
                    "epos": "DN"
                  }
                },
                {
                  "node": "l",
                  "frag": "u]",
                  "id": "P334472.l008c2",
                  "ref": "P334472.8.2",
                  "inst": "u[and]CNJ",
                  "sig": "@saao/saa10%akk-x-neoass:u=u[and//and]CNJ'CNJ$u",
                  "f": {
                    "lang": "akk-x-neoass",
                    "form": "u",
                    "cf": "u",
                    "gw": "and",
                    "sense": "and",
                    "norm": "u",
                    "pos": "CNJ",
                    "epos": "CNJ"
                  }
                },
                {
                  "node": "l",
                  "frag": "{d}AMAR.UTU",
                  "id": "P334472.l008c3",
                  "ref": "P334472.8.3",
                  "inst": "Marduk[1]DN",
                  "sig": "@saao/saa10%akk-x-neoass:{d}AMAR.UTU=Marduk[1//1]DN'DN$Marduk",
                  "f": {
                    "lang": "akk-x-neoass",
                    "form": "{d}AMAR.UTU",
                    "cf": "Marduk",
                    "gw": "1",
                    "sense": "1",
                    "norm": "Marduk",
                    "pos": "DN",
                    "epos": "DN"
                  }
                },
                {
                  "node": "d",
                  "type": "line-start",
                  "ref": "P334472.9",
                  "n": "8",
                  "label": "o 8"
                },
                {
                  "node": "l",
                  "frag": "[a-na]",
                  "id": "P334472.l008c4",
                  "ref": "P334472.9.1",
                  "inst": "ana[to]PRP",
                  "sig": "@saao/saa10%akk-x-neoass:a-na=ana[to//to]PRP'PRP$ana",
                  "f": {
                    "lang": "akk-x-neoass",
                    "form": "a-na",
                    "cf": "ana",
                    "gw": "to",
                    "sense": "to",
                    "norm": "ana",
                    "pos": "PRP",
                    "epos": "PRP"
                  }
                },
                {
                  "node": "l",
                  "frag": "EN-i-ni",
                  "id": "P334472.l008c5",
                  "ref": "P334472.9.2",
                  "inst": "bēlīni[lord]N",
                  "sig": "@saao/saa10%akk-x-neoass:EN-i-ni=bēlu[lord//lord]N'N$bēlīni",
                  "f": {
                    "lang": "akk-x-neoass",
                    "form": "EN-i-ni",
                    "cf": "bēlu",
                    "gw": "lord",
                    "sense": "lord",
                    "norm": "bēlīni",
                    "pos": "N",
                    "epos": "N"
                  }
                },
                {
                  "node": "d",
                  "type": "line-start",
                  "ref": "P334472.10",
                  "n": "9",
                  "label": "o 9"
                },
                {
                  "node": "l",
                  "frag": "[lik]-ru-bu",
                  "id": "P334472.l008c6",
                  "ref": "P334472.10.1",
                  "inst": "likrubu[bless]V",
                  "sig": "@saao/saa10%akk-x-neoass:lik-ru-bu=karābu[pray//bless]V'V$likrubu",
                  "f": {
                    "lang": "akk-x-neoass",
                    "form": "lik-ru-bu",
                    "cf": "karābu",
                    "gw": "pray",
                    "sense": "bless",
                    "norm": "likrubu",
                    "pos": "V",
                    "epos": "V"
                  }
                },
                {
                  "node": "d",
                  "type": "line-start",
                  "ref": "P334472.11",
                  "n": "10",
                  "label": "o 10"
                },
                {
                  "node": "l",
                  "frag": "[ki-i",
                  "id": "P334472.l008c7",
                  "ref": "P334472.11.1",
                  "inst": "kî[in accordance with]PRP",
                  "sig": "@saao/saa10%akk-x-neoass:ki-i=kī[like//in accordance with]PRP'PRP$kî",
                  "f": {
                    "lang": "akk-x-neoass",
                    "form": "ki-i",
                    "cf": "kī",
                    "gw": "like",
                    "sense": "in accordance with",
                    "norm": "kî",
                    "pos": "PRP",
                    "epos": "PRP"
                  }
                },
                {
                  "node": "l",
                  "frag": "ša]",
                  "id": "P334472.l008c8",
                  "ref": "P334472.11.2",
                  "inst": "ša[what]REL",
                  "sig": "@saao/saa10%akk-x-neoass:ša=ša[that//what]REL'REL$ša",
                  "f": {
                    "lang": "akk-x-neoass",
                    "form": "ša",
                    "cf": "ša",
                    "gw": "that",
                    "sense": "what",
                    "norm": "ša",
                    "pos": "REL",
                    "epos": "REL"
                  }
                },
                {
                  "node": "l",
                  "frag": "EN-i-ni",
                  "id": "P334472.l008c9",
                  "ref": "P334472.11.3",
                  "inst": "bēlīni[lord]N",
                  "sig": "@saao/saa10%akk-x-neoass:EN-i-ni=bēlu[lord//lord]N'N$bēlīni",
                  "f": {
                    "lang": "akk-x-neoass",
                    "form": "EN-i-ni",
                    "cf": "bēlu",
                    "gw": "lord",
                    "sense": "lord",
                    "norm": "bēlīni",
                    "pos": "N",
                    "epos": "N"
                  }
                },
                {
                  "node": "d",
                  "type": "line-start",
                  "ref": "P334472.12",
                  "n": "11",
                  "label": "o 11"
                },
                {
                  "node": "l",
                  "frag": "[iš]-⸢pur⸣-an-na-ši-ni",
                  "id": "P334472.l008ca",
                  "ref": "P334472.12.1",
                  "inst": "išpurannāšīni[write]V",
                  "sig": "@saao/saa10%akk-x-neoass:iš-pur-an-na-ši-ni=šapāru[send//write]V'V$išpurannāšīni",
                  "f": {
                    "lang": "akk-x-neoass",
                    "form": "iš-pur-an-na-ši-ni",
                    "cf": "šapāru",
                    "gw": "send",
                    "sense": "write",
                    "norm": "išpurannāšīni",
                    "pos": "V",
                    "epos": "V"
                  }
                },
                {
                  "node": "d",
                  "type": "line-start",
                  "ref": "P334472.13",
                  "n": "12",
                  "label": "o 12"
                },
                {
                  "node": "l",
                  "frag": "[ma-a",
                  "id": "P334472.l008cb",
                  "ref": "P334472.13.1",
                  "inst": "mā[saying]PRP",
                  "sig": "@saao/saa10%akk-x-neoass:ma-a=mā[saying//saying]PRP'PRP$mā",
                  "f": {
                    "lang": "akk-x-neoass",
                    "form": "ma-a",
                    "cf": "mā",
                    "gw": "saying",
                    "sense": "saying",
                    "norm": "mā",
                    "pos": "PRP",
                    "epos": "PRP"
                  }
                },
                {
                  "node": "l",
                  "frag": "UD",
                  "id": "P334472.l008cc",
                  "ref": "P334472.13.2",
                  "inst": "ūm[day]N",
                  "sig": "@saao/saa10%akk-x-neoass:UD=ūmu[day//day]N'N$ūm",
                  "f": {
                    "lang": "akk-x-neoass",
                    "form": "UD",
                    "cf": "ūmu",
                    "gw": "day",
                    "sense": "day",
                    "norm": "ūm",
                    "pos": "N",
                    "epos": "N"
                  }
                },
                {
                  "node": "l",
                  "frag": "29-KAM₂\\t",
                  "id": "P334472.l008cd",
                  "ref": "P334472.13.3",
                  "inst": "n",
                  "f": {
                    "lang": "akk-x-neoass",
                    "form": "29-KAM₂",
                    "pos": "n"
                  }
                },
                {
                  "node": "d",
                  "subtype": "reverse",
                  "type": "reverse",
                  "ref": "P334472.r.14",
                  "label": "r"
                },
                {
                  "node": "d",
                  "type": "line-start",
                  "ref": "P334472.15",
                  "n": "1",
                  "label": "r 1"
                },
                {
                  "node": "l",
                  "frag": "[AN.MI]",
                  "id": "P334472.l008ce",
                  "ref": "P334472.15.1",
                  "inst": "+antalû[eclipse]N$attalû",
                  "sig": "@saao/saa10%akk-x-neoass:AN.MI=antalû[eclipse//eclipse]N'N$attalû",
                  "f": {
                    "lang": "akk-x-neoass",
                    "form": "AN.MI",
                    "cf": "antalû",
                    "gw": "eclipse",
                    "sense": "eclipse",
                    "norm": "attalû",
                    "pos": "N",
                    "epos": "N"
                  }
                },
                {
                  "node": "l",
                  "frag": "{d}UTU",
                  "id": "P334472.l008cf",
                  "ref": "P334472.15.2",
                  "inst": "Šamaš[1]DN",
                  "sig": "@saao/saa10%akk-x-neoass:{d}UTU=Šamaš[1//1]DN'DN$Šamaš",
                  "f": {
                    "lang": "akk-x-neoass",
                    "form": "{d}UTU",
                    "cf": "Šamaš",
                    "gw": "1",
                    "sense": "1",
                    "norm": "Šamaš",
                    "pos": "DN",
                    "epos": "DN"
                  }
                },
                {
                  "node": "d",
                  "type": "line-start",
                  "ref": "P334472.16",
                  "n": "2",
                  "label": "r 2"
                },
                {
                  "node": "l",
                  "frag": "[GAR",
                  "id": "P334472.l008d0",
                  "ref": "P334472.16.1",
                  "inst": "+šakānu[put//place]V'V$issakan",
                  "sig": "@saao/saa10%akk-x-neoass:GAR=šakānu[put//place]V'V$issakan",
                  "f": {
                    "lang": "akk-x-neoass",
                    "form": "GAR",
                    "cf": "šakānu",
                    "gw": "put",
                    "sense": "place",
                    "norm": "issakan",
                    "pos": "V",
                    "epos": "V"
                  }
                },
                {
                  "node": "l",
                  "frag": "NAM.BUR₂.BI]-šu₂",
                  "id": "P334472.l008d1",
                  "ref": "P334472.16.2",
                  "inst": "+namburbû[apotropaic ritual]N$namburbûšu",
                  "sig": "@saao/saa10%akk-x-neoass:NAM.BUR₂.BI-šu₂=namburbû[apotropaic ritual//apotropaic ritual]N'N$namburbûšu",
                  "f": {
                    "lang": "akk-x-neoass",
                    "form": "NAM.BUR₂.BI-šu₂",
                    "cf": "namburbû",
                    "gw": "apotropaic ritual",
                    "sense": "apotropaic ritual",
                    "norm": "namburbûšu",
                    "pos": "N",
                    "epos": "N"
                  }
                },
                {
                  "node": "d",
                  "type": "line-start",
                  "ref": "P334472.17",
                  "n": "3",
                  "label": "r 3"
                },
                {
                  "node": "l",
                  "frag": "[ne₂-ep]-pa-aš₂",
                  "id": "P334472.l008d2",
                  "ref": "P334472.17.1",
                  "inst": "+epēšu[do//perform]V'V$neppaš",
                  "sig": "@saao/saa10%akk-x-neoass:ne₂-ep-pa-aš₂=epēšu[do//perform]V'V$neppaš",
                  "f": {
                    "lang": "akk-x-neoass",
                    "form": "ne₂-ep-pa-aš₂",
                    "cf": "epēšu",
                    "gw": "do",
                    "sense": "perform",
                    "norm": "neppaš",
                    "pos": "V",
                    "epos": "V"
                  }
                },
                {
                  "node": "d",
                  "type": "line-start",
                  "ref": "P334472.18",
                  "n": "4",
                  "label": "r 4"
                },
                {
                  "node": "l",
                  "frag": "[me-me-ni",
                  "id": "P334472.l008d3",
                  "ref": "P334472.18.1",
                  "inst": "memmēni[somebody]XP",
                  "sig": "@saao/saa10%akk-x-neoass:me-me-ni=memēni[somebody//any]XP'XP$memmēni",
                  "f": {
                    "lang": "akk-x-neoass",
                    "form": "me-me-ni",
                    "cf": "memēni",
                    "gw": "somebody",
                    "sense": "any",
                    "norm": "memmēni",
                    "pos": "XP",
                    "epos": "XP"
                  }
                },
                {
                  "node": "l",
                  "frag": "lu]-⸢ši⸣-ib",
                  "id": "P334472.l008d4",
                  "ref": "P334472.18.2",
                  "inst": "+ašābu[sit (down)]V$lūšib",
                  "sig": "@saao/saa10%akk-x-neoass:lu-ši-ib=ašābu[sit (down)//sit (down)]V'V$lūšib",
                  "f": {
                    "lang": "akk-x-neoass",
                    "form": "lu-ši-ib",
                    "cf": "ašābu",
                    "gw": "sit (down)",
                    "sense": "sit (down)",
                    "norm": "lūšib",
                    "pos": "V",
                    "epos": "V"
                  }
                },
                {
                  "node": "d",
                  "type": "line-start",
                  "ref": "P334472.19",
                  "n": "5",
                  "label": "r 5"
                },
                {
                  "node": "l",
                  "frag": "[HUL-ka",
                  "id": "P334472.l008d5",
                  "ref": "P334472.19.1",
                  "inst": "+lumnu[evil]N'N$lumunka",
                  "sig": "@saao/saa10%akk-x-neoass:HUL-ka=lumnu[evil//evil]N'N$lumunka",
                  "f": {
                    "lang": "akk-x-neoass",
                    "form": "HUL-ka",
                    "cf": "lumnu",
                    "gw": "evil",
                    "sense": "evil",
                    "norm": "lumunka",
                    "pos": "N",
                    "epos": "N"
                  }
                },
                {
                  "node": "l",
                  "frag": "liš]-⸢ši⸣",
                  "id": "P334472.l008d6",
                  "ref": "P334472.19.2",
                  "inst": "lišši[take]V",
                  "sig": "@saao/saa10%akk-x-neoass:liš-ši=našû[lift//take]V'V$lišši",
                  "f": {
                    "lang": "akk-x-neoass",
                    "form": "liš-ši",
                    "cf": "našû",
                    "gw": "lift",
                    "sense": "take",
                    "norm": "lišši",
                    "pos": "V",
                    "epos": "V"
                  }
                }
              ]
            }
          ]
        }
      ]
    }
  ]
}
