{
  "type": "cdl",
  "source": "http://oracc.org/saao/saa10",
  "license": "This data is released under the CC0 license",
  "license-url": "https://creativecommons.org/publicdomain/zero/1.0/",
  "more-info": "http://oracc.org/doc/opendata/",
  "UTC-timestamp": "2017-06-10T00:48:44",
  "project": "saao/saa10",
  "textid": "P334452",
  "cdl": [
    {
      "node": "c",
      "type": "text",
      "id": "P334452.U0",
      "cdl": [
        {
          "node": "d",
          "type": "object",
          "ref": ""
        },
        {
          "node": "d",
          "subtype": "obverse",
          "type": "obverse",
          "ref": "P334452.o.1",
          "label": "o"
        },
        {
          "node": "c",
          "type": "discourse",
          "subtype": "body",
          "id": "P334452.U1",
          "cdl": [
            {
              "node": "c",
              "type": "sentence",
              "id": "P334452.U2",
              "label": "o 1 - r 13",
              "cdl": [
                {
                  "node": "d",
                  "type": "line-start",
                  "ref": "P334452.2",
                  "n": "1",
                  "label": "o 1"
                },
                {
                  "node": "l",
                  "frag": "[a]-na",
                  "id": "P334452.l05255",
                  "ref": "P334452.2.1",
                  "inst": "ana[to]PRP",
                  "sig": "@saao/saa10%akk-x-neoass:a-na=ana[to//to]PRP'PRP$ana",
                  "f": {
                    "lang": "akk-x-neoass",
                    "form": "a-na",
                    "cf": "ana",
                    "gw": "to",
                    "sense": "to",
                    "norm": "ana",
                    "pos": "PRP",
                    "epos": "PRP"
                  }
                },
                {
                  "node": "l",
                  "frag": "LUGAL",
                  "id": "P334452.l05256",
                  "ref": "P334452.2.2",
                  "inst": "šarri[king]N",
                  "sig": "@saao/saa10%akk-x-neoass:LUGAL=šarru[king//king]N'N$šarri",
                  "f": {
                    "lang": "akk-x-neoass",
                    "form": "LUGAL",
                    "cf": "šarru",
                    "gw": "king",
                    "sense": "king",
                    "norm": "šarri",
                    "pos": "N",
                    "epos": "N"
                  }
                },
                {
                  "node": "l",
                  "frag": "be-li₂-ia",
                  "id": "P334452.l05257",
                  "ref": "P334452.2.3",
                  "inst": "bēlīya[lord]N",
                  "sig": "@saao/saa10%akk-x-neoass:be-li₂-ia=bēlu[lord//lord]N'N$bēlīya",
                  "f": {
                    "lang": "akk-x-neoass",
                    "form": "be-li₂-ia",
                    "cf": "bēlu",
                    "gw": "lord",
                    "sense": "lord",
                    "norm": "bēlīya",
                    "pos": "N",
                    "epos": "N"
                  }
                },
                {
                  "node": "d",
                  "type": "line-start",
                  "ref": "P334452.3",
                  "n": "2",
                  "label": "o 2"
                },
                {
                  "node": "l",
                  "frag": "[ARAD]-ka",
                  "id": "P334452.l05258",
                  "ref": "P334452.3.1",
                  "inst": "urdaka[servant]N",
                  "sig": "@saao/saa10%akk-x-neoass:ARAD-ka=ardu[slave//servant]N'N$urdaka",
                  "f": {
                    "lang": "akk-x-neoass",
                    "form": "ARAD-ka",
                    "cf": "ardu",
                    "gw": "slave",
                    "sense": "servant",
                    "norm": "urdaka",
                    "pos": "N",
                    "epos": "N"
                  }
                },
                {
                  "node": "l",
                  "frag": "{1}{d}IM-MU-PAB",
                  "id": "P334452.l05259",
                  "ref": "P334452.3.2",
                  "inst": "Adad-šumu-uṣur[1]PN",
                  "sig": "@saao/saa10%akk-x-neoass:{1}{d}IM-MU-PAB=Adad-šumu-uṣur[1//1]PN'PN$Adad-šumu-uṣur",
                  "f": {
                    "lang": "akk-x-neoass",
                    "form": "{1}{d}IM-MU-PAB",
                    "cf": "Adad-šumu-uṣur",
                    "gw": "1",
                    "sense": "1",
                    "norm": "Adad-šumu-uṣur",
                    "pos": "PN",
                    "epos": "PN"
                  }
                },
                {
                  "node": "d",
                  "type": "line-start",
                  "ref": "P334452.4",
                  "n": "3",
                  "label": "o 3"
                },
                {
                  "node": "l",
                  "frag": "[lu]-u",
                  "id": "P334452.l0525a",
                  "ref": "P334452.4.1",
                  "inst": "lū[may]MOD",
                  "sig": "@saao/saa10%akk-x-neoass:lu-u=lū[may//may]MOD'MOD$lū",
                  "f": {
                    "lang": "akk-x-neoass",
                    "form": "lu-u",
                    "cf": "lū",
                    "gw": "may",
                    "sense": "may",
                    "norm": "lū",
                    "pos": "MOD",
                    "epos": "MOD"
                  }
                },
                {
                  "node": "l",
                  "frag": "DI-mu",
                  "id": "P334452.l0525b",
                  "ref": "P334452.4.2",
                  "inst": "šulmu[health]N",
                  "sig": "@saao/saa10%akk-x-neoass:DI-mu=šulmu[completeness//health]N'N$šulmu",
                  "f": {
                    "lang": "akk-x-neoass",
                    "form": "DI-mu",
                    "cf": "šulmu",
                    "gw": "completeness",
                    "sense": "health",
                    "norm": "šulmu",
                    "pos": "N",
                    "epos": "N"
                  }
                },
                {
                  "node": "l",
                  "frag": "a-na",
                  "id": "P334452.l0525c",
                  "ref": "P334452.4.3",
                  "inst": "ana[to]PRP",
                  "sig": "@saao/saa10%akk-x-neoass:a-na=ana[to//to]PRP'PRP$ana",
                  "f": {
                    "lang": "akk-x-neoass",
                    "form": "a-na",
                    "cf": "ana",
                    "gw": "to",
                    "sense": "to",
                    "norm": "ana",
                    "pos": "PRP",
                    "epos": "PRP"
                  }
                },
                {
                  "node": "l",
                  "frag": "LUGAL",
                  "id": "P334452.l0525d",
                  "ref": "P334452.4.4",
                  "inst": "šarri[king]N",
                  "sig": "@saao/saa10%akk-x-neoass:LUGAL=šarru[king//king]N'N$šarri",
                  "f": {
                    "lang": "akk-x-neoass",
                    "form": "LUGAL",
                    "cf": "šarru",
                    "gw": "king",
                    "sense": "king",
                    "norm": "šarri",
                    "pos": "N",
                    "epos": "N"
                  }
                },
                {
                  "node": "l",
                  "frag": "EN-ia₂",
                  "id": "P334452.l0525e",
                  "ref": "P334452.4.5",
                  "inst": "bēlīya[lord]N",
                  "sig": "@saao/saa10%akk-x-neoass:EN-ia₂=bēlu[lord//lord]N'N$bēlīya",
                  "f": {
                    "lang": "akk-x-neoass",
                    "form": "EN-ia₂",
                    "cf": "bēlu",
                    "gw": "lord",
                    "sense": "lord",
                    "norm": "bēlīya",
                    "pos": "N",
                    "epos": "N"
                  }
                },
                {
                  "node": "d",
                  "type": "line-start",
                  "ref": "P334452.5",
                  "n": "4",
                  "label": "o 4"
                },
                {
                  "node": "l",
                  "frag": "{[d]}AG",
                  "id": "P334452.l0525f",
                  "ref": "P334452.5.1",
                  "inst": "Nabu[1]DN",
                  "sig": "@saao/saa10%akk-x-neoass:{d}AG=Nabu[1//1]DN'DN$Nabu",
                  "f": {
                    "lang": "akk-x-neoass",
                    "form": "{d}AG",
                    "cf": "Nabu",
                    "gw": "1",
                    "sense": "1",
                    "norm": "Nabu",
                    "pos": "DN",
                    "epos": "DN"
                  }
                },
                {
                  "node": "l",
                  "frag": "{d}AMAR.UTU",
                  "id": "P334452.l05260",
                  "ref": "P334452.5.2",
                  "inst": "Marduk[1]DN",
                  "sig": "@saao/saa10%akk-x-neoass:{d}AMAR.UTU=Marduk[1//1]DN'DN$Marduk",
                  "f": {
                    "lang": "akk-x-neoass",
                    "form": "{d}AMAR.UTU",
                    "cf": "Marduk",
                    "gw": "1",
                    "sense": "1",
                    "norm": "Marduk",
                    "pos": "DN",
                    "epos": "DN"
                  }
                },
                {
                  "node": "l",
                  "frag": "ana",
                  "id": "P334452.l05261",
                  "ref": "P334452.5.3",
                  "inst": "ana[to]PRP",
                  "sig": "@saao/saa10%akk-x-neoass:ana=ana[to//to]PRP'PRP$ana",
                  "f": {
                    "lang": "akk-x-neoass",
                    "form": "ana",
                    "cf": "ana",
                    "gw": "to",
                    "sense": "to",
                    "norm": "ana",
                    "pos": "PRP",
                    "epos": "PRP"
                  }
                },
                {
                  "node": "l",
                  "frag": "LUGAL",
                  "id": "P334452.l05262",
                  "ref": "P334452.5.4",
                  "inst": "šarri[king]N",
                  "sig": "@saao/saa10%akk-x-neoass:LUGAL=šarru[king//king]N'N$šarri",
                  "f": {
                    "lang": "akk-x-neoass",
                    "form": "LUGAL",
                    "cf": "šarru",
                    "gw": "king",
                    "sense": "king",
                    "norm": "šarri",
                    "pos": "N",
                    "epos": "N"
                  }
                },
                {
                  "node": "l",
                  "frag": "EN-ia₂",
                  "id": "P334452.l05263",
                  "ref": "P334452.5.5",
                  "inst": "bēlīya[lord]N",
                  "sig": "@saao/saa10%akk-x-neoass:EN-ia₂=bēlu[lord//lord]N'N$bēlīya",
                  "f": {
                    "lang": "akk-x-neoass",
                    "form": "EN-ia₂",
                    "cf": "bēlu",
                    "gw": "lord",
                    "sense": "lord",
                    "norm": "bēlīya",
                    "pos": "N",
                    "epos": "N"
                  }
                },
                {
                  "node": "d",
                  "type": "line-start",
                  "ref": "P334452.6",
                  "n": "5",
                  "label": "o 5"
                },
                {
                  "node": "l",
                  "frag": "[lik]-ru-bu",
                  "id": "P334452.l05264",
                  "ref": "P334452.6.1",
                  "inst": "likrubu[bless]V",
                  "sig": "@saao/saa10%akk-x-neoass:lik-ru-bu=karābu[pray//bless]V'V$likrubu",
                  "f": {
                    "lang": "akk-x-neoass",
                    "form": "lik-ru-bu",
                    "cf": "karābu",
                    "gw": "pray",
                    "sense": "bless",
                    "norm": "likrubu",
                    "pos": "V",
                    "epos": "V"
                  }
                },
                {
                  "node": "l",
                  "frag": "ša",
                  "id": "P334452.l05265",
                  "ref": "P334452.6.2",
                  "inst": "ša[what]REL",
                  "sig": "@saao/saa10%akk-x-neoass:ša=ša[that//what]REL'REL$ša",
                  "f": {
                    "lang": "akk-x-neoass",
                    "form": "ša",
                    "cf": "ša",
                    "gw": "that",
                    "sense": "what",
                    "norm": "ša",
                    "pos": "REL",
                    "epos": "REL"
                  }
                },
                {
                  "node": "l",
                  "frag": "LUGAL",
                  "id": "P334452.l05266",
                  "ref": "P334452.6.3",
                  "inst": "šarru[king]N",
                  "sig": "@saao/saa10%akk-x-neoass:LUGAL=šarru[king//king]N'N$šarru",
                  "f": {
                    "lang": "akk-x-neoass",
                    "form": "LUGAL",
                    "cf": "šarru",
                    "gw": "king",
                    "sense": "king",
                    "norm": "šarru",
                    "pos": "N",
                    "epos": "N"
                  }
                },
                {
                  "node": "l",
                  "frag": "be-li₂",
                  "id": "P334452.l05267",
                  "ref": "P334452.6.4",
                  "inst": "bēlī[lord]N",
                  "sig": "@saao/saa10%akk-x-neoass:be-li₂=bēlu[lord//lord]N'N$bēlī",
                  "f": {
                    "lang": "akk-x-neoass",
                    "form": "be-li₂",
                    "cf": "bēlu",
                    "gw": "lord",
                    "sense": "lord",
                    "norm": "bēlī",
                    "pos": "N",
                    "epos": "N"
                  }
                },
                {
                  "node": "d",
                  "type": "line-start",
                  "ref": "P334452.7",
                  "n": "6",
                  "label": "o 6"
                },
                {
                  "node": "l",
                  "frag": "[iš]-pur-an-ni",
                  "id": "P334452.l05268",
                  "ref": "P334452.7.1",
                  "inst": "išpuranni[write]V",
                  "sig": "@saao/saa10%akk-x-neoass:iš-pur-an-ni=šapāru[send//write]V'V$išpuranni",
                  "f": {
                    "lang": "akk-x-neoass",
                    "form": "iš-pur-an-ni",
                    "cf": "šapāru",
                    "gw": "send",
                    "sense": "write",
                    "norm": "išpuranni",
                    "pos": "V",
                    "epos": "V"
                  }
                },
                {
                  "node": "l",
                  "frag": "ma",
                  "id": "P334452.l05269",
                  "ref": "P334452.7.2",
                  "inst": "mā[saying]PRP",
                  "sig": "@saao/saa10%akk-x-neoass:ma=mā[saying//saying]PRP'PRP$mā",
                  "f": {
                    "lang": "akk-x-neoass",
                    "form": "ma",
                    "cf": "mā",
                    "gw": "saying",
                    "sense": "saying",
                    "norm": "mā",
                    "pos": "PRP",
                    "epos": "PRP"
                  }
                },
                {
                  "node": "l",
                  "frag": "ṭa-ba-a",
                  "id": "P334452.l0526a",
                  "ref": "P334452.7.3",
                  "inst": "ṭābâ[good]AJ",
                  "sig": "@saao/saa10%akk-x-neoass:ṭa-ba-a=ṭābu[good//good]AJ'AJ$ṭābâ",
                  "f": {
                    "lang": "akk-x-neoass",
                    "form": "ṭa-ba-a",
                    "cf": "ṭābu",
                    "gw": "good",
                    "sense": "good",
                    "norm": "ṭābâ",
                    "pos": "AJ",
                    "epos": "AJ"
                  }
                },
                {
                  "node": "d",
                  "type": "line-start",
                  "ref": "P334452.8",
                  "n": "7",
                  "label": "o 7"
                },
                {
                  "node": "l",
                  "frag": "[ma]",
                  "id": "P334452.l0526b",
                  "ref": "P334452.8.1",
                  "inst": "mā[saying]PRP",
                  "sig": "@saao/saa10%akk-x-neoass:ma=mā[saying//saying]PRP'PRP$mā",
                  "f": {
                    "lang": "akk-x-neoass",
                    "form": "ma",
                    "cf": "mā",
                    "gw": "saying",
                    "sense": "saying",
                    "norm": "mā",
                    "pos": "PRP",
                    "epos": "PRP"
                  }
                },
                {
                  "node": "l",
                  "frag": "{1}aš-šur-GIN-BALA-MEŠ-ia",
                  "id": "P334452.l0526c",
                  "ref": "P334452.8.2",
                  "inst": "+Aššur-mukin-paleya[]PN$",
                  "sig": "@saao/saa10%akk-x-neoass:{1}aš-šur-GIN-BALA-MEŠ-ia=Aššur-mukin-paleya[1//1]PN'PN$Aššur-mukin-paleya",
                  "f": {
                    "lang": "akk-x-neoass",
                    "form": "{1}aš-šur-GIN-BALA-MEŠ-ia",
                    "cf": "Aššur-mukin-paleya",
                    "gw": "1",
                    "sense": "1",
                    "norm": "Aššur-mukin-paleya",
                    "pos": "PN",
                    "epos": "PN"
                  }
                },
                {
                  "node": "d",
                  "type": "line-start",
                  "ref": "P334452.9",
                  "n": "8",
                  "label": "o 8"
                },
                {
                  "node": "l",
                  "frag": "[a]-⸢na⸣",
                  "id": "P334452.l0526d",
                  "ref": "P334452.9.1",
                  "inst": "ana[to]PRP",
                  "sig": "@saao/saa10%akk-x-neoass:a-na=ana[to//to]PRP'PRP$ana",
                  "f": {
                    "lang": "akk-x-neoass",
                    "form": "a-na",
                    "cf": "ana",
                    "gw": "to",
                    "sense": "to",
                    "norm": "ana",
                    "pos": "PRP",
                    "epos": "PRP"
                  }
                },
                {
                  "node": "l",
                  "frag": "pa-⸢ni-ia⸣",
                  "id": "P334452.l0526e",
                  "ref": "P334452.9.2",
                  "inst": "pānīya[front]N",
                  "sig": "@saao/saa10%akk-x-neoass:pa-ni-ia=pānu[front//front]N'N$pānīya",
                  "f": {
                    "lang": "akk-x-neoass",
                    "form": "pa-ni-ia",
                    "cf": "pānu",
                    "gw": "front",
                    "sense": "front",
                    "norm": "pānīya",
                    "pos": "N",
                    "epos": "N"
                  }
                },
                {
                  "node": "l",
                  "frag": "le-li-ia",
                  "id": "P334452.l0526f",
                  "ref": "P334452.9.3",
                  "inst": "+elû[go up//come up]V'V$lēlia",
                  "sig": "@saao/saa10%akk-x-neoass:le-li-ia=elû[go up//come up]V'V$lēlia",
                  "f": {
                    "lang": "akk-x-neoass",
                    "form": "le-li-ia",
                    "cf": "elû",
                    "gw": "go up",
                    "sense": "come up",
                    "norm": "lēlia",
                    "pos": "V",
                    "epos": "V"
                  }
                },
                {
                  "node": "d",
                  "type": "line-start",
                  "ref": "P334452.10",
                  "n": "9",
                  "label": "o 9"
                },
                {
                  "node": "l",
                  "frag": "[ma",
                  "id": "P334452.l05270",
                  "ref": "P334452.10.1",
                  "inst": "mā[saying]PRP",
                  "sig": "@saao/saa10%akk-x-neoass:ma=mā[saying//saying]PRP'PRP$mā",
                  "f": {
                    "lang": "akk-x-neoass",
                    "form": "ma",
                    "cf": "mā",
                    "gw": "saying",
                    "sense": "saying",
                    "norm": "mā",
                    "pos": "PRP",
                    "epos": "PRP"
                  }
                },
                {
                  "node": "l",
                  "frag": "{1}{d]}30--NUNUZ-⸢GIN⸣-in",
                  "id": "P334452.l05271",
                  "ref": "P334452.10.2",
                  "inst": "Sin-perʾu-ukin[1]PN",
                  "sig": "@saao/saa10%akk-x-neoass:{1}{d}30-NUNUZ-GIN-in=Sin-perʾu-ukin[1//1]PN'PN$Sin-perʾu-ukin",
                  "f": {
                    "lang": "akk-x-neoass",
                    "form": "{1}{d}30-NUNUZ-GIN-in",
                    "cf": "Sin-perʾu-ukin",
                    "gw": "1",
                    "sense": "1",
                    "norm": "Sin-perʾu-ukin",
                    "pos": "PN",
                    "epos": "PN"
                  }
                },
                {
                  "node": "l",
                  "frag": "is-se-šu₂",
                  "id": "P334452.l05272",
                  "ref": "P334452.10.3",
                  "inst": "issēšu[with]PRP",
                  "sig": "@saao/saa10%akk-x-neoass:is-se-šu₂=išti[with//with]PRP'PRP$issēšu",
                  "f": {
                    "lang": "akk-x-neoass",
                    "form": "is-se-šu₂",
                    "cf": "išti",
                    "gw": "with",
                    "sense": "with",
                    "norm": "issēšu",
                    "pos": "PRP",
                    "epos": "PRP"
                  }
                },
                {
                  "node": "d",
                  "type": "line-start",
                  "ref": "P334452.11",
                  "n": "10",
                  "label": "o 10"
                },
                {
                  "node": "l",
                  "frag": "[le]-li-[a]",
                  "id": "P334452.l05273",
                  "ref": "P334452.11.1",
                  "inst": "+elû[go up//come up]V'V$lēlia",
                  "sig": "@saao/saa10%akk-x-neoass:le-li-a=elû[go up//come up]V'V$lēlia",
                  "f": {
                    "lang": "akk-x-neoass",
                    "form": "le-li-a",
                    "cf": "elû",
                    "gw": "go up",
                    "sense": "come up",
                    "norm": "lēlia",
                    "pos": "V",
                    "epos": "V"
                  }
                },
                {
                  "node": "l",
                  "frag": "šu-u₂",
                  "id": "P334452.l05274",
                  "ref": "P334452.11.2",
                  "inst": "šû[he]IP",
                  "sig": "@saao/saa10%akk-x-neoass:šu-u₂=šū[he//he]IP'IP$šû",
                  "f": {
                    "lang": "akk-x-neoass",
                    "form": "šu-u₂",
                    "cf": "šū",
                    "gw": "he",
                    "sense": "he",
                    "norm": "šû",
                    "pos": "IP",
                    "epos": "IP"
                  }
                },
                {
                  "node": "l",
                  "frag": "is-sa-he-iš",
                  "id": "P334452.l05275",
                  "ref": "P334452.11.3",
                  "inst": "issaheʾiš[together]AV",
                  "sig": "@saao/saa10%akk-x-neoass:is-sa-he-iš=issahîš[together//together]AV'AV$issaheʾiš",
                  "f": {
                    "lang": "akk-x-neoass",
                    "form": "is-sa-he-iš",
                    "cf": "issahîš",
                    "gw": "together",
                    "sense": "together",
                    "norm": "issaheʾiš",
                    "pos": "AV",
                    "epos": "AV"
                  }
                },
                {
                  "node": "d",
                  "type": "line-start",
                  "ref": "P334452.12",
                  "n": "11",
                  "label": "o 11"
                },
                {
                  "node": "l",
                  "frag": "ma",
                  "id": "P334452.l05276",
                  "ref": "P334452.12.1",
                  "inst": "mā[saying]PRP",
                  "sig": "@saao/saa10%akk-x-neoass:ma=mā[saying//saying]PRP'PRP$mā",
                  "f": {
                    "lang": "akk-x-neoass",
                    "form": "ma",
                    "cf": "mā",
                    "gw": "saying",
                    "sense": "saying",
                    "norm": "mā",
                    "pos": "PRP",
                    "epos": "PRP"
                  }
                },
                {
                  "node": "l",
                  "frag": "[li]-zi-iz-zi",
                  "id": "P334452.l05277",
                  "ref": "P334452.12.2",
                  "inst": "+izuzzu[stand]V$lizzizzi",
                  "sig": "@saao/saa10%akk-x-neoass:li-zi-iz-zi=izuzzu[stand//stand]V'V$lizzizzi",
                  "f": {
                    "lang": "akk-x-neoass",
                    "form": "li-zi-iz-zi",
                    "cf": "izuzzu",
                    "gw": "stand",
                    "sense": "stand",
                    "norm": "lizzizzi",
                    "pos": "V",
                    "epos": "V"
                  }
                },
                {
                  "node": "l",
                  "frag": "par-su",
                  "id": "P334452.l05278",
                  "ref": "P334452.12.3",
                  "inst": "+parsu[cut off//separated]AJ'AJ$",
                  "sig": "@saao/saa10%akk-x-neoass:par-su=parsu[cut off//separated]AJ'AJ$parsu",
                  "f": {
                    "lang": "akk-x-neoass",
                    "form": "par-su",
                    "cf": "parsu",
                    "gw": "cut off",
                    "sense": "separated",
                    "norm": "parsu",
                    "pos": "AJ",
                    "epos": "AJ"
                  }
                },
                {
                  "node": "d",
                  "type": "line-start",
                  "ref": "P334452.13",
                  "n": "12",
                  "label": "o 12"
                },
                {
                  "node": "l",
                  "frag": "⸢is⸣-[sa]-he-iš-ma",
                  "id": "P334452.l05279",
                  "ref": "P334452.13.1",
                  "inst": "+issahîš[together]AV$issaheʾišma",
                  "sig": "@saao/saa10%akk-x-neoass:is-sa-he-iš-ma=issahîš[together//together]AV'AV$issaheʾišma",
                  "f": {
                    "lang": "akk-x-neoass",
                    "form": "is-sa-he-iš-ma",
                    "cf": "issahîš",
                    "gw": "together",
                    "sense": "together",
                    "norm": "issaheʾišma",
                    "pos": "AV",
                    "epos": "AV"
                  }
                },
                {
                  "node": "l",
                  "frag": "le-lu-u-ni",
                  "id": "P334452.l0527a",
                  "ref": "P334452.13.2",
                  "inst": "lēlûni[come up]V",
                  "sig": "@saao/saa10%akk-x-neoass:le-lu-u-ni=elû[go up//come up]V'V$lēlûni",
                  "f": {
                    "lang": "akk-x-neoass",
                    "form": "le-lu-u-ni",
                    "cf": "elû",
                    "gw": "go up",
                    "sense": "come up",
                    "norm": "lēlûni",
                    "pos": "V",
                    "epos": "V"
                  }
                },
                {
                  "node": "d",
                  "type": "line-start",
                  "ref": "P334452.14",
                  "n": "13",
                  "label": "o 13"
                },
                {
                  "node": "l",
                  "frag": "{⸢iti}GUD⸣",
                  "id": "P334452.l0527b",
                  "ref": "P334452.14.1",
                  "inst": "+Ayaru[Iyyar]MN$",
                  "sig": "@saao/saa10%akk-x-neoass:{ITI}GUD=Ayaru[Iyyar//Iyyar]MN'MN$Ayaru",
                  "f": {
                    "lang": "akk-x-neoass",
                    "form": "{ITI}GUD",
                    "cf": "Ayaru",
                    "gw": "Iyyar",
                    "sense": "Iyyar",
                    "norm": "Ayaru",
                    "pos": "MN",
                    "epos": "MN"
                  }
                },
                {
                  "node": "l",
                  "frag": "ur-hu",
                  "id": "P334452.l0527c",
                  "ref": "P334452.14.2",
                  "inst": "urhu[month]N",
                  "sig": "@saao/saa10%akk-x-neoass:ur-hu=arhu[month//month]N'N$urhu",
                  "f": {
                    "lang": "akk-x-neoass",
                    "form": "ur-hu",
                    "cf": "arhu",
                    "gw": "month",
                    "sense": "month",
                    "norm": "urhu",
                    "pos": "N",
                    "epos": "N"
                  }
                },
                {
                  "node": "l",
                  "frag": "ṭa-a-bu",
                  "id": "P334452.l0527d",
                  "ref": "P334452.14.3",
                  "inst": "+ṭābu[good]AJ$",
                  "sig": "@saao/saa10%akk-x-neoass:ṭa-a-bu=ṭābu[good//good]AJ'AJ$ṭābu",
                  "f": {
                    "lang": "akk-x-neoass",
                    "form": "ṭa-a-bu",
                    "cf": "ṭābu",
                    "gw": "good",
                    "sense": "good",
                    "norm": "ṭābu",
                    "pos": "AJ",
                    "epos": "AJ"
                  }
                },
                {
                  "node": "l",
                  "frag": "šu-u",
                  "id": "P334452.l0527e",
                  "ref": "P334452.14.4",
                  "inst": "šû[it]IP",
                  "sig": "@saao/saa10%akk-x-neoass:šu-u=šū[he//it]IP'IP$šû",
                  "f": {
                    "lang": "akk-x-neoass",
                    "form": "šu-u",
                    "cf": "šū",
                    "gw": "he",
                    "sense": "it",
                    "norm": "šû",
                    "pos": "IP",
                    "epos": "IP"
                  }
                },
                {
                  "node": "d",
                  "type": "line-start",
                  "ref": "P334452.15",
                  "n": "14",
                  "label": "o 14"
                },
                {
                  "node": "l",
                  "frag": "UD-MEŠ-šu₂",
                  "id": "P334452.l0527f",
                  "ref": "P334452.15.1",
                  "inst": "+ūmu[day]N$ūmēšu",
                  "sig": "@saao/saa10%akk-x-neoass:UD-MEŠ-šu₂=ūmu[day//day]N'N$ūmēšu",
                  "f": {
                    "lang": "akk-x-neoass",
                    "form": "UD-MEŠ-šu₂",
                    "cf": "ūmu",
                    "gw": "day",
                    "sense": "day",
                    "norm": "ūmēšu",
                    "pos": "N",
                    "epos": "N"
                  }
                },
                {
                  "node": "l",
                  "frag": "DUG₃.GA-MEŠ",
                  "id": "P334452.l05280",
                  "ref": "P334452.15.2",
                  "inst": "ṭābūti[good]AJ",
                  "sig": "@saao/saa10%akk-x-neoass:DUG₃.GA-MEŠ=ṭābu[good//good]AJ'AJ$ṭābūti",
                  "f": {
                    "lang": "akk-x-neoass",
                    "form": "DUG₃.GA-MEŠ",
                    "cf": "ṭābu",
                    "gw": "good",
                    "sense": "good",
                    "norm": "ṭābūti",
                    "pos": "AJ",
                    "epos": "AJ"
                  }
                },
                {
                  "node": "l",
                  "frag": "ma-aʾ-da",
                  "id": "P334452.l05281",
                  "ref": "P334452.15.3",
                  "inst": "maʾda[many]AJ",
                  "sig": "@saao/saa10%akk-x-neoass:ma-aʾ-da=mādu[many//many]AJ'AJ$maʾda",
                  "f": {
                    "lang": "akk-x-neoass",
                    "form": "ma-aʾ-da",
                    "cf": "mādu",
                    "gw": "many",
                    "sense": "many",
                    "norm": "maʾda",
                    "pos": "AJ",
                    "epos": "AJ"
                  }
                },
                {
                  "node": "d",
                  "type": "line-start",
                  "ref": "P334452.16",
                  "n": "15",
                  "label": "o 15"
                },
                {
                  "node": "l",
                  "frag": "GIR₃.2",
                  "id": "P334452.l05282",
                  "ref": "P334452.16.1",
                  "inst": "+šēpu[foot]N$šēp",
                  "sig": "@saao/saa10%akk-x-neoass:GIR₃.2=šēpu[foot//foot]N'N$šēp",
                  "f": {
                    "lang": "akk-x-neoass",
                    "form": "GIR₃.2",
                    "cf": "šēpu",
                    "gw": "foot",
                    "sense": "foot",
                    "norm": "šēp",
                    "pos": "N",
                    "epos": "N"
                  }
                },
                {
                  "node": "l",
                  "frag": "DINGIR",
                  "id": "P334452.l05283",
                  "ref": "P334452.16.2",
                  "inst": "ili[god]N",
                  "sig": "@saao/saa10%akk-x-neoass:DINGIR=ilu[god//god]N'N$ili",
                  "f": {
                    "lang": "akk-x-neoass",
                    "form": "DINGIR",
                    "cf": "ilu",
                    "gw": "god",
                    "sense": "god",
                    "norm": "ili",
                    "pos": "N",
                    "epos": "N"
                  }
                },
                {
                  "node": "l",
                  "frag": "ta-at-tu-ah",
                  "id": "P334452.l05284",
                  "ref": "P334452.16.3",
                  "inst": "+nâhu[rest]V$tattūah",
                  "sig": "@saao/saa10%akk-x-neoass:ta-at-tu-ah=nâhu[rest//rest]V'V$tattūah",
                  "f": {
                    "lang": "akk-x-neoass",
                    "form": "ta-at-tu-ah",
                    "cf": "nâhu",
                    "gw": "rest",
                    "sense": "rest",
                    "norm": "tattūah",
                    "pos": "V",
                    "epos": "V"
                  }
                },
                {
                  "node": "d",
                  "type": "line-start",
                  "ref": "P334452.17",
                  "n": "16",
                  "label": "o 16"
                },
                {
                  "node": "l",
                  "frag": "ṭa-a-ba",
                  "id": "P334452.l05285",
                  "ref": "P334452.17.1",
                  "inst": "ṭāba[good]AJ",
                  "sig": "@saao/saa10%akk-x-neoass:ṭa-a-ba=ṭābu[good//good]AJ'AJ$ṭāba",
                  "f": {
                    "lang": "akk-x-neoass",
                    "form": "ṭa-a-ba",
                    "cf": "ṭābu",
                    "gw": "good",
                    "sense": "good",
                    "norm": "ṭāba",
                    "pos": "AJ",
                    "epos": "AJ"
                  }
                },
                {
                  "node": "l",
                  "frag": "a-dan-niš",
                  "id": "P334452.l05286",
                  "ref": "P334452.17.2",
                  "inst": "adanniš[very much]AV",
                  "sig": "@saao/saa10%akk-x-neoass:a-dan-niš=adanniš[very much//very much]AV'AV$adanniš",
                  "f": {
                    "lang": "akk-x-neoass",
                    "form": "a-dan-niš",
                    "cf": "adanniš",
                    "gw": "very much",
                    "sense": "very much",
                    "norm": "adanniš",
                    "pos": "AV",
                    "epos": "AV"
                  }
                },
                {
                  "node": "l",
                  "frag": "ana",
                  "id": "P334452.l05287",
                  "ref": "P334452.17.3",
                  "inst": "ana[to]PRP",
                  "sig": "@saao/saa10%akk-x-neoass:ana=ana[to//to]PRP'PRP$ana",
                  "f": {
                    "lang": "akk-x-neoass",
                    "form": "ana",
                    "cf": "ana",
                    "gw": "to",
                    "sense": "to",
                    "norm": "ana",
                    "pos": "PRP",
                    "epos": "PRP"
                  }
                },
                {
                  "node": "l",
                  "frag": "e-le-e",
                  "id": "P334452.l05288",
                  "ref": "P334452.17.4",
                  "inst": "+elû[go up//going up]V'N$elê",
                  "sig": "@saao/saa10%akk-x-neoass:e-le-e=elû[go up//going up]V'N$elê",
                  "f": {
                    "lang": "akk-x-neoass",
                    "form": "e-le-e",
                    "cf": "elû",
                    "gw": "go up",
                    "sense": "going up",
                    "norm": "elê",
                    "pos": "V",
                    "epos": "N"
                  }
                },
                {
                  "node": "d",
                  "type": "line-start",
                  "ref": "P334452.18",
                  "n": "17",
                  "label": "o 17"
                },
                {
                  "node": "l",
                  "frag": "ina",
                  "id": "P334452.l05289",
                  "ref": "P334452.18.1",
                  "inst": "ina[in]PRP",
                  "sig": "@saao/saa10%akk-x-neoass:ina=ina[in//from]PRP'PRP$ina",
                  "f": {
                    "lang": "akk-x-neoass",
                    "form": "ina",
                    "cf": "ina",
                    "gw": "in",
                    "sense": "from",
                    "norm": "ina",
                    "pos": "PRP",
                    "epos": "PRP"
                  }
                },
                {
                  "node": "l",
                  "frag": "pa-an",
                  "id": "P334452.l0528a",
                  "ref": "P334452.18.2",
                  "inst": "pān[front]N",
                  "sig": "@saao/saa10%akk-x-neoass:pa-an=pānu[front//front]N'N$pān",
                  "f": {
                    "lang": "akk-x-neoass",
                    "form": "pa-an",
                    "cf": "pānu",
                    "gw": "front",
                    "sense": "front",
                    "norm": "pān",
                    "pos": "N",
                    "epos": "N"
                  }
                },
                {
                  "node": "l",
                  "frag": "LUGAL",
                  "id": "P334452.l0528b",
                  "ref": "P334452.18.3",
                  "inst": "šarri[king]N",
                  "sig": "@saao/saa10%akk-x-neoass:LUGAL=šarru[king//king]N'N$šarri",
                  "f": {
                    "lang": "akk-x-neoass",
                    "form": "LUGAL",
                    "cf": "šarru",
                    "gw": "king",
                    "sense": "king",
                    "norm": "šarri",
                    "pos": "N",
                    "epos": "N"
                  }
                },
                {
                  "node": "l",
                  "frag": "be-li₂-ia",
                  "id": "P334452.l0528c",
                  "ref": "P334452.18.4",
                  "inst": "bēlīya[lord]N",
                  "sig": "@saao/saa10%akk-x-neoass:be-li₂-ia=bēlu[lord//lord]N'N$bēlīya",
                  "f": {
                    "lang": "akk-x-neoass",
                    "form": "be-li₂-ia",
                    "cf": "bēlu",
                    "gw": "lord",
                    "sense": "lord",
                    "norm": "bēlīya",
                    "pos": "N",
                    "epos": "N"
                  }
                },
                {
                  "node": "d",
                  "subtype": "bottom",
                  "type": "bottom",
                  "ref": "P334452.b.e..19",
                  "label": "b.e."
                },
                {
                  "node": "d",
                  "type": "line-start",
                  "ref": "P334452.20",
                  "n": "18",
                  "label": "b.e. 18"
                },
                {
                  "node": "l",
                  "frag": "LUGAL",
                  "id": "P334452.l0528d",
                  "ref": "P334452.20.1",
                  "inst": "šarru[king]N",
                  "sig": "@saao/saa10%akk-x-neoass:LUGAL=šarru[king//king]N'N$šarru",
                  "f": {
                    "lang": "akk-x-neoass",
                    "form": "LUGAL",
                    "cf": "šarru",
                    "gw": "king",
                    "sense": "king",
                    "norm": "šarru",
                    "pos": "N",
                    "epos": "N"
                  }
                },
                {
                  "node": "l",
                  "frag": "be-li₂",
                  "id": "P334452.l0528e",
                  "ref": "P334452.20.2",
                  "inst": "bēlī[lord]N",
                  "sig": "@saao/saa10%akk-x-neoass:be-li₂=bēlu[lord//lord]N'N$bēlī",
                  "f": {
                    "lang": "akk-x-neoass",
                    "form": "be-li₂",
                    "cf": "bēlu",
                    "gw": "lord",
                    "sense": "lord",
                    "norm": "bēlī",
                    "pos": "N",
                    "epos": "N"
                  }
                },
                {
                  "node": "l",
                  "frag": "am-ru",
                  "id": "P334452.l0528f",
                  "ref": "P334452.20.3",
                  "inst": "+amru[seen//chosen]AJ'AJ$",
                  "sig": "@saao/saa10%akk-x-neoass:am-ru=amru[seen//chosen]AJ'AJ$amru",
                  "f": {
                    "lang": "akk-x-neoass",
                    "form": "am-ru",
                    "cf": "amru",
                    "gw": "seen",
                    "sense": "chosen",
                    "norm": "amru",
                    "pos": "AJ",
                    "epos": "AJ"
                  }
                },
                {
                  "node": "d",
                  "type": "line-start",
                  "ref": "P334452.21",
                  "n": "19",
                  "label": "b.e. 19"
                },
                {
                  "node": "l",
                  "frag": "ša",
                  "id": "P334452.l05290",
                  "ref": "P334452.21.1",
                  "inst": "ša[of]DET",
                  "sig": "@saao/saa10%akk-x-neoass:ša=ša[of//of]DET'DET$ša",
                  "f": {
                    "lang": "akk-x-neoass",
                    "form": "ša",
                    "cf": "ša",
                    "gw": "of",
                    "sense": "of",
                    "norm": "ša",
                    "pos": "DET",
                    "epos": "DET"
                  }
                },
                {
                  "node": "l",
                  "frag": "DINGIR-MEŠ",
                  "id": "P334452.l05291",
                  "ref": "P334452.21.2",
                  "inst": "ilāni[god]N",
                  "sig": "@saao/saa10%akk-x-neoass:DINGIR-MEŠ=ilu[god//god]N'N$ilāni",
                  "f": {
                    "lang": "akk-x-neoass",
                    "form": "DINGIR-MEŠ",
                    "cf": "ilu",
                    "gw": "god",
                    "sense": "god",
                    "norm": "ilāni",
                    "pos": "N",
                    "epos": "N"
                  }
                },
                {
                  "node": "l",
                  "frag": "GAL-MEŠ",
                  "id": "P334452.l05292",
                  "ref": "P334452.21.3",
                  "inst": "rabiūti[great]AJ",
                  "sig": "@saao/saa10%akk-x-neoass:GAL-MEŠ=rabû[big//great]AJ'AJ$rabiūti",
                  "f": {
                    "lang": "akk-x-neoass",
                    "form": "GAL-MEŠ",
                    "cf": "rabû",
                    "gw": "big",
                    "sense": "great",
                    "norm": "rabiūti",
                    "pos": "AJ",
                    "epos": "AJ"
                  }
                },
                {
                  "node": "l",
                  "frag": "šu-u",
                  "id": "P334452.l05293",
                  "ref": "P334452.21.4",
                  "inst": "šû[he]IP",
                  "sig": "@saao/saa10%akk-x-neoass:šu-u=šū[he//he]IP'IP$šû",
                  "f": {
                    "lang": "akk-x-neoass",
                    "form": "šu-u",
                    "cf": "šū",
                    "gw": "he",
                    "sense": "he",
                    "norm": "šû",
                    "pos": "IP",
                    "epos": "IP"
                  }
                },
                {
                  "node": "d",
                  "type": "line-start",
                  "ref": "P334452.22",
                  "n": "20",
                  "label": "b.e. 20"
                },
                {
                  "node": "l",
                  "frag": "GIŠ.MI",
                  "id": "P334452.l05294",
                  "ref": "P334452.22.1",
                  "inst": "+ṣillu[shade//shadow]N'N$",
                  "sig": "@saao/saa10%akk-x-neoass:GIŠ.MI=ṣillu[shade//shadow]N'N$ṣillu",
                  "f": {
                    "lang": "akk-x-neoass",
                    "form": "GIŠ.MI",
                    "cf": "ṣillu",
                    "gw": "shade",
                    "sense": "shadow",
                    "norm": "ṣillu",
                    "pos": "N",
                    "epos": "N"
                  }
                },
                {
                  "node": "l",
                  "frag": "ša₂",
                  "id": "P334452.l05295",
                  "ref": "P334452.22.2",
                  "inst": "ša[of]DET",
                  "sig": "@saao/saa10%akk-x-neoass:ša₂=ša[of//of]DET'DET$ša",
                  "f": {
                    "lang": "akk-x-neoass",
                    "form": "ša₂",
                    "cf": "ša",
                    "gw": "of",
                    "sense": "of",
                    "norm": "ša",
                    "pos": "DET",
                    "epos": "DET"
                  }
                },
                {
                  "node": "l",
                  "frag": "LUGAL",
                  "id": "P334452.l05296",
                  "ref": "P334452.22.3",
                  "inst": "šarri[king]N",
                  "sig": "@saao/saa10%akk-x-neoass:LUGAL=šarru[king//king]N'N$šarri",
                  "f": {
                    "lang": "akk-x-neoass",
                    "form": "LUGAL",
                    "cf": "šarru",
                    "gw": "king",
                    "sense": "king",
                    "norm": "šarri",
                    "pos": "N",
                    "epos": "N"
                  }
                },
                {
                  "node": "l",
                  "frag": "EN-ia₂",
                  "id": "P334452.l05297",
                  "ref": "P334452.22.4",
                  "inst": "bēlīya[lord]N",
                  "sig": "@saao/saa10%akk-x-neoass:EN-ia₂=bēlu[lord//lord]N'N$bēlīya",
                  "f": {
                    "lang": "akk-x-neoass",
                    "form": "EN-ia₂",
                    "cf": "bēlu",
                    "gw": "lord",
                    "sense": "lord",
                    "norm": "bēlīya",
                    "pos": "N",
                    "epos": "N"
                  }
                },
                {
                  "node": "d",
                  "subtype": "reverse",
                  "type": "reverse",
                  "ref": "P334452.r.23",
                  "label": "r"
                },
                {
                  "node": "d",
                  "type": "line-start",
                  "ref": "P334452.24",
                  "n": "1",
                  "label": "r 1"
                },
                {
                  "node": "l",
                  "frag": "ina",
                  "id": "P334452.l05298",
                  "ref": "P334452.24.1",
                  "inst": "ina[in]PRP",
                  "sig": "@saao/saa10%akk-x-neoass:ina=ina[in//from]PRP'PRP$ina",
                  "f": {
                    "lang": "akk-x-neoass",
                    "form": "ina",
                    "cf": "ina",
                    "gw": "in",
                    "sense": "from",
                    "norm": "ina",
                    "pos": "PRP",
                    "epos": "PRP"
                  }
                },
                {
                  "node": "l",
                  "frag": "UGU",
                  "id": "P334452.l05299",
                  "ref": "P334452.24.2",
                  "inst": "muhhi[skull]N",
                  "sig": "@saao/saa10%akk-x-neoass:UGU=muhhu[skull//skull]N'N$muhhi",
                  "f": {
                    "lang": "akk-x-neoass",
                    "form": "UGU",
                    "cf": "muhhu",
                    "gw": "skull",
                    "sense": "skull",
                    "norm": "muhhi",
                    "pos": "N",
                    "epos": "N"
                  }
                },
                {
                  "node": "l",
                  "frag": "gab-bi",
                  "id": "P334452.l0529a",
                  "ref": "P334452.24.3",
                  "inst": "+gabbu[totality//everything]N'XP$gabbi",
                  "sig": "@saao/saa10%akk-x-neoass:gab-bi=gabbu[totality//everything]N'XP$gabbi",
                  "f": {
                    "lang": "akk-x-neoass",
                    "form": "gab-bi",
                    "cf": "gabbu",
                    "gw": "totality",
                    "sense": "everything",
                    "norm": "gabbi",
                    "pos": "N",
                    "epos": "XP"
                  }
                },
                {
                  "node": "l",
                  "frag": "de-iq",
                  "id": "P334452.l0529b",
                  "ref": "P334452.24.4",
                  "inst": "+damqu[good]AJ$deʾiq",
                  "sig": "@saao/saa10%akk-x-neoass:de-iq=damqu[good//good]AJ'AJ$deʾiq",
                  "f": {
                    "lang": "akk-x-neoass",
                    "form": "de-iq",
                    "cf": "damqu",
                    "gw": "good",
                    "sense": "good",
                    "norm": "deʾiq",
                    "pos": "AJ",
                    "epos": "AJ"
                  }
                },
                {
                  "node": "d",
                  "type": "line-start",
                  "ref": "P334452.25",
                  "n": "2",
                  "label": "r 2"
                },
                {
                  "node": "l",
                  "frag": "šu-nu",
                  "id": "P334452.l0529c",
                  "ref": "P334452.25.1",
                  "inst": "šunu[they]IP",
                  "sig": "@saao/saa10%akk-x-neoass:šu-nu=šunu[they//they]IP'IP$šunu",
                  "f": {
                    "lang": "akk-x-neoass",
                    "form": "šu-nu",
                    "cf": "šunu",
                    "gw": "they",
                    "sense": "they",
                    "norm": "šunu",
                    "pos": "IP",
                    "epos": "IP"
                  }
                },
                {
                  "node": "l",
                  "frag": "le-e-lu-u-ni",
                  "id": "P334452.l0529d",
                  "ref": "P334452.25.2",
                  "inst": "+elû[go up//come up]V'V$lēlûni",
                  "sig": "@saao/saa10%akk-x-neoass:le-e-lu-u-ni=elû[go up//come up]V'V$lēlûni",
                  "f": {
                    "lang": "akk-x-neoass",
                    "form": "le-e-lu-u-ni",
                    "cf": "elû",
                    "gw": "go up",
                    "sense": "come up",
                    "norm": "lēlûni",
                    "pos": "V",
                    "epos": "V"
                  }
                },
                {
                  "node": "d",
                  "type": "line-start",
                  "ref": "P334452.26",
                  "n": "3",
                  "label": "r 3"
                },
                {
                  "node": "l",
                  "frag": "ina",
                  "id": "P334452.l0529e",
                  "ref": "P334452.26.1",
                  "inst": "ina[in]PRP",
                  "sig": "@saao/saa10%akk-x-neoass:ina=ina[in//from]PRP'PRP$ina",
                  "f": {
                    "lang": "akk-x-neoass",
                    "form": "ina",
                    "cf": "ina",
                    "gw": "in",
                    "sense": "from",
                    "norm": "ina",
                    "pos": "PRP",
                    "epos": "PRP"
                  }
                },
                {
                  "node": "l",
                  "frag": "GIŠ.MI",
                  "id": "P334452.l0529f",
                  "ref": "P334452.26.2",
                  "inst": "+ṣillu[shade//shadow]N'N$ṣilli",
                  "sig": "@saao/saa10%akk-x-neoass:GIŠ.MI=ṣillu[shade//shadow]N'N$ṣilli",
                  "f": {
                    "lang": "akk-x-neoass",
                    "form": "GIŠ.MI",
                    "cf": "ṣillu",
                    "gw": "shade",
                    "sense": "shadow",
                    "norm": "ṣilli",
                    "pos": "N",
                    "epos": "N"
                  }
                },
                {
                  "node": "l",
                  "frag": "DUG₃.GA",
                  "id": "P334452.l052a0",
                  "ref": "P334452.26.3",
                  "inst": "+ṭābu[good]AJ$ṭābu",
                  "sig": "@saao/saa10%akk-x-neoass:DUG₃.GA=ṭābu[good//good]AJ'AJ$ṭābu",
                  "f": {
                    "lang": "akk-x-neoass",
                    "form": "DUG₃.GA",
                    "cf": "ṭābu",
                    "gw": "good",
                    "sense": "good",
                    "norm": "ṭābu",
                    "pos": "AJ",
                    "epos": "AJ"
                  }
                },
                {
                  "node": "l",
                  "frag": "da-an-qi",
                  "id": "P334452.l052a1",
                  "ref": "P334452.26.4",
                  "inst": "+damqu[good]AJ$danqi",
                  "sig": "@saao/saa10%akk-x-neoass:da-an-qi=damqu[good//good]AJ'AJ$danqi",
                  "f": {
                    "lang": "akk-x-neoass",
                    "form": "da-an-qi",
                    "cf": "damqu",
                    "gw": "good",
                    "sense": "good",
                    "norm": "danqi",
                    "pos": "AJ",
                    "epos": "AJ"
                  }
                },
                {
                  "node": "d",
                  "type": "line-start",
                  "ref": "P334452.27",
                  "n": "4",
                  "label": "r 4"
                },
                {
                  "node": "l",
                  "frag": "ša",
                  "id": "P334452.l052a2",
                  "ref": "P334452.27.1",
                  "inst": "ša[of]DET",
                  "sig": "@saao/saa10%akk-x-neoass:ša=ša[of//of]DET'DET$ša",
                  "f": {
                    "lang": "akk-x-neoass",
                    "form": "ša",
                    "cf": "ša",
                    "gw": "of",
                    "sense": "of",
                    "norm": "ša",
                    "pos": "DET",
                    "epos": "DET"
                  }
                },
                {
                  "node": "l",
                  "frag": "LUGAL",
                  "id": "P334452.l052a3",
                  "ref": "P334452.27.2",
                  "inst": "šarri[king]N",
                  "sig": "@saao/saa10%akk-x-neoass:LUGAL=šarru[king//king]N'N$šarri",
                  "f": {
                    "lang": "akk-x-neoass",
                    "form": "LUGAL",
                    "cf": "šarru",
                    "gw": "king",
                    "sense": "king",
                    "norm": "šarri",
                    "pos": "N",
                    "epos": "N"
                  }
                },
                {
                  "node": "l",
                  "frag": "EN-ia₂",
                  "id": "P334452.l052a4",
                  "ref": "P334452.27.3",
                  "inst": "bēlīya[lord]N",
                  "sig": "@saao/saa10%akk-x-neoass:EN-ia₂=bēlu[lord//lord]N'N$bēlīya",
                  "f": {
                    "lang": "akk-x-neoass",
                    "form": "EN-ia₂",
                    "cf": "bēlu",
                    "gw": "lord",
                    "sense": "lord",
                    "norm": "bēlīya",
                    "pos": "N",
                    "epos": "N"
                  }
                },
                {
                  "node": "l",
                  "frag": "li-du-lu",
                  "id": "P334452.l052a5",
                  "ref": "P334452.27.4",
                  "inst": "lidūlu[run about]V",
                  "sig": "@saao/saa10%akk-x-neoass:li-du-lu=dâlu[move//run about]V'V$lidūlu",
                  "f": {
                    "lang": "akk-x-neoass",
                    "form": "li-du-lu",
                    "cf": "dâlu",
                    "gw": "move",
                    "sense": "run about",
                    "norm": "lidūlu",
                    "pos": "V",
                    "epos": "V"
                  }
                },
                {
                  "node": "d",
                  "type": "line-start",
                  "ref": "P334452.28",
                  "n": "5",
                  "label": "r 5"
                },
                {
                  "node": "l",
                  "frag": "ne₂-me-el-šu₂-nu",
                  "id": "P334452.l052a6",
                  "ref": "P334452.28.1",
                  "inst": "+nēmelu[profit]N$nēmelšunu",
                  "sig": "@saao/saa10%akk-x-neoass:ne₂-me-el-šu₂-nu=nēmelu[profit//profit]N'N$nēmelšunu",
                  "f": {
                    "lang": "akk-x-neoass",
                    "form": "ne₂-me-el-šu₂-nu",
                    "cf": "nēmelu",
                    "gw": "profit",
                    "sense": "profit",
                    "norm": "nēmelšunu",
                    "pos": "N",
                    "epos": "N"
                  }
                },
                {
                  "node": "l",
                  "frag": "LUGAL",
                  "id": "P334452.l052a7",
                  "ref": "P334452.28.2",
                  "inst": "šarru[king]N",
                  "sig": "@saao/saa10%akk-x-neoass:LUGAL=šarru[king//king]N'N$šarru",
                  "f": {
                    "lang": "akk-x-neoass",
                    "form": "LUGAL",
                    "cf": "šarru",
                    "gw": "king",
                    "sense": "king",
                    "norm": "šarru",
                    "pos": "N",
                    "epos": "N"
                  }
                },
                {
                  "node": "l",
                  "frag": "be-li₂",
                  "id": "P334452.l052a8",
                  "ref": "P334452.28.3",
                  "inst": "bēlī[lord]N",
                  "sig": "@saao/saa10%akk-x-neoass:be-li₂=bēlu[lord//lord]N'N$bēlī",
                  "f": {
                    "lang": "akk-x-neoass",
                    "form": "be-li₂",
                    "cf": "bēlu",
                    "gw": "lord",
                    "sense": "lord",
                    "norm": "bēlī",
                    "pos": "N",
                    "epos": "N"
                  }
                },
                {
                  "node": "d",
                  "type": "line-start",
                  "ref": "P334452.29",
                  "n": "6",
                  "label": "r 6"
                },
                {
                  "node": "l",
                  "frag": "le-e-mur",
                  "id": "P334452.l052a9",
                  "ref": "P334452.29.1",
                  "inst": "lēmur[see]V",
                  "sig": "@saao/saa10%akk-x-neoass:le-e-mur=amāru[see//see]V'V$lēmur",
                  "f": {
                    "lang": "akk-x-neoass",
                    "form": "le-e-mur",
                    "cf": "amāru",
                    "gw": "see",
                    "sense": "see",
                    "norm": "lēmur",
                    "pos": "V",
                    "epos": "V"
                  }
                },
                {
                  "node": "c",
                  "type": "phrase",
                  "tag": "phr",
                  "id": "P334452.U4",
                  "ref": "P334452.ls00000",
                  "cdl": [
                    {
                      "node": "l",
                      "frag": "DUMU-DUMU-MEŠ-šu₂-nu",
                      "id": "P334452.l052aa",
                      "ref": "P334452.29.2",
                      "cof-tails": "P334452.l052ab",
                      "inst": "+māru[son]N$mār&+māru[son]N$marʾēšunu",
                      "sig": "@saao/saa10%akk-x-neoass:DUMU-DUMU-MEŠ-šu₂-nu=māru[son//son]N'N$mār&&@saao/saa10%akk-x-neoass:DUMU-DUMU-MEŠ-šu₂-nu=māru[son//son]N'N$marʾēšunu",
                      "f": {
                        "lang": "akk-x-neoass",
                        "form": "DUMU-DUMU-MEŠ-šu₂-nu",
                        "cf": "māru",
                        "gw": "son",
                        "sense": "son",
                        "norm": "mār",
                        "pos": "N",
                        "epos": "N"
                      }
                    },
                    {
                      "node": "l",
                      "frag": "DUMU-DUMU-MEŠ-šu₂-nu",
                      "id": "P334452.l052ab",
                      "ref": "P334452.29.2",
                      "cof-head": "P334452.l052aa",
                      "inst": "+māru[son]N$mār&+māru[son]N$marʾēšunu",
                      "f": {
                        "lang": "akk-x-neoass",
                        "form": "DUMU-DUMU-MEŠ-šu₂-nu",
                        "cf": "māru",
                        "gw": "son",
                        "sense": "son",
                        "norm": "marʾēšunu",
                        "pos": "N",
                        "epos": "N"
                      }
                    }
                  ]
                },
                {
                  "node": "d",
                  "type": "line-start",
                  "ref": "P334452.30",
                  "n": "7",
                  "label": "r 7"
                },
                {
                  "node": "l",
                  "frag": "ki-i",
                  "id": "P334452.l052ac",
                  "ref": "P334452.30.1",
                  "inst": "kî[like]PRP",
                  "sig": "@saao/saa10%akk-x-neoass:ki-i=kī[like//just as]PRP'PRP$kî",
                  "f": {
                    "lang": "akk-x-neoass",
                    "form": "ki-i",
                    "cf": "kī",
                    "gw": "like",
                    "sense": "just as",
                    "norm": "kî",
                    "pos": "PRP",
                    "epos": "PRP"
                  }
                },
                {
                  "node": "l",
                  "frag": "an-ni-im-ma",
                  "id": "P334452.l052ad",
                  "ref": "P334452.30.2",
                  "inst": "annimma[this]DP",
                  "sig": "@saao/saa10%akk-x-neoass:an-ni-im-ma=annû[this//this]DP'DP$annimma",
                  "f": {
                    "lang": "akk-x-neoass",
                    "form": "an-ni-im-ma",
                    "cf": "annû",
                    "gw": "this",
                    "sense": "this",
                    "norm": "annimma",
                    "pos": "DP",
                    "epos": "DP"
                  }
                },
                {
                  "node": "l",
                  "frag": "ina",
                  "id": "P334452.l052ae",
                  "ref": "P334452.30.3",
                  "inst": "ina[in]PRP",
                  "sig": "@saao/saa10%akk-x-neoass:ina=ina[in//from]PRP'PRP$ina",
                  "f": {
                    "lang": "akk-x-neoass",
                    "form": "ina",
                    "cf": "ina",
                    "gw": "in",
                    "sense": "from",
                    "norm": "ina",
                    "pos": "PRP",
                    "epos": "PRP"
                  }
                },
                {
                  "node": "l",
                  "frag": "pa-an",
                  "id": "P334452.l052af",
                  "ref": "P334452.30.4",
                  "inst": "pān[front]N",
                  "sig": "@saao/saa10%akk-x-neoass:pa-an=pānu[front//front]N'N$pān",
                  "f": {
                    "lang": "akk-x-neoass",
                    "form": "pa-an",
                    "cf": "pānu",
                    "gw": "front",
                    "sense": "front",
                    "norm": "pān",
                    "pos": "N",
                    "epos": "N"
                  }
                },
                {
                  "node": "d",
                  "type": "line-start",
                  "ref": "P334452.31",
                  "n": "8",
                  "label": "r 8"
                },
                {
                  "node": "l",
                  "frag": "LUGAL",
                  "id": "P334452.l052b0",
                  "ref": "P334452.31.1",
                  "inst": "šarri[king]N",
                  "sig": "@saao/saa10%akk-x-neoass:LUGAL=šarru[king//king]N'N$šarri",
                  "f": {
                    "lang": "akk-x-neoass",
                    "form": "LUGAL",
                    "cf": "šarru",
                    "gw": "king",
                    "sense": "king",
                    "norm": "šarri",
                    "pos": "N",
                    "epos": "N"
                  }
                },
                {
                  "node": "l",
                  "frag": "be-li₂-ia",
                  "id": "P334452.l052b1",
                  "ref": "P334452.31.2",
                  "inst": "bēlīya[lord]N",
                  "sig": "@saao/saa10%akk-x-neoass:be-li₂-ia=bēlu[lord//lord]N'N$bēlīya",
                  "f": {
                    "lang": "akk-x-neoass",
                    "form": "be-li₂-ia",
                    "cf": "bēlu",
                    "gw": "lord",
                    "sense": "lord",
                    "norm": "bēlīya",
                    "pos": "N",
                    "epos": "N"
                  }
                },
                {
                  "node": "l",
                  "frag": "li-du-lu",
                  "id": "P334452.l052b2",
                  "ref": "P334452.31.3",
                  "inst": "lidūlu[run about]V",
                  "sig": "@saao/saa10%akk-x-neoass:li-du-lu=dâlu[move//run about]V'V$lidūlu",
                  "f": {
                    "lang": "akk-x-neoass",
                    "form": "li-du-lu",
                    "cf": "dâlu",
                    "gw": "move",
                    "sense": "run about",
                    "norm": "lidūlu",
                    "pos": "V",
                    "epos": "V"
                  }
                },
                {
                  "node": "d",
                  "type": "line-start",
                  "ref": "P334452.32",
                  "n": "9",
                  "label": "r 9"
                },
                {
                  "node": "l",
                  "frag": "⸢ša⸣",
                  "id": "P334452.l052b3",
                  "ref": "P334452.32.1",
                  "inst": "ša[what]REL",
                  "sig": "@saao/saa10%akk-x-neoass:ša=ša[that//what]REL'REL$ša",
                  "f": {
                    "lang": "akk-x-neoass",
                    "form": "ša",
                    "cf": "ša",
                    "gw": "that",
                    "sense": "what",
                    "norm": "ša",
                    "pos": "REL",
                    "epos": "REL"
                  }
                },
                {
                  "node": "l",
                  "frag": "qa-bu-u-ni",
                  "id": "P334452.l052b4",
                  "ref": "P334452.32.2",
                  "inst": "qabûni[said]AJ",
                  "sig": "@saao/saa10%akk-x-neoass:qa-bu-u-ni=qabû[said//said]AJ'AJ$qabûni",
                  "f": {
                    "lang": "akk-x-neoass",
                    "form": "qa-bu-u-ni",
                    "cf": "qabû",
                    "gw": "said",
                    "sense": "said",
                    "norm": "qabûni",
                    "pos": "AJ",
                    "epos": "AJ"
                  }
                },
                {
                  "node": "l",
                  "frag": "am-me-u₂",
                  "id": "P334452.l052b5",
                  "ref": "P334452.32.3",
                  "inst": "ammeu[that]DP",
                  "sig": "@saao/saa10%akk-x-neoass:am-me-u₂=ammiu[that//that]DP'DP$ammeu",
                  "f": {
                    "lang": "akk-x-neoass",
                    "form": "am-me-u₂",
                    "cf": "ammiu",
                    "gw": "that",
                    "sense": "that",
                    "norm": "ammeu",
                    "pos": "DP",
                    "epos": "DP"
                  }
                },
                {
                  "node": "d",
                  "type": "line-start",
                  "ref": "P334452.33",
                  "n": "10",
                  "label": "r 10"
                },
                {
                  "node": "l",
                  "frag": "⸢ma⸣-a",
                  "id": "P334452.l052b6",
                  "ref": "P334452.33.1",
                  "inst": "mā[saying]PRP",
                  "sig": "@saao/saa10%akk-x-neoass:ma-a=mā[saying//saying]PRP'PRP$mā",
                  "f": {
                    "lang": "akk-x-neoass",
                    "form": "ma-a",
                    "cf": "mā",
                    "gw": "saying",
                    "sense": "saying",
                    "norm": "mā",
                    "pos": "PRP",
                    "epos": "PRP"
                  }
                },
                {
                  "node": "l",
                  "frag": "GIŠ.MI",
                  "id": "P334452.l052b7",
                  "ref": "P334452.33.2",
                  "inst": "+ṣillu[shade//shadow]N'N$ṣil",
                  "sig": "@saao/saa10%akk-x-stdbab:GIŠ.MI=ṣillu[shade//shadow]N'N$ṣil",
                  "f": {
                    "lang": "akk-x-stdbab",
                    "form": "GIŠ.MI",
                    "cf": "ṣillu",
                    "gw": "shade",
                    "sense": "shadow",
                    "norm": "ṣil",
                    "pos": "N",
                    "epos": "N"
                  }
                },
                {
                  "node": "l",
                  "frag": "DINGIR",
                  "id": "P334452.l052b8",
                  "ref": "P334452.33.3",
                  "inst": "ili[god]N",
                  "sig": "@saao/saa10%akk-x-stdbab:DINGIR=ilu[god//god]N'N$ili",
                  "f": {
                    "lang": "akk-x-stdbab",
                    "form": "DINGIR",
                    "cf": "ilu",
                    "gw": "god",
                    "sense": "god",
                    "norm": "ili",
                    "pos": "N",
                    "epos": "N"
                  }
                },
                {
                  "node": "l",
                  "frag": "a-me-lu",
                  "id": "P334452.l052b9",
                  "ref": "P334452.33.4",
                  "inst": "+awīlu[man]N$amēlu",
                  "sig": "@saao/saa10%akk-x-stdbab:a-me-lu=awīlu[man//man]N'N$amēlu",
                  "f": {
                    "lang": "akk-x-stdbab",
                    "form": "a-me-lu",
                    "cf": "awīlu",
                    "gw": "man",
                    "sense": "man",
                    "norm": "amēlu",
                    "pos": "N",
                    "epos": "N"
                  }
                },
                {
                  "node": "d",
                  "type": "line-start",
                  "ref": "P334452.34",
                  "n": "11",
                  "label": "r 11"
                },
                {
                  "node": "l",
                  "frag": "[u]",
                  "id": "P334452.l052ba",
                  "ref": "P334452.34.1",
                  "inst": "u[and]CNJ",
                  "sig": "@saao/saa10%akk-x-neoass:u=u[and//and]CNJ'CNJ$u",
                  "f": {
                    "lang": "akk-x-neoass",
                    "form": "u",
                    "cf": "u",
                    "gw": "and",
                    "sense": "and",
                    "norm": "u",
                    "pos": "CNJ",
                    "epos": "CNJ"
                  }
                },
                {
                  "node": "l",
                  "frag": "GIŠ.MI",
                  "id": "P334452.l052bb",
                  "ref": "P334452.34.2",
                  "inst": "+ṣillu[shade//shadow]N'N$ṣil",
                  "sig": "@saao/saa10%akk-x-neoass:GIŠ.MI=ṣillu[shade//shadow]N'N$ṣil",
                  "f": {
                    "lang": "akk-x-neoass",
                    "form": "GIŠ.MI",
                    "cf": "ṣillu",
                    "gw": "shade",
                    "sense": "shadow",
                    "norm": "ṣil",
                    "pos": "N",
                    "epos": "N"
                  }
                },
                {
                  "node": "l",
                  "frag": "{lu₂}a-me-le-e",
                  "id": "P334452.l052bc",
                  "ref": "P334452.34.3",
                  "inst": "+awīlu[man]N$amēlê",
                  "sig": "@saao/saa10%akk-x-neoass:{LU₂}a-me-le-e=awīlu[man//man]N'N$amēlê",
                  "f": {
                    "lang": "akk-x-neoass",
                    "form": "{LU₂}a-me-le-e",
                    "cf": "awīlu",
                    "gw": "man",
                    "sense": "man",
                    "norm": "amēlê",
                    "pos": "N",
                    "epos": "N"
                  }
                },
                {
                  "node": "d",
                  "type": "line-start",
                  "ref": "P334452.35",
                  "n": "12",
                  "label": "r 12"
                },
                {
                  "node": "l",
                  "frag": "[a]-me-lu",
                  "id": "P334452.l052bd",
                  "ref": "P334452.35.1",
                  "inst": "+awīlu[man]N$amēlu",
                  "sig": "@saao/saa10%akk-x-neoass:a-me-lu=awīlu[man//man]N'N$amēlu",
                  "f": {
                    "lang": "akk-x-neoass",
                    "form": "a-me-lu",
                    "cf": "awīlu",
                    "gw": "man",
                    "sense": "man",
                    "norm": "amēlu",
                    "pos": "N",
                    "epos": "N"
                  }
                },
                {
                  "node": "d",
                  "frag": ":",
                  "type": "punct",
                  "ref": "P334452.35.2",
                  "lang": "akk-x-neoass",
                  "gdl_delim": " "
                },
                {
                  "node": "l",
                  "frag": "LUGAL",
                  "id": "P334452.l052be",
                  "ref": "P334452.35.3",
                  "inst": "šarru[king]N",
                  "sig": "@saao/saa10%akk-x-neoass:LUGAL=šarru[king//king]N'N$šarru",
                  "f": {
                    "lang": "akk-x-neoass",
                    "form": "LUGAL",
                    "cf": "šarru",
                    "gw": "king",
                    "sense": "king",
                    "norm": "šarru",
                    "pos": "N",
                    "epos": "N"
                  }
                },
                {
                  "node": "d",
                  "frag": ":",
                  "type": "punct",
                  "ref": "P334452.35.4",
                  "lang": "akk-x-neoass",
                  "gdl_delim": " "
                },
                {
                  "node": "l",
                  "frag": "šu-u₂",
                  "id": "P334452.l052bf",
                  "ref": "P334452.35.5",
                  "inst": "šû[he]IP",
                  "sig": "@saao/saa10%akk-x-neoass:šu-u₂=šū[he//he]IP'IP$šû",
                  "f": {
                    "lang": "akk-x-neoass",
                    "form": "šu-u₂",
                    "cf": "šū",
                    "gw": "he",
                    "sense": "he",
                    "norm": "šû",
                    "pos": "IP",
                    "epos": "IP"
                  }
                },
                {
                  "node": "d",
                  "type": "line-start",
                  "ref": "P334452.36",
                  "n": "13",
                  "label": "r 13"
                },
                {
                  "node": "l",
                  "frag": "⸢kal⸣",
                  "id": "P334452.l052c0",
                  "ref": "P334452.36.1",
                  "inst": "kal[whole]'AJ",
                  "sig": "@saao/saa10%akk-x-neoass:kal=kalû[totality//whole]N'AJ$kal",
                  "f": {
                    "lang": "akk-x-neoass",
                    "form": "kal",
                    "cf": "kalû",
                    "gw": "totality",
                    "sense": "whole",
                    "norm": "kal",
                    "pos": "N",
                    "epos": "AJ"
                  }
                },
                {
                  "node": "l",
                  "frag": "mu-uš-šu-li",
                  "id": "P334452.l052c1",
                  "ref": "P334452.36.2",
                  "inst": "+muššulu[made to resemble//likeness]AJ'N$muššuli",
                  "sig": "@saao/saa10%akk-x-neoass:mu-uš-šu-li=muššulu[made to resemble//likeness]AJ'N$muššuli",
                  "f": {
                    "lang": "akk-x-neoass",
                    "form": "mu-uš-šu-li",
                    "cf": "muššulu",
                    "gw": "made to resemble",
                    "sense": "likeness",
                    "norm": "muššuli",
                    "pos": "AJ",
                    "epos": "N"
                  }
                },
                {
                  "node": "l",
                  "frag": "ša₂",
                  "id": "P334452.l052c2",
                  "ref": "P334452.36.3",
                  "inst": "ša[of]DET",
                  "sig": "@saao/saa10%akk-x-neoass:ša₂=ša[of//of]DET'DET$ša",
                  "f": {
                    "lang": "akk-x-neoass",
                    "form": "ša₂",
                    "cf": "ša",
                    "gw": "of",
                    "sense": "of",
                    "norm": "ša",
                    "pos": "DET",
                    "epos": "DET"
                  }
                },
                {
                  "node": "l",
                  "frag": "DINGIR",
                  "id": "P334452.l052c3",
                  "ref": "P334452.36.4",
                  "inst": "ili[god]N",
                  "sig": "@saao/saa10%akk-x-neoass:DINGIR=ilu[god//god]N'N$ili",
                  "f": {
                    "lang": "akk-x-neoass",
                    "form": "DINGIR",
                    "cf": "ilu",
                    "gw": "god",
                    "sense": "god",
                    "norm": "ili",
                    "pos": "N",
                    "epos": "N"
                  }
                }
              ]
            }
          ]
        }
      ]
    },
    {
      "linkbase": [
        {
          "type": "linkset",
          "xlink_title": "mār māri[grandson//grandson]N'N",
          "id": "P334452.ls00000",
          "xlink_type": "extended",
          "xlink_role": "psu",
          "sig": "{mar-mar-i-šu₂ = māru[son]N māru[son]N += mār māri[grandson//grandson]N'N}::@saao/saa10%akk-x-neoass:mar-mar-i-šu₂=māru[son//son]N'N$mār++@saao/saa10%akk-x-neoass:mar-mar-i-šu₂=māru[son//son]N'N$marʾīšu",
          "links": [
            {
              "type": "link",
              "xlink_title": "māru",
              "xlink_type": "locator",
              "xlink_href": "#P334452.l052aa",
              "xlink_role": "elt"
            },
            {
              "type": "link",
              "xlink_title": "māru",
              "xlink_type": "locator",
              "xlink_href": "#P334452.l052ab",
              "xlink_role": "elt"
            }
          ]
        }
      ]
    }
  ]
}
