{
  "type": "cdl",
  "source": "http://oracc.org/saao/saa16",
  "license": "This data is released under the CC0 license",
  "license-url": "https://creativecommons.org/publicdomain/zero/1.0/",
  "more-info": "http://oracc.org/doc/opendata/",
  "UTC-timestamp": "2017-06-10T00:57:15",
  "project": "saao/saa16",
  "textid": "P313767",
  "cdl": [
    {
      "node": "c",
      "type": "text",
      "id": "P313767.U0",
      "cdl": [
        {
          "node": "d",
          "type": "object",
          "ref": ""
        },
        {
          "node": "d",
          "subtype": "obverse",
          "type": "obverse",
          "ref": "P313767.o.1",
          "label": "o"
        },
        {
          "node": "d",
          "type": "nonx",
          "ref": "P313767.2",
          "strict": "0",
          "extent": "beginning",
          "state": "missing"
        },
        {
          "node": "c",
          "type": "discourse",
          "subtype": "body",
          "id": "P313767.U1",
          "cdl": [
            {
              "node": "c",
              "type": "sentence",
              "id": "P313767.U2",
              "label": "o 1' - r 9'",
              "cdl": [
                {
                  "node": "d",
                  "type": "line-start",
                  "ref": "P313767.3",
                  "n": "1'",
                  "label": "o 1'"
                },
                {
                  "node": "l",
                  "frag": "[x",
                  "id": "P313767.l00f20",
                  "ref": "P313767.3.1",
                  "inst": "u",
                  "f": {
                    "lang": "akk-x-neoass",
                    "form": "x",
                    "pos": "u"
                  }
                },
                {
                  "node": "l",
                  "frag": "x",
                  "id": "P313767.l00f21",
                  "ref": "P313767.3.2",
                  "inst": "u",
                  "f": {
                    "lang": "akk-x-neoass",
                    "form": "x",
                    "pos": "u"
                  }
                },
                {
                  "node": "l",
                  "frag": "x",
                  "id": "P313767.l00f22",
                  "ref": "P313767.3.3",
                  "inst": "u",
                  "f": {
                    "lang": "akk-x-neoass",
                    "form": "x",
                    "pos": "u"
                  }
                },
                {
                  "node": "l",
                  "frag": "x",
                  "id": "P313767.l00f23",
                  "ref": "P313767.3.4",
                  "inst": "u",
                  "f": {
                    "lang": "akk-x-neoass",
                    "form": "x",
                    "pos": "u"
                  }
                },
                {
                  "node": "l",
                  "frag": "DUMU]-⸢MAN",
                  "id": "P313767.l00f24",
                  "ref": "P313767.3.5",
                  "cof-tails": "P313767.l00f25",
                  "inst": "māru[son]N$mār&šarru[king]N$šarri",
                  "sig": "@saao/saa16%akk-x-neoass:DUMU-MAN=māru[son//son]N'N$mār&&@saao%akk-x-neoass:=šarru[king//king]N'N$šarri",
                  "f": {
                    "lang": "akk-x-neoass",
                    "form": "DUMU-MAN",
                    "cf": "māru",
                    "gw": "son",
                    "sense": "son",
                    "norm": "mār",
                    "pos": "N",
                    "epos": "N"
                  }
                },
                {
                  "node": "l",
                  "frag": "DUMU]-⸢MAN",
                  "id": "P313767.l00f25",
                  "ref": "P313767.3.5",
                  "cof-head": "P313767.l00f24",
                  "inst": "māru[son]N$mār&šarru[king]N$šarri",
                  "tail-sig": "@saao%akk-x-neoass:=šarru[king//king]N'N$šarri",
                  "f": {
                    "lang": "akk-x-neoass",
                    "form": "DUMU-MAN",
                    "cf": "šarru",
                    "gw": "king",
                    "sense": "king",
                    "norm": "šarri",
                    "pos": "N",
                    "epos": "N"
                  }
                },
                {
                  "node": "l",
                  "frag": "EN⸣-[ia]",
                  "id": "P313767.l00f26",
                  "ref": "P313767.3.6",
                  "inst": "bēlīya[lord]N",
                  "sig": "@saao/saa16%akk-x-neoass:EN-ia=bēlu[lord//lord]N'N$bēlīya",
                  "f": {
                    "lang": "akk-x-neoass",
                    "form": "EN-ia",
                    "cf": "bēlu",
                    "gw": "lord",
                    "sense": "lord",
                    "norm": "bēlīya",
                    "pos": "N",
                    "epos": "N"
                  }
                },
                {
                  "node": "d",
                  "type": "line-start",
                  "ref": "P313767.4",
                  "n": "2'",
                  "label": "o 2'"
                },
                {
                  "node": "l",
                  "frag": "[x",
                  "id": "P313767.l00f27",
                  "ref": "P313767.4.1",
                  "inst": "u",
                  "f": {
                    "lang": "akk-x-neoass",
                    "form": "x",
                    "pos": "u"
                  }
                },
                {
                  "node": "l",
                  "frag": "x",
                  "id": "P313767.l00f28",
                  "ref": "P313767.4.2",
                  "inst": "u",
                  "f": {
                    "lang": "akk-x-neoass",
                    "form": "x",
                    "pos": "u"
                  }
                },
                {
                  "node": "l",
                  "frag": "x",
                  "id": "P313767.l00f29",
                  "ref": "P313767.4.3",
                  "inst": "u",
                  "f": {
                    "lang": "akk-x-neoass",
                    "form": "x",
                    "pos": "u"
                  }
                },
                {
                  "node": "l",
                  "frag": "x]",
                  "id": "P313767.l00f2a",
                  "ref": "P313767.4.4",
                  "inst": "u",
                  "f": {
                    "lang": "akk-x-neoass",
                    "form": "x",
                    "pos": "u"
                  }
                },
                {
                  "node": "l",
                  "frag": "a-dan-niš",
                  "id": "P313767.l00f2b",
                  "ref": "P313767.4.5",
                  "inst": "adanniš[very much]AV",
                  "sig": "@saao/saa16%akk-x-neoass:a-dan-niš=adanniš[very much//very much]AV'AV$adanniš",
                  "f": {
                    "lang": "akk-x-neoass",
                    "form": "a-dan-niš",
                    "cf": "adanniš",
                    "gw": "very much",
                    "sense": "very much",
                    "norm": "adanniš",
                    "pos": "AV",
                    "epos": "AV"
                  }
                },
                {
                  "node": "l",
                  "frag": "a-dan-niš",
                  "id": "P313767.l00f2c",
                  "ref": "P313767.4.6",
                  "inst": "adanniš[very much]AV",
                  "sig": "@saao/saa16%akk-x-neoass:a-dan-niš=adanniš[very much//very much]AV'AV$adanniš",
                  "f": {
                    "lang": "akk-x-neoass",
                    "form": "a-dan-niš",
                    "cf": "adanniš",
                    "gw": "very much",
                    "sense": "very much",
                    "norm": "adanniš",
                    "pos": "AV",
                    "epos": "AV"
                  }
                },
                {
                  "node": "d",
                  "type": "line-start",
                  "ref": "P313767.5",
                  "n": "3'",
                  "label": "o 3'"
                },
                {
                  "node": "l",
                  "frag": "[lik-ru-bu]",
                  "id": "P313767.l00f2d",
                  "ref": "P313767.5.1",
                  "inst": "likrubu[bless]V",
                  "sig": "@saao/saa16%akk-x-neoass:lik-ru-bu=karābu[pray//bless]V'V$likrubu",
                  "f": {
                    "lang": "akk-x-neoass",
                    "form": "lik-ru-bu",
                    "cf": "karābu",
                    "gw": "pray",
                    "sense": "bless",
                    "norm": "likrubu",
                    "pos": "V",
                    "epos": "V"
                  }
                },
                {
                  "node": "l",
                  "frag": "mi₃-i-nu",
                  "id": "P313767.l00f2e",
                  "ref": "P313767.5.2",
                  "inst": "mīnu[what?//whatever]QP'XP$",
                  "sig": "@saao/saa16%akk-x-neoass:mi₃-i-nu=mīnu[what?//whatever]QP'XP$mīnu",
                  "f": {
                    "lang": "akk-x-neoass",
                    "form": "mi₃-i-nu",
                    "cf": "mīnu",
                    "gw": "what?",
                    "sense": "whatever",
                    "norm": "mīnu",
                    "pos": "QP",
                    "epos": "XP"
                  }
                },
                {
                  "node": "d",
                  "type": "line-start",
                  "ref": "P313767.6",
                  "n": "4'",
                  "label": "o 4'"
                },
                {
                  "node": "l",
                  "frag": "[ša",
                  "id": "P313767.l00f2f",
                  "ref": "P313767.6.1",
                  "inst": "ša[that]REL",
                  "sig": "@saao/saa16%akk-x-neoass:ša=ša[that//that]REL'REL$ša",
                  "f": {
                    "lang": "akk-x-neoass",
                    "form": "ša",
                    "cf": "ša",
                    "gw": "that",
                    "sense": "that",
                    "norm": "ša",
                    "pos": "REL",
                    "epos": "REL"
                  }
                },
                {
                  "node": "l",
                  "frag": "ši-ti]-ni",
                  "id": "P313767.l00f30",
                  "ref": "P313767.6.2",
                  "inst": "šītīni[it]IP",
                  "sig": "@saao/saa16%akk-x-neoass:ši-ti-ni=šīti[she//it]IP'IP$šītīni",
                  "f": {
                    "lang": "akk-x-neoass",
                    "form": "ši-ti-ni",
                    "cf": "šīti",
                    "gw": "she",
                    "sense": "it",
                    "norm": "šītīni",
                    "pos": "IP",
                    "epos": "IP"
                  }
                },
                {
                  "node": "d",
                  "type": "line-start",
                  "ref": "P313767.7",
                  "n": "5'",
                  "label": "o 5'"
                },
                {
                  "node": "l",
                  "frag": "[x",
                  "id": "P313767.l00f31",
                  "ref": "P313767.7.1",
                  "inst": "u",
                  "f": {
                    "lang": "akk-x-neoass",
                    "form": "x",
                    "pos": "u"
                  }
                },
                {
                  "node": "l",
                  "frag": "x",
                  "id": "P313767.l00f32",
                  "ref": "P313767.7.2",
                  "inst": "u",
                  "f": {
                    "lang": "akk-x-neoass",
                    "form": "x",
                    "pos": "u"
                  }
                },
                {
                  "node": "l",
                  "frag": "x]-ka",
                  "id": "P313767.l00f33",
                  "ref": "P313767.7.3",
                  "inst": "u",
                  "f": {
                    "lang": "akk-x-neoass",
                    "form": "x-ka",
                    "pos": "u"
                  }
                },
                {
                  "node": "l",
                  "frag": "pa-ni-ka",
                  "id": "P313767.l00f34",
                  "ref": "P313767.7.4",
                  "inst": "pānu[front//face]N$pānīka",
                  "sig": "@saao/saa16%akk-x-neoass:pa-ni-ka=pānu[front//face]N'N$pānīka",
                  "f": {
                    "lang": "akk-x-neoass",
                    "form": "pa-ni-ka",
                    "cf": "pānu",
                    "gw": "front",
                    "sense": "face",
                    "norm": "pānīka",
                    "pos": "N",
                    "epos": "N"
                  }
                },
                {
                  "node": "d",
                  "type": "line-start",
                  "ref": "P313767.8",
                  "n": "6'",
                  "label": "o 6'"
                },
                {
                  "node": "l",
                  "frag": "[SIG₅]-MEŠ",
                  "id": "P313767.l00f35",
                  "ref": "P313767.8.1",
                  "inst": "damqūte[good]AJ",
                  "sig": "@saao/saa16%akk-x-neoass:SIG₅-MEŠ=damqu[good//good]AJ'AJ$damqūte",
                  "f": {
                    "lang": "akk-x-neoass",
                    "form": "SIG₅-MEŠ",
                    "cf": "damqu",
                    "gw": "good",
                    "sense": "good",
                    "norm": "damqūte",
                    "pos": "AJ",
                    "epos": "AJ"
                  }
                },
                {
                  "node": "l",
                  "frag": "la-mur",
                  "id": "P313767.l00f36",
                  "ref": "P313767.8.2",
                  "inst": "lāmur[see]V",
                  "sig": "@saao/saa16%akk-x-neoass:la-mur=amāru[see//see]V'V$lāmur",
                  "f": {
                    "lang": "akk-x-neoass",
                    "form": "la-mur",
                    "cf": "amāru",
                    "gw": "see",
                    "sense": "see",
                    "norm": "lāmur",
                    "pos": "V",
                    "epos": "V"
                  }
                },
                {
                  "node": "d",
                  "type": "line-start",
                  "ref": "P313767.9",
                  "n": "7'",
                  "label": "o 7'"
                },
                {
                  "node": "l",
                  "frag": "[la]-as-hu-ra",
                  "id": "P313767.l00f37",
                  "ref": "P313767.9.1",
                  "inst": "sahāru[go around//return]V$lashura",
                  "sig": "@saao/saa16%akk-x-neoass:la-as-hu-ra=sahāru[go around//return]V'V$lashura",
                  "f": {
                    "lang": "akk-x-neoass",
                    "form": "la-as-hu-ra",
                    "cf": "sahāru",
                    "gw": "go around",
                    "sense": "return",
                    "norm": "lashura",
                    "pos": "V",
                    "epos": "V"
                  }
                },
                {
                  "node": "d",
                  "type": "line-start",
                  "ref": "P313767.10",
                  "n": "8'",
                  "label": "o 8'"
                },
                {
                  "node": "c",
                  "type": "phrase",
                  "tag": "phr",
                  "id": "P313767.U4",
                  "ref": "P313767.ls00000",
                  "cdl": [
                    {
                      "node": "l",
                      "frag": "[ina]",
                      "id": "P313767.l00f38",
                      "ref": "P313767.10.1",
                      "inst": "ina[in+=to]PRP",
                      "sig": "@saao/saa16%akk-x-neoass:ina=ina[in//in]PRP'PRP$ina",
                      "f": {
                        "lang": "akk-x-neoass",
                        "form": "ina",
                        "cf": "ina",
                        "gw": "in",
                        "sense": "in",
                        "norm": "ina",
                        "pos": "PRP",
                        "epos": "PRP"
                      }
                    },
                    {
                      "node": "l",
                      "frag": "⸢UGU⸣",
                      "id": "P313767.l00f39",
                      "ref": "P313767.10.2",
                      "inst": "muhhu[skull]N$muhhi",
                      "sig": "@saao/saa16%akk-x-neoass:UGU=muhhu[skull//skull]N'N$muhhi",
                      "f": {
                        "lang": "akk-x-neoass",
                        "form": "UGU",
                        "cf": "muhhu",
                        "gw": "skull",
                        "sense": "skull",
                        "norm": "muhhi",
                        "pos": "N",
                        "epos": "N"
                      }
                    }
                  ]
                },
                {
                  "node": "l",
                  "frag": "dul-li-ia",
                  "id": "P313767.l00f3a",
                  "ref": "P313767.10.3",
                  "inst": "dullīya[work]N",
                  "sig": "@saao/saa16%akk-x-neoass:dul-li-ia=dullu[trouble//work]N'N$dullīya",
                  "f": {
                    "lang": "akk-x-neoass",
                    "form": "dul-li-ia",
                    "cf": "dullu",
                    "gw": "trouble",
                    "sense": "work",
                    "norm": "dullīya",
                    "pos": "N",
                    "epos": "N"
                  }
                },
                {
                  "node": "d",
                  "type": "line-start",
                  "ref": "P313767.11",
                  "n": "9'",
                  "label": "o 9'"
                },
                {
                  "node": "l",
                  "frag": "[la]-⸢al⸣-li-ka",
                  "id": "P313767.l00f3b",
                  "ref": "P313767.11.1",
                  "inst": "lallika[come]V",
                  "sig": "@saao/saa16%akk-x-neoass:la-al-li-ka=alāku[go//come]V'V$lallika",
                  "f": {
                    "lang": "akk-x-neoass",
                    "form": "la-al-li-ka",
                    "cf": "alāku",
                    "gw": "go",
                    "sense": "come",
                    "norm": "lallika",
                    "pos": "V",
                    "epos": "V"
                  }
                },
                {
                  "node": "d",
                  "type": "nonx",
                  "ref": "P313767.12",
                  "strict": "0",
                  "extent": "rest",
                  "state": "missing"
                },
                {
                  "node": "d",
                  "subtype": "reverse",
                  "type": "reverse",
                  "ref": "P313767.r.13",
                  "label": "r"
                },
                {
                  "node": "d",
                  "type": "nonx",
                  "ref": "P313767.14",
                  "strict": "0",
                  "extent": "beginning",
                  "state": "missing"
                },
                {
                  "node": "d",
                  "type": "line-start",
                  "ref": "P313767.15",
                  "n": "1'",
                  "label": "r 1'"
                },
                {
                  "node": "l",
                  "frag": "[x",
                  "id": "P313767.l00f3c",
                  "ref": "P313767.15.1",
                  "inst": "u",
                  "f": {
                    "lang": "akk-x-neoass",
                    "form": "x",
                    "pos": "u"
                  }
                },
                {
                  "node": "l",
                  "frag": "x",
                  "id": "P313767.l00f3d",
                  "ref": "P313767.15.2",
                  "inst": "u",
                  "f": {
                    "lang": "akk-x-neoass",
                    "form": "x",
                    "pos": "u"
                  }
                },
                {
                  "node": "l",
                  "frag": "x",
                  "id": "P313767.l00f3e",
                  "ref": "P313767.15.3",
                  "inst": "u",
                  "f": {
                    "lang": "akk-x-neoass",
                    "form": "x",
                    "pos": "u"
                  }
                },
                {
                  "node": "l",
                  "frag": "x",
                  "id": "P313767.l00f3f",
                  "ref": "P313767.15.4",
                  "inst": "u",
                  "f": {
                    "lang": "akk-x-neoass",
                    "form": "x",
                    "pos": "u"
                  }
                },
                {
                  "node": "l",
                  "frag": "x",
                  "id": "P313767.l00f40",
                  "ref": "P313767.15.5",
                  "inst": "u",
                  "f": {
                    "lang": "akk-x-neoass",
                    "form": "x",
                    "pos": "u"
                  }
                },
                {
                  "node": "l",
                  "frag": "x]-ia",
                  "id": "P313767.l00f41",
                  "ref": "P313767.15.6",
                  "inst": "u",
                  "f": {
                    "lang": "akk-x-neoass",
                    "form": "x-ia",
                    "pos": "u"
                  }
                },
                {
                  "node": "d",
                  "type": "line-start",
                  "ref": "P313767.16",
                  "n": "2'",
                  "label": "r 2'"
                },
                {
                  "node": "l",
                  "frag": "[x",
                  "id": "P313767.l00f42",
                  "ref": "P313767.16.1",
                  "inst": "u",
                  "f": {
                    "lang": "akk-x-neoass",
                    "form": "x",
                    "pos": "u"
                  }
                },
                {
                  "node": "l",
                  "frag": "x",
                  "id": "P313767.l00f43",
                  "ref": "P313767.16.2",
                  "inst": "u",
                  "f": {
                    "lang": "akk-x-neoass",
                    "form": "x",
                    "pos": "u"
                  }
                },
                {
                  "node": "l",
                  "frag": "x",
                  "id": "P313767.l00f44",
                  "ref": "P313767.16.3",
                  "inst": "u",
                  "f": {
                    "lang": "akk-x-neoass",
                    "form": "x",
                    "pos": "u"
                  }
                },
                {
                  "node": "l",
                  "frag": "x",
                  "id": "P313767.l00f45",
                  "ref": "P313767.16.4",
                  "inst": "u",
                  "f": {
                    "lang": "akk-x-neoass",
                    "form": "x",
                    "pos": "u"
                  }
                },
                {
                  "node": "l",
                  "frag": "x",
                  "id": "P313767.l00f46",
                  "ref": "P313767.16.5",
                  "inst": "u",
                  "f": {
                    "lang": "akk-x-neoass",
                    "form": "x",
                    "pos": "u"
                  }
                },
                {
                  "node": "l",
                  "frag": "x]-ni",
                  "id": "P313767.l00f47",
                  "ref": "P313767.16.6",
                  "inst": "u",
                  "f": {
                    "lang": "akk-x-neoass",
                    "form": "x-ni",
                    "pos": "u"
                  }
                },
                {
                  "node": "d",
                  "type": "line-start",
                  "ref": "P313767.17",
                  "n": "3'",
                  "label": "r 3'"
                },
                {
                  "node": "l",
                  "frag": "[x",
                  "id": "P313767.l00f48",
                  "ref": "P313767.17.1",
                  "inst": "u",
                  "f": {
                    "lang": "akk-x-neoass",
                    "form": "x",
                    "pos": "u"
                  }
                },
                {
                  "node": "l",
                  "frag": "x",
                  "id": "P313767.l00f49",
                  "ref": "P313767.17.2",
                  "inst": "u",
                  "f": {
                    "lang": "akk-x-neoass",
                    "form": "x",
                    "pos": "u"
                  }
                },
                {
                  "node": "l",
                  "frag": "DUMU-MAN]",
                  "id": "P313767.l00f4a",
                  "ref": "P313767.17.3",
                  "cof-tails": "P313767.l00f4b",
                  "inst": "māru[son]N$mār&šarru[king]N$šarri",
                  "sig": "@saao/saa16%akk-x-neoass:DUMU-MAN=māru[son//son]N'N$mār&&@saao%akk-x-neoass:=šarru[king//king]N'N$šarri",
                  "f": {
                    "lang": "akk-x-neoass",
                    "form": "DUMU-MAN",
                    "cf": "māru",
                    "gw": "son",
                    "sense": "son",
                    "norm": "mār",
                    "pos": "N",
                    "epos": "N"
                  }
                },
                {
                  "node": "l",
                  "frag": "DUMU-MAN]",
                  "id": "P313767.l00f4b",
                  "ref": "P313767.17.3",
                  "cof-head": "P313767.l00f4a",
                  "inst": "māru[son]N$mār&šarru[king]N$šarri",
                  "tail-sig": "@saao%akk-x-neoass:=šarru[king//king]N'N$šarri",
                  "f": {
                    "lang": "akk-x-neoass",
                    "form": "DUMU-MAN",
                    "cf": "šarru",
                    "gw": "king",
                    "sense": "king",
                    "norm": "šarri",
                    "pos": "N",
                    "epos": "N"
                  }
                },
                {
                  "node": "l",
                  "frag": "EN-ia",
                  "id": "P313767.l00f4c",
                  "ref": "P313767.17.4",
                  "inst": "bēlīya[lord]N",
                  "sig": "@saao/saa16%akk-x-neoass:EN-ia=bēlu[lord//lord]N'N$bēlīya",
                  "f": {
                    "lang": "akk-x-neoass",
                    "form": "EN-ia",
                    "cf": "bēlu",
                    "gw": "lord",
                    "sense": "lord",
                    "norm": "bēlīya",
                    "pos": "N",
                    "epos": "N"
                  }
                },
                {
                  "node": "d",
                  "type": "line-start",
                  "ref": "P313767.18",
                  "n": "4'",
                  "label": "r 4'"
                },
                {
                  "node": "l",
                  "frag": "[x",
                  "id": "P313767.l00f4d",
                  "ref": "P313767.18.1",
                  "inst": "u",
                  "f": {
                    "lang": "akk-x-neoass",
                    "form": "x",
                    "pos": "u"
                  }
                },
                {
                  "node": "l",
                  "frag": "x",
                  "id": "P313767.l00f4e",
                  "ref": "P313767.18.2",
                  "inst": "u",
                  "f": {
                    "lang": "akk-x-neoass",
                    "form": "x",
                    "pos": "u"
                  }
                },
                {
                  "node": "l",
                  "frag": "x",
                  "id": "P313767.l00f4f",
                  "ref": "P313767.18.3",
                  "inst": "u",
                  "f": {
                    "lang": "akk-x-neoass",
                    "form": "x",
                    "pos": "u"
                  }
                },
                {
                  "node": "l",
                  "frag": "x",
                  "id": "P313767.l00f50",
                  "ref": "P313767.18.4",
                  "inst": "u",
                  "f": {
                    "lang": "akk-x-neoass",
                    "form": "x",
                    "pos": "u"
                  }
                },
                {
                  "node": "l",
                  "frag": "x]-ti",
                  "id": "P313767.l00f51",
                  "ref": "P313767.18.5",
                  "inst": "u",
                  "f": {
                    "lang": "akk-x-neoass",
                    "form": "x-ti",
                    "pos": "u"
                  }
                },
                {
                  "node": "d",
                  "type": "line-start",
                  "ref": "P313767.19",
                  "n": "5'",
                  "label": "r 5'"
                },
                {
                  "node": "l",
                  "frag": "[x",
                  "id": "P313767.l00f52",
                  "ref": "P313767.19.1",
                  "inst": "u",
                  "f": {
                    "lang": "akk-x-neoass",
                    "form": "x",
                    "pos": "u"
                  }
                },
                {
                  "node": "l",
                  "frag": "x",
                  "id": "P313767.l00f53",
                  "ref": "P313767.19.2",
                  "inst": "u",
                  "f": {
                    "lang": "akk-x-neoass",
                    "form": "x",
                    "pos": "u"
                  }
                },
                {
                  "node": "l",
                  "frag": "x",
                  "id": "P313767.l00f54",
                  "ref": "P313767.19.3",
                  "inst": "u",
                  "f": {
                    "lang": "akk-x-neoass",
                    "form": "x",
                    "pos": "u"
                  }
                },
                {
                  "node": "l",
                  "frag": "x]",
                  "id": "P313767.l00f55",
                  "ref": "P313767.19.4",
                  "inst": "u",
                  "f": {
                    "lang": "akk-x-neoass",
                    "form": "x",
                    "pos": "u"
                  }
                },
                {
                  "node": "l",
                  "frag": "DUMU-MAN",
                  "id": "P313767.l00f56",
                  "ref": "P313767.19.5",
                  "cof-tails": "P313767.l00f57",
                  "inst": "māru[son]N$mār&šarru[king]N$šarri",
                  "sig": "@saao/saa16%akk-x-neoass:DUMU-MAN=māru[son//son]N'N$mār&&@saao%akk-x-neoass:=šarru[king//king]N'N$šarri",
                  "f": {
                    "lang": "akk-x-neoass",
                    "form": "DUMU-MAN",
                    "cf": "māru",
                    "gw": "son",
                    "sense": "son",
                    "norm": "mār",
                    "pos": "N",
                    "epos": "N"
                  }
                },
                {
                  "node": "l",
                  "frag": "DUMU-MAN",
                  "id": "P313767.l00f57",
                  "ref": "P313767.19.5",
                  "cof-head": "P313767.l00f56",
                  "inst": "māru[son]N$mār&šarru[king]N$šarri",
                  "tail-sig": "@saao%akk-x-neoass:=šarru[king//king]N'N$šarri",
                  "f": {
                    "lang": "akk-x-neoass",
                    "form": "DUMU-MAN",
                    "cf": "šarru",
                    "gw": "king",
                    "sense": "king",
                    "norm": "šarri",
                    "pos": "N",
                    "epos": "N"
                  }
                },
                {
                  "node": "l",
                  "frag": "EN-ia",
                  "id": "P313767.l00f58",
                  "ref": "P313767.19.6",
                  "inst": "bēlīya[lord]N",
                  "sig": "@saao/saa16%akk-x-neoass:EN-ia=bēlu[lord//lord]N'N$bēlīya",
                  "f": {
                    "lang": "akk-x-neoass",
                    "form": "EN-ia",
                    "cf": "bēlu",
                    "gw": "lord",
                    "sense": "lord",
                    "norm": "bēlīya",
                    "pos": "N",
                    "epos": "N"
                  }
                },
                {
                  "node": "d",
                  "type": "line-start",
                  "ref": "P313767.20",
                  "n": "6'",
                  "label": "r 6'"
                },
                {
                  "node": "l",
                  "frag": "[x",
                  "id": "P313767.l00f59",
                  "ref": "P313767.20.1",
                  "inst": "u",
                  "f": {
                    "lang": "akk-x-neoass",
                    "form": "x",
                    "pos": "u"
                  }
                },
                {
                  "node": "l",
                  "frag": "x",
                  "id": "P313767.l00f5a",
                  "ref": "P313767.20.2",
                  "inst": "u",
                  "f": {
                    "lang": "akk-x-neoass",
                    "form": "x",
                    "pos": "u"
                  }
                },
                {
                  "node": "l",
                  "frag": "x",
                  "id": "P313767.l00f5b",
                  "ref": "P313767.20.3",
                  "inst": "u",
                  "f": {
                    "lang": "akk-x-neoass",
                    "form": "x",
                    "pos": "u"
                  }
                },
                {
                  "node": "l",
                  "frag": "x]-ni",
                  "id": "P313767.l00f5c",
                  "ref": "P313767.20.4",
                  "inst": "u",
                  "f": {
                    "lang": "akk-x-neoass",
                    "form": "x-ni",
                    "pos": "u"
                  }
                },
                {
                  "node": "d",
                  "type": "line-start",
                  "ref": "P313767.21",
                  "n": "7'",
                  "label": "r 7'"
                },
                {
                  "node": "l",
                  "frag": "[x",
                  "id": "P313767.l00f5d",
                  "ref": "P313767.21.1",
                  "inst": "u",
                  "f": {
                    "lang": "akk-x-neoass",
                    "form": "x",
                    "pos": "u"
                  }
                },
                {
                  "node": "l",
                  "frag": "x",
                  "id": "P313767.l00f5e",
                  "ref": "P313767.21.2",
                  "inst": "u",
                  "f": {
                    "lang": "akk-x-neoass",
                    "form": "x",
                    "pos": "u"
                  }
                },
                {
                  "node": "l",
                  "frag": "x",
                  "id": "P313767.l00f5f",
                  "ref": "P313767.21.3",
                  "inst": "u",
                  "f": {
                    "lang": "akk-x-neoass",
                    "form": "x",
                    "pos": "u"
                  }
                },
                {
                  "node": "l",
                  "frag": "x]",
                  "id": "P313767.l00f60",
                  "ref": "P313767.21.4",
                  "inst": "u",
                  "f": {
                    "lang": "akk-x-neoass",
                    "form": "x",
                    "pos": "u"
                  }
                },
                {
                  "node": "l",
                  "frag": "e-ta-mar",
                  "id": "P313767.l00f61",
                  "ref": "P313767.21.5",
                  "inst": "ētamar[see]V",
                  "sig": "@saao/saa16%akk-x-neoass:e-ta-mar=amāru[see//see]V'V$ētamar",
                  "f": {
                    "lang": "akk-x-neoass",
                    "form": "e-ta-mar",
                    "cf": "amāru",
                    "gw": "see",
                    "sense": "see",
                    "norm": "ētamar",
                    "pos": "V",
                    "epos": "V"
                  }
                },
                {
                  "node": "d",
                  "type": "line-start",
                  "ref": "P313767.22",
                  "n": "8'",
                  "label": "r 8'"
                },
                {
                  "node": "l",
                  "frag": "[x",
                  "id": "P313767.l00f62",
                  "ref": "P313767.22.1",
                  "inst": "u",
                  "f": {
                    "lang": "akk-x-neoass",
                    "form": "x",
                    "pos": "u"
                  }
                },
                {
                  "node": "l",
                  "frag": "x",
                  "id": "P313767.l00f63",
                  "ref": "P313767.22.2",
                  "inst": "u",
                  "f": {
                    "lang": "akk-x-neoass",
                    "form": "x",
                    "pos": "u"
                  }
                },
                {
                  "node": "l",
                  "frag": "x",
                  "id": "P313767.l00f64",
                  "ref": "P313767.22.3",
                  "inst": "u",
                  "f": {
                    "lang": "akk-x-neoass",
                    "form": "x",
                    "pos": "u"
                  }
                },
                {
                  "node": "l",
                  "frag": "ki]-i",
                  "id": "P313767.l00f65",
                  "ref": "P313767.22.4",
                  "inst": "kî[like]PRP",
                  "sig": "@saao/saa16%akk-x-neoass:ki-i=kī[like//like]PRP'PRP$kî",
                  "f": {
                    "lang": "akk-x-neoass",
                    "form": "ki-i",
                    "cf": "kī",
                    "gw": "like",
                    "sense": "like",
                    "norm": "kî",
                    "pos": "PRP",
                    "epos": "PRP"
                  }
                },
                {
                  "node": "l",
                  "frag": "ha-nim-ma",
                  "id": "P313767.l00f66",
                  "ref": "P313767.22.5",
                  "inst": "annû[this]DP$hannîmma",
                  "sig": "@saao/saa16%akk-x-neoass:ha-nim-ma=annû[this//this]DP'DP$hannîmma",
                  "f": {
                    "lang": "akk-x-neoass",
                    "form": "ha-nim-ma",
                    "cf": "annû",
                    "gw": "this",
                    "sense": "this",
                    "norm": "hannîmma",
                    "pos": "DP",
                    "epos": "DP"
                  }
                },
                {
                  "node": "d",
                  "type": "line-start",
                  "ref": "P313767.23",
                  "n": "9'",
                  "label": "r 9'"
                },
                {
                  "node": "l",
                  "frag": "[x",
                  "id": "P313767.l00f67",
                  "ref": "P313767.23.1",
                  "inst": "u",
                  "f": {
                    "lang": "akk-x-neoass",
                    "form": "x",
                    "pos": "u"
                  }
                },
                {
                  "node": "l",
                  "frag": "x",
                  "id": "P313767.l00f68",
                  "ref": "P313767.23.2",
                  "inst": "u",
                  "f": {
                    "lang": "akk-x-neoass",
                    "form": "x",
                    "pos": "u"
                  }
                },
                {
                  "node": "l",
                  "frag": "x",
                  "id": "P313767.l00f69",
                  "ref": "P313767.23.3",
                  "inst": "u",
                  "f": {
                    "lang": "akk-x-neoass",
                    "form": "x",
                    "pos": "u"
                  }
                },
                {
                  "node": "l",
                  "frag": "x",
                  "id": "P313767.l00f6a",
                  "ref": "P313767.23.4",
                  "inst": "u",
                  "f": {
                    "lang": "akk-x-neoass",
                    "form": "x",
                    "pos": "u"
                  }
                },
                {
                  "node": "l",
                  "frag": "x]",
                  "id": "P313767.l00f6b",
                  "ref": "P313767.23.5",
                  "inst": "u",
                  "f": {
                    "lang": "akk-x-neoass",
                    "form": "x",
                    "pos": "u"
                  }
                },
                {
                  "node": "l",
                  "frag": "⸢x",
                  "id": "P313767.l00f6c",
                  "ref": "P313767.23.6",
                  "inst": "u",
                  "f": {
                    "lang": "akk-x-neoass",
                    "form": "x",
                    "pos": "u"
                  }
                },
                {
                  "node": "l",
                  "frag": "x⸣",
                  "id": "P313767.l00f6d",
                  "ref": "P313767.23.7",
                  "inst": "u",
                  "f": {
                    "lang": "akk-x-neoass",
                    "form": "x",
                    "pos": "u"
                  }
                },
                {
                  "node": "l",
                  "frag": "[x]",
                  "id": "P313767.l00f6e",
                  "ref": "P313767.23.8",
                  "inst": "u",
                  "f": {
                    "lang": "akk-x-neoass",
                    "form": "x",
                    "pos": "u"
                  }
                },
                {
                  "node": "d",
                  "type": "nonx",
                  "ref": "P313767.24",
                  "strict": "0",
                  "extent": "rest",
                  "state": "missing"
                }
              ]
            }
          ]
        }
      ]
    },
    {
      "linkbase": [
        {
          "type": "linkset",
          "xlink_title": "ina muhhi[on//about]PRP'PRP",
          "id": "P313767.ls00000",
          "xlink_type": "extended",
          "xlink_role": "psu",
          "sig": "{ina[in]PRP muhhu[skull]N += ina muhhi[on//about]PRP'PRP}::@saao%akk-x-neoass:ina=ina[in//into]PRP'PRP$ina++@saao%akk-x-neoass:UGU=muhhu[skull//skull]N'N$muhhi",
          "links": [
            {
              "type": "link",
              "xlink_title": "ina",
              "xlink_type": "locator",
              "xlink_href": "#P313767.l00f38",
              "xlink_role": "elt"
            },
            {
              "type": "link",
              "xlink_title": "muhhu",
              "xlink_type": "locator",
              "xlink_href": "#P313767.l00f39",
              "xlink_role": "elt"
            }
          ]
        }
      ]
    }
  ]
}
