{
  "type": "cdl",
  "source": "http://oracc.org/saao/saa16",
  "license": "This data is released under the CC0 license",
  "license-url": "https://creativecommons.org/publicdomain/zero/1.0/",
  "more-info": "http://oracc.org/doc/opendata/",
  "UTC-timestamp": "2017-06-10T00:57:18",
  "project": "saao/saa16",
  "textid": "P313429",
  "cdl": [
    {
      "node": "c",
      "type": "text",
      "id": "P313429.U0",
      "cdl": [
        {
          "node": "d",
          "type": "object",
          "ref": ""
        },
        {
          "node": "d",
          "subtype": "obverse",
          "type": "obverse",
          "ref": "P313429.o.1",
          "label": "o"
        },
        {
          "node": "c",
          "type": "discourse",
          "subtype": "body",
          "id": "P313429.U1",
          "cdl": [
            {
              "node": "c",
              "type": "sentence",
              "id": "P313429.U2",
              "label": "o 1 - r 10",
              "cdl": [
                {
                  "node": "d",
                  "type": "line-start",
                  "ref": "P313429.2",
                  "n": "1",
                  "label": "o 1"
                },
                {
                  "node": "l",
                  "frag": "[a-na",
                  "id": "P313429.l02bb6",
                  "ref": "P313429.2.1",
                  "inst": "ana[to]PRP",
                  "sig": "@saao/saa16%akk-x-neoass:a-na=ana[to//to]PRP'PRP$ana",
                  "f": {
                    "lang": "akk-x-neoass",
                    "form": "a-na",
                    "cf": "ana",
                    "gw": "to",
                    "sense": "to",
                    "norm": "ana",
                    "pos": "PRP",
                    "epos": "PRP"
                  }
                },
                {
                  "node": "l",
                  "frag": "LUGAL",
                  "id": "P313429.l02bb7",
                  "ref": "P313429.2.2",
                  "inst": "šarri[king]N",
                  "sig": "@saao/saa16%akk-x-neoass:LUGAL=šarru[king//king]N'N$šarri",
                  "f": {
                    "lang": "akk-x-neoass",
                    "form": "LUGAL",
                    "cf": "šarru",
                    "gw": "king",
                    "sense": "king",
                    "norm": "šarri",
                    "pos": "N",
                    "epos": "N"
                  }
                },
                {
                  "node": "l",
                  "frag": "be-li₂-ia]",
                  "id": "P313429.l02bb8",
                  "ref": "P313429.2.3",
                  "inst": "bēlīya[lord]N",
                  "sig": "@saao/saa16%akk-x-neoass:be-li₂-ia=bēlu[lord//lord]N'N$bēlīya",
                  "f": {
                    "lang": "akk-x-neoass",
                    "form": "be-li₂-ia",
                    "cf": "bēlu",
                    "gw": "lord",
                    "sense": "lord",
                    "norm": "bēlīya",
                    "pos": "N",
                    "epos": "N"
                  }
                },
                {
                  "node": "d",
                  "type": "line-start",
                  "ref": "P313429.3",
                  "n": "2",
                  "label": "o 2"
                },
                {
                  "node": "l",
                  "frag": "[ARAD-ka",
                  "id": "P313429.l02bb9",
                  "ref": "P313429.3.1",
                  "inst": "urdaka[servant]N",
                  "sig": "@saao/saa16%akk-x-neoass:ARAD-ka=ardu[slave//servant]N'N$urdaka",
                  "f": {
                    "lang": "akk-x-neoass",
                    "form": "ARAD-ka",
                    "cf": "ardu",
                    "gw": "slave",
                    "sense": "servant",
                    "norm": "urdaka",
                    "pos": "N",
                    "epos": "N"
                  }
                },
                {
                  "node": "l",
                  "frag": "{1}x",
                  "id": "P313429.l02bba",
                  "ref": "P313429.3.2",
                  "inst": "u",
                  "f": {
                    "lang": "akk-x-neoass",
                    "form": "{1}x",
                    "pos": "u"
                  }
                },
                {
                  "node": "l",
                  "frag": "x",
                  "id": "P313429.l02bbb",
                  "ref": "P313429.3.3",
                  "inst": "u",
                  "f": {
                    "lang": "akk-x-neoass",
                    "form": "x",
                    "pos": "u"
                  }
                },
                {
                  "node": "l",
                  "frag": "x",
                  "id": "P313429.l02bbc",
                  "ref": "P313429.3.4",
                  "inst": "u",
                  "f": {
                    "lang": "akk-x-neoass",
                    "form": "x",
                    "pos": "u"
                  }
                },
                {
                  "node": "l",
                  "frag": "x]",
                  "id": "P313429.l02bbd",
                  "ref": "P313429.3.5",
                  "inst": "u",
                  "f": {
                    "lang": "akk-x-neoass",
                    "form": "x",
                    "pos": "u"
                  }
                },
                {
                  "node": "d",
                  "type": "line-start",
                  "ref": "P313429.4",
                  "n": "3",
                  "label": "o 3"
                },
                {
                  "node": "l",
                  "frag": "[lu-u]",
                  "id": "P313429.l02bbe",
                  "ref": "P313429.4.1",
                  "inst": "lū[may]MOD",
                  "sig": "@saao/saa16%akk-x-neoass:lu-u=lū[may//may]MOD'MOD$lū",
                  "f": {
                    "lang": "akk-x-neoass",
                    "form": "lu-u",
                    "cf": "lū",
                    "gw": "may",
                    "sense": "may",
                    "norm": "lū",
                    "pos": "MOD",
                    "epos": "MOD"
                  }
                },
                {
                  "node": "l",
                  "frag": "DI-mu",
                  "id": "P313429.l02bbf",
                  "ref": "P313429.4.2",
                  "inst": "šulmu[health]N",
                  "sig": "@saao/saa16%akk-x-neoass:DI-mu=šulmu[completeness//health]N'N$šulmu",
                  "f": {
                    "lang": "akk-x-neoass",
                    "form": "DI-mu",
                    "cf": "šulmu",
                    "gw": "completeness",
                    "sense": "health",
                    "norm": "šulmu",
                    "pos": "N",
                    "epos": "N"
                  }
                },
                {
                  "node": "l",
                  "frag": "a-na",
                  "id": "P313429.l02bc0",
                  "ref": "P313429.4.3",
                  "inst": "ana[to]PRP",
                  "sig": "@saao/saa16%akk-x-neoass:a-na=ana[to//to]PRP'PRP$ana",
                  "f": {
                    "lang": "akk-x-neoass",
                    "form": "a-na",
                    "cf": "ana",
                    "gw": "to",
                    "sense": "to",
                    "norm": "ana",
                    "pos": "PRP",
                    "epos": "PRP"
                  }
                },
                {
                  "node": "l",
                  "frag": "⸢LUGAL⸣",
                  "id": "P313429.l02bc1",
                  "ref": "P313429.4.4",
                  "inst": "šarri[king]N",
                  "sig": "@saao/saa16%akk-x-neoass:LUGAL=šarru[king//king]N'N$šarri",
                  "f": {
                    "lang": "akk-x-neoass",
                    "form": "LUGAL",
                    "cf": "šarru",
                    "gw": "king",
                    "sense": "king",
                    "norm": "šarri",
                    "pos": "N",
                    "epos": "N"
                  }
                },
                {
                  "node": "l",
                  "frag": "[be-li₂-ia]",
                  "id": "P313429.l02bc2",
                  "ref": "P313429.4.5",
                  "inst": "bēlīya[lord]N",
                  "sig": "@saao/saa16%akk-x-neoass:be-li₂-ia=bēlu[lord//lord]N'N$bēlīya",
                  "f": {
                    "lang": "akk-x-neoass",
                    "form": "be-li₂-ia",
                    "cf": "bēlu",
                    "gw": "lord",
                    "sense": "lord",
                    "norm": "bēlīya",
                    "pos": "N",
                    "epos": "N"
                  }
                },
                {
                  "node": "d",
                  "type": "line-start",
                  "ref": "P313429.5",
                  "n": "4",
                  "label": "o 4"
                },
                {
                  "node": "c",
                  "type": "phrase",
                  "tag": "phr",
                  "id": "P313429.U4",
                  "ref": "P313429.ls00000",
                  "cdl": [
                    {
                      "node": "l",
                      "frag": "[ina",
                      "id": "P313429.l02bc3",
                      "ref": "P313429.5.1",
                      "inst": "ina[in+=concerning]PRP$",
                      "sig": "@saao/saa16%akk-x-neoass:ina=ina[in//in]PRP'PRP$ina",
                      "f": {
                        "lang": "akk-x-neoass",
                        "form": "ina",
                        "cf": "ina",
                        "gw": "in",
                        "sense": "in",
                        "norm": "ina",
                        "pos": "PRP",
                        "epos": "PRP"
                      }
                    },
                    {
                      "node": "l",
                      "frag": "UGU]",
                      "id": "P313429.l02bc4",
                      "ref": "P313429.5.2",
                      "inst": "muhhi[skull]N",
                      "sig": "@saao/saa16%akk-x-neoass:UGU=muhhu[skull//skull]N'N$muhhi",
                      "f": {
                        "lang": "akk-x-neoass",
                        "form": "UGU",
                        "cf": "muhhu",
                        "gw": "skull",
                        "sense": "skull",
                        "norm": "muhhi",
                        "pos": "N",
                        "epos": "N"
                      }
                    }
                  ]
                },
                {
                  "node": "l",
                  "frag": "E₂",
                  "id": "P313429.l02bc5",
                  "ref": "P313429.5.3",
                  "inst": "bēt[house]N",
                  "sig": "@saao/saa16%akk-x-neoass:E₂=bītu[house//house]N'N$bēt",
                  "f": {
                    "lang": "akk-x-neoass",
                    "form": "E₂",
                    "cf": "bītu",
                    "gw": "house",
                    "sense": "house",
                    "norm": "bēt",
                    "pos": "N",
                    "epos": "N"
                  }
                },
                {
                  "node": "l",
                  "frag": "{1}aš-šur-PAB-⸢ir⸣",
                  "id": "P313429.l02bc6",
                  "ref": "P313429.5.4",
                  "inst": "Aššur-naṣir[1]PN$",
                  "sig": "@saao/saa16%akk-x-neoass:{1}aš-šur-PAB-ir=Aššur-naṣir[1//1]PN'PN$Aššur-naṣir",
                  "f": {
                    "lang": "akk-x-neoass",
                    "form": "{1}aš-šur-PAB-ir",
                    "cf": "Aššur-naṣir",
                    "gw": "1",
                    "sense": "1",
                    "norm": "Aššur-naṣir",
                    "pos": "PN",
                    "epos": "PN"
                  }
                },
                {
                  "node": "d",
                  "type": "line-start",
                  "ref": "P313429.6",
                  "n": "5",
                  "label": "o 5"
                },
                {
                  "node": "c",
                  "type": "phrase",
                  "tag": "phr",
                  "id": "P313429.U5",
                  "ref": "P313429.ls00001",
                  "cdl": [
                    {
                      "node": "l",
                      "frag": "[ina",
                      "id": "P313429.l02bc7",
                      "ref": "P313429.6.1",
                      "inst": "ina[in+=concerning]PRP$",
                      "sig": "@saao/saa16%akk-x-neoass:ina=ina[in//in]PRP'PRP$ina",
                      "f": {
                        "lang": "akk-x-neoass",
                        "form": "ina",
                        "cf": "ina",
                        "gw": "in",
                        "sense": "in",
                        "norm": "ina",
                        "pos": "PRP",
                        "epos": "PRP"
                      }
                    },
                    {
                      "node": "l",
                      "frag": "UGU]",
                      "id": "P313429.l02bc8",
                      "ref": "P313429.6.2",
                      "inst": "muhhi[skull]N",
                      "sig": "@saao/saa16%akk-x-neoass:UGU=muhhu[skull//skull]N'N$muhhi",
                      "f": {
                        "lang": "akk-x-neoass",
                        "form": "UGU",
                        "cf": "muhhu",
                        "gw": "skull",
                        "sense": "skull",
                        "norm": "muhhi",
                        "pos": "N",
                        "epos": "N"
                      }
                    }
                  ]
                },
                {
                  "node": "l",
                  "frag": "E₂",
                  "id": "P313429.l02bc9",
                  "ref": "P313429.6.3",
                  "inst": "bēt[house]N",
                  "sig": "@saao/saa16%akk-x-neoass:E₂=bītu[house//house]N'N$bēt",
                  "f": {
                    "lang": "akk-x-neoass",
                    "form": "E₂",
                    "cf": "bītu",
                    "gw": "house",
                    "sense": "house",
                    "norm": "bēt",
                    "pos": "N",
                    "epos": "N"
                  }
                },
                {
                  "node": "c",
                  "type": "phrase",
                  "tag": "phr",
                  "id": "P313429.U6",
                  "ref": "P313429.ls00002",
                  "cdl": [
                    {
                      "node": "l",
                      "frag": "{lu₂v}GAL-A.BA",
                      "id": "P313429.l02bca",
                      "ref": "P313429.6.4",
                      "cof-tails": "P313429.l02bcb",
                      "inst": "rabû[big one]N$rab&ṭupšarru[scribe]N$ṭupšarri",
                      "sig": "@saao/saa16%akk-x-neoass:{LU₂}GAL-A.BA=rabû[big one//big one]N'N$rab&&@saao%akk-x-neoass:=ṭupšarru[scribe//scribe]N'N$ṭupšarri",
                      "f": {
                        "lang": "akk-x-neoass",
                        "form": "{LU₂}GAL-A.BA",
                        "cf": "rabû",
                        "gw": "big one",
                        "sense": "big one",
                        "norm": "rab",
                        "pos": "N",
                        "epos": "N"
                      }
                    },
                    {
                      "node": "l",
                      "frag": "{lu₂v}GAL-A.BA",
                      "id": "P313429.l02bcb",
                      "ref": "P313429.6.4",
                      "cof-head": "P313429.l02bca",
                      "inst": "rabû[big one]N$rab&ṭupšarru[scribe]N$ṭupšarri",
                      "tail-sig": "@saao%akk-x-neoass:=ṭupšarru[scribe//scribe]N'N$ṭupšarri",
                      "f": {
                        "lang": "akk-x-neoass",
                        "form": "{LU₂}GAL-A.BA",
                        "cf": "ṭupšarru",
                        "gw": "scribe",
                        "sense": "scribe",
                        "norm": "ṭupšarri",
                        "pos": "N",
                        "epos": "N"
                      }
                    }
                  ]
                },
                {
                  "node": "d",
                  "type": "line-start",
                  "ref": "P313429.7",
                  "n": "6",
                  "label": "o 6"
                },
                {
                  "node": "l",
                  "frag": "[ša]",
                  "id": "P313429.l02bcc",
                  "ref": "P313429.7.1",
                  "inst": "ša[which]REL",
                  "sig": "@saao/saa16%akk-x-neoass:ša=ša[that//which]REL'REL$ša",
                  "f": {
                    "lang": "akk-x-neoass",
                    "form": "ša",
                    "cf": "ša",
                    "gw": "that",
                    "sense": "which",
                    "norm": "ša",
                    "pos": "REL",
                    "epos": "REL"
                  }
                },
                {
                  "node": "l",
                  "frag": "LUGAL",
                  "id": "P313429.l02bcd",
                  "ref": "P313429.7.2",
                  "inst": "šarru[king]N",
                  "sig": "@saao/saa16%akk-x-neoass:LUGAL=šarru[king//king]N'N$šarru",
                  "f": {
                    "lang": "akk-x-neoass",
                    "form": "LUGAL",
                    "cf": "šarru",
                    "gw": "king",
                    "sense": "king",
                    "norm": "šarru",
                    "pos": "N",
                    "epos": "N"
                  }
                },
                {
                  "node": "l",
                  "frag": "be-li₂",
                  "id": "P313429.l02bce",
                  "ref": "P313429.7.3",
                  "inst": "bēlī[lord]N",
                  "sig": "@saao/saa16%akk-x-neoass:be-li₂=bēlu[lord//lord]N'N$bēlī",
                  "f": {
                    "lang": "akk-x-neoass",
                    "form": "be-li₂",
                    "cf": "bēlu",
                    "gw": "lord",
                    "sense": "lord",
                    "norm": "bēlī",
                    "pos": "N",
                    "epos": "N"
                  }
                },
                {
                  "node": "d",
                  "type": "line-start",
                  "ref": "P313429.8",
                  "n": "7",
                  "label": "o 7"
                },
                {
                  "node": "l",
                  "frag": "ṭe₃-e-mu",
                  "id": "P313429.l02bcf",
                  "ref": "P313429.8.1",
                  "inst": "ṭēmu[order]N",
                  "sig": "@saao/saa16%akk-x-neoass:ṭe₃-e-mu=ṭēmu[(fore)thought//order]N'N$ṭēmu",
                  "f": {
                    "lang": "akk-x-neoass",
                    "form": "ṭe₃-e-mu",
                    "cf": "ṭēmu",
                    "gw": "(fore)thought",
                    "sense": "order",
                    "norm": "ṭēmu",
                    "pos": "N",
                    "epos": "N"
                  }
                },
                {
                  "node": "l",
                  "frag": "iš-kun-ni-ni",
                  "id": "P313429.l02bd0",
                  "ref": "P313429.8.2",
                  "inst": "šakānu[put//place]V$iškunnīni",
                  "sig": "@saao/saa16%akk-x-neoass:iš-kun-ni-ni=šakānu[put//place]V'V$iškunnīni",
                  "f": {
                    "lang": "akk-x-neoass",
                    "form": "iš-kun-ni-ni",
                    "cf": "šakānu",
                    "gw": "put",
                    "sense": "place",
                    "norm": "iškunnīni",
                    "pos": "V",
                    "epos": "V"
                  }
                },
                {
                  "node": "d",
                  "type": "line-start",
                  "ref": "P313429.9",
                  "n": "8",
                  "label": "o 8"
                },
                {
                  "node": "l",
                  "frag": "ma-a",
                  "id": "P313429.l02bd1",
                  "ref": "P313429.9.1",
                  "inst": "mā[saying]PRP",
                  "sig": "@saao/saa16%akk-x-neoass:ma-a=mā[saying//saying]PRP'PRP$mā",
                  "f": {
                    "lang": "akk-x-neoass",
                    "form": "ma-a",
                    "cf": "mā",
                    "gw": "saying",
                    "sense": "saying",
                    "norm": "mā",
                    "pos": "PRP",
                    "epos": "PRP"
                  }
                },
                {
                  "node": "l",
                  "frag": "a-mur",
                  "id": "P313429.l02bd2",
                  "ref": "P313429.9.2",
                  "inst": "amur[see]V",
                  "sig": "@saao/saa16%akk-x-neoass:a-mur=amāru[see//see]V'V$amur",
                  "f": {
                    "lang": "akk-x-neoass",
                    "form": "a-mur",
                    "cf": "amāru",
                    "gw": "see",
                    "sense": "see",
                    "norm": "amur",
                    "pos": "V",
                    "epos": "V"
                  }
                },
                {
                  "node": "d",
                  "type": "line-start",
                  "ref": "P313429.10",
                  "n": "9",
                  "label": "o 9"
                },
                {
                  "node": "l",
                  "frag": "E₂",
                  "id": "P313429.l02bd3",
                  "ref": "P313429.10.1",
                  "inst": "bēt[house]N",
                  "sig": "@saao/saa16%akk-x-neoass:E₂=bītu[house//house]N'N$bēt",
                  "f": {
                    "lang": "akk-x-neoass",
                    "form": "E₂",
                    "cf": "bītu",
                    "gw": "house",
                    "sense": "house",
                    "norm": "bēt",
                    "pos": "N",
                    "epos": "N"
                  }
                },
                {
                  "node": "c",
                  "type": "phrase",
                  "tag": "phr",
                  "id": "P313429.U7",
                  "ref": "P313429.ls00003",
                  "cdl": [
                    {
                      "node": "l",
                      "frag": "{lu₂v}GAL-A.BA",
                      "id": "P313429.l02bd4",
                      "ref": "P313429.10.2",
                      "cof-tails": "P313429.l02bd5",
                      "inst": "rabû[big one]N$rab&ṭupšarru[scribe]N$ṭupšarri",
                      "sig": "@saao/saa16%akk-x-neoass:{LU₂}GAL-A.BA=rabû[big one//big one]N'N$rab&&@saao%akk-x-neoass:=ṭupšarru[scribe//scribe]N'N$ṭupšarri",
                      "f": {
                        "lang": "akk-x-neoass",
                        "form": "{LU₂}GAL-A.BA",
                        "cf": "rabû",
                        "gw": "big one",
                        "sense": "big one",
                        "norm": "rab",
                        "pos": "N",
                        "epos": "N"
                      }
                    },
                    {
                      "node": "l",
                      "frag": "{lu₂v}GAL-A.BA",
                      "id": "P313429.l02bd5",
                      "ref": "P313429.10.2",
                      "cof-head": "P313429.l02bd4",
                      "inst": "rabû[big one]N$rab&ṭupšarru[scribe]N$ṭupšarri",
                      "tail-sig": "@saao%akk-x-neoass:=ṭupšarru[scribe//scribe]N'N$ṭupšarri",
                      "f": {
                        "lang": "akk-x-neoass",
                        "form": "{LU₂}GAL-A.BA",
                        "cf": "ṭupšarru",
                        "gw": "scribe",
                        "sense": "scribe",
                        "norm": "ṭupšarri",
                        "pos": "N",
                        "epos": "N"
                      }
                    }
                  ]
                },
                {
                  "node": "l",
                  "frag": "E₂",
                  "id": "P313429.l02bd6",
                  "ref": "P313429.10.3",
                  "inst": "bētu[house]N",
                  "sig": "@saao/saa16%akk-x-neoass:E₂=bītu[house//house]N'N$bētu",
                  "f": {
                    "lang": "akk-x-neoass",
                    "form": "E₂",
                    "cf": "bītu",
                    "gw": "house",
                    "sense": "house",
                    "norm": "bētu",
                    "pos": "N",
                    "epos": "N"
                  }
                },
                {
                  "node": "l",
                  "frag": "qa-lal₂",
                  "id": "P313429.l02bd7",
                  "ref": "P313429.10.4",
                  "inst": "qallalu[very small//tiny]AJ$qallal",
                  "sig": "@saao/saa16%akk-x-neoass:qa-lal₂=qallalu[very small//tiny]AJ'AJ$qallal",
                  "f": {
                    "lang": "akk-x-neoass",
                    "form": "qa-lal₂",
                    "cf": "qallalu",
                    "gw": "very small",
                    "sense": "tiny",
                    "norm": "qallal",
                    "pos": "AJ",
                    "epos": "AJ"
                  }
                },
                {
                  "node": "d",
                  "type": "line-start",
                  "ref": "P313429.11",
                  "n": "10",
                  "label": "o 10"
                },
                {
                  "node": "l",
                  "frag": "⸢ANŠE⸣.NITA₂-ma",
                  "id": "P313429.l02bd8",
                  "ref": "P313429.11.1",
                  "inst": "imēru[donkey]N$imērumma",
                  "sig": "@saao/saa16%akk-x-neoass:ANŠE.NITA₂-ma=imēru[donkey//donkey]N'N$imērumma",
                  "f": {
                    "lang": "akk-x-neoass",
                    "form": "ANŠE.NITA₂-ma",
                    "cf": "imēru",
                    "gw": "donkey",
                    "sense": "donkey",
                    "norm": "imērumma",
                    "pos": "N",
                    "epos": "N"
                  }
                },
                {
                  "node": "c",
                  "type": "phrase",
                  "tag": "phr",
                  "id": "P313429.U8",
                  "ref": "P313429.ls00004",
                  "cdl": [
                    {
                      "node": "l",
                      "frag": "ina",
                      "id": "P313429.l02bd9",
                      "ref": "P313429.11.2",
                      "inst": "ina[in+=there]PRP$",
                      "sig": "@saao/saa16%akk-x-neoass:ina=ina[in//in]PRP'PRP$ina",
                      "f": {
                        "lang": "akk-x-neoass",
                        "form": "ina",
                        "cf": "ina",
                        "gw": "in",
                        "sense": "in",
                        "norm": "ina",
                        "pos": "PRP",
                        "epos": "PRP"
                      }
                    },
                    {
                      "node": "l",
                      "frag": "ŠA₃-bi-šu₂",
                      "id": "P313429.l02bda",
                      "ref": "P313429.11.3",
                      "inst": "libbīšu[interior]N",
                      "sig": "@saao/saa16%akk-x-neoass:ŠA₃-bi-šu₂=libbu[interior//interior]N'N$libbīšu",
                      "f": {
                        "lang": "akk-x-neoass",
                        "form": "ŠA₃-bi-šu₂",
                        "cf": "libbu",
                        "gw": "interior",
                        "sense": "interior",
                        "norm": "libbīšu",
                        "pos": "N",
                        "epos": "N"
                      }
                    }
                  ]
                },
                {
                  "node": "d",
                  "type": "line-start",
                  "ref": "P313429.12",
                  "n": "11",
                  "label": "o 11"
                },
                {
                  "node": "l",
                  "frag": "la",
                  "id": "P313429.l02bdb",
                  "ref": "P313429.12.1",
                  "inst": "lā[not]MOD",
                  "sig": "@saao/saa16%akk-x-neoass:la=lā[not//not]MOD'MOD$lā",
                  "f": {
                    "lang": "akk-x-neoass",
                    "form": "la",
                    "cf": "lā",
                    "gw": "not",
                    "sense": "not",
                    "norm": "lā",
                    "pos": "MOD",
                    "epos": "MOD"
                  }
                },
                {
                  "node": "l",
                  "frag": "e-rab",
                  "id": "P313429.l02bdc",
                  "ref": "P313429.12.2",
                  "inst": "errab[enter]V",
                  "sig": "@saao/saa16%akk-x-neoass:e-rab=erēbu[enter//enter]V'V$errab",
                  "f": {
                    "lang": "akk-x-neoass",
                    "form": "e-rab",
                    "cf": "erēbu",
                    "gw": "enter",
                    "sense": "enter",
                    "norm": "errab",
                    "pos": "V",
                    "epos": "V"
                  }
                },
                {
                  "node": "d",
                  "type": "line-start",
                  "ref": "P313429.13",
                  "n": "12",
                  "label": "o 12"
                },
                {
                  "node": "l",
                  "frag": "E₂",
                  "id": "P313429.l02bdd",
                  "ref": "P313429.13.1",
                  "inst": "bēt[house]N",
                  "sig": "@saao/saa16%akk-x-neoass:E₂=bītu[house//house]N'N$bēt",
                  "f": {
                    "lang": "akk-x-neoass",
                    "form": "E₂",
                    "cf": "bītu",
                    "gw": "house",
                    "sense": "house",
                    "norm": "bēt",
                    "pos": "N",
                    "epos": "N"
                  }
                },
                {
                  "node": "l",
                  "frag": "{1}aš-šur-PAB-ir",
                  "id": "P313429.l02bde",
                  "ref": "P313429.13.2",
                  "inst": "Aššur-naṣir[1]PN$",
                  "sig": "@saao/saa16%akk-x-neoass:{1}aš-šur-PAB-ir=Aššur-naṣir[1//1]PN'PN$Aššur-naṣir",
                  "f": {
                    "lang": "akk-x-neoass",
                    "form": "{1}aš-šur-PAB-ir",
                    "cf": "Aššur-naṣir",
                    "gw": "1",
                    "sense": "1",
                    "norm": "Aššur-naṣir",
                    "pos": "PN",
                    "epos": "PN"
                  }
                },
                {
                  "node": "d",
                  "type": "line-start",
                  "ref": "P313429.14",
                  "n": "13",
                  "label": "o 13"
                },
                {
                  "node": "l",
                  "frag": "DUMU-ŠU.SI-MEŠ",
                  "id": "P313429.l02bdf",
                  "ref": "P313429.14.1",
                  "cof-tails": "P313429.l02be0",
                  "inst": "māru[son]N$mār&banû[good]AJ$banê",
                  "sig": "@saao/saa16%akk-x-neoass:DUMU-ŠU.SI-MEŠ=māru[son//son]N'N$mār&&@saao%akk-x-neoass:=banû[good//good]AJ'AJ$banê",
                  "f": {
                    "lang": "akk-x-neoass",
                    "form": "DUMU-ŠU.SI-MEŠ",
                    "cf": "māru",
                    "gw": "son",
                    "sense": "son",
                    "norm": "mār",
                    "pos": "N",
                    "epos": "N"
                  }
                },
                {
                  "node": "l",
                  "frag": "DUMU-ŠU.SI-MEŠ",
                  "id": "P313429.l02be0",
                  "ref": "P313429.14.1",
                  "cof-head": "P313429.l02bdf",
                  "inst": "māru[son]N$mār&banû[good]AJ$banê",
                  "tail-sig": "@saao%akk-x-neoass:=banû[good//good]AJ'AJ$banê",
                  "f": {
                    "lang": "akk-x-neoass",
                    "form": "DUMU-ŠU.SI-MEŠ",
                    "cf": "banû",
                    "gw": "good",
                    "sense": "good",
                    "norm": "banê",
                    "pos": "AJ",
                    "epos": "AJ"
                  }
                },
                {
                  "node": "l",
                  "frag": "SIG₅",
                  "id": "P313429.l02be1",
                  "ref": "P313429.14.2",
                  "inst": "damqu[good]AJ$dēqe",
                  "sig": "@saao/saa16%akk-x-neoass:SIG₅=damqu[good//good]AJ'AJ$dēqe",
                  "f": {
                    "lang": "akk-x-neoass",
                    "form": "SIG₅",
                    "cf": "damqu",
                    "gw": "good",
                    "sense": "good",
                    "norm": "dēqe",
                    "pos": "AJ",
                    "epos": "AJ"
                  }
                },
                {
                  "node": "d",
                  "type": "line-start",
                  "ref": "P313429.15",
                  "n": "14",
                  "label": "o 14"
                },
                {
                  "node": "l",
                  "frag": "bat-qu",
                  "id": "P313429.l02be2",
                  "ref": "P313429.15.1",
                  "inst": "batqu[replacement]'N",
                  "sig": "@saao/saa16%akk-x-neoass:bat-qu=batqu[cut (off)//replacement]AJ'N$batqu",
                  "f": {
                    "lang": "akk-x-neoass",
                    "form": "bat-qu",
                    "cf": "batqu",
                    "gw": "cut (off)",
                    "sense": "replacement",
                    "norm": "batqu",
                    "pos": "AJ",
                    "epos": "N"
                  }
                },
                {
                  "node": "l",
                  "frag": "ma-aʾ-da",
                  "id": "P313429.l02be3",
                  "ref": "P313429.15.2",
                  "inst": "maʾda[much]'AV",
                  "sig": "@saao/saa16%akk-x-neoass:ma-aʾ-da=mādu[many//much]AJ'AV$maʾda",
                  "f": {
                    "lang": "akk-x-neoass",
                    "form": "ma-aʾ-da",
                    "cf": "mādu",
                    "gw": "many",
                    "sense": "much",
                    "norm": "maʾda",
                    "pos": "AJ",
                    "epos": "AV"
                  }
                },
                {
                  "node": "d",
                  "type": "line-start",
                  "ref": "P313429.16",
                  "n": "15",
                  "label": "o 15"
                },
                {
                  "node": "c",
                  "type": "phrase",
                  "tag": "phr",
                  "id": "P313429.U9",
                  "ref": "P313429.ls00005",
                  "cdl": [
                    {
                      "node": "l",
                      "frag": "ina",
                      "id": "P313429.l02be4",
                      "ref": "P313429.16.1",
                      "inst": "ina[in+=there]PRP$",
                      "sig": "@saao/saa16%akk-x-neoass:ina=ina[in//in]PRP'PRP$ina",
                      "f": {
                        "lang": "akk-x-neoass",
                        "form": "ina",
                        "cf": "ina",
                        "gw": "in",
                        "sense": "in",
                        "norm": "ina",
                        "pos": "PRP",
                        "epos": "PRP"
                      }
                    },
                    {
                      "node": "l",
                      "frag": "ŠA₃-bi",
                      "id": "P313429.l02be5",
                      "ref": "P313429.16.2",
                      "inst": "libbi[interior]N",
                      "sig": "@saao/saa16%akk-x-neoass:ŠA₃-bi=libbu[interior//heart]N'N$libbi",
                      "f": {
                        "lang": "akk-x-neoass",
                        "form": "ŠA₃-bi",
                        "cf": "libbu",
                        "gw": "interior",
                        "sense": "heart",
                        "norm": "libbi",
                        "pos": "N",
                        "epos": "N"
                      }
                    }
                  ]
                },
                {
                  "node": "d",
                  "type": "line-start",
                  "ref": "P313429.17",
                  "n": "16",
                  "label": "o 16"
                },
                {
                  "node": "l",
                  "frag": "{lu₂v}SAG",
                  "id": "P313429.l02be6",
                  "ref": "P313429.17.1",
                  "inst": "ša-rēši[eunuch]N",
                  "sig": "@saao/saa16%akk-x-neoass:{LU₂}SAG=ša-rēši[eunuch//eunuch]N'N$ša-rēši",
                  "f": {
                    "lang": "akk-x-neoass",
                    "form": "{LU₂}SAG",
                    "cf": "ša-rēši",
                    "gw": "eunuch",
                    "sense": "eunuch",
                    "norm": "ša-rēši",
                    "pos": "N",
                    "epos": "N"
                  }
                },
                {
                  "node": "l",
                  "frag": "ša",
                  "id": "P313429.l02be7",
                  "ref": "P313429.17.2",
                  "inst": "ša[who]REL",
                  "sig": "@saao/saa16%akk-x-neoass:ša=ša[that//who]REL'REL$ša",
                  "f": {
                    "lang": "akk-x-neoass",
                    "form": "ša",
                    "cf": "ša",
                    "gw": "that",
                    "sense": "who",
                    "norm": "ša",
                    "pos": "REL",
                    "epos": "REL"
                  }
                },
                {
                  "node": "l",
                  "frag": "šap-⸢ru-ni⸣",
                  "id": "P313429.l02be8",
                  "ref": "P313429.17.3",
                  "inst": "šapru[sent]AJ$šaprūni",
                  "sig": "@saao/saa16%akk-x-neoass:šap-ru-ni=šapru[sent//sent]AJ'AJ$šaprūni",
                  "f": {
                    "lang": "akk-x-neoass",
                    "form": "šap-ru-ni",
                    "cf": "šapru",
                    "gw": "sent",
                    "sense": "sent",
                    "norm": "šaprūni",
                    "pos": "AJ",
                    "epos": "AJ"
                  }
                },
                {
                  "node": "d",
                  "subtype": "bottom",
                  "type": "bottom",
                  "ref": "P313429.b.e..18",
                  "label": "b.e."
                },
                {
                  "node": "d",
                  "type": "nonx",
                  "ref": "P313429.19",
                  "strict": "0",
                  "state": "other"
                },
                {
                  "node": "d",
                  "subtype": "reverse",
                  "type": "reverse",
                  "ref": "P313429.r.20",
                  "label": "r"
                },
                {
                  "node": "d",
                  "type": "line-start",
                  "ref": "P313429.21",
                  "n": "1",
                  "label": "r 1"
                },
                {
                  "node": "l",
                  "frag": "E₂",
                  "id": "P313429.l02be9",
                  "ref": "P313429.21.1",
                  "inst": "bēt[house]N",
                  "sig": "@saao/saa16%akk-x-neoass:E₂=bītu[house//house]N'N$bēt",
                  "f": {
                    "lang": "akk-x-neoass",
                    "form": "E₂",
                    "cf": "bītu",
                    "gw": "house",
                    "sense": "house",
                    "norm": "bēt",
                    "pos": "N",
                    "epos": "N"
                  }
                },
                {
                  "node": "l",
                  "frag": "{1}aš-šur-⸢PAB-ir⸣",
                  "id": "P313429.l02bea",
                  "ref": "P313429.21.2",
                  "inst": "Aššur-naṣir[1]PN$",
                  "sig": "@saao/saa16%akk-x-neoass:{1}aš-šur-PAB-ir=Aššur-naṣir[1//1]PN'PN$Aššur-naṣir",
                  "f": {
                    "lang": "akk-x-neoass",
                    "form": "{1}aš-šur-PAB-ir",
                    "cf": "Aššur-naṣir",
                    "gw": "1",
                    "sense": "1",
                    "norm": "Aššur-naṣir",
                    "pos": "PN",
                    "epos": "PN"
                  }
                },
                {
                  "node": "d",
                  "type": "line-start",
                  "ref": "P313429.22",
                  "n": "2",
                  "label": "r 2"
                },
                {
                  "node": "l",
                  "frag": "a-nu-⸢tu⸣",
                  "id": "P313429.l02beb",
                  "ref": "P313429.22.1",
                  "inst": "unūtu[tools//utensil]N$anūtu",
                  "sig": "@saao/saa16%akk-x-neoass:a-nu-tu=unūtu[tools//utensil]N'N$anūtu",
                  "f": {
                    "lang": "akk-x-neoass",
                    "form": "a-nu-tu",
                    "cf": "unūtu",
                    "gw": "tools",
                    "sense": "utensil",
                    "norm": "anūtu",
                    "pos": "N",
                    "epos": "N"
                  }
                },
                {
                  "node": "l",
                  "frag": "am-mar",
                  "id": "P313429.l02bec",
                  "ref": "P313429.22.2",
                  "inst": "ammar[as many as]REL",
                  "sig": "@saao/saa16%akk-x-neoass:am-mar=ammar[as much as//as many as]REL'REL$ammar",
                  "f": {
                    "lang": "akk-x-neoass",
                    "form": "am-mar",
                    "cf": "ammar",
                    "gw": "as much as",
                    "sense": "as many as",
                    "norm": "ammar",
                    "pos": "REL",
                    "epos": "REL"
                  }
                },
                {
                  "node": "c",
                  "type": "phrase",
                  "tag": "phr",
                  "id": "P313429.U10",
                  "ref": "P313429.ls00006",
                  "cdl": [
                    {
                      "node": "l",
                      "frag": "ina",
                      "id": "P313429.l02bed",
                      "ref": "P313429.22.3",
                      "inst": "ina[in+=there]PRP$",
                      "sig": "@saao/saa16%akk-x-neoass:ina=ina[in//in]PRP'PRP$ina",
                      "f": {
                        "lang": "akk-x-neoass",
                        "form": "ina",
                        "cf": "ina",
                        "gw": "in",
                        "sense": "in",
                        "norm": "ina",
                        "pos": "PRP",
                        "epos": "PRP"
                      }
                    },
                    {
                      "node": "l",
                      "frag": "[ŠA₃-bi]",
                      "id": "P313429.l02bee",
                      "ref": "P313429.22.4",
                      "inst": "libbi[interior]N",
                      "sig": "@saao/saa16%akk-x-neoass:ŠA₃-bi=libbu[interior//heart]N'N$libbi",
                      "f": {
                        "lang": "akk-x-neoass",
                        "form": "ŠA₃-bi",
                        "cf": "libbu",
                        "gw": "interior",
                        "sense": "heart",
                        "norm": "libbi",
                        "pos": "N",
                        "epos": "N"
                      }
                    }
                  ]
                },
                {
                  "node": "d",
                  "type": "line-start",
                  "ref": "P313429.23",
                  "n": "3",
                  "label": "r 3"
                },
                {
                  "node": "l",
                  "frag": "ik-ti-ri-⸢ik⸣",
                  "id": "P313429.l02bef",
                  "ref": "P313429.23.1",
                  "inst": "karāku[roll up//collect]V$iktirik",
                  "sig": "@saao/saa16%akk-x-neoass:ik-ti-ri-ik=karāku[roll up//collect]V'V$iktirik",
                  "f": {
                    "lang": "akk-x-neoass",
                    "form": "ik-ti-ri-ik",
                    "cf": "karāku",
                    "gw": "roll up",
                    "sense": "collect",
                    "norm": "iktirik",
                    "pos": "V",
                    "epos": "V"
                  }
                },
                {
                  "node": "d",
                  "type": "line-start",
                  "ref": "P313429.24",
                  "n": "4",
                  "label": "r 4"
                },
                {
                  "node": "l",
                  "frag": "ina",
                  "id": "P313429.l02bf0",
                  "ref": "P313429.24.1",
                  "inst": "ina[in]PRP",
                  "sig": "@saao/saa16%akk-x-neoass:ina=ina[in//in]PRP'PRP$ina",
                  "f": {
                    "lang": "akk-x-neoass",
                    "form": "ina",
                    "cf": "ina",
                    "gw": "in",
                    "sense": "in",
                    "norm": "ina",
                    "pos": "PRP",
                    "epos": "PRP"
                  }
                },
                {
                  "node": "c",
                  "type": "phrase",
                  "tag": "phr",
                  "id": "P313429.U11",
                  "ref": "P313429.ls00007",
                  "cdl": [
                    {
                      "node": "l",
                      "frag": "E₂-ŠU.2-MEŠ-⸢ia⸣",
                      "id": "P313429.l02bf1",
                      "ref": "P313429.24.2",
                      "cof-tails": "P313429.l02bf2",
                      "inst": "bītu[house]N$bēt&qātu[hand]N$qātīya",
                      "sig": "@saao/saa16%akk-x-neoass:E₂-ŠU.2-MEŠ-ia=bītu[house//house]N'N$bēt&&@saao%akk-x-neoass:=qātu[hand//hand]N'N$qātīya",
                      "f": {
                        "lang": "akk-x-neoass",
                        "form": "E₂-ŠU.2-MEŠ-ia",
                        "cf": "bītu",
                        "gw": "house",
                        "sense": "house",
                        "norm": "bēt",
                        "pos": "N",
                        "epos": "N"
                      }
                    },
                    {
                      "node": "l",
                      "frag": "E₂-ŠU.2-MEŠ-⸢ia⸣",
                      "id": "P313429.l02bf2",
                      "ref": "P313429.24.2",
                      "cof-head": "P313429.l02bf1",
                      "inst": "bītu[house]N$bēt&qātu[hand]N$qātīya",
                      "tail-sig": "@saao%akk-x-neoass:=qātu[hand//hand]N'N$qātīya",
                      "f": {
                        "lang": "akk-x-neoass",
                        "form": "E₂-ŠU.2-MEŠ-ia",
                        "cf": "qātu",
                        "gw": "hand",
                        "sense": "hand",
                        "norm": "qātīya",
                        "pos": "N",
                        "epos": "N"
                      }
                    }
                  ]
                },
                {
                  "node": "d",
                  "type": "line-start",
                  "ref": "P313429.25",
                  "n": "5",
                  "label": "r 5"
                },
                {
                  "node": "l",
                  "frag": "ina",
                  "id": "P313429.l02bf3",
                  "ref": "P313429.25.1",
                  "inst": "ina[in]PRP",
                  "sig": "@saao/saa16%akk-x-neoass:ina=ina[in//in]PRP'PRP$ina",
                  "f": {
                    "lang": "akk-x-neoass",
                    "form": "ina",
                    "cf": "ina",
                    "gw": "in",
                    "sense": "in",
                    "norm": "ina",
                    "pos": "PRP",
                    "epos": "PRP"
                  }
                },
                {
                  "node": "c",
                  "type": "phrase",
                  "tag": "phr",
                  "id": "P313429.U12",
                  "ref": "P313429.ls00008",
                  "cdl": [
                    {
                      "node": "l",
                      "frag": "E₂-ma-a.a-[li]-⸢ia⸣",
                      "id": "P313429.l02bf4",
                      "ref": "P313429.25.2",
                      "cof-tails": "P313429.l02bf5",
                      "inst": "bītu[house]N$bēt&mayyālu[bed]N$mayālīya",
                      "sig": "@saao/saa16%akk-x-neoass:E₂-ma-a.a-li-ia=bītu[house//house]N'N$bēt&&@saao%akk-x-neoass:=mayyālu[bed//bed]N'N$mayālīya",
                      "f": {
                        "lang": "akk-x-neoass",
                        "form": "E₂-ma-a.a-li-ia",
                        "cf": "bītu",
                        "gw": "house",
                        "sense": "house",
                        "norm": "bēt",
                        "pos": "N",
                        "epos": "N"
                      }
                    },
                    {
                      "node": "l",
                      "frag": "E₂-ma-a.a-[li]-⸢ia⸣",
                      "id": "P313429.l02bf5",
                      "ref": "P313429.25.2",
                      "cof-head": "P313429.l02bf4",
                      "inst": "bītu[house]N$bēt&mayyālu[bed]N$mayālīya",
                      "tail-sig": "@saao%akk-x-neoass:=mayyālu[bed//bed]N'N$mayālīya",
                      "f": {
                        "lang": "akk-x-neoass",
                        "form": "E₂-ma-a.a-li-ia",
                        "cf": "mayyālu",
                        "gw": "bed",
                        "sense": "bed",
                        "norm": "mayālīya",
                        "pos": "N",
                        "epos": "N"
                      }
                    }
                  ]
                },
                {
                  "node": "d",
                  "type": "line-start",
                  "ref": "P313429.26",
                  "n": "6",
                  "label": "r 6"
                },
                {
                  "node": "l",
                  "frag": "⸢ik⸣-ta-[ra-ra]",
                  "id": "P313429.l02bf6",
                  "ref": "P313429.26.1",
                  "inst": "karāru[put (down)//pile up]V$iktarāra",
                  "sig": "@saao/saa16%akk-x-neoass:ik-ta-ra-ra=karāru[put (down)//pile up]V'V$iktarāra",
                  "f": {
                    "lang": "akk-x-neoass",
                    "form": "ik-ta-ra-ra",
                    "cf": "karāru",
                    "gw": "put (down)",
                    "sense": "pile up",
                    "norm": "iktarāra",
                    "pos": "V",
                    "epos": "V"
                  }
                },
                {
                  "node": "d",
                  "type": "line-start",
                  "ref": "P313429.27",
                  "n": "7",
                  "label": "r 7"
                },
                {
                  "node": "l",
                  "frag": "⸢liq⸣-bu-ni-šu₂",
                  "id": "P313429.l02bf7",
                  "ref": "P313429.27.1",
                  "inst": "qabû[say]V$liqbûniššu",
                  "sig": "@saao/saa16%akk-x-neoass:liq-bu-ni-šu₂=qabû[say//say]V'V$liqbûniššu",
                  "f": {
                    "lang": "akk-x-neoass",
                    "form": "liq-bu-ni-šu₂",
                    "cf": "qabû",
                    "gw": "say",
                    "sense": "say",
                    "norm": "liqbûniššu",
                    "pos": "V",
                    "epos": "V"
                  }
                },
                {
                  "node": "l",
                  "frag": "⸢x⸣+[x",
                  "id": "P313429.l02bf8",
                  "ref": "P313429.27.2",
                  "inst": "u",
                  "f": {
                    "lang": "akk-x-neoass",
                    "form": "x+x",
                    "pos": "u"
                  }
                },
                {
                  "node": "l",
                  "frag": "x",
                  "id": "P313429.l02bf9",
                  "ref": "P313429.27.3",
                  "inst": "u",
                  "f": {
                    "lang": "akk-x-neoass",
                    "form": "x",
                    "pos": "u"
                  }
                },
                {
                  "node": "l",
                  "frag": "x]",
                  "id": "P313429.l02bfa",
                  "ref": "P313429.27.4",
                  "inst": "u",
                  "f": {
                    "lang": "akk-x-neoass",
                    "form": "x",
                    "pos": "u"
                  }
                },
                {
                  "node": "d",
                  "type": "line-start",
                  "ref": "P313429.28",
                  "n": "8",
                  "label": "r 8"
                },
                {
                  "node": "l",
                  "frag": "[gab]-⸢bi⸣-šu₂",
                  "id": "P313429.l02bfb",
                  "ref": "P313429.28.1",
                  "inst": "gabbīšu[whole]'AJ",
                  "sig": "@saao/saa16%akk-x-neoass:gab-bi-šu₂=gabbu[totality//whole]N'AJ$gabbīšu",
                  "f": {
                    "lang": "akk-x-neoass",
                    "form": "gab-bi-šu₂",
                    "cf": "gabbu",
                    "gw": "totality",
                    "sense": "whole",
                    "norm": "gabbīšu",
                    "pos": "N",
                    "epos": "AJ"
                  }
                },
                {
                  "node": "l",
                  "frag": "[x",
                  "id": "P313429.l02bfc",
                  "ref": "P313429.28.2",
                  "inst": "u",
                  "f": {
                    "lang": "akk-x-neoass",
                    "form": "x",
                    "pos": "u"
                  }
                },
                {
                  "node": "l",
                  "frag": "x",
                  "id": "P313429.l02bfd",
                  "ref": "P313429.28.3",
                  "inst": "u",
                  "f": {
                    "lang": "akk-x-neoass",
                    "form": "x",
                    "pos": "u"
                  }
                },
                {
                  "node": "l",
                  "frag": "x",
                  "id": "P313429.l02bfe",
                  "ref": "P313429.28.4",
                  "inst": "u",
                  "f": {
                    "lang": "akk-x-neoass",
                    "form": "x",
                    "pos": "u"
                  }
                },
                {
                  "node": "l",
                  "frag": "x]",
                  "id": "P313429.l02bff",
                  "ref": "P313429.28.5",
                  "inst": "u",
                  "f": {
                    "lang": "akk-x-neoass",
                    "form": "x",
                    "pos": "u"
                  }
                },
                {
                  "node": "d",
                  "type": "line-start",
                  "ref": "P313429.29",
                  "n": "9",
                  "label": "r 9"
                },
                {
                  "node": "l",
                  "frag": "[x",
                  "id": "P313429.l02c00",
                  "ref": "P313429.29.1",
                  "inst": "u",
                  "f": {
                    "lang": "akk-x-neoass",
                    "form": "x",
                    "pos": "u"
                  }
                },
                {
                  "node": "l",
                  "frag": "x",
                  "id": "P313429.l02c01",
                  "ref": "P313429.29.2",
                  "inst": "u",
                  "f": {
                    "lang": "akk-x-neoass",
                    "form": "x",
                    "pos": "u"
                  }
                },
                {
                  "node": "l",
                  "frag": "x",
                  "id": "P313429.l02c02",
                  "ref": "P313429.29.3",
                  "inst": "u",
                  "f": {
                    "lang": "akk-x-neoass",
                    "form": "x",
                    "pos": "u"
                  }
                },
                {
                  "node": "l",
                  "frag": "x",
                  "id": "P313429.l02c03",
                  "ref": "P313429.29.4",
                  "inst": "u",
                  "f": {
                    "lang": "akk-x-neoass",
                    "form": "x",
                    "pos": "u"
                  }
                },
                {
                  "node": "l",
                  "frag": "x]+⸢x⸣",
                  "id": "P313429.l02c04",
                  "ref": "P313429.29.5",
                  "inst": "u",
                  "f": {
                    "lang": "akk-x-neoass",
                    "form": "x+x",
                    "pos": "u"
                  }
                },
                {
                  "node": "l",
                  "frag": "me",
                  "id": "P313429.l02c05",
                  "ref": "P313429.29.6",
                  "inst": "u",
                  "f": {
                    "lang": "akk-x-neoass",
                    "form": "me",
                    "pos": "u"
                  }
                },
                {
                  "node": "l",
                  "frag": "[x]",
                  "id": "P313429.l02c06",
                  "ref": "P313429.29.7",
                  "inst": "u",
                  "f": {
                    "lang": "akk-x-neoass",
                    "form": "x",
                    "pos": "u"
                  }
                },
                {
                  "node": "d",
                  "type": "line-start",
                  "ref": "P313429.30",
                  "n": "10",
                  "label": "r 10"
                },
                {
                  "node": "l",
                  "frag": "[x",
                  "id": "P313429.l02c07",
                  "ref": "P313429.30.1",
                  "inst": "u",
                  "f": {
                    "lang": "akk-x-neoass",
                    "form": "x",
                    "pos": "u"
                  }
                },
                {
                  "node": "l",
                  "frag": "x",
                  "id": "P313429.l02c08",
                  "ref": "P313429.30.2",
                  "inst": "u",
                  "f": {
                    "lang": "akk-x-neoass",
                    "form": "x",
                    "pos": "u"
                  }
                },
                {
                  "node": "l",
                  "frag": "x",
                  "id": "P313429.l02c09",
                  "ref": "P313429.30.3",
                  "inst": "u",
                  "f": {
                    "lang": "akk-x-neoass",
                    "form": "x",
                    "pos": "u"
                  }
                },
                {
                  "node": "l",
                  "frag": "x",
                  "id": "P313429.l02c0a",
                  "ref": "P313429.30.4",
                  "inst": "u",
                  "f": {
                    "lang": "akk-x-neoass",
                    "form": "x",
                    "pos": "u"
                  }
                },
                {
                  "node": "l",
                  "frag": "x]",
                  "id": "P313429.l02c0b",
                  "ref": "P313429.30.5",
                  "inst": "u",
                  "f": {
                    "lang": "akk-x-neoass",
                    "form": "x",
                    "pos": "u"
                  }
                },
                {
                  "node": "l",
                  "frag": "⸢lu⸣-še-ṣu-ni",
                  "id": "P313429.l02c0c",
                  "ref": "P313429.30.6",
                  "inst": "aṣû[go out//bring out]V$lušēṣûni",
                  "sig": "@saao/saa16%akk-x-neoass:lu-še-ṣu-ni=aṣû[go out//bring out]V'V$lušēṣûni",
                  "f": {
                    "lang": "akk-x-neoass",
                    "form": "lu-še-ṣu-ni",
                    "cf": "aṣû",
                    "gw": "go out",
                    "sense": "bring out",
                    "norm": "lušēṣûni",
                    "pos": "V",
                    "epos": "V"
                  }
                },
                {
                  "node": "d",
                  "type": "nonx",
                  "ref": "P313429.31",
                  "strict": "0",
                  "extent": "rest",
                  "state": "missing"
                }
              ]
            }
          ]
        }
      ]
    },
    {
      "linkbase": [
        {
          "type": "linkset",
          "xlink_title": "ina muhhi[on//about]PRP'PRP",
          "id": "P313429.ls00000",
          "xlink_type": "extended",
          "xlink_role": "psu",
          "sig": "{ina[in]PRP muhhu[skull]N += ina muhhi[on//about]PRP'PRP}::@saao%akk-x-neoass:ina=ina[in//into]PRP'PRP$ina++@saao%akk-x-neoass:UGU=muhhu[skull//skull]N'N$muhhi",
          "links": [
            {
              "type": "link",
              "xlink_title": "ina",
              "xlink_type": "locator",
              "xlink_href": "#P313429.l02bc3",
              "xlink_role": "elt"
            },
            {
              "type": "link",
              "xlink_title": "muhhi",
              "xlink_type": "locator",
              "xlink_href": "#P313429.l02bc4",
              "xlink_role": "elt"
            }
          ]
        },
        {
          "type": "linkset",
          "xlink_title": "ina muhhi[on//about]PRP'PRP",
          "id": "P313429.ls00001",
          "xlink_type": "extended",
          "xlink_role": "psu",
          "sig": "{ina[in]PRP muhhu[skull]N += ina muhhi[on//about]PRP'PRP}::@saao%akk-x-neoass:ina=ina[in//into]PRP'PRP$ina++@saao%akk-x-neoass:UGU=muhhu[skull//skull]N'N$muhhi",
          "links": [
            {
              "type": "link",
              "xlink_title": "ina",
              "xlink_type": "locator",
              "xlink_href": "#P313429.l02bc7",
              "xlink_role": "elt"
            },
            {
              "type": "link",
              "xlink_title": "muhhi",
              "xlink_type": "locator",
              "xlink_href": "#P313429.l02bc8",
              "xlink_role": "elt"
            }
          ]
        },
        {
          "type": "linkset",
          "xlink_title": "rab ṭupšarri[chief scribe//chief scribe]N'N",
          "id": "P313429.ls00002",
          "xlink_type": "extended",
          "xlink_role": "psu",
          "sig": "{rabû[big one]N ṭupšarru[scribe]N += rab ṭupšarri[chief scribe//chief scribe]N'N}::@saao%akk-x-neoass:{LU₂}GAL-A.BA=rabû[big one//big one]N'N$rab++@saao%akk-x-neoass:{LU₂}GAL-A.BA=ṭupšarru[scribe//scribe]N'N$ṭupšarri",
          "links": [
            {
              "type": "link",
              "xlink_title": "rabû",
              "xlink_type": "locator",
              "xlink_href": "#P313429.l02bca",
              "xlink_role": "elt"
            },
            {
              "type": "link",
              "xlink_title": "ṭupšarru",
              "xlink_type": "locator",
              "xlink_href": "#P313429.l02bcb",
              "xlink_role": "elt"
            }
          ]
        },
        {
          "type": "linkset",
          "xlink_title": "rab ṭupšarri[chief scribe//chief scribe]N'N",
          "id": "P313429.ls00003",
          "xlink_type": "extended",
          "xlink_role": "psu",
          "sig": "{rabû[big one]N ṭupšarru[scribe]N += rab ṭupšarri[chief scribe//chief scribe]N'N}::@saao%akk-x-neoass:{LU₂}GAL-A.BA=rabû[big one//big one]N'N$rab++@saao%akk-x-neoass:{LU₂}GAL-A.BA=ṭupšarru[scribe//scribe]N'N$ṭupšarri",
          "links": [
            {
              "type": "link",
              "xlink_title": "rabû",
              "xlink_type": "locator",
              "xlink_href": "#P313429.l02bd4",
              "xlink_role": "elt"
            },
            {
              "type": "link",
              "xlink_title": "ṭupšarru",
              "xlink_type": "locator",
              "xlink_href": "#P313429.l02bd5",
              "xlink_role": "elt"
            }
          ]
        },
        {
          "type": "linkset",
          "xlink_title": "ina libbi[in//(in exchange) for]PRP'PRP",
          "id": "P313429.ls00004",
          "xlink_type": "extended",
          "xlink_role": "psu",
          "sig": "{ina[in]PRP libbu[interior]N += ina libbi[in//(in exchange) for]PRP'PRP}::@saao%akk-x-neoass:ina=ina[in//into]PRP'PRP$ina++@saao%akk-x-neoass:ŠA₃-bi-šu₂=libbu[interior//interior]N'N$libbīšu",
          "links": [
            {
              "type": "link",
              "xlink_title": "ina",
              "xlink_type": "locator",
              "xlink_href": "#P313429.l02bd9",
              "xlink_role": "elt"
            },
            {
              "type": "link",
              "xlink_title": "libbīšu",
              "xlink_type": "locator",
              "xlink_href": "#P313429.l02bda",
              "xlink_role": "elt"
            }
          ]
        },
        {
          "type": "linkset",
          "xlink_title": "ina libbi[in//(in exchange) for]PRP'PRP",
          "id": "P313429.ls00005",
          "xlink_type": "extended",
          "xlink_role": "psu",
          "sig": "{ina[in]PRP libbu[interior]N += ina libbi[in//(in exchange) for]PRP'PRP}::@saao%akk-x-neoass:ina=ina[in//into]PRP'PRP$ina++@saao%akk-x-neoass:ŠA₃-bi=libbu[interior//interior]N'N$libbi",
          "links": [
            {
              "type": "link",
              "xlink_title": "ina",
              "xlink_type": "locator",
              "xlink_href": "#P313429.l02be4",
              "xlink_role": "elt"
            },
            {
              "type": "link",
              "xlink_title": "libbu",
              "xlink_type": "locator",
              "xlink_href": "#P313429.l02be5",
              "xlink_role": "elt"
            }
          ]
        },
        {
          "type": "linkset",
          "xlink_title": "ina libbi[in//(in exchange) for]PRP'PRP",
          "id": "P313429.ls00006",
          "xlink_type": "extended",
          "xlink_role": "psu",
          "sig": "{ina[in]PRP libbu[interior]N += ina libbi[in//(in exchange) for]PRP'PRP}::@saao%akk-x-neoass:ina=ina[in//into]PRP'PRP$ina++@saao%akk-x-neoass:ŠA₃-bi=libbu[interior//interior]N'N$libbi",
          "links": [
            {
              "type": "link",
              "xlink_title": "ina",
              "xlink_type": "locator",
              "xlink_href": "#P313429.l02bed",
              "xlink_role": "elt"
            },
            {
              "type": "link",
              "xlink_title": "libbu",
              "xlink_type": "locator",
              "xlink_href": "#P313429.l02bee",
              "xlink_role": "elt"
            }
          ]
        },
        {
          "type": "linkset",
          "xlink_title": "bīt qāti[house of hand(s)//storehouse]N'N",
          "id": "P313429.ls00007",
          "xlink_type": "extended",
          "xlink_role": "psu",
          "sig": "{bītu[house]N qātu[hand]N += bīt qāti[house of hand(s)//storehouse]N'N}::@saao%akk-x-neoass:E₂-ŠU.2-MEŠ-ia=bītu[house//house]N'N$bēt++@saao%akk-x-neoass:E₂-ŠU.2-MEŠ-ia=qātu[hand//hand]N'N$qātīya",
          "links": [
            {
              "type": "link",
              "xlink_title": "bītu",
              "xlink_type": "locator",
              "xlink_href": "#P313429.l02bf1",
              "xlink_role": "elt"
            },
            {
              "type": "link",
              "xlink_title": "qātu",
              "xlink_type": "locator",
              "xlink_href": "#P313429.l02bf2",
              "xlink_role": "elt"
            }
          ]
        },
        {
          "type": "linkset",
          "xlink_title": "bīt mayyāli[bedroom//bedroom]N'N",
          "id": "P313429.ls00008",
          "xlink_type": "extended",
          "xlink_role": "psu",
          "sig": "{bītu[house]N mayyālu[bed]N += bīt mayyāli[bedroom//bedroom]N'N}::@saao%akk-x-neoass:E₂-ma-a.a-li-ia=bītu[house//house]N'N$bēt++@saao%akk-x-neoass:E₂-ma-a.a-li-ia=mayyālu[bed//bed]N'N$mayālīya",
          "links": [
            {
              "type": "link",
              "xlink_title": "bītu",
              "xlink_type": "locator",
              "xlink_href": "#P313429.l02bf4",
              "xlink_role": "elt"
            },
            {
              "type": "link",
              "xlink_title": "mayyālu",
              "xlink_type": "locator",
              "xlink_href": "#P313429.l02bf5",
              "xlink_role": "elt"
            }
          ]
        }
      ]
    }
  ]
}
