{
  "type": "cdl",
  "source": "http://oracc.org/saao/saa16",
  "license": "This data is released under the CC0 license",
  "license-url": "https://creativecommons.org/publicdomain/zero/1.0/",
  "more-info": "http://oracc.org/doc/opendata/",
  "UTC-timestamp": "2017-06-10T00:56:57",
  "project": "saao/saa16",
  "textid": "P314372",
  "cdl": [
    {
      "node": "c",
      "type": "text",
      "id": "P314372.U0",
      "cdl": [
        {
          "node": "d",
          "type": "object",
          "ref": ""
        },
        {
          "node": "d",
          "subtype": "obverse",
          "type": "obverse",
          "ref": "P314372.o.1",
          "label": "o"
        },
        {
          "node": "c",
          "type": "discourse",
          "subtype": "body",
          "id": "P314372.U1",
          "cdl": [
            {
              "node": "c",
              "type": "sentence",
              "id": "P314372.U2",
              "label": "o 1 - r.e. 10",
              "cdl": [
                {
                  "node": "d",
                  "type": "line-start",
                  "ref": "P314372.2",
                  "n": "1",
                  "label": "o 1"
                },
                {
                  "node": "l",
                  "frag": "[a-na]",
                  "id": "P314372.l0493b",
                  "ref": "P314372.2.1",
                  "inst": "ana[to]PRP",
                  "sig": "@saao/saa16%akk-x-neoass:a-na=ana[to//to]PRP'PRP$ana",
                  "f": {
                    "lang": "akk-x-neoass",
                    "form": "a-na",
                    "cf": "ana",
                    "gw": "to",
                    "sense": "to",
                    "norm": "ana",
                    "pos": "PRP",
                    "epos": "PRP"
                  }
                },
                {
                  "node": "l",
                  "frag": "⸢LUGAL⸣",
                  "id": "P314372.l0493c",
                  "ref": "P314372.2.2",
                  "inst": "šarri[king]N",
                  "sig": "@saao/saa16%akk-x-neoass:LUGAL=šarru[king//king]N'N$šarri",
                  "f": {
                    "lang": "akk-x-neoass",
                    "form": "LUGAL",
                    "cf": "šarru",
                    "gw": "king",
                    "sense": "king",
                    "norm": "šarri",
                    "pos": "N",
                    "epos": "N"
                  }
                },
                {
                  "node": "l",
                  "frag": "EN-ia",
                  "id": "P314372.l0493d",
                  "ref": "P314372.2.3",
                  "inst": "bēlīya[lord]N",
                  "sig": "@saao/saa16%akk-x-neoass:EN-ia=bēlu[lord//lord]N'N$bēlīya",
                  "f": {
                    "lang": "akk-x-neoass",
                    "form": "EN-ia",
                    "cf": "bēlu",
                    "gw": "lord",
                    "sense": "lord",
                    "norm": "bēlīya",
                    "pos": "N",
                    "epos": "N"
                  }
                },
                {
                  "node": "l",
                  "frag": "ARAD-ka",
                  "id": "P314372.l0493e",
                  "ref": "P314372.2.4",
                  "inst": "urdaka[servant]N",
                  "sig": "@saao/saa16%akk-x-neoass:ARAD-ka=ardu[slave//servant]N'N$urdaka",
                  "f": {
                    "lang": "akk-x-neoass",
                    "form": "ARAD-ka",
                    "cf": "ardu",
                    "gw": "slave",
                    "sense": "servant",
                    "norm": "urdaka",
                    "pos": "N",
                    "epos": "N"
                  }
                },
                {
                  "node": "l",
                  "frag": "{1}x",
                  "id": "P314372.l0493f",
                  "ref": "P314372.2.5",
                  "inst": "u",
                  "f": {
                    "lang": "akk-x-neoass",
                    "form": "{1}x",
                    "pos": "u"
                  }
                },
                {
                  "node": "l",
                  "frag": "x",
                  "id": "P314372.l04940",
                  "ref": "P314372.2.6",
                  "inst": "u",
                  "f": {
                    "lang": "akk-x-neoass",
                    "form": "x",
                    "pos": "u"
                  }
                },
                {
                  "node": "l",
                  "frag": "x",
                  "id": "P314372.l04941",
                  "ref": "P314372.2.7",
                  "inst": "u",
                  "f": {
                    "lang": "akk-x-neoass",
                    "form": "x",
                    "pos": "u"
                  }
                },
                {
                  "node": "l",
                  "frag": "x]",
                  "id": "P314372.l04942",
                  "ref": "P314372.2.8",
                  "inst": "u",
                  "f": {
                    "lang": "akk-x-neoass",
                    "form": "x",
                    "pos": "u"
                  }
                },
                {
                  "node": "d",
                  "type": "line-start",
                  "ref": "P314372.3",
                  "n": "2",
                  "label": "o 2"
                },
                {
                  "node": "l",
                  "frag": "[lu-u",
                  "id": "P314372.l04943",
                  "ref": "P314372.3.1",
                  "inst": "lū[may]MOD",
                  "sig": "@saao/saa16%akk-x-neoass:lu-u=lū[may//may]MOD'MOD$lū",
                  "f": {
                    "lang": "akk-x-neoass",
                    "form": "lu-u",
                    "cf": "lū",
                    "gw": "may",
                    "sense": "may",
                    "norm": "lū",
                    "pos": "MOD",
                    "epos": "MOD"
                  }
                },
                {
                  "node": "l",
                  "frag": "DI]-mu",
                  "id": "P314372.l04944",
                  "ref": "P314372.3.2",
                  "inst": "šulmu[health]N",
                  "sig": "@saao/saa16%akk-x-neoass:DI-mu=šulmu[completeness//health]N'N$šulmu",
                  "f": {
                    "lang": "akk-x-neoass",
                    "form": "DI-mu",
                    "cf": "šulmu",
                    "gw": "completeness",
                    "sense": "health",
                    "norm": "šulmu",
                    "pos": "N",
                    "epos": "N"
                  }
                },
                {
                  "node": "l",
                  "frag": "a-na",
                  "id": "P314372.l04945",
                  "ref": "P314372.3.3",
                  "inst": "ana[to]PRP",
                  "sig": "@saao/saa16%akk-x-neoass:a-na=ana[to//to]PRP'PRP$ana",
                  "f": {
                    "lang": "akk-x-neoass",
                    "form": "a-na",
                    "cf": "ana",
                    "gw": "to",
                    "sense": "to",
                    "norm": "ana",
                    "pos": "PRP",
                    "epos": "PRP"
                  }
                },
                {
                  "node": "l",
                  "frag": "LUGAL",
                  "id": "P314372.l04946",
                  "ref": "P314372.3.4",
                  "inst": "šarri[king]N",
                  "sig": "@saao/saa16%akk-x-neoass:LUGAL=šarru[king//king]N'N$šarri",
                  "f": {
                    "lang": "akk-x-neoass",
                    "form": "LUGAL",
                    "cf": "šarru",
                    "gw": "king",
                    "sense": "king",
                    "norm": "šarri",
                    "pos": "N",
                    "epos": "N"
                  }
                },
                {
                  "node": "l",
                  "frag": "EN-[ia]",
                  "id": "P314372.l04947",
                  "ref": "P314372.3.5",
                  "inst": "bēlīya[lord]N",
                  "sig": "@saao/saa16%akk-x-neoass:EN-ia=bēlu[lord//lord]N'N$bēlīya",
                  "f": {
                    "lang": "akk-x-neoass",
                    "form": "EN-ia",
                    "cf": "bēlu",
                    "gw": "lord",
                    "sense": "lord",
                    "norm": "bēlīya",
                    "pos": "N",
                    "epos": "N"
                  }
                },
                {
                  "node": "d",
                  "type": "line-start",
                  "ref": "P314372.4",
                  "n": "3",
                  "label": "o 3"
                },
                {
                  "node": "l",
                  "frag": "{[d}x",
                  "id": "P314372.l04948",
                  "ref": "P314372.4.1",
                  "inst": "u",
                  "f": {
                    "lang": "akk-x-neoass",
                    "form": "{d}x",
                    "pos": "u"
                  }
                },
                {
                  "node": "l",
                  "frag": "{d}x]",
                  "id": "P314372.l04949",
                  "ref": "P314372.4.2",
                  "inst": "u",
                  "f": {
                    "lang": "akk-x-neoass",
                    "form": "{d}x",
                    "pos": "u"
                  }
                },
                {
                  "node": "l",
                  "frag": "a-na",
                  "id": "P314372.l0494a",
                  "ref": "P314372.4.3",
                  "inst": "ana[to]PRP",
                  "sig": "@saao/saa16%akk-x-neoass:a-na=ana[to//to]PRP'PRP$ana",
                  "f": {
                    "lang": "akk-x-neoass",
                    "form": "a-na",
                    "cf": "ana",
                    "gw": "to",
                    "sense": "to",
                    "norm": "ana",
                    "pos": "PRP",
                    "epos": "PRP"
                  }
                },
                {
                  "node": "l",
                  "frag": "LUGAL",
                  "id": "P314372.l0494b",
                  "ref": "P314372.4.4",
                  "inst": "šarri[king]N",
                  "sig": "@saao/saa16%akk-x-neoass:LUGAL=šarru[king//king]N'N$šarri",
                  "f": {
                    "lang": "akk-x-neoass",
                    "form": "LUGAL",
                    "cf": "šarru",
                    "gw": "king",
                    "sense": "king",
                    "norm": "šarri",
                    "pos": "N",
                    "epos": "N"
                  }
                },
                {
                  "node": "l",
                  "frag": "EN-ia",
                  "id": "P314372.l0494c",
                  "ref": "P314372.4.5",
                  "inst": "bēlīya[lord]N",
                  "sig": "@saao/saa16%akk-x-neoass:EN-ia=bēlu[lord//lord]N'N$bēlīya",
                  "f": {
                    "lang": "akk-x-neoass",
                    "form": "EN-ia",
                    "cf": "bēlu",
                    "gw": "lord",
                    "sense": "lord",
                    "norm": "bēlīya",
                    "pos": "N",
                    "epos": "N"
                  }
                },
                {
                  "node": "l",
                  "frag": "⸢lik⸣-[ru-bu]",
                  "id": "P314372.l0494d",
                  "ref": "P314372.4.6",
                  "inst": "likrubu[bless]V",
                  "sig": "@saao/saa16%akk-x-neoass:lik-ru-bu=karābu[pray//bless]V'V$likrubu",
                  "f": {
                    "lang": "akk-x-neoass",
                    "form": "lik-ru-bu",
                    "cf": "karābu",
                    "gw": "pray",
                    "sense": "bless",
                    "norm": "likrubu",
                    "pos": "V",
                    "epos": "V"
                  }
                },
                {
                  "node": "d",
                  "type": "line-start",
                  "ref": "P314372.5",
                  "n": "4",
                  "label": "o 4"
                },
                {
                  "node": "l",
                  "frag": "[ša",
                  "id": "P314372.l0494e",
                  "ref": "P314372.5.1",
                  "inst": "ša[what]REL",
                  "sig": "@saao/saa16%akk-x-neoass:ša=ša[that//what]REL'REL$ša",
                  "f": {
                    "lang": "akk-x-neoass",
                    "form": "ša",
                    "cf": "ša",
                    "gw": "that",
                    "sense": "what",
                    "norm": "ša",
                    "pos": "REL",
                    "epos": "REL"
                  }
                },
                {
                  "node": "l",
                  "frag": "LUGAL",
                  "id": "P314372.l0494f",
                  "ref": "P314372.5.2",
                  "inst": "šarru[king]N",
                  "sig": "@saao/saa16%akk-x-neoass:LUGAL=šarru[king//king]N'N$šarru",
                  "f": {
                    "lang": "akk-x-neoass",
                    "form": "LUGAL",
                    "cf": "šarru",
                    "gw": "king",
                    "sense": "king",
                    "norm": "šarru",
                    "pos": "N",
                    "epos": "N"
                  }
                },
                {
                  "node": "l",
                  "frag": "be]-⸢li₂⸣",
                  "id": "P314372.l04950",
                  "ref": "P314372.5.3",
                  "inst": "bēlī[lord]N",
                  "sig": "@saao/saa16%akk-x-neoass:be-li₂=bēlu[lord//lord]N'N$bēlī",
                  "f": {
                    "lang": "akk-x-neoass",
                    "form": "be-li₂",
                    "cf": "bēlu",
                    "gw": "lord",
                    "sense": "lord",
                    "norm": "bēlī",
                    "pos": "N",
                    "epos": "N"
                  }
                },
                {
                  "node": "c",
                  "type": "phrase",
                  "tag": "phr",
                  "id": "P314372.U4",
                  "ref": "P314372.ls00000",
                  "cdl": [
                    {
                      "node": "l",
                      "frag": "ina",
                      "id": "P314372.l04951",
                      "ref": "P314372.5.4",
                      "inst": "ina[in+=to]PRP$",
                      "sig": "@saao/saa16%akk-x-neoass:ina=ina[in//in]PRP'PRP$ina",
                      "f": {
                        "lang": "akk-x-neoass",
                        "form": "ina",
                        "cf": "ina",
                        "gw": "in",
                        "sense": "in",
                        "norm": "ina",
                        "pos": "PRP",
                        "epos": "PRP"
                      }
                    },
                    {
                      "node": "l",
                      "frag": "UGU",
                      "id": "P314372.l04952",
                      "ref": "P314372.5.5",
                      "inst": "muhhi[skull]N",
                      "sig": "@saao/saa16%akk-x-neoass:UGU=muhhu[skull//skull]N'N$muhhi",
                      "f": {
                        "lang": "akk-x-neoass",
                        "form": "UGU",
                        "cf": "muhhu",
                        "gw": "skull",
                        "sense": "skull",
                        "norm": "muhhi",
                        "pos": "N",
                        "epos": "N"
                      }
                    }
                  ]
                },
                {
                  "node": "l",
                  "frag": "ARAD-šu₂",
                  "id": "P314372.l04953",
                  "ref": "P314372.5.6",
                  "inst": "urdīšu[servant]N",
                  "sig": "@saao/saa16%akk-x-neoass:ARAD-šu₂=ardu[slave//servant]N'N$urdīšu",
                  "f": {
                    "lang": "akk-x-neoass",
                    "form": "ARAD-šu₂",
                    "cf": "ardu",
                    "gw": "slave",
                    "sense": "servant",
                    "norm": "urdīšu",
                    "pos": "N",
                    "epos": "N"
                  }
                },
                {
                  "node": "l",
                  "frag": "⸢iš⸣-[pur-u-ni]",
                  "id": "P314372.l04954",
                  "ref": "P314372.5.7",
                  "inst": "šapāru[send//write]V$išpurūni",
                  "sig": "@saao/saa16%akk-x-neoass:iš-pur-u-ni=šapāru[send//write]V'V$išpurūni",
                  "f": {
                    "lang": "akk-x-neoass",
                    "form": "iš-pur-u-ni",
                    "cf": "šapāru",
                    "gw": "send",
                    "sense": "write",
                    "norm": "išpurūni",
                    "pos": "V",
                    "epos": "V"
                  }
                },
                {
                  "node": "d",
                  "type": "line-start",
                  "ref": "P314372.6",
                  "n": "5",
                  "label": "o 5"
                },
                {
                  "node": "l",
                  "frag": "[x",
                  "id": "P314372.l04955",
                  "ref": "P314372.6.1",
                  "inst": "u",
                  "f": {
                    "lang": "akk-x-neoass",
                    "form": "x",
                    "pos": "u"
                  }
                },
                {
                  "node": "l",
                  "frag": "x",
                  "id": "P314372.l04956",
                  "ref": "P314372.6.2",
                  "inst": "u",
                  "f": {
                    "lang": "akk-x-neoass",
                    "form": "x",
                    "pos": "u"
                  }
                },
                {
                  "node": "l",
                  "frag": "x",
                  "id": "P314372.l04957",
                  "ref": "P314372.6.3",
                  "inst": "u",
                  "f": {
                    "lang": "akk-x-neoass",
                    "form": "x",
                    "pos": "u"
                  }
                },
                {
                  "node": "l",
                  "frag": "x]",
                  "id": "P314372.l04958",
                  "ref": "P314372.6.4",
                  "inst": "u",
                  "f": {
                    "lang": "akk-x-neoass",
                    "form": "x",
                    "pos": "u"
                  }
                },
                {
                  "node": "l",
                  "frag": "⸢di⸣",
                  "id": "P314372.l04959",
                  "ref": "P314372.6.5",
                  "inst": "u",
                  "f": {
                    "lang": "akk-x-neoass",
                    "form": "di",
                    "pos": "u"
                  }
                },
                {
                  "node": "l",
                  "frag": "zi",
                  "id": "P314372.l0495a",
                  "ref": "P314372.6.6",
                  "inst": "u",
                  "f": {
                    "lang": "akk-x-neoass",
                    "form": "zi",
                    "pos": "u"
                  }
                },
                {
                  "node": "l",
                  "frag": "[x",
                  "id": "P314372.l0495b",
                  "ref": "P314372.6.7",
                  "inst": "u",
                  "f": {
                    "lang": "akk-x-neoass",
                    "form": "x",
                    "pos": "u"
                  }
                },
                {
                  "node": "l",
                  "frag": "x",
                  "id": "P314372.l0495c",
                  "ref": "P314372.6.8",
                  "inst": "u",
                  "f": {
                    "lang": "akk-x-neoass",
                    "form": "x",
                    "pos": "u"
                  }
                },
                {
                  "node": "l",
                  "frag": "x",
                  "id": "P314372.l0495d",
                  "ref": "P314372.6.9",
                  "inst": "u",
                  "f": {
                    "lang": "akk-x-neoass",
                    "form": "x",
                    "pos": "u"
                  }
                },
                {
                  "node": "l",
                  "frag": "x]",
                  "id": "P314372.l0495e",
                  "ref": "P314372.6.10",
                  "inst": "u",
                  "f": {
                    "lang": "akk-x-neoass",
                    "form": "x",
                    "pos": "u"
                  }
                },
                {
                  "node": "d",
                  "type": "nonx",
                  "ref": "P314372.7",
                  "strict": "0",
                  "extent": "rest",
                  "state": "missing"
                },
                {
                  "node": "d",
                  "subtype": "reverse",
                  "type": "reverse",
                  "ref": "P314372.r.8",
                  "label": "r"
                },
                {
                  "node": "d",
                  "type": "nonx",
                  "ref": "P314372.9",
                  "strict": "0",
                  "extent": "beginning",
                  "state": "missing"
                },
                {
                  "node": "d",
                  "type": "line-start",
                  "ref": "P314372.10",
                  "n": "1'",
                  "label": "r 1'"
                },
                {
                  "node": "l",
                  "frag": "[x",
                  "id": "P314372.l0495f",
                  "ref": "P314372.10.1",
                  "inst": "u",
                  "f": {
                    "lang": "akk-x-neoass",
                    "form": "x",
                    "pos": "u"
                  }
                },
                {
                  "node": "l",
                  "frag": "x",
                  "id": "P314372.l04960",
                  "ref": "P314372.10.2",
                  "inst": "u",
                  "f": {
                    "lang": "akk-x-neoass",
                    "form": "x",
                    "pos": "u"
                  }
                },
                {
                  "node": "l",
                  "frag": "x",
                  "id": "P314372.l04961",
                  "ref": "P314372.10.3",
                  "inst": "u",
                  "f": {
                    "lang": "akk-x-neoass",
                    "form": "x",
                    "pos": "u"
                  }
                },
                {
                  "node": "l",
                  "frag": "x",
                  "id": "P314372.l04962",
                  "ref": "P314372.10.4",
                  "inst": "u",
                  "f": {
                    "lang": "akk-x-neoass",
                    "form": "x",
                    "pos": "u"
                  }
                },
                {
                  "node": "l",
                  "frag": "x]+⸢x⸣-ta-te",
                  "id": "P314372.l04963",
                  "ref": "P314372.10.5",
                  "inst": "u",
                  "f": {
                    "lang": "akk-x-neoass",
                    "form": "x+x-ta-te",
                    "pos": "u"
                  }
                },
                {
                  "node": "l",
                  "frag": "[x",
                  "id": "P314372.l04964",
                  "ref": "P314372.10.6",
                  "inst": "u",
                  "f": {
                    "lang": "akk-x-neoass",
                    "form": "x",
                    "pos": "u"
                  }
                },
                {
                  "node": "l",
                  "frag": "x",
                  "id": "P314372.l04965",
                  "ref": "P314372.10.7",
                  "inst": "u",
                  "f": {
                    "lang": "akk-x-neoass",
                    "form": "x",
                    "pos": "u"
                  }
                },
                {
                  "node": "l",
                  "frag": "x]",
                  "id": "P314372.l04966",
                  "ref": "P314372.10.8",
                  "inst": "u",
                  "f": {
                    "lang": "akk-x-neoass",
                    "form": "x",
                    "pos": "u"
                  }
                },
                {
                  "node": "d",
                  "type": "line-start",
                  "ref": "P314372.11",
                  "n": "2'",
                  "label": "r 2'"
                },
                {
                  "node": "l",
                  "frag": "[x",
                  "id": "P314372.l04967",
                  "ref": "P314372.11.1",
                  "inst": "u",
                  "f": {
                    "lang": "akk-x-neoass",
                    "form": "x",
                    "pos": "u"
                  }
                },
                {
                  "node": "l",
                  "frag": "x",
                  "id": "P314372.l04968",
                  "ref": "P314372.11.2",
                  "inst": "u",
                  "f": {
                    "lang": "akk-x-neoass",
                    "form": "x",
                    "pos": "u"
                  }
                },
                {
                  "node": "l",
                  "frag": "x",
                  "id": "P314372.l04969",
                  "ref": "P314372.11.3",
                  "inst": "u",
                  "f": {
                    "lang": "akk-x-neoass",
                    "form": "x",
                    "pos": "u"
                  }
                },
                {
                  "node": "l",
                  "frag": "x]+⸢x⸣-me-ni",
                  "id": "P314372.l0496a",
                  "ref": "P314372.11.4",
                  "inst": "u",
                  "f": {
                    "lang": "akk-x-neoass",
                    "form": "x+x-me-ni",
                    "pos": "u"
                  }
                },
                {
                  "node": "l",
                  "frag": "02",
                  "id": "P314372.l0496b",
                  "ref": "P314372.11.5",
                  "inst": "n",
                  "f": {
                    "lang": "akk-x-neoass",
                    "form": "02",
                    "pos": "n"
                  }
                },
                {
                  "node": "l",
                  "frag": "{giš}ZU-[MEŠ]",
                  "id": "P314372.l0496c",
                  "ref": "P314372.11.6",
                  "inst": "lēʾu[board]N$lēʾāni",
                  "sig": "@saao/saa16%akk-x-neoass:{GIŠ}ZU-MEŠ=lēʾu[board//writing board]N'N$lēʾāni",
                  "f": {
                    "lang": "akk-x-neoass",
                    "form": "{GIŠ}ZU-MEŠ",
                    "cf": "lēʾu",
                    "gw": "board",
                    "sense": "writing board",
                    "norm": "lēʾāni",
                    "pos": "N",
                    "epos": "N"
                  }
                },
                {
                  "node": "d",
                  "type": "line-start",
                  "ref": "P314372.12",
                  "n": "3'",
                  "label": "r 3'"
                },
                {
                  "node": "l",
                  "frag": "[x",
                  "id": "P314372.l0496d",
                  "ref": "P314372.12.1",
                  "inst": "u",
                  "f": {
                    "lang": "akk-x-neoass",
                    "form": "x",
                    "pos": "u"
                  }
                },
                {
                  "node": "l",
                  "frag": "x",
                  "id": "P314372.l0496e",
                  "ref": "P314372.12.2",
                  "inst": "u",
                  "f": {
                    "lang": "akk-x-neoass",
                    "form": "x",
                    "pos": "u"
                  }
                },
                {
                  "node": "l",
                  "frag": "x",
                  "id": "P314372.l0496f",
                  "ref": "P314372.12.3",
                  "inst": "u",
                  "f": {
                    "lang": "akk-x-neoass",
                    "form": "x",
                    "pos": "u"
                  }
                },
                {
                  "node": "l",
                  "frag": "x",
                  "id": "P314372.l04970",
                  "ref": "P314372.12.4",
                  "inst": "u",
                  "f": {
                    "lang": "akk-x-neoass",
                    "form": "x",
                    "pos": "u"
                  }
                },
                {
                  "node": "l",
                  "frag": "x]-⸢di⸣",
                  "id": "P314372.l04971",
                  "ref": "P314372.12.5",
                  "inst": "u",
                  "f": {
                    "lang": "akk-x-neoass",
                    "form": "x-di",
                    "pos": "u"
                  }
                },
                {
                  "node": "l",
                  "frag": "{lu₂v}KAŠ.LUL",
                  "id": "P314372.l04972",
                  "ref": "P314372.12.6",
                  "inst": "šāqû[cupbearer]N",
                  "sig": "@saao/saa16%akk-x-neoass:{LU₂}KAŠ.LUL=šāqû[butler//cupbearer]N'N$šāqû",
                  "f": {
                    "lang": "akk-x-neoass",
                    "form": "{LU₂}KAŠ.LUL",
                    "cf": "šāqû",
                    "gw": "butler",
                    "sense": "cupbearer",
                    "norm": "šāqû",
                    "pos": "N",
                    "epos": "N"
                  }
                },
                {
                  "node": "l",
                  "frag": "[x",
                  "id": "P314372.l04973",
                  "ref": "P314372.12.7",
                  "inst": "u",
                  "f": {
                    "lang": "akk-x-neoass",
                    "form": "x",
                    "pos": "u"
                  }
                },
                {
                  "node": "l",
                  "frag": "x]",
                  "id": "P314372.l04974",
                  "ref": "P314372.12.8",
                  "inst": "u",
                  "f": {
                    "lang": "akk-x-neoass",
                    "form": "x",
                    "pos": "u"
                  }
                },
                {
                  "node": "d",
                  "type": "line-start",
                  "ref": "P314372.13",
                  "n": "4'",
                  "label": "r 4'"
                },
                {
                  "node": "l",
                  "frag": "[x",
                  "id": "P314372.l04975",
                  "ref": "P314372.13.1",
                  "inst": "u",
                  "f": {
                    "lang": "akk-x-neoass",
                    "form": "x",
                    "pos": "u"
                  }
                },
                {
                  "node": "l",
                  "frag": "x",
                  "id": "P314372.l04976",
                  "ref": "P314372.13.2",
                  "inst": "u",
                  "f": {
                    "lang": "akk-x-neoass",
                    "form": "x",
                    "pos": "u"
                  }
                },
                {
                  "node": "l",
                  "frag": "x",
                  "id": "P314372.l04977",
                  "ref": "P314372.13.3",
                  "inst": "u",
                  "f": {
                    "lang": "akk-x-neoass",
                    "form": "x",
                    "pos": "u"
                  }
                },
                {
                  "node": "l",
                  "frag": "x]",
                  "id": "P314372.l04978",
                  "ref": "P314372.13.4",
                  "inst": "u",
                  "f": {
                    "lang": "akk-x-neoass",
                    "form": "x",
                    "pos": "u"
                  }
                },
                {
                  "node": "l",
                  "frag": "aš-šur",
                  "id": "P314372.l04979",
                  "ref": "P314372.13.5",
                  "inst": "Aššur[1]DN",
                  "sig": "@saao/saa16%akk-x-neoass:aš-šur=Aššur[1//1]DN'DN$Aššur",
                  "f": {
                    "lang": "akk-x-neoass",
                    "form": "aš-šur",
                    "cf": "Aššur",
                    "gw": "1",
                    "sense": "1",
                    "norm": "Aššur",
                    "pos": "DN",
                    "epos": "DN"
                  }
                },
                {
                  "node": "l",
                  "frag": "ni",
                  "id": "P314372.l0497a",
                  "ref": "P314372.13.6",
                  "inst": "u",
                  "f": {
                    "lang": "akk-x-neoass",
                    "form": "ni",
                    "pos": "u"
                  }
                },
                {
                  "node": "l",
                  "frag": "[x]",
                  "id": "P314372.l0497b",
                  "ref": "P314372.13.7",
                  "inst": "u",
                  "f": {
                    "lang": "akk-x-neoass",
                    "form": "x",
                    "pos": "u"
                  }
                },
                {
                  "node": "d",
                  "type": "line-start",
                  "ref": "P314372.14",
                  "n": "5'",
                  "label": "r 5'"
                },
                {
                  "node": "l",
                  "frag": "[x",
                  "id": "P314372.l0497c",
                  "ref": "P314372.14.1",
                  "inst": "u",
                  "f": {
                    "lang": "akk-x-neoass",
                    "form": "x",
                    "pos": "u"
                  }
                },
                {
                  "node": "l",
                  "frag": "x",
                  "id": "P314372.l0497d",
                  "ref": "P314372.14.2",
                  "inst": "u",
                  "f": {
                    "lang": "akk-x-neoass",
                    "form": "x",
                    "pos": "u"
                  }
                },
                {
                  "node": "l",
                  "frag": "x]",
                  "id": "P314372.l0497e",
                  "ref": "P314372.14.3",
                  "inst": "u",
                  "f": {
                    "lang": "akk-x-neoass",
                    "form": "x",
                    "pos": "u"
                  }
                },
                {
                  "node": "l",
                  "frag": "⸢ARAD-šu₂⸣",
                  "id": "P314372.l0497f",
                  "ref": "P314372.14.4",
                  "inst": "urdīšu[servant]N",
                  "sig": "@saao/saa16%akk-x-neoass:ARAD-šu₂=ardu[slave//servant]N'N$urdīšu",
                  "f": {
                    "lang": "akk-x-neoass",
                    "form": "ARAD-šu₂",
                    "cf": "ardu",
                    "gw": "slave",
                    "sense": "servant",
                    "norm": "urdīšu",
                    "pos": "N",
                    "epos": "N"
                  }
                },
                {
                  "node": "l",
                  "frag": "iš-pur-u-ni",
                  "id": "P314372.l04980",
                  "ref": "P314372.14.5",
                  "inst": "išpurūni[send]V",
                  "sig": "@saao/saa16%akk-x-neoass:iš-pur-u-ni=šapāru[send//send]V'V$išpurūni",
                  "f": {
                    "lang": "akk-x-neoass",
                    "form": "iš-pur-u-ni",
                    "cf": "šapāru",
                    "gw": "send",
                    "sense": "send",
                    "norm": "išpurūni",
                    "pos": "V",
                    "epos": "V"
                  }
                },
                {
                  "node": "l",
                  "frag": "[x",
                  "id": "P314372.l04981",
                  "ref": "P314372.14.6",
                  "inst": "u",
                  "f": {
                    "lang": "akk-x-neoass",
                    "form": "x",
                    "pos": "u"
                  }
                },
                {
                  "node": "l",
                  "frag": "x",
                  "id": "P314372.l04982",
                  "ref": "P314372.14.7",
                  "inst": "u",
                  "f": {
                    "lang": "akk-x-neoass",
                    "form": "x",
                    "pos": "u"
                  }
                },
                {
                  "node": "l",
                  "frag": "x]",
                  "id": "P314372.l04983",
                  "ref": "P314372.14.8",
                  "inst": "u",
                  "f": {
                    "lang": "akk-x-neoass",
                    "form": "x",
                    "pos": "u"
                  }
                },
                {
                  "node": "d",
                  "type": "line-start",
                  "ref": "P314372.15",
                  "n": "6'",
                  "label": "r 6'"
                },
                {
                  "node": "l",
                  "frag": "[x",
                  "id": "P314372.l04984",
                  "ref": "P314372.15.1",
                  "inst": "u",
                  "f": {
                    "lang": "akk-x-neoass",
                    "form": "x",
                    "pos": "u"
                  }
                },
                {
                  "node": "l",
                  "frag": "x",
                  "id": "P314372.l04985",
                  "ref": "P314372.15.2",
                  "inst": "u",
                  "f": {
                    "lang": "akk-x-neoass",
                    "form": "x",
                    "pos": "u"
                  }
                },
                {
                  "node": "l",
                  "frag": "x]-ba-ti",
                  "id": "P314372.l04986",
                  "ref": "P314372.15.3",
                  "inst": "u",
                  "f": {
                    "lang": "akk-x-neoass",
                    "form": "x-ba-ti",
                    "pos": "u"
                  }
                },
                {
                  "node": "l",
                  "frag": "ša",
                  "id": "P314372.l04987",
                  "ref": "P314372.15.4",
                  "inst": "ša[of]DET",
                  "sig": "@saao/saa16%akk-x-neoass:ša=ša[of//of]DET'DET$ša",
                  "f": {
                    "lang": "akk-x-neoass",
                    "form": "ša",
                    "cf": "ša",
                    "gw": "of",
                    "sense": "of",
                    "norm": "ša",
                    "pos": "DET",
                    "epos": "DET"
                  }
                },
                {
                  "node": "l",
                  "frag": "UD",
                  "id": "P314372.l04988",
                  "ref": "P314372.15.5",
                  "inst": "u",
                  "f": {
                    "lang": "akk-x-neoass",
                    "form": "UD",
                    "pos": "u"
                  }
                },
                {
                  "node": "l",
                  "frag": "⸢x⸣+[x",
                  "id": "P314372.l04989",
                  "ref": "P314372.15.6",
                  "inst": "u",
                  "f": {
                    "lang": "akk-x-neoass",
                    "form": "x+x",
                    "pos": "u"
                  }
                },
                {
                  "node": "l",
                  "frag": "x",
                  "id": "P314372.l0498a",
                  "ref": "P314372.15.7",
                  "inst": "u",
                  "f": {
                    "lang": "akk-x-neoass",
                    "form": "x",
                    "pos": "u"
                  }
                },
                {
                  "node": "l",
                  "frag": "x]",
                  "id": "P314372.l0498b",
                  "ref": "P314372.15.8",
                  "inst": "u",
                  "f": {
                    "lang": "akk-x-neoass",
                    "form": "x",
                    "pos": "u"
                  }
                },
                {
                  "node": "d",
                  "subtype": "right",
                  "type": "right",
                  "ref": "P314372.r.e..16",
                  "label": "r.e."
                },
                {
                  "node": "d",
                  "type": "line-start",
                  "ref": "P314372.17",
                  "n": "7",
                  "label": "r.e. 7"
                },
                {
                  "node": "l",
                  "frag": "[x",
                  "id": "P314372.l0498c",
                  "ref": "P314372.17.1",
                  "inst": "u",
                  "f": {
                    "lang": "akk-x-neoass",
                    "form": "x",
                    "pos": "u"
                  }
                },
                {
                  "node": "l",
                  "frag": "x]",
                  "id": "P314372.l0498d",
                  "ref": "P314372.17.2",
                  "inst": "u",
                  "f": {
                    "lang": "akk-x-neoass",
                    "form": "x",
                    "pos": "u"
                  }
                },
                {
                  "node": "l",
                  "frag": "⸢man⸣-nu",
                  "id": "P314372.l0498e",
                  "ref": "P314372.17.3",
                  "inst": "mannu[who?]QP$",
                  "sig": "@saao/saa16%akk-x-neoass:man-nu=mannu[who?//who?]QP'QP$mannu",
                  "f": {
                    "lang": "akk-x-neoass",
                    "form": "man-nu",
                    "cf": "mannu",
                    "gw": "who?",
                    "sense": "who?",
                    "norm": "mannu",
                    "pos": "QP",
                    "epos": "QP"
                  }
                },
                {
                  "node": "l",
                  "frag": "ina",
                  "id": "P314372.l0498f",
                  "ref": "P314372.17.4",
                  "inst": "ina[in]PRP",
                  "sig": "@saao/saa16%akk-x-neoass:ina=ina[in//in]PRP'PRP$ina",
                  "f": {
                    "lang": "akk-x-neoass",
                    "form": "ina",
                    "cf": "ina",
                    "gw": "in",
                    "sense": "in",
                    "norm": "ina",
                    "pos": "PRP",
                    "epos": "PRP"
                  }
                },
                {
                  "node": "l",
                  "frag": "E₂-EN-⸢MEŠ⸣-[šu₂",
                  "id": "P314372.l04990",
                  "ref": "P314372.17.5",
                  "cof-tails": "P314372.l04991",
                  "inst": "bītu[house]N$bēt&bēlu[lord]N$bēlīšu",
                  "sig": "@saao/saa16%akk-x-neoass:E₂-EN-MEŠ-šu₂=bītu[house//house]N'N$bēt&&@saao%akk-x-neoass:=bēlu[lord//lord]N'N$bēlīšu",
                  "f": {
                    "lang": "akk-x-neoass",
                    "form": "E₂-EN-MEŠ-šu₂",
                    "cf": "bītu",
                    "gw": "house",
                    "sense": "house",
                    "norm": "bēt",
                    "pos": "N",
                    "epos": "N"
                  }
                },
                {
                  "node": "l",
                  "frag": "E₂-EN-⸢MEŠ⸣-[šu₂",
                  "id": "P314372.l04991",
                  "ref": "P314372.17.5",
                  "cof-head": "P314372.l04990",
                  "inst": "bītu[house]N$bēt&bēlu[lord]N$bēlīšu",
                  "tail-sig": "@saao%akk-x-neoass:=bēlu[lord//lord]N'N$bēlīšu",
                  "f": {
                    "lang": "akk-x-neoass",
                    "form": "E₂-EN-MEŠ-šu₂",
                    "cf": "bēlu",
                    "gw": "lord",
                    "sense": "lord",
                    "norm": "bēlīšu",
                    "pos": "N",
                    "epos": "N"
                  }
                },
                {
                  "node": "l",
                  "frag": "x",
                  "id": "P314372.l04992",
                  "ref": "P314372.17.6",
                  "inst": "u",
                  "f": {
                    "lang": "akk-x-neoass",
                    "form": "x",
                    "pos": "u"
                  }
                },
                {
                  "node": "l",
                  "frag": "x]",
                  "id": "P314372.l04993",
                  "ref": "P314372.17.7",
                  "inst": "u",
                  "f": {
                    "lang": "akk-x-neoass",
                    "form": "x",
                    "pos": "u"
                  }
                },
                {
                  "node": "d",
                  "type": "line-start",
                  "ref": "P314372.18",
                  "n": "8",
                  "label": "r.e. 8"
                },
                {
                  "node": "l",
                  "frag": "[ki-i",
                  "id": "P314372.l04994",
                  "ref": "P314372.18.1",
                  "inst": "kī[like//that]PRP'SBJ$kî",
                  "sig": "@saao/saa16%akk-x-neoass:ki-i=kī[like//that]PRP'SBJ$kî",
                  "f": {
                    "lang": "akk-x-neoass",
                    "form": "ki-i",
                    "cf": "kī",
                    "gw": "like",
                    "sense": "that",
                    "norm": "kî",
                    "pos": "PRP",
                    "epos": "SBJ"
                  }
                },
                {
                  "node": "l",
                  "frag": "la",
                  "id": "P314372.l04995",
                  "ref": "P314372.18.2",
                  "inst": "lā[not]MOD",
                  "sig": "@saao/saa16%akk-x-neoass:la=lā[not//not]MOD'MOD$lā",
                  "f": {
                    "lang": "akk-x-neoass",
                    "form": "la",
                    "cf": "lā",
                    "gw": "not",
                    "sense": "not",
                    "norm": "lā",
                    "pos": "MOD",
                    "epos": "MOD"
                  }
                },
                {
                  "node": "l",
                  "frag": "ke]-⸢na⸣-ku-ni",
                  "id": "P314372.l04996",
                  "ref": "P314372.18.3",
                  "inst": "kīnu[permanent//reliable]AJ$kēnākūni",
                  "sig": "@saao/saa16%akk-x-neoass:ke-na-ku-ni=kīnu[permanent//reliable]AJ'AJ$kēnākūni",
                  "f": {
                    "lang": "akk-x-neoass",
                    "form": "ke-na-ku-ni",
                    "cf": "kīnu",
                    "gw": "permanent",
                    "sense": "reliable",
                    "norm": "kēnākūni",
                    "pos": "AJ",
                    "epos": "AJ"
                  }
                },
                {
                  "node": "l",
                  "frag": "la-a",
                  "id": "P314372.l04997",
                  "ref": "P314372.18.4",
                  "inst": "lā[not]MOD",
                  "sig": "@saao/saa16%akk-x-neoass:la-a=lā[not//not]MOD'MOD$lā",
                  "f": {
                    "lang": "akk-x-neoass",
                    "form": "la-a",
                    "cf": "lā",
                    "gw": "not",
                    "sense": "not",
                    "norm": "lā",
                    "pos": "MOD",
                    "epos": "MOD"
                  }
                },
                {
                  "node": "l",
                  "frag": "[x",
                  "id": "P314372.l04998",
                  "ref": "P314372.18.5",
                  "inst": "u",
                  "f": {
                    "lang": "akk-x-neoass",
                    "form": "x",
                    "pos": "u"
                  }
                },
                {
                  "node": "l",
                  "frag": "x",
                  "id": "P314372.l04999",
                  "ref": "P314372.18.6",
                  "inst": "u",
                  "f": {
                    "lang": "akk-x-neoass",
                    "form": "x",
                    "pos": "u"
                  }
                },
                {
                  "node": "l",
                  "frag": "x",
                  "id": "P314372.l0499a",
                  "ref": "P314372.18.7",
                  "inst": "u",
                  "f": {
                    "lang": "akk-x-neoass",
                    "form": "x",
                    "pos": "u"
                  }
                },
                {
                  "node": "l",
                  "frag": "x]",
                  "id": "P314372.l0499b",
                  "ref": "P314372.18.8",
                  "inst": "u",
                  "f": {
                    "lang": "akk-x-neoass",
                    "form": "x",
                    "pos": "u"
                  }
                },
                {
                  "node": "d",
                  "type": "line-start",
                  "ref": "P314372.19",
                  "n": "9",
                  "label": "r.e. 9"
                },
                {
                  "node": "l",
                  "frag": "[LUGAL]",
                  "id": "P314372.l0499c",
                  "ref": "P314372.19.1",
                  "inst": "šarru[king]N",
                  "sig": "@saao/saa16%akk-x-neoass:LUGAL=šarru[king//king]N'N$šarru",
                  "f": {
                    "lang": "akk-x-neoass",
                    "form": "LUGAL",
                    "cf": "šarru",
                    "gw": "king",
                    "sense": "king",
                    "norm": "šarru",
                    "pos": "N",
                    "epos": "N"
                  }
                },
                {
                  "node": "l",
                  "frag": "⸢be⸣-li₂",
                  "id": "P314372.l0499d",
                  "ref": "P314372.19.2",
                  "inst": "bēlī[lord]N",
                  "sig": "@saao/saa16%akk-x-neoass:be-li₂=bēlu[lord//lord]N'N$bēlī",
                  "f": {
                    "lang": "akk-x-neoass",
                    "form": "be-li₂",
                    "cf": "bēlu",
                    "gw": "lord",
                    "sense": "lord",
                    "norm": "bēlī",
                    "pos": "N",
                    "epos": "N"
                  }
                },
                {
                  "node": "l",
                  "frag": "a-ki",
                  "id": "P314372.l0499e",
                  "ref": "P314372.19.3",
                  "inst": "akī[as, like]PRP",
                  "sig": "@saao/saa16%akk-x-neoass:a-ki=akī[as//as, like]PRP'PRP$akī",
                  "f": {
                    "lang": "akk-x-neoass",
                    "form": "a-ki",
                    "cf": "akī",
                    "gw": "as",
                    "sense": "as, like",
                    "norm": "akī",
                    "pos": "PRP",
                    "epos": "PRP"
                  }
                },
                {
                  "node": "l",
                  "frag": "a-da-⸢pi⸣",
                  "id": "P314372.l0499f",
                  "ref": "P314372.19.4",
                  "inst": "Adapa[1]PN$Adapi",
                  "sig": "@saao/saa16%akk-x-neoass:a-da-pi=Adapa[1//1]PN'PN$Adapi",
                  "f": {
                    "lang": "akk-x-neoass",
                    "form": "a-da-pi",
                    "cf": "Adapa",
                    "gw": "1",
                    "sense": "1",
                    "norm": "Adapi",
                    "pos": "PN",
                    "epos": "PN"
                  }
                },
                {
                  "node": "l",
                  "frag": "[ga-mir]",
                  "id": "P314372.l049a0",
                  "ref": "P314372.19.5",
                  "inst": "gamir[finished]AJ",
                  "sig": "@saao/saa16%akk-x-neoass:ga-mir=gamru[complete//finished]AJ'AJ$gamir",
                  "f": {
                    "lang": "akk-x-neoass",
                    "form": "ga-mir",
                    "cf": "gamru",
                    "gw": "complete",
                    "sense": "finished",
                    "norm": "gamir",
                    "pos": "AJ",
                    "epos": "AJ"
                  }
                },
                {
                  "node": "d",
                  "type": "line-start",
                  "ref": "P314372.20",
                  "n": "10",
                  "label": "r.e. 10"
                },
                {
                  "node": "l",
                  "frag": "[a-na-ku-ma]",
                  "id": "P314372.l049a1",
                  "ref": "P314372.20.1",
                  "inst": "anākūma[I]IP",
                  "sig": "@saao/saa16%akk-x-neoass:a-na-ku-ma=anāku[I//I]IP'IP$anākūma",
                  "f": {
                    "lang": "akk-x-neoass",
                    "form": "a-na-ku-ma",
                    "cf": "anāku",
                    "gw": "I",
                    "sense": "I",
                    "norm": "anākūma",
                    "pos": "IP",
                    "epos": "IP"
                  }
                },
                {
                  "node": "l",
                  "frag": "ARAD",
                  "id": "P314372.l049a2",
                  "ref": "P314372.20.2",
                  "inst": "urdu[servant]N",
                  "sig": "@saao/saa16%akk-x-neoass:ARAD=ardu[slave//servant]N'N$urdu",
                  "f": {
                    "lang": "akk-x-neoass",
                    "form": "ARAD",
                    "cf": "ardu",
                    "gw": "slave",
                    "sense": "servant",
                    "norm": "urdu",
                    "pos": "N",
                    "epos": "N"
                  }
                },
                {
                  "node": "l",
                  "frag": "ša",
                  "id": "P314372.l049a3",
                  "ref": "P314372.20.3",
                  "inst": "ša[who]REL",
                  "sig": "@saao/saa16%akk-x-neoass:ša=ša[that//who]REL'REL$ša",
                  "f": {
                    "lang": "akk-x-neoass",
                    "form": "ša",
                    "cf": "ša",
                    "gw": "that",
                    "sense": "who",
                    "norm": "ša",
                    "pos": "REL",
                    "epos": "REL"
                  }
                },
                {
                  "node": "l",
                  "frag": "TA@v",
                  "id": "P314372.l049a4",
                  "ref": "P314372.20.4",
                  "inst": "issi[with]PRP",
                  "sig": "@saao/saa16%akk-x-neoass:TA@v=išti[with//with]PRP'PRP$issi",
                  "f": {
                    "lang": "akk-x-neoass",
                    "form": "TA@v",
                    "cf": "išti",
                    "gw": "with",
                    "sense": "with",
                    "norm": "issi",
                    "pos": "PRP",
                    "epos": "PRP"
                  }
                },
                {
                  "node": "l",
                  "frag": "EN-šu₂",
                  "id": "P314372.l049a5",
                  "ref": "P314372.20.5",
                  "inst": "bēlīšu[owner]N",
                  "sig": "@saao/saa16%akk-x-neoass:EN-šu₂=bēlu[lord//owner]N'N$bēlīšu",
                  "f": {
                    "lang": "akk-x-neoass",
                    "form": "EN-šu₂",
                    "cf": "bēlu",
                    "gw": "lord",
                    "sense": "owner",
                    "norm": "bēlīšu",
                    "pos": "N",
                    "epos": "N"
                  }
                },
                {
                  "node": "l",
                  "frag": "⸢ke⸣-[nu-u-ni]",
                  "id": "P314372.l049a6",
                  "ref": "P314372.20.6",
                  "inst": "kīnu[permanent//reliable]AJ$kēnūni",
                  "sig": "@saao/saa16%akk-x-neoass:ke-nu-u-ni=kīnu[permanent//reliable]AJ'AJ$kēnūni",
                  "f": {
                    "lang": "akk-x-neoass",
                    "form": "ke-nu-u-ni",
                    "cf": "kīnu",
                    "gw": "permanent",
                    "sense": "reliable",
                    "norm": "kēnūni",
                    "pos": "AJ",
                    "epos": "AJ"
                  }
                }
              ]
            }
          ]
        }
      ]
    },
    {
      "linkbase": [
        {
          "type": "linkset",
          "xlink_title": "ina muhhi[on//about]PRP'PRP",
          "id": "P314372.ls00000",
          "xlink_type": "extended",
          "xlink_role": "psu",
          "sig": "{ina[in]PRP muhhu[skull]N += ina muhhi[on//about]PRP'PRP}::@saao%akk-x-neoass:ina=ina[in//into]PRP'PRP$ina++@saao%akk-x-neoass:UGU=muhhu[skull//skull]N'N$muhhi",
          "links": [
            {
              "type": "link",
              "xlink_title": "ina",
              "xlink_type": "locator",
              "xlink_href": "#P314372.l04951",
              "xlink_role": "elt"
            },
            {
              "type": "link",
              "xlink_title": "muhhi",
              "xlink_type": "locator",
              "xlink_href": "#P314372.l04952",
              "xlink_role": "elt"
            }
          ]
        }
      ]
    }
  ]
}
