{
  "type": "cdl",
  "source": "http://oracc.org/saao/saa16",
  "license": "This data is released under the CC0 license",
  "license-url": "https://creativecommons.org/publicdomain/zero/1.0/",
  "more-info": "http://oracc.org/doc/opendata/",
  "UTC-timestamp": "2017-06-10T00:57:09",
  "project": "saao/saa16",
  "textid": "P334545",
  "cdl": [
    {
      "node": "c",
      "type": "text",
      "id": "P334545.U0",
      "cdl": [
        {
          "node": "d",
          "type": "object",
          "ref": ""
        },
        {
          "node": "d",
          "subtype": "obverse",
          "type": "obverse",
          "ref": "P334545.o.1",
          "label": "o"
        },
        {
          "node": "c",
          "type": "discourse",
          "subtype": "body",
          "id": "P334545.U1",
          "cdl": [
            {
              "node": "c",
              "type": "sentence",
              "id": "P334545.U2",
              "label": "o 1 - r 4'",
              "cdl": [
                {
                  "node": "d",
                  "type": "line-start",
                  "ref": "P334545.2",
                  "n": "1",
                  "label": "o 1"
                },
                {
                  "node": "l",
                  "frag": "a-na",
                  "id": "P334545.l029c2",
                  "ref": "P334545.2.1",
                  "inst": "ana[to]PRP",
                  "sig": "@saao/saa16%akk-x-neoass:a-na=ana[to//to]PRP'PRP$ana",
                  "f": {
                    "lang": "akk-x-neoass",
                    "form": "a-na",
                    "cf": "ana",
                    "gw": "to",
                    "sense": "to",
                    "norm": "ana",
                    "pos": "PRP",
                    "epos": "PRP"
                  }
                },
                {
                  "node": "l",
                  "frag": "LUGAL",
                  "id": "P334545.l029c3",
                  "ref": "P334545.2.2",
                  "inst": "šarri[king]N",
                  "sig": "@saao/saa16%akk-x-neoass:LUGAL=šarru[king//king]N'N$šarri",
                  "f": {
                    "lang": "akk-x-neoass",
                    "form": "LUGAL",
                    "cf": "šarru",
                    "gw": "king",
                    "sense": "king",
                    "norm": "šarri",
                    "pos": "N",
                    "epos": "N"
                  }
                },
                {
                  "node": "l",
                  "frag": "EN-ia",
                  "id": "P334545.l029c4",
                  "ref": "P334545.2.3",
                  "inst": "bēlīya[lord]N",
                  "sig": "@saao/saa16%akk-x-neoass:EN-ia=bēlu[lord//lord]N'N$bēlīya",
                  "f": {
                    "lang": "akk-x-neoass",
                    "form": "EN-ia",
                    "cf": "bēlu",
                    "gw": "lord",
                    "sense": "lord",
                    "norm": "bēlīya",
                    "pos": "N",
                    "epos": "N"
                  }
                },
                {
                  "node": "d",
                  "type": "line-start",
                  "ref": "P334545.3",
                  "n": "2",
                  "label": "o 2"
                },
                {
                  "node": "l",
                  "frag": "ARAD-ka",
                  "id": "P334545.l029c5",
                  "ref": "P334545.3.1",
                  "inst": "urdaka[servant]N",
                  "sig": "@saao/saa16%akk-x-neoass:ARAD-ka=ardu[slave//servant]N'N$urdaka",
                  "f": {
                    "lang": "akk-x-neoass",
                    "form": "ARAD-ka",
                    "cf": "ardu",
                    "gw": "slave",
                    "sense": "servant",
                    "norm": "urdaka",
                    "pos": "N",
                    "epos": "N"
                  }
                },
                {
                  "node": "l",
                  "frag": "{1}{d}AG-MAN-PAB",
                  "id": "P334545.l029c6",
                  "ref": "P334545.3.2",
                  "inst": "Nabu-šarru-uṣur[1]PN$",
                  "sig": "@saao/saa16%akk-x-neoass:{1}{d}AG-MAN-PAB=Nabu-šarru-uṣur[1//1]PN'PN$Nabu-šarru-uṣur",
                  "f": {
                    "lang": "akk-x-neoass",
                    "form": "{1}{d}AG-MAN-PAB",
                    "cf": "Nabu-šarru-uṣur",
                    "gw": "1",
                    "sense": "1",
                    "norm": "Nabu-šarru-uṣur",
                    "pos": "PN",
                    "epos": "PN"
                  }
                },
                {
                  "node": "d",
                  "type": "line-start",
                  "ref": "P334545.4",
                  "n": "3",
                  "label": "o 3"
                },
                {
                  "node": "l",
                  "frag": "lu-u",
                  "id": "P334545.l029c7",
                  "ref": "P334545.4.1",
                  "inst": "lū[may]MOD",
                  "sig": "@saao/saa16%akk-x-neoass:lu-u=lū[may//may]MOD'MOD$lū",
                  "f": {
                    "lang": "akk-x-neoass",
                    "form": "lu-u",
                    "cf": "lū",
                    "gw": "may",
                    "sense": "may",
                    "norm": "lū",
                    "pos": "MOD",
                    "epos": "MOD"
                  }
                },
                {
                  "node": "l",
                  "frag": "DI-mu",
                  "id": "P334545.l029c8",
                  "ref": "P334545.4.2",
                  "inst": "šulmu[health]N",
                  "sig": "@saao/saa16%akk-x-neoass:DI-mu=šulmu[completeness//health]N'N$šulmu",
                  "f": {
                    "lang": "akk-x-neoass",
                    "form": "DI-mu",
                    "cf": "šulmu",
                    "gw": "completeness",
                    "sense": "health",
                    "norm": "šulmu",
                    "pos": "N",
                    "epos": "N"
                  }
                },
                {
                  "node": "l",
                  "frag": "a-na",
                  "id": "P334545.l029c9",
                  "ref": "P334545.4.3",
                  "inst": "ana[to]PRP",
                  "sig": "@saao/saa16%akk-x-neoass:a-na=ana[to//to]PRP'PRP$ana",
                  "f": {
                    "lang": "akk-x-neoass",
                    "form": "a-na",
                    "cf": "ana",
                    "gw": "to",
                    "sense": "to",
                    "norm": "ana",
                    "pos": "PRP",
                    "epos": "PRP"
                  }
                },
                {
                  "node": "l",
                  "frag": "MAN",
                  "id": "P334545.l029ca",
                  "ref": "P334545.4.4",
                  "inst": "šarri[king]N",
                  "sig": "@saao/saa16%akk-x-neoass:MAN=šarru[king//king]N'N$šarri",
                  "f": {
                    "lang": "akk-x-neoass",
                    "form": "MAN",
                    "cf": "šarru",
                    "gw": "king",
                    "sense": "king",
                    "norm": "šarri",
                    "pos": "N",
                    "epos": "N"
                  }
                },
                {
                  "node": "l",
                  "frag": "EN-ia",
                  "id": "P334545.l029cb",
                  "ref": "P334545.4.5",
                  "inst": "bēlīya[lord]N",
                  "sig": "@saao/saa16%akk-x-neoass:EN-ia=bēlu[lord//lord]N'N$bēlīya",
                  "f": {
                    "lang": "akk-x-neoass",
                    "form": "EN-ia",
                    "cf": "bēlu",
                    "gw": "lord",
                    "sense": "lord",
                    "norm": "bēlīya",
                    "pos": "N",
                    "epos": "N"
                  }
                },
                {
                  "node": "d",
                  "type": "line-start",
                  "ref": "P334545.5",
                  "n": "4",
                  "label": "o 4"
                },
                {
                  "node": "l",
                  "frag": "{d}AG",
                  "id": "P334545.l029cc",
                  "ref": "P334545.5.1",
                  "inst": "Nabu[1]DN",
                  "sig": "@saao/saa16%akk-x-neoass:{d}AG=Nabu[1//1]DN'DN$Nabu",
                  "f": {
                    "lang": "akk-x-neoass",
                    "form": "{d}AG",
                    "cf": "Nabu",
                    "gw": "1",
                    "sense": "1",
                    "norm": "Nabu",
                    "pos": "DN",
                    "epos": "DN"
                  }
                },
                {
                  "node": "l",
                  "frag": "u₃",
                  "id": "P334545.l029cd",
                  "ref": "P334545.5.2",
                  "inst": "u[and]CNJ",
                  "sig": "@saao/saa16%akk-x-neoass:u₃=u[and//and]CNJ'CNJ$u",
                  "f": {
                    "lang": "akk-x-neoass",
                    "form": "u₃",
                    "cf": "u",
                    "gw": "and",
                    "sense": "and",
                    "norm": "u",
                    "pos": "CNJ",
                    "epos": "CNJ"
                  }
                },
                {
                  "node": "l",
                  "frag": "{d}AMAR.UTU",
                  "id": "P334545.l029ce",
                  "ref": "P334545.5.3",
                  "inst": "Marduk[1]DN",
                  "sig": "@saao/saa16%akk-x-neoass:{d}AMAR.UTU=Marduk[1//1]DN'DN$Marduk",
                  "f": {
                    "lang": "akk-x-neoass",
                    "form": "{d}AMAR.UTU",
                    "cf": "Marduk",
                    "gw": "1",
                    "sense": "1",
                    "norm": "Marduk",
                    "pos": "DN",
                    "epos": "DN"
                  }
                },
                {
                  "node": "d",
                  "type": "line-start",
                  "ref": "P334545.6",
                  "n": "5",
                  "label": "o 5"
                },
                {
                  "node": "l",
                  "frag": "a-na",
                  "id": "P334545.l029cf",
                  "ref": "P334545.6.1",
                  "inst": "ana[to]PRP",
                  "sig": "@saao/saa16%akk-x-neoass:a-na=ana[to//to]PRP'PRP$ana",
                  "f": {
                    "lang": "akk-x-neoass",
                    "form": "a-na",
                    "cf": "ana",
                    "gw": "to",
                    "sense": "to",
                    "norm": "ana",
                    "pos": "PRP",
                    "epos": "PRP"
                  }
                },
                {
                  "node": "l",
                  "frag": "LUGAL",
                  "id": "P334545.l029d0",
                  "ref": "P334545.6.2",
                  "inst": "šarri[king]N",
                  "sig": "@saao/saa16%akk-x-neoass:LUGAL=šarru[king//king]N'N$šarri",
                  "f": {
                    "lang": "akk-x-neoass",
                    "form": "LUGAL",
                    "cf": "šarru",
                    "gw": "king",
                    "sense": "king",
                    "norm": "šarri",
                    "pos": "N",
                    "epos": "N"
                  }
                },
                {
                  "node": "l",
                  "frag": "EN-ia",
                  "id": "P334545.l029d1",
                  "ref": "P334545.6.3",
                  "inst": "bēlīya[lord]N",
                  "sig": "@saao/saa16%akk-x-neoass:EN-ia=bēlu[lord//lord]N'N$bēlīya",
                  "f": {
                    "lang": "akk-x-neoass",
                    "form": "EN-ia",
                    "cf": "bēlu",
                    "gw": "lord",
                    "sense": "lord",
                    "norm": "bēlīya",
                    "pos": "N",
                    "epos": "N"
                  }
                },
                {
                  "node": "l",
                  "frag": "lik-[ru-bu]",
                  "id": "P334545.l029d2",
                  "ref": "P334545.6.4",
                  "inst": "likrubu[bless]V",
                  "sig": "@saao/saa16%akk-x-neoass:lik-ru-bu=karābu[pray//bless]V'V$likrubu",
                  "f": {
                    "lang": "akk-x-neoass",
                    "form": "lik-ru-bu",
                    "cf": "karābu",
                    "gw": "pray",
                    "sense": "bless",
                    "norm": "likrubu",
                    "pos": "V",
                    "epos": "V"
                  }
                },
                {
                  "node": "d",
                  "type": "line-start",
                  "ref": "P334545.7",
                  "n": "6",
                  "label": "o 6"
                },
                {
                  "node": "c",
                  "type": "phrase",
                  "tag": "phr",
                  "id": "P334545.U4",
                  "ref": "P334545.ls00000",
                  "cdl": [
                    {
                      "node": "l",
                      "frag": "ina",
                      "id": "P334545.l029d3",
                      "ref": "P334545.7.1",
                      "inst": "ina[in+=concerning]PRP$",
                      "sig": "@saao/saa16%akk-x-neoass:ina=ina[in//in]PRP'PRP$ina",
                      "f": {
                        "lang": "akk-x-neoass",
                        "form": "ina",
                        "cf": "ina",
                        "gw": "in",
                        "sense": "in",
                        "norm": "ina",
                        "pos": "PRP",
                        "epos": "PRP"
                      }
                    },
                    {
                      "node": "l",
                      "frag": "UGU",
                      "id": "P334545.l029d4",
                      "ref": "P334545.7.2",
                      "inst": "muhhi[skull]N",
                      "sig": "@saao/saa16%akk-x-neoass:UGU=muhhu[skull//skull]N'N$muhhi",
                      "f": {
                        "lang": "akk-x-neoass",
                        "form": "UGU",
                        "cf": "muhhu",
                        "gw": "skull",
                        "sense": "skull",
                        "norm": "muhhi",
                        "pos": "N",
                        "epos": "N"
                      }
                    }
                  ]
                },
                {
                  "node": "l",
                  "frag": "ša",
                  "id": "P334545.l029d5",
                  "ref": "P334545.7.3",
                  "inst": "ša[what]REL",
                  "sig": "@saao/saa16%akk-x-neoass:ša=ša[that//what]REL'REL$ša",
                  "f": {
                    "lang": "akk-x-neoass",
                    "form": "ša",
                    "cf": "ša",
                    "gw": "that",
                    "sense": "what",
                    "norm": "ša",
                    "pos": "REL",
                    "epos": "REL"
                  }
                },
                {
                  "node": "l",
                  "frag": "LUGAL",
                  "id": "P334545.l029d6",
                  "ref": "P334545.7.4",
                  "inst": "šarru[king]N",
                  "sig": "@saao/saa16%akk-x-neoass:LUGAL=šarru[king//king]N'N$šarru",
                  "f": {
                    "lang": "akk-x-neoass",
                    "form": "LUGAL",
                    "cf": "šarru",
                    "gw": "king",
                    "sense": "king",
                    "norm": "šarru",
                    "pos": "N",
                    "epos": "N"
                  }
                },
                {
                  "node": "l",
                  "frag": "[be-li₂]",
                  "id": "P334545.l029d7",
                  "ref": "P334545.7.5",
                  "inst": "bēlī[lord]N",
                  "sig": "@saao/saa16%akk-x-neoass:be-li₂=bēlu[lord//lord]N'N$bēlī",
                  "f": {
                    "lang": "akk-x-neoass",
                    "form": "be-li₂",
                    "cf": "bēlu",
                    "gw": "lord",
                    "sense": "lord",
                    "norm": "bēlī",
                    "pos": "N",
                    "epos": "N"
                  }
                },
                {
                  "node": "d",
                  "type": "line-start",
                  "ref": "P334545.8",
                  "n": "7",
                  "label": "o 7"
                },
                {
                  "node": "l",
                  "frag": "[x",
                  "id": "P334545.l029d8",
                  "ref": "P334545.8.1",
                  "inst": "u",
                  "f": {
                    "lang": "akk-x-neoass",
                    "form": "x",
                    "pos": "u"
                  }
                },
                {
                  "node": "l",
                  "frag": "x]+⸢x",
                  "id": "P334545.l029d9",
                  "ref": "P334545.8.2",
                  "inst": "u",
                  "f": {
                    "lang": "akk-x-neoass",
                    "form": "x+x",
                    "pos": "u"
                  }
                },
                {
                  "node": "l",
                  "frag": "x⸣+[x",
                  "id": "P334545.l029da",
                  "ref": "P334545.8.3",
                  "inst": "u",
                  "f": {
                    "lang": "akk-x-neoass",
                    "form": "x+x",
                    "pos": "u"
                  }
                },
                {
                  "node": "l",
                  "frag": "x",
                  "id": "P334545.l029db",
                  "ref": "P334545.8.4",
                  "inst": "u",
                  "f": {
                    "lang": "akk-x-neoass",
                    "form": "x",
                    "pos": "u"
                  }
                },
                {
                  "node": "l",
                  "frag": "x",
                  "id": "P334545.l029dc",
                  "ref": "P334545.8.5",
                  "inst": "u",
                  "f": {
                    "lang": "akk-x-neoass",
                    "form": "x",
                    "pos": "u"
                  }
                },
                {
                  "node": "l",
                  "frag": "x",
                  "id": "P334545.l029dd",
                  "ref": "P334545.8.6",
                  "inst": "u",
                  "f": {
                    "lang": "akk-x-neoass",
                    "form": "x",
                    "pos": "u"
                  }
                },
                {
                  "node": "l",
                  "frag": "x]",
                  "id": "P334545.l029de",
                  "ref": "P334545.8.7",
                  "inst": "u",
                  "f": {
                    "lang": "akk-x-neoass",
                    "form": "x",
                    "pos": "u"
                  }
                },
                {
                  "node": "d",
                  "type": "line-start",
                  "ref": "P334545.9",
                  "n": "8",
                  "label": "o 8"
                },
                {
                  "node": "l",
                  "frag": "[x",
                  "id": "P334545.l029df",
                  "ref": "P334545.9.1",
                  "inst": "u",
                  "f": {
                    "lang": "akk-x-neoass",
                    "form": "x",
                    "pos": "u"
                  }
                },
                {
                  "node": "l",
                  "frag": "x",
                  "id": "P334545.l029e0",
                  "ref": "P334545.9.2",
                  "inst": "u",
                  "f": {
                    "lang": "akk-x-neoass",
                    "form": "x",
                    "pos": "u"
                  }
                },
                {
                  "node": "l",
                  "frag": "x",
                  "id": "P334545.l029e1",
                  "ref": "P334545.9.3",
                  "inst": "u",
                  "f": {
                    "lang": "akk-x-neoass",
                    "form": "x",
                    "pos": "u"
                  }
                },
                {
                  "node": "l",
                  "frag": "x",
                  "id": "P334545.l029e2",
                  "ref": "P334545.9.4",
                  "inst": "u",
                  "f": {
                    "lang": "akk-x-neoass",
                    "form": "x",
                    "pos": "u"
                  }
                },
                {
                  "node": "l",
                  "frag": "x",
                  "id": "P334545.l029e3",
                  "ref": "P334545.9.5",
                  "inst": "u",
                  "f": {
                    "lang": "akk-x-neoass",
                    "form": "x",
                    "pos": "u"
                  }
                },
                {
                  "node": "l",
                  "frag": "x",
                  "id": "P334545.l029e4",
                  "ref": "P334545.9.6",
                  "inst": "u",
                  "f": {
                    "lang": "akk-x-neoass",
                    "form": "x",
                    "pos": "u"
                  }
                },
                {
                  "node": "l",
                  "frag": "x",
                  "id": "P334545.l029e5",
                  "ref": "P334545.9.7",
                  "inst": "u",
                  "f": {
                    "lang": "akk-x-neoass",
                    "form": "x",
                    "pos": "u"
                  }
                },
                {
                  "node": "l",
                  "frag": "x]",
                  "id": "P334545.l029e6",
                  "ref": "P334545.9.8",
                  "inst": "u",
                  "f": {
                    "lang": "akk-x-neoass",
                    "form": "x",
                    "pos": "u"
                  }
                },
                {
                  "node": "d",
                  "subtype": "reverse",
                  "type": "reverse",
                  "ref": "P334545.r.10",
                  "label": "r"
                },
                {
                  "node": "d",
                  "type": "nonx",
                  "ref": "P334545.11",
                  "strict": "0",
                  "extent": "beginning",
                  "state": "missing"
                },
                {
                  "node": "d",
                  "type": "line-start",
                  "ref": "P334545.12",
                  "n": "1'",
                  "label": "r 1'"
                },
                {
                  "node": "l",
                  "frag": "ša",
                  "id": "P334545.l029e7",
                  "ref": "P334545.12.1",
                  "inst": "ša[which]REL",
                  "sig": "@saao/saa16%akk-x-neoass:ša=ša[that//which]REL'REL$ša",
                  "f": {
                    "lang": "akk-x-neoass",
                    "form": "ša",
                    "cf": "ša",
                    "gw": "that",
                    "sense": "which",
                    "norm": "ša",
                    "pos": "REL",
                    "epos": "REL"
                  }
                },
                {
                  "node": "l",
                  "frag": "⸢LUGAL⸣",
                  "id": "P334545.l029e8",
                  "ref": "P334545.12.2",
                  "inst": "šarru[king]N",
                  "sig": "@saao/saa16%akk-x-neoass:LUGAL=šarru[king//king]N'N$šarru",
                  "f": {
                    "lang": "akk-x-neoass",
                    "form": "LUGAL",
                    "cf": "šarru",
                    "gw": "king",
                    "sense": "king",
                    "norm": "šarru",
                    "pos": "N",
                    "epos": "N"
                  }
                },
                {
                  "node": "l",
                  "frag": "[x",
                  "id": "P334545.l029e9",
                  "ref": "P334545.12.3",
                  "inst": "u",
                  "f": {
                    "lang": "akk-x-neoass",
                    "form": "x",
                    "pos": "u"
                  }
                },
                {
                  "node": "l",
                  "frag": "x",
                  "id": "P334545.l029ea",
                  "ref": "P334545.12.4",
                  "inst": "u",
                  "f": {
                    "lang": "akk-x-neoass",
                    "form": "x",
                    "pos": "u"
                  }
                },
                {
                  "node": "l",
                  "frag": "x",
                  "id": "P334545.l029eb",
                  "ref": "P334545.12.5",
                  "inst": "u",
                  "f": {
                    "lang": "akk-x-neoass",
                    "form": "x",
                    "pos": "u"
                  }
                },
                {
                  "node": "l",
                  "frag": "x",
                  "id": "P334545.l029ec",
                  "ref": "P334545.12.6",
                  "inst": "u",
                  "f": {
                    "lang": "akk-x-neoass",
                    "form": "x",
                    "pos": "u"
                  }
                },
                {
                  "node": "l",
                  "frag": "x",
                  "id": "P334545.l029ed",
                  "ref": "P334545.12.7",
                  "inst": "u",
                  "f": {
                    "lang": "akk-x-neoass",
                    "form": "x",
                    "pos": "u"
                  }
                },
                {
                  "node": "l",
                  "frag": "x",
                  "id": "P334545.l029ee",
                  "ref": "P334545.12.8",
                  "inst": "u",
                  "f": {
                    "lang": "akk-x-neoass",
                    "form": "x",
                    "pos": "u"
                  }
                },
                {
                  "node": "l",
                  "frag": "x]",
                  "id": "P334545.l029ef",
                  "ref": "P334545.12.9",
                  "inst": "u",
                  "f": {
                    "lang": "akk-x-neoass",
                    "form": "x",
                    "pos": "u"
                  }
                },
                {
                  "node": "d",
                  "type": "line-start",
                  "ref": "P334545.13",
                  "n": "2'",
                  "label": "r 2'"
                },
                {
                  "node": "l",
                  "frag": "ma-a",
                  "id": "P334545.l029f0",
                  "ref": "P334545.13.1",
                  "inst": "mā[saying]PRP",
                  "sig": "@saao/saa16%akk-x-neoass:ma-a=mā[saying//saying]PRP'PRP$mā",
                  "f": {
                    "lang": "akk-x-neoass",
                    "form": "ma-a",
                    "cf": "mā",
                    "gw": "saying",
                    "sense": "saying",
                    "norm": "mā",
                    "pos": "PRP",
                    "epos": "PRP"
                  }
                },
                {
                  "node": "l",
                  "frag": "šum-ma",
                  "id": "P334545.l029f1",
                  "ref": "P334545.13.2",
                  "inst": "šumma[if]MOD",
                  "sig": "@saao/saa16%akk-x-neoass:šum-ma=šumma[if//if]MOD'MOD$šumma",
                  "f": {
                    "lang": "akk-x-neoass",
                    "form": "šum-ma",
                    "cf": "šumma",
                    "gw": "if",
                    "sense": "if",
                    "norm": "šumma",
                    "pos": "MOD",
                    "epos": "MOD"
                  }
                },
                {
                  "node": "l",
                  "frag": "hu-[x",
                  "id": "P334545.l029f2",
                  "ref": "P334545.13.3",
                  "inst": "u",
                  "f": {
                    "lang": "akk-x-neoass",
                    "form": "hu-x",
                    "pos": "u"
                  }
                },
                {
                  "node": "l",
                  "frag": "x",
                  "id": "P334545.l029f3",
                  "ref": "P334545.13.4",
                  "inst": "u",
                  "f": {
                    "lang": "akk-x-neoass",
                    "form": "x",
                    "pos": "u"
                  }
                },
                {
                  "node": "l",
                  "frag": "x",
                  "id": "P334545.l029f4",
                  "ref": "P334545.13.5",
                  "inst": "u",
                  "f": {
                    "lang": "akk-x-neoass",
                    "form": "x",
                    "pos": "u"
                  }
                },
                {
                  "node": "l",
                  "frag": "x]",
                  "id": "P334545.l029f5",
                  "ref": "P334545.13.6",
                  "inst": "u",
                  "f": {
                    "lang": "akk-x-neoass",
                    "form": "x",
                    "pos": "u"
                  }
                },
                {
                  "node": "d",
                  "type": "line-start",
                  "ref": "P334545.14",
                  "n": "3'",
                  "label": "r 3'"
                },
                {
                  "node": "l",
                  "frag": "ma-a",
                  "id": "P334545.l029f6",
                  "ref": "P334545.14.1",
                  "inst": "mā[saying]PRP",
                  "sig": "@saao/saa16%akk-x-neoass:ma-a=mā[saying//saying]PRP'PRP$mā",
                  "f": {
                    "lang": "akk-x-neoass",
                    "form": "ma-a",
                    "cf": "mā",
                    "gw": "saying",
                    "sense": "saying",
                    "norm": "mā",
                    "pos": "PRP",
                    "epos": "PRP"
                  }
                },
                {
                  "node": "l",
                  "frag": "al-[x",
                  "id": "P334545.l029f7",
                  "ref": "P334545.14.2",
                  "inst": "u",
                  "f": {
                    "lang": "akk-x-neoass",
                    "form": "al-x",
                    "pos": "u"
                  }
                },
                {
                  "node": "l",
                  "frag": "x",
                  "id": "P334545.l029f8",
                  "ref": "P334545.14.3",
                  "inst": "u",
                  "f": {
                    "lang": "akk-x-neoass",
                    "form": "x",
                    "pos": "u"
                  }
                },
                {
                  "node": "l",
                  "frag": "x",
                  "id": "P334545.l029f9",
                  "ref": "P334545.14.4",
                  "inst": "u",
                  "f": {
                    "lang": "akk-x-neoass",
                    "form": "x",
                    "pos": "u"
                  }
                },
                {
                  "node": "l",
                  "frag": "x]",
                  "id": "P334545.l029fa",
                  "ref": "P334545.14.5",
                  "inst": "u",
                  "f": {
                    "lang": "akk-x-neoass",
                    "form": "x",
                    "pos": "u"
                  }
                },
                {
                  "node": "d",
                  "type": "line-start",
                  "ref": "P334545.15",
                  "n": "4'",
                  "label": "r 4'"
                },
                {
                  "node": "l",
                  "frag": "ma-a",
                  "id": "P334545.l029fb",
                  "ref": "P334545.15.1",
                  "inst": "mā[saying]PRP",
                  "sig": "@saao/saa16%akk-x-neoass:ma-a=mā[saying//saying]PRP'PRP$mā",
                  "f": {
                    "lang": "akk-x-neoass",
                    "form": "ma-a",
                    "cf": "mā",
                    "gw": "saying",
                    "sense": "saying",
                    "norm": "mā",
                    "pos": "PRP",
                    "epos": "PRP"
                  }
                },
                {
                  "node": "l",
                  "frag": "id-da-a-te",
                  "id": "P334545.l029fc",
                  "ref": "P334545.15.2",
                  "cof-tails": "P334545.l029fd",
                  "inst": "ina[in+=afterwards]PRP$ina&dāt[behind]PRP$dāte",
                  "sig": "@saao/saa16%akk-x-neoass:id-da-a-te=ina[in//in]PRP'PRP$ina&&@saao%akk-x-neoass:=dāt[behind//behind]PRP'PRP$dāte",
                  "f": {
                    "lang": "akk-x-neoass",
                    "form": "id-da-a-te",
                    "cf": "ina",
                    "gw": "in",
                    "sense": "in",
                    "norm": "ina",
                    "pos": "PRP",
                    "epos": "PRP"
                  }
                },
                {
                  "node": "l",
                  "frag": "id-da-a-te",
                  "id": "P334545.l029fd",
                  "ref": "P334545.15.2",
                  "cof-head": "P334545.l029fc",
                  "inst": "ina[in+=afterwards]PRP$ina&dāt[behind]PRP$dāte",
                  "tail-sig": "@saao%akk-x-neoass:=dāt[behind//behind]PRP'PRP$dāte",
                  "f": {
                    "lang": "akk-x-neoass",
                    "form": "id-da-a-te",
                    "cf": "dāt",
                    "gw": "behind",
                    "sense": "behind",
                    "norm": "dāte",
                    "pos": "PRP",
                    "epos": "PRP"
                  }
                },
                {
                  "node": "l",
                  "frag": "a-sa-[dir]",
                  "id": "P334545.l029fe",
                  "ref": "P334545.15.3",
                  "inst": "asaddir[array]V",
                  "sig": "@saao/saa16%akk-x-neoass:a-sa-dir=sadāru[place in order//array]V'V$asaddir",
                  "f": {
                    "lang": "akk-x-neoass",
                    "form": "a-sa-dir",
                    "cf": "sadāru",
                    "gw": "place in order",
                    "sense": "array",
                    "norm": "asaddir",
                    "pos": "V",
                    "epos": "V"
                  }
                }
              ]
            }
          ]
        }
      ]
    },
    {
      "linkbase": [
        {
          "type": "linkset",
          "xlink_title": "ina muhhi[on//about]PRP'PRP",
          "id": "P334545.ls00000",
          "xlink_type": "extended",
          "xlink_role": "psu",
          "sig": "{ina[in]PRP muhhu[skull]N += ina muhhi[on//about]PRP'PRP}::@saao%akk-x-neoass:ina=ina[in//into]PRP'PRP$ina++@saao%akk-x-neoass:UGU=muhhu[skull//skull]N'N$muhhi",
          "links": [
            {
              "type": "link",
              "xlink_title": "ina",
              "xlink_type": "locator",
              "xlink_href": "#P334545.l029d3",
              "xlink_role": "elt"
            },
            {
              "type": "link",
              "xlink_title": "muhhi",
              "xlink_type": "locator",
              "xlink_href": "#P334545.l029d4",
              "xlink_role": "elt"
            }
          ]
        }
      ]
    }
  ]
}
