{
  "type": "cdl",
  "source": "http://oracc.org/saao/saa16",
  "license": "This data is released under the CC0 license",
  "license-url": "https://creativecommons.org/publicdomain/zero/1.0/",
  "more-info": "http://oracc.org/doc/opendata/",
  "UTC-timestamp": "2017-06-10T00:57:08",
  "project": "saao/saa16",
  "textid": "P334549",
  "cdl": [
    {
      "node": "c",
      "type": "text",
      "id": "P334549.U0",
      "cdl": [
        {
          "node": "d",
          "type": "object",
          "ref": ""
        },
        {
          "node": "d",
          "subtype": "obverse",
          "type": "obverse",
          "ref": "P334549.o.1",
          "label": "o"
        },
        {
          "node": "c",
          "type": "discourse",
          "subtype": "body",
          "id": "P334549.U1",
          "cdl": [
            {
              "node": "c",
              "type": "sentence",
              "id": "P334549.U2",
              "label": "o 1 - r 1'",
              "cdl": [
                {
                  "node": "d",
                  "type": "line-start",
                  "ref": "P334549.2",
                  "n": "1",
                  "label": "o 1"
                },
                {
                  "node": "l",
                  "frag": "a-na",
                  "id": "P334549.l041ad",
                  "ref": "P334549.2.1",
                  "inst": "ana[to]PRP",
                  "sig": "@saao/saa16%akk-x-neoass:a-na=ana[to//to]PRP'PRP$ana",
                  "f": {
                    "lang": "akk-x-neoass",
                    "form": "a-na",
                    "cf": "ana",
                    "gw": "to",
                    "sense": "to",
                    "norm": "ana",
                    "pos": "PRP",
                    "epos": "PRP"
                  }
                },
                {
                  "node": "l",
                  "frag": "LUGAL",
                  "id": "P334549.l041ae",
                  "ref": "P334549.2.2",
                  "inst": "šarri[king]N",
                  "sig": "@saao/saa16%akk-x-neoass:LUGAL=šarru[king//king]N'N$šarri",
                  "f": {
                    "lang": "akk-x-neoass",
                    "form": "LUGAL",
                    "cf": "šarru",
                    "gw": "king",
                    "sense": "king",
                    "norm": "šarri",
                    "pos": "N",
                    "epos": "N"
                  }
                },
                {
                  "node": "l",
                  "frag": "EN-ia",
                  "id": "P334549.l041af",
                  "ref": "P334549.2.3",
                  "inst": "bēlīya[lord]N",
                  "sig": "@saao/saa16%akk-x-neoass:EN-ia=bēlu[lord//lord]N'N$bēlīya",
                  "f": {
                    "lang": "akk-x-neoass",
                    "form": "EN-ia",
                    "cf": "bēlu",
                    "gw": "lord",
                    "sense": "lord",
                    "norm": "bēlīya",
                    "pos": "N",
                    "epos": "N"
                  }
                },
                {
                  "node": "d",
                  "type": "line-start",
                  "ref": "P334549.3",
                  "n": "2",
                  "label": "o 2"
                },
                {
                  "node": "l",
                  "frag": "ARAD-ka",
                  "id": "P334549.l041b0",
                  "ref": "P334549.3.1",
                  "inst": "urdaka[servant]N",
                  "sig": "@saao/saa16%akk-x-neoass:ARAD-ka=ardu[slave//servant]N'N$urdaka",
                  "f": {
                    "lang": "akk-x-neoass",
                    "form": "ARAD-ka",
                    "cf": "ardu",
                    "gw": "slave",
                    "sense": "servant",
                    "norm": "urdaka",
                    "pos": "N",
                    "epos": "N"
                  }
                },
                {
                  "node": "l",
                  "frag": "{1}{d}PA-AG₂-UN-MEŠ-šu₂",
                  "id": "P334549.l041b1",
                  "ref": "P334549.3.2",
                  "inst": "Nabu-raʾim-nišešu[1]PN$",
                  "sig": "@saao/saa16%akk-x-neoass:{1}{d}PA-AG₂-UN-MEŠ-šu₂=Nabu-raʾim-nišešu[1//1]PN'PN$Nabu-raʾim-nišešu",
                  "f": {
                    "lang": "akk-x-neoass",
                    "form": "{1}{d}PA-AG₂-UN-MEŠ-šu₂",
                    "cf": "Nabu-raʾim-nišešu",
                    "gw": "1",
                    "sense": "1",
                    "norm": "Nabu-raʾim-nišešu",
                    "pos": "PN",
                    "epos": "PN"
                  }
                },
                {
                  "node": "d",
                  "type": "line-start",
                  "ref": "P334549.4",
                  "n": "3",
                  "label": "o 3"
                },
                {
                  "node": "l",
                  "frag": "lu-u",
                  "id": "P334549.l041b2",
                  "ref": "P334549.4.1",
                  "inst": "lū[may]MOD",
                  "sig": "@saao/saa16%akk-x-neoass:lu-u=lū[may//may]MOD'MOD$lū",
                  "f": {
                    "lang": "akk-x-neoass",
                    "form": "lu-u",
                    "cf": "lū",
                    "gw": "may",
                    "sense": "may",
                    "norm": "lū",
                    "pos": "MOD",
                    "epos": "MOD"
                  }
                },
                {
                  "node": "l",
                  "frag": "šul-mu",
                  "id": "P334549.l041b3",
                  "ref": "P334549.4.2",
                  "inst": "šulmu[health]N",
                  "sig": "@saao/saa16%akk-x-neoass:šul-mu=šulmu[completeness//health]N'N$šulmu",
                  "f": {
                    "lang": "akk-x-neoass",
                    "form": "šul-mu",
                    "cf": "šulmu",
                    "gw": "completeness",
                    "sense": "health",
                    "norm": "šulmu",
                    "pos": "N",
                    "epos": "N"
                  }
                },
                {
                  "node": "l",
                  "frag": "a-na",
                  "id": "P334549.l041b4",
                  "ref": "P334549.4.3",
                  "inst": "ana[to]PRP",
                  "sig": "@saao/saa16%akk-x-neoass:a-na=ana[to//to]PRP'PRP$ana",
                  "f": {
                    "lang": "akk-x-neoass",
                    "form": "a-na",
                    "cf": "ana",
                    "gw": "to",
                    "sense": "to",
                    "norm": "ana",
                    "pos": "PRP",
                    "epos": "PRP"
                  }
                },
                {
                  "node": "l",
                  "frag": "LUGAL",
                  "id": "P334549.l041b5",
                  "ref": "P334549.4.4",
                  "inst": "šarri[king]N",
                  "sig": "@saao/saa16%akk-x-neoass:LUGAL=šarru[king//king]N'N$šarri",
                  "f": {
                    "lang": "akk-x-neoass",
                    "form": "LUGAL",
                    "cf": "šarru",
                    "gw": "king",
                    "sense": "king",
                    "norm": "šarri",
                    "pos": "N",
                    "epos": "N"
                  }
                },
                {
                  "node": "l",
                  "frag": "EN-ia",
                  "id": "P334549.l041b6",
                  "ref": "P334549.4.5",
                  "inst": "bēlīya[lord]N",
                  "sig": "@saao/saa16%akk-x-neoass:EN-ia=bēlu[lord//lord]N'N$bēlīya",
                  "f": {
                    "lang": "akk-x-neoass",
                    "form": "EN-ia",
                    "cf": "bēlu",
                    "gw": "lord",
                    "sense": "lord",
                    "norm": "bēlīya",
                    "pos": "N",
                    "epos": "N"
                  }
                },
                {
                  "node": "d",
                  "type": "line-start",
                  "ref": "P334549.5",
                  "n": "4",
                  "label": "o 4"
                },
                {
                  "node": "l",
                  "frag": "{d}AG",
                  "id": "P334549.l041b7",
                  "ref": "P334549.5.1",
                  "inst": "Nabu[1]DN",
                  "sig": "@saao/saa16%akk-x-neoass:{d}AG=Nabu[1//1]DN'DN$Nabu",
                  "f": {
                    "lang": "akk-x-neoass",
                    "form": "{d}AG",
                    "cf": "Nabu",
                    "gw": "1",
                    "sense": "1",
                    "norm": "Nabu",
                    "pos": "DN",
                    "epos": "DN"
                  }
                },
                {
                  "node": "l",
                  "frag": "u",
                  "id": "P334549.l041b8",
                  "ref": "P334549.5.2",
                  "inst": "u[and]CNJ",
                  "sig": "@saao/saa16%akk-x-neoass:u=u[and//and]CNJ'CNJ$u",
                  "f": {
                    "lang": "akk-x-neoass",
                    "form": "u",
                    "cf": "u",
                    "gw": "and",
                    "sense": "and",
                    "norm": "u",
                    "pos": "CNJ",
                    "epos": "CNJ"
                  }
                },
                {
                  "node": "l",
                  "frag": "{d}AMAR.UTU",
                  "id": "P334549.l041b9",
                  "ref": "P334549.5.3",
                  "inst": "Marduk[1]DN",
                  "sig": "@saao/saa16%akk-x-neoass:{d}AMAR.UTU=Marduk[1//1]DN'DN$Marduk",
                  "f": {
                    "lang": "akk-x-neoass",
                    "form": "{d}AMAR.UTU",
                    "cf": "Marduk",
                    "gw": "1",
                    "sense": "1",
                    "norm": "Marduk",
                    "pos": "DN",
                    "epos": "DN"
                  }
                },
                {
                  "node": "d",
                  "type": "line-start",
                  "ref": "P334549.6",
                  "n": "5",
                  "label": "o 5"
                },
                {
                  "node": "l",
                  "frag": "a-na",
                  "id": "P334549.l041ba",
                  "ref": "P334549.6.1",
                  "inst": "ana[to]PRP",
                  "sig": "@saao/saa16%akk-x-neoass:a-na=ana[to//to]PRP'PRP$ana",
                  "f": {
                    "lang": "akk-x-neoass",
                    "form": "a-na",
                    "cf": "ana",
                    "gw": "to",
                    "sense": "to",
                    "norm": "ana",
                    "pos": "PRP",
                    "epos": "PRP"
                  }
                },
                {
                  "node": "l",
                  "frag": "LUGAL",
                  "id": "P334549.l041bb",
                  "ref": "P334549.6.2",
                  "inst": "šarri[king]N",
                  "sig": "@saao/saa16%akk-x-neoass:LUGAL=šarru[king//king]N'N$šarri",
                  "f": {
                    "lang": "akk-x-neoass",
                    "form": "LUGAL",
                    "cf": "šarru",
                    "gw": "king",
                    "sense": "king",
                    "norm": "šarri",
                    "pos": "N",
                    "epos": "N"
                  }
                },
                {
                  "node": "l",
                  "frag": "EN-ia",
                  "id": "P334549.l041bc",
                  "ref": "P334549.6.3",
                  "inst": "bēlīya[lord]N",
                  "sig": "@saao/saa16%akk-x-neoass:EN-ia=bēlu[lord//lord]N'N$bēlīya",
                  "f": {
                    "lang": "akk-x-neoass",
                    "form": "EN-ia",
                    "cf": "bēlu",
                    "gw": "lord",
                    "sense": "lord",
                    "norm": "bēlīya",
                    "pos": "N",
                    "epos": "N"
                  }
                },
                {
                  "node": "l",
                  "frag": "lik-ru-bu",
                  "id": "P334549.l041bd",
                  "ref": "P334549.6.4",
                  "inst": "likrubu[bless]V",
                  "sig": "@saao/saa16%akk-x-neoass:lik-ru-bu=karābu[pray//bless]V'V$likrubu",
                  "f": {
                    "lang": "akk-x-neoass",
                    "form": "lik-ru-bu",
                    "cf": "karābu",
                    "gw": "pray",
                    "sense": "bless",
                    "norm": "likrubu",
                    "pos": "V",
                    "epos": "V"
                  }
                },
                {
                  "node": "d",
                  "type": "line-start",
                  "ref": "P334549.7",
                  "n": "6",
                  "label": "o 6"
                },
                {
                  "node": "l",
                  "frag": "{1}šar-u₂-ar₂-ri",
                  "id": "P334549.l041be",
                  "ref": "P334549.7.1",
                  "inst": "Šar-warri[1]PN$",
                  "sig": "@saao/saa16%akk-x-neoass:{1}šar-u₂-ar₂-ri=Šar-warri[1//1]PN'PN$Šar-warri",
                  "f": {
                    "lang": "akk-x-neoass",
                    "form": "{1}šar-u₂-ar₂-ri",
                    "cf": "Šar-warri",
                    "gw": "1",
                    "sense": "1",
                    "norm": "Šar-warri",
                    "pos": "PN",
                    "epos": "PN"
                  }
                },
                {
                  "node": "l",
                  "frag": "[x",
                  "id": "P334549.l041bf",
                  "ref": "P334549.7.2",
                  "inst": "u",
                  "f": {
                    "lang": "akk-x-neoass",
                    "form": "x",
                    "pos": "u"
                  }
                },
                {
                  "node": "l",
                  "frag": "x",
                  "id": "P334549.l041c0",
                  "ref": "P334549.7.3",
                  "inst": "u",
                  "f": {
                    "lang": "akk-x-neoass",
                    "form": "x",
                    "pos": "u"
                  }
                },
                {
                  "node": "l",
                  "frag": "x]",
                  "id": "P334549.l041c1",
                  "ref": "P334549.7.4",
                  "inst": "u",
                  "f": {
                    "lang": "akk-x-neoass",
                    "form": "x",
                    "pos": "u"
                  }
                },
                {
                  "node": "d",
                  "type": "line-start",
                  "ref": "P334549.8",
                  "n": "7",
                  "label": "o 7"
                },
                {
                  "node": "l",
                  "frag": "{uru}lu-li-⸢ia⸣-[a.a]",
                  "id": "P334549.l041c2",
                  "ref": "P334549.8.1",
                  "inst": "Luliʾaya[1]EN$",
                  "sig": "@saao/saa16%akk-x-neoass:{URU}lu-li-ia-a.a=Luliʾaya[1//1]EN'EN$Luliʾaya",
                  "f": {
                    "lang": "akk-x-neoass",
                    "form": "{URU}lu-li-ia-a.a",
                    "cf": "Luliʾaya",
                    "gw": "1",
                    "sense": "1",
                    "norm": "Luliʾaya",
                    "pos": "EN",
                    "epos": "EN"
                  }
                },
                {
                  "node": "d",
                  "type": "line-start",
                  "ref": "P334549.9",
                  "n": "8",
                  "label": "o 8"
                },
                {
                  "node": "l",
                  "frag": "ARAD",
                  "id": "P334549.l041c3",
                  "ref": "P334549.9.1",
                  "inst": "urdu[servant]N",
                  "sig": "@saao/saa16%akk-x-neoass:ARAD=ardu[slave//servant]N'N$urdu",
                  "f": {
                    "lang": "akk-x-neoass",
                    "form": "ARAD",
                    "cf": "ardu",
                    "gw": "slave",
                    "sense": "servant",
                    "norm": "urdu",
                    "pos": "N",
                    "epos": "N"
                  }
                },
                {
                  "node": "l",
                  "frag": "ša",
                  "id": "P334549.l041c4",
                  "ref": "P334549.9.2",
                  "inst": "ša[of]DET",
                  "sig": "@saao/saa16%akk-x-neoass:ša=ša[of//of]DET'DET$ša",
                  "f": {
                    "lang": "akk-x-neoass",
                    "form": "ša",
                    "cf": "ša",
                    "gw": "of",
                    "sense": "of",
                    "norm": "ša",
                    "pos": "DET",
                    "epos": "DET"
                  }
                },
                {
                  "node": "l",
                  "frag": "LUGAL",
                  "id": "P334549.l041c5",
                  "ref": "P334549.9.3",
                  "inst": "šarri[king]N",
                  "sig": "@saao/saa16%akk-x-neoass:LUGAL=šarru[king//king]N'N$šarri",
                  "f": {
                    "lang": "akk-x-neoass",
                    "form": "LUGAL",
                    "cf": "šarru",
                    "gw": "king",
                    "sense": "king",
                    "norm": "šarri",
                    "pos": "N",
                    "epos": "N"
                  }
                },
                {
                  "node": "l",
                  "frag": "[EN-ia]",
                  "id": "P334549.l041c6",
                  "ref": "P334549.9.4",
                  "inst": "bēlīya[lord]N",
                  "sig": "@saao/saa16%akk-x-neoass:EN-ia=bēlu[lord//lord]N'N$bēlīya",
                  "f": {
                    "lang": "akk-x-neoass",
                    "form": "EN-ia",
                    "cf": "bēlu",
                    "gw": "lord",
                    "sense": "lord",
                    "norm": "bēlīya",
                    "pos": "N",
                    "epos": "N"
                  }
                },
                {
                  "node": "d",
                  "type": "line-start",
                  "ref": "P334549.10",
                  "n": "9",
                  "label": "o 9"
                },
                {
                  "node": "c",
                  "type": "phrase",
                  "tag": "phr",
                  "id": "P334549.U4",
                  "ref": "P334549.ls00000",
                  "cdl": [
                    {
                      "node": "l",
                      "frag": "a-bat",
                      "id": "P334549.l041c7",
                      "ref": "P334549.10.1",
                      "inst": "abat[word]N",
                      "sig": "@saao/saa16%akk-x-neoass:a-bat=awātu[word//word]N'N$abat",
                      "f": {
                        "lang": "akk-x-neoass",
                        "form": "a-bat",
                        "cf": "awātu",
                        "gw": "word",
                        "sense": "word",
                        "norm": "abat",
                        "pos": "N",
                        "epos": "N"
                      }
                    },
                    {
                      "node": "l",
                      "frag": "LUGAL",
                      "id": "P334549.l041c8",
                      "ref": "P334549.10.2",
                      "inst": "!šarri[king]N",
                      "sig": "@saao/saa16%akk-x-neoass:LUGAL=šarru[king//king]N'N$šarri",
                      "f": {
                        "lang": "akk-x-neoass",
                        "form": "LUGAL",
                        "cf": "šarru",
                        "gw": "king",
                        "sense": "king",
                        "norm": "šarri",
                        "pos": "N",
                        "epos": "N"
                      }
                    }
                  ]
                },
                {
                  "node": "l",
                  "frag": "EN-ia",
                  "id": "P334549.l041c9",
                  "ref": "P334549.10.3",
                  "inst": "bēlīya[lord]N",
                  "sig": "@saao/saa16%akk-x-neoass:EN-ia=bēlu[lord//lord]N'N$bēlīya",
                  "f": {
                    "lang": "akk-x-neoass",
                    "form": "EN-ia",
                    "cf": "bēlu",
                    "gw": "lord",
                    "sense": "lord",
                    "norm": "bēlīya",
                    "pos": "N",
                    "epos": "N"
                  }
                },
                {
                  "node": "l",
                  "frag": "[iz-za-kar]",
                  "id": "P334549.l041ca",
                  "ref": "P334549.10.4",
                  "inst": "izzakar[pronounce]V",
                  "sig": "@saao/saa16%akk-x-neoass:iz-za-kar=zakāru[speak//pronounce]V'V$izzakar",
                  "f": {
                    "lang": "akk-x-neoass",
                    "form": "iz-za-kar",
                    "cf": "zakāru",
                    "gw": "speak",
                    "sense": "pronounce",
                    "norm": "izzakar",
                    "pos": "V",
                    "epos": "V"
                  }
                },
                {
                  "node": "d",
                  "type": "line-start",
                  "ref": "P334549.11",
                  "n": "10",
                  "label": "o 10"
                },
                {
                  "node": "l",
                  "frag": "mi₃-i-[nu",
                  "id": "P334549.l041cb",
                  "ref": "P334549.11.1",
                  "inst": "mīnu[what?]QP",
                  "sig": "@saao/saa16%akk-x-neoass:mi₃-i-nu=mīnu[what?//what?]QP'QP$mīnu",
                  "f": {
                    "lang": "akk-x-neoass",
                    "form": "mi₃-i-nu",
                    "cf": "mīnu",
                    "gw": "what?",
                    "sense": "what?",
                    "norm": "mīnu",
                    "pos": "QP",
                    "epos": "QP"
                  }
                },
                {
                  "node": "l",
                  "frag": "x",
                  "id": "P334549.l041cc",
                  "ref": "P334549.11.2",
                  "inst": "u",
                  "f": {
                    "lang": "akk-x-neoass",
                    "form": "x",
                    "pos": "u"
                  }
                },
                {
                  "node": "l",
                  "frag": "x",
                  "id": "P334549.l041cd",
                  "ref": "P334549.11.3",
                  "inst": "u",
                  "f": {
                    "lang": "akk-x-neoass",
                    "form": "x",
                    "pos": "u"
                  }
                },
                {
                  "node": "l",
                  "frag": "x",
                  "id": "P334549.l041ce",
                  "ref": "P334549.11.4",
                  "inst": "u",
                  "f": {
                    "lang": "akk-x-neoass",
                    "form": "x",
                    "pos": "u"
                  }
                },
                {
                  "node": "l",
                  "frag": "x",
                  "id": "P334549.l041cf",
                  "ref": "P334549.11.5",
                  "inst": "u",
                  "f": {
                    "lang": "akk-x-neoass",
                    "form": "x",
                    "pos": "u"
                  }
                },
                {
                  "node": "l",
                  "frag": "x]",
                  "id": "P334549.l041d0",
                  "ref": "P334549.11.6",
                  "inst": "u",
                  "f": {
                    "lang": "akk-x-neoass",
                    "form": "x",
                    "pos": "u"
                  }
                },
                {
                  "node": "d",
                  "type": "nonx",
                  "ref": "P334549.12",
                  "strict": "0",
                  "extent": "rest",
                  "state": "missing"
                },
                {
                  "node": "d",
                  "subtype": "reverse",
                  "type": "reverse",
                  "ref": "P334549.r.13",
                  "label": "r"
                },
                {
                  "node": "d",
                  "type": "nonx",
                  "ref": "P334549.14",
                  "strict": "0",
                  "extent": "beginning",
                  "state": "missing"
                },
                {
                  "node": "d",
                  "type": "line-start",
                  "ref": "P334549.15",
                  "n": "1'",
                  "label": "r 1'"
                },
                {
                  "node": "l",
                  "frag": "⸢x",
                  "id": "P334549.l041d1",
                  "ref": "P334549.15.1",
                  "inst": "u",
                  "f": {
                    "lang": "akk-x-neoass",
                    "form": "x",
                    "pos": "u"
                  }
                },
                {
                  "node": "l",
                  "frag": "x",
                  "id": "P334549.l041d2",
                  "ref": "P334549.15.2",
                  "inst": "u",
                  "f": {
                    "lang": "akk-x-neoass",
                    "form": "x",
                    "pos": "u"
                  }
                },
                {
                  "node": "l",
                  "frag": "x⸣+[x",
                  "id": "P334549.l041d3",
                  "ref": "P334549.15.3",
                  "inst": "u",
                  "f": {
                    "lang": "akk-x-neoass",
                    "form": "x+x",
                    "pos": "u"
                  }
                },
                {
                  "node": "l",
                  "frag": "x",
                  "id": "P334549.l041d4",
                  "ref": "P334549.15.4",
                  "inst": "u",
                  "f": {
                    "lang": "akk-x-neoass",
                    "form": "x",
                    "pos": "u"
                  }
                },
                {
                  "node": "l",
                  "frag": "x",
                  "id": "P334549.l041d5",
                  "ref": "P334549.15.5",
                  "inst": "u",
                  "f": {
                    "lang": "akk-x-neoass",
                    "form": "x",
                    "pos": "u"
                  }
                },
                {
                  "node": "l",
                  "frag": "x",
                  "id": "P334549.l041d6",
                  "ref": "P334549.15.6",
                  "inst": "u",
                  "f": {
                    "lang": "akk-x-neoass",
                    "form": "x",
                    "pos": "u"
                  }
                },
                {
                  "node": "l",
                  "frag": "x",
                  "id": "P334549.l041d7",
                  "ref": "P334549.15.7",
                  "inst": "u",
                  "f": {
                    "lang": "akk-x-neoass",
                    "form": "x",
                    "pos": "u"
                  }
                },
                {
                  "node": "l",
                  "frag": "x",
                  "id": "P334549.l041d8",
                  "ref": "P334549.15.8",
                  "inst": "u",
                  "f": {
                    "lang": "akk-x-neoass",
                    "form": "x",
                    "pos": "u"
                  }
                },
                {
                  "node": "l",
                  "frag": "x",
                  "id": "P334549.l041d9",
                  "ref": "P334549.15.9",
                  "inst": "u",
                  "f": {
                    "lang": "akk-x-neoass",
                    "form": "x",
                    "pos": "u"
                  }
                },
                {
                  "node": "l",
                  "frag": "x]",
                  "id": "P334549.l041da",
                  "ref": "P334549.15.10",
                  "inst": "u",
                  "f": {
                    "lang": "akk-x-neoass",
                    "form": "x",
                    "pos": "u"
                  }
                },
                {
                  "node": "d",
                  "type": "nonx",
                  "ref": "P334549.16",
                  "strict": "0",
                  "extent": "rest",
                  "state": "other"
                }
              ]
            }
          ]
        }
      ]
    },
    {
      "linkbase": [
        {
          "type": "linkset",
          "xlink_title": "awāt šarri[kingʾs word//kingʾs word]N'N",
          "id": "P334549.ls00000",
          "xlink_type": "extended",
          "xlink_role": "psu",
          "sig": "{awātu[word]N šarru[king]N += awāt šarri[kingʾs word//kingʾs word]N'N}::@saao%akk-x-neoass:a-bat=awātu[word//word]N'N$abat++@saao%akk-x-neoass:LUGAL=šarru[king//king]N'N$šarri",
          "links": [
            {
              "type": "link",
              "xlink_title": "abat",
              "xlink_type": "locator",
              "xlink_href": "#P334549.l041c7",
              "xlink_role": "elt"
            },
            {
              "type": "link",
              "xlink_title": "šarri",
              "xlink_type": "locator",
              "xlink_href": "#P334549.l041c8",
              "xlink_role": "elt"
            }
          ]
        }
      ]
    }
  ]
}
