{
  "type": "cdl",
  "source": "http://oracc.org/dcclt",
  "license": "This data is released under the CC0 license",
  "license-url": "https://creativecommons.org/publicdomain/zero/1.0/",
  "more-info": "http://oracc.org/doc/opendata/",
  "UTC-timestamp": "2017-06-09T23:42:15",
  "project": "dcclt",
  "textid": "P000289",
  "cdl": [
    {
      "node": "c",
      "type": "text",
      "id": "P000289.U0",
      "cdl": [
        {
          "node": "d",
          "type": "object",
          "ref": ""
        },
        {
          "node": "d",
          "subtype": "obverse",
          "type": "obverse",
          "ref": "P000289.o.1",
          "label": "o"
        },
        {
          "node": "d",
          "subtype": "column 1o",
          "type": "column",
          "ref": "P000289.o.i.2",
          "n": "1",
          "label": "o i"
        },
        {
          "node": "c",
          "type": "discourse",
          "subtype": "body",
          "id": "P000289.U1",
          "cdl": [
            {
              "node": "c",
              "type": "sentence",
              "id": "P000289.U2",
              "label": "o i 1 - o iii 2",
              "cdl": [
                {
                  "node": "d",
                  "type": "line-start",
                  "ref": "P000289.3",
                  "n": "1",
                  "label": "o i 1"
                },
                {
                  "node": "d",
                  "type": "field-start",
                  "subtype": "default"
                },
                {
                  "node": "l",
                  "frag": "1(N01)",
                  "id": "P000289.l02e1e",
                  "ref": "P000289.3.1",
                  "inst": "%qpc:1(N01)=",
                  "f": {
                    "lang": "qpc",
                    "form": "1(N01)"
                  }
                },
                {
                  "node": "d",
                  "type": "field-end",
                  "subtype": "default"
                },
                {
                  "node": "d",
                  "type": "field-start",
                  "subtype": "default"
                },
                {
                  "node": "l",
                  "frag": "[...]",
                  "id": "P000289.l02e1f",
                  "ref": "P000289.3.2",
                  "inst": "%qpc:x=",
                  "f": {
                    "lang": "qpc",
                    "form": "x"
                  }
                },
                {
                  "node": "l",
                  "frag": "⸢KU₆~a⸣",
                  "id": "P000289.l02e20",
                  "ref": "P000289.3.3",
                  "inst": "%qpc:KU₆=",
                  "f": {
                    "lang": "qpc",
                    "form": "KU₆"
                  }
                },
                {
                  "node": "d",
                  "type": "field-end",
                  "subtype": "default"
                },
                {
                  "node": "d",
                  "type": "line-start",
                  "ref": "P000289.4",
                  "n": "2",
                  "label": "o i 2"
                },
                {
                  "node": "d",
                  "type": "field-start",
                  "subtype": "default"
                },
                {
                  "node": "l",
                  "frag": "1(N01)",
                  "id": "P000289.l02e21",
                  "ref": "P000289.4.1",
                  "inst": "%qpc:1(N01)=",
                  "f": {
                    "lang": "qpc",
                    "form": "1(N01)"
                  }
                },
                {
                  "node": "d",
                  "type": "field-end",
                  "subtype": "default"
                },
                {
                  "node": "d",
                  "type": "field-start",
                  "subtype": "default"
                },
                {
                  "node": "l",
                  "frag": "[...]",
                  "id": "P000289.l02e22",
                  "ref": "P000289.4.2",
                  "inst": "%qpc:x=",
                  "f": {
                    "lang": "qpc",
                    "form": "x"
                  }
                },
                {
                  "node": "l",
                  "frag": "⸢GU⸣",
                  "id": "P000289.l02e23",
                  "ref": "P000289.4.3",
                  "inst": "%qpc:GU=",
                  "f": {
                    "lang": "qpc",
                    "form": "GU"
                  }
                },
                {
                  "node": "d",
                  "type": "field-end",
                  "subtype": "default"
                },
                {
                  "node": "d",
                  "type": "line-start",
                  "ref": "P000289.5",
                  "n": "3",
                  "label": "o i 3"
                },
                {
                  "node": "d",
                  "type": "field-start",
                  "subtype": "default"
                },
                {
                  "node": "l",
                  "frag": "1(N01)",
                  "id": "P000289.l02e24",
                  "ref": "P000289.5.1",
                  "inst": "%qpc:1(N01)=",
                  "f": {
                    "lang": "qpc",
                    "form": "1(N01)"
                  }
                },
                {
                  "node": "d",
                  "type": "field-end",
                  "subtype": "default"
                },
                {
                  "node": "d",
                  "type": "field-start",
                  "subtype": "default"
                },
                {
                  "node": "l",
                  "frag": "⸢ŠU₂",
                  "id": "P000289.l02e25",
                  "ref": "P000289.5.2",
                  "inst": "%qpc:ŠU₂=",
                  "f": {
                    "lang": "qpc",
                    "form": "ŠU₂"
                  }
                },
                {
                  "node": "l",
                  "frag": "GU⸣",
                  "id": "P000289.l02e26",
                  "ref": "P000289.5.3",
                  "inst": "%qpc:GU=",
                  "f": {
                    "lang": "qpc",
                    "form": "GU"
                  }
                },
                {
                  "node": "l",
                  "frag": "[...]",
                  "id": "P000289.l02e27",
                  "ref": "P000289.5.4",
                  "inst": "%qpc:x=",
                  "f": {
                    "lang": "qpc",
                    "form": "x"
                  }
                },
                {
                  "node": "d",
                  "type": "field-end",
                  "subtype": "default"
                },
                {
                  "node": "d",
                  "subtype": "column 2o",
                  "type": "column",
                  "ref": "P000289.o.ii.6",
                  "n": "2",
                  "label": "o ii"
                },
                {
                  "node": "d",
                  "type": "line-start",
                  "ref": "P000289.7",
                  "n": "1",
                  "label": "o ii 1"
                },
                {
                  "node": "d",
                  "type": "field-start",
                  "subtype": "default"
                },
                {
                  "node": "l",
                  "frag": "1(N01)",
                  "id": "P000289.l02e28",
                  "ref": "P000289.7.1",
                  "inst": "%qpc:1(N01)=",
                  "f": {
                    "lang": "qpc",
                    "form": "1(N01)"
                  }
                },
                {
                  "node": "d",
                  "type": "field-end",
                  "subtype": "default"
                },
                {
                  "node": "d",
                  "type": "field-start",
                  "subtype": "default"
                },
                {
                  "node": "l",
                  "frag": "⸢NAGAR~b⸣",
                  "id": "P000289.l02e29",
                  "ref": "P000289.7.2",
                  "inst": "%qpc:NAGAR=",
                  "f": {
                    "lang": "qpc",
                    "form": "NAGAR"
                  }
                },
                {
                  "node": "l",
                  "frag": "[...]",
                  "id": "P000289.l02e2a",
                  "ref": "P000289.7.3",
                  "inst": "%qpc:x=",
                  "f": {
                    "lang": "qpc",
                    "form": "x"
                  }
                },
                {
                  "node": "d",
                  "type": "field-end",
                  "subtype": "default"
                },
                {
                  "node": "d",
                  "type": "line-start",
                  "ref": "P000289.8",
                  "n": "2",
                  "label": "o ii 2"
                },
                {
                  "node": "d",
                  "type": "field-start",
                  "subtype": "default"
                },
                {
                  "node": "l",
                  "frag": "1(N01)",
                  "id": "P000289.l02e2b",
                  "ref": "P000289.8.1",
                  "inst": "%qpc:1(N01)=",
                  "f": {
                    "lang": "qpc",
                    "form": "1(N01)"
                  }
                },
                {
                  "node": "d",
                  "type": "field-end",
                  "subtype": "default"
                },
                {
                  "node": "d",
                  "type": "field-start",
                  "subtype": "default"
                },
                {
                  "node": "l",
                  "frag": "⸢NAGAR~b",
                  "id": "P000289.l02e2c",
                  "ref": "P000289.8.2",
                  "inst": "%qpc:NAGAR=",
                  "f": {
                    "lang": "qpc",
                    "form": "NAGAR"
                  }
                },
                {
                  "node": "l",
                  "frag": "2(N57)",
                  "id": "P000289.l02e2d",
                  "ref": "P000289.8.3",
                  "inst": "%qpc:2(N57)=",
                  "f": {
                    "lang": "qpc",
                    "form": "2(N57)"
                  }
                },
                {
                  "node": "l",
                  "frag": "[...]",
                  "id": "P000289.l02e2e",
                  "ref": "P000289.8.4",
                  "inst": "%qpc:x=",
                  "f": {
                    "lang": "qpc",
                    "form": "x"
                  }
                },
                {
                  "node": "d",
                  "type": "field-end",
                  "subtype": "default"
                },
                {
                  "node": "d",
                  "type": "line-start",
                  "ref": "P000289.9",
                  "n": "3",
                  "label": "o ii 3"
                },
                {
                  "node": "d",
                  "type": "field-start",
                  "subtype": "default"
                },
                {
                  "node": "l",
                  "frag": "1(N01)",
                  "id": "P000289.l02e2f",
                  "ref": "P000289.9.1",
                  "inst": "%qpc:1(N01)=",
                  "f": {
                    "lang": "qpc",
                    "form": "1(N01)"
                  }
                },
                {
                  "node": "d",
                  "type": "field-end",
                  "subtype": "default"
                },
                {
                  "node": "d",
                  "type": "field-start",
                  "subtype": "default"
                },
                {
                  "node": "l",
                  "frag": "NAGAR~b",
                  "id": "P000289.l02e30",
                  "ref": "P000289.9.2",
                  "inst": "%qpc:NAGAR=",
                  "f": {
                    "lang": "qpc",
                    "form": "NAGAR"
                  }
                },
                {
                  "node": "l",
                  "frag": "AN",
                  "id": "P000289.l02e31",
                  "ref": "P000289.9.3",
                  "inst": "%qpc:AN=",
                  "f": {
                    "lang": "qpc",
                    "form": "AN"
                  }
                },
                {
                  "node": "l",
                  "frag": "2(N57)",
                  "id": "P000289.l02e32",
                  "ref": "P000289.9.4",
                  "inst": "%qpc:2(N57)=",
                  "f": {
                    "lang": "qpc",
                    "form": "2(N57)"
                  }
                },
                {
                  "node": "l",
                  "frag": "TAK₄~a",
                  "id": "P000289.l02e33",
                  "ref": "P000289.9.5",
                  "inst": "%qpc:TAK₄=",
                  "f": {
                    "lang": "qpc",
                    "form": "TAK₄"
                  }
                },
                {
                  "node": "d",
                  "type": "field-end",
                  "subtype": "default"
                },
                {
                  "node": "d",
                  "type": "line-start",
                  "ref": "P000289.10",
                  "n": "4",
                  "label": "o ii 4"
                },
                {
                  "node": "d",
                  "type": "field-start",
                  "subtype": "default"
                },
                {
                  "node": "l",
                  "frag": "1(N01)",
                  "id": "P000289.l02e34",
                  "ref": "P000289.10.1",
                  "inst": "%qpc:1(N01)=",
                  "f": {
                    "lang": "qpc",
                    "form": "1(N01)"
                  }
                },
                {
                  "node": "d",
                  "type": "field-end",
                  "subtype": "default"
                },
                {
                  "node": "d",
                  "type": "field-start",
                  "subtype": "default"
                },
                {
                  "node": "l",
                  "frag": "NAGAR~b",
                  "id": "P000289.l02e35",
                  "ref": "P000289.10.2",
                  "inst": "%qpc:NAGAR=",
                  "f": {
                    "lang": "qpc",
                    "form": "NAGAR"
                  }
                },
                {
                  "node": "l",
                  "frag": "BUR~a",
                  "id": "P000289.l02e36",
                  "ref": "P000289.10.3",
                  "inst": "%qpc:BUR=",
                  "f": {
                    "lang": "qpc",
                    "form": "BUR"
                  }
                },
                {
                  "node": "d",
                  "type": "field-end",
                  "subtype": "default"
                },
                {
                  "node": "d",
                  "type": "line-start",
                  "ref": "P000289.11",
                  "n": "5",
                  "label": "o ii 5"
                },
                {
                  "node": "d",
                  "type": "field-start",
                  "subtype": "default"
                },
                {
                  "node": "l",
                  "frag": "1(N01)",
                  "id": "P000289.l02e37",
                  "ref": "P000289.11.1",
                  "inst": "%qpc:1(N01)=",
                  "f": {
                    "lang": "qpc",
                    "form": "1(N01)"
                  }
                },
                {
                  "node": "d",
                  "type": "field-end",
                  "subtype": "default"
                },
                {
                  "node": "d",
                  "type": "field-start",
                  "subtype": "default"
                },
                {
                  "node": "l",
                  "frag": "⸢NAGAR~b",
                  "id": "P000289.l02e38",
                  "ref": "P000289.11.2",
                  "inst": "%qpc:NAGAR=",
                  "f": {
                    "lang": "qpc",
                    "form": "NAGAR"
                  }
                },
                {
                  "node": "l",
                  "frag": "BUR~a⸣",
                  "id": "P000289.l02e39",
                  "ref": "P000289.11.3",
                  "inst": "%qpc:BUR=",
                  "f": {
                    "lang": "qpc",
                    "form": "BUR"
                  }
                },
                {
                  "node": "l",
                  "frag": "[...]",
                  "id": "P000289.l02e3a",
                  "ref": "P000289.11.4",
                  "inst": "%qpc:x=",
                  "f": {
                    "lang": "qpc",
                    "form": "x"
                  }
                },
                {
                  "node": "d",
                  "type": "field-end",
                  "subtype": "default"
                },
                {
                  "node": "d",
                  "subtype": "column 3o",
                  "type": "column",
                  "ref": "P000289.o.iii.12",
                  "n": "3",
                  "label": "o iii"
                },
                {
                  "node": "d",
                  "type": "line-start",
                  "ref": "P000289.13",
                  "n": "1",
                  "label": "o iii 1"
                },
                {
                  "node": "d",
                  "type": "field-start",
                  "subtype": "default"
                },
                {
                  "node": "l",
                  "frag": "1(N01)",
                  "id": "P000289.l02e3b",
                  "ref": "P000289.13.1",
                  "inst": "%qpc:1(N01)=",
                  "f": {
                    "lang": "qpc",
                    "form": "1(N01)"
                  }
                },
                {
                  "node": "d",
                  "type": "field-end",
                  "subtype": "default"
                },
                {
                  "node": "d",
                  "type": "field-start",
                  "subtype": "default"
                },
                {
                  "node": "l",
                  "frag": "[...]",
                  "id": "P000289.l02e3c",
                  "ref": "P000289.13.2",
                  "inst": "%qpc:x=",
                  "f": {
                    "lang": "qpc",
                    "form": "x"
                  }
                },
                {
                  "node": "d",
                  "type": "field-end",
                  "subtype": "default"
                },
                {
                  "node": "d",
                  "type": "line-start",
                  "ref": "P000289.14",
                  "n": "2",
                  "label": "o iii 2"
                },
                {
                  "node": "d",
                  "type": "field-start",
                  "subtype": "default"
                },
                {
                  "node": "l",
                  "frag": "1(N01)",
                  "id": "P000289.l02e3d",
                  "ref": "P000289.14.1",
                  "inst": "%qpc:1(N01)=",
                  "f": {
                    "lang": "qpc",
                    "form": "1(N01)"
                  }
                },
                {
                  "node": "d",
                  "type": "field-end",
                  "subtype": "default"
                },
                {
                  "node": "d",
                  "type": "field-start",
                  "subtype": "default"
                },
                {
                  "node": "l",
                  "frag": "[...]",
                  "id": "P000289.l02e3e",
                  "ref": "P000289.14.2",
                  "inst": "%qpc:x=",
                  "f": {
                    "lang": "qpc",
                    "form": "x"
                  }
                },
                {
                  "node": "d",
                  "type": "field-end",
                  "subtype": "default"
                }
              ]
            }
          ]
        }
      ]
    }
  ]
}
