{
  "type": "cdl",
  "source": "http://oracc.org/dcclt",
  "license": "This data is released under the CC0 license",
  "license-url": "https://creativecommons.org/publicdomain/zero/1.0/",
  "more-info": "http://oracc.org/doc/opendata/",
  "UTC-timestamp": "2017-06-09T23:42:20",
  "project": "dcclt",
  "textid": "P227995",
  "cdl": [
    {
      "node": "c",
      "type": "text",
      "id": "P227995.U0",
      "cdl": [
        {
          "node": "d",
          "subtype": "tablet",
          "type": "tablet",
          "ref": "P227995.x706.1",
          "label": "x706"
        },
        {
          "node": "d",
          "subtype": "obverse",
          "type": "obverse",
          "ref": "P227995.o.2",
          "label": "o"
        },
        {
          "node": "d",
          "type": "nonx",
          "ref": "P227995.3",
          "strict": "1",
          "extent": "n",
          "scope": "line",
          "state": "missing"
        },
        {
          "node": "d",
          "type": "nonx",
          "ref": "P227995.4",
          "strict": "1",
          "extent": "1",
          "scope": "line",
          "state": "traces"
        },
        {
          "node": "c",
          "type": "discourse",
          "subtype": "body",
          "id": "P227995.U1",
          "cdl": [
            {
              "node": "c",
              "type": "sentence",
              "id": "P227995.U2",
              "label": "o 1 - r ii 5",
              "cdl": [
                {
                  "node": "d",
                  "type": "line-start",
                  "ref": "P227995.5",
                  "n": "1",
                  "label": "o 1"
                },
                {
                  "node": "l",
                  "frag": "{dug}⸢niŋ₂⸣",
                  "id": "P227995.l20243",
                  "ref": "P227995.5.1",
                  "inst": "%sux:{dug}niŋ₂=",
                  "f": {
                    "lang": "sux",
                    "form": "{dug}niŋ₂"
                  }
                },
                {
                  "node": "l",
                  "frag": "[...]",
                  "id": "P227995.l20244",
                  "ref": "P227995.5.2",
                  "inst": "%sux:x=",
                  "f": {
                    "lang": "sux",
                    "form": "x"
                  }
                },
                {
                  "node": "d",
                  "subtype": "reverse",
                  "type": "reverse",
                  "ref": "P227995.r.6",
                  "label": "r"
                },
                {
                  "node": "d",
                  "subtype": "column 1r",
                  "type": "column",
                  "ref": "P227995.r.i.7",
                  "n": "1",
                  "label": "r i"
                },
                {
                  "node": "d",
                  "type": "line-start",
                  "ref": "P227995.8",
                  "n": "1",
                  "label": "r i 1"
                },
                {
                  "node": "l",
                  "frag": "ŋeš",
                  "id": "P227995.l20245",
                  "ref": "P227995.8.1",
                  "inst": "%sux:ŋeš=",
                  "f": {
                    "lang": "sux",
                    "form": "ŋeš"
                  }
                },
                {
                  "node": "l",
                  "frag": "⸢ildag₂⸣-[...]",
                  "id": "P227995.l20246",
                  "ref": "P227995.8.2",
                  "inst": "%sux:ildag₂-x=",
                  "f": {
                    "lang": "sux",
                    "form": "ildag₂-x"
                  }
                },
                {
                  "node": "d",
                  "type": "line-start",
                  "ref": "P227995.9",
                  "n": "2",
                  "label": "r i 2"
                },
                {
                  "node": "l",
                  "frag": "ŋeš",
                  "id": "P227995.l20247",
                  "ref": "P227995.9.1",
                  "inst": "%sux:ŋeš=",
                  "f": {
                    "lang": "sux",
                    "form": "ŋeš"
                  }
                },
                {
                  "node": "l",
                  "frag": "⸢ildag₂⸣-[...]",
                  "id": "P227995.l20248",
                  "ref": "P227995.9.2",
                  "inst": "%sux:ildag₂-x=",
                  "f": {
                    "lang": "sux",
                    "form": "ildag₂-x"
                  }
                },
                {
                  "node": "d",
                  "type": "line-start",
                  "ref": "P227995.10",
                  "n": "3",
                  "label": "r i 3"
                },
                {
                  "node": "l",
                  "frag": "ŋeš",
                  "id": "P227995.l20249",
                  "ref": "P227995.10.1",
                  "inst": "%sux:ŋeš=",
                  "f": {
                    "lang": "sux",
                    "form": "ŋeš"
                  }
                },
                {
                  "node": "l",
                  "frag": "⸢kur⸣-[...]",
                  "id": "P227995.l2024a",
                  "ref": "P227995.10.2",
                  "inst": "%sux:kur-x=",
                  "f": {
                    "lang": "sux",
                    "form": "kur-x"
                  }
                },
                {
                  "node": "d",
                  "subtype": "column 2r",
                  "type": "column",
                  "ref": "P227995.r.ii.11",
                  "n": "2",
                  "label": "r ii"
                },
                {
                  "node": "d",
                  "type": "line-start",
                  "ref": "P227995.12",
                  "n": "1",
                  "label": "r ii 1"
                },
                {
                  "node": "l",
                  "frag": "ŋeš",
                  "id": "P227995.l2024b",
                  "ref": "P227995.12.1",
                  "inst": "%sux:ŋeš=",
                  "f": {
                    "lang": "sux",
                    "form": "ŋeš"
                  }
                },
                {
                  "node": "l",
                  "frag": "mes-X",
                  "id": "P227995.l2024c",
                  "ref": "P227995.12.2",
                  "inst": "%sux:mes-X=",
                  "f": {
                    "lang": "sux",
                    "form": "mes-X"
                  }
                },
                {
                  "node": "d",
                  "type": "line-start",
                  "ref": "P227995.13",
                  "n": "2",
                  "label": "r ii 2"
                },
                {
                  "node": "l",
                  "frag": "ŋeš",
                  "id": "P227995.l2024d",
                  "ref": "P227995.13.1",
                  "inst": "%sux:ŋeš=",
                  "f": {
                    "lang": "sux",
                    "form": "ŋeš"
                  }
                },
                {
                  "node": "l",
                  "frag": "X",
                  "id": "P227995.l2024e",
                  "ref": "P227995.13.2",
                  "inst": "%sux:X=",
                  "f": {
                    "lang": "sux",
                    "form": "X"
                  }
                },
                {
                  "node": "l",
                  "frag": "X",
                  "id": "P227995.l2024f",
                  "ref": "P227995.13.3",
                  "inst": "%sux:X=",
                  "f": {
                    "lang": "sux",
                    "form": "X"
                  }
                },
                {
                  "node": "d",
                  "type": "line-start",
                  "ref": "P227995.14",
                  "n": "3",
                  "label": "r ii 3"
                },
                {
                  "node": "l",
                  "frag": "ŋeš",
                  "id": "P227995.l20250",
                  "ref": "P227995.14.1",
                  "inst": "%sux:ŋeš=",
                  "f": {
                    "lang": "sux",
                    "form": "ŋeš"
                  }
                },
                {
                  "node": "l",
                  "frag": "erin₂",
                  "id": "P227995.l20251",
                  "ref": "P227995.14.2",
                  "inst": "%sux:erin₂=",
                  "f": {
                    "lang": "sux",
                    "form": "erin₂"
                  }
                },
                {
                  "node": "d",
                  "type": "line-start",
                  "ref": "P227995.15",
                  "n": "4",
                  "label": "r ii 4"
                },
                {
                  "node": "l",
                  "frag": "ŋeš",
                  "id": "P227995.l20252",
                  "ref": "P227995.15.1",
                  "inst": "%sux:ŋeš=",
                  "f": {
                    "lang": "sux",
                    "form": "ŋeš"
                  }
                },
                {
                  "node": "l",
                  "frag": "šu-ur₂-min₃",
                  "id": "P227995.l20253",
                  "ref": "P227995.15.2",
                  "inst": "%sux:šu-ur₂-min₃=",
                  "f": {
                    "lang": "sux",
                    "form": "šu-ur₂-min₃"
                  }
                },
                {
                  "node": "d",
                  "type": "line-start",
                  "ref": "P227995.16",
                  "n": "5",
                  "label": "r ii 5"
                },
                {
                  "node": "l",
                  "frag": "ŋeš",
                  "id": "P227995.l20254",
                  "ref": "P227995.16.1",
                  "inst": "%sux:ŋeš=",
                  "f": {
                    "lang": "sux",
                    "form": "ŋeš"
                  }
                },
                {
                  "node": "l",
                  "frag": "za-⸢ba⸣-[...]",
                  "id": "P227995.l20255",
                  "ref": "P227995.16.2",
                  "inst": "%sux:za-ba-x=",
                  "f": {
                    "lang": "sux",
                    "form": "za-ba-x"
                  }
                }
              ]
            }
          ]
        }
      ]
    }
  ]
}
