{
  "type": "cdl",
  "source": "http://oracc.org/dcclt",
  "license": "This data is released under the CC0 license",
  "license-url": "https://creativecommons.org/publicdomain/zero/1.0/",
  "more-info": "http://oracc.org/doc/opendata/",
  "UTC-timestamp": "2017-06-09T23:42:24",
  "project": "dcclt",
  "textid": "P229205",
  "cdl": [
    {
      "node": "c",
      "type": "text",
      "id": "P229205.U0",
      "cdl": [
        {
          "node": "d",
          "type": "object",
          "ref": ""
        },
        {
          "node": "d",
          "subtype": "reverse",
          "type": "reverse",
          "ref": "P229205.r.1",
          "label": "r"
        },
        {
          "node": "d",
          "subtype": "column 1r",
          "type": "column",
          "ref": "P229205.r.i.2",
          "n": "1",
          "label": "r i"
        },
        {
          "node": "d",
          "type": "nonx",
          "ref": "P229205.3",
          "strict": "1",
          "extent": "1",
          "scope": "column",
          "state": "traces"
        },
        {
          "node": "d",
          "subtype": "column 2r",
          "type": "column",
          "ref": "P229205.r.ii.4",
          "n": "2",
          "label": "r ii"
        },
        {
          "node": "d",
          "type": "nonx",
          "ref": "P229205.5",
          "strict": "1",
          "extent": "1",
          "scope": "line",
          "state": "traces"
        },
        {
          "node": "d",
          "type": "nonx",
          "ref": "P229205.6",
          "strict": "1",
          "extent": "1",
          "scope": "line",
          "state": "missing"
        },
        {
          "node": "c",
          "type": "discourse",
          "subtype": "body",
          "id": "P229205.U1",
          "cdl": [
            {
              "node": "c",
              "type": "sentence",
              "id": "P229205.U2",
              "label": "r ii 3' - r iii 15'",
              "cdl": [
                {
                  "node": "d",
                  "type": "line-start",
                  "ref": "P229205.7",
                  "n": "3'",
                  "label": "r ii 3'"
                },
                {
                  "node": "l",
                  "frag": "ŋeš",
                  "id": "P229205.l1cc6e",
                  "ref": "P229205.7.1",
                  "inst": "%sux:ŋeš=",
                  "f": {
                    "lang": "sux",
                    "form": "ŋeš"
                  }
                },
                {
                  "node": "l",
                  "frag": "pi-[...]",
                  "id": "P229205.l1cc6f",
                  "ref": "P229205.7.2",
                  "inst": "%sux:pi-x=",
                  "f": {
                    "lang": "sux",
                    "form": "pi-x"
                  }
                },
                {
                  "node": "d",
                  "type": "line-start",
                  "ref": "P229205.8",
                  "n": "4'",
                  "label": "r ii 4'"
                },
                {
                  "node": "l",
                  "frag": "ŋeš",
                  "id": "P229205.l1cc70",
                  "ref": "P229205.8.1",
                  "inst": "%sux:ŋeš=",
                  "f": {
                    "lang": "sux",
                    "form": "ŋeš"
                  }
                },
                {
                  "node": "l",
                  "frag": "u₃-⸢luh⸣-[...]",
                  "id": "P229205.l1cc71",
                  "ref": "P229205.8.2",
                  "inst": "%sux:u₃-luh-x=",
                  "f": {
                    "lang": "sux",
                    "form": "u₃-luh-x"
                  }
                },
                {
                  "node": "d",
                  "type": "line-start",
                  "ref": "P229205.9",
                  "n": "5'",
                  "label": "r ii 5'"
                },
                {
                  "node": "l",
                  "frag": "ŋeš",
                  "id": "P229205.l1cc72",
                  "ref": "P229205.9.1",
                  "inst": "%sux:ŋeš=",
                  "f": {
                    "lang": "sux",
                    "form": "ŋeš"
                  }
                },
                {
                  "node": "l",
                  "frag": "ŋa₂-⸢li⸣",
                  "id": "P229205.l1cc73",
                  "ref": "P229205.9.2",
                  "inst": "%sux:ŋa₂-li=",
                  "f": {
                    "lang": "sux",
                    "form": "ŋa₂-li"
                  }
                },
                {
                  "node": "d",
                  "type": "line-start",
                  "ref": "P229205.10",
                  "n": "6'",
                  "label": "r ii 6'"
                },
                {
                  "node": "l",
                  "frag": "ŋeš",
                  "id": "P229205.l1cc74",
                  "ref": "P229205.10.1",
                  "inst": "%sux:ŋeš=",
                  "f": {
                    "lang": "sux",
                    "form": "ŋeš"
                  }
                },
                {
                  "node": "l",
                  "frag": "an-na-[...]",
                  "id": "P229205.l1cc75",
                  "ref": "P229205.10.2",
                  "inst": "%sux:an-na-x=",
                  "f": {
                    "lang": "sux",
                    "form": "an-na-x"
                  }
                },
                {
                  "node": "d",
                  "type": "line-start",
                  "ref": "P229205.11",
                  "n": "7'",
                  "label": "r ii 7'"
                },
                {
                  "node": "l",
                  "frag": "ŋeš",
                  "id": "P229205.l1cc76",
                  "ref": "P229205.11.1",
                  "inst": "%sux:ŋeš=",
                  "f": {
                    "lang": "sux",
                    "form": "ŋeš"
                  }
                },
                {
                  "node": "l",
                  "frag": "ki-ta-[...]",
                  "id": "P229205.l1cc77",
                  "ref": "P229205.11.2",
                  "inst": "%sux:ki-ta-x=",
                  "f": {
                    "lang": "sux",
                    "form": "ki-ta-x"
                  }
                },
                {
                  "node": "d",
                  "type": "line-start",
                  "ref": "P229205.12",
                  "n": "8'",
                  "label": "r ii 8'"
                },
                {
                  "node": "l",
                  "frag": "ŋeš",
                  "id": "P229205.l1cc78",
                  "ref": "P229205.12.1",
                  "inst": "%sux:ŋeš=",
                  "f": {
                    "lang": "sux",
                    "form": "ŋeš"
                  }
                },
                {
                  "node": "l",
                  "frag": "ki-ta",
                  "id": "P229205.l1cc79",
                  "ref": "P229205.12.2",
                  "inst": "%sux:ki-ta=",
                  "f": {
                    "lang": "sux",
                    "form": "ki-ta"
                  }
                },
                {
                  "node": "l",
                  "frag": "zu₂-[...]",
                  "id": "P229205.l1cc7a",
                  "ref": "P229205.12.3",
                  "inst": "%sux:zu₂-x=",
                  "f": {
                    "lang": "sux",
                    "form": "zu₂-x"
                  }
                },
                {
                  "node": "d",
                  "type": "line-start",
                  "ref": "P229205.13",
                  "n": "9'",
                  "label": "r ii 9'"
                },
                {
                  "node": "l",
                  "frag": "ŋeš",
                  "id": "P229205.l1cc7b",
                  "ref": "P229205.13.1",
                  "inst": "%sux:ŋeš=",
                  "f": {
                    "lang": "sux",
                    "form": "ŋeš"
                  }
                },
                {
                  "node": "l",
                  "frag": "niŋ₂-ki-luh-⸢nimbar⸣",
                  "id": "P229205.l1cc7c",
                  "ref": "P229205.13.2",
                  "inst": "%sux:niŋ₂-ki-luh-nimbar=",
                  "f": {
                    "lang": "sux",
                    "form": "niŋ₂-ki-luh-nimbar"
                  }
                },
                {
                  "node": "d",
                  "type": "line-start",
                  "ref": "P229205.14",
                  "n": "10'",
                  "label": "r ii 10'"
                },
                {
                  "node": "l",
                  "frag": "ŋeš",
                  "id": "P229205.l1cc7d",
                  "ref": "P229205.14.1",
                  "inst": "%sux:ŋeš=",
                  "f": {
                    "lang": "sux",
                    "form": "ŋeš"
                  }
                },
                {
                  "node": "l",
                  "frag": "niŋ₂-ŋa₂-[...]",
                  "id": "P229205.l1cc7e",
                  "ref": "P229205.14.2",
                  "inst": "%sux:niŋ₂-ŋa₂-x=",
                  "f": {
                    "lang": "sux",
                    "form": "niŋ₂-ŋa₂-x"
                  }
                },
                {
                  "node": "d",
                  "type": "line-start",
                  "ref": "P229205.15",
                  "n": "11'",
                  "label": "r ii 11'"
                },
                {
                  "node": "l",
                  "frag": "ŋeš",
                  "id": "P229205.l1cc7f",
                  "ref": "P229205.15.1",
                  "inst": "%sux:ŋeš=",
                  "f": {
                    "lang": "sux",
                    "form": "ŋeš"
                  }
                },
                {
                  "node": "l",
                  "frag": "peš-⸢nimbar⸣",
                  "id": "P229205.l1cc80",
                  "ref": "P229205.15.2",
                  "inst": "%sux:peš-nimbar=",
                  "f": {
                    "lang": "sux",
                    "form": "peš-nimbar"
                  }
                },
                {
                  "node": "d",
                  "type": "line-start",
                  "ref": "P229205.16",
                  "n": "12'",
                  "label": "r ii 12'"
                },
                {
                  "node": "l",
                  "frag": "ŋeš",
                  "id": "P229205.l1cc81",
                  "ref": "P229205.16.1",
                  "inst": "%sux:ŋeš=",
                  "f": {
                    "lang": "sux",
                    "form": "ŋeš"
                  }
                },
                {
                  "node": "l",
                  "frag": "peš-murgu-nimbar",
                  "id": "P229205.l1cc82",
                  "ref": "P229205.16.2",
                  "inst": "%sux:peš-murgu-nimbar=",
                  "f": {
                    "lang": "sux",
                    "form": "peš-murgu-nimbar"
                  }
                },
                {
                  "node": "d",
                  "type": "line-start",
                  "ref": "P229205.17",
                  "n": "13'",
                  "label": "r ii 13'"
                },
                {
                  "node": "l",
                  "frag": "ŋeš",
                  "id": "P229205.l1cc83",
                  "ref": "P229205.17.1",
                  "inst": "%sux:ŋeš=",
                  "f": {
                    "lang": "sux",
                    "form": "ŋeš"
                  }
                },
                {
                  "node": "l",
                  "frag": "peš-banda₃-zi-nimbar",
                  "id": "P229205.l1cc84",
                  "ref": "P229205.17.2",
                  "inst": "%sux:peš-banda₃-zi-nimbar=",
                  "f": {
                    "lang": "sux",
                    "form": "peš-banda₃-zi-nimbar"
                  }
                },
                {
                  "node": "d",
                  "type": "line-start",
                  "ref": "P229205.18",
                  "n": "14'",
                  "label": "r ii 14'"
                },
                {
                  "node": "l",
                  "frag": "ŋeš",
                  "id": "P229205.l1cc85",
                  "ref": "P229205.18.1",
                  "inst": "%sux:ŋeš=",
                  "f": {
                    "lang": "sux",
                    "form": "ŋeš"
                  }
                },
                {
                  "node": "l",
                  "frag": "⸢asal₂⸣",
                  "id": "P229205.l1cc86",
                  "ref": "P229205.18.2",
                  "inst": "%sux:asal₂=",
                  "f": {
                    "lang": "sux",
                    "form": "asal₂"
                  }
                },
                {
                  "node": "d",
                  "type": "line-start",
                  "ref": "P229205.19",
                  "n": "15'",
                  "label": "r ii 15'"
                },
                {
                  "node": "l",
                  "frag": "ŋeš",
                  "id": "P229205.l1cc87",
                  "ref": "P229205.19.1",
                  "inst": "%sux:ŋeš=",
                  "f": {
                    "lang": "sux",
                    "form": "ŋeš"
                  }
                },
                {
                  "node": "l",
                  "frag": "asal₂-kur",
                  "id": "P229205.l1cc88",
                  "ref": "P229205.19.2",
                  "inst": "%sux:asal₂-kur=",
                  "f": {
                    "lang": "sux",
                    "form": "asal₂-kur"
                  }
                },
                {
                  "node": "d",
                  "type": "line-start",
                  "ref": "P229205.20",
                  "n": "16'",
                  "label": "r ii 16'"
                },
                {
                  "node": "l",
                  "frag": "ŋeš",
                  "id": "P229205.l1cc89",
                  "ref": "P229205.20.1",
                  "inst": "%sux:ŋeš=",
                  "f": {
                    "lang": "sux",
                    "form": "ŋeš"
                  }
                },
                {
                  "node": "l",
                  "frag": "asal₂-dug₃",
                  "id": "P229205.l1cc8a",
                  "ref": "P229205.20.2",
                  "inst": "%sux:asal₂-dug₃=",
                  "f": {
                    "lang": "sux",
                    "form": "asal₂-dug₃"
                  }
                },
                {
                  "node": "d",
                  "type": "line-start",
                  "ref": "P229205.21",
                  "n": "17'",
                  "label": "r ii 17'"
                },
                {
                  "node": "l",
                  "frag": "ŋeš",
                  "id": "P229205.l1cc8b",
                  "ref": "P229205.21.1",
                  "inst": "%sux:ŋeš=",
                  "f": {
                    "lang": "sux",
                    "form": "ŋeš"
                  }
                },
                {
                  "node": "l",
                  "frag": "NE-asal₂",
                  "id": "P229205.l1cc8c",
                  "ref": "P229205.21.2",
                  "inst": "%sux:NE-asal₂=",
                  "f": {
                    "lang": "sux",
                    "form": "NE-asal₂"
                  }
                },
                {
                  "node": "d",
                  "type": "line-start",
                  "ref": "P229205.22",
                  "n": "18'",
                  "label": "r ii 18'"
                },
                {
                  "node": "l",
                  "frag": "ŋeš",
                  "id": "P229205.l1cc8d",
                  "ref": "P229205.22.1",
                  "inst": "%sux:ŋeš=",
                  "f": {
                    "lang": "sux",
                    "form": "ŋeš"
                  }
                },
                {
                  "node": "l",
                  "frag": "numun-asal₂",
                  "id": "P229205.l1cc8e",
                  "ref": "P229205.22.2",
                  "inst": "%sux:numun-asal₂=",
                  "f": {
                    "lang": "sux",
                    "form": "numun-asal₂"
                  }
                },
                {
                  "node": "d",
                  "subtype": "column 3r",
                  "type": "column",
                  "ref": "P229205.r.iii.23",
                  "n": "3",
                  "label": "r iii"
                },
                {
                  "node": "d",
                  "type": "line-start",
                  "ref": "P229205.24",
                  "n": "1'",
                  "label": "r iii 1'"
                },
                {
                  "node": "l",
                  "frag": "[...]-⸢saŋ-EZEN⸣",
                  "id": "P229205.l1cc8f",
                  "ref": "P229205.24.1",
                  "inst": "%sux:x-saŋ-EZEN=",
                  "f": {
                    "lang": "sux",
                    "form": "x-saŋ-EZEN"
                  }
                },
                {
                  "node": "d",
                  "type": "line-start",
                  "ref": "P229205.25",
                  "n": "2'",
                  "label": "r iii 2'"
                },
                {
                  "node": "l",
                  "frag": "[...]",
                  "id": "P229205.l1cc90",
                  "ref": "P229205.25.1",
                  "inst": "%sux:x=",
                  "f": {
                    "lang": "sux",
                    "form": "x"
                  }
                },
                {
                  "node": "l",
                  "frag": "i-ri₉-na",
                  "id": "P229205.l1cc91",
                  "ref": "P229205.25.2",
                  "inst": "%sux:i-ri₉-na=",
                  "f": {
                    "lang": "sux",
                    "form": "i-ri₉-na"
                  }
                },
                {
                  "node": "d",
                  "type": "line-start",
                  "ref": "P229205.26",
                  "n": "3'",
                  "label": "r iii 3'"
                },
                {
                  "node": "l",
                  "frag": "[...]",
                  "id": "P229205.l1cc92",
                  "ref": "P229205.26.1",
                  "inst": "%sux:x=",
                  "f": {
                    "lang": "sux",
                    "form": "x"
                  }
                },
                {
                  "node": "l",
                  "frag": "a-i-ri₉-na",
                  "id": "P229205.l1cc93",
                  "ref": "P229205.26.2",
                  "inst": "%sux:a-i-ri₉-na=",
                  "f": {
                    "lang": "sux",
                    "form": "a-i-ri₉-na"
                  }
                },
                {
                  "node": "d",
                  "type": "line-start",
                  "ref": "P229205.27",
                  "n": "4'",
                  "label": "r iii 4'"
                },
                {
                  "node": "l",
                  "frag": "⸢ŋeš⸣",
                  "id": "P229205.l1cc94",
                  "ref": "P229205.27.1",
                  "inst": "%sux:ŋeš=",
                  "f": {
                    "lang": "sux",
                    "form": "ŋeš"
                  }
                },
                {
                  "node": "l",
                  "frag": "gilim-an-na",
                  "id": "P229205.l1cc95",
                  "ref": "P229205.27.2",
                  "inst": "%sux:gilim-an-na=",
                  "f": {
                    "lang": "sux",
                    "form": "gilim-an-na"
                  }
                },
                {
                  "node": "d",
                  "type": "line-start",
                  "ref": "P229205.28",
                  "n": "5'",
                  "label": "r iii 5'"
                },
                {
                  "node": "l",
                  "frag": "ŋeš",
                  "id": "P229205.l1cc96",
                  "ref": "P229205.28.1",
                  "inst": "%sux:ŋeš=",
                  "f": {
                    "lang": "sux",
                    "form": "ŋeš"
                  }
                },
                {
                  "node": "l",
                  "frag": "gilim",
                  "id": "P229205.l1cc97",
                  "ref": "P229205.28.2",
                  "inst": "%sux:gilim=",
                  "f": {
                    "lang": "sux",
                    "form": "gilim"
                  }
                },
                {
                  "node": "l",
                  "frag": "abzu",
                  "id": "P229205.l1cc98",
                  "ref": "P229205.28.3",
                  "inst": "%sux:abzu=",
                  "f": {
                    "lang": "sux",
                    "form": "abzu"
                  }
                },
                {
                  "node": "d",
                  "type": "line-start",
                  "ref": "P229205.29",
                  "n": "6'",
                  "label": "r iii 6'"
                },
                {
                  "node": "l",
                  "frag": "ŋeš",
                  "id": "P229205.l1cc99",
                  "ref": "P229205.29.1",
                  "inst": "%sux:ŋeš=",
                  "f": {
                    "lang": "sux",
                    "form": "ŋeš"
                  }
                },
                {
                  "node": "l",
                  "frag": "u₃-luh",
                  "id": "P229205.l1cc9a",
                  "ref": "P229205.29.2",
                  "inst": "%sux:u₃-luh=",
                  "f": {
                    "lang": "sux",
                    "form": "u₃-luh"
                  }
                },
                {
                  "node": "d",
                  "type": "line-start",
                  "ref": "P229205.30",
                  "n": "7'",
                  "label": "r iii 7'"
                },
                {
                  "node": "l",
                  "frag": "ŋeš",
                  "id": "P229205.l1cc9b",
                  "ref": "P229205.30.1",
                  "inst": "%sux:ŋeš=",
                  "f": {
                    "lang": "sux",
                    "form": "ŋeš"
                  }
                },
                {
                  "node": "l",
                  "frag": "pa-kud",
                  "id": "P229205.l1cc9c",
                  "ref": "P229205.30.2",
                  "inst": "%sux:pa-kud=",
                  "f": {
                    "lang": "sux",
                    "form": "pa-kud"
                  }
                },
                {
                  "node": "d",
                  "type": "line-start",
                  "ref": "P229205.31",
                  "n": "8'",
                  "label": "r iii 8'"
                },
                {
                  "node": "l",
                  "frag": "ŋeš",
                  "id": "P229205.l1cc9d",
                  "ref": "P229205.31.1",
                  "inst": "%sux:ŋeš=",
                  "f": {
                    "lang": "sux",
                    "form": "ŋeš"
                  }
                },
                {
                  "node": "l",
                  "frag": "as₄-lum",
                  "id": "P229205.l1cc9e",
                  "ref": "P229205.31.2",
                  "inst": "%sux:as₄-lum=",
                  "f": {
                    "lang": "sux",
                    "form": "as₄-lum"
                  }
                },
                {
                  "node": "d",
                  "type": "line-start",
                  "ref": "P229205.32",
                  "n": "9'",
                  "label": "r iii 9'"
                },
                {
                  "node": "l",
                  "frag": "ŋeš",
                  "id": "P229205.l1cc9f",
                  "ref": "P229205.32.1",
                  "inst": "%sux:ŋeš=",
                  "f": {
                    "lang": "sux",
                    "form": "ŋeš"
                  }
                },
                {
                  "node": "l",
                  "frag": "|LAGAB×A|da",
                  "id": "P229205.l1cca0",
                  "ref": "P229205.32.2",
                  "inst": "%sux:|LAGAB×A|-da=",
                  "f": {
                    "lang": "sux",
                    "form": "|LAGAB×A|-da"
                  }
                },
                {
                  "node": "d",
                  "type": "line-start",
                  "ref": "P229205.33",
                  "n": "10'",
                  "label": "r iii 10'"
                },
                {
                  "node": "l",
                  "frag": "[...]",
                  "id": "P229205.l1cca1",
                  "ref": "P229205.33.1",
                  "inst": "%sux:x=",
                  "f": {
                    "lang": "sux",
                    "form": "x"
                  }
                },
                {
                  "node": "l",
                  "frag": "dib-LAGAB",
                  "id": "P229205.l1cca2",
                  "ref": "P229205.33.2",
                  "inst": "%sux:dib-LAGAB=",
                  "f": {
                    "lang": "sux",
                    "form": "dib-LAGAB"
                  }
                },
                {
                  "node": "d",
                  "type": "line-start",
                  "ref": "P229205.34",
                  "n": "11'",
                  "label": "r iii 11'"
                },
                {
                  "node": "l",
                  "frag": "[...]",
                  "id": "P229205.l1cca3",
                  "ref": "P229205.34.1",
                  "inst": "%sux:x=",
                  "f": {
                    "lang": "sux",
                    "form": "x"
                  }
                },
                {
                  "node": "l",
                  "frag": "x-u₅",
                  "id": "P229205.l1cca4",
                  "ref": "P229205.34.2",
                  "inst": "%sux:x-u₅=",
                  "f": {
                    "lang": "sux",
                    "form": "x-u₅"
                  }
                },
                {
                  "node": "d",
                  "type": "line-start",
                  "ref": "P229205.35",
                  "n": "12'",
                  "label": "r iii 12'"
                },
                {
                  "node": "l",
                  "frag": "[...]-ha-ia₃",
                  "id": "P229205.l1cca5",
                  "ref": "P229205.35.1",
                  "inst": "%sux:x-ha-ia₃=",
                  "f": {
                    "lang": "sux",
                    "form": "x-ha-ia₃"
                  }
                },
                {
                  "node": "d",
                  "type": "line-start",
                  "ref": "P229205.36",
                  "n": "13'",
                  "label": "r iii 13'"
                },
                {
                  "node": "l",
                  "frag": "[...]-UR",
                  "id": "P229205.l1cca6",
                  "ref": "P229205.36.1",
                  "inst": "%sux:x-UR=",
                  "f": {
                    "lang": "sux",
                    "form": "x-UR"
                  }
                },
                {
                  "node": "d",
                  "type": "line-start",
                  "ref": "P229205.37",
                  "n": "14'",
                  "label": "r iii 14'"
                },
                {
                  "node": "l",
                  "frag": "[...]-gi",
                  "id": "P229205.l1cca7",
                  "ref": "P229205.37.1",
                  "inst": "%sux:x-gi=",
                  "f": {
                    "lang": "sux",
                    "form": "x-gi"
                  }
                },
                {
                  "node": "d",
                  "type": "line-start",
                  "ref": "P229205.38",
                  "n": "15'",
                  "label": "r iii 15'"
                },
                {
                  "node": "l",
                  "frag": "[...]-⸢bal⸣",
                  "id": "P229205.l1cca8",
                  "ref": "P229205.38.1",
                  "inst": "%sux:x-bal=",
                  "f": {
                    "lang": "sux",
                    "form": "x-bal"
                  }
                }
              ]
            }
          ]
        }
      ]
    }
  ]
}
