{
  "type": "cdl",
  "source": "http://oracc.org/dcclt",
  "license": "This data is released under the CC0 license",
  "license-url": "https://creativecommons.org/publicdomain/zero/1.0/",
  "more-info": "http://oracc.org/doc/opendata/",
  "UTC-timestamp": "2017-06-09T23:41:45",
  "project": "dcclt",
  "textid": "P251495",
  "cdl": [
    {
      "node": "c",
      "type": "text",
      "id": "P251495.U0",
      "cdl": [
        {
          "node": "d",
          "type": "object",
          "ref": ""
        },
        {
          "node": "d",
          "type": "surface",
          "ref": ""
        },
        {
          "node": "c",
          "type": "discourse",
          "subtype": "body",
          "id": "P251495.U1",
          "cdl": [
            {
              "node": "c",
              "type": "sentence",
              "id": "P251495.U2",
              "label": "1 - 4",
              "cdl": [
                {
                  "node": "d",
                  "type": "line-start",
                  "ref": "P251495.1",
                  "n": "1",
                  "label": "1"
                },
                {
                  "node": "l",
                  "frag": "{ŋeš}al",
                  "id": "P251495.l1abf2",
                  "ref": "P251495.1.1",
                  "inst": "al[hoe, pickax]N",
                  "sig": "@dcclt%sux:{ŋeš}al=al[hoe//hoe, pickax]N'N$al/{ŋeš}al#~",
                  "f": {
                    "lang": "sux",
                    "form": "{ŋeš}al",
                    "cf": "al",
                    "gw": "hoe",
                    "sense": "hoe, pickax",
                    "norm0": "al",
                    "pos": "N",
                    "epos": "N",
                    "base": "{ŋeš}al",
                    "morph": "~"
                  }
                },
                {
                  "node": "l",
                  "frag": "zu₂",
                  "id": "P251495.l1abf3",
                  "ref": "P251495.1.2",
                  "inst": "zu[tooth]N",
                  "sig": "@dcclt%sux:zu₂=zu[tooth//tooth]N'N$zu/zu₂#~",
                  "f": {
                    "lang": "sux",
                    "form": "zu₂",
                    "cf": "zu",
                    "gw": "tooth",
                    "sense": "tooth",
                    "norm0": "zu",
                    "pos": "N",
                    "epos": "N",
                    "base": "zu₂",
                    "morph": "~"
                  }
                },
                {
                  "node": "l",
                  "frag": "limmu₅",
                  "id": "P251495.l1abf4",
                  "ref": "P251495.1.3",
                  "inst": "limmu[four]NU",
                  "sig": "@dcclt%sux:limmu₅=limmu[four//four]NU'NU$limmu/limmu₅#~",
                  "f": {
                    "lang": "sux",
                    "form": "limmu₅",
                    "cf": "limmu",
                    "gw": "four",
                    "sense": "four",
                    "norm0": "limmu",
                    "pos": "NU",
                    "epos": "NU",
                    "base": "limmu₅",
                    "morph": "~"
                  }
                },
                {
                  "node": "d",
                  "type": "line-start",
                  "ref": "P251495.2",
                  "n": "2",
                  "label": "2"
                },
                {
                  "node": "l",
                  "frag": "{ŋeš}al",
                  "id": "P251495.l1abf5",
                  "ref": "P251495.2.1",
                  "inst": "al[hoe, pickax]N",
                  "sig": "@dcclt%sux:{ŋeš}al=al[hoe//hoe, pickax]N'N$al/{ŋeš}al#~",
                  "f": {
                    "lang": "sux",
                    "form": "{ŋeš}al",
                    "cf": "al",
                    "gw": "hoe",
                    "sense": "hoe, pickax",
                    "norm0": "al",
                    "pos": "N",
                    "epos": "N",
                    "base": "{ŋeš}al",
                    "morph": "~"
                  }
                },
                {
                  "node": "l",
                  "frag": "gi-zi",
                  "id": "P251495.l1abf6",
                  "ref": "P251495.2.2",
                  "inst": "gizi[a reed]N",
                  "sig": "@dcclt%sux:gi-zi=gizi[reed//a reed]N'N$gizi/gi-zi#~",
                  "f": {
                    "lang": "sux",
                    "form": "gi-zi",
                    "cf": "gizi",
                    "gw": "reed",
                    "sense": "a reed",
                    "norm0": "gizi",
                    "pos": "N",
                    "epos": "N",
                    "base": "gi-zi",
                    "morph": "~"
                  }
                },
                {
                  "node": "l",
                  "frag": "x-ru",
                  "id": "P251495.l1abf7",
                  "ref": "P251495.2.3",
                  "inst": "u",
                  "f": {
                    "lang": "sux",
                    "form": "x-ru",
                    "pos": "u"
                  }
                },
                {
                  "node": "d",
                  "type": "line-start",
                  "ref": "P251495.3",
                  "n": "3",
                  "label": "3"
                },
                {
                  "node": "l",
                  "frag": "{ŋeš}al",
                  "id": "P251495.l1abf8",
                  "ref": "P251495.3.1",
                  "inst": "al[hoe, pickax]N",
                  "sig": "@dcclt%sux:{ŋeš}al=al[hoe//hoe, pickax]N'N$al/{ŋeš}al#~",
                  "f": {
                    "lang": "sux",
                    "form": "{ŋeš}al",
                    "cf": "al",
                    "gw": "hoe",
                    "sense": "hoe, pickax",
                    "norm0": "al",
                    "pos": "N",
                    "epos": "N",
                    "base": "{ŋeš}al",
                    "morph": "~"
                  }
                },
                {
                  "node": "c",
                  "type": "phrase",
                  "tag": "phr",
                  "id": "P251495.U4",
                  "ref": "P251495.ls00000",
                  "cdl": [
                    {
                      "node": "l",
                      "frag": "saŋ",
                      "id": "P251495.l1abf9",
                      "ref": "P251495.3.2",
                      "inst": "saŋ[head]N",
                      "sig": "@dcclt%sux:saŋ=saŋ[head//head]N'N$saŋ/saŋ#~",
                      "f": {
                        "lang": "sux",
                        "form": "saŋ",
                        "cf": "saŋ",
                        "gw": "head",
                        "sense": "head",
                        "norm0": "saŋ",
                        "pos": "N",
                        "epos": "N",
                        "base": "saŋ",
                        "morph": "~"
                      }
                    },
                    {
                      "node": "l",
                      "frag": "ŋal₂-la",
                      "id": "P251495.l1abfa",
                      "ref": "P251495.3.3",
                      "inst": "ŋal[be]V/i",
                      "sig": "@dcclt%sux:ŋal₂-la=ŋal[be//be]V/i'V/i$ŋal;a/ŋal₂+-la=l.a#~;a",
                      "f": {
                        "lang": "sux",
                        "form": "ŋal₂-la",
                        "cf": "ŋal",
                        "gw": "be",
                        "sense": "be",
                        "norm0": "ŋal;a",
                        "pos": "V/i",
                        "epos": "V/i",
                        "base": "ŋal₂",
                        "cont": "-la=l.a",
                        "morph": "~;a"
                      }
                    }
                  ]
                },
                {
                  "node": "d",
                  "type": "line-start",
                  "ref": "P251495.4",
                  "n": "4",
                  "label": "4"
                },
                {
                  "node": "l",
                  "frag": "{ŋeš}al",
                  "id": "P251495.l1abfb",
                  "ref": "P251495.4.1",
                  "inst": "al[hoe, pickax]N",
                  "sig": "@dcclt%sux:{ŋeš}al=al[hoe//hoe, pickax]N'N$al/{ŋeš}al#~",
                  "f": {
                    "lang": "sux",
                    "form": "{ŋeš}al",
                    "cf": "al",
                    "gw": "hoe",
                    "sense": "hoe, pickax",
                    "norm0": "al",
                    "pos": "N",
                    "epos": "N",
                    "base": "{ŋeš}al",
                    "morph": "~"
                  }
                },
                {
                  "node": "c",
                  "type": "phrase",
                  "tag": "phr",
                  "id": "P251495.U5",
                  "ref": "P251495.ls00001",
                  "cdl": [
                    {
                      "node": "l",
                      "frag": "saŋ",
                      "id": "P251495.l1abfc",
                      "ref": "P251495.4.2",
                      "inst": "saŋ[head]N",
                      "sig": "@dcclt%sux:saŋ=saŋ[head//head]N'N$saŋ/saŋ#~",
                      "f": {
                        "lang": "sux",
                        "form": "saŋ",
                        "cf": "saŋ",
                        "gw": "head",
                        "sense": "head",
                        "norm0": "saŋ",
                        "pos": "N",
                        "epos": "N",
                        "base": "saŋ",
                        "morph": "~"
                      }
                    },
                    {
                      "node": "l",
                      "frag": "nu-ŋal₂-la",
                      "id": "P251495.l1abfd",
                      "ref": "P251495.4.3",
                      "inst": "ŋal[be]V/i",
                      "sig": "@dcclt%sux:nu-ŋal₂-la=ŋal[be//be]V/i'V/i$nu:ŋal;a/ŋal₂+-la=l.a#nu:~;a",
                      "f": {
                        "lang": "sux",
                        "form": "nu-ŋal₂-la",
                        "cf": "ŋal",
                        "gw": "be",
                        "sense": "be",
                        "norm0": "nu:ŋal;a",
                        "pos": "V/i",
                        "epos": "V/i",
                        "base": "ŋal₂",
                        "cont": "-la=l.a",
                        "morph": "nu:~;a"
                      }
                    }
                  ]
                },
                {
                  "node": "d",
                  "subtype": "reverse",
                  "type": "reverse",
                  "ref": "P251495.r.5",
                  "label": "r"
                },
                {
                  "node": "d",
                  "type": "nonx",
                  "ref": "P251495.6",
                  "strict": "0",
                  "state": "other"
                }
              ]
            }
          ]
        }
      ]
    },
    {
      "linkbase": [
        {
          "type": "linkset",
          "xlink_title": "saŋ ŋal[advance//to advance against, to oppose, to attack]V/t'V/t",
          "id": "P251495.ls00000",
          "xlink_type": "extended",
          "xlink_role": "psu",
          "sig": "{saŋ ŋal₂-la = saŋ[head]N ŋal[be]V/i += saŋ ŋal[advance//to advance against, to oppose, to attack]V/t'V/t}::@dcclt%sux:saŋ=saŋ[head//head]N'N$saŋ/saŋ#~++@dcclt%sux:ŋal₂-la=ŋal[be//be]V/i'V/i$ŋal;a/ŋal₂+-la=l.a#~;a",
          "links": [
            {
              "type": "link",
              "xlink_title": "saŋ",
              "xlink_type": "locator",
              "xlink_href": "#P251495.l1abf9",
              "xlink_role": "elt"
            },
            {
              "type": "link",
              "xlink_title": "ŋal",
              "xlink_type": "locator",
              "xlink_href": "#P251495.l1abfa",
              "xlink_role": "elt"
            }
          ]
        },
        {
          "type": "linkset",
          "xlink_title": "saŋ ŋal[advance//to advance against, to oppose, to attack]V/t'V/t",
          "id": "P251495.ls00001",
          "xlink_type": "extended",
          "xlink_role": "psu",
          "sig": "{saŋ nu-ŋal₂-la = saŋ[head]N ŋal[be]V/i += saŋ ŋal[advance//to advance against, to oppose, to attack]V/t'V/t}::@dcclt%sux:saŋ=saŋ[head//head]N'N$saŋ/saŋ#~++@dcclt%sux:nu-ŋal₂-la=ŋal[be//be]V/i'V/i$nu:ŋal;a/ŋal₂+-la=l.a#nu:~;a",
          "links": [
            {
              "type": "link",
              "xlink_title": "saŋ",
              "xlink_type": "locator",
              "xlink_href": "#P251495.l1abfc",
              "xlink_role": "elt"
            },
            {
              "type": "link",
              "xlink_title": "ŋal",
              "xlink_type": "locator",
              "xlink_href": "#P251495.l1abfd",
              "xlink_role": "elt"
            }
          ]
        }
      ]
    }
  ]
}
