{
  "type": "cdl",
  "source": "http://oracc.org/dcclt",
  "license": "This data is released under the CC0 license",
  "license-url": "https://creativecommons.org/publicdomain/zero/1.0/",
  "more-info": "http://oracc.org/doc/opendata/",
  "UTC-timestamp": "2017-06-09T23:42:31",
  "project": "dcclt",
  "textid": "P346870",
  "cdl": [
    {
      "node": "c",
      "type": "text",
      "id": "P346870.U0",
      "cdl": [
        {
          "node": "d",
          "type": "object",
          "ref": ""
        },
        {
          "node": "d",
          "subtype": "obverse",
          "type": "obverse",
          "ref": "P346870.o.1",
          "label": "o"
        },
        {
          "node": "c",
          "type": "discourse",
          "subtype": "body",
          "id": "P346870.U1",
          "cdl": [
            {
              "node": "c",
              "type": "sentence",
              "id": "P346870.U2",
              "label": "o 1 - o 7",
              "cdl": [
                {
                  "node": "d",
                  "type": "line-start",
                  "ref": "P346870.2",
                  "n": "1",
                  "label": "o 1"
                },
                {
                  "node": "l",
                  "frag": "[...]",
                  "id": "P346870.l145c7",
                  "ref": "P346870.2.1",
                  "inst": "u",
                  "f": {
                    "lang": "sux",
                    "form": "x",
                    "pos": "u"
                  }
                },
                {
                  "node": "l",
                  "frag": "šu",
                  "id": "P346870.l145c8",
                  "ref": "P346870.2.2",
                  "inst": "šu[hand]N",
                  "sig": "@dcclt%sux:šu=šu[hand//hand]N'N$šu/šu#~",
                  "f": {
                    "lang": "sux",
                    "form": "šu",
                    "cf": "šu",
                    "gw": "hand",
                    "sense": "hand",
                    "norm0": "šu",
                    "pos": "N",
                    "epos": "N",
                    "base": "šu",
                    "morph": "~"
                  }
                },
                {
                  "node": "d",
                  "type": "line-start",
                  "ref": "P346870.3",
                  "n": "2",
                  "label": "o 2"
                },
                {
                  "node": "l",
                  "frag": "x-mu-um }}",
                  "id": "P346870.l145c9",
                  "ref": "P346870.3.1",
                  "inst": "u",
                  "f": {
                    "lang": "akk-x-oldbab",
                    "form": "x-mu-um",
                    "pos": "u"
                  }
                },
                {
                  "node": "l",
                  "frag": "⸢šu⸣",
                  "id": "P346870.l145ca",
                  "ref": "P346870.3.2",
                  "inst": "šu[hand]N",
                  "sig": "@dcclt%sux:šu=šu[hand//hand]N'N$šu/šu#~",
                  "f": {
                    "lang": "sux",
                    "form": "šu",
                    "cf": "šu",
                    "gw": "hand",
                    "sense": "hand",
                    "norm0": "šu",
                    "pos": "N",
                    "epos": "N",
                    "base": "šu",
                    "morph": "~"
                  }
                },
                {
                  "node": "d",
                  "type": "line-start",
                  "ref": "P346870.4",
                  "n": "3",
                  "label": "o 3"
                },
                {
                  "node": "l",
                  "frag": "gi-mi-lum }}",
                  "id": "P346870.l145cb",
                  "ref": "P346870.4.1",
                  "inst": "gimillu[requital//favour]N'N$gimillum",
                  "sig": "@dcclt%akk-x-oldbab:gi-mi-lum=gimillu[requital//favour]N'N$gimillum",
                  "f": {
                    "lang": "akk-x-oldbab",
                    "form": "gi-mi-lum",
                    "cf": "gimillu",
                    "gw": "requital",
                    "sense": "favour",
                    "norm": "gimillum",
                    "pos": "N",
                    "epos": "N"
                  }
                },
                {
                  "node": "l",
                  "frag": "šu",
                  "id": "P346870.l145cc",
                  "ref": "P346870.4.2",
                  "inst": "šu[favor]N",
                  "sig": "@dcclt%sux:šu=šu[hand//favor]N'N$šu/šu#~",
                  "f": {
                    "lang": "sux",
                    "form": "šu",
                    "cf": "šu",
                    "gw": "hand",
                    "sense": "favor",
                    "norm0": "šu",
                    "pos": "N",
                    "epos": "N",
                    "base": "šu",
                    "morph": "~"
                  }
                },
                {
                  "node": "d",
                  "type": "line-start",
                  "ref": "P346870.5",
                  "n": "4",
                  "label": "o 4"
                },
                {
                  "node": "l",
                  "frag": "na-ar-ka-ab-tum }}",
                  "id": "P346870.l145cd",
                  "ref": "P346870.5.1",
                  "inst": "narkabtu[chariot]N$narkabtum",
                  "sig": "@dcclt%akk-x-oldbab:na-ar-ka-ab-tum=narkabtu[chariot//chariot]N'N$narkabtum",
                  "f": {
                    "lang": "akk-x-oldbab",
                    "form": "na-ar-ka-ab-tum",
                    "cf": "narkabtu",
                    "gw": "chariot",
                    "sense": "chariot",
                    "norm": "narkabtum",
                    "pos": "N",
                    "epos": "N"
                  }
                },
                {
                  "node": "l",
                  "frag": "šu",
                  "id": "P346870.l145ce",
                  "ref": "P346870.5.2",
                  "inst": "šu[hand]N",
                  "sig": "@dcclt%sux:šu=šu[hand//hand]N'N$šu/šu#~",
                  "f": {
                    "lang": "sux",
                    "form": "šu",
                    "cf": "šu",
                    "gw": "hand",
                    "sense": "hand",
                    "norm0": "šu",
                    "pos": "N",
                    "epos": "N",
                    "base": "šu",
                    "morph": "~"
                  }
                },
                {
                  "node": "d",
                  "type": "nonw",
                  "ref": ""
                },
                {
                  "node": "d",
                  "type": "line-start",
                  "ref": "P346870.6",
                  "n": "5",
                  "label": "o 5"
                },
                {
                  "node": "l",
                  "frag": "na-ar-ka-ab-tum }}",
                  "id": "P346870.l145cf",
                  "ref": "P346870.6.1",
                  "inst": "narkabtum[chariot]N",
                  "sig": "@dcclt%akk-x-oldbab:na-ar-ka-ab-tum=narkabtu[chariot//chariot]N'N$narkabtum",
                  "f": {
                    "lang": "akk-x-oldbab",
                    "form": "na-ar-ka-ab-tum",
                    "cf": "narkabtu",
                    "gw": "chariot",
                    "sense": "chariot",
                    "norm": "narkabtum",
                    "pos": "N",
                    "epos": "N"
                  }
                },
                {
                  "node": "l",
                  "frag": "mar-<(gid₂-da)>",
                  "id": "P346870.l145d0",
                  "ref": "P346870.6.2",
                  "inst": "margida[cart, wagon]N",
                  "sig": "@dcclt%sux:mar-gid₂-da=margida[cart//cart, wagon]N'N$margida/mar-gid₂-da#~",
                  "f": {
                    "lang": "sux",
                    "form": "mar-gid₂-da",
                    "cf": "margida",
                    "gw": "cart",
                    "sense": "cart, wagon",
                    "norm0": "margida",
                    "pos": "N",
                    "epos": "N",
                    "base": "mar-gid₂-da",
                    "morph": "~"
                  }
                },
                {
                  "node": "d",
                  "type": "line-start",
                  "ref": "P346870.7",
                  "n": "6",
                  "label": "o 6"
                },
                {
                  "node": "l",
                  "frag": "ma-ar-ru-um }}",
                  "id": "P346870.l145d1",
                  "ref": "P346870.7.1",
                  "inst": "marru[shovel]N$marrum",
                  "sig": "@dcclt%akk-x-oldbab:ma-ar-ru-um=marru[shovel//shovel]N'N$marrum",
                  "f": {
                    "lang": "akk-x-oldbab",
                    "form": "ma-ar-ru-um",
                    "cf": "marru",
                    "gw": "shovel",
                    "sense": "shovel",
                    "norm": "marrum",
                    "pos": "N",
                    "epos": "N"
                  }
                },
                {
                  "node": "l",
                  "frag": "mar",
                  "id": "P346870.l145d2",
                  "ref": "P346870.7.2",
                  "inst": "mar[shovel]N",
                  "sig": "@dcclt%sux:mar=mar[shovel//shovel]N'N$mar/mar#~",
                  "f": {
                    "lang": "sux",
                    "form": "mar",
                    "cf": "mar",
                    "gw": "shovel",
                    "sense": "shovel",
                    "norm0": "mar",
                    "pos": "N",
                    "epos": "N",
                    "base": "mar",
                    "morph": "~"
                  }
                },
                {
                  "node": "d",
                  "type": "line-start",
                  "ref": "P346870.8",
                  "n": "7",
                  "label": "o 7"
                },
                {
                  "node": "l",
                  "frag": "[...]",
                  "id": "P346870.l145d3",
                  "ref": "P346870.8.1",
                  "inst": "u",
                  "f": {
                    "lang": "sux",
                    "form": "x",
                    "pos": "u"
                  }
                },
                {
                  "node": "l",
                  "frag": "gid₂-da",
                  "id": "P346870.l145d4",
                  "ref": "P346870.8.2",
                  "inst": "gid[(to be) long]V/i",
                  "sig": "@dcclt%sux:gid₂-da=gid[long//(to be) long]V/i'V/i$gid;a/gid₂+-da=d.a#~;a",
                  "f": {
                    "lang": "sux",
                    "form": "gid₂-da",
                    "cf": "gid",
                    "gw": "long",
                    "sense": "(to be) long",
                    "norm0": "gid;a",
                    "pos": "V/i",
                    "epos": "V/i",
                    "base": "gid₂",
                    "cont": "-da=d.a",
                    "morph": "~;a"
                  }
                }
              ]
            }
          ]
        }
      ]
    }
  ]
}
