{
  "type": "cdl",
  "source": "http://oracc.org/dcclt",
  "license": "This data is released under the CC0 license",
  "license-url": "https://creativecommons.org/publicdomain/zero/1.0/",
  "more-info": "http://oracc.org/doc/opendata/",
  "UTC-timestamp": "2017-06-09T23:42:09",
  "project": "dcclt",
  "textid": "P347736",
  "cdl": [
    {
      "node": "c",
      "type": "text",
      "id": "P347736.U0",
      "cdl": [
        {
          "node": "d",
          "subtype": "tablet",
          "type": "tablet",
          "ref": "P347736.x2051.1",
          "label": "x2051"
        },
        {
          "node": "d",
          "subtype": "obverse",
          "type": "obverse",
          "ref": "P347736.o.2",
          "label": "o"
        },
        {
          "node": "d",
          "subtype": "column 1o '",
          "type": "column",
          "ref": "P347736.o.i_.3",
          "n": "1",
          "label": "o i'"
        },
        {
          "node": "d",
          "type": "nonx",
          "ref": "P347736.4",
          "strict": "1",
          "extent": "beginning",
          "scope": "line",
          "state": "missing"
        },
        {
          "node": "c",
          "type": "discourse",
          "subtype": "body",
          "id": "P347736.U1",
          "cdl": [
            {
              "node": "c",
              "type": "sentence",
              "id": "P347736.U2",
              "label": "o i' 1' - o ii' 4'",
              "cdl": [
                {
                  "node": "d",
                  "type": "line-start",
                  "ref": "P347736.5",
                  "n": "1'",
                  "label": "o i' 1'"
                },
                {
                  "node": "d",
                  "type": "cell-start"
                },
                {
                  "node": "d",
                  "type": "field-start",
                  "subtype": "wp"
                },
                {
                  "node": "l",
                  "frag": "[...]",
                  "id": "P347736.l4f2b3",
                  "ref": "P347736.5.1",
                  "inst": "u",
                  "f": {
                    "lang": "sux",
                    "form": "x",
                    "pos": "u"
                  }
                },
                {
                  "node": "d",
                  "type": "field-end",
                  "subtype": "wp"
                },
                {
                  "node": "d",
                  "type": "cell-end"
                },
                {
                  "node": "d",
                  "type": "cell-start"
                },
                {
                  "node": "d",
                  "type": "field-start",
                  "subtype": "eq"
                },
                {
                  "node": "l",
                  "frag": "[lam]-⸢mu⸣",
                  "id": "P347736.l4f2b4",
                  "ref": "P347736.5.2",
                  "inst": "lammu[(a tree)]N",
                  "sig": "@dcclt%akk:lam-mu=lammu[(a tree)//(a tree)]N'N$lammu",
                  "f": {
                    "lang": "akk",
                    "form": "lam-mu",
                    "cf": "lammu",
                    "gw": "(a tree)",
                    "sense": "(a tree)",
                    "norm": "lammu",
                    "pos": "N",
                    "epos": "N"
                  }
                },
                {
                  "node": "d",
                  "type": "field-end",
                  "subtype": "eq"
                },
                {
                  "node": "d",
                  "type": "cell-end"
                },
                {
                  "node": "d",
                  "type": "line-start",
                  "ref": "P347736.6",
                  "n": "2'",
                  "label": "o i' 2'"
                },
                {
                  "node": "d",
                  "type": "cell-start"
                },
                {
                  "node": "d",
                  "type": "field-start",
                  "subtype": "wp"
                },
                {
                  "node": "l",
                  "frag": "[...]",
                  "id": "P347736.l4f2b5",
                  "ref": "P347736.6.1",
                  "inst": "u",
                  "f": {
                    "lang": "sux",
                    "form": "x",
                    "pos": "u"
                  }
                },
                {
                  "node": "d",
                  "type": "field-end",
                  "subtype": "wp"
                },
                {
                  "node": "d",
                  "type": "cell-end"
                },
                {
                  "node": "d",
                  "type": "cell-start"
                },
                {
                  "node": "d",
                  "type": "field-start",
                  "subtype": "eq"
                },
                {
                  "node": "l",
                  "frag": "[ni-ip]-lu",
                  "id": "P347736.l4f2b6",
                  "ref": "P347736.6.2",
                  "inst": "niplu[shoot]N",
                  "sig": "@dcclt%akk:ni-ip-lu=niplu[shoot//shoot]N'N$niplu",
                  "f": {
                    "lang": "akk",
                    "form": "ni-ip-lu",
                    "cf": "niplu",
                    "gw": "shoot",
                    "sense": "shoot",
                    "norm": "niplu",
                    "pos": "N",
                    "epos": "N"
                  }
                },
                {
                  "node": "d",
                  "type": "field-end",
                  "subtype": "eq"
                },
                {
                  "node": "d",
                  "type": "cell-end"
                },
                {
                  "node": "d",
                  "type": "line-start",
                  "ref": "P347736.7",
                  "n": "3'",
                  "label": "o i' 3'"
                },
                {
                  "node": "d",
                  "type": "cell-start"
                },
                {
                  "node": "d",
                  "type": "field-start",
                  "subtype": "wp"
                },
                {
                  "node": "l",
                  "frag": "[...]",
                  "id": "P347736.l4f2b7",
                  "ref": "P347736.7.1",
                  "inst": "u",
                  "f": {
                    "lang": "sux",
                    "form": "x",
                    "pos": "u"
                  }
                },
                {
                  "node": "d",
                  "type": "field-end",
                  "subtype": "wp"
                },
                {
                  "node": "d",
                  "type": "cell-end"
                },
                {
                  "node": "d",
                  "type": "cell-start"
                },
                {
                  "node": "d",
                  "type": "field-start",
                  "subtype": "eq"
                },
                {
                  "node": "l",
                  "frag": "[ziq]-pi",
                  "id": "P347736.l4f2b8",
                  "ref": "P347736.7.2",
                  "inst": "ziqpi[shoot]N",
                  "sig": "@dcclt%akk:ziq-pi=ziqpu[shoot//shoot]N'N$ziqpi",
                  "f": {
                    "lang": "akk",
                    "form": "ziq-pi",
                    "cf": "ziqpu",
                    "gw": "shoot",
                    "sense": "shoot",
                    "norm": "ziqpi",
                    "pos": "N",
                    "epos": "N"
                  }
                },
                {
                  "node": "d",
                  "type": "field-end",
                  "subtype": "eq"
                },
                {
                  "node": "d",
                  "type": "cell-end"
                },
                {
                  "node": "d",
                  "type": "line-start",
                  "ref": "P347736.8",
                  "n": "4'",
                  "label": "o i' 4'"
                },
                {
                  "node": "d",
                  "type": "cell-start"
                },
                {
                  "node": "d",
                  "type": "field-start",
                  "subtype": "wp"
                },
                {
                  "node": "l",
                  "frag": "[...]",
                  "id": "P347736.l4f2b9",
                  "ref": "P347736.8.1",
                  "inst": "u",
                  "f": {
                    "lang": "sux",
                    "form": "x",
                    "pos": "u"
                  }
                },
                {
                  "node": "d",
                  "type": "field-end",
                  "subtype": "wp"
                },
                {
                  "node": "d",
                  "type": "cell-end"
                },
                {
                  "node": "d",
                  "type": "cell-start"
                },
                {
                  "node": "d",
                  "type": "field-start",
                  "subtype": "eq"
                },
                {
                  "node": "l",
                  "frag": "[šit]-lu",
                  "id": "P347736.l4f2ba",
                  "ref": "P347736.8.2",
                  "inst": "šitlu[sprout]N",
                  "sig": "@dcclt%akk:šit-lu=šitlu[sprout//sprout]N'N$šitlu",
                  "f": {
                    "lang": "akk",
                    "form": "šit-lu",
                    "cf": "šitlu",
                    "gw": "sprout",
                    "sense": "sprout",
                    "norm": "šitlu",
                    "pos": "N",
                    "epos": "N"
                  }
                },
                {
                  "node": "d",
                  "type": "field-end",
                  "subtype": "eq"
                },
                {
                  "node": "d",
                  "type": "cell-end"
                },
                {
                  "node": "d",
                  "type": "line-start",
                  "ref": "P347736.9",
                  "n": "5'",
                  "label": "o i' 5'"
                },
                {
                  "node": "d",
                  "type": "cell-start"
                },
                {
                  "node": "d",
                  "type": "field-start",
                  "subtype": "wp"
                },
                {
                  "node": "l",
                  "frag": "[...]",
                  "id": "P347736.l4f2bb",
                  "ref": "P347736.9.1",
                  "inst": "u",
                  "f": {
                    "lang": "sux",
                    "form": "x",
                    "pos": "u"
                  }
                },
                {
                  "node": "d",
                  "type": "field-end",
                  "subtype": "wp"
                },
                {
                  "node": "d",
                  "type": "cell-end"
                },
                {
                  "node": "d",
                  "type": "cell-start"
                },
                {
                  "node": "d",
                  "type": "field-start",
                  "subtype": "eq"
                },
                {
                  "node": "d",
                  "type": "surro",
                  "ref": "P347736.9.2",
                  "lang": "akk"
                },
                {
                  "node": "l",
                  "id": "P347736.l4f2bc",
                  "ref": "P347736.9.3",
                  "inst": "šitlu[sprout]N",
                  "sig": "@dcclt%akk:šit-lu=šitlu[sprout//sprout]N'N$šitlu",
                  "f": {
                    "lang": "akk",
                    "form": "šit-lu",
                    "cf": "šitlu",
                    "gw": "sprout",
                    "sense": "sprout",
                    "norm": "šitlu",
                    "pos": "N",
                    "epos": "N"
                  }
                },
                {
                  "node": "d",
                  "type": "field-end",
                  "subtype": "eq"
                },
                {
                  "node": "d",
                  "type": "cell-end"
                },
                {
                  "node": "d",
                  "type": "nonx",
                  "ref": "P347736.10",
                  "strict": "1",
                  "extent": "rest",
                  "scope": "line",
                  "state": "missing"
                },
                {
                  "node": "d",
                  "subtype": "column 2o '",
                  "type": "column",
                  "ref": "P347736.o.ii_.11",
                  "n": "2",
                  "label": "o ii'"
                },
                {
                  "node": "d",
                  "type": "nonx",
                  "ref": "P347736.12",
                  "strict": "1",
                  "extent": "beginning",
                  "scope": "line",
                  "state": "missing"
                },
                {
                  "node": "d",
                  "type": "line-start",
                  "ref": "P347736.13",
                  "n": "1'",
                  "label": "o ii' 1'"
                },
                {
                  "node": "d",
                  "type": "cell-start"
                },
                {
                  "node": "d",
                  "type": "field-start",
                  "subtype": "wp"
                },
                {
                  "node": "l",
                  "frag": "{[ŋeš]}{⸢šim⸣}[...]",
                  "id": "P347736.l4f2bd",
                  "ref": "P347736.13.1",
                  "inst": "u",
                  "f": {
                    "lang": "sux",
                    "form": "{ŋeš}{šim}x",
                    "pos": "u"
                  }
                },
                {
                  "node": "d",
                  "type": "field-end",
                  "subtype": "wp"
                },
                {
                  "node": "d",
                  "type": "cell-end"
                },
                {
                  "node": "d",
                  "type": "cell-start"
                },
                {
                  "node": "d",
                  "type": "field-start",
                  "subtype": "eq"
                },
                {
                  "node": "l",
                  "frag": "[...]",
                  "id": "P347736.l4f2be",
                  "ref": "P347736.13.2",
                  "inst": "u",
                  "f": {
                    "lang": "akk",
                    "form": "x",
                    "pos": "u"
                  }
                },
                {
                  "node": "d",
                  "type": "field-end",
                  "subtype": "eq"
                },
                {
                  "node": "d",
                  "type": "cell-end"
                },
                {
                  "node": "d",
                  "type": "line-start",
                  "ref": "P347736.14",
                  "n": "2'",
                  "label": "o ii' 2'"
                },
                {
                  "node": "d",
                  "type": "cell-start"
                },
                {
                  "node": "d",
                  "type": "field-start",
                  "subtype": "wp"
                },
                {
                  "node": "l",
                  "frag": "{ŋeš}{šim}⸢ku₇⸣-ku₇",
                  "id": "P347736.l4f2bf",
                  "ref": "P347736.14.1",
                  "inst": "kukuru[resinous tree]N",
                  "sig": "@dcclt%sux:{ŋeš}{šim}ku₇-ku₇=kukuru[resin//resinous tree]N'N$kukuru/{ŋeš}{šim}ku₇-ku₇#~",
                  "f": {
                    "lang": "sux",
                    "form": "{ŋeš}{šim}ku₇-ku₇",
                    "cf": "kukuru",
                    "gw": "resin",
                    "sense": "resinous tree",
                    "norm0": "kukuru",
                    "pos": "N",
                    "epos": "N",
                    "base": "{ŋeš}{šim}ku₇-ku₇",
                    "morph": "~"
                  }
                },
                {
                  "node": "d",
                  "type": "field-end",
                  "subtype": "wp"
                },
                {
                  "node": "d",
                  "type": "cell-end"
                },
                {
                  "node": "d",
                  "type": "cell-start"
                },
                {
                  "node": "d",
                  "type": "field-start",
                  "subtype": "eq"
                },
                {
                  "node": "l",
                  "frag": "[...]",
                  "id": "P347736.l4f2c0",
                  "ref": "P347736.14.2",
                  "inst": "u",
                  "f": {
                    "lang": "akk",
                    "form": "x",
                    "pos": "u"
                  }
                },
                {
                  "node": "d",
                  "type": "field-end",
                  "subtype": "eq"
                },
                {
                  "node": "d",
                  "type": "cell-end"
                },
                {
                  "node": "d",
                  "type": "line-start",
                  "ref": "P347736.15",
                  "n": "3'",
                  "label": "o ii' 3'"
                },
                {
                  "node": "d",
                  "type": "cell-start"
                },
                {
                  "node": "d",
                  "type": "field-start",
                  "subtype": "wp"
                },
                {
                  "node": "l",
                  "frag": "{ŋeš}{šim}GAM-ma",
                  "id": "P347736.l4f2c1",
                  "ref": "P347736.15.1",
                  "inst": "GAM.GAM[a designation of aromatics]N",
                  "sig": "@dcclt%sux:{ŋeš}{šim}GAM-ma=GAM.GAM[~aromatics//a designation of aromatics]N'N$GAM.GAM/{ŋeš}{šim}GAM-ma#~",
                  "f": {
                    "lang": "sux",
                    "form": "{ŋeš}{šim}GAM-ma",
                    "cf": "GAM.GAM",
                    "gw": "~aromatics",
                    "sense": "a designation of aromatics",
                    "norm0": "GAM.GAM",
                    "pos": "N",
                    "epos": "N",
                    "base": "{ŋeš}{šim}GAM-ma",
                    "morph": "~"
                  }
                },
                {
                  "node": "d",
                  "type": "field-end",
                  "subtype": "wp"
                },
                {
                  "node": "d",
                  "type": "cell-end"
                },
                {
                  "node": "d",
                  "type": "cell-start"
                },
                {
                  "node": "d",
                  "type": "field-start",
                  "subtype": "eq"
                },
                {
                  "node": "l",
                  "frag": "[...]",
                  "id": "P347736.l4f2c2",
                  "ref": "P347736.15.2",
                  "inst": "u",
                  "f": {
                    "lang": "akk",
                    "form": "x",
                    "pos": "u"
                  }
                },
                {
                  "node": "d",
                  "type": "field-end",
                  "subtype": "eq"
                },
                {
                  "node": "d",
                  "type": "cell-end"
                },
                {
                  "node": "d",
                  "type": "line-start",
                  "ref": "P347736.16",
                  "n": "4'",
                  "label": "o ii' 4'"
                },
                {
                  "node": "d",
                  "type": "cell-start"
                },
                {
                  "node": "d",
                  "type": "field-start",
                  "subtype": "wp"
                },
                {
                  "node": "l",
                  "frag": "{ŋeš}{šim}za-⸢hum⸣",
                  "id": "P347736.l4f2c3",
                  "ref": "P347736.16.1",
                  "inst": "zahum[wormwood?]N",
                  "sig": "@dcclt%sux:{ŋeš}{šim}za-hum=zahum[tree//wormwood?]N'N$zahum/{ŋeš}{šim}za-hum#~",
                  "f": {
                    "lang": "sux",
                    "form": "{ŋeš}{šim}za-hum",
                    "cf": "zahum",
                    "gw": "tree",
                    "sense": "wormwood?",
                    "norm0": "zahum",
                    "pos": "N",
                    "epos": "N",
                    "base": "{ŋeš}{šim}za-hum",
                    "morph": "~"
                  }
                },
                {
                  "node": "d",
                  "type": "field-end",
                  "subtype": "wp"
                },
                {
                  "node": "d",
                  "type": "cell-end"
                },
                {
                  "node": "d",
                  "type": "cell-start"
                },
                {
                  "node": "d",
                  "type": "field-start",
                  "subtype": "eq"
                },
                {
                  "node": "l",
                  "frag": "[...]",
                  "id": "P347736.l4f2c4",
                  "ref": "P347736.16.2",
                  "inst": "u",
                  "f": {
                    "lang": "akk",
                    "form": "x",
                    "pos": "u"
                  }
                },
                {
                  "node": "d",
                  "type": "field-end",
                  "subtype": "eq"
                },
                {
                  "node": "d",
                  "type": "cell-end"
                },
                {
                  "node": "d",
                  "type": "nonx",
                  "ref": "P347736.17",
                  "strict": "1",
                  "extent": "rest",
                  "scope": "line",
                  "state": "missing"
                },
                {
                  "node": "d",
                  "subtype": "reverse",
                  "type": "reverse",
                  "ref": "P347736.r.18",
                  "label": "r"
                },
                {
                  "node": "d",
                  "type": "nonx",
                  "ref": "P347736.19",
                  "strict": "1",
                  "extent": "n",
                  "scope": "line",
                  "state": "missing"
                }
              ]
            }
          ]
        }
      ]
    }
  ]
}
