{
  "type": "cdl",
  "source": "http://oracc.org/dcclt",
  "license": "This data is released under the CC0 license",
  "license-url": "https://creativecommons.org/publicdomain/zero/1.0/",
  "more-info": "http://oracc.org/doc/opendata/",
  "UTC-timestamp": "2017-06-09T23:41:46",
  "project": "dcclt",
  "textid": "P370389",
  "cdl": [
    {
      "node": "c",
      "type": "text",
      "id": "P370389.U0",
      "cdl": [
        {
          "node": "d",
          "subtype": "tablet",
          "type": "tablet",
          "ref": "P370389.x1291.1",
          "label": "x1291"
        },
        {
          "node": "d",
          "subtype": "obverse",
          "type": "obverse",
          "ref": "P370389.o.2",
          "label": "o"
        },
        {
          "node": "c",
          "type": "discourse",
          "subtype": "body",
          "id": "P370389.U1",
          "cdl": [
            {
              "node": "c",
              "type": "sentence",
              "id": "P370389.U2",
              "label": "o 1 - o 11",
              "cdl": [
                {
                  "node": "d",
                  "type": "line-start",
                  "ref": "P370389.3",
                  "n": "1",
                  "label": "o 1"
                },
                {
                  "node": "l",
                  "frag": "gal",
                  "id": "P370389.l3080e",
                  "ref": "P370389.3.1",
                  "inst": "gal[goblet]]",
                  "sig": "@dcclt%sux:gal=gal[big//goblet]V/i'N$gal/gal#~",
                  "f": {
                    "lang": "sux",
                    "form": "gal",
                    "cf": "gal",
                    "gw": "big",
                    "sense": "goblet",
                    "norm0": "gal",
                    "pos": "V/i",
                    "epos": "N",
                    "base": "gal",
                    "morph": "~"
                  }
                },
                {
                  "node": "l",
                  "frag": "kug-sig₁₇",
                  "id": "P370389.l3080f",
                  "ref": "P370389.3.2",
                  "inst": "kugsig[gold]",
                  "sig": "@dcclt%sux:kug-sig₁₇=kugsig[gold//gold]N'N$kugsig/kug-sig₁₇#~",
                  "f": {
                    "lang": "sux",
                    "form": "kug-sig₁₇",
                    "cf": "kugsig",
                    "gw": "gold",
                    "sense": "gold",
                    "norm0": "kugsig",
                    "pos": "N",
                    "epos": "N",
                    "base": "kug-sig₁₇",
                    "morph": "~"
                  }
                },
                {
                  "node": "d",
                  "type": "line-start",
                  "ref": "P370389.4",
                  "n": "2",
                  "label": "o 2"
                },
                {
                  "node": "l",
                  "frag": "za-a-hum",
                  "id": "P370389.l30810",
                  "ref": "P370389.4.1",
                  "inst": "zahum[basin]",
                  "sig": "@dcclt%sux:za-a-hum=zahum[basin//a metal basin]N'N$zahum/za-a-hum#~",
                  "f": {
                    "lang": "sux",
                    "form": "za-a-hum",
                    "cf": "zahum",
                    "gw": "basin",
                    "sense": "a metal basin",
                    "norm0": "zahum",
                    "pos": "N",
                    "epos": "N",
                    "base": "za-a-hum",
                    "morph": "~"
                  }
                },
                {
                  "node": "l",
                  "frag": "<(kug-sig₁₇)>",
                  "id": "P370389.l30811",
                  "ref": "P370389.4.2",
                  "inst": "kugsig[gold]",
                  "sig": "@dcclt%sux:kug-sig₁₇=kugsig[gold//gold]N'N$kugsig/kug-sig₁₇#~",
                  "f": {
                    "lang": "sux",
                    "form": "kug-sig₁₇",
                    "cf": "kugsig",
                    "gw": "gold",
                    "sense": "gold",
                    "norm0": "kugsig",
                    "pos": "N",
                    "epos": "N",
                    "base": "kug-sig₁₇",
                    "morph": "~"
                  }
                },
                {
                  "node": "d",
                  "type": "line-start",
                  "ref": "P370389.5",
                  "n": "3",
                  "label": "o 3"
                },
                {
                  "node": "l",
                  "frag": "tu-di-tu",
                  "id": "P370389.l30812",
                  "ref": "P370389.5.1",
                  "inst": "tuditum[toggle pin]",
                  "sig": "@dcclt%sux:tu-di-tu=tuditum[toggle pin//toggle pin]N'N$tuditum/tu-di-tu#~",
                  "f": {
                    "lang": "sux",
                    "form": "tu-di-tu",
                    "cf": "tuditum",
                    "gw": "toggle pin",
                    "sense": "toggle pin",
                    "norm0": "tuditum",
                    "pos": "N",
                    "epos": "N",
                    "base": "tu-di-tu",
                    "morph": "~"
                  }
                },
                {
                  "node": "l",
                  "frag": "<(kug-sig₁₇)>",
                  "id": "P370389.l30813",
                  "ref": "P370389.5.2",
                  "inst": "kugsig[gold]",
                  "sig": "@dcclt%sux:kug-sig₁₇=kugsig[gold//gold]N'N$kugsig/kug-sig₁₇#~",
                  "f": {
                    "lang": "sux",
                    "form": "kug-sig₁₇",
                    "cf": "kugsig",
                    "gw": "gold",
                    "sense": "gold",
                    "norm0": "kugsig",
                    "pos": "N",
                    "epos": "N",
                    "base": "kug-sig₁₇",
                    "morph": "~"
                  }
                },
                {
                  "node": "d",
                  "type": "line-start",
                  "ref": "P370389.6",
                  "n": "4",
                  "label": "o 4"
                },
                {
                  "node": "l",
                  "frag": "šu-nir",
                  "id": "P370389.l30814",
                  "ref": "P370389.6.1",
                  "inst": "šunir[emblem]",
                  "sig": "@dcclt%sux:šu-nir=šunir[emblem//emblem]N'N$šunir/šu-nir#~",
                  "f": {
                    "lang": "sux",
                    "form": "šu-nir",
                    "cf": "šunir",
                    "gw": "emblem",
                    "sense": "emblem",
                    "norm0": "šunir",
                    "pos": "N",
                    "epos": "N",
                    "base": "šu-nir",
                    "morph": "~"
                  }
                },
                {
                  "node": "l",
                  "frag": "<(kug-sig₁₇)>",
                  "id": "P370389.l30815",
                  "ref": "P370389.6.2",
                  "inst": "kugsig[gold]",
                  "sig": "@dcclt%sux:kug-sig₁₇=kugsig[gold//gold]N'N$kugsig/kug-sig₁₇#~",
                  "f": {
                    "lang": "sux",
                    "form": "kug-sig₁₇",
                    "cf": "kugsig",
                    "gw": "gold",
                    "sense": "gold",
                    "norm0": "kugsig",
                    "pos": "N",
                    "epos": "N",
                    "base": "kug-sig₁₇",
                    "morph": "~"
                  }
                },
                {
                  "node": "d",
                  "type": "line-start",
                  "ref": "P370389.7",
                  "n": "5",
                  "label": "o 5"
                },
                {
                  "node": "l",
                  "frag": "šu-gur",
                  "id": "P370389.l30816",
                  "ref": "P370389.7.1",
                  "inst": "šugur[ring]",
                  "sig": "@dcclt%sux:šu-gur=šugur[ring//ring]N'N$šugur/šu-gur#~",
                  "f": {
                    "lang": "sux",
                    "form": "šu-gur",
                    "cf": "šugur",
                    "gw": "ring",
                    "sense": "ring",
                    "norm0": "šugur",
                    "pos": "N",
                    "epos": "N",
                    "base": "šu-gur",
                    "morph": "~"
                  }
                },
                {
                  "node": "l",
                  "frag": "<(kug-sig₁₇)>",
                  "id": "P370389.l30817",
                  "ref": "P370389.7.2",
                  "inst": "kugsig[gold]",
                  "sig": "@dcclt%sux:kug-sig₁₇=kugsig[gold//gold]N'N$kugsig/kug-sig₁₇#~",
                  "f": {
                    "lang": "sux",
                    "form": "kug-sig₁₇",
                    "cf": "kugsig",
                    "gw": "gold",
                    "sense": "gold",
                    "norm0": "kugsig",
                    "pos": "N",
                    "epos": "N",
                    "base": "kug-sig₁₇",
                    "morph": "~"
                  }
                },
                {
                  "node": "d",
                  "type": "line-start",
                  "ref": "P370389.8",
                  "n": "6",
                  "label": "o 6"
                },
                {
                  "node": "l",
                  "frag": "eš-gur",
                  "id": "P370389.l30818",
                  "ref": "P370389.8.1",
                  "inst": "ešgur[ring]",
                  "sig": "@dcclt%sux:eš-gur=ešgur[ring//ring]N'N$ešgur/eš-gur#~",
                  "f": {
                    "lang": "sux",
                    "form": "eš-gur",
                    "cf": "ešgur",
                    "gw": "ring",
                    "sense": "ring",
                    "norm0": "ešgur",
                    "pos": "N",
                    "epos": "N",
                    "base": "eš-gur",
                    "morph": "~"
                  }
                },
                {
                  "node": "l",
                  "frag": "<(kug-sig₁₇)>",
                  "id": "P370389.l30819",
                  "ref": "P370389.8.2",
                  "inst": "kugsig[gold]",
                  "sig": "@dcclt%sux:kug-sig₁₇=kugsig[gold//gold]N'N$kugsig/kug-sig₁₇#~",
                  "f": {
                    "lang": "sux",
                    "form": "kug-sig₁₇",
                    "cf": "kugsig",
                    "gw": "gold",
                    "sense": "gold",
                    "norm0": "kugsig",
                    "pos": "N",
                    "epos": "N",
                    "base": "kug-sig₁₇",
                    "morph": "~"
                  }
                },
                {
                  "node": "d",
                  "type": "line-start",
                  "ref": "P370389.9",
                  "n": "7",
                  "label": "o 7"
                },
                {
                  "node": "l",
                  "frag": "kam₂-kam₂-ma-tu",
                  "id": "P370389.l3081a",
                  "ref": "P370389.9.1",
                  "inst": "kamkammatum[earring]",
                  "sig": "@dcclt%sux:kam₂-kam₂-ma-tu=kamkammatum[earring//earring]N'N$kamkammatum/kam₂-kam₂-ma-tu#~",
                  "f": {
                    "lang": "sux",
                    "form": "kam₂-kam₂-ma-tu",
                    "cf": "kamkammatum",
                    "gw": "earring",
                    "sense": "earring",
                    "norm0": "kamkammatum",
                    "pos": "N",
                    "epos": "N",
                    "base": "kam₂-kam₂-ma-tu",
                    "morph": "~"
                  }
                },
                {
                  "node": "l",
                  "frag": "<(kug-sig₁₇)>",
                  "id": "P370389.l3081b",
                  "ref": "P370389.9.2",
                  "inst": "kugsig[gold]",
                  "sig": "@dcclt%sux:kug-sig₁₇=kugsig[gold//gold]N'N$kugsig/kug-sig₁₇#~",
                  "f": {
                    "lang": "sux",
                    "form": "kug-sig₁₇",
                    "cf": "kugsig",
                    "gw": "gold",
                    "sense": "gold",
                    "norm0": "kugsig",
                    "pos": "N",
                    "epos": "N",
                    "base": "kug-sig₁₇",
                    "morph": "~"
                  }
                },
                {
                  "node": "d",
                  "type": "line-start",
                  "ref": "P370389.10",
                  "n": "8",
                  "label": "o 8"
                },
                {
                  "node": "l",
                  "frag": "an-za-ab-tu",
                  "id": "P370389.l3081c",
                  "ref": "P370389.10.1",
                  "inst": "anzabtum[ring]",
                  "sig": "@dcclt%sux:an-za-ab-tu=anzabtum[ring//ring]N'N$anzabtum/an-za-ab-tu#~",
                  "f": {
                    "lang": "sux",
                    "form": "an-za-ab-tu",
                    "cf": "anzabtum",
                    "gw": "ring",
                    "sense": "ring",
                    "norm0": "anzabtum",
                    "pos": "N",
                    "epos": "N",
                    "base": "an-za-ab-tu",
                    "morph": "~"
                  }
                },
                {
                  "node": "l",
                  "frag": "<(kug-sig₁₇)>",
                  "id": "P370389.l3081d",
                  "ref": "P370389.10.2",
                  "inst": "kugsig[gold]",
                  "sig": "@dcclt%sux:kug-sig₁₇=kugsig[gold//gold]N'N$kugsig/kug-sig₁₇#~",
                  "f": {
                    "lang": "sux",
                    "form": "kug-sig₁₇",
                    "cf": "kugsig",
                    "gw": "gold",
                    "sense": "gold",
                    "norm0": "kugsig",
                    "pos": "N",
                    "epos": "N",
                    "base": "kug-sig₁₇",
                    "morph": "~"
                  }
                },
                {
                  "node": "d",
                  "type": "line-start",
                  "ref": "P370389.11",
                  "n": "9",
                  "label": "o 9"
                },
                {
                  "node": "l",
                  "frag": "dala₂",
                  "id": "P370389.l3081e",
                  "ref": "P370389.11.1",
                  "inst": "dala[pin]",
                  "sig": "@dcclt%sux:dala₂=dala[thorn//thorn, pin, needle]N'N$dala/dala₂#~",
                  "f": {
                    "lang": "sux",
                    "form": "dala₂",
                    "cf": "dala",
                    "gw": "thorn",
                    "sense": "thorn, pin, needle",
                    "norm0": "dala",
                    "pos": "N",
                    "epos": "N",
                    "base": "dala₂",
                    "morph": "~"
                  }
                },
                {
                  "node": "l",
                  "frag": "<(kug-sig₁₇)>",
                  "id": "P370389.l3081f",
                  "ref": "P370389.11.2",
                  "inst": "kugsig[gold]",
                  "sig": "@dcclt%sux:kug-sig₁₇=kugsig[gold//gold]N'N$kugsig/kug-sig₁₇#~",
                  "f": {
                    "lang": "sux",
                    "form": "kug-sig₁₇",
                    "cf": "kugsig",
                    "gw": "gold",
                    "sense": "gold",
                    "norm0": "kugsig",
                    "pos": "N",
                    "epos": "N",
                    "base": "kug-sig₁₇",
                    "morph": "~"
                  }
                },
                {
                  "node": "d",
                  "type": "line-start",
                  "ref": "P370389.12",
                  "n": "10",
                  "label": "o 10"
                },
                {
                  "node": "l",
                  "frag": "kun-ri",
                  "id": "P370389.l30820",
                  "ref": "P370389.12.1",
                  "inst": "kunrim[vessel]",
                  "sig": "@dcclt%sux:kun-ri=kunrim[vessel//vessel]N'N$kunrim/kun-ri#~",
                  "f": {
                    "lang": "sux",
                    "form": "kun-ri",
                    "cf": "kunrim",
                    "gw": "vessel",
                    "sense": "vessel",
                    "norm0": "kunrim",
                    "pos": "N",
                    "epos": "N",
                    "base": "kun-ri",
                    "morph": "~"
                  }
                },
                {
                  "node": "l",
                  "frag": "<(kug-sig₁₇)>",
                  "id": "P370389.l30821",
                  "ref": "P370389.12.2",
                  "inst": "kugsig[gold]",
                  "sig": "@dcclt%sux:kug-sig₁₇=kugsig[gold//gold]N'N$kugsig/kug-sig₁₇#~",
                  "f": {
                    "lang": "sux",
                    "form": "kug-sig₁₇",
                    "cf": "kugsig",
                    "gw": "gold",
                    "sense": "gold",
                    "norm0": "kugsig",
                    "pos": "N",
                    "epos": "N",
                    "base": "kug-sig₁₇",
                    "morph": "~"
                  }
                },
                {
                  "node": "d",
                  "type": "line-start",
                  "ref": "P370389.13",
                  "n": "11",
                  "label": "o 11"
                },
                {
                  "node": "l",
                  "frag": "KU-AŠ",
                  "id": "P370389.l30822",
                  "ref": "P370389.13.1",
                  "inst": "X",
                  "f": {
                    "lang": "sux",
                    "form": "KU-AŠ",
                    "pos": "X"
                  }
                }
              ]
            }
          ]
        }
      ]
    }
  ]
}
