{
  "type": "cdl",
  "source": "http://oracc.org/dcclt",
  "license": "This data is released under the CC0 license",
  "license-url": "https://creativecommons.org/publicdomain/zero/1.0/",
  "more-info": "http://oracc.org/doc/opendata/",
  "UTC-timestamp": "2017-06-09T23:41:56",
  "project": "dcclt",
  "textid": "P388212",
  "cdl": [
    {
      "node": "c",
      "type": "text",
      "id": "P388212.U0",
      "cdl": [
        {
          "node": "d",
          "subtype": "tablet",
          "type": "tablet",
          "ref": "P388212.x1742.1",
          "label": "x1742"
        },
        {
          "node": "d",
          "subtype": "obverse",
          "type": "obverse",
          "ref": "P388212.o.2",
          "label": "o"
        },
        {
          "node": "d",
          "type": "nonx",
          "ref": "P388212.3",
          "strict": "0",
          "extent": "beginning",
          "state": "missing"
        },
        {
          "node": "c",
          "type": "discourse",
          "subtype": "body",
          "id": "P388212.U1",
          "cdl": [
            {
              "node": "c",
              "type": "sentence",
              "id": "P388212.U2",
              "label": "o 1' - o 15'",
              "cdl": [
                {
                  "node": "d",
                  "type": "line-start",
                  "ref": "P388212.4",
                  "n": "1'",
                  "label": "o 1'"
                },
                {
                  "node": "d",
                  "type": "cell-start"
                },
                {
                  "node": "d",
                  "type": "field-start",
                  "subtype": "wp"
                },
                {
                  "node": "l",
                  "frag": "{d}[alad]",
                  "id": "P388212.l41d3c",
                  "ref": "P388212.4.1",
                  "inst": "%sux:{d}alad=",
                  "f": {
                    "lang": "sux",
                    "form": "{d}alad"
                  }
                },
                {
                  "node": "d",
                  "type": "field-end",
                  "subtype": "wp"
                },
                {
                  "node": "d",
                  "type": "cell-end"
                },
                {
                  "node": "d",
                  "type": "cell-start"
                },
                {
                  "node": "d",
                  "type": "field-start",
                  "subtype": "eq"
                },
                {
                  "node": "l",
                  "frag": "[...]",
                  "id": "P388212.l41d3d",
                  "ref": "P388212.4.2",
                  "inst": "%akk:x=",
                  "f": {
                    "lang": "akk",
                    "form": "x"
                  }
                },
                {
                  "node": "d",
                  "type": "field-end",
                  "subtype": "eq"
                },
                {
                  "node": "d",
                  "type": "cell-end"
                },
                {
                  "node": "d",
                  "type": "line-start",
                  "ref": "P388212.5",
                  "n": "2'",
                  "label": "o 2'"
                },
                {
                  "node": "d",
                  "type": "cell-start"
                },
                {
                  "node": "d",
                  "type": "field-start",
                  "subtype": "wp"
                },
                {
                  "node": "l",
                  "frag": "{d}⸢lama⸣",
                  "id": "P388212.l41d3e",
                  "ref": "P388212.5.1",
                  "inst": "%sux:{d}lama=",
                  "f": {
                    "lang": "sux",
                    "form": "{d}lama"
                  }
                },
                {
                  "node": "d",
                  "type": "field-end",
                  "subtype": "wp"
                },
                {
                  "node": "d",
                  "type": "cell-end"
                },
                {
                  "node": "d",
                  "type": "cell-start"
                },
                {
                  "node": "d",
                  "type": "field-start",
                  "subtype": "eq"
                },
                {
                  "node": "l",
                  "frag": "[...]",
                  "id": "P388212.l41d3f",
                  "ref": "P388212.5.2",
                  "inst": "%akk:x=",
                  "f": {
                    "lang": "akk",
                    "form": "x"
                  }
                },
                {
                  "node": "d",
                  "type": "field-end",
                  "subtype": "eq"
                },
                {
                  "node": "d",
                  "type": "cell-end"
                },
                {
                  "node": "d",
                  "type": "nonx",
                  "ref": "P388212.6",
                  "strict": "1",
                  "extent": "1",
                  "scope": "line",
                  "state": "ruling"
                },
                {
                  "node": "d",
                  "type": "line-start",
                  "ref": "P388212.7",
                  "n": "3'",
                  "label": "o 3'"
                },
                {
                  "node": "d",
                  "type": "cell-start"
                },
                {
                  "node": "d",
                  "type": "field-start",
                  "subtype": "wp"
                },
                {
                  "node": "l",
                  "frag": "sa₂-sa₂",
                  "id": "P388212.l41d40",
                  "ref": "P388212.7.1",
                  "inst": "%sux:sa₂-sa₂=",
                  "f": {
                    "lang": "sux",
                    "form": "sa₂-sa₂"
                  }
                },
                {
                  "node": "d",
                  "type": "field-end",
                  "subtype": "wp"
                },
                {
                  "node": "d",
                  "type": "cell-end"
                },
                {
                  "node": "d",
                  "type": "cell-start"
                },
                {
                  "node": "d",
                  "type": "field-start",
                  "subtype": "eq"
                },
                {
                  "node": "l",
                  "frag": "[...]",
                  "id": "P388212.l41d41",
                  "ref": "P388212.7.2",
                  "inst": "%akk:x=",
                  "f": {
                    "lang": "akk",
                    "form": "x"
                  }
                },
                {
                  "node": "d",
                  "type": "field-end",
                  "subtype": "eq"
                },
                {
                  "node": "d",
                  "type": "cell-end"
                },
                {
                  "node": "d",
                  "type": "line-start",
                  "ref": "P388212.8",
                  "n": "4'",
                  "label": "o 4'"
                },
                {
                  "node": "d",
                  "type": "cell-start"
                },
                {
                  "node": "d",
                  "type": "field-start",
                  "subtype": "wp"
                },
                {
                  "node": "l",
                  "frag": "sa₂",
                  "id": "P388212.l41d42",
                  "ref": "P388212.8.1",
                  "inst": "%sux:sa₂=",
                  "f": {
                    "lang": "sux",
                    "form": "sa₂"
                  }
                },
                {
                  "node": "l",
                  "frag": "di",
                  "id": "P388212.l41d43",
                  "ref": "P388212.8.2",
                  "inst": "%sux:di=",
                  "f": {
                    "lang": "sux",
                    "form": "di"
                  }
                },
                {
                  "node": "d",
                  "type": "field-end",
                  "subtype": "wp"
                },
                {
                  "node": "d",
                  "type": "cell-end"
                },
                {
                  "node": "d",
                  "type": "cell-start"
                },
                {
                  "node": "d",
                  "type": "field-start",
                  "subtype": "eq"
                },
                {
                  "node": "l",
                  "frag": "[...]",
                  "id": "P388212.l41d44",
                  "ref": "P388212.8.3",
                  "inst": "%akk:x=",
                  "f": {
                    "lang": "akk",
                    "form": "x"
                  }
                },
                {
                  "node": "d",
                  "type": "field-end",
                  "subtype": "eq"
                },
                {
                  "node": "d",
                  "type": "cell-end"
                },
                {
                  "node": "d",
                  "type": "line-start",
                  "ref": "P388212.9",
                  "n": "5'",
                  "label": "o 5'"
                },
                {
                  "node": "d",
                  "type": "cell-start"
                },
                {
                  "node": "d",
                  "type": "field-start",
                  "subtype": "wp"
                },
                {
                  "node": "l",
                  "frag": "silim",
                  "id": "P388212.l41d45",
                  "ref": "P388212.9.1",
                  "inst": "%sux:silim=",
                  "f": {
                    "lang": "sux",
                    "form": "silim"
                  }
                },
                {
                  "node": "l",
                  "frag": "di",
                  "id": "P388212.l41d46",
                  "ref": "P388212.9.2",
                  "inst": "%sux:di=",
                  "f": {
                    "lang": "sux",
                    "form": "di"
                  }
                },
                {
                  "node": "d",
                  "type": "field-end",
                  "subtype": "wp"
                },
                {
                  "node": "d",
                  "type": "cell-end"
                },
                {
                  "node": "d",
                  "type": "cell-start"
                },
                {
                  "node": "d",
                  "type": "field-start",
                  "subtype": "eq"
                },
                {
                  "node": "l",
                  "frag": "[...]",
                  "id": "P388212.l41d47",
                  "ref": "P388212.9.3",
                  "inst": "%akk:x=",
                  "f": {
                    "lang": "akk",
                    "form": "x"
                  }
                },
                {
                  "node": "d",
                  "type": "field-end",
                  "subtype": "eq"
                },
                {
                  "node": "d",
                  "type": "cell-end"
                },
                {
                  "node": "d",
                  "type": "nonx",
                  "ref": "P388212.10",
                  "strict": "1",
                  "extent": "1",
                  "scope": "line",
                  "state": "ruling"
                },
                {
                  "node": "d",
                  "type": "line-start",
                  "ref": "P388212.11",
                  "n": "6'",
                  "label": "o 6'"
                },
                {
                  "node": "d",
                  "type": "cell-start"
                },
                {
                  "node": "d",
                  "type": "field-start",
                  "subtype": "wp"
                },
                {
                  "node": "l",
                  "frag": "sa",
                  "id": "P388212.l41d48",
                  "ref": "P388212.11.1",
                  "inst": "%sux:sa=",
                  "f": {
                    "lang": "sux",
                    "form": "sa"
                  }
                },
                {
                  "node": "l",
                  "frag": "lah",
                  "id": "P388212.l41d49",
                  "ref": "P388212.11.2",
                  "inst": "%sux:lah=",
                  "f": {
                    "lang": "sux",
                    "form": "lah"
                  }
                },
                {
                  "node": "d",
                  "type": "field-end",
                  "subtype": "wp"
                },
                {
                  "node": "d",
                  "type": "cell-end"
                },
                {
                  "node": "d",
                  "type": "cell-start"
                },
                {
                  "node": "d",
                  "type": "field-start",
                  "subtype": "eq"
                },
                {
                  "node": "l",
                  "frag": "[...]",
                  "id": "P388212.l41d4a",
                  "ref": "P388212.11.3",
                  "inst": "%akk:x=",
                  "f": {
                    "lang": "akk",
                    "form": "x"
                  }
                },
                {
                  "node": "d",
                  "type": "field-end",
                  "subtype": "eq"
                },
                {
                  "node": "d",
                  "type": "cell-end"
                },
                {
                  "node": "d",
                  "type": "line-start",
                  "ref": "P388212.12",
                  "n": "7'",
                  "label": "o 7'"
                },
                {
                  "node": "d",
                  "type": "cell-start"
                },
                {
                  "node": "d",
                  "type": "field-start",
                  "subtype": "wp"
                },
                {
                  "node": "l",
                  "frag": "sa",
                  "id": "P388212.l41d4b",
                  "ref": "P388212.12.1",
                  "inst": "%sux:sa=",
                  "f": {
                    "lang": "sux",
                    "form": "sa"
                  }
                },
                {
                  "node": "l",
                  "frag": "lah-lah",
                  "id": "P388212.l41d4c",
                  "ref": "P388212.12.2",
                  "inst": "%sux:lah-lah=",
                  "f": {
                    "lang": "sux",
                    "form": "lah-lah"
                  }
                },
                {
                  "node": "d",
                  "type": "field-end",
                  "subtype": "wp"
                },
                {
                  "node": "d",
                  "type": "cell-end"
                },
                {
                  "node": "d",
                  "type": "cell-start"
                },
                {
                  "node": "d",
                  "type": "field-start",
                  "subtype": "eq"
                },
                {
                  "node": "l",
                  "frag": "⸢x⸣-[...]",
                  "id": "P388212.l41d4d",
                  "ref": "P388212.12.3",
                  "inst": "%akk:x-x=",
                  "f": {
                    "lang": "akk",
                    "form": "x-x"
                  }
                },
                {
                  "node": "d",
                  "type": "field-end",
                  "subtype": "eq"
                },
                {
                  "node": "d",
                  "type": "cell-end"
                },
                {
                  "node": "d",
                  "type": "line-start",
                  "ref": "P388212.13",
                  "n": "8'",
                  "label": "o 8'"
                },
                {
                  "node": "d",
                  "type": "cell-start"
                },
                {
                  "node": "d",
                  "type": "field-start",
                  "subtype": "wp"
                },
                {
                  "node": "l",
                  "frag": "su",
                  "id": "P388212.l41d4e",
                  "ref": "P388212.13.1",
                  "inst": "%sux:su=",
                  "f": {
                    "lang": "sux",
                    "form": "su"
                  }
                },
                {
                  "node": "l",
                  "frag": "UD",
                  "id": "P388212.l41d4f",
                  "ref": "P388212.13.2",
                  "inst": "%sux:UD=",
                  "f": {
                    "lang": "sux",
                    "form": "UD"
                  }
                },
                {
                  "node": "d",
                  "type": "field-end",
                  "subtype": "wp"
                },
                {
                  "node": "d",
                  "type": "cell-end"
                },
                {
                  "node": "d",
                  "type": "cell-start"
                },
                {
                  "node": "d",
                  "type": "field-start",
                  "subtype": "eq"
                },
                {
                  "node": "l",
                  "frag": "⸢x⸣-[...]",
                  "id": "P388212.l41d50",
                  "ref": "P388212.13.3",
                  "inst": "%akk:x-x=",
                  "f": {
                    "lang": "akk",
                    "form": "x-x"
                  }
                },
                {
                  "node": "d",
                  "type": "field-end",
                  "subtype": "eq"
                },
                {
                  "node": "d",
                  "type": "cell-end"
                },
                {
                  "node": "d",
                  "type": "line-start",
                  "ref": "P388212.14",
                  "n": "9'",
                  "label": "o 9'"
                },
                {
                  "node": "d",
                  "type": "cell-start"
                },
                {
                  "node": "d",
                  "type": "field-start",
                  "subtype": "wp"
                },
                {
                  "node": "l",
                  "frag": "su",
                  "id": "P388212.l41d51",
                  "ref": "P388212.14.1",
                  "inst": "%sux:su=",
                  "f": {
                    "lang": "sux",
                    "form": "su"
                  }
                },
                {
                  "node": "l",
                  "frag": "UD-UD",
                  "id": "P388212.l41d52",
                  "ref": "P388212.14.2",
                  "inst": "%sux:UD-UD=",
                  "f": {
                    "lang": "sux",
                    "form": "UD-UD"
                  }
                },
                {
                  "node": "d",
                  "type": "field-end",
                  "subtype": "wp"
                },
                {
                  "node": "d",
                  "type": "cell-end"
                },
                {
                  "node": "d",
                  "type": "cell-start"
                },
                {
                  "node": "d",
                  "type": "field-start",
                  "subtype": "eq"
                },
                {
                  "node": "l",
                  "frag": "⸢ga⸣-[ab-bu]",
                  "id": "P388212.l41d53",
                  "ref": "P388212.14.3",
                  "inst": "%akk:ga-ab-bu=",
                  "f": {
                    "lang": "akk",
                    "form": "ga-ab-bu"
                  }
                },
                {
                  "node": "d",
                  "type": "field-end",
                  "subtype": "eq"
                },
                {
                  "node": "d",
                  "type": "cell-end"
                },
                {
                  "node": "d",
                  "type": "nonx",
                  "ref": "P388212.15",
                  "strict": "1",
                  "extent": "1",
                  "scope": "line",
                  "state": "ruling"
                },
                {
                  "node": "d",
                  "type": "line-start",
                  "ref": "P388212.16",
                  "n": "10'",
                  "label": "o 10'"
                },
                {
                  "node": "d",
                  "type": "cell-start"
                },
                {
                  "node": "d",
                  "type": "field-start",
                  "subtype": "wp"
                },
                {
                  "node": "l",
                  "frag": "me-a",
                  "id": "P388212.l41d54",
                  "ref": "P388212.16.1",
                  "inst": "%sux:me-a=",
                  "f": {
                    "lang": "sux",
                    "form": "me-a"
                  }
                },
                {
                  "node": "d",
                  "type": "field-end",
                  "subtype": "wp"
                },
                {
                  "node": "d",
                  "type": "cell-end"
                },
                {
                  "node": "d",
                  "type": "cell-start"
                },
                {
                  "node": "d",
                  "type": "field-start",
                  "subtype": "eq"
                },
                {
                  "node": "l",
                  "frag": "⸢ia⸣-[a-nu]",
                  "id": "P388212.l41d55",
                  "ref": "P388212.16.2",
                  "inst": "%akk:ia-a-nu=",
                  "f": {
                    "lang": "akk",
                    "form": "ia-a-nu"
                  }
                },
                {
                  "node": "d",
                  "type": "field-end",
                  "subtype": "eq"
                },
                {
                  "node": "d",
                  "type": "cell-end"
                },
                {
                  "node": "d",
                  "type": "line-start",
                  "ref": "P388212.17",
                  "n": "12'",
                  "label": "o 12'"
                },
                {
                  "node": "d",
                  "type": "cell-start"
                },
                {
                  "node": "d",
                  "type": "field-start",
                  "subtype": "wp"
                },
                {
                  "node": "l",
                  "frag": "⸢me⸣-še₃",
                  "id": "P388212.l41d56",
                  "ref": "P388212.17.1",
                  "inst": "%sux:me-še₃=",
                  "f": {
                    "lang": "sux",
                    "form": "me-še₃"
                  }
                },
                {
                  "node": "d",
                  "type": "field-end",
                  "subtype": "wp"
                },
                {
                  "node": "d",
                  "type": "cell-end"
                },
                {
                  "node": "d",
                  "type": "cell-start"
                },
                {
                  "node": "d",
                  "type": "field-start",
                  "subtype": "eq"
                },
                {
                  "node": "l",
                  "frag": "⸢ia⸣-[...]",
                  "id": "P388212.l41d57",
                  "ref": "P388212.17.2",
                  "inst": "%akk:ia-x=",
                  "f": {
                    "lang": "akk",
                    "form": "ia-x"
                  }
                },
                {
                  "node": "d",
                  "type": "field-end",
                  "subtype": "eq"
                },
                {
                  "node": "d",
                  "type": "cell-end"
                },
                {
                  "node": "d",
                  "type": "line-start",
                  "ref": "P388212.18",
                  "n": "13'",
                  "label": "o 13'"
                },
                {
                  "node": "d",
                  "type": "cell-start"
                },
                {
                  "node": "d",
                  "type": "field-start",
                  "subtype": "wp"
                },
                {
                  "node": "l",
                  "frag": "⸢me⸣-še₃-a",
                  "id": "P388212.l41d58",
                  "ref": "P388212.18.1",
                  "inst": "%sux:me-še₃-a=",
                  "f": {
                    "lang": "sux",
                    "form": "me-še₃-a"
                  }
                },
                {
                  "node": "d",
                  "type": "field-end",
                  "subtype": "wp"
                },
                {
                  "node": "d",
                  "type": "cell-end"
                },
                {
                  "node": "d",
                  "type": "cell-start"
                },
                {
                  "node": "d",
                  "type": "field-start",
                  "subtype": "eq"
                },
                {
                  "node": "l",
                  "frag": "⸢ia⸣-[...]",
                  "id": "P388212.l41d59",
                  "ref": "P388212.18.2",
                  "inst": "%akk:ia-x=",
                  "f": {
                    "lang": "akk",
                    "form": "ia-x"
                  }
                },
                {
                  "node": "d",
                  "type": "field-end",
                  "subtype": "eq"
                },
                {
                  "node": "d",
                  "type": "cell-end"
                },
                {
                  "node": "d",
                  "type": "line-start",
                  "ref": "P388212.19",
                  "n": "14'",
                  "label": "o 14'"
                },
                {
                  "node": "d",
                  "type": "cell-start"
                },
                {
                  "node": "d",
                  "type": "field-start",
                  "subtype": "wp"
                },
                {
                  "node": "l",
                  "frag": "⸢me⸣-še₃-a-ta",
                  "id": "P388212.l41d5a",
                  "ref": "P388212.19.1",
                  "inst": "%sux:me-še₃-a-ta=",
                  "f": {
                    "lang": "sux",
                    "form": "me-še₃-a-ta"
                  }
                },
                {
                  "node": "d",
                  "type": "field-end",
                  "subtype": "wp"
                },
                {
                  "node": "d",
                  "type": "cell-end"
                },
                {
                  "node": "d",
                  "type": "cell-start"
                },
                {
                  "node": "d",
                  "type": "field-start",
                  "subtype": "eq"
                },
                {
                  "node": "l",
                  "frag": "[...]",
                  "id": "P388212.l41d5b",
                  "ref": "P388212.19.2",
                  "inst": "%akk:x=",
                  "f": {
                    "lang": "akk",
                    "form": "x"
                  }
                },
                {
                  "node": "d",
                  "type": "field-end",
                  "subtype": "eq"
                },
                {
                  "node": "d",
                  "type": "cell-end"
                },
                {
                  "node": "d",
                  "type": "nonx",
                  "ref": "P388212.20",
                  "strict": "1",
                  "extent": "1",
                  "scope": "line",
                  "state": "ruling"
                },
                {
                  "node": "d",
                  "type": "line-start",
                  "ref": "P388212.21",
                  "n": "15'",
                  "label": "o 15'"
                },
                {
                  "node": "d",
                  "type": "cell-start"
                },
                {
                  "node": "d",
                  "type": "field-start",
                  "subtype": "wp"
                },
                {
                  "node": "l",
                  "frag": "[x]-⸢x⸣",
                  "id": "P388212.l41d5c",
                  "ref": "P388212.21.1",
                  "inst": "%sux:x-x=",
                  "f": {
                    "lang": "sux",
                    "form": "x-x"
                  }
                },
                {
                  "node": "d",
                  "type": "field-end",
                  "subtype": "wp"
                },
                {
                  "node": "d",
                  "type": "cell-end"
                },
                {
                  "node": "d",
                  "type": "cell-start"
                },
                {
                  "node": "d",
                  "type": "field-start",
                  "subtype": "eq"
                },
                {
                  "node": "l",
                  "frag": "[...]",
                  "id": "P388212.l41d5d",
                  "ref": "P388212.21.2",
                  "inst": "%akk:x=",
                  "f": {
                    "lang": "akk",
                    "form": "x"
                  }
                },
                {
                  "node": "d",
                  "type": "field-end",
                  "subtype": "eq"
                },
                {
                  "node": "d",
                  "type": "cell-end"
                },
                {
                  "node": "d",
                  "type": "nonx",
                  "ref": "P388212.22",
                  "strict": "0",
                  "state": "missing"
                }
              ]
            }
          ]
        }
      ]
    }
  ]
}
