{
  "type": "cdl",
  "source": "http://oracc.org/dcclt",
  "license": "This data is released under the CC0 license",
  "license-url": "https://creativecommons.org/publicdomain/zero/1.0/",
  "more-info": "http://oracc.org/doc/opendata/",
  "UTC-timestamp": "2017-06-09T23:41:58",
  "project": "dcclt",
  "textid": "P429498",
  "cdl": [
    {
      "node": "c",
      "type": "text",
      "id": "P429498.U0",
      "cdl": [
        {
          "node": "d",
          "subtype": "tablet",
          "type": "tablet",
          "ref": "P429498.x1285.1",
          "label": "x1285"
        },
        {
          "node": "d",
          "subtype": "obverse",
          "type": "obverse",
          "ref": "P429498.o.2",
          "label": "o"
        },
        {
          "node": "d",
          "subtype": "column 1o '",
          "type": "column",
          "ref": "P429498.o.i_.3",
          "n": "1",
          "label": "o i'"
        },
        {
          "node": "d",
          "type": "nonx",
          "ref": "P429498.4",
          "strict": "0",
          "extent": "beginning",
          "state": "missing"
        },
        {
          "node": "c",
          "type": "discourse",
          "subtype": "body",
          "id": "P429498.U1",
          "cdl": [
            {
              "node": "c",
              "type": "sentence",
              "id": "P429498.U2",
              "label": "o i' 1' - o ii' 17'",
              "cdl": [
                {
                  "node": "d",
                  "type": "line-start",
                  "ref": "P429498.5",
                  "n": "1'",
                  "label": "o i' 1'"
                },
                {
                  "node": "d",
                  "type": "cell-start"
                },
                {
                  "node": "d",
                  "type": "field-start",
                  "subtype": "wp"
                },
                {
                  "node": "l",
                  "frag": "[...]",
                  "id": "P429498.l2fd92",
                  "ref": "P429498.5.1",
                  "inst": "%sux:x=",
                  "f": {
                    "lang": "sux",
                    "form": "x"
                  }
                },
                {
                  "node": "d",
                  "type": "field-end",
                  "subtype": "wp"
                },
                {
                  "node": "d",
                  "type": "cell-end"
                },
                {
                  "node": "d",
                  "type": "cell-start"
                },
                {
                  "node": "d",
                  "type": "field-start",
                  "subtype": "eq"
                },
                {
                  "node": "l",
                  "frag": "[...]-⸢x⸣",
                  "id": "P429498.l2fd93",
                  "ref": "P429498.5.2",
                  "inst": "%akk-x-mbperi:x-x=",
                  "f": {
                    "lang": "akk-x-mbperi",
                    "form": "x-x"
                  }
                },
                {
                  "node": "d",
                  "type": "field-end",
                  "subtype": "eq"
                },
                {
                  "node": "d",
                  "type": "cell-end"
                },
                {
                  "node": "d",
                  "type": "line-start",
                  "ref": "P429498.6",
                  "n": "2'",
                  "label": "o i' 2'"
                },
                {
                  "node": "d",
                  "type": "cell-start"
                },
                {
                  "node": "d",
                  "type": "field-start",
                  "subtype": "wp"
                },
                {
                  "node": "l",
                  "frag": "[...]",
                  "id": "P429498.l2fd94",
                  "ref": "P429498.6.1",
                  "inst": "%sux:x=",
                  "f": {
                    "lang": "sux",
                    "form": "x"
                  }
                },
                {
                  "node": "d",
                  "type": "field-end",
                  "subtype": "wp"
                },
                {
                  "node": "d",
                  "type": "cell-end"
                },
                {
                  "node": "d",
                  "type": "cell-start"
                },
                {
                  "node": "d",
                  "type": "field-start",
                  "subtype": "eq"
                },
                {
                  "node": "l",
                  "frag": "[...]",
                  "id": "P429498.l2fd95",
                  "ref": "P429498.6.2",
                  "inst": "%akk-x-mbperi:x=",
                  "f": {
                    "lang": "akk-x-mbperi",
                    "form": "x"
                  }
                },
                {
                  "node": "d",
                  "type": "field-end",
                  "subtype": "eq"
                },
                {
                  "node": "d",
                  "type": "cell-end"
                },
                {
                  "node": "d",
                  "type": "line-start",
                  "ref": "P429498.7",
                  "n": "3'",
                  "label": "o i' 3'"
                },
                {
                  "node": "d",
                  "type": "cell-start"
                },
                {
                  "node": "d",
                  "type": "field-start",
                  "subtype": "wp"
                },
                {
                  "node": "l",
                  "frag": "[...]",
                  "id": "P429498.l2fd96",
                  "ref": "P429498.7.1",
                  "inst": "%sux:x=",
                  "f": {
                    "lang": "sux",
                    "form": "x"
                  }
                },
                {
                  "node": "d",
                  "type": "field-end",
                  "subtype": "wp"
                },
                {
                  "node": "d",
                  "type": "cell-end"
                },
                {
                  "node": "d",
                  "type": "cell-start"
                },
                {
                  "node": "d",
                  "type": "field-start",
                  "subtype": "eq"
                },
                {
                  "node": "l",
                  "frag": "[...]",
                  "id": "P429498.l2fd97",
                  "ref": "P429498.7.2",
                  "inst": "%akk-x-mbperi:x=",
                  "f": {
                    "lang": "akk-x-mbperi",
                    "form": "x"
                  }
                },
                {
                  "node": "l",
                  "frag": "⸢ia⸣-ar-hi",
                  "id": "P429498.l2fd98",
                  "ref": "P429498.7.3",
                  "inst": "%akk-x-mbperi:ia-ar-hi=",
                  "f": {
                    "lang": "akk-x-mbperi",
                    "form": "ia-ar-hi"
                  }
                },
                {
                  "node": "d",
                  "type": "field-end",
                  "subtype": "eq"
                },
                {
                  "node": "d",
                  "type": "cell-end"
                },
                {
                  "node": "d",
                  "type": "line-start",
                  "ref": "P429498.8",
                  "n": "4'",
                  "label": "o i' 4'"
                },
                {
                  "node": "d",
                  "type": "cell-start"
                },
                {
                  "node": "d",
                  "type": "field-start",
                  "subtype": "wp"
                },
                {
                  "node": "l",
                  "frag": "[...]",
                  "id": "P429498.l2fd99",
                  "ref": "P429498.8.1",
                  "inst": "%sux:x=",
                  "f": {
                    "lang": "sux",
                    "form": "x"
                  }
                },
                {
                  "node": "d",
                  "type": "field-end",
                  "subtype": "wp"
                },
                {
                  "node": "d",
                  "type": "cell-end"
                },
                {
                  "node": "d",
                  "type": "cell-start"
                },
                {
                  "node": "d",
                  "type": "field-start",
                  "subtype": "eq"
                },
                {
                  "node": "l",
                  "frag": "[...]-⸢x⸣-bu",
                  "id": "P429498.l2fd9a",
                  "ref": "P429498.8.2",
                  "inst": "%akk-x-mbperi:x-x-bu=",
                  "f": {
                    "lang": "akk-x-mbperi",
                    "form": "x-x-bu"
                  }
                },
                {
                  "node": "d",
                  "type": "field-end",
                  "subtype": "eq"
                },
                {
                  "node": "d",
                  "type": "cell-end"
                },
                {
                  "node": "d",
                  "type": "line-start",
                  "ref": "P429498.9",
                  "n": "5'",
                  "label": "o i' 5'"
                },
                {
                  "node": "d",
                  "type": "cell-start"
                },
                {
                  "node": "d",
                  "type": "field-start",
                  "subtype": "wp"
                },
                {
                  "node": "l",
                  "frag": "[...]",
                  "id": "P429498.l2fd9b",
                  "ref": "P429498.9.1",
                  "inst": "%sux:x=",
                  "f": {
                    "lang": "sux",
                    "form": "x"
                  }
                },
                {
                  "node": "d",
                  "type": "field-end",
                  "subtype": "wp"
                },
                {
                  "node": "d",
                  "type": "cell-end"
                },
                {
                  "node": "d",
                  "type": "cell-start"
                },
                {
                  "node": "d",
                  "type": "field-start",
                  "subtype": "eq"
                },
                {
                  "node": "l",
                  "frag": "[...]-ti-hu-u₂",
                  "id": "P429498.l2fd9c",
                  "ref": "P429498.9.2",
                  "inst": "%akk-x-mbperi:x-ti-hu-u₂=",
                  "f": {
                    "lang": "akk-x-mbperi",
                    "form": "x-ti-hu-u₂"
                  }
                },
                {
                  "node": "d",
                  "type": "field-end",
                  "subtype": "eq"
                },
                {
                  "node": "d",
                  "type": "cell-end"
                },
                {
                  "node": "d",
                  "type": "line-start",
                  "ref": "P429498.10",
                  "n": "6'",
                  "label": "o i' 6'"
                },
                {
                  "node": "d",
                  "type": "cell-start"
                },
                {
                  "node": "d",
                  "type": "field-start",
                  "subtype": "wp"
                },
                {
                  "node": "l",
                  "frag": "[...]",
                  "id": "P429498.l2fd9d",
                  "ref": "P429498.10.1",
                  "inst": "%sux:x=",
                  "f": {
                    "lang": "sux",
                    "form": "x"
                  }
                },
                {
                  "node": "d",
                  "type": "field-end",
                  "subtype": "wp"
                },
                {
                  "node": "d",
                  "type": "cell-end"
                },
                {
                  "node": "d",
                  "type": "cell-start"
                },
                {
                  "node": "d",
                  "type": "field-start",
                  "subtype": "eq"
                },
                {
                  "node": "l",
                  "frag": "[...]-⸢x⸣-hu",
                  "id": "P429498.l2fd9e",
                  "ref": "P429498.10.2",
                  "inst": "%akk-x-mbperi:x-x-hu=",
                  "f": {
                    "lang": "akk-x-mbperi",
                    "form": "x-x-hu"
                  }
                },
                {
                  "node": "d",
                  "type": "field-end",
                  "subtype": "eq"
                },
                {
                  "node": "d",
                  "type": "cell-end"
                },
                {
                  "node": "d",
                  "type": "line-start",
                  "ref": "P429498.11",
                  "n": "7'",
                  "label": "o i' 7'"
                },
                {
                  "node": "d",
                  "type": "cell-start"
                },
                {
                  "node": "d",
                  "type": "field-start",
                  "subtype": "wp"
                },
                {
                  "node": "l",
                  "frag": "[...]",
                  "id": "P429498.l2fd9f",
                  "ref": "P429498.11.1",
                  "inst": "%sux:x=",
                  "f": {
                    "lang": "sux",
                    "form": "x"
                  }
                },
                {
                  "node": "d",
                  "type": "field-end",
                  "subtype": "wp"
                },
                {
                  "node": "d",
                  "type": "cell-end"
                },
                {
                  "node": "d",
                  "type": "cell-start"
                },
                {
                  "node": "d",
                  "type": "field-start",
                  "subtype": "eq"
                },
                {
                  "node": "l",
                  "frag": "[...]-bu",
                  "id": "P429498.l2fda0",
                  "ref": "P429498.11.2",
                  "inst": "%akk-x-mbperi:x-bu=",
                  "f": {
                    "lang": "akk-x-mbperi",
                    "form": "x-bu"
                  }
                },
                {
                  "node": "d",
                  "type": "field-end",
                  "subtype": "eq"
                },
                {
                  "node": "d",
                  "type": "cell-end"
                },
                {
                  "node": "d",
                  "type": "line-start",
                  "ref": "P429498.12",
                  "n": "8'",
                  "label": "o i' 8'"
                },
                {
                  "node": "d",
                  "type": "cell-start"
                },
                {
                  "node": "d",
                  "type": "field-start",
                  "subtype": "wp"
                },
                {
                  "node": "l",
                  "frag": "[...]",
                  "id": "P429498.l2fda1",
                  "ref": "P429498.12.1",
                  "inst": "%sux:x=",
                  "f": {
                    "lang": "sux",
                    "form": "x"
                  }
                },
                {
                  "node": "d",
                  "type": "field-end",
                  "subtype": "wp"
                },
                {
                  "node": "d",
                  "type": "cell-end"
                },
                {
                  "node": "d",
                  "type": "cell-start"
                },
                {
                  "node": "d",
                  "type": "field-start",
                  "subtype": "eq"
                },
                {
                  "node": "l",
                  "frag": "[...]-lu",
                  "id": "P429498.l2fda2",
                  "ref": "P429498.12.2",
                  "inst": "%akk-x-mbperi:x-lu=",
                  "f": {
                    "lang": "akk-x-mbperi",
                    "form": "x-lu"
                  }
                },
                {
                  "node": "d",
                  "type": "field-end",
                  "subtype": "eq"
                },
                {
                  "node": "d",
                  "type": "cell-end"
                },
                {
                  "node": "d",
                  "type": "line-start",
                  "ref": "P429498.13",
                  "n": "9'",
                  "label": "o i' 9'"
                },
                {
                  "node": "d",
                  "type": "cell-start"
                },
                {
                  "node": "d",
                  "type": "field-start",
                  "subtype": "wp"
                },
                {
                  "node": "l",
                  "frag": "[...]",
                  "id": "P429498.l2fda3",
                  "ref": "P429498.13.1",
                  "inst": "%sux:x=",
                  "f": {
                    "lang": "sux",
                    "form": "x"
                  }
                },
                {
                  "node": "d",
                  "type": "field-end",
                  "subtype": "wp"
                },
                {
                  "node": "d",
                  "type": "cell-end"
                },
                {
                  "node": "d",
                  "type": "cell-start"
                },
                {
                  "node": "d",
                  "type": "field-start",
                  "subtype": "eq"
                },
                {
                  "node": "l",
                  "frag": "[...]-ri-ku",
                  "id": "P429498.l2fda4",
                  "ref": "P429498.13.2",
                  "inst": "%akk-x-mbperi:x-ri-ku=",
                  "f": {
                    "lang": "akk-x-mbperi",
                    "form": "x-ri-ku"
                  }
                },
                {
                  "node": "d",
                  "type": "field-end",
                  "subtype": "eq"
                },
                {
                  "node": "d",
                  "type": "cell-end"
                },
                {
                  "node": "d",
                  "type": "line-start",
                  "ref": "P429498.14",
                  "n": "10'",
                  "label": "o i' 10'"
                },
                {
                  "node": "d",
                  "type": "cell-start"
                },
                {
                  "node": "d",
                  "type": "field-start",
                  "subtype": "wp"
                },
                {
                  "node": "l",
                  "frag": "[...]",
                  "id": "P429498.l2fda5",
                  "ref": "P429498.14.1",
                  "inst": "%sux:x=",
                  "f": {
                    "lang": "sux",
                    "form": "x"
                  }
                },
                {
                  "node": "d",
                  "type": "field-end",
                  "subtype": "wp"
                },
                {
                  "node": "d",
                  "type": "cell-end"
                },
                {
                  "node": "d",
                  "type": "cell-start"
                },
                {
                  "node": "d",
                  "type": "field-start",
                  "subtype": "eq"
                },
                {
                  "node": "l",
                  "frag": "[...]-⸢x⸣-ta-lu",
                  "id": "P429498.l2fda6",
                  "ref": "P429498.14.2",
                  "inst": "%akk-x-mbperi:x-x-ta-lu=",
                  "f": {
                    "lang": "akk-x-mbperi",
                    "form": "x-x-ta-lu"
                  }
                },
                {
                  "node": "d",
                  "type": "field-end",
                  "subtype": "eq"
                },
                {
                  "node": "d",
                  "type": "cell-end"
                },
                {
                  "node": "d",
                  "type": "line-start",
                  "ref": "P429498.15",
                  "n": "11'",
                  "label": "o i' 11'"
                },
                {
                  "node": "d",
                  "type": "cell-start"
                },
                {
                  "node": "d",
                  "type": "field-start",
                  "subtype": "wp"
                },
                {
                  "node": "l",
                  "frag": "[...]",
                  "id": "P429498.l2fda7",
                  "ref": "P429498.15.1",
                  "inst": "%sux:x=",
                  "f": {
                    "lang": "sux",
                    "form": "x"
                  }
                },
                {
                  "node": "d",
                  "type": "field-end",
                  "subtype": "wp"
                },
                {
                  "node": "d",
                  "type": "cell-end"
                },
                {
                  "node": "d",
                  "type": "cell-start"
                },
                {
                  "node": "d",
                  "type": "field-start",
                  "subtype": "eq"
                },
                {
                  "node": "l",
                  "frag": "[...]-pi",
                  "id": "P429498.l2fda8",
                  "ref": "P429498.15.2",
                  "inst": "%akk-x-mbperi:x-pi=",
                  "f": {
                    "lang": "akk-x-mbperi",
                    "form": "x-pi"
                  }
                },
                {
                  "node": "d",
                  "type": "field-end",
                  "subtype": "eq"
                },
                {
                  "node": "d",
                  "type": "cell-end"
                },
                {
                  "node": "d",
                  "type": "nonx",
                  "ref": "P429498.16",
                  "strict": "0",
                  "extent": "rest",
                  "state": "missing"
                },
                {
                  "node": "d",
                  "subtype": "column 2o '",
                  "type": "column",
                  "ref": "P429498.o.ii_.17",
                  "n": "2",
                  "label": "o ii'"
                },
                {
                  "node": "d",
                  "type": "nonx",
                  "ref": "P429498.18",
                  "strict": "0",
                  "extent": "beginning",
                  "state": "missing"
                },
                {
                  "node": "d",
                  "type": "line-start",
                  "ref": "P429498.19",
                  "n": "1'",
                  "label": "o ii' 1'"
                },
                {
                  "node": "d",
                  "type": "cell-start"
                },
                {
                  "node": "d",
                  "type": "field-start",
                  "subtype": "wp"
                },
                {
                  "node": "l",
                  "frag": "{lu₂}⸢x⸣-[...]",
                  "id": "P429498.l2fda9",
                  "ref": "P429498.19.1",
                  "inst": "%sux:{lu₂}x-x=",
                  "f": {
                    "lang": "sux",
                    "form": "{lu₂}x-x"
                  }
                },
                {
                  "node": "d",
                  "type": "field-end",
                  "subtype": "wp"
                },
                {
                  "node": "d",
                  "type": "cell-end"
                },
                {
                  "node": "d",
                  "type": "cell-start"
                },
                {
                  "node": "d",
                  "type": "field-start",
                  "subtype": "eq"
                },
                {
                  "node": "l",
                  "frag": "[...]",
                  "id": "P429498.l2fdaa",
                  "ref": "P429498.19.2",
                  "inst": "%akk-x-mbperi:x=",
                  "f": {
                    "lang": "akk-x-mbperi",
                    "form": "x"
                  }
                },
                {
                  "node": "d",
                  "type": "field-end",
                  "subtype": "eq"
                },
                {
                  "node": "d",
                  "type": "cell-end"
                },
                {
                  "node": "d",
                  "type": "line-start",
                  "ref": "P429498.20",
                  "n": "2'",
                  "label": "o ii' 2'"
                },
                {
                  "node": "d",
                  "type": "cell-start"
                },
                {
                  "node": "d",
                  "type": "field-start",
                  "subtype": "wp"
                },
                {
                  "node": "l",
                  "frag": "{lu₂}kal-[la]",
                  "id": "P429498.l2fdab",
                  "ref": "P429498.20.1",
                  "inst": "%sux:{lu₂}kal-la=",
                  "f": {
                    "lang": "sux",
                    "form": "{lu₂}kal-la"
                  }
                },
                {
                  "node": "d",
                  "type": "field-end",
                  "subtype": "wp"
                },
                {
                  "node": "d",
                  "type": "cell-end"
                },
                {
                  "node": "d",
                  "type": "cell-start"
                },
                {
                  "node": "d",
                  "type": "field-start",
                  "subtype": "eq"
                },
                {
                  "node": "l",
                  "frag": "[...]",
                  "id": "P429498.l2fdac",
                  "ref": "P429498.20.2",
                  "inst": "%akk-x-mbperi:x=",
                  "f": {
                    "lang": "akk-x-mbperi",
                    "form": "x"
                  }
                },
                {
                  "node": "d",
                  "type": "field-end",
                  "subtype": "eq"
                },
                {
                  "node": "d",
                  "type": "cell-end"
                },
                {
                  "node": "d",
                  "type": "line-start",
                  "ref": "P429498.21",
                  "n": "3'",
                  "label": "o ii' 3'"
                },
                {
                  "node": "d",
                  "type": "cell-start"
                },
                {
                  "node": "d",
                  "type": "field-start",
                  "subtype": "wp"
                },
                {
                  "node": "l",
                  "frag": "{lu₂}saŋ-[kal]",
                  "id": "P429498.l2fdad",
                  "ref": "P429498.21.1",
                  "inst": "%sux:{lu₂}saŋ-kal=",
                  "f": {
                    "lang": "sux",
                    "form": "{lu₂}saŋ-kal"
                  }
                },
                {
                  "node": "d",
                  "type": "field-end",
                  "subtype": "wp"
                },
                {
                  "node": "d",
                  "type": "cell-end"
                },
                {
                  "node": "d",
                  "type": "cell-start"
                },
                {
                  "node": "d",
                  "type": "field-start",
                  "subtype": "eq"
                },
                {
                  "node": "l",
                  "frag": "[...]",
                  "id": "P429498.l2fdae",
                  "ref": "P429498.21.2",
                  "inst": "%akk-x-mbperi:x=",
                  "f": {
                    "lang": "akk-x-mbperi",
                    "form": "x"
                  }
                },
                {
                  "node": "d",
                  "type": "field-end",
                  "subtype": "eq"
                },
                {
                  "node": "d",
                  "type": "cell-end"
                },
                {
                  "node": "d",
                  "type": "line-start",
                  "ref": "P429498.22",
                  "n": "4'",
                  "label": "o ii' 4'"
                },
                {
                  "node": "d",
                  "type": "cell-start"
                },
                {
                  "node": "d",
                  "type": "field-start",
                  "subtype": "wp"
                },
                {
                  "node": "l",
                  "frag": "{lu₂}niŋ₂-[tuku]",
                  "id": "P429498.l2fdaf",
                  "ref": "P429498.22.1",
                  "inst": "%sux:{lu₂}niŋ₂-tuku=",
                  "f": {
                    "lang": "sux",
                    "form": "{lu₂}niŋ₂-tuku"
                  }
                },
                {
                  "node": "d",
                  "type": "field-end",
                  "subtype": "wp"
                },
                {
                  "node": "d",
                  "type": "cell-end"
                },
                {
                  "node": "d",
                  "type": "cell-start"
                },
                {
                  "node": "d",
                  "type": "field-start",
                  "subtype": "eq"
                },
                {
                  "node": "l",
                  "frag": "[...]",
                  "id": "P429498.l2fdb0",
                  "ref": "P429498.22.2",
                  "inst": "%akk-x-mbperi:x=",
                  "f": {
                    "lang": "akk-x-mbperi",
                    "form": "x"
                  }
                },
                {
                  "node": "d",
                  "type": "field-end",
                  "subtype": "eq"
                },
                {
                  "node": "d",
                  "type": "cell-end"
                },
                {
                  "node": "d",
                  "type": "line-start",
                  "ref": "P429498.23",
                  "n": "5'",
                  "label": "o ii' 5'"
                },
                {
                  "node": "d",
                  "type": "cell-start"
                },
                {
                  "node": "d",
                  "type": "field-start",
                  "subtype": "wp"
                },
                {
                  "node": "l",
                  "frag": "{lu₂}ša-⸢x⸣",
                  "id": "P429498.l2fdb1",
                  "ref": "P429498.23.1",
                  "inst": "%sux:{lu₂}ša-x=",
                  "f": {
                    "lang": "sux",
                    "form": "{lu₂}ša-x"
                  }
                },
                {
                  "node": "d",
                  "type": "field-end",
                  "subtype": "wp"
                },
                {
                  "node": "d",
                  "type": "cell-end"
                },
                {
                  "node": "d",
                  "type": "cell-start"
                },
                {
                  "node": "d",
                  "type": "field-start",
                  "subtype": "eq"
                },
                {
                  "node": "l",
                  "frag": "[...]",
                  "id": "P429498.l2fdb2",
                  "ref": "P429498.23.2",
                  "inst": "%akk-x-mbperi:x=",
                  "f": {
                    "lang": "akk-x-mbperi",
                    "form": "x"
                  }
                },
                {
                  "node": "d",
                  "type": "field-end",
                  "subtype": "eq"
                },
                {
                  "node": "d",
                  "type": "cell-end"
                },
                {
                  "node": "d",
                  "type": "line-start",
                  "ref": "P429498.24",
                  "n": "6'",
                  "label": "o ii' 6'"
                },
                {
                  "node": "d",
                  "type": "cell-start"
                },
                {
                  "node": "d",
                  "type": "field-start",
                  "subtype": "wp"
                },
                {
                  "node": "l",
                  "frag": "{lu₂}|MAŠ.EN.KAK|",
                  "id": "P429498.l2fdb3",
                  "ref": "P429498.24.1",
                  "inst": "%sux:{lu₂}|MAŠ.EN.KAK|=",
                  "f": {
                    "lang": "sux",
                    "form": "{lu₂}|MAŠ.EN.KAK|"
                  }
                },
                {
                  "node": "d",
                  "type": "field-end",
                  "subtype": "wp"
                },
                {
                  "node": "d",
                  "type": "cell-end"
                },
                {
                  "node": "d",
                  "type": "cell-start"
                },
                {
                  "node": "d",
                  "type": "field-start",
                  "subtype": "eq"
                },
                {
                  "node": "l",
                  "frag": "[...]",
                  "id": "P429498.l2fdb4",
                  "ref": "P429498.24.2",
                  "inst": "%akk-x-mbperi:x=",
                  "f": {
                    "lang": "akk-x-mbperi",
                    "form": "x"
                  }
                },
                {
                  "node": "d",
                  "type": "field-end",
                  "subtype": "eq"
                },
                {
                  "node": "d",
                  "type": "cell-end"
                },
                {
                  "node": "d",
                  "type": "line-start",
                  "ref": "P429498.25",
                  "n": "7'",
                  "label": "o ii' 7'"
                },
                {
                  "node": "d",
                  "type": "cell-start"
                },
                {
                  "node": "d",
                  "type": "field-start",
                  "subtype": "wp"
                },
                {
                  "node": "l",
                  "frag": "{lu₂}saŋ-kur-⸢ta⸣",
                  "id": "P429498.l2fdb5",
                  "ref": "P429498.25.1",
                  "inst": "%sux:{lu₂}saŋ-kur-ta=",
                  "f": {
                    "lang": "sux",
                    "form": "{lu₂}saŋ-kur-ta"
                  }
                },
                {
                  "node": "d",
                  "type": "field-end",
                  "subtype": "wp"
                },
                {
                  "node": "d",
                  "type": "cell-end"
                },
                {
                  "node": "d",
                  "type": "cell-start"
                },
                {
                  "node": "d",
                  "type": "field-start",
                  "subtype": "eq"
                },
                {
                  "node": "l",
                  "frag": "[...]",
                  "id": "P429498.l2fdb6",
                  "ref": "P429498.25.2",
                  "inst": "%akk-x-mbperi:x=",
                  "f": {
                    "lang": "akk-x-mbperi",
                    "form": "x"
                  }
                },
                {
                  "node": "d",
                  "type": "field-end",
                  "subtype": "eq"
                },
                {
                  "node": "d",
                  "type": "cell-end"
                },
                {
                  "node": "d",
                  "type": "line-start",
                  "ref": "P429498.26",
                  "n": "8'",
                  "label": "o ii' 8'"
                },
                {
                  "node": "d",
                  "type": "cell-start"
                },
                {
                  "node": "d",
                  "type": "field-start",
                  "subtype": "wp"
                },
                {
                  "node": "l",
                  "frag": "{lu₂}mu-uš-⸢ke⸣-[nu]",
                  "id": "P429498.l2fdb7",
                  "ref": "P429498.26.1",
                  "inst": "%sux:{lu₂}mu-uš-ke-nu=",
                  "f": {
                    "lang": "sux",
                    "form": "{lu₂}mu-uš-ke-nu"
                  }
                },
                {
                  "node": "d",
                  "type": "field-end",
                  "subtype": "wp"
                },
                {
                  "node": "d",
                  "type": "cell-end"
                },
                {
                  "node": "d",
                  "type": "cell-start"
                },
                {
                  "node": "d",
                  "type": "field-start",
                  "subtype": "eq"
                },
                {
                  "node": "l",
                  "frag": "[...]",
                  "id": "P429498.l2fdb8",
                  "ref": "P429498.26.2",
                  "inst": "%akk-x-mbperi:x=",
                  "f": {
                    "lang": "akk-x-mbperi",
                    "form": "x"
                  }
                },
                {
                  "node": "d",
                  "type": "field-end",
                  "subtype": "eq"
                },
                {
                  "node": "d",
                  "type": "cell-end"
                },
                {
                  "node": "d",
                  "type": "line-start",
                  "ref": "P429498.27",
                  "n": "9'",
                  "label": "o ii' 9'"
                },
                {
                  "node": "d",
                  "type": "cell-start"
                },
                {
                  "node": "d",
                  "type": "field-start",
                  "subtype": "wp"
                },
                {
                  "node": "l",
                  "frag": "{lu₂}ba-⸢ba⸣",
                  "id": "P429498.l2fdb9",
                  "ref": "P429498.27.1",
                  "inst": "%sux:{lu₂}ba-ba=",
                  "f": {
                    "lang": "sux",
                    "form": "{lu₂}ba-ba"
                  }
                },
                {
                  "node": "d",
                  "type": "field-end",
                  "subtype": "wp"
                },
                {
                  "node": "d",
                  "type": "cell-end"
                },
                {
                  "node": "d",
                  "type": "cell-start"
                },
                {
                  "node": "d",
                  "type": "field-start",
                  "subtype": "eq"
                },
                {
                  "node": "l",
                  "frag": "[...]",
                  "id": "P429498.l2fdba",
                  "ref": "P429498.27.2",
                  "inst": "%akk-x-mbperi:x=",
                  "f": {
                    "lang": "akk-x-mbperi",
                    "form": "x"
                  }
                },
                {
                  "node": "d",
                  "type": "field-end",
                  "subtype": "eq"
                },
                {
                  "node": "d",
                  "type": "cell-end"
                },
                {
                  "node": "d",
                  "type": "line-start",
                  "ref": "P429498.28",
                  "n": "10'",
                  "label": "o ii' 10'"
                },
                {
                  "node": "d",
                  "type": "cell-start"
                },
                {
                  "node": "d",
                  "type": "field-start",
                  "subtype": "wp"
                },
                {
                  "node": "l",
                  "frag": "{lu₂}saŋ-kur",
                  "id": "P429498.l2fdbb",
                  "ref": "P429498.28.1",
                  "inst": "%sux:{lu₂}saŋ-kur=",
                  "f": {
                    "lang": "sux",
                    "form": "{lu₂}saŋ-kur"
                  }
                },
                {
                  "node": "d",
                  "type": "field-end",
                  "subtype": "wp"
                },
                {
                  "node": "d",
                  "type": "cell-end"
                },
                {
                  "node": "d",
                  "type": "cell-start"
                },
                {
                  "node": "d",
                  "type": "field-start",
                  "subtype": "eq"
                },
                {
                  "node": "l",
                  "frag": "[...]",
                  "id": "P429498.l2fdbc",
                  "ref": "P429498.28.2",
                  "inst": "%akk-x-mbperi:x=",
                  "f": {
                    "lang": "akk-x-mbperi",
                    "form": "x"
                  }
                },
                {
                  "node": "d",
                  "type": "field-end",
                  "subtype": "eq"
                },
                {
                  "node": "d",
                  "type": "cell-end"
                },
                {
                  "node": "d",
                  "type": "line-start",
                  "ref": "P429498.29",
                  "n": "11'",
                  "label": "o ii' 11'"
                },
                {
                  "node": "d",
                  "type": "cell-start"
                },
                {
                  "node": "d",
                  "type": "field-start",
                  "subtype": "wp"
                },
                {
                  "node": "l",
                  "frag": "{lu₂}la-[x]",
                  "id": "P429498.l2fdbd",
                  "ref": "P429498.29.1",
                  "inst": "%sux:{lu₂}la-x=",
                  "f": {
                    "lang": "sux",
                    "form": "{lu₂}la-x"
                  }
                },
                {
                  "node": "d",
                  "type": "field-end",
                  "subtype": "wp"
                },
                {
                  "node": "d",
                  "type": "cell-end"
                },
                {
                  "node": "d",
                  "type": "cell-start"
                },
                {
                  "node": "d",
                  "type": "field-start",
                  "subtype": "eq"
                },
                {
                  "node": "l",
                  "frag": "[...]",
                  "id": "P429498.l2fdbe",
                  "ref": "P429498.29.2",
                  "inst": "%akk-x-mbperi:x=",
                  "f": {
                    "lang": "akk-x-mbperi",
                    "form": "x"
                  }
                },
                {
                  "node": "d",
                  "type": "field-end",
                  "subtype": "eq"
                },
                {
                  "node": "d",
                  "type": "cell-end"
                },
                {
                  "node": "d",
                  "type": "line-start",
                  "ref": "P429498.30",
                  "n": "12'",
                  "label": "o ii' 12'"
                },
                {
                  "node": "d",
                  "type": "cell-start"
                },
                {
                  "node": "d",
                  "type": "field-start",
                  "subtype": "wp"
                },
                {
                  "node": "l",
                  "frag": "{lu₂}ib-[x]",
                  "id": "P429498.l2fdbf",
                  "ref": "P429498.30.1",
                  "inst": "%sux:{lu₂}ib-x=",
                  "f": {
                    "lang": "sux",
                    "form": "{lu₂}ib-x"
                  }
                },
                {
                  "node": "d",
                  "type": "field-end",
                  "subtype": "wp"
                },
                {
                  "node": "d",
                  "type": "cell-end"
                },
                {
                  "node": "d",
                  "type": "cell-start"
                },
                {
                  "node": "d",
                  "type": "field-start",
                  "subtype": "eq"
                },
                {
                  "node": "l",
                  "frag": "[...]",
                  "id": "P429498.l2fdc0",
                  "ref": "P429498.30.2",
                  "inst": "%akk-x-mbperi:x=",
                  "f": {
                    "lang": "akk-x-mbperi",
                    "form": "x"
                  }
                },
                {
                  "node": "d",
                  "type": "field-end",
                  "subtype": "eq"
                },
                {
                  "node": "d",
                  "type": "cell-end"
                },
                {
                  "node": "d",
                  "type": "line-start",
                  "ref": "P429498.31",
                  "n": "13'",
                  "label": "o ii' 13'"
                },
                {
                  "node": "d",
                  "type": "cell-start"
                },
                {
                  "node": "d",
                  "type": "field-start",
                  "subtype": "wp"
                },
                {
                  "node": "l",
                  "frag": "{lu₂}ib-⸢si⸣-[sa₂]",
                  "id": "P429498.l2fdc1",
                  "ref": "P429498.31.1",
                  "inst": "%sux:{lu₂}ib-si-sa₂=",
                  "f": {
                    "lang": "sux",
                    "form": "{lu₂}ib-si-sa₂"
                  }
                },
                {
                  "node": "d",
                  "type": "field-end",
                  "subtype": "wp"
                },
                {
                  "node": "d",
                  "type": "cell-end"
                },
                {
                  "node": "d",
                  "type": "cell-start"
                },
                {
                  "node": "d",
                  "type": "field-start",
                  "subtype": "eq"
                },
                {
                  "node": "l",
                  "frag": "[...]",
                  "id": "P429498.l2fdc2",
                  "ref": "P429498.31.2",
                  "inst": "%akk-x-mbperi:x=",
                  "f": {
                    "lang": "akk-x-mbperi",
                    "form": "x"
                  }
                },
                {
                  "node": "d",
                  "type": "field-end",
                  "subtype": "eq"
                },
                {
                  "node": "d",
                  "type": "cell-end"
                },
                {
                  "node": "d",
                  "type": "line-start",
                  "ref": "P429498.32",
                  "n": "14'",
                  "label": "o ii' 14'"
                },
                {
                  "node": "d",
                  "type": "cell-start"
                },
                {
                  "node": "d",
                  "type": "field-start",
                  "subtype": "wp"
                },
                {
                  "node": "l",
                  "frag": "{lu₂}ib-zi-[x]",
                  "id": "P429498.l2fdc3",
                  "ref": "P429498.32.1",
                  "inst": "%sux:{lu₂}ib-zi-x=",
                  "f": {
                    "lang": "sux",
                    "form": "{lu₂}ib-zi-x"
                  }
                },
                {
                  "node": "d",
                  "type": "field-end",
                  "subtype": "wp"
                },
                {
                  "node": "d",
                  "type": "cell-end"
                },
                {
                  "node": "d",
                  "type": "cell-start"
                },
                {
                  "node": "d",
                  "type": "field-start",
                  "subtype": "eq"
                },
                {
                  "node": "l",
                  "frag": "[...]",
                  "id": "P429498.l2fdc4",
                  "ref": "P429498.32.2",
                  "inst": "%akk-x-mbperi:x=",
                  "f": {
                    "lang": "akk-x-mbperi",
                    "form": "x"
                  }
                },
                {
                  "node": "d",
                  "type": "field-end",
                  "subtype": "eq"
                },
                {
                  "node": "d",
                  "type": "cell-end"
                },
                {
                  "node": "d",
                  "type": "line-start",
                  "ref": "P429498.33",
                  "n": "15'",
                  "label": "o ii' 15'"
                },
                {
                  "node": "d",
                  "type": "cell-start"
                },
                {
                  "node": "d",
                  "type": "field-start",
                  "subtype": "wp"
                },
                {
                  "node": "l",
                  "frag": "{lu₂}ib-[x]",
                  "id": "P429498.l2fdc5",
                  "ref": "P429498.33.1",
                  "inst": "%sux:{lu₂}ib-x=",
                  "f": {
                    "lang": "sux",
                    "form": "{lu₂}ib-x"
                  }
                },
                {
                  "node": "d",
                  "type": "field-end",
                  "subtype": "wp"
                },
                {
                  "node": "d",
                  "type": "cell-end"
                },
                {
                  "node": "d",
                  "type": "cell-start"
                },
                {
                  "node": "d",
                  "type": "field-start",
                  "subtype": "eq"
                },
                {
                  "node": "l",
                  "frag": "[...]",
                  "id": "P429498.l2fdc6",
                  "ref": "P429498.33.2",
                  "inst": "%akk-x-mbperi:x=",
                  "f": {
                    "lang": "akk-x-mbperi",
                    "form": "x"
                  }
                },
                {
                  "node": "d",
                  "type": "field-end",
                  "subtype": "eq"
                },
                {
                  "node": "d",
                  "type": "cell-end"
                },
                {
                  "node": "d",
                  "type": "line-start",
                  "ref": "P429498.34",
                  "n": "16'",
                  "label": "o ii' 16'"
                },
                {
                  "node": "d",
                  "type": "cell-start"
                },
                {
                  "node": "d",
                  "type": "field-start",
                  "subtype": "wp"
                },
                {
                  "node": "l",
                  "frag": "{lu₂}a-⸢x⸣-[x]",
                  "id": "P429498.l2fdc7",
                  "ref": "P429498.34.1",
                  "inst": "%sux:{lu₂}a-x-x=",
                  "f": {
                    "lang": "sux",
                    "form": "{lu₂}a-x-x"
                  }
                },
                {
                  "node": "d",
                  "type": "field-end",
                  "subtype": "wp"
                },
                {
                  "node": "d",
                  "type": "cell-end"
                },
                {
                  "node": "d",
                  "type": "cell-start"
                },
                {
                  "node": "d",
                  "type": "field-start",
                  "subtype": "eq"
                },
                {
                  "node": "l",
                  "frag": "[...]",
                  "id": "P429498.l2fdc8",
                  "ref": "P429498.34.2",
                  "inst": "%akk-x-mbperi:x=",
                  "f": {
                    "lang": "akk-x-mbperi",
                    "form": "x"
                  }
                },
                {
                  "node": "d",
                  "type": "field-end",
                  "subtype": "eq"
                },
                {
                  "node": "d",
                  "type": "cell-end"
                },
                {
                  "node": "d",
                  "type": "line-start",
                  "ref": "P429498.35",
                  "n": "17'",
                  "label": "o ii' 17'"
                },
                {
                  "node": "d",
                  "type": "cell-start"
                },
                {
                  "node": "d",
                  "type": "field-start",
                  "subtype": "wp"
                },
                {
                  "node": "l",
                  "frag": "{lu₂}za-⸢am⸣-[...]",
                  "id": "P429498.l2fdc9",
                  "ref": "P429498.35.1",
                  "inst": "%sux:{lu₂}za-am-x=",
                  "f": {
                    "lang": "sux",
                    "form": "{lu₂}za-am-x"
                  }
                },
                {
                  "node": "d",
                  "type": "field-end",
                  "subtype": "wp"
                },
                {
                  "node": "d",
                  "type": "cell-end"
                },
                {
                  "node": "d",
                  "type": "cell-start"
                },
                {
                  "node": "d",
                  "type": "field-start",
                  "subtype": "eq"
                },
                {
                  "node": "l",
                  "frag": "[...]",
                  "id": "P429498.l2fdca",
                  "ref": "P429498.35.2",
                  "inst": "%akk-x-mbperi:x=",
                  "f": {
                    "lang": "akk-x-mbperi",
                    "form": "x"
                  }
                },
                {
                  "node": "d",
                  "type": "field-end",
                  "subtype": "eq"
                },
                {
                  "node": "d",
                  "type": "cell-end"
                },
                {
                  "node": "d",
                  "type": "nonx",
                  "ref": "P429498.36",
                  "strict": "0",
                  "extent": "rest",
                  "state": "missing"
                },
                {
                  "node": "d",
                  "subtype": "reverse",
                  "type": "reverse",
                  "ref": "P429498.r.37",
                  "label": "r"
                },
                {
                  "node": "d",
                  "type": "nonx",
                  "ref": "P429498.38",
                  "strict": "1",
                  "extent": "n",
                  "scope": "line",
                  "state": "missing"
                }
              ]
            }
          ]
        }
      ]
    }
  ]
}
