{
  "type": "cdl",
  "source": "http://oracc.org/cams/etana",
  "license": "This data is released under the CC0 license",
  "license-url": "https://creativecommons.org/publicdomain/zero/1.0/",
  "more-info": "http://oracc.org/doc/opendata/",
  "UTC-timestamp": "2017-06-09T23:18:54",
  "project": "cams/etana",
  "textid": "P395149",
  "cdl": [
    {
      "node": "c",
      "type": "text",
      "id": "P395149.U0",
      "cdl": [
        {
          "node": "d",
          "subtype": "obverse",
          "type": "obverse",
          "ref": "P395149.o.1",
          "label": "o"
        },
        {
          "node": "c",
          "type": "discourse",
          "subtype": "body",
          "id": "P395149.U1",
          "cdl": [
            {
              "node": "c",
              "type": "sentence",
              "id": "P395149.U2",
              "label": "o 1 - r 10''",
              "cdl": [
                {
                  "node": "d",
                  "type": "line-start",
                  "ref": "P395149.2",
                  "n": "1",
                  "label": "o 1"
                },
                {
                  "node": "l",
                  "frag": "[x].MUŠEN",
                  "id": "P395149.l0083d",
                  "ref": "P395149.2.1",
                  "inst": "%akk-x-neoass:x.MUŠEN=",
                  "f": {
                    "lang": "akk-x-neoass",
                    "form": "x.MUŠEN"
                  }
                },
                {
                  "node": "l",
                  "frag": "pi-⸢i-šu⸣",
                  "id": "P395149.l0083e",
                  "ref": "P395149.2.2",
                  "inst": "%akk-x-neoass:pi-i-šu=",
                  "f": {
                    "lang": "akk-x-neoass",
                    "form": "pi-i-šu"
                  }
                },
                {
                  "node": "l",
                  "frag": "[...]",
                  "id": "P395149.l0083f",
                  "ref": "P395149.2.3",
                  "inst": "%akk-x-neoass:x=",
                  "f": {
                    "lang": "akk-x-neoass",
                    "form": "x"
                  }
                },
                {
                  "node": "d",
                  "type": "line-start",
                  "ref": "P395149.3",
                  "n": "2",
                  "label": "o 2"
                },
                {
                  "node": "l",
                  "frag": "[x]-⸢li₂⸣",
                  "id": "P395149.l00840",
                  "ref": "P395149.3.1",
                  "inst": "%akk-x-neoass:x-li₂=",
                  "f": {
                    "lang": "akk-x-neoass",
                    "form": "x-li₂"
                  }
                },
                {
                  "node": "l",
                  "frag": "x",
                  "id": "P395149.l00841",
                  "ref": "P395149.3.2",
                  "inst": "%akk-x-neoass:x=",
                  "f": {
                    "lang": "akk-x-neoass",
                    "form": "x"
                  }
                },
                {
                  "node": "l",
                  "frag": "x",
                  "id": "P395149.l00842",
                  "ref": "P395149.3.3",
                  "inst": "%akk-x-neoass:x=",
                  "f": {
                    "lang": "akk-x-neoass",
                    "form": "x"
                  }
                },
                {
                  "node": "l",
                  "frag": "[...]",
                  "id": "P395149.l00843",
                  "ref": "P395149.3.4",
                  "inst": "%akk-x-neoass:x=",
                  "f": {
                    "lang": "akk-x-neoass",
                    "form": "x"
                  }
                },
                {
                  "node": "d",
                  "type": "line-start",
                  "ref": "P395149.4",
                  "n": "3",
                  "label": "o 3"
                },
                {
                  "node": "l",
                  "frag": "⸢at-mi⸣",
                  "id": "P395149.l00844",
                  "ref": "P395149.4.1",
                  "inst": "%akk-x-neoass:at-mi=",
                  "f": {
                    "lang": "akk-x-neoass",
                    "form": "at-mi"
                  }
                },
                {
                  "node": "l",
                  "frag": "iṣ-ṣu-⸢ri⸣",
                  "id": "P395149.l00845",
                  "ref": "P395149.4.2",
                  "inst": "%akk-x-neoass:iṣ-ṣu-ri=",
                  "f": {
                    "lang": "akk-x-neoass",
                    "form": "iṣ-ṣu-ri"
                  }
                },
                {
                  "node": "l",
                  "frag": "[...]",
                  "id": "P395149.l00846",
                  "ref": "P395149.4.3",
                  "inst": "%akk-x-neoass:x=",
                  "f": {
                    "lang": "akk-x-neoass",
                    "form": "x"
                  }
                },
                {
                  "node": "d",
                  "type": "line-start",
                  "ref": "P395149.5",
                  "n": "4",
                  "label": "o 4"
                },
                {
                  "node": "l",
                  "frag": "[x",
                  "id": "P395149.l00847",
                  "ref": "P395149.5.1",
                  "inst": "%akk-x-neoass:x=",
                  "f": {
                    "lang": "akk-x-neoass",
                    "form": "x"
                  }
                },
                {
                  "node": "l",
                  "frag": "x]-⸢ra⸣-ku-ma",
                  "id": "P395149.l00848",
                  "ref": "P395149.5.2",
                  "inst": "%akk-x-neoass:x-ra-ku-ma=",
                  "f": {
                    "lang": "akk-x-neoass",
                    "form": "x-ra-ku-ma"
                  }
                },
                {
                  "node": "l",
                  "frag": "[...]",
                  "id": "P395149.l00849",
                  "ref": "P395149.5.3",
                  "inst": "%akk-x-neoass:x=",
                  "f": {
                    "lang": "akk-x-neoass",
                    "form": "x"
                  }
                },
                {
                  "node": "d",
                  "type": "line-start",
                  "ref": "P395149.6",
                  "n": "5",
                  "label": "o 5"
                },
                {
                  "node": "l",
                  "frag": "[x]-mu-u₂",
                  "id": "P395149.l0084a",
                  "ref": "P395149.6.1",
                  "inst": "%akk-x-neoass:x-mu-u₂=",
                  "f": {
                    "lang": "akk-x-neoass",
                    "form": "x-mu-u₂"
                  }
                },
                {
                  "node": "l",
                  "frag": "šu-u₂",
                  "id": "P395149.l0084b",
                  "ref": "P395149.6.2",
                  "inst": "%akk-x-neoass:šu-u₂=",
                  "f": {
                    "lang": "akk-x-neoass",
                    "form": "šu-u₂"
                  }
                },
                {
                  "node": "l",
                  "frag": "i-qab-⸢bu⸣-[...]",
                  "id": "P395149.l0084c",
                  "ref": "P395149.6.3",
                  "inst": "%akk-x-neoass:i-qab-bu-x=",
                  "f": {
                    "lang": "akk-x-neoass",
                    "form": "i-qab-bu-x"
                  }
                },
                {
                  "node": "d",
                  "type": "line-start",
                  "ref": "P395149.7",
                  "n": "6",
                  "label": "o 6"
                },
                {
                  "node": "l",
                  "frag": "⸢mim⸣-mu-u₂",
                  "id": "P395149.l0084d",
                  "ref": "P395149.7.1",
                  "inst": "%akk-x-neoass:mim-mu-u₂=",
                  "f": {
                    "lang": "akk-x-neoass",
                    "form": "mim-mu-u₂"
                  }
                },
                {
                  "node": "l",
                  "frag": "a-na-ku",
                  "id": "P395149.l0084e",
                  "ref": "P395149.7.2",
                  "inst": "%akk-x-neoass:a-na-ku=",
                  "f": {
                    "lang": "akk-x-neoass",
                    "form": "a-na-ku"
                  }
                },
                {
                  "node": "l",
                  "frag": "a-qab-bu-[...]",
                  "id": "P395149.l0084f",
                  "ref": "P395149.7.3",
                  "inst": "%akk-x-neoass:a-qab-bu-x=",
                  "f": {
                    "lang": "akk-x-neoass",
                    "form": "a-qab-bu-x"
                  }
                },
                {
                  "node": "d",
                  "type": "line-start",
                  "ref": "P395149.8",
                  "n": "7",
                  "label": "o 7"
                },
                {
                  "node": "l",
                  "frag": "ina",
                  "id": "P395149.l00850",
                  "ref": "P395149.8.1",
                  "inst": "%akk-x-neoass:ina=",
                  "f": {
                    "lang": "akk-x-neoass",
                    "form": "ina"
                  }
                },
                {
                  "node": "l",
                  "frag": "pi-i",
                  "id": "P395149.l00851",
                  "ref": "P395149.8.2",
                  "inst": "%akk-x-neoass:pi-i=",
                  "f": {
                    "lang": "akk-x-neoass",
                    "form": "pi-i"
                  }
                },
                {
                  "node": "l",
                  "frag": "{d}UTU",
                  "id": "P395149.l00852",
                  "ref": "P395149.8.3",
                  "inst": "%akk-x-neoass:{d}UTU=",
                  "f": {
                    "lang": "akk-x-neoass",
                    "form": "{d}UTU"
                  }
                },
                {
                  "node": "l",
                  "frag": "qu-⸢ra⸣-[...]",
                  "id": "P395149.l00853",
                  "ref": "P395149.8.4",
                  "inst": "%akk-x-neoass:qu-ra-x=",
                  "f": {
                    "lang": "akk-x-neoass",
                    "form": "qu-ra-x"
                  }
                },
                {
                  "node": "d",
                  "type": "line-start",
                  "ref": "P395149.9",
                  "n": "8",
                  "label": "o 8"
                },
                {
                  "node": "l",
                  "frag": "at-mi",
                  "id": "P395149.l00854",
                  "ref": "P395149.9.1",
                  "inst": "%akk-x-neoass:at-mi=",
                  "f": {
                    "lang": "akk-x-neoass",
                    "form": "at-mi"
                  }
                },
                {
                  "node": "l",
                  "frag": "iṣ-ṣu-ri",
                  "id": "P395149.l00855",
                  "ref": "P395149.9.2",
                  "inst": "%akk-x-neoass:iṣ-ṣu-ri=",
                  "f": {
                    "lang": "akk-x-neoass",
                    "form": "iṣ-ṣu-ri"
                  }
                },
                {
                  "node": "l",
                  "frag": "[...]",
                  "id": "P395149.l00856",
                  "ref": "P395149.9.3",
                  "inst": "%akk-x-neoass:x=",
                  "f": {
                    "lang": "akk-x-neoass",
                    "form": "x"
                  }
                },
                {
                  "node": "d",
                  "type": "line-start",
                  "ref": "P395149.10",
                  "n": "9",
                  "label": "o 9"
                },
                {
                  "node": "l",
                  "frag": "TI₈.MUŠEN",
                  "id": "P395149.l00857",
                  "ref": "P395149.10.1",
                  "inst": "%akk-x-neoass:TI₈.MUŠEN=",
                  "f": {
                    "lang": "akk-x-neoass",
                    "form": "TI₈.MUŠEN"
                  }
                },
                {
                  "node": "l",
                  "frag": "pi-i-šu",
                  "id": "P395149.l00858",
                  "ref": "P395149.10.2",
                  "inst": "%akk-x-neoass:pi-i-šu=",
                  "f": {
                    "lang": "akk-x-neoass",
                    "form": "pi-i-šu"
                  }
                },
                {
                  "node": "l",
                  "frag": "i-pu-⸢šam⸣-[...]",
                  "id": "P395149.l00859",
                  "ref": "P395149.10.3",
                  "inst": "%akk-x-neoass:i-pu-šam-x=",
                  "f": {
                    "lang": "akk-x-neoass",
                    "form": "i-pu-šam-x"
                  }
                },
                {
                  "node": "d",
                  "type": "line-start",
                  "ref": "P395149.11",
                  "n": "10",
                  "label": "o 10"
                },
                {
                  "node": "l",
                  "frag": "[x]-na-a",
                  "id": "P395149.l0085a",
                  "ref": "P395149.11.1",
                  "inst": "%akk-x-neoass:x-na-a=",
                  "f": {
                    "lang": "akk-x-neoass",
                    "form": "x-na-a"
                  }
                },
                {
                  "node": "l",
                  "frag": "tal-li-ka",
                  "id": "P395149.l0085b",
                  "ref": "P395149.11.2",
                  "inst": "%akk-x-neoass:tal-li-ka=",
                  "f": {
                    "lang": "akk-x-neoass",
                    "form": "tal-li-ka"
                  }
                },
                {
                  "node": "l",
                  "frag": "[...]",
                  "id": "P395149.l0085c",
                  "ref": "P395149.11.3",
                  "inst": "%akk-x-neoass:x=",
                  "f": {
                    "lang": "akk-x-neoass",
                    "form": "x"
                  }
                },
                {
                  "node": "d",
                  "type": "line-start",
                  "ref": "P395149.12",
                  "n": "11",
                  "label": "o 11"
                },
                {
                  "node": "l",
                  "frag": "[x]",
                  "id": "P395149.l0085d",
                  "ref": "P395149.12.1",
                  "inst": "%akk-x-neoass:x=",
                  "f": {
                    "lang": "akk-x-neoass",
                    "form": "x"
                  }
                },
                {
                  "node": "l",
                  "frag": "e-ta-na",
                  "id": "P395149.l0085e",
                  "ref": "P395149.12.2",
                  "inst": "%akk-x-neoass:e-ta-na=",
                  "f": {
                    "lang": "akk-x-neoass",
                    "form": "e-ta-na"
                  }
                },
                {
                  "node": "l",
                  "frag": "pi-i-šu",
                  "id": "P395149.l0085f",
                  "ref": "P395149.12.3",
                  "inst": "%akk-x-neoass:pi-i-šu=",
                  "f": {
                    "lang": "akk-x-neoass",
                    "form": "pi-i-šu"
                  }
                },
                {
                  "node": "l",
                  "frag": "i-pu-⸢šam⸣-[...]",
                  "id": "P395149.l00860",
                  "ref": "P395149.12.4",
                  "inst": "%akk-x-neoass:i-pu-šam-x=",
                  "f": {
                    "lang": "akk-x-neoass",
                    "form": "i-pu-šam-x"
                  }
                },
                {
                  "node": "d",
                  "type": "line-start",
                  "ref": "P395149.13",
                  "n": "12",
                  "label": "o 12"
                },
                {
                  "node": "l",
                  "frag": "⸢ib⸣-ri",
                  "id": "P395149.l00861",
                  "ref": "P395149.13.1",
                  "inst": "%akk-x-neoass:ib-ri=",
                  "f": {
                    "lang": "akk-x-neoass",
                    "form": "ib-ri"
                  }
                },
                {
                  "node": "l",
                  "frag": "id-nam-⸢ma⸣",
                  "id": "P395149.l00862",
                  "ref": "P395149.13.2",
                  "inst": "%akk-x-neoass:id-nam-ma=",
                  "f": {
                    "lang": "akk-x-neoass",
                    "form": "id-nam-ma"
                  }
                },
                {
                  "node": "l",
                  "frag": "[...]",
                  "id": "P395149.l00863",
                  "ref": "P395149.13.3",
                  "inst": "%akk-x-neoass:x=",
                  "f": {
                    "lang": "akk-x-neoass",
                    "form": "x"
                  }
                },
                {
                  "node": "d",
                  "type": "line-start",
                  "ref": "P395149.14",
                  "n": "13",
                  "label": "o 13"
                },
                {
                  "node": "l",
                  "frag": "⸢kul-li-man-ni⸣-[...]",
                  "id": "P395149.l00864",
                  "ref": "P395149.14.1",
                  "inst": "%akk-x-neoass:kul-li-man-ni-x=",
                  "f": {
                    "lang": "akk-x-neoass",
                    "form": "kul-li-man-ni-x"
                  }
                },
                {
                  "node": "d",
                  "type": "line-start",
                  "ref": "P395149.15",
                  "n": "14",
                  "label": "o 14"
                },
                {
                  "node": "l",
                  "frag": "pil-ta",
                  "id": "P395149.l00865",
                  "ref": "P395149.15.1",
                  "inst": "%akk-x-neoass:pil-ta=",
                  "f": {
                    "lang": "akk-x-neoass",
                    "form": "pil-ta"
                  }
                },
                {
                  "node": "l",
                  "frag": "[...]",
                  "id": "P395149.l00866",
                  "ref": "P395149.15.2",
                  "inst": "%akk-x-neoass:x=",
                  "f": {
                    "lang": "akk-x-neoass",
                    "form": "x"
                  }
                },
                {
                  "node": "d",
                  "type": "line-start",
                  "ref": "P395149.16",
                  "n": "15",
                  "label": "o 15"
                },
                {
                  "node": "l",
                  "frag": "⸢e⸣-zi-ib-ma",
                  "id": "P395149.l00867",
                  "ref": "P395149.16.1",
                  "inst": "%akk-x-neoass:e-zi-ib-ma=",
                  "f": {
                    "lang": "akk-x-neoass",
                    "form": "e-zi-ib-ma"
                  }
                },
                {
                  "node": "l",
                  "frag": "[...]",
                  "id": "P395149.l00868",
                  "ref": "P395149.16.2",
                  "inst": "%akk-x-neoass:x=",
                  "f": {
                    "lang": "akk-x-neoass",
                    "form": "x"
                  }
                },
                {
                  "node": "d",
                  "type": "line-start",
                  "ref": "P395149.17",
                  "n": "16",
                  "label": "o 16"
                },
                {
                  "node": "l",
                  "frag": "x",
                  "id": "P395149.l00869",
                  "ref": "P395149.17.1",
                  "inst": "%akk-x-neoass:x=",
                  "f": {
                    "lang": "akk-x-neoass",
                    "form": "x"
                  }
                },
                {
                  "node": "l",
                  "frag": "ina",
                  "id": "P395149.l0086a",
                  "ref": "P395149.17.2",
                  "inst": "%akk-x-neoass:ina=",
                  "f": {
                    "lang": "akk-x-neoass",
                    "form": "ina"
                  }
                },
                {
                  "node": "l",
                  "frag": "ṣi-⸢ti⸣-[...]",
                  "id": "P395149.l0086b",
                  "ref": "P395149.17.3",
                  "inst": "%akk-x-neoass:ṣi-ti-x=",
                  "f": {
                    "lang": "akk-x-neoass",
                    "form": "ṣi-ti-x"
                  }
                },
                {
                  "node": "d",
                  "type": "line-start",
                  "ref": "P395149.18",
                  "n": "17",
                  "label": "o 17"
                },
                {
                  "node": "l",
                  "frag": "⸢le⸣-qe₂-a-am",
                  "id": "P395149.l0086c",
                  "ref": "P395149.18.1",
                  "inst": "%akk-x-neoass:le-qe₂-a-am=",
                  "f": {
                    "lang": "akk-x-neoass",
                    "form": "le-qe₂-a-am"
                  }
                },
                {
                  "node": "l",
                  "frag": "[...]",
                  "id": "P395149.l0086d",
                  "ref": "P395149.18.2",
                  "inst": "%akk-x-neoass:x=",
                  "f": {
                    "lang": "akk-x-neoass",
                    "form": "x"
                  }
                },
                {
                  "node": "d",
                  "type": "line-start",
                  "ref": "P395149.19",
                  "n": "18",
                  "label": "o 18"
                },
                {
                  "node": "l",
                  "frag": "[x]-⸢den⸣-nu-ia-a-ma",
                  "id": "P395149.l0086e",
                  "ref": "P395149.19.1",
                  "inst": "%akk-x-neoass:x-den-nu-ia-a-ma=",
                  "f": {
                    "lang": "akk-x-neoass",
                    "form": "x-den-nu-ia-a-ma"
                  }
                },
                {
                  "node": "l",
                  "frag": "⸢lu⸣-[...]",
                  "id": "P395149.l0086f",
                  "ref": "P395149.19.2",
                  "inst": "%akk-x-neoass:lu-x=",
                  "f": {
                    "lang": "akk-x-neoass",
                    "form": "lu-x"
                  }
                },
                {
                  "node": "d",
                  "type": "line-start",
                  "ref": "P395149.20",
                  "n": "19",
                  "label": "o 19"
                },
                {
                  "node": "l",
                  "frag": "[x]-bi-la-ku-um-ma",
                  "id": "P395149.l00870",
                  "ref": "P395149.20.1",
                  "inst": "%akk-x-neoass:x-bi-la-ku-um-ma=",
                  "f": {
                    "lang": "akk-x-neoass",
                    "form": "x-bi-la-ku-um-ma"
                  }
                },
                {
                  "node": "l",
                  "frag": "[...]",
                  "id": "P395149.l00871",
                  "ref": "P395149.20.2",
                  "inst": "%akk-x-neoass:x=",
                  "f": {
                    "lang": "akk-x-neoass",
                    "form": "x"
                  }
                },
                {
                  "node": "d",
                  "type": "line-start",
                  "ref": "P395149.21",
                  "n": "20",
                  "label": "o 20"
                },
                {
                  "node": "l",
                  "frag": "⸢il⸣-lik-ma",
                  "id": "P395149.l00872",
                  "ref": "P395149.21.1",
                  "inst": "%akk-x-neoass:il-lik-ma=",
                  "f": {
                    "lang": "akk-x-neoass",
                    "form": "il-lik-ma"
                  }
                },
                {
                  "node": "l",
                  "frag": "e-[...]",
                  "id": "P395149.l00873",
                  "ref": "P395149.21.2",
                  "inst": "%akk-x-neoass:e-x=",
                  "f": {
                    "lang": "akk-x-neoass",
                    "form": "e-x"
                  }
                },
                {
                  "node": "d",
                  "type": "line-start",
                  "ref": "P395149.22",
                  "n": "21",
                  "label": "o 21"
                },
                {
                  "node": "l",
                  "frag": "⸢TI₈⸣.MUŠEN",
                  "id": "P395149.l00874",
                  "ref": "P395149.22.1",
                  "inst": "%akk-x-neoass:TI₈.MUŠEN=",
                  "f": {
                    "lang": "akk-x-neoass",
                    "form": "TI₈.MUŠEN"
                  }
                },
                {
                  "node": "l",
                  "frag": "iṣ-ṣu-da-[...]",
                  "id": "P395149.l00875",
                  "ref": "P395149.22.2",
                  "inst": "%akk-x-neoass:iṣ-ṣu-da-x=",
                  "f": {
                    "lang": "akk-x-neoass",
                    "form": "iṣ-ṣu-da-x"
                  }
                },
                {
                  "node": "d",
                  "type": "line-start",
                  "ref": "P395149.23",
                  "n": "22",
                  "label": "o 22"
                },
                {
                  "node": "l",
                  "frag": "ul",
                  "id": "P395149.l00876",
                  "ref": "P395149.23.1",
                  "inst": "%akk-x-neoass:ul=",
                  "f": {
                    "lang": "akk-x-neoass",
                    "form": "ul"
                  }
                },
                {
                  "node": "l",
                  "frag": "i-ba-aš₂-ši",
                  "id": "P395149.l00877",
                  "ref": "P395149.23.2",
                  "inst": "%akk-x-neoass:i-ba-aš₂-ši=",
                  "f": {
                    "lang": "akk-x-neoass",
                    "form": "i-ba-aš₂-ši"
                  }
                },
                {
                  "node": "l",
                  "frag": "[...]",
                  "id": "P395149.l00878",
                  "ref": "P395149.23.3",
                  "inst": "%akk-x-neoass:x=",
                  "f": {
                    "lang": "akk-x-neoass",
                    "form": "x"
                  }
                },
                {
                  "node": "d",
                  "type": "line-start",
                  "ref": "P395149.24",
                  "n": "23",
                  "label": "o 23"
                },
                {
                  "node": "l",
                  "frag": "al-ka",
                  "id": "P395149.l00879",
                  "ref": "P395149.24.1",
                  "inst": "%akk-x-neoass:al-ka=",
                  "f": {
                    "lang": "akk-x-neoass",
                    "form": "al-ka"
                  }
                },
                {
                  "node": "l",
                  "frag": "ib-ri",
                  "id": "P395149.l0087a",
                  "ref": "P395149.24.2",
                  "inst": "%akk-x-neoass:ib-ri=",
                  "f": {
                    "lang": "akk-x-neoass",
                    "form": "ib-ri"
                  }
                },
                {
                  "node": "l",
                  "frag": "[...]",
                  "id": "P395149.l0087b",
                  "ref": "P395149.24.3",
                  "inst": "%akk-x-neoass:x=",
                  "f": {
                    "lang": "akk-x-neoass",
                    "form": "x"
                  }
                },
                {
                  "node": "d",
                  "type": "line-start",
                  "ref": "P395149.25",
                  "n": "24",
                  "label": "o 24"
                },
                {
                  "node": "l",
                  "frag": "it-ti",
                  "id": "P395149.l0087c",
                  "ref": "P395149.25.1",
                  "inst": "%akk-x-neoass:it-ti=",
                  "f": {
                    "lang": "akk-x-neoass",
                    "form": "it-ti"
                  }
                },
                {
                  "node": "l",
                  "frag": "{d}iš-tar",
                  "id": "P395149.l0087d",
                  "ref": "P395149.25.2",
                  "inst": "%akk-x-neoass:{d}iš-tar=",
                  "f": {
                    "lang": "akk-x-neoass",
                    "form": "{d}iš-tar"
                  }
                },
                {
                  "node": "l",
                  "frag": "GAŠAN",
                  "id": "P395149.l0087e",
                  "ref": "P395149.25.3",
                  "inst": "%akk-x-neoass:GAŠAN=",
                  "f": {
                    "lang": "akk-x-neoass",
                    "form": "GAŠAN"
                  }
                },
                {
                  "node": "l",
                  "frag": "[...]",
                  "id": "P395149.l0087f",
                  "ref": "P395149.25.4",
                  "inst": "%akk-x-neoass:x=",
                  "f": {
                    "lang": "akk-x-neoass",
                    "form": "x"
                  }
                },
                {
                  "node": "d",
                  "type": "line-start",
                  "ref": "P395149.26",
                  "n": "25",
                  "label": "o 25"
                },
                {
                  "node": "l",
                  "frag": "ina",
                  "id": "P395149.l00880",
                  "ref": "P395149.26.1",
                  "inst": "%akk-x-neoass:ina=",
                  "f": {
                    "lang": "akk-x-neoass",
                    "form": "ina"
                  }
                },
                {
                  "node": "l",
                  "frag": "le-et",
                  "id": "P395149.l00881",
                  "ref": "P395149.26.2",
                  "inst": "%akk-x-neoass:le-et=",
                  "f": {
                    "lang": "akk-x-neoass",
                    "form": "le-et"
                  }
                },
                {
                  "node": "l",
                  "frag": "{d}iš-tar",
                  "id": "P395149.l00882",
                  "ref": "P395149.26.3",
                  "inst": "%akk-x-neoass:{d}iš-tar=",
                  "f": {
                    "lang": "akk-x-neoass",
                    "form": "{d}iš-tar"
                  }
                },
                {
                  "node": "l",
                  "frag": "GAŠAN",
                  "id": "P395149.l00883",
                  "ref": "P395149.26.4",
                  "inst": "%akk-x-neoass:GAŠAN=",
                  "f": {
                    "lang": "akk-x-neoass",
                    "form": "GAŠAN"
                  }
                },
                {
                  "node": "l",
                  "frag": "[...]",
                  "id": "P395149.l00884",
                  "ref": "P395149.26.5",
                  "inst": "%akk-x-neoass:x=",
                  "f": {
                    "lang": "akk-x-neoass",
                    "form": "x"
                  }
                },
                {
                  "node": "d",
                  "type": "line-start",
                  "ref": "P395149.27",
                  "n": "26",
                  "label": "o 26"
                },
                {
                  "node": "l",
                  "frag": "ina",
                  "id": "P395149.l00885",
                  "ref": "P395149.27.1",
                  "inst": "%akk-x-neoass:ina=",
                  "f": {
                    "lang": "akk-x-neoass",
                    "form": "ina"
                  }
                },
                {
                  "node": "l",
                  "frag": "UGU",
                  "id": "P395149.l00886",
                  "ref": "P395149.27.2",
                  "inst": "%akk-x-neoass:UGU=",
                  "f": {
                    "lang": "akk-x-neoass",
                    "form": "UGU"
                  }
                },
                {
                  "node": "l",
                  "frag": "A₂-ia",
                  "id": "P395149.l00887",
                  "ref": "P395149.27.3",
                  "inst": "%akk-x-neoass:A₂-ia=",
                  "f": {
                    "lang": "akk-x-neoass",
                    "form": "A₂-ia"
                  }
                },
                {
                  "node": "l",
                  "frag": "[...]",
                  "id": "P395149.l00888",
                  "ref": "P395149.27.4",
                  "inst": "%akk-x-neoass:x=",
                  "f": {
                    "lang": "akk-x-neoass",
                    "form": "x"
                  }
                },
                {
                  "node": "d",
                  "type": "line-start",
                  "ref": "P395149.28",
                  "n": "27",
                  "label": "o 27"
                },
                {
                  "node": "l",
                  "frag": "ina",
                  "id": "P395149.l00889",
                  "ref": "P395149.28.1",
                  "inst": "%akk-x-neoass:ina=",
                  "f": {
                    "lang": "akk-x-neoass",
                    "form": "ina"
                  }
                },
                {
                  "node": "l",
                  "frag": "UGU",
                  "id": "P395149.l0088a",
                  "ref": "P395149.28.2",
                  "inst": "%akk-x-neoass:UGU=",
                  "f": {
                    "lang": "akk-x-neoass",
                    "form": "UGU"
                  }
                },
                {
                  "node": "l",
                  "frag": "na-aṣ",
                  "id": "P395149.l0088b",
                  "ref": "P395149.28.3",
                  "inst": "%akk-x-neoass:na-aṣ=",
                  "f": {
                    "lang": "akk-x-neoass",
                    "form": "na-aṣ"
                  }
                },
                {
                  "node": "l",
                  "frag": "kap-pi-⸢ia⸣",
                  "id": "P395149.l0088c",
                  "ref": "P395149.28.4",
                  "inst": "%akk-x-neoass:kap-pi-ia=",
                  "f": {
                    "lang": "akk-x-neoass",
                    "form": "kap-pi-ia"
                  }
                },
                {
                  "node": "l",
                  "frag": "[...]",
                  "id": "P395149.l0088d",
                  "ref": "P395149.28.5",
                  "inst": "%akk-x-neoass:x=",
                  "f": {
                    "lang": "akk-x-neoass",
                    "form": "x"
                  }
                },
                {
                  "node": "d",
                  "type": "line-start",
                  "ref": "P395149.29",
                  "n": "28",
                  "label": "o 28"
                },
                {
                  "node": "l",
                  "frag": "[x]",
                  "id": "P395149.l0088e",
                  "ref": "P395149.29.1",
                  "inst": "%akk-x-neoass:x=",
                  "f": {
                    "lang": "akk-x-neoass",
                    "form": "x"
                  }
                },
                {
                  "node": "l",
                  "frag": "UGU",
                  "id": "P395149.l0088f",
                  "ref": "P395149.29.2",
                  "inst": "%akk-x-neoass:UGU=",
                  "f": {
                    "lang": "akk-x-neoass",
                    "form": "UGU"
                  }
                },
                {
                  "node": "l",
                  "frag": "A₂-šu",
                  "id": "P395149.l00890",
                  "ref": "P395149.29.3",
                  "inst": "%akk-x-neoass:A₂-šu=",
                  "f": {
                    "lang": "akk-x-neoass",
                    "form": "A₂-šu"
                  }
                },
                {
                  "node": "l",
                  "frag": "iš-ta-⸢kan⸣",
                  "id": "P395149.l00891",
                  "ref": "P395149.29.4",
                  "inst": "%akk-x-neoass:iš-ta-kan=",
                  "f": {
                    "lang": "akk-x-neoass",
                    "form": "iš-ta-kan"
                  }
                },
                {
                  "node": "l",
                  "frag": "[A₂-šu]",
                  "id": "P395149.l00892",
                  "ref": "P395149.29.5",
                  "inst": "%akk-x-neoass:A₂-šu=",
                  "f": {
                    "lang": "akk-x-neoass",
                    "form": "A₂-šu"
                  }
                },
                {
                  "node": "d",
                  "type": "line-start",
                  "ref": "P395149.30",
                  "n": "29",
                  "label": "o 29"
                },
                {
                  "node": "l",
                  "frag": "[x]",
                  "id": "P395149.l00893",
                  "ref": "P395149.30.1",
                  "inst": "%akk-x-neoass:x=",
                  "f": {
                    "lang": "akk-x-neoass",
                    "form": "x"
                  }
                },
                {
                  "node": "l",
                  "frag": "UGU",
                  "id": "P395149.l00894",
                  "ref": "P395149.30.2",
                  "inst": "%akk-x-neoass:UGU=",
                  "f": {
                    "lang": "akk-x-neoass",
                    "form": "UGU"
                  }
                },
                {
                  "node": "l",
                  "frag": "⸢na-aṣ⸣",
                  "id": "P395149.l00895",
                  "ref": "P395149.30.3",
                  "inst": "%akk-x-neoass:na-aṣ=",
                  "f": {
                    "lang": "akk-x-neoass",
                    "form": "na-aṣ"
                  }
                },
                {
                  "node": "l",
                  "frag": "kap-pi-šu",
                  "id": "P395149.l00896",
                  "ref": "P395149.30.4",
                  "inst": "%akk-x-neoass:kap-pi-šu=",
                  "f": {
                    "lang": "akk-x-neoass",
                    "form": "kap-pi-šu"
                  }
                },
                {
                  "node": "l",
                  "frag": "[...]",
                  "id": "P395149.l00897",
                  "ref": "P395149.30.5",
                  "inst": "%akk-x-neoass:x=",
                  "f": {
                    "lang": "akk-x-neoass",
                    "form": "x"
                  }
                },
                {
                  "node": "d",
                  "type": "line-start",
                  "ref": "P395149.31",
                  "n": "30",
                  "label": "o 30"
                },
                {
                  "node": "l",
                  "frag": "[x",
                  "id": "P395149.l00898",
                  "ref": "P395149.31.1",
                  "inst": "%akk-x-neoass:x=",
                  "f": {
                    "lang": "akk-x-neoass",
                    "form": "x"
                  }
                },
                {
                  "node": "l",
                  "frag": "x]",
                  "id": "P395149.l00899",
                  "ref": "P395149.31.2",
                  "inst": "%akk-x-neoass:x=",
                  "f": {
                    "lang": "akk-x-neoass",
                    "form": "x"
                  }
                },
                {
                  "node": "l",
                  "frag": "1.KASKAL.GID₂",
                  "id": "P395149.l0089a",
                  "ref": "P395149.31.3",
                  "inst": "%akk-x-neoass:1.KASKAL.GID₂=",
                  "f": {
                    "lang": "akk-x-neoass",
                    "form": "1.KASKAL.GID₂"
                  }
                },
                {
                  "node": "l",
                  "frag": "[...]",
                  "id": "P395149.l0089b",
                  "ref": "P395149.31.4",
                  "inst": "%akk-x-neoass:x=",
                  "f": {
                    "lang": "akk-x-neoass",
                    "form": "x"
                  }
                },
                {
                  "node": "d",
                  "type": "line-start",
                  "ref": "P395149.32",
                  "n": "31",
                  "label": "o 31"
                },
                {
                  "node": "l",
                  "frag": "[x]-⸢ri⸣",
                  "id": "P395149.l0089c",
                  "ref": "P395149.32.1",
                  "inst": "%akk-x-neoass:x-ri=",
                  "f": {
                    "lang": "akk-x-neoass",
                    "form": "x-ri"
                  }
                },
                {
                  "node": "l",
                  "frag": "nap-lis-ma",
                  "id": "P395149.l0089d",
                  "ref": "P395149.32.2",
                  "inst": "%akk-x-neoass:nap-lis-ma=",
                  "f": {
                    "lang": "akk-x-neoass",
                    "form": "nap-lis-ma"
                  }
                },
                {
                  "node": "l",
                  "frag": "ma-⸢a-tu₂",
                  "id": "P395149.l0089e",
                  "ref": "P395149.32.3",
                  "inst": "%akk-x-neoass:ma-a-tu₂=",
                  "f": {
                    "lang": "akk-x-neoass",
                    "form": "ma-a-tu₂"
                  }
                },
                {
                  "node": "l",
                  "frag": "ki⸣-[...]",
                  "id": "P395149.l0089f",
                  "ref": "P395149.32.4",
                  "inst": "%akk-x-neoass:ki-x=",
                  "f": {
                    "lang": "akk-x-neoass",
                    "form": "ki-x"
                  }
                },
                {
                  "node": "d",
                  "type": "line-start",
                  "ref": "P395149.33",
                  "n": "32",
                  "label": "o 32"
                },
                {
                  "node": "l",
                  "frag": "⸢ša₂",
                  "id": "P395149.l008a0",
                  "ref": "P395149.33.1",
                  "inst": "%akk-x-neoass:ša₂=",
                  "f": {
                    "lang": "akk-x-neoass",
                    "form": "ša₂"
                  }
                },
                {
                  "node": "l",
                  "frag": "ma⸣-a-ti",
                  "id": "P395149.l008a1",
                  "ref": "P395149.33.2",
                  "inst": "%akk-x-neoass:ma-a-ti=",
                  "f": {
                    "lang": "akk-x-neoass",
                    "form": "ma-a-ti"
                  }
                },
                {
                  "node": "l",
                  "frag": "i-⸢ha-am⸣-[...]",
                  "id": "P395149.l008a2",
                  "ref": "P395149.33.3",
                  "inst": "%akk-x-neoass:i-ha-am-x=",
                  "f": {
                    "lang": "akk-x-neoass",
                    "form": "i-ha-am-x"
                  }
                },
                {
                  "node": "d",
                  "type": "line-start",
                  "ref": "P395149.34",
                  "n": "33",
                  "label": "o 33"
                },
                {
                  "node": "l",
                  "frag": "⸢u₃⸣",
                  "id": "P395149.l008a3",
                  "ref": "P395149.34.1",
                  "inst": "%akk-x-neoass:u₃=",
                  "f": {
                    "lang": "akk-x-neoass",
                    "form": "u₃"
                  }
                },
                {
                  "node": "l",
                  "frag": "tam-⸢tu",
                  "id": "P395149.l008a4",
                  "ref": "P395149.34.2",
                  "inst": "%akk-x-neoass:tam-tu=",
                  "f": {
                    "lang": "akk-x-neoass",
                    "form": "tam-tu"
                  }
                },
                {
                  "node": "l",
                  "frag": "DAGAL-tum⸣",
                  "id": "P395149.l008a5",
                  "ref": "P395149.34.3",
                  "inst": "%akk-x-neoass:DAGAL-tum=",
                  "f": {
                    "lang": "akk-x-neoass",
                    "form": "DAGAL-tum"
                  }
                },
                {
                  "node": "l",
                  "frag": "[...]",
                  "id": "P395149.l008a6",
                  "ref": "P395149.34.4",
                  "inst": "%akk-x-neoass:x=",
                  "f": {
                    "lang": "akk-x-neoass",
                    "form": "x"
                  }
                },
                {
                  "node": "d",
                  "type": "line-start",
                  "ref": "P395149.35",
                  "n": "34",
                  "label": "o 34"
                },
                {
                  "node": "l",
                  "frag": "ša₂-na-a",
                  "id": "P395149.l008a7",
                  "ref": "P395149.35.1",
                  "inst": "%akk-x-neoass:ša₂-na-a=",
                  "f": {
                    "lang": "akk-x-neoass",
                    "form": "ša₂-na-a"
                  }
                },
                {
                  "node": "l",
                  "frag": "1.KASKAL.⸢GID₂⸣",
                  "id": "P395149.l008a8",
                  "ref": "P395149.35.2",
                  "inst": "%akk-x-neoass:1.KASKAL.GID₂=",
                  "f": {
                    "lang": "akk-x-neoass",
                    "form": "1.KASKAL.GID₂"
                  }
                },
                {
                  "node": "l",
                  "frag": "[...]",
                  "id": "P395149.l008a9",
                  "ref": "P395149.35.3",
                  "inst": "%akk-x-neoass:x=",
                  "f": {
                    "lang": "akk-x-neoass",
                    "form": "x"
                  }
                },
                {
                  "node": "d",
                  "type": "line-start",
                  "ref": "P395149.36",
                  "n": "35",
                  "label": "o 35"
                },
                {
                  "node": "l",
                  "frag": "⸢ib⸣-ri",
                  "id": "P395149.l008aa",
                  "ref": "P395149.36.1",
                  "inst": "%akk-x-neoass:ib-ri=",
                  "f": {
                    "lang": "akk-x-neoass",
                    "form": "ib-ri"
                  }
                },
                {
                  "node": "l",
                  "frag": "nap-li-is-⸢ma",
                  "id": "P395149.l008ab",
                  "ref": "P395149.36.2",
                  "inst": "%akk-x-neoass:nap-li-is-ma=",
                  "f": {
                    "lang": "akk-x-neoass",
                    "form": "nap-li-is-ma"
                  }
                },
                {
                  "node": "l",
                  "frag": "ma-a⸣-tu",
                  "id": "P395149.l008ac",
                  "ref": "P395149.36.3",
                  "inst": "%akk-x-neoass:ma-a-tu=",
                  "f": {
                    "lang": "akk-x-neoass",
                    "form": "ma-a-tu"
                  }
                },
                {
                  "node": "l",
                  "frag": "⸢ki⸣-[...]",
                  "id": "P395149.l008ad",
                  "ref": "P395149.36.4",
                  "inst": "%akk-x-neoass:ki-x=",
                  "f": {
                    "lang": "akk-x-neoass",
                    "form": "ki-x"
                  }
                },
                {
                  "node": "d",
                  "type": "line-start",
                  "ref": "P395149.37",
                  "n": "36",
                  "label": "o 36"
                },
                {
                  "node": "l",
                  "frag": "⸢it⸣-tu-ru",
                  "id": "P395149.l008ae",
                  "ref": "P395149.37.1",
                  "inst": "%akk-x-neoass:it-tu-ru=",
                  "f": {
                    "lang": "akk-x-neoass",
                    "form": "it-tu-ru"
                  }
                },
                {
                  "node": "l",
                  "frag": "ma-⸢a⸣-[tu]",
                  "id": "P395149.l008af",
                  "ref": "P395149.37.2",
                  "inst": "%akk-x-neoass:ma-a-tu=",
                  "f": {
                    "lang": "akk-x-neoass",
                    "form": "ma-a-tu"
                  }
                },
                {
                  "node": "l",
                  "frag": "a-na",
                  "id": "P395149.l008b0",
                  "ref": "P395149.37.3",
                  "inst": "%akk-x-neoass:a-na=",
                  "f": {
                    "lang": "akk-x-neoass",
                    "form": "a-na"
                  }
                },
                {
                  "node": "l",
                  "frag": "[...]",
                  "id": "P395149.l008b1",
                  "ref": "P395149.37.4",
                  "inst": "%akk-x-neoass:x=",
                  "f": {
                    "lang": "akk-x-neoass",
                    "form": "x"
                  }
                },
                {
                  "node": "d",
                  "type": "line-start",
                  "ref": "P395149.38",
                  "n": "37",
                  "label": "o 37"
                },
                {
                  "node": "l",
                  "frag": "[x]",
                  "id": "P395149.l008b2",
                  "ref": "P395149.38.1",
                  "inst": "%akk-x-neoass:x=",
                  "f": {
                    "lang": "akk-x-neoass",
                    "form": "x"
                  }
                },
                {
                  "node": "l",
                  "frag": "tam-tu",
                  "id": "P395149.l008b3",
                  "ref": "P395149.38.2",
                  "inst": "%akk-x-neoass:tam-tu=",
                  "f": {
                    "lang": "akk-x-neoass",
                    "form": "tam-tu"
                  }
                },
                {
                  "node": "l",
                  "frag": "⸢DAGAL-tu⸣",
                  "id": "P395149.l008b4",
                  "ref": "P395149.38.3",
                  "inst": "%akk-x-neoass:DAGAL-tu=",
                  "f": {
                    "lang": "akk-x-neoass",
                    "form": "DAGAL-tu"
                  }
                },
                {
                  "node": "l",
                  "frag": "[...]",
                  "id": "P395149.l008b5",
                  "ref": "P395149.38.4",
                  "inst": "%akk-x-neoass:x=",
                  "f": {
                    "lang": "akk-x-neoass",
                    "form": "x"
                  }
                },
                {
                  "node": "d",
                  "type": "line-start",
                  "ref": "P395149.39",
                  "n": "38",
                  "label": "o 38"
                },
                {
                  "node": "l",
                  "frag": "[x]-ša₂",
                  "id": "P395149.l008b6",
                  "ref": "P395149.39.1",
                  "inst": "%akk-x-neoass:x-ša₂=",
                  "f": {
                    "lang": "akk-x-neoass",
                    "form": "x-ša₂"
                  }
                },
                {
                  "node": "l",
                  "frag": "[x",
                  "id": "P395149.l008b7",
                  "ref": "P395149.39.2",
                  "inst": "%akk-x-neoass:x=",
                  "f": {
                    "lang": "akk-x-neoass",
                    "form": "x"
                  }
                },
                {
                  "node": "l",
                  "frag": "x].⸢GID₂⸣",
                  "id": "P395149.l008b8",
                  "ref": "P395149.39.3",
                  "inst": "%akk-x-neoass:x.GID₂=",
                  "f": {
                    "lang": "akk-x-neoass",
                    "form": "x.GID₂"
                  }
                },
                {
                  "node": "l",
                  "frag": "[...]",
                  "id": "P395149.l008b9",
                  "ref": "P395149.39.4",
                  "inst": "%akk-x-neoass:x=",
                  "f": {
                    "lang": "akk-x-neoass",
                    "form": "x"
                  }
                },
                {
                  "node": "d",
                  "type": "nonx",
                  "ref": "P395149.40",
                  "strict": "0",
                  "state": "other"
                },
                {
                  "node": "d",
                  "subtype": "reverse",
                  "type": "reverse",
                  "ref": "P395149.r.41",
                  "label": "r"
                },
                {
                  "node": "d",
                  "type": "nonx",
                  "ref": "P395149.42",
                  "strict": "0",
                  "state": "other"
                },
                {
                  "node": "d",
                  "type": "line-start",
                  "ref": "P395149.43",
                  "n": "1'",
                  "label": "r 1'"
                },
                {
                  "node": "l",
                  "frag": "⸢ma⸣-a-tu₂",
                  "id": "P395149.l008ba",
                  "ref": "P395149.43.1",
                  "inst": "%akk-x-neoass:ma-a-tu₂=",
                  "f": {
                    "lang": "akk-x-neoass",
                    "form": "ma-a-tu₂"
                  }
                },
                {
                  "node": "l",
                  "frag": "[...]",
                  "id": "P395149.l008bb",
                  "ref": "P395149.43.2",
                  "inst": "%akk-x-neoass:x=",
                  "f": {
                    "lang": "akk-x-neoass",
                    "form": "x"
                  }
                },
                {
                  "node": "d",
                  "type": "line-start",
                  "ref": "P395149.44",
                  "n": "2'",
                  "label": "r 2'"
                },
                {
                  "node": "l",
                  "frag": "⸢šal-ša₂",
                  "id": "P395149.l008bc",
                  "ref": "P395149.44.1",
                  "inst": "%akk-x-neoass:šal-ša₂=",
                  "f": {
                    "lang": "akk-x-neoass",
                    "form": "šal-ša₂"
                  }
                },
                {
                  "node": "l",
                  "frag": "KASKAL⸣.[...]",
                  "id": "P395149.l008bd",
                  "ref": "P395149.44.2",
                  "inst": "%akk-x-neoass:KASKAL.x=",
                  "f": {
                    "lang": "akk-x-neoass",
                    "form": "KASKAL.x"
                  }
                },
                {
                  "node": "d",
                  "type": "line-start",
                  "ref": "P395149.45",
                  "n": "3'",
                  "label": "r 3'"
                },
                {
                  "node": "l",
                  "frag": "⸢TI₈.MUŠEN⸣",
                  "id": "P395149.l008be",
                  "ref": "P395149.45.1",
                  "inst": "%akk-x-neoass:TI₈.MUŠEN=",
                  "f": {
                    "lang": "akk-x-neoass",
                    "form": "TI₈.MUŠEN"
                  }
                },
                {
                  "node": "l",
                  "frag": "[...]",
                  "id": "P395149.l008bf",
                  "ref": "P395149.45.2",
                  "inst": "%akk-x-neoass:x=",
                  "f": {
                    "lang": "akk-x-neoass",
                    "form": "x"
                  }
                },
                {
                  "node": "d",
                  "type": "line-start",
                  "ref": "P395149.46",
                  "n": "4'",
                  "label": "r 4'"
                },
                {
                  "node": "l",
                  "frag": "du-gul",
                  "id": "P395149.l008c0",
                  "ref": "P395149.46.1",
                  "inst": "%akk-x-neoass:du-gul=",
                  "f": {
                    "lang": "akk-x-neoass",
                    "form": "du-gul"
                  }
                },
                {
                  "node": "l",
                  "frag": "[...]",
                  "id": "P395149.l008c1",
                  "ref": "P395149.46.2",
                  "inst": "%akk-x-neoass:x=",
                  "f": {
                    "lang": "akk-x-neoass",
                    "form": "x"
                  }
                },
                {
                  "node": "d",
                  "type": "line-start",
                  "ref": "P395149.47",
                  "n": "5'",
                  "label": "r 5'"
                },
                {
                  "node": "l",
                  "frag": "tam-⸢tum",
                  "id": "P395149.l008c2",
                  "ref": "P395149.47.1",
                  "inst": "%akk-x-neoass:tam-tum=",
                  "f": {
                    "lang": "akk-x-neoass",
                    "form": "tam-tum"
                  }
                },
                {
                  "node": "l",
                  "frag": "i⸣-[...]",
                  "id": "P395149.l008c3",
                  "ref": "P395149.47.2",
                  "inst": "%akk-x-neoass:i-x=",
                  "f": {
                    "lang": "akk-x-neoass",
                    "form": "i-x"
                  }
                },
                {
                  "node": "d",
                  "type": "line-start",
                  "ref": "P395149.48",
                  "n": "6'",
                  "label": "r 6'"
                },
                {
                  "node": "l",
                  "frag": "⸢iš⸣-tu",
                  "id": "P395149.l008c4",
                  "ref": "P395149.48.1",
                  "inst": "%akk-x-neoass:iš-tu=",
                  "f": {
                    "lang": "akk-x-neoass",
                    "form": "iš-tu"
                  }
                },
                {
                  "node": "l",
                  "frag": "⸢e⸣-[...]",
                  "id": "P395149.l008c5",
                  "ref": "P395149.48.2",
                  "inst": "%akk-x-neoass:e-x=",
                  "f": {
                    "lang": "akk-x-neoass",
                    "form": "e-x"
                  }
                },
                {
                  "node": "d",
                  "type": "line-start",
                  "ref": "P395149.49",
                  "n": "7'",
                  "label": "r 7'"
                },
                {
                  "node": "l",
                  "frag": "ina",
                  "id": "P395149.l008c6",
                  "ref": "P395149.49.1",
                  "inst": "%akk-x-neoass:ina=",
                  "f": {
                    "lang": "akk-x-neoass",
                    "form": "ina"
                  }
                },
                {
                  "node": "l",
                  "frag": "KA₂",
                  "id": "P395149.l008c7",
                  "ref": "P395149.49.2",
                  "inst": "%akk-x-neoass:KA₂=",
                  "f": {
                    "lang": "akk-x-neoass",
                    "form": "KA₂"
                  }
                },
                {
                  "node": "l",
                  "frag": "{d}⸢a⸣-[...]",
                  "id": "P395149.l008c8",
                  "ref": "P395149.49.3",
                  "inst": "%akk-x-neoass:{d}a-x=",
                  "f": {
                    "lang": "akk-x-neoass",
                    "form": "{d}a-x"
                  }
                },
                {
                  "node": "d",
                  "type": "line-start",
                  "ref": "P395149.50",
                  "n": "8'",
                  "label": "r 8'"
                },
                {
                  "node": "l",
                  "frag": "⸢TI₈⸣.MUŠEN",
                  "id": "P395149.l008c9",
                  "ref": "P395149.50.1",
                  "inst": "%akk-x-neoass:TI₈.MUŠEN=",
                  "f": {
                    "lang": "akk-x-neoass",
                    "form": "TI₈.MUŠEN"
                  }
                },
                {
                  "node": "l",
                  "frag": "{d}[...]",
                  "id": "P395149.l008ca",
                  "ref": "P395149.50.2",
                  "inst": "%akk-x-neoass:{d}x=",
                  "f": {
                    "lang": "akk-x-neoass",
                    "form": "{d}x"
                  }
                },
                {
                  "node": "d",
                  "type": "line-start",
                  "ref": "P395149.51",
                  "n": "9'",
                  "label": "r 9'"
                },
                {
                  "node": "l",
                  "frag": "ina",
                  "id": "P395149.l008cb",
                  "ref": "P395149.51.1",
                  "inst": "%akk-x-neoass:ina=",
                  "f": {
                    "lang": "akk-x-neoass",
                    "form": "ina"
                  }
                },
                {
                  "node": "l",
                  "frag": "KA₂",
                  "id": "P395149.l008cc",
                  "ref": "P395149.51.2",
                  "inst": "%akk-x-neoass:KA₂=",
                  "f": {
                    "lang": "akk-x-neoass",
                    "form": "KA₂"
                  }
                },
                {
                  "node": "l",
                  "frag": "{d}30",
                  "id": "P395149.l008cd",
                  "ref": "P395149.51.3",
                  "inst": "%akk-x-neoass:{d}30=",
                  "f": {
                    "lang": "akk-x-neoass",
                    "form": "{d}30"
                  }
                },
                {
                  "node": "l",
                  "frag": "[...]",
                  "id": "P395149.l008ce",
                  "ref": "P395149.51.4",
                  "inst": "%akk-x-neoass:x=",
                  "f": {
                    "lang": "akk-x-neoass",
                    "form": "x"
                  }
                },
                {
                  "node": "d",
                  "type": "line-start",
                  "ref": "P395149.52",
                  "n": "10'",
                  "label": "r 10'"
                },
                {
                  "node": "l",
                  "frag": "⸢TI₈.MUŠEN",
                  "id": "P395149.l008cf",
                  "ref": "P395149.52.1",
                  "inst": "%akk-x-neoass:TI₈.MUŠEN=",
                  "f": {
                    "lang": "akk-x-neoass",
                    "form": "TI₈.MUŠEN"
                  }
                },
                {
                  "node": "l",
                  "frag": "{d⸣}[...]",
                  "id": "P395149.l008d0",
                  "ref": "P395149.52.2",
                  "inst": "%akk-x-neoass:{d}x=",
                  "f": {
                    "lang": "akk-x-neoass",
                    "form": "{d}x"
                  }
                },
                {
                  "node": "d",
                  "type": "line-start",
                  "ref": "P395149.53",
                  "n": "11'",
                  "label": "r 11'"
                },
                {
                  "node": "l",
                  "frag": "e-mur",
                  "id": "P395149.l008d1",
                  "ref": "P395149.53.1",
                  "inst": "%akk-x-neoass:e-mur=",
                  "f": {
                    "lang": "akk-x-neoass",
                    "form": "e-mur"
                  }
                },
                {
                  "node": "l",
                  "frag": "[...]",
                  "id": "P395149.l008d2",
                  "ref": "P395149.53.2",
                  "inst": "%akk-x-neoass:x=",
                  "f": {
                    "lang": "akk-x-neoass",
                    "form": "x"
                  }
                },
                {
                  "node": "d",
                  "type": "line-start",
                  "ref": "P395149.54",
                  "n": "12'",
                  "label": "r 12'"
                },
                {
                  "node": "l",
                  "frag": "x",
                  "id": "P395149.l008d3",
                  "ref": "P395149.54.1",
                  "inst": "%akk-x-neoass:x=",
                  "f": {
                    "lang": "akk-x-neoass",
                    "form": "x"
                  }
                },
                {
                  "node": "l",
                  "frag": "[...]",
                  "id": "P395149.l008d4",
                  "ref": "P395149.54.2",
                  "inst": "%akk-x-neoass:x=",
                  "f": {
                    "lang": "akk-x-neoass",
                    "form": "x"
                  }
                },
                {
                  "node": "d",
                  "type": "nonx",
                  "ref": "P395149.55",
                  "strict": "0",
                  "state": "other"
                },
                {
                  "node": "d",
                  "type": "line-start",
                  "ref": "P395149.56",
                  "n": "1''",
                  "label": "r 1''"
                },
                {
                  "node": "l",
                  "frag": "x",
                  "id": "P395149.l008d5",
                  "ref": "P395149.56.1",
                  "inst": "%akk-x-neoass:x=",
                  "f": {
                    "lang": "akk-x-neoass",
                    "form": "x"
                  }
                },
                {
                  "node": "l",
                  "frag": "[...]",
                  "id": "P395149.l008d6",
                  "ref": "P395149.56.2",
                  "inst": "%akk-x-neoass:x=",
                  "f": {
                    "lang": "akk-x-neoass",
                    "form": "x"
                  }
                },
                {
                  "node": "d",
                  "type": "line-start",
                  "ref": "P395149.57",
                  "n": "2''",
                  "label": "r 2''"
                },
                {
                  "node": "l",
                  "frag": "[x",
                  "id": "P395149.l008d7",
                  "ref": "P395149.57.1",
                  "inst": "%akk-x-neoass:x=",
                  "f": {
                    "lang": "akk-x-neoass",
                    "form": "x"
                  }
                },
                {
                  "node": "l",
                  "frag": "x",
                  "id": "P395149.l008d8",
                  "ref": "P395149.57.2",
                  "inst": "%akk-x-neoass:x=",
                  "f": {
                    "lang": "akk-x-neoass",
                    "form": "x"
                  }
                },
                {
                  "node": "l",
                  "frag": "(x)]",
                  "id": "P395149.l008d9",
                  "ref": "P395149.57.3",
                  "inst": "%akk-x-neoass:x=",
                  "f": {
                    "lang": "akk-x-neoass",
                    "form": "x"
                  }
                },
                {
                  "node": "l",
                  "frag": "x",
                  "id": "P395149.l008da",
                  "ref": "P395149.57.4",
                  "inst": "%akk-x-neoass:x=",
                  "f": {
                    "lang": "akk-x-neoass",
                    "form": "x"
                  }
                },
                {
                  "node": "l",
                  "frag": "[...]",
                  "id": "P395149.l008db",
                  "ref": "P395149.57.5",
                  "inst": "%akk-x-neoass:x=",
                  "f": {
                    "lang": "akk-x-neoass",
                    "form": "x"
                  }
                },
                {
                  "node": "d",
                  "type": "line-start",
                  "ref": "P395149.58",
                  "n": "3''",
                  "label": "r 3''"
                },
                {
                  "node": "l",
                  "frag": "[x]",
                  "id": "P395149.l008dc",
                  "ref": "P395149.58.1",
                  "inst": "%akk-x-neoass:x=",
                  "f": {
                    "lang": "akk-x-neoass",
                    "form": "x"
                  }
                },
                {
                  "node": "l",
                  "frag": "x",
                  "id": "P395149.l008dd",
                  "ref": "P395149.58.2",
                  "inst": "%akk-x-neoass:x=",
                  "f": {
                    "lang": "akk-x-neoass",
                    "form": "x"
                  }
                },
                {
                  "node": "l",
                  "frag": "x",
                  "id": "P395149.l008de",
                  "ref": "P395149.58.3",
                  "inst": "%akk-x-neoass:x=",
                  "f": {
                    "lang": "akk-x-neoass",
                    "form": "x"
                  }
                },
                {
                  "node": "l",
                  "frag": "[...]",
                  "id": "P395149.l008df",
                  "ref": "P395149.58.4",
                  "inst": "%akk-x-neoass:x=",
                  "f": {
                    "lang": "akk-x-neoass",
                    "form": "x"
                  }
                },
                {
                  "node": "d",
                  "type": "line-start",
                  "ref": "P395149.59",
                  "n": "4''",
                  "label": "r 4''"
                },
                {
                  "node": "l",
                  "frag": "⸢PI⸣",
                  "id": "P395149.l008e0",
                  "ref": "P395149.59.1",
                  "inst": "%akk-x-neoass:PI=",
                  "f": {
                    "lang": "akk-x-neoass",
                    "form": "PI"
                  }
                },
                {
                  "node": "l",
                  "frag": "[(x)]",
                  "id": "P395149.l008e1",
                  "ref": "P395149.59.2",
                  "inst": "%akk-x-neoass:x=",
                  "f": {
                    "lang": "akk-x-neoass",
                    "form": "x"
                  }
                },
                {
                  "node": "l",
                  "frag": "x",
                  "id": "P395149.l008e2",
                  "ref": "P395149.59.3",
                  "inst": "%akk-x-neoass:x=",
                  "f": {
                    "lang": "akk-x-neoass",
                    "form": "x"
                  }
                },
                {
                  "node": "l",
                  "frag": "[...]",
                  "id": "P395149.l008e3",
                  "ref": "P395149.59.4",
                  "inst": "%akk-x-neoass:x=",
                  "f": {
                    "lang": "akk-x-neoass",
                    "form": "x"
                  }
                },
                {
                  "node": "d",
                  "type": "line-start",
                  "ref": "P395149.60",
                  "n": "5''",
                  "label": "r 5''"
                },
                {
                  "node": "l",
                  "frag": "ŠI",
                  "id": "P395149.l008e4",
                  "ref": "P395149.60.1",
                  "inst": "%akk-x-neoass:ŠI=",
                  "f": {
                    "lang": "akk-x-neoass",
                    "form": "ŠI"
                  }
                },
                {
                  "node": "l",
                  "frag": "x",
                  "id": "P395149.l008e5",
                  "ref": "P395149.60.2",
                  "inst": "%akk-x-neoass:x=",
                  "f": {
                    "lang": "akk-x-neoass",
                    "form": "x"
                  }
                },
                {
                  "node": "l",
                  "frag": "x",
                  "id": "P395149.l008e6",
                  "ref": "P395149.60.3",
                  "inst": "%akk-x-neoass:x=",
                  "f": {
                    "lang": "akk-x-neoass",
                    "form": "x"
                  }
                },
                {
                  "node": "l",
                  "frag": "x",
                  "id": "P395149.l008e7",
                  "ref": "P395149.60.4",
                  "inst": "%akk-x-neoass:x=",
                  "f": {
                    "lang": "akk-x-neoass",
                    "form": "x"
                  }
                },
                {
                  "node": "l",
                  "frag": "na",
                  "id": "P395149.l008e8",
                  "ref": "P395149.60.5",
                  "inst": "%akk-x-neoass:na=",
                  "f": {
                    "lang": "akk-x-neoass",
                    "form": "na"
                  }
                },
                {
                  "node": "l",
                  "frag": "⸢ŠA₃⸣",
                  "id": "P395149.l008e9",
                  "ref": "P395149.60.6",
                  "inst": "%akk-x-neoass:ŠA₃=",
                  "f": {
                    "lang": "akk-x-neoass",
                    "form": "ŠA₃"
                  }
                },
                {
                  "node": "l",
                  "frag": "[...]",
                  "id": "P395149.l008ea",
                  "ref": "P395149.60.7",
                  "inst": "%akk-x-neoass:x=",
                  "f": {
                    "lang": "akk-x-neoass",
                    "form": "x"
                  }
                },
                {
                  "node": "d",
                  "type": "line-start",
                  "ref": "P395149.61",
                  "n": "6''",
                  "label": "r 6''"
                },
                {
                  "node": "l",
                  "frag": "DINGIR.MEŠ",
                  "id": "P395149.l008eb",
                  "ref": "P395149.61.1",
                  "inst": "%akk-x-neoass:DINGIR.MEŠ=",
                  "f": {
                    "lang": "akk-x-neoass",
                    "form": "DINGIR.MEŠ"
                  }
                },
                {
                  "node": "l",
                  "frag": "⸢ma",
                  "id": "P395149.l008ec",
                  "ref": "P395149.61.2",
                  "inst": "%akk-x-neoass:ma=",
                  "f": {
                    "lang": "akk-x-neoass",
                    "form": "ma"
                  }
                },
                {
                  "node": "l",
                  "frag": "a",
                  "id": "P395149.l008ed",
                  "ref": "P395149.61.3",
                  "inst": "%akk-x-neoass:a=",
                  "f": {
                    "lang": "akk-x-neoass",
                    "form": "a"
                  }
                },
                {
                  "node": "l",
                  "frag": "RA",
                  "id": "P395149.l008ee",
                  "ref": "P395149.61.4",
                  "inst": "%akk-x-neoass:RA=",
                  "f": {
                    "lang": "akk-x-neoass",
                    "form": "RA"
                  }
                },
                {
                  "node": "d",
                  "frag": "/",
                  "type": "punct",
                  "ref": "P395149.61.5",
                  "lang": "akk-x-neoass",
                  "gdl_delim": " "
                },
                {
                  "node": "l",
                  "frag": "ŠA⸣",
                  "id": "P395149.l008ef",
                  "ref": "P395149.61.6",
                  "inst": "%akk-x-neoass:ŠA=",
                  "f": {
                    "lang": "akk-x-neoass",
                    "form": "ŠA"
                  }
                },
                {
                  "node": "l",
                  "frag": "[...]",
                  "id": "P395149.l008f0",
                  "ref": "P395149.61.7",
                  "inst": "%akk-x-neoass:x=",
                  "f": {
                    "lang": "akk-x-neoass",
                    "form": "x"
                  }
                },
                {
                  "node": "d",
                  "type": "line-start",
                  "ref": "P395149.62",
                  "n": "7''",
                  "label": "r 7''"
                },
                {
                  "node": "l",
                  "frag": "ša-⸢nin⸣-šu",
                  "id": "P395149.l008f1",
                  "ref": "P395149.62.1",
                  "inst": "%akk-x-neoass:ša-nin-šu=",
                  "f": {
                    "lang": "akk-x-neoass",
                    "form": "ša-nin-šu"
                  }
                },
                {
                  "node": "l",
                  "frag": "⸢KI⸣",
                  "id": "P395149.l008f2",
                  "ref": "P395149.62.2",
                  "inst": "%akk-x-neoass:KI=",
                  "f": {
                    "lang": "akk-x-neoass",
                    "form": "KI"
                  }
                },
                {
                  "node": "l",
                  "frag": "[...]",
                  "id": "P395149.l008f3",
                  "ref": "P395149.62.3",
                  "inst": "%akk-x-neoass:x=",
                  "f": {
                    "lang": "akk-x-neoass",
                    "form": "x"
                  }
                },
                {
                  "node": "d",
                  "type": "nonx",
                  "ref": "P395149.63",
                  "strict": "1",
                  "extent": "n",
                  "scope": "line",
                  "state": "ruling"
                },
                {
                  "node": "d",
                  "type": "line-start",
                  "ref": "P395149.64",
                  "n": "8''",
                  "label": "r 8''"
                },
                {
                  "node": "l",
                  "frag": "x",
                  "id": "P395149.l008f4",
                  "ref": "P395149.64.1",
                  "inst": "%akk-x-neoass:x=",
                  "f": {
                    "lang": "akk-x-neoass",
                    "form": "x"
                  }
                },
                {
                  "node": "l",
                  "frag": "(x)",
                  "id": "P395149.l008f5",
                  "ref": "P395149.64.2",
                  "inst": "%akk-x-neoass:x=",
                  "f": {
                    "lang": "akk-x-neoass",
                    "form": "x"
                  }
                },
                {
                  "node": "l",
                  "frag": "[(x)]",
                  "id": "P395149.l008f6",
                  "ref": "P395149.64.3",
                  "inst": "%akk-x-neoass:x=",
                  "f": {
                    "lang": "akk-x-neoass",
                    "form": "x"
                  }
                },
                {
                  "node": "l",
                  "frag": "x",
                  "id": "P395149.l008f7",
                  "ref": "P395149.64.4",
                  "inst": "%akk-x-neoass:x=",
                  "f": {
                    "lang": "akk-x-neoass",
                    "form": "x"
                  }
                },
                {
                  "node": "l",
                  "frag": "x",
                  "id": "P395149.l008f8",
                  "ref": "P395149.64.5",
                  "inst": "%akk-x-neoass:x=",
                  "f": {
                    "lang": "akk-x-neoass",
                    "form": "x"
                  }
                },
                {
                  "node": "l",
                  "frag": "[...]",
                  "id": "P395149.l008f9",
                  "ref": "P395149.64.6",
                  "inst": "%akk-x-neoass:x=",
                  "f": {
                    "lang": "akk-x-neoass",
                    "form": "x"
                  }
                },
                {
                  "node": "d",
                  "type": "line-start",
                  "ref": "P395149.65",
                  "n": "9''",
                  "label": "r 9''"
                },
                {
                  "node": "l",
                  "frag": "x",
                  "id": "P395149.l008fa",
                  "ref": "P395149.65.1",
                  "inst": "%akk-x-neoass:x=",
                  "f": {
                    "lang": "akk-x-neoass",
                    "form": "x"
                  }
                },
                {
                  "node": "l",
                  "frag": "x",
                  "id": "P395149.l008fb",
                  "ref": "P395149.65.2",
                  "inst": "%akk-x-neoass:x=",
                  "f": {
                    "lang": "akk-x-neoass",
                    "form": "x"
                  }
                },
                {
                  "node": "l",
                  "frag": "(x)",
                  "id": "P395149.l008fc",
                  "ref": "P395149.65.3",
                  "inst": "%akk-x-neoass:x=",
                  "f": {
                    "lang": "akk-x-neoass",
                    "form": "x"
                  }
                },
                {
                  "node": "l",
                  "frag": "x",
                  "id": "P395149.l008fd",
                  "ref": "P395149.65.4",
                  "inst": "%akk-x-neoass:x=",
                  "f": {
                    "lang": "akk-x-neoass",
                    "form": "x"
                  }
                },
                {
                  "node": "l",
                  "frag": "(x)",
                  "id": "P395149.l008fe",
                  "ref": "P395149.65.5",
                  "inst": "%akk-x-neoass:x=",
                  "f": {
                    "lang": "akk-x-neoass",
                    "form": "x"
                  }
                },
                {
                  "node": "l",
                  "frag": "[...]",
                  "id": "P395149.l008ff",
                  "ref": "P395149.65.6",
                  "inst": "%akk-x-neoass:x=",
                  "f": {
                    "lang": "akk-x-neoass",
                    "form": "x"
                  }
                },
                {
                  "node": "d",
                  "type": "line-start",
                  "ref": "P395149.66",
                  "n": "10''",
                  "label": "r 10''"
                },
                {
                  "node": "l",
                  "frag": "x",
                  "id": "P395149.l00900",
                  "ref": "P395149.66.1",
                  "inst": "%akk-x-neoass:x=",
                  "f": {
                    "lang": "akk-x-neoass",
                    "form": "x"
                  }
                },
                {
                  "node": "l",
                  "frag": "(x)",
                  "id": "P395149.l00901",
                  "ref": "P395149.66.2",
                  "inst": "%akk-x-neoass:x=",
                  "f": {
                    "lang": "akk-x-neoass",
                    "form": "x"
                  }
                },
                {
                  "node": "l",
                  "frag": "x",
                  "id": "P395149.l00902",
                  "ref": "P395149.66.3",
                  "inst": "%akk-x-neoass:x=",
                  "f": {
                    "lang": "akk-x-neoass",
                    "form": "x"
                  }
                },
                {
                  "node": "l",
                  "frag": "[...]",
                  "id": "P395149.l00903",
                  "ref": "P395149.66.4",
                  "inst": "%akk-x-neoass:x=",
                  "f": {
                    "lang": "akk-x-neoass",
                    "form": "x"
                  }
                }
              ]
            }
          ]
        }
      ]
    }
  ]
}
