{
  "type": "cdl",
  "source": "http://oracc.org/cams/etana",
  "license": "This data is released under the CC0 license",
  "license-url": "https://creativecommons.org/publicdomain/zero/1.0/",
  "more-info": "http://oracc.org/doc/opendata/",
  "UTC-timestamp": "2017-06-09T23:18:54",
  "project": "cams/etana",
  "textid": "P451806",
  "cdl": [
    {
      "node": "c",
      "type": "text",
      "id": "P451806.U0",
      "cdl": [
        {
          "node": "d",
          "subtype": "obverse",
          "type": "obverse",
          "ref": "P451806.o.1",
          "label": "o"
        },
        {
          "node": "c",
          "type": "discourse",
          "subtype": "body",
          "id": "P451806.U1",
          "cdl": [
            {
              "node": "c",
              "type": "sentence",
              "id": "P451806.U2",
              "label": "o 1 - r 10'",
              "cdl": [
                {
                  "node": "d",
                  "type": "line-start",
                  "ref": "P451806.2",
                  "n": "1",
                  "label": "o 1"
                },
                {
                  "node": "l",
                  "frag": "[...]-⸢ta⸣-na",
                  "id": "P451806.l00904",
                  "ref": "P451806.2.1",
                  "inst": "%akk-x-neoass:x-ta-na=",
                  "f": {
                    "lang": "akk-x-neoass",
                    "form": "x-ta-na"
                  }
                },
                {
                  "node": "l",
                  "frag": "i-zak-⸢kar-šu₂⸣",
                  "id": "P451806.l00905",
                  "ref": "P451806.2.2",
                  "inst": "%akk-x-neoass:i-zak-kar-šu₂=",
                  "f": {
                    "lang": "akk-x-neoass",
                    "form": "i-zak-kar-šu₂"
                  }
                },
                {
                  "node": "d",
                  "type": "line-start",
                  "ref": "P451806.3",
                  "n": "2",
                  "label": "o 2"
                },
                {
                  "node": "l",
                  "frag": "[...]-⸢a⸣-am",
                  "id": "P451806.l00906",
                  "ref": "P451806.3.1",
                  "inst": "%akk-x-neoass:x-a-am=",
                  "f": {
                    "lang": "akk-x-neoass",
                    "form": "x-a-am"
                  }
                },
                {
                  "node": "l",
                  "frag": "at-ta",
                  "id": "P451806.l00907",
                  "ref": "P451806.3.2",
                  "inst": "%akk-x-neoass:at-ta=",
                  "f": {
                    "lang": "akk-x-neoass",
                    "form": "at-ta"
                  }
                },
                {
                  "node": "d",
                  "type": "line-start",
                  "ref": "P451806.4",
                  "n": "3",
                  "label": "o 3"
                },
                {
                  "node": "l",
                  "frag": "[...]",
                  "id": "P451806.l00908",
                  "ref": "P451806.4.1",
                  "inst": "%akk-x-neoass:x=",
                  "f": {
                    "lang": "akk-x-neoass",
                    "form": "x"
                  }
                },
                {
                  "node": "l",
                  "frag": "⸢TI₈⸣.MUŠEN",
                  "id": "P451806.l00909",
                  "ref": "P451806.4.2",
                  "inst": "%akk-x-neoass:TI₈.MUŠEN=",
                  "f": {
                    "lang": "akk-x-neoass",
                    "form": "TI₈.MUŠEN"
                  }
                },
                {
                  "node": "l",
                  "frag": "i-zak-kar-šu₂",
                  "id": "P451806.l0090a",
                  "ref": "P451806.4.3",
                  "inst": "%akk-x-neoass:i-zak-kar-šu₂=",
                  "f": {
                    "lang": "akk-x-neoass",
                    "form": "i-zak-kar-šu₂"
                  }
                },
                {
                  "node": "d",
                  "type": "line-start",
                  "ref": "P451806.5",
                  "n": "4",
                  "label": "o 4"
                },
                {
                  "node": "l",
                  "frag": "[...]",
                  "id": "P451806.l0090b",
                  "ref": "P451806.5.1",
                  "inst": "%akk-x-neoass:x=",
                  "f": {
                    "lang": "akk-x-neoass",
                    "form": "x"
                  }
                },
                {
                  "node": "l",
                  "frag": "⸢šam⸣-ma",
                  "id": "P451806.l0090c",
                  "ref": "P451806.5.2",
                  "inst": "%akk-x-neoass:šam-ma=",
                  "f": {
                    "lang": "akk-x-neoass",
                    "form": "šam-ma"
                  }
                },
                {
                  "node": "l",
                  "frag": "ša₂",
                  "id": "P451806.l0090d",
                  "ref": "P451806.5.3",
                  "inst": "%akk-x-neoass:ša₂=",
                  "f": {
                    "lang": "akk-x-neoass",
                    "form": "ša₂"
                  }
                },
                {
                  "node": "l",
                  "frag": "a-la-di",
                  "id": "P451806.l0090e",
                  "ref": "P451806.5.4",
                  "inst": "%akk-x-neoass:a-la-di=",
                  "f": {
                    "lang": "akk-x-neoass",
                    "form": "a-la-di"
                  }
                },
                {
                  "node": "d",
                  "type": "line-start",
                  "ref": "P451806.6",
                  "n": "5",
                  "label": "o 5"
                },
                {
                  "node": "l",
                  "frag": "[...]",
                  "id": "P451806.l0090f",
                  "ref": "P451806.6.1",
                  "inst": "%akk-x-neoass:x=",
                  "f": {
                    "lang": "akk-x-neoass",
                    "form": "x"
                  }
                },
                {
                  "node": "l",
                  "frag": "⸢šam⸣-ma",
                  "id": "P451806.l00910",
                  "ref": "P451806.6.2",
                  "inst": "%akk-x-neoass:šam-ma=",
                  "f": {
                    "lang": "akk-x-neoass",
                    "form": "šam-ma"
                  }
                },
                {
                  "node": "l",
                  "frag": "ša₂",
                  "id": "P451806.l00911",
                  "ref": "P451806.6.3",
                  "inst": "%akk-x-neoass:ša₂=",
                  "f": {
                    "lang": "akk-x-neoass",
                    "form": "ša₂"
                  }
                },
                {
                  "node": "l",
                  "frag": "a-la-di",
                  "id": "P451806.l00912",
                  "ref": "P451806.6.4",
                  "inst": "%akk-x-neoass:a-la-di=",
                  "f": {
                    "lang": "akk-x-neoass",
                    "form": "a-la-di"
                  }
                },
                {
                  "node": "d",
                  "type": "line-start",
                  "ref": "P451806.7",
                  "n": "6",
                  "label": "o 6"
                },
                {
                  "node": "l",
                  "frag": "[...]",
                  "id": "P451806.l00913",
                  "ref": "P451806.7.1",
                  "inst": "%akk-x-neoass:x=",
                  "f": {
                    "lang": "akk-x-neoass",
                    "form": "x"
                  }
                },
                {
                  "node": "l",
                  "frag": "⸢šu⸣-ma",
                  "id": "P451806.l00914",
                  "ref": "P451806.7.2",
                  "inst": "%akk-x-neoass:šu-ma=",
                  "f": {
                    "lang": "akk-x-neoass",
                    "form": "šu-ma"
                  }
                },
                {
                  "node": "l",
                  "frag": "šuk-na-an-ni",
                  "id": "P451806.l00915",
                  "ref": "P451806.7.3",
                  "inst": "%akk-x-neoass:šuk-na-an-ni=",
                  "f": {
                    "lang": "akk-x-neoass",
                    "form": "šuk-na-an-ni"
                  }
                },
                {
                  "node": "d",
                  "type": "line-start",
                  "ref": "P451806.8",
                  "n": "7",
                  "label": "o 7"
                },
                {
                  "node": "l",
                  "frag": "[...]-⸢ma⸣",
                  "id": "P451806.l00916",
                  "ref": "P451806.8.1",
                  "inst": "%akk-x-neoass:x-ma=",
                  "f": {
                    "lang": "akk-x-neoass",
                    "form": "x-ma"
                  }
                },
                {
                  "node": "l",
                  "frag": "ša₂",
                  "id": "P451806.l00917",
                  "ref": "P451806.8.2",
                  "inst": "%akk-x-neoass:ša₂=",
                  "f": {
                    "lang": "akk-x-neoass",
                    "form": "ša₂"
                  }
                },
                {
                  "node": "l",
                  "frag": "a-la-di",
                  "id": "P451806.l00918",
                  "ref": "P451806.8.3",
                  "inst": "%akk-x-neoass:a-la-di=",
                  "f": {
                    "lang": "akk-x-neoass",
                    "form": "a-la-di"
                  }
                },
                {
                  "node": "d",
                  "type": "line-start",
                  "ref": "P451806.9",
                  "n": "8",
                  "label": "o 8"
                },
                {
                  "node": "l",
                  "frag": "[...]",
                  "id": "P451806.l00919",
                  "ref": "P451806.9.1",
                  "inst": "%akk-x-neoass:x=",
                  "f": {
                    "lang": "akk-x-neoass",
                    "form": "x"
                  }
                },
                {
                  "node": "l",
                  "frag": "x",
                  "id": "P451806.l0091a",
                  "ref": "P451806.9.2",
                  "inst": "%akk-x-neoass:x=",
                  "f": {
                    "lang": "akk-x-neoass",
                    "form": "x"
                  }
                },
                {
                  "node": "l",
                  "frag": "a-ṣu-⸢u₂⸣",
                  "id": "P451806.l0091b",
                  "ref": "P451806.9.3",
                  "inst": "%akk-x-neoass:a-ṣu-u₂=",
                  "f": {
                    "lang": "akk-x-neoass",
                    "form": "a-ṣu-u₂"
                  }
                },
                {
                  "node": "d",
                  "type": "line-start",
                  "ref": "P451806.10",
                  "n": "9",
                  "label": "o 9"
                },
                {
                  "node": "l",
                  "frag": "[...]-⸢an⸣-ni",
                  "id": "P451806.l0091c",
                  "ref": "P451806.10.1",
                  "inst": "%akk-x-neoass:x-an-ni=",
                  "f": {
                    "lang": "akk-x-neoass",
                    "form": "x-an-ni"
                  }
                },
                {
                  "node": "d",
                  "type": "line-start",
                  "ref": "P451806.11",
                  "n": "10",
                  "label": "o 10"
                },
                {
                  "node": "l",
                  "frag": "[...]",
                  "id": "P451806.l0091d",
                  "ref": "P451806.11.1",
                  "inst": "%akk-x-neoass:x=",
                  "f": {
                    "lang": "akk-x-neoass",
                    "form": "x"
                  }
                },
                {
                  "node": "l",
                  "frag": "KUR-a",
                  "id": "P451806.l0091e",
                  "ref": "P451806.11.2",
                  "inst": "%akk-x-neoass:KUR-a=",
                  "f": {
                    "lang": "akk-x-neoass",
                    "form": "KUR-a"
                  }
                },
                {
                  "node": "d",
                  "type": "line-start",
                  "ref": "P451806.12",
                  "n": "11",
                  "label": "o 11"
                },
                {
                  "node": "l",
                  "frag": "[...]-⸢la-di⸣",
                  "id": "P451806.l0091f",
                  "ref": "P451806.12.1",
                  "inst": "%akk-x-neoass:x-la-di=",
                  "f": {
                    "lang": "akk-x-neoass",
                    "form": "x-la-di"
                  }
                },
                {
                  "node": "d",
                  "type": "nonx",
                  "ref": "P451806.13",
                  "strict": "0",
                  "state": "other"
                },
                {
                  "node": "d",
                  "subtype": "reverse",
                  "type": "reverse",
                  "ref": "P451806.r.14",
                  "label": "r"
                },
                {
                  "node": "d",
                  "type": "nonx",
                  "ref": "P451806.15",
                  "strict": "0",
                  "state": "other"
                },
                {
                  "node": "d",
                  "type": "line-start",
                  "ref": "P451806.16",
                  "n": "1'",
                  "label": "r 1'"
                },
                {
                  "node": "l",
                  "frag": "[...]-⸢kiš⸣",
                  "id": "P451806.l00920",
                  "ref": "P451806.16.1",
                  "inst": "%akk-x-neoass:x-kiš=",
                  "f": {
                    "lang": "akk-x-neoass",
                    "form": "x-kiš"
                  }
                },
                {
                  "node": "d",
                  "type": "nonx",
                  "ref": "P451806.17",
                  "strict": "1",
                  "extent": "n",
                  "scope": "line",
                  "state": "ruling"
                },
                {
                  "node": "d",
                  "type": "line-start",
                  "ref": "P451806.18",
                  "n": "2'",
                  "label": "r 2'"
                },
                {
                  "node": "l",
                  "frag": "[...]-⸢ZA⸣-ar",
                  "id": "P451806.l00921",
                  "ref": "P451806.18.1",
                  "inst": "%akk-x-neoass:x-ZA-ar=",
                  "f": {
                    "lang": "akk-x-neoass",
                    "form": "x-ZA-ar"
                  }
                },
                {
                  "node": "d",
                  "type": "line-start",
                  "ref": "P451806.19",
                  "n": "3'",
                  "label": "r 3'"
                },
                {
                  "node": "l",
                  "frag": "[...]-šu₂",
                  "id": "P451806.l00922",
                  "ref": "P451806.19.1",
                  "inst": "%akk-x-neoass:x-šu₂=",
                  "f": {
                    "lang": "akk-x-neoass",
                    "form": "x-šu₂"
                  }
                },
                {
                  "node": "d",
                  "type": "line-start",
                  "ref": "P451806.20",
                  "n": "4'",
                  "label": "r 4'"
                },
                {
                  "node": "l",
                  "frag": "[...].⸢KI⸣",
                  "id": "P451806.l00923",
                  "ref": "P451806.20.1",
                  "inst": "%akk-x-neoass:x.KI=",
                  "f": {
                    "lang": "akk-x-neoass",
                    "form": "x.KI"
                  }
                },
                {
                  "node": "d",
                  "type": "line-start",
                  "ref": "P451806.21",
                  "n": "5'",
                  "label": "r 5'"
                },
                {
                  "node": "l",
                  "frag": "[...]",
                  "id": "P451806.l00924",
                  "ref": "P451806.21.1",
                  "inst": "%akk-x-neoass:x=",
                  "f": {
                    "lang": "akk-x-neoass",
                    "form": "x"
                  }
                },
                {
                  "node": "l",
                  "frag": "iš-[x",
                  "id": "P451806.l00925",
                  "ref": "P451806.21.2",
                  "inst": "%akk-x-neoass:iš-x=",
                  "f": {
                    "lang": "akk-x-neoass",
                    "form": "iš-x"
                  }
                },
                {
                  "node": "l",
                  "frag": "x]-⸢uš⸣",
                  "id": "P451806.l00926",
                  "ref": "P451806.21.3",
                  "inst": "%akk-x-neoass:x-uš=",
                  "f": {
                    "lang": "akk-x-neoass",
                    "form": "x-uš"
                  }
                },
                {
                  "node": "d",
                  "type": "line-start",
                  "ref": "P451806.22",
                  "n": "6'",
                  "label": "r 6'"
                },
                {
                  "node": "l",
                  "frag": "[...]",
                  "id": "P451806.l00927",
                  "ref": "P451806.22.1",
                  "inst": "%akk-x-neoass:x=",
                  "f": {
                    "lang": "akk-x-neoass",
                    "form": "x"
                  }
                },
                {
                  "node": "l",
                  "frag": "ṭup-⸢šar⸣-[x]-⸢ti⸣",
                  "id": "P451806.l00928",
                  "ref": "P451806.22.2",
                  "inst": "%akk-x-neoass:ṭup-šar-x-ti=",
                  "f": {
                    "lang": "akk-x-neoass",
                    "form": "ṭup-šar-x-ti"
                  }
                },
                {
                  "node": "d",
                  "type": "line-start",
                  "ref": "P451806.23",
                  "n": "7'",
                  "label": "r 7'"
                },
                {
                  "node": "l",
                  "frag": "[...]-⸢tu⸣",
                  "id": "P451806.l00929",
                  "ref": "P451806.23.1",
                  "inst": "%akk-x-neoass:x-tu=",
                  "f": {
                    "lang": "akk-x-neoass",
                    "form": "x-tu"
                  }
                },
                {
                  "node": "l",
                  "frag": "ia",
                  "id": "P451806.l0092a",
                  "ref": "P451806.23.2",
                  "inst": "%akk-x-neoass:ia=",
                  "f": {
                    "lang": "akk-x-neoass",
                    "form": "ia"
                  }
                },
                {
                  "node": "l",
                  "frag": "⸢i⸣-[x]-⸢zu⸣",
                  "id": "P451806.l0092b",
                  "ref": "P451806.23.3",
                  "inst": "%akk-x-neoass:i-x-zu=",
                  "f": {
                    "lang": "akk-x-neoass",
                    "form": "i-x-zu"
                  }
                },
                {
                  "node": "d",
                  "type": "line-start",
                  "ref": "P451806.24",
                  "n": "8'",
                  "label": "r 8'"
                },
                {
                  "node": "l",
                  "frag": "[...]-⸢ki⸣",
                  "id": "P451806.l0092c",
                  "ref": "P451806.24.1",
                  "inst": "%akk-x-neoass:x-ki=",
                  "f": {
                    "lang": "akk-x-neoass",
                    "form": "x-ki"
                  }
                },
                {
                  "node": "l",
                  "frag": "ma-la",
                  "id": "P451806.l0092d",
                  "ref": "P451806.24.2",
                  "inst": "%akk-x-neoass:ma-la=",
                  "f": {
                    "lang": "akk-x-neoass",
                    "form": "ma-la"
                  }
                },
                {
                  "node": "l",
                  "frag": "ba-[x]-⸢mu⸣",
                  "id": "P451806.l0092e",
                  "ref": "P451806.24.3",
                  "inst": "%akk-x-neoass:ba-x-mu=",
                  "f": {
                    "lang": "akk-x-neoass",
                    "form": "ba-x-mu"
                  }
                },
                {
                  "node": "d",
                  "type": "line-start",
                  "ref": "P451806.25",
                  "n": "9'",
                  "label": "r 9'"
                },
                {
                  "node": "l",
                  "frag": "[...]",
                  "id": "P451806.l0092f",
                  "ref": "P451806.25.1",
                  "inst": "%akk-x-neoass:x=",
                  "f": {
                    "lang": "akk-x-neoass",
                    "form": "x"
                  }
                },
                {
                  "node": "l",
                  "frag": "ab-re-⸢e-ma⸣",
                  "id": "P451806.l00930",
                  "ref": "P451806.25.2",
                  "inst": "%akk-x-neoass:ab-re-e-ma=",
                  "f": {
                    "lang": "akk-x-neoass",
                    "form": "ab-re-e-ma"
                  }
                },
                {
                  "node": "d",
                  "type": "line-start",
                  "ref": "P451806.26",
                  "n": "10'",
                  "label": "r 10'"
                },
                {
                  "node": "l",
                  "frag": "[...]-⸢reb⸣",
                  "id": "P451806.l00931",
                  "ref": "P451806.26.1",
                  "inst": "%akk-x-neoass:x-reb=",
                  "f": {
                    "lang": "akk-x-neoass",
                    "form": "x-reb"
                  }
                },
                {
                  "node": "l",
                  "frag": "E₂.GAL-ia",
                  "id": "P451806.l00932",
                  "ref": "P451806.26.2",
                  "inst": "%akk-x-neoass:E₂.GAL-ia=",
                  "f": {
                    "lang": "akk-x-neoass",
                    "form": "E₂.GAL-ia"
                  }
                },
                {
                  "node": "l",
                  "frag": "⸢u₂-kin⸣",
                  "id": "P451806.l00933",
                  "ref": "P451806.26.3",
                  "inst": "%akk-x-neoass:u₂-kin=",
                  "f": {
                    "lang": "akk-x-neoass",
                    "form": "u₂-kin"
                  }
                }
              ]
            }
          ]
        }
      ]
    }
  ]
}
