{
  "type": "cdl",
  "source": "http://oracc.org/cams/etana",
  "license": "This data is released under the CC0 license",
  "license-url": "https://creativecommons.org/publicdomain/zero/1.0/",
  "more-info": "http://oracc.org/doc/opendata/",
  "UTC-timestamp": "2017-06-09T23:18:55",
  "project": "cams/etana",
  "textid": "P452706",
  "cdl": [
    {
      "node": "c",
      "type": "text",
      "id": "P452706.U0",
      "cdl": [
        {
          "node": "d",
          "type": "surface",
          "ref": ""
        },
        {
          "node": "d",
          "type": "nonx",
          "ref": "P452706.1",
          "strict": "0",
          "state": "other"
        },
        {
          "node": "c",
          "type": "discourse",
          "subtype": "body",
          "id": "P452706.U1",
          "cdl": [
            {
              "node": "c",
              "type": "sentence",
              "id": "P452706.U2",
              "label": "1' - 10'",
              "cdl": [
                {
                  "node": "d",
                  "type": "line-start",
                  "ref": "P452706.2",
                  "n": "1'",
                  "label": "1'"
                },
                {
                  "node": "l",
                  "frag": "[...]",
                  "id": "P452706.l00962",
                  "ref": "P452706.2.1",
                  "inst": "%akk-x-neoass:x=",
                  "f": {
                    "lang": "akk-x-neoass",
                    "form": "x"
                  }
                },
                {
                  "node": "l",
                  "frag": "{⸢d⸣}e₂-[x]",
                  "id": "P452706.l00963",
                  "ref": "P452706.2.2",
                  "inst": "%akk-x-neoass:{d}e₂-x=",
                  "f": {
                    "lang": "akk-x-neoass",
                    "form": "{d}e₂-x"
                  }
                },
                {
                  "node": "l",
                  "frag": "⸢ni⸣-ba-aʾ-⸢u₂⸣",
                  "id": "P452706.l00964",
                  "ref": "P452706.2.3",
                  "inst": "%akk-x-neoass:ni-ba-aʾ-u₂=",
                  "f": {
                    "lang": "akk-x-neoass",
                    "form": "ni-ba-aʾ-u₂"
                  }
                },
                {
                  "node": "d",
                  "type": "line-start",
                  "ref": "P452706.3",
                  "n": "2'",
                  "label": "2'"
                },
                {
                  "node": "l",
                  "frag": "[...]-⸢na⸣-ku",
                  "id": "P452706.l00965",
                  "ref": "P452706.3.1",
                  "inst": "%akk-x-neoass:x-na-ku=",
                  "f": {
                    "lang": "akk-x-neoass",
                    "form": "x-na-ku"
                  }
                },
                {
                  "node": "l",
                  "frag": "u",
                  "id": "P452706.l00966",
                  "ref": "P452706.3.2",
                  "inst": "%akk-x-neoass:u=",
                  "f": {
                    "lang": "akk-x-neoass",
                    "form": "u"
                  }
                },
                {
                  "node": "l",
                  "frag": "at-[x]",
                  "id": "P452706.l00967",
                  "ref": "P452706.3.3",
                  "inst": "%akk-x-neoass:at-x=",
                  "f": {
                    "lang": "akk-x-neoass",
                    "form": "at-x"
                  }
                },
                {
                  "node": "d",
                  "type": "line-start",
                  "ref": "P452706.4",
                  "n": "3'",
                  "label": "3'"
                },
                {
                  "node": "l",
                  "frag": "[...]",
                  "id": "P452706.l00968",
                  "ref": "P452706.4.1",
                  "inst": "%akk-x-neoass:x=",
                  "f": {
                    "lang": "akk-x-neoass",
                    "form": "x"
                  }
                },
                {
                  "node": "l",
                  "frag": "⸢u⸣",
                  "id": "P452706.l00969",
                  "ref": "P452706.4.2",
                  "inst": "%akk-x-neoass:u=",
                  "f": {
                    "lang": "akk-x-neoass",
                    "form": "u"
                  }
                },
                {
                  "node": "l",
                  "frag": "{d}⸢iš-tar⸣",
                  "id": "P452706.l0096a",
                  "ref": "P452706.4.3",
                  "inst": "%akk-x-neoass:{d}iš-tar=",
                  "f": {
                    "lang": "akk-x-neoass",
                    "form": "{d}iš-tar"
                  }
                },
                {
                  "node": "l",
                  "frag": "ni-ba-aʾ-⸢u₂⸣",
                  "id": "P452706.l0096b",
                  "ref": "P452706.4.4",
                  "inst": "%akk-x-neoass:ni-ba-aʾ-u₂=",
                  "f": {
                    "lang": "akk-x-neoass",
                    "form": "ni-ba-aʾ-u₂"
                  }
                },
                {
                  "node": "d",
                  "type": "line-start",
                  "ref": "P452706.5",
                  "n": "4'",
                  "label": "4'"
                },
                {
                  "node": "l",
                  "frag": "[...]",
                  "id": "P452706.l0096c",
                  "ref": "P452706.5.1",
                  "inst": "%akk-x-neoass:x=",
                  "f": {
                    "lang": "akk-x-neoass",
                    "form": "x"
                  }
                },
                {
                  "node": "l",
                  "frag": "a-na-ku",
                  "id": "P452706.l0096d",
                  "ref": "P452706.5.2",
                  "inst": "%akk-x-neoass:a-na-ku=",
                  "f": {
                    "lang": "akk-x-neoass",
                    "form": "a-na-ku"
                  }
                },
                {
                  "node": "l",
                  "frag": "u",
                  "id": "P452706.l0096e",
                  "ref": "P452706.5.3",
                  "inst": "%akk-x-neoass:u=",
                  "f": {
                    "lang": "akk-x-neoass",
                    "form": "u"
                  }
                },
                {
                  "node": "l",
                  "frag": "at-[x]",
                  "id": "P452706.l0096f",
                  "ref": "P452706.5.4",
                  "inst": "%akk-x-neoass:at-x=",
                  "f": {
                    "lang": "akk-x-neoass",
                    "form": "at-x"
                  }
                },
                {
                  "node": "d",
                  "type": "line-start",
                  "ref": "P452706.6",
                  "n": "5'",
                  "label": "5'"
                },
                {
                  "node": "l",
                  "frag": "[...]",
                  "id": "P452706.l00970",
                  "ref": "P452706.6.1",
                  "inst": "%akk-x-neoass:x=",
                  "f": {
                    "lang": "akk-x-neoass",
                    "form": "x"
                  }
                },
                {
                  "node": "l",
                  "frag": "NA₄.KIŠIB-[x]",
                  "id": "P452706.l00971",
                  "ref": "P452706.6.2",
                  "inst": "%akk-x-neoass:NA₄.KIŠIB-x=",
                  "f": {
                    "lang": "akk-x-neoass",
                    "form": "NA₄.KIŠIB-x"
                  }
                },
                {
                  "node": "d",
                  "type": "line-start",
                  "ref": "P452706.7",
                  "n": "6'",
                  "label": "6'"
                },
                {
                  "node": "l",
                  "frag": "[...]-⸢kip⸣-ma",
                  "id": "P452706.l00972",
                  "ref": "P452706.7.1",
                  "inst": "%akk-x-neoass:x-kip-ma=",
                  "f": {
                    "lang": "akk-x-neoass",
                    "form": "x-kip-ma"
                  }
                },
                {
                  "node": "l",
                  "frag": "e-tar-ba-aš₂-[x]",
                  "id": "P452706.l00973",
                  "ref": "P452706.7.2",
                  "inst": "%akk-x-neoass:e-tar-ba-aš₂-x=",
                  "f": {
                    "lang": "akk-x-neoass",
                    "form": "e-tar-ba-aš₂-x"
                  }
                },
                {
                  "node": "d",
                  "type": "line-start",
                  "ref": "P452706.8",
                  "n": "7'",
                  "label": "7'"
                },
                {
                  "node": "l",
                  "frag": "[...]",
                  "id": "P452706.l00974",
                  "ref": "P452706.8.1",
                  "inst": "%akk-x-neoass:x=",
                  "f": {
                    "lang": "akk-x-neoass",
                    "form": "x"
                  }
                },
                {
                  "node": "l",
                  "frag": "1-et",
                  "id": "P452706.l00975",
                  "ref": "P452706.8.2",
                  "inst": "%akk-x-neoass:1-et=",
                  "f": {
                    "lang": "akk-x-neoass",
                    "form": "1-et"
                  }
                },
                {
                  "node": "l",
                  "frag": "[...]",
                  "id": "P452706.l00976",
                  "ref": "P452706.8.3",
                  "inst": "%akk-x-neoass:x=",
                  "f": {
                    "lang": "akk-x-neoass",
                    "form": "x"
                  }
                },
                {
                  "node": "d",
                  "type": "line-start",
                  "ref": "P452706.9",
                  "n": "8'",
                  "label": "8'"
                },
                {
                  "node": "l",
                  "frag": "[...]",
                  "id": "P452706.l00977",
                  "ref": "P452706.9.1",
                  "inst": "%akk-x-neoass:x=",
                  "f": {
                    "lang": "akk-x-neoass",
                    "form": "x"
                  }
                },
                {
                  "node": "l",
                  "frag": "⸢DU₃",
                  "id": "P452706.l00978",
                  "ref": "P452706.9.2",
                  "inst": "%akk-x-neoass:DU₃=",
                  "f": {
                    "lang": "akk-x-neoass",
                    "form": "DU₃"
                  }
                },
                {
                  "node": "l",
                  "frag": "MUŠ₂⸣-[x]",
                  "id": "P452706.l00979",
                  "ref": "P452706.9.3",
                  "inst": "%akk-x-neoass:MUŠ₂-x=",
                  "f": {
                    "lang": "akk-x-neoass",
                    "form": "MUŠ₂-x"
                  }
                },
                {
                  "node": "d",
                  "type": "line-start",
                  "ref": "P452706.10",
                  "n": "9'",
                  "label": "9'"
                },
                {
                  "node": "l",
                  "frag": "[...]-⸢tar⸣",
                  "id": "P452706.l0097a",
                  "ref": "P452706.10.1",
                  "inst": "%akk-x-neoass:x-tar=",
                  "f": {
                    "lang": "akk-x-neoass",
                    "form": "x-tar"
                  }
                },
                {
                  "node": "l",
                  "frag": "šum-⸢zu⸣-[x",
                  "id": "P452706.l0097b",
                  "ref": "P452706.10.2",
                  "inst": "%akk-x-neoass:šum-zu-x=",
                  "f": {
                    "lang": "akk-x-neoass",
                    "form": "šum-zu-x"
                  }
                },
                {
                  "node": "l",
                  "frag": "x]",
                  "id": "P452706.l0097c",
                  "ref": "P452706.10.3",
                  "inst": "%akk-x-neoass:x=",
                  "f": {
                    "lang": "akk-x-neoass",
                    "form": "x"
                  }
                },
                {
                  "node": "d",
                  "type": "line-start",
                  "ref": "P452706.11",
                  "n": "10'",
                  "label": "10'"
                },
                {
                  "node": "l",
                  "frag": "[...]-⸢rab⸣-[x",
                  "id": "P452706.l0097d",
                  "ref": "P452706.11.1",
                  "inst": "%akk-x-neoass:x-rab-x=",
                  "f": {
                    "lang": "akk-x-neoass",
                    "form": "x-rab-x"
                  }
                },
                {
                  "node": "l",
                  "frag": "x]",
                  "id": "P452706.l0097e",
                  "ref": "P452706.11.2",
                  "inst": "%akk-x-neoass:x=",
                  "f": {
                    "lang": "akk-x-neoass",
                    "form": "x"
                  }
                },
                {
                  "node": "d",
                  "type": "nonx",
                  "ref": "P452706.12",
                  "strict": "0",
                  "state": "other"
                }
              ]
            }
          ]
        }
      ]
    }
  ]
}
