{
  "type": "cdl",
  "source": "http://oracc.org/rinap/sources",
  "license": "This data is released under the CC0 license",
  "license-url": "https://creativecommons.org/publicdomain/zero/1.0/",
  "more-info": "http://oracc.org/doc/opendata/",
  "UTC-timestamp": "2017-06-10T00:28:45",
  "project": "rinap/sources",
  "textid": "P394041",
  "cdl": [
    {
      "node": "c",
      "type": "text",
      "id": "P394041.U0",
      "cdl": [
        {
          "node": "d",
          "type": "object",
          "ref": ""
        },
        {
          "node": "d",
          "type": "surface",
          "ref": ""
        },
        {
          "node": "d",
          "subtype": "column 1'",
          "type": "column",
          "ref": "P394041.i_.1",
          "n": "1",
          "label": "i'"
        },
        {
          "node": "d",
          "type": "nonx",
          "ref": "P394041.2",
          "strict": "1",
          "extent": "n",
          "scope": "line",
          "state": "missing"
        },
        {
          "node": "c",
          "type": "discourse",
          "subtype": "body",
          "id": "P394041.U1",
          "cdl": [
            {
              "node": "c",
              "type": "sentence",
              "id": "P394041.U2",
              "label": "i' 1' - ii' 2'",
              "cdl": [
                {
                  "node": "d",
                  "type": "line-start",
                  "ref": "P394041.3",
                  "n": "1'",
                  "label": "i' 1'"
                },
                {
                  "node": "l",
                  "frag": "[...]-⸢is⸣",
                  "id": "P394041.l0744b",
                  "ref": "P394041.3.1",
                  "inst": "%akk:x-is=",
                  "f": {
                    "lang": "akk",
                    "form": "x-is"
                  }
                },
                {
                  "node": "d",
                  "type": "line-start",
                  "ref": "P394041.4",
                  "n": "2'",
                  "label": "i' 2'"
                },
                {
                  "node": "l",
                  "frag": "[...]",
                  "id": "P394041.l0744c",
                  "ref": "P394041.4.1",
                  "inst": "%akk:x=",
                  "f": {
                    "lang": "akk",
                    "form": "x"
                  }
                },
                {
                  "node": "l",
                  "frag": "⸢KUR",
                  "id": "P394041.l0744d",
                  "ref": "P394041.4.2",
                  "inst": "%akk:KUR=",
                  "f": {
                    "lang": "akk",
                    "form": "KUR"
                  }
                },
                {
                  "node": "l",
                  "frag": "AN.ŠAR₂⸣{ki}",
                  "id": "P394041.l0744e",
                  "ref": "P394041.4.3",
                  "inst": "%akk:AN.ŠAR₂{KI}=",
                  "f": {
                    "lang": "akk",
                    "form": "AN.ŠAR₂{KI}"
                  }
                },
                {
                  "node": "d",
                  "type": "line-start",
                  "ref": "P394041.5",
                  "n": "3'",
                  "label": "i' 3'"
                },
                {
                  "node": "l",
                  "frag": "[...]",
                  "id": "P394041.l0744f",
                  "ref": "P394041.5.1",
                  "inst": "%akk:x=",
                  "f": {
                    "lang": "akk",
                    "form": "x"
                  }
                },
                {
                  "node": "l",
                  "frag": "⸢ANŠE⸣.A.AB.BA",
                  "id": "P394041.l07450",
                  "ref": "P394041.5.2",
                  "inst": "%akk:ANŠE.A.AB.BA=",
                  "f": {
                    "lang": "akk",
                    "form": "ANŠE.A.AB.BA"
                  }
                },
                {
                  "node": "d",
                  "type": "line-start",
                  "ref": "P394041.6",
                  "n": "4'",
                  "label": "i' 4'"
                },
                {
                  "node": "l",
                  "frag": "[...]-⸢šam⸣-mu",
                  "id": "P394041.l07451",
                  "ref": "P394041.6.1",
                  "inst": "%akk:x-šam-mu=",
                  "f": {
                    "lang": "akk",
                    "form": "x-šam-mu"
                  }
                },
                {
                  "node": "l",
                  "frag": "ina",
                  "id": "P394041.l07452",
                  "ref": "P394041.6.2",
                  "inst": "%akk:ina=",
                  "f": {
                    "lang": "akk",
                    "form": "ina"
                  }
                },
                {
                  "node": "l",
                  "frag": "KA₂",
                  "id": "P394041.l07453",
                  "ref": "P394041.6.3",
                  "inst": "%akk:KA₂=",
                  "f": {
                    "lang": "akk",
                    "form": "KA₂"
                  }
                },
                {
                  "node": "l",
                  "frag": "ma-hi-ri",
                  "id": "P394041.l07454",
                  "ref": "P394041.6.4",
                  "inst": "%akk:ma-hi-ri=",
                  "f": {
                    "lang": "akk",
                    "form": "ma-hi-ri"
                  }
                },
                {
                  "node": "d",
                  "type": "line-start",
                  "ref": "P394041.7",
                  "n": "5'",
                  "label": "i' 5'"
                },
                {
                  "node": "l",
                  "frag": "[...]",
                  "id": "P394041.l07455",
                  "ref": "P394041.7.1",
                  "inst": "%akk:x=",
                  "f": {
                    "lang": "akk",
                    "form": "x"
                  }
                },
                {
                  "node": "l",
                  "frag": "LUNGA₂",
                  "id": "P394041.l07456",
                  "ref": "P394041.7.2",
                  "inst": "%akk:LUNGA₂=",
                  "f": {
                    "lang": "akk",
                    "form": "LUNGA₂"
                  }
                },
                {
                  "node": "l",
                  "frag": "ina",
                  "id": "P394041.l07457",
                  "ref": "P394041.7.3",
                  "inst": "%akk:ina=",
                  "f": {
                    "lang": "akk",
                    "form": "ina"
                  }
                },
                {
                  "node": "l",
                  "frag": "⸢ha⸣-be₂-e",
                  "id": "P394041.l07458",
                  "ref": "P394041.7.4",
                  "inst": "%akk:ha-be₂-e=",
                  "f": {
                    "lang": "akk",
                    "form": "ha-be₂-e"
                  }
                },
                {
                  "node": "d",
                  "type": "line-start",
                  "ref": "P394041.8",
                  "n": "6'",
                  "label": "i' 6'"
                },
                {
                  "node": "l",
                  "frag": "[...]-⸢ši⸣",
                  "id": "P394041.l07459",
                  "ref": "P394041.8.1",
                  "inst": "%akk:x-ši=",
                  "f": {
                    "lang": "akk",
                    "form": "x-ši"
                  }
                },
                {
                  "node": "l",
                  "frag": "ša",
                  "id": "P394041.l0745a",
                  "ref": "P394041.8.2",
                  "inst": "%akk:ša=",
                  "f": {
                    "lang": "akk",
                    "form": "ša"
                  }
                },
                {
                  "node": "l",
                  "frag": "⸢U₂.SAR⸣",
                  "id": "P394041.l0745b",
                  "ref": "P394041.8.3",
                  "inst": "%akk:U₂.SAR=",
                  "f": {
                    "lang": "akk",
                    "form": "U₂.SAR"
                  }
                },
                {
                  "node": "d",
                  "type": "line-start",
                  "ref": "P394041.9",
                  "n": "7'",
                  "label": "i' 7'"
                },
                {
                  "node": "l",
                  "frag": "[...].⸢A.AB.BA",
                  "id": "P394041.l0745c",
                  "ref": "P394041.9.1",
                  "inst": "%akk:x.A.AB.BA=",
                  "f": {
                    "lang": "akk",
                    "form": "x.A.AB.BA"
                  }
                },
                {
                  "node": "l",
                  "frag": "u⸣",
                  "id": "P394041.l0745d",
                  "ref": "P394041.9.2",
                  "inst": "%akk:u=",
                  "f": {
                    "lang": "akk",
                    "form": "u"
                  }
                },
                {
                  "node": "l",
                  "frag": "[...]",
                  "id": "P394041.l0745e",
                  "ref": "P394041.9.3",
                  "inst": "%akk:x=",
                  "f": {
                    "lang": "akk",
                    "form": "x"
                  }
                },
                {
                  "node": "d",
                  "type": "nonx",
                  "ref": "P394041.10",
                  "strict": "1",
                  "extent": "n",
                  "scope": "line",
                  "state": "missing"
                },
                {
                  "node": "d",
                  "subtype": "column 2'",
                  "type": "column",
                  "ref": "P394041.ii_.11",
                  "n": "2",
                  "label": "ii'"
                },
                {
                  "node": "d",
                  "type": "nonx",
                  "ref": "P394041.12",
                  "strict": "1",
                  "extent": "n",
                  "scope": "line",
                  "state": "missing"
                },
                {
                  "node": "d",
                  "type": "line-start",
                  "ref": "P394041.13",
                  "n": "1'",
                  "label": "ii' 1'"
                },
                {
                  "node": "l",
                  "frag": "E₂",
                  "id": "P394041.l0745f",
                  "ref": "P394041.13.1",
                  "inst": "%akk:E₂=",
                  "f": {
                    "lang": "akk",
                    "form": "E₂"
                  }
                },
                {
                  "node": "l",
                  "frag": "[...]",
                  "id": "P394041.l07460",
                  "ref": "P394041.13.2",
                  "inst": "%akk:x=",
                  "f": {
                    "lang": "akk",
                    "form": "x"
                  }
                },
                {
                  "node": "d",
                  "type": "line-start",
                  "ref": "P394041.14",
                  "n": "2'",
                  "label": "ii' 2'"
                },
                {
                  "node": "l",
                  "frag": "⸢la⸣-[...]",
                  "id": "P394041.l07461",
                  "ref": "P394041.14.1",
                  "inst": "%akk:la-x=",
                  "f": {
                    "lang": "akk",
                    "form": "la-x"
                  }
                },
                {
                  "node": "d",
                  "type": "nonx",
                  "ref": "P394041.15",
                  "strict": "1",
                  "extent": "n",
                  "scope": "line",
                  "state": "missing"
                }
              ]
            }
          ]
        }
      ]
    }
  ]
}
