{
  "type": "cdl",
  "source": "http://oracc.org/rinap/sources",
  "license": "This data is released under the CC0 license",
  "license-url": "https://creativecommons.org/publicdomain/zero/1.0/",
  "more-info": "http://oracc.org/doc/opendata/",
  "UTC-timestamp": "2017-06-10T00:28:13",
  "project": "rinap/sources",
  "textid": "P422709",
  "cdl": [
    {
      "node": "c",
      "type": "text",
      "id": "P422709.U0",
      "cdl": [
        {
          "node": "d",
          "type": "object",
          "ref": ""
        },
        {
          "node": "d",
          "type": "surface",
          "ref": ""
        },
        {
          "node": "d",
          "subtype": "column 1'",
          "type": "column",
          "ref": "P422709.i_.1",
          "n": "1",
          "label": "i'"
        },
        {
          "node": "d",
          "type": "nonx",
          "ref": "P422709.2",
          "strict": "1",
          "extent": "n",
          "scope": "line",
          "state": "missing"
        },
        {
          "node": "c",
          "type": "discourse",
          "subtype": "body",
          "id": "P422709.U1",
          "cdl": [
            {
              "node": "c",
              "type": "sentence",
              "id": "P422709.U2",
              "label": "i' 1' - ii' 14'",
              "cdl": [
                {
                  "node": "d",
                  "type": "line-start",
                  "ref": "P422709.3",
                  "n": "1'",
                  "label": "i' 1'"
                },
                {
                  "node": "l",
                  "frag": "[...]-⸢ia⸣",
                  "id": "P422709.l10bc9",
                  "ref": "P422709.3.1",
                  "inst": "%akk:x-ia=",
                  "f": {
                    "lang": "akk",
                    "form": "x-ia"
                  }
                },
                {
                  "node": "d",
                  "type": "line-start",
                  "ref": "P422709.4",
                  "n": "2'",
                  "label": "i' 2'"
                },
                {
                  "node": "l",
                  "frag": "[...]-⸢a⸣",
                  "id": "P422709.l10bca",
                  "ref": "P422709.4.1",
                  "inst": "%akk:x-a=",
                  "f": {
                    "lang": "akk",
                    "form": "x-a"
                  }
                },
                {
                  "node": "d",
                  "type": "line-start",
                  "ref": "P422709.5",
                  "n": "3'",
                  "label": "i' 3'"
                },
                {
                  "node": "l",
                  "frag": "[...].⸢MEŠ⸣-ia₂",
                  "id": "P422709.l10bcb",
                  "ref": "P422709.5.1",
                  "inst": "%akk:x.MEŠ-ia₂=",
                  "f": {
                    "lang": "akk",
                    "form": "x.MEŠ-ia₂"
                  }
                },
                {
                  "node": "d",
                  "type": "line-start",
                  "ref": "P422709.6",
                  "n": "4'",
                  "label": "i' 4'"
                },
                {
                  "node": "l",
                  "frag": "[...]-ma",
                  "id": "P422709.l10bcc",
                  "ref": "P422709.6.1",
                  "inst": "%akk:x-ma=",
                  "f": {
                    "lang": "akk",
                    "form": "x-ma"
                  }
                },
                {
                  "node": "d",
                  "type": "line-start",
                  "ref": "P422709.7",
                  "n": "5'",
                  "label": "i' 5'"
                },
                {
                  "node": "l",
                  "frag": "[...]-⸢na⸣-at",
                  "id": "P422709.l10bcd",
                  "ref": "P422709.7.1",
                  "inst": "%akk:x-na-at=",
                  "f": {
                    "lang": "akk",
                    "form": "x-na-at"
                  }
                },
                {
                  "node": "d",
                  "type": "nonx",
                  "ref": "P422709.8",
                  "strict": "1",
                  "extent": "n",
                  "scope": "line",
                  "state": "ruling"
                },
                {
                  "node": "d",
                  "type": "line-start",
                  "ref": "P422709.9",
                  "n": "6'",
                  "label": "i' 6'"
                },
                {
                  "node": "l",
                  "frag": "[...]",
                  "id": "P422709.l10bce",
                  "ref": "P422709.9.1",
                  "inst": "%akk:x=",
                  "f": {
                    "lang": "akk",
                    "form": "x"
                  }
                },
                {
                  "node": "l",
                  "frag": "⸢EN-BA⸣-ša₂",
                  "id": "P422709.l10bcf",
                  "ref": "P422709.9.2",
                  "inst": "%akk:EN-BA-ša₂=",
                  "f": {
                    "lang": "akk",
                    "form": "EN-BA-ša₂"
                  }
                },
                {
                  "node": "d",
                  "type": "line-start",
                  "ref": "P422709.10",
                  "n": "7'",
                  "label": "i' 7'"
                },
                {
                  "node": "l",
                  "frag": "[...]",
                  "id": "P422709.l10bd0",
                  "ref": "P422709.10.1",
                  "inst": "%akk:x=",
                  "f": {
                    "lang": "akk",
                    "form": "x"
                  }
                },
                {
                  "node": "l",
                  "frag": "⸢al-lik⸣",
                  "id": "P422709.l10bd1",
                  "ref": "P422709.10.2",
                  "inst": "%akk:al-lik=",
                  "f": {
                    "lang": "akk",
                    "form": "al-lik"
                  }
                },
                {
                  "node": "d",
                  "type": "line-start",
                  "ref": "P422709.11",
                  "n": "8'",
                  "label": "i' 8'"
                },
                {
                  "node": "l",
                  "frag": "[...]-⸢nu-šu₂",
                  "id": "P422709.l10bd2",
                  "ref": "P422709.11.1",
                  "inst": "%akk:x-nu-šu₂=",
                  "f": {
                    "lang": "akk",
                    "form": "x-nu-šu₂"
                  }
                },
                {
                  "node": "l",
                  "frag": "a-na",
                  "id": "P422709.l10bd3",
                  "ref": "P422709.11.2",
                  "inst": "%akk:a-na=",
                  "f": {
                    "lang": "akk",
                    "form": "a-na"
                  }
                },
                {
                  "node": "l",
                  "frag": "ni-ri-ia⸣",
                  "id": "P422709.l10bd4",
                  "ref": "P422709.11.3",
                  "inst": "%akk:ni-ri-ia=",
                  "f": {
                    "lang": "akk",
                    "form": "ni-ri-ia"
                  }
                },
                {
                  "node": "d",
                  "type": "line-start",
                  "ref": "P422709.12",
                  "n": "9'",
                  "label": "i' 9'"
                },
                {
                  "node": "l",
                  "frag": "[...]",
                  "id": "P422709.l10bd5",
                  "ref": "P422709.12.1",
                  "inst": "%akk:x=",
                  "f": {
                    "lang": "akk",
                    "form": "x"
                  }
                },
                {
                  "node": "l",
                  "frag": "⸢si-hir⸣-ti-šu₂",
                  "id": "P422709.l10bd6",
                  "ref": "P422709.12.2",
                  "inst": "%akk:si-hir-ti-šu₂=",
                  "f": {
                    "lang": "akk",
                    "form": "si-hir-ti-šu₂"
                  }
                },
                {
                  "node": "d",
                  "type": "line-start",
                  "ref": "P422709.13",
                  "n": "10'",
                  "label": "i' 10'"
                },
                {
                  "node": "l",
                  "frag": "[...]",
                  "id": "P422709.l10bd7",
                  "ref": "P422709.13.1",
                  "inst": "%akk:x=",
                  "f": {
                    "lang": "akk",
                    "form": "x"
                  }
                },
                {
                  "node": "l",
                  "frag": "⸢ak⸣-tum₃",
                  "id": "P422709.l10bd8",
                  "ref": "P422709.13.2",
                  "inst": "%akk:ak-tum₃=",
                  "f": {
                    "lang": "akk",
                    "form": "ak-tum₃"
                  }
                },
                {
                  "node": "d",
                  "type": "line-start",
                  "ref": "P422709.14",
                  "n": "11'",
                  "label": "i' 11'"
                },
                {
                  "node": "l",
                  "frag": "[...]-nu-ti-šu₂",
                  "id": "P422709.l10bd9",
                  "ref": "P422709.14.1",
                  "inst": "%akk:x-nu-ti-šu₂=",
                  "f": {
                    "lang": "akk",
                    "form": "x-nu-ti-šu₂"
                  }
                },
                {
                  "node": "d",
                  "type": "line-start",
                  "ref": "P422709.15",
                  "n": "12'",
                  "label": "i' 12'"
                },
                {
                  "node": "l",
                  "frag": "[...]-⸢šu-ud⸣",
                  "id": "P422709.l10bda",
                  "ref": "P422709.15.1",
                  "inst": "%akk:x-šu-ud=",
                  "f": {
                    "lang": "akk",
                    "form": "x-šu-ud"
                  }
                },
                {
                  "node": "d",
                  "type": "nonx",
                  "ref": "P422709.16",
                  "strict": "1",
                  "extent": "n",
                  "scope": "line",
                  "state": "missing"
                },
                {
                  "node": "d",
                  "subtype": "column 2'",
                  "type": "column",
                  "ref": "P422709.ii_.17",
                  "n": "2",
                  "label": "ii'"
                },
                {
                  "node": "d",
                  "type": "nonx",
                  "ref": "P422709.18",
                  "strict": "1",
                  "extent": "n",
                  "scope": "line",
                  "state": "missing"
                },
                {
                  "node": "d",
                  "type": "line-start",
                  "ref": "P422709.19",
                  "n": "1'",
                  "label": "ii' 1'"
                },
                {
                  "node": "l",
                  "frag": "⸢e-mu-qi⸣-[...]",
                  "id": "P422709.l10bdb",
                  "ref": "P422709.19.1",
                  "inst": "%akk:e-mu-qi-x=",
                  "f": {
                    "lang": "akk",
                    "form": "e-mu-qi-x"
                  }
                },
                {
                  "node": "d",
                  "type": "line-start",
                  "ref": "P422709.20",
                  "n": "2'",
                  "label": "ii' 2'"
                },
                {
                  "node": "l",
                  "frag": "ERIM.MEŠ",
                  "id": "P422709.l10bdc",
                  "ref": "P422709.20.1",
                  "inst": "%akk:ERIM.MEŠ=",
                  "f": {
                    "lang": "akk",
                    "form": "ERIM.MEŠ"
                  }
                },
                {
                  "node": "l",
                  "frag": "⸢ME₃⸣-[...]",
                  "id": "P422709.l10bdd",
                  "ref": "P422709.20.2",
                  "inst": "%akk:ME₃-x=",
                  "f": {
                    "lang": "akk",
                    "form": "ME₃-x"
                  }
                },
                {
                  "node": "d",
                  "type": "line-start",
                  "ref": "P422709.21",
                  "n": "3'",
                  "label": "ii' 3'"
                },
                {
                  "node": "l",
                  "frag": "it-ta-na-⸢al⸣-[...]",
                  "id": "P422709.l10bde",
                  "ref": "P422709.21.1",
                  "inst": "%akk:it-ta-na-al-x=",
                  "f": {
                    "lang": "akk",
                    "form": "it-ta-na-al-x"
                  }
                },
                {
                  "node": "d",
                  "type": "line-start",
                  "ref": "P422709.22",
                  "n": "4'",
                  "label": "ii' 4'"
                },
                {
                  "node": "l",
                  "frag": "ina",
                  "id": "P422709.l10bdf",
                  "ref": "P422709.22.1",
                  "inst": "%akk:ina=",
                  "f": {
                    "lang": "akk",
                    "form": "ina"
                  }
                },
                {
                  "node": "l",
                  "frag": "⸢la⸣",
                  "id": "P422709.l10be0",
                  "ref": "P422709.22.2",
                  "inst": "%akk:la=",
                  "f": {
                    "lang": "akk",
                    "form": "la"
                  }
                },
                {
                  "node": "l",
                  "frag": "i-de",
                  "id": "P422709.l10be1",
                  "ref": "P422709.22.3",
                  "inst": "%akk:i-de=",
                  "f": {
                    "lang": "akk",
                    "form": "i-de"
                  }
                },
                {
                  "node": "l",
                  "frag": "⸢ṣe⸣-[...]",
                  "id": "P422709.l10be2",
                  "ref": "P422709.22.4",
                  "inst": "%akk:ṣe-x=",
                  "f": {
                    "lang": "akk",
                    "form": "ṣe-x"
                  }
                },
                {
                  "node": "d",
                  "type": "line-start",
                  "ref": "P422709.23",
                  "n": "5'",
                  "label": "ii' 5'"
                },
                {
                  "node": "l",
                  "frag": "u₃",
                  "id": "P422709.l10be3",
                  "ref": "P422709.23.1",
                  "inst": "%akk:u₃=",
                  "f": {
                    "lang": "akk",
                    "form": "u₃"
                  }
                },
                {
                  "node": "l",
                  "frag": "{m}za-za-⸢az⸣",
                  "id": "P422709.l10be4",
                  "ref": "P422709.23.2",
                  "inst": "%akk:{m}za-za-az=",
                  "f": {
                    "lang": "akk",
                    "form": "{m}za-za-az"
                  }
                },
                {
                  "node": "l",
                  "frag": "[...]",
                  "id": "P422709.l10be5",
                  "ref": "P422709.23.3",
                  "inst": "%akk:x=",
                  "f": {
                    "lang": "akk",
                    "form": "x"
                  }
                },
                {
                  "node": "d",
                  "type": "line-start",
                  "ref": "P422709.24",
                  "n": "6'",
                  "label": "ii' 6'"
                },
                {
                  "node": "l",
                  "frag": "{⸢m}at-ta-me-tu",
                  "id": "P422709.l10be6",
                  "ref": "P422709.24.1",
                  "inst": "%akk:{m}at-ta-me-tu=",
                  "f": {
                    "lang": "akk",
                    "form": "{m}at-ta-me-tu"
                  }
                },
                {
                  "node": "l",
                  "frag": "{lu₂⸣}[...]",
                  "id": "P422709.l10be7",
                  "ref": "P422709.24.2",
                  "inst": "%akk:{LU₂}x=",
                  "f": {
                    "lang": "akk",
                    "form": "{LU₂}x"
                  }
                },
                {
                  "node": "d",
                  "type": "line-start",
                  "ref": "P422709.25",
                  "n": "7'",
                  "label": "ii' 7'"
                },
                {
                  "node": "l",
                  "frag": "⸢a-na",
                  "id": "P422709.l10be8",
                  "ref": "P422709.25.1",
                  "inst": "%akk:a-na=",
                  "f": {
                    "lang": "akk",
                    "form": "a-na"
                  }
                },
                {
                  "node": "l",
                  "frag": "mit⸣-hu-⸢uṣ⸣-[...]",
                  "id": "P422709.l10be9",
                  "ref": "P422709.25.2",
                  "inst": "%akk:mit-hu-uṣ-x=",
                  "f": {
                    "lang": "akk",
                    "form": "mit-hu-uṣ-x"
                  }
                },
                {
                  "node": "d",
                  "type": "line-start",
                  "ref": "P422709.26",
                  "n": "8'",
                  "label": "ii' 8'"
                },
                {
                  "node": "l",
                  "frag": "u₂-ma-ʾe-er-⸢šu₂⸣-[...]",
                  "id": "P422709.l10bea",
                  "ref": "P422709.26.1",
                  "inst": "%akk:u₂-ma-ʾe-er-šu₂-x=",
                  "f": {
                    "lang": "akk",
                    "form": "u₂-ma-ʾe-er-šu₂-x"
                  }
                },
                {
                  "node": "d",
                  "type": "line-start",
                  "ref": "P422709.27",
                  "n": "9'",
                  "label": "ii' 9'"
                },
                {
                  "node": "l",
                  "frag": "{m}um-man-i-gaš",
                  "id": "P422709.l10beb",
                  "ref": "P422709.27.1",
                  "inst": "%akk:{m}um-man-i-gaš=",
                  "f": {
                    "lang": "akk",
                    "form": "{m}um-man-i-gaš"
                  }
                },
                {
                  "node": "l",
                  "frag": "⸢a⸣-[...]",
                  "id": "P422709.l10bec",
                  "ref": "P422709.27.2",
                  "inst": "%akk:a-x=",
                  "f": {
                    "lang": "akk",
                    "form": "a-x"
                  }
                },
                {
                  "node": "d",
                  "type": "line-start",
                  "ref": "P422709.28",
                  "n": "10'",
                  "label": "ii' 10'"
                },
                {
                  "node": "l",
                  "frag": "um-ma",
                  "id": "P422709.l10bed",
                  "ref": "P422709.28.1",
                  "inst": "%akk:um-ma=",
                  "f": {
                    "lang": "akk",
                    "form": "um-ma"
                  }
                },
                {
                  "node": "l",
                  "frag": "a-⸢lik⸣",
                  "id": "P422709.l10bee",
                  "ref": "P422709.28.2",
                  "inst": "%akk:a-lik=",
                  "f": {
                    "lang": "akk",
                    "form": "a-lik"
                  }
                },
                {
                  "node": "l",
                  "frag": "[...]",
                  "id": "P422709.l10bef",
                  "ref": "P422709.28.3",
                  "inst": "%akk:x=",
                  "f": {
                    "lang": "akk",
                    "form": "x"
                  }
                },
                {
                  "node": "d",
                  "type": "line-start",
                  "ref": "P422709.29",
                  "n": "11'",
                  "label": "ii' 11'"
                },
                {
                  "node": "l",
                  "frag": "{m}un-da-⸢a⸣-[...]",
                  "id": "P422709.l10bf0",
                  "ref": "P422709.29.1",
                  "inst": "%akk:{m}un-da-a-x=",
                  "f": {
                    "lang": "akk",
                    "form": "{m}un-da-a-x"
                  }
                },
                {
                  "node": "d",
                  "type": "line-start",
                  "ref": "P422709.30",
                  "n": "12'",
                  "label": "ii' 12'"
                },
                {
                  "node": "l",
                  "frag": "⸢it-ti⸣",
                  "id": "P422709.l10bf1",
                  "ref": "P422709.30.1",
                  "inst": "%akk:it-ti=",
                  "f": {
                    "lang": "akk",
                    "form": "it-ti"
                  }
                },
                {
                  "node": "l",
                  "frag": "[...]",
                  "id": "P422709.l10bf2",
                  "ref": "P422709.30.2",
                  "inst": "%akk:x=",
                  "f": {
                    "lang": "akk",
                    "form": "x"
                  }
                },
                {
                  "node": "d",
                  "type": "line-start",
                  "ref": "P422709.31",
                  "n": "13'",
                  "label": "ii' 13'"
                },
                {
                  "node": "l",
                  "frag": "⸢ur-hu⸣",
                  "id": "P422709.l10bf3",
                  "ref": "P422709.31.1",
                  "inst": "%akk:ur-hu=",
                  "f": {
                    "lang": "akk",
                    "form": "ur-hu"
                  }
                },
                {
                  "node": "l",
                  "frag": "[...]",
                  "id": "P422709.l10bf4",
                  "ref": "P422709.31.2",
                  "inst": "%akk:x=",
                  "f": {
                    "lang": "akk",
                    "form": "x"
                  }
                },
                {
                  "node": "d",
                  "type": "line-start",
                  "ref": "P422709.32",
                  "n": "14'",
                  "label": "ii' 14'"
                },
                {
                  "node": "l",
                  "frag": "⸢ERIM.MEŠ⸣",
                  "id": "P422709.l10bf5",
                  "ref": "P422709.32.1",
                  "inst": "%akk:ERIM.MEŠ=",
                  "f": {
                    "lang": "akk",
                    "form": "ERIM.MEŠ"
                  }
                },
                {
                  "node": "l",
                  "frag": "[...]",
                  "id": "P422709.l10bf6",
                  "ref": "P422709.32.2",
                  "inst": "%akk:x=",
                  "f": {
                    "lang": "akk",
                    "form": "x"
                  }
                },
                {
                  "node": "d",
                  "type": "nonx",
                  "ref": "P422709.33",
                  "strict": "1",
                  "extent": "n",
                  "scope": "line",
                  "state": "missing"
                }
              ]
            }
          ]
        }
      ]
    }
  ]
}
