{
  "type": "cdl",
  "source": "http://oracc.org/rinap/sources",
  "license": "This data is released under the CC0 license",
  "license-url": "https://creativecommons.org/publicdomain/zero/1.0/",
  "more-info": "http://oracc.org/doc/opendata/",
  "UTC-timestamp": "2017-06-10T00:28:56",
  "project": "rinap/sources",
  "textid": "P422727",
  "cdl": [
    {
      "node": "c",
      "type": "text",
      "id": "P422727.U0",
      "cdl": [
        {
          "node": "d",
          "type": "object",
          "ref": ""
        },
        {
          "node": "d",
          "type": "surface",
          "ref": ""
        },
        {
          "node": "d",
          "subtype": "column 1",
          "type": "column",
          "ref": "P422727.i.1",
          "n": "1",
          "label": "i"
        },
        {
          "node": "d",
          "type": "nonx",
          "ref": "P422727.2",
          "strict": "1",
          "extent": "n",
          "scope": "line",
          "state": "missing"
        },
        {
          "node": "c",
          "type": "discourse",
          "subtype": "body",
          "id": "P422727.U1",
          "cdl": [
            {
              "node": "c",
              "type": "sentence",
              "id": "P422727.U2",
              "label": "i 1' - viii 23'",
              "cdl": [
                {
                  "node": "d",
                  "type": "line-start",
                  "ref": "P422727.3",
                  "n": "1'",
                  "label": "i 1'"
                },
                {
                  "node": "l",
                  "frag": "{⸢lu₂⸣}[...]",
                  "id": "P422727.l2f8b4",
                  "ref": "P422727.3.1",
                  "inst": "%akk:{LU₂}x=",
                  "f": {
                    "lang": "akk",
                    "form": "{LU₂}x"
                  }
                },
                {
                  "node": "d",
                  "type": "line-start",
                  "ref": "P422727.4",
                  "n": "2'",
                  "label": "i 2'"
                },
                {
                  "node": "l",
                  "frag": "{lu₂}⸢gib-re⸣-[...]",
                  "id": "P422727.l2f8b5",
                  "ref": "P422727.4.1",
                  "inst": "%akk:{LU₂}gib-re-x=",
                  "f": {
                    "lang": "akk",
                    "form": "{LU₂}gib-re-x"
                  }
                },
                {
                  "node": "d",
                  "type": "line-start",
                  "ref": "P422727.5",
                  "n": "3'",
                  "label": "i 3'"
                },
                {
                  "node": "l",
                  "frag": "{lu₂}u₂-bu-lu",
                  "id": "P422727.l2f8b6",
                  "ref": "P422727.5.1",
                  "inst": "%akk:{LU₂}u₂-bu-lu=",
                  "f": {
                    "lang": "akk",
                    "form": "{LU₂}u₂-bu-lu"
                  }
                },
                {
                  "node": "l",
                  "frag": "{⸢lu₂⸣}[...]",
                  "id": "P422727.l2f8b7",
                  "ref": "P422727.5.2",
                  "inst": "%akk:{LU₂}x=",
                  "f": {
                    "lang": "akk",
                    "form": "{LU₂}x"
                  }
                },
                {
                  "node": "d",
                  "type": "line-start",
                  "ref": "P422727.6",
                  "n": "4'",
                  "label": "i 4'"
                },
                {
                  "node": "l",
                  "frag": "{lu₂}hi-in-da-ru",
                  "id": "P422727.l2f8b8",
                  "ref": "P422727.6.1",
                  "inst": "%akk:{LU₂}hi-in-da-ru=",
                  "f": {
                    "lang": "akk",
                    "form": "{LU₂}hi-in-da-ru"
                  }
                },
                {
                  "node": "l",
                  "frag": "{⸢lu₂}ru⸣-[...]",
                  "id": "P422727.l2f8b9",
                  "ref": "P422727.6.2",
                  "inst": "%akk:{LU₂}ru-x=",
                  "f": {
                    "lang": "akk",
                    "form": "{LU₂}ru-x"
                  }
                },
                {
                  "node": "d",
                  "type": "line-start",
                  "ref": "P422727.7",
                  "n": "5'",
                  "label": "i 5'"
                },
                {
                  "node": "l",
                  "frag": "{lu₂}ha-am-ra-a-nu",
                  "id": "P422727.l2f8ba",
                  "ref": "P422727.7.1",
                  "inst": "%akk:{LU₂}ha-am-ra-a-nu=",
                  "f": {
                    "lang": "akk",
                    "form": "{LU₂}ha-am-ra-a-nu"
                  }
                },
                {
                  "node": "l",
                  "frag": "{lu₂}⸢ha⸣-[...]",
                  "id": "P422727.l2f8bb",
                  "ref": "P422727.7.2",
                  "inst": "%akk:{LU₂}ha-x=",
                  "f": {
                    "lang": "akk",
                    "form": "{LU₂}ha-x"
                  }
                },
                {
                  "node": "d",
                  "type": "line-start",
                  "ref": "P422727.8",
                  "n": "6'",
                  "label": "i 6'"
                },
                {
                  "node": "l",
                  "frag": "{lu₂}na-ba-tu",
                  "id": "P422727.l2f8bc",
                  "ref": "P422727.8.1",
                  "inst": "%akk:{LU₂}na-ba-tu=",
                  "f": {
                    "lang": "akk",
                    "form": "{LU₂}na-ba-tu"
                  }
                },
                {
                  "node": "l",
                  "frag": "{lu₂}li-⸢iʾ⸣-[...]",
                  "id": "P422727.l2f8bd",
                  "ref": "P422727.8.2",
                  "inst": "%akk:{LU₂}li-iʾ-x=",
                  "f": {
                    "lang": "akk",
                    "form": "{LU₂}li-iʾ-x"
                  }
                },
                {
                  "node": "d",
                  "type": "line-start",
                  "ref": "P422727.9",
                  "n": "7'",
                  "label": "i 7'"
                },
                {
                  "node": "l",
                  "frag": "{lu₂}a-ra-[x]",
                  "id": "P422727.l2f8be",
                  "ref": "P422727.9.1",
                  "inst": "%akk:{LU₂}a-ra-x=",
                  "f": {
                    "lang": "akk",
                    "form": "{LU₂}a-ra-x"
                  }
                },
                {
                  "node": "l",
                  "frag": "⸢la",
                  "id": "P422727.l2f8bf",
                  "ref": "P422727.9.2",
                  "inst": "%akk:la=",
                  "f": {
                    "lang": "akk",
                    "form": "la"
                  }
                },
                {
                  "node": "l",
                  "frag": "kan-šu⸣-te",
                  "id": "P422727.l2f8c0",
                  "ref": "P422727.9.3",
                  "inst": "%akk:kan-šu-te=",
                  "f": {
                    "lang": "akk",
                    "form": "kan-šu-te"
                  }
                },
                {
                  "node": "l",
                  "frag": "mit-ha-riš",
                  "id": "P422727.l2f8c1",
                  "ref": "P422727.9.4",
                  "inst": "%akk:mit-ha-riš=",
                  "f": {
                    "lang": "akk",
                    "form": "mit-ha-riš"
                  }
                },
                {
                  "node": "l",
                  "frag": "⸢ak⸣-[x",
                  "id": "P422727.l2f8c2",
                  "ref": "P422727.9.5",
                  "inst": "%akk:ak-x=",
                  "f": {
                    "lang": "akk",
                    "form": "ak-x"
                  }
                },
                {
                  "node": "l",
                  "frag": "(x)]",
                  "id": "P422727.l2f8c3",
                  "ref": "P422727.9.6",
                  "inst": "%akk:x=",
                  "f": {
                    "lang": "akk",
                    "form": "x"
                  }
                },
                {
                  "node": "d",
                  "type": "line-start",
                  "ref": "P422727.10",
                  "n": "8'",
                  "label": "i 8'"
                },
                {
                  "node": "l",
                  "frag": "2",
                  "id": "P422727.l2f8c4",
                  "ref": "P422727.10.1",
                  "inst": "%akk:2=",
                  "f": {
                    "lang": "akk",
                    "form": "2"
                  }
                },
                {
                  "node": "l",
                  "frag": "ME",
                  "id": "P422727.l2f8c5",
                  "ref": "P422727.10.2",
                  "inst": "%akk:ME=",
                  "f": {
                    "lang": "akk",
                    "form": "ME"
                  }
                },
                {
                  "node": "l",
                  "frag": "8",
                  "id": "P422727.l2f8c6",
                  "ref": "P422727.10.3",
                  "inst": "%akk:8=",
                  "f": {
                    "lang": "akk",
                    "form": "8"
                  }
                },
                {
                  "node": "l",
                  "frag": "⸢LIM",
                  "id": "P422727.l2f8c7",
                  "ref": "P422727.10.4",
                  "inst": "%akk:LIM=",
                  "f": {
                    "lang": "akk",
                    "form": "LIM"
                  }
                },
                {
                  "node": "l",
                  "frag": "UN⸣.MEŠ",
                  "id": "P422727.l2f8c8",
                  "ref": "P422727.10.5",
                  "inst": "%akk:UN.MEŠ=",
                  "f": {
                    "lang": "akk",
                    "form": "UN.MEŠ"
                  }
                },
                {
                  "node": "l",
                  "frag": "TUR",
                  "id": "P422727.l2f8c9",
                  "ref": "P422727.10.6",
                  "inst": "%akk:TUR=",
                  "f": {
                    "lang": "akk",
                    "form": "TUR"
                  }
                },
                {
                  "node": "l",
                  "frag": "GAL",
                  "id": "P422727.l2f8ca",
                  "ref": "P422727.10.7",
                  "inst": "%akk:GAL=",
                  "f": {
                    "lang": "akk",
                    "form": "GAL"
                  }
                },
                {
                  "node": "l",
                  "frag": "NITA",
                  "id": "P422727.l2f8cb",
                  "ref": "P422727.10.8",
                  "inst": "%akk:NITA=",
                  "f": {
                    "lang": "akk",
                    "form": "NITA"
                  }
                },
                {
                  "node": "l",
                  "frag": "u",
                  "id": "P422727.l2f8cc",
                  "ref": "P422727.10.9",
                  "inst": "%akk:u=",
                  "f": {
                    "lang": "akk",
                    "form": "u"
                  }
                },
                {
                  "node": "l",
                  "frag": "[x]",
                  "id": "P422727.l2f8cd",
                  "ref": "P422727.10.10",
                  "inst": "%akk:x=",
                  "f": {
                    "lang": "akk",
                    "form": "x"
                  }
                },
                {
                  "node": "d",
                  "type": "line-start",
                  "ref": "P422727.11",
                  "n": "9'",
                  "label": "i 9'"
                },
                {
                  "node": "l",
                  "frag": "ANŠE.KUR.⸢RA.MEŠ⸣",
                  "id": "P422727.l2f8ce",
                  "ref": "P422727.11.1",
                  "inst": "%akk:ANŠE.KUR.RA.MEŠ=",
                  "f": {
                    "lang": "akk",
                    "form": "ANŠE.KUR.RA.MEŠ"
                  }
                },
                {
                  "node": "l",
                  "frag": "ANŠE.KUNGA.MEŠ",
                  "id": "P422727.l2f8cf",
                  "ref": "P422727.11.2",
                  "inst": "%akk:ANŠE.KUNGA.MEŠ=",
                  "f": {
                    "lang": "akk",
                    "form": "ANŠE.KUNGA.MEŠ"
                  }
                },
                {
                  "node": "l",
                  "frag": "[...]",
                  "id": "P422727.l2f8d0",
                  "ref": "P422727.11.3",
                  "inst": "%akk:x=",
                  "f": {
                    "lang": "akk",
                    "form": "x"
                  }
                },
                {
                  "node": "d",
                  "type": "line-start",
                  "ref": "P422727.12",
                  "n": "10'",
                  "label": "i 10'"
                },
                {
                  "node": "l",
                  "frag": "u₃",
                  "id": "P422727.l2f8d1",
                  "ref": "P422727.12.1",
                  "inst": "%akk:u₃=",
                  "f": {
                    "lang": "akk",
                    "form": "u₃"
                  }
                },
                {
                  "node": "l",
                  "frag": "⸢US₅⸣.[...]",
                  "id": "P422727.l2f8d2",
                  "ref": "P422727.12.2",
                  "inst": "%akk:US₅.x=",
                  "f": {
                    "lang": "akk",
                    "form": "US₅.x"
                  }
                },
                {
                  "node": "l",
                  "frag": "la",
                  "id": "P422727.l2f8d3",
                  "ref": "P422727.12.3",
                  "inst": "%akk:la=",
                  "f": {
                    "lang": "akk",
                    "form": "la"
                  }
                },
                {
                  "node": "l",
                  "frag": "⸢ni-bi⸣",
                  "id": "P422727.l2f8d4",
                  "ref": "P422727.12.4",
                  "inst": "%akk:ni-bi=",
                  "f": {
                    "lang": "akk",
                    "form": "ni-bi"
                  }
                },
                {
                  "node": "l",
                  "frag": "[...]",
                  "id": "P422727.l2f8d5",
                  "ref": "P422727.12.5",
                  "inst": "%akk:x=",
                  "f": {
                    "lang": "akk",
                    "form": "x"
                  }
                },
                {
                  "node": "d",
                  "type": "line-start",
                  "ref": "P422727.13",
                  "n": "11'",
                  "label": "i 11'"
                },
                {
                  "node": "l",
                  "frag": "aš₂-⸢lu-la⸣",
                  "id": "P422727.l2f8d6",
                  "ref": "P422727.13.1",
                  "inst": "%akk:aš₂-lu-la=",
                  "f": {
                    "lang": "akk",
                    "form": "aš₂-lu-la"
                  }
                },
                {
                  "node": "l",
                  "frag": "a-⸢na",
                  "id": "P422727.l2f8d7",
                  "ref": "P422727.13.2",
                  "inst": "%akk:a-na=",
                  "f": {
                    "lang": "akk",
                    "form": "a-na"
                  }
                },
                {
                  "node": "l",
                  "frag": "qe₂-reb⸣",
                  "id": "P422727.l2f8d8",
                  "ref": "P422727.13.3",
                  "inst": "%akk:qe₂-reb=",
                  "f": {
                    "lang": "akk",
                    "form": "qe₂-reb"
                  }
                },
                {
                  "node": "l",
                  "frag": "[...]",
                  "id": "P422727.l2f8d9",
                  "ref": "P422727.13.4",
                  "inst": "%akk:x=",
                  "f": {
                    "lang": "akk",
                    "form": "x"
                  }
                },
                {
                  "node": "d",
                  "type": "line-start",
                  "ref": "P422727.14",
                  "n": "12'",
                  "label": "i 12'"
                },
                {
                  "node": "l",
                  "frag": "⸢i-na⸣",
                  "id": "P422727.l2f8da",
                  "ref": "P422727.14.1",
                  "inst": "%akk:i-na=",
                  "f": {
                    "lang": "akk",
                    "form": "i-na"
                  }
                },
                {
                  "node": "l",
                  "frag": "me-ti-iq",
                  "id": "P422727.l2f8db",
                  "ref": "P422727.14.2",
                  "inst": "%akk:me-ti-iq=",
                  "f": {
                    "lang": "akk",
                    "form": "me-ti-iq"
                  }
                },
                {
                  "node": "l",
                  "frag": "⸢ger⸣-[...]",
                  "id": "P422727.l2f8dc",
                  "ref": "P422727.14.3",
                  "inst": "%akk:ger-x=",
                  "f": {
                    "lang": "akk",
                    "form": "ger-x"
                  }
                },
                {
                  "node": "d",
                  "type": "nonx",
                  "ref": "P422727.15",
                  "strict": "1",
                  "extent": "n",
                  "scope": "line",
                  "state": "missing"
                },
                {
                  "node": "d",
                  "subtype": "column 7",
                  "type": "column",
                  "ref": "P422727.vii.16",
                  "n": "7",
                  "label": "vii"
                },
                {
                  "node": "d",
                  "type": "nonx",
                  "ref": "P422727.17",
                  "strict": "1",
                  "extent": "n",
                  "scope": "line",
                  "state": "missing"
                },
                {
                  "node": "d",
                  "type": "line-start",
                  "ref": "P422727.18",
                  "n": "1'",
                  "label": "vii 1'"
                },
                {
                  "node": "l",
                  "frag": "[...]",
                  "id": "P422727.l2f8dd",
                  "ref": "P422727.18.1",
                  "inst": "%akk:x=",
                  "f": {
                    "lang": "akk",
                    "form": "x"
                  }
                },
                {
                  "node": "l",
                  "frag": "x",
                  "id": "P422727.l2f8de",
                  "ref": "P422727.18.2",
                  "inst": "%akk:x=",
                  "f": {
                    "lang": "akk",
                    "form": "x"
                  }
                },
                {
                  "node": "l",
                  "frag": "x",
                  "id": "P422727.l2f8df",
                  "ref": "P422727.18.3",
                  "inst": "%akk:x=",
                  "f": {
                    "lang": "akk",
                    "form": "x"
                  }
                },
                {
                  "node": "d",
                  "type": "line-start",
                  "ref": "P422727.19",
                  "n": "2'",
                  "label": "vii 2'"
                },
                {
                  "node": "l",
                  "frag": "[...]",
                  "id": "P422727.l2f8e0",
                  "ref": "P422727.19.1",
                  "inst": "%akk:x=",
                  "f": {
                    "lang": "akk",
                    "form": "x"
                  }
                },
                {
                  "node": "l",
                  "frag": "⸢ṣip⸣-pa-a-ti",
                  "id": "P422727.l2f8e1",
                  "ref": "P422727.19.2",
                  "inst": "%akk:ṣip-pa-a-ti=",
                  "f": {
                    "lang": "akk",
                    "form": "ṣip-pa-a-ti"
                  }
                },
                {
                  "node": "d",
                  "type": "line-start",
                  "ref": "P422727.20",
                  "n": "3'",
                  "label": "vii 3'"
                },
                {
                  "node": "l",
                  "frag": "[...]",
                  "id": "P422727.l2f8e2",
                  "ref": "P422727.20.1",
                  "inst": "%akk:x=",
                  "f": {
                    "lang": "akk",
                    "form": "x"
                  }
                },
                {
                  "node": "l",
                  "frag": "3",
                  "id": "P422727.l2f8e3",
                  "ref": "P422727.20.2",
                  "inst": "%akk:3=",
                  "f": {
                    "lang": "akk",
                    "form": "3"
                  }
                },
                {
                  "node": "l",
                  "frag": "KA₂.GAL⸣.MEŠ",
                  "id": "P422727.l2f8e4",
                  "ref": "P422727.20.3",
                  "inst": "%akk:KA₂.GAL.MEŠ=",
                  "f": {
                    "lang": "akk",
                    "form": "KA₂.GAL.MEŠ"
                  }
                },
                {
                  "node": "l",
                  "frag": "ša",
                  "id": "P422727.l2f8e5",
                  "ref": "P422727.20.4",
                  "inst": "%akk:ša=",
                  "f": {
                    "lang": "akk",
                    "form": "ša"
                  }
                },
                {
                  "node": "l",
                  "frag": "me₂-eh-ret",
                  "id": "P422727.l2f8e6",
                  "ref": "P422727.20.5",
                  "inst": "%akk:me₂-eh-ret=",
                  "f": {
                    "lang": "akk",
                    "form": "me₂-eh-ret"
                  }
                },
                {
                  "node": "d",
                  "type": "line-start",
                  "ref": "P422727.21",
                  "n": "4'",
                  "label": "vii 4'"
                },
                {
                  "node": "l",
                  "frag": "[...]",
                  "id": "P422727.l2f8e7",
                  "ref": "P422727.21.1",
                  "inst": "%akk:x=",
                  "f": {
                    "lang": "akk",
                    "form": "x"
                  }
                },
                {
                  "node": "l",
                  "frag": "⸢at⸣-ta-bi",
                  "id": "P422727.l2f8e8",
                  "ref": "P422727.21.2",
                  "inst": "%akk:at-ta-bi=",
                  "f": {
                    "lang": "akk",
                    "form": "at-ta-bi"
                  }
                },
                {
                  "node": "l",
                  "frag": "zi-kir-ši-in",
                  "id": "P422727.l2f8e9",
                  "ref": "P422727.21.3",
                  "inst": "%akk:zi-kir-ši-in=",
                  "f": {
                    "lang": "akk",
                    "form": "zi-kir-ši-in"
                  }
                },
                {
                  "node": "d",
                  "type": "line-start",
                  "ref": "P422727.22",
                  "n": "5'",
                  "label": "vii 5'"
                },
                {
                  "node": "l",
                  "frag": "[...]-⸢ia⸣",
                  "id": "P422727.l2f8ea",
                  "ref": "P422727.22.1",
                  "inst": "%akk:x-ia=",
                  "f": {
                    "lang": "akk",
                    "form": "x-ia"
                  }
                },
                {
                  "node": "l",
                  "frag": "KA₂.GAL",
                  "id": "P422727.l2f8eb",
                  "ref": "P422727.22.2",
                  "inst": "%akk:KA₂.GAL=",
                  "f": {
                    "lang": "akk",
                    "form": "KA₂.GAL"
                  }
                },
                {
                  "node": "l",
                  "frag": "ma-as-qe₂-e",
                  "id": "P422727.l2f8ec",
                  "ref": "P422727.22.3",
                  "inst": "%akk:ma-as-qe₂-e=",
                  "f": {
                    "lang": "akk",
                    "form": "ma-as-qe₂-e"
                  }
                },
                {
                  "node": "d",
                  "type": "line-start",
                  "ref": "P422727.23",
                  "n": "6'",
                  "label": "vii 6'"
                },
                {
                  "node": "l",
                  "frag": "[...]-⸢me⸣",
                  "id": "P422727.l2f8ed",
                  "ref": "P422727.23.1",
                  "inst": "%akk:x-me=",
                  "f": {
                    "lang": "akk",
                    "form": "x-me"
                  }
                },
                {
                  "node": "l",
                  "frag": "KA₂.GAL",
                  "id": "P422727.l2f8ee",
                  "ref": "P422727.23.2",
                  "inst": "%akk:KA₂.GAL=",
                  "f": {
                    "lang": "akk",
                    "form": "KA₂.GAL"
                  }
                },
                {
                  "node": "l",
                  "frag": "ka-a-ri",
                  "id": "P422727.l2f8ef",
                  "ref": "P422727.23.3",
                  "inst": "%akk:ka-a-ri=",
                  "f": {
                    "lang": "akk",
                    "form": "ka-a-ri"
                  }
                },
                {
                  "node": "d",
                  "type": "line-start",
                  "ref": "P422727.24",
                  "n": "7'",
                  "label": "vii 7'"
                },
                {
                  "node": "l",
                  "frag": "[...]",
                  "id": "P422727.l2f8f0",
                  "ref": "P422727.24.1",
                  "inst": "%akk:x=",
                  "f": {
                    "lang": "akk",
                    "form": "x"
                  }
                },
                {
                  "node": "l",
                  "frag": "⸢E₂⸣.GAL",
                  "id": "P422727.l2f8f1",
                  "ref": "P422727.24.2",
                  "inst": "%akk:E₂.GAL=",
                  "f": {
                    "lang": "akk",
                    "form": "E₂.GAL"
                  }
                },
                {
                  "node": "l",
                  "frag": "ma-šar-ti",
                  "id": "P422727.l2f8f2",
                  "ref": "P422727.24.3",
                  "inst": "%akk:ma-šar-ti=",
                  "f": {
                    "lang": "akk",
                    "form": "ma-šar-ti"
                  }
                },
                {
                  "node": "d",
                  "type": "line-start",
                  "ref": "P422727.25",
                  "n": "8'",
                  "label": "vii 8'"
                },
                {
                  "node": "l",
                  "frag": "[...]-⸢ret⸣",
                  "id": "P422727.l2f8f3",
                  "ref": "P422727.25.1",
                  "inst": "%akk:x-ret=",
                  "f": {
                    "lang": "akk",
                    "form": "x-ret"
                  }
                },
                {
                  "node": "l",
                  "frag": "{im}a-mur-ri",
                  "id": "P422727.l2f8f4",
                  "ref": "P422727.25.2",
                  "inst": "%akk:{IM}a-mur-ri=",
                  "f": {
                    "lang": "akk",
                    "form": "{IM}a-mur-ri"
                  }
                },
                {
                  "node": "d",
                  "type": "line-start",
                  "ref": "P422727.26",
                  "n": "9'",
                  "label": "vii 9'"
                },
                {
                  "node": "l",
                  "frag": "[...]",
                  "id": "P422727.l2f8f5",
                  "ref": "P422727.26.1",
                  "inst": "%akk:x=",
                  "f": {
                    "lang": "akk",
                    "form": "x"
                  }
                },
                {
                  "node": "l",
                  "frag": "⸢šu⸣-me-šin",
                  "id": "P422727.l2f8f6",
                  "ref": "P422727.26.2",
                  "inst": "%akk:šu-me-šin=",
                  "f": {
                    "lang": "akk",
                    "form": "šu-me-šin"
                  }
                },
                {
                  "node": "d",
                  "type": "line-start",
                  "ref": "P422727.27",
                  "n": "10'",
                  "label": "vii 10'"
                },
                {
                  "node": "l",
                  "frag": "[...]-hu-luh-ha",
                  "id": "P422727.l2f8f7",
                  "ref": "P422727.27.1",
                  "inst": "%akk:x-hu-luh-ha=",
                  "f": {
                    "lang": "akk",
                    "form": "x-hu-luh-ha"
                  }
                },
                {
                  "node": "d",
                  "type": "line-start",
                  "ref": "P422727.28",
                  "n": "11'",
                  "label": "vii 11'"
                },
                {
                  "node": "l",
                  "frag": "[...]",
                  "id": "P422727.l2f8f8",
                  "ref": "P422727.28.1",
                  "inst": "%akk:x=",
                  "f": {
                    "lang": "akk",
                    "form": "x"
                  }
                },
                {
                  "node": "l",
                  "frag": "ap-te-ma",
                  "id": "P422727.l2f8f9",
                  "ref": "P422727.28.2",
                  "inst": "%akk:ap-te-ma=",
                  "f": {
                    "lang": "akk",
                    "form": "ap-te-ma"
                  }
                },
                {
                  "node": "d",
                  "type": "line-start",
                  "ref": "P422727.29",
                  "n": "12'",
                  "label": "vii 12'"
                },
                {
                  "node": "l",
                  "frag": "[...]-⸢šid⸣",
                  "id": "P422727.l2f8fa",
                  "ref": "P422727.29.1",
                  "inst": "%akk:x-šid=",
                  "f": {
                    "lang": "akk",
                    "form": "x-šid"
                  }
                },
                {
                  "node": "l",
                  "frag": "A.MEŠ",
                  "id": "P422727.l2f8fb",
                  "ref": "P422727.29.2",
                  "inst": "%akk:A.MEŠ=",
                  "f": {
                    "lang": "akk",
                    "form": "A.MEŠ"
                  }
                },
                {
                  "node": "l",
                  "frag": "nag-bi",
                  "id": "P422727.l2f8fc",
                  "ref": "P422727.29.3",
                  "inst": "%akk:nag-bi=",
                  "f": {
                    "lang": "akk",
                    "form": "nag-bi"
                  }
                },
                {
                  "node": "d",
                  "type": "line-start",
                  "ref": "P422727.30",
                  "n": "13'",
                  "label": "vii 13'"
                },
                {
                  "node": "l",
                  "frag": "[...]-⸢i⸣",
                  "id": "P422727.l2f8fd",
                  "ref": "P422727.30.1",
                  "inst": "%akk:x-i=",
                  "f": {
                    "lang": "akk",
                    "form": "x-i"
                  }
                },
                {
                  "node": "l",
                  "frag": "dan-nu",
                  "id": "P422727.l2f8fe",
                  "ref": "P422727.30.2",
                  "inst": "%akk:dan-nu=",
                  "f": {
                    "lang": "akk",
                    "form": "dan-nu"
                  }
                },
                {
                  "node": "d",
                  "type": "line-start",
                  "ref": "P422727.31",
                  "n": "14'",
                  "label": "vii 14'"
                },
                {
                  "node": "l",
                  "frag": "[...]-as₂-qi₂-šu",
                  "id": "P422727.l2f8ff",
                  "ref": "P422727.31.1",
                  "inst": "%akk:x-as₂-qi₂-šu=",
                  "f": {
                    "lang": "akk",
                    "form": "x-as₂-qi₂-šu"
                  }
                },
                {
                  "node": "d",
                  "type": "line-start",
                  "ref": "P422727.32",
                  "n": "15'",
                  "label": "vii 15'"
                },
                {
                  "node": "l",
                  "frag": "[...]",
                  "id": "P422727.l2f900",
                  "ref": "P422727.32.1",
                  "inst": "%akk:x=",
                  "f": {
                    "lang": "akk",
                    "form": "x"
                  }
                },
                {
                  "node": "l",
                  "frag": "⸢ši⸣-pir-šu₂",
                  "id": "P422727.l2f901",
                  "ref": "P422727.32.2",
                  "inst": "%akk:ši-pir-šu₂=",
                  "f": {
                    "lang": "akk",
                    "form": "ši-pir-šu₂"
                  }
                },
                {
                  "node": "d",
                  "type": "line-start",
                  "ref": "P422727.33",
                  "n": "16'",
                  "label": "vii 16'"
                },
                {
                  "node": "l",
                  "frag": "[...]",
                  "id": "P422727.l2f902",
                  "ref": "P422727.33.1",
                  "inst": "%akk:x=",
                  "f": {
                    "lang": "akk",
                    "form": "x"
                  }
                },
                {
                  "node": "l",
                  "frag": "⸢šu⸣-bat-su",
                  "id": "P422727.l2f903",
                  "ref": "P422727.33.2",
                  "inst": "%akk:šu-bat-su=",
                  "f": {
                    "lang": "akk",
                    "form": "šu-bat-su"
                  }
                },
                {
                  "node": "d",
                  "type": "line-start",
                  "ref": "P422727.34",
                  "n": "17'",
                  "label": "vii 17'"
                },
                {
                  "node": "l",
                  "frag": "[...]-⸢an-dil⸣-ma",
                  "id": "P422727.l2f904",
                  "ref": "P422727.34.1",
                  "inst": "%akk:x-an-dil-ma=",
                  "f": {
                    "lang": "akk",
                    "form": "x-an-dil-ma"
                  }
                },
                {
                  "node": "d",
                  "type": "nonx",
                  "ref": "P422727.35",
                  "strict": "1",
                  "extent": "n",
                  "scope": "line",
                  "state": "missing"
                },
                {
                  "node": "d",
                  "subtype": "column 8",
                  "type": "column",
                  "ref": "P422727.viii.36",
                  "n": "8",
                  "label": "viii"
                },
                {
                  "node": "d",
                  "type": "line-start",
                  "ref": "P422727.37",
                  "n": "1'",
                  "label": "viii 1'"
                },
                {
                  "node": "l",
                  "frag": "x",
                  "id": "P422727.l2f905",
                  "ref": "P422727.37.1",
                  "inst": "%akk:x=",
                  "f": {
                    "lang": "akk",
                    "form": "x"
                  }
                },
                {
                  "node": "l",
                  "frag": "[...]",
                  "id": "P422727.l2f906",
                  "ref": "P422727.37.2",
                  "inst": "%akk:x=",
                  "f": {
                    "lang": "akk",
                    "form": "x"
                  }
                },
                {
                  "node": "d",
                  "type": "line-start",
                  "ref": "P422727.38",
                  "n": "2'",
                  "label": "viii 2'"
                },
                {
                  "node": "l",
                  "frag": "{giš}MES.⸢MA₂.KAN⸣.[...]",
                  "id": "P422727.l2f907",
                  "ref": "P422727.38.1",
                  "inst": "%akk:{GIŠ}MES.MA₂.KAN.x=",
                  "f": {
                    "lang": "akk",
                    "form": "{GIŠ}MES.MA₂.KAN.x"
                  }
                },
                {
                  "node": "d",
                  "type": "line-start",
                  "ref": "P422727.39",
                  "n": "3'",
                  "label": "viii 3'"
                },
                {
                  "node": "l",
                  "frag": "GI",
                  "id": "P422727.l2f908",
                  "ref": "P422727.39.1",
                  "inst": "%akk:GI=",
                  "f": {
                    "lang": "akk",
                    "form": "GI"
                  }
                },
                {
                  "node": "l",
                  "frag": "AMBAR.MEŠ",
                  "id": "P422727.l2f909",
                  "ref": "P422727.39.2",
                  "inst": "%akk:AMBAR.MEŠ=",
                  "f": {
                    "lang": "akk",
                    "form": "AMBAR.MEŠ"
                  }
                },
                {
                  "node": "l",
                  "frag": "ša",
                  "id": "P422727.l2f90a",
                  "ref": "P422727.39.3",
                  "inst": "%akk:ša=",
                  "f": {
                    "lang": "akk",
                    "form": "ša"
                  }
                },
                {
                  "node": "l",
                  "frag": "qe₂-⸢reb",
                  "id": "P422727.l2f90b",
                  "ref": "P422727.39.4",
                  "inst": "%akk:qe₂-reb=",
                  "f": {
                    "lang": "akk",
                    "form": "qe₂-reb"
                  }
                },
                {
                  "node": "l",
                  "frag": "{id₂⸣}[...]",
                  "id": "P422727.l2f90c",
                  "ref": "P422727.39.5",
                  "inst": "%akk:{ID₂}x=",
                  "f": {
                    "lang": "akk",
                    "form": "{ID₂}x"
                  }
                },
                {
                  "node": "d",
                  "type": "line-start",
                  "ref": "P422727.40",
                  "n": "4'",
                  "label": "viii 4'"
                },
                {
                  "node": "l",
                  "frag": "a-na",
                  "id": "P422727.l2f90d",
                  "ref": "P422727.40.1",
                  "inst": "%akk:a-na=",
                  "f": {
                    "lang": "akk",
                    "form": "a-na"
                  }
                },
                {
                  "node": "l",
                  "frag": "šip-ri",
                  "id": "P422727.l2f90e",
                  "ref": "P422727.40.2",
                  "inst": "%akk:šip-ri=",
                  "f": {
                    "lang": "akk",
                    "form": "šip-ri"
                  }
                },
                {
                  "node": "l",
                  "frag": "hi-ših-ti",
                  "id": "P422727.l2f90f",
                  "ref": "P422727.40.3",
                  "inst": "%akk:hi-ših-ti=",
                  "f": {
                    "lang": "akk",
                    "form": "hi-ših-ti"
                  }
                },
                {
                  "node": "l",
                  "frag": "⸢E₂⸣.[...]",
                  "id": "P422727.l2f910",
                  "ref": "P422727.40.4",
                  "inst": "%akk:E₂.x=",
                  "f": {
                    "lang": "akk",
                    "form": "E₂.x"
                  }
                },
                {
                  "node": "d",
                  "type": "line-start",
                  "ref": "P422727.41",
                  "n": "5'",
                  "label": "viii 5'"
                },
                {
                  "node": "l",
                  "frag": "lu",
                  "id": "P422727.l2f911",
                  "ref": "P422727.41.1",
                  "inst": "%akk:lu=",
                  "f": {
                    "lang": "akk",
                    "form": "lu"
                  }
                },
                {
                  "node": "l",
                  "frag": "e-pu-uš",
                  "id": "P422727.l2f912",
                  "ref": "P422727.41.2",
                  "inst": "%akk:e-pu-uš=",
                  "f": {
                    "lang": "akk",
                    "form": "e-pu-uš"
                  }
                },
                {
                  "node": "l",
                  "frag": "ul-tu",
                  "id": "P422727.l2f913",
                  "ref": "P422727.41.3",
                  "inst": "%akk:ul-tu=",
                  "f": {
                    "lang": "akk",
                    "form": "ul-tu"
                  }
                },
                {
                  "node": "l",
                  "frag": "šip-ri",
                  "id": "P422727.l2f914",
                  "ref": "P422727.41.4",
                  "inst": "%akk:šip-ri=",
                  "f": {
                    "lang": "akk",
                    "form": "šip-ri"
                  }
                },
                {
                  "node": "l",
                  "frag": "⸢E₂⸣.[...]",
                  "id": "P422727.l2f915",
                  "ref": "P422727.41.5",
                  "inst": "%akk:E₂.x=",
                  "f": {
                    "lang": "akk",
                    "form": "E₂.x"
                  }
                },
                {
                  "node": "d",
                  "type": "line-start",
                  "ref": "P422727.42",
                  "n": "6'",
                  "label": "viii 6'"
                },
                {
                  "node": "l",
                  "frag": "{d}aš-šur",
                  "id": "P422727.l2f916",
                  "ref": "P422727.42.1",
                  "inst": "%akk:{d}aš-šur=",
                  "f": {
                    "lang": "akk",
                    "form": "{d}aš-šur"
                  }
                },
                {
                  "node": "l",
                  "frag": "EN",
                  "id": "P422727.l2f917",
                  "ref": "P422727.42.2",
                  "inst": "%akk:EN=",
                  "f": {
                    "lang": "akk",
                    "form": "EN"
                  }
                },
                {
                  "node": "l",
                  "frag": "GAL-u₂",
                  "id": "P422727.l2f918",
                  "ref": "P422727.42.3",
                  "inst": "%akk:GAL-u₂=",
                  "f": {
                    "lang": "akk",
                    "form": "GAL-u₂"
                  }
                },
                {
                  "node": "l",
                  "frag": "DINGIR.MEŠ",
                  "id": "P422727.l2f919",
                  "ref": "P422727.42.4",
                  "inst": "%akk:DINGIR.MEŠ=",
                  "f": {
                    "lang": "akk",
                    "form": "DINGIR.MEŠ"
                  }
                },
                {
                  "node": "l",
                  "frag": "⸢u₃⸣",
                  "id": "P422727.l2f91a",
                  "ref": "P422727.42.5",
                  "inst": "%akk:u₃=",
                  "f": {
                    "lang": "akk",
                    "form": "u₃"
                  }
                },
                {
                  "node": "l",
                  "frag": "[...]",
                  "id": "P422727.l2f91b",
                  "ref": "P422727.42.6",
                  "inst": "%akk:x=",
                  "f": {
                    "lang": "akk",
                    "form": "x"
                  }
                },
                {
                  "node": "d",
                  "type": "line-start",
                  "ref": "P422727.43",
                  "n": "7'",
                  "label": "viii 7'"
                },
                {
                  "node": "l",
                  "frag": "a-ši-bu-ut",
                  "id": "P422727.l2f91c",
                  "ref": "P422727.43.1",
                  "inst": "%akk:a-ši-bu-ut=",
                  "f": {
                    "lang": "akk",
                    "form": "a-ši-bu-ut"
                  }
                },
                {
                  "node": "l",
                  "frag": "KUR",
                  "id": "P422727.l2f91d",
                  "ref": "P422727.43.2",
                  "inst": "%akk:KUR=",
                  "f": {
                    "lang": "akk",
                    "form": "KUR"
                  }
                },
                {
                  "node": "l",
                  "frag": "aš-šur{ki}",
                  "id": "P422727.l2f91e",
                  "ref": "P422727.43.3",
                  "inst": "%akk:aš-šur{KI}=",
                  "f": {
                    "lang": "akk",
                    "form": "aš-šur{KI}"
                  }
                },
                {
                  "node": "l",
                  "frag": "ina",
                  "id": "P422727.l2f91f",
                  "ref": "P422727.43.4",
                  "inst": "%akk:ina=",
                  "f": {
                    "lang": "akk",
                    "form": "ina"
                  }
                },
                {
                  "node": "l",
                  "frag": "qer-[x",
                  "id": "P422727.l2f920",
                  "ref": "P422727.43.5",
                  "inst": "%akk:qer-x=",
                  "f": {
                    "lang": "akk",
                    "form": "qer-x"
                  }
                },
                {
                  "node": "l",
                  "frag": "x]",
                  "id": "P422727.l2f921",
                  "ref": "P422727.43.6",
                  "inst": "%akk:x=",
                  "f": {
                    "lang": "akk",
                    "form": "x"
                  }
                },
                {
                  "node": "d",
                  "type": "line-start",
                  "ref": "P422727.44",
                  "n": "8'",
                  "label": "viii 8'"
                },
                {
                  "node": "l",
                  "frag": "{udu}SISKUR.MEŠ",
                  "id": "P422727.l2f922",
                  "ref": "P422727.44.1",
                  "inst": "%akk:{UDU}SISKUR.MEŠ=",
                  "f": {
                    "lang": "akk",
                    "form": "{UDU}SISKUR.MEŠ"
                  }
                },
                {
                  "node": "l",
                  "frag": "taš-ri-ih-[...]",
                  "id": "P422727.l2f923",
                  "ref": "P422727.44.2",
                  "inst": "%akk:taš-ri-ih-x=",
                  "f": {
                    "lang": "akk",
                    "form": "taš-ri-ih-x"
                  }
                },
                {
                  "node": "d",
                  "type": "line-start",
                  "ref": "P422727.45",
                  "n": "9'",
                  "label": "viii 9'"
                },
                {
                  "node": "l",
                  "frag": "u₂-šat-lim",
                  "id": "P422727.l2f924",
                  "ref": "P422727.45.1",
                  "inst": "%akk:u₂-šat-lim=",
                  "f": {
                    "lang": "akk",
                    "form": "u₂-šat-lim"
                  }
                },
                {
                  "node": "l",
                  "frag": "kad₃-ra-a-⸢a⸣",
                  "id": "P422727.l2f925",
                  "ref": "P422727.45.2",
                  "inst": "%akk:kad₃-ra-a-a=",
                  "f": {
                    "lang": "akk",
                    "form": "kad₃-ra-a-a"
                  }
                },
                {
                  "node": "l",
                  "frag": "[...]",
                  "id": "P422727.l2f926",
                  "ref": "P422727.45.3",
                  "inst": "%akk:x=",
                  "f": {
                    "lang": "akk",
                    "form": "x"
                  }
                },
                {
                  "node": "d",
                  "type": "line-start",
                  "ref": "P422727.46",
                  "n": "10'",
                  "label": "viii 10'"
                },
                {
                  "node": "l",
                  "frag": "u₃",
                  "id": "P422727.l2f927",
                  "ref": "P422727.46.1",
                  "inst": "%akk:u₃=",
                  "f": {
                    "lang": "akk",
                    "form": "u₃"
                  }
                },
                {
                  "node": "l",
                  "frag": "hi-bi-iš-ti",
                  "id": "P422727.l2f928",
                  "ref": "P422727.46.2",
                  "inst": "%akk:hi-bi-iš-ti=",
                  "f": {
                    "lang": "akk",
                    "form": "hi-bi-iš-ti"
                  }
                },
                {
                  "node": "l",
                  "frag": "ša",
                  "id": "P422727.l2f929",
                  "ref": "P422727.46.3",
                  "inst": "%akk:ša=",
                  "f": {
                    "lang": "akk",
                    "form": "ša"
                  }
                },
                {
                  "node": "l",
                  "frag": "{⸢giš⸣}[...]",
                  "id": "P422727.l2f92a",
                  "ref": "P422727.46.4",
                  "inst": "%akk:{GIŠ}x=",
                  "f": {
                    "lang": "akk",
                    "form": "{GIŠ}x"
                  }
                },
                {
                  "node": "d",
                  "type": "line-start",
                  "ref": "P422727.47",
                  "n": "11'",
                  "label": "viii 11'"
                },
                {
                  "node": "l",
                  "frag": "u₂-raq-qa-a",
                  "id": "P422727.l2f92b",
                  "ref": "P422727.47.1",
                  "inst": "%akk:u₂-raq-qa-a=",
                  "f": {
                    "lang": "akk",
                    "form": "u₂-raq-qa-a"
                  }
                },
                {
                  "node": "l",
                  "frag": "a-⸢na⸣",
                  "id": "P422727.l2f92c",
                  "ref": "P422727.47.2",
                  "inst": "%akk:a-na=",
                  "f": {
                    "lang": "akk",
                    "form": "a-na"
                  }
                },
                {
                  "node": "l",
                  "frag": "ru-uš-ti",
                  "id": "P422727.l2f92d",
                  "ref": "P422727.47.3",
                  "inst": "%akk:ru-uš-ti=",
                  "f": {
                    "lang": "akk",
                    "form": "ru-uš-ti"
                  }
                },
                {
                  "node": "d",
                  "type": "line-start",
                  "ref": "P422727.48",
                  "n": "12'",
                  "label": "viii 12'"
                },
                {
                  "node": "l",
                  "frag": "i-na",
                  "id": "P422727.l2f92e",
                  "ref": "P422727.48.1",
                  "inst": "%akk:i-na=",
                  "f": {
                    "lang": "akk",
                    "form": "i-na"
                  }
                },
                {
                  "node": "l",
                  "frag": "taš-ri-it",
                  "id": "P422727.l2f92f",
                  "ref": "P422727.48.2",
                  "inst": "%akk:taš-ri-it=",
                  "f": {
                    "lang": "akk",
                    "form": "taš-ri-it"
                  }
                },
                {
                  "node": "l",
                  "frag": "E₂.⸢GAL",
                  "id": "P422727.l2f930",
                  "ref": "P422727.48.3",
                  "inst": "%akk:E₂.GAL=",
                  "f": {
                    "lang": "akk",
                    "form": "E₂.GAL"
                  }
                },
                {
                  "node": "l",
                  "frag": "ša⸣",
                  "id": "P422727.l2f931",
                  "ref": "P422727.48.4",
                  "inst": "%akk:ša=",
                  "f": {
                    "lang": "akk",
                    "form": "ša"
                  }
                },
                {
                  "node": "l",
                  "frag": "ba-hu-la-te",
                  "id": "P422727.l2f932",
                  "ref": "P422727.48.5",
                  "inst": "%akk:ba-hu-la-te=",
                  "f": {
                    "lang": "akk",
                    "form": "ba-hu-la-te"
                  }
                },
                {
                  "node": "l",
                  "frag": "KUR-ia",
                  "id": "P422727.l2f933",
                  "ref": "P422727.48.6",
                  "inst": "%akk:KUR-ia=",
                  "f": {
                    "lang": "akk",
                    "form": "KUR-ia"
                  }
                },
                {
                  "node": "d",
                  "type": "line-start",
                  "ref": "P422727.49",
                  "n": "13'",
                  "label": "viii 13'"
                },
                {
                  "node": "l",
                  "frag": "u₂-ša₂-aš₂-qa-⸢a⸣",
                  "id": "P422727.l2f934",
                  "ref": "P422727.49.1",
                  "inst": "%akk:u₂-ša₂-aš₂-qa-a=",
                  "f": {
                    "lang": "akk",
                    "form": "u₂-ša₂-aš₂-qa-a"
                  }
                },
                {
                  "node": "l",
                  "frag": "muh-ha-šu-un",
                  "id": "P422727.l2f935",
                  "ref": "P422727.49.2",
                  "inst": "%akk:muh-ha-šu-un=",
                  "f": {
                    "lang": "akk",
                    "form": "muh-ha-šu-un"
                  }
                },
                {
                  "node": "d",
                  "type": "line-start",
                  "ref": "P422727.50",
                  "n": "14'",
                  "label": "viii 14'"
                },
                {
                  "node": "l",
                  "frag": "GEŠTIN",
                  "id": "P422727.l2f936",
                  "ref": "P422727.50.1",
                  "inst": "%akk:GEŠTIN=",
                  "f": {
                    "lang": "akk",
                    "form": "GEŠTIN"
                  }
                },
                {
                  "node": "l",
                  "frag": "du-uš-šu-pu",
                  "id": "P422727.l2f937",
                  "ref": "P422727.50.2",
                  "inst": "%akk:du-uš-šu-pu=",
                  "f": {
                    "lang": "akk",
                    "form": "du-uš-šu-pu"
                  }
                },
                {
                  "node": "l",
                  "frag": "⸢ṣur-ra⸣-šu₂-un",
                  "id": "P422727.l2f938",
                  "ref": "P422727.50.3",
                  "inst": "%akk:ṣur-ra-šu₂-un=",
                  "f": {
                    "lang": "akk",
                    "form": "ṣur-ra-šu₂-un"
                  }
                },
                {
                  "node": "l",
                  "frag": "am-kir",
                  "id": "P422727.l2f939",
                  "ref": "P422727.50.4",
                  "inst": "%akk:am-kir=",
                  "f": {
                    "lang": "akk",
                    "form": "am-kir"
                  }
                },
                {
                  "node": "d",
                  "type": "line-start",
                  "ref": "P422727.51",
                  "n": "15'",
                  "label": "viii 15'"
                },
                {
                  "node": "l",
                  "frag": "a-na",
                  "id": "P422727.l2f93a",
                  "ref": "P422727.51.1",
                  "inst": "%akk:a-na=",
                  "f": {
                    "lang": "akk",
                    "form": "a-na"
                  }
                },
                {
                  "node": "l",
                  "frag": "ar₂-kat₃",
                  "id": "P422727.l2f93b",
                  "ref": "P422727.51.2",
                  "inst": "%akk:ar₂-kat₃=",
                  "f": {
                    "lang": "akk",
                    "form": "ar₂-kat₃"
                  }
                },
                {
                  "node": "l",
                  "frag": "UD.MEŠ",
                  "id": "P422727.l2f93c",
                  "ref": "P422727.51.3",
                  "inst": "%akk:UD.MEŠ=",
                  "f": {
                    "lang": "akk",
                    "form": "UD.MEŠ"
                  }
                },
                {
                  "node": "l",
                  "frag": "[x]",
                  "id": "P422727.l2f93d",
                  "ref": "P422727.51.4",
                  "inst": "%akk:x=",
                  "f": {
                    "lang": "akk",
                    "form": "x"
                  }
                },
                {
                  "node": "l",
                  "frag": "⸢LUGAL⸣.MEŠ-ni",
                  "id": "P422727.l2f93e",
                  "ref": "P422727.51.5",
                  "inst": "%akk:LUGAL.MEŠ-ni=",
                  "f": {
                    "lang": "akk",
                    "form": "LUGAL.MEŠ-ni"
                  }
                },
                {
                  "node": "l",
                  "frag": "DUMU.MEŠ-ia",
                  "id": "P422727.l2f93f",
                  "ref": "P422727.51.6",
                  "inst": "%akk:DUMU.MEŠ-ia=",
                  "f": {
                    "lang": "akk",
                    "form": "DUMU.MEŠ-ia"
                  }
                },
                {
                  "node": "d",
                  "type": "line-start",
                  "ref": "P422727.52",
                  "n": "16'",
                  "label": "viii 16'"
                },
                {
                  "node": "l",
                  "frag": "⸢ša",
                  "id": "P422727.l2f940",
                  "ref": "P422727.52.1",
                  "inst": "%akk:ša=",
                  "f": {
                    "lang": "akk",
                    "form": "ša"
                  }
                },
                {
                  "node": "l",
                  "frag": "{d}aš-šur",
                  "id": "P422727.l2f941",
                  "ref": "P422727.52.2",
                  "inst": "%akk:{d}aš-šur=",
                  "f": {
                    "lang": "akk",
                    "form": "{d}aš-šur"
                  }
                },
                {
                  "node": "l",
                  "frag": "a-na⸣",
                  "id": "P422727.l2f942",
                  "ref": "P422727.52.3",
                  "inst": "%akk:a-na=",
                  "f": {
                    "lang": "akk",
                    "form": "a-na"
                  }
                },
                {
                  "node": "l",
                  "frag": "[x",
                  "id": "P422727.l2f943",
                  "ref": "P422727.52.4",
                  "inst": "%akk:x=",
                  "f": {
                    "lang": "akk",
                    "form": "x"
                  }
                },
                {
                  "node": "l",
                  "frag": "x].⸢UM⸣-ut",
                  "id": "P422727.l2f944",
                  "ref": "P422727.52.5",
                  "inst": "%akk:x.UM-ut=",
                  "f": {
                    "lang": "akk",
                    "form": "x.UM-ut"
                  }
                },
                {
                  "node": "d",
                  "type": "nonw",
                  "ref": ""
                },
                {
                  "node": "l",
                  "frag": "KUR",
                  "id": "P422727.l2f945",
                  "ref": "P422727.52.6",
                  "inst": "%akk:KUR=",
                  "f": {
                    "lang": "akk",
                    "form": "KUR"
                  }
                },
                {
                  "node": "d",
                  "type": "line-start",
                  "ref": "P422727.53",
                  "n": "17'",
                  "label": "viii 17'"
                },
                {
                  "node": "l",
                  "frag": "[...]-⸢u₂⸣",
                  "id": "P422727.l2f946",
                  "ref": "P422727.53.1",
                  "inst": "%akk:x-u₂=",
                  "f": {
                    "lang": "akk",
                    "form": "x-u₂"
                  }
                },
                {
                  "node": "l",
                  "frag": "zi-kir-šu",
                  "id": "P422727.l2f947",
                  "ref": "P422727.53.2",
                  "inst": "%akk:zi-kir-šu=",
                  "f": {
                    "lang": "akk",
                    "form": "zi-kir-šu"
                  }
                },
                {
                  "node": "d",
                  "type": "line-start",
                  "ref": "P422727.54",
                  "n": "18'",
                  "label": "viii 18'"
                },
                {
                  "node": "l",
                  "frag": "[...]-a-⸢tu⸣",
                  "id": "P422727.l2f948",
                  "ref": "P422727.54.1",
                  "inst": "%akk:x-a-tu=",
                  "f": {
                    "lang": "akk",
                    "form": "x-a-tu"
                  }
                },
                {
                  "node": "l",
                  "frag": "i-lab-bi-ru-ma",
                  "id": "P422727.l2f949",
                  "ref": "P422727.54.2",
                  "inst": "%akk:i-lab-bi-ru-ma=",
                  "f": {
                    "lang": "akk",
                    "form": "i-lab-bi-ru-ma"
                  }
                },
                {
                  "node": "d",
                  "type": "line-start",
                  "ref": "P422727.55",
                  "n": "19'",
                  "label": "viii 19'"
                },
                {
                  "node": "l",
                  "frag": "[...]-hu-⸢us⸣-su",
                  "id": "P422727.l2f94a",
                  "ref": "P422727.55.1",
                  "inst": "%akk:x-hu-us-su=",
                  "f": {
                    "lang": "akk",
                    "form": "x-hu-us-su"
                  }
                },
                {
                  "node": "l",
                  "frag": "lu-ud-diš",
                  "id": "P422727.l2f94b",
                  "ref": "P422727.55.2",
                  "inst": "%akk:lu-ud-diš=",
                  "f": {
                    "lang": "akk",
                    "form": "lu-ud-diš"
                  }
                },
                {
                  "node": "d",
                  "type": "line-start",
                  "ref": "P422727.56",
                  "n": "20'",
                  "label": "viii 20'"
                },
                {
                  "node": "l",
                  "frag": "[...]",
                  "id": "P422727.l2f94c",
                  "ref": "P422727.56.1",
                  "inst": "%akk:x=",
                  "f": {
                    "lang": "akk",
                    "form": "x"
                  }
                },
                {
                  "node": "l",
                  "frag": "⸢ši-ṭir⸣",
                  "id": "P422727.l2f94d",
                  "ref": "P422727.56.2",
                  "inst": "%akk:ši-ṭir=",
                  "f": {
                    "lang": "akk",
                    "form": "ši-ṭir"
                  }
                },
                {
                  "node": "l",
                  "frag": "šu-me-ia",
                  "id": "P422727.l2f94e",
                  "ref": "P422727.56.3",
                  "inst": "%akk:šu-me-ia=",
                  "f": {
                    "lang": "akk",
                    "form": "šu-me-ia"
                  }
                },
                {
                  "node": "d",
                  "type": "line-start",
                  "ref": "P422727.57",
                  "n": "21'",
                  "label": "viii 21'"
                },
                {
                  "node": "l",
                  "frag": "[...]",
                  "id": "P422727.l2f94f",
                  "ref": "P422727.57.1",
                  "inst": "%akk:x=",
                  "f": {
                    "lang": "akk",
                    "form": "x"
                  }
                },
                {
                  "node": "l",
                  "frag": "⸢I₃⸣.GIŠ",
                  "id": "P422727.l2f950",
                  "ref": "P422727.57.2",
                  "inst": "%akk:I₃.GIŠ=",
                  "f": {
                    "lang": "akk",
                    "form": "I₃.GIŠ"
                  }
                },
                {
                  "node": "l",
                  "frag": "lip-šu-uš",
                  "id": "P422727.l2f951",
                  "ref": "P422727.57.3",
                  "inst": "%akk:lip-šu-uš=",
                  "f": {
                    "lang": "akk",
                    "form": "lip-šu-uš"
                  }
                },
                {
                  "node": "d",
                  "type": "line-start",
                  "ref": "P422727.58",
                  "n": "22'",
                  "label": "viii 22'"
                },
                {
                  "node": "l",
                  "frag": "[...]-⸢na⸣",
                  "id": "P422727.l2f952",
                  "ref": "P422727.58.1",
                  "inst": "%akk:x-na=",
                  "f": {
                    "lang": "akk",
                    "form": "x-na"
                  }
                },
                {
                  "node": "l",
                  "frag": "aš₂-ri-šu₂",
                  "id": "P422727.l2f953",
                  "ref": "P422727.58.2",
                  "inst": "%akk:aš₂-ri-šu₂=",
                  "f": {
                    "lang": "akk",
                    "form": "aš₂-ri-šu₂"
                  }
                },
                {
                  "node": "l",
                  "frag": "lu-⸢ter⸣",
                  "id": "P422727.l2f954",
                  "ref": "P422727.58.3",
                  "inst": "%akk:lu-ter=",
                  "f": {
                    "lang": "akk",
                    "form": "lu-ter"
                  }
                },
                {
                  "node": "d",
                  "type": "line-start",
                  "ref": "P422727.59",
                  "n": "23'",
                  "label": "viii 23'"
                },
                {
                  "node": "l",
                  "frag": "[...]",
                  "id": "P422727.l2f955",
                  "ref": "P422727.59.1",
                  "inst": "%akk:x=",
                  "f": {
                    "lang": "akk",
                    "form": "x"
                  }
                },
                {
                  "node": "l",
                  "frag": "⸢ik-ri⸣-bi-šu₂",
                  "id": "P422727.l2f956",
                  "ref": "P422727.59.2",
                  "inst": "%akk:ik-ri-bi-šu₂=",
                  "f": {
                    "lang": "akk",
                    "form": "ik-ri-bi-šu₂"
                  }
                },
                {
                  "node": "l",
                  "frag": "i-šem-mu-[x]",
                  "id": "P422727.l2f957",
                  "ref": "P422727.59.3",
                  "inst": "%akk:i-šem-mu-x=",
                  "f": {
                    "lang": "akk",
                    "form": "i-šem-mu-x"
                  }
                },
                {
                  "node": "d",
                  "type": "nonx",
                  "ref": "P422727.60",
                  "strict": "1",
                  "extent": "n",
                  "scope": "line",
                  "state": "missing"
                }
              ]
            }
          ]
        }
      ]
    }
  ]
}
