{
  "type": "cdl",
  "source": "http://oracc.org/rinap/sources",
  "license": "This data is released under the CC0 license",
  "license-url": "https://creativecommons.org/publicdomain/zero/1.0/",
  "more-info": "http://oracc.org/doc/opendata/",
  "UTC-timestamp": "2017-06-10T00:28:34",
  "project": "rinap/sources",
  "textid": "P423241",
  "cdl": [
    {
      "node": "c",
      "type": "text",
      "id": "P423241.U0",
      "cdl": [
        {
          "node": "d",
          "type": "object",
          "ref": ""
        },
        {
          "node": "d",
          "type": "surface",
          "ref": ""
        },
        {
          "node": "d",
          "type": "nonx",
          "ref": "P423241.1",
          "strict": "1",
          "extent": "n",
          "scope": "line",
          "state": "missing"
        },
        {
          "node": "c",
          "type": "discourse",
          "subtype": "body",
          "id": "P423241.U1",
          "cdl": [
            {
              "node": "c",
              "type": "sentence",
              "id": "P423241.U2",
              "label": "1' - 17'",
              "cdl": [
                {
                  "node": "d",
                  "type": "line-start",
                  "ref": "P423241.2",
                  "n": "1'",
                  "label": "1'"
                },
                {
                  "node": "l",
                  "frag": "[...]",
                  "id": "P423241.l2e64f",
                  "ref": "P423241.2.1",
                  "inst": "%akk:x=",
                  "f": {
                    "lang": "akk",
                    "form": "x"
                  }
                },
                {
                  "node": "d",
                  "type": "nonw",
                  "ref": ""
                },
                {
                  "node": "l",
                  "frag": "[...]",
                  "id": "P423241.l2e650",
                  "ref": "P423241.2.2",
                  "inst": "%akk:x=",
                  "f": {
                    "lang": "akk",
                    "form": "x"
                  }
                },
                {
                  "node": "d",
                  "type": "line-start",
                  "ref": "P423241.3",
                  "n": "2'",
                  "label": "2'"
                },
                {
                  "node": "l",
                  "frag": "[...]",
                  "id": "P423241.l2e651",
                  "ref": "P423241.3.1",
                  "inst": "%akk:x=",
                  "f": {
                    "lang": "akk",
                    "form": "x"
                  }
                },
                {
                  "node": "d",
                  "type": "nonw",
                  "ref": ""
                },
                {
                  "node": "l",
                  "frag": "[...]",
                  "id": "P423241.l2e652",
                  "ref": "P423241.3.2",
                  "inst": "%akk:x=",
                  "f": {
                    "lang": "akk",
                    "form": "x"
                  }
                },
                {
                  "node": "d",
                  "type": "line-start",
                  "ref": "P423241.4",
                  "n": "3'",
                  "label": "3'"
                },
                {
                  "node": "l",
                  "frag": "[...]",
                  "id": "P423241.l2e653",
                  "ref": "P423241.4.1",
                  "inst": "%akk:x=",
                  "f": {
                    "lang": "akk",
                    "form": "x"
                  }
                },
                {
                  "node": "d",
                  "type": "nonw",
                  "ref": ""
                },
                {
                  "node": "l",
                  "frag": "[...]",
                  "id": "P423241.l2e654",
                  "ref": "P423241.4.2",
                  "inst": "%akk:x=",
                  "f": {
                    "lang": "akk",
                    "form": "x"
                  }
                },
                {
                  "node": "d",
                  "type": "line-start",
                  "ref": "P423241.5",
                  "n": "4'",
                  "label": "4'"
                },
                {
                  "node": "l",
                  "frag": "[...]",
                  "id": "P423241.l2e655",
                  "ref": "P423241.5.1",
                  "inst": "%akk:x=",
                  "f": {
                    "lang": "akk",
                    "form": "x"
                  }
                },
                {
                  "node": "d",
                  "type": "nonw",
                  "ref": ""
                },
                {
                  "node": "l",
                  "frag": "[...]",
                  "id": "P423241.l2e656",
                  "ref": "P423241.5.2",
                  "inst": "%akk:x=",
                  "f": {
                    "lang": "akk",
                    "form": "x"
                  }
                },
                {
                  "node": "d",
                  "type": "line-start",
                  "ref": "P423241.6",
                  "n": "5'",
                  "label": "5'"
                },
                {
                  "node": "l",
                  "frag": "[...]",
                  "id": "P423241.l2e657",
                  "ref": "P423241.6.1",
                  "inst": "%akk:x=",
                  "f": {
                    "lang": "akk",
                    "form": "x"
                  }
                },
                {
                  "node": "d",
                  "type": "nonw",
                  "ref": ""
                },
                {
                  "node": "l",
                  "frag": "[...]",
                  "id": "P423241.l2e658",
                  "ref": "P423241.6.2",
                  "inst": "%akk:x=",
                  "f": {
                    "lang": "akk",
                    "form": "x"
                  }
                },
                {
                  "node": "d",
                  "type": "line-start",
                  "ref": "P423241.7",
                  "n": "6'",
                  "label": "6'"
                },
                {
                  "node": "l",
                  "frag": "[...]",
                  "id": "P423241.l2e659",
                  "ref": "P423241.7.1",
                  "inst": "%akk:x=",
                  "f": {
                    "lang": "akk",
                    "form": "x"
                  }
                },
                {
                  "node": "d",
                  "type": "nonw",
                  "ref": ""
                },
                {
                  "node": "l",
                  "frag": "[...]",
                  "id": "P423241.l2e65a",
                  "ref": "P423241.7.2",
                  "inst": "%akk:x=",
                  "f": {
                    "lang": "akk",
                    "form": "x"
                  }
                },
                {
                  "node": "d",
                  "type": "line-start",
                  "ref": "P423241.8",
                  "n": "7'",
                  "label": "7'"
                },
                {
                  "node": "l",
                  "frag": "[...]",
                  "id": "P423241.l2e65b",
                  "ref": "P423241.8.1",
                  "inst": "%akk:x=",
                  "f": {
                    "lang": "akk",
                    "form": "x"
                  }
                },
                {
                  "node": "d",
                  "type": "nonw",
                  "ref": ""
                },
                {
                  "node": "l",
                  "frag": "[...]",
                  "id": "P423241.l2e65c",
                  "ref": "P423241.8.2",
                  "inst": "%akk:x=",
                  "f": {
                    "lang": "akk",
                    "form": "x"
                  }
                },
                {
                  "node": "d",
                  "type": "line-start",
                  "ref": "P423241.9",
                  "n": "8'",
                  "label": "8'"
                },
                {
                  "node": "l",
                  "frag": "[...]",
                  "id": "P423241.l2e65d",
                  "ref": "P423241.9.1",
                  "inst": "%akk:x=",
                  "f": {
                    "lang": "akk",
                    "form": "x"
                  }
                },
                {
                  "node": "d",
                  "type": "nonw",
                  "ref": ""
                },
                {
                  "node": "l",
                  "frag": "[...]",
                  "id": "P423241.l2e65e",
                  "ref": "P423241.9.2",
                  "inst": "%akk:x=",
                  "f": {
                    "lang": "akk",
                    "form": "x"
                  }
                },
                {
                  "node": "d",
                  "type": "line-start",
                  "ref": "P423241.10",
                  "n": "9'",
                  "label": "9'"
                },
                {
                  "node": "l",
                  "frag": "[...]",
                  "id": "P423241.l2e65f",
                  "ref": "P423241.10.1",
                  "inst": "%akk:x=",
                  "f": {
                    "lang": "akk",
                    "form": "x"
                  }
                },
                {
                  "node": "d",
                  "type": "nonw",
                  "ref": ""
                },
                {
                  "node": "l",
                  "frag": "[...]",
                  "id": "P423241.l2e660",
                  "ref": "P423241.10.2",
                  "inst": "%akk:x=",
                  "f": {
                    "lang": "akk",
                    "form": "x"
                  }
                },
                {
                  "node": "d",
                  "type": "line-start",
                  "ref": "P423241.11",
                  "n": "10'",
                  "label": "10'"
                },
                {
                  "node": "l",
                  "frag": "[x]-⸢šu₂",
                  "id": "P423241.l2e661",
                  "ref": "P423241.11.1",
                  "inst": "%akk:x-šu₂=",
                  "f": {
                    "lang": "akk",
                    "form": "x-šu₂"
                  }
                },
                {
                  "node": "l",
                  "frag": "za-qa-ap⸣",
                  "id": "P423241.l2e662",
                  "ref": "P423241.11.2",
                  "inst": "%akk:za-qa-ap=",
                  "f": {
                    "lang": "akk",
                    "form": "za-qa-ap"
                  }
                },
                {
                  "node": "l",
                  "frag": "[...]",
                  "id": "P423241.l2e663",
                  "ref": "P423241.11.3",
                  "inst": "%akk:x=",
                  "f": {
                    "lang": "akk",
                    "form": "x"
                  }
                },
                {
                  "node": "d",
                  "type": "line-start",
                  "ref": "P423241.12",
                  "n": "11'",
                  "label": "11'"
                },
                {
                  "node": "l",
                  "frag": "[x]-⸢na",
                  "id": "P423241.l2e664",
                  "ref": "P423241.12.1",
                  "inst": "%akk:x-na=",
                  "f": {
                    "lang": "akk",
                    "form": "x-na"
                  }
                },
                {
                  "node": "l",
                  "frag": "miṭ-ra⸣-[...]-⸢mu-hi",
                  "id": "P423241.l2e665",
                  "ref": "P423241.12.2",
                  "inst": "%akk:miṭ-ra-x-mu-hi=",
                  "f": {
                    "lang": "akk",
                    "form": "miṭ-ra-x-mu-hi"
                  }
                },
                {
                  "node": "l",
                  "frag": "ul⸣-[...]",
                  "id": "P423241.l2e666",
                  "ref": "P423241.12.3",
                  "inst": "%akk:ul-x=",
                  "f": {
                    "lang": "akk",
                    "form": "ul-x"
                  }
                },
                {
                  "node": "d",
                  "type": "line-start",
                  "ref": "P423241.13",
                  "n": "12'",
                  "label": "12'"
                },
                {
                  "node": "l",
                  "frag": "[x",
                  "id": "P423241.l2e667",
                  "ref": "P423241.13.1",
                  "inst": "%akk:x=",
                  "f": {
                    "lang": "akk",
                    "form": "x"
                  }
                },
                {
                  "node": "l",
                  "frag": "x]",
                  "id": "P423241.l2e668",
                  "ref": "P423241.13.2",
                  "inst": "%akk:x=",
                  "f": {
                    "lang": "akk",
                    "form": "x"
                  }
                },
                {
                  "node": "l",
                  "frag": "⸢KASKAL.GID₂",
                  "id": "P423241.l2e669",
                  "ref": "P423241.13.3",
                  "inst": "%akk:KASKAL.GID₂=",
                  "f": {
                    "lang": "akk",
                    "form": "KASKAL.GID₂"
                  }
                },
                {
                  "node": "l",
                  "frag": "qaq⸣-qa-ru",
                  "id": "P423241.l2e66a",
                  "ref": "P423241.13.4",
                  "inst": "%akk:qaq-qa-ru=",
                  "f": {
                    "lang": "akk",
                    "form": "qaq-qa-ru"
                  }
                },
                {
                  "node": "l",
                  "frag": "ul-⸢tu⸣",
                  "id": "P423241.l2e66b",
                  "ref": "P423241.13.5",
                  "inst": "%akk:ul-tu=",
                  "f": {
                    "lang": "akk",
                    "form": "ul-tu"
                  }
                },
                {
                  "node": "l",
                  "frag": "[...]",
                  "id": "P423241.l2e66c",
                  "ref": "P423241.13.6",
                  "inst": "%akk:x=",
                  "f": {
                    "lang": "akk",
                    "form": "x"
                  }
                },
                {
                  "node": "d",
                  "type": "line-start",
                  "ref": "P423241.14",
                  "n": "13'",
                  "label": "13'"
                },
                {
                  "node": "l",
                  "frag": "[x]",
                  "id": "P423241.l2e66d",
                  "ref": "P423241.14.1",
                  "inst": "%akk:x=",
                  "f": {
                    "lang": "akk",
                    "form": "x"
                  }
                },
                {
                  "node": "l",
                  "frag": "⸢NINA⸣{ki}",
                  "id": "P423241.l2e66e",
                  "ref": "P423241.14.2",
                  "inst": "%akk:NINA{KI}=",
                  "f": {
                    "lang": "akk",
                    "form": "NINA{KI}"
                  }
                },
                {
                  "node": "l",
                  "frag": "URU",
                  "id": "P423241.l2e66f",
                  "ref": "P423241.14.3",
                  "inst": "%akk:URU=",
                  "f": {
                    "lang": "akk",
                    "form": "URU"
                  }
                },
                {
                  "node": "l",
                  "frag": "be-lu-ti-⸢ia⸣",
                  "id": "P423241.l2e670",
                  "ref": "P423241.14.4",
                  "inst": "%akk:be-lu-ti-ia=",
                  "f": {
                    "lang": "akk",
                    "form": "be-lu-ti-ia"
                  }
                },
                {
                  "node": "l",
                  "frag": "[...]",
                  "id": "P423241.l2e671",
                  "ref": "P423241.14.5",
                  "inst": "%akk:x=",
                  "f": {
                    "lang": "akk",
                    "form": "x"
                  }
                },
                {
                  "node": "d",
                  "type": "line-start",
                  "ref": "P423241.15",
                  "n": "14'",
                  "label": "14'"
                },
                {
                  "node": "l",
                  "frag": "[x]-na",
                  "id": "P423241.l2e672",
                  "ref": "P423241.15.1",
                  "inst": "%akk:x-na=",
                  "f": {
                    "lang": "akk",
                    "form": "x-na"
                  }
                },
                {
                  "node": "l",
                  "frag": "me₂-eh-⸢ret⸣",
                  "id": "P423241.l2e673",
                  "ref": "P423241.15.2",
                  "inst": "%akk:me₂-eh-ret=",
                  "f": {
                    "lang": "akk",
                    "form": "me₂-eh-ret"
                  }
                },
                {
                  "node": "l",
                  "frag": "[...]",
                  "id": "P423241.l2e674",
                  "ref": "P423241.15.3",
                  "inst": "%akk:x=",
                  "f": {
                    "lang": "akk",
                    "form": "x"
                  }
                },
                {
                  "node": "d",
                  "type": "line-start",
                  "ref": "P423241.16",
                  "n": "15'",
                  "label": "15'"
                },
                {
                  "node": "l",
                  "frag": "[...]",
                  "id": "P423241.l2e675",
                  "ref": "P423241.16.1",
                  "inst": "%akk:x=",
                  "f": {
                    "lang": "akk",
                    "form": "x"
                  }
                },
                {
                  "node": "d",
                  "type": "nonw",
                  "ref": ""
                },
                {
                  "node": "l",
                  "frag": "[...]",
                  "id": "P423241.l2e676",
                  "ref": "P423241.16.2",
                  "inst": "%akk:x=",
                  "f": {
                    "lang": "akk",
                    "form": "x"
                  }
                },
                {
                  "node": "d",
                  "type": "line-start",
                  "ref": "P423241.17",
                  "n": "16'",
                  "label": "16'"
                },
                {
                  "node": "l",
                  "frag": "[...]",
                  "id": "P423241.l2e677",
                  "ref": "P423241.17.1",
                  "inst": "%akk:x=",
                  "f": {
                    "lang": "akk",
                    "form": "x"
                  }
                },
                {
                  "node": "d",
                  "type": "nonw",
                  "ref": ""
                },
                {
                  "node": "l",
                  "frag": "[...]",
                  "id": "P423241.l2e678",
                  "ref": "P423241.17.2",
                  "inst": "%akk:x=",
                  "f": {
                    "lang": "akk",
                    "form": "x"
                  }
                },
                {
                  "node": "d",
                  "type": "line-start",
                  "ref": "P423241.18",
                  "n": "17'",
                  "label": "17'"
                },
                {
                  "node": "l",
                  "frag": "[...]",
                  "id": "P423241.l2e679",
                  "ref": "P423241.18.1",
                  "inst": "%akk:x=",
                  "f": {
                    "lang": "akk",
                    "form": "x"
                  }
                },
                {
                  "node": "d",
                  "type": "nonw",
                  "ref": ""
                },
                {
                  "node": "l",
                  "frag": "[...]",
                  "id": "P423241.l2e67a",
                  "ref": "P423241.18.2",
                  "inst": "%akk:x=",
                  "f": {
                    "lang": "akk",
                    "form": "x"
                  }
                },
                {
                  "node": "d",
                  "type": "nonx",
                  "ref": "P423241.19",
                  "strict": "1",
                  "extent": "n",
                  "scope": "line",
                  "state": "missing"
                }
              ]
            }
          ]
        }
      ]
    }
  ]
}
