{
  "type": "cdl",
  "source": "http://oracc.org/rinap/sources",
  "license": "This data is released under the CC0 license",
  "license-url": "https://creativecommons.org/publicdomain/zero/1.0/",
  "more-info": "http://oracc.org/doc/opendata/",
  "UTC-timestamp": "2017-06-10T00:28:47",
  "project": "rinap/sources",
  "textid": "P426386",
  "cdl": [
    {
      "node": "c",
      "type": "text",
      "id": "P426386.U0",
      "cdl": [
        {
          "node": "d",
          "type": "object",
          "ref": ""
        },
        {
          "node": "d",
          "type": "surface",
          "ref": ""
        },
        {
          "node": "d",
          "subtype": "column 1'",
          "type": "column",
          "ref": "P426386.i_.1",
          "n": "1",
          "label": "i'"
        },
        {
          "node": "d",
          "type": "nonx",
          "ref": "P426386.2",
          "strict": "1",
          "extent": "n",
          "scope": "line",
          "state": "missing"
        },
        {
          "node": "c",
          "type": "discourse",
          "subtype": "body",
          "id": "P426386.U1",
          "cdl": [
            {
              "node": "c",
              "type": "sentence",
              "id": "P426386.U2",
              "label": "i' 1' - ii' 20'",
              "cdl": [
                {
                  "node": "d",
                  "type": "line-start",
                  "ref": "P426386.3",
                  "n": "1'",
                  "label": "i' 1'"
                },
                {
                  "node": "l",
                  "frag": "[...].⸢HI.A-ia",
                  "id": "P426386.l081db",
                  "ref": "P426386.3.1",
                  "inst": "%akk:x.HI.A-ia=",
                  "f": {
                    "lang": "akk",
                    "form": "x.HI.A-ia"
                  }
                },
                {
                  "node": "l",
                  "frag": "iṣ-bat-ma⸣",
                  "id": "P426386.l081dc",
                  "ref": "P426386.3.2",
                  "inst": "%akk:iṣ-bat-ma=",
                  "f": {
                    "lang": "akk",
                    "form": "iṣ-bat-ma"
                  }
                },
                {
                  "node": "d",
                  "type": "line-start",
                  "ref": "P426386.4",
                  "n": "2'",
                  "label": "i' 2'"
                },
                {
                  "node": "l",
                  "frag": "[x",
                  "id": "P426386.l081dd",
                  "ref": "P426386.4.1",
                  "inst": "%akk:x=",
                  "f": {
                    "lang": "akk",
                    "form": "x"
                  }
                },
                {
                  "node": "l",
                  "frag": "x]-⸢qi₂⸣-ta",
                  "id": "P426386.l081de",
                  "ref": "P426386.4.2",
                  "inst": "%akk:x-qi₂-ta=",
                  "f": {
                    "lang": "akk",
                    "form": "x-qi₂-ta"
                  }
                },
                {
                  "node": "l",
                  "frag": "ga-re-ia",
                  "id": "P426386.l081df",
                  "ref": "P426386.4.3",
                  "inst": "%akk:ga-re-ia=",
                  "f": {
                    "lang": "akk",
                    "form": "ga-re-ia"
                  }
                },
                {
                  "node": "d",
                  "type": "line-start",
                  "ref": "P426386.5",
                  "n": "3'",
                  "label": "i' 3'"
                },
                {
                  "node": "l",
                  "frag": "[...]",
                  "id": "P426386.l081e0",
                  "ref": "P426386.5.1",
                  "inst": "%akk:x=",
                  "f": {
                    "lang": "akk",
                    "form": "x"
                  }
                },
                {
                  "node": "l",
                  "frag": "TUKUL.MEŠ",
                  "id": "P426386.l081e1",
                  "ref": "P426386.5.2",
                  "inst": "%akk:TUKUL.MEŠ=",
                  "f": {
                    "lang": "akk",
                    "form": "TUKUL.MEŠ"
                  }
                },
                {
                  "node": "l",
                  "frag": "AN.ŠAR₂",
                  "id": "P426386.l081e2",
                  "ref": "P426386.5.3",
                  "inst": "%akk:AN.ŠAR₂=",
                  "f": {
                    "lang": "akk",
                    "form": "AN.ŠAR₂"
                  }
                },
                {
                  "node": "l",
                  "frag": "{d}15",
                  "id": "P426386.l081e3",
                  "ref": "P426386.5.4",
                  "inst": "%akk:{d}15=",
                  "f": {
                    "lang": "akk",
                    "form": "{d}15"
                  }
                },
                {
                  "node": "d",
                  "type": "line-start",
                  "ref": "P426386.6",
                  "n": "4'",
                  "label": "i' 4'"
                },
                {
                  "node": "l",
                  "frag": "[x].⸢MEŠ⸣",
                  "id": "P426386.l081e4",
                  "ref": "P426386.6.1",
                  "inst": "%akk:x.MEŠ=",
                  "f": {
                    "lang": "akk",
                    "form": "x.MEŠ"
                  }
                },
                {
                  "node": "l",
                  "frag": "GAL.MEŠ",
                  "id": "P426386.l081e5",
                  "ref": "P426386.6.2",
                  "inst": "%akk:GAL.MEŠ=",
                  "f": {
                    "lang": "akk",
                    "form": "GAL.MEŠ"
                  }
                },
                {
                  "node": "l",
                  "frag": "EN.MEŠ-ia",
                  "id": "P426386.l081e6",
                  "ref": "P426386.6.3",
                  "inst": "%akk:EN.MEŠ-ia=",
                  "f": {
                    "lang": "akk",
                    "form": "EN.MEŠ-ia"
                  }
                },
                {
                  "node": "d",
                  "type": "line-start",
                  "ref": "P426386.7",
                  "n": "5'",
                  "label": "i' 5'"
                },
                {
                  "node": "l",
                  "frag": "[x",
                  "id": "P426386.l081e7",
                  "ref": "P426386.7.1",
                  "inst": "%akk:x=",
                  "f": {
                    "lang": "akk",
                    "form": "x"
                  }
                },
                {
                  "node": "l",
                  "frag": "x]",
                  "id": "P426386.l081e8",
                  "ref": "P426386.7.2",
                  "inst": "%akk:x=",
                  "f": {
                    "lang": "akk",
                    "form": "x"
                  }
                },
                {
                  "node": "l",
                  "frag": "⸢e⸣-peš",
                  "id": "P426386.l081e9",
                  "ref": "P426386.7.3",
                  "inst": "%akk:e-peš=",
                  "f": {
                    "lang": "akk",
                    "form": "e-peš"
                  }
                },
                {
                  "node": "l",
                  "frag": "⸢ME₃⸣",
                  "id": "P426386.l081ea",
                  "ref": "P426386.7.4",
                  "inst": "%akk:ME₃=",
                  "f": {
                    "lang": "akk",
                    "form": "ME₃"
                  }
                },
                {
                  "node": "d",
                  "type": "line-start",
                  "ref": "P426386.8",
                  "n": "6'",
                  "label": "i' 6'"
                },
                {
                  "node": "l",
                  "frag": "[...]",
                  "id": "P426386.l081eb",
                  "ref": "P426386.8.1",
                  "inst": "%akk:x=",
                  "f": {
                    "lang": "akk",
                    "form": "x"
                  }
                },
                {
                  "node": "l",
                  "frag": "re-ṣu-u₂-ti",
                  "id": "P426386.l081ec",
                  "ref": "P426386.8.2",
                  "inst": "%akk:re-ṣu-u₂-ti=",
                  "f": {
                    "lang": "akk",
                    "form": "re-ṣu-u₂-ti"
                  }
                },
                {
                  "node": "d",
                  "type": "line-start",
                  "ref": "P426386.9",
                  "n": "7'",
                  "label": "i' 7'"
                },
                {
                  "node": "l",
                  "frag": "[...]",
                  "id": "P426386.l081ed",
                  "ref": "P426386.9.1",
                  "inst": "%akk:x=",
                  "f": {
                    "lang": "akk",
                    "form": "x"
                  }
                },
                {
                  "node": "l",
                  "frag": "⸢u₂⸣-a-a-te-eʾ",
                  "id": "P426386.l081ee",
                  "ref": "P426386.9.2",
                  "inst": "%akk:u₂-a-a-te-eʾ=",
                  "f": {
                    "lang": "akk",
                    "form": "u₂-a-a-te-eʾ"
                  }
                },
                {
                  "node": "l",
                  "frag": "iš-mu-ma",
                  "id": "P426386.l081ef",
                  "ref": "P426386.9.3",
                  "inst": "%akk:iš-mu-ma=",
                  "f": {
                    "lang": "akk",
                    "form": "iš-mu-ma"
                  }
                },
                {
                  "node": "d",
                  "type": "line-start",
                  "ref": "P426386.10",
                  "n": "8'",
                  "label": "i' 8'"
                },
                {
                  "node": "l",
                  "frag": "[x",
                  "id": "P426386.l081f0",
                  "ref": "P426386.10.1",
                  "inst": "%akk:x=",
                  "f": {
                    "lang": "akk",
                    "form": "x"
                  }
                },
                {
                  "node": "l",
                  "frag": "x]",
                  "id": "P426386.l081f1",
                  "ref": "P426386.10.2",
                  "inst": "%akk:x=",
                  "f": {
                    "lang": "akk",
                    "form": "x"
                  }
                },
                {
                  "node": "l",
                  "frag": "⸢ib⸣-bal-ki-tu",
                  "id": "P426386.l081f2",
                  "ref": "P426386.10.3",
                  "inst": "%akk:ib-bal-ki-tu=",
                  "f": {
                    "lang": "akk",
                    "form": "ib-bal-ki-tu"
                  }
                },
                {
                  "node": "d",
                  "type": "line-start",
                  "ref": "P426386.11",
                  "n": "9'",
                  "label": "i' 9'"
                },
                {
                  "node": "l",
                  "frag": "[...]",
                  "id": "P426386.l081f3",
                  "ref": "P426386.11.1",
                  "inst": "%akk:x=",
                  "f": {
                    "lang": "akk",
                    "form": "x"
                  }
                },
                {
                  "node": "l",
                  "frag": "⸢E₂⸣",
                  "id": "P426386.l081f4",
                  "ref": "P426386.11.2",
                  "inst": "%akk:E₂=",
                  "f": {
                    "lang": "akk",
                    "form": "E₂"
                  }
                },
                {
                  "node": "l",
                  "frag": "in-⸢nab⸣-tu₂",
                  "id": "P426386.l081f5",
                  "ref": "P426386.11.3",
                  "inst": "%akk:in-nab-tu₂=",
                  "f": {
                    "lang": "akk",
                    "form": "in-nab-tu₂"
                  }
                },
                {
                  "node": "l",
                  "frag": "⸢u₂-ṣa-am-ma⸣",
                  "id": "P426386.l081f6",
                  "ref": "P426386.11.4",
                  "inst": "%akk:u₂-ṣa-am-ma=",
                  "f": {
                    "lang": "akk",
                    "form": "u₂-ṣa-am-ma"
                  }
                },
                {
                  "node": "d",
                  "type": "line-start",
                  "ref": "P426386.12",
                  "n": "10'",
                  "label": "i' 10'"
                },
                {
                  "node": "l",
                  "frag": "[...].ŠAR₂",
                  "id": "P426386.l081f7",
                  "ref": "P426386.12.1",
                  "inst": "%akk:x.ŠAR₂=",
                  "f": {
                    "lang": "akk",
                    "form": "x.ŠAR₂"
                  }
                },
                {
                  "node": "l",
                  "frag": "{d}30",
                  "id": "P426386.l081f8",
                  "ref": "P426386.12.2",
                  "inst": "%akk:{d}30=",
                  "f": {
                    "lang": "akk",
                    "form": "{d}30"
                  }
                },
                {
                  "node": "l",
                  "frag": "{d}⸢UTU",
                  "id": "P426386.l081f9",
                  "ref": "P426386.12.3",
                  "inst": "%akk:{d}UTU=",
                  "f": {
                    "lang": "akk",
                    "form": "{d}UTU"
                  }
                },
                {
                  "node": "l",
                  "frag": "{d}IŠKUR⸣",
                  "id": "P426386.l081fa",
                  "ref": "P426386.12.4",
                  "inst": "%akk:{d}IŠKUR=",
                  "f": {
                    "lang": "akk",
                    "form": "{d}IŠKUR"
                  }
                },
                {
                  "node": "d",
                  "type": "line-start",
                  "ref": "P426386.13",
                  "n": "11'",
                  "label": "i' 11'"
                },
                {
                  "node": "l",
                  "frag": "[...]",
                  "id": "P426386.l081fb",
                  "ref": "P426386.13.1",
                  "inst": "%akk:x=",
                  "f": {
                    "lang": "akk",
                    "form": "x"
                  }
                },
                {
                  "node": "l",
                  "frag": "⸢AG⸣",
                  "id": "P426386.l081fc",
                  "ref": "P426386.13.2",
                  "inst": "%akk:AG=",
                  "f": {
                    "lang": "akk",
                    "form": "AG"
                  }
                },
                {
                  "node": "l",
                  "frag": "{d}15",
                  "id": "P426386.l081fd",
                  "ref": "P426386.13.3",
                  "inst": "%akk:{d}15=",
                  "f": {
                    "lang": "akk",
                    "form": "{d}15"
                  }
                },
                {
                  "node": "l",
                  "frag": "ša₂",
                  "id": "P426386.l081fe",
                  "ref": "P426386.13.4",
                  "inst": "%akk:ša₂=",
                  "f": {
                    "lang": "akk",
                    "form": "ša₂"
                  }
                },
                {
                  "node": "l",
                  "frag": "⸢NINA{ki⸣}",
                  "id": "P426386.l081ff",
                  "ref": "P426386.13.5",
                  "inst": "%akk:NINA{KI}=",
                  "f": {
                    "lang": "akk",
                    "form": "NINA{KI}"
                  }
                },
                {
                  "node": "d",
                  "type": "line-start",
                  "ref": "P426386.14",
                  "n": "12'",
                  "label": "i' 12'"
                },
                {
                  "node": "l",
                  "frag": "[...]-⸢kid-mu⸣-ri",
                  "id": "P426386.l08200",
                  "ref": "P426386.14.1",
                  "inst": "%akk:x-kid-mu-ri=",
                  "f": {
                    "lang": "akk",
                    "form": "x-kid-mu-ri"
                  }
                },
                {
                  "node": "l",
                  "frag": "{⸢d⸣}15",
                  "id": "P426386.l08201",
                  "ref": "P426386.14.2",
                  "inst": "%akk:{d}15=",
                  "f": {
                    "lang": "akk",
                    "form": "{d}15"
                  }
                },
                {
                  "node": "l",
                  "frag": "⸢ša₂⸣",
                  "id": "P426386.l08202",
                  "ref": "P426386.14.3",
                  "inst": "%akk:ša₂=",
                  "f": {
                    "lang": "akk",
                    "form": "ša₂"
                  }
                },
                {
                  "node": "l",
                  "frag": "LIMMU₂-DINGIR{⸢ki⸣}",
                  "id": "P426386.l08203",
                  "ref": "P426386.14.4",
                  "inst": "%akk:LIMMU₂-DINGIR{KI}=",
                  "f": {
                    "lang": "akk",
                    "form": "LIMMU₂-DINGIR{KI}"
                  }
                },
                {
                  "node": "d",
                  "type": "line-start",
                  "ref": "P426386.15",
                  "n": "13'",
                  "label": "i' 13'"
                },
                {
                  "node": "l",
                  "frag": "[x]",
                  "id": "P426386.l08204",
                  "ref": "P426386.15.1",
                  "inst": "%akk:x=",
                  "f": {
                    "lang": "akk",
                    "form": "x"
                  }
                },
                {
                  "node": "l",
                  "frag": "⸢MAŠ⸣",
                  "id": "P426386.l08205",
                  "ref": "P426386.15.2",
                  "inst": "%akk:MAŠ=",
                  "f": {
                    "lang": "akk",
                    "form": "MAŠ"
                  }
                },
                {
                  "node": "l",
                  "frag": "{d}U.GUR",
                  "id": "P426386.l08206",
                  "ref": "P426386.15.3",
                  "inst": "%akk:{d}U.GUR=",
                  "f": {
                    "lang": "akk",
                    "form": "{d}U.GUR"
                  }
                },
                {
                  "node": "l",
                  "frag": "{d}nusku",
                  "id": "P426386.l08207",
                  "ref": "P426386.15.4",
                  "inst": "%akk:{d}nusku=",
                  "f": {
                    "lang": "akk",
                    "form": "{d}nusku"
                  }
                },
                {
                  "node": "d",
                  "type": "line-start",
                  "ref": "P426386.16",
                  "n": "14'",
                  "label": "i' 14'"
                },
                {
                  "node": "l",
                  "frag": "[...]-⸢šu⸣-us-su-u₂-ma",
                  "id": "P426386.l08208",
                  "ref": "P426386.16.1",
                  "inst": "%akk:x-šu-us-su-u₂-ma=",
                  "f": {
                    "lang": "akk",
                    "form": "x-šu-us-su-u₂-ma"
                  }
                },
                {
                  "node": "d",
                  "type": "line-start",
                  "ref": "P426386.17",
                  "n": "15'",
                  "label": "i' 15'"
                },
                {
                  "node": "l",
                  "frag": "[x",
                  "id": "P426386.l08209",
                  "ref": "P426386.17.1",
                  "inst": "%akk:x=",
                  "f": {
                    "lang": "akk",
                    "form": "x"
                  }
                },
                {
                  "node": "l",
                  "frag": "x]-⸢aš₂⸣-šu₂",
                  "id": "P426386.l0820a",
                  "ref": "P426386.17.2",
                  "inst": "%akk:x-aš₂-šu₂=",
                  "f": {
                    "lang": "akk",
                    "form": "x-aš₂-šu₂"
                  }
                },
                {
                  "node": "l",
                  "frag": "a-na",
                  "id": "P426386.l0820b",
                  "ref": "P426386.17.3",
                  "inst": "%akk:a-na=",
                  "f": {
                    "lang": "akk",
                    "form": "a-na"
                  }
                },
                {
                  "node": "l",
                  "frag": "KUR",
                  "id": "P426386.l0820c",
                  "ref": "P426386.17.4",
                  "inst": "%akk:KUR=",
                  "f": {
                    "lang": "akk",
                    "form": "KUR"
                  }
                },
                {
                  "node": "l",
                  "frag": "AN.ŠAR₂{ki}",
                  "id": "P426386.l0820d",
                  "ref": "P426386.17.5",
                  "inst": "%akk:AN.ŠAR₂{KI}=",
                  "f": {
                    "lang": "akk",
                    "form": "AN.ŠAR₂{KI}"
                  }
                },
                {
                  "node": "d",
                  "type": "line-start",
                  "ref": "P426386.18",
                  "n": "16'",
                  "label": "i' 16'"
                },
                {
                  "node": "l",
                  "frag": "[...]",
                  "id": "P426386.l0820e",
                  "ref": "P426386.18.1",
                  "inst": "%akk:x=",
                  "f": {
                    "lang": "akk",
                    "form": "x"
                  }
                },
                {
                  "node": "l",
                  "frag": "x",
                  "id": "P426386.l0820f",
                  "ref": "P426386.18.2",
                  "inst": "%akk:x=",
                  "f": {
                    "lang": "akk",
                    "form": "x"
                  }
                },
                {
                  "node": "l",
                  "frag": "ša₂",
                  "id": "P426386.l08210",
                  "ref": "P426386.18.3",
                  "inst": "%akk:ša₂=",
                  "f": {
                    "lang": "akk",
                    "form": "ša₂"
                  }
                },
                {
                  "node": "l",
                  "frag": "a-na",
                  "id": "P426386.l08211",
                  "ref": "P426386.18.4",
                  "inst": "%akk:a-na=",
                  "f": {
                    "lang": "akk",
                    "form": "a-na"
                  }
                },
                {
                  "node": "l",
                  "frag": "ka-šad",
                  "id": "P426386.l08212",
                  "ref": "P426386.18.5",
                  "inst": "%akk:ka-šad=",
                  "f": {
                    "lang": "akk",
                    "form": "ka-šad"
                  }
                },
                {
                  "node": "l",
                  "frag": "{lu₂}KUR₂.MEŠ-ia",
                  "id": "P426386.l08213",
                  "ref": "P426386.18.6",
                  "inst": "%akk:{LU₂}KUR₂.MEŠ-ia=",
                  "f": {
                    "lang": "akk",
                    "form": "{LU₂}KUR₂.MEŠ-ia"
                  }
                },
                {
                  "node": "d",
                  "type": "line-start",
                  "ref": "P426386.19",
                  "n": "17'",
                  "label": "i' 17'"
                },
                {
                  "node": "l",
                  "frag": "[...]",
                  "id": "P426386.l08214",
                  "ref": "P426386.19.1",
                  "inst": "%akk:x=",
                  "f": {
                    "lang": "akk",
                    "form": "x"
                  }
                },
                {
                  "node": "l",
                  "frag": "⸢AN⸣.ŠAR₂",
                  "id": "P426386.l08215",
                  "ref": "P426386.19.2",
                  "inst": "%akk:AN.ŠAR₂=",
                  "f": {
                    "lang": "akk",
                    "form": "AN.ŠAR₂"
                  }
                },
                {
                  "node": "l",
                  "frag": "{d}NIN.LIL₂",
                  "id": "P426386.l08216",
                  "ref": "P426386.19.3",
                  "inst": "%akk:{d}NIN.LIL₂=",
                  "f": {
                    "lang": "akk",
                    "form": "{d}NIN.LIL₂"
                  }
                },
                {
                  "node": "d",
                  "type": "line-start",
                  "ref": "P426386.20",
                  "n": "18'",
                  "label": "i' 18'"
                },
                {
                  "node": "l",
                  "frag": "[...]-⸢ne₂-e⸣",
                  "id": "P426386.l08217",
                  "ref": "P426386.20.1",
                  "inst": "%akk:x-ne₂-e=",
                  "f": {
                    "lang": "akk",
                    "form": "x-ne₂-e"
                  }
                },
                {
                  "node": "l",
                  "frag": "{giš}ma-še-ri",
                  "id": "P426386.l08218",
                  "ref": "P426386.20.2",
                  "inst": "%akk:{GIŠ}ma-še-ri=",
                  "f": {
                    "lang": "akk",
                    "form": "{GIŠ}ma-še-ri"
                  }
                },
                {
                  "node": "d",
                  "type": "line-start",
                  "ref": "P426386.21",
                  "n": "19'",
                  "label": "i' 19'"
                },
                {
                  "node": "l",
                  "frag": "[x",
                  "id": "P426386.l08219",
                  "ref": "P426386.21.1",
                  "inst": "%akk:x=",
                  "f": {
                    "lang": "akk",
                    "form": "x"
                  }
                },
                {
                  "node": "l",
                  "frag": "x]",
                  "id": "P426386.l0821a",
                  "ref": "P426386.21.2",
                  "inst": "%akk:x=",
                  "f": {
                    "lang": "akk",
                    "form": "x"
                  }
                },
                {
                  "node": "l",
                  "frag": "ŠU.II-ia",
                  "id": "P426386.l0821b",
                  "ref": "P426386.21.3",
                  "inst": "%akk:ŠU.II-ia=",
                  "f": {
                    "lang": "akk",
                    "form": "ŠU.II-ia"
                  }
                },
                {
                  "node": "d",
                  "type": "line-start",
                  "ref": "P426386.22",
                  "n": "20'",
                  "label": "i' 20'"
                },
                {
                  "node": "l",
                  "frag": "[...]",
                  "id": "P426386.l0821c",
                  "ref": "P426386.22.1",
                  "inst": "%akk:x=",
                  "f": {
                    "lang": "akk",
                    "form": "x"
                  }
                },
                {
                  "node": "l",
                  "frag": "⸢ip-lu⸣-uš",
                  "id": "P426386.l0821d",
                  "ref": "P426386.22.2",
                  "inst": "%akk:ip-lu-uš=",
                  "f": {
                    "lang": "akk",
                    "form": "ip-lu-uš"
                  }
                },
                {
                  "node": "d",
                  "type": "nonx",
                  "ref": "P426386.23",
                  "strict": "1",
                  "extent": "n",
                  "scope": "line",
                  "state": "missing"
                },
                {
                  "node": "d",
                  "subtype": "column 2'",
                  "type": "column",
                  "ref": "P426386.ii_.24",
                  "n": "2",
                  "label": "ii'"
                },
                {
                  "node": "d",
                  "type": "nonx",
                  "ref": "P426386.25",
                  "strict": "1",
                  "extent": "n",
                  "scope": "line",
                  "state": "missing"
                },
                {
                  "node": "d",
                  "type": "line-start",
                  "ref": "P426386.26",
                  "n": "1'",
                  "label": "ii' 1'"
                },
                {
                  "node": "l",
                  "frag": "AN.ŠAR₂",
                  "id": "P426386.l0821e",
                  "ref": "P426386.26.1",
                  "inst": "%akk:AN.ŠAR₂=",
                  "f": {
                    "lang": "akk",
                    "form": "AN.ŠAR₂"
                  }
                },
                {
                  "node": "l",
                  "frag": "{⸢d}30",
                  "id": "P426386.l0821f",
                  "ref": "P426386.26.2",
                  "inst": "%akk:{d}30=",
                  "f": {
                    "lang": "akk",
                    "form": "{d}30"
                  }
                },
                {
                  "node": "l",
                  "frag": "[...]",
                  "id": "P426386.l08220",
                  "ref": "P426386.26.3",
                  "inst": "%akk:x=",
                  "f": {
                    "lang": "akk",
                    "form": "x"
                  }
                },
                {
                  "node": "d",
                  "type": "line-start",
                  "ref": "P426386.27",
                  "n": "2'",
                  "label": "ii' 2'"
                },
                {
                  "node": "l",
                  "frag": "{⸢d}15",
                  "id": "P426386.l08221",
                  "ref": "P426386.27.1",
                  "inst": "%akk:{d}15=",
                  "f": {
                    "lang": "akk",
                    "form": "{d}15"
                  }
                },
                {
                  "node": "l",
                  "frag": "ša₂",
                  "id": "P426386.l08222",
                  "ref": "P426386.27.2",
                  "inst": "%akk:ša₂=",
                  "f": {
                    "lang": "akk",
                    "form": "ša₂"
                  }
                },
                {
                  "node": "l",
                  "frag": "⸢NINA{ki⸣}",
                  "id": "P426386.l08223",
                  "ref": "P426386.27.3",
                  "inst": "%akk:NINA{KI}=",
                  "f": {
                    "lang": "akk",
                    "form": "NINA{KI}"
                  }
                },
                {
                  "node": "l",
                  "frag": "[...]",
                  "id": "P426386.l08224",
                  "ref": "P426386.27.4",
                  "inst": "%akk:x=",
                  "f": {
                    "lang": "akk",
                    "form": "x"
                  }
                },
                {
                  "node": "d",
                  "type": "line-start",
                  "ref": "P426386.28",
                  "n": "3'",
                  "label": "ii' 3'"
                },
                {
                  "node": "l",
                  "frag": "{d}15",
                  "id": "P426386.l08225",
                  "ref": "P426386.28.1",
                  "inst": "%akk:{d}15=",
                  "f": {
                    "lang": "akk",
                    "form": "{d}15"
                  }
                },
                {
                  "node": "l",
                  "frag": "ša₂",
                  "id": "P426386.l08226",
                  "ref": "P426386.28.2",
                  "inst": "%akk:ša₂=",
                  "f": {
                    "lang": "akk",
                    "form": "ša₂"
                  }
                },
                {
                  "node": "l",
                  "frag": "LIMMU₂-DINGIR",
                  "id": "P426386.l08227",
                  "ref": "P426386.28.3",
                  "inst": "%akk:LIMMU₂-DINGIR=",
                  "f": {
                    "lang": "akk",
                    "form": "LIMMU₂-DINGIR"
                  }
                },
                {
                  "node": "l",
                  "frag": "[...]",
                  "id": "P426386.l08228",
                  "ref": "P426386.28.4",
                  "inst": "%akk:x=",
                  "f": {
                    "lang": "akk",
                    "form": "x"
                  }
                },
                {
                  "node": "d",
                  "type": "line-start",
                  "ref": "P426386.29",
                  "n": "4'",
                  "label": "ii' 4'"
                },
                {
                  "node": "l",
                  "frag": "{d}MAŠ",
                  "id": "P426386.l08229",
                  "ref": "P426386.29.1",
                  "inst": "%akk:{d}MAŠ=",
                  "f": {
                    "lang": "akk",
                    "form": "{d}MAŠ"
                  }
                },
                {
                  "node": "l",
                  "frag": "[...]",
                  "id": "P426386.l0822a",
                  "ref": "P426386.29.2",
                  "inst": "%akk:x=",
                  "f": {
                    "lang": "akk",
                    "form": "x"
                  }
                },
                {
                  "node": "d",
                  "type": "line-start",
                  "ref": "P426386.30",
                  "n": "5'",
                  "label": "ii' 5'"
                },
                {
                  "node": "l",
                  "frag": "⸢DUMU⸣",
                  "id": "P426386.l0822b",
                  "ref": "P426386.30.1",
                  "inst": "%akk:DUMU=",
                  "f": {
                    "lang": "akk",
                    "form": "DUMU"
                  }
                },
                {
                  "node": "l",
                  "frag": "LUGAL-ti",
                  "id": "P426386.l0822c",
                  "ref": "P426386.30.2",
                  "inst": "%akk:LUGAL-ti=",
                  "f": {
                    "lang": "akk",
                    "form": "LUGAL-ti"
                  }
                },
                {
                  "node": "l",
                  "frag": "[...]",
                  "id": "P426386.l0822d",
                  "ref": "P426386.30.3",
                  "inst": "%akk:x=",
                  "f": {
                    "lang": "akk",
                    "form": "x"
                  }
                },
                {
                  "node": "d",
                  "type": "line-start",
                  "ref": "P426386.31",
                  "n": "6'",
                  "label": "ii' 6'"
                },
                {
                  "node": "l",
                  "frag": "⸢ṣu⸣-lul-šu₂-[...]",
                  "id": "P426386.l0822e",
                  "ref": "P426386.31.1",
                  "inst": "%akk:ṣu-lul-šu₂-x=",
                  "f": {
                    "lang": "akk",
                    "form": "ṣu-lul-šu₂-x"
                  }
                },
                {
                  "node": "d",
                  "type": "line-start",
                  "ref": "P426386.32",
                  "n": "7'",
                  "label": "ii' 7'"
                },
                {
                  "node": "l",
                  "frag": "⸢AN⸣.DUL₃-la-šu₂-⸢nu",
                  "id": "P426386.l0822f",
                  "ref": "P426386.32.1",
                  "inst": "%akk:AN.DUL₃-la-šu₂-nu=",
                  "f": {
                    "lang": "akk",
                    "form": "AN.DUL₃-la-šu₂-nu"
                  }
                },
                {
                  "node": "l",
                  "frag": "ša",
                  "id": "P426386.l08230",
                  "ref": "P426386.32.2",
                  "inst": "%akk:ša=",
                  "f": {
                    "lang": "akk",
                    "form": "ša"
                  }
                },
                {
                  "node": "l",
                  "frag": "ša₂-la-a-me⸣",
                  "id": "P426386.l08231",
                  "ref": "P426386.32.3",
                  "inst": "%akk:ša₂-la-a-me=",
                  "f": {
                    "lang": "akk",
                    "form": "ša₂-la-a-me"
                  }
                },
                {
                  "node": "d",
                  "type": "line-start",
                  "ref": "P426386.33",
                  "n": "8'",
                  "label": "ii' 8'"
                },
                {
                  "node": "l",
                  "frag": "⸢it⸣-ru-ṣu",
                  "id": "P426386.l08232",
                  "ref": "P426386.33.1",
                  "inst": "%akk:it-ru-ṣu=",
                  "f": {
                    "lang": "akk",
                    "form": "it-ru-ṣu"
                  }
                },
                {
                  "node": "l",
                  "frag": "UGU-ia",
                  "id": "P426386.l08233",
                  "ref": "P426386.33.2",
                  "inst": "%akk:UGU-ia=",
                  "f": {
                    "lang": "akk",
                    "form": "UGU-ia"
                  }
                },
                {
                  "node": "d",
                  "type": "line-start",
                  "ref": "P426386.34",
                  "n": "9'",
                  "label": "ii' 9'"
                },
                {
                  "node": "l",
                  "frag": "⸢ul⸣-tu",
                  "id": "P426386.l08234",
                  "ref": "P426386.34.1",
                  "inst": "%akk:ul-tu=",
                  "f": {
                    "lang": "akk",
                    "form": "ul-tu"
                  }
                },
                {
                  "node": "l",
                  "frag": "ina",
                  "id": "P426386.l08235",
                  "ref": "P426386.34.2",
                  "inst": "%akk:ina=",
                  "f": {
                    "lang": "akk",
                    "form": "ina"
                  }
                },
                {
                  "node": "l",
                  "frag": "{giš}⸢GU.ZA⸣",
                  "id": "P426386.l08236",
                  "ref": "P426386.34.3",
                  "inst": "%akk:{GIŠ}GU.ZA=",
                  "f": {
                    "lang": "akk",
                    "form": "{GIŠ}GU.ZA"
                  }
                },
                {
                  "node": "l",
                  "frag": "AD",
                  "id": "P426386.l08237",
                  "ref": "P426386.34.4",
                  "inst": "%akk:AD=",
                  "f": {
                    "lang": "akk",
                    "form": "AD"
                  }
                },
                {
                  "node": "l",
                  "frag": "DU₃-ia",
                  "id": "P426386.l08238",
                  "ref": "P426386.34.5",
                  "inst": "%akk:DU₃-ia=",
                  "f": {
                    "lang": "akk",
                    "form": "DU₃-ia"
                  }
                },
                {
                  "node": "l",
                  "frag": "u₂-ši-bu",
                  "id": "P426386.l08239",
                  "ref": "P426386.34.6",
                  "inst": "%akk:u₂-ši-bu=",
                  "f": {
                    "lang": "akk",
                    "form": "u₂-ši-bu"
                  }
                },
                {
                  "node": "d",
                  "type": "line-start",
                  "ref": "P426386.35",
                  "n": "10'",
                  "label": "ii' 10'"
                },
                {
                  "node": "l",
                  "frag": "⸢i-te⸣-ne₂-ep-⸢pu⸣-šu₂",
                  "id": "P426386.l0823a",
                  "ref": "P426386.35.1",
                  "inst": "%akk:i-te-ne₂-ep-pu-šu₂=",
                  "f": {
                    "lang": "akk",
                    "form": "i-te-ne₂-ep-pu-šu₂"
                  }
                },
                {
                  "node": "l",
                  "frag": "be-lut",
                  "id": "P426386.l0823b",
                  "ref": "P426386.35.2",
                  "inst": "%akk:be-lut=",
                  "f": {
                    "lang": "akk",
                    "form": "be-lut"
                  }
                },
                {
                  "node": "l",
                  "frag": "KUR.KUR",
                  "id": "P426386.l0823c",
                  "ref": "P426386.35.3",
                  "inst": "%akk:KUR.KUR=",
                  "f": {
                    "lang": "akk",
                    "form": "KUR.KUR"
                  }
                },
                {
                  "node": "d",
                  "type": "line-start",
                  "ref": "P426386.36",
                  "n": "11'",
                  "label": "ii' 11'"
                },
                {
                  "node": "l",
                  "frag": "⸢u₃⸣",
                  "id": "P426386.l0823d",
                  "ref": "P426386.36.1",
                  "inst": "%akk:u₃=",
                  "f": {
                    "lang": "akk",
                    "form": "u₃"
                  }
                },
                {
                  "node": "l",
                  "frag": "UN.MEŠ",
                  "id": "P426386.l0823e",
                  "ref": "P426386.36.2",
                  "inst": "%akk:UN.MEŠ=",
                  "f": {
                    "lang": "akk",
                    "form": "UN.MEŠ"
                  }
                },
                {
                  "node": "l",
                  "frag": "DAGAL.⸢MEŠ⸣",
                  "id": "P426386.l0823f",
                  "ref": "P426386.36.3",
                  "inst": "%akk:DAGAL.MEŠ=",
                  "f": {
                    "lang": "akk",
                    "form": "DAGAL.MEŠ"
                  }
                },
                {
                  "node": "l",
                  "frag": "ka-a-a-an",
                  "id": "P426386.l08240",
                  "ref": "P426386.36.4",
                  "inst": "%akk:ka-a-a-an=",
                  "f": {
                    "lang": "akk",
                    "form": "ka-a-a-an"
                  }
                },
                {
                  "node": "d",
                  "type": "line-start",
                  "ref": "P426386.37",
                  "n": "12'",
                  "label": "ii' 12'"
                },
                {
                  "node": "l",
                  "frag": "⸢pu-us⸣-su-rat",
                  "id": "P426386.l08241",
                  "ref": "P426386.37.1",
                  "inst": "%akk:pu-us-su-rat=",
                  "f": {
                    "lang": "akk",
                    "form": "pu-us-su-rat"
                  }
                },
                {
                  "node": "l",
                  "frag": "ha-de-e",
                  "id": "P426386.l08242",
                  "ref": "P426386.37.2",
                  "inst": "%akk:ha-de-e=",
                  "f": {
                    "lang": "akk",
                    "form": "ha-de-e"
                  }
                },
                {
                  "node": "d",
                  "type": "line-start",
                  "ref": "P426386.38",
                  "n": "13'",
                  "label": "ii' 13'"
                },
                {
                  "node": "l",
                  "frag": "ša",
                  "id": "P426386.l08243",
                  "ref": "P426386.38.1",
                  "inst": "%akk:ša=",
                  "f": {
                    "lang": "akk",
                    "form": "ša"
                  }
                },
                {
                  "node": "l",
                  "frag": "ka-ša₂-ad",
                  "id": "P426386.l08244",
                  "ref": "P426386.38.2",
                  "inst": "%akk:ka-ša₂-ad=",
                  "f": {
                    "lang": "akk",
                    "form": "ka-ša₂-ad"
                  }
                },
                {
                  "node": "l",
                  "frag": "{⸢lu₂⸣}KUR₂.MEŠ-⸢ia⸣",
                  "id": "P426386.l08245",
                  "ref": "P426386.38.3",
                  "inst": "%akk:{LU₂}KUR₂.MEŠ-ia=",
                  "f": {
                    "lang": "akk",
                    "form": "{LU₂}KUR₂.MEŠ-ia"
                  }
                },
                {
                  "node": "d",
                  "type": "line-start",
                  "ref": "P426386.39",
                  "n": "14'",
                  "label": "ii' 14'"
                },
                {
                  "node": "l",
                  "frag": "u₂-pa-sa-ru-⸢in⸣-ni",
                  "id": "P426386.l08246",
                  "ref": "P426386.39.1",
                  "inst": "%akk:u₂-pa-sa-ru-in-ni=",
                  "f": {
                    "lang": "akk",
                    "form": "u₂-pa-sa-ru-in-ni"
                  }
                },
                {
                  "node": "l",
                  "frag": "qe₂-⸢reb⸣-[x]",
                  "id": "P426386.l08247",
                  "ref": "P426386.39.2",
                  "inst": "%akk:qe₂-reb-x=",
                  "f": {
                    "lang": "akk",
                    "form": "qe₂-reb-x"
                  }
                },
                {
                  "node": "d",
                  "type": "line-start",
                  "ref": "P426386.40",
                  "n": "15'",
                  "label": "ii' 15'"
                },
                {
                  "node": "l",
                  "frag": "ina",
                  "id": "P426386.l08248",
                  "ref": "P426386.40.1",
                  "inst": "%akk:ina=",
                  "f": {
                    "lang": "akk",
                    "form": "ina"
                  }
                },
                {
                  "node": "l",
                  "frag": "ma-a-a-al",
                  "id": "P426386.l08249",
                  "ref": "P426386.40.2",
                  "inst": "%akk:ma-a-a-al=",
                  "f": {
                    "lang": "akk",
                    "form": "ma-a-a-al"
                  }
                },
                {
                  "node": "l",
                  "frag": "mu-ši",
                  "id": "P426386.l0824a",
                  "ref": "P426386.40.3",
                  "inst": "%akk:mu-ši=",
                  "f": {
                    "lang": "akk",
                    "form": "mu-ši"
                  }
                },
                {
                  "node": "l",
                  "frag": "[x]-⸢um⸣-mu-qa",
                  "id": "P426386.l0824b",
                  "ref": "P426386.40.4",
                  "inst": "%akk:x-um-mu-qa=",
                  "f": {
                    "lang": "akk",
                    "form": "x-um-mu-qa"
                  }
                },
                {
                  "node": "l",
                  "frag": "⸢MAŠ₂⸣.[...]",
                  "id": "P426386.l0824c",
                  "ref": "P426386.40.5",
                  "inst": "%akk:MAŠ₂.x=",
                  "f": {
                    "lang": "akk",
                    "form": "MAŠ₂.x"
                  }
                },
                {
                  "node": "d",
                  "type": "line-start",
                  "ref": "P426386.41",
                  "n": "16'",
                  "label": "ii' 16'"
                },
                {
                  "node": "l",
                  "frag": "ina",
                  "id": "P426386.l0824d",
                  "ref": "P426386.41.1",
                  "inst": "%akk:ina=",
                  "f": {
                    "lang": "akk",
                    "form": "ina"
                  }
                },
                {
                  "node": "l",
                  "frag": "ša₂",
                  "id": "P426386.l0824e",
                  "ref": "P426386.41.2",
                  "inst": "%akk:ša₂=",
                  "f": {
                    "lang": "akk",
                    "form": "ša₂"
                  }
                },
                {
                  "node": "l",
                  "frag": "še-e-rim",
                  "id": "P426386.l0824f",
                  "ref": "P426386.41.3",
                  "inst": "%akk:še-e-rim=",
                  "f": {
                    "lang": "akk",
                    "form": "še-e-rim"
                  }
                },
                {
                  "node": "l",
                  "frag": "ba-⸢nu⸣-[x]",
                  "id": "P426386.l08250",
                  "ref": "P426386.41.4",
                  "inst": "%akk:ba-nu-x=",
                  "f": {
                    "lang": "akk",
                    "form": "ba-nu-x"
                  }
                },
                {
                  "node": "l",
                  "frag": "⸢e⸣-[...]",
                  "id": "P426386.l08251",
                  "ref": "P426386.41.5",
                  "inst": "%akk:e-x=",
                  "f": {
                    "lang": "akk",
                    "form": "e-x"
                  }
                },
                {
                  "node": "d",
                  "type": "line-start",
                  "ref": "P426386.42",
                  "n": "17'",
                  "label": "ii' 17'"
                },
                {
                  "node": "l",
                  "frag": "maš-ta-ku",
                  "id": "P426386.l08252",
                  "ref": "P426386.42.1",
                  "inst": "%akk:maš-ta-ku=",
                  "f": {
                    "lang": "akk",
                    "form": "maš-ta-ku"
                  }
                },
                {
                  "node": "l",
                  "frag": "⸢šu-a-tu⸣",
                  "id": "P426386.l08253",
                  "ref": "P426386.42.2",
                  "inst": "%akk:šu-a-tu=",
                  "f": {
                    "lang": "akk",
                    "form": "šu-a-tu"
                  }
                },
                {
                  "node": "l",
                  "frag": "[...]",
                  "id": "P426386.l08254",
                  "ref": "P426386.42.3",
                  "inst": "%akk:x=",
                  "f": {
                    "lang": "akk",
                    "form": "x"
                  }
                },
                {
                  "node": "d",
                  "type": "line-start",
                  "ref": "P426386.43",
                  "n": "18'",
                  "label": "ii' 18'"
                },
                {
                  "node": "l",
                  "frag": "⸢DINGIR.MEŠ",
                  "id": "P426386.l08255",
                  "ref": "P426386.43.1",
                  "inst": "%akk:DINGIR.MEŠ=",
                  "f": {
                    "lang": "akk",
                    "form": "DINGIR.MEŠ"
                  }
                },
                {
                  "node": "l",
                  "frag": "GAL⸣.[...]",
                  "id": "P426386.l08256",
                  "ref": "P426386.43.2",
                  "inst": "%akk:GAL.x=",
                  "f": {
                    "lang": "akk",
                    "form": "GAL.x"
                  }
                },
                {
                  "node": "d",
                  "type": "line-start",
                  "ref": "P426386.44",
                  "n": "19'",
                  "label": "ii' 19'"
                },
                {
                  "node": "l",
                  "frag": "an-⸢hu⸣-[...]",
                  "id": "P426386.l08257",
                  "ref": "P426386.44.1",
                  "inst": "%akk:an-hu-x=",
                  "f": {
                    "lang": "akk",
                    "form": "an-hu-x"
                  }
                },
                {
                  "node": "d",
                  "type": "line-start",
                  "ref": "P426386.45",
                  "n": "20'",
                  "label": "ii' 20'"
                },
                {
                  "node": "l",
                  "frag": "⸢aš₂⸣-[...]",
                  "id": "P426386.l08258",
                  "ref": "P426386.45.1",
                  "inst": "%akk:aš₂-x=",
                  "f": {
                    "lang": "akk",
                    "form": "aš₂-x"
                  }
                },
                {
                  "node": "d",
                  "type": "nonx",
                  "ref": "P426386.46",
                  "strict": "1",
                  "extent": "n",
                  "scope": "line",
                  "state": "missing"
                }
              ]
            }
          ]
        }
      ]
    }
  ]
}
