{
  "type": "cdl",
  "project": "rinap/sources",
  "source": "http://oracc.org/rinap/sources",
  "license": "This data is released under the CC0 license",
  "license-url": "https://creativecommons.org/publicdomain/zero/1.0/",
  "more-info": "http://oracc.org/doc/opendata/",
  "UTC-timestamp": "2017-06-21T23:09:31",
  "textid": "P432429",
  "cdl": [
    {
      "node": "c",
      "type": "text",
      "id": "P432429.U0",
      "cdl": [
        {
          "node": "d",
          "type": "object",
          "ref": ""
        },
        {
          "node": "d",
          "type": "surface",
          "ref": ""
        },
        {
          "node": "d",
          "type": "nonx",
          "ref": "P432429.1",
          "strict": "0",
          "state": "other"
        }
      ]
    }
  ]
}
