{
  "type": "cdl",
  "source": "http://oracc.org/rinap/sources",
  "license": "This data is released under the CC0 license",
  "license-url": "https://creativecommons.org/publicdomain/zero/1.0/",
  "more-info": "http://oracc.org/doc/opendata/",
  "UTC-timestamp": "2017-06-10T00:28:02",
  "project": "rinap/sources",
  "textid": "P450367",
  "cdl": [
    {
      "node": "c",
      "type": "text",
      "id": "P450367.U0",
      "cdl": [
        {
          "node": "d",
          "type": "object",
          "ref": ""
        },
        {
          "node": "d",
          "type": "surface",
          "ref": ""
        },
        {
          "node": "d",
          "subtype": "column 1",
          "type": "column",
          "ref": "P450367.i.1",
          "n": "1",
          "label": "i"
        },
        {
          "node": "d",
          "type": "nonx",
          "ref": "P450367.2",
          "strict": "1",
          "extent": "n",
          "scope": "line",
          "state": "missing"
        },
        {
          "node": "c",
          "type": "discourse",
          "subtype": "body",
          "id": "P450367.U1",
          "cdl": [
            {
              "node": "c",
              "type": "sentence",
              "id": "P450367.U2",
              "label": "i 1' - ii 12'",
              "cdl": [
                {
                  "node": "d",
                  "type": "line-start",
                  "ref": "P450367.3",
                  "n": "1'",
                  "label": "i 1'"
                },
                {
                  "node": "l",
                  "frag": "[...]",
                  "id": "P450367.l34cc7",
                  "ref": "P450367.3.1",
                  "inst": "%akk:x=",
                  "f": {
                    "lang": "akk",
                    "form": "x"
                  }
                },
                {
                  "node": "l",
                  "frag": "⸢ša⸣",
                  "id": "P450367.l34cc8",
                  "ref": "P450367.3.2",
                  "inst": "%akk:ša=",
                  "f": {
                    "lang": "akk",
                    "form": "ša"
                  }
                },
                {
                  "node": "l",
                  "frag": "{m}{d}AMAR.UTU-IBILA-SUM.NA",
                  "id": "P450367.l34cc9",
                  "ref": "P450367.3.3",
                  "inst": "%akk:{m}{d}AMAR.UTU-IBILA-SUM.NA=",
                  "f": {
                    "lang": "akk",
                    "form": "{m}{d}AMAR.UTU-IBILA-SUM.NA"
                  }
                },
                {
                  "node": "d",
                  "type": "line-start",
                  "ref": "P450367.4",
                  "n": "2'",
                  "label": "i 2'"
                },
                {
                  "node": "l",
                  "frag": "[...]-⸢di⸣",
                  "id": "P450367.l34cca",
                  "ref": "P450367.4.1",
                  "inst": "%akk:x-di=",
                  "f": {
                    "lang": "akk",
                    "form": "x-di"
                  }
                },
                {
                  "node": "l",
                  "frag": "ERIM.HI.A",
                  "id": "P450367.l34ccb",
                  "ref": "P450367.4.2",
                  "inst": "%akk:ERIM.HI.A=",
                  "f": {
                    "lang": "akk",
                    "form": "ERIM.HI.A"
                  }
                },
                {
                  "node": "l",
                  "frag": "ELAM.MA{ki}",
                  "id": "P450367.l34ccc",
                  "ref": "P450367.4.3",
                  "inst": "%akk:ELAM.MA{KI}=",
                  "f": {
                    "lang": "akk",
                    "form": "ELAM.MA{KI}"
                  }
                },
                {
                  "node": "l",
                  "frag": "⸢re-ṣi⸣-[x]",
                  "id": "P450367.l34ccd",
                  "ref": "P450367.4.4",
                  "inst": "%akk:re-ṣi-x=",
                  "f": {
                    "lang": "akk",
                    "form": "re-ṣi-x"
                  }
                },
                {
                  "node": "d",
                  "type": "line-start",
                  "ref": "P450367.5",
                  "n": "3'",
                  "label": "i 3'"
                },
                {
                  "node": "l",
                  "frag": "[...]",
                  "id": "P450367.l34cce",
                  "ref": "P450367.5.1",
                  "inst": "%akk:x=",
                  "f": {
                    "lang": "akk",
                    "form": "x"
                  }
                },
                {
                  "node": "l",
                  "frag": "aš₂-⸢ta-kan⸣",
                  "id": "P450367.l34ccf",
                  "ref": "P450367.5.2",
                  "inst": "%akk:aš₂-ta-kan=",
                  "f": {
                    "lang": "akk",
                    "form": "aš₂-ta-kan"
                  }
                },
                {
                  "node": "l",
                  "frag": "BAD₅.BAD₅-šu₂",
                  "id": "P450367.l34cd0",
                  "ref": "P450367.5.3",
                  "inst": "%akk:BAD₅.BAD₅-šu₂=",
                  "f": {
                    "lang": "akk",
                    "form": "BAD₅.BAD₅-šu₂"
                  }
                },
                {
                  "node": "d",
                  "type": "line-start",
                  "ref": "P450367.6",
                  "n": "4'",
                  "label": "i 4'"
                },
                {
                  "node": "l",
                  "frag": "[...]-⸢tu⸣",
                  "id": "P450367.l34cd1",
                  "ref": "P450367.6.1",
                  "inst": "%akk:x-tu=",
                  "f": {
                    "lang": "akk",
                    "form": "x-tu"
                  }
                },
                {
                  "node": "l",
                  "frag": "e-zib",
                  "id": "P450367.l34cd2",
                  "ref": "P450367.6.2",
                  "inst": "%akk:e-zib=",
                  "f": {
                    "lang": "akk",
                    "form": "e-zib"
                  }
                },
                {
                  "node": "l",
                  "frag": "KARAŠ-su",
                  "id": "P450367.l34cd3",
                  "ref": "P450367.6.3",
                  "inst": "%akk:KARAŠ-su=",
                  "f": {
                    "lang": "akk",
                    "form": "KARAŠ-su"
                  }
                },
                {
                  "node": "d",
                  "type": "line-start",
                  "ref": "P450367.7",
                  "n": "5'",
                  "label": "i 5'"
                },
                {
                  "node": "l",
                  "frag": "[...]-⸢piš⸣-tuš",
                  "id": "P450367.l34cd4",
                  "ref": "P450367.7.1",
                  "inst": "%akk:x-piš-tuš=",
                  "f": {
                    "lang": "akk",
                    "form": "x-piš-tuš"
                  }
                },
                {
                  "node": "l",
                  "frag": "e-ṭi₂-ir",
                  "id": "P450367.l34cd5",
                  "ref": "P450367.7.2",
                  "inst": "%akk:e-ṭi₂-ir=",
                  "f": {
                    "lang": "akk",
                    "form": "e-ṭi₂-ir"
                  }
                },
                {
                  "node": "d",
                  "type": "line-start",
                  "ref": "P450367.8",
                  "n": "6'",
                  "label": "i 6'"
                },
                {
                  "node": "l",
                  "frag": "[...]-um-bi",
                  "id": "P450367.l34cd6",
                  "ref": "P450367.8.1",
                  "inst": "%akk:x-um-bi=",
                  "f": {
                    "lang": "akk",
                    "form": "x-um-bi"
                  }
                },
                {
                  "node": "l",
                  "frag": "⸢ANŠE.KUNGA.MEŠ⸣",
                  "id": "P450367.l34cd7",
                  "ref": "P450367.8.2",
                  "inst": "%akk:ANŠE.KUNGA.MEŠ=",
                  "f": {
                    "lang": "akk",
                    "form": "ANŠE.KUNGA.MEŠ"
                  }
                },
                {
                  "node": "d",
                  "type": "line-start",
                  "ref": "P450367.9",
                  "n": "7'",
                  "label": "i 7'"
                },
                {
                  "node": "l",
                  "frag": "[...]-⸢zi",
                  "id": "P450367.l34cd8",
                  "ref": "P450367.9.1",
                  "inst": "%akk:x-zi=",
                  "f": {
                    "lang": "akk",
                    "form": "x-zi"
                  }
                },
                {
                  "node": "l",
                  "frag": "u₂-maš-ši-ru⸣",
                  "id": "P450367.l34cd9",
                  "ref": "P450367.9.2",
                  "inst": "%akk:u₂-maš-ši-ru=",
                  "f": {
                    "lang": "akk",
                    "form": "u₂-maš-ši-ru"
                  }
                },
                {
                  "node": "d",
                  "type": "line-start",
                  "ref": "P450367.10",
                  "n": "8'",
                  "label": "i 8'"
                },
                {
                  "node": "l",
                  "frag": "[...]-⸢reb⸣",
                  "id": "P450367.l34cda",
                  "ref": "P450367.10.1",
                  "inst": "%akk:x-reb=",
                  "f": {
                    "lang": "akk",
                    "form": "x-reb"
                  }
                },
                {
                  "node": "d",
                  "type": "nonx",
                  "ref": "P450367.11",
                  "strict": "1",
                  "extent": "n",
                  "scope": "line",
                  "state": "missing"
                },
                {
                  "node": "d",
                  "subtype": "column 2",
                  "type": "column",
                  "ref": "P450367.ii.12",
                  "n": "2",
                  "label": "ii"
                },
                {
                  "node": "d",
                  "type": "nonx",
                  "ref": "P450367.13",
                  "strict": "1",
                  "extent": "n",
                  "scope": "line",
                  "state": "missing"
                },
                {
                  "node": "d",
                  "type": "line-start",
                  "ref": "P450367.14",
                  "n": "1'",
                  "label": "ii 1'"
                },
                {
                  "node": "l",
                  "frag": "[x",
                  "id": "P450367.l34cdb",
                  "ref": "P450367.14.1",
                  "inst": "%akk:x=",
                  "f": {
                    "lang": "akk",
                    "form": "x"
                  }
                },
                {
                  "node": "l",
                  "frag": "x]",
                  "id": "P450367.l34cdc",
                  "ref": "P450367.14.2",
                  "inst": "%akk:x=",
                  "f": {
                    "lang": "akk",
                    "form": "x"
                  }
                },
                {
                  "node": "l",
                  "frag": "u₃",
                  "id": "P450367.l34cdd",
                  "ref": "P450367.14.3",
                  "inst": "%akk:u₃=",
                  "f": {
                    "lang": "akk",
                    "form": "u₃"
                  }
                },
                {
                  "node": "l",
                  "frag": "[...]",
                  "id": "P450367.l34cde",
                  "ref": "P450367.14.4",
                  "inst": "%akk:x=",
                  "f": {
                    "lang": "akk",
                    "form": "x"
                  }
                },
                {
                  "node": "d",
                  "type": "line-start",
                  "ref": "P450367.15",
                  "n": "2'",
                  "label": "ii 2'"
                },
                {
                  "node": "l",
                  "frag": "a-di",
                  "id": "P450367.l34cdf",
                  "ref": "P450367.15.1",
                  "inst": "%akk:a-di=",
                  "f": {
                    "lang": "akk",
                    "form": "a-di"
                  }
                },
                {
                  "node": "l",
                  "frag": "la",
                  "id": "P450367.l34ce0",
                  "ref": "P450367.15.2",
                  "inst": "%akk:la=",
                  "f": {
                    "lang": "akk",
                    "form": "la"
                  }
                },
                {
                  "node": "l",
                  "frag": "ba-ši-⸢i⸣",
                  "id": "P450367.l34ce1",
                  "ref": "P450367.15.3",
                  "inst": "%akk:ba-ši-i=",
                  "f": {
                    "lang": "akk",
                    "form": "ba-ši-i"
                  }
                },
                {
                  "node": "l",
                  "frag": "[...]",
                  "id": "P450367.l34ce2",
                  "ref": "P450367.15.4",
                  "inst": "%akk:x=",
                  "f": {
                    "lang": "akk",
                    "form": "x"
                  }
                },
                {
                  "node": "d",
                  "type": "line-start",
                  "ref": "P450367.16",
                  "n": "3'",
                  "label": "ii 3'"
                },
                {
                  "node": "l",
                  "frag": "{uru}ṣi-ṣi-ir-tu",
                  "id": "P450367.l34ce3",
                  "ref": "P450367.16.1",
                  "inst": "%akk:{URU}ṣi-ṣi-ir-tu=",
                  "f": {
                    "lang": "akk",
                    "form": "{URU}ṣi-ṣi-ir-tu"
                  }
                },
                {
                  "node": "l",
                  "frag": "[...]",
                  "id": "P450367.l34ce4",
                  "ref": "P450367.16.2",
                  "inst": "%akk:x=",
                  "f": {
                    "lang": "akk",
                    "form": "x"
                  }
                },
                {
                  "node": "d",
                  "type": "line-start",
                  "ref": "P450367.17",
                  "n": "4'",
                  "label": "ii 4'"
                },
                {
                  "node": "l",
                  "frag": "URU.MEŠ-ni",
                  "id": "P450367.l34ce5",
                  "ref": "P450367.17.1",
                  "inst": "%akk:URU.MEŠ-ni=",
                  "f": {
                    "lang": "akk",
                    "form": "URU.MEŠ-ni"
                  }
                },
                {
                  "node": "l",
                  "frag": "dan-⸢nu-ti⸣",
                  "id": "P450367.l34ce6",
                  "ref": "P450367.17.2",
                  "inst": "%akk:dan-nu-ti=",
                  "f": {
                    "lang": "akk",
                    "form": "dan-nu-ti"
                  }
                },
                {
                  "node": "l",
                  "frag": "[x",
                  "id": "P450367.l34ce7",
                  "ref": "P450367.17.3",
                  "inst": "%akk:x=",
                  "f": {
                    "lang": "akk",
                    "form": "x"
                  }
                },
                {
                  "node": "l",
                  "frag": "x]",
                  "id": "P450367.l34ce8",
                  "ref": "P450367.17.4",
                  "inst": "%akk:x=",
                  "f": {
                    "lang": "akk",
                    "form": "x"
                  }
                },
                {
                  "node": "d",
                  "type": "line-start",
                  "ref": "P450367.18",
                  "n": "5'",
                  "label": "ii 5'"
                },
                {
                  "node": "l",
                  "frag": "ša",
                  "id": "P450367.l34ce9",
                  "ref": "P450367.18.1",
                  "inst": "%akk:ša=",
                  "f": {
                    "lang": "akk",
                    "form": "ša"
                  }
                },
                {
                  "node": "l",
                  "frag": "li-me-ti-⸢šu₂⸣-nu",
                  "id": "P450367.l34cea",
                  "ref": "P450367.18.2",
                  "inst": "%akk:li-me-ti-šu₂-nu=",
                  "f": {
                    "lang": "akk",
                    "form": "li-me-ti-šu₂-nu"
                  }
                },
                {
                  "node": "l",
                  "frag": "[...]",
                  "id": "P450367.l34ceb",
                  "ref": "P450367.18.3",
                  "inst": "%akk:x=",
                  "f": {
                    "lang": "akk",
                    "form": "x"
                  }
                },
                {
                  "node": "d",
                  "type": "line-start",
                  "ref": "P450367.19",
                  "n": "6'",
                  "label": "ii 6'"
                },
                {
                  "node": "l",
                  "frag": "na-gu-u₂",
                  "id": "P450367.l34cec",
                  "ref": "P450367.19.1",
                  "inst": "%akk:na-gu-u₂=",
                  "f": {
                    "lang": "akk",
                    "form": "na-gu-u₂"
                  }
                },
                {
                  "node": "l",
                  "frag": "⸢a-na",
                  "id": "P450367.l34ced",
                  "ref": "P450367.19.2",
                  "inst": "%akk:a-na=",
                  "f": {
                    "lang": "akk",
                    "form": "a-na"
                  }
                },
                {
                  "node": "l",
                  "frag": "gi⸣-[...]",
                  "id": "P450367.l34cee",
                  "ref": "P450367.19.3",
                  "inst": "%akk:gi-x=",
                  "f": {
                    "lang": "akk",
                    "form": "gi-x"
                  }
                },
                {
                  "node": "d",
                  "type": "line-start",
                  "ref": "P450367.20",
                  "n": "7'",
                  "label": "ii 7'"
                },
                {
                  "node": "l",
                  "frag": "KUR-šu₂",
                  "id": "P450367.l34cef",
                  "ref": "P450367.20.1",
                  "inst": "%akk:KUR-šu₂=",
                  "f": {
                    "lang": "akk",
                    "form": "KUR-šu₂"
                  }
                },
                {
                  "node": "l",
                  "frag": "ab-⸢tuq-ma",
                  "id": "P450367.l34cf0",
                  "ref": "P450367.20.2",
                  "inst": "%akk:ab-tuq-ma=",
                  "f": {
                    "lang": "akk",
                    "form": "ab-tuq-ma"
                  }
                },
                {
                  "node": "l",
                  "frag": "UGU",
                  "id": "P450367.l34cf1",
                  "ref": "P450367.20.3",
                  "inst": "%akk:UGU=",
                  "f": {
                    "lang": "akk",
                    "form": "UGU"
                  }
                },
                {
                  "node": "l",
                  "frag": "mi⸣-[...]",
                  "id": "P450367.l34cf2",
                  "ref": "P450367.20.4",
                  "inst": "%akk:mi-x=",
                  "f": {
                    "lang": "akk",
                    "form": "mi-x"
                  }
                },
                {
                  "node": "d",
                  "type": "line-start",
                  "ref": "P450367.21",
                  "n": "8'",
                  "label": "ii 8'"
                },
                {
                  "node": "l",
                  "frag": "{uru}el-en-za-⸢aš₂⸣",
                  "id": "P450367.l34cf3",
                  "ref": "P450367.21.1",
                  "inst": "%akk:{URU}el-en-za-aš₂=",
                  "f": {
                    "lang": "akk",
                    "form": "{URU}el-en-za-aš₂"
                  }
                },
                {
                  "node": "l",
                  "frag": "[...]",
                  "id": "P450367.l34cf4",
                  "ref": "P450367.21.2",
                  "inst": "%akk:x=",
                  "f": {
                    "lang": "akk",
                    "form": "x"
                  }
                },
                {
                  "node": "d",
                  "type": "line-start",
                  "ref": "P450367.22",
                  "n": "9'",
                  "label": "ii 9'"
                },
                {
                  "node": "l",
                  "frag": "u₃",
                  "id": "P450367.l34cf5",
                  "ref": "P450367.22.1",
                  "inst": "%akk:u₃=",
                  "f": {
                    "lang": "akk",
                    "form": "u₃"
                  }
                },
                {
                  "node": "l",
                  "frag": "⸢dan-na-at⸣",
                  "id": "P450367.l34cf6",
                  "ref": "P450367.22.2",
                  "inst": "%akk:dan-na-at=",
                  "f": {
                    "lang": "akk",
                    "form": "dan-na-at"
                  }
                },
                {
                  "node": "l",
                  "frag": "[...]",
                  "id": "P450367.l34cf7",
                  "ref": "P450367.22.3",
                  "inst": "%akk:x=",
                  "f": {
                    "lang": "akk",
                    "form": "x"
                  }
                },
                {
                  "node": "d",
                  "type": "line-start",
                  "ref": "P450367.23",
                  "n": "10'",
                  "label": "ii 10'"
                },
                {
                  "node": "l",
                  "frag": "MU-šu₂",
                  "id": "P450367.l34cf8",
                  "ref": "P450367.23.1",
                  "inst": "%akk:MU-šu₂=",
                  "f": {
                    "lang": "akk",
                    "form": "MU-šu₂"
                  }
                },
                {
                  "node": "l",
                  "frag": "mah-⸢ra⸣-[...]",
                  "id": "P450367.l34cf9",
                  "ref": "P450367.23.2",
                  "inst": "%akk:mah-ra-x=",
                  "f": {
                    "lang": "akk",
                    "form": "mah-ra-x"
                  }
                },
                {
                  "node": "d",
                  "type": "line-start",
                  "ref": "P450367.24",
                  "n": "11'",
                  "label": "ii 11'"
                },
                {
                  "node": "l",
                  "frag": "[x]",
                  "id": "P450367.l34cfa",
                  "ref": "P450367.24.1",
                  "inst": "%akk:x=",
                  "f": {
                    "lang": "akk",
                    "form": "x"
                  }
                },
                {
                  "node": "l",
                  "frag": "kar-{m}{d}[...]",
                  "id": "P450367.l34cfb",
                  "ref": "P450367.24.2",
                  "inst": "%akk:kar-{m}{d}x=",
                  "f": {
                    "lang": "akk",
                    "form": "kar-{m}{d}x"
                  }
                },
                {
                  "node": "d",
                  "type": "line-start",
                  "ref": "P450367.25",
                  "n": "12'",
                  "label": "ii 12'"
                },
                {
                  "node": "l",
                  "frag": "[x",
                  "id": "P450367.l34cfc",
                  "ref": "P450367.25.1",
                  "inst": "%akk:x=",
                  "f": {
                    "lang": "akk",
                    "form": "x"
                  }
                },
                {
                  "node": "l",
                  "frag": "x]",
                  "id": "P450367.l34cfd",
                  "ref": "P450367.25.2",
                  "inst": "%akk:x=",
                  "f": {
                    "lang": "akk",
                    "form": "x"
                  }
                },
                {
                  "node": "l",
                  "frag": "x",
                  "id": "P450367.l34cfe",
                  "ref": "P450367.25.3",
                  "inst": "%akk:x=",
                  "f": {
                    "lang": "akk",
                    "form": "x"
                  }
                },
                {
                  "node": "l",
                  "frag": "[...]",
                  "id": "P450367.l34cff",
                  "ref": "P450367.25.4",
                  "inst": "%akk:x=",
                  "f": {
                    "lang": "akk",
                    "form": "x"
                  }
                },
                {
                  "node": "d",
                  "type": "nonx",
                  "ref": "P450367.26",
                  "strict": "1",
                  "extent": "n",
                  "scope": "line",
                  "state": "missing"
                }
              ]
            }
          ]
        }
      ]
    }
  ]
}
