{
  "type": "cdl",
  "source": "http://oracc.org/rinap/sources",
  "license": "This data is released under the CC0 license",
  "license-url": "https://creativecommons.org/publicdomain/zero/1.0/",
  "more-info": "http://oracc.org/doc/opendata/",
  "UTC-timestamp": "2017-06-10T00:28:19",
  "project": "rinap/sources",
  "textid": "P450532",
  "cdl": [
    {
      "node": "c",
      "type": "text",
      "id": "P450532.U0",
      "cdl": [
        {
          "node": "d",
          "type": "object",
          "ref": ""
        },
        {
          "node": "d",
          "type": "surface",
          "ref": ""
        },
        {
          "node": "c",
          "type": "discourse",
          "subtype": "body",
          "id": "P450532.U1",
          "cdl": [
            {
              "node": "c",
              "type": "sentence",
              "id": "P450532.U2",
              "label": "1 - 11",
              "cdl": [
                {
                  "node": "d",
                  "type": "line-start",
                  "ref": "P450532.1",
                  "n": "1",
                  "label": "1"
                },
                {
                  "node": "l",
                  "frag": "[x",
                  "id": "P450532.l27d6d",
                  "ref": "P450532.1.1",
                  "inst": "%sux:x=",
                  "f": {
                    "lang": "sux",
                    "form": "x"
                  }
                },
                {
                  "node": "l",
                  "frag": "x]-⸢ri⸣",
                  "id": "P450532.l27d6e",
                  "ref": "P450532.1.2",
                  "inst": "%sux:x-ri=",
                  "f": {
                    "lang": "sux",
                    "form": "x-ri"
                  }
                },
                {
                  "node": "d",
                  "type": "line-start",
                  "ref": "P450532.2",
                  "n": "2",
                  "label": "2"
                },
                {
                  "node": "l",
                  "frag": "⸢lugal⸣-[a]-ni-ir",
                  "id": "P450532.l27d6f",
                  "ref": "P450532.2.1",
                  "inst": "%sux:lugal-a-ni-ir=",
                  "f": {
                    "lang": "sux",
                    "form": "lugal-a-ni-ir"
                  }
                },
                {
                  "node": "d",
                  "type": "line-start",
                  "ref": "P450532.3",
                  "n": "3",
                  "label": "3"
                },
                {
                  "node": "l",
                  "frag": "⸢AN⸣.ŠAR₂-ŠEŠ-MU",
                  "id": "P450532.l27d70",
                  "ref": "P450532.3.1",
                  "inst": "%akk:AN.ŠAR₂-ŠEŠ-MU=",
                  "f": {
                    "lang": "akk",
                    "form": "AN.ŠAR₂-ŠEŠ-MU"
                  }
                },
                {
                  "node": "d",
                  "type": "line-start",
                  "ref": "P450532.4",
                  "n": "4",
                  "label": "4"
                },
                {
                  "node": "l",
                  "frag": "lugal",
                  "id": "P450532.l27d71",
                  "ref": "P450532.4.1",
                  "inst": "%sux:lugal=",
                  "f": {
                    "lang": "sux",
                    "form": "lugal"
                  }
                },
                {
                  "node": "l",
                  "frag": "ma-da",
                  "id": "P450532.l27d72",
                  "ref": "P450532.4.2",
                  "inst": "%sux:ma-da=",
                  "f": {
                    "lang": "sux",
                    "form": "ma-da"
                  }
                },
                {
                  "node": "l",
                  "frag": "aš-šur{ki}ke₄",
                  "id": "P450532.l27d73",
                  "ref": "P450532.4.3",
                  "inst": "%sux:aš-šur{ki}-ke₄=",
                  "f": {
                    "lang": "sux",
                    "form": "aš-šur{ki}-ke₄"
                  }
                },
                {
                  "node": "d",
                  "type": "line-start",
                  "ref": "P450532.5",
                  "n": "5",
                  "label": "5"
                },
                {
                  "node": "l",
                  "frag": "lugal",
                  "id": "P450532.l27d74",
                  "ref": "P450532.5.1",
                  "inst": "%sux:lugal=",
                  "f": {
                    "lang": "sux",
                    "form": "lugal"
                  }
                },
                {
                  "node": "l",
                  "frag": "ki-šar₂-ra",
                  "id": "P450532.l27d75",
                  "ref": "P450532.5.2",
                  "inst": "%sux:ki-šar₂-ra=",
                  "f": {
                    "lang": "sux",
                    "form": "ki-šar₂-ra"
                  }
                },
                {
                  "node": "d",
                  "type": "line-start",
                  "ref": "P450532.6",
                  "n": "6",
                  "label": "6"
                },
                {
                  "node": "l",
                  "frag": "lugal",
                  "id": "P450532.l27d76",
                  "ref": "P450532.6.1",
                  "inst": "%sux:lugal=",
                  "f": {
                    "lang": "sux",
                    "form": "lugal"
                  }
                },
                {
                  "node": "l",
                  "frag": "ub-da",
                  "id": "P450532.l27d77",
                  "ref": "P450532.6.2",
                  "inst": "%sux:ub-da=",
                  "f": {
                    "lang": "sux",
                    "form": "ub-da"
                  }
                },
                {
                  "node": "l",
                  "frag": "limmu₂-ba",
                  "id": "P450532.l27d78",
                  "ref": "P450532.6.3",
                  "inst": "%sux:limmu₂-ba=",
                  "f": {
                    "lang": "sux",
                    "form": "limmu₂-ba"
                  }
                },
                {
                  "node": "d",
                  "type": "line-start",
                  "ref": "P450532.7",
                  "n": "7",
                  "label": "7"
                },
                {
                  "node": "l",
                  "frag": "šagina",
                  "id": "P450532.l27d79",
                  "ref": "P450532.7.1",
                  "inst": "%sux:šagina=",
                  "f": {
                    "lang": "sux",
                    "form": "šagina"
                  }
                },
                {
                  "node": "l",
                  "frag": "TIN.TIR{ki}",
                  "id": "P450532.l27d7a",
                  "ref": "P450532.7.2",
                  "inst": "%akk:TIN.TIR{KI}=",
                  "f": {
                    "lang": "akk",
                    "form": "TIN.TIR{KI}"
                  }
                },
                {
                  "node": "d",
                  "type": "line-start",
                  "ref": "P450532.8",
                  "n": "8",
                  "label": "8"
                },
                {
                  "node": "l",
                  "frag": "lugal",
                  "id": "P450532.l27d7b",
                  "ref": "P450532.8.1",
                  "inst": "%sux:lugal=",
                  "f": {
                    "lang": "sux",
                    "form": "lugal"
                  }
                },
                {
                  "node": "l",
                  "frag": "ki-in-gi",
                  "id": "P450532.l27d7c",
                  "ref": "P450532.8.2",
                  "inst": "%sux:ki-in-gi=",
                  "f": {
                    "lang": "sux",
                    "form": "ki-in-gi"
                  }
                },
                {
                  "node": "l",
                  "frag": "uri{ki}",
                  "id": "P450532.l27d7d",
                  "ref": "P450532.8.3",
                  "inst": "%sux:uri{ki}=",
                  "f": {
                    "lang": "sux",
                    "form": "uri{ki}"
                  }
                },
                {
                  "node": "d",
                  "type": "line-start",
                  "ref": "P450532.9",
                  "n": "9",
                  "label": "9"
                },
                {
                  "node": "l",
                  "frag": "nam-til₃-bi-še₃",
                  "id": "P450532.l27d7e",
                  "ref": "P450532.9.1",
                  "inst": "%sux:nam-til₃-bi-še₃=",
                  "f": {
                    "lang": "sux",
                    "form": "nam-til₃-bi-še₃"
                  }
                },
                {
                  "node": "d",
                  "type": "line-start",
                  "ref": "P450532.10",
                  "n": "10",
                  "label": "10"
                },
                {
                  "node": "l",
                  "frag": "e₂-te-me-en-an-ki",
                  "id": "P450532.l27d7f",
                  "ref": "P450532.10.1",
                  "inst": "%sux:e₂-te-me-en-an-ki=",
                  "f": {
                    "lang": "sux",
                    "form": "e₂-te-me-en-an-ki"
                  }
                },
                {
                  "node": "d",
                  "type": "line-start",
                  "ref": "P450532.11",
                  "n": "11",
                  "label": "11"
                },
                {
                  "node": "l",
                  "frag": "mu-na-dim₂",
                  "id": "P450532.l27d80",
                  "ref": "P450532.11.1",
                  "inst": "%sux:mu-na-dim₂=",
                  "f": {
                    "lang": "sux",
                    "form": "mu-na-dim₂"
                  }
                }
              ]
            }
          ]
        }
      ]
    }
  ]
}
