{
  "type": "cdl",
  "source": "http://oracc.org/rinap/sources",
  "license": "This data is released under the CC0 license",
  "license-url": "https://creativecommons.org/publicdomain/zero/1.0/",
  "more-info": "http://oracc.org/doc/opendata/",
  "UTC-timestamp": "2017-06-10T00:28:05",
  "project": "rinap/sources",
  "textid": "P450354",
  "cdl": [
    {
      "node": "c",
      "type": "text",
      "id": "P450354.U0",
      "cdl": [
        {
          "node": "d",
          "type": "object",
          "ref": ""
        },
        {
          "node": "d",
          "type": "surface",
          "ref": ""
        },
        {
          "node": "d",
          "subtype": "column 1'",
          "type": "column",
          "ref": "P450354.i_.1",
          "n": "1",
          "label": "i'"
        },
        {
          "node": "d",
          "type": "nonx",
          "ref": "P450354.2",
          "strict": "1",
          "extent": "n",
          "scope": "line",
          "state": "missing"
        },
        {
          "node": "c",
          "type": "discourse",
          "subtype": "body",
          "id": "P450354.U1",
          "cdl": [
            {
              "node": "c",
              "type": "sentence",
              "id": "P450354.U2",
              "label": "i' 1' - iii' 10'",
              "cdl": [
                {
                  "node": "d",
                  "type": "line-start",
                  "ref": "P450354.3",
                  "n": "1'",
                  "label": "i' 1'"
                },
                {
                  "node": "l",
                  "frag": "[...]",
                  "id": "P450354.l313ba",
                  "ref": "P450354.3.1",
                  "inst": "%akk:x=",
                  "f": {
                    "lang": "akk",
                    "form": "x"
                  }
                },
                {
                  "node": "l",
                  "frag": "x",
                  "id": "P450354.l313bb",
                  "ref": "P450354.3.2",
                  "inst": "%akk:x=",
                  "f": {
                    "lang": "akk",
                    "form": "x"
                  }
                },
                {
                  "node": "l",
                  "frag": "(x)",
                  "id": "P450354.l313bc",
                  "ref": "P450354.3.3",
                  "inst": "%akk:x=",
                  "f": {
                    "lang": "akk",
                    "form": "x"
                  }
                },
                {
                  "node": "l",
                  "frag": "[...]",
                  "id": "P450354.l313bd",
                  "ref": "P450354.3.4",
                  "inst": "%akk:x=",
                  "f": {
                    "lang": "akk",
                    "form": "x"
                  }
                },
                {
                  "node": "d",
                  "type": "line-start",
                  "ref": "P450354.4",
                  "n": "2'",
                  "label": "i' 2'"
                },
                {
                  "node": "l",
                  "frag": "[...]-⸢šu₂⸣",
                  "id": "P450354.l313be",
                  "ref": "P450354.4.1",
                  "inst": "%akk:x-šu₂=",
                  "f": {
                    "lang": "akk",
                    "form": "x-šu₂"
                  }
                },
                {
                  "node": "l",
                  "frag": "e-[x]",
                  "id": "P450354.l313bf",
                  "ref": "P450354.4.2",
                  "inst": "%akk:e-x=",
                  "f": {
                    "lang": "akk",
                    "form": "e-x"
                  }
                },
                {
                  "node": "d",
                  "type": "line-start",
                  "ref": "P450354.5",
                  "n": "3'",
                  "label": "i' 3'"
                },
                {
                  "node": "l",
                  "frag": "[...]-⸢nu⸣",
                  "id": "P450354.l313c0",
                  "ref": "P450354.5.1",
                  "inst": "%akk:x-nu=",
                  "f": {
                    "lang": "akk",
                    "form": "x-nu"
                  }
                },
                {
                  "node": "l",
                  "frag": "GAL-u₂",
                  "id": "P450354.l313c1",
                  "ref": "P450354.5.2",
                  "inst": "%akk:GAL-u₂=",
                  "f": {
                    "lang": "akk",
                    "form": "GAL-u₂"
                  }
                },
                {
                  "node": "d",
                  "type": "line-start",
                  "ref": "P450354.6",
                  "n": "4'",
                  "label": "i' 4'"
                },
                {
                  "node": "l",
                  "frag": "[...]-⸢nu⸣",
                  "id": "P450354.l313c2",
                  "ref": "P450354.6.1",
                  "inst": "%akk:x-nu=",
                  "f": {
                    "lang": "akk",
                    "form": "x-nu"
                  }
                },
                {
                  "node": "l",
                  "frag": "ṣe-eh-ru",
                  "id": "P450354.l313c3",
                  "ref": "P450354.6.2",
                  "inst": "%akk:ṣe-eh-ru=",
                  "f": {
                    "lang": "akk",
                    "form": "ṣe-eh-ru"
                  }
                },
                {
                  "node": "d",
                  "type": "line-start",
                  "ref": "P450354.7",
                  "n": "5'",
                  "label": "i' 5'"
                },
                {
                  "node": "l",
                  "frag": "[...]-⸢ti⸣",
                  "id": "P450354.l313c4",
                  "ref": "P450354.7.1",
                  "inst": "%akk:x-ti=",
                  "f": {
                    "lang": "akk",
                    "form": "x-ti"
                  }
                },
                {
                  "node": "l",
                  "frag": "{uru}ṣa-ri-ip-tu",
                  "id": "P450354.l313c5",
                  "ref": "P450354.7.2",
                  "inst": "%akk:{URU}ṣa-ri-ip-tu=",
                  "f": {
                    "lang": "akk",
                    "form": "{URU}ṣa-ri-ip-tu"
                  }
                },
                {
                  "node": "d",
                  "type": "line-start",
                  "ref": "P450354.8",
                  "n": "6'",
                  "label": "i' 6'"
                },
                {
                  "node": "l",
                  "frag": "[...]",
                  "id": "P450354.l313c6",
                  "ref": "P450354.8.1",
                  "inst": "%akk:x=",
                  "f": {
                    "lang": "akk",
                    "form": "x"
                  }
                },
                {
                  "node": "l",
                  "frag": "{uru}u₂-šu-u₂",
                  "id": "P450354.l313c7",
                  "ref": "P450354.8.2",
                  "inst": "%akk:{URU}u₂-šu-u₂=",
                  "f": {
                    "lang": "akk",
                    "form": "{URU}u₂-šu-u₂"
                  }
                },
                {
                  "node": "d",
                  "type": "line-start",
                  "ref": "P450354.9",
                  "n": "7'",
                  "label": "i' 7'"
                },
                {
                  "node": "l",
                  "frag": "[...]",
                  "id": "P450354.l313c8",
                  "ref": "P450354.9.1",
                  "inst": "%akk:x=",
                  "f": {
                    "lang": "akk",
                    "form": "x"
                  }
                },
                {
                  "node": "l",
                  "frag": "{uru}⸢ak-ku⸣-u₂",
                  "id": "P450354.l313c9",
                  "ref": "P450354.9.2",
                  "inst": "%akk:{URU}ak-ku-u₂=",
                  "f": {
                    "lang": "akk",
                    "form": "{URU}ak-ku-u₂"
                  }
                },
                {
                  "node": "d",
                  "type": "line-start",
                  "ref": "P450354.10",
                  "n": "8'",
                  "label": "i' 8'"
                },
                {
                  "node": "l",
                  "frag": "[...]",
                  "id": "P450354.l313ca",
                  "ref": "P450354.10.1",
                  "inst": "%akk:x=",
                  "f": {
                    "lang": "akk",
                    "form": "x"
                  }
                },
                {
                  "node": "l",
                  "frag": "⸢E₂⸣",
                  "id": "P450354.l313cb",
                  "ref": "P450354.10.2",
                  "inst": "%akk:E₂=",
                  "f": {
                    "lang": "akk",
                    "form": "E₂"
                  }
                },
                {
                  "node": "l",
                  "frag": "BAD₃.MEŠ-ni",
                  "id": "P450354.l313cc",
                  "ref": "P450354.10.3",
                  "inst": "%akk:BAD₃.MEŠ-ni=",
                  "f": {
                    "lang": "akk",
                    "form": "BAD₃.MEŠ-ni"
                  }
                },
                {
                  "node": "d",
                  "type": "line-start",
                  "ref": "P450354.11",
                  "n": "9'",
                  "label": "i' 9'"
                },
                {
                  "node": "l",
                  "frag": "[...]",
                  "id": "P450354.l313cd",
                  "ref": "P450354.11.1",
                  "inst": "%akk:x=",
                  "f": {
                    "lang": "akk",
                    "form": "x"
                  }
                },
                {
                  "node": "l",
                  "frag": "⸢u₃⸣",
                  "id": "P450354.l313ce",
                  "ref": "P450354.11.2",
                  "inst": "%akk:u₃=",
                  "f": {
                    "lang": "akk",
                    "form": "u₃"
                  }
                },
                {
                  "node": "l",
                  "frag": "maš-qi₂-ti",
                  "id": "P450354.l313cf",
                  "ref": "P450354.11.3",
                  "inst": "%akk:maš-qi₂-ti=",
                  "f": {
                    "lang": "akk",
                    "form": "maš-qi₂-ti"
                  }
                },
                {
                  "node": "d",
                  "type": "line-start",
                  "ref": "P450354.12",
                  "n": "10'",
                  "label": "i' 10'"
                },
                {
                  "node": "l",
                  "frag": "[...]-⸢šub⸣-bat",
                  "id": "P450354.l313d0",
                  "ref": "P450354.12.1",
                  "inst": "%akk:x-šub-bat=",
                  "f": {
                    "lang": "akk",
                    "form": "x-šub-bat"
                  }
                },
                {
                  "node": "l",
                  "frag": "{giš}TUKUL",
                  "id": "P450354.l313d1",
                  "ref": "P450354.12.2",
                  "inst": "%akk:{GIŠ}TUKUL=",
                  "f": {
                    "lang": "akk",
                    "form": "{GIŠ}TUKUL"
                  }
                },
                {
                  "node": "l",
                  "frag": "{d}aš-šur",
                  "id": "P450354.l313d2",
                  "ref": "P450354.12.3",
                  "inst": "%akk:{d}aš-šur=",
                  "f": {
                    "lang": "akk",
                    "form": "{d}aš-šur"
                  }
                },
                {
                  "node": "l",
                  "frag": "EN-⸢ia₂⸣",
                  "id": "P450354.l313d3",
                  "ref": "P450354.12.4",
                  "inst": "%akk:EN-ia₂=",
                  "f": {
                    "lang": "akk",
                    "form": "EN-ia₂"
                  }
                },
                {
                  "node": "d",
                  "type": "line-start",
                  "ref": "P450354.13",
                  "n": "11'",
                  "label": "i' 11'"
                },
                {
                  "node": "l",
                  "frag": "[...]-⸢ma⸣",
                  "id": "P450354.l313d4",
                  "ref": "P450354.13.1",
                  "inst": "%akk:x-ma=",
                  "f": {
                    "lang": "akk",
                    "form": "x-ma"
                  }
                },
                {
                  "node": "l",
                  "frag": "ik-nu-šu",
                  "id": "P450354.l313d5",
                  "ref": "P450354.13.2",
                  "inst": "%akk:ik-nu-šu=",
                  "f": {
                    "lang": "akk",
                    "form": "ik-nu-šu"
                  }
                },
                {
                  "node": "l",
                  "frag": "<še>-pu-u-a",
                  "id": "P450354.l313d6",
                  "ref": "P450354.13.3",
                  "inst": "%akk:še-pu-u-a=",
                  "f": {
                    "lang": "akk",
                    "form": "še-pu-u-a"
                  }
                },
                {
                  "node": "d",
                  "type": "line-start",
                  "ref": "P450354.14",
                  "n": "12'",
                  "label": "i' 12'"
                },
                {
                  "node": "l",
                  "frag": "[...].⸢ZA⸣",
                  "id": "P450354.l313d7",
                  "ref": "P450354.14.1",
                  "inst": "%akk:x.ZA=",
                  "f": {
                    "lang": "akk",
                    "form": "x.ZA"
                  }
                },
                {
                  "node": "l",
                  "frag": "LUGAL-u₂-ti",
                  "id": "P450354.l313d8",
                  "ref": "P450354.14.2",
                  "inst": "%akk:LUGAL-u₂-ti=",
                  "f": {
                    "lang": "akk",
                    "form": "LUGAL-u₂-ti"
                  }
                },
                {
                  "node": "d",
                  "type": "line-start",
                  "ref": "P450354.15",
                  "n": "13'",
                  "label": "i' 13'"
                },
                {
                  "node": "l",
                  "frag": "[...]",
                  "id": "P450354.l313d9",
                  "ref": "P450354.15.1",
                  "inst": "%akk:x=",
                  "f": {
                    "lang": "akk",
                    "form": "x"
                  }
                },
                {
                  "node": "l",
                  "frag": "⸢GUN",
                  "id": "P450354.l313da",
                  "ref": "P450354.15.2",
                  "inst": "%akk:GUN=",
                  "f": {
                    "lang": "akk",
                    "form": "GUN"
                  }
                },
                {
                  "node": "l",
                  "frag": "man⸣-da-⸢at-tu₂⸣",
                  "id": "P450354.l313db",
                  "ref": "P450354.15.3",
                  "inst": "%akk:man-da-at-tu₂=",
                  "f": {
                    "lang": "akk",
                    "form": "man-da-at-tu₂"
                  }
                },
                {
                  "node": "d",
                  "type": "line-start",
                  "ref": "P450354.16",
                  "n": "14'",
                  "label": "i' 14'"
                },
                {
                  "node": "l",
                  "frag": "[...]",
                  "id": "P450354.l313dc",
                  "ref": "P450354.16.1",
                  "inst": "%akk:x=",
                  "f": {
                    "lang": "akk",
                    "form": "x"
                  }
                },
                {
                  "node": "l",
                  "frag": "u₂-⸢kin⸣",
                  "id": "P450354.l313dd",
                  "ref": "P450354.16.2",
                  "inst": "%akk:u₂-kin=",
                  "f": {
                    "lang": "akk",
                    "form": "u₂-kin"
                  }
                },
                {
                  "node": "l",
                  "frag": "ṣe-ru-⸢uš-šu₂⸣",
                  "id": "P450354.l313de",
                  "ref": "P450354.16.3",
                  "inst": "%akk:ṣe-ru-uš-šu₂=",
                  "f": {
                    "lang": "akk",
                    "form": "ṣe-ru-uš-šu₂"
                  }
                },
                {
                  "node": "d",
                  "subtype": "column 2'",
                  "type": "column",
                  "ref": "P450354.ii_.17",
                  "n": "2",
                  "label": "ii'"
                },
                {
                  "node": "d",
                  "type": "nonx",
                  "ref": "P450354.18",
                  "strict": "1",
                  "extent": "n",
                  "scope": "line",
                  "state": "missing"
                },
                {
                  "node": "d",
                  "type": "line-start",
                  "ref": "P450354.19",
                  "n": "1'",
                  "label": "ii' 1'"
                },
                {
                  "node": "l",
                  "frag": "⸢ANŠE⸣.[...]",
                  "id": "P450354.l313df",
                  "ref": "P450354.19.1",
                  "inst": "%akk:ANŠE.x=",
                  "f": {
                    "lang": "akk",
                    "form": "ANŠE.x"
                  }
                },
                {
                  "node": "d",
                  "type": "line-start",
                  "ref": "P450354.20",
                  "n": "2'",
                  "label": "ii' 2'"
                },
                {
                  "node": "l",
                  "frag": "GU₄.⸢MEŠ",
                  "id": "P450354.l313e0",
                  "ref": "P450354.20.1",
                  "inst": "%akk:GU₄.MEŠ=",
                  "f": {
                    "lang": "akk",
                    "form": "GU₄.MEŠ"
                  }
                },
                {
                  "node": "l",
                  "frag": "u",
                  "id": "P450354.l313e1",
                  "ref": "P450354.20.2",
                  "inst": "%akk:u=",
                  "f": {
                    "lang": "akk",
                    "form": "u"
                  }
                },
                {
                  "node": "l",
                  "frag": "US₅.UDU⸣.[...]",
                  "id": "P450354.l313e2",
                  "ref": "P450354.20.3",
                  "inst": "%akk:US₅.UDU.x=",
                  "f": {
                    "lang": "akk",
                    "form": "US₅.UDU.x"
                  }
                },
                {
                  "node": "d",
                  "type": "line-start",
                  "ref": "P450354.21",
                  "n": "3'",
                  "label": "ii' 3'"
                },
                {
                  "node": "l",
                  "frag": "ul-tu",
                  "id": "P450354.l313e3",
                  "ref": "P450354.21.1",
                  "inst": "%akk:ul-tu=",
                  "f": {
                    "lang": "akk",
                    "form": "ul-tu"
                  }
                },
                {
                  "node": "l",
                  "frag": "⸢qer⸣-[...]",
                  "id": "P450354.l313e4",
                  "ref": "P450354.21.2",
                  "inst": "%akk:qer-x=",
                  "f": {
                    "lang": "akk",
                    "form": "qer-x"
                  }
                },
                {
                  "node": "d",
                  "type": "line-start",
                  "ref": "P450354.22",
                  "n": "4'",
                  "label": "ii' 4'"
                },
                {
                  "node": "l",
                  "frag": "⸢šal⸣-la-tiš",
                  "id": "P450354.l313e5",
                  "ref": "P450354.22.1",
                  "inst": "%akk:šal-la-tiš=",
                  "f": {
                    "lang": "akk",
                    "form": "šal-la-tiš"
                  }
                },
                {
                  "node": "l",
                  "frag": "am-nu",
                  "id": "P450354.l313e6",
                  "ref": "P450354.22.2",
                  "inst": "%akk:am-nu=",
                  "f": {
                    "lang": "akk",
                    "form": "am-nu"
                  }
                },
                {
                  "node": "l",
                  "frag": "ša₂-⸢a⸣-[...]",
                  "id": "P450354.l313e7",
                  "ref": "P450354.22.3",
                  "inst": "%akk:ša₂-a-x=",
                  "f": {
                    "lang": "akk",
                    "form": "ša₂-a-x"
                  }
                },
                {
                  "node": "d",
                  "type": "line-start",
                  "ref": "P450354.23",
                  "n": "5'",
                  "label": "ii' 5'"
                },
                {
                  "node": "l",
                  "frag": "qe₂-reb",
                  "id": "P450354.l313e8",
                  "ref": "P450354.23.1",
                  "inst": "%akk:qe₂-reb=",
                  "f": {
                    "lang": "akk",
                    "form": "qe₂-reb"
                  }
                },
                {
                  "node": "l",
                  "frag": "{uru}ur-sa-li-[...]",
                  "id": "P450354.l313e9",
                  "ref": "P450354.23.2",
                  "inst": "%akk:{URU}ur-sa-li-x=",
                  "f": {
                    "lang": "akk",
                    "form": "{URU}ur-sa-li-x"
                  }
                },
                {
                  "node": "d",
                  "type": "line-start",
                  "ref": "P450354.24",
                  "n": "6'",
                  "label": "ii' 6'"
                },
                {
                  "node": "l",
                  "frag": "e-sir₂-šu",
                  "id": "P450354.l313ea",
                  "ref": "P450354.24.1",
                  "inst": "%akk:e-sir₂-šu=",
                  "f": {
                    "lang": "akk",
                    "form": "e-sir₂-šu"
                  }
                },
                {
                  "node": "l",
                  "frag": "{uru}HAL.ṢU.⸢MEŠ⸣",
                  "id": "P450354.l313eb",
                  "ref": "P450354.24.2",
                  "inst": "%akk:{URU}HAL.ṢU.MEŠ=",
                  "f": {
                    "lang": "akk",
                    "form": "{URU}HAL.ṢU.MEŠ"
                  }
                },
                {
                  "node": "l",
                  "frag": "[...]",
                  "id": "P450354.l313ec",
                  "ref": "P450354.24.3",
                  "inst": "%akk:x=",
                  "f": {
                    "lang": "akk",
                    "form": "x"
                  }
                },
                {
                  "node": "d",
                  "type": "line-start",
                  "ref": "P450354.25",
                  "n": "7'",
                  "label": "ii' 7'"
                },
                {
                  "node": "l",
                  "frag": "a-ṣe-e",
                  "id": "P450354.l313ed",
                  "ref": "P450354.25.1",
                  "inst": "%akk:a-ṣe-e=",
                  "f": {
                    "lang": "akk",
                    "form": "a-ṣe-e"
                  }
                },
                {
                  "node": "l",
                  "frag": "KA₂.GAL",
                  "id": "P450354.l313ee",
                  "ref": "P450354.25.2",
                  "inst": "%akk:KA₂.GAL=",
                  "f": {
                    "lang": "akk",
                    "form": "KA₂.GAL"
                  }
                },
                {
                  "node": "l",
                  "frag": "⸢URU⸣-šu₂",
                  "id": "P450354.l313ef",
                  "ref": "P450354.25.3",
                  "inst": "%akk:URU-šu₂=",
                  "f": {
                    "lang": "akk",
                    "form": "URU-šu₂"
                  }
                },
                {
                  "node": "l",
                  "frag": "u₂-ter-ra",
                  "id": "P450354.l313f0",
                  "ref": "P450354.25.4",
                  "inst": "%akk:u₂-ter-ra=",
                  "f": {
                    "lang": "akk",
                    "form": "u₂-ter-ra"
                  }
                },
                {
                  "node": "l",
                  "frag": "<ik>-ki-bu-uš",
                  "id": "P450354.l313f1",
                  "ref": "P450354.25.5",
                  "inst": "%akk:ik-ki-bu-uš=",
                  "f": {
                    "lang": "akk",
                    "form": "ik-ki-bu-uš"
                  }
                },
                {
                  "node": "d",
                  "type": "line-start",
                  "ref": "P450354.26",
                  "n": "8'",
                  "label": "ii' 8'"
                },
                {
                  "node": "l",
                  "frag": "URU.⸢MEŠ-šu₂⸣",
                  "id": "P450354.l313f2",
                  "ref": "P450354.26.1",
                  "inst": "%akk:URU.MEŠ-šu₂=",
                  "f": {
                    "lang": "akk",
                    "form": "URU.MEŠ-šu₂"
                  }
                },
                {
                  "node": "l",
                  "frag": "ša",
                  "id": "P450354.l313f3",
                  "ref": "P450354.26.2",
                  "inst": "%akk:ša=",
                  "f": {
                    "lang": "akk",
                    "form": "ša"
                  }
                },
                {
                  "node": "l",
                  "frag": "aš₂-lu-la",
                  "id": "P450354.l313f4",
                  "ref": "P450354.26.3",
                  "inst": "%akk:aš₂-lu-la=",
                  "f": {
                    "lang": "akk",
                    "form": "aš₂-lu-la"
                  }
                },
                {
                  "node": "l",
                  "frag": "ul-tu",
                  "id": "P450354.l313f5",
                  "ref": "P450354.26.4",
                  "inst": "%akk:ul-tu=",
                  "f": {
                    "lang": "akk",
                    "form": "ul-tu"
                  }
                },
                {
                  "node": "l",
                  "frag": "qe₂-reb",
                  "id": "P450354.l313f6",
                  "ref": "P450354.26.5",
                  "inst": "%akk:qe₂-reb=",
                  "f": {
                    "lang": "akk",
                    "form": "qe₂-reb"
                  }
                },
                {
                  "node": "l",
                  "frag": "KUR-šu₂",
                  "id": "P450354.l313f7",
                  "ref": "P450354.26.6",
                  "inst": "%akk:KUR-šu₂=",
                  "f": {
                    "lang": "akk",
                    "form": "KUR-šu₂"
                  }
                },
                {
                  "node": "l",
                  "frag": "ab-tuq-ma",
                  "id": "P450354.l313f8",
                  "ref": "P450354.26.7",
                  "inst": "%akk:ab-tuq-ma=",
                  "f": {
                    "lang": "akk",
                    "form": "ab-tuq-ma"
                  }
                },
                {
                  "node": "d",
                  "type": "line-start",
                  "ref": "P450354.27",
                  "n": "9'",
                  "label": "ii' 9'"
                },
                {
                  "node": "l",
                  "frag": "a-na",
                  "id": "P450354.l313f9",
                  "ref": "P450354.27.1",
                  "inst": "%akk:a-na=",
                  "f": {
                    "lang": "akk",
                    "form": "a-na"
                  }
                },
                {
                  "node": "l",
                  "frag": "{m}mi-ti-in-ti",
                  "id": "P450354.l313fa",
                  "ref": "P450354.27.2",
                  "inst": "%akk:{m}mi-ti-in-ti=",
                  "f": {
                    "lang": "akk",
                    "form": "{m}mi-ti-in-ti"
                  }
                },
                {
                  "node": "l",
                  "frag": "LUGAL",
                  "id": "P450354.l313fb",
                  "ref": "P450354.27.3",
                  "inst": "%akk:LUGAL=",
                  "f": {
                    "lang": "akk",
                    "form": "LUGAL"
                  }
                },
                {
                  "node": "l",
                  "frag": "{uru}as-du-di",
                  "id": "P450354.l313fc",
                  "ref": "P450354.27.4",
                  "inst": "%akk:{URU}as-du-di=",
                  "f": {
                    "lang": "akk",
                    "form": "{URU}as-du-di"
                  }
                },
                {
                  "node": "d",
                  "type": "line-start",
                  "ref": "P450354.28",
                  "n": "10'",
                  "label": "ii' 10'"
                },
                {
                  "node": "l",
                  "frag": "{m}pa-di-i",
                  "id": "P450354.l313fd",
                  "ref": "P450354.28.1",
                  "inst": "%akk:{m}pa-di-i=",
                  "f": {
                    "lang": "akk",
                    "form": "{m}pa-di-i"
                  }
                },
                {
                  "node": "l",
                  "frag": "LUGAL",
                  "id": "P450354.l313fe",
                  "ref": "P450354.28.2",
                  "inst": "%akk:LUGAL=",
                  "f": {
                    "lang": "akk",
                    "form": "LUGAL"
                  }
                },
                {
                  "node": "l",
                  "frag": "{uru}am-qar-ru-na",
                  "id": "P450354.l313ff",
                  "ref": "P450354.28.3",
                  "inst": "%akk:{URU}am-qar-ru-na=",
                  "f": {
                    "lang": "akk",
                    "form": "{URU}am-qar-ru-na"
                  }
                },
                {
                  "node": "d",
                  "type": "line-start",
                  "ref": "P450354.29",
                  "n": "11'",
                  "label": "ii' 11'"
                },
                {
                  "node": "l",
                  "frag": "u₃",
                  "id": "P450354.l31400",
                  "ref": "P450354.29.1",
                  "inst": "%akk:u₃=",
                  "f": {
                    "lang": "akk",
                    "form": "u₃"
                  }
                },
                {
                  "node": "l",
                  "frag": "{⸢m}GISSU-EN⸣",
                  "id": "P450354.l31401",
                  "ref": "P450354.29.2",
                  "inst": "%akk:{m}GISSU-EN=",
                  "f": {
                    "lang": "akk",
                    "form": "{m}GISSU-EN"
                  }
                },
                {
                  "node": "l",
                  "frag": "LUGAL",
                  "id": "P450354.l31402",
                  "ref": "P450354.29.3",
                  "inst": "%akk:LUGAL=",
                  "f": {
                    "lang": "akk",
                    "form": "LUGAL"
                  }
                },
                {
                  "node": "l",
                  "frag": "{uru}ha-zi-ti",
                  "id": "P450354.l31403",
                  "ref": "P450354.29.4",
                  "inst": "%akk:{URU}ha-zi-ti=",
                  "f": {
                    "lang": "akk",
                    "form": "{URU}ha-zi-ti"
                  }
                },
                {
                  "node": "d",
                  "type": "line-start",
                  "ref": "P450354.30",
                  "n": "12'",
                  "label": "ii' 12'"
                },
                {
                  "node": "l",
                  "frag": "⸢ad-din-ma",
                  "id": "P450354.l31404",
                  "ref": "P450354.30.1",
                  "inst": "%akk:ad-din-ma=",
                  "f": {
                    "lang": "akk",
                    "form": "ad-din-ma"
                  }
                },
                {
                  "node": "l",
                  "frag": "u₂⸣-ṣa-ah-hi-ir",
                  "id": "P450354.l31405",
                  "ref": "P450354.30.2",
                  "inst": "%akk:u₂-ṣa-ah-hi-ir=",
                  "f": {
                    "lang": "akk",
                    "form": "u₂-ṣa-ah-hi-ir"
                  }
                },
                {
                  "node": "l",
                  "frag": "KUR-su",
                  "id": "P450354.l31406",
                  "ref": "P450354.30.3",
                  "inst": "%akk:KUR-su=",
                  "f": {
                    "lang": "akk",
                    "form": "KUR-su"
                  }
                },
                {
                  "node": "d",
                  "type": "line-start",
                  "ref": "P450354.31",
                  "n": "13'",
                  "label": "ii' 13'"
                },
                {
                  "node": "l",
                  "frag": "e-⸢li",
                  "id": "P450354.l31407",
                  "ref": "P450354.31.1",
                  "inst": "%akk:e-li=",
                  "f": {
                    "lang": "akk",
                    "form": "e-li"
                  }
                },
                {
                  "node": "l",
                  "frag": "GUN⸣",
                  "id": "P450354.l31408",
                  "ref": "P450354.31.2",
                  "inst": "%akk:GUN=",
                  "f": {
                    "lang": "akk",
                    "form": "GUN"
                  }
                },
                {
                  "node": "l",
                  "frag": "[x]-⸢ri⸣-ti",
                  "id": "P450354.l31409",
                  "ref": "P450354.31.3",
                  "inst": "%akk:x-ri-ti=",
                  "f": {
                    "lang": "akk",
                    "form": "x-ri-ti"
                  }
                },
                {
                  "node": "l",
                  "frag": "na-dan",
                  "id": "P450354.l3140a",
                  "ref": "P450354.31.4",
                  "inst": "%akk:na-dan=",
                  "f": {
                    "lang": "akk",
                    "form": "na-dan"
                  }
                },
                {
                  "node": "l",
                  "frag": "šat-ti-šu-un",
                  "id": "P450354.l3140b",
                  "ref": "P450354.31.5",
                  "inst": "%akk:šat-ti-šu-un=",
                  "f": {
                    "lang": "akk",
                    "form": "šat-ti-šu-un"
                  }
                },
                {
                  "node": "d",
                  "subtype": "column 3'",
                  "type": "column",
                  "ref": "P450354.iii_.32",
                  "n": "3",
                  "label": "iii'"
                },
                {
                  "node": "d",
                  "type": "nonx",
                  "ref": "P450354.33",
                  "strict": "1",
                  "extent": "n",
                  "scope": "line",
                  "state": "missing"
                },
                {
                  "node": "d",
                  "type": "line-start",
                  "ref": "P450354.34",
                  "n": "1'",
                  "label": "iii' 1'"
                },
                {
                  "node": "l",
                  "frag": "aš₂-⸢lu⸣-[...]",
                  "id": "P450354.l3140c",
                  "ref": "P450354.34.1",
                  "inst": "%akk:aš₂-lu-x=",
                  "f": {
                    "lang": "akk",
                    "form": "aš₂-lu-x"
                  }
                },
                {
                  "node": "d",
                  "type": "line-start",
                  "ref": "P450354.35",
                  "n": "2'",
                  "label": "iii' 2'"
                },
                {
                  "node": "l",
                  "frag": "pa-an",
                  "id": "P450354.l3140d",
                  "ref": "P450354.35.1",
                  "inst": "%akk:pa-an=",
                  "f": {
                    "lang": "akk",
                    "form": "pa-an"
                  }
                },
                {
                  "node": "l",
                  "frag": "ni-⸢ri⸣-[...]",
                  "id": "P450354.l3140e",
                  "ref": "P450354.35.2",
                  "inst": "%akk:ni-ri-x=",
                  "f": {
                    "lang": "akk",
                    "form": "ni-ri-x"
                  }
                },
                {
                  "node": "d",
                  "type": "line-start",
                  "ref": "P450354.36",
                  "n": "3'",
                  "label": "iii' 3'"
                },
                {
                  "node": "l",
                  "frag": "LUGAL",
                  "id": "P450354.l3140f",
                  "ref": "P450354.36.1",
                  "inst": "%akk:LUGAL=",
                  "f": {
                    "lang": "akk",
                    "form": "LUGAL"
                  }
                },
                {
                  "node": "l",
                  "frag": "{uru}⸢uk-ki⸣",
                  "id": "P450354.l31410",
                  "ref": "P450354.36.2",
                  "inst": "%akk:{URU}uk-ki=",
                  "f": {
                    "lang": "akk",
                    "form": "{URU}uk-ki"
                  }
                },
                {
                  "node": "l",
                  "frag": "[...]",
                  "id": "P450354.l31411",
                  "ref": "P450354.36.3",
                  "inst": "%akk:x=",
                  "f": {
                    "lang": "akk",
                    "form": "x"
                  }
                },
                {
                  "node": "d",
                  "type": "line-start",
                  "ref": "P450354.37",
                  "n": "4'",
                  "label": "iii' 4'"
                },
                {
                  "node": "l",
                  "frag": "ur-hi",
                  "id": "P450354.l31412",
                  "ref": "P450354.37.1",
                  "inst": "%akk:ur-hi=",
                  "f": {
                    "lang": "akk",
                    "form": "ur-hi"
                  }
                },
                {
                  "node": "l",
                  "frag": "la",
                  "id": "P450354.l31413",
                  "ref": "P450354.37.2",
                  "inst": "%akk:la=",
                  "f": {
                    "lang": "akk",
                    "form": "la"
                  }
                },
                {
                  "node": "l",
                  "frag": "pe-tu-[x]",
                  "id": "P450354.l31414",
                  "ref": "P450354.37.3",
                  "inst": "%akk:pe-tu-x=",
                  "f": {
                    "lang": "akk",
                    "form": "pe-tu-x"
                  }
                },
                {
                  "node": "d",
                  "type": "line-start",
                  "ref": "P450354.38",
                  "n": "5'",
                  "label": "iii' 5'"
                },
                {
                  "node": "l",
                  "frag": "ša",
                  "id": "P450354.l31415",
                  "ref": "P450354.38.1",
                  "inst": "%akk:ša=",
                  "f": {
                    "lang": "akk",
                    "form": "ša"
                  }
                },
                {
                  "node": "l",
                  "frag": "la-pa-⸢an⸣",
                  "id": "P450354.l31416",
                  "ref": "P450354.38.2",
                  "inst": "%akk:la-pa-an=",
                  "f": {
                    "lang": "akk",
                    "form": "la-pa-an"
                  }
                },
                {
                  "node": "l",
                  "frag": "[...]",
                  "id": "P450354.l31417",
                  "ref": "P450354.38.3",
                  "inst": "%akk:x=",
                  "f": {
                    "lang": "akk",
                    "form": "x"
                  }
                },
                {
                  "node": "d",
                  "type": "line-start",
                  "ref": "P450354.39",
                  "n": "6'",
                  "label": "iii' 6'"
                },
                {
                  "node": "l",
                  "frag": "ul-la-nu-u-⸢a⸣",
                  "id": "P450354.l31418",
                  "ref": "P450354.39.1",
                  "inst": "%akk:ul-la-nu-u-a=",
                  "f": {
                    "lang": "akk",
                    "form": "ul-la-nu-u-a"
                  }
                },
                {
                  "node": "l",
                  "frag": "[...]",
                  "id": "P450354.l31419",
                  "ref": "P450354.39.2",
                  "inst": "%akk:x=",
                  "f": {
                    "lang": "akk",
                    "form": "x"
                  }
                },
                {
                  "node": "d",
                  "type": "line-start",
                  "ref": "P450354.40",
                  "n": "7'",
                  "label": "iii' 7'"
                },
                {
                  "node": "l",
                  "frag": "LUGAL.MEŠ-ni",
                  "id": "P450354.l3141a",
                  "ref": "P450354.40.1",
                  "inst": "%akk:LUGAL.MEŠ-ni=",
                  "f": {
                    "lang": "akk",
                    "form": "LUGAL.MEŠ-ni"
                  }
                },
                {
                  "node": "l",
                  "frag": "⸢pa⸣-[...]",
                  "id": "P450354.l3141b",
                  "ref": "P450354.40.2",
                  "inst": "%akk:pa-x=",
                  "f": {
                    "lang": "akk",
                    "form": "pa-x"
                  }
                },
                {
                  "node": "d",
                  "type": "line-start",
                  "ref": "P450354.41",
                  "n": "8'",
                  "label": "iii' 8'"
                },
                {
                  "node": "l",
                  "frag": "i-na",
                  "id": "P450354.l3141c",
                  "ref": "P450354.41.1",
                  "inst": "%akk:i-na=",
                  "f": {
                    "lang": "akk",
                    "form": "i-na"
                  }
                },
                {
                  "node": "l",
                  "frag": "⸢GIR₃⸣.II",
                  "id": "P450354.l3141d",
                  "ref": "P450354.41.2",
                  "inst": "%akk:GIR₃.II=",
                  "f": {
                    "lang": "akk",
                    "form": "GIR₃.II"
                  }
                },
                {
                  "node": "l",
                  "frag": "{kur}a-⸢na⸣-[...]",
                  "id": "P450354.l3141e",
                  "ref": "P450354.41.3",
                  "inst": "%akk:{KUR}a-na-x=",
                  "f": {
                    "lang": "akk",
                    "form": "{KUR}a-na-x"
                  }
                },
                {
                  "node": "d",
                  "type": "line-start",
                  "ref": "P450354.42",
                  "n": "9'",
                  "label": "iii' 9'"
                },
                {
                  "node": "l",
                  "frag": "KARAŠ-MU",
                  "id": "P450354.l3141f",
                  "ref": "P450354.42.1",
                  "inst": "%akk:KARAŠ-MU=",
                  "f": {
                    "lang": "akk",
                    "form": "KARAŠ-MU"
                  }
                },
                {
                  "node": "l",
                  "frag": "⸢u₂⸣-[...]",
                  "id": "P450354.l31420",
                  "ref": "P450354.42.2",
                  "inst": "%akk:u₂-x=",
                  "f": {
                    "lang": "akk",
                    "form": "u₂-x"
                  }
                },
                {
                  "node": "d",
                  "type": "line-start",
                  "ref": "P450354.43",
                  "n": "10'",
                  "label": "iii' 10'"
                },
                {
                  "node": "l",
                  "frag": "⸢a-na-ku⸣",
                  "id": "P450354.l31421",
                  "ref": "P450354.43.1",
                  "inst": "%akk:a-na-ku=",
                  "f": {
                    "lang": "akk",
                    "form": "a-na-ku"
                  }
                },
                {
                  "node": "l",
                  "frag": "[...]",
                  "id": "P450354.l31422",
                  "ref": "P450354.43.2",
                  "inst": "%akk:x=",
                  "f": {
                    "lang": "akk",
                    "form": "x"
                  }
                }
              ]
            }
          ]
        }
      ]
    }
  ]
}
