{
  "type": "cdl",
  "source": "http://oracc.org/rinap/sources",
  "license": "This data is released under the CC0 license",
  "license-url": "https://creativecommons.org/publicdomain/zero/1.0/",
  "more-info": "http://oracc.org/doc/opendata/",
  "UTC-timestamp": "2017-06-10T00:28:47",
  "project": "rinap/sources",
  "textid": "P451932",
  "cdl": [
    {
      "node": "c",
      "type": "text",
      "id": "P451932.U0",
      "cdl": [
        {
          "node": "d",
          "type": "object",
          "ref": ""
        },
        {
          "node": "d",
          "type": "surface",
          "ref": ""
        },
        {
          "node": "d",
          "subtype": "column 1'",
          "type": "column",
          "ref": "P451932.i_.1",
          "n": "1",
          "label": "i'"
        },
        {
          "node": "c",
          "type": "discourse",
          "subtype": "body",
          "id": "P451932.U1",
          "cdl": [
            {
              "node": "c",
              "type": "sentence",
              "id": "P451932.U2",
              "label": "i' 1 - ii' 18",
              "cdl": [
                {
                  "node": "d",
                  "type": "line-start",
                  "ref": "P451932.2",
                  "n": "1",
                  "label": "i' 1"
                },
                {
                  "node": "l",
                  "frag": "[...]-⸢gu-nu",
                  "id": "P451932.l0e993",
                  "ref": "P451932.2.1",
                  "inst": "%akk:x-gu-nu=",
                  "f": {
                    "lang": "akk",
                    "form": "x-gu-nu"
                  }
                },
                {
                  "node": "l",
                  "frag": "mu-nar-ri-ṭu⸣",
                  "id": "P451932.l0e994",
                  "ref": "P451932.2.2",
                  "inst": "%akk:mu-nar-ri-ṭu=",
                  "f": {
                    "lang": "akk",
                    "form": "mu-nar-ri-ṭu"
                  }
                },
                {
                  "node": "l",
                  "frag": "e-peš",
                  "id": "P451932.l0e995",
                  "ref": "P451932.2.3",
                  "inst": "%akk:e-peš=",
                  "f": {
                    "lang": "akk",
                    "form": "e-peš"
                  }
                },
                {
                  "node": "l",
                  "frag": "LUGAL-ti-ia",
                  "id": "P451932.l0e996",
                  "ref": "P451932.2.4",
                  "inst": "%akk:LUGAL-ti-ia=",
                  "f": {
                    "lang": "akk",
                    "form": "LUGAL-ti-ia"
                  }
                },
                {
                  "node": "d",
                  "type": "line-start",
                  "ref": "P451932.3",
                  "n": "2",
                  "label": "i' 2"
                },
                {
                  "node": "l",
                  "frag": "[...]",
                  "id": "P451932.l0e997",
                  "ref": "P451932.3.1",
                  "inst": "%akk:x=",
                  "f": {
                    "lang": "akk",
                    "form": "x"
                  }
                },
                {
                  "node": "l",
                  "frag": "⸢iš⸣-qa-ti",
                  "id": "P451932.l0e998",
                  "ref": "P451932.3.2",
                  "inst": "%akk:iš-qa-ti=",
                  "f": {
                    "lang": "akk",
                    "form": "iš-qa-ti"
                  }
                },
                {
                  "node": "l",
                  "frag": "AN.BAR",
                  "id": "P451932.l0e999",
                  "ref": "P451932.3.3",
                  "inst": "%akk:AN.BAR=",
                  "f": {
                    "lang": "akk",
                    "form": "AN.BAR"
                  }
                },
                {
                  "node": "l",
                  "frag": "bi-re-ti",
                  "id": "P451932.l0e99a",
                  "ref": "P451932.3.4",
                  "inst": "%akk:bi-re-ti=",
                  "f": {
                    "lang": "akk",
                    "form": "bi-re-ti"
                  }
                },
                {
                  "node": "l",
                  "frag": "AN.BAR",
                  "id": "P451932.l0e99b",
                  "ref": "P451932.3.5",
                  "inst": "%akk:AN.BAR=",
                  "f": {
                    "lang": "akk",
                    "form": "AN.BAR"
                  }
                },
                {
                  "node": "d",
                  "type": "line-start",
                  "ref": "P451932.4",
                  "n": "3",
                  "label": "i' 3"
                },
                {
                  "node": "l",
                  "frag": "[...].⸢II⸣",
                  "id": "P451932.l0e99c",
                  "ref": "P451932.4.1",
                  "inst": "%akk:x.II=",
                  "f": {
                    "lang": "akk",
                    "form": "x.II"
                  }
                },
                {
                  "node": "l",
                  "frag": "u",
                  "id": "P451932.l0e99d",
                  "ref": "P451932.4.2",
                  "inst": "%akk:u=",
                  "f": {
                    "lang": "akk",
                    "form": "u"
                  }
                },
                {
                  "node": "l",
                  "frag": "GIR₃.II",
                  "id": "P451932.l0e99e",
                  "ref": "P451932.4.3",
                  "inst": "%akk:GIR₃.II=",
                  "f": {
                    "lang": "akk",
                    "form": "GIR₃.II"
                  }
                },
                {
                  "node": "l",
                  "frag": "UN.MEŠ",
                  "id": "P451932.l0e99f",
                  "ref": "P451932.4.4",
                  "inst": "%akk:UN.MEŠ=",
                  "f": {
                    "lang": "akk",
                    "form": "UN.MEŠ"
                  }
                },
                {
                  "node": "l",
                  "frag": "GU₄.MEŠ",
                  "id": "P451932.l0e9a0",
                  "ref": "P451932.4.5",
                  "inst": "%akk:GU₄.MEŠ=",
                  "f": {
                    "lang": "akk",
                    "form": "GU₄.MEŠ"
                  }
                },
                {
                  "node": "l",
                  "frag": "u",
                  "id": "P451932.l0e9a1",
                  "ref": "P451932.4.6",
                  "inst": "%akk:u=",
                  "f": {
                    "lang": "akk",
                    "form": "u"
                  }
                },
                {
                  "node": "l",
                  "frag": "US₅.UDU.HI.A",
                  "id": "P451932.l0e9a2",
                  "ref": "P451932.4.7",
                  "inst": "%akk:US₅.UDU.HI.A=",
                  "f": {
                    "lang": "akk",
                    "form": "US₅.UDU.HI.A"
                  }
                },
                {
                  "node": "d",
                  "type": "line-start",
                  "ref": "P451932.5",
                  "n": "4",
                  "label": "i' 4"
                },
                {
                  "node": "l",
                  "frag": "[...].⸢RA⸣.MEŠ",
                  "id": "P451932.l0e9a3",
                  "ref": "P451932.5.1",
                  "inst": "%akk:x.RA.MEŠ=",
                  "f": {
                    "lang": "akk",
                    "form": "x.RA.MEŠ"
                  }
                },
                {
                  "node": "l",
                  "frag": "ANŠE.KUNGA.MEŠ",
                  "id": "P451932.l0e9a4",
                  "ref": "P451932.5.2",
                  "inst": "%akk:ANŠE.KUNGA.MEŠ=",
                  "f": {
                    "lang": "akk",
                    "form": "ANŠE.KUNGA.MEŠ"
                  }
                },
                {
                  "node": "l",
                  "frag": "ul-tu₂",
                  "id": "P451932.l0e9a5",
                  "ref": "P451932.5.3",
                  "inst": "%akk:ul-tu₂=",
                  "f": {
                    "lang": "akk",
                    "form": "ul-tu₂"
                  }
                },
                {
                  "node": "l",
                  "frag": "qe₂-reb",
                  "id": "P451932.l0e9a6",
                  "ref": "P451932.5.4",
                  "inst": "%akk:qe₂-reb=",
                  "f": {
                    "lang": "akk",
                    "form": "qe₂-reb"
                  }
                },
                {
                  "node": "d",
                  "type": "line-start",
                  "ref": "P451932.6",
                  "n": "5",
                  "label": "i' 5"
                },
                {
                  "node": "l",
                  "frag": "[...]-⸢lu⸣-la",
                  "id": "P451932.l0e9a7",
                  "ref": "P451932.6.1",
                  "inst": "%akk:x-lu-la=",
                  "f": {
                    "lang": "akk",
                    "form": "x-lu-la"
                  }
                },
                {
                  "node": "l",
                  "frag": "a-na",
                  "id": "P451932.l0e9a8",
                  "ref": "P451932.6.2",
                  "inst": "%akk:a-na=",
                  "f": {
                    "lang": "akk",
                    "form": "a-na"
                  }
                },
                {
                  "node": "l",
                  "frag": "KUR",
                  "id": "P451932.l0e9a9",
                  "ref": "P451932.6.3",
                  "inst": "%akk:KUR=",
                  "f": {
                    "lang": "akk",
                    "form": "KUR"
                  }
                },
                {
                  "node": "l",
                  "frag": "AN.ŠAR₂{ki}",
                  "id": "P451932.l0e9aa",
                  "ref": "P451932.6.4",
                  "inst": "%akk:AN.ŠAR₂{KI}=",
                  "f": {
                    "lang": "akk",
                    "form": "AN.ŠAR₂{KI}"
                  }
                },
                {
                  "node": "d",
                  "type": "line-start",
                  "ref": "P451932.7",
                  "n": "6",
                  "label": "i' 6"
                },
                {
                  "node": "l",
                  "frag": "[...]",
                  "id": "P451932.l0e9ab",
                  "ref": "P451932.7.1",
                  "inst": "%akk:x=",
                  "f": {
                    "lang": "akk",
                    "form": "x"
                  }
                },
                {
                  "node": "l",
                  "frag": "⸢URU⸣",
                  "id": "P451932.l0e9ac",
                  "ref": "P451932.7.2",
                  "inst": "%akk:URU=",
                  "f": {
                    "lang": "akk",
                    "form": "URU"
                  }
                },
                {
                  "node": "l",
                  "frag": "tukul-ti-šu₂",
                  "id": "P451932.l0e9ad",
                  "ref": "P451932.7.3",
                  "inst": "%akk:tukul-ti-šu₂=",
                  "f": {
                    "lang": "akk",
                    "form": "tukul-ti-šu₂"
                  }
                },
                {
                  "node": "l",
                  "frag": "ap-pul",
                  "id": "P451932.l0e9ae",
                  "ref": "P451932.7.4",
                  "inst": "%akk:ap-pul=",
                  "f": {
                    "lang": "akk",
                    "form": "ap-pul"
                  }
                },
                {
                  "node": "l",
                  "frag": "aq-qur",
                  "id": "P451932.l0e9af",
                  "ref": "P451932.7.5",
                  "inst": "%akk:aq-qur=",
                  "f": {
                    "lang": "akk",
                    "form": "aq-qur"
                  }
                },
                {
                  "node": "d",
                  "type": "line-start",
                  "ref": "P451932.8",
                  "n": "7",
                  "label": "i' 7"
                },
                {
                  "node": "l",
                  "frag": "[...]-⸢miṭ⸣",
                  "id": "P451932.l0e9b0",
                  "ref": "P451932.8.1",
                  "inst": "%akk:x-miṭ=",
                  "f": {
                    "lang": "akk",
                    "form": "x-miṭ"
                  }
                },
                {
                  "node": "l",
                  "frag": "{m}um-man-i-gaš",
                  "id": "P451932.l0e9b1",
                  "ref": "P451932.8.2",
                  "inst": "%akk:{m}um-man-i-gaš=",
                  "f": {
                    "lang": "akk",
                    "form": "{m}um-man-i-gaš"
                  }
                },
                {
                  "node": "l",
                  "frag": "ša₂",
                  "id": "P451932.l0e9b2",
                  "ref": "P451932.8.3",
                  "inst": "%akk:ša₂=",
                  "f": {
                    "lang": "akk",
                    "form": "ša₂"
                  }
                },
                {
                  "node": "l",
                  "frag": "MUN",
                  "id": "P451932.l0e9b3",
                  "ref": "P451932.8.4",
                  "inst": "%akk:MUN=",
                  "f": {
                    "lang": "akk",
                    "form": "MUN"
                  }
                },
                {
                  "node": "l",
                  "frag": "ma-aʾ-as-su",
                  "id": "P451932.l0e9b4",
                  "ref": "P451932.8.5",
                  "inst": "%akk:ma-aʾ-as-su=",
                  "f": {
                    "lang": "akk",
                    "form": "ma-aʾ-as-su"
                  }
                },
                {
                  "node": "d",
                  "type": "line-start",
                  "ref": "P451932.9",
                  "n": "8",
                  "label": "i' 8"
                },
                {
                  "node": "l",
                  "frag": "[...]-reb",
                  "id": "P451932.l0e9b5",
                  "ref": "P451932.9.1",
                  "inst": "%akk:x-reb=",
                  "f": {
                    "lang": "akk",
                    "form": "x-reb"
                  }
                },
                {
                  "node": "l",
                  "frag": "{kur}ELAM.MA{ki}",
                  "id": "P451932.l0e9b6",
                  "ref": "P451932.9.2",
                  "inst": "%akk:{KUR}ELAM.MA{KI}=",
                  "f": {
                    "lang": "akk",
                    "form": "{KUR}ELAM.MA{KI}"
                  }
                },
                {
                  "node": "l",
                  "frag": "aš₂-ku-nu-uš",
                  "id": "P451932.l0e9b7",
                  "ref": "P451932.9.3",
                  "inst": "%akk:aš₂-ku-nu-uš=",
                  "f": {
                    "lang": "akk",
                    "form": "aš₂-ku-nu-uš"
                  }
                },
                {
                  "node": "l",
                  "frag": "a-na",
                  "id": "P451932.l0e9b8",
                  "ref": "P451932.9.4",
                  "inst": "%akk:a-na=",
                  "f": {
                    "lang": "akk",
                    "form": "a-na"
                  }
                },
                {
                  "node": "l",
                  "frag": "LUGAL-ti",
                  "id": "P451932.l0e9b9",
                  "ref": "P451932.9.5",
                  "inst": "%akk:LUGAL-ti=",
                  "f": {
                    "lang": "akk",
                    "form": "LUGAL-ti"
                  }
                },
                {
                  "node": "d",
                  "type": "line-start",
                  "ref": "P451932.10",
                  "n": "9",
                  "label": "i' 9"
                },
                {
                  "node": "l",
                  "frag": "[...]-ṣu-ru",
                  "id": "P451932.l0e9ba",
                  "ref": "P451932.10.1",
                  "inst": "%akk:x-ṣu-ru=",
                  "f": {
                    "lang": "akk",
                    "form": "x-ṣu-ru"
                  }
                },
                {
                  "node": "l",
                  "frag": "it-ti",
                  "id": "P451932.l0e9bb",
                  "ref": "P451932.10.2",
                  "inst": "%akk:it-ti=",
                  "f": {
                    "lang": "akk",
                    "form": "it-ti"
                  }
                },
                {
                  "node": "l",
                  "frag": "{m}{d}GIŠ.NU₁₁-MU-GI.NA",
                  "id": "P451932.l0e9bc",
                  "ref": "P451932.10.3",
                  "inst": "%akk:{m}{d}GIŠ.NU₁₁-MU-GI.NA=",
                  "f": {
                    "lang": "akk",
                    "form": "{m}{d}GIŠ.NU₁₁-MU-GI.NA"
                  }
                },
                {
                  "node": "d",
                  "type": "line-start",
                  "ref": "P451932.11",
                  "n": "10",
                  "label": "i' 10"
                },
                {
                  "node": "l",
                  "frag": "[...]",
                  "id": "P451932.l0e9bd",
                  "ref": "P451932.11.1",
                  "inst": "%akk:x=",
                  "f": {
                    "lang": "akk",
                    "form": "x"
                  }
                },
                {
                  "node": "l",
                  "frag": "⸢iš⸣-ku-na",
                  "id": "P451932.l0e9be",
                  "ref": "P451932.11.2",
                  "inst": "%akk:iš-ku-na=",
                  "f": {
                    "lang": "akk",
                    "form": "iš-ku-na"
                  }
                },
                {
                  "node": "l",
                  "frag": "pi-i-šu₂",
                  "id": "P451932.l0e9bf",
                  "ref": "P451932.11.3",
                  "inst": "%akk:pi-i-šu₂=",
                  "f": {
                    "lang": "akk",
                    "form": "pi-i-šu₂"
                  }
                },
                {
                  "node": "l",
                  "frag": "{m}tam-ma-ri-tu",
                  "id": "P451932.l0e9c0",
                  "ref": "P451932.11.4",
                  "inst": "%akk:{m}tam-ma-ri-tu=",
                  "f": {
                    "lang": "akk",
                    "form": "{m}tam-ma-ri-tu"
                  }
                },
                {
                  "node": "l",
                  "frag": "EDIN-uš-šu₂",
                  "id": "P451932.l0e9c1",
                  "ref": "P451932.11.5",
                  "inst": "%akk:EDIN-uš-šu₂=",
                  "f": {
                    "lang": "akk",
                    "form": "EDIN-uš-šu₂"
                  }
                },
                {
                  "node": "d",
                  "type": "line-start",
                  "ref": "P451932.12",
                  "n": "11",
                  "label": "i' 11"
                },
                {
                  "node": "l",
                  "frag": "[...]",
                  "id": "P451932.l0e9c2",
                  "ref": "P451932.12.1",
                  "inst": "%akk:x=",
                  "f": {
                    "lang": "akk",
                    "form": "x"
                  }
                },
                {
                  "node": "l",
                  "frag": "ša₂-a-šu₂",
                  "id": "P451932.l0e9c3",
                  "ref": "P451932.12.2",
                  "inst": "%akk:ša₂-a-šu₂=",
                  "f": {
                    "lang": "akk",
                    "form": "ša₂-a-šu₂"
                  }
                },
                {
                  "node": "l",
                  "frag": "ga-du",
                  "id": "P451932.l0e9c4",
                  "ref": "P451932.12.3",
                  "inst": "%akk:ga-du=",
                  "f": {
                    "lang": "akk",
                    "form": "ga-du"
                  }
                },
                {
                  "node": "l",
                  "frag": "kim-ti-šu₂",
                  "id": "P451932.l0e9c5",
                  "ref": "P451932.12.4",
                  "inst": "%akk:kim-ti-šu₂=",
                  "f": {
                    "lang": "akk",
                    "form": "kim-ti-šu₂"
                  }
                },
                {
                  "node": "l",
                  "frag": "u₂-ra-as-sib-šu₂",
                  "id": "P451932.l0e9c6",
                  "ref": "P451932.12.5",
                  "inst": "%akk:u₂-ra-as-sib-šu₂=",
                  "f": {
                    "lang": "akk",
                    "form": "u₂-ra-as-sib-šu₂"
                  }
                },
                {
                  "node": "d",
                  "type": "line-start",
                  "ref": "P451932.13",
                  "n": "12",
                  "label": "i' 12"
                },
                {
                  "node": "l",
                  "frag": "[...]-⸢ma⸣-ri-tu",
                  "id": "P451932.l0e9c7",
                  "ref": "P451932.13.1",
                  "inst": "%akk:x-ma-ri-tu=",
                  "f": {
                    "lang": "akk",
                    "form": "x-ma-ri-tu"
                  }
                },
                {
                  "node": "l",
                  "frag": "ša₂",
                  "id": "P451932.l0e9c8",
                  "ref": "P451932.13.2",
                  "inst": "%akk:ša₂=",
                  "f": {
                    "lang": "akk",
                    "form": "ša₂"
                  }
                },
                {
                  "node": "l",
                  "frag": "EGIR",
                  "id": "P451932.l0e9c9",
                  "ref": "P451932.13.3",
                  "inst": "%akk:EGIR=",
                  "f": {
                    "lang": "akk",
                    "form": "EGIR"
                  }
                },
                {
                  "node": "l",
                  "frag": "{m}um-man-i-gaš",
                  "id": "P451932.l0e9ca",
                  "ref": "P451932.13.4",
                  "inst": "%akk:{m}um-man-i-gaš=",
                  "f": {
                    "lang": "akk",
                    "form": "{m}um-man-i-gaš"
                  }
                },
                {
                  "node": "d",
                  "type": "line-start",
                  "ref": "P451932.14",
                  "n": "13",
                  "label": "i' 13"
                },
                {
                  "node": "l",
                  "frag": "[x",
                  "id": "P451932.l0e9cb",
                  "ref": "P451932.14.1",
                  "inst": "%akk:x=",
                  "f": {
                    "lang": "akk",
                    "form": "x"
                  }
                },
                {
                  "node": "l",
                  "frag": "x]-bu",
                  "id": "P451932.l0e9cc",
                  "ref": "P451932.14.2",
                  "inst": "%akk:x-bu=",
                  "f": {
                    "lang": "akk",
                    "form": "x-bu"
                  }
                },
                {
                  "node": "l",
                  "frag": "ina",
                  "id": "P451932.l0e9cd",
                  "ref": "P451932.14.3",
                  "inst": "%akk:ina=",
                  "f": {
                    "lang": "akk",
                    "form": "ina"
                  }
                },
                {
                  "node": "l",
                  "frag": "{giš}GU.ZA",
                  "id": "P451932.l0e9ce",
                  "ref": "P451932.14.4",
                  "inst": "%akk:{GIŠ}GU.ZA=",
                  "f": {
                    "lang": "akk",
                    "form": "{GIŠ}GU.ZA"
                  }
                },
                {
                  "node": "l",
                  "frag": "{kur}ELAM.MA{ki}",
                  "id": "P451932.l0e9cf",
                  "ref": "P451932.14.5",
                  "inst": "%akk:{KUR}ELAM.MA{KI}=",
                  "f": {
                    "lang": "akk",
                    "form": "{KUR}ELAM.MA{KI}"
                  }
                },
                {
                  "node": "d",
                  "type": "line-start",
                  "ref": "P451932.15",
                  "n": "14",
                  "label": "i' 14"
                },
                {
                  "node": "l",
                  "frag": "[...]",
                  "id": "P451932.l0e9d0",
                  "ref": "P451932.15.1",
                  "inst": "%akk:x=",
                  "f": {
                    "lang": "akk",
                    "form": "x"
                  }
                },
                {
                  "node": "l",
                  "frag": "⸢re⸣-ṣu-ti",
                  "id": "P451932.l0e9d1",
                  "ref": "P451932.15.2",
                  "inst": "%akk:re-ṣu-ti=",
                  "f": {
                    "lang": "akk",
                    "form": "re-ṣu-ti"
                  }
                },
                {
                  "node": "l",
                  "frag": "{m}{d}GIŠ.NU₁₁-MU-GI.NA",
                  "id": "P451932.l0e9d2",
                  "ref": "P451932.15.3",
                  "inst": "%akk:{m}{d}GIŠ.NU₁₁-MU-GI.NA=",
                  "f": {
                    "lang": "akk",
                    "form": "{m}{d}GIŠ.NU₁₁-MU-GI.NA"
                  }
                },
                {
                  "node": "d",
                  "type": "line-start",
                  "ref": "P451932.16",
                  "n": "15",
                  "label": "i' 15"
                },
                {
                  "node": "l",
                  "frag": "[x",
                  "id": "P451932.l0e9d3",
                  "ref": "P451932.16.1",
                  "inst": "%akk:x=",
                  "f": {
                    "lang": "akk",
                    "form": "x"
                  }
                },
                {
                  "node": "l",
                  "frag": "x]",
                  "id": "P451932.l0e9d4",
                  "ref": "P451932.16.2",
                  "inst": "%akk:x=",
                  "f": {
                    "lang": "akk",
                    "form": "x"
                  }
                },
                {
                  "node": "l",
                  "frag": "⸢ke⸣-e-nu",
                  "id": "P451932.l0e9d5",
                  "ref": "P451932.16.3",
                  "inst": "%akk:ke-e-nu=",
                  "f": {
                    "lang": "akk",
                    "form": "ke-e-nu"
                  }
                },
                {
                  "node": "l",
                  "frag": "il-lik-am-ma",
                  "id": "P451932.l0e9d6",
                  "ref": "P451932.16.4",
                  "inst": "%akk:il-lik-am-ma=",
                  "f": {
                    "lang": "akk",
                    "form": "il-lik-am-ma"
                  }
                },
                {
                  "node": "d",
                  "type": "line-start",
                  "ref": "P451932.17",
                  "n": "16",
                  "label": "i' 16"
                },
                {
                  "node": "l",
                  "frag": "[...]-⸢hu⸣-uṣ",
                  "id": "P451932.l0e9d7",
                  "ref": "P451932.17.1",
                  "inst": "%akk:x-hu-uṣ=",
                  "f": {
                    "lang": "akk",
                    "form": "x-hu-uṣ"
                  }
                },
                {
                  "node": "l",
                  "frag": "ERIM.HI.A-ia",
                  "id": "P451932.l0e9d8",
                  "ref": "P451932.17.2",
                  "inst": "%akk:ERIM.HI.A-ia=",
                  "f": {
                    "lang": "akk",
                    "form": "ERIM.HI.A-ia"
                  }
                },
                {
                  "node": "l",
                  "frag": "ur-ri-ha",
                  "id": "P451932.l0e9d9",
                  "ref": "P451932.17.3",
                  "inst": "%akk:ur-ri-ha=",
                  "f": {
                    "lang": "akk",
                    "form": "ur-ri-ha"
                  }
                },
                {
                  "node": "l",
                  "frag": "{giš}TUKUL.MEŠ-šu₂",
                  "id": "P451932.l0e9da",
                  "ref": "P451932.17.4",
                  "inst": "%akk:{GIŠ}TUKUL.MEŠ-šu₂=",
                  "f": {
                    "lang": "akk",
                    "form": "{GIŠ}TUKUL.MEŠ-šu₂"
                  }
                },
                {
                  "node": "d",
                  "type": "line-start",
                  "ref": "P451932.18",
                  "n": "17",
                  "label": "i' 17"
                },
                {
                  "node": "l",
                  "frag": "[...]-⸢pe⸣-e",
                  "id": "P451932.l0e9db",
                  "ref": "P451932.18.1",
                  "inst": "%akk:x-pe-e=",
                  "f": {
                    "lang": "akk",
                    "form": "x-pe-e"
                  }
                },
                {
                  "node": "l",
                  "frag": "ša₂",
                  "id": "P451932.l0e9dc",
                  "ref": "P451932.18.2",
                  "inst": "%akk:ša₂=",
                  "f": {
                    "lang": "akk",
                    "form": "ša₂"
                  }
                },
                {
                  "node": "l",
                  "frag": "AN.ŠAR₂",
                  "id": "P451932.l0e9dd",
                  "ref": "P451932.18.3",
                  "inst": "%akk:AN.ŠAR₂=",
                  "f": {
                    "lang": "akk",
                    "form": "AN.ŠAR₂"
                  }
                },
                {
                  "node": "l",
                  "frag": "u",
                  "id": "P451932.l0e9de",
                  "ref": "P451932.18.4",
                  "inst": "%akk:u=",
                  "f": {
                    "lang": "akk",
                    "form": "u"
                  }
                },
                {
                  "node": "l",
                  "frag": "{d}15",
                  "id": "P451932.l0e9df",
                  "ref": "P451932.18.5",
                  "inst": "%akk:{d}15=",
                  "f": {
                    "lang": "akk",
                    "form": "{d}15"
                  }
                },
                {
                  "node": "l",
                  "frag": "u₂-sap-pu-u",
                  "id": "P451932.l0e9e0",
                  "ref": "P451932.18.6",
                  "inst": "%akk:u₂-sap-pu-u=",
                  "f": {
                    "lang": "akk",
                    "form": "u₂-sap-pu-u"
                  }
                },
                {
                  "node": "d",
                  "type": "line-start",
                  "ref": "P451932.19",
                  "n": "18",
                  "label": "i' 18"
                },
                {
                  "node": "l",
                  "frag": "[x",
                  "id": "P451932.l0e9e1",
                  "ref": "P451932.19.1",
                  "inst": "%akk:x=",
                  "f": {
                    "lang": "akk",
                    "form": "x"
                  }
                },
                {
                  "node": "l",
                  "frag": "x]-⸢u⸣",
                  "id": "P451932.l0e9e2",
                  "ref": "P451932.19.2",
                  "inst": "%akk:x-u=",
                  "f": {
                    "lang": "akk",
                    "form": "x-u"
                  }
                },
                {
                  "node": "l",
                  "frag": "un-ni-ni-ia",
                  "id": "P451932.l0e9e3",
                  "ref": "P451932.19.3",
                  "inst": "%akk:un-ni-ni-ia=",
                  "f": {
                    "lang": "akk",
                    "form": "un-ni-ni-ia"
                  }
                },
                {
                  "node": "d",
                  "type": "line-start",
                  "ref": "P451932.20",
                  "n": "19",
                  "label": "i' 19"
                },
                {
                  "node": "l",
                  "frag": "[...]-⸢bi⸣",
                  "id": "P451932.l0e9e4",
                  "ref": "P451932.20.1",
                  "inst": "%akk:x-bi=",
                  "f": {
                    "lang": "akk",
                    "form": "x-bi"
                  }
                },
                {
                  "node": "l",
                  "frag": "ARAD-su",
                  "id": "P451932.l0e9e5",
                  "ref": "P451932.20.2",
                  "inst": "%akk:ARAD-su=",
                  "f": {
                    "lang": "akk",
                    "form": "ARAD-su"
                  }
                },
                {
                  "node": "l",
                  "frag": "EDIN-uš-šu₂",
                  "id": "P451932.l0e9e6",
                  "ref": "P451932.20.3",
                  "inst": "%akk:EDIN-uš-šu₂=",
                  "f": {
                    "lang": "akk",
                    "form": "EDIN-uš-šu₂"
                  }
                },
                {
                  "node": "l",
                  "frag": "ib-bal-kit-ma",
                  "id": "P451932.l0e9e7",
                  "ref": "P451932.20.4",
                  "inst": "%akk:ib-bal-kit-ma=",
                  "f": {
                    "lang": "akk",
                    "form": "ib-bal-kit-ma"
                  }
                },
                {
                  "node": "d",
                  "type": "line-start",
                  "ref": "P451932.21",
                  "n": "20",
                  "label": "i' 20"
                },
                {
                  "node": "l",
                  "frag": "[...]",
                  "id": "P451932.l0e9e8",
                  "ref": "P451932.21.1",
                  "inst": "%akk:x=",
                  "f": {
                    "lang": "akk",
                    "form": "x"
                  }
                },
                {
                  "node": "l",
                  "frag": "⸢BAD₅⸣.BAD₅-šu₂",
                  "id": "P451932.l0e9e9",
                  "ref": "P451932.21.2",
                  "inst": "%akk:BAD₅.BAD₅-šu₂=",
                  "f": {
                    "lang": "akk",
                    "form": "BAD₅.BAD₅-šu₂"
                  }
                },
                {
                  "node": "l",
                  "frag": "iš-kun",
                  "id": "P451932.l0e9ea",
                  "ref": "P451932.21.3",
                  "inst": "%akk:iš-kun=",
                  "f": {
                    "lang": "akk",
                    "form": "iš-kun"
                  }
                },
                {
                  "node": "l",
                  "frag": "u₂-šib",
                  "id": "P451932.l0e9eb",
                  "ref": "P451932.21.4",
                  "inst": "%akk:u₂-šib=",
                  "f": {
                    "lang": "akk",
                    "form": "u₂-šib"
                  }
                },
                {
                  "node": "l",
                  "frag": "ina",
                  "id": "P451932.l0e9ec",
                  "ref": "P451932.21.5",
                  "inst": "%akk:ina=",
                  "f": {
                    "lang": "akk",
                    "form": "ina"
                  }
                },
                {
                  "node": "l",
                  "frag": "{giš}GU.ZA-šu₂",
                  "id": "P451932.l0e9ed",
                  "ref": "P451932.21.6",
                  "inst": "%akk:{GIŠ}GU.ZA-šu₂=",
                  "f": {
                    "lang": "akk",
                    "form": "{GIŠ}GU.ZA-šu₂"
                  }
                },
                {
                  "node": "d",
                  "type": "line-start",
                  "ref": "P451932.22",
                  "n": "21",
                  "label": "i' 21"
                },
                {
                  "node": "l",
                  "frag": "[...]",
                  "id": "P451932.l0e9ee",
                  "ref": "P451932.22.1",
                  "inst": "%akk:x=",
                  "f": {
                    "lang": "akk",
                    "form": "x"
                  }
                },
                {
                  "node": "l",
                  "frag": "ŠEŠ.MEŠ-šu₂",
                  "id": "P451932.l0e9ef",
                  "ref": "P451932.22.2",
                  "inst": "%akk:ŠEŠ.MEŠ-šu₂=",
                  "f": {
                    "lang": "akk",
                    "form": "ŠEŠ.MEŠ-šu₂"
                  }
                },
                {
                  "node": "l",
                  "frag": "qin-nu-šu₂",
                  "id": "P451932.l0e9f0",
                  "ref": "P451932.22.3",
                  "inst": "%akk:qin-nu-šu₂=",
                  "f": {
                    "lang": "akk",
                    "form": "qin-nu-šu₂"
                  }
                },
                {
                  "node": "l",
                  "frag": "NUMUN",
                  "id": "P451932.l0e9f1",
                  "ref": "P451932.22.4",
                  "inst": "%akk:NUMUN=",
                  "f": {
                    "lang": "akk",
                    "form": "NUMUN"
                  }
                },
                {
                  "node": "l",
                  "frag": "E₂",
                  "id": "P451932.l0e9f2",
                  "ref": "P451932.22.5",
                  "inst": "%akk:E₂=",
                  "f": {
                    "lang": "akk",
                    "form": "E₂"
                  }
                },
                {
                  "node": "l",
                  "frag": "AD-⸢šu₂⸣",
                  "id": "P451932.l0e9f3",
                  "ref": "P451932.22.6",
                  "inst": "%akk:AD-šu₂=",
                  "f": {
                    "lang": "akk",
                    "form": "AD-šu₂"
                  }
                },
                {
                  "node": "d",
                  "type": "line-start",
                  "ref": "P451932.23",
                  "n": "22",
                  "label": "i' 22"
                },
                {
                  "node": "l",
                  "frag": "[x",
                  "id": "P451932.l0e9f4",
                  "ref": "P451932.23.1",
                  "inst": "%akk:x=",
                  "f": {
                    "lang": "akk",
                    "form": "x"
                  }
                },
                {
                  "node": "l",
                  "frag": "x]",
                  "id": "P451932.l0e9f5",
                  "ref": "P451932.23.2",
                  "inst": "%akk:x=",
                  "f": {
                    "lang": "akk",
                    "form": "x"
                  }
                },
                {
                  "node": "l",
                  "frag": "85",
                  "id": "P451932.l0e9f6",
                  "ref": "P451932.23.3",
                  "inst": "%akk:85=",
                  "f": {
                    "lang": "akk",
                    "form": "85"
                  }
                },
                {
                  "node": "l",
                  "frag": "NUN.MEŠ",
                  "id": "P451932.l0e9f7",
                  "ref": "P451932.23.4",
                  "inst": "%akk:NUN.MEŠ=",
                  "f": {
                    "lang": "akk",
                    "form": "NUN.MEŠ"
                  }
                },
                {
                  "node": "l",
                  "frag": "a-li-kut",
                  "id": "P451932.l0e9f8",
                  "ref": "P451932.23.5",
                  "inst": "%akk:a-li-kut=",
                  "f": {
                    "lang": "akk",
                    "form": "a-li-kut"
                  }
                },
                {
                  "node": "l",
                  "frag": "A₂.II-šu₂",
                  "id": "P451932.l0e9f9",
                  "ref": "P451932.23.6",
                  "inst": "%akk:A₂.II-šu₂=",
                  "f": {
                    "lang": "akk",
                    "form": "A₂.II-šu₂"
                  }
                },
                {
                  "node": "d",
                  "type": "line-start",
                  "ref": "P451932.24",
                  "n": "23",
                  "label": "i' 23"
                },
                {
                  "node": "l",
                  "frag": "[...]",
                  "id": "P451932.l0e9fa",
                  "ref": "P451932.24.1",
                  "inst": "%akk:x=",
                  "f": {
                    "lang": "akk",
                    "form": "x"
                  }
                },
                {
                  "node": "l",
                  "frag": "in-da-bi-bi",
                  "id": "P451932.l0e9fb",
                  "ref": "P451932.24.2",
                  "inst": "%akk:in-da-bi-bi=",
                  "f": {
                    "lang": "akk",
                    "form": "in-da-bi-bi"
                  }
                },
                {
                  "node": "l",
                  "frag": "⸢ARAD⸣-[x]",
                  "id": "P451932.l0e9fc",
                  "ref": "P451932.24.3",
                  "inst": "%akk:ARAD-x=",
                  "f": {
                    "lang": "akk",
                    "form": "ARAD-x"
                  }
                },
                {
                  "node": "d",
                  "type": "line-start",
                  "ref": "P451932.25",
                  "n": "24",
                  "label": "i' 24"
                },
                {
                  "node": "l",
                  "frag": "[...]-⸢šu₂-un⸣",
                  "id": "P451932.l0e9fd",
                  "ref": "P451932.25.1",
                  "inst": "%akk:x-šu₂-un=",
                  "f": {
                    "lang": "akk",
                    "form": "x-šu₂-un"
                  }
                },
                {
                  "node": "l",
                  "frag": "[x]",
                  "id": "P451932.l0e9fe",
                  "ref": "P451932.25.2",
                  "inst": "%akk:x=",
                  "f": {
                    "lang": "akk",
                    "form": "x"
                  }
                },
                {
                  "node": "l",
                  "frag": "⸢UGU",
                  "id": "P451932.l0e9ff",
                  "ref": "P451932.25.3",
                  "inst": "%akk:UGU=",
                  "f": {
                    "lang": "akk",
                    "form": "UGU"
                  }
                },
                {
                  "node": "l",
                  "frag": "lib₃-bi⸣-[x",
                  "id": "P451932.l0ea00",
                  "ref": "P451932.25.4",
                  "inst": "%akk:lib₃-bi-x=",
                  "f": {
                    "lang": "akk",
                    "form": "lib₃-bi-x"
                  }
                },
                {
                  "node": "l",
                  "frag": "x]",
                  "id": "P451932.l0ea01",
                  "ref": "P451932.25.5",
                  "inst": "%akk:x=",
                  "f": {
                    "lang": "akk",
                    "form": "x"
                  }
                },
                {
                  "node": "d",
                  "type": "nonx",
                  "ref": "P451932.26",
                  "strict": "1",
                  "extent": "n",
                  "scope": "line",
                  "state": "missing"
                },
                {
                  "node": "d",
                  "subtype": "column 2'",
                  "type": "column",
                  "ref": "P451932.ii_.27",
                  "n": "2",
                  "label": "ii'"
                },
                {
                  "node": "d",
                  "type": "line-start",
                  "ref": "P451932.28",
                  "n": "1",
                  "label": "ii' 1"
                },
                {
                  "node": "l",
                  "frag": "ib-ru-u₂-ma",
                  "id": "P451932.l0ea02",
                  "ref": "P451932.28.1",
                  "inst": "%akk:ib-ru-u₂-ma=",
                  "f": {
                    "lang": "akk",
                    "form": "ib-ru-u₂-ma"
                  }
                },
                {
                  "node": "l",
                  "frag": "u₂-ba-⸢ʾu⸣-[...]",
                  "id": "P451932.l0ea03",
                  "ref": "P451932.28.2",
                  "inst": "%akk:u₂-ba-ʾu-x=",
                  "f": {
                    "lang": "akk",
                    "form": "u₂-ba-ʾu-x"
                  }
                },
                {
                  "node": "d",
                  "type": "line-start",
                  "ref": "P451932.29",
                  "n": "2",
                  "label": "ii' 2"
                },
                {
                  "node": "l",
                  "frag": "LUGAL-ti-šu₂",
                  "id": "P451932.l0ea04",
                  "ref": "P451932.29.1",
                  "inst": "%akk:LUGAL-ti-šu₂=",
                  "f": {
                    "lang": "akk",
                    "form": "LUGAL-ti-šu₂"
                  }
                },
                {
                  "node": "l",
                  "frag": "id-ku-niš-⸢šum⸣-[...]",
                  "id": "P451932.l0ea05",
                  "ref": "P451932.29.2",
                  "inst": "%akk:id-ku-niš-šum-x=",
                  "f": {
                    "lang": "akk",
                    "form": "id-ku-niš-šum-x"
                  }
                },
                {
                  "node": "d",
                  "type": "line-start",
                  "ref": "P451932.30",
                  "n": "3",
                  "label": "ii' 3"
                },
                {
                  "node": "l",
                  "frag": "ša-ni-a-nu",
                  "id": "P451932.l0ea06",
                  "ref": "P451932.30.1",
                  "inst": "%akk:ša-ni-a-nu=",
                  "f": {
                    "lang": "akk",
                    "form": "ša-ni-a-nu"
                  }
                },
                {
                  "node": "l",
                  "frag": "u₂-šak-ni-⸢šu₂⸣-[...]",
                  "id": "P451932.l0ea07",
                  "ref": "P451932.30.2",
                  "inst": "%akk:u₂-šak-ni-šu₂-x=",
                  "f": {
                    "lang": "akk",
                    "form": "u₂-šak-ni-šu₂-x"
                  }
                },
                {
                  "node": "d",
                  "type": "line-start",
                  "ref": "P451932.31",
                  "n": "4",
                  "label": "ii' 4"
                },
                {
                  "node": "l",
                  "frag": "ina",
                  "id": "P451932.l0ea08",
                  "ref": "P451932.31.1",
                  "inst": "%akk:ina=",
                  "f": {
                    "lang": "akk",
                    "form": "ina"
                  }
                },
                {
                  "node": "l",
                  "frag": "li-i-ti",
                  "id": "P451932.l0ea09",
                  "ref": "P451932.31.2",
                  "inst": "%akk:li-i-ti=",
                  "f": {
                    "lang": "akk",
                    "form": "li-i-ti"
                  }
                },
                {
                  "node": "l",
                  "frag": "da-na-a-ni",
                  "id": "P451932.l0ea0a",
                  "ref": "P451932.31.3",
                  "inst": "%akk:da-na-a-ni=",
                  "f": {
                    "lang": "akk",
                    "form": "da-na-a-ni"
                  }
                },
                {
                  "node": "l",
                  "frag": "ša₂",
                  "id": "P451932.l0ea0b",
                  "ref": "P451932.31.4",
                  "inst": "%akk:ša₂=",
                  "f": {
                    "lang": "akk",
                    "form": "ša₂"
                  }
                },
                {
                  "node": "l",
                  "frag": "⸢DINGIR⸣.[...]",
                  "id": "P451932.l0ea0c",
                  "ref": "P451932.31.5",
                  "inst": "%akk:DINGIR.x=",
                  "f": {
                    "lang": "akk",
                    "form": "DINGIR.x"
                  }
                },
                {
                  "node": "d",
                  "type": "line-start",
                  "ref": "P451932.32",
                  "n": "5",
                  "label": "ii' 5"
                },
                {
                  "node": "l",
                  "frag": "qe₂-reb",
                  "id": "P451932.l0ea0d",
                  "ref": "P451932.32.1",
                  "inst": "%akk:qe₂-reb=",
                  "f": {
                    "lang": "akk",
                    "form": "qe₂-reb"
                  }
                },
                {
                  "node": "l",
                  "frag": "{kur}ELAM.MA{ki}",
                  "id": "P451932.l0ea0e",
                  "ref": "P451932.32.2",
                  "inst": "%akk:{KUR}ELAM.MA{KI}=",
                  "f": {
                    "lang": "akk",
                    "form": "{KUR}ELAM.MA{KI}"
                  }
                },
                {
                  "node": "l",
                  "frag": "e-ru-⸢ub-ma⸣",
                  "id": "P451932.l0ea0f",
                  "ref": "P451932.32.3",
                  "inst": "%akk:e-ru-ub-ma=",
                  "f": {
                    "lang": "akk",
                    "form": "e-ru-ub-ma"
                  }
                },
                {
                  "node": "l",
                  "frag": "[...]",
                  "id": "P451932.l0ea10",
                  "ref": "P451932.32.4",
                  "inst": "%akk:x=",
                  "f": {
                    "lang": "akk",
                    "form": "x"
                  }
                },
                {
                  "node": "d",
                  "type": "line-start",
                  "ref": "P451932.33",
                  "n": "6",
                  "label": "ii' 6"
                },
                {
                  "node": "l",
                  "frag": "ina",
                  "id": "P451932.l0ea11",
                  "ref": "P451932.33.1",
                  "inst": "%akk:ina=",
                  "f": {
                    "lang": "akk",
                    "form": "ina"
                  }
                },
                {
                  "node": "l",
                  "frag": "ta-a-a-ar-ti-ia",
                  "id": "P451932.l0ea12",
                  "ref": "P451932.33.2",
                  "inst": "%akk:ta-a-a-ar-ti-ia=",
                  "f": {
                    "lang": "akk",
                    "form": "ta-a-a-ar-ti-ia"
                  }
                },
                {
                  "node": "l",
                  "frag": "ša₂",
                  "id": "P451932.l0ea13",
                  "ref": "P451932.33.3",
                  "inst": "%akk:ša₂=",
                  "f": {
                    "lang": "akk",
                    "form": "ša₂"
                  }
                },
                {
                  "node": "l",
                  "frag": "šul-me-e",
                  "id": "P451932.l0ea14",
                  "ref": "P451932.33.4",
                  "inst": "%akk:šul-me-e=",
                  "f": {
                    "lang": "akk",
                    "form": "šul-me-e"
                  }
                },
                {
                  "node": "l",
                  "frag": "⸢ŠU⸣.[...]",
                  "id": "P451932.l0ea15",
                  "ref": "P451932.33.5",
                  "inst": "%akk:ŠU.x=",
                  "f": {
                    "lang": "akk",
                    "form": "ŠU.x"
                  }
                },
                {
                  "node": "d",
                  "type": "line-start",
                  "ref": "P451932.34",
                  "n": "7",
                  "label": "ii' 7"
                },
                {
                  "node": "l",
                  "frag": "pa-an",
                  "id": "P451932.l0ea16",
                  "ref": "P451932.34.1",
                  "inst": "%akk:pa-an=",
                  "f": {
                    "lang": "akk",
                    "form": "pa-an"
                  }
                },
                {
                  "node": "l",
                  "frag": "{giš}ŠUDUN-ia",
                  "id": "P451932.l0ea17",
                  "ref": "P451932.34.2",
                  "inst": "%akk:{GIŠ}ŠUDUN-ia=",
                  "f": {
                    "lang": "akk",
                    "form": "{GIŠ}ŠUDUN-ia"
                  }
                },
                {
                  "node": "l",
                  "frag": "u₂-ter-ra",
                  "id": "P451932.l0ea18",
                  "ref": "P451932.34.3",
                  "inst": "%akk:u₂-ter-ra=",
                  "f": {
                    "lang": "akk",
                    "form": "u₂-ter-ra"
                  }
                },
                {
                  "node": "l",
                  "frag": "⸢a⸣-[...]",
                  "id": "P451932.l0ea19",
                  "ref": "P451932.34.4",
                  "inst": "%akk:a-x=",
                  "f": {
                    "lang": "akk",
                    "form": "a-x"
                  }
                },
                {
                  "node": "d",
                  "type": "line-start",
                  "ref": "P451932.35",
                  "n": "8",
                  "label": "ii' 8"
                },
                {
                  "node": "l",
                  "frag": "{uru}ga-tu-du",
                  "id": "P451932.l0ea1a",
                  "ref": "P451932.35.1",
                  "inst": "%akk:{URU}ga-tu-du=",
                  "f": {
                    "lang": "akk",
                    "form": "{URU}ga-tu-du"
                  }
                },
                {
                  "node": "l",
                  "frag": "{uru}ga-⸢tu⸣-[x",
                  "id": "P451932.l0ea1b",
                  "ref": "P451932.35.2",
                  "inst": "%akk:{URU}ga-tu-x=",
                  "f": {
                    "lang": "akk",
                    "form": "{URU}ga-tu-x"
                  }
                },
                {
                  "node": "l",
                  "frag": "x]",
                  "id": "P451932.l0ea1c",
                  "ref": "P451932.35.3",
                  "inst": "%akk:x=",
                  "f": {
                    "lang": "akk",
                    "form": "x"
                  }
                },
                {
                  "node": "d",
                  "type": "line-start",
                  "ref": "P451932.36",
                  "n": "9",
                  "label": "ii' 9"
                },
                {
                  "node": "l",
                  "frag": "{uru}da-e-ba",
                  "id": "P451932.l0ea1d",
                  "ref": "P451932.36.1",
                  "inst": "%akk:{URU}da-e-ba=",
                  "f": {
                    "lang": "akk",
                    "form": "{URU}da-e-ba"
                  }
                },
                {
                  "node": "l",
                  "frag": "{uru}na-[x",
                  "id": "P451932.l0ea1e",
                  "ref": "P451932.36.2",
                  "inst": "%akk:{URU}na-x=",
                  "f": {
                    "lang": "akk",
                    "form": "{URU}na-x"
                  }
                },
                {
                  "node": "l",
                  "frag": "x]",
                  "id": "P451932.l0ea1f",
                  "ref": "P451932.36.3",
                  "inst": "%akk:x=",
                  "f": {
                    "lang": "akk",
                    "form": "x"
                  }
                },
                {
                  "node": "d",
                  "type": "line-start",
                  "ref": "P451932.37",
                  "n": "10",
                  "label": "ii' 10"
                },
                {
                  "node": "l",
                  "frag": "{uru}BAD₃-{m}am-na-ni",
                  "id": "P451932.l0ea20",
                  "ref": "P451932.37.1",
                  "inst": "%akk:{URU}BAD₃-{m}am-na-ni=",
                  "f": {
                    "lang": "akk",
                    "form": "{URU}BAD₃-{m}am-na-ni"
                  }
                },
                {
                  "node": "l",
                  "frag": "{uru}⸢BAD₃⸣-[...]",
                  "id": "P451932.l0ea21",
                  "ref": "P451932.37.2",
                  "inst": "%akk:{URU}BAD₃-x=",
                  "f": {
                    "lang": "akk",
                    "form": "{URU}BAD₃-x"
                  }
                },
                {
                  "node": "d",
                  "type": "line-start",
                  "ref": "P451932.38",
                  "n": "11",
                  "label": "ii' 11"
                },
                {
                  "node": "l",
                  "frag": "{uru}ha-ma-nu",
                  "id": "P451932.l0ea22",
                  "ref": "P451932.38.1",
                  "inst": "%akk:{URU}ha-ma-nu=",
                  "f": {
                    "lang": "akk",
                    "form": "{URU}ha-ma-nu"
                  }
                },
                {
                  "node": "l",
                  "frag": "{uru}⸢ta⸣-[x",
                  "id": "P451932.l0ea23",
                  "ref": "P451932.38.2",
                  "inst": "%akk:{URU}ta-x=",
                  "f": {
                    "lang": "akk",
                    "form": "{URU}ta-x"
                  }
                },
                {
                  "node": "l",
                  "frag": "x]",
                  "id": "P451932.l0ea24",
                  "ref": "P451932.38.3",
                  "inst": "%akk:x=",
                  "f": {
                    "lang": "akk",
                    "form": "x"
                  }
                },
                {
                  "node": "d",
                  "type": "line-start",
                  "ref": "P451932.39",
                  "n": "12",
                  "label": "ii' 12"
                },
                {
                  "node": "l",
                  "frag": "{uru}ha-a-a-u₂-si",
                  "id": "P451932.l0ea25",
                  "ref": "P451932.39.1",
                  "inst": "%akk:{URU}ha-a-a-u₂-si=",
                  "f": {
                    "lang": "akk",
                    "form": "{URU}ha-a-a-u₂-si"
                  }
                },
                {
                  "node": "l",
                  "frag": "{uru}⸢E₂⸣-[...]",
                  "id": "P451932.l0ea26",
                  "ref": "P451932.39.2",
                  "inst": "%akk:{URU}E₂-x=",
                  "f": {
                    "lang": "akk",
                    "form": "{URU}E₂-x"
                  }
                },
                {
                  "node": "d",
                  "type": "line-start",
                  "ref": "P451932.40",
                  "n": "13",
                  "label": "ii' 13"
                },
                {
                  "node": "l",
                  "frag": "{uru}E₂-{m}ar-ra-bi",
                  "id": "P451932.l0ea27",
                  "ref": "P451932.40.1",
                  "inst": "%akk:{URU}E₂-{m}ar-ra-bi=",
                  "f": {
                    "lang": "akk",
                    "form": "{URU}E₂-{m}ar-ra-bi"
                  }
                },
                {
                  "node": "l",
                  "frag": "{uru}[...]",
                  "id": "P451932.l0ea28",
                  "ref": "P451932.40.2",
                  "inst": "%akk:{URU}x=",
                  "f": {
                    "lang": "akk",
                    "form": "{URU}x"
                  }
                },
                {
                  "node": "d",
                  "type": "line-start",
                  "ref": "P451932.41",
                  "n": "14",
                  "label": "ii' 14"
                },
                {
                  "node": "l",
                  "frag": "{uru}ma-dak-tu",
                  "id": "P451932.l0ea29",
                  "ref": "P451932.41.1",
                  "inst": "%akk:{URU}ma-dak-tu=",
                  "f": {
                    "lang": "akk",
                    "form": "{URU}ma-dak-tu"
                  }
                },
                {
                  "node": "l",
                  "frag": "{⸢uru⸣}[...]",
                  "id": "P451932.l0ea2a",
                  "ref": "P451932.41.2",
                  "inst": "%akk:{URU}x=",
                  "f": {
                    "lang": "akk",
                    "form": "{URU}x"
                  }
                },
                {
                  "node": "d",
                  "type": "line-start",
                  "ref": "P451932.42",
                  "n": "15",
                  "label": "ii' 15"
                },
                {
                  "node": "l",
                  "frag": "{uru}bu-be₂-⸢e⸣",
                  "id": "P451932.l0ea2b",
                  "ref": "P451932.42.1",
                  "inst": "%akk:{URU}bu-be₂-e=",
                  "f": {
                    "lang": "akk",
                    "form": "{URU}bu-be₂-e"
                  }
                },
                {
                  "node": "l",
                  "frag": "[...]",
                  "id": "P451932.l0ea2c",
                  "ref": "P451932.42.2",
                  "inst": "%akk:x=",
                  "f": {
                    "lang": "akk",
                    "form": "x"
                  }
                },
                {
                  "node": "d",
                  "type": "line-start",
                  "ref": "P451932.43",
                  "n": "16",
                  "label": "ii' 16"
                },
                {
                  "node": "l",
                  "frag": "{uru}ur-⸢da⸣-[...]",
                  "id": "P451932.l0ea2d",
                  "ref": "P451932.43.1",
                  "inst": "%akk:{URU}ur-da-x=",
                  "f": {
                    "lang": "akk",
                    "form": "{URU}ur-da-x"
                  }
                },
                {
                  "node": "d",
                  "type": "line-start",
                  "ref": "P451932.44",
                  "n": "17",
                  "label": "ii' 17"
                },
                {
                  "node": "l",
                  "frag": "{uru}⸢tu⸣-[...]",
                  "id": "P451932.l0ea2e",
                  "ref": "P451932.44.1",
                  "inst": "%akk:{URU}tu-x=",
                  "f": {
                    "lang": "akk",
                    "form": "{URU}tu-x"
                  }
                },
                {
                  "node": "d",
                  "type": "line-start",
                  "ref": "P451932.45",
                  "n": "18",
                  "label": "ii' 18"
                },
                {
                  "node": "l",
                  "frag": "{⸢uru⸣}[...]",
                  "id": "P451932.l0ea2f",
                  "ref": "P451932.45.1",
                  "inst": "%akk:{URU}x=",
                  "f": {
                    "lang": "akk",
                    "form": "{URU}x"
                  }
                },
                {
                  "node": "d",
                  "type": "nonx",
                  "ref": "P451932.46",
                  "strict": "1",
                  "extent": "n",
                  "scope": "line",
                  "state": "missing"
                }
              ]
            }
          ]
        }
      ]
    }
  ]
}
