{
  "type": "cdl",
  "source": "http://oracc.org/rinap/sources",
  "license": "This data is released under the CC0 license",
  "license-url": "https://creativecommons.org/publicdomain/zero/1.0/",
  "more-info": "http://oracc.org/doc/opendata/",
  "UTC-timestamp": "2017-06-10T00:28:46",
  "project": "rinap/sources",
  "textid": "P466758",
  "cdl": [
    {
      "node": "c",
      "type": "text",
      "id": "P466758.U0",
      "cdl": [
        {
          "node": "d",
          "type": "object",
          "ref": ""
        },
        {
          "node": "d",
          "type": "surface",
          "ref": ""
        },
        {
          "node": "c",
          "type": "discourse",
          "subtype": "body",
          "id": "P466758.U1",
          "cdl": [
            {
              "node": "c",
              "type": "sentence",
              "id": "P466758.U2",
              "label": "1 - 5",
              "cdl": [
                {
                  "node": "d",
                  "type": "line-start",
                  "ref": "P466758.1",
                  "n": "1",
                  "label": "1"
                },
                {
                  "node": "l",
                  "frag": "E₂.GAL",
                  "id": "P466758.l3ac40",
                  "ref": "P466758.1.1",
                  "inst": "%akk:E₂.GAL=",
                  "f": {
                    "lang": "akk",
                    "form": "E₂.GAL"
                  }
                },
                {
                  "node": "l",
                  "frag": "{m}{d}30-PAP.MEŠ-SU",
                  "id": "P466758.l3ac41",
                  "ref": "P466758.1.2",
                  "inst": "%akk:{m}{d}30-PAP.MEŠ-SU=",
                  "f": {
                    "lang": "akk",
                    "form": "{m}{d}30-PAP.MEŠ-SU"
                  }
                },
                {
                  "node": "d",
                  "type": "line-start",
                  "ref": "P466758.2",
                  "n": "2",
                  "label": "2"
                },
                {
                  "node": "l",
                  "frag": "MAN",
                  "id": "P466758.l3ac42",
                  "ref": "P466758.2.1",
                  "inst": "%akk:MAN=",
                  "f": {
                    "lang": "akk",
                    "form": "MAN"
                  }
                },
                {
                  "node": "l",
                  "frag": "GAL",
                  "id": "P466758.l3ac43",
                  "ref": "P466758.2.2",
                  "inst": "%akk:GAL=",
                  "f": {
                    "lang": "akk",
                    "form": "GAL"
                  }
                },
                {
                  "node": "l",
                  "frag": "MAN",
                  "id": "P466758.l3ac44",
                  "ref": "P466758.2.3",
                  "inst": "%akk:MAN=",
                  "f": {
                    "lang": "akk",
                    "form": "MAN"
                  }
                },
                {
                  "node": "l",
                  "frag": "dan-nu",
                  "id": "P466758.l3ac45",
                  "ref": "P466758.2.4",
                  "inst": "%akk:dan-nu=",
                  "f": {
                    "lang": "akk",
                    "form": "dan-nu"
                  }
                },
                {
                  "node": "l",
                  "frag": "MAN",
                  "id": "P466758.l3ac46",
                  "ref": "P466758.2.5",
                  "inst": "%akk:MAN=",
                  "f": {
                    "lang": "akk",
                    "form": "MAN"
                  }
                },
                {
                  "node": "l",
                  "frag": "ŠU₂",
                  "id": "P466758.l3ac47",
                  "ref": "P466758.2.6",
                  "inst": "%akk:ŠU₂=",
                  "f": {
                    "lang": "akk",
                    "form": "ŠU₂"
                  }
                },
                {
                  "node": "l",
                  "frag": "MAN",
                  "id": "P466758.l3ac48",
                  "ref": "P466758.2.7",
                  "inst": "%akk:MAN=",
                  "f": {
                    "lang": "akk",
                    "form": "MAN"
                  }
                },
                {
                  "node": "l",
                  "frag": "KUR",
                  "id": "P466758.l3ac49",
                  "ref": "P466758.2.8",
                  "inst": "%akk:KUR=",
                  "f": {
                    "lang": "akk",
                    "form": "KUR"
                  }
                },
                {
                  "node": "l",
                  "frag": "aš-šur",
                  "id": "P466758.l3ac4a",
                  "ref": "P466758.2.9",
                  "inst": "%akk:aš-šur=",
                  "f": {
                    "lang": "akk",
                    "form": "aš-šur"
                  }
                },
                {
                  "node": "d",
                  "type": "nonw",
                  "ref": ""
                },
                {
                  "node": "d",
                  "type": "line-start",
                  "ref": "P466758.3",
                  "n": "3",
                  "label": "3"
                },
                {
                  "node": "l",
                  "frag": "e₂-gal-zag-di-nu-tuku-a",
                  "id": "P466758.l3ac4b",
                  "ref": "P466758.3.1",
                  "inst": "%akk:e₂-gal-zag-di-nu-tuku-a=",
                  "f": {
                    "lang": "akk",
                    "form": "e₂-gal-zag-di-nu-tuku-a"
                  }
                },
                {
                  "node": "d",
                  "type": "nonw",
                  "ref": ""
                },
                {
                  "node": "d",
                  "type": "line-start",
                  "ref": "P466758.4",
                  "n": "4",
                  "label": "4"
                },
                {
                  "node": "l",
                  "frag": "a-na",
                  "id": "P466758.l3ac4c",
                  "ref": "P466758.4.1",
                  "inst": "%akk:a-na=",
                  "f": {
                    "lang": "akk",
                    "form": "a-na"
                  }
                },
                {
                  "node": "l",
                  "frag": "mu-šab",
                  "id": "P466758.l3ac4d",
                  "ref": "P466758.4.2",
                  "inst": "%akk:mu-šab=",
                  "f": {
                    "lang": "akk",
                    "form": "mu-šab"
                  }
                },
                {
                  "node": "l",
                  "frag": "EN",
                  "id": "P466758.l3ac4e",
                  "ref": "P466758.4.3",
                  "inst": "%akk:EN=",
                  "f": {
                    "lang": "akk",
                    "form": "EN"
                  }
                },
                {
                  "node": "d",
                  "type": "nonw",
                  "ref": ""
                },
                {
                  "node": "l",
                  "frag": "ti-šu₂",
                  "id": "P466758.l3ac4f",
                  "ref": "P466758.4.4",
                  "inst": "%akk:ti-šu₂=",
                  "f": {
                    "lang": "akk",
                    "form": "ti-šu₂"
                  }
                },
                {
                  "node": "d",
                  "type": "line-start",
                  "ref": "P466758.5",
                  "n": "5",
                  "label": "5"
                },
                {
                  "node": "l",
                  "frag": "qe₂-reb",
                  "id": "P466758.l3ac50",
                  "ref": "P466758.5.1",
                  "inst": "%akk:qe₂-reb=",
                  "f": {
                    "lang": "akk",
                    "form": "qe₂-reb"
                  }
                },
                {
                  "node": "l",
                  "frag": "{uru}ni-na-a",
                  "id": "P466758.l3ac51",
                  "ref": "P466758.5.2",
                  "inst": "%akk:{URU}ni-na-a=",
                  "f": {
                    "lang": "akk",
                    "form": "{URU}ni-na-a"
                  }
                },
                {
                  "node": "l",
                  "frag": "GIBIL-iš₃",
                  "id": "P466758.l3ac52",
                  "ref": "P466758.5.3",
                  "inst": "%akk:GIBIL-iš₃=",
                  "f": {
                    "lang": "akk",
                    "form": "GIBIL-iš₃"
                  }
                },
                {
                  "node": "l",
                  "frag": "lu",
                  "id": "P466758.l3ac53",
                  "ref": "P466758.5.4",
                  "inst": "%akk:lu=",
                  "f": {
                    "lang": "akk",
                    "form": "lu"
                  }
                },
                {
                  "node": "l",
                  "frag": "DU₃-uš",
                  "id": "P466758.l3ac54",
                  "ref": "P466758.5.5",
                  "inst": "%akk:DU₃-uš=",
                  "f": {
                    "lang": "akk",
                    "form": "DU₃-uš"
                  }
                }
              ]
            }
          ]
        }
      ]
    }
  ]
}
