{
  "type": "cdl",
  "source": "http://oracc.org/rinap/sources",
  "license": "This data is released under the CC0 license",
  "license-url": "https://creativecommons.org/publicdomain/zero/1.0/",
  "more-info": "http://oracc.org/doc/opendata/",
  "UTC-timestamp": "2017-06-10T00:28:10",
  "project": "rinap/sources",
  "textid": "X000102",
  "cdl": [
    {
      "node": "c",
      "type": "text",
      "id": "X000102.U0",
      "cdl": [
        {
          "node": "d",
          "type": "object",
          "ref": ""
        },
        {
          "node": "d",
          "type": "surface",
          "ref": ""
        },
        {
          "node": "c",
          "type": "discourse",
          "subtype": "body",
          "id": "X000102.U1",
          "cdl": [
            {
              "node": "c",
              "type": "sentence",
              "id": "X000102.U2",
              "label": "1 - 1",
              "cdl": [
                {
                  "node": "d",
                  "type": "line-start",
                  "ref": "X000102.1",
                  "n": "1",
                  "label": "1"
                },
                {
                  "node": "l",
                  "frag": "{⸢uru}LIMMU₂⸣-DINGIR",
                  "id": "X000102.l1e17f",
                  "ref": "X000102.1.1",
                  "inst": "%akk:{URU}LIMMU₂-DINGIR=",
                  "f": {
                    "lang": "akk",
                    "form": "{URU}LIMMU₂-DINGIR"
                  }
                }
              ]
            }
          ]
        }
      ]
    }
  ]
}
