{
  "type": "cdl",
  "source": "http://oracc.org/saao/saa01",
  "license": "This data is released under the CC0 license",
  "license-url": "https://creativecommons.org/publicdomain/zero/1.0/",
  "more-info": "http://oracc.org/doc/opendata/",
  "UTC-timestamp": "2017-06-10T00:36:56",
  "project": "saao/saa01",
  "textid": "P313523",
  "cdl": [
    {
      "node": "c",
      "type": "text",
      "id": "P313523.U0",
      "cdl": [
        {
          "node": "d",
          "type": "object",
          "ref": ""
        },
        {
          "node": "d",
          "subtype": "obverse",
          "type": "obverse",
          "ref": "P313523.o.1",
          "label": "o"
        },
        {
          "node": "c",
          "type": "discourse",
          "subtype": "body",
          "id": "P313523.U1",
          "cdl": [
            {
              "node": "c",
              "type": "sentence",
              "id": "P313523.U2",
              "label": "o 1 - r 6",
              "cdl": [
                {
                  "node": "d",
                  "type": "line-start",
                  "ref": "P313523.2",
                  "n": "1",
                  "label": "o 1"
                },
                {
                  "node": "l",
                  "frag": "[a]-na",
                  "id": "P313523.l03c7c",
                  "ref": "P313523.2.1",
                  "inst": "ana[to]PRP",
                  "sig": "@saao/saa01%akk-x-neoass:a-na=ana[to//to]PRP'PRP$ana",
                  "f": {
                    "lang": "akk-x-neoass",
                    "form": "a-na",
                    "cf": "ana",
                    "gw": "to",
                    "sense": "to",
                    "norm": "ana",
                    "pos": "PRP",
                    "epos": "PRP"
                  }
                },
                {
                  "node": "l",
                  "frag": "LUGAL",
                  "id": "P313523.l03c7d",
                  "ref": "P313523.2.2",
                  "inst": "šarri[king]N",
                  "sig": "@saao/saa01%akk-x-neoass:LUGAL=šarru[king//king]N'N$šarri",
                  "f": {
                    "lang": "akk-x-neoass",
                    "form": "LUGAL",
                    "cf": "šarru",
                    "gw": "king",
                    "sense": "king",
                    "norm": "šarri",
                    "pos": "N",
                    "epos": "N"
                  }
                },
                {
                  "node": "l",
                  "frag": "be-li₂-ia₂",
                  "id": "P313523.l03c7e",
                  "ref": "P313523.2.3",
                  "inst": "bēlīya[lord]N",
                  "sig": "@saao/saa01%akk-x-neoass:be-li₂-ia₂=bēlu[lord//lord]N'N$bēlīya",
                  "f": {
                    "lang": "akk-x-neoass",
                    "form": "be-li₂-ia₂",
                    "cf": "bēlu",
                    "gw": "lord",
                    "sense": "lord",
                    "norm": "bēlīya",
                    "pos": "N",
                    "epos": "N"
                  }
                },
                {
                  "node": "d",
                  "type": "line-start",
                  "ref": "P313523.3",
                  "n": "2",
                  "label": "o 2"
                },
                {
                  "node": "l",
                  "frag": "ARAD-ka",
                  "id": "P313523.l03c7f",
                  "ref": "P313523.3.1",
                  "inst": "urdaka[servant]N",
                  "sig": "@saao/saa01%akk-x-neoass:ARAD-ka=ardu[slave//servant]N'N$urdaka",
                  "f": {
                    "lang": "akk-x-neoass",
                    "form": "ARAD-ka",
                    "cf": "ardu",
                    "gw": "slave",
                    "sense": "servant",
                    "norm": "urdaka",
                    "pos": "N",
                    "epos": "N"
                  }
                },
                {
                  "node": "l",
                  "frag": "{1}aš-šur-MAN-DU₃",
                  "id": "P313523.l03c80",
                  "ref": "P313523.3.2",
                  "inst": "Aššur-šarru-ibni[]PN$",
                  "sig": "@saao/saa01%akk-x-neoass:{1}aš-šur-MAN-DU₃=Aššur-šarru-ibni[1//1]PN'PN$Aššur-šarru-ibni",
                  "f": {
                    "lang": "akk-x-neoass",
                    "form": "{1}aš-šur-MAN-DU₃",
                    "cf": "Aššur-šarru-ibni",
                    "gw": "1",
                    "sense": "1",
                    "norm": "Aššur-šarru-ibni",
                    "pos": "PN",
                    "epos": "PN"
                  }
                },
                {
                  "node": "d",
                  "type": "line-start",
                  "ref": "P313523.4",
                  "n": "3",
                  "label": "o 3"
                },
                {
                  "node": "l",
                  "frag": "lu",
                  "id": "P313523.l03c81",
                  "ref": "P313523.4.1",
                  "inst": "lū[may]MOD",
                  "sig": "@saao/saa01%akk-x-neoass:lu=lū[may//may]MOD'MOD$lū",
                  "f": {
                    "lang": "akk-x-neoass",
                    "form": "lu",
                    "cf": "lū",
                    "gw": "may",
                    "sense": "may",
                    "norm": "lū",
                    "pos": "MOD",
                    "epos": "MOD"
                  }
                },
                {
                  "node": "l",
                  "frag": "DI-mu",
                  "id": "P313523.l03c82",
                  "ref": "P313523.4.2",
                  "inst": "šulmu[health]N",
                  "sig": "@saao/saa01%akk-x-neoass:DI-mu=šulmu[completeness//health]N'N$šulmu",
                  "f": {
                    "lang": "akk-x-neoass",
                    "form": "DI-mu",
                    "cf": "šulmu",
                    "gw": "completeness",
                    "sense": "health",
                    "norm": "šulmu",
                    "pos": "N",
                    "epos": "N"
                  }
                },
                {
                  "node": "l",
                  "frag": "a-na",
                  "id": "P313523.l03c83",
                  "ref": "P313523.4.3",
                  "inst": "ana[to]PRP",
                  "sig": "@saao/saa01%akk-x-neoass:a-na=ana[to//to]PRP'PRP$ana",
                  "f": {
                    "lang": "akk-x-neoass",
                    "form": "a-na",
                    "cf": "ana",
                    "gw": "to",
                    "sense": "to",
                    "norm": "ana",
                    "pos": "PRP",
                    "epos": "PRP"
                  }
                },
                {
                  "node": "l",
                  "frag": "⸢LUGAL⸣",
                  "id": "P313523.l03c84",
                  "ref": "P313523.4.4",
                  "inst": "šarri[king]N",
                  "sig": "@saao/saa01%akk-x-neoass:LUGAL=šarru[king//king]N'N$šarri",
                  "f": {
                    "lang": "akk-x-neoass",
                    "form": "LUGAL",
                    "cf": "šarru",
                    "gw": "king",
                    "sense": "king",
                    "norm": "šarri",
                    "pos": "N",
                    "epos": "N"
                  }
                },
                {
                  "node": "l",
                  "frag": "[EN-ia₂]",
                  "id": "P313523.l03c85",
                  "ref": "P313523.4.5",
                  "inst": "bēlīya[lord]N",
                  "sig": "@saao/saa01%akk-x-neoass:EN-ia₂=bēlu[lord//lord]N'N$bēlīya",
                  "f": {
                    "lang": "akk-x-neoass",
                    "form": "EN-ia₂",
                    "cf": "bēlu",
                    "gw": "lord",
                    "sense": "lord",
                    "norm": "bēlīya",
                    "pos": "N",
                    "epos": "N"
                  }
                },
                {
                  "node": "d",
                  "type": "line-start",
                  "ref": "P313523.5",
                  "n": "4",
                  "label": "o 4"
                },
                {
                  "node": "l",
                  "frag": "01",
                  "id": "P313523.l03c86",
                  "ref": "P313523.5.1",
                  "inst": "n",
                  "f": {
                    "lang": "akk-x-neoass",
                    "form": "01",
                    "pos": "n"
                  }
                },
                {
                  "node": "l",
                  "frag": "me",
                  "id": "P313523.l03c87",
                  "ref": "P313523.5.2",
                  "inst": "mē[hundred]NU",
                  "sig": "@saao/saa01%akk-x-neoass:me=meʾatu[(one) hundred//(one) hundred]NU'NU$mē",
                  "f": {
                    "lang": "akk-x-neoass",
                    "form": "me",
                    "cf": "meʾatu",
                    "gw": "(one) hundred",
                    "sense": "(one) hundred",
                    "norm": "mē",
                    "pos": "NU",
                    "epos": "NU"
                  }
                },
                {
                  "node": "l",
                  "frag": "20",
                  "id": "P313523.l03c88",
                  "ref": "P313523.5.3",
                  "inst": "n",
                  "f": {
                    "lang": "akk-x-neoass",
                    "form": "20",
                    "pos": "n"
                  }
                },
                {
                  "node": "l",
                  "frag": "{⸢lu₂v⸣}ERIM-MEŠ-⸢LUGAL⸣",
                  "id": "P313523.l03c89",
                  "ref": "P313523.5.4",
                  "cof-tails": "P313523.l03c8a",
                  "inst": "ṣābu[people]N$ṣāb&šarru[king]N$šarri",
                  "sig": "@saao/saa01%akk-x-neoass:{LU₂}ERIM-MEŠ-LUGAL=ṣābu[people//people]N'N$ṣāb&&@saao%akk-x-neoass:=šarru[king//king]N'N$šarri",
                  "f": {
                    "lang": "akk-x-neoass",
                    "form": "{LU₂}ERIM-MEŠ-LUGAL",
                    "cf": "ṣābu",
                    "gw": "people",
                    "sense": "people",
                    "norm": "ṣāb",
                    "pos": "N",
                    "epos": "N"
                  }
                },
                {
                  "node": "l",
                  "frag": "{⸢lu₂v⸣}ERIM-MEŠ-⸢LUGAL⸣",
                  "id": "P313523.l03c8a",
                  "ref": "P313523.5.4",
                  "cof-head": "P313523.l03c89",
                  "inst": "ṣābu[people]N$ṣāb&šarru[king]N$šarri",
                  "tail-sig": "@saao%akk-x-neoass:=šarru[king//king]N'N$šarri",
                  "f": {
                    "lang": "akk-x-neoass",
                    "form": "{LU₂}ERIM-MEŠ-LUGAL",
                    "cf": "šarru",
                    "gw": "king",
                    "sense": "king",
                    "norm": "šarri",
                    "pos": "N",
                    "epos": "N"
                  }
                },
                {
                  "node": "d",
                  "type": "line-start",
                  "ref": "P313523.6",
                  "n": "5",
                  "label": "o 5"
                },
                {
                  "node": "l",
                  "frag": "⸢ša⸣",
                  "id": "P313523.l03c8b",
                  "ref": "P313523.6.1",
                  "inst": "ša[who]REL",
                  "sig": "@saao/saa01%akk-x-neoass:ša=ša[that//who]REL'REL$ša",
                  "f": {
                    "lang": "akk-x-neoass",
                    "form": "ša",
                    "cf": "ša",
                    "gw": "that",
                    "sense": "who",
                    "norm": "ša",
                    "pos": "REL",
                    "epos": "REL"
                  }
                },
                {
                  "node": "l",
                  "frag": "a-na\\t",
                  "id": "P313523.l03c8c",
                  "ref": "P313523.6.2",
                  "inst": "ana[to]PRP",
                  "sig": "@saao/saa01%akk-x-neoass:a-na=ana[to//to]PRP'PRP$ana",
                  "f": {
                    "lang": "akk-x-neoass",
                    "form": "a-na",
                    "cf": "ana",
                    "gw": "to",
                    "sense": "to",
                    "norm": "ana",
                    "pos": "PRP",
                    "epos": "PRP"
                  }
                },
                {
                  "node": "l",
                  "frag": "KASKAL",
                  "id": "P313523.l03c8d",
                  "ref": "P313523.6.3",
                  "inst": "hūlu[way//campaign]N$hūli",
                  "sig": "@saao/saa01%akk-x-neoass:KASKAL=hūlu[way//campaign]N'N$hūli",
                  "f": {
                    "lang": "akk-x-neoass",
                    "form": "KASKAL",
                    "cf": "hūlu",
                    "gw": "way",
                    "sense": "campaign",
                    "norm": "hūli",
                    "pos": "N",
                    "epos": "N"
                  }
                },
                {
                  "node": "l",
                  "frag": "TA@v",
                  "id": "P313523.l03c8e",
                  "ref": "P313523.6.4",
                  "inst": "issi[with]PRP",
                  "sig": "@saao/saa01%akk-x-neoass:TA@v=išti[with//with]PRP'PRP$issi",
                  "f": {
                    "lang": "akk-x-neoass",
                    "form": "TA@v",
                    "cf": "išti",
                    "gw": "with",
                    "sense": "with",
                    "norm": "issi",
                    "pos": "PRP",
                    "epos": "PRP"
                  }
                },
                {
                  "node": "l",
                  "frag": "LUGAL",
                  "id": "P313523.l03c8f",
                  "ref": "P313523.6.5",
                  "inst": "šarri[king]N",
                  "sig": "@saao/saa01%akk-x-neoass:LUGAL=šarru[king//king]N'N$šarri",
                  "f": {
                    "lang": "akk-x-neoass",
                    "form": "LUGAL",
                    "cf": "šarru",
                    "gw": "king",
                    "sense": "king",
                    "norm": "šarri",
                    "pos": "N",
                    "epos": "N"
                  }
                },
                {
                  "node": "d",
                  "type": "line-start",
                  "ref": "P313523.7",
                  "n": "6",
                  "label": "o 6"
                },
                {
                  "node": "l",
                  "frag": "la",
                  "id": "P313523.l03c90",
                  "ref": "P313523.7.1",
                  "inst": "lā[not]MOD",
                  "sig": "@saao/saa01%akk-x-neoass:la=lā[not//not]MOD'MOD$lā",
                  "f": {
                    "lang": "akk-x-neoass",
                    "form": "la",
                    "cf": "lā",
                    "gw": "not",
                    "sense": "not",
                    "norm": "lā",
                    "pos": "MOD",
                    "epos": "MOD"
                  }
                },
                {
                  "node": "l",
                  "frag": "i-li\\d-ku-ni",
                  "id": "P313523.l03c91",
                  "ref": "P313523.7.2",
                  "inst": "alāku[go]V$illikūni",
                  "sig": "@saao/saa01%akk-x-neoass:i-li-ku-ni=alāku[go//go]V'V$illikūni",
                  "f": {
                    "lang": "akk-x-neoass",
                    "form": "i-li-ku-ni",
                    "cf": "alāku",
                    "gw": "go",
                    "sense": "go",
                    "norm": "illikūni",
                    "pos": "V",
                    "epos": "V"
                  }
                },
                {
                  "node": "d",
                  "type": "line-start",
                  "ref": "P313523.8",
                  "n": "7",
                  "label": "o 7"
                },
                {
                  "node": "c",
                  "type": "phrase",
                  "tag": "phr",
                  "id": "P313523.U4",
                  "ref": "P313523.ls00000",
                  "cdl": [
                    {
                      "node": "l",
                      "frag": "ina",
                      "id": "P313523.l03c92",
                      "ref": "P313523.8.1",
                      "inst": "ina[in+=in the presence of]PRP",
                      "sig": "@saao/saa01%akk-x-neoass:ina=ina[in//in]PRP'PRP$ina",
                      "f": {
                        "lang": "akk-x-neoass",
                        "form": "ina",
                        "cf": "ina",
                        "gw": "in",
                        "sense": "in",
                        "norm": "ina",
                        "pos": "PRP",
                        "epos": "PRP"
                      }
                    },
                    {
                      "node": "l",
                      "frag": "IGI",
                      "id": "P313523.l03c93",
                      "ref": "P313523.8.2",
                      "inst": "pān[front]N",
                      "sig": "@saao/saa01%akk-x-neoass:IGI=pānu[front//front]N'N$pān",
                      "f": {
                        "lang": "akk-x-neoass",
                        "form": "IGI",
                        "cf": "pānu",
                        "gw": "front",
                        "sense": "front",
                        "norm": "pān",
                        "pos": "N",
                        "epos": "N"
                      }
                    }
                  ]
                },
                {
                  "node": "l",
                  "frag": "{lu₂vy}EN.NAM",
                  "id": "P313523.l03c94",
                  "ref": "P313523.8.3",
                  "inst": "pāhiti[governor]N",
                  "sig": "@saao/saa01%akk-x-neoass:{LU₂}EN.NAM=pīhātu[responsibility//governor]N'N$pāhiti",
                  "f": {
                    "lang": "akk-x-neoass",
                    "form": "{LU₂}EN.NAM",
                    "cf": "pīhātu",
                    "gw": "responsibility",
                    "sense": "governor",
                    "norm": "pāhiti",
                    "pos": "N",
                    "epos": "N"
                  }
                },
                {
                  "node": "l",
                  "frag": "ša\\m",
                  "id": "P313523.l03c95",
                  "ref": "P313523.8.4",
                  "inst": "ša[of]DET",
                  "sig": "@saao/saa01%akk-x-neoass:ša=ša[of//of]DET'DET$ša",
                  "f": {
                    "lang": "akk-x-neoass",
                    "form": "ša",
                    "cf": "ša",
                    "gw": "of",
                    "sense": "of",
                    "norm": "ša",
                    "pos": "DET",
                    "epos": "DET"
                  }
                },
                {
                  "node": "l",
                  "frag": "{uru}arba-il₃",
                  "id": "P313523.l03c96",
                  "ref": "P313523.8.5",
                  "inst": "Arbail[Arbela]GN",
                  "sig": "@saao/saa01%akk-x-neoass:{URU}arba-il₃=Arbail[Arbela//Arbela]GN'GN$Arbail",
                  "f": {
                    "lang": "akk-x-neoass",
                    "form": "{URU}arba-il₃",
                    "cf": "Arbail",
                    "gw": "Arbela",
                    "sense": "Arbela",
                    "norm": "Arbail",
                    "pos": "GN",
                    "epos": "GN"
                  }
                },
                {
                  "node": "d",
                  "type": "line-start",
                  "ref": "P313523.9",
                  "n": "8",
                  "label": "o 8"
                },
                {
                  "node": "l",
                  "frag": "le-ma-gur₂-ru",
                  "id": "P313523.l03c97",
                  "ref": "P313523.9.1",
                  "cof-tails": "P313523.l03c98",
                  "inst": "lā[not]MOD$&magāru[consent//agree]V$immaggurru",
                  "sig": "@saao/saa01%akk-x-neoass:le-ma-gur₂-ru=lā[not//not]MOD'MOD$lā&&@saao%akk-x-neoass:=magāru[consent//agree]V'V$immaggurru",
                  "f": {
                    "lang": "akk-x-neoass",
                    "form": "le-ma-gur₂-ru",
                    "cf": "lā",
                    "gw": "not",
                    "sense": "not",
                    "norm": "lā",
                    "pos": "MOD",
                    "epos": "MOD"
                  }
                },
                {
                  "node": "l",
                  "frag": "le-ma-gur₂-ru",
                  "id": "P313523.l03c98",
                  "ref": "P313523.9.1",
                  "cof-head": "P313523.l03c97",
                  "inst": "lā[not]MOD$&magāru[consent//agree]V$immaggurru",
                  "tail-sig": "@saao%akk-x-neoass:=magāru[consent//agree]V'V$immaggurru",
                  "f": {
                    "lang": "akk-x-neoass",
                    "form": "le-ma-gur₂-ru",
                    "cf": "magāru",
                    "gw": "consent",
                    "sense": "agree",
                    "norm": "immaggurru",
                    "pos": "V",
                    "epos": "V"
                  }
                },
                {
                  "node": "d",
                  "type": "line-start",
                  "ref": "P313523.10",
                  "n": "9",
                  "label": "o 9"
                },
                {
                  "node": "l",
                  "frag": "la",
                  "id": "P313523.l03c99",
                  "ref": "P313523.10.1",
                  "inst": "lā[not]MOD",
                  "sig": "@saao/saa01%akk-x-neoass:la=lā[not//not]MOD'MOD$lā",
                  "f": {
                    "lang": "akk-x-neoass",
                    "form": "la",
                    "cf": "lā",
                    "gw": "not",
                    "sense": "not",
                    "norm": "lā",
                    "pos": "MOD",
                    "epos": "MOD"
                  }
                },
                {
                  "node": "l",
                  "frag": "i-da-na",
                  "id": "P313523.l03c9a",
                  "ref": "P313523.10.2",
                  "inst": "iddana[give]V",
                  "sig": "@saao/saa01%akk-x-neoass:i-da-na=tadānu[give//give]V'V$iddana",
                  "f": {
                    "lang": "akk-x-neoass",
                    "form": "i-da-na",
                    "cf": "tadānu",
                    "gw": "give",
                    "sense": "give",
                    "norm": "iddana",
                    "pos": "V",
                    "epos": "V"
                  }
                },
                {
                  "node": "d",
                  "type": "line-start",
                  "ref": "P313523.11",
                  "n": "10",
                  "label": "o 10"
                },
                {
                  "node": "c",
                  "type": "phrase",
                  "tag": "phr",
                  "id": "P313523.U5",
                  "ref": "P313523.ls00001",
                  "cdl": [
                    {
                      "node": "l",
                      "frag": "TA@v\\m",
                      "id": "P313523.l03c9b",
                      "ref": "P313523.11.1",
                      "inst": "issu[from+=because of]PRP",
                      "sig": "@saao/saa01%akk-x-neoass:TA@v=ištu[from//from]PRP'PRP$issu",
                      "f": {
                        "lang": "akk-x-neoass",
                        "form": "TA@v",
                        "cf": "ištu",
                        "gw": "from",
                        "sense": "from",
                        "norm": "issu",
                        "pos": "PRP",
                        "epos": "PRP"
                      }
                    },
                    {
                      "node": "l",
                      "frag": "IGI",
                      "id": "P313523.l03c9c",
                      "ref": "P313523.11.2",
                      "inst": "pān[front]N",
                      "sig": "@saao/saa01%akk-x-neoass:IGI=pānu[front//front]N'N$pān",
                      "f": {
                        "lang": "akk-x-neoass",
                        "form": "IGI",
                        "cf": "pānu",
                        "gw": "front",
                        "sense": "front",
                        "norm": "pān",
                        "pos": "N",
                        "epos": "N"
                      }
                    }
                  ]
                },
                {
                  "node": "l",
                  "frag": "LUGAL",
                  "id": "P313523.l03c9d",
                  "ref": "P313523.11.3",
                  "inst": "šarri[king]N",
                  "sig": "@saao/saa01%akk-x-neoass:LUGAL=šarru[king//king]N'N$šarri",
                  "f": {
                    "lang": "akk-x-neoass",
                    "form": "LUGAL",
                    "cf": "šarru",
                    "gw": "king",
                    "sense": "king",
                    "norm": "šarri",
                    "pos": "N",
                    "epos": "N"
                  }
                },
                {
                  "node": "l",
                  "frag": "pa-lah₃-ku",
                  "id": "P313523.l03c9e",
                  "ref": "P313523.11.4",
                  "inst": "palahku[fearful]AJ",
                  "sig": "@saao/saa01%akk-x-neoass:pa-lah₃-ku=palhu[fearful//fearful]AJ'AJ$palahku",
                  "f": {
                    "lang": "akk-x-neoass",
                    "form": "pa-lah₃-ku",
                    "cf": "palhu",
                    "gw": "fearful",
                    "sense": "fearful",
                    "norm": "palahku",
                    "pos": "AJ",
                    "epos": "AJ"
                  }
                },
                {
                  "node": "d",
                  "type": "line-start",
                  "ref": "P313523.12",
                  "n": "11",
                  "label": "o 11"
                },
                {
                  "node": "l",
                  "frag": "{lu₂v}ERIM-MEŠ-šu₂",
                  "id": "P313523.l03c9f",
                  "ref": "P313523.12.1",
                  "inst": "ṣābānīšu[troops]N",
                  "sig": "@saao/saa01%akk-x-neoass:{LU₂}ERIM-MEŠ-šu₂=ṣābu[people//troops]N'N$ṣābānīšu",
                  "f": {
                    "lang": "akk-x-neoass",
                    "form": "{LU₂}ERIM-MEŠ-šu₂",
                    "cf": "ṣābu",
                    "gw": "people",
                    "sense": "troops",
                    "norm": "ṣābānīšu",
                    "pos": "N",
                    "epos": "N"
                  }
                },
                {
                  "node": "l",
                  "frag": "la",
                  "id": "P313523.l03ca0",
                  "ref": "P313523.12.2",
                  "inst": "lā[not]MOD",
                  "sig": "@saao/saa01%akk-x-neoass:la=lā[not//not]MOD'MOD$lā",
                  "f": {
                    "lang": "akk-x-neoass",
                    "form": "la",
                    "cf": "lā",
                    "gw": "not",
                    "sense": "not",
                    "norm": "lā",
                    "pos": "MOD",
                    "epos": "MOD"
                  }
                },
                {
                  "node": "l",
                  "frag": "u₂-ṣa-bat",
                  "id": "P313523.l03ca1",
                  "ref": "P313523.12.3",
                  "inst": "ṣabātu[seize]V$uṣabbat",
                  "sig": "@saao/saa01%akk-x-neoass:u₂-ṣa-bat=ṣabātu[seize//seize]V'V$uṣabbat",
                  "f": {
                    "lang": "akk-x-neoass",
                    "form": "u₂-ṣa-bat",
                    "cf": "ṣabātu",
                    "gw": "seize",
                    "sense": "seize",
                    "norm": "uṣabbat",
                    "pos": "V",
                    "epos": "V"
                  }
                },
                {
                  "node": "d",
                  "subtype": "reverse",
                  "type": "reverse",
                  "ref": "P313523.r.13",
                  "label": "r"
                },
                {
                  "node": "d",
                  "type": "line-start",
                  "ref": "P313523.14",
                  "n": "1",
                  "label": "r 1"
                },
                {
                  "node": "l",
                  "frag": "30",
                  "id": "P313523.l03ca2",
                  "ref": "P313523.14.1",
                  "inst": "n",
                  "f": {
                    "lang": "akk-x-neoass",
                    "form": "30",
                    "pos": "n"
                  }
                },
                {
                  "node": "l",
                  "frag": "{uru}til-e",
                  "id": "P313523.l03ca3",
                  "ref": "P313523.14.2",
                  "inst": "Tille[1]GN",
                  "sig": "@saao/saa01%akk-x-neoass:{URU}til-e=Tille[1//1]GN'GN$Tille",
                  "f": {
                    "lang": "akk-x-neoass",
                    "form": "{URU}til-e",
                    "cf": "Tille",
                    "gw": "1",
                    "sense": "1",
                    "norm": "Tille",
                    "pos": "GN",
                    "epos": "GN"
                  }
                },
                {
                  "node": "d",
                  "type": "line-start",
                  "ref": "P313523.15",
                  "n": "2",
                  "label": "r 2"
                },
                {
                  "node": "l",
                  "frag": "60",
                  "id": "P313523.l03ca4",
                  "ref": "P313523.15.1",
                  "inst": "n",
                  "f": {
                    "lang": "akk-x-neoass",
                    "form": "60",
                    "pos": "n"
                  }
                },
                {
                  "node": "l",
                  "frag": "{kur}ha-mu-⸢du⸣",
                  "id": "P313523.l03ca5",
                  "ref": "P313523.15.2",
                  "inst": "Hamudu[]GN$",
                  "sig": "@saao/saa01%akk-x-neoass:{KUR}ha-mu-du=Hamudu[1//1]GN'GN$Hamudu",
                  "f": {
                    "lang": "akk-x-neoass",
                    "form": "{KUR}ha-mu-du",
                    "cf": "Hamudu",
                    "gw": "1",
                    "sense": "1",
                    "norm": "Hamudu",
                    "pos": "GN",
                    "epos": "GN"
                  }
                },
                {
                  "node": "d",
                  "type": "line-start",
                  "ref": "P313523.16",
                  "n": "3",
                  "label": "r 3"
                },
                {
                  "node": "l",
                  "frag": "ša\\mm",
                  "id": "P313523.l03ca6",
                  "ref": "P313523.16.1",
                  "inst": "ša[of]DET",
                  "sig": "@saao/saa01%akk-x-neoass:ša=ša[of//of]DET'DET$ša",
                  "f": {
                    "lang": "akk-x-neoass",
                    "form": "ša",
                    "cf": "ša",
                    "gw": "of",
                    "sense": "of",
                    "norm": "ša",
                    "pos": "DET",
                    "epos": "DET"
                  }
                },
                {
                  "node": "l",
                  "frag": "{lu₂vy}EN.NAM",
                  "id": "P313523.l03ca7",
                  "ref": "P313523.16.2",
                  "inst": "pāhiti[governor]N",
                  "sig": "@saao/saa01%akk-x-neoass:{LU₂}EN.NAM=pīhātu[responsibility//governor]N'N$pāhiti",
                  "f": {
                    "lang": "akk-x-neoass",
                    "form": "{LU₂}EN.NAM",
                    "cf": "pīhātu",
                    "gw": "responsibility",
                    "sense": "governor",
                    "norm": "pāhiti",
                    "pos": "N",
                    "epos": "N"
                  }
                },
                {
                  "node": "l",
                  "frag": "ša\\m",
                  "id": "P313523.l03ca8",
                  "ref": "P313523.16.3",
                  "inst": "ša[of]DET",
                  "sig": "@saao/saa01%akk-x-neoass:ša=ša[of//of]DET'DET$ša",
                  "f": {
                    "lang": "akk-x-neoass",
                    "form": "ša",
                    "cf": "ša",
                    "gw": "of",
                    "sense": "of",
                    "norm": "ša",
                    "pos": "DET",
                    "epos": "DET"
                  }
                },
                {
                  "node": "l",
                  "frag": "{uru}kal-ha",
                  "id": "P313523.l03ca9",
                  "ref": "P313523.16.4",
                  "inst": "Kalha[1]GN",
                  "sig": "@saao/saa01%akk-x-neoass:{URU}kal-ha=Kalhu[1//1]GN'GN$Kalha",
                  "f": {
                    "lang": "akk-x-neoass",
                    "form": "{URU}kal-ha",
                    "cf": "Kalhu",
                    "gw": "1",
                    "sense": "1",
                    "norm": "Kalha",
                    "pos": "GN",
                    "epos": "GN"
                  }
                },
                {
                  "node": "d",
                  "type": "line-start",
                  "ref": "P313523.17",
                  "n": "4",
                  "label": "r 4"
                },
                {
                  "node": "l",
                  "frag": "30",
                  "id": "P313523.l03caa",
                  "ref": "P313523.17.1",
                  "inst": "n",
                  "f": {
                    "lang": "akk-x-neoass",
                    "form": "30",
                    "pos": "n"
                  }
                },
                {
                  "node": "l",
                  "frag": "{uru}[x]-ba",
                  "id": "P313523.l03cab",
                  "ref": "P313523.17.2",
                  "inst": "u",
                  "f": {
                    "lang": "akk-x-neoass",
                    "form": "{URU}x-ba",
                    "pos": "u"
                  }
                },
                {
                  "node": "d",
                  "type": "line-start",
                  "ref": "P313523.18",
                  "n": "5",
                  "label": "r 5"
                },
                {
                  "node": "l",
                  "frag": "la",
                  "id": "P313523.l03cac",
                  "ref": "P313523.18.1",
                  "inst": "lā[not]MOD",
                  "sig": "@saao/saa01%akk-x-neoass:la=lā[not//not]MOD'MOD$lā",
                  "f": {
                    "lang": "akk-x-neoass",
                    "form": "la",
                    "cf": "lā",
                    "gw": "not",
                    "sense": "not",
                    "norm": "lā",
                    "pos": "MOD",
                    "epos": "MOD"
                  }
                },
                {
                  "node": "l",
                  "frag": "{še}⸢PAD-MEŠ⸣-šu₂-nu",
                  "id": "P313523.l03cad",
                  "ref": "P313523.18.2",
                  "inst": "kurummatu[barley (ration)]N$kurummātšunu",
                  "sig": "@saao/saa01%akk-x-neoass:{ŠE}PAD-MEŠ-šu₂-nu=kurummatu[ration//barley (ration)]N'N$kurummātšunu",
                  "f": {
                    "lang": "akk-x-neoass",
                    "form": "{ŠE}PAD-MEŠ-šu₂-nu",
                    "cf": "kurummatu",
                    "gw": "ration",
                    "sense": "barley (ration)",
                    "norm": "kurummātšunu",
                    "pos": "N",
                    "epos": "N"
                  }
                },
                {
                  "node": "d",
                  "type": "line-start",
                  "ref": "P313523.19",
                  "n": "6",
                  "label": "r 6"
                },
                {
                  "node": "l",
                  "frag": "la",
                  "id": "P313523.l03cae",
                  "ref": "P313523.19.1",
                  "inst": "lā[not]MOD",
                  "sig": "@saao/saa01%akk-x-neoass:la=lā[not//not]MOD'MOD$lā",
                  "f": {
                    "lang": "akk-x-neoass",
                    "form": "la",
                    "cf": "lā",
                    "gw": "not",
                    "sense": "not",
                    "norm": "lā",
                    "pos": "MOD",
                    "epos": "MOD"
                  }
                },
                {
                  "node": "l",
                  "frag": "dul-la-šu₂-nu",
                  "id": "P313523.l03caf",
                  "ref": "P313523.19.2",
                  "inst": "dullašunu[work]N",
                  "sig": "@saao/saa01%akk-x-neoass:dul-la-šu₂-nu=dullu[trouble//work]N'N$dullašunu",
                  "f": {
                    "lang": "akk-x-neoass",
                    "form": "dul-la-šu₂-nu",
                    "cf": "dullu",
                    "gw": "trouble",
                    "sense": "work",
                    "norm": "dullašunu",
                    "pos": "N",
                    "epos": "N"
                  }
                },
                {
                  "node": "d",
                  "type": "nonx",
                  "ref": "P313523.20",
                  "strict": "0",
                  "extent": "n",
                  "scope": "line",
                  "state": "erased"
                },
                {
                  "node": "d",
                  "type": "nonx",
                  "ref": "P313523.21",
                  "strict": "0",
                  "extent": "rest",
                  "state": "other"
                }
              ]
            }
          ]
        }
      ]
    },
    {
      "linkbase": [
        {
          "type": "linkset",
          "xlink_title": "ina pān[in the presence of//at the disposal of]PRP'PRP",
          "id": "P313523.ls00000",
          "xlink_type": "extended",
          "xlink_role": "psu",
          "sig": "{ina[in]PRP pānu[front]N += ina pān[in the presence of//at the disposal of]PRP'PRP}::@saao%akk-x-neoass:ina=ina[in//into]PRP'PRP$ina++@saao%akk-x-neoass:IGI=pānu[front//front]N'N$pān",
          "links": [
            {
              "type": "link",
              "xlink_title": "ina",
              "xlink_type": "locator",
              "xlink_href": "#P313523.l03c92",
              "xlink_role": "elt"
            },
            {
              "type": "link",
              "xlink_title": "pān",
              "xlink_type": "locator",
              "xlink_href": "#P313523.l03c93",
              "xlink_role": "elt"
            }
          ]
        },
        {
          "type": "linkset",
          "xlink_title": "ištu pān[from//because of]PRP'PRP",
          "id": "P313523.ls00001",
          "xlink_type": "extended",
          "xlink_role": "psu",
          "sig": "{ištu[from]PRP pānu[front]N += ištu pān[from//because of]PRP'PRP}::@saao%akk-x-neoass:TA@v=ištu[from//from]PRP'PRP$issu++@saao%akk-x-neoass:IGI=pānu[front//front]N'N$pān",
          "links": [
            {
              "type": "link",
              "xlink_title": "issu",
              "xlink_type": "locator",
              "xlink_href": "#P313523.l03c9b",
              "xlink_role": "elt"
            },
            {
              "type": "link",
              "xlink_title": "pān",
              "xlink_type": "locator",
              "xlink_href": "#P313523.l03c9c",
              "xlink_role": "elt"
            }
          ]
        }
      ]
    }
  ]
}
