{
  "type": "cdl",
  "source": "http://oracc.org/saao/saa01",
  "license": "This data is released under the CC0 license",
  "license-url": "https://creativecommons.org/publicdomain/zero/1.0/",
  "more-info": "http://oracc.org/doc/opendata/",
  "UTC-timestamp": "2017-06-10T00:36:56",
  "project": "saao/saa01",
  "textid": "P314243",
  "cdl": [
    {
      "node": "c",
      "type": "text",
      "id": "P314243.U0",
      "cdl": [
        {
          "node": "d",
          "type": "object",
          "ref": ""
        },
        {
          "node": "d",
          "type": "surface",
          "ref": ""
        },
        {
          "node": "d",
          "type": "nonx",
          "ref": "P314243.1",
          "strict": "0",
          "extent": "beginning",
          "state": "missing"
        },
        {
          "node": "c",
          "type": "discourse",
          "subtype": "body",
          "id": "P314243.U1",
          "cdl": [
            {
              "node": "c",
              "type": "sentence",
              "id": "P314243.U2",
              "label": "1' - r 6",
              "cdl": [
                {
                  "node": "d",
                  "type": "line-start",
                  "ref": "P314243.2",
                  "n": "1'",
                  "label": "1'"
                },
                {
                  "node": "l",
                  "frag": "[x",
                  "id": "P314243.l00223",
                  "ref": "P314243.2.1",
                  "inst": "u",
                  "f": {
                    "lang": "akk-x-neoass",
                    "form": "x",
                    "pos": "u"
                  }
                },
                {
                  "node": "l",
                  "frag": "x",
                  "id": "P314243.l00224",
                  "ref": "P314243.2.2",
                  "inst": "u",
                  "f": {
                    "lang": "akk-x-neoass",
                    "form": "x",
                    "pos": "u"
                  }
                },
                {
                  "node": "l",
                  "frag": "x",
                  "id": "P314243.l00225",
                  "ref": "P314243.2.3",
                  "inst": "u",
                  "f": {
                    "lang": "akk-x-neoass",
                    "form": "x",
                    "pos": "u"
                  }
                },
                {
                  "node": "l",
                  "frag": "x",
                  "id": "P314243.l00226",
                  "ref": "P314243.2.4",
                  "inst": "u",
                  "f": {
                    "lang": "akk-x-neoass",
                    "form": "x",
                    "pos": "u"
                  }
                },
                {
                  "node": "l",
                  "frag": "x]-ba\\t",
                  "id": "P314243.l00227",
                  "ref": "P314243.2.5",
                  "inst": "u",
                  "f": {
                    "lang": "akk-x-neoass",
                    "form": "x-ba",
                    "pos": "u"
                  }
                },
                {
                  "node": "l",
                  "frag": "⸢i-ti⸣-[iz]",
                  "id": "P314243.l00228",
                  "ref": "P314243.2.6",
                  "inst": "itiz[stand]V",
                  "sig": "@saao/saa01%akk-x-neoass:i-ti-iz=izuzzu[stand//stand]V'V$itiz",
                  "f": {
                    "lang": "akk-x-neoass",
                    "form": "i-ti-iz",
                    "cf": "izuzzu",
                    "gw": "stand",
                    "sense": "stand",
                    "norm": "itiz",
                    "pos": "V",
                    "epos": "V"
                  }
                },
                {
                  "node": "d",
                  "type": "line-start",
                  "ref": "P314243.3",
                  "n": "2'",
                  "label": "2'"
                },
                {
                  "node": "l",
                  "frag": "[x",
                  "id": "P314243.l00229",
                  "ref": "P314243.3.1",
                  "inst": "u",
                  "f": {
                    "lang": "akk-x-neoass",
                    "form": "x",
                    "pos": "u"
                  }
                },
                {
                  "node": "l",
                  "frag": "x",
                  "id": "P314243.l0022a",
                  "ref": "P314243.3.2",
                  "inst": "u",
                  "f": {
                    "lang": "akk-x-neoass",
                    "form": "x",
                    "pos": "u"
                  }
                },
                {
                  "node": "l",
                  "frag": "x",
                  "id": "P314243.l0022b",
                  "ref": "P314243.3.3",
                  "inst": "u",
                  "f": {
                    "lang": "akk-x-neoass",
                    "form": "x",
                    "pos": "u"
                  }
                },
                {
                  "node": "l",
                  "frag": "x]-⸢bi⸣",
                  "id": "P314243.l0022c",
                  "ref": "P314243.3.4",
                  "inst": "u",
                  "f": {
                    "lang": "akk-x-neoass",
                    "form": "x-bi",
                    "pos": "u"
                  }
                },
                {
                  "node": "l",
                  "frag": "an-nu-⸢rig⸣",
                  "id": "P314243.l0022d",
                  "ref": "P314243.3.5",
                  "inst": "annurig[now]AV",
                  "sig": "@saao/saa01%akk-x-neoass:an-nu-rig=annûri[now//now]AV'AV$annurig",
                  "f": {
                    "lang": "akk-x-neoass",
                    "form": "an-nu-rig",
                    "cf": "annûri",
                    "gw": "now",
                    "sense": "now",
                    "norm": "annurig",
                    "pos": "AV",
                    "epos": "AV"
                  }
                },
                {
                  "node": "d",
                  "type": "line-start",
                  "ref": "P314243.4",
                  "n": "3'",
                  "label": "3'"
                },
                {
                  "node": "l",
                  "frag": "[dul-lu",
                  "id": "P314243.l0022e",
                  "ref": "P314243.4.1",
                  "inst": "dullu[work]N",
                  "sig": "@saao/saa01%akk-x-neoass:dul-lu=dullu[trouble//work]N'N$dullu",
                  "f": {
                    "lang": "akk-x-neoass",
                    "form": "dul-lu",
                    "cf": "dullu",
                    "gw": "trouble",
                    "sense": "work",
                    "norm": "dullu",
                    "pos": "N",
                    "epos": "N"
                  }
                },
                {
                  "node": "l",
                  "frag": "ša",
                  "id": "P314243.l0022f",
                  "ref": "P314243.4.2",
                  "inst": "ša[which]REL",
                  "sig": "@saao/saa01%akk-x-neoass:ša=ša[that//which]REL'REL$ša",
                  "f": {
                    "lang": "akk-x-neoass",
                    "form": "ša",
                    "cf": "ša",
                    "gw": "that",
                    "sense": "which",
                    "norm": "ša",
                    "pos": "REL",
                    "epos": "REL"
                  }
                },
                {
                  "node": "c",
                  "type": "phrase",
                  "tag": "phr",
                  "id": "P314243.U4",
                  "ref": "P314243.ls00000",
                  "cdl": [
                    {
                      "node": "l",
                      "frag": "ina]",
                      "id": "P314243.l00230",
                      "ref": "P314243.4.3",
                      "inst": "ina[in+=on]PRP",
                      "sig": "@saao/saa01%akk-x-neoass:ina=ina[in//in]PRP'PRP$ina",
                      "f": {
                        "lang": "akk-x-neoass",
                        "form": "ina",
                        "cf": "ina",
                        "gw": "in",
                        "sense": "in",
                        "norm": "ina",
                        "pos": "PRP",
                        "epos": "PRP"
                      }
                    },
                    {
                      "node": "l",
                      "frag": "⸢UGU⸣-hi-ka",
                      "id": "P314243.l00231",
                      "ref": "P314243.4.4",
                      "inst": "muhhu[skull]N$muhhīka",
                      "sig": "@saao/saa01%akk-x-neoass:UGU-hi-ka=muhhu[skull//skull]N'N$muhhīka",
                      "f": {
                        "lang": "akk-x-neoass",
                        "form": "UGU-hi-ka",
                        "cf": "muhhu",
                        "gw": "skull",
                        "sense": "skull",
                        "norm": "muhhīka",
                        "pos": "N",
                        "epos": "N"
                      }
                    }
                  ]
                },
                {
                  "node": "l",
                  "frag": "a-du",
                  "id": "P314243.l00232",
                  "ref": "P314243.4.5",
                  "inst": "adu[with]PRP",
                  "sig": "@saao/saa01%akk-x-neoass:a-du=adi[until//with]PRP'PRP$adu",
                  "f": {
                    "lang": "akk-x-neoass",
                    "form": "a-du",
                    "cf": "adi",
                    "gw": "until",
                    "sense": "with",
                    "norm": "adu",
                    "pos": "PRP",
                    "epos": "PRP"
                  }
                },
                {
                  "node": "l",
                  "frag": "⸢pil⸣-[ki]",
                  "id": "P314243.l00233",
                  "ref": "P314243.4.6",
                  "inst": "pilki[work assignment]N",
                  "sig": "@saao/saa01%akk-x-neoass:pil-ki=pilku[demarcated zone//work assignment]N'N$pilki",
                  "f": {
                    "lang": "akk-x-neoass",
                    "form": "pil-ki",
                    "cf": "pilku",
                    "gw": "demarcated zone",
                    "sense": "work assignment",
                    "norm": "pilki",
                    "pos": "N",
                    "epos": "N"
                  }
                },
                {
                  "node": "d",
                  "type": "line-start",
                  "ref": "P314243.5",
                  "n": "4'",
                  "label": "4'"
                },
                {
                  "node": "l",
                  "frag": "[ša\\m",
                  "id": "P314243.l00234",
                  "ref": "P314243.5.1",
                  "inst": "ša[that]REL",
                  "sig": "@saao/saa01%akk-x-neoass:ša=ša[that//that]REL'REL$ša",
                  "f": {
                    "lang": "akk-x-neoass",
                    "form": "ša",
                    "cf": "ša",
                    "gw": "that",
                    "sense": "that",
                    "norm": "ša",
                    "pos": "REL",
                    "epos": "REL"
                  }
                },
                {
                  "node": "l",
                  "frag": "x",
                  "id": "P314243.l00235",
                  "ref": "P314243.5.2",
                  "inst": "u",
                  "f": {
                    "lang": "akk-x-neoass",
                    "form": "x",
                    "pos": "u"
                  }
                },
                {
                  "node": "l",
                  "frag": "x",
                  "id": "P314243.l00236",
                  "ref": "P314243.5.3",
                  "inst": "u",
                  "f": {
                    "lang": "akk-x-neoass",
                    "form": "x",
                    "pos": "u"
                  }
                },
                {
                  "node": "l",
                  "frag": "x",
                  "id": "P314243.l00237",
                  "ref": "P314243.5.4",
                  "inst": "u",
                  "f": {
                    "lang": "akk-x-neoass",
                    "form": "x",
                    "pos": "u"
                  }
                },
                {
                  "node": "l",
                  "frag": "x]-ka-ni",
                  "id": "P314243.l00238",
                  "ref": "P314243.5.5",
                  "inst": "u",
                  "f": {
                    "lang": "akk-x-neoass",
                    "form": "x-ka-ni",
                    "pos": "u"
                  }
                },
                {
                  "node": "l",
                  "frag": "e-⸢ta⸣-[pa-aš₂]",
                  "id": "P314243.l00239",
                  "ref": "P314243.5.6",
                  "inst": "ētapaš[do]V",
                  "sig": "@saao/saa01%akk-x-neoass:e-ta-pa-aš₂=epēšu[do//do]V'V$ētapaš",
                  "f": {
                    "lang": "akk-x-neoass",
                    "form": "e-ta-pa-aš₂",
                    "cf": "epēšu",
                    "gw": "do",
                    "sense": "do",
                    "norm": "ētapaš",
                    "pos": "V",
                    "epos": "V"
                  }
                },
                {
                  "node": "d",
                  "type": "line-start",
                  "ref": "P314243.6",
                  "n": "5'",
                  "label": "5'"
                },
                {
                  "node": "l",
                  "frag": "[x",
                  "id": "P314243.l0023a",
                  "ref": "P314243.6.1",
                  "inst": "u",
                  "f": {
                    "lang": "akk-x-neoass",
                    "form": "x",
                    "pos": "u"
                  }
                },
                {
                  "node": "l",
                  "frag": "x",
                  "id": "P314243.l0023b",
                  "ref": "P314243.6.2",
                  "inst": "u",
                  "f": {
                    "lang": "akk-x-neoass",
                    "form": "x",
                    "pos": "u"
                  }
                },
                {
                  "node": "l",
                  "frag": "pi]-⸢il⸣-ku",
                  "id": "P314243.l0023c",
                  "ref": "P314243.6.3",
                  "inst": "pilku[work assignment]N",
                  "sig": "@saao/saa01%akk-x-neoass:pi-il-ku=pilku[demarcated zone//work assignment]N'N$pilku",
                  "f": {
                    "lang": "akk-x-neoass",
                    "form": "pi-il-ku",
                    "cf": "pilku",
                    "gw": "demarcated zone",
                    "sense": "work assignment",
                    "norm": "pilku",
                    "pos": "N",
                    "epos": "N"
                  }
                },
                {
                  "node": "l",
                  "frag": "TA@v\\m",
                  "id": "P314243.l0023d",
                  "ref": "P314243.6.4",
                  "inst": "issi[with]PRP",
                  "sig": "@saao/saa01%akk-x-neoass:TA@v=išti[with//with]PRP'PRP$issi",
                  "f": {
                    "lang": "akk-x-neoass",
                    "form": "TA@v",
                    "cf": "išti",
                    "gw": "with",
                    "sense": "with",
                    "norm": "issi",
                    "pos": "PRP",
                    "epos": "PRP"
                  }
                },
                {
                  "node": "l",
                  "frag": "21",
                  "id": "P314243.l0023e",
                  "ref": "P314243.6.5",
                  "inst": "n",
                  "f": {
                    "lang": "akk-x-neoass",
                    "form": "21",
                    "pos": "n"
                  }
                },
                {
                  "node": "l",
                  "frag": "[x",
                  "id": "P314243.l0023f",
                  "ref": "P314243.6.6",
                  "inst": "u",
                  "f": {
                    "lang": "akk-x-neoass",
                    "form": "x",
                    "pos": "u"
                  }
                },
                {
                  "node": "l",
                  "frag": "x]",
                  "id": "P314243.l00240",
                  "ref": "P314243.6.7",
                  "inst": "u",
                  "f": {
                    "lang": "akk-x-neoass",
                    "form": "x",
                    "pos": "u"
                  }
                },
                {
                  "node": "d",
                  "type": "line-start",
                  "ref": "P314243.7",
                  "n": "6'",
                  "label": "6'"
                },
                {
                  "node": "l",
                  "frag": "[x",
                  "id": "P314243.l00241",
                  "ref": "P314243.7.1",
                  "inst": "u",
                  "f": {
                    "lang": "akk-x-neoass",
                    "form": "x",
                    "pos": "u"
                  }
                },
                {
                  "node": "l",
                  "frag": "u₂-sa]-⸢pi-lu⸣",
                  "id": "P314243.l00242",
                  "ref": "P314243.7.2",
                  "inst": "šupêlu[exchange]V$ussapīlu",
                  "sig": "@saao/saa01%akk-x-neoass:u₂-sa-pi-lu=šupêlu[exchange//exchange]V'V$ussapīlu",
                  "f": {
                    "lang": "akk-x-neoass",
                    "form": "u₂-sa-pi-lu",
                    "cf": "šupêlu",
                    "gw": "exchange",
                    "sense": "exchange",
                    "norm": "ussapīlu",
                    "pos": "V",
                    "epos": "V"
                  }
                },
                {
                  "node": "l",
                  "frag": "dul-lu",
                  "id": "P314243.l00243",
                  "ref": "P314243.7.3",
                  "inst": "dullu[work]N",
                  "sig": "@saao/saa01%akk-x-neoass:dul-lu=dullu[trouble//work]N'N$dullu",
                  "f": {
                    "lang": "akk-x-neoass",
                    "form": "dul-lu",
                    "cf": "dullu",
                    "gw": "trouble",
                    "sense": "work",
                    "norm": "dullu",
                    "pos": "N",
                    "epos": "N"
                  }
                },
                {
                  "node": "l",
                  "frag": "⸢la",
                  "id": "P314243.l00244",
                  "ref": "P314243.7.4",
                  "inst": "lā[not]MOD",
                  "sig": "@saao/saa01%akk-x-neoass:la=lā[not//not]MOD'MOD$lā",
                  "f": {
                    "lang": "akk-x-neoass",
                    "form": "la",
                    "cf": "lā",
                    "gw": "not",
                    "sense": "not",
                    "norm": "lā",
                    "pos": "MOD",
                    "epos": "MOD"
                  }
                },
                {
                  "node": "l",
                  "frag": "e⸣-[pu-šu]",
                  "id": "P314243.l00245",
                  "ref": "P314243.7.5",
                  "inst": "epēšu[do]V$ēpušu",
                  "sig": "@saao/saa01%akk-x-neoass:e-pu-šu=epēšu[do//do]V'V$ēpušu",
                  "f": {
                    "lang": "akk-x-neoass",
                    "form": "e-pu-šu",
                    "cf": "epēšu",
                    "gw": "do",
                    "sense": "do",
                    "norm": "ēpušu",
                    "pos": "V",
                    "epos": "V"
                  }
                },
                {
                  "node": "d",
                  "type": "line-start",
                  "ref": "P314243.8",
                  "n": "7'",
                  "label": "7'"
                },
                {
                  "node": "l",
                  "frag": "[ta-sap-ra]",
                  "id": "P314243.l00246",
                  "ref": "P314243.8.1",
                  "inst": "tassapra[write]V",
                  "sig": "@saao/saa01%akk-x-neoass:ta-sap-ra=šapāru[send//write]V'V$tassapra",
                  "f": {
                    "lang": "akk-x-neoass",
                    "form": "ta-sap-ra",
                    "cf": "šapāru",
                    "gw": "send",
                    "sense": "write",
                    "norm": "tassapra",
                    "pos": "V",
                    "epos": "V"
                  }
                },
                {
                  "node": "l",
                  "frag": "ma-a",
                  "id": "P314243.l00247",
                  "ref": "P314243.8.2",
                  "inst": "mā[saying]PRP",
                  "sig": "@saao/saa01%akk-x-neoass:ma-a=mā[saying//saying]PRP'PRP$mā",
                  "f": {
                    "lang": "akk-x-neoass",
                    "form": "ma-a",
                    "cf": "mā",
                    "gw": "saying",
                    "sense": "saying",
                    "norm": "mā",
                    "pos": "PRP",
                    "epos": "PRP"
                  }
                },
                {
                  "node": "c",
                  "type": "phrase",
                  "tag": "phr",
                  "id": "P314243.U5",
                  "ref": "P314243.ls00001",
                  "cdl": [
                    {
                      "node": "l",
                      "frag": "ina",
                      "id": "P314243.l00248",
                      "ref": "P314243.8.3",
                      "inst": "ina[in+=in addition to]PRP",
                      "sig": "@saao/saa01%akk-x-neoass:ina=ina[in//in]PRP'PRP$ina",
                      "f": {
                        "lang": "akk-x-neoass",
                        "form": "ina",
                        "cf": "ina",
                        "gw": "in",
                        "sense": "in",
                        "norm": "ina",
                        "pos": "PRP",
                        "epos": "PRP"
                      }
                    },
                    {
                      "node": "l",
                      "frag": "UGU",
                      "id": "P314243.l00249",
                      "ref": "P314243.8.4",
                      "inst": "muhhi[skull]N",
                      "sig": "@saao/saa01%akk-x-neoass:UGU=muhhu[skull//skull]N'N$muhhi",
                      "f": {
                        "lang": "akk-x-neoass",
                        "form": "UGU",
                        "cf": "muhhu",
                        "gw": "skull",
                        "sense": "skull",
                        "norm": "muhhi",
                        "pos": "N",
                        "epos": "N"
                      }
                    }
                  ]
                },
                {
                  "node": "l",
                  "frag": "05",
                  "id": "P314243.l0024a",
                  "ref": "P314243.8.5",
                  "inst": "n",
                  "f": {
                    "lang": "akk-x-neoass",
                    "form": "05",
                    "pos": "n"
                  }
                },
                {
                  "node": "l",
                  "frag": "me",
                  "id": "P314243.l0024b",
                  "ref": "P314243.8.6",
                  "inst": "mē[hundred]NU",
                  "sig": "@saao/saa01%akk-x-neoass:me=meʾatu[(one) hundred//(one) hundred]NU'NU$mē",
                  "f": {
                    "lang": "akk-x-neoass",
                    "form": "me",
                    "cf": "meʾatu",
                    "gw": "(one) hundred",
                    "sense": "(one) hundred",
                    "norm": "mē",
                    "pos": "NU",
                    "epos": "NU"
                  }
                },
                {
                  "node": "l",
                  "frag": "{[giš}UR₃-MEŠ]",
                  "id": "P314243.l0024c",
                  "ref": "P314243.8.7",
                  "inst": "gušūrī[log]N",
                  "sig": "@saao/saa01%akk-x-neoass:{GIŠ}UR₃-MEŠ=gušūru[tree-trunk//log]N'N$gušūrī",
                  "f": {
                    "lang": "akk-x-neoass",
                    "form": "{GIŠ}UR₃-MEŠ",
                    "cf": "gušūru",
                    "gw": "tree-trunk",
                    "sense": "log",
                    "norm": "gušūrī",
                    "pos": "N",
                    "epos": "N"
                  }
                },
                {
                  "node": "d",
                  "type": "line-start",
                  "ref": "P314243.9",
                  "n": "8'",
                  "label": "8'"
                },
                {
                  "node": "l",
                  "frag": "[x",
                  "id": "P314243.l0024d",
                  "ref": "P314243.9.1",
                  "inst": "u",
                  "f": {
                    "lang": "akk-x-neoass",
                    "form": "x",
                    "pos": "u"
                  }
                },
                {
                  "node": "l",
                  "frag": "x",
                  "id": "P314243.l0024e",
                  "ref": "P314243.9.2",
                  "inst": "u",
                  "f": {
                    "lang": "akk-x-neoass",
                    "form": "x",
                    "pos": "u"
                  }
                },
                {
                  "node": "l",
                  "frag": "x]",
                  "id": "P314243.l0024f",
                  "ref": "P314243.9.3",
                  "inst": "u",
                  "f": {
                    "lang": "akk-x-neoass",
                    "form": "x",
                    "pos": "u"
                  }
                },
                {
                  "node": "c",
                  "type": "phrase",
                  "tag": "phr",
                  "id": "P314243.U6",
                  "ref": "P314243.ls00002",
                  "cdl": [
                    {
                      "node": "l",
                      "frag": "ina",
                      "id": "P314243.l00250",
                      "ref": "P314243.9.4",
                      "inst": "ina[in+=in addition to]PRP",
                      "sig": "@saao/saa01%akk-x-neoass:ina=ina[in//in]PRP'PRP$ina",
                      "f": {
                        "lang": "akk-x-neoass",
                        "form": "ina",
                        "cf": "ina",
                        "gw": "in",
                        "sense": "in",
                        "norm": "ina",
                        "pos": "PRP",
                        "epos": "PRP"
                      }
                    },
                    {
                      "node": "l",
                      "frag": "UGU",
                      "id": "P314243.l00251",
                      "ref": "P314243.9.5",
                      "inst": "muhhi[skull]N",
                      "sig": "@saao/saa01%akk-x-neoass:UGU=muhhu[skull//skull]N'N$muhhi",
                      "f": {
                        "lang": "akk-x-neoass",
                        "form": "UGU",
                        "cf": "muhhu",
                        "gw": "skull",
                        "sense": "skull",
                        "norm": "muhhi",
                        "pos": "N",
                        "epos": "N"
                      }
                    }
                  ]
                },
                {
                  "node": "l",
                  "frag": "05-me-ma",
                  "id": "P314243.l00252",
                  "ref": "P314243.9.6",
                  "inst": "n",
                  "f": {
                    "lang": "akk-x-neoass",
                    "form": "05-me-ma",
                    "pos": "n"
                  }
                },
                {
                  "node": "l",
                  "frag": "ša\\dm",
                  "id": "P314243.l00253",
                  "ref": "P314243.9.7",
                  "inst": "ša[of]DET",
                  "sig": "@saao/saa01%akk-x-neoass:ša=ša[of//of]DET'DET$ša",
                  "f": {
                    "lang": "akk-x-neoass",
                    "form": "ša",
                    "cf": "ša",
                    "gw": "of",
                    "sense": "of",
                    "norm": "ša",
                    "pos": "DET",
                    "epos": "DET"
                  }
                },
                {
                  "node": "l",
                  "frag": "[x",
                  "id": "P314243.l00254",
                  "ref": "P314243.9.8",
                  "inst": "u",
                  "f": {
                    "lang": "akk-x-neoass",
                    "form": "x",
                    "pos": "u"
                  }
                },
                {
                  "node": "l",
                  "frag": "x]",
                  "id": "P314243.l00255",
                  "ref": "P314243.9.9",
                  "inst": "u",
                  "f": {
                    "lang": "akk-x-neoass",
                    "form": "x",
                    "pos": "u"
                  }
                },
                {
                  "node": "d",
                  "type": "line-start",
                  "ref": "P314243.10",
                  "n": "9'",
                  "label": "9'"
                },
                {
                  "node": "l",
                  "frag": "[x",
                  "id": "P314243.l00256",
                  "ref": "P314243.10.1",
                  "inst": "u",
                  "f": {
                    "lang": "akk-x-neoass",
                    "form": "x",
                    "pos": "u"
                  }
                },
                {
                  "node": "l",
                  "frag": "x",
                  "id": "P314243.l00257",
                  "ref": "P314243.10.2",
                  "inst": "u",
                  "f": {
                    "lang": "akk-x-neoass",
                    "form": "x",
                    "pos": "u"
                  }
                },
                {
                  "node": "l",
                  "frag": "x",
                  "id": "P314243.l00258",
                  "ref": "P314243.10.3",
                  "inst": "u",
                  "f": {
                    "lang": "akk-x-neoass",
                    "form": "x",
                    "pos": "u"
                  }
                },
                {
                  "node": "c",
                  "type": "phrase",
                  "tag": "phr",
                  "id": "P314243.U7",
                  "ref": "P314243.ls00003",
                  "cdl": [
                    {
                      "node": "l",
                      "frag": "ina]",
                      "id": "P314243.l00259",
                      "ref": "P314243.10.4",
                      "inst": "ina[in+=on]PRP",
                      "sig": "@saao/saa01%akk-x-neoass:ina=ina[in//in]PRP'PRP$ina",
                      "f": {
                        "lang": "akk-x-neoass",
                        "form": "ina",
                        "cf": "ina",
                        "gw": "in",
                        "sense": "in",
                        "norm": "ina",
                        "pos": "PRP",
                        "epos": "PRP"
                      }
                    },
                    {
                      "node": "l",
                      "frag": "⸢UGU⸣",
                      "id": "P314243.l0025a",
                      "ref": "P314243.10.5",
                      "inst": "muhhi[skull]N",
                      "sig": "@saao/saa01%akk-x-neoass:UGU=muhhu[skull//skull]N'N$muhhi",
                      "f": {
                        "lang": "akk-x-neoass",
                        "form": "UGU",
                        "cf": "muhhu",
                        "gw": "skull",
                        "sense": "skull",
                        "norm": "muhhi",
                        "pos": "N",
                        "epos": "N"
                      }
                    }
                  ]
                },
                {
                  "node": "l",
                  "frag": "ID₂",
                  "id": "P314243.l0025b",
                  "ref": "P314243.10.6",
                  "inst": "nāri[river]N",
                  "sig": "@saao/saa01%akk-x-neoass:ID₂=nāru[river//river]N'N$nāri",
                  "f": {
                    "lang": "akk-x-neoass",
                    "form": "ID₂",
                    "cf": "nāru",
                    "gw": "river",
                    "sense": "river",
                    "norm": "nāri",
                    "pos": "N",
                    "epos": "N"
                  }
                },
                {
                  "node": "l",
                  "frag": "⸢kar-ru⸣",
                  "id": "P314243.l0025c",
                  "ref": "P314243.10.7",
                  "inst": "karru[put down]AJ",
                  "sig": "@saao/saa01%akk-x-neoass:kar-ru=karru[put down//put down]AJ'AJ$karru",
                  "f": {
                    "lang": "akk-x-neoass",
                    "form": "kar-ru",
                    "cf": "karru",
                    "gw": "put down",
                    "sense": "put down",
                    "norm": "karru",
                    "pos": "AJ",
                    "epos": "AJ"
                  }
                },
                {
                  "node": "c",
                  "type": "phrase",
                  "tag": "phr",
                  "id": "P314243.U8",
                  "ref": "P314243.ls00004",
                  "cdl": [
                    {
                      "node": "l",
                      "frag": "ina",
                      "id": "P314243.l0025d",
                      "ref": "P314243.10.8",
                      "inst": "ina[in+=because of]PRP",
                      "sig": "@saao/saa01%akk-x-neoass:ina=ina[in//in]PRP'PRP$ina",
                      "f": {
                        "lang": "akk-x-neoass",
                        "form": "ina",
                        "cf": "ina",
                        "gw": "in",
                        "sense": "in",
                        "norm": "ina",
                        "pos": "PRP",
                        "epos": "PRP"
                      }
                    },
                    {
                      "node": "l",
                      "frag": "UGU",
                      "id": "P314243.l0025e",
                      "ref": "P314243.10.9",
                      "inst": "muhhi[skull]N",
                      "sig": "@saao/saa01%akk-x-neoass:UGU=muhhu[skull//skull]N'N$muhhi",
                      "f": {
                        "lang": "akk-x-neoass",
                        "form": "UGU",
                        "cf": "muhhu",
                        "gw": "skull",
                        "sense": "skull",
                        "norm": "muhhi",
                        "pos": "N",
                        "epos": "N"
                      }
                    }
                  ]
                },
                {
                  "node": "l",
                  "frag": "[an-nim-ma]",
                  "id": "P314243.l0025f",
                  "ref": "P314243.10.10",
                  "inst": "annû[this]DP$annîmma",
                  "sig": "@saao/saa01%akk-x-neoass:an-nim-ma=annû[this//this]DP'DP$annîmma",
                  "f": {
                    "lang": "akk-x-neoass",
                    "form": "an-nim-ma",
                    "cf": "annû",
                    "gw": "this",
                    "sense": "this",
                    "norm": "annîmma",
                    "pos": "DP",
                    "epos": "DP"
                  }
                },
                {
                  "node": "d",
                  "type": "line-start",
                  "ref": "P314243.11",
                  "n": "10'",
                  "label": "10'"
                },
                {
                  "node": "l",
                  "frag": "{[lu₂v]}EN.NAM",
                  "id": "P314243.l00260",
                  "ref": "P314243.11.1",
                  "inst": "pāhutu[governor]N",
                  "sig": "@saao/saa01%akk-x-neoass:{LU₂}EN.NAM=pīhātu[responsibility//governor]N'N$pāhutu",
                  "f": {
                    "lang": "akk-x-neoass",
                    "form": "{LU₂}EN.NAM",
                    "cf": "pīhātu",
                    "gw": "responsibility",
                    "sense": "governor",
                    "norm": "pāhutu",
                    "pos": "N",
                    "epos": "N"
                  }
                },
                {
                  "node": "l",
                  "frag": "ša\\dm",
                  "id": "P314243.l00261",
                  "ref": "P314243.11.2",
                  "inst": "ša[of]DET",
                  "sig": "@saao/saa01%akk-x-neoass:ša=ša[of//of]DET'DET$ša",
                  "f": {
                    "lang": "akk-x-neoass",
                    "form": "ša",
                    "cf": "ša",
                    "gw": "of",
                    "sense": "of",
                    "norm": "ša",
                    "pos": "DET",
                    "epos": "DET"
                  }
                },
                {
                  "node": "l",
                  "frag": "{uru}tar-bu-si-bi",
                  "id": "P314243.l00262",
                  "ref": "P314243.11.3",
                  "inst": "Tarbusibi[1]GN",
                  "sig": "@saao/saa01%akk-x-neoass:{URU}tar-bu-si-bi=Til-Barsip[1//1]GN'GN$Tarbusibi",
                  "f": {
                    "lang": "akk-x-neoass",
                    "form": "{URU}tar-bu-si-bi",
                    "cf": "Til-Barsip",
                    "gw": "1",
                    "sense": "1",
                    "norm": "Tarbusibi",
                    "pos": "GN",
                    "epos": "GN"
                  }
                },
                {
                  "node": "d",
                  "type": "line-start",
                  "ref": "P314243.12",
                  "n": "11'",
                  "label": "11'"
                },
                {
                  "node": "l",
                  "frag": "[x",
                  "id": "P314243.l00263",
                  "ref": "P314243.12.1",
                  "inst": "u",
                  "f": {
                    "lang": "akk-x-neoass",
                    "form": "x",
                    "pos": "u"
                  }
                },
                {
                  "node": "l",
                  "frag": "x]",
                  "id": "P314243.l00264",
                  "ref": "P314243.12.2",
                  "inst": "u",
                  "f": {
                    "lang": "akk-x-neoass",
                    "form": "x",
                    "pos": "u"
                  }
                },
                {
                  "node": "l",
                  "frag": "e-ta-pa-aš₂",
                  "id": "P314243.l00265",
                  "ref": "P314243.12.3",
                  "inst": "ētapaš[do]V",
                  "sig": "@saao/saa01%akk-x-neoass:e-ta-pa-aš₂=epēšu[do//do]V'V$ētapaš",
                  "f": {
                    "lang": "akk-x-neoass",
                    "form": "e-ta-pa-aš₂",
                    "cf": "epēšu",
                    "gw": "do",
                    "sense": "do",
                    "norm": "ētapaš",
                    "pos": "V",
                    "epos": "V"
                  }
                },
                {
                  "node": "l",
                  "frag": "nu-uk\\td",
                  "id": "P314243.l00266",
                  "ref": "P314243.12.4",
                  "inst": "nuk[saying]PRP",
                  "sig": "@saao/saa01%akk-x-neoass:nu-uk=nuk[saying//saying]PRP'PRP$nuk",
                  "f": {
                    "lang": "akk-x-neoass",
                    "form": "nu-uk",
                    "cf": "nuk",
                    "gw": "saying",
                    "sense": "saying",
                    "norm": "nuk",
                    "pos": "PRP",
                    "epos": "PRP"
                  }
                },
                {
                  "node": "l",
                  "frag": "an-nu-ti",
                  "id": "P314243.l00267",
                  "ref": "P314243.12.5",
                  "inst": "annūti[this]DP",
                  "sig": "@saao/saa01%akk-x-neoass:an-nu-ti=annû[this//this]DP'DP$annūti",
                  "f": {
                    "lang": "akk-x-neoass",
                    "form": "an-nu-ti",
                    "cf": "annû",
                    "gw": "this",
                    "sense": "this",
                    "norm": "annūti",
                    "pos": "DP",
                    "epos": "DP"
                  }
                },
                {
                  "node": "d",
                  "type": "line-start",
                  "ref": "P314243.13",
                  "n": "12'",
                  "label": "12'"
                },
                {
                  "node": "l",
                  "frag": "[lil-li]-ku",
                  "id": "P314243.l00268",
                  "ref": "P314243.13.1",
                  "inst": "lilliku[go]V",
                  "sig": "@saao/saa01%akk-x-neoass:lil-li-ku=alāku[go//go]V'V$lilliku",
                  "f": {
                    "lang": "akk-x-neoass",
                    "form": "lil-li-ku",
                    "cf": "alāku",
                    "gw": "go",
                    "sense": "go",
                    "norm": "lilliku",
                    "pos": "V",
                    "epos": "V"
                  }
                },
                {
                  "node": "c",
                  "type": "phrase",
                  "tag": "phr",
                  "id": "P314243.U9",
                  "ref": "P314243.ls00005",
                  "cdl": [
                    {
                      "node": "l",
                      "frag": "ina",
                      "id": "P314243.l00269",
                      "ref": "P314243.13.2",
                      "inst": "ina[in+=to]PRP",
                      "sig": "@saao/saa01%akk-x-neoass:ina=ina[in//in]PRP'PRP$ina",
                      "f": {
                        "lang": "akk-x-neoass",
                        "form": "ina",
                        "cf": "ina",
                        "gw": "in",
                        "sense": "in",
                        "norm": "ina",
                        "pos": "PRP",
                        "epos": "PRP"
                      }
                    },
                    {
                      "node": "l",
                      "frag": "UGU",
                      "id": "P314243.l0026a",
                      "ref": "P314243.13.3",
                      "inst": "muhhi[skull]N",
                      "sig": "@saao/saa01%akk-x-neoass:UGU=muhhu[skull//skull]N'N$muhhi",
                      "f": {
                        "lang": "akk-x-neoass",
                        "form": "UGU",
                        "cf": "muhhu",
                        "gw": "skull",
                        "sense": "skull",
                        "norm": "muhhi",
                        "pos": "N",
                        "epos": "N"
                      }
                    }
                  ]
                },
                {
                  "node": "l",
                  "frag": "{1}aš-šur-MAN-PAB",
                  "id": "P314243.l0026b",
                  "ref": "P314243.13.4",
                  "inst": "Aššur-šarru-uṣur[1]PN",
                  "sig": "@saao/saa01%akk-x-neoass:{1}aš-šur-MAN-PAB=Aššur-šarru-uṣur[1//1]PN'PN$Aššur-šarru-uṣur",
                  "f": {
                    "lang": "akk-x-neoass",
                    "form": "{1}aš-šur-MAN-PAB",
                    "cf": "Aššur-šarru-uṣur",
                    "gw": "1",
                    "sense": "1",
                    "norm": "Aššur-šarru-uṣur",
                    "pos": "PN",
                    "epos": "PN"
                  }
                },
                {
                  "node": "l",
                  "frag": "a-du",
                  "id": "P314243.l0026c",
                  "ref": "P314243.13.5",
                  "inst": "adu[with]PRP",
                  "sig": "@saao/saa01%akk-x-neoass:a-du=adi[until//with]PRP'PRP$adu",
                  "f": {
                    "lang": "akk-x-neoass",
                    "form": "a-du",
                    "cf": "adi",
                    "gw": "until",
                    "sense": "with",
                    "norm": "adu",
                    "pos": "PRP",
                    "epos": "PRP"
                  }
                },
                {
                  "node": "d",
                  "type": "line-start",
                  "ref": "P314243.14",
                  "n": "13'",
                  "label": "13'"
                },
                {
                  "node": "l",
                  "frag": "{[lu₂v}A]-⸢KIN⸣",
                  "id": "P314243.l0026d",
                  "ref": "P314243.14.1",
                  "cof-tails": "P314243.l0026e",
                  "inst": "+māru[son]N$mār&+šipru[sending]N$šipri",
                  "exosig": "@saao/saa01%akk-x-neoass:{LU₂}A-KIN=māru[son//son]N'N$mār&&@saao/saa01%akk-x-neoass:{LU₂}A-KIN=šipru[sending//sending]N'N$šipri",
                  "f": {
                    "lang": "akk-x-neoass",
                    "form": "{LU₂}A-KIN",
                    "cf": "māru",
                    "gw": "son",
                    "sense": "son",
                    "norm": "mār",
                    "pos": "N",
                    "epos": "N"
                  }
                },
                {
                  "node": "l",
                  "frag": "{[lu₂v}A]-⸢KIN⸣",
                  "id": "P314243.l0026e",
                  "ref": "P314243.14.1",
                  "cof-head": "P314243.l0026d",
                  "inst": "+māru[son]N$mār&+šipru[sending]N$šipri",
                  "f": {
                    "lang": "akk-x-neoass",
                    "form": "{LU₂}A-KIN",
                    "cf": "šipru",
                    "gw": "sending",
                    "sense": "sending",
                    "norm": "šipri",
                    "pos": "N",
                    "epos": "N"
                  }
                },
                {
                  "node": "l",
                  "frag": "ša\\dm",
                  "id": "P314243.l0026f",
                  "ref": "P314243.14.2",
                  "inst": "ša[who]REL",
                  "sig": "@saao/saa01%akk-x-neoass:ša=ša[that//who]REL'REL$ša",
                  "f": {
                    "lang": "akk-x-neoass",
                    "form": "ša",
                    "cf": "ša",
                    "gw": "that",
                    "sense": "who",
                    "norm": "ša",
                    "pos": "REL",
                    "epos": "REL"
                  }
                },
                {
                  "node": "l",
                  "frag": "is-se-e-šu₂",
                  "id": "P314243.l00270",
                  "ref": "P314243.14.3",
                  "inst": "issēšu[with]PRP",
                  "sig": "@saao/saa01%akk-x-neoass:is-se-e-šu₂=išti[with//with]PRP'PRP$issēšu",
                  "f": {
                    "lang": "akk-x-neoass",
                    "form": "is-se-e-šu₂",
                    "cf": "išti",
                    "gw": "with",
                    "sense": "with",
                    "norm": "issēšu",
                    "pos": "PRP",
                    "epos": "PRP"
                  }
                },
                {
                  "node": "d",
                  "type": "line-start",
                  "ref": "P314243.15",
                  "n": "14'",
                  "label": "14'"
                },
                {
                  "node": "l",
                  "frag": "[x",
                  "id": "P314243.l00271",
                  "ref": "P314243.15.1",
                  "inst": "u",
                  "f": {
                    "lang": "akk-x-neoass",
                    "form": "x",
                    "pos": "u"
                  }
                },
                {
                  "node": "l",
                  "frag": "x",
                  "id": "P314243.l00272",
                  "ref": "P314243.15.2",
                  "inst": "u",
                  "f": {
                    "lang": "akk-x-neoass",
                    "form": "x",
                    "pos": "u"
                  }
                },
                {
                  "node": "l",
                  "frag": "x]-me-hu\\d",
                  "id": "P314243.l00273",
                  "ref": "P314243.15.3",
                  "inst": "u",
                  "f": {
                    "lang": "akk-x-neoass",
                    "form": "x-me-hu",
                    "pos": "u"
                  }
                },
                {
                  "node": "l",
                  "frag": "a-na",
                  "id": "P314243.l00274",
                  "ref": "P314243.15.4",
                  "inst": "ana[to]PRP",
                  "sig": "@saao/saa01%akk-x-neoass:a-na=ana[to//to]PRP'PRP$ana",
                  "f": {
                    "lang": "akk-x-neoass",
                    "form": "a-na",
                    "cf": "ana",
                    "gw": "to",
                    "sense": "to",
                    "norm": "ana",
                    "pos": "PRP",
                    "epos": "PRP"
                  }
                },
                {
                  "node": "l",
                  "frag": "⸢e⸣-[x",
                  "id": "P314243.l00275",
                  "ref": "P314243.15.5",
                  "inst": "u",
                  "f": {
                    "lang": "akk-x-neoass",
                    "form": "e-x",
                    "pos": "u"
                  }
                },
                {
                  "node": "l",
                  "frag": "x]",
                  "id": "P314243.l00276",
                  "ref": "P314243.15.6",
                  "inst": "u",
                  "f": {
                    "lang": "akk-x-neoass",
                    "form": "x",
                    "pos": "u"
                  }
                },
                {
                  "node": "d",
                  "subtype": "bottom",
                  "type": "bottom",
                  "ref": "P314243.b.e..16",
                  "label": "b.e."
                },
                {
                  "node": "d",
                  "type": "line-start",
                  "ref": "P314243.17",
                  "n": "15'",
                  "label": "b.e. 15'"
                },
                {
                  "node": "l",
                  "frag": "[x",
                  "id": "P314243.l00277",
                  "ref": "P314243.17.1",
                  "inst": "u",
                  "f": {
                    "lang": "akk-x-neoass",
                    "form": "x",
                    "pos": "u"
                  }
                },
                {
                  "node": "l",
                  "frag": "x",
                  "id": "P314243.l00278",
                  "ref": "P314243.17.2",
                  "inst": "u",
                  "f": {
                    "lang": "akk-x-neoass",
                    "form": "x",
                    "pos": "u"
                  }
                },
                {
                  "node": "l",
                  "frag": "x]-ni",
                  "id": "P314243.l00279",
                  "ref": "P314243.17.3",
                  "inst": "u",
                  "f": {
                    "lang": "akk-x-neoass",
                    "form": "x-ni",
                    "pos": "u"
                  }
                },
                {
                  "node": "l",
                  "frag": "ša\\dm",
                  "id": "P314243.l0027a",
                  "ref": "P314243.17.4",
                  "inst": "ša[of]DET",
                  "sig": "@saao/saa01%akk-x-neoass:ša=ša[of//of]DET'DET$ša",
                  "f": {
                    "lang": "akk-x-neoass",
                    "form": "ša",
                    "cf": "ša",
                    "gw": "of",
                    "sense": "of",
                    "norm": "ša",
                    "pos": "DET",
                    "epos": "DET"
                  }
                },
                {
                  "node": "l",
                  "frag": "40-TA.⸢AN⸣",
                  "id": "P314243.l0027b",
                  "ref": "P314243.17.5",
                  "inst": "n",
                  "f": {
                    "lang": "akk-x-neoass",
                    "form": "40-TA.AN",
                    "pos": "n"
                  }
                },
                {
                  "node": "d",
                  "type": "line-start",
                  "ref": "P314243.18",
                  "n": "16'",
                  "label": "b.e. 16'"
                },
                {
                  "node": "l",
                  "frag": "[x",
                  "id": "P314243.l0027c",
                  "ref": "P314243.18.1",
                  "inst": "u",
                  "f": {
                    "lang": "akk-x-neoass",
                    "form": "x",
                    "pos": "u"
                  }
                },
                {
                  "node": "l",
                  "frag": "x",
                  "id": "P314243.l0027d",
                  "ref": "P314243.18.2",
                  "inst": "u",
                  "f": {
                    "lang": "akk-x-neoass",
                    "form": "x",
                    "pos": "u"
                  }
                },
                {
                  "node": "l",
                  "frag": "x]+⸢x⸣",
                  "id": "P314243.l0027e",
                  "ref": "P314243.18.3",
                  "inst": "u",
                  "f": {
                    "lang": "akk-x-neoass",
                    "form": "x+x",
                    "pos": "u"
                  }
                },
                {
                  "node": "l",
                  "frag": "la",
                  "id": "P314243.l0027f",
                  "ref": "P314243.18.4",
                  "inst": "lā[not]MOD",
                  "sig": "@saao/saa01%akk-x-neoass:la=lā[not//not]MOD'MOD$lā",
                  "f": {
                    "lang": "akk-x-neoass",
                    "form": "la",
                    "cf": "lā",
                    "gw": "not",
                    "sense": "not",
                    "norm": "lā",
                    "pos": "MOD",
                    "epos": "MOD"
                  }
                },
                {
                  "node": "l",
                  "frag": "DUG₃.GA",
                  "id": "P314243.l00280",
                  "ref": "P314243.18.5",
                  "inst": "ṭāb[good]AJ",
                  "sig": "@saao/saa01%akk-x-neoass:DUG₃.GA=ṭābu[good//good]AJ'AJ$ṭāb",
                  "f": {
                    "lang": "akk-x-neoass",
                    "form": "DUG₃.GA",
                    "cf": "ṭābu",
                    "gw": "good",
                    "sense": "good",
                    "norm": "ṭāb",
                    "pos": "AJ",
                    "epos": "AJ"
                  }
                },
                {
                  "node": "l",
                  "frag": "[o]",
                  "id": "P314243.l00281",
                  "ref": "P314243.18.6",
                  "inst": "u",
                  "f": {
                    "lang": "akk-x-neoass",
                    "form": "o",
                    "pos": "u"
                  }
                },
                {
                  "node": "d",
                  "type": "line-start",
                  "ref": "P314243.19",
                  "n": "17'",
                  "label": "b.e. 17'"
                },
                {
                  "node": "l",
                  "frag": "[dul-lu]-⸢um⸣-ma",
                  "id": "P314243.l00282",
                  "ref": "P314243.19.1",
                  "inst": "dullu[trouble//work]N$dullumma",
                  "sig": "@saao/saa01%akk-x-neoass:dul-lu-um-ma=dullu[trouble//work]N'N$dullumma",
                  "f": {
                    "lang": "akk-x-neoass",
                    "form": "dul-lu-um-ma",
                    "cf": "dullu",
                    "gw": "trouble",
                    "sense": "work",
                    "norm": "dullumma",
                    "pos": "N",
                    "epos": "N"
                  }
                },
                {
                  "node": "l",
                  "frag": "la",
                  "id": "P314243.l00283",
                  "ref": "P314243.19.2",
                  "inst": "lā[not]MOD",
                  "sig": "@saao/saa01%akk-x-neoass:la=lā[not//not]MOD'MOD$lā",
                  "f": {
                    "lang": "akk-x-neoass",
                    "form": "la",
                    "cf": "lā",
                    "gw": "not",
                    "sense": "not",
                    "norm": "lā",
                    "pos": "MOD",
                    "epos": "MOD"
                  }
                },
                {
                  "node": "l",
                  "frag": "[e-pu-šu]",
                  "id": "P314243.l00284",
                  "ref": "P314243.19.3",
                  "inst": "epēšu[do]V$ēpušu",
                  "sig": "@saao/saa01%akk-x-neoass:e-pu-šu=epēšu[do//do]V'V$ēpušu",
                  "f": {
                    "lang": "akk-x-neoass",
                    "form": "e-pu-šu",
                    "cf": "epēšu",
                    "gw": "do",
                    "sense": "do",
                    "norm": "ēpušu",
                    "pos": "V",
                    "epos": "V"
                  }
                },
                {
                  "node": "d",
                  "subtype": "reverse",
                  "type": "reverse",
                  "ref": "P314243.r.20",
                  "label": "r"
                },
                {
                  "node": "d",
                  "type": "line-start",
                  "ref": "P314243.21",
                  "n": "1",
                  "label": "r 1"
                },
                {
                  "node": "l",
                  "frag": "[x",
                  "id": "P314243.l00285",
                  "ref": "P314243.21.1",
                  "inst": "u",
                  "f": {
                    "lang": "akk-x-neoass",
                    "form": "x",
                    "pos": "u"
                  }
                },
                {
                  "node": "l",
                  "frag": "x]",
                  "id": "P314243.l00286",
                  "ref": "P314243.21.2",
                  "inst": "u",
                  "f": {
                    "lang": "akk-x-neoass",
                    "form": "x",
                    "pos": "u"
                  }
                },
                {
                  "node": "l",
                  "frag": "bur",
                  "id": "P314243.l00287",
                  "ref": "P314243.21.3",
                  "inst": "u",
                  "f": {
                    "lang": "akk-x-neoass",
                    "form": "bur",
                    "pos": "u"
                  }
                },
                {
                  "node": "l",
                  "frag": "⸢bat⸣-ti-⸢bat⸣-[ti",
                  "id": "P314243.l00288",
                  "ref": "P314243.21.4",
                  "inst": "battibatti[around]PRP",
                  "sig": "@saao/saa01%akk-x-neoass:bat-ti-bat-ti=battubattu[all round//around]PRP'PRP$battibatti",
                  "f": {
                    "lang": "akk-x-neoass",
                    "form": "bat-ti-bat-ti",
                    "cf": "battubattu",
                    "gw": "all round",
                    "sense": "around",
                    "norm": "battibatti",
                    "pos": "PRP",
                    "epos": "PRP"
                  }
                },
                {
                  "node": "l",
                  "frag": "x",
                  "id": "P314243.l00289",
                  "ref": "P314243.21.5",
                  "inst": "u",
                  "f": {
                    "lang": "akk-x-neoass",
                    "form": "x",
                    "pos": "u"
                  }
                },
                {
                  "node": "l",
                  "frag": "x",
                  "id": "P314243.l0028a",
                  "ref": "P314243.21.6",
                  "inst": "u",
                  "f": {
                    "lang": "akk-x-neoass",
                    "form": "x",
                    "pos": "u"
                  }
                },
                {
                  "node": "l",
                  "frag": "x]",
                  "id": "P314243.l0028b",
                  "ref": "P314243.21.7",
                  "inst": "u",
                  "f": {
                    "lang": "akk-x-neoass",
                    "form": "x",
                    "pos": "u"
                  }
                },
                {
                  "node": "d",
                  "type": "line-start",
                  "ref": "P314243.22",
                  "n": "2",
                  "label": "r 2"
                },
                {
                  "node": "l",
                  "frag": "[x",
                  "id": "P314243.l0028c",
                  "ref": "P314243.22.1",
                  "inst": "u",
                  "f": {
                    "lang": "akk-x-neoass",
                    "form": "x",
                    "pos": "u"
                  }
                },
                {
                  "node": "l",
                  "frag": "x]",
                  "id": "P314243.l0028d",
                  "ref": "P314243.22.2",
                  "inst": "u",
                  "f": {
                    "lang": "akk-x-neoass",
                    "form": "x",
                    "pos": "u"
                  }
                },
                {
                  "node": "l",
                  "frag": "ti",
                  "id": "P314243.l0028e",
                  "ref": "P314243.22.3",
                  "inst": "u",
                  "f": {
                    "lang": "akk-x-neoass",
                    "form": "ti",
                    "pos": "u"
                  }
                },
                {
                  "node": "l",
                  "frag": "⸢x⸣",
                  "id": "P314243.l0028f",
                  "ref": "P314243.22.4",
                  "inst": "u",
                  "f": {
                    "lang": "akk-x-neoass",
                    "form": "x",
                    "pos": "u"
                  }
                },
                {
                  "node": "l",
                  "frag": "[x]+⸢x",
                  "id": "P314243.l00290",
                  "ref": "P314243.22.5",
                  "inst": "u",
                  "f": {
                    "lang": "akk-x-neoass",
                    "form": "x+x",
                    "pos": "u"
                  }
                },
                {
                  "node": "l",
                  "frag": "x⸣+[x",
                  "id": "P314243.l00291",
                  "ref": "P314243.22.6",
                  "inst": "u",
                  "f": {
                    "lang": "akk-x-neoass",
                    "form": "x+x",
                    "pos": "u"
                  }
                },
                {
                  "node": "l",
                  "frag": "x",
                  "id": "P314243.l00292",
                  "ref": "P314243.22.7",
                  "inst": "u",
                  "f": {
                    "lang": "akk-x-neoass",
                    "form": "x",
                    "pos": "u"
                  }
                },
                {
                  "node": "l",
                  "frag": "x]",
                  "id": "P314243.l00293",
                  "ref": "P314243.22.8",
                  "inst": "u",
                  "f": {
                    "lang": "akk-x-neoass",
                    "form": "x",
                    "pos": "u"
                  }
                },
                {
                  "node": "d",
                  "type": "line-start",
                  "ref": "P314243.23",
                  "n": "3",
                  "label": "r 3"
                },
                {
                  "node": "l",
                  "frag": "[i-ta]-⸢bal⸣-[ki]-tu₂",
                  "id": "P314243.l00294",
                  "ref": "P314243.23.1",
                  "inst": "nabalkutu[cross over//rebel]V$ittabalkitu",
                  "sig": "@saao/saa01%akk-x-neoass:i-ta-bal-ki-tu₂=nabalkutu[cross over//rebel]V'V$ittabalkitu",
                  "f": {
                    "lang": "akk-x-neoass",
                    "form": "i-ta-bal-ki-tu₂",
                    "cf": "nabalkutu",
                    "gw": "cross over",
                    "sense": "rebel",
                    "norm": "ittabalkitu",
                    "pos": "V",
                    "epos": "V"
                  }
                },
                {
                  "node": "l",
                  "frag": "u₂-ma-a",
                  "id": "P314243.l00295",
                  "ref": "P314243.23.2",
                  "inst": "ūmâ[now]AV",
                  "sig": "@saao/saa01%akk-x-neoass:u₂-ma-a=ūma[today//now]AV'AV$ūmâ",
                  "f": {
                    "lang": "akk-x-neoass",
                    "form": "u₂-ma-a",
                    "cf": "ūma",
                    "gw": "today",
                    "sense": "now",
                    "norm": "ūmâ",
                    "pos": "AV",
                    "epos": "AV"
                  }
                },
                {
                  "node": "l",
                  "frag": "an-nu-[rig]",
                  "id": "P314243.l00296",
                  "ref": "P314243.23.3",
                  "inst": "annurig[now]AV",
                  "sig": "@saao/saa01%akk-x-neoass:an-nu-rig=annûri[now//now]AV'AV$annurig",
                  "f": {
                    "lang": "akk-x-neoass",
                    "form": "an-nu-rig",
                    "cf": "annûri",
                    "gw": "now",
                    "sense": "now",
                    "norm": "annurig",
                    "pos": "AV",
                    "epos": "AV"
                  }
                },
                {
                  "node": "d",
                  "type": "line-start",
                  "ref": "P314243.24",
                  "n": "4",
                  "label": "r 4"
                },
                {
                  "node": "l",
                  "frag": "[as-sap-rak]-⸢ka",
                  "id": "P314243.l00297",
                  "ref": "P314243.24.1",
                  "inst": "šapāru[send]V$assaprakka",
                  "sig": "@saao/saa01%akk-x-neoass:as-sap-rak-ka=šapāru[send//send]V'V$assaprakka",
                  "f": {
                    "lang": "akk-x-neoass",
                    "form": "as-sap-rak-ka",
                    "cf": "šapāru",
                    "gw": "send",
                    "sense": "send",
                    "norm": "assaprakka",
                    "pos": "V",
                    "epos": "V"
                  }
                },
                {
                  "node": "l",
                  "frag": "ša⸣",
                  "id": "P314243.l00298",
                  "ref": "P314243.24.2",
                  "inst": "ša[those who]REL",
                  "sig": "@saao/saa01%akk-x-neoass:ša=ša[that//those who]REL'REL$ša",
                  "f": {
                    "lang": "akk-x-neoass",
                    "form": "ša",
                    "cf": "ša",
                    "gw": "that",
                    "sense": "those who",
                    "norm": "ša",
                    "pos": "REL",
                    "epos": "REL"
                  }
                },
                {
                  "node": "l",
                  "frag": "[is]-si-ka",
                  "id": "P314243.l00299",
                  "ref": "P314243.24.3",
                  "inst": "issīka[with]PRP",
                  "sig": "@saao/saa01%akk-x-neoass:is-si-ka=išti[with//with]PRP'PRP$issīka",
                  "f": {
                    "lang": "akk-x-neoass",
                    "form": "is-si-ka",
                    "cf": "išti",
                    "gw": "with",
                    "sense": "with",
                    "norm": "issīka",
                    "pos": "PRP",
                    "epos": "PRP"
                  }
                },
                {
                  "node": "l",
                  "frag": "la-aš₂-šu₂",
                  "id": "P314243.l0029a",
                  "ref": "P314243.24.4",
                  "inst": "laššu[(there) is not]V",
                  "sig": "@saao/saa01%akk-x-neoass:la-aš₂-šu₂=laššu[(there) is not//(there) is not]V'V$laššu",
                  "f": {
                    "lang": "akk-x-neoass",
                    "form": "la-aš₂-šu₂",
                    "cf": "laššu",
                    "gw": "(there) is not",
                    "sense": "(there) is not",
                    "norm": "laššu",
                    "pos": "V",
                    "epos": "V"
                  }
                },
                {
                  "node": "d",
                  "type": "line-start",
                  "ref": "P314243.25",
                  "n": "5",
                  "label": "r 5"
                },
                {
                  "node": "l",
                  "frag": "[la",
                  "id": "P314243.l0029b",
                  "ref": "P314243.25.1",
                  "inst": "lā[not]MOD",
                  "sig": "@saao/saa01%akk-x-neoass:la=lā[not//not]MOD'MOD$lā",
                  "f": {
                    "lang": "akk-x-neoass",
                    "form": "la",
                    "cf": "lā",
                    "gw": "not",
                    "sense": "not",
                    "norm": "lā",
                    "pos": "MOD",
                    "epos": "MOD"
                  }
                },
                {
                  "node": "l",
                  "frag": "x",
                  "id": "P314243.l0029c",
                  "ref": "P314243.25.2",
                  "inst": "u",
                  "f": {
                    "lang": "akk-x-neoass",
                    "form": "x",
                    "pos": "u"
                  }
                },
                {
                  "node": "l",
                  "frag": "x",
                  "id": "P314243.l0029d",
                  "ref": "P314243.25.3",
                  "inst": "u",
                  "f": {
                    "lang": "akk-x-neoass",
                    "form": "x",
                    "pos": "u"
                  }
                },
                {
                  "node": "l",
                  "frag": "x]-ti",
                  "id": "P314243.l0029e",
                  "ref": "P314243.25.4",
                  "inst": "u",
                  "f": {
                    "lang": "akk-x-neoass",
                    "form": "x-ti",
                    "pos": "u"
                  }
                },
                {
                  "node": "l",
                  "frag": "UN-MEŠ\\m",
                  "id": "P314243.l0029f",
                  "ref": "P314243.25.5",
                  "inst": "nišē[people]N",
                  "sig": "@saao/saa01%akk-x-neoass:UN-MEŠ=nišu[people//people]N'N$nišē",
                  "f": {
                    "lang": "akk-x-neoass",
                    "form": "UN-MEŠ",
                    "cf": "nišu",
                    "gw": "people",
                    "sense": "people",
                    "norm": "nišē",
                    "pos": "N",
                    "epos": "N"
                  }
                },
                {
                  "node": "l",
                  "frag": "la",
                  "id": "P314243.l002a0",
                  "ref": "P314243.25.6",
                  "inst": "lā[not]MOD",
                  "sig": "@saao/saa01%akk-x-neoass:la=lā[not//not]MOD'MOD$lā",
                  "f": {
                    "lang": "akk-x-neoass",
                    "form": "la",
                    "cf": "lā",
                    "gw": "not",
                    "sense": "not",
                    "norm": "lā",
                    "pos": "MOD",
                    "epos": "MOD"
                  }
                },
                {
                  "node": "l",
                  "frag": "ke-nu-ti",
                  "id": "P314243.l002a1",
                  "ref": "P314243.25.7",
                  "inst": "kīnu[permanent//reliable]AJ$kēnūti",
                  "sig": "@saao/saa01%akk-x-neoass:ke-nu-ti=kīnu[permanent//reliable]AJ'AJ$kēnūti",
                  "f": {
                    "lang": "akk-x-neoass",
                    "form": "ke-nu-ti",
                    "cf": "kīnu",
                    "gw": "permanent",
                    "sense": "reliable",
                    "norm": "kēnūti",
                    "pos": "AJ",
                    "epos": "AJ"
                  }
                },
                {
                  "node": "d",
                  "type": "line-start",
                  "ref": "P314243.26",
                  "n": "6",
                  "label": "r 6"
                },
                {
                  "node": "l",
                  "frag": "[šu-nu",
                  "id": "P314243.l002a2",
                  "ref": "P314243.26.1",
                  "inst": "šunu[they]IP",
                  "sig": "@saao/saa01%akk-x-neoass:šu-nu=šunu[they//they]IP'IP$šunu",
                  "f": {
                    "lang": "akk-x-neoass",
                    "form": "šu-nu",
                    "cf": "šunu",
                    "gw": "they",
                    "sense": "they",
                    "norm": "šunu",
                    "pos": "IP",
                    "epos": "IP"
                  }
                },
                {
                  "node": "l",
                  "frag": "x",
                  "id": "P314243.l002a3",
                  "ref": "P314243.26.2",
                  "inst": "u",
                  "f": {
                    "lang": "akk-x-neoass",
                    "form": "x",
                    "pos": "u"
                  }
                },
                {
                  "node": "l",
                  "frag": "x]+⸢x⸣",
                  "id": "P314243.l002a4",
                  "ref": "P314243.26.3",
                  "inst": "u",
                  "f": {
                    "lang": "akk-x-neoass",
                    "form": "x+x",
                    "pos": "u"
                  }
                },
                {
                  "node": "l",
                  "frag": "{[lu₂v]}⸢EN⸣.NAM",
                  "id": "P314243.l002a5",
                  "ref": "P314243.26.4",
                  "inst": "pāhutu[governor]N",
                  "sig": "@saao/saa01%akk-x-neoass:{LU₂}EN.NAM=pīhātu[responsibility//governor]N'N$pāhutu",
                  "f": {
                    "lang": "akk-x-neoass",
                    "form": "{LU₂}EN.NAM",
                    "cf": "pīhātu",
                    "gw": "responsibility",
                    "sense": "governor",
                    "norm": "pāhutu",
                    "pos": "N",
                    "epos": "N"
                  }
                },
                {
                  "node": "d",
                  "type": "nonx",
                  "ref": "P314243.27",
                  "strict": "0",
                  "extent": "rest",
                  "state": "missing"
                }
              ]
            }
          ]
        }
      ]
    },
    {
      "linkbase": [
        {
          "type": "linkset",
          "xlink_title": "ina muhhi[on//about]PRP'PRP",
          "id": "P314243.ls00000",
          "xlink_type": "extended",
          "xlink_role": "psu",
          "sig": "{ina[in]PRP muhhu[skull]N += ina muhhi[on//about]PRP'PRP}::@saao%akk-x-neoass:ina=ina[in//into]PRP'PRP$ina++@saao%akk-x-neoass:UGU-hi-ka=muhhu[skull//skull]N'N$muhhīka",
          "links": [
            {
              "type": "link",
              "xlink_title": "ina",
              "xlink_type": "locator",
              "xlink_href": "#P314243.l00230",
              "xlink_role": "elt"
            },
            {
              "type": "link",
              "xlink_title": "muhhu",
              "xlink_type": "locator",
              "xlink_href": "#P314243.l00231",
              "xlink_role": "elt"
            }
          ]
        },
        {
          "type": "linkset",
          "xlink_title": "ina muhhi[on//about]PRP'PRP",
          "id": "P314243.ls00001",
          "xlink_type": "extended",
          "xlink_role": "psu",
          "sig": "{ina[in]PRP muhhu[skull]N += ina muhhi[on//about]PRP'PRP}::@saao%akk-x-neoass:ina=ina[in//into]PRP'PRP$ina++@saao%akk-x-neoass:UGU=muhhu[skull//skull]N'N$muhhi",
          "links": [
            {
              "type": "link",
              "xlink_title": "ina",
              "xlink_type": "locator",
              "xlink_href": "#P314243.l00248",
              "xlink_role": "elt"
            },
            {
              "type": "link",
              "xlink_title": "muhhi",
              "xlink_type": "locator",
              "xlink_href": "#P314243.l00249",
              "xlink_role": "elt"
            }
          ]
        },
        {
          "type": "linkset",
          "xlink_title": "ina muhhi[on//about]PRP'PRP",
          "id": "P314243.ls00002",
          "xlink_type": "extended",
          "xlink_role": "psu",
          "sig": "{ina[in]PRP muhhu[skull]N += ina muhhi[on//about]PRP'PRP}::@saao%akk-x-neoass:ina=ina[in//into]PRP'PRP$ina++@saao%akk-x-neoass:UGU=muhhu[skull//skull]N'N$muhhi",
          "links": [
            {
              "type": "link",
              "xlink_title": "ina",
              "xlink_type": "locator",
              "xlink_href": "#P314243.l00250",
              "xlink_role": "elt"
            },
            {
              "type": "link",
              "xlink_title": "muhhi",
              "xlink_type": "locator",
              "xlink_href": "#P314243.l00251",
              "xlink_role": "elt"
            }
          ]
        },
        {
          "type": "linkset",
          "xlink_title": "ina muhhi[on//about]PRP'PRP",
          "id": "P314243.ls00003",
          "xlink_type": "extended",
          "xlink_role": "psu",
          "sig": "{ina[in]PRP muhhu[skull]N += ina muhhi[on//about]PRP'PRP}::@saao%akk-x-neoass:ina=ina[in//into]PRP'PRP$ina++@saao%akk-x-neoass:UGU=muhhu[skull//skull]N'N$muhhi",
          "links": [
            {
              "type": "link",
              "xlink_title": "ina",
              "xlink_type": "locator",
              "xlink_href": "#P314243.l00259",
              "xlink_role": "elt"
            },
            {
              "type": "link",
              "xlink_title": "muhhi",
              "xlink_type": "locator",
              "xlink_href": "#P314243.l0025a",
              "xlink_role": "elt"
            }
          ]
        },
        {
          "type": "linkset",
          "xlink_title": "ina muhhi[on//about]PRP'PRP",
          "id": "P314243.ls00004",
          "xlink_type": "extended",
          "xlink_role": "psu",
          "sig": "{ina[in]PRP muhhu[skull]N += ina muhhi[on//about]PRP'PRP}::@saao%akk-x-neoass:ina=ina[in//into]PRP'PRP$ina++@saao%akk-x-neoass:UGU=muhhu[skull//skull]N'N$muhhi",
          "links": [
            {
              "type": "link",
              "xlink_title": "ina",
              "xlink_type": "locator",
              "xlink_href": "#P314243.l0025d",
              "xlink_role": "elt"
            },
            {
              "type": "link",
              "xlink_title": "muhhi",
              "xlink_type": "locator",
              "xlink_href": "#P314243.l0025e",
              "xlink_role": "elt"
            }
          ]
        },
        {
          "type": "linkset",
          "xlink_title": "ina muhhi[on//about]PRP'PRP",
          "id": "P314243.ls00005",
          "xlink_type": "extended",
          "xlink_role": "psu",
          "sig": "{ina[in]PRP muhhu[skull]N += ina muhhi[on//about]PRP'PRP}::@saao%akk-x-neoass:ina=ina[in//into]PRP'PRP$ina++@saao%akk-x-neoass:UGU=muhhu[skull//skull]N'N$muhhi",
          "links": [
            {
              "type": "link",
              "xlink_title": "ina",
              "xlink_type": "locator",
              "xlink_href": "#P314243.l00269",
              "xlink_role": "elt"
            },
            {
              "type": "link",
              "xlink_title": "muhhi",
              "xlink_type": "locator",
              "xlink_href": "#P314243.l0026a",
              "xlink_role": "elt"
            }
          ]
        }
      ]
    }
  ]
}
