{
  "type": "cdl",
  "source": "http://oracc.org/saao/saa01",
  "license": "This data is released under the CC0 license",
  "license-url": "https://creativecommons.org/publicdomain/zero/1.0/",
  "more-info": "http://oracc.org/doc/opendata/",
  "UTC-timestamp": "2017-06-10T00:36:45",
  "project": "saao/saa01",
  "textid": "P314282",
  "cdl": [
    {
      "node": "c",
      "type": "text",
      "id": "P314282.U0",
      "cdl": [
        {
          "node": "d",
          "type": "object",
          "ref": ""
        },
        {
          "node": "d",
          "type": "surface",
          "ref": ""
        },
        {
          "node": "d",
          "type": "nonx",
          "ref": "P314282.1",
          "strict": "0",
          "extent": "beginning",
          "state": "other"
        },
        {
          "node": "c",
          "type": "discourse",
          "subtype": "body",
          "id": "P314282.U1",
          "cdl": [
            {
              "node": "c",
              "type": "sentence",
              "id": "P314282.U2",
              "label": "1' - r 11",
              "cdl": [
                {
                  "node": "d",
                  "type": "line-start",
                  "ref": "P314282.2",
                  "n": "1'",
                  "label": "1'"
                },
                {
                  "node": "l",
                  "frag": "[x",
                  "id": "P314282.l05f6b",
                  "ref": "P314282.2.1",
                  "inst": "u",
                  "f": {
                    "lang": "akk-x-neoass",
                    "form": "x",
                    "pos": "u"
                  }
                },
                {
                  "node": "l",
                  "frag": "x",
                  "id": "P314282.l05f6c",
                  "ref": "P314282.2.2",
                  "inst": "u",
                  "f": {
                    "lang": "akk-x-neoass",
                    "form": "x",
                    "pos": "u"
                  }
                },
                {
                  "node": "l",
                  "frag": "x",
                  "id": "P314282.l05f6d",
                  "ref": "P314282.2.3",
                  "inst": "u",
                  "f": {
                    "lang": "akk-x-neoass",
                    "form": "x",
                    "pos": "u"
                  }
                },
                {
                  "node": "l",
                  "frag": "x",
                  "id": "P314282.l05f6e",
                  "ref": "P314282.2.4",
                  "inst": "u",
                  "f": {
                    "lang": "akk-x-neoass",
                    "form": "x",
                    "pos": "u"
                  }
                },
                {
                  "node": "l",
                  "frag": "x]",
                  "id": "P314282.l05f6f",
                  "ref": "P314282.2.5",
                  "inst": "u",
                  "f": {
                    "lang": "akk-x-neoass",
                    "form": "x",
                    "pos": "u"
                  }
                },
                {
                  "node": "l",
                  "frag": "⸢šu⸣",
                  "id": "P314282.l05f70",
                  "ref": "P314282.2.6",
                  "inst": "u",
                  "f": {
                    "lang": "akk-x-neoass",
                    "form": "šu",
                    "pos": "u"
                  }
                },
                {
                  "node": "l",
                  "frag": "[x]",
                  "id": "P314282.l05f71",
                  "ref": "P314282.2.7",
                  "inst": "u",
                  "f": {
                    "lang": "akk-x-neoass",
                    "form": "x",
                    "pos": "u"
                  }
                },
                {
                  "node": "l",
                  "frag": "⸢x⸣",
                  "id": "P314282.l05f72",
                  "ref": "P314282.2.8",
                  "inst": "u",
                  "f": {
                    "lang": "akk-x-neoass",
                    "form": "x",
                    "pos": "u"
                  }
                },
                {
                  "node": "d",
                  "type": "line-start",
                  "ref": "P314282.3",
                  "n": "2'",
                  "label": "2'"
                },
                {
                  "node": "l",
                  "frag": "[x",
                  "id": "P314282.l05f73",
                  "ref": "P314282.3.1",
                  "inst": "u",
                  "f": {
                    "lang": "akk-x-neoass",
                    "form": "x",
                    "pos": "u"
                  }
                },
                {
                  "node": "l",
                  "frag": "x",
                  "id": "P314282.l05f74",
                  "ref": "P314282.3.2",
                  "inst": "u",
                  "f": {
                    "lang": "akk-x-neoass",
                    "form": "x",
                    "pos": "u"
                  }
                },
                {
                  "node": "l",
                  "frag": "x",
                  "id": "P314282.l05f75",
                  "ref": "P314282.3.3",
                  "inst": "u",
                  "f": {
                    "lang": "akk-x-neoass",
                    "form": "x",
                    "pos": "u"
                  }
                },
                {
                  "node": "l",
                  "frag": "x]+⸢x⸣",
                  "id": "P314282.l05f76",
                  "ref": "P314282.3.4",
                  "inst": "u",
                  "f": {
                    "lang": "akk-x-neoass",
                    "form": "x+x",
                    "pos": "u"
                  }
                },
                {
                  "node": "l",
                  "frag": "{lu₂v}EN.NAM",
                  "id": "P314282.l05f77",
                  "ref": "P314282.3.5",
                  "inst": "pāhutu[governor]N",
                  "sig": "@saao/saa01%akk-x-neoass:{LU₂}EN.NAM=pīhātu[responsibility//governor]N'N$pāhutu",
                  "f": {
                    "lang": "akk-x-neoass",
                    "form": "{LU₂}EN.NAM",
                    "cf": "pīhātu",
                    "gw": "responsibility",
                    "sense": "governor",
                    "norm": "pāhutu",
                    "pos": "N",
                    "epos": "N"
                  }
                },
                {
                  "node": "d",
                  "type": "line-start",
                  "ref": "P314282.4",
                  "n": "3'",
                  "label": "3'"
                },
                {
                  "node": "l",
                  "frag": "[x",
                  "id": "P314282.l05f78",
                  "ref": "P314282.4.1",
                  "inst": "u",
                  "f": {
                    "lang": "akk-x-neoass",
                    "form": "x",
                    "pos": "u"
                  }
                },
                {
                  "node": "l",
                  "frag": "x",
                  "id": "P314282.l05f79",
                  "ref": "P314282.4.2",
                  "inst": "u",
                  "f": {
                    "lang": "akk-x-neoass",
                    "form": "x",
                    "pos": "u"
                  }
                },
                {
                  "node": "l",
                  "frag": "x",
                  "id": "P314282.l05f7a",
                  "ref": "P314282.4.3",
                  "inst": "u",
                  "f": {
                    "lang": "akk-x-neoass",
                    "form": "x",
                    "pos": "u"
                  }
                },
                {
                  "node": "l",
                  "frag": "{uru]}⸢ar₂⸣-pad-da",
                  "id": "P314282.l05f7b",
                  "ref": "P314282.4.4",
                  "inst": "Arpadda[Arpad]GN",
                  "sig": "@saao/saa01%akk-x-neoass:{URU}ar₂-pad-da=Arpadda[Arpad//Arpad]GN'GN$Arpadda",
                  "f": {
                    "lang": "akk-x-neoass",
                    "form": "{URU}ar₂-pad-da",
                    "cf": "Arpadda",
                    "gw": "Arpad",
                    "sense": "Arpad",
                    "norm": "Arpadda",
                    "pos": "GN",
                    "epos": "GN"
                  }
                },
                {
                  "node": "d",
                  "type": "line-start",
                  "ref": "P314282.5",
                  "n": "4'",
                  "label": "4'"
                },
                {
                  "node": "l",
                  "frag": "[x",
                  "id": "P314282.l05f7c",
                  "ref": "P314282.5.1",
                  "inst": "u",
                  "f": {
                    "lang": "akk-x-neoass",
                    "form": "x",
                    "pos": "u"
                  }
                },
                {
                  "node": "l",
                  "frag": "x",
                  "id": "P314282.l05f7d",
                  "ref": "P314282.5.2",
                  "inst": "u",
                  "f": {
                    "lang": "akk-x-neoass",
                    "form": "x",
                    "pos": "u"
                  }
                },
                {
                  "node": "l",
                  "frag": "x",
                  "id": "P314282.l05f7e",
                  "ref": "P314282.5.3",
                  "inst": "u",
                  "f": {
                    "lang": "akk-x-neoass",
                    "form": "x",
                    "pos": "u"
                  }
                },
                {
                  "node": "l",
                  "frag": "x",
                  "id": "P314282.l05f7f",
                  "ref": "P314282.5.4",
                  "inst": "u",
                  "f": {
                    "lang": "akk-x-neoass",
                    "form": "x",
                    "pos": "u"
                  }
                },
                {
                  "node": "l",
                  "frag": "x",
                  "id": "P314282.l05f80",
                  "ref": "P314282.5.5",
                  "inst": "u",
                  "f": {
                    "lang": "akk-x-neoass",
                    "form": "x",
                    "pos": "u"
                  }
                },
                {
                  "node": "l",
                  "frag": "x]",
                  "id": "P314282.l05f81",
                  "ref": "P314282.5.6",
                  "inst": "u",
                  "f": {
                    "lang": "akk-x-neoass",
                    "form": "x",
                    "pos": "u"
                  }
                },
                {
                  "node": "l",
                  "frag": "ad",
                  "id": "P314282.l05f82",
                  "ref": "P314282.5.7",
                  "inst": "u",
                  "f": {
                    "lang": "akk-x-neoass",
                    "form": "ad",
                    "pos": "u"
                  }
                },
                {
                  "node": "d",
                  "type": "line-start",
                  "ref": "P314282.6",
                  "n": "5'",
                  "label": "5'"
                },
                {
                  "node": "l",
                  "frag": "[x",
                  "id": "P314282.l05f83",
                  "ref": "P314282.6.1",
                  "inst": "u",
                  "f": {
                    "lang": "akk-x-neoass",
                    "form": "x",
                    "pos": "u"
                  }
                },
                {
                  "node": "l",
                  "frag": "x",
                  "id": "P314282.l05f84",
                  "ref": "P314282.6.2",
                  "inst": "u",
                  "f": {
                    "lang": "akk-x-neoass",
                    "form": "x",
                    "pos": "u"
                  }
                },
                {
                  "node": "l",
                  "frag": "x",
                  "id": "P314282.l05f85",
                  "ref": "P314282.6.3",
                  "inst": "u",
                  "f": {
                    "lang": "akk-x-neoass",
                    "form": "x",
                    "pos": "u"
                  }
                },
                {
                  "node": "l",
                  "frag": "x",
                  "id": "P314282.l05f86",
                  "ref": "P314282.6.4",
                  "inst": "u",
                  "f": {
                    "lang": "akk-x-neoass",
                    "form": "x",
                    "pos": "u"
                  }
                },
                {
                  "node": "l",
                  "frag": "x",
                  "id": "P314282.l05f87",
                  "ref": "P314282.6.5",
                  "inst": "u",
                  "f": {
                    "lang": "akk-x-neoass",
                    "form": "x",
                    "pos": "u"
                  }
                },
                {
                  "node": "l",
                  "frag": "x",
                  "id": "P314282.l05f88",
                  "ref": "P314282.6.6",
                  "inst": "u",
                  "f": {
                    "lang": "akk-x-neoass",
                    "form": "x",
                    "pos": "u"
                  }
                },
                {
                  "node": "l",
                  "frag": "x]",
                  "id": "P314282.l05f89",
                  "ref": "P314282.6.7",
                  "inst": "u",
                  "f": {
                    "lang": "akk-x-neoass",
                    "form": "x",
                    "pos": "u"
                  }
                },
                {
                  "node": "l",
                  "frag": "⸢nu⸣",
                  "id": "P314282.l05f8a",
                  "ref": "P314282.6.8",
                  "inst": "u",
                  "f": {
                    "lang": "akk-x-neoass",
                    "form": "nu",
                    "pos": "u"
                  }
                },
                {
                  "node": "d",
                  "type": "line-start",
                  "ref": "P314282.7",
                  "n": "6'",
                  "label": "6'"
                },
                {
                  "node": "l",
                  "frag": "[x",
                  "id": "P314282.l05f8b",
                  "ref": "P314282.7.1",
                  "inst": "u",
                  "f": {
                    "lang": "akk-x-neoass",
                    "form": "x",
                    "pos": "u"
                  }
                },
                {
                  "node": "l",
                  "frag": "x",
                  "id": "P314282.l05f8c",
                  "ref": "P314282.7.2",
                  "inst": "u",
                  "f": {
                    "lang": "akk-x-neoass",
                    "form": "x",
                    "pos": "u"
                  }
                },
                {
                  "node": "l",
                  "frag": "x",
                  "id": "P314282.l05f8d",
                  "ref": "P314282.7.3",
                  "inst": "u",
                  "f": {
                    "lang": "akk-x-neoass",
                    "form": "x",
                    "pos": "u"
                  }
                },
                {
                  "node": "l",
                  "frag": "x",
                  "id": "P314282.l05f8e",
                  "ref": "P314282.7.4",
                  "inst": "u",
                  "f": {
                    "lang": "akk-x-neoass",
                    "form": "x",
                    "pos": "u"
                  }
                },
                {
                  "node": "l",
                  "frag": "x]+⸢x⸣-MEŠ",
                  "id": "P314282.l05f8f",
                  "ref": "P314282.7.5",
                  "inst": "u",
                  "f": {
                    "lang": "akk-x-neoass",
                    "form": "x+x-MEŠ",
                    "pos": "u"
                  }
                },
                {
                  "node": "d",
                  "type": "line-start",
                  "ref": "P314282.8",
                  "n": "7'",
                  "label": "7'"
                },
                {
                  "node": "l",
                  "frag": "[x",
                  "id": "P314282.l05f90",
                  "ref": "P314282.8.1",
                  "inst": "u",
                  "f": {
                    "lang": "akk-x-neoass",
                    "form": "x",
                    "pos": "u"
                  }
                },
                {
                  "node": "l",
                  "frag": "x",
                  "id": "P314282.l05f91",
                  "ref": "P314282.8.2",
                  "inst": "u",
                  "f": {
                    "lang": "akk-x-neoass",
                    "form": "x",
                    "pos": "u"
                  }
                },
                {
                  "node": "l",
                  "frag": "x",
                  "id": "P314282.l05f92",
                  "ref": "P314282.8.3",
                  "inst": "u",
                  "f": {
                    "lang": "akk-x-neoass",
                    "form": "x",
                    "pos": "u"
                  }
                },
                {
                  "node": "l",
                  "frag": "x",
                  "id": "P314282.l05f93",
                  "ref": "P314282.8.4",
                  "inst": "u",
                  "f": {
                    "lang": "akk-x-neoass",
                    "form": "x",
                    "pos": "u"
                  }
                },
                {
                  "node": "l",
                  "frag": "x]",
                  "id": "P314282.l05f94",
                  "ref": "P314282.8.5",
                  "inst": "u",
                  "f": {
                    "lang": "akk-x-neoass",
                    "form": "x",
                    "pos": "u"
                  }
                },
                {
                  "node": "l",
                  "frag": "MA.NA",
                  "id": "P314282.l05f95",
                  "ref": "P314282.8.6",
                  "inst": "manê[a unit of weight]N",
                  "sig": "@saao/saa01%akk-x-neoass:MA.NA=manû[unit//a unit of weight]N'N$manê",
                  "f": {
                    "lang": "akk-x-neoass",
                    "form": "MA.NA",
                    "cf": "manû",
                    "gw": "unit",
                    "sense": "a unit of weight",
                    "norm": "manê",
                    "pos": "N",
                    "epos": "N"
                  }
                },
                {
                  "node": "d",
                  "type": "line-start",
                  "ref": "P314282.9",
                  "n": "8'",
                  "label": "8'"
                },
                {
                  "node": "l",
                  "frag": "[x",
                  "id": "P314282.l05f96",
                  "ref": "P314282.9.1",
                  "inst": "u",
                  "f": {
                    "lang": "akk-x-neoass",
                    "form": "x",
                    "pos": "u"
                  }
                },
                {
                  "node": "l",
                  "frag": "x",
                  "id": "P314282.l05f97",
                  "ref": "P314282.9.2",
                  "inst": "u",
                  "f": {
                    "lang": "akk-x-neoass",
                    "form": "x",
                    "pos": "u"
                  }
                },
                {
                  "node": "l",
                  "frag": "x",
                  "id": "P314282.l05f98",
                  "ref": "P314282.9.3",
                  "inst": "u",
                  "f": {
                    "lang": "akk-x-neoass",
                    "form": "x",
                    "pos": "u"
                  }
                },
                {
                  "node": "l",
                  "frag": "x",
                  "id": "P314282.l05f99",
                  "ref": "P314282.9.4",
                  "inst": "u",
                  "f": {
                    "lang": "akk-x-neoass",
                    "form": "x",
                    "pos": "u"
                  }
                },
                {
                  "node": "l",
                  "frag": "x",
                  "id": "P314282.l05f9a",
                  "ref": "P314282.9.5",
                  "inst": "u",
                  "f": {
                    "lang": "akk-x-neoass",
                    "form": "x",
                    "pos": "u"
                  }
                },
                {
                  "node": "l",
                  "frag": "x]+⸢x⸣",
                  "id": "P314282.l05f9b",
                  "ref": "P314282.9.6",
                  "inst": "u",
                  "f": {
                    "lang": "akk-x-neoass",
                    "form": "x+x",
                    "pos": "u"
                  }
                },
                {
                  "node": "l",
                  "frag": "ud",
                  "id": "P314282.l05f9c",
                  "ref": "P314282.9.7",
                  "inst": "u",
                  "f": {
                    "lang": "akk-x-neoass",
                    "form": "ud",
                    "pos": "u"
                  }
                },
                {
                  "node": "d",
                  "type": "line-start",
                  "ref": "P314282.10",
                  "n": "9'",
                  "label": "9'"
                },
                {
                  "node": "l",
                  "frag": "[x",
                  "id": "P314282.l05f9d",
                  "ref": "P314282.10.1",
                  "inst": "u",
                  "f": {
                    "lang": "akk-x-neoass",
                    "form": "x",
                    "pos": "u"
                  }
                },
                {
                  "node": "l",
                  "frag": "x",
                  "id": "P314282.l05f9e",
                  "ref": "P314282.10.2",
                  "inst": "u",
                  "f": {
                    "lang": "akk-x-neoass",
                    "form": "x",
                    "pos": "u"
                  }
                },
                {
                  "node": "l",
                  "frag": "x",
                  "id": "P314282.l05f9f",
                  "ref": "P314282.10.3",
                  "inst": "u",
                  "f": {
                    "lang": "akk-x-neoass",
                    "form": "x",
                    "pos": "u"
                  }
                },
                {
                  "node": "l",
                  "frag": "x",
                  "id": "P314282.l05fa0",
                  "ref": "P314282.10.4",
                  "inst": "u",
                  "f": {
                    "lang": "akk-x-neoass",
                    "form": "x",
                    "pos": "u"
                  }
                },
                {
                  "node": "l",
                  "frag": "x",
                  "id": "P314282.l05fa1",
                  "ref": "P314282.10.5",
                  "inst": "u",
                  "f": {
                    "lang": "akk-x-neoass",
                    "form": "x",
                    "pos": "u"
                  }
                },
                {
                  "node": "l",
                  "frag": "x]-aš-šur",
                  "id": "P314282.l05fa2",
                  "ref": "P314282.10.6",
                  "inst": "u",
                  "f": {
                    "lang": "akk-x-neoass",
                    "form": "x-aš-šur",
                    "pos": "u"
                  }
                },
                {
                  "node": "d",
                  "type": "line-start",
                  "ref": "P314282.11",
                  "n": "10'",
                  "label": "10'"
                },
                {
                  "node": "l",
                  "frag": "[x",
                  "id": "P314282.l05fa3",
                  "ref": "P314282.11.1",
                  "inst": "u",
                  "f": {
                    "lang": "akk-x-neoass",
                    "form": "x",
                    "pos": "u"
                  }
                },
                {
                  "node": "l",
                  "frag": "x",
                  "id": "P314282.l05fa4",
                  "ref": "P314282.11.2",
                  "inst": "u",
                  "f": {
                    "lang": "akk-x-neoass",
                    "form": "x",
                    "pos": "u"
                  }
                },
                {
                  "node": "l",
                  "frag": "x",
                  "id": "P314282.l05fa5",
                  "ref": "P314282.11.3",
                  "inst": "u",
                  "f": {
                    "lang": "akk-x-neoass",
                    "form": "x",
                    "pos": "u"
                  }
                },
                {
                  "node": "l",
                  "frag": "x",
                  "id": "P314282.l05fa6",
                  "ref": "P314282.11.4",
                  "inst": "u",
                  "f": {
                    "lang": "akk-x-neoass",
                    "form": "x",
                    "pos": "u"
                  }
                },
                {
                  "node": "l",
                  "frag": "{lu₂v}EN].⸢NAM⸣",
                  "id": "P314282.l05fa7",
                  "ref": "P314282.11.5",
                  "inst": "pāhutu[governor]N",
                  "sig": "@saao/saa01%akk-x-neoass:{LU₂}EN.NAM=pīhātu[responsibility//governor]N'N$pāhutu",
                  "f": {
                    "lang": "akk-x-neoass",
                    "form": "{LU₂}EN.NAM",
                    "cf": "pīhātu",
                    "gw": "responsibility",
                    "sense": "governor",
                    "norm": "pāhutu",
                    "pos": "N",
                    "epos": "N"
                  }
                },
                {
                  "node": "d",
                  "subtype": "reverse",
                  "type": "reverse",
                  "ref": "P314282.r.12",
                  "label": "r"
                },
                {
                  "node": "d",
                  "type": "line-start",
                  "ref": "P314282.13",
                  "n": "1",
                  "label": "r 1"
                },
                {
                  "node": "l",
                  "frag": "[x",
                  "id": "P314282.l05fa8",
                  "ref": "P314282.13.1",
                  "inst": "u",
                  "f": {
                    "lang": "akk-x-neoass",
                    "form": "x",
                    "pos": "u"
                  }
                },
                {
                  "node": "l",
                  "frag": "x",
                  "id": "P314282.l05fa9",
                  "ref": "P314282.13.2",
                  "inst": "u",
                  "f": {
                    "lang": "akk-x-neoass",
                    "form": "x",
                    "pos": "u"
                  }
                },
                {
                  "node": "l",
                  "frag": "x",
                  "id": "P314282.l05faa",
                  "ref": "P314282.13.3",
                  "inst": "u",
                  "f": {
                    "lang": "akk-x-neoass",
                    "form": "x",
                    "pos": "u"
                  }
                },
                {
                  "node": "l",
                  "frag": "{1}{d}PA]-⸢EN⸣-GIN",
                  "id": "P314282.l05fab",
                  "ref": "P314282.13.4",
                  "inst": "Nabu-belu-kaʾ'in[]PN$",
                  "sig": "@saao/saa01%akk-x-neoass:{1}{d}PA-EN-GIN=Nabu-belu-kaʾʾin[1//1]PN'PN$Nabu-belu-kaʾʾin",
                  "f": {
                    "lang": "akk-x-neoass",
                    "form": "{1}{d}PA-EN-GIN",
                    "cf": "Nabu-belu-kaʾʾin",
                    "gw": "1",
                    "sense": "1",
                    "norm": "Nabu-belu-kaʾʾin",
                    "pos": "PN",
                    "epos": "PN"
                  }
                },
                {
                  "node": "d",
                  "type": "line-start",
                  "ref": "P314282.14",
                  "n": "2",
                  "label": "r 2"
                },
                {
                  "node": "l",
                  "frag": "[x",
                  "id": "P314282.l05fac",
                  "ref": "P314282.14.1",
                  "inst": "u",
                  "f": {
                    "lang": "akk-x-neoass",
                    "form": "x",
                    "pos": "u"
                  }
                },
                {
                  "node": "l",
                  "frag": "x",
                  "id": "P314282.l05fad",
                  "ref": "P314282.14.2",
                  "inst": "u",
                  "f": {
                    "lang": "akk-x-neoass",
                    "form": "x",
                    "pos": "u"
                  }
                },
                {
                  "node": "l",
                  "frag": "x",
                  "id": "P314282.l05fae",
                  "ref": "P314282.14.3",
                  "inst": "u",
                  "f": {
                    "lang": "akk-x-neoass",
                    "form": "x",
                    "pos": "u"
                  }
                },
                {
                  "node": "l",
                  "frag": "x",
                  "id": "P314282.l05faf",
                  "ref": "P314282.14.4",
                  "inst": "u",
                  "f": {
                    "lang": "akk-x-neoass",
                    "form": "x",
                    "pos": "u"
                  }
                },
                {
                  "node": "l",
                  "frag": "x",
                  "id": "P314282.l05fb0",
                  "ref": "P314282.14.5",
                  "inst": "u",
                  "f": {
                    "lang": "akk-x-neoass",
                    "form": "x",
                    "pos": "u"
                  }
                },
                {
                  "node": "l",
                  "frag": "x]",
                  "id": "P314282.l05fb1",
                  "ref": "P314282.14.6",
                  "inst": "u",
                  "f": {
                    "lang": "akk-x-neoass",
                    "form": "x",
                    "pos": "u"
                  }
                },
                {
                  "node": "l",
                  "frag": "iš\\t-QAR-MEŠ\\m",
                  "id": "P314282.l05fb2",
                  "ref": "P314282.14.7",
                  "inst": "iškāru[work assignment]N$iškārāti",
                  "sig": "@saao/saa01%akk-x-neoass:iš-QAR-MEŠ=iškāru[work assignment//work assignment]N'N$iškārāti",
                  "f": {
                    "lang": "akk-x-neoass",
                    "form": "iš-QAR-MEŠ",
                    "cf": "iškāru",
                    "gw": "work assignment",
                    "sense": "work assignment",
                    "norm": "iškārāti",
                    "pos": "N",
                    "epos": "N"
                  }
                },
                {
                  "node": "d",
                  "type": "line-start",
                  "ref": "P314282.15",
                  "n": "3",
                  "label": "r 3"
                },
                {
                  "node": "l",
                  "frag": "[x",
                  "id": "P314282.l05fb3",
                  "ref": "P314282.15.1",
                  "inst": "u",
                  "f": {
                    "lang": "akk-x-neoass",
                    "form": "x",
                    "pos": "u"
                  }
                },
                {
                  "node": "l",
                  "frag": "x",
                  "id": "P314282.l05fb4",
                  "ref": "P314282.15.2",
                  "inst": "u",
                  "f": {
                    "lang": "akk-x-neoass",
                    "form": "x",
                    "pos": "u"
                  }
                },
                {
                  "node": "l",
                  "frag": "x",
                  "id": "P314282.l05fb5",
                  "ref": "P314282.15.3",
                  "inst": "u",
                  "f": {
                    "lang": "akk-x-neoass",
                    "form": "x",
                    "pos": "u"
                  }
                },
                {
                  "node": "l",
                  "frag": "x",
                  "id": "P314282.l05fb6",
                  "ref": "P314282.15.4",
                  "inst": "u",
                  "f": {
                    "lang": "akk-x-neoass",
                    "form": "x",
                    "pos": "u"
                  }
                },
                {
                  "node": "l",
                  "frag": "x",
                  "id": "P314282.l05fb7",
                  "ref": "P314282.15.5",
                  "inst": "u",
                  "f": {
                    "lang": "akk-x-neoass",
                    "form": "x",
                    "pos": "u"
                  }
                },
                {
                  "node": "l",
                  "frag": "x]",
                  "id": "P314282.l05fb8",
                  "ref": "P314282.15.6",
                  "inst": "u",
                  "f": {
                    "lang": "akk-x-neoass",
                    "form": "x",
                    "pos": "u"
                  }
                },
                {
                  "node": "l",
                  "frag": "E₂\\d.GAL",
                  "id": "P314282.l05fb9",
                  "ref": "P314282.15.7",
                  "inst": "ēkalli[palace]N",
                  "sig": "@saao/saa01%akk-x-neoass:E₂.GAL=ēkallu[palace//palace]N'N$ēkalli",
                  "f": {
                    "lang": "akk-x-neoass",
                    "form": "E₂.GAL",
                    "cf": "ēkallu",
                    "gw": "palace",
                    "sense": "palace",
                    "norm": "ēkalli",
                    "pos": "N",
                    "epos": "N"
                  }
                },
                {
                  "node": "d",
                  "type": "line-start",
                  "ref": "P314282.16",
                  "n": "4",
                  "label": "r 4"
                },
                {
                  "node": "l",
                  "frag": "[x",
                  "id": "P314282.l05fba",
                  "ref": "P314282.16.1",
                  "inst": "u",
                  "f": {
                    "lang": "akk-x-neoass",
                    "form": "x",
                    "pos": "u"
                  }
                },
                {
                  "node": "l",
                  "frag": "x",
                  "id": "P314282.l05fbb",
                  "ref": "P314282.16.2",
                  "inst": "u",
                  "f": {
                    "lang": "akk-x-neoass",
                    "form": "x",
                    "pos": "u"
                  }
                },
                {
                  "node": "l",
                  "frag": "x",
                  "id": "P314282.l05fbc",
                  "ref": "P314282.16.3",
                  "inst": "u",
                  "f": {
                    "lang": "akk-x-neoass",
                    "form": "x",
                    "pos": "u"
                  }
                },
                {
                  "node": "l",
                  "frag": "x",
                  "id": "P314282.l05fbd",
                  "ref": "P314282.16.4",
                  "inst": "u",
                  "f": {
                    "lang": "akk-x-neoass",
                    "form": "x",
                    "pos": "u"
                  }
                },
                {
                  "node": "l",
                  "frag": "x",
                  "id": "P314282.l05fbe",
                  "ref": "P314282.16.5",
                  "inst": "u",
                  "f": {
                    "lang": "akk-x-neoass",
                    "form": "x",
                    "pos": "u"
                  }
                },
                {
                  "node": "l",
                  "frag": "x]+⸢x⸣-da-mur",
                  "id": "P314282.l05fbf",
                  "ref": "P314282.16.6",
                  "inst": "u",
                  "f": {
                    "lang": "akk-x-neoass",
                    "form": "x+x-da-mur",
                    "pos": "u"
                  }
                },
                {
                  "node": "d",
                  "type": "line-start",
                  "ref": "P314282.17",
                  "n": "5",
                  "label": "r 5"
                },
                {
                  "node": "l",
                  "frag": "[x",
                  "id": "P314282.l05fc0",
                  "ref": "P314282.17.1",
                  "inst": "u",
                  "f": {
                    "lang": "akk-x-neoass",
                    "form": "x",
                    "pos": "u"
                  }
                },
                {
                  "node": "l",
                  "frag": "x",
                  "id": "P314282.l05fc1",
                  "ref": "P314282.17.2",
                  "inst": "u",
                  "f": {
                    "lang": "akk-x-neoass",
                    "form": "x",
                    "pos": "u"
                  }
                },
                {
                  "node": "l",
                  "frag": "x",
                  "id": "P314282.l05fc2",
                  "ref": "P314282.17.3",
                  "inst": "u",
                  "f": {
                    "lang": "akk-x-neoass",
                    "form": "x",
                    "pos": "u"
                  }
                },
                {
                  "node": "l",
                  "frag": "x",
                  "id": "P314282.l05fc3",
                  "ref": "P314282.17.4",
                  "inst": "u",
                  "f": {
                    "lang": "akk-x-neoass",
                    "form": "x",
                    "pos": "u"
                  }
                },
                {
                  "node": "l",
                  "frag": "x",
                  "id": "P314282.l05fc4",
                  "ref": "P314282.17.5",
                  "inst": "u",
                  "f": {
                    "lang": "akk-x-neoass",
                    "form": "x",
                    "pos": "u"
                  }
                },
                {
                  "node": "l",
                  "frag": "x]-⸢i⸣-du",
                  "id": "P314282.l05fc5",
                  "ref": "P314282.17.6",
                  "inst": "u",
                  "f": {
                    "lang": "akk-x-neoass",
                    "form": "x-i-du",
                    "pos": "u"
                  }
                },
                {
                  "node": "d",
                  "type": "line-start",
                  "ref": "P314282.18",
                  "n": "6",
                  "label": "r 6"
                },
                {
                  "node": "l",
                  "frag": "[x",
                  "id": "P314282.l05fc6",
                  "ref": "P314282.18.1",
                  "inst": "u",
                  "f": {
                    "lang": "akk-x-neoass",
                    "form": "x",
                    "pos": "u"
                  }
                },
                {
                  "node": "l",
                  "frag": "x",
                  "id": "P314282.l05fc7",
                  "ref": "P314282.18.2",
                  "inst": "u",
                  "f": {
                    "lang": "akk-x-neoass",
                    "form": "x",
                    "pos": "u"
                  }
                },
                {
                  "node": "l",
                  "frag": "x",
                  "id": "P314282.l05fc8",
                  "ref": "P314282.18.3",
                  "inst": "u",
                  "f": {
                    "lang": "akk-x-neoass",
                    "form": "x",
                    "pos": "u"
                  }
                },
                {
                  "node": "l",
                  "frag": "x",
                  "id": "P314282.l05fc9",
                  "ref": "P314282.18.4",
                  "inst": "u",
                  "f": {
                    "lang": "akk-x-neoass",
                    "form": "x",
                    "pos": "u"
                  }
                },
                {
                  "node": "l",
                  "frag": "u₂]-⸢se⸣-šib-šu₂-nu",
                  "id": "P314282.l05fca",
                  "ref": "P314282.18.5",
                  "inst": "ašābu[sit (down)//settle]V$ussēšibšunu",
                  "sig": "@saao/saa01%akk-x-neoass:u₂-se-šib-šu₂-nu=ašābu[sit (down)//settle]V'V$ussēšibšunu",
                  "f": {
                    "lang": "akk-x-neoass",
                    "form": "u₂-se-šib-šu₂-nu",
                    "cf": "ašābu",
                    "gw": "sit (down)",
                    "sense": "settle",
                    "norm": "ussēšibšunu",
                    "pos": "V",
                    "epos": "V"
                  }
                },
                {
                  "node": "d",
                  "type": "line-start",
                  "ref": "P314282.19",
                  "n": "7",
                  "label": "r 7"
                },
                {
                  "node": "l",
                  "frag": "[x",
                  "id": "P314282.l05fcb",
                  "ref": "P314282.19.1",
                  "inst": "u",
                  "f": {
                    "lang": "akk-x-neoass",
                    "form": "x",
                    "pos": "u"
                  }
                },
                {
                  "node": "l",
                  "frag": "x",
                  "id": "P314282.l05fcc",
                  "ref": "P314282.19.2",
                  "inst": "u",
                  "f": {
                    "lang": "akk-x-neoass",
                    "form": "x",
                    "pos": "u"
                  }
                },
                {
                  "node": "l",
                  "frag": "x",
                  "id": "P314282.l05fcd",
                  "ref": "P314282.19.3",
                  "inst": "u",
                  "f": {
                    "lang": "akk-x-neoass",
                    "form": "x",
                    "pos": "u"
                  }
                },
                {
                  "node": "l",
                  "frag": "x",
                  "id": "P314282.l05fce",
                  "ref": "P314282.19.4",
                  "inst": "u",
                  "f": {
                    "lang": "akk-x-neoass",
                    "form": "x",
                    "pos": "u"
                  }
                },
                {
                  "node": "l",
                  "frag": "x]-ab-at",
                  "id": "P314282.l05fcf",
                  "ref": "P314282.19.5",
                  "inst": "u",
                  "f": {
                    "lang": "akk-x-neoass",
                    "form": "x-ab-at",
                    "pos": "u"
                  }
                },
                {
                  "node": "d",
                  "type": "line-start",
                  "ref": "P314282.20",
                  "n": "8",
                  "label": "r 8"
                },
                {
                  "node": "l",
                  "frag": "[x",
                  "id": "P314282.l05fd0",
                  "ref": "P314282.20.1",
                  "inst": "u",
                  "f": {
                    "lang": "akk-x-neoass",
                    "form": "x",
                    "pos": "u"
                  }
                },
                {
                  "node": "l",
                  "frag": "x",
                  "id": "P314282.l05fd1",
                  "ref": "P314282.20.2",
                  "inst": "u",
                  "f": {
                    "lang": "akk-x-neoass",
                    "form": "x",
                    "pos": "u"
                  }
                },
                {
                  "node": "l",
                  "frag": "x",
                  "id": "P314282.l05fd2",
                  "ref": "P314282.20.3",
                  "inst": "u",
                  "f": {
                    "lang": "akk-x-neoass",
                    "form": "x",
                    "pos": "u"
                  }
                },
                {
                  "node": "l",
                  "frag": "x",
                  "id": "P314282.l05fd3",
                  "ref": "P314282.20.4",
                  "inst": "u",
                  "f": {
                    "lang": "akk-x-neoass",
                    "form": "x",
                    "pos": "u"
                  }
                },
                {
                  "node": "l",
                  "frag": "be]-⸢li₂⸣",
                  "id": "P314282.l05fd4",
                  "ref": "P314282.20.5",
                  "inst": "bēlī[lord]N",
                  "sig": "@saao/saa01%akk-x-neoass:be-li₂=bēlu[lord//lord]N'N$bēlī",
                  "f": {
                    "lang": "akk-x-neoass",
                    "form": "be-li₂",
                    "cf": "bēlu",
                    "gw": "lord",
                    "sense": "lord",
                    "norm": "bēlī",
                    "pos": "N",
                    "epos": "N"
                  }
                },
                {
                  "node": "l",
                  "frag": "u₂\\m-da",
                  "id": "P314282.l05fd5",
                  "ref": "P314282.20.6",
                  "inst": "ūda[know]V",
                  "sig": "@saao/saa01%akk-x-neoass:u₂-da=wadû[know//know]V'V$ūda",
                  "f": {
                    "lang": "akk-x-neoass",
                    "form": "u₂-da",
                    "cf": "wadû",
                    "gw": "know",
                    "sense": "know",
                    "norm": "ūda",
                    "pos": "V",
                    "epos": "V"
                  }
                },
                {
                  "node": "d",
                  "type": "line-start",
                  "ref": "P314282.21",
                  "n": "9",
                  "label": "r 9"
                },
                {
                  "node": "l",
                  "frag": "[x",
                  "id": "P314282.l05fd6",
                  "ref": "P314282.21.1",
                  "inst": "u",
                  "f": {
                    "lang": "akk-x-neoass",
                    "form": "x",
                    "pos": "u"
                  }
                },
                {
                  "node": "l",
                  "frag": "x",
                  "id": "P314282.l05fd7",
                  "ref": "P314282.21.2",
                  "inst": "u",
                  "f": {
                    "lang": "akk-x-neoass",
                    "form": "x",
                    "pos": "u"
                  }
                },
                {
                  "node": "l",
                  "frag": "x",
                  "id": "P314282.l05fd8",
                  "ref": "P314282.21.3",
                  "inst": "u",
                  "f": {
                    "lang": "akk-x-neoass",
                    "form": "x",
                    "pos": "u"
                  }
                },
                {
                  "node": "l",
                  "frag": "x",
                  "id": "P314282.l05fd9",
                  "ref": "P314282.21.4",
                  "inst": "u",
                  "f": {
                    "lang": "akk-x-neoass",
                    "form": "x",
                    "pos": "u"
                  }
                },
                {
                  "node": "l",
                  "frag": "x]",
                  "id": "P314282.l05fda",
                  "ref": "P314282.21.5",
                  "inst": "u",
                  "f": {
                    "lang": "akk-x-neoass",
                    "form": "x",
                    "pos": "u"
                  }
                },
                {
                  "node": "l",
                  "frag": "{lu₂v}GAL-MEŠ\\m",
                  "id": "P314282.l05fdb",
                  "ref": "P314282.21.6",
                  "inst": "rabiūti[magnate]N",
                  "sig": "@saao/saa01%akk-x-neoass:{LU₂}GAL-MEŠ=rabiu[big one//magnate]N'N$rabiūti",
                  "f": {
                    "lang": "akk-x-neoass",
                    "form": "{LU₂}GAL-MEŠ",
                    "cf": "rabiu",
                    "gw": "big one",
                    "sense": "magnate",
                    "norm": "rabiūti",
                    "pos": "N",
                    "epos": "N"
                  }
                },
                {
                  "node": "d",
                  "type": "line-start",
                  "ref": "P314282.22",
                  "n": "10",
                  "label": "r 10"
                },
                {
                  "node": "l",
                  "frag": "[x",
                  "id": "P314282.l05fdc",
                  "ref": "P314282.22.1",
                  "inst": "u",
                  "f": {
                    "lang": "akk-x-neoass",
                    "form": "x",
                    "pos": "u"
                  }
                },
                {
                  "node": "l",
                  "frag": "x",
                  "id": "P314282.l05fdd",
                  "ref": "P314282.22.2",
                  "inst": "u",
                  "f": {
                    "lang": "akk-x-neoass",
                    "form": "x",
                    "pos": "u"
                  }
                },
                {
                  "node": "l",
                  "frag": "x",
                  "id": "P314282.l05fde",
                  "ref": "P314282.22.3",
                  "inst": "u",
                  "f": {
                    "lang": "akk-x-neoass",
                    "form": "x",
                    "pos": "u"
                  }
                },
                {
                  "node": "l",
                  "frag": "x",
                  "id": "P314282.l05fdf",
                  "ref": "P314282.22.4",
                  "inst": "u",
                  "f": {
                    "lang": "akk-x-neoass",
                    "form": "x",
                    "pos": "u"
                  }
                },
                {
                  "node": "l",
                  "frag": "x]",
                  "id": "P314282.l05fe0",
                  "ref": "P314282.22.5",
                  "inst": "u",
                  "f": {
                    "lang": "akk-x-neoass",
                    "form": "x",
                    "pos": "u"
                  }
                },
                {
                  "node": "l",
                  "frag": "⸢MU⸣.AN.NA",
                  "id": "P314282.l05fe1",
                  "ref": "P314282.22.6",
                  "inst": "šattu[year]N",
                  "sig": "@saao/saa01%akk-x-neoass:MU.AN.NA=šattu[year//year]N'N$šattu",
                  "f": {
                    "lang": "akk-x-neoass",
                    "form": "MU.AN.NA",
                    "cf": "šattu",
                    "gw": "year",
                    "sense": "year",
                    "norm": "šattu",
                    "pos": "N",
                    "epos": "N"
                  }
                },
                {
                  "node": "d",
                  "type": "line-start",
                  "ref": "P314282.23",
                  "n": "11",
                  "label": "r 11"
                },
                {
                  "node": "l",
                  "frag": "[x",
                  "id": "P314282.l05fe2",
                  "ref": "P314282.23.1",
                  "inst": "u",
                  "f": {
                    "lang": "akk-x-neoass",
                    "form": "x",
                    "pos": "u"
                  }
                },
                {
                  "node": "l",
                  "frag": "x",
                  "id": "P314282.l05fe3",
                  "ref": "P314282.23.2",
                  "inst": "u",
                  "f": {
                    "lang": "akk-x-neoass",
                    "form": "x",
                    "pos": "u"
                  }
                },
                {
                  "node": "l",
                  "frag": "x",
                  "id": "P314282.l05fe4",
                  "ref": "P314282.23.3",
                  "inst": "u",
                  "f": {
                    "lang": "akk-x-neoass",
                    "form": "x",
                    "pos": "u"
                  }
                },
                {
                  "node": "l",
                  "frag": "x",
                  "id": "P314282.l05fe5",
                  "ref": "P314282.23.4",
                  "inst": "u",
                  "f": {
                    "lang": "akk-x-neoass",
                    "form": "x",
                    "pos": "u"
                  }
                },
                {
                  "node": "l",
                  "frag": "x",
                  "id": "P314282.l05fe6",
                  "ref": "P314282.23.5",
                  "inst": "u",
                  "f": {
                    "lang": "akk-x-neoass",
                    "form": "x",
                    "pos": "u"
                  }
                },
                {
                  "node": "l",
                  "frag": "x]",
                  "id": "P314282.l05fe7",
                  "ref": "P314282.23.6",
                  "inst": "u",
                  "f": {
                    "lang": "akk-x-neoass",
                    "form": "x",
                    "pos": "u"
                  }
                },
                {
                  "node": "l",
                  "frag": "⸢re⸣-še",
                  "id": "P314282.l05fe8",
                  "ref": "P314282.23.7",
                  "inst": "u",
                  "f": {
                    "lang": "akk-x-neoass",
                    "form": "re-še",
                    "pos": "u"
                  }
                },
                {
                  "node": "d",
                  "type": "nonx",
                  "ref": "P314282.24",
                  "strict": "0",
                  "extent": "rest",
                  "state": "missing"
                }
              ]
            }
          ]
        }
      ]
    }
  ]
}
