{
  "type": "cdl",
  "source": "http://oracc.org/saao/saa01",
  "license": "This data is released under the CC0 license",
  "license-url": "https://creativecommons.org/publicdomain/zero/1.0/",
  "more-info": "http://oracc.org/doc/opendata/",
  "UTC-timestamp": "2017-06-10T00:36:49",
  "project": "saao/saa01",
  "textid": "P334144",
  "cdl": [
    {
      "node": "c",
      "type": "text",
      "id": "P334144.U0",
      "cdl": [
        {
          "node": "d",
          "type": "object",
          "ref": ""
        },
        {
          "node": "d",
          "subtype": "obverse",
          "type": "obverse",
          "ref": "P334144.o.1",
          "label": "o"
        },
        {
          "node": "c",
          "type": "discourse",
          "subtype": "body",
          "id": "P334144.U1",
          "cdl": [
            {
              "node": "c",
              "type": "sentence",
              "id": "P334144.U2",
              "label": "o 1 - o 7",
              "cdl": [
                {
                  "node": "d",
                  "type": "line-start",
                  "ref": "P334144.2",
                  "n": "1",
                  "label": "o 1"
                },
                {
                  "node": "l",
                  "frag": "a-na\\t",
                  "id": "P334144.l015f9",
                  "ref": "P334144.2.1",
                  "inst": "ana[to]PRP",
                  "sig": "@saao/saa01%akk-x-neoass:a-na=ana[to//to]PRP'PRP$ana",
                  "f": {
                    "lang": "akk-x-neoass",
                    "form": "a-na",
                    "cf": "ana",
                    "gw": "to",
                    "sense": "to",
                    "norm": "ana",
                    "pos": "PRP",
                    "epos": "PRP"
                  }
                },
                {
                  "node": "l",
                  "frag": "LUGAL",
                  "id": "P334144.l015fa",
                  "ref": "P334144.2.2",
                  "inst": "šarri[king]N",
                  "sig": "@saao/saa01%akk-x-neoass:LUGAL=šarru[king//king]N'N$šarri",
                  "f": {
                    "lang": "akk-x-neoass",
                    "form": "LUGAL",
                    "cf": "šarru",
                    "gw": "king",
                    "sense": "king",
                    "norm": "šarri",
                    "pos": "N",
                    "epos": "N"
                  }
                },
                {
                  "node": "l",
                  "frag": "EN-ia",
                  "id": "P334144.l015fb",
                  "ref": "P334144.2.3",
                  "inst": "bēlīya[lord]N",
                  "sig": "@saao/saa01%akk-x-neoass:EN-ia=bēlu[lord//lord]N'N$bēlīya",
                  "f": {
                    "lang": "akk-x-neoass",
                    "form": "EN-ia",
                    "cf": "bēlu",
                    "gw": "lord",
                    "sense": "lord",
                    "norm": "bēlīya",
                    "pos": "N",
                    "epos": "N"
                  }
                },
                {
                  "node": "d",
                  "type": "line-start",
                  "ref": "P334144.3",
                  "n": "2",
                  "label": "o 2"
                },
                {
                  "node": "l",
                  "frag": "ARAD-ka",
                  "id": "P334144.l015fc",
                  "ref": "P334144.3.1",
                  "inst": "urdaka[servant]N",
                  "sig": "@saao/saa01%akk-x-neoass:ARAD-ka=ardu[slave//servant]N'N$urdaka",
                  "f": {
                    "lang": "akk-x-neoass",
                    "form": "ARAD-ka",
                    "cf": "ardu",
                    "gw": "slave",
                    "sense": "servant",
                    "norm": "urdaka",
                    "pos": "N",
                    "epos": "N"
                  }
                },
                {
                  "node": "l",
                  "frag": "{1}30--PAB-MEŠ-SU",
                  "id": "P334144.l015fd",
                  "ref": "P334144.3.2",
                  "inst": "Sin-ahhe-eriba[Sennacherib]PN",
                  "sig": "@saao/saa01%akk-x-neoass:{1}30-PAB-MEŠ-SU=Sin-ahhe-eriba[Sennacherib//Sennacherib]PN'PN$Sin-ahhe-eriba",
                  "f": {
                    "lang": "akk-x-neoass",
                    "form": "{1}30-PAB-MEŠ-SU",
                    "cf": "Sin-ahhe-eriba",
                    "gw": "Sennacherib",
                    "sense": "Sennacherib",
                    "norm": "Sin-ahhe-eriba",
                    "pos": "PN",
                    "epos": "PN"
                  }
                },
                {
                  "node": "d",
                  "type": "line-start",
                  "ref": "P334144.4",
                  "n": "3",
                  "label": "o 3"
                },
                {
                  "node": "l",
                  "frag": "lu",
                  "id": "P334144.l015fe",
                  "ref": "P334144.4.1",
                  "inst": "lū[may]MOD",
                  "sig": "@saao/saa01%akk-x-neoass:lu=lū[may//may]MOD'MOD$lū",
                  "f": {
                    "lang": "akk-x-neoass",
                    "form": "lu",
                    "cf": "lū",
                    "gw": "may",
                    "sense": "may",
                    "norm": "lū",
                    "pos": "MOD",
                    "epos": "MOD"
                  }
                },
                {
                  "node": "l",
                  "frag": "DI-mu",
                  "id": "P334144.l015ff",
                  "ref": "P334144.4.2",
                  "inst": "šulmu[health]N",
                  "sig": "@saao/saa01%akk-x-neoass:DI-mu=šulmu[completeness//health]N'N$šulmu",
                  "f": {
                    "lang": "akk-x-neoass",
                    "form": "DI-mu",
                    "cf": "šulmu",
                    "gw": "completeness",
                    "sense": "health",
                    "norm": "šulmu",
                    "pos": "N",
                    "epos": "N"
                  }
                },
                {
                  "node": "l",
                  "frag": "a-na",
                  "id": "P334144.l01600",
                  "ref": "P334144.4.3",
                  "inst": "ana[to]PRP",
                  "sig": "@saao/saa01%akk-x-neoass:a-na=ana[to//to]PRP'PRP$ana",
                  "f": {
                    "lang": "akk-x-neoass",
                    "form": "a-na",
                    "cf": "ana",
                    "gw": "to",
                    "sense": "to",
                    "norm": "ana",
                    "pos": "PRP",
                    "epos": "PRP"
                  }
                },
                {
                  "node": "l",
                  "frag": "LUGAL",
                  "id": "P334144.l01601",
                  "ref": "P334144.4.4",
                  "inst": "šarri[king]N",
                  "sig": "@saao/saa01%akk-x-neoass:LUGAL=šarru[king//king]N'N$šarri",
                  "f": {
                    "lang": "akk-x-neoass",
                    "form": "LUGAL",
                    "cf": "šarru",
                    "gw": "king",
                    "sense": "king",
                    "norm": "šarri",
                    "pos": "N",
                    "epos": "N"
                  }
                },
                {
                  "node": "l",
                  "frag": "EN-ia",
                  "id": "P334144.l01602",
                  "ref": "P334144.4.5",
                  "inst": "bēlīya[lord]N",
                  "sig": "@saao/saa01%akk-x-neoass:EN-ia=bēlu[lord//lord]N'N$bēlīya",
                  "f": {
                    "lang": "akk-x-neoass",
                    "form": "EN-ia",
                    "cf": "bēlu",
                    "gw": "lord",
                    "sense": "lord",
                    "norm": "bēlīya",
                    "pos": "N",
                    "epos": "N"
                  }
                },
                {
                  "node": "d",
                  "type": "line-start",
                  "ref": "P334144.5",
                  "n": "4",
                  "label": "o 4"
                },
                {
                  "node": "l",
                  "frag": "DI-mu",
                  "id": "P334144.l01603",
                  "ref": "P334144.5.1",
                  "inst": "šulmu[health]N",
                  "sig": "@saao/saa01%akk-x-neoass:DI-mu=šulmu[completeness//health]N'N$šulmu",
                  "f": {
                    "lang": "akk-x-neoass",
                    "form": "DI-mu",
                    "cf": "šulmu",
                    "gw": "completeness",
                    "sense": "health",
                    "norm": "šulmu",
                    "pos": "N",
                    "epos": "N"
                  }
                },
                {
                  "node": "l",
                  "frag": "a-na",
                  "id": "P334144.l01604",
                  "ref": "P334144.5.2",
                  "inst": "ana[to]PRP",
                  "sig": "@saao/saa01%akk-x-neoass:a-na=ana[to//to]PRP'PRP$ana",
                  "f": {
                    "lang": "akk-x-neoass",
                    "form": "a-na",
                    "cf": "ana",
                    "gw": "to",
                    "sense": "to",
                    "norm": "ana",
                    "pos": "PRP",
                    "epos": "PRP"
                  }
                },
                {
                  "node": "l",
                  "frag": "KUR-aš-šur{[ki]}",
                  "id": "P334144.l01605",
                  "ref": "P334144.5.3",
                  "cof-tails": "P334144.l01606",
                  "inst": "mātu[land]N$māt&Aššur[1]DN$",
                  "sig": "@saao%akk-x-neoass:KUR-aš-šur{KI}=mātu[land//land]N'N$māt&&@saao%akk-x-neoass:=Aššur[1//1]DN'DN$Aššur",
                  "f": {
                    "lang": "akk-x-neoass",
                    "form": "KUR-aš-šur{KI}",
                    "cf": "mātu",
                    "gw": "land",
                    "sense": "land",
                    "norm": "māt",
                    "pos": "N",
                    "epos": "N"
                  }
                },
                {
                  "node": "l",
                  "frag": "KUR-aš-šur{[ki]}",
                  "id": "P334144.l01606",
                  "ref": "P334144.5.3",
                  "cof-head": "P334144.l01605",
                  "inst": "mātu[land]N$māt&Aššur[1]DN$",
                  "f": {
                    "lang": "akk-x-neoass",
                    "form": "KUR-aš-šur{KI}",
                    "cf": "Aššur",
                    "gw": "1",
                    "sense": "1",
                    "norm": "Aššur",
                    "pos": "DN",
                    "epos": "DN"
                  }
                },
                {
                  "node": "d",
                  "type": "line-start",
                  "ref": "P334144.6",
                  "n": "5",
                  "label": "o 5"
                },
                {
                  "node": "l",
                  "frag": "[DI]-mu",
                  "id": "P334144.l01607",
                  "ref": "P334144.6.1",
                  "inst": "šulmu[health]N",
                  "sig": "@saao/saa01%akk-x-neoass:DI-mu=šulmu[completeness//health]N'N$šulmu",
                  "f": {
                    "lang": "akk-x-neoass",
                    "form": "DI-mu",
                    "cf": "šulmu",
                    "gw": "completeness",
                    "sense": "health",
                    "norm": "šulmu",
                    "pos": "N",
                    "epos": "N"
                  }
                },
                {
                  "node": "l",
                  "frag": "a-na",
                  "id": "P334144.l01608",
                  "ref": "P334144.6.2",
                  "inst": "ana[to]PRP",
                  "sig": "@saao/saa01%akk-x-neoass:a-na=ana[to//to]PRP'PRP$ana",
                  "f": {
                    "lang": "akk-x-neoass",
                    "form": "a-na",
                    "cf": "ana",
                    "gw": "to",
                    "sense": "to",
                    "norm": "ana",
                    "pos": "PRP",
                    "epos": "PRP"
                  }
                },
                {
                  "node": "l",
                  "frag": "E₂.KUR-MEŠ-[te]",
                  "id": "P334144.l01609",
                  "ref": "P334144.6.3",
                  "inst": "ēkurrāte[temple]N",
                  "sig": "@saao/saa01%akk-x-neoass:E₂.KUR-MEŠ-te=ēkurru[temple//temple]N'N$ēkurrāte",
                  "f": {
                    "lang": "akk-x-neoass",
                    "form": "E₂.KUR-MEŠ-te",
                    "cf": "ēkurru",
                    "gw": "temple",
                    "sense": "temple",
                    "norm": "ēkurrāte",
                    "pos": "N",
                    "epos": "N"
                  }
                },
                {
                  "node": "d",
                  "type": "line-start",
                  "ref": "P334144.7",
                  "n": "6",
                  "label": "o 6"
                },
                {
                  "node": "l",
                  "frag": "[DI-mu",
                  "id": "P334144.l0160a",
                  "ref": "P334144.7.1",
                  "inst": "šulmu[health]N",
                  "sig": "@saao/saa01%akk-x-neoass:DI-mu=šulmu[completeness//health]N'N$šulmu",
                  "f": {
                    "lang": "akk-x-neoass",
                    "form": "DI-mu",
                    "cf": "šulmu",
                    "gw": "completeness",
                    "sense": "health",
                    "norm": "šulmu",
                    "pos": "N",
                    "epos": "N"
                  }
                },
                {
                  "node": "l",
                  "frag": "a-na]",
                  "id": "P334144.l0160b",
                  "ref": "P334144.7.2",
                  "inst": "ana[to]PRP",
                  "sig": "@saao/saa01%akk-x-neoass:a-na=ana[to//to]PRP'PRP$ana",
                  "f": {
                    "lang": "akk-x-neoass",
                    "form": "a-na",
                    "cf": "ana",
                    "gw": "to",
                    "sense": "to",
                    "norm": "ana",
                    "pos": "PRP",
                    "epos": "PRP"
                  }
                },
                {
                  "node": "l",
                  "frag": "{⸢uru⸣}[bi]-rat",
                  "id": "P334144.l0160c",
                  "ref": "P334144.7.3",
                  "inst": "bīrāt[fort]N",
                  "sig": "@saao/saa01%akk-x-neoass:{URU}bi-rat=birtu[fort//fort]N'N$bīrāt",
                  "f": {
                    "lang": "akk-x-neoass",
                    "form": "{URU}bi-rat",
                    "cf": "birtu",
                    "gw": "fort",
                    "sense": "fort",
                    "norm": "bīrāt",
                    "pos": "N",
                    "epos": "N"
                  }
                },
                {
                  "node": "l",
                  "frag": "ša",
                  "id": "P334144.l0160d",
                  "ref": "P334144.7.4",
                  "inst": "ša[of]DET",
                  "sig": "@saao/saa01%akk-x-neoass:ša=ša[of//of]DET'DET$ša",
                  "f": {
                    "lang": "akk-x-neoass",
                    "form": "ša",
                    "cf": "ša",
                    "gw": "of",
                    "sense": "of",
                    "norm": "ša",
                    "pos": "DET",
                    "epos": "DET"
                  }
                },
                {
                  "node": "l",
                  "frag": "[LUGAL",
                  "id": "P334144.l0160e",
                  "ref": "P334144.7.5",
                  "inst": "šarri[king]N",
                  "sig": "@saao/saa01%akk-x-neoass:LUGAL=šarru[king//king]N'N$šarri",
                  "f": {
                    "lang": "akk-x-neoass",
                    "form": "LUGAL",
                    "cf": "šarru",
                    "gw": "king",
                    "sense": "king",
                    "norm": "šarri",
                    "pos": "N",
                    "epos": "N"
                  }
                },
                {
                  "node": "l",
                  "frag": "gab-bu]",
                  "id": "P334144.l0160f",
                  "ref": "P334144.7.6",
                  "inst": "gabbu[all]N",
                  "sig": "@saao/saa01%akk-x-neoass:gab-bu=gabbu[totality//all]N'N$gabbu",
                  "f": {
                    "lang": "akk-x-neoass",
                    "form": "gab-bu",
                    "cf": "gabbu",
                    "gw": "totality",
                    "sense": "all",
                    "norm": "gabbu",
                    "pos": "N",
                    "epos": "N"
                  }
                },
                {
                  "node": "d",
                  "type": "line-start",
                  "ref": "P334144.8",
                  "n": "7",
                  "label": "o 7"
                },
                {
                  "node": "l",
                  "frag": "[lib-bu",
                  "id": "P334144.l01610",
                  "ref": "P334144.8.1",
                  "inst": "libbu[mood]N",
                  "sig": "@saao/saa01%akk-x-neoass:lib-bu=libbu[interior//mood]N'N$libbu",
                  "f": {
                    "lang": "akk-x-neoass",
                    "form": "lib-bu",
                    "cf": "libbu",
                    "gw": "interior",
                    "sense": "mood",
                    "norm": "libbu",
                    "pos": "N",
                    "epos": "N"
                  }
                },
                {
                  "node": "l",
                  "frag": "ša",
                  "id": "P334144.l01611",
                  "ref": "P334144.8.2",
                  "inst": "ša[of]DET",
                  "sig": "@saao/saa01%akk-x-neoass:ša=ša[of//of]DET'DET$ša",
                  "f": {
                    "lang": "akk-x-neoass",
                    "form": "ša",
                    "cf": "ša",
                    "gw": "of",
                    "sense": "of",
                    "norm": "ša",
                    "pos": "DET",
                    "epos": "DET"
                  }
                },
                {
                  "node": "l",
                  "frag": "LUGAL]",
                  "id": "P334144.l01612",
                  "ref": "P334144.8.3",
                  "inst": "šarri[king]N",
                  "sig": "@saao/saa01%akk-x-neoass:LUGAL=šarru[king//king]N'N$šarri",
                  "f": {
                    "lang": "akk-x-neoass",
                    "form": "LUGAL",
                    "cf": "šarru",
                    "gw": "king",
                    "sense": "king",
                    "norm": "šarri",
                    "pos": "N",
                    "epos": "N"
                  }
                },
                {
                  "node": "l",
                  "frag": "⸢EN⸣-ia",
                  "id": "P334144.l01613",
                  "ref": "P334144.8.4",
                  "inst": "bēlīya[lord]N",
                  "sig": "@saao/saa01%akk-x-neoass:EN-ia=bēlu[lord//lord]N'N$bēlīya",
                  "f": {
                    "lang": "akk-x-neoass",
                    "form": "EN-ia",
                    "cf": "bēlu",
                    "gw": "lord",
                    "sense": "lord",
                    "norm": "bēlīya",
                    "pos": "N",
                    "epos": "N"
                  }
                },
                {
                  "node": "l",
                  "frag": "[a-dan-niš",
                  "id": "P334144.l01614",
                  "ref": "P334144.8.5",
                  "inst": "adanniš[very much]AV",
                  "sig": "@saao/saa01%akk-x-neoass:a-dan-niš=adanniš[very much//very much]AV'AV$adanniš",
                  "f": {
                    "lang": "akk-x-neoass",
                    "form": "a-dan-niš",
                    "cf": "adanniš",
                    "gw": "very much",
                    "sense": "very much",
                    "norm": "adanniš",
                    "pos": "AV",
                    "epos": "AV"
                  }
                },
                {
                  "node": "l",
                  "frag": "lu",
                  "id": "P334144.l01615",
                  "ref": "P334144.8.6",
                  "inst": "lū[may]MOD",
                  "sig": "@saao/saa01%akk-x-neoass:lu=lū[may//may]MOD'MOD$lū",
                  "f": {
                    "lang": "akk-x-neoass",
                    "form": "lu",
                    "cf": "lū",
                    "gw": "may",
                    "sense": "may",
                    "norm": "lū",
                    "pos": "MOD",
                    "epos": "MOD"
                  }
                },
                {
                  "node": "l",
                  "frag": "DUG₃.GA]",
                  "id": "P334144.l01616",
                  "ref": "P334144.8.7",
                  "inst": "ṭāb[good]AJ",
                  "sig": "@saao/saa01%akk-x-neoass:DUG₃.GA=ṭābu[good//good]AJ'AJ$ṭāb",
                  "f": {
                    "lang": "akk-x-neoass",
                    "form": "DUG₃.GA",
                    "cf": "ṭābu",
                    "gw": "good",
                    "sense": "good",
                    "norm": "ṭāb",
                    "pos": "AJ",
                    "epos": "AJ"
                  }
                },
                {
                  "node": "d",
                  "type": "nonx",
                  "ref": "P334144.9",
                  "strict": "0",
                  "extent": "rest",
                  "state": "other"
                },
                {
                  "node": "d",
                  "subtype": "reverse",
                  "type": "reverse",
                  "ref": "P334144.r.10",
                  "label": "r"
                },
                {
                  "node": "d",
                  "type": "nonx",
                  "ref": "P334144.11",
                  "strict": "0",
                  "state": "other"
                }
              ]
            }
          ]
        }
      ]
    }
  ]
}
