{
  "type": "cdl",
  "source": "http://oracc.org/saao/saa01",
  "license": "This data is released under the CC0 license",
  "license-url": "https://creativecommons.org/publicdomain/zero/1.0/",
  "more-info": "http://oracc.org/doc/opendata/",
  "UTC-timestamp": "2017-06-10T00:36:49",
  "project": "saao/saa01",
  "textid": "P334804",
  "cdl": [
    {
      "node": "c",
      "type": "text",
      "id": "P334804.U0",
      "cdl": [
        {
          "node": "d",
          "type": "object",
          "ref": ""
        },
        {
          "node": "d",
          "subtype": "obverse",
          "type": "obverse",
          "ref": "P334804.o.1",
          "label": "o"
        },
        {
          "node": "c",
          "type": "discourse",
          "subtype": "body",
          "id": "P334804.U1",
          "cdl": [
            {
              "node": "c",
              "type": "sentence",
              "id": "P334804.U2",
              "label": "o 1 - o 12",
              "cdl": [
                {
                  "node": "d",
                  "type": "line-start",
                  "ref": "P334804.2",
                  "n": "1",
                  "label": "o 1"
                },
                {
                  "node": "l",
                  "frag": "[a]-⸢na⸣",
                  "id": "P334804.l04dff",
                  "ref": "P334804.2.1",
                  "inst": "ana[to]PRP",
                  "sig": "@saao/saa01%akk-x-neoass:a-na=ana[to//to]PRP'PRP$ana",
                  "f": {
                    "lang": "akk-x-neoass",
                    "form": "a-na",
                    "cf": "ana",
                    "gw": "to",
                    "sense": "to",
                    "norm": "ana",
                    "pos": "PRP",
                    "epos": "PRP"
                  }
                },
                {
                  "node": "l",
                  "frag": "[LUGAL",
                  "id": "P334804.l04e00",
                  "ref": "P334804.2.2",
                  "inst": "šarri[king]N",
                  "sig": "@saao/saa01%akk-x-neoass:LUGAL=šarru[king//king]N'N$šarri",
                  "f": {
                    "lang": "akk-x-neoass",
                    "form": "LUGAL",
                    "cf": "šarru",
                    "gw": "king",
                    "sense": "king",
                    "norm": "šarri",
                    "pos": "N",
                    "epos": "N"
                  }
                },
                {
                  "node": "l",
                  "frag": "EN-ia]",
                  "id": "P334804.l04e01",
                  "ref": "P334804.2.3",
                  "inst": "bēlīya[lord]N",
                  "sig": "@saao/saa01%akk-x-neoass:EN-ia=bēlu[lord//lord]N'N$bēlīya",
                  "f": {
                    "lang": "akk-x-neoass",
                    "form": "EN-ia",
                    "cf": "bēlu",
                    "gw": "lord",
                    "sense": "lord",
                    "norm": "bēlīya",
                    "pos": "N",
                    "epos": "N"
                  }
                },
                {
                  "node": "d",
                  "type": "line-start",
                  "ref": "P334804.3",
                  "n": "2",
                  "label": "o 2"
                },
                {
                  "node": "l",
                  "frag": "ARAD-ka",
                  "id": "P334804.l04e02",
                  "ref": "P334804.3.1",
                  "inst": "urdaka[servant]N",
                  "sig": "@saao/saa01%akk-x-neoass:ARAD-ka=ardu[slave//servant]N'N$urdaka",
                  "f": {
                    "lang": "akk-x-neoass",
                    "form": "ARAD-ka",
                    "cf": "ardu",
                    "gw": "slave",
                    "sense": "servant",
                    "norm": "urdaka",
                    "pos": "N",
                    "epos": "N"
                  }
                },
                {
                  "node": "l",
                  "frag": "{1}{⸢d⸣}[AG-pa-šir]",
                  "id": "P334804.l04e03",
                  "ref": "P334804.3.2",
                  "inst": "Nabu-pašir[1]PN",
                  "sig": "@saao/saa01%akk-x-neoass:{1}{d}AG-pa-šir=Nabu-pašir[1//1]PN'PN$Nabu-pašir",
                  "f": {
                    "lang": "akk-x-neoass",
                    "form": "{1}{d}AG-pa-šir",
                    "cf": "Nabu-pašir",
                    "gw": "1",
                    "sense": "1",
                    "norm": "Nabu-pašir",
                    "pos": "PN",
                    "epos": "PN"
                  }
                },
                {
                  "node": "d",
                  "type": "line-start",
                  "ref": "P334804.4",
                  "n": "3",
                  "label": "o 3"
                },
                {
                  "node": "l",
                  "frag": "lu",
                  "id": "P334804.l04e04",
                  "ref": "P334804.4.1",
                  "inst": "lū[may]MOD",
                  "sig": "@saao/saa01%akk-x-neoass:lu=lū[may//may]MOD'MOD$lū",
                  "f": {
                    "lang": "akk-x-neoass",
                    "form": "lu",
                    "cf": "lū",
                    "gw": "may",
                    "sense": "may",
                    "norm": "lū",
                    "pos": "MOD",
                    "epos": "MOD"
                  }
                },
                {
                  "node": "l",
                  "frag": "DI-mu",
                  "id": "P334804.l04e05",
                  "ref": "P334804.4.2",
                  "inst": "šulmu[health]N",
                  "sig": "@saao/saa01%akk-x-neoass:DI-mu=šulmu[completeness//health]N'N$šulmu",
                  "f": {
                    "lang": "akk-x-neoass",
                    "form": "DI-mu",
                    "cf": "šulmu",
                    "gw": "completeness",
                    "sense": "health",
                    "norm": "šulmu",
                    "pos": "N",
                    "epos": "N"
                  }
                },
                {
                  "node": "l",
                  "frag": "a-na",
                  "id": "P334804.l04e06",
                  "ref": "P334804.4.3",
                  "inst": "ana[to]PRP",
                  "sig": "@saao/saa01%akk-x-neoass:a-na=ana[to//to]PRP'PRP$ana",
                  "f": {
                    "lang": "akk-x-neoass",
                    "form": "a-na",
                    "cf": "ana",
                    "gw": "to",
                    "sense": "to",
                    "norm": "ana",
                    "pos": "PRP",
                    "epos": "PRP"
                  }
                },
                {
                  "node": "l",
                  "frag": "LUGAL",
                  "id": "P334804.l04e07",
                  "ref": "P334804.4.4",
                  "inst": "šarri[king]N",
                  "sig": "@saao/saa01%akk-x-neoass:LUGAL=šarru[king//king]N'N$šarri",
                  "f": {
                    "lang": "akk-x-neoass",
                    "form": "LUGAL",
                    "cf": "šarru",
                    "gw": "king",
                    "sense": "king",
                    "norm": "šarri",
                    "pos": "N",
                    "epos": "N"
                  }
                },
                {
                  "node": "l",
                  "frag": "EN-⸢ia⸣",
                  "id": "P334804.l04e08",
                  "ref": "P334804.4.5",
                  "inst": "bēlīya[lord]N",
                  "sig": "@saao/saa01%akk-x-neoass:EN-ia=bēlu[lord//lord]N'N$bēlīya",
                  "f": {
                    "lang": "akk-x-neoass",
                    "form": "EN-ia",
                    "cf": "bēlu",
                    "gw": "lord",
                    "sense": "lord",
                    "norm": "bēlīya",
                    "pos": "N",
                    "epos": "N"
                  }
                },
                {
                  "node": "d",
                  "type": "line-start",
                  "ref": "P334804.5",
                  "n": "4",
                  "label": "o 4"
                },
                {
                  "node": "l",
                  "frag": "{d}30",
                  "id": "P334804.l04e09",
                  "ref": "P334804.5.1",
                  "inst": "Sin[1]DN",
                  "sig": "@saao/saa01%akk-x-neoass:{d}30=Sin[1//1]DN'DN$Sin",
                  "f": {
                    "lang": "akk-x-neoass",
                    "form": "{d}30",
                    "cf": "Sin",
                    "gw": "1",
                    "sense": "1",
                    "norm": "Sin",
                    "pos": "DN",
                    "epos": "DN"
                  }
                },
                {
                  "node": "l",
                  "frag": "{d}NIN.GAL",
                  "id": "P334804.l04e0a",
                  "ref": "P334804.5.2",
                  "inst": "Nikkal[1]DN",
                  "sig": "@saao/saa01%akk-x-neoass:{d}NIN.GAL=Nikkal[1//1]DN'DN$Nikkal",
                  "f": {
                    "lang": "akk-x-neoass",
                    "form": "{d}NIN.GAL",
                    "cf": "Nikkal",
                    "gw": "1",
                    "sense": "1",
                    "norm": "Nikkal",
                    "pos": "DN",
                    "epos": "DN"
                  }
                },
                {
                  "node": "l",
                  "frag": "a-na",
                  "id": "P334804.l04e0b",
                  "ref": "P334804.5.3",
                  "inst": "ana[to]PRP",
                  "sig": "@saao/saa01%akk-x-neoass:a-na=ana[to//to]PRP'PRP$ana",
                  "f": {
                    "lang": "akk-x-neoass",
                    "form": "a-na",
                    "cf": "ana",
                    "gw": "to",
                    "sense": "to",
                    "norm": "ana",
                    "pos": "PRP",
                    "epos": "PRP"
                  }
                },
                {
                  "node": "d",
                  "type": "line-start",
                  "ref": "P334804.6",
                  "n": "5",
                  "label": "o 5"
                },
                {
                  "node": "l",
                  "frag": "LUGAL",
                  "id": "P334804.l04e0c",
                  "ref": "P334804.6.1",
                  "inst": "šarri[king]N",
                  "sig": "@saao/saa01%akk-x-neoass:LUGAL=šarru[king//king]N'N$šarri",
                  "f": {
                    "lang": "akk-x-neoass",
                    "form": "LUGAL",
                    "cf": "šarru",
                    "gw": "king",
                    "sense": "king",
                    "norm": "šarri",
                    "pos": "N",
                    "epos": "N"
                  }
                },
                {
                  "node": "l",
                  "frag": "EN-ia",
                  "id": "P334804.l04e0d",
                  "ref": "P334804.6.2",
                  "inst": "bēlīya[lord]N",
                  "sig": "@saao/saa01%akk-x-neoass:EN-ia=bēlu[lord//lord]N'N$bēlīya",
                  "f": {
                    "lang": "akk-x-neoass",
                    "form": "EN-ia",
                    "cf": "bēlu",
                    "gw": "lord",
                    "sense": "lord",
                    "norm": "bēlīya",
                    "pos": "N",
                    "epos": "N"
                  }
                },
                {
                  "node": "l",
                  "frag": "lik-ru-bu",
                  "id": "P334804.l04e0e",
                  "ref": "P334804.6.3",
                  "inst": "likrubu[bless]V",
                  "sig": "@saao/saa01%akk-x-neoass:lik-ru-bu=karābu[pray//bless]V'V$likrubu",
                  "f": {
                    "lang": "akk-x-neoass",
                    "form": "lik-ru-bu",
                    "cf": "karābu",
                    "gw": "pray",
                    "sense": "bless",
                    "norm": "likrubu",
                    "pos": "V",
                    "epos": "V"
                  }
                },
                {
                  "node": "d",
                  "type": "line-start",
                  "ref": "P334804.7",
                  "n": "6",
                  "label": "o 6"
                },
                {
                  "node": "l",
                  "frag": "{⸢d⸣}IM",
                  "id": "P334804.l04e0f",
                  "ref": "P334804.7.1",
                  "inst": "Adad[1]DN$",
                  "sig": "@saao/saa01%akk-x-neoass:{d}IM=Adad[1//1]DN'DN$Adad",
                  "f": {
                    "lang": "akk-x-neoass",
                    "form": "{d}IM",
                    "cf": "Adad",
                    "gw": "1",
                    "sense": "1",
                    "norm": "Adad",
                    "pos": "DN",
                    "epos": "DN"
                  }
                },
                {
                  "node": "l",
                  "frag": "{d}⸢bu⸣-ru\\d",
                  "id": "P334804.l04e10",
                  "ref": "P334804.7.2",
                  "inst": "Buru[1]DN$",
                  "sig": "@saao/saa01%akk-x-neoass:{d}bu-ru=Buru[1//1]DN'DN$Buru",
                  "f": {
                    "lang": "akk-x-neoass",
                    "form": "{d}bu-ru",
                    "cf": "Buru",
                    "gw": "1",
                    "sense": "1",
                    "norm": "Buru",
                    "pos": "DN",
                    "epos": "DN"
                  }
                },
                {
                  "node": "l",
                  "frag": "a-na",
                  "id": "P334804.l04e11",
                  "ref": "P334804.7.3",
                  "inst": "ana[to]PRP",
                  "sig": "@saao/saa01%akk-x-neoass:a-na=ana[to//to]PRP'PRP$ana",
                  "f": {
                    "lang": "akk-x-neoass",
                    "form": "a-na",
                    "cf": "ana",
                    "gw": "to",
                    "sense": "to",
                    "norm": "ana",
                    "pos": "PRP",
                    "epos": "PRP"
                  }
                },
                {
                  "node": "d",
                  "type": "line-start",
                  "ref": "P334804.8",
                  "n": "7",
                  "label": "o 7"
                },
                {
                  "node": "l",
                  "frag": "LUGAL",
                  "id": "P334804.l04e12",
                  "ref": "P334804.8.1",
                  "inst": "šarri[king]N",
                  "sig": "@saao/saa01%akk-x-neoass:LUGAL=šarru[king//king]N'N$šarri",
                  "f": {
                    "lang": "akk-x-neoass",
                    "form": "LUGAL",
                    "cf": "šarru",
                    "gw": "king",
                    "sense": "king",
                    "norm": "šarri",
                    "pos": "N",
                    "epos": "N"
                  }
                },
                {
                  "node": "l",
                  "frag": "EN-⸢ia⸣",
                  "id": "P334804.l04e13",
                  "ref": "P334804.8.2",
                  "inst": "bēlīya[lord]N",
                  "sig": "@saao/saa01%akk-x-neoass:EN-ia=bēlu[lord//lord]N'N$bēlīya",
                  "f": {
                    "lang": "akk-x-neoass",
                    "form": "EN-ia",
                    "cf": "bēlu",
                    "gw": "lord",
                    "sense": "lord",
                    "norm": "bēlīya",
                    "pos": "N",
                    "epos": "N"
                  }
                },
                {
                  "node": "l",
                  "frag": "lik-ru-bu",
                  "id": "P334804.l04e14",
                  "ref": "P334804.8.3",
                  "inst": "likrubu[bless]V",
                  "sig": "@saao/saa01%akk-x-neoass:lik-ru-bu=karābu[pray//bless]V'V$likrubu",
                  "f": {
                    "lang": "akk-x-neoass",
                    "form": "lik-ru-bu",
                    "cf": "karābu",
                    "gw": "pray",
                    "sense": "bless",
                    "norm": "likrubu",
                    "pos": "V",
                    "epos": "V"
                  }
                },
                {
                  "node": "d",
                  "type": "line-start",
                  "ref": "P334804.9",
                  "n": "8",
                  "label": "o 8"
                },
                {
                  "node": "l",
                  "frag": "{uru}⸢BAD₃⸣",
                  "id": "P334804.l04e15",
                  "ref": "P334804.9.1",
                  "inst": "Duru[]GN$",
                  "sig": "@saao/saa01%akk-x-neoass:{URU}BAD₃=Duru[1//1]GN'GN$Duru",
                  "f": {
                    "lang": "akk-x-neoass",
                    "form": "{URU}BAD₃",
                    "cf": "Duru",
                    "gw": "1",
                    "sense": "1",
                    "norm": "Duru",
                    "pos": "GN",
                    "epos": "GN"
                  }
                },
                {
                  "node": "l",
                  "frag": "ug\\d-da\\d-mir",
                  "id": "P334804.l04e16",
                  "ref": "P334804.9.2",
                  "inst": "ugdammir[finish]V",
                  "sig": "@saao/saa01%akk-x-neoass:ug-da-mir=gamāru[complete//finish]V'V$ugdammir",
                  "f": {
                    "lang": "akk-x-neoass",
                    "form": "ug-da-mir",
                    "cf": "gamāru",
                    "gw": "complete",
                    "sense": "finish",
                    "norm": "ugdammir",
                    "pos": "V",
                    "epos": "V"
                  }
                },
                {
                  "node": "d",
                  "type": "line-start",
                  "ref": "P334804.10",
                  "n": "9",
                  "label": "o 9"
                },
                {
                  "node": "l",
                  "frag": "01-te\\p",
                  "id": "P334804.l04e17",
                  "ref": "P334804.10.1",
                  "inst": "n",
                  "f": {
                    "lang": "akk-x-neoass",
                    "form": "01-te",
                    "pos": "n"
                  }
                },
                {
                  "node": "l",
                  "frag": "⸢me⸣",
                  "id": "P334804.l04e18",
                  "ref": "P334804.10.2",
                  "inst": "u",
                  "f": {
                    "lang": "akk-x-neoass",
                    "form": "me",
                    "pos": "u"
                  }
                },
                {
                  "node": "l",
                  "frag": "[x]",
                  "id": "P334804.l04e19",
                  "ref": "P334804.10.3",
                  "inst": "u",
                  "f": {
                    "lang": "akk-x-neoass",
                    "form": "x",
                    "pos": "u"
                  }
                },
                {
                  "node": "l",
                  "frag": "si-i-ri",
                  "id": "P334804.l04e1a",
                  "ref": "P334804.10.4",
                  "inst": "seʾru[plastered]AJ$sīri",
                  "sig": "@saao/saa01%akk-x-neoass:si-i-ri=seʾru[plastered//plastered]AJ'AJ$sīri",
                  "f": {
                    "lang": "akk-x-neoass",
                    "form": "si-i-ri",
                    "cf": "seʾru",
                    "gw": "plastered",
                    "sense": "plastered",
                    "norm": "sīri",
                    "pos": "AJ",
                    "epos": "AJ"
                  }
                },
                {
                  "node": "d",
                  "type": "line-start",
                  "ref": "P334804.11",
                  "n": "10",
                  "label": "o 10"
                },
                {
                  "node": "l",
                  "frag": "{giš}⸢ZU\\t-MEŠ⸣-ni",
                  "id": "P334804.l04e1b",
                  "ref": "P334804.11.1",
                  "inst": "lēʾu[board//sheet of metal]N$lēʾāni",
                  "sig": "@saao/saa01%akk-x-neoass:{GIŠ}ZU-MEŠ-ni=lēʾu[board//sheet of metal]N'N$lēʾāni",
                  "f": {
                    "lang": "akk-x-neoass",
                    "form": "{GIŠ}ZU-MEŠ-ni",
                    "cf": "lēʾu",
                    "gw": "board",
                    "sense": "sheet of metal",
                    "norm": "lēʾāni",
                    "pos": "N",
                    "epos": "N"
                  }
                },
                {
                  "node": "l",
                  "frag": "ša₂",
                  "id": "P334804.l04e1c",
                  "ref": "P334804.11.2",
                  "inst": "ša[of]DET",
                  "sig": "@saao/saa01%akk-x-neoass:ša₂=ša[of//of]DET'DET$ša",
                  "f": {
                    "lang": "akk-x-neoass",
                    "form": "ša₂",
                    "cf": "ša",
                    "gw": "of",
                    "sense": "of",
                    "norm": "ša",
                    "pos": "DET",
                    "epos": "DET"
                  }
                },
                {
                  "node": "l",
                  "frag": "kan-ni",
                  "id": "P334804.l04e1d",
                  "ref": "P334804.11.3",
                  "inst": "kannu[(vessel‑)stand//stand]N$kanni",
                  "sig": "@saao/saa01%akk-x-neoass:kan-ni=kannu[(vessel‑)stand//stand]N'N$kanni",
                  "f": {
                    "lang": "akk-x-neoass",
                    "form": "kan-ni",
                    "cf": "kannu",
                    "gw": "(vessel‑)stand",
                    "sense": "stand",
                    "norm": "kanni",
                    "pos": "N",
                    "epos": "N"
                  }
                },
                {
                  "node": "d",
                  "type": "line-start",
                  "ref": "P334804.12",
                  "n": "11",
                  "label": "o 11"
                },
                {
                  "node": "l",
                  "frag": "{giš}pi-⸢sa-na⸣-a-te",
                  "id": "P334804.l04e1e",
                  "ref": "P334804.12.1",
                  "inst": "pišannu[box//water tank]N$pisannāte",
                  "sig": "@saao/saa01%akk-x-neoass:{GIŠ}pi-sa-na-a-te=pišannu[box//water tank]N'N$pisannāte",
                  "f": {
                    "lang": "akk-x-neoass",
                    "form": "{GIŠ}pi-sa-na-a-te",
                    "cf": "pišannu",
                    "gw": "box",
                    "sense": "water tank",
                    "norm": "pisannāte",
                    "pos": "N",
                    "epos": "N"
                  }
                },
                {
                  "node": "l",
                  "frag": "⸢a-sa-kan⸣",
                  "id": "P334804.l04e1f",
                  "ref": "P334804.12.2",
                  "inst": "assakan[place]V",
                  "sig": "@saao/saa01%akk-x-neoass:a-sa-kan=šakānu[put//place]V'V$assakan",
                  "f": {
                    "lang": "akk-x-neoass",
                    "form": "a-sa-kan",
                    "cf": "šakānu",
                    "gw": "put",
                    "sense": "place",
                    "norm": "assakan",
                    "pos": "V",
                    "epos": "V"
                  }
                },
                {
                  "node": "d",
                  "type": "line-start",
                  "ref": "P334804.13",
                  "n": "12",
                  "label": "o 12"
                },
                {
                  "node": "l",
                  "frag": "⸢x⸣+[x]+⸢x",
                  "id": "P334804.l04e20",
                  "ref": "P334804.13.1",
                  "inst": "u",
                  "f": {
                    "lang": "akk-x-neoass",
                    "form": "x+x+x",
                    "pos": "u"
                  }
                },
                {
                  "node": "l",
                  "frag": "x⸣+[x",
                  "id": "P334804.l04e21",
                  "ref": "P334804.13.2",
                  "inst": "u",
                  "f": {
                    "lang": "akk-x-neoass",
                    "form": "x+x",
                    "pos": "u"
                  }
                },
                {
                  "node": "l",
                  "frag": "x",
                  "id": "P334804.l04e22",
                  "ref": "P334804.13.3",
                  "inst": "u",
                  "f": {
                    "lang": "akk-x-neoass",
                    "form": "x",
                    "pos": "u"
                  }
                },
                {
                  "node": "l",
                  "frag": "x",
                  "id": "P334804.l04e23",
                  "ref": "P334804.13.4",
                  "inst": "u",
                  "f": {
                    "lang": "akk-x-neoass",
                    "form": "x",
                    "pos": "u"
                  }
                },
                {
                  "node": "l",
                  "frag": "x]",
                  "id": "P334804.l04e24",
                  "ref": "P334804.13.5",
                  "inst": "u",
                  "f": {
                    "lang": "akk-x-neoass",
                    "form": "x",
                    "pos": "u"
                  }
                },
                {
                  "node": "d",
                  "type": "nonx",
                  "ref": "P334804.14",
                  "strict": "0",
                  "extent": "rest",
                  "state": "missing"
                },
                {
                  "node": "d",
                  "subtype": "reverse",
                  "type": "reverse",
                  "ref": "P334804.r.15",
                  "label": "r"
                },
                {
                  "node": "d",
                  "type": "nonx",
                  "ref": "P334804.16",
                  "strict": "0",
                  "state": "missing"
                }
              ]
            }
          ]
        }
      ]
    }
  ]
}
