{
  "type": "cdl",
  "source": "http://oracc.org/saao/saa01",
  "license": "This data is released under the CC0 license",
  "license-url": "https://creativecommons.org/publicdomain/zero/1.0/",
  "more-info": "http://oracc.org/doc/opendata/",
  "UTC-timestamp": "2017-06-10T00:36:57",
  "project": "saao/saa01",
  "textid": "P334127",
  "cdl": [
    {
      "node": "c",
      "type": "text",
      "id": "P334127.U0",
      "cdl": [
        {
          "node": "d",
          "type": "object",
          "ref": ""
        },
        {
          "node": "d",
          "subtype": "obverse",
          "type": "obverse",
          "ref": "P334127.o.1",
          "label": "o"
        },
        {
          "node": "c",
          "type": "discourse",
          "subtype": "body",
          "id": "P334127.U1",
          "cdl": [
            {
              "node": "c",
              "type": "sentence",
              "id": "P334127.U2",
              "label": "o 1 - r 2'",
              "cdl": [
                {
                  "node": "d",
                  "type": "line-start",
                  "ref": "P334127.2",
                  "n": "1",
                  "label": "o 1"
                },
                {
                  "node": "l",
                  "frag": "a-na",
                  "id": "P334127.l051fc",
                  "ref": "P334127.2.1",
                  "inst": "ana[to]PRP",
                  "sig": "@saao/saa01%akk-x-neoass:a-na=ana[to//to]PRP'PRP$ana",
                  "f": {
                    "lang": "akk-x-neoass",
                    "form": "a-na",
                    "cf": "ana",
                    "gw": "to",
                    "sense": "to",
                    "norm": "ana",
                    "pos": "PRP",
                    "epos": "PRP"
                  }
                },
                {
                  "node": "l",
                  "frag": "LUGAL",
                  "id": "P334127.l051fd",
                  "ref": "P334127.2.2",
                  "inst": "šarri[king]N",
                  "sig": "@saao/saa01%akk-x-neoass:LUGAL=šarru[king//king]N'N$šarri",
                  "f": {
                    "lang": "akk-x-neoass",
                    "form": "LUGAL",
                    "cf": "šarru",
                    "gw": "king",
                    "sense": "king",
                    "norm": "šarri",
                    "pos": "N",
                    "epos": "N"
                  }
                },
                {
                  "node": "l",
                  "frag": "EN-ia",
                  "id": "P334127.l051fe",
                  "ref": "P334127.2.3",
                  "inst": "bēlīya[lord]N",
                  "sig": "@saao/saa01%akk-x-neoass:EN-ia=bēlu[lord//lord]N'N$bēlīya",
                  "f": {
                    "lang": "akk-x-neoass",
                    "form": "EN-ia",
                    "cf": "bēlu",
                    "gw": "lord",
                    "sense": "lord",
                    "norm": "bēlīya",
                    "pos": "N",
                    "epos": "N"
                  }
                },
                {
                  "node": "d",
                  "type": "line-start",
                  "ref": "P334127.3",
                  "n": "2",
                  "label": "o 2"
                },
                {
                  "node": "l",
                  "frag": "ARAD-ka",
                  "id": "P334127.l051ff",
                  "ref": "P334127.3.1",
                  "inst": "urdaka[servant]N",
                  "sig": "@saao/saa01%akk-x-neoass:ARAD-ka=ardu[slave//servant]N'N$urdaka",
                  "f": {
                    "lang": "akk-x-neoass",
                    "form": "ARAD-ka",
                    "cf": "ardu",
                    "gw": "slave",
                    "sense": "servant",
                    "norm": "urdaka",
                    "pos": "N",
                    "epos": "N"
                  }
                },
                {
                  "node": "l",
                  "frag": "{1}HAL-ni-aš-šur",
                  "id": "P334127.l05200",
                  "ref": "P334127.3.2",
                  "inst": "Išmanni-Aššur[1]PN",
                  "sig": "@saao/saa01%akk-x-neoass:{1}HAL-ni-aš-šur=Išmanni-Aššur[1//1]PN'PN$Išmanni-Aššur",
                  "f": {
                    "lang": "akk-x-neoass",
                    "form": "{1}HAL-ni-aš-šur",
                    "cf": "Išmanni-Aššur",
                    "gw": "1",
                    "sense": "1",
                    "norm": "Išmanni-Aššur",
                    "pos": "PN",
                    "epos": "PN"
                  }
                },
                {
                  "node": "d",
                  "type": "line-start",
                  "ref": "P334127.4",
                  "n": "3",
                  "label": "o 3"
                },
                {
                  "node": "l",
                  "frag": "lu",
                  "id": "P334127.l05201",
                  "ref": "P334127.4.1",
                  "inst": "lū[may]MOD",
                  "sig": "@saao/saa01%akk-x-neoass:lu=lū[may//may]MOD'MOD$lū",
                  "f": {
                    "lang": "akk-x-neoass",
                    "form": "lu",
                    "cf": "lū",
                    "gw": "may",
                    "sense": "may",
                    "norm": "lū",
                    "pos": "MOD",
                    "epos": "MOD"
                  }
                },
                {
                  "node": "l",
                  "frag": "DI\\d-mu",
                  "id": "P334127.l05202",
                  "ref": "P334127.4.2",
                  "inst": "šulmu[health]N",
                  "sig": "@saao/saa01%akk-x-neoass:DI-mu=šulmu[completeness//health]N'N$šulmu",
                  "f": {
                    "lang": "akk-x-neoass",
                    "form": "DI-mu",
                    "cf": "šulmu",
                    "gw": "completeness",
                    "sense": "health",
                    "norm": "šulmu",
                    "pos": "N",
                    "epos": "N"
                  }
                },
                {
                  "node": "l",
                  "frag": "a-na",
                  "id": "P334127.l05203",
                  "ref": "P334127.4.3",
                  "inst": "ana[to]PRP",
                  "sig": "@saao/saa01%akk-x-neoass:a-na=ana[to//to]PRP'PRP$ana",
                  "f": {
                    "lang": "akk-x-neoass",
                    "form": "a-na",
                    "cf": "ana",
                    "gw": "to",
                    "sense": "to",
                    "norm": "ana",
                    "pos": "PRP",
                    "epos": "PRP"
                  }
                },
                {
                  "node": "l",
                  "frag": "LUGAL",
                  "id": "P334127.l05204",
                  "ref": "P334127.4.4",
                  "inst": "šarri[king]N",
                  "sig": "@saao/saa01%akk-x-neoass:LUGAL=šarru[king//king]N'N$šarri",
                  "f": {
                    "lang": "akk-x-neoass",
                    "form": "LUGAL",
                    "cf": "šarru",
                    "gw": "king",
                    "sense": "king",
                    "norm": "šarri",
                    "pos": "N",
                    "epos": "N"
                  }
                },
                {
                  "node": "l",
                  "frag": "EN-ia",
                  "id": "P334127.l05205",
                  "ref": "P334127.4.5",
                  "inst": "bēlīya[lord]N",
                  "sig": "@saao/saa01%akk-x-neoass:EN-ia=bēlu[lord//lord]N'N$bēlīya",
                  "f": {
                    "lang": "akk-x-neoass",
                    "form": "EN-ia",
                    "cf": "bēlu",
                    "gw": "lord",
                    "sense": "lord",
                    "norm": "bēlīya",
                    "pos": "N",
                    "epos": "N"
                  }
                },
                {
                  "node": "d",
                  "type": "line-start",
                  "ref": "P334127.5",
                  "n": "4",
                  "label": "o 4"
                },
                {
                  "node": "c",
                  "type": "phrase",
                  "tag": "phr",
                  "id": "P334127.U4",
                  "ref": "P334127.ls00000",
                  "cdl": [
                    {
                      "node": "l",
                      "frag": "ina",
                      "id": "P334127.l05206",
                      "ref": "P334127.5.1",
                      "inst": "ina[in+=concerning]PRP",
                      "sig": "@saao/saa01%akk-x-neoass:ina=ina[in//in]PRP'PRP$ina",
                      "f": {
                        "lang": "akk-x-neoass",
                        "form": "ina",
                        "cf": "ina",
                        "gw": "in",
                        "sense": "in",
                        "norm": "ina",
                        "pos": "PRP",
                        "epos": "PRP"
                      }
                    },
                    {
                      "node": "l",
                      "frag": "UGU-hi",
                      "id": "P334127.l05207",
                      "ref": "P334127.5.2",
                      "inst": "muhhi[skull]N",
                      "sig": "@saao/saa01%akk-x-neoass:UGU-hi=muhhu[skull//skull]N'N$muhhi",
                      "f": {
                        "lang": "akk-x-neoass",
                        "form": "UGU-hi",
                        "cf": "muhhu",
                        "gw": "skull",
                        "sense": "skull",
                        "norm": "muhhi",
                        "pos": "N",
                        "epos": "N"
                      }
                    }
                  ]
                },
                {
                  "node": "l",
                  "frag": "{lu₂vy}NU.GIŠ.SAR-MEŠ",
                  "id": "P334127.l05208",
                  "ref": "P334127.5.3",
                  "inst": "nukaribbu[gardener]N$nukaribbī",
                  "sig": "@saao/saa01%akk-x-neoass:{LU₂}NU.GIŠ.SAR-MEŠ=nukaribbu[gardener//gardener]N'N$nukaribbī",
                  "f": {
                    "lang": "akk-x-neoass",
                    "form": "{LU₂}NU.GIŠ.SAR-MEŠ",
                    "cf": "nukaribbu",
                    "gw": "gardener",
                    "sense": "gardener",
                    "norm": "nukaribbī",
                    "pos": "N",
                    "epos": "N"
                  }
                },
                {
                  "node": "d",
                  "type": "line-start",
                  "ref": "P334127.6",
                  "n": "5",
                  "label": "o 5"
                },
                {
                  "node": "l",
                  "frag": "ša",
                  "id": "P334127.l05209",
                  "ref": "P334127.6.1",
                  "inst": "ša[who]REL",
                  "sig": "@saao/saa01%akk-x-neoass:ša=ša[that//who]REL'REL$ša",
                  "f": {
                    "lang": "akk-x-neoass",
                    "form": "ša",
                    "cf": "ša",
                    "gw": "that",
                    "sense": "who",
                    "norm": "ša",
                    "pos": "REL",
                    "epos": "REL"
                  }
                },
                {
                  "node": "l",
                  "frag": "LUGAL",
                  "id": "P334127.l0520a",
                  "ref": "P334127.6.2",
                  "inst": "šarru[king]N",
                  "sig": "@saao/saa01%akk-x-neoass:LUGAL=šarru[king//king]N'N$šarru",
                  "f": {
                    "lang": "akk-x-neoass",
                    "form": "LUGAL",
                    "cf": "šarru",
                    "gw": "king",
                    "sense": "king",
                    "norm": "šarru",
                    "pos": "N",
                    "epos": "N"
                  }
                },
                {
                  "node": "l",
                  "frag": "EN",
                  "id": "P334127.l0520b",
                  "ref": "P334127.6.3",
                  "inst": "bēlī[lord]N",
                  "sig": "@saao/saa01%akk-x-neoass:EN=bēlu[lord//lord]N'N$bēlī",
                  "f": {
                    "lang": "akk-x-neoass",
                    "form": "EN",
                    "cf": "bēlu",
                    "gw": "lord",
                    "sense": "lord",
                    "norm": "bēlī",
                    "pos": "N",
                    "epos": "N"
                  }
                },
                {
                  "node": "l",
                  "frag": "iš-pur-a-ni",
                  "id": "P334127.l0520c",
                  "ref": "P334127.6.4",
                  "inst": "išpuranni[write]V",
                  "sig": "@saao/saa01%akk-x-neoass:iš-pur-a-ni=šapāru[send//write]V'V$išpuranni",
                  "f": {
                    "lang": "akk-x-neoass",
                    "form": "iš-pur-a-ni",
                    "cf": "šapāru",
                    "gw": "send",
                    "sense": "write",
                    "norm": "išpuranni",
                    "pos": "V",
                    "epos": "V"
                  }
                },
                {
                  "node": "d",
                  "type": "line-start",
                  "ref": "P334127.7",
                  "n": "6",
                  "label": "o 6"
                },
                {
                  "node": "l",
                  "frag": "⸢an-nu⸣-[rig]",
                  "id": "P334127.l0520d",
                  "ref": "P334127.7.1",
                  "inst": "annurig[now]AV",
                  "sig": "@saao/saa01%akk-x-neoass:an-nu-rig=annûri[now//now]AV'AV$annurig",
                  "f": {
                    "lang": "akk-x-neoass",
                    "form": "an-nu-rig",
                    "cf": "annûri",
                    "gw": "now",
                    "sense": "now",
                    "norm": "annurig",
                    "pos": "AV",
                    "epos": "AV"
                  }
                },
                {
                  "node": "l",
                  "frag": "{1}{d}IM-nu-ri⸣",
                  "id": "P334127.l0520e",
                  "ref": "P334127.7.2",
                  "inst": "Adad-nuri[]PN$",
                  "sig": "@saao/saa01%akk-x-neoass:{1}{d}IM-nu-ri=Adad-nuri[1//1]PN'PN$Adad-nuri",
                  "f": {
                    "lang": "akk-x-neoass",
                    "form": "{1}{d}IM-nu-ri",
                    "cf": "Adad-nuri",
                    "gw": "1",
                    "sense": "1",
                    "norm": "Adad-nuri",
                    "pos": "PN",
                    "epos": "PN"
                  }
                },
                {
                  "node": "d",
                  "type": "nonx",
                  "ref": "P334127.8",
                  "strict": "0",
                  "extent": "rest",
                  "state": "missing"
                },
                {
                  "node": "d",
                  "subtype": "reverse",
                  "type": "reverse",
                  "ref": "P334127.r.9",
                  "label": "r"
                },
                {
                  "node": "d",
                  "type": "nonx",
                  "ref": "P334127.10",
                  "strict": "0",
                  "extent": "beginning",
                  "state": "missing"
                },
                {
                  "node": "d",
                  "type": "line-start",
                  "ref": "P334127.11",
                  "n": "1'",
                  "label": "r 1'"
                },
                {
                  "node": "l",
                  "frag": "[x]+⸢x⸣+[x",
                  "id": "P334127.l0520f",
                  "ref": "P334127.11.1",
                  "inst": "u",
                  "f": {
                    "lang": "akk-x-neoass",
                    "form": "x+x+x",
                    "pos": "u"
                  }
                },
                {
                  "node": "l",
                  "frag": "x",
                  "id": "P334127.l05210",
                  "ref": "P334127.11.2",
                  "inst": "u",
                  "f": {
                    "lang": "akk-x-neoass",
                    "form": "x",
                    "pos": "u"
                  }
                },
                {
                  "node": "l",
                  "frag": "x",
                  "id": "P334127.l05211",
                  "ref": "P334127.11.3",
                  "inst": "u",
                  "f": {
                    "lang": "akk-x-neoass",
                    "form": "x",
                    "pos": "u"
                  }
                },
                {
                  "node": "l",
                  "frag": "x",
                  "id": "P334127.l05212",
                  "ref": "P334127.11.4",
                  "inst": "u",
                  "f": {
                    "lang": "akk-x-neoass",
                    "form": "x",
                    "pos": "u"
                  }
                },
                {
                  "node": "l",
                  "frag": "x",
                  "id": "P334127.l05213",
                  "ref": "P334127.11.5",
                  "inst": "u",
                  "f": {
                    "lang": "akk-x-neoass",
                    "form": "x",
                    "pos": "u"
                  }
                },
                {
                  "node": "l",
                  "frag": "x]",
                  "id": "P334127.l05214",
                  "ref": "P334127.11.6",
                  "inst": "u",
                  "f": {
                    "lang": "akk-x-neoass",
                    "form": "x",
                    "pos": "u"
                  }
                },
                {
                  "node": "d",
                  "type": "line-start",
                  "ref": "P334127.12",
                  "n": "2'",
                  "label": "r 2'"
                },
                {
                  "node": "l",
                  "frag": "[x]",
                  "id": "P334127.l05215",
                  "ref": "P334127.12.1",
                  "inst": "u",
                  "f": {
                    "lang": "akk-x-neoass",
                    "form": "x",
                    "pos": "u"
                  }
                },
                {
                  "node": "l",
                  "frag": "qa-an-ni",
                  "id": "P334127.l05216",
                  "ref": "P334127.12.2",
                  "inst": "u",
                  "f": {
                    "lang": "akk-x-neoass",
                    "form": "qa-an-ni",
                    "pos": "u"
                  }
                },
                {
                  "node": "l",
                  "frag": "e-ta-⸢mar⸣",
                  "id": "P334127.l05217",
                  "ref": "P334127.12.3",
                  "inst": "ētamar[see]V",
                  "sig": "@saao/saa01%akk-x-neoass:e-ta-mar=amāru[see//see]V'V$ētamar",
                  "f": {
                    "lang": "akk-x-neoass",
                    "form": "e-ta-mar",
                    "cf": "amāru",
                    "gw": "see",
                    "sense": "see",
                    "norm": "ētamar",
                    "pos": "V",
                    "epos": "V"
                  }
                },
                {
                  "node": "d",
                  "type": "nonx",
                  "ref": "P334127.13",
                  "strict": "0",
                  "extent": "rest",
                  "state": "other"
                }
              ]
            }
          ]
        }
      ]
    },
    {
      "linkbase": [
        {
          "type": "linkset",
          "xlink_title": "ina muhhi[on//about]PRP'PRP",
          "id": "P334127.ls00000",
          "xlink_type": "extended",
          "xlink_role": "psu",
          "sig": "{ina[in]PRP muhhu[skull]N += ina muhhi[on//about]PRP'PRP}::@saao%akk-x-neoass:ina=ina[in//into]PRP'PRP$ina++@saao%akk-x-neoass:UGU-hi=muhhu[skull//skull]N'N$muhhi",
          "links": [
            {
              "type": "link",
              "xlink_title": "ina",
              "xlink_type": "locator",
              "xlink_href": "#P334127.l05206",
              "xlink_role": "elt"
            },
            {
              "type": "link",
              "xlink_title": "muhhi",
              "xlink_type": "locator",
              "xlink_href": "#P334127.l05207",
              "xlink_role": "elt"
            }
          ]
        }
      ]
    }
  ]
}
