{
  "type": "cdl",
  "source": "http://oracc.org/saao/saa01",
  "license": "This data is released under the CC0 license",
  "license-url": "https://creativecommons.org/publicdomain/zero/1.0/",
  "more-info": "http://oracc.org/doc/opendata/",
  "UTC-timestamp": "2017-06-10T00:36:54",
  "project": "saao/saa01",
  "textid": "P334810",
  "cdl": [
    {
      "node": "c",
      "type": "text",
      "id": "P334810.U0",
      "cdl": [
        {
          "node": "d",
          "type": "object",
          "ref": ""
        },
        {
          "node": "d",
          "subtype": "obverse",
          "type": "obverse",
          "ref": "P334810.o.1",
          "label": "o"
        },
        {
          "node": "c",
          "type": "discourse",
          "subtype": "body",
          "id": "P334810.U1",
          "cdl": [
            {
              "node": "c",
              "type": "sentence",
              "id": "P334810.U2",
              "label": "o 1 - o 10",
              "cdl": [
                {
                  "node": "d",
                  "type": "line-start",
                  "ref": "P334810.2",
                  "n": "1",
                  "label": "o 1"
                },
                {
                  "node": "l",
                  "frag": "[a]-na",
                  "id": "P334810.l05ef5",
                  "ref": "P334810.2.1",
                  "inst": "ana[to]PRP",
                  "sig": "@saao/saa01%akk-x-neoass:a-na=ana[to//to]PRP'PRP$ana",
                  "f": {
                    "lang": "akk-x-neoass",
                    "form": "a-na",
                    "cf": "ana",
                    "gw": "to",
                    "sense": "to",
                    "norm": "ana",
                    "pos": "PRP",
                    "epos": "PRP"
                  }
                },
                {
                  "node": "l",
                  "frag": "LUGAL",
                  "id": "P334810.l05ef6",
                  "ref": "P334810.2.2",
                  "inst": "šarri[king]N",
                  "sig": "@saao/saa01%akk-x-neoass:LUGAL=šarru[king//king]N'N$šarri",
                  "f": {
                    "lang": "akk-x-neoass",
                    "form": "LUGAL",
                    "cf": "šarru",
                    "gw": "king",
                    "sense": "king",
                    "norm": "šarri",
                    "pos": "N",
                    "epos": "N"
                  }
                },
                {
                  "node": "l",
                  "frag": "[EN-ia]",
                  "id": "P334810.l05ef7",
                  "ref": "P334810.2.3",
                  "inst": "bēlīya[lord]N",
                  "sig": "@saao/saa01%akk-x-neoass:EN-ia=bēlu[lord//lord]N'N$bēlīya",
                  "f": {
                    "lang": "akk-x-neoass",
                    "form": "EN-ia",
                    "cf": "bēlu",
                    "gw": "lord",
                    "sense": "lord",
                    "norm": "bēlīya",
                    "pos": "N",
                    "epos": "N"
                  }
                },
                {
                  "node": "d",
                  "type": "line-start",
                  "ref": "P334810.3",
                  "n": "2",
                  "label": "o 2"
                },
                {
                  "node": "l",
                  "frag": "⸢ARAD⸣-ka",
                  "id": "P334810.l05ef8",
                  "ref": "P334810.3.1",
                  "inst": "urdaka[servant]N",
                  "sig": "@saao/saa01%akk-x-neoass:ARAD-ka=ardu[slave//servant]N'N$urdaka",
                  "f": {
                    "lang": "akk-x-neoass",
                    "form": "ARAD-ka",
                    "cf": "ardu",
                    "gw": "slave",
                    "sense": "servant",
                    "norm": "urdaka",
                    "pos": "N",
                    "epos": "N"
                  }
                },
                {
                  "node": "l",
                  "frag": "{1}man-[x",
                  "id": "P334810.l05ef9",
                  "ref": "P334810.3.2",
                  "inst": "u",
                  "f": {
                    "lang": "akk-x-neoass",
                    "form": "{1}man-x",
                    "pos": "u"
                  }
                },
                {
                  "node": "l",
                  "frag": "x",
                  "id": "P334810.l05efa",
                  "ref": "P334810.3.3",
                  "inst": "u",
                  "f": {
                    "lang": "akk-x-neoass",
                    "form": "x",
                    "pos": "u"
                  }
                },
                {
                  "node": "l",
                  "frag": "x]",
                  "id": "P334810.l05efb",
                  "ref": "P334810.3.4",
                  "inst": "u",
                  "f": {
                    "lang": "akk-x-neoass",
                    "form": "x",
                    "pos": "u"
                  }
                },
                {
                  "node": "d",
                  "type": "line-start",
                  "ref": "P334810.4",
                  "n": "3",
                  "label": "o 3"
                },
                {
                  "node": "l",
                  "frag": "lu",
                  "id": "P334810.l05efc",
                  "ref": "P334810.4.1",
                  "inst": "lū[may]MOD",
                  "sig": "@saao/saa01%akk-x-neoass:lu=lū[may//may]MOD'MOD$lū",
                  "f": {
                    "lang": "akk-x-neoass",
                    "form": "lu",
                    "cf": "lū",
                    "gw": "may",
                    "sense": "may",
                    "norm": "lū",
                    "pos": "MOD",
                    "epos": "MOD"
                  }
                },
                {
                  "node": "l",
                  "frag": "DI\\d-mu",
                  "id": "P334810.l05efd",
                  "ref": "P334810.4.2",
                  "inst": "šulmu[health]N",
                  "sig": "@saao/saa01%akk-x-neoass:DI-mu=šulmu[completeness//health]N'N$šulmu",
                  "f": {
                    "lang": "akk-x-neoass",
                    "form": "DI-mu",
                    "cf": "šulmu",
                    "gw": "completeness",
                    "sense": "health",
                    "norm": "šulmu",
                    "pos": "N",
                    "epos": "N"
                  }
                },
                {
                  "node": "l",
                  "frag": "a-na",
                  "id": "P334810.l05efe",
                  "ref": "P334810.4.3",
                  "inst": "ana[to]PRP",
                  "sig": "@saao/saa01%akk-x-neoass:a-na=ana[to//to]PRP'PRP$ana",
                  "f": {
                    "lang": "akk-x-neoass",
                    "form": "a-na",
                    "cf": "ana",
                    "gw": "to",
                    "sense": "to",
                    "norm": "ana",
                    "pos": "PRP",
                    "epos": "PRP"
                  }
                },
                {
                  "node": "l",
                  "frag": "⸢LUGAL⸣",
                  "id": "P334810.l05eff",
                  "ref": "P334810.4.4",
                  "inst": "šarri[king]N",
                  "sig": "@saao/saa01%akk-x-neoass:LUGAL=šarru[king//king]N'N$šarri",
                  "f": {
                    "lang": "akk-x-neoass",
                    "form": "LUGAL",
                    "cf": "šarru",
                    "gw": "king",
                    "sense": "king",
                    "norm": "šarri",
                    "pos": "N",
                    "epos": "N"
                  }
                },
                {
                  "node": "l",
                  "frag": "[EN-ia]",
                  "id": "P334810.l05f00",
                  "ref": "P334810.4.5",
                  "inst": "bēlīya[lord]N",
                  "sig": "@saao/saa01%akk-x-neoass:EN-ia=bēlu[lord//lord]N'N$bēlīya",
                  "f": {
                    "lang": "akk-x-neoass",
                    "form": "EN-ia",
                    "cf": "bēlu",
                    "gw": "lord",
                    "sense": "lord",
                    "norm": "bēlīya",
                    "pos": "N",
                    "epos": "N"
                  }
                },
                {
                  "node": "d",
                  "type": "line-start",
                  "ref": "P334810.5",
                  "n": "4",
                  "label": "o 4"
                },
                {
                  "node": "c",
                  "type": "phrase",
                  "tag": "phr",
                  "id": "P334810.U4",
                  "ref": "P334810.ls00000",
                  "cdl": [
                    {
                      "node": "l",
                      "frag": "ina",
                      "id": "P334810.l05f01",
                      "ref": "P334810.5.1",
                      "inst": "ina[in+=concerning]PRP",
                      "sig": "@saao/saa01%akk-x-neoass:ina=ina[in//in]PRP'PRP$ina",
                      "f": {
                        "lang": "akk-x-neoass",
                        "form": "ina",
                        "cf": "ina",
                        "gw": "in",
                        "sense": "in",
                        "norm": "ina",
                        "pos": "PRP",
                        "epos": "PRP"
                      }
                    },
                    {
                      "node": "l",
                      "frag": "UGU",
                      "id": "P334810.l05f02",
                      "ref": "P334810.5.2",
                      "inst": "muhhi[skull]N",
                      "sig": "@saao/saa01%akk-x-neoass:UGU=muhhu[skull//top]N'N$muhhi",
                      "f": {
                        "lang": "akk-x-neoass",
                        "form": "UGU",
                        "cf": "muhhu",
                        "gw": "skull",
                        "sense": "top",
                        "norm": "muhhi",
                        "pos": "N",
                        "epos": "N"
                      }
                    }
                  ]
                },
                {
                  "node": "l",
                  "frag": "{1}te-⸢si⸣-[x",
                  "id": "P334810.l05f03",
                  "ref": "P334810.5.3",
                  "inst": "u",
                  "f": {
                    "lang": "akk-x-neoass",
                    "form": "{1}te-si-x",
                    "pos": "u"
                  }
                },
                {
                  "node": "l",
                  "frag": "x]",
                  "id": "P334810.l05f04",
                  "ref": "P334810.5.4",
                  "inst": "u",
                  "f": {
                    "lang": "akk-x-neoass",
                    "form": "x",
                    "pos": "u"
                  }
                },
                {
                  "node": "d",
                  "type": "line-start",
                  "ref": "P334810.6",
                  "n": "5",
                  "label": "o 5"
                },
                {
                  "node": "l",
                  "frag": "{kur}ha-ma-ta-a.a",
                  "id": "P334810.l05f05",
                  "ref": "P334810.6.1",
                  "inst": "Hamataya[from Hamath]EN",
                  "sig": "@saao/saa01%akk-x-neoass:{KUR}ha-ma-ta-a.a=Hamataya[from Hamath//from Hamath]EN'EN$Hamataya",
                  "f": {
                    "lang": "akk-x-neoass",
                    "form": "{KUR}ha-ma-ta-a.a",
                    "cf": "Hamataya",
                    "gw": "from Hamath",
                    "sense": "from Hamath",
                    "norm": "Hamataya",
                    "pos": "EN",
                    "epos": "EN"
                  }
                },
                {
                  "node": "l",
                  "frag": "[o]",
                  "id": "P334810.l05f06",
                  "ref": "P334810.6.2",
                  "inst": "u",
                  "f": {
                    "lang": "akk-x-neoass",
                    "form": "o",
                    "pos": "u"
                  }
                },
                {
                  "node": "d",
                  "type": "line-start",
                  "ref": "P334810.7",
                  "n": "6",
                  "label": "o 6"
                },
                {
                  "node": "l",
                  "frag": "ša",
                  "id": "P334810.l05f07",
                  "ref": "P334810.7.1",
                  "inst": "ša[who]REL",
                  "sig": "@saao/saa01%akk-x-neoass:ša=ša[that//who]REL'REL$ša",
                  "f": {
                    "lang": "akk-x-neoass",
                    "form": "ša",
                    "cf": "ša",
                    "gw": "that",
                    "sense": "who",
                    "norm": "ša",
                    "pos": "REL",
                    "epos": "REL"
                  }
                },
                {
                  "node": "l",
                  "frag": "LUGAL",
                  "id": "P334810.l05f08",
                  "ref": "P334810.7.2",
                  "inst": "šarru[king]N",
                  "sig": "@saao/saa01%akk-x-neoass:LUGAL=šarru[king//king]N'N$šarru",
                  "f": {
                    "lang": "akk-x-neoass",
                    "form": "LUGAL",
                    "cf": "šarru",
                    "gw": "king",
                    "sense": "king",
                    "norm": "šarru",
                    "pos": "N",
                    "epos": "N"
                  }
                },
                {
                  "node": "l",
                  "frag": "EN",
                  "id": "P334810.l05f09",
                  "ref": "P334810.7.3",
                  "inst": "bēlī[lord]N",
                  "sig": "@saao/saa01%akk-x-neoass:EN=bēlu[lord//lord]N'N$bēlī",
                  "f": {
                    "lang": "akk-x-neoass",
                    "form": "EN",
                    "cf": "bēlu",
                    "gw": "lord",
                    "sense": "lord",
                    "norm": "bēlī",
                    "pos": "N",
                    "epos": "N"
                  }
                },
                {
                  "node": "l",
                  "frag": "⸢iš⸣-pur-[an-ni]",
                  "id": "P334810.l05f0a",
                  "ref": "P334810.7.4",
                  "inst": "išpuranni[write]V",
                  "sig": "@saao/saa01%akk-x-neoass:iš-pur-an-ni=šapāru[send//write]V'V$išpuranni",
                  "f": {
                    "lang": "akk-x-neoass",
                    "form": "iš-pur-an-ni",
                    "cf": "šapāru",
                    "gw": "send",
                    "sense": "write",
                    "norm": "išpuranni",
                    "pos": "V",
                    "epos": "V"
                  }
                },
                {
                  "node": "d",
                  "type": "line-start",
                  "ref": "P334810.8",
                  "n": "7",
                  "label": "o 7"
                },
                {
                  "node": "l",
                  "frag": "an-nu-rig",
                  "id": "P334810.l05f0b",
                  "ref": "P334810.8.1",
                  "inst": "annurig[now]AV",
                  "sig": "@saao/saa01%akk-x-neoass:an-nu-rig=annûri[now//now]AV'AV$annurig",
                  "f": {
                    "lang": "akk-x-neoass",
                    "form": "an-nu-rig",
                    "cf": "annûri",
                    "gw": "now",
                    "sense": "now",
                    "norm": "annurig",
                    "pos": "AV",
                    "epos": "AV"
                  }
                },
                {
                  "node": "l",
                  "frag": "{1}te-[x",
                  "id": "P334810.l05f0c",
                  "ref": "P334810.8.2",
                  "inst": "u",
                  "f": {
                    "lang": "akk-x-neoass",
                    "form": "{1}te-x",
                    "pos": "u"
                  }
                },
                {
                  "node": "l",
                  "frag": "x]",
                  "id": "P334810.l05f0d",
                  "ref": "P334810.8.3",
                  "inst": "u",
                  "f": {
                    "lang": "akk-x-neoass",
                    "form": "x",
                    "pos": "u"
                  }
                },
                {
                  "node": "d",
                  "type": "line-start",
                  "ref": "P334810.9",
                  "n": "8",
                  "label": "o 8"
                },
                {
                  "node": "l",
                  "frag": "a-hi",
                  "id": "P334810.l05f0e",
                  "ref": "P334810.9.1",
                  "inst": "ahī[arm]N",
                  "sig": "@saao/saa01%akk-x-neoass:a-hi=ahu[arm//arm]N'N$ahī",
                  "f": {
                    "lang": "akk-x-neoass",
                    "form": "a-hi",
                    "cf": "ahu",
                    "gw": "arm",
                    "sense": "arm",
                    "norm": "ahī",
                    "pos": "N",
                    "epos": "N"
                  }
                },
                {
                  "node": "l",
                  "frag": "GIR₃.2-MEŠ",
                  "id": "P334810.l05f0f",
                  "ref": "P334810.9.2",
                  "inst": "šēpē[foot]N",
                  "sig": "@saao/saa01%akk-x-neoass:GIR₃.2-MEŠ=šēpu[foot//foot]N'N$šēpē",
                  "f": {
                    "lang": "akk-x-neoass",
                    "form": "GIR₃.2-MEŠ",
                    "cf": "šēpu",
                    "gw": "foot",
                    "sense": "foot",
                    "norm": "šēpē",
                    "pos": "N",
                    "epos": "N"
                  }
                },
                {
                  "node": "l",
                  "frag": "si-[par-ri",
                  "id": "P334810.l05f10",
                  "ref": "P334810.9.3",
                  "inst": "siparri[shackles]N",
                  "sig": "@saao/saa01%akk-x-neoass:si-par-ri=siparru[bronze//shackles]N'N$siparri",
                  "f": {
                    "lang": "akk-x-neoass",
                    "form": "si-par-ri",
                    "cf": "siparru",
                    "gw": "bronze",
                    "sense": "shackles",
                    "norm": "siparri",
                    "pos": "N",
                    "epos": "N"
                  }
                },
                {
                  "node": "l",
                  "frag": "AN.BAR]",
                  "id": "P334810.l05f11",
                  "ref": "P334810.9.4",
                  "inst": "parzilli[iron]N",
                  "sig": "@saao/saa01%akk-x-neoass:AN.BAR=parzillu[iron//iron]N'N$parzilli",
                  "f": {
                    "lang": "akk-x-neoass",
                    "form": "AN.BAR",
                    "cf": "parzillu",
                    "gw": "iron",
                    "sense": "iron",
                    "norm": "parzilli",
                    "pos": "N",
                    "epos": "N"
                  }
                },
                {
                  "node": "d",
                  "type": "line-start",
                  "ref": "P334810.10",
                  "n": "9",
                  "label": "o 9"
                },
                {
                  "node": "l",
                  "frag": "[a]-⸢sa⸣-kan-[šu₂",
                  "id": "P334810.l05f12",
                  "ref": "P334810.10.1",
                  "inst": "assakanšu[place]V",
                  "sig": "@saao/saa01%akk-x-neoass:a-sa-kan-šu₂=šakānu[put//place]V'V$assakanšu",
                  "f": {
                    "lang": "akk-x-neoass",
                    "form": "a-sa-kan-šu₂",
                    "cf": "šakānu",
                    "gw": "put",
                    "sense": "place",
                    "norm": "assakanšu",
                    "pos": "V",
                    "epos": "V"
                  }
                },
                {
                  "node": "c",
                  "type": "phrase",
                  "tag": "phr",
                  "id": "P334810.U5",
                  "ref": "P334810.ls00001",
                  "cdl": [
                    {
                      "node": "l",
                      "frag": "ina",
                      "id": "P334810.l05f13",
                      "ref": "P334810.10.2",
                      "inst": "ina[in+=to]PRP",
                      "sig": "@saao/saa01%akk-x-neoass:ina=ina[in//in]PRP'PRP$ina",
                      "f": {
                        "lang": "akk-x-neoass",
                        "form": "ina",
                        "cf": "ina",
                        "gw": "in",
                        "sense": "in",
                        "norm": "ina",
                        "pos": "PRP",
                        "epos": "PRP"
                      }
                    },
                    {
                      "node": "l",
                      "frag": "IGI",
                      "id": "P334810.l05f14",
                      "ref": "P334810.10.3",
                      "inst": "pān[front]N",
                      "sig": "@saao/saa01%akk-x-neoass:IGI=pānu[front//front]N'N$pān",
                      "f": {
                        "lang": "akk-x-neoass",
                        "form": "IGI",
                        "cf": "pānu",
                        "gw": "front",
                        "sense": "front",
                        "norm": "pān",
                        "pos": "N",
                        "epos": "N"
                      }
                    }
                  ]
                },
                {
                  "node": "l",
                  "frag": "LUGAL",
                  "id": "P334810.l05f15",
                  "ref": "P334810.10.4",
                  "inst": "šarri[king]N",
                  "sig": "@saao/saa01%akk-x-neoass:LUGAL=šarru[king//king]N'N$šarri",
                  "f": {
                    "lang": "akk-x-neoass",
                    "form": "LUGAL",
                    "cf": "šarru",
                    "gw": "king",
                    "sense": "king",
                    "norm": "šarri",
                    "pos": "N",
                    "epos": "N"
                  }
                },
                {
                  "node": "l",
                  "frag": "EN-ia]",
                  "id": "P334810.l05f16",
                  "ref": "P334810.10.5",
                  "inst": "bēlīya[lord]N",
                  "sig": "@saao/saa01%akk-x-neoass:EN-ia=bēlu[lord//lord]N'N$bēlīya",
                  "f": {
                    "lang": "akk-x-neoass",
                    "form": "EN-ia",
                    "cf": "bēlu",
                    "gw": "lord",
                    "sense": "lord",
                    "norm": "bēlīya",
                    "pos": "N",
                    "epos": "N"
                  }
                },
                {
                  "node": "d",
                  "type": "line-start",
                  "ref": "P334810.11",
                  "n": "10",
                  "label": "o 10"
                },
                {
                  "node": "l",
                  "frag": "[u₂]-⸢se-bi⸣-[la-šu₂]",
                  "id": "P334810.l05f17",
                  "ref": "P334810.11.1",
                  "inst": "ussēbilaššu[send]V",
                  "sig": "@saao/saa01%akk-x-neoass:u₂-se-bi-la-šu₂=wabālu[bring//send]V'V$ussēbilaššu",
                  "f": {
                    "lang": "akk-x-neoass",
                    "form": "u₂-se-bi-la-šu₂",
                    "cf": "wabālu",
                    "gw": "bring",
                    "sense": "send",
                    "norm": "ussēbilaššu",
                    "pos": "V",
                    "epos": "V"
                  }
                },
                {
                  "node": "d",
                  "type": "nonx",
                  "ref": "P334810.12",
                  "strict": "0",
                  "extent": "rest",
                  "state": "missing"
                },
                {
                  "node": "d",
                  "subtype": "reverse",
                  "type": "reverse",
                  "ref": "P334810.r.13",
                  "label": "r"
                },
                {
                  "node": "d",
                  "type": "nonx",
                  "ref": "P334810.14",
                  "strict": "0",
                  "state": "other"
                }
              ]
            }
          ]
        }
      ]
    },
    {
      "linkbase": [
        {
          "type": "linkset",
          "xlink_title": "ina muhhi[on//about]PRP'PRP",
          "id": "P334810.ls00000",
          "xlink_type": "extended",
          "xlink_role": "psu",
          "sig": "{ina[in]PRP muhhu[skull]N += ina muhhi[on//about]PRP'PRP}::@saao%akk-x-neoass:ina=ina[in//into]PRP'PRP$ina++@saao%akk-x-neoass:UGU=muhhu[skull//skull]N'N$muhhi",
          "links": [
            {
              "type": "link",
              "xlink_title": "ina",
              "xlink_type": "locator",
              "xlink_href": "#P334810.l05f01",
              "xlink_role": "elt"
            },
            {
              "type": "link",
              "xlink_title": "muhhu",
              "xlink_type": "locator",
              "xlink_href": "#P334810.l05f02",
              "xlink_role": "elt"
            }
          ]
        },
        {
          "type": "linkset",
          "xlink_title": "ina pān[in the presence of//at the disposal of]PRP'PRP",
          "id": "P334810.ls00001",
          "xlink_type": "extended",
          "xlink_role": "psu",
          "sig": "{ina[in]PRP pānu[front]N += ina pān[in the presence of//at the disposal of]PRP'PRP}::@saao%akk-x-neoass:ina=ina[in//into]PRP'PRP$ina++@saao%akk-x-neoass:IGI=pānu[front//front]N'N$pān",
          "links": [
            {
              "type": "link",
              "xlink_title": "ina",
              "xlink_type": "locator",
              "xlink_href": "#P334810.l05f13",
              "xlink_role": "elt"
            },
            {
              "type": "link",
              "xlink_title": "pān",
              "xlink_type": "locator",
              "xlink_href": "#P334810.l05f14",
              "xlink_role": "elt"
            }
          ]
        }
      ]
    }
  ]
}
