{
  "type": "glossary",
  "project": "cams/gkab",
  "source": "http://oracc.org/cams/gkab",
  "license": "This data is released under the CC0 license",
  "license-url": "https://creativecommons.org/publicdomain/zero/1.0/",
  "more-info": "http://oracc.org/doc/opendata/",
  "UTC-timestamp": "2017-06-21T21:54:12",
  "lang": "qpn-x-ethnic",
  "entries": [
    {
      "headword": "Ahlamu[1]EN",
      "id": "qpn-x-ethnic.x000016",
      "icount": "3",
      "ipct": "100",
      "xis": "qpn.r00000",
      "cf": "Ahlamu",
      "gw": "1",
      "pos": "EN",
      "forms": [
        {
          "type": "form",
          "id": "qpn-x-ethnic.x000018",
          "n": "{d}ah-la-mat",
          "icount": "2",
          "ipct": "67",
          "xis": "qpn.r00001"
        },
        {
          "type": "form",
          "id": "qpn-x-ethnic.x000019",
          "n": "{lu₂}ah-la-mu-u₂",
          "icount": "1",
          "ipct": "33",
          "xis": "qpn.r00002"
        }
      ],
      "norms": [
        {
          "id": "qpn-x-ethnic.x000020",
          "icount": "2",
          "ipct": "67",
          "xis": "qpn.r00001",
          "n": "Ahlamat",
          "forms": [
            {
              "type": "normform",
              "id": "qpn-x-ethnic.x000021",
              "ref": "qpn-x-ethnic.x000018",
              "icount": "2",
              "ipct": "67",
              "xis": "qpn.r00001"
            }
          ]
        },
        {
          "id": "qpn-x-ethnic.x000022",
          "icount": "1",
          "ipct": "33",
          "xis": "qpn.r00002",
          "n": "Ahlamu",
          "forms": [
            {
              "type": "normform",
              "id": "qpn-x-ethnic.x000023",
              "ref": "qpn-x-ethnic.x000019",
              "icount": "1",
              "ipct": "33",
              "xis": "qpn.r00002"
            }
          ]
        }
      ],
      "senses": [
        {
          "type": "sense",
          "id": "qpn-x-ethnic.x000024",
          "n": "Ahlamu[1//1]EN'DN",
          "icount": "2",
          "ipct": "67",
          "xis": "qpn.r00001",
          "pos": "DN",
          "mng": "1",
          "forms": [
            {
              "type": "form",
              "id": "qpn-x-ethnic.x000025",
              "n": "%akk-x-stdbab:{d}ah-la-mat",
              "icount": "2",
              "ipct": "100",
              "xis": "qpn.r00001"
            }
          ],
          "norms": [
            {
              "id": "qpn-x-ethnic.x000026",
              "n": "Ahlamat",
              "icount": "2",
              "ipct": "100",
              "xis": "qpn.r00001"
            }
          ],
          "sigs": [
            {
              "type": "sig",
              "id": "qpn-x-ethnic.x000027",
              "sig": "@cams/gkab%akk-x-stdbab:{d}ah-la-mat=Ahlamu[1//1]EN'DN$Ahlamat",
              "icount": "2",
              "ipct": "100",
              "xis": "qpn.r00001"
            }
          ]
        },
        {
          "type": "sense",
          "id": "qpn-x-ethnic.x000028",
          "n": "Ahlamu[1//1]EN'EN",
          "icount": "1",
          "ipct": "33",
          "xis": "qpn.r00002",
          "pos": "EN",
          "mng": "1",
          "forms": [
            {
              "type": "form",
              "id": "qpn-x-ethnic.x000029",
              "n": "%akk-x-stdbab:{lu₂}ah-la-mu-u₂",
              "icount": "1",
              "ipct": "100",
              "xis": "qpn.r00002"
            }
          ],
          "norms": [
            {
              "id": "qpn-x-ethnic.x000030",
              "n": "Ahlamu",
              "icount": "1",
              "ipct": "100",
              "xis": "qpn.r00002"
            }
          ],
          "sigs": [
            {
              "type": "sig",
              "id": "qpn-x-ethnic.x000031",
              "sig": "@cams/gkab%akk-x-stdbab:{lu₂}ah-la-mu-u₂=Ahlamu[1//1]EN'EN$Ahlamu",
              "icount": "1",
              "ipct": "100",
              "xis": "qpn.r00002"
            }
          ]
        }
      ]
    },
    {
      "headword": "Akkadu[Akkadian]EN",
      "id": "qpn-x-ethnic.x000011",
      "icount": "1",
      "ipct": "100",
      "xis": "qpn.r00003",
      "cf": "Akkadu",
      "gw": "Akkadian",
      "pos": "EN",
      "forms": [
        {
          "type": "form",
          "id": "qpn-x-ethnic.x000032",
          "n": "ak-ka-di-i",
          "icount": "1",
          "ipct": "100",
          "xis": "qpn.r00003"
        }
      ],
      "norms": [
        {
          "id": "qpn-x-ethnic.x000033",
          "icount": "1",
          "ipct": "100",
          "xis": "qpn.r00003",
          "n": "Akkadi",
          "forms": [
            {
              "type": "normform",
              "id": "qpn-x-ethnic.x000034",
              "ref": "qpn-x-ethnic.x000032",
              "icount": "1",
              "ipct": "100",
              "xis": "qpn.r00003"
            }
          ]
        }
      ],
      "senses": [
        {
          "type": "sense",
          "id": "qpn-x-ethnic.x000035",
          "n": "Akkadu[Akkadian//Akkadian]EN'EN",
          "icount": "1",
          "ipct": "100",
          "xis": "qpn.r00003",
          "pos": "EN",
          "mng": "Akkadian",
          "forms": [
            {
              "type": "form",
              "id": "qpn-x-ethnic.x000036",
              "n": "%akk-x-stdbab:ak-ka-di-i",
              "icount": "1",
              "ipct": "100",
              "xis": "qpn.r00003"
            }
          ],
          "norms": [
            {
              "id": "qpn-x-ethnic.x000037",
              "n": "Akkadi",
              "icount": "1",
              "ipct": "100",
              "xis": "qpn.r00003"
            }
          ],
          "sigs": [
            {
              "type": "sig",
              "id": "qpn-x-ethnic.x000038",
              "sig": "@cams/gkab%akk-x-stdbab:ak-ka-di-i=Akkadu[Akkadian//Akkadian]EN'EN$Akkadi",
              "icount": "1",
              "ipct": "100",
              "xis": "qpn.r00003"
            }
          ]
        }
      ]
    },
    {
      "headword": "Amurru[Amorite]EN",
      "id": "qpn-x-ethnic.x000008",
      "icount": "6",
      "ipct": "100",
      "xis": "qpn.r00004",
      "cf": "Amurru",
      "gw": "Amorite",
      "pos": "EN",
      "forms": [
        {
          "type": "form",
          "id": "qpn-x-ethnic.x000039",
          "n": "MAR.TU",
          "icount": "1",
          "ipct": "17",
          "xis": "qpn.r00005"
        },
        {
          "type": "form",
          "id": "qpn-x-ethnic.x000040",
          "n": "MAR.TU{+i}",
          "icount": "1",
          "ipct": "17",
          "xis": "qpn.r00006"
        },
        {
          "type": "form",
          "id": "qpn-x-ethnic.x000041",
          "n": "MAR.TU₂",
          "icount": "1",
          "ipct": "17",
          "xis": "qpn.r00007"
        },
        {
          "type": "form",
          "id": "qpn-x-ethnic.x000042",
          "n": "a-mur-ru-u₂",
          "icount": "3",
          "ipct": "50",
          "xis": "qpn.r00008"
        }
      ],
      "norms": [
        {
          "id": "qpn-x-ethnic.x000043",
          "icount": "1",
          "ipct": "17",
          "xis": "qpn.r00006",
          "n": "Amurri",
          "forms": [
            {
              "type": "normform",
              "id": "qpn-x-ethnic.x000044",
              "ref": "qpn-x-ethnic.x000040",
              "icount": "1",
              "ipct": "17",
              "xis": "qpn.r00006"
            }
          ]
        },
        {
          "id": "qpn-x-ethnic.x000045",
          "icount": "5",
          "ipct": "83",
          "xis": "qpn.r00009",
          "n": "Amurru",
          "forms": [
            {
              "type": "normform",
              "id": "qpn-x-ethnic.x000046",
              "ref": "qpn-x-ethnic.x000039",
              "icount": "1",
              "ipct": "17",
              "xis": "qpn.r00005"
            },
            {
              "type": "normform",
              "id": "qpn-x-ethnic.x000047",
              "ref": "qpn-x-ethnic.x000041",
              "icount": "1",
              "ipct": "17",
              "xis": "qpn.r00007"
            },
            {
              "type": "normform",
              "id": "qpn-x-ethnic.x000048",
              "ref": "qpn-x-ethnic.x000042",
              "icount": "3",
              "ipct": "50",
              "xis": "qpn.r00008"
            }
          ]
        }
      ],
      "senses": [
        {
          "type": "sense",
          "id": "qpn-x-ethnic.x000049",
          "n": "Amurru[Amorite//Amorite]EN'EN",
          "icount": "6",
          "ipct": "100",
          "xis": "qpn.r00004",
          "pos": "EN",
          "mng": "Amorite",
          "forms": [
            {
              "type": "form",
              "id": "qpn-x-ethnic.x000050",
              "n": "%akk-x-stdbab:MAR.TU",
              "icount": "1",
              "ipct": "17",
              "xis": "qpn.r00005"
            },
            {
              "type": "form",
              "id": "qpn-x-ethnic.x000051",
              "n": "%akk-x-stdbab:MAR.TU{+i}",
              "icount": "1",
              "ipct": "17",
              "xis": "qpn.r00006"
            },
            {
              "type": "form",
              "id": "qpn-x-ethnic.x000052",
              "n": "%akk-x-stdbab:MAR.TU₂",
              "icount": "1",
              "ipct": "17",
              "xis": "qpn.r00007"
            },
            {
              "type": "form",
              "id": "qpn-x-ethnic.x000053",
              "n": "%akk-x-stdbab:a-mur-ru-u₂",
              "icount": "3",
              "ipct": "50",
              "xis": "qpn.r00008"
            }
          ],
          "norms": [
            {
              "id": "qpn-x-ethnic.x000054",
              "n": "Amurri",
              "icount": "1",
              "ipct": "17",
              "xis": "qpn.r00006"
            },
            {
              "id": "qpn-x-ethnic.x000055",
              "n": "Amurru",
              "icount": "5",
              "ipct": "83",
              "xis": "qpn.r00009"
            }
          ],
          "sigs": [
            {
              "type": "sig",
              "id": "qpn-x-ethnic.x000056",
              "sig": "@cams/gkab%akk-x-stdbab:MAR.TU=Amurru[Amorite//Amorite]EN'EN$Amurru",
              "icount": "1",
              "ipct": "17",
              "xis": "qpn.r00005"
            },
            {
              "type": "sig",
              "id": "qpn-x-ethnic.x000057",
              "sig": "@cams/gkab%akk-x-stdbab:MAR.TU{+i}=Amurru[Amorite//Amorite]EN'EN$Amurri",
              "icount": "1",
              "ipct": "17",
              "xis": "qpn.r00006"
            },
            {
              "type": "sig",
              "id": "qpn-x-ethnic.x000058",
              "sig": "@cams/gkab%akk-x-stdbab:MAR.TU₂=Amurru[Amorite//Amorite]EN'EN$Amurru",
              "icount": "1",
              "ipct": "17",
              "xis": "qpn.r00007"
            },
            {
              "type": "sig",
              "id": "qpn-x-ethnic.x000059",
              "sig": "@cams/gkab%akk-x-stdbab:a-mur-ru-u₂=Amurru[Amorite//Amorite]EN'EN$Amurru",
              "icount": "3",
              "ipct": "50",
              "xis": "qpn.r00008"
            }
          ]
        }
      ]
    },
    {
      "headword": "Aramu[Aramaean]EN",
      "id": "qpn-x-ethnic.x000010",
      "icount": "2",
      "ipct": "100",
      "xis": "qpn.r0000a",
      "cf": "Aramu",
      "gw": "Aramaean",
      "pos": "EN",
      "forms": [
        {
          "type": "form",
          "id": "qpn-x-ethnic.x000060",
          "n": "a-ra-mu",
          "icount": "2",
          "ipct": "100",
          "xis": "qpn.r0000a"
        }
      ],
      "norms": [
        {
          "id": "qpn-x-ethnic.x000061",
          "icount": "2",
          "ipct": "100",
          "xis": "qpn.r0000a",
          "n": "Aramu",
          "forms": [
            {
              "type": "normform",
              "id": "qpn-x-ethnic.x000062",
              "ref": "qpn-x-ethnic.x000060",
              "icount": "2",
              "ipct": "100",
              "xis": "qpn.r0000a"
            }
          ]
        }
      ],
      "senses": [
        {
          "type": "sense",
          "id": "qpn-x-ethnic.x000063",
          "n": "Aramu[Aramaean//Aramaean]EN'EN",
          "icount": "2",
          "ipct": "100",
          "xis": "qpn.r0000a",
          "pos": "EN",
          "mng": "Aramaean",
          "forms": [
            {
              "type": "form",
              "id": "qpn-x-ethnic.x000064",
              "n": "%akk-x-stdbab:a-ra-mu",
              "icount": "2",
              "ipct": "100",
              "xis": "qpn.r0000a"
            }
          ],
          "norms": [
            {
              "id": "qpn-x-ethnic.x000065",
              "n": "Aramu",
              "icount": "2",
              "ipct": "100",
              "xis": "qpn.r0000a"
            }
          ],
          "sigs": [
            {
              "type": "sig",
              "id": "qpn-x-ethnic.x000066",
              "sig": "@cams/gkab%akk-x-stdbab:a-ra-mu=Aramu[Aramaean//Aramaean]EN'EN$Aramu",
              "icount": "2",
              "ipct": "100",
              "xis": "qpn.r0000a"
            }
          ]
        }
      ]
    },
    {
      "headword": "Aššurayu[Assyrian]EN",
      "id": "qpn-x-ethnic.x000012",
      "icount": "2",
      "ipct": "100",
      "xis": "qpn.r0000b",
      "cf": "Aššurayu",
      "gw": "Assyrian",
      "pos": "EN",
      "forms": [
        {
          "type": "form",
          "id": "qpn-x-ethnic.x000067",
          "n": "aš+šur+{ki}-u₂",
          "icount": "1",
          "ipct": "50",
          "xis": "qpn.r0000c"
        },
        {
          "type": "form",
          "id": "qpn-x-ethnic.x000068",
          "n": "aš-šur-a-a{ki}",
          "icount": "1",
          "ipct": "50",
          "xis": "qpn.r0000d"
        }
      ],
      "norms": [
        {
          "id": "qpn-x-ethnic.x000069",
          "icount": "1",
          "ipct": "50",
          "xis": "qpn.r0000d",
          "n": "Aššuraya",
          "forms": [
            {
              "type": "normform",
              "id": "qpn-x-ethnic.x000070",
              "ref": "qpn-x-ethnic.x000068",
              "icount": "1",
              "ipct": "50",
              "xis": "qpn.r0000d"
            }
          ]
        },
        {
          "id": "qpn-x-ethnic.x000071",
          "icount": "1",
          "ipct": "50",
          "xis": "qpn.r0000c",
          "n": "Aššurayu",
          "forms": [
            {
              "type": "normform",
              "id": "qpn-x-ethnic.x000072",
              "ref": "qpn-x-ethnic.x000067",
              "icount": "1",
              "ipct": "50",
              "xis": "qpn.r0000c"
            }
          ]
        }
      ],
      "senses": [
        {
          "type": "sense",
          "id": "qpn-x-ethnic.x000073",
          "n": "Aššurayu[Assyrian//Assyrian]EN'EN",
          "icount": "2",
          "ipct": "100",
          "xis": "qpn.r0000b",
          "pos": "EN",
          "mng": "Assyrian",
          "forms": [
            {
              "type": "form",
              "id": "qpn-x-ethnic.x000074",
              "n": "%akk-x-stdbab:aš+šur+{ki}-u₂",
              "icount": "1",
              "ipct": "50",
              "xis": "qpn.r0000c"
            },
            {
              "type": "form",
              "id": "qpn-x-ethnic.x000075",
              "n": "%akk-x-stdbab:aš-šur-a-a{ki}",
              "icount": "1",
              "ipct": "50",
              "xis": "qpn.r0000d"
            }
          ],
          "norms": [
            {
              "id": "qpn-x-ethnic.x000076",
              "n": "Aššuraya",
              "icount": "1",
              "ipct": "50",
              "xis": "qpn.r0000d"
            },
            {
              "id": "qpn-x-ethnic.x000077",
              "n": "Aššurayu",
              "icount": "1",
              "ipct": "50",
              "xis": "qpn.r0000c"
            }
          ],
          "sigs": [
            {
              "type": "sig",
              "id": "qpn-x-ethnic.x000078",
              "sig": "@cams/gkab%akk-x-stdbab:aš+šur+{ki}-u₂=Aššurayu[Assyrian//Assyrian]EN'EN$Aššurayu",
              "icount": "1",
              "ipct": "50",
              "xis": "qpn.r0000c"
            },
            {
              "type": "sig",
              "id": "qpn-x-ethnic.x000079",
              "sig": "@cams/gkab%akk-x-stdbab:aš-šur-a-a{ki}=Aššurayu[Assyrian//Assyrian]EN'EN$Aššuraya",
              "icount": "1",
              "ipct": "50",
              "xis": "qpn.r0000d"
            }
          ]
        }
      ]
    },
    {
      "headword": "Babilayu[Babylonian]EN",
      "id": "qpn-x-ethnic.x000003",
      "icount": "2",
      "ipct": "100",
      "xis": "qpn.r0000e",
      "cf": "Babilayu",
      "gw": "Babylonian",
      "pos": "EN",
      "forms": [
        {
          "type": "form",
          "id": "qpn-x-ethnic.x000080",
          "n": "KA₂.DINGIR-a-a",
          "icount": "2",
          "ipct": "100",
          "xis": "qpn.r0000e"
        }
      ],
      "norms": [
        {
          "id": "qpn-x-ethnic.x000081",
          "icount": "2",
          "ipct": "100",
          "xis": "qpn.r0000e",
          "n": "Babilaya",
          "forms": [
            {
              "type": "normform",
              "id": "qpn-x-ethnic.x000082",
              "ref": "qpn-x-ethnic.x000080",
              "icount": "2",
              "ipct": "100",
              "xis": "qpn.r0000e"
            }
          ]
        }
      ],
      "senses": [
        {
          "type": "sense",
          "id": "qpn-x-ethnic.x000083",
          "n": "Babilayu[Babylonian//Babylonian]EN'EN",
          "icount": "2",
          "ipct": "100",
          "xis": "qpn.r0000e",
          "pos": "EN",
          "mng": "Babylonian",
          "forms": [
            {
              "type": "form",
              "id": "qpn-x-ethnic.x000084",
              "n": "%akk-x-neoass:KA₂.DINGIR-a-a",
              "icount": "2",
              "ipct": "100",
              "xis": "qpn.r0000e"
            }
          ],
          "norms": [
            {
              "id": "qpn-x-ethnic.x000085",
              "n": "Babilaya",
              "icount": "2",
              "ipct": "100",
              "xis": "qpn.r0000e"
            }
          ],
          "sigs": [
            {
              "type": "sig",
              "id": "qpn-x-ethnic.x000086",
              "sig": "@cams/gkab%akk-x-neoass:KA₂.DINGIR-a-a=Babilayu[Babylonian//Babylonian]EN'EN$Babilaya",
              "icount": "2",
              "ipct": "100",
              "xis": "qpn.r0000e"
            }
          ]
        }
      ]
    },
    {
      "headword": "Dilmunnu[Dilmunite]EN",
      "id": "qpn-x-ethnic.x000013",
      "icount": "1",
      "ipct": "100",
      "xis": "qpn.r0000f",
      "cf": "Dilmunnu",
      "gw": "Dilmunite",
      "pos": "EN",
      "forms": [
        {
          "type": "form",
          "id": "qpn-x-ethnic.x000087",
          "n": "dil-mun-nu-u₂",
          "icount": "1",
          "ipct": "100",
          "xis": "qpn.r0000f"
        }
      ],
      "norms": [
        {
          "id": "qpn-x-ethnic.x000088",
          "icount": "1",
          "ipct": "100",
          "xis": "qpn.r0000f",
          "n": "Dilmunnu",
          "forms": [
            {
              "type": "normform",
              "id": "qpn-x-ethnic.x000089",
              "ref": "qpn-x-ethnic.x000087",
              "icount": "1",
              "ipct": "100",
              "xis": "qpn.r0000f"
            }
          ]
        }
      ],
      "senses": [
        {
          "type": "sense",
          "id": "qpn-x-ethnic.x000090",
          "n": "Dilmunnu[Dilmunite//Dilmunite]EN'EN",
          "icount": "1",
          "ipct": "100",
          "xis": "qpn.r0000f",
          "pos": "EN",
          "mng": "Dilmunite",
          "forms": [
            {
              "type": "form",
              "id": "qpn-x-ethnic.x000091",
              "n": "%akk-x-stdbab:dil-mun-nu-u₂",
              "icount": "1",
              "ipct": "100",
              "xis": "qpn.r0000f"
            }
          ],
          "norms": [
            {
              "id": "qpn-x-ethnic.x000092",
              "n": "Dilmunnu",
              "icount": "1",
              "ipct": "100",
              "xis": "qpn.r0000f"
            }
          ],
          "sigs": [
            {
              "type": "sig",
              "id": "qpn-x-ethnic.x000093",
              "sig": "@cams/gkab%akk-x-stdbab:dil-mun-nu-u₂=Dilmunnu[Dilmunite//Dilmunite]EN'EN$Dilmunnu",
              "icount": "1",
              "ipct": "100",
              "xis": "qpn.r0000f"
            }
          ]
        }
      ]
    },
    {
      "headword": "Halzayu[Halzean]EN",
      "id": "qpn-x-ethnic.x000004",
      "icount": "1",
      "ipct": "100",
      "xis": "qpn.r00010",
      "cf": "Halzayu",
      "gw": "Halzean",
      "pos": "EN",
      "forms": [
        {
          "type": "form",
          "id": "qpn-x-ethnic.x000094",
          "n": "{kur}hal-za-a-a",
          "icount": "1",
          "ipct": "100",
          "xis": "qpn.r00010"
        }
      ],
      "norms": [
        {
          "id": "qpn-x-ethnic.x000095",
          "icount": "1",
          "ipct": "100",
          "xis": "qpn.r00010",
          "n": "Halzaya",
          "forms": [
            {
              "type": "normform",
              "id": "qpn-x-ethnic.x000096",
              "ref": "qpn-x-ethnic.x000094",
              "icount": "1",
              "ipct": "100",
              "xis": "qpn.r00010"
            }
          ]
        }
      ],
      "senses": [
        {
          "type": "sense",
          "id": "qpn-x-ethnic.x000097",
          "n": "Halzayu[Halzean//Halzean]EN'EN",
          "icount": "1",
          "ipct": "100",
          "xis": "qpn.r00010",
          "pos": "EN",
          "mng": "Halzean",
          "forms": [
            {
              "type": "form",
              "id": "qpn-x-ethnic.x000098",
              "n": "%akk-x-neoass:{kur}hal-za-a-a",
              "icount": "1",
              "ipct": "100",
              "xis": "qpn.r00010"
            }
          ],
          "norms": [
            {
              "id": "qpn-x-ethnic.x000099",
              "n": "Halzaya",
              "icount": "1",
              "ipct": "100",
              "xis": "qpn.r00010"
            }
          ],
          "sigs": [
            {
              "type": "sig",
              "id": "qpn-x-ethnic.x000100",
              "sig": "@cams/gkab%akk-x-neoass:{kur}hal-za-a-a=Halzayu[Halzean//Halzean]EN'EN$Halzaya",
              "icount": "1",
              "ipct": "100",
              "xis": "qpn.r00010"
            }
          ]
        }
      ]
    },
    {
      "headword": "Kaššu[Kassite]EN",
      "id": "qpn-x-ethnic.x000014",
      "icount": "4",
      "ipct": "100",
      "xis": "qpn.r00011",
      "cf": "Kaššu",
      "gw": "Kassite",
      "pos": "EN",
      "forms": [
        {
          "type": "form",
          "id": "qpn-x-ethnic.x000101",
          "n": "kaš-ši-i",
          "icount": "2",
          "ipct": "50",
          "xis": "qpn.r00012"
        },
        {
          "type": "form",
          "id": "qpn-x-ethnic.x000102",
          "n": "ka₃-ši-i",
          "icount": "2",
          "ipct": "50",
          "xis": "qpn.r00013"
        }
      ],
      "norms": [
        {
          "id": "qpn-x-ethnic.x000103",
          "icount": "4",
          "ipct": "100",
          "xis": "qpn.r00011",
          "n": "Kašši",
          "forms": [
            {
              "type": "normform",
              "id": "qpn-x-ethnic.x000104",
              "ref": "qpn-x-ethnic.x000101",
              "icount": "2",
              "ipct": "50",
              "xis": "qpn.r00012"
            },
            {
              "type": "normform",
              "id": "qpn-x-ethnic.x000105",
              "ref": "qpn-x-ethnic.x000102",
              "icount": "2",
              "ipct": "50",
              "xis": "qpn.r00013"
            }
          ]
        }
      ],
      "senses": [
        {
          "type": "sense",
          "id": "qpn-x-ethnic.x000106",
          "n": "Kaššu[Kassite//Kassite]EN'EN",
          "icount": "4",
          "ipct": "100",
          "xis": "qpn.r00011",
          "pos": "EN",
          "mng": "Kassite",
          "forms": [
            {
              "type": "form",
              "id": "qpn-x-ethnic.x000107",
              "n": "%akk-x-stdbab:kaš-ši-i",
              "icount": "2",
              "ipct": "50",
              "xis": "qpn.r00012"
            },
            {
              "type": "form",
              "id": "qpn-x-ethnic.x000108",
              "n": "%akk-x-stdbab:ka₃-ši-i",
              "icount": "2",
              "ipct": "50",
              "xis": "qpn.r00013"
            }
          ],
          "norms": [
            {
              "id": "qpn-x-ethnic.x000109",
              "n": "Kašši",
              "icount": "4",
              "ipct": "100",
              "xis": "qpn.r00011"
            }
          ],
          "sigs": [
            {
              "type": "sig",
              "id": "qpn-x-ethnic.x000110",
              "sig": "@cams/gkab%akk-x-stdbab:kaš-ši-i=Kaššu[Kassite//Kassite]EN'EN$Kašši",
              "icount": "2",
              "ipct": "50",
              "xis": "qpn.r00012"
            },
            {
              "type": "sig",
              "id": "qpn-x-ethnic.x000111",
              "sig": "@cams/gkab%akk-x-stdbab:ka₃-ši-i=Kaššu[Kassite//Kassite]EN'EN$Kašši",
              "icount": "2",
              "ipct": "50",
              "xis": "qpn.r00013"
            }
          ]
        }
      ]
    },
    {
      "headword": "Kišayu[Kishite]EN",
      "id": "qpn-x-ethnic.x000007",
      "icount": "1",
      "ipct": "100",
      "xis": "qpn.r00014",
      "cf": "Kišayu",
      "gw": "Kishite",
      "pos": "EN",
      "forms": [
        {
          "type": "form",
          "id": "qpn-x-ethnic.x000112",
          "n": "KIŠ{ki}{+tu₄}",
          "icount": "1",
          "ipct": "100",
          "xis": "qpn.r00014"
        }
      ],
      "norms": [
        {
          "id": "qpn-x-ethnic.x000113",
          "icount": "1",
          "ipct": "100",
          "xis": "qpn.r00014",
          "n": "Kišitu",
          "forms": [
            {
              "type": "normform",
              "id": "qpn-x-ethnic.x000114",
              "ref": "qpn-x-ethnic.x000112",
              "icount": "1",
              "ipct": "100",
              "xis": "qpn.r00014"
            }
          ]
        }
      ],
      "senses": [
        {
          "type": "sense",
          "id": "qpn-x-ethnic.x000115",
          "n": "Kišayu[Kishite//Kishite]EN'EN",
          "icount": "1",
          "ipct": "100",
          "xis": "qpn.r00014",
          "pos": "EN",
          "mng": "Kishite",
          "forms": [
            {
              "type": "form",
              "id": "qpn-x-ethnic.x000116",
              "n": "%akk-x-stdbab:KIŠ{ki}{+tu₄}",
              "icount": "1",
              "ipct": "100",
              "xis": "qpn.r00014"
            }
          ],
          "norms": [
            {
              "id": "qpn-x-ethnic.x000117",
              "n": "Kišitu",
              "icount": "1",
              "ipct": "100",
              "xis": "qpn.r00014"
            }
          ],
          "sigs": [
            {
              "type": "sig",
              "id": "qpn-x-ethnic.x000118",
              "sig": "@cams/gkab%akk-x-stdbab:KIŠ{ki}{+tu₄}=Kišayu[Kishite//Kishite]EN'EN$Kišitu",
              "icount": "1",
              "ipct": "100",
              "xis": "qpn.r00014"
            }
          ]
        }
      ]
    },
    {
      "headword": "Madaya[Mede]EN",
      "id": "qpn-x-ethnic.x000002",
      "icount": "2",
      "ipct": "100",
      "xis": "qpn.r00015",
      "cf": "Madaya",
      "gw": "Mede",
      "pos": "EN",
      "forms": [
        {
          "type": "form",
          "id": "qpn-x-ethnic.x000119",
          "n": "{lu₂}ma-da-a-a",
          "icount": "2",
          "ipct": "100",
          "xis": "qpn.r00015"
        }
      ],
      "norms": [
        {
          "id": "qpn-x-ethnic.x000120",
          "icount": "2",
          "ipct": "100",
          "xis": "qpn.r00015",
          "n": "Madaya",
          "forms": [
            {
              "type": "normform",
              "id": "qpn-x-ethnic.x000121",
              "ref": "qpn-x-ethnic.x000119",
              "icount": "2",
              "ipct": "100",
              "xis": "qpn.r00015"
            }
          ]
        }
      ],
      "senses": [
        {
          "type": "sense",
          "id": "qpn-x-ethnic.x000122",
          "n": "Madaya[Mede//Mede]EN'EN",
          "icount": "2",
          "ipct": "100",
          "xis": "qpn.r00015",
          "pos": "EN",
          "mng": "Mede",
          "forms": [
            {
              "type": "form",
              "id": "qpn-x-ethnic.x000123",
              "n": "%akk-x-ltebab:{lu₂}ma-da-a-a",
              "icount": "2",
              "ipct": "100",
              "xis": "qpn.r00015"
            }
          ],
          "norms": [
            {
              "id": "qpn-x-ethnic.x000124",
              "n": "Madaya",
              "icount": "2",
              "ipct": "100",
              "xis": "qpn.r00015"
            }
          ],
          "sigs": [
            {
              "type": "sig",
              "id": "qpn-x-ethnic.x000125",
              "sig": "@cams/gkab%akk-x-ltebab:{lu₂}ma-da-a-a=Madaya[Mede//Mede]EN'EN$Madaya",
              "icount": "2",
              "ipct": "100",
              "xis": "qpn.r00015"
            }
          ]
        }
      ]
    },
    {
      "headword": "Parsu[Persian]EN",
      "id": "qpn-x-ethnic.x000000",
      "icount": "2",
      "ipct": "100",
      "xis": "qpn.r00016",
      "cf": "Parsu",
      "gw": "Persian",
      "pos": "EN",
      "forms": [
        {
          "type": "form",
          "id": "qpn-x-ethnic.x000126",
          "n": "par-su",
          "icount": "2",
          "ipct": "100",
          "xis": "qpn.r00016"
        }
      ],
      "norms": [
        {
          "id": "qpn-x-ethnic.x000127",
          "icount": "2",
          "ipct": "100",
          "xis": "qpn.r00016",
          "n": "Parsu",
          "forms": [
            {
              "type": "normform",
              "id": "qpn-x-ethnic.x000128",
              "ref": "qpn-x-ethnic.x000126",
              "icount": "2",
              "ipct": "100",
              "xis": "qpn.r00016"
            }
          ]
        }
      ],
      "senses": [
        {
          "type": "sense",
          "id": "qpn-x-ethnic.x000129",
          "n": "Parsu[Persian//Persian]EN'EN",
          "icount": "2",
          "ipct": "100",
          "xis": "qpn.r00016",
          "pos": "EN",
          "mng": "Persian",
          "forms": [
            {
              "type": "form",
              "id": "qpn-x-ethnic.x000130",
              "n": "%akk-x-ltebab:par-su",
              "icount": "2",
              "ipct": "100",
              "xis": "qpn.r00016"
            }
          ],
          "norms": [
            {
              "id": "qpn-x-ethnic.x000131",
              "n": "Parsu",
              "icount": "2",
              "ipct": "100",
              "xis": "qpn.r00016"
            }
          ],
          "sigs": [
            {
              "type": "sig",
              "id": "qpn-x-ethnic.x000132",
              "sig": "@cams/gkab%akk-x-ltebab:par-su=Parsu[Persian//Persian]EN'EN$Parsu",
              "icount": "2",
              "ipct": "100",
              "xis": "qpn.r00016"
            }
          ]
        }
      ]
    },
    {
      "headword": "Sutu[Sutean]EN",
      "id": "qpn-x-ethnic.x000015",
      "icount": "3",
      "ipct": "100",
      "xis": "qpn.r00017",
      "cf": "Sutu",
      "gw": "Sutean",
      "pos": "EN",
      "forms": [
        {
          "type": "form",
          "id": "qpn-x-ethnic.x000133",
          "n": "su-ti-ti",
          "icount": "1",
          "ipct": "33",
          "xis": "qpn.r00018"
        },
        {
          "type": "form",
          "id": "qpn-x-ethnic.x000134",
          "n": "su-ti₂-i",
          "icount": "1",
          "ipct": "33",
          "xis": "qpn.r00019"
        },
        {
          "type": "form",
          "id": "qpn-x-ethnic.x000135",
          "n": "su-tu-u₂",
          "icount": "1",
          "ipct": "33",
          "xis": "qpn.r0001a"
        }
      ],
      "norms": [
        {
          "id": "qpn-x-ethnic.x000136",
          "icount": "1",
          "ipct": "33",
          "xis": "qpn.r00019",
          "n": "Suti",
          "forms": [
            {
              "type": "normform",
              "id": "qpn-x-ethnic.x000137",
              "ref": "qpn-x-ethnic.x000134",
              "icount": "1",
              "ipct": "33",
              "xis": "qpn.r00019"
            }
          ]
        },
        {
          "id": "qpn-x-ethnic.x000138",
          "icount": "1",
          "ipct": "33",
          "xis": "qpn.r00018",
          "n": "Sutiti",
          "forms": [
            {
              "type": "normform",
              "id": "qpn-x-ethnic.x000139",
              "ref": "qpn-x-ethnic.x000133",
              "icount": "1",
              "ipct": "33",
              "xis": "qpn.r00018"
            }
          ]
        },
        {
          "id": "qpn-x-ethnic.x000140",
          "icount": "1",
          "ipct": "33",
          "xis": "qpn.r0001a",
          "n": "Sutu",
          "forms": [
            {
              "type": "normform",
              "id": "qpn-x-ethnic.x000141",
              "ref": "qpn-x-ethnic.x000135",
              "icount": "1",
              "ipct": "33",
              "xis": "qpn.r0001a"
            }
          ]
        }
      ],
      "senses": [
        {
          "type": "sense",
          "id": "qpn-x-ethnic.x000142",
          "n": "Sutu[Sutean//Sutean]EN'EN",
          "icount": "3",
          "ipct": "100",
          "xis": "qpn.r00017",
          "pos": "EN",
          "mng": "Sutean",
          "forms": [
            {
              "type": "form",
              "id": "qpn-x-ethnic.x000143",
              "n": "%akk-x-stdbab:su-ti-ti",
              "icount": "1",
              "ipct": "33",
              "xis": "qpn.r00018"
            },
            {
              "type": "form",
              "id": "qpn-x-ethnic.x000144",
              "n": "%akk-x-stdbab:su-ti₂-i",
              "icount": "1",
              "ipct": "33",
              "xis": "qpn.r00019"
            },
            {
              "type": "form",
              "id": "qpn-x-ethnic.x000145",
              "n": "%akk-x-stdbab:su-tu-u₂",
              "icount": "1",
              "ipct": "33",
              "xis": "qpn.r0001a"
            }
          ],
          "norms": [
            {
              "id": "qpn-x-ethnic.x000146",
              "n": "Suti",
              "icount": "1",
              "ipct": "33",
              "xis": "qpn.r00019"
            },
            {
              "id": "qpn-x-ethnic.x000147",
              "n": "Sutiti",
              "icount": "1",
              "ipct": "33",
              "xis": "qpn.r00018"
            },
            {
              "id": "qpn-x-ethnic.x000148",
              "n": "Sutu",
              "icount": "1",
              "ipct": "33",
              "xis": "qpn.r0001a"
            }
          ],
          "sigs": [
            {
              "type": "sig",
              "id": "qpn-x-ethnic.x000149",
              "sig": "@cams/gkab%akk-x-stdbab:su-ti-ti=Sutu[Sutean//Sutean]EN'EN$Sutiti",
              "icount": "1",
              "ipct": "33",
              "xis": "qpn.r00018"
            },
            {
              "type": "sig",
              "id": "qpn-x-ethnic.x000150",
              "sig": "@cams/gkab%akk-x-stdbab:su-ti₂-i=Sutu[Sutean//Sutean]EN'EN$Suti",
              "icount": "1",
              "ipct": "33",
              "xis": "qpn.r00019"
            },
            {
              "type": "sig",
              "id": "qpn-x-ethnic.x000151",
              "sig": "@cams/gkab%akk-x-stdbab:su-tu-u₂=Sutu[Sutean//Sutean]EN'EN$Sutu",
              "icount": "1",
              "ipct": "33",
              "xis": "qpn.r0001a"
            }
          ]
        }
      ]
    },
    {
      "headword": "Tiranayu[Tiranaean]EN",
      "id": "qpn-x-ethnic.x000009",
      "icount": "7",
      "ipct": "100",
      "xis": "qpn.r0001b",
      "cf": "Tiranayu",
      "gw": "Tiranaean",
      "pos": "EN",
      "forms": [
        {
          "type": "form",
          "id": "qpn-x-ethnic.x000152",
          "n": "TIR.AN.NA{ki}{+u₂}",
          "icount": "7",
          "ipct": "100",
          "xis": "qpn.r0001b"
        }
      ],
      "norms": [
        {
          "id": "qpn-x-ethnic.x000153",
          "icount": "7",
          "ipct": "100",
          "xis": "qpn.r0001b",
          "n": "Tiranayu",
          "forms": [
            {
              "type": "normform",
              "id": "qpn-x-ethnic.x000154",
              "ref": "qpn-x-ethnic.x000152",
              "icount": "7",
              "ipct": "100",
              "xis": "qpn.r0001b"
            }
          ]
        }
      ],
      "senses": [
        {
          "type": "sense",
          "id": "qpn-x-ethnic.x000155",
          "n": "Tiranayu[Tiranaean//Tiranaean]EN'EN",
          "icount": "7",
          "ipct": "100",
          "xis": "qpn.r0001b",
          "pos": "EN",
          "mng": "Tiranaean",
          "forms": [
            {
              "type": "form",
              "id": "qpn-x-ethnic.x000156",
              "n": "%akk-x-stdbab:TIR.AN.NA{ki}{+u₂}",
              "icount": "7",
              "ipct": "100",
              "xis": "qpn.r0001b"
            }
          ],
          "norms": [
            {
              "id": "qpn-x-ethnic.x000157",
              "n": "Tiranayu",
              "icount": "7",
              "ipct": "100",
              "xis": "qpn.r0001b"
            }
          ],
          "sigs": [
            {
              "type": "sig",
              "id": "qpn-x-ethnic.x000158",
              "sig": "@cams/gkab%akk-x-stdbab:TIR.AN.NA{ki}{+u₂}=Tiranayu[Tiranaean//Tiranaean]EN'EN$Tiranayu",
              "icount": "7",
              "ipct": "100",
              "xis": "qpn.r0001b"
            }
          ]
        }
      ]
    },
    {
      "headword": "Umman-manda[1]EN",
      "id": "qpn-x-ethnic.x000006",
      "icount": "2",
      "ipct": "100",
      "xis": "qpn.r0001c",
      "cf": "Umman-manda",
      "gw": "1",
      "pos": "EN",
      "forms": [
        {
          "type": "form",
          "id": "qpn-x-ethnic.x000159",
          "n": "EREN₂-man-da",
          "icount": "2",
          "ipct": "100",
          "xis": "qpn.r0001c"
        }
      ],
      "norms": [
        {
          "id": "qpn-x-ethnic.x000160",
          "icount": "2",
          "ipct": "100",
          "xis": "qpn.r0001c",
          "n": "Umman-manda",
          "forms": [
            {
              "type": "normform",
              "id": "qpn-x-ethnic.x000161",
              "ref": "qpn-x-ethnic.x000159",
              "icount": "2",
              "ipct": "100",
              "xis": "qpn.r0001c"
            }
          ]
        }
      ],
      "senses": [
        {
          "type": "sense",
          "id": "qpn-x-ethnic.x000162",
          "n": "Umman-manda[1//1]EN'EN",
          "icount": "2",
          "ipct": "100",
          "xis": "qpn.r0001c",
          "pos": "EN",
          "mng": "1",
          "forms": [
            {
              "type": "form",
              "id": "qpn-x-ethnic.x000163",
              "n": "%akk-x-stdbab:EREN₂-man-da",
              "icount": "2",
              "ipct": "100",
              "xis": "qpn.r0001c"
            }
          ],
          "norms": [
            {
              "id": "qpn-x-ethnic.x000164",
              "n": "Umman-manda",
              "icount": "2",
              "ipct": "100",
              "xis": "qpn.r0001c"
            }
          ],
          "sigs": [
            {
              "type": "sig",
              "id": "qpn-x-ethnic.x000165",
              "sig": "@cams/gkab%akk-x-stdbab:EREN₂-man-da=Umman-manda[1//1]EN'EN$Umman-manda",
              "icount": "2",
              "ipct": "100",
              "xis": "qpn.r0001c"
            }
          ]
        }
      ]
    },
    {
      "headword": "Urarṭaya[Urarṭian]EN",
      "id": "qpn-x-ethnic.x000005",
      "icount": "3",
      "ipct": "100",
      "xis": "qpn.r0001d",
      "cf": "Urarṭaya",
      "gw": "Urarṭian",
      "pos": "EN",
      "forms": [
        {
          "type": "form",
          "id": "qpn-x-ethnic.x000166",
          "n": "{kur}ur-ar-ṭa-a-a",
          "icount": "1",
          "ipct": "33",
          "xis": "qpn.r0001e"
        },
        {
          "type": "form",
          "id": "qpn-x-ethnic.x000167",
          "n": "{kur}ur-ar₂-ṭa-a-a",
          "icount": "2",
          "ipct": "67",
          "xis": "qpn.r0001f"
        }
      ],
      "norms": [
        {
          "id": "qpn-x-ethnic.x000168",
          "icount": "3",
          "ipct": "100",
          "xis": "qpn.r0001d",
          "n": "Urarṭaya",
          "forms": [
            {
              "type": "normform",
              "id": "qpn-x-ethnic.x000169",
              "ref": "qpn-x-ethnic.x000166",
              "icount": "1",
              "ipct": "33",
              "xis": "qpn.r0001e"
            },
            {
              "type": "normform",
              "id": "qpn-x-ethnic.x000170",
              "ref": "qpn-x-ethnic.x000167",
              "icount": "2",
              "ipct": "67",
              "xis": "qpn.r0001f"
            }
          ]
        }
      ],
      "senses": [
        {
          "type": "sense",
          "id": "qpn-x-ethnic.x000171",
          "n": "Urarṭaya[Urarṭian//Urarṭian]EN'EN",
          "icount": "3",
          "ipct": "100",
          "xis": "qpn.r0001d",
          "pos": "EN",
          "mng": "Urarṭian",
          "forms": [
            {
              "type": "form",
              "id": "qpn-x-ethnic.x000172",
              "n": "%akk-x-neoass:{kur}ur-ar-ṭa-a-a",
              "icount": "1",
              "ipct": "33",
              "xis": "qpn.r0001e"
            },
            {
              "type": "form",
              "id": "qpn-x-ethnic.x000173",
              "n": "%akk-x-neoass:{kur}ur-ar₂-ṭa-a-a",
              "icount": "2",
              "ipct": "67",
              "xis": "qpn.r0001f"
            }
          ],
          "norms": [
            {
              "id": "qpn-x-ethnic.x000174",
              "n": "Urarṭaya",
              "icount": "3",
              "ipct": "100",
              "xis": "qpn.r0001d"
            }
          ],
          "sigs": [
            {
              "type": "sig",
              "id": "qpn-x-ethnic.x000175",
              "sig": "@cams/gkab%akk-x-neoass:{kur}ur-ar-ṭa-a-a=Urarṭaya[Urarṭian//Urarṭian]EN'EN$Urarṭaya",
              "icount": "1",
              "ipct": "33",
              "xis": "qpn.r0001e"
            },
            {
              "type": "sig",
              "id": "qpn-x-ethnic.x000176",
              "sig": "@cams/gkab%akk-x-neoass:{kur}ur-ar₂-ṭa-a-a=Urarṭaya[Urarṭian//Urarṭian]EN'EN$Urarṭaya",
              "icount": "2",
              "ipct": "67",
              "xis": "qpn.r0001f"
            }
          ]
        }
      ]
    },
    {
      "headword": "Urukayu[Urukean]EN",
      "id": "qpn-x-ethnic.x000001",
      "icount": "32",
      "ipct": "100",
      "xis": "qpn.r00020",
      "cf": "Urukayu",
      "gw": "Urukean",
      "pos": "EN",
      "forms": [
        {
          "type": "form",
          "id": "qpn-x-ethnic.x000177",
          "n": "{lu₂}UNUG{ki}{+u₂}",
          "icount": "1",
          "ipct": "3",
          "xis": "qpn.r00021"
        },
        {
          "type": "form",
          "id": "qpn-x-ethnic.x000178",
          "n": "UNUG{ki}",
          "icount": "2",
          "ipct": "6",
          "xis": "qpn.r00022"
        },
        {
          "type": "form",
          "id": "qpn-x-ethnic.x000179",
          "n": "UNUG{ki}{+a}",
          "icount": "1",
          "ipct": "3",
          "xis": "qpn.r00023"
        },
        {
          "type": "form",
          "id": "qpn-x-ethnic.x000180",
          "n": "UNUG{ki}{+u}",
          "icount": "1",
          "ipct": "3",
          "xis": "qpn.r00024"
        },
        {
          "type": "form",
          "id": "qpn-x-ethnic.x000181",
          "n": "UNUG{ki}{+u₂}",
          "icount": "18",
          "ipct": "56",
          "xis": "qpn.r00025"
        },
        {
          "type": "form",
          "id": "qpn-x-ethnic.x000182",
          "n": "qaq-qar-a-na{ki}-u₂",
          "icount": "1",
          "ipct": "3",
          "xis": "qpn.r00026"
        },
        {
          "type": "form",
          "id": "qpn-x-ethnic.x000183",
          "n": "{d}a-nu{ki}-u₂",
          "icount": "1",
          "ipct": "3",
          "xis": "qpn.r00027"
        },
        {
          "type": "form",
          "id": "qpn-x-ethnic.x000184",
          "n": "{lu₂}UNUG{ki}",
          "icount": "1",
          "ipct": "3",
          "xis": "qpn.r00028"
        },
        {
          "type": "form",
          "id": "qpn-x-ethnic.x000185",
          "n": "{lu₂}UNUG{ki}{+a}",
          "icount": "1",
          "ipct": "3",
          "xis": "qpn.r00029"
        },
        {
          "type": "form",
          "id": "qpn-x-ethnic.x000186",
          "n": "{lu₂}qaq-qar-{d}a-nu{ki}-u",
          "icount": "2",
          "ipct": "6",
          "xis": "qpn.r0002a"
        },
        {
          "type": "form",
          "id": "qpn-x-ethnic.x000187",
          "n": "{lu₂}qaq-qar-{d}a-nu{ki}-u₂",
          "icount": "3",
          "ipct": "9",
          "xis": "qpn.r0002b"
        }
      ],
      "norms": [
        {
          "id": "qpn-x-ethnic.x000188",
          "icount": "2",
          "ipct": "6",
          "xis": "qpn.r0002c",
          "n": "Urukaya",
          "forms": [
            {
              "type": "normform",
              "id": "qpn-x-ethnic.x000189",
              "ref": "qpn-x-ethnic.x000179",
              "icount": "1",
              "ipct": "3",
              "xis": "qpn.r00023"
            },
            {
              "type": "normform",
              "id": "qpn-x-ethnic.x000190",
              "ref": "qpn-x-ethnic.x000185",
              "icount": "1",
              "ipct": "3",
              "xis": "qpn.r00029"
            }
          ]
        },
        {
          "id": "qpn-x-ethnic.x000191",
          "icount": "30",
          "ipct": "94",
          "xis": "qpn.r0002d",
          "n": "Urukayu",
          "forms": [
            {
              "type": "normform",
              "id": "qpn-x-ethnic.x000192",
              "ref": "qpn-x-ethnic.x000177",
              "icount": "1",
              "ipct": "3",
              "xis": "qpn.r00021"
            },
            {
              "type": "normform",
              "id": "qpn-x-ethnic.x000193",
              "ref": "qpn-x-ethnic.x000178",
              "icount": "2",
              "ipct": "6",
              "xis": "qpn.r00022"
            },
            {
              "type": "normform",
              "id": "qpn-x-ethnic.x000194",
              "ref": "qpn-x-ethnic.x000180",
              "icount": "1",
              "ipct": "3",
              "xis": "qpn.r00024"
            },
            {
              "type": "normform",
              "id": "qpn-x-ethnic.x000195",
              "ref": "qpn-x-ethnic.x000181",
              "icount": "18",
              "ipct": "56",
              "xis": "qpn.r00025"
            },
            {
              "type": "normform",
              "id": "qpn-x-ethnic.x000196",
              "ref": "qpn-x-ethnic.x000182",
              "icount": "1",
              "ipct": "3",
              "xis": "qpn.r00026"
            },
            {
              "type": "normform",
              "id": "qpn-x-ethnic.x000197",
              "ref": "qpn-x-ethnic.x000183",
              "icount": "1",
              "ipct": "3",
              "xis": "qpn.r00027"
            },
            {
              "type": "normform",
              "id": "qpn-x-ethnic.x000198",
              "ref": "qpn-x-ethnic.x000184",
              "icount": "1",
              "ipct": "3",
              "xis": "qpn.r00028"
            },
            {
              "type": "normform",
              "id": "qpn-x-ethnic.x000199",
              "ref": "qpn-x-ethnic.x000186",
              "icount": "2",
              "ipct": "6",
              "xis": "qpn.r0002a"
            },
            {
              "type": "normform",
              "id": "qpn-x-ethnic.x000200",
              "ref": "qpn-x-ethnic.x000187",
              "icount": "3",
              "ipct": "9",
              "xis": "qpn.r0002b"
            }
          ]
        }
      ],
      "senses": [
        {
          "type": "sense",
          "id": "qpn-x-ethnic.x000201",
          "n": "Urukayu[Urukean//Urukean]EN'EN",
          "icount": "32",
          "ipct": "100",
          "xis": "qpn.r00020",
          "pos": "EN",
          "mng": "Urukean",
          "forms": [
            {
              "type": "form",
              "id": "qpn-x-ethnic.x000202",
              "n": "%akk-x-ltebab:{lu₂}UNUG{ki}{+u₂}",
              "icount": "1",
              "ipct": "3",
              "xis": "qpn.r00021"
            },
            {
              "type": "form",
              "id": "qpn-x-ethnic.x000203",
              "n": "%akk-x-stdbab:UNUG{ki}",
              "icount": "2",
              "ipct": "6",
              "xis": "qpn.r00022"
            },
            {
              "type": "form",
              "id": "qpn-x-ethnic.x000204",
              "n": "%akk-x-stdbab:UNUG{ki}{+a}",
              "icount": "1",
              "ipct": "3",
              "xis": "qpn.r00023"
            },
            {
              "type": "form",
              "id": "qpn-x-ethnic.x000205",
              "n": "%akk-x-stdbab:UNUG{ki}{+u}",
              "icount": "1",
              "ipct": "3",
              "xis": "qpn.r00024"
            },
            {
              "type": "form",
              "id": "qpn-x-ethnic.x000206",
              "n": "%akk-x-stdbab:UNUG{ki}{+u₂}",
              "icount": "18",
              "ipct": "56",
              "xis": "qpn.r00025"
            },
            {
              "type": "form",
              "id": "qpn-x-ethnic.x000207",
              "n": "%akk-x-stdbab:qaq-qar-a-na{ki}-u₂",
              "icount": "1",
              "ipct": "3",
              "xis": "qpn.r00026"
            },
            {
              "type": "form",
              "id": "qpn-x-ethnic.x000208",
              "n": "%akk-x-stdbab:{d}a-nu{ki}-u₂",
              "icount": "1",
              "ipct": "3",
              "xis": "qpn.r00027"
            },
            {
              "type": "form",
              "id": "qpn-x-ethnic.x000209",
              "n": "%akk-x-stdbab:{lu₂}UNUG{ki}",
              "icount": "1",
              "ipct": "3",
              "xis": "qpn.r00028"
            },
            {
              "type": "form",
              "id": "qpn-x-ethnic.x000210",
              "n": "%akk-x-stdbab:{lu₂}UNUG{ki}{+a}",
              "icount": "1",
              "ipct": "3",
              "xis": "qpn.r00029"
            },
            {
              "type": "form",
              "id": "qpn-x-ethnic.x000211",
              "n": "%akk-x-stdbab:{lu₂}qaq-qar-{d}a-nu{ki}-u",
              "icount": "2",
              "ipct": "6",
              "xis": "qpn.r0002a"
            },
            {
              "type": "form",
              "id": "qpn-x-ethnic.x000212",
              "n": "%akk-x-stdbab:{lu₂}qaq-qar-{d}a-nu{ki}-u₂",
              "icount": "3",
              "ipct": "9",
              "xis": "qpn.r0002b"
            }
          ],
          "norms": [
            {
              "id": "qpn-x-ethnic.x000213",
              "n": "Urukaya",
              "icount": "2",
              "ipct": "6",
              "xis": "qpn.r0002c"
            },
            {
              "id": "qpn-x-ethnic.x000214",
              "n": "Urukayu",
              "icount": "30",
              "ipct": "94",
              "xis": "qpn.r0002d"
            }
          ],
          "sigs": [
            {
              "type": "sig",
              "id": "qpn-x-ethnic.x000215",
              "sig": "@cams/gkab%akk-x-ltebab:{lu₂}UNUG{ki}{+u₂}=Urukayu[Urukean//Urukean]EN'EN$Urukayu",
              "icount": "1",
              "ipct": "3",
              "xis": "qpn.r00021"
            },
            {
              "type": "sig",
              "id": "qpn-x-ethnic.x000216",
              "sig": "@cams/gkab%akk-x-stdbab:UNUG{ki}=Urukayu[Urukean//Urukean]EN'EN$Urukayu",
              "icount": "2",
              "ipct": "6",
              "xis": "qpn.r00022"
            },
            {
              "type": "sig",
              "id": "qpn-x-ethnic.x000217",
              "sig": "@cams/gkab%akk-x-stdbab:UNUG{ki}{+a}=Urukayu[Urukean//Urukean]EN'EN$Urukaya",
              "icount": "1",
              "ipct": "3",
              "xis": "qpn.r00023"
            },
            {
              "type": "sig",
              "id": "qpn-x-ethnic.x000218",
              "sig": "@cams/gkab%akk-x-stdbab:UNUG{ki}{+u}=Urukayu[Urukean//Urukean]EN'EN$Urukayu",
              "icount": "1",
              "ipct": "3",
              "xis": "qpn.r00024"
            },
            {
              "type": "sig",
              "id": "qpn-x-ethnic.x000219",
              "sig": "@cams/gkab%akk-x-stdbab:UNUG{ki}{+u₂}=Urukayu[Urukean//Urukean]EN'EN$Urukayu",
              "icount": "18",
              "ipct": "56",
              "xis": "qpn.r00025"
            },
            {
              "type": "sig",
              "id": "qpn-x-ethnic.x000220",
              "sig": "@cams/gkab%akk-x-stdbab:qaq-qar-a-na{ki}-u₂=Urukayu[Urukean//Urukean]EN'EN$Urukayu",
              "icount": "1",
              "ipct": "3",
              "xis": "qpn.r00026"
            },
            {
              "type": "sig",
              "id": "qpn-x-ethnic.x000221",
              "sig": "@cams/gkab%akk-x-stdbab:{d}a-nu{ki}-u₂=Urukayu[Urukean//Urukean]EN'EN$Urukayu",
              "icount": "1",
              "ipct": "3",
              "xis": "qpn.r00027"
            },
            {
              "type": "sig",
              "id": "qpn-x-ethnic.x000222",
              "sig": "@cams/gkab%akk-x-stdbab:{lu₂}UNUG{ki}=Urukayu[Urukean//Urukean]EN'EN$Urukayu",
              "icount": "1",
              "ipct": "3",
              "xis": "qpn.r00028"
            },
            {
              "type": "sig",
              "id": "qpn-x-ethnic.x000223",
              "sig": "@cams/gkab%akk-x-stdbab:{lu₂}UNUG{ki}{+a}=Urukayu[Urukean//Urukean]EN'EN$Urukaya",
              "icount": "1",
              "ipct": "3",
              "xis": "qpn.r00029"
            },
            {
              "type": "sig",
              "id": "qpn-x-ethnic.x000224",
              "sig": "@cams/gkab%akk-x-stdbab:{lu₂}qaq-qar-{d}a-nu{ki}-u=Urukayu[Urukean//Urukean]EN'EN$Urukayu",
              "icount": "2",
              "ipct": "6",
              "xis": "qpn.r0002a"
            },
            {
              "type": "sig",
              "id": "qpn-x-ethnic.x000225",
              "sig": "@cams/gkab%akk-x-stdbab:{lu₂}qaq-qar-{d}a-nu{ki}-u₂=Urukayu[Urukean//Urukean]EN'EN$Urukayu",
              "icount": "3",
              "ipct": "9",
              "xis": "qpn.r0002b"
            }
          ]
        }
      ]
    },
    {
      "headword": "Šumeru[Sumerian]EN",
      "id": "qpn-x-ethnic.x000017",
      "icount": "1",
      "ipct": "100",
      "xis": "qpn.r0002e",
      "cf": "Šumeru",
      "gw": "Sumerian",
      "pos": "EN",
      "forms": [
        {
          "type": "form",
          "id": "qpn-x-ethnic.x000226",
          "n": "šu-me-ri",
          "icount": "1",
          "ipct": "100",
          "xis": "qpn.r0002e"
        }
      ],
      "norms": [
        {
          "id": "qpn-x-ethnic.x000227",
          "icount": "1",
          "ipct": "100",
          "xis": "qpn.r0002e",
          "n": "Šumeri",
          "forms": [
            {
              "type": "normform",
              "id": "qpn-x-ethnic.x000228",
              "ref": "qpn-x-ethnic.x000226",
              "icount": "1",
              "ipct": "100",
              "xis": "qpn.r0002e"
            }
          ]
        }
      ],
      "senses": [
        {
          "type": "sense",
          "id": "qpn-x-ethnic.x000229",
          "n": "Šumeru[Sumerian//Sumerian]EN'EN",
          "icount": "1",
          "ipct": "100",
          "xis": "qpn.r0002e",
          "pos": "EN",
          "mng": "Sumerian",
          "forms": [
            {
              "type": "form",
              "id": "qpn-x-ethnic.x000230",
              "n": "%akk-x-stdbab:šu-me-ri",
              "icount": "1",
              "ipct": "100",
              "xis": "qpn.r0002e"
            }
          ],
          "norms": [
            {
              "id": "qpn-x-ethnic.x000231",
              "n": "Šumeri",
              "icount": "1",
              "ipct": "100",
              "xis": "qpn.r0002e"
            }
          ],
          "sigs": [
            {
              "type": "sig",
              "id": "qpn-x-ethnic.x000232",
              "sig": "@cams/gkab%akk-x-stdbab:šu-me-ri=Šumeru[Sumerian//Sumerian]EN'EN$Šumeri",
              "icount": "1",
              "ipct": "100",
              "xis": "qpn.r0002e"
            }
          ]
        }
      ]
    }
  ],
  "instances": {
    "qpn.r00011": [
      "cams/gkab:P338646.65.5",
      "cams/gkab:P363689.111.9",
      "cams/gkab:Q002575.148.9",
      "cams/gkab:Q002716.145.5"
    ],
    "qpn.r00014": [
      "cams/gkab:P296532.33.1"
    ],
    "qpn.r00012": [
      "cams/gkab:P338646.65.5",
      "cams/gkab:Q002716.145.5"
    ],
    "qpn.r00015": [
      "cams/gkab:P348881.22.3",
      "cams/gkab:P348882.23.3"
    ],
    "qpn.r00013": [
      "cams/gkab:P363689.111.9",
      "cams/gkab:Q002575.148.9"
    ],
    "qpn.r00016": [
      "cams/gkab:P348881.22.2",
      "cams/gkab:P348882.23.2"
    ],
    "qpn.r00017": [
      "cams/gkab:P348470.19.10",
      "cams/gkab:P363686.57.14",
      "cams/gkab:P392625.12.9"
    ],
    "qpn.r0001b": [
      "cams/gkab:P296518.34.9",
      "cams/gkab:P348517.14.3",
      "cams/gkab:P348643.38.2",
      "cams/gkab:P363675.92.5",
      "cams/gkab:P363685.75.10",
      "cams/gkab:P363704.62.8",
      "cams/gkab:P363711.78.7"
    ],
    "qpn.r00004": [
      "cams/gkab:P338646.64.4",
      "cams/gkab:P348512.6.5",
      "cams/gkab:P363419.25.6",
      "cams/gkab:P363689.27.9",
      "cams/gkab:Q002575.37.9",
      "cams/gkab:Q002716.144.4"
    ],
    "qpn.r00002": [
      "cams/gkab:P363353.25.2"
    ],
    "qpn.r00003": [
      "cams/gkab:P392625.15.5"
    ],
    "qpn.r00001": [
      "cams/gkab:P363714.11.6",
      "cams/gkab:P363714.44.5"
    ],
    "qpn.r00000": [
      "cams/gkab:P363353.25.2",
      "cams/gkab:P363714.11.6",
      "cams/gkab:P363714.44.5"
    ],
    "qpn.r0000a": [
      "cams/gkab:P392625.12.7",
      "cams/gkab:P392625.16.5"
    ],
    "qpn.r00005": [
      "cams/gkab:P363419.25.6"
    ],
    "qpn.r00006": [
      "cams/gkab:Q002716.144.4"
    ],
    "qpn.r00007": [
      "cams/gkab:P338646.64.4"
    ],
    "qpn.r0000b": [
      "cams/gkab:P338361.32.1",
      "cams/gkab:P392625.20.4"
    ],
    "qpn.r00008": [
      "cams/gkab:P348512.6.5",
      "cams/gkab:P363689.27.9",
      "cams/gkab:Q002575.37.9"
    ],
    "qpn.r00009": [
      "cams/gkab:P338646.64.4",
      "cams/gkab:P348512.6.5",
      "cams/gkab:P363419.25.6",
      "cams/gkab:P363689.27.9",
      "cams/gkab:Q002575.37.9"
    ],
    "qpn.r0000e": [
      "cams/gkab:P338675.3.3",
      "cams/gkab:P338675.6.3"
    ],
    "qpn.r0000f": [
      "cams/gkab:P363407.13.1"
    ],
    "qpn.r0000c": [
      "cams/gkab:P392625.20.4"
    ],
    "qpn.r0000d": [
      "cams/gkab:P338361.32.1"
    ],
    "qpn.r00010": [
      "cams/gkab:P363670.8.2"
    ],
    "qpn.r0001c": [
      "cams/gkab:P348695.97.4",
      "cams/gkab:P363429.33.11"
    ],
    "qpn.r00018": [
      "cams/gkab:P348470.19.10"
    ],
    "qpn.r00019": [
      "cams/gkab:P363686.57.14"
    ],
    "qpn.r0001a": [
      "cams/gkab:P392625.12.9"
    ],
    "qpn.r0001d": [
      "cams/gkab:P338360.16.3",
      "cams/gkab:P338360.26.3",
      "cams/gkab:P338360.41.2"
    ],
    "qpn.r0002d": [
      "cams/gkab:P254386.152.13",
      "cams/gkab:P296523.59.4",
      "cams/gkab:P296532.37.13",
      "cams/gkab:P296532.40.5",
      "cams/gkab:P342172.9.2",
      "cams/gkab:P348423.35.4",
      "cams/gkab:P348454.17.3",
      "cams/gkab:P348466.42.3",
      "cams/gkab:P348515.67.2",
      "cams/gkab:P348558.8.4",
      "cams/gkab:P348638.34.5",
      "cams/gkab:P348644.27.4",
      "cams/gkab:P348688.132.6",
      "cams/gkab:P348703.54.4",
      "cams/gkab:P348745.134.4",
      "cams/gkab:P348750.68.2",
      "cams/gkab:P363270.31.3",
      "cams/gkab:P363353.29.5",
      "cams/gkab:P363675.95.1",
      "cams/gkab:P363676.95.1",
      "cams/gkab:P363683.28.2",
      "cams/gkab:P363683.29.7",
      "cams/gkab:P363685.39.24",
      "cams/gkab:P363689.143.17",
      "cams/gkab:P363689.143.5",
      "cams/gkab:P363692.90.5",
      "cams/gkab:P363711.77.7",
      "cams/gkab:P363716.156.15",
      "cams/gkab:P415763.44.3",
      "cams/gkab:P430090.196.4"
    ],
    "qpn.r0001e": [
      "cams/gkab:P338360.16.3"
    ],
    "qpn.r0001f": [
      "cams/gkab:P338360.26.3",
      "cams/gkab:P338360.41.2"
    ],
    "qpn.r00026": [
      "cams/gkab:P348750.68.2"
    ],
    "qpn.r00021": [
      "cams/gkab:P342172.9.2"
    ],
    "qpn.r00020": [
      "cams/gkab:P254386.152.13",
      "cams/gkab:P296523.59.4",
      "cams/gkab:P296532.37.13",
      "cams/gkab:P296532.40.5",
      "cams/gkab:P342172.9.2",
      "cams/gkab:P348423.35.4",
      "cams/gkab:P348454.17.3",
      "cams/gkab:P348466.42.3",
      "cams/gkab:P348515.67.2",
      "cams/gkab:P348558.8.4",
      "cams/gkab:P348638.34.5",
      "cams/gkab:P348644.27.4",
      "cams/gkab:P348688.132.6",
      "cams/gkab:P348703.54.4",
      "cams/gkab:P348745.134.4",
      "cams/gkab:P348750.68.2",
      "cams/gkab:P363270.31.3",
      "cams/gkab:P363350.17.8",
      "cams/gkab:P363353.29.5",
      "cams/gkab:P363675.95.1",
      "cams/gkab:P363676.95.1",
      "cams/gkab:P363683.28.2",
      "cams/gkab:P363683.29.7",
      "cams/gkab:P363685.39.24",
      "cams/gkab:P363689.143.17",
      "cams/gkab:P363689.143.5",
      "cams/gkab:P363692.90.5",
      "cams/gkab:P363710.118.11",
      "cams/gkab:P363711.77.7",
      "cams/gkab:P363716.156.15",
      "cams/gkab:P415763.44.3",
      "cams/gkab:P430090.196.4"
    ],
    "qpn.r0002e": [
      "cams/gkab:P392625.15.3"
    ],
    "qpn.r00022": [
      "cams/gkab:P296532.37.13",
      "cams/gkab:P296532.40.5"
    ],
    "qpn.r00023": [
      "cams/gkab:P363350.17.8"
    ],
    "qpn.r0002c": [
      "cams/gkab:P363350.17.8",
      "cams/gkab:P363710.118.11"
    ],
    "qpn.r00024": [
      "cams/gkab:P254386.152.13"
    ],
    "qpn.r00027": [
      "cams/gkab:P430090.196.4"
    ],
    "qpn.r0002a": [
      "cams/gkab:P348454.17.3",
      "cams/gkab:P348703.54.4"
    ],
    "qpn.r0002b": [
      "cams/gkab:P348466.42.3",
      "cams/gkab:P348688.132.6",
      "cams/gkab:P348745.134.4"
    ],
    "qpn.r00029": [
      "cams/gkab:P363710.118.11"
    ],
    "qpn.r00028": [
      "cams/gkab:P363685.39.24"
    ],
    "qpn.r00025": [
      "cams/gkab:P296523.59.4",
      "cams/gkab:P348423.35.4",
      "cams/gkab:P348515.67.2",
      "cams/gkab:P348558.8.4",
      "cams/gkab:P348638.34.5",
      "cams/gkab:P348644.27.4",
      "cams/gkab:P363270.31.3",
      "cams/gkab:P363353.29.5",
      "cams/gkab:P363675.95.1",
      "cams/gkab:P363676.95.1",
      "cams/gkab:P363683.28.2",
      "cams/gkab:P363683.29.7",
      "cams/gkab:P363689.143.17",
      "cams/gkab:P363689.143.5",
      "cams/gkab:P363692.90.5",
      "cams/gkab:P363711.77.7",
      "cams/gkab:P363716.156.15",
      "cams/gkab:P415763.44.3"
    ],
    "qpn.r00011.p.s000": [
      "cams/gkab:P338646.65.5"
    ],
    "qpn.r00011.p.s001": [
      "cams/gkab:P363689.111.9"
    ],
    "qpn.r00011.p.s002": [
      "cams/gkab:Q002575.148.9",
      "cams/gkab:Q002716.145.5"
    ],
    "qpn.r00014.p.s000": [
      "cams/gkab:P296532.33.1"
    ],
    "qpn.r00012.p.s000": [
      "cams/gkab:P338646.65.5"
    ],
    "qpn.r00012.p.s001": [
      "cams/gkab:Q002716.145.5"
    ],
    "qpn.r00015.p.s000": [
      "cams/gkab:P348881.22.3",
      "cams/gkab:P348882.23.3"
    ],
    "qpn.r00013.p.s000": [
      "cams/gkab:P363689.111.9"
    ],
    "qpn.r00013.p.s001": [
      "cams/gkab:Q002575.148.9"
    ],
    "qpn.r00016.p.s000": [
      "cams/gkab:P348881.22.2",
      "cams/gkab:P348882.23.2"
    ],
    "qpn.r00017.p.s000": [
      "cams/gkab:P348470.19.10"
    ],
    "qpn.r00017.p.s001": [
      "cams/gkab:P363686.57.14"
    ],
    "qpn.r00017.p.s002": [
      "cams/gkab:P392625.12.9"
    ],
    "qpn.r0001b.p.s000": [
      "cams/gkab:P296518.34.9",
      "cams/gkab:P348517.14.3",
      "cams/gkab:P348643.38.2",
      "cams/gkab:P363675.92.5",
      "cams/gkab:P363685.75.10",
      "cams/gkab:P363704.62.8",
      "cams/gkab:P363711.78.7"
    ],
    "qpn.r00004.p.s000": [
      "cams/gkab:P363419.25.6",
      "cams/gkab:P338646.64.4"
    ],
    "qpn.r00004.p.s001": [
      "cams/gkab:P348512.6.5"
    ],
    "qpn.r00004.p.s002": [
      "cams/gkab:P363689.27.9"
    ],
    "qpn.r00004.p.s003": [
      "cams/gkab:Q002575.37.9",
      "cams/gkab:Q002716.144.4"
    ],
    "qpn.r00002.p.s000": [
      "cams/gkab:P363353.25.2"
    ],
    "qpn.r00003.p.s000": [
      "cams/gkab:P392625.15.5"
    ],
    "qpn.r00001.p.s000": [
      "cams/gkab:P363714.11.6",
      "cams/gkab:P363714.44.5"
    ],
    "qpn.r00000.p.s000": [
      "cams/gkab:P363353.25.2",
      "cams/gkab:P363714.11.6",
      "cams/gkab:P363714.44.5"
    ],
    "qpn.r0000a.p.s000": [
      "cams/gkab:P392625.12.7",
      "cams/gkab:P392625.16.5"
    ],
    "qpn.r00005.p.s000": [
      "cams/gkab:P363419.25.6"
    ],
    "qpn.r00006.p.s000": [
      "cams/gkab:Q002716.144.4"
    ],
    "qpn.r00007.p.s000": [
      "cams/gkab:P338646.64.4"
    ],
    "qpn.r0000b.p.s000": [
      "cams/gkab:P338361.32.1"
    ],
    "qpn.r0000b.p.s001": [
      "cams/gkab:P392625.20.4"
    ],
    "qpn.r00008.p.s000": [
      "cams/gkab:P348512.6.5"
    ],
    "qpn.r00008.p.s001": [
      "cams/gkab:P363689.27.9"
    ],
    "qpn.r00008.p.s002": [
      "cams/gkab:Q002575.37.9"
    ],
    "qpn.r00009.p.s000": [
      "cams/gkab:P363419.25.6",
      "cams/gkab:P338646.64.4"
    ],
    "qpn.r00009.p.s001": [
      "cams/gkab:P348512.6.5"
    ],
    "qpn.r00009.p.s002": [
      "cams/gkab:P363689.27.9"
    ],
    "qpn.r00009.p.s003": [
      "cams/gkab:Q002575.37.9"
    ],
    "qpn.r0000e.p.s000": [
      "cams/gkab:P338675.3.3",
      "cams/gkab:P338675.6.3"
    ],
    "qpn.r0000f.p.s000": [
      "cams/gkab:P363407.13.1"
    ],
    "qpn.r0000c.p.s000": [
      "cams/gkab:P392625.20.4"
    ],
    "qpn.r0000d.p.s000": [
      "cams/gkab:P338361.32.1"
    ],
    "qpn.r00010.p.s000": [
      "cams/gkab:P363670.8.2"
    ],
    "qpn.r0001c.p.s000": [
      "cams/gkab:P363429.33.11"
    ],
    "qpn.r0001c.p.s001": [
      "cams/gkab:P348695.97.4"
    ],
    "qpn.r00018.p.s000": [
      "cams/gkab:P348470.19.10"
    ],
    "qpn.r00019.p.s000": [
      "cams/gkab:P363686.57.14"
    ],
    "qpn.r0001a.p.s000": [
      "cams/gkab:P392625.12.9"
    ],
    "qpn.r0001d.p.s000": [
      "cams/gkab:P338360.16.3",
      "cams/gkab:P338360.26.3",
      "cams/gkab:P338360.41.2"
    ],
    "qpn.r0002d.p.s000": [
      "cams/gkab:P430090.196.4",
      "cams/gkab:P415763.44.3",
      "cams/gkab:P348454.17.3",
      "cams/gkab:P348466.42.3",
      "cams/gkab:P348688.132.6",
      "cams/gkab:P348703.54.4",
      "cams/gkab:P348745.134.4"
    ],
    "qpn.r0002d.p.s001": [
      "cams/gkab:P296523.59.4",
      "cams/gkab:P363270.31.3",
      "cams/gkab:P363353.29.5",
      "cams/gkab:P342172.9.2",
      "cams/gkab:P296532.37.13",
      "cams/gkab:P296532.40.5",
      "cams/gkab:P348423.35.4",
      "cams/gkab:P348515.67.2",
      "cams/gkab:P348558.8.4",
      "cams/gkab:P348638.34.5",
      "cams/gkab:P348644.27.4",
      "cams/gkab:P348750.68.2",
      "cams/gkab:P363675.95.1",
      "cams/gkab:P363676.95.1",
      "cams/gkab:P363683.28.2",
      "cams/gkab:P363683.29.7",
      "cams/gkab:P363685.39.24",
      "cams/gkab:P363689.143.17",
      "cams/gkab:P363689.143.5",
      "cams/gkab:P363692.90.5",
      "cams/gkab:P254386.152.13",
      "cams/gkab:P363711.77.7",
      "cams/gkab:P363716.156.15"
    ],
    "qpn.r0001e.p.s000": [
      "cams/gkab:P338360.16.3"
    ],
    "qpn.r0001f.p.s000": [
      "cams/gkab:P338360.26.3",
      "cams/gkab:P338360.41.2"
    ],
    "qpn.r00026.p.s000": [
      "cams/gkab:P348750.68.2"
    ],
    "qpn.r00021.p.s000": [
      "cams/gkab:P342172.9.2"
    ],
    "qpn.r00020.p.s000": [
      "cams/gkab:P430090.196.4",
      "cams/gkab:P415763.44.3",
      "cams/gkab:P348454.17.3",
      "cams/gkab:P348466.42.3",
      "cams/gkab:P348688.132.6",
      "cams/gkab:P348703.54.4",
      "cams/gkab:P348745.134.4"
    ],
    "qpn.r00020.p.s001": [
      "cams/gkab:P296523.59.4",
      "cams/gkab:P363270.31.3",
      "cams/gkab:P363350.17.8",
      "cams/gkab:P363353.29.5",
      "cams/gkab:P342172.9.2",
      "cams/gkab:P296532.37.13",
      "cams/gkab:P296532.40.5",
      "cams/gkab:P348423.35.4",
      "cams/gkab:P348515.67.2",
      "cams/gkab:P348558.8.4",
      "cams/gkab:P348638.34.5",
      "cams/gkab:P348644.27.4",
      "cams/gkab:P348750.68.2",
      "cams/gkab:P363675.95.1",
      "cams/gkab:P363676.95.1",
      "cams/gkab:P363683.28.2",
      "cams/gkab:P363683.29.7",
      "cams/gkab:P363685.39.24",
      "cams/gkab:P363689.143.17",
      "cams/gkab:P363689.143.5",
      "cams/gkab:P363692.90.5",
      "cams/gkab:P254386.152.13",
      "cams/gkab:P363710.118.11",
      "cams/gkab:P363711.77.7",
      "cams/gkab:P363716.156.15"
    ],
    "qpn.r0002e.p.s000": [
      "cams/gkab:P392625.15.3"
    ],
    "qpn.r00022.p.s000": [
      "cams/gkab:P296532.37.13",
      "cams/gkab:P296532.40.5"
    ],
    "qpn.r00023.p.s000": [
      "cams/gkab:P363350.17.8"
    ],
    "qpn.r0002c.p.s000": [
      "cams/gkab:P363350.17.8",
      "cams/gkab:P363710.118.11"
    ],
    "qpn.r00024.p.s000": [
      "cams/gkab:P254386.152.13"
    ],
    "qpn.r00027.p.s000": [
      "cams/gkab:P430090.196.4"
    ],
    "qpn.r0002a.p.s000": [
      "cams/gkab:P348454.17.3",
      "cams/gkab:P348703.54.4"
    ],
    "qpn.r0002b.p.s000": [
      "cams/gkab:P348466.42.3",
      "cams/gkab:P348688.132.6",
      "cams/gkab:P348745.134.4"
    ],
    "qpn.r00029.p.s000": [
      "cams/gkab:P363710.118.11"
    ],
    "qpn.r00028.p.s000": [
      "cams/gkab:P363685.39.24"
    ],
    "qpn.r00025.p.s000": [
      "cams/gkab:P415763.44.3"
    ],
    "qpn.r00025.p.s001": [
      "cams/gkab:P296523.59.4",
      "cams/gkab:P363270.31.3",
      "cams/gkab:P363353.29.5",
      "cams/gkab:P348423.35.4",
      "cams/gkab:P348515.67.2",
      "cams/gkab:P348558.8.4",
      "cams/gkab:P348638.34.5",
      "cams/gkab:P348644.27.4",
      "cams/gkab:P363675.95.1",
      "cams/gkab:P363676.95.1",
      "cams/gkab:P363683.28.2",
      "cams/gkab:P363683.29.7",
      "cams/gkab:P363689.143.17",
      "cams/gkab:P363689.143.5",
      "cams/gkab:P363692.90.5",
      "cams/gkab:P363711.77.7",
      "cams/gkab:P363716.156.15"
    ]
  }
}
