{
  "type": "cdl",
  "source": "http://oracc.org/saao/saa06",
  "license": "This data is released under the CC0 license",
  "license-url": "https://creativecommons.org/publicdomain/zero/1.0/",
  "more-info": "http://oracc.org/doc/opendata/",
  "UTC-timestamp": "2017-06-10T00:42:23",
  "project": "saao/saa06",
  "textid": "P335183",
  "cdl": [
    {
      "node": "c",
      "type": "text",
      "id": "P335183.U0",
      "cdl": [
        {
          "node": "d",
          "type": "object",
          "ref": ""
        },
        {
          "node": "d",
          "subtype": "obverse",
          "type": "obverse",
          "ref": "P335183.o.1",
          "label": "o"
        },
        {
          "node": "c",
          "type": "discourse",
          "subtype": "body",
          "id": "P335183.U1",
          "cdl": [
            {
              "node": "c",
              "type": "sentence",
              "id": "P335183.U2",
              "label": "o 1 - r 11",
              "cdl": [
                {
                  "node": "d",
                  "type": "line-start",
                  "ref": "P335183.2",
                  "n": "1",
                  "label": "o 1"
                },
                {
                  "node": "l",
                  "frag": "ṣu-pur",
                  "id": "P335183.l015f1",
                  "ref": "P335183.2.1",
                  "inst": "ṣupur[fingernail]N",
                  "exosig": "@saao/saa06%akk-x-neoass:ṣu-pur=ṣupru[nail//fingernail]N'N$ṣupur",
                  "f": {
                    "lang": "akk-x-neoass",
                    "form": "ṣu-pur",
                    "cf": "ṣupru",
                    "gw": "nail",
                    "sense": "fingernail",
                    "norm": "ṣupur",
                    "pos": "N",
                    "epos": "N"
                  }
                },
                {
                  "node": "l",
                  "frag": "{1}ki-qi-la-ni",
                  "id": "P335183.l015f2",
                  "ref": "P335183.2.2",
                  "inst": "Kiqillanu[1]PN$Kiqillani",
                  "exosig": "@saao/saa06%akk-x-neoass:{1}ki-qi-la-ni=Kiqillanu[1//1]PN'PN$Kiqillani",
                  "f": {
                    "lang": "akk-x-neoass",
                    "form": "{1}ki-qi-la-ni",
                    "cf": "Kiqillanu",
                    "gw": "1",
                    "sense": "1",
                    "norm": "Kiqillani",
                    "pos": "PN",
                    "epos": "PN"
                  }
                },
                {
                  "node": "l",
                  "frag": "{⸢lu₂v⸣}[x",
                  "id": "P335183.l015f3",
                  "ref": "P335183.2.3",
                  "inst": "u",
                  "f": {
                    "lang": "akk-x-neoass",
                    "form": "{LU₂}x",
                    "pos": "u"
                  }
                },
                {
                  "node": "l",
                  "frag": "x]",
                  "id": "P335183.l015f4",
                  "ref": "P335183.2.4",
                  "inst": "u",
                  "f": {
                    "lang": "akk-x-neoass",
                    "form": "x",
                    "pos": "u"
                  }
                },
                {
                  "node": "d",
                  "type": "line-start",
                  "ref": "P335183.3",
                  "n": "2",
                  "label": "o 2"
                },
                {
                  "node": "l",
                  "frag": "⸢EN⸣",
                  "id": "P335183.l015f5",
                  "ref": "P335183.3.1",
                  "inst": "bēl[owner]N",
                  "exosig": "@saao/saa06%akk-x-neoass:EN=bēlu[lord//owner]N'N$bēl",
                  "f": {
                    "lang": "akk-x-neoass",
                    "form": "EN",
                    "cf": "bēlu",
                    "gw": "lord",
                    "sense": "owner",
                    "norm": "bēl",
                    "pos": "N",
                    "epos": "N"
                  }
                },
                {
                  "node": "l",
                  "frag": "UN-MEŠ",
                  "id": "P335183.l015f6",
                  "ref": "P335183.3.2",
                  "inst": "nišē[people]N",
                  "exosig": "@saao/saa06%akk-x-neoass:UN-MEŠ=nišu[people//people]N'N$nišē",
                  "f": {
                    "lang": "akk-x-neoass",
                    "form": "UN-MEŠ",
                    "cf": "nišu",
                    "gw": "people",
                    "sense": "people",
                    "norm": "nišē",
                    "pos": "N",
                    "epos": "N"
                  }
                },
                {
                  "node": "l",
                  "frag": "ta-⸢da⸣-[ni]",
                  "id": "P335183.l015f7",
                  "ref": "P335183.3.3",
                  "inst": "tadānu[give//giving]'N$tadāni",
                  "exosig": "@saao/saa06%akk-x-neoass:ta-da-ni=tadānu[give//giving]V'N$tadāni",
                  "f": {
                    "lang": "akk-x-neoass",
                    "form": "ta-da-ni",
                    "cf": "tadānu",
                    "gw": "give",
                    "sense": "giving",
                    "norm": "tadāni",
                    "pos": "V",
                    "epos": "N"
                  }
                },
                {
                  "node": "d",
                  "type": "nonx",
                  "ref": "P335183.4",
                  "strict": "1",
                  "extent": "n",
                  "scope": "line",
                  "state": "ruling",
                  "flags": "!"
                },
                {
                  "node": "d",
                  "type": "nonx",
                  "ref": "P335183.5",
                  "strict": "0",
                  "extent": "6",
                  "state": "other"
                },
                {
                  "node": "d",
                  "type": "nonx",
                  "ref": "P335183.6",
                  "strict": "1",
                  "extent": "n",
                  "scope": "line",
                  "state": "ruling",
                  "flags": "!"
                },
                {
                  "node": "d",
                  "type": "line-start",
                  "ref": "P335183.7",
                  "n": "3",
                  "label": "o 3"
                },
                {
                  "node": "l",
                  "frag": "{1}x",
                  "id": "P335183.l015f8",
                  "ref": "P335183.7.1",
                  "inst": "u",
                  "f": {
                    "lang": "akk-x-neoass",
                    "form": "{1}x",
                    "pos": "u"
                  }
                },
                {
                  "node": "l",
                  "frag": "x]-⸢LUGAL⸣-PAB",
                  "id": "P335183.l015f9",
                  "ref": "P335183.7.2",
                  "inst": "u",
                  "f": {
                    "lang": "akk-x-neoass",
                    "form": "x-LUGAL-PAB",
                    "pos": "u"
                  }
                },
                {
                  "node": "l",
                  "frag": "{⸢mi₂⸣}AMA-šu₂",
                  "id": "P335183.l015fa",
                  "ref": "P335183.7.3",
                  "inst": "ummu[mother]N$ummīšu",
                  "exosig": "@saao/saa06%akk-x-neoass:{MI₂}AMA-šu₂=ummu[mother//mother]N'N$ummīšu",
                  "f": {
                    "lang": "akk-x-neoass",
                    "form": "{MI₂}AMA-šu₂",
                    "cf": "ummu",
                    "gw": "mother",
                    "sense": "mother",
                    "norm": "ummīšu",
                    "pos": "N",
                    "epos": "N"
                  }
                },
                {
                  "node": "d",
                  "type": "line-start",
                  "ref": "P335183.8",
                  "n": "4",
                  "label": "o 4"
                },
                {
                  "node": "l",
                  "frag": "[PAB",
                  "id": "P335183.l015fb",
                  "ref": "P335183.8.1",
                  "inst": "gimru[total]N",
                  "exosig": "@saao/saa06%akk-x-neoass:PAB=gimru[totality//total]N'N$gimru",
                  "f": {
                    "lang": "akk-x-neoass",
                    "form": "PAB",
                    "cf": "gimru",
                    "gw": "totality",
                    "sense": "total",
                    "norm": "gimru",
                    "pos": "N",
                    "epos": "N"
                  }
                },
                {
                  "node": "l",
                  "frag": "02",
                  "id": "P335183.l015fc",
                  "ref": "P335183.8.2",
                  "inst": "n",
                  "f": {
                    "lang": "akk-x-neoass",
                    "form": "02",
                    "pos": "n"
                  }
                },
                {
                  "node": "l",
                  "frag": "{lu₂v]}ARAD-MEŠ",
                  "id": "P335183.l015fd",
                  "ref": "P335183.8.3",
                  "inst": "urdāni[servant]N",
                  "exosig": "@saao/saa06%akk-x-neoass:{LU₂}ARAD-MEŠ=ardu[slave//servant]N'N$urdāni",
                  "f": {
                    "lang": "akk-x-neoass",
                    "form": "{LU₂}ARAD-MEŠ",
                    "cf": "ardu",
                    "gw": "slave",
                    "sense": "servant",
                    "norm": "urdāni",
                    "pos": "N",
                    "epos": "N"
                  }
                },
                {
                  "node": "l",
                  "frag": "ša",
                  "id": "P335183.l015fe",
                  "ref": "P335183.8.4",
                  "inst": "ša[of]DET",
                  "exosig": "@saao/saa06%akk-x-neoass:ša=ša[of//of]DET'DET$ša",
                  "f": {
                    "lang": "akk-x-neoass",
                    "form": "ša",
                    "cf": "ša",
                    "gw": "of",
                    "sense": "of",
                    "norm": "ša",
                    "pos": "DET",
                    "epos": "DET"
                  }
                },
                {
                  "node": "l",
                  "frag": "{1}ki-qi-⸢la⸣-ni",
                  "id": "P335183.l015ff",
                  "ref": "P335183.8.5",
                  "inst": "Kiqillanu[1]PN$Kiqillani",
                  "exosig": "@saao/saa06%akk-x-neoass:{1}ki-qi-la-ni=Kiqillanu[1//1]PN'PN$Kiqillani",
                  "f": {
                    "lang": "akk-x-neoass",
                    "form": "{1}ki-qi-la-ni",
                    "cf": "Kiqillanu",
                    "gw": "1",
                    "sense": "1",
                    "norm": "Kiqillani",
                    "pos": "PN",
                    "epos": "PN"
                  }
                },
                {
                  "node": "d",
                  "type": "line-start",
                  "ref": "P335183.9",
                  "n": "5",
                  "label": "o 5"
                },
                {
                  "node": "l",
                  "frag": "[u₂-piš]-⸢ma⸣",
                  "id": "P335183.l01600",
                  "ref": "P335183.9.1",
                  "inst": "uppišma[contract]V",
                  "exosig": "@saao/saa06%akk-x-neoass:u₂-piš-ma=epēšu[do//contract]V'V$uppišma",
                  "f": {
                    "lang": "akk-x-neoass",
                    "form": "u₂-piš-ma",
                    "cf": "epēšu",
                    "gw": "do",
                    "sense": "contract",
                    "norm": "uppišma",
                    "pos": "V",
                    "epos": "V"
                  }
                },
                {
                  "node": "l",
                  "frag": "{1}šum-mu-DINGIR-MEŠ-ni",
                  "id": "P335183.l01601",
                  "ref": "P335183.9.2",
                  "inst": "Šumma-ilani[1]PN$Šummu-ilani",
                  "exosig": "@saao/saa06%akk-x-neoass:{1}šum-mu-DINGIR-MEŠ-ni=Šumma-ilani[1//1]PN'PN$Šummu-ilani",
                  "f": {
                    "lang": "akk-x-neoass",
                    "form": "{1}šum-mu-DINGIR-MEŠ-ni",
                    "cf": "Šumma-ilani",
                    "gw": "1",
                    "sense": "1",
                    "norm": "Šummu-ilani",
                    "pos": "PN",
                    "epos": "PN"
                  }
                },
                {
                  "node": "d",
                  "type": "line-start",
                  "ref": "P335183.10",
                  "n": "6",
                  "label": "o 6"
                },
                {
                  "node": "c",
                  "type": "phrase",
                  "tag": "phr",
                  "id": "P335183.U4",
                  "ref": "P335183.ls00000",
                  "cdl": [
                    {
                      "node": "l",
                      "frag": "ina",
                      "id": "P335183.l01602",
                      "ref": "P335183.10.1",
                      "inst": "ina[in+=for]PRP",
                      "exosig": "@saao/saa06%akk-x-neoass:ina=ina[in//in]PRP'PRP$ina",
                      "f": {
                        "lang": "akk-x-neoass",
                        "form": "ina",
                        "cf": "ina",
                        "gw": "in",
                        "sense": "in",
                        "norm": "ina",
                        "pos": "PRP",
                        "epos": "PRP"
                      }
                    },
                    {
                      "node": "l",
                      "frag": "ŠA₃-bi",
                      "id": "P335183.l01603",
                      "ref": "P335183.10.2",
                      "inst": "libbi[interior]N",
                      "exosig": "@saao/saa06%akk-x-neoass:ŠA₃-bi=libbu[interior//interior]N'N$libbi",
                      "f": {
                        "lang": "akk-x-neoass",
                        "form": "ŠA₃-bi",
                        "cf": "libbu",
                        "gw": "interior",
                        "sense": "interior",
                        "norm": "libbi",
                        "pos": "N",
                        "epos": "N"
                      }
                    }
                  ]
                },
                {
                  "node": "l",
                  "frag": "01",
                  "id": "P335183.l01604",
                  "ref": "P335183.10.3",
                  "inst": "n",
                  "f": {
                    "lang": "akk-x-neoass",
                    "form": "01",
                    "pos": "n"
                  }
                },
                {
                  "node": "l",
                  "frag": "MA.NA",
                  "id": "P335183.l01605",
                  "ref": "P335183.10.4",
                  "inst": "manû[a unit of weight]N",
                  "exosig": "@saao/saa06%akk-x-neoass:MA.NA=manû[unit//a unit of weight]N'N$manû",
                  "f": {
                    "lang": "akk-x-neoass",
                    "form": "MA.NA",
                    "cf": "manû",
                    "gw": "unit",
                    "sense": "a unit of weight",
                    "norm": "manû",
                    "pos": "N",
                    "epos": "N"
                  }
                },
                {
                  "node": "l",
                  "frag": "KUG.UD-MEŠ",
                  "id": "P335183.l01606",
                  "ref": "P335183.10.5",
                  "inst": "ṣarpī[silver]N",
                  "exosig": "@saao/saa06%akk-x-neoass:KUG.UD-MEŠ=ṣarpu[silver//silver]N'N$ṣarpī",
                  "f": {
                    "lang": "akk-x-neoass",
                    "form": "KUG.UD-MEŠ",
                    "cf": "ṣarpu",
                    "gw": "silver",
                    "sense": "silver",
                    "norm": "ṣarpī",
                    "pos": "N",
                    "epos": "N"
                  }
                },
                {
                  "node": "d",
                  "type": "line-start",
                  "ref": "P335183.11",
                  "n": "7",
                  "label": "o 7"
                },
                {
                  "node": "l",
                  "frag": "ina",
                  "id": "P335183.l01607",
                  "ref": "P335183.11.1",
                  "inst": "ina[by]PRP",
                  "exosig": "@saao/saa06%akk-x-neoass:ina=ina[in//by]PRP'PRP$ina",
                  "f": {
                    "lang": "akk-x-neoass",
                    "form": "ina",
                    "cf": "ina",
                    "gw": "in",
                    "sense": "by",
                    "norm": "ina",
                    "pos": "PRP",
                    "epos": "PRP"
                  }
                },
                {
                  "node": "l",
                  "frag": "01",
                  "id": "P335183.l01608",
                  "ref": "P335183.11.2",
                  "inst": "n",
                  "f": {
                    "lang": "akk-x-neoass",
                    "form": "01",
                    "pos": "n"
                  }
                },
                {
                  "node": "l",
                  "frag": "MA.NA-e",
                  "id": "P335183.l01609",
                  "ref": "P335183.11.3",
                  "inst": "manê[a unit of weight]N",
                  "exosig": "@saao/saa06%akk-x-neoass:MA.NA-e=manû[unit//a unit of weight]N'N$manê",
                  "f": {
                    "lang": "akk-x-neoass",
                    "form": "MA.NA-e",
                    "cf": "manû",
                    "gw": "unit",
                    "sense": "a unit of weight",
                    "norm": "manê",
                    "pos": "N",
                    "epos": "N"
                  }
                },
                {
                  "node": "l",
                  "frag": "ša",
                  "id": "P335183.l0160a",
                  "ref": "P335183.11.4",
                  "inst": "ša[of]DET",
                  "exosig": "@saao/saa06%akk-x-neoass:ša=ša[of//of]DET'DET$ša",
                  "f": {
                    "lang": "akk-x-neoass",
                    "form": "ša",
                    "cf": "ša",
                    "gw": "of",
                    "sense": "of",
                    "norm": "ša",
                    "pos": "DET",
                    "epos": "DET"
                  }
                },
                {
                  "node": "l",
                  "frag": "{uru}gar-ga-mis",
                  "id": "P335183.l0160b",
                  "ref": "P335183.11.5",
                  "inst": "Gargamis[Carchemish]GN",
                  "exosig": "@saao/saa06%akk-x-neoass:{URU}gar-ga-mis=Gargamis[Carchemish//Carchemish]GN'GN$Gargamis",
                  "f": {
                    "lang": "akk-x-neoass",
                    "form": "{URU}gar-ga-mis",
                    "cf": "Gargamis",
                    "gw": "Carchemish",
                    "sense": "Carchemish",
                    "norm": "Gargamis",
                    "pos": "GN",
                    "epos": "GN"
                  }
                },
                {
                  "node": "d",
                  "type": "line-start",
                  "ref": "P335183.12",
                  "n": "8",
                  "label": "o 8"
                },
                {
                  "node": "c",
                  "type": "phrase",
                  "tag": "phr",
                  "id": "P335183.U5",
                  "ref": "P335183.ls00001",
                  "cdl": [
                    {
                      "node": "l",
                      "frag": "TA@v",
                      "id": "P335183.l0160c",
                      "ref": "P335183.12.1",
                      "inst": "issu[from+=from]PRP",
                      "exosig": "@saao/saa06%akk-x-neoass:TA@v=ištu[from//from]PRP'PRP$issu",
                      "f": {
                        "lang": "akk-x-neoass",
                        "form": "TA@v",
                        "cf": "ištu",
                        "gw": "from",
                        "sense": "from",
                        "norm": "issu",
                        "pos": "PRP",
                        "epos": "PRP"
                      }
                    },
                    {
                      "node": "l",
                      "frag": "IGI",
                      "id": "P335183.l0160d",
                      "ref": "P335183.12.2",
                      "inst": "pān[front]N",
                      "exosig": "@saao/saa06%akk-x-neoass:IGI=pānu[front//front]N'N$pān",
                      "f": {
                        "lang": "akk-x-neoass",
                        "form": "IGI",
                        "cf": "pānu",
                        "gw": "front",
                        "sense": "front",
                        "norm": "pān",
                        "pos": "N",
                        "epos": "N"
                      }
                    }
                  ]
                },
                {
                  "node": "l",
                  "frag": "{1}ki-qi-la-ni",
                  "id": "P335183.l0160e",
                  "ref": "P335183.12.3",
                  "inst": "Kiqillanu[1]PN$Kiqillani",
                  "exosig": "@saao/saa06%akk-x-neoass:{1}ki-qi-la-ni=Kiqillanu[1//1]PN'PN$Kiqillani",
                  "f": {
                    "lang": "akk-x-neoass",
                    "form": "{1}ki-qi-la-ni",
                    "cf": "Kiqillanu",
                    "gw": "1",
                    "sense": "1",
                    "norm": "Kiqillani",
                    "pos": "PN",
                    "epos": "PN"
                  }
                },
                {
                  "node": "l",
                  "frag": "il-qi₂",
                  "id": "P335183.l0160f",
                  "ref": "P335183.12.4",
                  "inst": "ilqi[purchase]V",
                  "exosig": "@saao/saa06%akk-x-neoass:il-qi₂=leqû[take//purchase]V'V$ilqi",
                  "f": {
                    "lang": "akk-x-neoass",
                    "form": "il-qi₂",
                    "cf": "leqû",
                    "gw": "take",
                    "sense": "purchase",
                    "norm": "ilqi",
                    "pos": "V",
                    "epos": "V"
                  }
                },
                {
                  "node": "d",
                  "type": "line-start",
                  "ref": "P335183.13",
                  "n": "9",
                  "label": "o 9"
                },
                {
                  "node": "l",
                  "frag": "kas-pu",
                  "id": "P335183.l01610",
                  "ref": "P335183.13.1",
                  "inst": "kaspu[money]N",
                  "exosig": "@saao/saa06%akk-x-neoass:kas-pu=kaspu[silver//money]N'N$kaspu",
                  "f": {
                    "lang": "akk-x-neoass",
                    "form": "kas-pu",
                    "cf": "kaspu",
                    "gw": "silver",
                    "sense": "money",
                    "norm": "kaspu",
                    "pos": "N",
                    "epos": "N"
                  }
                },
                {
                  "node": "l",
                  "frag": "ga-mur",
                  "id": "P335183.l01611",
                  "ref": "P335183.13.2",
                  "inst": "gamur[completed]AJ",
                  "exosig": "@saao/saa06%akk-x-neoass:ga-mur=gammuru[finished//completed]AJ'AJ$gamur",
                  "f": {
                    "lang": "akk-x-neoass",
                    "form": "ga-mur",
                    "cf": "gammuru",
                    "gw": "finished",
                    "sense": "completed",
                    "norm": "gamur",
                    "pos": "AJ",
                    "epos": "AJ"
                  }
                },
                {
                  "node": "l",
                  "frag": "ta-din",
                  "id": "P335183.l01612",
                  "ref": "P335183.13.3",
                  "inst": "tadin[paid]AJ",
                  "exosig": "@saao/saa06%akk-x-neoass:ta-din=tadnu[given//paid]AJ'AJ$tadin",
                  "f": {
                    "lang": "akk-x-neoass",
                    "form": "ta-din",
                    "cf": "tadnu",
                    "gw": "given",
                    "sense": "paid",
                    "norm": "tadin",
                    "pos": "AJ",
                    "epos": "AJ"
                  }
                },
                {
                  "node": "d",
                  "type": "line-start",
                  "ref": "P335183.14",
                  "n": "10",
                  "label": "o 10"
                },
                {
                  "node": "l",
                  "frag": "[UN-MEŠ]",
                  "id": "P335183.l01613",
                  "ref": "P335183.14.1",
                  "inst": "nišē[people]N",
                  "exosig": "@saao/saa06%akk-x-neoass:UN-MEŠ=nišu[people//people]N'N$nišē",
                  "f": {
                    "lang": "akk-x-neoass",
                    "form": "UN-MEŠ",
                    "cf": "nišu",
                    "gw": "people",
                    "sense": "people",
                    "norm": "nišē",
                    "pos": "N",
                    "epos": "N"
                  }
                },
                {
                  "node": "l",
                  "frag": "za-ar-pu",
                  "id": "P335183.l01614",
                  "ref": "P335183.14.2",
                  "inst": "zarpu[purchased]AJ",
                  "exosig": "@saao/saa06%akk-x-neoass:za-ar-pu=zarpu[purchased//purchased]AJ'AJ$zarpu",
                  "f": {
                    "lang": "akk-x-neoass",
                    "form": "za-ar-pu",
                    "cf": "zarpu",
                    "gw": "purchased",
                    "sense": "purchased",
                    "norm": "zarpu",
                    "pos": "AJ",
                    "epos": "AJ"
                  }
                },
                {
                  "node": "l",
                  "frag": "laq-qi₂-u",
                  "id": "P335183.l01615",
                  "ref": "P335183.14.3",
                  "inst": "laqqiu[acquired]AJ",
                  "exosig": "@saao/saa06%akk-x-neoass:laq-qi₂-u=leqû[taken//acquired]AJ'AJ$laqqiu",
                  "f": {
                    "lang": "akk-x-neoass",
                    "form": "laq-qi₂-u",
                    "cf": "leqû",
                    "gw": "taken",
                    "sense": "acquired",
                    "norm": "laqqiu",
                    "pos": "AJ",
                    "epos": "AJ"
                  }
                },
                {
                  "node": "d",
                  "type": "line-start",
                  "ref": "P335183.15",
                  "n": "11",
                  "label": "o 11"
                },
                {
                  "node": "l",
                  "frag": "[tu-a]-ru",
                  "id": "P335183.l01616",
                  "ref": "P335183.15.1",
                  "inst": "tuāru[revocation]'N",
                  "exosig": "@saao/saa06%akk-x-neoass:tu-a-ru=târu[turn//revocation]V'N$tuāru",
                  "f": {
                    "lang": "akk-x-neoass",
                    "form": "tu-a-ru",
                    "cf": "târu",
                    "gw": "turn",
                    "sense": "revocation",
                    "norm": "tuāru",
                    "pos": "V",
                    "epos": "N"
                  }
                },
                {
                  "node": "l",
                  "frag": "DUG₄.DUG₄",
                  "id": "P335183.l01617",
                  "ref": "P335183.15.2",
                  "inst": "dabābu[litigation]'N",
                  "exosig": "@saao/saa06%akk-x-neoass:DUG₄.DUG₄=dabābu[speak//litigation]V'N$dabābu",
                  "f": {
                    "lang": "akk-x-neoass",
                    "form": "DUG₄.DUG₄",
                    "cf": "dabābu",
                    "gw": "speak",
                    "sense": "litigation",
                    "norm": "dabābu",
                    "pos": "V",
                    "epos": "N"
                  }
                },
                {
                  "node": "l",
                  "frag": "la-aš₂-šu₂",
                  "id": "P335183.l01618",
                  "ref": "P335183.15.3",
                  "inst": "laššu[(there) is not]V",
                  "exosig": "@saao/saa06%akk-x-neoass:la-aš₂-šu₂=laššu[(there) is not//(there) is not]V'V$laššu",
                  "f": {
                    "lang": "akk-x-neoass",
                    "form": "la-aš₂-šu₂",
                    "cf": "laššu",
                    "gw": "(there) is not",
                    "sense": "(there) is not",
                    "norm": "laššu",
                    "pos": "V",
                    "epos": "V"
                  }
                },
                {
                  "node": "d",
                  "type": "line-start",
                  "ref": "P335183.16",
                  "n": "12",
                  "label": "o 12"
                },
                {
                  "node": "l",
                  "frag": "[man-nu]",
                  "id": "P335183.l01619",
                  "ref": "P335183.16.1",
                  "inst": "mannu[whoever]'XP",
                  "exosig": "@saao/saa06%akk-x-neoass:man-nu=mannu[who?//whoever]QP'XP$mannu",
                  "f": {
                    "lang": "akk-x-neoass",
                    "form": "man-nu",
                    "cf": "mannu",
                    "gw": "who?",
                    "sense": "whoever",
                    "norm": "mannu",
                    "pos": "QP",
                    "epos": "XP"
                  }
                },
                {
                  "node": "l",
                  "frag": "⸢ša⸣",
                  "id": "P335183.l0161a",
                  "ref": "P335183.16.2",
                  "inst": "ša[that]REL",
                  "exosig": "@saao/saa06%akk-x-neoass:ša=ša[that//that]REL'REL$ša",
                  "f": {
                    "lang": "akk-x-neoass",
                    "form": "ša",
                    "cf": "ša",
                    "gw": "that",
                    "sense": "that",
                    "norm": "ša",
                    "pos": "REL",
                    "epos": "REL"
                  }
                },
                {
                  "node": "l",
                  "frag": "GIL-u₂-ni",
                  "id": "P335183.l0161b",
                  "ref": "P335183.16.3",
                  "inst": "iparrakūni[contravene]V",
                  "exosig": "@saao/saa06%akk-x-neoass:GIL-u₂-ni=parāku[lie across//contravene]V'V$iparrakūni",
                  "f": {
                    "lang": "akk-x-neoass",
                    "form": "GIL-u₂-ni",
                    "cf": "parāku",
                    "gw": "lie across",
                    "sense": "contravene",
                    "norm": "iparrakūni",
                    "pos": "V",
                    "epos": "V"
                  }
                },
                {
                  "node": "d",
                  "type": "line-start",
                  "ref": "P335183.17",
                  "n": "13",
                  "label": "o 13"
                },
                {
                  "node": "l",
                  "frag": "[x",
                  "id": "P335183.l0161c",
                  "ref": "P335183.17.1",
                  "inst": "u",
                  "f": {
                    "lang": "akk-x-neoass",
                    "form": "x",
                    "pos": "u"
                  }
                },
                {
                  "node": "l",
                  "frag": "MA].NA",
                  "id": "P335183.l0161d",
                  "ref": "P335183.17.2",
                  "inst": "manê[a unit of weight]N",
                  "exosig": "@saao/saa06%akk-x-neoass:MA.NA=manû[unit//a unit of weight]N'N$manê",
                  "f": {
                    "lang": "akk-x-neoass",
                    "form": "MA.NA",
                    "cf": "manû",
                    "gw": "unit",
                    "sense": "a unit of weight",
                    "norm": "manê",
                    "pos": "N",
                    "epos": "N"
                  }
                },
                {
                  "node": "l",
                  "frag": "KUG.UD",
                  "id": "P335183.l0161e",
                  "ref": "P335183.17.3",
                  "inst": "ṣarpi[silver]N",
                  "exosig": "@saao/saa06%akk-x-neoass:KUG.UD=ṣarpu[silver//silver]N'N$ṣarpi",
                  "f": {
                    "lang": "akk-x-neoass",
                    "form": "KUG.UD",
                    "cf": "ṣarpu",
                    "gw": "silver",
                    "sense": "silver",
                    "norm": "ṣarpi",
                    "pos": "N",
                    "epos": "N"
                  }
                },
                {
                  "node": "l",
                  "frag": "01",
                  "id": "P335183.l0161f",
                  "ref": "P335183.17.4",
                  "inst": "n",
                  "f": {
                    "lang": "akk-x-neoass",
                    "form": "01",
                    "pos": "n"
                  }
                },
                {
                  "node": "l",
                  "frag": "MA.NA",
                  "id": "P335183.l01620",
                  "ref": "P335183.17.5",
                  "inst": "manû[a unit of weight]N",
                  "exosig": "@saao/saa06%akk-x-neoass:MA.NA=manû[unit//a unit of weight]N'N$manû",
                  "f": {
                    "lang": "akk-x-neoass",
                    "form": "MA.NA",
                    "cf": "manû",
                    "gw": "unit",
                    "sense": "a unit of weight",
                    "norm": "manû",
                    "pos": "N",
                    "epos": "N"
                  }
                },
                {
                  "node": "l",
                  "frag": "KUG.⸢GI⸣",
                  "id": "P335183.l01621",
                  "ref": "P335183.17.6",
                  "inst": "hurāṣi[gold]N",
                  "exosig": "@saao/saa06%akk-x-neoass:KUG.GI=hurāṣu[gold//gold]N'N$hurāṣi",
                  "f": {
                    "lang": "akk-x-neoass",
                    "form": "KUG.GI",
                    "cf": "hurāṣu",
                    "gw": "gold",
                    "sense": "gold",
                    "norm": "hurāṣi",
                    "pos": "N",
                    "epos": "N"
                  }
                },
                {
                  "node": "d",
                  "type": "line-start",
                  "ref": "P335183.18",
                  "n": "14",
                  "label": "o 14"
                },
                {
                  "node": "l",
                  "frag": "[ina]",
                  "id": "P335183.l01622",
                  "ref": "P335183.18.1",
                  "inst": "ina[in]PRP",
                  "exosig": "@saao/saa06%akk-x-neoass:ina=ina[in//in]PRP'PRP$ina",
                  "f": {
                    "lang": "akk-x-neoass",
                    "form": "ina",
                    "cf": "ina",
                    "gw": "in",
                    "sense": "in",
                    "norm": "ina",
                    "pos": "PRP",
                    "epos": "PRP"
                  }
                },
                {
                  "node": "l",
                  "frag": "bur-ki",
                  "id": "P335183.l01623",
                  "ref": "P335183.18.2",
                  "inst": "burki[lap]N",
                  "exosig": "@saao/saa06%akk-x-neoass:bur-ki=burku[knee//lap]N'N$burki",
                  "f": {
                    "lang": "akk-x-neoass",
                    "form": "bur-ki",
                    "cf": "burku",
                    "gw": "knee",
                    "sense": "lap",
                    "norm": "burki",
                    "pos": "N",
                    "epos": "N"
                  }
                },
                {
                  "node": "l",
                  "frag": "{d}NIN.[LIL₂]",
                  "id": "P335183.l01624",
                  "ref": "P335183.18.3",
                  "inst": "Mullissu[1]DN$",
                  "exosig": "@saao/saa06%akk-x-neoass:{d}NIN.LIL₂=Mullissu[1//1]DN'DN$Mullissu",
                  "f": {
                    "lang": "akk-x-neoass",
                    "form": "{d}NIN.LIL₂",
                    "cf": "Mullissu",
                    "gw": "1",
                    "sense": "1",
                    "norm": "Mullissu",
                    "pos": "DN",
                    "epos": "DN"
                  }
                },
                {
                  "node": "d",
                  "subtype": "bottom",
                  "type": "bottom",
                  "ref": "P335183.b.e..19",
                  "label": "b.e."
                },
                {
                  "node": "d",
                  "type": "line-start",
                  "ref": "P335183.20",
                  "n": "15",
                  "label": "b.e. 15"
                },
                {
                  "node": "l",
                  "frag": "⸢a⸣-ši-bat",
                  "id": "P335183.l01625",
                  "ref": "P335183.20.1",
                  "inst": "āšibāt[residing]AJ",
                  "exosig": "@saao/saa06%akk-x-neoass:a-ši-bat=āšibu[sitting//residing]AJ'AJ$āšibāt",
                  "f": {
                    "lang": "akk-x-neoass",
                    "form": "a-ši-bat",
                    "cf": "āšibu",
                    "gw": "sitting",
                    "sense": "residing",
                    "norm": "āšibāt",
                    "pos": "AJ",
                    "epos": "AJ"
                  }
                },
                {
                  "node": "l",
                  "frag": "{uru}ni-nu-a",
                  "id": "P335183.l01626",
                  "ref": "P335183.20.2",
                  "inst": "Ninua[Nineveh]GN",
                  "exosig": "@saao/saa06%akk-x-neoass:{URU}ni-nu-a=Ninua[Nineveh//Nineveh]GN'GN$Ninua",
                  "f": {
                    "lang": "akk-x-neoass",
                    "form": "{URU}ni-nu-a",
                    "cf": "Ninua",
                    "gw": "Nineveh",
                    "sense": "Nineveh",
                    "norm": "Ninua",
                    "pos": "GN",
                    "epos": "GN"
                  }
                },
                {
                  "node": "l",
                  "frag": "⸢GAR⸣-[an]",
                  "id": "P335183.l01627",
                  "ref": "P335183.20.3",
                  "inst": "išakkan[place]V",
                  "exosig": "@saao/saa06%akk-x-neoass:GAR-an=šakānu[put//place]V'V$išakkan",
                  "f": {
                    "lang": "akk-x-neoass",
                    "form": "GAR-an",
                    "cf": "šakānu",
                    "gw": "put",
                    "sense": "place",
                    "norm": "išakkan",
                    "pos": "V",
                    "epos": "V"
                  }
                },
                {
                  "node": "d",
                  "subtype": "reverse",
                  "type": "reverse",
                  "ref": "P335183.r.21",
                  "label": "r"
                },
                {
                  "node": "d",
                  "type": "line-start",
                  "ref": "P335183.22",
                  "n": "1",
                  "label": "r 1"
                },
                {
                  "node": "l",
                  "frag": "kas-pu",
                  "id": "P335183.l01628",
                  "ref": "P335183.22.1",
                  "inst": "kaspu[money]N",
                  "exosig": "@saao/saa06%akk-x-neoass:kas-pu=kaspu[silver//money]N'N$kaspu",
                  "f": {
                    "lang": "akk-x-neoass",
                    "form": "kas-pu",
                    "cf": "kaspu",
                    "gw": "silver",
                    "sense": "money",
                    "norm": "kaspu",
                    "pos": "N",
                    "epos": "N"
                  }
                },
                {
                  "node": "c",
                  "type": "phrase",
                  "tag": "phr",
                  "id": "P335183.U6",
                  "ref": "P335183.ls00002",
                  "cdl": [
                    {
                      "node": "l",
                      "frag": "a-na",
                      "id": "P335183.l01629",
                      "ref": "P335183.22.2",
                      "inst": "ana[to+=tenfold]PRP$",
                      "exosig": "@saao/saa06%akk-x-neoass:a-na=ana[to//to]PRP'PRP$ana",
                      "f": {
                        "lang": "akk-x-neoass",
                        "form": "a-na",
                        "cf": "ana",
                        "gw": "to",
                        "sense": "to",
                        "norm": "ana",
                        "pos": "PRP",
                        "epos": "PRP"
                      }
                    },
                    {
                      "node": "l",
                      "frag": "10-MEŠ-te",
                      "id": "P335183.l0162a",
                      "ref": "P335183.22.3",
                      "inst": "ešriātu[tenfold]AV$ešrāte",
                      "exosig": "@saao/saa06%akk-x-neoass:10-MEŠ-te=ešriātu[tenfold//tenfold]AV'AV$ešrāte",
                      "f": {
                        "lang": "akk-x-neoass",
                        "form": "10-MEŠ-te",
                        "cf": "ešriātu",
                        "gw": "tenfold",
                        "sense": "tenfold",
                        "norm": "ešrāte",
                        "pos": "AV",
                        "epos": "AV"
                      }
                    }
                  ]
                },
                {
                  "node": "d",
                  "type": "line-start",
                  "ref": "P335183.23",
                  "n": "2",
                  "label": "r 2"
                },
                {
                  "node": "l",
                  "frag": "a-na",
                  "id": "P335183.l0162b",
                  "ref": "P335183.23.1",
                  "inst": "ana[to]PRP",
                  "exosig": "@saao/saa06%akk-x-neoass:a-na=ana[to//to]PRP'PRP$ana",
                  "f": {
                    "lang": "akk-x-neoass",
                    "form": "a-na",
                    "cf": "ana",
                    "gw": "to",
                    "sense": "to",
                    "norm": "ana",
                    "pos": "PRP",
                    "epos": "PRP"
                  }
                },
                {
                  "node": "l",
                  "frag": "EN-MEŠ-šu₂",
                  "id": "P335183.l0162c",
                  "ref": "P335183.23.2",
                  "inst": "bēlēšu[owner]N",
                  "exosig": "@saao/saa06%akk-x-neoass:EN-MEŠ-šu₂=bēlu[lord//owner]N'N$bēlēšu",
                  "f": {
                    "lang": "akk-x-neoass",
                    "form": "EN-MEŠ-šu₂",
                    "cf": "bēlu",
                    "gw": "lord",
                    "sense": "owner",
                    "norm": "bēlēšu",
                    "pos": "N",
                    "epos": "N"
                  }
                },
                {
                  "node": "l",
                  "frag": "GUR-ra",
                  "id": "P335183.l0162d",
                  "ref": "P335183.23.3",
                  "inst": "itūra[return]V",
                  "exosig": "@saao/saa06%akk-x-neoass:GUR-ra=târu[turn//return]V'V$itūra",
                  "f": {
                    "lang": "akk-x-neoass",
                    "form": "GUR-ra",
                    "cf": "târu",
                    "gw": "turn",
                    "sense": "return",
                    "norm": "itūra",
                    "pos": "V",
                    "epos": "V"
                  }
                },
                {
                  "node": "d",
                  "type": "line-start",
                  "ref": "P335183.24",
                  "n": "3",
                  "label": "r 3"
                },
                {
                  "node": "l",
                  "frag": "ina",
                  "id": "P335183.l0162e",
                  "ref": "P335183.24.1",
                  "inst": "ina[in]PRP",
                  "exosig": "@saao/saa06%akk-x-neoass:ina=ina[in//in]PRP'PRP$ina",
                  "f": {
                    "lang": "akk-x-neoass",
                    "form": "ina",
                    "cf": "ina",
                    "gw": "in",
                    "sense": "in",
                    "norm": "ina",
                    "pos": "PRP",
                    "epos": "PRP"
                  }
                },
                {
                  "node": "l",
                  "frag": "de-ni-šu₂",
                  "id": "P335183.l0162f",
                  "ref": "P335183.24.2",
                  "inst": "dēnīšu[lawsuit]N",
                  "exosig": "@saao/saa06%akk-x-neoass:de-ni-šu₂=dīnu[legal decision//lawsuit]N'N$dēnīšu",
                  "f": {
                    "lang": "akk-x-neoass",
                    "form": "de-ni-šu₂",
                    "cf": "dīnu",
                    "gw": "legal decision",
                    "sense": "lawsuit",
                    "norm": "dēnīšu",
                    "pos": "N",
                    "epos": "N"
                  }
                },
                {
                  "node": "l",
                  "frag": "DUG₄.DUG₄-ma",
                  "id": "P335183.l01630",
                  "ref": "P335183.24.3",
                  "inst": "idabbubma[contest]V",
                  "exosig": "@saao/saa06%akk-x-neoass:DUG₄.DUG₄-ma=dabābu[speak//contest]V'V$idabbubma",
                  "f": {
                    "lang": "akk-x-neoass",
                    "form": "DUG₄.DUG₄-ma",
                    "cf": "dabābu",
                    "gw": "speak",
                    "sense": "contest",
                    "norm": "idabbubma",
                    "pos": "V",
                    "epos": "V"
                  }
                },
                {
                  "node": "l",
                  "frag": "la₃",
                  "id": "P335183.l01631",
                  "ref": "P335183.24.4",
                  "inst": "lā[not]MOD",
                  "exosig": "@saao/saa06%akk-x-neoass:la₃=lā[not//not]MOD'MOD$lā",
                  "f": {
                    "lang": "akk-x-neoass",
                    "form": "la₃",
                    "cf": "lā",
                    "gw": "not",
                    "sense": "not",
                    "norm": "lā",
                    "pos": "MOD",
                    "epos": "MOD"
                  }
                },
                {
                  "node": "l",
                  "frag": "TI",
                  "id": "P335183.l01632",
                  "ref": "P335183.24.5",
                  "inst": "ilaqqi[succeed]V",
                  "exosig": "@saao/saa06%akk-x-neoass:TI=leqû[take//succeed]V'V$ilaqqi",
                  "f": {
                    "lang": "akk-x-neoass",
                    "form": "TI",
                    "cf": "leqû",
                    "gw": "take",
                    "sense": "succeed",
                    "norm": "ilaqqi",
                    "pos": "V",
                    "epos": "V"
                  }
                },
                {
                  "node": "d",
                  "type": "nonx",
                  "ref": "P335183.25",
                  "strict": "1",
                  "extent": "n",
                  "scope": "line",
                  "state": "ruling"
                },
                {
                  "node": "d",
                  "type": "line-start",
                  "ref": "P335183.26",
                  "n": "4",
                  "label": "r 4"
                },
                {
                  "node": "l",
                  "frag": "IGI",
                  "id": "P335183.l01633",
                  "ref": "P335183.26.1",
                  "inst": "šību[witness]N",
                  "exosig": "@saao/saa06%akk-x-neoass:IGI=šību[witness//witness]N'N$šību",
                  "f": {
                    "lang": "akk-x-neoass",
                    "form": "IGI",
                    "cf": "šību",
                    "gw": "witness",
                    "sense": "witness",
                    "norm": "šību",
                    "pos": "N",
                    "epos": "N"
                  }
                },
                {
                  "node": "l",
                  "frag": "{1}za-zi-i",
                  "id": "P335183.l01634",
                  "ref": "P335183.26.2",
                  "inst": "Zazi[1]PN",
                  "exosig": "@saao/saa06%akk-x-neoass:{1}za-zi-i=Zazi[1//1]PN'PN$Zazi",
                  "f": {
                    "lang": "akk-x-neoass",
                    "form": "{1}za-zi-i",
                    "cf": "Zazi",
                    "gw": "1",
                    "sense": "1",
                    "norm": "Zazi",
                    "pos": "PN",
                    "epos": "PN"
                  }
                },
                {
                  "node": "c",
                  "type": "phrase",
                  "tag": "phr",
                  "id": "P335183.U7",
                  "ref": "P335183.ls00003",
                  "cdl": [
                    {
                      "node": "l",
                      "frag": "{lu₂v}mu-kil-{kuš}PA-MEŠ",
                      "id": "P335183.l01635",
                      "ref": "P335183.26.3",
                      "cof-tails": "P335183.l01636",
                      "inst": "mukillu[holder]N$mukīl&appatu[bridle]N$appāti",
                      "exosig": "@saao/saa06%akk-x-neoass:{LU₂}mu-kil-{KUŠ}PA-MEŠ=mukillu[holder//holder]N'N$mukīl&&@saao%akk-x-neoass:=appatu[bridle//bridle]N'N$appāti",
                      "f": {
                        "lang": "akk-x-neoass",
                        "form": "{LU₂}mu-kil-{KUŠ}PA-MEŠ",
                        "cf": "mukillu",
                        "gw": "holder",
                        "sense": "holder",
                        "norm": "mukīl",
                        "pos": "N",
                        "epos": "N"
                      }
                    },
                    {
                      "node": "l",
                      "frag": "{lu₂v}mu-kil-{kuš}PA-MEŠ",
                      "id": "P335183.l01636",
                      "ref": "P335183.26.3",
                      "cof-head": "P335183.l01635",
                      "inst": "mukillu[holder]N$mukīl&appatu[bridle]N$appāti",
                      "tail-sig": "@saao%akk-x-neoass:=appatu[bridle//bridle]N'N$appāti",
                      "f": {
                        "lang": "akk-x-neoass",
                        "form": "{LU₂}mu-kil-{KUŠ}PA-MEŠ",
                        "cf": "appatu",
                        "gw": "bridle",
                        "sense": "bridle",
                        "norm": "appāti",
                        "pos": "N",
                        "epos": "N"
                      }
                    }
                  ]
                },
                {
                  "node": "d",
                  "type": "line-start",
                  "ref": "P335183.27",
                  "n": "5",
                  "label": "r 5"
                },
                {
                  "node": "l",
                  "frag": "⸢IGI⸣",
                  "id": "P335183.l01637",
                  "ref": "P335183.27.1",
                  "inst": "šību[witness]N",
                  "exosig": "@saao/saa06%akk-x-neoass:IGI=šību[witness//witness]N'N$šību",
                  "f": {
                    "lang": "akk-x-neoass",
                    "form": "IGI",
                    "cf": "šību",
                    "gw": "witness",
                    "sense": "witness",
                    "norm": "šību",
                    "pos": "N",
                    "epos": "N"
                  }
                },
                {
                  "node": "l",
                  "frag": "{1}{d}UTU-še-zib",
                  "id": "P335183.l01638",
                  "ref": "P335183.27.2",
                  "inst": "Šamaš-šezib[1]PN",
                  "exosig": "@saao/saa06%akk-x-neoass:{1}{d}UTU-še-zib=Šamaš-šezib[1//1]PN'PN$Šamaš-šezib",
                  "f": {
                    "lang": "akk-x-neoass",
                    "form": "{1}{d}UTU-še-zib",
                    "cf": "Šamaš-šezib",
                    "gw": "1",
                    "sense": "1",
                    "norm": "Šamaš-šezib",
                    "pos": "PN",
                    "epos": "PN"
                  }
                },
                {
                  "node": "l",
                  "frag": "{lu₂v}03.U₅",
                  "id": "P335183.l01639",
                  "ref": "P335183.27.3",
                  "inst": "tašlīšu[third man on chariot]N",
                  "exosig": "@saao/saa06%akk-x-neoass:{LU₂}03.U₅=tašlīšu[third man on chariot//third man on chariot]N'N$tašlīšu",
                  "f": {
                    "lang": "akk-x-neoass",
                    "form": "{LU₂}03.U₅",
                    "cf": "tašlīšu",
                    "gw": "third man on chariot",
                    "sense": "third man on chariot",
                    "norm": "tašlīšu",
                    "pos": "N",
                    "epos": "N"
                  }
                },
                {
                  "node": "d",
                  "type": "line-start",
                  "ref": "P335183.28",
                  "n": "6",
                  "label": "r 6"
                },
                {
                  "node": "l",
                  "frag": "IGI",
                  "id": "P335183.l0163a",
                  "ref": "P335183.28.1",
                  "inst": "šību[witness]N",
                  "exosig": "@saao/saa06%akk-x-neoass:IGI=šību[witness//witness]N'N$šību",
                  "f": {
                    "lang": "akk-x-neoass",
                    "form": "IGI",
                    "cf": "šību",
                    "gw": "witness",
                    "sense": "witness",
                    "norm": "šību",
                    "pos": "N",
                    "epos": "N"
                  }
                },
                {
                  "node": "l",
                  "frag": "{1}{d}PA-SAG-i-ši",
                  "id": "P335183.l0163b",
                  "ref": "P335183.28.2",
                  "inst": "Nabu-reši-išši[1]PN$",
                  "exosig": "@saao/saa06%akk-x-neoass:{1}{d}PA-SAG-i-ši=Nabu-reši-išši[1//1]PN'PN$Nabu-reši-išši",
                  "f": {
                    "lang": "akk-x-neoass",
                    "form": "{1}{d}PA-SAG-i-ši",
                    "cf": "Nabu-reši-išši",
                    "gw": "1",
                    "sense": "1",
                    "norm": "Nabu-reši-išši",
                    "pos": "PN",
                    "epos": "PN"
                  }
                },
                {
                  "node": "c",
                  "type": "phrase",
                  "tag": "phr",
                  "id": "P335183.U8",
                  "ref": "P335183.ls00004",
                  "cdl": [
                    {
                      "node": "l",
                      "frag": "{lu₂v}mu-kil-{kuš}PA-MEŠ",
                      "id": "P335183.l0163c",
                      "ref": "P335183.28.3",
                      "cof-tails": "P335183.l0163d",
                      "inst": "mukillu[holder]N$mukīl&appatu[bridle]N$appāti",
                      "exosig": "@saao/saa06%akk-x-neoass:{LU₂}mu-kil-{KUŠ}PA-MEŠ=mukillu[holder//holder]N'N$mukīl&&@saao%akk-x-neoass:=appatu[bridle//bridle]N'N$appāti",
                      "f": {
                        "lang": "akk-x-neoass",
                        "form": "{LU₂}mu-kil-{KUŠ}PA-MEŠ",
                        "cf": "mukillu",
                        "gw": "holder",
                        "sense": "holder",
                        "norm": "mukīl",
                        "pos": "N",
                        "epos": "N"
                      }
                    },
                    {
                      "node": "l",
                      "frag": "{lu₂v}mu-kil-{kuš}PA-MEŠ",
                      "id": "P335183.l0163d",
                      "ref": "P335183.28.3",
                      "cof-head": "P335183.l0163c",
                      "inst": "mukillu[holder]N$mukīl&appatu[bridle]N$appāti",
                      "tail-sig": "@saao%akk-x-neoass:=appatu[bridle//bridle]N'N$appāti",
                      "f": {
                        "lang": "akk-x-neoass",
                        "form": "{LU₂}mu-kil-{KUŠ}PA-MEŠ",
                        "cf": "appatu",
                        "gw": "bridle",
                        "sense": "bridle",
                        "norm": "appāti",
                        "pos": "N",
                        "epos": "N"
                      }
                    }
                  ]
                },
                {
                  "node": "d",
                  "type": "line-start",
                  "ref": "P335183.29",
                  "n": "7",
                  "label": "r 7"
                },
                {
                  "node": "l",
                  "frag": "IGI",
                  "id": "P335183.l0163e",
                  "ref": "P335183.29.1",
                  "inst": "šību[witness]N",
                  "exosig": "@saao/saa06%akk-x-neoass:IGI=šību[witness//witness]N'N$šību",
                  "f": {
                    "lang": "akk-x-neoass",
                    "form": "IGI",
                    "cf": "šību",
                    "gw": "witness",
                    "sense": "witness",
                    "norm": "šību",
                    "pos": "N",
                    "epos": "N"
                  }
                },
                {
                  "node": "l",
                  "frag": "{1}{d}30--I",
                  "id": "P335183.l0163f",
                  "ref": "P335183.29.2",
                  "inst": "Sin-naʾdi[1]PN",
                  "exosig": "@saao/saa06%akk-x-neoass:{1}{d}30-I=Sin-naʾdi[1//1]PN'PN$Sin-naʾdi",
                  "f": {
                    "lang": "akk-x-neoass",
                    "form": "{1}{d}30-I",
                    "cf": "Sin-naʾdi",
                    "gw": "1",
                    "sense": "1",
                    "norm": "Sin-naʾdi",
                    "pos": "PN",
                    "epos": "PN"
                  }
                },
                {
                  "node": "c",
                  "type": "phrase",
                  "tag": "phr",
                  "id": "P335183.U9",
                  "ref": "P335183.ls00005",
                  "cdl": [
                    {
                      "node": "l",
                      "frag": "{lu₂}GAL-ki-ṣir",
                      "id": "P335183.l01640",
                      "ref": "P335183.29.3",
                      "cof-tails": "P335183.l01641",
                      "inst": "rabû[big one]N$rab&kiṣru[cohort]N$kiṣir",
                      "exosig": "@saao/saa06%akk-x-neoass:{LU₂}GAL-ki-ṣir=rabû[big one//big one]N'N$rab&&@saao%akk-x-neoass:=kiṣru[knot//cohort]N'N$kiṣir",
                      "f": {
                        "lang": "akk-x-neoass",
                        "form": "{LU₂}GAL-ki-ṣir",
                        "cf": "rabû",
                        "gw": "big one",
                        "sense": "big one",
                        "norm": "rab",
                        "pos": "N",
                        "epos": "N"
                      }
                    },
                    {
                      "node": "l",
                      "frag": "{lu₂}GAL-ki-ṣir",
                      "id": "P335183.l01641",
                      "ref": "P335183.29.3",
                      "cof-head": "P335183.l01640",
                      "inst": "rabû[big one]N$rab&kiṣru[cohort]N$kiṣir",
                      "tail-sig": "@saao%akk-x-neoass:=kiṣru[knot//cohort]N'N$kiṣir",
                      "f": {
                        "lang": "akk-x-neoass",
                        "form": "{LU₂}GAL-ki-ṣir",
                        "cf": "kiṣru",
                        "gw": "knot",
                        "sense": "cohort",
                        "norm": "kiṣir",
                        "pos": "N",
                        "epos": "N"
                      }
                    }
                  ]
                },
                {
                  "node": "d",
                  "type": "line-start",
                  "ref": "P335183.30",
                  "n": "8",
                  "label": "r 8"
                },
                {
                  "node": "l",
                  "frag": "IGI",
                  "id": "P335183.l01642",
                  "ref": "P335183.30.1",
                  "inst": "šību[witness]N",
                  "exosig": "@saao/saa06%akk-x-neoass:IGI=šību[witness//witness]N'N$šību",
                  "f": {
                    "lang": "akk-x-neoass",
                    "form": "IGI",
                    "cf": "šību",
                    "gw": "witness",
                    "sense": "witness",
                    "norm": "šību",
                    "pos": "N",
                    "epos": "N"
                  }
                },
                {
                  "node": "l",
                  "frag": "{1}{d}MES-MU-AŠ",
                  "id": "P335183.l01643",
                  "ref": "P335183.30.2",
                  "inst": "Marduk-šumu-iddina[1]PN",
                  "exosig": "@saao/saa06%akk-x-neoass:{1}{d}MES-MU-AŠ=Marduk-šumu-iddina[1//1]PN'PN$Marduk-šumu-iddina",
                  "f": {
                    "lang": "akk-x-neoass",
                    "form": "{1}{d}MES-MU-AŠ",
                    "cf": "Marduk-šumu-iddina",
                    "gw": "1",
                    "sense": "1",
                    "norm": "Marduk-šumu-iddina",
                    "pos": "PN",
                    "epos": "PN"
                  }
                },
                {
                  "node": "c",
                  "type": "phrase",
                  "tag": "phr",
                  "id": "P335183.U10",
                  "ref": "P335183.ls00006",
                  "cdl": [
                    {
                      "node": "l",
                      "frag": "{lu₂}{giš}GIGIR-GIR₃.2",
                      "id": "P335183.l01644",
                      "ref": "P335183.30.3",
                      "cof-tails": "P335183.l01645",
                      "inst": "šušānu[horse-trainer]N$sūsān&ša-šēpi[(kingʾs) personal guard]N",
                      "exosig": "@saao/saa06%akk-x-neoass:{LU₂}{GIŠ}GIGIR-GIR₃.2=šušānu[horse-trainer//horse-trainer]N'N$sūsān&&@saao%akk-x-neoass:=ša-šēpi[(kingʾs) personal guard//(kingʾs) personal guard]N'N$ša-šēpi",
                      "f": {
                        "lang": "akk-x-neoass",
                        "form": "{LU₂}{GIŠ}GIGIR-GIR₃.2",
                        "cf": "šušānu",
                        "gw": "horse-trainer",
                        "sense": "horse-trainer",
                        "norm": "sūsān",
                        "pos": "N",
                        "epos": "N"
                      }
                    },
                    {
                      "node": "l",
                      "frag": "{lu₂}{giš}GIGIR-GIR₃.2",
                      "id": "P335183.l01645",
                      "ref": "P335183.30.3",
                      "cof-head": "P335183.l01644",
                      "inst": "šušānu[horse-trainer]N$sūsān&ša-šēpi[(kingʾs) personal guard]N",
                      "tail-sig": "@saao%akk-x-neoass:=ša-šēpi[(kingʾs) personal guard//(kingʾs) personal guard]N'N$ša-šēpi",
                      "f": {
                        "lang": "akk-x-neoass",
                        "form": "{LU₂}{GIŠ}GIGIR-GIR₃.2",
                        "cf": "ša-šēpi",
                        "gw": "(kingʾs) personal guard",
                        "sense": "(kingʾs) personal guard",
                        "norm": "ša-šēpi",
                        "pos": "N",
                        "epos": "N"
                      }
                    }
                  ]
                },
                {
                  "node": "d",
                  "type": "nonx",
                  "ref": "P335183.31",
                  "strict": "0",
                  "extent": "n",
                  "scope": "line",
                  "state": "blank"
                },
                {
                  "node": "d",
                  "type": "line-start",
                  "ref": "P335183.32",
                  "n": "9",
                  "label": "r 9"
                },
                {
                  "node": "l",
                  "frag": "{⸢iti⸣}ŠU",
                  "id": "P335183.l01646",
                  "ref": "P335183.32.1",
                  "inst": "Taʾuzi[Tammuz]MN",
                  "exosig": "@saao/saa06%akk-x-neoass:{ITI}ŠU=Duʾuzu[Tammuz//Tammuz]MN'MN$Taʾuzi",
                  "f": {
                    "lang": "akk-x-neoass",
                    "form": "{ITI}ŠU",
                    "cf": "Duʾuzu",
                    "gw": "Tammuz",
                    "sense": "Tammuz",
                    "norm": "Taʾuzi",
                    "pos": "MN",
                    "epos": "MN"
                  }
                },
                {
                  "node": "l",
                  "frag": "UD",
                  "id": "P335183.l01647",
                  "ref": "P335183.32.2",
                  "inst": "ūm[day]N",
                  "exosig": "@saao/saa06%akk-x-neoass:UD=ūmu[day//day]N'N$ūm",
                  "f": {
                    "lang": "akk-x-neoass",
                    "form": "UD",
                    "cf": "ūmu",
                    "gw": "day",
                    "sense": "day",
                    "norm": "ūm",
                    "pos": "N",
                    "epos": "N"
                  }
                },
                {
                  "node": "l",
                  "frag": "02-KAM₂",
                  "id": "P335183.l01648",
                  "ref": "P335183.32.3",
                  "inst": "n",
                  "f": {
                    "lang": "akk-x-neoass",
                    "form": "02-KAM₂",
                    "pos": "n"
                  }
                },
                {
                  "node": "l",
                  "frag": "[lim-mu",
                  "id": "P335183.l01649",
                  "ref": "P335183.32.4",
                  "inst": "limmu[eponym (of year)]N",
                  "exosig": "@saao/saa06%akk-x-neoass:lim-mu=līmu[eponym (of year)//eponym (of year)]N'N$limmu",
                  "f": {
                    "lang": "akk-x-neoass",
                    "form": "lim-mu",
                    "cf": "līmu",
                    "gw": "eponym (of year)",
                    "sense": "eponym (of year)",
                    "norm": "limmu",
                    "pos": "N",
                    "epos": "N"
                  }
                },
                {
                  "node": "l",
                  "frag": "{1}x",
                  "id": "P335183.l0164a",
                  "ref": "P335183.32.5",
                  "inst": "u",
                  "f": {
                    "lang": "akk-x-neoass",
                    "form": "{1}x",
                    "pos": "u"
                  }
                },
                {
                  "node": "l",
                  "frag": "x",
                  "id": "P335183.l0164b",
                  "ref": "P335183.32.6",
                  "inst": "u",
                  "f": {
                    "lang": "akk-x-neoass",
                    "form": "x",
                    "pos": "u"
                  }
                },
                {
                  "node": "l",
                  "frag": "x",
                  "id": "P335183.l0164c",
                  "ref": "P335183.32.7",
                  "inst": "u",
                  "f": {
                    "lang": "akk-x-neoass",
                    "form": "x",
                    "pos": "u"
                  }
                },
                {
                  "node": "l",
                  "frag": "x",
                  "id": "P335183.l0164d",
                  "ref": "P335183.32.8",
                  "inst": "u",
                  "f": {
                    "lang": "akk-x-neoass",
                    "form": "x",
                    "pos": "u"
                  }
                },
                {
                  "node": "l",
                  "frag": "x]",
                  "id": "P335183.l0164e",
                  "ref": "P335183.32.9",
                  "inst": "u",
                  "f": {
                    "lang": "akk-x-neoass",
                    "form": "x",
                    "pos": "u"
                  }
                },
                {
                  "node": "d",
                  "type": "line-start",
                  "ref": "P335183.33",
                  "n": "10",
                  "label": "r 10"
                },
                {
                  "node": "l",
                  "frag": "[IGI",
                  "id": "P335183.l0164f",
                  "ref": "P335183.33.1",
                  "inst": "šību[witness]N",
                  "exosig": "@saao/saa06%akk-x-neoass:IGI=šību[witness//witness]N'N$šību",
                  "f": {
                    "lang": "akk-x-neoass",
                    "form": "IGI",
                    "cf": "šību",
                    "gw": "witness",
                    "sense": "witness",
                    "norm": "šību",
                    "pos": "N",
                    "epos": "N"
                  }
                },
                {
                  "node": "l",
                  "frag": "{1}{d}PA-TI.⸢LA⸣-[su-E]",
                  "id": "P335183.l01650",
                  "ref": "P335183.33.2",
                  "inst": "Nabu-balassu-iqbi[1]PN$",
                  "exosig": "@saao/saa06%akk-x-neoass:{1}{d}PA-TI.LA-su-E=Nabu-balassu-iqbi[1//1]PN'PN$Nabu-balassu-iqbi",
                  "f": {
                    "lang": "akk-x-neoass",
                    "form": "{1}{d}PA-TI.LA-su-E",
                    "cf": "Nabu-balassu-iqbi",
                    "gw": "1",
                    "sense": "1",
                    "norm": "Nabu-balassu-iqbi",
                    "pos": "PN",
                    "epos": "PN"
                  }
                },
                {
                  "node": "d",
                  "type": "line-start",
                  "ref": "P335183.34",
                  "n": "11",
                  "label": "r 11"
                },
                {
                  "node": "l",
                  "frag": "{[lu₂v]}A.BA",
                  "id": "P335183.l01651",
                  "ref": "P335183.34.1",
                  "inst": "ṭupšarru[scribe]N",
                  "exosig": "@saao/saa06%akk-x-neoass:{LU₂}A.BA=ṭupšarru[scribe//scribe]N'N$ṭupšarru",
                  "f": {
                    "lang": "akk-x-neoass",
                    "form": "{LU₂}A.BA",
                    "cf": "ṭupšarru",
                    "gw": "scribe",
                    "sense": "scribe",
                    "norm": "ṭupšarru",
                    "pos": "N",
                    "epos": "N"
                  }
                },
                {
                  "node": "l",
                  "frag": "⸢ṣa⸣-[bit",
                  "id": "P335183.l01652",
                  "ref": "P335183.34.2",
                  "inst": "ṣābit[keeper]N",
                  "exosig": "@saao/saa06%akk-x-neoass:ṣa-bit=ṣābitu[recipient//keeper]N'N$ṣābit",
                  "f": {
                    "lang": "akk-x-neoass",
                    "form": "ṣa-bit",
                    "cf": "ṣābitu",
                    "gw": "recipient",
                    "sense": "keeper",
                    "norm": "ṣābit",
                    "pos": "N",
                    "epos": "N"
                  }
                },
                {
                  "node": "l",
                  "frag": "dan-ni-te]",
                  "id": "P335183.l01653",
                  "ref": "P335183.34.3",
                  "inst": "dannite[binding document]N",
                  "exosig": "@saao/saa06%akk-x-neoass:dan-ni-te=dannutu[binding document//binding document]N'N$dannite",
                  "f": {
                    "lang": "akk-x-neoass",
                    "form": "dan-ni-te",
                    "cf": "dannutu",
                    "gw": "binding document",
                    "sense": "binding document",
                    "norm": "dannite",
                    "pos": "N",
                    "epos": "N"
                  }
                }
              ]
            }
          ]
        }
      ]
    },
    {
      "linkbase": [
        {
          "type": "linkset",
          "xlink_title": "ina libbi[in//(in exchange) for]PRP'PRP",
          "id": "P335183.ls00000",
          "xlink_type": "extended",
          "xlink_role": "psu",
          "sig": "{ina[in]PRP libbu[interior]N += ina libbi[in//(in exchange) for]PRP'PRP}::@saao%akk-x-neoass:ina=ina[in//into]PRP'PRP$ina++@saao%akk-x-neoass:ŠA₃-bi=libbu[interior//interior]N'N$libbi",
          "links": [
            {
              "type": "link",
              "xlink_title": "ina",
              "xlink_type": "locator",
              "xlink_href": "#P335183.l01602",
              "xlink_role": "elt"
            },
            {
              "type": "link",
              "xlink_title": "libbi",
              "xlink_type": "locator",
              "xlink_href": "#P335183.l01603",
              "xlink_role": "elt"
            }
          ]
        },
        {
          "type": "linkset",
          "xlink_title": "ištu pān[from//because of]PRP'PRP",
          "id": "P335183.ls00001",
          "xlink_type": "extended",
          "xlink_role": "psu",
          "sig": "{ištu[from]PRP pānu[front]N += ištu pān[from//because of]PRP'PRP}::@saao%akk-x-neoass:TA@v=ištu[from//from]PRP'PRP$issu++@saao%akk-x-neoass:IGI=pānu[front//front]N'N$pān",
          "links": [
            {
              "type": "link",
              "xlink_title": "issu",
              "xlink_type": "locator",
              "xlink_href": "#P335183.l0160c",
              "xlink_role": "elt"
            },
            {
              "type": "link",
              "xlink_title": "pān",
              "xlink_type": "locator",
              "xlink_href": "#P335183.l0160d",
              "xlink_role": "elt"
            }
          ]
        },
        {
          "type": "linkset",
          "xlink_title": "ana ešriāti[tenfold//tenfold]AV'AV",
          "id": "P335183.ls00002",
          "xlink_type": "extended",
          "xlink_role": "psu",
          "sig": "{ana[to]PRP ešriātu[tenfold]AV += ana ešriāti[tenfold//tenfold]AV'AV}::@saao%akk-x-neoass:a-na=ana[to//to]PRP'PRP$ana++@saao%akk-x-neoass:10-MEŠ-te=ešriātu[tenfold//tenfold]AV'AV$ešrāte",
          "links": [
            {
              "type": "link",
              "xlink_title": "ana",
              "xlink_type": "locator",
              "xlink_href": "#P335183.l01629",
              "xlink_role": "elt"
            },
            {
              "type": "link",
              "xlink_title": "ešriātu",
              "xlink_type": "locator",
              "xlink_href": "#P335183.l0162a",
              "xlink_role": "elt"
            }
          ]
        },
        {
          "type": "linkset",
          "xlink_title": "mukīl appāti[chariot driver//chariot driver]N'N",
          "id": "P335183.ls00003",
          "xlink_type": "extended",
          "xlink_role": "psu",
          "sig": "{mukillu[holder]N appatu[bridle]N += mukīl appāti[chariot driver//chariot driver]N'N}::@saao%akk-x-neoass:{LU₂}mu-kil-{KUŠ}a-pa-MEŠ=mukillu[holder//holder]N'N$mukīl++@saao%akk-x-neoass:{LU₂}mu-kil-{KUŠ}a-pa-MEŠ=appatu[bridle//bridle]N'N$appāti",
          "links": [
            {
              "type": "link",
              "xlink_title": "mukillu",
              "xlink_type": "locator",
              "xlink_href": "#P335183.l01635",
              "xlink_role": "elt"
            },
            {
              "type": "link",
              "xlink_title": "appatu",
              "xlink_type": "locator",
              "xlink_href": "#P335183.l01636",
              "xlink_role": "elt"
            }
          ]
        },
        {
          "type": "linkset",
          "xlink_title": "mukīl appāti[chariot driver//chariot driver]N'N",
          "id": "P335183.ls00004",
          "xlink_type": "extended",
          "xlink_role": "psu",
          "sig": "{mukillu[holder]N appatu[bridle]N += mukīl appāti[chariot driver//chariot driver]N'N}::@saao%akk-x-neoass:{LU₂}mu-kil-{KUŠ}a-pa-MEŠ=mukillu[holder//holder]N'N$mukīl++@saao%akk-x-neoass:{LU₂}mu-kil-{KUŠ}a-pa-MEŠ=appatu[bridle//bridle]N'N$appāti",
          "links": [
            {
              "type": "link",
              "xlink_title": "mukillu",
              "xlink_type": "locator",
              "xlink_href": "#P335183.l0163c",
              "xlink_role": "elt"
            },
            {
              "type": "link",
              "xlink_title": "appatu",
              "xlink_type": "locator",
              "xlink_href": "#P335183.l0163d",
              "xlink_role": "elt"
            }
          ]
        },
        {
          "type": "linkset",
          "xlink_title": "rab kiṣri[centurion//cohort commander]N'N",
          "id": "P335183.ls00005",
          "xlink_type": "extended",
          "xlink_role": "psu",
          "sig": "{{LU₂}GAL-ki-ṣir = rabû[big one]N kiṣru[knot]N += rab kiṣri[centurion//cohort commander]N'N}::@saao/saa10%akk-x-neoass:{LU₂}GAL-ki-ṣir=rabû[big one//big one]N'N$rab++@saao/saa10%akk-x-neobab:{LU₂}GAL-ki-ṣir=kiṣru[knot//knot]N'N$kiṣir",
          "links": [
            {
              "type": "link",
              "xlink_title": "rabû",
              "xlink_type": "locator",
              "xlink_href": "#P335183.l01640",
              "xlink_role": "elt"
            },
            {
              "type": "link",
              "xlink_title": "kiṣru",
              "xlink_type": "locator",
              "xlink_href": "#P335183.l01641",
              "xlink_role": "elt"
            }
          ]
        },
        {
          "type": "linkset",
          "xlink_title": "šušān ša-šēpi[horse-trainer of the royal guard//horse-trainer of the royal guard]N'N",
          "id": "P335183.ls00006",
          "xlink_type": "extended",
          "xlink_role": "psu",
          "sig": "{šušānu[horse-trainer]N ša-šēpi[(kingʾs) personal guard]N += šušān ša-šēpi[horse-trainer of the royal guard//horse-trainer of the royal guard]N'N}::@saao%akk-x-neoass:{GIŠ}GIGIR-GIR₃.2=šušānu[horse-trainer//horse-trainer]N'N$sūsān++@saao%akk-x-neoass:{GIŠ}GIGIR-GIR₃.2=ša-šēpi[(kingʾs) personal guard//(kingʾs) personal guard]N'N$ša-šēpi",
          "links": [
            {
              "type": "link",
              "xlink_title": "šušānu",
              "xlink_type": "locator",
              "xlink_href": "#P335183.l01644",
              "xlink_role": "elt"
            },
            {
              "type": "link",
              "xlink_title": "ša-šēpi",
              "xlink_type": "locator",
              "xlink_href": "#P335183.l01645",
              "xlink_role": "elt"
            }
          ]
        }
      ]
    }
  ]
}
