{
  "type": "cdl",
  "source": "http://oracc.org/saao/saa06",
  "license": "This data is released under the CC0 license",
  "license-url": "https://creativecommons.org/publicdomain/zero/1.0/",
  "more-info": "http://oracc.org/doc/opendata/",
  "UTC-timestamp": "2017-06-10T00:42:34",
  "project": "saao/saa06",
  "textid": "P335140",
  "cdl": [
    {
      "node": "c",
      "type": "text",
      "id": "P335140.U0",
      "cdl": [
        {
          "node": "d",
          "type": "object",
          "ref": ""
        },
        {
          "node": "d",
          "subtype": "obverse",
          "type": "obverse",
          "ref": "P335140.o.1",
          "label": "o"
        },
        {
          "node": "c",
          "type": "discourse",
          "subtype": "body",
          "id": "P335140.U1",
          "cdl": [
            {
              "node": "c",
              "type": "sentence",
              "id": "P335140.U2",
              "label": "o 1 - r 5'",
              "cdl": [
                {
                  "node": "d",
                  "type": "line-start",
                  "ref": "P335140.2",
                  "n": "1",
                  "label": "o 1"
                },
                {
                  "node": "l",
                  "frag": "ṣu-pur",
                  "id": "P335140.l02bc2",
                  "ref": "P335140.2.1",
                  "inst": "ṣupur[fingernail]N",
                  "exosig": "@saao/saa06%akk-x-neoass:ṣu-pur=ṣupru[nail//fingernail]N'N$ṣupur",
                  "f": {
                    "lang": "akk-x-neoass",
                    "form": "ṣu-pur",
                    "cf": "ṣupru",
                    "gw": "nail",
                    "sense": "fingernail",
                    "norm": "ṣupur",
                    "pos": "N",
                    "epos": "N"
                  }
                },
                {
                  "node": "l",
                  "frag": "{1}aš-šur-I",
                  "id": "P335140.l02bc3",
                  "ref": "P335140.2.2",
                  "inst": "Aššur-naʾdi[1]PN",
                  "exosig": "@saao/saa06%akk-x-neoass:{1}aš-šur-I=Aššur-naʾdi[1//1]PN'PN$Aššur-naʾdi",
                  "f": {
                    "lang": "akk-x-neoass",
                    "form": "{1}aš-šur-I",
                    "cf": "Aššur-naʾdi",
                    "gw": "1",
                    "sense": "1",
                    "norm": "Aššur-naʾdi",
                    "pos": "PN",
                    "epos": "PN"
                  }
                },
                {
                  "node": "l",
                  "frag": "A",
                  "id": "P335140.l02bc4",
                  "ref": "P335140.2.3",
                  "inst": "mār[son]N",
                  "exosig": "@saao/saa06%akk-x-neoass:A=māru[son//son]N'N$mār",
                  "f": {
                    "lang": "akk-x-neoass",
                    "form": "A",
                    "cf": "māru",
                    "gw": "son",
                    "sense": "son",
                    "norm": "mār",
                    "pos": "N",
                    "epos": "N"
                  }
                },
                {
                  "node": "l",
                  "frag": "{1}mar-da-[ni]",
                  "id": "P335140.l02bc5",
                  "ref": "P335140.2.4",
                  "inst": "Mardanu[1]PN$",
                  "exosig": "@saao/saa06%akk-x-neoass:{1}mar-da-ni=Mardanu[1//1]PN'PN$Mardanu",
                  "f": {
                    "lang": "akk-x-neoass",
                    "form": "{1}mar-da-ni",
                    "cf": "Mardanu",
                    "gw": "1",
                    "sense": "1",
                    "norm": "Mardanu",
                    "pos": "PN",
                    "epos": "PN"
                  }
                },
                {
                  "node": "d",
                  "type": "line-start",
                  "ref": "P335140.3",
                  "n": "2",
                  "label": "o 2"
                },
                {
                  "node": "l",
                  "frag": "EN",
                  "id": "P335140.l02bc6",
                  "ref": "P335140.3.1",
                  "inst": "bēl[owner]N",
                  "exosig": "@saao/saa06%akk-x-neoass:EN=bēlu[lord//owner]N'N$bēl",
                  "f": {
                    "lang": "akk-x-neoass",
                    "form": "EN",
                    "cf": "bēlu",
                    "gw": "lord",
                    "sense": "owner",
                    "norm": "bēl",
                    "pos": "N",
                    "epos": "N"
                  }
                },
                {
                  "node": "l",
                  "frag": "LU₂",
                  "id": "P335140.l02bc7",
                  "ref": "P335140.3.2",
                  "inst": "amēli[man]N",
                  "exosig": "@saao/saa06%akk-x-neoass:LU₂=awīlu[man//man]N'N$amēli",
                  "f": {
                    "lang": "akk-x-neoass",
                    "form": "LU₂",
                    "cf": "awīlu",
                    "gw": "man",
                    "sense": "man",
                    "norm": "amēli",
                    "pos": "N",
                    "epos": "N"
                  }
                },
                {
                  "node": "l",
                  "frag": "SUM-ni",
                  "id": "P335140.l02bc8",
                  "ref": "P335140.3.3",
                  "inst": "tadāni[giving]'N",
                  "exosig": "@saao/saa06%akk-x-neoass:SUM-ni=tadānu[give//giving]V'N$tadāni",
                  "f": {
                    "lang": "akk-x-neoass",
                    "form": "SUM-ni",
                    "cf": "tadānu",
                    "gw": "give",
                    "sense": "giving",
                    "norm": "tadāni",
                    "pos": "V",
                    "epos": "N"
                  }
                },
                {
                  "node": "d",
                  "type": "nonx",
                  "ref": "P335140.4",
                  "strict": "1",
                  "extent": "n",
                  "scope": "line",
                  "state": "ruling",
                  "flags": "!"
                },
                {
                  "node": "d",
                  "type": "nonx",
                  "ref": "P335140.5",
                  "strict": "1",
                  "extent": "1",
                  "scope": "space",
                  "state": "blank"
                },
                {
                  "node": "d",
                  "type": "nonx",
                  "ref": "P335140.6",
                  "strict": "1",
                  "extent": "n",
                  "scope": "line",
                  "state": "ruling",
                  "flags": "!"
                },
                {
                  "node": "d",
                  "type": "line-start",
                  "ref": "P335140.7",
                  "n": "3",
                  "label": "o 3"
                },
                {
                  "node": "l",
                  "frag": "[x",
                  "id": "P335140.l02bc9",
                  "ref": "P335140.7.1",
                  "inst": "u",
                  "f": {
                    "lang": "akk-x-neoass",
                    "form": "x",
                    "pos": "u"
                  }
                },
                {
                  "node": "l",
                  "frag": "x",
                  "id": "P335140.l02bca",
                  "ref": "P335140.7.2",
                  "inst": "u",
                  "f": {
                    "lang": "akk-x-neoass",
                    "form": "x",
                    "pos": "u"
                  }
                },
                {
                  "node": "l",
                  "frag": "x",
                  "id": "P335140.l02bcb",
                  "ref": "P335140.7.3",
                  "inst": "u",
                  "f": {
                    "lang": "akk-x-neoass",
                    "form": "x",
                    "pos": "u"
                  }
                },
                {
                  "node": "l",
                  "frag": "x",
                  "id": "P335140.l02bcc",
                  "ref": "P335140.7.4",
                  "inst": "u",
                  "f": {
                    "lang": "akk-x-neoass",
                    "form": "x",
                    "pos": "u"
                  }
                },
                {
                  "node": "l",
                  "frag": "x",
                  "id": "P335140.l02bcd",
                  "ref": "P335140.7.5",
                  "inst": "u",
                  "f": {
                    "lang": "akk-x-neoass",
                    "form": "x",
                    "pos": "u"
                  }
                },
                {
                  "node": "l",
                  "frag": "x",
                  "id": "P335140.l02bce",
                  "ref": "P335140.7.6",
                  "inst": "u",
                  "f": {
                    "lang": "akk-x-neoass",
                    "form": "x",
                    "pos": "u"
                  }
                },
                {
                  "node": "l",
                  "frag": "x",
                  "id": "P335140.l02bcf",
                  "ref": "P335140.7.7",
                  "inst": "u",
                  "f": {
                    "lang": "akk-x-neoass",
                    "form": "x",
                    "pos": "u"
                  }
                },
                {
                  "node": "l",
                  "frag": "x]+⸢x⸣",
                  "id": "P335140.l02bd0",
                  "ref": "P335140.7.8",
                  "inst": "u",
                  "f": {
                    "lang": "akk-x-neoass",
                    "form": "x+x",
                    "pos": "u"
                  }
                },
                {
                  "node": "d",
                  "type": "nonx",
                  "ref": "P335140.8",
                  "strict": "0",
                  "extent": "rest",
                  "state": "missing"
                },
                {
                  "node": "d",
                  "subtype": "reverse",
                  "type": "reverse",
                  "ref": "P335140.r.9",
                  "label": "r"
                },
                {
                  "node": "d",
                  "type": "nonx",
                  "ref": "P335140.10",
                  "strict": "0",
                  "extent": "beginning",
                  "state": "missing"
                },
                {
                  "node": "d",
                  "type": "line-start",
                  "ref": "P335140.11",
                  "n": "1'",
                  "label": "r 1'"
                },
                {
                  "node": "l",
                  "frag": "[x",
                  "id": "P335140.l02bd1",
                  "ref": "P335140.11.1",
                  "inst": "u",
                  "f": {
                    "lang": "akk-x-neoass",
                    "form": "x",
                    "pos": "u"
                  }
                },
                {
                  "node": "l",
                  "frag": "x",
                  "id": "P335140.l02bd2",
                  "ref": "P335140.11.2",
                  "inst": "u",
                  "f": {
                    "lang": "akk-x-neoass",
                    "form": "x",
                    "pos": "u"
                  }
                },
                {
                  "node": "l",
                  "frag": "x",
                  "id": "P335140.l02bd3",
                  "ref": "P335140.11.3",
                  "inst": "u",
                  "f": {
                    "lang": "akk-x-neoass",
                    "form": "x",
                    "pos": "u"
                  }
                },
                {
                  "node": "l",
                  "frag": "x]+⸢x⸣",
                  "id": "P335140.l02bd4",
                  "ref": "P335140.11.4",
                  "inst": "u",
                  "f": {
                    "lang": "akk-x-neoass",
                    "form": "x+x",
                    "pos": "u"
                  }
                },
                {
                  "node": "l",
                  "frag": "MA₂.DU.DU-MEŠ",
                  "id": "P335140.l02bd5",
                  "ref": "P335140.11.5",
                  "inst": "malāhu[sailor//boatman]N$mallāhi",
                  "exosig": "@saao/saa06%akk-x-neoass:MA₂.DU.DU-MEŠ=malāhu[sailor//boatman]N'N$mallāhi",
                  "f": {
                    "lang": "akk-x-neoass",
                    "form": "MA₂.DU.DU-MEŠ",
                    "cf": "malāhu",
                    "gw": "sailor",
                    "sense": "boatman",
                    "norm": "mallāhi",
                    "pos": "N",
                    "epos": "N"
                  }
                },
                {
                  "node": "d",
                  "type": "line-start",
                  "ref": "P335140.12",
                  "n": "2'",
                  "label": "r 2'"
                },
                {
                  "node": "l",
                  "frag": "[IGI",
                  "id": "P335140.l02bd6",
                  "ref": "P335140.12.1",
                  "inst": "šību[witness]N",
                  "exosig": "@saao/saa06%akk-x-neoass:IGI=šību[witness//witness]N'N$šību",
                  "f": {
                    "lang": "akk-x-neoass",
                    "form": "IGI",
                    "cf": "šību",
                    "gw": "witness",
                    "sense": "witness",
                    "norm": "šību",
                    "pos": "N",
                    "epos": "N"
                  }
                },
                {
                  "node": "l",
                  "frag": "{1}ra]-hi-me-DINGIR",
                  "id": "P335140.l02bd7",
                  "ref": "P335140.12.2",
                  "inst": "Rahimi-il[1]PN$",
                  "exosig": "@saao/saa06%akk-x-neoass:{1}ra-hi-me-DINGIR=Rahimi-il[1//1]PN'PN$Rahimi-il",
                  "f": {
                    "lang": "akk-x-neoass",
                    "form": "{1}ra-hi-me-DINGIR",
                    "cf": "Rahimi-il",
                    "gw": "1",
                    "sense": "1",
                    "norm": "Rahimi-il",
                    "pos": "PN",
                    "epos": "PN"
                  }
                },
                {
                  "node": "l",
                  "frag": "ša₂",
                  "id": "P335140.l02bd8",
                  "ref": "P335140.12.3",
                  "inst": "ša[of]DET",
                  "exosig": "@saao/saa06%akk-x-neoass:ša₂=ša[of//of]DET'DET$ša",
                  "f": {
                    "lang": "akk-x-neoass",
                    "form": "ša₂",
                    "cf": "ša",
                    "gw": "of",
                    "sense": "of",
                    "norm": "ša",
                    "pos": "DET",
                    "epos": "DET"
                  }
                },
                {
                  "node": "l",
                  "frag": "{uru}ha-at-pi-⸢na-x⸣",
                  "id": "P335140.l02bd9",
                  "ref": "P335140.12.4",
                  "inst": "Hatpina[1]GN$",
                  "exosig": "@saao/saa06%akk-x-neoass:{URU}ha-at-pi-na-x=Hatpina[1//1]GN'GN$Hatpina",
                  "f": {
                    "lang": "akk-x-neoass",
                    "form": "{URU}ha-at-pi-na-x",
                    "cf": "Hatpina",
                    "gw": "1",
                    "sense": "1",
                    "norm": "Hatpina",
                    "pos": "GN",
                    "epos": "GN"
                  }
                },
                {
                  "node": "d",
                  "type": "line-start",
                  "ref": "P335140.13",
                  "n": "3'",
                  "label": "r 3'"
                },
                {
                  "node": "l",
                  "frag": "[IGI",
                  "id": "P335140.l02bda",
                  "ref": "P335140.13.1",
                  "inst": "šību[witness]N",
                  "exosig": "@saao/saa06%akk-x-neoass:IGI=šību[witness//witness]N'N$šību",
                  "f": {
                    "lang": "akk-x-neoass",
                    "form": "IGI",
                    "cf": "šību",
                    "gw": "witness",
                    "sense": "witness",
                    "norm": "šību",
                    "pos": "N",
                    "epos": "N"
                  }
                },
                {
                  "node": "l",
                  "frag": "{1}{d]}⸢PA⸣-MU-GIŠ",
                  "id": "P335140.l02bdb",
                  "ref": "P335140.13.2",
                  "inst": "Nabu-šumu-lešir[1]PN$",
                  "exosig": "@saao/saa06%akk-x-neoass:{1}{d}PA-MU-GIŠ=Nabu-šumu-lešir[1//1]PN'PN$Nabu-šumu-lešir",
                  "f": {
                    "lang": "akk-x-neoass",
                    "form": "{1}{d}PA-MU-GIŠ",
                    "cf": "Nabu-šumu-lešir",
                    "gw": "1",
                    "sense": "1",
                    "norm": "Nabu-šumu-lešir",
                    "pos": "PN",
                    "epos": "PN"
                  }
                },
                {
                  "node": "l",
                  "frag": "{lu₂}A.BA",
                  "id": "P335140.l02bdc",
                  "ref": "P335140.13.3",
                  "inst": "ṭupšarru[scribe]N",
                  "exosig": "@saao/saa06%akk-x-neoass:{LU₂}A.BA=ṭupšarru[scribe//scribe]N'N$ṭupšarru",
                  "f": {
                    "lang": "akk-x-neoass",
                    "form": "{LU₂}A.BA",
                    "cf": "ṭupšarru",
                    "gw": "scribe",
                    "sense": "scribe",
                    "norm": "ṭupšarru",
                    "pos": "N",
                    "epos": "N"
                  }
                },
                {
                  "node": "d",
                  "type": "line-start",
                  "ref": "P335140.14",
                  "n": "4'",
                  "label": "r 4'"
                },
                {
                  "node": "l",
                  "frag": "{⸢iti⸣}DUL",
                  "id": "P335140.l02bdd",
                  "ref": "P335140.14.1",
                  "inst": "Tašriti[Tishri]MN",
                  "exosig": "@saao/saa06%akk-x-neoass:{ITI}DUL=Tašritu[Tishri//Tishri]MN'MN$Tašriti",
                  "f": {
                    "lang": "akk-x-neoass",
                    "form": "{ITI}DUL",
                    "cf": "Tašritu",
                    "gw": "Tishri",
                    "sense": "Tishri",
                    "norm": "Tašriti",
                    "pos": "MN",
                    "epos": "MN"
                  }
                },
                {
                  "node": "l",
                  "frag": "UD",
                  "id": "P335140.l02bde",
                  "ref": "P335140.14.2",
                  "inst": "ūm[day]N",
                  "exosig": "@saao/saa06%akk-x-neoass:UD=ūmu[day//day]N'N$ūm",
                  "f": {
                    "lang": "akk-x-neoass",
                    "form": "UD",
                    "cf": "ūmu",
                    "gw": "day",
                    "sense": "day",
                    "norm": "ūm",
                    "pos": "N",
                    "epos": "N"
                  }
                },
                {
                  "node": "l",
                  "frag": "18-KAM₂",
                  "id": "P335140.l02bdf",
                  "ref": "P335140.14.3",
                  "inst": "n",
                  "f": {
                    "lang": "akk-x-neoass",
                    "form": "18-KAM₂",
                    "pos": "n"
                  }
                },
                {
                  "node": "d",
                  "type": "line-start",
                  "ref": "P335140.15",
                  "n": "5'",
                  "label": "r 5'"
                },
                {
                  "node": "l",
                  "frag": "⸢lim⸣-me",
                  "id": "P335140.l02be0",
                  "ref": "P335140.15.1",
                  "inst": "limme[eponym (of year)]N",
                  "exosig": "@saao/saa06%akk-x-neoass:lim-me=līmu[eponym (of year)//eponym (of year)]N'N$limme",
                  "f": {
                    "lang": "akk-x-neoass",
                    "form": "lim-me",
                    "cf": "līmu",
                    "gw": "eponym (of year)",
                    "sense": "eponym (of year)",
                    "norm": "limme",
                    "pos": "N",
                    "epos": "N"
                  }
                },
                {
                  "node": "l",
                  "frag": "{1}DI-⸢mu⸣-LUGAL",
                  "id": "P335140.l02be1",
                  "ref": "P335140.15.2",
                  "inst": "Šulmu-šarri[1]PN",
                  "exosig": "@saao/saa06%akk-x-neoass:{1}DI-mu-LUGAL=Šulmu-šarri[1//1]PN'PN$Šulmu-šarri",
                  "f": {
                    "lang": "akk-x-neoass",
                    "form": "{1}DI-mu-LUGAL",
                    "cf": "Šulmu-šarri",
                    "gw": "1",
                    "sense": "1",
                    "norm": "Šulmu-šarri",
                    "pos": "PN",
                    "epos": "PN"
                  }
                }
              ]
            }
          ]
        }
      ]
    }
  ]
}
