{
  "type": "cdl",
  "source": "http://oracc.org/saao/saa06",
  "license": "This data is released under the CC0 license",
  "license-url": "https://creativecommons.org/publicdomain/zero/1.0/",
  "more-info": "http://oracc.org/doc/opendata/",
  "UTC-timestamp": "2017-06-10T00:42:38",
  "project": "saao/saa06",
  "textid": "P335429",
  "cdl": [
    {
      "node": "c",
      "type": "text",
      "id": "P335429.U0",
      "cdl": [
        {
          "node": "d",
          "type": "object",
          "ref": ""
        },
        {
          "node": "d",
          "subtype": "obverse",
          "type": "obverse",
          "ref": "P335429.o.1",
          "label": "o"
        },
        {
          "node": "c",
          "type": "discourse",
          "subtype": "body",
          "id": "P335429.U1",
          "cdl": [
            {
              "node": "c",
              "type": "sentence",
              "id": "P335429.U2",
              "label": "o 1 - r 12'",
              "cdl": [
                {
                  "node": "d",
                  "type": "line-start",
                  "ref": "P335429.2",
                  "n": "1",
                  "label": "o 1"
                },
                {
                  "node": "l",
                  "frag": "{na₄}KIŠIB",
                  "id": "P335429.l019c8",
                  "ref": "P335429.2.1",
                  "inst": "kunukku[seal]N",
                  "sig": "@saao/saa06%akk-x-neoass:{NA₄}KIŠIB=kunukku[seal//seal]N'N$kunuk",
                  "f": {
                    "lang": "akk-x-neoass",
                    "form": "{NA₄}KIŠIB",
                    "cf": "kunukku",
                    "gw": "seal",
                    "sense": "seal",
                    "norm": "kunuk",
                    "pos": "N",
                    "epos": "N"
                  }
                },
                {
                  "node": "l",
                  "frag": "{1}ba-hi-a-ni",
                  "id": "P335429.l019c9",
                  "ref": "P335429.2.2",
                  "inst": "Bahiani[1]PN",
                  "exosig": "@saao/saa06%akk-x-neoass:{1}ba-hi-a-ni=Bahianu[1//1]PN'PN$Bahiani",
                  "f": {
                    "lang": "akk-x-neoass",
                    "form": "{1}ba-hi-a-ni",
                    "cf": "Bahianu",
                    "gw": "1",
                    "sense": "1",
                    "norm": "Bahiani",
                    "pos": "PN",
                    "epos": "PN"
                  }
                },
                {
                  "node": "d",
                  "type": "line-start",
                  "ref": "P335429.3",
                  "n": "2",
                  "label": "o 2"
                },
                {
                  "node": "c",
                  "type": "phrase",
                  "tag": "phr",
                  "id": "P335429.U4",
                  "ref": "P335429.ls00000",
                  "cdl": [
                    {
                      "node": "l",
                      "frag": "{lu₂}GAL-URU-MEŠ",
                      "id": "P335429.l019ca",
                      "ref": "P335429.3.1",
                      "cof-tails": "P335429.l019cb",
                      "inst": "rabû[big one]N$rab&ālu[city]N$ālāni",
                      "exosig": "@saao/saa06%akk-x-neoass:{LU₂}GAL-URU-MEŠ=rabû[big one//big one]N'N$rab&&@saao%akk-x-neoass:=ālu[city//city]N'N$ālāni",
                      "f": {
                        "lang": "akk-x-neoass",
                        "form": "{LU₂}GAL-URU-MEŠ",
                        "cf": "rabû",
                        "gw": "big one",
                        "sense": "big one",
                        "norm": "rab",
                        "pos": "N",
                        "epos": "N"
                      }
                    },
                    {
                      "node": "l",
                      "frag": "{lu₂}GAL-URU-MEŠ",
                      "id": "P335429.l019cb",
                      "ref": "P335429.3.1",
                      "cof-head": "P335429.l019ca",
                      "inst": "rabû[big one]N$rab&ālu[city]N$ālāni",
                      "tail-sig": "@saao%akk-x-neoass:=ālu[city//city]N'N$ālāni",
                      "f": {
                        "lang": "akk-x-neoass",
                        "form": "{LU₂}GAL-URU-MEŠ",
                        "cf": "ālu",
                        "gw": "city",
                        "sense": "city",
                        "norm": "ālāni",
                        "pos": "N",
                        "epos": "N"
                      }
                    }
                  ]
                },
                {
                  "node": "l",
                  "frag": "ša",
                  "id": "P335429.l019cc",
                  "ref": "P335429.3.2",
                  "inst": "ša[of]DET",
                  "exosig": "@saao/saa06%akk-x-neoass:ša=ša[of//of]DET'DET$ša",
                  "f": {
                    "lang": "akk-x-neoass",
                    "form": "ša",
                    "cf": "ša",
                    "gw": "of",
                    "sense": "of",
                    "norm": "ša",
                    "pos": "DET",
                    "epos": "DET"
                  }
                },
                {
                  "node": "l",
                  "frag": "{mi₂}lah₂-hi-ni-te",
                  "id": "P335429.l019cd",
                  "ref": "P335429.3.3",
                  "inst": "lahhinutu[(a female official)//(temple) stewardess]N$lahhinnite",
                  "exosig": "@saao/saa06%akk-x-neoass:{MI₂}lah₂-hi-ni-te=lahhinutu[(a female official)//(temple) stewardess]N'N$lahhinnite",
                  "f": {
                    "lang": "akk-x-neoass",
                    "form": "{MI₂}lah₂-hi-ni-te",
                    "cf": "lahhinutu",
                    "gw": "(a female official)",
                    "sense": "(temple) stewardess",
                    "norm": "lahhinnite",
                    "pos": "N",
                    "epos": "N"
                  }
                },
                {
                  "node": "d",
                  "type": "nonx",
                  "ref": "P335429.4",
                  "strict": "1",
                  "extent": "n",
                  "scope": "line",
                  "state": "ruling",
                  "flags": "!"
                },
                {
                  "node": "d",
                  "type": "nonx",
                  "ref": "P335429.5",
                  "strict": "0",
                  "extent": "1",
                  "scope": "impression",
                  "state": "other"
                },
                {
                  "node": "d",
                  "type": "nonx",
                  "ref": "P335429.6",
                  "strict": "1",
                  "extent": "n",
                  "scope": "line",
                  "state": "ruling",
                  "flags": "!"
                },
                {
                  "node": "d",
                  "type": "line-start",
                  "ref": "P335429.7",
                  "n": "3",
                  "label": "o 3"
                },
                {
                  "node": "l",
                  "frag": "{mi₂}⸢u₂⸣-hi-ma-a",
                  "id": "P335429.l019ce",
                  "ref": "P335429.7.1",
                  "inst": "Uhima[1]PN$",
                  "exosig": "@saao/saa06%akk-x-neoass:{MI₂}u₂-hi-ma-a=Uhima[1//1]PN'PN$Uhima",
                  "f": {
                    "lang": "akk-x-neoass",
                    "form": "{MI₂}u₂-hi-ma-a",
                    "cf": "Uhima",
                    "gw": "1",
                    "sense": "1",
                    "norm": "Uhima",
                    "pos": "PN",
                    "epos": "PN"
                  }
                },
                {
                  "node": "d",
                  "type": "line-start",
                  "ref": "P335429.8",
                  "n": "4",
                  "label": "o 4"
                },
                {
                  "node": "l",
                  "frag": "[MI₂-šu₂",
                  "id": "P335429.l019cf",
                  "ref": "P335429.8.1",
                  "inst": "issušu[woman]N",
                  "exosig": "@saao/saa06%akk-x-neoass:MI₂-šu₂=sinništu[woman//woman]N'N$issušu",
                  "f": {
                    "lang": "akk-x-neoass",
                    "form": "MI₂-šu₂",
                    "cf": "sinništu",
                    "gw": "woman",
                    "sense": "woman",
                    "norm": "issušu",
                    "pos": "N",
                    "epos": "N"
                  }
                },
                {
                  "node": "l",
                  "frag": "ša",
                  "id": "P335429.l019d0",
                  "ref": "P335429.8.2",
                  "inst": "ša[of]DET",
                  "exosig": "@saao/saa06%akk-x-neoass:ša=ša[of//of]DET'DET$ša",
                  "f": {
                    "lang": "akk-x-neoass",
                    "form": "ša",
                    "cf": "ša",
                    "gw": "of",
                    "sense": "of",
                    "norm": "ša",
                    "pos": "DET",
                    "epos": "DET"
                  }
                },
                {
                  "node": "l",
                  "frag": "{1}{d]}⸢EN⸣-DU₃-⸢uš⸣",
                  "id": "P335429.l019d1",
                  "ref": "P335429.8.3",
                  "inst": "Bel-epuš[1]PN$",
                  "exosig": "@saao/saa06%akk-x-neoass:{1}{d}EN-DU₃-uš=Bel-epuš[1//1]PN'PN$Bel-epuš",
                  "f": {
                    "lang": "akk-x-neoass",
                    "form": "{1}{d}EN-DU₃-uš",
                    "cf": "Bel-epuš",
                    "gw": "1",
                    "sense": "1",
                    "norm": "Bel-epuš",
                    "pos": "PN",
                    "epos": "PN"
                  }
                },
                {
                  "node": "d",
                  "type": "line-start",
                  "ref": "P335429.9",
                  "n": "5",
                  "label": "o 5"
                },
                {
                  "node": "l",
                  "frag": "[x",
                  "id": "P335429.l019d2",
                  "ref": "P335429.9.1",
                  "inst": "u",
                  "f": {
                    "lang": "akk-x-neoass",
                    "form": "x",
                    "pos": "u"
                  }
                },
                {
                  "node": "l",
                  "frag": "x",
                  "id": "P335429.l019d3",
                  "ref": "P335429.9.2",
                  "inst": "u",
                  "f": {
                    "lang": "akk-x-neoass",
                    "form": "x",
                    "pos": "u"
                  }
                },
                {
                  "node": "l",
                  "frag": "x",
                  "id": "P335429.l019d4",
                  "ref": "P335429.9.3",
                  "inst": "u",
                  "f": {
                    "lang": "akk-x-neoass",
                    "form": "x",
                    "pos": "u"
                  }
                },
                {
                  "node": "l",
                  "frag": "x",
                  "id": "P335429.l019d5",
                  "ref": "P335429.9.4",
                  "inst": "u",
                  "f": {
                    "lang": "akk-x-neoass",
                    "form": "x",
                    "pos": "u"
                  }
                },
                {
                  "node": "l",
                  "frag": "x]+⸢x⸣",
                  "id": "P335429.l019d6",
                  "ref": "P335429.9.5",
                  "inst": "u",
                  "f": {
                    "lang": "akk-x-neoass",
                    "form": "x+x",
                    "pos": "u"
                  }
                },
                {
                  "node": "l",
                  "frag": "lu",
                  "id": "P335429.l019d7",
                  "ref": "P335429.9.6",
                  "inst": "lū[may]MOD",
                  "exosig": "@saao/saa06%akk-x-neoass:lu=lū[may//may]MOD'MOD$lū",
                  "f": {
                    "lang": "akk-x-neoass",
                    "form": "lu",
                    "cf": "lū",
                    "gw": "may",
                    "sense": "may",
                    "norm": "lū",
                    "pos": "MOD",
                    "epos": "MOD"
                  }
                },
                {
                  "node": "l",
                  "frag": "[x",
                  "id": "P335429.l019d8",
                  "ref": "P335429.9.7",
                  "inst": "u",
                  "f": {
                    "lang": "akk-x-neoass",
                    "form": "x",
                    "pos": "u"
                  }
                },
                {
                  "node": "l",
                  "frag": "x]",
                  "id": "P335429.l019d9",
                  "ref": "P335429.9.8",
                  "inst": "u",
                  "f": {
                    "lang": "akk-x-neoass",
                    "form": "x",
                    "pos": "u"
                  }
                },
                {
                  "node": "d",
                  "type": "line-start",
                  "ref": "P335429.10",
                  "n": "6",
                  "label": "o 6"
                },
                {
                  "node": "l",
                  "frag": "[x",
                  "id": "P335429.l019da",
                  "ref": "P335429.10.1",
                  "inst": "u",
                  "f": {
                    "lang": "akk-x-neoass",
                    "form": "x",
                    "pos": "u"
                  }
                },
                {
                  "node": "l",
                  "frag": "x",
                  "id": "P335429.l019db",
                  "ref": "P335429.10.2",
                  "inst": "u",
                  "f": {
                    "lang": "akk-x-neoass",
                    "form": "x",
                    "pos": "u"
                  }
                },
                {
                  "node": "l",
                  "frag": "x",
                  "id": "P335429.l019dc",
                  "ref": "P335429.10.3",
                  "inst": "u",
                  "f": {
                    "lang": "akk-x-neoass",
                    "form": "x",
                    "pos": "u"
                  }
                },
                {
                  "node": "l",
                  "frag": "x]",
                  "id": "P335429.l019dd",
                  "ref": "P335429.10.4",
                  "inst": "u",
                  "f": {
                    "lang": "akk-x-neoass",
                    "form": "x",
                    "pos": "u"
                  }
                },
                {
                  "node": "l",
                  "frag": "sa",
                  "id": "P335429.l019de",
                  "ref": "P335429.10.5",
                  "inst": "u",
                  "f": {
                    "lang": "akk-x-neoass",
                    "form": "sa",
                    "pos": "u"
                  }
                },
                {
                  "node": "l",
                  "frag": "⸢x⸣+[x",
                  "id": "P335429.l019df",
                  "ref": "P335429.10.6",
                  "inst": "u",
                  "f": {
                    "lang": "akk-x-neoass",
                    "form": "x+x",
                    "pos": "u"
                  }
                },
                {
                  "node": "l",
                  "frag": "x",
                  "id": "P335429.l019e0",
                  "ref": "P335429.10.7",
                  "inst": "u",
                  "f": {
                    "lang": "akk-x-neoass",
                    "form": "x",
                    "pos": "u"
                  }
                },
                {
                  "node": "l",
                  "frag": "x]",
                  "id": "P335429.l019e1",
                  "ref": "P335429.10.8",
                  "inst": "u",
                  "f": {
                    "lang": "akk-x-neoass",
                    "form": "x",
                    "pos": "u"
                  }
                },
                {
                  "node": "d",
                  "type": "nonx",
                  "ref": "P335429.11",
                  "strict": "0",
                  "extent": "rest",
                  "state": "missing"
                },
                {
                  "node": "d",
                  "subtype": "reverse",
                  "type": "reverse",
                  "ref": "P335429.r.12",
                  "label": "r"
                },
                {
                  "node": "d",
                  "type": "nonx",
                  "ref": "P335429.13",
                  "strict": "0",
                  "extent": "beginning",
                  "state": "missing"
                },
                {
                  "node": "d",
                  "type": "line-start",
                  "ref": "P335429.14",
                  "n": "1'",
                  "label": "r 1'"
                },
                {
                  "node": "l",
                  "frag": "[x",
                  "id": "P335429.l019e2",
                  "ref": "P335429.14.1",
                  "inst": "u",
                  "f": {
                    "lang": "akk-x-neoass",
                    "form": "x",
                    "pos": "u"
                  }
                },
                {
                  "node": "l",
                  "frag": "x",
                  "id": "P335429.l019e3",
                  "ref": "P335429.14.2",
                  "inst": "u",
                  "f": {
                    "lang": "akk-x-neoass",
                    "form": "x",
                    "pos": "u"
                  }
                },
                {
                  "node": "l",
                  "frag": "x",
                  "id": "P335429.l019e4",
                  "ref": "P335429.14.3",
                  "inst": "u",
                  "f": {
                    "lang": "akk-x-neoass",
                    "form": "x",
                    "pos": "u"
                  }
                },
                {
                  "node": "l",
                  "frag": "x]",
                  "id": "P335429.l019e5",
                  "ref": "P335429.14.4",
                  "inst": "u",
                  "f": {
                    "lang": "akk-x-neoass",
                    "form": "x",
                    "pos": "u"
                  }
                },
                {
                  "node": "l",
                  "frag": "GIR₃.2",
                  "id": "P335429.l019e6",
                  "ref": "P335429.14.5",
                  "inst": "šēpē[foot]N",
                  "exosig": "@saao/saa06%akk-x-neoass:GIR₃.2=šēpu[foot//foot]N'N$šēpē",
                  "f": {
                    "lang": "akk-x-neoass",
                    "form": "GIR₃.2",
                    "cf": "šēpu",
                    "gw": "foot",
                    "sense": "foot",
                    "norm": "šēpē",
                    "pos": "N",
                    "epos": "N"
                  }
                },
                {
                  "node": "l",
                  "frag": "⸢x⸣+[x",
                  "id": "P335429.l019e7",
                  "ref": "P335429.14.6",
                  "inst": "u",
                  "f": {
                    "lang": "akk-x-neoass",
                    "form": "x+x",
                    "pos": "u"
                  }
                },
                {
                  "node": "l",
                  "frag": "x",
                  "id": "P335429.l019e8",
                  "ref": "P335429.14.7",
                  "inst": "u",
                  "f": {
                    "lang": "akk-x-neoass",
                    "form": "x",
                    "pos": "u"
                  }
                },
                {
                  "node": "l",
                  "frag": "x]",
                  "id": "P335429.l019e9",
                  "ref": "P335429.14.8",
                  "inst": "u",
                  "f": {
                    "lang": "akk-x-neoass",
                    "form": "x",
                    "pos": "u"
                  }
                },
                {
                  "node": "d",
                  "type": "line-start",
                  "ref": "P335429.15",
                  "n": "2'",
                  "label": "r 2'"
                },
                {
                  "node": "l",
                  "frag": "[x",
                  "id": "P335429.l019ea",
                  "ref": "P335429.15.1",
                  "inst": "u",
                  "f": {
                    "lang": "akk-x-neoass",
                    "form": "x",
                    "pos": "u"
                  }
                },
                {
                  "node": "l",
                  "frag": "x",
                  "id": "P335429.l019eb",
                  "ref": "P335429.15.2",
                  "inst": "u",
                  "f": {
                    "lang": "akk-x-neoass",
                    "form": "x",
                    "pos": "u"
                  }
                },
                {
                  "node": "l",
                  "frag": "x",
                  "id": "P335429.l019ec",
                  "ref": "P335429.15.3",
                  "inst": "u",
                  "f": {
                    "lang": "akk-x-neoass",
                    "form": "x",
                    "pos": "u"
                  }
                },
                {
                  "node": "l",
                  "frag": "x]",
                  "id": "P335429.l019ed",
                  "ref": "P335429.15.4",
                  "inst": "u",
                  "f": {
                    "lang": "akk-x-neoass",
                    "form": "x",
                    "pos": "u"
                  }
                },
                {
                  "node": "l",
                  "frag": "GIBIL₂",
                  "id": "P335429.l019ee",
                  "ref": "P335429.15.5",
                  "inst": "qalû[roast//burn]V$iqallu",
                  "exosig": "@saao/saa06%akk-x-neoass:GIBIL₂=qalû[roast//burn]V'V$iqallu",
                  "f": {
                    "lang": "akk-x-neoass",
                    "form": "GIBIL₂",
                    "cf": "qalû",
                    "gw": "roast",
                    "sense": "burn",
                    "norm": "iqallu",
                    "pos": "V",
                    "epos": "V"
                  }
                },
                {
                  "node": "l",
                  "frag": "⸢x⸣+[x",
                  "id": "P335429.l019ef",
                  "ref": "P335429.15.6",
                  "inst": "u",
                  "f": {
                    "lang": "akk-x-neoass",
                    "form": "x+x",
                    "pos": "u"
                  }
                },
                {
                  "node": "l",
                  "frag": "x",
                  "id": "P335429.l019f0",
                  "ref": "P335429.15.7",
                  "inst": "u",
                  "f": {
                    "lang": "akk-x-neoass",
                    "form": "x",
                    "pos": "u"
                  }
                },
                {
                  "node": "l",
                  "frag": "x]",
                  "id": "P335429.l019f1",
                  "ref": "P335429.15.8",
                  "inst": "u",
                  "f": {
                    "lang": "akk-x-neoass",
                    "form": "x",
                    "pos": "u"
                  }
                },
                {
                  "node": "d",
                  "type": "line-start",
                  "ref": "P335429.16",
                  "n": "3'",
                  "label": "r 3'"
                },
                {
                  "node": "l",
                  "frag": "[mam₂-ma",
                  "id": "P335429.l019f2",
                  "ref": "P335429.16.1",
                  "inst": "mamman[somebody//anybody]XP$mamma",
                  "exosig": "@saao/saa06%akk-x-neoass:mam₂-ma=mamman[somebody//anybody]XP'XP$mamma",
                  "f": {
                    "lang": "akk-x-neoass",
                    "form": "mam₂-ma",
                    "cf": "mamman",
                    "gw": "somebody",
                    "sense": "anybody",
                    "norm": "mamma",
                    "pos": "XP",
                    "epos": "XP"
                  }
                },
                {
                  "node": "l",
                  "frag": "TA@v]",
                  "id": "P335429.l019f3",
                  "ref": "P335429.16.2",
                  "inst": "issi[with]PRP",
                  "exosig": "@saao/saa06%akk-x-neoass:TA@v=išti[with//with]PRP'PRP$issi",
                  "f": {
                    "lang": "akk-x-neoass",
                    "form": "TA@v",
                    "cf": "išti",
                    "gw": "with",
                    "sense": "with",
                    "norm": "issi",
                    "pos": "PRP",
                    "epos": "PRP"
                  }
                },
                {
                  "node": "l",
                  "frag": "mam₂-ma",
                  "id": "P335429.l019f4",
                  "ref": "P335429.16.3",
                  "inst": "mamman[somebody//anybody]XP$mamma",
                  "exosig": "@saao/saa06%akk-x-neoass:mam₂-ma=mamman[somebody//anybody]XP'XP$mamma",
                  "f": {
                    "lang": "akk-x-neoass",
                    "form": "mam₂-ma",
                    "cf": "mamman",
                    "gw": "somebody",
                    "sense": "anybody",
                    "norm": "mamma",
                    "pos": "XP",
                    "epos": "XP"
                  }
                },
                {
                  "node": "d",
                  "type": "line-start",
                  "ref": "P335429.17",
                  "n": "4'",
                  "label": "r 4'"
                },
                {
                  "node": "l",
                  "frag": "[la",
                  "id": "P335429.l019f5",
                  "ref": "P335429.17.1",
                  "inst": "lā[not]MOD",
                  "exosig": "@saao/saa06%akk-x-neoass:la=lā[not//not]MOD'MOD$lā",
                  "f": {
                    "lang": "akk-x-neoass",
                    "form": "la",
                    "cf": "lā",
                    "gw": "not",
                    "sense": "not",
                    "norm": "lā",
                    "pos": "MOD",
                    "epos": "MOD"
                  }
                },
                {
                  "node": "l",
                  "frag": "i]-⸢da⸣-bu-ub",
                  "id": "P335429.l019f6",
                  "ref": "P335429.17.2",
                  "inst": "dabābu[speak//litigate]V$idabbub",
                  "exosig": "@saao/saa06%akk-x-neoass:i-da-bu-ub=dabābu[speak//litigate]V'V$idabbub",
                  "f": {
                    "lang": "akk-x-neoass",
                    "form": "i-da-bu-ub",
                    "cf": "dabābu",
                    "gw": "speak",
                    "sense": "litigate",
                    "norm": "idabbub",
                    "pos": "V",
                    "epos": "V"
                  }
                },
                {
                  "node": "d",
                  "type": "line-start",
                  "ref": "P335429.18",
                  "n": "5'",
                  "label": "r 5'"
                },
                {
                  "node": "c",
                  "type": "phrase",
                  "tag": "phr",
                  "id": "P335429.U5",
                  "ref": "P335429.ls00001",
                  "cdl": [
                    {
                      "node": "l",
                      "frag": "[TA@v",
                      "id": "P335429.l019f7",
                      "ref": "P335429.18.1",
                      "inst": "išti[with+=mutually]PRP$issi",
                      "exosig": "@saao/saa06%akk-x-neoass:TA@v=išti[with//with]PRP'PRP$issi",
                      "f": {
                        "lang": "akk-x-neoass",
                        "form": "TA@v",
                        "cf": "išti",
                        "gw": "with",
                        "sense": "with",
                        "norm": "issi",
                        "pos": "PRP",
                        "epos": "PRP"
                      }
                    },
                    {
                      "node": "l",
                      "frag": "pa]-⸢an⸣",
                      "id": "P335429.l019f8",
                      "ref": "P335429.18.2",
                      "inst": "pānu[front+=mutually]N$pān",
                      "exosig": "@saao/saa06%akk-x-neoass:pa-an=pānu[front//front]N'N$pān",
                      "f": {
                        "lang": "akk-x-neoass",
                        "form": "pa-an",
                        "cf": "pānu",
                        "gw": "front",
                        "sense": "front",
                        "norm": "pān",
                        "pos": "N",
                        "epos": "N"
                      }
                    },
                    {
                      "node": "l",
                      "frag": "a-ha-iš",
                      "id": "P335429.l019f9",
                      "ref": "P335429.18.3",
                      "inst": "ahāmiš[one another]PRP$ahāʾiš",
                      "exosig": "@saao/saa06%akk-x-neoass:a-ha-iš=ahāmiš[one another//one another]PRP'PRP$ahāʾiš",
                      "f": {
                        "lang": "akk-x-neoass",
                        "form": "a-ha-iš",
                        "cf": "ahāmiš",
                        "gw": "one another",
                        "sense": "one another",
                        "norm": "ahāʾiš",
                        "pos": "PRP",
                        "epos": "PRP"
                      }
                    }
                  ]
                },
                {
                  "node": "d",
                  "type": "line-start",
                  "ref": "P335429.19",
                  "n": "6'",
                  "label": "r 6'"
                },
                {
                  "node": "l",
                  "frag": "[uṭ]-ṭu-ru",
                  "id": "P335429.l019fa",
                  "ref": "P335429.19.1",
                  "inst": "eṭāru[to pay//pay off]V$uṭṭuru",
                  "exosig": "@saao/saa06%akk-x-neoass:uṭ-ṭu-ru=eṭāru[to pay//pay off]V'V$uṭṭuru",
                  "f": {
                    "lang": "akk-x-neoass",
                    "form": "uṭ-ṭu-ru",
                    "cf": "eṭāru",
                    "gw": "to pay",
                    "sense": "pay off",
                    "norm": "uṭṭuru",
                    "pos": "V",
                    "epos": "V"
                  }
                },
                {
                  "node": "l",
                  "frag": "DUG₄.DUG₄",
                  "id": "P335429.l019fb",
                  "ref": "P335429.19.2",
                  "inst": "dabābu[litigation]'N",
                  "exosig": "@saao/saa06%akk-x-neoass:DUG₄.DUG₄=dabābu[speak//litigation]V'N$dabābu",
                  "f": {
                    "lang": "akk-x-neoass",
                    "form": "DUG₄.DUG₄",
                    "cf": "dabābu",
                    "gw": "speak",
                    "sense": "litigation",
                    "norm": "dabābu",
                    "pos": "V",
                    "epos": "N"
                  }
                },
                {
                  "node": "l",
                  "frag": "la-aš₂-šu₂",
                  "id": "P335429.l019fc",
                  "ref": "P335429.19.3",
                  "inst": "laššu[(there) is not]V",
                  "exosig": "@saao/saa06%akk-x-neoass:la-aš₂-šu₂=laššu[(there) is not//(there) is not]V'V$laššu",
                  "f": {
                    "lang": "akk-x-neoass",
                    "form": "la-aš₂-šu₂",
                    "cf": "laššu",
                    "gw": "(there) is not",
                    "sense": "(there) is not",
                    "norm": "laššu",
                    "pos": "V",
                    "epos": "V"
                  }
                },
                {
                  "node": "d",
                  "type": "line-start",
                  "ref": "P335429.20",
                  "n": "7'",
                  "label": "r 7'"
                },
                {
                  "node": "l",
                  "frag": "IGI",
                  "id": "P335429.l019fd",
                  "ref": "P335429.20.1",
                  "inst": "šību[witness]N",
                  "exosig": "@saao/saa06%akk-x-neoass:IGI=šību[witness//witness]N'N$šību",
                  "f": {
                    "lang": "akk-x-neoass",
                    "form": "IGI",
                    "cf": "šību",
                    "gw": "witness",
                    "sense": "witness",
                    "norm": "šību",
                    "pos": "N",
                    "epos": "N"
                  }
                },
                {
                  "node": "l",
                  "frag": "{1}su-ra-[ra]-a-te",
                  "id": "P335429.l019fe",
                  "ref": "P335429.20.2",
                  "inst": "Surarte[1]PN$",
                  "exosig": "@saao/saa06%akk-x-neoass:{1}su-ra-ra-a-te=Surarte[1//1]PN'PN$Surarte",
                  "f": {
                    "lang": "akk-x-neoass",
                    "form": "{1}su-ra-ra-a-te",
                    "cf": "Surarte",
                    "gw": "1",
                    "sense": "1",
                    "norm": "Surarte",
                    "pos": "PN",
                    "epos": "PN"
                  }
                },
                {
                  "node": "d",
                  "type": "line-start",
                  "ref": "P335429.21",
                  "n": "8'",
                  "label": "r 8'"
                },
                {
                  "node": "l",
                  "frag": "IGI",
                  "id": "P335429.l019ff",
                  "ref": "P335429.21.1",
                  "inst": "šību[witness]N",
                  "exosig": "@saao/saa06%akk-x-neoass:IGI=šību[witness//witness]N'N$šību",
                  "f": {
                    "lang": "akk-x-neoass",
                    "form": "IGI",
                    "cf": "šību",
                    "gw": "witness",
                    "sense": "witness",
                    "norm": "šību",
                    "pos": "N",
                    "epos": "N"
                  }
                },
                {
                  "node": "l",
                  "frag": "{1}man-nu-GIM-{uru}arba-il₃",
                  "id": "P335429.l01a00",
                  "ref": "P335429.21.2",
                  "inst": "Mannu-ki-Arbail[1]PN$",
                  "exosig": "@saao/saa06%akk-x-neoass:{1}man-nu-GIM-{URU}arba-il₃=Mannu-ki-Arbail[1//1]PN'PN$Mannu-ki-Arbail",
                  "f": {
                    "lang": "akk-x-neoass",
                    "form": "{1}man-nu-GIM-{URU}arba-il₃",
                    "cf": "Mannu-ki-Arbail",
                    "gw": "1",
                    "sense": "1",
                    "norm": "Mannu-ki-Arbail",
                    "pos": "PN",
                    "epos": "PN"
                  }
                },
                {
                  "node": "d",
                  "type": "line-start",
                  "ref": "P335429.22",
                  "n": "9'",
                  "label": "r 9'"
                },
                {
                  "node": "l",
                  "frag": "IGI",
                  "id": "P335429.l01a01",
                  "ref": "P335429.22.1",
                  "inst": "šību[witness]N",
                  "exosig": "@saao/saa06%akk-x-neoass:IGI=šību[witness//witness]N'N$šību",
                  "f": {
                    "lang": "akk-x-neoass",
                    "form": "IGI",
                    "cf": "šību",
                    "gw": "witness",
                    "sense": "witness",
                    "norm": "šību",
                    "pos": "N",
                    "epos": "N"
                  }
                },
                {
                  "node": "l",
                  "frag": "{1}{d}PA-⸢hu⸣-sa-a-ni",
                  "id": "P335429.l01a02",
                  "ref": "P335429.22.2",
                  "inst": "Nabu-hussanni[1]PN$",
                  "exosig": "@saao/saa06%akk-x-neoass:{1}{d}PA-hu-sa-a-ni=Nabu-hussanni[1//1]PN'PN$Nabu-hussanni",
                  "f": {
                    "lang": "akk-x-neoass",
                    "form": "{1}{d}PA-hu-sa-a-ni",
                    "cf": "Nabu-hussanni",
                    "gw": "1",
                    "sense": "1",
                    "norm": "Nabu-hussanni",
                    "pos": "PN",
                    "epos": "PN"
                  }
                },
                {
                  "node": "d",
                  "type": "line-start",
                  "ref": "P335429.23",
                  "n": "10'",
                  "label": "r 10'"
                },
                {
                  "node": "l",
                  "frag": "IGI",
                  "id": "P335429.l01a03",
                  "ref": "P335429.23.1",
                  "inst": "šību[witness]N",
                  "exosig": "@saao/saa06%akk-x-neoass:IGI=šību[witness//witness]N'N$šību",
                  "f": {
                    "lang": "akk-x-neoass",
                    "form": "IGI",
                    "cf": "šību",
                    "gw": "witness",
                    "sense": "witness",
                    "norm": "šību",
                    "pos": "N",
                    "epos": "N"
                  }
                },
                {
                  "node": "l",
                  "frag": "{1}rem₂-ni-DINGIR",
                  "id": "P335429.l01a04",
                  "ref": "P335429.23.2",
                  "inst": "Remanni-ilu[1]PN$",
                  "exosig": "@saao/saa06%akk-x-neoass:{1}rem₂-ni-DINGIR=Remanni-ilu[1//1]PN'PN$Remanni-ilu",
                  "f": {
                    "lang": "akk-x-neoass",
                    "form": "{1}rem₂-ni-DINGIR",
                    "cf": "Remanni-ilu",
                    "gw": "1",
                    "sense": "1",
                    "norm": "Remanni-ilu",
                    "pos": "PN",
                    "epos": "PN"
                  }
                },
                {
                  "node": "d",
                  "type": "line-start",
                  "ref": "P335429.24",
                  "n": "11'",
                  "label": "r 11'"
                },
                {
                  "node": "l",
                  "frag": "{iti}BARAG",
                  "id": "P335429.l01a05",
                  "ref": "P335429.24.1",
                  "inst": "Nisanni[Nisan]MN",
                  "exosig": "@saao/saa06%akk-x-neoass:{ITI}BARAG=Nisannu[Nisan//Nisan]MN'MN$Nisanni",
                  "f": {
                    "lang": "akk-x-neoass",
                    "form": "{ITI}BARAG",
                    "cf": "Nisannu",
                    "gw": "Nisan",
                    "sense": "Nisan",
                    "norm": "Nisanni",
                    "pos": "MN",
                    "epos": "MN"
                  }
                },
                {
                  "node": "l",
                  "frag": "o",
                  "id": "P335429.l01a06",
                  "ref": "P335429.24.2",
                  "inst": "u",
                  "f": {
                    "lang": "akk-x-neoass",
                    "form": "o",
                    "pos": "u"
                  }
                },
                {
                  "node": "l",
                  "frag": "lim-mu",
                  "id": "P335429.l01a07",
                  "ref": "P335429.24.3",
                  "inst": "limmu[eponym (of year)]N",
                  "exosig": "@saao/saa06%akk-x-neoass:lim-mu=līmu[eponym (of year)//eponym (of year)]N'N$limmu",
                  "f": {
                    "lang": "akk-x-neoass",
                    "form": "lim-mu",
                    "cf": "līmu",
                    "gw": "eponym (of year)",
                    "sense": "eponym (of year)",
                    "norm": "limmu",
                    "pos": "N",
                    "epos": "N"
                  }
                },
                {
                  "node": "l",
                  "frag": "{1}SUM-PAB-MEŠ",
                  "id": "P335429.l01a08",
                  "ref": "P335429.24.4",
                  "inst": "Nadin-ahhe[1]PN",
                  "exosig": "@saao/saa06%akk-x-neoass:{1}SUM-PAB-MEŠ=Nadin-ahhe[1//1]PN'PN$Nadin-ahhe",
                  "f": {
                    "lang": "akk-x-neoass",
                    "form": "{1}SUM-PAB-MEŠ",
                    "cf": "Nadin-ahhe",
                    "gw": "1",
                    "sense": "1",
                    "norm": "Nadin-ahhe",
                    "pos": "PN",
                    "epos": "PN"
                  }
                },
                {
                  "node": "d",
                  "type": "line-start",
                  "ref": "P335429.25",
                  "n": "12'",
                  "label": "r 12'"
                },
                {
                  "node": "l",
                  "frag": "ša",
                  "id": "P335429.l01a09",
                  "ref": "P335429.25.1",
                  "inst": "ša[of]DET",
                  "exosig": "@saao/saa06%akk-x-neoass:ša=ša[of//of]DET'DET$ša",
                  "f": {
                    "lang": "akk-x-neoass",
                    "form": "ša",
                    "cf": "ša",
                    "gw": "of",
                    "sense": "of",
                    "norm": "ša",
                    "pos": "DET",
                    "epos": "DET"
                  }
                },
                {
                  "node": "l",
                  "frag": "{uru}ṣi-me-ra",
                  "id": "P335429.l01a0a",
                  "ref": "P335429.25.2",
                  "inst": "Ṣimirra[1]GN$Ṣimerra",
                  "exosig": "@saao/saa06%akk-x-neoass:{URU}ṣi-me-ra=Ṣimirra[1//1]GN'GN$Ṣimerra",
                  "f": {
                    "lang": "akk-x-neoass",
                    "form": "{URU}ṣi-me-ra",
                    "cf": "Ṣimirra",
                    "gw": "1",
                    "sense": "1",
                    "norm": "Ṣimerra",
                    "pos": "GN",
                    "epos": "GN"
                  }
                }
              ]
            }
          ]
        }
      ]
    },
    {
      "linkbase": [
        {
          "type": "linkset",
          "xlink_title": "rab ālāni[village manager//village manager]N'N",
          "id": "P335429.ls00000",
          "xlink_type": "extended",
          "xlink_role": "psu",
          "sig": "{rabû[big one]N ālu[city]N += rab ālāni[village manager//village manager]N'N}::@saao%akk-x-neoass:GAL-URU-MEŠ-ni=rabû[big one//big one]N'N$rab++@saao%akk-x-neoass:GAL-URU-MEŠ-ni=ālu[city//city]N'N$ālāni",
          "links": [
            {
              "type": "link",
              "xlink_title": "rabû",
              "xlink_type": "locator",
              "xlink_href": "#P335429.l019ca",
              "xlink_role": "elt"
            },
            {
              "type": "link",
              "xlink_title": "ālu",
              "xlink_type": "locator",
              "xlink_href": "#P335429.l019cb",
              "xlink_role": "elt"
            }
          ]
        },
        {
          "type": "linkset",
          "xlink_title": "išti pān ahāmiš[mutually//mutually]AV'AV",
          "id": "P335429.ls00001",
          "xlink_type": "extended",
          "xlink_role": "psu",
          "sig": "{išti[with]PRP pānu[front]N ahāmiš[one another]PRP += išti pān ahāmiš[mutually//mutually]AV'AV}::@saao%akk-x-neoass:TA@v=išti[with//with]PRP'PRP$issi++@saao%akk-x-neoass:pa-an=pānu[front//front]N'N$pān++@saao%akk-x-neoass:a-ha-iš=ahāmiš[one another//one another]PRP'PRP$ahāʾiš",
          "links": [
            {
              "type": "link",
              "xlink_title": "išti",
              "xlink_type": "locator",
              "xlink_href": "#P335429.l019f7",
              "xlink_role": "elt"
            },
            {
              "type": "link",
              "xlink_title": "pānu",
              "xlink_type": "locator",
              "xlink_href": "#P335429.l019f8",
              "xlink_role": "elt"
            },
            {
              "type": "link",
              "xlink_title": "ahāmiš",
              "xlink_type": "locator",
              "xlink_href": "#P335429.l019f9",
              "xlink_role": "elt"
            }
          ]
        }
      ]
    }
  ]
}
