{
  "type": "cdl",
  "source": "http://oracc.org/saao/saa06",
  "license": "This data is released under the CC0 license",
  "license-url": "https://creativecommons.org/publicdomain/zero/1.0/",
  "more-info": "http://oracc.org/doc/opendata/",
  "UTC-timestamp": "2017-06-10T00:42:24",
  "project": "saao/saa06",
  "textid": "P335303",
  "cdl": [
    {
      "node": "c",
      "type": "text",
      "id": "P335303.U0",
      "cdl": [
        {
          "node": "d",
          "type": "object",
          "ref": ""
        },
        {
          "node": "d",
          "subtype": "obverse",
          "type": "obverse",
          "ref": "P335303.o.1",
          "label": "o"
        },
        {
          "node": "c",
          "type": "discourse",
          "subtype": "body",
          "id": "P335303.U1",
          "cdl": [
            {
              "node": "c",
              "type": "sentence",
              "id": "P335303.U2",
              "label": "o 1 - e. 1",
              "cdl": [
                {
                  "node": "d",
                  "type": "line-start",
                  "ref": "P335303.2",
                  "n": "1",
                  "label": "o 1"
                },
                {
                  "node": "l",
                  "frag": "{⸢na₄}KIŠIB",
                  "id": "P335303.l04338",
                  "ref": "P335303.2.1",
                  "inst": "kunukku[seal]N",
                  "sig": "@saao/saa06%akk-x-neoass:{NA₄}KIŠIB=kunukku[seal//seal]N'N$kunuk",
                  "f": {
                    "lang": "akk-x-neoass",
                    "form": "{NA₄}KIŠIB",
                    "cf": "kunukku",
                    "gw": "seal",
                    "sense": "seal",
                    "norm": "kunuk",
                    "pos": "N",
                    "epos": "N"
                  }
                },
                {
                  "node": "l",
                  "frag": "{1}bal⸣-ṭa-a.a",
                  "id": "P335303.l04339",
                  "ref": "P335303.2.2",
                  "inst": "Balṭi-Aya[1]PN",
                  "exosig": "@saao/saa06%akk-x-neoass:{1}bal-ṭa-a.a=Balṭi-Aya[1//1]PN'PN$Balṭi-Aya",
                  "f": {
                    "lang": "akk-x-neoass",
                    "form": "{1}bal-ṭa-a.a",
                    "cf": "Balṭi-Aya",
                    "gw": "1",
                    "sense": "1",
                    "norm": "Balṭi-Aya",
                    "pos": "PN",
                    "epos": "PN"
                  }
                },
                {
                  "node": "d",
                  "type": "line-start",
                  "ref": "P335303.3",
                  "n": "2",
                  "label": "o 2"
                },
                {
                  "node": "l",
                  "frag": "{lu₂v}A.⸢BA⸣",
                  "id": "P335303.l0433a",
                  "ref": "P335303.3.1",
                  "inst": "ṭupšarru[scribe]N",
                  "exosig": "@saao/saa06%akk-x-neoass:{LU₂}A.BA=ṭupšarru[scribe//scribe]N'N$ṭupšarru",
                  "f": {
                    "lang": "akk-x-neoass",
                    "form": "{LU₂}A.BA",
                    "cf": "ṭupšarru",
                    "gw": "scribe",
                    "sense": "scribe",
                    "norm": "ṭupšarru",
                    "pos": "N",
                    "epos": "N"
                  }
                },
                {
                  "node": "l",
                  "frag": "EN",
                  "id": "P335303.l0433b",
                  "ref": "P335303.3.2",
                  "inst": "bēl[owner]N",
                  "exosig": "@saao/saa06%akk-x-neoass:EN=bēlu[lord//owner]N'N$bēl",
                  "f": {
                    "lang": "akk-x-neoass",
                    "form": "EN",
                    "cf": "bēlu",
                    "gw": "lord",
                    "sense": "owner",
                    "norm": "bēl",
                    "pos": "N",
                    "epos": "N"
                  }
                },
                {
                  "node": "l",
                  "frag": "{giš}SAR",
                  "id": "P335303.l0433c",
                  "ref": "P335303.3.3",
                  "inst": "kirie[garden]N",
                  "exosig": "@saao/saa06%akk-x-neoass:{GIŠ}SAR=kirû[garden//garden]N'N$kirie",
                  "f": {
                    "lang": "akk-x-neoass",
                    "form": "{GIŠ}SAR",
                    "cf": "kirû",
                    "gw": "garden",
                    "sense": "garden",
                    "norm": "kirie",
                    "pos": "N",
                    "epos": "N"
                  }
                },
                {
                  "node": "d",
                  "type": "line-start",
                  "ref": "P335303.4",
                  "n": "3",
                  "label": "o 3"
                },
                {
                  "node": "l",
                  "frag": "ša",
                  "id": "P335303.l0433d",
                  "ref": "P335303.4.1",
                  "inst": "ša[of]DET",
                  "exosig": "@saao/saa06%akk-x-neoass:ša=ša[of//of]DET'DET$ša",
                  "f": {
                    "lang": "akk-x-neoass",
                    "form": "ša",
                    "cf": "ša",
                    "gw": "of",
                    "sense": "of",
                    "norm": "ša",
                    "pos": "DET",
                    "epos": "DET"
                  }
                },
                {
                  "node": "l",
                  "frag": "{giš}til-lit-[ti]",
                  "id": "P335303.l0433e",
                  "ref": "P335303.4.2",
                  "inst": "tillatu[vine]N$tilliti",
                  "exosig": "@saao/saa06%akk-x-neoass:{GIŠ}til-lit-ti=tillatu[vine//vine]N'N$tilliti",
                  "f": {
                    "lang": "akk-x-neoass",
                    "form": "{GIŠ}til-lit-ti",
                    "cf": "tillatu",
                    "gw": "vine",
                    "sense": "vine",
                    "norm": "tilliti",
                    "pos": "N",
                    "epos": "N"
                  }
                },
                {
                  "node": "l",
                  "frag": "SUM-ni",
                  "id": "P335303.l0433f",
                  "ref": "P335303.4.3",
                  "inst": "tadāni[giving]'N",
                  "exosig": "@saao/saa06%akk-x-neoass:SUM-ni=tadānu[give//giving]V'N$tadāni",
                  "f": {
                    "lang": "akk-x-neoass",
                    "form": "SUM-ni",
                    "cf": "tadānu",
                    "gw": "give",
                    "sense": "giving",
                    "norm": "tadāni",
                    "pos": "V",
                    "epos": "N"
                  }
                },
                {
                  "node": "d",
                  "type": "nonx",
                  "ref": "P335303.5",
                  "strict": "1",
                  "extent": "n",
                  "scope": "line",
                  "state": "ruling",
                  "flags": "!"
                },
                {
                  "node": "d",
                  "type": "nonx",
                  "ref": "P335303.6",
                  "strict": "0",
                  "extent": "1",
                  "scope": "space",
                  "state": "other"
                },
                {
                  "node": "d",
                  "type": "nonx",
                  "ref": "P335303.7",
                  "strict": "1",
                  "extent": "n",
                  "scope": "line",
                  "state": "ruling",
                  "flags": "!"
                },
                {
                  "node": "d",
                  "type": "line-start",
                  "ref": "P335303.8",
                  "n": "4",
                  "label": "o 4"
                },
                {
                  "node": "l",
                  "frag": "{giš}SAR",
                  "id": "P335303.l04340",
                  "ref": "P335303.8.1",
                  "inst": "kiriu[garden]N",
                  "exosig": "@saao/saa06%akk-x-neoass:{GIŠ}SAR=kirû[garden//garden]N'N$kiriu",
                  "f": {
                    "lang": "akk-x-neoass",
                    "form": "{GIŠ}SAR",
                    "cf": "kirû",
                    "gw": "garden",
                    "sense": "garden",
                    "norm": "kiriu",
                    "pos": "N",
                    "epos": "N"
                  }
                },
                {
                  "node": "l",
                  "frag": "ša",
                  "id": "P335303.l04341",
                  "ref": "P335303.8.2",
                  "inst": "ša[of]DET",
                  "exosig": "@saao/saa06%akk-x-neoass:ša=ša[of//of]DET'DET$ša",
                  "f": {
                    "lang": "akk-x-neoass",
                    "form": "ša",
                    "cf": "ša",
                    "gw": "of",
                    "sense": "of",
                    "norm": "ša",
                    "pos": "DET",
                    "epos": "DET"
                  }
                },
                {
                  "node": "l",
                  "frag": "{giš}til-lit-ti",
                  "id": "P335303.l04342",
                  "ref": "P335303.8.3",
                  "inst": "tillatu[vine]N$tilliti",
                  "exosig": "@saao/saa06%akk-x-neoass:{GIŠ}til-lit-ti=tillatu[vine//vine]N'N$tilliti",
                  "f": {
                    "lang": "akk-x-neoass",
                    "form": "{GIŠ}til-lit-ti",
                    "cf": "tillatu",
                    "gw": "vine",
                    "sense": "vine",
                    "norm": "tilliti",
                    "pos": "N",
                    "epos": "N"
                  }
                },
                {
                  "node": "d",
                  "type": "line-start",
                  "ref": "P335303.9",
                  "n": "5",
                  "label": "o 5"
                },
                {
                  "node": "l",
                  "frag": "ina",
                  "id": "P335303.l04343",
                  "ref": "P335303.9.1",
                  "inst": "ina[in]PRP",
                  "exosig": "@saao/saa06%akk-x-neoass:ina=ina[in//in]PRP'PRP$ina",
                  "f": {
                    "lang": "akk-x-neoass",
                    "form": "ina",
                    "cf": "ina",
                    "gw": "in",
                    "sense": "in",
                    "norm": "ina",
                    "pos": "PRP",
                    "epos": "PRP"
                  }
                },
                {
                  "node": "l",
                  "frag": "{uru}kip-šu-na",
                  "id": "P335303.l04344",
                  "ref": "P335303.9.2",
                  "inst": "Kipšuna[1]GN$",
                  "exosig": "@saao/saa06%akk-x-neoass:{URU}kip-šu-na=Kipšuna[1//1]GN'GN$Kipšuna",
                  "f": {
                    "lang": "akk-x-neoass",
                    "form": "{URU}kip-šu-na",
                    "cf": "Kipšuna",
                    "gw": "1",
                    "sense": "1",
                    "norm": "Kipšuna",
                    "pos": "GN",
                    "epos": "GN"
                  }
                },
                {
                  "node": "d",
                  "type": "line-start",
                  "ref": "P335303.10",
                  "n": "6",
                  "label": "o 6"
                },
                {
                  "node": "l",
                  "frag": "SUHUR",
                  "id": "P335303.l04345",
                  "ref": "P335303.10.1",
                  "inst": "ṭēhi[adjacent to]PRP",
                  "exosig": "@saao/saa06%akk-x-neoass:SUHUR=ṭāhu[adjacent to//adjacent to]PRP'PRP$ṭēhi",
                  "f": {
                    "lang": "akk-x-neoass",
                    "form": "SUHUR",
                    "cf": "ṭāhu",
                    "gw": "adjacent to",
                    "sense": "adjacent to",
                    "norm": "ṭēhi",
                    "pos": "PRP",
                    "epos": "PRP"
                  }
                },
                {
                  "node": "l",
                  "frag": "{giš}SAR",
                  "id": "P335303.l04346",
                  "ref": "P335303.10.2",
                  "inst": "kirie[garden]N",
                  "exosig": "@saao/saa06%akk-x-neoass:{GIŠ}SAR=kirû[garden//garden]N'N$kirie",
                  "f": {
                    "lang": "akk-x-neoass",
                    "form": "{GIŠ}SAR",
                    "cf": "kirû",
                    "gw": "garden",
                    "sense": "garden",
                    "norm": "kirie",
                    "pos": "N",
                    "epos": "N"
                  }
                },
                {
                  "node": "l",
                  "frag": "ša",
                  "id": "P335303.l04347",
                  "ref": "P335303.10.3",
                  "inst": "ša[of]DET",
                  "exosig": "@saao/saa06%akk-x-neoass:ša=ša[of//of]DET'DET$ša",
                  "f": {
                    "lang": "akk-x-neoass",
                    "form": "ša",
                    "cf": "ša",
                    "gw": "of",
                    "sense": "of",
                    "norm": "ša",
                    "pos": "DET",
                    "epos": "DET"
                  }
                },
                {
                  "node": "l",
                  "frag": "{1}PAB-⸢DU⸣-ka",
                  "id": "P335303.l04348",
                  "ref": "P335303.10.4",
                  "inst": "Ahu-illika[1]PN",
                  "exosig": "@saao/saa06%akk-x-neoass:{1}PAB-DU-ka=Ahu-illika[1//1]PN'PN$Ahu-illika",
                  "f": {
                    "lang": "akk-x-neoass",
                    "form": "{1}PAB-DU-ka",
                    "cf": "Ahu-illika",
                    "gw": "1",
                    "sense": "1",
                    "norm": "Ahu-illika",
                    "pos": "PN",
                    "epos": "PN"
                  }
                },
                {
                  "node": "d",
                  "type": "line-start",
                  "ref": "P335303.11",
                  "n": "7",
                  "label": "o 7"
                },
                {
                  "node": "l",
                  "frag": "SUHUR",
                  "id": "P335303.l04349",
                  "ref": "P335303.11.1",
                  "inst": "ṭēhi[adjacent to]PRP",
                  "exosig": "@saao/saa06%akk-x-neoass:SUHUR=ṭāhu[adjacent to//adjacent to]PRP'PRP$ṭēhi",
                  "f": {
                    "lang": "akk-x-neoass",
                    "form": "SUHUR",
                    "cf": "ṭāhu",
                    "gw": "adjacent to",
                    "sense": "adjacent to",
                    "norm": "ṭēhi",
                    "pos": "PRP",
                    "epos": "PRP"
                  }
                },
                {
                  "node": "l",
                  "frag": "ID₂",
                  "id": "P335303.l0434a",
                  "ref": "P335303.11.2",
                  "inst": "nāru[river//canal]N$nāri",
                  "exosig": "@saao/saa06%akk-x-neoass:ID₂=nāru[river//canal]N'N$nāri",
                  "f": {
                    "lang": "akk-x-neoass",
                    "form": "ID₂",
                    "cf": "nāru",
                    "gw": "river",
                    "sense": "canal",
                    "norm": "nāri",
                    "pos": "N",
                    "epos": "N"
                  }
                },
                {
                  "node": "d",
                  "frag": ":.",
                  "type": "punct",
                  "ref": "P335303.11.3",
                  "lang": "akk-x-neoass",
                  "gdl_delim": " "
                },
                {
                  "node": "l",
                  "frag": "ša",
                  "id": "P335303.l0434b",
                  "ref": "P335303.11.4",
                  "inst": "ša[of]DET",
                  "exosig": "@saao/saa06%akk-x-neoass:ša=ša[of//of]DET'DET$ša",
                  "f": {
                    "lang": "akk-x-neoass",
                    "form": "ša",
                    "cf": "ša",
                    "gw": "of",
                    "sense": "of",
                    "norm": "ša",
                    "pos": "DET",
                    "epos": "DET"
                  }
                },
                {
                  "node": "l",
                  "frag": "{1}ur-⸢ba-a.a⸣",
                  "id": "P335303.l0434c",
                  "ref": "P335303.11.5",
                  "inst": "Urbayu[1]PN$Urbaya",
                  "exosig": "@saao/saa06%akk-x-neoass:{1}ur-ba-a.a=Urbayu[1//1]PN'PN$Urbaya",
                  "f": {
                    "lang": "akk-x-neoass",
                    "form": "{1}ur-ba-a.a",
                    "cf": "Urbayu",
                    "gw": "1",
                    "sense": "1",
                    "norm": "Urbaya",
                    "pos": "PN",
                    "epos": "PN"
                  }
                },
                {
                  "node": "d",
                  "type": "line-start",
                  "ref": "P335303.12",
                  "n": "8",
                  "label": "o 8"
                },
                {
                  "node": "l",
                  "frag": "SUHUR",
                  "id": "P335303.l0434d",
                  "ref": "P335303.12.1",
                  "inst": "ṭēhi[adjacent to]PRP",
                  "exosig": "@saao/saa06%akk-x-neoass:SUHUR=ṭāhu[adjacent to//adjacent to]PRP'PRP$ṭēhi",
                  "f": {
                    "lang": "akk-x-neoass",
                    "form": "SUHUR",
                    "cf": "ṭāhu",
                    "gw": "adjacent to",
                    "sense": "adjacent to",
                    "norm": "ṭēhi",
                    "pos": "PRP",
                    "epos": "PRP"
                  }
                },
                {
                  "node": "l",
                  "frag": "⸢SUHUŠ⸣",
                  "id": "P335303.l0434e",
                  "ref": "P335303.12.2",
                  "inst": "išdu[foundation]N$išid",
                  "exosig": "@saao/saa06%akk-x-neoass:SUHUŠ=išdu[foundation//foundation]N'N$išid",
                  "f": {
                    "lang": "akk-x-neoass",
                    "form": "SUHUŠ",
                    "cf": "išdu",
                    "gw": "foundation",
                    "sense": "foundation",
                    "norm": "išid",
                    "pos": "N",
                    "epos": "N"
                  }
                },
                {
                  "node": "l",
                  "frag": "bur-ti",
                  "id": "P335303.l0434f",
                  "ref": "P335303.12.3",
                  "inst": "būrtu[cistern//well]N$būrti",
                  "exosig": "@saao/saa06%akk-x-neoass:bur-ti=būrtu[cistern//well]N'N$būrti",
                  "f": {
                    "lang": "akk-x-neoass",
                    "form": "bur-ti",
                    "cf": "būrtu",
                    "gw": "cistern",
                    "sense": "well",
                    "norm": "būrti",
                    "pos": "N",
                    "epos": "N"
                  }
                },
                {
                  "node": "d",
                  "type": "line-start",
                  "ref": "P335303.13",
                  "n": "9",
                  "label": "o 9"
                },
                {
                  "node": "l",
                  "frag": "[u₂]-⸢piš⸣-ma",
                  "id": "P335303.l04350",
                  "ref": "P335303.13.1",
                  "inst": "uppišma[contract]V",
                  "exosig": "@saao/saa06%akk-x-neoass:u₂-piš-ma=epēšu[do//contract]V'V$uppišma",
                  "f": {
                    "lang": "akk-x-neoass",
                    "form": "u₂-piš-ma",
                    "cf": "epēšu",
                    "gw": "do",
                    "sense": "contract",
                    "norm": "uppišma",
                    "pos": "V",
                    "epos": "V"
                  }
                },
                {
                  "node": "l",
                  "frag": "{1}man-nu-⸢ki-i-arba⸣-il₃",
                  "id": "P335303.l04351",
                  "ref": "P335303.13.2",
                  "inst": "Mannu-ki-Arbail[1]PN$",
                  "exosig": "@saao/saa06%akk-x-neoass:{1}man-nu-ki-i-arba-il₃=Mannu-ki-Arbail[1//1]PN'PN$Mannu-ki-Arbail",
                  "f": {
                    "lang": "akk-x-neoass",
                    "form": "{1}man-nu-ki-i-arba-il₃",
                    "cf": "Mannu-ki-Arbail",
                    "gw": "1",
                    "sense": "1",
                    "norm": "Mannu-ki-Arbail",
                    "pos": "PN",
                    "epos": "PN"
                  }
                },
                {
                  "node": "d",
                  "type": "line-start",
                  "ref": "P335303.14",
                  "n": "10",
                  "label": "o 10"
                },
                {
                  "node": "c",
                  "type": "phrase",
                  "tag": "phr",
                  "id": "P335303.U4",
                  "ref": "P335303.ls00000",
                  "cdl": [
                    {
                      "node": "l",
                      "frag": "⸢TA@v⸣",
                      "id": "P335303.l04352",
                      "ref": "P335303.14.1",
                      "inst": "issu[from+=from]PRP",
                      "exosig": "@saao/saa06%akk-x-neoass:TA@v=ištu[from//from]PRP'PRP$issu",
                      "f": {
                        "lang": "akk-x-neoass",
                        "form": "TA@v",
                        "cf": "ištu",
                        "gw": "from",
                        "sense": "from",
                        "norm": "issu",
                        "pos": "PRP",
                        "epos": "PRP"
                      }
                    },
                    {
                      "node": "l",
                      "frag": "IGI",
                      "id": "P335303.l04353",
                      "ref": "P335303.14.2",
                      "inst": "pān[front]N",
                      "exosig": "@saao/saa06%akk-x-neoass:IGI=pānu[front//front]N'N$pān",
                      "f": {
                        "lang": "akk-x-neoass",
                        "form": "IGI",
                        "cf": "pānu",
                        "gw": "front",
                        "sense": "front",
                        "norm": "pān",
                        "pos": "N",
                        "epos": "N"
                      }
                    }
                  ]
                },
                {
                  "node": "l",
                  "frag": "{1}bal-ṭa-a.a",
                  "id": "P335303.l04354",
                  "ref": "P335303.14.3",
                  "inst": "Balṭi-Aya[1]PN",
                  "exosig": "@saao/saa06%akk-x-neoass:{1}bal-ṭa-a.a=Balṭi-Aya[1//1]PN'PN$Balṭi-Aya",
                  "f": {
                    "lang": "akk-x-neoass",
                    "form": "{1}bal-ṭa-a.a",
                    "cf": "Balṭi-Aya",
                    "gw": "1",
                    "sense": "1",
                    "norm": "Balṭi-Aya",
                    "pos": "PN",
                    "epos": "PN"
                  }
                },
                {
                  "node": "d",
                  "type": "line-start",
                  "ref": "P335303.15",
                  "n": "11",
                  "label": "o 11"
                },
                {
                  "node": "c",
                  "type": "phrase",
                  "tag": "phr",
                  "id": "P335303.U5",
                  "ref": "P335303.ls00001",
                  "cdl": [
                    {
                      "node": "l",
                      "frag": "[ina]",
                      "id": "P335303.l04355",
                      "ref": "P335303.15.1",
                      "inst": "ina[in+=for]PRP",
                      "exosig": "@saao/saa06%akk-x-neoass:ina=ina[in//in]PRP'PRP$ina",
                      "f": {
                        "lang": "akk-x-neoass",
                        "form": "ina",
                        "cf": "ina",
                        "gw": "in",
                        "sense": "in",
                        "norm": "ina",
                        "pos": "PRP",
                        "epos": "PRP"
                      }
                    },
                    {
                      "node": "l",
                      "frag": "ŠA₃",
                      "id": "P335303.l04356",
                      "ref": "P335303.15.2",
                      "inst": "libbi[interior]N",
                      "exosig": "@saao/saa06%akk-x-neoass:ŠA₃=libbu[interior//interior]N'N$libbi",
                      "f": {
                        "lang": "akk-x-neoass",
                        "form": "ŠA₃",
                        "cf": "libbu",
                        "gw": "interior",
                        "sense": "interior",
                        "norm": "libbi",
                        "pos": "N",
                        "epos": "N"
                      }
                    }
                  ]
                },
                {
                  "node": "l",
                  "frag": "04",
                  "id": "P335303.l04357",
                  "ref": "P335303.15.3",
                  "inst": "n",
                  "f": {
                    "lang": "akk-x-neoass",
                    "form": "04",
                    "pos": "n"
                  }
                },
                {
                  "node": "l",
                  "frag": "⸢MA⸣.NA",
                  "id": "P335303.l04358",
                  "ref": "P335303.15.4",
                  "inst": "manê[a unit of weight]N",
                  "exosig": "@saao/saa06%akk-x-neoass:MA.NA=manû[unit//a unit of weight]N'N$manê",
                  "f": {
                    "lang": "akk-x-neoass",
                    "form": "MA.NA",
                    "cf": "manû",
                    "gw": "unit",
                    "sense": "a unit of weight",
                    "norm": "manê",
                    "pos": "N",
                    "epos": "N"
                  }
                },
                {
                  "node": "l",
                  "frag": "KUG.UD",
                  "id": "P335303.l04359",
                  "ref": "P335303.15.5",
                  "inst": "ṣarpi[silver]N",
                  "exosig": "@saao/saa06%akk-x-neoass:KUG.UD=ṣarpu[silver//silver]N'N$ṣarpi",
                  "f": {
                    "lang": "akk-x-neoass",
                    "form": "KUG.UD",
                    "cf": "ṣarpu",
                    "gw": "silver",
                    "sense": "silver",
                    "norm": "ṣarpi",
                    "pos": "N",
                    "epos": "N"
                  }
                },
                {
                  "node": "d",
                  "type": "line-start",
                  "ref": "P335303.16",
                  "n": "12",
                  "label": "o 12"
                },
                {
                  "node": "l",
                  "frag": "⸢ša⸣",
                  "id": "P335303.l0435a",
                  "ref": "P335303.16.1",
                  "inst": "ša[of]DET",
                  "exosig": "@saao/saa06%akk-x-neoass:ša=ša[of//of]DET'DET$ša",
                  "f": {
                    "lang": "akk-x-neoass",
                    "form": "ša",
                    "cf": "ša",
                    "gw": "of",
                    "sense": "of",
                    "norm": "ša",
                    "pos": "DET",
                    "epos": "DET"
                  }
                },
                {
                  "node": "l",
                  "frag": "{uru}gar-ga-mis",
                  "id": "P335303.l0435b",
                  "ref": "P335303.16.2",
                  "inst": "Gargamis[Carchemish]GN",
                  "exosig": "@saao/saa06%akk-x-neoass:{URU}gar-ga-mis=Gargamis[Carchemish//Carchemish]GN'GN$Gargamis",
                  "f": {
                    "lang": "akk-x-neoass",
                    "form": "{URU}gar-ga-mis",
                    "cf": "Gargamis",
                    "gw": "Carchemish",
                    "sense": "Carchemish",
                    "norm": "Gargamis",
                    "pos": "GN",
                    "epos": "GN"
                  }
                },
                {
                  "node": "d",
                  "type": "line-start",
                  "ref": "P335303.17",
                  "n": "13",
                  "label": "o 13"
                },
                {
                  "node": "l",
                  "frag": "⸢il⸣-qi",
                  "id": "P335303.l0435c",
                  "ref": "P335303.17.1",
                  "inst": "ilqi[purchase]V",
                  "exosig": "@saao/saa06%akk-x-neoass:il-qi=leqû[take//purchase]V'V$ilqi",
                  "f": {
                    "lang": "akk-x-neoass",
                    "form": "il-qi",
                    "cf": "leqû",
                    "gw": "take",
                    "sense": "purchase",
                    "norm": "ilqi",
                    "pos": "V",
                    "epos": "V"
                  }
                },
                {
                  "node": "l",
                  "frag": "kas-pu",
                  "id": "P335303.l0435d",
                  "ref": "P335303.17.2",
                  "inst": "kaspu[money]N",
                  "exosig": "@saao/saa06%akk-x-neoass:kas-pu=kaspu[silver//money]N'N$kaspu",
                  "f": {
                    "lang": "akk-x-neoass",
                    "form": "kas-pu",
                    "cf": "kaspu",
                    "gw": "silver",
                    "sense": "money",
                    "norm": "kaspu",
                    "pos": "N",
                    "epos": "N"
                  }
                },
                {
                  "node": "l",
                  "frag": "gam-mur",
                  "id": "P335303.l0435e",
                  "ref": "P335303.17.3",
                  "inst": "gammur[completed]AJ",
                  "exosig": "@saao/saa06%akk-x-neoass:gam-mur=gammuru[finished//completed]AJ'AJ$gammur",
                  "f": {
                    "lang": "akk-x-neoass",
                    "form": "gam-mur",
                    "cf": "gammuru",
                    "gw": "finished",
                    "sense": "completed",
                    "norm": "gammur",
                    "pos": "AJ",
                    "epos": "AJ"
                  }
                },
                {
                  "node": "d",
                  "type": "line-start",
                  "ref": "P335303.18",
                  "n": "14",
                  "label": "o 14"
                },
                {
                  "node": "l",
                  "frag": "⸢SUM⸣-ni",
                  "id": "P335303.l0435f",
                  "ref": "P335303.18.1",
                  "inst": "tadni[paid]AJ",
                  "exosig": "@saao/saa06%akk-x-neoass:SUM-ni=tadnu[given//paid]AJ'AJ$tadni",
                  "f": {
                    "lang": "akk-x-neoass",
                    "form": "SUM-ni",
                    "cf": "tadnu",
                    "gw": "given",
                    "sense": "paid",
                    "norm": "tadni",
                    "pos": "AJ",
                    "epos": "AJ"
                  }
                },
                {
                  "node": "l",
                  "frag": "{giš}⸢SAR⸣",
                  "id": "P335303.l04360",
                  "ref": "P335303.18.2",
                  "inst": "kirie[garden]N",
                  "exosig": "@saao/saa06%akk-x-neoass:{GIŠ}SAR=kirû[garden//garden]N'N$kirie",
                  "f": {
                    "lang": "akk-x-neoass",
                    "form": "{GIŠ}SAR",
                    "cf": "kirû",
                    "gw": "garden",
                    "sense": "garden",
                    "norm": "kirie",
                    "pos": "N",
                    "epos": "N"
                  }
                },
                {
                  "node": "l",
                  "frag": "šu-a-⸢tu₂⸣",
                  "id": "P335303.l04361",
                  "ref": "P335303.18.3",
                  "inst": "šuātu[that]'DP",
                  "exosig": "@saao/saa06%akk-x-neoass:šu-a-tu₂=šuāti[him//that]IP'DP$šuātu",
                  "f": {
                    "lang": "akk-x-neoass",
                    "form": "šu-a-tu₂",
                    "cf": "šuāti",
                    "gw": "him",
                    "sense": "that",
                    "norm": "šuātu",
                    "pos": "IP",
                    "epos": "DP"
                  }
                },
                {
                  "node": "d",
                  "subtype": "bottom",
                  "type": "bottom",
                  "ref": "P335303.b.e..19",
                  "label": "b.e."
                },
                {
                  "node": "d",
                  "type": "line-start",
                  "ref": "P335303.20",
                  "n": "15",
                  "label": "b.e. 15"
                },
                {
                  "node": "l",
                  "frag": "[za]-⸢rip⸣",
                  "id": "P335303.l04362",
                  "ref": "P335303.20.1",
                  "inst": "zarip[purchased]AJ",
                  "exosig": "@saao/saa06%akk-x-neoass:za-rip=zarpu[purchased//purchased]AJ'AJ$zarip",
                  "f": {
                    "lang": "akk-x-neoass",
                    "form": "za-rip",
                    "cf": "zarpu",
                    "gw": "purchased",
                    "sense": "purchased",
                    "norm": "zarip",
                    "pos": "AJ",
                    "epos": "AJ"
                  }
                },
                {
                  "node": "l",
                  "frag": "laq-⸢qi⸣",
                  "id": "P335303.l04363",
                  "ref": "P335303.20.2",
                  "inst": "laqqi[acquired]AJ",
                  "exosig": "@saao/saa06%akk-x-neoass:laq-qi=leqû[taken//acquired]AJ'AJ$laqqi",
                  "f": {
                    "lang": "akk-x-neoass",
                    "form": "laq-qi",
                    "cf": "leqû",
                    "gw": "taken",
                    "sense": "acquired",
                    "norm": "laqqi",
                    "pos": "AJ",
                    "epos": "AJ"
                  }
                },
                {
                  "node": "l",
                  "frag": "tu₂-a-⸢ru⸣",
                  "id": "P335303.l04364",
                  "ref": "P335303.20.3",
                  "inst": "tuāru[revocation]'N",
                  "exosig": "@saao/saa06%akk-x-neoass:tu₂-a-ru=târu[turn//revocation]V'N$tuāru",
                  "f": {
                    "lang": "akk-x-neoass",
                    "form": "tu₂-a-ru",
                    "cf": "târu",
                    "gw": "turn",
                    "sense": "revocation",
                    "norm": "tuāru",
                    "pos": "V",
                    "epos": "N"
                  }
                },
                {
                  "node": "d",
                  "type": "line-start",
                  "ref": "P335303.21",
                  "n": "16",
                  "label": "b.e. 16"
                },
                {
                  "node": "l",
                  "frag": "[de-nu]",
                  "id": "P335303.l04365",
                  "ref": "P335303.21.1",
                  "inst": "dēnu[lawsuit]N",
                  "exosig": "@saao/saa06%akk-x-neoass:de-nu=dīnu[legal decision//lawsuit]N'N$dēnu",
                  "f": {
                    "lang": "akk-x-neoass",
                    "form": "de-nu",
                    "cf": "dīnu",
                    "gw": "legal decision",
                    "sense": "lawsuit",
                    "norm": "dēnu",
                    "pos": "N",
                    "epos": "N"
                  }
                },
                {
                  "node": "l",
                  "frag": "DUG₄.⸢DUG₄⸣",
                  "id": "P335303.l04366",
                  "ref": "P335303.21.2",
                  "inst": "dabābu[litigation]'N",
                  "exosig": "@saao/saa06%akk-x-neoass:DUG₄.DUG₄=dabābu[speak//litigation]V'N$dabābu",
                  "f": {
                    "lang": "akk-x-neoass",
                    "form": "DUG₄.DUG₄",
                    "cf": "dabābu",
                    "gw": "speak",
                    "sense": "litigation",
                    "norm": "dabābu",
                    "pos": "V",
                    "epos": "N"
                  }
                },
                {
                  "node": "l",
                  "frag": "la-aš₂-šu₂",
                  "id": "P335303.l04367",
                  "ref": "P335303.21.3",
                  "inst": "laššu[(there) is not]V",
                  "exosig": "@saao/saa06%akk-x-neoass:la-aš₂-šu₂=laššu[(there) is not//(there) is not]V'V$laššu",
                  "f": {
                    "lang": "akk-x-neoass",
                    "form": "la-aš₂-šu₂",
                    "cf": "laššu",
                    "gw": "(there) is not",
                    "sense": "(there) is not",
                    "norm": "laššu",
                    "pos": "V",
                    "epos": "V"
                  }
                },
                {
                  "node": "d",
                  "subtype": "reverse",
                  "type": "reverse",
                  "ref": "P335303.r.22",
                  "label": "r"
                },
                {
                  "node": "d",
                  "type": "line-start",
                  "ref": "P335303.23",
                  "n": "1",
                  "label": "r 1"
                },
                {
                  "node": "l",
                  "frag": "[man-nu",
                  "id": "P335303.l04368",
                  "ref": "P335303.23.1",
                  "inst": "mannu[whoever]'XP",
                  "exosig": "@saao/saa06%akk-x-neoass:man-nu=mannu[who?//whoever]QP'XP$mannu",
                  "f": {
                    "lang": "akk-x-neoass",
                    "form": "man-nu",
                    "cf": "mannu",
                    "gw": "who?",
                    "sense": "whoever",
                    "norm": "mannu",
                    "pos": "QP",
                    "epos": "XP"
                  }
                },
                {
                  "node": "l",
                  "frag": "ša₂]",
                  "id": "P335303.l04369",
                  "ref": "P335303.23.2",
                  "inst": "ša[that]REL",
                  "exosig": "@saao/saa06%akk-x-neoass:ša₂=ša[that//that]REL'REL$ša",
                  "f": {
                    "lang": "akk-x-neoass",
                    "form": "ša₂",
                    "cf": "ša",
                    "gw": "that",
                    "sense": "that",
                    "norm": "ša",
                    "pos": "REL",
                    "epos": "REL"
                  }
                },
                {
                  "node": "c",
                  "type": "phrase",
                  "tag": "phr",
                  "id": "P335303.U6",
                  "ref": "P335303.ls00002",
                  "cdl": [
                    {
                      "node": "l",
                      "frag": "⸢ina⸣",
                      "id": "P335303.l0436a",
                      "ref": "P335303.23.3",
                      "inst": "ina[in+=in the future]PRP",
                      "exosig": "@saao/saa06%akk-x-neoass:ina=ina[in//in]PRP'PRP$ina",
                      "f": {
                        "lang": "akk-x-neoass",
                        "form": "ina",
                        "cf": "ina",
                        "gw": "in",
                        "sense": "in",
                        "norm": "ina",
                        "pos": "PRP",
                        "epos": "PRP"
                      }
                    },
                    {
                      "node": "l",
                      "frag": "[ur]-kiš",
                      "id": "P335303.l0436b",
                      "ref": "P335303.23.4",
                      "inst": "urkiš[later]AV",
                      "exosig": "@saao/saa06%akk-x-neoass:ur-kiš=urkiš[later//later]AV'AV$urkiš",
                      "f": {
                        "lang": "akk-x-neoass",
                        "form": "ur-kiš",
                        "cf": "urkiš",
                        "gw": "later",
                        "sense": "later",
                        "norm": "urkiš",
                        "pos": "AV",
                        "epos": "AV"
                      }
                    }
                  ]
                },
                {
                  "node": "d",
                  "type": "line-start",
                  "ref": "P335303.24",
                  "n": "2",
                  "label": "r 2"
                },
                {
                  "node": "c",
                  "type": "phrase",
                  "tag": "phr",
                  "id": "P335303.U7",
                  "ref": "P335303.ls00003",
                  "cdl": [
                    {
                      "node": "l",
                      "frag": "[ina",
                      "id": "P335303.l0436c",
                      "ref": "P335303.24.1",
                      "inst": "ina[in+=whenever]PRP$",
                      "exosig": "@saao/saa06%akk-x-neoass:ina=ina[in//in]PRP'PRP$ina",
                      "f": {
                        "lang": "akk-x-neoass",
                        "form": "ina",
                        "cf": "ina",
                        "gw": "in",
                        "sense": "in",
                        "norm": "ina",
                        "pos": "PRP",
                        "epos": "PRP"
                      }
                    },
                    {
                      "node": "l",
                      "frag": "ma]-⸢te⸣-ma",
                      "id": "P335303.l0436d",
                      "ref": "P335303.24.2",
                      "inst": "matīma[ever]AV$matēma",
                      "exosig": "@saao/saa06%akk-x-neoass:ma-te-ma=matīma[ever//ever]AV'AV$matēma",
                      "f": {
                        "lang": "akk-x-neoass",
                        "form": "ma-te-ma",
                        "cf": "matīma",
                        "gw": "ever",
                        "sense": "ever",
                        "norm": "matēma",
                        "pos": "AV",
                        "epos": "AV"
                      }
                    }
                  ]
                },
                {
                  "node": "l",
                  "frag": "⸢i-za⸣-qu-pa-ni",
                  "id": "P335303.l0436e",
                  "ref": "P335303.24.3",
                  "inst": "izaqqupāni[complain]V",
                  "exosig": "@saao/saa06%akk-x-neoass:i-za-qu-pa-ni=zaqāpu[fix upright//complain]V'V$izaqqupāni",
                  "f": {
                    "lang": "akk-x-neoass",
                    "form": "i-za-qu-pa-ni",
                    "cf": "zaqāpu",
                    "gw": "fix upright",
                    "sense": "complain",
                    "norm": "izaqqupāni",
                    "pos": "V",
                    "epos": "V"
                  }
                },
                {
                  "node": "d",
                  "type": "line-start",
                  "ref": "P335303.25",
                  "n": "3",
                  "label": "r 3"
                },
                {
                  "node": "l",
                  "frag": "⸢GIL⸣-u-ni",
                  "id": "P335303.l0436f",
                  "ref": "P335303.25.1",
                  "inst": "iparrakūni[contravene]V",
                  "exosig": "@saao/saa06%akk-x-neoass:GIL-u-ni=parāku[lie across//contravene]V'V$iparrakūni",
                  "f": {
                    "lang": "akk-x-neoass",
                    "form": "GIL-u-ni",
                    "cf": "parāku",
                    "gw": "lie across",
                    "sense": "contravene",
                    "norm": "iparrakūni",
                    "pos": "V",
                    "epos": "V"
                  }
                },
                {
                  "node": "l",
                  "frag": "12",
                  "id": "P335303.l04370",
                  "ref": "P335303.25.2",
                  "inst": "n",
                  "f": {
                    "lang": "akk-x-neoass",
                    "form": "12",
                    "pos": "n"
                  }
                },
                {
                  "node": "l",
                  "frag": "MA.NA",
                  "id": "P335303.l04371",
                  "ref": "P335303.25.3",
                  "inst": "manê[a unit of weight]N",
                  "exosig": "@saao/saa06%akk-x-neoass:MA.NA=manû[unit//a unit of weight]N'N$manê",
                  "f": {
                    "lang": "akk-x-neoass",
                    "form": "MA.NA",
                    "cf": "manû",
                    "gw": "unit",
                    "sense": "a unit of weight",
                    "norm": "manê",
                    "pos": "N",
                    "epos": "N"
                  }
                },
                {
                  "node": "l",
                  "frag": "KUG.UD",
                  "id": "P335303.l04372",
                  "ref": "P335303.25.4",
                  "inst": "ṣarpi[silver]N",
                  "exosig": "@saao/saa06%akk-x-neoass:KUG.UD=ṣarpu[silver//silver]N'N$ṣarpi",
                  "f": {
                    "lang": "akk-x-neoass",
                    "form": "KUG.UD",
                    "cf": "ṣarpu",
                    "gw": "silver",
                    "sense": "silver",
                    "norm": "ṣarpi",
                    "pos": "N",
                    "epos": "N"
                  }
                },
                {
                  "node": "d",
                  "type": "line-start",
                  "ref": "P335303.26",
                  "n": "4",
                  "label": "r 4"
                },
                {
                  "node": "l",
                  "frag": "[x",
                  "id": "P335303.l04373",
                  "ref": "P335303.26.1",
                  "inst": "u",
                  "f": {
                    "lang": "akk-x-neoass",
                    "form": "x",
                    "pos": "u"
                  }
                },
                {
                  "node": "l",
                  "frag": "MA].⸢NA⸣",
                  "id": "P335303.l04374",
                  "ref": "P335303.26.2",
                  "inst": "manê[a unit of weight]N",
                  "exosig": "@saao/saa06%akk-x-neoass:MA.NA=manû[unit//a unit of weight]N'N$manê",
                  "f": {
                    "lang": "akk-x-neoass",
                    "form": "MA.NA",
                    "cf": "manû",
                    "gw": "unit",
                    "sense": "a unit of weight",
                    "norm": "manê",
                    "pos": "N",
                    "epos": "N"
                  }
                },
                {
                  "node": "l",
                  "frag": "KUG.GI",
                  "id": "P335303.l04375",
                  "ref": "P335303.26.3",
                  "inst": "hurāṣi[gold]N",
                  "exosig": "@saao/saa06%akk-x-neoass:KUG.GI=hurāṣu[gold//gold]N'N$hurāṣi",
                  "f": {
                    "lang": "akk-x-neoass",
                    "form": "KUG.GI",
                    "cf": "hurāṣu",
                    "gw": "gold",
                    "sense": "gold",
                    "norm": "hurāṣi",
                    "pos": "N",
                    "epos": "N"
                  }
                },
                {
                  "node": "l",
                  "frag": "a-na",
                  "id": "P335303.l04376",
                  "ref": "P335303.26.4",
                  "inst": "ana[to]PRP",
                  "exosig": "@saao/saa06%akk-x-neoass:a-na=ana[to//to]PRP'PRP$ana",
                  "f": {
                    "lang": "akk-x-neoass",
                    "form": "a-na",
                    "cf": "ana",
                    "gw": "to",
                    "sense": "to",
                    "norm": "ana",
                    "pos": "PRP",
                    "epos": "PRP"
                  }
                },
                {
                  "node": "l",
                  "frag": "{d}15",
                  "id": "P335303.l04377",
                  "ref": "P335303.26.5",
                  "inst": "Issar[1]DN",
                  "exosig": "@saao/saa06%akk-x-neoass:{d}15=Ištar[1//1]DN'DN$Issar",
                  "f": {
                    "lang": "akk-x-neoass",
                    "form": "{d}15",
                    "cf": "Ištar",
                    "gw": "1",
                    "sense": "1",
                    "norm": "Issar",
                    "pos": "DN",
                    "epos": "DN"
                  }
                },
                {
                  "node": "d",
                  "type": "line-start",
                  "ref": "P335303.27",
                  "n": "5",
                  "label": "r 5"
                },
                {
                  "node": "l",
                  "frag": "[a-ši-bat]",
                  "id": "P335303.l04378",
                  "ref": "P335303.27.1",
                  "inst": "āšibāt[residing]AJ",
                  "exosig": "@saao/saa06%akk-x-neoass:a-ši-bat=āšibu[sitting//residing]AJ'AJ$āšibāt",
                  "f": {
                    "lang": "akk-x-neoass",
                    "form": "a-ši-bat",
                    "cf": "āšibu",
                    "gw": "sitting",
                    "sense": "residing",
                    "norm": "āšibāt",
                    "pos": "AJ",
                    "epos": "AJ"
                  }
                },
                {
                  "node": "l",
                  "frag": "{⸢uru}ni-nu⸣-a",
                  "id": "P335303.l04379",
                  "ref": "P335303.27.2",
                  "inst": "Ninua[Nineveh]GN",
                  "exosig": "@saao/saa06%akk-x-neoass:{URU}ni-nu-a=Ninua[Nineveh//Nineveh]GN'GN$Ninua",
                  "f": {
                    "lang": "akk-x-neoass",
                    "form": "{URU}ni-nu-a",
                    "cf": "Ninua",
                    "gw": "Nineveh",
                    "sense": "Nineveh",
                    "norm": "Ninua",
                    "pos": "GN",
                    "epos": "GN"
                  }
                },
                {
                  "node": "l",
                  "frag": "SUM-an",
                  "id": "P335303.l0437a",
                  "ref": "P335303.27.3",
                  "inst": "iddan[pay]V",
                  "exosig": "@saao/saa06%akk-x-neoass:SUM-an=tadānu[give//pay]V'V$iddan",
                  "f": {
                    "lang": "akk-x-neoass",
                    "form": "SUM-an",
                    "cf": "tadānu",
                    "gw": "give",
                    "sense": "pay",
                    "norm": "iddan",
                    "pos": "V",
                    "epos": "V"
                  }
                },
                {
                  "node": "d",
                  "type": "line-start",
                  "ref": "P335303.28",
                  "n": "6",
                  "label": "r 6"
                },
                {
                  "node": "l",
                  "frag": "[kas-pu]",
                  "id": "P335303.l0437b",
                  "ref": "P335303.28.1",
                  "inst": "kaspu[money]N",
                  "exosig": "@saao/saa06%akk-x-neoass:kas-pu=kaspu[silver//money]N'N$kaspu",
                  "f": {
                    "lang": "akk-x-neoass",
                    "form": "kas-pu",
                    "cf": "kaspu",
                    "gw": "silver",
                    "sense": "money",
                    "norm": "kaspu",
                    "pos": "N",
                    "epos": "N"
                  }
                },
                {
                  "node": "c",
                  "type": "phrase",
                  "tag": "phr",
                  "id": "P335303.U8",
                  "ref": "P335303.ls00004",
                  "cdl": [
                    {
                      "node": "l",
                      "frag": "⸢a-na",
                      "id": "P335303.l0437c",
                      "ref": "P335303.28.2",
                      "inst": "ana[to+=tenfold]PRP$",
                      "exosig": "@saao/saa06%akk-x-neoass:a-na=ana[to//to]PRP'PRP$ana",
                      "f": {
                        "lang": "akk-x-neoass",
                        "form": "a-na",
                        "cf": "ana",
                        "gw": "to",
                        "sense": "to",
                        "norm": "ana",
                        "pos": "PRP",
                        "epos": "PRP"
                      }
                    },
                    {
                      "node": "l",
                      "frag": "10-MEŠ⸣-[te]",
                      "id": "P335303.l0437d",
                      "ref": "P335303.28.3",
                      "inst": "ešriātu[tenfold]AV$ešrāte",
                      "exosig": "@saao/saa06%akk-x-neoass:10-MEŠ-te=ešriātu[tenfold//tenfold]AV'AV$ešrāte",
                      "f": {
                        "lang": "akk-x-neoass",
                        "form": "10-MEŠ-te",
                        "cf": "ešriātu",
                        "gw": "tenfold",
                        "sense": "tenfold",
                        "norm": "ešrāte",
                        "pos": "AV",
                        "epos": "AV"
                      }
                    }
                  ]
                },
                {
                  "node": "l",
                  "frag": "⸢a⸣-na",
                  "id": "P335303.l0437e",
                  "ref": "P335303.28.4",
                  "inst": "ana[to]PRP",
                  "exosig": "@saao/saa06%akk-x-neoass:a-na=ana[to//to]PRP'PRP$ana",
                  "f": {
                    "lang": "akk-x-neoass",
                    "form": "a-na",
                    "cf": "ana",
                    "gw": "to",
                    "sense": "to",
                    "norm": "ana",
                    "pos": "PRP",
                    "epos": "PRP"
                  }
                },
                {
                  "node": "l",
                  "frag": "EN-MEŠ-šu₂",
                  "id": "P335303.l0437f",
                  "ref": "P335303.28.5",
                  "inst": "bēlēšu[owner]N",
                  "exosig": "@saao/saa06%akk-x-neoass:EN-MEŠ-šu₂=bēlu[lord//owner]N'N$bēlēšu",
                  "f": {
                    "lang": "akk-x-neoass",
                    "form": "EN-MEŠ-šu₂",
                    "cf": "bēlu",
                    "gw": "lord",
                    "sense": "owner",
                    "norm": "bēlēšu",
                    "pos": "N",
                    "epos": "N"
                  }
                },
                {
                  "node": "l",
                  "frag": "GUR",
                  "id": "P335303.l04380",
                  "ref": "P335303.28.6",
                  "inst": "itūar[return]V",
                  "exosig": "@saao/saa06%akk-x-neoass:GUR=târu[turn//return]V'V$itūar",
                  "f": {
                    "lang": "akk-x-neoass",
                    "form": "GUR",
                    "cf": "târu",
                    "gw": "turn",
                    "sense": "return",
                    "norm": "itūar",
                    "pos": "V",
                    "epos": "V"
                  }
                },
                {
                  "node": "d",
                  "type": "line-start",
                  "ref": "P335303.29",
                  "n": "7",
                  "label": "r 7"
                },
                {
                  "node": "l",
                  "frag": "[ina",
                  "id": "P335303.l04381",
                  "ref": "P335303.29.1",
                  "inst": "ina[in]PRP",
                  "exosig": "@saao/saa06%akk-x-neoass:ina=ina[in//in]PRP'PRP$ina",
                  "f": {
                    "lang": "akk-x-neoass",
                    "form": "ina",
                    "cf": "ina",
                    "gw": "in",
                    "sense": "in",
                    "norm": "ina",
                    "pos": "PRP",
                    "epos": "PRP"
                  }
                },
                {
                  "node": "l",
                  "frag": "de-ni]-šu₂",
                  "id": "P335303.l04382",
                  "ref": "P335303.29.2",
                  "inst": "dēnīšu[lawsuit]N",
                  "exosig": "@saao/saa06%akk-x-neoass:de-ni-šu₂=dīnu[legal decision//lawsuit]N'N$dēnīšu",
                  "f": {
                    "lang": "akk-x-neoass",
                    "form": "de-ni-šu₂",
                    "cf": "dīnu",
                    "gw": "legal decision",
                    "sense": "lawsuit",
                    "norm": "dēnīšu",
                    "pos": "N",
                    "epos": "N"
                  }
                },
                {
                  "node": "l",
                  "frag": "DUG₄.DUG₄-ma",
                  "id": "P335303.l04383",
                  "ref": "P335303.29.3",
                  "inst": "idabbubma[contest]V",
                  "exosig": "@saao/saa06%akk-x-neoass:DUG₄.DUG₄-ma=dabābu[speak//contest]V'V$idabbubma",
                  "f": {
                    "lang": "akk-x-neoass",
                    "form": "DUG₄.DUG₄-ma",
                    "cf": "dabābu",
                    "gw": "speak",
                    "sense": "contest",
                    "norm": "idabbubma",
                    "pos": "V",
                    "epos": "V"
                  }
                },
                {
                  "node": "l",
                  "frag": "la₃",
                  "id": "P335303.l04384",
                  "ref": "P335303.29.4",
                  "inst": "lā[not]MOD",
                  "exosig": "@saao/saa06%akk-x-neoass:la₃=lā[not//not]MOD'MOD$lā",
                  "f": {
                    "lang": "akk-x-neoass",
                    "form": "la₃",
                    "cf": "lā",
                    "gw": "not",
                    "sense": "not",
                    "norm": "lā",
                    "pos": "MOD",
                    "epos": "MOD"
                  }
                },
                {
                  "node": "l",
                  "frag": "TI",
                  "id": "P335303.l04385",
                  "ref": "P335303.29.5",
                  "inst": "ilaqqi[succeed]V",
                  "exosig": "@saao/saa06%akk-x-neoass:TI=leqû[take//succeed]V'V$ilaqqi",
                  "f": {
                    "lang": "akk-x-neoass",
                    "form": "TI",
                    "cf": "leqû",
                    "gw": "take",
                    "sense": "succeed",
                    "norm": "ilaqqi",
                    "pos": "V",
                    "epos": "V"
                  }
                },
                {
                  "node": "d",
                  "type": "nonx",
                  "ref": "P335303.30",
                  "strict": "1",
                  "extent": "n",
                  "scope": "line",
                  "state": "ruling"
                },
                {
                  "node": "d",
                  "type": "line-start",
                  "ref": "P335303.31",
                  "n": "8",
                  "label": "r 8"
                },
                {
                  "node": "l",
                  "frag": "{iti}ŠU",
                  "id": "P335303.l04386",
                  "ref": "P335303.31.1",
                  "inst": "Taʾuzi[Tammuz]MN",
                  "exosig": "@saao/saa06%akk-x-neoass:{ITI}ŠU=Duʾuzu[Tammuz//Tammuz]MN'MN$Taʾuzi",
                  "f": {
                    "lang": "akk-x-neoass",
                    "form": "{ITI}ŠU",
                    "cf": "Duʾuzu",
                    "gw": "Tammuz",
                    "sense": "Tammuz",
                    "norm": "Taʾuzi",
                    "pos": "MN",
                    "epos": "MN"
                  }
                },
                {
                  "node": "l",
                  "frag": "UD",
                  "id": "P335303.l04387",
                  "ref": "P335303.31.2",
                  "inst": "ūm[day]N",
                  "exosig": "@saao/saa06%akk-x-neoass:UD=ūmu[day//day]N'N$ūm",
                  "f": {
                    "lang": "akk-x-neoass",
                    "form": "UD",
                    "cf": "ūmu",
                    "gw": "day",
                    "sense": "day",
                    "norm": "ūm",
                    "pos": "N",
                    "epos": "N"
                  }
                },
                {
                  "node": "l",
                  "frag": "18-KAM₂",
                  "id": "P335303.l04388",
                  "ref": "P335303.31.3",
                  "inst": "n",
                  "f": {
                    "lang": "akk-x-neoass",
                    "form": "18-KAM₂",
                    "pos": "n"
                  }
                },
                {
                  "node": "d",
                  "type": "line-start",
                  "ref": "P335303.32",
                  "n": "9",
                  "label": "r 9"
                },
                {
                  "node": "l",
                  "frag": "lim-me",
                  "id": "P335303.l04389",
                  "ref": "P335303.32.1",
                  "inst": "limme[eponym (of year)]N",
                  "exosig": "@saao/saa06%akk-x-neoass:lim-me=līmu[eponym (of year)//eponym (of year)]N'N$limme",
                  "f": {
                    "lang": "akk-x-neoass",
                    "form": "lim-me",
                    "cf": "līmu",
                    "gw": "eponym (of year)",
                    "sense": "eponym (of year)",
                    "norm": "limme",
                    "pos": "N",
                    "epos": "N"
                  }
                },
                {
                  "node": "l",
                  "frag": "{1}da-⸢na⸣-nu",
                  "id": "P335303.l0438a",
                  "ref": "P335303.32.2",
                  "inst": "Dananu[1]PN",
                  "exosig": "@saao/saa06%akk-x-neoass:{1}da-na-nu=Dananu[1//1]PN'PN$Dananu",
                  "f": {
                    "lang": "akk-x-neoass",
                    "form": "{1}da-na-nu",
                    "cf": "Dananu",
                    "gw": "1",
                    "sense": "1",
                    "norm": "Dananu",
                    "pos": "PN",
                    "epos": "PN"
                  }
                },
                {
                  "node": "d",
                  "type": "line-start",
                  "ref": "P335303.33",
                  "n": "10",
                  "label": "r 10"
                },
                {
                  "node": "l",
                  "frag": "ša",
                  "id": "P335303.l0438b",
                  "ref": "P335303.33.1",
                  "inst": "ša[of]DET",
                  "exosig": "@saao/saa06%akk-x-neoass:ša=ša[of//of]DET'DET$ša",
                  "f": {
                    "lang": "akk-x-neoass",
                    "form": "ša",
                    "cf": "ša",
                    "gw": "of",
                    "sense": "of",
                    "norm": "ša",
                    "pos": "DET",
                    "epos": "DET"
                  }
                },
                {
                  "node": "l",
                  "frag": "{uru}man-⸢ṣu-a⸣-te",
                  "id": "P335303.l0438c",
                  "ref": "P335303.33.2",
                  "inst": "Manṣuati[1]GN$Manṣuate",
                  "exosig": "@saao/saa06%akk-x-neoass:{URU}man-ṣu-a-te=Manṣuati[1//1]GN'GN$Manṣuate",
                  "f": {
                    "lang": "akk-x-neoass",
                    "form": "{URU}man-ṣu-a-te",
                    "cf": "Manṣuati",
                    "gw": "1",
                    "sense": "1",
                    "norm": "Manṣuate",
                    "pos": "GN",
                    "epos": "GN"
                  }
                },
                {
                  "node": "d",
                  "type": "line-start",
                  "ref": "P335303.34",
                  "n": "11",
                  "label": "r 11"
                },
                {
                  "node": "l",
                  "frag": "IGI",
                  "id": "P335303.l0438d",
                  "ref": "P335303.34.1",
                  "inst": "šību[witness]N",
                  "exosig": "@saao/saa06%akk-x-neoass:IGI=šību[witness//witness]N'N$šību",
                  "f": {
                    "lang": "akk-x-neoass",
                    "form": "IGI",
                    "cf": "šību",
                    "gw": "witness",
                    "sense": "witness",
                    "norm": "šību",
                    "pos": "N",
                    "epos": "N"
                  }
                },
                {
                  "node": "l",
                  "frag": "{1}{d}aš-šur-DINGIR-a.⸢a⸣",
                  "id": "P335303.l0438e",
                  "ref": "P335303.34.2",
                  "inst": "Aššur-ilaʾi[1]PN$",
                  "exosig": "@saao/saa06%akk-x-neoass:{1}{d}aš-šur-DINGIR-a.a=Aššur-ilaʾi[1//1]PN'PN$Aššur-ilaʾi",
                  "f": {
                    "lang": "akk-x-neoass",
                    "form": "{1}{d}aš-šur-DINGIR-a.a",
                    "cf": "Aššur-ilaʾi",
                    "gw": "1",
                    "sense": "1",
                    "norm": "Aššur-ilaʾi",
                    "pos": "PN",
                    "epos": "PN"
                  }
                },
                {
                  "node": "d",
                  "type": "line-start",
                  "ref": "P335303.35",
                  "n": "12",
                  "label": "r 12"
                },
                {
                  "node": "l",
                  "frag": "⸢IGI⸣",
                  "id": "P335303.l0438f",
                  "ref": "P335303.35.1",
                  "inst": "šību[witness]N",
                  "exosig": "@saao/saa06%akk-x-neoass:IGI=šību[witness//witness]N'N$šību",
                  "f": {
                    "lang": "akk-x-neoass",
                    "form": "IGI",
                    "cf": "šību",
                    "gw": "witness",
                    "sense": "witness",
                    "norm": "šību",
                    "pos": "N",
                    "epos": "N"
                  }
                },
                {
                  "node": "l",
                  "frag": "{1}{d}PA-KAR-ir-an-ni",
                  "id": "P335303.l04390",
                  "ref": "P335303.35.2",
                  "inst": "Nabu-eṭiranni[1]PN$",
                  "exosig": "@saao/saa06%akk-x-neoass:{1}{d}PA-KAR-ir-an-ni=Nabu-eṭiranni[1//1]PN'PN$Nabu-eṭiranni",
                  "f": {
                    "lang": "akk-x-neoass",
                    "form": "{1}{d}PA-KAR-ir-an-ni",
                    "cf": "Nabu-eṭiranni",
                    "gw": "1",
                    "sense": "1",
                    "norm": "Nabu-eṭiranni",
                    "pos": "PN",
                    "epos": "PN"
                  }
                },
                {
                  "node": "d",
                  "type": "line-start",
                  "ref": "P335303.36",
                  "n": "13",
                  "label": "r 13"
                },
                {
                  "node": "l",
                  "frag": "IGI",
                  "id": "P335303.l04391",
                  "ref": "P335303.36.1",
                  "inst": "šību[witness]N",
                  "exosig": "@saao/saa06%akk-x-neoass:IGI=šību[witness//witness]N'N$šību",
                  "f": {
                    "lang": "akk-x-neoass",
                    "form": "IGI",
                    "cf": "šību",
                    "gw": "witness",
                    "sense": "witness",
                    "norm": "šību",
                    "pos": "N",
                    "epos": "N"
                  }
                },
                {
                  "node": "l",
                  "frag": "{1}sa-me-eʾ",
                  "id": "P335303.l04392",
                  "ref": "P335303.36.2",
                  "inst": "Sameʾ[1]PN",
                  "exosig": "@saao/saa06%akk-x-neoass:{1}sa-me-eʾ=Sameʾ[1//1]PN'PN$Sameʾ",
                  "f": {
                    "lang": "akk-x-neoass",
                    "form": "{1}sa-me-eʾ",
                    "cf": "Sameʾ",
                    "gw": "1",
                    "sense": "1",
                    "norm": "Sameʾ",
                    "pos": "PN",
                    "epos": "PN"
                  }
                },
                {
                  "node": "d",
                  "type": "line-start",
                  "ref": "P335303.37",
                  "n": "14",
                  "label": "r 14"
                },
                {
                  "node": "l",
                  "frag": "⸢IGI⸣",
                  "id": "P335303.l04393",
                  "ref": "P335303.37.1",
                  "inst": "šību[witness]N",
                  "exosig": "@saao/saa06%akk-x-neoass:IGI=šību[witness//witness]N'N$šību",
                  "f": {
                    "lang": "akk-x-neoass",
                    "form": "IGI",
                    "cf": "šību",
                    "gw": "witness",
                    "sense": "witness",
                    "norm": "šību",
                    "pos": "N",
                    "epos": "N"
                  }
                },
                {
                  "node": "l",
                  "frag": "{1}u₂-su-na-a",
                  "id": "P335303.l04394",
                  "ref": "P335303.37.2",
                  "inst": "Usna[1]PN$Usuna",
                  "exosig": "@saao/saa06%akk-x-neoass:{1}u₂-su-na-a=Usna[1//1]PN'PN$Usuna",
                  "f": {
                    "lang": "akk-x-neoass",
                    "form": "{1}u₂-su-na-a",
                    "cf": "Usna",
                    "gw": "1",
                    "sense": "1",
                    "norm": "Usuna",
                    "pos": "PN",
                    "epos": "PN"
                  }
                },
                {
                  "node": "d",
                  "type": "line-start",
                  "ref": "P335303.38",
                  "n": "15",
                  "label": "r 15"
                },
                {
                  "node": "l",
                  "frag": "⸢IGI⸣",
                  "id": "P335303.l04395",
                  "ref": "P335303.38.1",
                  "inst": "šību[witness]N",
                  "exosig": "@saao/saa06%akk-x-neoass:IGI=šību[witness//witness]N'N$šību",
                  "f": {
                    "lang": "akk-x-neoass",
                    "form": "IGI",
                    "cf": "šību",
                    "gw": "witness",
                    "sense": "witness",
                    "norm": "šību",
                    "pos": "N",
                    "epos": "N"
                  }
                },
                {
                  "node": "l",
                  "frag": "{1}la-ap-sa-re-e",
                  "id": "P335303.l04396",
                  "ref": "P335303.38.2",
                  "inst": "Lapsare[1]PN$",
                  "exosig": "@saao/saa06%akk-x-neoass:{1}la-ap-sa-re-e=Lapsare[1//1]PN'PN$Lapsare",
                  "f": {
                    "lang": "akk-x-neoass",
                    "form": "{1}la-ap-sa-re-e",
                    "cf": "Lapsare",
                    "gw": "1",
                    "sense": "1",
                    "norm": "Lapsare",
                    "pos": "PN",
                    "epos": "PN"
                  }
                },
                {
                  "node": "d",
                  "type": "line-start",
                  "ref": "P335303.39",
                  "n": "16",
                  "label": "r 16"
                },
                {
                  "node": "l",
                  "frag": "⸢IGI⸣",
                  "id": "P335303.l04397",
                  "ref": "P335303.39.1",
                  "inst": "šību[witness]N",
                  "exosig": "@saao/saa06%akk-x-neoass:IGI=šību[witness//witness]N'N$šību",
                  "f": {
                    "lang": "akk-x-neoass",
                    "form": "IGI",
                    "cf": "šību",
                    "gw": "witness",
                    "sense": "witness",
                    "norm": "šību",
                    "pos": "N",
                    "epos": "N"
                  }
                },
                {
                  "node": "l",
                  "frag": "{1}da-ia-a",
                  "id": "P335303.l04398",
                  "ref": "P335303.39.2",
                  "inst": "Daya[1]PN$",
                  "exosig": "@saao/saa06%akk-x-neoass:{1}da-ia-a=Daya[1//1]PN'PN$Daya",
                  "f": {
                    "lang": "akk-x-neoass",
                    "form": "{1}da-ia-a",
                    "cf": "Daya",
                    "gw": "1",
                    "sense": "1",
                    "norm": "Daya",
                    "pos": "PN",
                    "epos": "PN"
                  }
                },
                {
                  "node": "l",
                  "frag": "o",
                  "id": "P335303.l04399",
                  "ref": "P335303.39.3",
                  "inst": "u",
                  "f": {
                    "lang": "akk-x-neoass",
                    "form": "o",
                    "pos": "u"
                  }
                },
                {
                  "node": "d",
                  "subtype": "right",
                  "type": "right",
                  "ref": "P335303.r.e..40",
                  "label": "r.e."
                },
                {
                  "node": "d",
                  "type": "line-start",
                  "ref": "P335303.41",
                  "n": "17",
                  "label": "r.e. 17"
                },
                {
                  "node": "l",
                  "frag": "IGI",
                  "id": "P335303.l0439a",
                  "ref": "P335303.41.1",
                  "inst": "šību[witness]N",
                  "exosig": "@saao/saa06%akk-x-neoass:IGI=šību[witness//witness]N'N$šību",
                  "f": {
                    "lang": "akk-x-neoass",
                    "form": "IGI",
                    "cf": "šību",
                    "gw": "witness",
                    "sense": "witness",
                    "norm": "šību",
                    "pos": "N",
                    "epos": "N"
                  }
                },
                {
                  "node": "l",
                  "frag": "{1}⸢a⸣-si-nu-u",
                  "id": "P335303.l0439b",
                  "ref": "P335303.41.2",
                  "inst": "Asinu[1]PN$",
                  "exosig": "@saao/saa06%akk-x-neoass:{1}a-si-nu-u=Asinu[1//1]PN'PN$Asinu",
                  "f": {
                    "lang": "akk-x-neoass",
                    "form": "{1}a-si-nu-u",
                    "cf": "Asinu",
                    "gw": "1",
                    "sense": "1",
                    "norm": "Asinu",
                    "pos": "PN",
                    "epos": "PN"
                  }
                },
                {
                  "node": "d",
                  "subtype": "edge",
                  "type": "edge",
                  "ref": "P335303.e..42",
                  "label": "e."
                },
                {
                  "node": "d",
                  "type": "line-start",
                  "ref": "P335303.43",
                  "n": "1",
                  "label": "e. 1"
                },
                {
                  "node": "c",
                  "type": "phrase",
                  "tag": "phr",
                  "id": "P335303.U9",
                  "ref": "P335303.ls00005",
                  "cdl": [
                    {
                      "node": "l",
                      "frag": "[ina",
                      "id": "P335303.l0439c",
                      "ref": "P335303.43.1",
                      "inst": "ina[in+=at the time of]PRP",
                      "exosig": "@saao/saa06%akk-x-neoass:ina=ina[in//in]PRP'PRP$ina",
                      "f": {
                        "lang": "akk-x-neoass",
                        "form": "ina",
                        "cf": "ina",
                        "gw": "in",
                        "sense": "in",
                        "norm": "ina",
                        "pos": "PRP",
                        "epos": "PRP"
                      }
                    },
                    {
                      "node": "l",
                      "frag": "tar-ṣi",
                      "id": "P335303.l0439d",
                      "ref": "P335303.43.2",
                      "inst": "tarṣi[extent]N",
                      "exosig": "@saao/saa06%akk-x-neoass:tar-ṣi=tarṣu[extent//extent]N'N$tarṣi",
                      "f": {
                        "lang": "akk-x-neoass",
                        "form": "tar-ṣi",
                        "cf": "tarṣu",
                        "gw": "extent",
                        "sense": "extent",
                        "norm": "tarṣi",
                        "pos": "N",
                        "epos": "N"
                      }
                    }
                  ]
                },
                {
                  "node": "l",
                  "frag": "{1}aš-šur]-PAB-AŠ",
                  "id": "P335303.l0439e",
                  "ref": "P335303.43.3",
                  "inst": "Aššur-ahu-iddina[1]PN",
                  "exosig": "@saao/saa06%akk-x-neoass:{1}aš-šur-PAB-AŠ=Aššur-ahu-iddina[1//1]PN'PN$Aššur-ahu-iddina",
                  "f": {
                    "lang": "akk-x-neoass",
                    "form": "{1}aš-šur-PAB-AŠ",
                    "cf": "Aššur-ahu-iddina",
                    "gw": "1",
                    "sense": "1",
                    "norm": "Aššur-ahu-iddina",
                    "pos": "PN",
                    "epos": "PN"
                  }
                },
                {
                  "node": "l",
                  "frag": "MAN",
                  "id": "P335303.l0439f",
                  "ref": "P335303.43.4",
                  "inst": "šar[king]N",
                  "exosig": "@saao/saa06%akk-x-neoass:MAN=šarru[king//king]N'N$šar",
                  "f": {
                    "lang": "akk-x-neoass",
                    "form": "MAN",
                    "cf": "šarru",
                    "gw": "king",
                    "sense": "king",
                    "norm": "šar",
                    "pos": "N",
                    "epos": "N"
                  }
                },
                {
                  "node": "l",
                  "frag": "KUR-aš-šur",
                  "id": "P335303.l043a0",
                  "ref": "P335303.43.5",
                  "inst": "+Mat-Aššur[Assyria]GN$",
                  "sig": "@saao/saa10%akk-x-neoass:KUR-aš-šur=Mat-Aššur[Assyria//Assyria]GN'GN$Mat-Aššur",
                  "f": {
                    "lang": "akk-x-neoass",
                    "form": "KUR-aš-šur",
                    "cf": "Mat-Aššur",
                    "gw": "Assyria",
                    "sense": "Assyria",
                    "norm": "Mat-Aššur",
                    "pos": "GN",
                    "epos": "GN"
                  }
                },
                {
                  "node": "l",
                  "frag": "{giš}SAR",
                  "id": "P335303.l043a1",
                  "ref": "P335303.43.6",
                  "inst": "kiriu[garden]N",
                  "exosig": "@saao/saa06%akk-x-neoass:{GIŠ}SAR=kirû[garden//garden]N'N$kiriu",
                  "f": {
                    "lang": "akk-x-neoass",
                    "form": "{GIŠ}SAR",
                    "cf": "kirû",
                    "gw": "garden",
                    "sense": "garden",
                    "norm": "kiriu",
                    "pos": "N",
                    "epos": "N"
                  }
                },
                {
                  "node": "l",
                  "frag": "⸢laq-qi⸣",
                  "id": "P335303.l043a2",
                  "ref": "P335303.43.7",
                  "inst": "laqqi[purchased]AJ",
                  "exosig": "@saao/saa06%akk-x-neoass:laq-qi=leqû[taken//purchased]AJ'AJ$laqqi",
                  "f": {
                    "lang": "akk-x-neoass",
                    "form": "laq-qi",
                    "cf": "leqû",
                    "gw": "taken",
                    "sense": "purchased",
                    "norm": "laqqi",
                    "pos": "AJ",
                    "epos": "AJ"
                  }
                }
              ]
            }
          ]
        }
      ]
    },
    {
      "linkbase": [
        {
          "type": "linkset",
          "xlink_title": "ištu pān[from//because of]PRP'PRP",
          "id": "P335303.ls00000",
          "xlink_type": "extended",
          "xlink_role": "psu",
          "sig": "{ištu[from]PRP pānu[front]N += ištu pān[from//because of]PRP'PRP}::@saao%akk-x-neoass:TA@v=ištu[from//from]PRP'PRP$issu++@saao%akk-x-neoass:IGI=pānu[front//front]N'N$pān",
          "links": [
            {
              "type": "link",
              "xlink_title": "issu",
              "xlink_type": "locator",
              "xlink_href": "#P335303.l04352",
              "xlink_role": "elt"
            },
            {
              "type": "link",
              "xlink_title": "pān",
              "xlink_type": "locator",
              "xlink_href": "#P335303.l04353",
              "xlink_role": "elt"
            }
          ]
        },
        {
          "type": "linkset",
          "xlink_title": "ina libbi[in//(in exchange) for]PRP'PRP",
          "id": "P335303.ls00001",
          "xlink_type": "extended",
          "xlink_role": "psu",
          "sig": "{ina[in]PRP libbu[interior]N += ina libbi[in//(in exchange) for]PRP'PRP}::@saao%akk-x-neoass:ina=ina[in//into]PRP'PRP$ina++@saao%akk-x-neoass:ŠA₃=libbu[interior//interior]N'N$libbi",
          "links": [
            {
              "type": "link",
              "xlink_title": "ina",
              "xlink_type": "locator",
              "xlink_href": "#P335303.l04355",
              "xlink_role": "elt"
            },
            {
              "type": "link",
              "xlink_title": "libbi",
              "xlink_type": "locator",
              "xlink_href": "#P335303.l04356",
              "xlink_role": "elt"
            }
          ]
        },
        {
          "type": "linkset",
          "xlink_title": "ina urkiš[in the future//in the future]AV'AV",
          "id": "P335303.ls00002",
          "xlink_type": "extended",
          "xlink_role": "psu",
          "sig": "{ina[in]PRP urkiš[later]AV += ina urkiš[in the future//in the future]AV'AV}::@saao%akk-x-neoass:ina=ina[in//into]PRP'PRP$ina++@saao%akk-x-neoass:ur-kiš=urkiš[later//later]AV'AV$urkiš",
          "links": [
            {
              "type": "link",
              "xlink_title": "ina",
              "xlink_type": "locator",
              "xlink_href": "#P335303.l0436a",
              "xlink_role": "elt"
            },
            {
              "type": "link",
              "xlink_title": "urkiš",
              "xlink_type": "locator",
              "xlink_href": "#P335303.l0436b",
              "xlink_role": "elt"
            }
          ]
        },
        {
          "type": "linkset",
          "xlink_title": "ina matīma[whenever//whenever]XP'XP",
          "id": "P335303.ls00003",
          "xlink_type": "extended",
          "xlink_role": "psu",
          "sig": "{ina[in]PRP matīma[ever]AV += ina matīma[whenever//whenever]XP'XP}::@saao%akk-x-neoass:ina=ina[in//into]PRP'PRP$ina++@saao%akk-x-neoass:ma-te-ma=matīma[ever//ever]AV'AV$matēma",
          "links": [
            {
              "type": "link",
              "xlink_title": "ina",
              "xlink_type": "locator",
              "xlink_href": "#P335303.l0436c",
              "xlink_role": "elt"
            },
            {
              "type": "link",
              "xlink_title": "matīma",
              "xlink_type": "locator",
              "xlink_href": "#P335303.l0436d",
              "xlink_role": "elt"
            }
          ]
        },
        {
          "type": "linkset",
          "xlink_title": "ana ešriāti[tenfold//tenfold]AV'AV",
          "id": "P335303.ls00004",
          "xlink_type": "extended",
          "xlink_role": "psu",
          "sig": "{ana[to]PRP ešriātu[tenfold]AV += ana ešriāti[tenfold//tenfold]AV'AV}::@saao%akk-x-neoass:a-na=ana[to//to]PRP'PRP$ana++@saao%akk-x-neoass:10-MEŠ-te=ešriātu[tenfold//tenfold]AV'AV$ešrāte",
          "links": [
            {
              "type": "link",
              "xlink_title": "ana",
              "xlink_type": "locator",
              "xlink_href": "#P335303.l0437c",
              "xlink_role": "elt"
            },
            {
              "type": "link",
              "xlink_title": "ešriātu",
              "xlink_type": "locator",
              "xlink_href": "#P335303.l0437d",
              "xlink_role": "elt"
            }
          ]
        },
        {
          "type": "linkset",
          "xlink_title": "ina tarṣi[at the time of//at the time of]PRP'PRP",
          "id": "P335303.ls00005",
          "xlink_type": "extended",
          "xlink_role": "psu",
          "sig": "{ina[in]PRP tarṣu[extent]N += ina tarṣi[at the time of//at the time of]PRP'PRP}::@saao%akk-x-neoass:ina=ina[in//into]PRP'PRP$ina++@saao%akk-x-neoass:tar-ṣi=tarṣu[extent//extent]N'N$tarṣi",
          "links": [
            {
              "type": "link",
              "xlink_title": "ina",
              "xlink_type": "locator",
              "xlink_href": "#P335303.l0439c",
              "xlink_role": "elt"
            },
            {
              "type": "link",
              "xlink_title": "tarṣi",
              "xlink_type": "locator",
              "xlink_href": "#P335303.l0439d",
              "xlink_role": "elt"
            }
          ]
        }
      ]
    }
  ]
}
