{
  "type": "cdl",
  "source": "http://oracc.org/saao/saa06",
  "license": "This data is released under the CC0 license",
  "license-url": "https://creativecommons.org/publicdomain/zero/1.0/",
  "more-info": "http://oracc.org/doc/opendata/",
  "UTC-timestamp": "2017-06-10T00:42:21",
  "project": "saao/saa06",
  "textid": "P335992",
  "cdl": [
    {
      "node": "c",
      "type": "text",
      "id": "P335992.U0",
      "cdl": [
        {
          "node": "d",
          "type": "object",
          "ref": ""
        },
        {
          "node": "d",
          "subtype": "obverse",
          "type": "obverse",
          "ref": "P335992.o.1",
          "label": "o"
        },
        {
          "node": "c",
          "type": "discourse",
          "subtype": "body",
          "id": "P335992.U1",
          "cdl": [
            {
              "node": "c",
              "type": "sentence",
              "id": "P335992.U2",
              "label": "o 1 - r 5",
              "cdl": [
                {
                  "node": "d",
                  "type": "line-start",
                  "ref": "P335992.2",
                  "n": "1",
                  "label": "o 1"
                },
                {
                  "node": "l",
                  "frag": "20",
                  "id": "P335992.l01a2f",
                  "ref": "P335992.2.1",
                  "inst": "n",
                  "f": {
                    "lang": "akk-x-neoass",
                    "form": "20",
                    "pos": "n"
                  }
                },
                {
                  "node": "l",
                  "frag": "ANŠE",
                  "id": "P335992.l01a30",
                  "ref": "P335992.2.2",
                  "inst": "imārī[a unit of capacity]N",
                  "exosig": "@saao/saa06%akk-x-neoass:ANŠE=imēru[unit//a unit of capacity]N'N$imārī",
                  "f": {
                    "lang": "akk-x-neoass",
                    "form": "ANŠE",
                    "cf": "imēru",
                    "gw": "unit",
                    "sense": "a unit of capacity",
                    "norm": "imārī",
                    "pos": "N",
                    "epos": "N"
                  }
                },
                {
                  "node": "l",
                  "frag": "{še}PAD-[MEŠ]",
                  "id": "P335992.l01a31",
                  "ref": "P335992.2.3",
                  "inst": "kurummāti[barley (ration)]N",
                  "exosig": "@saao/saa06%akk-x-neoass:{ŠE}PAD-MEŠ=kurummatu[ration//barley (ration)]N'N$kurummāti",
                  "f": {
                    "lang": "akk-x-neoass",
                    "form": "{ŠE}PAD-MEŠ",
                    "cf": "kurummatu",
                    "gw": "ration",
                    "sense": "barley (ration)",
                    "norm": "kurummāti",
                    "pos": "N",
                    "epos": "N"
                  }
                },
                {
                  "node": "d",
                  "type": "line-start",
                  "ref": "P335992.3",
                  "n": "2",
                  "label": "o 2"
                },
                {
                  "node": "l",
                  "frag": "⸢ša⸣",
                  "id": "P335992.l01a32",
                  "ref": "P335992.3.1",
                  "inst": "ša[of]DET",
                  "exosig": "@saao/saa06%akk-x-neoass:ša=ša[of//of]DET'DET$ša",
                  "f": {
                    "lang": "akk-x-neoass",
                    "form": "ša",
                    "cf": "ša",
                    "gw": "of",
                    "sense": "of",
                    "norm": "ša",
                    "pos": "DET",
                    "epos": "DET"
                  }
                },
                {
                  "node": "l",
                  "frag": "{1}ba-[hi-a-ni]",
                  "id": "P335992.l01a33",
                  "ref": "P335992.3.2",
                  "inst": "Bahiani[1]PN",
                  "exosig": "@saao/saa06%akk-x-neoass:{1}ba-hi-a-ni=Bahianu[1//1]PN'PN$Bahiani",
                  "f": {
                    "lang": "akk-x-neoass",
                    "form": "{1}ba-hi-a-ni",
                    "cf": "Bahianu",
                    "gw": "1",
                    "sense": "1",
                    "norm": "Bahiani",
                    "pos": "PN",
                    "epos": "PN"
                  }
                },
                {
                  "node": "d",
                  "type": "line-start",
                  "ref": "P335992.4",
                  "n": "3",
                  "label": "o 3"
                },
                {
                  "node": "c",
                  "type": "phrase",
                  "tag": "phr",
                  "id": "P335992.U4",
                  "ref": "P335992.ls00000",
                  "cdl": [
                    {
                      "node": "l",
                      "frag": "ina",
                      "id": "P335992.l01a34",
                      "ref": "P335992.4.1",
                      "inst": "ina[in+=at the disposal of]PRP",
                      "exosig": "@saao/saa06%akk-x-neoass:ina=ina[in//in]PRP'PRP$ina",
                      "f": {
                        "lang": "akk-x-neoass",
                        "form": "ina",
                        "cf": "ina",
                        "gw": "in",
                        "sense": "in",
                        "norm": "ina",
                        "pos": "PRP",
                        "epos": "PRP"
                      }
                    },
                    {
                      "node": "l",
                      "frag": "IGI",
                      "id": "P335992.l01a35",
                      "ref": "P335992.4.2",
                      "inst": "pān[front]N",
                      "exosig": "@saao/saa06%akk-x-neoass:IGI=pānu[front//front]N'N$pān",
                      "f": {
                        "lang": "akk-x-neoass",
                        "form": "IGI",
                        "cf": "pānu",
                        "gw": "front",
                        "sense": "front",
                        "norm": "pān",
                        "pos": "N",
                        "epos": "N"
                      }
                    }
                  ]
                },
                {
                  "node": "l",
                  "frag": "{1}PAB-[u-a].⸢a⸣",
                  "id": "P335992.l01a36",
                  "ref": "P335992.4.3",
                  "inst": "Ahu-aya[1]PN$",
                  "exosig": "@saao/saa06%akk-x-neoass:{1}PAB-u-a.a=Ahu-aya[1//1]PN'PN$Ahu-aya",
                  "f": {
                    "lang": "akk-x-neoass",
                    "form": "{1}PAB-u-a.a",
                    "cf": "Ahu-aya",
                    "gw": "1",
                    "sense": "1",
                    "norm": "Ahu-aya",
                    "pos": "PN",
                    "epos": "PN"
                  }
                },
                {
                  "node": "d",
                  "type": "nonx",
                  "ref": "P335992.5",
                  "strict": "1",
                  "extent": "n",
                  "scope": "space",
                  "state": "blank"
                },
                {
                  "node": "d",
                  "type": "line-start",
                  "ref": "P335992.6",
                  "n": "4",
                  "label": "o 4"
                },
                {
                  "node": "c",
                  "type": "phrase",
                  "tag": "phr",
                  "id": "P335992.U5",
                  "ref": "P335992.ls00001",
                  "cdl": [
                    {
                      "node": "l",
                      "frag": "ina",
                      "id": "P335992.l01a37",
                      "ref": "P335992.6.1",
                      "inst": "ina[in+=as a loan]PRP",
                      "exosig": "@saao/saa06%akk-x-neoass:ina=ina[in//in]PRP'PRP$ina",
                      "f": {
                        "lang": "akk-x-neoass",
                        "form": "ina",
                        "cf": "ina",
                        "gw": "in",
                        "sense": "in",
                        "norm": "ina",
                        "pos": "PRP",
                        "epos": "PRP"
                      }
                    },
                    {
                      "node": "l",
                      "frag": "pu-u-hi",
                      "id": "P335992.l01a38",
                      "ref": "P335992.6.2",
                      "inst": "pūhi[exchange]N",
                      "exosig": "@saao/saa06%akk-x-neoass:pu-u-hi=pūhu[exchange//exchange]N'N$pūhi",
                      "f": {
                        "lang": "akk-x-neoass",
                        "form": "pu-u-hi",
                        "cf": "pūhu",
                        "gw": "exchange",
                        "sense": "exchange",
                        "norm": "pūhi",
                        "pos": "N",
                        "epos": "N"
                      }
                    }
                  ]
                },
                {
                  "node": "l",
                  "frag": "⸢IL₂⸣-ši",
                  "id": "P335992.l01a39",
                  "ref": "P335992.6.3",
                  "inst": "ittiši[take]V",
                  "exosig": "@saao/saa06%akk-x-neoass:IL₂-ši=našû[lift//take]V'V$ittiši",
                  "f": {
                    "lang": "akk-x-neoass",
                    "form": "IL₂-ši",
                    "cf": "našû",
                    "gw": "lift",
                    "sense": "take",
                    "norm": "ittiši",
                    "pos": "V",
                    "epos": "V"
                  }
                },
                {
                  "node": "d",
                  "type": "line-start",
                  "ref": "P335992.7",
                  "n": "5",
                  "label": "o 5"
                },
                {
                  "node": "l",
                  "frag": "IGI",
                  "id": "P335992.l01a3a",
                  "ref": "P335992.7.1",
                  "inst": "šību[witness]N",
                  "exosig": "@saao/saa06%akk-x-neoass:IGI=šību[witness//witness]N'N$šību",
                  "f": {
                    "lang": "akk-x-neoass",
                    "form": "IGI",
                    "cf": "šību",
                    "gw": "witness",
                    "sense": "witness",
                    "norm": "šību",
                    "pos": "N",
                    "epos": "N"
                  }
                },
                {
                  "node": "l",
                  "frag": "{1}na-⸢na⸣-[a].⸢a⸣",
                  "id": "P335992.l01a3b",
                  "ref": "P335992.7.2",
                  "inst": "Nanaya[1]PN$",
                  "exosig": "@saao/saa06%akk-x-neoass:{1}na-na-a.a=Nanaya[1//1]PN'PN$Nanaya",
                  "f": {
                    "lang": "akk-x-neoass",
                    "form": "{1}na-na-a.a",
                    "cf": "Nanaya",
                    "gw": "1",
                    "sense": "1",
                    "norm": "Nanaya",
                    "pos": "PN",
                    "epos": "PN"
                  }
                },
                {
                  "node": "d",
                  "type": "line-start",
                  "ref": "P335992.8",
                  "n": "6",
                  "label": "o 6"
                },
                {
                  "node": "l",
                  "frag": "IGI",
                  "id": "P335992.l01a3c",
                  "ref": "P335992.8.1",
                  "inst": "šību[witness]N",
                  "exosig": "@saao/saa06%akk-x-neoass:IGI=šību[witness//witness]N'N$šību",
                  "f": {
                    "lang": "akk-x-neoass",
                    "form": "IGI",
                    "cf": "šību",
                    "gw": "witness",
                    "sense": "witness",
                    "norm": "šību",
                    "pos": "N",
                    "epos": "N"
                  }
                },
                {
                  "node": "l",
                  "frag": "{1}{d}PA-⸢u-a⸣",
                  "id": "P335992.l01a3d",
                  "ref": "P335992.8.2",
                  "inst": "Nabuʾa[1]PN",
                  "exosig": "@saao/saa06%akk-x-neoass:{1}{d}PA-u-a=Nabuʾa[1//1]PN'PN$Nabuʾa",
                  "f": {
                    "lang": "akk-x-neoass",
                    "form": "{1}{d}PA-u-a",
                    "cf": "Nabuʾa",
                    "gw": "1",
                    "sense": "1",
                    "norm": "Nabuʾa",
                    "pos": "PN",
                    "epos": "PN"
                  }
                },
                {
                  "node": "d",
                  "type": "line-start",
                  "ref": "P335992.9",
                  "n": "7",
                  "label": "o 7"
                },
                {
                  "node": "c",
                  "type": "phrase",
                  "tag": "phr",
                  "id": "P335992.U6",
                  "ref": "P335992.ls00002",
                  "cdl": [
                    {
                      "node": "l",
                      "frag": "{lu₂v}A-SIG",
                      "id": "P335992.l01a3e",
                      "ref": "P335992.9.1",
                      "cof-tails": "P335992.l01a3f",
                      "inst": "māru[son]N$mār&damqu[good]AJ$damqi",
                      "exosig": "@saao/saa06%akk-x-neoass:{LU₂}A-SIG=māru[son//son]N'N$mār&&@saao%akk-x-neoass:=damqu[good//good]AJ'AJ$damqi",
                      "f": {
                        "lang": "akk-x-neoass",
                        "form": "{LU₂}A-SIG",
                        "cf": "māru",
                        "gw": "son",
                        "sense": "son",
                        "norm": "mār",
                        "pos": "N",
                        "epos": "N"
                      }
                    },
                    {
                      "node": "l",
                      "frag": "{lu₂v}A-SIG",
                      "id": "P335992.l01a3f",
                      "ref": "P335992.9.1",
                      "cof-head": "P335992.l01a3e",
                      "inst": "māru[son]N$mār&damqu[good]AJ$damqi",
                      "tail-sig": "@saao%akk-x-neoass:=damqu[good//good]AJ'AJ$damqi",
                      "f": {
                        "lang": "akk-x-neoass",
                        "form": "{LU₂}A-SIG",
                        "cf": "damqu",
                        "gw": "good",
                        "sense": "good",
                        "norm": "damqi",
                        "pos": "AJ",
                        "epos": "AJ"
                      }
                    }
                  ]
                },
                {
                  "node": "d",
                  "subtype": "reverse",
                  "type": "reverse",
                  "ref": "P335992.r.10",
                  "label": "r"
                },
                {
                  "node": "d",
                  "type": "line-start",
                  "ref": "P335992.11",
                  "n": "1",
                  "label": "r 1"
                },
                {
                  "node": "l",
                  "frag": "⸢a-na⸣",
                  "id": "P335992.l01a40",
                  "ref": "P335992.11.1",
                  "inst": "ana[for]PRP",
                  "exosig": "@saao/saa06%akk-x-neoass:a-na=ana[to//for]PRP'PRP$ana",
                  "f": {
                    "lang": "akk-x-neoass",
                    "form": "a-na",
                    "cf": "ana",
                    "gw": "to",
                    "sense": "for",
                    "norm": "ana",
                    "pos": "PRP",
                    "epos": "PRP"
                  }
                },
                {
                  "node": "l",
                  "frag": "01",
                  "id": "P335992.l01a41",
                  "ref": "P335992.11.2",
                  "inst": "n",
                  "f": {
                    "lang": "akk-x-neoass",
                    "form": "01",
                    "pos": "n"
                  }
                },
                {
                  "node": "d",
                  "frag": ":.",
                  "type": "punct",
                  "ref": "P335992.11.3",
                  "lang": "akk-x-neoass",
                  "gdl_delim": " "
                },
                {
                  "node": "l",
                  "frag": "02",
                  "id": "P335992.l01a42",
                  "ref": "P335992.11.4",
                  "inst": "n",
                  "f": {
                    "lang": "akk-x-neoass",
                    "form": "02",
                    "pos": "n"
                  }
                },
                {
                  "node": "l",
                  "frag": "BAN₂-a.a",
                  "id": "P335992.l01a43",
                  "ref": "P335992.11.5",
                  "inst": "sūtu[unit//a unit of capacity]N$sūtāya",
                  "exosig": "@saao/saa06%akk-x-neoass:BAN₂-a.a=sūtu[unit//a unit of capacity]N'N$sūtāya",
                  "f": {
                    "lang": "akk-x-neoass",
                    "form": "BAN₂-a.a",
                    "cf": "sūtu",
                    "gw": "unit",
                    "sense": "a unit of capacity",
                    "norm": "sūtāya",
                    "pos": "N",
                    "epos": "N"
                  }
                },
                {
                  "node": "d",
                  "type": "line-start",
                  "ref": "P335992.12",
                  "n": "2",
                  "label": "r 2"
                },
                {
                  "node": "l",
                  "frag": "[i-rab]-⸢bi⸣",
                  "id": "P335992.l01a44",
                  "ref": "P335992.12.1",
                  "inst": "irabbi[increase]V",
                  "exosig": "@saao/saa06%akk-x-neoass:i-rab-bi=rabû[to be big//increase]V'V$irabbi",
                  "f": {
                    "lang": "akk-x-neoass",
                    "form": "i-rab-bi",
                    "cf": "rabû",
                    "gw": "to be big",
                    "sense": "increase",
                    "norm": "irabbi",
                    "pos": "V",
                    "epos": "V"
                  }
                },
                {
                  "node": "d",
                  "type": "nonx",
                  "ref": "P335992.13",
                  "strict": "0",
                  "extent": "n",
                  "scope": "line",
                  "state": "blank"
                },
                {
                  "node": "d",
                  "type": "line-start",
                  "ref": "P335992.14",
                  "n": "3",
                  "label": "r 3"
                },
                {
                  "node": "l",
                  "frag": "{[iti}x",
                  "id": "P335992.l01a45",
                  "ref": "P335992.14.1",
                  "inst": "u",
                  "f": {
                    "lang": "akk-x-neoass",
                    "form": "{ITI}x",
                    "pos": "u"
                  }
                },
                {
                  "node": "l",
                  "frag": "UD]",
                  "id": "P335992.l01a46",
                  "ref": "P335992.14.2",
                  "inst": "ūm[day]N",
                  "exosig": "@saao/saa06%akk-x-neoass:UD=ūmu[day//day]N'N$ūm",
                  "f": {
                    "lang": "akk-x-neoass",
                    "form": "UD",
                    "cf": "ūmu",
                    "gw": "day",
                    "sense": "day",
                    "norm": "ūm",
                    "pos": "N",
                    "epos": "N"
                  }
                },
                {
                  "node": "l",
                  "frag": "06-KAM₂",
                  "id": "P335992.l01a47",
                  "ref": "P335992.14.3",
                  "inst": "n",
                  "f": {
                    "lang": "akk-x-neoass",
                    "form": "06-KAM₂",
                    "pos": "n"
                  }
                },
                {
                  "node": "d",
                  "type": "line-start",
                  "ref": "P335992.15",
                  "n": "4",
                  "label": "r 4"
                },
                {
                  "node": "l",
                  "frag": "[lim]-mu",
                  "id": "P335992.l01a48",
                  "ref": "P335992.15.1",
                  "inst": "limmu[eponym (of year)]N",
                  "exosig": "@saao/saa06%akk-x-neoass:lim-mu=līmu[eponym (of year)//eponym (of year)]N'N$limmu",
                  "f": {
                    "lang": "akk-x-neoass",
                    "form": "lim-mu",
                    "cf": "līmu",
                    "gw": "eponym (of year)",
                    "sense": "eponym (of year)",
                    "norm": "limmu",
                    "pos": "N",
                    "epos": "N"
                  }
                },
                {
                  "node": "l",
                  "frag": "{1}AŠ-PAB-MEŠ",
                  "id": "P335992.l01a49",
                  "ref": "P335992.15.2",
                  "inst": "Iddin-ahhe[1]PN",
                  "exosig": "@saao/saa06%akk-x-neoass:{1}AŠ-PAB-MEŠ=Iddin-ahhe[1//1]PN'PN$Iddin-ahhe",
                  "f": {
                    "lang": "akk-x-neoass",
                    "form": "{1}AŠ-PAB-MEŠ",
                    "cf": "Iddin-ahhe",
                    "gw": "1",
                    "sense": "1",
                    "norm": "Iddin-ahhe",
                    "pos": "PN",
                    "epos": "PN"
                  }
                },
                {
                  "node": "d",
                  "type": "line-start",
                  "ref": "P335992.16",
                  "n": "5",
                  "label": "r 5"
                },
                {
                  "node": "c",
                  "type": "phrase",
                  "tag": "phr",
                  "id": "P335992.U7",
                  "ref": "P335992.ls00003",
                  "cdl": [
                    {
                      "node": "l",
                      "frag": "{lu₂v}GAR.KUR",
                      "id": "P335992.l01a4a",
                      "ref": "P335992.16.1",
                      "cof-tails": "P335992.l01a4b",
                      "inst": "šaknu[appointee]N$šakin&mātu[land]N$māti",
                      "exosig": "@saao/saa06%akk-x-neoass:{LU₂}GAR.KUR=šaknu[appointee//appointee]N'N$šakin&&@saao%akk-x-neoass:=mātu[land//land]N'N$māti",
                      "f": {
                        "lang": "akk-x-neoass",
                        "form": "{LU₂}GAR.KUR",
                        "cf": "šaknu",
                        "gw": "appointee",
                        "sense": "appointee",
                        "norm": "šakin",
                        "pos": "N",
                        "epos": "N"
                      }
                    },
                    {
                      "node": "l",
                      "frag": "{lu₂v}GAR.KUR",
                      "id": "P335992.l01a4b",
                      "ref": "P335992.16.1",
                      "cof-head": "P335992.l01a4a",
                      "inst": "šaknu[appointee]N$šakin&mātu[land]N$māti",
                      "tail-sig": "@saao%akk-x-neoass:=mātu[land//land]N'N$māti",
                      "f": {
                        "lang": "akk-x-neoass",
                        "form": "{LU₂}GAR.KUR",
                        "cf": "mātu",
                        "gw": "land",
                        "sense": "land",
                        "norm": "māti",
                        "pos": "N",
                        "epos": "N"
                      }
                    }
                  ]
                },
                {
                  "node": "l",
                  "frag": "{uru}ṣi-me-⸢er⸣",
                  "id": "P335992.l01a4c",
                  "ref": "P335992.16.2",
                  "inst": "Ṣimirra[1]GN$Ṣimer",
                  "exosig": "@saao/saa06%akk-x-neoass:{URU}ṣi-me-er=Ṣimirra[1//1]GN'GN$Ṣimer",
                  "f": {
                    "lang": "akk-x-neoass",
                    "form": "{URU}ṣi-me-er",
                    "cf": "Ṣimirra",
                    "gw": "1",
                    "sense": "1",
                    "norm": "Ṣimer",
                    "pos": "GN",
                    "epos": "GN"
                  }
                }
              ]
            }
          ]
        }
      ]
    },
    {
      "linkbase": [
        {
          "type": "linkset",
          "xlink_title": "ina pān[in the presence of//at the disposal of]PRP'PRP",
          "id": "P335992.ls00000",
          "xlink_type": "extended",
          "xlink_role": "psu",
          "sig": "{ina[in]PRP pānu[front]N += ina pān[in the presence of//at the disposal of]PRP'PRP}::@saao%akk-x-neoass:ina=ina[in//into]PRP'PRP$ina++@saao%akk-x-neoass:IGI=pānu[front//front]N'N$pān",
          "links": [
            {
              "type": "link",
              "xlink_title": "ina",
              "xlink_type": "locator",
              "xlink_href": "#P335992.l01a34",
              "xlink_role": "elt"
            },
            {
              "type": "link",
              "xlink_title": "pān",
              "xlink_type": "locator",
              "xlink_href": "#P335992.l01a35",
              "xlink_role": "elt"
            }
          ]
        },
        {
          "type": "linkset",
          "xlink_title": "ina pūhi[as a loan//as a loan]PRP'PRP",
          "id": "P335992.ls00001",
          "xlink_type": "extended",
          "xlink_role": "psu",
          "sig": "{ina[in]PRP pūhu[exchange]N += ina pūhi[as a loan//as a loan]PRP'PRP}::@saao%akk-x-neoass:ina=ina[in//into]PRP'PRP$ina++@saao%akk-x-neoass:pu-u-hi=pūhu[exchange//exchange]N'N$pūhi",
          "links": [
            {
              "type": "link",
              "xlink_title": "ina",
              "xlink_type": "locator",
              "xlink_href": "#P335992.l01a37",
              "xlink_role": "elt"
            },
            {
              "type": "link",
              "xlink_title": "pūhi",
              "xlink_type": "locator",
              "xlink_href": "#P335992.l01a38",
              "xlink_role": "elt"
            }
          ]
        },
        {
          "type": "linkset",
          "xlink_title": "mār damqi[chariot fighter//chariot fighter]N'N",
          "id": "P335992.ls00002",
          "xlink_type": "extended",
          "xlink_role": "psu",
          "sig": "{māru[son]N damqu[good]AJ += mār damqi[chariot fighter//chariot fighter]N'N}::@saao%akk-x-neoass:A-SIG=māru[son//son]N'N$mār++@saao%akk-x-neoass:A-SIG=damqu[good//good]AJ'AJ$damqi",
          "links": [
            {
              "type": "link",
              "xlink_title": "māru",
              "xlink_type": "locator",
              "xlink_href": "#P335992.l01a3e",
              "xlink_role": "elt"
            },
            {
              "type": "link",
              "xlink_title": "damqu",
              "xlink_type": "locator",
              "xlink_href": "#P335992.l01a3f",
              "xlink_role": "elt"
            }
          ]
        },
        {
          "type": "linkset",
          "xlink_title": "šakin māti[governor//governor]N'N",
          "id": "P335992.ls00003",
          "xlink_type": "extended",
          "xlink_role": "psu",
          "sig": "{šaknu[appointee]N mātu[land]N += šakin māti[governor//governor]N'N}::@saao%akk-x-neoass:GAR.KUR=šaknu[appointee//appointee]N'N$šakin++@saao%akk-x-neoass:GAR.KUR=mātu[land//land]N'N$māti",
          "links": [
            {
              "type": "link",
              "xlink_title": "šaknu",
              "xlink_type": "locator",
              "xlink_href": "#P335992.l01a4a",
              "xlink_role": "elt"
            },
            {
              "type": "link",
              "xlink_title": "mātu",
              "xlink_type": "locator",
              "xlink_href": "#P335992.l01a4b",
              "xlink_role": "elt"
            }
          ]
        }
      ]
    }
  ]
}
