{
  "type": "cdl",
  "source": "http://oracc.org/saao/saa06",
  "license": "This data is released under the CC0 license",
  "license-url": "https://creativecommons.org/publicdomain/zero/1.0/",
  "more-info": "http://oracc.org/doc/opendata/",
  "UTC-timestamp": "2017-06-10T00:42:31",
  "project": "saao/saa06",
  "textid": "P335320",
  "cdl": [
    {
      "node": "c",
      "type": "text",
      "id": "P335320.U0",
      "cdl": [
        {
          "node": "d",
          "type": "object",
          "ref": ""
        },
        {
          "node": "d",
          "subtype": "obverse",
          "type": "obverse",
          "ref": "P335320.o.1",
          "label": "o"
        },
        {
          "node": "d",
          "type": "nonx",
          "ref": "P335320.2",
          "strict": "0",
          "extent": "beginning",
          "state": "missing"
        },
        {
          "node": "d",
          "type": "nonx",
          "ref": "P335320.3",
          "strict": "0",
          "extent": "n",
          "scope": "impression",
          "state": "other"
        },
        {
          "node": "d",
          "type": "nonx",
          "ref": "P335320.4",
          "strict": "1",
          "extent": "n",
          "scope": "line",
          "state": "ruling",
          "flags": "!"
        },
        {
          "node": "c",
          "type": "discourse",
          "subtype": "body",
          "id": "P335320.U1",
          "cdl": [
            {
              "node": "c",
              "type": "sentence",
              "id": "P335320.U2",
              "label": "o 1' - e. 1",
              "cdl": [
                {
                  "node": "d",
                  "type": "line-start",
                  "ref": "P335320.5",
                  "n": "1'",
                  "label": "o 1'"
                },
                {
                  "node": "l",
                  "frag": "E₂",
                  "id": "P335320.l03bab",
                  "ref": "P335320.5.1",
                  "inst": "bētu[plot of land]N",
                  "exosig": "@saao/saa06%akk-x-neoass:E₂=bītu[house//plot of land]N'N$bētu",
                  "f": {
                    "lang": "akk-x-neoass",
                    "form": "E₂",
                    "cf": "bītu",
                    "gw": "house",
                    "sense": "plot of land",
                    "norm": "bētu",
                    "pos": "N",
                    "epos": "N"
                  }
                },
                {
                  "node": "l",
                  "frag": "05",
                  "id": "P335320.l03bac",
                  "ref": "P335320.5.2",
                  "inst": "n",
                  "f": {
                    "lang": "akk-x-neoass",
                    "form": "05",
                    "pos": "n"
                  }
                },
                {
                  "node": "l",
                  "frag": "ANŠE",
                  "id": "P335320.l03bad",
                  "ref": "P335320.5.3",
                  "inst": "imārī[a unit of capacity]N",
                  "exosig": "@saao/saa06%akk-x-neoass:ANŠE=imēru[unit//a unit of capacity]N'N$imārī",
                  "f": {
                    "lang": "akk-x-neoass",
                    "form": "ANŠE",
                    "cf": "imēru",
                    "gw": "unit",
                    "sense": "a unit of capacity",
                    "norm": "imārī",
                    "pos": "N",
                    "epos": "N"
                  }
                },
                {
                  "node": "l",
                  "frag": "A.⸢ŠA₃⸣.[GA",
                  "id": "P335320.l03bae",
                  "ref": "P335320.5.4",
                  "inst": "eqlu[land]N",
                  "exosig": "@saao/saa06%akk-x-neoass:A.ŠA₃.GA=eqlu[field//land]N'N$eqlu",
                  "f": {
                    "lang": "akk-x-neoass",
                    "form": "A.ŠA₃.GA",
                    "cf": "eqlu",
                    "gw": "field",
                    "sense": "land",
                    "norm": "eqlu",
                    "pos": "N",
                    "epos": "N"
                  }
                },
                {
                  "node": "l",
                  "frag": "x",
                  "id": "P335320.l03baf",
                  "ref": "P335320.5.5",
                  "inst": "u",
                  "f": {
                    "lang": "akk-x-neoass",
                    "form": "x",
                    "pos": "u"
                  }
                },
                {
                  "node": "l",
                  "frag": "x",
                  "id": "P335320.l03bb0",
                  "ref": "P335320.5.6",
                  "inst": "u",
                  "f": {
                    "lang": "akk-x-neoass",
                    "form": "x",
                    "pos": "u"
                  }
                },
                {
                  "node": "l",
                  "frag": "x]+⸢x",
                  "id": "P335320.l03bb1",
                  "ref": "P335320.5.7",
                  "inst": "u",
                  "f": {
                    "lang": "akk-x-neoass",
                    "form": "x+x",
                    "pos": "u"
                  }
                },
                {
                  "node": "l",
                  "frag": "a⸣",
                  "id": "P335320.l03bb2",
                  "ref": "P335320.5.8",
                  "inst": "u",
                  "f": {
                    "lang": "akk-x-neoass",
                    "form": "a",
                    "pos": "u"
                  }
                },
                {
                  "node": "d",
                  "type": "line-start",
                  "ref": "P335320.6",
                  "n": "2'",
                  "label": "o 2'"
                },
                {
                  "node": "l",
                  "frag": "SUHUR",
                  "id": "P335320.l03bb3",
                  "ref": "P335320.6.1",
                  "inst": "ṭēhi[adjacent to]PRP",
                  "exosig": "@saao/saa06%akk-x-neoass:SUHUR=ṭāhu[adjacent to//adjacent to]PRP'PRP$ṭēhi",
                  "f": {
                    "lang": "akk-x-neoass",
                    "form": "SUHUR",
                    "cf": "ṭāhu",
                    "gw": "adjacent to",
                    "sense": "adjacent to",
                    "norm": "ṭēhi",
                    "pos": "PRP",
                    "epos": "PRP"
                  }
                },
                {
                  "node": "l",
                  "frag": "ha-⸢x⸣+[x",
                  "id": "P335320.l03bb4",
                  "ref": "P335320.6.2",
                  "inst": "u",
                  "f": {
                    "lang": "akk-x-neoass",
                    "form": "ha-x+x",
                    "pos": "u"
                  }
                },
                {
                  "node": "l",
                  "frag": "x]",
                  "id": "P335320.l03bb5",
                  "ref": "P335320.6.3",
                  "inst": "u",
                  "f": {
                    "lang": "akk-x-neoass",
                    "form": "x",
                    "pos": "u"
                  }
                },
                {
                  "node": "l",
                  "frag": "⸢kam⸣",
                  "id": "P335320.l03bb6",
                  "ref": "P335320.6.4",
                  "inst": "u",
                  "f": {
                    "lang": "akk-x-neoass",
                    "form": "kam",
                    "pos": "u"
                  }
                },
                {
                  "node": "l",
                  "frag": "[x",
                  "id": "P335320.l03bb7",
                  "ref": "P335320.6.5",
                  "inst": "u",
                  "f": {
                    "lang": "akk-x-neoass",
                    "form": "x",
                    "pos": "u"
                  }
                },
                {
                  "node": "l",
                  "frag": "x",
                  "id": "P335320.l03bb8",
                  "ref": "P335320.6.6",
                  "inst": "u",
                  "f": {
                    "lang": "akk-x-neoass",
                    "form": "x",
                    "pos": "u"
                  }
                },
                {
                  "node": "l",
                  "frag": "x]-mar",
                  "id": "P335320.l03bb9",
                  "ref": "P335320.6.7",
                  "inst": "u",
                  "f": {
                    "lang": "akk-x-neoass",
                    "form": "x-mar",
                    "pos": "u"
                  }
                },
                {
                  "node": "d",
                  "type": "line-start",
                  "ref": "P335320.7",
                  "n": "3'",
                  "label": "o 3'"
                },
                {
                  "node": "l",
                  "frag": "SUHUR",
                  "id": "P335320.l03bba",
                  "ref": "P335320.7.1",
                  "inst": "ṭēhi[adjacent to]PRP",
                  "exosig": "@saao/saa06%akk-x-neoass:SUHUR=ṭāhu[adjacent to//adjacent to]PRP'PRP$ṭēhi",
                  "f": {
                    "lang": "akk-x-neoass",
                    "form": "SUHUR",
                    "cf": "ṭāhu",
                    "gw": "adjacent to",
                    "sense": "adjacent to",
                    "norm": "ṭēhi",
                    "pos": "PRP",
                    "epos": "PRP"
                  }
                },
                {
                  "node": "l",
                  "frag": "⸢na⸣-hal-li",
                  "id": "P335320.l03bbb",
                  "ref": "P335320.7.2",
                  "inst": "nahallu[stream//wadi]N$nahalli",
                  "exosig": "@saao/saa06%akk-x-neoass:na-hal-li=nahallu[stream//wadi]N'N$nahalli",
                  "f": {
                    "lang": "akk-x-neoass",
                    "form": "na-hal-li",
                    "cf": "nahallu",
                    "gw": "stream",
                    "sense": "wadi",
                    "norm": "nahalli",
                    "pos": "N",
                    "epos": "N"
                  }
                },
                {
                  "node": "l",
                  "frag": "⸢dan⸣-[ni",
                  "id": "P335320.l03bbc",
                  "ref": "P335320.7.3",
                  "inst": "danni[strong]AJ",
                  "exosig": "@saao/saa06%akk-x-neoass:dan-ni=dannu[strong//strong]AJ'AJ$danni",
                  "f": {
                    "lang": "akk-x-neoass",
                    "form": "dan-ni",
                    "cf": "dannu",
                    "gw": "strong",
                    "sense": "strong",
                    "norm": "danni",
                    "pos": "AJ",
                    "epos": "AJ"
                  }
                },
                {
                  "node": "l",
                  "frag": "x",
                  "id": "P335320.l03bbd",
                  "ref": "P335320.7.4",
                  "inst": "u",
                  "f": {
                    "lang": "akk-x-neoass",
                    "form": "x",
                    "pos": "u"
                  }
                },
                {
                  "node": "l",
                  "frag": "x",
                  "id": "P335320.l03bbe",
                  "ref": "P335320.7.5",
                  "inst": "u",
                  "f": {
                    "lang": "akk-x-neoass",
                    "form": "x",
                    "pos": "u"
                  }
                },
                {
                  "node": "l",
                  "frag": "x]",
                  "id": "P335320.l03bbf",
                  "ref": "P335320.7.6",
                  "inst": "u",
                  "f": {
                    "lang": "akk-x-neoass",
                    "form": "x",
                    "pos": "u"
                  }
                },
                {
                  "node": "d",
                  "type": "line-start",
                  "ref": "P335320.8",
                  "n": "4'",
                  "label": "o 4'"
                },
                {
                  "node": "l",
                  "frag": "SUHUR",
                  "id": "P335320.l03bc0",
                  "ref": "P335320.8.1",
                  "inst": "ṭēhi[adjacent to]PRP",
                  "exosig": "@saao/saa06%akk-x-neoass:SUHUR=ṭāhu[adjacent to//adjacent to]PRP'PRP$ṭēhi",
                  "f": {
                    "lang": "akk-x-neoass",
                    "form": "SUHUR",
                    "cf": "ṭāhu",
                    "gw": "adjacent to",
                    "sense": "adjacent to",
                    "norm": "ṭēhi",
                    "pos": "PRP",
                    "epos": "PRP"
                  }
                },
                {
                  "node": "l",
                  "frag": "KASKAL",
                  "id": "P335320.l03bc1",
                  "ref": "P335320.8.2",
                  "inst": "hūli[road]N",
                  "exosig": "@saao/saa06%akk-x-neoass:KASKAL=hūlu[way//road]N'N$hūli",
                  "f": {
                    "lang": "akk-x-neoass",
                    "form": "KASKAL",
                    "cf": "hūlu",
                    "gw": "way",
                    "sense": "road",
                    "norm": "hūli",
                    "pos": "N",
                    "epos": "N"
                  }
                },
                {
                  "node": "l",
                  "frag": "ša",
                  "id": "P335320.l03bc2",
                  "ref": "P335320.8.3",
                  "inst": "ša[that]REL",
                  "exosig": "@saao/saa06%akk-x-neoass:ša=ša[that//that]REL'REL$ša",
                  "f": {
                    "lang": "akk-x-neoass",
                    "form": "ša",
                    "cf": "ša",
                    "gw": "that",
                    "sense": "that",
                    "norm": "ša",
                    "pos": "REL",
                    "epos": "REL"
                  }
                },
                {
                  "node": "l",
                  "frag": "[a-na]",
                  "id": "P335320.l03bc3",
                  "ref": "P335320.8.4",
                  "inst": "ana[to]PRP",
                  "exosig": "@saao/saa06%akk-x-neoass:a-na=ana[to//to]PRP'PRP$ana",
                  "f": {
                    "lang": "akk-x-neoass",
                    "form": "a-na",
                    "cf": "ana",
                    "gw": "to",
                    "sense": "to",
                    "norm": "ana",
                    "pos": "PRP",
                    "epos": "PRP"
                  }
                },
                {
                  "node": "l",
                  "frag": "{uru}⸢x-hu-u₂⸣-te",
                  "id": "P335320.l03bc4",
                  "ref": "P335320.8.5",
                  "inst": "u",
                  "f": {
                    "lang": "akk-x-neoass",
                    "form": "{URU}x-hu-u₂-te",
                    "pos": "u"
                  }
                },
                {
                  "node": "d",
                  "type": "line-start",
                  "ref": "P335320.9",
                  "n": "5'",
                  "label": "o 5'"
                },
                {
                  "node": "l",
                  "frag": "DU-u-ni",
                  "id": "P335320.l03bc5",
                  "ref": "P335320.9.1",
                  "inst": "alāku[go//lead]V$illakūni",
                  "exosig": "@saao/saa06%akk-x-neoass:DU-u-ni=alāku[go//lead]V'V$illakūni",
                  "f": {
                    "lang": "akk-x-neoass",
                    "form": "DU-u-ni",
                    "cf": "alāku",
                    "gw": "go",
                    "sense": "lead",
                    "norm": "illakūni",
                    "pos": "V",
                    "epos": "V"
                  }
                },
                {
                  "node": "l",
                  "frag": "[x]+⸢x",
                  "id": "P335320.l03bc6",
                  "ref": "P335320.9.2",
                  "inst": "u",
                  "f": {
                    "lang": "akk-x-neoass",
                    "form": "x+x",
                    "pos": "u"
                  }
                },
                {
                  "node": "l",
                  "frag": "x",
                  "id": "P335320.l03bc7",
                  "ref": "P335320.9.3",
                  "inst": "u",
                  "f": {
                    "lang": "akk-x-neoass",
                    "form": "x",
                    "pos": "u"
                  }
                },
                {
                  "node": "l",
                  "frag": "x",
                  "id": "P335320.l03bc8",
                  "ref": "P335320.9.4",
                  "inst": "u",
                  "f": {
                    "lang": "akk-x-neoass",
                    "form": "x",
                    "pos": "u"
                  }
                },
                {
                  "node": "l",
                  "frag": "x⸣+[x]+⸢x⸣",
                  "id": "P335320.l03bc9",
                  "ref": "P335320.9.5",
                  "inst": "u",
                  "f": {
                    "lang": "akk-x-neoass",
                    "form": "x+x+x",
                    "pos": "u"
                  }
                },
                {
                  "node": "l",
                  "frag": "A.ŠA₃.GA",
                  "id": "P335320.l03bca",
                  "ref": "P335320.9.6",
                  "inst": "eqlu[land]N",
                  "exosig": "@saao/saa06%akk-x-neoass:A.ŠA₃.GA=eqlu[field//land]N'N$eqlu",
                  "f": {
                    "lang": "akk-x-neoass",
                    "form": "A.ŠA₃.GA",
                    "cf": "eqlu",
                    "gw": "field",
                    "sense": "land",
                    "norm": "eqlu",
                    "pos": "N",
                    "epos": "N"
                  }
                },
                {
                  "node": "d",
                  "type": "line-start",
                  "ref": "P335320.10",
                  "n": "6'",
                  "label": "o 6'"
                },
                {
                  "node": "l",
                  "frag": "SUHUR",
                  "id": "P335320.l03bcb",
                  "ref": "P335320.10.1",
                  "inst": "ṭēhi[adjacent to]PRP",
                  "exosig": "@saao/saa06%akk-x-neoass:SUHUR=ṭāhu[adjacent to//adjacent to]PRP'PRP$ṭēhi",
                  "f": {
                    "lang": "akk-x-neoass",
                    "form": "SUHUR",
                    "cf": "ṭāhu",
                    "gw": "adjacent to",
                    "sense": "adjacent to",
                    "norm": "ṭēhi",
                    "pos": "PRP",
                    "epos": "PRP"
                  }
                },
                {
                  "node": "l",
                  "frag": "⸢E₂⸣",
                  "id": "P335320.l03bcc",
                  "ref": "P335320.10.2",
                  "inst": "bēti[house]N",
                  "sig": "@saao%akk-x-neoass:E₂=bītu[house//house]N'N$bēti",
                  "f": {
                    "lang": "akk-x-neoass",
                    "form": "E₂",
                    "cf": "bītu",
                    "gw": "house",
                    "sense": "house",
                    "norm": "bēti",
                    "pos": "N",
                    "epos": "N"
                  }
                },
                {
                  "node": "l",
                  "frag": "{1}za-⸢ba-a⸣.a",
                  "id": "P335320.l03bcd",
                  "ref": "P335320.10.3",
                  "inst": "Zabaya[1]PN",
                  "exosig": "@saao/saa06%akk-x-neoass:{1}za-ba-a.a=Zabaya[1//1]PN'PN$Zabaya",
                  "f": {
                    "lang": "akk-x-neoass",
                    "form": "{1}za-ba-a.a",
                    "cf": "Zabaya",
                    "gw": "1",
                    "sense": "1",
                    "norm": "Zabaya",
                    "pos": "PN",
                    "epos": "PN"
                  }
                },
                {
                  "node": "d",
                  "type": "line-start",
                  "ref": "P335320.11",
                  "n": "7'",
                  "label": "o 7'"
                },
                {
                  "node": "l",
                  "frag": "SUHUR",
                  "id": "P335320.l03bce",
                  "ref": "P335320.11.1",
                  "inst": "ṭēhi[adjacent to]PRP",
                  "exosig": "@saao/saa06%akk-x-neoass:SUHUR=ṭāhu[adjacent to//adjacent to]PRP'PRP$ṭēhi",
                  "f": {
                    "lang": "akk-x-neoass",
                    "form": "SUHUR",
                    "cf": "ṭāhu",
                    "gw": "adjacent to",
                    "sense": "adjacent to",
                    "norm": "ṭēhi",
                    "pos": "PRP",
                    "epos": "PRP"
                  }
                },
                {
                  "node": "l",
                  "frag": "E₂",
                  "id": "P335320.l03bcf",
                  "ref": "P335320.11.2",
                  "inst": "bēti[house]N",
                  "sig": "@saao%akk-x-neoass:E₂=bītu[house//house]N'N$bēti",
                  "f": {
                    "lang": "akk-x-neoass",
                    "form": "E₂",
                    "cf": "bītu",
                    "gw": "house",
                    "sense": "house",
                    "norm": "bēti",
                    "pos": "N",
                    "epos": "N"
                  }
                },
                {
                  "node": "l",
                  "frag": "{1}⸢qi⸣-di-ni",
                  "id": "P335320.l03bd0",
                  "ref": "P335320.11.3",
                  "inst": "Kidinni[1]PN$",
                  "exosig": "@saao/saa06%akk-x-neoass:{1}qi-di-ni=Kidinni[1//1]PN'PN$Kidinni",
                  "f": {
                    "lang": "akk-x-neoass",
                    "form": "{1}qi-di-ni",
                    "cf": "Kidinni",
                    "gw": "1",
                    "sense": "1",
                    "norm": "Kidinni",
                    "pos": "PN",
                    "epos": "PN"
                  }
                },
                {
                  "node": "d",
                  "type": "line-start",
                  "ref": "P335320.12",
                  "n": "8'",
                  "label": "o 8'"
                },
                {
                  "node": "l",
                  "frag": "an-nu-u-te",
                  "id": "P335320.l03bd1",
                  "ref": "P335320.12.1",
                  "inst": "annūte[this]DP",
                  "exosig": "@saao/saa06%akk-x-neoass:an-nu-u-te=annû[this//this]DP'DP$annūte",
                  "f": {
                    "lang": "akk-x-neoass",
                    "form": "an-nu-u-te",
                    "cf": "annû",
                    "gw": "this",
                    "sense": "this",
                    "norm": "annūte",
                    "pos": "DP",
                    "epos": "DP"
                  }
                },
                {
                  "node": "l",
                  "frag": "SUHUR-MEŠ",
                  "id": "P335320.l03bd2",
                  "ref": "P335320.12.2",
                  "inst": "ṭēhu[immediate vicinity]N$ṭēhāti",
                  "exosig": "@saao/saa06%akk-x-neoass:SUHUR-MEŠ=ṭēhu[immediate vicinity//immediate vicinity]N'N$ṭēhāti",
                  "f": {
                    "lang": "akk-x-neoass",
                    "form": "SUHUR-MEŠ",
                    "cf": "ṭēhu",
                    "gw": "immediate vicinity",
                    "sense": "immediate vicinity",
                    "norm": "ṭēhāti",
                    "pos": "N",
                    "epos": "N"
                  }
                },
                {
                  "node": "l",
                  "frag": "ša",
                  "id": "P335320.l03bd3",
                  "ref": "P335320.12.3",
                  "inst": "ša[of]DET",
                  "exosig": "@saao/saa06%akk-x-neoass:ša=ša[of//of]DET'DET$ša",
                  "f": {
                    "lang": "akk-x-neoass",
                    "form": "ša",
                    "cf": "ša",
                    "gw": "of",
                    "sense": "of",
                    "norm": "ša",
                    "pos": "DET",
                    "epos": "DET"
                  }
                },
                {
                  "node": "l",
                  "frag": "E₂",
                  "id": "P335320.l03bd4",
                  "ref": "P335320.12.4",
                  "inst": "bēti[house]N",
                  "sig": "@saao%akk-x-neoass:E₂=bītu[house//house]N'N$bēti",
                  "f": {
                    "lang": "akk-x-neoass",
                    "form": "E₂",
                    "cf": "bītu",
                    "gw": "house",
                    "sense": "house",
                    "norm": "bēti",
                    "pos": "N",
                    "epos": "N"
                  }
                },
                {
                  "node": "d",
                  "type": "line-start",
                  "ref": "P335320.13",
                  "n": "9'",
                  "label": "o 9'"
                },
                {
                  "node": "l",
                  "frag": "u₂-piš-ma",
                  "id": "P335320.l03bd5",
                  "ref": "P335320.13.1",
                  "inst": "uppišma[contract]V",
                  "exosig": "@saao/saa06%akk-x-neoass:u₂-piš-ma=epēšu[do//contract]V'V$uppišma",
                  "f": {
                    "lang": "akk-x-neoass",
                    "form": "u₂-piš-ma",
                    "cf": "epēšu",
                    "gw": "do",
                    "sense": "contract",
                    "norm": "uppišma",
                    "pos": "V",
                    "epos": "V"
                  }
                },
                {
                  "node": "l",
                  "frag": "{1}mu-⸢šal⸣-lim-DINGIR",
                  "id": "P335320.l03bd6",
                  "ref": "P335320.13.2",
                  "inst": "Mušallim-ilu[1]PN$",
                  "exosig": "@saao/saa06%akk-x-neoass:{1}mu-šal-lim-DINGIR=Mušallim-ilu[1//1]PN'PN$Mušallim-ilu",
                  "f": {
                    "lang": "akk-x-neoass",
                    "form": "{1}mu-šal-lim-DINGIR",
                    "cf": "Mušallim-ilu",
                    "gw": "1",
                    "sense": "1",
                    "norm": "Mušallim-ilu",
                    "pos": "PN",
                    "epos": "PN"
                  }
                },
                {
                  "node": "d",
                  "type": "line-start",
                  "ref": "P335320.14",
                  "n": "10'",
                  "label": "o 10'"
                },
                {
                  "node": "c",
                  "type": "phrase",
                  "tag": "phr",
                  "id": "P335320.U4",
                  "ref": "P335320.ls00000",
                  "cdl": [
                    {
                      "node": "l",
                      "frag": "[ina",
                      "id": "P335320.l03bd7",
                      "ref": "P335320.14.1",
                      "inst": "ina[in+=for]PRP",
                      "exosig": "@saao/saa06%akk-x-neoass:ina=ina[in//in]PRP'PRP$ina",
                      "f": {
                        "lang": "akk-x-neoass",
                        "form": "ina",
                        "cf": "ina",
                        "gw": "in",
                        "sense": "in",
                        "norm": "ina",
                        "pos": "PRP",
                        "epos": "PRP"
                      }
                    },
                    {
                      "node": "l",
                      "frag": "ŠA₃]-bi",
                      "id": "P335320.l03bd8",
                      "ref": "P335320.14.2",
                      "inst": "libbi[interior]N",
                      "exosig": "@saao/saa06%akk-x-neoass:ŠA₃-bi=libbu[interior//interior]N'N$libbi",
                      "f": {
                        "lang": "akk-x-neoass",
                        "form": "ŠA₃-bi",
                        "cf": "libbu",
                        "gw": "interior",
                        "sense": "interior",
                        "norm": "libbi",
                        "pos": "N",
                        "epos": "N"
                      }
                    }
                  ]
                },
                {
                  "node": "l",
                  "frag": "20",
                  "id": "P335320.l03bd9",
                  "ref": "P335320.14.3",
                  "inst": "n",
                  "f": {
                    "lang": "akk-x-neoass",
                    "form": "20",
                    "pos": "n"
                  }
                },
                {
                  "node": "l",
                  "frag": "MA.NA",
                  "id": "P335320.l03bda",
                  "ref": "P335320.14.4",
                  "inst": "manê[a unit of weight]N",
                  "exosig": "@saao/saa06%akk-x-neoass:MA.NA=manû[unit//a unit of weight]N'N$manê",
                  "f": {
                    "lang": "akk-x-neoass",
                    "form": "MA.NA",
                    "cf": "manû",
                    "gw": "unit",
                    "sense": "a unit of weight",
                    "norm": "manê",
                    "pos": "N",
                    "epos": "N"
                  }
                },
                {
                  "node": "l",
                  "frag": "URUDU-MEŠ",
                  "id": "P335320.l03bdb",
                  "ref": "P335320.14.5",
                  "inst": "erû[copper]N$erî",
                  "exosig": "@saao/saa06%akk-x-neoass:URUDU-MEŠ=erû[copper//copper]N'N$erî",
                  "f": {
                    "lang": "akk-x-neoass",
                    "form": "URUDU-MEŠ",
                    "cf": "erû",
                    "gw": "copper",
                    "sense": "copper",
                    "norm": "erî",
                    "pos": "N",
                    "epos": "N"
                  }
                },
                {
                  "node": "d",
                  "type": "line-start",
                  "ref": "P335320.15",
                  "n": "11'",
                  "label": "o 11'"
                },
                {
                  "node": "l",
                  "frag": "[ina]",
                  "id": "P335320.l03bdc",
                  "ref": "P335320.15.1",
                  "inst": "ina[by]PRP",
                  "exosig": "@saao/saa06%akk-x-neoass:ina=ina[in//by]PRP'PRP$ina",
                  "f": {
                    "lang": "akk-x-neoass",
                    "form": "ina",
                    "cf": "ina",
                    "gw": "in",
                    "sense": "by",
                    "norm": "ina",
                    "pos": "PRP",
                    "epos": "PRP"
                  }
                },
                {
                  "node": "l",
                  "frag": "MA.NA-e",
                  "id": "P335320.l03bdd",
                  "ref": "P335320.15.2",
                  "inst": "manê[a unit of weight]N",
                  "exosig": "@saao/saa06%akk-x-neoass:MA.NA-e=manû[unit//a unit of weight]N'N$manê",
                  "f": {
                    "lang": "akk-x-neoass",
                    "form": "MA.NA-e",
                    "cf": "manû",
                    "gw": "unit",
                    "sense": "a unit of weight",
                    "norm": "manê",
                    "pos": "N",
                    "epos": "N"
                  }
                },
                {
                  "node": "l",
                  "frag": "ša",
                  "id": "P335320.l03bde",
                  "ref": "P335320.15.3",
                  "inst": "ša[of]DET",
                  "exosig": "@saao/saa06%akk-x-neoass:ša=ša[of//of]DET'DET$ša",
                  "f": {
                    "lang": "akk-x-neoass",
                    "form": "ša",
                    "cf": "ša",
                    "gw": "of",
                    "sense": "of",
                    "norm": "ša",
                    "pos": "DET",
                    "epos": "DET"
                  }
                },
                {
                  "node": "l",
                  "frag": "KUR-e",
                  "id": "P335320.l03bdf",
                  "ref": "P335320.15.4",
                  "inst": "šadê[mountain]N",
                  "exosig": "@saao/saa06%akk-x-neoass:KUR-e=šadû[mountain//mountain]N'N$šadê",
                  "f": {
                    "lang": "akk-x-neoass",
                    "form": "KUR-e",
                    "cf": "šadû",
                    "gw": "mountain",
                    "sense": "mountain",
                    "norm": "šadê",
                    "pos": "N",
                    "epos": "N"
                  }
                },
                {
                  "node": "l",
                  "frag": "o",
                  "id": "P335320.l03be0",
                  "ref": "P335320.15.5",
                  "inst": "u",
                  "f": {
                    "lang": "akk-x-neoass",
                    "form": "o",
                    "pos": "u"
                  }
                },
                {
                  "node": "d",
                  "subtype": "bottom",
                  "type": "bottom",
                  "ref": "P335320.b.e..16",
                  "label": "b.e."
                },
                {
                  "node": "d",
                  "type": "nonx",
                  "ref": "P335320.17",
                  "strict": "0",
                  "state": "other"
                },
                {
                  "node": "d",
                  "subtype": "reverse",
                  "type": "reverse",
                  "ref": "P335320.r.18",
                  "label": "r"
                },
                {
                  "node": "d",
                  "type": "line-start",
                  "ref": "P335320.19",
                  "n": "1",
                  "label": "r 1"
                },
                {
                  "node": "l",
                  "frag": "kas-pu",
                  "id": "P335320.l03be1",
                  "ref": "P335320.19.1",
                  "inst": "kaspu[money]N",
                  "exosig": "@saao/saa06%akk-x-neoass:kas-pu=kaspu[silver//money]N'N$kaspu",
                  "f": {
                    "lang": "akk-x-neoass",
                    "form": "kas-pu",
                    "cf": "kaspu",
                    "gw": "silver",
                    "sense": "money",
                    "norm": "kaspu",
                    "pos": "N",
                    "epos": "N"
                  }
                },
                {
                  "node": "l",
                  "frag": "ga-mur",
                  "id": "P335320.l03be2",
                  "ref": "P335320.19.2",
                  "inst": "gammur[completed]AJ",
                  "exosig": "@saao/saa06%akk-x-neoass:ga-mur=gammuru[finished//completed]AJ'AJ$gammur",
                  "f": {
                    "lang": "akk-x-neoass",
                    "form": "ga-mur",
                    "cf": "gammuru",
                    "gw": "finished",
                    "sense": "completed",
                    "norm": "gammur",
                    "pos": "AJ",
                    "epos": "AJ"
                  }
                },
                {
                  "node": "l",
                  "frag": "ta-din",
                  "id": "P335320.l03be3",
                  "ref": "P335320.19.3",
                  "inst": "tadin[paid]AJ",
                  "exosig": "@saao/saa06%akk-x-neoass:ta-din=tadnu[given//paid]AJ'AJ$tadin",
                  "f": {
                    "lang": "akk-x-neoass",
                    "form": "ta-din",
                    "cf": "tadnu",
                    "gw": "given",
                    "sense": "paid",
                    "norm": "tadin",
                    "pos": "AJ",
                    "epos": "AJ"
                  }
                },
                {
                  "node": "d",
                  "type": "line-start",
                  "ref": "P335320.20",
                  "n": "2",
                  "label": "r 2"
                },
                {
                  "node": "l",
                  "frag": "E₂",
                  "id": "P335320.l03be4",
                  "ref": "P335320.20.1",
                  "inst": "bētu[house]N",
                  "exosig": "@saao/saa06%akk-x-neoass:E₂=bītu[house//house]N'N$bētu",
                  "f": {
                    "lang": "akk-x-neoass",
                    "form": "E₂",
                    "cf": "bītu",
                    "gw": "house",
                    "sense": "house",
                    "norm": "bētu",
                    "pos": "N",
                    "epos": "N"
                  }
                },
                {
                  "node": "l",
                  "frag": "A.ŠA₃.GA",
                  "id": "P335320.l03be5",
                  "ref": "P335320.20.2",
                  "inst": "eqlu[land]N",
                  "exosig": "@saao/saa06%akk-x-neoass:A.ŠA₃.GA=eqlu[field//land]N'N$eqlu",
                  "f": {
                    "lang": "akk-x-neoass",
                    "form": "A.ŠA₃.GA",
                    "cf": "eqlu",
                    "gw": "field",
                    "sense": "land",
                    "norm": "eqlu",
                    "pos": "N",
                    "epos": "N"
                  }
                },
                {
                  "node": "l",
                  "frag": "⸢šu⸣-a-te",
                  "id": "P335320.l03be6",
                  "ref": "P335320.20.3",
                  "inst": "šuāti[him//that]IP'DP$šuāte",
                  "exosig": "@saao/saa06%akk-x-neoass:šu-a-te=šuāti[him//that]IP'DP$šuāte",
                  "f": {
                    "lang": "akk-x-neoass",
                    "form": "šu-a-te",
                    "cf": "šuāti",
                    "gw": "him",
                    "sense": "that",
                    "norm": "šuāte",
                    "pos": "IP",
                    "epos": "DP"
                  }
                },
                {
                  "node": "l",
                  "frag": "za-⸢ri-ip⸣",
                  "id": "P335320.l03be7",
                  "ref": "P335320.20.4",
                  "inst": "zarip[purchased]AJ",
                  "exosig": "@saao/saa06%akk-x-neoass:za-ri-ip=zarpu[purchased//purchased]AJ'AJ$zarip",
                  "f": {
                    "lang": "akk-x-neoass",
                    "form": "za-ri-ip",
                    "cf": "zarpu",
                    "gw": "purchased",
                    "sense": "purchased",
                    "norm": "zarip",
                    "pos": "AJ",
                    "epos": "AJ"
                  }
                },
                {
                  "node": "d",
                  "type": "line-start",
                  "ref": "P335320.21",
                  "n": "3",
                  "label": "r 3"
                },
                {
                  "node": "l",
                  "frag": "la-qi",
                  "id": "P335320.l03be8",
                  "ref": "P335320.21.1",
                  "inst": "laqi[acquired]AJ",
                  "exosig": "@saao/saa06%akk-x-neoass:la-qi=leqû[taken//acquired]AJ'AJ$laqi",
                  "f": {
                    "lang": "akk-x-neoass",
                    "form": "la-qi",
                    "cf": "leqû",
                    "gw": "taken",
                    "sense": "acquired",
                    "norm": "laqi",
                    "pos": "AJ",
                    "epos": "AJ"
                  }
                },
                {
                  "node": "l",
                  "frag": "man-nu",
                  "id": "P335320.l03be9",
                  "ref": "P335320.21.2",
                  "inst": "mannu[whoever]'XP",
                  "exosig": "@saao/saa06%akk-x-neoass:man-nu=mannu[who?//whoever]QP'XP$mannu",
                  "f": {
                    "lang": "akk-x-neoass",
                    "form": "man-nu",
                    "cf": "mannu",
                    "gw": "who?",
                    "sense": "whoever",
                    "norm": "mannu",
                    "pos": "QP",
                    "epos": "XP"
                  }
                },
                {
                  "node": "l",
                  "frag": "ša",
                  "id": "P335320.l03bea",
                  "ref": "P335320.21.3",
                  "inst": "ša[that]REL",
                  "exosig": "@saao/saa06%akk-x-neoass:ša=ša[that//that]REL'REL$ša",
                  "f": {
                    "lang": "akk-x-neoass",
                    "form": "ša",
                    "cf": "ša",
                    "gw": "that",
                    "sense": "that",
                    "norm": "ša",
                    "pos": "REL",
                    "epos": "REL"
                  }
                },
                {
                  "node": "l",
                  "frag": "o",
                  "id": "P335320.l03beb",
                  "ref": "P335320.21.4",
                  "inst": "u",
                  "f": {
                    "lang": "akk-x-neoass",
                    "form": "o",
                    "pos": "u"
                  }
                },
                {
                  "node": "l",
                  "frag": "ur-kiš",
                  "id": "P335320.l03bec",
                  "ref": "P335320.21.5",
                  "inst": "urkiš[later]AV",
                  "exosig": "@saao/saa06%akk-x-neoass:ur-kiš=urkiš[later//later]AV'AV$urkiš",
                  "f": {
                    "lang": "akk-x-neoass",
                    "form": "ur-kiš",
                    "cf": "urkiš",
                    "gw": "later",
                    "sense": "later",
                    "norm": "urkiš",
                    "pos": "AV",
                    "epos": "AV"
                  }
                },
                {
                  "node": "d",
                  "type": "line-start",
                  "ref": "P335320.22",
                  "n": "4",
                  "label": "r 4"
                },
                {
                  "node": "c",
                  "type": "phrase",
                  "tag": "phr",
                  "id": "P335320.U5",
                  "ref": "P335320.ls00001",
                  "cdl": [
                    {
                      "node": "l",
                      "frag": "ina",
                      "id": "P335320.l03bed",
                      "ref": "P335320.22.1",
                      "inst": "ina[in+=whenever]PRP$",
                      "exosig": "@saao/saa06%akk-x-neoass:ina=ina[in//in]PRP'PRP$ina",
                      "f": {
                        "lang": "akk-x-neoass",
                        "form": "ina",
                        "cf": "ina",
                        "gw": "in",
                        "sense": "in",
                        "norm": "ina",
                        "pos": "PRP",
                        "epos": "PRP"
                      }
                    },
                    {
                      "node": "l",
                      "frag": "ma-a-te-ma",
                      "id": "P335320.l03bee",
                      "ref": "P335320.22.2",
                      "inst": "matīma[ever]AV$matēma",
                      "exosig": "@saao/saa06%akk-x-neoass:ma-a-te-ma=matīma[ever//ever]AV'AV$matēma",
                      "f": {
                        "lang": "akk-x-neoass",
                        "form": "ma-a-te-ma",
                        "cf": "matīma",
                        "gw": "ever",
                        "sense": "ever",
                        "norm": "matēma",
                        "pos": "AV",
                        "epos": "AV"
                      }
                    }
                  ]
                },
                {
                  "node": "l",
                  "frag": "i-bal-kat₃-u-ni",
                  "id": "P335320.l03bef",
                  "ref": "P335320.22.3",
                  "inst": "nabalkutu[cross over//transgress]V$ibbalkatūni",
                  "exosig": "@saao/saa06%akk-x-neoass:i-bal-kat₃-u-ni=nabalkutu[cross over//transgress]V'V$ibbalkatūni",
                  "f": {
                    "lang": "akk-x-neoass",
                    "form": "i-bal-kat₃-u-ni",
                    "cf": "nabalkutu",
                    "gw": "cross over",
                    "sense": "transgress",
                    "norm": "ibbalkatūni",
                    "pos": "V",
                    "epos": "V"
                  }
                },
                {
                  "node": "d",
                  "type": "line-start",
                  "ref": "P335320.23",
                  "n": "5",
                  "label": "r 5"
                },
                {
                  "node": "l",
                  "frag": "lu-u",
                  "id": "P335320.l03bf0",
                  "ref": "P335320.23.1",
                  "inst": "lū[may]MOD",
                  "exosig": "@saao/saa06%akk-x-neoass:lu-u=lū[may//may]MOD'MOD$lū",
                  "f": {
                    "lang": "akk-x-neoass",
                    "form": "lu-u",
                    "cf": "lū",
                    "gw": "may",
                    "sense": "may",
                    "norm": "lū",
                    "pos": "MOD",
                    "epos": "MOD"
                  }
                },
                {
                  "node": "l",
                  "frag": "{1}za-ba-a.a-u",
                  "id": "P335320.l03bf1",
                  "ref": "P335320.23.2",
                  "inst": "Zabayu[1]PN$Zabaya",
                  "exosig": "@saao/saa06%akk-x-neoass:{1}za-ba-a.a-u=Zabayu[1//1]PN'PN$Zabaya",
                  "f": {
                    "lang": "akk-x-neoass",
                    "form": "{1}za-ba-a.a-u",
                    "cf": "Zabayu",
                    "gw": "1",
                    "sense": "1",
                    "norm": "Zabaya",
                    "pos": "PN",
                    "epos": "PN"
                  }
                },
                {
                  "node": "l",
                  "frag": "lu-u",
                  "id": "P335320.l03bf2",
                  "ref": "P335320.23.3",
                  "inst": "lū[may]MOD",
                  "exosig": "@saao/saa06%akk-x-neoass:lu-u=lū[may//may]MOD'MOD$lū",
                  "f": {
                    "lang": "akk-x-neoass",
                    "form": "lu-u",
                    "cf": "lū",
                    "gw": "may",
                    "sense": "may",
                    "norm": "lū",
                    "pos": "MOD",
                    "epos": "MOD"
                  }
                },
                {
                  "node": "l",
                  "frag": "DUMU-MEŠ-šu₂",
                  "id": "P335320.l03bf3",
                  "ref": "P335320.23.4",
                  "inst": "marʾēšu[son]N",
                  "sig": "@saao%akk-x-neoass:DUMU-MEŠ-šu₂=māru[son//son]N'N$marʾēšu",
                  "f": {
                    "lang": "akk-x-neoass",
                    "form": "DUMU-MEŠ-šu₂",
                    "cf": "māru",
                    "gw": "son",
                    "sense": "son",
                    "norm": "marʾēšu",
                    "pos": "N",
                    "epos": "N"
                  }
                },
                {
                  "node": "d",
                  "type": "line-start",
                  "ref": "P335320.24",
                  "n": "6",
                  "label": "r 6"
                },
                {
                  "node": "l",
                  "frag": "01",
                  "id": "P335320.l03bf4",
                  "ref": "P335320.24.1",
                  "inst": "n",
                  "f": {
                    "lang": "akk-x-neoass",
                    "form": "01",
                    "pos": "n"
                  }
                },
                {
                  "node": "l",
                  "frag": "MA.NA",
                  "id": "P335320.l03bf5",
                  "ref": "P335320.24.2",
                  "inst": "manû[a unit of weight]N",
                  "exosig": "@saao/saa06%akk-x-neoass:MA.NA=manû[unit//a unit of weight]N'N$manû",
                  "f": {
                    "lang": "akk-x-neoass",
                    "form": "MA.NA",
                    "cf": "manû",
                    "gw": "unit",
                    "sense": "a unit of weight",
                    "norm": "manû",
                    "pos": "N",
                    "epos": "N"
                  }
                },
                {
                  "node": "l",
                  "frag": "KUG.UD",
                  "id": "P335320.l03bf6",
                  "ref": "P335320.24.3",
                  "inst": "ṣarpi[silver]N",
                  "exosig": "@saao/saa06%akk-x-neoass:KUG.UD=ṣarpu[silver//silver]N'N$ṣarpi",
                  "f": {
                    "lang": "akk-x-neoass",
                    "form": "KUG.UD",
                    "cf": "ṣarpu",
                    "gw": "silver",
                    "sense": "silver",
                    "norm": "ṣarpi",
                    "pos": "N",
                    "epos": "N"
                  }
                },
                {
                  "node": "l",
                  "frag": "02",
                  "id": "P335320.l03bf7",
                  "ref": "P335320.24.4",
                  "inst": "n",
                  "f": {
                    "lang": "akk-x-neoass",
                    "form": "02",
                    "pos": "n"
                  }
                },
                {
                  "node": "l",
                  "frag": "⸢MA.NA⸣",
                  "id": "P335320.l03bf8",
                  "ref": "P335320.24.5",
                  "inst": "manê[a unit of weight]N",
                  "exosig": "@saao/saa06%akk-x-neoass:MA.NA=manû[unit//a unit of weight]N'N$manê",
                  "f": {
                    "lang": "akk-x-neoass",
                    "form": "MA.NA",
                    "cf": "manû",
                    "gw": "unit",
                    "sense": "a unit of weight",
                    "norm": "manê",
                    "pos": "N",
                    "epos": "N"
                  }
                },
                {
                  "node": "l",
                  "frag": "KUG.GI",
                  "id": "P335320.l03bf9",
                  "ref": "P335320.24.6",
                  "inst": "hurāṣi[gold]N",
                  "exosig": "@saao/saa06%akk-x-neoass:KUG.GI=hurāṣu[gold//gold]N'N$hurāṣi",
                  "f": {
                    "lang": "akk-x-neoass",
                    "form": "KUG.GI",
                    "cf": "hurāṣu",
                    "gw": "gold",
                    "sense": "gold",
                    "norm": "hurāṣi",
                    "pos": "N",
                    "epos": "N"
                  }
                },
                {
                  "node": "d",
                  "type": "line-start",
                  "ref": "P335320.25",
                  "n": "7",
                  "label": "r 7"
                },
                {
                  "node": "l",
                  "frag": "ina",
                  "id": "P335320.l03bfa",
                  "ref": "P335320.25.1",
                  "inst": "ina[in]PRP",
                  "exosig": "@saao/saa06%akk-x-neoass:ina=ina[in//in]PRP'PRP$ina",
                  "f": {
                    "lang": "akk-x-neoass",
                    "form": "ina",
                    "cf": "ina",
                    "gw": "in",
                    "sense": "in",
                    "norm": "ina",
                    "pos": "PRP",
                    "epos": "PRP"
                  }
                },
                {
                  "node": "l",
                  "frag": "bu-ur-ki",
                  "id": "P335320.l03bfb",
                  "ref": "P335320.25.2",
                  "inst": "burku[knee//lap]N$burki",
                  "exosig": "@saao/saa06%akk-x-neoass:bu-ur-ki=burku[knee//lap]N'N$burki",
                  "f": {
                    "lang": "akk-x-neoass",
                    "form": "bu-ur-ki",
                    "cf": "burku",
                    "gw": "knee",
                    "sense": "lap",
                    "norm": "burki",
                    "pos": "N",
                    "epos": "N"
                  }
                },
                {
                  "node": "l",
                  "frag": "{⸢d⸣}[IŠ].⸢TAR⸣",
                  "id": "P335320.l03bfc",
                  "ref": "P335320.25.3",
                  "inst": "Ištar[1]DN",
                  "sig": "@saao%akk-x-neoass:{d}IŠ.TAR=Ištar[1//1]DN'DN$Issar",
                  "f": {
                    "lang": "akk-x-neoass",
                    "form": "{d}IŠ.TAR",
                    "cf": "Ištar",
                    "gw": "1",
                    "sense": "1",
                    "norm": "Issar",
                    "pos": "DN",
                    "epos": "DN"
                  }
                },
                {
                  "node": "l",
                  "frag": "a-ši-pat",
                  "id": "P335320.l03bfd",
                  "ref": "P335320.25.4",
                  "inst": "āšibu[sitting//residing]AJ$āšibāt",
                  "exosig": "@saao/saa06%akk-x-neoass:a-ši-pat=āšibu[sitting//residing]AJ'AJ$āšibāt",
                  "f": {
                    "lang": "akk-x-neoass",
                    "form": "a-ši-pat",
                    "cf": "āšibu",
                    "gw": "sitting",
                    "sense": "residing",
                    "norm": "āšibāt",
                    "pos": "AJ",
                    "epos": "AJ"
                  }
                },
                {
                  "node": "d",
                  "type": "line-start",
                  "ref": "P335320.26",
                  "n": "8",
                  "label": "r 8"
                },
                {
                  "node": "l",
                  "frag": "{uru}arba-il₃{ki}",
                  "id": "P335320.l03bfe",
                  "ref": "P335320.26.1",
                  "inst": "Arbail[Arbela]GN",
                  "exosig": "@saao/saa06%akk-x-neoass:{URU}arba-il₃{KI}=Arbail[Arbela//Arbela]GN'GN$Arbail",
                  "f": {
                    "lang": "akk-x-neoass",
                    "form": "{URU}arba-il₃{KI}",
                    "cf": "Arbail",
                    "gw": "Arbela",
                    "sense": "Arbela",
                    "norm": "Arbail",
                    "pos": "GN",
                    "epos": "GN"
                  }
                },
                {
                  "node": "l",
                  "frag": "i-⸢šak⸣-[kan]",
                  "id": "P335320.l03bff",
                  "ref": "P335320.26.2",
                  "inst": "išakkan[place]V",
                  "exosig": "@saao/saa06%akk-x-neoass:i-šak-kan=šakānu[put//place]V'V$išakkan",
                  "f": {
                    "lang": "akk-x-neoass",
                    "form": "i-šak-kan",
                    "cf": "šakānu",
                    "gw": "put",
                    "sense": "place",
                    "norm": "išakkan",
                    "pos": "V",
                    "epos": "V"
                  }
                },
                {
                  "node": "l",
                  "frag": "kas-pu",
                  "id": "P335320.l03c00",
                  "ref": "P335320.26.3",
                  "inst": "kaspu[money]N",
                  "exosig": "@saao/saa06%akk-x-neoass:kas-pu=kaspu[silver//money]N'N$kaspu",
                  "f": {
                    "lang": "akk-x-neoass",
                    "form": "kas-pu",
                    "cf": "kaspu",
                    "gw": "silver",
                    "sense": "money",
                    "norm": "kaspu",
                    "pos": "N",
                    "epos": "N"
                  }
                },
                {
                  "node": "c",
                  "type": "phrase",
                  "tag": "phr",
                  "id": "P335320.U6",
                  "ref": "P335320.ls00002",
                  "cdl": [
                    {
                      "node": "l",
                      "frag": "ina",
                      "id": "P335320.l03c01",
                      "ref": "P335320.26.4",
                      "inst": "ina[in+=tenfold]PRP$",
                      "exosig": "@saao/saa06%akk-x-neoass:ina=ina[in//in]PRP'PRP$ina",
                      "f": {
                        "lang": "akk-x-neoass",
                        "form": "ina",
                        "cf": "ina",
                        "gw": "in",
                        "sense": "in",
                        "norm": "ina",
                        "pos": "PRP",
                        "epos": "PRP"
                      }
                    },
                    {
                      "node": "l",
                      "frag": "10-MEŠ",
                      "id": "P335320.l03c02",
                      "ref": "P335320.26.5",
                      "inst": "ešriātu[tenfold]AV$ešrāti",
                      "exosig": "@saao/saa06%akk-x-neoass:10-MEŠ=ešriātu[tenfold//tenfold]AV'AV$ešrāti",
                      "f": {
                        "lang": "akk-x-neoass",
                        "form": "10-MEŠ",
                        "cf": "ešriātu",
                        "gw": "tenfold",
                        "sense": "tenfold",
                        "norm": "ešrāti",
                        "pos": "AV",
                        "epos": "AV"
                      }
                    }
                  ]
                },
                {
                  "node": "l",
                  "frag": "o",
                  "id": "P335320.l03c03",
                  "ref": "P335320.26.6",
                  "inst": "u",
                  "f": {
                    "lang": "akk-x-neoass",
                    "form": "o",
                    "pos": "u"
                  }
                },
                {
                  "node": "d",
                  "type": "line-start",
                  "ref": "P335320.27",
                  "n": "9",
                  "label": "r 9"
                },
                {
                  "node": "l",
                  "frag": "ina",
                  "id": "P335320.l03c04",
                  "ref": "P335320.27.1",
                  "inst": "ina[to]PRP",
                  "exosig": "@saao/saa06%akk-x-neoass:ina=ina[in//to]PRP'PRP$ina",
                  "f": {
                    "lang": "akk-x-neoass",
                    "form": "ina",
                    "cf": "ina",
                    "gw": "in",
                    "sense": "to",
                    "norm": "ina",
                    "pos": "PRP",
                    "epos": "PRP"
                  }
                },
                {
                  "node": "l",
                  "frag": "⸢EN⸣-MEŠ-šu₂",
                  "id": "P335320.l03c05",
                  "ref": "P335320.27.2",
                  "inst": "bēlēšu[owner]N",
                  "exosig": "@saao/saa06%akk-x-neoass:EN-MEŠ-šu₂=bēlu[lord//owner]N'N$bēlēšu",
                  "f": {
                    "lang": "akk-x-neoass",
                    "form": "EN-MEŠ-šu₂",
                    "cf": "bēlu",
                    "gw": "lord",
                    "sense": "owner",
                    "norm": "bēlēšu",
                    "pos": "N",
                    "epos": "N"
                  }
                },
                {
                  "node": "l",
                  "frag": "[GUR-ra]",
                  "id": "P335320.l03c06",
                  "ref": "P335320.27.3",
                  "inst": "itūra[return]V",
                  "exosig": "@saao/saa06%akk-x-neoass:GUR-ra=târu[turn//return]V'V$itūra",
                  "f": {
                    "lang": "akk-x-neoass",
                    "form": "GUR-ra",
                    "cf": "târu",
                    "gw": "turn",
                    "sense": "return",
                    "norm": "itūra",
                    "pos": "V",
                    "epos": "V"
                  }
                },
                {
                  "node": "l",
                  "frag": "ina",
                  "id": "P335320.l03c07",
                  "ref": "P335320.27.4",
                  "inst": "ina[by]PRP",
                  "exosig": "@saao/saa06%akk-x-neoass:ina=ina[in//by]PRP'PRP$ina",
                  "f": {
                    "lang": "akk-x-neoass",
                    "form": "ina",
                    "cf": "ina",
                    "gw": "in",
                    "sense": "by",
                    "norm": "ina",
                    "pos": "PRP",
                    "epos": "PRP"
                  }
                },
                {
                  "node": "l",
                  "frag": "de-⸢ni⸣-šu₂",
                  "id": "P335320.l03c08",
                  "ref": "P335320.27.5",
                  "inst": "dēnīšu[lawsuit]N",
                  "exosig": "@saao/saa06%akk-x-neoass:de-ni-šu₂=dīnu[legal decision//lawsuit]N'N$dēnīšu",
                  "f": {
                    "lang": "akk-x-neoass",
                    "form": "de-ni-šu₂",
                    "cf": "dīnu",
                    "gw": "legal decision",
                    "sense": "lawsuit",
                    "norm": "dēnīšu",
                    "pos": "N",
                    "epos": "N"
                  }
                },
                {
                  "node": "d",
                  "type": "line-start",
                  "ref": "P335320.28",
                  "n": "10",
                  "label": "r 10"
                },
                {
                  "node": "l",
                  "frag": "i-⸢da-bu⸣-[bu]",
                  "id": "P335320.l03c09",
                  "ref": "P335320.28.1",
                  "inst": "idabbubu[speak]V",
                  "exosig": "@saao/saa06%akk-x-neoass:i-da-bu-bu=dabābu[speak//speak]V'V$idabbubu",
                  "f": {
                    "lang": "akk-x-neoass",
                    "form": "i-da-bu-bu",
                    "cf": "dabābu",
                    "gw": "speak",
                    "sense": "speak",
                    "norm": "idabbubu",
                    "pos": "V",
                    "epos": "V"
                  }
                },
                {
                  "node": "l",
                  "frag": "la",
                  "id": "P335320.l03c0a",
                  "ref": "P335320.28.2",
                  "inst": "lā[not]MOD",
                  "exosig": "@saao/saa06%akk-x-neoass:la=lā[not//not]MOD'MOD$lā",
                  "f": {
                    "lang": "akk-x-neoass",
                    "form": "la",
                    "cf": "lā",
                    "gw": "not",
                    "sense": "not",
                    "norm": "lā",
                    "pos": "MOD",
                    "epos": "MOD"
                  }
                },
                {
                  "node": "l",
                  "frag": "i-laq-⸢qi⸣",
                  "id": "P335320.l03c0b",
                  "ref": "P335320.28.3",
                  "inst": "ilaqqi[succeed]V",
                  "exosig": "@saao/saa06%akk-x-neoass:i-laq-qi=leqû[take//succeed]V'V$ilaqqi",
                  "f": {
                    "lang": "akk-x-neoass",
                    "form": "i-laq-qi",
                    "cf": "leqû",
                    "gw": "take",
                    "sense": "succeed",
                    "norm": "ilaqqi",
                    "pos": "V",
                    "epos": "V"
                  }
                },
                {
                  "node": "d",
                  "type": "line-start",
                  "ref": "P335320.29",
                  "n": "11",
                  "label": "r 11"
                },
                {
                  "node": "l",
                  "frag": "⸢de⸣-[en-šu₂",
                  "id": "P335320.l03c0c",
                  "ref": "P335320.29.1",
                  "inst": "dīnu[legal decision//case]N$dēnšu",
                  "exosig": "@saao/saa06%akk-x-neoass:de-en-šu₂=dīnu[legal decision//case]N'N$dēnšu",
                  "f": {
                    "lang": "akk-x-neoass",
                    "form": "de-en-šu₂",
                    "cf": "dīnu",
                    "gw": "legal decision",
                    "sense": "case",
                    "norm": "dēnšu",
                    "pos": "N",
                    "epos": "N"
                  }
                },
                {
                  "node": "l",
                  "frag": "DI.KUD",
                  "id": "P335320.l03c0d",
                  "ref": "P335320.29.2",
                  "inst": "dayyānu[judge]N$",
                  "exosig": "@saao/saa06%akk-x-neoass:DI.KUD=dayyānu[judge//judge]N'N$dayyānu",
                  "f": {
                    "lang": "akk-x-neoass",
                    "form": "DI.KUD",
                    "cf": "dayyānu",
                    "gw": "judge",
                    "sense": "judge",
                    "norm": "dayyānu",
                    "pos": "N",
                    "epos": "N"
                  }
                },
                {
                  "node": "l",
                  "frag": "la",
                  "id": "P335320.l03c0e",
                  "ref": "P335320.29.3",
                  "inst": "lā[not]MOD",
                  "exosig": "@saao/saa06%akk-x-neoass:la=lā[not//not]MOD'MOD$lā",
                  "f": {
                    "lang": "akk-x-neoass",
                    "form": "la",
                    "cf": "lā",
                    "gw": "not",
                    "sense": "not",
                    "norm": "lā",
                    "pos": "MOD",
                    "epos": "MOD"
                  }
                },
                {
                  "node": "l",
                  "frag": "i]-⸢ša₂-mu⸣-u",
                  "id": "P335320.l03c0f",
                  "ref": "P335320.29.4",
                  "inst": "šemû[hear//listen to]V$išammu",
                  "exosig": "@saao/saa06%akk-x-neoass:i-ša₂-mu-u=šemû[hear//listen to]V'V$išammu",
                  "f": {
                    "lang": "akk-x-neoass",
                    "form": "i-ša₂-mu-u",
                    "cf": "šemû",
                    "gw": "hear",
                    "sense": "listen to",
                    "norm": "išammu",
                    "pos": "V",
                    "epos": "V"
                  }
                },
                {
                  "node": "d",
                  "type": "line-start",
                  "ref": "P335320.30",
                  "n": "12",
                  "label": "r 12"
                },
                {
                  "node": "l",
                  "frag": "[IGI",
                  "id": "P335320.l03c10",
                  "ref": "P335320.30.1",
                  "inst": "šību[witness]N",
                  "exosig": "@saao/saa06%akk-x-neoass:IGI=šību[witness//witness]N'N$šību",
                  "f": {
                    "lang": "akk-x-neoass",
                    "form": "IGI",
                    "cf": "šību",
                    "gw": "witness",
                    "sense": "witness",
                    "norm": "šību",
                    "pos": "N",
                    "epos": "N"
                  }
                },
                {
                  "node": "l",
                  "frag": "{1}x",
                  "id": "P335320.l03c11",
                  "ref": "P335320.30.2",
                  "inst": "u",
                  "f": {
                    "lang": "akk-x-neoass",
                    "form": "{1}x",
                    "pos": "u"
                  }
                },
                {
                  "node": "l",
                  "frag": "x",
                  "id": "P335320.l03c12",
                  "ref": "P335320.30.3",
                  "inst": "u",
                  "f": {
                    "lang": "akk-x-neoass",
                    "form": "x",
                    "pos": "u"
                  }
                },
                {
                  "node": "l",
                  "frag": "x",
                  "id": "P335320.l03c13",
                  "ref": "P335320.30.4",
                  "inst": "u",
                  "f": {
                    "lang": "akk-x-neoass",
                    "form": "x",
                    "pos": "u"
                  }
                },
                {
                  "node": "l",
                  "frag": "x",
                  "id": "P335320.l03c14",
                  "ref": "P335320.30.5",
                  "inst": "u",
                  "f": {
                    "lang": "akk-x-neoass",
                    "form": "x",
                    "pos": "u"
                  }
                },
                {
                  "node": "l",
                  "frag": "x",
                  "id": "P335320.l03c15",
                  "ref": "P335320.30.6",
                  "inst": "u",
                  "f": {
                    "lang": "akk-x-neoass",
                    "form": "x",
                    "pos": "u"
                  }
                },
                {
                  "node": "l",
                  "frag": "x]",
                  "id": "P335320.l03c16",
                  "ref": "P335320.30.7",
                  "inst": "u",
                  "f": {
                    "lang": "akk-x-neoass",
                    "form": "x",
                    "pos": "u"
                  }
                },
                {
                  "node": "l",
                  "frag": "⸢x⸣",
                  "id": "P335320.l03c17",
                  "ref": "P335320.30.8",
                  "inst": "u",
                  "f": {
                    "lang": "akk-x-neoass",
                    "form": "x",
                    "pos": "u"
                  }
                },
                {
                  "node": "d",
                  "type": "line-start",
                  "ref": "P335320.31",
                  "n": "13",
                  "label": "r 13"
                },
                {
                  "node": "l",
                  "frag": "[IGI",
                  "id": "P335320.l03c18",
                  "ref": "P335320.31.1",
                  "inst": "šību[witness]N",
                  "exosig": "@saao/saa06%akk-x-neoass:IGI=šību[witness//witness]N'N$šību",
                  "f": {
                    "lang": "akk-x-neoass",
                    "form": "IGI",
                    "cf": "šību",
                    "gw": "witness",
                    "sense": "witness",
                    "norm": "šību",
                    "pos": "N",
                    "epos": "N"
                  }
                },
                {
                  "node": "l",
                  "frag": "{1}x",
                  "id": "P335320.l03c19",
                  "ref": "P335320.31.2",
                  "inst": "u",
                  "f": {
                    "lang": "akk-x-neoass",
                    "form": "{1}x",
                    "pos": "u"
                  }
                },
                {
                  "node": "l",
                  "frag": "x",
                  "id": "P335320.l03c1a",
                  "ref": "P335320.31.3",
                  "inst": "u",
                  "f": {
                    "lang": "akk-x-neoass",
                    "form": "x",
                    "pos": "u"
                  }
                },
                {
                  "node": "l",
                  "frag": "x",
                  "id": "P335320.l03c1b",
                  "ref": "P335320.31.4",
                  "inst": "u",
                  "f": {
                    "lang": "akk-x-neoass",
                    "form": "x",
                    "pos": "u"
                  }
                },
                {
                  "node": "l",
                  "frag": "x",
                  "id": "P335320.l03c1c",
                  "ref": "P335320.31.5",
                  "inst": "u",
                  "f": {
                    "lang": "akk-x-neoass",
                    "form": "x",
                    "pos": "u"
                  }
                },
                {
                  "node": "l",
                  "frag": "x",
                  "id": "P335320.l03c1d",
                  "ref": "P335320.31.6",
                  "inst": "u",
                  "f": {
                    "lang": "akk-x-neoass",
                    "form": "x",
                    "pos": "u"
                  }
                },
                {
                  "node": "l",
                  "frag": "x",
                  "id": "P335320.l03c1e",
                  "ref": "P335320.31.7",
                  "inst": "u",
                  "f": {
                    "lang": "akk-x-neoass",
                    "form": "x",
                    "pos": "u"
                  }
                },
                {
                  "node": "l",
                  "frag": "x",
                  "id": "P335320.l03c1f",
                  "ref": "P335320.31.8",
                  "inst": "u",
                  "f": {
                    "lang": "akk-x-neoass",
                    "form": "x",
                    "pos": "u"
                  }
                },
                {
                  "node": "l",
                  "frag": "x]",
                  "id": "P335320.l03c20",
                  "ref": "P335320.31.9",
                  "inst": "u",
                  "f": {
                    "lang": "akk-x-neoass",
                    "form": "x",
                    "pos": "u"
                  }
                },
                {
                  "node": "l",
                  "frag": "⸢x",
                  "id": "P335320.l03c21",
                  "ref": "P335320.31.10",
                  "inst": "u",
                  "f": {
                    "lang": "akk-x-neoass",
                    "form": "x",
                    "pos": "u"
                  }
                },
                {
                  "node": "l",
                  "frag": "x⸣",
                  "id": "P335320.l03c22",
                  "ref": "P335320.31.11",
                  "inst": "u",
                  "f": {
                    "lang": "akk-x-neoass",
                    "form": "x",
                    "pos": "u"
                  }
                },
                {
                  "node": "d",
                  "type": "line-start",
                  "ref": "P335320.32",
                  "n": "14",
                  "label": "r 14"
                },
                {
                  "node": "l",
                  "frag": "[IGI",
                  "id": "P335320.l03c23",
                  "ref": "P335320.32.1",
                  "inst": "šību[witness]N",
                  "exosig": "@saao/saa06%akk-x-neoass:IGI=šību[witness//witness]N'N$šību",
                  "f": {
                    "lang": "akk-x-neoass",
                    "form": "IGI",
                    "cf": "šību",
                    "gw": "witness",
                    "sense": "witness",
                    "norm": "šību",
                    "pos": "N",
                    "epos": "N"
                  }
                },
                {
                  "node": "l",
                  "frag": "{1}x",
                  "id": "P335320.l03c24",
                  "ref": "P335320.32.2",
                  "inst": "u",
                  "f": {
                    "lang": "akk-x-neoass",
                    "form": "{1}x",
                    "pos": "u"
                  }
                },
                {
                  "node": "l",
                  "frag": "x",
                  "id": "P335320.l03c25",
                  "ref": "P335320.32.3",
                  "inst": "u",
                  "f": {
                    "lang": "akk-x-neoass",
                    "form": "x",
                    "pos": "u"
                  }
                },
                {
                  "node": "l",
                  "frag": "x",
                  "id": "P335320.l03c26",
                  "ref": "P335320.32.4",
                  "inst": "u",
                  "f": {
                    "lang": "akk-x-neoass",
                    "form": "x",
                    "pos": "u"
                  }
                },
                {
                  "node": "l",
                  "frag": "x",
                  "id": "P335320.l03c27",
                  "ref": "P335320.32.5",
                  "inst": "u",
                  "f": {
                    "lang": "akk-x-neoass",
                    "form": "x",
                    "pos": "u"
                  }
                },
                {
                  "node": "l",
                  "frag": "x",
                  "id": "P335320.l03c28",
                  "ref": "P335320.32.6",
                  "inst": "u",
                  "f": {
                    "lang": "akk-x-neoass",
                    "form": "x",
                    "pos": "u"
                  }
                },
                {
                  "node": "l",
                  "frag": "x",
                  "id": "P335320.l03c29",
                  "ref": "P335320.32.7",
                  "inst": "u",
                  "f": {
                    "lang": "akk-x-neoass",
                    "form": "x",
                    "pos": "u"
                  }
                },
                {
                  "node": "l",
                  "frag": "x]",
                  "id": "P335320.l03c2a",
                  "ref": "P335320.32.8",
                  "inst": "u",
                  "f": {
                    "lang": "akk-x-neoass",
                    "form": "x",
                    "pos": "u"
                  }
                },
                {
                  "node": "l",
                  "frag": "⸢ga⸣",
                  "id": "P335320.l03c2b",
                  "ref": "P335320.32.9",
                  "inst": "u",
                  "f": {
                    "lang": "akk-x-neoass",
                    "form": "ga",
                    "pos": "u"
                  }
                },
                {
                  "node": "d",
                  "type": "nonx",
                  "ref": "P335320.33",
                  "strict": "0",
                  "extent": "rest",
                  "state": "missing"
                },
                {
                  "node": "d",
                  "subtype": "edge",
                  "type": "edge",
                  "ref": "P335320.e..34",
                  "label": "e."
                },
                {
                  "node": "d",
                  "type": "line-start",
                  "ref": "P335320.35",
                  "n": "1",
                  "label": "e. 1"
                },
                {
                  "node": "l",
                  "frag": "10-tu₂",
                  "id": "P335320.l03c2c",
                  "ref": "P335320.35.1",
                  "inst": "ešriātu[tenfold]AV$ešrātu",
                  "exosig": "@saao/saa06%akk-x-neoass:10-tu₂=ešriātu[tenfold//tenfold]AV'AV$ešrātu",
                  "f": {
                    "lang": "akk-x-neoass",
                    "form": "10-tu₂",
                    "cf": "ešriātu",
                    "gw": "tenfold",
                    "sense": "tenfold",
                    "norm": "ešrātu",
                    "pos": "AV",
                    "epos": "AV"
                  }
                },
                {
                  "node": "l",
                  "frag": "nu-sa-hi",
                  "id": "P335320.l03c2d",
                  "ref": "P335320.35.2",
                  "inst": "nusāhu[(a grain tax)//grain tax]N$nusāhi",
                  "exosig": "@saao/saa06%akk-x-neoass:nu-sa-hi=nusāhu[(a grain tax)//grain tax]N'N$nusāhi",
                  "f": {
                    "lang": "akk-x-neoass",
                    "form": "nu-sa-hi",
                    "cf": "nusāhu",
                    "gw": "(a grain tax)",
                    "sense": "grain tax",
                    "norm": "nusāhi",
                    "pos": "N",
                    "epos": "N"
                  }
                },
                {
                  "node": "l",
                  "frag": "u₃",
                  "id": "P335320.l03c2e",
                  "ref": "P335320.35.3",
                  "inst": "u[and]CNJ",
                  "exosig": "@saao/saa06%akk-x-neoass:u₃=u[and//and]CNJ'CNJ$u",
                  "f": {
                    "lang": "akk-x-neoass",
                    "form": "u₃",
                    "cf": "u",
                    "gw": "and",
                    "sense": "and",
                    "norm": "u",
                    "pos": "CNJ",
                    "epos": "CNJ"
                  }
                },
                {
                  "node": "l",
                  "frag": "04-tu₂",
                  "id": "P335320.l03c2f",
                  "ref": "P335320.35.4",
                  "inst": "rabuttu[quarter]NU",
                  "exosig": "@saao/saa06%akk-x-neoass:04-tu₂=rebû[fourth//quarter]NU'NU$rabuttu",
                  "f": {
                    "lang": "akk-x-neoass",
                    "form": "04-tu₂",
                    "cf": "rebû",
                    "gw": "fourth",
                    "sense": "quarter",
                    "norm": "rabuttu",
                    "pos": "NU",
                    "epos": "NU"
                  }
                },
                {
                  "node": "l",
                  "frag": "ši-ib-ši]",
                  "id": "P335320.l03c30",
                  "ref": "P335320.35.5",
                  "inst": "šibšu[(an agricultural tax)//straw tax]N$šibši",
                  "exosig": "@saao/saa06%akk-x-neoass:ši-ib-ši=šibšu[(an agricultural tax)//straw tax]N'N$šibši",
                  "f": {
                    "lang": "akk-x-neoass",
                    "form": "ši-ib-ši",
                    "cf": "šibšu",
                    "gw": "(an agricultural tax)",
                    "sense": "straw tax",
                    "norm": "šibši",
                    "pos": "N",
                    "epos": "N"
                  }
                }
              ]
            }
          ]
        }
      ]
    },
    {
      "linkbase": [
        {
          "type": "linkset",
          "xlink_title": "ina libbi[in//(in exchange) for]PRP'PRP",
          "id": "P335320.ls00000",
          "xlink_type": "extended",
          "xlink_role": "psu",
          "sig": "{ina[in]PRP libbu[interior]N += ina libbi[in//(in exchange) for]PRP'PRP}::@saao%akk-x-neoass:ina=ina[in//into]PRP'PRP$ina++@saao%akk-x-neoass:ŠA₃-bi=libbu[interior//interior]N'N$libbi",
          "links": [
            {
              "type": "link",
              "xlink_title": "ina",
              "xlink_type": "locator",
              "xlink_href": "#P335320.l03bd7",
              "xlink_role": "elt"
            },
            {
              "type": "link",
              "xlink_title": "libbi",
              "xlink_type": "locator",
              "xlink_href": "#P335320.l03bd8",
              "xlink_role": "elt"
            }
          ]
        },
        {
          "type": "linkset",
          "xlink_title": "ina matīma[whenever//whenever]XP'XP",
          "id": "P335320.ls00001",
          "xlink_type": "extended",
          "xlink_role": "psu",
          "sig": "{ina[in]PRP matīma[ever]AV += ina matīma[whenever//whenever]XP'XP}::@saao%akk-x-neoass:ina=ina[in//into]PRP'PRP$ina++@saao%akk-x-neoass:ma-a-te-ma=matīma[ever//ever]AV'AV$matēma",
          "links": [
            {
              "type": "link",
              "xlink_title": "ina",
              "xlink_type": "locator",
              "xlink_href": "#P335320.l03bed",
              "xlink_role": "elt"
            },
            {
              "type": "link",
              "xlink_title": "matīma",
              "xlink_type": "locator",
              "xlink_href": "#P335320.l03bee",
              "xlink_role": "elt"
            }
          ]
        },
        {
          "type": "linkset",
          "xlink_title": "ina ešriāti[tenfold//tenfold]AV'AV",
          "id": "P335320.ls00002",
          "xlink_type": "extended",
          "xlink_role": "psu",
          "sig": "{ina[in]PRP ešriātu[tenfold]AV += ina ešriāti[tenfold//tenfold]AV'AV}::@saao%akk-x-neoass:ina=ina[in//into]PRP'PRP$ina++@saao%akk-x-neoass:10-MEŠ=ešriātu[tenfold//tenfold]AV'AV$ešrāti",
          "links": [
            {
              "type": "link",
              "xlink_title": "ina",
              "xlink_type": "locator",
              "xlink_href": "#P335320.l03c01",
              "xlink_role": "elt"
            },
            {
              "type": "link",
              "xlink_title": "ešriātu",
              "xlink_type": "locator",
              "xlink_href": "#P335320.l03c02",
              "xlink_role": "elt"
            }
          ]
        }
      ]
    }
  ]
}
