{
  "type": "cdl",
  "source": "http://oracc.org/saao/saa06",
  "license": "This data is released under the CC0 license",
  "license-url": "https://creativecommons.org/publicdomain/zero/1.0/",
  "more-info": "http://oracc.org/doc/opendata/",
  "UTC-timestamp": "2017-06-10T00:42:05",
  "project": "saao/saa06",
  "textid": "P335265",
  "cdl": [
    {
      "node": "c",
      "type": "text",
      "id": "P335265.U0",
      "cdl": [
        {
          "node": "d",
          "type": "object",
          "ref": ""
        },
        {
          "node": "d",
          "subtype": "obverse",
          "type": "obverse",
          "ref": "P335265.o.1",
          "label": "o"
        },
        {
          "node": "c",
          "type": "discourse",
          "subtype": "body",
          "id": "P335265.U1",
          "cdl": [
            {
              "node": "c",
              "type": "sentence",
              "id": "P335265.U2",
              "label": "o 1 - r.e. 8",
              "cdl": [
                {
                  "node": "d",
                  "type": "line-start",
                  "ref": "P335265.2",
                  "n": "1",
                  "label": "o 1"
                },
                {
                  "node": "l",
                  "frag": "[ṣu-pur",
                  "id": "P335265.l00105",
                  "ref": "P335265.2.1",
                  "inst": "ṣupru[nail//fingernail]N$ṣupur",
                  "exosig": "@saao/saa06%akk-x-neoass:ṣu-pur=ṣupru[nail//fingernail]N'N$ṣupur",
                  "f": {
                    "lang": "akk-x-neoass",
                    "form": "ṣu-pur",
                    "cf": "ṣupru",
                    "gw": "nail",
                    "sense": "fingernail",
                    "norm": "ṣupur",
                    "pos": "N",
                    "epos": "N"
                  }
                },
                {
                  "node": "l",
                  "frag": "{1}x",
                  "id": "P335265.l00106",
                  "ref": "P335265.2.2",
                  "inst": "u",
                  "f": {
                    "lang": "akk-x-neoass",
                    "form": "{1}x",
                    "pos": "u"
                  }
                },
                {
                  "node": "l",
                  "frag": "x",
                  "id": "P335265.l00107",
                  "ref": "P335265.2.3",
                  "inst": "u",
                  "f": {
                    "lang": "akk-x-neoass",
                    "form": "x",
                    "pos": "u"
                  }
                },
                {
                  "node": "l",
                  "frag": "{1}⸢ur⸣-du",
                  "id": "P335265.l00108",
                  "ref": "P335265.2.4",
                  "inst": "Urdu[1]PN$",
                  "exosig": "@saao/saa06%akk-x-neoass:{1}ur-du=Urdu[1//1]PN'PN$Urdu",
                  "f": {
                    "lang": "akk-x-neoass",
                    "form": "{1}ur-du",
                    "cf": "Urdu",
                    "gw": "1",
                    "sense": "1",
                    "norm": "Urdu",
                    "pos": "PN",
                    "epos": "PN"
                  }
                },
                {
                  "node": "l",
                  "frag": "{1}⸢am⸣-[x",
                  "id": "P335265.l00109",
                  "ref": "P335265.2.5",
                  "inst": "u",
                  "f": {
                    "lang": "akk-x-neoass",
                    "form": "{1}am-x",
                    "pos": "u"
                  }
                },
                {
                  "node": "l",
                  "frag": "x",
                  "id": "P335265.l0010a",
                  "ref": "P335265.2.6",
                  "inst": "u",
                  "f": {
                    "lang": "akk-x-neoass",
                    "form": "x",
                    "pos": "u"
                  }
                },
                {
                  "node": "l",
                  "frag": "x",
                  "id": "P335265.l0010b",
                  "ref": "P335265.2.7",
                  "inst": "u",
                  "f": {
                    "lang": "akk-x-neoass",
                    "form": "x",
                    "pos": "u"
                  }
                },
                {
                  "node": "l",
                  "frag": "x]",
                  "id": "P335265.l0010c",
                  "ref": "P335265.2.8",
                  "inst": "u",
                  "f": {
                    "lang": "akk-x-neoass",
                    "form": "x",
                    "pos": "u"
                  }
                },
                {
                  "node": "d",
                  "type": "line-start",
                  "ref": "P335265.3",
                  "n": "2",
                  "label": "o 2"
                },
                {
                  "node": "l",
                  "frag": "[x",
                  "id": "P335265.l0010d",
                  "ref": "P335265.3.1",
                  "inst": "u",
                  "f": {
                    "lang": "akk-x-neoass",
                    "form": "x",
                    "pos": "u"
                  }
                },
                {
                  "node": "l",
                  "frag": "x",
                  "id": "P335265.l0010e",
                  "ref": "P335265.3.2",
                  "inst": "u",
                  "f": {
                    "lang": "akk-x-neoass",
                    "form": "x",
                    "pos": "u"
                  }
                },
                {
                  "node": "l",
                  "frag": "x",
                  "id": "P335265.l0010f",
                  "ref": "P335265.3.3",
                  "inst": "u",
                  "f": {
                    "lang": "akk-x-neoass",
                    "form": "x",
                    "pos": "u"
                  }
                },
                {
                  "node": "l",
                  "frag": "x]-a.a",
                  "id": "P335265.l00110",
                  "ref": "P335265.3.4",
                  "inst": "u",
                  "f": {
                    "lang": "akk-x-neoass",
                    "form": "x-a.a",
                    "pos": "u"
                  }
                },
                {
                  "node": "l",
                  "frag": "{1}na-aʾ-[di-x",
                  "id": "P335265.l00111",
                  "ref": "P335265.3.5",
                  "inst": "u",
                  "f": {
                    "lang": "akk-x-neoass",
                    "form": "{1}na-aʾ-di-x",
                    "pos": "u"
                  }
                },
                {
                  "node": "l",
                  "frag": "x",
                  "id": "P335265.l00112",
                  "ref": "P335265.3.6",
                  "inst": "u",
                  "f": {
                    "lang": "akk-x-neoass",
                    "form": "x",
                    "pos": "u"
                  }
                },
                {
                  "node": "l",
                  "frag": "x]",
                  "id": "P335265.l00113",
                  "ref": "P335265.3.7",
                  "inst": "u",
                  "f": {
                    "lang": "akk-x-neoass",
                    "form": "x",
                    "pos": "u"
                  }
                },
                {
                  "node": "d",
                  "type": "nonx",
                  "ref": "P335265.4",
                  "strict": "1",
                  "extent": "n",
                  "scope": "line",
                  "state": "ruling",
                  "flags": "!"
                },
                {
                  "node": "d",
                  "type": "nonx",
                  "ref": "P335265.5",
                  "strict": "0",
                  "state": "other"
                },
                {
                  "node": "d",
                  "type": "nonx",
                  "ref": "P335265.6",
                  "strict": "1",
                  "extent": "n",
                  "scope": "line",
                  "state": "ruling",
                  "flags": "!"
                },
                {
                  "node": "d",
                  "type": "line-start",
                  "ref": "P335265.7",
                  "n": "3",
                  "label": "o 3"
                },
                {
                  "node": "l",
                  "frag": "{1}URU-tuk-la-a-tu₂-u-a",
                  "id": "P335265.l00114",
                  "ref": "P335265.7.1",
                  "inst": "Al-tuklatuʾa[1]PN$",
                  "exosig": "@saao/saa06%akk-x-neoass:{1}URU-tuk-la-a-tu₂-u-a=Al-tuklatuʾa[1//1]PN'PN$Al-tuklatuʾa",
                  "f": {
                    "lang": "akk-x-neoass",
                    "form": "{1}URU-tuk-la-a-tu₂-u-a",
                    "cf": "Al-tuklatuʾa",
                    "gw": "1",
                    "sense": "1",
                    "norm": "Al-tuklatuʾa",
                    "pos": "PN",
                    "epos": "PN"
                  }
                },
                {
                  "node": "l",
                  "frag": "{1}mu-mar-DINGIR",
                  "id": "P335265.l00115",
                  "ref": "P335265.7.2",
                  "inst": "Mumar-il[1]PN$",
                  "exosig": "@saao/saa06%akk-x-neoass:{1}mu-mar-DINGIR=Mumar-il[1//1]PN'PN$Mumar-il",
                  "f": {
                    "lang": "akk-x-neoass",
                    "form": "{1}mu-mar-DINGIR",
                    "cf": "Mumar-il",
                    "gw": "1",
                    "sense": "1",
                    "norm": "Mumar-il",
                    "pos": "PN",
                    "epos": "PN"
                  }
                },
                {
                  "node": "d",
                  "type": "line-start",
                  "ref": "P335265.8",
                  "n": "4",
                  "label": "o 4"
                },
                {
                  "node": "l",
                  "frag": "{1}{d}UTU-ZU",
                  "id": "P335265.l00116",
                  "ref": "P335265.8.1",
                  "inst": "Šamaš-leʾi[1]PN$",
                  "exosig": "@saao/saa06%akk-x-neoass:{1}{d}UTU-ZU=Šamaš-leʾi[1//1]PN'PN$Šamaš-leʾi",
                  "f": {
                    "lang": "akk-x-neoass",
                    "form": "{1}{d}UTU-ZU",
                    "cf": "Šamaš-leʾi",
                    "gw": "1",
                    "sense": "1",
                    "norm": "Šamaš-leʾi",
                    "pos": "PN",
                    "epos": "PN"
                  }
                },
                {
                  "node": "l",
                  "frag": "{mi₂}15--di-ʾi-ni-ni",
                  "id": "P335265.l00117",
                  "ref": "P335265.8.2",
                  "inst": "Issar-daʾʾininni[1]PN$",
                  "exosig": "@saao/saa06%akk-x-neoass:{MI₂}15-di-ʾi-ni-ni=Issar-daʾʾininni[1//1]PN'PN$Issar-daʾʾininni",
                  "f": {
                    "lang": "akk-x-neoass",
                    "form": "{MI₂}15-di-ʾi-ni-ni",
                    "cf": "Issar-daʾʾininni",
                    "gw": "1",
                    "sense": "1",
                    "norm": "Issar-daʾʾininni",
                    "pos": "PN",
                    "epos": "PN"
                  }
                },
                {
                  "node": "d",
                  "type": "line-start",
                  "ref": "P335265.9",
                  "n": "5",
                  "label": "o 5"
                },
                {
                  "node": "l",
                  "frag": "{mi₂}mu-ki-na-at-d.INNIN",
                  "id": "P335265.l00118",
                  "ref": "P335265.9.1",
                  "inst": "Mukinnat-Issar[1]PN$",
                  "exosig": "@saao/saa06%akk-x-neoass:{MI₂}mu-ki-na-at-d.INNIN=Mukinnat-Issar[1//1]PN'PN$Mukinnat-Issar",
                  "f": {
                    "lang": "akk-x-neoass",
                    "form": "{MI₂}mu-ki-na-at-d.INNIN",
                    "cf": "Mukinnat-Issar",
                    "gw": "1",
                    "sense": "1",
                    "norm": "Mukinnat-Issar",
                    "pos": "PN",
                    "epos": "PN"
                  }
                },
                {
                  "node": "l",
                  "frag": "PAB",
                  "id": "P335265.l00119",
                  "ref": "P335265.9.2",
                  "inst": "gimru[total]N",
                  "exosig": "@saao/saa06%akk-x-neoass:PAB=gimru[totality//total]N'N$gimru",
                  "f": {
                    "lang": "akk-x-neoass",
                    "form": "PAB",
                    "cf": "gimru",
                    "gw": "totality",
                    "sense": "total",
                    "norm": "gimru",
                    "pos": "N",
                    "epos": "N"
                  }
                },
                {
                  "node": "l",
                  "frag": "05",
                  "id": "P335265.l0011a",
                  "ref": "P335265.9.3",
                  "inst": "n",
                  "f": {
                    "lang": "akk-x-neoass",
                    "form": "05",
                    "pos": "n"
                  }
                },
                {
                  "node": "l",
                  "frag": "{lu₂}ZI-MEŠ",
                  "id": "P335265.l0011b",
                  "ref": "P335265.9.4",
                  "inst": "nupšāti[person]N",
                  "exosig": "@saao/saa06%akk-x-neoass:{LU₂}ZI-MEŠ=napištu[throat//person]N'N$nupšāti",
                  "f": {
                    "lang": "akk-x-neoass",
                    "form": "{LU₂}ZI-MEŠ",
                    "cf": "napištu",
                    "gw": "throat",
                    "sense": "person",
                    "norm": "nupšāti",
                    "pos": "N",
                    "epos": "N"
                  }
                },
                {
                  "node": "d",
                  "type": "line-start",
                  "ref": "P335265.10",
                  "n": "6",
                  "label": "o 6"
                },
                {
                  "node": "l",
                  "frag": "u₂-piš-ma",
                  "id": "P335265.l0011c",
                  "ref": "P335265.10.1",
                  "inst": "epēšu[do//contract]V$uppišma",
                  "exosig": "@saao/saa06%akk-x-neoass:u₂-piš-ma=epēšu[do//contract]V'V$uppišma",
                  "f": {
                    "lang": "akk-x-neoass",
                    "form": "u₂-piš-ma",
                    "cf": "epēšu",
                    "gw": "do",
                    "sense": "contract",
                    "norm": "uppišma",
                    "pos": "V",
                    "epos": "V"
                  }
                },
                {
                  "node": "l",
                  "frag": "{1}mu-šal-lim-d.INNIN",
                  "id": "P335265.l0011d",
                  "ref": "P335265.10.2",
                  "inst": "Mušallim-Issar[1]PN",
                  "exosig": "@saao/saa06%akk-x-neoass:{1}mu-šal-lim-d.INNIN=Mušallim-Issar[1//1]PN'PN$Mušallim-Issar",
                  "f": {
                    "lang": "akk-x-neoass",
                    "form": "{1}mu-šal-lim-d.INNIN",
                    "cf": "Mušallim-Issar",
                    "gw": "1",
                    "sense": "1",
                    "norm": "Mušallim-Issar",
                    "pos": "PN",
                    "epos": "PN"
                  }
                },
                {
                  "node": "d",
                  "subtype": "bottom",
                  "type": "bottom",
                  "ref": "P335265.b.e..11",
                  "label": "b.e."
                },
                {
                  "node": "d",
                  "type": "line-start",
                  "ref": "P335265.12",
                  "n": "7",
                  "label": "b.e. 7"
                },
                {
                  "node": "c",
                  "type": "phrase",
                  "tag": "phr",
                  "id": "P335265.U4",
                  "ref": "P335265.ls00000",
                  "cdl": [
                    {
                      "node": "l",
                      "frag": "ina",
                      "id": "P335265.l0011e",
                      "ref": "P335265.12.1",
                      "inst": "ina[in+=for]PRP$",
                      "exosig": "@saao/saa06%akk-x-neoass:ina=ina[in//in]PRP'PRP$ina",
                      "f": {
                        "lang": "akk-x-neoass",
                        "form": "ina",
                        "cf": "ina",
                        "gw": "in",
                        "sense": "in",
                        "norm": "ina",
                        "pos": "PRP",
                        "epos": "PRP"
                      }
                    },
                    {
                      "node": "l",
                      "frag": "ŠA₃",
                      "id": "P335265.l0011f",
                      "ref": "P335265.12.2",
                      "inst": "libbu[interior]N$libbi",
                      "exosig": "@saao/saa06%akk-x-neoass:ŠA₃=libbu[interior//interior]N'N$libbi",
                      "f": {
                        "lang": "akk-x-neoass",
                        "form": "ŠA₃",
                        "cf": "libbu",
                        "gw": "interior",
                        "sense": "interior",
                        "norm": "libbi",
                        "pos": "N",
                        "epos": "N"
                      }
                    }
                  ]
                },
                {
                  "node": "l",
                  "frag": "74",
                  "id": "P335265.l00120",
                  "ref": "P335265.12.3",
                  "inst": "n",
                  "f": {
                    "lang": "akk-x-neoass",
                    "form": "74",
                    "pos": "n"
                  }
                },
                {
                  "node": "l",
                  "frag": "MA.NA",
                  "id": "P335265.l00121",
                  "ref": "P335265.12.4",
                  "inst": "manû[a unit of weight]N$manê",
                  "exosig": "@saao/saa06%akk-x-neoass:MA.NA=manû[unit//a unit of weight]N'N$manê",
                  "f": {
                    "lang": "akk-x-neoass",
                    "form": "MA.NA",
                    "cf": "manû",
                    "gw": "unit",
                    "sense": "a unit of weight",
                    "norm": "manê",
                    "pos": "N",
                    "epos": "N"
                  }
                },
                {
                  "node": "l",
                  "frag": "URUDU-MEŠ",
                  "id": "P335265.l00122",
                  "ref": "P335265.12.5",
                  "inst": "erû[copper]N$erî",
                  "exosig": "@saao/saa06%akk-x-neoass:URUDU-MEŠ=erû[copper//copper]N'N$erî",
                  "f": {
                    "lang": "akk-x-neoass",
                    "form": "URUDU-MEŠ",
                    "cf": "erû",
                    "gw": "copper",
                    "sense": "copper",
                    "norm": "erî",
                    "pos": "N",
                    "epos": "N"
                  }
                },
                {
                  "node": "l",
                  "frag": "⸢il-qi⸣",
                  "id": "P335265.l00123",
                  "ref": "P335265.12.6",
                  "inst": "leqû[take//purchase]V$ilqi",
                  "exosig": "@saao/saa06%akk-x-neoass:il-qi=leqû[take//purchase]V'V$ilqi",
                  "f": {
                    "lang": "akk-x-neoass",
                    "form": "il-qi",
                    "cf": "leqû",
                    "gw": "take",
                    "sense": "purchase",
                    "norm": "ilqi",
                    "pos": "V",
                    "epos": "V"
                  }
                },
                {
                  "node": "d",
                  "type": "line-start",
                  "ref": "P335265.13",
                  "n": "8",
                  "label": "b.e. 8"
                },
                {
                  "node": "l",
                  "frag": "kas-pu",
                  "id": "P335265.l00124",
                  "ref": "P335265.13.1",
                  "inst": "kaspu[silver//money]N$",
                  "exosig": "@saao/saa06%akk-x-neoass:kas-pu=kaspu[silver//money]N'N$kaspu",
                  "f": {
                    "lang": "akk-x-neoass",
                    "form": "kas-pu",
                    "cf": "kaspu",
                    "gw": "silver",
                    "sense": "money",
                    "norm": "kaspu",
                    "pos": "N",
                    "epos": "N"
                  }
                },
                {
                  "node": "l",
                  "frag": "ga-mur",
                  "id": "P335265.l00125",
                  "ref": "P335265.13.2",
                  "inst": "gammuru[finished//completed]AJ$gammur",
                  "exosig": "@saao/saa06%akk-x-neoass:ga-mur=gammuru[finished//completed]AJ'AJ$gammur",
                  "f": {
                    "lang": "akk-x-neoass",
                    "form": "ga-mur",
                    "cf": "gammuru",
                    "gw": "finished",
                    "sense": "completed",
                    "norm": "gammur",
                    "pos": "AJ",
                    "epos": "AJ"
                  }
                },
                {
                  "node": "l",
                  "frag": "SUM-ni",
                  "id": "P335265.l00126",
                  "ref": "P335265.13.3",
                  "inst": "tadnu[given//paid]AJ$tadni",
                  "exosig": "@saao/saa06%akk-x-neoass:SUM-ni=tadnu[given//paid]AJ'AJ$tadni",
                  "f": {
                    "lang": "akk-x-neoass",
                    "form": "SUM-ni",
                    "cf": "tadnu",
                    "gw": "given",
                    "sense": "paid",
                    "norm": "tadni",
                    "pos": "AJ",
                    "epos": "AJ"
                  }
                },
                {
                  "node": "l",
                  "frag": "DI.KUD",
                  "id": "P335265.l00127",
                  "ref": "P335265.13.4",
                  "inst": "dīnu[legal decision//lawsuit]N$dēnu",
                  "exosig": "@saao/saa06%akk-x-neoass:DI.KUD=dīnu[legal decision//lawsuit]N'N$dēnu",
                  "f": {
                    "lang": "akk-x-neoass",
                    "form": "DI.KUD",
                    "cf": "dīnu",
                    "gw": "legal decision",
                    "sense": "lawsuit",
                    "norm": "dēnu",
                    "pos": "N",
                    "epos": "N"
                  }
                },
                {
                  "node": "l",
                  "frag": "DUG₄.⸢DUG₄⸣",
                  "id": "P335265.l00128",
                  "ref": "P335265.13.5",
                  "inst": "dabābu[speak//litigation]V'N$",
                  "exosig": "@saao/saa06%akk-x-neoass:DUG₄.DUG₄=dabābu[speak//litigation]V'N$dabābu",
                  "f": {
                    "lang": "akk-x-neoass",
                    "form": "DUG₄.DUG₄",
                    "cf": "dabābu",
                    "gw": "speak",
                    "sense": "litigation",
                    "norm": "dabābu",
                    "pos": "V",
                    "epos": "N"
                  }
                },
                {
                  "node": "l",
                  "frag": "la-a-šu₂",
                  "id": "P335265.l00129",
                  "ref": "P335265.13.6",
                  "inst": "lāšu[(there) is not]V",
                  "exosig": "@saao/saa06%akk-x-neoass:la-a-šu₂=laššu[(there) is not//(there) is not]V'V$lāšu",
                  "f": {
                    "lang": "akk-x-neoass",
                    "form": "la-a-šu₂",
                    "cf": "laššu",
                    "gw": "(there) is not",
                    "sense": "(there) is not",
                    "norm": "lāšu",
                    "pos": "V",
                    "epos": "V"
                  }
                },
                {
                  "node": "d",
                  "type": "nonx",
                  "ref": "P335265.14",
                  "strict": "1",
                  "extent": "n",
                  "scope": "line",
                  "state": "ruling"
                },
                {
                  "node": "d",
                  "subtype": "reverse",
                  "type": "reverse",
                  "ref": "P335265.r.15",
                  "label": "r"
                },
                {
                  "node": "d",
                  "type": "line-start",
                  "ref": "P335265.16",
                  "n": "1",
                  "label": "r 1"
                },
                {
                  "node": "l",
                  "frag": "IGI",
                  "id": "P335265.l0012a",
                  "ref": "P335265.16.1",
                  "inst": "šību[old man//witness]N$",
                  "exosig": "@saao/saa06%akk-x-neoass:IGI=šību[witness//witness]N'N$šību",
                  "f": {
                    "lang": "akk-x-neoass",
                    "form": "IGI",
                    "cf": "šību",
                    "gw": "witness",
                    "sense": "witness",
                    "norm": "šību",
                    "pos": "N",
                    "epos": "N"
                  }
                },
                {
                  "node": "l",
                  "frag": "{1}qur-di-{d}U.GUR",
                  "id": "P335265.l0012b",
                  "ref": "P335265.16.2",
                  "inst": "Qurdi-Nergal[1]PN$",
                  "exosig": "@saao/saa06%akk-x-neoass:{1}qur-di-{d}U.GUR=Qurdi-Nergal[1//1]PN'PN$Qurdi-Nergal",
                  "f": {
                    "lang": "akk-x-neoass",
                    "form": "{1}qur-di-{d}U.GUR",
                    "cf": "Qurdi-Nergal",
                    "gw": "1",
                    "sense": "1",
                    "norm": "Qurdi-Nergal",
                    "pos": "PN",
                    "epos": "PN"
                  }
                },
                {
                  "node": "l",
                  "frag": "<DUMU>",
                  "id": "P335265.l0012c",
                  "ref": "P335265.16.3",
                  "inst": "mār[son]N",
                  "exosig": "@saao/saa06%akk-x-neoass:DUMU=māru[son//son]N'N$mār",
                  "f": {
                    "lang": "akk-x-neoass",
                    "form": "DUMU",
                    "cf": "māru",
                    "gw": "son",
                    "sense": "son",
                    "norm": "mār",
                    "pos": "N",
                    "epos": "N"
                  }
                },
                {
                  "node": "l",
                  "frag": "{1}ṭa-bu-su",
                  "id": "P335265.l0012d",
                  "ref": "P335265.16.4",
                  "inst": "Ṭabussu[1]PN$",
                  "exosig": "@saao/saa06%akk-x-neoass:{1}ṭa-bu-su=Ṭabussu[1//1]PN'PN$Ṭabussu",
                  "f": {
                    "lang": "akk-x-neoass",
                    "form": "{1}ṭa-bu-su",
                    "cf": "Ṭabussu",
                    "gw": "1",
                    "sense": "1",
                    "norm": "Ṭabussu",
                    "pos": "PN",
                    "epos": "PN"
                  }
                },
                {
                  "node": "d",
                  "type": "line-start",
                  "ref": "P335265.17",
                  "n": "2",
                  "label": "r 2"
                },
                {
                  "node": "l",
                  "frag": "IGI",
                  "id": "P335265.l0012e",
                  "ref": "P335265.17.1",
                  "inst": "šību[old man//witness]N$",
                  "exosig": "@saao/saa06%akk-x-neoass:IGI=šību[witness//witness]N'N$šību",
                  "f": {
                    "lang": "akk-x-neoass",
                    "form": "IGI",
                    "cf": "šību",
                    "gw": "witness",
                    "sense": "witness",
                    "norm": "šību",
                    "pos": "N",
                    "epos": "N"
                  }
                },
                {
                  "node": "l",
                  "frag": "{1}ur-di-i",
                  "id": "P335265.l0012f",
                  "ref": "P335265.17.2",
                  "inst": "Urdi[1]PN$",
                  "exosig": "@saao/saa06%akk-x-neoass:{1}ur-di-i=Urdi[1//1]PN'PN$Urdi",
                  "f": {
                    "lang": "akk-x-neoass",
                    "form": "{1}ur-di-i",
                    "cf": "Urdi",
                    "gw": "1",
                    "sense": "1",
                    "norm": "Urdi",
                    "pos": "PN",
                    "epos": "PN"
                  }
                },
                {
                  "node": "l",
                  "frag": "DUMU",
                  "id": "P335265.l00130",
                  "ref": "P335265.17.3",
                  "inst": "mār[son]N",
                  "exosig": "@saao/saa06%akk-x-neoass:DUMU=māru[son//son]N'N$mār",
                  "f": {
                    "lang": "akk-x-neoass",
                    "form": "DUMU",
                    "cf": "māru",
                    "gw": "son",
                    "sense": "son",
                    "norm": "mār",
                    "pos": "N",
                    "epos": "N"
                  }
                },
                {
                  "node": "l",
                  "frag": "{1}su-su-u₂",
                  "id": "P335265.l00131",
                  "ref": "P335265.17.4",
                  "inst": "Susu[1]PN$",
                  "exosig": "@saao/saa06%akk-x-neoass:{1}su-su-u₂=Susu[1//1]PN'PN$Susu",
                  "f": {
                    "lang": "akk-x-neoass",
                    "form": "{1}su-su-u₂",
                    "cf": "Susu",
                    "gw": "1",
                    "sense": "1",
                    "norm": "Susu",
                    "pos": "PN",
                    "epos": "PN"
                  }
                },
                {
                  "node": "d",
                  "type": "line-start",
                  "ref": "P335265.18",
                  "n": "3",
                  "label": "r 3"
                },
                {
                  "node": "l",
                  "frag": "IGI",
                  "id": "P335265.l00132",
                  "ref": "P335265.18.1",
                  "inst": "šību[old man//witness]N$",
                  "exosig": "@saao/saa06%akk-x-neoass:IGI=šību[witness//witness]N'N$šību",
                  "f": {
                    "lang": "akk-x-neoass",
                    "form": "IGI",
                    "cf": "šību",
                    "gw": "witness",
                    "sense": "witness",
                    "norm": "šību",
                    "pos": "N",
                    "epos": "N"
                  }
                },
                {
                  "node": "l",
                  "frag": "{1}aš-šur-A-AŠ",
                  "id": "P335265.l00133",
                  "ref": "P335265.18.2",
                  "inst": "Aššur-aplu-iddina[1]PN$",
                  "exosig": "@saao/saa06%akk-x-neoass:{1}aš-šur-A-AŠ=Aššur-aplu-iddina[1//1]PN'PN$Aššur-aplu-iddina",
                  "f": {
                    "lang": "akk-x-neoass",
                    "form": "{1}aš-šur-A-AŠ",
                    "cf": "Aššur-aplu-iddina",
                    "gw": "1",
                    "sense": "1",
                    "norm": "Aššur-aplu-iddina",
                    "pos": "PN",
                    "epos": "PN"
                  }
                },
                {
                  "node": "l",
                  "frag": "IGI",
                  "id": "P335265.l00134",
                  "ref": "P335265.18.3",
                  "inst": "šību[old man//witness]N$",
                  "exosig": "@saao/saa06%akk-x-neoass:IGI=šību[witness//witness]N'N$šību",
                  "f": {
                    "lang": "akk-x-neoass",
                    "form": "IGI",
                    "cf": "šību",
                    "gw": "witness",
                    "sense": "witness",
                    "norm": "šību",
                    "pos": "N",
                    "epos": "N"
                  }
                },
                {
                  "node": "l",
                  "frag": "{1}SUHUŠ-i",
                  "id": "P335265.l00135",
                  "ref": "P335265.18.4",
                  "inst": "Ubri[1]PN$",
                  "exosig": "@saao/saa06%akk-x-neoass:{1}SUHUŠ-i=Ubri[1//1]PN'PN$Ubri",
                  "f": {
                    "lang": "akk-x-neoass",
                    "form": "{1}SUHUŠ-i",
                    "cf": "Ubri",
                    "gw": "1",
                    "sense": "1",
                    "norm": "Ubri",
                    "pos": "PN",
                    "epos": "PN"
                  }
                },
                {
                  "node": "d",
                  "type": "line-start",
                  "ref": "P335265.19",
                  "n": "4",
                  "label": "r 4"
                },
                {
                  "node": "d",
                  "type": "nonw",
                  "ref": ""
                },
                {
                  "node": "l",
                  "frag": "{lu₂v}I₃.ŠUR",
                  "id": "P335265.l00136",
                  "ref": "P335265.19.1",
                  "inst": "ṣāhitu[oil-presser]N$",
                  "exosig": "@saao/saa06%akk-x-neoass:{LU₂}I₃.ŠUR=ṣāhitu[oil-presser//oil-presser]N'N$ṣāhitu",
                  "f": {
                    "lang": "akk-x-neoass",
                    "form": "{LU₂}I₃.ŠUR",
                    "cf": "ṣāhitu",
                    "gw": "oil-presser",
                    "sense": "oil-presser",
                    "norm": "ṣāhitu",
                    "pos": "N",
                    "epos": "N"
                  }
                },
                {
                  "node": "d",
                  "type": "line-start",
                  "ref": "P335265.20",
                  "n": "5",
                  "label": "r 5"
                },
                {
                  "node": "l",
                  "frag": "⸢IGI⸣",
                  "id": "P335265.l00137",
                  "ref": "P335265.20.1",
                  "inst": "šību[old man//witness]N$",
                  "exosig": "@saao/saa06%akk-x-neoass:IGI=šību[witness//witness]N'N$šību",
                  "f": {
                    "lang": "akk-x-neoass",
                    "form": "IGI",
                    "cf": "šību",
                    "gw": "witness",
                    "sense": "witness",
                    "norm": "šību",
                    "pos": "N",
                    "epos": "N"
                  }
                },
                {
                  "node": "l",
                  "frag": "{1}ni-nu-a.a",
                  "id": "P335265.l00138",
                  "ref": "P335265.20.2",
                  "inst": "Ninuayu[1]PN$",
                  "exosig": "@saao/saa06%akk-x-neoass:{1}ni-nu-a.a=Ninuayu[1//1]PN'PN$Ninuayu",
                  "f": {
                    "lang": "akk-x-neoass",
                    "form": "{1}ni-nu-a.a",
                    "cf": "Ninuayu",
                    "gw": "1",
                    "sense": "1",
                    "norm": "Ninuayu",
                    "pos": "PN",
                    "epos": "PN"
                  }
                },
                {
                  "node": "l",
                  "frag": "{⸢lu₂v⸣}[x",
                  "id": "P335265.l00139",
                  "ref": "P335265.20.3",
                  "inst": "u",
                  "f": {
                    "lang": "akk-x-neoass",
                    "form": "{LU₂}x",
                    "pos": "u"
                  }
                },
                {
                  "node": "l",
                  "frag": "x",
                  "id": "P335265.l0013a",
                  "ref": "P335265.20.4",
                  "inst": "u",
                  "f": {
                    "lang": "akk-x-neoass",
                    "form": "x",
                    "pos": "u"
                  }
                },
                {
                  "node": "l",
                  "frag": "x]",
                  "id": "P335265.l0013b",
                  "ref": "P335265.20.5",
                  "inst": "u",
                  "f": {
                    "lang": "akk-x-neoass",
                    "form": "x",
                    "pos": "u"
                  }
                },
                {
                  "node": "d",
                  "type": "line-start",
                  "ref": "P335265.21",
                  "n": "6",
                  "label": "r 6"
                },
                {
                  "node": "l",
                  "frag": "⸢IGI⸣",
                  "id": "P335265.l0013c",
                  "ref": "P335265.21.1",
                  "inst": "šību[old man//witness]N$",
                  "exosig": "@saao/saa06%akk-x-neoass:IGI=šību[witness//witness]N'N$šību",
                  "f": {
                    "lang": "akk-x-neoass",
                    "form": "IGI",
                    "cf": "šību",
                    "gw": "witness",
                    "sense": "witness",
                    "norm": "šību",
                    "pos": "N",
                    "epos": "N"
                  }
                },
                {
                  "node": "l",
                  "frag": "{1}qur-di-DINGIR-[x",
                  "id": "P335265.l0013d",
                  "ref": "P335265.21.2",
                  "inst": "u",
                  "f": {
                    "lang": "akk-x-neoass",
                    "form": "{1}qur-di-DINGIR-x",
                    "pos": "u"
                  }
                },
                {
                  "node": "l",
                  "frag": "x",
                  "id": "P335265.l0013e",
                  "ref": "P335265.21.3",
                  "inst": "u",
                  "f": {
                    "lang": "akk-x-neoass",
                    "form": "x",
                    "pos": "u"
                  }
                },
                {
                  "node": "l",
                  "frag": "x]",
                  "id": "P335265.l0013f",
                  "ref": "P335265.21.4",
                  "inst": "u",
                  "f": {
                    "lang": "akk-x-neoass",
                    "form": "x",
                    "pos": "u"
                  }
                },
                {
                  "node": "d",
                  "type": "nonx",
                  "ref": "P335265.22",
                  "strict": "1",
                  "extent": "1",
                  "scope": "line",
                  "state": "blank"
                },
                {
                  "node": "d",
                  "type": "line-start",
                  "ref": "P335265.23",
                  "n": "7",
                  "label": "r 7"
                },
                {
                  "node": "l",
                  "frag": "{iti}GUD",
                  "id": "P335265.l00140",
                  "ref": "P335265.23.1",
                  "inst": "Ayaru[Iyyar]MN$",
                  "exosig": "@saao/saa06%akk-x-neoass:{ITI}GUD=Ayaru[Iyyar//Iyyar]MN'MN$Ayaru",
                  "f": {
                    "lang": "akk-x-neoass",
                    "form": "{ITI}GUD",
                    "cf": "Ayaru",
                    "gw": "Iyyar",
                    "sense": "Iyyar",
                    "norm": "Ayaru",
                    "pos": "MN",
                    "epos": "MN"
                  }
                },
                {
                  "node": "l",
                  "frag": "UD",
                  "id": "P335265.l00141",
                  "ref": "P335265.23.2",
                  "inst": "ūm[day]N",
                  "exosig": "@saao/saa06%akk-x-neoass:UD=ūmu[day//day]N'N$ūm",
                  "f": {
                    "lang": "akk-x-neoass",
                    "form": "UD",
                    "cf": "ūmu",
                    "gw": "day",
                    "sense": "day",
                    "norm": "ūm",
                    "pos": "N",
                    "epos": "N"
                  }
                },
                {
                  "node": "l",
                  "frag": "09-⸢KAM₂\\t⸣",
                  "id": "P335265.l00142",
                  "ref": "P335265.23.3",
                  "inst": "n",
                  "f": {
                    "lang": "akk-x-neoass",
                    "form": "09-KAM₂",
                    "pos": "n"
                  }
                },
                {
                  "node": "l",
                  "frag": "[lim-mu]",
                  "id": "P335265.l00143",
                  "ref": "P335265.23.4",
                  "inst": "limmu[eponym (of year)]N",
                  "exosig": "@saao/saa06%akk-x-neoass:lim-mu=līmu[eponym (of year)//eponym (of year)]N'N$limmu",
                  "f": {
                    "lang": "akk-x-neoass",
                    "form": "lim-mu",
                    "cf": "līmu",
                    "gw": "eponym (of year)",
                    "sense": "eponym (of year)",
                    "norm": "limmu",
                    "pos": "N",
                    "epos": "N"
                  }
                },
                {
                  "node": "d",
                  "subtype": "right",
                  "type": "right",
                  "ref": "P335265.r.e..24",
                  "label": "r.e."
                },
                {
                  "node": "d",
                  "type": "line-start",
                  "ref": "P335265.25",
                  "n": "8",
                  "label": "r.e. 8"
                },
                {
                  "node": "l",
                  "frag": "{1}EN-IGI.LAL-[an-ni",
                  "id": "P335265.l00144",
                  "ref": "P335265.25.1",
                  "inst": "Bel-emuranni[1]PN$",
                  "exosig": "@saao/saa06%akk-x-neoass:{1}EN-IGI.LAL-an-ni=Bel-emuranni[1//1]PN'PN$Bel-emuranni",
                  "f": {
                    "lang": "akk-x-neoass",
                    "form": "{1}EN-IGI.LAL-an-ni",
                    "cf": "Bel-emuranni",
                    "gw": "1",
                    "sense": "1",
                    "norm": "Bel-emuranni",
                    "pos": "PN",
                    "epos": "PN"
                  }
                },
                {
                  "node": "l",
                  "frag": "x",
                  "id": "P335265.l00145",
                  "ref": "P335265.25.2",
                  "inst": "u",
                  "f": {
                    "lang": "akk-x-neoass",
                    "form": "x",
                    "pos": "u"
                  }
                },
                {
                  "node": "l",
                  "frag": "x",
                  "id": "P335265.l00146",
                  "ref": "P335265.25.3",
                  "inst": "u",
                  "f": {
                    "lang": "akk-x-neoass",
                    "form": "x",
                    "pos": "u"
                  }
                },
                {
                  "node": "l",
                  "frag": "x]",
                  "id": "P335265.l00147",
                  "ref": "P335265.25.4",
                  "inst": "u",
                  "f": {
                    "lang": "akk-x-neoass",
                    "form": "x",
                    "pos": "u"
                  }
                }
              ]
            }
          ]
        }
      ]
    },
    {
      "linkbase": [
        {
          "type": "linkset",
          "xlink_title": "ina libbi[in//(in exchange) for]PRP'PRP",
          "id": "P335265.ls00000",
          "xlink_type": "extended",
          "xlink_role": "psu",
          "sig": "{ina[in]PRP libbu[interior]N += ina libbi[in//(in exchange) for]PRP'PRP}::@saao%akk-x-neoass:ina=ina[in//into]PRP'PRP$ina++@saao%akk-x-neoass:ŠA₃=libbu[interior//interior]N'N$libbi",
          "links": [
            {
              "type": "link",
              "xlink_title": "ina",
              "xlink_type": "locator",
              "xlink_href": "#P335265.l0011e",
              "xlink_role": "elt"
            },
            {
              "type": "link",
              "xlink_title": "libbu",
              "xlink_type": "locator",
              "xlink_href": "#P335265.l0011f",
              "xlink_role": "elt"
            }
          ]
        }
      ]
    }
  ]
}
