{
  "type": "cdl",
  "source": "http://oracc.org/saao/saa06",
  "license": "This data is released under the CC0 license",
  "license-url": "https://creativecommons.org/publicdomain/zero/1.0/",
  "more-info": "http://oracc.org/doc/opendata/",
  "UTC-timestamp": "2017-06-10T00:42:37",
  "project": "saao/saa06",
  "textid": "P335945",
  "cdl": [
    {
      "node": "c",
      "type": "text",
      "id": "P335945.U0",
      "cdl": [
        {
          "node": "d",
          "type": "object",
          "ref": ""
        },
        {
          "node": "d",
          "subtype": "obverse",
          "type": "obverse",
          "ref": "P335945.o.1",
          "label": "o"
        },
        {
          "node": "d",
          "type": "nonx",
          "ref": "P335945.2",
          "strict": "0",
          "state": "other"
        },
        {
          "node": "c",
          "type": "discourse",
          "subtype": "body",
          "id": "P335945.U1",
          "cdl": [
            {
              "node": "c",
              "type": "sentence",
              "id": "P335945.U2",
              "label": "o 1 - r 4",
              "cdl": [
                {
                  "node": "d",
                  "type": "line-start",
                  "ref": "P335945.3",
                  "n": "1",
                  "label": "o 1"
                },
                {
                  "node": "l",
                  "frag": "{mi₂}GAŠAN-PAB",
                  "id": "P335945.l020d1",
                  "ref": "P335945.3.1",
                  "inst": "Belet-uṣri[1]PN$",
                  "exosig": "@saao/saa06%akk-x-neoass:{MI₂}GAŠAN-PAB=Belet-uṣri[1//1]PN'PN$Belet-uṣri",
                  "f": {
                    "lang": "akk-x-neoass",
                    "form": "{MI₂}GAŠAN-PAB",
                    "cf": "Belet-uṣri",
                    "gw": "1",
                    "sense": "1",
                    "norm": "Belet-uṣri",
                    "pos": "PN",
                    "epos": "PN"
                  }
                },
                {
                  "node": "l",
                  "frag": "{mi₂}[x",
                  "id": "P335945.l020d2",
                  "ref": "P335945.3.2",
                  "inst": "u",
                  "f": {
                    "lang": "akk-x-neoass",
                    "form": "{MI₂}x",
                    "pos": "u"
                  }
                },
                {
                  "node": "l",
                  "frag": "x",
                  "id": "P335945.l020d3",
                  "ref": "P335945.3.3",
                  "inst": "u",
                  "f": {
                    "lang": "akk-x-neoass",
                    "form": "x",
                    "pos": "u"
                  }
                },
                {
                  "node": "l",
                  "frag": "x",
                  "id": "P335945.l020d4",
                  "ref": "P335945.3.4",
                  "inst": "u",
                  "f": {
                    "lang": "akk-x-neoass",
                    "form": "x",
                    "pos": "u"
                  }
                },
                {
                  "node": "l",
                  "frag": "x",
                  "id": "P335945.l020d5",
                  "ref": "P335945.3.5",
                  "inst": "u",
                  "f": {
                    "lang": "akk-x-neoass",
                    "form": "x",
                    "pos": "u"
                  }
                },
                {
                  "node": "l",
                  "frag": "x",
                  "id": "P335945.l020d6",
                  "ref": "P335945.3.6",
                  "inst": "u",
                  "f": {
                    "lang": "akk-x-neoass",
                    "form": "x",
                    "pos": "u"
                  }
                },
                {
                  "node": "l",
                  "frag": "x",
                  "id": "P335945.l020d7",
                  "ref": "P335945.3.7",
                  "inst": "u",
                  "f": {
                    "lang": "akk-x-neoass",
                    "form": "x",
                    "pos": "u"
                  }
                },
                {
                  "node": "l",
                  "frag": "x]",
                  "id": "P335945.l020d8",
                  "ref": "P335945.3.8",
                  "inst": "u",
                  "f": {
                    "lang": "akk-x-neoass",
                    "form": "x",
                    "pos": "u"
                  }
                },
                {
                  "node": "d",
                  "type": "line-start",
                  "ref": "P335945.4",
                  "n": "2",
                  "label": "o 2"
                },
                {
                  "node": "l",
                  "frag": "{1}{d}PA-de-ni-[DU₃-uš",
                  "id": "P335945.l020d9",
                  "ref": "P335945.4.1",
                  "inst": "Nabu-deni-epuš[1]PN",
                  "exosig": "@saao/saa06%akk-x-neoass:{1}{d}PA-de-ni-DU₃-uš=Nabu-deni-epuš[1//1]PN'PN$Nabu-deni-epuš",
                  "f": {
                    "lang": "akk-x-neoass",
                    "form": "{1}{d}PA-de-ni-DU₃-uš",
                    "cf": "Nabu-deni-epuš",
                    "gw": "1",
                    "sense": "1",
                    "norm": "Nabu-deni-epuš",
                    "pos": "PN",
                    "epos": "PN"
                  }
                },
                {
                  "node": "l",
                  "frag": "{1}x",
                  "id": "P335945.l020da",
                  "ref": "P335945.4.2",
                  "inst": "u",
                  "f": {
                    "lang": "akk-x-neoass",
                    "form": "{1}x",
                    "pos": "u"
                  }
                },
                {
                  "node": "l",
                  "frag": "x",
                  "id": "P335945.l020db",
                  "ref": "P335945.4.3",
                  "inst": "u",
                  "f": {
                    "lang": "akk-x-neoass",
                    "form": "x",
                    "pos": "u"
                  }
                },
                {
                  "node": "l",
                  "frag": "x",
                  "id": "P335945.l020dc",
                  "ref": "P335945.4.4",
                  "inst": "u",
                  "f": {
                    "lang": "akk-x-neoass",
                    "form": "x",
                    "pos": "u"
                  }
                },
                {
                  "node": "l",
                  "frag": "x]",
                  "id": "P335945.l020dd",
                  "ref": "P335945.4.5",
                  "inst": "u",
                  "f": {
                    "lang": "akk-x-neoass",
                    "form": "x",
                    "pos": "u"
                  }
                },
                {
                  "node": "d",
                  "type": "line-start",
                  "ref": "P335945.5",
                  "n": "3",
                  "label": "o 3"
                },
                {
                  "node": "l",
                  "frag": "{1}PAB-im-me-⸢e⸣",
                  "id": "P335945.l020de",
                  "ref": "P335945.5.1",
                  "inst": "Ah-imme[1]PN$",
                  "exosig": "@saao/saa06%akk-x-neoass:{1}PAB-im-me-e=Ah-imme[1//1]PN'PN$Ah-imme",
                  "f": {
                    "lang": "akk-x-neoass",
                    "form": "{1}PAB-im-me-e",
                    "cf": "Ah-imme",
                    "gw": "1",
                    "sense": "1",
                    "norm": "Ah-imme",
                    "pos": "PN",
                    "epos": "PN"
                  }
                },
                {
                  "node": "l",
                  "frag": "{1}x",
                  "id": "P335945.l020df",
                  "ref": "P335945.5.2",
                  "inst": "u",
                  "f": {
                    "lang": "akk-x-neoass",
                    "form": "{1}x",
                    "pos": "u"
                  }
                },
                {
                  "node": "l",
                  "frag": "x",
                  "id": "P335945.l020e0",
                  "ref": "P335945.5.3",
                  "inst": "u",
                  "f": {
                    "lang": "akk-x-neoass",
                    "form": "x",
                    "pos": "u"
                  }
                },
                {
                  "node": "l",
                  "frag": "x",
                  "id": "P335945.l020e1",
                  "ref": "P335945.5.4",
                  "inst": "u",
                  "f": {
                    "lang": "akk-x-neoass",
                    "form": "x",
                    "pos": "u"
                  }
                },
                {
                  "node": "l",
                  "frag": "x",
                  "id": "P335945.l020e2",
                  "ref": "P335945.5.5",
                  "inst": "u",
                  "f": {
                    "lang": "akk-x-neoass",
                    "form": "x",
                    "pos": "u"
                  }
                },
                {
                  "node": "l",
                  "frag": "x",
                  "id": "P335945.l020e3",
                  "ref": "P335945.5.6",
                  "inst": "u",
                  "f": {
                    "lang": "akk-x-neoass",
                    "form": "x",
                    "pos": "u"
                  }
                },
                {
                  "node": "l",
                  "frag": "x]",
                  "id": "P335945.l020e4",
                  "ref": "P335945.5.7",
                  "inst": "u",
                  "f": {
                    "lang": "akk-x-neoass",
                    "form": "x",
                    "pos": "u"
                  }
                },
                {
                  "node": "d",
                  "type": "line-start",
                  "ref": "P335945.6",
                  "n": "4",
                  "label": "o 4"
                },
                {
                  "node": "l",
                  "frag": "{1}tam-lu-u-⸢ti⸣",
                  "id": "P335945.l020e5",
                  "ref": "P335945.6.1",
                  "inst": "Tamluti[1]PN$",
                  "exosig": "@saao/saa06%akk-x-neoass:{1}tam-lu-u-ti=Tamluti[1//1]PN'PN$Tamluti",
                  "f": {
                    "lang": "akk-x-neoass",
                    "form": "{1}tam-lu-u-ti",
                    "cf": "Tamluti",
                    "gw": "1",
                    "sense": "1",
                    "norm": "Tamluti",
                    "pos": "PN",
                    "epos": "PN"
                  }
                },
                {
                  "node": "l",
                  "frag": "{1}x",
                  "id": "P335945.l020e6",
                  "ref": "P335945.6.2",
                  "inst": "u",
                  "f": {
                    "lang": "akk-x-neoass",
                    "form": "{1}x",
                    "pos": "u"
                  }
                },
                {
                  "node": "l",
                  "frag": "x",
                  "id": "P335945.l020e7",
                  "ref": "P335945.6.3",
                  "inst": "u",
                  "f": {
                    "lang": "akk-x-neoass",
                    "form": "x",
                    "pos": "u"
                  }
                },
                {
                  "node": "l",
                  "frag": "x",
                  "id": "P335945.l020e8",
                  "ref": "P335945.6.4",
                  "inst": "u",
                  "f": {
                    "lang": "akk-x-neoass",
                    "form": "x",
                    "pos": "u"
                  }
                },
                {
                  "node": "l",
                  "frag": "x",
                  "id": "P335945.l020e9",
                  "ref": "P335945.6.5",
                  "inst": "u",
                  "f": {
                    "lang": "akk-x-neoass",
                    "form": "x",
                    "pos": "u"
                  }
                },
                {
                  "node": "l",
                  "frag": "x",
                  "id": "P335945.l020ea",
                  "ref": "P335945.6.6",
                  "inst": "u",
                  "f": {
                    "lang": "akk-x-neoass",
                    "form": "x",
                    "pos": "u"
                  }
                },
                {
                  "node": "l",
                  "frag": "x]",
                  "id": "P335945.l020eb",
                  "ref": "P335945.6.7",
                  "inst": "u",
                  "f": {
                    "lang": "akk-x-neoass",
                    "form": "x",
                    "pos": "u"
                  }
                },
                {
                  "node": "d",
                  "type": "line-start",
                  "ref": "P335945.7",
                  "n": "5",
                  "label": "o 5"
                },
                {
                  "node": "l",
                  "frag": "{1}{d}15--ta-SU",
                  "id": "P335945.l020ec",
                  "ref": "P335945.7.1",
                  "inst": "Issar-tariba[1]PN",
                  "exosig": "@saao/saa06%akk-x-neoass:{1}{d}15-ta-SU=Issar-tariba[1//1]PN'PN$Issar-tariba",
                  "f": {
                    "lang": "akk-x-neoass",
                    "form": "{1}{d}15-ta-SU",
                    "cf": "Issar-tariba",
                    "gw": "1",
                    "sense": "1",
                    "norm": "Issar-tariba",
                    "pos": "PN",
                    "epos": "PN"
                  }
                },
                {
                  "node": "l",
                  "frag": "{1}x",
                  "id": "P335945.l020ed",
                  "ref": "P335945.7.2",
                  "inst": "u",
                  "f": {
                    "lang": "akk-x-neoass",
                    "form": "{1}x",
                    "pos": "u"
                  }
                },
                {
                  "node": "l",
                  "frag": "x",
                  "id": "P335945.l020ee",
                  "ref": "P335945.7.3",
                  "inst": "u",
                  "f": {
                    "lang": "akk-x-neoass",
                    "form": "x",
                    "pos": "u"
                  }
                },
                {
                  "node": "l",
                  "frag": "x",
                  "id": "P335945.l020ef",
                  "ref": "P335945.7.4",
                  "inst": "u",
                  "f": {
                    "lang": "akk-x-neoass",
                    "form": "x",
                    "pos": "u"
                  }
                },
                {
                  "node": "l",
                  "frag": "x",
                  "id": "P335945.l020f0",
                  "ref": "P335945.7.5",
                  "inst": "u",
                  "f": {
                    "lang": "akk-x-neoass",
                    "form": "x",
                    "pos": "u"
                  }
                },
                {
                  "node": "l",
                  "frag": "x",
                  "id": "P335945.l020f1",
                  "ref": "P335945.7.6",
                  "inst": "u",
                  "f": {
                    "lang": "akk-x-neoass",
                    "form": "x",
                    "pos": "u"
                  }
                },
                {
                  "node": "l",
                  "frag": "x",
                  "id": "P335945.l020f2",
                  "ref": "P335945.7.7",
                  "inst": "u",
                  "f": {
                    "lang": "akk-x-neoass",
                    "form": "x",
                    "pos": "u"
                  }
                },
                {
                  "node": "l",
                  "frag": "x]",
                  "id": "P335945.l020f3",
                  "ref": "P335945.7.8",
                  "inst": "u",
                  "f": {
                    "lang": "akk-x-neoass",
                    "form": "x",
                    "pos": "u"
                  }
                },
                {
                  "node": "d",
                  "type": "line-start",
                  "ref": "P335945.8",
                  "n": "6",
                  "label": "o 6"
                },
                {
                  "node": "l",
                  "frag": "{1}{d}PA-GAL₂-ši",
                  "id": "P335945.l020f4",
                  "ref": "P335945.8.1",
                  "inst": "Nabu-ušabši[1]PN",
                  "exosig": "@saao/saa06%akk-x-neoass:{1}{d}PA-GAL₂-ši=Nabu-ušabši[1//1]PN'PN$Nabu-ušabši",
                  "f": {
                    "lang": "akk-x-neoass",
                    "form": "{1}{d}PA-GAL₂-ši",
                    "cf": "Nabu-ušabši",
                    "gw": "1",
                    "sense": "1",
                    "norm": "Nabu-ušabši",
                    "pos": "PN",
                    "epos": "PN"
                  }
                },
                {
                  "node": "l",
                  "frag": "{1}x",
                  "id": "P335945.l020f5",
                  "ref": "P335945.8.2",
                  "inst": "u",
                  "f": {
                    "lang": "akk-x-neoass",
                    "form": "{1}x",
                    "pos": "u"
                  }
                },
                {
                  "node": "l",
                  "frag": "x",
                  "id": "P335945.l020f6",
                  "ref": "P335945.8.3",
                  "inst": "u",
                  "f": {
                    "lang": "akk-x-neoass",
                    "form": "x",
                    "pos": "u"
                  }
                },
                {
                  "node": "l",
                  "frag": "x",
                  "id": "P335945.l020f7",
                  "ref": "P335945.8.4",
                  "inst": "u",
                  "f": {
                    "lang": "akk-x-neoass",
                    "form": "x",
                    "pos": "u"
                  }
                },
                {
                  "node": "l",
                  "frag": "x",
                  "id": "P335945.l020f8",
                  "ref": "P335945.8.5",
                  "inst": "u",
                  "f": {
                    "lang": "akk-x-neoass",
                    "form": "x",
                    "pos": "u"
                  }
                },
                {
                  "node": "l",
                  "frag": "x",
                  "id": "P335945.l020f9",
                  "ref": "P335945.8.6",
                  "inst": "u",
                  "f": {
                    "lang": "akk-x-neoass",
                    "form": "x",
                    "pos": "u"
                  }
                },
                {
                  "node": "l",
                  "frag": "x",
                  "id": "P335945.l020fa",
                  "ref": "P335945.8.7",
                  "inst": "u",
                  "f": {
                    "lang": "akk-x-neoass",
                    "form": "x",
                    "pos": "u"
                  }
                },
                {
                  "node": "l",
                  "frag": "x]",
                  "id": "P335945.l020fb",
                  "ref": "P335945.8.8",
                  "inst": "u",
                  "f": {
                    "lang": "akk-x-neoass",
                    "form": "x",
                    "pos": "u"
                  }
                },
                {
                  "node": "d",
                  "type": "line-start",
                  "ref": "P335945.9",
                  "n": "7",
                  "label": "o 7"
                },
                {
                  "node": "l",
                  "frag": "{1}TU-DINGIR-MEŠ",
                  "id": "P335945.l020fc",
                  "ref": "P335945.9.1",
                  "inst": "Erib-ilani[1]PN$",
                  "exosig": "@saao/saa06%akk-x-neoass:{1}TU-DINGIR-MEŠ=Erib-ilani[1//1]PN'PN$Erib-ilani",
                  "f": {
                    "lang": "akk-x-neoass",
                    "form": "{1}TU-DINGIR-MEŠ",
                    "cf": "Erib-ilani",
                    "gw": "1",
                    "sense": "1",
                    "norm": "Erib-ilani",
                    "pos": "PN",
                    "epos": "PN"
                  }
                },
                {
                  "node": "l",
                  "frag": "{lu₂v}[x",
                  "id": "P335945.l020fd",
                  "ref": "P335945.9.2",
                  "inst": "u",
                  "f": {
                    "lang": "akk-x-neoass",
                    "form": "{LU₂}x",
                    "pos": "u"
                  }
                },
                {
                  "node": "l",
                  "frag": "x",
                  "id": "P335945.l020fe",
                  "ref": "P335945.9.3",
                  "inst": "u",
                  "f": {
                    "lang": "akk-x-neoass",
                    "form": "x",
                    "pos": "u"
                  }
                },
                {
                  "node": "l",
                  "frag": "x",
                  "id": "P335945.l020ff",
                  "ref": "P335945.9.4",
                  "inst": "u",
                  "f": {
                    "lang": "akk-x-neoass",
                    "form": "x",
                    "pos": "u"
                  }
                },
                {
                  "node": "l",
                  "frag": "x",
                  "id": "P335945.l02100",
                  "ref": "P335945.9.5",
                  "inst": "u",
                  "f": {
                    "lang": "akk-x-neoass",
                    "form": "x",
                    "pos": "u"
                  }
                },
                {
                  "node": "l",
                  "frag": "x",
                  "id": "P335945.l02101",
                  "ref": "P335945.9.6",
                  "inst": "u",
                  "f": {
                    "lang": "akk-x-neoass",
                    "form": "x",
                    "pos": "u"
                  }
                },
                {
                  "node": "l",
                  "frag": "x]",
                  "id": "P335945.l02102",
                  "ref": "P335945.9.7",
                  "inst": "u",
                  "f": {
                    "lang": "akk-x-neoass",
                    "form": "x",
                    "pos": "u"
                  }
                },
                {
                  "node": "d",
                  "type": "line-start",
                  "ref": "P335945.10",
                  "n": "8",
                  "label": "o 8"
                },
                {
                  "node": "l",
                  "frag": "{1}{d}PA-GI",
                  "id": "P335945.l02103",
                  "ref": "P335945.10.1",
                  "inst": "Nabu-ušallim[1]PN$",
                  "exosig": "@saao/saa06%akk-x-neoass:{1}{d}PA-GI=Nabu-ušallim[1//1]PN'PN$Nabu-ušallim",
                  "f": {
                    "lang": "akk-x-neoass",
                    "form": "{1}{d}PA-GI",
                    "cf": "Nabu-ušallim",
                    "gw": "1",
                    "sense": "1",
                    "norm": "Nabu-ušallim",
                    "pos": "PN",
                    "epos": "PN"
                  }
                },
                {
                  "node": "l",
                  "frag": "{1}mar-tu₂-[x",
                  "id": "P335945.l02104",
                  "ref": "P335945.10.2",
                  "inst": "Martuʾ[1]PN$",
                  "exosig": "@saao/saa06%akk-x-neoass:{1}mar-tu₂-x=Martuʾ[1//1]PN'PN$Martuʾ",
                  "f": {
                    "lang": "akk-x-neoass",
                    "form": "{1}mar-tu₂-x",
                    "cf": "Martuʾ",
                    "gw": "1",
                    "sense": "1",
                    "norm": "Martuʾ",
                    "pos": "PN",
                    "epos": "PN"
                  }
                },
                {
                  "node": "l",
                  "frag": "{1}x",
                  "id": "P335945.l02105",
                  "ref": "P335945.10.3",
                  "inst": "u",
                  "f": {
                    "lang": "akk-x-neoass",
                    "form": "{1}x",
                    "pos": "u"
                  }
                },
                {
                  "node": "l",
                  "frag": "x",
                  "id": "P335945.l02106",
                  "ref": "P335945.10.4",
                  "inst": "u",
                  "f": {
                    "lang": "akk-x-neoass",
                    "form": "x",
                    "pos": "u"
                  }
                },
                {
                  "node": "l",
                  "frag": "x",
                  "id": "P335945.l02107",
                  "ref": "P335945.10.5",
                  "inst": "u",
                  "f": {
                    "lang": "akk-x-neoass",
                    "form": "x",
                    "pos": "u"
                  }
                },
                {
                  "node": "l",
                  "frag": "x",
                  "id": "P335945.l02108",
                  "ref": "P335945.10.6",
                  "inst": "u",
                  "f": {
                    "lang": "akk-x-neoass",
                    "form": "x",
                    "pos": "u"
                  }
                },
                {
                  "node": "l",
                  "frag": "x]",
                  "id": "P335945.l02109",
                  "ref": "P335945.10.7",
                  "inst": "u",
                  "f": {
                    "lang": "akk-x-neoass",
                    "form": "x",
                    "pos": "u"
                  }
                },
                {
                  "node": "d",
                  "type": "line-start",
                  "ref": "P335945.11",
                  "n": "9",
                  "label": "o 9"
                },
                {
                  "node": "l",
                  "frag": "{1}sa-la-ma-{d}IM",
                  "id": "P335945.l0210a",
                  "ref": "P335945.11.1",
                  "inst": "Salam-Adad[1]PN$Salama-Adad",
                  "exosig": "@saao/saa06%akk-x-neoass:{1}sa-la-ma-{d}IM=Salam-Adad[1//1]PN'PN$Salama-Adad",
                  "f": {
                    "lang": "akk-x-neoass",
                    "form": "{1}sa-la-ma-{d}IM",
                    "cf": "Salam-Adad",
                    "gw": "1",
                    "sense": "1",
                    "norm": "Salama-Adad",
                    "pos": "PN",
                    "epos": "PN"
                  }
                },
                {
                  "node": "l",
                  "frag": "{1}x",
                  "id": "P335945.l0210b",
                  "ref": "P335945.11.2",
                  "inst": "u",
                  "f": {
                    "lang": "akk-x-neoass",
                    "form": "{1}x",
                    "pos": "u"
                  }
                },
                {
                  "node": "l",
                  "frag": "x",
                  "id": "P335945.l0210c",
                  "ref": "P335945.11.3",
                  "inst": "u",
                  "f": {
                    "lang": "akk-x-neoass",
                    "form": "x",
                    "pos": "u"
                  }
                },
                {
                  "node": "l",
                  "frag": "x",
                  "id": "P335945.l0210d",
                  "ref": "P335945.11.4",
                  "inst": "u",
                  "f": {
                    "lang": "akk-x-neoass",
                    "form": "x",
                    "pos": "u"
                  }
                },
                {
                  "node": "l",
                  "frag": "x",
                  "id": "P335945.l0210e",
                  "ref": "P335945.11.5",
                  "inst": "u",
                  "f": {
                    "lang": "akk-x-neoass",
                    "form": "x",
                    "pos": "u"
                  }
                },
                {
                  "node": "l",
                  "frag": "x",
                  "id": "P335945.l0210f",
                  "ref": "P335945.11.6",
                  "inst": "u",
                  "f": {
                    "lang": "akk-x-neoass",
                    "form": "x",
                    "pos": "u"
                  }
                },
                {
                  "node": "l",
                  "frag": "x]",
                  "id": "P335945.l02110",
                  "ref": "P335945.11.7",
                  "inst": "u",
                  "f": {
                    "lang": "akk-x-neoass",
                    "form": "x",
                    "pos": "u"
                  }
                },
                {
                  "node": "d",
                  "subtype": "bottom",
                  "type": "bottom",
                  "ref": "P335945.b.e..12",
                  "label": "b.e."
                },
                {
                  "node": "d",
                  "type": "line-start",
                  "ref": "P335945.13",
                  "n": "10",
                  "label": "b.e. 10"
                },
                {
                  "node": "l",
                  "frag": "{1}ha-⸢an⸣-ni-⸢i⸣",
                  "id": "P335945.l02111",
                  "ref": "P335945.13.1",
                  "inst": "Hanni[1]PN$",
                  "exosig": "@saao/saa06%akk-x-neoass:{1}ha-an-ni-i=Hanni[1//1]PN'PN$Hanni",
                  "f": {
                    "lang": "akk-x-neoass",
                    "form": "{1}ha-an-ni-i",
                    "cf": "Hanni",
                    "gw": "1",
                    "sense": "1",
                    "norm": "Hanni",
                    "pos": "PN",
                    "epos": "PN"
                  }
                },
                {
                  "node": "l",
                  "frag": "ša",
                  "id": "P335945.l02112",
                  "ref": "P335945.13.2",
                  "inst": "ša[of]DET",
                  "exosig": "@saao/saa06%akk-x-neoass:ša=ša[of//of]DET'DET$ša",
                  "f": {
                    "lang": "akk-x-neoass",
                    "form": "ša",
                    "cf": "ša",
                    "gw": "of",
                    "sense": "of",
                    "norm": "ša",
                    "pos": "DET",
                    "epos": "DET"
                  }
                },
                {
                  "node": "l",
                  "frag": "[x",
                  "id": "P335945.l02113",
                  "ref": "P335945.13.3",
                  "inst": "u",
                  "f": {
                    "lang": "akk-x-neoass",
                    "form": "x",
                    "pos": "u"
                  }
                },
                {
                  "node": "l",
                  "frag": "x",
                  "id": "P335945.l02114",
                  "ref": "P335945.13.4",
                  "inst": "u",
                  "f": {
                    "lang": "akk-x-neoass",
                    "form": "x",
                    "pos": "u"
                  }
                },
                {
                  "node": "l",
                  "frag": "x",
                  "id": "P335945.l02115",
                  "ref": "P335945.13.5",
                  "inst": "u",
                  "f": {
                    "lang": "akk-x-neoass",
                    "form": "x",
                    "pos": "u"
                  }
                },
                {
                  "node": "l",
                  "frag": "x",
                  "id": "P335945.l02116",
                  "ref": "P335945.13.6",
                  "inst": "u",
                  "f": {
                    "lang": "akk-x-neoass",
                    "form": "x",
                    "pos": "u"
                  }
                },
                {
                  "node": "l",
                  "frag": "x]",
                  "id": "P335945.l02117",
                  "ref": "P335945.13.7",
                  "inst": "u",
                  "f": {
                    "lang": "akk-x-neoass",
                    "form": "x",
                    "pos": "u"
                  }
                },
                {
                  "node": "d",
                  "type": "line-start",
                  "ref": "P335945.14",
                  "n": "11",
                  "label": "b.e. 11"
                },
                {
                  "node": "l",
                  "frag": "E₂",
                  "id": "P335945.l02118",
                  "ref": "P335945.14.1",
                  "inst": "bētu[plot of land]N",
                  "exosig": "@saao/saa06%akk-x-neoass:E₂=bītu[house//plot of land]N'N$bētu",
                  "f": {
                    "lang": "akk-x-neoass",
                    "form": "E₂",
                    "cf": "bītu",
                    "gw": "house",
                    "sense": "plot of land",
                    "norm": "bētu",
                    "pos": "N",
                    "epos": "N"
                  }
                },
                {
                  "node": "l",
                  "frag": "40",
                  "id": "P335945.l02119",
                  "ref": "P335945.14.2",
                  "inst": "n",
                  "f": {
                    "lang": "akk-x-neoass",
                    "form": "40",
                    "pos": "n"
                  }
                },
                {
                  "node": "l",
                  "frag": "A.ŠA₃.GA",
                  "id": "P335945.l0211a",
                  "ref": "P335945.14.3",
                  "inst": "eqlu[land]N",
                  "exosig": "@saao/saa06%akk-x-neoass:A.ŠA₃.GA=eqlu[field//land]N'N$eqlu",
                  "f": {
                    "lang": "akk-x-neoass",
                    "form": "A.ŠA₃.GA",
                    "cf": "eqlu",
                    "gw": "field",
                    "sense": "land",
                    "norm": "eqlu",
                    "pos": "N",
                    "epos": "N"
                  }
                },
                {
                  "node": "c",
                  "type": "phrase",
                  "tag": "phr",
                  "id": "P335945.U4",
                  "ref": "P335945.ls00000",
                  "cdl": [
                    {
                      "node": "l",
                      "frag": "ina",
                      "id": "P335945.l0211b",
                      "ref": "P335945.14.4",
                      "inst": "ina[in+=in]PRP",
                      "exosig": "@saao/saa06%akk-x-neoass:ina=ina[in//in]PRP'PRP$ina",
                      "f": {
                        "lang": "akk-x-neoass",
                        "form": "ina",
                        "cf": "ina",
                        "gw": "in",
                        "sense": "in",
                        "norm": "ina",
                        "pos": "PRP",
                        "epos": "PRP"
                      }
                    },
                    {
                      "node": "l",
                      "frag": "ŠA₃",
                      "id": "P335945.l0211c",
                      "ref": "P335945.14.5",
                      "inst": "libbi[interior]N",
                      "exosig": "@saao/saa06%akk-x-neoass:ŠA₃=libbu[interior//interior]N'N$libbi",
                      "f": {
                        "lang": "akk-x-neoass",
                        "form": "ŠA₃",
                        "cf": "libbu",
                        "gw": "interior",
                        "sense": "interior",
                        "norm": "libbi",
                        "pos": "N",
                        "epos": "N"
                      }
                    }
                  ]
                },
                {
                  "node": "l",
                  "frag": "{⸢uru⸣}[x",
                  "id": "P335945.l0211d",
                  "ref": "P335945.14.6",
                  "inst": "u",
                  "f": {
                    "lang": "akk-x-neoass",
                    "form": "{URU}x",
                    "pos": "u"
                  }
                },
                {
                  "node": "l",
                  "frag": "x",
                  "id": "P335945.l0211e",
                  "ref": "P335945.14.7",
                  "inst": "u",
                  "f": {
                    "lang": "akk-x-neoass",
                    "form": "x",
                    "pos": "u"
                  }
                },
                {
                  "node": "l",
                  "frag": "x",
                  "id": "P335945.l0211f",
                  "ref": "P335945.14.8",
                  "inst": "u",
                  "f": {
                    "lang": "akk-x-neoass",
                    "form": "x",
                    "pos": "u"
                  }
                },
                {
                  "node": "l",
                  "frag": "x",
                  "id": "P335945.l02120",
                  "ref": "P335945.14.9",
                  "inst": "u",
                  "f": {
                    "lang": "akk-x-neoass",
                    "form": "x",
                    "pos": "u"
                  }
                },
                {
                  "node": "l",
                  "frag": "x]",
                  "id": "P335945.l02121",
                  "ref": "P335945.14.10",
                  "inst": "u",
                  "f": {
                    "lang": "akk-x-neoass",
                    "form": "x",
                    "pos": "u"
                  }
                },
                {
                  "node": "d",
                  "type": "nonx",
                  "ref": "P335945.15",
                  "strict": "1",
                  "extent": "n",
                  "scope": "line",
                  "state": "ruling",
                  "flags": "!"
                },
                {
                  "node": "d",
                  "subtype": "reverse",
                  "type": "reverse",
                  "ref": "P335945.r.16",
                  "label": "r"
                },
                {
                  "node": "d",
                  "type": "line-start",
                  "ref": "P335945.17",
                  "n": "1",
                  "label": "r 1"
                },
                {
                  "node": "l",
                  "frag": "PAB",
                  "id": "P335945.l02122",
                  "ref": "P335945.17.1",
                  "inst": "gimru[total]N",
                  "exosig": "@saao/saa06%akk-x-neoass:PAB=gimru[totality//total]N'N$gimru",
                  "f": {
                    "lang": "akk-x-neoass",
                    "form": "PAB",
                    "cf": "gimru",
                    "gw": "totality",
                    "sense": "total",
                    "norm": "gimru",
                    "pos": "N",
                    "epos": "N"
                  }
                },
                {
                  "node": "l",
                  "frag": "31",
                  "id": "P335945.l02123",
                  "ref": "P335945.17.2",
                  "inst": "n",
                  "f": {
                    "lang": "akk-x-neoass",
                    "form": "31",
                    "pos": "n"
                  }
                },
                {
                  "node": "l",
                  "frag": "⸢UN⸣-MEŠ",
                  "id": "P335945.l02124",
                  "ref": "P335945.17.3",
                  "inst": "nišē[people]N",
                  "exosig": "@saao/saa06%akk-x-neoass:UN-MEŠ=nišu[people//people]N'N$nišē",
                  "f": {
                    "lang": "akk-x-neoass",
                    "form": "UN-MEŠ",
                    "cf": "nišu",
                    "gw": "people",
                    "sense": "people",
                    "norm": "nišē",
                    "pos": "N",
                    "epos": "N"
                  }
                },
                {
                  "node": "l",
                  "frag": "{še}BAR",
                  "id": "P335945.l02125",
                  "ref": "P335945.17.4",
                  "inst": "uṭṭutu[barley]N",
                  "exosig": "@saao/saa06%akk-x-neoass:{ŠE}BAR=uṭṭatu[grain//barley]N'N$uṭṭutu",
                  "f": {
                    "lang": "akk-x-neoass",
                    "form": "{ŠE}BAR",
                    "cf": "uṭṭatu",
                    "gw": "grain",
                    "sense": "barley",
                    "norm": "uṭṭutu",
                    "pos": "N",
                    "epos": "N"
                  }
                },
                {
                  "node": "l",
                  "frag": "[x",
                  "id": "P335945.l02126",
                  "ref": "P335945.17.5",
                  "inst": "u",
                  "f": {
                    "lang": "akk-x-neoass",
                    "form": "x",
                    "pos": "u"
                  }
                },
                {
                  "node": "l",
                  "frag": "x",
                  "id": "P335945.l02127",
                  "ref": "P335945.17.6",
                  "inst": "u",
                  "f": {
                    "lang": "akk-x-neoass",
                    "form": "x",
                    "pos": "u"
                  }
                },
                {
                  "node": "l",
                  "frag": "x",
                  "id": "P335945.l02128",
                  "ref": "P335945.17.7",
                  "inst": "u",
                  "f": {
                    "lang": "akk-x-neoass",
                    "form": "x",
                    "pos": "u"
                  }
                },
                {
                  "node": "l",
                  "frag": "x",
                  "id": "P335945.l02129",
                  "ref": "P335945.17.8",
                  "inst": "u",
                  "f": {
                    "lang": "akk-x-neoass",
                    "form": "x",
                    "pos": "u"
                  }
                },
                {
                  "node": "l",
                  "frag": "x",
                  "id": "P335945.l0212a",
                  "ref": "P335945.17.9",
                  "inst": "u",
                  "f": {
                    "lang": "akk-x-neoass",
                    "form": "x",
                    "pos": "u"
                  }
                },
                {
                  "node": "l",
                  "frag": "x]",
                  "id": "P335945.l0212b",
                  "ref": "P335945.17.10",
                  "inst": "u",
                  "f": {
                    "lang": "akk-x-neoass",
                    "form": "x",
                    "pos": "u"
                  }
                },
                {
                  "node": "d",
                  "type": "line-start",
                  "ref": "P335945.18",
                  "n": "2",
                  "label": "r 2"
                },
                {
                  "node": "l",
                  "frag": "E₂",
                  "id": "P335945.l0212c",
                  "ref": "P335945.18.1",
                  "inst": "bētu[plot of land]N",
                  "exosig": "@saao/saa06%akk-x-neoass:E₂=bītu[house//plot of land]N'N$bētu",
                  "f": {
                    "lang": "akk-x-neoass",
                    "form": "E₂",
                    "cf": "bītu",
                    "gw": "house",
                    "sense": "plot of land",
                    "norm": "bētu",
                    "pos": "N",
                    "epos": "N"
                  }
                },
                {
                  "node": "l",
                  "frag": "40",
                  "id": "P335945.l0212d",
                  "ref": "P335945.18.2",
                  "inst": "n",
                  "f": {
                    "lang": "akk-x-neoass",
                    "form": "40",
                    "pos": "n"
                  }
                },
                {
                  "node": "l",
                  "frag": "A.ŠA₃.GA",
                  "id": "P335945.l0212e",
                  "ref": "P335945.18.3",
                  "inst": "eqlu[land]N",
                  "exosig": "@saao/saa06%akk-x-neoass:A.ŠA₃.GA=eqlu[field//land]N'N$eqlu",
                  "f": {
                    "lang": "akk-x-neoass",
                    "form": "A.ŠA₃.GA",
                    "cf": "eqlu",
                    "gw": "field",
                    "sense": "land",
                    "norm": "eqlu",
                    "pos": "N",
                    "epos": "N"
                  }
                },
                {
                  "node": "c",
                  "type": "phrase",
                  "tag": "phr",
                  "id": "P335945.U5",
                  "ref": "P335945.ls00001",
                  "cdl": [
                    {
                      "node": "l",
                      "frag": "ina",
                      "id": "P335945.l0212f",
                      "ref": "P335945.18.4",
                      "inst": "ina[in+=in]PRP",
                      "exosig": "@saao/saa06%akk-x-neoass:ina=ina[in//in]PRP'PRP$ina",
                      "f": {
                        "lang": "akk-x-neoass",
                        "form": "ina",
                        "cf": "ina",
                        "gw": "in",
                        "sense": "in",
                        "norm": "ina",
                        "pos": "PRP",
                        "epos": "PRP"
                      }
                    },
                    {
                      "node": "l",
                      "frag": "ŠA₃",
                      "id": "P335945.l02130",
                      "ref": "P335945.18.5",
                      "inst": "libbi[interior]N",
                      "exosig": "@saao/saa06%akk-x-neoass:ŠA₃=libbu[interior//interior]N'N$libbi",
                      "f": {
                        "lang": "akk-x-neoass",
                        "form": "ŠA₃",
                        "cf": "libbu",
                        "gw": "interior",
                        "sense": "interior",
                        "norm": "libbi",
                        "pos": "N",
                        "epos": "N"
                      }
                    }
                  ]
                },
                {
                  "node": "l",
                  "frag": "{⸢uru⸣}[x",
                  "id": "P335945.l02131",
                  "ref": "P335945.18.6",
                  "inst": "u",
                  "f": {
                    "lang": "akk-x-neoass",
                    "form": "{URU}x",
                    "pos": "u"
                  }
                },
                {
                  "node": "l",
                  "frag": "x",
                  "id": "P335945.l02132",
                  "ref": "P335945.18.7",
                  "inst": "u",
                  "f": {
                    "lang": "akk-x-neoass",
                    "form": "x",
                    "pos": "u"
                  }
                },
                {
                  "node": "l",
                  "frag": "{1}x",
                  "id": "P335945.l02133",
                  "ref": "P335945.18.8",
                  "inst": "u",
                  "f": {
                    "lang": "akk-x-neoass",
                    "form": "{1}x",
                    "pos": "u"
                  }
                },
                {
                  "node": "l",
                  "frag": "x",
                  "id": "P335945.l02134",
                  "ref": "P335945.18.9",
                  "inst": "u",
                  "f": {
                    "lang": "akk-x-neoass",
                    "form": "x",
                    "pos": "u"
                  }
                },
                {
                  "node": "l",
                  "frag": "x]",
                  "id": "P335945.l02135",
                  "ref": "P335945.18.10",
                  "inst": "u",
                  "f": {
                    "lang": "akk-x-neoass",
                    "form": "x",
                    "pos": "u"
                  }
                },
                {
                  "node": "d",
                  "type": "line-start",
                  "ref": "P335945.19",
                  "n": "3",
                  "label": "r 3"
                },
                {
                  "node": "c",
                  "type": "phrase",
                  "tag": "phr",
                  "id": "P335945.U6",
                  "ref": "P335945.ls00002",
                  "cdl": [
                    {
                      "node": "l",
                      "frag": "ina",
                      "id": "P335945.l02136",
                      "ref": "P335945.19.1",
                      "inst": "ina[in+=for]PRP",
                      "exosig": "@saao/saa06%akk-x-neoass:ina=ina[in//in]PRP'PRP$ina",
                      "f": {
                        "lang": "akk-x-neoass",
                        "form": "ina",
                        "cf": "ina",
                        "gw": "in",
                        "sense": "in",
                        "norm": "ina",
                        "pos": "PRP",
                        "epos": "PRP"
                      }
                    },
                    {
                      "node": "l",
                      "frag": "ŠA₃-bi",
                      "id": "P335945.l02137",
                      "ref": "P335945.19.2",
                      "inst": "libbi[interior]N",
                      "exosig": "@saao/saa06%akk-x-neoass:ŠA₃-bi=libbu[interior//interior]N'N$libbi",
                      "f": {
                        "lang": "akk-x-neoass",
                        "form": "ŠA₃-bi",
                        "cf": "libbu",
                        "gw": "interior",
                        "sense": "interior",
                        "norm": "libbi",
                        "pos": "N",
                        "epos": "N"
                      }
                    }
                  ]
                },
                {
                  "node": "l",
                  "frag": "17",
                  "id": "P335945.l02138",
                  "ref": "P335945.19.3",
                  "inst": "n",
                  "f": {
                    "lang": "akk-x-neoass",
                    "form": "17",
                    "pos": "n"
                  }
                },
                {
                  "node": "l",
                  "frag": "1/2",
                  "id": "P335945.l02139",
                  "ref": "P335945.19.4",
                  "inst": "n",
                  "f": {
                    "lang": "akk-x-neoass",
                    "form": "1/2",
                    "pos": "n"
                  }
                },
                {
                  "node": "l",
                  "frag": "MA.NA",
                  "id": "P335945.l0213a",
                  "ref": "P335945.19.5",
                  "inst": "manê[a unit of weight]N",
                  "exosig": "@saao/saa06%akk-x-neoass:MA.NA=manû[unit//a unit of weight]N'N$manê",
                  "f": {
                    "lang": "akk-x-neoass",
                    "form": "MA.NA",
                    "cf": "manû",
                    "gw": "unit",
                    "sense": "a unit of weight",
                    "norm": "manê",
                    "pos": "N",
                    "epos": "N"
                  }
                },
                {
                  "node": "l",
                  "frag": "⸢KUG⸣.[UD",
                  "id": "P335945.l0213b",
                  "ref": "P335945.19.6",
                  "inst": "ṣarpi[silver]N",
                  "exosig": "@saao/saa06%akk-x-neoass:KUG.UD=ṣarpu[silver//silver]N'N$ṣarpi",
                  "f": {
                    "lang": "akk-x-neoass",
                    "form": "KUG.UD",
                    "cf": "ṣarpu",
                    "gw": "silver",
                    "sense": "silver",
                    "norm": "ṣarpi",
                    "pos": "N",
                    "epos": "N"
                  }
                },
                {
                  "node": "c",
                  "type": "phrase",
                  "tag": "phr",
                  "id": "P335945.U7",
                  "ref": "P335945.ls00003",
                  "cdl": [
                    {
                      "node": "l",
                      "frag": "TA",
                      "id": "P335945.l0213c",
                      "ref": "P335945.19.7",
                      "inst": "issu[from+=from]PRP",
                      "exosig": "@saao/saa06%akk-x-neoass:TA=ištu[from//from]PRP'PRP$issu",
                      "f": {
                        "lang": "akk-x-neoass",
                        "form": "TA",
                        "cf": "ištu",
                        "gw": "from",
                        "sense": "from",
                        "norm": "issu",
                        "pos": "PRP",
                        "epos": "PRP"
                      }
                    },
                    {
                      "node": "l",
                      "frag": "IGI",
                      "id": "P335945.l0213d",
                      "ref": "P335945.19.8",
                      "inst": "pān[front]N",
                      "exosig": "@saao/saa06%akk-x-neoass:IGI=pānu[front//front]N'N$pān",
                      "f": {
                        "lang": "akk-x-neoass",
                        "form": "IGI",
                        "cf": "pānu",
                        "gw": "front",
                        "sense": "front",
                        "norm": "pān",
                        "pos": "N",
                        "epos": "N"
                      }
                    }
                  ]
                },
                {
                  "node": "l",
                  "frag": "{mi₂}x",
                  "id": "P335945.l0213e",
                  "ref": "P335945.19.9",
                  "inst": "u",
                  "f": {
                    "lang": "akk-x-neoass",
                    "form": "{MI₂}x",
                    "pos": "u"
                  }
                },
                {
                  "node": "l",
                  "frag": "x",
                  "id": "P335945.l0213f",
                  "ref": "P335945.19.10",
                  "inst": "u",
                  "f": {
                    "lang": "akk-x-neoass",
                    "form": "x",
                    "pos": "u"
                  }
                },
                {
                  "node": "l",
                  "frag": "x]",
                  "id": "P335945.l02140",
                  "ref": "P335945.19.11",
                  "inst": "u",
                  "f": {
                    "lang": "akk-x-neoass",
                    "form": "x",
                    "pos": "u"
                  }
                },
                {
                  "node": "d",
                  "type": "line-start",
                  "ref": "P335945.20",
                  "n": "4",
                  "label": "r 4"
                },
                {
                  "node": "l",
                  "frag": "{mi₂}ša₂-kin₂-te",
                  "id": "P335945.l02141",
                  "ref": "P335945.20.1",
                  "inst": "šakinte[governess]N",
                  "exosig": "@saao/saa06%akk-x-neoass:{MI₂}ša₂-kin₂-te=šakintu[(a female official)//governess]N'N$šakinte",
                  "f": {
                    "lang": "akk-x-neoass",
                    "form": "{MI₂}ša₂-kin₂-te",
                    "cf": "šakintu",
                    "gw": "(a female official)",
                    "sense": "governess",
                    "norm": "šakinte",
                    "pos": "N",
                    "epos": "N"
                  }
                },
                {
                  "node": "l",
                  "frag": "ša",
                  "id": "P335945.l02142",
                  "ref": "P335945.20.2",
                  "inst": "ša[of]DET",
                  "exosig": "@saao/saa06%akk-x-neoass:ša=ša[of//of]DET'DET$ša",
                  "f": {
                    "lang": "akk-x-neoass",
                    "form": "ša",
                    "cf": "ša",
                    "gw": "of",
                    "sense": "of",
                    "norm": "ša",
                    "pos": "DET",
                    "epos": "DET"
                  }
                },
                {
                  "node": "c",
                  "type": "phrase",
                  "tag": "phr",
                  "id": "P335945.U8",
                  "ref": "P335945.ls00004",
                  "cdl": [
                    {
                      "node": "l",
                      "frag": "⸢MURUB₄⸣-[URU",
                      "id": "P335945.l02143",
                      "ref": "P335945.20.3",
                      "cof-tails": "P335945.l02144",
                      "inst": "qabaltu[middle]N$qabsi&ālu[city]N$āli",
                      "exosig": "@saao/saa06%akk-x-neoass:MURUB₄-URU=qabaltu[middle//middle]N'N$qabsi&&@saao%akk-x-neoass:=ālu[city//city]N'N$āli",
                      "f": {
                        "lang": "akk-x-neoass",
                        "form": "MURUB₄-URU",
                        "cf": "qabaltu",
                        "gw": "middle",
                        "sense": "middle",
                        "norm": "qabsi",
                        "pos": "N",
                        "epos": "N"
                      }
                    },
                    {
                      "node": "l",
                      "frag": "⸢MURUB₄⸣-[URU",
                      "id": "P335945.l02144",
                      "ref": "P335945.20.3",
                      "cof-head": "P335945.l02143",
                      "inst": "qabaltu[middle]N$qabsi&ālu[city]N$āli",
                      "tail-sig": "@saao%akk-x-neoass:=ālu[city//city]N'N$āli",
                      "f": {
                        "lang": "akk-x-neoass",
                        "form": "MURUB₄-URU",
                        "cf": "ālu",
                        "gw": "city",
                        "sense": "city",
                        "norm": "āli",
                        "pos": "N",
                        "epos": "N"
                      }
                    }
                  ]
                },
                {
                  "node": "l",
                  "frag": "u₂-se-ṣi]",
                  "id": "P335945.l02145",
                  "ref": "P335945.20.4",
                  "inst": "ussēṣi[bring out]V",
                  "exosig": "@saao/saa06%akk-x-neoass:u₂-se-ṣi=aṣû[go out//bring out]V'V$ussēṣi",
                  "f": {
                    "lang": "akk-x-neoass",
                    "form": "u₂-se-ṣi",
                    "cf": "aṣû",
                    "gw": "go out",
                    "sense": "bring out",
                    "norm": "ussēṣi",
                    "pos": "V",
                    "epos": "V"
                  }
                },
                {
                  "node": "d",
                  "type": "nonx",
                  "ref": "P335945.21",
                  "strict": "0",
                  "extent": "rest",
                  "state": "other"
                }
              ]
            }
          ]
        }
      ]
    },
    {
      "linkbase": [
        {
          "type": "linkset",
          "xlink_title": "ina libbi[in//(in exchange) for]PRP'PRP",
          "id": "P335945.ls00000",
          "xlink_type": "extended",
          "xlink_role": "psu",
          "sig": "{ina[in]PRP libbu[interior]N += ina libbi[in//(in exchange) for]PRP'PRP}::@saao%akk-x-neoass:ina=ina[in//into]PRP'PRP$ina++@saao%akk-x-neoass:ŠA₃=libbu[interior//interior]N'N$libbi",
          "links": [
            {
              "type": "link",
              "xlink_title": "ina",
              "xlink_type": "locator",
              "xlink_href": "#P335945.l0211b",
              "xlink_role": "elt"
            },
            {
              "type": "link",
              "xlink_title": "libbi",
              "xlink_type": "locator",
              "xlink_href": "#P335945.l0211c",
              "xlink_role": "elt"
            }
          ]
        },
        {
          "type": "linkset",
          "xlink_title": "ina libbi[in//(in exchange) for]PRP'PRP",
          "id": "P335945.ls00001",
          "xlink_type": "extended",
          "xlink_role": "psu",
          "sig": "{ina[in]PRP libbu[interior]N += ina libbi[in//(in exchange) for]PRP'PRP}::@saao%akk-x-neoass:ina=ina[in//into]PRP'PRP$ina++@saao%akk-x-neoass:ŠA₃=libbu[interior//interior]N'N$libbi",
          "links": [
            {
              "type": "link",
              "xlink_title": "ina",
              "xlink_type": "locator",
              "xlink_href": "#P335945.l0212f",
              "xlink_role": "elt"
            },
            {
              "type": "link",
              "xlink_title": "libbi",
              "xlink_type": "locator",
              "xlink_href": "#P335945.l02130",
              "xlink_role": "elt"
            }
          ]
        },
        {
          "type": "linkset",
          "xlink_title": "ina libbi[in//(in exchange) for]PRP'PRP",
          "id": "P335945.ls00002",
          "xlink_type": "extended",
          "xlink_role": "psu",
          "sig": "{ina[in]PRP libbu[interior]N += ina libbi[in//(in exchange) for]PRP'PRP}::@saao%akk-x-neoass:ina=ina[in//into]PRP'PRP$ina++@saao%akk-x-neoass:ŠA₃-bi=libbu[interior//interior]N'N$libbi",
          "links": [
            {
              "type": "link",
              "xlink_title": "ina",
              "xlink_type": "locator",
              "xlink_href": "#P335945.l02136",
              "xlink_role": "elt"
            },
            {
              "type": "link",
              "xlink_title": "libbi",
              "xlink_type": "locator",
              "xlink_href": "#P335945.l02137",
              "xlink_role": "elt"
            }
          ]
        },
        {
          "type": "linkset",
          "xlink_title": "ištu pān[from//because of]PRP'PRP",
          "id": "P335945.ls00003",
          "xlink_type": "extended",
          "xlink_role": "psu",
          "sig": "{ištu[from]PRP pānu[front]N += ištu pān[from//because of]PRP'PRP}::@saao%akk-x-neoass:TA=ištu[from//from]PRP'PRP$issu++@saao%akk-x-neoass:IGI=pānu[front//front]N'N$pān",
          "links": [
            {
              "type": "link",
              "xlink_title": "issu",
              "xlink_type": "locator",
              "xlink_href": "#P335945.l0213c",
              "xlink_role": "elt"
            },
            {
              "type": "link",
              "xlink_title": "pān",
              "xlink_type": "locator",
              "xlink_href": "#P335945.l0213d",
              "xlink_role": "elt"
            }
          ]
        },
        {
          "type": "linkset",
          "xlink_title": "qabsi āli[centre of the city//centre of the city]N'N",
          "id": "P335945.ls00004",
          "xlink_type": "extended",
          "xlink_role": "psu",
          "sig": "{qabaltu[middle]N ālu[city]N += qabsi āli[centre of the city//centre of the city]N'N}::@saao%akk-x-neoass:MURUB₄-URU=qabaltu[middle//middle]N'N$qabsi++@saao%akk-x-neoass:MURUB₄-URU=ālu[city//city]N'N$āli",
          "links": [
            {
              "type": "link",
              "xlink_title": "qabaltu",
              "xlink_type": "locator",
              "xlink_href": "#P335945.l02143",
              "xlink_role": "elt"
            },
            {
              "type": "link",
              "xlink_title": "ālu",
              "xlink_type": "locator",
              "xlink_href": "#P335945.l02144",
              "xlink_role": "elt"
            }
          ]
        }
      ]
    }
  ]
}
