{
  "type": "cdl",
  "source": "http://oracc.org/saao/saa06",
  "license": "This data is released under the CC0 license",
  "license-url": "https://creativecommons.org/publicdomain/zero/1.0/",
  "more-info": "http://oracc.org/doc/opendata/",
  "UTC-timestamp": "2017-06-10T00:42:39",
  "project": "saao/saa06",
  "textid": "P335395",
  "cdl": [
    {
      "node": "c",
      "type": "text",
      "id": "P335395.U0",
      "cdl": [
        {
          "node": "d",
          "type": "object",
          "ref": ""
        },
        {
          "node": "d",
          "subtype": "obverse",
          "type": "obverse",
          "ref": "P335395.o.1",
          "label": "o"
        },
        {
          "node": "c",
          "type": "discourse",
          "subtype": "body",
          "id": "P335395.U1",
          "cdl": [
            {
              "node": "c",
              "type": "sentence",
              "id": "P335395.U2",
              "label": "o 1 - r 5'",
              "cdl": [
                {
                  "node": "d",
                  "type": "line-start",
                  "ref": "P335395.2",
                  "n": "1",
                  "label": "o 1"
                },
                {
                  "node": "l",
                  "frag": "{na₄}KIŠIB",
                  "id": "P335395.l03598",
                  "ref": "P335395.2.1",
                  "inst": "kunukku[seal]N",
                  "sig": "@saao/saa06%akk-x-neoass:{NA₄}KIŠIB=kunukku[seal//seal]N'N$kunuk",
                  "f": {
                    "lang": "akk-x-neoass",
                    "form": "{NA₄}KIŠIB",
                    "cf": "kunukku",
                    "gw": "seal",
                    "sense": "seal",
                    "norm": "kunuk",
                    "pos": "N",
                    "epos": "N"
                  }
                },
                {
                  "node": "l",
                  "frag": "{1}DI-mu-PAB-MEŠ",
                  "id": "P335395.l03599",
                  "ref": "P335395.2.2",
                  "inst": "Šulmu-ahhe[1]PN$",
                  "exosig": "@saao/saa06%akk-x-neoass:{1}DI-mu-PAB-MEŠ=Šulmu-ahhe[1//1]PN'PN$Šulmu-ahhe",
                  "f": {
                    "lang": "akk-x-neoass",
                    "form": "{1}DI-mu-PAB-MEŠ",
                    "cf": "Šulmu-ahhe",
                    "gw": "1",
                    "sense": "1",
                    "norm": "Šulmu-ahhe",
                    "pos": "PN",
                    "epos": "PN"
                  }
                },
                {
                  "node": "d",
                  "type": "line-start",
                  "ref": "P335395.3",
                  "n": "2",
                  "label": "o 2"
                },
                {
                  "node": "l",
                  "frag": "EN",
                  "id": "P335395.l0359a",
                  "ref": "P335395.3.1",
                  "inst": "bēl[owner]N",
                  "exosig": "@saao/saa06%akk-x-neoass:EN=bēlu[lord//owner]N'N$bēl",
                  "f": {
                    "lang": "akk-x-neoass",
                    "form": "EN",
                    "cf": "bēlu",
                    "gw": "lord",
                    "sense": "owner",
                    "norm": "bēl",
                    "pos": "N",
                    "epos": "N"
                  }
                },
                {
                  "node": "l",
                  "frag": "02",
                  "id": "P335395.l0359b",
                  "ref": "P335395.3.2",
                  "inst": "n",
                  "f": {
                    "lang": "akk-x-neoass",
                    "form": "02",
                    "pos": "n"
                  }
                },
                {
                  "node": "l",
                  "frag": "UN-MEŠ",
                  "id": "P335395.l0359c",
                  "ref": "P335395.3.3",
                  "inst": "nišē[people]N",
                  "exosig": "@saao/saa06%akk-x-neoass:UN-MEŠ=nišu[people//people]N'N$nišē",
                  "f": {
                    "lang": "akk-x-neoass",
                    "form": "UN-MEŠ",
                    "cf": "nišu",
                    "gw": "people",
                    "sense": "people",
                    "norm": "nišē",
                    "pos": "N",
                    "epos": "N"
                  }
                },
                {
                  "node": "l",
                  "frag": "SUM-ni",
                  "id": "P335395.l0359d",
                  "ref": "P335395.3.4",
                  "inst": "tadāni[giving]'N",
                  "exosig": "@saao/saa06%akk-x-neoass:SUM-ni=tadānu[give//giving]V'N$tadāni",
                  "f": {
                    "lang": "akk-x-neoass",
                    "form": "SUM-ni",
                    "cf": "tadānu",
                    "gw": "give",
                    "sense": "giving",
                    "norm": "tadāni",
                    "pos": "V",
                    "epos": "N"
                  }
                },
                {
                  "node": "d",
                  "type": "nonx",
                  "ref": "P335395.4",
                  "strict": "0",
                  "extent": "n",
                  "scope": "impression",
                  "state": "blank"
                },
                {
                  "node": "d",
                  "type": "line-start",
                  "ref": "P335395.5",
                  "n": "3",
                  "label": "o 3"
                },
                {
                  "node": "l",
                  "frag": "⸢E₂⸣",
                  "id": "P335395.l0359e",
                  "ref": "P335395.5.1",
                  "inst": "bētu[house]N",
                  "exosig": "@saao/saa06%akk-x-neoass:E₂=bītu[house//house]N'N$bētu",
                  "f": {
                    "lang": "akk-x-neoass",
                    "form": "E₂",
                    "cf": "bītu",
                    "gw": "house",
                    "sense": "house",
                    "norm": "bētu",
                    "pos": "N",
                    "epos": "N"
                  }
                },
                {
                  "node": "l",
                  "frag": "ep-[šu₂",
                  "id": "P335395.l0359f",
                  "ref": "P335395.5.2",
                  "inst": "epšu[built]AJ",
                  "exosig": "@saao/saa06%akk-x-neoass:ep-šu₂=epšu[made//built]AJ'AJ$epšu",
                  "f": {
                    "lang": "akk-x-neoass",
                    "form": "ep-šu₂",
                    "cf": "epšu",
                    "gw": "made",
                    "sense": "built",
                    "norm": "epšu",
                    "pos": "AJ",
                    "epos": "AJ"
                  }
                },
                {
                  "node": "l",
                  "frag": "x",
                  "id": "P335395.l035a0",
                  "ref": "P335395.5.3",
                  "inst": "u",
                  "f": {
                    "lang": "akk-x-neoass",
                    "form": "x",
                    "pos": "u"
                  }
                },
                {
                  "node": "l",
                  "frag": "x",
                  "id": "P335395.l035a1",
                  "ref": "P335395.5.4",
                  "inst": "u",
                  "f": {
                    "lang": "akk-x-neoass",
                    "form": "x",
                    "pos": "u"
                  }
                },
                {
                  "node": "l",
                  "frag": "x",
                  "id": "P335395.l035a2",
                  "ref": "P335395.5.5",
                  "inst": "u",
                  "f": {
                    "lang": "akk-x-neoass",
                    "form": "x",
                    "pos": "u"
                  }
                },
                {
                  "node": "l",
                  "frag": "x]",
                  "id": "P335395.l035a3",
                  "ref": "P335395.5.6",
                  "inst": "u",
                  "f": {
                    "lang": "akk-x-neoass",
                    "form": "x",
                    "pos": "u"
                  }
                },
                {
                  "node": "d",
                  "type": "nonx",
                  "ref": "P335395.6",
                  "strict": "0",
                  "extent": "rest",
                  "state": "missing"
                },
                {
                  "node": "d",
                  "subtype": "reverse",
                  "type": "reverse",
                  "ref": "P335395.r.7",
                  "label": "r"
                },
                {
                  "node": "d",
                  "type": "nonx",
                  "ref": "P335395.8",
                  "strict": "0",
                  "extent": "beginning",
                  "state": "missing"
                },
                {
                  "node": "d",
                  "type": "line-start",
                  "ref": "P335395.9",
                  "n": "1'",
                  "label": "r 1'"
                },
                {
                  "node": "l",
                  "frag": "⸢IGI",
                  "id": "P335395.l035a4",
                  "ref": "P335395.9.1",
                  "inst": "šību[witness]N",
                  "exosig": "@saao/saa06%akk-x-neoass:IGI=šību[witness//witness]N'N$šību",
                  "f": {
                    "lang": "akk-x-neoass",
                    "form": "IGI",
                    "cf": "šību",
                    "gw": "witness",
                    "sense": "witness",
                    "norm": "šību",
                    "pos": "N",
                    "epos": "N"
                  }
                },
                {
                  "node": "l",
                  "frag": "{1}hal-di⸣-[x",
                  "id": "P335395.l035a5",
                  "ref": "P335395.9.2",
                  "inst": "u",
                  "f": {
                    "lang": "akk-x-neoass",
                    "form": "{1}hal-di-x",
                    "pos": "u"
                  }
                },
                {
                  "node": "l",
                  "frag": "x]",
                  "id": "P335395.l035a6",
                  "ref": "P335395.9.3",
                  "inst": "u",
                  "f": {
                    "lang": "akk-x-neoass",
                    "form": "x",
                    "pos": "u"
                  }
                },
                {
                  "node": "d",
                  "type": "line-start",
                  "ref": "P335395.10",
                  "n": "2'",
                  "label": "r 2'"
                },
                {
                  "node": "l",
                  "frag": "IGI",
                  "id": "P335395.l035a7",
                  "ref": "P335395.10.1",
                  "inst": "šību[witness]N",
                  "exosig": "@saao/saa06%akk-x-neoass:IGI=šību[witness//witness]N'N$šību",
                  "f": {
                    "lang": "akk-x-neoass",
                    "form": "IGI",
                    "cf": "šību",
                    "gw": "witness",
                    "sense": "witness",
                    "norm": "šību",
                    "pos": "N",
                    "epos": "N"
                  }
                },
                {
                  "node": "l",
                  "frag": "{1}{d}PA-⸢NUMUN⸣-[x",
                  "id": "P335395.l035a8",
                  "ref": "P335395.10.2",
                  "inst": "u",
                  "f": {
                    "lang": "akk-x-neoass",
                    "form": "{1}{d}PA-NUMUN-x",
                    "pos": "u"
                  }
                },
                {
                  "node": "l",
                  "frag": "x]",
                  "id": "P335395.l035a9",
                  "ref": "P335395.10.3",
                  "inst": "u",
                  "f": {
                    "lang": "akk-x-neoass",
                    "form": "x",
                    "pos": "u"
                  }
                },
                {
                  "node": "d",
                  "type": "line-start",
                  "ref": "P335395.11",
                  "n": "3'",
                  "label": "r 3'"
                },
                {
                  "node": "l",
                  "frag": "{iti}ŠU",
                  "id": "P335395.l035aa",
                  "ref": "P335395.11.1",
                  "inst": "Taʾuzi[Tammuz]MN",
                  "exosig": "@saao/saa06%akk-x-neoass:{ITI}ŠU=Duʾuzu[Tammuz//Tammuz]MN'MN$Taʾuzi",
                  "f": {
                    "lang": "akk-x-neoass",
                    "form": "{ITI}ŠU",
                    "cf": "Duʾuzu",
                    "gw": "Tammuz",
                    "sense": "Tammuz",
                    "norm": "Taʾuzi",
                    "pos": "MN",
                    "epos": "MN"
                  }
                },
                {
                  "node": "l",
                  "frag": "UD",
                  "id": "P335395.l035ab",
                  "ref": "P335395.11.2",
                  "inst": "ūm[day]N",
                  "exosig": "@saao/saa06%akk-x-neoass:UD=ūmu[day//day]N'N$ūm",
                  "f": {
                    "lang": "akk-x-neoass",
                    "form": "UD",
                    "cf": "ūmu",
                    "gw": "day",
                    "sense": "day",
                    "norm": "ūm",
                    "pos": "N",
                    "epos": "N"
                  }
                },
                {
                  "node": "l",
                  "frag": "[x-KAM]",
                  "id": "P335395.l035ac",
                  "ref": "P335395.11.3",
                  "inst": "n",
                  "f": {
                    "lang": "akk-x-neoass",
                    "form": "x-KAM",
                    "pos": "n"
                  }
                },
                {
                  "node": "d",
                  "type": "line-start",
                  "ref": "P335395.12",
                  "n": "4'",
                  "label": "r 4'"
                },
                {
                  "node": "l",
                  "frag": "lim-mu",
                  "id": "P335395.l035ad",
                  "ref": "P335395.12.1",
                  "inst": "limmu[eponym (of year)]N",
                  "exosig": "@saao/saa06%akk-x-neoass:lim-mu=līmu[eponym (of year)//eponym (of year)]N'N$limmu",
                  "f": {
                    "lang": "akk-x-neoass",
                    "form": "lim-mu",
                    "cf": "līmu",
                    "gw": "eponym (of year)",
                    "sense": "eponym (of year)",
                    "norm": "limmu",
                    "pos": "N",
                    "epos": "N"
                  }
                },
                {
                  "node": "l",
                  "frag": "{1}{d}30--PAB-MEŠ-SU]",
                  "id": "P335395.l035ae",
                  "ref": "P335395.12.2",
                  "inst": "Sin-ahhe-eriba[Sennacherib]PN$",
                  "exosig": "@saao/saa06%akk-x-neoass:{1}{d}30-PAB-MEŠ-SU=Sin-ahhe-eriba[Sennacherib//Sennacherib]PN'PN$Sin-ahhe-eriba",
                  "f": {
                    "lang": "akk-x-neoass",
                    "form": "{1}{d}30-PAB-MEŠ-SU",
                    "cf": "Sin-ahhe-eriba",
                    "gw": "Sennacherib",
                    "sense": "Sennacherib",
                    "norm": "Sin-ahhe-eriba",
                    "pos": "PN",
                    "epos": "PN"
                  }
                },
                {
                  "node": "d",
                  "type": "line-start",
                  "ref": "P335395.13",
                  "n": "5'",
                  "label": "r 5'"
                },
                {
                  "node": "l",
                  "frag": "MAN",
                  "id": "P335395.l035af",
                  "ref": "P335395.13.1",
                  "inst": "šar[king]N",
                  "exosig": "@saao/saa06%akk-x-neoass:MAN=šarru[king//king]N'N$šar",
                  "f": {
                    "lang": "akk-x-neoass",
                    "form": "MAN",
                    "cf": "šarru",
                    "gw": "king",
                    "sense": "king",
                    "norm": "šar",
                    "pos": "N",
                    "epos": "N"
                  }
                },
                {
                  "node": "l",
                  "frag": "KUR-⸢aš⸣-[šur{ki]}",
                  "id": "P335395.l035b0",
                  "ref": "P335395.13.2",
                  "inst": "+Mat-Aššur[Assyria]GN$",
                  "sig": "@saao/saa10%akk-x-neoass:KUR-aš-šur{KI}=Mat-Aššur[Assyria//Assyria]GN'GN$Mat-Aššur",
                  "f": {
                    "lang": "akk-x-neoass",
                    "form": "KUR-aš-šur{KI}",
                    "cf": "Mat-Aššur",
                    "gw": "Assyria",
                    "sense": "Assyria",
                    "norm": "Mat-Aššur",
                    "pos": "GN",
                    "epos": "GN"
                  }
                }
              ]
            }
          ]
        }
      ]
    }
  ]
}
