{
  "type": "cdl",
  "source": "http://oracc.org/saao/saa06",
  "license": "This data is released under the CC0 license",
  "license-url": "https://creativecommons.org/publicdomain/zero/1.0/",
  "more-info": "http://oracc.org/doc/opendata/",
  "UTC-timestamp": "2017-06-10T00:42:10",
  "project": "saao/saa06",
  "textid": "P335101",
  "cdl": [
    {
      "node": "c",
      "type": "text",
      "id": "P335101.U0",
      "cdl": [
        {
          "node": "d",
          "type": "object",
          "ref": ""
        },
        {
          "node": "d",
          "subtype": "obverse",
          "type": "obverse",
          "ref": "P335101.o.1",
          "label": "o"
        },
        {
          "node": "c",
          "type": "discourse",
          "subtype": "body",
          "id": "P335101.U1",
          "cdl": [
            {
              "node": "c",
              "type": "sentence",
              "id": "P335101.U2",
              "label": "o 1 - r.e. 9",
              "cdl": [
                {
                  "node": "d",
                  "type": "line-start",
                  "ref": "P335101.2",
                  "n": "1",
                  "label": "o 1"
                },
                {
                  "node": "l",
                  "frag": "o",
                  "id": "P335101.l0444d",
                  "ref": "P335101.2.1",
                  "inst": "u",
                  "f": {
                    "lang": "akk-x-neoass",
                    "form": "o",
                    "pos": "u"
                  }
                },
                {
                  "node": "l",
                  "frag": "{anše}GIR₂.NUN.NA",
                  "id": "P335101.l0444e",
                  "ref": "P335101.2.2",
                  "inst": "kūdanu[mule]N$kūdunu",
                  "exosig": "@saao/saa06%akk-x-neoass:{ANŠE}GIR₂.NUN.NA=kūdanu[mule//mule]N'N$kūdunu",
                  "f": {
                    "lang": "akk-x-neoass",
                    "form": "{ANŠE}GIR₂.NUN.NA",
                    "cf": "kūdanu",
                    "gw": "mule",
                    "sense": "mule",
                    "norm": "kūdunu",
                    "pos": "N",
                    "epos": "N"
                  }
                },
                {
                  "node": "l",
                  "frag": "SIG",
                  "id": "P335101.l0444f",
                  "ref": "P335101.2.3",
                  "inst": "damqu[good]AJ$",
                  "exosig": "@saao/saa06%akk-x-neoass:SIG=damqu[good//good]AJ'AJ$damqu",
                  "f": {
                    "lang": "akk-x-neoass",
                    "form": "SIG",
                    "cf": "damqu",
                    "gw": "good",
                    "sense": "good",
                    "norm": "damqu",
                    "pos": "AJ",
                    "epos": "AJ"
                  }
                },
                {
                  "node": "d",
                  "type": "line-start",
                  "ref": "P335101.3",
                  "n": "2",
                  "label": "o 2"
                },
                {
                  "node": "l",
                  "frag": "ša",
                  "id": "P335101.l04450",
                  "ref": "P335101.3.1",
                  "inst": "ša[of]DET",
                  "exosig": "@saao/saa06%akk-x-neoass:ša=ša[of//of]DET'DET$ša",
                  "f": {
                    "lang": "akk-x-neoass",
                    "form": "ša",
                    "cf": "ša",
                    "gw": "of",
                    "sense": "of",
                    "norm": "ša",
                    "pos": "DET",
                    "epos": "DET"
                  }
                },
                {
                  "node": "l",
                  "frag": "{1}man-nu-GIM-{uru}arba-il₃",
                  "id": "P335101.l04451",
                  "ref": "P335101.3.2",
                  "inst": "Mannu-ki-Arbail[1]PN",
                  "exosig": "@saao/saa06%akk-x-neoass:{1}man-nu-GIM-{URU}arba-il₃=Mannu-ki-Arbail[1//1]PN'PN$Mannu-ki-Arbail",
                  "f": {
                    "lang": "akk-x-neoass",
                    "form": "{1}man-nu-GIM-{URU}arba-il₃",
                    "cf": "Mannu-ki-Arbail",
                    "gw": "1",
                    "sense": "1",
                    "norm": "Mannu-ki-Arbail",
                    "pos": "PN",
                    "epos": "PN"
                  }
                },
                {
                  "node": "d",
                  "type": "line-start",
                  "ref": "P335101.4",
                  "n": "3",
                  "label": "o 3"
                },
                {
                  "node": "c",
                  "type": "phrase",
                  "tag": "phr",
                  "id": "P335101.U4",
                  "ref": "P335101.ls00000",
                  "cdl": [
                    {
                      "node": "l",
                      "frag": "ina",
                      "id": "P335101.l04452",
                      "ref": "P335101.4.1",
                      "inst": "ina[in+=at the disposal of]PRP",
                      "exosig": "@saao/saa06%akk-x-neoass:ina=ina[in//in]PRP'PRP$ina",
                      "f": {
                        "lang": "akk-x-neoass",
                        "form": "ina",
                        "cf": "ina",
                        "gw": "in",
                        "sense": "in",
                        "norm": "ina",
                        "pos": "PRP",
                        "epos": "PRP"
                      }
                    },
                    {
                      "node": "l",
                      "frag": "IGI",
                      "id": "P335101.l04453",
                      "ref": "P335101.4.2",
                      "inst": "pān[front]N",
                      "exosig": "@saao/saa06%akk-x-neoass:IGI=pānu[front//front]N'N$pān",
                      "f": {
                        "lang": "akk-x-neoass",
                        "form": "IGI",
                        "cf": "pānu",
                        "gw": "front",
                        "sense": "front",
                        "norm": "pān",
                        "pos": "N",
                        "epos": "N"
                      }
                    }
                  ]
                },
                {
                  "node": "l",
                  "frag": "{1}{giš}BAL-li-pi-re-e",
                  "id": "P335101.l04454",
                  "ref": "P335101.4.3",
                  "inst": "Pilaqqi-lipire[1]PN$",
                  "exosig": "@saao/saa06%akk-x-neoass:{1}{GIŠ}BAL-li-pi-re-e=Pilaqqi-lipire[1//1]PN'PN$Pilaqqi-lipire",
                  "f": {
                    "lang": "akk-x-neoass",
                    "form": "{1}{GIŠ}BAL-li-pi-re-e",
                    "cf": "Pilaqqi-lipire",
                    "gw": "1",
                    "sense": "1",
                    "norm": "Pilaqqi-lipire",
                    "pos": "PN",
                    "epos": "PN"
                  }
                },
                {
                  "node": "d",
                  "type": "line-start",
                  "ref": "P335101.5",
                  "n": "4",
                  "label": "o 4"
                },
                {
                  "node": "l",
                  "frag": "{1}ur-da-a",
                  "id": "P335101.l04455",
                  "ref": "P335101.5.1",
                  "inst": "Urda[1]PN",
                  "exosig": "@saao/saa06%akk-x-neoass:{1}ur-da-a=Urda[1//1]PN'PN$Urda",
                  "f": {
                    "lang": "akk-x-neoass",
                    "form": "{1}ur-da-a",
                    "cf": "Urda",
                    "gw": "1",
                    "sense": "1",
                    "norm": "Urda",
                    "pos": "PN",
                    "epos": "PN"
                  }
                },
                {
                  "node": "c",
                  "type": "phrase",
                  "tag": "phr",
                  "id": "P335101.U5",
                  "ref": "P335101.ls00001",
                  "cdl": [
                    {
                      "node": "l",
                      "frag": "EN-ŠU.2-MEŠ",
                      "id": "P335101.l04456",
                      "ref": "P335101.5.2",
                      "cof-tails": "P335101.l04457",
                      "inst": "bēlu[lord]N$bēl&qātu[hand]N$qātāti",
                      "exosig": "@saao/saa06%akk-x-neoass:EN-ŠU.2-MEŠ=bēlu[lord//lord]N'N$bēl&&@saao%akk-x-neoass:=qātu[hand//hand]N'N$qātāti",
                      "f": {
                        "lang": "akk-x-neoass",
                        "form": "EN-ŠU.2-MEŠ",
                        "cf": "bēlu",
                        "gw": "lord",
                        "sense": "lord",
                        "norm": "bēl",
                        "pos": "N",
                        "epos": "N"
                      }
                    },
                    {
                      "node": "l",
                      "frag": "EN-ŠU.2-MEŠ",
                      "id": "P335101.l04457",
                      "ref": "P335101.5.2",
                      "cof-head": "P335101.l04456",
                      "inst": "bēlu[lord]N$bēl&qātu[hand]N$qātāti",
                      "tail-sig": "@saao%akk-x-neoass:=qātu[hand//hand]N'N$qātāti",
                      "f": {
                        "lang": "akk-x-neoass",
                        "form": "EN-ŠU.2-MEŠ",
                        "cf": "qātu",
                        "gw": "hand",
                        "sense": "hand",
                        "norm": "qātāti",
                        "pos": "N",
                        "epos": "N"
                      }
                    }
                  ]
                },
                {
                  "node": "d",
                  "type": "line-start",
                  "ref": "P335101.6",
                  "n": "5",
                  "label": "o 5"
                },
                {
                  "node": "l",
                  "frag": "ina",
                  "id": "P335101.l04458",
                  "ref": "P335101.6.1",
                  "inst": "ina[in]PRP",
                  "exosig": "@saao/saa06%akk-x-neoass:ina=ina[in//in]PRP'PRP$ina",
                  "f": {
                    "lang": "akk-x-neoass",
                    "form": "ina",
                    "cf": "ina",
                    "gw": "in",
                    "sense": "in",
                    "norm": "ina",
                    "pos": "PRP",
                    "epos": "PRP"
                  }
                },
                {
                  "node": "l",
                  "frag": "{iti}GUD",
                  "id": "P335101.l04459",
                  "ref": "P335101.6.2",
                  "inst": "Ayari[Iyyar]MN",
                  "exosig": "@saao/saa06%akk-x-neoass:{ITI}GUD=Ayaru[Iyyar//Iyyar]MN'MN$Ayari",
                  "f": {
                    "lang": "akk-x-neoass",
                    "form": "{ITI}GUD",
                    "cf": "Ayaru",
                    "gw": "Iyyar",
                    "sense": "Iyyar",
                    "norm": "Ayari",
                    "pos": "MN",
                    "epos": "MN"
                  }
                },
                {
                  "node": "l",
                  "frag": "SUM-an",
                  "id": "P335101.l0445a",
                  "ref": "P335101.6.3",
                  "inst": "iddan[pay]V",
                  "exosig": "@saao/saa06%akk-x-neoass:SUM-an=tadānu[give//pay]V'V$iddan",
                  "f": {
                    "lang": "akk-x-neoass",
                    "form": "SUM-an",
                    "cf": "tadānu",
                    "gw": "give",
                    "sense": "pay",
                    "norm": "iddan",
                    "pos": "V",
                    "epos": "V"
                  }
                },
                {
                  "node": "d",
                  "type": "line-start",
                  "ref": "P335101.7",
                  "n": "6",
                  "label": "o 6"
                },
                {
                  "node": "l",
                  "frag": "[šum-ma]",
                  "id": "P335101.l0445b",
                  "ref": "P335101.7.1",
                  "inst": "šumma[if]MOD",
                  "exosig": "@saao/saa06%akk-x-neoass:šum-ma=šumma[if//if]MOD'MOD$šumma",
                  "f": {
                    "lang": "akk-x-neoass",
                    "form": "šum-ma",
                    "cf": "šumma",
                    "gw": "if",
                    "sense": "if",
                    "norm": "šumma",
                    "pos": "MOD",
                    "epos": "MOD"
                  }
                },
                {
                  "node": "l",
                  "frag": "⸢la⸣",
                  "id": "P335101.l0445c",
                  "ref": "P335101.7.2",
                  "inst": "lā[not]MOD",
                  "exosig": "@saao/saa06%akk-x-neoass:la=lā[not//not]MOD'MOD$lā",
                  "f": {
                    "lang": "akk-x-neoass",
                    "form": "la",
                    "cf": "lā",
                    "gw": "not",
                    "sense": "not",
                    "norm": "lā",
                    "pos": "MOD",
                    "epos": "MOD"
                  }
                },
                {
                  "node": "l",
                  "frag": "SUM-an",
                  "id": "P335101.l0445d",
                  "ref": "P335101.7.3",
                  "inst": "iddan[pay]V",
                  "exosig": "@saao/saa06%akk-x-neoass:SUM-an=tadānu[give//pay]V'V$iddan",
                  "f": {
                    "lang": "akk-x-neoass",
                    "form": "SUM-an",
                    "cf": "tadānu",
                    "gw": "give",
                    "sense": "pay",
                    "norm": "iddan",
                    "pos": "V",
                    "epos": "V"
                  }
                },
                {
                  "node": "d",
                  "type": "line-start",
                  "ref": "P335101.8",
                  "n": "7",
                  "label": "o 7"
                },
                {
                  "node": "l",
                  "frag": "30",
                  "id": "P335101.l0445e",
                  "ref": "P335101.8.1",
                  "inst": "n",
                  "f": {
                    "lang": "akk-x-neoass",
                    "form": "30",
                    "pos": "n"
                  }
                },
                {
                  "node": "l",
                  "frag": "MA.NA",
                  "id": "P335101.l0445f",
                  "ref": "P335101.8.2",
                  "inst": "manê[a unit of weight]N",
                  "exosig": "@saao/saa06%akk-x-neoass:MA.NA=manû[unit//a unit of weight]N'N$manê",
                  "f": {
                    "lang": "akk-x-neoass",
                    "form": "MA.NA",
                    "cf": "manû",
                    "gw": "unit",
                    "sense": "a unit of weight",
                    "norm": "manê",
                    "pos": "N",
                    "epos": "N"
                  }
                },
                {
                  "node": "l",
                  "frag": "KUG.UD",
                  "id": "P335101.l04460",
                  "ref": "P335101.8.3",
                  "inst": "ṣarpi[silver]N",
                  "exosig": "@saao/saa06%akk-x-neoass:KUG.UD=ṣarpu[silver//silver]N'N$ṣarpi",
                  "f": {
                    "lang": "akk-x-neoass",
                    "form": "KUG.UD",
                    "cf": "ṣarpu",
                    "gw": "silver",
                    "sense": "silver",
                    "norm": "ṣarpi",
                    "pos": "N",
                    "epos": "N"
                  }
                },
                {
                  "node": "d",
                  "subtype": "reverse",
                  "type": "reverse",
                  "ref": "P335101.r.9",
                  "label": "r"
                },
                {
                  "node": "d",
                  "type": "line-start",
                  "ref": "P335101.10",
                  "n": "1",
                  "label": "r 1"
                },
                {
                  "node": "l",
                  "frag": "a-na",
                  "id": "P335101.l04461",
                  "ref": "P335101.10.1",
                  "inst": "ana[to]PRP",
                  "exosig": "@saao/saa06%akk-x-neoass:a-na=ana[to//to]PRP'PRP$ana",
                  "f": {
                    "lang": "akk-x-neoass",
                    "form": "a-na",
                    "cf": "ana",
                    "gw": "to",
                    "sense": "to",
                    "norm": "ana",
                    "pos": "PRP",
                    "epos": "PRP"
                  }
                },
                {
                  "node": "l",
                  "frag": "LUGAL",
                  "id": "P335101.l04462",
                  "ref": "P335101.10.2",
                  "inst": "šarri[king]N",
                  "exosig": "@saao/saa06%akk-x-neoass:LUGAL=šarru[king//king]N'N$šarri",
                  "f": {
                    "lang": "akk-x-neoass",
                    "form": "LUGAL",
                    "cf": "šarru",
                    "gw": "king",
                    "sense": "king",
                    "norm": "šarri",
                    "pos": "N",
                    "epos": "N"
                  }
                },
                {
                  "node": "l",
                  "frag": "SUM-an",
                  "id": "P335101.l04463",
                  "ref": "P335101.10.3",
                  "inst": "iddan[pay]V",
                  "exosig": "@saao/saa06%akk-x-neoass:SUM-an=tadānu[give//pay]V'V$iddan",
                  "f": {
                    "lang": "akk-x-neoass",
                    "form": "SUM-an",
                    "cf": "tadānu",
                    "gw": "give",
                    "sense": "pay",
                    "norm": "iddan",
                    "pos": "V",
                    "epos": "V"
                  }
                },
                {
                  "node": "d",
                  "type": "line-start",
                  "ref": "P335101.11",
                  "n": "2",
                  "label": "r 2"
                },
                {
                  "node": "l",
                  "frag": "{iti}ZIZ₂",
                  "id": "P335101.l04464",
                  "ref": "P335101.11.1",
                  "inst": "Šabaṭi[Shebat]MN",
                  "exosig": "@saao/saa06%akk-x-neoass:{ITI}ZIZ₂=Šabaṭu[Shebat//Shebat]MN'MN$Šabaṭi",
                  "f": {
                    "lang": "akk-x-neoass",
                    "form": "{ITI}ZIZ₂",
                    "cf": "Šabaṭu",
                    "gw": "Shebat",
                    "sense": "Shebat",
                    "norm": "Šabaṭi",
                    "pos": "MN",
                    "epos": "MN"
                  }
                },
                {
                  "node": "l",
                  "frag": "UD",
                  "id": "P335101.l04465",
                  "ref": "P335101.11.2",
                  "inst": "ūm[day]N",
                  "exosig": "@saao/saa06%akk-x-neoass:UD=ūmu[day//day]N'N$ūm",
                  "f": {
                    "lang": "akk-x-neoass",
                    "form": "UD",
                    "cf": "ūmu",
                    "gw": "day",
                    "sense": "day",
                    "norm": "ūm",
                    "pos": "N",
                    "epos": "N"
                  }
                },
                {
                  "node": "l",
                  "frag": "15-⸢KAM₂⸣",
                  "id": "P335101.l04466",
                  "ref": "P335101.11.3",
                  "inst": "n",
                  "f": {
                    "lang": "akk-x-neoass",
                    "form": "15-KAM₂",
                    "pos": "n"
                  }
                },
                {
                  "node": "d",
                  "type": "line-start",
                  "ref": "P335101.12",
                  "n": "3",
                  "label": "r 3"
                },
                {
                  "node": "l",
                  "frag": "lim-mu",
                  "id": "P335101.l04467",
                  "ref": "P335101.12.1",
                  "inst": "limmu[eponym (of year)]N",
                  "exosig": "@saao/saa06%akk-x-neoass:lim-mu=līmu[eponym (of year)//eponym (of year)]N'N$limmu",
                  "f": {
                    "lang": "akk-x-neoass",
                    "form": "lim-mu",
                    "cf": "līmu",
                    "gw": "eponym (of year)",
                    "sense": "eponym (of year)",
                    "norm": "limmu",
                    "pos": "N",
                    "epos": "N"
                  }
                },
                {
                  "node": "l",
                  "frag": "{1}TA-{d}IM-a-ni-nu",
                  "id": "P335101.l04468",
                  "ref": "P335101.12.2",
                  "inst": "Itti-Adad-anenu[1]PN$",
                  "exosig": "@saao/saa06%akk-x-neoass:{1}TA-{d}IM-a-ni-nu=Itti-Adad-anenu[1//1]PN'PN$Itti-Adad-anenu",
                  "f": {
                    "lang": "akk-x-neoass",
                    "form": "{1}TA-{d}IM-a-ni-nu",
                    "cf": "Itti-Adad-anenu",
                    "gw": "1",
                    "sense": "1",
                    "norm": "Itti-Adad-anenu",
                    "pos": "PN",
                    "epos": "PN"
                  }
                },
                {
                  "node": "d",
                  "type": "line-start",
                  "ref": "P335101.13",
                  "n": "4",
                  "label": "r 4"
                },
                {
                  "node": "l",
                  "frag": "IGI",
                  "id": "P335101.l04469",
                  "ref": "P335101.13.1",
                  "inst": "šību[witness]N",
                  "exosig": "@saao/saa06%akk-x-neoass:IGI=šību[witness//witness]N'N$šību",
                  "f": {
                    "lang": "akk-x-neoass",
                    "form": "IGI",
                    "cf": "šību",
                    "gw": "witness",
                    "sense": "witness",
                    "norm": "šību",
                    "pos": "N",
                    "epos": "N"
                  }
                },
                {
                  "node": "l",
                  "frag": "{1}ar-ze-zu",
                  "id": "P335101.l0446a",
                  "ref": "P335101.13.2",
                  "inst": "Arzezu[1]PN",
                  "exosig": "@saao/saa06%akk-x-neoass:{1}ar-ze-zu=Arzezu[1//1]PN'PN$Arzezu",
                  "f": {
                    "lang": "akk-x-neoass",
                    "form": "{1}ar-ze-zu",
                    "cf": "Arzezu",
                    "gw": "1",
                    "sense": "1",
                    "norm": "Arzezu",
                    "pos": "PN",
                    "epos": "PN"
                  }
                },
                {
                  "node": "c",
                  "type": "phrase",
                  "tag": "phr",
                  "id": "P335101.U6",
                  "ref": "P335101.ls00002",
                  "cdl": [
                    {
                      "node": "l",
                      "frag": "{lu₂v}GAL-ki-ṣir",
                      "id": "P335101.l0446b",
                      "ref": "P335101.13.3",
                      "cof-tails": "P335101.l0446c",
                      "inst": "rabû[big one]N$rab&kiṣru[cohort]N$kiṣir",
                      "exosig": "@saao/saa06%akk-x-neoass:{LU₂}GAL-ki-ṣir=rabû[big one//big one]N'N$rab&&@saao%akk-x-neoass:=kiṣru[knot//cohort]N'N$kiṣir",
                      "f": {
                        "lang": "akk-x-neoass",
                        "form": "{LU₂}GAL-ki-ṣir",
                        "cf": "rabû",
                        "gw": "big one",
                        "sense": "big one",
                        "norm": "rab",
                        "pos": "N",
                        "epos": "N"
                      }
                    },
                    {
                      "node": "l",
                      "frag": "{lu₂v}GAL-ki-ṣir",
                      "id": "P335101.l0446c",
                      "ref": "P335101.13.3",
                      "cof-head": "P335101.l0446b",
                      "inst": "rabû[big one]N$rab&kiṣru[cohort]N$kiṣir",
                      "tail-sig": "@saao%akk-x-neoass:=kiṣru[knot//cohort]N'N$kiṣir",
                      "f": {
                        "lang": "akk-x-neoass",
                        "form": "{LU₂}GAL-ki-ṣir",
                        "cf": "kiṣru",
                        "gw": "knot",
                        "sense": "cohort",
                        "norm": "kiṣir",
                        "pos": "N",
                        "epos": "N"
                      }
                    }
                  ]
                },
                {
                  "node": "d",
                  "type": "line-start",
                  "ref": "P335101.14",
                  "n": "5",
                  "label": "r 5"
                },
                {
                  "node": "l",
                  "frag": "IGI",
                  "id": "P335101.l0446d",
                  "ref": "P335101.14.1",
                  "inst": "šību[witness]N",
                  "exosig": "@saao/saa06%akk-x-neoass:IGI=šību[witness//witness]N'N$šību",
                  "f": {
                    "lang": "akk-x-neoass",
                    "form": "IGI",
                    "cf": "šību",
                    "gw": "witness",
                    "sense": "witness",
                    "norm": "šību",
                    "pos": "N",
                    "epos": "N"
                  }
                },
                {
                  "node": "l",
                  "frag": "{1}ma-mi₃-i",
                  "id": "P335101.l0446e",
                  "ref": "P335101.14.2",
                  "inst": "Mami[1]PN",
                  "exosig": "@saao/saa06%akk-x-neoass:{1}ma-mi₃-i=Mami[1//1]PN'PN$Mami",
                  "f": {
                    "lang": "akk-x-neoass",
                    "form": "{1}ma-mi₃-i",
                    "cf": "Mami",
                    "gw": "1",
                    "sense": "1",
                    "norm": "Mami",
                    "pos": "PN",
                    "epos": "PN"
                  }
                },
                {
                  "node": "c",
                  "type": "phrase",
                  "tag": "phr",
                  "id": "P335101.U7",
                  "ref": "P335101.ls00003",
                  "cdl": [
                    {
                      "node": "l",
                      "frag": "{lu₂}{<:(GAL-ki-ṣir)>}",
                      "id": "P335101.l0446f",
                      "ref": "P335101.14.3",
                      "cof-tails": "P335101.l04470",
                      "inst": "rabû[big one]N$rab&kiṣru[cohort]N$kiṣir",
                      "exosig": "@saao/saa06%akk-x-neoass:{LU₂}GAL-ki-ṣir=rabû[big one//big one]N'N$rab&&@saao%akk-x-neoass:=kiṣru[knot//cohort]N'N$kiṣir",
                      "f": {
                        "lang": "akk-x-neoass",
                        "form": "{LU₂}GAL-ki-ṣir",
                        "cf": "rabû",
                        "gw": "big one",
                        "sense": "big one",
                        "norm": "rab",
                        "pos": "N",
                        "epos": "N"
                      }
                    },
                    {
                      "node": "l",
                      "frag": "{lu₂}{<:(GAL-ki-ṣir)>}",
                      "id": "P335101.l04470",
                      "ref": "P335101.14.3",
                      "cof-head": "P335101.l0446f",
                      "inst": "rabû[big one]N$rab&kiṣru[cohort]N$kiṣir",
                      "tail-sig": "@saao%akk-x-neoass:=kiṣru[knot//cohort]N'N$kiṣir",
                      "f": {
                        "lang": "akk-x-neoass",
                        "form": "{LU₂}GAL-ki-ṣir",
                        "cf": "kiṣru",
                        "gw": "knot",
                        "sense": "cohort",
                        "norm": "kiṣir",
                        "pos": "N",
                        "epos": "N"
                      }
                    }
                  ]
                },
                {
                  "node": "d",
                  "type": "line-start",
                  "ref": "P335101.15",
                  "n": "6",
                  "label": "r 6"
                },
                {
                  "node": "l",
                  "frag": "[IGI",
                  "id": "P335101.l04471",
                  "ref": "P335101.15.1",
                  "inst": "šību[witness]N",
                  "exosig": "@saao/saa06%akk-x-neoass:IGI=šību[witness//witness]N'N$šību",
                  "f": {
                    "lang": "akk-x-neoass",
                    "form": "IGI",
                    "cf": "šību",
                    "gw": "witness",
                    "sense": "witness",
                    "norm": "šību",
                    "pos": "N",
                    "epos": "N"
                  }
                },
                {
                  "node": "l",
                  "frag": "{1}ha-ba-sa-tu₂",
                  "id": "P335101.l04472",
                  "ref": "P335101.15.2",
                  "inst": "Ha-bašti[1]PN$Ha-basatu",
                  "exosig": "@saao/saa06%akk-x-neoass:{1}ha-ba-sa-tu₂=Ha-bašti[1//1]PN'PN$Ha-basatu",
                  "f": {
                    "lang": "akk-x-neoass",
                    "form": "{1}ha-ba-sa-tu₂",
                    "cf": "Ha-bašti",
                    "gw": "1",
                    "sense": "1",
                    "norm": "Ha-basatu",
                    "pos": "PN",
                    "epos": "PN"
                  }
                },
                {
                  "node": "c",
                  "type": "phrase",
                  "tag": "phr",
                  "id": "P335101.U8",
                  "ref": "P335101.ls00004",
                  "cdl": [
                    {
                      "node": "l",
                      "frag": "{lu₂v}GAL-I₃.DU₈-MEŠ",
                      "id": "P335101.l04473",
                      "ref": "P335101.15.3",
                      "cof-tails": "P335101.l04474",
                      "inst": "rabû[big one]N$rab&atû[gatekeeper]N$atî",
                      "exosig": "@saao/saa06%akk-x-neoass:{LU₂}GAL-I₃.DU₈-MEŠ=rabû[big one//big one]N'N$rab&&@saao%akk-x-neoass:=atû[gatekeeper//gatekeeper]N'N$atî",
                      "f": {
                        "lang": "akk-x-neoass",
                        "form": "{LU₂}GAL-I₃.DU₈-MEŠ",
                        "cf": "rabû",
                        "gw": "big one",
                        "sense": "big one",
                        "norm": "rab",
                        "pos": "N",
                        "epos": "N"
                      }
                    },
                    {
                      "node": "l",
                      "frag": "{lu₂v}GAL-I₃.DU₈-MEŠ",
                      "id": "P335101.l04474",
                      "ref": "P335101.15.3",
                      "cof-head": "P335101.l04473",
                      "inst": "rabû[big one]N$rab&atû[gatekeeper]N$atî",
                      "tail-sig": "@saao%akk-x-neoass:=atû[gatekeeper//gatekeeper]N'N$atî",
                      "f": {
                        "lang": "akk-x-neoass",
                        "form": "{LU₂}GAL-I₃.DU₈-MEŠ",
                        "cf": "atû",
                        "gw": "gatekeeper",
                        "sense": "gatekeeper",
                        "norm": "atî",
                        "pos": "N",
                        "epos": "N"
                      }
                    }
                  ]
                },
                {
                  "node": "d",
                  "type": "line-start",
                  "ref": "P335101.16",
                  "n": "7",
                  "label": "r 7"
                },
                {
                  "node": "l",
                  "frag": "[IGI",
                  "id": "P335101.l04475",
                  "ref": "P335101.16.1",
                  "inst": "šību[witness]N",
                  "exosig": "@saao/saa06%akk-x-neoass:IGI=šību[witness//witness]N'N$šību",
                  "f": {
                    "lang": "akk-x-neoass",
                    "form": "IGI",
                    "cf": "šību",
                    "gw": "witness",
                    "sense": "witness",
                    "norm": "šību",
                    "pos": "N",
                    "epos": "N"
                  }
                },
                {
                  "node": "l",
                  "frag": "{1}⸢ku₃⸣-ba-bu-DINGIR-a.a",
                  "id": "P335101.l04476",
                  "ref": "P335101.16.2",
                  "inst": "Kubabu-ilaʾi[1]PN$",
                  "exosig": "@saao/saa06%akk-x-neoass:{1}ku₃-ba-bu-DINGIR-a.a=Kubabu-ilaʾi[1//1]PN'PN$Kubabu-ilaʾi",
                  "f": {
                    "lang": "akk-x-neoass",
                    "form": "{1}ku₃-ba-bu-DINGIR-a.a",
                    "cf": "Kubabu-ilaʾi",
                    "gw": "1",
                    "sense": "1",
                    "norm": "Kubabu-ilaʾi",
                    "pos": "PN",
                    "epos": "PN"
                  }
                },
                {
                  "node": "d",
                  "subtype": "right",
                  "type": "right",
                  "ref": "P335101.r.e..17",
                  "label": "r.e."
                },
                {
                  "node": "d",
                  "type": "line-start",
                  "ref": "P335101.18",
                  "n": "8",
                  "label": "r.e. 8"
                },
                {
                  "node": "l",
                  "frag": "[IGI]",
                  "id": "P335101.l04477",
                  "ref": "P335101.18.1",
                  "inst": "šību[witness]N",
                  "exosig": "@saao/saa06%akk-x-neoass:IGI=šību[witness//witness]N'N$šību",
                  "f": {
                    "lang": "akk-x-neoass",
                    "form": "IGI",
                    "cf": "šību",
                    "gw": "witness",
                    "sense": "witness",
                    "norm": "šību",
                    "pos": "N",
                    "epos": "N"
                  }
                },
                {
                  "node": "l",
                  "frag": "{1}a-⸢bi⸣-lu-re-e",
                  "id": "P335101.l04478",
                  "ref": "P335101.18.2",
                  "inst": "Abi-lu-reʾi[1]PN$",
                  "exosig": "@saao/saa06%akk-x-neoass:{1}a-bi-lu-re-e=Abi-lu-reʾi[1//1]PN'PN$Abi-lu-reʾi",
                  "f": {
                    "lang": "akk-x-neoass",
                    "form": "{1}a-bi-lu-re-e",
                    "cf": "Abi-lu-reʾi",
                    "gw": "1",
                    "sense": "1",
                    "norm": "Abi-lu-reʾi",
                    "pos": "PN",
                    "epos": "PN"
                  }
                },
                {
                  "node": "d",
                  "type": "line-start",
                  "ref": "P335101.19",
                  "n": "9",
                  "label": "r.e. 9"
                },
                {
                  "node": "l",
                  "frag": "IGI",
                  "id": "P335101.l04479",
                  "ref": "P335101.19.1",
                  "inst": "šību[witness]N",
                  "exosig": "@saao/saa06%akk-x-neoass:IGI=šību[witness//witness]N'N$šību",
                  "f": {
                    "lang": "akk-x-neoass",
                    "form": "IGI",
                    "cf": "šību",
                    "gw": "witness",
                    "sense": "witness",
                    "norm": "šību",
                    "pos": "N",
                    "epos": "N"
                  }
                },
                {
                  "node": "l",
                  "frag": "{1}aš-šur-DINGIR-a.a",
                  "id": "P335101.l0447a",
                  "ref": "P335101.19.2",
                  "inst": "Aššur-ilaʾi[1]PN",
                  "exosig": "@saao/saa06%akk-x-neoass:{1}aš-šur-DINGIR-a.a=Aššur-ilaʾi[1//1]PN'PN$Aššur-ilaʾi",
                  "f": {
                    "lang": "akk-x-neoass",
                    "form": "{1}aš-šur-DINGIR-a.a",
                    "cf": "Aššur-ilaʾi",
                    "gw": "1",
                    "sense": "1",
                    "norm": "Aššur-ilaʾi",
                    "pos": "PN",
                    "epos": "PN"
                  }
                }
              ]
            }
          ]
        }
      ]
    },
    {
      "linkbase": [
        {
          "type": "linkset",
          "xlink_title": "ina pān[in the presence of//at the disposal of]PRP'PRP",
          "id": "P335101.ls00000",
          "xlink_type": "extended",
          "xlink_role": "psu",
          "sig": "{ina[in]PRP pānu[front]N += ina pān[in the presence of//at the disposal of]PRP'PRP}::@saao%akk-x-neoass:ina=ina[in//into]PRP'PRP$ina++@saao%akk-x-neoass:IGI=pānu[front//front]N'N$pān",
          "links": [
            {
              "type": "link",
              "xlink_title": "ina",
              "xlink_type": "locator",
              "xlink_href": "#P335101.l04452",
              "xlink_role": "elt"
            },
            {
              "type": "link",
              "xlink_title": "pān",
              "xlink_type": "locator",
              "xlink_href": "#P335101.l04453",
              "xlink_role": "elt"
            }
          ]
        },
        {
          "type": "linkset",
          "xlink_title": "bēl qātāti[guarantor//guarantor]N'N",
          "id": "P335101.ls00001",
          "xlink_type": "extended",
          "xlink_role": "psu",
          "sig": "{bēlu[lord]N qātu[hand]N += bēl qātāti[guarantor//guarantor]N'N}::@saao%akk-x-neoass:EN-ŠU-MEŠ=bēlu[lord//lord]N'N$bēl++@saao%akk-x-neoass:EN-ŠU-MEŠ=qātu[hand//hand]N'N$qātāti",
          "links": [
            {
              "type": "link",
              "xlink_title": "bēlu",
              "xlink_type": "locator",
              "xlink_href": "#P335101.l04456",
              "xlink_role": "elt"
            },
            {
              "type": "link",
              "xlink_title": "qātu",
              "xlink_type": "locator",
              "xlink_href": "#P335101.l04457",
              "xlink_role": "elt"
            }
          ]
        },
        {
          "type": "linkset",
          "xlink_title": "rab kiṣri[centurion//cohort commander]N'N",
          "id": "P335101.ls00002",
          "xlink_type": "extended",
          "xlink_role": "psu",
          "sig": "{{LU₂}GAL-ki-ṣir = rabû[big one]N kiṣru[knot]N += rab kiṣri[centurion//cohort commander]N'N}::@saao/saa10%akk-x-neoass:{LU₂}GAL-ki-ṣir=rabû[big one//big one]N'N$rab++@saao/saa10%akk-x-neobab:{LU₂}GAL-ki-ṣir=kiṣru[knot//knot]N'N$kiṣir",
          "links": [
            {
              "type": "link",
              "xlink_title": "rabû",
              "xlink_type": "locator",
              "xlink_href": "#P335101.l0446b",
              "xlink_role": "elt"
            },
            {
              "type": "link",
              "xlink_title": "kiṣru",
              "xlink_type": "locator",
              "xlink_href": "#P335101.l0446c",
              "xlink_role": "elt"
            }
          ]
        },
        {
          "type": "linkset",
          "xlink_title": "rab kiṣri[centurion//cohort commander]N'N",
          "id": "P335101.ls00003",
          "xlink_type": "extended",
          "xlink_role": "psu",
          "sig": "{{LU₂}GAL-ki-ṣir = rabû[big one]N kiṣru[knot]N += rab kiṣri[centurion//cohort commander]N'N}::@saao/saa10%akk-x-neoass:{LU₂}GAL-ki-ṣir=rabû[big one//big one]N'N$rab++@saao/saa10%akk-x-neobab:{LU₂}GAL-ki-ṣir=kiṣru[knot//knot]N'N$kiṣir",
          "links": [
            {
              "type": "link",
              "xlink_title": "rabû",
              "xlink_type": "locator",
              "xlink_href": "#P335101.l0446f",
              "xlink_role": "elt"
            },
            {
              "type": "link",
              "xlink_title": "kiṣru",
              "xlink_type": "locator",
              "xlink_href": "#P335101.l04470",
              "xlink_role": "elt"
            }
          ]
        },
        {
          "type": "linkset",
          "xlink_title": "rab atî[head porter//head porter]N'N",
          "id": "P335101.ls00004",
          "xlink_type": "extended",
          "xlink_role": "psu",
          "sig": "{rabû[big one]N atû[gatekeeper]N += rab atî[head porter//head porter]N'N}::@saao%akk-x-neoass:GAL-{LU₂}I₃.DU₈-MEŠ=rabû[big one//big one]N'N$rab++@saao%akk-x-neoass:GAL-{LU₂}I₃.DU₈-MEŠ=atû[gatekeeper//gatekeeper]N'N$atî",
          "links": [
            {
              "type": "link",
              "xlink_title": "rabû",
              "xlink_type": "locator",
              "xlink_href": "#P335101.l04473",
              "xlink_role": "elt"
            },
            {
              "type": "link",
              "xlink_title": "atû",
              "xlink_type": "locator",
              "xlink_href": "#P335101.l04474",
              "xlink_role": "elt"
            }
          ]
        }
      ]
    }
  ]
}
