{
  "type": "cdl",
  "source": "http://oracc.org/cams/gkab",
  "license": "This data is released under the CC0 license",
  "license-url": "https://creativecommons.org/publicdomain/zero/1.0/",
  "more-info": "http://oracc.org/doc/opendata/",
  "UTC-timestamp": "2017-06-09T23:22:37",
  "project": "cams/gkab",
  "textid": "P363469",
  "cdl": [
    {
      "node": "c",
      "type": "text",
      "id": "P363469.U0",
      "cdl": [
        {
          "node": "d",
          "subtype": "tablet",
          "type": "tablet",
          "ref": "P363469.x76.1",
          "label": "x76"
        },
        {
          "node": "d",
          "subtype": "obverse",
          "type": "obverse",
          "ref": "P363469.o.2",
          "label": "o"
        },
        {
          "node": "c",
          "type": "discourse",
          "subtype": "body",
          "id": "P363469.U1",
          "cdl": [
            {
              "node": "c",
              "type": "sentence",
              "tag": ".",
              "id": "P363469.U2",
              "label": "o 1 - o 1",
              "cdl": [
                {
                  "node": "d",
                  "type": "line-start",
                  "ref": "P363469.3",
                  "n": "1",
                  "label": "o 1"
                },
                {
                  "node": "l",
                  "frag": "[...]-⸢KAM₂⸣",
                  "id": "P363469.l03f37",
                  "ref": "P363469.3.1",
                  "inst": "u",
                  "f": {
                    "lang": "akk-x-stdbab",
                    "form": "x-KAM₂",
                    "pos": "u"
                  }
                },
                {
                  "node": "l",
                  "frag": "[I].⸢BI₂⸣.ZA",
                  "id": "P363469.l03f38",
                  "ref": "P363469.3.2",
                  "inst": "ibissû[(financial) loss]N +.",
                  "sig": "@cams/gkab%akk-x-stdbab:I.BI₂.ZA=ibissû[(financial) loss//(financial) loss]N'N$ibissû",
                  "f": {
                    "lang": "akk-x-stdbab",
                    "form": "I.BI₂.ZA",
                    "cf": "ibissû",
                    "gw": "(financial) loss",
                    "sense": "(financial) loss",
                    "norm": "ibissû",
                    "pos": "N",
                    "epos": "N"
                  }
                }
              ]
            },
            {
              "node": "c",
              "type": "sentence",
              "tag": ".",
              "id": "P363469.U4",
              "label": "o 1 - o 1",
              "cdl": [
                {
                  "node": "l",
                  "frag": "ŠE.GE.[DA]",
                  "id": "P363469.l03f39",
                  "ref": "P363469.3.3",
                  "inst": "+magru[friendly//favourable]AJ$magir +.",
                  "sig": "@cams/gkab%akk-x-stdbab:ŠE.GE.DA=magru[friendly//favourable]AJ'AJ$magir",
                  "f": {
                    "lang": "akk-x-stdbab",
                    "form": "ŠE.GE.DA",
                    "cf": "magru",
                    "gw": "friendly",
                    "sense": "favourable",
                    "norm": "magir",
                    "pos": "AJ",
                    "epos": "AJ"
                  }
                }
              ]
            },
            {
              "node": "c",
              "type": "sentence",
              "tag": ".",
              "id": "P363469.U6",
              "label": "o 2 - o 2",
              "cdl": [
                {
                  "node": "d",
                  "type": "line-start",
                  "ref": "P363469.4",
                  "n": "2",
                  "label": "o 2"
                },
                {
                  "node": "l",
                  "frag": "[...]-KAM₂",
                  "id": "P363469.l03f3a",
                  "ref": "P363469.4.1",
                  "inst": "u",
                  "f": {
                    "lang": "akk-x-stdbab",
                    "form": "x-KAM₂",
                    "pos": "u"
                  }
                },
                {
                  "node": "l",
                  "frag": "hi-bil-⸢tu₄⸣",
                  "id": "P363469.l03f3b",
                  "ref": "P363469.4.2",
                  "inst": "hibiltu[wrongdoing]N +.",
                  "sig": "@cams/gkab%akk-x-stdbab:hi-bil-tu₄=hibiltu[wrongdoing//wrongdoing]N'N$hibiltu",
                  "f": {
                    "lang": "akk-x-stdbab",
                    "form": "hi-bil-tu₄",
                    "cf": "hibiltu",
                    "gw": "wrongdoing",
                    "sense": "wrongdoing",
                    "norm": "hibiltu",
                    "pos": "N",
                    "epos": "N"
                  }
                }
              ]
            },
            {
              "node": "c",
              "type": "sentence",
              "tag": ".",
              "id": "P363469.U8",
              "label": "o 3 - o 3",
              "cdl": [
                {
                  "node": "d",
                  "type": "line-start",
                  "ref": "P363469.5",
                  "n": "3",
                  "label": "o 3"
                },
                {
                  "node": "l",
                  "frag": "[...]",
                  "id": "P363469.l03f3c",
                  "ref": "P363469.5.1",
                  "inst": "u",
                  "f": {
                    "lang": "akk-x-stdbab",
                    "form": "x",
                    "pos": "u"
                  }
                },
                {
                  "node": "l",
                  "frag": "GABA.RA.AH",
                  "id": "P363469.l03f3d",
                  "ref": "P363469.5.2",
                  "inst": "+gabarahhu[breast-beating//panic]N$ +.",
                  "sig": "@cams/gkab%akk-x-stdbab:GABA.RA.AH=gabarahhu[breast-beating//panic]N'N$gabarahhu",
                  "f": {
                    "lang": "akk-x-stdbab",
                    "form": "GABA.RA.AH",
                    "cf": "gabarahhu",
                    "gw": "breast-beating",
                    "sense": "panic",
                    "norm": "gabarahhu",
                    "pos": "N",
                    "epos": "N"
                  }
                }
              ]
            },
            {
              "node": "c",
              "type": "sentence",
              "tag": ".",
              "id": "P363469.U10",
              "label": "o 3 - o 3",
              "cdl": [
                {
                  "node": "l",
                  "frag": "TI",
                  "id": "P363469.l03f3e",
                  "ref": "P363469.5.3",
                  "inst": "+balāṭu[life//good health]N$ +.",
                  "sig": "@cams/gkab%akk-x-stdbab:TI=balāṭu[life//good health]N'N$balāṭu",
                  "f": {
                    "lang": "akk-x-stdbab",
                    "form": "TI",
                    "cf": "balāṭu",
                    "gw": "life",
                    "sense": "good health",
                    "norm": "balāṭu",
                    "pos": "N",
                    "epos": "N"
                  }
                }
              ]
            },
            {
              "node": "c",
              "type": "sentence",
              "tag": ".",
              "id": "P363469.U12",
              "label": "o 4 - o 4",
              "cdl": [
                {
                  "node": "d",
                  "type": "line-start",
                  "ref": "P363469.6",
                  "n": "4",
                  "label": "o 4"
                },
                {
                  "node": "l",
                  "frag": "[...]",
                  "id": "P363469.l03f3f",
                  "ref": "P363469.6.1",
                  "inst": "u",
                  "f": {
                    "lang": "akk-x-stdbab",
                    "form": "x",
                    "pos": "u"
                  }
                },
                {
                  "node": "l",
                  "frag": "U₄",
                  "id": "P363469.l03f40",
                  "ref": "P363469.6.2",
                  "inst": "ūm[day]N",
                  "sig": "@cams/gkab%akk-x-stdbab:U₄=ūmu[day//day]N'N$ūm",
                  "f": {
                    "lang": "akk-x-stdbab",
                    "form": "U₄",
                    "cf": "ūmu",
                    "gw": "day",
                    "sense": "day",
                    "norm": "ūm",
                    "pos": "N",
                    "epos": "N"
                  }
                },
                {
                  "node": "l",
                  "frag": "[...]-KAM₂",
                  "id": "P363469.l03f41",
                  "ref": "P363469.6.3",
                  "inst": "u",
                  "f": {
                    "lang": "akk-x-stdbab",
                    "form": "x-KAM₂",
                    "pos": "u"
                  }
                },
                {
                  "node": "l",
                  "frag": "NU.UN.ŠE.GE.DA",
                  "id": "P363469.l03f42",
                  "ref": "P363469.6.4",
                  "cof-tails": "P363469.l03f43",
                  "inst": "ul[not]MOD$ul&magru[favourable]AJ$magir +.",
                  "sig": "@cams/gkab%akk-x-stdbab:NU.UN.ŠE.GE.DA=ul[not//not]MOD'MOD$ul&&@cams/gkab%akk-x-stdbab:=magru[friendly//favourable]AJ'AJ$magir",
                  "f": {
                    "lang": "akk-x-stdbab",
                    "form": "NU.UN.ŠE.GE.DA",
                    "cf": "ul",
                    "gw": "not",
                    "sense": "not",
                    "norm": "ul",
                    "pos": "MOD",
                    "epos": "MOD"
                  }
                },
                {
                  "node": "l",
                  "frag": "NU.UN.ŠE.GE.DA",
                  "id": "P363469.l03f43",
                  "ref": "P363469.6.4",
                  "cof-head": "P363469.l03f42",
                  "inst": "ul[not]MOD$ul&magru[favourable]AJ$magir +.",
                  "tail-sig": "@cams/gkab%akk-x-stdbab:=magru[friendly//favourable]AJ'AJ$magir",
                  "f": {
                    "lang": "akk-x-stdbab",
                    "form": "NU.UN.ŠE.GE.DA",
                    "cf": "magru",
                    "gw": "friendly",
                    "sense": "favourable",
                    "norm": "magir",
                    "pos": "AJ",
                    "epos": "AJ"
                  }
                }
              ]
            },
            {
              "node": "c",
              "type": "sentence",
              "tag": ".",
              "id": "P363469.U14",
              "label": "o 5 - o 5",
              "cdl": [
                {
                  "node": "d",
                  "type": "line-start",
                  "ref": "P363469.7",
                  "n": "5",
                  "label": "o 5"
                },
                {
                  "node": "l",
                  "frag": "[...]",
                  "id": "P363469.l03f44",
                  "ref": "P363469.7.1",
                  "inst": "u",
                  "f": {
                    "lang": "akk-x-stdbab",
                    "form": "x",
                    "pos": "u"
                  }
                },
                {
                  "node": "l",
                  "frag": "U₄",
                  "id": "P363469.l03f45",
                  "ref": "P363469.7.2",
                  "inst": "ūm[day]N",
                  "sig": "@cams/gkab%akk-x-stdbab:U₄=ūmu[day//day]N'N$ūm",
                  "f": {
                    "lang": "akk-x-stdbab",
                    "form": "U₄",
                    "cf": "ūmu",
                    "gw": "day",
                    "sense": "day",
                    "norm": "ūm",
                    "pos": "N",
                    "epos": "N"
                  }
                },
                {
                  "node": "l",
                  "frag": "21-KAM₂",
                  "id": "P363469.l03f46",
                  "ref": "P363469.7.3",
                  "inst": "n",
                  "f": {
                    "lang": "akk-x-stdbab",
                    "form": "21-KAM₂",
                    "pos": "n"
                  }
                },
                {
                  "node": "l",
                  "frag": "ZI.GA",
                  "id": "P363469.l03f47",
                  "ref": "P363469.7.4",
                  "inst": "ṣīt[loss]N",
                  "sig": "@cams/gkab%akk-x-stdbab:ZI.GA=ṣītu[exit//loss]N'N$ṣīt",
                  "f": {
                    "lang": "akk-x-stdbab",
                    "form": "ZI.GA",
                    "cf": "ṣītu",
                    "gw": "exit",
                    "sense": "loss",
                    "norm": "ṣīt",
                    "pos": "N",
                    "epos": "N"
                  }
                },
                {
                  "node": "l",
                  "frag": "ŠE{e}",
                  "id": "P363469.l03f48",
                  "ref": "P363469.7.5",
                  "inst": "šeʾe[barley]N +.",
                  "sig": "@cams/gkab%akk-x-stdbab:ŠE{+e}=šeʾu[barley//barley]N'N$šeʾe",
                  "f": {
                    "lang": "akk-x-stdbab",
                    "form": "ŠE{+e}",
                    "cf": "šeʾu",
                    "gw": "barley",
                    "sense": "barley",
                    "norm": "šeʾe",
                    "pos": "N",
                    "epos": "N"
                  }
                }
              ]
            },
            {
              "node": "c",
              "type": "sentence",
              "tag": ".",
              "id": "P363469.U16",
              "label": "o 6 - o 6",
              "cdl": [
                {
                  "node": "d",
                  "type": "line-start",
                  "ref": "P363469.8",
                  "n": "6",
                  "label": "o 6"
                },
                {
                  "node": "l",
                  "frag": "[...]",
                  "id": "P363469.l03f49",
                  "ref": "P363469.8.1",
                  "inst": "u",
                  "f": {
                    "lang": "akk-x-stdbab",
                    "form": "x",
                    "pos": "u"
                  }
                },
                {
                  "node": "l",
                  "frag": "U₄",
                  "id": "P363469.l03f4a",
                  "ref": "P363469.8.2",
                  "inst": "ūm[day]N",
                  "sig": "@cams/gkab%akk-x-stdbab:U₄=ūmu[day//day]N'N$ūm",
                  "f": {
                    "lang": "akk-x-stdbab",
                    "form": "U₄",
                    "cf": "ūmu",
                    "gw": "day",
                    "sense": "day",
                    "norm": "ūm",
                    "pos": "N",
                    "epos": "N"
                  }
                },
                {
                  "node": "l",
                  "frag": "26-KAM₂",
                  "id": "P363469.l03f4b",
                  "ref": "P363469.8.3",
                  "inst": "n",
                  "f": {
                    "lang": "akk-x-stdbab",
                    "form": "26-KAM₂",
                    "pos": "n"
                  }
                },
                {
                  "node": "l",
                  "frag": "NU.UN.ŠE.GE.DA",
                  "id": "P363469.l03f4c",
                  "ref": "P363469.8.4",
                  "cof-tails": "P363469.l03f4d",
                  "inst": "ul[not]MOD$ul&magru[favourable]AJ$magir +.",
                  "sig": "@cams/gkab%akk-x-stdbab:NU.UN.ŠE.GE.DA=ul[not//not]MOD'MOD$ul&&@cams/gkab%akk-x-stdbab:=magru[friendly//favourable]AJ'AJ$magir",
                  "f": {
                    "lang": "akk-x-stdbab",
                    "form": "NU.UN.ŠE.GE.DA",
                    "cf": "ul",
                    "gw": "not",
                    "sense": "not",
                    "norm": "ul",
                    "pos": "MOD",
                    "epos": "MOD"
                  }
                },
                {
                  "node": "l",
                  "frag": "NU.UN.ŠE.GE.DA",
                  "id": "P363469.l03f4d",
                  "ref": "P363469.8.4",
                  "cof-head": "P363469.l03f4c",
                  "inst": "ul[not]MOD$ul&magru[favourable]AJ$magir +.",
                  "tail-sig": "@cams/gkab%akk-x-stdbab:=magru[friendly//favourable]AJ'AJ$magir",
                  "f": {
                    "lang": "akk-x-stdbab",
                    "form": "NU.UN.ŠE.GE.DA",
                    "cf": "magru",
                    "gw": "friendly",
                    "sense": "favourable",
                    "norm": "magir",
                    "pos": "AJ",
                    "epos": "AJ"
                  }
                }
              ]
            },
            {
              "node": "c",
              "type": "sentence",
              "tag": ".",
              "id": "P363469.U18",
              "label": "o 7 - o 7",
              "cdl": [
                {
                  "node": "d",
                  "type": "line-start",
                  "ref": "P363469.9",
                  "n": "7",
                  "label": "o 7"
                },
                {
                  "node": "l",
                  "frag": "[...]",
                  "id": "P363469.l03f4e",
                  "ref": "P363469.9.1",
                  "inst": "u",
                  "f": {
                    "lang": "akk-x-stdbab",
                    "form": "x",
                    "pos": "u"
                  }
                },
                {
                  "node": "l",
                  "frag": "U₄",
                  "id": "P363469.l03f4f",
                  "ref": "P363469.9.2",
                  "inst": "ūm[day]N",
                  "sig": "@cams/gkab%akk-x-stdbab:U₄=ūmu[day//day]N'N$ūm",
                  "f": {
                    "lang": "akk-x-stdbab",
                    "form": "U₄",
                    "cf": "ūmu",
                    "gw": "day",
                    "sense": "day",
                    "norm": "ūm",
                    "pos": "N",
                    "epos": "N"
                  }
                },
                {
                  "node": "l",
                  "frag": "29-KAM₂",
                  "id": "P363469.l03f50",
                  "ref": "P363469.9.3",
                  "inst": "n",
                  "f": {
                    "lang": "akk-x-stdbab",
                    "form": "29-KAM₂",
                    "pos": "n"
                  }
                },
                {
                  "node": "l",
                  "frag": "NU.UN.ŠE.GE.DA",
                  "id": "P363469.l03f51",
                  "ref": "P363469.9.4",
                  "cof-tails": "P363469.l03f52",
                  "inst": "ul[not]MOD$ul&magru[favourable]AJ$magir +.",
                  "sig": "@cams/gkab%akk-x-stdbab:NU.UN.ŠE.GE.DA=ul[not//not]MOD'MOD$ul&&@cams/gkab%akk-x-stdbab:=magru[friendly//favourable]AJ'AJ$magir",
                  "f": {
                    "lang": "akk-x-stdbab",
                    "form": "NU.UN.ŠE.GE.DA",
                    "cf": "ul",
                    "gw": "not",
                    "sense": "not",
                    "norm": "ul",
                    "pos": "MOD",
                    "epos": "MOD"
                  }
                },
                {
                  "node": "l",
                  "frag": "NU.UN.ŠE.GE.DA",
                  "id": "P363469.l03f52",
                  "ref": "P363469.9.4",
                  "cof-head": "P363469.l03f51",
                  "inst": "ul[not]MOD$ul&magru[favourable]AJ$magir +.",
                  "tail-sig": "@cams/gkab%akk-x-stdbab:=magru[friendly//favourable]AJ'AJ$magir",
                  "f": {
                    "lang": "akk-x-stdbab",
                    "form": "NU.UN.ŠE.GE.DA",
                    "cf": "magru",
                    "gw": "friendly",
                    "sense": "favourable",
                    "norm": "magir",
                    "pos": "AJ",
                    "epos": "AJ"
                  }
                }
              ]
            },
            {
              "node": "c",
              "type": "sentence",
              "tag": ".",
              "id": "P363469.U20",
              "label": "o 8 - o 8",
              "cdl": [
                {
                  "node": "d",
                  "type": "line-start",
                  "ref": "P363469.10",
                  "n": "8",
                  "label": "o 8"
                },
                {
                  "node": "l",
                  "frag": "[...]",
                  "id": "P363469.l03f53",
                  "ref": "P363469.10.1",
                  "inst": "u",
                  "f": {
                    "lang": "akk-x-stdbab",
                    "form": "x",
                    "pos": "u"
                  }
                },
                {
                  "node": "l",
                  "frag": "U₄",
                  "id": "P363469.l03f54",
                  "ref": "P363469.10.2",
                  "inst": "ūm[day]N",
                  "sig": "@cams/gkab%akk-x-stdbab:U₄=ūmu[day//day]N'N$ūm",
                  "f": {
                    "lang": "akk-x-stdbab",
                    "form": "U₄",
                    "cf": "ūmu",
                    "gw": "day",
                    "sense": "day",
                    "norm": "ūm",
                    "pos": "N",
                    "epos": "N"
                  }
                },
                {
                  "node": "l",
                  "frag": "30-KAM₂",
                  "id": "P363469.l03f55",
                  "ref": "P363469.10.3",
                  "inst": "n",
                  "f": {
                    "lang": "akk-x-stdbab",
                    "form": "30-KAM₂",
                    "pos": "n"
                  }
                },
                {
                  "node": "l",
                  "frag": "UZU",
                  "id": "P363469.l03f56",
                  "ref": "P363469.10.4",
                  "inst": "šīr[meat]N",
                  "sig": "@cams/gkab%akk-x-stdbab:UZU=šīru[flesh//meat]N'N$šīr",
                  "f": {
                    "lang": "akk-x-stdbab",
                    "form": "UZU",
                    "cf": "šīru",
                    "gw": "flesh",
                    "sense": "meat",
                    "norm": "šīr",
                    "pos": "N",
                    "epos": "N"
                  }
                },
                {
                  "node": "l",
                  "frag": "ŠAH",
                  "id": "P363469.l03f57",
                  "ref": "P363469.10.5",
                  "inst": "šahî[pig]N",
                  "sig": "@cams/gkab%akk-x-stdbab:ŠAH=šahû[pig//pig]N'N$šahî",
                  "f": {
                    "lang": "akk-x-stdbab",
                    "form": "ŠAH",
                    "cf": "šahû",
                    "gw": "pig",
                    "sense": "pig",
                    "norm": "šahî",
                    "pos": "N",
                    "epos": "N"
                  }
                },
                {
                  "node": "l",
                  "frag": "NA.AN.GU₇.E",
                  "id": "P363469.l03f58",
                  "ref": "P363469.10.6",
                  "cof-tails": "P363469.l03f59",
                  "inst": "+ul[not]MOD$&+akālu[eat]V$ikkal +.",
                  "sig": "@cams/gkab%akk-x-stdbab:NA.AN.GU₇.E=ul[not//not]MOD'MOD$ul&&@cams/gkab%akk-x-stdbab:NA.AN.GU₇.E=akālu[eat//eat]V'V$ikkal",
                  "f": {
                    "lang": "akk-x-stdbab",
                    "form": "NA.AN.GU₇.E",
                    "cf": "ul",
                    "gw": "not",
                    "sense": "not",
                    "norm": "ul",
                    "pos": "MOD",
                    "epos": "MOD"
                  }
                },
                {
                  "node": "l",
                  "frag": "NA.AN.GU₇.E",
                  "id": "P363469.l03f59",
                  "ref": "P363469.10.6",
                  "cof-head": "P363469.l03f58",
                  "inst": "+ul[not]MOD$&+akālu[eat]V$ikkal +.",
                  "f": {
                    "lang": "akk-x-stdbab",
                    "form": "NA.AN.GU₇.E",
                    "cf": "akālu",
                    "gw": "eat",
                    "sense": "eat",
                    "norm": "ikkal",
                    "pos": "V",
                    "epos": "V"
                  }
                }
              ]
            },
            {
              "node": "c",
              "type": "sentence",
              "tag": ".",
              "id": "P363469.U22",
              "label": "o 8 - o 8",
              "cdl": [
                {
                  "node": "l",
                  "frag": "maš-ka-⸢du⸣",
                  "id": "P363469.l03f5a",
                  "ref": "P363469.10.7",
                  "inst": "maškadu[(an illness of the joints)]N",
                  "sig": "@cams/gkab%akk-x-stdbab:maš-ka-du=maškadu[(an illness of the joints)//(an illness of the joints)]N'N$maškadu",
                  "f": {
                    "lang": "akk-x-stdbab",
                    "form": "maš-ka-du",
                    "cf": "maškadu",
                    "gw": "(an illness of the joints)",
                    "sense": "(an illness of the joints)",
                    "norm": "maškadu",
                    "pos": "N",
                    "epos": "N"
                  }
                },
                {
                  "node": "l",
                  "frag": "[x",
                  "id": "P363469.l03f5b",
                  "ref": "P363469.10.8",
                  "inst": "u",
                  "f": {
                    "lang": "akk-x-stdbab",
                    "form": "x",
                    "pos": "u"
                  }
                },
                {
                  "node": "l",
                  "frag": "(x)]",
                  "id": "P363469.l03f5c",
                  "ref": "P363469.10.9",
                  "inst": "u +.",
                  "f": {
                    "lang": "akk-x-stdbab",
                    "form": "x",
                    "pos": "u"
                  }
                }
              ]
            },
            {
              "node": "c",
              "type": "sentence",
              "tag": ".",
              "id": "P363469.U24",
              "label": "o 9 - o 9",
              "cdl": [
                {
                  "node": "d",
                  "type": "nonx",
                  "ref": "P363469.11",
                  "strict": "1",
                  "extent": "1",
                  "scope": "line",
                  "state": "ruling"
                },
                {
                  "node": "d",
                  "type": "line-start",
                  "ref": "P363469.12",
                  "n": "9",
                  "label": "o 9"
                },
                {
                  "node": "l",
                  "frag": "[...]",
                  "id": "P363469.l03f5d",
                  "ref": "P363469.12.1",
                  "inst": "u",
                  "f": {
                    "lang": "akk-x-stdbab",
                    "form": "x",
                    "pos": "u"
                  }
                },
                {
                  "node": "l",
                  "frag": "AB.ŠE.GE.DA",
                  "id": "P363469.l03f5e",
                  "ref": "P363469.12.2",
                  "inst": "+magru[friendly//favourable]AJ$magir +.",
                  "sig": "@cams/gkab%akk-x-stdbab:AB.ŠE.GE.DA=magru[friendly//favourable]AJ'AJ$magir",
                  "f": {
                    "lang": "akk-x-stdbab",
                    "form": "AB.ŠE.GE.DA",
                    "cf": "magru",
                    "gw": "friendly",
                    "sense": "favourable",
                    "norm": "magir",
                    "pos": "AJ",
                    "epos": "AJ"
                  }
                }
              ]
            },
            {
              "node": "c",
              "type": "sentence",
              "tag": ".",
              "id": "P363469.U26",
              "label": "o 10 - o 10",
              "cdl": [
                {
                  "node": "d",
                  "type": "line-start",
                  "ref": "P363469.13",
                  "n": "10",
                  "label": "o 10"
                },
                {
                  "node": "l",
                  "frag": "[...]",
                  "id": "P363469.l03f5f",
                  "ref": "P363469.13.1",
                  "inst": "u",
                  "f": {
                    "lang": "akk-x-stdbab",
                    "form": "x",
                    "pos": "u"
                  }
                },
                {
                  "node": "l",
                  "frag": "AB.ŠE.GE.DA",
                  "id": "P363469.l03f60",
                  "ref": "P363469.13.2",
                  "inst": "magir[favourable]AJ +.",
                  "sig": "@cams/gkab%akk-x-stdbab:AB.ŠE.GE.DA=magru[friendly//favourable]AJ'AJ$magir",
                  "f": {
                    "lang": "akk-x-stdbab",
                    "form": "AB.ŠE.GE.DA",
                    "cf": "magru",
                    "gw": "friendly",
                    "sense": "favourable",
                    "norm": "magir",
                    "pos": "AJ",
                    "epos": "AJ"
                  }
                }
              ]
            },
            {
              "node": "c",
              "type": "sentence",
              "tag": ".",
              "id": "P363469.U28",
              "label": "o 11 - o 11",
              "cdl": [
                {
                  "node": "d",
                  "type": "line-start",
                  "ref": "P363469.14",
                  "n": "11",
                  "label": "o 11"
                },
                {
                  "node": "l",
                  "frag": "[...]",
                  "id": "P363469.l03f61",
                  "ref": "P363469.14.1",
                  "inst": "u",
                  "f": {
                    "lang": "akk-x-stdbab",
                    "form": "x",
                    "pos": "u"
                  }
                },
                {
                  "node": "l",
                  "frag": "⸢AB⸣.ŠE.GE.DA",
                  "id": "P363469.l03f62",
                  "ref": "P363469.14.2",
                  "inst": "magir[favourable]AJ +.",
                  "sig": "@cams/gkab%akk-x-stdbab:AB.ŠE.GE.DA=magru[friendly//favourable]AJ'AJ$magir",
                  "f": {
                    "lang": "akk-x-stdbab",
                    "form": "AB.ŠE.GE.DA",
                    "cf": "magru",
                    "gw": "friendly",
                    "sense": "favourable",
                    "norm": "magir",
                    "pos": "AJ",
                    "epos": "AJ"
                  }
                }
              ]
            },
            {
              "node": "c",
              "type": "sentence",
              "tag": ".",
              "id": "P363469.U30",
              "label": "o 12 - o 12",
              "cdl": [
                {
                  "node": "d",
                  "type": "line-start",
                  "ref": "P363469.15",
                  "n": "12",
                  "label": "o 12"
                },
                {
                  "node": "l",
                  "frag": "[...",
                  "id": "P363469.l03f63",
                  "ref": "P363469.15.1",
                  "inst": "u",
                  "f": {
                    "lang": "akk-x-stdbab",
                    "form": "x",
                    "pos": "u"
                  }
                },
                {
                  "node": "l",
                  "frag": "NU].⸢UN⸣.ŠE.GE.DA",
                  "id": "P363469.l03f64",
                  "ref": "P363469.15.2",
                  "cof-tails": "P363469.l03f65",
                  "inst": "ul[not]MOD$ul&magru[favourable]AJ$magir +.",
                  "sig": "@cams/gkab%akk-x-stdbab:NU.UN.ŠE.GE.DA=ul[not//not]MOD'MOD$ul&&@cams/gkab%akk-x-stdbab:=magru[friendly//favourable]AJ'AJ$magir",
                  "f": {
                    "lang": "akk-x-stdbab",
                    "form": "NU.UN.ŠE.GE.DA",
                    "cf": "ul",
                    "gw": "not",
                    "sense": "not",
                    "norm": "ul",
                    "pos": "MOD",
                    "epos": "MOD"
                  }
                },
                {
                  "node": "l",
                  "frag": "NU].⸢UN⸣.ŠE.GE.DA",
                  "id": "P363469.l03f65",
                  "ref": "P363469.15.2",
                  "cof-head": "P363469.l03f64",
                  "inst": "ul[not]MOD$ul&magru[favourable]AJ$magir +.",
                  "tail-sig": "@cams/gkab%akk-x-stdbab:=magru[friendly//favourable]AJ'AJ$magir",
                  "f": {
                    "lang": "akk-x-stdbab",
                    "form": "NU.UN.ŠE.GE.DA",
                    "cf": "magru",
                    "gw": "friendly",
                    "sense": "favourable",
                    "norm": "magir",
                    "pos": "AJ",
                    "epos": "AJ"
                  }
                }
              ]
            },
            {
              "node": "c",
              "type": "sentence",
              "tag": ".",
              "id": "P363469.U32",
              "label": "o 13 - o 13",
              "cdl": [
                {
                  "node": "d",
                  "type": "line-start",
                  "ref": "P363469.16",
                  "n": "13",
                  "label": "o 13"
                },
                {
                  "node": "l",
                  "frag": "[...]",
                  "id": "P363469.l03f66",
                  "ref": "P363469.16.1",
                  "inst": "u",
                  "f": {
                    "lang": "akk-x-stdbab",
                    "form": "x",
                    "pos": "u"
                  }
                },
                {
                  "node": "l",
                  "frag": "⸢ŠE.GE⸣.[DA]",
                  "id": "P363469.l03f67",
                  "ref": "P363469.16.2",
                  "inst": "magir[favourable]AJ +.",
                  "sig": "@cams/gkab%akk-x-stdbab:ŠE.GE.DA=magru[friendly//favourable]AJ'AJ$magir",
                  "f": {
                    "lang": "akk-x-stdbab",
                    "form": "ŠE.GE.DA",
                    "cf": "magru",
                    "gw": "friendly",
                    "sense": "favourable",
                    "norm": "magir",
                    "pos": "AJ",
                    "epos": "AJ"
                  }
                }
              ]
            },
            {
              "node": "c",
              "type": "sentence",
              "tag": ".",
              "id": "P363469.U34",
              "label": "r 1' - r 3'",
              "cdl": [
                {
                  "node": "d",
                  "type": "nonx",
                  "ref": "P363469.17",
                  "strict": "1",
                  "extent": "rest",
                  "scope": "obverse",
                  "state": "missing"
                },
                {
                  "node": "d",
                  "subtype": "reverse",
                  "type": "reverse",
                  "ref": "P363469.r.18",
                  "label": "r"
                },
                {
                  "node": "d",
                  "type": "nonx",
                  "ref": "P363469.19",
                  "strict": "1",
                  "extent": "start",
                  "scope": "reverse",
                  "state": "missing"
                },
                {
                  "node": "d",
                  "type": "line-start",
                  "ref": "P363469.20",
                  "n": "1'",
                  "label": "r 1'"
                },
                {
                  "node": "l",
                  "frag": "[...]",
                  "id": "P363469.l03f68",
                  "ref": "P363469.20.1",
                  "inst": "u",
                  "f": {
                    "lang": "akk-x-stdbab",
                    "form": "x",
                    "pos": "u"
                  }
                },
                {
                  "node": "l",
                  "frag": "x",
                  "id": "P363469.l03f69",
                  "ref": "P363469.20.2",
                  "inst": "u",
                  "f": {
                    "lang": "akk-x-stdbab",
                    "form": "x",
                    "pos": "u"
                  }
                },
                {
                  "node": "d",
                  "type": "line-start",
                  "ref": "P363469.21",
                  "n": "2'",
                  "label": "r 2'"
                },
                {
                  "node": "l",
                  "frag": "[...]",
                  "id": "P363469.l03f6a",
                  "ref": "P363469.21.1",
                  "inst": "u",
                  "f": {
                    "lang": "akk-x-stdbab",
                    "form": "x",
                    "pos": "u"
                  }
                },
                {
                  "node": "l",
                  "frag": "⸢BI⸣",
                  "id": "P363469.l03f6b",
                  "ref": "P363469.21.2",
                  "inst": "u",
                  "f": {
                    "lang": "akk-x-stdbab",
                    "form": "$BI",
                    "pos": "u"
                  }
                },
                {
                  "node": "l",
                  "frag": "ŠU",
                  "id": "P363469.l03f6c",
                  "ref": "P363469.21.3",
                  "inst": "u",
                  "f": {
                    "lang": "akk-x-stdbab",
                    "form": "$ŠU",
                    "pos": "u"
                  }
                },
                {
                  "node": "l",
                  "frag": "A₂",
                  "id": "P363469.l03f6d",
                  "ref": "P363469.21.4",
                  "inst": "u",
                  "f": {
                    "lang": "akk-x-stdbab",
                    "form": "$A₂",
                    "pos": "u"
                  }
                },
                {
                  "node": "l",
                  "frag": "x",
                  "id": "P363469.l03f6e",
                  "ref": "P363469.21.5",
                  "inst": "u",
                  "f": {
                    "lang": "akk-x-stdbab",
                    "form": "x",
                    "pos": "u"
                  }
                },
                {
                  "node": "l",
                  "frag": "x",
                  "id": "P363469.l03f6f",
                  "ref": "P363469.21.6",
                  "inst": "u",
                  "f": {
                    "lang": "akk-x-stdbab",
                    "form": "x",
                    "pos": "u"
                  }
                },
                {
                  "node": "l",
                  "frag": "x",
                  "id": "P363469.l03f70",
                  "ref": "P363469.21.7",
                  "inst": "u",
                  "f": {
                    "lang": "akk-x-stdbab",
                    "form": "x",
                    "pos": "u"
                  }
                },
                {
                  "node": "l",
                  "frag": "GAR",
                  "id": "P363469.l03f71",
                  "ref": "P363469.21.8",
                  "inst": "u",
                  "f": {
                    "lang": "akk-x-stdbab",
                    "form": "$GAR",
                    "pos": "u"
                  }
                },
                {
                  "node": "l",
                  "frag": "GA₂",
                  "id": "P363469.l03f72",
                  "ref": "P363469.21.9",
                  "inst": "u",
                  "f": {
                    "lang": "akk-x-stdbab",
                    "form": "$GA₂",
                    "pos": "u"
                  }
                },
                {
                  "node": "d",
                  "type": "line-start",
                  "ref": "P363469.22",
                  "n": "3'",
                  "label": "r 3'"
                },
                {
                  "node": "l",
                  "frag": "[...]",
                  "id": "P363469.l03f73",
                  "ref": "P363469.22.1",
                  "inst": "u",
                  "f": {
                    "lang": "akk-x-stdbab",
                    "form": "x",
                    "pos": "u"
                  }
                },
                {
                  "node": "l",
                  "frag": "MA",
                  "id": "P363469.l03f74",
                  "ref": "P363469.22.2",
                  "inst": "u",
                  "f": {
                    "lang": "akk-x-stdbab",
                    "form": "$MA",
                    "pos": "u"
                  }
                },
                {
                  "node": "l",
                  "frag": "x",
                  "id": "P363469.l03f75",
                  "ref": "P363469.22.3",
                  "inst": "u",
                  "f": {
                    "lang": "akk-x-stdbab",
                    "form": "x",
                    "pos": "u"
                  }
                },
                {
                  "node": "l",
                  "frag": "[(x)]",
                  "id": "P363469.l03f76",
                  "ref": "P363469.22.4",
                  "inst": "u",
                  "f": {
                    "lang": "akk-x-stdbab",
                    "form": "x",
                    "pos": "u"
                  }
                },
                {
                  "node": "l",
                  "frag": "x",
                  "id": "P363469.l03f77",
                  "ref": "P363469.22.5",
                  "inst": "u",
                  "f": {
                    "lang": "akk-x-stdbab",
                    "form": "x",
                    "pos": "u"
                  }
                },
                {
                  "node": "l",
                  "frag": "ṣi-bit-ti",
                  "id": "P363469.l03f78",
                  "ref": "P363469.22.6",
                  "inst": "ṣibitti[captivity]N +.",
                  "sig": "@cams/gkab%akk-x-stdbab:ṣi-bit-ti=ṣibittu[seizure//captivity]N'N$ṣibitti",
                  "f": {
                    "lang": "akk-x-stdbab",
                    "form": "ṣi-bit-ti",
                    "cf": "ṣibittu",
                    "gw": "seizure",
                    "sense": "captivity",
                    "norm": "ṣibitti",
                    "pos": "N",
                    "epos": "N"
                  }
                }
              ]
            },
            {
              "node": "c",
              "type": "sentence",
              "tag": ".",
              "id": "P363469.U36",
              "label": "r 4' - r 4'",
              "cdl": [
                {
                  "node": "d",
                  "type": "line-start",
                  "ref": "P363469.23",
                  "n": "4'",
                  "label": "r 4'"
                },
                {
                  "node": "l",
                  "frag": "[...]",
                  "id": "P363469.l03f79",
                  "ref": "P363469.23.1",
                  "inst": "u",
                  "f": {
                    "lang": "akk-x-stdbab",
                    "form": "x",
                    "pos": "u"
                  }
                },
                {
                  "node": "l",
                  "frag": "⸢SU⸣",
                  "id": "P363469.l03f7a",
                  "ref": "P363469.23.2",
                  "inst": "u",
                  "f": {
                    "lang": "akk-x-stdbab",
                    "form": "$SU",
                    "pos": "u"
                  }
                },
                {
                  "node": "l",
                  "frag": "HUL",
                  "id": "P363469.l03f7b",
                  "ref": "P363469.23.3",
                  "inst": "lumnu[evil]N +.",
                  "sig": "@cams/gkab%akk-x-stdbab:HUL=lumnu[evil//evil]N'N$lumna",
                  "f": {
                    "lang": "akk-x-stdbab",
                    "form": "HUL",
                    "cf": "lumnu",
                    "gw": "evil",
                    "sense": "evil",
                    "norm": "lumna",
                    "pos": "N",
                    "epos": "N"
                  }
                }
              ]
            },
            {
              "node": "c",
              "type": "sentence",
              "tag": ".",
              "id": "P363469.U38",
              "label": "r 5' - r 5'",
              "cdl": [
                {
                  "node": "d",
                  "type": "line-start",
                  "ref": "P363469.24",
                  "n": "5'",
                  "label": "r 5'"
                },
                {
                  "node": "l",
                  "frag": "[...]",
                  "id": "P363469.l03f7c",
                  "ref": "P363469.24.1",
                  "inst": "u",
                  "f": {
                    "lang": "akk-x-stdbab",
                    "form": "x",
                    "pos": "u"
                  }
                },
                {
                  "node": "l",
                  "frag": "EN",
                  "id": "P363469.l03f7d",
                  "ref": "P363469.24.2",
                  "inst": "bēlu[lord]N",
                  "sig": "@cams/gkab%akk-x-stdbab:EN=bēlu[lord//lord]N'N$bēlu",
                  "f": {
                    "lang": "akk-x-stdbab",
                    "form": "EN",
                    "cf": "bēlu",
                    "gw": "lord",
                    "sense": "lord",
                    "norm": "bēlu",
                    "pos": "N",
                    "epos": "N"
                  }
                },
                {
                  "node": "l",
                  "frag": "[...]",
                  "id": "P363469.l03f7e",
                  "ref": "P363469.24.3",
                  "inst": "u",
                  "f": {
                    "lang": "akk-x-stdbab",
                    "form": "x",
                    "pos": "u"
                  }
                },
                {
                  "node": "l",
                  "frag": "x",
                  "id": "P363469.l03f7f",
                  "ref": "P363469.24.4",
                  "inst": "u",
                  "f": {
                    "lang": "akk-x-stdbab",
                    "form": "x",
                    "pos": "u"
                  }
                },
                {
                  "node": "l",
                  "frag": "[(x)]",
                  "id": "P363469.l03f80",
                  "ref": "P363469.24.5",
                  "inst": "u",
                  "f": {
                    "lang": "akk-x-stdbab",
                    "form": "x",
                    "pos": "u"
                  }
                },
                {
                  "node": "l",
                  "frag": "x",
                  "id": "P363469.l03f81",
                  "ref": "P363469.24.6",
                  "inst": "u",
                  "f": {
                    "lang": "akk-x-stdbab",
                    "form": "x",
                    "pos": "u"
                  }
                },
                {
                  "node": "l",
                  "frag": "NU",
                  "id": "P363469.l03f82",
                  "ref": "P363469.24.7",
                  "inst": "ul[not]MOD",
                  "sig": "@cams/gkab%akk-x-stdbab:NU=ul[not//not]MOD'MOD$ul",
                  "f": {
                    "lang": "akk-x-stdbab",
                    "form": "NU",
                    "cf": "ul",
                    "gw": "not",
                    "sense": "not",
                    "norm": "ul",
                    "pos": "MOD",
                    "epos": "MOD"
                  }
                },
                {
                  "node": "l",
                  "frag": "TUKU",
                  "id": "P363469.l03f83",
                  "ref": "P363469.24.8",
                  "inst": "irašši[acquire]V +.",
                  "sig": "@cams/gkab%akk-x-stdbab:TUKU=rašû[acquire//acquire]V'V$irašši",
                  "f": {
                    "lang": "akk-x-stdbab",
                    "form": "TUKU",
                    "cf": "rašû",
                    "gw": "acquire",
                    "sense": "acquire",
                    "norm": "irašši",
                    "pos": "V",
                    "epos": "V"
                  }
                }
              ]
            },
            {
              "node": "c",
              "type": "sentence",
              "tag": ".",
              "id": "P363469.U40",
              "label": "r 6' - r 6'",
              "cdl": [
                {
                  "node": "d",
                  "type": "line-start",
                  "ref": "P363469.25",
                  "n": "6'",
                  "label": "r 6'"
                },
                {
                  "node": "l",
                  "frag": "[...]",
                  "id": "P363469.l03f84",
                  "ref": "P363469.25.1",
                  "inst": "u",
                  "f": {
                    "lang": "akk-x-stdbab",
                    "form": "x",
                    "pos": "u"
                  }
                },
                {
                  "node": "l",
                  "frag": "UŠ₂",
                  "id": "P363469.l03f85",
                  "ref": "P363469.25.2",
                  "inst": "imât[die]V +.",
                  "sig": "@cams/gkab%akk-x-stdbab:UŠ₂=mâtu[die//die]V'V$imât",
                  "f": {
                    "lang": "akk-x-stdbab",
                    "form": "UŠ₂",
                    "cf": "mâtu",
                    "gw": "die",
                    "sense": "die",
                    "norm": "imât",
                    "pos": "V",
                    "epos": "V"
                  }
                }
              ]
            },
            {
              "node": "c",
              "type": "sentence",
              "tag": ".",
              "id": "P363469.U42",
              "label": "r 7' - r 7'",
              "cdl": [
                {
                  "node": "d",
                  "type": "line-start",
                  "ref": "P363469.26",
                  "n": "7'",
                  "label": "r 7'"
                },
                {
                  "node": "l",
                  "frag": "[...",
                  "id": "P363469.l03f86",
                  "ref": "P363469.26.1",
                  "inst": "u",
                  "f": {
                    "lang": "akk-x-stdbab",
                    "form": "x",
                    "pos": "u"
                  }
                },
                {
                  "node": "l",
                  "frag": "ŠE.GE].DA",
                  "id": "P363469.l03f87",
                  "ref": "P363469.26.2",
                  "inst": "magir[favourable]AJ +.",
                  "sig": "@cams/gkab%akk-x-stdbab:ŠE.GE.DA=magru[friendly//favourable]AJ'AJ$magir",
                  "f": {
                    "lang": "akk-x-stdbab",
                    "form": "ŠE.GE.DA",
                    "cf": "magru",
                    "gw": "friendly",
                    "sense": "favourable",
                    "norm": "magir",
                    "pos": "AJ",
                    "epos": "AJ"
                  }
                }
              ]
            },
            {
              "node": "c",
              "type": "sentence",
              "tag": ".",
              "id": "P363469.U44",
              "label": "r 8' - r 8'",
              "cdl": [
                {
                  "node": "d",
                  "type": "line-start",
                  "ref": "P363469.27",
                  "n": "8'",
                  "label": "r 8'"
                },
                {
                  "node": "l",
                  "frag": "[...]",
                  "id": "P363469.l03f88",
                  "ref": "P363469.27.1",
                  "inst": "u",
                  "f": {
                    "lang": "akk-x-stdbab",
                    "form": "x",
                    "pos": "u"
                  }
                },
                {
                  "node": "l",
                  "frag": "U₄",
                  "id": "P363469.l03f89",
                  "ref": "P363469.27.2",
                  "inst": "ūm[day]N",
                  "sig": "@cams/gkab%akk-x-stdbab:U₄=ūmu[day//day]N'N$ūm",
                  "f": {
                    "lang": "akk-x-stdbab",
                    "form": "U₄",
                    "cf": "ūmu",
                    "gw": "day",
                    "sense": "day",
                    "norm": "ūm",
                    "pos": "N",
                    "epos": "N"
                  }
                },
                {
                  "node": "l",
                  "frag": "5-KAM₂",
                  "id": "P363469.l03f8a",
                  "ref": "P363469.27.3",
                  "inst": "n",
                  "f": {
                    "lang": "akk-x-stdbab",
                    "form": "5-KAM₂",
                    "pos": "n"
                  }
                },
                {
                  "node": "l",
                  "frag": "[...]",
                  "id": "P363469.l03f8b",
                  "ref": "P363469.27.4",
                  "inst": "u",
                  "f": {
                    "lang": "akk-x-stdbab",
                    "form": "x",
                    "pos": "u"
                  }
                },
                {
                  "node": "l",
                  "frag": "⸢A₂⸣",
                  "id": "P363469.l03f8c",
                  "ref": "P363469.27.5",
                  "inst": "u +.",
                  "f": {
                    "lang": "akk-x-stdbab",
                    "form": "$A₂",
                    "pos": "u"
                  }
                }
              ]
            },
            {
              "node": "c",
              "type": "sentence",
              "tag": ".",
              "id": "P363469.U46",
              "label": "r 9' - r 9'",
              "cdl": [
                {
                  "node": "d",
                  "type": "line-start",
                  "ref": "P363469.28",
                  "n": "9'",
                  "label": "r 9'"
                },
                {
                  "node": "l",
                  "frag": "[...]",
                  "id": "P363469.l03f8d",
                  "ref": "P363469.28.1",
                  "inst": "u",
                  "f": {
                    "lang": "akk-x-stdbab",
                    "form": "x",
                    "pos": "u"
                  }
                },
                {
                  "node": "l",
                  "frag": "U₄",
                  "id": "P363469.l03f8e",
                  "ref": "P363469.28.2",
                  "inst": "ūm[day]N",
                  "sig": "@cams/gkab%akk-x-stdbab:U₄=ūmu[day//day]N'N$ūm",
                  "f": {
                    "lang": "akk-x-stdbab",
                    "form": "U₄",
                    "cf": "ūmu",
                    "gw": "day",
                    "sense": "day",
                    "norm": "ūm",
                    "pos": "N",
                    "epos": "N"
                  }
                },
                {
                  "node": "l",
                  "frag": "8-KAM₂",
                  "id": "P363469.l03f8f",
                  "ref": "P363469.28.3",
                  "inst": "n",
                  "f": {
                    "lang": "akk-x-stdbab",
                    "form": "8-KAM₂",
                    "pos": "n"
                  }
                },
                {
                  "node": "l",
                  "frag": "x",
                  "id": "P363469.l03f90",
                  "ref": "P363469.28.4",
                  "inst": "u",
                  "f": {
                    "lang": "akk-x-stdbab",
                    "form": "x",
                    "pos": "u"
                  }
                },
                {
                  "node": "l",
                  "frag": "[...]",
                  "id": "P363469.l03f91",
                  "ref": "P363469.28.5",
                  "inst": "u",
                  "f": {
                    "lang": "akk-x-stdbab",
                    "form": "x",
                    "pos": "u"
                  }
                },
                {
                  "node": "l",
                  "frag": "x",
                  "id": "P363469.l03f92",
                  "ref": "P363469.28.6",
                  "inst": "u",
                  "f": {
                    "lang": "akk-x-stdbab",
                    "form": "x",
                    "pos": "u"
                  }
                },
                {
                  "node": "l",
                  "frag": "HA",
                  "id": "P363469.l03f93",
                  "ref": "P363469.28.7",
                  "inst": "u",
                  "f": {
                    "lang": "akk-x-stdbab",
                    "form": "$HA",
                    "pos": "u"
                  }
                },
                {
                  "node": "l",
                  "frag": "x",
                  "id": "P363469.l03f94",
                  "ref": "P363469.28.8",
                  "inst": "u",
                  "f": {
                    "lang": "akk-x-stdbab",
                    "form": "x",
                    "pos": "u"
                  }
                },
                {
                  "node": "l",
                  "frag": "[...]",
                  "id": "P363469.l03f95",
                  "ref": "P363469.28.9",
                  "inst": "u",
                  "f": {
                    "lang": "akk-x-stdbab",
                    "form": "x",
                    "pos": "u"
                  }
                },
                {
                  "node": "l",
                  "frag": "DA",
                  "id": "P363469.l03f96",
                  "ref": "P363469.28.10",
                  "inst": "u +.",
                  "f": {
                    "lang": "akk-x-stdbab",
                    "form": "$DA",
                    "pos": "u"
                  }
                }
              ]
            }
          ]
        }
      ]
    }
  ]
}
