{
  "type": "cdl",
  "source": "http://oracc.org/cams/gkab",
  "license": "This data is released under the CC0 license",
  "license-url": "https://creativecommons.org/publicdomain/zero/1.0/",
  "more-info": "http://oracc.org/doc/opendata/",
  "UTC-timestamp": "2017-06-09T23:22:18",
  "project": "cams/gkab",
  "textid": "P363272",
  "cdl": [
    {
      "node": "c",
      "type": "text",
      "id": "P363272.U0",
      "cdl": [
        {
          "node": "d",
          "subtype": "tablet",
          "type": "tablet",
          "ref": "P363272.x4.1",
          "label": "x4"
        },
        {
          "node": "d",
          "subtype": "obverse",
          "type": "obverse",
          "ref": "P363272.o.2",
          "label": "o"
        },
        {
          "node": "d",
          "type": "nonx",
          "ref": "P363272.3",
          "strict": "1",
          "extent": "start",
          "scope": "line",
          "state": "missing"
        },
        {
          "node": "c",
          "type": "discourse",
          "subtype": "body",
          "id": "P363272.U1",
          "cdl": [
            {
              "node": "c",
              "type": "sentence",
              "tag": ".",
              "id": "P363272.U2",
              "label": "o 1' - o 2'",
              "cdl": [
                {
                  "node": "d",
                  "type": "line-start",
                  "ref": "P363272.4",
                  "n": "1'",
                  "label": "o 1'"
                },
                {
                  "node": "l",
                  "frag": "[...]",
                  "id": "P363272.l00db8",
                  "ref": "P363272.4.1",
                  "inst": "u",
                  "f": {
                    "lang": "akk-x-stdbab",
                    "form": "x",
                    "pos": "u"
                  }
                },
                {
                  "node": "l",
                  "frag": "x",
                  "id": "P363272.l00db9",
                  "ref": "P363272.4.2",
                  "inst": "u",
                  "f": {
                    "lang": "akk-x-stdbab",
                    "form": "x",
                    "pos": "u"
                  }
                },
                {
                  "node": "l",
                  "frag": "DI",
                  "id": "P363272.l00dba",
                  "ref": "P363272.4.3",
                  "inst": "u",
                  "f": {
                    "lang": "akk-x-stdbab",
                    "form": "$DI",
                    "pos": "u"
                  }
                },
                {
                  "node": "l",
                  "frag": "x",
                  "id": "P363272.l00dbb",
                  "ref": "P363272.4.4",
                  "inst": "u",
                  "f": {
                    "lang": "akk-x-stdbab",
                    "form": "x",
                    "pos": "u"
                  }
                },
                {
                  "node": "l",
                  "frag": "x",
                  "id": "P363272.l00dbc",
                  "ref": "P363272.4.5",
                  "inst": "u",
                  "f": {
                    "lang": "akk-x-stdbab",
                    "form": "x",
                    "pos": "u"
                  }
                },
                {
                  "node": "l",
                  "frag": "[x",
                  "id": "P363272.l00dbd",
                  "ref": "P363272.4.6",
                  "inst": "u",
                  "f": {
                    "lang": "akk-x-stdbab",
                    "form": "x",
                    "pos": "u"
                  }
                },
                {
                  "node": "l",
                  "frag": "x]",
                  "id": "P363272.l00dbe",
                  "ref": "P363272.4.7",
                  "inst": "u",
                  "f": {
                    "lang": "akk-x-stdbab",
                    "form": "x",
                    "pos": "u"
                  }
                },
                {
                  "node": "d",
                  "type": "line-start",
                  "ref": "P363272.5",
                  "n": "2'",
                  "label": "o 2'"
                },
                {
                  "node": "l",
                  "frag": "[...",
                  "id": "P363272.l00dbf",
                  "ref": "P363272.5.1",
                  "inst": "u",
                  "f": {
                    "lang": "akk-x-stdbab",
                    "form": "x",
                    "pos": "u"
                  }
                },
                {
                  "node": "l",
                  "frag": "ip]-⸢qi₅⸣-da-⸢aš₂⸣-[šu₂]",
                  "id": "P363272.l00dc0",
                  "ref": "P363272.5.2",
                  "inst": "+paqādu[entrust]V$ipqidaššu +.",
                  "sig": "@cams/gkab%akk-x-stdbab:ip-qi₅-da-aš₂-šu₂=paqādu[entrust//entrust]V'V$ipqidaššu",
                  "f": {
                    "lang": "akk-x-stdbab",
                    "form": "ip-qi₅-da-aš₂-šu₂",
                    "cf": "paqādu",
                    "gw": "entrust",
                    "sense": "entrust",
                    "norm": "ipqidaššu",
                    "pos": "V",
                    "epos": "V"
                  }
                }
              ]
            },
            {
              "node": "c",
              "type": "sentence",
              "tag": ".",
              "id": "P363272.U4",
              "label": "o 3' - written vertically 2'",
              "cdl": [
                {
                  "node": "d",
                  "type": "line-start",
                  "ref": "P363272.6",
                  "n": "3'",
                  "label": "o 3'"
                },
                {
                  "node": "l",
                  "frag": "[...",
                  "id": "P363272.l00dc1",
                  "ref": "P363272.6.1",
                  "inst": "u",
                  "f": {
                    "lang": "akk-x-stdbab",
                    "form": "x",
                    "pos": "u"
                  }
                },
                {
                  "node": "l",
                  "frag": "{d]}⸢MES⸣.LAM.TA.⸢E₃⸣.A",
                  "id": "P363272.l00dc2",
                  "ref": "P363272.6.2",
                  "inst": "Meslamtaea[1]DN",
                  "sig": "@cams/gkab%akk-x-stdbab:{d}MES.LAM.TA.E₃.A=Meslamtaea[1//1]DN'DN$Meslamtaea",
                  "f": {
                    "lang": "akk-x-stdbab",
                    "form": "{d}MES.LAM.TA.E₃.A",
                    "cf": "Meslamtaea",
                    "gw": "1",
                    "sense": "1",
                    "norm": "Meslamtaea",
                    "pos": "DN",
                    "epos": "DN"
                  }
                },
                {
                  "node": "d",
                  "type": "line-start",
                  "ref": "P363272.7",
                  "n": "4'",
                  "label": "o 4'"
                },
                {
                  "node": "l",
                  "frag": "[...]",
                  "id": "P363272.l00dc3",
                  "ref": "P363272.7.1",
                  "inst": "u",
                  "f": {
                    "lang": "akk-x-stdbab",
                    "form": "x",
                    "pos": "u"
                  }
                },
                {
                  "node": "l",
                  "frag": "⸢KI⸣{ti₃}",
                  "id": "P363272.l00dc4",
                  "ref": "P363272.7.2",
                  "inst": "+Erṣetu[Underworld]GN$Erṣeti",
                  "sig": "@cams/gkab%akk-x-stdbab:KI{+ti₃}=Erṣetu[Underworld//Underworld]GN'GN$Erṣeti",
                  "f": {
                    "lang": "akk-x-stdbab",
                    "form": "KI{+ti₃}",
                    "cf": "Erṣetu",
                    "gw": "Underworld",
                    "sense": "Underworld",
                    "norm": "Erṣeti",
                    "pos": "GN",
                    "epos": "GN"
                  }
                },
                {
                  "node": "d",
                  "type": "line-start",
                  "ref": "P363272.8",
                  "n": "5'",
                  "label": "o 5'"
                },
                {
                  "node": "l",
                  "frag": "[...]",
                  "id": "P363272.l00dc5",
                  "ref": "P363272.8.1",
                  "inst": "u",
                  "f": {
                    "lang": "akk-x-stdbab",
                    "form": "x",
                    "pos": "u"
                  }
                },
                {
                  "node": "l",
                  "frag": "x",
                  "id": "P363272.l00dc6",
                  "ref": "P363272.8.2",
                  "inst": "u",
                  "f": {
                    "lang": "akk-x-stdbab",
                    "form": "x",
                    "pos": "u"
                  }
                },
                {
                  "node": "d",
                  "type": "line-start",
                  "ref": "P363272.9",
                  "n": "6'",
                  "label": "o 6'"
                },
                {
                  "node": "l",
                  "frag": "[...]",
                  "id": "P363272.l00dc7",
                  "ref": "P363272.9.1",
                  "inst": "u",
                  "f": {
                    "lang": "akk-x-stdbab",
                    "form": "x",
                    "pos": "u"
                  }
                },
                {
                  "node": "l",
                  "frag": "x",
                  "id": "P363272.l00dc8",
                  "ref": "P363272.9.2",
                  "inst": "u",
                  "f": {
                    "lang": "akk-x-stdbab",
                    "form": "x",
                    "pos": "u"
                  }
                },
                {
                  "node": "d",
                  "type": "nonx",
                  "ref": "P363272.10",
                  "strict": "1",
                  "extent": "end",
                  "scope": "line",
                  "state": "missing"
                },
                {
                  "node": "d",
                  "subtype": "reverse",
                  "type": "reverse",
                  "ref": "P363272.r.11",
                  "label": "r"
                },
                {
                  "node": "d",
                  "subtype": "surface written horizontally",
                  "type": "surface",
                  "ref": "P363272.written.horizontally.12",
                  "n": "written horizontally",
                  "label": "written horizontally"
                },
                {
                  "node": "d",
                  "type": "nonx",
                  "ref": "P363272.13",
                  "strict": "1",
                  "extent": "start",
                  "scope": "line",
                  "state": "missing"
                },
                {
                  "node": "d",
                  "type": "line-start",
                  "ref": "P363272.14",
                  "n": "1'",
                  "label": "written horizontally 1'"
                },
                {
                  "node": "l",
                  "frag": "[...",
                  "id": "P363272.l00dc9",
                  "ref": "P363272.14.1",
                  "inst": "u",
                  "f": {
                    "lang": "akk-x-stdbab",
                    "form": "x",
                    "pos": "u"
                  }
                },
                {
                  "node": "l",
                  "frag": "{d}GUB.BA.GA].⸢RA⸣.RA.E₃",
                  "id": "P363272.l00dca",
                  "ref": "P363272.14.2",
                  "inst": "+Gubagararae[]DN",
                  "sig": "@cams/gkab%akk-x-stdbab:{d}GUB.BA.GA.RA.RA.E₃=Gubagararae[1//1]DN'DN$Gubagararae",
                  "f": {
                    "lang": "akk-x-stdbab",
                    "form": "{d}GUB.BA.GA.RA.RA.E₃",
                    "cf": "Gubagararae",
                    "gw": "1",
                    "sense": "1",
                    "norm": "Gubagararae",
                    "pos": "DN",
                    "epos": "DN"
                  }
                },
                {
                  "node": "d",
                  "type": "line-start",
                  "ref": "P363272.15",
                  "n": "2'",
                  "label": "written horizontally 2'"
                },
                {
                  "node": "l",
                  "frag": "[...",
                  "id": "P363272.l00dcb",
                  "ref": "P363272.15.1",
                  "inst": "u",
                  "f": {
                    "lang": "akk-x-stdbab",
                    "form": "x",
                    "pos": "u"
                  }
                },
                {
                  "node": "l",
                  "frag": "{d]}qin-gu",
                  "id": "P363272.l00dcc",
                  "ref": "P363272.15.2",
                  "inst": "+Qingu[]DN",
                  "sig": "@cams/gkab%akk-x-stdbab:{d}qin-gu=Qingu[1//1]DN'DN$Qingu",
                  "f": {
                    "lang": "akk-x-stdbab",
                    "form": "{d}qin-gu",
                    "cf": "Qingu",
                    "gw": "1",
                    "sense": "1",
                    "norm": "Qingu",
                    "pos": "DN",
                    "epos": "DN"
                  }
                },
                {
                  "node": "d",
                  "frag": "<<gu>>",
                  "type": "excised",
                  "ref": "P363272.15.3",
                  "lang": "akk-x-stdbab",
                  "gdl_delim": " "
                },
                {
                  "node": "l",
                  "frag": "{d}EN.ME.⸢ŠAR₂.RA⸣",
                  "id": "P363272.l00dcd",
                  "ref": "P363272.15.4",
                  "inst": "Enmešara[1]DN",
                  "sig": "@cams/gkab%akk-x-stdbab:{d}EN.ME.ŠAR₂.RA=Enmešara[1//1]DN'DN$Enmešara",
                  "f": {
                    "lang": "akk-x-stdbab",
                    "form": "{d}EN.ME.ŠAR₂.RA",
                    "cf": "Enmešara",
                    "gw": "1",
                    "sense": "1",
                    "norm": "Enmešara",
                    "pos": "DN",
                    "epos": "DN"
                  }
                },
                {
                  "node": "d",
                  "type": "line-start",
                  "ref": "P363272.16",
                  "n": "3'",
                  "label": "written horizontally 3'"
                },
                {
                  "node": "l",
                  "frag": "[...",
                  "id": "P363272.l00dce",
                  "ref": "P363272.16.1",
                  "inst": "u",
                  "f": {
                    "lang": "akk-x-stdbab",
                    "form": "x",
                    "pos": "u"
                  }
                },
                {
                  "node": "l",
                  "frag": "{d]}al-la",
                  "id": "P363272.l00dcf",
                  "ref": "P363272.16.2",
                  "inst": "+Alla[]DN",
                  "sig": "@cams/gkab%akk-x-stdbab:{d}al-la=Alla[1//1]DN'DN$Alla",
                  "f": {
                    "lang": "akk-x-stdbab",
                    "form": "{d}al-la",
                    "cf": "Alla",
                    "gw": "1",
                    "sense": "1",
                    "norm": "Alla",
                    "pos": "DN",
                    "epos": "DN"
                  }
                },
                {
                  "node": "l",
                  "frag": "AN.ŠAR₂",
                  "id": "P363272.l00dd0",
                  "ref": "P363272.16.3",
                  "inst": "Anšar[1]DN",
                  "sig": "@cams/gkab%akk-x-stdbab:AN.ŠAR₂=Anšar[1//1]DN'DN$Anšar",
                  "f": {
                    "lang": "akk-x-stdbab",
                    "form": "AN.ŠAR₂",
                    "cf": "Anšar",
                    "gw": "1",
                    "sense": "1",
                    "norm": "Anšar",
                    "pos": "DN",
                    "epos": "DN"
                  }
                },
                {
                  "node": "d",
                  "type": "line-start",
                  "ref": "P363272.17",
                  "n": "4'",
                  "label": "written horizontally 4'"
                },
                {
                  "node": "l",
                  "frag": "[...",
                  "id": "P363272.l00dd1",
                  "ref": "P363272.17.1",
                  "inst": "u",
                  "f": {
                    "lang": "akk-x-stdbab",
                    "form": "x",
                    "pos": "u"
                  }
                },
                {
                  "node": "l",
                  "frag": "{d}ar₂]-⸢na⸣",
                  "id": "P363272.l00dd2",
                  "ref": "P363272.17.2",
                  "inst": "+Arna[]DN",
                  "sig": "@cams/gkab%akk-x-stdbab:{d}ar₂-na=Arna[1//1]DN'DN$Arna",
                  "f": {
                    "lang": "akk-x-stdbab",
                    "form": "{d}ar₂-na",
                    "cf": "Arna",
                    "gw": "1",
                    "sense": "1",
                    "norm": "Arna",
                    "pos": "DN",
                    "epos": "DN"
                  }
                },
                {
                  "node": "l",
                  "frag": "{d}[LUGAL.DU₆.KU₃.GA]",
                  "id": "P363272.l00dd3",
                  "ref": "P363272.17.3",
                  "inst": "+Lugaldukuga[]DN",
                  "sig": "@cams/gkab%akk-x-stdbab:{d}LUGAL.DU₆.KU₃.GA=Lugaldukuga[1//1]DN'DN$Lugaldukuga",
                  "f": {
                    "lang": "akk-x-stdbab",
                    "form": "{d}LUGAL.DU₆.KU₃.GA",
                    "cf": "Lugaldukuga",
                    "gw": "1",
                    "sense": "1",
                    "norm": "Lugaldukuga",
                    "pos": "DN",
                    "epos": "DN"
                  }
                },
                {
                  "node": "d",
                  "type": "nonw",
                  "ref": ""
                },
                {
                  "node": "d",
                  "type": "nonx",
                  "ref": "P363272.18",
                  "strict": "1",
                  "extent": "end",
                  "scope": "line",
                  "state": "missing"
                },
                {
                  "node": "d",
                  "subtype": "surface written vertically",
                  "type": "surface",
                  "ref": "P363272.written.vertically.19",
                  "n": "written vertically",
                  "label": "written vertically"
                },
                {
                  "node": "d",
                  "type": "nonx",
                  "ref": "P363272.20",
                  "strict": "1",
                  "extent": "start",
                  "scope": "line",
                  "state": "missing"
                },
                {
                  "node": "d",
                  "type": "line-start",
                  "ref": "P363272.21",
                  "n": "1'",
                  "label": "written vertically 1'"
                },
                {
                  "node": "l",
                  "frag": "[...]",
                  "id": "P363272.l00dd4",
                  "ref": "P363272.21.1",
                  "inst": "u",
                  "f": {
                    "lang": "akk-x-stdbab",
                    "form": "x",
                    "pos": "u"
                  }
                },
                {
                  "node": "l",
                  "frag": "{⸢d}ŠU⸣.ZI.AN.NA",
                  "id": "P363272.l00dd5",
                  "ref": "P363272.21.2",
                  "inst": "+Šuziana[]DN",
                  "sig": "@cams/gkab%akk-x-stdbab:{d}ŠU.ZI.AN.NA=Šuziana[1//1]DN'DN$Šuziana",
                  "f": {
                    "lang": "akk-x-stdbab",
                    "form": "{d}ŠU.ZI.AN.NA",
                    "cf": "Šuziana",
                    "gw": "1",
                    "sense": "1",
                    "norm": "Šuziana",
                    "pos": "DN",
                    "epos": "DN"
                  }
                },
                {
                  "node": "d",
                  "type": "line-start",
                  "ref": "P363272.22",
                  "n": "2'",
                  "label": "written vertically 2'"
                },
                {
                  "node": "l",
                  "frag": "[...]",
                  "id": "P363272.l00dd6",
                  "ref": "P363272.22.1",
                  "inst": "u",
                  "f": {
                    "lang": "akk-x-stdbab",
                    "form": "x",
                    "pos": "u"
                  }
                },
                {
                  "node": "l",
                  "frag": "{tu₁₅}⸢MAR.TU⸣",
                  "id": "P363272.l00dd7",
                  "ref": "P363272.22.2",
                  "inst": "amurri[west]N",
                  "sig": "@cams/gkab%akk-x-stdbab:{tu₁₅}MAR.TU=amurru[west//west]N'N$amurri",
                  "f": {
                    "lang": "akk-x-stdbab",
                    "form": "{tu₁₅}MAR.TU",
                    "cf": "amurru",
                    "gw": "west",
                    "sense": "west",
                    "norm": "amurri",
                    "pos": "N",
                    "epos": "N"
                  }
                },
                {
                  "node": "l",
                  "frag": "GAR{nu}",
                  "id": "P363272.l00dd8",
                  "ref": "P363272.22.3",
                  "inst": "+šaknu[placed]AJ$šaknū +.",
                  "sig": "@cams/gkab%akk-x-stdbab:GAR{+nu}=šaknu[placed//placed]AJ'AJ$šaknū",
                  "f": {
                    "lang": "akk-x-stdbab",
                    "form": "GAR{+nu}",
                    "cf": "šaknu",
                    "gw": "placed",
                    "sense": "placed",
                    "norm": "šaknū",
                    "pos": "AJ",
                    "epos": "AJ"
                  }
                }
              ]
            },
            {
              "node": "d",
              "type": "nonx",
              "ref": "P363272.23",
              "strict": "1",
              "extent": "1",
              "scope": "line",
              "state": "ruling"
            }
          ]
        }
      ]
    }
  ]
}
