{
  "type": "cdl",
  "source": "http://oracc.org/cams/gkab",
  "license": "This data is released under the CC0 license",
  "license-url": "https://creativecommons.org/publicdomain/zero/1.0/",
  "more-info": "http://oracc.org/doc/opendata/",
  "UTC-timestamp": "2017-06-09T23:22:34",
  "project": "cams/gkab",
  "textid": "P363344",
  "cdl": [
    {
      "node": "c",
      "type": "text",
      "id": "P363344.U0",
      "cdl": [
        {
          "node": "d",
          "subtype": "tablet",
          "type": "tablet",
          "ref": "P363344.x18.1",
          "label": "x18"
        },
        {
          "node": "d",
          "subtype": "surface flake",
          "type": "surface",
          "ref": "P363344.flake.2",
          "n": "flake",
          "label": "flake"
        },
        {
          "node": "d",
          "type": "nonx",
          "ref": "P363344.3",
          "strict": "1",
          "extent": "start",
          "scope": "surface",
          "state": "missing"
        },
        {
          "node": "d",
          "type": "nonx",
          "ref": "P363344.4",
          "strict": "1",
          "extent": "1",
          "scope": "line",
          "state": "traces"
        },
        {
          "node": "d",
          "type": "nonx",
          "ref": "P363344.5",
          "strict": "1",
          "extent": "2",
          "scope": "line",
          "state": "ruling"
        },
        {
          "node": "c",
          "type": "discourse",
          "subtype": "colophon",
          "id": "P363344.U1",
          "cdl": [
            {
              "node": "c",
              "type": "sentence",
              "id": "P363344.U2",
              "label": "flake 1' - flake 1'",
              "cdl": [
                {
                  "node": "d",
                  "type": "line-start",
                  "ref": "P363344.6",
                  "n": "1'",
                  "label": "flake 1'"
                },
                {
                  "node": "l",
                  "frag": "[...]",
                  "id": "P363344.l01177",
                  "ref": "P363344.6.1",
                  "inst": "u",
                  "f": {
                    "lang": "akk-x-stdbab",
                    "form": "x",
                    "pos": "u"
                  }
                },
                {
                  "node": "d",
                  "frag": "*",
                  "type": "punct",
                  "ref": "P363344.6.2",
                  "lang": "akk-x-stdbab",
                  "gdl_delim": " "
                },
                {
                  "node": "l",
                  "frag": "⸢U₄⸣",
                  "id": "P363344.l01178",
                  "ref": "P363344.6.3",
                  "inst": "+inūma[when]SBJ$enūma",
                  "sig": "@cams/gkab%akk-x-stdbab:U₄=inūma[when//when]SBJ'SBJ$enūma",
                  "f": {
                    "lang": "akk-x-stdbab",
                    "form": "U₄",
                    "cf": "inūma",
                    "gw": "when",
                    "sense": "when",
                    "norm": "enūma",
                    "pos": "SBJ",
                    "epos": "SBJ"
                  }
                },
                {
                  "node": "l",
                  "frag": "{d}60",
                  "id": "P363344.l01179",
                  "ref": "P363344.6.4",
                  "inst": "Anu[1]DN",
                  "sig": "@cams/gkab%akk-x-stdbab:{d}60=Anu[1//1]DN'DN$Anu",
                  "f": {
                    "lang": "akk-x-stdbab",
                    "form": "{d}60",
                    "cf": "Anu",
                    "gw": "1",
                    "sense": "1",
                    "norm": "Anu",
                    "pos": "DN",
                    "epos": "DN"
                  }
                },
                {
                  "node": "l",
                  "frag": "{d}EN.⸢LIL₂⸣",
                  "id": "P363344.l0117a",
                  "ref": "P363344.6.5",
                  "inst": "Ellil[1]DN",
                  "sig": "@cams/gkab%akk-x-stdbab:{d}EN.LIL₂=Ellil[1//1]DN'DN$Ellil",
                  "f": {
                    "lang": "akk-x-stdbab",
                    "form": "{d}EN.LIL₂",
                    "cf": "Ellil",
                    "gw": "1",
                    "sense": "1",
                    "norm": "Ellil",
                    "pos": "DN",
                    "epos": "DN"
                  }
                },
                {
                  "node": "l",
                  "frag": "[...]",
                  "id": "P363344.l0117b",
                  "ref": "P363344.6.6",
                  "inst": "u",
                  "f": {
                    "lang": "akk-x-stdbab",
                    "form": "x",
                    "pos": "u"
                  }
                },
                {
                  "node": "d",
                  "type": "nonx",
                  "ref": "P363344.7",
                  "strict": "1",
                  "extent": "1",
                  "scope": "line",
                  "state": "traces"
                },
                {
                  "node": "d",
                  "type": "nonx",
                  "ref": "P363344.8",
                  "strict": "1",
                  "extent": "rest",
                  "scope": "surface",
                  "state": "missing"
                }
              ]
            }
          ]
        }
      ]
    }
  ]
}
