{
  "type": "cdl",
  "source": "http://oracc.org/saao/saa07",
  "license": "This data is released under the CC0 license",
  "license-url": "https://creativecommons.org/publicdomain/zero/1.0/",
  "more-info": "http://oracc.org/doc/opendata/",
  "UTC-timestamp": "2017-06-10T00:43:50",
  "project": "saao/saa07",
  "textid": "P335567",
  "cdl": [
    {
      "node": "c",
      "type": "text",
      "id": "P335567.U0",
      "cdl": [
        {
          "node": "d",
          "type": "object",
          "ref": ""
        },
        {
          "node": "d",
          "type": "surface",
          "ref": ""
        },
        {
          "node": "d",
          "type": "nonx",
          "ref": "P335567.1",
          "strict": "0",
          "state": "missing"
        },
        {
          "node": "c",
          "type": "discourse",
          "subtype": "body",
          "id": "P335567.U1",
          "cdl": [
            {
              "node": "c",
              "type": "sentence",
              "id": "P335567.U2",
              "label": "1' - 7'",
              "cdl": [
                {
                  "node": "d",
                  "type": "line-start",
                  "ref": "P335567.2",
                  "n": "1'",
                  "label": "1'"
                },
                {
                  "node": "d",
                  "type": "nonw",
                  "ref": ""
                },
                {
                  "node": "l",
                  "frag": "⸢TUR",
                  "id": "P335567.l02bcb",
                  "ref": "P335567.2.1",
                  "inst": "u",
                  "f": {
                    "lang": "akk-x-neoass",
                    "form": "TUR",
                    "pos": "u"
                  }
                },
                {
                  "node": "l",
                  "frag": "x⸣+[x",
                  "id": "P335567.l02bcc",
                  "ref": "P335567.2.2",
                  "inst": "u",
                  "f": {
                    "lang": "akk-x-neoass",
                    "form": "x+x",
                    "pos": "u"
                  }
                },
                {
                  "node": "l",
                  "frag": "x",
                  "id": "P335567.l02bcd",
                  "ref": "P335567.2.3",
                  "inst": "u",
                  "f": {
                    "lang": "akk-x-neoass",
                    "form": "x",
                    "pos": "u"
                  }
                },
                {
                  "node": "l",
                  "frag": "x",
                  "id": "P335567.l02bce",
                  "ref": "P335567.2.4",
                  "inst": "u",
                  "f": {
                    "lang": "akk-x-neoass",
                    "form": "x",
                    "pos": "u"
                  }
                },
                {
                  "node": "l",
                  "frag": "x]",
                  "id": "P335567.l02bcf",
                  "ref": "P335567.2.5",
                  "inst": "u",
                  "f": {
                    "lang": "akk-x-neoass",
                    "form": "x",
                    "pos": "u"
                  }
                },
                {
                  "node": "d",
                  "type": "line-start",
                  "ref": "P335567.3",
                  "n": "2'",
                  "label": "2'"
                },
                {
                  "node": "d",
                  "type": "nonw",
                  "ref": ""
                },
                {
                  "node": "l",
                  "frag": "03",
                  "id": "P335567.l02bd0",
                  "ref": "P335567.3.1",
                  "inst": "n",
                  "f": {
                    "lang": "akk-x-neoass",
                    "form": "03",
                    "pos": "n"
                  }
                },
                {
                  "node": "l",
                  "frag": "[x",
                  "id": "P335567.l02bd1",
                  "ref": "P335567.3.2",
                  "inst": "u",
                  "f": {
                    "lang": "akk-x-neoass",
                    "form": "x",
                    "pos": "u"
                  }
                },
                {
                  "node": "l",
                  "frag": "x",
                  "id": "P335567.l02bd2",
                  "ref": "P335567.3.3",
                  "inst": "u",
                  "f": {
                    "lang": "akk-x-neoass",
                    "form": "x",
                    "pos": "u"
                  }
                },
                {
                  "node": "l",
                  "frag": "x",
                  "id": "P335567.l02bd3",
                  "ref": "P335567.3.4",
                  "inst": "u",
                  "f": {
                    "lang": "akk-x-neoass",
                    "form": "x",
                    "pos": "u"
                  }
                },
                {
                  "node": "l",
                  "frag": "x]",
                  "id": "P335567.l02bd4",
                  "ref": "P335567.3.5",
                  "inst": "u",
                  "f": {
                    "lang": "akk-x-neoass",
                    "form": "x",
                    "pos": "u"
                  }
                },
                {
                  "node": "d",
                  "type": "line-start",
                  "ref": "P335567.4",
                  "n": "3'",
                  "label": "3'"
                },
                {
                  "node": "d",
                  "type": "nonw",
                  "ref": ""
                },
                {
                  "node": "l",
                  "frag": "bir",
                  "id": "P335567.l02bd5",
                  "ref": "P335567.4.1",
                  "inst": "biršu[felted]'AJ",
                  "sig": "@saao/saa07%akk-x-neoass:bir=biršu[felt//felted]N'AJ$biršu",
                  "f": {
                    "lang": "akk-x-neoass",
                    "form": "bir",
                    "cf": "biršu",
                    "gw": "felt",
                    "sense": "felted",
                    "norm": "biršu",
                    "pos": "N",
                    "epos": "AJ"
                  }
                },
                {
                  "node": "l",
                  "frag": "NU",
                  "id": "P335567.l02bd6",
                  "ref": "P335567.4.2",
                  "inst": "lā[not]MOD",
                  "sig": "@saao/saa07%akk-x-neoass:NU=lā[not//not]MOD'MOD$lā",
                  "f": {
                    "lang": "akk-x-neoass",
                    "form": "NU",
                    "cf": "lā",
                    "gw": "not",
                    "sense": "not",
                    "norm": "lā",
                    "pos": "MOD",
                    "epos": "MOD"
                  }
                },
                {
                  "node": "l",
                  "frag": "[x",
                  "id": "P335567.l02bd7",
                  "ref": "P335567.4.3",
                  "inst": "u",
                  "f": {
                    "lang": "akk-x-neoass",
                    "form": "x",
                    "pos": "u"
                  }
                },
                {
                  "node": "l",
                  "frag": "x",
                  "id": "P335567.l02bd8",
                  "ref": "P335567.4.4",
                  "inst": "u",
                  "f": {
                    "lang": "akk-x-neoass",
                    "form": "x",
                    "pos": "u"
                  }
                },
                {
                  "node": "l",
                  "frag": "x",
                  "id": "P335567.l02bd9",
                  "ref": "P335567.4.5",
                  "inst": "u",
                  "f": {
                    "lang": "akk-x-neoass",
                    "form": "x",
                    "pos": "u"
                  }
                },
                {
                  "node": "l",
                  "frag": "x]",
                  "id": "P335567.l02bda",
                  "ref": "P335567.4.6",
                  "inst": "u",
                  "f": {
                    "lang": "akk-x-neoass",
                    "form": "x",
                    "pos": "u"
                  }
                },
                {
                  "node": "d",
                  "type": "nonx",
                  "ref": "P335567.5",
                  "strict": "0",
                  "state": "other"
                },
                {
                  "node": "d",
                  "type": "line-start",
                  "ref": "P335567.6",
                  "n": "4'",
                  "label": "4'"
                },
                {
                  "node": "d",
                  "type": "nonw",
                  "ref": ""
                },
                {
                  "node": "l",
                  "frag": "NU",
                  "id": "P335567.l02bdb",
                  "ref": "P335567.6.1",
                  "inst": "lā[not]MOD",
                  "sig": "@saao/saa07%akk-x-neoass:NU=lā[not//not]MOD'MOD$lā",
                  "f": {
                    "lang": "akk-x-neoass",
                    "form": "NU",
                    "cf": "lā",
                    "gw": "not",
                    "sense": "not",
                    "norm": "lā",
                    "pos": "MOD",
                    "epos": "MOD"
                  }
                },
                {
                  "node": "l",
                  "frag": "[x",
                  "id": "P335567.l02bdc",
                  "ref": "P335567.6.2",
                  "inst": "u",
                  "f": {
                    "lang": "akk-x-neoass",
                    "form": "x",
                    "pos": "u"
                  }
                },
                {
                  "node": "l",
                  "frag": "x",
                  "id": "P335567.l02bdd",
                  "ref": "P335567.6.3",
                  "inst": "u",
                  "f": {
                    "lang": "akk-x-neoass",
                    "form": "x",
                    "pos": "u"
                  }
                },
                {
                  "node": "l",
                  "frag": "x",
                  "id": "P335567.l02bde",
                  "ref": "P335567.6.4",
                  "inst": "u",
                  "f": {
                    "lang": "akk-x-neoass",
                    "form": "x",
                    "pos": "u"
                  }
                },
                {
                  "node": "l",
                  "frag": "x]",
                  "id": "P335567.l02bdf",
                  "ref": "P335567.6.5",
                  "inst": "u",
                  "f": {
                    "lang": "akk-x-neoass",
                    "form": "x",
                    "pos": "u"
                  }
                },
                {
                  "node": "d",
                  "type": "line-start",
                  "ref": "P335567.7",
                  "n": "5'",
                  "label": "5'"
                },
                {
                  "node": "d",
                  "type": "nonw",
                  "ref": ""
                },
                {
                  "node": "l",
                  "frag": "03",
                  "id": "P335567.l02be0",
                  "ref": "P335567.7.1",
                  "inst": "n",
                  "f": {
                    "lang": "akk-x-neoass",
                    "form": "03",
                    "pos": "n"
                  }
                },
                {
                  "node": "l",
                  "frag": "[x",
                  "id": "P335567.l02be1",
                  "ref": "P335567.7.2",
                  "inst": "u",
                  "f": {
                    "lang": "akk-x-neoass",
                    "form": "x",
                    "pos": "u"
                  }
                },
                {
                  "node": "l",
                  "frag": "x",
                  "id": "P335567.l02be2",
                  "ref": "P335567.7.3",
                  "inst": "u",
                  "f": {
                    "lang": "akk-x-neoass",
                    "form": "x",
                    "pos": "u"
                  }
                },
                {
                  "node": "l",
                  "frag": "x",
                  "id": "P335567.l02be3",
                  "ref": "P335567.7.4",
                  "inst": "u",
                  "f": {
                    "lang": "akk-x-neoass",
                    "form": "x",
                    "pos": "u"
                  }
                },
                {
                  "node": "l",
                  "frag": "x]",
                  "id": "P335567.l02be4",
                  "ref": "P335567.7.5",
                  "inst": "u",
                  "f": {
                    "lang": "akk-x-neoass",
                    "form": "x",
                    "pos": "u"
                  }
                },
                {
                  "node": "d",
                  "type": "line-start",
                  "ref": "P335567.8",
                  "n": "6'",
                  "label": "6'"
                },
                {
                  "node": "d",
                  "type": "nonw",
                  "ref": ""
                },
                {
                  "node": "l",
                  "frag": "ZAG",
                  "id": "P335567.l02be5",
                  "ref": "P335567.8.1",
                  "inst": "+pūtu[forehead//front]N'N$",
                  "sig": "@saao/saa07%akk-x-neoass:ZAG=pūtu[forehead//front]N'N$pūtu",
                  "f": {
                    "lang": "akk-x-neoass",
                    "form": "ZAG",
                    "cf": "pūtu",
                    "gw": "forehead",
                    "sense": "front",
                    "norm": "pūtu",
                    "pos": "N",
                    "epos": "N"
                  }
                },
                {
                  "node": "l",
                  "frag": "⸢SA₅⸣",
                  "id": "P335567.l02be6",
                  "ref": "P335567.8.2",
                  "inst": "sāntu[red]AJ",
                  "sig": "@saao/saa07%akk-x-neoass:SA₅=sāmu[red//red]AJ'AJ$sāntu",
                  "f": {
                    "lang": "akk-x-neoass",
                    "form": "SA₅",
                    "cf": "sāmu",
                    "gw": "red",
                    "sense": "red",
                    "norm": "sāntu",
                    "pos": "AJ",
                    "epos": "AJ"
                  }
                },
                {
                  "node": "l",
                  "frag": "[x",
                  "id": "P335567.l02be7",
                  "ref": "P335567.8.3",
                  "inst": "u",
                  "f": {
                    "lang": "akk-x-neoass",
                    "form": "x",
                    "pos": "u"
                  }
                },
                {
                  "node": "l",
                  "frag": "x",
                  "id": "P335567.l02be8",
                  "ref": "P335567.8.4",
                  "inst": "u",
                  "f": {
                    "lang": "akk-x-neoass",
                    "form": "x",
                    "pos": "u"
                  }
                },
                {
                  "node": "l",
                  "frag": "x",
                  "id": "P335567.l02be9",
                  "ref": "P335567.8.5",
                  "inst": "u",
                  "f": {
                    "lang": "akk-x-neoass",
                    "form": "x",
                    "pos": "u"
                  }
                },
                {
                  "node": "l",
                  "frag": "x]",
                  "id": "P335567.l02bea",
                  "ref": "P335567.8.6",
                  "inst": "u",
                  "f": {
                    "lang": "akk-x-neoass",
                    "form": "x",
                    "pos": "u"
                  }
                },
                {
                  "node": "d",
                  "type": "line-start",
                  "ref": "P335567.9",
                  "n": "7'",
                  "label": "7'"
                },
                {
                  "node": "d",
                  "type": "nonw",
                  "ref": ""
                },
                {
                  "node": "l",
                  "frag": "⸢ni⸣",
                  "id": "P335567.l02beb",
                  "ref": "P335567.9.1",
                  "inst": "u",
                  "f": {
                    "lang": "akk-x-neoass",
                    "form": "ni",
                    "pos": "u"
                  }
                },
                {
                  "node": "l",
                  "frag": "[x",
                  "id": "P335567.l02bec",
                  "ref": "P335567.9.2",
                  "inst": "u",
                  "f": {
                    "lang": "akk-x-neoass",
                    "form": "x",
                    "pos": "u"
                  }
                },
                {
                  "node": "l",
                  "frag": "x",
                  "id": "P335567.l02bed",
                  "ref": "P335567.9.3",
                  "inst": "u",
                  "f": {
                    "lang": "akk-x-neoass",
                    "form": "x",
                    "pos": "u"
                  }
                },
                {
                  "node": "l",
                  "frag": "x",
                  "id": "P335567.l02bee",
                  "ref": "P335567.9.4",
                  "inst": "u",
                  "f": {
                    "lang": "akk-x-neoass",
                    "form": "x",
                    "pos": "u"
                  }
                },
                {
                  "node": "l",
                  "frag": "x]",
                  "id": "P335567.l02bef",
                  "ref": "P335567.9.5",
                  "inst": "u",
                  "f": {
                    "lang": "akk-x-neoass",
                    "form": "x",
                    "pos": "u"
                  }
                },
                {
                  "node": "d",
                  "type": "nonx",
                  "ref": "P335567.10",
                  "strict": "0",
                  "state": "missing"
                }
              ]
            }
          ]
        }
      ]
    }
  ]
}
