{
  "type": "cdl",
  "source": "http://oracc.org/saao/saa07",
  "license": "This data is released under the CC0 license",
  "license-url": "https://creativecommons.org/publicdomain/zero/1.0/",
  "more-info": "http://oracc.org/doc/opendata/",
  "UTC-timestamp": "2017-06-10T00:43:37",
  "project": "saao/saa07",
  "textid": "P335838",
  "cdl": [
    {
      "node": "c",
      "type": "text",
      "id": "P335838.U0",
      "cdl": [
        {
          "node": "d",
          "type": "object",
          "ref": ""
        },
        {
          "node": "d",
          "subtype": "obverse",
          "type": "obverse",
          "ref": "P335838.o.1",
          "label": "o"
        },
        {
          "node": "d",
          "type": "nonx",
          "ref": "P335838.2",
          "strict": "0",
          "extent": "beginning",
          "state": "missing"
        },
        {
          "node": "c",
          "type": "discourse",
          "subtype": "body",
          "id": "P335838.U1",
          "cdl": [
            {
              "node": "c",
              "type": "sentence",
              "id": "P335838.U2",
              "label": "o 1' - r 12",
              "cdl": [
                {
                  "node": "d",
                  "type": "line-start",
                  "ref": "P335838.3",
                  "n": "1'",
                  "label": "o 1'"
                },
                {
                  "node": "l",
                  "frag": "1(ban₂)",
                  "id": "P335838.l0559d",
                  "ref": "P335838.3.1",
                  "inst": "n",
                  "f": {
                    "lang": "akk-x-neoass",
                    "form": "1(ban₂)",
                    "pos": "n"
                  }
                },
                {
                  "node": "l",
                  "frag": "01",
                  "id": "P335838.l0559e",
                  "ref": "P335838.3.2",
                  "inst": "n",
                  "f": {
                    "lang": "akk-x-neoass",
                    "form": "01",
                    "pos": "n"
                  }
                },
                {
                  "node": "l",
                  "frag": "qa⸣",
                  "id": "P335838.l0559f",
                  "ref": "P335838.3.3",
                  "inst": "qâ[a unit of capacity]N",
                  "sig": "@saao/saa07%akk-x-neoass:qa=qû[unit//a unit of capacity]N'N$qâ",
                  "f": {
                    "lang": "akk-x-neoass",
                    "form": "qa",
                    "cf": "qû",
                    "gw": "unit",
                    "sense": "a unit of capacity",
                    "norm": "qâ",
                    "pos": "N",
                    "epos": "N"
                  }
                },
                {
                  "node": "l",
                  "frag": "[NINDA-MEŠ",
                  "id": "P335838.l055a0",
                  "ref": "P335838.3.4",
                  "inst": "kusāpī[bread]N",
                  "sig": "@saao/saa07%akk-x-neoass:NINDA-MEŠ=kusāpu[bread//bread]N'N$kusāpī",
                  "f": {
                    "lang": "akk-x-neoass",
                    "form": "NINDA-MEŠ",
                    "cf": "kusāpu",
                    "gw": "bread",
                    "sense": "bread",
                    "norm": "kusāpī",
                    "pos": "N",
                    "epos": "N"
                  }
                },
                {
                  "node": "l",
                  "frag": "gi-ne₂-e",
                  "id": "P335838.l055a1",
                  "ref": "P335838.3.5",
                  "inst": "ginê[regular offering]N",
                  "sig": "@saao/saa07%akk-x-neoass:gi-ne₂-e=ginû[regular contribution (to temple)//regular offering]N'N$ginê",
                  "f": {
                    "lang": "akk-x-neoass",
                    "form": "gi-ne₂-e",
                    "cf": "ginû",
                    "gw": "regular contribution (to temple)",
                    "sense": "regular offering",
                    "norm": "ginê",
                    "pos": "N",
                    "epos": "N"
                  }
                },
                {
                  "node": "l",
                  "frag": "1(ban₂)",
                  "id": "P335838.l055a2",
                  "ref": "P335838.3.6",
                  "inst": "n",
                  "f": {
                    "lang": "akk-x-neoass",
                    "form": "1(ban₂)",
                    "pos": "n"
                  }
                },
                {
                  "node": "l",
                  "frag": "01",
                  "id": "P335838.l055a3",
                  "ref": "P335838.3.7",
                  "inst": "n",
                  "f": {
                    "lang": "akk-x-neoass",
                    "form": "01",
                    "pos": "n"
                  }
                },
                {
                  "node": "l",
                  "frag": "qa",
                  "id": "P335838.l055a4",
                  "ref": "P335838.3.8",
                  "inst": "qâ[a unit of capacity]N",
                  "sig": "@saao/saa07%akk-x-neoass:qa=qû[unit//a unit of capacity]N'N$qâ",
                  "f": {
                    "lang": "akk-x-neoass",
                    "form": "qa",
                    "cf": "qû",
                    "gw": "unit",
                    "sense": "a unit of capacity",
                    "norm": "qâ",
                    "pos": "N",
                    "epos": "N"
                  }
                },
                {
                  "node": "l",
                  "frag": "{ninda}qa-du-tu₂]",
                  "id": "P335838.l055a5",
                  "ref": "P335838.3.9",
                  "inst": "qadūtu[(a kind of wheat bread)]N",
                  "sig": "@saao/saa07%akk-x-neoass:{NINDA}qa-du-tu₂=qadūtu[silt//(a kind of wheat bread)]N'N$qadūtu",
                  "f": {
                    "lang": "akk-x-neoass",
                    "form": "{NINDA}qa-du-tu₂",
                    "cf": "qadūtu",
                    "gw": "silt",
                    "sense": "(a kind of wheat bread)",
                    "norm": "qadūtu",
                    "pos": "N",
                    "epos": "N"
                  }
                },
                {
                  "node": "d",
                  "type": "line-start",
                  "ref": "P335838.4",
                  "n": "2'",
                  "label": "o 2'"
                },
                {
                  "node": "l",
                  "frag": "{dug}ma-si-tu₂",
                  "id": "P335838.l055a6",
                  "ref": "P335838.4.1",
                  "inst": "massītu[drinking-pot]N",
                  "sig": "@saao/saa07%akk-x-neoass:{DUG}ma-si-tu₂=maštītu[(allowance of) drink//drinking-pot]N'N$massītu",
                  "f": {
                    "lang": "akk-x-neoass",
                    "form": "{DUG}ma-si-tu₂",
                    "cf": "maštītu",
                    "gw": "(allowance of) drink",
                    "sense": "drinking-pot",
                    "norm": "massītu",
                    "pos": "N",
                    "epos": "N"
                  }
                },
                {
                  "node": "l",
                  "frag": "la-⸢pa-ni",
                  "id": "P335838.l055a7",
                  "ref": "P335838.4.2",
                  "inst": "+alappānu[sweet pomegranate//(a sweet beer)]N'N$lappāni",
                  "sig": "@saao/saa07%akk-x-neoass:la-pa-ni=alappānu[sweet pomegranate//(a sweet beer)]N'N$lappāni",
                  "f": {
                    "lang": "akk-x-neoass",
                    "form": "la-pa-ni",
                    "cf": "alappānu",
                    "gw": "sweet pomegranate",
                    "sense": "(a sweet beer)",
                    "norm": "lappāni",
                    "pos": "N",
                    "epos": "N"
                  }
                },
                {
                  "node": "l",
                  "frag": "{dug}ma-si-tu₂",
                  "id": "P335838.l055a8",
                  "ref": "P335838.4.3",
                  "inst": "massītu[drinking-pot]N",
                  "sig": "@saao/saa07%akk-x-neoass:{DUG}ma-si-tu₂=maštītu[(allowance of) drink//drinking-pot]N'N$massītu",
                  "f": {
                    "lang": "akk-x-neoass",
                    "form": "{DUG}ma-si-tu₂",
                    "cf": "maštītu",
                    "gw": "(allowance of) drink",
                    "sense": "drinking-pot",
                    "norm": "massītu",
                    "pos": "N",
                    "epos": "N"
                  }
                },
                {
                  "node": "l",
                  "frag": "KAŠ",
                  "id": "P335838.l055a9",
                  "ref": "P335838.4.4",
                  "inst": "šikāri[beer]N",
                  "sig": "@saao/saa07%akk-x-neoass:KAŠ=šikaru[beer//beer]N'N$šikāri",
                  "f": {
                    "lang": "akk-x-neoass",
                    "form": "KAŠ",
                    "cf": "šikaru",
                    "gw": "beer",
                    "sense": "beer",
                    "norm": "šikāri",
                    "pos": "N",
                    "epos": "N"
                  }
                },
                {
                  "node": "l",
                  "frag": "haš-lat⸣",
                  "id": "P335838.l055aa",
                  "ref": "P335838.4.5",
                  "inst": "hašlāt[groats]N",
                  "sig": "@saao/saa07%akk-x-neoass:haš-lat=hašlātu[bruised (grain)//groats]N'N$hašlāt",
                  "f": {
                    "lang": "akk-x-neoass",
                    "form": "haš-lat",
                    "cf": "hašlātu",
                    "gw": "bruised (grain)",
                    "sense": "groats",
                    "norm": "hašlāt",
                    "pos": "N",
                    "epos": "N"
                  }
                },
                {
                  "node": "d",
                  "type": "line-start",
                  "ref": "P335838.5",
                  "n": "3'",
                  "label": "o 3'"
                },
                {
                  "node": "l",
                  "frag": "03",
                  "id": "P335838.l055ab",
                  "ref": "P335838.5.1",
                  "inst": "n",
                  "f": {
                    "lang": "akk-x-neoass",
                    "form": "03",
                    "pos": "n"
                  }
                },
                {
                  "node": "l",
                  "frag": "su-lu-kan",
                  "id": "P335838.l055ac",
                  "ref": "P335838.5.2",
                  "inst": "sulukan[(a food-container)]N",
                  "sig": "@saao/saa07%akk-x-neoass:su-lu-kan=sulukannu[(a food-container)//(a food-container)]N'N$sulukan",
                  "f": {
                    "lang": "akk-x-neoass",
                    "form": "su-lu-kan",
                    "cf": "sulukannu",
                    "gw": "(a food-container)",
                    "sense": "(a food-container)",
                    "norm": "sulukan",
                    "pos": "N",
                    "epos": "N"
                  }
                },
                {
                  "node": "l",
                  "frag": "šu-ʾe",
                  "id": "P335838.l055ad",
                  "ref": "P335838.5.3",
                  "inst": "šuʾē[chick pea]N",
                  "sig": "@saao/saa07%akk-x-neoass:šu-ʾe=šuʾu[chick-pea?//chick pea]N'N$šuʾē",
                  "f": {
                    "lang": "akk-x-neoass",
                    "form": "šu-ʾe",
                    "cf": "šuʾu",
                    "gw": "chick-pea?",
                    "sense": "chick pea",
                    "norm": "šuʾē",
                    "pos": "N",
                    "epos": "N"
                  }
                },
                {
                  "node": "l",
                  "frag": "02",
                  "id": "P335838.l055ae",
                  "ref": "P335838.5.4",
                  "inst": "n",
                  "f": {
                    "lang": "akk-x-neoass",
                    "form": "02",
                    "pos": "n"
                  }
                },
                {
                  "node": "l",
                  "frag": "su-lu-kan",
                  "id": "P335838.l055af",
                  "ref": "P335838.5.5",
                  "inst": "sulukan[(a food-container)]N",
                  "sig": "@saao/saa07%akk-x-neoass:su-lu-kan=sulukannu[(a food-container)//(a food-container)]N'N$sulukan",
                  "f": {
                    "lang": "akk-x-neoass",
                    "form": "su-lu-kan",
                    "cf": "sulukannu",
                    "gw": "(a food-container)",
                    "sense": "(a food-container)",
                    "norm": "sulukan",
                    "pos": "N",
                    "epos": "N"
                  }
                },
                {
                  "node": "l",
                  "frag": "{še}GIŠ.I₃",
                  "id": "P335838.l055b0",
                  "ref": "P335838.5.6",
                  "inst": "+šamaššammū[sesame//sesame]N'N$šamaššammē",
                  "sig": "@saao/saa07%akk-x-neoass:{ŠE}GIŠ.I₃=šamaššammū[sesame//sesame]N'N$šamaššammē",
                  "f": {
                    "lang": "akk-x-neoass",
                    "form": "{ŠE}GIŠ.I₃",
                    "cf": "šamaššammū",
                    "gw": "sesame",
                    "sense": "sesame",
                    "norm": "šamaššammē",
                    "pos": "N",
                    "epos": "N"
                  }
                },
                {
                  "node": "d",
                  "type": "line-start",
                  "ref": "P335838.6",
                  "n": "4'",
                  "label": "o 4'"
                },
                {
                  "node": "l",
                  "frag": "08",
                  "id": "P335838.l055b1",
                  "ref": "P335838.6.1",
                  "inst": "n",
                  "f": {
                    "lang": "akk-x-neoass",
                    "form": "08",
                    "pos": "n"
                  }
                },
                {
                  "node": "d",
                  "frag": ":",
                  "type": "punct",
                  "ref": "P335838.6.2",
                  "lang": "akk-x-neoass",
                  "gdl_delim": " "
                },
                {
                  "node": "l",
                  "frag": "kul-la-ni",
                  "id": "P335838.l055b2",
                  "ref": "P335838.6.3",
                  "inst": "kullāni[nut(-kernel)]N",
                  "sig": "@saao/saa07%akk-x-neoass:kul-la-ni=kullu[nut(-kernel)//nut(-kernel)]N'N$kullāni",
                  "f": {
                    "lang": "akk-x-neoass",
                    "form": "kul-la-ni",
                    "cf": "kullu",
                    "gw": "nut(-kernel)",
                    "sense": "nut(-kernel)",
                    "norm": "kullāni",
                    "pos": "N",
                    "epos": "N"
                  }
                },
                {
                  "node": "l",
                  "frag": "{dug}qa-ZAG",
                  "id": "P335838.l055b3",
                  "ref": "P335838.6.4",
                  "inst": "qabūt[cup]N",
                  "sig": "@saao/saa07%akk-x-neoass:{DUG}qa-ZAG=qabūtu[bowl//cup]N'N$qabūt",
                  "f": {
                    "lang": "akk-x-neoass",
                    "form": "{DUG}qa-ZAG",
                    "cf": "qabūtu",
                    "gw": "bowl",
                    "sense": "cup",
                    "norm": "qabūt",
                    "pos": "N",
                    "epos": "N"
                  }
                },
                {
                  "node": "l",
                  "frag": "ṭi₂-i-ṭi",
                  "id": "P335838.l055b4",
                  "ref": "P335838.6.5",
                  "inst": "ṭīṭi[(a kind of beer)]N",
                  "sig": "@saao/saa07%akk-x-neoass:ṭi₂-i-ṭi=ṭīdu[clay//(a kind of beer)]N'N$ṭīṭi",
                  "f": {
                    "lang": "akk-x-neoass",
                    "form": "ṭi₂-i-ṭi",
                    "cf": "ṭīdu",
                    "gw": "clay",
                    "sense": "(a kind of beer)",
                    "norm": "ṭīṭi",
                    "pos": "N",
                    "epos": "N"
                  }
                },
                {
                  "node": "d",
                  "type": "line-start",
                  "ref": "P335838.7",
                  "n": "5'",
                  "label": "o 5'"
                },
                {
                  "node": "l",
                  "frag": "{dug}qa-ZAG",
                  "id": "P335838.l055b5",
                  "ref": "P335838.7.1",
                  "inst": "qabūt[cup]N",
                  "sig": "@saao/saa07%akk-x-neoass:{DUG}qa-ZAG=qabūtu[bowl//cup]N'N$qabūt",
                  "f": {
                    "lang": "akk-x-neoass",
                    "form": "{DUG}qa-ZAG",
                    "cf": "qabūtu",
                    "gw": "bowl",
                    "sense": "cup",
                    "norm": "qabūt",
                    "pos": "N",
                    "epos": "N"
                  }
                },
                {
                  "node": "l",
                  "frag": "an-dah-še",
                  "id": "P335838.l055b6",
                  "ref": "P335838.7.2",
                  "inst": "andahše[(a type of onion)]N",
                  "sig": "@saao/saa07%akk-x-neoass:an-dah-še=andahšu[(an alliaceous plant)//(a type of onion)]N'N$andahše",
                  "f": {
                    "lang": "akk-x-neoass",
                    "form": "an-dah-še",
                    "cf": "andahšu",
                    "gw": "(an alliaceous plant)",
                    "sense": "(a type of onion)",
                    "norm": "andahše",
                    "pos": "N",
                    "epos": "N"
                  }
                },
                {
                  "node": "l",
                  "frag": "{dug}[qa]-⸢ZAG⸣",
                  "id": "P335838.l055b7",
                  "ref": "P335838.7.3",
                  "inst": "qabūt[cup]N",
                  "sig": "@saao/saa07%akk-x-neoass:{DUG}qa-ZAG=qabūtu[bowl//cup]N'N$qabūt",
                  "f": {
                    "lang": "akk-x-neoass",
                    "form": "{DUG}qa-ZAG",
                    "cf": "qabūtu",
                    "gw": "bowl",
                    "sense": "cup",
                    "norm": "qabūt",
                    "pos": "N",
                    "epos": "N"
                  }
                },
                {
                  "node": "l",
                  "frag": "su-pur-gil₂",
                  "id": "P335838.l055b8",
                  "ref": "P335838.7.4",
                  "inst": "supurgil[quince]N",
                  "sig": "@saao/saa07%akk-x-neoass:su-pur-gil₂=supurgillu[quince//quince]N'N$supurgil",
                  "f": {
                    "lang": "akk-x-neoass",
                    "form": "su-pur-gil₂",
                    "cf": "supurgillu",
                    "gw": "quince",
                    "sense": "quince",
                    "norm": "supurgil",
                    "pos": "N",
                    "epos": "N"
                  }
                },
                {
                  "node": "d",
                  "type": "line-start",
                  "ref": "P335838.8",
                  "n": "6'",
                  "label": "o 6'"
                },
                {
                  "node": "l",
                  "frag": "{dug}qa-ZAG",
                  "id": "P335838.l055b9",
                  "ref": "P335838.8.1",
                  "inst": "qabūt[cup]N",
                  "sig": "@saao/saa07%akk-x-neoass:{DUG}qa-ZAG=qabūtu[bowl//cup]N'N$qabūt",
                  "f": {
                    "lang": "akk-x-neoass",
                    "form": "{DUG}qa-ZAG",
                    "cf": "qabūtu",
                    "gw": "bowl",
                    "sense": "cup",
                    "norm": "qabūt",
                    "pos": "N",
                    "epos": "N"
                  }
                },
                {
                  "node": "l",
                  "frag": "sir-di",
                  "id": "P335838.l055ba",
                  "ref": "P335838.8.2",
                  "inst": "sirdī[olive(s)]N",
                  "sig": "@saao/saa07%akk-x-neoass:sir-di=serdu[olive tree//olive(s)]N'N$sirdī",
                  "f": {
                    "lang": "akk-x-neoass",
                    "form": "sir-di",
                    "cf": "serdu",
                    "gw": "olive tree",
                    "sense": "olive(s)",
                    "norm": "sirdī",
                    "pos": "N",
                    "epos": "N"
                  }
                },
                {
                  "node": "l",
                  "frag": "{giš}sa-al-lu",
                  "id": "P335838.l055bb",
                  "ref": "P335838.8.3",
                  "inst": "sallu[basket]N",
                  "sig": "@saao/saa07%akk-x-neoass:{GIŠ}sa-al-lu=sallu[tray//basket]N'N$sallu",
                  "f": {
                    "lang": "akk-x-neoass",
                    "form": "{GIŠ}sa-al-lu",
                    "cf": "sallu",
                    "gw": "tray",
                    "sense": "basket",
                    "norm": "sallu",
                    "pos": "N",
                    "epos": "N"
                  }
                },
                {
                  "node": "l",
                  "frag": "za-am-ri",
                  "id": "P335838.l055bc",
                  "ref": "P335838.8.4",
                  "inst": "zamri[fruit]N",
                  "sig": "@saao/saa07%akk-x-neoass:za-am-ri=azamru[fruit//fruit]N'N$zamri",
                  "f": {
                    "lang": "akk-x-neoass",
                    "form": "za-am-ri",
                    "cf": "azamru",
                    "gw": "fruit",
                    "sense": "fruit",
                    "norm": "zamri",
                    "pos": "N",
                    "epos": "N"
                  }
                },
                {
                  "node": "d",
                  "type": "line-start",
                  "ref": "P335838.9",
                  "n": "7'",
                  "label": "o 7'"
                },
                {
                  "node": "l",
                  "frag": "{giš}sa-al-lu",
                  "id": "P335838.l055bd",
                  "ref": "P335838.9.1",
                  "inst": "sallu[basket]N",
                  "sig": "@saao/saa07%akk-x-neoass:{GIŠ}sa-al-lu=sallu[tray//basket]N'N$sallu",
                  "f": {
                    "lang": "akk-x-neoass",
                    "form": "{GIŠ}sa-al-lu",
                    "cf": "sallu",
                    "gw": "tray",
                    "sense": "basket",
                    "norm": "sallu",
                    "pos": "N",
                    "epos": "N"
                  }
                },
                {
                  "node": "l",
                  "frag": "za-am-ri",
                  "id": "P335838.l055be",
                  "ref": "P335838.9.2",
                  "inst": "zamri[fruit]N",
                  "sig": "@saao/saa07%akk-x-neoass:za-am-ri=azamru[fruit//fruit]N'N$zamri",
                  "f": {
                    "lang": "akk-x-neoass",
                    "form": "za-am-ri",
                    "cf": "azamru",
                    "gw": "fruit",
                    "sense": "fruit",
                    "norm": "zamri",
                    "pos": "N",
                    "epos": "N"
                  }
                },
                {
                  "node": "d",
                  "type": "line-start",
                  "ref": "P335838.10",
                  "n": "8'",
                  "label": "o 8'"
                },
                {
                  "node": "l",
                  "frag": "re-ha-ti",
                  "id": "P335838.l055bf",
                  "ref": "P335838.10.1",
                  "inst": "rēhāti[leftovers]N",
                  "sig": "@saao/saa07%akk-x-neoass:re-ha-ti=rēhtu[remainder//leftovers]N'N$rēhāti",
                  "f": {
                    "lang": "akk-x-neoass",
                    "form": "re-ha-ti",
                    "cf": "rēhtu",
                    "gw": "remainder",
                    "sense": "leftovers",
                    "norm": "rēhāti",
                    "pos": "N",
                    "epos": "N"
                  }
                },
                {
                  "node": "l",
                  "frag": "ša",
                  "id": "P335838.l055c0",
                  "ref": "P335838.10.2",
                  "inst": "ša[which]REL",
                  "sig": "@saao/saa07%akk-x-neoass:ša=ša[that//which]REL'REL$ša",
                  "f": {
                    "lang": "akk-x-neoass",
                    "form": "ša",
                    "cf": "ša",
                    "gw": "that",
                    "sense": "which",
                    "norm": "ša",
                    "pos": "REL",
                    "epos": "REL"
                  }
                },
                {
                  "node": "l",
                  "frag": "IGI",
                  "id": "P335838.l055c1",
                  "ref": "P335838.10.3",
                  "inst": "pān[before]'PRP",
                  "sig": "@saao/saa07%akk-x-neoass:IGI=pānu[front//before]N'PRP$pān",
                  "f": {
                    "lang": "akk-x-neoass",
                    "form": "IGI",
                    "cf": "pānu",
                    "gw": "front",
                    "sense": "before",
                    "norm": "pān",
                    "pos": "N",
                    "epos": "PRP"
                  }
                },
                {
                  "node": "l",
                  "frag": "{d}aš-šur",
                  "id": "P335838.l055c2",
                  "ref": "P335838.10.4",
                  "inst": "Aššur[1]DN",
                  "sig": "@saao/saa07%akk-x-neoass:{d}aš-šur=Aššur[1//1]DN'DN$Aššur",
                  "f": {
                    "lang": "akk-x-neoass",
                    "form": "{d}aš-šur",
                    "cf": "Aššur",
                    "gw": "1",
                    "sense": "1",
                    "norm": "Aššur",
                    "pos": "DN",
                    "epos": "DN"
                  }
                },
                {
                  "node": "d",
                  "type": "line-start",
                  "ref": "P335838.11",
                  "n": "9'",
                  "label": "o 9'"
                },
                {
                  "node": "l",
                  "frag": "{uzu}ZAG",
                  "id": "P335838.l055c3",
                  "ref": "P335838.11.1",
                  "inst": "imittu[shoulder]N",
                  "sig": "@saao/saa07%akk-x-neoass:{UZU}ZAG=imittu[support//shoulder]N'N$imittu",
                  "f": {
                    "lang": "akk-x-neoass",
                    "form": "{UZU}ZAG",
                    "cf": "imittu",
                    "gw": "support",
                    "sense": "shoulder",
                    "norm": "imittu",
                    "pos": "N",
                    "epos": "N"
                  }
                },
                {
                  "node": "l",
                  "frag": "nis₂-hi",
                  "id": "P335838.l055c4",
                  "ref": "P335838.11.2",
                  "inst": "nishī[cut (of meat)]N",
                  "sig": "@saao/saa07%akk-x-neoass:nis₂-hi=nishu[extract(ion)//cut (of meat)]N'N$nishī",
                  "f": {
                    "lang": "akk-x-neoass",
                    "form": "nis₂-hi",
                    "cf": "nishu",
                    "gw": "extract(ion)",
                    "sense": "cut (of meat)",
                    "norm": "nishī",
                    "pos": "N",
                    "epos": "N"
                  }
                },
                {
                  "node": "l",
                  "frag": "ZAG",
                  "id": "P335838.l055c5",
                  "ref": "P335838.11.3",
                  "inst": "+imittu[support//shoulder]N'N$imitti",
                  "sig": "@saao/saa07%akk-x-neoass:ZAG=imittu[support//shoulder]N'N$imitti",
                  "f": {
                    "lang": "akk-x-neoass",
                    "form": "ZAG",
                    "cf": "imittu",
                    "gw": "support",
                    "sense": "shoulder",
                    "norm": "imitti",
                    "pos": "N",
                    "epos": "N"
                  }
                },
                {
                  "node": "l",
                  "frag": "ša",
                  "id": "P335838.l055c6",
                  "ref": "P335838.11.4",
                  "inst": "ša[of]DET",
                  "sig": "@saao/saa07%akk-x-neoass:ša=ša[of//those of]DET'DET$ša",
                  "f": {
                    "lang": "akk-x-neoass",
                    "form": "ša",
                    "cf": "ša",
                    "gw": "of",
                    "sense": "those of",
                    "norm": "ša",
                    "pos": "DET",
                    "epos": "DET"
                  }
                },
                {
                  "node": "l",
                  "frag": "GUD",
                  "id": "P335838.l055c7",
                  "ref": "P335838.11.5",
                  "inst": "alpi[ox]N",
                  "sig": "@saao/saa07%akk-x-neoass:GUD=alpu[ox//ox]N'N$alpi",
                  "f": {
                    "lang": "akk-x-neoass",
                    "form": "GUD",
                    "cf": "alpu",
                    "gw": "ox",
                    "sense": "ox",
                    "norm": "alpi",
                    "pos": "N",
                    "epos": "N"
                  }
                },
                {
                  "node": "d",
                  "type": "line-start",
                  "ref": "P335838.12",
                  "n": "10'",
                  "label": "o 10'"
                },
                {
                  "node": "l",
                  "frag": "01",
                  "id": "P335838.l055c8",
                  "ref": "P335838.12.1",
                  "inst": "n",
                  "f": {
                    "lang": "akk-x-neoass",
                    "form": "01",
                    "pos": "n"
                  }
                },
                {
                  "node": "l",
                  "frag": "UDU",
                  "id": "P335838.l055c9",
                  "ref": "P335838.12.2",
                  "inst": "immeru[sheep]N",
                  "sig": "@saao/saa07%akk-x-neoass:UDU=immeru[sheep//sheep]N'N$immere",
                  "f": {
                    "lang": "akk-x-neoass",
                    "form": "UDU",
                    "cf": "immeru",
                    "gw": "sheep",
                    "sense": "sheep",
                    "norm": "immere",
                    "pos": "N",
                    "epos": "N"
                  }
                },
                {
                  "node": "l",
                  "frag": "šal-mu",
                  "id": "P335838.l055ca",
                  "ref": "P335838.12.3",
                  "inst": "šalmu[complete]AJ",
                  "sig": "@saao/saa07%akk-x-neoass:šal-mu=šalmu[intact//complete]AJ'AJ$šalmu",
                  "f": {
                    "lang": "akk-x-neoass",
                    "form": "šal-mu",
                    "cf": "šalmu",
                    "gw": "intact",
                    "sense": "complete",
                    "norm": "šalmu",
                    "pos": "AJ",
                    "epos": "AJ"
                  }
                },
                {
                  "node": "l",
                  "frag": "01",
                  "id": "P335838.l055cb",
                  "ref": "P335838.12.4",
                  "inst": "n",
                  "f": {
                    "lang": "akk-x-neoass",
                    "form": "01",
                    "pos": "n"
                  }
                },
                {
                  "node": "l",
                  "frag": "KUR.GI",
                  "id": "P335838.l055cc",
                  "ref": "P335838.12.5",
                  "inst": "kurkû[goose]N",
                  "sig": "@saao/saa07%akk-x-neoass:KUR.GI=kurkû[goose//goose]N'N$kurkû",
                  "f": {
                    "lang": "akk-x-neoass",
                    "form": "KUR.GI",
                    "cf": "kurkû",
                    "gw": "goose",
                    "sense": "goose",
                    "norm": "kurkû",
                    "pos": "N",
                    "epos": "N"
                  }
                },
                {
                  "node": "l",
                  "frag": "01",
                  "id": "P335838.l055cd",
                  "ref": "P335838.12.6",
                  "inst": "n",
                  "f": {
                    "lang": "akk-x-neoass",
                    "form": "01",
                    "pos": "n"
                  }
                },
                {
                  "node": "l",
                  "frag": "MUŠEN",
                  "id": "P335838.l055ce",
                  "ref": "P335838.12.7",
                  "inst": "iṣṣūru[duck]N",
                  "sig": "@saao/saa07%akk-x-neoass:MUŠEN=iṣṣūru[bird//duck]N'N$iṣṣūru",
                  "f": {
                    "lang": "akk-x-neoass",
                    "form": "MUŠEN",
                    "cf": "iṣṣūru",
                    "gw": "bird",
                    "sense": "duck",
                    "norm": "iṣṣūru",
                    "pos": "N",
                    "epos": "N"
                  }
                },
                {
                  "node": "d",
                  "subtype": "bottom",
                  "type": "bottom",
                  "ref": "P335838.b.e..13",
                  "label": "b.e."
                },
                {
                  "node": "d",
                  "type": "line-start",
                  "ref": "P335838.14",
                  "n": "11'",
                  "label": "b.e. 11'"
                },
                {
                  "node": "l",
                  "frag": "{dug}2(ban₂)",
                  "id": "P335838.l055cf",
                  "ref": "P335838.14.1",
                  "inst": "kaptukki[two-seah jar]N",
                  "sig": "@saao/saa07%akk-x-neoass:{DUG}2(ban₂)=kaptukkû[two-sūtu container//two-seah jar]N'N$kaptukki",
                  "f": {
                    "lang": "akk-x-neoass",
                    "form": "{DUG}2(ban₂)",
                    "cf": "kaptukkû",
                    "gw": "two-sūtu container",
                    "sense": "two-seah jar",
                    "norm": "kaptukki",
                    "pos": "N",
                    "epos": "N"
                  }
                },
                {
                  "node": "l",
                  "frag": "hi-in-hi-ni",
                  "id": "P335838.l055d0",
                  "ref": "P335838.14.2",
                  "inst": "hinhinī[(a cereal preparation)]N",
                  "sig": "@saao/saa07%akk-x-neoass:hi-in-hi-ni=hinhinu[(a kind of spice?)//(a cereal preparation)]N'N$hinhinī",
                  "f": {
                    "lang": "akk-x-neoass",
                    "form": "hi-in-hi-ni",
                    "cf": "hinhinu",
                    "gw": "(a kind of spice?)",
                    "sense": "(a cereal preparation)",
                    "norm": "hinhinī",
                    "pos": "N",
                    "epos": "N"
                  }
                },
                {
                  "node": "d",
                  "type": "line-start",
                  "ref": "P335838.15",
                  "n": "12'",
                  "label": "b.e. 12'"
                },
                {
                  "node": "l",
                  "frag": "{dug}2(ban₂)",
                  "id": "P335838.l055d1",
                  "ref": "P335838.15.1",
                  "inst": "kaptukki[two-seah jar]N",
                  "sig": "@saao/saa07%akk-x-neoass:{DUG}2(ban₂)=kaptukkû[two-sūtu container//two-seah jar]N'N$kaptukki",
                  "f": {
                    "lang": "akk-x-neoass",
                    "form": "{DUG}2(ban₂)",
                    "cf": "kaptukkû",
                    "gw": "two-sūtu container",
                    "sense": "two-seah jar",
                    "norm": "kaptukki",
                    "pos": "N",
                    "epos": "N"
                  }
                },
                {
                  "node": "l",
                  "frag": "bu-de-e",
                  "id": "P335838.l055d2",
                  "ref": "P335838.15.2",
                  "inst": "budê[(a fruit confection or sweet sauce)]N",
                  "sig": "@saao/saa07%akk-x-neoass:bu-de-e=budû[(a cake?)//(a fruit confection or sweet sauce)]N'N$budê",
                  "f": {
                    "lang": "akk-x-neoass",
                    "form": "bu-de-e",
                    "cf": "budû",
                    "gw": "(a cake?)",
                    "sense": "(a fruit confection or sweet sauce)",
                    "norm": "budê",
                    "pos": "N",
                    "epos": "N"
                  }
                },
                {
                  "node": "d",
                  "subtype": "reverse",
                  "type": "reverse",
                  "ref": "P335838.r.16",
                  "label": "r"
                },
                {
                  "node": "d",
                  "type": "line-start",
                  "ref": "P335838.17",
                  "n": "1",
                  "label": "r 1"
                },
                {
                  "node": "l",
                  "frag": "{dug}ma-si-tu₂",
                  "id": "P335838.l055d3",
                  "ref": "P335838.17.1",
                  "inst": "massītu[drinking-pot]N",
                  "sig": "@saao/saa07%akk-x-neoass:{DUG}ma-si-tu₂=maštītu[(allowance of) drink//drinking-pot]N'N$massītu",
                  "f": {
                    "lang": "akk-x-neoass",
                    "form": "{DUG}ma-si-tu₂",
                    "cf": "maštītu",
                    "gw": "(allowance of) drink",
                    "sense": "drinking-pot",
                    "norm": "massītu",
                    "pos": "N",
                    "epos": "N"
                  }
                },
                {
                  "node": "l",
                  "frag": "bu-de-e",
                  "id": "P335838.l055d4",
                  "ref": "P335838.17.2",
                  "inst": "budê[(a fruit confection or sweet sauce)]N",
                  "sig": "@saao/saa07%akk-x-neoass:bu-de-e=budû[(a cake?)//(a fruit confection or sweet sauce)]N'N$budê",
                  "f": {
                    "lang": "akk-x-neoass",
                    "form": "bu-de-e",
                    "cf": "budû",
                    "gw": "(a cake?)",
                    "sense": "(a fruit confection or sweet sauce)",
                    "norm": "budê",
                    "pos": "N",
                    "epos": "N"
                  }
                },
                {
                  "node": "l",
                  "frag": "[o]",
                  "id": "P335838.l055d5",
                  "ref": "P335838.17.3",
                  "inst": "u",
                  "f": {
                    "lang": "akk-x-neoass",
                    "form": "o",
                    "pos": "u"
                  }
                },
                {
                  "node": "d",
                  "type": "line-start",
                  "ref": "P335838.18",
                  "n": "2",
                  "label": "r 2"
                },
                {
                  "node": "l",
                  "frag": "{dug}ma-si-tu₂",
                  "id": "P335838.l055d6",
                  "ref": "P335838.18.1",
                  "inst": "massītu[drinking-pot]N",
                  "sig": "@saao/saa07%akk-x-neoass:{DUG}ma-si-tu₂=maštītu[(allowance of) drink//drinking-pot]N'N$massītu",
                  "f": {
                    "lang": "akk-x-neoass",
                    "form": "{DUG}ma-si-tu₂",
                    "cf": "maštītu",
                    "gw": "(allowance of) drink",
                    "sense": "drinking-pot",
                    "norm": "massītu",
                    "pos": "N",
                    "epos": "N"
                  }
                },
                {
                  "node": "l",
                  "frag": "hu-⸢lu⸣-[ṭi]",
                  "id": "P335838.l055d7",
                  "ref": "P335838.18.2",
                  "inst": "hulūṭi[(a milk product?)]N",
                  "sig": "@saao/saa07%akk-x-neoass:hu-lu-ṭi=hulūṭu[(a mixed? drink)//(a milk product?)]N'N$hulūṭi",
                  "f": {
                    "lang": "akk-x-neoass",
                    "form": "hu-lu-ṭi",
                    "cf": "hulūṭu",
                    "gw": "(a mixed? drink)",
                    "sense": "(a milk product?)",
                    "norm": "hulūṭi",
                    "pos": "N",
                    "epos": "N"
                  }
                },
                {
                  "node": "d",
                  "type": "line-start",
                  "ref": "P335838.19",
                  "n": "3",
                  "label": "r 3"
                },
                {
                  "node": "l",
                  "frag": "{⸢dug}ma⸣-si-tu₂",
                  "id": "P335838.l055d8",
                  "ref": "P335838.19.1",
                  "inst": "massītu[drinking-pot]N",
                  "sig": "@saao/saa07%akk-x-neoass:{DUG}ma-si-tu₂=maštītu[(allowance of) drink//drinking-pot]N'N$massītu",
                  "f": {
                    "lang": "akk-x-neoass",
                    "form": "{DUG}ma-si-tu₂",
                    "cf": "maštītu",
                    "gw": "(allowance of) drink",
                    "sense": "drinking-pot",
                    "norm": "massītu",
                    "pos": "N",
                    "epos": "N"
                  }
                },
                {
                  "node": "l",
                  "frag": "mar-me-[na]",
                  "id": "P335838.l055d9",
                  "ref": "P335838.19.2",
                  "inst": "marmēna[(a milk product?)]N",
                  "sig": "@saao/saa07%akk-x-neoass:mar-me-na=marmēnu[(a drink)//(a milk product?)]N'N$marmēna",
                  "f": {
                    "lang": "akk-x-neoass",
                    "form": "mar-me-na",
                    "cf": "marmēnu",
                    "gw": "(a drink)",
                    "sense": "(a milk product?)",
                    "norm": "marmēna",
                    "pos": "N",
                    "epos": "N"
                  }
                },
                {
                  "node": "d",
                  "type": "line-start",
                  "ref": "P335838.20",
                  "n": "4",
                  "label": "r 4"
                },
                {
                  "node": "l",
                  "frag": "{⸢dug⸣}[a]-⸢ṣu⸣-du",
                  "id": "P335838.l055da",
                  "ref": "P335838.20.1",
                  "inst": "aṣūdu[(a dish of food)]N",
                  "sig": "@saao/saa07%akk-x-neoass:{DUG}a-ṣu-du=aṣūdu[(a dish of food)//(a dish of food)]N'N$aṣūdu",
                  "f": {
                    "lang": "akk-x-neoass",
                    "form": "{DUG}a-ṣu-du",
                    "cf": "aṣūdu",
                    "gw": "(a dish of food)",
                    "sense": "(a dish of food)",
                    "norm": "aṣūdu",
                    "pos": "N",
                    "epos": "N"
                  }
                },
                {
                  "node": "l",
                  "frag": "har-še",
                  "id": "P335838.l055db",
                  "ref": "P335838.20.2",
                  "inst": "harše[(a culinary dish)]N",
                  "sig": "@saao/saa07%akk-x-neoass:har-še=haršu[(a foodstuff)//(a culinary dish)]N'N$harše",
                  "f": {
                    "lang": "akk-x-neoass",
                    "form": "har-še",
                    "cf": "haršu",
                    "gw": "(a foodstuff)",
                    "sense": "(a culinary dish)",
                    "norm": "harše",
                    "pos": "N",
                    "epos": "N"
                  }
                },
                {
                  "node": "l",
                  "frag": "za-am-ri",
                  "id": "P335838.l055dc",
                  "ref": "P335838.20.3",
                  "inst": "zamri[fruit]N",
                  "sig": "@saao/saa07%akk-x-neoass:za-am-ri=azamru[fruit//fruit]N'N$zamri",
                  "f": {
                    "lang": "akk-x-neoass",
                    "form": "za-am-ri",
                    "cf": "azamru",
                    "gw": "fruit",
                    "sense": "fruit",
                    "norm": "zamri",
                    "pos": "N",
                    "epos": "N"
                  }
                },
                {
                  "node": "d",
                  "type": "line-start",
                  "ref": "P335838.21",
                  "n": "5",
                  "label": "r 5"
                },
                {
                  "node": "l",
                  "frag": "04",
                  "id": "P335838.l055dd",
                  "ref": "P335838.21.1",
                  "inst": "n",
                  "f": {
                    "lang": "akk-x-neoass",
                    "form": "04",
                    "pos": "n"
                  }
                },
                {
                  "node": "l",
                  "frag": "[sa-pu-ul-hi]",
                  "id": "P335838.l055de",
                  "ref": "P335838.21.2",
                  "inst": "sapulhī[(a container)]N",
                  "sig": "@saao/saa07%akk-x-neoass:sa-pu-ul-hi=sapulhu[(a container)//(a container)]N'N$sapulhī",
                  "f": {
                    "lang": "akk-x-neoass",
                    "form": "sa-pu-ul-hi",
                    "cf": "sapulhu",
                    "gw": "(a container)",
                    "sense": "(a container)",
                    "norm": "sapulhī",
                    "pos": "N",
                    "epos": "N"
                  }
                },
                {
                  "node": "l",
                  "frag": "1(ban₂)",
                  "id": "P335838.l055df",
                  "ref": "P335838.21.3",
                  "inst": "n",
                  "f": {
                    "lang": "akk-x-neoass",
                    "form": "1(ban₂)",
                    "pos": "n"
                  }
                },
                {
                  "node": "l",
                  "frag": "NINDA-MEŠ",
                  "id": "P335838.l055e0",
                  "ref": "P335838.21.4",
                  "inst": "kusāpī[bread]N",
                  "sig": "@saao/saa07%akk-x-neoass:NINDA-MEŠ=kusāpu[bread//bread]N'N$kusāpī",
                  "f": {
                    "lang": "akk-x-neoass",
                    "form": "NINDA-MEŠ",
                    "cf": "kusāpu",
                    "gw": "bread",
                    "sense": "bread",
                    "norm": "kusāpī",
                    "pos": "N",
                    "epos": "N"
                  }
                },
                {
                  "node": "l",
                  "frag": "⸢ši-ri-at⸣",
                  "id": "P335838.l055e1",
                  "ref": "P335838.21.5",
                  "inst": "širīʾat[(a type of bread)]AJ",
                  "sig": "@saao/saa07%akk-x-neoass:ši-ri-at=širiat[(a type of bread)//(a type of bread)]AJ'AJ$širīʾat",
                  "f": {
                    "lang": "akk-x-neoass",
                    "form": "ši-ri-at",
                    "cf": "širiat",
                    "gw": "(a type of bread)",
                    "sense": "(a type of bread)",
                    "norm": "širīʾat",
                    "pos": "AJ",
                    "epos": "AJ"
                  }
                },
                {
                  "node": "d",
                  "type": "line-start",
                  "ref": "P335838.22",
                  "n": "6",
                  "label": "r 6"
                },
                {
                  "node": "l",
                  "frag": "01",
                  "id": "P335838.l055e2",
                  "ref": "P335838.22.1",
                  "inst": "n",
                  "f": {
                    "lang": "akk-x-neoass",
                    "form": "01",
                    "pos": "n"
                  }
                },
                {
                  "node": "l",
                  "frag": "[su-lu-kan",
                  "id": "P335838.l055e3",
                  "ref": "P335838.22.2",
                  "inst": "sulukan[(a food-container)]N",
                  "sig": "@saao/saa07%akk-x-neoass:su-lu-kan=sulukannu[(a food-container)//(a food-container)]N'N$sulukan",
                  "f": {
                    "lang": "akk-x-neoass",
                    "form": "su-lu-kan",
                    "cf": "sulukannu",
                    "gw": "(a food-container)",
                    "sense": "(a food-container)",
                    "norm": "sulukan",
                    "pos": "N",
                    "epos": "N"
                  }
                },
                {
                  "node": "l",
                  "frag": "šu-ʾe]",
                  "id": "P335838.l055e4",
                  "ref": "P335838.22.3",
                  "inst": "šuʾē[chick pea]N",
                  "sig": "@saao/saa07%akk-x-neoass:šu-ʾe=šuʾu[chick-pea?//chick pea]N'N$šuʾē",
                  "f": {
                    "lang": "akk-x-neoass",
                    "form": "šu-ʾe",
                    "cf": "šuʾu",
                    "gw": "chick-pea?",
                    "sense": "chick pea",
                    "norm": "šuʾē",
                    "pos": "N",
                    "epos": "N"
                  }
                },
                {
                  "node": "l",
                  "frag": "01",
                  "id": "P335838.l055e5",
                  "ref": "P335838.22.4",
                  "inst": "n",
                  "f": {
                    "lang": "akk-x-neoass",
                    "form": "01",
                    "pos": "n"
                  }
                },
                {
                  "node": "l",
                  "frag": "su-lu-kan",
                  "id": "P335838.l055e6",
                  "ref": "P335838.22.5",
                  "inst": "sulukan[(a food-container)]N",
                  "sig": "@saao/saa07%akk-x-neoass:su-lu-kan=sulukannu[(a food-container)//(a food-container)]N'N$sulukan",
                  "f": {
                    "lang": "akk-x-neoass",
                    "form": "su-lu-kan",
                    "cf": "sulukannu",
                    "gw": "(a food-container)",
                    "sense": "(a food-container)",
                    "norm": "sulukan",
                    "pos": "N",
                    "epos": "N"
                  }
                },
                {
                  "node": "l",
                  "frag": "{še}GIŠ.I₃",
                  "id": "P335838.l055e7",
                  "ref": "P335838.22.6",
                  "inst": "+šamaššammū[sesame//sesame]N'N$šamaššammē",
                  "sig": "@saao/saa07%akk-x-neoass:{ŠE}GIŠ.I₃=šamaššammū[sesame//sesame]N'N$šamaššammē",
                  "f": {
                    "lang": "akk-x-neoass",
                    "form": "{ŠE}GIŠ.I₃",
                    "cf": "šamaššammū",
                    "gw": "sesame",
                    "sense": "sesame",
                    "norm": "šamaššammē",
                    "pos": "N",
                    "epos": "N"
                  }
                },
                {
                  "node": "d",
                  "type": "line-start",
                  "ref": "P335838.23",
                  "n": "7",
                  "label": "r 7"
                },
                {
                  "node": "l",
                  "frag": "06",
                  "id": "P335838.l055e8",
                  "ref": "P335838.23.1",
                  "inst": "n",
                  "f": {
                    "lang": "akk-x-neoass",
                    "form": "06",
                    "pos": "n"
                  }
                },
                {
                  "node": "l",
                  "frag": "⸢su⸣-[lu-kan",
                  "id": "P335838.l055e9",
                  "ref": "P335838.23.2",
                  "inst": "sulukan[(a food-container)]N",
                  "sig": "@saao/saa07%akk-x-neoass:su-lu-kan=sulukannu[(a food-container)//(a food-container)]N'N$sulukan",
                  "f": {
                    "lang": "akk-x-neoass",
                    "form": "su-lu-kan",
                    "cf": "sulukannu",
                    "gw": "(a food-container)",
                    "sense": "(a food-container)",
                    "norm": "sulukan",
                    "pos": "N",
                    "epos": "N"
                  }
                },
                {
                  "node": "l",
                  "frag": "kul-la-ni]",
                  "id": "P335838.l055ea",
                  "ref": "P335838.23.3",
                  "inst": "kullāni[nut(-kernel)]N",
                  "sig": "@saao/saa07%akk-x-neoass:kul-la-ni=kullu[nut(-kernel)//nut(-kernel)]N'N$kullāni",
                  "f": {
                    "lang": "akk-x-neoass",
                    "form": "kul-la-ni",
                    "cf": "kullu",
                    "gw": "nut(-kernel)",
                    "sense": "nut(-kernel)",
                    "norm": "kullāni",
                    "pos": "N",
                    "epos": "N"
                  }
                },
                {
                  "node": "l",
                  "frag": "{dug}qa-ZAG",
                  "id": "P335838.l055eb",
                  "ref": "P335838.23.4",
                  "inst": "qabūt[cup]N",
                  "sig": "@saao/saa07%akk-x-neoass:{DUG}qa-ZAG=qabūtu[bowl//cup]N'N$qabūt",
                  "f": {
                    "lang": "akk-x-neoass",
                    "form": "{DUG}qa-ZAG",
                    "cf": "qabūtu",
                    "gw": "bowl",
                    "sense": "cup",
                    "norm": "qabūt",
                    "pos": "N",
                    "epos": "N"
                  }
                },
                {
                  "node": "l",
                  "frag": "ṭi₂-⸢i-ṭi⸣",
                  "id": "P335838.l055ec",
                  "ref": "P335838.23.5",
                  "inst": "ṭīṭi[(a kind of beer)]N",
                  "sig": "@saao/saa07%akk-x-neoass:ṭi₂-i-ṭi=ṭīdu[clay//(a kind of beer)]N'N$ṭīṭi",
                  "f": {
                    "lang": "akk-x-neoass",
                    "form": "ṭi₂-i-ṭi",
                    "cf": "ṭīdu",
                    "gw": "clay",
                    "sense": "(a kind of beer)",
                    "norm": "ṭīṭi",
                    "pos": "N",
                    "epos": "N"
                  }
                },
                {
                  "node": "d",
                  "type": "line-start",
                  "ref": "P335838.24",
                  "n": "8",
                  "label": "r 8"
                },
                {
                  "node": "l",
                  "frag": "{dug}qa-⸢ZAG⸣",
                  "id": "P335838.l055ed",
                  "ref": "P335838.24.1",
                  "inst": "qabūt[cup]N",
                  "sig": "@saao/saa07%akk-x-neoass:{DUG}qa-ZAG=qabūtu[bowl//cup]N'N$qabūt",
                  "f": {
                    "lang": "akk-x-neoass",
                    "form": "{DUG}qa-ZAG",
                    "cf": "qabūtu",
                    "gw": "bowl",
                    "sense": "cup",
                    "norm": "qabūt",
                    "pos": "N",
                    "epos": "N"
                  }
                },
                {
                  "node": "l",
                  "frag": "[an]-⸢dah-še⸣",
                  "id": "P335838.l055ee",
                  "ref": "P335838.24.2",
                  "inst": "andahše[(a type of onion)]N",
                  "sig": "@saao/saa07%akk-x-neoass:an-dah-še=andahšu[(an alliaceous plant)//(a type of onion)]N'N$andahše",
                  "f": {
                    "lang": "akk-x-neoass",
                    "form": "an-dah-še",
                    "cf": "andahšu",
                    "gw": "(an alliaceous plant)",
                    "sense": "(a type of onion)",
                    "norm": "andahše",
                    "pos": "N",
                    "epos": "N"
                  }
                },
                {
                  "node": "l",
                  "frag": "{dug}qa-ZAG",
                  "id": "P335838.l055ef",
                  "ref": "P335838.24.3",
                  "inst": "qabūt[cup]N",
                  "sig": "@saao/saa07%akk-x-neoass:{DUG}qa-ZAG=qabūtu[bowl//cup]N'N$qabūt",
                  "f": {
                    "lang": "akk-x-neoass",
                    "form": "{DUG}qa-ZAG",
                    "cf": "qabūtu",
                    "gw": "bowl",
                    "sense": "cup",
                    "norm": "qabūt",
                    "pos": "N",
                    "epos": "N"
                  }
                },
                {
                  "node": "l",
                  "frag": "su-pur-gil₂",
                  "id": "P335838.l055f0",
                  "ref": "P335838.24.4",
                  "inst": "supurgil[quince]N",
                  "sig": "@saao/saa07%akk-x-neoass:su-pur-gil₂=supurgillu[quince//quince]N'N$supurgil",
                  "f": {
                    "lang": "akk-x-neoass",
                    "form": "su-pur-gil₂",
                    "cf": "supurgillu",
                    "gw": "quince",
                    "sense": "quince",
                    "norm": "supurgil",
                    "pos": "N",
                    "epos": "N"
                  }
                },
                {
                  "node": "d",
                  "type": "line-start",
                  "ref": "P335838.25",
                  "n": "9",
                  "label": "r 9"
                },
                {
                  "node": "l",
                  "frag": "{dug}qa-ZAG",
                  "id": "P335838.l055f1",
                  "ref": "P335838.25.1",
                  "inst": "qabūt[cup]N",
                  "sig": "@saao/saa07%akk-x-neoass:{DUG}qa-ZAG=qabūtu[bowl//cup]N'N$qabūt",
                  "f": {
                    "lang": "akk-x-neoass",
                    "form": "{DUG}qa-ZAG",
                    "cf": "qabūtu",
                    "gw": "bowl",
                    "sense": "cup",
                    "norm": "qabūt",
                    "pos": "N",
                    "epos": "N"
                  }
                },
                {
                  "node": "l",
                  "frag": "sir-di",
                  "id": "P335838.l055f2",
                  "ref": "P335838.25.2",
                  "inst": "sirdī[olive(s)]N",
                  "sig": "@saao/saa07%akk-x-neoass:sir-di=serdu[olive tree//olive(s)]N'N$sirdī",
                  "f": {
                    "lang": "akk-x-neoass",
                    "form": "sir-di",
                    "cf": "serdu",
                    "gw": "olive tree",
                    "sense": "olive(s)",
                    "norm": "sirdī",
                    "pos": "N",
                    "epos": "N"
                  }
                },
                {
                  "node": "l",
                  "frag": "{giš}sa-al-lu",
                  "id": "P335838.l055f3",
                  "ref": "P335838.25.3",
                  "inst": "sallu[basket]N",
                  "sig": "@saao/saa07%akk-x-neoass:{GIŠ}sa-al-lu=sallu[tray//basket]N'N$sallu",
                  "f": {
                    "lang": "akk-x-neoass",
                    "form": "{GIŠ}sa-al-lu",
                    "cf": "sallu",
                    "gw": "tray",
                    "sense": "basket",
                    "norm": "sallu",
                    "pos": "N",
                    "epos": "N"
                  }
                },
                {
                  "node": "l",
                  "frag": "za-am-ri",
                  "id": "P335838.l055f4",
                  "ref": "P335838.25.4",
                  "inst": "zamri[fruit]N",
                  "sig": "@saao/saa07%akk-x-neoass:za-am-ri=azamru[fruit//fruit]N'N$zamri",
                  "f": {
                    "lang": "akk-x-neoass",
                    "form": "za-am-ri",
                    "cf": "azamru",
                    "gw": "fruit",
                    "sense": "fruit",
                    "norm": "zamri",
                    "pos": "N",
                    "epos": "N"
                  }
                },
                {
                  "node": "d",
                  "type": "line-start",
                  "ref": "P335838.26",
                  "n": "10",
                  "label": "r 10"
                },
                {
                  "node": "l",
                  "frag": "{dug}ša₂-za-mu-u",
                  "id": "P335838.l055f5",
                  "ref": "P335838.26.1",
                  "inst": "šazamû[wine flask]N",
                  "sig": "@saao/saa07%akk-x-neoass:{DUG}ša₂-za-mu-u=šazamû[Zamuan (wine-jar)//wine flask]N'N$šazamû",
                  "f": {
                    "lang": "akk-x-neoass",
                    "form": "{DUG}ša₂-za-mu-u",
                    "cf": "šazamû",
                    "gw": "Zamuan (wine-jar)",
                    "sense": "wine flask",
                    "norm": "šazamû",
                    "pos": "N",
                    "epos": "N"
                  }
                },
                {
                  "node": "l",
                  "frag": "GEŠTIN",
                  "id": "P335838.l055f6",
                  "ref": "P335838.26.2",
                  "inst": "karāni[wine]N",
                  "sig": "@saao/saa07%akk-x-neoass:GEŠTIN=karānu[vine//wine]N'N$karāni",
                  "f": {
                    "lang": "akk-x-neoass",
                    "form": "GEŠTIN",
                    "cf": "karānu",
                    "gw": "vine",
                    "sense": "wine",
                    "norm": "karāni",
                    "pos": "N",
                    "epos": "N"
                  }
                },
                {
                  "node": "l",
                  "frag": "me-zi",
                  "id": "P335838.l055f7",
                  "ref": "P335838.26.3",
                  "inst": "mēzi[(a kind of wine)]N",
                  "sig": "@saao/saa07%akk-x-neoass:me-zi=mizʾu[(a sweet alcoholic drink)//(a kind of wine)]N'N$mēzi",
                  "f": {
                    "lang": "akk-x-neoass",
                    "form": "me-zi",
                    "cf": "mizʾu",
                    "gw": "(a sweet alcoholic drink)",
                    "sense": "(a kind of wine)",
                    "norm": "mēzi",
                    "pos": "N",
                    "epos": "N"
                  }
                },
                {
                  "node": "d",
                  "type": "line-start",
                  "ref": "P335838.27",
                  "n": "11",
                  "label": "r 11"
                },
                {
                  "node": "l",
                  "frag": "{dug}ša₂-za-mu-u",
                  "id": "P335838.l055f8",
                  "ref": "P335838.27.1",
                  "inst": "šazamû[wine flask]N",
                  "sig": "@saao/saa07%akk-x-neoass:{DUG}ša₂-za-mu-u=šazamû[Zamuan (wine-jar)//wine flask]N'N$šazamû",
                  "f": {
                    "lang": "akk-x-neoass",
                    "form": "{DUG}ša₂-za-mu-u",
                    "cf": "šazamû",
                    "gw": "Zamuan (wine-jar)",
                    "sense": "wine flask",
                    "norm": "šazamû",
                    "pos": "N",
                    "epos": "N"
                  }
                },
                {
                  "node": "l",
                  "frag": "GEŠTIN",
                  "id": "P335838.l055f9",
                  "ref": "P335838.27.2",
                  "inst": "karāni[wine]N",
                  "sig": "@saao/saa07%akk-x-neoass:GEŠTIN=karānu[vine//wine]N'N$karāni",
                  "f": {
                    "lang": "akk-x-neoass",
                    "form": "GEŠTIN",
                    "cf": "karānu",
                    "gw": "vine",
                    "sense": "wine",
                    "norm": "karāni",
                    "pos": "N",
                    "epos": "N"
                  }
                },
                {
                  "node": "l",
                  "frag": "la-ʾe-e",
                  "id": "P335838.l055fa",
                  "ref": "P335838.27.3",
                  "inst": "+laʾu[(a qualification of wine)]AJ$lāʾe",
                  "sig": "@saao/saa07%akk-x-neoass:la-ʾe-e=laʾu[(a qualification of wine)//(a qualification of wine)]AJ'AJ$lāʾe",
                  "f": {
                    "lang": "akk-x-neoass",
                    "form": "la-ʾe-e",
                    "cf": "laʾu",
                    "gw": "(a qualification of wine)",
                    "sense": "(a qualification of wine)",
                    "norm": "lāʾe",
                    "pos": "AJ",
                    "epos": "AJ"
                  }
                },
                {
                  "node": "d",
                  "type": "line-start",
                  "ref": "P335838.28",
                  "n": "12",
                  "label": "r 12"
                },
                {
                  "node": "l",
                  "frag": "⸢ša",
                  "id": "P335838.l055fb",
                  "ref": "P335838.28.1",
                  "inst": "ša[of]DET",
                  "sig": "@saao/saa07%akk-x-neoass:ša=ša[of//those of]DET'DET$ša",
                  "f": {
                    "lang": "akk-x-neoass",
                    "form": "ša",
                    "cf": "ša",
                    "gw": "of",
                    "sense": "those of",
                    "norm": "ša",
                    "pos": "DET",
                    "epos": "DET"
                  }
                },
                {
                  "node": "l",
                  "frag": "qur⸣-[še",
                  "id": "P335838.l055fc",
                  "ref": "P335838.28.2",
                  "inst": "qurše[wedding night]N",
                  "sig": "@saao/saa07%akk-x-neoass:qur-še=guršu[chapel//wedding night]N'N$qurše",
                  "f": {
                    "lang": "akk-x-neoass",
                    "form": "qur-še",
                    "cf": "guršu",
                    "gw": "chapel",
                    "sense": "wedding night",
                    "norm": "qurše",
                    "pos": "N",
                    "epos": "N"
                  }
                },
                {
                  "node": "l",
                  "frag": "{d}NIN.LIL₂]",
                  "id": "P335838.l055fd",
                  "ref": "P335838.28.3",
                  "inst": "Mullissi[1]DN",
                  "sig": "@saao/saa07%akk-x-neoass:{d}NIN.LIL₂=Mullissu[1//1]DN'DN$Mullissi",
                  "f": {
                    "lang": "akk-x-neoass",
                    "form": "{d}NIN.LIL₂",
                    "cf": "Mullissu",
                    "gw": "1",
                    "sense": "1",
                    "norm": "Mullissi",
                    "pos": "DN",
                    "epos": "DN"
                  }
                },
                {
                  "node": "l",
                  "frag": "⸢ša",
                  "id": "P335838.l055fe",
                  "ref": "P335838.28.4",
                  "inst": "ša[of]DET",
                  "sig": "@saao/saa07%akk-x-neoass:ša=ša[of//those of]DET'DET$ša",
                  "f": {
                    "lang": "akk-x-neoass",
                    "form": "ša",
                    "cf": "ša",
                    "gw": "of",
                    "sense": "those of",
                    "norm": "ša",
                    "pos": "DET",
                    "epos": "DET"
                  }
                },
                {
                  "node": "c",
                  "type": "phrase",
                  "tag": "phr",
                  "id": "P335838.U4",
                  "ref": "P335838.ls00000",
                  "cdl": [
                    {
                      "node": "l",
                      "frag": "DUMU-MAN⸣",
                      "id": "P335838.l055ff",
                      "ref": "P335838.28.5",
                      "cof-tails": "P335838.l05600",
                      "inst": "mār[son+=crown prince]N&šarri[king]N",
                      "sig": "@saao/saa07%akk-x-neoass:DUMU-MAN=māru[son//son]N'N$mār&&@saao/saa07%akk-x-neoass:=šarru[king//king]N'N$šarri",
                      "f": {
                        "lang": "akk-x-neoass",
                        "form": "DUMU-MAN",
                        "cf": "māru",
                        "gw": "son",
                        "sense": "son",
                        "norm": "mār",
                        "pos": "N",
                        "epos": "N"
                      }
                    },
                    {
                      "node": "l",
                      "frag": "DUMU-MAN⸣",
                      "id": "P335838.l05600",
                      "ref": "P335838.28.5",
                      "cof-head": "P335838.l055ff",
                      "inst": "mār[son+=crown prince]N&šarri[king]N",
                      "tail-sig": "@saao/saa07%akk-x-neoass:=šarru[king//king]N'N$šarri",
                      "f": {
                        "lang": "akk-x-neoass",
                        "form": "DUMU-MAN",
                        "cf": "šarru",
                        "gw": "king",
                        "sense": "king",
                        "norm": "šarri",
                        "pos": "N",
                        "epos": "N"
                      }
                    }
                  ]
                },
                {
                  "node": "d",
                  "type": "nonx",
                  "ref": "P335838.29",
                  "strict": "0",
                  "extent": "rest",
                  "state": "missing"
                }
              ]
            }
          ]
        }
      ]
    },
    {
      "linkbase": [
        {
          "type": "linkset",
          "xlink_title": "mār šarri[crown prince//crown prince]N'N",
          "id": "P335838.ls00000",
          "xlink_type": "extended",
          "xlink_role": "psu",
          "sig": "{DUMU-LUGAL = māru[son]N šarru[king]N += mār šarri[crown prince//crown prince]N'N}::@saao/saa10%akk-x-neoass:DUMU-LUGAL=māru[son//son]N'N$mār++@saao/saa10%akk-x-neoass:DUMU-LUGAL=šarru[king//king]N'N$šarri",
          "links": [
            {
              "type": "link",
              "xlink_title": "mār",
              "xlink_type": "locator",
              "xlink_href": "#P335838.l055ff",
              "xlink_role": "elt"
            },
            {
              "type": "link",
              "xlink_title": "šarri",
              "xlink_type": "locator",
              "xlink_href": "#P335838.l05600",
              "xlink_role": "elt"
            }
          ]
        }
      ]
    }
  ]
}
