{
  "type": "cdl",
  "source": "http://oracc.org/saao/saa07",
  "license": "This data is released under the CC0 license",
  "license-url": "https://creativecommons.org/publicdomain/zero/1.0/",
  "more-info": "http://oracc.org/doc/opendata/",
  "UTC-timestamp": "2017-06-10T00:43:48",
  "project": "saao/saa07",
  "textid": "P335786",
  "cdl": [
    {
      "node": "c",
      "type": "text",
      "id": "P335786.U0",
      "cdl": [
        {
          "node": "d",
          "type": "object",
          "ref": ""
        },
        {
          "node": "d",
          "subtype": "obverse",
          "type": "obverse",
          "ref": "P335786.o.1",
          "label": "o"
        },
        {
          "node": "d",
          "type": "nonx",
          "ref": "P335786.2",
          "strict": "0",
          "extent": "beginning",
          "state": "missing"
        },
        {
          "node": "c",
          "type": "discourse",
          "subtype": "body",
          "id": "P335786.U1",
          "cdl": [
            {
              "node": "c",
              "type": "sentence",
              "id": "P335786.U2",
              "label": "o 1' - r 13",
              "cdl": [
                {
                  "node": "d",
                  "type": "line-start",
                  "ref": "P335786.3",
                  "n": "1'",
                  "label": "o 1'"
                },
                {
                  "node": "l",
                  "frag": "04",
                  "id": "P335786.l02aa7",
                  "ref": "P335786.3.1",
                  "inst": "n",
                  "f": {
                    "lang": "akk-x-neoass",
                    "form": "04",
                    "pos": "n"
                  }
                },
                {
                  "node": "l",
                  "frag": "{tug₂}[x",
                  "id": "P335786.l02aa8",
                  "ref": "P335786.3.2",
                  "inst": "u",
                  "f": {
                    "lang": "akk-x-neoass",
                    "form": "{TUG₂}x",
                    "pos": "u"
                  }
                },
                {
                  "node": "l",
                  "frag": "x",
                  "id": "P335786.l02aa9",
                  "ref": "P335786.3.3",
                  "inst": "u",
                  "f": {
                    "lang": "akk-x-neoass",
                    "form": "x",
                    "pos": "u"
                  }
                },
                {
                  "node": "l",
                  "frag": "x",
                  "id": "P335786.l02aaa",
                  "ref": "P335786.3.4",
                  "inst": "u",
                  "f": {
                    "lang": "akk-x-neoass",
                    "form": "x",
                    "pos": "u"
                  }
                },
                {
                  "node": "l",
                  "frag": "x",
                  "id": "P335786.l02aab",
                  "ref": "P335786.3.5",
                  "inst": "u",
                  "f": {
                    "lang": "akk-x-neoass",
                    "form": "x",
                    "pos": "u"
                  }
                },
                {
                  "node": "l",
                  "frag": "x",
                  "id": "P335786.l02aac",
                  "ref": "P335786.3.6",
                  "inst": "u",
                  "f": {
                    "lang": "akk-x-neoass",
                    "form": "x",
                    "pos": "u"
                  }
                },
                {
                  "node": "l",
                  "frag": "x]",
                  "id": "P335786.l02aad",
                  "ref": "P335786.3.7",
                  "inst": "u",
                  "f": {
                    "lang": "akk-x-neoass",
                    "form": "x",
                    "pos": "u"
                  }
                },
                {
                  "node": "d",
                  "type": "line-start",
                  "ref": "P335786.4",
                  "n": "2'",
                  "label": "o 2'"
                },
                {
                  "node": "l",
                  "frag": "02",
                  "id": "P335786.l02aae",
                  "ref": "P335786.4.1",
                  "inst": "n",
                  "f": {
                    "lang": "akk-x-neoass",
                    "form": "02",
                    "pos": "n"
                  }
                },
                {
                  "node": "l",
                  "frag": "{tug₂}⸢SI⸣.[LUH",
                  "id": "P335786.l02aaf",
                  "ref": "P335786.4.2",
                  "inst": "+siluh[(a textile, reading uncertain)]N$",
                  "sig": "@saao/saa07%akk-x-neoass:{TUG₂}SI.LUH=siluh[(a textile, reading uncertain)//(a textile, reading uncertain)]N'N$siluh",
                  "f": {
                    "lang": "akk-x-neoass",
                    "form": "{TUG₂}SI.LUH",
                    "cf": "siluh",
                    "gw": "(a textile, reading uncertain)",
                    "sense": "(a textile, reading uncertain)",
                    "norm": "siluh",
                    "pos": "N",
                    "epos": "N"
                  }
                },
                {
                  "node": "l",
                  "frag": "x",
                  "id": "P335786.l02ab0",
                  "ref": "P335786.4.3",
                  "inst": "u",
                  "f": {
                    "lang": "akk-x-neoass",
                    "form": "x",
                    "pos": "u"
                  }
                },
                {
                  "node": "l",
                  "frag": "x",
                  "id": "P335786.l02ab1",
                  "ref": "P335786.4.4",
                  "inst": "u",
                  "f": {
                    "lang": "akk-x-neoass",
                    "form": "x",
                    "pos": "u"
                  }
                },
                {
                  "node": "l",
                  "frag": "x",
                  "id": "P335786.l02ab2",
                  "ref": "P335786.4.5",
                  "inst": "u",
                  "f": {
                    "lang": "akk-x-neoass",
                    "form": "x",
                    "pos": "u"
                  }
                },
                {
                  "node": "l",
                  "frag": "x]",
                  "id": "P335786.l02ab3",
                  "ref": "P335786.4.6",
                  "inst": "u",
                  "f": {
                    "lang": "akk-x-neoass",
                    "form": "x",
                    "pos": "u"
                  }
                },
                {
                  "node": "d",
                  "type": "line-start",
                  "ref": "P335786.5",
                  "n": "3'",
                  "label": "o 3'"
                },
                {
                  "node": "l",
                  "frag": "03",
                  "id": "P335786.l02ab4",
                  "ref": "P335786.5.1",
                  "inst": "n",
                  "f": {
                    "lang": "akk-x-neoass",
                    "form": "03",
                    "pos": "n"
                  }
                },
                {
                  "node": "l",
                  "frag": "{tug₂}ur-[nat",
                  "id": "P335786.l02ab5",
                  "ref": "P335786.5.2",
                  "inst": "urnat[(a garment)]N",
                  "sig": "@saao/saa07%akk-x-neoass:{TUG₂}ur-nat=urnatu[(a garment)//(a garment)]N'N$urnat",
                  "f": {
                    "lang": "akk-x-neoass",
                    "form": "{TUG₂}ur-nat",
                    "cf": "urnatu",
                    "gw": "(a garment)",
                    "sense": "(a garment)",
                    "norm": "urnat",
                    "pos": "N",
                    "epos": "N"
                  }
                },
                {
                  "node": "l",
                  "frag": "x",
                  "id": "P335786.l02ab6",
                  "ref": "P335786.5.3",
                  "inst": "u",
                  "f": {
                    "lang": "akk-x-neoass",
                    "form": "x",
                    "pos": "u"
                  }
                },
                {
                  "node": "l",
                  "frag": "x",
                  "id": "P335786.l02ab7",
                  "ref": "P335786.5.4",
                  "inst": "u",
                  "f": {
                    "lang": "akk-x-neoass",
                    "form": "x",
                    "pos": "u"
                  }
                },
                {
                  "node": "l",
                  "frag": "x",
                  "id": "P335786.l02ab8",
                  "ref": "P335786.5.5",
                  "inst": "u",
                  "f": {
                    "lang": "akk-x-neoass",
                    "form": "x",
                    "pos": "u"
                  }
                },
                {
                  "node": "l",
                  "frag": "x",
                  "id": "P335786.l02ab9",
                  "ref": "P335786.5.6",
                  "inst": "u",
                  "f": {
                    "lang": "akk-x-neoass",
                    "form": "x",
                    "pos": "u"
                  }
                },
                {
                  "node": "l",
                  "frag": "x]",
                  "id": "P335786.l02aba",
                  "ref": "P335786.5.7",
                  "inst": "u",
                  "f": {
                    "lang": "akk-x-neoass",
                    "form": "x",
                    "pos": "u"
                  }
                },
                {
                  "node": "d",
                  "type": "nonx",
                  "ref": "P335786.6",
                  "strict": "1",
                  "extent": "3",
                  "scope": "line",
                  "state": "blank"
                },
                {
                  "node": "d",
                  "type": "line-start",
                  "ref": "P335786.7",
                  "n": "4'",
                  "label": "o 4'"
                },
                {
                  "node": "l",
                  "frag": "02",
                  "id": "P335786.l02abb",
                  "ref": "P335786.7.1",
                  "inst": "n",
                  "f": {
                    "lang": "akk-x-neoass",
                    "form": "02",
                    "pos": "n"
                  }
                },
                {
                  "node": "l",
                  "frag": "{tug₂}KI-hal-pat",
                  "id": "P335786.l02abc",
                  "ref": "P335786.7.2",
                  "inst": "+šupālītu-halluptu[reinforced lower garment]N$šupālītu-halpat",
                  "sig": "@saao/saa07%akk-x-neoass:{TUG₂}KI-hal-pat=šupālītu-halluptu[reinforced lower garment//reinforced lower garment]N'N$šupālītu-halpat",
                  "f": {
                    "lang": "akk-x-neoass",
                    "form": "{TUG₂}KI-hal-pat",
                    "cf": "šupālītu-halluptu",
                    "gw": "reinforced lower garment",
                    "sense": "reinforced lower garment",
                    "norm": "šupālītu-halpat",
                    "pos": "N",
                    "epos": "N"
                  }
                },
                {
                  "node": "l",
                  "frag": "⸢bir-še⸣",
                  "id": "P335786.l02abd",
                  "ref": "P335786.7.3",
                  "inst": "+biršu[felt//felted]N'AJ$birše",
                  "sig": "@saao/saa07%akk-x-neoass:bir-še=biršu[felt//felted]N'AJ$birše",
                  "f": {
                    "lang": "akk-x-neoass",
                    "form": "bir-še",
                    "cf": "biršu",
                    "gw": "felt",
                    "sense": "felted",
                    "norm": "birše",
                    "pos": "N",
                    "epos": "AJ"
                  }
                },
                {
                  "node": "l",
                  "frag": "[x",
                  "id": "P335786.l02abe",
                  "ref": "P335786.7.4",
                  "inst": "u",
                  "f": {
                    "lang": "akk-x-neoass",
                    "form": "x",
                    "pos": "u"
                  }
                },
                {
                  "node": "l",
                  "frag": "x]",
                  "id": "P335786.l02abf",
                  "ref": "P335786.7.5",
                  "inst": "u",
                  "f": {
                    "lang": "akk-x-neoass",
                    "form": "x",
                    "pos": "u"
                  }
                },
                {
                  "node": "d",
                  "type": "line-start",
                  "ref": "P335786.8",
                  "n": "5'",
                  "label": "o 5'"
                },
                {
                  "node": "l",
                  "frag": "03",
                  "id": "P335786.l02ac0",
                  "ref": "P335786.8.1",
                  "inst": "n",
                  "f": {
                    "lang": "akk-x-neoass",
                    "form": "03",
                    "pos": "n"
                  }
                },
                {
                  "node": "l",
                  "frag": "{tug₂}KI-hal-pat",
                  "id": "P335786.l02ac1",
                  "ref": "P335786.8.2",
                  "inst": "+šupālītu-halluptu[reinforced lower garment]N$šupālītu-halpat",
                  "sig": "@saao/saa07%akk-x-neoass:{TUG₂}KI-hal-pat=šupālītu-halluptu[reinforced lower garment//reinforced lower garment]N'N$šupālītu-halpat",
                  "f": {
                    "lang": "akk-x-neoass",
                    "form": "{TUG₂}KI-hal-pat",
                    "cf": "šupālītu-halluptu",
                    "gw": "reinforced lower garment",
                    "sense": "reinforced lower garment",
                    "norm": "šupālītu-halpat",
                    "pos": "N",
                    "epos": "N"
                  }
                },
                {
                  "node": "d",
                  "frag": ":.",
                  "type": "punct",
                  "ref": "P335786.8.3",
                  "lang": "akk-x-neoass",
                  "gdl_delim": " "
                },
                {
                  "node": "l",
                  "frag": "[x",
                  "id": "P335786.l02ac2",
                  "ref": "P335786.8.4",
                  "inst": "u",
                  "f": {
                    "lang": "akk-x-neoass",
                    "form": "x",
                    "pos": "u"
                  }
                },
                {
                  "node": "l",
                  "frag": "x]",
                  "id": "P335786.l02ac3",
                  "ref": "P335786.8.5",
                  "inst": "u",
                  "f": {
                    "lang": "akk-x-neoass",
                    "form": "x",
                    "pos": "u"
                  }
                },
                {
                  "node": "d",
                  "type": "line-start",
                  "ref": "P335786.9",
                  "n": "6'",
                  "label": "o 6'"
                },
                {
                  "node": "l",
                  "frag": "03",
                  "id": "P335786.l02ac4",
                  "ref": "P335786.9.1",
                  "inst": "n",
                  "f": {
                    "lang": "akk-x-neoass",
                    "form": "03",
                    "pos": "n"
                  }
                },
                {
                  "node": "l",
                  "frag": "{tug₂}na-ṣa-bat",
                  "id": "P335786.l02ac5",
                  "ref": "P335786.9.2",
                  "inst": "naṣabat[(a coat)]N",
                  "sig": "@saao/saa07%akk-x-neoass:{TUG₂}na-ṣa-bat=naṣbatu[(a coat)//(a coat)]N'N$naṣabat",
                  "f": {
                    "lang": "akk-x-neoass",
                    "form": "{TUG₂}na-ṣa-bat",
                    "cf": "naṣbatu",
                    "gw": "(a coat)",
                    "sense": "(a coat)",
                    "norm": "naṣabat",
                    "pos": "N",
                    "epos": "N"
                  }
                },
                {
                  "node": "d",
                  "frag": ":.",
                  "type": "punct",
                  "ref": "P335786.9.3",
                  "lang": "akk-x-neoass",
                  "gdl_delim": " "
                },
                {
                  "node": "l",
                  "frag": "[x",
                  "id": "P335786.l02ac6",
                  "ref": "P335786.9.4",
                  "inst": "u",
                  "f": {
                    "lang": "akk-x-neoass",
                    "form": "x",
                    "pos": "u"
                  }
                },
                {
                  "node": "l",
                  "frag": "x",
                  "id": "P335786.l02ac7",
                  "ref": "P335786.9.5",
                  "inst": "u",
                  "f": {
                    "lang": "akk-x-neoass",
                    "form": "x",
                    "pos": "u"
                  }
                },
                {
                  "node": "l",
                  "frag": "x]",
                  "id": "P335786.l02ac8",
                  "ref": "P335786.9.6",
                  "inst": "u",
                  "f": {
                    "lang": "akk-x-neoass",
                    "form": "x",
                    "pos": "u"
                  }
                },
                {
                  "node": "d",
                  "type": "line-start",
                  "ref": "P335786.10",
                  "n": "7'",
                  "label": "o 7'"
                },
                {
                  "node": "l",
                  "frag": "03",
                  "id": "P335786.l02ac9",
                  "ref": "P335786.10.1",
                  "inst": "n",
                  "f": {
                    "lang": "akk-x-neoass",
                    "form": "03",
                    "pos": "n"
                  }
                },
                {
                  "node": "l",
                  "frag": "{tug₂}qir-me",
                  "id": "P335786.l02aca",
                  "ref": "P335786.10.2",
                  "inst": "+qermu[(a garment)//overcoat]N'N$qirmē",
                  "sig": "@saao/saa07%akk-x-neoass:{TUG₂}qir-me=qermu[(a garment)//overcoat]N'N$qirmē",
                  "f": {
                    "lang": "akk-x-neoass",
                    "form": "{TUG₂}qir-me",
                    "cf": "qermu",
                    "gw": "(a garment)",
                    "sense": "overcoat",
                    "norm": "qirmē",
                    "pos": "N",
                    "epos": "N"
                  }
                },
                {
                  "node": "l",
                  "frag": "ZAG",
                  "id": "P335786.l02acb",
                  "ref": "P335786.10.3",
                  "inst": "+pūtu[forehead//front]N'N$",
                  "sig": "@saao/saa07%akk-x-neoass:ZAG=pūtu[forehead//front]N'N$pūtu",
                  "f": {
                    "lang": "akk-x-neoass",
                    "form": "ZAG",
                    "cf": "pūtu",
                    "gw": "forehead",
                    "sense": "front",
                    "norm": "pūtu",
                    "pos": "N",
                    "epos": "N"
                  }
                },
                {
                  "node": "l",
                  "frag": "SA₅",
                  "id": "P335786.l02acc",
                  "ref": "P335786.10.4",
                  "inst": "sāntu[red]AJ",
                  "sig": "@saao/saa07%akk-x-neoass:SA₅=sāmu[red//red]AJ'AJ$sāntu",
                  "f": {
                    "lang": "akk-x-neoass",
                    "form": "SA₅",
                    "cf": "sāmu",
                    "gw": "red",
                    "sense": "red",
                    "norm": "sāntu",
                    "pos": "AJ",
                    "epos": "AJ"
                  }
                },
                {
                  "node": "l",
                  "frag": "[x",
                  "id": "P335786.l02acd",
                  "ref": "P335786.10.5",
                  "inst": "u",
                  "f": {
                    "lang": "akk-x-neoass",
                    "form": "x",
                    "pos": "u"
                  }
                },
                {
                  "node": "l",
                  "frag": "x]",
                  "id": "P335786.l02ace",
                  "ref": "P335786.10.6",
                  "inst": "u",
                  "f": {
                    "lang": "akk-x-neoass",
                    "form": "x",
                    "pos": "u"
                  }
                },
                {
                  "node": "d",
                  "type": "line-start",
                  "ref": "P335786.11",
                  "n": "8'",
                  "label": "o 8'"
                },
                {
                  "node": "l",
                  "frag": "01",
                  "id": "P335786.l02acf",
                  "ref": "P335786.11.1",
                  "inst": "n",
                  "f": {
                    "lang": "akk-x-neoass",
                    "form": "01",
                    "pos": "n"
                  }
                },
                {
                  "node": "l",
                  "frag": "{tug₂}[qar]-PA",
                  "id": "P335786.l02ad0",
                  "ref": "P335786.11.2",
                  "inst": "qarrāru[bedspread]N",
                  "sig": "@saao/saa07%akk-x-neoass:{TUG₂}qar-PA=qarrāru[(a garment)//bedspread]N'N$qarrāru",
                  "f": {
                    "lang": "akk-x-neoass",
                    "form": "{TUG₂}qar-PA",
                    "cf": "qarrāru",
                    "gw": "(a garment)",
                    "sense": "bedspread",
                    "norm": "qarrāru",
                    "pos": "N",
                    "epos": "N"
                  }
                },
                {
                  "node": "l",
                  "frag": "si",
                  "id": "P335786.l02ad1",
                  "ref": "P335786.11.3",
                  "inst": "u",
                  "f": {
                    "lang": "akk-x-neoass",
                    "form": "si",
                    "pos": "u"
                  }
                },
                {
                  "node": "l",
                  "frag": "⸢x⸣+[x",
                  "id": "P335786.l02ad2",
                  "ref": "P335786.11.4",
                  "inst": "u",
                  "f": {
                    "lang": "akk-x-neoass",
                    "form": "x+x",
                    "pos": "u"
                  }
                },
                {
                  "node": "l",
                  "frag": "x",
                  "id": "P335786.l02ad3",
                  "ref": "P335786.11.5",
                  "inst": "u",
                  "f": {
                    "lang": "akk-x-neoass",
                    "form": "x",
                    "pos": "u"
                  }
                },
                {
                  "node": "l",
                  "frag": "x]",
                  "id": "P335786.l02ad4",
                  "ref": "P335786.11.6",
                  "inst": "u",
                  "f": {
                    "lang": "akk-x-neoass",
                    "form": "x",
                    "pos": "u"
                  }
                },
                {
                  "node": "d",
                  "type": "line-start",
                  "ref": "P335786.12",
                  "n": "9'",
                  "label": "o 9'"
                },
                {
                  "node": "l",
                  "frag": "06",
                  "id": "P335786.l02ad5",
                  "ref": "P335786.12.1",
                  "inst": "n",
                  "f": {
                    "lang": "akk-x-neoass",
                    "form": "06",
                    "pos": "n"
                  }
                },
                {
                  "node": "l",
                  "frag": "{tug₂}dap₂-pa-sat",
                  "id": "P335786.l02ad6",
                  "ref": "P335786.12.2",
                  "inst": "dappasāt[blanket]N",
                  "sig": "@saao/saa07%akk-x-neoass:{TUG₂}dap₂-pa-sat=tappaštu[(a woollen rug)//blanket]N'N$dappasāt",
                  "f": {
                    "lang": "akk-x-neoass",
                    "form": "{TUG₂}dap₂-pa-sat",
                    "cf": "tappaštu",
                    "gw": "(a woollen rug)",
                    "sense": "blanket",
                    "norm": "dappasāt",
                    "pos": "N",
                    "epos": "N"
                  }
                },
                {
                  "node": "l",
                  "frag": "{giš}⸢NA₂⸣",
                  "id": "P335786.l02ad7",
                  "ref": "P335786.12.3",
                  "inst": "erši[bed]N",
                  "sig": "@saao/saa07%akk-x-neoass:{GIŠ}NA₂=eršu[bed//bed]N'N$erši",
                  "f": {
                    "lang": "akk-x-neoass",
                    "form": "{GIŠ}NA₂",
                    "cf": "eršu",
                    "gw": "bed",
                    "sense": "bed",
                    "norm": "erši",
                    "pos": "N",
                    "epos": "N"
                  }
                },
                {
                  "node": "l",
                  "frag": "[x",
                  "id": "P335786.l02ad8",
                  "ref": "P335786.12.4",
                  "inst": "u",
                  "f": {
                    "lang": "akk-x-neoass",
                    "form": "x",
                    "pos": "u"
                  }
                },
                {
                  "node": "l",
                  "frag": "x]",
                  "id": "P335786.l02ad9",
                  "ref": "P335786.12.5",
                  "inst": "u",
                  "f": {
                    "lang": "akk-x-neoass",
                    "form": "x",
                    "pos": "u"
                  }
                },
                {
                  "node": "d",
                  "type": "line-start",
                  "ref": "P335786.13",
                  "n": "10'",
                  "label": "o 10'"
                },
                {
                  "node": "l",
                  "frag": "05",
                  "id": "P335786.l02ada",
                  "ref": "P335786.13.1",
                  "inst": "n",
                  "f": {
                    "lang": "akk-x-neoass",
                    "form": "05",
                    "pos": "n"
                  }
                },
                {
                  "node": "l",
                  "frag": "{tug₂}ur-nat",
                  "id": "P335786.l02adb",
                  "ref": "P335786.13.2",
                  "inst": "urnat[(a garment)]N",
                  "sig": "@saao/saa07%akk-x-neoass:{TUG₂}ur-nat=urnatu[(a garment)//(a garment)]N'N$urnat",
                  "f": {
                    "lang": "akk-x-neoass",
                    "form": "{TUG₂}ur-nat",
                    "cf": "urnatu",
                    "gw": "(a garment)",
                    "sense": "(a garment)",
                    "norm": "urnat",
                    "pos": "N",
                    "epos": "N"
                  }
                },
                {
                  "node": "l",
                  "frag": "bir-še",
                  "id": "P335786.l02adc",
                  "ref": "P335786.13.3",
                  "inst": "birše[felted]'AJ",
                  "sig": "@saao/saa07%akk-x-neoass:bir-še=biršu[felt//felted]N'AJ$birše",
                  "f": {
                    "lang": "akk-x-neoass",
                    "form": "bir-še",
                    "cf": "biršu",
                    "gw": "felt",
                    "sense": "felted",
                    "norm": "birše",
                    "pos": "N",
                    "epos": "AJ"
                  }
                },
                {
                  "node": "l",
                  "frag": "ZAG",
                  "id": "P335786.l02add",
                  "ref": "P335786.13.4",
                  "inst": "+pūtu[forehead//front]N'N$",
                  "sig": "@saao/saa07%akk-x-neoass:ZAG=pūtu[forehead//front]N'N$pūtu",
                  "f": {
                    "lang": "akk-x-neoass",
                    "form": "ZAG",
                    "cf": "pūtu",
                    "gw": "forehead",
                    "sense": "front",
                    "norm": "pūtu",
                    "pos": "N",
                    "epos": "N"
                  }
                },
                {
                  "node": "l",
                  "frag": "SA₅",
                  "id": "P335786.l02ade",
                  "ref": "P335786.13.5",
                  "inst": "sāntu[red]AJ",
                  "sig": "@saao/saa07%akk-x-neoass:SA₅=sāmu[red//red]AJ'AJ$sāntu",
                  "f": {
                    "lang": "akk-x-neoass",
                    "form": "SA₅",
                    "cf": "sāmu",
                    "gw": "red",
                    "sense": "red",
                    "norm": "sāntu",
                    "pos": "AJ",
                    "epos": "AJ"
                  }
                },
                {
                  "node": "l",
                  "frag": "KAR",
                  "id": "P335786.l02adf",
                  "ref": "P335786.13.6",
                  "inst": "kāri[quay]N",
                  "sig": "@saao/saa07%akk-x-neoass:KAR=kāru[quay//quay]N'N$kāri",
                  "f": {
                    "lang": "akk-x-neoass",
                    "form": "KAR",
                    "cf": "kāru",
                    "gw": "quay",
                    "sense": "quay",
                    "norm": "kāri",
                    "pos": "N",
                    "epos": "N"
                  }
                },
                {
                  "node": "l",
                  "frag": "[x",
                  "id": "P335786.l02ae0",
                  "ref": "P335786.13.7",
                  "inst": "u",
                  "f": {
                    "lang": "akk-x-neoass",
                    "form": "x",
                    "pos": "u"
                  }
                },
                {
                  "node": "l",
                  "frag": "(x)]",
                  "id": "P335786.l02ae1",
                  "ref": "P335786.13.8",
                  "inst": "u",
                  "f": {
                    "lang": "akk-x-neoass",
                    "form": "x",
                    "pos": "u"
                  }
                },
                {
                  "node": "d",
                  "type": "line-start",
                  "ref": "P335786.14",
                  "n": "11'",
                  "label": "o 11'"
                },
                {
                  "node": "l",
                  "frag": "04",
                  "id": "P335786.l02ae2",
                  "ref": "P335786.14.1",
                  "inst": "n",
                  "f": {
                    "lang": "akk-x-neoass",
                    "form": "04",
                    "pos": "n"
                  }
                },
                {
                  "node": "l",
                  "frag": "{tug₂}na-ṣa-bat",
                  "id": "P335786.l02ae3",
                  "ref": "P335786.14.2",
                  "inst": "naṣabat[(a coat)]N",
                  "sig": "@saao/saa07%akk-x-neoass:{TUG₂}na-ṣa-bat=naṣbatu[(a coat)//(a coat)]N'N$naṣabat",
                  "f": {
                    "lang": "akk-x-neoass",
                    "form": "{TUG₂}na-ṣa-bat",
                    "cf": "naṣbatu",
                    "gw": "(a coat)",
                    "sense": "(a coat)",
                    "norm": "naṣabat",
                    "pos": "N",
                    "epos": "N"
                  }
                },
                {
                  "node": "d",
                  "frag": ":.",
                  "type": "punct",
                  "ref": "P335786.14.3",
                  "lang": "akk-x-neoass",
                  "gdl_delim": " "
                },
                {
                  "node": "l",
                  "frag": "NIGIN₂",
                  "id": "P335786.l02ae4",
                  "ref": "P335786.14.4",
                  "inst": "labû[turning]'N",
                  "sig": "@saao/saa07%akk-x-neoass:NIGIN₂=lawû[surround//turning]V'N$labû",
                  "f": {
                    "lang": "akk-x-neoass",
                    "form": "NIGIN₂",
                    "cf": "lawû",
                    "gw": "surround",
                    "sense": "turning",
                    "norm": "labû",
                    "pos": "V",
                    "epos": "N"
                  }
                },
                {
                  "node": "d",
                  "frag": ":.",
                  "type": "punct",
                  "ref": "P335786.14.5",
                  "lang": "akk-x-neoass",
                  "gdl_delim": " "
                },
                {
                  "node": "l",
                  "frag": "[o]",
                  "id": "P335786.l02ae5",
                  "ref": "P335786.14.6",
                  "inst": "u",
                  "f": {
                    "lang": "akk-x-neoass",
                    "form": "o",
                    "pos": "u"
                  }
                },
                {
                  "node": "d",
                  "type": "line-start",
                  "ref": "P335786.15",
                  "n": "12'",
                  "label": "o 12'"
                },
                {
                  "node": "l",
                  "frag": "05",
                  "id": "P335786.l02ae6",
                  "ref": "P335786.15.1",
                  "inst": "n",
                  "f": {
                    "lang": "akk-x-neoass",
                    "form": "05",
                    "pos": "n"
                  }
                },
                {
                  "node": "l",
                  "frag": "{tug₂}ur-nat",
                  "id": "P335786.l02ae7",
                  "ref": "P335786.15.2",
                  "inst": "urnat[(a garment)]N",
                  "sig": "@saao/saa07%akk-x-neoass:{TUG₂}ur-nat=urnatu[(a garment)//(a garment)]N'N$urnat",
                  "f": {
                    "lang": "akk-x-neoass",
                    "form": "{TUG₂}ur-nat",
                    "cf": "urnatu",
                    "gw": "(a garment)",
                    "sense": "(a garment)",
                    "norm": "urnat",
                    "pos": "N",
                    "epos": "N"
                  }
                },
                {
                  "node": "d",
                  "frag": ":.",
                  "type": "punct",
                  "ref": "P335786.15.3",
                  "lang": "akk-x-neoass",
                  "gdl_delim": " "
                },
                {
                  "node": "d",
                  "frag": ":.",
                  "type": "punct",
                  "ref": "P335786.15.4",
                  "lang": "akk-x-neoass",
                  "gdl_delim": " "
                },
                {
                  "node": "d",
                  "frag": ":.",
                  "type": "punct",
                  "ref": "P335786.15.5",
                  "lang": "akk-x-neoass",
                  "gdl_delim": " "
                },
                {
                  "node": "l",
                  "frag": "sa-a",
                  "id": "P335786.l02ae8",
                  "ref": "P335786.15.6",
                  "inst": "u",
                  "f": {
                    "lang": "akk-x-neoass",
                    "form": "sa-a",
                    "pos": "u"
                  }
                },
                {
                  "node": "l",
                  "frag": "⸢x⸣+[x]",
                  "id": "P335786.l02ae9",
                  "ref": "P335786.15.7",
                  "inst": "u",
                  "f": {
                    "lang": "akk-x-neoass",
                    "form": "x+x",
                    "pos": "u"
                  }
                },
                {
                  "node": "d",
                  "type": "line-start",
                  "ref": "P335786.16",
                  "n": "13'",
                  "label": "o 13'"
                },
                {
                  "node": "l",
                  "frag": "01",
                  "id": "P335786.l02aea",
                  "ref": "P335786.16.1",
                  "inst": "n",
                  "f": {
                    "lang": "akk-x-neoass",
                    "form": "01",
                    "pos": "n"
                  }
                },
                {
                  "node": "l",
                  "frag": "ku-zip-pi",
                  "id": "P335786.l02aeb",
                  "ref": "P335786.16.2",
                  "inst": "+kuzippu[cloak//garment]N'N$kuzippi",
                  "sig": "@saao/saa07%akk-x-neoass:ku-zip-pi=kuzippu[cloak//garment]N'N$kuzippi",
                  "f": {
                    "lang": "akk-x-neoass",
                    "form": "ku-zip-pi",
                    "cf": "kuzippu",
                    "gw": "cloak",
                    "sense": "garment",
                    "norm": "kuzippi",
                    "pos": "N",
                    "epos": "N"
                  }
                },
                {
                  "node": "l",
                  "frag": "NA₄-⸢MEŠ⸣",
                  "id": "P335786.l02aec",
                  "ref": "P335786.16.3",
                  "inst": "abnāti[stone]N",
                  "sig": "@saao/saa07%akk-x-neoass:NA₄-MEŠ=abnu[stone//stone]N'N$abnāti",
                  "f": {
                    "lang": "akk-x-neoass",
                    "form": "NA₄-MEŠ",
                    "cf": "abnu",
                    "gw": "stone",
                    "sense": "stone",
                    "norm": "abnāti",
                    "pos": "N",
                    "epos": "N"
                  }
                },
                {
                  "node": "l",
                  "frag": "<[x]>",
                  "id": "P335786.l02aed",
                  "ref": "P335786.16.4",
                  "inst": "u",
                  "f": {
                    "lang": "akk-x-neoass",
                    "form": "x",
                    "pos": "u"
                  }
                },
                {
                  "node": "d",
                  "type": "nonx",
                  "ref": "P335786.17",
                  "strict": "0",
                  "extent": "0",
                  "scope": "edge",
                  "state": "other"
                },
                {
                  "node": "d",
                  "subtype": "reverse",
                  "type": "reverse",
                  "ref": "P335786.r.18",
                  "label": "r"
                },
                {
                  "node": "d",
                  "type": "line-start",
                  "ref": "P335786.19",
                  "n": "1",
                  "label": "r 1"
                },
                {
                  "node": "l",
                  "frag": "04",
                  "id": "P335786.l02aee",
                  "ref": "P335786.19.1",
                  "inst": "n",
                  "f": {
                    "lang": "akk-x-neoass",
                    "form": "04",
                    "pos": "n"
                  }
                },
                {
                  "node": "l",
                  "frag": "{tug₂}ma-qa-ṭi₂",
                  "id": "P335786.l02aef",
                  "ref": "P335786.19.2",
                  "inst": "maqāṭi[(a garment)]N",
                  "sig": "@saao/saa07%akk-x-neoass:{TUG₂}ma-qa-ṭi₂=maqāṭu[(a garment)//(a garment)]N'N$maqāṭi",
                  "f": {
                    "lang": "akk-x-neoass",
                    "form": "{TUG₂}ma-qa-ṭi₂",
                    "cf": "maqāṭu",
                    "gw": "(a garment)",
                    "sense": "(a garment)",
                    "norm": "maqāṭi",
                    "pos": "N",
                    "epos": "N"
                  }
                },
                {
                  "node": "l",
                  "frag": "GADA",
                  "id": "P335786.l02af0",
                  "ref": "P335786.19.3",
                  "inst": "kitê[linen]N",
                  "sig": "@saao/saa07%akk-x-neoass:GADA=kitû[flax//linen]N'N$kitê",
                  "f": {
                    "lang": "akk-x-neoass",
                    "form": "GADA",
                    "cf": "kitû",
                    "gw": "flax",
                    "sense": "linen",
                    "norm": "kitê",
                    "pos": "N",
                    "epos": "N"
                  }
                },
                {
                  "node": "l",
                  "frag": "ZAG",
                  "id": "P335786.l02af1",
                  "ref": "P335786.19.4",
                  "inst": "+pūtu[forehead//front]N'N$",
                  "sig": "@saao/saa07%akk-x-neoass:ZAG=pūtu[forehead//front]N'N$pūtu",
                  "f": {
                    "lang": "akk-x-neoass",
                    "form": "ZAG",
                    "cf": "pūtu",
                    "gw": "forehead",
                    "sense": "front",
                    "norm": "pūtu",
                    "pos": "N",
                    "epos": "N"
                  }
                },
                {
                  "node": "l",
                  "frag": "⸢SA₅⸣",
                  "id": "P335786.l02af2",
                  "ref": "P335786.19.5",
                  "inst": "sāntu[red]AJ",
                  "sig": "@saao/saa07%akk-x-neoass:SA₅=sāmu[red//red]AJ'AJ$sāntu",
                  "f": {
                    "lang": "akk-x-neoass",
                    "form": "SA₅",
                    "cf": "sāmu",
                    "gw": "red",
                    "sense": "red",
                    "norm": "sāntu",
                    "pos": "AJ",
                    "epos": "AJ"
                  }
                },
                {
                  "node": "l",
                  "frag": "KAR",
                  "id": "P335786.l02af3",
                  "ref": "P335786.19.6",
                  "inst": "kāri[quay]N",
                  "sig": "@saao/saa07%akk-x-neoass:KAR=kāru[quay//quay]N'N$kāri",
                  "f": {
                    "lang": "akk-x-neoass",
                    "form": "KAR",
                    "cf": "kāru",
                    "gw": "quay",
                    "sense": "quay",
                    "norm": "kāri",
                    "pos": "N",
                    "epos": "N"
                  }
                },
                {
                  "node": "l",
                  "frag": "⸢GU₂⸣",
                  "id": "P335786.l02af4",
                  "ref": "P335786.19.7",
                  "inst": "u",
                  "f": {
                    "lang": "akk-x-neoass",
                    "form": "GU₂",
                    "pos": "u"
                  }
                },
                {
                  "node": "l",
                  "frag": "<[x]>",
                  "id": "P335786.l02af5",
                  "ref": "P335786.19.8",
                  "inst": "u",
                  "f": {
                    "lang": "akk-x-neoass",
                    "form": "x",
                    "pos": "u"
                  }
                },
                {
                  "node": "d",
                  "type": "line-start",
                  "ref": "P335786.20",
                  "n": "2",
                  "label": "r 2"
                },
                {
                  "node": "l",
                  "frag": "04",
                  "id": "P335786.l02af6",
                  "ref": "P335786.20.1",
                  "inst": "n",
                  "f": {
                    "lang": "akk-x-neoass",
                    "form": "04",
                    "pos": "n"
                  }
                },
                {
                  "node": "l",
                  "frag": "{tug₂}ur-nat",
                  "id": "P335786.l02af7",
                  "ref": "P335786.20.2",
                  "inst": "urnat[(a garment)]N",
                  "sig": "@saao/saa07%akk-x-neoass:{TUG₂}ur-nat=urnatu[(a garment)//(a garment)]N'N$urnat",
                  "f": {
                    "lang": "akk-x-neoass",
                    "form": "{TUG₂}ur-nat",
                    "cf": "urnatu",
                    "gw": "(a garment)",
                    "sense": "(a garment)",
                    "norm": "urnat",
                    "pos": "N",
                    "epos": "N"
                  }
                },
                {
                  "node": "d",
                  "frag": ":.",
                  "type": "punct",
                  "ref": "P335786.20.3",
                  "lang": "akk-x-neoass",
                  "gdl_delim": " "
                },
                {
                  "node": "d",
                  "frag": ":.",
                  "type": "punct",
                  "ref": "P335786.20.4",
                  "lang": "akk-x-neoass",
                  "gdl_delim": " "
                },
                {
                  "node": "d",
                  "frag": ":.",
                  "type": "punct",
                  "ref": "P335786.20.5",
                  "lang": "akk-x-neoass",
                  "gdl_delim": " "
                },
                {
                  "node": "l",
                  "frag": "[x",
                  "id": "P335786.l02af8",
                  "ref": "P335786.20.6",
                  "inst": "u",
                  "f": {
                    "lang": "akk-x-neoass",
                    "form": "x",
                    "pos": "u"
                  }
                },
                {
                  "node": "l",
                  "frag": "x]",
                  "id": "P335786.l02af9",
                  "ref": "P335786.20.7",
                  "inst": "u",
                  "f": {
                    "lang": "akk-x-neoass",
                    "form": "x",
                    "pos": "u"
                  }
                },
                {
                  "node": "d",
                  "type": "line-start",
                  "ref": "P335786.21",
                  "n": "3",
                  "label": "r 3"
                },
                {
                  "node": "l",
                  "frag": "03",
                  "id": "P335786.l02afa",
                  "ref": "P335786.21.1",
                  "inst": "n",
                  "f": {
                    "lang": "akk-x-neoass",
                    "form": "03",
                    "pos": "n"
                  }
                },
                {
                  "node": "l",
                  "frag": "{tug₂}ma-qa-ṭi₂",
                  "id": "P335786.l02afb",
                  "ref": "P335786.21.2",
                  "inst": "maqāṭi[(a garment)]N",
                  "sig": "@saao/saa07%akk-x-neoass:{TUG₂}ma-qa-ṭi₂=maqāṭu[(a garment)//(a garment)]N'N$maqāṭi",
                  "f": {
                    "lang": "akk-x-neoass",
                    "form": "{TUG₂}ma-qa-ṭi₂",
                    "cf": "maqāṭu",
                    "gw": "(a garment)",
                    "sense": "(a garment)",
                    "norm": "maqāṭi",
                    "pos": "N",
                    "epos": "N"
                  }
                },
                {
                  "node": "d",
                  "frag": ":.",
                  "type": "punct",
                  "ref": "P335786.21.3",
                  "lang": "akk-x-neoass",
                  "gdl_delim": " "
                },
                {
                  "node": "l",
                  "frag": "ZAG",
                  "id": "P335786.l02afc",
                  "ref": "P335786.21.4",
                  "inst": "+pūtu[forehead//front]N'N$",
                  "sig": "@saao/saa07%akk-x-neoass:ZAG=pūtu[forehead//front]N'N$pūtu",
                  "f": {
                    "lang": "akk-x-neoass",
                    "form": "ZAG",
                    "cf": "pūtu",
                    "gw": "forehead",
                    "sense": "front",
                    "norm": "pūtu",
                    "pos": "N",
                    "epos": "N"
                  }
                },
                {
                  "node": "l",
                  "frag": "⸢SA₅⸣",
                  "id": "P335786.l02afd",
                  "ref": "P335786.21.5",
                  "inst": "sāntu[red]AJ",
                  "sig": "@saao/saa07%akk-x-neoass:SA₅=sāmu[red//red]AJ'AJ$sāntu",
                  "f": {
                    "lang": "akk-x-neoass",
                    "form": "SA₅",
                    "cf": "sāmu",
                    "gw": "red",
                    "sense": "red",
                    "norm": "sāntu",
                    "pos": "AJ",
                    "epos": "AJ"
                  }
                },
                {
                  "node": "l",
                  "frag": "<[x",
                  "id": "P335786.l02afe",
                  "ref": "P335786.21.6",
                  "inst": "u",
                  "f": {
                    "lang": "akk-x-neoass",
                    "form": "x",
                    "pos": "u"
                  }
                },
                {
                  "node": "l",
                  "frag": "x]>",
                  "id": "P335786.l02aff",
                  "ref": "P335786.21.7",
                  "inst": "u",
                  "f": {
                    "lang": "akk-x-neoass",
                    "form": "x",
                    "pos": "u"
                  }
                },
                {
                  "node": "d",
                  "type": "line-start",
                  "ref": "P335786.22",
                  "n": "4",
                  "label": "r 4"
                },
                {
                  "node": "l",
                  "frag": "03",
                  "id": "P335786.l02b00",
                  "ref": "P335786.22.1",
                  "inst": "n",
                  "f": {
                    "lang": "akk-x-neoass",
                    "form": "03",
                    "pos": "n"
                  }
                },
                {
                  "node": "l",
                  "frag": "{tug₂}ha-ri-⸢rat⸣",
                  "id": "P335786.l02b01",
                  "ref": "P335786.22.2",
                  "inst": "+harīru[bedspread//(a kind of garment or textile)]N'N$harīrāt",
                  "sig": "@saao/saa07%akk-x-neoass:{TUG₂}ha-ri-rat=harīru[bedspread//(a kind of garment or textile)]N'N$harīrāt",
                  "f": {
                    "lang": "akk-x-neoass",
                    "form": "{TUG₂}ha-ri-rat",
                    "cf": "harīru",
                    "gw": "bedspread",
                    "sense": "(a kind of garment or textile)",
                    "norm": "harīrāt",
                    "pos": "N",
                    "epos": "N"
                  }
                },
                {
                  "node": "l",
                  "frag": "[x",
                  "id": "P335786.l02b02",
                  "ref": "P335786.22.3",
                  "inst": "u",
                  "f": {
                    "lang": "akk-x-neoass",
                    "form": "x",
                    "pos": "u"
                  }
                },
                {
                  "node": "l",
                  "frag": "x",
                  "id": "P335786.l02b03",
                  "ref": "P335786.22.4",
                  "inst": "u",
                  "f": {
                    "lang": "akk-x-neoass",
                    "form": "x",
                    "pos": "u"
                  }
                },
                {
                  "node": "l",
                  "frag": "x",
                  "id": "P335786.l02b04",
                  "ref": "P335786.22.5",
                  "inst": "u",
                  "f": {
                    "lang": "akk-x-neoass",
                    "form": "x",
                    "pos": "u"
                  }
                },
                {
                  "node": "l",
                  "frag": "x]",
                  "id": "P335786.l02b05",
                  "ref": "P335786.22.6",
                  "inst": "u",
                  "f": {
                    "lang": "akk-x-neoass",
                    "form": "x",
                    "pos": "u"
                  }
                },
                {
                  "node": "d",
                  "type": "line-start",
                  "ref": "P335786.23",
                  "n": "5",
                  "label": "r 5"
                },
                {
                  "node": "l",
                  "frag": "02",
                  "id": "P335786.l02b06",
                  "ref": "P335786.23.1",
                  "inst": "n",
                  "f": {
                    "lang": "akk-x-neoass",
                    "form": "02",
                    "pos": "n"
                  }
                },
                {
                  "node": "l",
                  "frag": "{tug₂}ma-qa-ṭi₂",
                  "id": "P335786.l02b07",
                  "ref": "P335786.23.2",
                  "inst": "maqāṭi[(a garment)]N",
                  "sig": "@saao/saa07%akk-x-neoass:{TUG₂}ma-qa-ṭi₂=maqāṭu[(a garment)//(a garment)]N'N$maqāṭi",
                  "f": {
                    "lang": "akk-x-neoass",
                    "form": "{TUG₂}ma-qa-ṭi₂",
                    "cf": "maqāṭu",
                    "gw": "(a garment)",
                    "sense": "(a garment)",
                    "norm": "maqāṭi",
                    "pos": "N",
                    "epos": "N"
                  }
                },
                {
                  "node": "d",
                  "frag": ":.",
                  "type": "punct",
                  "ref": "P335786.23.3",
                  "lang": "akk-x-neoass",
                  "gdl_delim": " "
                },
                {
                  "node": "l",
                  "frag": "GUN₃",
                  "id": "P335786.l02b08",
                  "ref": "P335786.23.4",
                  "inst": "+birmu[multicoloured cloth]N$birme",
                  "sig": "@saao/saa07%akk-x-neoass:GUN₃=birmu[multicoloured cloth//multicoloured cloth]N'N$birme",
                  "f": {
                    "lang": "akk-x-neoass",
                    "form": "GUN₃",
                    "cf": "birmu",
                    "gw": "multicoloured cloth",
                    "sense": "multicoloured cloth",
                    "norm": "birme",
                    "pos": "N",
                    "epos": "N"
                  }
                },
                {
                  "node": "l",
                  "frag": "[x",
                  "id": "P335786.l02b09",
                  "ref": "P335786.23.5",
                  "inst": "u",
                  "f": {
                    "lang": "akk-x-neoass",
                    "form": "x",
                    "pos": "u"
                  }
                },
                {
                  "node": "l",
                  "frag": "x",
                  "id": "P335786.l02b0a",
                  "ref": "P335786.23.6",
                  "inst": "u",
                  "f": {
                    "lang": "akk-x-neoass",
                    "form": "x",
                    "pos": "u"
                  }
                },
                {
                  "node": "l",
                  "frag": "x]",
                  "id": "P335786.l02b0b",
                  "ref": "P335786.23.7",
                  "inst": "u",
                  "f": {
                    "lang": "akk-x-neoass",
                    "form": "x",
                    "pos": "u"
                  }
                },
                {
                  "node": "d",
                  "type": "line-start",
                  "ref": "P335786.24",
                  "n": "6",
                  "label": "r 6"
                },
                {
                  "node": "l",
                  "frag": "01",
                  "id": "P335786.l02b0c",
                  "ref": "P335786.24.1",
                  "inst": "n",
                  "f": {
                    "lang": "akk-x-neoass",
                    "form": "01",
                    "pos": "n"
                  }
                },
                {
                  "node": "l",
                  "frag": "{tug₂}ur-nat",
                  "id": "P335786.l02b0d",
                  "ref": "P335786.24.2",
                  "inst": "urnat[(a garment)]N",
                  "sig": "@saao/saa07%akk-x-neoass:{TUG₂}ur-nat=urnatu[(a garment)//(a garment)]N'N$urnat",
                  "f": {
                    "lang": "akk-x-neoass",
                    "form": "{TUG₂}ur-nat",
                    "cf": "urnatu",
                    "gw": "(a garment)",
                    "sense": "(a garment)",
                    "norm": "urnat",
                    "pos": "N",
                    "epos": "N"
                  }
                },
                {
                  "node": "d",
                  "frag": ":.",
                  "type": "punct",
                  "ref": "P335786.24.3",
                  "lang": "akk-x-neoass",
                  "gdl_delim": " "
                },
                {
                  "node": "d",
                  "frag": ":.",
                  "type": "punct",
                  "ref": "P335786.24.4",
                  "lang": "akk-x-neoass",
                  "gdl_delim": " "
                },
                {
                  "node": "l",
                  "frag": "[x",
                  "id": "P335786.l02b0e",
                  "ref": "P335786.24.5",
                  "inst": "u",
                  "f": {
                    "lang": "akk-x-neoass",
                    "form": "x",
                    "pos": "u"
                  }
                },
                {
                  "node": "l",
                  "frag": "x",
                  "id": "P335786.l02b0f",
                  "ref": "P335786.24.6",
                  "inst": "u",
                  "f": {
                    "lang": "akk-x-neoass",
                    "form": "x",
                    "pos": "u"
                  }
                },
                {
                  "node": "l",
                  "frag": "x]",
                  "id": "P335786.l02b10",
                  "ref": "P335786.24.7",
                  "inst": "u",
                  "f": {
                    "lang": "akk-x-neoass",
                    "form": "x",
                    "pos": "u"
                  }
                },
                {
                  "node": "d",
                  "type": "line-start",
                  "ref": "P335786.25",
                  "n": "7",
                  "label": "r 7"
                },
                {
                  "node": "l",
                  "frag": "01",
                  "id": "P335786.l02b11",
                  "ref": "P335786.25.1",
                  "inst": "n",
                  "f": {
                    "lang": "akk-x-neoass",
                    "form": "01",
                    "pos": "n"
                  }
                },
                {
                  "node": "l",
                  "frag": "{tug₂}KI-hal-up-tu₂",
                  "id": "P335786.l02b12",
                  "ref": "P335786.25.2",
                  "inst": "+šupālītu-halluptu[reinforced lower garment]N$",
                  "sig": "@saao/saa07%akk-x-neoass:{TUG₂}KI-hal-up-tu₂=šupālītu-halluptu[reinforced lower garment//reinforced lower garment]N'N$šupālītu-halluptu",
                  "f": {
                    "lang": "akk-x-neoass",
                    "form": "{TUG₂}KI-hal-up-tu₂",
                    "cf": "šupālītu-halluptu",
                    "gw": "reinforced lower garment",
                    "sense": "reinforced lower garment",
                    "norm": "šupālītu-halluptu",
                    "pos": "N",
                    "epos": "N"
                  }
                },
                {
                  "node": "l",
                  "frag": "[x",
                  "id": "P335786.l02b13",
                  "ref": "P335786.25.3",
                  "inst": "u",
                  "f": {
                    "lang": "akk-x-neoass",
                    "form": "x",
                    "pos": "u"
                  }
                },
                {
                  "node": "l",
                  "frag": "x",
                  "id": "P335786.l02b14",
                  "ref": "P335786.25.4",
                  "inst": "u",
                  "f": {
                    "lang": "akk-x-neoass",
                    "form": "x",
                    "pos": "u"
                  }
                },
                {
                  "node": "l",
                  "frag": "x]",
                  "id": "P335786.l02b15",
                  "ref": "P335786.25.5",
                  "inst": "u",
                  "f": {
                    "lang": "akk-x-neoass",
                    "form": "x",
                    "pos": "u"
                  }
                },
                {
                  "node": "d",
                  "type": "line-start",
                  "ref": "P335786.26",
                  "n": "8",
                  "label": "r 8"
                },
                {
                  "node": "l",
                  "frag": "01",
                  "id": "P335786.l02b16",
                  "ref": "P335786.26.1",
                  "inst": "n",
                  "f": {
                    "lang": "akk-x-neoass",
                    "form": "01",
                    "pos": "n"
                  }
                },
                {
                  "node": "l",
                  "frag": "{tug₂}ga-mid",
                  "id": "P335786.l02b17",
                  "ref": "P335786.26.2",
                  "inst": "+gammidatu[(a garment)]N$gammid",
                  "sig": "@saao/saa07%akk-x-neoass:{TUG₂}ga-mid=gammidatu[(a garment)//(a garment)]N'N$gammid",
                  "f": {
                    "lang": "akk-x-neoass",
                    "form": "{TUG₂}ga-mid",
                    "cf": "gammidatu",
                    "gw": "(a garment)",
                    "sense": "(a garment)",
                    "norm": "gammid",
                    "pos": "N",
                    "epos": "N"
                  }
                },
                {
                  "node": "d",
                  "frag": ":.",
                  "type": "punct",
                  "ref": "P335786.26.3",
                  "lang": "akk-x-neoass",
                  "gdl_delim": " "
                },
                {
                  "node": "l",
                  "frag": "ṣi-[x",
                  "id": "P335786.l02b18",
                  "ref": "P335786.26.4",
                  "inst": "u",
                  "f": {
                    "lang": "akk-x-neoass",
                    "form": "ṣi-x",
                    "pos": "u"
                  }
                },
                {
                  "node": "l",
                  "frag": "x",
                  "id": "P335786.l02b19",
                  "ref": "P335786.26.5",
                  "inst": "u",
                  "f": {
                    "lang": "akk-x-neoass",
                    "form": "x",
                    "pos": "u"
                  }
                },
                {
                  "node": "l",
                  "frag": "x]",
                  "id": "P335786.l02b1a",
                  "ref": "P335786.26.6",
                  "inst": "u",
                  "f": {
                    "lang": "akk-x-neoass",
                    "form": "x",
                    "pos": "u"
                  }
                },
                {
                  "node": "d",
                  "type": "line-start",
                  "ref": "P335786.27",
                  "n": "9",
                  "label": "r 9"
                },
                {
                  "node": "l",
                  "frag": "01",
                  "id": "P335786.l02b1b",
                  "ref": "P335786.27.1",
                  "inst": "n",
                  "f": {
                    "lang": "akk-x-neoass",
                    "form": "01",
                    "pos": "n"
                  }
                },
                {
                  "node": "l",
                  "frag": "{tug₂}ur-nat",
                  "id": "P335786.l02b1c",
                  "ref": "P335786.27.2",
                  "inst": "urnat[(a garment)]N",
                  "sig": "@saao/saa07%akk-x-neoass:{TUG₂}ur-nat=urnatu[(a garment)//(a garment)]N'N$urnat",
                  "f": {
                    "lang": "akk-x-neoass",
                    "form": "{TUG₂}ur-nat",
                    "cf": "urnatu",
                    "gw": "(a garment)",
                    "sense": "(a garment)",
                    "norm": "urnat",
                    "pos": "N",
                    "epos": "N"
                  }
                },
                {
                  "node": "d",
                  "frag": ":.",
                  "type": "punct",
                  "ref": "P335786.27.3",
                  "lang": "akk-x-neoass",
                  "gdl_delim": " "
                },
                {
                  "node": "l",
                  "frag": "⸢gi⸣-[x",
                  "id": "P335786.l02b1d",
                  "ref": "P335786.27.4",
                  "inst": "u",
                  "f": {
                    "lang": "akk-x-neoass",
                    "form": "gi-x",
                    "pos": "u"
                  }
                },
                {
                  "node": "l",
                  "frag": "x",
                  "id": "P335786.l02b1e",
                  "ref": "P335786.27.5",
                  "inst": "u",
                  "f": {
                    "lang": "akk-x-neoass",
                    "form": "x",
                    "pos": "u"
                  }
                },
                {
                  "node": "l",
                  "frag": "x]",
                  "id": "P335786.l02b1f",
                  "ref": "P335786.27.6",
                  "inst": "u",
                  "f": {
                    "lang": "akk-x-neoass",
                    "form": "x",
                    "pos": "u"
                  }
                },
                {
                  "node": "d",
                  "type": "line-start",
                  "ref": "P335786.28",
                  "n": "10",
                  "label": "r 10"
                },
                {
                  "node": "l",
                  "frag": "03",
                  "id": "P335786.l02b20",
                  "ref": "P335786.28.1",
                  "inst": "n",
                  "f": {
                    "lang": "akk-x-neoass",
                    "form": "03",
                    "pos": "n"
                  }
                },
                {
                  "node": "l",
                  "frag": "{tug₂}ur-nat",
                  "id": "P335786.l02b21",
                  "ref": "P335786.28.2",
                  "inst": "urnat[(a garment)]N",
                  "sig": "@saao/saa07%akk-x-neoass:{TUG₂}ur-nat=urnatu[(a garment)//(a garment)]N'N$urnat",
                  "f": {
                    "lang": "akk-x-neoass",
                    "form": "{TUG₂}ur-nat",
                    "cf": "urnatu",
                    "gw": "(a garment)",
                    "sense": "(a garment)",
                    "norm": "urnat",
                    "pos": "N",
                    "epos": "N"
                  }
                },
                {
                  "node": "d",
                  "frag": ":.",
                  "type": "punct",
                  "ref": "P335786.28.3",
                  "lang": "akk-x-neoass",
                  "gdl_delim": " "
                },
                {
                  "node": "l",
                  "frag": "[x",
                  "id": "P335786.l02b22",
                  "ref": "P335786.28.4",
                  "inst": "u",
                  "f": {
                    "lang": "akk-x-neoass",
                    "form": "x",
                    "pos": "u"
                  }
                },
                {
                  "node": "l",
                  "frag": "x",
                  "id": "P335786.l02b23",
                  "ref": "P335786.28.5",
                  "inst": "u",
                  "f": {
                    "lang": "akk-x-neoass",
                    "form": "x",
                    "pos": "u"
                  }
                },
                {
                  "node": "l",
                  "frag": "x]",
                  "id": "P335786.l02b24",
                  "ref": "P335786.28.6",
                  "inst": "u",
                  "f": {
                    "lang": "akk-x-neoass",
                    "form": "x",
                    "pos": "u"
                  }
                },
                {
                  "node": "d",
                  "type": "line-start",
                  "ref": "P335786.29",
                  "n": "11",
                  "label": "r 11"
                },
                {
                  "node": "l",
                  "frag": "03",
                  "id": "P335786.l02b25",
                  "ref": "P335786.29.1",
                  "inst": "n",
                  "f": {
                    "lang": "akk-x-neoass",
                    "form": "03",
                    "pos": "n"
                  }
                },
                {
                  "node": "l",
                  "frag": "{tug₂}kar-ZI-[MEŠ",
                  "id": "P335786.l02b26",
                  "ref": "P335786.29.2",
                  "inst": "+karballatu[(pointed) hat//cap]N'N$karballāti",
                  "sig": "@saao/saa07%akk-x-neoass:{TUG₂}kar-ZI-MEŠ=karballatu[(pointed) hat//cap]N'N$karballāti",
                  "f": {
                    "lang": "akk-x-neoass",
                    "form": "{TUG₂}kar-ZI-MEŠ",
                    "cf": "karballatu",
                    "gw": "(pointed) hat",
                    "sense": "cap",
                    "norm": "karballāti",
                    "pos": "N",
                    "epos": "N"
                  }
                },
                {
                  "node": "l",
                  "frag": "x",
                  "id": "P335786.l02b27",
                  "ref": "P335786.29.3",
                  "inst": "u",
                  "f": {
                    "lang": "akk-x-neoass",
                    "form": "x",
                    "pos": "u"
                  }
                },
                {
                  "node": "l",
                  "frag": "x]",
                  "id": "P335786.l02b28",
                  "ref": "P335786.29.4",
                  "inst": "u",
                  "f": {
                    "lang": "akk-x-neoass",
                    "form": "x",
                    "pos": "u"
                  }
                },
                {
                  "node": "d",
                  "type": "line-start",
                  "ref": "P335786.30",
                  "n": "12",
                  "label": "r 12"
                },
                {
                  "node": "l",
                  "frag": "02",
                  "id": "P335786.l02b29",
                  "ref": "P335786.30.1",
                  "inst": "n",
                  "f": {
                    "lang": "akk-x-neoass",
                    "form": "02",
                    "pos": "n"
                  }
                },
                {
                  "node": "l",
                  "frag": "{tug₂}sa-su-⸢pat⸣",
                  "id": "P335786.l02b2a",
                  "ref": "P335786.30.2",
                  "inst": "sasuppāt[towel]N",
                  "sig": "@saao/saa07%akk-x-neoass:{TUG₂}sa-su-pat=šušippu[towel//towel]N'N$sasuppāt",
                  "f": {
                    "lang": "akk-x-neoass",
                    "form": "{TUG₂}sa-su-pat",
                    "cf": "šušippu",
                    "gw": "towel",
                    "sense": "towel",
                    "norm": "sasuppāt",
                    "pos": "N",
                    "epos": "N"
                  }
                },
                {
                  "node": "l",
                  "frag": "[x",
                  "id": "P335786.l02b2b",
                  "ref": "P335786.30.3",
                  "inst": "u",
                  "f": {
                    "lang": "akk-x-neoass",
                    "form": "x",
                    "pos": "u"
                  }
                },
                {
                  "node": "l",
                  "frag": "x",
                  "id": "P335786.l02b2c",
                  "ref": "P335786.30.4",
                  "inst": "u",
                  "f": {
                    "lang": "akk-x-neoass",
                    "form": "x",
                    "pos": "u"
                  }
                },
                {
                  "node": "l",
                  "frag": "x]",
                  "id": "P335786.l02b2d",
                  "ref": "P335786.30.5",
                  "inst": "u",
                  "f": {
                    "lang": "akk-x-neoass",
                    "form": "x",
                    "pos": "u"
                  }
                },
                {
                  "node": "d",
                  "type": "line-start",
                  "ref": "P335786.31",
                  "n": "13",
                  "label": "r 13"
                },
                {
                  "node": "l",
                  "frag": "02",
                  "id": "P335786.l02b2e",
                  "ref": "P335786.31.1",
                  "inst": "n",
                  "f": {
                    "lang": "akk-x-neoass",
                    "form": "02",
                    "pos": "n"
                  }
                },
                {
                  "node": "l",
                  "frag": "{tug₂}sa-su-⸢pat⸣",
                  "id": "P335786.l02b2f",
                  "ref": "P335786.31.2",
                  "inst": "sasuppāt[towel]N",
                  "sig": "@saao/saa07%akk-x-neoass:{TUG₂}sa-su-pat=šušippu[towel//towel]N'N$sasuppāt",
                  "f": {
                    "lang": "akk-x-neoass",
                    "form": "{TUG₂}sa-su-pat",
                    "cf": "šušippu",
                    "gw": "towel",
                    "sense": "towel",
                    "norm": "sasuppāt",
                    "pos": "N",
                    "epos": "N"
                  }
                },
                {
                  "node": "l",
                  "frag": "[x",
                  "id": "P335786.l02b30",
                  "ref": "P335786.31.3",
                  "inst": "u",
                  "f": {
                    "lang": "akk-x-neoass",
                    "form": "x",
                    "pos": "u"
                  }
                },
                {
                  "node": "l",
                  "frag": "x",
                  "id": "P335786.l02b31",
                  "ref": "P335786.31.4",
                  "inst": "u",
                  "f": {
                    "lang": "akk-x-neoass",
                    "form": "x",
                    "pos": "u"
                  }
                },
                {
                  "node": "l",
                  "frag": "x]",
                  "id": "P335786.l02b32",
                  "ref": "P335786.31.5",
                  "inst": "u",
                  "f": {
                    "lang": "akk-x-neoass",
                    "form": "x",
                    "pos": "u"
                  }
                },
                {
                  "node": "d",
                  "type": "nonx",
                  "ref": "P335786.32",
                  "strict": "0",
                  "extent": "rest",
                  "scope": "space",
                  "state": "missing"
                }
              ]
            }
          ]
        }
      ]
    }
  ]
}
