{
  "type": "cdl",
  "source": "http://oracc.org/saao/saa07",
  "license": "This data is released under the CC0 license",
  "license-url": "https://creativecommons.org/publicdomain/zero/1.0/",
  "more-info": "http://oracc.org/doc/opendata/",
  "UTC-timestamp": "2017-06-10T00:43:45",
  "project": "saao/saa07",
  "textid": "P335708",
  "cdl": [
    {
      "node": "c",
      "type": "text",
      "id": "P335708.U0",
      "cdl": [
        {
          "node": "d",
          "type": "object",
          "ref": ""
        },
        {
          "node": "d",
          "subtype": "obverse",
          "type": "obverse",
          "ref": "P335708.o.1",
          "label": "o"
        },
        {
          "node": "d",
          "type": "nonx",
          "ref": "P335708.2",
          "strict": "0",
          "extent": "beginning",
          "state": "missing"
        },
        {
          "node": "d",
          "type": "nonx",
          "ref": "P335708.3",
          "strict": "0",
          "extent": "n",
          "scope": "line",
          "state": "other"
        },
        {
          "node": "c",
          "type": "discourse",
          "subtype": "body",
          "id": "P335708.U1",
          "cdl": [
            {
              "node": "c",
              "type": "sentence",
              "id": "P335708.U2",
              "label": "o 6' - o 14'",
              "cdl": [
                {
                  "node": "d",
                  "type": "line-start",
                  "ref": "P335708.4",
                  "n": "6'",
                  "label": "o 6'"
                },
                {
                  "node": "l",
                  "frag": "{1}u-bur-⸢ia-x",
                  "id": "P335708.l00760",
                  "ref": "P335708.4.1",
                  "inst": "u",
                  "f": {
                    "lang": "akk-x-neoass",
                    "form": "{1}u-bur-ia-x",
                    "pos": "u"
                  }
                },
                {
                  "node": "l",
                  "frag": "x",
                  "id": "P335708.l00761",
                  "ref": "P335708.4.2",
                  "inst": "u",
                  "f": {
                    "lang": "akk-x-neoass",
                    "form": "x",
                    "pos": "u"
                  }
                },
                {
                  "node": "l",
                  "frag": "<x>",
                  "id": "P335708.l00762",
                  "ref": "P335708.4.3",
                  "inst": "u",
                  "f": {
                    "lang": "akk-x-neoass",
                    "form": "x",
                    "pos": "u"
                  }
                },
                {
                  "node": "d",
                  "type": "line-start",
                  "ref": "P335708.5",
                  "n": "7'",
                  "label": "o 7'"
                },
                {
                  "node": "l",
                  "frag": "PAB",
                  "id": "P335708.l00763",
                  "ref": "P335708.5.1",
                  "inst": "gimru[total]N",
                  "sig": "@saao/saa07%akk-x-neoass:PAB=gimru[totality//total]N'N$gimru",
                  "f": {
                    "lang": "akk-x-neoass",
                    "form": "PAB",
                    "cf": "gimru",
                    "gw": "totality",
                    "sense": "total",
                    "norm": "gimru",
                    "pos": "N",
                    "epos": "N"
                  }
                },
                {
                  "node": "l",
                  "frag": "03",
                  "id": "P335708.l00764",
                  "ref": "P335708.5.2",
                  "inst": "n",
                  "f": {
                    "lang": "akk-x-neoass",
                    "form": "03",
                    "pos": "n"
                  }
                },
                {
                  "node": "l",
                  "frag": "ina",
                  "id": "P335708.l00765",
                  "ref": "P335708.5.3",
                  "inst": "ina[in]PRP",
                  "sig": "@saao/saa07%akk-x-neoass:ina=ina[in//in]PRP'PRP$ina",
                  "f": {
                    "lang": "akk-x-neoass",
                    "form": "ina",
                    "cf": "ina",
                    "gw": "in",
                    "sense": "in",
                    "norm": "ina",
                    "pos": "PRP",
                    "epos": "PRP"
                  }
                },
                {
                  "node": "l",
                  "frag": "KUR",
                  "id": "P335708.l00766",
                  "ref": "P335708.5.4",
                  "inst": "māt[land]N",
                  "sig": "@saao/saa07%akk-x-neoass:KUR=mātu[land//land]N'N$māt",
                  "f": {
                    "lang": "akk-x-neoass",
                    "form": "KUR",
                    "cf": "mātu",
                    "gw": "land",
                    "sense": "land",
                    "norm": "māt",
                    "pos": "N",
                    "epos": "N"
                  }
                },
                {
                  "node": "l",
                  "frag": "{⸢lu₂⸣}[x",
                  "id": "P335708.l00767",
                  "ref": "P335708.5.5",
                  "inst": "u",
                  "f": {
                    "lang": "akk-x-neoass",
                    "form": "{LU₂}x",
                    "pos": "u"
                  }
                },
                {
                  "node": "l",
                  "frag": "(x",
                  "id": "P335708.l00768",
                  "ref": "P335708.5.6",
                  "inst": "u",
                  "f": {
                    "lang": "akk-x-neoass",
                    "form": "x",
                    "pos": "u"
                  }
                },
                {
                  "node": "l",
                  "frag": "x)]",
                  "id": "P335708.l00769",
                  "ref": "P335708.5.7",
                  "inst": "u",
                  "f": {
                    "lang": "akk-x-neoass",
                    "form": "x",
                    "pos": "u"
                  }
                },
                {
                  "node": "d",
                  "type": "line-start",
                  "ref": "P335708.6",
                  "n": "8'",
                  "label": "o 8'"
                },
                {
                  "node": "l",
                  "frag": "{1}ih-ni-at-⸢ka⸣-[x]",
                  "id": "P335708.l0076a",
                  "ref": "P335708.6.1",
                  "inst": "+Ihniatka...[]PN$",
                  "sig": "@saao/saa07%akk-x-neoass:{1}ih-ni-at-ka-x=Ihniatka...[1//1]PN'PN$Ihniatka...",
                  "f": {
                    "lang": "akk-x-neoass",
                    "form": "{1}ih-ni-at-ka-x",
                    "cf": "Ihniatka...",
                    "gw": "1",
                    "sense": "1",
                    "norm": "Ihniatka...",
                    "pos": "PN",
                    "epos": "PN"
                  }
                },
                {
                  "node": "d",
                  "type": "line-start",
                  "ref": "P335708.7",
                  "n": "9'",
                  "label": "o 9'"
                },
                {
                  "node": "l",
                  "frag": "{1}ni-ta-a.a-ha-ti",
                  "id": "P335708.l0076b",
                  "ref": "P335708.7.1",
                  "inst": "+Nitayahati[]PN$",
                  "sig": "@saao/saa07%akk-x-neoass:{1}ni-ta-a.a-ha-ti=Nitayahati[1//1]PN'PN$Nitayahati",
                  "f": {
                    "lang": "akk-x-neoass",
                    "form": "{1}ni-ta-a.a-ha-ti",
                    "cf": "Nitayahati",
                    "gw": "1",
                    "sense": "1",
                    "norm": "Nitayahati",
                    "pos": "PN",
                    "epos": "PN"
                  }
                },
                {
                  "node": "l",
                  "frag": "[o]",
                  "id": "P335708.l0076c",
                  "ref": "P335708.7.2",
                  "inst": "u",
                  "f": {
                    "lang": "akk-x-neoass",
                    "form": "o",
                    "pos": "u"
                  }
                },
                {
                  "node": "d",
                  "type": "line-start",
                  "ref": "P335708.8",
                  "n": "10'",
                  "label": "o 10'"
                },
                {
                  "node": "l",
                  "frag": "{1}at-ka-la-an-ni",
                  "id": "P335708.l0076d",
                  "ref": "P335708.8.1",
                  "inst": "+Atkalanni[]PN$",
                  "sig": "@saao/saa07%akk-x-neoass:{1}at-ka-la-an-ni=Atkalanni[1//1]PN'PN$Atkalanni",
                  "f": {
                    "lang": "akk-x-neoass",
                    "form": "{1}at-ka-la-an-ni",
                    "cf": "Atkalanni",
                    "gw": "1",
                    "sense": "1",
                    "norm": "Atkalanni",
                    "pos": "PN",
                    "epos": "PN"
                  }
                },
                {
                  "node": "l",
                  "frag": "[o]",
                  "id": "P335708.l0076e",
                  "ref": "P335708.8.2",
                  "inst": "u",
                  "f": {
                    "lang": "akk-x-neoass",
                    "form": "o",
                    "pos": "u"
                  }
                },
                {
                  "node": "d",
                  "type": "line-start",
                  "ref": "P335708.9",
                  "n": "11'",
                  "label": "o 11'"
                },
                {
                  "node": "l",
                  "frag": "{1}su-a-li-i",
                  "id": "P335708.l0076f",
                  "ref": "P335708.9.1",
                  "inst": "+Suaʾli[]PN$",
                  "sig": "@saao/saa07%akk-x-neoass:{1}su-a-li-i=Suaʾli[1//1]PN'PN$Suaʾli",
                  "f": {
                    "lang": "akk-x-neoass",
                    "form": "{1}su-a-li-i",
                    "cf": "Suaʾli",
                    "gw": "1",
                    "sense": "1",
                    "norm": "Suaʾli",
                    "pos": "PN",
                    "epos": "PN"
                  }
                },
                {
                  "node": "l",
                  "frag": "[o]",
                  "id": "P335708.l00770",
                  "ref": "P335708.9.2",
                  "inst": "u",
                  "f": {
                    "lang": "akk-x-neoass",
                    "form": "o",
                    "pos": "u"
                  }
                },
                {
                  "node": "d",
                  "type": "line-start",
                  "ref": "P335708.10",
                  "n": "12'",
                  "label": "o 12'"
                },
                {
                  "node": "l",
                  "frag": "PAB",
                  "id": "P335708.l00771",
                  "ref": "P335708.10.1",
                  "inst": "gimru[total]N",
                  "sig": "@saao/saa07%akk-x-neoass:PAB=gimru[totality//total]N'N$gimru",
                  "f": {
                    "lang": "akk-x-neoass",
                    "form": "PAB",
                    "cf": "gimru",
                    "gw": "totality",
                    "sense": "total",
                    "norm": "gimru",
                    "pos": "N",
                    "epos": "N"
                  }
                },
                {
                  "node": "l",
                  "frag": "04",
                  "id": "P335708.l00772",
                  "ref": "P335708.10.2",
                  "inst": "n",
                  "f": {
                    "lang": "akk-x-neoass",
                    "form": "04",
                    "pos": "n"
                  }
                },
                {
                  "node": "l",
                  "frag": "{lu₂}EN.NAM-MEŠ",
                  "id": "P335708.l00773",
                  "ref": "P335708.10.3",
                  "inst": "pāhāti[governor]N",
                  "sig": "@saao/saa07%akk-x-neoass:{LU₂}EN.NAM-MEŠ=pīhātu[responsibility//governor]N'N$pāhāti",
                  "f": {
                    "lang": "akk-x-neoass",
                    "form": "{LU₂}EN.NAM-MEŠ",
                    "cf": "pīhātu",
                    "gw": "responsibility",
                    "sense": "governor",
                    "norm": "pāhāti",
                    "pos": "N",
                    "epos": "N"
                  }
                },
                {
                  "node": "d",
                  "type": "line-start",
                  "ref": "P335708.11",
                  "n": "13'",
                  "label": "o 13'"
                },
                {
                  "node": "l",
                  "frag": "{1}⸢i⸣-ti-i",
                  "id": "P335708.l00774",
                  "ref": "P335708.11.1",
                  "inst": "+Itti[]PN$",
                  "sig": "@saao/saa07%akk-x-neoass:{1}i-ti-i=Itti[1//1]PN'PN$Itti",
                  "f": {
                    "lang": "akk-x-neoass",
                    "form": "{1}i-ti-i",
                    "cf": "Itti",
                    "gw": "1",
                    "sense": "1",
                    "norm": "Itti",
                    "pos": "PN",
                    "epos": "PN"
                  }
                },
                {
                  "node": "c",
                  "type": "phrase",
                  "tag": "phr",
                  "id": "P335708.U4",
                  "ref": "P335708.ls00000",
                  "cdl": [
                    {
                      "node": "l",
                      "frag": "{lu₂}mu-kil-{[kuš]}PA-MEŠ",
                      "id": "P335708.l00775",
                      "ref": "P335708.11.2",
                      "cof-tails": "P335708.l00776",
                      "inst": "mukīl[holder]N&appāti[bridle]N",
                      "sig": "@saao/saa07%akk-x-neoass:{LU₂}mu-kil-{KUŠ}PA-MEŠ=mukillu[holder//holder]N'N$mukīl&&@saao/saa07%akk-x-neoass:=appatu[bridle//bridle]N'N$appāti",
                      "f": {
                        "lang": "akk-x-neoass",
                        "form": "{LU₂}mu-kil-{KUŠ}PA-MEŠ",
                        "cf": "mukillu",
                        "gw": "holder",
                        "sense": "holder",
                        "norm": "mukīl",
                        "pos": "N",
                        "epos": "N"
                      }
                    },
                    {
                      "node": "l",
                      "frag": "{lu₂}mu-kil-{[kuš]}PA-MEŠ",
                      "id": "P335708.l00776",
                      "ref": "P335708.11.2",
                      "cof-head": "P335708.l00775",
                      "inst": "mukīl[holder]N&appāti[bridle]N",
                      "tail-sig": "@saao/saa07%akk-x-neoass:=appatu[bridle//bridle]N'N$appāti",
                      "f": {
                        "lang": "akk-x-neoass",
                        "form": "{LU₂}mu-kil-{KUŠ}PA-MEŠ",
                        "cf": "appatu",
                        "gw": "bridle",
                        "sense": "bridle",
                        "norm": "appāti",
                        "pos": "N",
                        "epos": "N"
                      }
                    }
                  ]
                },
                {
                  "node": "d",
                  "type": "line-start",
                  "ref": "P335708.12",
                  "n": "14'",
                  "label": "o 14'"
                },
                {
                  "node": "l",
                  "frag": "{1}{d}x]-LUGAL-PAB",
                  "id": "P335708.l00777",
                  "ref": "P335708.12.1",
                  "inst": "u",
                  "f": {
                    "lang": "akk-x-neoass",
                    "form": "{1}{d}x-LUGAL-PAB",
                    "pos": "u"
                  }
                },
                {
                  "node": "l",
                  "frag": "{lu₂}⸢x",
                  "id": "P335708.l00778",
                  "ref": "P335708.12.2",
                  "inst": "u",
                  "f": {
                    "lang": "akk-x-neoass",
                    "form": "{LU₂}x",
                    "pos": "u"
                  }
                },
                {
                  "node": "l",
                  "frag": "x",
                  "id": "P335708.l00779",
                  "ref": "P335708.12.3",
                  "inst": "u",
                  "f": {
                    "lang": "akk-x-neoass",
                    "form": "x",
                    "pos": "u"
                  }
                },
                {
                  "node": "l",
                  "frag": "x",
                  "id": "P335708.l0077a",
                  "ref": "P335708.12.4",
                  "inst": "u",
                  "f": {
                    "lang": "akk-x-neoass",
                    "form": "x",
                    "pos": "u"
                  }
                },
                {
                  "node": "l",
                  "frag": "x⸣",
                  "id": "P335708.l0077b",
                  "ref": "P335708.12.5",
                  "inst": "u",
                  "f": {
                    "lang": "akk-x-neoass",
                    "form": "x",
                    "pos": "u"
                  }
                },
                {
                  "node": "d",
                  "type": "nonx",
                  "ref": "P335708.13",
                  "strict": "0",
                  "extent": "rest",
                  "state": "missing"
                },
                {
                  "node": "d",
                  "subtype": "reverse",
                  "type": "reverse",
                  "ref": "P335708.r.14",
                  "label": "r"
                },
                {
                  "node": "d",
                  "type": "nonx",
                  "ref": "P335708.15",
                  "strict": "0",
                  "extent": "3",
                  "scope": "top edge",
                  "state": "other"
                }
              ]
            }
          ]
        }
      ]
    },
    {
      "linkbase": [
        {
          "type": "linkset",
          "xlink_title": "mukīl appāti[chariot driver//chariot driver]N'N",
          "id": "P335708.ls00000",
          "xlink_type": "extended",
          "xlink_role": "psu",
          "sig": "{{LU₂}mu-kil-{KUŠ}PA-MEŠ = mukillu[holder]N appatu[bridle]N += mukīl appāti[chariot driver//chariot driver]N'N}::@saao/saa07%akk-x-neoass:{LU₂}mu-kil-{KUŠ}PA-MEŠ=mukillu[holder//holder]N'N$mukīl++@saao/saa07%akk-x-neoass:{LU₂}mu-kil-{KUŠ}PA-MEŠ=appatu[bridle//bridle]N'N$appāti",
          "links": [
            {
              "type": "link",
              "xlink_title": "mukīl",
              "xlink_type": "locator",
              "xlink_href": "#P335708.l00775",
              "xlink_role": "elt"
            },
            {
              "type": "link",
              "xlink_title": "appāti",
              "xlink_type": "locator",
              "xlink_href": "#P335708.l00776",
              "xlink_role": "elt"
            }
          ]
        }
      ]
    }
  ]
}
