{
  "type": "cdl",
  "source": "http://oracc.org/saao/saa07",
  "license": "This data is released under the CC0 license",
  "license-url": "https://creativecommons.org/publicdomain/zero/1.0/",
  "more-info": "http://oracc.org/doc/opendata/",
  "UTC-timestamp": "2017-06-10T00:43:52",
  "project": "saao/saa07",
  "textid": "P335892",
  "cdl": [
    {
      "node": "c",
      "type": "text",
      "id": "P335892.U0",
      "cdl": [
        {
          "node": "d",
          "type": "object",
          "ref": ""
        },
        {
          "node": "d",
          "subtype": "obverse",
          "type": "obverse",
          "ref": "P335892.o.1",
          "label": "o"
        },
        {
          "node": "d",
          "subtype": "column 1o",
          "type": "column",
          "ref": "P335892.o.i.2",
          "n": "1",
          "label": "o i"
        },
        {
          "node": "d",
          "type": "nonx",
          "ref": "P335892.3",
          "strict": "0",
          "extent": "beginning",
          "state": "missing"
        },
        {
          "node": "c",
          "type": "discourse",
          "subtype": "body",
          "id": "P335892.U1",
          "cdl": [
            {
              "node": "c",
              "type": "sentence",
              "id": "P335892.U2",
              "label": "o i 1' - r ii 5'",
              "cdl": [
                {
                  "node": "d",
                  "type": "line-start",
                  "ref": "P335892.4",
                  "n": "1'",
                  "label": "o i 1'"
                },
                {
                  "node": "l",
                  "frag": "[x",
                  "id": "P335892.l020aa",
                  "ref": "P335892.4.1",
                  "inst": "u",
                  "f": {
                    "lang": "akk-x-neoass",
                    "form": "x",
                    "pos": "u"
                  }
                },
                {
                  "node": "l",
                  "frag": "x",
                  "id": "P335892.l020ab",
                  "ref": "P335892.4.2",
                  "inst": "u",
                  "f": {
                    "lang": "akk-x-neoass",
                    "form": "x",
                    "pos": "u"
                  }
                },
                {
                  "node": "l",
                  "frag": "x",
                  "id": "P335892.l020ac",
                  "ref": "P335892.4.3",
                  "inst": "u",
                  "f": {
                    "lang": "akk-x-neoass",
                    "form": "x",
                    "pos": "u"
                  }
                },
                {
                  "node": "l",
                  "frag": "x",
                  "id": "P335892.l020ad",
                  "ref": "P335892.4.4",
                  "inst": "u",
                  "f": {
                    "lang": "akk-x-neoass",
                    "form": "x",
                    "pos": "u"
                  }
                },
                {
                  "node": "l",
                  "frag": "x",
                  "id": "P335892.l020ae",
                  "ref": "P335892.4.5",
                  "inst": "u",
                  "f": {
                    "lang": "akk-x-neoass",
                    "form": "x",
                    "pos": "u"
                  }
                },
                {
                  "node": "l",
                  "frag": "x]+⸢x⸣",
                  "id": "P335892.l020af",
                  "ref": "P335892.4.6",
                  "inst": "u",
                  "f": {
                    "lang": "akk-x-neoass",
                    "form": "x+x",
                    "pos": "u"
                  }
                },
                {
                  "node": "d",
                  "type": "nonx",
                  "ref": "P335892.5",
                  "strict": "1",
                  "extent": "n",
                  "scope": "line",
                  "state": "ruling",
                  "flags": "!"
                },
                {
                  "node": "d",
                  "type": "nonx",
                  "ref": "P335892.6",
                  "strict": "0",
                  "extent": "n",
                  "scope": "line",
                  "state": "blank"
                },
                {
                  "node": "d",
                  "type": "line-start",
                  "ref": "P335892.7",
                  "n": "2'",
                  "label": "o i 2'"
                },
                {
                  "node": "l",
                  "frag": "[x",
                  "id": "P335892.l020b0",
                  "ref": "P335892.7.1",
                  "inst": "u",
                  "f": {
                    "lang": "akk-x-neoass",
                    "form": "x",
                    "pos": "u"
                  }
                },
                {
                  "node": "l",
                  "frag": "x",
                  "id": "P335892.l020b1",
                  "ref": "P335892.7.2",
                  "inst": "u",
                  "f": {
                    "lang": "akk-x-neoass",
                    "form": "x",
                    "pos": "u"
                  }
                },
                {
                  "node": "l",
                  "frag": "x]",
                  "id": "P335892.l020b2",
                  "ref": "P335892.7.3",
                  "inst": "u",
                  "f": {
                    "lang": "akk-x-neoass",
                    "form": "x",
                    "pos": "u"
                  }
                },
                {
                  "node": "l",
                  "frag": "SU.DA-MEŠ",
                  "id": "P335892.l020b3",
                  "ref": "P335892.7.4",
                  "inst": "u",
                  "f": {
                    "lang": "akk-x-neoass",
                    "form": "SU.DA-MEŠ",
                    "pos": "u"
                  }
                },
                {
                  "node": "d",
                  "type": "line-start",
                  "ref": "P335892.8",
                  "n": "3'",
                  "label": "o i 3'"
                },
                {
                  "node": "l",
                  "frag": "[x",
                  "id": "P335892.l020b4",
                  "ref": "P335892.8.1",
                  "inst": "u",
                  "f": {
                    "lang": "akk-x-neoass",
                    "form": "x",
                    "pos": "u"
                  }
                },
                {
                  "node": "l",
                  "frag": "x",
                  "id": "P335892.l020b5",
                  "ref": "P335892.8.2",
                  "inst": "u",
                  "f": {
                    "lang": "akk-x-neoass",
                    "form": "x",
                    "pos": "u"
                  }
                },
                {
                  "node": "l",
                  "frag": "x]",
                  "id": "P335892.l020b6",
                  "ref": "P335892.8.3",
                  "inst": "u",
                  "f": {
                    "lang": "akk-x-neoass",
                    "form": "x",
                    "pos": "u"
                  }
                },
                {
                  "node": "l",
                  "frag": "PAB",
                  "id": "P335892.l020b7",
                  "ref": "P335892.8.4",
                  "inst": "gimru[total]N",
                  "sig": "@saao/saa07%akk-x-neoass:PAB=gimru[totality//total]N'N$gimru",
                  "f": {
                    "lang": "akk-x-neoass",
                    "form": "PAB",
                    "cf": "gimru",
                    "gw": "totality",
                    "sense": "total",
                    "norm": "gimru",
                    "pos": "N",
                    "epos": "N"
                  }
                },
                {
                  "node": "l",
                  "frag": "KUG.GI",
                  "id": "P335892.l020b8",
                  "ref": "P335892.8.5",
                  "inst": "hurāṣu[gold]N",
                  "sig": "@saao/saa07%akk-x-neoass:KUG.GI=hurāṣu[gold//gold]N'N$hurāṣu",
                  "f": {
                    "lang": "akk-x-neoass",
                    "form": "KUG.GI",
                    "cf": "hurāṣu",
                    "gw": "gold",
                    "sense": "gold",
                    "norm": "hurāṣu",
                    "pos": "N",
                    "epos": "N"
                  }
                },
                {
                  "node": "l",
                  "frag": "KUG.UD",
                  "id": "P335892.l020b9",
                  "ref": "P335892.8.6",
                  "inst": "ṣarpu[silver]N",
                  "sig": "@saao/saa07%akk-x-neoass:KUG.UD=ṣarpu[silver//silver]N'N$ṣarpu",
                  "f": {
                    "lang": "akk-x-neoass",
                    "form": "KUG.UD",
                    "cf": "ṣarpu",
                    "gw": "silver",
                    "sense": "silver",
                    "norm": "ṣarpu",
                    "pos": "N",
                    "epos": "N"
                  }
                },
                {
                  "node": "d",
                  "type": "nonx",
                  "ref": "P335892.9",
                  "strict": "1",
                  "extent": "n",
                  "scope": "line",
                  "state": "ruling"
                },
                {
                  "node": "d",
                  "type": "line-start",
                  "ref": "P335892.10",
                  "n": "4'",
                  "label": "o i 4'"
                },
                {
                  "node": "l",
                  "frag": "01",
                  "id": "P335892.l020ba",
                  "ref": "P335892.10.1",
                  "inst": "n",
                  "f": {
                    "lang": "akk-x-neoass",
                    "form": "01",
                    "pos": "n"
                  }
                },
                {
                  "node": "l",
                  "frag": "{kuš}BAN₃].DA",
                  "id": "P335892.l020bb",
                  "ref": "P335892.10.2",
                  "inst": "šeršerrutu[string of beads]N",
                  "sig": "@saao/saa07%akk-x-neoass:{KUŠ}BAN₃.DA=šeršerratu[chain//string of beads]N'N$šeršerrutu",
                  "f": {
                    "lang": "akk-x-neoass",
                    "form": "{KUŠ}BAN₃.DA",
                    "cf": "šeršerratu",
                    "gw": "chain",
                    "sense": "string of beads",
                    "norm": "šeršerrutu",
                    "pos": "N",
                    "epos": "N"
                  }
                },
                {
                  "node": "c",
                  "type": "phrase",
                  "tag": "phr",
                  "id": "P335892.U4",
                  "ref": "P335892.ls00000",
                  "cdl": [
                    {
                      "node": "l",
                      "frag": "PEŠ₄.{mi₂}ANŠE-MEŠ",
                      "id": "P335892.l020bc",
                      "ref": "P335892.10.3",
                      "cof-tails": "P335892.l020bd",
                      "inst": "+biṣṣūru[vulva]N$biṣṣūr&+atānu[she-ass]N$atānāti",
                      "sig": "@saao/saa07%akk-x-neoass:PEŠ₄.{MI₂}ANŠE-MEŠ=biṣṣūru[vulva//vulva]N'N$biṣṣūr&&@saao/saa07%akk-x-neoass:PEŠ₄.{MI₂}ANŠE-MEŠ=atānu[she-ass//she-ass]N'N$atānāti",
                      "f": {
                        "lang": "akk-x-neoass",
                        "form": "PEŠ₄.{MI₂}ANŠE-MEŠ",
                        "cf": "biṣṣūru",
                        "gw": "vulva",
                        "sense": "vulva",
                        "norm": "biṣṣūr",
                        "pos": "N",
                        "epos": "N"
                      }
                    },
                    {
                      "node": "l",
                      "frag": "PEŠ₄.{mi₂}ANŠE-MEŠ",
                      "id": "P335892.l020bd",
                      "ref": "P335892.10.3",
                      "cof-head": "P335892.l020bc",
                      "inst": "+biṣṣūru[vulva]N$biṣṣūr&+atānu[she-ass]N$atānāti",
                      "f": {
                        "lang": "akk-x-neoass",
                        "form": "PEŠ₄.{MI₂}ANŠE-MEŠ",
                        "cf": "atānu",
                        "gw": "she-ass",
                        "sense": "she-ass",
                        "norm": "atānāti",
                        "pos": "N",
                        "epos": "N"
                      }
                    }
                  ]
                },
                {
                  "node": "d",
                  "type": "line-start",
                  "ref": "P335892.11",
                  "n": "5'",
                  "label": "o i 5'"
                },
                {
                  "node": "l",
                  "frag": "[x",
                  "id": "P335892.l020be",
                  "ref": "P335892.11.1",
                  "inst": "u",
                  "f": {
                    "lang": "akk-x-neoass",
                    "form": "x",
                    "pos": "u"
                  }
                },
                {
                  "node": "l",
                  "frag": "x",
                  "id": "P335892.l020bf",
                  "ref": "P335892.11.2",
                  "inst": "u",
                  "f": {
                    "lang": "akk-x-neoass",
                    "form": "x",
                    "pos": "u"
                  }
                },
                {
                  "node": "l",
                  "frag": "x]+⸢x⸣",
                  "id": "P335892.l020c0",
                  "ref": "P335892.11.3",
                  "inst": "u",
                  "f": {
                    "lang": "akk-x-neoass",
                    "form": "x+x",
                    "pos": "u"
                  }
                },
                {
                  "node": "l",
                  "frag": "KUG.UD",
                  "id": "P335892.l020c1",
                  "ref": "P335892.11.4",
                  "inst": "ṣarpi[silver]N",
                  "sig": "@saao/saa07%akk-x-neoass:KUG.UD=ṣarpu[silver//silver]N'N$ṣarpi",
                  "f": {
                    "lang": "akk-x-neoass",
                    "form": "KUG.UD",
                    "cf": "ṣarpu",
                    "gw": "silver",
                    "sense": "silver",
                    "norm": "ṣarpi",
                    "pos": "N",
                    "epos": "N"
                  }
                },
                {
                  "node": "l",
                  "frag": "ni-ih-su",
                  "id": "P335892.l020c2",
                  "ref": "P335892.11.5",
                  "inst": "+nehsu[inlay]N$nihsu",
                  "sig": "@saao/saa07%akk-x-neoass:ni-ih-su=nehsu[inlay//inlay]N'N$nihsu",
                  "f": {
                    "lang": "akk-x-neoass",
                    "form": "ni-ih-su",
                    "cf": "nehsu",
                    "gw": "inlay",
                    "sense": "inlay",
                    "norm": "nihsu",
                    "pos": "N",
                    "epos": "N"
                  }
                },
                {
                  "node": "l",
                  "frag": "KUG.GI",
                  "id": "P335892.l020c3",
                  "ref": "P335892.11.6",
                  "inst": "hurāṣu[gold]N",
                  "sig": "@saao/saa07%akk-x-neoass:KUG.GI=hurāṣu[gold//gold]N'N$hurāṣu",
                  "f": {
                    "lang": "akk-x-neoass",
                    "form": "KUG.GI",
                    "cf": "hurāṣu",
                    "gw": "gold",
                    "sense": "gold",
                    "norm": "hurāṣu",
                    "pos": "N",
                    "epos": "N"
                  }
                },
                {
                  "node": "d",
                  "type": "line-start",
                  "ref": "P335892.12",
                  "n": "6'",
                  "label": "o i 6'"
                },
                {
                  "node": "l",
                  "frag": "[x",
                  "id": "P335892.l020c4",
                  "ref": "P335892.12.1",
                  "inst": "u",
                  "f": {
                    "lang": "akk-x-neoass",
                    "form": "x",
                    "pos": "u"
                  }
                },
                {
                  "node": "l",
                  "frag": "x",
                  "id": "P335892.l020c5",
                  "ref": "P335892.12.2",
                  "inst": "u",
                  "f": {
                    "lang": "akk-x-neoass",
                    "form": "x",
                    "pos": "u"
                  }
                },
                {
                  "node": "l",
                  "frag": "x]-⸢na⸣",
                  "id": "P335892.l020c6",
                  "ref": "P335892.12.3",
                  "inst": "u",
                  "f": {
                    "lang": "akk-x-neoass",
                    "form": "x-na",
                    "pos": "u"
                  }
                },
                {
                  "node": "l",
                  "frag": "su-sa-ni",
                  "id": "P335892.l020c7",
                  "ref": "P335892.12.4",
                  "inst": "+sussu[(a vessel)]N$sussāni",
                  "sig": "@saao/saa07%akk-x-neoass:su-sa-ni=sussu[(a vessel)//(a vessel)]N'N$sussāni",
                  "f": {
                    "lang": "akk-x-neoass",
                    "form": "su-sa-ni",
                    "cf": "sussu",
                    "gw": "(a vessel)",
                    "sense": "(a vessel)",
                    "norm": "sussāni",
                    "pos": "N",
                    "epos": "N"
                  }
                },
                {
                  "node": "d",
                  "type": "line-start",
                  "ref": "P335892.13",
                  "n": "7'",
                  "label": "o i 7'"
                },
                {
                  "node": "l",
                  "frag": "[x",
                  "id": "P335892.l020c8",
                  "ref": "P335892.13.1",
                  "inst": "u",
                  "f": {
                    "lang": "akk-x-neoass",
                    "form": "x",
                    "pos": "u"
                  }
                },
                {
                  "node": "l",
                  "frag": "x",
                  "id": "P335892.l020c9",
                  "ref": "P335892.13.2",
                  "inst": "u",
                  "f": {
                    "lang": "akk-x-neoass",
                    "form": "x",
                    "pos": "u"
                  }
                },
                {
                  "node": "l",
                  "frag": "x",
                  "id": "P335892.l020ca",
                  "ref": "P335892.13.3",
                  "inst": "u",
                  "f": {
                    "lang": "akk-x-neoass",
                    "form": "x",
                    "pos": "u"
                  }
                },
                {
                  "node": "l",
                  "frag": "x]+⸢x⸣-MEŠ",
                  "id": "P335892.l020cb",
                  "ref": "P335892.13.4",
                  "inst": "u",
                  "f": {
                    "lang": "akk-x-neoass",
                    "form": "x+x-MEŠ",
                    "pos": "u"
                  }
                },
                {
                  "node": "l",
                  "frag": "KUG.UD",
                  "id": "P335892.l020cc",
                  "ref": "P335892.13.5",
                  "inst": "ṣarpi[silver]N",
                  "sig": "@saao/saa07%akk-x-neoass:KUG.UD=ṣarpu[silver//silver]N'N$ṣarpi",
                  "f": {
                    "lang": "akk-x-neoass",
                    "form": "KUG.UD",
                    "cf": "ṣarpu",
                    "gw": "silver",
                    "sense": "silver",
                    "norm": "ṣarpi",
                    "pos": "N",
                    "epos": "N"
                  }
                },
                {
                  "node": "d",
                  "type": "nonx",
                  "ref": "P335892.14",
                  "strict": "0",
                  "extent": "rest",
                  "state": "missing"
                },
                {
                  "node": "d",
                  "subtype": "column 2o",
                  "type": "column",
                  "ref": "P335892.o.ii.15",
                  "n": "2",
                  "label": "o ii"
                },
                {
                  "node": "d",
                  "type": "nonx",
                  "ref": "P335892.16",
                  "strict": "0",
                  "extent": "beginning",
                  "state": "missing"
                },
                {
                  "node": "d",
                  "type": "line-start",
                  "ref": "P335892.17",
                  "n": "1'",
                  "label": "o ii 1'"
                },
                {
                  "node": "l",
                  "frag": "01",
                  "id": "P335892.l020cd",
                  "ref": "P335892.17.1",
                  "inst": "n",
                  "f": {
                    "lang": "akk-x-neoass",
                    "form": "01",
                    "pos": "n"
                  }
                },
                {
                  "node": "l",
                  "frag": "⸢qu⸣-[lu",
                  "id": "P335892.l020ce",
                  "ref": "P335892.17.2",
                  "inst": "qullu[clasp]N",
                  "sig": "@saao/saa07%akk-x-neoass:qu-lu=qullu[(a large ring)//clasp]N'N$qullu",
                  "f": {
                    "lang": "akk-x-neoass",
                    "form": "qu-lu",
                    "cf": "qullu",
                    "gw": "(a large ring)",
                    "sense": "clasp",
                    "norm": "qullu",
                    "pos": "N",
                    "epos": "N"
                  }
                },
                {
                  "node": "l",
                  "frag": "x",
                  "id": "P335892.l020cf",
                  "ref": "P335892.17.3",
                  "inst": "u",
                  "f": {
                    "lang": "akk-x-neoass",
                    "form": "x",
                    "pos": "u"
                  }
                },
                {
                  "node": "l",
                  "frag": "x",
                  "id": "P335892.l020d0",
                  "ref": "P335892.17.4",
                  "inst": "u",
                  "f": {
                    "lang": "akk-x-neoass",
                    "form": "x",
                    "pos": "u"
                  }
                },
                {
                  "node": "l",
                  "frag": "x]",
                  "id": "P335892.l020d1",
                  "ref": "P335892.17.5",
                  "inst": "u",
                  "f": {
                    "lang": "akk-x-neoass",
                    "form": "x",
                    "pos": "u"
                  }
                },
                {
                  "node": "d",
                  "type": "line-start",
                  "ref": "P335892.18",
                  "n": "2'",
                  "label": "o ii 2'"
                },
                {
                  "node": "d",
                  "type": "nonw",
                  "ref": ""
                },
                {
                  "node": "l",
                  "frag": "KUG.⸢GI⸣",
                  "id": "P335892.l020d2",
                  "ref": "P335892.18.1",
                  "inst": "hurāṣu[gold]N",
                  "sig": "@saao/saa07%akk-x-neoass:KUG.GI=hurāṣu[gold//gold]N'N$hurāṣu",
                  "f": {
                    "lang": "akk-x-neoass",
                    "form": "KUG.GI",
                    "cf": "hurāṣu",
                    "gw": "gold",
                    "sense": "gold",
                    "norm": "hurāṣu",
                    "pos": "N",
                    "epos": "N"
                  }
                },
                {
                  "node": "l",
                  "frag": "[x",
                  "id": "P335892.l020d3",
                  "ref": "P335892.18.2",
                  "inst": "u",
                  "f": {
                    "lang": "akk-x-neoass",
                    "form": "x",
                    "pos": "u"
                  }
                },
                {
                  "node": "l",
                  "frag": "x",
                  "id": "P335892.l020d4",
                  "ref": "P335892.18.3",
                  "inst": "u",
                  "f": {
                    "lang": "akk-x-neoass",
                    "form": "x",
                    "pos": "u"
                  }
                },
                {
                  "node": "l",
                  "frag": "x",
                  "id": "P335892.l020d5",
                  "ref": "P335892.18.4",
                  "inst": "u",
                  "f": {
                    "lang": "akk-x-neoass",
                    "form": "x",
                    "pos": "u"
                  }
                },
                {
                  "node": "l",
                  "frag": "x]",
                  "id": "P335892.l020d6",
                  "ref": "P335892.18.5",
                  "inst": "u",
                  "f": {
                    "lang": "akk-x-neoass",
                    "form": "x",
                    "pos": "u"
                  }
                },
                {
                  "node": "d",
                  "type": "line-start",
                  "ref": "P335892.19",
                  "n": "3'",
                  "label": "o ii 3'"
                },
                {
                  "node": "d",
                  "type": "nonw",
                  "ref": ""
                },
                {
                  "node": "l",
                  "frag": "28",
                  "id": "P335892.l020d7",
                  "ref": "P335892.19.1",
                  "inst": "n",
                  "f": {
                    "lang": "akk-x-neoass",
                    "form": "28",
                    "pos": "n"
                  }
                },
                {
                  "node": "l",
                  "frag": "⸢MUL⸣-[MEŠ",
                  "id": "P335892.l020d8",
                  "ref": "P335892.19.2",
                  "inst": "kakkibī[star]N",
                  "sig": "@saao/saa07%akk-x-neoass:MUL-MEŠ=kakkabu[star//star]N'N$kakkibī",
                  "f": {
                    "lang": "akk-x-neoass",
                    "form": "MUL-MEŠ",
                    "cf": "kakkabu",
                    "gw": "star",
                    "sense": "star",
                    "norm": "kakkibī",
                    "pos": "N",
                    "epos": "N"
                  }
                },
                {
                  "node": "l",
                  "frag": "x",
                  "id": "P335892.l020d9",
                  "ref": "P335892.19.3",
                  "inst": "u",
                  "f": {
                    "lang": "akk-x-neoass",
                    "form": "x",
                    "pos": "u"
                  }
                },
                {
                  "node": "l",
                  "frag": "x",
                  "id": "P335892.l020da",
                  "ref": "P335892.19.4",
                  "inst": "u",
                  "f": {
                    "lang": "akk-x-neoass",
                    "form": "x",
                    "pos": "u"
                  }
                },
                {
                  "node": "l",
                  "frag": "x]",
                  "id": "P335892.l020db",
                  "ref": "P335892.19.5",
                  "inst": "u",
                  "f": {
                    "lang": "akk-x-neoass",
                    "form": "x",
                    "pos": "u"
                  }
                },
                {
                  "node": "d",
                  "type": "line-start",
                  "ref": "P335892.20",
                  "n": "4'",
                  "label": "o ii 4'"
                },
                {
                  "node": "d",
                  "type": "nonw",
                  "ref": ""
                },
                {
                  "node": "l",
                  "frag": "01",
                  "id": "P335892.l020dc",
                  "ref": "P335892.20.1",
                  "inst": "n",
                  "f": {
                    "lang": "akk-x-neoass",
                    "form": "01",
                    "pos": "n"
                  }
                },
                {
                  "node": "l",
                  "frag": "sa-⸢li⸣",
                  "id": "P335892.l020dd",
                  "ref": "P335892.20.2",
                  "inst": "u",
                  "f": {
                    "lang": "akk-x-neoass",
                    "form": "sa-li",
                    "pos": "u"
                  }
                },
                {
                  "node": "l",
                  "frag": "[x",
                  "id": "P335892.l020de",
                  "ref": "P335892.20.3",
                  "inst": "u",
                  "f": {
                    "lang": "akk-x-neoass",
                    "form": "x",
                    "pos": "u"
                  }
                },
                {
                  "node": "l",
                  "frag": "x",
                  "id": "P335892.l020df",
                  "ref": "P335892.20.4",
                  "inst": "u",
                  "f": {
                    "lang": "akk-x-neoass",
                    "form": "x",
                    "pos": "u"
                  }
                },
                {
                  "node": "l",
                  "frag": "x",
                  "id": "P335892.l020e0",
                  "ref": "P335892.20.5",
                  "inst": "u",
                  "f": {
                    "lang": "akk-x-neoass",
                    "form": "x",
                    "pos": "u"
                  }
                },
                {
                  "node": "l",
                  "frag": "x]",
                  "id": "P335892.l020e1",
                  "ref": "P335892.20.6",
                  "inst": "u",
                  "f": {
                    "lang": "akk-x-neoass",
                    "form": "x",
                    "pos": "u"
                  }
                },
                {
                  "node": "d",
                  "type": "line-start",
                  "ref": "P335892.21",
                  "n": "5'",
                  "label": "o ii 5'"
                },
                {
                  "node": "d",
                  "type": "nonw",
                  "ref": ""
                },
                {
                  "node": "l",
                  "frag": "na-⸢x⸣+[x",
                  "id": "P335892.l020e2",
                  "ref": "P335892.21.1",
                  "inst": "u",
                  "f": {
                    "lang": "akk-x-neoass",
                    "form": "na-x+x",
                    "pos": "u"
                  }
                },
                {
                  "node": "l",
                  "frag": "x",
                  "id": "P335892.l020e3",
                  "ref": "P335892.21.2",
                  "inst": "u",
                  "f": {
                    "lang": "akk-x-neoass",
                    "form": "x",
                    "pos": "u"
                  }
                },
                {
                  "node": "l",
                  "frag": "x",
                  "id": "P335892.l020e4",
                  "ref": "P335892.21.3",
                  "inst": "u",
                  "f": {
                    "lang": "akk-x-neoass",
                    "form": "x",
                    "pos": "u"
                  }
                },
                {
                  "node": "l",
                  "frag": "x]",
                  "id": "P335892.l020e5",
                  "ref": "P335892.21.4",
                  "inst": "u",
                  "f": {
                    "lang": "akk-x-neoass",
                    "form": "x",
                    "pos": "u"
                  }
                },
                {
                  "node": "d",
                  "type": "line-start",
                  "ref": "P335892.22",
                  "n": "6'",
                  "label": "o ii 6'"
                },
                {
                  "node": "d",
                  "type": "nonw",
                  "ref": ""
                },
                {
                  "node": "l",
                  "frag": "GAL-⸢x⸣+[x",
                  "id": "P335892.l020e6",
                  "ref": "P335892.22.1",
                  "inst": "u",
                  "f": {
                    "lang": "akk-x-neoass",
                    "form": "GAL-x+x",
                    "pos": "u"
                  }
                },
                {
                  "node": "l",
                  "frag": "x",
                  "id": "P335892.l020e7",
                  "ref": "P335892.22.2",
                  "inst": "u",
                  "f": {
                    "lang": "akk-x-neoass",
                    "form": "x",
                    "pos": "u"
                  }
                },
                {
                  "node": "l",
                  "frag": "x",
                  "id": "P335892.l020e8",
                  "ref": "P335892.22.3",
                  "inst": "u",
                  "f": {
                    "lang": "akk-x-neoass",
                    "form": "x",
                    "pos": "u"
                  }
                },
                {
                  "node": "l",
                  "frag": "x]",
                  "id": "P335892.l020e9",
                  "ref": "P335892.22.4",
                  "inst": "u",
                  "f": {
                    "lang": "akk-x-neoass",
                    "form": "x",
                    "pos": "u"
                  }
                },
                {
                  "node": "d",
                  "type": "nonx",
                  "ref": "P335892.23",
                  "strict": "1",
                  "extent": "n",
                  "scope": "line",
                  "state": "ruling"
                },
                {
                  "node": "d",
                  "type": "nonx",
                  "ref": "P335892.24",
                  "strict": "0",
                  "extent": "rest",
                  "scope": "line",
                  "state": "other"
                },
                {
                  "node": "d",
                  "subtype": "reverse",
                  "type": "reverse",
                  "ref": "P335892.r.25",
                  "label": "r"
                },
                {
                  "node": "d",
                  "subtype": "column 1r",
                  "type": "column",
                  "ref": "P335892.r.i.26",
                  "n": "1",
                  "label": "r i"
                },
                {
                  "node": "d",
                  "type": "nonx",
                  "ref": "P335892.27",
                  "strict": "0",
                  "state": "missing"
                },
                {
                  "node": "d",
                  "subtype": "column 2r",
                  "type": "column",
                  "ref": "P335892.r.ii.28",
                  "n": "2",
                  "label": "r ii"
                },
                {
                  "node": "d",
                  "type": "nonx",
                  "ref": "P335892.29",
                  "strict": "0",
                  "extent": "beginning",
                  "state": "missing"
                },
                {
                  "node": "d",
                  "type": "line-start",
                  "ref": "P335892.30",
                  "n": "1'",
                  "label": "r ii 1'"
                },
                {
                  "node": "l",
                  "frag": "[x]",
                  "id": "P335892.l020ea",
                  "ref": "P335892.30.1",
                  "inst": "u",
                  "f": {
                    "lang": "akk-x-neoass",
                    "form": "x",
                    "pos": "u"
                  }
                },
                {
                  "node": "l",
                  "frag": "⸢tak⸣-ku-sat",
                  "id": "P335892.l020eb",
                  "ref": "P335892.30.2",
                  "inst": "takkusāt[tube]N",
                  "sig": "@saao/saa07%akk-x-neoass:tak-ku-sat=takkussu[reed-stem//tube]N'N$takkusāt",
                  "f": {
                    "lang": "akk-x-neoass",
                    "form": "tak-ku-sat",
                    "cf": "takkussu",
                    "gw": "reed-stem",
                    "sense": "tube",
                    "norm": "takkusāt",
                    "pos": "N",
                    "epos": "N"
                  }
                },
                {
                  "node": "l",
                  "frag": "06",
                  "id": "P335892.l020ec",
                  "ref": "P335892.30.3",
                  "inst": "n",
                  "f": {
                    "lang": "akk-x-neoass",
                    "form": "06",
                    "pos": "n"
                  }
                },
                {
                  "node": "l",
                  "frag": "⸢x⸣+[x",
                  "id": "P335892.l020ed",
                  "ref": "P335892.30.4",
                  "inst": "u",
                  "f": {
                    "lang": "akk-x-neoass",
                    "form": "x+x",
                    "pos": "u"
                  }
                },
                {
                  "node": "l",
                  "frag": "x]",
                  "id": "P335892.l020ee",
                  "ref": "P335892.30.5",
                  "inst": "u",
                  "f": {
                    "lang": "akk-x-neoass",
                    "form": "x",
                    "pos": "u"
                  }
                },
                {
                  "node": "d",
                  "type": "line-start",
                  "ref": "P335892.31",
                  "n": "2'",
                  "label": "r ii 2'"
                },
                {
                  "node": "l",
                  "frag": "[x",
                  "id": "P335892.l020ef",
                  "ref": "P335892.31.1",
                  "inst": "u",
                  "f": {
                    "lang": "akk-x-neoass",
                    "form": "x",
                    "pos": "u"
                  }
                },
                {
                  "node": "l",
                  "frag": "x]",
                  "id": "P335892.l020f0",
                  "ref": "P335892.31.2",
                  "inst": "u",
                  "f": {
                    "lang": "akk-x-neoass",
                    "form": "x",
                    "pos": "u"
                  }
                },
                {
                  "node": "l",
                  "frag": "03",
                  "id": "P335892.l020f1",
                  "ref": "P335892.31.3",
                  "inst": "n",
                  "f": {
                    "lang": "akk-x-neoass",
                    "form": "03",
                    "pos": "n"
                  }
                },
                {
                  "node": "l",
                  "frag": "ir-ṣi-ṣi",
                  "id": "P335892.l020f2",
                  "ref": "P335892.31.4",
                  "inst": "irṣiṣī[(a precious item)]N",
                  "sig": "@saao/saa07%akk-x-neoass:ir-ṣi-ṣi=irṣiṣu[(a precious item)//(a precious item)]N'N$irṣiṣī",
                  "f": {
                    "lang": "akk-x-neoass",
                    "form": "ir-ṣi-ṣi",
                    "cf": "irṣiṣu",
                    "gw": "(a precious item)",
                    "sense": "(a precious item)",
                    "norm": "irṣiṣī",
                    "pos": "N",
                    "epos": "N"
                  }
                },
                {
                  "node": "l",
                  "frag": "⸢KUG⸣.[UD]",
                  "id": "P335892.l020f3",
                  "ref": "P335892.31.5",
                  "inst": "ṣarpi[silver]N",
                  "sig": "@saao/saa07%akk-x-neoass:KUG.UD=ṣarpu[silver//silver]N'N$ṣarpi",
                  "f": {
                    "lang": "akk-x-neoass",
                    "form": "KUG.UD",
                    "cf": "ṣarpu",
                    "gw": "silver",
                    "sense": "silver",
                    "norm": "ṣarpi",
                    "pos": "N",
                    "epos": "N"
                  }
                },
                {
                  "node": "d",
                  "type": "line-start",
                  "ref": "P335892.32",
                  "n": "3'",
                  "label": "r ii 3'"
                },
                {
                  "node": "l",
                  "frag": "[x",
                  "id": "P335892.l020f4",
                  "ref": "P335892.32.1",
                  "inst": "u",
                  "f": {
                    "lang": "akk-x-neoass",
                    "form": "x",
                    "pos": "u"
                  }
                },
                {
                  "node": "l",
                  "frag": "x]",
                  "id": "P335892.l020f5",
                  "ref": "P335892.32.2",
                  "inst": "u",
                  "f": {
                    "lang": "akk-x-neoass",
                    "form": "x",
                    "pos": "u"
                  }
                },
                {
                  "node": "l",
                  "frag": "ša",
                  "id": "P335892.l020f6",
                  "ref": "P335892.32.3",
                  "inst": "ša[which]REL",
                  "sig": "@saao/saa07%akk-x-neoass:ša=ša[that//which]REL'REL$ša",
                  "f": {
                    "lang": "akk-x-neoass",
                    "form": "ša",
                    "cf": "ša",
                    "gw": "that",
                    "sense": "which",
                    "norm": "ša",
                    "pos": "REL",
                    "epos": "REL"
                  }
                },
                {
                  "node": "l",
                  "frag": "ku-um",
                  "id": "P335892.l020f7",
                  "ref": "P335892.32.4",
                  "inst": "kūm[instead of]PRP",
                  "sig": "@saao/saa07%akk-x-neoass:ku-um=kūm[instead of//instead of]PRP'PRP$kūm",
                  "f": {
                    "lang": "akk-x-neoass",
                    "form": "ku-um",
                    "cf": "kūm",
                    "gw": "instead of",
                    "sense": "instead of",
                    "norm": "kūm",
                    "pos": "PRP",
                    "epos": "PRP"
                  }
                },
                {
                  "node": "l",
                  "frag": "qu-⸢li⸣",
                  "id": "P335892.l020f8",
                  "ref": "P335892.32.5",
                  "inst": "+qullu[(a large ring)//clasp]N'N$qulli",
                  "sig": "@saao/saa07%akk-x-neoass:qu-li=qullu[(a large ring)//clasp]N'N$qulli",
                  "f": {
                    "lang": "akk-x-neoass",
                    "form": "qu-li",
                    "cf": "qullu",
                    "gw": "(a large ring)",
                    "sense": "clasp",
                    "norm": "qulli",
                    "pos": "N",
                    "epos": "N"
                  }
                },
                {
                  "node": "l",
                  "frag": "[x",
                  "id": "P335892.l020f9",
                  "ref": "P335892.32.6",
                  "inst": "u",
                  "f": {
                    "lang": "akk-x-neoass",
                    "form": "x",
                    "pos": "u"
                  }
                },
                {
                  "node": "l",
                  "frag": "x",
                  "id": "P335892.l020fa",
                  "ref": "P335892.32.7",
                  "inst": "u",
                  "f": {
                    "lang": "akk-x-neoass",
                    "form": "x",
                    "pos": "u"
                  }
                },
                {
                  "node": "l",
                  "frag": "x]",
                  "id": "P335892.l020fb",
                  "ref": "P335892.32.8",
                  "inst": "u",
                  "f": {
                    "lang": "akk-x-neoass",
                    "form": "x",
                    "pos": "u"
                  }
                },
                {
                  "node": "d",
                  "type": "line-start",
                  "ref": "P335892.33",
                  "n": "4'",
                  "label": "r ii 4'"
                },
                {
                  "node": "l",
                  "frag": "[x",
                  "id": "P335892.l020fc",
                  "ref": "P335892.33.1",
                  "inst": "u",
                  "f": {
                    "lang": "akk-x-neoass",
                    "form": "x",
                    "pos": "u"
                  }
                },
                {
                  "node": "l",
                  "frag": "x]",
                  "id": "P335892.l020fd",
                  "ref": "P335892.33.2",
                  "inst": "u",
                  "f": {
                    "lang": "akk-x-neoass",
                    "form": "x",
                    "pos": "u"
                  }
                },
                {
                  "node": "l",
                  "frag": "⸢UGU-hi⸣-ša₂",
                  "id": "P335892.l020fe",
                  "ref": "P335892.33.3",
                  "inst": "muhhīša[skull]N",
                  "sig": "@saao/saa07%akk-x-neoass:UGU-hi-ša₂=muhhu[skull//skull]N'N$muhhīša",
                  "f": {
                    "lang": "akk-x-neoass",
                    "form": "UGU-hi-ša₂",
                    "cf": "muhhu",
                    "gw": "skull",
                    "sense": "skull",
                    "norm": "muhhīša",
                    "pos": "N",
                    "epos": "N"
                  }
                },
                {
                  "node": "l",
                  "frag": "qar-ru-⸢bu⸣",
                  "id": "P335892.l020ff",
                  "ref": "P335892.33.4",
                  "inst": "+qurrubu[brought close//presented]AJ'AJ$qarrubu",
                  "sig": "@saao/saa07%akk-x-neoass:qar-ru-bu=qurrubu[brought close//presented]AJ'AJ$qarrubu",
                  "f": {
                    "lang": "akk-x-neoass",
                    "form": "qar-ru-bu",
                    "cf": "qurrubu",
                    "gw": "brought close",
                    "sense": "presented",
                    "norm": "qarrubu",
                    "pos": "AJ",
                    "epos": "AJ"
                  }
                },
                {
                  "node": "l",
                  "frag": "[x",
                  "id": "P335892.l02100",
                  "ref": "P335892.33.5",
                  "inst": "u",
                  "f": {
                    "lang": "akk-x-neoass",
                    "form": "x",
                    "pos": "u"
                  }
                },
                {
                  "node": "l",
                  "frag": "x",
                  "id": "P335892.l02101",
                  "ref": "P335892.33.6",
                  "inst": "u",
                  "f": {
                    "lang": "akk-x-neoass",
                    "form": "x",
                    "pos": "u"
                  }
                },
                {
                  "node": "l",
                  "frag": "x]",
                  "id": "P335892.l02102",
                  "ref": "P335892.33.7",
                  "inst": "u",
                  "f": {
                    "lang": "akk-x-neoass",
                    "form": "x",
                    "pos": "u"
                  }
                },
                {
                  "node": "d",
                  "type": "line-start",
                  "ref": "P335892.34",
                  "n": "5'",
                  "label": "r ii 5'"
                },
                {
                  "node": "l",
                  "frag": "[x",
                  "id": "P335892.l02103",
                  "ref": "P335892.34.1",
                  "inst": "u",
                  "f": {
                    "lang": "akk-x-neoass",
                    "form": "x",
                    "pos": "u"
                  }
                },
                {
                  "node": "l",
                  "frag": "x]",
                  "id": "P335892.l02104",
                  "ref": "P335892.34.2",
                  "inst": "u",
                  "f": {
                    "lang": "akk-x-neoass",
                    "form": "x",
                    "pos": "u"
                  }
                },
                {
                  "node": "l",
                  "frag": "⸢x",
                  "id": "P335892.l02105",
                  "ref": "P335892.34.3",
                  "inst": "u",
                  "f": {
                    "lang": "akk-x-neoass",
                    "form": "x",
                    "pos": "u"
                  }
                },
                {
                  "node": "l",
                  "frag": "x",
                  "id": "P335892.l02106",
                  "ref": "P335892.34.4",
                  "inst": "u",
                  "f": {
                    "lang": "akk-x-neoass",
                    "form": "x",
                    "pos": "u"
                  }
                },
                {
                  "node": "l",
                  "frag": "x⸣",
                  "id": "P335892.l02107",
                  "ref": "P335892.34.5",
                  "inst": "u",
                  "f": {
                    "lang": "akk-x-neoass",
                    "form": "x",
                    "pos": "u"
                  }
                },
                {
                  "node": "l",
                  "frag": "[x",
                  "id": "P335892.l02108",
                  "ref": "P335892.34.6",
                  "inst": "u",
                  "f": {
                    "lang": "akk-x-neoass",
                    "form": "x",
                    "pos": "u"
                  }
                },
                {
                  "node": "l",
                  "frag": "x",
                  "id": "P335892.l02109",
                  "ref": "P335892.34.7",
                  "inst": "u",
                  "f": {
                    "lang": "akk-x-neoass",
                    "form": "x",
                    "pos": "u"
                  }
                },
                {
                  "node": "l",
                  "frag": "x]",
                  "id": "P335892.l0210a",
                  "ref": "P335892.34.8",
                  "inst": "u",
                  "f": {
                    "lang": "akk-x-neoass",
                    "form": "x",
                    "pos": "u"
                  }
                },
                {
                  "node": "d",
                  "type": "nonx",
                  "ref": "P335892.35",
                  "strict": "0",
                  "extent": "rest",
                  "state": "missing"
                }
              ]
            }
          ]
        }
      ]
    },
    {
      "linkbase": [
        {
          "type": "linkset",
          "xlink_title": "biṣṣūr atāni[cowrie shell//cowrie shell]N'N",
          "id": "P335892.ls00000",
          "xlink_type": "extended",
          "xlink_role": "psu",
          "sig": "{PEŠ₄.{MI₂}ANŠE-MEŠ = biṣṣūru[vulva]N atānu[she-ass]N += biṣṣūr atāni[cowrie shell//cowrie shell]N'N}::@saao/saa07%akk-x-neoass:PEŠ₄.{MI₂}ANŠE-MEŠ=biṣṣūru[vulva//vulva]N'N$biṣṣūr++@saao/saa07%akk-x-neoass:PEŠ₄.{MI₂}ANŠE-MEŠ=atānu[she-ass//she-ass]N'N$atānāti",
          "links": [
            {
              "type": "link",
              "xlink_title": "biṣṣūru",
              "xlink_type": "locator",
              "xlink_href": "#P335892.l020bc",
              "xlink_role": "elt"
            },
            {
              "type": "link",
              "xlink_title": "atānu",
              "xlink_type": "locator",
              "xlink_href": "#P335892.l020bd",
              "xlink_role": "elt"
            }
          ]
        }
      ]
    }
  ]
}
