{
  "type": "cdl",
  "source": "http://oracc.org/saao/saa07",
  "license": "This data is released under the CC0 license",
  "license-url": "https://creativecommons.org/publicdomain/zero/1.0/",
  "more-info": "http://oracc.org/doc/opendata/",
  "UTC-timestamp": "2017-06-10T00:43:41",
  "project": "saao/saa07",
  "textid": "P336638",
  "cdl": [
    {
      "node": "c",
      "type": "text",
      "id": "P336638.U0",
      "cdl": [
        {
          "node": "d",
          "type": "object",
          "ref": ""
        },
        {
          "node": "d",
          "type": "surface",
          "ref": ""
        },
        {
          "node": "c",
          "type": "discourse",
          "subtype": "body",
          "id": "P336638.U1",
          "cdl": [
            {
              "node": "c",
              "type": "sentence",
              "id": "P336638.U2",
              "label": "1 - 7",
              "cdl": [
                {
                  "node": "d",
                  "type": "line-start",
                  "ref": "P336638.1",
                  "n": "1",
                  "label": "1"
                },
                {
                  "node": "l",
                  "frag": "[x",
                  "id": "P336638.l00ee2",
                  "ref": "P336638.1.1",
                  "inst": "u",
                  "f": {
                    "lang": "akk-x-neoass",
                    "form": "x",
                    "pos": "u"
                  }
                },
                {
                  "node": "l",
                  "frag": "x",
                  "id": "P336638.l00ee3",
                  "ref": "P336638.1.2",
                  "inst": "u",
                  "f": {
                    "lang": "akk-x-neoass",
                    "form": "x",
                    "pos": "u"
                  }
                },
                {
                  "node": "l",
                  "frag": "x",
                  "id": "P336638.l00ee4",
                  "ref": "P336638.1.3",
                  "inst": "u",
                  "f": {
                    "lang": "akk-x-neoass",
                    "form": "x",
                    "pos": "u"
                  }
                },
                {
                  "node": "l",
                  "frag": "x]",
                  "id": "P336638.l00ee5",
                  "ref": "P336638.1.4",
                  "inst": "u",
                  "f": {
                    "lang": "akk-x-neoass",
                    "form": "x",
                    "pos": "u"
                  }
                },
                {
                  "node": "l",
                  "frag": "{še}PAD-MEŠ",
                  "id": "P336638.l00ee6",
                  "ref": "P336638.1.5",
                  "inst": "kurummāti[barley (ration)]N",
                  "sig": "@saao/saa07%akk-x-neoass:{ŠE}PAD-MEŠ=kurummatu[ration//barley (ration)]N'N$kurummāti",
                  "f": {
                    "lang": "akk-x-neoass",
                    "form": "{ŠE}PAD-MEŠ",
                    "cf": "kurummatu",
                    "gw": "ration",
                    "sense": "barley (ration)",
                    "norm": "kurummāti",
                    "pos": "N",
                    "epos": "N"
                  }
                },
                {
                  "node": "d",
                  "type": "line-start",
                  "ref": "P336638.2",
                  "n": "2",
                  "label": "2"
                },
                {
                  "node": "l",
                  "frag": "[x",
                  "id": "P336638.l00ee7",
                  "ref": "P336638.2.1",
                  "inst": "u",
                  "f": {
                    "lang": "akk-x-neoass",
                    "form": "x",
                    "pos": "u"
                  }
                },
                {
                  "node": "l",
                  "frag": "x",
                  "id": "P336638.l00ee8",
                  "ref": "P336638.2.2",
                  "inst": "u",
                  "f": {
                    "lang": "akk-x-neoass",
                    "form": "x",
                    "pos": "u"
                  }
                },
                {
                  "node": "l",
                  "frag": "x",
                  "id": "P336638.l00ee9",
                  "ref": "P336638.2.3",
                  "inst": "u",
                  "f": {
                    "lang": "akk-x-neoass",
                    "form": "x",
                    "pos": "u"
                  }
                },
                {
                  "node": "l",
                  "frag": "x",
                  "id": "P336638.l00eea",
                  "ref": "P336638.2.4",
                  "inst": "u",
                  "f": {
                    "lang": "akk-x-neoass",
                    "form": "x",
                    "pos": "u"
                  }
                },
                {
                  "node": "l",
                  "frag": "x]+⸢x⸣-a.a",
                  "id": "P336638.l00eeb",
                  "ref": "P336638.2.5",
                  "inst": "u",
                  "f": {
                    "lang": "akk-x-neoass",
                    "form": "x+x-a.a",
                    "pos": "u"
                  }
                },
                {
                  "node": "d",
                  "type": "nonx",
                  "ref": "P336638.3",
                  "strict": "1",
                  "extent": "n",
                  "scope": "line",
                  "state": "ruling"
                },
                {
                  "node": "d",
                  "type": "line-start",
                  "ref": "P336638.4",
                  "n": "3",
                  "label": "3"
                },
                {
                  "node": "l",
                  "frag": "[x",
                  "id": "P336638.l00eec",
                  "ref": "P336638.4.1",
                  "inst": "u",
                  "f": {
                    "lang": "akk-x-neoass",
                    "form": "x",
                    "pos": "u"
                  }
                },
                {
                  "node": "l",
                  "frag": "x",
                  "id": "P336638.l00eed",
                  "ref": "P336638.4.2",
                  "inst": "u",
                  "f": {
                    "lang": "akk-x-neoass",
                    "form": "x",
                    "pos": "u"
                  }
                },
                {
                  "node": "l",
                  "frag": "x",
                  "id": "P336638.l00eee",
                  "ref": "P336638.4.3",
                  "inst": "u",
                  "f": {
                    "lang": "akk-x-neoass",
                    "form": "x",
                    "pos": "u"
                  }
                },
                {
                  "node": "l",
                  "frag": "x]",
                  "id": "P336638.l00eef",
                  "ref": "P336638.4.4",
                  "inst": "u",
                  "f": {
                    "lang": "akk-x-neoass",
                    "form": "x",
                    "pos": "u"
                  }
                },
                {
                  "node": "l",
                  "frag": "ša",
                  "id": "P336638.l00ef0",
                  "ref": "P336638.4.5",
                  "inst": "ša[of]DET",
                  "sig": "@saao/saa07%akk-x-neoass:ša=ša[of//of]DET'DET$ša",
                  "f": {
                    "lang": "akk-x-neoass",
                    "form": "ša",
                    "cf": "ša",
                    "gw": "of",
                    "sense": "of",
                    "norm": "ša",
                    "pos": "DET",
                    "epos": "DET"
                  }
                },
                {
                  "node": "l",
                  "frag": "E₂-⸢AD⸣-DINGIR-a.a",
                  "id": "P336638.l00ef1",
                  "ref": "P336638.4.6",
                  "inst": "+Bit-abu-ilaʾi[]GN$",
                  "sig": "@saao/saa07%akk-x-neoass:E₂-AD-DINGIR-a.a=Bit-abu-ilaʾi[1//1]GN'GN$Bit-abu-ilaʾi",
                  "f": {
                    "lang": "akk-x-neoass",
                    "form": "E₂-AD-DINGIR-a.a",
                    "cf": "Bit-abu-ilaʾi",
                    "gw": "1",
                    "sense": "1",
                    "norm": "Bit-abu-ilaʾi",
                    "pos": "GN",
                    "epos": "GN"
                  }
                },
                {
                  "node": "d",
                  "type": "line-start",
                  "ref": "P336638.5",
                  "n": "4",
                  "label": "4"
                },
                {
                  "node": "l",
                  "frag": "[x",
                  "id": "P336638.l00ef2",
                  "ref": "P336638.5.1",
                  "inst": "u",
                  "f": {
                    "lang": "akk-x-neoass",
                    "form": "x",
                    "pos": "u"
                  }
                },
                {
                  "node": "l",
                  "frag": "x",
                  "id": "P336638.l00ef3",
                  "ref": "P336638.5.2",
                  "inst": "u",
                  "f": {
                    "lang": "akk-x-neoass",
                    "form": "x",
                    "pos": "u"
                  }
                },
                {
                  "node": "l",
                  "frag": "x",
                  "id": "P336638.l00ef4",
                  "ref": "P336638.5.3",
                  "inst": "u",
                  "f": {
                    "lang": "akk-x-neoass",
                    "form": "x",
                    "pos": "u"
                  }
                },
                {
                  "node": "l",
                  "frag": "x",
                  "id": "P336638.l00ef5",
                  "ref": "P336638.5.4",
                  "inst": "u",
                  "f": {
                    "lang": "akk-x-neoass",
                    "form": "x",
                    "pos": "u"
                  }
                },
                {
                  "node": "l",
                  "frag": "{1}iz-bu",
                  "id": "P336638.l00ef6",
                  "ref": "P336638.5.5",
                  "inst": "Ezbu[1]PN",
                  "sig": "@saao/saa07%akk-x-neoass:{1}iz-bu=Ezbu[1//1]PN'PN$Ezbu",
                  "f": {
                    "lang": "akk-x-neoass",
                    "form": "{1}iz-bu",
                    "cf": "Ezbu",
                    "gw": "1",
                    "sense": "1",
                    "norm": "Ezbu",
                    "pos": "PN",
                    "epos": "PN"
                  }
                },
                {
                  "node": "d",
                  "type": "nonx",
                  "ref": "P336638.6",
                  "strict": "1",
                  "extent": "n",
                  "scope": "line",
                  "state": "ruling"
                },
                {
                  "node": "d",
                  "type": "line-start",
                  "ref": "P336638.7",
                  "n": "5",
                  "label": "5"
                },
                {
                  "node": "l",
                  "frag": "[x",
                  "id": "P336638.l00ef7",
                  "ref": "P336638.7.1",
                  "inst": "u",
                  "f": {
                    "lang": "akk-x-neoass",
                    "form": "x",
                    "pos": "u"
                  }
                },
                {
                  "node": "l",
                  "frag": "x",
                  "id": "P336638.l00ef8",
                  "ref": "P336638.7.2",
                  "inst": "u",
                  "f": {
                    "lang": "akk-x-neoass",
                    "form": "x",
                    "pos": "u"
                  }
                },
                {
                  "node": "l",
                  "frag": "x",
                  "id": "P336638.l00ef9",
                  "ref": "P336638.7.3",
                  "inst": "u",
                  "f": {
                    "lang": "akk-x-neoass",
                    "form": "x",
                    "pos": "u"
                  }
                },
                {
                  "node": "l",
                  "frag": "x]-⸢aš-šur⸣",
                  "id": "P336638.l00efa",
                  "ref": "P336638.7.4",
                  "inst": "u",
                  "f": {
                    "lang": "akk-x-neoass",
                    "form": "x-aš-šur",
                    "pos": "u"
                  }
                },
                {
                  "node": "l",
                  "frag": "{uru}qa-nu-u-nu",
                  "id": "P336638.l00efb",
                  "ref": "P336638.7.5",
                  "inst": "+Qanunu[]GN$",
                  "sig": "@saao/saa07%akk-x-neoass:{URU}qa-nu-u-nu=Qanunu[1//1]GN'GN$Qanunu",
                  "f": {
                    "lang": "akk-x-neoass",
                    "form": "{URU}qa-nu-u-nu",
                    "cf": "Qanunu",
                    "gw": "1",
                    "sense": "1",
                    "norm": "Qanunu",
                    "pos": "GN",
                    "epos": "GN"
                  }
                },
                {
                  "node": "d",
                  "type": "line-start",
                  "ref": "P336638.8",
                  "n": "6",
                  "label": "6"
                },
                {
                  "node": "l",
                  "frag": "[x",
                  "id": "P336638.l00efc",
                  "ref": "P336638.8.1",
                  "inst": "u",
                  "f": {
                    "lang": "akk-x-neoass",
                    "form": "x",
                    "pos": "u"
                  }
                },
                {
                  "node": "l",
                  "frag": "x",
                  "id": "P336638.l00efd",
                  "ref": "P336638.8.2",
                  "inst": "u",
                  "f": {
                    "lang": "akk-x-neoass",
                    "form": "x",
                    "pos": "u"
                  }
                },
                {
                  "node": "l",
                  "frag": "x",
                  "id": "P336638.l00efe",
                  "ref": "P336638.8.3",
                  "inst": "u",
                  "f": {
                    "lang": "akk-x-neoass",
                    "form": "x",
                    "pos": "u"
                  }
                },
                {
                  "node": "l",
                  "frag": "x]-DUMU.UŠ",
                  "id": "P336638.l00eff",
                  "ref": "P336638.8.4",
                  "inst": "u",
                  "f": {
                    "lang": "akk-x-neoass",
                    "form": "x-DUMU.UŠ",
                    "pos": "u"
                  }
                },
                {
                  "node": "l",
                  "frag": "[o]",
                  "id": "P336638.l00f00",
                  "ref": "P336638.8.5",
                  "inst": "u",
                  "f": {
                    "lang": "akk-x-neoass",
                    "form": "o",
                    "pos": "u"
                  }
                },
                {
                  "node": "d",
                  "type": "nonx",
                  "ref": "P336638.9",
                  "strict": "1",
                  "extent": "n",
                  "scope": "line",
                  "state": "ruling"
                },
                {
                  "node": "d",
                  "type": "line-start",
                  "ref": "P336638.10",
                  "n": "7",
                  "label": "7"
                },
                {
                  "node": "l",
                  "frag": "[x",
                  "id": "P336638.l00f01",
                  "ref": "P336638.10.1",
                  "inst": "u",
                  "f": {
                    "lang": "akk-x-neoass",
                    "form": "x",
                    "pos": "u"
                  }
                },
                {
                  "node": "l",
                  "frag": "x",
                  "id": "P336638.l00f02",
                  "ref": "P336638.10.2",
                  "inst": "u",
                  "f": {
                    "lang": "akk-x-neoass",
                    "form": "x",
                    "pos": "u"
                  }
                },
                {
                  "node": "l",
                  "frag": "x",
                  "id": "P336638.l00f03",
                  "ref": "P336638.10.3",
                  "inst": "u",
                  "f": {
                    "lang": "akk-x-neoass",
                    "form": "x",
                    "pos": "u"
                  }
                },
                {
                  "node": "l",
                  "frag": "x]",
                  "id": "P336638.l00f04",
                  "ref": "P336638.10.4",
                  "inst": "u",
                  "f": {
                    "lang": "akk-x-neoass",
                    "form": "x",
                    "pos": "u"
                  }
                },
                {
                  "node": "l",
                  "frag": "{⸢še⸣}PAD-[MEŠ",
                  "id": "P336638.l00f05",
                  "ref": "P336638.10.5",
                  "inst": "kurummāti[barley (ration)]N",
                  "sig": "@saao/saa07%akk-x-neoass:{ŠE}PAD-MEŠ=kurummatu[ration//barley (ration)]N'N$kurummāti",
                  "f": {
                    "lang": "akk-x-neoass",
                    "form": "{ŠE}PAD-MEŠ",
                    "cf": "kurummatu",
                    "gw": "ration",
                    "sense": "barley (ration)",
                    "norm": "kurummāti",
                    "pos": "N",
                    "epos": "N"
                  }
                },
                {
                  "node": "l",
                  "frag": "o]",
                  "id": "P336638.l00f06",
                  "ref": "P336638.10.6",
                  "inst": "u",
                  "f": {
                    "lang": "akk-x-neoass",
                    "form": "o",
                    "pos": "u"
                  }
                },
                {
                  "node": "d",
                  "subtype": "reverse",
                  "type": "reverse",
                  "ref": "P336638.r.11",
                  "label": "r"
                },
                {
                  "node": "d",
                  "type": "nonx",
                  "ref": "P336638.12",
                  "strict": "0",
                  "state": "other"
                }
              ]
            }
          ]
        }
      ]
    }
  ]
}
