{
  "type": "cdl",
  "source": "http://oracc.org/saao/saa07",
  "license": "This data is released under the CC0 license",
  "license-url": "https://creativecommons.org/publicdomain/zero/1.0/",
  "more-info": "http://oracc.org/doc/opendata/",
  "UTC-timestamp": "2017-06-10T00:43:45",
  "project": "saao/saa07",
  "textid": "P336646",
  "cdl": [
    {
      "node": "c",
      "type": "text",
      "id": "P336646.U0",
      "cdl": [
        {
          "node": "d",
          "type": "object",
          "ref": ""
        },
        {
          "node": "d",
          "subtype": "obverse",
          "type": "obverse",
          "ref": "P336646.o.1",
          "label": "o"
        },
        {
          "node": "c",
          "type": "discourse",
          "subtype": "body",
          "id": "P336646.U1",
          "cdl": [
            {
              "node": "c",
              "type": "sentence",
              "id": "P336646.U2",
              "label": "o 1 - r 2'",
              "cdl": [
                {
                  "node": "d",
                  "type": "line-start",
                  "ref": "P336646.2",
                  "n": "1",
                  "label": "o 1"
                },
                {
                  "node": "l",
                  "frag": "[x",
                  "id": "P336646.l04a85",
                  "ref": "P336646.2.1",
                  "inst": "u",
                  "f": {
                    "lang": "akk-x-neoass",
                    "form": "x",
                    "pos": "u"
                  }
                },
                {
                  "node": "l",
                  "frag": "x",
                  "id": "P336646.l04a86",
                  "ref": "P336646.2.2",
                  "inst": "u",
                  "f": {
                    "lang": "akk-x-neoass",
                    "form": "x",
                    "pos": "u"
                  }
                },
                {
                  "node": "l",
                  "frag": "x",
                  "id": "P336646.l04a87",
                  "ref": "P336646.2.3",
                  "inst": "u",
                  "f": {
                    "lang": "akk-x-neoass",
                    "form": "x",
                    "pos": "u"
                  }
                },
                {
                  "node": "l",
                  "frag": "x]+⸢x⸣",
                  "id": "P336646.l04a88",
                  "ref": "P336646.2.4",
                  "inst": "u",
                  "f": {
                    "lang": "akk-x-neoass",
                    "form": "x+x",
                    "pos": "u"
                  }
                },
                {
                  "node": "l",
                  "frag": "la-ʾu",
                  "id": "P336646.l04a89",
                  "ref": "P336646.2.5",
                  "inst": "+laʾu[(a qualification of wine)]AJ$lāʾu",
                  "sig": "@saao/saa07%akk-x-neoass:la-ʾu=laʾu[(a qualification of wine)//(a qualification of wine)]AJ'AJ$lāʾu",
                  "f": {
                    "lang": "akk-x-neoass",
                    "form": "la-ʾu",
                    "cf": "laʾu",
                    "gw": "(a qualification of wine)",
                    "sense": "(a qualification of wine)",
                    "norm": "lāʾu",
                    "pos": "AJ",
                    "epos": "AJ"
                  }
                },
                {
                  "node": "d",
                  "type": "line-start",
                  "ref": "P336646.3",
                  "n": "2",
                  "label": "o 2"
                },
                {
                  "node": "l",
                  "frag": "[x",
                  "id": "P336646.l04a8a",
                  "ref": "P336646.3.1",
                  "inst": "u",
                  "f": {
                    "lang": "akk-x-neoass",
                    "form": "x",
                    "pos": "u"
                  }
                },
                {
                  "node": "l",
                  "frag": "x",
                  "id": "P336646.l04a8b",
                  "ref": "P336646.3.2",
                  "inst": "u",
                  "f": {
                    "lang": "akk-x-neoass",
                    "form": "x",
                    "pos": "u"
                  }
                },
                {
                  "node": "l",
                  "frag": "x",
                  "id": "P336646.l04a8c",
                  "ref": "P336646.3.3",
                  "inst": "u",
                  "f": {
                    "lang": "akk-x-neoass",
                    "form": "x",
                    "pos": "u"
                  }
                },
                {
                  "node": "l",
                  "frag": "x",
                  "id": "P336646.l04a8d",
                  "ref": "P336646.3.4",
                  "inst": "u",
                  "f": {
                    "lang": "akk-x-neoass",
                    "form": "x",
                    "pos": "u"
                  }
                },
                {
                  "node": "l",
                  "frag": "x",
                  "id": "P336646.l04a8e",
                  "ref": "P336646.3.5",
                  "inst": "u",
                  "f": {
                    "lang": "akk-x-neoass",
                    "form": "x",
                    "pos": "u"
                  }
                },
                {
                  "node": "l",
                  "frag": "x]+⸢x⸣",
                  "id": "P336646.l04a8f",
                  "ref": "P336646.3.6",
                  "inst": "u",
                  "f": {
                    "lang": "akk-x-neoass",
                    "form": "x+x",
                    "pos": "u"
                  }
                },
                {
                  "node": "d",
                  "type": "line-start",
                  "ref": "P336646.4",
                  "n": "3",
                  "label": "o 3"
                },
                {
                  "node": "l",
                  "frag": "[x",
                  "id": "P336646.l04a90",
                  "ref": "P336646.4.1",
                  "inst": "u",
                  "f": {
                    "lang": "akk-x-neoass",
                    "form": "x",
                    "pos": "u"
                  }
                },
                {
                  "node": "l",
                  "frag": "x",
                  "id": "P336646.l04a91",
                  "ref": "P336646.4.2",
                  "inst": "u",
                  "f": {
                    "lang": "akk-x-neoass",
                    "form": "x",
                    "pos": "u"
                  }
                },
                {
                  "node": "l",
                  "frag": "x",
                  "id": "P336646.l04a92",
                  "ref": "P336646.4.3",
                  "inst": "u",
                  "f": {
                    "lang": "akk-x-neoass",
                    "form": "x",
                    "pos": "u"
                  }
                },
                {
                  "node": "l",
                  "frag": "x",
                  "id": "P336646.l04a93",
                  "ref": "P336646.4.4",
                  "inst": "u",
                  "f": {
                    "lang": "akk-x-neoass",
                    "form": "x",
                    "pos": "u"
                  }
                },
                {
                  "node": "l",
                  "frag": "x]",
                  "id": "P336646.l04a94",
                  "ref": "P336646.4.5",
                  "inst": "u",
                  "f": {
                    "lang": "akk-x-neoass",
                    "form": "x",
                    "pos": "u"
                  }
                },
                {
                  "node": "l",
                  "frag": "E₂-{d}MAŠ",
                  "id": "P336646.l04a95",
                  "ref": "P336646.4.6",
                  "inst": "+Bit-Inurta[Temple of Ninurta]TN$",
                  "sig": "@saao/saa07%akk-x-neoass:E₂-{d}MAŠ=Bit-Inurta[Temple of Ninurta//Temple of Ninurta]TN'TN$Bit-Inurta",
                  "f": {
                    "lang": "akk-x-neoass",
                    "form": "E₂-{d}MAŠ",
                    "cf": "Bit-Inurta",
                    "gw": "Temple of Ninurta",
                    "sense": "Temple of Ninurta",
                    "norm": "Bit-Inurta",
                    "pos": "TN",
                    "epos": "TN"
                  }
                },
                {
                  "node": "d",
                  "type": "line-start",
                  "ref": "P336646.5",
                  "n": "4",
                  "label": "o 4"
                },
                {
                  "node": "l",
                  "frag": "[x",
                  "id": "P336646.l04a96",
                  "ref": "P336646.5.1",
                  "inst": "u",
                  "f": {
                    "lang": "akk-x-neoass",
                    "form": "x",
                    "pos": "u"
                  }
                },
                {
                  "node": "l",
                  "frag": "x",
                  "id": "P336646.l04a97",
                  "ref": "P336646.5.2",
                  "inst": "u",
                  "f": {
                    "lang": "akk-x-neoass",
                    "form": "x",
                    "pos": "u"
                  }
                },
                {
                  "node": "l",
                  "frag": "x",
                  "id": "P336646.l04a98",
                  "ref": "P336646.5.3",
                  "inst": "u",
                  "f": {
                    "lang": "akk-x-neoass",
                    "form": "x",
                    "pos": "u"
                  }
                },
                {
                  "node": "l",
                  "frag": "GEŠTIN]-⸢MEŠ⸣",
                  "id": "P336646.l04a99",
                  "ref": "P336646.5.4",
                  "inst": "karānī[wine]N",
                  "sig": "@saao/saa07%akk-x-neoass:GEŠTIN-MEŠ=karānu[vine//wine]N'N$karānī",
                  "f": {
                    "lang": "akk-x-neoass",
                    "form": "GEŠTIN-MEŠ",
                    "cf": "karānu",
                    "gw": "vine",
                    "sense": "wine",
                    "norm": "karānī",
                    "pos": "N",
                    "epos": "N"
                  }
                },
                {
                  "node": "l",
                  "frag": "ha-bu-ru",
                  "id": "P336646.l04a9a",
                  "ref": "P336646.5.5",
                  "inst": "+habburu[(a kind of wine)]N$",
                  "sig": "@saao/saa07%akk-x-neoass:ha-bu-ru=habburu[(a kind of wine)//(a kind of wine)]N'N$habburu",
                  "f": {
                    "lang": "akk-x-neoass",
                    "form": "ha-bu-ru",
                    "cf": "habburu",
                    "gw": "(a kind of wine)",
                    "sense": "(a kind of wine)",
                    "norm": "habburu",
                    "pos": "N",
                    "epos": "N"
                  }
                },
                {
                  "node": "d",
                  "type": "line-start",
                  "ref": "P336646.6",
                  "n": "5",
                  "label": "o 5"
                },
                {
                  "node": "l",
                  "frag": "[x",
                  "id": "P336646.l04a9b",
                  "ref": "P336646.6.1",
                  "inst": "u",
                  "f": {
                    "lang": "akk-x-neoass",
                    "form": "x",
                    "pos": "u"
                  }
                },
                {
                  "node": "l",
                  "frag": "x",
                  "id": "P336646.l04a9c",
                  "ref": "P336646.6.2",
                  "inst": "u",
                  "f": {
                    "lang": "akk-x-neoass",
                    "form": "x",
                    "pos": "u"
                  }
                },
                {
                  "node": "l",
                  "frag": "x",
                  "id": "P336646.l04a9d",
                  "ref": "P336646.6.3",
                  "inst": "u",
                  "f": {
                    "lang": "akk-x-neoass",
                    "form": "x",
                    "pos": "u"
                  }
                },
                {
                  "node": "l",
                  "frag": "x",
                  "id": "P336646.l04a9e",
                  "ref": "P336646.6.4",
                  "inst": "u",
                  "f": {
                    "lang": "akk-x-neoass",
                    "form": "x",
                    "pos": "u"
                  }
                },
                {
                  "node": "l",
                  "frag": "x]",
                  "id": "P336646.l04a9f",
                  "ref": "P336646.6.5",
                  "inst": "u",
                  "f": {
                    "lang": "akk-x-neoass",
                    "form": "x",
                    "pos": "u"
                  }
                },
                {
                  "node": "l",
                  "frag": "⸢PA⸣",
                  "id": "P336646.l04aa0",
                  "ref": "P336646.6.6",
                  "inst": "u",
                  "f": {
                    "lang": "akk-x-neoass",
                    "form": "PA",
                    "pos": "u"
                  }
                },
                {
                  "node": "d",
                  "type": "line-start",
                  "ref": "P336646.7",
                  "n": "6",
                  "label": "o 6"
                },
                {
                  "node": "l",
                  "frag": "[x",
                  "id": "P336646.l04aa1",
                  "ref": "P336646.7.1",
                  "inst": "u",
                  "f": {
                    "lang": "akk-x-neoass",
                    "form": "x",
                    "pos": "u"
                  }
                },
                {
                  "node": "l",
                  "frag": "x",
                  "id": "P336646.l04aa2",
                  "ref": "P336646.7.2",
                  "inst": "u",
                  "f": {
                    "lang": "akk-x-neoass",
                    "form": "x",
                    "pos": "u"
                  }
                },
                {
                  "node": "l",
                  "frag": "x",
                  "id": "P336646.l04aa3",
                  "ref": "P336646.7.3",
                  "inst": "u",
                  "f": {
                    "lang": "akk-x-neoass",
                    "form": "x",
                    "pos": "u"
                  }
                },
                {
                  "node": "l",
                  "frag": "x",
                  "id": "P336646.l04aa4",
                  "ref": "P336646.7.4",
                  "inst": "u",
                  "f": {
                    "lang": "akk-x-neoass",
                    "form": "x",
                    "pos": "u"
                  }
                },
                {
                  "node": "l",
                  "frag": "x]",
                  "id": "P336646.l04aa5",
                  "ref": "P336646.7.5",
                  "inst": "u",
                  "f": {
                    "lang": "akk-x-neoass",
                    "form": "x",
                    "pos": "u"
                  }
                },
                {
                  "node": "l",
                  "frag": "{lu₂}{giš}GIGIR",
                  "id": "P336646.l04aa6",
                  "ref": "P336646.7.6",
                  "inst": "sūsānu[horse-trainer]N",
                  "sig": "@saao/saa07%akk-x-neoass:{LU₂}{GIŠ}GIGIR=šušānu[horse-trainer//horse-trainer]N'N$sūsānu",
                  "f": {
                    "lang": "akk-x-neoass",
                    "form": "{LU₂}{GIŠ}GIGIR",
                    "cf": "šušānu",
                    "gw": "horse-trainer",
                    "sense": "horse-trainer",
                    "norm": "sūsānu",
                    "pos": "N",
                    "epos": "N"
                  }
                },
                {
                  "node": "d",
                  "type": "line-start",
                  "ref": "P336646.8",
                  "n": "7",
                  "label": "o 7"
                },
                {
                  "node": "l",
                  "frag": "[x",
                  "id": "P336646.l04aa7",
                  "ref": "P336646.8.1",
                  "inst": "u",
                  "f": {
                    "lang": "akk-x-neoass",
                    "form": "x",
                    "pos": "u"
                  }
                },
                {
                  "node": "l",
                  "frag": "x",
                  "id": "P336646.l04aa8",
                  "ref": "P336646.8.2",
                  "inst": "u",
                  "f": {
                    "lang": "akk-x-neoass",
                    "form": "x",
                    "pos": "u"
                  }
                },
                {
                  "node": "l",
                  "frag": "x",
                  "id": "P336646.l04aa9",
                  "ref": "P336646.8.3",
                  "inst": "u",
                  "f": {
                    "lang": "akk-x-neoass",
                    "form": "x",
                    "pos": "u"
                  }
                },
                {
                  "node": "l",
                  "frag": "x",
                  "id": "P336646.l04aaa",
                  "ref": "P336646.8.4",
                  "inst": "u",
                  "f": {
                    "lang": "akk-x-neoass",
                    "form": "x",
                    "pos": "u"
                  }
                },
                {
                  "node": "l",
                  "frag": "x]",
                  "id": "P336646.l04aab",
                  "ref": "P336646.8.5",
                  "inst": "u",
                  "f": {
                    "lang": "akk-x-neoass",
                    "form": "x",
                    "pos": "u"
                  }
                },
                {
                  "node": "l",
                  "frag": "⸢duq⸣-di",
                  "id": "P336646.l04aac",
                  "ref": "P336646.8.6",
                  "inst": "duqdi[almond]N",
                  "sig": "@saao/saa07%akk-x-neoass:duq-di=duqdu[almond (tree)//almond]N'N$duqdi",
                  "f": {
                    "lang": "akk-x-neoass",
                    "form": "duq-di",
                    "cf": "duqdu",
                    "gw": "almond (tree)",
                    "sense": "almond",
                    "norm": "duqdi",
                    "pos": "N",
                    "epos": "N"
                  }
                },
                {
                  "node": "d",
                  "type": "line-start",
                  "ref": "P336646.9",
                  "n": "8",
                  "label": "o 8"
                },
                {
                  "node": "l",
                  "frag": "[x",
                  "id": "P336646.l04aad",
                  "ref": "P336646.9.1",
                  "inst": "u",
                  "f": {
                    "lang": "akk-x-neoass",
                    "form": "x",
                    "pos": "u"
                  }
                },
                {
                  "node": "l",
                  "frag": "x",
                  "id": "P336646.l04aae",
                  "ref": "P336646.9.2",
                  "inst": "u",
                  "f": {
                    "lang": "akk-x-neoass",
                    "form": "x",
                    "pos": "u"
                  }
                },
                {
                  "node": "l",
                  "frag": "x",
                  "id": "P336646.l04aaf",
                  "ref": "P336646.9.3",
                  "inst": "u",
                  "f": {
                    "lang": "akk-x-neoass",
                    "form": "x",
                    "pos": "u"
                  }
                },
                {
                  "node": "l",
                  "frag": "x",
                  "id": "P336646.l04ab0",
                  "ref": "P336646.9.4",
                  "inst": "u",
                  "f": {
                    "lang": "akk-x-neoass",
                    "form": "x",
                    "pos": "u"
                  }
                },
                {
                  "node": "l",
                  "frag": "x]",
                  "id": "P336646.l04ab1",
                  "ref": "P336646.9.5",
                  "inst": "u",
                  "f": {
                    "lang": "akk-x-neoass",
                    "form": "x",
                    "pos": "u"
                  }
                },
                {
                  "node": "l",
                  "frag": "⸢UDU.NITA₂⸣",
                  "id": "P336646.l04ab2",
                  "ref": "P336646.9.6",
                  "inst": "yābilu[ram]N",
                  "sig": "@saao/saa07%akk-x-neoass:UDU.NITA₂=yābilu[ram//ram]N'N$yābili",
                  "f": {
                    "lang": "akk-x-neoass",
                    "form": "UDU.NITA₂",
                    "cf": "yābilu",
                    "gw": "ram",
                    "sense": "ram",
                    "norm": "yābili",
                    "pos": "N",
                    "epos": "N"
                  }
                },
                {
                  "node": "d",
                  "type": "nonx",
                  "ref": "P336646.10",
                  "strict": "0",
                  "extent": "rest",
                  "state": "missing"
                },
                {
                  "node": "d",
                  "subtype": "reverse",
                  "type": "reverse",
                  "ref": "P336646.r.11",
                  "label": "r"
                },
                {
                  "node": "d",
                  "type": "nonx",
                  "ref": "P336646.12",
                  "strict": "0",
                  "state": "missing"
                },
                {
                  "node": "d",
                  "type": "nonx",
                  "ref": "P336646.13",
                  "strict": "1",
                  "extent": "4",
                  "scope": "line",
                  "state": "blank"
                },
                {
                  "node": "d",
                  "type": "line-start",
                  "ref": "P336646.14",
                  "n": "1'",
                  "label": "r 1'"
                },
                {
                  "node": "l",
                  "frag": "[x",
                  "id": "P336646.l04ab3",
                  "ref": "P336646.14.1",
                  "inst": "u",
                  "f": {
                    "lang": "akk-x-neoass",
                    "form": "x",
                    "pos": "u"
                  }
                },
                {
                  "node": "l",
                  "frag": "x",
                  "id": "P336646.l04ab4",
                  "ref": "P336646.14.2",
                  "inst": "u",
                  "f": {
                    "lang": "akk-x-neoass",
                    "form": "x",
                    "pos": "u"
                  }
                },
                {
                  "node": "l",
                  "frag": "x",
                  "id": "P336646.l04ab5",
                  "ref": "P336646.14.3",
                  "inst": "u",
                  "f": {
                    "lang": "akk-x-neoass",
                    "form": "x",
                    "pos": "u"
                  }
                },
                {
                  "node": "l",
                  "frag": "x",
                  "id": "P336646.l04ab6",
                  "ref": "P336646.14.4",
                  "inst": "u",
                  "f": {
                    "lang": "akk-x-neoass",
                    "form": "x",
                    "pos": "u"
                  }
                },
                {
                  "node": "l",
                  "frag": "x",
                  "id": "P336646.l04ab7",
                  "ref": "P336646.14.5",
                  "inst": "u",
                  "f": {
                    "lang": "akk-x-neoass",
                    "form": "x",
                    "pos": "u"
                  }
                },
                {
                  "node": "l",
                  "frag": "x]-bu",
                  "id": "P336646.l04ab8",
                  "ref": "P336646.14.6",
                  "inst": "u",
                  "f": {
                    "lang": "akk-x-neoass",
                    "form": "x-bu",
                    "pos": "u"
                  }
                },
                {
                  "node": "d",
                  "type": "line-start",
                  "ref": "P336646.15",
                  "n": "2'",
                  "label": "r 2'"
                },
                {
                  "node": "l",
                  "frag": "[x",
                  "id": "P336646.l04ab9",
                  "ref": "P336646.15.1",
                  "inst": "u",
                  "f": {
                    "lang": "akk-x-neoass",
                    "form": "x",
                    "pos": "u"
                  }
                },
                {
                  "node": "l",
                  "frag": "x",
                  "id": "P336646.l04aba",
                  "ref": "P336646.15.2",
                  "inst": "u",
                  "f": {
                    "lang": "akk-x-neoass",
                    "form": "x",
                    "pos": "u"
                  }
                },
                {
                  "node": "l",
                  "frag": "x",
                  "id": "P336646.l04abb",
                  "ref": "P336646.15.3",
                  "inst": "u",
                  "f": {
                    "lang": "akk-x-neoass",
                    "form": "x",
                    "pos": "u"
                  }
                },
                {
                  "node": "l",
                  "frag": "x",
                  "id": "P336646.l04abc",
                  "ref": "P336646.15.4",
                  "inst": "u",
                  "f": {
                    "lang": "akk-x-neoass",
                    "form": "x",
                    "pos": "u"
                  }
                },
                {
                  "node": "l",
                  "frag": "x]-⸢KALAG⸣-an",
                  "id": "P336646.l04abd",
                  "ref": "P336646.15.5",
                  "inst": "u",
                  "f": {
                    "lang": "akk-x-neoass",
                    "form": "x-KALAG-an",
                    "pos": "u"
                  }
                },
                {
                  "node": "d",
                  "type": "nonx",
                  "ref": "P336646.16",
                  "strict": "0",
                  "extent": "rest",
                  "state": "blank"
                }
              ]
            }
          ]
        }
      ]
    }
  ]
}
