{
  "type": "cdl",
  "source": "http://oracc.org/saao/saa07",
  "license": "This data is released under the CC0 license",
  "license-url": "https://creativecommons.org/publicdomain/zero/1.0/",
  "more-info": "http://oracc.org/doc/opendata/",
  "UTC-timestamp": "2017-06-10T00:43:54",
  "project": "saao/saa07",
  "textid": "P336647",
  "cdl": [
    {
      "node": "c",
      "type": "text",
      "id": "P336647.U0",
      "cdl": [
        {
          "node": "d",
          "type": "object",
          "ref": ""
        },
        {
          "node": "d",
          "subtype": "obverse",
          "type": "obverse",
          "ref": "P336647.o.1",
          "label": "o"
        },
        {
          "node": "d",
          "subtype": "column 1o",
          "type": "column",
          "ref": "P336647.o.i.2",
          "n": "1",
          "label": "o i"
        },
        {
          "node": "d",
          "type": "nonx",
          "ref": "P336647.3",
          "strict": "0",
          "state": "missing"
        },
        {
          "node": "c",
          "type": "discourse",
          "subtype": "body",
          "id": "P336647.U1",
          "cdl": [
            {
              "node": "c",
              "type": "sentence",
              "id": "P336647.U2",
              "label": "o i 1' - o ii 5'",
              "cdl": [
                {
                  "node": "d",
                  "type": "line-start",
                  "ref": "P336647.4",
                  "n": "1'",
                  "label": "o i 1'"
                },
                {
                  "node": "l",
                  "frag": "[x",
                  "id": "P336647.l04abe",
                  "ref": "P336647.4.1",
                  "inst": "u",
                  "f": {
                    "lang": "akk-x-neoass",
                    "form": "x",
                    "pos": "u"
                  }
                },
                {
                  "node": "l",
                  "frag": "x",
                  "id": "P336647.l04abf",
                  "ref": "P336647.4.2",
                  "inst": "u",
                  "f": {
                    "lang": "akk-x-neoass",
                    "form": "x",
                    "pos": "u"
                  }
                },
                {
                  "node": "l",
                  "frag": "x",
                  "id": "P336647.l04ac0",
                  "ref": "P336647.4.3",
                  "inst": "u",
                  "f": {
                    "lang": "akk-x-neoass",
                    "form": "x",
                    "pos": "u"
                  }
                },
                {
                  "node": "l",
                  "frag": "x",
                  "id": "P336647.l04ac1",
                  "ref": "P336647.4.4",
                  "inst": "u",
                  "f": {
                    "lang": "akk-x-neoass",
                    "form": "x",
                    "pos": "u"
                  }
                },
                {
                  "node": "l",
                  "frag": "{kuš]}⸢SAL⸣",
                  "id": "P336647.l04ac2",
                  "ref": "P336647.4.5",
                  "inst": "+ziqqu[wineskin]N$",
                  "sig": "@saao/saa07%akk-x-neoass:{KUŠ}SAL=ziqqu[wineskin//wineskin]N'N$ziqqu",
                  "f": {
                    "lang": "akk-x-neoass",
                    "form": "{KUŠ}SAL",
                    "cf": "ziqqu",
                    "gw": "wineskin",
                    "sense": "wineskin",
                    "norm": "ziqqu",
                    "pos": "N",
                    "epos": "N"
                  }
                },
                {
                  "node": "d",
                  "type": "line-start",
                  "ref": "P336647.5",
                  "n": "2'",
                  "label": "o i 2'"
                },
                {
                  "node": "l",
                  "frag": "[x",
                  "id": "P336647.l04ac3",
                  "ref": "P336647.5.1",
                  "inst": "u",
                  "f": {
                    "lang": "akk-x-neoass",
                    "form": "x",
                    "pos": "u"
                  }
                },
                {
                  "node": "l",
                  "frag": "x",
                  "id": "P336647.l04ac4",
                  "ref": "P336647.5.2",
                  "inst": "u",
                  "f": {
                    "lang": "akk-x-neoass",
                    "form": "x",
                    "pos": "u"
                  }
                },
                {
                  "node": "l",
                  "frag": "x",
                  "id": "P336647.l04ac5",
                  "ref": "P336647.5.3",
                  "inst": "u",
                  "f": {
                    "lang": "akk-x-neoass",
                    "form": "x",
                    "pos": "u"
                  }
                },
                {
                  "node": "l",
                  "frag": "x",
                  "id": "P336647.l04ac6",
                  "ref": "P336647.5.4",
                  "inst": "u",
                  "f": {
                    "lang": "akk-x-neoass",
                    "form": "x",
                    "pos": "u"
                  }
                },
                {
                  "node": "l",
                  "frag": "x",
                  "id": "P336647.l04ac7",
                  "ref": "P336647.5.5",
                  "inst": "u",
                  "f": {
                    "lang": "akk-x-neoass",
                    "form": "x",
                    "pos": "u"
                  }
                },
                {
                  "node": "l",
                  "frag": "x]+⸢x⸣",
                  "id": "P336647.l04ac8",
                  "ref": "P336647.5.6",
                  "inst": "u",
                  "f": {
                    "lang": "akk-x-neoass",
                    "form": "x+x",
                    "pos": "u"
                  }
                },
                {
                  "node": "d",
                  "type": "line-start",
                  "ref": "P336647.6",
                  "n": "3'",
                  "label": "o i 3'"
                },
                {
                  "node": "l",
                  "frag": "[x",
                  "id": "P336647.l04ac9",
                  "ref": "P336647.6.1",
                  "inst": "u",
                  "f": {
                    "lang": "akk-x-neoass",
                    "form": "x",
                    "pos": "u"
                  }
                },
                {
                  "node": "l",
                  "frag": "x",
                  "id": "P336647.l04aca",
                  "ref": "P336647.6.2",
                  "inst": "u",
                  "f": {
                    "lang": "akk-x-neoass",
                    "form": "x",
                    "pos": "u"
                  }
                },
                {
                  "node": "l",
                  "frag": "x",
                  "id": "P336647.l04acb",
                  "ref": "P336647.6.3",
                  "inst": "u",
                  "f": {
                    "lang": "akk-x-neoass",
                    "form": "x",
                    "pos": "u"
                  }
                },
                {
                  "node": "l",
                  "frag": "x",
                  "id": "P336647.l04acc",
                  "ref": "P336647.6.4",
                  "inst": "u",
                  "f": {
                    "lang": "akk-x-neoass",
                    "form": "x",
                    "pos": "u"
                  }
                },
                {
                  "node": "l",
                  "frag": "x",
                  "id": "P336647.l04acd",
                  "ref": "P336647.6.5",
                  "inst": "u",
                  "f": {
                    "lang": "akk-x-neoass",
                    "form": "x",
                    "pos": "u"
                  }
                },
                {
                  "node": "l",
                  "frag": "x]-pi",
                  "id": "P336647.l04ace",
                  "ref": "P336647.6.6",
                  "inst": "u",
                  "f": {
                    "lang": "akk-x-neoass",
                    "form": "x-pi",
                    "pos": "u"
                  }
                },
                {
                  "node": "d",
                  "type": "line-start",
                  "ref": "P336647.7",
                  "n": "4'",
                  "label": "o i 4'"
                },
                {
                  "node": "l",
                  "frag": "[x",
                  "id": "P336647.l04acf",
                  "ref": "P336647.7.1",
                  "inst": "u",
                  "f": {
                    "lang": "akk-x-neoass",
                    "form": "x",
                    "pos": "u"
                  }
                },
                {
                  "node": "l",
                  "frag": "x",
                  "id": "P336647.l04ad0",
                  "ref": "P336647.7.2",
                  "inst": "u",
                  "f": {
                    "lang": "akk-x-neoass",
                    "form": "x",
                    "pos": "u"
                  }
                },
                {
                  "node": "l",
                  "frag": "x",
                  "id": "P336647.l04ad1",
                  "ref": "P336647.7.3",
                  "inst": "u",
                  "f": {
                    "lang": "akk-x-neoass",
                    "form": "x",
                    "pos": "u"
                  }
                },
                {
                  "node": "l",
                  "frag": "x",
                  "id": "P336647.l04ad2",
                  "ref": "P336647.7.4",
                  "inst": "u",
                  "f": {
                    "lang": "akk-x-neoass",
                    "form": "x",
                    "pos": "u"
                  }
                },
                {
                  "node": "l",
                  "frag": "x]-ṣu-te",
                  "id": "P336647.l04ad3",
                  "ref": "P336647.7.5",
                  "inst": "u",
                  "f": {
                    "lang": "akk-x-neoass",
                    "form": "x-ṣu-te",
                    "pos": "u"
                  }
                },
                {
                  "node": "d",
                  "type": "line-start",
                  "ref": "P336647.8",
                  "n": "5'",
                  "label": "o i 5'"
                },
                {
                  "node": "l",
                  "frag": "[x",
                  "id": "P336647.l04ad4",
                  "ref": "P336647.8.1",
                  "inst": "u",
                  "f": {
                    "lang": "akk-x-neoass",
                    "form": "x",
                    "pos": "u"
                  }
                },
                {
                  "node": "l",
                  "frag": "x",
                  "id": "P336647.l04ad5",
                  "ref": "P336647.8.2",
                  "inst": "u",
                  "f": {
                    "lang": "akk-x-neoass",
                    "form": "x",
                    "pos": "u"
                  }
                },
                {
                  "node": "l",
                  "frag": "x",
                  "id": "P336647.l04ad6",
                  "ref": "P336647.8.3",
                  "inst": "u",
                  "f": {
                    "lang": "akk-x-neoass",
                    "form": "x",
                    "pos": "u"
                  }
                },
                {
                  "node": "l",
                  "frag": "x]",
                  "id": "P336647.l04ad7",
                  "ref": "P336647.8.4",
                  "inst": "u",
                  "f": {
                    "lang": "akk-x-neoass",
                    "form": "x",
                    "pos": "u"
                  }
                },
                {
                  "node": "l",
                  "frag": "⸢ka⸣",
                  "id": "P336647.l04ad8",
                  "ref": "P336647.8.5",
                  "inst": "u",
                  "f": {
                    "lang": "akk-x-neoass",
                    "form": "ka",
                    "pos": "u"
                  }
                },
                {
                  "node": "l",
                  "frag": "hi",
                  "id": "P336647.l04ad9",
                  "ref": "P336647.8.6",
                  "inst": "u",
                  "f": {
                    "lang": "akk-x-neoass",
                    "form": "hi",
                    "pos": "u"
                  }
                },
                {
                  "node": "l",
                  "frag": "⸢bu⸣",
                  "id": "P336647.l04ada",
                  "ref": "P336647.8.7",
                  "inst": "u",
                  "f": {
                    "lang": "akk-x-neoass",
                    "form": "bu",
                    "pos": "u"
                  }
                },
                {
                  "node": "d",
                  "type": "line-start",
                  "ref": "P336647.9",
                  "n": "6'",
                  "label": "o i 6'"
                },
                {
                  "node": "l",
                  "frag": "[x",
                  "id": "P336647.l04adb",
                  "ref": "P336647.9.1",
                  "inst": "u",
                  "f": {
                    "lang": "akk-x-neoass",
                    "form": "x",
                    "pos": "u"
                  }
                },
                {
                  "node": "l",
                  "frag": "x",
                  "id": "P336647.l04adc",
                  "ref": "P336647.9.2",
                  "inst": "u",
                  "f": {
                    "lang": "akk-x-neoass",
                    "form": "x",
                    "pos": "u"
                  }
                },
                {
                  "node": "l",
                  "frag": "x",
                  "id": "P336647.l04add",
                  "ref": "P336647.9.3",
                  "inst": "u",
                  "f": {
                    "lang": "akk-x-neoass",
                    "form": "x",
                    "pos": "u"
                  }
                },
                {
                  "node": "l",
                  "frag": "x]-⸢gur₂⸣-u-ni-ni",
                  "id": "P336647.l04ade",
                  "ref": "P336647.9.4",
                  "inst": "u",
                  "f": {
                    "lang": "akk-x-neoass",
                    "form": "x-gur₂-u-ni-ni",
                    "pos": "u"
                  }
                },
                {
                  "node": "d",
                  "type": "line-start",
                  "ref": "P336647.10",
                  "n": "7'",
                  "label": "o i 7'"
                },
                {
                  "node": "l",
                  "frag": "[x",
                  "id": "P336647.l04adf",
                  "ref": "P336647.10.1",
                  "inst": "u",
                  "f": {
                    "lang": "akk-x-neoass",
                    "form": "x",
                    "pos": "u"
                  }
                },
                {
                  "node": "l",
                  "frag": "x",
                  "id": "P336647.l04ae0",
                  "ref": "P336647.10.2",
                  "inst": "u",
                  "f": {
                    "lang": "akk-x-neoass",
                    "form": "x",
                    "pos": "u"
                  }
                },
                {
                  "node": "l",
                  "frag": "x",
                  "id": "P336647.l04ae1",
                  "ref": "P336647.10.3",
                  "inst": "u",
                  "f": {
                    "lang": "akk-x-neoass",
                    "form": "x",
                    "pos": "u"
                  }
                },
                {
                  "node": "l",
                  "frag": "x]-MEŠ",
                  "id": "P336647.l04ae2",
                  "ref": "P336647.10.4",
                  "inst": "u",
                  "f": {
                    "lang": "akk-x-neoass",
                    "form": "x-MEŠ",
                    "pos": "u"
                  }
                },
                {
                  "node": "l",
                  "frag": "KUR-ru",
                  "id": "P336647.l04ae3",
                  "ref": "P336647.10.5",
                  "inst": "u",
                  "f": {
                    "lang": "akk-x-neoass",
                    "form": "KUR-ru",
                    "pos": "u"
                  }
                },
                {
                  "node": "d",
                  "type": "line-start",
                  "ref": "P336647.11",
                  "n": "8'",
                  "label": "o i 8'"
                },
                {
                  "node": "l",
                  "frag": "[x",
                  "id": "P336647.l04ae4",
                  "ref": "P336647.11.1",
                  "inst": "u",
                  "f": {
                    "lang": "akk-x-neoass",
                    "form": "x",
                    "pos": "u"
                  }
                },
                {
                  "node": "l",
                  "frag": "x",
                  "id": "P336647.l04ae5",
                  "ref": "P336647.11.2",
                  "inst": "u",
                  "f": {
                    "lang": "akk-x-neoass",
                    "form": "x",
                    "pos": "u"
                  }
                },
                {
                  "node": "l",
                  "frag": "x",
                  "id": "P336647.l04ae6",
                  "ref": "P336647.11.3",
                  "inst": "u",
                  "f": {
                    "lang": "akk-x-neoass",
                    "form": "x",
                    "pos": "u"
                  }
                },
                {
                  "node": "l",
                  "frag": "x]",
                  "id": "P336647.l04ae7",
                  "ref": "P336647.11.4",
                  "inst": "u",
                  "f": {
                    "lang": "akk-x-neoass",
                    "form": "x",
                    "pos": "u"
                  }
                },
                {
                  "node": "l",
                  "frag": "⸢UDU⸣-MEŠ",
                  "id": "P336647.l04ae8",
                  "ref": "P336647.11.5",
                  "inst": "immerē[sheep]N",
                  "sig": "@saao/saa07%akk-x-neoass:UDU-MEŠ=immeru[sheep//sheep]N'N$immerē",
                  "f": {
                    "lang": "akk-x-neoass",
                    "form": "UDU-MEŠ",
                    "cf": "immeru",
                    "gw": "sheep",
                    "sense": "sheep",
                    "norm": "immerē",
                    "pos": "N",
                    "epos": "N"
                  }
                },
                {
                  "node": "l",
                  "frag": "01",
                  "id": "P336647.l04ae9",
                  "ref": "P336647.11.6",
                  "inst": "n",
                  "f": {
                    "lang": "akk-x-neoass",
                    "form": "01",
                    "pos": "n"
                  }
                },
                {
                  "node": "l",
                  "frag": "{kuš}SAL",
                  "id": "P336647.l04aea",
                  "ref": "P336647.11.7",
                  "inst": "ziqqu[wineskin]N",
                  "sig": "@saao/saa07%akk-x-neoass:{KUŠ}SAL=ziqqu[wineskin//wineskin]N'N$ziqqu",
                  "f": {
                    "lang": "akk-x-neoass",
                    "form": "{KUŠ}SAL",
                    "cf": "ziqqu",
                    "gw": "wineskin",
                    "sense": "wineskin",
                    "norm": "ziqqu",
                    "pos": "N",
                    "epos": "N"
                  }
                },
                {
                  "node": "d",
                  "type": "nonx",
                  "ref": "P336647.12",
                  "strict": "0",
                  "extent": "rest",
                  "state": "missing"
                },
                {
                  "node": "d",
                  "subtype": "column 2o",
                  "type": "column",
                  "ref": "P336647.o.ii.13",
                  "n": "2",
                  "label": "o ii"
                },
                {
                  "node": "d",
                  "type": "nonx",
                  "ref": "P336647.14",
                  "strict": "0",
                  "state": "missing"
                },
                {
                  "node": "d",
                  "type": "line-start",
                  "ref": "P336647.15",
                  "n": "1'",
                  "label": "o ii 1'"
                },
                {
                  "node": "d",
                  "type": "nonw",
                  "ref": ""
                },
                {
                  "node": "l",
                  "frag": "01",
                  "id": "P336647.l04aeb",
                  "ref": "P336647.15.1",
                  "inst": "n",
                  "f": {
                    "lang": "akk-x-neoass",
                    "form": "01",
                    "pos": "n"
                  }
                },
                {
                  "node": "l",
                  "frag": "{kuš}⸢SAL⸣",
                  "id": "P336647.l04aec",
                  "ref": "P336647.15.2",
                  "inst": "ziqqu[wineskin]N",
                  "sig": "@saao/saa07%akk-x-neoass:{KUŠ}SAL=ziqqu[wineskin//wineskin]N'N$ziqqu",
                  "f": {
                    "lang": "akk-x-neoass",
                    "form": "{KUŠ}SAL",
                    "cf": "ziqqu",
                    "gw": "wineskin",
                    "sense": "wineskin",
                    "norm": "ziqqu",
                    "pos": "N",
                    "epos": "N"
                  }
                },
                {
                  "node": "l",
                  "frag": "[x",
                  "id": "P336647.l04aed",
                  "ref": "P336647.15.3",
                  "inst": "u",
                  "f": {
                    "lang": "akk-x-neoass",
                    "form": "x",
                    "pos": "u"
                  }
                },
                {
                  "node": "l",
                  "frag": "x",
                  "id": "P336647.l04aee",
                  "ref": "P336647.15.4",
                  "inst": "u",
                  "f": {
                    "lang": "akk-x-neoass",
                    "form": "x",
                    "pos": "u"
                  }
                },
                {
                  "node": "l",
                  "frag": "x]",
                  "id": "P336647.l04aef",
                  "ref": "P336647.15.5",
                  "inst": "u",
                  "f": {
                    "lang": "akk-x-neoass",
                    "form": "x",
                    "pos": "u"
                  }
                },
                {
                  "node": "d",
                  "type": "line-start",
                  "ref": "P336647.16",
                  "n": "2'",
                  "label": "o ii 2'"
                },
                {
                  "node": "d",
                  "type": "nonw",
                  "ref": ""
                },
                {
                  "node": "l",
                  "frag": "01",
                  "id": "P336647.l04af0",
                  "ref": "P336647.16.1",
                  "inst": "n",
                  "f": {
                    "lang": "akk-x-neoass",
                    "form": "01",
                    "pos": "n"
                  }
                },
                {
                  "node": "l",
                  "frag": "AM",
                  "id": "P336647.l04af1",
                  "ref": "P336647.16.2",
                  "inst": "u",
                  "f": {
                    "lang": "akk-x-neoass",
                    "form": "AM",
                    "pos": "u"
                  }
                },
                {
                  "node": "l",
                  "frag": "[x",
                  "id": "P336647.l04af2",
                  "ref": "P336647.16.3",
                  "inst": "u",
                  "f": {
                    "lang": "akk-x-neoass",
                    "form": "x",
                    "pos": "u"
                  }
                },
                {
                  "node": "l",
                  "frag": "x",
                  "id": "P336647.l04af3",
                  "ref": "P336647.16.4",
                  "inst": "u",
                  "f": {
                    "lang": "akk-x-neoass",
                    "form": "x",
                    "pos": "u"
                  }
                },
                {
                  "node": "l",
                  "frag": "x]",
                  "id": "P336647.l04af4",
                  "ref": "P336647.16.5",
                  "inst": "u",
                  "f": {
                    "lang": "akk-x-neoass",
                    "form": "x",
                    "pos": "u"
                  }
                },
                {
                  "node": "d",
                  "type": "line-start",
                  "ref": "P336647.17",
                  "n": "3'",
                  "label": "o ii 3'"
                },
                {
                  "node": "l",
                  "frag": "ina",
                  "id": "P336647.l04af5",
                  "ref": "P336647.17.1",
                  "inst": "ina[in]PRP",
                  "sig": "@saao/saa07%akk-x-neoass:ina=ina[in//in]PRP'PRP$ina",
                  "f": {
                    "lang": "akk-x-neoass",
                    "form": "ina",
                    "cf": "ina",
                    "gw": "in",
                    "sense": "in",
                    "norm": "ina",
                    "pos": "PRP",
                    "epos": "PRP"
                  }
                },
                {
                  "node": "l",
                  "frag": "IGI",
                  "id": "P336647.l04af6",
                  "ref": "P336647.17.2",
                  "inst": "pān[front]N",
                  "sig": "@saao/saa07%akk-x-neoass:IGI=pānu[front//front]N'N$pān",
                  "f": {
                    "lang": "akk-x-neoass",
                    "form": "IGI",
                    "cf": "pānu",
                    "gw": "front",
                    "sense": "front",
                    "norm": "pān",
                    "pos": "N",
                    "epos": "N"
                  }
                },
                {
                  "node": "l",
                  "frag": "⸢KUR⸣",
                  "id": "P336647.l04af7",
                  "ref": "P336647.17.3",
                  "inst": "u",
                  "f": {
                    "lang": "akk-x-neoass",
                    "form": "KUR",
                    "pos": "u"
                  }
                },
                {
                  "node": "l",
                  "frag": "[x",
                  "id": "P336647.l04af8",
                  "ref": "P336647.17.4",
                  "inst": "u",
                  "f": {
                    "lang": "akk-x-neoass",
                    "form": "x",
                    "pos": "u"
                  }
                },
                {
                  "node": "l",
                  "frag": "x",
                  "id": "P336647.l04af9",
                  "ref": "P336647.17.5",
                  "inst": "u",
                  "f": {
                    "lang": "akk-x-neoass",
                    "form": "x",
                    "pos": "u"
                  }
                },
                {
                  "node": "l",
                  "frag": "x]",
                  "id": "P336647.l04afa",
                  "ref": "P336647.17.6",
                  "inst": "u",
                  "f": {
                    "lang": "akk-x-neoass",
                    "form": "x",
                    "pos": "u"
                  }
                },
                {
                  "node": "d",
                  "type": "line-start",
                  "ref": "P336647.18",
                  "n": "4'",
                  "label": "o ii 4'"
                },
                {
                  "node": "l",
                  "frag": "01",
                  "id": "P336647.l04afb",
                  "ref": "P336647.18.1",
                  "inst": "n",
                  "f": {
                    "lang": "akk-x-neoass",
                    "form": "01",
                    "pos": "n"
                  }
                },
                {
                  "node": "c",
                  "type": "phrase",
                  "tag": "phr",
                  "id": "P336647.U4",
                  "ref": "P336647.ls00000",
                  "cdl": [
                    {
                      "node": "l",
                      "frag": "GAL-⸢ki⸣-[ṣir",
                      "id": "P336647.l04afc",
                      "ref": "P336647.18.2",
                      "cof-tails": "P336647.l04afd",
                      "inst": "rab[big one]N&kiṣir[knot]N",
                      "sig": "@saao/saa07%akk-x-neoass:GAL-ki-ṣir=rabû[big one//big one]N'N$rab&&@saao/saa07%akk-x-neoass:=kiṣru[knot//knot]N'N$kiṣir",
                      "f": {
                        "lang": "akk-x-neoass",
                        "form": "GAL-ki-ṣir",
                        "cf": "rabû",
                        "gw": "big one",
                        "sense": "big one",
                        "norm": "rab",
                        "pos": "N",
                        "epos": "N"
                      }
                    },
                    {
                      "node": "l",
                      "frag": "GAL-⸢ki⸣-[ṣir",
                      "id": "P336647.l04afd",
                      "ref": "P336647.18.2",
                      "cof-head": "P336647.l04afc",
                      "inst": "rab[big one]N&kiṣir[knot]N",
                      "tail-sig": "@saao/saa07%akk-x-neoass:=kiṣru[knot//knot]N'N$kiṣir",
                      "f": {
                        "lang": "akk-x-neoass",
                        "form": "GAL-ki-ṣir",
                        "cf": "kiṣru",
                        "gw": "knot",
                        "sense": "knot",
                        "norm": "kiṣir",
                        "pos": "N",
                        "epos": "N"
                      }
                    }
                  ]
                },
                {
                  "node": "l",
                  "frag": "x",
                  "id": "P336647.l04afe",
                  "ref": "P336647.18.3",
                  "inst": "u",
                  "f": {
                    "lang": "akk-x-neoass",
                    "form": "x",
                    "pos": "u"
                  }
                },
                {
                  "node": "l",
                  "frag": "x",
                  "id": "P336647.l04aff",
                  "ref": "P336647.18.4",
                  "inst": "u",
                  "f": {
                    "lang": "akk-x-neoass",
                    "form": "x",
                    "pos": "u"
                  }
                },
                {
                  "node": "l",
                  "frag": "x]",
                  "id": "P336647.l04b00",
                  "ref": "P336647.18.5",
                  "inst": "u",
                  "f": {
                    "lang": "akk-x-neoass",
                    "form": "x",
                    "pos": "u"
                  }
                },
                {
                  "node": "d",
                  "type": "line-start",
                  "ref": "P336647.19",
                  "n": "5'",
                  "label": "o ii 5'"
                },
                {
                  "node": "l",
                  "frag": "02",
                  "id": "P336647.l04b01",
                  "ref": "P336647.19.1",
                  "inst": "n",
                  "f": {
                    "lang": "akk-x-neoass",
                    "form": "02",
                    "pos": "n"
                  }
                },
                {
                  "node": "l",
                  "frag": "{tug₂}me-[x",
                  "id": "P336647.l04b02",
                  "ref": "P336647.19.2",
                  "inst": "u",
                  "f": {
                    "lang": "akk-x-neoass",
                    "form": "{TUG₂}me-x",
                    "pos": "u"
                  }
                },
                {
                  "node": "l",
                  "frag": "x",
                  "id": "P336647.l04b03",
                  "ref": "P336647.19.3",
                  "inst": "u",
                  "f": {
                    "lang": "akk-x-neoass",
                    "form": "x",
                    "pos": "u"
                  }
                },
                {
                  "node": "l",
                  "frag": "x]",
                  "id": "P336647.l04b04",
                  "ref": "P336647.19.4",
                  "inst": "u",
                  "f": {
                    "lang": "akk-x-neoass",
                    "form": "x",
                    "pos": "u"
                  }
                },
                {
                  "node": "d",
                  "type": "nonx",
                  "ref": "P336647.20",
                  "strict": "0",
                  "extent": "rest",
                  "state": "missing"
                }
              ]
            }
          ]
        }
      ]
    },
    {
      "linkbase": [
        {
          "type": "linkset",
          "xlink_title": "rab kiṣri[centurion//cohort commander]N'N",
          "id": "P336647.ls00000",
          "xlink_type": "extended",
          "xlink_role": "psu",
          "sig": "{{LU₂}GAL-ki-ṣir = rabû[big one]N kiṣru[knot]N += rab kiṣri[centurion//cohort commander]N'N}::@saao/saa10%akk-x-neoass:{LU₂}GAL-ki-ṣir=rabû[big one//big one]N'N$rab++@saao/saa10%akk-x-neobab:{LU₂}GAL-ki-ṣir=kiṣru[knot//knot]N'N$kiṣir",
          "links": [
            {
              "type": "link",
              "xlink_title": "rab",
              "xlink_type": "locator",
              "xlink_href": "#P336647.l04afc",
              "xlink_role": "elt"
            },
            {
              "type": "link",
              "xlink_title": "kiṣir",
              "xlink_type": "locator",
              "xlink_href": "#P336647.l04afd",
              "xlink_role": "elt"
            }
          ]
        }
      ]
    }
  ]
}
