{
  "type": "cdl",
  "source": "http://oracc.org/rinap/rinap3",
  "license": "This data is released under the CC0 license",
  "license-url": "https://creativecommons.org/publicdomain/zero/1.0/",
  "more-info": "http://oracc.org/doc/opendata/",
  "UTC-timestamp": "2017-06-10T00:19:51",
  "project": "rinap/rinap3",
  "textid": "Q003521",
  "cdl": [
    {
      "node": "c",
      "type": "text",
      "id": "Q003521.U0",
      "cdl": [
        {
          "node": "d",
          "type": "object",
          "ref": ""
        },
        {
          "node": "d",
          "type": "surface",
          "ref": ""
        },
        {
          "node": "d",
          "type": "nonx",
          "ref": "Q003521.1",
          "strict": "0",
          "state": "other"
        },
        {
          "node": "c",
          "type": "discourse",
          "subtype": "body",
          "id": "Q003521.U1",
          "cdl": [
            {
              "node": "c",
              "type": "sentence",
              "tag": ".",
              "id": "Q003521.U2",
              "label": "1' - 3'",
              "cdl": [
                {
                  "node": "d",
                  "type": "line-start",
                  "ref": "Q003521.2",
                  "n": "1'",
                  "label": "1'"
                },
                {
                  "node": "l",
                  "frag": "[...]",
                  "id": "Q003521.l07805",
                  "ref": "Q003521.2.1",
                  "inst": "u",
                  "f": {
                    "lang": "akk",
                    "form": "x",
                    "pos": "u"
                  }
                },
                {
                  "node": "l",
                  "frag": "x",
                  "id": "Q003521.l07806",
                  "ref": "Q003521.2.2",
                  "inst": "u",
                  "f": {
                    "lang": "akk",
                    "form": "x",
                    "pos": "u"
                  }
                },
                {
                  "node": "l",
                  "frag": "x",
                  "id": "Q003521.l07807",
                  "ref": "Q003521.2.3",
                  "inst": "u",
                  "f": {
                    "lang": "akk",
                    "form": "x",
                    "pos": "u"
                  }
                },
                {
                  "node": "l",
                  "frag": "[...]",
                  "id": "Q003521.l07808",
                  "ref": "Q003521.2.4",
                  "inst": "u",
                  "f": {
                    "lang": "akk",
                    "form": "x",
                    "pos": "u"
                  }
                },
                {
                  "node": "d",
                  "type": "line-start",
                  "ref": "Q003521.3",
                  "n": "2'",
                  "label": "2'"
                },
                {
                  "node": "l",
                  "frag": "[ša",
                  "id": "Q003521.l07809",
                  "ref": "Q003521.3.1",
                  "inst": "ša[of]DET",
                  "sig": "@rinap/rinap3%akk:ša=ša[of//of]DET'DET$ša",
                  "f": {
                    "lang": "akk",
                    "form": "ša",
                    "cf": "ša",
                    "gw": "of",
                    "sense": "of",
                    "norm": "ša",
                    "pos": "DET",
                    "epos": "DET"
                  }
                },
                {
                  "node": "l",
                  "frag": "{na₄}GIŠ.NU₁₁.GAL",
                  "id": "Q003521.l0780a",
                  "ref": "Q003521.3.2",
                  "inst": "gišnugalli[alabaster]N",
                  "sig": "@rinap/rinap3%akk:{NA₄}GIŠ.NU₁₁.GAL=ašnugallu[alabaster//alabaster]N'N$gišnugalli",
                  "f": {
                    "lang": "akk",
                    "form": "{NA₄}GIŠ.NU₁₁.GAL",
                    "cf": "ašnugallu",
                    "gw": "alabaster",
                    "sense": "alabaster",
                    "norm": "gišnugalli",
                    "pos": "N",
                    "epos": "N"
                  }
                },
                {
                  "node": "l",
                  "frag": "ša",
                  "id": "Q003521.l0780b",
                  "ref": "Q003521.3.3",
                  "inst": "ša[that]REL",
                  "sig": "@rinap/rinap3%akk:ša=ša[that//that]REL'REL$ša",
                  "f": {
                    "lang": "akk",
                    "form": "ša",
                    "cf": "ša",
                    "gw": "that",
                    "sense": "that",
                    "norm": "ša",
                    "pos": "REL",
                    "epos": "REL"
                  }
                },
                {
                  "node": "l",
                  "frag": "i-na",
                  "id": "Q003521.l0780c",
                  "ref": "Q003521.3.4",
                  "inst": "ina[in]PRP",
                  "sig": "@rinap/rinap3%akk:i-na=ina[in//in]PRP'PRP$ina",
                  "f": {
                    "lang": "akk",
                    "form": "i-na",
                    "cf": "ina",
                    "gw": "in",
                    "sense": "in",
                    "norm": "ina",
                    "pos": "PRP",
                    "epos": "PRP"
                  }
                },
                {
                  "node": "l",
                  "frag": "tar-ṣi",
                  "id": "Q003521.l0780d",
                  "ref": "Q003521.3.5",
                  "inst": "tarṣi[at the time of]N",
                  "sig": "@rinap/rinap3%akk:tar-ṣi=tarṣu[before//at the time of]N'N$tarṣi",
                  "f": {
                    "lang": "akk",
                    "form": "tar-ṣi",
                    "cf": "tarṣu",
                    "gw": "before",
                    "sense": "at the time of",
                    "norm": "tarṣi",
                    "pos": "N",
                    "epos": "N"
                  }
                },
                {
                  "node": "l",
                  "frag": "LUGAL].⸢MEŠ⸣-ni",
                  "id": "Q003521.l0780e",
                  "ref": "Q003521.3.6",
                  "inst": "šarrāni[king]N",
                  "sig": "@rinap/rinap3%akk:LUGAL.MEŠ-ni=šarru[king//king]N'N$šarrāni",
                  "f": {
                    "lang": "akk",
                    "form": "LUGAL.MEŠ-ni",
                    "cf": "šarru",
                    "gw": "king",
                    "sense": "king",
                    "norm": "šarrāni",
                    "pos": "N",
                    "epos": "N"
                  }
                },
                {
                  "node": "l",
                  "frag": "⸢AD⸣.[MEŠ-ia",
                  "id": "Q003521.l0780f",
                  "ref": "Q003521.3.7",
                  "inst": "abbīya[ancestor]N",
                  "sig": "@rinap/rinap3%akk:AD.MEŠ-ia=abu[father//ancestor]N'N$abbīya",
                  "f": {
                    "lang": "akk",
                    "form": "AD.MEŠ-ia",
                    "cf": "abu",
                    "gw": "father",
                    "sense": "ancestor",
                    "norm": "abbīya",
                    "pos": "N",
                    "epos": "N"
                  }
                },
                {
                  "node": "l",
                  "frag": "a-na",
                  "id": "Q003521.l07810",
                  "ref": "Q003521.3.8",
                  "inst": "ana[for]PRP",
                  "sig": "@rinap/rinap3%akk:a-na=ana[to//for]PRP'PRP$ana",
                  "f": {
                    "lang": "akk",
                    "form": "a-na",
                    "cf": "ana",
                    "gw": "to",
                    "sense": "for",
                    "norm": "ana",
                    "pos": "PRP",
                    "epos": "PRP"
                  }
                },
                {
                  "node": "l",
                  "frag": "kar-ri",
                  "id": "Q003521.l07811",
                  "ref": "Q003521.3.9",
                  "inst": "karri[pommel]N",
                  "sig": "@rinap/rinap3%akk:kar-ri=karru[knob//pommel]N'N$karri",
                  "f": {
                    "lang": "akk",
                    "form": "kar-ri",
                    "cf": "karru",
                    "gw": "knob",
                    "sense": "pommel",
                    "norm": "karri",
                    "pos": "N",
                    "epos": "N"
                  }
                },
                {
                  "node": "l",
                  "frag": "nam-ṣa-ri",
                  "id": "Q003521.l07812",
                  "ref": "Q003521.3.10",
                  "inst": "namṣāri[sword]N",
                  "sig": "@rinap/rinap3%akk:nam-ṣa-ri=namṣāru[sword//sword]N'N$namṣāri",
                  "f": {
                    "lang": "akk",
                    "form": "nam-ṣa-ri",
                    "cf": "namṣāru",
                    "gw": "sword",
                    "sense": "sword",
                    "norm": "namṣāri",
                    "pos": "N",
                    "epos": "N"
                  }
                },
                {
                  "node": "l",
                  "frag": "šu-qu-ru",
                  "id": "Q003521.l07813",
                  "ref": "Q003521.3.11",
                  "inst": "šūquru[very valuable]AJ",
                  "sig": "@rinap/rinap3%akk:šu-qu-ru=šūquru[very valuable//very valuable]AJ'AJ$šūquru",
                  "f": {
                    "lang": "akk",
                    "form": "šu-qu-ru",
                    "cf": "šūquru",
                    "gw": "very valuable",
                    "sense": "very valuable",
                    "norm": "šūquru",
                    "pos": "AJ",
                    "epos": "AJ"
                  }
                },
                {
                  "node": "l",
                  "frag": "i-na",
                  "id": "Q003521.l07814",
                  "ref": "Q003521.3.12",
                  "inst": "ina[in]PRP",
                  "sig": "@rinap/rinap3%akk:i-na=ina[in//in]PRP'PRP$ina",
                  "f": {
                    "lang": "akk",
                    "form": "i-na",
                    "cf": "ina",
                    "gw": "in",
                    "sense": "in",
                    "norm": "ina",
                    "pos": "PRP",
                    "epos": "PRP"
                  }
                },
                {
                  "node": "l",
                  "frag": "sa-pan",
                  "id": "Q003521.l07815",
                  "ref": "Q003521.3.13",
                  "inst": "sapan[plain]N",
                  "sig": "@rinap/rinap3%akk:sa-pan=sapannu[flatland//plain]N'N$sapan",
                  "f": {
                    "lang": "akk",
                    "form": "sa-pan",
                    "cf": "sapannu",
                    "gw": "flatland",
                    "sense": "plain",
                    "norm": "sapan",
                    "pos": "N",
                    "epos": "N"
                  }
                },
                {
                  "node": "l",
                  "frag": "{kur}am-ma-na-na]",
                  "id": "Q003521.l07816",
                  "ref": "Q003521.3.14",
                  "inst": "Ammanana[1]GN",
                  "sig": "@rinap/rinap3%akk:{KUR}am-ma-na-na=Ammanana[1//1]GN'GN$Ammanana",
                  "f": {
                    "lang": "akk",
                    "form": "{KUR}am-ma-na-na",
                    "cf": "Ammanana",
                    "gw": "1",
                    "sense": "1",
                    "norm": "Ammanana",
                    "pos": "GN",
                    "epos": "GN"
                  }
                },
                {
                  "node": "d",
                  "type": "line-start",
                  "ref": "Q003521.4",
                  "n": "3'",
                  "label": "3'"
                },
                {
                  "node": "l",
                  "frag": "[u₂-šap-tu-ni",
                  "id": "Q003521.l07817",
                  "ref": "Q003521.4.1",
                  "inst": "ušaptûni[make open up]V",
                  "sig": "@rinap/rinap3%akk:u₂-šap-tu-ni=petû[open//make open up]V'V$ušaptûni",
                  "f": {
                    "lang": "akk",
                    "form": "u₂-šap-tu-ni",
                    "cf": "petû",
                    "gw": "open",
                    "sense": "make open up",
                    "norm": "ušaptûni",
                    "pos": "V",
                    "epos": "V"
                  }
                },
                {
                  "node": "l",
                  "frag": "pa-ni-šu",
                  "id": "Q003521.l07818",
                  "ref": "Q003521.4.2",
                  "inst": "pānišu[front]N +.",
                  "sig": "@rinap/rinap3%akk:pa-ni-šu=pānu[front//front]N'N$pānišu",
                  "f": {
                    "lang": "akk",
                    "form": "pa-ni-šu",
                    "cf": "pānu",
                    "gw": "front",
                    "sense": "front",
                    "norm": "pānišu",
                    "pos": "N",
                    "epos": "N"
                  }
                }
              ]
            },
            {
              "node": "c",
              "type": "sentence",
              "tag": ".",
              "id": "Q003521.U4",
              "label": "3' - 4'",
              "cdl": [
                {
                  "node": "l",
                  "frag": "u₃",
                  "id": "Q003521.l07819",
                  "ref": "Q003521.4.3",
                  "inst": "u[and]CNJ",
                  "sig": "@rinap/rinap3%akk:u₃=u[and//and]CNJ'CNJ$u",
                  "f": {
                    "lang": "akk",
                    "form": "u₃",
                    "cf": "u",
                    "gw": "and",
                    "sense": "and",
                    "norm": "u",
                    "pos": "CNJ",
                    "epos": "CNJ"
                  }
                },
                {
                  "node": "l",
                  "frag": "{na₄}DUR₂.MI.NA.BAN₃.DA]",
                  "id": "Q003521.l0781a",
                  "ref": "Q003521.4.4",
                  "inst": "turminabandî[(a breccia or marble)]N",
                  "sig": "@rinap/rinap3%akk:{NA₄}DUR₂.MI.NA.BAN₃.DA=turminabandû[(a breccia or marble)//(a breccia or marble)]N'N$turminabandî",
                  "f": {
                    "lang": "akk",
                    "form": "{NA₄}DUR₂.MI.NA.BAN₃.DA",
                    "cf": "turminabandû",
                    "gw": "(a breccia or marble)",
                    "sense": "(a breccia or marble)",
                    "norm": "turminabandî",
                    "pos": "N",
                    "epos": "N"
                  }
                },
                {
                  "node": "l",
                  "frag": "⸢ma⸣-la",
                  "id": "Q003521.l0781b",
                  "ref": "Q003521.4.5",
                  "inst": "mala[as much as]'REL",
                  "sig": "@rinap/rinap3%akk:ma-la=mala[as much as//as much as]PRP'REL$mala",
                  "f": {
                    "lang": "akk",
                    "form": "ma-la",
                    "cf": "mala",
                    "gw": "as much as",
                    "sense": "as much as",
                    "norm": "mala",
                    "pos": "PRP",
                    "epos": "REL"
                  }
                },
                {
                  "node": "l",
                  "frag": "{dug}bur-[zi-gal-li",
                  "id": "Q003521.l0781c",
                  "ref": "Q003521.4.6",
                  "inst": "burzigalli[big pursītu vessel]N",
                  "sig": "@rinap/rinap3%akk:{DUG}bur-zi-gal-li=burzigallu[big pursītu vessel//big pursītu vessel]N'N$burzigalli",
                  "f": {
                    "lang": "akk",
                    "form": "{DUG}bur-zi-gal-li",
                    "cf": "burzigallu",
                    "gw": "big pursītu vessel",
                    "sense": "big pursītu vessel",
                    "norm": "burzigalli",
                    "pos": "N",
                    "epos": "N"
                  }
                },
                {
                  "node": "l",
                  "frag": "ša",
                  "id": "Q003521.l0781d",
                  "ref": "Q003521.4.7",
                  "inst": "ša[that]REL",
                  "sig": "@rinap/rinap3%akk:ša=ša[that//that]REL'REL$ša",
                  "f": {
                    "lang": "akk",
                    "form": "ša",
                    "cf": "ša",
                    "gw": "that",
                    "sense": "that",
                    "norm": "ša",
                    "pos": "REL",
                    "epos": "REL"
                  }
                },
                {
                  "node": "l",
                  "frag": "la",
                  "id": "Q003521.l0781e",
                  "ref": "Q003521.4.8",
                  "inst": "lā[not]MOD",
                  "sig": "@rinap/rinap3%akk:la=lā[not//not]MOD'MOD$lā",
                  "f": {
                    "lang": "akk",
                    "form": "la",
                    "cf": "lā",
                    "gw": "not",
                    "sense": "not",
                    "norm": "lā",
                    "pos": "MOD",
                    "epos": "MOD"
                  }
                },
                {
                  "node": "l",
                  "frag": "in-nam-ru",
                  "id": "Q003521.l0781f",
                  "ref": "Q003521.4.9",
                  "inst": "innamru[be seen]V",
                  "sig": "@rinap/rinap3%akk:in-nam-ru=amāru[see//be seen]V'V$innamru",
                  "f": {
                    "lang": "akk",
                    "form": "in-nam-ru",
                    "cf": "amāru",
                    "gw": "see",
                    "sense": "be seen",
                    "norm": "innamru",
                    "pos": "V",
                    "epos": "V"
                  }
                },
                {
                  "node": "l",
                  "frag": "ma-ti-ma",
                  "id": "Q003521.l07820",
                  "ref": "Q003521.4.10",
                  "inst": "matīma[ever]AV",
                  "sig": "@rinap/rinap3%akk:ma-ti-ma=matīma[ever//ever]AV'AV$matīma",
                  "f": {
                    "lang": "akk",
                    "form": "ma-ti-ma",
                    "cf": "matīma",
                    "gw": "ever",
                    "sense": "ever",
                    "norm": "matīma",
                    "pos": "AV",
                    "epos": "AV"
                  }
                },
                {
                  "node": "l",
                  "frag": "i-na",
                  "id": "Q003521.l07821",
                  "ref": "Q003521.4.11",
                  "inst": "ina[at]PRP",
                  "sig": "@rinap/rinap3%akk:i-na=ina[in//at]PRP'PRP$ina",
                  "f": {
                    "lang": "akk",
                    "form": "i-na",
                    "cf": "ina",
                    "gw": "in",
                    "sense": "at",
                    "norm": "ina",
                    "pos": "PRP",
                    "epos": "PRP"
                  }
                },
                {
                  "node": "l",
                  "frag": "{uru}kap-ri-da-ar-gi-la-a]",
                  "id": "Q003521.l07822",
                  "ref": "Q003521.4.12",
                  "inst": "Kapridargila[1]SN",
                  "sig": "@rinap/rinap3%akk:{URU}kap-ri-da-ar-gi-la-a=Kapridargila[1//1]SN'SN$Kapridargila",
                  "f": {
                    "lang": "akk",
                    "form": "{URU}kap-ri-da-ar-gi-la-a",
                    "cf": "Kapridargila",
                    "gw": "1",
                    "sense": "1",
                    "norm": "Kapridargila",
                    "pos": "SN",
                    "epos": "SN"
                  }
                },
                {
                  "node": "d",
                  "type": "nonw",
                  "ref": ""
                },
                {
                  "node": "d",
                  "type": "line-start",
                  "ref": "Q003521.5",
                  "n": "4'",
                  "label": "4'"
                },
                {
                  "node": "l",
                  "frag": "[u₂-kal-lim",
                  "id": "Q003521.l07823",
                  "ref": "Q003521.5.1",
                  "inst": "ukallim[show]V",
                  "sig": "@rinap/rinap3%akk:u₂-kal-lim=kullumu[show//show]V'V$ukallim",
                  "f": {
                    "lang": "akk",
                    "form": "u₂-kal-lim",
                    "cf": "kullumu",
                    "gw": "show",
                    "sense": "show",
                    "norm": "ukallim",
                    "pos": "V",
                    "epos": "V"
                  }
                },
                {
                  "node": "l",
                  "frag": "ra-ma-nu-uš",
                  "id": "Q003521.l07824",
                  "ref": "Q003521.5.2",
                  "inst": "ramānuš[self]N +.",
                  "sig": "@rinap/rinap3%akk:ra-ma-nu-uš=ramānu[self//self]N'N$ramānuš",
                  "f": {
                    "lang": "akk",
                    "form": "ra-ma-nu-uš",
                    "cf": "ramānu",
                    "gw": "self",
                    "sense": "self",
                    "norm": "ramānuš",
                    "pos": "N",
                    "epos": "N"
                  }
                }
              ]
            },
            {
              "node": "c",
              "type": "sentence",
              "tag": ".",
              "id": "Q003521.U6",
              "label": "4' - 7'",
              "cdl": [
                {
                  "node": "l",
                  "frag": "i-te-e",
                  "id": "Q003521.l07825",
                  "ref": "Q003521.5.3",
                  "inst": "itê[boundary]N",
                  "sig": "@rinap/rinap3%akk:i-te-e=itû[boundary//boundary]N'N$itê",
                  "f": {
                    "lang": "akk",
                    "form": "i-te-e",
                    "cf": "itû",
                    "gw": "boundary",
                    "sense": "boundary",
                    "norm": "itê",
                    "pos": "N",
                    "epos": "N"
                  }
                },
                {
                  "node": "l",
                  "frag": "NINA{ki}",
                  "id": "Q003521.l07826",
                  "ref": "Q003521.5.4",
                  "inst": "Ninua[Nineveh]SN",
                  "sig": "@rinap/rinap3%akk:NINA{KI}=Ninua[Nineveh//Nineveh]SN'SN$Ninua",
                  "f": {
                    "lang": "akk",
                    "form": "NINA{KI}",
                    "cf": "Ninua",
                    "gw": "Nineveh",
                    "sense": "Nineveh",
                    "norm": "Ninua",
                    "pos": "SN",
                    "epos": "SN"
                  }
                },
                {
                  "node": "l",
                  "frag": "i-na",
                  "id": "Q003521.l07827",
                  "ref": "Q003521.5.5",
                  "inst": "ina[in]PRP",
                  "sig": "@rinap/rinap3%akk:i-na=ina[in//in]PRP'PRP$ina",
                  "f": {
                    "lang": "akk",
                    "form": "i-na",
                    "cf": "ina",
                    "gw": "in",
                    "sense": "in",
                    "norm": "ina",
                    "pos": "PRP",
                    "epos": "PRP"
                  }
                },
                {
                  "node": "l",
                  "frag": "er-ṣe-et",
                  "id": "Q003521.l07828",
                  "ref": "Q003521.5.6",
                  "inst": "erṣet[territory]N",
                  "sig": "@rinap/rinap3%akk:er-ṣe-et=erṣetu[earth//territory]N'N$erṣet",
                  "f": {
                    "lang": "akk",
                    "form": "er-ṣe-et",
                    "cf": "erṣetu",
                    "gw": "earth",
                    "sense": "territory",
                    "norm": "erṣet",
                    "pos": "N",
                    "epos": "N"
                  }
                },
                {
                  "node": "l",
                  "frag": "{uru}ba-la-ṭa-a-a",
                  "id": "Q003521.l07829",
                  "ref": "Q003521.5.7",
                  "inst": "Balaṭaya[1]SN",
                  "sig": "@rinap/rinap3%akk:{URU}ba-la-ṭa-a-a=Balaṭaya[1//1]SN'SN$Balaṭaya",
                  "f": {
                    "lang": "akk",
                    "form": "{URU}ba-la-ṭa-a-a",
                    "cf": "Balaṭaya",
                    "gw": "1",
                    "sense": "1",
                    "norm": "Balaṭaya",
                    "pos": "SN",
                    "epos": "SN"
                  }
                },
                {
                  "node": "l",
                  "frag": "ki]-i",
                  "id": "Q003521.l0782a",
                  "ref": "Q003521.5.8",
                  "inst": "kī[in accordance with]PRP",
                  "sig": "@rinap/rinap3%akk:ki-i=kī[like//in accordance with]PRP'PRP$kī",
                  "f": {
                    "lang": "akk",
                    "form": "ki-i",
                    "cf": "kī",
                    "gw": "like",
                    "sense": "in accordance with",
                    "norm": "kī",
                    "pos": "PRP",
                    "epos": "PRP"
                  }
                },
                {
                  "node": "l",
                  "frag": "ṭe₃-⸢em⸣",
                  "id": "Q003521.l0782b",
                  "ref": "Q003521.5.9",
                  "inst": "ṭēm[decision]N",
                  "sig": "@rinap/rinap3%akk:ṭe₃-em=ṭēmu[report//decision]N'N$ṭēm",
                  "f": {
                    "lang": "akk",
                    "form": "ṭe₃-em",
                    "cf": "ṭēmu",
                    "gw": "report",
                    "sense": "decision",
                    "norm": "ṭēm",
                    "pos": "N",
                    "epos": "N"
                  }
                },
                {
                  "node": "l",
                  "frag": "[DINGIR-ma",
                  "id": "Q003521.l0782c",
                  "ref": "Q003521.5.10",
                  "inst": "ilima[god]N",
                  "sig": "@rinap/rinap3%akk:DINGIR-ma=ilu[god//god]N'N$ilima",
                  "f": {
                    "lang": "akk",
                    "form": "DINGIR-ma",
                    "cf": "ilu",
                    "gw": "god",
                    "sense": "god",
                    "norm": "ilima",
                    "pos": "N",
                    "epos": "N"
                  }
                },
                {
                  "node": "l",
                  "frag": "{na₄}pi-i-lu",
                  "id": "Q003521.l0782d",
                  "ref": "Q003521.5.11",
                  "inst": "pīlu[limestone]N",
                  "sig": "@rinap/rinap3%akk:{NA₄}pi-i-lu=pīlu[limestone//limestone]N'N$pīlu",
                  "f": {
                    "lang": "akk",
                    "form": "{NA₄}pi-i-lu",
                    "cf": "pīlu",
                    "gw": "limestone",
                    "sense": "limestone",
                    "norm": "pīlu",
                    "pos": "N",
                    "epos": "N"
                  }
                },
                {
                  "node": "l",
                  "frag": "pe-ṣu-u₂",
                  "id": "Q003521.l0782e",
                  "ref": "Q003521.5.12",
                  "inst": "peṣû[white]AJ",
                  "sig": "@rinap/rinap3%akk:pe-ṣu-u₂=peṣû[white//white]AJ'AJ$peṣû",
                  "f": {
                    "lang": "akk",
                    "form": "pe-ṣu-u₂",
                    "cf": "peṣû",
                    "gw": "white",
                    "sense": "white",
                    "norm": "peṣû",
                    "pos": "AJ",
                    "epos": "AJ"
                  }
                },
                {
                  "node": "l",
                  "frag": "a-na",
                  "id": "Q003521.l0782f",
                  "ref": "Q003521.5.13",
                  "inst": "ana[to]PRP",
                  "sig": "@rinap/rinap3%akk:a-na=ana[to//to]PRP'PRP$ana",
                  "f": {
                    "lang": "akk",
                    "form": "a-na",
                    "cf": "ana",
                    "gw": "to",
                    "sense": "to",
                    "norm": "ana",
                    "pos": "PRP",
                    "epos": "PRP"
                  }
                },
                {
                  "node": "l",
                  "frag": "mu-ʾu-de-e",
                  "id": "Q003521.l07830",
                  "ref": "Q003521.5.14",
                  "inst": "muʾuddê[(large) quantity]N",
                  "sig": "@rinap/rinap3%akk:mu-ʾu-de-e=muʾuddû[(large) quantity//(large) quantity]N'N$muʾuddê",
                  "f": {
                    "lang": "akk",
                    "form": "mu-ʾu-de-e",
                    "cf": "muʾuddû",
                    "gw": "(large) quantity",
                    "sense": "(large) quantity",
                    "norm": "muʾuddê",
                    "pos": "N",
                    "epos": "N"
                  }
                },
                {
                  "node": "l",
                  "frag": "in-na-mir-ma]",
                  "id": "Q003521.l07831",
                  "ref": "Q003521.5.15",
                  "inst": "innamirma[be found]V",
                  "sig": "@rinap/rinap3%akk:in-na-mir-ma=amāru[see//be found]V'V$innamirma",
                  "f": {
                    "lang": "akk",
                    "form": "in-na-mir-ma",
                    "cf": "amāru",
                    "gw": "see",
                    "sense": "be found",
                    "norm": "innamirma",
                    "pos": "V",
                    "epos": "V"
                  }
                },
                {
                  "node": "d",
                  "type": "line-start",
                  "ref": "Q003521.6",
                  "n": "5'",
                  "label": "5'"
                },
                {
                  "node": "l",
                  "frag": "{[d}ALAD.{d}LAMMA.MEŠ",
                  "id": "Q003521.l07832",
                  "ref": "Q003521.6.1",
                  "inst": "aladlammê[human-headed bull-colossus]N",
                  "sig": "@rinap/rinap3%akk:{d}ALAD.{d}LAMMA.MEŠ=aladlammû[human-headed bull-colossus//human-headed bull-colossus]N'N$aladlammê",
                  "f": {
                    "lang": "akk",
                    "form": "{d}ALAD.{d}LAMMA.MEŠ",
                    "cf": "aladlammû",
                    "gw": "human-headed bull-colossus",
                    "sense": "human-headed bull-colossus",
                    "norm": "aladlammê",
                    "pos": "N",
                    "epos": "N"
                  }
                },
                {
                  "node": "l",
                  "frag": "{na₄}GIŠ.NU₁₁.GAL",
                  "id": "Q003521.l07833",
                  "ref": "Q003521.6.2",
                  "inst": "gišnugalli[alabaster]N",
                  "sig": "@rinap/rinap3%akk:{NA₄}GIŠ.NU₁₁.GAL=ašnugallu[alabaster//alabaster]N'N$gišnugalli",
                  "f": {
                    "lang": "akk",
                    "form": "{NA₄}GIŠ.NU₁₁.GAL",
                    "cf": "ašnugallu",
                    "gw": "alabaster",
                    "sense": "alabaster",
                    "norm": "gišnugalli",
                    "pos": "N",
                    "epos": "N"
                  }
                },
                {
                  "node": "l",
                  "frag": "ša",
                  "id": "Q003521.l07834",
                  "ref": "Q003521.6.3",
                  "inst": "ša[that]REL",
                  "sig": "@rinap/rinap3%akk:ša=ša[that//that]REL'REL$ša",
                  "f": {
                    "lang": "akk",
                    "form": "ša",
                    "cf": "ša",
                    "gw": "that",
                    "sense": "that",
                    "norm": "ša",
                    "pos": "REL",
                    "epos": "REL"
                  }
                },
                {
                  "node": "l",
                  "frag": "i-na",
                  "id": "Q003521.l07835",
                  "ref": "Q003521.6.4",
                  "inst": "ina[in]PRP",
                  "sig": "@rinap/rinap3%akk:i-na=ina[in//in]PRP'PRP$ina",
                  "f": {
                    "lang": "akk",
                    "form": "i-na",
                    "cf": "ina",
                    "gw": "in",
                    "sense": "in",
                    "norm": "ina",
                    "pos": "PRP",
                    "epos": "PRP"
                  }
                },
                {
                  "node": "l",
                  "frag": "1-en",
                  "id": "Q003521.l07836",
                  "ref": "Q003521.6.5",
                  "inst": "ištēn[one]NU",
                  "sig": "@rinap/rinap3%akk:1-en=ištēn[one//one]NU'NU$ištēn",
                  "f": {
                    "lang": "akk",
                    "form": "1-en",
                    "cf": "ištēn",
                    "gw": "one",
                    "sense": "one",
                    "norm": "ištēn",
                    "pos": "NU",
                    "epos": "NU"
                  }
                },
                {
                  "node": "l",
                  "frag": "NA₄",
                  "id": "Q003521.l07837",
                  "ref": "Q003521.6.6",
                  "inst": "abni[stone]N",
                  "sig": "@rinap/rinap3%akk:NA₄=abnu[stone//stone]N'N$abni",
                  "f": {
                    "lang": "akk",
                    "form": "NA₄",
                    "cf": "abnu",
                    "gw": "stone",
                    "sense": "stone",
                    "norm": "abni",
                    "pos": "N",
                    "epos": "N"
                  }
                },
                {
                  "node": "l",
                  "frag": "ib-ba-nu-u₂",
                  "id": "Q003521.l07838",
                  "ref": "Q003521.6.7",
                  "inst": "ibbanû[be fashioned]V",
                  "sig": "@rinap/rinap3%akk:ib-ba-nu-u₂=banû[create//be fashioned]V'V$ibbanû",
                  "f": {
                    "lang": "akk",
                    "form": "ib-ba-nu-u₂",
                    "cf": "banû",
                    "gw": "create",
                    "sense": "be fashioned",
                    "norm": "ibbanû",
                    "pos": "V",
                    "epos": "V"
                  }
                },
                {
                  "node": "l",
                  "frag": "mi]-⸢na⸣-a-ti",
                  "id": "Q003521.l07839",
                  "ref": "Q003521.6.8",
                  "inst": "minâti[limbs]N",
                  "sig": "@rinap/rinap3%akk:mi-na-a-ti=minītu[measure//limbs]N'N$minâti",
                  "f": {
                    "lang": "akk",
                    "form": "mi-na-a-ti",
                    "cf": "minītu",
                    "gw": "measure",
                    "sense": "limbs",
                    "norm": "minâti",
                    "pos": "N",
                    "epos": "N"
                  }
                },
                {
                  "node": "l",
                  "frag": "nu-⸢uk⸣-[ku-lu",
                  "id": "Q003521.l0783a",
                  "ref": "Q003521.6.9",
                  "inst": "nukkulu[skilfully made]AJ",
                  "sig": "@rinap/rinap3%akk:nu-uk-ku-lu=nukkulu[skilfully made//skilfully made]AJ'AJ$nukkulu",
                  "f": {
                    "lang": "akk",
                    "form": "nu-uk-ku-lu",
                    "cf": "nukkulu",
                    "gw": "skilfully made",
                    "sense": "skilfully made",
                    "norm": "nukkulu",
                    "pos": "AJ",
                    "epos": "AJ"
                  }
                },
                {
                  "node": "l",
                  "frag": "{munus}AB₂.ZA.ZA-a-ti",
                  "id": "Q003521.l0783b",
                  "ref": "Q003521.6.10",
                  "inst": "apsasāti[sphinx]N",
                  "sig": "@rinap/rinap3%akk:{MUNUS}AB₂.ZA.ZA-a-ti=apsasû[(an exotic bovid)//sphinx]N'N$apsasāti",
                  "f": {
                    "lang": "akk",
                    "form": "{MUNUS}AB₂.ZA.ZA-a-ti",
                    "cf": "apsasû",
                    "gw": "(an exotic bovid)",
                    "sense": "sphinx",
                    "norm": "apsasāti",
                    "pos": "N",
                    "epos": "N"
                  }
                },
                {
                  "node": "l",
                  "frag": "{na₄}GIŠ.NU₁₁.GAL",
                  "id": "Q003521.l0783c",
                  "ref": "Q003521.6.11",
                  "inst": "gišnugalli[alabaster]N",
                  "sig": "@rinap/rinap3%akk:{NA₄}GIŠ.NU₁₁.GAL=ašnugallu[alabaster//alabaster]N'N$gišnugalli",
                  "f": {
                    "lang": "akk",
                    "form": "{NA₄}GIŠ.NU₁₁.GAL",
                    "cf": "ašnugallu",
                    "gw": "alabaster",
                    "sense": "alabaster",
                    "norm": "gišnugalli",
                    "pos": "N",
                    "epos": "N"
                  }
                },
                {
                  "node": "l",
                  "frag": "ša",
                  "id": "Q003521.l0783d",
                  "ref": "Q003521.6.12",
                  "inst": "ša[that]REL",
                  "sig": "@rinap/rinap3%akk:ša=ša[that//that]REL'REL$ša",
                  "f": {
                    "lang": "akk",
                    "form": "ša",
                    "cf": "ša",
                    "gw": "that",
                    "sense": "that",
                    "norm": "ša",
                    "pos": "REL",
                    "epos": "REL"
                  }
                },
                {
                  "node": "l",
                  "frag": "zi-i-me]",
                  "id": "Q003521.l0783e",
                  "ref": "Q003521.6.13",
                  "inst": "zīmē[appearance]N",
                  "sig": "@rinap/rinap3%akk:zi-i-me=zīmu[face//appearance]N'N$zīmē",
                  "f": {
                    "lang": "akk",
                    "form": "zi-i-me",
                    "cf": "zīmu",
                    "gw": "face",
                    "sense": "appearance",
                    "norm": "zīmē",
                    "pos": "N",
                    "epos": "N"
                  }
                },
                {
                  "node": "d",
                  "type": "nonw",
                  "ref": ""
                },
                {
                  "node": "d",
                  "type": "line-start",
                  "ref": "Q003521.7",
                  "n": "6'",
                  "label": "6'"
                },
                {
                  "node": "l",
                  "frag": "[nu-us-su-qa",
                  "id": "Q003521.l0783f",
                  "ref": "Q003521.7.1",
                  "inst": "nussuqā[choice]AJ",
                  "sig": "@rinap/rinap3%akk:nu-us-su-qa=nussuqu[select(ed)//choice]AJ'AJ$nussuqā",
                  "f": {
                    "lang": "akk",
                    "form": "nu-us-su-qa",
                    "cf": "nussuqu",
                    "gw": "select(ed)",
                    "sense": "choice",
                    "norm": "nussuqā",
                    "pos": "AJ",
                    "epos": "AJ"
                  }
                },
                {
                  "node": "l",
                  "frag": "ki-ma",
                  "id": "Q003521.l07840",
                  "ref": "Q003521.7.2",
                  "inst": "kīma[like]PRP",
                  "sig": "@rinap/rinap3%akk:ki-ma=kīma[like//like]PRP'PRP$kīma",
                  "f": {
                    "lang": "akk",
                    "form": "ki-ma",
                    "cf": "kīma",
                    "gw": "like",
                    "sense": "like",
                    "norm": "kīma",
                    "pos": "PRP",
                    "epos": "PRP"
                  }
                },
                {
                  "node": "l",
                  "frag": "u₄-me",
                  "id": "Q003521.l07841",
                  "ref": "Q003521.7.3",
                  "inst": "ūme[day]N",
                  "sig": "@rinap/rinap3%akk:u₄-me=ūmu[day//day]N'N$ūme",
                  "f": {
                    "lang": "akk",
                    "form": "u₄-me",
                    "cf": "ūmu",
                    "gw": "day",
                    "sense": "day",
                    "norm": "ūme",
                    "pos": "N",
                    "epos": "N"
                  }
                },
                {
                  "node": "l",
                  "frag": "na-par-de-e",
                  "id": "Q003521.l07842",
                  "ref": "Q003521.7.4",
                  "inst": "napardê[shining brightly]AJ",
                  "sig": "@rinap/rinap3%akk:na-par-de-e=napardû[shining brightly//shining brightly]AJ'AJ$napardê",
                  "f": {
                    "lang": "akk",
                    "form": "na-par-de-e",
                    "cf": "napardû",
                    "gw": "shining brightly",
                    "sense": "shining brightly",
                    "norm": "napardê",
                    "pos": "AJ",
                    "epos": "AJ"
                  }
                },
                {
                  "node": "l",
                  "frag": "nu-um-mu-ru",
                  "id": "Q003521.l07843",
                  "ref": "Q003521.7.5",
                  "inst": "nummuru[very bright]AJ",
                  "sig": "@rinap/rinap3%akk:nu-um-mu-ru=nummuru[very bright//very bright]AJ'AJ$nummuru",
                  "f": {
                    "lang": "akk",
                    "form": "nu-um-mu-ru",
                    "cf": "nummuru",
                    "gw": "very bright",
                    "sense": "very bright",
                    "norm": "nummuru",
                    "pos": "AJ",
                    "epos": "AJ"
                  }
                },
                {
                  "node": "l",
                  "frag": "zu-mur]-⸢šin",
                  "id": "Q003521.l07844",
                  "ref": "Q003521.7.6",
                  "inst": "zumuršin[body]N",
                  "sig": "@rinap/rinap3%akk:zu-mur-šin=zumru[body//body]N'N$zumuršin",
                  "f": {
                    "lang": "akk",
                    "form": "zu-mur-šin",
                    "cf": "zumru",
                    "gw": "body",
                    "sense": "body",
                    "norm": "zumuršin",
                    "pos": "N",
                    "epos": "N"
                  }
                },
                {
                  "node": "l",
                  "frag": "KUN₄.MEŠ⸣",
                  "id": "Q003521.l07845",
                  "ref": "Q003521.7.7",
                  "inst": "askuppāt[(threshold) slab]N",
                  "sig": "@rinap/rinap3%akk:KUN₄.MEŠ=askuppu[(threshold) slab//(threshold) slab]N'N$askuppāt",
                  "f": {
                    "lang": "akk",
                    "form": "KUN₄.MEŠ",
                    "cf": "askuppu",
                    "gw": "(threshold) slab",
                    "sense": "(threshold) slab",
                    "norm": "askuppāt",
                    "pos": "N",
                    "epos": "N"
                  }
                },
                {
                  "node": "l",
                  "frag": "{[na₄}DUR₂.MI.NA.BAN₃.DA",
                  "id": "Q003521.l07846",
                  "ref": "Q003521.7.8",
                  "inst": "turminabandî[(a breccia or marble)]N",
                  "sig": "@rinap/rinap3%akk:{NA₄}DUR₂.MI.NA.BAN₃.DA=turminabandû[(a breccia or marble)//(a breccia or marble)]N'N$turminabandî",
                  "f": {
                    "lang": "akk",
                    "form": "{NA₄}DUR₂.MI.NA.BAN₃.DA",
                    "cf": "turminabandû",
                    "gw": "(a breccia or marble)",
                    "sense": "(a breccia or marble)",
                    "norm": "turminabandî",
                    "pos": "N",
                    "epos": "N"
                  }
                },
                {
                  "node": "l",
                  "frag": "ṣi-ra-a-ti",
                  "id": "Q003521.l07847",
                  "ref": "Q003521.7.9",
                  "inst": "ṣīrāti[lofty]AJ",
                  "sig": "@rinap/rinap3%akk:ṣi-ra-a-ti=ṣīru[exalted//lofty]AJ'AJ$ṣīrāti",
                  "f": {
                    "lang": "akk",
                    "form": "ṣi-ra-a-ti",
                    "cf": "ṣīru",
                    "gw": "exalted",
                    "sense": "lofty",
                    "norm": "ṣīrāti",
                    "pos": "AJ",
                    "epos": "AJ"
                  }
                },
                {
                  "node": "l",
                  "frag": "ab-ni",
                  "id": "Q003521.l07848",
                  "ref": "Q003521.7.10",
                  "inst": "abni[fashion]V",
                  "sig": "@rinap/rinap3%akk:ab-ni=banû[create//fashion]V'V$abni",
                  "f": {
                    "lang": "akk",
                    "form": "ab-ni",
                    "cf": "banû",
                    "gw": "create",
                    "sense": "fashion",
                    "norm": "abni",
                    "pos": "V",
                    "epos": "V"
                  }
                },
                {
                  "node": "l",
                  "frag": "...]",
                  "id": "Q003521.l07849",
                  "ref": "Q003521.7.11",
                  "inst": "u",
                  "f": {
                    "lang": "akk",
                    "form": "x",
                    "pos": "u"
                  }
                },
                {
                  "node": "d",
                  "type": "line-start",
                  "ref": "Q003521.8",
                  "n": "7'",
                  "label": "7'"
                },
                {
                  "node": "l",
                  "frag": "[...]",
                  "id": "Q003521.l0784a",
                  "ref": "Q003521.8.1",
                  "inst": "u",
                  "f": {
                    "lang": "akk",
                    "form": "x",
                    "pos": "u"
                  }
                },
                {
                  "node": "l",
                  "frag": "x",
                  "id": "Q003521.l0784b",
                  "ref": "Q003521.8.2",
                  "inst": "u",
                  "f": {
                    "lang": "akk",
                    "form": "x",
                    "pos": "u"
                  }
                },
                {
                  "node": "l",
                  "frag": "x",
                  "id": "Q003521.l0784c",
                  "ref": "Q003521.8.3",
                  "inst": "u",
                  "f": {
                    "lang": "akk",
                    "form": "x",
                    "pos": "u"
                  }
                },
                {
                  "node": "l",
                  "frag": "[...]",
                  "id": "Q003521.l0784d",
                  "ref": "Q003521.8.4",
                  "inst": "u +.",
                  "f": {
                    "lang": "akk",
                    "form": "x",
                    "pos": "u"
                  }
                }
              ]
            },
            {
              "node": "d",
              "type": "nonx",
              "ref": "Q003521.9",
              "strict": "0",
              "state": "other"
            }
          ]
        }
      ]
    }
  ]
}
