{
  "type": "cdl",
  "source": "http://oracc.org/rinap/rinap3",
  "license": "This data is released under the CC0 license",
  "license-url": "https://creativecommons.org/publicdomain/zero/1.0/",
  "more-info": "http://oracc.org/doc/opendata/",
  "UTC-timestamp": "2017-06-10T00:20:07",
  "project": "rinap/rinap3",
  "textid": "Q003568",
  "cdl": [
    {
      "node": "c",
      "type": "text",
      "id": "Q003568.U0",
      "cdl": [
        {
          "node": "d",
          "type": "object",
          "ref": ""
        },
        {
          "node": "d",
          "type": "surface",
          "ref": ""
        },
        {
          "node": "c",
          "type": "discourse",
          "subtype": "body",
          "id": "Q003568.U1",
          "cdl": [
            {
              "node": "c",
              "type": "sentence",
              "tag": ".",
              "id": "Q003568.U2",
              "label": "1 - 3",
              "cdl": [
                {
                  "node": "d",
                  "type": "line-start",
                  "ref": "Q003568.1",
                  "n": "1",
                  "label": "1"
                },
                {
                  "node": "l",
                  "frag": "{m}{d}30-PAP.MEŠ-SU",
                  "id": "Q003568.l07d61",
                  "ref": "Q003568.1.1",
                  "inst": "Sin-ahhe-eriba[Sennacherib, king of Assyria]RN",
                  "sig": "@rinap/rinap3%akk:{m}{d}30-PAP.MEŠ-SU=Sin-ahhe-eriba[Sennacherib, king of Assyria//Sennacherib, king of Assyria]RN'RN$Sin-ahhe-eriba",
                  "f": {
                    "lang": "akk",
                    "form": "{m}{d}30-PAP.MEŠ-SU",
                    "cf": "Sin-ahhe-eriba",
                    "gw": "Sennacherib, king of Assyria",
                    "sense": "Sennacherib, king of Assyria",
                    "norm": "Sin-ahhe-eriba",
                    "pos": "RN",
                    "epos": "RN"
                  }
                },
                {
                  "node": "l",
                  "frag": "MAN",
                  "id": "Q003568.l07d62",
                  "ref": "Q003568.1.2",
                  "inst": "šarru[king]N",
                  "sig": "@rinap/rinap3%akk:MAN=šarru[king//king]N'N$šar",
                  "f": {
                    "lang": "akk",
                    "form": "MAN",
                    "cf": "šarru",
                    "gw": "king",
                    "sense": "king",
                    "norm": "šar",
                    "pos": "N",
                    "epos": "N"
                  }
                },
                {
                  "node": "l",
                  "frag": "GAL-u",
                  "id": "Q003568.l07d63",
                  "ref": "Q003568.1.3",
                  "inst": "rabû[great]AJ",
                  "sig": "@rinap/rinap3%akk:GAL-u=rabû[great//great]AJ'AJ$rabû",
                  "f": {
                    "lang": "akk",
                    "form": "GAL-u",
                    "cf": "rabû",
                    "gw": "great",
                    "sense": "great",
                    "norm": "rabû",
                    "pos": "AJ",
                    "epos": "AJ"
                  }
                },
                {
                  "node": "l",
                  "frag": "MAN",
                  "id": "Q003568.l07d64",
                  "ref": "Q003568.1.4",
                  "inst": "šarru[king]N",
                  "sig": "@rinap/rinap3%akk:MAN=šarru[king//king]N'N$šar",
                  "f": {
                    "lang": "akk",
                    "form": "MAN",
                    "cf": "šarru",
                    "gw": "king",
                    "sense": "king",
                    "norm": "šar",
                    "pos": "N",
                    "epos": "N"
                  }
                },
                {
                  "node": "l",
                  "frag": "dan-nu",
                  "id": "Q003568.l07d65",
                  "ref": "Q003568.1.5",
                  "inst": "dannu[strong]AJ",
                  "sig": "@rinap/rinap3%akk:dan-nu=dannu[strong//strong]AJ'AJ$dannu",
                  "f": {
                    "lang": "akk",
                    "form": "dan-nu",
                    "cf": "dannu",
                    "gw": "strong",
                    "sense": "strong",
                    "norm": "dannu",
                    "pos": "AJ",
                    "epos": "AJ"
                  }
                },
                {
                  "node": "l",
                  "frag": "MAN",
                  "id": "Q003568.l07d66",
                  "ref": "Q003568.1.6",
                  "inst": "šar[king]N",
                  "sig": "@rinap/rinap3%akk:MAN=šarru[king//king]N'N$šar",
                  "f": {
                    "lang": "akk",
                    "form": "MAN",
                    "cf": "šarru",
                    "gw": "king",
                    "sense": "king",
                    "norm": "šar",
                    "pos": "N",
                    "epos": "N"
                  }
                },
                {
                  "node": "l",
                  "frag": "ŠU₂",
                  "id": "Q003568.l07d67",
                  "ref": "Q003568.1.7",
                  "inst": "kiššati[world]N",
                  "sig": "@rinap/rinap3%akk:ŠU₂=kiššatu[totality//world]N'N$kiššati",
                  "f": {
                    "lang": "akk",
                    "form": "ŠU₂",
                    "cf": "kiššatu",
                    "gw": "totality",
                    "sense": "world",
                    "norm": "kiššati",
                    "pos": "N",
                    "epos": "N"
                  }
                },
                {
                  "node": "d",
                  "type": "line-start",
                  "ref": "Q003568.2",
                  "n": "2",
                  "label": "2"
                },
                {
                  "node": "l",
                  "frag": "MAN",
                  "id": "Q003568.l07d68",
                  "ref": "Q003568.2.1",
                  "inst": "šar[king]N",
                  "sig": "@rinap/rinap3%akk:MAN=šarru[king//king]N'N$šar",
                  "f": {
                    "lang": "akk",
                    "form": "MAN",
                    "cf": "šarru",
                    "gw": "king",
                    "sense": "king",
                    "norm": "šar",
                    "pos": "N",
                    "epos": "N"
                  }
                },
                {
                  "node": "l",
                  "frag": "KUR",
                  "id": "Q003568.l07d69",
                  "ref": "Q003568.2.2",
                  "inst": "māt[land]N",
                  "sig": "@rinap/rinap3%akk:KUR=mātu[land//land]N'N$māt",
                  "f": {
                    "lang": "akk",
                    "form": "KUR",
                    "cf": "mātu",
                    "gw": "land",
                    "sense": "land",
                    "norm": "māt",
                    "pos": "N",
                    "epos": "N"
                  }
                },
                {
                  "node": "l",
                  "frag": "aš-šur",
                  "id": "Q003568.l07d6a",
                  "ref": "Q003568.2.3",
                  "inst": "Aššur[Assyria]GN",
                  "sig": "@rinap/rinap3%akk:aš-šur=Aššur[Assyria//Assyria]GN'GN$Aššur",
                  "f": {
                    "lang": "akk",
                    "form": "aš-šur",
                    "cf": "Aššur",
                    "gw": "Assyria",
                    "sense": "Assyria",
                    "norm": "Aššur",
                    "pos": "GN",
                    "epos": "GN"
                  }
                },
                {
                  "node": "l",
                  "frag": "BAD₃",
                  "id": "Q003568.l07d6b",
                  "ref": "Q003568.2.4",
                  "inst": "dūru[(city) wall]N",
                  "sig": "@rinap/rinap3%akk:BAD₃=dūru[(city) wall//(city) wall]N'N$dūru",
                  "f": {
                    "lang": "akk",
                    "form": "BAD₃",
                    "cf": "dūru",
                    "gw": "(city) wall",
                    "sense": "(city) wall",
                    "norm": "dūru",
                    "pos": "N",
                    "epos": "N"
                  }
                },
                {
                  "node": "l",
                  "frag": "u",
                  "id": "Q003568.l07d6c",
                  "ref": "Q003568.2.5",
                  "inst": "u[and]CNJ",
                  "sig": "@rinap/rinap3%akk:u=u[and//and]CNJ'CNJ$u",
                  "f": {
                    "lang": "akk",
                    "form": "u",
                    "cf": "u",
                    "gw": "and",
                    "sense": "and",
                    "norm": "u",
                    "pos": "CNJ",
                    "epos": "CNJ"
                  }
                },
                {
                  "node": "l",
                  "frag": "šal-hu-u",
                  "id": "Q003568.l07d6d",
                  "ref": "Q003568.2.6",
                  "inst": "šalhû[outer wall]N",
                  "sig": "@rinap/rinap3%akk:šal-hu-u=šalhû[outer wall//outer wall]N'N$šalhû",
                  "f": {
                    "lang": "akk",
                    "form": "šal-hu-u",
                    "cf": "šalhû",
                    "gw": "outer wall",
                    "sense": "outer wall",
                    "norm": "šalhû",
                    "pos": "N",
                    "epos": "N"
                  }
                },
                {
                  "node": "l",
                  "frag": "ša",
                  "id": "Q003568.l07d6e",
                  "ref": "Q003568.2.7",
                  "inst": "ša[of]DET",
                  "sig": "@rinap/rinap3%akk:ša=ša[of//of]DET'DET$ša",
                  "f": {
                    "lang": "akk",
                    "form": "ša",
                    "cf": "ša",
                    "gw": "of",
                    "sense": "of",
                    "norm": "ša",
                    "pos": "DET",
                    "epos": "DET"
                  }
                },
                {
                  "node": "l",
                  "frag": "NINA{ki}",
                  "id": "Q003568.l07d6f",
                  "ref": "Q003568.2.8",
                  "inst": "Ninua[Nineveh]SN",
                  "sig": "@rinap/rinap3%akk:NINA{KI}=Ninua[Nineveh//Nineveh]SN'SN$Ninua",
                  "f": {
                    "lang": "akk",
                    "form": "NINA{KI}",
                    "cf": "Ninua",
                    "gw": "Nineveh",
                    "sense": "Nineveh",
                    "norm": "Ninua",
                    "pos": "SN",
                    "epos": "SN"
                  }
                },
                {
                  "node": "d",
                  "type": "line-start",
                  "ref": "Q003568.3",
                  "n": "3",
                  "label": "3"
                },
                {
                  "node": "l",
                  "frag": "eš-šiš",
                  "id": "Q003568.l07d70",
                  "ref": "Q003568.3.1",
                  "inst": "eššiš[anew]AV",
                  "sig": "@rinap/rinap3%akk:eš-šiš=eššiš[anew//anew]AV'AV$eššiš",
                  "f": {
                    "lang": "akk",
                    "form": "eš-šiš",
                    "cf": "eššiš",
                    "gw": "anew",
                    "sense": "anew",
                    "norm": "eššiš",
                    "pos": "AV",
                    "epos": "AV"
                  }
                },
                {
                  "node": "l",
                  "frag": "u₂-še-piš-ma",
                  "id": "Q003568.l07d71",
                  "ref": "Q003568.3.2",
                  "inst": "ušēpišma[build]V",
                  "sig": "@rinap/rinap3%akk:u₂-še-piš-ma=epēšu[do//build]V'V$ušēpišma",
                  "f": {
                    "lang": "akk",
                    "form": "u₂-še-piš-ma",
                    "cf": "epēšu",
                    "gw": "do",
                    "sense": "build",
                    "norm": "ušēpišma",
                    "pos": "V",
                    "epos": "V"
                  }
                },
                {
                  "node": "l",
                  "frag": "u-zaq-qir",
                  "id": "Q003568.l07d72",
                  "ref": "Q003568.3.3",
                  "inst": "uzaqqir[build (very) high]V",
                  "sig": "@rinap/rinap3%akk:u-zaq-qir=zaqāru[project//build (very) high]V'V$uzaqqir",
                  "f": {
                    "lang": "akk",
                    "form": "u-zaq-qir",
                    "cf": "zaqāru",
                    "gw": "project",
                    "sense": "build (very) high",
                    "norm": "uzaqqir",
                    "pos": "V",
                    "epos": "V"
                  }
                },
                {
                  "node": "l",
                  "frag": "hur-ša₂-niš",
                  "id": "Q003568.l07d73",
                  "ref": "Q003568.3.4",
                  "inst": "huršāniš[like a mountain]AV +.",
                  "sig": "@rinap/rinap3%akk:hur-ša₂-niš=huršāniš[like a mountain//like a mountain]AV'AV$huršāniš",
                  "f": {
                    "lang": "akk",
                    "form": "hur-ša₂-niš",
                    "cf": "huršāniš",
                    "gw": "like a mountain",
                    "sense": "like a mountain",
                    "norm": "huršāniš",
                    "pos": "AV",
                    "epos": "AV"
                  }
                }
              ]
            }
          ]
        }
      ]
    }
  ]
}
