{
  "type": "cdl",
  "source": "http://oracc.org/rinap/rinap3",
  "license": "This data is released under the CC0 license",
  "license-url": "https://creativecommons.org/publicdomain/zero/1.0/",
  "more-info": "http://oracc.org/doc/opendata/",
  "UTC-timestamp": "2017-06-10T00:20:18",
  "project": "rinap/rinap3",
  "textid": "Q003981",
  "cdl": [
    {
      "node": "c",
      "type": "text",
      "id": "Q003981.U0",
      "cdl": [
        {
          "node": "d",
          "type": "object",
          "ref": ""
        },
        {
          "node": "d",
          "type": "surface",
          "ref": ""
        },
        {
          "node": "d",
          "type": "nonx",
          "ref": "Q003981.1",
          "strict": "0",
          "state": "other"
        },
        {
          "node": "c",
          "type": "discourse",
          "subtype": "body",
          "id": "Q003981.U1",
          "cdl": [
            {
              "node": "c",
              "type": "sentence",
              "tag": ".",
              "id": "Q003981.U2",
              "label": "1´ - 3´",
              "cdl": [
                {
                  "node": "d",
                  "type": "line-start",
                  "ref": "Q003981.2",
                  "n": "1´",
                  "label": "1´"
                },
                {
                  "node": "l",
                  "frag": "[...]",
                  "id": "Q003981.l09b45",
                  "ref": "Q003981.2.1",
                  "inst": "u",
                  "f": {
                    "lang": "akk",
                    "form": "x",
                    "pos": "u"
                  }
                },
                {
                  "node": "l",
                  "frag": "x",
                  "id": "Q003981.l09b46",
                  "ref": "Q003981.2.2",
                  "inst": "u",
                  "f": {
                    "lang": "akk",
                    "form": "x",
                    "pos": "u"
                  }
                },
                {
                  "node": "l",
                  "frag": "(x)",
                  "id": "Q003981.l09b47",
                  "ref": "Q003981.2.3",
                  "inst": "u",
                  "f": {
                    "lang": "akk",
                    "form": "x",
                    "pos": "u"
                  }
                },
                {
                  "node": "l",
                  "frag": "[...]",
                  "id": "Q003981.l09b48",
                  "ref": "Q003981.2.4",
                  "inst": "u",
                  "f": {
                    "lang": "akk",
                    "form": "x",
                    "pos": "u"
                  }
                },
                {
                  "node": "d",
                  "type": "line-start",
                  "ref": "Q003981.3",
                  "n": "2´",
                  "label": "2´"
                },
                {
                  "node": "l",
                  "frag": "[...]",
                  "id": "Q003981.l09b49",
                  "ref": "Q003981.3.1",
                  "inst": "u",
                  "f": {
                    "lang": "akk",
                    "form": "x",
                    "pos": "u"
                  }
                },
                {
                  "node": "l",
                  "frag": "DINGIR.MAH",
                  "id": "Q003981.l09b4a",
                  "ref": "Q003981.3.2",
                  "inst": "Belet-ili[1]DN",
                  "sig": "@rinap/rinap3%akk:DINGIR.MAH=Belet-ili[1//1]DN'DN$Belet-ili",
                  "f": {
                    "lang": "akk",
                    "form": "DINGIR.MAH",
                    "cf": "Belet-ili",
                    "gw": "1",
                    "sense": "1",
                    "norm": "Belet-ili",
                    "pos": "DN",
                    "epos": "DN"
                  }
                },
                {
                  "node": "l",
                  "frag": "{⸢d⸣}[...]",
                  "id": "Q003981.l09b4b",
                  "ref": "Q003981.3.3",
                  "inst": "u",
                  "f": {
                    "lang": "akk",
                    "form": "{d}x",
                    "pos": "u"
                  }
                },
                {
                  "node": "d",
                  "type": "line-start",
                  "ref": "Q003981.4",
                  "n": "3´",
                  "label": "3´"
                },
                {
                  "node": "l",
                  "frag": "[...]",
                  "id": "Q003981.l09b4c",
                  "ref": "Q003981.4.1",
                  "inst": "u",
                  "f": {
                    "lang": "akk",
                    "form": "x",
                    "pos": "u"
                  }
                },
                {
                  "node": "l",
                  "frag": "{d}ha-⸢ia₃⸣",
                  "id": "Q003981.l09b4d",
                  "ref": "Q003981.4.2",
                  "inst": "Haya[1]DN",
                  "sig": "@rinap/rinap3%akk:{d}ha-ia₃=Haya[1//1]DN'DN$Haya",
                  "f": {
                    "lang": "akk",
                    "form": "{d}ha-ia₃",
                    "cf": "Haya",
                    "gw": "1",
                    "sense": "1",
                    "norm": "Haya",
                    "pos": "DN",
                    "epos": "DN"
                  }
                },
                {
                  "node": "l",
                  "frag": "[...]",
                  "id": "Q003981.l09b4e",
                  "ref": "Q003981.4.3",
                  "inst": "u +.",
                  "f": {
                    "lang": "akk",
                    "form": "x",
                    "pos": "u"
                  }
                }
              ]
            },
            {
              "node": "d",
              "type": "nonx",
              "ref": "Q003981.5",
              "strict": "0",
              "state": "other"
            }
          ]
        }
      ]
    }
  ]
}
