{
  "type": "cdl",
  "source": "http://oracc.org/rinap/rinap3",
  "license": "This data is released under the CC0 license",
  "license-url": "https://creativecommons.org/publicdomain/zero/1.0/",
  "more-info": "http://oracc.org/doc/opendata/",
  "UTC-timestamp": "2017-06-10T00:20:01",
  "project": "rinap/rinap3",
  "textid": "Q003936",
  "cdl": [
    {
      "node": "c",
      "type": "text",
      "id": "Q003936.U0",
      "cdl": [
        {
          "node": "d",
          "type": "object",
          "ref": ""
        },
        {
          "node": "d",
          "type": "surface",
          "ref": ""
        },
        {
          "node": "d",
          "type": "nonx",
          "ref": "Q003936.1",
          "strict": "0",
          "state": "other"
        },
        {
          "node": "c",
          "type": "discourse",
          "subtype": "body",
          "id": "Q003936.U1",
          "cdl": [
            {
              "node": "c",
              "type": "sentence",
              "tag": ".",
              "id": "Q003936.U2",
              "label": "1´ - 3´",
              "cdl": [
                {
                  "node": "d",
                  "type": "line-start",
                  "ref": "Q003936.2",
                  "n": "1´",
                  "label": "1´"
                },
                {
                  "node": "l",
                  "frag": "[...",
                  "id": "Q003936.l0804e",
                  "ref": "Q003936.2.1",
                  "inst": "u",
                  "f": {
                    "lang": "akk",
                    "form": "x",
                    "pos": "u"
                  }
                },
                {
                  "node": "l",
                  "frag": "DU₃]-šu₂",
                  "id": "Q003936.l0804f",
                  "ref": "Q003936.2.2",
                  "inst": "ippušu[use]V",
                  "sig": "@rinap/rinap3%akk:DU₃-šu₂=epēšu[do//use]V'V$ippušu",
                  "f": {
                    "lang": "akk",
                    "form": "DU₃-šu₂",
                    "cf": "epēšu",
                    "gw": "do",
                    "sense": "use",
                    "norm": "ippušu",
                    "pos": "V",
                    "epos": "V"
                  }
                },
                {
                  "node": "d",
                  "type": "line-start",
                  "ref": "Q003936.3",
                  "n": "2´",
                  "label": "2´"
                },
                {
                  "node": "l",
                  "frag": "[...",
                  "id": "Q003936.l08050",
                  "ref": "Q003936.3.1",
                  "inst": "u",
                  "f": {
                    "lang": "akk",
                    "form": "x",
                    "pos": "u"
                  }
                },
                {
                  "node": "l",
                  "frag": "{d]}⸢IŠKUR⸣",
                  "id": "Q003936.l08051",
                  "ref": "Q003936.3.2",
                  "inst": "Adad[1]DN",
                  "sig": "@rinap/rinap3%akk:{d}IŠKUR=Adad[1//1]DN'DN$Adad",
                  "f": {
                    "lang": "akk",
                    "form": "{d}IŠKUR",
                    "cf": "Adad",
                    "gw": "1",
                    "sense": "1",
                    "norm": "Adad",
                    "pos": "DN",
                    "epos": "DN"
                  }
                },
                {
                  "node": "d",
                  "type": "line-start",
                  "ref": "Q003936.4",
                  "n": "3´",
                  "label": "3´"
                },
                {
                  "node": "l",
                  "frag": "[...]",
                  "id": "Q003936.l08052",
                  "ref": "Q003936.4.1",
                  "inst": "u",
                  "f": {
                    "lang": "akk",
                    "form": "x",
                    "pos": "u"
                  }
                },
                {
                  "node": "l",
                  "frag": "x",
                  "id": "Q003936.l08053",
                  "ref": "Q003936.4.2",
                  "inst": "u +.",
                  "f": {
                    "lang": "akk",
                    "form": "x",
                    "pos": "u"
                  }
                }
              ]
            },
            {
              "node": "d",
              "type": "nonx",
              "ref": "Q003936.5",
              "strict": "0",
              "state": "other"
            }
          ]
        }
      ]
    }
  ]
}
