{
  "type": "cdl",
  "source": "http://oracc.org/rinap/rinap3",
  "license": "This data is released under the CC0 license",
  "license-url": "https://creativecommons.org/publicdomain/zero/1.0/",
  "more-info": "http://oracc.org/doc/opendata/",
  "UTC-timestamp": "2017-06-10T00:20:09",
  "project": "rinap/rinap3",
  "textid": "Q003948",
  "cdl": [
    {
      "node": "c",
      "type": "text",
      "id": "Q003948.U0",
      "cdl": [
        {
          "node": "d",
          "type": "object",
          "ref": ""
        },
        {
          "node": "d",
          "subtype": "obverse",
          "type": "obverse",
          "ref": "Q003948.o.1",
          "label": "o"
        },
        {
          "node": "d",
          "subtype": "column 1o",
          "type": "column",
          "ref": "Q003948.o.i.2",
          "n": "1",
          "label": "o i"
        },
        {
          "node": "d",
          "type": "nonx",
          "ref": "Q003948.3",
          "strict": "0",
          "state": "other"
        },
        {
          "node": "c",
          "type": "discourse",
          "subtype": "body",
          "id": "Q003948.U1",
          "cdl": [
            {
              "node": "c",
              "type": "sentence",
              "tag": ".",
              "id": "Q003948.U2",
              "label": "o i 1' - o i 1'",
              "cdl": [
                {
                  "node": "d",
                  "type": "line-start",
                  "ref": "Q003948.4",
                  "n": "1'",
                  "label": "o i 1'"
                },
                {
                  "node": "l",
                  "frag": "[u₂-šal-pit",
                  "id": "Q003948.l087f3",
                  "ref": "Q003948.4.1",
                  "inst": "ušalpit[destroy]V",
                  "sig": "@rinap/rinap3%akk:u₂-šal-pit=lapātu[touch//destroy]V'V$ušalpit",
                  "f": {
                    "lang": "akk",
                    "form": "u₂-šal-pit",
                    "cf": "lapātu",
                    "gw": "touch",
                    "sense": "destroy",
                    "norm": "ušalpit",
                    "pos": "V",
                    "epos": "V"
                  }
                },
                {
                  "node": "l",
                  "frag": "rap-šu₂",
                  "id": "Q003948.l087f4",
                  "ref": "Q003948.4.2",
                  "inst": "rapšu[wide]AJ",
                  "sig": "@rinap/rinap3%akk:rap-šu₂=rapšu[wide//wide]AJ'AJ$rapšu",
                  "f": {
                    "lang": "akk",
                    "form": "rap-šu₂",
                    "cf": "rapšu",
                    "gw": "wide",
                    "sense": "wide",
                    "norm": "rapšu",
                    "pos": "AJ",
                    "epos": "AJ"
                  }
                },
                {
                  "node": "l",
                  "frag": "na-gu-u₂",
                  "id": "Q003948.l087f5",
                  "ref": "Q003948.4.3",
                  "inst": "nagû[region]N",
                  "sig": "@rinap/rinap3%akk:na-gu-u₂=nagû[region//region]N'N$nagû",
                  "f": {
                    "lang": "akk",
                    "form": "na-gu-u₂",
                    "cf": "nagû",
                    "gw": "region",
                    "sense": "region",
                    "norm": "nagû",
                    "pos": "N",
                    "epos": "N"
                  }
                },
                {
                  "node": "l",
                  "frag": "{kur}ia-u₂-di",
                  "id": "Q003948.l087f6",
                  "ref": "Q003948.4.4",
                  "inst": "Iaudi[Judah]GN",
                  "sig": "@rinap/rinap3%akk:{KUR}ia-u₂-di=Yaudu[Judah//Judah]GN'GN$Iaudi",
                  "f": {
                    "lang": "akk",
                    "form": "{KUR}ia-u₂-di",
                    "cf": "Yaudu",
                    "gw": "Judah",
                    "sense": "Judah",
                    "norm": "Iaudi",
                    "pos": "GN",
                    "epos": "GN"
                  }
                },
                {
                  "node": "l",
                  "frag": "{m}ha-za-qi-a]-⸢u₂",
                  "id": "Q003948.l087f7",
                  "ref": "Q003948.4.5",
                  "inst": "Hazaqiyu[Hezekiah, king of Judah]RN",
                  "sig": "@rinap/rinap3%akk:{m}ha-za-qi-a-u₂=Hazaqi-Yau[Hezekiah, king of Judah//Hezekiah, king of Judah]RN'RN$Hazaqiyu",
                  "f": {
                    "lang": "akk",
                    "form": "{m}ha-za-qi-a-u₂",
                    "cf": "Hazaqi-Yau",
                    "gw": "Hezekiah, king of Judah",
                    "sense": "Hezekiah, king of Judah",
                    "norm": "Hazaqiyu",
                    "pos": "RN",
                    "epos": "RN"
                  }
                },
                {
                  "node": "l",
                  "frag": "LUGAL⸣-[šu",
                  "id": "Q003948.l087f8",
                  "ref": "Q003948.4.6",
                  "inst": "šarrašu[king]N",
                  "sig": "@rinap/rinap3%akk:LUGAL-šu=šarru[king//king]N'N$šarrašu",
                  "f": {
                    "lang": "akk",
                    "form": "LUGAL-šu",
                    "cf": "šarru",
                    "gw": "king",
                    "sense": "king",
                    "norm": "šarrašu",
                    "pos": "N",
                    "epos": "N"
                  }
                },
                {
                  "node": "l",
                  "frag": "e-mid",
                  "id": "Q003948.l087f9",
                  "ref": "Q003948.4.7",
                  "inst": "ēmid[impose]V",
                  "sig": "@rinap/rinap3%akk:e-mid=emēdu[lean on//impose]V'V$ēmid",
                  "f": {
                    "lang": "akk",
                    "form": "e-mid",
                    "cf": "emēdu",
                    "gw": "lean on",
                    "sense": "impose",
                    "norm": "ēmid",
                    "pos": "V",
                    "epos": "V"
                  }
                },
                {
                  "node": "l",
                  "frag": "ab-ša₂-a-ni]",
                  "id": "Q003948.l087fa",
                  "ref": "Q003948.4.8",
                  "inst": "abšānī[yoke]N +.",
                  "sig": "@rinap/rinap3%akk:ab-ša₂-a-ni=abšānu[yoke//yoke]N'N$abšānī",
                  "f": {
                    "lang": "akk",
                    "form": "ab-ša₂-a-ni",
                    "cf": "abšānu",
                    "gw": "yoke",
                    "sense": "yoke",
                    "norm": "abšānī",
                    "pos": "N",
                    "epos": "N"
                  }
                }
              ]
            },
            {
              "node": "c",
              "type": "sentence",
              "tag": ".",
              "id": "Q003948.U4",
              "label": "o i 2' - o i 3'",
              "cdl": [
                {
                  "node": "d",
                  "type": "line-start",
                  "ref": "Q003948.5",
                  "n": "2'",
                  "label": "o i 2'"
                },
                {
                  "node": "l",
                  "frag": "[LU₂.MEŠ",
                  "id": "Q003948.l087fb",
                  "ref": "Q003948.5.1",
                  "inst": "amēlî[man]N",
                  "sig": "@rinap/rinap3%akk:LU₂.MEŠ=awīlu[man//man]N'N$amēlî",
                  "f": {
                    "lang": "akk",
                    "form": "LU₂.MEŠ",
                    "cf": "awīlu",
                    "gw": "man",
                    "sense": "man",
                    "norm": "amēlî",
                    "pos": "N",
                    "epos": "N"
                  }
                },
                {
                  "node": "l",
                  "frag": "{uru}tu-mur-ra-a-a",
                  "id": "Q003948.l087fc",
                  "ref": "Q003948.5.2",
                  "inst": "Tumurraya[1]EN",
                  "sig": "@rinap/rinap3%akk:{URU}tu-mur-ra-a-a=Tumurrayu[of Tumurrum//1]EN'EN$Tumurraya",
                  "f": {
                    "lang": "akk",
                    "form": "{URU}tu-mur-ra-a-a",
                    "cf": "Tumurrayu",
                    "gw": "of Tumurrum",
                    "sense": "1",
                    "norm": "Tumurraya",
                    "pos": "EN",
                    "epos": "EN"
                  }
                },
                {
                  "node": "l",
                  "frag": "a-ši-bu-ut",
                  "id": "Q003948.l087fd",
                  "ref": "Q003948.5.3",
                  "inst": "āšibūt[residing]AJ",
                  "sig": "@rinap/rinap3%akk:a-ši-bu-ut=wāšibu[sitting//residing]AJ'AJ$āšibūt",
                  "f": {
                    "lang": "akk",
                    "form": "a-ši-bu-ut",
                    "cf": "wāšibu",
                    "gw": "sitting",
                    "sense": "residing",
                    "norm": "āšibūt",
                    "pos": "AJ",
                    "epos": "AJ"
                  }
                },
                {
                  "node": "l",
                  "frag": "KUR-i",
                  "id": "Q003948.l087fe",
                  "ref": "Q003948.5.4",
                  "inst": "šadî[mountain]N",
                  "sig": "@rinap/rinap3%akk:KUR-i=šadû[mountain//mountain]N'N$šadî",
                  "f": {
                    "lang": "akk",
                    "form": "KUR-i",
                    "cf": "šadû",
                    "gw": "mountain",
                    "sense": "mountain",
                    "norm": "šadî",
                    "pos": "N",
                    "epos": "N"
                  }
                },
                {
                  "node": "l",
                  "frag": "mar-ṣi",
                  "id": "Q003948.l087ff",
                  "ref": "Q003948.5.5",
                  "inst": "marṣi[difficult]AJ",
                  "sig": "@rinap/rinap3%akk:mar-ṣi=marṣu[sick//difficult]AJ'AJ$marṣi",
                  "f": {
                    "lang": "akk",
                    "form": "mar-ṣi",
                    "cf": "marṣu",
                    "gw": "sick",
                    "sense": "difficult",
                    "norm": "marṣi",
                    "pos": "AJ",
                    "epos": "AJ"
                  }
                },
                {
                  "node": "l",
                  "frag": "i-na]",
                  "id": "Q003948.l08800",
                  "ref": "Q003948.5.6",
                  "inst": "ina[with]PRP",
                  "sig": "@rinap/rinap3%akk:i-na=ina[in//with]PRP'PRP$ina",
                  "f": {
                    "lang": "akk",
                    "form": "i-na",
                    "cf": "ina",
                    "gw": "in",
                    "sense": "with",
                    "norm": "ina",
                    "pos": "PRP",
                    "epos": "PRP"
                  }
                },
                {
                  "node": "l",
                  "frag": "{⸢giš⸣}TUKUL",
                  "id": "Q003948.l08801",
                  "ref": "Q003948.5.7",
                  "inst": "kakki[weapon]N",
                  "sig": "@rinap/rinap3%akk:{GIŠ}TUKUL=kakku[stick//weapon]N'N$kakki",
                  "f": {
                    "lang": "akk",
                    "form": "{GIŠ}TUKUL",
                    "cf": "kakku",
                    "gw": "stick",
                    "sense": "weapon",
                    "norm": "kakki",
                    "pos": "N",
                    "epos": "N"
                  }
                },
                {
                  "node": "l",
                  "frag": "u₂-⸢šam-qit⸣",
                  "id": "Q003948.l08802",
                  "ref": "Q003948.5.8",
                  "inst": "ušamqit[cut down]V",
                  "sig": "@rinap/rinap3%akk:u₂-šam-qit=maqātu[fall//cut down]V'V$ušamqit",
                  "f": {
                    "lang": "akk",
                    "form": "u₂-šam-qit",
                    "cf": "maqātu",
                    "gw": "fall",
                    "sense": "cut down",
                    "norm": "ušamqit",
                    "pos": "V",
                    "epos": "V"
                  }
                },
                {
                  "node": "d",
                  "type": "line-start",
                  "ref": "Q003948.6",
                  "n": "3'",
                  "label": "o i 3'"
                },
                {
                  "node": "l",
                  "frag": "{[uru}uk-ku",
                  "id": "Q003948.l08803",
                  "ref": "Q003948.6.1",
                  "inst": "Ukku[1]SN",
                  "sig": "@rinap/rinap3%akk:{URU}uk-ku=Ukku[1//1]SN'SN$Ukku",
                  "f": {
                    "lang": "akk",
                    "form": "{URU}uk-ku",
                    "cf": "Ukku",
                    "gw": "1",
                    "sense": "1",
                    "norm": "Ukku",
                    "pos": "SN",
                    "epos": "SN"
                  }
                },
                {
                  "node": "l",
                  "frag": "a-di",
                  "id": "Q003948.l08804",
                  "ref": "Q003948.6.2",
                  "inst": "adi[with]PRP",
                  "sig": "@rinap/rinap3%akk:a-di=adi[until//with]PRP'PRP$adi",
                  "f": {
                    "lang": "akk",
                    "form": "a-di",
                    "cf": "adi",
                    "gw": "until",
                    "sense": "with",
                    "norm": "adi",
                    "pos": "PRP",
                    "epos": "PRP"
                  }
                },
                {
                  "node": "l",
                  "frag": "nap-har",
                  "id": "Q003948.l08805",
                  "ref": "Q003948.6.3",
                  "inst": "naphar[entirety]N",
                  "sig": "@rinap/rinap3%akk:nap-har=napharu[total//entirety]N'N$naphar",
                  "f": {
                    "lang": "akk",
                    "form": "nap-har",
                    "cf": "napharu",
                    "gw": "total",
                    "sense": "entirety",
                    "norm": "naphar",
                    "pos": "N",
                    "epos": "N"
                  }
                },
                {
                  "node": "l",
                  "frag": "da-ad₂-me-šu₂",
                  "id": "Q003948.l08806",
                  "ref": "Q003948.6.4",
                  "inst": "dadmēšu[settlements]N",
                  "sig": "@rinap/rinap3%akk:da-ad₂-me-šu₂=dadmū[villages//settlements]N'N$dadmēšu",
                  "f": {
                    "lang": "akk",
                    "form": "da-ad₂-me-šu₂",
                    "cf": "dadmū",
                    "gw": "villages",
                    "sense": "settlements",
                    "norm": "dadmēšu",
                    "pos": "N",
                    "epos": "N"
                  }
                },
                {
                  "node": "l",
                  "frag": "ki-ma",
                  "id": "Q003948.l08807",
                  "ref": "Q003948.6.5",
                  "inst": "kīma[like]PRP",
                  "sig": "@rinap/rinap3%akk:ki-ma=kīma[like//like]PRP'PRP$kīma",
                  "f": {
                    "lang": "akk",
                    "form": "ki-ma",
                    "cf": "kīma",
                    "gw": "like",
                    "sense": "like",
                    "norm": "kīma",
                    "pos": "PRP",
                    "epos": "PRP"
                  }
                },
                {
                  "node": "l",
                  "frag": "DU₆",
                  "id": "Q003948.l08808",
                  "ref": "Q003948.6.6",
                  "inst": "tīl[(ruin) mound]N",
                  "sig": "@rinap/rinap3%akk:DU₆=tīlu[(ruin) mound//(ruin) mound]N'N$tīl",
                  "f": {
                    "lang": "akk",
                    "form": "DU₆",
                    "cf": "tīlu",
                    "gw": "(ruin) mound",
                    "sense": "(ruin) mound",
                    "norm": "tīl",
                    "pos": "N",
                    "epos": "N"
                  }
                },
                {
                  "node": "l",
                  "frag": "a-bu]-⸢bi⸣",
                  "id": "Q003948.l08809",
                  "ref": "Q003948.6.7",
                  "inst": "abūbi[flood]N",
                  "sig": "@rinap/rinap3%akk:a-bu-bi=abūbu[flood//flood]N'N$abūbi",
                  "f": {
                    "lang": "akk",
                    "form": "a-bu-bi",
                    "cf": "abūbu",
                    "gw": "flood",
                    "sense": "flood",
                    "norm": "abūbi",
                    "pos": "N",
                    "epos": "N"
                  }
                },
                {
                  "node": "l",
                  "frag": "u₂-ab-bit",
                  "id": "Q003948.l0880a",
                  "ref": "Q003948.6.8",
                  "inst": "uʾabbit[destroy]V +.",
                  "sig": "@rinap/rinap3%akk:u₂-ab-bit=abātu[destroy//destroy]V'V$uʾabbit",
                  "f": {
                    "lang": "akk",
                    "form": "u₂-ab-bit",
                    "cf": "abātu",
                    "gw": "destroy",
                    "sense": "destroy",
                    "norm": "uʾabbit",
                    "pos": "V",
                    "epos": "V"
                  }
                }
              ]
            },
            {
              "node": "c",
              "type": "sentence",
              "tag": ".",
              "id": "Q003948.U6",
              "label": "o i 4' - o i 5'",
              "cdl": [
                {
                  "node": "d",
                  "type": "line-start",
                  "ref": "Q003948.7",
                  "n": "4'",
                  "label": "o i 4'"
                },
                {
                  "node": "l",
                  "frag": "[UN.MEŠ",
                  "id": "Q003948.l0880b",
                  "ref": "Q003948.7.1",
                  "inst": "nišī[people]N",
                  "sig": "@rinap/rinap3%akk:UN.MEŠ=nišu[people//people]N'N$nišī",
                  "f": {
                    "lang": "akk",
                    "form": "UN.MEŠ",
                    "cf": "nišu",
                    "gw": "people",
                    "sense": "people",
                    "norm": "nišī",
                    "pos": "N",
                    "epos": "N"
                  }
                },
                {
                  "node": "l",
                  "frag": "{kur}hi-lak-ki",
                  "id": "Q003948.l0880c",
                  "ref": "Q003948.7.2",
                  "inst": "Hilakki[1]GN",
                  "sig": "@rinap/rinap3%akk:{KUR}hi-lak-ki=Hilakku[1//1]GN'GN$Hilakki",
                  "f": {
                    "lang": "akk",
                    "form": "{KUR}hi-lak-ki",
                    "cf": "Hilakku",
                    "gw": "1",
                    "sense": "1",
                    "norm": "Hilakki",
                    "pos": "GN",
                    "epos": "GN"
                  }
                },
                {
                  "node": "l",
                  "frag": "a-ši-bu-ut",
                  "id": "Q003948.l0880d",
                  "ref": "Q003948.7.3",
                  "inst": "āšibūt[residing]AJ",
                  "sig": "@rinap/rinap3%akk:a-ši-bu-ut=wāšibu[sitting//residing]AJ'AJ$āšibūt",
                  "f": {
                    "lang": "akk",
                    "form": "a-ši-bu-ut",
                    "cf": "wāšibu",
                    "gw": "sitting",
                    "sense": "residing",
                    "norm": "āšibūt",
                    "pos": "AJ",
                    "epos": "AJ"
                  }
                },
                {
                  "node": "l",
                  "frag": "hur-ša₂-a-ni",
                  "id": "Q003948.l0880e",
                  "ref": "Q003948.7.4",
                  "inst": "huršānī[mountain(s)]N",
                  "sig": "@rinap/rinap3%akk:hur-ša₂-a-ni=huršānu[mountain(s)//mountain(s)]N'N$huršānī",
                  "f": {
                    "lang": "akk",
                    "form": "hur-ša₂-a-ni",
                    "cf": "huršānu",
                    "gw": "mountain(s)",
                    "sense": "mountain(s)",
                    "norm": "huršānī",
                    "pos": "N",
                    "epos": "N"
                  }
                },
                {
                  "node": "l",
                  "frag": "zaq-ru]-⸢ti⸣",
                  "id": "Q003948.l0880f",
                  "ref": "Q003948.7.5",
                  "inst": "zaqrūti[high]AJ",
                  "sig": "@rinap/rinap3%akk:zaq-ru-ti=zaqru[high//high]AJ'AJ$zaqrūti",
                  "f": {
                    "lang": "akk",
                    "form": "zaq-ru-ti",
                    "cf": "zaqru",
                    "gw": "high",
                    "sense": "high",
                    "norm": "zaqrūti",
                    "pos": "AJ",
                    "epos": "AJ"
                  }
                },
                {
                  "node": "l",
                  "frag": "a-nar",
                  "id": "Q003948.l08810",
                  "ref": "Q003948.7.6",
                  "inst": "anār[kill]V",
                  "sig": "@rinap/rinap3%akk:a-nar=nêru[strike//kill]V'V$anār",
                  "f": {
                    "lang": "akk",
                    "form": "a-nar",
                    "cf": "nêru",
                    "gw": "strike",
                    "sense": "kill",
                    "norm": "anār",
                    "pos": "V",
                    "epos": "V"
                  }
                },
                {
                  "node": "d",
                  "type": "nonw",
                  "ref": ""
                },
                {
                  "node": "d",
                  "type": "line-start",
                  "ref": "Q003948.8",
                  "n": "5'",
                  "label": "o i 5'"
                },
                {
                  "node": "l",
                  "frag": "[i-na",
                  "id": "Q003948.l08811",
                  "ref": "Q003948.8.1",
                  "inst": "ina[with]PRP",
                  "sig": "@rinap/rinap3%akk:i-na=ina[in//with]PRP'PRP$ina",
                  "f": {
                    "lang": "akk",
                    "form": "i-na",
                    "cf": "ina",
                    "gw": "in",
                    "sense": "with",
                    "norm": "ina",
                    "pos": "PRP",
                    "epos": "PRP"
                  }
                },
                {
                  "node": "l",
                  "frag": "{giš}TUKUL",
                  "id": "Q003948.l08812",
                  "ref": "Q003948.8.2",
                  "inst": "kakki[weapon]N +.",
                  "sig": "@rinap/rinap3%akk:{GIŠ}TUKUL=kakku[stick//weapon]N'N$kakki",
                  "f": {
                    "lang": "akk",
                    "form": "{GIŠ}TUKUL",
                    "cf": "kakku",
                    "gw": "stick",
                    "sense": "weapon",
                    "norm": "kakki",
                    "pos": "N",
                    "epos": "N"
                  }
                }
              ]
            },
            {
              "node": "c",
              "type": "sentence",
              "tag": ".",
              "id": "Q003948.U8",
              "label": "o i 5' - o i 5'",
              "cdl": [
                {
                  "node": "l",
                  "frag": "{uru}DU₆-ga-rim-mu",
                  "id": "Q003948.l08813",
                  "ref": "Q003948.8.3",
                  "inst": "Til-Garimmu[1]SN",
                  "sig": "@rinap/rinap3%akk:{URU}DU₆-ga-rim-mu=Til-Garimmu[1//1]SN'SN$Til-Garimmu",
                  "f": {
                    "lang": "akk",
                    "form": "{URU}DU₆-ga-rim-mu",
                    "cf": "Til-Garimmu",
                    "gw": "1",
                    "sense": "1",
                    "norm": "Til-Garimmu",
                    "pos": "SN",
                    "epos": "SN"
                  }
                },
                {
                  "node": "l",
                  "frag": "ša",
                  "id": "Q003948.l08814",
                  "ref": "Q003948.8.4",
                  "inst": "ša[that]REL",
                  "sig": "@rinap/rinap3%akk:ša=ša[that//that]REL'REL$ša",
                  "f": {
                    "lang": "akk",
                    "form": "ša",
                    "cf": "ša",
                    "gw": "that",
                    "sense": "that",
                    "norm": "ša",
                    "pos": "REL",
                    "epos": "REL"
                  }
                },
                {
                  "node": "l",
                  "frag": "pa-aṭ",
                  "id": "Q003948.l08815",
                  "ref": "Q003948.8.5",
                  "inst": "pāṭ[border]N",
                  "sig": "@rinap/rinap3%akk:pa-aṭ=pāṭu[edge//border]N'N$pāṭ",
                  "f": {
                    "lang": "akk",
                    "form": "pa-aṭ",
                    "cf": "pāṭu",
                    "gw": "edge",
                    "sense": "border",
                    "norm": "pāṭ",
                    "pos": "N",
                    "epos": "N"
                  }
                },
                {
                  "node": "l",
                  "frag": "{kur}ta-ba-li",
                  "id": "Q003948.l08816",
                  "ref": "Q003948.8.6",
                  "inst": "Tabali[Tabal]GN",
                  "sig": "@rinap/rinap3%akk:{KUR}ta-ba-li=Tabalu[Tabal//Tabal]GN'GN$Tabali",
                  "f": {
                    "lang": "akk",
                    "form": "{KUR}ta-ba-li",
                    "cf": "Tabalu",
                    "gw": "Tabal",
                    "sense": "Tabal",
                    "norm": "Tabali",
                    "pos": "GN",
                    "epos": "GN"
                  }
                },
                {
                  "node": "l",
                  "frag": "KUR-ud-ma",
                  "id": "Q003948.l08817",
                  "ref": "Q003948.8.7",
                  "inst": "akšudma[conquer]V",
                  "sig": "@rinap/rinap3%akk:KUR-ud-ma=kašādu[reach//conquer]V'V$akšudma",
                  "f": {
                    "lang": "akk",
                    "form": "KUR-ud-ma",
                    "cf": "kašādu",
                    "gw": "reach",
                    "sense": "conquer",
                    "norm": "akšudma",
                    "pos": "V",
                    "epos": "V"
                  }
                },
                {
                  "node": "l",
                  "frag": "aš₂]-⸢lu⸣-la",
                  "id": "Q003948.l08818",
                  "ref": "Q003948.8.8",
                  "inst": "ašlula[carry off]V",
                  "sig": "@rinap/rinap3%akk:aš₂-lu-la=šalālu[carry off//carry off]V'V$ašlula",
                  "f": {
                    "lang": "akk",
                    "form": "aš₂-lu-la",
                    "cf": "šalālu",
                    "gw": "carry off",
                    "sense": "carry off",
                    "norm": "ašlula",
                    "pos": "V",
                    "epos": "V"
                  }
                },
                {
                  "node": "l",
                  "frag": "šal-la-su",
                  "id": "Q003948.l08819",
                  "ref": "Q003948.8.9",
                  "inst": "šallassu[booty]N +.",
                  "sig": "@rinap/rinap3%akk:šal-la-su=šallatu[plundered thing(s)//booty]N'N$šallassu",
                  "f": {
                    "lang": "akk",
                    "form": "šal-la-su",
                    "cf": "šallatu",
                    "gw": "plundered thing(s)",
                    "sense": "booty",
                    "norm": "šallassu",
                    "pos": "N",
                    "epos": "N"
                  }
                }
              ]
            },
            {
              "node": "c",
              "type": "sentence",
              "tag": ".",
              "id": "Q003948.U10",
              "label": "o i 6' - o i 13'",
              "cdl": [
                {
                  "node": "d",
                  "type": "nonw",
                  "ref": ""
                },
                {
                  "node": "d",
                  "type": "line-start",
                  "ref": "Q003948.9",
                  "n": "6'",
                  "label": "o i 6'"
                },
                {
                  "node": "l",
                  "frag": "{[uru}na-gi-tu",
                  "id": "Q003948.l0881a",
                  "ref": "Q003948.9.1",
                  "inst": "Nagitu[1]SN",
                  "sig": "@rinap/rinap3%akk:{URU}na-gi-tu=Nagitu[1//1]SN'SN$Nagitu",
                  "f": {
                    "lang": "akk",
                    "form": "{URU}na-gi-tu",
                    "cf": "Nagitu",
                    "gw": "1",
                    "sense": "1",
                    "norm": "Nagitu",
                    "pos": "SN",
                    "epos": "SN"
                  }
                },
                {
                  "node": "l",
                  "frag": "{uru}na-gi-tu-di-iʾ-bi-na",
                  "id": "Q003948.l0881b",
                  "ref": "Q003948.9.2",
                  "inst": "Nagitu-diʾbina[1]SN",
                  "sig": "@rinap/rinap3%akk:{URU}na-gi-tu-di-iʾ-bi-na=Nagitu-diʾbina[1//1]SN'SN$Nagitu-diʾbina",
                  "f": {
                    "lang": "akk",
                    "form": "{URU}na-gi-tu-di-iʾ-bi-na",
                    "cf": "Nagitu-diʾbina",
                    "gw": "1",
                    "sense": "1",
                    "norm": "Nagitu-diʾbina",
                    "pos": "SN",
                    "epos": "SN"
                  }
                },
                {
                  "node": "l",
                  "frag": "{kur}hi-il-mu",
                  "id": "Q003948.l0881c",
                  "ref": "Q003948.9.3",
                  "inst": "Hilmu[1]GN",
                  "sig": "@rinap/rinap3%akk:{KUR}hi-il-mu=Hilmu[1//1]GN'GN$Hilmu",
                  "f": {
                    "lang": "akk",
                    "form": "{KUR}hi-il-mu",
                    "cf": "Hilmu",
                    "gw": "1",
                    "sense": "1",
                    "norm": "Hilmu",
                    "pos": "GN",
                    "epos": "GN"
                  }
                },
                {
                  "node": "l",
                  "frag": "{kur}pil]-⸢la⸣-tu₂",
                  "id": "Q003948.l0881d",
                  "ref": "Q003948.9.4",
                  "inst": "Pillatu[1]'GN",
                  "sig": "@rinap/rinap3%akk:{KUR}pil-la-tu₂=Pillatu[1//1]SN'GN$Pillatu",
                  "f": {
                    "lang": "akk",
                    "form": "{KUR}pil-la-tu₂",
                    "cf": "Pillatu",
                    "gw": "1",
                    "sense": "1",
                    "norm": "Pillatu",
                    "pos": "SN",
                    "epos": "GN"
                  }
                },
                {
                  "node": "l",
                  "frag": "{kur}hu-pa-pa-nu",
                  "id": "Q003948.l0881e",
                  "ref": "Q003948.9.5",
                  "inst": "Hupapanu[1]GN",
                  "sig": "@rinap/rinap3%akk:{KUR}hu-pa-pa-nu=Hupapanu[1//1]GN'GN$Hupapanu",
                  "f": {
                    "lang": "akk",
                    "form": "{KUR}hu-pa-pa-nu",
                    "cf": "Hupapanu",
                    "gw": "1",
                    "sense": "1",
                    "norm": "Hupapanu",
                    "pos": "GN",
                    "epos": "GN"
                  }
                },
                {
                  "node": "d",
                  "type": "line-start",
                  "ref": "Q003948.10",
                  "n": "7'",
                  "label": "o i 7'"
                },
                {
                  "node": "l",
                  "frag": "[na-ge-e",
                  "id": "Q003948.l0881f",
                  "ref": "Q003948.10.1",
                  "inst": "nagê[region]N",
                  "sig": "@rinap/rinap3%akk:na-ge-e=nagû[region//region]N'N$nagê",
                  "f": {
                    "lang": "akk",
                    "form": "na-ge-e",
                    "cf": "nagû",
                    "gw": "region",
                    "sense": "region",
                    "norm": "nagê",
                    "pos": "N",
                    "epos": "N"
                  }
                },
                {
                  "node": "l",
                  "frag": "(ša",
                  "id": "Q003948.l08820",
                  "ref": "Q003948.10.2",
                  "inst": "ša[of]DET",
                  "sig": "@rinap/rinap3%akk:ša=ša[of//of]DET'DET$ša",
                  "f": {
                    "lang": "akk",
                    "form": "ša",
                    "cf": "ša",
                    "gw": "of",
                    "sense": "of",
                    "norm": "ša",
                    "pos": "DET",
                    "epos": "DET"
                  }
                },
                {
                  "node": "l",
                  "frag": "LUGAL",
                  "id": "Q003948.l08821",
                  "ref": "Q003948.10.3",
                  "inst": "šar[king]N",
                  "sig": "@rinap/rinap3%akk:LUGAL=šarru[king//king]N'N$šar",
                  "f": {
                    "lang": "akk",
                    "form": "LUGAL",
                    "cf": "šarru",
                    "gw": "king",
                    "sense": "king",
                    "norm": "šar",
                    "pos": "N",
                    "epos": "N"
                  }
                },
                {
                  "node": "l",
                  "frag": "{kur}ELAM.MA{ki)}",
                  "id": "Q003948.l08822",
                  "ref": "Q003948.10.4",
                  "inst": "Elamti[Elam]GN",
                  "sig": "@rinap/rinap3%akk:{KUR}ELAM.MA{KI}=Elamtu[Elam//Elam]GN'GN$Elamti",
                  "f": {
                    "lang": "akk",
                    "form": "{KUR}ELAM.MA{KI}",
                    "cf": "Elamtu",
                    "gw": "Elam",
                    "sense": "Elam",
                    "norm": "Elamti",
                    "pos": "GN",
                    "epos": "GN"
                  }
                },
                {
                  "node": "l",
                  "frag": "ša",
                  "id": "Q003948.l08823",
                  "ref": "Q003948.10.5",
                  "inst": "ša[that]REL",
                  "sig": "@rinap/rinap3%akk:ša=ša[that//that]REL'REL$ša",
                  "f": {
                    "lang": "akk",
                    "form": "ša",
                    "cf": "ša",
                    "gw": "that",
                    "sense": "that",
                    "norm": "ša",
                    "pos": "REL",
                    "epos": "REL"
                  }
                },
                {
                  "node": "l",
                  "frag": "i-na",
                  "id": "Q003948.l08824",
                  "ref": "Q003948.10.6",
                  "inst": "ina[on]PRP",
                  "sig": "@rinap/rinap3%akk:i-na=ina[in//on]PRP'PRP$ina",
                  "f": {
                    "lang": "akk",
                    "form": "i-na",
                    "cf": "ina",
                    "gw": "in",
                    "sense": "on",
                    "norm": "ina",
                    "pos": "PRP",
                    "epos": "PRP"
                  }
                },
                {
                  "node": "l",
                  "frag": "e-ber-tan",
                  "id": "Q003948.l08825",
                  "ref": "Q003948.10.7",
                  "inst": "ebertān[on the opposite bank]AV",
                  "sig": "@rinap/rinap3%akk:e-ber-tan=ebertān[on the opposite bank//on the opposite bank]AV'AV$ebertān",
                  "f": {
                    "lang": "akk",
                    "form": "e-ber-tan",
                    "cf": "ebertān",
                    "gw": "on the opposite bank",
                    "sense": "on the opposite bank",
                    "norm": "ebertān",
                    "pos": "AV",
                    "epos": "AV"
                  }
                },
                {
                  "node": "l",
                  "frag": "A.AB.BA",
                  "id": "Q003948.l08826",
                  "ref": "Q003948.10.8",
                  "inst": "tâmti[sea]N",
                  "sig": "@rinap/rinap3%akk:A.AB.BA=tiāmtu[sea//sea]N'N$tâmti",
                  "f": {
                    "lang": "akk",
                    "form": "A.AB.BA",
                    "cf": "tiāmtu",
                    "gw": "sea",
                    "sense": "sea",
                    "norm": "tâmti",
                    "pos": "N",
                    "epos": "N"
                  }
                },
                {
                  "node": "l",
                  "frag": "šit-ku-na]-⸢at⸣",
                  "id": "Q003948.l08827",
                  "ref": "Q003948.10.9",
                  "inst": "šitkunat[situated]AJ",
                  "sig": "@rinap/rinap3%akk:šit-ku-na-at=šitkunu[situated//situated]AJ'AJ$šitkunat",
                  "f": {
                    "lang": "akk",
                    "form": "šit-ku-na-at",
                    "cf": "šitkunu",
                    "gw": "situated",
                    "sense": "situated",
                    "norm": "šitkunat",
                    "pos": "AJ",
                    "epos": "AJ"
                  }
                },
                {
                  "node": "l",
                  "frag": "šu-bat-sun₂",
                  "id": "Q003948.l08828",
                  "ref": "Q003948.10.10",
                  "inst": "šubatsun[dwelling]N",
                  "sig": "@rinap/rinap3%akk:šu-bat-sun₂=šubtu[seat//dwelling]N'N$šubatsun",
                  "f": {
                    "lang": "akk",
                    "form": "šu-bat-sun₂",
                    "cf": "šubtu",
                    "gw": "seat",
                    "sense": "dwelling",
                    "norm": "šubatsun",
                    "pos": "N",
                    "epos": "N"
                  }
                },
                {
                  "node": "d",
                  "type": "nonw",
                  "ref": ""
                },
                {
                  "node": "d",
                  "type": "line-start",
                  "ref": "Q003948.11",
                  "n": "8'",
                  "label": "o i 8'"
                },
                {
                  "node": "l",
                  "frag": "[ša",
                  "id": "Q003948.l08829",
                  "ref": "Q003948.11.1",
                  "inst": "ša[of]DET",
                  "sig": "@rinap/rinap3%akk:ša=ša[of//of]DET'DET$ša",
                  "f": {
                    "lang": "akk",
                    "form": "ša",
                    "cf": "ša",
                    "gw": "of",
                    "sense": "of",
                    "norm": "ša",
                    "pos": "DET",
                    "epos": "DET"
                  }
                },
                {
                  "node": "l",
                  "frag": "UN.MEŠ",
                  "id": "Q003948.l0882a",
                  "ref": "Q003948.11.2",
                  "inst": "nišī[people]N",
                  "sig": "@rinap/rinap3%akk:UN.MEŠ=nišu[people//people]N'N$nišī",
                  "f": {
                    "lang": "akk",
                    "form": "UN.MEŠ",
                    "cf": "nišu",
                    "gw": "people",
                    "sense": "people",
                    "norm": "nišī",
                    "pos": "N",
                    "epos": "N"
                  }
                },
                {
                  "node": "l",
                  "frag": "{kur}E₂-{m}ia-kin₇",
                  "id": "Q003948.l0882b",
                  "ref": "Q003948.11.3",
                  "inst": "Bit-Yakin[1]GN",
                  "sig": "@rinap/rinap3%akk:{KUR}E₂-{m}ia-kin₇=Bit-Yakin[1//1]GN'GN$Bit-Yakin",
                  "f": {
                    "lang": "akk",
                    "form": "{KUR}E₂-{m}ia-kin₇",
                    "cf": "Bit-Yakin",
                    "gw": "1",
                    "sense": "1",
                    "norm": "Bit-Yakin",
                    "pos": "GN",
                    "epos": "GN"
                  }
                },
                {
                  "node": "l",
                  "frag": "la-pa-an",
                  "id": "Q003948.l0882c",
                  "ref": "Q003948.11.4",
                  "inst": "lapān[from]PRP",
                  "sig": "@rinap/rinap3%akk:la-pa-an=lapāni[in front of//from]PRP'PRP$lapān",
                  "f": {
                    "lang": "akk",
                    "form": "la-pa-an",
                    "cf": "lapāni",
                    "gw": "in front of",
                    "sense": "from",
                    "norm": "lapān",
                    "pos": "PRP",
                    "epos": "PRP"
                  }
                },
                {
                  "node": "l",
                  "frag": "{giš}TUKUL.MEŠ-ia",
                  "id": "Q003948.l0882d",
                  "ref": "Q003948.11.5",
                  "inst": "kakkīya[weapon]N",
                  "sig": "@rinap/rinap3%akk:{GIŠ}TUKUL.MEŠ-ia=kakku[stick//weapon]N'N$kakkīya",
                  "f": {
                    "lang": "akk",
                    "form": "{GIŠ}TUKUL.MEŠ-ia",
                    "cf": "kakku",
                    "gw": "stick",
                    "sense": "weapon",
                    "norm": "kakkīya",
                    "pos": "N",
                    "epos": "N"
                  }
                },
                {
                  "node": "l",
                  "frag": "dan-nu-ti",
                  "id": "Q003948.l0882e",
                  "ref": "Q003948.11.6",
                  "inst": "dannūti[strong]AJ",
                  "sig": "@rinap/rinap3%akk:dan-nu-ti=dannu[strong//strong]AJ'AJ$dannūti",
                  "f": {
                    "lang": "akk",
                    "form": "dan-nu-ti",
                    "cf": "dannu",
                    "gw": "strong",
                    "sense": "strong",
                    "norm": "dannūti",
                    "pos": "AJ",
                    "epos": "AJ"
                  }
                },
                {
                  "node": "l",
                  "frag": "DINGIR].⸢MEŠ⸣",
                  "id": "Q003948.l0882f",
                  "ref": "Q003948.11.7",
                  "inst": "ilāni[god]N",
                  "sig": "@rinap/rinap3%akk:DINGIR.MEŠ=ilu[god//god]N'N$ilāni",
                  "f": {
                    "lang": "akk",
                    "form": "DINGIR.MEŠ",
                    "cf": "ilu",
                    "gw": "god",
                    "sense": "god",
                    "norm": "ilāni",
                    "pos": "N",
                    "epos": "N"
                  }
                },
                {
                  "node": "l",
                  "frag": "ma-rak",
                  "id": "Q003948.l08830",
                  "ref": "Q003948.11.8",
                  "inst": "mārak[full extent]N",
                  "sig": "@rinap/rinap3%akk:ma-rak=māraku[length//full extent]N'N$mārak",
                  "f": {
                    "lang": "akk",
                    "form": "ma-rak",
                    "cf": "māraku",
                    "gw": "length",
                    "sense": "full extent",
                    "norm": "mārak",
                    "pos": "N",
                    "epos": "N"
                  }
                },
                {
                  "node": "l",
                  "frag": "KUR-šu₂-⸢un⸣",
                  "id": "Q003948.l08831",
                  "ref": "Q003948.11.9",
                  "inst": "mātišun[land]N",
                  "sig": "@rinap/rinap3%akk:KUR-šu₂-un=mātu[land//land]N'N$mātišun",
                  "f": {
                    "lang": "akk",
                    "form": "KUR-šu₂-un",
                    "cf": "mātu",
                    "gw": "land",
                    "sense": "land",
                    "norm": "mātišun",
                    "pos": "N",
                    "epos": "N"
                  }
                },
                {
                  "node": "d",
                  "type": "nonw",
                  "ref": ""
                },
                {
                  "node": "d",
                  "type": "line-start",
                  "ref": "Q003948.12",
                  "n": "9'",
                  "label": "o i 9'"
                },
                {
                  "node": "l",
                  "frag": "[i-na",
                  "id": "Q003948.l08832",
                  "ref": "Q003948.12.1",
                  "inst": "ina[from]PRP",
                  "sig": "@rinap/rinap3%akk:i-na=ina[in//from]PRP'PRP$ina",
                  "f": {
                    "lang": "akk",
                    "form": "i-na",
                    "cf": "ina",
                    "gw": "in",
                    "sense": "from",
                    "norm": "ina",
                    "pos": "PRP",
                    "epos": "PRP"
                  }
                },
                {
                  "node": "l",
                  "frag": "TUŠ.TUŠ-šu₂-nu",
                  "id": "Q003948.l08833",
                  "ref": "Q003948.12.2",
                  "inst": "šubātisun[dwelling]N",
                  "sig": "@rinap/rinap3%akk:TUŠ.TUŠ-šu₂-nu=šubtu[seat//dwelling]N'N$šubātisun",
                  "f": {
                    "lang": "akk",
                    "form": "TUŠ.TUŠ-šu₂-nu",
                    "cf": "šubtu",
                    "gw": "seat",
                    "sense": "dwelling",
                    "norm": "šubātisun",
                    "pos": "N",
                    "epos": "N"
                  }
                },
                {
                  "node": "l",
                  "frag": "id-ku-u₂",
                  "id": "Q003948.l08834",
                  "ref": "Q003948.12.3",
                  "inst": "idkû[remove]V",
                  "sig": "@rinap/rinap3%akk:id-ku-u₂=dekû[raise//remove]V'V$idkû",
                  "f": {
                    "lang": "akk",
                    "form": "id-ku-u₂",
                    "cf": "dekû",
                    "gw": "raise",
                    "sense": "remove",
                    "norm": "idkû",
                    "pos": "V",
                    "epos": "V"
                  }
                },
                {
                  "node": "l",
                  "frag": "tam-tim",
                  "id": "Q003948.l08835",
                  "ref": "Q003948.12.4",
                  "inst": "tâmtim[sea]N",
                  "sig": "@rinap/rinap3%akk:tam-tim=tiāmtu[sea//sea]N'N$tâmtim",
                  "f": {
                    "lang": "akk",
                    "form": "tam-tim",
                    "cf": "tiāmtu",
                    "gw": "sea",
                    "sense": "sea",
                    "norm": "tâmtim",
                    "pos": "N",
                    "epos": "N"
                  }
                },
                {
                  "node": "l",
                  "frag": "e-bi-ru-ma",
                  "id": "Q003948.l08836",
                  "ref": "Q003948.12.5",
                  "inst": "ēbirūma[cross over]V",
                  "sig": "@rinap/rinap3%akk:e-bi-ru-ma=ebēru[cross over//cross over]V'V$ēbirūma",
                  "f": {
                    "lang": "akk",
                    "form": "e-bi-ru-ma",
                    "cf": "ebēru",
                    "gw": "cross over",
                    "sense": "cross over",
                    "norm": "ēbirūma",
                    "pos": "V",
                    "epos": "V"
                  }
                },
                {
                  "node": "l",
                  "frag": "u₂-ši]-⸢bu⸣",
                  "id": "Q003948.l08837",
                  "ref": "Q003948.12.6",
                  "inst": "ūšibū[settle]V",
                  "sig": "@rinap/rinap3%akk:u₂-ši-bu=wašābu[sit (down)//settle]V'V$ūšibū",
                  "f": {
                    "lang": "akk",
                    "form": "u₂-ši-bu",
                    "cf": "wašābu",
                    "gw": "sit (down)",
                    "sense": "settle",
                    "norm": "ūšibū",
                    "pos": "V",
                    "epos": "V"
                  }
                },
                {
                  "node": "l",
                  "frag": "qe₂-reb-šu₂-un",
                  "id": "Q003948.l08838",
                  "ref": "Q003948.12.7",
                  "inst": "qerebšun[interior]N",
                  "sig": "@rinap/rinap3%akk:qe₂-reb-šu₂-un=qerbu[centre//interior]N'N$qerebšun",
                  "f": {
                    "lang": "akk",
                    "form": "qe₂-reb-šu₂-un",
                    "cf": "qerbu",
                    "gw": "centre",
                    "sense": "interior",
                    "norm": "qerebšun",
                    "pos": "N",
                    "epos": "N"
                  }
                },
                {
                  "node": "d",
                  "type": "line-start",
                  "ref": "Q003948.13",
                  "n": "10'",
                  "label": "o i 10'"
                },
                {
                  "node": "l",
                  "frag": "[i-na",
                  "id": "Q003948.l08839",
                  "ref": "Q003948.13.1",
                  "inst": "ina[in]PRP",
                  "sig": "@rinap/rinap3%akk:i-na=ina[in//in]PRP'PRP$ina",
                  "f": {
                    "lang": "akk",
                    "form": "i-na",
                    "cf": "ina",
                    "gw": "in",
                    "sense": "in",
                    "norm": "ina",
                    "pos": "PRP",
                    "epos": "PRP"
                  }
                },
                {
                  "node": "l",
                  "frag": "{giš}MA₂.MEŠ",
                  "id": "Q003948.l0883a",
                  "ref": "Q003948.13.2",
                  "inst": "eleppēt[ship]N",
                  "sig": "@rinap/rinap3%akk:{GIŠ}MA₂.MEŠ=eleppu[ship//ship]N'N$eleppēt",
                  "f": {
                    "lang": "akk",
                    "form": "{GIŠ}MA₂.MEŠ",
                    "cf": "eleppu",
                    "gw": "ship",
                    "sense": "ship",
                    "norm": "eleppēt",
                    "pos": "N",
                    "epos": "N"
                  }
                },
                {
                  "node": "l",
                  "frag": "{kur}hat-ti",
                  "id": "Q003948.l0883b",
                  "ref": "Q003948.13.3",
                  "inst": "Hatti[Syria-Palestine]GN",
                  "sig": "@rinap/rinap3%akk:{KUR}hat-ti=Hatti[Syria-Palestine//Syria-Palestine]GN'GN$Hatti",
                  "f": {
                    "lang": "akk",
                    "form": "{KUR}hat-ti",
                    "cf": "Hatti",
                    "gw": "Syria-Palestine",
                    "sense": "Syria-Palestine",
                    "norm": "Hatti",
                    "pos": "GN",
                    "epos": "GN"
                  }
                },
                {
                  "node": "l",
                  "frag": "ša",
                  "id": "Q003948.l0883c",
                  "ref": "Q003948.13.4",
                  "inst": "ša[that]REL",
                  "sig": "@rinap/rinap3%akk:ša=ša[that//that]REL'REL$ša",
                  "f": {
                    "lang": "akk",
                    "form": "ša",
                    "cf": "ša",
                    "gw": "that",
                    "sense": "that",
                    "norm": "ša",
                    "pos": "REL",
                    "epos": "REL"
                  }
                },
                {
                  "node": "l",
                  "frag": "i-na",
                  "id": "Q003948.l0883d",
                  "ref": "Q003948.13.5",
                  "inst": "ina[in]PRP",
                  "sig": "@rinap/rinap3%akk:i-na=ina[in//in]PRP'PRP$ina",
                  "f": {
                    "lang": "akk",
                    "form": "i-na",
                    "cf": "ina",
                    "gw": "in",
                    "sense": "in",
                    "norm": "ina",
                    "pos": "PRP",
                    "epos": "PRP"
                  }
                },
                {
                  "node": "l",
                  "frag": "NINA{ki}",
                  "id": "Q003948.l0883e",
                  "ref": "Q003948.13.6",
                  "inst": "Ninua[Nineveh]SN",
                  "sig": "@rinap/rinap3%akk:NINA{KI}=Ninua[Nineveh//Nineveh]SN'SN$Ninua",
                  "f": {
                    "lang": "akk",
                    "form": "NINA{KI}",
                    "cf": "Ninua",
                    "gw": "Nineveh",
                    "sense": "Nineveh",
                    "norm": "Ninua",
                    "pos": "SN",
                    "epos": "SN"
                  }
                },
                {
                  "node": "l",
                  "frag": "u₃",
                  "id": "Q003948.l0883f",
                  "ref": "Q003948.13.7",
                  "inst": "u[and]CNJ",
                  "sig": "@rinap/rinap3%akk:u₃=u[and//and]CNJ'CNJ$u",
                  "f": {
                    "lang": "akk",
                    "form": "u₃",
                    "cf": "u",
                    "gw": "and",
                    "sense": "and",
                    "norm": "u",
                    "pos": "CNJ",
                    "epos": "CNJ"
                  }
                },
                {
                  "node": "l",
                  "frag": "{uru}DU₆-bar-si-ip",
                  "id": "Q003948.l08840",
                  "ref": "Q003948.13.8",
                  "inst": "Til-Barsip[1]SN",
                  "sig": "@rinap/rinap3%akk:{URU}DU₆-bar-si-ip=Til-Barsip[1//1]SN'SN$Til-Barsip",
                  "f": {
                    "lang": "akk",
                    "form": "{URU}DU₆-bar-si-ip",
                    "cf": "Til-Barsip",
                    "gw": "1",
                    "sense": "1",
                    "norm": "Til-Barsip",
                    "pos": "SN",
                    "epos": "SN"
                  }
                },
                {
                  "node": "l",
                  "frag": "e-pu-šu₂",
                  "id": "Q003948.l08841",
                  "ref": "Q003948.13.9",
                  "inst": "ēpušu[make]V",
                  "sig": "@rinap/rinap3%akk:e-pu-šu₂=epēšu[do//make]V'V$ēpušu",
                  "f": {
                    "lang": "akk",
                    "form": "e-pu-šu₂",
                    "cf": "epēšu",
                    "gw": "do",
                    "sense": "make",
                    "norm": "ēpušu",
                    "pos": "V",
                    "epos": "V"
                  }
                },
                {
                  "node": "l",
                  "frag": "tam-tim",
                  "id": "Q003948.l08842",
                  "ref": "Q003948.13.10",
                  "inst": "tâmtim[sea]N",
                  "sig": "@rinap/rinap3%akk:tam-tim=tiāmtu[sea//sea]N'N$tâmtim",
                  "f": {
                    "lang": "akk",
                    "form": "tam-tim",
                    "cf": "tiāmtu",
                    "gw": "sea",
                    "sense": "sea",
                    "norm": "tâmtim",
                    "pos": "N",
                    "epos": "N"
                  }
                },
                {
                  "node": "l",
                  "frag": "lu]",
                  "id": "Q003948.l08843",
                  "ref": "Q003948.13.11",
                  "inst": "lū[may]MOD",
                  "sig": "@rinap/rinap3%akk:lu=lū[may//may]MOD'MOD$lū",
                  "f": {
                    "lang": "akk",
                    "form": "lu",
                    "cf": "lū",
                    "gw": "may",
                    "sense": "may",
                    "norm": "lū",
                    "pos": "MOD",
                    "epos": "MOD"
                  }
                },
                {
                  "node": "l",
                  "frag": "⸢e⸣-bir-ma",
                  "id": "Q003948.l08844",
                  "ref": "Q003948.13.12",
                  "inst": "ēbirma[cross over]V",
                  "sig": "@rinap/rinap3%akk:e-bir-ma=ebēru[cross over//cross over]V'V$ēbirma",
                  "f": {
                    "lang": "akk",
                    "form": "e-bir-ma",
                    "cf": "ebēru",
                    "gw": "cross over",
                    "sense": "cross over",
                    "norm": "ēbirma",
                    "pos": "V",
                    "epos": "V"
                  }
                },
                {
                  "node": "d",
                  "type": "line-start",
                  "ref": "Q003948.14",
                  "n": "11'",
                  "label": "o i 11'"
                },
                {
                  "node": "l",
                  "frag": "[URU.MEŠ",
                  "id": "Q003948.l08845",
                  "ref": "Q003948.14.1",
                  "inst": "ālāni[city]N",
                  "sig": "@rinap/rinap3%akk:URU.MEŠ=ālu[city//city]N'N$ālāni",
                  "f": {
                    "lang": "akk",
                    "form": "URU.MEŠ",
                    "cf": "ālu",
                    "gw": "city",
                    "sense": "city",
                    "norm": "ālāni",
                    "pos": "N",
                    "epos": "N"
                  }
                },
                {
                  "node": "l",
                  "frag": "ša",
                  "id": "Q003948.l08846",
                  "ref": "Q003948.14.2",
                  "inst": "ša[that]REL",
                  "sig": "@rinap/rinap3%akk:ša=ša[that//that]REL'REL$ša",
                  "f": {
                    "lang": "akk",
                    "form": "ša",
                    "cf": "ša",
                    "gw": "that",
                    "sense": "that",
                    "norm": "ša",
                    "pos": "REL",
                    "epos": "REL"
                  }
                },
                {
                  "node": "l",
                  "frag": "qe₂-reb",
                  "id": "Q003948.l08847",
                  "ref": "Q003948.14.3",
                  "inst": "qereb[interior]N",
                  "sig": "@rinap/rinap3%akk:qe₂-reb=qerbu[centre//interior]N'N$qereb",
                  "f": {
                    "lang": "akk",
                    "form": "qe₂-reb",
                    "cf": "qerbu",
                    "gw": "centre",
                    "sense": "interior",
                    "norm": "qereb",
                    "pos": "N",
                    "epos": "N"
                  }
                },
                {
                  "node": "l",
                  "frag": "na-ge-e",
                  "id": "Q003948.l08848",
                  "ref": "Q003948.14.4",
                  "inst": "nagê[region]N",
                  "sig": "@rinap/rinap3%akk:na-ge-e=nagû[region//region]N'N$nagê",
                  "f": {
                    "lang": "akk",
                    "form": "na-ge-e",
                    "cf": "nagû",
                    "gw": "region",
                    "sense": "region",
                    "norm": "nagê",
                    "pos": "N",
                    "epos": "N"
                  }
                },
                {
                  "node": "l",
                  "frag": "ša₂-tu-nu",
                  "id": "Q003948.l08849",
                  "ref": "Q003948.14.5",
                  "inst": "šâtunu[those]IP",
                  "sig": "@rinap/rinap3%akk:ša₂-tu-nu=šâtunu[those//those]IP'IP$šâtunu",
                  "f": {
                    "lang": "akk",
                    "form": "ša₂-tu-nu",
                    "cf": "šâtunu",
                    "gw": "those",
                    "sense": "those",
                    "norm": "šâtunu",
                    "pos": "IP",
                    "epos": "IP"
                  }
                },
                {
                  "node": "l",
                  "frag": "KUR-ud-ma",
                  "id": "Q003948.l0884a",
                  "ref": "Q003948.14.6",
                  "inst": "akšudma[conquer]V",
                  "sig": "@rinap/rinap3%akk:KUR-ud-ma=kašādu[reach//conquer]V'V$akšudma",
                  "f": {
                    "lang": "akk",
                    "form": "KUR-ud-ma",
                    "cf": "kašādu",
                    "gw": "reach",
                    "sense": "conquer",
                    "norm": "akšudma",
                    "pos": "V",
                    "epos": "V"
                  }
                },
                {
                  "node": "l",
                  "frag": "i-na",
                  "id": "Q003948.l0884b",
                  "ref": "Q003948.14.7",
                  "inst": "ina[with]PRP",
                  "sig": "@rinap/rinap3%akk:i-na=ina[in//with]PRP'PRP$ina",
                  "f": {
                    "lang": "akk",
                    "form": "i-na",
                    "cf": "ina",
                    "gw": "in",
                    "sense": "with",
                    "norm": "ina",
                    "pos": "PRP",
                    "epos": "PRP"
                  }
                },
                {
                  "node": "l",
                  "frag": "GIŠ.BAR",
                  "id": "Q003948.l0884c",
                  "ref": "Q003948.14.8",
                  "inst": "gīri[fire]N",
                  "sig": "@rinap/rinap3%akk:GIŠ.BAR=gīru[fire(-god)//fire]N'N$gīri",
                  "f": {
                    "lang": "akk",
                    "form": "GIŠ.BAR",
                    "cf": "gīru",
                    "gw": "fire(-god)",
                    "sense": "fire",
                    "norm": "gīri",
                    "pos": "N",
                    "epos": "N"
                  }
                },
                {
                  "node": "l",
                  "frag": "aq-mu",
                  "id": "Q003948.l0884d",
                  "ref": "Q003948.14.9",
                  "inst": "aqmu[burn (up)]V",
                  "sig": "@rinap/rinap3%akk:aq-mu=qamû[burn (up)//burn (up)]V'V$aqmu",
                  "f": {
                    "lang": "akk",
                    "form": "aq-mu",
                    "cf": "qamû",
                    "gw": "burn (up)",
                    "sense": "burn (up)",
                    "norm": "aqmu",
                    "pos": "V",
                    "epos": "V"
                  }
                },
                {
                  "node": "l",
                  "frag": "a]-⸢na⸣",
                  "id": "Q003948.l0884e",
                  "ref": "Q003948.14.10",
                  "inst": "ana[into]PRP",
                  "sig": "@rinap/rinap3%akk:a-na=ana[to//into]PRP'PRP$ana",
                  "f": {
                    "lang": "akk",
                    "form": "a-na",
                    "cf": "ana",
                    "gw": "to",
                    "sense": "into",
                    "norm": "ana",
                    "pos": "PRP",
                    "epos": "PRP"
                  }
                },
                {
                  "node": "l",
                  "frag": "DU₆",
                  "id": "Q003948.l0884f",
                  "ref": "Q003948.14.11",
                  "inst": "tīli[(ruin) mound]N",
                  "sig": "@rinap/rinap3%akk:DU₆=tīlu[(ruin) mound//(ruin) mound]N'N$tīli",
                  "f": {
                    "lang": "akk",
                    "form": "DU₆",
                    "cf": "tīlu",
                    "gw": "(ruin) mound",
                    "sense": "(ruin) mound",
                    "norm": "tīli",
                    "pos": "N",
                    "epos": "N"
                  }
                },
                {
                  "node": "l",
                  "frag": "u",
                  "id": "Q003948.l08850",
                  "ref": "Q003948.14.12",
                  "inst": "u[and]CNJ",
                  "sig": "@rinap/rinap3%akk:u=u[and//and]CNJ'CNJ$u",
                  "f": {
                    "lang": "akk",
                    "form": "u",
                    "cf": "u",
                    "gw": "and",
                    "sense": "and",
                    "norm": "u",
                    "pos": "CNJ",
                    "epos": "CNJ"
                  }
                },
                {
                  "node": "l",
                  "frag": "kar-me",
                  "id": "Q003948.l08851",
                  "ref": "Q003948.14.13",
                  "inst": "karmē[heap]N",
                  "sig": "@rinap/rinap3%akk:kar-me=karmu[heap//heap]N'N$karmē",
                  "f": {
                    "lang": "akk",
                    "form": "kar-me",
                    "cf": "karmu",
                    "gw": "heap",
                    "sense": "heap",
                    "norm": "karmē",
                    "pos": "N",
                    "epos": "N"
                  }
                },
                {
                  "node": "l",
                  "frag": "⸢u₂⸣-[ter]",
                  "id": "Q003948.l08852",
                  "ref": "Q003948.14.14",
                  "inst": "utēr[turn into]V",
                  "sig": "@rinap/rinap3%akk:u₂-ter=târu[turn//turn into]V'V$utēr",
                  "f": {
                    "lang": "akk",
                    "form": "u₂-ter",
                    "cf": "târu",
                    "gw": "turn",
                    "sense": "turn into",
                    "norm": "utēr",
                    "pos": "V",
                    "epos": "V"
                  }
                },
                {
                  "node": "d",
                  "type": "nonw",
                  "ref": ""
                },
                {
                  "node": "d",
                  "type": "line-start",
                  "ref": "Q003948.15",
                  "n": "12'",
                  "label": "o i 12'"
                },
                {
                  "node": "l",
                  "frag": "[UN.MEŠ",
                  "id": "Q003948.l08853",
                  "ref": "Q003948.15.1",
                  "inst": "nišī[people]N",
                  "sig": "@rinap/rinap3%akk:UN.MEŠ=nišu[people//people]N'N$nišī",
                  "f": {
                    "lang": "akk",
                    "form": "UN.MEŠ",
                    "cf": "nišu",
                    "gw": "people",
                    "sense": "people",
                    "norm": "nišī",
                    "pos": "N",
                    "epos": "N"
                  }
                },
                {
                  "node": "l",
                  "frag": "{kur}E₂-{m}ia-kin₇",
                  "id": "Q003948.l08854",
                  "ref": "Q003948.15.2",
                  "inst": "Bit-Yakin[1]GN",
                  "sig": "@rinap/rinap3%akk:{KUR}E₂-{m}ia-kin₇=Bit-Yakin[1//1]GN'GN$Bit-Yakin",
                  "f": {
                    "lang": "akk",
                    "form": "{KUR}E₂-{m}ia-kin₇",
                    "cf": "Bit-Yakin",
                    "gw": "1",
                    "sense": "1",
                    "norm": "Bit-Yakin",
                    "pos": "GN",
                    "epos": "GN"
                  }
                },
                {
                  "node": "l",
                  "frag": "u₃",
                  "id": "Q003948.l08855",
                  "ref": "Q003948.15.3",
                  "inst": "u[and]CNJ",
                  "sig": "@rinap/rinap3%akk:u₃=u[and//and]CNJ'CNJ$u",
                  "f": {
                    "lang": "akk",
                    "form": "u₃",
                    "cf": "u",
                    "gw": "and",
                    "sense": "and",
                    "norm": "u",
                    "pos": "CNJ",
                    "epos": "CNJ"
                  }
                },
                {
                  "node": "l",
                  "frag": "DINGIR.MEŠ-šu₂-nu",
                  "id": "Q003948.l08856",
                  "ref": "Q003948.15.4",
                  "inst": "ilānišunu[god]N",
                  "sig": "@rinap/rinap3%akk:DINGIR.MEŠ-šu₂-nu=ilu[god//god]N'N$ilānišunu",
                  "f": {
                    "lang": "akk",
                    "form": "DINGIR.MEŠ-šu₂-nu",
                    "cf": "ilu",
                    "gw": "god",
                    "sense": "god",
                    "norm": "ilānišunu",
                    "pos": "N",
                    "epos": "N"
                  }
                },
                {
                  "node": "l",
                  "frag": "a-di",
                  "id": "Q003948.l08857",
                  "ref": "Q003948.15.5",
                  "inst": "adi[with]PRP",
                  "sig": "@rinap/rinap3%akk:a-di=adi[until//with]PRP'PRP$adi",
                  "f": {
                    "lang": "akk",
                    "form": "a-di",
                    "cf": "adi",
                    "gw": "until",
                    "sense": "with",
                    "norm": "adi",
                    "pos": "PRP",
                    "epos": "PRP"
                  }
                },
                {
                  "node": "l",
                  "frag": "ba-hu-la-a-te",
                  "id": "Q003948.l08858",
                  "ref": "Q003948.15.6",
                  "inst": "bahūlāte[men]N",
                  "sig": "@rinap/rinap3%akk:ba-hu-la-a-te=bahūlātu[men//men]N'N$bahūlāte",
                  "f": {
                    "lang": "akk",
                    "form": "ba-hu-la-a-te",
                    "cf": "bahūlātu",
                    "gw": "men",
                    "sense": "men",
                    "norm": "bahūlāte",
                    "pos": "N",
                    "epos": "N"
                  }
                },
                {
                  "node": "l",
                  "frag": "LUGAL",
                  "id": "Q003948.l08859",
                  "ref": "Q003948.15.7",
                  "inst": "šar[king]N",
                  "sig": "@rinap/rinap3%akk:LUGAL=šarru[king//king]N'N$šar",
                  "f": {
                    "lang": "akk",
                    "form": "LUGAL",
                    "cf": "šarru",
                    "gw": "king",
                    "sense": "king",
                    "norm": "šar",
                    "pos": "N",
                    "epos": "N"
                  }
                },
                {
                  "node": "l",
                  "frag": "{kur]}ELAM.MA{ki}",
                  "id": "Q003948.l0885a",
                  "ref": "Q003948.15.8",
                  "inst": "Elamti[Elam]GN",
                  "sig": "@rinap/rinap3%akk:{KUR}ELAM.MA{KI}=Elamtu[Elam//Elam]GN'GN$Elamti",
                  "f": {
                    "lang": "akk",
                    "form": "{KUR}ELAM.MA{KI}",
                    "cf": "Elamtu",
                    "gw": "Elam",
                    "sense": "Elam",
                    "norm": "Elamti",
                    "pos": "GN",
                    "epos": "GN"
                  }
                },
                {
                  "node": "d",
                  "type": "line-start",
                  "ref": "Q003948.16",
                  "n": "13'",
                  "label": "o i 13'"
                },
                {
                  "node": "l",
                  "frag": "[aš₂-lu-lam-ma",
                  "id": "Q003948.l0885b",
                  "ref": "Q003948.16.1",
                  "inst": "ašlulamma[carry off]V",
                  "sig": "@rinap/rinap3%akk:aš₂-lu-lam-ma=šalālu[carry off//carry off]V'V$ašlulamma",
                  "f": {
                    "lang": "akk",
                    "form": "aš₂-lu-lam-ma",
                    "cf": "šalālu",
                    "gw": "carry off",
                    "sense": "carry off",
                    "norm": "ašlulamma",
                    "pos": "V",
                    "epos": "V"
                  }
                },
                {
                  "node": "l",
                  "frag": "a-na",
                  "id": "Q003948.l0885c",
                  "ref": "Q003948.16.2",
                  "inst": "ana[to]PRP",
                  "sig": "@rinap/rinap3%akk:a-na=ana[to//to]PRP'PRP$ana",
                  "f": {
                    "lang": "akk",
                    "form": "a-na",
                    "cf": "ana",
                    "gw": "to",
                    "sense": "to",
                    "norm": "ana",
                    "pos": "PRP",
                    "epos": "PRP"
                  }
                },
                {
                  "node": "l",
                  "frag": "KUR",
                  "id": "Q003948.l0885d",
                  "ref": "Q003948.16.3",
                  "inst": "māt[land]N",
                  "sig": "@rinap/rinap3%akk:KUR=mātu[land//land]N'N$māt",
                  "f": {
                    "lang": "akk",
                    "form": "KUR",
                    "cf": "mātu",
                    "gw": "land",
                    "sense": "land",
                    "norm": "māt",
                    "pos": "N",
                    "epos": "N"
                  }
                },
                {
                  "node": "l",
                  "frag": "aš-šur{ki}",
                  "id": "Q003948.l0885e",
                  "ref": "Q003948.16.4",
                  "inst": "Aššur[Assyria]GN",
                  "sig": "@rinap/rinap3%akk:aš-šur{KI}=Aššur[Assyria//Assyria]GN'GN$Aššur",
                  "f": {
                    "lang": "akk",
                    "form": "aš-šur{KI}",
                    "cf": "Aššur",
                    "gw": "Assyria",
                    "sense": "Assyria",
                    "norm": "Aššur",
                    "pos": "GN",
                    "epos": "GN"
                  }
                },
                {
                  "node": "l",
                  "frag": "u₂]-⸢ra⸣-a",
                  "id": "Q003948.l0885f",
                  "ref": "Q003948.16.5",
                  "inst": "ūrâ[lead]V +.",
                  "sig": "@rinap/rinap3%akk:u₂-ra-a=warû[lead//lead]V'V$ūrâ",
                  "f": {
                    "lang": "akk",
                    "form": "u₂-ra-a",
                    "cf": "warû",
                    "gw": "lead",
                    "sense": "lead",
                    "norm": "ūrâ",
                    "pos": "V",
                    "epos": "V"
                  }
                }
              ]
            },
            {
              "node": "c",
              "type": "sentence",
              "tag": ".",
              "id": "Q003948.U12",
              "label": "o i 14' - o i 15'",
              "cdl": [
                {
                  "node": "d",
                  "type": "line-start",
                  "ref": "Q003948.17",
                  "n": "14'",
                  "label": "o i 14'"
                },
                {
                  "node": "l",
                  "frag": "[...]",
                  "id": "Q003948.l08860",
                  "ref": "Q003948.17.1",
                  "inst": "u",
                  "f": {
                    "lang": "akk",
                    "form": "x",
                    "pos": "u"
                  }
                },
                {
                  "node": "l",
                  "frag": "x",
                  "id": "Q003948.l08861",
                  "ref": "Q003948.17.2",
                  "inst": "u",
                  "f": {
                    "lang": "akk",
                    "form": "x",
                    "pos": "u"
                  }
                },
                {
                  "node": "d",
                  "type": "line-start",
                  "ref": "Q003948.18",
                  "n": "15'",
                  "label": "o i 15'"
                },
                {
                  "node": "l",
                  "frag": "[...]",
                  "id": "Q003948.l08862",
                  "ref": "Q003948.18.1",
                  "inst": "u",
                  "f": {
                    "lang": "akk",
                    "form": "x",
                    "pos": "u"
                  }
                },
                {
                  "node": "l",
                  "frag": "x",
                  "id": "Q003948.l08863",
                  "ref": "Q003948.18.2",
                  "inst": "u +.",
                  "f": {
                    "lang": "akk",
                    "form": "x",
                    "pos": "u"
                  }
                }
              ]
            },
            {
              "node": "c",
              "type": "sentence",
              "tag": ".",
              "id": "Q003948.U14",
              "label": "o ii 1' - o ii 4'",
              "cdl": [
                {
                  "node": "d",
                  "type": "nonx",
                  "ref": "Q003948.19",
                  "strict": "0",
                  "state": "other"
                },
                {
                  "node": "d",
                  "subtype": "column 2o",
                  "type": "column",
                  "ref": "Q003948.o.ii.20",
                  "n": "2",
                  "label": "o ii"
                },
                {
                  "node": "d",
                  "type": "nonx",
                  "ref": "Q003948.21",
                  "strict": "0",
                  "state": "other"
                },
                {
                  "node": "d",
                  "type": "line-start",
                  "ref": "Q003948.22",
                  "n": "1'",
                  "label": "o ii 1'"
                },
                {
                  "node": "l",
                  "frag": "x",
                  "id": "Q003948.l08864",
                  "ref": "Q003948.22.1",
                  "inst": "u",
                  "f": {
                    "lang": "akk",
                    "form": "x",
                    "pos": "u"
                  }
                },
                {
                  "node": "l",
                  "frag": "[...]",
                  "id": "Q003948.l08865",
                  "ref": "Q003948.22.2",
                  "inst": "u",
                  "f": {
                    "lang": "akk",
                    "form": "x",
                    "pos": "u"
                  }
                },
                {
                  "node": "d",
                  "type": "line-start",
                  "ref": "Q003948.23",
                  "n": "2'",
                  "label": "o ii 2'"
                },
                {
                  "node": "l",
                  "frag": "ša",
                  "id": "Q003948.l08866",
                  "ref": "Q003948.23.1",
                  "inst": "ša[who]REL",
                  "sig": "@rinap/rinap3%akk:ša=ša[that//who]REL'REL$ša",
                  "f": {
                    "lang": "akk",
                    "form": "ša",
                    "cf": "ša",
                    "gw": "that",
                    "sense": "who",
                    "norm": "ša",
                    "pos": "REL",
                    "epos": "REL"
                  }
                },
                {
                  "node": "l",
                  "frag": "⸢la⸣-[pa-an",
                  "id": "Q003948.l08867",
                  "ref": "Q003948.23.2",
                  "inst": "lapān[from]PRP",
                  "sig": "@rinap/rinap3%akk:la-pa-an=lapāni[in front of//from]PRP'PRP$lapān",
                  "f": {
                    "lang": "akk",
                    "form": "la-pa-an",
                    "cf": "lapāni",
                    "gw": "in front of",
                    "sense": "from",
                    "norm": "lapān",
                    "pos": "PRP",
                    "epos": "PRP"
                  }
                },
                {
                  "node": "l",
                  "frag": "...]",
                  "id": "Q003948.l08868",
                  "ref": "Q003948.23.3",
                  "inst": "u",
                  "f": {
                    "lang": "akk",
                    "form": "x",
                    "pos": "u"
                  }
                },
                {
                  "node": "d",
                  "type": "nonw",
                  "ref": ""
                },
                {
                  "node": "d",
                  "type": "line-start",
                  "ref": "Q003948.24",
                  "n": "3'",
                  "label": "o ii 3'"
                },
                {
                  "node": "l",
                  "frag": "i-na",
                  "id": "Q003948.l08869",
                  "ref": "Q003948.24.1",
                  "inst": "ina[in]PRP",
                  "sig": "@rinap/rinap3%akk:i-na=ina[in//in]PRP'PRP$ina",
                  "f": {
                    "lang": "akk",
                    "form": "i-na",
                    "cf": "ina",
                    "gw": "in",
                    "sense": "in",
                    "norm": "ina",
                    "pos": "PRP",
                    "epos": "PRP"
                  }
                },
                {
                  "node": "l",
                  "frag": "mi-[...]",
                  "id": "Q003948.l0886a",
                  "ref": "Q003948.24.2",
                  "inst": "u",
                  "f": {
                    "lang": "akk",
                    "form": "mi-x",
                    "pos": "u"
                  }
                },
                {
                  "node": "d",
                  "type": "line-start",
                  "ref": "Q003948.25",
                  "n": "4'",
                  "label": "o ii 4'"
                },
                {
                  "node": "l",
                  "frag": "[x",
                  "id": "Q003948.l0886b",
                  "ref": "Q003948.25.1",
                  "inst": "u",
                  "f": {
                    "lang": "akk",
                    "form": "x",
                    "pos": "u"
                  }
                },
                {
                  "node": "l",
                  "frag": "x",
                  "id": "Q003948.l0886c",
                  "ref": "Q003948.25.2",
                  "inst": "u",
                  "f": {
                    "lang": "akk",
                    "form": "x",
                    "pos": "u"
                  }
                },
                {
                  "node": "l",
                  "frag": "x]",
                  "id": "Q003948.l0886d",
                  "ref": "Q003948.25.3",
                  "inst": "u",
                  "f": {
                    "lang": "akk",
                    "form": "x",
                    "pos": "u"
                  }
                },
                {
                  "node": "l",
                  "frag": "x",
                  "id": "Q003948.l0886e",
                  "ref": "Q003948.25.4",
                  "inst": "u",
                  "f": {
                    "lang": "akk",
                    "form": "x",
                    "pos": "u"
                  }
                },
                {
                  "node": "l",
                  "frag": "[...]",
                  "id": "Q003948.l0886f",
                  "ref": "Q003948.25.5",
                  "inst": "u +.",
                  "f": {
                    "lang": "akk",
                    "form": "x",
                    "pos": "u"
                  }
                }
              ]
            },
            {
              "node": "d",
              "type": "nonx",
              "ref": "Q003948.26",
              "strict": "0",
              "state": "other"
            },
            {
              "node": "d",
              "type": "nonx",
              "ref": "Q003948.27",
              "strict": "0",
              "extent": "0",
              "scope": "reverse",
              "state": "other"
            }
          ]
        }
      ]
    }
  ]
}
