{
  "type": "cdl",
  "source": "http://oracc.org/rinap/rinap3",
  "license": "This data is released under the CC0 license",
  "license-url": "https://creativecommons.org/publicdomain/zero/1.0/",
  "more-info": "http://oracc.org/doc/opendata/",
  "UTC-timestamp": "2017-06-10T00:20:12",
  "project": "rinap/rinap3",
  "textid": "Q003530",
  "cdl": [
    {
      "node": "c",
      "type": "text",
      "id": "Q003530.U0",
      "cdl": [
        {
          "node": "d",
          "type": "object",
          "ref": ""
        },
        {
          "node": "d",
          "type": "surface",
          "ref": ""
        },
        {
          "node": "c",
          "type": "discourse",
          "subtype": "body",
          "id": "Q003530.U1",
          "cdl": [
            {
              "node": "c",
              "type": "sentence",
              "tag": ".",
              "id": "Q003530.U2",
              "label": "1 - 2",
              "cdl": [
                {
                  "node": "d",
                  "type": "line-start",
                  "ref": "Q003530.1",
                  "n": "1",
                  "label": "1"
                },
                {
                  "node": "l",
                  "frag": "{uru}E₂-{m}ku-bat-ti",
                  "id": "Q003530.l07bcb",
                  "ref": "Q003530.1.1",
                  "inst": "Bit-Kubatti[]SN$",
                  "sig": "@rinap/rinap3%akk:{URU}E₂-{m}ku-bat-ti=Bit-Kubatti[1//1]SN'SN$Bit-Kubatti",
                  "f": {
                    "lang": "akk",
                    "form": "{URU}E₂-{m}ku-bat-ti",
                    "cf": "Bit-Kubatti",
                    "gw": "1",
                    "sense": "1",
                    "norm": "Bit-Kubatti",
                    "pos": "SN",
                    "epos": "SN"
                  }
                },
                {
                  "node": "l",
                  "frag": "al-me",
                  "id": "Q003530.l07bcc",
                  "ref": "Q003530.1.2",
                  "inst": "alme[surround]V",
                  "sig": "@rinap/rinap3%akk:al-me=lawû[surround//surround]V'V$alme",
                  "f": {
                    "lang": "akk",
                    "form": "al-me",
                    "cf": "lawû",
                    "gw": "surround",
                    "sense": "surround",
                    "norm": "alme",
                    "pos": "V",
                    "epos": "V"
                  }
                },
                {
                  "node": "l",
                  "frag": "KUR-ud",
                  "id": "Q003530.l07bcd",
                  "ref": "Q003530.1.3",
                  "inst": "akšud[conquer]V",
                  "sig": "@rinap/rinap3%akk:KUR-ud=kašādu[reach//conquer]V'V$akšud",
                  "f": {
                    "lang": "akk",
                    "form": "KUR-ud",
                    "cf": "kašādu",
                    "gw": "reach",
                    "sense": "conquer",
                    "norm": "akšud",
                    "pos": "V",
                    "epos": "V"
                  }
                },
                {
                  "node": "d",
                  "type": "line-start",
                  "ref": "Q003530.2",
                  "n": "2",
                  "label": "2"
                },
                {
                  "node": "l",
                  "frag": "aš₂-lu-la",
                  "id": "Q003530.l07bce",
                  "ref": "Q003530.2.1",
                  "inst": "ašlula[carry off]V",
                  "sig": "@rinap/rinap3%akk:aš₂-lu-la=šalālu[carry off//carry off]V'V$ašlula",
                  "f": {
                    "lang": "akk",
                    "form": "aš₂-lu-la",
                    "cf": "šalālu",
                    "gw": "carry off",
                    "sense": "carry off",
                    "norm": "ašlula",
                    "pos": "V",
                    "epos": "V"
                  }
                },
                {
                  "node": "l",
                  "frag": "šal-la-su",
                  "id": "Q003530.l07bcf",
                  "ref": "Q003530.2.2",
                  "inst": "šallatu[plundered thing(s)//booty]N$šallassu",
                  "sig": "@rinap/rinap3%akk:šal-la-su=šallatu[plundered thing(s)//booty]N'N$šallassu",
                  "f": {
                    "lang": "akk",
                    "form": "šal-la-su",
                    "cf": "šallatu",
                    "gw": "plundered thing(s)",
                    "sense": "booty",
                    "norm": "šallassu",
                    "pos": "N",
                    "epos": "N"
                  }
                },
                {
                  "node": "l",
                  "frag": "ina",
                  "id": "Q003530.l07bd0",
                  "ref": "Q003530.2.3",
                  "inst": "ina[in//with]PRP$",
                  "sig": "@rinap/rinap3%akk:ina=ina[in//with]PRP'PRP$ina",
                  "f": {
                    "lang": "akk",
                    "form": "ina",
                    "cf": "ina",
                    "gw": "in",
                    "sense": "with",
                    "norm": "ina",
                    "pos": "PRP",
                    "epos": "PRP"
                  }
                },
                {
                  "node": "l",
                  "frag": "{d}GIŠ.BAR",
                  "id": "Q003530.l07bd1",
                  "ref": "Q003530.2.4",
                  "inst": "gīri[fire]N",
                  "sig": "@rinap/rinap3%akk:{d}GIŠ.BAR=gīru[fire(-god)//fire]N'N$gīri",
                  "f": {
                    "lang": "akk",
                    "form": "{d}GIŠ.BAR",
                    "cf": "gīru",
                    "gw": "fire(-god)",
                    "sense": "fire",
                    "norm": "gīri",
                    "pos": "N",
                    "epos": "N"
                  }
                },
                {
                  "node": "l",
                  "frag": "aq-mu",
                  "id": "Q003530.l07bd2",
                  "ref": "Q003530.2.5",
                  "inst": "aqmu[burn (up)]V +.",
                  "sig": "@rinap/rinap3%akk:aq-mu=qamû[burn (up)//burn (up)]V'V$aqmu",
                  "f": {
                    "lang": "akk",
                    "form": "aq-mu",
                    "cf": "qamû",
                    "gw": "burn (up)",
                    "sense": "burn (up)",
                    "norm": "aqmu",
                    "pos": "V",
                    "epos": "V"
                  }
                }
              ]
            }
          ]
        }
      ]
    }
  ]
}
