{
  "type": "cdl",
  "source": "http://oracc.org/saao/saa03",
  "license": "This data is released under the CC0 license",
  "license-url": "https://creativecommons.org/publicdomain/zero/1.0/",
  "more-info": "http://oracc.org/doc/opendata/",
  "UTC-timestamp": "2017-06-10T00:37:49",
  "project": "saao/saa03",
  "textid": "P313818",
  "cdl": [
    {
      "node": "c",
      "type": "text",
      "id": "P313818.U0",
      "cdl": [
        {
          "node": "d",
          "type": "object",
          "ref": ""
        },
        {
          "node": "d",
          "subtype": "obverse",
          "type": "obverse",
          "ref": "P313818.o.1",
          "label": "o"
        },
        {
          "node": "d",
          "type": "nonx",
          "ref": "P313818.2",
          "strict": "0",
          "extent": "beginning",
          "state": "missing"
        },
        {
          "node": "c",
          "type": "discourse",
          "subtype": "body",
          "id": "P313818.U1",
          "cdl": [
            {
              "node": "c",
              "type": "sentence",
              "id": "P313818.U2",
              "label": "o 1' - r 9",
              "cdl": [
                {
                  "node": "d",
                  "type": "line-start",
                  "ref": "P313818.3",
                  "n": "1'",
                  "label": "o 1'"
                },
                {
                  "node": "l",
                  "frag": "[x",
                  "id": "P313818.l01dbd",
                  "ref": "P313818.3.1",
                  "inst": "%akk-x-neobab:x=",
                  "f": {
                    "lang": "akk-x-neobab",
                    "form": "x"
                  }
                },
                {
                  "node": "l",
                  "frag": "x",
                  "id": "P313818.l01dbe",
                  "ref": "P313818.3.2",
                  "inst": "%akk-x-neobab:x=",
                  "f": {
                    "lang": "akk-x-neobab",
                    "form": "x"
                  }
                },
                {
                  "node": "l",
                  "frag": "x",
                  "id": "P313818.l01dbf",
                  "ref": "P313818.3.3",
                  "inst": "%akk-x-neobab:x=",
                  "f": {
                    "lang": "akk-x-neobab",
                    "form": "x"
                  }
                },
                {
                  "node": "l",
                  "frag": "x",
                  "id": "P313818.l01dc0",
                  "ref": "P313818.3.4",
                  "inst": "%akk-x-neobab:x=",
                  "f": {
                    "lang": "akk-x-neobab",
                    "form": "x"
                  }
                },
                {
                  "node": "l",
                  "frag": "x",
                  "id": "P313818.l01dc1",
                  "ref": "P313818.3.5",
                  "inst": "%akk-x-neobab:x=",
                  "f": {
                    "lang": "akk-x-neobab",
                    "form": "x"
                  }
                },
                {
                  "node": "l",
                  "frag": "x",
                  "id": "P313818.l01dc2",
                  "ref": "P313818.3.6",
                  "inst": "%akk-x-neobab:x=",
                  "f": {
                    "lang": "akk-x-neobab",
                    "form": "x"
                  }
                },
                {
                  "node": "l",
                  "frag": "x",
                  "id": "P313818.l01dc3",
                  "ref": "P313818.3.7",
                  "inst": "%akk-x-neobab:x=",
                  "f": {
                    "lang": "akk-x-neobab",
                    "form": "x"
                  }
                },
                {
                  "node": "l",
                  "frag": "x]",
                  "id": "P313818.l01dc4",
                  "ref": "P313818.3.8",
                  "inst": "%akk-x-neobab:x=",
                  "f": {
                    "lang": "akk-x-neobab",
                    "form": "x"
                  }
                },
                {
                  "node": "l",
                  "frag": "⸢a-na⸣",
                  "id": "P313818.l01dc5",
                  "ref": "P313818.3.9",
                  "inst": "%akk-x-neobab:a-na=",
                  "f": {
                    "lang": "akk-x-neobab",
                    "form": "a-na"
                  }
                },
                {
                  "node": "l",
                  "frag": "[x",
                  "id": "P313818.l01dc6",
                  "ref": "P313818.3.10",
                  "inst": "%akk-x-neobab:x=",
                  "f": {
                    "lang": "akk-x-neobab",
                    "form": "x"
                  }
                },
                {
                  "node": "l",
                  "frag": "x",
                  "id": "P313818.l01dc7",
                  "ref": "P313818.3.11",
                  "inst": "%akk-x-neobab:x=",
                  "f": {
                    "lang": "akk-x-neobab",
                    "form": "x"
                  }
                },
                {
                  "node": "l",
                  "frag": "x",
                  "id": "P313818.l01dc8",
                  "ref": "P313818.3.12",
                  "inst": "%akk-x-neobab:x=",
                  "f": {
                    "lang": "akk-x-neobab",
                    "form": "x"
                  }
                },
                {
                  "node": "l",
                  "frag": "x",
                  "id": "P313818.l01dc9",
                  "ref": "P313818.3.13",
                  "inst": "%akk-x-neobab:x=",
                  "f": {
                    "lang": "akk-x-neobab",
                    "form": "x"
                  }
                },
                {
                  "node": "l",
                  "frag": "x",
                  "id": "P313818.l01dca",
                  "ref": "P313818.3.14",
                  "inst": "%akk-x-neobab:x=",
                  "f": {
                    "lang": "akk-x-neobab",
                    "form": "x"
                  }
                },
                {
                  "node": "l",
                  "frag": "x",
                  "id": "P313818.l01dcb",
                  "ref": "P313818.3.15",
                  "inst": "%akk-x-neobab:x=",
                  "f": {
                    "lang": "akk-x-neobab",
                    "form": "x"
                  }
                },
                {
                  "node": "l",
                  "frag": "x]",
                  "id": "P313818.l01dcc",
                  "ref": "P313818.3.16",
                  "inst": "%akk-x-neobab:x=",
                  "f": {
                    "lang": "akk-x-neobab",
                    "form": "x"
                  }
                },
                {
                  "node": "d",
                  "type": "line-start",
                  "ref": "P313818.4",
                  "n": "2'",
                  "label": "o 2'"
                },
                {
                  "node": "l",
                  "frag": "[x",
                  "id": "P313818.l01dcd",
                  "ref": "P313818.4.1",
                  "inst": "%akk-x-neobab:x=",
                  "f": {
                    "lang": "akk-x-neobab",
                    "form": "x"
                  }
                },
                {
                  "node": "l",
                  "frag": "x",
                  "id": "P313818.l01dce",
                  "ref": "P313818.4.2",
                  "inst": "%akk-x-neobab:x=",
                  "f": {
                    "lang": "akk-x-neobab",
                    "form": "x"
                  }
                },
                {
                  "node": "l",
                  "frag": "x",
                  "id": "P313818.l01dcf",
                  "ref": "P313818.4.3",
                  "inst": "%akk-x-neobab:x=",
                  "f": {
                    "lang": "akk-x-neobab",
                    "form": "x"
                  }
                },
                {
                  "node": "l",
                  "frag": "x",
                  "id": "P313818.l01dd0",
                  "ref": "P313818.4.4",
                  "inst": "%akk-x-neobab:x=",
                  "f": {
                    "lang": "akk-x-neobab",
                    "form": "x"
                  }
                },
                {
                  "node": "l",
                  "frag": "x",
                  "id": "P313818.l01dd1",
                  "ref": "P313818.4.5",
                  "inst": "%akk-x-neobab:x=",
                  "f": {
                    "lang": "akk-x-neobab",
                    "form": "x"
                  }
                },
                {
                  "node": "l",
                  "frag": "{1}um]-man-al-⸢da⸣-[si",
                  "id": "P313818.l01dd2",
                  "ref": "P313818.4.6",
                  "inst": "%akk-x-neobab:{1}um-man-al-da-si=",
                  "f": {
                    "lang": "akk-x-neobab",
                    "form": "{1}um-man-al-da-si"
                  }
                },
                {
                  "node": "l",
                  "frag": "x",
                  "id": "P313818.l01dd3",
                  "ref": "P313818.4.7",
                  "inst": "%akk-x-neobab:x=",
                  "f": {
                    "lang": "akk-x-neobab",
                    "form": "x"
                  }
                },
                {
                  "node": "l",
                  "frag": "x",
                  "id": "P313818.l01dd4",
                  "ref": "P313818.4.8",
                  "inst": "%akk-x-neobab:x=",
                  "f": {
                    "lang": "akk-x-neobab",
                    "form": "x"
                  }
                },
                {
                  "node": "l",
                  "frag": "x",
                  "id": "P313818.l01dd5",
                  "ref": "P313818.4.9",
                  "inst": "%akk-x-neobab:x=",
                  "f": {
                    "lang": "akk-x-neobab",
                    "form": "x"
                  }
                },
                {
                  "node": "l",
                  "frag": "x",
                  "id": "P313818.l01dd6",
                  "ref": "P313818.4.10",
                  "inst": "%akk-x-neobab:x=",
                  "f": {
                    "lang": "akk-x-neobab",
                    "form": "x"
                  }
                },
                {
                  "node": "l",
                  "frag": "x",
                  "id": "P313818.l01dd7",
                  "ref": "P313818.4.11",
                  "inst": "%akk-x-neobab:x=",
                  "f": {
                    "lang": "akk-x-neobab",
                    "form": "x"
                  }
                },
                {
                  "node": "l",
                  "frag": "x]",
                  "id": "P313818.l01dd8",
                  "ref": "P313818.4.12",
                  "inst": "%akk-x-neobab:x=",
                  "f": {
                    "lang": "akk-x-neobab",
                    "form": "x"
                  }
                },
                {
                  "node": "d",
                  "type": "line-start",
                  "ref": "P313818.5",
                  "n": "3'",
                  "label": "o 3'"
                },
                {
                  "node": "l",
                  "frag": "[x",
                  "id": "P313818.l01dd9",
                  "ref": "P313818.5.1",
                  "inst": "%akk-x-neobab:x=",
                  "f": {
                    "lang": "akk-x-neobab",
                    "form": "x"
                  }
                },
                {
                  "node": "l",
                  "frag": "x",
                  "id": "P313818.l01dda",
                  "ref": "P313818.5.2",
                  "inst": "%akk-x-neobab:x=",
                  "f": {
                    "lang": "akk-x-neobab",
                    "form": "x"
                  }
                },
                {
                  "node": "l",
                  "frag": "x",
                  "id": "P313818.l01ddb",
                  "ref": "P313818.5.3",
                  "inst": "%akk-x-neobab:x=",
                  "f": {
                    "lang": "akk-x-neobab",
                    "form": "x"
                  }
                },
                {
                  "node": "l",
                  "frag": "x",
                  "id": "P313818.l01ddc",
                  "ref": "P313818.5.4",
                  "inst": "%akk-x-neobab:x=",
                  "f": {
                    "lang": "akk-x-neobab",
                    "form": "x"
                  }
                },
                {
                  "node": "l",
                  "frag": "x]+⸢x-na⸣-šu₂-ma",
                  "id": "P313818.l01ddd",
                  "ref": "P313818.5.5",
                  "inst": "%akk-x-neobab:x+x-na-šu₂-ma=",
                  "f": {
                    "lang": "akk-x-neobab",
                    "form": "x+x-na-šu₂-ma"
                  }
                },
                {
                  "node": "l",
                  "frag": "a-na",
                  "id": "P313818.l01dde",
                  "ref": "P313818.5.6",
                  "inst": "%akk-x-neobab:a-na=",
                  "f": {
                    "lang": "akk-x-neobab",
                    "form": "a-na"
                  }
                },
                {
                  "node": "l",
                  "frag": "EN",
                  "id": "P313818.l01ddf",
                  "ref": "P313818.5.7",
                  "inst": "%akk-x-neobab:EN=",
                  "f": {
                    "lang": "akk-x-neobab",
                    "form": "EN"
                  }
                },
                {
                  "node": "l",
                  "frag": "[x",
                  "id": "P313818.l01de0",
                  "ref": "P313818.5.8",
                  "inst": "%akk-x-neobab:x=",
                  "f": {
                    "lang": "akk-x-neobab",
                    "form": "x"
                  }
                },
                {
                  "node": "l",
                  "frag": "x",
                  "id": "P313818.l01de1",
                  "ref": "P313818.5.9",
                  "inst": "%akk-x-neobab:x=",
                  "f": {
                    "lang": "akk-x-neobab",
                    "form": "x"
                  }
                },
                {
                  "node": "l",
                  "frag": "x",
                  "id": "P313818.l01de2",
                  "ref": "P313818.5.10",
                  "inst": "%akk-x-neobab:x=",
                  "f": {
                    "lang": "akk-x-neobab",
                    "form": "x"
                  }
                },
                {
                  "node": "l",
                  "frag": "x",
                  "id": "P313818.l01de3",
                  "ref": "P313818.5.11",
                  "inst": "%akk-x-neobab:x=",
                  "f": {
                    "lang": "akk-x-neobab",
                    "form": "x"
                  }
                },
                {
                  "node": "l",
                  "frag": "x",
                  "id": "P313818.l01de4",
                  "ref": "P313818.5.12",
                  "inst": "%akk-x-neobab:x=",
                  "f": {
                    "lang": "akk-x-neobab",
                    "form": "x"
                  }
                },
                {
                  "node": "l",
                  "frag": "x",
                  "id": "P313818.l01de5",
                  "ref": "P313818.5.13",
                  "inst": "%akk-x-neobab:x=",
                  "f": {
                    "lang": "akk-x-neobab",
                    "form": "x"
                  }
                },
                {
                  "node": "l",
                  "frag": "x]",
                  "id": "P313818.l01de6",
                  "ref": "P313818.5.14",
                  "inst": "%akk-x-neobab:x=",
                  "f": {
                    "lang": "akk-x-neobab",
                    "form": "x"
                  }
                },
                {
                  "node": "d",
                  "type": "line-start",
                  "ref": "P313818.6",
                  "n": "4'",
                  "label": "o 4'"
                },
                {
                  "node": "l",
                  "frag": "[x",
                  "id": "P313818.l01de7",
                  "ref": "P313818.6.1",
                  "inst": "%akk-x-neobab:x=",
                  "f": {
                    "lang": "akk-x-neobab",
                    "form": "x"
                  }
                },
                {
                  "node": "l",
                  "frag": "x",
                  "id": "P313818.l01de8",
                  "ref": "P313818.6.2",
                  "inst": "%akk-x-neobab:x=",
                  "f": {
                    "lang": "akk-x-neobab",
                    "form": "x"
                  }
                },
                {
                  "node": "l",
                  "frag": "x",
                  "id": "P313818.l01de9",
                  "ref": "P313818.6.3",
                  "inst": "%akk-x-neobab:x=",
                  "f": {
                    "lang": "akk-x-neobab",
                    "form": "x"
                  }
                },
                {
                  "node": "l",
                  "frag": "x]-⸢ni⸣-ka",
                  "id": "P313818.l01dea",
                  "ref": "P313818.6.4",
                  "inst": "%akk-x-neobab:x-ni-ka=",
                  "f": {
                    "lang": "akk-x-neobab",
                    "form": "x-ni-ka"
                  }
                },
                {
                  "node": "l",
                  "frag": "LUGAL",
                  "id": "P313818.l01deb",
                  "ref": "P313818.6.5",
                  "inst": "%akk-x-neobab:LUGAL=",
                  "f": {
                    "lang": "akk-x-neobab",
                    "form": "LUGAL"
                  }
                },
                {
                  "node": "l",
                  "frag": "be-li₂",
                  "id": "P313818.l01dec",
                  "ref": "P313818.6.6",
                  "inst": "%akk-x-neobab:be-li₂=",
                  "f": {
                    "lang": "akk-x-neobab",
                    "form": "be-li₂"
                  }
                },
                {
                  "node": "l",
                  "frag": "⸢x⸣+[x",
                  "id": "P313818.l01ded",
                  "ref": "P313818.6.7",
                  "inst": "%akk-x-neobab:x+x=",
                  "f": {
                    "lang": "akk-x-neobab",
                    "form": "x+x"
                  }
                },
                {
                  "node": "l",
                  "frag": "x",
                  "id": "P313818.l01dee",
                  "ref": "P313818.6.8",
                  "inst": "%akk-x-neobab:x=",
                  "f": {
                    "lang": "akk-x-neobab",
                    "form": "x"
                  }
                },
                {
                  "node": "l",
                  "frag": "x",
                  "id": "P313818.l01def",
                  "ref": "P313818.6.9",
                  "inst": "%akk-x-neobab:x=",
                  "f": {
                    "lang": "akk-x-neobab",
                    "form": "x"
                  }
                },
                {
                  "node": "l",
                  "frag": "x",
                  "id": "P313818.l01df0",
                  "ref": "P313818.6.10",
                  "inst": "%akk-x-neobab:x=",
                  "f": {
                    "lang": "akk-x-neobab",
                    "form": "x"
                  }
                },
                {
                  "node": "l",
                  "frag": "x",
                  "id": "P313818.l01df1",
                  "ref": "P313818.6.11",
                  "inst": "%akk-x-neobab:x=",
                  "f": {
                    "lang": "akk-x-neobab",
                    "form": "x"
                  }
                },
                {
                  "node": "l",
                  "frag": "x",
                  "id": "P313818.l01df2",
                  "ref": "P313818.6.12",
                  "inst": "%akk-x-neobab:x=",
                  "f": {
                    "lang": "akk-x-neobab",
                    "form": "x"
                  }
                },
                {
                  "node": "l",
                  "frag": "x]",
                  "id": "P313818.l01df3",
                  "ref": "P313818.6.13",
                  "inst": "%akk-x-neobab:x=",
                  "f": {
                    "lang": "akk-x-neobab",
                    "form": "x"
                  }
                },
                {
                  "node": "d",
                  "type": "line-start",
                  "ref": "P313818.7",
                  "n": "5'",
                  "label": "o 5'"
                },
                {
                  "node": "l",
                  "frag": "[x",
                  "id": "P313818.l01df4",
                  "ref": "P313818.7.1",
                  "inst": "%akk-x-neobab:x=",
                  "f": {
                    "lang": "akk-x-neobab",
                    "form": "x"
                  }
                },
                {
                  "node": "l",
                  "frag": "x",
                  "id": "P313818.l01df5",
                  "ref": "P313818.7.2",
                  "inst": "%akk-x-neobab:x=",
                  "f": {
                    "lang": "akk-x-neobab",
                    "form": "x"
                  }
                },
                {
                  "node": "l",
                  "frag": "x",
                  "id": "P313818.l01df6",
                  "ref": "P313818.7.3",
                  "inst": "%akk-x-neobab:x=",
                  "f": {
                    "lang": "akk-x-neobab",
                    "form": "x"
                  }
                },
                {
                  "node": "l",
                  "frag": "x]",
                  "id": "P313818.l01df7",
                  "ref": "P313818.7.4",
                  "inst": "%akk-x-neobab:x=",
                  "f": {
                    "lang": "akk-x-neobab",
                    "form": "x"
                  }
                },
                {
                  "node": "l",
                  "frag": "lu",
                  "id": "P313818.l01df8",
                  "ref": "P313818.7.5",
                  "inst": "%akk-x-neobab:lu=",
                  "f": {
                    "lang": "akk-x-neobab",
                    "form": "lu"
                  }
                },
                {
                  "node": "l",
                  "frag": "šul-man-nu",
                  "id": "P313818.l01df9",
                  "ref": "P313818.7.6",
                  "inst": "%akk-x-neobab:šul-man-nu=",
                  "f": {
                    "lang": "akk-x-neobab",
                    "form": "šul-man-nu"
                  }
                },
                {
                  "node": "l",
                  "frag": "DUMU.MI₂-a",
                  "id": "P313818.l01dfa",
                  "ref": "P313818.7.7",
                  "inst": "%akk-x-neobab:DUMU.MI₂-a=",
                  "f": {
                    "lang": "akk-x-neobab",
                    "form": "DUMU.MI₂-a"
                  }
                },
                {
                  "node": "l",
                  "frag": "⸢lu⸣",
                  "id": "P313818.l01dfb",
                  "ref": "P313818.7.8",
                  "inst": "%akk-x-neobab:lu=",
                  "f": {
                    "lang": "akk-x-neobab",
                    "form": "lu"
                  }
                },
                {
                  "node": "l",
                  "frag": "[x",
                  "id": "P313818.l01dfc",
                  "ref": "P313818.7.9",
                  "inst": "%akk-x-neobab:x=",
                  "f": {
                    "lang": "akk-x-neobab",
                    "form": "x"
                  }
                },
                {
                  "node": "l",
                  "frag": "x",
                  "id": "P313818.l01dfd",
                  "ref": "P313818.7.10",
                  "inst": "%akk-x-neobab:x=",
                  "f": {
                    "lang": "akk-x-neobab",
                    "form": "x"
                  }
                },
                {
                  "node": "l",
                  "frag": "x",
                  "id": "P313818.l01dfe",
                  "ref": "P313818.7.11",
                  "inst": "%akk-x-neobab:x=",
                  "f": {
                    "lang": "akk-x-neobab",
                    "form": "x"
                  }
                },
                {
                  "node": "l",
                  "frag": "x",
                  "id": "P313818.l01dff",
                  "ref": "P313818.7.12",
                  "inst": "%akk-x-neobab:x=",
                  "f": {
                    "lang": "akk-x-neobab",
                    "form": "x"
                  }
                },
                {
                  "node": "l",
                  "frag": "x",
                  "id": "P313818.l01e00",
                  "ref": "P313818.7.13",
                  "inst": "%akk-x-neobab:x=",
                  "f": {
                    "lang": "akk-x-neobab",
                    "form": "x"
                  }
                },
                {
                  "node": "l",
                  "frag": "x]",
                  "id": "P313818.l01e01",
                  "ref": "P313818.7.14",
                  "inst": "%akk-x-neobab:x=",
                  "f": {
                    "lang": "akk-x-neobab",
                    "form": "x"
                  }
                },
                {
                  "node": "d",
                  "type": "line-start",
                  "ref": "P313818.8",
                  "n": "6'",
                  "label": "o 6'"
                },
                {
                  "node": "l",
                  "frag": "[x",
                  "id": "P313818.l01e02",
                  "ref": "P313818.8.1",
                  "inst": "%akk-x-neobab:x=",
                  "f": {
                    "lang": "akk-x-neobab",
                    "form": "x"
                  }
                },
                {
                  "node": "l",
                  "frag": "x",
                  "id": "P313818.l01e03",
                  "ref": "P313818.8.2",
                  "inst": "%akk-x-neobab:x=",
                  "f": {
                    "lang": "akk-x-neobab",
                    "form": "x"
                  }
                },
                {
                  "node": "l",
                  "frag": "x",
                  "id": "P313818.l01e04",
                  "ref": "P313818.8.3",
                  "inst": "%akk-x-neobab:x=",
                  "f": {
                    "lang": "akk-x-neobab",
                    "form": "x"
                  }
                },
                {
                  "node": "l",
                  "frag": "x]-ša₂",
                  "id": "P313818.l01e05",
                  "ref": "P313818.8.4",
                  "inst": "%akk-x-neobab:x-ša₂=",
                  "f": {
                    "lang": "akk-x-neobab",
                    "form": "x-ša₂"
                  }
                },
                {
                  "node": "l",
                  "frag": "il-tah-hi-ṭa",
                  "id": "P313818.l01e06",
                  "ref": "P313818.8.5",
                  "inst": "%akk-x-neobab:il-tah-hi-ṭa=",
                  "f": {
                    "lang": "akk-x-neobab",
                    "form": "il-tah-hi-ṭa"
                  }
                },
                {
                  "node": "l",
                  "frag": "lid-gu-[x",
                  "id": "P313818.l01e07",
                  "ref": "P313818.8.6",
                  "inst": "%akk-x-neobab:lid-gu-x=",
                  "f": {
                    "lang": "akk-x-neobab",
                    "form": "lid-gu-x"
                  }
                },
                {
                  "node": "l",
                  "frag": "x",
                  "id": "P313818.l01e08",
                  "ref": "P313818.8.7",
                  "inst": "%akk-x-neobab:x=",
                  "f": {
                    "lang": "akk-x-neobab",
                    "form": "x"
                  }
                },
                {
                  "node": "l",
                  "frag": "x",
                  "id": "P313818.l01e09",
                  "ref": "P313818.8.8",
                  "inst": "%akk-x-neobab:x=",
                  "f": {
                    "lang": "akk-x-neobab",
                    "form": "x"
                  }
                },
                {
                  "node": "l",
                  "frag": "x",
                  "id": "P313818.l01e0a",
                  "ref": "P313818.8.9",
                  "inst": "%akk-x-neobab:x=",
                  "f": {
                    "lang": "akk-x-neobab",
                    "form": "x"
                  }
                },
                {
                  "node": "l",
                  "frag": "x",
                  "id": "P313818.l01e0b",
                  "ref": "P313818.8.10",
                  "inst": "%akk-x-neobab:x=",
                  "f": {
                    "lang": "akk-x-neobab",
                    "form": "x"
                  }
                },
                {
                  "node": "l",
                  "frag": "x",
                  "id": "P313818.l01e0c",
                  "ref": "P313818.8.11",
                  "inst": "%akk-x-neobab:x=",
                  "f": {
                    "lang": "akk-x-neobab",
                    "form": "x"
                  }
                },
                {
                  "node": "l",
                  "frag": "x]",
                  "id": "P313818.l01e0d",
                  "ref": "P313818.8.12",
                  "inst": "%akk-x-neobab:x=",
                  "f": {
                    "lang": "akk-x-neobab",
                    "form": "x"
                  }
                },
                {
                  "node": "d",
                  "type": "line-start",
                  "ref": "P313818.9",
                  "n": "7'",
                  "label": "o 7'"
                },
                {
                  "node": "l",
                  "frag": "[x",
                  "id": "P313818.l01e0e",
                  "ref": "P313818.9.1",
                  "inst": "%akk-x-neobab:x=",
                  "f": {
                    "lang": "akk-x-neobab",
                    "form": "x"
                  }
                },
                {
                  "node": "l",
                  "frag": "x",
                  "id": "P313818.l01e0f",
                  "ref": "P313818.9.2",
                  "inst": "%akk-x-neobab:x=",
                  "f": {
                    "lang": "akk-x-neobab",
                    "form": "x"
                  }
                },
                {
                  "node": "l",
                  "frag": "x",
                  "id": "P313818.l01e10",
                  "ref": "P313818.9.3",
                  "inst": "%akk-x-neobab:x=",
                  "f": {
                    "lang": "akk-x-neobab",
                    "form": "x"
                  }
                },
                {
                  "node": "l",
                  "frag": "a]-na",
                  "id": "P313818.l01e11",
                  "ref": "P313818.9.4",
                  "inst": "%akk-x-neobab:a-na=",
                  "f": {
                    "lang": "akk-x-neobab",
                    "form": "a-na"
                  }
                },
                {
                  "node": "l",
                  "frag": "e-da-ni-ia",
                  "id": "P313818.l01e12",
                  "ref": "P313818.9.5",
                  "inst": "%akk-x-neobab:e-da-ni-ia=",
                  "f": {
                    "lang": "akk-x-neobab",
                    "form": "e-da-ni-ia"
                  }
                },
                {
                  "node": "l",
                  "frag": "⸢hab-x⸣+[x",
                  "id": "P313818.l01e13",
                  "ref": "P313818.9.6",
                  "inst": "%akk-x-neobab:hab-x+x=",
                  "f": {
                    "lang": "akk-x-neobab",
                    "form": "hab-x+x"
                  }
                },
                {
                  "node": "l",
                  "frag": "x",
                  "id": "P313818.l01e14",
                  "ref": "P313818.9.7",
                  "inst": "%akk-x-neobab:x=",
                  "f": {
                    "lang": "akk-x-neobab",
                    "form": "x"
                  }
                },
                {
                  "node": "l",
                  "frag": "x",
                  "id": "P313818.l01e15",
                  "ref": "P313818.9.8",
                  "inst": "%akk-x-neobab:x=",
                  "f": {
                    "lang": "akk-x-neobab",
                    "form": "x"
                  }
                },
                {
                  "node": "l",
                  "frag": "x",
                  "id": "P313818.l01e16",
                  "ref": "P313818.9.9",
                  "inst": "%akk-x-neobab:x=",
                  "f": {
                    "lang": "akk-x-neobab",
                    "form": "x"
                  }
                },
                {
                  "node": "l",
                  "frag": "x",
                  "id": "P313818.l01e17",
                  "ref": "P313818.9.10",
                  "inst": "%akk-x-neobab:x=",
                  "f": {
                    "lang": "akk-x-neobab",
                    "form": "x"
                  }
                },
                {
                  "node": "l",
                  "frag": "x",
                  "id": "P313818.l01e18",
                  "ref": "P313818.9.11",
                  "inst": "%akk-x-neobab:x=",
                  "f": {
                    "lang": "akk-x-neobab",
                    "form": "x"
                  }
                },
                {
                  "node": "l",
                  "frag": "x]",
                  "id": "P313818.l01e19",
                  "ref": "P313818.9.12",
                  "inst": "%akk-x-neobab:x=",
                  "f": {
                    "lang": "akk-x-neobab",
                    "form": "x"
                  }
                },
                {
                  "node": "d",
                  "subtype": "bottom",
                  "type": "bottom",
                  "ref": "P313818.b.e..10",
                  "label": "b.e."
                },
                {
                  "node": "d",
                  "type": "nonx",
                  "ref": "P313818.11",
                  "strict": "0",
                  "state": "blank"
                },
                {
                  "node": "d",
                  "subtype": "reverse",
                  "type": "reverse",
                  "ref": "P313818.r.12",
                  "label": "r"
                },
                {
                  "node": "d",
                  "type": "line-start",
                  "ref": "P313818.13",
                  "n": "1",
                  "label": "r 1"
                },
                {
                  "node": "l",
                  "frag": "[x",
                  "id": "P313818.l01e1a",
                  "ref": "P313818.13.1",
                  "inst": "%akk-x-neobab:x=",
                  "f": {
                    "lang": "akk-x-neobab",
                    "form": "x"
                  }
                },
                {
                  "node": "l",
                  "frag": "x",
                  "id": "P313818.l01e1b",
                  "ref": "P313818.13.2",
                  "inst": "%akk-x-neobab:x=",
                  "f": {
                    "lang": "akk-x-neobab",
                    "form": "x"
                  }
                },
                {
                  "node": "l",
                  "frag": "x",
                  "id": "P313818.l01e1c",
                  "ref": "P313818.13.3",
                  "inst": "%akk-x-neobab:x=",
                  "f": {
                    "lang": "akk-x-neobab",
                    "form": "x"
                  }
                },
                {
                  "node": "l",
                  "frag": "x]+⸢x⸣",
                  "id": "P313818.l01e1d",
                  "ref": "P313818.13.4",
                  "inst": "%akk-x-neobab:x+x=",
                  "f": {
                    "lang": "akk-x-neobab",
                    "form": "x+x"
                  }
                },
                {
                  "node": "l",
                  "frag": "[x",
                  "id": "P313818.l01e1e",
                  "ref": "P313818.13.5",
                  "inst": "%akk-x-neobab:x=",
                  "f": {
                    "lang": "akk-x-neobab",
                    "form": "x"
                  }
                },
                {
                  "node": "l",
                  "frag": "x",
                  "id": "P313818.l01e1f",
                  "ref": "P313818.13.6",
                  "inst": "%akk-x-neobab:x=",
                  "f": {
                    "lang": "akk-x-neobab",
                    "form": "x"
                  }
                },
                {
                  "node": "l",
                  "frag": "x",
                  "id": "P313818.l01e20",
                  "ref": "P313818.13.7",
                  "inst": "%akk-x-neobab:x=",
                  "f": {
                    "lang": "akk-x-neobab",
                    "form": "x"
                  }
                },
                {
                  "node": "l",
                  "frag": "x",
                  "id": "P313818.l01e21",
                  "ref": "P313818.13.8",
                  "inst": "%akk-x-neobab:x=",
                  "f": {
                    "lang": "akk-x-neobab",
                    "form": "x"
                  }
                },
                {
                  "node": "l",
                  "frag": "x",
                  "id": "P313818.l01e22",
                  "ref": "P313818.13.9",
                  "inst": "%akk-x-neobab:x=",
                  "f": {
                    "lang": "akk-x-neobab",
                    "form": "x"
                  }
                },
                {
                  "node": "l",
                  "frag": "x",
                  "id": "P313818.l01e23",
                  "ref": "P313818.13.10",
                  "inst": "%akk-x-neobab:x=",
                  "f": {
                    "lang": "akk-x-neobab",
                    "form": "x"
                  }
                },
                {
                  "node": "l",
                  "frag": "x",
                  "id": "P313818.l01e24",
                  "ref": "P313818.13.11",
                  "inst": "%akk-x-neobab:x=",
                  "f": {
                    "lang": "akk-x-neobab",
                    "form": "x"
                  }
                },
                {
                  "node": "l",
                  "frag": "x",
                  "id": "P313818.l01e25",
                  "ref": "P313818.13.12",
                  "inst": "%akk-x-neobab:x=",
                  "f": {
                    "lang": "akk-x-neobab",
                    "form": "x"
                  }
                },
                {
                  "node": "l",
                  "frag": "x",
                  "id": "P313818.l01e26",
                  "ref": "P313818.13.13",
                  "inst": "%akk-x-neobab:x=",
                  "f": {
                    "lang": "akk-x-neobab",
                    "form": "x"
                  }
                },
                {
                  "node": "l",
                  "frag": "x",
                  "id": "P313818.l01e27",
                  "ref": "P313818.13.14",
                  "inst": "%akk-x-neobab:x=",
                  "f": {
                    "lang": "akk-x-neobab",
                    "form": "x"
                  }
                },
                {
                  "node": "l",
                  "frag": "x",
                  "id": "P313818.l01e28",
                  "ref": "P313818.13.15",
                  "inst": "%akk-x-neobab:x=",
                  "f": {
                    "lang": "akk-x-neobab",
                    "form": "x"
                  }
                },
                {
                  "node": "l",
                  "frag": "x]",
                  "id": "P313818.l01e29",
                  "ref": "P313818.13.16",
                  "inst": "%akk-x-neobab:x=",
                  "f": {
                    "lang": "akk-x-neobab",
                    "form": "x"
                  }
                },
                {
                  "node": "d",
                  "type": "line-start",
                  "ref": "P313818.14",
                  "n": "2",
                  "label": "r 2"
                },
                {
                  "node": "l",
                  "frag": "[x",
                  "id": "P313818.l01e2a",
                  "ref": "P313818.14.1",
                  "inst": "%akk-x-neobab:x=",
                  "f": {
                    "lang": "akk-x-neobab",
                    "form": "x"
                  }
                },
                {
                  "node": "l",
                  "frag": "x",
                  "id": "P313818.l01e2b",
                  "ref": "P313818.14.2",
                  "inst": "%akk-x-neobab:x=",
                  "f": {
                    "lang": "akk-x-neobab",
                    "form": "x"
                  }
                },
                {
                  "node": "l",
                  "frag": "x",
                  "id": "P313818.l01e2c",
                  "ref": "P313818.14.3",
                  "inst": "%akk-x-neobab:x=",
                  "f": {
                    "lang": "akk-x-neobab",
                    "form": "x"
                  }
                },
                {
                  "node": "l",
                  "frag": "x]",
                  "id": "P313818.l01e2d",
                  "ref": "P313818.14.4",
                  "inst": "%akk-x-neobab:x=",
                  "f": {
                    "lang": "akk-x-neobab",
                    "form": "x"
                  }
                },
                {
                  "node": "l",
                  "frag": "ku-ru-⸢ub⸣",
                  "id": "P313818.l01e2e",
                  "ref": "P313818.14.5",
                  "inst": "%akk-x-neobab:ku-ru-ub=",
                  "f": {
                    "lang": "akk-x-neobab",
                    "form": "ku-ru-ub"
                  }
                },
                {
                  "node": "l",
                  "frag": "[x",
                  "id": "P313818.l01e2f",
                  "ref": "P313818.14.6",
                  "inst": "%akk-x-neobab:x=",
                  "f": {
                    "lang": "akk-x-neobab",
                    "form": "x"
                  }
                },
                {
                  "node": "l",
                  "frag": "x",
                  "id": "P313818.l01e30",
                  "ref": "P313818.14.7",
                  "inst": "%akk-x-neobab:x=",
                  "f": {
                    "lang": "akk-x-neobab",
                    "form": "x"
                  }
                },
                {
                  "node": "l",
                  "frag": "x",
                  "id": "P313818.l01e31",
                  "ref": "P313818.14.8",
                  "inst": "%akk-x-neobab:x=",
                  "f": {
                    "lang": "akk-x-neobab",
                    "form": "x"
                  }
                },
                {
                  "node": "l",
                  "frag": "x",
                  "id": "P313818.l01e32",
                  "ref": "P313818.14.9",
                  "inst": "%akk-x-neobab:x=",
                  "f": {
                    "lang": "akk-x-neobab",
                    "form": "x"
                  }
                },
                {
                  "node": "l",
                  "frag": "x",
                  "id": "P313818.l01e33",
                  "ref": "P313818.14.10",
                  "inst": "%akk-x-neobab:x=",
                  "f": {
                    "lang": "akk-x-neobab",
                    "form": "x"
                  }
                },
                {
                  "node": "l",
                  "frag": "x",
                  "id": "P313818.l01e34",
                  "ref": "P313818.14.11",
                  "inst": "%akk-x-neobab:x=",
                  "f": {
                    "lang": "akk-x-neobab",
                    "form": "x"
                  }
                },
                {
                  "node": "l",
                  "frag": "x",
                  "id": "P313818.l01e35",
                  "ref": "P313818.14.12",
                  "inst": "%akk-x-neobab:x=",
                  "f": {
                    "lang": "akk-x-neobab",
                    "form": "x"
                  }
                },
                {
                  "node": "l",
                  "frag": "x",
                  "id": "P313818.l01e36",
                  "ref": "P313818.14.13",
                  "inst": "%akk-x-neobab:x=",
                  "f": {
                    "lang": "akk-x-neobab",
                    "form": "x"
                  }
                },
                {
                  "node": "l",
                  "frag": "x",
                  "id": "P313818.l01e37",
                  "ref": "P313818.14.14",
                  "inst": "%akk-x-neobab:x=",
                  "f": {
                    "lang": "akk-x-neobab",
                    "form": "x"
                  }
                },
                {
                  "node": "l",
                  "frag": "x",
                  "id": "P313818.l01e38",
                  "ref": "P313818.14.15",
                  "inst": "%akk-x-neobab:x=",
                  "f": {
                    "lang": "akk-x-neobab",
                    "form": "x"
                  }
                },
                {
                  "node": "l",
                  "frag": "x",
                  "id": "P313818.l01e39",
                  "ref": "P313818.14.16",
                  "inst": "%akk-x-neobab:x=",
                  "f": {
                    "lang": "akk-x-neobab",
                    "form": "x"
                  }
                },
                {
                  "node": "l",
                  "frag": "x]",
                  "id": "P313818.l01e3a",
                  "ref": "P313818.14.17",
                  "inst": "%akk-x-neobab:x=",
                  "f": {
                    "lang": "akk-x-neobab",
                    "form": "x"
                  }
                },
                {
                  "node": "d",
                  "type": "line-start",
                  "ref": "P313818.15",
                  "n": "3",
                  "label": "r 3"
                },
                {
                  "node": "l",
                  "frag": "[x",
                  "id": "P313818.l01e3b",
                  "ref": "P313818.15.1",
                  "inst": "%akk-x-neobab:x=",
                  "f": {
                    "lang": "akk-x-neobab",
                    "form": "x"
                  }
                },
                {
                  "node": "l",
                  "frag": "x",
                  "id": "P313818.l01e3c",
                  "ref": "P313818.15.2",
                  "inst": "%akk-x-neobab:x=",
                  "f": {
                    "lang": "akk-x-neobab",
                    "form": "x"
                  }
                },
                {
                  "node": "l",
                  "frag": "an-nu]-⸢rig⸣",
                  "id": "P313818.l01e3d",
                  "ref": "P313818.15.3",
                  "inst": "%akk-x-neobab:an-nu-rig=",
                  "f": {
                    "lang": "akk-x-neobab",
                    "form": "an-nu-rig"
                  }
                },
                {
                  "node": "l",
                  "frag": "tu₂-u-ra",
                  "id": "P313818.l01e3e",
                  "ref": "P313818.15.4",
                  "inst": "%akk-x-neobab:tu₂-u-ra=",
                  "f": {
                    "lang": "akk-x-neobab",
                    "form": "tu₂-u-ra"
                  }
                },
                {
                  "node": "l",
                  "frag": "⸢x⸣+[x",
                  "id": "P313818.l01e3f",
                  "ref": "P313818.15.5",
                  "inst": "%akk-x-neobab:x+x=",
                  "f": {
                    "lang": "akk-x-neobab",
                    "form": "x+x"
                  }
                },
                {
                  "node": "l",
                  "frag": "x",
                  "id": "P313818.l01e40",
                  "ref": "P313818.15.6",
                  "inst": "%akk-x-neobab:x=",
                  "f": {
                    "lang": "akk-x-neobab",
                    "form": "x"
                  }
                },
                {
                  "node": "l",
                  "frag": "x",
                  "id": "P313818.l01e41",
                  "ref": "P313818.15.7",
                  "inst": "%akk-x-neobab:x=",
                  "f": {
                    "lang": "akk-x-neobab",
                    "form": "x"
                  }
                },
                {
                  "node": "l",
                  "frag": "x",
                  "id": "P313818.l01e42",
                  "ref": "P313818.15.8",
                  "inst": "%akk-x-neobab:x=",
                  "f": {
                    "lang": "akk-x-neobab",
                    "form": "x"
                  }
                },
                {
                  "node": "l",
                  "frag": "x",
                  "id": "P313818.l01e43",
                  "ref": "P313818.15.9",
                  "inst": "%akk-x-neobab:x=",
                  "f": {
                    "lang": "akk-x-neobab",
                    "form": "x"
                  }
                },
                {
                  "node": "l",
                  "frag": "x",
                  "id": "P313818.l01e44",
                  "ref": "P313818.15.10",
                  "inst": "%akk-x-neobab:x=",
                  "f": {
                    "lang": "akk-x-neobab",
                    "form": "x"
                  }
                },
                {
                  "node": "l",
                  "frag": "x",
                  "id": "P313818.l01e45",
                  "ref": "P313818.15.11",
                  "inst": "%akk-x-neobab:x=",
                  "f": {
                    "lang": "akk-x-neobab",
                    "form": "x"
                  }
                },
                {
                  "node": "l",
                  "frag": "x",
                  "id": "P313818.l01e46",
                  "ref": "P313818.15.12",
                  "inst": "%akk-x-neobab:x=",
                  "f": {
                    "lang": "akk-x-neobab",
                    "form": "x"
                  }
                },
                {
                  "node": "l",
                  "frag": "x]",
                  "id": "P313818.l01e47",
                  "ref": "P313818.15.13",
                  "inst": "%akk-x-neobab:x=",
                  "f": {
                    "lang": "akk-x-neobab",
                    "form": "x"
                  }
                },
                {
                  "node": "d",
                  "type": "line-start",
                  "ref": "P313818.16",
                  "n": "4",
                  "label": "r 4"
                },
                {
                  "node": "l",
                  "frag": "[x",
                  "id": "P313818.l01e48",
                  "ref": "P313818.16.1",
                  "inst": "%akk-x-neobab:x=",
                  "f": {
                    "lang": "akk-x-neobab",
                    "form": "x"
                  }
                },
                {
                  "node": "l",
                  "frag": "x",
                  "id": "P313818.l01e49",
                  "ref": "P313818.16.2",
                  "inst": "%akk-x-neobab:x=",
                  "f": {
                    "lang": "akk-x-neobab",
                    "form": "x"
                  }
                },
                {
                  "node": "l",
                  "frag": "x",
                  "id": "P313818.l01e4a",
                  "ref": "P313818.16.3",
                  "inst": "%akk-x-neobab:x=",
                  "f": {
                    "lang": "akk-x-neobab",
                    "form": "x"
                  }
                },
                {
                  "node": "l",
                  "frag": "x]+⸢x⸣-MEŠ-ni-ni",
                  "id": "P313818.l01e4b",
                  "ref": "P313818.16.4",
                  "inst": "%akk-x-neobab:x+x-MEŠ-ni-ni=",
                  "f": {
                    "lang": "akk-x-neobab",
                    "form": "x+x-MEŠ-ni-ni"
                  }
                },
                {
                  "node": "l",
                  "frag": "ina",
                  "id": "P313818.l01e4c",
                  "ref": "P313818.16.5",
                  "inst": "%akk-x-neobab:ina=",
                  "f": {
                    "lang": "akk-x-neobab",
                    "form": "ina"
                  }
                },
                {
                  "node": "l",
                  "frag": "za-[x",
                  "id": "P313818.l01e4d",
                  "ref": "P313818.16.6",
                  "inst": "%akk-x-neobab:za-x=",
                  "f": {
                    "lang": "akk-x-neobab",
                    "form": "za-x"
                  }
                },
                {
                  "node": "l",
                  "frag": "x",
                  "id": "P313818.l01e4e",
                  "ref": "P313818.16.7",
                  "inst": "%akk-x-neobab:x=",
                  "f": {
                    "lang": "akk-x-neobab",
                    "form": "x"
                  }
                },
                {
                  "node": "l",
                  "frag": "x",
                  "id": "P313818.l01e4f",
                  "ref": "P313818.16.8",
                  "inst": "%akk-x-neobab:x=",
                  "f": {
                    "lang": "akk-x-neobab",
                    "form": "x"
                  }
                },
                {
                  "node": "l",
                  "frag": "x",
                  "id": "P313818.l01e50",
                  "ref": "P313818.16.9",
                  "inst": "%akk-x-neobab:x=",
                  "f": {
                    "lang": "akk-x-neobab",
                    "form": "x"
                  }
                },
                {
                  "node": "l",
                  "frag": "x",
                  "id": "P313818.l01e51",
                  "ref": "P313818.16.10",
                  "inst": "%akk-x-neobab:x=",
                  "f": {
                    "lang": "akk-x-neobab",
                    "form": "x"
                  }
                },
                {
                  "node": "l",
                  "frag": "x",
                  "id": "P313818.l01e52",
                  "ref": "P313818.16.11",
                  "inst": "%akk-x-neobab:x=",
                  "f": {
                    "lang": "akk-x-neobab",
                    "form": "x"
                  }
                },
                {
                  "node": "l",
                  "frag": "x",
                  "id": "P313818.l01e53",
                  "ref": "P313818.16.12",
                  "inst": "%akk-x-neobab:x=",
                  "f": {
                    "lang": "akk-x-neobab",
                    "form": "x"
                  }
                },
                {
                  "node": "l",
                  "frag": "x",
                  "id": "P313818.l01e54",
                  "ref": "P313818.16.13",
                  "inst": "%akk-x-neobab:x=",
                  "f": {
                    "lang": "akk-x-neobab",
                    "form": "x"
                  }
                },
                {
                  "node": "l",
                  "frag": "x]",
                  "id": "P313818.l01e55",
                  "ref": "P313818.16.14",
                  "inst": "%akk-x-neobab:x=",
                  "f": {
                    "lang": "akk-x-neobab",
                    "form": "x"
                  }
                },
                {
                  "node": "d",
                  "type": "line-start",
                  "ref": "P313818.17",
                  "n": "5",
                  "label": "r 5"
                },
                {
                  "node": "l",
                  "frag": "[x",
                  "id": "P313818.l01e56",
                  "ref": "P313818.17.1",
                  "inst": "%akk-x-neobab:x=",
                  "f": {
                    "lang": "akk-x-neobab",
                    "form": "x"
                  }
                },
                {
                  "node": "l",
                  "frag": "x",
                  "id": "P313818.l01e57",
                  "ref": "P313818.17.2",
                  "inst": "%akk-x-neobab:x=",
                  "f": {
                    "lang": "akk-x-neobab",
                    "form": "x"
                  }
                },
                {
                  "node": "l",
                  "frag": "x]-⸢du⸣",
                  "id": "P313818.l01e58",
                  "ref": "P313818.17.3",
                  "inst": "%akk-x-neobab:x-du=",
                  "f": {
                    "lang": "akk-x-neobab",
                    "form": "x-du"
                  }
                },
                {
                  "node": "l",
                  "frag": "ta-du-ku",
                  "id": "P313818.l01e59",
                  "ref": "P313818.17.4",
                  "inst": "%akk-x-neobab:ta-du-ku=",
                  "f": {
                    "lang": "akk-x-neobab",
                    "form": "ta-du-ku"
                  }
                },
                {
                  "node": "l",
                  "frag": "ku-ru-⸢ub⸣",
                  "id": "P313818.l01e5a",
                  "ref": "P313818.17.5",
                  "inst": "%akk-x-neobab:ku-ru-ub=",
                  "f": {
                    "lang": "akk-x-neobab",
                    "form": "ku-ru-ub"
                  }
                },
                {
                  "node": "l",
                  "frag": "[x",
                  "id": "P313818.l01e5b",
                  "ref": "P313818.17.6",
                  "inst": "%akk-x-neobab:x=",
                  "f": {
                    "lang": "akk-x-neobab",
                    "form": "x"
                  }
                },
                {
                  "node": "l",
                  "frag": "x",
                  "id": "P313818.l01e5c",
                  "ref": "P313818.17.7",
                  "inst": "%akk-x-neobab:x=",
                  "f": {
                    "lang": "akk-x-neobab",
                    "form": "x"
                  }
                },
                {
                  "node": "l",
                  "frag": "x",
                  "id": "P313818.l01e5d",
                  "ref": "P313818.17.8",
                  "inst": "%akk-x-neobab:x=",
                  "f": {
                    "lang": "akk-x-neobab",
                    "form": "x"
                  }
                },
                {
                  "node": "l",
                  "frag": "x",
                  "id": "P313818.l01e5e",
                  "ref": "P313818.17.9",
                  "inst": "%akk-x-neobab:x=",
                  "f": {
                    "lang": "akk-x-neobab",
                    "form": "x"
                  }
                },
                {
                  "node": "l",
                  "frag": "x",
                  "id": "P313818.l01e5f",
                  "ref": "P313818.17.10",
                  "inst": "%akk-x-neobab:x=",
                  "f": {
                    "lang": "akk-x-neobab",
                    "form": "x"
                  }
                },
                {
                  "node": "l",
                  "frag": "x",
                  "id": "P313818.l01e60",
                  "ref": "P313818.17.11",
                  "inst": "%akk-x-neobab:x=",
                  "f": {
                    "lang": "akk-x-neobab",
                    "form": "x"
                  }
                },
                {
                  "node": "l",
                  "frag": "x]",
                  "id": "P313818.l01e61",
                  "ref": "P313818.17.12",
                  "inst": "%akk-x-neobab:x=",
                  "f": {
                    "lang": "akk-x-neobab",
                    "form": "x"
                  }
                },
                {
                  "node": "d",
                  "type": "line-start",
                  "ref": "P313818.18",
                  "n": "6",
                  "label": "r 6"
                },
                {
                  "node": "l",
                  "frag": "[x",
                  "id": "P313818.l01e62",
                  "ref": "P313818.18.1",
                  "inst": "%akk-x-neobab:x=",
                  "f": {
                    "lang": "akk-x-neobab",
                    "form": "x"
                  }
                },
                {
                  "node": "l",
                  "frag": "x",
                  "id": "P313818.l01e63",
                  "ref": "P313818.18.2",
                  "inst": "%akk-x-neobab:x=",
                  "f": {
                    "lang": "akk-x-neobab",
                    "form": "x"
                  }
                },
                {
                  "node": "l",
                  "frag": "x",
                  "id": "P313818.l01e64",
                  "ref": "P313818.18.3",
                  "inst": "%akk-x-neobab:x=",
                  "f": {
                    "lang": "akk-x-neobab",
                    "form": "x"
                  }
                },
                {
                  "node": "l",
                  "frag": "x]",
                  "id": "P313818.l01e65",
                  "ref": "P313818.18.4",
                  "inst": "%akk-x-neobab:x=",
                  "f": {
                    "lang": "akk-x-neobab",
                    "form": "x"
                  }
                },
                {
                  "node": "l",
                  "frag": "⸢u₂⸣-ša₂-e",
                  "id": "P313818.l01e66",
                  "ref": "P313818.18.5",
                  "inst": "%akk-x-neobab:u₂-ša₂-e=",
                  "f": {
                    "lang": "akk-x-neobab",
                    "form": "u₂-ša₂-e"
                  }
                },
                {
                  "node": "l",
                  "frag": "ri-ha-at",
                  "id": "P313818.l01e67",
                  "ref": "P313818.18.6",
                  "inst": "%akk-x-neobab:ri-ha-at=",
                  "f": {
                    "lang": "akk-x-neobab",
                    "form": "ri-ha-at"
                  }
                },
                {
                  "node": "l",
                  "frag": "[x",
                  "id": "P313818.l01e68",
                  "ref": "P313818.18.7",
                  "inst": "%akk-x-neobab:x=",
                  "f": {
                    "lang": "akk-x-neobab",
                    "form": "x"
                  }
                },
                {
                  "node": "l",
                  "frag": "x",
                  "id": "P313818.l01e69",
                  "ref": "P313818.18.8",
                  "inst": "%akk-x-neobab:x=",
                  "f": {
                    "lang": "akk-x-neobab",
                    "form": "x"
                  }
                },
                {
                  "node": "l",
                  "frag": "x",
                  "id": "P313818.l01e6a",
                  "ref": "P313818.18.9",
                  "inst": "%akk-x-neobab:x=",
                  "f": {
                    "lang": "akk-x-neobab",
                    "form": "x"
                  }
                },
                {
                  "node": "l",
                  "frag": "x",
                  "id": "P313818.l01e6b",
                  "ref": "P313818.18.10",
                  "inst": "%akk-x-neobab:x=",
                  "f": {
                    "lang": "akk-x-neobab",
                    "form": "x"
                  }
                },
                {
                  "node": "l",
                  "frag": "x",
                  "id": "P313818.l01e6c",
                  "ref": "P313818.18.11",
                  "inst": "%akk-x-neobab:x=",
                  "f": {
                    "lang": "akk-x-neobab",
                    "form": "x"
                  }
                },
                {
                  "node": "l",
                  "frag": "x",
                  "id": "P313818.l01e6d",
                  "ref": "P313818.18.12",
                  "inst": "%akk-x-neobab:x=",
                  "f": {
                    "lang": "akk-x-neobab",
                    "form": "x"
                  }
                },
                {
                  "node": "l",
                  "frag": "x]",
                  "id": "P313818.l01e6e",
                  "ref": "P313818.18.13",
                  "inst": "%akk-x-neobab:x=",
                  "f": {
                    "lang": "akk-x-neobab",
                    "form": "x"
                  }
                },
                {
                  "node": "d",
                  "type": "line-start",
                  "ref": "P313818.19",
                  "n": "7",
                  "label": "r 7"
                },
                {
                  "node": "l",
                  "frag": "[x",
                  "id": "P313818.l01e6f",
                  "ref": "P313818.19.1",
                  "inst": "%akk-x-neobab:x=",
                  "f": {
                    "lang": "akk-x-neobab",
                    "form": "x"
                  }
                },
                {
                  "node": "l",
                  "frag": "x",
                  "id": "P313818.l01e70",
                  "ref": "P313818.19.2",
                  "inst": "%akk-x-neobab:x=",
                  "f": {
                    "lang": "akk-x-neobab",
                    "form": "x"
                  }
                },
                {
                  "node": "l",
                  "frag": "x",
                  "id": "P313818.l01e71",
                  "ref": "P313818.19.3",
                  "inst": "%akk-x-neobab:x=",
                  "f": {
                    "lang": "akk-x-neobab",
                    "form": "x"
                  }
                },
                {
                  "node": "l",
                  "frag": "x",
                  "id": "P313818.l01e72",
                  "ref": "P313818.19.4",
                  "inst": "%akk-x-neobab:x=",
                  "f": {
                    "lang": "akk-x-neobab",
                    "form": "x"
                  }
                },
                {
                  "node": "l",
                  "frag": "x]+⸢x⸣-as-si-ma",
                  "id": "P313818.l01e73",
                  "ref": "P313818.19.5",
                  "inst": "%akk-x-neobab:x+x-as-si-ma=",
                  "f": {
                    "lang": "akk-x-neobab",
                    "form": "x+x-as-si-ma"
                  }
                },
                {
                  "node": "l",
                  "frag": "a-na",
                  "id": "P313818.l01e74",
                  "ref": "P313818.19.6",
                  "inst": "%akk-x-neobab:a-na=",
                  "f": {
                    "lang": "akk-x-neobab",
                    "form": "a-na"
                  }
                },
                {
                  "node": "l",
                  "frag": "[x",
                  "id": "P313818.l01e75",
                  "ref": "P313818.19.7",
                  "inst": "%akk-x-neobab:x=",
                  "f": {
                    "lang": "akk-x-neobab",
                    "form": "x"
                  }
                },
                {
                  "node": "l",
                  "frag": "x",
                  "id": "P313818.l01e76",
                  "ref": "P313818.19.8",
                  "inst": "%akk-x-neobab:x=",
                  "f": {
                    "lang": "akk-x-neobab",
                    "form": "x"
                  }
                },
                {
                  "node": "l",
                  "frag": "x",
                  "id": "P313818.l01e77",
                  "ref": "P313818.19.9",
                  "inst": "%akk-x-neobab:x=",
                  "f": {
                    "lang": "akk-x-neobab",
                    "form": "x"
                  }
                },
                {
                  "node": "l",
                  "frag": "x",
                  "id": "P313818.l01e78",
                  "ref": "P313818.19.10",
                  "inst": "%akk-x-neobab:x=",
                  "f": {
                    "lang": "akk-x-neobab",
                    "form": "x"
                  }
                },
                {
                  "node": "l",
                  "frag": "x",
                  "id": "P313818.l01e79",
                  "ref": "P313818.19.11",
                  "inst": "%akk-x-neobab:x=",
                  "f": {
                    "lang": "akk-x-neobab",
                    "form": "x"
                  }
                },
                {
                  "node": "l",
                  "frag": "x",
                  "id": "P313818.l01e7a",
                  "ref": "P313818.19.12",
                  "inst": "%akk-x-neobab:x=",
                  "f": {
                    "lang": "akk-x-neobab",
                    "form": "x"
                  }
                },
                {
                  "node": "l",
                  "frag": "x]",
                  "id": "P313818.l01e7b",
                  "ref": "P313818.19.13",
                  "inst": "%akk-x-neobab:x=",
                  "f": {
                    "lang": "akk-x-neobab",
                    "form": "x"
                  }
                },
                {
                  "node": "d",
                  "type": "line-start",
                  "ref": "P313818.20",
                  "n": "8",
                  "label": "r 8"
                },
                {
                  "node": "l",
                  "frag": "[x",
                  "id": "P313818.l01e7c",
                  "ref": "P313818.20.1",
                  "inst": "%akk-x-neobab:x=",
                  "f": {
                    "lang": "akk-x-neobab",
                    "form": "x"
                  }
                },
                {
                  "node": "l",
                  "frag": "x",
                  "id": "P313818.l01e7d",
                  "ref": "P313818.20.2",
                  "inst": "%akk-x-neobab:x=",
                  "f": {
                    "lang": "akk-x-neobab",
                    "form": "x"
                  }
                },
                {
                  "node": "l",
                  "frag": "x",
                  "id": "P313818.l01e7e",
                  "ref": "P313818.20.3",
                  "inst": "%akk-x-neobab:x=",
                  "f": {
                    "lang": "akk-x-neobab",
                    "form": "x"
                  }
                },
                {
                  "node": "l",
                  "frag": "x",
                  "id": "P313818.l01e7f",
                  "ref": "P313818.20.4",
                  "inst": "%akk-x-neobab:x=",
                  "f": {
                    "lang": "akk-x-neobab",
                    "form": "x"
                  }
                },
                {
                  "node": "l",
                  "frag": "x]",
                  "id": "P313818.l01e80",
                  "ref": "P313818.20.5",
                  "inst": "%akk-x-neobab:x=",
                  "f": {
                    "lang": "akk-x-neobab",
                    "form": "x"
                  }
                },
                {
                  "node": "l",
                  "frag": "⸢ZI⸣-MEŠ",
                  "id": "P313818.l01e81",
                  "ref": "P313818.20.6",
                  "inst": "%akk-x-neobab:ZI-MEŠ=",
                  "f": {
                    "lang": "akk-x-neobab",
                    "form": "ZI-MEŠ"
                  }
                },
                {
                  "node": "l",
                  "frag": "LUGAL",
                  "id": "P313818.l01e82",
                  "ref": "P313818.20.7",
                  "inst": "%akk-x-neobab:LUGAL=",
                  "f": {
                    "lang": "akk-x-neobab",
                    "form": "LUGAL"
                  }
                },
                {
                  "node": "l",
                  "frag": "{kur}[x",
                  "id": "P313818.l01e83",
                  "ref": "P313818.20.8",
                  "inst": "%akk-x-neobab:{KUR}x=",
                  "f": {
                    "lang": "akk-x-neobab",
                    "form": "{KUR}x"
                  }
                },
                {
                  "node": "l",
                  "frag": "x",
                  "id": "P313818.l01e84",
                  "ref": "P313818.20.9",
                  "inst": "%akk-x-neobab:x=",
                  "f": {
                    "lang": "akk-x-neobab",
                    "form": "x"
                  }
                },
                {
                  "node": "l",
                  "frag": "x",
                  "id": "P313818.l01e85",
                  "ref": "P313818.20.10",
                  "inst": "%akk-x-neobab:x=",
                  "f": {
                    "lang": "akk-x-neobab",
                    "form": "x"
                  }
                },
                {
                  "node": "l",
                  "frag": "x",
                  "id": "P313818.l01e86",
                  "ref": "P313818.20.11",
                  "inst": "%akk-x-neobab:x=",
                  "f": {
                    "lang": "akk-x-neobab",
                    "form": "x"
                  }
                },
                {
                  "node": "l",
                  "frag": "x",
                  "id": "P313818.l01e87",
                  "ref": "P313818.20.12",
                  "inst": "%akk-x-neobab:x=",
                  "f": {
                    "lang": "akk-x-neobab",
                    "form": "x"
                  }
                },
                {
                  "node": "l",
                  "frag": "x",
                  "id": "P313818.l01e88",
                  "ref": "P313818.20.13",
                  "inst": "%akk-x-neobab:x=",
                  "f": {
                    "lang": "akk-x-neobab",
                    "form": "x"
                  }
                },
                {
                  "node": "l",
                  "frag": "x]",
                  "id": "P313818.l01e89",
                  "ref": "P313818.20.14",
                  "inst": "%akk-x-neobab:x=",
                  "f": {
                    "lang": "akk-x-neobab",
                    "form": "x"
                  }
                },
                {
                  "node": "d",
                  "type": "line-start",
                  "ref": "P313818.21",
                  "n": "9",
                  "label": "r 9"
                },
                {
                  "node": "l",
                  "frag": "[x",
                  "id": "P313818.l01e8a",
                  "ref": "P313818.21.1",
                  "inst": "%akk-x-neobab:x=",
                  "f": {
                    "lang": "akk-x-neobab",
                    "form": "x"
                  }
                },
                {
                  "node": "l",
                  "frag": "x",
                  "id": "P313818.l01e8b",
                  "ref": "P313818.21.2",
                  "inst": "%akk-x-neobab:x=",
                  "f": {
                    "lang": "akk-x-neobab",
                    "form": "x"
                  }
                },
                {
                  "node": "l",
                  "frag": "x",
                  "id": "P313818.l01e8c",
                  "ref": "P313818.21.3",
                  "inst": "%akk-x-neobab:x=",
                  "f": {
                    "lang": "akk-x-neobab",
                    "form": "x"
                  }
                },
                {
                  "node": "l",
                  "frag": "x",
                  "id": "P313818.l01e8d",
                  "ref": "P313818.21.4",
                  "inst": "%akk-x-neobab:x=",
                  "f": {
                    "lang": "akk-x-neobab",
                    "form": "x"
                  }
                },
                {
                  "node": "l",
                  "frag": "x",
                  "id": "P313818.l01e8e",
                  "ref": "P313818.21.5",
                  "inst": "%akk-x-neobab:x=",
                  "f": {
                    "lang": "akk-x-neobab",
                    "form": "x"
                  }
                },
                {
                  "node": "l",
                  "frag": "x",
                  "id": "P313818.l01e8f",
                  "ref": "P313818.21.6",
                  "inst": "%akk-x-neobab:x=",
                  "f": {
                    "lang": "akk-x-neobab",
                    "form": "x"
                  }
                },
                {
                  "node": "l",
                  "frag": "x",
                  "id": "P313818.l01e90",
                  "ref": "P313818.21.7",
                  "inst": "%akk-x-neobab:x=",
                  "f": {
                    "lang": "akk-x-neobab",
                    "form": "x"
                  }
                },
                {
                  "node": "l",
                  "frag": "x",
                  "id": "P313818.l01e91",
                  "ref": "P313818.21.8",
                  "inst": "%akk-x-neobab:x=",
                  "f": {
                    "lang": "akk-x-neobab",
                    "form": "x"
                  }
                },
                {
                  "node": "l",
                  "frag": "x]",
                  "id": "P313818.l01e92",
                  "ref": "P313818.21.9",
                  "inst": "%akk-x-neobab:x=",
                  "f": {
                    "lang": "akk-x-neobab",
                    "form": "x"
                  }
                },
                {
                  "node": "l",
                  "frag": "⸢x⸣",
                  "id": "P313818.l01e93",
                  "ref": "P313818.21.10",
                  "inst": "%akk-x-neobab:x=",
                  "f": {
                    "lang": "akk-x-neobab",
                    "form": "x"
                  }
                },
                {
                  "node": "l",
                  "frag": "[x",
                  "id": "P313818.l01e94",
                  "ref": "P313818.21.11",
                  "inst": "%akk-x-neobab:x=",
                  "f": {
                    "lang": "akk-x-neobab",
                    "form": "x"
                  }
                },
                {
                  "node": "l",
                  "frag": "x",
                  "id": "P313818.l01e95",
                  "ref": "P313818.21.12",
                  "inst": "%akk-x-neobab:x=",
                  "f": {
                    "lang": "akk-x-neobab",
                    "form": "x"
                  }
                },
                {
                  "node": "l",
                  "frag": "x",
                  "id": "P313818.l01e96",
                  "ref": "P313818.21.13",
                  "inst": "%akk-x-neobab:x=",
                  "f": {
                    "lang": "akk-x-neobab",
                    "form": "x"
                  }
                },
                {
                  "node": "l",
                  "frag": "x",
                  "id": "P313818.l01e97",
                  "ref": "P313818.21.14",
                  "inst": "%akk-x-neobab:x=",
                  "f": {
                    "lang": "akk-x-neobab",
                    "form": "x"
                  }
                },
                {
                  "node": "l",
                  "frag": "x",
                  "id": "P313818.l01e98",
                  "ref": "P313818.21.15",
                  "inst": "%akk-x-neobab:x=",
                  "f": {
                    "lang": "akk-x-neobab",
                    "form": "x"
                  }
                },
                {
                  "node": "l",
                  "frag": "x",
                  "id": "P313818.l01e99",
                  "ref": "P313818.21.16",
                  "inst": "%akk-x-neobab:x=",
                  "f": {
                    "lang": "akk-x-neobab",
                    "form": "x"
                  }
                },
                {
                  "node": "l",
                  "frag": "x",
                  "id": "P313818.l01e9a",
                  "ref": "P313818.21.17",
                  "inst": "%akk-x-neobab:x=",
                  "f": {
                    "lang": "akk-x-neobab",
                    "form": "x"
                  }
                },
                {
                  "node": "l",
                  "frag": "x]",
                  "id": "P313818.l01e9b",
                  "ref": "P313818.21.18",
                  "inst": "%akk-x-neobab:x=",
                  "f": {
                    "lang": "akk-x-neobab",
                    "form": "x"
                  }
                },
                {
                  "node": "d",
                  "type": "nonx",
                  "ref": "P313818.22",
                  "strict": "0",
                  "extent": "rest",
                  "state": "missing"
                }
              ]
            }
          ]
        }
      ]
    }
  ]
}
