{
  "type": "glossary",
  "project": "saao/saa09",
  "source": "http://oracc.org/saao/saa09",
  "license": "This data is released under the CC0 license",
  "license-url": "https://creativecommons.org/publicdomain/zero/1.0/",
  "more-info": "http://oracc.org/doc/opendata/",
  "UTC-timestamp": "2017-06-10T00:46:46",
  "lang": "qpn",
  "entries": [
    {
      "headword": "Ahat-abiša[1]PN",
      "id": "qpn.x000020",
      "icount": "1",
      "ipct": "100",
      "xis": "qpn.r00000",
      "cf": "Ahat-abiša",
      "gw": "1",
      "pos": "PN",
      "forms": [
        {
          "type": "form",
          "id": "qpn.x000035",
          "n": "{MI₂}NIN-AD-ša₂",
          "icount": "1",
          "ipct": "100",
          "xis": "qpn.r00000"
        }
      ],
      "norms": [
        {
          "id": "qpn.x000036",
          "icount": "1",
          "ipct": "100",
          "xis": "qpn.r00000",
          "n": "Ahat-abiša",
          "forms": [
            {
              "type": "normform",
              "id": "qpn.x000037",
              "ref": "qpn.x000035",
              "icount": "1",
              "ipct": "100",
              "xis": "qpn.r00000"
            }
          ]
        }
      ],
      "senses": [
        {
          "type": "sense",
          "id": "qpn.x000038",
          "n": "Ahat-abiša[1//1]PN'PN",
          "icount": "1",
          "ipct": "100",
          "xis": "qpn.r00000",
          "pos": "PN",
          "mng": "1",
          "forms": [
            {
              "type": "form",
              "id": "qpn.x000039",
              "n": "%akk-x-neoass:{MI₂}NIN-AD-ša₂",
              "icount": "1",
              "ipct": "100",
              "xis": "qpn.r00000"
            }
          ],
          "norms": [
            {
              "id": "qpn.x000040",
              "n": "Ahat-abiša",
              "icount": "1",
              "ipct": "100",
              "xis": "qpn.r00000"
            }
          ],
          "sigs": [
            {
              "type": "sig",
              "id": "qpn.x000041",
              "sig": "@saao/saa09%akk-x-neoass:{MI₂}NIN-AD-ša₂=Ahat-abiša[1//1]PN'PN$Ahat-abiša",
              "icount": "1",
              "ipct": "100",
              "xis": "qpn.r00000"
            }
          ]
        }
      ]
    },
    {
      "headword": "Arbail[Arbela]GN",
      "id": "qpn.x000022",
      "icount": "27",
      "ipct": "100",
      "xis": "qpn.r00001",
      "cf": "Arbail",
      "gw": "Arbela",
      "pos": "GN",
      "forms": [
        {
          "type": "form",
          "id": "qpn.x000042",
          "n": "{URU}arba-il₃",
          "icount": "27",
          "ipct": "100",
          "xis": "qpn.r00001"
        }
      ],
      "norms": [
        {
          "id": "qpn.x000043",
          "icount": "27",
          "ipct": "100",
          "xis": "qpn.r00001",
          "n": "Arbail",
          "forms": [
            {
              "type": "normform",
              "id": "qpn.x000044",
              "ref": "qpn.x000042",
              "icount": "27",
              "ipct": "100",
              "xis": "qpn.r00001"
            }
          ]
        }
      ],
      "senses": [
        {
          "type": "sense",
          "id": "qpn.x000045",
          "n": "Arbail[Arbela//Arbela]GN'GN",
          "icount": "27",
          "ipct": "100",
          "xis": "qpn.r00001",
          "pos": "GN",
          "mng": "Arbela",
          "forms": [
            {
              "type": "form",
              "id": "qpn.x000046",
              "n": "%akk-x-neoass:{URU}arba-il₃",
              "icount": "27",
              "ipct": "100",
              "xis": "qpn.r00001"
            }
          ],
          "norms": [
            {
              "id": "qpn.x000047",
              "n": "Arbail",
              "icount": "27",
              "ipct": "100",
              "xis": "qpn.r00001"
            }
          ],
          "sigs": [
            {
              "type": "sig",
              "id": "qpn.x000048",
              "sig": "@saao/saa09%akk-x-neoass:{URU}arba-il₃=Arbail[Arbela//Arbela]GN'GN$Arbail",
              "icount": "27",
              "ipct": "100",
              "xis": "qpn.r00001"
            }
          ]
        }
      ]
    },
    {
      "headword": "Arbailaya[from Arbela]EN",
      "id": "qpn.x000021",
      "icount": "3",
      "ipct": "100",
      "xis": "qpn.r00002",
      "cf": "Arbailaya",
      "gw": "from Arbela",
      "pos": "EN",
      "forms": [
        {
          "type": "form",
          "id": "qpn.x000049",
          "n": "{URU}arba-il₃-a.a",
          "icount": "3",
          "ipct": "100",
          "xis": "qpn.r00002"
        }
      ],
      "norms": [
        {
          "id": "qpn.x000050",
          "icount": "3",
          "ipct": "100",
          "xis": "qpn.r00002",
          "n": "Arbailaya",
          "forms": [
            {
              "type": "normform",
              "id": "qpn.x000051",
              "ref": "qpn.x000049",
              "icount": "3",
              "ipct": "100",
              "xis": "qpn.r00002"
            }
          ]
        }
      ],
      "senses": [
        {
          "type": "sense",
          "id": "qpn.x000052",
          "n": "Arbailaya[from Arbela//from Arbela]EN'EN",
          "icount": "3",
          "ipct": "100",
          "xis": "qpn.r00002",
          "pos": "EN",
          "mng": "from Arbela",
          "forms": [
            {
              "type": "form",
              "id": "qpn.x000053",
              "n": "%akk-x-neoass:{URU}arba-il₃-a.a",
              "icount": "3",
              "ipct": "100",
              "xis": "qpn.r00002"
            }
          ],
          "norms": [
            {
              "id": "qpn.x000054",
              "n": "Arbailaya",
              "icount": "3",
              "ipct": "100",
              "xis": "qpn.r00002"
            }
          ],
          "sigs": [
            {
              "type": "sig",
              "id": "qpn.x000055",
              "sig": "@saao/saa09%akk-x-neoass:{URU}arba-il₃-a.a=Arbailaya[from Arbela//from Arbela]EN'EN$Arbailaya",
              "icount": "3",
              "ipct": "100",
              "xis": "qpn.r00002"
            }
          ]
        }
      ]
    },
    {
      "headword": "Aššur-ahu-iddina[Esarhaddon]PN",
      "id": "qpn.x000007",
      "icount": "37",
      "ipct": "100",
      "xis": "qpn.r00003",
      "cf": "Aššur-ahu-iddina",
      "gw": "Esarhaddon",
      "pos": "PN",
      "forms": [
        {
          "type": "form",
          "id": "qpn.x000056",
          "n": "{1}aš-šur-PAB-AŠ",
          "icount": "37",
          "ipct": "100",
          "xis": "qpn.r00003"
        }
      ],
      "norms": [
        {
          "id": "qpn.x000057",
          "icount": "37",
          "ipct": "100",
          "xis": "qpn.r00003",
          "n": "Aššur-ahu-iddina",
          "forms": [
            {
              "type": "normform",
              "id": "qpn.x000058",
              "ref": "qpn.x000056",
              "icount": "37",
              "ipct": "100",
              "xis": "qpn.r00003"
            }
          ]
        }
      ],
      "senses": [
        {
          "type": "sense",
          "id": "qpn.x000059",
          "n": "Aššur-ahu-iddina[Esarhaddon//Esarhaddon]PN'PN",
          "icount": "37",
          "ipct": "100",
          "xis": "qpn.r00003",
          "pos": "PN",
          "mng": "Esarhaddon",
          "forms": [
            {
              "type": "form",
              "id": "qpn.x000060",
              "n": "%akk-x-neoass:{1}aš-šur-PAB-AŠ",
              "icount": "37",
              "ipct": "100",
              "xis": "qpn.r00003"
            }
          ],
          "norms": [
            {
              "id": "qpn.x000061",
              "n": "Aššur-ahu-iddina",
              "icount": "37",
              "ipct": "100",
              "xis": "qpn.r00003"
            }
          ],
          "sigs": [
            {
              "type": "sig",
              "id": "qpn.x000062",
              "sig": "@saao/saa09%akk-x-neoass:{1}aš-šur-PAB-AŠ=Aššur-ahu-iddina[Esarhaddon//Esarhaddon]PN'PN$Aššur-ahu-iddina",
              "icount": "37",
              "ipct": "100",
              "xis": "qpn.r00003"
            }
          ]
        }
      ]
    },
    {
      "headword": "Aššur-bani-apli[Assurbanipal]PN",
      "id": "qpn.x000005",
      "icount": "4",
      "ipct": "100",
      "xis": "qpn.r00004",
      "cf": "Aššur-bani-apli",
      "gw": "Assurbanipal",
      "pos": "PN",
      "forms": [
        {
          "type": "form",
          "id": "qpn.x000063",
          "n": "{1}AN.ŠAR₂-DU₃-A",
          "icount": "1",
          "ipct": "25",
          "xis": "qpn.r00005"
        },
        {
          "type": "form",
          "id": "qpn.x000064",
          "n": "{1}aš-šur-DU₃-A",
          "icount": "3",
          "ipct": "75",
          "xis": "qpn.r00006"
        }
      ],
      "norms": [
        {
          "id": "qpn.x000065",
          "icount": "4",
          "ipct": "100",
          "xis": "qpn.r00004",
          "n": "Aššur-bani-apli",
          "forms": [
            {
              "type": "normform",
              "id": "qpn.x000066",
              "ref": "qpn.x000063",
              "icount": "1",
              "ipct": "25",
              "xis": "qpn.r00005"
            },
            {
              "type": "normform",
              "id": "qpn.x000067",
              "ref": "qpn.x000064",
              "icount": "3",
              "ipct": "75",
              "xis": "qpn.r00006"
            }
          ]
        }
      ],
      "senses": [
        {
          "type": "sense",
          "id": "qpn.x000068",
          "n": "Aššur-bani-apli[Assurbanipal//Assurbanipal]PN'PN",
          "icount": "4",
          "ipct": "100",
          "xis": "qpn.r00004",
          "pos": "PN",
          "mng": "Assurbanipal",
          "forms": [
            {
              "type": "form",
              "id": "qpn.x000069",
              "n": "%akk-x-neoass:{1}AN.ŠAR₂-DU₃-A",
              "icount": "1",
              "ipct": "25",
              "xis": "qpn.r00005"
            },
            {
              "type": "form",
              "id": "qpn.x000070",
              "n": "%akk-x-neoass:{1}aš-šur-DU₃-A",
              "icount": "3",
              "ipct": "75",
              "xis": "qpn.r00006"
            }
          ],
          "norms": [
            {
              "id": "qpn.x000071",
              "n": "Aššur-bani-apli",
              "icount": "4",
              "ipct": "100",
              "xis": "qpn.r00004"
            }
          ],
          "sigs": [
            {
              "type": "sig",
              "id": "qpn.x000072",
              "sig": "@saao/saa09%akk-x-neoass:{1}AN.ŠAR₂-DU₃-A=Aššur-bani-apli[Assurbanipal//Assurbanipal]PN'PN$Aššur-bani-apli",
              "icount": "1",
              "ipct": "25",
              "xis": "qpn.r00005"
            },
            {
              "type": "sig",
              "id": "qpn.x000073",
              "sig": "@saao/saa09%akk-x-neoass:{1}aš-šur-DU₃-A=Aššur-bani-apli[Assurbanipal//Assurbanipal]PN'PN$Aššur-bani-apli",
              "icount": "3",
              "ipct": "75",
              "xis": "qpn.r00006"
            }
          ]
        }
      ]
    },
    {
      "headword": "Aššur[1]DN",
      "id": "qpn.x000004",
      "icount": "9",
      "ipct": "100",
      "xis": "qpn.r00007",
      "cf": "Aššur",
      "gw": "1",
      "pos": "DN",
      "forms": [
        {
          "type": "form",
          "id": "qpn.x000074",
          "n": "aš-šur",
          "icount": "1",
          "ipct": "11",
          "xis": "qpn.r00008"
        },
        {
          "type": "form",
          "id": "qpn.x000075",
          "n": "{d}aš-šur",
          "icount": "8",
          "ipct": "89",
          "xis": "qpn.r00009"
        }
      ],
      "norms": [
        {
          "id": "qpn.x000076",
          "icount": "9",
          "ipct": "100",
          "xis": "qpn.r00007",
          "n": "Aššur",
          "forms": [
            {
              "type": "normform",
              "id": "qpn.x000077",
              "ref": "qpn.x000074",
              "icount": "1",
              "ipct": "11",
              "xis": "qpn.r00008"
            },
            {
              "type": "normform",
              "id": "qpn.x000078",
              "ref": "qpn.x000075",
              "icount": "8",
              "ipct": "89",
              "xis": "qpn.r00009"
            }
          ]
        }
      ],
      "senses": [
        {
          "type": "sense",
          "id": "qpn.x000079",
          "n": "Aššur[1//1]DN'DN",
          "icount": "9",
          "ipct": "100",
          "xis": "qpn.r00007",
          "pos": "DN",
          "mng": "1",
          "forms": [
            {
              "type": "form",
              "id": "qpn.x000080",
              "n": "%akk-x-neoass:aš-šur",
              "icount": "1",
              "ipct": "11",
              "xis": "qpn.r00008"
            },
            {
              "type": "form",
              "id": "qpn.x000081",
              "n": "%akk-x-neoass:{d}aš-šur",
              "icount": "8",
              "ipct": "89",
              "xis": "qpn.r00009"
            }
          ],
          "norms": [
            {
              "id": "qpn.x000082",
              "n": "Aššur",
              "icount": "9",
              "ipct": "100",
              "xis": "qpn.r00007"
            }
          ],
          "sigs": [
            {
              "type": "sig",
              "id": "qpn.x000083",
              "sig": "@saao/saa09%akk-x-neoass:aš-šur=Aššur[1//1]DN'DN$Aššur",
              "icount": "1",
              "ipct": "11",
              "xis": "qpn.r00008"
            },
            {
              "type": "sig",
              "id": "qpn.x000084",
              "sig": "@saao/saa09%akk-x-neoass:{d}aš-šur=Aššur[1//1]DN'DN$Aššur",
              "icount": "8",
              "ipct": "89",
              "xis": "qpn.r00009"
            }
          ]
        }
      ]
    },
    {
      "headword": "Babili[Babylon]GN",
      "id": "qpn.x000002",
      "icount": "1",
      "ipct": "100",
      "xis": "qpn.r0000a",
      "cf": "Babili",
      "gw": "Babylon",
      "pos": "GN",
      "forms": [
        {
          "type": "form",
          "id": "qpn.x000085",
          "n": "KA₂.DINGIR{KI}",
          "icount": "1",
          "ipct": "100",
          "xis": "qpn.r0000a"
        }
      ],
      "norms": [
        {
          "id": "qpn.x000086",
          "icount": "1",
          "ipct": "100",
          "xis": "qpn.r0000a",
          "n": "Babili",
          "forms": [
            {
              "type": "normform",
              "id": "qpn.x000087",
              "ref": "qpn.x000085",
              "icount": "1",
              "ipct": "100",
              "xis": "qpn.r0000a"
            }
          ]
        }
      ],
      "senses": [
        {
          "type": "sense",
          "id": "qpn.x000088",
          "n": "Babili[Babylon//Babylon]GN'GN",
          "icount": "1",
          "ipct": "100",
          "xis": "qpn.r0000a",
          "pos": "GN",
          "mng": "Babylon",
          "forms": [
            {
              "type": "form",
              "id": "qpn.x000089",
              "n": "%akk-x-neoass:KA₂.DINGIR{KI}",
              "icount": "1",
              "ipct": "100",
              "xis": "qpn.r0000a"
            }
          ],
          "norms": [
            {
              "id": "qpn.x000090",
              "n": "Babili",
              "icount": "1",
              "ipct": "100",
              "xis": "qpn.r0000a"
            }
          ],
          "sigs": [
            {
              "type": "sig",
              "id": "qpn.x000091",
              "sig": "@saao/saa09%akk-x-neoass:KA₂.DINGIR{KI}=Babili[Babylon//Babylon]GN'GN$Babili",
              "icount": "1",
              "ipct": "100",
              "xis": "qpn.r0000a"
            }
          ]
        }
      ]
    },
    {
      "headword": "Bel-šadduʾa[1]PN",
      "id": "qpn.x000006",
      "icount": "1",
      "ipct": "100",
      "xis": "qpn.r0000b",
      "cf": "Bel-šadduʾa",
      "gw": "1",
      "pos": "PN",
      "forms": [
        {
          "type": "form",
          "id": "qpn.x000092",
          "n": "{1}EN-KUR-u-a",
          "icount": "1",
          "ipct": "100",
          "xis": "qpn.r0000b"
        }
      ],
      "norms": [
        {
          "id": "qpn.x000093",
          "icount": "1",
          "ipct": "100",
          "xis": "qpn.r0000b",
          "n": "Bel-šadduʾa",
          "forms": [
            {
              "type": "normform",
              "id": "qpn.x000094",
              "ref": "qpn.x000092",
              "icount": "1",
              "ipct": "100",
              "xis": "qpn.r0000b"
            }
          ]
        }
      ],
      "senses": [
        {
          "type": "sense",
          "id": "qpn.x000095",
          "n": "Bel-šadduʾa[1//1]PN'PN",
          "icount": "1",
          "ipct": "100",
          "xis": "qpn.r0000b",
          "pos": "PN",
          "mng": "1",
          "forms": [
            {
              "type": "form",
              "id": "qpn.x000096",
              "n": "%akk-x-neoass:{1}EN-KUR-u-a",
              "icount": "1",
              "ipct": "100",
              "xis": "qpn.r0000b"
            }
          ],
          "norms": [
            {
              "id": "qpn.x000097",
              "n": "Bel-šadduʾa",
              "icount": "1",
              "ipct": "100",
              "xis": "qpn.r0000b"
            }
          ],
          "sigs": [
            {
              "type": "sig",
              "id": "qpn.x000098",
              "sig": "@saao/saa09%akk-x-neoass:{1}EN-KUR-u-a=Bel-šadduʾa[1//1]PN'PN$Bel-šadduʾa",
              "icount": "1",
              "ipct": "100",
              "xis": "qpn.r0000b"
            }
          ]
        }
      ]
    },
    {
      "headword": "Bel[1]DN",
      "id": "qpn.x000030",
      "icount": "1",
      "ipct": "100",
      "xis": "qpn.r0000c",
      "cf": "Bel",
      "gw": "1",
      "pos": "DN",
      "forms": [
        {
          "type": "form",
          "id": "qpn.x000099",
          "n": "{d}EN",
          "icount": "1",
          "ipct": "100",
          "xis": "qpn.r0000c"
        }
      ],
      "norms": [
        {
          "id": "qpn.x000100",
          "icount": "1",
          "ipct": "100",
          "xis": "qpn.r0000c",
          "n": "Bel",
          "forms": [
            {
              "type": "normform",
              "id": "qpn.x000101",
              "ref": "qpn.x000099",
              "icount": "1",
              "ipct": "100",
              "xis": "qpn.r0000c"
            }
          ]
        }
      ],
      "senses": [
        {
          "type": "sense",
          "id": "qpn.x000102",
          "n": "Bel[1//1]DN'DN",
          "icount": "1",
          "ipct": "100",
          "xis": "qpn.r0000c",
          "pos": "DN",
          "mng": "1",
          "forms": [
            {
              "type": "form",
              "id": "qpn.x000103",
              "n": "%akk-x-neoass:{d}EN",
              "icount": "1",
              "ipct": "100",
              "xis": "qpn.r0000c"
            }
          ],
          "norms": [
            {
              "id": "qpn.x000104",
              "n": "Bel",
              "icount": "1",
              "ipct": "100",
              "xis": "qpn.r0000c"
            }
          ],
          "sigs": [
            {
              "type": "sig",
              "id": "qpn.x000105",
              "sig": "@saao/saa09%akk-x-neoass:{d}EN=Bel[1//1]DN'DN$Bel",
              "icount": "1",
              "ipct": "100",
              "xis": "qpn.r0000c"
            }
          ]
        }
      ]
    },
    {
      "headword": "Belet[1]DN",
      "id": "qpn.x000031",
      "icount": "1",
      "ipct": "100",
      "xis": "qpn.r0000d",
      "cf": "Belet",
      "gw": "1",
      "pos": "DN",
      "forms": [
        {
          "type": "form",
          "id": "qpn.x000106",
          "n": "{d}GAŠAN",
          "icount": "1",
          "ipct": "100",
          "xis": "qpn.r0000d"
        }
      ],
      "norms": [
        {
          "id": "qpn.x000107",
          "icount": "1",
          "ipct": "100",
          "xis": "qpn.r0000d",
          "n": "Belet",
          "forms": [
            {
              "type": "normform",
              "id": "qpn.x000108",
              "ref": "qpn.x000106",
              "icount": "1",
              "ipct": "100",
              "xis": "qpn.r0000d"
            }
          ]
        }
      ],
      "senses": [
        {
          "type": "sense",
          "id": "qpn.x000109",
          "n": "Belet[1//1]DN'DN",
          "icount": "1",
          "ipct": "100",
          "xis": "qpn.r0000d",
          "pos": "DN",
          "mng": "1",
          "forms": [
            {
              "type": "form",
              "id": "qpn.x000110",
              "n": "%akk-x-neoass:{d}GAŠAN",
              "icount": "1",
              "ipct": "100",
              "xis": "qpn.r0000d"
            }
          ],
          "norms": [
            {
              "id": "qpn.x000111",
              "n": "Belet",
              "icount": "1",
              "ipct": "100",
              "xis": "qpn.r0000d"
            }
          ],
          "sigs": [
            {
              "type": "sig",
              "id": "qpn.x000112",
              "sig": "@saao/saa09%akk-x-neoass:{d}GAŠAN=Belet[1//1]DN'DN$Belet",
              "icount": "1",
              "ipct": "100",
              "xis": "qpn.r0000d"
            }
          ]
        }
      ]
    },
    {
      "headword": "Elamaya[Elamite]EN",
      "id": "qpn.x000012",
      "icount": "1",
      "ipct": "100",
      "xis": "qpn.r0000e",
      "cf": "Elamaya",
      "gw": "Elamite",
      "pos": "EN",
      "forms": [
        {
          "type": "form",
          "id": "qpn.x000113",
          "n": "{KUR}NIM.MA{KI}-a.a",
          "icount": "1",
          "ipct": "100",
          "xis": "qpn.r0000e"
        }
      ],
      "norms": [
        {
          "id": "qpn.x000114",
          "icount": "1",
          "ipct": "100",
          "xis": "qpn.r0000e",
          "n": "Elamaya",
          "forms": [
            {
              "type": "normform",
              "id": "qpn.x000115",
              "ref": "qpn.x000113",
              "icount": "1",
              "ipct": "100",
              "xis": "qpn.r0000e"
            }
          ]
        }
      ],
      "senses": [
        {
          "type": "sense",
          "id": "qpn.x000116",
          "n": "Elamaya[Elamite//Elamite]EN'EN",
          "icount": "1",
          "ipct": "100",
          "xis": "qpn.r0000e",
          "pos": "EN",
          "mng": "Elamite",
          "forms": [
            {
              "type": "form",
              "id": "qpn.x000117",
              "n": "%akk-x-neoass:{KUR}NIM.MA{KI}-a.a",
              "icount": "1",
              "ipct": "100",
              "xis": "qpn.r0000e"
            }
          ],
          "norms": [
            {
              "id": "qpn.x000118",
              "n": "Elamaya",
              "icount": "1",
              "ipct": "100",
              "xis": "qpn.r0000e"
            }
          ],
          "sigs": [
            {
              "type": "sig",
              "id": "qpn.x000119",
              "sig": "@saao/saa09%akk-x-neoass:{KUR}NIM.MA{KI}-a.a=Elamaya[Elamite//Elamite]EN'EN$Elamaya",
              "icount": "1",
              "ipct": "100",
              "xis": "qpn.r0000e"
            }
          ]
        }
      ]
    },
    {
      "headword": "Elamtu[Elam]GN",
      "id": "qpn.x000013",
      "icount": "3",
      "ipct": "100",
      "xis": "qpn.r0000f",
      "cf": "Elamtu",
      "gw": "Elam",
      "pos": "GN",
      "forms": [
        {
          "type": "form",
          "id": "qpn.x000120",
          "n": "{KUR}NIM.MA{KI}",
          "icount": "2",
          "ipct": "67",
          "xis": "qpn.r00010"
        },
        {
          "type": "form",
          "id": "qpn.x000121",
          "n": "{KUR}NIM{KI}",
          "icount": "1",
          "ipct": "33",
          "xis": "qpn.r00011"
        }
      ],
      "norms": [
        {
          "id": "qpn.x000122",
          "icount": "1",
          "ipct": "33",
          "xis": "qpn.r00011",
          "n": "Elamti",
          "forms": [
            {
              "type": "normform",
              "id": "qpn.x000123",
              "ref": "qpn.x000121",
              "icount": "1",
              "ipct": "33",
              "xis": "qpn.r00011"
            }
          ]
        },
        {
          "id": "qpn.x000124",
          "icount": "2",
          "ipct": "67",
          "xis": "qpn.r00010",
          "n": "Elamtu",
          "forms": [
            {
              "type": "normform",
              "id": "qpn.x000125",
              "ref": "qpn.x000120",
              "icount": "2",
              "ipct": "67",
              "xis": "qpn.r00010"
            }
          ]
        }
      ],
      "senses": [
        {
          "type": "sense",
          "id": "qpn.x000126",
          "n": "Elamtu[Elam//Elam]GN'GN",
          "icount": "3",
          "ipct": "100",
          "xis": "qpn.r0000f",
          "pos": "GN",
          "mng": "Elam",
          "forms": [
            {
              "type": "form",
              "id": "qpn.x000127",
              "n": "%akk-x-neoass:{KUR}NIM.MA{KI}",
              "icount": "2",
              "ipct": "67",
              "xis": "qpn.r00010"
            },
            {
              "type": "form",
              "id": "qpn.x000128",
              "n": "%akk-x-neoass:{KUR}NIM{KI}",
              "icount": "1",
              "ipct": "33",
              "xis": "qpn.r00011"
            }
          ],
          "norms": [
            {
              "id": "qpn.x000129",
              "n": "Elamti",
              "icount": "1",
              "ipct": "33",
              "xis": "qpn.r00011"
            },
            {
              "id": "qpn.x000130",
              "n": "Elamtu",
              "icount": "2",
              "ipct": "67",
              "xis": "qpn.r00010"
            }
          ],
          "sigs": [
            {
              "type": "sig",
              "id": "qpn.x000131",
              "sig": "@saao/saa09%akk-x-neoass:{KUR}NIM.MA{KI}=Elamtu[Elam//Elam]GN'GN$Elamtu",
              "icount": "2",
              "ipct": "67",
              "xis": "qpn.r00010"
            },
            {
              "type": "sig",
              "id": "qpn.x000132",
              "sig": "@saao/saa09%akk-x-neoass:{KUR}NIM{KI}=Elamtu[Elam//Elam]GN'GN$Elamti",
              "icount": "1",
              "ipct": "33",
              "xis": "qpn.r00011"
            }
          ]
        }
      ]
    },
    {
      "headword": "Ellipi[1]GN",
      "id": "qpn.x000015",
      "icount": "1",
      "ipct": "100",
      "xis": "qpn.r00012",
      "cf": "Ellipi",
      "gw": "1",
      "pos": "GN",
      "forms": [
        {
          "type": "form",
          "id": "qpn.x000133",
          "n": "{KUR}el-li-pi",
          "icount": "1",
          "ipct": "100",
          "xis": "qpn.r00012"
        }
      ],
      "norms": [
        {
          "id": "qpn.x000134",
          "icount": "1",
          "ipct": "100",
          "xis": "qpn.r00012",
          "n": "Ellipi",
          "forms": [
            {
              "type": "normform",
              "id": "qpn.x000135",
              "ref": "qpn.x000133",
              "icount": "1",
              "ipct": "100",
              "xis": "qpn.r00012"
            }
          ]
        }
      ],
      "senses": [
        {
          "type": "sense",
          "id": "qpn.x000136",
          "n": "Ellipi[1//1]GN'GN",
          "icount": "1",
          "ipct": "100",
          "xis": "qpn.r00012",
          "pos": "GN",
          "mng": "1",
          "forms": [
            {
              "type": "form",
              "id": "qpn.x000137",
              "n": "%akk-x-neoass:{KUR}el-li-pi",
              "icount": "1",
              "ipct": "100",
              "xis": "qpn.r00012"
            }
          ],
          "norms": [
            {
              "id": "qpn.x000138",
              "n": "Ellipi",
              "icount": "1",
              "ipct": "100",
              "xis": "qpn.r00012"
            }
          ],
          "sigs": [
            {
              "type": "sig",
              "id": "qpn.x000139",
              "sig": "@saao/saa09%akk-x-neoass:{KUR}el-li-pi=Ellipi[1//1]GN'GN$Ellipi",
              "icount": "1",
              "ipct": "100",
              "xis": "qpn.r00012"
            }
          ]
        }
      ]
    },
    {
      "headword": "Esaggil[1]TN",
      "id": "qpn.x000000",
      "icount": "3",
      "ipct": "100",
      "xis": "qpn.r00013",
      "cf": "Esaggil",
      "gw": "1",
      "pos": "TN",
      "forms": [
        {
          "type": "form",
          "id": "qpn.x000140",
          "n": "E₂.SAG.IL₂",
          "icount": "3",
          "ipct": "100",
          "xis": "qpn.r00013"
        }
      ],
      "norms": [
        {
          "id": "qpn.x000141",
          "icount": "3",
          "ipct": "100",
          "xis": "qpn.r00013",
          "n": "Esaggil",
          "forms": [
            {
              "type": "normform",
              "id": "qpn.x000142",
              "ref": "qpn.x000140",
              "icount": "3",
              "ipct": "100",
              "xis": "qpn.r00013"
            }
          ]
        }
      ],
      "senses": [
        {
          "type": "sense",
          "id": "qpn.x000143",
          "n": "Esaggil[1//1]TN'TN",
          "icount": "3",
          "ipct": "100",
          "xis": "qpn.r00013",
          "pos": "TN",
          "mng": "1",
          "forms": [
            {
              "type": "form",
              "id": "qpn.x000144",
              "n": "%akk-x-neoass:E₂.SAG.IL₂",
              "icount": "3",
              "ipct": "100",
              "xis": "qpn.r00013"
            }
          ],
          "norms": [
            {
              "id": "qpn.x000145",
              "n": "Esaggil",
              "icount": "3",
              "ipct": "100",
              "xis": "qpn.r00013"
            }
          ],
          "sigs": [
            {
              "type": "sig",
              "id": "qpn.x000146",
              "sig": "@saao/saa09%akk-x-neoass:E₂.SAG.IL₂=Esaggil[1//1]TN'TN$Esaggil",
              "icount": "3",
              "ipct": "100",
              "xis": "qpn.r00013"
            }
          ]
        }
      ]
    },
    {
      "headword": "Ešarra[1]TN",
      "id": "qpn.x000001",
      "icount": "2",
      "ipct": "100",
      "xis": "qpn.r00014",
      "cf": "Ešarra",
      "gw": "1",
      "pos": "TN",
      "forms": [
        {
          "type": "form",
          "id": "qpn.x000147",
          "n": "E₂.ŠAR₂.RA",
          "icount": "2",
          "ipct": "100",
          "xis": "qpn.r00014"
        }
      ],
      "norms": [
        {
          "id": "qpn.x000148",
          "icount": "2",
          "ipct": "100",
          "xis": "qpn.r00014",
          "n": "Ešarra",
          "forms": [
            {
              "type": "normform",
              "id": "qpn.x000149",
              "ref": "qpn.x000147",
              "icount": "2",
              "ipct": "100",
              "xis": "qpn.r00014"
            }
          ]
        }
      ],
      "senses": [
        {
          "type": "sense",
          "id": "qpn.x000150",
          "n": "Ešarra[1//1]TN'TN",
          "icount": "2",
          "ipct": "100",
          "xis": "qpn.r00014",
          "pos": "TN",
          "mng": "1",
          "forms": [
            {
              "type": "form",
              "id": "qpn.x000151",
              "n": "%akk-x-neoass:E₂.ŠAR₂.RA",
              "icount": "2",
              "ipct": "100",
              "xis": "qpn.r00014"
            }
          ],
          "norms": [
            {
              "id": "qpn.x000152",
              "n": "Ešarra",
              "icount": "2",
              "ipct": "100",
              "xis": "qpn.r00014"
            }
          ],
          "sigs": [
            {
              "type": "sig",
              "id": "qpn.x000153",
              "sig": "@saao/saa09%akk-x-neoass:E₂.ŠAR₂.RA=Ešarra[1//1]TN'TN$Ešarra",
              "icount": "2",
              "ipct": "100",
              "xis": "qpn.r00014"
            }
          ]
        }
      ]
    },
    {
      "headword": "Gimir[Cimmeria]GN",
      "id": "qpn.x000017",
      "icount": "1",
      "ipct": "100",
      "xis": "qpn.r00015",
      "cf": "Gimir",
      "gw": "Cimmeria",
      "pos": "GN",
      "forms": [
        {
          "type": "form",
          "id": "qpn.x000154",
          "n": "{KUR}gi-mir",
          "icount": "1",
          "ipct": "100",
          "xis": "qpn.r00015"
        }
      ],
      "norms": [
        {
          "id": "qpn.x000155",
          "icount": "1",
          "ipct": "100",
          "xis": "qpn.r00015",
          "n": "Gimir",
          "forms": [
            {
              "type": "normform",
              "id": "qpn.x000156",
              "ref": "qpn.x000154",
              "icount": "1",
              "ipct": "100",
              "xis": "qpn.r00015"
            }
          ]
        }
      ],
      "senses": [
        {
          "type": "sense",
          "id": "qpn.x000157",
          "n": "Gimir[Cimmeria//Cimmeria]GN'GN",
          "icount": "1",
          "ipct": "100",
          "xis": "qpn.r00015",
          "pos": "GN",
          "mng": "Cimmeria",
          "forms": [
            {
              "type": "form",
              "id": "qpn.x000158",
              "n": "%akk-x-neoass:{KUR}gi-mir",
              "icount": "1",
              "ipct": "100",
              "xis": "qpn.r00015"
            }
          ],
          "norms": [
            {
              "id": "qpn.x000159",
              "n": "Gimir",
              "icount": "1",
              "ipct": "100",
              "xis": "qpn.r00015"
            }
          ],
          "sigs": [
            {
              "type": "sig",
              "id": "qpn.x000160",
              "sig": "@saao/saa09%akk-x-neoass:{KUR}gi-mir=Gimir[Cimmeria//Cimmeria]GN'GN$Gimir",
              "icount": "1",
              "ipct": "100",
              "xis": "qpn.r00015"
            }
          ]
        }
      ]
    },
    {
      "headword": "Gimiraya[Cimmerian]EN",
      "id": "qpn.x000016",
      "icount": "1",
      "ipct": "100",
      "xis": "qpn.r00016",
      "cf": "Gimiraya",
      "gw": "Cimmerian",
      "pos": "EN",
      "forms": [
        {
          "type": "form",
          "id": "qpn.x000161",
          "n": "{KUR}gi-mir-a.a",
          "icount": "1",
          "ipct": "100",
          "xis": "qpn.r00016"
        }
      ],
      "norms": [
        {
          "id": "qpn.x000162",
          "icount": "1",
          "ipct": "100",
          "xis": "qpn.r00016",
          "n": "Gimiraya",
          "forms": [
            {
              "type": "normform",
              "id": "qpn.x000163",
              "ref": "qpn.x000161",
              "icount": "1",
              "ipct": "100",
              "xis": "qpn.r00016"
            }
          ]
        }
      ],
      "senses": [
        {
          "type": "sense",
          "id": "qpn.x000164",
          "n": "Gimiraya[Cimmerian//Cimmerian]EN'EN",
          "icount": "1",
          "ipct": "100",
          "xis": "qpn.r00016",
          "pos": "EN",
          "mng": "Cimmerian",
          "forms": [
            {
              "type": "form",
              "id": "qpn.x000165",
              "n": "%akk-x-neoass:{KUR}gi-mir-a.a",
              "icount": "1",
              "ipct": "100",
              "xis": "qpn.r00016"
            }
          ],
          "norms": [
            {
              "id": "qpn.x000166",
              "n": "Gimiraya",
              "icount": "1",
              "ipct": "100",
              "xis": "qpn.r00016"
            }
          ],
          "sigs": [
            {
              "type": "sig",
              "id": "qpn.x000167",
              "sig": "@saao/saa09%akk-x-neoass:{KUR}gi-mir-a.a=Gimiraya[Cimmerian//Cimmerian]EN'EN$Gimiraya",
              "icount": "1",
              "ipct": "100",
              "xis": "qpn.r00016"
            }
          ]
        }
      ]
    },
    {
      "headword": "Inurta[1]DN",
      "id": "qpn.x000032",
      "icount": "2",
      "ipct": "100",
      "xis": "qpn.r00017",
      "cf": "Inurta",
      "gw": "1",
      "pos": "DN",
      "forms": [
        {
          "type": "form",
          "id": "qpn.x000168",
          "n": "{d}MAŠ",
          "icount": "2",
          "ipct": "100",
          "xis": "qpn.r00017"
        }
      ],
      "norms": [
        {
          "id": "qpn.x000169",
          "icount": "2",
          "ipct": "100",
          "xis": "qpn.r00017",
          "n": "Inurta",
          "forms": [
            {
              "type": "normform",
              "id": "qpn.x000170",
              "ref": "qpn.x000168",
              "icount": "2",
              "ipct": "100",
              "xis": "qpn.r00017"
            }
          ]
        }
      ],
      "senses": [
        {
          "type": "sense",
          "id": "qpn.x000171",
          "n": "Inurta[1//1]DN'DN",
          "icount": "2",
          "ipct": "100",
          "xis": "qpn.r00017",
          "pos": "DN",
          "mng": "1",
          "forms": [
            {
              "type": "form",
              "id": "qpn.x000172",
              "n": "%akk-x-neoass:{d}MAŠ",
              "icount": "2",
              "ipct": "100",
              "xis": "qpn.r00017"
            }
          ],
          "norms": [
            {
              "id": "qpn.x000173",
              "n": "Inurta",
              "icount": "2",
              "ipct": "100",
              "xis": "qpn.r00017"
            }
          ],
          "sigs": [
            {
              "type": "sig",
              "id": "qpn.x000174",
              "sig": "@saao/saa09%akk-x-neoass:{d}MAŠ=Inurta[1//1]DN'DN$Inurta",
              "icount": "2",
              "ipct": "100",
              "xis": "qpn.r00017"
            }
          ]
        }
      ]
    },
    {
      "headword": "Ištar[1]DN",
      "id": "qpn.x000027",
      "icount": "18",
      "ipct": "100",
      "xis": "qpn.r00018",
      "cf": "Ištar",
      "gw": "1",
      "pos": "DN",
      "forms": [
        {
          "type": "form",
          "id": "qpn.x000175",
          "n": "{d}15",
          "icount": "18",
          "ipct": "100",
          "xis": "qpn.r00018"
        }
      ],
      "norms": [
        {
          "id": "qpn.x000176",
          "icount": "18",
          "ipct": "100",
          "xis": "qpn.r00018",
          "n": "Issar",
          "forms": [
            {
              "type": "normform",
              "id": "qpn.x000177",
              "ref": "qpn.x000175",
              "icount": "18",
              "ipct": "100",
              "xis": "qpn.r00018"
            }
          ]
        }
      ],
      "senses": [
        {
          "type": "sense",
          "id": "qpn.x000178",
          "n": "Ištar[1//1]DN'DN",
          "icount": "18",
          "ipct": "100",
          "xis": "qpn.r00018",
          "pos": "DN",
          "mng": "1",
          "forms": [
            {
              "type": "form",
              "id": "qpn.x000179",
              "n": "%akk-x-neoass:{d}15",
              "icount": "18",
              "ipct": "100",
              "xis": "qpn.r00018"
            }
          ],
          "norms": [
            {
              "id": "qpn.x000180",
              "n": "Issar",
              "icount": "18",
              "ipct": "100",
              "xis": "qpn.r00018"
            }
          ],
          "sigs": [
            {
              "type": "sig",
              "id": "qpn.x000181",
              "sig": "@saao/saa09%akk-x-neoass:{d}15=Ištar[1//1]DN'DN$Issar",
              "icount": "18",
              "ipct": "100",
              "xis": "qpn.r00018"
            }
          ]
        }
      ]
    },
    {
      "headword": "Kalhu[1]GN",
      "id": "qpn.x000023",
      "icount": "2",
      "ipct": "100",
      "xis": "qpn.r00019",
      "cf": "Kalhu",
      "gw": "1",
      "pos": "GN",
      "forms": [
        {
          "type": "form",
          "id": "qpn.x000182",
          "n": "{URU}kal-ha",
          "icount": "1",
          "ipct": "50",
          "xis": "qpn.r0001a"
        },
        {
          "type": "form",
          "id": "qpn.x000183",
          "n": "{URU}kal-hi",
          "icount": "1",
          "ipct": "50",
          "xis": "qpn.r0001b"
        }
      ],
      "norms": [
        {
          "id": "qpn.x000184",
          "icount": "1",
          "ipct": "50",
          "xis": "qpn.r0001a",
          "n": "Kalha",
          "forms": [
            {
              "type": "normform",
              "id": "qpn.x000185",
              "ref": "qpn.x000182",
              "icount": "1",
              "ipct": "50",
              "xis": "qpn.r0001a"
            }
          ]
        },
        {
          "id": "qpn.x000186",
          "icount": "1",
          "ipct": "50",
          "xis": "qpn.r0001b",
          "n": "Kalhi",
          "forms": [
            {
              "type": "normform",
              "id": "qpn.x000187",
              "ref": "qpn.x000183",
              "icount": "1",
              "ipct": "50",
              "xis": "qpn.r0001b"
            }
          ]
        }
      ],
      "senses": [
        {
          "type": "sense",
          "id": "qpn.x000188",
          "n": "Kalhu[1//1]GN'GN",
          "icount": "2",
          "ipct": "100",
          "xis": "qpn.r00019",
          "pos": "GN",
          "mng": "1",
          "forms": [
            {
              "type": "form",
              "id": "qpn.x000189",
              "n": "%akk-x-neoass:{URU}kal-ha",
              "icount": "1",
              "ipct": "50",
              "xis": "qpn.r0001a"
            },
            {
              "type": "form",
              "id": "qpn.x000190",
              "n": "%akk-x-neoass:{URU}kal-hi",
              "icount": "1",
              "ipct": "50",
              "xis": "qpn.r0001b"
            }
          ],
          "norms": [
            {
              "id": "qpn.x000191",
              "n": "Kalha",
              "icount": "1",
              "ipct": "50",
              "xis": "qpn.r0001a"
            },
            {
              "id": "qpn.x000192",
              "n": "Kalhi",
              "icount": "1",
              "ipct": "50",
              "xis": "qpn.r0001b"
            }
          ],
          "sigs": [
            {
              "type": "sig",
              "id": "qpn.x000193",
              "sig": "@saao/saa09%akk-x-neoass:{URU}kal-ha=Kalhu[1//1]GN'GN$Kalha",
              "icount": "1",
              "ipct": "50",
              "xis": "qpn.r0001a"
            },
            {
              "type": "sig",
              "id": "qpn.x000194",
              "sig": "@saao/saa09%akk-x-neoass:{URU}kal-hi=Kalhu[1//1]GN'GN$Kalhi",
              "icount": "1",
              "ipct": "50",
              "xis": "qpn.r0001b"
            }
          ]
        }
      ]
    },
    {
      "headword": "La-dagil-ili[1]PN",
      "id": "qpn.x000008",
      "icount": "3",
      "ipct": "100",
      "xis": "qpn.r0001c",
      "cf": "La-dagil-ili",
      "gw": "1",
      "pos": "PN",
      "forms": [
        {
          "type": "form",
          "id": "qpn.x000195",
          "n": "{1}la-da-gil₂-DINGIR",
          "icount": "3",
          "ipct": "100",
          "xis": "qpn.r0001c"
        }
      ],
      "norms": [
        {
          "id": "qpn.x000196",
          "icount": "3",
          "ipct": "100",
          "xis": "qpn.r0001c",
          "n": "La-dagil-ili",
          "forms": [
            {
              "type": "normform",
              "id": "qpn.x000197",
              "ref": "qpn.x000195",
              "icount": "3",
              "ipct": "100",
              "xis": "qpn.r0001c"
            }
          ]
        }
      ],
      "senses": [
        {
          "type": "sense",
          "id": "qpn.x000198",
          "n": "La-dagil-ili[1//1]PN'PN",
          "icount": "3",
          "ipct": "100",
          "xis": "qpn.r0001c",
          "pos": "PN",
          "mng": "1",
          "forms": [
            {
              "type": "form",
              "id": "qpn.x000199",
              "n": "%akk-x-neoass:{1}la-da-gil₂-DINGIR",
              "icount": "3",
              "ipct": "100",
              "xis": "qpn.r0001c"
            }
          ],
          "norms": [
            {
              "id": "qpn.x000200",
              "n": "La-dagil-ili",
              "icount": "3",
              "ipct": "100",
              "xis": "qpn.r0001c"
            }
          ],
          "sigs": [
            {
              "type": "sig",
              "id": "qpn.x000201",
              "sig": "@saao/saa09%akk-x-neoass:{1}la-da-gil₂-DINGIR=La-dagil-ili[1//1]PN'PN$La-dagil-ili",
              "icount": "3",
              "ipct": "100",
              "xis": "qpn.r0001c"
            }
          ]
        }
      ]
    },
    {
      "headword": "Libbalaya[from Assur]EN",
      "id": "qpn.x000025",
      "icount": "2",
      "ipct": "100",
      "xis": "qpn.r0001d",
      "cf": "Libbalaya",
      "gw": "from Assur",
      "pos": "EN",
      "forms": [
        {
          "type": "form",
          "id": "qpn.x000202",
          "n": "{URU}ŠA₃-URU-a.a",
          "icount": "2",
          "ipct": "100",
          "xis": "qpn.r0001d"
        }
      ],
      "norms": [
        {
          "id": "qpn.x000203",
          "icount": "2",
          "ipct": "100",
          "xis": "qpn.r0001d",
          "n": "Libbalaya",
          "forms": [
            {
              "type": "normform",
              "id": "qpn.x000204",
              "ref": "qpn.x000202",
              "icount": "2",
              "ipct": "100",
              "xis": "qpn.r0001d"
            }
          ]
        }
      ],
      "senses": [
        {
          "type": "sense",
          "id": "qpn.x000205",
          "n": "Libbalaya[from Assur//from Assur]EN'EN",
          "icount": "2",
          "ipct": "100",
          "xis": "qpn.r0001d",
          "pos": "EN",
          "mng": "from Assur",
          "forms": [
            {
              "type": "form",
              "id": "qpn.x000206",
              "n": "%akk-x-neoass:{URU}ŠA₃-URU-a.a",
              "icount": "2",
              "ipct": "100",
              "xis": "qpn.r0001d"
            }
          ],
          "norms": [
            {
              "id": "qpn.x000207",
              "n": "Libbalaya",
              "icount": "2",
              "ipct": "100",
              "xis": "qpn.r0001d"
            }
          ],
          "sigs": [
            {
              "type": "sig",
              "id": "qpn.x000208",
              "sig": "@saao/saa09%akk-x-neoass:{URU}ŠA₃-URU-a.a=Libbalaya[from Assur//from Assur]EN'EN$Libbalaya",
              "icount": "2",
              "ipct": "100",
              "xis": "qpn.r0001d"
            }
          ]
        }
      ]
    },
    {
      "headword": "Libbi-ali[Inner City (Assur)]GN",
      "id": "qpn.x000026",
      "icount": "3",
      "ipct": "100",
      "xis": "qpn.r0001e",
      "cf": "Libbi-ali",
      "gw": "Inner City (Assur)",
      "pos": "GN",
      "forms": [
        {
          "type": "form",
          "id": "qpn.x000209",
          "n": "{URU}ŠA₃-URU",
          "icount": "3",
          "ipct": "100",
          "xis": "qpn.r0001e"
        }
      ],
      "norms": [
        {
          "id": "qpn.x000210",
          "icount": "3",
          "ipct": "100",
          "xis": "qpn.r0001e",
          "n": "Libbi-ali",
          "forms": [
            {
              "type": "normform",
              "id": "qpn.x000211",
              "ref": "qpn.x000209",
              "icount": "3",
              "ipct": "100",
              "xis": "qpn.r0001e"
            }
          ]
        }
      ],
      "senses": [
        {
          "type": "sense",
          "id": "qpn.x000212",
          "n": "Libbi-ali[Inner City (Assur)//Inner City (Assur)]GN'GN",
          "icount": "3",
          "ipct": "100",
          "xis": "qpn.r0001e",
          "pos": "GN",
          "mng": "Inner City (Assur)",
          "forms": [
            {
              "type": "form",
              "id": "qpn.x000213",
              "n": "%akk-x-neoass:{URU}ŠA₃-URU",
              "icount": "3",
              "ipct": "100",
              "xis": "qpn.r0001e"
            }
          ],
          "norms": [
            {
              "id": "qpn.x000214",
              "n": "Libbi-ali",
              "icount": "3",
              "ipct": "100",
              "xis": "qpn.r0001e"
            }
          ],
          "sigs": [
            {
              "type": "sig",
              "id": "qpn.x000215",
              "sig": "@saao/saa09%akk-x-neoass:{URU}ŠA₃-URU=Libbi-ali[Inner City (Assur)//Inner City (Assur)]GN'GN$Libbi-ali",
              "icount": "3",
              "ipct": "100",
              "xis": "qpn.r0001e"
            }
          ]
        }
      ]
    },
    {
      "headword": "Mannaya[Mannean]EN",
      "id": "qpn.x000018",
      "icount": "1",
      "ipct": "100",
      "xis": "qpn.r0001f",
      "cf": "Mannaya",
      "gw": "Mannean",
      "pos": "EN",
      "forms": [
        {
          "type": "form",
          "id": "qpn.x000216",
          "n": "{KUR}man-na-a.a",
          "icount": "1",
          "ipct": "100",
          "xis": "qpn.r0001f"
        }
      ],
      "norms": [
        {
          "id": "qpn.x000217",
          "icount": "1",
          "ipct": "100",
          "xis": "qpn.r0001f",
          "n": "Mannaya",
          "forms": [
            {
              "type": "normform",
              "id": "qpn.x000218",
              "ref": "qpn.x000216",
              "icount": "1",
              "ipct": "100",
              "xis": "qpn.r0001f"
            }
          ]
        }
      ],
      "senses": [
        {
          "type": "sense",
          "id": "qpn.x000219",
          "n": "Mannaya[Mannean//Mannean]EN'EN",
          "icount": "1",
          "ipct": "100",
          "xis": "qpn.r0001f",
          "pos": "EN",
          "mng": "Mannean",
          "forms": [
            {
              "type": "form",
              "id": "qpn.x000220",
              "n": "%akk-x-neoass:{KUR}man-na-a.a",
              "icount": "1",
              "ipct": "100",
              "xis": "qpn.r0001f"
            }
          ],
          "norms": [
            {
              "id": "qpn.x000221",
              "n": "Mannaya",
              "icount": "1",
              "ipct": "100",
              "xis": "qpn.r0001f"
            }
          ],
          "sigs": [
            {
              "type": "sig",
              "id": "qpn.x000222",
              "sig": "@saao/saa09%akk-x-neoass:{KUR}man-na-a.a=Mannaya[Mannean//Mannean]EN'EN$Mannaya",
              "icount": "1",
              "ipct": "100",
              "xis": "qpn.r0001f"
            }
          ]
        }
      ]
    },
    {
      "headword": "Melidi[1]GN",
      "id": "qpn.x000024",
      "icount": "1",
      "ipct": "100",
      "xis": "qpn.r00020",
      "cf": "Melidi",
      "gw": "1",
      "pos": "GN",
      "forms": [
        {
          "type": "form",
          "id": "qpn.x000223",
          "n": "{URU}me-li-di",
          "icount": "1",
          "ipct": "100",
          "xis": "qpn.r00020"
        }
      ],
      "norms": [
        {
          "id": "qpn.x000224",
          "icount": "1",
          "ipct": "100",
          "xis": "qpn.r00020",
          "n": "Melidi",
          "forms": [
            {
              "type": "normform",
              "id": "qpn.x000225",
              "ref": "qpn.x000223",
              "icount": "1",
              "ipct": "100",
              "xis": "qpn.r00020"
            }
          ]
        }
      ],
      "senses": [
        {
          "type": "sense",
          "id": "qpn.x000226",
          "n": "Melidi[1//1]GN'GN",
          "icount": "1",
          "ipct": "100",
          "xis": "qpn.r00020",
          "pos": "GN",
          "mng": "1",
          "forms": [
            {
              "type": "form",
              "id": "qpn.x000227",
              "n": "%akk-x-neoass:{URU}me-li-di",
              "icount": "1",
              "ipct": "100",
              "xis": "qpn.r00020"
            }
          ],
          "norms": [
            {
              "id": "qpn.x000228",
              "n": "Melidi",
              "icount": "1",
              "ipct": "100",
              "xis": "qpn.r00020"
            }
          ],
          "sigs": [
            {
              "type": "sig",
              "id": "qpn.x000229",
              "sig": "@saao/saa09%akk-x-neoass:{URU}me-li-di=Melidi[1//1]GN'GN$Melidi",
              "icount": "1",
              "ipct": "100",
              "xis": "qpn.r00020"
            }
          ]
        }
      ]
    },
    {
      "headword": "Mullissu[1]DN",
      "id": "qpn.x000033",
      "icount": "1",
      "ipct": "100",
      "xis": "qpn.r00021",
      "cf": "Mullissu",
      "gw": "1",
      "pos": "DN",
      "forms": [
        {
          "type": "form",
          "id": "qpn.x000230",
          "n": "{d}NIN.LIL₂",
          "icount": "1",
          "ipct": "100",
          "xis": "qpn.r00021"
        }
      ],
      "norms": [
        {
          "id": "qpn.x000231",
          "icount": "1",
          "ipct": "100",
          "xis": "qpn.r00021",
          "n": "Mullissu",
          "forms": [
            {
              "type": "normform",
              "id": "qpn.x000232",
              "ref": "qpn.x000230",
              "icount": "1",
              "ipct": "100",
              "xis": "qpn.r00021"
            }
          ]
        }
      ],
      "senses": [
        {
          "type": "sense",
          "id": "qpn.x000233",
          "n": "Mullissu[1//1]DN'DN",
          "icount": "1",
          "ipct": "100",
          "xis": "qpn.r00021",
          "pos": "DN",
          "mng": "1",
          "forms": [
            {
              "type": "form",
              "id": "qpn.x000234",
              "n": "%akk-x-neoass:{d}NIN.LIL₂",
              "icount": "1",
              "ipct": "100",
              "xis": "qpn.r00021"
            }
          ],
          "norms": [
            {
              "id": "qpn.x000235",
              "n": "Mullissu",
              "icount": "1",
              "ipct": "100",
              "xis": "qpn.r00021"
            }
          ],
          "sigs": [
            {
              "type": "sig",
              "id": "qpn.x000236",
              "sig": "@saao/saa09%akk-x-neoass:{d}NIN.LIL₂=Mullissu[1//1]DN'DN$Mullissu",
              "icount": "1",
              "ipct": "100",
              "xis": "qpn.r00021"
            }
          ]
        }
      ]
    },
    {
      "headword": "Muṣur[Egypt]GN",
      "id": "qpn.x000019",
      "icount": "1",
      "ipct": "100",
      "xis": "qpn.r00022",
      "cf": "Muṣur",
      "gw": "Egypt",
      "pos": "GN",
      "forms": [
        {
          "type": "form",
          "id": "qpn.x000237",
          "n": "{KUR}mu-ṣur",
          "icount": "1",
          "ipct": "100",
          "xis": "qpn.r00022"
        }
      ],
      "norms": [
        {
          "id": "qpn.x000238",
          "icount": "1",
          "ipct": "100",
          "xis": "qpn.r00022",
          "n": "Muṣur",
          "forms": [
            {
              "type": "normform",
              "id": "qpn.x000239",
              "ref": "qpn.x000237",
              "icount": "1",
              "ipct": "100",
              "xis": "qpn.r00022"
            }
          ]
        }
      ],
      "senses": [
        {
          "type": "sense",
          "id": "qpn.x000240",
          "n": "Muṣur[Egypt//Egypt]GN'GN",
          "icount": "1",
          "ipct": "100",
          "xis": "qpn.r00022",
          "pos": "GN",
          "mng": "Egypt",
          "forms": [
            {
              "type": "form",
              "id": "qpn.x000241",
              "n": "%akk-x-neoass:{KUR}mu-ṣur",
              "icount": "1",
              "ipct": "100",
              "xis": "qpn.r00022"
            }
          ],
          "norms": [
            {
              "id": "qpn.x000242",
              "n": "Muṣur",
              "icount": "1",
              "ipct": "100",
              "xis": "qpn.r00022"
            }
          ],
          "sigs": [
            {
              "type": "sig",
              "id": "qpn.x000243",
              "sig": "@saao/saa09%akk-x-neoass:{KUR}mu-ṣur=Muṣur[Egypt//Egypt]GN'GN$Muṣur",
              "icount": "1",
              "ipct": "100",
              "xis": "qpn.r00022"
            }
          ]
        }
      ]
    },
    {
      "headword": "Nabu-hussanni[1]PN",
      "id": "qpn.x000009",
      "icount": "1",
      "ipct": "100",
      "xis": "qpn.r00023",
      "cf": "Nabu-hussanni",
      "gw": "1",
      "pos": "PN",
      "forms": [
        {
          "type": "form",
          "id": "qpn.x000244",
          "n": "{1}{d}PA-hu-sa-an-ni",
          "icount": "1",
          "ipct": "100",
          "xis": "qpn.r00023"
        }
      ],
      "norms": [
        {
          "id": "qpn.x000245",
          "icount": "1",
          "ipct": "100",
          "xis": "qpn.r00023",
          "n": "Nabu-hussanni",
          "forms": [
            {
              "type": "normform",
              "id": "qpn.x000246",
              "ref": "qpn.x000244",
              "icount": "1",
              "ipct": "100",
              "xis": "qpn.r00023"
            }
          ]
        }
      ],
      "senses": [
        {
          "type": "sense",
          "id": "qpn.x000247",
          "n": "Nabu-hussanni[1//1]PN'PN",
          "icount": "1",
          "ipct": "100",
          "xis": "qpn.r00023",
          "pos": "PN",
          "mng": "1",
          "forms": [
            {
              "type": "form",
              "id": "qpn.x000248",
              "n": "%akk-x-neoass:{1}{d}PA-hu-sa-an-ni",
              "icount": "1",
              "ipct": "100",
              "xis": "qpn.r00023"
            }
          ],
          "norms": [
            {
              "id": "qpn.x000249",
              "n": "Nabu-hussanni",
              "icount": "1",
              "ipct": "100",
              "xis": "qpn.r00023"
            }
          ],
          "sigs": [
            {
              "type": "sig",
              "id": "qpn.x000250",
              "sig": "@saao/saa09%akk-x-neoass:{1}{d}PA-hu-sa-an-ni=Nabu-hussanni[1//1]PN'PN$Nabu-hussanni",
              "icount": "1",
              "ipct": "100",
              "xis": "qpn.r00023"
            }
          ]
        }
      ]
    },
    {
      "headword": "Nabu[1]DN",
      "id": "qpn.x000029",
      "icount": "2",
      "ipct": "100",
      "xis": "qpn.r00024",
      "cf": "Nabu",
      "gw": "1",
      "pos": "DN",
      "forms": [
        {
          "type": "form",
          "id": "qpn.x000251",
          "n": "{d}AG",
          "icount": "1",
          "ipct": "50",
          "xis": "qpn.r00025"
        },
        {
          "type": "form",
          "id": "qpn.x000252",
          "n": "{d}PA",
          "icount": "1",
          "ipct": "50",
          "xis": "qpn.r00026"
        }
      ],
      "norms": [
        {
          "id": "qpn.x000253",
          "icount": "2",
          "ipct": "100",
          "xis": "qpn.r00024",
          "n": "Nabu",
          "forms": [
            {
              "type": "normform",
              "id": "qpn.x000254",
              "ref": "qpn.x000251",
              "icount": "1",
              "ipct": "50",
              "xis": "qpn.r00025"
            },
            {
              "type": "normform",
              "id": "qpn.x000255",
              "ref": "qpn.x000252",
              "icount": "1",
              "ipct": "50",
              "xis": "qpn.r00026"
            }
          ]
        }
      ],
      "senses": [
        {
          "type": "sense",
          "id": "qpn.x000256",
          "n": "Nabu[1//1]DN'DN",
          "icount": "2",
          "ipct": "100",
          "xis": "qpn.r00024",
          "pos": "DN",
          "mng": "1",
          "forms": [
            {
              "type": "form",
              "id": "qpn.x000257",
              "n": "%akk-x-neoass:{d}AG",
              "icount": "1",
              "ipct": "50",
              "xis": "qpn.r00025"
            },
            {
              "type": "form",
              "id": "qpn.x000258",
              "n": "%akk-x-neoass:{d}PA",
              "icount": "1",
              "ipct": "50",
              "xis": "qpn.r00026"
            }
          ],
          "norms": [
            {
              "id": "qpn.x000259",
              "n": "Nabu",
              "icount": "2",
              "ipct": "100",
              "xis": "qpn.r00024"
            }
          ],
          "sigs": [
            {
              "type": "sig",
              "id": "qpn.x000260",
              "sig": "@saao/saa09%akk-x-neoass:{d}AG=Nabu[1//1]DN'DN$Nabu",
              "icount": "1",
              "ipct": "50",
              "xis": "qpn.r00025"
            },
            {
              "type": "sig",
              "id": "qpn.x000261",
              "sig": "@saao/saa09%akk-x-neoass:{d}PA=Nabu[1//1]DN'DN$Nabu",
              "icount": "1",
              "ipct": "50",
              "xis": "qpn.r00026"
            }
          ]
        }
      ]
    },
    {
      "headword": "Ninua[Nineveh]GN",
      "id": "qpn.x000003",
      "icount": "2",
      "ipct": "100",
      "xis": "qpn.r00027",
      "cf": "Ninua",
      "gw": "Nineveh",
      "pos": "GN",
      "forms": [
        {
          "type": "form",
          "id": "qpn.x000262",
          "n": "NINA{KI}",
          "icount": "1",
          "ipct": "50",
          "xis": "qpn.r00028"
        },
        {
          "type": "form",
          "id": "qpn.x000263",
          "n": "{URU}NINA",
          "icount": "1",
          "ipct": "50",
          "xis": "qpn.r00029"
        }
      ],
      "norms": [
        {
          "id": "qpn.x000264",
          "icount": "2",
          "ipct": "100",
          "xis": "qpn.r00027",
          "n": "Ninua",
          "forms": [
            {
              "type": "normform",
              "id": "qpn.x000265",
              "ref": "qpn.x000262",
              "icount": "1",
              "ipct": "50",
              "xis": "qpn.r00028"
            },
            {
              "type": "normform",
              "id": "qpn.x000266",
              "ref": "qpn.x000263",
              "icount": "1",
              "ipct": "50",
              "xis": "qpn.r00029"
            }
          ]
        }
      ],
      "senses": [
        {
          "type": "sense",
          "id": "qpn.x000267",
          "n": "Ninua[Nineveh//Nineveh]GN'GN",
          "icount": "2",
          "ipct": "100",
          "xis": "qpn.r00027",
          "pos": "GN",
          "mng": "Nineveh",
          "forms": [
            {
              "type": "form",
              "id": "qpn.x000268",
              "n": "%akk-x-neoass:NINA{KI}",
              "icount": "1",
              "ipct": "50",
              "xis": "qpn.r00028"
            },
            {
              "type": "form",
              "id": "qpn.x000269",
              "n": "%akk-x-neoass:{URU}NINA",
              "icount": "1",
              "ipct": "50",
              "xis": "qpn.r00029"
            }
          ],
          "norms": [
            {
              "id": "qpn.x000270",
              "n": "Ninua",
              "icount": "2",
              "ipct": "100",
              "xis": "qpn.r00027"
            }
          ],
          "sigs": [
            {
              "type": "sig",
              "id": "qpn.x000271",
              "sig": "@saao/saa09%akk-x-neoass:NINA{KI}=Ninua[Nineveh//Nineveh]GN'GN$Ninua",
              "icount": "1",
              "ipct": "50",
              "xis": "qpn.r00028"
            },
            {
              "type": "sig",
              "id": "qpn.x000272",
              "sig": "@saao/saa09%akk-x-neoass:{URU}NINA=Ninua[Nineveh//Nineveh]GN'GN$Ninua",
              "icount": "1",
              "ipct": "50",
              "xis": "qpn.r00029"
            }
          ]
        }
      ]
    },
    {
      "headword": "Nisannu[Nisan]MN",
      "id": "qpn.x000010",
      "icount": "1",
      "ipct": "100",
      "xis": "qpn.r0002a",
      "cf": "Nisannu",
      "gw": "Nisan",
      "pos": "MN",
      "forms": [
        {
          "type": "form",
          "id": "qpn.x000273",
          "n": "{ITI}BARAG",
          "icount": "1",
          "ipct": "100",
          "xis": "qpn.r0002a"
        }
      ],
      "norms": [
        {
          "id": "qpn.x000274",
          "icount": "1",
          "ipct": "100",
          "xis": "qpn.r0002a",
          "n": "Nisannu",
          "forms": [
            {
              "type": "normform",
              "id": "qpn.x000275",
              "ref": "qpn.x000273",
              "icount": "1",
              "ipct": "100",
              "xis": "qpn.r0002a"
            }
          ]
        }
      ],
      "senses": [
        {
          "type": "sense",
          "id": "qpn.x000276",
          "n": "Nisannu[Nisan//Nisan]MN'MN",
          "icount": "1",
          "ipct": "100",
          "xis": "qpn.r0002a",
          "pos": "MN",
          "mng": "Nisan",
          "forms": [
            {
              "type": "form",
              "id": "qpn.x000277",
              "n": "%akk-x-neoass:{ITI}BARAG",
              "icount": "1",
              "ipct": "100",
              "xis": "qpn.r0002a"
            }
          ],
          "norms": [
            {
              "id": "qpn.x000278",
              "n": "Nisannu",
              "icount": "1",
              "ipct": "100",
              "xis": "qpn.r0002a"
            }
          ],
          "sigs": [
            {
              "type": "sig",
              "id": "qpn.x000279",
              "sig": "@saao/saa09%akk-x-neoass:{ITI}BARAG=Nisannu[Nisan//Nisan]MN'MN$Nisannu",
              "icount": "1",
              "ipct": "100",
              "xis": "qpn.r0002a"
            }
          ]
        }
      ]
    },
    {
      "headword": "Simanu[Sivan]MN",
      "id": "qpn.x000011",
      "icount": "1",
      "ipct": "100",
      "xis": "qpn.r0002b",
      "cf": "Simanu",
      "gw": "Sivan",
      "pos": "MN",
      "forms": [
        {
          "type": "form",
          "id": "qpn.x000280",
          "n": "{ITI}SIG₄",
          "icount": "1",
          "ipct": "100",
          "xis": "qpn.r0002b"
        }
      ],
      "norms": [
        {
          "id": "qpn.x000281",
          "icount": "1",
          "ipct": "100",
          "xis": "qpn.r0002b",
          "n": "Simani",
          "forms": [
            {
              "type": "normform",
              "id": "qpn.x000282",
              "ref": "qpn.x000280",
              "icount": "1",
              "ipct": "100",
              "xis": "qpn.r0002b"
            }
          ]
        }
      ],
      "senses": [
        {
          "type": "sense",
          "id": "qpn.x000283",
          "n": "Simanu[Sivan//Sivan]MN'MN",
          "icount": "1",
          "ipct": "100",
          "xis": "qpn.r0002b",
          "pos": "MN",
          "mng": "Sivan",
          "forms": [
            {
              "type": "form",
              "id": "qpn.x000284",
              "n": "%akk-x-neoass:{ITI}SIG₄",
              "icount": "1",
              "ipct": "100",
              "xis": "qpn.r0002b"
            }
          ],
          "norms": [
            {
              "id": "qpn.x000285",
              "n": "Simani",
              "icount": "1",
              "ipct": "100",
              "xis": "qpn.r0002b"
            }
          ],
          "sigs": [
            {
              "type": "sig",
              "id": "qpn.x000286",
              "sig": "@saao/saa09%akk-x-neoass:{ITI}SIG₄=Simanu[Sivan//Sivan]MN'MN$Simani",
              "icount": "1",
              "ipct": "100",
              "xis": "qpn.r0002b"
            }
          ]
        }
      ]
    },
    {
      "headword": "Sin[1]DN",
      "id": "qpn.x000028",
      "icount": "1",
      "ipct": "100",
      "xis": "qpn.r0002c",
      "cf": "Sin",
      "gw": "1",
      "pos": "DN",
      "forms": [
        {
          "type": "form",
          "id": "qpn.x000287",
          "n": "{d}30",
          "icount": "1",
          "ipct": "100",
          "xis": "qpn.r0002c"
        }
      ],
      "norms": [
        {
          "id": "qpn.x000288",
          "icount": "1",
          "ipct": "100",
          "xis": "qpn.r0002c",
          "n": "Sin",
          "forms": [
            {
              "type": "normform",
              "id": "qpn.x000289",
              "ref": "qpn.x000287",
              "icount": "1",
              "ipct": "100",
              "xis": "qpn.r0002c"
            }
          ]
        }
      ],
      "senses": [
        {
          "type": "sense",
          "id": "qpn.x000290",
          "n": "Sin[1//1]DN'DN",
          "icount": "1",
          "ipct": "100",
          "xis": "qpn.r0002c",
          "pos": "DN",
          "mng": "1",
          "forms": [
            {
              "type": "form",
              "id": "qpn.x000291",
              "n": "%akk-x-neoass:{d}30",
              "icount": "1",
              "ipct": "100",
              "xis": "qpn.r0002c"
            }
          ],
          "norms": [
            {
              "id": "qpn.x000292",
              "n": "Sin",
              "icount": "1",
              "ipct": "100",
              "xis": "qpn.r0002c"
            }
          ],
          "sigs": [
            {
              "type": "sig",
              "id": "qpn.x000293",
              "sig": "@saao/saa09%akk-x-neoass:{d}30=Sin[1//1]DN'DN$Sin",
              "icount": "1",
              "ipct": "100",
              "xis": "qpn.r0002c"
            }
          ]
        }
      ]
    },
    {
      "headword": "Urarṭaya[Urarṭian]EN",
      "id": "qpn.x000014",
      "icount": "1",
      "ipct": "100",
      "xis": "qpn.r0002d",
      "cf": "Urarṭaya",
      "gw": "Urarṭian",
      "pos": "EN",
      "forms": [
        {
          "type": "form",
          "id": "qpn.x000294",
          "n": "{KUR}URI-a.a",
          "icount": "1",
          "ipct": "100",
          "xis": "qpn.r0002d"
        }
      ],
      "norms": [
        {
          "id": "qpn.x000295",
          "icount": "1",
          "ipct": "100",
          "xis": "qpn.r0002d",
          "n": "Urarṭaya",
          "forms": [
            {
              "type": "normform",
              "id": "qpn.x000296",
              "ref": "qpn.x000294",
              "icount": "1",
              "ipct": "100",
              "xis": "qpn.r0002d"
            }
          ]
        }
      ],
      "senses": [
        {
          "type": "sense",
          "id": "qpn.x000297",
          "n": "Urarṭaya[Urarṭian//Urarṭian]EN'EN",
          "icount": "1",
          "ipct": "100",
          "xis": "qpn.r0002d",
          "pos": "EN",
          "mng": "Urarṭian",
          "forms": [
            {
              "type": "form",
              "id": "qpn.x000298",
              "n": "%akk-x-neoass:{KUR}URI-a.a",
              "icount": "1",
              "ipct": "100",
              "xis": "qpn.r0002d"
            }
          ],
          "norms": [
            {
              "id": "qpn.x000299",
              "n": "Urarṭaya",
              "icount": "1",
              "ipct": "100",
              "xis": "qpn.r0002d"
            }
          ],
          "sigs": [
            {
              "type": "sig",
              "id": "qpn.x000300",
              "sig": "@saao/saa09%akk-x-neoass:{KUR}URI-a.a=Urarṭaya[Urarṭian//Urarṭian]EN'EN$Urarṭaya",
              "icount": "1",
              "ipct": "100",
              "xis": "qpn.r0002d"
            }
          ]
        }
      ]
    },
    {
      "headword": "Šamaš[1]DN",
      "id": "qpn.x000034",
      "icount": "2",
      "ipct": "100",
      "xis": "qpn.r0002e",
      "cf": "Šamaš",
      "gw": "1",
      "pos": "DN",
      "forms": [
        {
          "type": "form",
          "id": "qpn.x000301",
          "n": "{d}UTU",
          "icount": "2",
          "ipct": "100",
          "xis": "qpn.r0002e"
        }
      ],
      "norms": [
        {
          "id": "qpn.x000302",
          "icount": "2",
          "ipct": "100",
          "xis": "qpn.r0002e",
          "n": "Šamaš",
          "forms": [
            {
              "type": "normform",
              "id": "qpn.x000303",
              "ref": "qpn.x000301",
              "icount": "2",
              "ipct": "100",
              "xis": "qpn.r0002e"
            }
          ]
        }
      ],
      "senses": [
        {
          "type": "sense",
          "id": "qpn.x000304",
          "n": "Šamaš[1//1]DN'DN",
          "icount": "2",
          "ipct": "100",
          "xis": "qpn.r0002e",
          "pos": "DN",
          "mng": "1",
          "forms": [
            {
              "type": "form",
              "id": "qpn.x000305",
              "n": "%akk-x-neoass:{d}UTU",
              "icount": "2",
              "ipct": "100",
              "xis": "qpn.r0002e"
            }
          ],
          "norms": [
            {
              "id": "qpn.x000306",
              "n": "Šamaš",
              "icount": "2",
              "ipct": "100",
              "xis": "qpn.r0002e"
            }
          ],
          "sigs": [
            {
              "type": "sig",
              "id": "qpn.x000307",
              "sig": "@saao/saa09%akk-x-neoass:{d}UTU=Šamaš[1//1]DN'DN$Šamaš",
              "icount": "2",
              "ipct": "100",
              "xis": "qpn.r0002e"
            }
          ]
        }
      ]
    }
  ],
  "instances": {
    "qpn.r00000": [
      "saao/saa09:P333952.196.3"
    ],
    "qpn.r0000a": [
      "saao/saa09:P337152.133.5"
    ],
    "qpn.r00008": [
      "saao/saa09:P333952.84.1"
    ],
    "qpn.r00005": [
      "saao/saa09:P337163.34.2"
    ],
    "qpn.r00002": [
      "saao/saa09:P334927.153.1",
      "saao/saa09:P337152.39.4",
      "saao/saa09:P337152.74.5"
    ],
    "qpn.r00001": [
      "saao/saa09:P333952.106.4",
      "saao/saa09:P333952.109.2",
      "saao/saa09:P333952.150.4",
      "saao/saa09:P333952.18.4",
      "saao/saa09:P333952.197.2",
      "saao/saa09:P333952.200.3",
      "saao/saa09:P333952.215.3",
      "saao/saa09:P333952.24.4",
      "saao/saa09:P333952.244.2",
      "saao/saa09:P333952.27.3",
      "saao/saa09:P333952.36.2",
      "saao/saa09:P333952.45.4",
      "saao/saa09:P333952.60.2",
      "saao/saa09:P333952.63.3",
      "saao/saa09:P333952.83.4",
      "saao/saa09:P333952.94.5",
      "saao/saa09:P334927.129.2",
      "saao/saa09:P334927.141.4",
      "saao/saa09:P334927.76.4",
      "saao/saa09:P334927.98.4",
      "saao/saa09:P336678.2.3",
      "saao/saa09:P336678.26.3",
      "saao/saa09:P337152.68.5",
      "saao/saa09:P337152.77.4",
      "saao/saa09:P337152.85.4",
      "saao/saa09:P337153.1.4",
      "saao/saa09:P337163.38.2"
    ],
    "qpn.r00006": [
      "saao/saa09:P313634.7.4",
      "saao/saa09:P334928.10.6",
      "saao/saa09:P334928.3.9"
    ],
    "qpn.r00003": [
      "saao/saa09:P333952.10.1",
      "saao/saa09:P333952.107.1",
      "saao/saa09:P333952.112.2",
      "saao/saa09:P333952.125.3",
      "saao/saa09:P333952.137.1",
      "saao/saa09:P333952.143.1",
      "saao/saa09:P333952.146.1",
      "saao/saa09:P333952.150.1",
      "saao/saa09:P333952.152.1",
      "saao/saa09:P333952.199.3",
      "saao/saa09:P333952.212.3",
      "saao/saa09:P333952.214.1",
      "saao/saa09:P333952.62.3",
      "saao/saa09:P333952.69.3",
      "saao/saa09:P334927.12.3",
      "saao/saa09:P334927.13.3",
      "saao/saa09:P334927.133.4",
      "saao/saa09:P334927.134.3",
      "saao/saa09:P334927.17.4",
      "saao/saa09:P334927.22.5",
      "saao/saa09:P334927.77.2",
      "saao/saa09:P334927.96.4",
      "saao/saa09:P334927.99.2",
      "saao/saa09:P336677.3.1",
      "saao/saa09:P337152.100.4",
      "saao/saa09:P337152.106.5",
      "saao/saa09:P337152.109.1",
      "saao/saa09:P337152.119.3",
      "saao/saa09:P337152.12.5",
      "saao/saa09:P337152.19.3",
      "saao/saa09:P337152.26.2",
      "saao/saa09:P337152.31.9",
      "saao/saa09:P337152.37.9",
      "saao/saa09:P337152.42.1",
      "saao/saa09:P337152.9.3",
      "saao/saa09:P337153.10.3",
      "saao/saa09:P337153.5.2"
    ],
    "qpn.r00007": [
      "saao/saa09:P333952.84.1",
      "saao/saa09:P334927.15.4",
      "saao/saa09:P334927.21.7",
      "saao/saa09:P334927.43.3",
      "saao/saa09:P334927.54.4",
      "saao/saa09:P334927.66.2",
      "saao/saa09:P334927.68.5",
      "saao/saa09:P337152.131.6",
      "saao/saa09:P337152.159.6"
    ],
    "qpn.r00004": [
      "saao/saa09:P313634.7.4",
      "saao/saa09:P334928.10.6",
      "saao/saa09:P334928.3.9",
      "saao/saa09:P337163.34.2"
    ],
    "qpn.r0000b": [
      "saao/saa09:P337163.39.5"
    ],
    "qpn.r00009": [
      "saao/saa09:P334927.15.4",
      "saao/saa09:P334927.21.7",
      "saao/saa09:P334927.43.3",
      "saao/saa09:P334927.54.4",
      "saao/saa09:P334927.66.2",
      "saao/saa09:P334927.68.5",
      "saao/saa09:P337152.131.6",
      "saao/saa09:P337152.159.6"
    ],
    "qpn.r0000c": [
      "saao/saa09:P333952.70.2"
    ],
    "qpn.r0000d": [
      "saao/saa09:P333952.17.1"
    ],
    "qpn.r0000e": [
      "saao/saa09:P334828.2.3"
    ],
    "qpn.r0000f": [
      "saao/saa09:P334828.14.1",
      "saao/saa09:P334828.9.4",
      "saao/saa09:P334928.15.6"
    ],
    "qpn.r00012": [
      "saao/saa09:P334927.42.3"
    ],
    "qpn.r00013": [
      "saao/saa09:P337152.11.6",
      "saao/saa09:P337152.133.4",
      "saao/saa09:P337152.70.3"
    ],
    "qpn.r00010": [
      "saao/saa09:P334828.14.1",
      "saao/saa09:P334828.9.4"
    ],
    "qpn.r00011": [
      "saao/saa09:P334928.15.6"
    ],
    "qpn.r00014": [
      "saao/saa09:P334927.11.3",
      "saao/saa09:P334927.15.3"
    ],
    "qpn.r00015": [
      "saao/saa09:P334928.15.7"
    ],
    "qpn.r00016": [
      "saao/saa09:P334927.41.1"
    ],
    "qpn.r00017": [
      "saao/saa09:P333952.240.4",
      "saao/saa09:P337152.60.4"
    ],
    "qpn.r0001c": [
      "saao/saa09:P333952.243.3",
      "saao/saa09:P334927.152.1",
      "saao/saa09:P337152.74.4"
    ],
    "qpn.r00019": [
      "saao/saa09:P333952.109.1",
      "saao/saa09:P337152.99.3"
    ],
    "qpn.r00018": [
      "saao/saa09:P333952.106.2",
      "saao/saa09:P333952.18.2",
      "saao/saa09:P333952.200.1",
      "saao/saa09:P333952.215.1",
      "saao/saa09:P333952.24.2",
      "saao/saa09:P333952.27.1",
      "saao/saa09:P333952.45.2",
      "saao/saa09:P333952.83.2",
      "saao/saa09:P334927.128.4",
      "saao/saa09:P334927.141.2",
      "saao/saa09:P334927.154.7",
      "saao/saa09:P334927.76.2",
      "saao/saa09:P334927.89.2",
      "saao/saa09:P334927.98.2",
      "saao/saa09:P336678.2.1",
      "saao/saa09:P337152.77.2",
      "saao/saa09:P337152.85.2",
      "saao/saa09:P337153.1.2"
    ],
    "qpn.r0001a": [
      "saao/saa09:P333952.109.1"
    ],
    "qpn.r0001b": [
      "saao/saa09:P337152.99.3"
    ],
    "qpn.r0001d": [
      "saao/saa09:P333952.104.1",
      "saao/saa09:P337152.17.4"
    ],
    "qpn.r0001e": [
      "saao/saa09:P333952.108.2",
      "saao/saa09:P333952.146.3",
      "saao/saa09:P334927.16.5"
    ],
    "qpn.r0001f": [
      "saao/saa09:P337152.102.1"
    ],
    "qpn.r00020": [
      "saao/saa09:P334927.37.1"
    ],
    "qpn.r00021": [
      "saao/saa09:P333952.101.2"
    ],
    "qpn.r00022": [
      "saao/saa09:P334928.21.3"
    ],
    "qpn.r00023": [
      "saao/saa09:P337152.17.3"
    ],
    "qpn.r00024": [
      "saao/saa09:P333952.91.2",
      "saao/saa09:P337163.23.6"
    ],
    "qpn.r0002a": [
      "saao/saa09:P337163.39.1"
    ],
    "qpn.r00027": [
      "saao/saa09:P333952.108.3",
      "saao/saa09:P337152.99.4"
    ],
    "qpn.r00025": [
      "saao/saa09:P337163.23.6"
    ],
    "qpn.r00026": [
      "saao/saa09:P333952.91.2"
    ],
    "qpn.r0002b": [
      "saao/saa09:P333952.15.4"
    ],
    "qpn.r00028": [
      "saao/saa09:P337152.99.4"
    ],
    "qpn.r00029": [
      "saao/saa09:P333952.108.3"
    ],
    "qpn.r0002c": [
      "saao/saa09:P333952.77.1"
    ],
    "qpn.r0002d": [
      "saao/saa09:P337152.102.3"
    ],
    "qpn.r0002e": [
      "saao/saa09:P333952.77.4",
      "saao/saa09:P337153.19.2"
    ],
    "qpn.r00000.p.s000": [
      "saao/saa09:P333952.196.3"
    ],
    "qpn.r0000a.p.s000": [
      "saao/saa09:P337152.133.5"
    ],
    "qpn.r00008.p.s000": [
      "saao/saa09:P333952.84.1"
    ],
    "qpn.r00005.p.s000": [
      "saao/saa09:P337163.34.2"
    ],
    "qpn.r00002.p.s000": [
      "saao/saa09:P337152.39.4",
      "saao/saa09:P337152.74.5",
      "saao/saa09:P334927.153.1"
    ],
    "qpn.r00001.p.s000": [
      "saao/saa09:P333952.18.4",
      "saao/saa09:P333952.24.4",
      "saao/saa09:P333952.27.3",
      "saao/saa09:P333952.36.2",
      "saao/saa09:P333952.45.4",
      "saao/saa09:P333952.60.2",
      "saao/saa09:P333952.63.3",
      "saao/saa09:P333952.83.4",
      "saao/saa09:P333952.94.5",
      "saao/saa09:P333952.106.4",
      "saao/saa09:P333952.109.2",
      "saao/saa09:P333952.150.4",
      "saao/saa09:P333952.197.2",
      "saao/saa09:P333952.200.3",
      "saao/saa09:P333952.215.3",
      "saao/saa09:P333952.244.2",
      "saao/saa09:P337152.68.5",
      "saao/saa09:P337152.77.4",
      "saao/saa09:P337152.85.4",
      "saao/saa09:P334927.76.4",
      "saao/saa09:P334927.98.4",
      "saao/saa09:P334927.129.2",
      "saao/saa09:P334927.141.4",
      "saao/saa09:P337153.1.4",
      "saao/saa09:P336678.2.3",
      "saao/saa09:P336678.26.3",
      "saao/saa09:P337163.38.2"
    ],
    "qpn.r00006.p.s000": [
      "saao/saa09:P334928.3.9",
      "saao/saa09:P334928.10.6",
      "saao/saa09:P313634.7.4"
    ],
    "qpn.r00003.p.s000": [
      "saao/saa09:P333952.10.1",
      "saao/saa09:P333952.62.3",
      "saao/saa09:P333952.69.3",
      "saao/saa09:P333952.107.1",
      "saao/saa09:P333952.112.2",
      "saao/saa09:P333952.125.3",
      "saao/saa09:P333952.137.1",
      "saao/saa09:P333952.143.1",
      "saao/saa09:P333952.146.1",
      "saao/saa09:P333952.150.1",
      "saao/saa09:P333952.152.1",
      "saao/saa09:P333952.199.3",
      "saao/saa09:P333952.212.3",
      "saao/saa09:P333952.214.1",
      "saao/saa09:P337152.9.3",
      "saao/saa09:P337152.12.5",
      "saao/saa09:P337152.19.3",
      "saao/saa09:P337152.26.2",
      "saao/saa09:P337152.31.9",
      "saao/saa09:P337152.37.9",
      "saao/saa09:P337152.42.1",
      "saao/saa09:P337152.100.4",
      "saao/saa09:P337152.106.5",
      "saao/saa09:P337152.109.1",
      "saao/saa09:P337152.119.3",
      "saao/saa09:P334927.12.3",
      "saao/saa09:P334927.13.3",
      "saao/saa09:P334927.17.4",
      "saao/saa09:P334927.22.5",
      "saao/saa09:P334927.77.2",
      "saao/saa09:P334927.96.4",
      "saao/saa09:P334927.99.2",
      "saao/saa09:P334927.133.4",
      "saao/saa09:P334927.134.3",
      "saao/saa09:P336677.3.1",
      "saao/saa09:P337153.5.2",
      "saao/saa09:P337153.10.3"
    ],
    "qpn.r00007.p.s000": [
      "saao/saa09:P333952.84.1",
      "saao/saa09:P337152.131.6",
      "saao/saa09:P337152.159.6",
      "saao/saa09:P334927.15.4",
      "saao/saa09:P334927.21.7",
      "saao/saa09:P334927.43.3",
      "saao/saa09:P334927.54.4",
      "saao/saa09:P334927.66.2",
      "saao/saa09:P334927.68.5"
    ],
    "qpn.r00004.p.s000": [
      "saao/saa09:P334928.3.9",
      "saao/saa09:P334928.10.6",
      "saao/saa09:P337163.34.2",
      "saao/saa09:P313634.7.4"
    ],
    "qpn.r0000b.p.s000": [
      "saao/saa09:P337163.39.5"
    ],
    "qpn.r00009.p.s000": [
      "saao/saa09:P337152.131.6",
      "saao/saa09:P337152.159.6",
      "saao/saa09:P334927.15.4",
      "saao/saa09:P334927.21.7",
      "saao/saa09:P334927.43.3",
      "saao/saa09:P334927.54.4",
      "saao/saa09:P334927.66.2",
      "saao/saa09:P334927.68.5"
    ],
    "qpn.r0000c.p.s000": [
      "saao/saa09:P333952.70.2"
    ],
    "qpn.r0000d.p.s000": [
      "saao/saa09:P333952.17.1"
    ],
    "qpn.r0000e.p.s000": [
      "saao/saa09:P334828.2.3"
    ],
    "qpn.r0000f.p.s000": [
      "saao/saa09:P334928.15.6",
      "saao/saa09:P334828.9.4",
      "saao/saa09:P334828.14.1"
    ],
    "qpn.r00012.p.s000": [
      "saao/saa09:P334927.42.3"
    ],
    "qpn.r00013.p.s000": [
      "saao/saa09:P337152.11.6",
      "saao/saa09:P337152.70.3",
      "saao/saa09:P337152.133.4"
    ],
    "qpn.r00010.p.s000": [
      "saao/saa09:P334828.9.4",
      "saao/saa09:P334828.14.1"
    ],
    "qpn.r00011.p.s000": [
      "saao/saa09:P334928.15.6"
    ],
    "qpn.r00014.p.s000": [
      "saao/saa09:P334927.11.3",
      "saao/saa09:P334927.15.3"
    ],
    "qpn.r00015.p.s000": [
      "saao/saa09:P334928.15.7"
    ],
    "qpn.r00016.p.s000": [
      "saao/saa09:P334927.41.1"
    ],
    "qpn.r00017.p.s000": [
      "saao/saa09:P333952.240.4",
      "saao/saa09:P337152.60.4"
    ],
    "qpn.r0001c.p.s000": [
      "saao/saa09:P333952.243.3",
      "saao/saa09:P337152.74.4",
      "saao/saa09:P334927.152.1"
    ],
    "qpn.r00019.p.s000": [
      "saao/saa09:P333952.109.1",
      "saao/saa09:P337152.99.3"
    ],
    "qpn.r00018.p.s000": [
      "saao/saa09:P333952.18.2",
      "saao/saa09:P333952.24.2",
      "saao/saa09:P333952.27.1",
      "saao/saa09:P333952.45.2",
      "saao/saa09:P333952.83.2",
      "saao/saa09:P333952.106.2",
      "saao/saa09:P333952.200.1",
      "saao/saa09:P333952.215.1",
      "saao/saa09:P337152.77.2",
      "saao/saa09:P337152.85.2",
      "saao/saa09:P334927.76.2",
      "saao/saa09:P334927.89.2",
      "saao/saa09:P334927.98.2",
      "saao/saa09:P334927.128.4",
      "saao/saa09:P334927.141.2",
      "saao/saa09:P334927.154.7",
      "saao/saa09:P337153.1.2",
      "saao/saa09:P336678.2.1"
    ],
    "qpn.r0001a.p.s000": [
      "saao/saa09:P333952.109.1"
    ],
    "qpn.r0001b.p.s000": [
      "saao/saa09:P337152.99.3"
    ],
    "qpn.r0001d.p.s000": [
      "saao/saa09:P333952.104.1",
      "saao/saa09:P337152.17.4"
    ],
    "qpn.r0001e.p.s000": [
      "saao/saa09:P333952.108.2",
      "saao/saa09:P333952.146.3",
      "saao/saa09:P334927.16.5"
    ],
    "qpn.r0001f.p.s000": [
      "saao/saa09:P337152.102.1"
    ],
    "qpn.r00020.p.s000": [
      "saao/saa09:P334927.37.1"
    ],
    "qpn.r00021.p.s000": [
      "saao/saa09:P333952.101.2"
    ],
    "qpn.r00022.p.s000": [
      "saao/saa09:P334928.21.3"
    ],
    "qpn.r00023.p.s000": [
      "saao/saa09:P337152.17.3"
    ],
    "qpn.r00024.p.s000": [
      "saao/saa09:P333952.91.2",
      "saao/saa09:P337163.23.6"
    ],
    "qpn.r0002a.p.s000": [
      "saao/saa09:P337163.39.1"
    ],
    "qpn.r00027.p.s000": [
      "saao/saa09:P333952.108.3",
      "saao/saa09:P337152.99.4"
    ],
    "qpn.r00025.p.s000": [
      "saao/saa09:P337163.23.6"
    ],
    "qpn.r00026.p.s000": [
      "saao/saa09:P333952.91.2"
    ],
    "qpn.r0002b.p.s000": [
      "saao/saa09:P333952.15.4"
    ],
    "qpn.r00028.p.s000": [
      "saao/saa09:P337152.99.4"
    ],
    "qpn.r00029.p.s000": [
      "saao/saa09:P333952.108.3"
    ],
    "qpn.r0002c.p.s000": [
      "saao/saa09:P333952.77.1"
    ],
    "qpn.r0002d.p.s000": [
      "saao/saa09:P337152.102.3"
    ],
    "qpn.r0002e.p.s000": [
      "saao/saa09:P333952.77.4",
      "saao/saa09:P337153.19.2"
    ]
  }
}
