{
  "type": "index",
  "project": "saao/saa09",
  "source": "http://oracc.org/saao/saa09",
  "license": "This data is released under the CC0 license",
  "license-url": "https://creativecommons.org/publicdomain/zero/1.0/",
  "more-info": "http://oracc.org/doc/opendata/",
  "UTC-timestamp": "2017-06-10T00:46:45",
  "name": "cbd/qpn-x-places",
  "keys": [
    {
      "key": "1",
      "count": "6",
      "instances": [
        "qpn-x-places.x000030",
        "qpn-x-places.x000030",
        "qpn-x-places.x000046",
        "qpn-x-places.x000046",
        "qpn-x-places.x000068",
        "qpn-x-places.x000068"
      ]
    },
    {
      "key": "x",
      "count": "13",
      "instances": [
        "qpn-x-places.x000000",
        "qpn-x-places.x000008",
        "qpn-x-places.x000016",
        "qpn-x-places.x000016",
        "qpn-x-places.x000030",
        "qpn-x-places.x000038",
        "qpn-x-places.x000046",
        "qpn-x-places.x000046",
        "qpn-x-places.x000060",
        "qpn-x-places.x000068",
        "qpn-x-places.x000076",
        "qpn-x-places.x000084",
        "qpn-x-places.x000084"
      ]
    },
    {
      "key": "neoassnina",
      "count": "1",
      "instances": [
        "qpn-x-places.x000084"
      ]
    },
    {
      "key": "kur",
      "count": "10",
      "instances": [
        "qpn-x-places.x000016",
        "qpn-x-places.x000016",
        "qpn-x-places.x000016",
        "qpn-x-places.x000016",
        "qpn-x-places.x000030",
        "qpn-x-places.x000030",
        "qpn-x-places.x000038",
        "qpn-x-places.x000038",
        "qpn-x-places.x000076",
        "qpn-x-places.x000076"
      ]
    },
    {
      "key": "Libbi-ali[Inner City (Assur)]",
      "count": "1",
      "instances": [
        "qpn-x-places.x000060"
      ]
    },
    {
      "key": "kal",
      "count": "4",
      "instances": [
        "qpn-x-places.x000046",
        "qpn-x-places.x000046",
        "qpn-x-places.x000046",
        "qpn-x-places.x000046"
      ]
    },
    {
      "key": "di",
      "count": "2",
      "instances": [
        "qpn-x-places.x000068",
        "qpn-x-places.x000068"
      ]
    },
    {
      "key": "el",
      "count": "2",
      "instances": [
        "qpn-x-places.x000030",
        "qpn-x-places.x000030"
      ]
    },
    {
      "key": "gi",
      "count": "2",
      "instances": [
        "qpn-x-places.x000038",
        "qpn-x-places.x000038"
      ]
    },
    {
      "key": "hi",
      "count": "2",
      "instances": [
        "qpn-x-places.x000046",
        "qpn-x-places.x000046"
      ]
    },
    {
      "key": "ha",
      "count": "2",
      "instances": [
        "qpn-x-places.x000046",
        "qpn-x-places.x000046"
      ]
    },
    {
      "key": "ki",
      "count": "8",
      "instances": [
        "qpn-x-places.x000008",
        "qpn-x-places.x000008",
        "qpn-x-places.x000016",
        "qpn-x-places.x000016",
        "qpn-x-places.x000016",
        "qpn-x-places.x000016",
        "qpn-x-places.x000084",
        "qpn-x-places.x000084"
      ]
    },
    {
      "key": "li",
      "count": "4",
      "instances": [
        "qpn-x-places.x000030",
        "qpn-x-places.x000030",
        "qpn-x-places.x000068",
        "qpn-x-places.x000068"
      ]
    },
    {
      "key": "cimmeria",
      "count": "2",
      "instances": [
        "qpn-x-places.x000038",
        "qpn-x-places.x000038"
      ]
    },
    {
      "key": "me",
      "count": "2",
      "instances": [
        "qpn-x-places.x000068",
        "qpn-x-places.x000068"
      ]
    },
    {
      "key": "mu",
      "count": "2",
      "instances": [
        "qpn-x-places.x000076",
        "qpn-x-places.x000076"
      ]
    },
    {
      "key": "pi",
      "count": "2",
      "instances": [
        "qpn-x-places.x000030",
        "qpn-x-places.x000030"
      ]
    },
    {
      "key": "Kalhu[1]",
      "count": "1",
      "instances": [
        "qpn-x-places.x000046"
      ]
    },
    {
      "key": "ṣur",
      "count": "2",
      "instances": [
        "qpn-x-places.x000076",
        "qpn-x-places.x000076"
      ]
    },
    {
      "key": "elamti",
      "count": "1",
      "instances": [
        "qpn-x-places.x000016"
      ]
    },
    {
      "key": "elamtu",
      "count": "2",
      "instances": [
        "qpn-x-places.x000016",
        "qpn-x-places.x000016"
      ]
    },
    {
      "key": "babylon",
      "count": "2",
      "instances": [
        "qpn-x-places.x000008",
        "qpn-x-places.x000008"
      ]
    },
    {
      "key": "ka₂dingir",
      "count": "1",
      "instances": [
        "qpn-x-places.x000008"
      ]
    },
    {
      "key": "gimir",
      "count": "2",
      "instances": [
        "qpn-x-places.x000038",
        "qpn-x-places.x000038"
      ]
    },
    {
      "key": "ninua",
      "count": "2",
      "instances": [
        "qpn-x-places.x000084",
        "qpn-x-places.x000084"
      ]
    },
    {
      "key": "ali",
      "count": "2",
      "instances": [
        "qpn-x-places.x000060",
        "qpn-x-places.x000060"
      ]
    },
    {
      "key": "nineveh",
      "count": "2",
      "instances": [
        "qpn-x-places.x000084",
        "qpn-x-places.x000084"
      ]
    },
    {
      "key": "akk",
      "count": "13",
      "instances": [
        "qpn-x-places.x000000",
        "qpn-x-places.x000008",
        "qpn-x-places.x000016",
        "qpn-x-places.x000016",
        "qpn-x-places.x000030",
        "qpn-x-places.x000038",
        "qpn-x-places.x000046",
        "qpn-x-places.x000046",
        "qpn-x-places.x000060",
        "qpn-x-places.x000068",
        "qpn-x-places.x000076",
        "qpn-x-places.x000084",
        "qpn-x-places.x000084"
      ]
    },
    {
      "key": "il₃",
      "count": "2",
      "instances": [
        "qpn-x-places.x000000",
        "qpn-x-places.x000000"
      ]
    },
    {
      "key": "Arbail[Arbela]",
      "count": "1",
      "instances": [
        "qpn-x-places.x000000"
      ]
    },
    {
      "key": "Babili[Babylon]",
      "count": "1",
      "instances": [
        "qpn-x-places.x000008"
      ]
    },
    {
      "key": "nimma",
      "count": "2",
      "instances": [
        "qpn-x-places.x000016",
        "qpn-x-places.x000016"
      ]
    },
    {
      "key": "egypt",
      "count": "2",
      "instances": [
        "qpn-x-places.x000076",
        "qpn-x-places.x000076"
      ]
    },
    {
      "key": "nim",
      "count": "2",
      "instances": [
        "qpn-x-places.x000016",
        "qpn-x-places.x000016"
      ]
    },
    {
      "key": "Ellipi[1]",
      "count": "1",
      "instances": [
        "qpn-x-places.x000030"
      ]
    },
    {
      "key": "libbi",
      "count": "2",
      "instances": [
        "qpn-x-places.x000060",
        "qpn-x-places.x000060"
      ]
    },
    {
      "key": "neoasska₂dingir",
      "count": "1",
      "instances": [
        "qpn-x-places.x000008"
      ]
    },
    {
      "key": "babili",
      "count": "2",
      "instances": [
        "qpn-x-places.x000008",
        "qpn-x-places.x000008"
      ]
    },
    {
      "key": "Gimir[Cimmeria]",
      "count": "1",
      "instances": [
        "qpn-x-places.x000038"
      ]
    },
    {
      "key": "melidi",
      "count": "2",
      "instances": [
        "qpn-x-places.x000068",
        "qpn-x-places.x000068"
      ]
    },
    {
      "key": "Melidi[1]",
      "count": "1",
      "instances": [
        "qpn-x-places.x000068"
      ]
    },
    {
      "key": "arbela",
      "count": "2",
      "instances": [
        "qpn-x-places.x000000",
        "qpn-x-places.x000000"
      ]
    },
    {
      "key": "mir",
      "count": "2",
      "instances": [
        "qpn-x-places.x000038",
        "qpn-x-places.x000038"
      ]
    },
    {
      "key": "ša₃",
      "count": "2",
      "instances": [
        "qpn-x-places.x000060",
        "qpn-x-places.x000060"
      ]
    },
    {
      "key": "inner",
      "count": "2",
      "instances": [
        "qpn-x-places.x000060",
        "qpn-x-places.x000060"
      ]
    },
    {
      "key": "nina",
      "count": "3",
      "instances": [
        "qpn-x-places.x000084",
        "qpn-x-places.x000084",
        "qpn-x-places.x000084"
      ]
    },
    {
      "key": "kalhi",
      "count": "1",
      "instances": [
        "qpn-x-places.x000046"
      ]
    },
    {
      "key": "kalha",
      "count": "1",
      "instances": [
        "qpn-x-places.x000046"
      ]
    },
    {
      "key": "kalhu",
      "count": "1",
      "instances": [
        "qpn-x-places.x000046"
      ]
    },
    {
      "key": "Ninua[Nineveh]",
      "count": "1",
      "instances": [
        "qpn-x-places.x000084"
      ]
    },
    {
      "key": "ellipi",
      "count": "2",
      "instances": [
        "qpn-x-places.x000030",
        "qpn-x-places.x000030"
      ]
    },
    {
      "key": "elam",
      "count": "2",
      "instances": [
        "qpn-x-places.x000016",
        "qpn-x-places.x000016"
      ]
    },
    {
      "key": "Muṣur[Egypt]",
      "count": "1",
      "instances": [
        "qpn-x-places.x000076"
      ]
    },
    {
      "key": "neoass",
      "count": "11",
      "instances": [
        "qpn-x-places.x000000",
        "qpn-x-places.x000016",
        "qpn-x-places.x000016",
        "qpn-x-places.x000030",
        "qpn-x-places.x000038",
        "qpn-x-places.x000046",
        "qpn-x-places.x000046",
        "qpn-x-places.x000060",
        "qpn-x-places.x000068",
        "qpn-x-places.x000076",
        "qpn-x-places.x000084"
      ]
    },
    {
      "key": "city",
      "count": "2",
      "instances": [
        "qpn-x-places.x000060",
        "qpn-x-places.x000060"
      ]
    },
    {
      "key": "muṣur",
      "count": "2",
      "instances": [
        "qpn-x-places.x000076",
        "qpn-x-places.x000076"
      ]
    },
    {
      "key": "Elamtu[Elam]",
      "count": "1",
      "instances": [
        "qpn-x-places.x000016"
      ]
    },
    {
      "key": "arbail",
      "count": "2",
      "instances": [
        "qpn-x-places.x000000",
        "qpn-x-places.x000000"
      ]
    },
    {
      "key": "arba",
      "count": "2",
      "instances": [
        "qpn-x-places.x000000",
        "qpn-x-places.x000000"
      ]
    },
    {
      "key": "assur",
      "count": "2",
      "instances": [
        "qpn-x-places.x000060",
        "qpn-x-places.x000060"
      ]
    },
    {
      "key": "uru",
      "count": "14",
      "instances": [
        "qpn-x-places.x000000",
        "qpn-x-places.x000000",
        "qpn-x-places.x000046",
        "qpn-x-places.x000046",
        "qpn-x-places.x000046",
        "qpn-x-places.x000046",
        "qpn-x-places.x000060",
        "qpn-x-places.x000060",
        "qpn-x-places.x000060",
        "qpn-x-places.x000060",
        "qpn-x-places.x000068",
        "qpn-x-places.x000068",
        "qpn-x-places.x000084",
        "qpn-x-places.x000084"
      ]
    },
    {
      "key": "#",
      "count": "30",
      "instances": [
        "qpn-x-places.x000000",
        "qpn-x-places.x000000",
        "qpn-x-places.x000008",
        "qpn-x-places.x000008",
        "qpn-x-places.x000016",
        "qpn-x-places.x000016",
        "qpn-x-places.x000016",
        "qpn-x-places.x000016",
        "qpn-x-places.x000016",
        "qpn-x-places.x000016",
        "qpn-x-places.x000016",
        "qpn-x-places.x000016",
        "qpn-x-places.x000030",
        "qpn-x-places.x000030",
        "qpn-x-places.x000038",
        "qpn-x-places.x000038",
        "qpn-x-places.x000046",
        "qpn-x-places.x000046",
        "qpn-x-places.x000046",
        "qpn-x-places.x000046",
        "qpn-x-places.x000060",
        "qpn-x-places.x000060",
        "qpn-x-places.x000068",
        "qpn-x-places.x000068",
        "qpn-x-places.x000076",
        "qpn-x-places.x000076",
        "qpn-x-places.x000084",
        "qpn-x-places.x000084",
        "qpn-x-places.x000084",
        "qpn-x-places.x000084"
      ]
    }
  ],
  "map": {
    "%akk": "akk",
    "Arbail": "arbail",
    "Arbela": "arbela",
    "(Assur)": "assur",
    "Babili": "babili",
    "Babylon": "babylon",
    "Cimmeria": "cimmeria",
    "City": "city",
    "Egypt": "egypt",
    "Elam": "elam",
    "Elamti": "elamti",
    "Elamtu": "elamtu",
    "Ellipi": "ellipi",
    "Gimir": "gimir",
    "Inner": "inner",
    "KA₂.DINGIR": "ka₂dingir",
    "Kalha": "kalha",
    "Kalhi": "kalhi",
    "Kalhu": "kalhu",
    "KI": "ki",
    "KUR": "kur",
    "Libbi": "libbi",
    "Melidi": "melidi",
    "Muṣur": "muṣur",
    "neoass:KA₂.DINGIR": "neoasska₂dingir",
    "neoass:": "neoass",
    "neoass:NINA": "neoassnina",
    "NIM.MA": "nimma",
    "NIM": "nim",
    "NINA": "nina",
    "Nineveh": "nineveh",
    "Ninua": "ninua",
    "ŠA₃": "ša₃",
    "URU": "uru"
  }
}
