{
  "type": "cdl",
  "source": "http://oracc.org/saao/saa18",
  "license": "This data is released under the CC0 license",
  "license-url": "https://creativecommons.org/publicdomain/zero/1.0/",
  "more-info": "http://oracc.org/doc/opendata/",
  "UTC-timestamp": "2017-06-10T00:59:28",
  "project": "saao/saa18",
  "textid": "P237560",
  "cdl": [
    {
      "node": "c",
      "type": "text",
      "id": "P237560.U0",
      "cdl": [
        {
          "node": "d",
          "type": "object",
          "ref": ""
        },
        {
          "node": "d",
          "subtype": "obverse",
          "type": "obverse",
          "ref": "P237560.o.1",
          "label": "o"
        },
        {
          "node": "d",
          "type": "nonx",
          "ref": "P237560.2",
          "strict": "0",
          "extent": "beginning",
          "state": "missing"
        },
        {
          "node": "c",
          "type": "discourse",
          "subtype": "body",
          "id": "P237560.U1",
          "cdl": [
            {
              "node": "c",
              "type": "sentence",
              "id": "P237560.U2",
              "label": "o 1' - o 12'",
              "cdl": [
                {
                  "node": "d",
                  "type": "line-start",
                  "ref": "P237560.3",
                  "n": "1'",
                  "label": "o 1'"
                },
                {
                  "node": "l",
                  "frag": "[x",
                  "id": "P237560.l01235",
                  "ref": "P237560.3.1",
                  "inst": "u",
                  "f": {
                    "lang": "akk-x-neobab",
                    "form": "x",
                    "pos": "u"
                  }
                },
                {
                  "node": "l",
                  "frag": "x",
                  "id": "P237560.l01236",
                  "ref": "P237560.3.2",
                  "inst": "u",
                  "f": {
                    "lang": "akk-x-neobab",
                    "form": "x",
                    "pos": "u"
                  }
                },
                {
                  "node": "l",
                  "frag": "x",
                  "id": "P237560.l01237",
                  "ref": "P237560.3.3",
                  "inst": "u",
                  "f": {
                    "lang": "akk-x-neobab",
                    "form": "x",
                    "pos": "u"
                  }
                },
                {
                  "node": "l",
                  "frag": "x",
                  "id": "P237560.l01238",
                  "ref": "P237560.3.4",
                  "inst": "u",
                  "f": {
                    "lang": "akk-x-neobab",
                    "form": "x",
                    "pos": "u"
                  }
                },
                {
                  "node": "l",
                  "frag": "x",
                  "id": "P237560.l01239",
                  "ref": "P237560.3.5",
                  "inst": "u",
                  "f": {
                    "lang": "akk-x-neobab",
                    "form": "x",
                    "pos": "u"
                  }
                },
                {
                  "node": "l",
                  "frag": "x",
                  "id": "P237560.l0123a",
                  "ref": "P237560.3.6",
                  "inst": "u",
                  "f": {
                    "lang": "akk-x-neobab",
                    "form": "x",
                    "pos": "u"
                  }
                },
                {
                  "node": "l",
                  "frag": "x",
                  "id": "P237560.l0123b",
                  "ref": "P237560.3.7",
                  "inst": "u",
                  "f": {
                    "lang": "akk-x-neobab",
                    "form": "x",
                    "pos": "u"
                  }
                },
                {
                  "node": "l",
                  "frag": "x",
                  "id": "P237560.l0123c",
                  "ref": "P237560.3.8",
                  "inst": "u",
                  "f": {
                    "lang": "akk-x-neobab",
                    "form": "x",
                    "pos": "u"
                  }
                },
                {
                  "node": "l",
                  "frag": "x]",
                  "id": "P237560.l0123d",
                  "ref": "P237560.3.9",
                  "inst": "u",
                  "f": {
                    "lang": "akk-x-neobab",
                    "form": "x",
                    "pos": "u"
                  }
                },
                {
                  "node": "l",
                  "frag": "⸢da",
                  "id": "P237560.l0123e",
                  "ref": "P237560.3.10",
                  "inst": "u",
                  "f": {
                    "lang": "akk-x-neobab",
                    "form": "da",
                    "pos": "u"
                  }
                },
                {
                  "node": "l",
                  "frag": "da",
                  "id": "P237560.l0123f",
                  "ref": "P237560.3.11",
                  "inst": "u",
                  "f": {
                    "lang": "akk-x-neobab",
                    "form": "da",
                    "pos": "u"
                  }
                },
                {
                  "node": "l",
                  "frag": "x⸣+[x]",
                  "id": "P237560.l01240",
                  "ref": "P237560.3.12",
                  "inst": "u",
                  "f": {
                    "lang": "akk-x-neobab",
                    "form": "x+x",
                    "pos": "u"
                  }
                },
                {
                  "node": "d",
                  "type": "line-start",
                  "ref": "P237560.4",
                  "n": "2'",
                  "label": "o 2'"
                },
                {
                  "node": "l",
                  "frag": "[x",
                  "id": "P237560.l01241",
                  "ref": "P237560.4.1",
                  "inst": "u",
                  "f": {
                    "lang": "akk-x-neobab",
                    "form": "x",
                    "pos": "u"
                  }
                },
                {
                  "node": "l",
                  "frag": "x",
                  "id": "P237560.l01242",
                  "ref": "P237560.4.2",
                  "inst": "u",
                  "f": {
                    "lang": "akk-x-neobab",
                    "form": "x",
                    "pos": "u"
                  }
                },
                {
                  "node": "l",
                  "frag": "x",
                  "id": "P237560.l01243",
                  "ref": "P237560.4.3",
                  "inst": "u",
                  "f": {
                    "lang": "akk-x-neobab",
                    "form": "x",
                    "pos": "u"
                  }
                },
                {
                  "node": "l",
                  "frag": "x",
                  "id": "P237560.l01244",
                  "ref": "P237560.4.4",
                  "inst": "u",
                  "f": {
                    "lang": "akk-x-neobab",
                    "form": "x",
                    "pos": "u"
                  }
                },
                {
                  "node": "l",
                  "frag": "x",
                  "id": "P237560.l01245",
                  "ref": "P237560.4.5",
                  "inst": "u",
                  "f": {
                    "lang": "akk-x-neobab",
                    "form": "x",
                    "pos": "u"
                  }
                },
                {
                  "node": "l",
                  "frag": "x",
                  "id": "P237560.l01246",
                  "ref": "P237560.4.6",
                  "inst": "u",
                  "f": {
                    "lang": "akk-x-neobab",
                    "form": "x",
                    "pos": "u"
                  }
                },
                {
                  "node": "l",
                  "frag": "x]-⸢ka⸣-aʾ",
                  "id": "P237560.l01247",
                  "ref": "P237560.4.7",
                  "inst": "u",
                  "f": {
                    "lang": "akk-x-neobab",
                    "form": "x-ka-aʾ",
                    "pos": "u"
                  }
                },
                {
                  "node": "l",
                  "frag": "i-⸢le⸣-[x",
                  "id": "P237560.l01248",
                  "ref": "P237560.4.8",
                  "inst": "u",
                  "f": {
                    "lang": "akk-x-neobab",
                    "form": "i-le-x",
                    "pos": "u"
                  }
                },
                {
                  "node": "l",
                  "frag": "x]",
                  "id": "P237560.l01249",
                  "ref": "P237560.4.9",
                  "inst": "u",
                  "f": {
                    "lang": "akk-x-neobab",
                    "form": "x",
                    "pos": "u"
                  }
                },
                {
                  "node": "d",
                  "type": "line-start",
                  "ref": "P237560.5",
                  "n": "3'",
                  "label": "o 3'"
                },
                {
                  "node": "l",
                  "frag": "[x",
                  "id": "P237560.l0124a",
                  "ref": "P237560.5.1",
                  "inst": "u",
                  "f": {
                    "lang": "akk-x-neobab",
                    "form": "x",
                    "pos": "u"
                  }
                },
                {
                  "node": "l",
                  "frag": "x",
                  "id": "P237560.l0124b",
                  "ref": "P237560.5.2",
                  "inst": "u",
                  "f": {
                    "lang": "akk-x-neobab",
                    "form": "x",
                    "pos": "u"
                  }
                },
                {
                  "node": "l",
                  "frag": "x",
                  "id": "P237560.l0124c",
                  "ref": "P237560.5.3",
                  "inst": "u",
                  "f": {
                    "lang": "akk-x-neobab",
                    "form": "x",
                    "pos": "u"
                  }
                },
                {
                  "node": "l",
                  "frag": "x",
                  "id": "P237560.l0124d",
                  "ref": "P237560.5.4",
                  "inst": "u",
                  "f": {
                    "lang": "akk-x-neobab",
                    "form": "x",
                    "pos": "u"
                  }
                },
                {
                  "node": "l",
                  "frag": "x]+⸢x⸣",
                  "id": "P237560.l0124e",
                  "ref": "P237560.5.5",
                  "inst": "u",
                  "f": {
                    "lang": "akk-x-neobab",
                    "form": "x+x",
                    "pos": "u"
                  }
                },
                {
                  "node": "l",
                  "frag": "ŠEŠ-šu₂",
                  "id": "P237560.l0124f",
                  "ref": "P237560.5.6",
                  "inst": "+ahu[brother]N$ahūšu",
                  "sig": "@saao/saa18%akk-x-neobab:ŠEŠ-šu₂=ahu[brother//brother]N'N$ahūšu",
                  "f": {
                    "lang": "akk-x-neobab",
                    "form": "ŠEŠ-šu₂",
                    "cf": "ahu",
                    "gw": "brother",
                    "sense": "brother",
                    "norm": "ahūšu",
                    "pos": "N",
                    "epos": "N"
                  }
                },
                {
                  "node": "d",
                  "type": "line-start",
                  "ref": "P237560.6",
                  "n": "4'",
                  "label": "o 4'"
                },
                {
                  "node": "l",
                  "frag": "[x",
                  "id": "P237560.l01250",
                  "ref": "P237560.6.1",
                  "inst": "u",
                  "f": {
                    "lang": "akk-x-neobab",
                    "form": "x",
                    "pos": "u"
                  }
                },
                {
                  "node": "l",
                  "frag": "x",
                  "id": "P237560.l01251",
                  "ref": "P237560.6.2",
                  "inst": "u",
                  "f": {
                    "lang": "akk-x-neobab",
                    "form": "x",
                    "pos": "u"
                  }
                },
                {
                  "node": "l",
                  "frag": "x",
                  "id": "P237560.l01252",
                  "ref": "P237560.6.3",
                  "inst": "u",
                  "f": {
                    "lang": "akk-x-neobab",
                    "form": "x",
                    "pos": "u"
                  }
                },
                {
                  "node": "l",
                  "frag": "x",
                  "id": "P237560.l01253",
                  "ref": "P237560.6.4",
                  "inst": "u",
                  "f": {
                    "lang": "akk-x-neobab",
                    "form": "x",
                    "pos": "u"
                  }
                },
                {
                  "node": "l",
                  "frag": "x",
                  "id": "P237560.l01254",
                  "ref": "P237560.6.5",
                  "inst": "u",
                  "f": {
                    "lang": "akk-x-neobab",
                    "form": "x",
                    "pos": "u"
                  }
                },
                {
                  "node": "l",
                  "frag": "x]-⸢ši⸣",
                  "id": "P237560.l01255",
                  "ref": "P237560.6.6",
                  "inst": "u",
                  "f": {
                    "lang": "akk-x-neobab",
                    "form": "x-ši",
                    "pos": "u"
                  }
                },
                {
                  "node": "l",
                  "frag": "iš-pu-ra-an-na-ši",
                  "id": "P237560.l01256",
                  "ref": "P237560.6.7",
                  "inst": "išpurannāši[send]V",
                  "sig": "@saao/saa18%akk-x-neobab:iš-pu-ra-an-na-ši=šapāru[send//send]V'V$išpurannāši",
                  "f": {
                    "lang": "akk-x-neobab",
                    "form": "iš-pu-ra-an-na-ši",
                    "cf": "šapāru",
                    "gw": "send",
                    "sense": "send",
                    "norm": "išpurannāši",
                    "pos": "V",
                    "epos": "V"
                  }
                },
                {
                  "node": "d",
                  "type": "line-start",
                  "ref": "P237560.7",
                  "n": "5'",
                  "label": "o 5'"
                },
                {
                  "node": "l",
                  "frag": "[x",
                  "id": "P237560.l01257",
                  "ref": "P237560.7.1",
                  "inst": "u",
                  "f": {
                    "lang": "akk-x-neobab",
                    "form": "x",
                    "pos": "u"
                  }
                },
                {
                  "node": "l",
                  "frag": "x",
                  "id": "P237560.l01258",
                  "ref": "P237560.7.2",
                  "inst": "u",
                  "f": {
                    "lang": "akk-x-neobab",
                    "form": "x",
                    "pos": "u"
                  }
                },
                {
                  "node": "l",
                  "frag": "x",
                  "id": "P237560.l01259",
                  "ref": "P237560.7.3",
                  "inst": "u",
                  "f": {
                    "lang": "akk-x-neobab",
                    "form": "x",
                    "pos": "u"
                  }
                },
                {
                  "node": "l",
                  "frag": "x",
                  "id": "P237560.l0125a",
                  "ref": "P237560.7.4",
                  "inst": "u",
                  "f": {
                    "lang": "akk-x-neobab",
                    "form": "x",
                    "pos": "u"
                  }
                },
                {
                  "node": "l",
                  "frag": "{1}{d]}⸢EN⸣-KAR-ir",
                  "id": "P237560.l0125b",
                  "ref": "P237560.7.5",
                  "inst": "+Bel-eṭir[]PN$",
                  "sig": "@saao/saa18%akk-x-neobab:{1}{d}EN-KAR-ir=Bel-eṭir[1//1]PN'PN$Bel-eṭir",
                  "f": {
                    "lang": "akk-x-neobab",
                    "form": "{1}{d}EN-KAR-ir",
                    "cf": "Bel-eṭir",
                    "gw": "1",
                    "sense": "1",
                    "norm": "Bel-eṭir",
                    "pos": "PN",
                    "epos": "PN"
                  }
                },
                {
                  "node": "l",
                  "frag": "la",
                  "id": "P237560.l0125c",
                  "ref": "P237560.7.6",
                  "inst": "lā[not]MOD",
                  "sig": "@saao/saa18%akk-x-neobab:la=lā[not//not]MOD'MOD$lā",
                  "f": {
                    "lang": "akk-x-neobab",
                    "form": "la",
                    "cf": "lā",
                    "gw": "not",
                    "sense": "not",
                    "norm": "lā",
                    "pos": "MOD",
                    "epos": "MOD"
                  }
                },
                {
                  "node": "l",
                  "frag": "ta-ra-aʾ-a-ma",
                  "id": "P237560.l0125d",
                  "ref": "P237560.7.7",
                  "inst": "+râmu[love]V$taraʾāma",
                  "sig": "@saao/saa18%akk-x-neobab:ta-ra-aʾ-a-ma=râmu[love//love]V'V$taraʾāma",
                  "f": {
                    "lang": "akk-x-neobab",
                    "form": "ta-ra-aʾ-a-ma",
                    "cf": "râmu",
                    "gw": "love",
                    "sense": "love",
                    "norm": "taraʾāma",
                    "pos": "V",
                    "epos": "V"
                  }
                },
                {
                  "node": "d",
                  "type": "line-start",
                  "ref": "P237560.8",
                  "n": "6'",
                  "label": "o 6'"
                },
                {
                  "node": "l",
                  "frag": "[x",
                  "id": "P237560.l0125e",
                  "ref": "P237560.8.1",
                  "inst": "u",
                  "f": {
                    "lang": "akk-x-neobab",
                    "form": "x",
                    "pos": "u"
                  }
                },
                {
                  "node": "l",
                  "frag": "x",
                  "id": "P237560.l0125f",
                  "ref": "P237560.8.2",
                  "inst": "u",
                  "f": {
                    "lang": "akk-x-neobab",
                    "form": "x",
                    "pos": "u"
                  }
                },
                {
                  "node": "l",
                  "frag": "x",
                  "id": "P237560.l01260",
                  "ref": "P237560.8.3",
                  "inst": "u",
                  "f": {
                    "lang": "akk-x-neobab",
                    "form": "x",
                    "pos": "u"
                  }
                },
                {
                  "node": "l",
                  "frag": "x",
                  "id": "P237560.l01261",
                  "ref": "P237560.8.4",
                  "inst": "u",
                  "f": {
                    "lang": "akk-x-neobab",
                    "form": "x",
                    "pos": "u"
                  }
                },
                {
                  "node": "l",
                  "frag": "x",
                  "id": "P237560.l01262",
                  "ref": "P237560.8.5",
                  "inst": "u",
                  "f": {
                    "lang": "akk-x-neobab",
                    "form": "x",
                    "pos": "u"
                  }
                },
                {
                  "node": "l",
                  "frag": "x]+⸢x⸣-ha-aʾ-šu₂-nu-ti",
                  "id": "P237560.l01263",
                  "ref": "P237560.8.6",
                  "inst": "u",
                  "f": {
                    "lang": "akk-x-neobab",
                    "form": "x+x-ha-aʾ-šu₂-nu-ti",
                    "pos": "u"
                  }
                },
                {
                  "node": "d",
                  "type": "line-start",
                  "ref": "P237560.9",
                  "n": "7'",
                  "label": "o 7'"
                },
                {
                  "node": "l",
                  "frag": "[x",
                  "id": "P237560.l01264",
                  "ref": "P237560.9.1",
                  "inst": "u",
                  "f": {
                    "lang": "akk-x-neobab",
                    "form": "x",
                    "pos": "u"
                  }
                },
                {
                  "node": "l",
                  "frag": "x",
                  "id": "P237560.l01265",
                  "ref": "P237560.9.2",
                  "inst": "u",
                  "f": {
                    "lang": "akk-x-neobab",
                    "form": "x",
                    "pos": "u"
                  }
                },
                {
                  "node": "l",
                  "frag": "x",
                  "id": "P237560.l01266",
                  "ref": "P237560.9.3",
                  "inst": "u",
                  "f": {
                    "lang": "akk-x-neobab",
                    "form": "x",
                    "pos": "u"
                  }
                },
                {
                  "node": "l",
                  "frag": "x",
                  "id": "P237560.l01267",
                  "ref": "P237560.9.4",
                  "inst": "u",
                  "f": {
                    "lang": "akk-x-neobab",
                    "form": "x",
                    "pos": "u"
                  }
                },
                {
                  "node": "l",
                  "frag": "x",
                  "id": "P237560.l01268",
                  "ref": "P237560.9.5",
                  "inst": "u",
                  "f": {
                    "lang": "akk-x-neobab",
                    "form": "x",
                    "pos": "u"
                  }
                },
                {
                  "node": "l",
                  "frag": "x]+⸢x-a⸣",
                  "id": "P237560.l01269",
                  "ref": "P237560.9.6",
                  "inst": "u",
                  "f": {
                    "lang": "akk-x-neobab",
                    "form": "x+x-a",
                    "pos": "u"
                  }
                },
                {
                  "node": "l",
                  "frag": "ki-i",
                  "id": "P237560.l0126a",
                  "ref": "P237560.9.7",
                  "inst": "kî[when]'SBJ",
                  "sig": "@saao/saa18%akk-x-neobab:ki-i=kī[like//when]PRP'SBJ$kî",
                  "f": {
                    "lang": "akk-x-neobab",
                    "form": "ki-i",
                    "cf": "kī",
                    "gw": "like",
                    "sense": "when",
                    "norm": "kî",
                    "pos": "PRP",
                    "epos": "SBJ"
                  }
                },
                {
                  "node": "l",
                  "frag": "il-du-du",
                  "id": "P237560.l0126b",
                  "ref": "P237560.9.8",
                  "inst": "+šadādu[drag//transport]V'V$ildudu",
                  "sig": "@saao/saa18%akk-x-neobab:il-du-du=šadādu[drag//transport]V'V$ildudu",
                  "f": {
                    "lang": "akk-x-neobab",
                    "form": "il-du-du",
                    "cf": "šadādu",
                    "gw": "drag",
                    "sense": "transport",
                    "norm": "ildudu",
                    "pos": "V",
                    "epos": "V"
                  }
                },
                {
                  "node": "d",
                  "type": "line-start",
                  "ref": "P237560.10",
                  "n": "8'",
                  "label": "o 8'"
                },
                {
                  "node": "l",
                  "frag": "[x",
                  "id": "P237560.l0126c",
                  "ref": "P237560.10.1",
                  "inst": "u",
                  "f": {
                    "lang": "akk-x-neobab",
                    "form": "x",
                    "pos": "u"
                  }
                },
                {
                  "node": "l",
                  "frag": "x",
                  "id": "P237560.l0126d",
                  "ref": "P237560.10.2",
                  "inst": "u",
                  "f": {
                    "lang": "akk-x-neobab",
                    "form": "x",
                    "pos": "u"
                  }
                },
                {
                  "node": "l",
                  "frag": "x",
                  "id": "P237560.l0126e",
                  "ref": "P237560.10.3",
                  "inst": "u",
                  "f": {
                    "lang": "akk-x-neobab",
                    "form": "x",
                    "pos": "u"
                  }
                },
                {
                  "node": "l",
                  "frag": "i-na",
                  "id": "P237560.l0126f",
                  "ref": "P237560.10.4",
                  "inst": "ina[in]PRP",
                  "sig": "@saao/saa18%akk-x-neobab:i-na=ina[in//in]PRP'PRP$ina",
                  "f": {
                    "lang": "akk-x-neobab",
                    "form": "i-na",
                    "cf": "ina",
                    "gw": "in",
                    "sense": "in",
                    "norm": "ina",
                    "pos": "PRP",
                    "epos": "PRP"
                  }
                },
                {
                  "node": "l",
                  "frag": "TIN].TIR{ki}",
                  "id": "P237560.l01270",
                  "ref": "P237560.10.5",
                  "inst": "Babili[Babylon]GN",
                  "sig": "@saao/saa18%akk-x-neobab:TIN.TIR{KI}=Babili[Babylon//Babylon]GN'GN$Babili",
                  "f": {
                    "lang": "akk-x-neobab",
                    "form": "TIN.TIR{KI}",
                    "cf": "Babili",
                    "gw": "Babylon",
                    "sense": "Babylon",
                    "norm": "Babili",
                    "pos": "GN",
                    "epos": "GN"
                  }
                },
                {
                  "node": "l",
                  "frag": "il-tak-nu",
                  "id": "P237560.l01271",
                  "ref": "P237560.10.6",
                  "inst": "iltaknū[place]V",
                  "sig": "@saao/saa18%akk-x-neobab:il-tak-nu=šakānu[put//place]V'V$iltaknū",
                  "f": {
                    "lang": "akk-x-neobab",
                    "form": "il-tak-nu",
                    "cf": "šakānu",
                    "gw": "put",
                    "sense": "place",
                    "norm": "iltaknū",
                    "pos": "V",
                    "epos": "V"
                  }
                },
                {
                  "node": "d",
                  "type": "line-start",
                  "ref": "P237560.11",
                  "n": "9'",
                  "label": "o 9'"
                },
                {
                  "node": "l",
                  "frag": "[x",
                  "id": "P237560.l01272",
                  "ref": "P237560.11.1",
                  "inst": "u",
                  "f": {
                    "lang": "akk-x-neobab",
                    "form": "x",
                    "pos": "u"
                  }
                },
                {
                  "node": "l",
                  "frag": "x",
                  "id": "P237560.l01273",
                  "ref": "P237560.11.2",
                  "inst": "u",
                  "f": {
                    "lang": "akk-x-neobab",
                    "form": "x",
                    "pos": "u"
                  }
                },
                {
                  "node": "l",
                  "frag": "x",
                  "id": "P237560.l01274",
                  "ref": "P237560.11.3",
                  "inst": "u",
                  "f": {
                    "lang": "akk-x-neobab",
                    "form": "x",
                    "pos": "u"
                  }
                },
                {
                  "node": "l",
                  "frag": "x",
                  "id": "P237560.l01275",
                  "ref": "P237560.11.4",
                  "inst": "u",
                  "f": {
                    "lang": "akk-x-neobab",
                    "form": "x",
                    "pos": "u"
                  }
                },
                {
                  "node": "l",
                  "frag": "x",
                  "id": "P237560.l01276",
                  "ref": "P237560.11.5",
                  "inst": "u",
                  "f": {
                    "lang": "akk-x-neobab",
                    "form": "x",
                    "pos": "u"
                  }
                },
                {
                  "node": "l",
                  "frag": "il]-⸢la⸣-ka",
                  "id": "P237560.l01277",
                  "ref": "P237560.11.6",
                  "inst": "illaka[come]V",
                  "sig": "@saao/saa18%akk-x-neobab:il-la-ka=alāku[go//come]V'V$illaka",
                  "f": {
                    "lang": "akk-x-neobab",
                    "form": "il-la-ka",
                    "cf": "alāku",
                    "gw": "go",
                    "sense": "come",
                    "norm": "illaka",
                    "pos": "V",
                    "epos": "V"
                  }
                },
                {
                  "node": "l",
                  "frag": "a-mat-su",
                  "id": "P237560.l01278",
                  "ref": "P237560.11.7",
                  "inst": "+awātu[word]N$amassu",
                  "sig": "@saao/saa18%akk-x-neobab:a-mat-su=awātu[word//word]N'N$amassu",
                  "f": {
                    "lang": "akk-x-neobab",
                    "form": "a-mat-su",
                    "cf": "awātu",
                    "gw": "word",
                    "sense": "word",
                    "norm": "amassu",
                    "pos": "N",
                    "epos": "N"
                  }
                },
                {
                  "node": "l",
                  "frag": "a-na",
                  "id": "P237560.l01279",
                  "ref": "P237560.11.8",
                  "inst": "ana[to]PRP",
                  "sig": "@saao/saa18%akk-x-neobab:a-na=ana[to//concerning]PRP'PRP$ana",
                  "f": {
                    "lang": "akk-x-neobab",
                    "form": "a-na",
                    "cf": "ana",
                    "gw": "to",
                    "sense": "concerning",
                    "norm": "ana",
                    "pos": "PRP",
                    "epos": "PRP"
                  }
                },
                {
                  "node": "l",
                  "frag": "pi-i-šu₂",
                  "id": "P237560.l0127a",
                  "ref": "P237560.11.9",
                  "inst": "pîšu[mouth]N",
                  "sig": "@saao/saa18%akk-x-neobab:pi-i-šu₂=pû[mouth//mouth]N'N$pîšu",
                  "f": {
                    "lang": "akk-x-neobab",
                    "form": "pi-i-šu₂",
                    "cf": "pû",
                    "gw": "mouth",
                    "sense": "mouth",
                    "norm": "pîšu",
                    "pos": "N",
                    "epos": "N"
                  }
                },
                {
                  "node": "d",
                  "type": "line-start",
                  "ref": "P237560.12",
                  "n": "10'",
                  "label": "o 10'"
                },
                {
                  "node": "l",
                  "frag": "[x",
                  "id": "P237560.l0127b",
                  "ref": "P237560.12.1",
                  "inst": "u",
                  "f": {
                    "lang": "akk-x-neobab",
                    "form": "x",
                    "pos": "u"
                  }
                },
                {
                  "node": "l",
                  "frag": "x",
                  "id": "P237560.l0127c",
                  "ref": "P237560.12.2",
                  "inst": "u",
                  "f": {
                    "lang": "akk-x-neobab",
                    "form": "x",
                    "pos": "u"
                  }
                },
                {
                  "node": "l",
                  "frag": "x",
                  "id": "P237560.l0127d",
                  "ref": "P237560.12.3",
                  "inst": "u",
                  "f": {
                    "lang": "akk-x-neobab",
                    "form": "x",
                    "pos": "u"
                  }
                },
                {
                  "node": "l",
                  "frag": "x",
                  "id": "P237560.l0127e",
                  "ref": "P237560.12.4",
                  "inst": "u",
                  "f": {
                    "lang": "akk-x-neobab",
                    "form": "x",
                    "pos": "u"
                  }
                },
                {
                  "node": "l",
                  "frag": "x",
                  "id": "P237560.l0127f",
                  "ref": "P237560.12.5",
                  "inst": "u",
                  "f": {
                    "lang": "akk-x-neobab",
                    "form": "x",
                    "pos": "u"
                  }
                },
                {
                  "node": "l",
                  "frag": "x]",
                  "id": "P237560.l01280",
                  "ref": "P237560.12.6",
                  "inst": "u",
                  "f": {
                    "lang": "akk-x-neobab",
                    "form": "x",
                    "pos": "u"
                  }
                },
                {
                  "node": "l",
                  "frag": "⸢mah-ri⸣-i",
                  "id": "P237560.l01281",
                  "ref": "P237560.12.7",
                  "inst": "mahrî[earlier]AJ",
                  "sig": "@saao/saa18%akk-x-neobab:mah-ri-i=mahrû[first//earlier]AJ'AJ$mahrî",
                  "f": {
                    "lang": "akk-x-neobab",
                    "form": "mah-ri-i",
                    "cf": "mahrû",
                    "gw": "first",
                    "sense": "earlier",
                    "norm": "mahrî",
                    "pos": "AJ",
                    "epos": "AJ"
                  }
                },
                {
                  "node": "l",
                  "frag": "u₂-gal-li-⸢bu⸣",
                  "id": "P237560.l01282",
                  "ref": "P237560.12.8",
                  "inst": "+gullubu[shear//shave]V'V$ugallibū",
                  "sig": "@saao/saa18%akk-x-neobab:u₂-gal-li-bu=gullubu[shear//shave]V'V$ugallibū",
                  "f": {
                    "lang": "akk-x-neobab",
                    "form": "u₂-gal-li-bu",
                    "cf": "gullubu",
                    "gw": "shear",
                    "sense": "shave",
                    "norm": "ugallibū",
                    "pos": "V",
                    "epos": "V"
                  }
                },
                {
                  "node": "d",
                  "type": "line-start",
                  "ref": "P237560.13",
                  "n": "11'",
                  "label": "o 11'"
                },
                {
                  "node": "l",
                  "frag": "[x",
                  "id": "P237560.l01283",
                  "ref": "P237560.13.1",
                  "inst": "u",
                  "f": {
                    "lang": "akk-x-neobab",
                    "form": "x",
                    "pos": "u"
                  }
                },
                {
                  "node": "l",
                  "frag": "x",
                  "id": "P237560.l01284",
                  "ref": "P237560.13.2",
                  "inst": "u",
                  "f": {
                    "lang": "akk-x-neobab",
                    "form": "x",
                    "pos": "u"
                  }
                },
                {
                  "node": "l",
                  "frag": "x",
                  "id": "P237560.l01285",
                  "ref": "P237560.13.3",
                  "inst": "u",
                  "f": {
                    "lang": "akk-x-neobab",
                    "form": "x",
                    "pos": "u"
                  }
                },
                {
                  "node": "l",
                  "frag": "x",
                  "id": "P237560.l01286",
                  "ref": "P237560.13.4",
                  "inst": "u",
                  "f": {
                    "lang": "akk-x-neobab",
                    "form": "x",
                    "pos": "u"
                  }
                },
                {
                  "node": "l",
                  "frag": "x",
                  "id": "P237560.l01287",
                  "ref": "P237560.13.5",
                  "inst": "u",
                  "f": {
                    "lang": "akk-x-neobab",
                    "form": "x",
                    "pos": "u"
                  }
                },
                {
                  "node": "l",
                  "frag": "x",
                  "id": "P237560.l01288",
                  "ref": "P237560.13.6",
                  "inst": "u",
                  "f": {
                    "lang": "akk-x-neobab",
                    "form": "x",
                    "pos": "u"
                  }
                },
                {
                  "node": "l",
                  "frag": "x",
                  "id": "P237560.l01289",
                  "ref": "P237560.13.7",
                  "inst": "u",
                  "f": {
                    "lang": "akk-x-neobab",
                    "form": "x",
                    "pos": "u"
                  }
                },
                {
                  "node": "l",
                  "frag": "x",
                  "id": "P237560.l0128a",
                  "ref": "P237560.13.8",
                  "inst": "u",
                  "f": {
                    "lang": "akk-x-neobab",
                    "form": "x",
                    "pos": "u"
                  }
                },
                {
                  "node": "l",
                  "frag": "x",
                  "id": "P237560.l0128b",
                  "ref": "P237560.13.9",
                  "inst": "u",
                  "f": {
                    "lang": "akk-x-neobab",
                    "form": "x",
                    "pos": "u"
                  }
                },
                {
                  "node": "l",
                  "frag": "x]+⸢x⸣",
                  "id": "P237560.l0128c",
                  "ref": "P237560.13.10",
                  "inst": "u",
                  "f": {
                    "lang": "akk-x-neobab",
                    "form": "x+x",
                    "pos": "u"
                  }
                },
                {
                  "node": "l",
                  "frag": "ha-as-sa-⸢ta⸣",
                  "id": "P237560.l0128d",
                  "ref": "P237560.13.11",
                  "inst": "+hassu[clever//mindful]AJ'AJ$hassāta",
                  "sig": "@saao/saa18%akk-x-neobab:ha-as-sa-ta=hassu[clever//mindful]AJ'AJ$hassāta",
                  "f": {
                    "lang": "akk-x-neobab",
                    "form": "ha-as-sa-ta",
                    "cf": "hassu",
                    "gw": "clever",
                    "sense": "mindful",
                    "norm": "hassāta",
                    "pos": "AJ",
                    "epos": "AJ"
                  }
                },
                {
                  "node": "d",
                  "type": "line-start",
                  "ref": "P237560.14",
                  "n": "12'",
                  "label": "o 12'"
                },
                {
                  "node": "l",
                  "frag": "[x",
                  "id": "P237560.l0128e",
                  "ref": "P237560.14.1",
                  "inst": "u",
                  "f": {
                    "lang": "akk-x-neobab",
                    "form": "x",
                    "pos": "u"
                  }
                },
                {
                  "node": "l",
                  "frag": "x",
                  "id": "P237560.l0128f",
                  "ref": "P237560.14.2",
                  "inst": "u",
                  "f": {
                    "lang": "akk-x-neobab",
                    "form": "x",
                    "pos": "u"
                  }
                },
                {
                  "node": "l",
                  "frag": "x",
                  "id": "P237560.l01290",
                  "ref": "P237560.14.3",
                  "inst": "u",
                  "f": {
                    "lang": "akk-x-neobab",
                    "form": "x",
                    "pos": "u"
                  }
                },
                {
                  "node": "l",
                  "frag": "x",
                  "id": "P237560.l01291",
                  "ref": "P237560.14.4",
                  "inst": "u",
                  "f": {
                    "lang": "akk-x-neobab",
                    "form": "x",
                    "pos": "u"
                  }
                },
                {
                  "node": "l",
                  "frag": "x",
                  "id": "P237560.l01292",
                  "ref": "P237560.14.5",
                  "inst": "u",
                  "f": {
                    "lang": "akk-x-neobab",
                    "form": "x",
                    "pos": "u"
                  }
                },
                {
                  "node": "l",
                  "frag": "x",
                  "id": "P237560.l01293",
                  "ref": "P237560.14.6",
                  "inst": "u",
                  "f": {
                    "lang": "akk-x-neobab",
                    "form": "x",
                    "pos": "u"
                  }
                },
                {
                  "node": "l",
                  "frag": "x",
                  "id": "P237560.l01294",
                  "ref": "P237560.14.7",
                  "inst": "u",
                  "f": {
                    "lang": "akk-x-neobab",
                    "form": "x",
                    "pos": "u"
                  }
                },
                {
                  "node": "l",
                  "frag": "x",
                  "id": "P237560.l01295",
                  "ref": "P237560.14.8",
                  "inst": "u",
                  "f": {
                    "lang": "akk-x-neobab",
                    "form": "x",
                    "pos": "u"
                  }
                },
                {
                  "node": "l",
                  "frag": "x",
                  "id": "P237560.l01296",
                  "ref": "P237560.14.9",
                  "inst": "u",
                  "f": {
                    "lang": "akk-x-neobab",
                    "form": "x",
                    "pos": "u"
                  }
                },
                {
                  "node": "l",
                  "frag": "x]",
                  "id": "P237560.l01297",
                  "ref": "P237560.14.10",
                  "inst": "u",
                  "f": {
                    "lang": "akk-x-neobab",
                    "form": "x",
                    "pos": "u"
                  }
                },
                {
                  "node": "l",
                  "frag": "⸢x",
                  "id": "P237560.l01298",
                  "ref": "P237560.14.11",
                  "inst": "u",
                  "f": {
                    "lang": "akk-x-neobab",
                    "form": "x",
                    "pos": "u"
                  }
                },
                {
                  "node": "l",
                  "frag": "x",
                  "id": "P237560.l01299",
                  "ref": "P237560.14.12",
                  "inst": "u",
                  "f": {
                    "lang": "akk-x-neobab",
                    "form": "x",
                    "pos": "u"
                  }
                },
                {
                  "node": "l",
                  "frag": "x⸣",
                  "id": "P237560.l0129a",
                  "ref": "P237560.14.13",
                  "inst": "u",
                  "f": {
                    "lang": "akk-x-neobab",
                    "form": "x",
                    "pos": "u"
                  }
                },
                {
                  "node": "d",
                  "type": "nonx",
                  "ref": "P237560.15",
                  "strict": "0",
                  "extent": "rest",
                  "state": "missing"
                },
                {
                  "node": "d",
                  "subtype": "reverse",
                  "type": "reverse",
                  "ref": "P237560.r.16",
                  "label": "r"
                },
                {
                  "node": "d",
                  "type": "nonx",
                  "ref": "P237560.17",
                  "strict": "0",
                  "state": "missing"
                }
              ]
            }
          ]
        }
      ]
    }
  ]
}
