{
  "type": "cdl",
  "source": "http://oracc.org/saao/saa18",
  "license": "This data is released under the CC0 license",
  "license-url": "https://creativecommons.org/publicdomain/zero/1.0/",
  "more-info": "http://oracc.org/doc/opendata/",
  "UTC-timestamp": "2017-06-10T00:59:39",
  "project": "saao/saa18",
  "textid": "P238418",
  "cdl": [
    {
      "node": "c",
      "type": "text",
      "id": "P238418.U0",
      "cdl": [
        {
          "node": "d",
          "type": "object",
          "ref": ""
        },
        {
          "node": "d",
          "subtype": "obverse",
          "type": "obverse",
          "ref": "P238418.o.1",
          "label": "o"
        },
        {
          "node": "d",
          "type": "nonx",
          "ref": "P238418.2",
          "strict": "0",
          "extent": "beginning",
          "state": "missing"
        },
        {
          "node": "c",
          "type": "discourse",
          "subtype": "body",
          "id": "P238418.U1",
          "cdl": [
            {
              "node": "c",
              "type": "sentence",
              "id": "P238418.U2",
              "label": "o 1' - r 6'",
              "cdl": [
                {
                  "node": "d",
                  "type": "line-start",
                  "ref": "P238418.3",
                  "n": "1'",
                  "label": "o 1'"
                },
                {
                  "node": "l",
                  "frag": "[x",
                  "id": "P238418.l0380a",
                  "ref": "P238418.3.1",
                  "inst": "u",
                  "f": {
                    "lang": "akk-x-neobab",
                    "form": "x",
                    "pos": "u"
                  }
                },
                {
                  "node": "l",
                  "frag": "x]",
                  "id": "P238418.l0380b",
                  "ref": "P238418.3.2",
                  "inst": "u",
                  "f": {
                    "lang": "akk-x-neobab",
                    "form": "x",
                    "pos": "u"
                  }
                },
                {
                  "node": "l",
                  "frag": "LUGAL",
                  "id": "P238418.l0380c",
                  "ref": "P238418.3.3",
                  "inst": "šarru[king]N",
                  "sig": "@saao/saa18%akk-x-neobab:LUGAL=šarru[king//king]N'N$šarru",
                  "f": {
                    "lang": "akk-x-neobab",
                    "form": "LUGAL",
                    "cf": "šarru",
                    "gw": "king",
                    "sense": "king",
                    "norm": "šarru",
                    "pos": "N",
                    "epos": "N"
                  }
                },
                {
                  "node": "l",
                  "frag": "be-⸢li₂⸣",
                  "id": "P238418.l0380d",
                  "ref": "P238418.3.4",
                  "inst": "bēlī[lord]N",
                  "sig": "@saao/saa18%akk-x-neobab:be-li₂=bēlu[lord//lord]N'N$bēlī",
                  "f": {
                    "lang": "akk-x-neobab",
                    "form": "be-li₂",
                    "cf": "bēlu",
                    "gw": "lord",
                    "sense": "lord",
                    "norm": "bēlī",
                    "pos": "N",
                    "epos": "N"
                  }
                },
                {
                  "node": "l",
                  "frag": "[x",
                  "id": "P238418.l0380e",
                  "ref": "P238418.3.5",
                  "inst": "u",
                  "f": {
                    "lang": "akk-x-neobab",
                    "form": "x",
                    "pos": "u"
                  }
                },
                {
                  "node": "l",
                  "frag": "x",
                  "id": "P238418.l0380f",
                  "ref": "P238418.3.6",
                  "inst": "u",
                  "f": {
                    "lang": "akk-x-neobab",
                    "form": "x",
                    "pos": "u"
                  }
                },
                {
                  "node": "l",
                  "frag": "x]",
                  "id": "P238418.l03810",
                  "ref": "P238418.3.7",
                  "inst": "u",
                  "f": {
                    "lang": "akk-x-neobab",
                    "form": "x",
                    "pos": "u"
                  }
                },
                {
                  "node": "d",
                  "type": "line-start",
                  "ref": "P238418.4",
                  "n": "2'",
                  "label": "o 2'"
                },
                {
                  "node": "l",
                  "frag": "[AN].BAR",
                  "id": "P238418.l03811",
                  "ref": "P238418.4.1",
                  "inst": "+parzillu[iron]N$",
                  "sig": "@saao/saa18%akk-x-neobab:AN.BAR=parzillu[iron//iron]N'N$parzillu",
                  "f": {
                    "lang": "akk-x-neobab",
                    "form": "AN.BAR",
                    "cf": "parzillu",
                    "gw": "iron",
                    "sense": "iron",
                    "norm": "parzillu",
                    "pos": "N",
                    "epos": "N"
                  }
                },
                {
                  "node": "l",
                  "frag": "ša₂",
                  "id": "P238418.l03812",
                  "ref": "P238418.4.2",
                  "inst": "ša[which]REL",
                  "sig": "@saao/saa18%akk-x-neobab:ša₂=ša[that//which]REL'REL$ša",
                  "f": {
                    "lang": "akk-x-neobab",
                    "form": "ša₂",
                    "cf": "ša",
                    "gw": "that",
                    "sense": "which",
                    "norm": "ša",
                    "pos": "REL",
                    "epos": "REL"
                  }
                },
                {
                  "node": "l",
                  "frag": "LUGAL",
                  "id": "P238418.l03813",
                  "ref": "P238418.4.3",
                  "inst": "šarru[king]N",
                  "sig": "@saao/saa18%akk-x-neobab:LUGAL=šarru[king//king]N'N$šarru",
                  "f": {
                    "lang": "akk-x-neobab",
                    "form": "LUGAL",
                    "cf": "šarru",
                    "gw": "king",
                    "sense": "king",
                    "norm": "šarru",
                    "pos": "N",
                    "epos": "N"
                  }
                },
                {
                  "node": "l",
                  "frag": "be-li₂-[a]",
                  "id": "P238418.l03814",
                  "ref": "P238418.4.4",
                  "inst": "bēlā[lord]N",
                  "sig": "@saao/saa18%akk-x-neobab:be-li₂-a=bēlu[lord//lord]N'N$bēlā",
                  "f": {
                    "lang": "akk-x-neobab",
                    "form": "be-li₂-a",
                    "cf": "bēlu",
                    "gw": "lord",
                    "sense": "lord",
                    "norm": "bēlā",
                    "pos": "N",
                    "epos": "N"
                  }
                },
                {
                  "node": "d",
                  "type": "line-start",
                  "ref": "P238418.5",
                  "n": "3'",
                  "label": "o 3'"
                },
                {
                  "node": "l",
                  "frag": "a-na",
                  "id": "P238418.l03815",
                  "ref": "P238418.5.1",
                  "inst": "ana[to]PRP",
                  "sig": "@saao/saa18%akk-x-neobab:a-na=ana[to//to]PRP'PRP$ana",
                  "f": {
                    "lang": "akk-x-neobab",
                    "form": "a-na",
                    "cf": "ana",
                    "gw": "to",
                    "sense": "to",
                    "norm": "ana",
                    "pos": "PRP",
                    "epos": "PRP"
                  }
                },
                {
                  "node": "l",
                  "frag": "{lu₂}nap-pa-⸢ha⸣-[ni]",
                  "id": "P238418.l03816",
                  "ref": "P238418.5.2",
                  "inst": "+nappāhu[smith]N$nappāhāni",
                  "sig": "@saao/saa18%akk-x-neobab:{LU₂}nap-pa-ha-ni=nappāhu[smith//smith]N'N$nappāhāni",
                  "f": {
                    "lang": "akk-x-neobab",
                    "form": "{LU₂}nap-pa-ha-ni",
                    "cf": "nappāhu",
                    "gw": "smith",
                    "sense": "smith",
                    "norm": "nappāhāni",
                    "pos": "N",
                    "epos": "N"
                  }
                },
                {
                  "node": "d",
                  "type": "line-start",
                  "ref": "P238418.6",
                  "n": "4'",
                  "label": "o 4'"
                },
                {
                  "node": "l",
                  "frag": "a-na",
                  "id": "P238418.l03817",
                  "ref": "P238418.6.1",
                  "inst": "ana[for]PRP",
                  "sig": "@saao/saa18%akk-x-neobab:a-na=ana[to//for]PRP'PRP$ana",
                  "f": {
                    "lang": "akk-x-neobab",
                    "form": "a-na",
                    "cf": "ana",
                    "gw": "to",
                    "sense": "for",
                    "norm": "ana",
                    "pos": "PRP",
                    "epos": "PRP"
                  }
                },
                {
                  "node": "l",
                  "frag": "dul-la",
                  "id": "P238418.l03818",
                  "ref": "P238418.6.2",
                  "inst": "dulla[work]N",
                  "sig": "@saao/saa18%akk-x-neobab:dul-la=dullu[trouble//work]N'N$dulla",
                  "f": {
                    "lang": "akk-x-neobab",
                    "form": "dul-la",
                    "cf": "dullu",
                    "gw": "trouble",
                    "sense": "work",
                    "norm": "dulla",
                    "pos": "N",
                    "epos": "N"
                  }
                },
                {
                  "node": "l",
                  "frag": "id-di-⸢nu⸣",
                  "id": "P238418.l03819",
                  "ref": "P238418.6.3",
                  "inst": "iddinu[give]V",
                  "sig": "@saao/saa18%akk-x-neobab:id-di-nu=nadānu[give//give]V'V$iddinu",
                  "f": {
                    "lang": "akk-x-neobab",
                    "form": "id-di-nu",
                    "cf": "nadānu",
                    "gw": "give",
                    "sense": "give",
                    "norm": "iddinu",
                    "pos": "V",
                    "epos": "V"
                  }
                },
                {
                  "node": "d",
                  "type": "line-start",
                  "ref": "P238418.7",
                  "n": "5'",
                  "label": "o 5'"
                },
                {
                  "node": "l",
                  "frag": "a-na",
                  "id": "P238418.l0381a",
                  "ref": "P238418.7.1",
                  "inst": "ana[to]PRP",
                  "sig": "@saao/saa18%akk-x-neobab:a-na=ana[to//to]PRP'PRP$ana",
                  "f": {
                    "lang": "akk-x-neobab",
                    "form": "a-na",
                    "cf": "ana",
                    "gw": "to",
                    "sense": "to",
                    "norm": "ana",
                    "pos": "PRP",
                    "epos": "PRP"
                  }
                },
                {
                  "node": "l",
                  "frag": "{lu₂}DAM.QAR-MEŠ",
                  "id": "P238418.l0381b",
                  "ref": "P238418.7.2",
                  "inst": "+tamkāru[merchant]N$tankarāni",
                  "sig": "@saao/saa18%akk-x-neobab:{LU₂}DAM.QAR-MEŠ=tamkāru[merchant//merchant]N'N$tankarāni",
                  "f": {
                    "lang": "akk-x-neobab",
                    "form": "{LU₂}DAM.QAR-MEŠ",
                    "cf": "tamkāru",
                    "gw": "merchant",
                    "sense": "merchant",
                    "norm": "tankarāni",
                    "pos": "N",
                    "epos": "N"
                  }
                },
                {
                  "node": "d",
                  "type": "line-start",
                  "ref": "P238418.8",
                  "n": "6'",
                  "label": "o 6'"
                },
                {
                  "node": "l",
                  "frag": "ša₂",
                  "id": "P238418.l0381c",
                  "ref": "P238418.8.1",
                  "inst": "ša[of]DET",
                  "sig": "@saao/saa18%akk-x-neobab:ša₂=ša[of//of]DET'DET$ša",
                  "f": {
                    "lang": "akk-x-neobab",
                    "form": "ša₂",
                    "cf": "ša",
                    "gw": "of",
                    "sense": "of",
                    "norm": "ša",
                    "pos": "DET",
                    "epos": "DET"
                  }
                },
                {
                  "node": "l",
                  "frag": "{uru}ka-lah₃",
                  "id": "P238418.l0381d",
                  "ref": "P238418.8.2",
                  "inst": "Kalah[1]GN",
                  "sig": "@saao/saa18%akk-x-neobab:{URU}ka-lah₃=Kalhu[1//1]GN'GN$Kalah",
                  "f": {
                    "lang": "akk-x-neobab",
                    "form": "{URU}ka-lah₃",
                    "cf": "Kalhu",
                    "gw": "1",
                    "sense": "1",
                    "norm": "Kalah",
                    "pos": "GN",
                    "epos": "GN"
                  }
                },
                {
                  "node": "l",
                  "frag": "a-na",
                  "id": "P238418.l0381e",
                  "ref": "P238418.8.3",
                  "inst": "ana[for]PRP",
                  "sig": "@saao/saa18%akk-x-neobab:a-na=ana[to//for]PRP'PRP$ana",
                  "f": {
                    "lang": "akk-x-neobab",
                    "form": "a-na",
                    "cf": "ana",
                    "gw": "to",
                    "sense": "for",
                    "norm": "ana",
                    "pos": "PRP",
                    "epos": "PRP"
                  }
                },
                {
                  "node": "l",
                  "frag": "KUG.UD",
                  "id": "P238418.l0381f",
                  "ref": "P238418.8.4",
                  "inst": "kaspi[silver]N",
                  "sig": "@saao/saa18%akk-x-neobab:KUG.UD=kaspu[silver//silver]N'N$kaspi",
                  "f": {
                    "lang": "akk-x-neobab",
                    "form": "KUG.UD",
                    "cf": "kaspu",
                    "gw": "silver",
                    "sense": "silver",
                    "norm": "kaspi",
                    "pos": "N",
                    "epos": "N"
                  }
                },
                {
                  "node": "d",
                  "type": "line-start",
                  "ref": "P238418.9",
                  "n": "7'",
                  "label": "o 7'"
                },
                {
                  "node": "l",
                  "frag": "⸢ki⸣-i",
                  "id": "P238418.l03820",
                  "ref": "P238418.9.1",
                  "inst": "kî[that]'SBJ",
                  "sig": "@saao/saa18%akk-x-neobab:ki-i=kī[like//that]PRP'SBJ$kî",
                  "f": {
                    "lang": "akk-x-neobab",
                    "form": "ki-i",
                    "cf": "kī",
                    "gw": "like",
                    "sense": "that",
                    "norm": "kî",
                    "pos": "PRP",
                    "epos": "SBJ"
                  }
                },
                {
                  "node": "l",
                  "frag": "id-di-nu",
                  "id": "P238418.l03821",
                  "ref": "P238418.9.2",
                  "inst": "+nadānu[give]V$iddinū",
                  "sig": "@saao/saa18%akk-x-neobab:id-di-nu=nadānu[give//give]V'V$iddinū",
                  "f": {
                    "lang": "akk-x-neobab",
                    "form": "id-di-nu",
                    "cf": "nadānu",
                    "gw": "give",
                    "sense": "give",
                    "norm": "iddinū",
                    "pos": "V",
                    "epos": "V"
                  }
                },
                {
                  "node": "d",
                  "type": "line-start",
                  "ref": "P238418.10",
                  "n": "8'",
                  "label": "o 8'"
                },
                {
                  "node": "l",
                  "frag": "[ul",
                  "id": "P238418.l03822",
                  "ref": "P238418.10.1",
                  "inst": "ul[not]MOD",
                  "sig": "@saao/saa18%akk-x-neobab:ul=ul[not//not]MOD'MOD$ul",
                  "f": {
                    "lang": "akk-x-neobab",
                    "form": "ul",
                    "cf": "ul",
                    "gw": "not",
                    "sense": "not",
                    "norm": "ul",
                    "pos": "MOD",
                    "epos": "MOD"
                  }
                },
                {
                  "node": "l",
                  "frag": "i]-man-gu-ru-ma",
                  "id": "P238418.l03823",
                  "ref": "P238418.10.2",
                  "inst": "immangurūma[agree]V",
                  "sig": "@saao/saa18%akk-x-neobab:i-man-gu-ru-ma=magāru[consent//agree]V'V$immangurūma",
                  "f": {
                    "lang": "akk-x-neobab",
                    "form": "i-man-gu-ru-ma",
                    "cf": "magāru",
                    "gw": "consent",
                    "sense": "agree",
                    "norm": "immangurūma",
                    "pos": "V",
                    "epos": "V"
                  }
                },
                {
                  "node": "d",
                  "type": "line-start",
                  "ref": "P238418.11",
                  "n": "9'",
                  "label": "o 9'"
                },
                {
                  "node": "l",
                  "frag": "[x",
                  "id": "P238418.l03824",
                  "ref": "P238418.11.1",
                  "inst": "u",
                  "f": {
                    "lang": "akk-x-neobab",
                    "form": "x",
                    "pos": "u"
                  }
                },
                {
                  "node": "l",
                  "frag": "x",
                  "id": "P238418.l03825",
                  "ref": "P238418.11.2",
                  "inst": "u",
                  "f": {
                    "lang": "akk-x-neobab",
                    "form": "x",
                    "pos": "u"
                  }
                },
                {
                  "node": "l",
                  "frag": "x",
                  "id": "P238418.l03826",
                  "ref": "P238418.11.3",
                  "inst": "u",
                  "f": {
                    "lang": "akk-x-neobab",
                    "form": "x",
                    "pos": "u"
                  }
                },
                {
                  "node": "l",
                  "frag": "x",
                  "id": "P238418.l03827",
                  "ref": "P238418.11.4",
                  "inst": "u",
                  "f": {
                    "lang": "akk-x-neobab",
                    "form": "x",
                    "pos": "u"
                  }
                },
                {
                  "node": "l",
                  "frag": "x",
                  "id": "P238418.l03828",
                  "ref": "P238418.11.5",
                  "inst": "u",
                  "f": {
                    "lang": "akk-x-neobab",
                    "form": "x",
                    "pos": "u"
                  }
                },
                {
                  "node": "l",
                  "frag": "x]-bi",
                  "id": "P238418.l03829",
                  "ref": "P238418.11.6",
                  "inst": "u",
                  "f": {
                    "lang": "akk-x-neobab",
                    "form": "x-bi",
                    "pos": "u"
                  }
                },
                {
                  "node": "d",
                  "type": "nonx",
                  "ref": "P238418.12",
                  "strict": "0",
                  "extent": "rest",
                  "state": "missing"
                },
                {
                  "node": "d",
                  "subtype": "reverse",
                  "type": "reverse",
                  "ref": "P238418.r.13",
                  "label": "r"
                },
                {
                  "node": "d",
                  "type": "nonx",
                  "ref": "P238418.14",
                  "strict": "0",
                  "extent": "beginning",
                  "state": "missing"
                },
                {
                  "node": "d",
                  "type": "line-start",
                  "ref": "P238418.15",
                  "n": "1'",
                  "label": "r 1'"
                },
                {
                  "node": "l",
                  "frag": "[x",
                  "id": "P238418.l0382a",
                  "ref": "P238418.15.1",
                  "inst": "u",
                  "f": {
                    "lang": "akk-x-neobab",
                    "form": "x",
                    "pos": "u"
                  }
                },
                {
                  "node": "l",
                  "frag": "x]",
                  "id": "P238418.l0382b",
                  "ref": "P238418.15.2",
                  "inst": "u",
                  "f": {
                    "lang": "akk-x-neobab",
                    "form": "x",
                    "pos": "u"
                  }
                },
                {
                  "node": "l",
                  "frag": "ina",
                  "id": "P238418.l0382c",
                  "ref": "P238418.15.3",
                  "inst": "ina[at]PRP",
                  "sig": "@saao/saa18%akk-x-neobab:ina=ina[in//at]PRP'PRP$ina",
                  "f": {
                    "lang": "akk-x-neobab",
                    "form": "ina",
                    "cf": "ina",
                    "gw": "in",
                    "sense": "at",
                    "norm": "ina",
                    "pos": "PRP",
                    "epos": "PRP"
                  }
                },
                {
                  "node": "l",
                  "frag": "05",
                  "id": "P238418.l0382d",
                  "ref": "P238418.15.4",
                  "inst": "n",
                  "f": {
                    "lang": "akk-x-neobab",
                    "form": "05",
                    "pos": "n"
                  }
                },
                {
                  "node": "l",
                  "frag": "MA.NA-AM₃",
                  "id": "P238418.l0382e",
                  "ref": "P238418.15.5",
                  "inst": "manâya[a unit of weight]N",
                  "sig": "@saao/saa18%akk-x-neobab:MA.NA-AM₃=manû[unit//a unit of weight]N'N$manâya",
                  "f": {
                    "lang": "akk-x-neobab",
                    "form": "MA.NA-AM₃",
                    "cf": "manû",
                    "gw": "unit",
                    "sense": "a unit of weight",
                    "norm": "manâya",
                    "pos": "N",
                    "epos": "N"
                  }
                },
                {
                  "node": "d",
                  "type": "line-start",
                  "ref": "P238418.16",
                  "n": "2'",
                  "label": "r 2'"
                },
                {
                  "node": "l",
                  "frag": "it-tan-nu",
                  "id": "P238418.l0382f",
                  "ref": "P238418.16.1",
                  "inst": "ittannū[give]V",
                  "sig": "@saao/saa18%akk-x-neobab:it-tan-nu=nadānu[give//give]V'V$ittannū",
                  "f": {
                    "lang": "akk-x-neobab",
                    "form": "it-tan-nu",
                    "cf": "nadānu",
                    "gw": "give",
                    "sense": "give",
                    "norm": "ittannū",
                    "pos": "V",
                    "epos": "V"
                  }
                },
                {
                  "node": "l",
                  "frag": "ina",
                  "id": "P238418.l03830",
                  "ref": "P238418.16.2",
                  "inst": "ina[in]PRP",
                  "sig": "@saao/saa18%akk-x-neobab:ina=ina[in//in]PRP'PRP$ina",
                  "f": {
                    "lang": "akk-x-neobab",
                    "form": "ina",
                    "cf": "ina",
                    "gw": "in",
                    "sense": "in",
                    "norm": "ina",
                    "pos": "PRP",
                    "epos": "PRP"
                  }
                },
                {
                  "node": "l",
                  "frag": "ŠA₃-bi",
                  "id": "P238418.l03831",
                  "ref": "P238418.16.3",
                  "inst": "libbi[interior]N",
                  "sig": "@saao/saa18%akk-x-neobab:ŠA₃-bi=libbu[interior//mood]N'N$libbi",
                  "f": {
                    "lang": "akk-x-neobab",
                    "form": "ŠA₃-bi",
                    "cf": "libbu",
                    "gw": "interior",
                    "sense": "mood",
                    "norm": "libbi",
                    "pos": "N",
                    "epos": "N"
                  }
                },
                {
                  "node": "d",
                  "type": "line-start",
                  "ref": "P238418.17",
                  "n": "3'",
                  "label": "r 3'"
                },
                {
                  "node": "l",
                  "frag": "{giš}TUKUL",
                  "id": "P238418.l03832",
                  "ref": "P238418.17.1",
                  "inst": "+kakku[stick//weapon]N'N$kakki",
                  "sig": "@saao/saa18%akk-x-neobab:{GIŠ}TUKUL=kakku[stick//weapon]N'N$kakki",
                  "f": {
                    "lang": "akk-x-neobab",
                    "form": "{GIŠ}TUKUL",
                    "cf": "kakku",
                    "gw": "stick",
                    "sense": "weapon",
                    "norm": "kakki",
                    "pos": "N",
                    "epos": "N"
                  }
                },
                {
                  "node": "l",
                  "frag": "ki-i",
                  "id": "P238418.l03833",
                  "ref": "P238418.17.2",
                  "inst": "kî[that]'SBJ",
                  "sig": "@saao/saa18%akk-x-neobab:ki-i=kī[like//that]PRP'SBJ$kî",
                  "f": {
                    "lang": "akk-x-neobab",
                    "form": "ki-i",
                    "cf": "kī",
                    "gw": "like",
                    "sense": "that",
                    "norm": "kî",
                    "pos": "PRP",
                    "epos": "SBJ"
                  }
                },
                {
                  "node": "l",
                  "frag": "iš-ku-nu",
                  "id": "P238418.l03834",
                  "ref": "P238418.17.3",
                  "inst": "+šakānu[put]V'V$iškunū",
                  "sig": "@saao/saa18%akk-x-neobab:iš-ku-nu=šakānu[put//place]V'V$iškunū",
                  "f": {
                    "lang": "akk-x-neobab",
                    "form": "iš-ku-nu",
                    "cf": "šakānu",
                    "gw": "put",
                    "sense": "place",
                    "norm": "iškunū",
                    "pos": "V",
                    "epos": "V"
                  }
                },
                {
                  "node": "d",
                  "type": "line-start",
                  "ref": "P238418.18",
                  "n": "4'",
                  "label": "r 4'"
                },
                {
                  "node": "l",
                  "frag": "a-na",
                  "id": "P238418.l03835",
                  "ref": "P238418.18.1",
                  "inst": "ana[to]PRP",
                  "sig": "@saao/saa18%akk-x-neobab:a-na=ana[to//to]PRP'PRP$ana",
                  "f": {
                    "lang": "akk-x-neobab",
                    "form": "a-na",
                    "cf": "ana",
                    "gw": "to",
                    "sense": "to",
                    "norm": "ana",
                    "pos": "PRP",
                    "epos": "PRP"
                  }
                },
                {
                  "node": "l",
                  "frag": "šu-pa-lu",
                  "id": "P238418.l03836",
                  "ref": "P238418.18.2",
                  "inst": "+šupālu[depression//down]N'PRP$",
                  "sig": "@saao/saa18%akk-x-neobab:šu-pa-lu=šupālu[depression//down]N'PRP$šupālu",
                  "f": {
                    "lang": "akk-x-neobab",
                    "form": "šu-pa-lu",
                    "cf": "šupālu",
                    "gw": "depression",
                    "sense": "down",
                    "norm": "šupālu",
                    "pos": "N",
                    "epos": "PRP"
                  }
                },
                {
                  "node": "d",
                  "type": "line-start",
                  "ref": "P238418.19",
                  "n": "5'",
                  "label": "r 5'"
                },
                {
                  "node": "l",
                  "frag": "it-ta-šu-⸢u₂⸣",
                  "id": "P238418.l03837",
                  "ref": "P238418.19.1",
                  "inst": "+našû[lift//take]V'V$ittašû",
                  "sig": "@saao/saa18%akk-x-neobab:it-ta-šu-u₂=našû[lift//take]V'V$ittašû",
                  "f": {
                    "lang": "akk-x-neobab",
                    "form": "it-ta-šu-u₂",
                    "cf": "našû",
                    "gw": "lift",
                    "sense": "take",
                    "norm": "ittašû",
                    "pos": "V",
                    "epos": "V"
                  }
                },
                {
                  "node": "d",
                  "type": "line-start",
                  "ref": "P238418.20",
                  "n": "6'",
                  "label": "r 6'"
                },
                {
                  "node": "l",
                  "frag": "ki-i",
                  "id": "P238418.l03838",
                  "ref": "P238418.20.1",
                  "inst": "kî[when]'SBJ",
                  "sig": "@saao/saa18%akk-x-neobab:ki-i=kī[like//when]PRP'SBJ$kî",
                  "f": {
                    "lang": "akk-x-neobab",
                    "form": "ki-i",
                    "cf": "kī",
                    "gw": "like",
                    "sense": "when",
                    "norm": "kî",
                    "pos": "PRP",
                    "epos": "SBJ"
                  }
                },
                {
                  "node": "l",
                  "frag": "aš₂-⸢mu-u₂⸣",
                  "id": "P238418.l03839",
                  "ref": "P238418.20.2",
                  "inst": "ašmû[hear]V",
                  "sig": "@saao/saa18%akk-x-neobab:aš₂-mu-u₂=šemû[hear//hear]V'V$ašmû",
                  "f": {
                    "lang": "akk-x-neobab",
                    "form": "aš₂-mu-u₂",
                    "cf": "šemû",
                    "gw": "hear",
                    "sense": "hear",
                    "norm": "ašmû",
                    "pos": "V",
                    "epos": "V"
                  }
                },
                {
                  "node": "d",
                  "type": "nonx",
                  "ref": "P238418.21",
                  "strict": "0",
                  "extent": "rest",
                  "state": "missing"
                }
              ]
            }
          ]
        }
      ]
    }
  ]
}
