{
  "type": "cdl",
  "source": "http://oracc.org/saao/saa18",
  "license": "This data is released under the CC0 license",
  "license-url": "https://creativecommons.org/publicdomain/zero/1.0/",
  "more-info": "http://oracc.org/doc/opendata/",
  "UTC-timestamp": "2017-06-10T00:59:33",
  "project": "saao/saa18",
  "textid": "P239447",
  "cdl": [
    {
      "node": "c",
      "type": "text",
      "id": "P239447.U0",
      "cdl": [
        {
          "node": "d",
          "type": "object",
          "ref": ""
        },
        {
          "node": "d",
          "subtype": "obverse",
          "type": "obverse",
          "ref": "P239447.o.1",
          "label": "o"
        },
        {
          "node": "c",
          "type": "discourse",
          "subtype": "body",
          "id": "P239447.U1",
          "cdl": [
            {
              "node": "c",
              "type": "sentence",
              "id": "P239447.U2",
              "label": "o 1 - o 8",
              "cdl": [
                {
                  "node": "d",
                  "type": "line-start",
                  "ref": "P239447.2",
                  "n": "1",
                  "label": "o 1"
                },
                {
                  "node": "l",
                  "frag": "[a]-⸢na⸣",
                  "id": "P239447.l013de",
                  "ref": "P239447.2.1",
                  "inst": "ana[to]PRP",
                  "sig": "@saao/saa18%akk-x-neobab:a-na=ana[to//concerning]PRP'PRP$ana",
                  "f": {
                    "lang": "akk-x-neobab",
                    "form": "a-na",
                    "cf": "ana",
                    "gw": "to",
                    "sense": "concerning",
                    "norm": "ana",
                    "pos": "PRP",
                    "epos": "PRP"
                  }
                },
                {
                  "node": "l",
                  "frag": "{lu₂}[EN.NAM",
                  "id": "P239447.l013df",
                  "ref": "P239447.2.2",
                  "inst": "pīhati[governor]N",
                  "sig": "@saao/saa18%akk-x-neobab:{LU₂}EN.NAM=pīhātu[responsibility//governor]N'N$pīhati",
                  "f": {
                    "lang": "akk-x-neobab",
                    "form": "{LU₂}EN.NAM",
                    "cf": "pīhātu",
                    "gw": "responsibility",
                    "sense": "governor",
                    "norm": "pīhati",
                    "pos": "N",
                    "epos": "N"
                  }
                },
                {
                  "node": "l",
                  "frag": "be-li₂-ia]",
                  "id": "P239447.l013e0",
                  "ref": "P239447.2.3",
                  "inst": "bēlīya[lord]N",
                  "sig": "@saao/saa18%akk-x-neobab:be-li₂-ia=bēlu[lord//lord]N'N$bēlīya",
                  "f": {
                    "lang": "akk-x-neobab",
                    "form": "be-li₂-ia",
                    "cf": "bēlu",
                    "gw": "lord",
                    "sense": "lord",
                    "norm": "bēlīya",
                    "pos": "N",
                    "epos": "N"
                  }
                },
                {
                  "node": "d",
                  "type": "line-start",
                  "ref": "P239447.3",
                  "n": "2",
                  "label": "o 2"
                },
                {
                  "node": "l",
                  "frag": "[ARAD]-ka",
                  "id": "P239447.l013e1",
                  "ref": "P239447.3.1",
                  "inst": "aradka[servant]N",
                  "sig": "@saao/saa18%akk-x-neobab:ARAD-ka=ardu[slave//servant]N'N$aradka",
                  "f": {
                    "lang": "akk-x-neobab",
                    "form": "ARAD-ka",
                    "cf": "ardu",
                    "gw": "slave",
                    "sense": "servant",
                    "norm": "aradka",
                    "pos": "N",
                    "epos": "N"
                  }
                },
                {
                  "node": "l",
                  "frag": "{1}⸢x⸣+[x",
                  "id": "P239447.l013e2",
                  "ref": "P239447.3.2",
                  "inst": "u",
                  "f": {
                    "lang": "akk-x-neobab",
                    "form": "{1}x+x",
                    "pos": "u"
                  }
                },
                {
                  "node": "l",
                  "frag": "x",
                  "id": "P239447.l013e3",
                  "ref": "P239447.3.3",
                  "inst": "u",
                  "f": {
                    "lang": "akk-x-neobab",
                    "form": "x",
                    "pos": "u"
                  }
                },
                {
                  "node": "l",
                  "frag": "x",
                  "id": "P239447.l013e4",
                  "ref": "P239447.3.4",
                  "inst": "u",
                  "f": {
                    "lang": "akk-x-neobab",
                    "form": "x",
                    "pos": "u"
                  }
                },
                {
                  "node": "l",
                  "frag": "x",
                  "id": "P239447.l013e5",
                  "ref": "P239447.3.5",
                  "inst": "u",
                  "f": {
                    "lang": "akk-x-neobab",
                    "form": "x",
                    "pos": "u"
                  }
                },
                {
                  "node": "l",
                  "frag": "x]",
                  "id": "P239447.l013e6",
                  "ref": "P239447.3.6",
                  "inst": "u",
                  "f": {
                    "lang": "akk-x-neobab",
                    "form": "x",
                    "pos": "u"
                  }
                },
                {
                  "node": "d",
                  "type": "line-start",
                  "ref": "P239447.4",
                  "n": "3",
                  "label": "o 3"
                },
                {
                  "node": "l",
                  "frag": "{[d]}⸢PA⸣",
                  "id": "P239447.l013e7",
                  "ref": "P239447.4.1",
                  "inst": "Nabu[1]DN",
                  "sig": "@saao/saa18%akk-x-neobab:{d}PA=Nabu[1//1]DN'DN$Nabu",
                  "f": {
                    "lang": "akk-x-neobab",
                    "form": "{d}PA",
                    "cf": "Nabu",
                    "gw": "1",
                    "sense": "1",
                    "norm": "Nabu",
                    "pos": "DN",
                    "epos": "DN"
                  }
                },
                {
                  "node": "l",
                  "frag": "u",
                  "id": "P239447.l013e8",
                  "ref": "P239447.4.2",
                  "inst": "u[and]CNJ",
                  "sig": "@saao/saa18%akk-x-neobab:u=u[and//and]CNJ'CNJ$u",
                  "f": {
                    "lang": "akk-x-neobab",
                    "form": "u",
                    "cf": "u",
                    "gw": "and",
                    "sense": "and",
                    "norm": "u",
                    "pos": "CNJ",
                    "epos": "CNJ"
                  }
                },
                {
                  "node": "l",
                  "frag": "{d}⸢AMAR⸣.[UTU",
                  "id": "P239447.l013e9",
                  "ref": "P239447.4.3",
                  "inst": "Marduk[1]DN",
                  "sig": "@saao/saa18%akk-x-neobab:{d}AMAR.UTU=Marduk[1//1]DN'DN$Marduk",
                  "f": {
                    "lang": "akk-x-neobab",
                    "form": "{d}AMAR.UTU",
                    "cf": "Marduk",
                    "gw": "1",
                    "sense": "1",
                    "norm": "Marduk",
                    "pos": "DN",
                    "epos": "DN"
                  }
                },
                {
                  "node": "l",
                  "frag": "x",
                  "id": "P239447.l013ea",
                  "ref": "P239447.4.4",
                  "inst": "u",
                  "f": {
                    "lang": "akk-x-neobab",
                    "form": "x",
                    "pos": "u"
                  }
                },
                {
                  "node": "l",
                  "frag": "x",
                  "id": "P239447.l013eb",
                  "ref": "P239447.4.5",
                  "inst": "u",
                  "f": {
                    "lang": "akk-x-neobab",
                    "form": "x",
                    "pos": "u"
                  }
                },
                {
                  "node": "l",
                  "frag": "x]",
                  "id": "P239447.l013ec",
                  "ref": "P239447.4.6",
                  "inst": "u",
                  "f": {
                    "lang": "akk-x-neobab",
                    "form": "x",
                    "pos": "u"
                  }
                },
                {
                  "node": "d",
                  "type": "line-start",
                  "ref": "P239447.5",
                  "n": "4",
                  "label": "o 4"
                },
                {
                  "node": "l",
                  "frag": "[a]-⸢na⸣",
                  "id": "P239447.l013ed",
                  "ref": "P239447.5.1",
                  "inst": "ana[to]PRP",
                  "sig": "@saao/saa18%akk-x-neobab:a-na=ana[to//concerning]PRP'PRP$ana",
                  "f": {
                    "lang": "akk-x-neobab",
                    "form": "a-na",
                    "cf": "ana",
                    "gw": "to",
                    "sense": "concerning",
                    "norm": "ana",
                    "pos": "PRP",
                    "epos": "PRP"
                  }
                },
                {
                  "node": "l",
                  "frag": "{lu₂}EN.⸢NAM⸣",
                  "id": "P239447.l013ee",
                  "ref": "P239447.5.2",
                  "inst": "pīhati[governor]N",
                  "sig": "@saao/saa18%akk-x-neobab:{LU₂}EN.NAM=pīhātu[responsibility//governor]N'N$pīhati",
                  "f": {
                    "lang": "akk-x-neobab",
                    "form": "{LU₂}EN.NAM",
                    "cf": "pīhātu",
                    "gw": "responsibility",
                    "sense": "governor",
                    "norm": "pīhati",
                    "pos": "N",
                    "epos": "N"
                  }
                },
                {
                  "node": "l",
                  "frag": "[be-li₂-ia]",
                  "id": "P239447.l013ef",
                  "ref": "P239447.5.3",
                  "inst": "bēlīya[lord]N",
                  "sig": "@saao/saa18%akk-x-neobab:be-li₂-ia=bēlu[lord//lord]N'N$bēlīya",
                  "f": {
                    "lang": "akk-x-neobab",
                    "form": "be-li₂-ia",
                    "cf": "bēlu",
                    "gw": "lord",
                    "sense": "lord",
                    "norm": "bēlīya",
                    "pos": "N",
                    "epos": "N"
                  }
                },
                {
                  "node": "d",
                  "type": "line-start",
                  "ref": "P239447.6",
                  "n": "5",
                  "label": "o 5"
                },
                {
                  "node": "l",
                  "frag": "[lik]-⸢ru-bu⸣",
                  "id": "P239447.l013f0",
                  "ref": "P239447.6.1",
                  "inst": "likrubū[bless]V",
                  "sig": "@saao/saa18%akk-x-neobab:lik-ru-bu=karābu[pray//bless]V'V$likrubū",
                  "f": {
                    "lang": "akk-x-neobab",
                    "form": "lik-ru-bu",
                    "cf": "karābu",
                    "gw": "pray",
                    "sense": "bless",
                    "norm": "likrubū",
                    "pos": "V",
                    "epos": "V"
                  }
                },
                {
                  "node": "l",
                  "frag": "[x",
                  "id": "P239447.l013f1",
                  "ref": "P239447.6.2",
                  "inst": "u",
                  "f": {
                    "lang": "akk-x-neobab",
                    "form": "x",
                    "pos": "u"
                  }
                },
                {
                  "node": "l",
                  "frag": "x",
                  "id": "P239447.l013f2",
                  "ref": "P239447.6.3",
                  "inst": "u",
                  "f": {
                    "lang": "akk-x-neobab",
                    "form": "x",
                    "pos": "u"
                  }
                },
                {
                  "node": "l",
                  "frag": "x",
                  "id": "P239447.l013f3",
                  "ref": "P239447.6.4",
                  "inst": "u",
                  "f": {
                    "lang": "akk-x-neobab",
                    "form": "x",
                    "pos": "u"
                  }
                },
                {
                  "node": "l",
                  "frag": "x]",
                  "id": "P239447.l013f4",
                  "ref": "P239447.6.5",
                  "inst": "u",
                  "f": {
                    "lang": "akk-x-neobab",
                    "form": "x",
                    "pos": "u"
                  }
                },
                {
                  "node": "d",
                  "type": "line-start",
                  "ref": "P239447.7",
                  "n": "6",
                  "label": "o 6"
                },
                {
                  "node": "l",
                  "frag": "[x",
                  "id": "P239447.l013f5",
                  "ref": "P239447.7.1",
                  "inst": "u",
                  "f": {
                    "lang": "akk-x-neobab",
                    "form": "x",
                    "pos": "u"
                  }
                },
                {
                  "node": "l",
                  "frag": "x]+⸢x⸣",
                  "id": "P239447.l013f6",
                  "ref": "P239447.7.2",
                  "inst": "u",
                  "f": {
                    "lang": "akk-x-neobab",
                    "form": "x+x",
                    "pos": "u"
                  }
                },
                {
                  "node": "l",
                  "frag": "ša₂",
                  "id": "P239447.l013f7",
                  "ref": "P239447.7.3",
                  "inst": "u",
                  "f": {
                    "lang": "akk-x-neobab",
                    "form": "ša₂",
                    "pos": "u"
                  }
                },
                {
                  "node": "l",
                  "frag": "mu",
                  "id": "P239447.l013f8",
                  "ref": "P239447.7.4",
                  "inst": "u",
                  "f": {
                    "lang": "akk-x-neobab",
                    "form": "mu",
                    "pos": "u"
                  }
                },
                {
                  "node": "l",
                  "frag": "a",
                  "id": "P239447.l013f9",
                  "ref": "P239447.7.5",
                  "inst": "u",
                  "f": {
                    "lang": "akk-x-neobab",
                    "form": "a",
                    "pos": "u"
                  }
                },
                {
                  "node": "l",
                  "frag": "[x",
                  "id": "P239447.l013fa",
                  "ref": "P239447.7.6",
                  "inst": "u",
                  "f": {
                    "lang": "akk-x-neobab",
                    "form": "x",
                    "pos": "u"
                  }
                },
                {
                  "node": "l",
                  "frag": "x",
                  "id": "P239447.l013fb",
                  "ref": "P239447.7.7",
                  "inst": "u",
                  "f": {
                    "lang": "akk-x-neobab",
                    "form": "x",
                    "pos": "u"
                  }
                },
                {
                  "node": "l",
                  "frag": "x",
                  "id": "P239447.l013fc",
                  "ref": "P239447.7.8",
                  "inst": "u",
                  "f": {
                    "lang": "akk-x-neobab",
                    "form": "x",
                    "pos": "u"
                  }
                },
                {
                  "node": "l",
                  "frag": "x",
                  "id": "P239447.l013fd",
                  "ref": "P239447.7.9",
                  "inst": "u",
                  "f": {
                    "lang": "akk-x-neobab",
                    "form": "x",
                    "pos": "u"
                  }
                },
                {
                  "node": "l",
                  "frag": "x]",
                  "id": "P239447.l013fe",
                  "ref": "P239447.7.10",
                  "inst": "u",
                  "f": {
                    "lang": "akk-x-neobab",
                    "form": "x",
                    "pos": "u"
                  }
                },
                {
                  "node": "d",
                  "type": "line-start",
                  "ref": "P239447.8",
                  "n": "7",
                  "label": "o 7"
                },
                {
                  "node": "l",
                  "frag": "[x",
                  "id": "P239447.l013ff",
                  "ref": "P239447.8.1",
                  "inst": "u",
                  "f": {
                    "lang": "akk-x-neobab",
                    "form": "x",
                    "pos": "u"
                  }
                },
                {
                  "node": "l",
                  "frag": "x]+⸢x⸣",
                  "id": "P239447.l01400",
                  "ref": "P239447.8.2",
                  "inst": "u",
                  "f": {
                    "lang": "akk-x-neobab",
                    "form": "x+x",
                    "pos": "u"
                  }
                },
                {
                  "node": "l",
                  "frag": "iš-⸢pu⸣-[ra",
                  "id": "P239447.l01401",
                  "ref": "P239447.8.3",
                  "inst": "išpura[send]V",
                  "sig": "@saao/saa18%akk-x-neobab:iš-pu-ra=šapāru[send//send]V'V$išpura",
                  "f": {
                    "lang": "akk-x-neobab",
                    "form": "iš-pu-ra",
                    "cf": "šapāru",
                    "gw": "send",
                    "sense": "send",
                    "norm": "išpura",
                    "pos": "V",
                    "epos": "V"
                  }
                },
                {
                  "node": "l",
                  "frag": "x",
                  "id": "P239447.l01402",
                  "ref": "P239447.8.4",
                  "inst": "u",
                  "f": {
                    "lang": "akk-x-neobab",
                    "form": "x",
                    "pos": "u"
                  }
                },
                {
                  "node": "l",
                  "frag": "x",
                  "id": "P239447.l01403",
                  "ref": "P239447.8.5",
                  "inst": "u",
                  "f": {
                    "lang": "akk-x-neobab",
                    "form": "x",
                    "pos": "u"
                  }
                },
                {
                  "node": "l",
                  "frag": "x]",
                  "id": "P239447.l01404",
                  "ref": "P239447.8.6",
                  "inst": "u",
                  "f": {
                    "lang": "akk-x-neobab",
                    "form": "x",
                    "pos": "u"
                  }
                },
                {
                  "node": "d",
                  "type": "line-start",
                  "ref": "P239447.9",
                  "n": "8",
                  "label": "o 8"
                },
                {
                  "node": "l",
                  "frag": "[x]",
                  "id": "P239447.l01405",
                  "ref": "P239447.9.1",
                  "inst": "u",
                  "f": {
                    "lang": "akk-x-neobab",
                    "form": "x",
                    "pos": "u"
                  }
                },
                {
                  "node": "l",
                  "frag": "⸢x",
                  "id": "P239447.l01406",
                  "ref": "P239447.9.2",
                  "inst": "u",
                  "f": {
                    "lang": "akk-x-neobab",
                    "form": "x",
                    "pos": "u"
                  }
                },
                {
                  "node": "l",
                  "frag": "x⸣",
                  "id": "P239447.l01407",
                  "ref": "P239447.9.3",
                  "inst": "u",
                  "f": {
                    "lang": "akk-x-neobab",
                    "form": "x",
                    "pos": "u"
                  }
                },
                {
                  "node": "l",
                  "frag": "[x",
                  "id": "P239447.l01408",
                  "ref": "P239447.9.4",
                  "inst": "u",
                  "f": {
                    "lang": "akk-x-neobab",
                    "form": "x",
                    "pos": "u"
                  }
                },
                {
                  "node": "l",
                  "frag": "x",
                  "id": "P239447.l01409",
                  "ref": "P239447.9.5",
                  "inst": "u",
                  "f": {
                    "lang": "akk-x-neobab",
                    "form": "x",
                    "pos": "u"
                  }
                },
                {
                  "node": "l",
                  "frag": "x",
                  "id": "P239447.l0140a",
                  "ref": "P239447.9.6",
                  "inst": "u",
                  "f": {
                    "lang": "akk-x-neobab",
                    "form": "x",
                    "pos": "u"
                  }
                },
                {
                  "node": "l",
                  "frag": "x",
                  "id": "P239447.l0140b",
                  "ref": "P239447.9.7",
                  "inst": "u",
                  "f": {
                    "lang": "akk-x-neobab",
                    "form": "x",
                    "pos": "u"
                  }
                },
                {
                  "node": "l",
                  "frag": "x]",
                  "id": "P239447.l0140c",
                  "ref": "P239447.9.8",
                  "inst": "u",
                  "f": {
                    "lang": "akk-x-neobab",
                    "form": "x",
                    "pos": "u"
                  }
                },
                {
                  "node": "d",
                  "type": "nonx",
                  "ref": "P239447.10",
                  "strict": "0",
                  "extent": "rest",
                  "state": "missing"
                },
                {
                  "node": "d",
                  "subtype": "reverse",
                  "type": "reverse",
                  "ref": "P239447.r.11",
                  "label": "r"
                },
                {
                  "node": "d",
                  "type": "nonx",
                  "ref": "P239447.12",
                  "strict": "0",
                  "state": "missing"
                }
              ]
            }
          ]
        }
      ]
    }
  ]
}
