{
  "type": "cdl",
  "source": "http://oracc.org/saao/saa18",
  "license": "This data is released under the CC0 license",
  "license-url": "https://creativecommons.org/publicdomain/zero/1.0/",
  "more-info": "http://oracc.org/doc/opendata/",
  "UTC-timestamp": "2017-06-10T00:59:41",
  "project": "saao/saa18",
  "textid": "P239359",
  "cdl": [
    {
      "node": "c",
      "type": "text",
      "id": "P239359.U0",
      "cdl": [
        {
          "node": "d",
          "type": "object",
          "ref": ""
        },
        {
          "node": "d",
          "type": "surface",
          "ref": ""
        },
        {
          "node": "d",
          "type": "nonx",
          "ref": "P239359.1",
          "strict": "0",
          "extent": "beginning",
          "state": "missing"
        },
        {
          "node": "c",
          "type": "discourse",
          "subtype": "body",
          "id": "P239359.U1",
          "cdl": [
            {
              "node": "c",
              "type": "sentence",
              "id": "P239359.U2",
              "label": "1' - 13'",
              "cdl": [
                {
                  "node": "d",
                  "type": "line-start",
                  "ref": "P239359.2",
                  "n": "1'",
                  "label": "1'"
                },
                {
                  "node": "l",
                  "frag": "[x",
                  "id": "P239359.l0581a",
                  "ref": "P239359.2.1",
                  "inst": "u",
                  "f": {
                    "lang": "akk-x-neobab",
                    "form": "x",
                    "pos": "u"
                  }
                },
                {
                  "node": "l",
                  "frag": "x",
                  "id": "P239359.l0581b",
                  "ref": "P239359.2.2",
                  "inst": "u",
                  "f": {
                    "lang": "akk-x-neobab",
                    "form": "x",
                    "pos": "u"
                  }
                },
                {
                  "node": "l",
                  "frag": "x]+⸢x⸣",
                  "id": "P239359.l0581c",
                  "ref": "P239359.2.3",
                  "inst": "u",
                  "f": {
                    "lang": "akk-x-neobab",
                    "form": "x+x",
                    "pos": "u"
                  }
                },
                {
                  "node": "l",
                  "frag": "ki",
                  "id": "P239359.l0581d",
                  "ref": "P239359.2.4",
                  "inst": "u",
                  "f": {
                    "lang": "akk-x-neobab",
                    "form": "ki",
                    "pos": "u"
                  }
                },
                {
                  "node": "l",
                  "frag": "[x",
                  "id": "P239359.l0581e",
                  "ref": "P239359.2.5",
                  "inst": "u",
                  "f": {
                    "lang": "akk-x-neobab",
                    "form": "x",
                    "pos": "u"
                  }
                },
                {
                  "node": "l",
                  "frag": "x",
                  "id": "P239359.l0581f",
                  "ref": "P239359.2.6",
                  "inst": "u",
                  "f": {
                    "lang": "akk-x-neobab",
                    "form": "x",
                    "pos": "u"
                  }
                },
                {
                  "node": "l",
                  "frag": "x",
                  "id": "P239359.l05820",
                  "ref": "P239359.2.7",
                  "inst": "u",
                  "f": {
                    "lang": "akk-x-neobab",
                    "form": "x",
                    "pos": "u"
                  }
                },
                {
                  "node": "l",
                  "frag": "x",
                  "id": "P239359.l05821",
                  "ref": "P239359.2.8",
                  "inst": "u",
                  "f": {
                    "lang": "akk-x-neobab",
                    "form": "x",
                    "pos": "u"
                  }
                },
                {
                  "node": "l",
                  "frag": "x",
                  "id": "P239359.l05822",
                  "ref": "P239359.2.9",
                  "inst": "u",
                  "f": {
                    "lang": "akk-x-neobab",
                    "form": "x",
                    "pos": "u"
                  }
                },
                {
                  "node": "l",
                  "frag": "x",
                  "id": "P239359.l05823",
                  "ref": "P239359.2.10",
                  "inst": "u",
                  "f": {
                    "lang": "akk-x-neobab",
                    "form": "x",
                    "pos": "u"
                  }
                },
                {
                  "node": "l",
                  "frag": "x]",
                  "id": "P239359.l05824",
                  "ref": "P239359.2.11",
                  "inst": "u",
                  "f": {
                    "lang": "akk-x-neobab",
                    "form": "x",
                    "pos": "u"
                  }
                },
                {
                  "node": "d",
                  "type": "line-start",
                  "ref": "P239359.3",
                  "n": "2'",
                  "label": "2'"
                },
                {
                  "node": "l",
                  "frag": "[x]",
                  "id": "P239359.l05825",
                  "ref": "P239359.3.1",
                  "inst": "u",
                  "f": {
                    "lang": "akk-x-neobab",
                    "form": "x",
                    "pos": "u"
                  }
                },
                {
                  "node": "l",
                  "frag": "⸢iš⸣-pu-⸢ra⸣",
                  "id": "P239359.l05826",
                  "ref": "P239359.3.2",
                  "inst": "išpura[send]V",
                  "sig": "@saao/saa18%akk-x-neobab:iš-pu-ra=šapāru[send//send]V'V$išpura",
                  "f": {
                    "lang": "akk-x-neobab",
                    "form": "iš-pu-ra",
                    "cf": "šapāru",
                    "gw": "send",
                    "sense": "send",
                    "norm": "išpura",
                    "pos": "V",
                    "epos": "V"
                  }
                },
                {
                  "node": "l",
                  "frag": "[x",
                  "id": "P239359.l05827",
                  "ref": "P239359.3.3",
                  "inst": "u",
                  "f": {
                    "lang": "akk-x-neobab",
                    "form": "x",
                    "pos": "u"
                  }
                },
                {
                  "node": "l",
                  "frag": "x",
                  "id": "P239359.l05828",
                  "ref": "P239359.3.4",
                  "inst": "u",
                  "f": {
                    "lang": "akk-x-neobab",
                    "form": "x",
                    "pos": "u"
                  }
                },
                {
                  "node": "l",
                  "frag": "x",
                  "id": "P239359.l05829",
                  "ref": "P239359.3.5",
                  "inst": "u",
                  "f": {
                    "lang": "akk-x-neobab",
                    "form": "x",
                    "pos": "u"
                  }
                },
                {
                  "node": "l",
                  "frag": "x",
                  "id": "P239359.l0582a",
                  "ref": "P239359.3.6",
                  "inst": "u",
                  "f": {
                    "lang": "akk-x-neobab",
                    "form": "x",
                    "pos": "u"
                  }
                },
                {
                  "node": "l",
                  "frag": "x",
                  "id": "P239359.l0582b",
                  "ref": "P239359.3.7",
                  "inst": "u",
                  "f": {
                    "lang": "akk-x-neobab",
                    "form": "x",
                    "pos": "u"
                  }
                },
                {
                  "node": "l",
                  "frag": "x]",
                  "id": "P239359.l0582c",
                  "ref": "P239359.3.8",
                  "inst": "u",
                  "f": {
                    "lang": "akk-x-neobab",
                    "form": "x",
                    "pos": "u"
                  }
                },
                {
                  "node": "d",
                  "type": "line-start",
                  "ref": "P239359.4",
                  "n": "3'",
                  "label": "3'"
                },
                {
                  "node": "l",
                  "frag": "[x",
                  "id": "P239359.l0582d",
                  "ref": "P239359.4.1",
                  "inst": "u",
                  "f": {
                    "lang": "akk-x-neobab",
                    "form": "x",
                    "pos": "u"
                  }
                },
                {
                  "node": "l",
                  "frag": "x",
                  "id": "P239359.l0582e",
                  "ref": "P239359.4.2",
                  "inst": "u",
                  "f": {
                    "lang": "akk-x-neobab",
                    "form": "x",
                    "pos": "u"
                  }
                },
                {
                  "node": "l",
                  "frag": "x]",
                  "id": "P239359.l0582f",
                  "ref": "P239359.4.3",
                  "inst": "u",
                  "f": {
                    "lang": "akk-x-neobab",
                    "form": "x",
                    "pos": "u"
                  }
                },
                {
                  "node": "l",
                  "frag": "⸢LUGAL⸣",
                  "id": "P239359.l05830",
                  "ref": "P239359.4.4",
                  "inst": "šar[king]N",
                  "sig": "@saao/saa18%akk-x-neobab:LUGAL=šarru[king//king]N'N$šar",
                  "f": {
                    "lang": "akk-x-neobab",
                    "form": "LUGAL",
                    "cf": "šarru",
                    "gw": "king",
                    "sense": "king",
                    "norm": "šar",
                    "pos": "N",
                    "epos": "N"
                  }
                },
                {
                  "node": "l",
                  "frag": "TIN.⸢TIR⸣{[ki}",
                  "id": "P239359.l05831",
                  "ref": "P239359.4.5",
                  "inst": "Babili[Babylon]GN",
                  "sig": "@saao/saa18%akk-x-neobab:TIN.TIR{KI}=Babili[Babylon//Babylon]GN'GN$Babili",
                  "f": {
                    "lang": "akk-x-neobab",
                    "form": "TIN.TIR{KI}",
                    "cf": "Babili",
                    "gw": "Babylon",
                    "sense": "Babylon",
                    "norm": "Babili",
                    "pos": "GN",
                    "epos": "GN"
                  }
                },
                {
                  "node": "l",
                  "frag": "x",
                  "id": "P239359.l05832",
                  "ref": "P239359.4.6",
                  "inst": "u",
                  "f": {
                    "lang": "akk-x-neobab",
                    "form": "x",
                    "pos": "u"
                  }
                },
                {
                  "node": "l",
                  "frag": "x",
                  "id": "P239359.l05833",
                  "ref": "P239359.4.7",
                  "inst": "u",
                  "f": {
                    "lang": "akk-x-neobab",
                    "form": "x",
                    "pos": "u"
                  }
                },
                {
                  "node": "l",
                  "frag": "x",
                  "id": "P239359.l05834",
                  "ref": "P239359.4.8",
                  "inst": "u",
                  "f": {
                    "lang": "akk-x-neobab",
                    "form": "x",
                    "pos": "u"
                  }
                },
                {
                  "node": "l",
                  "frag": "x]",
                  "id": "P239359.l05835",
                  "ref": "P239359.4.9",
                  "inst": "u",
                  "f": {
                    "lang": "akk-x-neobab",
                    "form": "x",
                    "pos": "u"
                  }
                },
                {
                  "node": "d",
                  "type": "line-start",
                  "ref": "P239359.5",
                  "n": "4'",
                  "label": "4'"
                },
                {
                  "node": "l",
                  "frag": "[x",
                  "id": "P239359.l05836",
                  "ref": "P239359.5.1",
                  "inst": "u",
                  "f": {
                    "lang": "akk-x-neobab",
                    "form": "x",
                    "pos": "u"
                  }
                },
                {
                  "node": "l",
                  "frag": "x",
                  "id": "P239359.l05837",
                  "ref": "P239359.5.2",
                  "inst": "u",
                  "f": {
                    "lang": "akk-x-neobab",
                    "form": "x",
                    "pos": "u"
                  }
                },
                {
                  "node": "l",
                  "frag": "x",
                  "id": "P239359.l05838",
                  "ref": "P239359.5.3",
                  "inst": "u",
                  "f": {
                    "lang": "akk-x-neobab",
                    "form": "x",
                    "pos": "u"
                  }
                },
                {
                  "node": "l",
                  "frag": "x]+⸢x⸣-šu₂-nu",
                  "id": "P239359.l05839",
                  "ref": "P239359.5.4",
                  "inst": "u",
                  "f": {
                    "lang": "akk-x-neobab",
                    "form": "x+x-šu₂-nu",
                    "pos": "u"
                  }
                },
                {
                  "node": "l",
                  "frag": "⸢x⸣+[x",
                  "id": "P239359.l0583a",
                  "ref": "P239359.5.5",
                  "inst": "u",
                  "f": {
                    "lang": "akk-x-neobab",
                    "form": "x+x",
                    "pos": "u"
                  }
                },
                {
                  "node": "l",
                  "frag": "x",
                  "id": "P239359.l0583b",
                  "ref": "P239359.5.6",
                  "inst": "u",
                  "f": {
                    "lang": "akk-x-neobab",
                    "form": "x",
                    "pos": "u"
                  }
                },
                {
                  "node": "l",
                  "frag": "x",
                  "id": "P239359.l0583c",
                  "ref": "P239359.5.7",
                  "inst": "u",
                  "f": {
                    "lang": "akk-x-neobab",
                    "form": "x",
                    "pos": "u"
                  }
                },
                {
                  "node": "l",
                  "frag": "x",
                  "id": "P239359.l0583d",
                  "ref": "P239359.5.8",
                  "inst": "u",
                  "f": {
                    "lang": "akk-x-neobab",
                    "form": "x",
                    "pos": "u"
                  }
                },
                {
                  "node": "l",
                  "frag": "x]",
                  "id": "P239359.l0583e",
                  "ref": "P239359.5.9",
                  "inst": "u",
                  "f": {
                    "lang": "akk-x-neobab",
                    "form": "x",
                    "pos": "u"
                  }
                },
                {
                  "node": "d",
                  "type": "line-start",
                  "ref": "P239359.6",
                  "n": "5'",
                  "label": "5'"
                },
                {
                  "node": "l",
                  "frag": "[x",
                  "id": "P239359.l0583f",
                  "ref": "P239359.6.1",
                  "inst": "u",
                  "f": {
                    "lang": "akk-x-neobab",
                    "form": "x",
                    "pos": "u"
                  }
                },
                {
                  "node": "l",
                  "frag": "x]",
                  "id": "P239359.l05840",
                  "ref": "P239359.6.2",
                  "inst": "u",
                  "f": {
                    "lang": "akk-x-neobab",
                    "form": "x",
                    "pos": "u"
                  }
                },
                {
                  "node": "l",
                  "frag": "⸢x⸣",
                  "id": "P239359.l05841",
                  "ref": "P239359.6.3",
                  "inst": "u",
                  "f": {
                    "lang": "akk-x-neobab",
                    "form": "x",
                    "pos": "u"
                  }
                },
                {
                  "node": "l",
                  "frag": "[x",
                  "id": "P239359.l05842",
                  "ref": "P239359.6.4",
                  "inst": "u",
                  "f": {
                    "lang": "akk-x-neobab",
                    "form": "x",
                    "pos": "u"
                  }
                },
                {
                  "node": "l",
                  "frag": "x]+⸢x⸣",
                  "id": "P239359.l05843",
                  "ref": "P239359.6.5",
                  "inst": "u",
                  "f": {
                    "lang": "akk-x-neobab",
                    "form": "x+x",
                    "pos": "u"
                  }
                },
                {
                  "node": "l",
                  "frag": "a-⸢na⸣",
                  "id": "P239359.l05844",
                  "ref": "P239359.6.6",
                  "inst": "ana[to]PRP",
                  "sig": "@saao/saa18%akk-x-neobab:a-na=ana[to//to]PRP'PRP$ana",
                  "f": {
                    "lang": "akk-x-neobab",
                    "form": "a-na",
                    "cf": "ana",
                    "gw": "to",
                    "sense": "to",
                    "norm": "ana",
                    "pos": "PRP",
                    "epos": "PRP"
                  }
                },
                {
                  "node": "l",
                  "frag": "[x",
                  "id": "P239359.l05845",
                  "ref": "P239359.6.7",
                  "inst": "u",
                  "f": {
                    "lang": "akk-x-neobab",
                    "form": "x",
                    "pos": "u"
                  }
                },
                {
                  "node": "l",
                  "frag": "x",
                  "id": "P239359.l05846",
                  "ref": "P239359.6.8",
                  "inst": "u",
                  "f": {
                    "lang": "akk-x-neobab",
                    "form": "x",
                    "pos": "u"
                  }
                },
                {
                  "node": "l",
                  "frag": "x",
                  "id": "P239359.l05847",
                  "ref": "P239359.6.9",
                  "inst": "u",
                  "f": {
                    "lang": "akk-x-neobab",
                    "form": "x",
                    "pos": "u"
                  }
                },
                {
                  "node": "l",
                  "frag": "x]",
                  "id": "P239359.l05848",
                  "ref": "P239359.6.10",
                  "inst": "u",
                  "f": {
                    "lang": "akk-x-neobab",
                    "form": "x",
                    "pos": "u"
                  }
                },
                {
                  "node": "d",
                  "type": "line-start",
                  "ref": "P239359.7",
                  "n": "6'",
                  "label": "6'"
                },
                {
                  "node": "l",
                  "frag": "[x",
                  "id": "P239359.l05849",
                  "ref": "P239359.7.1",
                  "inst": "u",
                  "f": {
                    "lang": "akk-x-neobab",
                    "form": "x",
                    "pos": "u"
                  }
                },
                {
                  "node": "l",
                  "frag": "x]",
                  "id": "P239359.l0584a",
                  "ref": "P239359.7.2",
                  "inst": "u",
                  "f": {
                    "lang": "akk-x-neobab",
                    "form": "x",
                    "pos": "u"
                  }
                },
                {
                  "node": "l",
                  "frag": "⸢a⸣-na",
                  "id": "P239359.l0584b",
                  "ref": "P239359.7.3",
                  "inst": "ana[to]PRP",
                  "sig": "@saao/saa18%akk-x-neobab:a-na=ana[to//to]PRP'PRP$ana",
                  "f": {
                    "lang": "akk-x-neobab",
                    "form": "a-na",
                    "cf": "ana",
                    "gw": "to",
                    "sense": "to",
                    "norm": "ana",
                    "pos": "PRP",
                    "epos": "PRP"
                  }
                },
                {
                  "node": "l",
                  "frag": "ku-ta-⸢al⸣-[li",
                  "id": "P239359.l0584c",
                  "ref": "P239359.7.4",
                  "inst": "+kutallu[back]N$kutalli",
                  "sig": "@saao/saa18%akk-x-neobab:ku-ta-al-li=kutallu[back//back]N'N$kutalli",
                  "f": {
                    "lang": "akk-x-neobab",
                    "form": "ku-ta-al-li",
                    "cf": "kutallu",
                    "gw": "back",
                    "sense": "back",
                    "norm": "kutalli",
                    "pos": "N",
                    "epos": "N"
                  }
                },
                {
                  "node": "l",
                  "frag": "x",
                  "id": "P239359.l0584d",
                  "ref": "P239359.7.5",
                  "inst": "u",
                  "f": {
                    "lang": "akk-x-neobab",
                    "form": "x",
                    "pos": "u"
                  }
                },
                {
                  "node": "l",
                  "frag": "x",
                  "id": "P239359.l0584e",
                  "ref": "P239359.7.6",
                  "inst": "u",
                  "f": {
                    "lang": "akk-x-neobab",
                    "form": "x",
                    "pos": "u"
                  }
                },
                {
                  "node": "l",
                  "frag": "x]",
                  "id": "P239359.l0584f",
                  "ref": "P239359.7.7",
                  "inst": "u",
                  "f": {
                    "lang": "akk-x-neobab",
                    "form": "x",
                    "pos": "u"
                  }
                },
                {
                  "node": "d",
                  "type": "line-start",
                  "ref": "P239359.8",
                  "n": "7'",
                  "label": "7'"
                },
                {
                  "node": "l",
                  "frag": "[x",
                  "id": "P239359.l05850",
                  "ref": "P239359.8.1",
                  "inst": "u",
                  "f": {
                    "lang": "akk-x-neobab",
                    "form": "x",
                    "pos": "u"
                  }
                },
                {
                  "node": "l",
                  "frag": "x",
                  "id": "P239359.l05851",
                  "ref": "P239359.8.2",
                  "inst": "u",
                  "f": {
                    "lang": "akk-x-neobab",
                    "form": "x",
                    "pos": "u"
                  }
                },
                {
                  "node": "l",
                  "frag": "x]",
                  "id": "P239359.l05852",
                  "ref": "P239359.8.3",
                  "inst": "u",
                  "f": {
                    "lang": "akk-x-neobab",
                    "form": "x",
                    "pos": "u"
                  }
                },
                {
                  "node": "l",
                  "frag": "LUGAL",
                  "id": "P239359.l05853",
                  "ref": "P239359.8.4",
                  "inst": "šarri[king]N",
                  "sig": "@saao/saa18%akk-x-neobab:LUGAL=šarru[king//king]N'N$šarri",
                  "f": {
                    "lang": "akk-x-neobab",
                    "form": "LUGAL",
                    "cf": "šarru",
                    "gw": "king",
                    "sense": "king",
                    "norm": "šarri",
                    "pos": "N",
                    "epos": "N"
                  }
                },
                {
                  "node": "l",
                  "frag": "al-[tap-ra",
                  "id": "P239359.l05854",
                  "ref": "P239359.8.5",
                  "inst": "altapra[send]V",
                  "sig": "@saao/saa18%akk-x-neobab:al-tap-ra=šapāru[send//send]V'V$altapra",
                  "f": {
                    "lang": "akk-x-neobab",
                    "form": "al-tap-ra",
                    "cf": "šapāru",
                    "gw": "send",
                    "sense": "send",
                    "norm": "altapra",
                    "pos": "V",
                    "epos": "V"
                  }
                },
                {
                  "node": "l",
                  "frag": "x",
                  "id": "P239359.l05855",
                  "ref": "P239359.8.6",
                  "inst": "u",
                  "f": {
                    "lang": "akk-x-neobab",
                    "form": "x",
                    "pos": "u"
                  }
                },
                {
                  "node": "l",
                  "frag": "x",
                  "id": "P239359.l05856",
                  "ref": "P239359.8.7",
                  "inst": "u",
                  "f": {
                    "lang": "akk-x-neobab",
                    "form": "x",
                    "pos": "u"
                  }
                },
                {
                  "node": "l",
                  "frag": "x]",
                  "id": "P239359.l05857",
                  "ref": "P239359.8.8",
                  "inst": "u",
                  "f": {
                    "lang": "akk-x-neobab",
                    "form": "x",
                    "pos": "u"
                  }
                },
                {
                  "node": "d",
                  "type": "line-start",
                  "ref": "P239359.9",
                  "n": "8'",
                  "label": "8'"
                },
                {
                  "node": "l",
                  "frag": "[x",
                  "id": "P239359.l05858",
                  "ref": "P239359.9.1",
                  "inst": "u",
                  "f": {
                    "lang": "akk-x-neobab",
                    "form": "x",
                    "pos": "u"
                  }
                },
                {
                  "node": "l",
                  "frag": "x",
                  "id": "P239359.l05859",
                  "ref": "P239359.9.2",
                  "inst": "u",
                  "f": {
                    "lang": "akk-x-neobab",
                    "form": "x",
                    "pos": "u"
                  }
                },
                {
                  "node": "l",
                  "frag": "x]+⸢x⸣-is",
                  "id": "P239359.l0585a",
                  "ref": "P239359.9.3",
                  "inst": "u",
                  "f": {
                    "lang": "akk-x-neobab",
                    "form": "x+x-is",
                    "pos": "u"
                  }
                },
                {
                  "node": "l",
                  "frag": "ina",
                  "id": "P239359.l0585b",
                  "ref": "P239359.9.4",
                  "inst": "ina[in]PRP",
                  "sig": "@saao/saa18%akk-x-neobab:ina=ina[in//in accordance with]PRP'PRP$ina",
                  "f": {
                    "lang": "akk-x-neobab",
                    "form": "ina",
                    "cf": "ina",
                    "gw": "in",
                    "sense": "in accordance with",
                    "norm": "ina",
                    "pos": "PRP",
                    "epos": "PRP"
                  }
                },
                {
                  "node": "l",
                  "frag": "⸢x⸣+[x",
                  "id": "P239359.l0585c",
                  "ref": "P239359.9.5",
                  "inst": "u",
                  "f": {
                    "lang": "akk-x-neobab",
                    "form": "x+x",
                    "pos": "u"
                  }
                },
                {
                  "node": "l",
                  "frag": "x",
                  "id": "P239359.l0585d",
                  "ref": "P239359.9.6",
                  "inst": "u",
                  "f": {
                    "lang": "akk-x-neobab",
                    "form": "x",
                    "pos": "u"
                  }
                },
                {
                  "node": "l",
                  "frag": "x",
                  "id": "P239359.l0585e",
                  "ref": "P239359.9.7",
                  "inst": "u",
                  "f": {
                    "lang": "akk-x-neobab",
                    "form": "x",
                    "pos": "u"
                  }
                },
                {
                  "node": "l",
                  "frag": "x",
                  "id": "P239359.l0585f",
                  "ref": "P239359.9.8",
                  "inst": "u",
                  "f": {
                    "lang": "akk-x-neobab",
                    "form": "x",
                    "pos": "u"
                  }
                },
                {
                  "node": "l",
                  "frag": "x",
                  "id": "P239359.l05860",
                  "ref": "P239359.9.9",
                  "inst": "u",
                  "f": {
                    "lang": "akk-x-neobab",
                    "form": "x",
                    "pos": "u"
                  }
                },
                {
                  "node": "l",
                  "frag": "x]",
                  "id": "P239359.l05861",
                  "ref": "P239359.9.10",
                  "inst": "u",
                  "f": {
                    "lang": "akk-x-neobab",
                    "form": "x",
                    "pos": "u"
                  }
                },
                {
                  "node": "d",
                  "type": "line-start",
                  "ref": "P239359.10",
                  "n": "9'",
                  "label": "9'"
                },
                {
                  "node": "l",
                  "frag": "[x",
                  "id": "P239359.l05862",
                  "ref": "P239359.10.1",
                  "inst": "u",
                  "f": {
                    "lang": "akk-x-neobab",
                    "form": "x",
                    "pos": "u"
                  }
                },
                {
                  "node": "l",
                  "frag": "x",
                  "id": "P239359.l05863",
                  "ref": "P239359.10.2",
                  "inst": "u",
                  "f": {
                    "lang": "akk-x-neobab",
                    "form": "x",
                    "pos": "u"
                  }
                },
                {
                  "node": "l",
                  "frag": "x]+⸢x⸣",
                  "id": "P239359.l05864",
                  "ref": "P239359.10.3",
                  "inst": "u",
                  "f": {
                    "lang": "akk-x-neobab",
                    "form": "x+x",
                    "pos": "u"
                  }
                },
                {
                  "node": "l",
                  "frag": "u₂",
                  "id": "P239359.l05865",
                  "ref": "P239359.10.4",
                  "inst": "u",
                  "f": {
                    "lang": "akk-x-neobab",
                    "form": "u₂",
                    "pos": "u"
                  }
                },
                {
                  "node": "l",
                  "frag": "⸢x⸣+[x",
                  "id": "P239359.l05866",
                  "ref": "P239359.10.5",
                  "inst": "u",
                  "f": {
                    "lang": "akk-x-neobab",
                    "form": "x+x",
                    "pos": "u"
                  }
                },
                {
                  "node": "l",
                  "frag": "x",
                  "id": "P239359.l05867",
                  "ref": "P239359.10.6",
                  "inst": "u",
                  "f": {
                    "lang": "akk-x-neobab",
                    "form": "x",
                    "pos": "u"
                  }
                },
                {
                  "node": "l",
                  "frag": "x",
                  "id": "P239359.l05868",
                  "ref": "P239359.10.7",
                  "inst": "u",
                  "f": {
                    "lang": "akk-x-neobab",
                    "form": "x",
                    "pos": "u"
                  }
                },
                {
                  "node": "l",
                  "frag": "x",
                  "id": "P239359.l05869",
                  "ref": "P239359.10.8",
                  "inst": "u",
                  "f": {
                    "lang": "akk-x-neobab",
                    "form": "x",
                    "pos": "u"
                  }
                },
                {
                  "node": "l",
                  "frag": "x",
                  "id": "P239359.l0586a",
                  "ref": "P239359.10.9",
                  "inst": "u",
                  "f": {
                    "lang": "akk-x-neobab",
                    "form": "x",
                    "pos": "u"
                  }
                },
                {
                  "node": "l",
                  "frag": "x]",
                  "id": "P239359.l0586b",
                  "ref": "P239359.10.10",
                  "inst": "u",
                  "f": {
                    "lang": "akk-x-neobab",
                    "form": "x",
                    "pos": "u"
                  }
                },
                {
                  "node": "d",
                  "type": "line-start",
                  "ref": "P239359.11",
                  "n": "10'",
                  "label": "10'"
                },
                {
                  "node": "l",
                  "frag": "[x",
                  "id": "P239359.l0586c",
                  "ref": "P239359.11.1",
                  "inst": "u",
                  "f": {
                    "lang": "akk-x-neobab",
                    "form": "x",
                    "pos": "u"
                  }
                },
                {
                  "node": "l",
                  "frag": "x",
                  "id": "P239359.l0586d",
                  "ref": "P239359.11.2",
                  "inst": "u",
                  "f": {
                    "lang": "akk-x-neobab",
                    "form": "x",
                    "pos": "u"
                  }
                },
                {
                  "node": "l",
                  "frag": "x",
                  "id": "P239359.l0586e",
                  "ref": "P239359.11.3",
                  "inst": "u",
                  "f": {
                    "lang": "akk-x-neobab",
                    "form": "x",
                    "pos": "u"
                  }
                },
                {
                  "node": "l",
                  "frag": "x]+⸢x",
                  "id": "P239359.l0586f",
                  "ref": "P239359.11.4",
                  "inst": "u",
                  "f": {
                    "lang": "akk-x-neobab",
                    "form": "x+x",
                    "pos": "u"
                  }
                },
                {
                  "node": "l",
                  "frag": "ki⸣",
                  "id": "P239359.l05870",
                  "ref": "P239359.11.5",
                  "inst": "u",
                  "f": {
                    "lang": "akk-x-neobab",
                    "form": "ki",
                    "pos": "u"
                  }
                },
                {
                  "node": "l",
                  "frag": "[x",
                  "id": "P239359.l05871",
                  "ref": "P239359.11.6",
                  "inst": "u",
                  "f": {
                    "lang": "akk-x-neobab",
                    "form": "x",
                    "pos": "u"
                  }
                },
                {
                  "node": "l",
                  "frag": "x",
                  "id": "P239359.l05872",
                  "ref": "P239359.11.7",
                  "inst": "u",
                  "f": {
                    "lang": "akk-x-neobab",
                    "form": "x",
                    "pos": "u"
                  }
                },
                {
                  "node": "l",
                  "frag": "x",
                  "id": "P239359.l05873",
                  "ref": "P239359.11.8",
                  "inst": "u",
                  "f": {
                    "lang": "akk-x-neobab",
                    "form": "x",
                    "pos": "u"
                  }
                },
                {
                  "node": "l",
                  "frag": "x",
                  "id": "P239359.l05874",
                  "ref": "P239359.11.9",
                  "inst": "u",
                  "f": {
                    "lang": "akk-x-neobab",
                    "form": "x",
                    "pos": "u"
                  }
                },
                {
                  "node": "l",
                  "frag": "x",
                  "id": "P239359.l05875",
                  "ref": "P239359.11.10",
                  "inst": "u",
                  "f": {
                    "lang": "akk-x-neobab",
                    "form": "x",
                    "pos": "u"
                  }
                },
                {
                  "node": "l",
                  "frag": "x]",
                  "id": "P239359.l05876",
                  "ref": "P239359.11.11",
                  "inst": "u",
                  "f": {
                    "lang": "akk-x-neobab",
                    "form": "x",
                    "pos": "u"
                  }
                },
                {
                  "node": "d",
                  "type": "line-start",
                  "ref": "P239359.12",
                  "n": "11'",
                  "label": "11'"
                },
                {
                  "node": "l",
                  "frag": "[x",
                  "id": "P239359.l05877",
                  "ref": "P239359.12.1",
                  "inst": "u",
                  "f": {
                    "lang": "akk-x-neobab",
                    "form": "x",
                    "pos": "u"
                  }
                },
                {
                  "node": "l",
                  "frag": "x",
                  "id": "P239359.l05878",
                  "ref": "P239359.12.2",
                  "inst": "u",
                  "f": {
                    "lang": "akk-x-neobab",
                    "form": "x",
                    "pos": "u"
                  }
                },
                {
                  "node": "l",
                  "frag": "x]-i",
                  "id": "P239359.l05879",
                  "ref": "P239359.12.3",
                  "inst": "u",
                  "f": {
                    "lang": "akk-x-neobab",
                    "form": "x-i",
                    "pos": "u"
                  }
                },
                {
                  "node": "l",
                  "frag": "ša₂",
                  "id": "P239359.l0587a",
                  "ref": "P239359.12.4",
                  "inst": "u",
                  "f": {
                    "lang": "akk-x-neobab",
                    "form": "ša₂",
                    "pos": "u"
                  }
                },
                {
                  "node": "l",
                  "frag": "⸢x⸣+[x",
                  "id": "P239359.l0587b",
                  "ref": "P239359.12.5",
                  "inst": "u",
                  "f": {
                    "lang": "akk-x-neobab",
                    "form": "x+x",
                    "pos": "u"
                  }
                },
                {
                  "node": "l",
                  "frag": "x",
                  "id": "P239359.l0587c",
                  "ref": "P239359.12.6",
                  "inst": "u",
                  "f": {
                    "lang": "akk-x-neobab",
                    "form": "x",
                    "pos": "u"
                  }
                },
                {
                  "node": "l",
                  "frag": "x",
                  "id": "P239359.l0587d",
                  "ref": "P239359.12.7",
                  "inst": "u",
                  "f": {
                    "lang": "akk-x-neobab",
                    "form": "x",
                    "pos": "u"
                  }
                },
                {
                  "node": "l",
                  "frag": "x",
                  "id": "P239359.l0587e",
                  "ref": "P239359.12.8",
                  "inst": "u",
                  "f": {
                    "lang": "akk-x-neobab",
                    "form": "x",
                    "pos": "u"
                  }
                },
                {
                  "node": "l",
                  "frag": "x",
                  "id": "P239359.l0587f",
                  "ref": "P239359.12.9",
                  "inst": "u",
                  "f": {
                    "lang": "akk-x-neobab",
                    "form": "x",
                    "pos": "u"
                  }
                },
                {
                  "node": "l",
                  "frag": "x]",
                  "id": "P239359.l05880",
                  "ref": "P239359.12.10",
                  "inst": "u",
                  "f": {
                    "lang": "akk-x-neobab",
                    "form": "x",
                    "pos": "u"
                  }
                },
                {
                  "node": "d",
                  "type": "line-start",
                  "ref": "P239359.13",
                  "n": "12'",
                  "label": "12'"
                },
                {
                  "node": "l",
                  "frag": "[x",
                  "id": "P239359.l05881",
                  "ref": "P239359.13.1",
                  "inst": "u",
                  "f": {
                    "lang": "akk-x-neobab",
                    "form": "x",
                    "pos": "u"
                  }
                },
                {
                  "node": "l",
                  "frag": "x",
                  "id": "P239359.l05882",
                  "ref": "P239359.13.2",
                  "inst": "u",
                  "f": {
                    "lang": "akk-x-neobab",
                    "form": "x",
                    "pos": "u"
                  }
                },
                {
                  "node": "l",
                  "frag": "x",
                  "id": "P239359.l05883",
                  "ref": "P239359.13.3",
                  "inst": "u",
                  "f": {
                    "lang": "akk-x-neobab",
                    "form": "x",
                    "pos": "u"
                  }
                },
                {
                  "node": "l",
                  "frag": "x]+⸢x⸣",
                  "id": "P239359.l05884",
                  "ref": "P239359.13.4",
                  "inst": "u",
                  "f": {
                    "lang": "akk-x-neobab",
                    "form": "x+x",
                    "pos": "u"
                  }
                },
                {
                  "node": "l",
                  "frag": "u₂",
                  "id": "P239359.l05885",
                  "ref": "P239359.13.5",
                  "inst": "u",
                  "f": {
                    "lang": "akk-x-neobab",
                    "form": "u₂",
                    "pos": "u"
                  }
                },
                {
                  "node": "l",
                  "frag": "⸢x⸣+[x",
                  "id": "P239359.l05886",
                  "ref": "P239359.13.6",
                  "inst": "u",
                  "f": {
                    "lang": "akk-x-neobab",
                    "form": "x+x",
                    "pos": "u"
                  }
                },
                {
                  "node": "l",
                  "frag": "x",
                  "id": "P239359.l05887",
                  "ref": "P239359.13.7",
                  "inst": "u",
                  "f": {
                    "lang": "akk-x-neobab",
                    "form": "x",
                    "pos": "u"
                  }
                },
                {
                  "node": "l",
                  "frag": "x",
                  "id": "P239359.l05888",
                  "ref": "P239359.13.8",
                  "inst": "u",
                  "f": {
                    "lang": "akk-x-neobab",
                    "form": "x",
                    "pos": "u"
                  }
                },
                {
                  "node": "l",
                  "frag": "x",
                  "id": "P239359.l05889",
                  "ref": "P239359.13.9",
                  "inst": "u",
                  "f": {
                    "lang": "akk-x-neobab",
                    "form": "x",
                    "pos": "u"
                  }
                },
                {
                  "node": "l",
                  "frag": "x]",
                  "id": "P239359.l0588a",
                  "ref": "P239359.13.10",
                  "inst": "u",
                  "f": {
                    "lang": "akk-x-neobab",
                    "form": "x",
                    "pos": "u"
                  }
                },
                {
                  "node": "d",
                  "type": "line-start",
                  "ref": "P239359.14",
                  "n": "13'",
                  "label": "13'"
                },
                {
                  "node": "l",
                  "frag": "[x",
                  "id": "P239359.l0588b",
                  "ref": "P239359.14.1",
                  "inst": "u",
                  "f": {
                    "lang": "akk-x-neobab",
                    "form": "x",
                    "pos": "u"
                  }
                },
                {
                  "node": "l",
                  "frag": "x",
                  "id": "P239359.l0588c",
                  "ref": "P239359.14.2",
                  "inst": "u",
                  "f": {
                    "lang": "akk-x-neobab",
                    "form": "x",
                    "pos": "u"
                  }
                },
                {
                  "node": "l",
                  "frag": "x",
                  "id": "P239359.l0588d",
                  "ref": "P239359.14.3",
                  "inst": "u",
                  "f": {
                    "lang": "akk-x-neobab",
                    "form": "x",
                    "pos": "u"
                  }
                },
                {
                  "node": "l",
                  "frag": "x]+⸢x",
                  "id": "P239359.l0588e",
                  "ref": "P239359.14.4",
                  "inst": "u",
                  "f": {
                    "lang": "akk-x-neobab",
                    "form": "x+x",
                    "pos": "u"
                  }
                },
                {
                  "node": "l",
                  "frag": "x⸣+[x",
                  "id": "P239359.l0588f",
                  "ref": "P239359.14.5",
                  "inst": "u",
                  "f": {
                    "lang": "akk-x-neobab",
                    "form": "x+x",
                    "pos": "u"
                  }
                },
                {
                  "node": "l",
                  "frag": "x",
                  "id": "P239359.l05890",
                  "ref": "P239359.14.6",
                  "inst": "u",
                  "f": {
                    "lang": "akk-x-neobab",
                    "form": "x",
                    "pos": "u"
                  }
                },
                {
                  "node": "l",
                  "frag": "x",
                  "id": "P239359.l05891",
                  "ref": "P239359.14.7",
                  "inst": "u",
                  "f": {
                    "lang": "akk-x-neobab",
                    "form": "x",
                    "pos": "u"
                  }
                },
                {
                  "node": "l",
                  "frag": "x",
                  "id": "P239359.l05892",
                  "ref": "P239359.14.8",
                  "inst": "u",
                  "f": {
                    "lang": "akk-x-neobab",
                    "form": "x",
                    "pos": "u"
                  }
                },
                {
                  "node": "l",
                  "frag": "x",
                  "id": "P239359.l05893",
                  "ref": "P239359.14.9",
                  "inst": "u",
                  "f": {
                    "lang": "akk-x-neobab",
                    "form": "x",
                    "pos": "u"
                  }
                },
                {
                  "node": "l",
                  "frag": "x]",
                  "id": "P239359.l05894",
                  "ref": "P239359.14.10",
                  "inst": "u",
                  "f": {
                    "lang": "akk-x-neobab",
                    "form": "x",
                    "pos": "u"
                  }
                },
                {
                  "node": "d",
                  "type": "nonx",
                  "ref": "P239359.15",
                  "strict": "0",
                  "extent": "rest",
                  "state": "missing"
                },
                {
                  "node": "d",
                  "subtype": "reverse",
                  "type": "reverse",
                  "ref": "P239359.r.16",
                  "label": "r"
                },
                {
                  "node": "d",
                  "type": "nonx",
                  "ref": "P239359.17",
                  "strict": "0",
                  "state": "missing"
                }
              ]
            }
          ]
        }
      ]
    }
  ]
}
