{
  "type": "metadata",
  "project": "rinap/sources",
  "source": "http://oracc.org/rinap/sources",
  "license": "This data is released under the CC0 license",
  "license-url": "https://creativecommons.org/publicdomain/zero/1.0/",
  "more-info": "http://oracc.org/doc/opendata/",
  "UTC-timestamp": "2017-06-21T23:12:36",
  "config": {
    "pathname": "rinap/sources",
    "name": "RINAP Sources",
    "abbrev": "rinap/sources",
    "project-type": "corpus",
    "blurb": "This sub-project of RINAP Online includes transliterations of the available sources of the editions published by the RINAP Project (2011-15).",
    "public": "yes",
    "options": {
      "build-approved-policy": "catalog",
      "catalog-build-policy": "local",
      "build-outlined-policy": "P",
      "catalog-pleiades": "yes",
      "outline-default-select": "false",
      "outline-default-sort-fields": "provenience,ruler",
      "outline-default-catalog-fields": "designation,museum_no,accession_no|excavation_no,primary_publication,object_type",
      "outline-default-catalog-widths": "17,17,17,30,17",
      "views-cuneify": "true",
      "views-buy-book": "http://oracc.museum.upenn.edu/rinap/publications/index.html",
      "render-accents": "yes",
      "render-heth": "yes",
      "render-inter-det-char": "",
      "render-lnum-char": ")",
      "render-tlat-style": {
        "parentvalue": "rinap",
        "opener": "",
        "closer": ") ",
        "separator": "–"
      },
      "render-left-align-nonx": "yes"
    },
    "labels": {
      "obverse": "Obv.",
      "reverse": "Rev.",
      "left": "Left edge",
      "column": "Col.",
      "o": "Obv.",
      "o?": "Obv.?",
      "r": "Rev.",
      "r?": "Rev.?",
      "l.e.": "Left edge",
      "r.e.": "Right edge",
      "b.e.": "Bottom edge",
      "e.": "Edge"
    }
  },
  "formats": {
    "atf": [
      "P000231",
      "P000232",
      "P223806",
      "P224578",
      "P225171",
      "P225223",
      "P225224",
      "P225251",
      "P225252",
      "P226077",
      "P226831",
      "P236998",
      "P237493",
      "P237924",
      "P238626",
      "P238636",
      "P238702",
      "P238763",
      "P247873",
      "P247878",
      "P250840",
      "P257223",
      "P257442",
      "P257443",
      "P257579",
      "P258187",
      "P259355",
      "P263442",
      "P263443",
      "P264848",
      "P272833",
      "P273718",
      "P273719",
      "P274705",
      "P285550",
      "P285940",
      "P286244",
      "P297260",
      "P297261",
      "P298274",
      "P298275",
      "P301563",
      "P301920",
      "P304564",
      "P304565",
      "P304575",
      "P308105",
      "P308117",
      "P308122",
      "P313081",
      "P313082",
      "P336287",
      "P336598",
      "P345495",
      "P345496",
      "P345512",
      "P345513",
      "P345514",
      "P345515",
      "P345516",
      "P345518",
      "P347208",
      "P349312",
      "P366022",
      "P368399",
      "P368697",
      "P370908",
      "P370911",
      "P371252",
      "P371253",
      "P371254",
      "P371255",
      "P371256",
      "P371257",
      "P371258",
      "P371259",
      "P373502",
      "P373503",
      "P373504",
      "P373505",
      "P373506",
      "P373539",
      "P373540",
      "P373541",
      "P373542",
      "P373543",
      "P373544",
      "P373545",
      "P373546",
      "P373547",
      "P373548",
      "P373550",
      "P373551",
      "P373552",
      "P373553",
      "P373554",
      "P373555",
      "P373566",
      "P373571",
      "P384838",
      "P384935",
      "P384981",
      "P387762",
      "P389686",
      "P389690",
      "P390298",
      "P392144",
      "P392145",
      "P392146",
      "P392147",
      "P392148",
      "P392149",
      "P392150",
      "P392151",
      "P392152",
      "P392153",
      "P392155",
      "P392156",
      "P392158",
      "P392159",
      "P392160",
      "P392161",
      "P392163",
      "P392164",
      "P392165",
      "P392167",
      "P392169",
      "P392170",
      "P392171",
      "P392172",
      "P392173",
      "P392174",
      "P392176",
      "P392177",
      "P392178",
      "P392179",
      "P392180",
      "P392181",
      "P392182",
      "P392183",
      "P392184",
      "P392186",
      "P392187",
      "P392190",
      "P392192",
      "P392193",
      "P392194",
      "P392195",
      "P392197",
      "P392198",
      "P392200",
      "P392201",
      "P392202",
      "P392203",
      "P392204",
      "P392205",
      "P392207",
      "P392208",
      "P392211",
      "P392212",
      "P392213",
      "P392214",
      "P392215",
      "P392216",
      "P392218",
      "P392221",
      "P392222",
      "P392223",
      "P392224",
      "P392225",
      "P392229",
      "P392230",
      "P392231",
      "P392233",
      "P392234",
      "P392237",
      "P392238",
      "P392239",
      "P392240",
      "P392241",
      "P392242",
      "P392244",
      "P392245",
      "P392246",
      "P392247",
      "P392248",
      "P392249",
      "P392250",
      "P392251",
      "P392252",
      "P392253",
      "P392254",
      "P392255",
      "P392256",
      "P392257",
      "P392258",
      "P392259",
      "P392260",
      "P392261",
      "P392262",
      "P392263",
      "P392264",
      "P392265",
      "P392266",
      "P392267",
      "P392269",
      "P392270",
      "P392273",
      "P392274",
      "P392276",
      "P392277",
      "P392278",
      "P392279",
      "P392280",
      "P392282",
      "P392283",
      "P392284",
      "P392287",
      "P392288",
      "P392289",
      "P392292",
      "P392294",
      "P392296",
      "P392297",
      "P392299",
      "P392300",
      "P392307",
      "P392308",
      "P392309",
      "P392310",
      "P392312",
      "P392313",
      "P392314",
      "P392315",
      "P392316",
      "P392317",
      "P392318",
      "P392319",
      "P392321",
      "P392323",
      "P392324",
      "P392325",
      "P392327",
      "P392328",
      "P392329",
      "P392331",
      "P392335",
      "P392336",
      "P392339",
      "P392340",
      "P392341",
      "P392342",
      "P392346",
      "P392348",
      "P392350",
      "P392352",
      "P392353",
      "P392354",
      "P392355",
      "P392356",
      "P392357",
      "P392358",
      "P392361",
      "P392362",
      "P392365",
      "P392366",
      "P392371",
      "P392372",
      "P392380",
      "P392382",
      "P392594",
      "P392595",
      "P393753",
      "P393783",
      "P393794",
      "P393800",
      "P393874",
      "P393885",
      "P393930",
      "P393931",
      "P393932",
      "P393933",
      "P393934",
      "P393935",
      "P393936",
      "P393937",
      "P393938",
      "P393939",
      "P393940",
      "P393941",
      "P393942",
      "P393943",
      "P393944",
      "P393945",
      "P393946",
      "P393947",
      "P393948",
      "P393949",
      "P393950",
      "P393951",
      "P393952",
      "P393953",
      "P393958",
      "P393959",
      "P393966",
      "P393967",
      "P393970",
      "P393984",
      "P393986",
      "P393987",
      "P393988",
      "P393989",
      "P393992",
      "P393994",
      "P393996",
      "P393997",
      "P393998",
      "P394003",
      "P394008",
      "P394009",
      "P394010",
      "P394011",
      "P394013",
      "P394014",
      "P394015",
      "P394018",
      "P394022",
      "P394024",
      "P394025",
      "P394029",
      "P394030",
      "P394034",
      "P394035",
      "P394041",
      "P394042",
      "P394044",
      "P394045",
      "P394046",
      "P394047",
      "P394048",
      "P394049",
      "P394050",
      "P394051",
      "P394054",
      "P394055",
      "P394056",
      "P394057",
      "P394058",
      "P394059",
      "P394060",
      "P394061",
      "P394062",
      "P394063",
      "P394064",
      "P394066",
      "P394067",
      "P394068",
      "P394069",
      "P394070",
      "P394071",
      "P394073",
      "P394074",
      "P394077",
      "P394085",
      "P394088",
      "P394089",
      "P394090",
      "P394091",
      "P394092",
      "P394093",
      "P394094",
      "P394095",
      "P394097",
      "P394100",
      "P394101",
      "P394102",
      "P394103",
      "P394106",
      "P394109",
      "P394110",
      "P394111",
      "P394392",
      "P394412",
      "P394553",
      "P394554",
      "P394556",
      "P394559",
      "P394575",
      "P394576",
      "P394586",
      "P394592",
      "P394594",
      "P394596",
      "P394610",
      "P394624",
      "P394636",
      "P394637",
      "P394639",
      "P394640",
      "P394641",
      "P394643",
      "P394644",
      "P394645",
      "P394649",
      "P394681",
      "P394715",
      "P394724",
      "P394781",
      "P394796",
      "P394797",
      "P394821",
      "P394992",
      "P394993",
      "P395216",
      "P395557",
      "P395560",
      "P395568",
      "P395575",
      "P395578",
      "P395583",
      "P395584",
      "P395585",
      "P395588",
      "P395589",
      "P395600",
      "P395611",
      "P395703",
      "P395744",
      "P396011",
      "P396017",
      "P396053",
      "P396310",
      "P396332",
      "P396356",
      "P396381",
      "P396484",
      "P396492",
      "P396493",
      "P396497",
      "P397199",
      "P397200",
      "P397213",
      "P397334",
      "P397406",
      "P397416",
      "P397439",
      "P397669",
      "P397673",
      "P397675",
      "P398443",
      "P398451",
      "P398469",
      "P398714",
      "P399176",
      "P399259",
      "P399282",
      "P399412",
      "P399415",
      "P399589",
      "P400205",
      "P400267",
      "P400398",
      "P400399",
      "P400428",
      "P400432",
      "P400436",
      "P400437",
      "P400438",
      "P400448",
      "P400449",
      "P400450",
      "P400464",
      "P400488",
      "P400826",
      "P400844",
      "P401094",
      "P401106",
      "P401197",
      "P401228",
      "P401250",
      "P401302",
      "P401312",
      "P401325",
      "P401749",
      "P401757",
      "P401758",
      "P401760",
      "P402220",
      "P402222",
      "P402313",
      "P402359",
      "P402381",
      "P402575",
      "P402810",
      "P402916",
      "P403324",
      "P403357",
      "P403373",
      "P403411",
      "P403543",
      "P403875",
      "P404251",
      "P404253",
      "P404257",
      "P404446",
      "P404463",
      "P404472",
      "P404517",
      "P404626",
      "P404751",
      "P404752",
      "P405607",
      "P407926",
      "P414186",
      "P418052",
      "P418563",
      "P418695",
      "P418995",
      "P419131",
      "P419235",
      "P419617",
      "P419682",
      "P419706",
      "P419905",
      "P420258",
      "P420259",
      "P420260",
      "P421787",
      "P421788",
      "P421789",
      "P421790",
      "P421791",
      "P421794",
      "P421798",
      "P421807",
      "P421808",
      "P421809",
      "P421810",
      "P421848",
      "P421849",
      "P421850",
      "P421853",
      "P421895",
      "P421931",
      "P422068",
      "P422090",
      "P422091",
      "P422092",
      "P422093",
      "P422094",
      "P422095",
      "P422096",
      "P422097",
      "P422099",
      "P422103",
      "P422104",
      "P422120",
      "P422122",
      "P422159",
      "P422249",
      "P422250",
      "P422252",
      "P422253",
      "P422254",
      "P422256",
      "P422272",
      "P422273",
      "P422274",
      "P422275",
      "P422277",
      "P422285",
      "P422287",
      "P422291",
      "P422293",
      "P422295",
      "P422296",
      "P422298",
      "P422299",
      "P422300",
      "P422301",
      "P422302",
      "P422303",
      "P422304",
      "P422305",
      "P422306",
      "P422307",
      "P422308",
      "P422309",
      "P422310",
      "P422311",
      "P422313",
      "P422315",
      "P422316",
      "P422317",
      "P422318",
      "P422320",
      "P422345",
      "P422346",
      "P422372",
      "P422381",
      "P422398",
      "P422399",
      "P422402",
      "P422403",
      "P422404",
      "P422406",
      "P422407",
      "P422486",
      "P422487",
      "P422491",
      "P422492",
      "P422496",
      "P422498",
      "P422499",
      "P422500",
      "P422501",
      "P422502",
      "P422504",
      "P422507",
      "P422508",
      "P422509",
      "P422510",
      "P422511",
      "P422512",
      "P422513",
      "P422515",
      "P422518",
      "P422519",
      "P422522",
      "P422611",
      "P422612",
      "P422615",
      "P422616",
      "P422617",
      "P422619",
      "P422623",
      "P422625",
      "P422626",
      "P422628",
      "P422630",
      "P422631",
      "P422632",
      "P422633",
      "P422634",
      "P422635",
      "P422637",
      "P422638",
      "P422639",
      "P422640",
      "P422641",
      "P422642",
      "P422643",
      "P422644",
      "P422647",
      "P422648",
      "P422649",
      "P422650",
      "P422652",
      "P422654",
      "P422655",
      "P422656",
      "P422658",
      "P422659",
      "P422660",
      "P422661",
      "P422663",
      "P422664",
      "P422667",
      "P422669",
      "P422670",
      "P422671",
      "P422672",
      "P422673",
      "P422674",
      "P422675",
      "P422677",
      "P422680",
      "P422681",
      "P422682",
      "P422683",
      "P422684",
      "P422685",
      "P422688",
      "P422690",
      "P422692",
      "P422693",
      "P422694",
      "P422695",
      "P422696",
      "P422698",
      "P422699",
      "P422701",
      "P422702",
      "P422703",
      "P422704",
      "P422708",
      "P422709",
      "P422711",
      "P422712",
      "P422713",
      "P422714",
      "P422715",
      "P422716",
      "P422718",
      "P422720",
      "P422721",
      "P422722",
      "P422723",
      "P422724",
      "P422725",
      "P422726",
      "P422727",
      "P422729",
      "P422730",
      "P422732",
      "P422733",
      "P422735",
      "P422738",
      "P422739",
      "P422740",
      "P422742",
      "P422743",
      "P422745",
      "P422746",
      "P422748",
      "P422749",
      "P422752",
      "P422753",
      "P422755",
      "P422757",
      "P422758",
      "P422759",
      "P422761",
      "P422762",
      "P422763",
      "P422764",
      "P422767",
      "P422768",
      "P422769",
      "P422771",
      "P422772",
      "P422774",
      "P422777",
      "P422779",
      "P422780",
      "P422781",
      "P422785",
      "P422787",
      "P422789",
      "P422794",
      "P422803",
      "P422810",
      "P422811",
      "P422820",
      "P422824",
      "P422827",
      "P422828",
      "P422832",
      "P422837",
      "P422846",
      "P422855",
      "P422857",
      "P422858",
      "P422860",
      "P422871",
      "P422875",
      "P422879",
      "P422887",
      "P422891",
      "P422906",
      "P422972",
      "P422979",
      "P422981",
      "P422987",
      "P422988",
      "P422990",
      "P422991",
      "P422992",
      "P422997",
      "P423001",
      "P423002",
      "P423004",
      "P423009",
      "P423011",
      "P423012",
      "P423016",
      "P423017",
      "P423018",
      "P423019",
      "P423021",
      "P423023",
      "P423025",
      "P423029",
      "P423032",
      "P423036",
      "P423039",
      "P423041",
      "P423047",
      "P423048",
      "P423049",
      "P423050",
      "P423051",
      "P423052",
      "P423054",
      "P423058",
      "P423060",
      "P423063",
      "P423067",
      "P423068",
      "P423070",
      "P423075",
      "P423076",
      "P423077",
      "P423078",
      "P423079",
      "P423080",
      "P423162",
      "P423164",
      "P423168",
      "P423170",
      "P423171",
      "P423172",
      "P423173",
      "P423174",
      "P423175",
      "P423177",
      "P423179",
      "P423180",
      "P423182",
      "P423183",
      "P423185",
      "P423187",
      "P423188",
      "P423192",
      "P423193",
      "P423195",
      "P423196",
      "P423198",
      "P423200",
      "P423202",
      "P423209",
      "P423211",
      "P423217",
      "P423222",
      "P423223",
      "P423224",
      "P423227",
      "P423236",
      "P423241",
      "P423242",
      "P423251",
      "P423258",
      "P423269",
      "P423273",
      "P423285",
      "P423288",
      "P423289",
      "P423290",
      "P423291",
      "P423292",
      "P423341",
      "P423344",
      "P423861",
      "P424463",
      "P424482",
      "P424487",
      "P424510",
      "P424513",
      "P424514",
      "P424517",
      "P424528",
      "P424529",
      "P424542",
      "P424566",
      "P424569",
      "P424580",
      "P424582",
      "P424583",
      "P424585",
      "P424589",
      "P424590",
      "P424591",
      "P424593",
      "P424594",
      "P424595",
      "P424596",
      "P424597",
      "P424599",
      "P424600",
      "P424601",
      "P424602",
      "P424603",
      "P424604",
      "P424605",
      "P424606",
      "P424607",
      "P424684",
      "P424743",
      "P424803",
      "P424890",
      "P424908",
      "P424917",
      "P424918",
      "P424924",
      "P424925",
      "P424926",
      "P424928",
      "P424929",
      "P424931",
      "P424933",
      "P424935",
      "P424938",
      "P424982",
      "P424983",
      "P424984",
      "P424985",
      "P424986",
      "P425006",
      "P425101",
      "P425104",
      "P425109",
      "P425171",
      "P425365",
      "P425484",
      "P425736",
      "P425741",
      "P425908",
      "P426157",
      "P426162",
      "P426163",
      "P426222",
      "P426224",
      "P426225",
      "P426226",
      "P426227",
      "P426228",
      "P426229",
      "P426232",
      "P426234",
      "P426237",
      "P426239",
      "P426242",
      "P426246",
      "P426259",
      "P426268",
      "P426269",
      "P426274",
      "P426277",
      "P426282",
      "P426285",
      "P426290",
      "P426292",
      "P426340",
      "P426349",
      "P426350",
      "P426351",
      "P426385",
      "P426386",
      "P426388",
      "P427837",
      "P427838",
      "P427839",
      "P427840",
      "P427841",
      "P427842",
      "P427843",
      "P427844",
      "P427845",
      "P427846",
      "P427847",
      "P427848",
      "P427874",
      "P427875",
      "P427876",
      "P427877",
      "P427878",
      "P427889",
      "P427890",
      "P427975",
      "P427976",
      "P427977",
      "P427978",
      "P427979",
      "P427980",
      "P427981",
      "P427982",
      "P427983",
      "P427984",
      "P428048",
      "P428052",
      "P428060",
      "P428065",
      "P428304",
      "P428326",
      "P428334",
      "P428340",
      "P428341",
      "P428342",
      "P428343",
      "P428344",
      "P428345",
      "P428346",
      "P428347",
      "P428348",
      "P428349",
      "P428350",
      "P428351",
      "P428352",
      "P428353",
      "P428354",
      "P428367",
      "P428370",
      "P428470",
      "P428471",
      "P428481",
      "P428524",
      "P428525",
      "P428600",
      "P428601",
      "P428602",
      "P428604",
      "P428605",
      "P428607",
      "P428608",
      "P428610",
      "P428613",
      "P428781",
      "P429026",
      "P429061",
      "P429079",
      "P429080",
      "P429188",
      "P429995",
      "P429999",
      "P430082",
      "P432423",
      "P432429",
      "P450185",
      "P450186",
      "P450187",
      "P450188",
      "P450189",
      "P450190",
      "P450191",
      "P450192",
      "P450193",
      "P450194",
      "P450195",
      "P450196",
      "P450197",
      "P450198",
      "P450199",
      "P450200",
      "P450201",
      "P450202",
      "P450203",
      "P450204",
      "P450205",
      "P450206",
      "P450207",
      "P450208",
      "P450209",
      "P450210",
      "P450211",
      "P450212",
      "P450213",
      "P450214",
      "P450215",
      "P450216",
      "P450217",
      "P450218",
      "P450219",
      "P450220",
      "P450221",
      "P450222",
      "P450223",
      "P450224",
      "P450225",
      "P450226",
      "P450227",
      "P450228",
      "P450229",
      "P450230",
      "P450231",
      "P450232",
      "P450233",
      "P450234",
      "P450235",
      "P450236",
      "P450237",
      "P450238",
      "P450239",
      "P450240",
      "P450241",
      "P450242",
      "P450243",
      "P450244",
      "P450245",
      "P450246",
      "P450247",
      "P450248",
      "P450249",
      "P450250",
      "P450251",
      "P450252",
      "P450253",
      "P450254",
      "P450255",
      "P450256",
      "P450257",
      "P450258",
      "P450259",
      "P450260",
      "P450261",
      "P450262",
      "P450263",
      "P450264",
      "P450265",
      "P450266",
      "P450267",
      "P450268",
      "P450269",
      "P450270",
      "P450271",
      "P450272",
      "P450273",
      "P450274",
      "P450275",
      "P450276",
      "P450277",
      "P450278",
      "P450279",
      "P450280",
      "P450281",
      "P450282",
      "P450283",
      "P450284",
      "P450285",
      "P450286",
      "P450287",
      "P450288",
      "P450289",
      "P450290",
      "P450291",
      "P450292",
      "P450293",
      "P450294",
      "P450295",
      "P450296",
      "P450297",
      "P450298",
      "P450299",
      "P450300",
      "P450301",
      "P450302",
      "P450303",
      "P450304",
      "P450305",
      "P450306",
      "P450307",
      "P450308",
      "P450309",
      "P450310",
      "P450311",
      "P450312",
      "P450313",
      "P450314",
      "P450315",
      "P450316",
      "P450317",
      "P450318",
      "P450319",
      "P450320",
      "P450321",
      "P450322",
      "P450323",
      "P450324",
      "P450325",
      "P450326",
      "P450327",
      "P450328",
      "P450329",
      "P450330",
      "P450331",
      "P450332",
      "P450333",
      "P450334",
      "P450335",
      "P450336",
      "P450337",
      "P450338",
      "P450339",
      "P450340",
      "P450341",
      "P450342",
      "P450343",
      "P450344",
      "P450345",
      "P450346",
      "P450347",
      "P450348",
      "P450349",
      "P450350",
      "P450351",
      "P450352",
      "P450353",
      "P450354",
      "P450355",
      "P450356",
      "P450357",
      "P450358",
      "P450359",
      "P450360",
      "P450361",
      "P450362",
      "P450363",
      "P450364",
      "P450365",
      "P450366",
      "P450367",
      "P450368",
      "P450369",
      "P450370",
      "P450371",
      "P450372",
      "P450373",
      "P450374",
      "P450375",
      "P450376",
      "P450377",
      "P450378",
      "P450379",
      "P450380",
      "P450381",
      "P450382",
      "P450383",
      "P450384",
      "P450385",
      "P450386",
      "P450387",
      "P450388",
      "P450389",
      "P450390",
      "P450391",
      "P450392",
      "P450393",
      "P450394",
      "P450395",
      "P450396",
      "P450397",
      "P450398",
      "P450399",
      "P450400",
      "P450401",
      "P450402",
      "P450403",
      "P450404",
      "P450405",
      "P450406",
      "P450407",
      "P450408",
      "P450409",
      "P450410",
      "P450411",
      "P450412",
      "P450413",
      "P450414",
      "P450415",
      "P450416",
      "P450417",
      "P450418",
      "P450419",
      "P450420",
      "P450421",
      "P450422",
      "P450423",
      "P450424",
      "P450425",
      "P450426",
      "P450427",
      "P450428",
      "P450429",
      "P450430",
      "P450431",
      "P450432",
      "P450433",
      "P450434",
      "P450435",
      "P450436",
      "P450437",
      "P450438",
      "P450439",
      "P450440",
      "P450441",
      "P450442",
      "P450443",
      "P450444",
      "P450445",
      "P450446",
      "P450447",
      "P450448",
      "P450449",
      "P450450",
      "P450451",
      "P450452",
      "P450453",
      "P450454",
      "P450455",
      "P450456",
      "P450457",
      "P450458",
      "P450459",
      "P450460",
      "P450461",
      "P450462",
      "P450463",
      "P450464",
      "P450465",
      "P450466",
      "P450467",
      "P450468",
      "P450469",
      "P450470",
      "P450471",
      "P450472",
      "P450473",
      "P450474",
      "P450475",
      "P450476",
      "P450477",
      "P450478",
      "P450479",
      "P450480",
      "P450481",
      "P450482",
      "P450483",
      "P450484",
      "P450485",
      "P450486",
      "P450487",
      "P450488",
      "P450489",
      "P450490",
      "P450491",
      "P450492",
      "P450493",
      "P450494",
      "P450495",
      "P450496",
      "P450497",
      "P450498",
      "P450499",
      "P450500",
      "P450501",
      "P450502",
      "P450503",
      "P450504",
      "P450505",
      "P450507",
      "P450508",
      "P450509",
      "P450510",
      "P450511",
      "P450512",
      "P450513",
      "P450514",
      "P450515",
      "P450516",
      "P450517",
      "P450518",
      "P450519",
      "P450520",
      "P450521",
      "P450522",
      "P450523",
      "P450524",
      "P450525",
      "P450526",
      "P450527",
      "P450528",
      "P450529",
      "P450530",
      "P450531",
      "P450532",
      "P450533",
      "P450534",
      "P450535",
      "P450536",
      "P450537",
      "P450538",
      "P450539",
      "P450540",
      "P450541",
      "P450542",
      "P450543",
      "P450544",
      "P450545",
      "P450546",
      "P450547",
      "P450548",
      "P450549",
      "P450550",
      "P450551",
      "P450552",
      "P450553",
      "P450554",
      "P450555",
      "P450556",
      "P450557",
      "P450558",
      "P450559",
      "P450560",
      "P450561",
      "P450562",
      "P450563",
      "P450564",
      "P450565",
      "P450566",
      "P450567",
      "P450568",
      "P450569",
      "P450570",
      "P450571",
      "P450572",
      "P450573",
      "P450574",
      "P450575",
      "P450576",
      "P450577",
      "P450578",
      "P450579",
      "P450580",
      "P450581",
      "P450582",
      "P450583",
      "P450584",
      "P450585",
      "P450586",
      "P450587",
      "P450588",
      "P450589",
      "P450590",
      "P450591",
      "P450592",
      "P450593",
      "P450594",
      "P450595",
      "P450596",
      "P450597",
      "P451782",
      "P451785",
      "P451789",
      "P451792",
      "P451793",
      "P451924",
      "P451926",
      "P451932",
      "P451955",
      "P451957",
      "P451960",
      "P452022",
      "P452024",
      "P452028",
      "P452068",
      "P452071",
      "P452190",
      "P452192",
      "P452210",
      "P452377",
      "P452394",
      "P452407",
      "P452414",
      "P452452",
      "P452488",
      "P452577",
      "P452579",
      "P452581",
      "P452584",
      "P452586",
      "P452593",
      "P452594",
      "P452595",
      "P452620",
      "P452638",
      "P452640",
      "P452642",
      "P452731",
      "P452732",
      "P452733",
      "P452830",
      "P452833",
      "P452852",
      "P452907",
      "P452908",
      "P452929",
      "P452937",
      "P452938",
      "P452943",
      "P452945",
      "P453467",
      "P453468",
      "P464370",
      "P464966",
      "P464968",
      "P464969",
      "P464971",
      "P464972",
      "P464974",
      "P466002",
      "P466003",
      "P466641",
      "P466642",
      "P466643",
      "P466644",
      "P466645",
      "P466646",
      "P466647",
      "P466648",
      "P466649",
      "P466650",
      "P466651",
      "P466652",
      "P466653",
      "P466654",
      "P466655",
      "P466656",
      "P466657",
      "P466658",
      "P466659",
      "P466660",
      "P466661",
      "P466662",
      "P466663",
      "P466664",
      "P466665",
      "P466666",
      "P466667",
      "P466668",
      "P466669",
      "P466670",
      "P466671",
      "P466672",
      "P466673",
      "P466674",
      "P466675",
      "P466676",
      "P466677",
      "P466678",
      "P466679",
      "P466680",
      "P466681",
      "P466682",
      "P466683",
      "P466684",
      "P466685",
      "P466686",
      "P466687",
      "P466688",
      "P466689",
      "P466690",
      "P466691",
      "P466692",
      "P466693",
      "P466694",
      "P466695",
      "P466696",
      "P466697",
      "P466698",
      "P466699",
      "P466700",
      "P466701",
      "P466702",
      "P466703",
      "P466704",
      "P466705",
      "P466706",
      "P466707",
      "P466708",
      "P466709",
      "P466710",
      "P466711",
      "P466712",
      "P466713",
      "P466714",
      "P466715",
      "P466716",
      "P466717",
      "P466718",
      "P466719",
      "P466720",
      "P466721",
      "P466722",
      "P466723",
      "P466724",
      "P466725",
      "P466726",
      "P466727",
      "P466728",
      "P466729",
      "P466730",
      "P466731",
      "P466732",
      "P466733",
      "P466734",
      "P466735",
      "P466736",
      "P466737",
      "P466738",
      "P466739",
      "P466740",
      "P466741",
      "P466742",
      "P466743",
      "P466744",
      "P466745",
      "P466746",
      "P466747",
      "P466748",
      "P466749",
      "P466750",
      "P466751",
      "P466752",
      "P466753",
      "P466754",
      "P466755",
      "P466756",
      "P466757",
      "P466758",
      "P466759",
      "P466760",
      "P466761",
      "P466762",
      "P466763",
      "P466764",
      "P466765",
      "P466766",
      "P466767",
      "P466768",
      "P466769",
      "P466770",
      "P466771",
      "P466772",
      "P466773",
      "P466774",
      "P466775",
      "P466776",
      "P466777",
      "P466778",
      "P466779",
      "P466780",
      "P466781",
      "P466782",
      "P466783",
      "P466784",
      "P466785",
      "P466786",
      "P466787",
      "P466788",
      "P466789",
      "P466790",
      "P466791",
      "P466792",
      "P466793",
      "P466794",
      "P466795",
      "P466796",
      "P466797",
      "P466798",
      "P466799",
      "P466800",
      "P466801",
      "P466802",
      "P466803",
      "P466804",
      "P466805",
      "P466806",
      "P466807",
      "P466808",
      "P466809",
      "P466810",
      "P466811",
      "P466812",
      "P466813",
      "P466814",
      "P466815",
      "P466816",
      "P466817",
      "P466818",
      "P466819",
      "P466820",
      "P466821",
      "P466822",
      "P466823",
      "P466824",
      "P466825",
      "P466826",
      "P466827",
      "P466828",
      "P466829",
      "P466830",
      "P466831",
      "P466832",
      "P466833",
      "P466834",
      "P466835",
      "P466836",
      "P466837",
      "P466838",
      "P466839",
      "P466840",
      "P466841",
      "P466842",
      "P466843",
      "P466844",
      "P466845",
      "P466846",
      "P466847",
      "P466848",
      "P466849",
      "P466850",
      "P466851",
      "P466852",
      "P466853",
      "P466854",
      "P466855",
      "P466856",
      "P466857",
      "P466858",
      "P466859",
      "P466860",
      "P466861",
      "P466862",
      "P466863",
      "P466864",
      "P466865",
      "P466866",
      "P466867",
      "P466868",
      "P466869",
      "P466870",
      "P466871",
      "P466872",
      "P466873",
      "P466874",
      "P466875",
      "P466876",
      "P466877",
      "P466878",
      "P466879",
      "P466880",
      "P466881",
      "P466882",
      "P466883",
      "P466884",
      "P466885",
      "P466886",
      "P466887",
      "P466888",
      "P466889",
      "P466890",
      "P466891",
      "P466892",
      "P466893",
      "P466894",
      "P466895",
      "P466896",
      "P466897",
      "P466898",
      "P466899",
      "P466900",
      "P466901",
      "P466902",
      "P466903",
      "P466904",
      "P466905",
      "P466906",
      "P466907",
      "P466908",
      "P466909",
      "P466910",
      "P466911",
      "P466912",
      "P466913",
      "P466914",
      "P466915",
      "P466916",
      "P466917",
      "P466918",
      "P466919",
      "P466920",
      "P466921",
      "P466922",
      "P466923",
      "P466924",
      "P466925",
      "P466926",
      "P466927",
      "P466928",
      "P466929",
      "P466930",
      "P466931",
      "P466932",
      "P466933",
      "P466934",
      "P466935",
      "P466936",
      "P466937",
      "P466938",
      "P466939",
      "P466940",
      "P466941",
      "P466942",
      "P466943",
      "P466944",
      "P466945",
      "P466946",
      "P466947",
      "P466948",
      "P466949",
      "P466950",
      "P466951",
      "P466952",
      "P466953",
      "P466954",
      "P466955",
      "P466956",
      "P466957",
      "P466958",
      "P466959",
      "P466960",
      "P466961",
      "P466962",
      "P466963",
      "P466964",
      "P466965",
      "P466966",
      "P466967",
      "P466968",
      "P466969",
      "P466970",
      "P466971",
      "P466972",
      "P466973",
      "P466974",
      "P466975",
      "P466976",
      "P466977",
      "P466978",
      "P466979",
      "P466980",
      "P466981",
      "P466982",
      "P466983",
      "P466984",
      "P466985",
      "P466986",
      "P466987",
      "P466988",
      "P466989",
      "P466990",
      "P466991",
      "P466992",
      "P466993",
      "P466994",
      "P466995",
      "P466996",
      "P466997",
      "P466998",
      "P466999",
      "P467000",
      "P467001",
      "P467002",
      "P467003",
      "P467004",
      "P467005",
      "P467006",
      "P467007",
      "P467008",
      "P467009",
      "P467010",
      "P467011",
      "P467012",
      "P467013",
      "P467014",
      "P467015",
      "P467016",
      "P467017",
      "P467018",
      "P467019",
      "P467020",
      "P467021",
      "P467022",
      "P467023",
      "P467024",
      "P467025",
      "P467026",
      "P467027",
      "P467028",
      "P467029",
      "P467030",
      "P467031",
      "P467032",
      "P467033",
      "P467034",
      "P467035",
      "P467036",
      "P467037",
      "P467038",
      "P467039",
      "P467040",
      "P467041",
      "P467042",
      "P467043",
      "P467044",
      "P467045",
      "P467046",
      "P467047",
      "P467048",
      "P467049",
      "P467050",
      "P467051",
      "P467052",
      "P467053",
      "P468651",
      "P468652",
      "P468953",
      "P468981",
      "P468982",
      "P468983",
      "P471585",
      "P471587",
      "P471588",
      "P471590",
      "P471591",
      "P471592",
      "P471593",
      "P471595",
      "X000001",
      "X000002",
      "X000004",
      "X000005",
      "X000006",
      "X000007",
      "X000008",
      "X000009",
      "X000011",
      "X000012",
      "X000014",
      "X000015",
      "X000018",
      "X000019",
      "X000020",
      "X000021",
      "X000022",
      "X000023",
      "X000024",
      "X000025",
      "X000026",
      "X000027",
      "X000028",
      "X000029",
      "X000030",
      "X000031",
      "X000032",
      "X000033",
      "X000034",
      "X000035",
      "X000036",
      "X000037",
      "X000038",
      "X000039",
      "X000040",
      "X000041",
      "X000042",
      "X000043",
      "X000044",
      "X000045",
      "X000046",
      "X000047",
      "X000048",
      "X000049",
      "X000050",
      "X000051",
      "X000052",
      "X000053",
      "X000054",
      "X000055",
      "X000056",
      "X000057",
      "X000058",
      "X000059",
      "X000060",
      "X000061",
      "X000062",
      "X000063",
      "X000065",
      "X000066",
      "X000067",
      "X000068",
      "X000069",
      "X000070",
      "X000071",
      "X000072",
      "X000073",
      "X000074",
      "X000075",
      "X000076",
      "X000077",
      "X000078",
      "X000079",
      "X000080",
      "X000081",
      "X000082",
      "X000083",
      "X000084",
      "X000085",
      "X000086",
      "X000087",
      "X000088",
      "X000089",
      "X000090",
      "X000091",
      "X000092",
      "X000093",
      "X000094",
      "X000095",
      "X000096",
      "X000097",
      "X000098",
      "X000099",
      "X000100",
      "X000101",
      "X000102",
      "X000103",
      "X000104",
      "X000105",
      "X000106",
      "X000107",
      "X000108",
      "X000109",
      "X000110",
      "X000111",
      "X000112",
      "X000113",
      "X000114",
      "X000115",
      "X000116",
      "X000117",
      "X000118",
      "X000119",
      "X000120",
      "X000122",
      "X000123",
      "X000124",
      "X000125",
      "X000126",
      "X000127",
      "X000128",
      "X000129",
      "X000130",
      "X000131",
      "X000132",
      "X000133",
      "X000134",
      "X000135",
      "X000136",
      "X000137",
      "X000138",
      "X000139",
      "X000140",
      "X000141",
      "X000142",
      "X000143",
      "X000144",
      "X000145",
      "X000195",
      "X000196",
      "X000197",
      "X000198",
      "X000199",
      "X000200",
      "X000201",
      "X000202",
      "X000203",
      "X000204",
      "X000205",
      "X000206",
      "X000207",
      "X000208",
      "X000209",
      "X000210",
      "X000211",
      "X000212",
      "X000213",
      "X000214",
      "X000215",
      "X000216",
      "X000217",
      "X000218",
      "X000219",
      "X000220",
      "X000221",
      "X000222",
      "X000223",
      "X000224",
      "X000225",
      "X000226",
      "X000227",
      "X000228",
      "X000229"
    ],
    "lem": [],
    "xtf": [
      "P000231",
      "P000232",
      "P223806",
      "P224578",
      "P225171",
      "P225223",
      "P225224",
      "P225251",
      "P225252",
      "P226077",
      "P226831",
      "P236998",
      "P237493",
      "P237924",
      "P238626",
      "P238636",
      "P238702",
      "P238763",
      "P247873",
      "P247878",
      "P250840",
      "P257223",
      "P257442",
      "P257443",
      "P257579",
      "P258187",
      "P259355",
      "P263442",
      "P263443",
      "P264848",
      "P272833",
      "P273718",
      "P273719",
      "P274705",
      "P285550",
      "P285940",
      "P286244",
      "P297260",
      "P297261",
      "P298274",
      "P298275",
      "P301563",
      "P301920",
      "P304564",
      "P304565",
      "P304575",
      "P308105",
      "P308117",
      "P308122",
      "P313081",
      "P313082",
      "P336287",
      "P336598",
      "P345495",
      "P345496",
      "P345512",
      "P345513",
      "P345514",
      "P345515",
      "P345516",
      "P345518",
      "P347208",
      "P349312",
      "P366022",
      "P368399",
      "P368697",
      "P370908",
      "P370911",
      "P371252",
      "P371253",
      "P371254",
      "P371255",
      "P371256",
      "P371257",
      "P371258",
      "P371259",
      "P373502",
      "P373503",
      "P373504",
      "P373505",
      "P373506",
      "P373539",
      "P373540",
      "P373541",
      "P373542",
      "P373543",
      "P373544",
      "P373545",
      "P373546",
      "P373547",
      "P373548",
      "P373550",
      "P373551",
      "P373552",
      "P373553",
      "P373554",
      "P373555",
      "P373566",
      "P373571",
      "P384838",
      "P384935",
      "P384981",
      "P387762",
      "P389686",
      "P389690",
      "P390298",
      "P392144",
      "P392145",
      "P392146",
      "P392147",
      "P392148",
      "P392149",
      "P392150",
      "P392151",
      "P392152",
      "P392153",
      "P392155",
      "P392156",
      "P392158",
      "P392159",
      "P392160",
      "P392161",
      "P392163",
      "P392164",
      "P392165",
      "P392167",
      "P392169",
      "P392170",
      "P392171",
      "P392172",
      "P392173",
      "P392174",
      "P392176",
      "P392177",
      "P392178",
      "P392179",
      "P392180",
      "P392181",
      "P392182",
      "P392183",
      "P392184",
      "P392186",
      "P392187",
      "P392190",
      "P392192",
      "P392193",
      "P392194",
      "P392195",
      "P392197",
      "P392198",
      "P392200",
      "P392201",
      "P392202",
      "P392203",
      "P392204",
      "P392205",
      "P392207",
      "P392208",
      "P392211",
      "P392212",
      "P392213",
      "P392214",
      "P392215",
      "P392216",
      "P392218",
      "P392221",
      "P392222",
      "P392223",
      "P392224",
      "P392225",
      "P392229",
      "P392230",
      "P392231",
      "P392233",
      "P392234",
      "P392237",
      "P392238",
      "P392239",
      "P392240",
      "P392241",
      "P392242",
      "P392244",
      "P392245",
      "P392246",
      "P392247",
      "P392248",
      "P392249",
      "P392250",
      "P392251",
      "P392252",
      "P392253",
      "P392254",
      "P392255",
      "P392256",
      "P392257",
      "P392258",
      "P392259",
      "P392260",
      "P392261",
      "P392262",
      "P392263",
      "P392264",
      "P392265",
      "P392266",
      "P392267",
      "P392269",
      "P392270",
      "P392273",
      "P392274",
      "P392276",
      "P392277",
      "P392278",
      "P392279",
      "P392280",
      "P392282",
      "P392283",
      "P392284",
      "P392287",
      "P392288",
      "P392289",
      "P392292",
      "P392294",
      "P392296",
      "P392297",
      "P392299",
      "P392300",
      "P392307",
      "P392308",
      "P392309",
      "P392310",
      "P392312",
      "P392313",
      "P392314",
      "P392315",
      "P392316",
      "P392317",
      "P392318",
      "P392319",
      "P392321",
      "P392323",
      "P392324",
      "P392325",
      "P392327",
      "P392328",
      "P392329",
      "P392331",
      "P392335",
      "P392336",
      "P392339",
      "P392340",
      "P392341",
      "P392342",
      "P392346",
      "P392348",
      "P392350",
      "P392352",
      "P392353",
      "P392354",
      "P392355",
      "P392356",
      "P392357",
      "P392358",
      "P392361",
      "P392362",
      "P392365",
      "P392366",
      "P392371",
      "P392372",
      "P392380",
      "P392382",
      "P392594",
      "P392595",
      "P393753",
      "P393783",
      "P393794",
      "P393800",
      "P393874",
      "P393885",
      "P393930",
      "P393931",
      "P393932",
      "P393933",
      "P393934",
      "P393935",
      "P393936",
      "P393937",
      "P393938",
      "P393939",
      "P393940",
      "P393941",
      "P393942",
      "P393943",
      "P393944",
      "P393945",
      "P393946",
      "P393947",
      "P393948",
      "P393949",
      "P393950",
      "P393951",
      "P393952",
      "P393953",
      "P393958",
      "P393959",
      "P393966",
      "P393967",
      "P393970",
      "P393984",
      "P393986",
      "P393987",
      "P393988",
      "P393989",
      "P393992",
      "P393994",
      "P393996",
      "P393997",
      "P393998",
      "P394003",
      "P394008",
      "P394009",
      "P394010",
      "P394011",
      "P394013",
      "P394014",
      "P394015",
      "P394018",
      "P394022",
      "P394024",
      "P394025",
      "P394029",
      "P394030",
      "P394034",
      "P394035",
      "P394041",
      "P394042",
      "P394044",
      "P394045",
      "P394046",
      "P394047",
      "P394048",
      "P394049",
      "P394050",
      "P394051",
      "P394054",
      "P394055",
      "P394056",
      "P394057",
      "P394058",
      "P394059",
      "P394060",
      "P394061",
      "P394062",
      "P394063",
      "P394064",
      "P394066",
      "P394067",
      "P394068",
      "P394069",
      "P394070",
      "P394071",
      "P394073",
      "P394074",
      "P394077",
      "P394085",
      "P394088",
      "P394089",
      "P394090",
      "P394091",
      "P394092",
      "P394093",
      "P394094",
      "P394095",
      "P394097",
      "P394100",
      "P394101",
      "P394102",
      "P394103",
      "P394106",
      "P394109",
      "P394110",
      "P394111",
      "P394392",
      "P394412",
      "P394553",
      "P394554",
      "P394556",
      "P394559",
      "P394575",
      "P394576",
      "P394586",
      "P394592",
      "P394594",
      "P394596",
      "P394610",
      "P394624",
      "P394636",
      "P394637",
      "P394639",
      "P394640",
      "P394641",
      "P394643",
      "P394644",
      "P394645",
      "P394649",
      "P394681",
      "P394715",
      "P394724",
      "P394781",
      "P394796",
      "P394797",
      "P394821",
      "P394992",
      "P394993",
      "P395216",
      "P395557",
      "P395560",
      "P395568",
      "P395575",
      "P395578",
      "P395583",
      "P395584",
      "P395585",
      "P395588",
      "P395589",
      "P395600",
      "P395611",
      "P395703",
      "P395744",
      "P396011",
      "P396017",
      "P396053",
      "P396310",
      "P396332",
      "P396356",
      "P396381",
      "P396484",
      "P396492",
      "P396493",
      "P396497",
      "P397199",
      "P397200",
      "P397213",
      "P397334",
      "P397406",
      "P397416",
      "P397439",
      "P397669",
      "P397673",
      "P397675",
      "P398443",
      "P398451",
      "P398469",
      "P398714",
      "P399176",
      "P399259",
      "P399282",
      "P399412",
      "P399415",
      "P399589",
      "P400205",
      "P400267",
      "P400398",
      "P400399",
      "P400428",
      "P400432",
      "P400436",
      "P400437",
      "P400438",
      "P400448",
      "P400449",
      "P400450",
      "P400464",
      "P400488",
      "P400826",
      "P400844",
      "P401094",
      "P401106",
      "P401197",
      "P401228",
      "P401250",
      "P401302",
      "P401312",
      "P401325",
      "P401749",
      "P401757",
      "P401758",
      "P401760",
      "P402220",
      "P402222",
      "P402313",
      "P402359",
      "P402381",
      "P402575",
      "P402810",
      "P402916",
      "P403324",
      "P403357",
      "P403373",
      "P403411",
      "P403543",
      "P403875",
      "P404251",
      "P404253",
      "P404257",
      "P404446",
      "P404463",
      "P404472",
      "P404517",
      "P404626",
      "P404751",
      "P404752",
      "P405607",
      "P407926",
      "P414186",
      "P418052",
      "P418563",
      "P418695",
      "P418995",
      "P419131",
      "P419235",
      "P419617",
      "P419682",
      "P419706",
      "P419905",
      "P420258",
      "P420259",
      "P420260",
      "P421787",
      "P421788",
      "P421789",
      "P421790",
      "P421791",
      "P421794",
      "P421798",
      "P421807",
      "P421808",
      "P421809",
      "P421810",
      "P421848",
      "P421849",
      "P421850",
      "P421853",
      "P421895",
      "P421931",
      "P422068",
      "P422090",
      "P422091",
      "P422092",
      "P422093",
      "P422094",
      "P422095",
      "P422096",
      "P422097",
      "P422099",
      "P422103",
      "P422104",
      "P422120",
      "P422122",
      "P422159",
      "P422249",
      "P422250",
      "P422252",
      "P422253",
      "P422254",
      "P422256",
      "P422272",
      "P422273",
      "P422274",
      "P422275",
      "P422277",
      "P422285",
      "P422287",
      "P422291",
      "P422293",
      "P422295",
      "P422296",
      "P422298",
      "P422299",
      "P422300",
      "P422301",
      "P422302",
      "P422303",
      "P422304",
      "P422305",
      "P422306",
      "P422307",
      "P422308",
      "P422309",
      "P422310",
      "P422311",
      "P422313",
      "P422315",
      "P422316",
      "P422317",
      "P422318",
      "P422320",
      "P422345",
      "P422346",
      "P422372",
      "P422381",
      "P422398",
      "P422399",
      "P422402",
      "P422403",
      "P422404",
      "P422406",
      "P422407",
      "P422486",
      "P422487",
      "P422491",
      "P422492",
      "P422496",
      "P422498",
      "P422499",
      "P422500",
      "P422501",
      "P422502",
      "P422504",
      "P422507",
      "P422508",
      "P422509",
      "P422510",
      "P422511",
      "P422512",
      "P422513",
      "P422515",
      "P422518",
      "P422519",
      "P422522",
      "P422611",
      "P422612",
      "P422615",
      "P422616",
      "P422617",
      "P422619",
      "P422623",
      "P422625",
      "P422626",
      "P422628",
      "P422630",
      "P422631",
      "P422632",
      "P422633",
      "P422634",
      "P422635",
      "P422637",
      "P422638",
      "P422639",
      "P422640",
      "P422641",
      "P422642",
      "P422643",
      "P422644",
      "P422647",
      "P422648",
      "P422649",
      "P422650",
      "P422652",
      "P422654",
      "P422655",
      "P422656",
      "P422658",
      "P422659",
      "P422660",
      "P422661",
      "P422663",
      "P422664",
      "P422667",
      "P422669",
      "P422670",
      "P422671",
      "P422672",
      "P422673",
      "P422674",
      "P422675",
      "P422677",
      "P422680",
      "P422681",
      "P422682",
      "P422683",
      "P422684",
      "P422685",
      "P422688",
      "P422690",
      "P422692",
      "P422693",
      "P422694",
      "P422695",
      "P422696",
      "P422698",
      "P422699",
      "P422701",
      "P422702",
      "P422703",
      "P422704",
      "P422708",
      "P422709",
      "P422711",
      "P422712",
      "P422713",
      "P422714",
      "P422715",
      "P422716",
      "P422718",
      "P422720",
      "P422721",
      "P422722",
      "P422723",
      "P422724",
      "P422725",
      "P422726",
      "P422727",
      "P422729",
      "P422730",
      "P422732",
      "P422733",
      "P422735",
      "P422738",
      "P422739",
      "P422740",
      "P422742",
      "P422743",
      "P422745",
      "P422746",
      "P422748",
      "P422749",
      "P422752",
      "P422753",
      "P422755",
      "P422757",
      "P422758",
      "P422759",
      "P422761",
      "P422762",
      "P422763",
      "P422764",
      "P422767",
      "P422768",
      "P422769",
      "P422771",
      "P422772",
      "P422774",
      "P422777",
      "P422779",
      "P422780",
      "P422781",
      "P422785",
      "P422787",
      "P422789",
      "P422794",
      "P422803",
      "P422810",
      "P422811",
      "P422820",
      "P422824",
      "P422827",
      "P422828",
      "P422832",
      "P422837",
      "P422846",
      "P422855",
      "P422857",
      "P422858",
      "P422860",
      "P422871",
      "P422875",
      "P422879",
      "P422887",
      "P422891",
      "P422906",
      "P422972",
      "P422979",
      "P422981",
      "P422987",
      "P422988",
      "P422990",
      "P422991",
      "P422992",
      "P422997",
      "P423001",
      "P423002",
      "P423004",
      "P423009",
      "P423011",
      "P423012",
      "P423016",
      "P423017",
      "P423018",
      "P423019",
      "P423021",
      "P423023",
      "P423025",
      "P423029",
      "P423032",
      "P423036",
      "P423039",
      "P423041",
      "P423047",
      "P423048",
      "P423049",
      "P423050",
      "P423051",
      "P423052",
      "P423054",
      "P423058",
      "P423060",
      "P423063",
      "P423067",
      "P423068",
      "P423070",
      "P423075",
      "P423076",
      "P423077",
      "P423078",
      "P423079",
      "P423080",
      "P423162",
      "P423164",
      "P423168",
      "P423170",
      "P423171",
      "P423172",
      "P423173",
      "P423174",
      "P423175",
      "P423177",
      "P423179",
      "P423180",
      "P423182",
      "P423183",
      "P423185",
      "P423187",
      "P423188",
      "P423192",
      "P423193",
      "P423195",
      "P423196",
      "P423198",
      "P423200",
      "P423202",
      "P423209",
      "P423211",
      "P423217",
      "P423222",
      "P423223",
      "P423224",
      "P423227",
      "P423236",
      "P423241",
      "P423242",
      "P423251",
      "P423258",
      "P423269",
      "P423273",
      "P423285",
      "P423288",
      "P423289",
      "P423290",
      "P423291",
      "P423292",
      "P423341",
      "P423344",
      "P423861",
      "P424463",
      "P424482",
      "P424487",
      "P424510",
      "P424513",
      "P424514",
      "P424517",
      "P424528",
      "P424529",
      "P424542",
      "P424566",
      "P424569",
      "P424580",
      "P424582",
      "P424583",
      "P424585",
      "P424589",
      "P424590",
      "P424591",
      "P424593",
      "P424594",
      "P424595",
      "P424596",
      "P424597",
      "P424599",
      "P424600",
      "P424601",
      "P424602",
      "P424603",
      "P424604",
      "P424605",
      "P424606",
      "P424607",
      "P424684",
      "P424743",
      "P424803",
      "P424890",
      "P424908",
      "P424917",
      "P424918",
      "P424924",
      "P424925",
      "P424926",
      "P424928",
      "P424929",
      "P424931",
      "P424933",
      "P424935",
      "P424938",
      "P424982",
      "P424983",
      "P424984",
      "P424985",
      "P424986",
      "P425006",
      "P425101",
      "P425104",
      "P425109",
      "P425171",
      "P425365",
      "P425484",
      "P425736",
      "P425741",
      "P425908",
      "P426157",
      "P426162",
      "P426163",
      "P426222",
      "P426224",
      "P426225",
      "P426226",
      "P426227",
      "P426228",
      "P426229",
      "P426232",
      "P426234",
      "P426237",
      "P426239",
      "P426242",
      "P426246",
      "P426259",
      "P426268",
      "P426269",
      "P426274",
      "P426277",
      "P426282",
      "P426285",
      "P426290",
      "P426292",
      "P426340",
      "P426349",
      "P426350",
      "P426351",
      "P426385",
      "P426386",
      "P426388",
      "P427837",
      "P427838",
      "P427839",
      "P427840",
      "P427841",
      "P427842",
      "P427843",
      "P427844",
      "P427845",
      "P427846",
      "P427847",
      "P427848",
      "P427874",
      "P427875",
      "P427876",
      "P427877",
      "P427878",
      "P427889",
      "P427890",
      "P427975",
      "P427976",
      "P427977",
      "P427978",
      "P427979",
      "P427980",
      "P427981",
      "P427982",
      "P427983",
      "P427984",
      "P428048",
      "P428052",
      "P428060",
      "P428065",
      "P428304",
      "P428326",
      "P428334",
      "P428340",
      "P428341",
      "P428342",
      "P428343",
      "P428344",
      "P428345",
      "P428346",
      "P428347",
      "P428348",
      "P428349",
      "P428350",
      "P428351",
      "P428352",
      "P428353",
      "P428354",
      "P428367",
      "P428370",
      "P428470",
      "P428471",
      "P428481",
      "P428524",
      "P428525",
      "P428600",
      "P428601",
      "P428602",
      "P428604",
      "P428605",
      "P428607",
      "P428608",
      "P428610",
      "P428613",
      "P428781",
      "P429026",
      "P429061",
      "P429079",
      "P429080",
      "P429188",
      "P429995",
      "P429999",
      "P430082",
      "P432423",
      "P432429",
      "P450185",
      "P450186",
      "P450187",
      "P450188",
      "P450189",
      "P450190",
      "P450191",
      "P450192",
      "P450193",
      "P450194",
      "P450195",
      "P450196",
      "P450197",
      "P450198",
      "P450199",
      "P450200",
      "P450201",
      "P450202",
      "P450203",
      "P450204",
      "P450205",
      "P450206",
      "P450207",
      "P450208",
      "P450209",
      "P450210",
      "P450211",
      "P450212",
      "P450213",
      "P450214",
      "P450215",
      "P450216",
      "P450217",
      "P450218",
      "P450219",
      "P450220",
      "P450221",
      "P450222",
      "P450223",
      "P450224",
      "P450225",
      "P450226",
      "P450227",
      "P450228",
      "P450229",
      "P450230",
      "P450231",
      "P450232",
      "P450233",
      "P450234",
      "P450235",
      "P450236",
      "P450237",
      "P450238",
      "P450239",
      "P450240",
      "P450241",
      "P450242",
      "P450243",
      "P450244",
      "P450245",
      "P450246",
      "P450247",
      "P450248",
      "P450249",
      "P450250",
      "P450251",
      "P450252",
      "P450253",
      "P450254",
      "P450255",
      "P450256",
      "P450257",
      "P450258",
      "P450259",
      "P450260",
      "P450261",
      "P450262",
      "P450263",
      "P450264",
      "P450265",
      "P450266",
      "P450267",
      "P450268",
      "P450269",
      "P450270",
      "P450271",
      "P450272",
      "P450273",
      "P450274",
      "P450275",
      "P450276",
      "P450277",
      "P450278",
      "P450279",
      "P450280",
      "P450281",
      "P450282",
      "P450283",
      "P450284",
      "P450285",
      "P450286",
      "P450287",
      "P450288",
      "P450289",
      "P450290",
      "P450291",
      "P450292",
      "P450293",
      "P450294",
      "P450295",
      "P450296",
      "P450297",
      "P450298",
      "P450299",
      "P450300",
      "P450301",
      "P450302",
      "P450303",
      "P450304",
      "P450305",
      "P450306",
      "P450307",
      "P450308",
      "P450309",
      "P450310",
      "P450311",
      "P450312",
      "P450313",
      "P450314",
      "P450315",
      "P450316",
      "P450317",
      "P450318",
      "P450319",
      "P450320",
      "P450321",
      "P450322",
      "P450323",
      "P450324",
      "P450325",
      "P450326",
      "P450327",
      "P450328",
      "P450329",
      "P450330",
      "P450331",
      "P450332",
      "P450333",
      "P450334",
      "P450335",
      "P450336",
      "P450337",
      "P450338",
      "P450339",
      "P450340",
      "P450341",
      "P450342",
      "P450343",
      "P450344",
      "P450345",
      "P450346",
      "P450347",
      "P450348",
      "P450349",
      "P450350",
      "P450351",
      "P450352",
      "P450353",
      "P450354",
      "P450355",
      "P450356",
      "P450357",
      "P450358",
      "P450359",
      "P450360",
      "P450361",
      "P450362",
      "P450363",
      "P450364",
      "P450365",
      "P450366",
      "P450367",
      "P450368",
      "P450369",
      "P450370",
      "P450371",
      "P450372",
      "P450373",
      "P450374",
      "P450375",
      "P450376",
      "P450377",
      "P450378",
      "P450379",
      "P450380",
      "P450381",
      "P450382",
      "P450383",
      "P450384",
      "P450385",
      "P450386",
      "P450387",
      "P450388",
      "P450389",
      "P450390",
      "P450391",
      "P450392",
      "P450393",
      "P450394",
      "P450395",
      "P450396",
      "P450397",
      "P450398",
      "P450399",
      "P450400",
      "P450401",
      "P450402",
      "P450403",
      "P450404",
      "P450405",
      "P450406",
      "P450407",
      "P450408",
      "P450409",
      "P450410",
      "P450411",
      "P450412",
      "P450413",
      "P450414",
      "P450415",
      "P450416",
      "P450417",
      "P450418",
      "P450419",
      "P450420",
      "P450421",
      "P450422",
      "P450423",
      "P450424",
      "P450425",
      "P450426",
      "P450427",
      "P450428",
      "P450429",
      "P450430",
      "P450431",
      "P450432",
      "P450433",
      "P450434",
      "P450435",
      "P450436",
      "P450437",
      "P450438",
      "P450439",
      "P450440",
      "P450441",
      "P450442",
      "P450443",
      "P450444",
      "P450445",
      "P450446",
      "P450447",
      "P450448",
      "P450449",
      "P450450",
      "P450451",
      "P450452",
      "P450453",
      "P450454",
      "P450455",
      "P450456",
      "P450457",
      "P450458",
      "P450459",
      "P450460",
      "P450461",
      "P450462",
      "P450463",
      "P450464",
      "P450465",
      "P450466",
      "P450467",
      "P450468",
      "P450469",
      "P450470",
      "P450471",
      "P450472",
      "P450473",
      "P450474",
      "P450475",
      "P450476",
      "P450477",
      "P450478",
      "P450479",
      "P450480",
      "P450481",
      "P450482",
      "P450483",
      "P450484",
      "P450485",
      "P450486",
      "P450487",
      "P450488",
      "P450489",
      "P450490",
      "P450491",
      "P450492",
      "P450493",
      "P450494",
      "P450495",
      "P450496",
      "P450497",
      "P450498",
      "P450499",
      "P450500",
      "P450501",
      "P450502",
      "P450503",
      "P450504",
      "P450505",
      "P450507",
      "P450508",
      "P450509",
      "P450510",
      "P450511",
      "P450512",
      "P450513",
      "P450514",
      "P450515",
      "P450516",
      "P450517",
      "P450518",
      "P450519",
      "P450520",
      "P450521",
      "P450522",
      "P450523",
      "P450524",
      "P450525",
      "P450526",
      "P450527",
      "P450528",
      "P450529",
      "P450530",
      "P450531",
      "P450532",
      "P450533",
      "P450534",
      "P450535",
      "P450536",
      "P450537",
      "P450538",
      "P450539",
      "P450540",
      "P450541",
      "P450542",
      "P450543",
      "P450544",
      "P450545",
      "P450546",
      "P450547",
      "P450548",
      "P450549",
      "P450550",
      "P450551",
      "P450552",
      "P450553",
      "P450554",
      "P450555",
      "P450556",
      "P450557",
      "P450558",
      "P450559",
      "P450560",
      "P450561",
      "P450562",
      "P450563",
      "P450564",
      "P450565",
      "P450566",
      "P450567",
      "P450568",
      "P450569",
      "P450570",
      "P450571",
      "P450572",
      "P450573",
      "P450574",
      "P450575",
      "P450576",
      "P450577",
      "P450578",
      "P450579",
      "P450580",
      "P450581",
      "P450582",
      "P450583",
      "P450584",
      "P450585",
      "P450586",
      "P450587",
      "P450588",
      "P450589",
      "P450590",
      "P450591",
      "P450592",
      "P450593",
      "P450594",
      "P450595",
      "P450596",
      "P450597",
      "P451782",
      "P451785",
      "P451789",
      "P451792",
      "P451793",
      "P451924",
      "P451926",
      "P451932",
      "P451955",
      "P451957",
      "P451960",
      "P452022",
      "P452024",
      "P452028",
      "P452068",
      "P452071",
      "P452190",
      "P452192",
      "P452210",
      "P452377",
      "P452394",
      "P452407",
      "P452414",
      "P452452",
      "P452488",
      "P452577",
      "P452579",
      "P452581",
      "P452584",
      "P452586",
      "P452593",
      "P452594",
      "P452595",
      "P452620",
      "P452638",
      "P452640",
      "P452642",
      "P452731",
      "P452732",
      "P452733",
      "P452830",
      "P452833",
      "P452852",
      "P452907",
      "P452908",
      "P452929",
      "P452937",
      "P452938",
      "P452943",
      "P452945",
      "P453467",
      "P453468",
      "P464370",
      "P464966",
      "P464968",
      "P464969",
      "P464971",
      "P464972",
      "P464974",
      "P466002",
      "P466003",
      "P466641",
      "P466642",
      "P466643",
      "P466644",
      "P466645",
      "P466646",
      "P466647",
      "P466648",
      "P466649",
      "P466650",
      "P466651",
      "P466652",
      "P466653",
      "P466654",
      "P466655",
      "P466656",
      "P466657",
      "P466658",
      "P466659",
      "P466660",
      "P466661",
      "P466662",
      "P466663",
      "P466664",
      "P466665",
      "P466666",
      "P466667",
      "P466668",
      "P466669",
      "P466670",
      "P466671",
      "P466672",
      "P466673",
      "P466674",
      "P466675",
      "P466676",
      "P466677",
      "P466678",
      "P466679",
      "P466680",
      "P466681",
      "P466682",
      "P466683",
      "P466684",
      "P466685",
      "P466686",
      "P466687",
      "P466688",
      "P466689",
      "P466690",
      "P466691",
      "P466692",
      "P466693",
      "P466694",
      "P466695",
      "P466696",
      "P466697",
      "P466698",
      "P466699",
      "P466700",
      "P466701",
      "P466702",
      "P466703",
      "P466704",
      "P466705",
      "P466706",
      "P466707",
      "P466708",
      "P466709",
      "P466710",
      "P466711",
      "P466712",
      "P466713",
      "P466714",
      "P466715",
      "P466716",
      "P466717",
      "P466718",
      "P466719",
      "P466720",
      "P466721",
      "P466722",
      "P466723",
      "P466724",
      "P466725",
      "P466726",
      "P466727",
      "P466728",
      "P466729",
      "P466730",
      "P466731",
      "P466732",
      "P466733",
      "P466734",
      "P466735",
      "P466736",
      "P466737",
      "P466738",
      "P466739",
      "P466740",
      "P466741",
      "P466742",
      "P466743",
      "P466744",
      "P466745",
      "P466746",
      "P466747",
      "P466748",
      "P466749",
      "P466750",
      "P466751",
      "P466752",
      "P466753",
      "P466754",
      "P466755",
      "P466756",
      "P466757",
      "P466758",
      "P466759",
      "P466760",
      "P466761",
      "P466762",
      "P466763",
      "P466764",
      "P466765",
      "P466766",
      "P466767",
      "P466768",
      "P466769",
      "P466770",
      "P466771",
      "P466772",
      "P466773",
      "P466774",
      "P466775",
      "P466776",
      "P466777",
      "P466778",
      "P466779",
      "P466780",
      "P466781",
      "P466782",
      "P466783",
      "P466784",
      "P466785",
      "P466786",
      "P466787",
      "P466788",
      "P466789",
      "P466790",
      "P466791",
      "P466792",
      "P466793",
      "P466794",
      "P466795",
      "P466796",
      "P466797",
      "P466798",
      "P466799",
      "P466800",
      "P466801",
      "P466802",
      "P466803",
      "P466804",
      "P466805",
      "P466806",
      "P466807",
      "P466808",
      "P466809",
      "P466810",
      "P466811",
      "P466812",
      "P466813",
      "P466814",
      "P466815",
      "P466816",
      "P466817",
      "P466818",
      "P466819",
      "P466820",
      "P466821",
      "P466822",
      "P466823",
      "P466824",
      "P466825",
      "P466826",
      "P466827",
      "P466828",
      "P466829",
      "P466830",
      "P466831",
      "P466832",
      "P466833",
      "P466834",
      "P466835",
      "P466836",
      "P466837",
      "P466838",
      "P466839",
      "P466840",
      "P466841",
      "P466842",
      "P466843",
      "P466844",
      "P466845",
      "P466846",
      "P466847",
      "P466848",
      "P466849",
      "P466850",
      "P466851",
      "P466852",
      "P466853",
      "P466854",
      "P466855",
      "P466856",
      "P466857",
      "P466858",
      "P466859",
      "P466860",
      "P466861",
      "P466862",
      "P466863",
      "P466864",
      "P466865",
      "P466866",
      "P466867",
      "P466868",
      "P466869",
      "P466870",
      "P466871",
      "P466872",
      "P466873",
      "P466874",
      "P466875",
      "P466876",
      "P466877",
      "P466878",
      "P466879",
      "P466880",
      "P466881",
      "P466882",
      "P466883",
      "P466884",
      "P466885",
      "P466886",
      "P466887",
      "P466888",
      "P466889",
      "P466890",
      "P466891",
      "P466892",
      "P466893",
      "P466894",
      "P466895",
      "P466896",
      "P466897",
      "P466898",
      "P466899",
      "P466900",
      "P466901",
      "P466902",
      "P466903",
      "P466904",
      "P466905",
      "P466906",
      "P466907",
      "P466908",
      "P466909",
      "P466910",
      "P466911",
      "P466912",
      "P466913",
      "P466914",
      "P466915",
      "P466916",
      "P466917",
      "P466918",
      "P466919",
      "P466920",
      "P466921",
      "P466922",
      "P466923",
      "P466924",
      "P466925",
      "P466926",
      "P466927",
      "P466928",
      "P466929",
      "P466930",
      "P466931",
      "P466932",
      "P466933",
      "P466934",
      "P466935",
      "P466936",
      "P466937",
      "P466938",
      "P466939",
      "P466940",
      "P466941",
      "P466942",
      "P466943",
      "P466944",
      "P466945",
      "P466946",
      "P466947",
      "P466948",
      "P466949",
      "P466950",
      "P466951",
      "P466952",
      "P466953",
      "P466954",
      "P466955",
      "P466956",
      "P466957",
      "P466958",
      "P466959",
      "P466960",
      "P466961",
      "P466962",
      "P466963",
      "P466964",
      "P466965",
      "P466966",
      "P466967",
      "P466968",
      "P466969",
      "P466970",
      "P466971",
      "P466972",
      "P466973",
      "P466974",
      "P466975",
      "P466976",
      "P466977",
      "P466978",
      "P466979",
      "P466980",
      "P466981",
      "P466982",
      "P466983",
      "P466984",
      "P466985",
      "P466986",
      "P466987",
      "P466988",
      "P466989",
      "P466990",
      "P466991",
      "P466992",
      "P466993",
      "P466994",
      "P466995",
      "P466996",
      "P466997",
      "P466998",
      "P466999",
      "P467000",
      "P467001",
      "P467002",
      "P467003",
      "P467004",
      "P467005",
      "P467006",
      "P467007",
      "P467008",
      "P467009",
      "P467010",
      "P467011",
      "P467012",
      "P467013",
      "P467014",
      "P467015",
      "P467016",
      "P467017",
      "P467018",
      "P467019",
      "P467020",
      "P467021",
      "P467022",
      "P467023",
      "P467024",
      "P467025",
      "P467026",
      "P467027",
      "P467028",
      "P467029",
      "P467030",
      "P467031",
      "P467032",
      "P467033",
      "P467034",
      "P467035",
      "P467036",
      "P467037",
      "P467038",
      "P467039",
      "P467040",
      "P467041",
      "P467042",
      "P467043",
      "P467044",
      "P467045",
      "P467046",
      "P467047",
      "P467048",
      "P467049",
      "P467050",
      "P467051",
      "P467052",
      "P467053",
      "P468651",
      "P468652",
      "P468953",
      "P468981",
      "P468982",
      "P468983",
      "P471585",
      "P471587",
      "P471588",
      "P471590",
      "P471591",
      "P471592",
      "P471593",
      "P471595",
      "X000001",
      "X000002",
      "X000004",
      "X000005",
      "X000006",
      "X000007",
      "X000008",
      "X000009",
      "X000011",
      "X000012",
      "X000014",
      "X000015",
      "X000018",
      "X000019",
      "X000020",
      "X000021",
      "X000022",
      "X000023",
      "X000024",
      "X000025",
      "X000026",
      "X000027",
      "X000028",
      "X000029",
      "X000030",
      "X000031",
      "X000032",
      "X000033",
      "X000034",
      "X000035",
      "X000036",
      "X000037",
      "X000038",
      "X000039",
      "X000040",
      "X000041",
      "X000042",
      "X000043",
      "X000044",
      "X000045",
      "X000046",
      "X000047",
      "X000048",
      "X000049",
      "X000050",
      "X000051",
      "X000052",
      "X000053",
      "X000054",
      "X000055",
      "X000056",
      "X000057",
      "X000058",
      "X000059",
      "X000060",
      "X000061",
      "X000062",
      "X000063",
      "X000065",
      "X000066",
      "X000067",
      "X000068",
      "X000069",
      "X000070",
      "X000071",
      "X000072",
      "X000073",
      "X000074",
      "X000075",
      "X000076",
      "X000077",
      "X000078",
      "X000079",
      "X000080",
      "X000081",
      "X000082",
      "X000083",
      "X000084",
      "X000085",
      "X000086",
      "X000087",
      "X000088",
      "X000089",
      "X000090",
      "X000091",
      "X000092",
      "X000093",
      "X000094",
      "X000095",
      "X000096",
      "X000097",
      "X000098",
      "X000099",
      "X000100",
      "X000101",
      "X000102",
      "X000103",
      "X000104",
      "X000105",
      "X000106",
      "X000107",
      "X000108",
      "X000109",
      "X000110",
      "X000111",
      "X000112",
      "X000113",
      "X000114",
      "X000115",
      "X000116",
      "X000117",
      "X000118",
      "X000119",
      "X000120",
      "X000122",
      "X000123",
      "X000124",
      "X000125",
      "X000126",
      "X000127",
      "X000128",
      "X000129",
      "X000130",
      "X000131",
      "X000132",
      "X000133",
      "X000134",
      "X000135",
      "X000136",
      "X000137",
      "X000138",
      "X000139",
      "X000140",
      "X000141",
      "X000142",
      "X000143",
      "X000144",
      "X000145",
      "X000195",
      "X000196",
      "X000197",
      "X000198",
      "X000199",
      "X000200",
      "X000201",
      "X000202",
      "X000203",
      "X000204",
      "X000205",
      "X000206",
      "X000207",
      "X000208",
      "X000209",
      "X000210",
      "X000211",
      "X000212",
      "X000213",
      "X000214",
      "X000215",
      "X000216",
      "X000217",
      "X000218",
      "X000219",
      "X000220",
      "X000221",
      "X000222",
      "X000223",
      "X000224",
      "X000225",
      "X000226",
      "X000227",
      "X000228",
      "X000229"
    ]
  }
}
