{
  "type": "glossary",
  "project": "ribo/babylon7",
  "source": "http://oracc.org/ribo/babylon7",
  "license": "This data is released under the CC0 license",
  "license-url": "https://creativecommons.org/publicdomain/zero/1.0/",
  "more-info": "http://oracc.org/doc/opendata/",
  "UTC-timestamp": "2017-06-10T00:14:49",
  "lang": "qpn-x-object",
  "entries": [
    {
      "headword": "Ay-ibur-šabu[1]ON",
      "id": "qpn-x-object.x000004",
      "icount": "1",
      "ipct": "100",
      "xis": "qpn.r00000",
      "cf": "Ay-ibur-šabu",
      "gw": "1",
      "pos": "ON",
      "forms": [
        {
          "type": "form",
          "id": "qpn-x-object.x000007",
          "n": "a-a-i-bu-ur₂-ša-bu-um",
          "icount": "1",
          "ipct": "100",
          "xis": "qpn.r00000"
        }
      ],
      "norms": [
        {
          "id": "qpn-x-object.x000008",
          "icount": "1",
          "ipct": "100",
          "xis": "qpn.r00000",
          "n": "Ay-ibur-šabu",
          "forms": [
            {
              "type": "normform",
              "id": "qpn-x-object.x000009",
              "ref": "qpn-x-object.x000007",
              "icount": "1",
              "ipct": "100",
              "xis": "qpn.r00000"
            }
          ]
        }
      ],
      "senses": [
        {
          "type": "sense",
          "id": "qpn-x-object.x000010",
          "n": "Ay-ibur-šabu[1//1]ON'ON",
          "icount": "1",
          "ipct": "100",
          "xis": "qpn.r00000",
          "pos": "ON",
          "mng": "1",
          "forms": [
            {
              "type": "form",
              "id": "qpn-x-object.x000011",
              "n": "a-a-i-bu-ur₂-ša-bu-um",
              "icount": "1",
              "ipct": "100",
              "xis": "qpn.r00000"
            }
          ],
          "norms": [
            {
              "id": "qpn-x-object.x000012",
              "n": "Ay-ibur-šabu",
              "icount": "1",
              "ipct": "100",
              "xis": "qpn.r00000"
            }
          ],
          "sigs": [
            {
              "type": "sig",
              "id": "qpn-x-object.x000013",
              "sig": "@ribo/babylon7%akk:a-a-i-bu-ur₂-ša-bu-um=Ay-ibur-šabu[1//1]ON'ON$Ay-ibur-šabu",
              "icount": "1",
              "ipct": "100",
              "xis": "qpn.r00000"
            }
          ]
        }
      ]
    },
    {
      "headword": "Imgur-Enlil[1]ON",
      "id": "qpn-x-object.x000005",
      "icount": "4",
      "ipct": "100",
      "xis": "qpn.r00001",
      "cf": "Imgur-Enlil",
      "gw": "1",
      "pos": "ON",
      "forms": [
        {
          "type": "form",
          "id": "qpn-x-object.x000014",
          "n": "im-gur-{d}EN.LIL₂",
          "icount": "4",
          "ipct": "100",
          "xis": "qpn.r00001"
        }
      ],
      "norms": [
        {
          "id": "qpn-x-object.x000015",
          "icount": "4",
          "ipct": "100",
          "xis": "qpn.r00001",
          "n": "Imgur-Enlil",
          "forms": [
            {
              "type": "normform",
              "id": "qpn-x-object.x000016",
              "ref": "qpn-x-object.x000014",
              "icount": "4",
              "ipct": "100",
              "xis": "qpn.r00001"
            }
          ]
        }
      ],
      "senses": [
        {
          "type": "sense",
          "id": "qpn-x-object.x000017",
          "n": "Imgur-Enlil[1//1]ON'ON",
          "icount": "4",
          "ipct": "100",
          "xis": "qpn.r00001",
          "pos": "ON",
          "mng": "1",
          "forms": [
            {
              "type": "form",
              "id": "qpn-x-object.x000018",
              "n": "im-gur-{d}EN.LIL₂",
              "icount": "4",
              "ipct": "100",
              "xis": "qpn.r00001"
            }
          ],
          "norms": [
            {
              "id": "qpn-x-object.x000019",
              "n": "Imgur-Enlil",
              "icount": "4",
              "ipct": "100",
              "xis": "qpn.r00001"
            }
          ],
          "sigs": [
            {
              "type": "sig",
              "id": "qpn-x-object.x000020",
              "sig": "@ribo/babylon7%akk:im-gur-{d}EN.LIL₂=Imgur-Enlil[1//1]ON'ON$Imgur-Enlil",
              "icount": "4",
              "ipct": "100",
              "xis": "qpn.r00001"
            }
          ]
        }
      ]
    },
    {
      "headword": "Ka-Lamma-arabi[1]ON",
      "id": "qpn-x-object.x000002",
      "icount": "2",
      "ipct": "100",
      "xis": "qpn.r00002",
      "cf": "Ka-Lamma-arabi",
      "gw": "1",
      "pos": "ON",
      "forms": [
        {
          "type": "form",
          "id": "qpn-x-object.x000021",
          "n": "KA₂-{d}LAMMA-a-ra-bi",
          "icount": "2",
          "ipct": "100",
          "xis": "qpn.r00002"
        }
      ],
      "norms": [
        {
          "id": "qpn-x-object.x000022",
          "icount": "2",
          "ipct": "100",
          "xis": "qpn.r00002",
          "n": "Ka-Lamma-arabi",
          "forms": [
            {
              "type": "normform",
              "id": "qpn-x-object.x000023",
              "ref": "qpn-x-object.x000021",
              "icount": "2",
              "ipct": "100",
              "xis": "qpn.r00002"
            }
          ]
        }
      ],
      "senses": [
        {
          "type": "sense",
          "id": "qpn-x-object.x000024",
          "n": "Ka-Lamma-arabi[1//1]ON'ON",
          "icount": "2",
          "ipct": "100",
          "xis": "qpn.r00002",
          "pos": "ON",
          "mng": "1",
          "forms": [
            {
              "type": "form",
              "id": "qpn-x-object.x000025",
              "n": "KA₂-{d}LAMMA-a-ra-bi",
              "icount": "2",
              "ipct": "100",
              "xis": "qpn.r00002"
            }
          ],
          "norms": [
            {
              "id": "qpn-x-object.x000026",
              "n": "Ka-Lamma-arabi",
              "icount": "2",
              "ipct": "100",
              "xis": "qpn.r00002"
            }
          ],
          "sigs": [
            {
              "type": "sig",
              "id": "qpn-x-object.x000027",
              "sig": "@ribo/babylon7%akk:KA₂-{d}LAMMA-a-ra-bi=Ka-Lamma-arabi[1//1]ON'ON$Ka-Lamma-arabi",
              "icount": "2",
              "ipct": "100",
              "xis": "qpn.r00002"
            }
          ]
        }
      ]
    },
    {
      "headword": "Ka-Utu-e[1]ON",
      "id": "qpn-x-object.x000003",
      "icount": "2",
      "ipct": "100",
      "xis": "qpn.r00003",
      "cf": "Ka-Utu-e",
      "gw": "1",
      "pos": "ON",
      "forms": [
        {
          "type": "form",
          "id": "qpn-x-object.x000028",
          "n": "KA₂-{d}UTU.E₃",
          "icount": "2",
          "ipct": "100",
          "xis": "qpn.r00003"
        }
      ],
      "norms": [
        {
          "id": "qpn-x-object.x000029",
          "icount": "2",
          "ipct": "100",
          "xis": "qpn.r00003",
          "n": "Ka-Utu-e",
          "forms": [
            {
              "type": "normform",
              "id": "qpn-x-object.x000030",
              "ref": "qpn-x-object.x000028",
              "icount": "2",
              "ipct": "100",
              "xis": "qpn.r00003"
            }
          ]
        }
      ],
      "senses": [
        {
          "type": "sense",
          "id": "qpn-x-object.x000031",
          "n": "Ka-Utu-e[1//1]ON'ON",
          "icount": "2",
          "ipct": "100",
          "xis": "qpn.r00003",
          "pos": "ON",
          "mng": "1",
          "forms": [
            {
              "type": "form",
              "id": "qpn-x-object.x000032",
              "n": "KA₂-{d}UTU.E₃",
              "icount": "2",
              "ipct": "100",
              "xis": "qpn.r00003"
            }
          ],
          "norms": [
            {
              "id": "qpn-x-object.x000033",
              "n": "Ka-Utu-e",
              "icount": "2",
              "ipct": "100",
              "xis": "qpn.r00003"
            }
          ],
          "sigs": [
            {
              "type": "sig",
              "id": "qpn-x-object.x000034",
              "sig": "@ribo/babylon7%akk:KA₂-{d}UTU.E₃=Ka-Utu-e[1//1]ON'ON$Ka-Utu-e",
              "icount": "2",
              "ipct": "100",
              "xis": "qpn.r00003"
            }
          ]
        }
      ]
    },
    {
      "headword": "Ka-hegal[1]ON",
      "id": "qpn-x-object.x000000",
      "icount": "2",
      "ipct": "100",
      "xis": "qpn.r00004",
      "cf": "Ka-hegal",
      "gw": "1",
      "pos": "ON",
      "forms": [
        {
          "type": "form",
          "id": "qpn-x-object.x000035",
          "n": "KA₂-HE₂.GAL₂",
          "icount": "2",
          "ipct": "100",
          "xis": "qpn.r00004"
        }
      ],
      "norms": [
        {
          "id": "qpn-x-object.x000036",
          "icount": "2",
          "ipct": "100",
          "xis": "qpn.r00004",
          "n": "Ka-hegal",
          "forms": [
            {
              "type": "normform",
              "id": "qpn-x-object.x000037",
              "ref": "qpn-x-object.x000035",
              "icount": "2",
              "ipct": "100",
              "xis": "qpn.r00004"
            }
          ]
        }
      ],
      "senses": [
        {
          "type": "sense",
          "id": "qpn-x-object.x000038",
          "n": "Ka-hegal[1//1]ON'ON",
          "icount": "2",
          "ipct": "100",
          "xis": "qpn.r00004",
          "pos": "ON",
          "mng": "1",
          "forms": [
            {
              "type": "form",
              "id": "qpn-x-object.x000039",
              "n": "KA₂-HE₂.GAL₂",
              "icount": "2",
              "ipct": "100",
              "xis": "qpn.r00004"
            }
          ],
          "norms": [
            {
              "id": "qpn-x-object.x000040",
              "n": "Ka-hegal",
              "icount": "2",
              "ipct": "100",
              "xis": "qpn.r00004"
            }
          ],
          "sigs": [
            {
              "type": "sig",
              "id": "qpn-x-object.x000041",
              "sig": "@ribo/babylon7%akk:KA₂-HE₂.GAL₂=Ka-hegal[1//1]ON'ON$Ka-hegal",
              "icount": "2",
              "ipct": "100",
              "xis": "qpn.r00004"
            }
          ]
        }
      ]
    },
    {
      "headword": "Ka-ude-babbar[1]ON",
      "id": "qpn-x-object.x000001",
      "icount": "2",
      "ipct": "100",
      "xis": "qpn.r00005",
      "cf": "Ka-ude-babbar",
      "gw": "1",
      "pos": "ON",
      "forms": [
        {
          "type": "form",
          "id": "qpn-x-object.x000042",
          "n": "KA₂-U₆.DE.BABBAR",
          "icount": "2",
          "ipct": "100",
          "xis": "qpn.r00005"
        }
      ],
      "norms": [
        {
          "id": "qpn-x-object.x000043",
          "icount": "2",
          "ipct": "100",
          "xis": "qpn.r00005",
          "n": "Ka-ude-babbar",
          "forms": [
            {
              "type": "normform",
              "id": "qpn-x-object.x000044",
              "ref": "qpn-x-object.x000042",
              "icount": "2",
              "ipct": "100",
              "xis": "qpn.r00005"
            }
          ]
        }
      ],
      "senses": [
        {
          "type": "sense",
          "id": "qpn-x-object.x000045",
          "n": "Ka-ude-babbar[1//1]ON'ON",
          "icount": "2",
          "ipct": "100",
          "xis": "qpn.r00005",
          "pos": "ON",
          "mng": "1",
          "forms": [
            {
              "type": "form",
              "id": "qpn-x-object.x000046",
              "n": "KA₂-U₆.DE.BABBAR",
              "icount": "2",
              "ipct": "100",
              "xis": "qpn.r00005"
            }
          ],
          "norms": [
            {
              "id": "qpn-x-object.x000047",
              "n": "Ka-ude-babbar",
              "icount": "2",
              "ipct": "100",
              "xis": "qpn.r00005"
            }
          ],
          "sigs": [
            {
              "type": "sig",
              "id": "qpn-x-object.x000048",
              "sig": "@ribo/babylon7%akk:KA₂-U₆.DE.BABBAR=Ka-ude-babbar[1//1]ON'ON$Ka-ude-babbar",
              "icount": "2",
              "ipct": "100",
              "xis": "qpn.r00005"
            }
          ]
        }
      ]
    },
    {
      "headword": "Nemed-Enlil[1]ON",
      "id": "qpn-x-object.x000006",
      "icount": "1",
      "ipct": "100",
      "xis": "qpn.r00006",
      "cf": "Nemed-Enlil",
      "gw": "1",
      "pos": "ON",
      "forms": [
        {
          "type": "form",
          "id": "qpn-x-object.x000049",
          "n": "ne₂-met-ti-{d}EN.LIL₂",
          "icount": "1",
          "ipct": "100",
          "xis": "qpn.r00006"
        }
      ],
      "norms": [
        {
          "id": "qpn-x-object.x000050",
          "icount": "1",
          "ipct": "100",
          "xis": "qpn.r00006",
          "n": "Nemetti-Enlil",
          "forms": [
            {
              "type": "normform",
              "id": "qpn-x-object.x000051",
              "ref": "qpn-x-object.x000049",
              "icount": "1",
              "ipct": "100",
              "xis": "qpn.r00006"
            }
          ]
        }
      ],
      "senses": [
        {
          "type": "sense",
          "id": "qpn-x-object.x000052",
          "n": "Nemed-Enlil[1//1]ON'ON",
          "icount": "1",
          "ipct": "100",
          "xis": "qpn.r00006",
          "pos": "ON",
          "mng": "1",
          "forms": [
            {
              "type": "form",
              "id": "qpn-x-object.x000053",
              "n": "ne₂-met-ti-{d}EN.LIL₂",
              "icount": "1",
              "ipct": "100",
              "xis": "qpn.r00006"
            }
          ],
          "norms": [
            {
              "id": "qpn-x-object.x000054",
              "n": "Nemetti-Enlil",
              "icount": "1",
              "ipct": "100",
              "xis": "qpn.r00006"
            }
          ],
          "sigs": [
            {
              "type": "sig",
              "id": "qpn-x-object.x000055",
              "sig": "@ribo/babylon7%akk:ne₂-met-ti-{d}EN.LIL₂=Nemed-Enlil[1//1]ON'ON$Nemetti-Enlil",
              "icount": "1",
              "ipct": "100",
              "xis": "qpn.r00006"
            }
          ]
        }
      ]
    }
  ],
  "instances": {
    "qpn.r00000": [
      "ribo/babylon7:Q005388.61.2"
    ],
    "qpn.r00004": [
      "ribo/babylon7:Q005388.24.4",
      "ribo/babylon7:Q005388.30.4"
    ],
    "qpn.r00005": [
      "ribo/babylon7:Q005388.24.6",
      "ribo/babylon7:Q005388.30.6"
    ],
    "qpn.r00006": [
      "ribo/babylon7:Q005363.28.2"
    ],
    "qpn.r00001": [
      "ribo/babylon7:Q005360.5.1",
      "ribo/babylon7:Q005361.4.1",
      "ribo/babylon7:Q005362.43.1",
      "ribo/babylon7:Q005362.86.2"
    ],
    "qpn.r00002": [
      "ribo/babylon7:Q005388.24.3",
      "ribo/babylon7:Q005388.30.3"
    ],
    "qpn.r00003": [
      "ribo/babylon7:Q005388.24.2",
      "ribo/babylon7:Q005388.30.2"
    ],
    "qpn.r00000.p.s000": [
      "ribo/babylon7:Q005388.61.2"
    ],
    "qpn.r00004.p.s000": [
      "ribo/babylon7:Q005388.24.4",
      "ribo/babylon7:Q005388.30.4"
    ],
    "qpn.r00005.p.s000": [
      "ribo/babylon7:Q005388.24.6",
      "ribo/babylon7:Q005388.30.6"
    ],
    "qpn.r00006.p.s000": [
      "ribo/babylon7:Q005363.28.2"
    ],
    "qpn.r00001.p.s000": [
      "ribo/babylon7:Q005360.5.1",
      "ribo/babylon7:Q005361.4.1",
      "ribo/babylon7:Q005362.43.1",
      "ribo/babylon7:Q005362.86.2"
    ],
    "qpn.r00002.p.s000": [
      "ribo/babylon7:Q005388.24.3",
      "ribo/babylon7:Q005388.30.3"
    ],
    "qpn.r00003.p.s000": [
      "ribo/babylon7:Q005388.24.2",
      "ribo/babylon7:Q005388.30.2"
    ]
  }
}
