{
  "type": "cdl",
  "source": "http://oracc.org/ribo/babylon7",
  "license": "This data is released under the CC0 license",
  "license-url": "https://creativecommons.org/publicdomain/zero/1.0/",
  "more-info": "http://oracc.org/doc/opendata/",
  "UTC-timestamp": "2017-06-10T00:14:50",
  "project": "ribo/babylon7",
  "textid": "Q005372",
  "cdl": [
    {
      "node": "c",
      "type": "text",
      "id": "Q005372.U0",
      "cdl": [
        {
          "node": "d",
          "type": "object",
          "ref": ""
        },
        {
          "node": "d",
          "type": "surface",
          "ref": ""
        },
        {
          "node": "d",
          "subtype": "column 1",
          "type": "column",
          "ref": "Q005372.i.1",
          "n": "1",
          "label": "i"
        },
        {
          "node": "c",
          "type": "discourse",
          "subtype": "body",
          "id": "Q005372.U1",
          "cdl": [
            {
              "node": "c",
              "type": "sentence",
              "id": "Q005372.U2",
              "label": "i 1 - ii 14",
              "cdl": [
                {
                  "node": "d",
                  "type": "line-start",
                  "ref": "Q005372.2",
                  "n": "1",
                  "label": "i 1"
                },
                {
                  "node": "l",
                  "frag": "{d}na-bi-um-IBILA-u₂-ṣu-ur₂",
                  "id": "Q005372.l0060b",
                  "ref": "Q005372.2.1",
                  "inst": "Nabium-apla-uṣur[Nabopolassar, king of Babylon]RN",
                  "sig": "@ribo/babylon7%akk:{d}na-bi-um-IBILA-u₂-ṣu-ur₂=Nabu-apla-uṣur[Nabopolassar, king of Babylon//Nabopolassar, king of Babylon]RN'RN$Nabium-apla-uṣur",
                  "f": {
                    "lang": "akk",
                    "form": "{d}na-bi-um-IBILA-u₂-ṣu-ur₂",
                    "cf": "Nabu-apla-uṣur",
                    "gw": "Nabopolassar, king of Babylon",
                    "sense": "Nabopolassar, king of Babylon",
                    "norm": "Nabium-apla-uṣur",
                    "pos": "RN",
                    "epos": "RN"
                  }
                },
                {
                  "node": "d",
                  "type": "line-start",
                  "ref": "Q005372.3",
                  "n": "2",
                  "label": "i 2"
                },
                {
                  "node": "l",
                  "frag": "LUGAL",
                  "id": "Q005372.l0060c",
                  "ref": "Q005372.3.1",
                  "inst": "šar[king]N",
                  "sig": "@ribo/babylon7%akk:LUGAL=šarru[king//king]N'N$šar",
                  "f": {
                    "lang": "akk",
                    "form": "LUGAL",
                    "cf": "šarru",
                    "gw": "king",
                    "sense": "king",
                    "norm": "šar",
                    "pos": "N",
                    "epos": "N"
                  }
                },
                {
                  "node": "l",
                  "frag": "KA₂.DINGIR.RA{ki}",
                  "id": "Q005372.l0060d",
                  "ref": "Q005372.3.2",
                  "inst": "Babili[Babylon]SN",
                  "sig": "@ribo/babylon7%akk:KA₂.DINGIR.RA{KI}=Babili[Babylon//Babylon]SN'SN$Babili",
                  "f": {
                    "lang": "akk",
                    "form": "KA₂.DINGIR.RA{KI}",
                    "cf": "Babili",
                    "gw": "Babylon",
                    "sense": "Babylon",
                    "norm": "Babili",
                    "pos": "SN",
                    "epos": "SN"
                  }
                },
                {
                  "node": "d",
                  "type": "line-start",
                  "ref": "Q005372.4",
                  "n": "3",
                  "label": "i 3"
                },
                {
                  "node": "l",
                  "frag": "ti-ri-iṣ",
                  "id": "Q005372.l0060e",
                  "ref": "Q005372.4.1",
                  "inst": "tiriṣ[protégé]N",
                  "sig": "@ribo/babylon7%akk:ti-ri-iṣ=terṣu[pointing//protégé]N'N$tiriṣ",
                  "f": {
                    "lang": "akk",
                    "form": "ti-ri-iṣ",
                    "cf": "terṣu",
                    "gw": "pointing",
                    "sense": "protégé",
                    "norm": "tiriṣ",
                    "pos": "N",
                    "epos": "N"
                  }
                },
                {
                  "node": "l",
                  "frag": "qa₂-at",
                  "id": "Q005372.l0060f",
                  "ref": "Q005372.4.2",
                  "inst": "qātu[hand]$qāt",
                  "sig": "@ribo/babylon7%akk:qa₂-at=qātu[hand//hand]N'N$qāt",
                  "f": {
                    "lang": "akk",
                    "form": "qa₂-at",
                    "cf": "qātu",
                    "gw": "hand",
                    "sense": "hand",
                    "norm": "qāt",
                    "pos": "N",
                    "epos": "N"
                  }
                },
                {
                  "node": "l",
                  "frag": "{d}na-bi-um",
                  "id": "Q005372.l00610",
                  "ref": "Q005372.4.3",
                  "inst": "Nabium[1]DN",
                  "sig": "@ribo/babylon7%akk:{d}na-bi-um=Nabu[1//1]DN'DN$Nabium",
                  "f": {
                    "lang": "akk",
                    "form": "{d}na-bi-um",
                    "cf": "Nabu",
                    "gw": "1",
                    "sense": "1",
                    "norm": "Nabium",
                    "pos": "DN",
                    "epos": "DN"
                  }
                },
                {
                  "node": "d",
                  "type": "line-start",
                  "ref": "Q005372.5",
                  "n": "4",
                  "label": "i 4"
                },
                {
                  "node": "l",
                  "frag": "u₃",
                  "id": "Q005372.l00611",
                  "ref": "Q005372.5.1",
                  "inst": "u[and]CNJ",
                  "sig": "@ribo/babylon7%akk:u₃=u[and//and]CNJ'CNJ$u",
                  "f": {
                    "lang": "akk",
                    "form": "u₃",
                    "cf": "u",
                    "gw": "and",
                    "sense": "and",
                    "norm": "u",
                    "pos": "CNJ",
                    "epos": "CNJ"
                  }
                },
                {
                  "node": "l",
                  "frag": "{d}AMAR.UTU",
                  "id": "Q005372.l00612",
                  "ref": "Q005372.5.2",
                  "inst": "Marduk[1]DN",
                  "sig": "@ribo/babylon7%akk:{d}AMAR.UTU=Marduk[god of Babylon//1]DN'DN$Marduk",
                  "f": {
                    "lang": "akk",
                    "form": "{d}AMAR.UTU",
                    "cf": "Marduk",
                    "gw": "god of Babylon",
                    "sense": "1",
                    "norm": "Marduk",
                    "pos": "DN",
                    "epos": "DN"
                  }
                },
                {
                  "node": "l",
                  "frag": "a-na-ku",
                  "id": "Q005372.l00613",
                  "ref": "Q005372.5.3",
                  "inst": "anāku[I]IP",
                  "sig": "@ribo/babylon7%akk:a-na-ku=anāku[I//I]IP'IP$anāku",
                  "f": {
                    "lang": "akk",
                    "form": "a-na-ku",
                    "cf": "anāku",
                    "gw": "I",
                    "sense": "I",
                    "norm": "anāku",
                    "pos": "IP",
                    "epos": "IP"
                  }
                },
                {
                  "node": "d",
                  "type": "line-start",
                  "ref": "Q005372.6",
                  "n": "5",
                  "label": "i 5"
                },
                {
                  "node": "l",
                  "frag": "i₃-nu",
                  "id": "Q005372.l00614",
                  "ref": "Q005372.6.1",
                  "inst": "inu[when]SBJ$",
                  "sig": "@ribo/babylon7%akk:i₃-nu=inu[when//when]SBJ'SBJ$inu",
                  "f": {
                    "lang": "akk",
                    "form": "i₃-nu",
                    "cf": "inu",
                    "gw": "when",
                    "sense": "when",
                    "norm": "inu",
                    "pos": "SBJ",
                    "epos": "SBJ"
                  }
                },
                {
                  "node": "l",
                  "frag": "{d}AMAR.UTU",
                  "id": "Q005372.l00615",
                  "ref": "Q005372.6.2",
                  "inst": "Marduk[1]DN",
                  "sig": "@ribo/babylon7%akk:{d}AMAR.UTU=Marduk[god of Babylon//1]DN'DN$Marduk",
                  "f": {
                    "lang": "akk",
                    "form": "{d}AMAR.UTU",
                    "cf": "Marduk",
                    "gw": "god of Babylon",
                    "sense": "1",
                    "norm": "Marduk",
                    "pos": "DN",
                    "epos": "DN"
                  }
                },
                {
                  "node": "l",
                  "frag": "EN",
                  "id": "Q005372.l00616",
                  "ref": "Q005372.6.3",
                  "inst": "bēlu[lord]N",
                  "sig": "@ribo/babylon7%akk:EN=bēlu[lord//lord]N'N$bēlu",
                  "f": {
                    "lang": "akk",
                    "form": "EN",
                    "cf": "bēlu",
                    "gw": "lord",
                    "sense": "lord",
                    "norm": "bēlu",
                    "pos": "N",
                    "epos": "N"
                  }
                },
                {
                  "node": "l",
                  "frag": "GAL-u₂",
                  "id": "Q005372.l00617",
                  "ref": "Q005372.6.4",
                  "inst": "rabû[great]AJ",
                  "sig": "@ribo/babylon7%akk:GAL-u₂=rabû[great//great]AJ'AJ$rabû",
                  "f": {
                    "lang": "akk",
                    "form": "GAL-u₂",
                    "cf": "rabû",
                    "gw": "great",
                    "sense": "great",
                    "norm": "rabû",
                    "pos": "AJ",
                    "epos": "AJ"
                  }
                },
                {
                  "node": "d",
                  "type": "line-start",
                  "ref": "Q005372.7",
                  "n": "6",
                  "label": "i 6"
                },
                {
                  "node": "l",
                  "frag": "a-na",
                  "id": "Q005372.l00618",
                  "ref": "Q005372.7.1",
                  "inst": "ana[to]PRP",
                  "sig": "@ribo/babylon7%akk:a-na=ana[to//to]PRP'PRP$ana",
                  "f": {
                    "lang": "akk",
                    "form": "a-na",
                    "cf": "ana",
                    "gw": "to",
                    "sense": "to",
                    "norm": "ana",
                    "pos": "PRP",
                    "epos": "PRP"
                  }
                },
                {
                  "node": "l",
                  "frag": "za-na-an",
                  "id": "Q005372.l00619",
                  "ref": "Q005372.7.2",
                  "inst": "zanānu[provision//provisioning]V'N$zanān",
                  "sig": "@ribo/babylon7%akk:za-na-an=zanānu[provision//provisioning]V'N$zanān",
                  "f": {
                    "lang": "akk",
                    "form": "za-na-an",
                    "cf": "zanānu",
                    "gw": "provision",
                    "sense": "provisioning",
                    "norm": "zanān",
                    "pos": "V",
                    "epos": "N"
                  }
                },
                {
                  "node": "l",
                  "frag": "ma-ha-zi",
                  "id": "Q005372.l0061a",
                  "ref": "Q005372.7.3",
                  "inst": "māhāzī[cult centre]N",
                  "sig": "@ribo/babylon7%akk:ma-ha-zi=māhāzu[shrine//cult centre]N'N$māhāzī",
                  "f": {
                    "lang": "akk",
                    "form": "ma-ha-zi",
                    "cf": "māhāzu",
                    "gw": "shrine",
                    "sense": "cult centre",
                    "norm": "māhāzī",
                    "pos": "N",
                    "epos": "N"
                  }
                },
                {
                  "node": "d",
                  "type": "line-start",
                  "ref": "Q005372.8",
                  "n": "7",
                  "label": "i 7"
                },
                {
                  "node": "l",
                  "frag": "ud-du-šu",
                  "id": "Q005372.l0061b",
                  "ref": "Q005372.8.1",
                  "inst": "uddušu[renovating]'N",
                  "sig": "@ribo/babylon7%akk:ud-du-šu=edēšu[be(come) new//renovating]V'N$uddušu",
                  "f": {
                    "lang": "akk",
                    "form": "ud-du-šu",
                    "cf": "edēšu",
                    "gw": "be(come) new",
                    "sense": "renovating",
                    "norm": "uddušu",
                    "pos": "V",
                    "epos": "N"
                  }
                },
                {
                  "node": "l",
                  "frag": "eš-re-e-ti",
                  "id": "Q005372.l0061c",
                  "ref": "Q005372.8.2",
                  "inst": "ešrēti[shrine]N",
                  "sig": "@ribo/babylon7%akk:eš-re-e-ti=ešertu[chapel//shrine]N'N$ešrēti",
                  "f": {
                    "lang": "akk",
                    "form": "eš-re-e-ti",
                    "cf": "ešertu",
                    "gw": "chapel",
                    "sense": "shrine",
                    "norm": "ešrēti",
                    "pos": "N",
                    "epos": "N"
                  }
                },
                {
                  "node": "d",
                  "type": "line-start",
                  "ref": "Q005372.9",
                  "n": "8",
                  "label": "i 8"
                },
                {
                  "node": "l",
                  "frag": "ur₂-ta-šu",
                  "id": "Q005372.l0061d",
                  "ref": "Q005372.9.1",
                  "inst": "wuʾʾurtu[commission//command]N'N$ûrtašu",
                  "sig": "@ribo/babylon7%akk:ur₂-ta-šu=wuʾʾurtu[commission//command]N'N$ûrtašu",
                  "f": {
                    "lang": "akk",
                    "form": "ur₂-ta-šu",
                    "cf": "wuʾʾurtu",
                    "gw": "commission",
                    "sense": "command",
                    "norm": "ûrtašu",
                    "pos": "N",
                    "epos": "N"
                  }
                },
                {
                  "node": "l",
                  "frag": "ka-bi-it-ti",
                  "id": "Q005372.l0061e",
                  "ref": "Q005372.9.2",
                  "inst": "kabtu[heavy//important]AJ'AJ$kabitti",
                  "sig": "@ribo/babylon7%akk:ka-bi-it-ti=kabtu[heavy//important]AJ'AJ$kabitti",
                  "f": {
                    "lang": "akk",
                    "form": "ka-bi-it-ti",
                    "cf": "kabtu",
                    "gw": "heavy",
                    "sense": "important",
                    "norm": "kabitti",
                    "pos": "AJ",
                    "epos": "AJ"
                  }
                },
                {
                  "node": "d",
                  "type": "line-start",
                  "ref": "Q005372.10",
                  "n": "9",
                  "label": "i 9"
                },
                {
                  "node": "l",
                  "frag": "u₂-ma-ʾi-i-ra-an-ni",
                  "id": "Q005372.l0061f",
                  "ref": "Q005372.10.1",
                  "inst": "wâru[go (up to)//commission]V'V$$umaʾʾiranni",
                  "sig": "@ribo/babylon7%akk:u₂-ma-ʾi-i-ra-an-ni=wâru[go (up to)//commission]V'V$umaʾʾiranni",
                  "f": {
                    "lang": "akk",
                    "form": "u₂-ma-ʾi-i-ra-an-ni",
                    "cf": "wâru",
                    "gw": "go (up to)",
                    "sense": "commission",
                    "norm": "umaʾʾiranni",
                    "pos": "V",
                    "epos": "V"
                  }
                },
                {
                  "node": "d",
                  "type": "line-start",
                  "ref": "Q005372.11",
                  "n": "10",
                  "label": "i 10"
                },
                {
                  "node": "l",
                  "frag": "i₃-nu-mi-šu-um",
                  "id": "Q005372.l00620",
                  "ref": "Q005372.11.1",
                  "inst": "inūmīšu[in those days//then]AV'AV$inūmīšum",
                  "sig": "@ribo/babylon7%akk:i₃-nu-mi-šu-um=inūmīšu[in those days//then]AV'AV$inūmīšum",
                  "f": {
                    "lang": "akk",
                    "form": "i₃-nu-mi-šu-um",
                    "cf": "inūmīšu",
                    "gw": "in those days",
                    "sense": "then",
                    "norm": "inūmīšum",
                    "pos": "AV",
                    "epos": "AV"
                  }
                },
                {
                  "node": "d",
                  "type": "line-start",
                  "ref": "Q005372.12",
                  "n": "11",
                  "label": "i 11"
                },
                {
                  "node": "l",
                  "frag": "ZIMBIR{ki}",
                  "id": "Q005372.l00621",
                  "ref": "Q005372.12.1",
                  "inst": "Sippar[1]SN",
                  "sig": "@ribo/babylon7%akk:ZIMBIR{KI}=Sippar[1//1]SN'SN$Sippar",
                  "f": {
                    "lang": "akk",
                    "form": "ZIMBIR{KI}",
                    "cf": "Sippar",
                    "gw": "1",
                    "sense": "1",
                    "norm": "Sippar",
                    "pos": "SN",
                    "epos": "SN"
                  }
                },
                {
                  "node": "d",
                  "type": "line-start",
                  "ref": "Q005372.13",
                  "n": "12",
                  "label": "i 12"
                },
                {
                  "node": "l",
                  "frag": "ma-ha-zi",
                  "id": "Q005372.l00622",
                  "ref": "Q005372.13.1",
                  "inst": "māhāzi[cult centre]N",
                  "sig": "@ribo/babylon7%akk:ma-ha-zi=māhāzu[shrine//cult centre]N'N$māhāzi",
                  "f": {
                    "lang": "akk",
                    "form": "ma-ha-zi",
                    "cf": "māhāzu",
                    "gw": "shrine",
                    "sense": "cult centre",
                    "norm": "māhāzi",
                    "pos": "N",
                    "epos": "N"
                  }
                },
                {
                  "node": "l",
                  "frag": "ṣi₂-i-ri",
                  "id": "Q005372.l00623",
                  "ref": "Q005372.13.2",
                  "inst": "ṣīru[exalted]AJ$ṣīri",
                  "sig": "@ribo/babylon7%akk:ṣi₂-i-ri=ṣīru[exalted//exalted]AJ'AJ$ṣīri",
                  "f": {
                    "lang": "akk",
                    "form": "ṣi₂-i-ri",
                    "cf": "ṣīru",
                    "gw": "exalted",
                    "sense": "exalted",
                    "norm": "ṣīri",
                    "pos": "AJ",
                    "epos": "AJ"
                  }
                },
                {
                  "node": "d",
                  "type": "line-start",
                  "ref": "Q005372.14",
                  "n": "13",
                  "label": "i 13"
                },
                {
                  "node": "l",
                  "frag": "na-ra-am",
                  "id": "Q005372.l00624",
                  "ref": "Q005372.14.1",
                  "inst": "narām[loved one]N",
                  "sig": "@ribo/babylon7%akk:na-ra-am=narāmu[loved one//loved one]N'N$narām",
                  "f": {
                    "lang": "akk",
                    "form": "na-ra-am",
                    "cf": "narāmu",
                    "gw": "loved one",
                    "sense": "loved one",
                    "norm": "narām",
                    "pos": "N",
                    "epos": "N"
                  }
                },
                {
                  "node": "l",
                  "frag": "{d}UTU",
                  "id": "Q005372.l00625",
                  "ref": "Q005372.14.2",
                  "inst": "Šamaš[1]DN",
                  "sig": "@ribo/babylon7%akk:{d}UTU=Šamaš[1//1]DN'DN$Šamaš",
                  "f": {
                    "lang": "akk",
                    "form": "{d}UTU",
                    "cf": "Šamaš",
                    "gw": "1",
                    "sense": "1",
                    "norm": "Šamaš",
                    "pos": "DN",
                    "epos": "DN"
                  }
                },
                {
                  "node": "l",
                  "frag": "u",
                  "id": "Q005372.l00626",
                  "ref": "Q005372.14.3",
                  "inst": "u[and]CNJ",
                  "sig": "@ribo/babylon7%akk:u=u[and//and]CNJ'CNJ$u",
                  "f": {
                    "lang": "akk",
                    "form": "u",
                    "cf": "u",
                    "gw": "and",
                    "sense": "and",
                    "norm": "u",
                    "pos": "CNJ",
                    "epos": "CNJ"
                  }
                },
                {
                  "node": "l",
                  "frag": "{d}a-a",
                  "id": "Q005372.l00627",
                  "ref": "Q005372.14.4",
                  "inst": "Aya[1]DN",
                  "sig": "@ribo/babylon7%akk:{d}a-a=Aya[1//1]DN'DN$Aya",
                  "f": {
                    "lang": "akk",
                    "form": "{d}a-a",
                    "cf": "Aya",
                    "gw": "1",
                    "sense": "1",
                    "norm": "Aya",
                    "pos": "DN",
                    "epos": "DN"
                  }
                },
                {
                  "node": "d",
                  "type": "line-start",
                  "ref": "Q005372.15",
                  "n": "14",
                  "label": "i 14"
                },
                {
                  "node": "l",
                  "frag": "{id₂}BURANUN",
                  "id": "Q005372.l00628",
                  "ref": "Q005372.15.1",
                  "inst": "Purattu[Euphrates]WN$Purattu",
                  "sig": "@ribo/babylon7%akk:{ID₂}BURANUN=Purattu[Euphrates//Euphrates]WN'WN$Purattu",
                  "f": {
                    "lang": "akk",
                    "form": "{ID₂}BURANUN",
                    "cf": "Purattu",
                    "gw": "Euphrates",
                    "sense": "Euphrates",
                    "norm": "Purattu",
                    "pos": "WN",
                    "epos": "WN"
                  }
                },
                {
                  "node": "l",
                  "frag": "is-si-šu-ma",
                  "id": "Q005372.l00629",
                  "ref": "Q005372.15.2",
                  "inst": "nesû[be(come) distant]V$issûšuma",
                  "sig": "@ribo/babylon7%akk:is-si-šu-ma=nesû[be(come) distant//be(come) distant]V'V$issûšuma",
                  "f": {
                    "lang": "akk",
                    "form": "is-si-šu-ma",
                    "cf": "nesû",
                    "gw": "be(come) distant",
                    "sense": "be(come) distant",
                    "norm": "issûšuma",
                    "pos": "V",
                    "epos": "V"
                  }
                },
                {
                  "node": "d",
                  "type": "line-start",
                  "ref": "Q005372.16",
                  "n": "15",
                  "label": "i 15"
                },
                {
                  "node": "l",
                  "frag": "a-na",
                  "id": "Q005372.l0062a",
                  "ref": "Q005372.16.1",
                  "inst": "ana[to]PRP",
                  "sig": "@ribo/babylon7%akk:a-na=ana[to//to]PRP'PRP$ana",
                  "f": {
                    "lang": "akk",
                    "form": "a-na",
                    "cf": "ana",
                    "gw": "to",
                    "sense": "to",
                    "norm": "ana",
                    "pos": "PRP",
                    "epos": "PRP"
                  }
                },
                {
                  "node": "l",
                  "frag": "qu₂-ud-duš",
                  "id": "Q005372.l0062b",
                  "ref": "Q005372.16.2",
                  "inst": "qadāšu[be(come) pure//purifying]V'N$qudduš",
                  "sig": "@ribo/babylon7%akk:qu₂-ud-duš=qadāšu[be(come) pure//purifying]V'N$qudduš",
                  "f": {
                    "lang": "akk",
                    "form": "qu₂-ud-duš",
                    "cf": "qadāšu",
                    "gw": "be(come) pure",
                    "sense": "purifying",
                    "norm": "qudduš",
                    "pos": "V",
                    "epos": "N"
                  }
                },
                {
                  "node": "l",
                  "frag": "be-lu-ti-šu-nu",
                  "id": "Q005372.l0062c",
                  "ref": "Q005372.16.3",
                  "inst": "bēlūtu[rule//lordship]N'N$bēlūtišunu",
                  "sig": "@ribo/babylon7%akk:be-lu-ti-šu-nu=bēlūtu[rule//lordship]N'N$bēlūtišunu",
                  "f": {
                    "lang": "akk",
                    "form": "be-lu-ti-šu-nu",
                    "cf": "bēlūtu",
                    "gw": "rule",
                    "sense": "lordship",
                    "norm": "bēlūtišunu",
                    "pos": "N",
                    "epos": "N"
                  }
                },
                {
                  "node": "d",
                  "type": "line-start",
                  "ref": "Q005372.17",
                  "n": "16",
                  "label": "i 16"
                },
                {
                  "node": "l",
                  "frag": "me-e",
                  "id": "Q005372.l0062d",
                  "ref": "Q005372.17.1",
                  "inst": "mê[water]N",
                  "sig": "@ribo/babylon7%akk:me-e=mû[water//water]N'N$mê",
                  "f": {
                    "lang": "akk",
                    "form": "me-e",
                    "cf": "mû",
                    "gw": "water",
                    "sense": "water",
                    "norm": "mê",
                    "pos": "N",
                    "epos": "N"
                  }
                },
                {
                  "node": "l",
                  "frag": "i-re-e-qu",
                  "id": "Q005372.l0062e",
                  "ref": "Q005372.17.2",
                  "inst": "rêqu[withdraw//recede]V'V$irēqū",
                  "sig": "@ribo/babylon7%akk:i-re-e-qu=rêqu[withdraw//recede]V'V$irēqū",
                  "f": {
                    "lang": "akk",
                    "form": "i-re-e-qu",
                    "cf": "rêqu",
                    "gw": "withdraw",
                    "sense": "recede",
                    "norm": "irēqū",
                    "pos": "V",
                    "epos": "V"
                  }
                },
                {
                  "node": "l",
                  "frag": "a-na",
                  "id": "Q005372.l0062f",
                  "ref": "Q005372.17.3",
                  "inst": "ana[to]PRP",
                  "sig": "@ribo/babylon7%akk:a-na=ana[to//to]PRP'PRP$ana",
                  "f": {
                    "lang": "akk",
                    "form": "a-na",
                    "cf": "ana",
                    "gw": "to",
                    "sense": "to",
                    "norm": "ana",
                    "pos": "PRP",
                    "epos": "PRP"
                  }
                },
                {
                  "node": "l",
                  "frag": "sa-a-bu",
                  "id": "Q005372.l00630",
                  "ref": "Q005372.17.4",
                  "inst": "sâbu[draw//drawing]V'N$sâbu",
                  "sig": "@ribo/babylon7%akk:sa-a-bu=sâbu[draw//drawing]V'N$sâbu",
                  "f": {
                    "lang": "akk",
                    "form": "sa-a-bu",
                    "cf": "sâbu",
                    "gw": "draw",
                    "sense": "drawing",
                    "norm": "sâbu",
                    "pos": "V",
                    "epos": "N"
                  }
                },
                {
                  "node": "d",
                  "type": "line-start",
                  "ref": "Q005372.18",
                  "n": "17",
                  "label": "i 17"
                },
                {
                  "node": "l",
                  "frag": "{d}na-bi-um-IBILA-u₂-ṣu-ur₂",
                  "id": "Q005372.l00631",
                  "ref": "Q005372.18.1",
                  "inst": "Nabium-apla-uṣur[Nabopolassar, king of Babylon]RN",
                  "sig": "@ribo/babylon7%akk:{d}na-bi-um-IBILA-u₂-ṣu-ur₂=Nabu-apla-uṣur[Nabopolassar, king of Babylon//Nabopolassar, king of Babylon]RN'RN$Nabium-apla-uṣur",
                  "f": {
                    "lang": "akk",
                    "form": "{d}na-bi-um-IBILA-u₂-ṣu-ur₂",
                    "cf": "Nabu-apla-uṣur",
                    "gw": "Nabopolassar, king of Babylon",
                    "sense": "Nabopolassar, king of Babylon",
                    "norm": "Nabium-apla-uṣur",
                    "pos": "RN",
                    "epos": "RN"
                  }
                },
                {
                  "node": "d",
                  "subtype": "column 2",
                  "type": "column",
                  "ref": "Q005372.ii.19",
                  "n": "2",
                  "label": "ii"
                },
                {
                  "node": "d",
                  "type": "line-start",
                  "ref": "Q005372.20",
                  "n": "1",
                  "label": "ii 1"
                },
                {
                  "node": "l",
                  "frag": "a₃-aš-ri",
                  "id": "Q005372.l00632",
                  "ref": "Q005372.20.1",
                  "inst": "wašru[submissive one//humble one]N'N$ašri",
                  "sig": "@ribo/babylon7%akk:a₃-aš-ri=wašru[submissive one//humble one]N'N$ašri",
                  "f": {
                    "lang": "akk",
                    "form": "a₃-aš-ri",
                    "cf": "wašru",
                    "gw": "submissive one",
                    "sense": "humble one",
                    "norm": "ašri",
                    "pos": "N",
                    "epos": "N"
                  }
                },
                {
                  "node": "l",
                  "frag": "ša-ah-ṭim",
                  "id": "Q005372.l00633",
                  "ref": "Q005372.20.2",
                  "inst": "šahtu[reverent]N$šahṭim",
                  "sig": "@ribo/babylon7%akk:ša-ah-ṭim=šahtu[reverent//reverent]N'N$šahṭim",
                  "f": {
                    "lang": "akk",
                    "form": "ša-ah-ṭim",
                    "cf": "šahtu",
                    "gw": "reverent",
                    "sense": "reverent",
                    "norm": "šahṭim",
                    "pos": "N",
                    "epos": "N"
                  }
                },
                {
                  "node": "d",
                  "type": "line-start",
                  "ref": "Q005372.21",
                  "n": "2",
                  "label": "ii 2"
                },
                {
                  "node": "l",
                  "frag": "pa-li-ih",
                  "id": "Q005372.l00634",
                  "ref": "Q005372.21.1",
                  "inst": "pālih[one who reveres]N",
                  "sig": "@ribo/babylon7%akk:pa-li-ih=pālihu[one who reveres//one who reveres]N'N$pālih",
                  "f": {
                    "lang": "akk",
                    "form": "pa-li-ih",
                    "cf": "pālihu",
                    "gw": "one who reveres",
                    "sense": "one who reveres",
                    "norm": "pālih",
                    "pos": "N",
                    "epos": "N"
                  }
                },
                {
                  "node": "l",
                  "frag": "i₃-li₂",
                  "id": "Q005372.l00635",
                  "ref": "Q005372.21.2",
                  "inst": "ilu[god]N$ilī",
                  "sig": "@ribo/babylon7%akk:i₃-li₂=ilu[god//god]N'N$ilī",
                  "f": {
                    "lang": "akk",
                    "form": "i₃-li₂",
                    "cf": "ilu",
                    "gw": "god",
                    "sense": "god",
                    "norm": "ilī",
                    "pos": "N",
                    "epos": "N"
                  }
                },
                {
                  "node": "l",
                  "frag": "ia-a-ti",
                  "id": "Q005372.l00636",
                  "ref": "Q005372.21.3",
                  "inst": "yâti[me]IP",
                  "sig": "@ribo/babylon7%akk:ia-a-ti=yâti[me//me]IP'IP$yâti",
                  "f": {
                    "lang": "akk",
                    "form": "ia-a-ti",
                    "cf": "yâti",
                    "gw": "me",
                    "sense": "me",
                    "norm": "yâti",
                    "pos": "IP",
                    "epos": "IP"
                  }
                },
                {
                  "node": "d",
                  "type": "line-start",
                  "ref": "Q005372.22",
                  "n": "3",
                  "label": "ii 3"
                },
                {
                  "node": "l",
                  "frag": "{id₂}BURANUN",
                  "id": "Q005372.l00637",
                  "ref": "Q005372.22.1",
                  "inst": "Purattu[Euphrates]WN$Puratta",
                  "sig": "@ribo/babylon7%akk:{ID₂}BURANUN=Purattu[Euphrates//Euphrates]WN'WN$Puratta",
                  "f": {
                    "lang": "akk",
                    "form": "{ID₂}BURANUN",
                    "cf": "Purattu",
                    "gw": "Euphrates",
                    "sense": "Euphrates",
                    "norm": "Puratta",
                    "pos": "WN",
                    "epos": "WN"
                  }
                },
                {
                  "node": "d",
                  "type": "line-start",
                  "ref": "Q005372.23",
                  "n": "4",
                  "label": "ii 4"
                },
                {
                  "node": "l",
                  "frag": "a-na",
                  "id": "Q005372.l00638",
                  "ref": "Q005372.23.1",
                  "inst": "ana[to]PRP",
                  "sig": "@ribo/babylon7%akk:a-na=ana[to//to]PRP'PRP$ana",
                  "f": {
                    "lang": "akk",
                    "form": "a-na",
                    "cf": "ana",
                    "gw": "to",
                    "sense": "to",
                    "norm": "ana",
                    "pos": "PRP",
                    "epos": "PRP"
                  }
                },
                {
                  "node": "l",
                  "frag": "ZIMBIR{ki}",
                  "id": "Q005372.l00639",
                  "ref": "Q005372.23.2",
                  "inst": "Sippar[1]SN",
                  "sig": "@ribo/babylon7%akk:ZIMBIR{KI}=Sippar[1//1]SN'SN$Sippar",
                  "f": {
                    "lang": "akk",
                    "form": "ZIMBIR{KI}",
                    "cf": "Sippar",
                    "gw": "1",
                    "sense": "1",
                    "norm": "Sippar",
                    "pos": "SN",
                    "epos": "SN"
                  }
                },
                {
                  "node": "d",
                  "type": "line-start",
                  "ref": "Q005372.24",
                  "n": "5",
                  "label": "ii 5"
                },
                {
                  "node": "l",
                  "frag": "lu",
                  "id": "Q005372.l0063a",
                  "ref": "Q005372.24.1",
                  "inst": "lū[may]MOD",
                  "sig": "@ribo/babylon7%akk:lu=lū[may//may]MOD'MOD$lū",
                  "f": {
                    "lang": "akk",
                    "form": "lu",
                    "cf": "lū",
                    "gw": "may",
                    "sense": "may",
                    "norm": "lū",
                    "pos": "MOD",
                    "epos": "MOD"
                  }
                },
                {
                  "node": "l",
                  "frag": "u₂-ša-ah-ra-am-ma",
                  "id": "Q005372.l0063b",
                  "ref": "Q005372.24.2",
                  "inst": "herû[dig//make dig]V'V$ušahrâmma",
                  "sig": "@ribo/babylon7%akk:u₂-ša-ah-ra-am-ma=herû[dig//make dig]V'V$ušahrâmma",
                  "f": {
                    "lang": "akk",
                    "form": "u₂-ša-ah-ra-am-ma",
                    "cf": "herû",
                    "gw": "dig",
                    "sense": "make dig",
                    "norm": "ušahrâmma",
                    "pos": "V",
                    "epos": "V"
                  }
                },
                {
                  "node": "d",
                  "type": "line-start",
                  "ref": "Q005372.25",
                  "n": "6",
                  "label": "ii 6"
                },
                {
                  "node": "l",
                  "frag": "me-e",
                  "id": "Q005372.l0063c",
                  "ref": "Q005372.25.1",
                  "inst": "mê[water]N",
                  "sig": "@ribo/babylon7%akk:me-e=mû[water//water]N'N$mê",
                  "f": {
                    "lang": "akk",
                    "form": "me-e",
                    "cf": "mû",
                    "gw": "water",
                    "sense": "water",
                    "norm": "mê",
                    "pos": "N",
                    "epos": "N"
                  }
                },
                {
                  "node": "l",
                  "frag": "nu-uh₂-ši",
                  "id": "Q005372.l0063d",
                  "ref": "Q005372.25.2",
                  "inst": "nuhšu[abundance]N$nuhši",
                  "sig": "@ribo/babylon7%akk:nu-uh₂-ši=nuhšu[abundance//abundance]N'N$nuhši",
                  "f": {
                    "lang": "akk",
                    "form": "nu-uh₂-ši",
                    "cf": "nuhšu",
                    "gw": "abundance",
                    "sense": "abundance",
                    "norm": "nuhši",
                    "pos": "N",
                    "epos": "N"
                  }
                },
                {
                  "node": "l",
                  "frag": "el-lu-tim",
                  "id": "Q005372.l0063e",
                  "ref": "Q005372.25.3",
                  "inst": "ellu[pure]AJ$ellūtim",
                  "sig": "@ribo/babylon7%akk:el-lu-tim=ellu[pure//pure]AJ'AJ$ellūtim",
                  "f": {
                    "lang": "akk",
                    "form": "el-lu-tim",
                    "cf": "ellu",
                    "gw": "pure",
                    "sense": "pure",
                    "norm": "ellūtim",
                    "pos": "AJ",
                    "epos": "AJ"
                  }
                },
                {
                  "node": "d",
                  "type": "line-start",
                  "ref": "Q005372.26",
                  "n": "7",
                  "label": "ii 7"
                },
                {
                  "node": "l",
                  "frag": "a-na",
                  "id": "Q005372.l0063f",
                  "ref": "Q005372.26.1",
                  "inst": "ana[to]PRP",
                  "sig": "@ribo/babylon7%akk:a-na=ana[to//to]PRP'PRP$ana",
                  "f": {
                    "lang": "akk",
                    "form": "a-na",
                    "cf": "ana",
                    "gw": "to",
                    "sense": "to",
                    "norm": "ana",
                    "pos": "PRP",
                    "epos": "PRP"
                  }
                },
                {
                  "node": "l",
                  "frag": "{d}UTU",
                  "id": "Q005372.l00640",
                  "ref": "Q005372.26.2",
                  "inst": "Šamaš[1]DN",
                  "sig": "@ribo/babylon7%akk:{d}UTU=Šamaš[1//1]DN'DN$Šamaš",
                  "f": {
                    "lang": "akk",
                    "form": "{d}UTU",
                    "cf": "Šamaš",
                    "gw": "1",
                    "sense": "1",
                    "norm": "Šamaš",
                    "pos": "DN",
                    "epos": "DN"
                  }
                },
                {
                  "node": "l",
                  "frag": "EN-ia",
                  "id": "Q005372.l00641",
                  "ref": "Q005372.26.3",
                  "inst": "bēliya[lord]N",
                  "sig": "@ribo/babylon7%akk:EN-ia=bēlu[lord//lord]N'N$bēliya",
                  "f": {
                    "lang": "akk",
                    "form": "EN-ia",
                    "cf": "bēlu",
                    "gw": "lord",
                    "sense": "lord",
                    "norm": "bēliya",
                    "pos": "N",
                    "epos": "N"
                  }
                },
                {
                  "node": "d",
                  "type": "line-start",
                  "ref": "Q005372.27",
                  "n": "8",
                  "label": "ii 8"
                },
                {
                  "node": "l",
                  "frag": "lu",
                  "id": "Q005372.l00642",
                  "ref": "Q005372.27.1",
                  "inst": "lū[may]MOD",
                  "sig": "@ribo/babylon7%akk:lu=lū[may//may]MOD'MOD$lū",
                  "f": {
                    "lang": "akk",
                    "form": "lu",
                    "cf": "lū",
                    "gw": "may",
                    "sense": "may",
                    "norm": "lū",
                    "pos": "MOD",
                    "epos": "MOD"
                  }
                },
                {
                  "node": "l",
                  "frag": "u₂-ki-in",
                  "id": "Q005372.l00643",
                  "ref": "Q005372.27.2",
                  "inst": "ukīn[establish firmly]V",
                  "sig": "@ribo/babylon7%akk:u₂-ki-in=kânu[be(come) permanent//establish firmly]V'V$ukīn",
                  "f": {
                    "lang": "akk",
                    "form": "u₂-ki-in",
                    "cf": "kânu",
                    "gw": "be(come) permanent",
                    "sense": "establish firmly",
                    "norm": "ukīn",
                    "pos": "V",
                    "epos": "V"
                  }
                },
                {
                  "node": "d",
                  "type": "line-start",
                  "ref": "Q005372.28",
                  "n": "9",
                  "label": "ii 9"
                },
                {
                  "node": "l",
                  "frag": "ki-bi-ir",
                  "id": "Q005372.l00644",
                  "ref": "Q005372.28.1",
                  "inst": "kibru[bank]N$kibir",
                  "sig": "@ribo/babylon7%akk:ki-bi-ir=kibru[bank//bank]N'N$kibir",
                  "f": {
                    "lang": "akk",
                    "form": "ki-bi-ir",
                    "cf": "kibru",
                    "gw": "bank",
                    "sense": "bank",
                    "norm": "kibir",
                    "pos": "N",
                    "epos": "N"
                  }
                },
                {
                  "node": "l",
                  "frag": "ID₂",
                  "id": "Q005372.l00645",
                  "ref": "Q005372.28.2",
                  "inst": "nāri[river]N",
                  "sig": "@ribo/babylon7%akk:ID₂=nāru[river//river]N'N$nāri",
                  "f": {
                    "lang": "akk",
                    "form": "ID₂",
                    "cf": "nāru",
                    "gw": "river",
                    "sense": "river",
                    "norm": "nāri",
                    "pos": "N",
                    "epos": "N"
                  }
                },
                {
                  "node": "l",
                  "frag": "šu-a-ti",
                  "id": "Q005372.l00646",
                  "ref": "Q005372.28.3",
                  "inst": "šuāti[that]IP",
                  "sig": "@ribo/babylon7%akk:šu-a-ti=šuāti[him//that]IP'IP$šuāti",
                  "f": {
                    "lang": "akk",
                    "form": "šu-a-ti",
                    "cf": "šuāti",
                    "gw": "him",
                    "sense": "that",
                    "norm": "šuāti",
                    "pos": "IP",
                    "epos": "IP"
                  }
                },
                {
                  "node": "d",
                  "type": "line-start",
                  "ref": "Q005372.29",
                  "n": "10",
                  "label": "ii 10"
                },
                {
                  "node": "l",
                  "frag": "i-na",
                  "id": "Q005372.l00647",
                  "ref": "Q005372.29.1",
                  "inst": "ina[with]PRP",
                  "sig": "@ribo/babylon7%akk:i-na=ina[in//with]PRP'PRP$ina",
                  "f": {
                    "lang": "akk",
                    "form": "i-na",
                    "cf": "ina",
                    "gw": "in",
                    "sense": "with",
                    "norm": "ina",
                    "pos": "PRP",
                    "epos": "PRP"
                  }
                },
                {
                  "node": "l",
                  "frag": "ESIR₂.UD.DU.A",
                  "id": "Q005372.l00648",
                  "ref": "Q005372.29.2",
                  "inst": "kupru[bitumen]N$kupri",
                  "sig": "@ribo/babylon7%akk:ESIR₂.UD.DU.A=kupru[bitumen//bitumen]N'N$kupri",
                  "f": {
                    "lang": "akk",
                    "form": "ESIR₂.UD.DU.A",
                    "cf": "kupru",
                    "gw": "bitumen",
                    "sense": "bitumen",
                    "norm": "kupri",
                    "pos": "N",
                    "epos": "N"
                  }
                },
                {
                  "node": "l",
                  "frag": "u",
                  "id": "Q005372.l00649",
                  "ref": "Q005372.29.3",
                  "inst": "u[and]CNJ",
                  "sig": "@ribo/babylon7%akk:u=u[and//and]CNJ'CNJ$u",
                  "f": {
                    "lang": "akk",
                    "form": "u",
                    "cf": "u",
                    "gw": "and",
                    "sense": "and",
                    "norm": "u",
                    "pos": "CNJ",
                    "epos": "CNJ"
                  }
                },
                {
                  "node": "l",
                  "frag": "a-gur-ri",
                  "id": "Q005372.l0064a",
                  "ref": "Q005372.29.4",
                  "inst": "agurri[baked brick]N",
                  "sig": "@ribo/babylon7%akk:a-gur-ri=agurru[baked brick//baked brick]N'N$agurri",
                  "f": {
                    "lang": "akk",
                    "form": "a-gur-ri",
                    "cf": "agurru",
                    "gw": "baked brick",
                    "sense": "baked brick",
                    "norm": "agurri",
                    "pos": "N",
                    "epos": "N"
                  }
                },
                {
                  "node": "d",
                  "type": "line-start",
                  "ref": "Q005372.30",
                  "n": "11",
                  "label": "ii 11"
                },
                {
                  "node": "l",
                  "frag": "lu",
                  "id": "Q005372.l0064b",
                  "ref": "Q005372.30.1",
                  "inst": "lū[may]MOD",
                  "sig": "@ribo/babylon7%akk:lu=lū[may//may]MOD'MOD$lū",
                  "f": {
                    "lang": "akk",
                    "form": "lu",
                    "cf": "lū",
                    "gw": "may",
                    "sense": "may",
                    "norm": "lū",
                    "pos": "MOD",
                    "epos": "MOD"
                  }
                },
                {
                  "node": "l",
                  "frag": "u₂-ša-ar-ši-id-ma",
                  "id": "Q005372.l0064c",
                  "ref": "Q005372.30.2",
                  "inst": "rašādu[found//fasten securely]V'V$ušaršidma",
                  "sig": "@ribo/babylon7%akk:u₂-ša-ar-ši-id-ma=rašādu[found//fasten securely]V'V$ušaršidma",
                  "f": {
                    "lang": "akk",
                    "form": "u₂-ša-ar-ši-id-ma",
                    "cf": "rašādu",
                    "gw": "found",
                    "sense": "fasten securely",
                    "norm": "ušaršidma",
                    "pos": "V",
                    "epos": "V"
                  }
                },
                {
                  "node": "d",
                  "type": "line-start",
                  "ref": "Q005372.31",
                  "n": "12",
                  "label": "ii 12"
                },
                {
                  "node": "l",
                  "frag": "a-na",
                  "id": "Q005372.l0064d",
                  "ref": "Q005372.31.1",
                  "inst": "ana[to]PRP",
                  "sig": "@ribo/babylon7%akk:a-na=ana[to//to]PRP'PRP$ana",
                  "f": {
                    "lang": "akk",
                    "form": "a-na",
                    "cf": "ana",
                    "gw": "to",
                    "sense": "to",
                    "norm": "ana",
                    "pos": "PRP",
                    "epos": "PRP"
                  }
                },
                {
                  "node": "l",
                  "frag": "{d}UTU",
                  "id": "Q005372.l0064e",
                  "ref": "Q005372.31.2",
                  "inst": "Šamaš[1]DN",
                  "sig": "@ribo/babylon7%akk:{d}UTU=Šamaš[1//1]DN'DN$Šamaš",
                  "f": {
                    "lang": "akk",
                    "form": "{d}UTU",
                    "cf": "Šamaš",
                    "gw": "1",
                    "sense": "1",
                    "norm": "Šamaš",
                    "pos": "DN",
                    "epos": "DN"
                  }
                },
                {
                  "node": "l",
                  "frag": "EN-ia",
                  "id": "Q005372.l0064f",
                  "ref": "Q005372.31.3",
                  "inst": "bēliya[lord]N",
                  "sig": "@ribo/babylon7%akk:EN-ia=bēlu[lord//lord]N'N$bēliya",
                  "f": {
                    "lang": "akk",
                    "form": "EN-ia",
                    "cf": "bēlu",
                    "gw": "lord",
                    "sense": "lord",
                    "norm": "bēliya",
                    "pos": "N",
                    "epos": "N"
                  }
                },
                {
                  "node": "d",
                  "type": "line-start",
                  "ref": "Q005372.32",
                  "n": "13",
                  "label": "ii 13"
                },
                {
                  "node": "l",
                  "frag": "KAR",
                  "id": "Q005372.l00650",
                  "ref": "Q005372.32.1",
                  "inst": "kār[quay]N",
                  "sig": "@ribo/babylon7%akk:KAR=kāru[quay//quay]N'N$kār",
                  "f": {
                    "lang": "akk",
                    "form": "KAR",
                    "cf": "kāru",
                    "gw": "quay",
                    "sense": "quay",
                    "norm": "kār",
                    "pos": "N",
                    "epos": "N"
                  }
                },
                {
                  "node": "l",
                  "frag": "šu-ul-mi-im",
                  "id": "Q005372.l00651",
                  "ref": "Q005372.32.2",
                  "inst": "šulmu[completeness]N$šulmim",
                  "sig": "@ribo/babylon7%akk:šu-ul-mi-im=šulmu[completeness//completeness]N'N$šulmim",
                  "f": {
                    "lang": "akk",
                    "form": "šu-ul-mi-im",
                    "cf": "šulmu",
                    "gw": "completeness",
                    "sense": "completeness",
                    "norm": "šulmim",
                    "pos": "N",
                    "epos": "N"
                  }
                },
                {
                  "node": "d",
                  "type": "line-start",
                  "ref": "Q005372.33",
                  "n": "14",
                  "label": "ii 14"
                },
                {
                  "node": "l",
                  "frag": "lu",
                  "id": "Q005372.l00652",
                  "ref": "Q005372.33.1",
                  "inst": "lū[may]MOD",
                  "sig": "@ribo/babylon7%akk:lu=lū[may//may]MOD'MOD$lū",
                  "f": {
                    "lang": "akk",
                    "form": "lu",
                    "cf": "lū",
                    "gw": "may",
                    "sense": "may",
                    "norm": "lū",
                    "pos": "MOD",
                    "epos": "MOD"
                  }
                },
                {
                  "node": "l",
                  "frag": "u₂-um-mi-id",
                  "id": "Q005372.l00653",
                  "ref": "Q005372.33.2",
                  "inst": "emēdu[lean on//install]V'V$ummid",
                  "sig": "@ribo/babylon7%akk:u₂-um-mi-id=emēdu[lean on//install]V'V$ummid",
                  "f": {
                    "lang": "akk",
                    "form": "u₂-um-mi-id",
                    "cf": "emēdu",
                    "gw": "lean on",
                    "sense": "install",
                    "norm": "ummid",
                    "pos": "V",
                    "epos": "V"
                  }
                }
              ]
            }
          ]
        }
      ]
    }
  ]
}
