{
  "type": "cdl",
  "source": "http://oracc.org/saao/saa15",
  "license": "This data is released under the CC0 license",
  "license-url": "https://creativecommons.org/publicdomain/zero/1.0/",
  "more-info": "http://oracc.org/doc/opendata/",
  "UTC-timestamp": "2017-06-10T00:55:57",
  "project": "saao/saa15",
  "textid": "P313667",
  "cdl": [
    {
      "node": "c",
      "type": "text",
      "id": "P313667.U0",
      "cdl": [
        {
          "node": "d",
          "type": "object",
          "ref": ""
        },
        {
          "node": "d",
          "subtype": "obverse",
          "type": "obverse",
          "ref": "P313667.o.1",
          "label": "o"
        },
        {
          "node": "d",
          "type": "nonx",
          "ref": "P313667.2",
          "strict": "0",
          "extent": "beginning",
          "state": "missing"
        },
        {
          "node": "c",
          "type": "discourse",
          "subtype": "body",
          "id": "P313667.U1",
          "cdl": [
            {
              "node": "c",
              "type": "sentence",
              "id": "P313667.U2",
              "label": "o 1' - r 3",
              "cdl": [
                {
                  "node": "d",
                  "type": "line-start",
                  "ref": "P313667.3",
                  "n": "1'",
                  "label": "o 1'"
                },
                {
                  "node": "l",
                  "frag": "[x",
                  "id": "P313667.l02564",
                  "ref": "P313667.3.1",
                  "inst": "u",
                  "f": {
                    "lang": "akk-x-neoass",
                    "form": "x",
                    "pos": "u"
                  }
                },
                {
                  "node": "l",
                  "frag": "x",
                  "id": "P313667.l02565",
                  "ref": "P313667.3.2",
                  "inst": "u",
                  "f": {
                    "lang": "akk-x-neoass",
                    "form": "x",
                    "pos": "u"
                  }
                },
                {
                  "node": "l",
                  "frag": "x]",
                  "id": "P313667.l02566",
                  "ref": "P313667.3.3",
                  "inst": "u",
                  "f": {
                    "lang": "akk-x-neoass",
                    "form": "x",
                    "pos": "u"
                  }
                },
                {
                  "node": "l",
                  "frag": "⸢x",
                  "id": "P313667.l02567",
                  "ref": "P313667.3.4",
                  "inst": "u",
                  "f": {
                    "lang": "akk-x-neoass",
                    "form": "x",
                    "pos": "u"
                  }
                },
                {
                  "node": "l",
                  "frag": "er⸣-ru\\d-bu",
                  "id": "P313667.l02568",
                  "ref": "P313667.3.5",
                  "inst": "erēbu[enter]V$errubu",
                  "sig": "@saao/saa15%akk-x-neoass:er-ru-bu=erēbu[enter//enter]V'V$errubu",
                  "f": {
                    "lang": "akk-x-neoass",
                    "form": "er-ru-bu",
                    "cf": "erēbu",
                    "gw": "enter",
                    "sense": "enter",
                    "norm": "errubu",
                    "pos": "V",
                    "epos": "V"
                  }
                },
                {
                  "node": "l",
                  "frag": "e-⸢lak⸣",
                  "id": "P313667.l02569",
                  "ref": "P313667.3.6",
                  "inst": "alāku[go]V$ellak",
                  "sig": "@saao/saa15%akk-x-neoass:e-lak=alāku[go//go]V'V$ellak",
                  "f": {
                    "lang": "akk-x-neoass",
                    "form": "e-lak",
                    "cf": "alāku",
                    "gw": "go",
                    "sense": "go",
                    "norm": "ellak",
                    "pos": "V",
                    "epos": "V"
                  }
                },
                {
                  "node": "d",
                  "type": "line-start",
                  "ref": "P313667.4",
                  "n": "2'",
                  "label": "o 2'"
                },
                {
                  "node": "l",
                  "frag": "[dul]-⸢lu⸣",
                  "id": "P313667.l0256a",
                  "ref": "P313667.4.1",
                  "inst": "dullu[work]N",
                  "sig": "@saao/saa15%akk-x-neoass:dul-lu=dullu[trouble//work]N'N$dullu",
                  "f": {
                    "lang": "akk-x-neoass",
                    "form": "dul-lu",
                    "cf": "dullu",
                    "gw": "trouble",
                    "sense": "work",
                    "norm": "dullu",
                    "pos": "N",
                    "epos": "N"
                  }
                },
                {
                  "node": "l",
                  "frag": "ša\\ym",
                  "id": "P313667.l0256b",
                  "ref": "P313667.4.2",
                  "inst": "ša[that]REL",
                  "sig": "@saao/saa15%akk-x-neoass:ša=ša[that//that]REL'REL$ša",
                  "f": {
                    "lang": "akk-x-neoass",
                    "form": "ša",
                    "cf": "ša",
                    "gw": "that",
                    "sense": "that",
                    "norm": "ša",
                    "pos": "REL",
                    "epos": "REL"
                  }
                },
                {
                  "node": "l",
                  "frag": "a-na\\td",
                  "id": "P313667.l0256c",
                  "ref": "P313667.4.3",
                  "inst": "ana[to]PRP",
                  "sig": "@saao/saa15%akk-x-neoass:a-na=ana[to//to]PRP'PRP$ana",
                  "f": {
                    "lang": "akk-x-neoass",
                    "form": "a-na",
                    "cf": "ana",
                    "gw": "to",
                    "sense": "to",
                    "norm": "ana",
                    "pos": "PRP",
                    "epos": "PRP"
                  }
                },
                {
                  "node": "l",
                  "frag": "ZAG",
                  "id": "P313667.l0256d",
                  "ref": "P313667.4.4",
                  "inst": "imitti[right side]N",
                  "sig": "@saao/saa15%akk-x-neoass:ZAG=imittu[right side//right side]N'N$imitti",
                  "f": {
                    "lang": "akk-x-neoass",
                    "form": "ZAG",
                    "cf": "imittu",
                    "gw": "right side",
                    "sense": "right side",
                    "norm": "imitti",
                    "pos": "N",
                    "epos": "N"
                  }
                },
                {
                  "node": "l",
                  "frag": "e-pa-aš₂",
                  "id": "P313667.l0256e",
                  "ref": "P313667.4.5",
                  "inst": "eppaš[do]V",
                  "sig": "@saao/saa15%akk-x-neoass:e-pa-aš₂=epēšu[do//do]V'V$eppaš",
                  "f": {
                    "lang": "akk-x-neoass",
                    "form": "e-pa-aš₂",
                    "cf": "epēšu",
                    "gw": "do",
                    "sense": "do",
                    "norm": "eppaš",
                    "pos": "V",
                    "epos": "V"
                  }
                },
                {
                  "node": "d",
                  "subtype": "bottom",
                  "type": "bottom",
                  "ref": "P313667.b.e..5",
                  "label": "b.e."
                },
                {
                  "node": "d",
                  "type": "line-start",
                  "ref": "P313667.6",
                  "n": "3'",
                  "label": "b.e. 3'"
                },
                {
                  "node": "l",
                  "frag": "[a]-da\\d-na\\td-ka",
                  "id": "P313667.l0256f",
                  "ref": "P313667.6.1",
                  "inst": "tadānu[give]V$addanakka",
                  "sig": "@saao/saa15%akk-x-neoass:a-da-na-ka=tadānu[give//give]V'V$addanakka",
                  "f": {
                    "lang": "akk-x-neoass",
                    "form": "a-da-na-ka",
                    "cf": "tadānu",
                    "gw": "give",
                    "sense": "give",
                    "norm": "addanakka",
                    "pos": "V",
                    "epos": "V"
                  }
                },
                {
                  "node": "l",
                  "frag": "DINGIR-MEŠ\\m-ni",
                  "id": "P313667.l02570",
                  "ref": "P313667.6.2",
                  "inst": "ilāni[god]N",
                  "sig": "@saao/saa15%akk-x-neoass:DINGIR-MEŠ-ni=ilu[god//god]N'N$ilāni",
                  "f": {
                    "lang": "akk-x-neoass",
                    "form": "DINGIR-MEŠ-ni",
                    "cf": "ilu",
                    "gw": "god",
                    "sense": "god",
                    "norm": "ilāni",
                    "pos": "N",
                    "epos": "N"
                  }
                },
                {
                  "node": "d",
                  "type": "line-start",
                  "ref": "P313667.7",
                  "n": "4'",
                  "label": "b.e. 4'"
                },
                {
                  "node": "l",
                  "frag": "⸢ša\\y⸣",
                  "id": "P313667.l02571",
                  "ref": "P313667.7.1",
                  "inst": "ša[of]DET",
                  "sig": "@saao/saa15%akk-x-neoass:ša=ša[of//of]DET'DET$ša",
                  "f": {
                    "lang": "akk-x-neoass",
                    "form": "ša",
                    "cf": "ša",
                    "gw": "of",
                    "sense": "of",
                    "norm": "ša",
                    "pos": "DET",
                    "epos": "DET"
                  }
                },
                {
                  "node": "l",
                  "frag": "LUGAL",
                  "id": "P313667.l02572",
                  "ref": "P313667.7.2",
                  "inst": "šarri[king]N",
                  "sig": "@saao/saa15%akk-x-neoass:LUGAL=šarru[king//king]N'N$šarri",
                  "f": {
                    "lang": "akk-x-neoass",
                    "form": "LUGAL",
                    "cf": "šarru",
                    "gw": "king",
                    "sense": "king",
                    "norm": "šarri",
                    "pos": "N",
                    "epos": "N"
                  }
                },
                {
                  "node": "l",
                  "frag": "EN-a",
                  "id": "P313667.l02573",
                  "ref": "P313667.7.3",
                  "inst": "bēlīya[lord]N",
                  "sig": "@saao/saa15%akk-x-neoass:EN-a=bēlu[lord//lord]N'N$bēlīya",
                  "f": {
                    "lang": "akk-x-neoass",
                    "form": "EN-a",
                    "cf": "bēlu",
                    "gw": "lord",
                    "sense": "lord",
                    "norm": "bēlīya",
                    "pos": "N",
                    "epos": "N"
                  }
                },
                {
                  "node": "l",
                  "frag": "šum₂\\m-mu",
                  "id": "P313667.l02574",
                  "ref": "P313667.7.4",
                  "inst": "šummu[if]MOD",
                  "sig": "@saao/saa15%akk-x-neoass:šum₂-mu=šumma[if//if]MOD'MOD$šummu",
                  "f": {
                    "lang": "akk-x-neoass",
                    "form": "šum₂-mu",
                    "cf": "šumma",
                    "gw": "if",
                    "sense": "if",
                    "norm": "šummu",
                    "pos": "MOD",
                    "epos": "MOD"
                  }
                },
                {
                  "node": "d",
                  "subtype": "reverse",
                  "type": "reverse",
                  "ref": "P313667.r.8",
                  "label": "r"
                },
                {
                  "node": "d",
                  "type": "line-start",
                  "ref": "P313667.9",
                  "n": "1",
                  "label": "r 1"
                },
                {
                  "node": "l",
                  "frag": "a-ki-i",
                  "id": "P313667.l02575",
                  "ref": "P313667.9.1",
                  "inst": "akī[when]'SBJ",
                  "sig": "@saao/saa15%akk-x-neoass:a-ki-i=akī[as//when]PRP'SBJ$akī",
                  "f": {
                    "lang": "akk-x-neoass",
                    "form": "a-ki-i",
                    "cf": "akī",
                    "gw": "as",
                    "sense": "when",
                    "norm": "akī",
                    "pos": "PRP",
                    "epos": "SBJ"
                  }
                },
                {
                  "node": "l",
                  "frag": "a-na\\td",
                  "id": "P313667.l02576",
                  "ref": "P313667.9.2",
                  "inst": "ana[to]PRP",
                  "sig": "@saao/saa15%akk-x-neoass:a-na=ana[to//to]PRP'PRP$ana",
                  "f": {
                    "lang": "akk-x-neoass",
                    "form": "a-na",
                    "cf": "ana",
                    "gw": "to",
                    "sense": "to",
                    "norm": "ana",
                    "pos": "PRP",
                    "epos": "PRP"
                  }
                },
                {
                  "node": "l",
                  "frag": "{uru}ku-lu-man",
                  "id": "P313667.l02577",
                  "ref": "P313667.9.3",
                  "inst": "Kuluman[1]GN",
                  "sig": "@saao/saa15%akk-x-neoass:{URU}ku-lu-man=Kuluman[1//1]GN'GN$Kuluman",
                  "f": {
                    "lang": "akk-x-neoass",
                    "form": "{URU}ku-lu-man",
                    "cf": "Kuluman",
                    "gw": "1",
                    "sense": "1",
                    "norm": "Kuluman",
                    "pos": "GN",
                    "epos": "GN"
                  }
                },
                {
                  "node": "d",
                  "type": "line-start",
                  "ref": "P313667.10",
                  "n": "2",
                  "label": "r 2"
                },
                {
                  "node": "l",
                  "frag": "[al]-⸢lak⸣-u-ni",
                  "id": "P313667.l02578",
                  "ref": "P313667.10.1",
                  "inst": "alāku[go]V$allakūni",
                  "sig": "@saao/saa15%akk-x-neoass:al-lak-u-ni=alāku[go//go]V'V$allakūni",
                  "f": {
                    "lang": "akk-x-neoass",
                    "form": "al-lak-u-ni",
                    "cf": "alāku",
                    "gw": "go",
                    "sense": "go",
                    "norm": "allakūni",
                    "pos": "V",
                    "epos": "V"
                  }
                },
                {
                  "node": "l",
                  "frag": "a-na\\td",
                  "id": "P313667.l02579",
                  "ref": "P313667.10.2",
                  "inst": "ana[to]PRP",
                  "sig": "@saao/saa15%akk-x-neoass:a-na=ana[to//to]PRP'PRP$ana",
                  "f": {
                    "lang": "akk-x-neoass",
                    "form": "a-na",
                    "cf": "ana",
                    "gw": "to",
                    "sense": "to",
                    "norm": "ana",
                    "pos": "PRP",
                    "epos": "PRP"
                  }
                },
                {
                  "node": "l",
                  "frag": "EN.NUN",
                  "id": "P313667.l0257a",
                  "ref": "P313667.10.3",
                  "inst": "maṣṣarti[guard]N",
                  "sig": "@saao/saa15%akk-x-neoass:EN.NUN=maṣṣartu[observation//guard]N'N$maṣṣarti",
                  "f": {
                    "lang": "akk-x-neoass",
                    "form": "EN.NUN",
                    "cf": "maṣṣartu",
                    "gw": "observation",
                    "sense": "guard",
                    "norm": "maṣṣarti",
                    "pos": "N",
                    "epos": "N"
                  }
                },
                {
                  "node": "d",
                  "type": "line-start",
                  "ref": "P313667.11",
                  "n": "3",
                  "label": "r 3"
                },
                {
                  "node": "l",
                  "frag": "[x",
                  "id": "P313667.l0257b",
                  "ref": "P313667.11.1",
                  "inst": "u",
                  "f": {
                    "lang": "akk-x-neoass",
                    "form": "x",
                    "pos": "u"
                  }
                },
                {
                  "node": "l",
                  "frag": "x]-⸢ri⸣",
                  "id": "P313667.l0257c",
                  "ref": "P313667.11.2",
                  "inst": "u",
                  "f": {
                    "lang": "akk-x-neoass",
                    "form": "x-ri",
                    "pos": "u"
                  }
                },
                {
                  "node": "l",
                  "frag": "la",
                  "id": "P313667.l0257d",
                  "ref": "P313667.11.3",
                  "inst": "lā[not]MOD",
                  "sig": "@saao/saa15%akk-x-neoass:la=lā[not//not]MOD'MOD$lā",
                  "f": {
                    "lang": "akk-x-neoass",
                    "form": "la",
                    "cf": "lā",
                    "gw": "not",
                    "sense": "not",
                    "norm": "lā",
                    "pos": "MOD",
                    "epos": "MOD"
                  }
                },
                {
                  "node": "l",
                  "frag": "ia-⸢x",
                  "id": "P313667.l0257e",
                  "ref": "P313667.11.4",
                  "inst": "u",
                  "f": {
                    "lang": "akk-x-neoass",
                    "form": "ia-x",
                    "pos": "u"
                  }
                },
                {
                  "node": "l",
                  "frag": "x⸣",
                  "id": "P313667.l0257f",
                  "ref": "P313667.11.5",
                  "inst": "u",
                  "f": {
                    "lang": "akk-x-neoass",
                    "form": "x",
                    "pos": "u"
                  }
                },
                {
                  "node": "l",
                  "frag": "[x]+⸢x⸣-nu",
                  "id": "P313667.l02580",
                  "ref": "P313667.11.6",
                  "inst": "u",
                  "f": {
                    "lang": "akk-x-neoass",
                    "form": "x+x-nu",
                    "pos": "u"
                  }
                },
                {
                  "node": "d",
                  "type": "nonx",
                  "ref": "P313667.12",
                  "strict": "0",
                  "extent": "rest",
                  "state": "missing"
                }
              ]
            }
          ]
        }
      ]
    }
  ]
}
