{
  "type": "cdl",
  "source": "http://oracc.org/saao/saa15",
  "license": "This data is released under the CC0 license",
  "license-url": "https://creativecommons.org/publicdomain/zero/1.0/",
  "more-info": "http://oracc.org/doc/opendata/",
  "UTC-timestamp": "2017-06-10T00:55:18",
  "project": "saao/saa15",
  "textid": "P313777",
  "cdl": [
    {
      "node": "c",
      "type": "text",
      "id": "P313777.U0",
      "cdl": [
        {
          "node": "d",
          "type": "object",
          "ref": ""
        },
        {
          "node": "d",
          "subtype": "obverse",
          "type": "obverse",
          "ref": "P313777.o.1",
          "label": "o"
        },
        {
          "node": "d",
          "type": "nonx",
          "ref": "P313777.2",
          "strict": "0",
          "extent": "beginning",
          "state": "missing"
        },
        {
          "node": "c",
          "type": "discourse",
          "subtype": "body",
          "id": "P313777.U1",
          "cdl": [
            {
              "node": "c",
              "type": "sentence",
              "id": "P313777.U2",
              "label": "o 1' - o 15'",
              "cdl": [
                {
                  "node": "d",
                  "type": "line-start",
                  "ref": "P313777.3",
                  "n": "1'",
                  "label": "o 1'"
                },
                {
                  "node": "l",
                  "frag": "[x",
                  "id": "P313777.l070a4",
                  "ref": "P313777.3.1",
                  "inst": "u",
                  "f": {
                    "lang": "akk-x-neoass",
                    "form": "x",
                    "pos": "u"
                  }
                },
                {
                  "node": "l",
                  "frag": "x",
                  "id": "P313777.l070a5",
                  "ref": "P313777.3.2",
                  "inst": "u",
                  "f": {
                    "lang": "akk-x-neoass",
                    "form": "x",
                    "pos": "u"
                  }
                },
                {
                  "node": "l",
                  "frag": "x",
                  "id": "P313777.l070a6",
                  "ref": "P313777.3.3",
                  "inst": "u",
                  "f": {
                    "lang": "akk-x-neoass",
                    "form": "x",
                    "pos": "u"
                  }
                },
                {
                  "node": "l",
                  "frag": "x",
                  "id": "P313777.l070a7",
                  "ref": "P313777.3.4",
                  "inst": "u",
                  "f": {
                    "lang": "akk-x-neoass",
                    "form": "x",
                    "pos": "u"
                  }
                },
                {
                  "node": "l",
                  "frag": "x",
                  "id": "P313777.l070a8",
                  "ref": "P313777.3.5",
                  "inst": "u",
                  "f": {
                    "lang": "akk-x-neoass",
                    "form": "x",
                    "pos": "u"
                  }
                },
                {
                  "node": "l",
                  "frag": "x]",
                  "id": "P313777.l070a9",
                  "ref": "P313777.3.6",
                  "inst": "u",
                  "f": {
                    "lang": "akk-x-neoass",
                    "form": "x",
                    "pos": "u"
                  }
                },
                {
                  "node": "l",
                  "frag": "⸢x",
                  "id": "P313777.l070aa",
                  "ref": "P313777.3.7",
                  "inst": "u",
                  "f": {
                    "lang": "akk-x-neoass",
                    "form": "x",
                    "pos": "u"
                  }
                },
                {
                  "node": "l",
                  "frag": "x⸣",
                  "id": "P313777.l070ab",
                  "ref": "P313777.3.8",
                  "inst": "u",
                  "f": {
                    "lang": "akk-x-neoass",
                    "form": "x",
                    "pos": "u"
                  }
                },
                {
                  "node": "l",
                  "frag": "[x",
                  "id": "P313777.l070ac",
                  "ref": "P313777.3.9",
                  "inst": "u",
                  "f": {
                    "lang": "akk-x-neoass",
                    "form": "x",
                    "pos": "u"
                  }
                },
                {
                  "node": "l",
                  "frag": "x",
                  "id": "P313777.l070ad",
                  "ref": "P313777.3.10",
                  "inst": "u",
                  "f": {
                    "lang": "akk-x-neoass",
                    "form": "x",
                    "pos": "u"
                  }
                },
                {
                  "node": "l",
                  "frag": "x]",
                  "id": "P313777.l070ae",
                  "ref": "P313777.3.11",
                  "inst": "u",
                  "f": {
                    "lang": "akk-x-neoass",
                    "form": "x",
                    "pos": "u"
                  }
                },
                {
                  "node": "d",
                  "type": "line-start",
                  "ref": "P313777.4",
                  "n": "2'",
                  "label": "o 2'"
                },
                {
                  "node": "l",
                  "frag": "[x",
                  "id": "P313777.l070af",
                  "ref": "P313777.4.1",
                  "inst": "u",
                  "f": {
                    "lang": "akk-x-neoass",
                    "form": "x",
                    "pos": "u"
                  }
                },
                {
                  "node": "l",
                  "frag": "x",
                  "id": "P313777.l070b0",
                  "ref": "P313777.4.2",
                  "inst": "u",
                  "f": {
                    "lang": "akk-x-neoass",
                    "form": "x",
                    "pos": "u"
                  }
                },
                {
                  "node": "l",
                  "frag": "x",
                  "id": "P313777.l070b1",
                  "ref": "P313777.4.3",
                  "inst": "u",
                  "f": {
                    "lang": "akk-x-neoass",
                    "form": "x",
                    "pos": "u"
                  }
                },
                {
                  "node": "l",
                  "frag": "x]+⸢x⸣",
                  "id": "P313777.l070b2",
                  "ref": "P313777.4.4",
                  "inst": "u",
                  "f": {
                    "lang": "akk-x-neoass",
                    "form": "x+x",
                    "pos": "u"
                  }
                },
                {
                  "node": "l",
                  "frag": "bu\\p",
                  "id": "P313777.l070b3",
                  "ref": "P313777.4.5",
                  "inst": "u",
                  "f": {
                    "lang": "akk-x-neoass",
                    "form": "bu",
                    "pos": "u"
                  }
                },
                {
                  "node": "l",
                  "frag": "sa",
                  "id": "P313777.l070b4",
                  "ref": "P313777.4.6",
                  "inst": "u",
                  "f": {
                    "lang": "akk-x-neoass",
                    "form": "sa",
                    "pos": "u"
                  }
                },
                {
                  "node": "l",
                  "frag": "a",
                  "id": "P313777.l070b5",
                  "ref": "P313777.4.7",
                  "inst": "u",
                  "f": {
                    "lang": "akk-x-neoass",
                    "form": "a",
                    "pos": "u"
                  }
                },
                {
                  "node": "l",
                  "frag": "[x",
                  "id": "P313777.l070b6",
                  "ref": "P313777.4.8",
                  "inst": "u",
                  "f": {
                    "lang": "akk-x-neoass",
                    "form": "x",
                    "pos": "u"
                  }
                },
                {
                  "node": "l",
                  "frag": "x",
                  "id": "P313777.l070b7",
                  "ref": "P313777.4.9",
                  "inst": "u",
                  "f": {
                    "lang": "akk-x-neoass",
                    "form": "x",
                    "pos": "u"
                  }
                },
                {
                  "node": "l",
                  "frag": "x]",
                  "id": "P313777.l070b8",
                  "ref": "P313777.4.10",
                  "inst": "u",
                  "f": {
                    "lang": "akk-x-neoass",
                    "form": "x",
                    "pos": "u"
                  }
                },
                {
                  "node": "d",
                  "type": "nonx",
                  "ref": "P313777.5",
                  "strict": "1",
                  "extent": "n",
                  "scope": "line",
                  "state": "ruling"
                },
                {
                  "node": "d",
                  "type": "line-start",
                  "ref": "P313777.6",
                  "n": "3'",
                  "label": "o 3'"
                },
                {
                  "node": "l",
                  "frag": "[x",
                  "id": "P313777.l070b9",
                  "ref": "P313777.6.1",
                  "inst": "u",
                  "f": {
                    "lang": "akk-x-neoass",
                    "form": "x",
                    "pos": "u"
                  }
                },
                {
                  "node": "l",
                  "frag": "{na₄}{d]}⸢LAMA⸣.ALAD",
                  "id": "P313777.l070ba",
                  "ref": "P313777.6.2",
                  "inst": "aladlammû[human-headed bull-colossus]N$",
                  "sig": "@saao/saa15%akk-x-neoass:{NA₄}{d}LAMA.ALAD=aladlammû[human-headed bull-colossus//human-headed bull-colossus]N'N$aladlammû",
                  "f": {
                    "lang": "akk-x-neoass",
                    "form": "{NA₄}{d}LAMA.ALAD",
                    "cf": "aladlammû",
                    "gw": "human-headed bull-colossus",
                    "sense": "human-headed bull-colossus",
                    "norm": "aladlammû",
                    "pos": "N",
                    "epos": "N"
                  }
                },
                {
                  "node": "l",
                  "frag": "ša\\d",
                  "id": "P313777.l070bb",
                  "ref": "P313777.6.3",
                  "inst": "ša[of]DET",
                  "sig": "@saao/saa15%akk-x-neoass:ša=ša[of//of]DET'DET$ša",
                  "f": {
                    "lang": "akk-x-neoass",
                    "form": "ša",
                    "cf": "ša",
                    "gw": "of",
                    "sense": "of",
                    "norm": "ša",
                    "pos": "DET",
                    "epos": "DET"
                  }
                },
                {
                  "node": "l",
                  "frag": "KA₂-[x",
                  "id": "P313777.l070bc",
                  "ref": "P313777.6.4",
                  "inst": "u",
                  "f": {
                    "lang": "akk-x-neoass",
                    "form": "KA₂-x",
                    "pos": "u"
                  }
                },
                {
                  "node": "l",
                  "frag": "x]",
                  "id": "P313777.l070bd",
                  "ref": "P313777.6.5",
                  "inst": "u",
                  "f": {
                    "lang": "akk-x-neoass",
                    "form": "x",
                    "pos": "u"
                  }
                },
                {
                  "node": "d",
                  "type": "line-start",
                  "ref": "P313777.7",
                  "n": "4'",
                  "label": "o 4'"
                },
                {
                  "node": "l",
                  "frag": "[x",
                  "id": "P313777.l070be",
                  "ref": "P313777.7.1",
                  "inst": "u",
                  "f": {
                    "lang": "akk-x-neoass",
                    "form": "x",
                    "pos": "u"
                  }
                },
                {
                  "node": "l",
                  "frag": "x",
                  "id": "P313777.l070bf",
                  "ref": "P313777.7.2",
                  "inst": "u",
                  "f": {
                    "lang": "akk-x-neoass",
                    "form": "x",
                    "pos": "u"
                  }
                },
                {
                  "node": "l",
                  "frag": "x]",
                  "id": "P313777.l070c0",
                  "ref": "P313777.7.3",
                  "inst": "u",
                  "f": {
                    "lang": "akk-x-neoass",
                    "form": "x",
                    "pos": "u"
                  }
                },
                {
                  "node": "l",
                  "frag": "LUGAL",
                  "id": "P313777.l070c1",
                  "ref": "P313777.7.4",
                  "inst": "šarri[king]N",
                  "sig": "@saao/saa15%akk-x-neoass:LUGAL=šarru[king//king]N'N$šarri",
                  "f": {
                    "lang": "akk-x-neoass",
                    "form": "LUGAL",
                    "cf": "šarru",
                    "gw": "king",
                    "sense": "king",
                    "norm": "šarri",
                    "pos": "N",
                    "epos": "N"
                  }
                },
                {
                  "node": "l",
                  "frag": "ša",
                  "id": "P313777.l070c2",
                  "ref": "P313777.7.5",
                  "inst": "ša[which]REL",
                  "sig": "@saao/saa15%akk-x-neoass:ša=ša[that//which]REL'REL$ša",
                  "f": {
                    "lang": "akk-x-neoass",
                    "form": "ša",
                    "cf": "ša",
                    "gw": "that",
                    "sense": "which",
                    "norm": "ša",
                    "pos": "REL",
                    "epos": "REL"
                  }
                },
                {
                  "node": "c",
                  "type": "phrase",
                  "tag": "phr",
                  "id": "P313777.U4",
                  "ref": "P313777.ls00000",
                  "cdl": [
                    {
                      "node": "l",
                      "frag": "ina",
                      "id": "P313777.l070c3",
                      "ref": "P313777.7.6",
                      "inst": "ina[in+=before]PRP",
                      "sig": "@saao/saa15%akk-x-neoass:ina=ina[in//in]PRP'PRP$ina",
                      "f": {
                        "lang": "akk-x-neoass",
                        "form": "ina",
                        "cf": "ina",
                        "gw": "in",
                        "sense": "in",
                        "norm": "ina",
                        "pos": "PRP",
                        "epos": "PRP"
                      }
                    },
                    {
                      "node": "l",
                      "frag": "IGI",
                      "id": "P313777.l070c4",
                      "ref": "P313777.7.7",
                      "inst": "pān[front]N",
                      "sig": "@saao/saa15%akk-x-neoass:IGI=pānu[front//front]N'N$pān",
                      "f": {
                        "lang": "akk-x-neoass",
                        "form": "IGI",
                        "cf": "pānu",
                        "gw": "front",
                        "sense": "front",
                        "norm": "pān",
                        "pos": "N",
                        "epos": "N"
                      }
                    }
                  ]
                },
                {
                  "node": "l",
                  "frag": "{na₄}⸢x⸣+[x",
                  "id": "P313777.l070c5",
                  "ref": "P313777.7.8",
                  "inst": "u",
                  "f": {
                    "lang": "akk-x-neoass",
                    "form": "{NA₄}x+x",
                    "pos": "u"
                  }
                },
                {
                  "node": "l",
                  "frag": "x]",
                  "id": "P313777.l070c6",
                  "ref": "P313777.7.9",
                  "inst": "u",
                  "f": {
                    "lang": "akk-x-neoass",
                    "form": "x",
                    "pos": "u"
                  }
                },
                {
                  "node": "d",
                  "type": "line-start",
                  "ref": "P313777.8",
                  "n": "5'",
                  "label": "o 5'"
                },
                {
                  "node": "l",
                  "frag": "[x]",
                  "id": "P313777.l070c7",
                  "ref": "P313777.8.1",
                  "inst": "u",
                  "f": {
                    "lang": "akk-x-neoass",
                    "form": "x",
                    "pos": "u"
                  }
                },
                {
                  "node": "l",
                  "frag": "⸢ku",
                  "id": "P313777.l070c8",
                  "ref": "P313777.8.2",
                  "inst": "u",
                  "f": {
                    "lang": "akk-x-neoass",
                    "form": "ku",
                    "pos": "u"
                  }
                },
                {
                  "node": "l",
                  "frag": "x",
                  "id": "P313777.l070c9",
                  "ref": "P313777.8.3",
                  "inst": "u",
                  "f": {
                    "lang": "akk-x-neoass",
                    "form": "x",
                    "pos": "u"
                  }
                },
                {
                  "node": "l",
                  "frag": "x⸣",
                  "id": "P313777.l070ca",
                  "ref": "P313777.8.4",
                  "inst": "u",
                  "f": {
                    "lang": "akk-x-neoass",
                    "form": "x",
                    "pos": "u"
                  }
                },
                {
                  "node": "l",
                  "frag": "ša₂",
                  "id": "P313777.l070cb",
                  "ref": "P313777.8.5",
                  "inst": "ša[of]DET",
                  "sig": "@saao/saa15%akk-x-neoass:ša₂=ša[of//of]DET'DET$ša",
                  "f": {
                    "lang": "akk-x-neoass",
                    "form": "ša₂",
                    "cf": "ša",
                    "gw": "of",
                    "sense": "of",
                    "norm": "ša",
                    "pos": "DET",
                    "epos": "DET"
                  }
                },
                {
                  "node": "l",
                  "frag": "ga-ma-⸢ri⸣",
                  "id": "P313777.l070cc",
                  "ref": "P313777.8.6",
                  "inst": "gamāru[complete//completion]V'N$gamāri",
                  "sig": "@saao/saa15%akk-x-neoass:ga-ma-ri=gamāru[complete//completion]V'N$gamāri",
                  "f": {
                    "lang": "akk-x-neoass",
                    "form": "ga-ma-ri",
                    "cf": "gamāru",
                    "gw": "complete",
                    "sense": "completion",
                    "norm": "gamāri",
                    "pos": "V",
                    "epos": "N"
                  }
                },
                {
                  "node": "l",
                  "frag": "[šu-u]",
                  "id": "P313777.l070cd",
                  "ref": "P313777.8.7",
                  "inst": "šû[it]IP",
                  "sig": "@saao/saa15%akk-x-neoass:šu-u=šū[he//it]IP'IP$šû",
                  "f": {
                    "lang": "akk-x-neoass",
                    "form": "šu-u",
                    "cf": "šū",
                    "gw": "he",
                    "sense": "it",
                    "norm": "šû",
                    "pos": "IP",
                    "epos": "IP"
                  }
                },
                {
                  "node": "d",
                  "type": "nonx",
                  "ref": "P313777.9",
                  "strict": "1",
                  "extent": "n",
                  "scope": "line",
                  "state": "ruling"
                },
                {
                  "node": "d",
                  "type": "line-start",
                  "ref": "P313777.10",
                  "n": "6'",
                  "label": "o 6'"
                },
                {
                  "node": "l",
                  "frag": "[x]",
                  "id": "P313777.l070ce",
                  "ref": "P313777.10.1",
                  "inst": "u",
                  "f": {
                    "lang": "akk-x-neoass",
                    "form": "x",
                    "pos": "u"
                  }
                },
                {
                  "node": "l",
                  "frag": "{⸢na₄}{d⸣}LAMA.ALAD",
                  "id": "P313777.l070cf",
                  "ref": "P313777.10.2",
                  "inst": "aladlammû[human-headed bull-colossus]N$",
                  "sig": "@saao/saa15%akk-x-neoass:{NA₄}{d}LAMA.ALAD=aladlammû[human-headed bull-colossus//human-headed bull-colossus]N'N$aladlammû",
                  "f": {
                    "lang": "akk-x-neoass",
                    "form": "{NA₄}{d}LAMA.ALAD",
                    "cf": "aladlammû",
                    "gw": "human-headed bull-colossus",
                    "sense": "human-headed bull-colossus",
                    "norm": "aladlammû",
                    "pos": "N",
                    "epos": "N"
                  }
                },
                {
                  "node": "l",
                  "frag": "ša",
                  "id": "P313777.l070d0",
                  "ref": "P313777.10.3",
                  "inst": "ša[of]DET",
                  "sig": "@saao/saa15%akk-x-neoass:ša=ša[of//of]DET'DET$ša",
                  "f": {
                    "lang": "akk-x-neoass",
                    "form": "ša",
                    "cf": "ša",
                    "gw": "of",
                    "sense": "of",
                    "norm": "ša",
                    "pos": "DET",
                    "epos": "DET"
                  }
                },
                {
                  "node": "l",
                  "frag": "KA₂-⸢x⸣+[x",
                  "id": "P313777.l070d1",
                  "ref": "P313777.10.4",
                  "inst": "u",
                  "f": {
                    "lang": "akk-x-neoass",
                    "form": "KA₂-x+x",
                    "pos": "u"
                  }
                },
                {
                  "node": "l",
                  "frag": "x]",
                  "id": "P313777.l070d2",
                  "ref": "P313777.10.5",
                  "inst": "u",
                  "f": {
                    "lang": "akk-x-neoass",
                    "form": "x",
                    "pos": "u"
                  }
                },
                {
                  "node": "d",
                  "type": "line-start",
                  "ref": "P313777.11",
                  "n": "7'",
                  "label": "o 7'"
                },
                {
                  "node": "l",
                  "frag": "[x",
                  "id": "P313777.l070d3",
                  "ref": "P313777.11.1",
                  "inst": "u",
                  "f": {
                    "lang": "akk-x-neoass",
                    "form": "x",
                    "pos": "u"
                  }
                },
                {
                  "node": "l",
                  "frag": "x]",
                  "id": "P313777.l070d4",
                  "ref": "P313777.11.2",
                  "inst": "u",
                  "f": {
                    "lang": "akk-x-neoass",
                    "form": "x",
                    "pos": "u"
                  }
                },
                {
                  "node": "l",
                  "frag": "⸢TA⸣",
                  "id": "P313777.l070d5",
                  "ref": "P313777.11.3",
                  "inst": "issi[with]PRP",
                  "sig": "@saao/saa15%akk-x-neoass:TA=išti[with//with]PRP'PRP$issi",
                  "f": {
                    "lang": "akk-x-neoass",
                    "form": "TA",
                    "cf": "išti",
                    "gw": "with",
                    "sense": "with",
                    "norm": "issi",
                    "pos": "PRP",
                    "epos": "PRP"
                  }
                },
                {
                  "node": "l",
                  "frag": "du-lu-ba-ni",
                  "id": "P313777.l070d6",
                  "ref": "P313777.11.4",
                  "inst": "dalbānu[intervening space//corridor]N$dulubāni",
                  "sig": "@saao/saa15%akk-x-neoass:du-lu-ba-ni=dalbānu[intervening space//corridor]N'N$dulubāni",
                  "f": {
                    "lang": "akk-x-neoass",
                    "form": "du-lu-ba-ni",
                    "cf": "dalbānu",
                    "gw": "intervening space",
                    "sense": "corridor",
                    "norm": "dulubāni",
                    "pos": "N",
                    "epos": "N"
                  }
                },
                {
                  "node": "l",
                  "frag": "⸢ga⸣-[mir]",
                  "id": "P313777.l070d7",
                  "ref": "P313777.11.5",
                  "inst": "gamru[complete//finished]AJ$gamir",
                  "sig": "@saao/saa15%akk-x-neoass:ga-mir=gamru[complete//finished]AJ'AJ$gamir",
                  "f": {
                    "lang": "akk-x-neoass",
                    "form": "ga-mir",
                    "cf": "gamru",
                    "gw": "complete",
                    "sense": "finished",
                    "norm": "gamir",
                    "pos": "AJ",
                    "epos": "AJ"
                  }
                },
                {
                  "node": "d",
                  "type": "line-start",
                  "ref": "P313777.12",
                  "n": "8'",
                  "label": "o 8'"
                },
                {
                  "node": "l",
                  "frag": "[x",
                  "id": "P313777.l070d8",
                  "ref": "P313777.12.1",
                  "inst": "u",
                  "f": {
                    "lang": "akk-x-neoass",
                    "form": "x",
                    "pos": "u"
                  }
                },
                {
                  "node": "l",
                  "frag": "ba]-⸢at⸣-qu-te",
                  "id": "P313777.l070d9",
                  "ref": "P313777.12.2",
                  "inst": "batqu[cut (off)]AJ$batqūte",
                  "sig": "@saao/saa15%akk-x-neoass:ba-at-qu-te=batqu[cut (off)//cut (off)]AJ'AJ$batqūte",
                  "f": {
                    "lang": "akk-x-neoass",
                    "form": "ba-at-qu-te",
                    "cf": "batqu",
                    "gw": "cut (off)",
                    "sense": "cut (off)",
                    "norm": "batqūte",
                    "pos": "AJ",
                    "epos": "AJ"
                  }
                },
                {
                  "node": "l",
                  "frag": "{na₄}{d}⸢LAMA⸣.[ALAD]",
                  "id": "P313777.l070da",
                  "ref": "P313777.12.3",
                  "inst": "aladlammû[human-headed bull-colossus]N",
                  "sig": "@saao/saa15%akk-x-neoass:{NA₄}{d}LAMA.ALAD=aladlammû[human-headed bull-colossus//human-headed bull-colossus]N'N$aladlammû",
                  "f": {
                    "lang": "akk-x-neoass",
                    "form": "{NA₄}{d}LAMA.ALAD",
                    "cf": "aladlammû",
                    "gw": "human-headed bull-colossus",
                    "sense": "human-headed bull-colossus",
                    "norm": "aladlammû",
                    "pos": "N",
                    "epos": "N"
                  }
                },
                {
                  "node": "d",
                  "type": "line-start",
                  "ref": "P313777.13",
                  "n": "9'",
                  "label": "o 9'"
                },
                {
                  "node": "l",
                  "frag": "[x",
                  "id": "P313777.l070db",
                  "ref": "P313777.13.1",
                  "inst": "u",
                  "f": {
                    "lang": "akk-x-neoass",
                    "form": "x",
                    "pos": "u"
                  }
                },
                {
                  "node": "l",
                  "frag": "x",
                  "id": "P313777.l070dc",
                  "ref": "P313777.13.2",
                  "inst": "u",
                  "f": {
                    "lang": "akk-x-neoass",
                    "form": "x",
                    "pos": "u"
                  }
                },
                {
                  "node": "l",
                  "frag": "x]+⸢x⸣",
                  "id": "P313777.l070dd",
                  "ref": "P313777.13.3",
                  "inst": "u",
                  "f": {
                    "lang": "akk-x-neoass",
                    "form": "x+x",
                    "pos": "u"
                  }
                },
                {
                  "node": "l",
                  "frag": "ša\\y",
                  "id": "P313777.l070de",
                  "ref": "P313777.13.4",
                  "inst": "ša[which]REL",
                  "sig": "@saao/saa15%akk-x-neoass:ša=ša[that//which]REL'REL$ša",
                  "f": {
                    "lang": "akk-x-neoass",
                    "form": "ša",
                    "cf": "ša",
                    "gw": "that",
                    "sense": "which",
                    "norm": "ša",
                    "pos": "REL",
                    "epos": "REL"
                  }
                },
                {
                  "node": "c",
                  "type": "phrase",
                  "tag": "phr",
                  "id": "P313777.U5",
                  "ref": "P313777.ls00001",
                  "cdl": [
                    {
                      "node": "l",
                      "frag": "ina",
                      "id": "P313777.l070df",
                      "ref": "P313777.13.5",
                      "inst": "ina[in+=before]PRP",
                      "sig": "@saao/saa15%akk-x-neoass:ina=ina[in//in]PRP'PRP$ina",
                      "f": {
                        "lang": "akk-x-neoass",
                        "form": "ina",
                        "cf": "ina",
                        "gw": "in",
                        "sense": "in",
                        "norm": "ina",
                        "pos": "PRP",
                        "epos": "PRP"
                      }
                    },
                    {
                      "node": "l",
                      "frag": "IGI",
                      "id": "P313777.l070e0",
                      "ref": "P313777.13.6",
                      "inst": "pān[front]N",
                      "sig": "@saao/saa15%akk-x-neoass:IGI=pānu[front//front]N'N$pān",
                      "f": {
                        "lang": "akk-x-neoass",
                        "form": "IGI",
                        "cf": "pānu",
                        "gw": "front",
                        "sense": "front",
                        "norm": "pān",
                        "pos": "N",
                        "epos": "N"
                      }
                    }
                  ]
                },
                {
                  "node": "l",
                  "frag": "E₂-LUGAL",
                  "id": "P313777.l070e1",
                  "ref": "P313777.13.7",
                  "cof-tails": "P313777.l070e2",
                  "inst": "bītu[house]N$bēt&šarru[king]N$šarri",
                  "sig": "@saao/saa15%akk-x-neoass:E₂-LUGAL=bītu[house//house]N'N$bēt&&@saao%akk-x-neoass:=šarru[king//king]N'N$šarri",
                  "f": {
                    "lang": "akk-x-neoass",
                    "form": "E₂-LUGAL",
                    "cf": "bītu",
                    "gw": "house",
                    "sense": "house",
                    "norm": "bēt",
                    "pos": "N",
                    "epos": "N"
                  }
                },
                {
                  "node": "l",
                  "frag": "E₂-LUGAL",
                  "id": "P313777.l070e2",
                  "ref": "P313777.13.7",
                  "cof-head": "P313777.l070e1",
                  "inst": "bītu[house]N$bēt&šarru[king]N$šarri",
                  "tail-sig": "@saao%akk-x-neoass:=šarru[king//king]N'N$šarri",
                  "f": {
                    "lang": "akk-x-neoass",
                    "form": "E₂-LUGAL",
                    "cf": "šarru",
                    "gw": "king",
                    "sense": "king",
                    "norm": "šarri",
                    "pos": "N",
                    "epos": "N"
                  }
                },
                {
                  "node": "l",
                  "frag": "⸢x⸣+[x",
                  "id": "P313777.l070e3",
                  "ref": "P313777.13.8",
                  "inst": "u",
                  "f": {
                    "lang": "akk-x-neoass",
                    "form": "x+x",
                    "pos": "u"
                  }
                },
                {
                  "node": "l",
                  "frag": "x]",
                  "id": "P313777.l070e4",
                  "ref": "P313777.13.9",
                  "inst": "u",
                  "f": {
                    "lang": "akk-x-neoass",
                    "form": "x",
                    "pos": "u"
                  }
                },
                {
                  "node": "d",
                  "type": "nonx",
                  "ref": "P313777.14",
                  "strict": "1",
                  "extent": "n",
                  "scope": "line",
                  "state": "ruling",
                  "flags": "!"
                },
                {
                  "node": "d",
                  "type": "line-start",
                  "ref": "P313777.15",
                  "n": "10'",
                  "label": "o 10'"
                },
                {
                  "node": "l",
                  "frag": "[x",
                  "id": "P313777.l070e5",
                  "ref": "P313777.15.1",
                  "inst": "u",
                  "f": {
                    "lang": "akk-x-neoass",
                    "form": "x",
                    "pos": "u"
                  }
                },
                {
                  "node": "l",
                  "frag": "{na₄}{d]}⸢LAMA⸣.ALAD",
                  "id": "P313777.l070e6",
                  "ref": "P313777.15.2",
                  "inst": "aladlammû[human-headed bull-colossus]N",
                  "sig": "@saao/saa15%akk-x-neoass:{NA₄}{d}LAMA.ALAD=aladlammû[human-headed bull-colossus//human-headed bull-colossus]N'N$aladlammû",
                  "f": {
                    "lang": "akk-x-neoass",
                    "form": "{NA₄}{d}LAMA.ALAD",
                    "cf": "aladlammû",
                    "gw": "human-headed bull-colossus",
                    "sense": "human-headed bull-colossus",
                    "norm": "aladlammû",
                    "pos": "N",
                    "epos": "N"
                  }
                },
                {
                  "node": "l",
                  "frag": "[ša]",
                  "id": "P313777.l070e7",
                  "ref": "P313777.15.3",
                  "inst": "ša[of]DET",
                  "sig": "@saao/saa15%akk-x-neoass:ša=ša[of//of]DET'DET$ša",
                  "f": {
                    "lang": "akk-x-neoass",
                    "form": "ša",
                    "cf": "ša",
                    "gw": "of",
                    "sense": "of",
                    "norm": "ša",
                    "pos": "DET",
                    "epos": "DET"
                  }
                },
                {
                  "node": "l",
                  "frag": "E₂",
                  "id": "P313777.l070e8",
                  "ref": "P313777.15.4",
                  "inst": "bēt[house]N",
                  "sig": "@saao/saa15%akk-x-neoass:E₂=bītu[house//house]N'N$bēt",
                  "f": {
                    "lang": "akk-x-neoass",
                    "form": "E₂",
                    "cf": "bītu",
                    "gw": "house",
                    "sense": "house",
                    "norm": "bēt",
                    "pos": "N",
                    "epos": "N"
                  }
                },
                {
                  "node": "l",
                  "frag": "[x",
                  "id": "P313777.l070e9",
                  "ref": "P313777.15.5",
                  "inst": "u",
                  "f": {
                    "lang": "akk-x-neoass",
                    "form": "x",
                    "pos": "u"
                  }
                },
                {
                  "node": "l",
                  "frag": "x",
                  "id": "P313777.l070ea",
                  "ref": "P313777.15.6",
                  "inst": "u",
                  "f": {
                    "lang": "akk-x-neoass",
                    "form": "x",
                    "pos": "u"
                  }
                },
                {
                  "node": "l",
                  "frag": "x]",
                  "id": "P313777.l070eb",
                  "ref": "P313777.15.7",
                  "inst": "u",
                  "f": {
                    "lang": "akk-x-neoass",
                    "form": "x",
                    "pos": "u"
                  }
                },
                {
                  "node": "d",
                  "type": "line-start",
                  "ref": "P313777.16",
                  "n": "11'",
                  "label": "o 11'"
                },
                {
                  "node": "l",
                  "frag": "[x",
                  "id": "P313777.l070ec",
                  "ref": "P313777.16.1",
                  "inst": "u",
                  "f": {
                    "lang": "akk-x-neoass",
                    "form": "x",
                    "pos": "u"
                  }
                },
                {
                  "node": "l",
                  "frag": "x",
                  "id": "P313777.l070ed",
                  "ref": "P313777.16.2",
                  "inst": "u",
                  "f": {
                    "lang": "akk-x-neoass",
                    "form": "x",
                    "pos": "u"
                  }
                },
                {
                  "node": "l",
                  "frag": "x",
                  "id": "P313777.l070ee",
                  "ref": "P313777.16.3",
                  "inst": "u",
                  "f": {
                    "lang": "akk-x-neoass",
                    "form": "x",
                    "pos": "u"
                  }
                },
                {
                  "node": "l",
                  "frag": "x]+⸢x⸣-bu",
                  "id": "P313777.l070ef",
                  "ref": "P313777.16.4",
                  "inst": "u",
                  "f": {
                    "lang": "akk-x-neoass",
                    "form": "x+x-bu",
                    "pos": "u"
                  }
                },
                {
                  "node": "l",
                  "frag": "01-en",
                  "id": "P313777.l070f0",
                  "ref": "P313777.16.5",
                  "inst": "issēn[one]NU",
                  "sig": "@saao/saa15%akk-x-neoass:01-en=ištēn[one//one]NU'NU$issēn",
                  "f": {
                    "lang": "akk-x-neoass",
                    "form": "01-en",
                    "cf": "ištēn",
                    "gw": "one",
                    "sense": "one",
                    "norm": "issēn",
                    "pos": "NU",
                    "epos": "NU"
                  }
                },
                {
                  "node": "l",
                  "frag": "ina",
                  "id": "P313777.l070f1",
                  "ref": "P313777.16.6",
                  "inst": "ina[in]PRP",
                  "sig": "@saao/saa15%akk-x-neoass:ina=ina[in//in]PRP'PRP$ina",
                  "f": {
                    "lang": "akk-x-neoass",
                    "form": "ina",
                    "cf": "ina",
                    "gw": "in",
                    "sense": "in",
                    "norm": "ina",
                    "pos": "PRP",
                    "epos": "PRP"
                  }
                },
                {
                  "node": "l",
                  "frag": "[x",
                  "id": "P313777.l070f2",
                  "ref": "P313777.16.7",
                  "inst": "u",
                  "f": {
                    "lang": "akk-x-neoass",
                    "form": "x",
                    "pos": "u"
                  }
                },
                {
                  "node": "l",
                  "frag": "x",
                  "id": "P313777.l070f3",
                  "ref": "P313777.16.8",
                  "inst": "u",
                  "f": {
                    "lang": "akk-x-neoass",
                    "form": "x",
                    "pos": "u"
                  }
                },
                {
                  "node": "l",
                  "frag": "x]",
                  "id": "P313777.l070f4",
                  "ref": "P313777.16.9",
                  "inst": "u",
                  "f": {
                    "lang": "akk-x-neoass",
                    "form": "x",
                    "pos": "u"
                  }
                },
                {
                  "node": "d",
                  "type": "line-start",
                  "ref": "P313777.17",
                  "n": "12'",
                  "label": "o 12'"
                },
                {
                  "node": "l",
                  "frag": "[x",
                  "id": "P313777.l070f5",
                  "ref": "P313777.17.1",
                  "inst": "u",
                  "f": {
                    "lang": "akk-x-neoass",
                    "form": "x",
                    "pos": "u"
                  }
                },
                {
                  "node": "l",
                  "frag": "x",
                  "id": "P313777.l070f6",
                  "ref": "P313777.17.2",
                  "inst": "u",
                  "f": {
                    "lang": "akk-x-neoass",
                    "form": "x",
                    "pos": "u"
                  }
                },
                {
                  "node": "l",
                  "frag": "x",
                  "id": "P313777.l070f7",
                  "ref": "P313777.17.3",
                  "inst": "u",
                  "f": {
                    "lang": "akk-x-neoass",
                    "form": "x",
                    "pos": "u"
                  }
                },
                {
                  "node": "l",
                  "frag": "x",
                  "id": "P313777.l070f8",
                  "ref": "P313777.17.4",
                  "inst": "u",
                  "f": {
                    "lang": "akk-x-neoass",
                    "form": "x",
                    "pos": "u"
                  }
                },
                {
                  "node": "l",
                  "frag": "x]",
                  "id": "P313777.l070f9",
                  "ref": "P313777.17.5",
                  "inst": "u",
                  "f": {
                    "lang": "akk-x-neoass",
                    "form": "x",
                    "pos": "u"
                  }
                },
                {
                  "node": "l",
                  "frag": "u₂-ma-⸢a⸣",
                  "id": "P313777.l070fa",
                  "ref": "P313777.17.6",
                  "inst": "ūmâ[now]AV",
                  "sig": "@saao/saa15%akk-x-neoass:u₂-ma-a=ūma[today//now]AV'AV$ūmâ",
                  "f": {
                    "lang": "akk-x-neoass",
                    "form": "u₂-ma-a",
                    "cf": "ūma",
                    "gw": "today",
                    "sense": "now",
                    "norm": "ūmâ",
                    "pos": "AV",
                    "epos": "AV"
                  }
                },
                {
                  "node": "l",
                  "frag": "[ga-am-ru]",
                  "id": "P313777.l070fb",
                  "ref": "P313777.17.7",
                  "inst": "gamru[complete//finished]AJ$",
                  "sig": "@saao/saa15%akk-x-neoass:ga-am-ru=gamru[complete//finished]AJ'AJ$gamru",
                  "f": {
                    "lang": "akk-x-neoass",
                    "form": "ga-am-ru",
                    "cf": "gamru",
                    "gw": "complete",
                    "sense": "finished",
                    "norm": "gamru",
                    "pos": "AJ",
                    "epos": "AJ"
                  }
                },
                {
                  "node": "d",
                  "type": "nonx",
                  "ref": "P313777.18",
                  "strict": "1",
                  "extent": "n",
                  "scope": "line",
                  "state": "ruling"
                },
                {
                  "node": "d",
                  "type": "line-start",
                  "ref": "P313777.19",
                  "n": "13'",
                  "label": "o 13'"
                },
                {
                  "node": "l",
                  "frag": "[x",
                  "id": "P313777.l070fc",
                  "ref": "P313777.19.1",
                  "inst": "u",
                  "f": {
                    "lang": "akk-x-neoass",
                    "form": "x",
                    "pos": "u"
                  }
                },
                {
                  "node": "l",
                  "frag": "{na₄}{d}LAMA.ALAD]",
                  "id": "P313777.l070fd",
                  "ref": "P313777.19.2",
                  "inst": "aladlammû[human-headed bull-colossus]N",
                  "sig": "@saao/saa15%akk-x-neoass:{NA₄}{d}LAMA.ALAD=aladlammû[human-headed bull-colossus//human-headed bull-colossus]N'N$aladlammû",
                  "f": {
                    "lang": "akk-x-neoass",
                    "form": "{NA₄}{d}LAMA.ALAD",
                    "cf": "aladlammû",
                    "gw": "human-headed bull-colossus",
                    "sense": "human-headed bull-colossus",
                    "norm": "aladlammû",
                    "pos": "N",
                    "epos": "N"
                  }
                },
                {
                  "node": "l",
                  "frag": "⸢ša⸣",
                  "id": "P313777.l070fe",
                  "ref": "P313777.19.3",
                  "inst": "ša[of]DET",
                  "sig": "@saao/saa15%akk-x-neoass:ša=ša[of//of]DET'DET$ša",
                  "f": {
                    "lang": "akk-x-neoass",
                    "form": "ša",
                    "cf": "ša",
                    "gw": "of",
                    "sense": "of",
                    "norm": "ša",
                    "pos": "DET",
                    "epos": "DET"
                  }
                },
                {
                  "node": "l",
                  "frag": "E₂-[x",
                  "id": "P313777.l070ff",
                  "ref": "P313777.19.4",
                  "inst": "u",
                  "f": {
                    "lang": "akk-x-neoass",
                    "form": "E₂-x",
                    "pos": "u"
                  }
                },
                {
                  "node": "l",
                  "frag": "x",
                  "id": "P313777.l07100",
                  "ref": "P313777.19.5",
                  "inst": "u",
                  "f": {
                    "lang": "akk-x-neoass",
                    "form": "x",
                    "pos": "u"
                  }
                },
                {
                  "node": "l",
                  "frag": "x",
                  "id": "P313777.l07101",
                  "ref": "P313777.19.6",
                  "inst": "u",
                  "f": {
                    "lang": "akk-x-neoass",
                    "form": "x",
                    "pos": "u"
                  }
                },
                {
                  "node": "l",
                  "frag": "x]",
                  "id": "P313777.l07102",
                  "ref": "P313777.19.7",
                  "inst": "u",
                  "f": {
                    "lang": "akk-x-neoass",
                    "form": "x",
                    "pos": "u"
                  }
                },
                {
                  "node": "d",
                  "type": "line-start",
                  "ref": "P313777.20",
                  "n": "14'",
                  "label": "o 14'"
                },
                {
                  "node": "l",
                  "frag": "[x",
                  "id": "P313777.l07103",
                  "ref": "P313777.20.1",
                  "inst": "u",
                  "f": {
                    "lang": "akk-x-neoass",
                    "form": "x",
                    "pos": "u"
                  }
                },
                {
                  "node": "l",
                  "frag": "x",
                  "id": "P313777.l07104",
                  "ref": "P313777.20.2",
                  "inst": "u",
                  "f": {
                    "lang": "akk-x-neoass",
                    "form": "x",
                    "pos": "u"
                  }
                },
                {
                  "node": "l",
                  "frag": "x",
                  "id": "P313777.l07105",
                  "ref": "P313777.20.3",
                  "inst": "u",
                  "f": {
                    "lang": "akk-x-neoass",
                    "form": "x",
                    "pos": "u"
                  }
                },
                {
                  "node": "l",
                  "frag": "x",
                  "id": "P313777.l07106",
                  "ref": "P313777.20.4",
                  "inst": "u",
                  "f": {
                    "lang": "akk-x-neoass",
                    "form": "x",
                    "pos": "u"
                  }
                },
                {
                  "node": "l",
                  "frag": "x",
                  "id": "P313777.l07107",
                  "ref": "P313777.20.5",
                  "inst": "u",
                  "f": {
                    "lang": "akk-x-neoass",
                    "form": "x",
                    "pos": "u"
                  }
                },
                {
                  "node": "l",
                  "frag": "x]",
                  "id": "P313777.l07108",
                  "ref": "P313777.20.6",
                  "inst": "u",
                  "f": {
                    "lang": "akk-x-neoass",
                    "form": "x",
                    "pos": "u"
                  }
                },
                {
                  "node": "l",
                  "frag": "⸢la⸣",
                  "id": "P313777.l07109",
                  "ref": "P313777.20.7",
                  "inst": "lā[not]MOD",
                  "sig": "@saao/saa15%akk-x-neoass:la=lā[not//not]MOD'MOD$lā",
                  "f": {
                    "lang": "akk-x-neoass",
                    "form": "la",
                    "cf": "lā",
                    "gw": "not",
                    "sense": "not",
                    "norm": "lā",
                    "pos": "MOD",
                    "epos": "MOD"
                  }
                },
                {
                  "node": "l",
                  "frag": "ga-[mir",
                  "id": "P313777.l0710a",
                  "ref": "P313777.20.8",
                  "inst": "gamir[finished]AJ",
                  "sig": "@saao/saa15%akk-x-neoass:ga-mir=gamru[complete//finished]AJ'AJ$gamir",
                  "f": {
                    "lang": "akk-x-neoass",
                    "form": "ga-mir",
                    "cf": "gamru",
                    "gw": "complete",
                    "sense": "finished",
                    "norm": "gamir",
                    "pos": "AJ",
                    "epos": "AJ"
                  }
                },
                {
                  "node": "l",
                  "frag": "x]",
                  "id": "P313777.l0710b",
                  "ref": "P313777.20.9",
                  "inst": "u",
                  "f": {
                    "lang": "akk-x-neoass",
                    "form": "x",
                    "pos": "u"
                  }
                },
                {
                  "node": "d",
                  "type": "line-start",
                  "ref": "P313777.21",
                  "n": "15'",
                  "label": "o 15'"
                },
                {
                  "node": "l",
                  "frag": "[x",
                  "id": "P313777.l0710c",
                  "ref": "P313777.21.1",
                  "inst": "u",
                  "f": {
                    "lang": "akk-x-neoass",
                    "form": "x",
                    "pos": "u"
                  }
                },
                {
                  "node": "l",
                  "frag": "x",
                  "id": "P313777.l0710d",
                  "ref": "P313777.21.2",
                  "inst": "u",
                  "f": {
                    "lang": "akk-x-neoass",
                    "form": "x",
                    "pos": "u"
                  }
                },
                {
                  "node": "l",
                  "frag": "x",
                  "id": "P313777.l0710e",
                  "ref": "P313777.21.3",
                  "inst": "u",
                  "f": {
                    "lang": "akk-x-neoass",
                    "form": "x",
                    "pos": "u"
                  }
                },
                {
                  "node": "l",
                  "frag": "x",
                  "id": "P313777.l0710f",
                  "ref": "P313777.21.4",
                  "inst": "u",
                  "f": {
                    "lang": "akk-x-neoass",
                    "form": "x",
                    "pos": "u"
                  }
                },
                {
                  "node": "l",
                  "frag": "x",
                  "id": "P313777.l07110",
                  "ref": "P313777.21.5",
                  "inst": "u",
                  "f": {
                    "lang": "akk-x-neoass",
                    "form": "x",
                    "pos": "u"
                  }
                },
                {
                  "node": "l",
                  "frag": "x]",
                  "id": "P313777.l07111",
                  "ref": "P313777.21.6",
                  "inst": "u",
                  "f": {
                    "lang": "akk-x-neoass",
                    "form": "x",
                    "pos": "u"
                  }
                },
                {
                  "node": "l",
                  "frag": "ta\\p",
                  "id": "P313777.l07112",
                  "ref": "P313777.21.7",
                  "inst": "u",
                  "f": {
                    "lang": "akk-x-neoass",
                    "form": "ta",
                    "pos": "u"
                  }
                },
                {
                  "node": "l",
                  "frag": "la",
                  "id": "P313777.l07113",
                  "ref": "P313777.21.8",
                  "inst": "u",
                  "f": {
                    "lang": "akk-x-neoass",
                    "form": "la",
                    "pos": "u"
                  }
                },
                {
                  "node": "l",
                  "frag": "⸢x⸣+[x",
                  "id": "P313777.l07114",
                  "ref": "P313777.21.9",
                  "inst": "u",
                  "f": {
                    "lang": "akk-x-neoass",
                    "form": "x+x",
                    "pos": "u"
                  }
                },
                {
                  "node": "l",
                  "frag": "x",
                  "id": "P313777.l07115",
                  "ref": "P313777.21.10",
                  "inst": "u",
                  "f": {
                    "lang": "akk-x-neoass",
                    "form": "x",
                    "pos": "u"
                  }
                },
                {
                  "node": "l",
                  "frag": "x]",
                  "id": "P313777.l07116",
                  "ref": "P313777.21.11",
                  "inst": "u",
                  "f": {
                    "lang": "akk-x-neoass",
                    "form": "x",
                    "pos": "u"
                  }
                },
                {
                  "node": "d",
                  "type": "nonx",
                  "ref": "P313777.22",
                  "strict": "0",
                  "extent": "rest",
                  "state": "missing"
                },
                {
                  "node": "d",
                  "subtype": "reverse",
                  "type": "reverse",
                  "ref": "P313777.r.23",
                  "label": "r"
                },
                {
                  "node": "d",
                  "type": "nonx",
                  "ref": "P313777.24",
                  "strict": "0",
                  "state": "other"
                }
              ]
            }
          ]
        }
      ]
    },
    {
      "linkbase": [
        {
          "type": "linkset",
          "xlink_title": "ina pān[in the presence of//at the disposal of]PRP'PRP",
          "id": "P313777.ls00000",
          "xlink_type": "extended",
          "xlink_role": "psu",
          "sig": "{ina[in]PRP pānu[front]N += ina pān[in the presence of//at the disposal of]PRP'PRP}::@saao%akk-x-neoass:ina=ina[in//into]PRP'PRP$ina++@saao%akk-x-neoass:IGI=pānu[front//front]N'N$pān",
          "links": [
            {
              "type": "link",
              "xlink_title": "ina",
              "xlink_type": "locator",
              "xlink_href": "#P313777.l070c3",
              "xlink_role": "elt"
            },
            {
              "type": "link",
              "xlink_title": "pān",
              "xlink_type": "locator",
              "xlink_href": "#P313777.l070c4",
              "xlink_role": "elt"
            }
          ]
        },
        {
          "type": "linkset",
          "xlink_title": "ina pān[in the presence of//at the disposal of]PRP'PRP",
          "id": "P313777.ls00001",
          "xlink_type": "extended",
          "xlink_role": "psu",
          "sig": "{ina[in]PRP pānu[front]N += ina pān[in the presence of//at the disposal of]PRP'PRP}::@saao%akk-x-neoass:ina=ina[in//into]PRP'PRP$ina++@saao%akk-x-neoass:IGI=pānu[front//front]N'N$pān",
          "links": [
            {
              "type": "link",
              "xlink_title": "ina",
              "xlink_type": "locator",
              "xlink_href": "#P313777.l070df",
              "xlink_role": "elt"
            },
            {
              "type": "link",
              "xlink_title": "pān",
              "xlink_type": "locator",
              "xlink_href": "#P313777.l070e0",
              "xlink_role": "elt"
            }
          ]
        }
      ]
    }
  ]
}
