{
  "type": "cdl",
  "source": "http://oracc.org/saao/saa15",
  "license": "This data is released under the CC0 license",
  "license-url": "https://creativecommons.org/publicdomain/zero/1.0/",
  "more-info": "http://oracc.org/doc/opendata/",
  "UTC-timestamp": "2017-06-10T00:55:37",
  "project": "saao/saa15",
  "textid": "P313856",
  "cdl": [
    {
      "node": "c",
      "type": "text",
      "id": "P313856.U0",
      "cdl": [
        {
          "node": "d",
          "type": "object",
          "ref": ""
        },
        {
          "node": "d",
          "subtype": "obverse",
          "type": "obverse",
          "ref": "P313856.o.1",
          "label": "o"
        },
        {
          "node": "c",
          "type": "discourse",
          "subtype": "body",
          "id": "P313856.U1",
          "cdl": [
            {
              "node": "c",
              "type": "sentence",
              "id": "P313856.U2",
              "label": "o 1 - o 10",
              "cdl": [
                {
                  "node": "d",
                  "type": "line-start",
                  "ref": "P313856.2",
                  "n": "1",
                  "label": "o 1"
                },
                {
                  "node": "l",
                  "frag": "a-[na",
                  "id": "P313856.l08690",
                  "ref": "P313856.2.1",
                  "inst": "ana[to]PRP",
                  "sig": "@saao/saa15%akk-x-neoass:a-na=ana[to//to]PRP'PRP$ana",
                  "f": {
                    "lang": "akk-x-neoass",
                    "form": "a-na",
                    "cf": "ana",
                    "gw": "to",
                    "sense": "to",
                    "norm": "ana",
                    "pos": "PRP",
                    "epos": "PRP"
                  }
                },
                {
                  "node": "l",
                  "frag": "LUGAL",
                  "id": "P313856.l08691",
                  "ref": "P313856.2.2",
                  "inst": "šarri[king]N",
                  "sig": "@saao/saa15%akk-x-neoass:LUGAL=šarru[king//king]N'N$šarri",
                  "f": {
                    "lang": "akk-x-neoass",
                    "form": "LUGAL",
                    "cf": "šarru",
                    "gw": "king",
                    "sense": "king",
                    "norm": "šarri",
                    "pos": "N",
                    "epos": "N"
                  }
                },
                {
                  "node": "l",
                  "frag": "be-li₂-ia]",
                  "id": "P313856.l08692",
                  "ref": "P313856.2.3",
                  "inst": "bēlīya[lord]N",
                  "sig": "@saao/saa15%akk-x-neoass:be-li₂-ia=bēlu[lord//lord]N'N$bēlīya",
                  "f": {
                    "lang": "akk-x-neoass",
                    "form": "be-li₂-ia",
                    "cf": "bēlu",
                    "gw": "lord",
                    "sense": "lord",
                    "norm": "bēlīya",
                    "pos": "N",
                    "epos": "N"
                  }
                },
                {
                  "node": "d",
                  "type": "line-start",
                  "ref": "P313856.3",
                  "n": "2",
                  "label": "o 2"
                },
                {
                  "node": "l",
                  "frag": "ARAD\\p-⸢ka⸣",
                  "id": "P313856.l08693",
                  "ref": "P313856.3.1",
                  "inst": "urdaka[servant]N",
                  "sig": "@saao/saa15%akk-x-neoass:ARAD-ka=ardu[slave//servant]N'N$urdaka",
                  "f": {
                    "lang": "akk-x-neoass",
                    "form": "ARAD-ka",
                    "cf": "ardu",
                    "gw": "slave",
                    "sense": "servant",
                    "norm": "urdaka",
                    "pos": "N",
                    "epos": "N"
                  }
                },
                {
                  "node": "l",
                  "frag": "{1}x",
                  "id": "P313856.l08694",
                  "ref": "P313856.3.2",
                  "inst": "u",
                  "f": {
                    "lang": "akk-x-neoass",
                    "form": "{1}x",
                    "pos": "u"
                  }
                },
                {
                  "node": "l",
                  "frag": "x",
                  "id": "P313856.l08695",
                  "ref": "P313856.3.3",
                  "inst": "u",
                  "f": {
                    "lang": "akk-x-neoass",
                    "form": "x",
                    "pos": "u"
                  }
                },
                {
                  "node": "l",
                  "frag": "x",
                  "id": "P313856.l08696",
                  "ref": "P313856.3.4",
                  "inst": "u",
                  "f": {
                    "lang": "akk-x-neoass",
                    "form": "x",
                    "pos": "u"
                  }
                },
                {
                  "node": "l",
                  "frag": "x",
                  "id": "P313856.l08697",
                  "ref": "P313856.3.5",
                  "inst": "u",
                  "f": {
                    "lang": "akk-x-neoass",
                    "form": "x",
                    "pos": "u"
                  }
                },
                {
                  "node": "l",
                  "frag": "x]",
                  "id": "P313856.l08698",
                  "ref": "P313856.3.6",
                  "inst": "u",
                  "f": {
                    "lang": "akk-x-neoass",
                    "form": "x",
                    "pos": "u"
                  }
                },
                {
                  "node": "d",
                  "type": "line-start",
                  "ref": "P313856.4",
                  "n": "3",
                  "label": "o 3"
                },
                {
                  "node": "l",
                  "frag": "lu-u",
                  "id": "P313856.l08699",
                  "ref": "P313856.4.1",
                  "inst": "lū[may]MOD",
                  "sig": "@saao/saa15%akk-x-neoass:lu-u=lū[may//may]MOD'MOD$lū",
                  "f": {
                    "lang": "akk-x-neoass",
                    "form": "lu-u",
                    "cf": "lū",
                    "gw": "may",
                    "sense": "may",
                    "norm": "lū",
                    "pos": "MOD",
                    "epos": "MOD"
                  }
                },
                {
                  "node": "l",
                  "frag": "DI-⸢mu⸣",
                  "id": "P313856.l0869a",
                  "ref": "P313856.4.2",
                  "inst": "šulmu[health]N",
                  "sig": "@saao/saa15%akk-x-neoass:DI-mu=šulmu[completeness//health]N'N$šulmu",
                  "f": {
                    "lang": "akk-x-neoass",
                    "form": "DI-mu",
                    "cf": "šulmu",
                    "gw": "completeness",
                    "sense": "health",
                    "norm": "šulmu",
                    "pos": "N",
                    "epos": "N"
                  }
                },
                {
                  "node": "l",
                  "frag": "[a-na",
                  "id": "P313856.l0869b",
                  "ref": "P313856.4.3",
                  "inst": "ana[to]PRP",
                  "sig": "@saao/saa15%akk-x-neoass:a-na=ana[to//to]PRP'PRP$ana",
                  "f": {
                    "lang": "akk-x-neoass",
                    "form": "a-na",
                    "cf": "ana",
                    "gw": "to",
                    "sense": "to",
                    "norm": "ana",
                    "pos": "PRP",
                    "epos": "PRP"
                  }
                },
                {
                  "node": "l",
                  "frag": "LUGAL",
                  "id": "P313856.l0869c",
                  "ref": "P313856.4.4",
                  "inst": "šarri[king]N",
                  "sig": "@saao/saa15%akk-x-neoass:LUGAL=šarru[king//king]N'N$šarri",
                  "f": {
                    "lang": "akk-x-neoass",
                    "form": "LUGAL",
                    "cf": "šarru",
                    "gw": "king",
                    "sense": "king",
                    "norm": "šarri",
                    "pos": "N",
                    "epos": "N"
                  }
                },
                {
                  "node": "l",
                  "frag": "EN-ia]",
                  "id": "P313856.l0869d",
                  "ref": "P313856.4.5",
                  "inst": "bēlīya[lord]N",
                  "sig": "@saao/saa15%akk-x-neoass:EN-ia=bēlu[lord//lord]N'N$bēlīya",
                  "f": {
                    "lang": "akk-x-neoass",
                    "form": "EN-ia",
                    "cf": "bēlu",
                    "gw": "lord",
                    "sense": "lord",
                    "norm": "bēlīya",
                    "pos": "N",
                    "epos": "N"
                  }
                },
                {
                  "node": "d",
                  "type": "line-start",
                  "ref": "P313856.5",
                  "n": "4",
                  "label": "o 4"
                },
                {
                  "node": "l",
                  "frag": "LUGAL",
                  "id": "P313856.l0869e",
                  "ref": "P313856.5.1",
                  "inst": "šarru[king]N",
                  "sig": "@saao/saa15%akk-x-neoass:LUGAL=šarru[king//king]N'N$šarru",
                  "f": {
                    "lang": "akk-x-neoass",
                    "form": "LUGAL",
                    "cf": "šarru",
                    "gw": "king",
                    "sense": "king",
                    "norm": "šarru",
                    "pos": "N",
                    "epos": "N"
                  }
                },
                {
                  "node": "l",
                  "frag": "be-li₂",
                  "id": "P313856.l0869f",
                  "ref": "P313856.5.2",
                  "inst": "bēlī[lord]N",
                  "sig": "@saao/saa15%akk-x-neoass:be-li₂=bēlu[lord//lord]N'N$bēlī",
                  "f": {
                    "lang": "akk-x-neoass",
                    "form": "be-li₂",
                    "cf": "bēlu",
                    "gw": "lord",
                    "sense": "lord",
                    "norm": "bēlī",
                    "pos": "N",
                    "epos": "N"
                  }
                },
                {
                  "node": "l",
                  "frag": "[i-sa-ap-ra]",
                  "id": "P313856.l086a0",
                  "ref": "P313856.5.3",
                  "inst": "issapra[write]V",
                  "sig": "@saao/saa15%akk-x-neoass:i-sa-ap-ra=šapāru[send//write]V'V$issapra",
                  "f": {
                    "lang": "akk-x-neoass",
                    "form": "i-sa-ap-ra",
                    "cf": "šapāru",
                    "gw": "send",
                    "sense": "write",
                    "norm": "issapra",
                    "pos": "V",
                    "epos": "V"
                  }
                },
                {
                  "node": "d",
                  "type": "line-start",
                  "ref": "P313856.6",
                  "n": "5",
                  "label": "o 5"
                },
                {
                  "node": "l",
                  "frag": "ma-a",
                  "id": "P313856.l086a1",
                  "ref": "P313856.6.1",
                  "inst": "mā[saying]PRP",
                  "sig": "@saao/saa15%akk-x-neoass:ma-a=mā[saying//saying]PRP'PRP$mā",
                  "f": {
                    "lang": "akk-x-neoass",
                    "form": "ma-a",
                    "cf": "mā",
                    "gw": "saying",
                    "sense": "saying",
                    "norm": "mā",
                    "pos": "PRP",
                    "epos": "PRP"
                  }
                },
                {
                  "node": "l",
                  "frag": "DUMU.MI₂",
                  "id": "P313856.l086a2",
                  "ref": "P313856.6.2",
                  "inst": "mārtu[daughter]N$marʾat",
                  "sig": "@saao/saa15%akk-x-neoass:DUMU.MI₂=mārtu[daughter//daughter]N'N$marʾat",
                  "f": {
                    "lang": "akk-x-neoass",
                    "form": "DUMU.MI₂",
                    "cf": "mārtu",
                    "gw": "daughter",
                    "sense": "daughter",
                    "norm": "marʾat",
                    "pos": "N",
                    "epos": "N"
                  }
                },
                {
                  "node": "l",
                  "frag": "{1}⸢x⸣+[x",
                  "id": "P313856.l086a3",
                  "ref": "P313856.6.3",
                  "inst": "u",
                  "f": {
                    "lang": "akk-x-neoass",
                    "form": "{1}x+x",
                    "pos": "u"
                  }
                },
                {
                  "node": "l",
                  "frag": "x",
                  "id": "P313856.l086a4",
                  "ref": "P313856.6.4",
                  "inst": "u",
                  "f": {
                    "lang": "akk-x-neoass",
                    "form": "x",
                    "pos": "u"
                  }
                },
                {
                  "node": "l",
                  "frag": "x",
                  "id": "P313856.l086a5",
                  "ref": "P313856.6.5",
                  "inst": "u",
                  "f": {
                    "lang": "akk-x-neoass",
                    "form": "x",
                    "pos": "u"
                  }
                },
                {
                  "node": "l",
                  "frag": "x]",
                  "id": "P313856.l086a6",
                  "ref": "P313856.6.6",
                  "inst": "u",
                  "f": {
                    "lang": "akk-x-neoass",
                    "form": "x",
                    "pos": "u"
                  }
                },
                {
                  "node": "d",
                  "type": "line-start",
                  "ref": "P313856.7",
                  "n": "6",
                  "label": "o 6"
                },
                {
                  "node": "l",
                  "frag": "ta-la-ka",
                  "id": "P313856.l086a7",
                  "ref": "P313856.7.1",
                  "inst": "alāku[go//come]V$tallaka",
                  "sig": "@saao/saa15%akk-x-neoass:ta-la-ka=alāku[go//come]V'V$tallaka",
                  "f": {
                    "lang": "akk-x-neoass",
                    "form": "ta-la-ka",
                    "cf": "alāku",
                    "gw": "go",
                    "sense": "come",
                    "norm": "tallaka",
                    "pos": "V",
                    "epos": "V"
                  }
                },
                {
                  "node": "l",
                  "frag": "ERIM-⸢MEŠ⸣",
                  "id": "P313856.l086a8",
                  "ref": "P313856.7.2",
                  "inst": "ṣābāni[troops]N",
                  "sig": "@saao/saa15%akk-x-neoass:ERIM-MEŠ=ṣābu[people//troops]N'N$ṣābāni",
                  "f": {
                    "lang": "akk-x-neoass",
                    "form": "ERIM-MEŠ",
                    "cf": "ṣābu",
                    "gw": "people",
                    "sense": "troops",
                    "norm": "ṣābāni",
                    "pos": "N",
                    "epos": "N"
                  }
                },
                {
                  "node": "l",
                  "frag": "[x",
                  "id": "P313856.l086a9",
                  "ref": "P313856.7.3",
                  "inst": "u",
                  "f": {
                    "lang": "akk-x-neoass",
                    "form": "x",
                    "pos": "u"
                  }
                },
                {
                  "node": "l",
                  "frag": "x",
                  "id": "P313856.l086aa",
                  "ref": "P313856.7.4",
                  "inst": "u",
                  "f": {
                    "lang": "akk-x-neoass",
                    "form": "x",
                    "pos": "u"
                  }
                },
                {
                  "node": "l",
                  "frag": "x]",
                  "id": "P313856.l086ab",
                  "ref": "P313856.7.5",
                  "inst": "u",
                  "f": {
                    "lang": "akk-x-neoass",
                    "form": "x",
                    "pos": "u"
                  }
                },
                {
                  "node": "d",
                  "type": "line-start",
                  "ref": "P313856.8",
                  "n": "7",
                  "label": "o 7"
                },
                {
                  "node": "l",
                  "frag": "ma-aʾ-du-ti",
                  "id": "P313856.l086ac",
                  "ref": "P313856.8.1",
                  "inst": "mādu[many]AJ$maʾdūti",
                  "sig": "@saao/saa15%akk-x-neoass:ma-aʾ-du-ti=mādu[many//many]AJ'AJ$maʾdūti",
                  "f": {
                    "lang": "akk-x-neoass",
                    "form": "ma-aʾ-du-ti",
                    "cf": "mādu",
                    "gw": "many",
                    "sense": "many",
                    "norm": "maʾdūti",
                    "pos": "AJ",
                    "epos": "AJ"
                  }
                },
                {
                  "node": "l",
                  "frag": "i-[si-ša₂",
                  "id": "P313856.l086ad",
                  "ref": "P313856.8.2",
                  "inst": "išti[with]PRP$issīša",
                  "sig": "@saao/saa15%akk-x-neoass:i-si-ša₂=išti[with//with]PRP'PRP$issīša",
                  "f": {
                    "lang": "akk-x-neoass",
                    "form": "i-si-ša₂",
                    "cf": "išti",
                    "gw": "with",
                    "sense": "with",
                    "norm": "issīša",
                    "pos": "PRP",
                    "epos": "PRP"
                  }
                },
                {
                  "node": "l",
                  "frag": "NINDA-MEŠ]",
                  "id": "P313856.l086ae",
                  "ref": "P313856.8.3",
                  "inst": "kusāpī[bread]N",
                  "sig": "@saao/saa15%akk-x-neoass:NINDA-MEŠ=kusāpu[bread//bread]N'N$kusāpī",
                  "f": {
                    "lang": "akk-x-neoass",
                    "form": "NINDA-MEŠ",
                    "cf": "kusāpu",
                    "gw": "bread",
                    "sense": "bread",
                    "norm": "kusāpī",
                    "pos": "N",
                    "epos": "N"
                  }
                },
                {
                  "node": "d",
                  "type": "line-start",
                  "ref": "P313856.9",
                  "n": "8",
                  "label": "o 8"
                },
                {
                  "node": "l",
                  "frag": "⸢ma⸣-a",
                  "id": "P313856.l086af",
                  "ref": "P313856.9.1",
                  "inst": "mā[saying]PRP",
                  "sig": "@saao/saa15%akk-x-neoass:ma-a=mā[saying//saying]PRP'PRP$mā",
                  "f": {
                    "lang": "akk-x-neoass",
                    "form": "ma-a",
                    "cf": "mā",
                    "gw": "saying",
                    "sense": "saying",
                    "norm": "mā",
                    "pos": "PRP",
                    "epos": "PRP"
                  }
                },
                {
                  "node": "l",
                  "frag": "le\\m-ku-lu",
                  "id": "P313856.l086b0",
                  "ref": "P313856.9.2",
                  "inst": "lēkulu[eat]V",
                  "sig": "@saao/saa15%akk-x-neoass:le-ku-lu=akālu[eat//eat]V'V$lēkulu",
                  "f": {
                    "lang": "akk-x-neoass",
                    "form": "le-ku-lu",
                    "cf": "akālu",
                    "gw": "eat",
                    "sense": "eat",
                    "norm": "lēkulu",
                    "pos": "V",
                    "epos": "V"
                  }
                },
                {
                  "node": "l",
                  "frag": "⸢GEŠTIN⸣-[MEŠ",
                  "id": "P313856.l086b1",
                  "ref": "P313856.9.3",
                  "inst": "karānī[wine]N",
                  "sig": "@saao/saa15%akk-x-neoass:GEŠTIN-MEŠ=karānu[vine//wine]N'N$karānī",
                  "f": {
                    "lang": "akk-x-neoass",
                    "form": "GEŠTIN-MEŠ",
                    "cf": "karānu",
                    "gw": "vine",
                    "sense": "wine",
                    "norm": "karānī",
                    "pos": "N",
                    "epos": "N"
                  }
                },
                {
                  "node": "l",
                  "frag": "li-si-u]",
                  "id": "P313856.l086b2",
                  "ref": "P313856.9.4",
                  "inst": "šatû[drink]V$lissiu",
                  "sig": "@saao/saa15%akk-x-neoass:li-si-u=šatû[drink//drink]V'V$lissiu",
                  "f": {
                    "lang": "akk-x-neoass",
                    "form": "li-si-u",
                    "cf": "šatû",
                    "gw": "drink",
                    "sense": "drink",
                    "norm": "lissiu",
                    "pos": "V",
                    "epos": "V"
                  }
                },
                {
                  "node": "d",
                  "type": "line-start",
                  "ref": "P313856.10",
                  "n": "9",
                  "label": "o 9"
                },
                {
                  "node": "l",
                  "frag": "[I₃]-⸢MEŠ⸣",
                  "id": "P313856.l086b3",
                  "ref": "P313856.10.1",
                  "inst": "šamnī[oil]N",
                  "sig": "@saao/saa15%akk-x-neoass:I₃-MEŠ=šamnu[oil//oil]N'N$šamnī",
                  "f": {
                    "lang": "akk-x-neoass",
                    "form": "I₃-MEŠ",
                    "cf": "šamnu",
                    "gw": "oil",
                    "sense": "oil",
                    "norm": "šamnī",
                    "pos": "N",
                    "epos": "N"
                  }
                },
                {
                  "node": "l",
                  "frag": "DUG₃.GA",
                  "id": "P313856.l086b4",
                  "ref": "P313856.10.2",
                  "inst": "ṭābu[good]AJ$ṭābūti",
                  "sig": "@saao/saa15%akk-x-neoass:DUG₃.GA=ṭābu[good//good]AJ'AJ$ṭābūti",
                  "f": {
                    "lang": "akk-x-neoass",
                    "form": "DUG₃.GA",
                    "cf": "ṭābu",
                    "gw": "good",
                    "sense": "good",
                    "norm": "ṭābūti",
                    "pos": "AJ",
                    "epos": "AJ"
                  }
                },
                {
                  "node": "l",
                  "frag": "da\\d-[x",
                  "id": "P313856.l086b5",
                  "ref": "P313856.10.3",
                  "inst": "u",
                  "f": {
                    "lang": "akk-x-neoass",
                    "form": "da-x",
                    "pos": "u"
                  }
                },
                {
                  "node": "l",
                  "frag": "x",
                  "id": "P313856.l086b6",
                  "ref": "P313856.10.4",
                  "inst": "u",
                  "f": {
                    "lang": "akk-x-neoass",
                    "form": "x",
                    "pos": "u"
                  }
                },
                {
                  "node": "l",
                  "frag": "x",
                  "id": "P313856.l086b7",
                  "ref": "P313856.10.5",
                  "inst": "u",
                  "f": {
                    "lang": "akk-x-neoass",
                    "form": "x",
                    "pos": "u"
                  }
                },
                {
                  "node": "l",
                  "frag": "x]",
                  "id": "P313856.l086b8",
                  "ref": "P313856.10.6",
                  "inst": "u",
                  "f": {
                    "lang": "akk-x-neoass",
                    "form": "x",
                    "pos": "u"
                  }
                },
                {
                  "node": "d",
                  "type": "line-start",
                  "ref": "P313856.11",
                  "n": "10",
                  "label": "o 10"
                },
                {
                  "node": "l",
                  "frag": "[x",
                  "id": "P313856.l086b9",
                  "ref": "P313856.11.1",
                  "inst": "u",
                  "f": {
                    "lang": "akk-x-neoass",
                    "form": "x",
                    "pos": "u"
                  }
                },
                {
                  "node": "l",
                  "frag": "x]-NAM",
                  "id": "P313856.l086ba",
                  "ref": "P313856.11.2",
                  "inst": "u",
                  "f": {
                    "lang": "akk-x-neoass",
                    "form": "x-NAM",
                    "pos": "u"
                  }
                },
                {
                  "node": "l",
                  "frag": "{⸢lu₂vy⸣}[x",
                  "id": "P313856.l086bb",
                  "ref": "P313856.11.3",
                  "inst": "u",
                  "f": {
                    "lang": "akk-x-neoass",
                    "form": "{LU₂}x",
                    "pos": "u"
                  }
                },
                {
                  "node": "l",
                  "frag": "x",
                  "id": "P313856.l086bc",
                  "ref": "P313856.11.4",
                  "inst": "u",
                  "f": {
                    "lang": "akk-x-neoass",
                    "form": "x",
                    "pos": "u"
                  }
                },
                {
                  "node": "l",
                  "frag": "x",
                  "id": "P313856.l086bd",
                  "ref": "P313856.11.5",
                  "inst": "u",
                  "f": {
                    "lang": "akk-x-neoass",
                    "form": "x",
                    "pos": "u"
                  }
                },
                {
                  "node": "l",
                  "frag": "x",
                  "id": "P313856.l086be",
                  "ref": "P313856.11.6",
                  "inst": "u",
                  "f": {
                    "lang": "akk-x-neoass",
                    "form": "x",
                    "pos": "u"
                  }
                },
                {
                  "node": "l",
                  "frag": "x]",
                  "id": "P313856.l086bf",
                  "ref": "P313856.11.7",
                  "inst": "u",
                  "f": {
                    "lang": "akk-x-neoass",
                    "form": "x",
                    "pos": "u"
                  }
                },
                {
                  "node": "d",
                  "type": "nonx",
                  "ref": "P313856.12",
                  "strict": "0",
                  "extent": "rest",
                  "state": "missing"
                },
                {
                  "node": "d",
                  "subtype": "reverse",
                  "type": "reverse",
                  "ref": "P313856.r.13",
                  "label": "r"
                },
                {
                  "node": "d",
                  "type": "nonx",
                  "ref": "P313856.14",
                  "strict": "0",
                  "state": "other"
                }
              ]
            }
          ]
        }
      ]
    }
  ]
}
