{
  "type": "cdl",
  "source": "http://oracc.org/saao/saa15",
  "license": "This data is released under the CC0 license",
  "license-url": "https://creativecommons.org/publicdomain/zero/1.0/",
  "more-info": "http://oracc.org/doc/opendata/",
  "UTC-timestamp": "2017-06-10T00:55:42",
  "project": "saao/saa15",
  "textid": "P313481",
  "cdl": [
    {
      "node": "c",
      "type": "text",
      "id": "P313481.U0",
      "cdl": [
        {
          "node": "d",
          "type": "object",
          "ref": ""
        },
        {
          "node": "d",
          "subtype": "obverse",
          "type": "obverse",
          "ref": "P313481.o.1",
          "label": "o"
        },
        {
          "node": "d",
          "type": "nonx",
          "ref": "P313481.2",
          "strict": "0",
          "extent": "beginning",
          "state": "missing"
        },
        {
          "node": "c",
          "type": "discourse",
          "subtype": "body",
          "id": "P313481.U1",
          "cdl": [
            {
              "node": "c",
              "type": "sentence",
              "id": "P313481.U2",
              "label": "o 1' - r 9",
              "cdl": [
                {
                  "node": "d",
                  "type": "line-start",
                  "ref": "P313481.3",
                  "n": "1'",
                  "label": "o 1'"
                },
                {
                  "node": "l",
                  "frag": "[x",
                  "id": "P313481.l02a6c",
                  "ref": "P313481.3.1",
                  "inst": "u",
                  "f": {
                    "lang": "akk-x-neoass",
                    "form": "x",
                    "pos": "u"
                  }
                },
                {
                  "node": "l",
                  "frag": "x",
                  "id": "P313481.l02a6d",
                  "ref": "P313481.3.2",
                  "inst": "u",
                  "f": {
                    "lang": "akk-x-neoass",
                    "form": "x",
                    "pos": "u"
                  }
                },
                {
                  "node": "l",
                  "frag": "x",
                  "id": "P313481.l02a6e",
                  "ref": "P313481.3.3",
                  "inst": "u",
                  "f": {
                    "lang": "akk-x-neoass",
                    "form": "x",
                    "pos": "u"
                  }
                },
                {
                  "node": "l",
                  "frag": "x]-bi-šu₂-⸢nu⸣",
                  "id": "P313481.l02a6f",
                  "ref": "P313481.3.4",
                  "inst": "u",
                  "f": {
                    "lang": "akk-x-neoass",
                    "form": "x-bi-šu₂-nu",
                    "pos": "u"
                  }
                },
                {
                  "node": "l",
                  "frag": "[x",
                  "id": "P313481.l02a70",
                  "ref": "P313481.3.5",
                  "inst": "u",
                  "f": {
                    "lang": "akk-x-neoass",
                    "form": "x",
                    "pos": "u"
                  }
                },
                {
                  "node": "l",
                  "frag": "x",
                  "id": "P313481.l02a71",
                  "ref": "P313481.3.6",
                  "inst": "u",
                  "f": {
                    "lang": "akk-x-neoass",
                    "form": "x",
                    "pos": "u"
                  }
                },
                {
                  "node": "l",
                  "frag": "x]",
                  "id": "P313481.l02a72",
                  "ref": "P313481.3.7",
                  "inst": "u",
                  "f": {
                    "lang": "akk-x-neoass",
                    "form": "x",
                    "pos": "u"
                  }
                },
                {
                  "node": "d",
                  "type": "line-start",
                  "ref": "P313481.4",
                  "n": "2'",
                  "label": "o 2'"
                },
                {
                  "node": "l",
                  "frag": "[ša]",
                  "id": "P313481.l02a73",
                  "ref": "P313481.4.1",
                  "inst": "ša[which]REL",
                  "sig": "@saao/saa15%akk-x-neoass:ša=ša[that//which]REL'REL$ša",
                  "f": {
                    "lang": "akk-x-neoass",
                    "form": "ša",
                    "cf": "ša",
                    "gw": "that",
                    "sense": "which",
                    "norm": "ša",
                    "pos": "REL",
                    "epos": "REL"
                  }
                },
                {
                  "node": "l",
                  "frag": "ṣa-hi-it-te-šu₂-nu",
                  "id": "P313481.l02a74",
                  "ref": "P313481.4.2",
                  "inst": "ṣahittu[wish//valuables]N$ṣahittešunu",
                  "sig": "@saao/saa15%akk-x-neoass:ṣa-hi-it-te-šu₂-nu=ṣahittu[wish//valuables]N'N$ṣahittešunu",
                  "f": {
                    "lang": "akk-x-neoass",
                    "form": "ṣa-hi-it-te-šu₂-nu",
                    "cf": "ṣahittu",
                    "gw": "wish",
                    "sense": "valuables",
                    "norm": "ṣahittešunu",
                    "pos": "N",
                    "epos": "N"
                  }
                },
                {
                  "node": "l",
                  "frag": "la-a",
                  "id": "P313481.l02a75",
                  "ref": "P313481.4.3",
                  "inst": "lā[not]MOD",
                  "sig": "@saao/saa15%akk-x-neoass:la-a=lā[not//not]MOD'MOD$lā",
                  "f": {
                    "lang": "akk-x-neoass",
                    "form": "la-a",
                    "cf": "lā",
                    "gw": "not",
                    "sense": "not",
                    "norm": "lā",
                    "pos": "MOD",
                    "epos": "MOD"
                  }
                },
                {
                  "node": "l",
                  "frag": "me-me-⸢ni⸣",
                  "id": "P313481.l02a76",
                  "ref": "P313481.4.4",
                  "inst": "memmēni[anything]XP",
                  "sig": "@saao/saa15%akk-x-neoass:me-me-ni=memēni[somebody//anything]XP'XP$memmēni",
                  "f": {
                    "lang": "akk-x-neoass",
                    "form": "me-me-ni",
                    "cf": "memēni",
                    "gw": "somebody",
                    "sense": "anything",
                    "norm": "memmēni",
                    "pos": "XP",
                    "epos": "XP"
                  }
                },
                {
                  "node": "d",
                  "type": "line-start",
                  "ref": "P313481.5",
                  "n": "3'",
                  "label": "o 3'"
                },
                {
                  "node": "l",
                  "frag": "[la]",
                  "id": "P313481.l02a77",
                  "ref": "P313481.5.1",
                  "inst": "lā[not]MOD",
                  "sig": "@saao/saa15%akk-x-neoass:la=lā[not//not]MOD'MOD$lā",
                  "f": {
                    "lang": "akk-x-neoass",
                    "form": "la",
                    "cf": "lā",
                    "gw": "not",
                    "sense": "not",
                    "norm": "lā",
                    "pos": "MOD",
                    "epos": "MOD"
                  }
                },
                {
                  "node": "l",
                  "frag": "na-ṣu-u-ni-šu₂-nu",
                  "id": "P313481.l02a78",
                  "ref": "P313481.5.2",
                  "inst": "našû[lifted//brought]AJ$naṣūniššunu",
                  "sig": "@saao/saa15%akk-x-neoass:na-ṣu-u-ni-šu₂-nu=našû[lifted//brought]AJ'AJ$naṣūniššunu",
                  "f": {
                    "lang": "akk-x-neoass",
                    "form": "na-ṣu-u-ni-šu₂-nu",
                    "cf": "našû",
                    "gw": "lifted",
                    "sense": "brought",
                    "norm": "naṣūniššunu",
                    "pos": "AJ",
                    "epos": "AJ"
                  }
                },
                {
                  "node": "d",
                  "type": "line-start",
                  "ref": "P313481.6",
                  "n": "4'",
                  "label": "o 4'"
                },
                {
                  "node": "l",
                  "frag": "[dul]-⸢li⸣",
                  "id": "P313481.l02a79",
                  "ref": "P313481.6.1",
                  "inst": "dulli[work]N",
                  "sig": "@saao/saa15%akk-x-neoass:dul-li=dullu[trouble//work]N'N$dulli",
                  "f": {
                    "lang": "akk-x-neoass",
                    "form": "dul-li",
                    "cf": "dullu",
                    "gw": "trouble",
                    "sense": "work",
                    "norm": "dulli",
                    "pos": "N",
                    "epos": "N"
                  }
                },
                {
                  "node": "l",
                  "frag": "LUGAL",
                  "id": "P313481.l02a7a",
                  "ref": "P313481.6.2",
                  "inst": "šarri[king]N",
                  "sig": "@saao/saa15%akk-x-neoass:LUGAL=šarru[king//king]N'N$šarri",
                  "f": {
                    "lang": "akk-x-neoass",
                    "form": "LUGAL",
                    "cf": "šarru",
                    "gw": "king",
                    "sense": "king",
                    "norm": "šarri",
                    "pos": "N",
                    "epos": "N"
                  }
                },
                {
                  "node": "c",
                  "type": "phrase",
                  "tag": "phr",
                  "id": "P313481.U4",
                  "ref": "P313481.ls00000",
                  "cdl": [
                    {
                      "node": "l",
                      "frag": "ina",
                      "id": "P313481.l02a7b",
                      "ref": "P313481.6.3",
                      "inst": "ina[in+=there]PRP",
                      "sig": "@saao/saa15%akk-x-neoass:ina=ina[in//in]PRP'PRP$ina",
                      "f": {
                        "lang": "akk-x-neoass",
                        "form": "ina",
                        "cf": "ina",
                        "gw": "in",
                        "sense": "in",
                        "norm": "ina",
                        "pos": "PRP",
                        "epos": "PRP"
                      }
                    },
                    {
                      "node": "l",
                      "frag": "ŠA₃-bi",
                      "id": "P313481.l02a7c",
                      "ref": "P313481.6.4",
                      "inst": "libbi[interior]N",
                      "sig": "@saao/saa15%akk-x-neoass:ŠA₃-bi=libbu[interior//interior]N'N$libbi",
                      "f": {
                        "lang": "akk-x-neoass",
                        "form": "ŠA₃-bi",
                        "cf": "libbu",
                        "gw": "interior",
                        "sense": "interior",
                        "norm": "libbi",
                        "pos": "N",
                        "epos": "N"
                      }
                    }
                  ]
                },
                {
                  "node": "l",
                  "frag": "e-tap-aš₂",
                  "id": "P313481.l02a7d",
                  "ref": "P313481.6.5",
                  "inst": "epēšu[do]V$ētapaš",
                  "sig": "@saao/saa15%akk-x-neoass:e-tap-aš₂=epēšu[do//do]V'V$ētapaš",
                  "f": {
                    "lang": "akk-x-neoass",
                    "form": "e-tap-aš₂",
                    "cf": "epēšu",
                    "gw": "do",
                    "sense": "do",
                    "norm": "ētapaš",
                    "pos": "V",
                    "epos": "V"
                  }
                },
                {
                  "node": "d",
                  "type": "line-start",
                  "ref": "P313481.7",
                  "n": "5'",
                  "label": "o 5'"
                },
                {
                  "node": "l",
                  "frag": "[u₃]",
                  "id": "P313481.l02a7e",
                  "ref": "P313481.7.1",
                  "inst": "u[and]CNJ",
                  "sig": "@saao/saa15%akk-x-neoass:u₃=u[and//and]CNJ'CNJ$u",
                  "f": {
                    "lang": "akk-x-neoass",
                    "form": "u₃",
                    "cf": "u",
                    "gw": "and",
                    "sense": "and",
                    "norm": "u",
                    "pos": "CNJ",
                    "epos": "CNJ"
                  }
                },
                {
                  "node": "l",
                  "frag": "LUGAL",
                  "id": "P313481.l02a7f",
                  "ref": "P313481.7.2",
                  "inst": "šarru[king]N",
                  "sig": "@saao/saa15%akk-x-neoass:LUGAL=šarru[king//king]N'N$šarru",
                  "f": {
                    "lang": "akk-x-neoass",
                    "form": "LUGAL",
                    "cf": "šarru",
                    "gw": "king",
                    "sense": "king",
                    "norm": "šarru",
                    "pos": "N",
                    "epos": "N"
                  }
                },
                {
                  "node": "l",
                  "frag": "be-li₂",
                  "id": "P313481.l02a80",
                  "ref": "P313481.7.3",
                  "inst": "bēlī[lord]N",
                  "sig": "@saao/saa15%akk-x-neoass:be-li₂=bēlu[lord//lord]N'N$bēlī",
                  "f": {
                    "lang": "akk-x-neoass",
                    "form": "be-li₂",
                    "cf": "bēlu",
                    "gw": "lord",
                    "sense": "lord",
                    "norm": "bēlī",
                    "pos": "N",
                    "epos": "N"
                  }
                },
                {
                  "node": "l",
                  "frag": "ih-tar-dan-ni",
                  "id": "P313481.l02a81",
                  "ref": "P313481.7.4",
                  "inst": "harādu[be(come) awake//alert]V$ihtardanni",
                  "sig": "@saao/saa15%akk-x-neoass:ih-tar-dan-ni=harādu[be(come) awake//alert]V'V$ihtardanni",
                  "f": {
                    "lang": "akk-x-neoass",
                    "form": "ih-tar-dan-ni",
                    "cf": "harādu",
                    "gw": "be(come) awake",
                    "sense": "alert",
                    "norm": "ihtardanni",
                    "pos": "V",
                    "epos": "V"
                  }
                },
                {
                  "node": "d",
                  "type": "line-start",
                  "ref": "P313481.8",
                  "n": "6'",
                  "label": "o 6'"
                },
                {
                  "node": "l",
                  "frag": "{[lu₂v}qur]-bu-te",
                  "id": "P313481.l02a82",
                  "ref": "P313481.8.1",
                  "inst": "ša-qurbūte[(royal) confidant]N",
                  "sig": "@saao/saa15%akk-x-neoass:{LU₂}qur-bu-te=ša-qurbūti[close follower//(royal) confidant]N'N$ša-qurbūte",
                  "f": {
                    "lang": "akk-x-neoass",
                    "form": "{LU₂}qur-bu-te",
                    "cf": "ša-qurbūti",
                    "gw": "close follower",
                    "sense": "(royal) confidant",
                    "norm": "ša-qurbūte",
                    "pos": "N",
                    "epos": "N"
                  }
                },
                {
                  "node": "l",
                  "frag": "i-sap-ra",
                  "id": "P313481.l02a83",
                  "ref": "P313481.8.2",
                  "inst": "šapāru[send]V$issapra",
                  "sig": "@saao/saa15%akk-x-neoass:i-sap-ra=šapāru[send//send]V'V$issapra",
                  "f": {
                    "lang": "akk-x-neoass",
                    "form": "i-sap-ra",
                    "cf": "šapāru",
                    "gw": "send",
                    "sense": "send",
                    "norm": "issapra",
                    "pos": "V",
                    "epos": "V"
                  }
                },
                {
                  "node": "d",
                  "type": "line-start",
                  "ref": "P313481.9",
                  "n": "7'",
                  "label": "o 7'"
                },
                {
                  "node": "l",
                  "frag": "[ma-a]",
                  "id": "P313481.l02a84",
                  "ref": "P313481.9.1",
                  "inst": "mā[saying]PRP",
                  "sig": "@saao/saa15%akk-x-neoass:ma-a=mā[saying//saying]PRP'PRP$mā",
                  "f": {
                    "lang": "akk-x-neoass",
                    "form": "ma-a",
                    "cf": "mā",
                    "gw": "saying",
                    "sense": "saying",
                    "norm": "mā",
                    "pos": "PRP",
                    "epos": "PRP"
                  }
                },
                {
                  "node": "l",
                  "frag": "{giš}UR₃\\m-MEŠ",
                  "id": "P313481.l02a85",
                  "ref": "P313481.9.2",
                  "inst": "gušūrī[log]N",
                  "sig": "@saao/saa15%akk-x-neoass:{GIŠ}UR₃-MEŠ=gušūru[tree-trunk//log]N'N$gušūrī",
                  "f": {
                    "lang": "akk-x-neoass",
                    "form": "{GIŠ}UR₃-MEŠ",
                    "cf": "gušūru",
                    "gw": "tree-trunk",
                    "sense": "log",
                    "norm": "gušūrī",
                    "pos": "N",
                    "epos": "N"
                  }
                },
                {
                  "node": "l",
                  "frag": "lil-lik",
                  "id": "P313481.l02a86",
                  "ref": "P313481.9.3",
                  "inst": "lillik[go]V",
                  "sig": "@saao/saa15%akk-x-neoass:lil-lik=alāku[go//go]V'V$lillik",
                  "f": {
                    "lang": "akk-x-neoass",
                    "form": "lil-lik",
                    "cf": "alāku",
                    "gw": "go",
                    "sense": "go",
                    "norm": "lillik",
                    "pos": "V",
                    "epos": "V"
                  }
                },
                {
                  "node": "l",
                  "frag": "li-in-tu₂-ha",
                  "id": "P313481.l02a87",
                  "ref": "P313481.9.4",
                  "inst": "matāhu[lift//pick up]V$lintuha",
                  "sig": "@saao/saa15%akk-x-neoass:li-in-tu₂-ha=matāhu[lift//pick up]V'V$lintuha",
                  "f": {
                    "lang": "akk-x-neoass",
                    "form": "li-in-tu₂-ha",
                    "cf": "matāhu",
                    "gw": "lift",
                    "sense": "pick up",
                    "norm": "lintuha",
                    "pos": "V",
                    "epos": "V"
                  }
                },
                {
                  "node": "d",
                  "type": "line-start",
                  "ref": "P313481.10",
                  "n": "8'",
                  "label": "o 8'"
                },
                {
                  "node": "l",
                  "frag": "⸢u₃⸣",
                  "id": "P313481.l02a88",
                  "ref": "P313481.10.1",
                  "inst": "u[and]CNJ",
                  "sig": "@saao/saa15%akk-x-neoass:u₃=u[and//and]CNJ'CNJ$u",
                  "f": {
                    "lang": "akk-x-neoass",
                    "form": "u₃",
                    "cf": "u",
                    "gw": "and",
                    "sense": "and",
                    "norm": "u",
                    "pos": "CNJ",
                    "epos": "CNJ"
                  }
                },
                {
                  "node": "l",
                  "frag": "{giš}UR₃\\m-MEŠ",
                  "id": "P313481.l02a89",
                  "ref": "P313481.10.2",
                  "inst": "gušūrī[log]N",
                  "sig": "@saao/saa15%akk-x-neoass:{GIŠ}UR₃-MEŠ=gušūru[tree-trunk//log]N'N$gušūrī",
                  "f": {
                    "lang": "akk-x-neoass",
                    "form": "{GIŠ}UR₃-MEŠ",
                    "cf": "gušūru",
                    "gw": "tree-trunk",
                    "sense": "log",
                    "norm": "gušūrī",
                    "pos": "N",
                    "epos": "N"
                  }
                },
                {
                  "node": "l",
                  "frag": "am-ma-ka",
                  "id": "P313481.l02a8a",
                  "ref": "P313481.10.3",
                  "inst": "ammaka[there]AV$ammāka",
                  "sig": "@saao/saa15%akk-x-neoass:am-ma-ka=ammaka[there//there]AV'AV$ammāka",
                  "f": {
                    "lang": "akk-x-neoass",
                    "form": "am-ma-ka",
                    "cf": "ammaka",
                    "gw": "there",
                    "sense": "there",
                    "norm": "ammāka",
                    "pos": "AV",
                    "epos": "AV"
                  }
                },
                {
                  "node": "l",
                  "frag": "la-a-šu₂\\d",
                  "id": "P313481.l02a8b",
                  "ref": "P313481.10.4",
                  "inst": "laššu[(there) is not]V$lāšu",
                  "sig": "@saao/saa15%akk-x-neoass:la-a-šu₂=laššu[(there) is not//(there) is not]V'V$lāšu",
                  "f": {
                    "lang": "akk-x-neoass",
                    "form": "la-a-šu₂",
                    "cf": "laššu",
                    "gw": "(there) is not",
                    "sense": "(there) is not",
                    "norm": "lāšu",
                    "pos": "V",
                    "epos": "V"
                  }
                },
                {
                  "node": "d",
                  "type": "line-start",
                  "ref": "P313481.11",
                  "n": "9'",
                  "label": "o 9'"
                },
                {
                  "node": "l",
                  "frag": "DINGIR-MEŠ-ni",
                  "id": "P313481.l02a8c",
                  "ref": "P313481.11.1",
                  "inst": "ilāni[god]N",
                  "sig": "@saao/saa15%akk-x-neoass:DINGIR-MEŠ-ni=ilu[god//god]N'N$ilāni",
                  "f": {
                    "lang": "akk-x-neoass",
                    "form": "DINGIR-MEŠ-ni",
                    "cf": "ilu",
                    "gw": "god",
                    "sense": "god",
                    "norm": "ilāni",
                    "pos": "N",
                    "epos": "N"
                  }
                },
                {
                  "node": "l",
                  "frag": "ša",
                  "id": "P313481.l02a8d",
                  "ref": "P313481.11.2",
                  "inst": "ša[of]DET",
                  "sig": "@saao/saa15%akk-x-neoass:ša=ša[of//of]DET'DET$ša",
                  "f": {
                    "lang": "akk-x-neoass",
                    "form": "ša",
                    "cf": "ša",
                    "gw": "of",
                    "sense": "of",
                    "norm": "ša",
                    "pos": "DET",
                    "epos": "DET"
                  }
                },
                {
                  "node": "l",
                  "frag": "LUGAL\\d",
                  "id": "P313481.l02a8e",
                  "ref": "P313481.11.3",
                  "inst": "šarri[king]N",
                  "sig": "@saao/saa15%akk-x-neoass:LUGAL=šarru[king//king]N'N$šarri",
                  "f": {
                    "lang": "akk-x-neoass",
                    "form": "LUGAL",
                    "cf": "šarru",
                    "gw": "king",
                    "sense": "king",
                    "norm": "šarri",
                    "pos": "N",
                    "epos": "N"
                  }
                },
                {
                  "node": "l",
                  "frag": "EN-a",
                  "id": "P313481.l02a8f",
                  "ref": "P313481.11.4",
                  "inst": "bēlīya[lord]N",
                  "sig": "@saao/saa15%akk-x-neoass:EN-a=bēlu[lord//lord]N'N$bēlīya",
                  "f": {
                    "lang": "akk-x-neoass",
                    "form": "EN-a",
                    "cf": "bēlu",
                    "gw": "lord",
                    "sense": "lord",
                    "norm": "bēlīya",
                    "pos": "N",
                    "epos": "N"
                  }
                },
                {
                  "node": "d",
                  "subtype": "bottom",
                  "type": "bottom",
                  "ref": "P313481.b.e..12",
                  "label": "b.e."
                },
                {
                  "node": "d",
                  "type": "line-start",
                  "ref": "P313481.13",
                  "n": "10'",
                  "label": "b.e. 10'"
                },
                {
                  "node": "l",
                  "frag": "šum₂-mu",
                  "id": "P313481.l02a90",
                  "ref": "P313481.13.1",
                  "inst": "šummu[if]MOD",
                  "sig": "@saao/saa15%akk-x-neoass:šum₂-mu=šumma[if//if]MOD'MOD$šummu",
                  "f": {
                    "lang": "akk-x-neoass",
                    "form": "šum₂-mu",
                    "cf": "šumma",
                    "gw": "if",
                    "sense": "if",
                    "norm": "šummu",
                    "pos": "MOD",
                    "epos": "MOD"
                  }
                },
                {
                  "node": "l",
                  "frag": "{giš}UR₃\\m-MEŠ",
                  "id": "P313481.l02a91",
                  "ref": "P313481.13.2",
                  "inst": "gušūrī[log]N",
                  "sig": "@saao/saa15%akk-x-neoass:{GIŠ}UR₃-MEŠ=gušūru[tree-trunk//log]N'N$gušūrī",
                  "f": {
                    "lang": "akk-x-neoass",
                    "form": "{GIŠ}UR₃-MEŠ",
                    "cf": "gušūru",
                    "gw": "tree-trunk",
                    "sense": "log",
                    "norm": "gušūrī",
                    "pos": "N",
                    "epos": "N"
                  }
                },
                {
                  "node": "l",
                  "frag": "i-ba-šu-ni",
                  "id": "P313481.l02a92",
                  "ref": "P313481.13.3",
                  "inst": "ibaššûni[exist]V",
                  "sig": "@saao/saa15%akk-x-neoass:i-ba-šu-ni=bašû[exist//exist]V'V$ibaššûni",
                  "f": {
                    "lang": "akk-x-neoass",
                    "form": "i-ba-šu-ni",
                    "cf": "bašû",
                    "gw": "exist",
                    "sense": "exist",
                    "norm": "ibaššûni",
                    "pos": "V",
                    "epos": "V"
                  }
                },
                {
                  "node": "d",
                  "type": "line-start",
                  "ref": "P313481.14",
                  "n": "11'",
                  "label": "b.e. 11'"
                },
                {
                  "node": "c",
                  "type": "phrase",
                  "tag": "phr",
                  "id": "P313481.U5",
                  "ref": "P313481.ls00001",
                  "cdl": [
                    {
                      "node": "l",
                      "frag": "TA@v\\m",
                      "id": "P313481.l02a93",
                      "ref": "P313481.14.1",
                      "inst": "issu[from+=from]PRP",
                      "sig": "@saao/saa15%akk-x-neoass:TA@v=ištu[from//from]PRP'PRP$issu",
                      "f": {
                        "lang": "akk-x-neoass",
                        "form": "TA@v",
                        "cf": "ištu",
                        "gw": "from",
                        "sense": "from",
                        "norm": "issu",
                        "pos": "PRP",
                        "epos": "PRP"
                      }
                    },
                    {
                      "node": "l",
                      "frag": "IGI",
                      "id": "P313481.l02a94",
                      "ref": "P313481.14.2",
                      "inst": "pān[front]N",
                      "sig": "@saao/saa15%akk-x-neoass:IGI=pānu[front//front]N'N$pān",
                      "f": {
                        "lang": "akk-x-neoass",
                        "form": "IGI",
                        "cf": "pānu",
                        "gw": "front",
                        "sense": "front",
                        "norm": "pān",
                        "pos": "N",
                        "epos": "N"
                      }
                    }
                  ]
                },
                {
                  "node": "l",
                  "frag": "LUGAL\\d",
                  "id": "P313481.l02a95",
                  "ref": "P313481.14.3",
                  "inst": "šarri[king]N",
                  "sig": "@saao/saa15%akk-x-neoass:LUGAL=šarru[king//king]N'N$šarri",
                  "f": {
                    "lang": "akk-x-neoass",
                    "form": "LUGAL",
                    "cf": "šarru",
                    "gw": "king",
                    "sense": "king",
                    "norm": "šarri",
                    "pos": "N",
                    "epos": "N"
                  }
                },
                {
                  "node": "l",
                  "frag": "EN-a",
                  "id": "P313481.l02a96",
                  "ref": "P313481.14.4",
                  "inst": "bēlīya[lord]N",
                  "sig": "@saao/saa15%akk-x-neoass:EN-a=bēlu[lord//lord]N'N$bēlīya",
                  "f": {
                    "lang": "akk-x-neoass",
                    "form": "EN-a",
                    "cf": "bēlu",
                    "gw": "lord",
                    "sense": "lord",
                    "norm": "bēlīya",
                    "pos": "N",
                    "epos": "N"
                  }
                },
                {
                  "node": "l",
                  "frag": "u₂-pa-za-ru-ni",
                  "id": "P313481.l02a97",
                  "ref": "P313481.14.5",
                  "inst": "pazāru[hide o.s.//hide]V$upazzarūni",
                  "sig": "@saao/saa15%akk-x-neoass:u₂-pa-za-ru-ni=pazāru[hide o.s.//hide]V'V$upazzarūni",
                  "f": {
                    "lang": "akk-x-neoass",
                    "form": "u₂-pa-za-ru-ni",
                    "cf": "pazāru",
                    "gw": "hide o.s.",
                    "sense": "hide",
                    "norm": "upazzarūni",
                    "pos": "V",
                    "epos": "V"
                  }
                },
                {
                  "node": "d",
                  "subtype": "reverse",
                  "type": "reverse",
                  "ref": "P313481.r.15",
                  "label": "r"
                },
                {
                  "node": "d",
                  "type": "line-start",
                  "ref": "P313481.16",
                  "n": "1",
                  "label": "r 1"
                },
                {
                  "node": "l",
                  "frag": "la-a",
                  "id": "P313481.l02a98",
                  "ref": "P313481.16.1",
                  "inst": "lā[not]MOD",
                  "sig": "@saao/saa15%akk-x-neoass:la-a=lā[not//not]MOD'MOD$lā",
                  "f": {
                    "lang": "akk-x-neoass",
                    "form": "la-a",
                    "cf": "lā",
                    "gw": "not",
                    "sense": "not",
                    "norm": "lā",
                    "pos": "MOD",
                    "epos": "MOD"
                  }
                },
                {
                  "node": "l",
                  "frag": "{uru}[x",
                  "id": "P313481.l02a99",
                  "ref": "P313481.16.2",
                  "inst": "u",
                  "f": {
                    "lang": "akk-x-neoass",
                    "form": "{URU}x",
                    "pos": "u"
                  }
                },
                {
                  "node": "l",
                  "frag": "x",
                  "id": "P313481.l02a9a",
                  "ref": "P313481.16.3",
                  "inst": "u",
                  "f": {
                    "lang": "akk-x-neoass",
                    "form": "x",
                    "pos": "u"
                  }
                },
                {
                  "node": "l",
                  "frag": "x",
                  "id": "P313481.l02a9b",
                  "ref": "P313481.16.4",
                  "inst": "u",
                  "f": {
                    "lang": "akk-x-neoass",
                    "form": "x",
                    "pos": "u"
                  }
                },
                {
                  "node": "l",
                  "frag": "x",
                  "id": "P313481.l02a9c",
                  "ref": "P313481.16.5",
                  "inst": "u",
                  "f": {
                    "lang": "akk-x-neoass",
                    "form": "x",
                    "pos": "u"
                  }
                },
                {
                  "node": "l",
                  "frag": "x",
                  "id": "P313481.l02a9d",
                  "ref": "P313481.16.6",
                  "inst": "u",
                  "f": {
                    "lang": "akk-x-neoass",
                    "form": "x",
                    "pos": "u"
                  }
                },
                {
                  "node": "l",
                  "frag": "x]",
                  "id": "P313481.l02a9e",
                  "ref": "P313481.16.7",
                  "inst": "u",
                  "f": {
                    "lang": "akk-x-neoass",
                    "form": "x",
                    "pos": "u"
                  }
                },
                {
                  "node": "d",
                  "type": "line-start",
                  "ref": "P313481.17",
                  "n": "2",
                  "label": "r 2"
                },
                {
                  "node": "l",
                  "frag": "⸢ma⸣-a",
                  "id": "P313481.l02a9f",
                  "ref": "P313481.17.1",
                  "inst": "mā[saying]PRP",
                  "sig": "@saao/saa15%akk-x-neoass:ma-a=mā[saying//saying]PRP'PRP$mā",
                  "f": {
                    "lang": "akk-x-neoass",
                    "form": "ma-a",
                    "cf": "mā",
                    "gw": "saying",
                    "sense": "saying",
                    "norm": "mā",
                    "pos": "PRP",
                    "epos": "PRP"
                  }
                },
                {
                  "node": "l",
                  "frag": "ra-⸢x⸣+[x",
                  "id": "P313481.l02aa0",
                  "ref": "P313481.17.2",
                  "inst": "u",
                  "f": {
                    "lang": "akk-x-neoass",
                    "form": "ra-x+x",
                    "pos": "u"
                  }
                },
                {
                  "node": "l",
                  "frag": "x",
                  "id": "P313481.l02aa1",
                  "ref": "P313481.17.3",
                  "inst": "u",
                  "f": {
                    "lang": "akk-x-neoass",
                    "form": "x",
                    "pos": "u"
                  }
                },
                {
                  "node": "l",
                  "frag": "x",
                  "id": "P313481.l02aa2",
                  "ref": "P313481.17.4",
                  "inst": "u",
                  "f": {
                    "lang": "akk-x-neoass",
                    "form": "x",
                    "pos": "u"
                  }
                },
                {
                  "node": "l",
                  "frag": "x",
                  "id": "P313481.l02aa3",
                  "ref": "P313481.17.5",
                  "inst": "u",
                  "f": {
                    "lang": "akk-x-neoass",
                    "form": "x",
                    "pos": "u"
                  }
                },
                {
                  "node": "l",
                  "frag": "x",
                  "id": "P313481.l02aa4",
                  "ref": "P313481.17.6",
                  "inst": "u",
                  "f": {
                    "lang": "akk-x-neoass",
                    "form": "x",
                    "pos": "u"
                  }
                },
                {
                  "node": "l",
                  "frag": "x]-⸢a⸣",
                  "id": "P313481.l02aa5",
                  "ref": "P313481.17.7",
                  "inst": "u",
                  "f": {
                    "lang": "akk-x-neoass",
                    "form": "x-a",
                    "pos": "u"
                  }
                },
                {
                  "node": "d",
                  "type": "line-start",
                  "ref": "P313481.18",
                  "n": "3",
                  "label": "r 3"
                },
                {
                  "node": "l",
                  "frag": "[i]-ba-aš₂-⸢ši⸣",
                  "id": "P313481.l02aa6",
                  "ref": "P313481.18.1",
                  "inst": "ibašši[exist]V",
                  "sig": "@saao/saa15%akk-x-neoass:i-ba-aš₂-ši=bašû[exist//exist]V'V$ibašši",
                  "f": {
                    "lang": "akk-x-neoass",
                    "form": "i-ba-aš₂-ši",
                    "cf": "bašû",
                    "gw": "exist",
                    "sense": "exist",
                    "norm": "ibašši",
                    "pos": "V",
                    "epos": "V"
                  }
                },
                {
                  "node": "l",
                  "frag": "[x",
                  "id": "P313481.l02aa7",
                  "ref": "P313481.18.2",
                  "inst": "u",
                  "f": {
                    "lang": "akk-x-neoass",
                    "form": "x",
                    "pos": "u"
                  }
                },
                {
                  "node": "l",
                  "frag": "x",
                  "id": "P313481.l02aa8",
                  "ref": "P313481.18.3",
                  "inst": "u",
                  "f": {
                    "lang": "akk-x-neoass",
                    "form": "x",
                    "pos": "u"
                  }
                },
                {
                  "node": "l",
                  "frag": "x",
                  "id": "P313481.l02aa9",
                  "ref": "P313481.18.4",
                  "inst": "u",
                  "f": {
                    "lang": "akk-x-neoass",
                    "form": "x",
                    "pos": "u"
                  }
                },
                {
                  "node": "l",
                  "frag": "x",
                  "id": "P313481.l02aaa",
                  "ref": "P313481.18.5",
                  "inst": "u",
                  "f": {
                    "lang": "akk-x-neoass",
                    "form": "x",
                    "pos": "u"
                  }
                },
                {
                  "node": "l",
                  "frag": "x",
                  "id": "P313481.l02aab",
                  "ref": "P313481.18.6",
                  "inst": "u",
                  "f": {
                    "lang": "akk-x-neoass",
                    "form": "x",
                    "pos": "u"
                  }
                },
                {
                  "node": "l",
                  "frag": "x]",
                  "id": "P313481.l02aac",
                  "ref": "P313481.18.7",
                  "inst": "u",
                  "f": {
                    "lang": "akk-x-neoass",
                    "form": "x",
                    "pos": "u"
                  }
                },
                {
                  "node": "d",
                  "type": "line-start",
                  "ref": "P313481.19",
                  "n": "4",
                  "label": "r 4"
                },
                {
                  "node": "l",
                  "frag": "[x",
                  "id": "P313481.l02aad",
                  "ref": "P313481.19.1",
                  "inst": "u",
                  "f": {
                    "lang": "akk-x-neoass",
                    "form": "x",
                    "pos": "u"
                  }
                },
                {
                  "node": "l",
                  "frag": "x",
                  "id": "P313481.l02aae",
                  "ref": "P313481.19.2",
                  "inst": "u",
                  "f": {
                    "lang": "akk-x-neoass",
                    "form": "x",
                    "pos": "u"
                  }
                },
                {
                  "node": "l",
                  "frag": "x",
                  "id": "P313481.l02aaf",
                  "ref": "P313481.19.3",
                  "inst": "u",
                  "f": {
                    "lang": "akk-x-neoass",
                    "form": "x",
                    "pos": "u"
                  }
                },
                {
                  "node": "l",
                  "frag": "x",
                  "id": "P313481.l02ab0",
                  "ref": "P313481.19.4",
                  "inst": "u",
                  "f": {
                    "lang": "akk-x-neoass",
                    "form": "x",
                    "pos": "u"
                  }
                },
                {
                  "node": "l",
                  "frag": "x",
                  "id": "P313481.l02ab1",
                  "ref": "P313481.19.5",
                  "inst": "u",
                  "f": {
                    "lang": "akk-x-neoass",
                    "form": "x",
                    "pos": "u"
                  }
                },
                {
                  "node": "l",
                  "frag": "x",
                  "id": "P313481.l02ab2",
                  "ref": "P313481.19.6",
                  "inst": "u",
                  "f": {
                    "lang": "akk-x-neoass",
                    "form": "x",
                    "pos": "u"
                  }
                },
                {
                  "node": "l",
                  "frag": "x",
                  "id": "P313481.l02ab3",
                  "ref": "P313481.19.7",
                  "inst": "u",
                  "f": {
                    "lang": "akk-x-neoass",
                    "form": "x",
                    "pos": "u"
                  }
                },
                {
                  "node": "l",
                  "frag": "x",
                  "id": "P313481.l02ab4",
                  "ref": "P313481.19.8",
                  "inst": "u",
                  "f": {
                    "lang": "akk-x-neoass",
                    "form": "x",
                    "pos": "u"
                  }
                },
                {
                  "node": "l",
                  "frag": "x]",
                  "id": "P313481.l02ab5",
                  "ref": "P313481.19.9",
                  "inst": "u",
                  "f": {
                    "lang": "akk-x-neoass",
                    "form": "x",
                    "pos": "u"
                  }
                },
                {
                  "node": "d",
                  "type": "line-start",
                  "ref": "P313481.20",
                  "n": "5",
                  "label": "r 5"
                },
                {
                  "node": "l",
                  "frag": "[x",
                  "id": "P313481.l02ab6",
                  "ref": "P313481.20.1",
                  "inst": "u",
                  "f": {
                    "lang": "akk-x-neoass",
                    "form": "x",
                    "pos": "u"
                  }
                },
                {
                  "node": "l",
                  "frag": "x",
                  "id": "P313481.l02ab7",
                  "ref": "P313481.20.2",
                  "inst": "u",
                  "f": {
                    "lang": "akk-x-neoass",
                    "form": "x",
                    "pos": "u"
                  }
                },
                {
                  "node": "l",
                  "frag": "x",
                  "id": "P313481.l02ab8",
                  "ref": "P313481.20.3",
                  "inst": "u",
                  "f": {
                    "lang": "akk-x-neoass",
                    "form": "x",
                    "pos": "u"
                  }
                },
                {
                  "node": "l",
                  "frag": "x",
                  "id": "P313481.l02ab9",
                  "ref": "P313481.20.4",
                  "inst": "u",
                  "f": {
                    "lang": "akk-x-neoass",
                    "form": "x",
                    "pos": "u"
                  }
                },
                {
                  "node": "l",
                  "frag": "x",
                  "id": "P313481.l02aba",
                  "ref": "P313481.20.5",
                  "inst": "u",
                  "f": {
                    "lang": "akk-x-neoass",
                    "form": "x",
                    "pos": "u"
                  }
                },
                {
                  "node": "l",
                  "frag": "x",
                  "id": "P313481.l02abb",
                  "ref": "P313481.20.6",
                  "inst": "u",
                  "f": {
                    "lang": "akk-x-neoass",
                    "form": "x",
                    "pos": "u"
                  }
                },
                {
                  "node": "l",
                  "frag": "x",
                  "id": "P313481.l02abc",
                  "ref": "P313481.20.7",
                  "inst": "u",
                  "f": {
                    "lang": "akk-x-neoass",
                    "form": "x",
                    "pos": "u"
                  }
                },
                {
                  "node": "l",
                  "frag": "x",
                  "id": "P313481.l02abd",
                  "ref": "P313481.20.8",
                  "inst": "u",
                  "f": {
                    "lang": "akk-x-neoass",
                    "form": "x",
                    "pos": "u"
                  }
                },
                {
                  "node": "l",
                  "frag": "x]+⸢x⸣",
                  "id": "P313481.l02abe",
                  "ref": "P313481.20.9",
                  "inst": "u",
                  "f": {
                    "lang": "akk-x-neoass",
                    "form": "x+x",
                    "pos": "u"
                  }
                },
                {
                  "node": "d",
                  "type": "line-start",
                  "ref": "P313481.21",
                  "n": "6",
                  "label": "r 6"
                },
                {
                  "node": "l",
                  "frag": "[x",
                  "id": "P313481.l02abf",
                  "ref": "P313481.21.1",
                  "inst": "u",
                  "f": {
                    "lang": "akk-x-neoass",
                    "form": "x",
                    "pos": "u"
                  }
                },
                {
                  "node": "l",
                  "frag": "x",
                  "id": "P313481.l02ac0",
                  "ref": "P313481.21.2",
                  "inst": "u",
                  "f": {
                    "lang": "akk-x-neoass",
                    "form": "x",
                    "pos": "u"
                  }
                },
                {
                  "node": "l",
                  "frag": "x",
                  "id": "P313481.l02ac1",
                  "ref": "P313481.21.3",
                  "inst": "u",
                  "f": {
                    "lang": "akk-x-neoass",
                    "form": "x",
                    "pos": "u"
                  }
                },
                {
                  "node": "l",
                  "frag": "x",
                  "id": "P313481.l02ac2",
                  "ref": "P313481.21.4",
                  "inst": "u",
                  "f": {
                    "lang": "akk-x-neoass",
                    "form": "x",
                    "pos": "u"
                  }
                },
                {
                  "node": "l",
                  "frag": "x",
                  "id": "P313481.l02ac3",
                  "ref": "P313481.21.5",
                  "inst": "u",
                  "f": {
                    "lang": "akk-x-neoass",
                    "form": "x",
                    "pos": "u"
                  }
                },
                {
                  "node": "l",
                  "frag": "x",
                  "id": "P313481.l02ac4",
                  "ref": "P313481.21.6",
                  "inst": "u",
                  "f": {
                    "lang": "akk-x-neoass",
                    "form": "x",
                    "pos": "u"
                  }
                },
                {
                  "node": "l",
                  "frag": "x",
                  "id": "P313481.l02ac5",
                  "ref": "P313481.21.7",
                  "inst": "u",
                  "f": {
                    "lang": "akk-x-neoass",
                    "form": "x",
                    "pos": "u"
                  }
                },
                {
                  "node": "l",
                  "frag": "x",
                  "id": "P313481.l02ac6",
                  "ref": "P313481.21.8",
                  "inst": "u",
                  "f": {
                    "lang": "akk-x-neoass",
                    "form": "x",
                    "pos": "u"
                  }
                },
                {
                  "node": "l",
                  "frag": "x]-ha",
                  "id": "P313481.l02ac7",
                  "ref": "P313481.21.9",
                  "inst": "u",
                  "f": {
                    "lang": "akk-x-neoass",
                    "form": "x-ha",
                    "pos": "u"
                  }
                },
                {
                  "node": "d",
                  "type": "line-start",
                  "ref": "P313481.22",
                  "n": "7",
                  "label": "r 7"
                },
                {
                  "node": "l",
                  "frag": "[x",
                  "id": "P313481.l02ac8",
                  "ref": "P313481.22.1",
                  "inst": "u",
                  "f": {
                    "lang": "akk-x-neoass",
                    "form": "x",
                    "pos": "u"
                  }
                },
                {
                  "node": "l",
                  "frag": "x",
                  "id": "P313481.l02ac9",
                  "ref": "P313481.22.2",
                  "inst": "u",
                  "f": {
                    "lang": "akk-x-neoass",
                    "form": "x",
                    "pos": "u"
                  }
                },
                {
                  "node": "l",
                  "frag": "x",
                  "id": "P313481.l02aca",
                  "ref": "P313481.22.3",
                  "inst": "u",
                  "f": {
                    "lang": "akk-x-neoass",
                    "form": "x",
                    "pos": "u"
                  }
                },
                {
                  "node": "l",
                  "frag": "x",
                  "id": "P313481.l02acb",
                  "ref": "P313481.22.4",
                  "inst": "u",
                  "f": {
                    "lang": "akk-x-neoass",
                    "form": "x",
                    "pos": "u"
                  }
                },
                {
                  "node": "l",
                  "frag": "x",
                  "id": "P313481.l02acc",
                  "ref": "P313481.22.5",
                  "inst": "u",
                  "f": {
                    "lang": "akk-x-neoass",
                    "form": "x",
                    "pos": "u"
                  }
                },
                {
                  "node": "l",
                  "frag": "x",
                  "id": "P313481.l02acd",
                  "ref": "P313481.22.6",
                  "inst": "u",
                  "f": {
                    "lang": "akk-x-neoass",
                    "form": "x",
                    "pos": "u"
                  }
                },
                {
                  "node": "l",
                  "frag": "x",
                  "id": "P313481.l02ace",
                  "ref": "P313481.22.7",
                  "inst": "u",
                  "f": {
                    "lang": "akk-x-neoass",
                    "form": "x",
                    "pos": "u"
                  }
                },
                {
                  "node": "l",
                  "frag": "x",
                  "id": "P313481.l02acf",
                  "ref": "P313481.22.8",
                  "inst": "u",
                  "f": {
                    "lang": "akk-x-neoass",
                    "form": "x",
                    "pos": "u"
                  }
                },
                {
                  "node": "l",
                  "frag": "x]",
                  "id": "P313481.l02ad0",
                  "ref": "P313481.22.9",
                  "inst": "u",
                  "f": {
                    "lang": "akk-x-neoass",
                    "form": "x",
                    "pos": "u"
                  }
                },
                {
                  "node": "d",
                  "type": "line-start",
                  "ref": "P313481.23",
                  "n": "8",
                  "label": "r 8"
                },
                {
                  "node": "l",
                  "frag": "[x",
                  "id": "P313481.l02ad1",
                  "ref": "P313481.23.1",
                  "inst": "u",
                  "f": {
                    "lang": "akk-x-neoass",
                    "form": "x",
                    "pos": "u"
                  }
                },
                {
                  "node": "l",
                  "frag": "x",
                  "id": "P313481.l02ad2",
                  "ref": "P313481.23.2",
                  "inst": "u",
                  "f": {
                    "lang": "akk-x-neoass",
                    "form": "x",
                    "pos": "u"
                  }
                },
                {
                  "node": "l",
                  "frag": "x",
                  "id": "P313481.l02ad3",
                  "ref": "P313481.23.3",
                  "inst": "u",
                  "f": {
                    "lang": "akk-x-neoass",
                    "form": "x",
                    "pos": "u"
                  }
                },
                {
                  "node": "l",
                  "frag": "x",
                  "id": "P313481.l02ad4",
                  "ref": "P313481.23.4",
                  "inst": "u",
                  "f": {
                    "lang": "akk-x-neoass",
                    "form": "x",
                    "pos": "u"
                  }
                },
                {
                  "node": "l",
                  "frag": "x",
                  "id": "P313481.l02ad5",
                  "ref": "P313481.23.5",
                  "inst": "u",
                  "f": {
                    "lang": "akk-x-neoass",
                    "form": "x",
                    "pos": "u"
                  }
                },
                {
                  "node": "l",
                  "frag": "x",
                  "id": "P313481.l02ad6",
                  "ref": "P313481.23.6",
                  "inst": "u",
                  "f": {
                    "lang": "akk-x-neoass",
                    "form": "x",
                    "pos": "u"
                  }
                },
                {
                  "node": "l",
                  "frag": "x",
                  "id": "P313481.l02ad7",
                  "ref": "P313481.23.7",
                  "inst": "u",
                  "f": {
                    "lang": "akk-x-neoass",
                    "form": "x",
                    "pos": "u"
                  }
                },
                {
                  "node": "l",
                  "frag": "x",
                  "id": "P313481.l02ad8",
                  "ref": "P313481.23.8",
                  "inst": "u",
                  "f": {
                    "lang": "akk-x-neoass",
                    "form": "x",
                    "pos": "u"
                  }
                },
                {
                  "node": "l",
                  "frag": "x]",
                  "id": "P313481.l02ad9",
                  "ref": "P313481.23.9",
                  "inst": "u",
                  "f": {
                    "lang": "akk-x-neoass",
                    "form": "x",
                    "pos": "u"
                  }
                },
                {
                  "node": "d",
                  "type": "line-start",
                  "ref": "P313481.24",
                  "n": "9",
                  "label": "r 9"
                },
                {
                  "node": "l",
                  "frag": "[x",
                  "id": "P313481.l02ada",
                  "ref": "P313481.24.1",
                  "inst": "u",
                  "f": {
                    "lang": "akk-x-neoass",
                    "form": "x",
                    "pos": "u"
                  }
                },
                {
                  "node": "l",
                  "frag": "x",
                  "id": "P313481.l02adb",
                  "ref": "P313481.24.2",
                  "inst": "u",
                  "f": {
                    "lang": "akk-x-neoass",
                    "form": "x",
                    "pos": "u"
                  }
                },
                {
                  "node": "l",
                  "frag": "x",
                  "id": "P313481.l02adc",
                  "ref": "P313481.24.3",
                  "inst": "u",
                  "f": {
                    "lang": "akk-x-neoass",
                    "form": "x",
                    "pos": "u"
                  }
                },
                {
                  "node": "l",
                  "frag": "x",
                  "id": "P313481.l02add",
                  "ref": "P313481.24.4",
                  "inst": "u",
                  "f": {
                    "lang": "akk-x-neoass",
                    "form": "x",
                    "pos": "u"
                  }
                },
                {
                  "node": "l",
                  "frag": "x",
                  "id": "P313481.l02ade",
                  "ref": "P313481.24.5",
                  "inst": "u",
                  "f": {
                    "lang": "akk-x-neoass",
                    "form": "x",
                    "pos": "u"
                  }
                },
                {
                  "node": "l",
                  "frag": "x",
                  "id": "P313481.l02adf",
                  "ref": "P313481.24.6",
                  "inst": "u",
                  "f": {
                    "lang": "akk-x-neoass",
                    "form": "x",
                    "pos": "u"
                  }
                },
                {
                  "node": "l",
                  "frag": "x",
                  "id": "P313481.l02ae0",
                  "ref": "P313481.24.7",
                  "inst": "u",
                  "f": {
                    "lang": "akk-x-neoass",
                    "form": "x",
                    "pos": "u"
                  }
                },
                {
                  "node": "l",
                  "frag": "x",
                  "id": "P313481.l02ae1",
                  "ref": "P313481.24.8",
                  "inst": "u",
                  "f": {
                    "lang": "akk-x-neoass",
                    "form": "x",
                    "pos": "u"
                  }
                },
                {
                  "node": "l",
                  "frag": "x]-ši",
                  "id": "P313481.l02ae2",
                  "ref": "P313481.24.9",
                  "inst": "u",
                  "f": {
                    "lang": "akk-x-neoass",
                    "form": "x-ši",
                    "pos": "u"
                  }
                },
                {
                  "node": "d",
                  "type": "nonx",
                  "ref": "P313481.25",
                  "strict": "0",
                  "extent": "rest",
                  "state": "missing"
                }
              ]
            }
          ]
        }
      ]
    },
    {
      "linkbase": [
        {
          "type": "linkset",
          "xlink_title": "ina libbi[in//(in exchange) for]PRP'PRP",
          "id": "P313481.ls00000",
          "xlink_type": "extended",
          "xlink_role": "psu",
          "sig": "{ina[in]PRP libbu[interior]N += ina libbi[in//(in exchange) for]PRP'PRP}::@saao%akk-x-neoass:ina=ina[in//into]PRP'PRP$ina++@saao%akk-x-neoass:ŠA₃-bi=libbu[interior//interior]N'N$libbi",
          "links": [
            {
              "type": "link",
              "xlink_title": "ina",
              "xlink_type": "locator",
              "xlink_href": "#P313481.l02a7b",
              "xlink_role": "elt"
            },
            {
              "type": "link",
              "xlink_title": "libbi",
              "xlink_type": "locator",
              "xlink_href": "#P313481.l02a7c",
              "xlink_role": "elt"
            }
          ]
        },
        {
          "type": "linkset",
          "xlink_title": "ištu pān[from//because of]PRP'PRP",
          "id": "P313481.ls00001",
          "xlink_type": "extended",
          "xlink_role": "psu",
          "sig": "{ištu[from]PRP pānu[front]N += ištu pān[from//because of]PRP'PRP}::@saao%akk-x-neoass:TA@v=ištu[from//from]PRP'PRP$issu++@saao%akk-x-neoass:IGI=pānu[front//front]N'N$pān",
          "links": [
            {
              "type": "link",
              "xlink_title": "issu",
              "xlink_type": "locator",
              "xlink_href": "#P313481.l02a93",
              "xlink_role": "elt"
            },
            {
              "type": "link",
              "xlink_title": "pān",
              "xlink_type": "locator",
              "xlink_href": "#P313481.l02a94",
              "xlink_role": "elt"
            }
          ]
        }
      ]
    }
  ]
}
