{
  "type": "cdl",
  "source": "http://oracc.org/saao/saa15",
  "license": "This data is released under the CC0 license",
  "license-url": "https://creativecommons.org/publicdomain/zero/1.0/",
  "more-info": "http://oracc.org/doc/opendata/",
  "UTC-timestamp": "2017-06-10T00:55:41",
  "project": "saao/saa15",
  "textid": "P314292",
  "cdl": [
    {
      "node": "c",
      "type": "text",
      "id": "P314292.U0",
      "cdl": [
        {
          "node": "d",
          "type": "object",
          "ref": ""
        },
        {
          "node": "d",
          "subtype": "obverse",
          "type": "obverse",
          "ref": "P314292.o.1",
          "label": "o"
        },
        {
          "node": "d",
          "type": "nonx",
          "ref": "P314292.2",
          "strict": "0",
          "extent": "beginning",
          "state": "missing"
        },
        {
          "node": "c",
          "type": "discourse",
          "subtype": "body",
          "id": "P314292.U1",
          "cdl": [
            {
              "node": "c",
              "type": "sentence",
              "id": "P314292.U2",
              "label": "o 1' - r 10",
              "cdl": [
                {
                  "node": "d",
                  "type": "line-start",
                  "ref": "P314292.3",
                  "n": "1'",
                  "label": "o 1'"
                },
                {
                  "node": "l",
                  "frag": "ap-⸢ta⸣-ʾa-⸢x⸣+[x",
                  "id": "P314292.l05c8f",
                  "ref": "P314292.3.1",
                  "inst": "u",
                  "f": {
                    "lang": "akk-x-neoass",
                    "form": "ap-ta-ʾa-x+x",
                    "pos": "u"
                  }
                },
                {
                  "node": "l",
                  "frag": "x",
                  "id": "P314292.l05c90",
                  "ref": "P314292.3.2",
                  "inst": "u",
                  "f": {
                    "lang": "akk-x-neoass",
                    "form": "x",
                    "pos": "u"
                  }
                },
                {
                  "node": "l",
                  "frag": "x",
                  "id": "P314292.l05c91",
                  "ref": "P314292.3.3",
                  "inst": "u",
                  "f": {
                    "lang": "akk-x-neoass",
                    "form": "x",
                    "pos": "u"
                  }
                },
                {
                  "node": "l",
                  "frag": "x",
                  "id": "P314292.l05c92",
                  "ref": "P314292.3.4",
                  "inst": "u",
                  "f": {
                    "lang": "akk-x-neoass",
                    "form": "x",
                    "pos": "u"
                  }
                },
                {
                  "node": "l",
                  "frag": "x]",
                  "id": "P314292.l05c93",
                  "ref": "P314292.3.5",
                  "inst": "u",
                  "f": {
                    "lang": "akk-x-neoass",
                    "form": "x",
                    "pos": "u"
                  }
                },
                {
                  "node": "d",
                  "type": "line-start",
                  "ref": "P314292.4",
                  "n": "2'",
                  "label": "o 2'"
                },
                {
                  "node": "l",
                  "frag": "ša\\dm",
                  "id": "P314292.l05c94",
                  "ref": "P314292.4.1",
                  "inst": "ša[what]REL",
                  "sig": "@saao/saa15%akk-x-neoass:ša=ša[that//what]REL'REL$ša",
                  "f": {
                    "lang": "akk-x-neoass",
                    "form": "ša",
                    "cf": "ša",
                    "gw": "that",
                    "sense": "what",
                    "norm": "ša",
                    "pos": "REL",
                    "epos": "REL"
                  }
                },
                {
                  "node": "l",
                  "frag": "LUGAL",
                  "id": "P314292.l05c95",
                  "ref": "P314292.4.2",
                  "inst": "šarru[king]N",
                  "sig": "@saao/saa15%akk-x-neoass:LUGAL=šarru[king//king]N'N$šarru",
                  "f": {
                    "lang": "akk-x-neoass",
                    "form": "LUGAL",
                    "cf": "šarru",
                    "gw": "king",
                    "sense": "king",
                    "norm": "šarru",
                    "pos": "N",
                    "epos": "N"
                  }
                },
                {
                  "node": "l",
                  "frag": "be-[li₂",
                  "id": "P314292.l05c96",
                  "ref": "P314292.4.3",
                  "inst": "bēlī[lord]N",
                  "sig": "@saao/saa15%akk-x-neoass:be-li₂=bēlu[lord//lord]N'N$bēlī",
                  "f": {
                    "lang": "akk-x-neoass",
                    "form": "be-li₂",
                    "cf": "bēlu",
                    "gw": "lord",
                    "sense": "lord",
                    "norm": "bēlī",
                    "pos": "N",
                    "epos": "N"
                  }
                },
                {
                  "node": "l",
                  "frag": "iš-pur-an-ni]",
                  "id": "P314292.l05c97",
                  "ref": "P314292.4.4",
                  "inst": "išpuranni[write]V",
                  "sig": "@saao/saa15%akk-x-neoass:iš-pur-an-ni=šapāru[send//write]V'V$išpuranni",
                  "f": {
                    "lang": "akk-x-neoass",
                    "form": "iš-pur-an-ni",
                    "cf": "šapāru",
                    "gw": "send",
                    "sense": "write",
                    "norm": "išpuranni",
                    "pos": "V",
                    "epos": "V"
                  }
                },
                {
                  "node": "d",
                  "type": "line-start",
                  "ref": "P314292.5",
                  "n": "3'",
                  "label": "o 3'"
                },
                {
                  "node": "l",
                  "frag": "ma-a",
                  "id": "P314292.l05c98",
                  "ref": "P314292.5.1",
                  "inst": "mā[saying]PRP",
                  "sig": "@saao/saa15%akk-x-neoass:ma-a=mā[saying//saying]PRP'PRP$mā",
                  "f": {
                    "lang": "akk-x-neoass",
                    "form": "ma-a",
                    "cf": "mā",
                    "gw": "saying",
                    "sense": "saying",
                    "norm": "mā",
                    "pos": "PRP",
                    "epos": "PRP"
                  }
                },
                {
                  "node": "l",
                  "frag": "{lu₂v}⸢ŠA₃⸣.[TAM",
                  "id": "P314292.l05c99",
                  "ref": "P314292.5.2",
                  "inst": "šatammu[administrator//chief temple administrator]N$",
                  "sig": "@saao/saa15%akk-x-neoass:{LU₂}ŠA₃.TAM=šatammu[administrator//chief temple administrator]N'N$šatammu",
                  "f": {
                    "lang": "akk-x-neoass",
                    "form": "{LU₂}ŠA₃.TAM",
                    "cf": "šatammu",
                    "gw": "administrator",
                    "sense": "chief temple administrator",
                    "norm": "šatammu",
                    "pos": "N",
                    "epos": "N"
                  }
                },
                {
                  "node": "l",
                  "frag": "x",
                  "id": "P314292.l05c9a",
                  "ref": "P314292.5.3",
                  "inst": "u",
                  "f": {
                    "lang": "akk-x-neoass",
                    "form": "x",
                    "pos": "u"
                  }
                },
                {
                  "node": "l",
                  "frag": "x",
                  "id": "P314292.l05c9b",
                  "ref": "P314292.5.4",
                  "inst": "u",
                  "f": {
                    "lang": "akk-x-neoass",
                    "form": "x",
                    "pos": "u"
                  }
                },
                {
                  "node": "l",
                  "frag": "x",
                  "id": "P314292.l05c9c",
                  "ref": "P314292.5.5",
                  "inst": "u",
                  "f": {
                    "lang": "akk-x-neoass",
                    "form": "x",
                    "pos": "u"
                  }
                },
                {
                  "node": "l",
                  "frag": "x]",
                  "id": "P314292.l05c9d",
                  "ref": "P314292.5.6",
                  "inst": "u",
                  "f": {
                    "lang": "akk-x-neoass",
                    "form": "x",
                    "pos": "u"
                  }
                },
                {
                  "node": "d",
                  "type": "line-start",
                  "ref": "P314292.6",
                  "n": "4'",
                  "label": "o 4'"
                },
                {
                  "node": "l",
                  "frag": "ša\\dm",
                  "id": "P314292.l05c9e",
                  "ref": "P314292.6.1",
                  "inst": "ša[of]DET",
                  "sig": "@saao/saa15%akk-x-neoass:ša=ša[of//of]DET'DET$ša",
                  "f": {
                    "lang": "akk-x-neoass",
                    "form": "ša",
                    "cf": "ša",
                    "gw": "of",
                    "sense": "of",
                    "norm": "ša",
                    "pos": "DET",
                    "epos": "DET"
                  }
                },
                {
                  "node": "l",
                  "frag": "{uru}sip-[par",
                  "id": "P314292.l05c9f",
                  "ref": "P314292.6.2",
                  "inst": "Sippar[]GN$",
                  "sig": "@saao/saa15%akk-x-neoass:{URU}sip-par=Sippar[1//1]GN'GN$Sippar",
                  "f": {
                    "lang": "akk-x-neoass",
                    "form": "{URU}sip-par",
                    "cf": "Sippar",
                    "gw": "1",
                    "sense": "1",
                    "norm": "Sippar",
                    "pos": "GN",
                    "epos": "GN"
                  }
                },
                {
                  "node": "l",
                  "frag": "x",
                  "id": "P314292.l05ca0",
                  "ref": "P314292.6.3",
                  "inst": "u",
                  "f": {
                    "lang": "akk-x-neoass",
                    "form": "x",
                    "pos": "u"
                  }
                },
                {
                  "node": "l",
                  "frag": "x",
                  "id": "P314292.l05ca1",
                  "ref": "P314292.6.4",
                  "inst": "u",
                  "f": {
                    "lang": "akk-x-neoass",
                    "form": "x",
                    "pos": "u"
                  }
                },
                {
                  "node": "l",
                  "frag": "x",
                  "id": "P314292.l05ca2",
                  "ref": "P314292.6.5",
                  "inst": "u",
                  "f": {
                    "lang": "akk-x-neoass",
                    "form": "x",
                    "pos": "u"
                  }
                },
                {
                  "node": "l",
                  "frag": "x",
                  "id": "P314292.l05ca3",
                  "ref": "P314292.6.6",
                  "inst": "u",
                  "f": {
                    "lang": "akk-x-neoass",
                    "form": "x",
                    "pos": "u"
                  }
                },
                {
                  "node": "l",
                  "frag": "x]",
                  "id": "P314292.l05ca4",
                  "ref": "P314292.6.7",
                  "inst": "u",
                  "f": {
                    "lang": "akk-x-neoass",
                    "form": "x",
                    "pos": "u"
                  }
                },
                {
                  "node": "d",
                  "subtype": "bottom",
                  "type": "bottom",
                  "ref": "P314292.b.e..7",
                  "label": "b.e."
                },
                {
                  "node": "d",
                  "type": "line-start",
                  "ref": "P314292.8",
                  "n": "5'",
                  "label": "b.e. 5'"
                },
                {
                  "node": "l",
                  "frag": "ma-a",
                  "id": "P314292.l05ca5",
                  "ref": "P314292.8.1",
                  "inst": "mā[saying]PRP",
                  "sig": "@saao/saa15%akk-x-neoass:ma-a=mā[saying//saying]PRP'PRP$mā",
                  "f": {
                    "lang": "akk-x-neoass",
                    "form": "ma-a",
                    "cf": "mā",
                    "gw": "saying",
                    "sense": "saying",
                    "norm": "mā",
                    "pos": "PRP",
                    "epos": "PRP"
                  }
                },
                {
                  "node": "l",
                  "frag": "lil-[li-ku-u-ni",
                  "id": "P314292.l05ca6",
                  "ref": "P314292.8.2",
                  "inst": "lillikūni[come]V",
                  "sig": "@saao/saa15%akk-x-neoass:lil-li-ku-u-ni=alāku[go//come]V'V$lillikūni",
                  "f": {
                    "lang": "akk-x-neoass",
                    "form": "lil-li-ku-u-ni",
                    "cf": "alāku",
                    "gw": "go",
                    "sense": "come",
                    "norm": "lillikūni",
                    "pos": "V",
                    "epos": "V"
                  }
                },
                {
                  "node": "l",
                  "frag": "x",
                  "id": "P314292.l05ca7",
                  "ref": "P314292.8.3",
                  "inst": "u",
                  "f": {
                    "lang": "akk-x-neoass",
                    "form": "x",
                    "pos": "u"
                  }
                },
                {
                  "node": "l",
                  "frag": "x",
                  "id": "P314292.l05ca8",
                  "ref": "P314292.8.4",
                  "inst": "u",
                  "f": {
                    "lang": "akk-x-neoass",
                    "form": "x",
                    "pos": "u"
                  }
                },
                {
                  "node": "l",
                  "frag": "x]",
                  "id": "P314292.l05ca9",
                  "ref": "P314292.8.5",
                  "inst": "u",
                  "f": {
                    "lang": "akk-x-neoass",
                    "form": "x",
                    "pos": "u"
                  }
                },
                {
                  "node": "d",
                  "type": "line-start",
                  "ref": "P314292.9",
                  "n": "6'",
                  "label": "b.e. 6'"
                },
                {
                  "node": "d",
                  "type": "nonw",
                  "ref": ""
                },
                {
                  "node": "l",
                  "frag": "lid-[bu-bu",
                  "id": "P314292.l05caa",
                  "ref": "P314292.9.1",
                  "inst": "dabābu[speak]V$lidbubu",
                  "sig": "@saao/saa15%akk-x-neoass:lid-bu-bu=dabābu[speak//speak]V'V$lidbubu",
                  "f": {
                    "lang": "akk-x-neoass",
                    "form": "lid-bu-bu",
                    "cf": "dabābu",
                    "gw": "speak",
                    "sense": "speak",
                    "norm": "lidbubu",
                    "pos": "V",
                    "epos": "V"
                  }
                },
                {
                  "node": "l",
                  "frag": "x",
                  "id": "P314292.l05cab",
                  "ref": "P314292.9.2",
                  "inst": "u",
                  "f": {
                    "lang": "akk-x-neoass",
                    "form": "x",
                    "pos": "u"
                  }
                },
                {
                  "node": "l",
                  "frag": "x",
                  "id": "P314292.l05cac",
                  "ref": "P314292.9.3",
                  "inst": "u",
                  "f": {
                    "lang": "akk-x-neoass",
                    "form": "x",
                    "pos": "u"
                  }
                },
                {
                  "node": "l",
                  "frag": "x]",
                  "id": "P314292.l05cad",
                  "ref": "P314292.9.4",
                  "inst": "u",
                  "f": {
                    "lang": "akk-x-neoass",
                    "form": "x",
                    "pos": "u"
                  }
                },
                {
                  "node": "d",
                  "subtype": "reverse",
                  "type": "reverse",
                  "ref": "P314292.r.10",
                  "label": "r"
                },
                {
                  "node": "d",
                  "type": "line-start",
                  "ref": "P314292.11",
                  "n": "1",
                  "label": "r 1"
                },
                {
                  "node": "l",
                  "frag": "ma-la",
                  "id": "P314292.l05cae",
                  "ref": "P314292.11.1",
                  "inst": "mala[once]AV",
                  "sig": "@saao/saa15%akk-x-neoass:ma-la=mala[once//once]AV'AV$mala",
                  "f": {
                    "lang": "akk-x-neoass",
                    "form": "ma-la",
                    "cf": "mala",
                    "gw": "once",
                    "sense": "once",
                    "norm": "mala",
                    "pos": "AV",
                    "epos": "AV"
                  }
                },
                {
                  "node": "l",
                  "frag": "it\\d-tal-[ka",
                  "id": "P314292.l05caf",
                  "ref": "P314292.11.2",
                  "inst": "ittalka[come]V",
                  "sig": "@saao/saa15%akk-x-neoass:it-tal-ka=alāku[go//come]V'V$ittalka",
                  "f": {
                    "lang": "akk-x-neoass",
                    "form": "it-tal-ka",
                    "cf": "alāku",
                    "gw": "go",
                    "sense": "come",
                    "norm": "ittalka",
                    "pos": "V",
                    "epos": "V"
                  }
                },
                {
                  "node": "l",
                  "frag": "x",
                  "id": "P314292.l05cb0",
                  "ref": "P314292.11.3",
                  "inst": "u",
                  "f": {
                    "lang": "akk-x-neoass",
                    "form": "x",
                    "pos": "u"
                  }
                },
                {
                  "node": "l",
                  "frag": "x",
                  "id": "P314292.l05cb1",
                  "ref": "P314292.11.4",
                  "inst": "u",
                  "f": {
                    "lang": "akk-x-neoass",
                    "form": "x",
                    "pos": "u"
                  }
                },
                {
                  "node": "l",
                  "frag": "x",
                  "id": "P314292.l05cb2",
                  "ref": "P314292.11.5",
                  "inst": "u",
                  "f": {
                    "lang": "akk-x-neoass",
                    "form": "x",
                    "pos": "u"
                  }
                },
                {
                  "node": "l",
                  "frag": "x]",
                  "id": "P314292.l05cb3",
                  "ref": "P314292.11.6",
                  "inst": "u",
                  "f": {
                    "lang": "akk-x-neoass",
                    "form": "x",
                    "pos": "u"
                  }
                },
                {
                  "node": "d",
                  "type": "line-start",
                  "ref": "P314292.12",
                  "n": "2",
                  "label": "r 2"
                },
                {
                  "node": "l",
                  "frag": "⸢liš⸣-šu",
                  "id": "P314292.l05cb4",
                  "ref": "P314292.12.1",
                  "inst": "u",
                  "f": {
                    "lang": "akk-x-neoass",
                    "form": "liš-šu",
                    "pos": "u"
                  }
                },
                {
                  "node": "l",
                  "frag": "i-si-šu₂",
                  "id": "P314292.l05cb5",
                  "ref": "P314292.12.2",
                  "inst": "issīšu[with]PRP",
                  "sig": "@saao/saa15%akk-x-neoass:i-si-šu₂=išti[with//with]PRP'PRP$issīšu",
                  "f": {
                    "lang": "akk-x-neoass",
                    "form": "i-si-šu₂",
                    "cf": "išti",
                    "gw": "with",
                    "sense": "with",
                    "norm": "issīšu",
                    "pos": "PRP",
                    "epos": "PRP"
                  }
                },
                {
                  "node": "l",
                  "frag": "la-⸢a⸣",
                  "id": "P314292.l05cb6",
                  "ref": "P314292.12.3",
                  "inst": "lā[not]MOD",
                  "sig": "@saao/saa15%akk-x-neoass:la-a=lā[not//not]MOD'MOD$lā",
                  "f": {
                    "lang": "akk-x-neoass",
                    "form": "la-a",
                    "cf": "lā",
                    "gw": "not",
                    "sense": "not",
                    "norm": "lā",
                    "pos": "MOD",
                    "epos": "MOD"
                  }
                },
                {
                  "node": "l",
                  "frag": "[il-li-ka",
                  "id": "P314292.l05cb7",
                  "ref": "P314292.12.4",
                  "inst": "illika[come]V",
                  "sig": "@saao/saa15%akk-x-neoass:il-li-ka=alāku[go//come]V'V$illika",
                  "f": {
                    "lang": "akk-x-neoass",
                    "form": "il-li-ka",
                    "cf": "alāku",
                    "gw": "go",
                    "sense": "come",
                    "norm": "illika",
                    "pos": "V",
                    "epos": "V"
                  }
                },
                {
                  "node": "l",
                  "frag": "x",
                  "id": "P314292.l05cb8",
                  "ref": "P314292.12.5",
                  "inst": "u",
                  "f": {
                    "lang": "akk-x-neoass",
                    "form": "x",
                    "pos": "u"
                  }
                },
                {
                  "node": "l",
                  "frag": "x",
                  "id": "P314292.l05cb9",
                  "ref": "P314292.12.6",
                  "inst": "u",
                  "f": {
                    "lang": "akk-x-neoass",
                    "form": "x",
                    "pos": "u"
                  }
                },
                {
                  "node": "l",
                  "frag": "x]",
                  "id": "P314292.l05cba",
                  "ref": "P314292.12.7",
                  "inst": "u",
                  "f": {
                    "lang": "akk-x-neoass",
                    "form": "x",
                    "pos": "u"
                  }
                },
                {
                  "node": "d",
                  "type": "line-start",
                  "ref": "P314292.13",
                  "n": "3",
                  "label": "r 3"
                },
                {
                  "node": "l",
                  "frag": "id-du-bu-[ub",
                  "id": "P314292.l05cbb",
                  "ref": "P314292.13.1",
                  "inst": "iddubub[speak]V",
                  "sig": "@saao/saa15%akk-x-neoass:id-du-bu-ub=dabābu[speak//speak]V'V$iddubub",
                  "f": {
                    "lang": "akk-x-neoass",
                    "form": "id-du-bu-ub",
                    "cf": "dabābu",
                    "gw": "speak",
                    "sense": "speak",
                    "norm": "iddubub",
                    "pos": "V",
                    "epos": "V"
                  }
                },
                {
                  "node": "l",
                  "frag": "ma-a",
                  "id": "P314292.l05cbc",
                  "ref": "P314292.13.2",
                  "inst": "mā[saying]PRP",
                  "sig": "@saao/saa15%akk-x-neoass:ma-a=mā[saying//saying]PRP'PRP$mā",
                  "f": {
                    "lang": "akk-x-neoass",
                    "form": "ma-a",
                    "cf": "mā",
                    "gw": "saying",
                    "sense": "saying",
                    "norm": "mā",
                    "pos": "PRP",
                    "epos": "PRP"
                  }
                },
                {
                  "node": "l",
                  "frag": "x",
                  "id": "P314292.l05cbd",
                  "ref": "P314292.13.3",
                  "inst": "u",
                  "f": {
                    "lang": "akk-x-neoass",
                    "form": "x",
                    "pos": "u"
                  }
                },
                {
                  "node": "l",
                  "frag": "x",
                  "id": "P314292.l05cbe",
                  "ref": "P314292.13.4",
                  "inst": "u",
                  "f": {
                    "lang": "akk-x-neoass",
                    "form": "x",
                    "pos": "u"
                  }
                },
                {
                  "node": "l",
                  "frag": "x",
                  "id": "P314292.l05cbf",
                  "ref": "P314292.13.5",
                  "inst": "u",
                  "f": {
                    "lang": "akk-x-neoass",
                    "form": "x",
                    "pos": "u"
                  }
                },
                {
                  "node": "l",
                  "frag": "x]",
                  "id": "P314292.l05cc0",
                  "ref": "P314292.13.6",
                  "inst": "u",
                  "f": {
                    "lang": "akk-x-neoass",
                    "form": "x",
                    "pos": "u"
                  }
                },
                {
                  "node": "d",
                  "type": "line-start",
                  "ref": "P314292.14",
                  "n": "4",
                  "label": "r 4"
                },
                {
                  "node": "l",
                  "frag": "la-al-li\\tp-[ki",
                  "id": "P314292.l05cc1",
                  "ref": "P314292.14.1",
                  "inst": "alāku[go]V$lallīki",
                  "sig": "@saao/saa15%akk-x-neoass:la-al-li-ki=alāku[go//go]V'V$lallīki",
                  "f": {
                    "lang": "akk-x-neoass",
                    "form": "la-al-li-ki",
                    "cf": "alāku",
                    "gw": "go",
                    "sense": "go",
                    "norm": "lallīki",
                    "pos": "V",
                    "epos": "V"
                  }
                },
                {
                  "node": "l",
                  "frag": "x",
                  "id": "P314292.l05cc2",
                  "ref": "P314292.14.2",
                  "inst": "u",
                  "f": {
                    "lang": "akk-x-neoass",
                    "form": "x",
                    "pos": "u"
                  }
                },
                {
                  "node": "l",
                  "frag": "x",
                  "id": "P314292.l05cc3",
                  "ref": "P314292.14.3",
                  "inst": "u",
                  "f": {
                    "lang": "akk-x-neoass",
                    "form": "x",
                    "pos": "u"
                  }
                },
                {
                  "node": "l",
                  "frag": "x",
                  "id": "P314292.l05cc4",
                  "ref": "P314292.14.4",
                  "inst": "u",
                  "f": {
                    "lang": "akk-x-neoass",
                    "form": "x",
                    "pos": "u"
                  }
                },
                {
                  "node": "l",
                  "frag": "x",
                  "id": "P314292.l05cc5",
                  "ref": "P314292.14.5",
                  "inst": "u",
                  "f": {
                    "lang": "akk-x-neoass",
                    "form": "x",
                    "pos": "u"
                  }
                },
                {
                  "node": "l",
                  "frag": "x]",
                  "id": "P314292.l05cc6",
                  "ref": "P314292.14.6",
                  "inst": "u",
                  "f": {
                    "lang": "akk-x-neoass",
                    "form": "x",
                    "pos": "u"
                  }
                },
                {
                  "node": "d",
                  "type": "line-start",
                  "ref": "P314292.15",
                  "n": "5",
                  "label": "r 5"
                },
                {
                  "node": "l",
                  "frag": "šu-u",
                  "id": "P314292.l05cc7",
                  "ref": "P314292.15.1",
                  "inst": "šû[he]IP",
                  "sig": "@saao/saa15%akk-x-neoass:šu-u=šū[he//he]IP'IP$šû",
                  "f": {
                    "lang": "akk-x-neoass",
                    "form": "šu-u",
                    "cf": "šū",
                    "gw": "he",
                    "sense": "he",
                    "norm": "šû",
                    "pos": "IP",
                    "epos": "IP"
                  }
                },
                {
                  "node": "l",
                  "frag": "ki-i",
                  "id": "P314292.l05cc8",
                  "ref": "P314292.15.2",
                  "inst": "kî[like]PRP",
                  "sig": "@saao/saa15%akk-x-neoass:ki-i=kī[like//like]PRP'PRP$kî",
                  "f": {
                    "lang": "akk-x-neoass",
                    "form": "ki-i",
                    "cf": "kī",
                    "gw": "like",
                    "sense": "like",
                    "norm": "kî",
                    "pos": "PRP",
                    "epos": "PRP"
                  }
                },
                {
                  "node": "l",
                  "frag": "⸢ra⸣-[mi₃-ni-šu₂",
                  "id": "P314292.l05cc9",
                  "ref": "P314292.15.3",
                  "inst": "ramānu[self]N$raminīšu",
                  "sig": "@saao/saa15%akk-x-neoass:ra-mi₃-ni-šu₂=ramānu[self//self]N'N$raminīšu",
                  "f": {
                    "lang": "akk-x-neoass",
                    "form": "ra-mi₃-ni-šu₂",
                    "cf": "ramānu",
                    "gw": "self",
                    "sense": "self",
                    "norm": "raminīšu",
                    "pos": "N",
                    "epos": "N"
                  }
                },
                {
                  "node": "l",
                  "frag": "lil-lik]",
                  "id": "P314292.l05cca",
                  "ref": "P314292.15.4",
                  "inst": "lillik[go]V",
                  "sig": "@saao/saa15%akk-x-neoass:lil-lik=alāku[go//go]V'V$lillik",
                  "f": {
                    "lang": "akk-x-neoass",
                    "form": "lil-lik",
                    "cf": "alāku",
                    "gw": "go",
                    "sense": "go",
                    "norm": "lillik",
                    "pos": "V",
                    "epos": "V"
                  }
                },
                {
                  "node": "d",
                  "type": "line-start",
                  "ref": "P314292.16",
                  "n": "6",
                  "label": "r 6"
                },
                {
                  "node": "l",
                  "frag": "an-nu-rig",
                  "id": "P314292.l05ccb",
                  "ref": "P314292.16.1",
                  "inst": "annurig[now]AV",
                  "sig": "@saao/saa15%akk-x-neoass:an-nu-rig=annûri[now//now]AV'AV$annurig",
                  "f": {
                    "lang": "akk-x-neoass",
                    "form": "an-nu-rig",
                    "cf": "annûri",
                    "gw": "now",
                    "sense": "now",
                    "norm": "annurig",
                    "pos": "AV",
                    "epos": "AV"
                  }
                },
                {
                  "node": "c",
                  "type": "phrase",
                  "tag": "phr",
                  "id": "P314292.U4",
                  "ref": "P314292.ls00000",
                  "cdl": [
                    {
                      "node": "l",
                      "frag": "[ina",
                      "id": "P314292.l05ccc",
                      "ref": "P314292.16.2",
                      "inst": "ina[in]PRP",
                      "sig": "@saao/saa15%akk-x-neoass:ina=ina[in//in]PRP'PRP$ina",
                      "f": {
                        "lang": "akk-x-neoass",
                        "form": "ina",
                        "cf": "ina",
                        "gw": "in",
                        "sense": "in",
                        "norm": "ina",
                        "pos": "PRP",
                        "epos": "PRP"
                      }
                    },
                    {
                      "node": "l",
                      "frag": "ŠU.2",
                      "id": "P314292.l05ccd",
                      "ref": "P314292.16.3",
                      "inst": "qātē[hand]N",
                      "sig": "@saao/saa15%akk-x-neoass:ŠU.2=qātu[hand//hand]N'N$qātē",
                      "f": {
                        "lang": "akk-x-neoass",
                        "form": "ŠU.2",
                        "cf": "qātu",
                        "gw": "hand",
                        "sense": "hand",
                        "norm": "qātē",
                        "pos": "N",
                        "epos": "N"
                      }
                    }
                  ]
                },
                {
                  "node": "l",
                  "frag": "{lu₂v}A-KIN-ia]",
                  "id": "P314292.l05cce",
                  "ref": "P314292.16.4",
                  "cof-tails": "P314292.l05ccf",
                  "inst": "māru[son]N$mār&šipru[sending]N$šiprīya",
                  "sig": "@saao/saa15%akk-x-neoass:{LU₂}A-KIN-ia=māru[son//son]N'N$mār&&@saao%akk-x-neoass:=šipru[sending//sending]N'N$šiprīya",
                  "f": {
                    "lang": "akk-x-neoass",
                    "form": "{LU₂}A-KIN-ia",
                    "cf": "māru",
                    "gw": "son",
                    "sense": "son",
                    "norm": "mār",
                    "pos": "N",
                    "epos": "N"
                  }
                },
                {
                  "node": "l",
                  "frag": "{lu₂v}A-KIN-ia]",
                  "id": "P314292.l05ccf",
                  "ref": "P314292.16.4",
                  "cof-head": "P314292.l05cce",
                  "inst": "māru[son]N$mār&šipru[sending]N$šiprīya",
                  "tail-sig": "@saao%akk-x-neoass:=šipru[sending//sending]N'N$šiprīya",
                  "f": {
                    "lang": "akk-x-neoass",
                    "form": "{LU₂}A-KIN-ia",
                    "cf": "šipru",
                    "gw": "sending",
                    "sense": "sending",
                    "norm": "šiprīya",
                    "pos": "N",
                    "epos": "N"
                  }
                },
                {
                  "node": "d",
                  "type": "line-start",
                  "ref": "P314292.17",
                  "n": "7",
                  "label": "r 7"
                },
                {
                  "node": "c",
                  "type": "phrase",
                  "tag": "phr",
                  "id": "P314292.U5",
                  "ref": "P314292.ls00001",
                  "cdl": [
                    {
                      "node": "l",
                      "frag": "ina",
                      "id": "P314292.l05cd0",
                      "ref": "P314292.17.1",
                      "inst": "ina[in+=to]PRP",
                      "sig": "@saao/saa15%akk-x-neoass:ina=ina[in//in]PRP'PRP$ina",
                      "f": {
                        "lang": "akk-x-neoass",
                        "form": "ina",
                        "cf": "ina",
                        "gw": "in",
                        "sense": "in",
                        "norm": "ina",
                        "pos": "PRP",
                        "epos": "PRP"
                      }
                    },
                    {
                      "node": "l",
                      "frag": "IGI",
                      "id": "P314292.l05cd1",
                      "ref": "P314292.17.2",
                      "inst": "pān[front]N",
                      "sig": "@saao/saa15%akk-x-neoass:IGI=pānu[front//front]N'N$pān",
                      "f": {
                        "lang": "akk-x-neoass",
                        "form": "IGI",
                        "cf": "pānu",
                        "gw": "front",
                        "sense": "front",
                        "norm": "pān",
                        "pos": "N",
                        "epos": "N"
                      }
                    }
                  ]
                },
                {
                  "node": "l",
                  "frag": "LUGAL",
                  "id": "P314292.l05cd2",
                  "ref": "P314292.17.3",
                  "inst": "šarri[king]N",
                  "sig": "@saao/saa15%akk-x-neoass:LUGAL=šarru[king//king]N'N$šarri",
                  "f": {
                    "lang": "akk-x-neoass",
                    "form": "LUGAL",
                    "cf": "šarru",
                    "gw": "king",
                    "sense": "king",
                    "norm": "šarri",
                    "pos": "N",
                    "epos": "N"
                  }
                },
                {
                  "node": "l",
                  "frag": "⸢EN⸣-[ia",
                  "id": "P314292.l05cd3",
                  "ref": "P314292.17.4",
                  "inst": "bēlīya[lord]N",
                  "sig": "@saao/saa15%akk-x-neoass:EN-ia=bēlu[lord//lord]N'N$bēlīya",
                  "f": {
                    "lang": "akk-x-neoass",
                    "form": "EN-ia",
                    "cf": "bēlu",
                    "gw": "lord",
                    "sense": "lord",
                    "norm": "bēlīya",
                    "pos": "N",
                    "epos": "N"
                  }
                },
                {
                  "node": "l",
                  "frag": "u₂-se-bi-la-šu₂",
                  "id": "P314292.l05cd4",
                  "ref": "P314292.17.5",
                  "inst": "ussēbilaššu[send]V",
                  "sig": "@saao/saa15%akk-x-neoass:u₂-se-bi-la-šu₂=wabālu[bring//send]V'V$ussēbilaššu",
                  "f": {
                    "lang": "akk-x-neoass",
                    "form": "u₂-se-bi-la-šu₂",
                    "cf": "wabālu",
                    "gw": "bring",
                    "sense": "send",
                    "norm": "ussēbilaššu",
                    "pos": "V",
                    "epos": "V"
                  }
                },
                {
                  "node": "l",
                  "frag": "x",
                  "id": "P314292.l05cd5",
                  "ref": "P314292.17.6",
                  "inst": "u",
                  "f": {
                    "lang": "akk-x-neoass",
                    "form": "x",
                    "pos": "u"
                  }
                },
                {
                  "node": "l",
                  "frag": "x]",
                  "id": "P314292.l05cd6",
                  "ref": "P314292.17.7",
                  "inst": "u",
                  "f": {
                    "lang": "akk-x-neoass",
                    "form": "x",
                    "pos": "u"
                  }
                },
                {
                  "node": "d",
                  "type": "line-start",
                  "ref": "P314292.18",
                  "n": "8",
                  "label": "r 8"
                },
                {
                  "node": "l",
                  "frag": "lid-bu-bu",
                  "id": "P314292.l05cd7",
                  "ref": "P314292.18.1",
                  "inst": "lidbūbu[speak]V",
                  "sig": "@saao/saa15%akk-x-neoass:lid-bu-bu=dabābu[speak//speak]V'V$lidbūbu",
                  "f": {
                    "lang": "akk-x-neoass",
                    "form": "lid-bu-bu",
                    "cf": "dabābu",
                    "gw": "speak",
                    "sense": "speak",
                    "norm": "lidbūbu",
                    "pos": "V",
                    "epos": "V"
                  }
                },
                {
                  "node": "l",
                  "frag": "[x",
                  "id": "P314292.l05cd8",
                  "ref": "P314292.18.2",
                  "inst": "u",
                  "f": {
                    "lang": "akk-x-neoass",
                    "form": "x",
                    "pos": "u"
                  }
                },
                {
                  "node": "l",
                  "frag": "x",
                  "id": "P314292.l05cd9",
                  "ref": "P314292.18.3",
                  "inst": "u",
                  "f": {
                    "lang": "akk-x-neoass",
                    "form": "x",
                    "pos": "u"
                  }
                },
                {
                  "node": "l",
                  "frag": "x",
                  "id": "P314292.l05cda",
                  "ref": "P314292.18.4",
                  "inst": "u",
                  "f": {
                    "lang": "akk-x-neoass",
                    "form": "x",
                    "pos": "u"
                  }
                },
                {
                  "node": "l",
                  "frag": "x",
                  "id": "P314292.l05cdb",
                  "ref": "P314292.18.5",
                  "inst": "u",
                  "f": {
                    "lang": "akk-x-neoass",
                    "form": "x",
                    "pos": "u"
                  }
                },
                {
                  "node": "l",
                  "frag": "x",
                  "id": "P314292.l05cdc",
                  "ref": "P314292.18.6",
                  "inst": "u",
                  "f": {
                    "lang": "akk-x-neoass",
                    "form": "x",
                    "pos": "u"
                  }
                },
                {
                  "node": "l",
                  "frag": "x",
                  "id": "P314292.l05cdd",
                  "ref": "P314292.18.7",
                  "inst": "u",
                  "f": {
                    "lang": "akk-x-neoass",
                    "form": "x",
                    "pos": "u"
                  }
                },
                {
                  "node": "l",
                  "frag": "x]",
                  "id": "P314292.l05cde",
                  "ref": "P314292.18.8",
                  "inst": "u",
                  "f": {
                    "lang": "akk-x-neoass",
                    "form": "x",
                    "pos": "u"
                  }
                },
                {
                  "node": "d",
                  "type": "line-start",
                  "ref": "P314292.19",
                  "n": "9",
                  "label": "r 9"
                },
                {
                  "node": "l",
                  "frag": "[x",
                  "id": "P314292.l05cdf",
                  "ref": "P314292.19.1",
                  "inst": "u",
                  "f": {
                    "lang": "akk-x-neoass",
                    "form": "x",
                    "pos": "u"
                  }
                },
                {
                  "node": "l",
                  "frag": "x]",
                  "id": "P314292.l05ce0",
                  "ref": "P314292.19.2",
                  "inst": "u",
                  "f": {
                    "lang": "akk-x-neoass",
                    "form": "x",
                    "pos": "u"
                  }
                },
                {
                  "node": "l",
                  "frag": "ru\\d",
                  "id": "P314292.l05ce1",
                  "ref": "P314292.19.3",
                  "inst": "u",
                  "f": {
                    "lang": "akk-x-neoass",
                    "form": "ru",
                    "pos": "u"
                  }
                },
                {
                  "node": "l",
                  "frag": "[x",
                  "id": "P314292.l05ce2",
                  "ref": "P314292.19.4",
                  "inst": "u",
                  "f": {
                    "lang": "akk-x-neoass",
                    "form": "x",
                    "pos": "u"
                  }
                },
                {
                  "node": "l",
                  "frag": "x",
                  "id": "P314292.l05ce3",
                  "ref": "P314292.19.5",
                  "inst": "u",
                  "f": {
                    "lang": "akk-x-neoass",
                    "form": "x",
                    "pos": "u"
                  }
                },
                {
                  "node": "l",
                  "frag": "x",
                  "id": "P314292.l05ce4",
                  "ref": "P314292.19.6",
                  "inst": "u",
                  "f": {
                    "lang": "akk-x-neoass",
                    "form": "x",
                    "pos": "u"
                  }
                },
                {
                  "node": "l",
                  "frag": "x",
                  "id": "P314292.l05ce5",
                  "ref": "P314292.19.7",
                  "inst": "u",
                  "f": {
                    "lang": "akk-x-neoass",
                    "form": "x",
                    "pos": "u"
                  }
                },
                {
                  "node": "l",
                  "frag": "x",
                  "id": "P314292.l05ce6",
                  "ref": "P314292.19.8",
                  "inst": "u",
                  "f": {
                    "lang": "akk-x-neoass",
                    "form": "x",
                    "pos": "u"
                  }
                },
                {
                  "node": "l",
                  "frag": "x",
                  "id": "P314292.l05ce7",
                  "ref": "P314292.19.9",
                  "inst": "u",
                  "f": {
                    "lang": "akk-x-neoass",
                    "form": "x",
                    "pos": "u"
                  }
                },
                {
                  "node": "l",
                  "frag": "x]",
                  "id": "P314292.l05ce8",
                  "ref": "P314292.19.10",
                  "inst": "u",
                  "f": {
                    "lang": "akk-x-neoass",
                    "form": "x",
                    "pos": "u"
                  }
                },
                {
                  "node": "d",
                  "type": "line-start",
                  "ref": "P314292.20",
                  "n": "10",
                  "label": "r 10"
                },
                {
                  "node": "l",
                  "frag": "[x",
                  "id": "P314292.l05ce9",
                  "ref": "P314292.20.1",
                  "inst": "u",
                  "f": {
                    "lang": "akk-x-neoass",
                    "form": "x",
                    "pos": "u"
                  }
                },
                {
                  "node": "l",
                  "frag": "x]",
                  "id": "P314292.l05cea",
                  "ref": "P314292.20.2",
                  "inst": "u",
                  "f": {
                    "lang": "akk-x-neoass",
                    "form": "x",
                    "pos": "u"
                  }
                },
                {
                  "node": "l",
                  "frag": "ma",
                  "id": "P314292.l05ceb",
                  "ref": "P314292.20.3",
                  "inst": "u",
                  "f": {
                    "lang": "akk-x-neoass",
                    "form": "ma",
                    "pos": "u"
                  }
                },
                {
                  "node": "l",
                  "frag": "⸢ri⸣",
                  "id": "P314292.l05cec",
                  "ref": "P314292.20.4",
                  "inst": "u",
                  "f": {
                    "lang": "akk-x-neoass",
                    "form": "ri",
                    "pos": "u"
                  }
                },
                {
                  "node": "l",
                  "frag": "[x",
                  "id": "P314292.l05ced",
                  "ref": "P314292.20.5",
                  "inst": "u",
                  "f": {
                    "lang": "akk-x-neoass",
                    "form": "x",
                    "pos": "u"
                  }
                },
                {
                  "node": "l",
                  "frag": "x",
                  "id": "P314292.l05cee",
                  "ref": "P314292.20.6",
                  "inst": "u",
                  "f": {
                    "lang": "akk-x-neoass",
                    "form": "x",
                    "pos": "u"
                  }
                },
                {
                  "node": "l",
                  "frag": "x",
                  "id": "P314292.l05cef",
                  "ref": "P314292.20.7",
                  "inst": "u",
                  "f": {
                    "lang": "akk-x-neoass",
                    "form": "x",
                    "pos": "u"
                  }
                },
                {
                  "node": "l",
                  "frag": "x",
                  "id": "P314292.l05cf0",
                  "ref": "P314292.20.8",
                  "inst": "u",
                  "f": {
                    "lang": "akk-x-neoass",
                    "form": "x",
                    "pos": "u"
                  }
                },
                {
                  "node": "l",
                  "frag": "x",
                  "id": "P314292.l05cf1",
                  "ref": "P314292.20.9",
                  "inst": "u",
                  "f": {
                    "lang": "akk-x-neoass",
                    "form": "x",
                    "pos": "u"
                  }
                },
                {
                  "node": "l",
                  "frag": "x]",
                  "id": "P314292.l05cf2",
                  "ref": "P314292.20.10",
                  "inst": "u",
                  "f": {
                    "lang": "akk-x-neoass",
                    "form": "x",
                    "pos": "u"
                  }
                },
                {
                  "node": "d",
                  "type": "nonx",
                  "ref": "P314292.21",
                  "strict": "0",
                  "extent": "rest",
                  "state": "missing"
                }
              ]
            }
          ]
        }
      ]
    },
    {
      "linkbase": [
        {
          "type": "linkset",
          "xlink_title": "ina qāti[in/from s.o.ʾs possession, control//in/from s.o.ʾs possession, control]PRP'PRP",
          "id": "P314292.ls00000",
          "xlink_type": "extended",
          "xlink_role": "psu",
          "sig": "{ina[in]PRP qātu[hand]N += ina qāti[in/from s.o.ʾs possession, control//in/from s.o.ʾs possession, control]PRP'PRP}::@saao%akk-x-neoass:ina=ina[in//into]PRP'PRP$ina++@saao%akk-x-neoass:ŠU.2=qātu[hand//hand]N'N$qāti",
          "links": [
            {
              "type": "link",
              "xlink_title": "ina",
              "xlink_type": "locator",
              "xlink_href": "#P314292.l05ccc",
              "xlink_role": "elt"
            },
            {
              "type": "link",
              "xlink_title": "qātē",
              "xlink_type": "locator",
              "xlink_href": "#P314292.l05ccd",
              "xlink_role": "elt"
            }
          ]
        },
        {
          "type": "linkset",
          "xlink_title": "ina pān[in the presence of//at the disposal of]PRP'PRP",
          "id": "P314292.ls00001",
          "xlink_type": "extended",
          "xlink_role": "psu",
          "sig": "{ina[in]PRP pānu[front]N += ina pān[in the presence of//at the disposal of]PRP'PRP}::@saao%akk-x-neoass:ina=ina[in//into]PRP'PRP$ina++@saao%akk-x-neoass:IGI=pānu[front//front]N'N$pān",
          "links": [
            {
              "type": "link",
              "xlink_title": "ina",
              "xlink_type": "locator",
              "xlink_href": "#P314292.l05cd0",
              "xlink_role": "elt"
            },
            {
              "type": "link",
              "xlink_title": "pān",
              "xlink_type": "locator",
              "xlink_href": "#P314292.l05cd1",
              "xlink_role": "elt"
            }
          ]
        }
      ]
    }
  ]
}
