{
  "type": "cdl",
  "source": "http://oracc.org/saao/saa15",
  "license": "This data is released under the CC0 license",
  "license-url": "https://creativecommons.org/publicdomain/zero/1.0/",
  "more-info": "http://oracc.org/doc/opendata/",
  "UTC-timestamp": "2017-06-10T00:55:36",
  "project": "saao/saa15",
  "textid": "P314302",
  "cdl": [
    {
      "node": "c",
      "type": "text",
      "id": "P314302.U0",
      "cdl": [
        {
          "node": "d",
          "type": "object",
          "ref": ""
        },
        {
          "node": "d",
          "subtype": "obverse",
          "type": "obverse",
          "ref": "P314302.o.1",
          "label": "o"
        },
        {
          "node": "c",
          "type": "discourse",
          "subtype": "body",
          "id": "P314302.U1",
          "cdl": [
            {
              "node": "c",
              "type": "sentence",
              "id": "P314302.U2",
              "label": "o 1 - t.e. 4",
              "cdl": [
                {
                  "node": "d",
                  "type": "line-start",
                  "ref": "P314302.2",
                  "n": "1",
                  "label": "o 1"
                },
                {
                  "node": "l",
                  "frag": "a-na",
                  "id": "P314302.l02c0a",
                  "ref": "P314302.2.1",
                  "inst": "ana[to]PRP",
                  "sig": "@saao/saa15%akk-x-neoass:a-na=ana[to//to]PRP'PRP$ana",
                  "f": {
                    "lang": "akk-x-neoass",
                    "form": "a-na",
                    "cf": "ana",
                    "gw": "to",
                    "sense": "to",
                    "norm": "ana",
                    "pos": "PRP",
                    "epos": "PRP"
                  }
                },
                {
                  "node": "l",
                  "frag": "LUGAL",
                  "id": "P314302.l02c0b",
                  "ref": "P314302.2.2",
                  "inst": "šarri[king]N",
                  "sig": "@saao/saa15%akk-x-neoass:LUGAL=šarru[king//king]N'N$šarri",
                  "f": {
                    "lang": "akk-x-neoass",
                    "form": "LUGAL",
                    "cf": "šarru",
                    "gw": "king",
                    "sense": "king",
                    "norm": "šarri",
                    "pos": "N",
                    "epos": "N"
                  }
                },
                {
                  "node": "l",
                  "frag": "[be-li₂-ia]",
                  "id": "P314302.l02c0c",
                  "ref": "P314302.2.3",
                  "inst": "bēlīya[lord]N",
                  "sig": "@saao/saa15%akk-x-neoass:be-li₂-ia=bēlu[lord//lord]N'N$bēlīya",
                  "f": {
                    "lang": "akk-x-neoass",
                    "form": "be-li₂-ia",
                    "cf": "bēlu",
                    "gw": "lord",
                    "sense": "lord",
                    "norm": "bēlīya",
                    "pos": "N",
                    "epos": "N"
                  }
                },
                {
                  "node": "d",
                  "type": "line-start",
                  "ref": "P314302.3",
                  "n": "2",
                  "label": "o 2"
                },
                {
                  "node": "l",
                  "frag": "ARAD\\p-ka\\d",
                  "id": "P314302.l02c0d",
                  "ref": "P314302.3.1",
                  "inst": "urdaka[servant]N",
                  "sig": "@saao/saa15%akk-x-neoass:ARAD-ka=ardu[slave//servant]N'N$urdaka",
                  "f": {
                    "lang": "akk-x-neoass",
                    "form": "ARAD-ka",
                    "cf": "ardu",
                    "gw": "slave",
                    "sense": "servant",
                    "norm": "urdaka",
                    "pos": "N",
                    "epos": "N"
                  }
                },
                {
                  "node": "l",
                  "frag": "{1}{d}[UTU-EN-PAB]",
                  "id": "P314302.l02c0e",
                  "ref": "P314302.3.2",
                  "inst": "Šamaš-belu-uṣur[1]PN",
                  "sig": "@saao/saa15%akk-x-neoass:{1}{d}UTU-EN-PAB=Šamaš-belu-uṣur[1//1]PN'PN$Šamaš-belu-uṣur",
                  "f": {
                    "lang": "akk-x-neoass",
                    "form": "{1}{d}UTU-EN-PAB",
                    "cf": "Šamaš-belu-uṣur",
                    "gw": "1",
                    "sense": "1",
                    "norm": "Šamaš-belu-uṣur",
                    "pos": "PN",
                    "epos": "PN"
                  }
                },
                {
                  "node": "d",
                  "type": "line-start",
                  "ref": "P314302.4",
                  "n": "3",
                  "label": "o 3"
                },
                {
                  "node": "l",
                  "frag": "lu-u",
                  "id": "P314302.l02c0f",
                  "ref": "P314302.4.1",
                  "inst": "lū[may]MOD",
                  "sig": "@saao/saa15%akk-x-neoass:lu-u=lū[may//may]MOD'MOD$lū",
                  "f": {
                    "lang": "akk-x-neoass",
                    "form": "lu-u",
                    "cf": "lū",
                    "gw": "may",
                    "sense": "may",
                    "norm": "lū",
                    "pos": "MOD",
                    "epos": "MOD"
                  }
                },
                {
                  "node": "l",
                  "frag": "DI-mu",
                  "id": "P314302.l02c10",
                  "ref": "P314302.4.2",
                  "inst": "šulmu[health]N",
                  "sig": "@saao/saa15%akk-x-neoass:DI-mu=šulmu[completeness//health]N'N$šulmu",
                  "f": {
                    "lang": "akk-x-neoass",
                    "form": "DI-mu",
                    "cf": "šulmu",
                    "gw": "completeness",
                    "sense": "health",
                    "norm": "šulmu",
                    "pos": "N",
                    "epos": "N"
                  }
                },
                {
                  "node": "l",
                  "frag": "a-⸢na⸣",
                  "id": "P314302.l02c11",
                  "ref": "P314302.4.3",
                  "inst": "ana[to]PRP",
                  "sig": "@saao/saa15%akk-x-neoass:a-na=ana[to//to]PRP'PRP$ana",
                  "f": {
                    "lang": "akk-x-neoass",
                    "form": "a-na",
                    "cf": "ana",
                    "gw": "to",
                    "sense": "to",
                    "norm": "ana",
                    "pos": "PRP",
                    "epos": "PRP"
                  }
                },
                {
                  "node": "l",
                  "frag": "[LUGAL",
                  "id": "P314302.l02c12",
                  "ref": "P314302.4.4",
                  "inst": "šarri[king]N",
                  "sig": "@saao/saa15%akk-x-neoass:LUGAL=šarru[king//king]N'N$šarri",
                  "f": {
                    "lang": "akk-x-neoass",
                    "form": "LUGAL",
                    "cf": "šarru",
                    "gw": "king",
                    "sense": "king",
                    "norm": "šarri",
                    "pos": "N",
                    "epos": "N"
                  }
                },
                {
                  "node": "l",
                  "frag": "EN-ia]",
                  "id": "P314302.l02c13",
                  "ref": "P314302.4.5",
                  "inst": "bēlīya[lord]N",
                  "sig": "@saao/saa15%akk-x-neoass:EN-ia=bēlu[lord//lord]N'N$bēlīya",
                  "f": {
                    "lang": "akk-x-neoass",
                    "form": "EN-ia",
                    "cf": "bēlu",
                    "gw": "lord",
                    "sense": "lord",
                    "norm": "bēlīya",
                    "pos": "N",
                    "epos": "N"
                  }
                },
                {
                  "node": "d",
                  "type": "line-start",
                  "ref": "P314302.5",
                  "n": "4",
                  "label": "o 4"
                },
                {
                  "node": "l",
                  "frag": "DI-mu",
                  "id": "P314302.l02c14",
                  "ref": "P314302.5.1",
                  "inst": "šulmu[health]N",
                  "sig": "@saao/saa15%akk-x-neoass:DI-mu=šulmu[completeness//health]N'N$šulmu",
                  "f": {
                    "lang": "akk-x-neoass",
                    "form": "DI-mu",
                    "cf": "šulmu",
                    "gw": "completeness",
                    "sense": "health",
                    "norm": "šulmu",
                    "pos": "N",
                    "epos": "N"
                  }
                },
                {
                  "node": "l",
                  "frag": "a-na",
                  "id": "P314302.l02c15",
                  "ref": "P314302.5.2",
                  "inst": "ana[to]PRP",
                  "sig": "@saao/saa15%akk-x-neoass:a-na=ana[to//to]PRP'PRP$ana",
                  "f": {
                    "lang": "akk-x-neoass",
                    "form": "a-na",
                    "cf": "ana",
                    "gw": "to",
                    "sense": "to",
                    "norm": "ana",
                    "pos": "PRP",
                    "epos": "PRP"
                  }
                },
                {
                  "node": "l",
                  "frag": "{urud}⸢de⸣-[ri",
                  "id": "P314302.l02c16",
                  "ref": "P314302.5.3",
                  "inst": "Deru[Der]GN$Deri",
                  "sig": "@saao/saa15%akk-x-neoass:{URU}de-ri=Deru[Der//Der]GN'GN$Deri",
                  "f": {
                    "lang": "akk-x-neoass",
                    "form": "{URU}de-ri",
                    "cf": "Deru",
                    "gw": "Der",
                    "sense": "Der",
                    "norm": "Deri",
                    "pos": "GN",
                    "epos": "GN"
                  }
                },
                {
                  "node": "l",
                  "frag": "DI-mu",
                  "id": "P314302.l02c17",
                  "ref": "P314302.5.4",
                  "inst": "šulmu[health]N",
                  "sig": "@saao/saa15%akk-x-neoass:DI-mu=šulmu[completeness//health]N'N$šulmu",
                  "f": {
                    "lang": "akk-x-neoass",
                    "form": "DI-mu",
                    "cf": "šulmu",
                    "gw": "completeness",
                    "sense": "health",
                    "norm": "šulmu",
                    "pos": "N",
                    "epos": "N"
                  }
                },
                {
                  "node": "l",
                  "frag": "a-na",
                  "id": "P314302.l02c18",
                  "ref": "P314302.5.5",
                  "inst": "ana[to]PRP",
                  "sig": "@saao/saa15%akk-x-neoass:a-na=ana[to//to]PRP'PRP$ana",
                  "f": {
                    "lang": "akk-x-neoass",
                    "form": "a-na",
                    "cf": "ana",
                    "gw": "to",
                    "sense": "to",
                    "norm": "ana",
                    "pos": "PRP",
                    "epos": "PRP"
                  }
                },
                {
                  "node": "l",
                  "frag": "{uru}HAL.ṢU]",
                  "id": "P314302.l02c19",
                  "ref": "P314302.5.6",
                  "inst": "bīrti[fort]N",
                  "sig": "@saao/saa15%akk-x-neoass:{URU}HAL.ṢU=birtu[fort//fort]N'N$bīrti",
                  "f": {
                    "lang": "akk-x-neoass",
                    "form": "{URU}HAL.ṢU",
                    "cf": "birtu",
                    "gw": "fort",
                    "sense": "fort",
                    "norm": "bīrti",
                    "pos": "N",
                    "epos": "N"
                  }
                },
                {
                  "node": "d",
                  "type": "line-start",
                  "ref": "P314302.6",
                  "n": "5",
                  "label": "o 5"
                },
                {
                  "node": "l",
                  "frag": "{lu₂v}A-KIN-e-a",
                  "id": "P314302.l02c1a",
                  "ref": "P314302.6.1",
                  "cof-tails": "P314302.l02c1b",
                  "inst": "māru[son]N$mār&šipru[sending]N$šiprēya",
                  "sig": "@saao/saa15%akk-x-neoass:{LU₂}A-KIN-e-a=māru[son//son]N'N$mār&&@saao%akk-x-neoass:=šipru[sending//sending]N'N$šiprēya",
                  "f": {
                    "lang": "akk-x-neoass",
                    "form": "{LU₂}A-KIN-e-a",
                    "cf": "māru",
                    "gw": "son",
                    "sense": "son",
                    "norm": "mār",
                    "pos": "N",
                    "epos": "N"
                  }
                },
                {
                  "node": "l",
                  "frag": "{lu₂v}A-KIN-e-a",
                  "id": "P314302.l02c1b",
                  "ref": "P314302.6.1",
                  "cof-head": "P314302.l02c1a",
                  "inst": "māru[son]N$mār&šipru[sending]N$šiprēya",
                  "tail-sig": "@saao%akk-x-neoass:=šipru[sending//sending]N'N$šiprēya",
                  "f": {
                    "lang": "akk-x-neoass",
                    "form": "{LU₂}A-KIN-e-a",
                    "cf": "šipru",
                    "gw": "sending",
                    "sense": "sending",
                    "norm": "šiprēya",
                    "pos": "N",
                    "epos": "N"
                  }
                },
                {
                  "node": "l",
                  "frag": "[ša",
                  "id": "P314302.l02c1c",
                  "ref": "P314302.6.2",
                  "inst": "ša[who]REL",
                  "sig": "@saao/saa15%akk-x-neoass:ša=ša[that//who]REL'REL$ša",
                  "f": {
                    "lang": "akk-x-neoass",
                    "form": "ša",
                    "cf": "ša",
                    "gw": "that",
                    "sense": "who",
                    "norm": "ša",
                    "pos": "REL",
                    "epos": "REL"
                  }
                },
                {
                  "node": "l",
                  "frag": "a-na",
                  "id": "P314302.l02c1d",
                  "ref": "P314302.6.3",
                  "inst": "ana[to]PRP",
                  "sig": "@saao/saa15%akk-x-neoass:a-na=ana[to//to]PRP'PRP$ana",
                  "f": {
                    "lang": "akk-x-neoass",
                    "form": "a-na",
                    "cf": "ana",
                    "gw": "to",
                    "sense": "to",
                    "norm": "ana",
                    "pos": "PRP",
                    "epos": "PRP"
                  }
                },
                {
                  "node": "l",
                  "frag": "x",
                  "id": "P314302.l02c1e",
                  "ref": "P314302.6.4",
                  "inst": "u",
                  "f": {
                    "lang": "akk-x-neoass",
                    "form": "x",
                    "pos": "u"
                  }
                },
                {
                  "node": "l",
                  "frag": "x",
                  "id": "P314302.l02c1f",
                  "ref": "P314302.6.5",
                  "inst": "u",
                  "f": {
                    "lang": "akk-x-neoass",
                    "form": "x",
                    "pos": "u"
                  }
                },
                {
                  "node": "l",
                  "frag": "x]",
                  "id": "P314302.l02c20",
                  "ref": "P314302.6.6",
                  "inst": "u",
                  "f": {
                    "lang": "akk-x-neoass",
                    "form": "x",
                    "pos": "u"
                  }
                },
                {
                  "node": "d",
                  "type": "line-start",
                  "ref": "P314302.7",
                  "n": "6",
                  "label": "o 6"
                },
                {
                  "node": "l",
                  "frag": "aš₂-pur-u-ni",
                  "id": "P314302.l02c21",
                  "ref": "P314302.7.1",
                  "inst": "ašpurūni[send]V",
                  "sig": "@saao/saa15%akk-x-neoass:aš₂-pur-u-ni=šapāru[send//send]V'V$ašpurūni",
                  "f": {
                    "lang": "akk-x-neoass",
                    "form": "aš₂-pur-u-ni",
                    "cf": "šapāru",
                    "gw": "send",
                    "sense": "send",
                    "norm": "ašpurūni",
                    "pos": "V",
                    "epos": "V"
                  }
                },
                {
                  "node": "l",
                  "frag": "it-[tal-ka",
                  "id": "P314302.l02c22",
                  "ref": "P314302.7.2",
                  "inst": "ittalka[come]V",
                  "sig": "@saao/saa15%akk-x-neoass:it-tal-ka=alāku[go//come]V'V$ittalka",
                  "f": {
                    "lang": "akk-x-neoass",
                    "form": "it-tal-ka",
                    "cf": "alāku",
                    "gw": "go",
                    "sense": "come",
                    "norm": "ittalka",
                    "pos": "V",
                    "epos": "V"
                  }
                },
                {
                  "node": "l",
                  "frag": "iq-ṭi-bi-a]",
                  "id": "P314302.l02c23",
                  "ref": "P314302.7.3",
                  "inst": "iqṭibia[say]V",
                  "sig": "@saao/saa15%akk-x-neoass:iq-ṭi-bi-a=qabû[say//say]V'V$iqṭibia",
                  "f": {
                    "lang": "akk-x-neoass",
                    "form": "iq-ṭi-bi-a",
                    "cf": "qabû",
                    "gw": "say",
                    "sense": "say",
                    "norm": "iqṭibia",
                    "pos": "V",
                    "epos": "V"
                  }
                },
                {
                  "node": "d",
                  "type": "line-start",
                  "ref": "P314302.8",
                  "n": "7",
                  "label": "o 7"
                },
                {
                  "node": "l",
                  "frag": "ma-a",
                  "id": "P314302.l02c24",
                  "ref": "P314302.8.1",
                  "inst": "mā[saying]PRP",
                  "sig": "@saao/saa15%akk-x-neoass:ma-a=mā[saying//saying]PRP'PRP$mā",
                  "f": {
                    "lang": "akk-x-neoass",
                    "form": "ma-a",
                    "cf": "mā",
                    "gw": "saying",
                    "sense": "saying",
                    "norm": "mā",
                    "pos": "PRP",
                    "epos": "PRP"
                  }
                },
                {
                  "node": "l",
                  "frag": "{1}{d}PA-GAL₂\\d-[ši",
                  "id": "P314302.l02c25",
                  "ref": "P314302.8.2",
                  "inst": "Nabu-ušabši[1]PN",
                  "sig": "@saao/saa15%akk-x-neoass:{1}{d}PA-GAL₂-ši=Nabu-ušabši[1//1]PN'PN$Nabu-ušabši",
                  "f": {
                    "lang": "akk-x-neoass",
                    "form": "{1}{d}PA-GAL₂-ši",
                    "cf": "Nabu-ušabši",
                    "gw": "1",
                    "sense": "1",
                    "norm": "Nabu-ušabši",
                    "pos": "PN",
                    "epos": "PN"
                  }
                },
                {
                  "node": "l",
                  "frag": "x",
                  "id": "P314302.l02c26",
                  "ref": "P314302.8.3",
                  "inst": "u",
                  "f": {
                    "lang": "akk-x-neoass",
                    "form": "x",
                    "pos": "u"
                  }
                },
                {
                  "node": "l",
                  "frag": "x",
                  "id": "P314302.l02c27",
                  "ref": "P314302.8.4",
                  "inst": "u",
                  "f": {
                    "lang": "akk-x-neoass",
                    "form": "x",
                    "pos": "u"
                  }
                },
                {
                  "node": "l",
                  "frag": "x",
                  "id": "P314302.l02c28",
                  "ref": "P314302.8.5",
                  "inst": "u",
                  "f": {
                    "lang": "akk-x-neoass",
                    "form": "x",
                    "pos": "u"
                  }
                },
                {
                  "node": "l",
                  "frag": "x]",
                  "id": "P314302.l02c29",
                  "ref": "P314302.8.6",
                  "inst": "u",
                  "f": {
                    "lang": "akk-x-neoass",
                    "form": "x",
                    "pos": "u"
                  }
                },
                {
                  "node": "d",
                  "type": "line-start",
                  "ref": "P314302.9",
                  "n": "8",
                  "label": "o 8"
                },
                {
                  "node": "l",
                  "frag": "TA\\p",
                  "id": "P314302.l02c2a",
                  "ref": "P314302.9.1",
                  "inst": "issu[from]PRP",
                  "sig": "@saao/saa15%akk-x-neoass:TA=ištu[from//from]PRP'PRP$issu",
                  "f": {
                    "lang": "akk-x-neoass",
                    "form": "TA",
                    "cf": "ištu",
                    "gw": "from",
                    "sense": "from",
                    "norm": "issu",
                    "pos": "PRP",
                    "epos": "PRP"
                  }
                },
                {
                  "node": "l",
                  "frag": "{urud}hi-da-⸢li⸣",
                  "id": "P314302.l02c2b",
                  "ref": "P314302.9.2",
                  "inst": "Hidalu[]GN$Hidali",
                  "sig": "@saao/saa15%akk-x-neoass:{URU}hi-da-li=Hidalu[1//1]GN'GN$Hidali",
                  "f": {
                    "lang": "akk-x-neoass",
                    "form": "{URU}hi-da-li",
                    "cf": "Hidalu",
                    "gw": "1",
                    "sense": "1",
                    "norm": "Hidali",
                    "pos": "GN",
                    "epos": "GN"
                  }
                },
                {
                  "node": "l",
                  "frag": "[x",
                  "id": "P314302.l02c2c",
                  "ref": "P314302.9.3",
                  "inst": "u",
                  "f": {
                    "lang": "akk-x-neoass",
                    "form": "x",
                    "pos": "u"
                  }
                },
                {
                  "node": "l",
                  "frag": "x",
                  "id": "P314302.l02c2d",
                  "ref": "P314302.9.4",
                  "inst": "u",
                  "f": {
                    "lang": "akk-x-neoass",
                    "form": "x",
                    "pos": "u"
                  }
                },
                {
                  "node": "l",
                  "frag": "x",
                  "id": "P314302.l02c2e",
                  "ref": "P314302.9.5",
                  "inst": "u",
                  "f": {
                    "lang": "akk-x-neoass",
                    "form": "x",
                    "pos": "u"
                  }
                },
                {
                  "node": "l",
                  "frag": "x",
                  "id": "P314302.l02c2f",
                  "ref": "P314302.9.6",
                  "inst": "u",
                  "f": {
                    "lang": "akk-x-neoass",
                    "form": "x",
                    "pos": "u"
                  }
                },
                {
                  "node": "l",
                  "frag": "x]",
                  "id": "P314302.l02c30",
                  "ref": "P314302.9.7",
                  "inst": "u",
                  "f": {
                    "lang": "akk-x-neoass",
                    "form": "x",
                    "pos": "u"
                  }
                },
                {
                  "node": "d",
                  "type": "line-start",
                  "ref": "P314302.10",
                  "n": "9",
                  "label": "o 9"
                },
                {
                  "node": "l",
                  "frag": "ma-a",
                  "id": "P314302.l02c31",
                  "ref": "P314302.10.1",
                  "inst": "mā[saying]PRP",
                  "sig": "@saao/saa15%akk-x-neoass:ma-a=mā[saying//saying]PRP'PRP$mā",
                  "f": {
                    "lang": "akk-x-neoass",
                    "form": "ma-a",
                    "cf": "mā",
                    "gw": "saying",
                    "sense": "saying",
                    "norm": "mā",
                    "pos": "PRP",
                    "epos": "PRP"
                  }
                },
                {
                  "node": "l",
                  "frag": "06",
                  "id": "P314302.l02c32",
                  "ref": "P314302.10.2",
                  "inst": "n",
                  "f": {
                    "lang": "akk-x-neoass",
                    "form": "06",
                    "pos": "n"
                  }
                },
                {
                  "node": "l",
                  "frag": "mar-⸢de⸣-[e-ti",
                  "id": "P314302.l02c33",
                  "ref": "P314302.10.3",
                  "inst": "mardēti[stage]N",
                  "sig": "@saao/saa15%akk-x-neoass:mar-de-e-ti=mardītu[stage//stage]N'N$mardēti",
                  "f": {
                    "lang": "akk-x-neoass",
                    "form": "mar-de-e-ti",
                    "cf": "mardītu",
                    "gw": "stage",
                    "sense": "stage",
                    "norm": "mardēti",
                    "pos": "N",
                    "epos": "N"
                  }
                },
                {
                  "node": "l",
                  "frag": "x",
                  "id": "P314302.l02c34",
                  "ref": "P314302.10.4",
                  "inst": "u",
                  "f": {
                    "lang": "akk-x-neoass",
                    "form": "x",
                    "pos": "u"
                  }
                },
                {
                  "node": "l",
                  "frag": "x",
                  "id": "P314302.l02c35",
                  "ref": "P314302.10.5",
                  "inst": "u",
                  "f": {
                    "lang": "akk-x-neoass",
                    "form": "x",
                    "pos": "u"
                  }
                },
                {
                  "node": "l",
                  "frag": "x]",
                  "id": "P314302.l02c36",
                  "ref": "P314302.10.6",
                  "inst": "u",
                  "f": {
                    "lang": "akk-x-neoass",
                    "form": "x",
                    "pos": "u"
                  }
                },
                {
                  "node": "d",
                  "type": "line-start",
                  "ref": "P314302.11",
                  "n": "10",
                  "label": "o 10"
                },
                {
                  "node": "l",
                  "frag": "ma-a",
                  "id": "P314302.l02c37",
                  "ref": "P314302.11.1",
                  "inst": "mā[saying]PRP",
                  "sig": "@saao/saa15%akk-x-neoass:ma-a=mā[saying//saying]PRP'PRP$mā",
                  "f": {
                    "lang": "akk-x-neoass",
                    "form": "ma-a",
                    "cf": "mā",
                    "gw": "saying",
                    "sense": "saying",
                    "norm": "mā",
                    "pos": "PRP",
                    "epos": "PRP"
                  }
                },
                {
                  "node": "c",
                  "type": "phrase",
                  "tag": "phr",
                  "id": "P314302.U4",
                  "ref": "P314302.ls00000",
                  "cdl": [
                    {
                      "node": "l",
                      "frag": "ina",
                      "id": "P314302.l02c38",
                      "ref": "P314302.11.2",
                      "inst": "ina[in+=there]PRP",
                      "sig": "@saao/saa15%akk-x-neoass:ina=ina[in//in]PRP'PRP$ina",
                      "f": {
                        "lang": "akk-x-neoass",
                        "form": "ina",
                        "cf": "ina",
                        "gw": "in",
                        "sense": "in",
                        "norm": "ina",
                        "pos": "PRP",
                        "epos": "PRP"
                      }
                    },
                    {
                      "node": "l",
                      "frag": "ŠA₃-bi",
                      "id": "P314302.l02c39",
                      "ref": "P314302.11.3",
                      "inst": "libbi[interior]N",
                      "sig": "@saao/saa15%akk-x-neoass:ŠA₃-bi=libbu[interior//interior]N'N$libbi",
                      "f": {
                        "lang": "akk-x-neoass",
                        "form": "ŠA₃-bi",
                        "cf": "libbu",
                        "gw": "interior",
                        "sense": "interior",
                        "norm": "libbi",
                        "pos": "N",
                        "epos": "N"
                      }
                    }
                  ]
                },
                {
                  "node": "l",
                  "frag": "[x",
                  "id": "P314302.l02c3a",
                  "ref": "P314302.11.4",
                  "inst": "u",
                  "f": {
                    "lang": "akk-x-neoass",
                    "form": "x",
                    "pos": "u"
                  }
                },
                {
                  "node": "l",
                  "frag": "x",
                  "id": "P314302.l02c3b",
                  "ref": "P314302.11.5",
                  "inst": "u",
                  "f": {
                    "lang": "akk-x-neoass",
                    "form": "x",
                    "pos": "u"
                  }
                },
                {
                  "node": "l",
                  "frag": "x",
                  "id": "P314302.l02c3c",
                  "ref": "P314302.11.6",
                  "inst": "u",
                  "f": {
                    "lang": "akk-x-neoass",
                    "form": "x",
                    "pos": "u"
                  }
                },
                {
                  "node": "l",
                  "frag": "x]",
                  "id": "P314302.l02c3d",
                  "ref": "P314302.11.7",
                  "inst": "u",
                  "f": {
                    "lang": "akk-x-neoass",
                    "form": "x",
                    "pos": "u"
                  }
                },
                {
                  "node": "d",
                  "type": "line-start",
                  "ref": "P314302.12",
                  "n": "11",
                  "label": "o 11"
                },
                {
                  "node": "l",
                  "frag": "ma-a",
                  "id": "P314302.l02c3e",
                  "ref": "P314302.12.1",
                  "inst": "mā[saying]PRP",
                  "sig": "@saao/saa15%akk-x-neoass:ma-a=mā[saying//saying]PRP'PRP$mā",
                  "f": {
                    "lang": "akk-x-neoass",
                    "form": "ma-a",
                    "cf": "mā",
                    "gw": "saying",
                    "sense": "saying",
                    "norm": "mā",
                    "pos": "PRP",
                    "epos": "PRP"
                  }
                },
                {
                  "node": "l",
                  "frag": "{lu₂v}e-[mu-qi",
                  "id": "P314302.l02c3f",
                  "ref": "P314302.12.2",
                  "inst": "emūqī[troops]N",
                  "sig": "@saao/saa15%akk-x-neoass:{LU₂}e-mu-qi=emūqu[strength//troops]N'N$emūqī",
                  "f": {
                    "lang": "akk-x-neoass",
                    "form": "{LU₂}e-mu-qi",
                    "cf": "emūqu",
                    "gw": "strength",
                    "sense": "troops",
                    "norm": "emūqī",
                    "pos": "N",
                    "epos": "N"
                  }
                },
                {
                  "node": "l",
                  "frag": "x",
                  "id": "P314302.l02c40",
                  "ref": "P314302.12.3",
                  "inst": "u",
                  "f": {
                    "lang": "akk-x-neoass",
                    "form": "x",
                    "pos": "u"
                  }
                },
                {
                  "node": "l",
                  "frag": "x",
                  "id": "P314302.l02c41",
                  "ref": "P314302.12.4",
                  "inst": "u",
                  "f": {
                    "lang": "akk-x-neoass",
                    "form": "x",
                    "pos": "u"
                  }
                },
                {
                  "node": "l",
                  "frag": "x",
                  "id": "P314302.l02c42",
                  "ref": "P314302.12.5",
                  "inst": "u",
                  "f": {
                    "lang": "akk-x-neoass",
                    "form": "x",
                    "pos": "u"
                  }
                },
                {
                  "node": "l",
                  "frag": "x]",
                  "id": "P314302.l02c43",
                  "ref": "P314302.12.6",
                  "inst": "u",
                  "f": {
                    "lang": "akk-x-neoass",
                    "form": "x",
                    "pos": "u"
                  }
                },
                {
                  "node": "d",
                  "type": "line-start",
                  "ref": "P314302.13",
                  "n": "12",
                  "label": "o 12"
                },
                {
                  "node": "l",
                  "frag": "ina",
                  "id": "P314302.l02c44",
                  "ref": "P314302.13.1",
                  "inst": "ina[in]PRP",
                  "sig": "@saao/saa15%akk-x-neoass:ina=ina[in//in]PRP'PRP$ina",
                  "f": {
                    "lang": "akk-x-neoass",
                    "form": "ina",
                    "cf": "ina",
                    "gw": "in",
                    "sense": "in",
                    "norm": "ina",
                    "pos": "PRP",
                    "epos": "PRP"
                  }
                },
                {
                  "node": "l",
                  "frag": "{urud}bu-bi-[lu",
                  "id": "P314302.l02c45",
                  "ref": "P314302.13.2",
                  "inst": "Bubilu[1]GN",
                  "sig": "@saao/saa15%akk-x-neoass:{URU}bu-bi-lu=Bubilu[1//1]GN'GN$Bubilu",
                  "f": {
                    "lang": "akk-x-neoass",
                    "form": "{URU}bu-bi-lu",
                    "cf": "Bubilu",
                    "gw": "1",
                    "sense": "1",
                    "norm": "Bubilu",
                    "pos": "GN",
                    "epos": "GN"
                  }
                },
                {
                  "node": "l",
                  "frag": "x",
                  "id": "P314302.l02c46",
                  "ref": "P314302.13.3",
                  "inst": "u",
                  "f": {
                    "lang": "akk-x-neoass",
                    "form": "x",
                    "pos": "u"
                  }
                },
                {
                  "node": "l",
                  "frag": "x",
                  "id": "P314302.l02c47",
                  "ref": "P314302.13.4",
                  "inst": "u",
                  "f": {
                    "lang": "akk-x-neoass",
                    "form": "x",
                    "pos": "u"
                  }
                },
                {
                  "node": "l",
                  "frag": "x",
                  "id": "P314302.l02c48",
                  "ref": "P314302.13.5",
                  "inst": "u",
                  "f": {
                    "lang": "akk-x-neoass",
                    "form": "x",
                    "pos": "u"
                  }
                },
                {
                  "node": "l",
                  "frag": "x]",
                  "id": "P314302.l02c49",
                  "ref": "P314302.13.6",
                  "inst": "u",
                  "f": {
                    "lang": "akk-x-neoass",
                    "form": "x",
                    "pos": "u"
                  }
                },
                {
                  "node": "d",
                  "type": "line-start",
                  "ref": "P314302.14",
                  "n": "13",
                  "label": "o 13"
                },
                {
                  "node": "l",
                  "frag": "ma-a",
                  "id": "P314302.l02c4a",
                  "ref": "P314302.14.1",
                  "inst": "mā[saying]PRP",
                  "sig": "@saao/saa15%akk-x-neoass:ma-a=mā[saying//saying]PRP'PRP$mā",
                  "f": {
                    "lang": "akk-x-neoass",
                    "form": "ma-a",
                    "cf": "mā",
                    "gw": "saying",
                    "sense": "saying",
                    "norm": "mā",
                    "pos": "PRP",
                    "epos": "PRP"
                  }
                },
                {
                  "node": "l",
                  "frag": "LUGAL",
                  "id": "P314302.l02c4b",
                  "ref": "P314302.14.2",
                  "inst": "šarru[king]N$šar",
                  "sig": "@saao/saa15%akk-x-neoass:LUGAL=šarru[king//king]N'N$šar",
                  "f": {
                    "lang": "akk-x-neoass",
                    "form": "LUGAL",
                    "cf": "šarru",
                    "gw": "king",
                    "sense": "king",
                    "norm": "šar",
                    "pos": "N",
                    "epos": "N"
                  }
                },
                {
                  "node": "l",
                  "frag": "{kur}[NIM.MA{ki}",
                  "id": "P314302.l02c4c",
                  "ref": "P314302.14.3",
                  "inst": "Elamti[Elam]GN",
                  "sig": "@saao/saa15%akk-x-neoass:{KUR}NIM.MA{KI}=Elamtu[Elam//Elam]GN'GN$Elamti",
                  "f": {
                    "lang": "akk-x-neoass",
                    "form": "{KUR}NIM.MA{KI}",
                    "cf": "Elamtu",
                    "gw": "Elam",
                    "sense": "Elam",
                    "norm": "Elamti",
                    "pos": "GN",
                    "epos": "GN"
                  }
                },
                {
                  "node": "l",
                  "frag": "x",
                  "id": "P314302.l02c4d",
                  "ref": "P314302.14.4",
                  "inst": "u",
                  "f": {
                    "lang": "akk-x-neoass",
                    "form": "x",
                    "pos": "u"
                  }
                },
                {
                  "node": "l",
                  "frag": "x",
                  "id": "P314302.l02c4e",
                  "ref": "P314302.14.5",
                  "inst": "u",
                  "f": {
                    "lang": "akk-x-neoass",
                    "form": "x",
                    "pos": "u"
                  }
                },
                {
                  "node": "l",
                  "frag": "x]",
                  "id": "P314302.l02c4f",
                  "ref": "P314302.14.6",
                  "inst": "u",
                  "f": {
                    "lang": "akk-x-neoass",
                    "form": "x",
                    "pos": "u"
                  }
                },
                {
                  "node": "d",
                  "type": "line-start",
                  "ref": "P314302.15",
                  "n": "14",
                  "label": "o 14"
                },
                {
                  "node": "l",
                  "frag": "ina",
                  "id": "P314302.l02c50",
                  "ref": "P314302.15.1",
                  "inst": "ina[in]PRP",
                  "sig": "@saao/saa15%akk-x-neoass:ina=ina[in//in]PRP'PRP$ina",
                  "f": {
                    "lang": "akk-x-neoass",
                    "form": "ina",
                    "cf": "ina",
                    "gw": "in",
                    "sense": "in",
                    "norm": "ina",
                    "pos": "PRP",
                    "epos": "PRP"
                  }
                },
                {
                  "node": "l",
                  "frag": "{urud}E₂-⸢bu⸣-[nak-ki",
                  "id": "P314302.l02c51",
                  "ref": "P314302.15.2",
                  "inst": "Bit-Bunakki[]GN$",
                  "sig": "@saao/saa15%akk-x-neoass:{URU}E₂-bu-nak-ki=Bit-Bunakki[1//1]GN'GN$Bit-Bunakki",
                  "f": {
                    "lang": "akk-x-neoass",
                    "form": "{URU}E₂-bu-nak-ki",
                    "cf": "Bit-Bunakki",
                    "gw": "1",
                    "sense": "1",
                    "norm": "Bit-Bunakki",
                    "pos": "GN",
                    "epos": "GN"
                  }
                },
                {
                  "node": "l",
                  "frag": "šu-u₂]",
                  "id": "P314302.l02c52",
                  "ref": "P314302.15.3",
                  "inst": "šû[he]IP",
                  "sig": "@saao/saa15%akk-x-neoass:šu-u₂=šū[he//he]IP'IP$šû",
                  "f": {
                    "lang": "akk-x-neoass",
                    "form": "šu-u₂",
                    "cf": "šū",
                    "gw": "he",
                    "sense": "he",
                    "norm": "šû",
                    "pos": "IP",
                    "epos": "IP"
                  }
                },
                {
                  "node": "d",
                  "type": "line-start",
                  "ref": "P314302.16",
                  "n": "15",
                  "label": "o 15"
                },
                {
                  "node": "l",
                  "frag": "u₃",
                  "id": "P314302.l02c53",
                  "ref": "P314302.16.1",
                  "inst": "u[and]CNJ",
                  "sig": "@saao/saa15%akk-x-neoass:u₃=u[and//and]CNJ'CNJ$u",
                  "f": {
                    "lang": "akk-x-neoass",
                    "form": "u₃",
                    "cf": "u",
                    "gw": "and",
                    "sense": "and",
                    "norm": "u",
                    "pos": "CNJ",
                    "epos": "CNJ"
                  }
                },
                {
                  "node": "l",
                  "frag": "ma-a",
                  "id": "P314302.l02c54",
                  "ref": "P314302.16.2",
                  "inst": "mā[saying]PRP",
                  "sig": "@saao/saa15%akk-x-neoass:ma-a=mā[saying//saying]PRP'PRP$mā",
                  "f": {
                    "lang": "akk-x-neoass",
                    "form": "ma-a",
                    "cf": "mā",
                    "gw": "saying",
                    "sense": "saying",
                    "norm": "mā",
                    "pos": "PRP",
                    "epos": "PRP"
                  }
                },
                {
                  "node": "l",
                  "frag": "{lu₂v}[x",
                  "id": "P314302.l02c55",
                  "ref": "P314302.16.3",
                  "inst": "u",
                  "f": {
                    "lang": "akk-x-neoass",
                    "form": "{LU₂}x",
                    "pos": "u"
                  }
                },
                {
                  "node": "l",
                  "frag": "x",
                  "id": "P314302.l02c56",
                  "ref": "P314302.16.4",
                  "inst": "u",
                  "f": {
                    "lang": "akk-x-neoass",
                    "form": "x",
                    "pos": "u"
                  }
                },
                {
                  "node": "l",
                  "frag": "x",
                  "id": "P314302.l02c57",
                  "ref": "P314302.16.5",
                  "inst": "u",
                  "f": {
                    "lang": "akk-x-neoass",
                    "form": "x",
                    "pos": "u"
                  }
                },
                {
                  "node": "l",
                  "frag": "x",
                  "id": "P314302.l02c58",
                  "ref": "P314302.16.6",
                  "inst": "u",
                  "f": {
                    "lang": "akk-x-neoass",
                    "form": "x",
                    "pos": "u"
                  }
                },
                {
                  "node": "l",
                  "frag": "x]",
                  "id": "P314302.l02c59",
                  "ref": "P314302.16.7",
                  "inst": "u",
                  "f": {
                    "lang": "akk-x-neoass",
                    "form": "x",
                    "pos": "u"
                  }
                },
                {
                  "node": "d",
                  "type": "line-start",
                  "ref": "P314302.17",
                  "n": "16",
                  "label": "o 16"
                },
                {
                  "node": "l",
                  "frag": "⸢il\\y⸣-la-ka\\d",
                  "id": "P314302.l02c5a",
                  "ref": "P314302.17.1",
                  "inst": "illaka[come]V",
                  "sig": "@saao/saa15%akk-x-neoass:il-la-ka=alāku[go//come]V'V$illaka",
                  "f": {
                    "lang": "akk-x-neoass",
                    "form": "il-la-ka",
                    "cf": "alāku",
                    "gw": "go",
                    "sense": "come",
                    "norm": "illaka",
                    "pos": "V",
                    "epos": "V"
                  }
                },
                {
                  "node": "l",
                  "frag": "[x",
                  "id": "P314302.l02c5b",
                  "ref": "P314302.17.2",
                  "inst": "u",
                  "f": {
                    "lang": "akk-x-neoass",
                    "form": "x",
                    "pos": "u"
                  }
                },
                {
                  "node": "l",
                  "frag": "x",
                  "id": "P314302.l02c5c",
                  "ref": "P314302.17.3",
                  "inst": "u",
                  "f": {
                    "lang": "akk-x-neoass",
                    "form": "x",
                    "pos": "u"
                  }
                },
                {
                  "node": "l",
                  "frag": "x",
                  "id": "P314302.l02c5d",
                  "ref": "P314302.17.4",
                  "inst": "u",
                  "f": {
                    "lang": "akk-x-neoass",
                    "form": "x",
                    "pos": "u"
                  }
                },
                {
                  "node": "l",
                  "frag": "x",
                  "id": "P314302.l02c5e",
                  "ref": "P314302.17.5",
                  "inst": "u",
                  "f": {
                    "lang": "akk-x-neoass",
                    "form": "x",
                    "pos": "u"
                  }
                },
                {
                  "node": "l",
                  "frag": "x",
                  "id": "P314302.l02c5f",
                  "ref": "P314302.17.6",
                  "inst": "u",
                  "f": {
                    "lang": "akk-x-neoass",
                    "form": "x",
                    "pos": "u"
                  }
                },
                {
                  "node": "l",
                  "frag": "x]",
                  "id": "P314302.l02c60",
                  "ref": "P314302.17.7",
                  "inst": "u",
                  "f": {
                    "lang": "akk-x-neoass",
                    "form": "x",
                    "pos": "u"
                  }
                },
                {
                  "node": "d",
                  "type": "line-start",
                  "ref": "P314302.18",
                  "n": "17",
                  "label": "o 17"
                },
                {
                  "node": "l",
                  "frag": "[x",
                  "id": "P314302.l02c61",
                  "ref": "P314302.18.1",
                  "inst": "u",
                  "f": {
                    "lang": "akk-x-neoass",
                    "form": "x",
                    "pos": "u"
                  }
                },
                {
                  "node": "l",
                  "frag": "x]",
                  "id": "P314302.l02c62",
                  "ref": "P314302.18.2",
                  "inst": "u",
                  "f": {
                    "lang": "akk-x-neoass",
                    "form": "x",
                    "pos": "u"
                  }
                },
                {
                  "node": "l",
                  "frag": "⸢ru",
                  "id": "P314302.l02c63",
                  "ref": "P314302.18.3",
                  "inst": "u",
                  "f": {
                    "lang": "akk-x-neoass",
                    "form": "ru",
                    "pos": "u"
                  }
                },
                {
                  "node": "l",
                  "frag": "x⸣+[x",
                  "id": "P314302.l02c64",
                  "ref": "P314302.18.4",
                  "inst": "u",
                  "f": {
                    "lang": "akk-x-neoass",
                    "form": "x+x",
                    "pos": "u"
                  }
                },
                {
                  "node": "l",
                  "frag": "x",
                  "id": "P314302.l02c65",
                  "ref": "P314302.18.5",
                  "inst": "u",
                  "f": {
                    "lang": "akk-x-neoass",
                    "form": "x",
                    "pos": "u"
                  }
                },
                {
                  "node": "l",
                  "frag": "x",
                  "id": "P314302.l02c66",
                  "ref": "P314302.18.6",
                  "inst": "u",
                  "f": {
                    "lang": "akk-x-neoass",
                    "form": "x",
                    "pos": "u"
                  }
                },
                {
                  "node": "l",
                  "frag": "x",
                  "id": "P314302.l02c67",
                  "ref": "P314302.18.7",
                  "inst": "u",
                  "f": {
                    "lang": "akk-x-neoass",
                    "form": "x",
                    "pos": "u"
                  }
                },
                {
                  "node": "l",
                  "frag": "x",
                  "id": "P314302.l02c68",
                  "ref": "P314302.18.8",
                  "inst": "u",
                  "f": {
                    "lang": "akk-x-neoass",
                    "form": "x",
                    "pos": "u"
                  }
                },
                {
                  "node": "l",
                  "frag": "x]",
                  "id": "P314302.l02c69",
                  "ref": "P314302.18.9",
                  "inst": "u",
                  "f": {
                    "lang": "akk-x-neoass",
                    "form": "x",
                    "pos": "u"
                  }
                },
                {
                  "node": "d",
                  "type": "nonx",
                  "ref": "P314302.19",
                  "strict": "0",
                  "extent": "rest",
                  "state": "missing"
                },
                {
                  "node": "d",
                  "subtype": "reverse",
                  "type": "reverse",
                  "ref": "P314302.r.20",
                  "label": "r"
                },
                {
                  "node": "d",
                  "type": "nonx",
                  "ref": "P314302.21",
                  "strict": "0",
                  "state": "other"
                },
                {
                  "node": "d",
                  "subtype": "top",
                  "type": "top",
                  "ref": "P314302.t.e..22",
                  "label": "t.e."
                },
                {
                  "node": "d",
                  "type": "line-start",
                  "ref": "P314302.23",
                  "n": "1",
                  "label": "t.e. 1"
                },
                {
                  "node": "l",
                  "frag": "⸢x⸣+[x",
                  "id": "P314302.l02c6a",
                  "ref": "P314302.23.1",
                  "inst": "u",
                  "f": {
                    "lang": "akk-x-neoass",
                    "form": "x+x",
                    "pos": "u"
                  }
                },
                {
                  "node": "l",
                  "frag": "x",
                  "id": "P314302.l02c6b",
                  "ref": "P314302.23.2",
                  "inst": "u",
                  "f": {
                    "lang": "akk-x-neoass",
                    "form": "x",
                    "pos": "u"
                  }
                },
                {
                  "node": "l",
                  "frag": "x",
                  "id": "P314302.l02c6c",
                  "ref": "P314302.23.3",
                  "inst": "u",
                  "f": {
                    "lang": "akk-x-neoass",
                    "form": "x",
                    "pos": "u"
                  }
                },
                {
                  "node": "l",
                  "frag": "x",
                  "id": "P314302.l02c6d",
                  "ref": "P314302.23.4",
                  "inst": "u",
                  "f": {
                    "lang": "akk-x-neoass",
                    "form": "x",
                    "pos": "u"
                  }
                },
                {
                  "node": "l",
                  "frag": "x",
                  "id": "P314302.l02c6e",
                  "ref": "P314302.23.5",
                  "inst": "u",
                  "f": {
                    "lang": "akk-x-neoass",
                    "form": "x",
                    "pos": "u"
                  }
                },
                {
                  "node": "l",
                  "frag": "x",
                  "id": "P314302.l02c6f",
                  "ref": "P314302.23.6",
                  "inst": "u",
                  "f": {
                    "lang": "akk-x-neoass",
                    "form": "x",
                    "pos": "u"
                  }
                },
                {
                  "node": "l",
                  "frag": "x",
                  "id": "P314302.l02c70",
                  "ref": "P314302.23.7",
                  "inst": "u",
                  "f": {
                    "lang": "akk-x-neoass",
                    "form": "x",
                    "pos": "u"
                  }
                },
                {
                  "node": "l",
                  "frag": "x]",
                  "id": "P314302.l02c71",
                  "ref": "P314302.23.8",
                  "inst": "u",
                  "f": {
                    "lang": "akk-x-neoass",
                    "form": "x",
                    "pos": "u"
                  }
                },
                {
                  "node": "d",
                  "type": "line-start",
                  "ref": "P314302.24",
                  "n": "2",
                  "label": "t.e. 2"
                },
                {
                  "node": "l",
                  "frag": "ša",
                  "id": "P314302.l02c72",
                  "ref": "P314302.24.1",
                  "inst": "ša[of]DET",
                  "sig": "@saao/saa15%akk-x-neoass:ša=ša[of//of]DET'DET$ša",
                  "f": {
                    "lang": "akk-x-neoass",
                    "form": "ša",
                    "cf": "ša",
                    "gw": "of",
                    "sense": "of",
                    "norm": "ša",
                    "pos": "DET",
                    "epos": "DET"
                  }
                },
                {
                  "node": "l",
                  "frag": "{1}{d}MAŠ-[x",
                  "id": "P314302.l02c73",
                  "ref": "P314302.24.2",
                  "inst": "u",
                  "f": {
                    "lang": "akk-x-neoass",
                    "form": "{1}{d}MAŠ-x",
                    "pos": "u"
                  }
                },
                {
                  "node": "l",
                  "frag": "x",
                  "id": "P314302.l02c74",
                  "ref": "P314302.24.3",
                  "inst": "u",
                  "f": {
                    "lang": "akk-x-neoass",
                    "form": "x",
                    "pos": "u"
                  }
                },
                {
                  "node": "l",
                  "frag": "x",
                  "id": "P314302.l02c75",
                  "ref": "P314302.24.4",
                  "inst": "u",
                  "f": {
                    "lang": "akk-x-neoass",
                    "form": "x",
                    "pos": "u"
                  }
                },
                {
                  "node": "l",
                  "frag": "x]",
                  "id": "P314302.l02c76",
                  "ref": "P314302.24.5",
                  "inst": "u",
                  "f": {
                    "lang": "akk-x-neoass",
                    "form": "x",
                    "pos": "u"
                  }
                },
                {
                  "node": "d",
                  "type": "line-start",
                  "ref": "P314302.25",
                  "n": "3",
                  "label": "t.e. 3"
                },
                {
                  "node": "l",
                  "frag": "a-na",
                  "id": "P314302.l02c77",
                  "ref": "P314302.25.1",
                  "inst": "ana[to]PRP",
                  "sig": "@saao/saa15%akk-x-neoass:a-na=ana[to//to]PRP'PRP$ana",
                  "f": {
                    "lang": "akk-x-neoass",
                    "form": "a-na",
                    "cf": "ana",
                    "gw": "to",
                    "sense": "to",
                    "norm": "ana",
                    "pos": "PRP",
                    "epos": "PRP"
                  }
                },
                {
                  "node": "l",
                  "frag": "⸢LUGAL⸣",
                  "id": "P314302.l02c78",
                  "ref": "P314302.25.2",
                  "inst": "šarri[king]N",
                  "sig": "@saao/saa15%akk-x-neoass:LUGAL=šarru[king//king]N'N$šarri",
                  "f": {
                    "lang": "akk-x-neoass",
                    "form": "LUGAL",
                    "cf": "šarru",
                    "gw": "king",
                    "sense": "king",
                    "norm": "šarri",
                    "pos": "N",
                    "epos": "N"
                  }
                },
                {
                  "node": "l",
                  "frag": "[x",
                  "id": "P314302.l02c79",
                  "ref": "P314302.25.3",
                  "inst": "u",
                  "f": {
                    "lang": "akk-x-neoass",
                    "form": "x",
                    "pos": "u"
                  }
                },
                {
                  "node": "l",
                  "frag": "x",
                  "id": "P314302.l02c7a",
                  "ref": "P314302.25.4",
                  "inst": "u",
                  "f": {
                    "lang": "akk-x-neoass",
                    "form": "x",
                    "pos": "u"
                  }
                },
                {
                  "node": "l",
                  "frag": "x",
                  "id": "P314302.l02c7b",
                  "ref": "P314302.25.5",
                  "inst": "u",
                  "f": {
                    "lang": "akk-x-neoass",
                    "form": "x",
                    "pos": "u"
                  }
                },
                {
                  "node": "l",
                  "frag": "x]",
                  "id": "P314302.l02c7c",
                  "ref": "P314302.25.6",
                  "inst": "u",
                  "f": {
                    "lang": "akk-x-neoass",
                    "form": "x",
                    "pos": "u"
                  }
                },
                {
                  "node": "d",
                  "type": "line-start",
                  "ref": "P314302.26",
                  "n": "4",
                  "label": "t.e. 4"
                },
                {
                  "node": "l",
                  "frag": "a-šap-[x",
                  "id": "P314302.l02c7d",
                  "ref": "P314302.26.1",
                  "inst": "u",
                  "f": {
                    "lang": "akk-x-neoass",
                    "form": "a-šap-x",
                    "pos": "u"
                  }
                },
                {
                  "node": "l",
                  "frag": "x",
                  "id": "P314302.l02c7e",
                  "ref": "P314302.26.2",
                  "inst": "u",
                  "f": {
                    "lang": "akk-x-neoass",
                    "form": "x",
                    "pos": "u"
                  }
                },
                {
                  "node": "l",
                  "frag": "x",
                  "id": "P314302.l02c7f",
                  "ref": "P314302.26.3",
                  "inst": "u",
                  "f": {
                    "lang": "akk-x-neoass",
                    "form": "x",
                    "pos": "u"
                  }
                },
                {
                  "node": "l",
                  "frag": "x",
                  "id": "P314302.l02c80",
                  "ref": "P314302.26.4",
                  "inst": "u",
                  "f": {
                    "lang": "akk-x-neoass",
                    "form": "x",
                    "pos": "u"
                  }
                },
                {
                  "node": "l",
                  "frag": "x]",
                  "id": "P314302.l02c81",
                  "ref": "P314302.26.5",
                  "inst": "u",
                  "f": {
                    "lang": "akk-x-neoass",
                    "form": "x",
                    "pos": "u"
                  }
                }
              ]
            }
          ]
        }
      ]
    },
    {
      "linkbase": [
        {
          "type": "linkset",
          "xlink_title": "ina libbi[in//(in exchange) for]PRP'PRP",
          "id": "P314302.ls00000",
          "xlink_type": "extended",
          "xlink_role": "psu",
          "sig": "{ina[in]PRP libbu[interior]N += ina libbi[in//(in exchange) for]PRP'PRP}::@saao%akk-x-neoass:ina=ina[in//into]PRP'PRP$ina++@saao%akk-x-neoass:ŠA₃-bi=libbu[interior//interior]N'N$libbi",
          "links": [
            {
              "type": "link",
              "xlink_title": "ina",
              "xlink_type": "locator",
              "xlink_href": "#P314302.l02c38",
              "xlink_role": "elt"
            },
            {
              "type": "link",
              "xlink_title": "libbi",
              "xlink_type": "locator",
              "xlink_href": "#P314302.l02c39",
              "xlink_role": "elt"
            }
          ]
        }
      ]
    }
  ]
}
