{
  "type": "cdl",
  "source": "http://oracc.org/saao/saa15",
  "license": "This data is released under the CC0 license",
  "license-url": "https://creativecommons.org/publicdomain/zero/1.0/",
  "more-info": "http://oracc.org/doc/opendata/",
  "UTC-timestamp": "2017-06-10T00:55:52",
  "project": "saao/saa15",
  "textid": "P314278",
  "cdl": [
    {
      "node": "c",
      "type": "text",
      "id": "P314278.U0",
      "cdl": [
        {
          "node": "d",
          "type": "object",
          "ref": ""
        },
        {
          "node": "d",
          "subtype": "obverse",
          "type": "obverse",
          "ref": "P314278.o.1",
          "label": "o"
        },
        {
          "node": "d",
          "type": "nonx",
          "ref": "P314278.2",
          "strict": "0",
          "extent": "beginning",
          "state": "missing"
        },
        {
          "node": "c",
          "type": "discourse",
          "subtype": "body",
          "id": "P314278.U1",
          "cdl": [
            {
              "node": "c",
              "type": "sentence",
              "id": "P314278.U2",
              "label": "o 1' - r 6'",
              "cdl": [
                {
                  "node": "d",
                  "type": "line-start",
                  "ref": "P314278.3",
                  "n": "1'",
                  "label": "o 1'"
                },
                {
                  "node": "l",
                  "frag": "[x",
                  "id": "P314278.l05f6d",
                  "ref": "P314278.3.1",
                  "inst": "u",
                  "f": {
                    "lang": "akk-x-neoass",
                    "form": "x",
                    "pos": "u"
                  }
                },
                {
                  "node": "l",
                  "frag": "x",
                  "id": "P314278.l05f6e",
                  "ref": "P314278.3.2",
                  "inst": "u",
                  "f": {
                    "lang": "akk-x-neoass",
                    "form": "x",
                    "pos": "u"
                  }
                },
                {
                  "node": "l",
                  "frag": "x",
                  "id": "P314278.l05f6f",
                  "ref": "P314278.3.3",
                  "inst": "u",
                  "f": {
                    "lang": "akk-x-neoass",
                    "form": "x",
                    "pos": "u"
                  }
                },
                {
                  "node": "l",
                  "frag": "x",
                  "id": "P314278.l05f70",
                  "ref": "P314278.3.4",
                  "inst": "u",
                  "f": {
                    "lang": "akk-x-neoass",
                    "form": "x",
                    "pos": "u"
                  }
                },
                {
                  "node": "l",
                  "frag": "a]-ki",
                  "id": "P314278.l05f71",
                  "ref": "P314278.3.5",
                  "inst": "akī[like]PRP",
                  "sig": "@saao/saa15%akk-x-neoass:a-ki=akī[as//as, like]PRP'PRP$akī",
                  "f": {
                    "lang": "akk-x-neoass",
                    "form": "a-ki",
                    "cf": "akī",
                    "gw": "as",
                    "sense": "as, like",
                    "norm": "akī",
                    "pos": "PRP",
                    "epos": "PRP"
                  }
                },
                {
                  "node": "l",
                  "frag": "an-ni\\d-[e]",
                  "id": "P314278.l05f72",
                  "ref": "P314278.3.6",
                  "inst": "annīe[this]DP",
                  "sig": "@saao/saa15%akk-x-neoass:an-ni-e=annû[this//this]DP'DP$annīe",
                  "f": {
                    "lang": "akk-x-neoass",
                    "form": "an-ni-e",
                    "cf": "annû",
                    "gw": "this",
                    "sense": "this",
                    "norm": "annīe",
                    "pos": "DP",
                    "epos": "DP"
                  }
                },
                {
                  "node": "d",
                  "type": "line-start",
                  "ref": "P314278.4",
                  "n": "2'",
                  "label": "o 2'"
                },
                {
                  "node": "l",
                  "frag": "[e]-pa-aš₂-šu-u-ni",
                  "id": "P314278.l05f73",
                  "ref": "P314278.4.1",
                  "inst": "epēšu[do]V$eppaššūni",
                  "sig": "@saao/saa15%akk-x-neoass:e-pa-aš₂-šu-u-ni=epēšu[do//do]V'V$eppaššūni",
                  "f": {
                    "lang": "akk-x-neoass",
                    "form": "e-pa-aš₂-šu-u-ni",
                    "cf": "epēšu",
                    "gw": "do",
                    "sense": "do",
                    "norm": "eppaššūni",
                    "pos": "V",
                    "epos": "V"
                  }
                },
                {
                  "node": "l",
                  "frag": "[o]",
                  "id": "P314278.l05f74",
                  "ref": "P314278.4.2",
                  "inst": "u",
                  "f": {
                    "lang": "akk-x-neoass",
                    "form": "o",
                    "pos": "u"
                  }
                },
                {
                  "node": "d",
                  "type": "line-start",
                  "ref": "P314278.5",
                  "n": "3'",
                  "label": "o 3'"
                },
                {
                  "node": "l",
                  "frag": "⸢ma⸣-a",
                  "id": "P314278.l05f75",
                  "ref": "P314278.5.1",
                  "inst": "mā[saying]PRP",
                  "sig": "@saao/saa15%akk-x-neoass:ma-a=mā[saying//saying]PRP'PRP$mā",
                  "f": {
                    "lang": "akk-x-neoass",
                    "form": "ma-a",
                    "cf": "mā",
                    "gw": "saying",
                    "sense": "saying",
                    "norm": "mā",
                    "pos": "PRP",
                    "epos": "PRP"
                  }
                },
                {
                  "node": "l",
                  "frag": "a-ki",
                  "id": "P314278.l05f76",
                  "ref": "P314278.5.2",
                  "inst": "akī[like]PRP",
                  "sig": "@saao/saa15%akk-x-neoass:a-ki=akī[as//as, like]PRP'PRP$akī",
                  "f": {
                    "lang": "akk-x-neoass",
                    "form": "a-ki",
                    "cf": "akī",
                    "gw": "as",
                    "sense": "as, like",
                    "norm": "akī",
                    "pos": "PRP",
                    "epos": "PRP"
                  }
                },
                {
                  "node": "l",
                  "frag": "qar-ni",
                  "id": "P314278.l05f77",
                  "ref": "P314278.5.3",
                  "inst": "qarnu[horn]N$qarnī",
                  "sig": "@saao/saa15%akk-x-neoass:qar-ni=qarnu[horn//horn]N'N$qarnī",
                  "f": {
                    "lang": "akk-x-neoass",
                    "form": "qar-ni",
                    "cf": "qarnu",
                    "gw": "horn",
                    "sense": "horn",
                    "norm": "qarnī",
                    "pos": "N",
                    "epos": "N"
                  }
                },
                {
                  "node": "l",
                  "frag": "ša\\yy",
                  "id": "P314278.l05f78",
                  "ref": "P314278.5.4",
                  "inst": "ša[of]DET",
                  "sig": "@saao/saa15%akk-x-neoass:ša=ša[of//of]DET'DET$ša",
                  "f": {
                    "lang": "akk-x-neoass",
                    "form": "ša",
                    "cf": "ša",
                    "gw": "of",
                    "sense": "of",
                    "norm": "ša",
                    "pos": "DET",
                    "epos": "DET"
                  }
                },
                {
                  "node": "l",
                  "frag": "⸢x⸣+[x",
                  "id": "P314278.l05f79",
                  "ref": "P314278.5.5",
                  "inst": "u",
                  "f": {
                    "lang": "akk-x-neoass",
                    "form": "x+x",
                    "pos": "u"
                  }
                },
                {
                  "node": "l",
                  "frag": "x]",
                  "id": "P314278.l05f7a",
                  "ref": "P314278.5.6",
                  "inst": "u",
                  "f": {
                    "lang": "akk-x-neoass",
                    "form": "x",
                    "pos": "u"
                  }
                },
                {
                  "node": "d",
                  "type": "line-start",
                  "ref": "P314278.6",
                  "n": "4'",
                  "label": "o 4'"
                },
                {
                  "node": "c",
                  "type": "phrase",
                  "tag": "phr",
                  "id": "P314278.U4",
                  "ref": "P314278.ls00000",
                  "cdl": [
                    {
                      "node": "l",
                      "frag": "[ina]",
                      "id": "P314278.l05f7b",
                      "ref": "P314278.6.1",
                      "inst": "ina[in+=to one another]PRP",
                      "sig": "@saao/saa15%akk-x-neoass:ina=ina[in//in]PRP'PRP$ina",
                      "f": {
                        "lang": "akk-x-neoass",
                        "form": "ina",
                        "cf": "ina",
                        "gw": "in",
                        "sense": "in",
                        "norm": "ina",
                        "pos": "PRP",
                        "epos": "PRP"
                      }
                    },
                    {
                      "node": "l",
                      "frag": "⸢UGU⸣",
                      "id": "P314278.l05f7c",
                      "ref": "P314278.6.2",
                      "inst": "muhhi[skull]N",
                      "sig": "@saao/saa15%akk-x-neoass:UGU=muhhu[skull//skull]N'N$muhhi",
                      "f": {
                        "lang": "akk-x-neoass",
                        "form": "UGU",
                        "cf": "muhhu",
                        "gw": "skull",
                        "sense": "skull",
                        "norm": "muhhi",
                        "pos": "N",
                        "epos": "N"
                      }
                    },
                    {
                      "node": "l",
                      "frag": "a-hi-ši",
                      "id": "P314278.l05f7d",
                      "ref": "P314278.6.3",
                      "inst": "ahāmiš[one another]PRP$ahîši",
                      "sig": "@saao/saa15%akk-x-neoass:a-hi-ši=ahāmiš[one another//one another]PRP'PRP$ahîši",
                      "f": {
                        "lang": "akk-x-neoass",
                        "form": "a-hi-ši",
                        "cf": "ahāmiš",
                        "gw": "one another",
                        "sense": "one another",
                        "norm": "ahîši",
                        "pos": "PRP",
                        "epos": "PRP"
                      }
                    }
                  ]
                },
                {
                  "node": "l",
                  "frag": "ip-taq-⸢du⸣-[šu₂-nu]",
                  "id": "P314278.l05f7e",
                  "ref": "P314278.6.4",
                  "inst": "paqādu[entrust]V$iptaqdušunu",
                  "sig": "@saao/saa15%akk-x-neoass:ip-taq-du-šu₂-nu=paqādu[entrust//entrust]V'V$iptaqdušunu",
                  "f": {
                    "lang": "akk-x-neoass",
                    "form": "ip-taq-du-šu₂-nu",
                    "cf": "paqādu",
                    "gw": "entrust",
                    "sense": "entrust",
                    "norm": "iptaqdušunu",
                    "pos": "V",
                    "epos": "V"
                  }
                },
                {
                  "node": "d",
                  "type": "line-start",
                  "ref": "P314278.7",
                  "n": "5'",
                  "label": "o 5'"
                },
                {
                  "node": "l",
                  "frag": "[a]-ki",
                  "id": "P314278.l05f7f",
                  "ref": "P314278.7.1",
                  "inst": "akī[like]PRP",
                  "sig": "@saao/saa15%akk-x-neoass:a-ki=akī[as//as, like]PRP'PRP$akī",
                  "f": {
                    "lang": "akk-x-neoass",
                    "form": "a-ki",
                    "cf": "akī",
                    "gw": "as",
                    "sense": "as, like",
                    "norm": "akī",
                    "pos": "PRP",
                    "epos": "PRP"
                  }
                },
                {
                  "node": "l",
                  "frag": "{lu₂vy}šag\\t-lu-u-te",
                  "id": "P314278.l05f80",
                  "ref": "P314278.7.2",
                  "inst": "šuglû[deported//deportee]AJ'N$šaglūte",
                  "sig": "@saao/saa15%akk-x-neoass:{LU₂}šag-lu-u-te=šuglû[deported//deportee]AJ'N$šaglūte",
                  "f": {
                    "lang": "akk-x-neoass",
                    "form": "{LU₂}šag-lu-u-te",
                    "cf": "šuglû",
                    "gw": "deported",
                    "sense": "deportee",
                    "norm": "šaglūte",
                    "pos": "AJ",
                    "epos": "N"
                  }
                },
                {
                  "node": "l",
                  "frag": "⸢x⸣+[x",
                  "id": "P314278.l05f81",
                  "ref": "P314278.7.3",
                  "inst": "u",
                  "f": {
                    "lang": "akk-x-neoass",
                    "form": "x+x",
                    "pos": "u"
                  }
                },
                {
                  "node": "l",
                  "frag": "x]",
                  "id": "P314278.l05f82",
                  "ref": "P314278.7.4",
                  "inst": "u",
                  "f": {
                    "lang": "akk-x-neoass",
                    "form": "x",
                    "pos": "u"
                  }
                },
                {
                  "node": "d",
                  "type": "line-start",
                  "ref": "P314278.8",
                  "n": "6'",
                  "label": "o 6'"
                },
                {
                  "node": "l",
                  "frag": "[ina]",
                  "id": "P314278.l05f83",
                  "ref": "P314278.8.1",
                  "inst": "ina[to]PRP",
                  "sig": "@saao/saa15%akk-x-neoass:ina=ina[in//to]PRP'PRP$ina",
                  "f": {
                    "lang": "akk-x-neoass",
                    "form": "ina",
                    "cf": "ina",
                    "gw": "in",
                    "sense": "to",
                    "norm": "ina",
                    "pos": "PRP",
                    "epos": "PRP"
                  }
                },
                {
                  "node": "l",
                  "frag": "kal-za-a-ni",
                  "id": "P314278.l05f84",
                  "ref": "P314278.8.2",
                  "inst": "kalzu[precinct?//contingent]N$kalzāni",
                  "sig": "@saao/saa15%akk-x-neoass:kal-za-a-ni=kalzu[precinct?//contingent]N'N$kalzāni",
                  "f": {
                    "lang": "akk-x-neoass",
                    "form": "kal-za-a-ni",
                    "cf": "kalzu",
                    "gw": "precinct?",
                    "sense": "contingent",
                    "norm": "kalzāni",
                    "pos": "N",
                    "epos": "N"
                  }
                },
                {
                  "node": "l",
                  "frag": "ša\\yy",
                  "id": "P314278.l05f85",
                  "ref": "P314278.8.3",
                  "inst": "ša[of]DET",
                  "sig": "@saao/saa15%akk-x-neoass:ša=ša[of//of]DET'DET$ša",
                  "f": {
                    "lang": "akk-x-neoass",
                    "form": "ša",
                    "cf": "ša",
                    "gw": "of",
                    "sense": "of",
                    "norm": "ša",
                    "pos": "DET",
                    "epos": "DET"
                  }
                },
                {
                  "node": "l",
                  "frag": "⸢LUGAL⸣",
                  "id": "P314278.l05f86",
                  "ref": "P314278.8.4",
                  "inst": "šarri[king]N",
                  "sig": "@saao/saa15%akk-x-neoass:LUGAL=šarru[king//king]N'N$šarri",
                  "f": {
                    "lang": "akk-x-neoass",
                    "form": "LUGAL",
                    "cf": "šarru",
                    "gw": "king",
                    "sense": "king",
                    "norm": "šarri",
                    "pos": "N",
                    "epos": "N"
                  }
                },
                {
                  "node": "l",
                  "frag": "[o]",
                  "id": "P314278.l05f87",
                  "ref": "P314278.8.5",
                  "inst": "u",
                  "f": {
                    "lang": "akk-x-neoass",
                    "form": "o",
                    "pos": "u"
                  }
                },
                {
                  "node": "d",
                  "type": "line-start",
                  "ref": "P314278.9",
                  "n": "7'",
                  "label": "o 7'"
                },
                {
                  "node": "l",
                  "frag": "[la]",
                  "id": "P314278.l05f88",
                  "ref": "P314278.9.1",
                  "inst": "lā[not]MOD",
                  "sig": "@saao/saa15%akk-x-neoass:la=lā[not//not]MOD'MOD$lā",
                  "f": {
                    "lang": "akk-x-neoass",
                    "form": "la",
                    "cf": "lā",
                    "gw": "not",
                    "sense": "not",
                    "norm": "lā",
                    "pos": "MOD",
                    "epos": "MOD"
                  }
                },
                {
                  "node": "l",
                  "frag": "ka-aṣ~td-ru",
                  "id": "P314278.l05f89",
                  "ref": "P314278.9.2",
                  "inst": "kaṣru[firmly joined//organized]AJ$",
                  "sig": "@saao/saa15%akk-x-neoass:ka-aṣ-ru=kaṣru[firmly joined//organized]AJ'AJ$kaṣru",
                  "f": {
                    "lang": "akk-x-neoass",
                    "form": "ka-aṣ-ru",
                    "cf": "kaṣru",
                    "gw": "firmly joined",
                    "sense": "organized",
                    "norm": "kaṣru",
                    "pos": "AJ",
                    "epos": "AJ"
                  }
                },
                {
                  "node": "l",
                  "frag": "[x",
                  "id": "P314278.l05f8a",
                  "ref": "P314278.9.3",
                  "inst": "u",
                  "f": {
                    "lang": "akk-x-neoass",
                    "form": "x",
                    "pos": "u"
                  }
                },
                {
                  "node": "l",
                  "frag": "x]",
                  "id": "P314278.l05f8b",
                  "ref": "P314278.9.4",
                  "inst": "u",
                  "f": {
                    "lang": "akk-x-neoass",
                    "form": "x",
                    "pos": "u"
                  }
                },
                {
                  "node": "d",
                  "type": "line-start",
                  "ref": "P314278.10",
                  "n": "8'",
                  "label": "o 8'"
                },
                {
                  "node": "l",
                  "frag": "[ana]-⸢ku⸣",
                  "id": "P314278.l05f8c",
                  "ref": "P314278.10.1",
                  "inst": "anāku[I]IP",
                  "sig": "@saao/saa15%akk-x-neoass:ana-ku=anāku[I//I]IP'IP$anāku",
                  "f": {
                    "lang": "akk-x-neoass",
                    "form": "ana-ku",
                    "cf": "anāku",
                    "gw": "I",
                    "sense": "I",
                    "norm": "anāku",
                    "pos": "IP",
                    "epos": "IP"
                  }
                },
                {
                  "node": "l",
                  "frag": "a-du",
                  "id": "P314278.l05f8d",
                  "ref": "P314278.10.2",
                  "inst": "adu[with]PRP",
                  "sig": "@saao/saa15%akk-x-neoass:a-du=adi[until//with]PRP'PRP$adu",
                  "f": {
                    "lang": "akk-x-neoass",
                    "form": "a-du",
                    "cf": "adi",
                    "gw": "until",
                    "sense": "with",
                    "norm": "adu",
                    "pos": "PRP",
                    "epos": "PRP"
                  }
                },
                {
                  "node": "l",
                  "frag": "⸢x⸣+[x",
                  "id": "P314278.l05f8e",
                  "ref": "P314278.10.3",
                  "inst": "u",
                  "f": {
                    "lang": "akk-x-neoass",
                    "form": "x+x",
                    "pos": "u"
                  }
                },
                {
                  "node": "l",
                  "frag": "x",
                  "id": "P314278.l05f8f",
                  "ref": "P314278.10.4",
                  "inst": "u",
                  "f": {
                    "lang": "akk-x-neoass",
                    "form": "x",
                    "pos": "u"
                  }
                },
                {
                  "node": "l",
                  "frag": "x]",
                  "id": "P314278.l05f90",
                  "ref": "P314278.10.5",
                  "inst": "u",
                  "f": {
                    "lang": "akk-x-neoass",
                    "form": "x",
                    "pos": "u"
                  }
                },
                {
                  "node": "d",
                  "type": "line-start",
                  "ref": "P314278.11",
                  "n": "9'",
                  "label": "o 9'"
                },
                {
                  "node": "l",
                  "frag": "[x",
                  "id": "P314278.l05f91",
                  "ref": "P314278.11.1",
                  "inst": "u",
                  "f": {
                    "lang": "akk-x-neoass",
                    "form": "x",
                    "pos": "u"
                  }
                },
                {
                  "node": "l",
                  "frag": "x]+⸢x⸣-MEŠ",
                  "id": "P314278.l05f92",
                  "ref": "P314278.11.2",
                  "inst": "u",
                  "f": {
                    "lang": "akk-x-neoass",
                    "form": "x+x-MEŠ",
                    "pos": "u"
                  }
                },
                {
                  "node": "l",
                  "frag": "[x",
                  "id": "P314278.l05f93",
                  "ref": "P314278.11.3",
                  "inst": "u",
                  "f": {
                    "lang": "akk-x-neoass",
                    "form": "x",
                    "pos": "u"
                  }
                },
                {
                  "node": "l",
                  "frag": "x",
                  "id": "P314278.l05f94",
                  "ref": "P314278.11.4",
                  "inst": "u",
                  "f": {
                    "lang": "akk-x-neoass",
                    "form": "x",
                    "pos": "u"
                  }
                },
                {
                  "node": "l",
                  "frag": "x",
                  "id": "P314278.l05f95",
                  "ref": "P314278.11.5",
                  "inst": "u",
                  "f": {
                    "lang": "akk-x-neoass",
                    "form": "x",
                    "pos": "u"
                  }
                },
                {
                  "node": "l",
                  "frag": "x",
                  "id": "P314278.l05f96",
                  "ref": "P314278.11.6",
                  "inst": "u",
                  "f": {
                    "lang": "akk-x-neoass",
                    "form": "x",
                    "pos": "u"
                  }
                },
                {
                  "node": "l",
                  "frag": "x]",
                  "id": "P314278.l05f97",
                  "ref": "P314278.11.7",
                  "inst": "u",
                  "f": {
                    "lang": "akk-x-neoass",
                    "form": "x",
                    "pos": "u"
                  }
                },
                {
                  "node": "d",
                  "type": "nonx",
                  "ref": "P314278.12",
                  "strict": "0",
                  "extent": "rest",
                  "state": "missing"
                },
                {
                  "node": "d",
                  "subtype": "reverse",
                  "type": "reverse",
                  "ref": "P314278.r.13",
                  "label": "r"
                },
                {
                  "node": "d",
                  "type": "nonx",
                  "ref": "P314278.14",
                  "strict": "0",
                  "extent": "beginning",
                  "state": "missing"
                },
                {
                  "node": "d",
                  "type": "line-start",
                  "ref": "P314278.15",
                  "n": "1'",
                  "label": "r 1'"
                },
                {
                  "node": "l",
                  "frag": "[x]",
                  "id": "P314278.l05f98",
                  "ref": "P314278.15.1",
                  "inst": "u",
                  "f": {
                    "lang": "akk-x-neoass",
                    "form": "x",
                    "pos": "u"
                  }
                },
                {
                  "node": "l",
                  "frag": "⸢ANŠE",
                  "id": "P314278.l05f99",
                  "ref": "P314278.15.2",
                  "inst": "u",
                  "f": {
                    "lang": "akk-x-neoass",
                    "form": "ANŠE",
                    "pos": "u"
                  }
                },
                {
                  "node": "l",
                  "frag": "x⸣",
                  "id": "P314278.l05f9a",
                  "ref": "P314278.15.3",
                  "inst": "u",
                  "f": {
                    "lang": "akk-x-neoass",
                    "form": "x",
                    "pos": "u"
                  }
                },
                {
                  "node": "l",
                  "frag": "[x",
                  "id": "P314278.l05f9b",
                  "ref": "P314278.15.4",
                  "inst": "u",
                  "f": {
                    "lang": "akk-x-neoass",
                    "form": "x",
                    "pos": "u"
                  }
                },
                {
                  "node": "l",
                  "frag": "x",
                  "id": "P314278.l05f9c",
                  "ref": "P314278.15.5",
                  "inst": "u",
                  "f": {
                    "lang": "akk-x-neoass",
                    "form": "x",
                    "pos": "u"
                  }
                },
                {
                  "node": "l",
                  "frag": "x",
                  "id": "P314278.l05f9d",
                  "ref": "P314278.15.6",
                  "inst": "u",
                  "f": {
                    "lang": "akk-x-neoass",
                    "form": "x",
                    "pos": "u"
                  }
                },
                {
                  "node": "l",
                  "frag": "x",
                  "id": "P314278.l05f9e",
                  "ref": "P314278.15.7",
                  "inst": "u",
                  "f": {
                    "lang": "akk-x-neoass",
                    "form": "x",
                    "pos": "u"
                  }
                },
                {
                  "node": "l",
                  "frag": "x]",
                  "id": "P314278.l05f9f",
                  "ref": "P314278.15.8",
                  "inst": "u",
                  "f": {
                    "lang": "akk-x-neoass",
                    "form": "x",
                    "pos": "u"
                  }
                },
                {
                  "node": "d",
                  "type": "line-start",
                  "ref": "P314278.16",
                  "n": "2'",
                  "label": "r 2'"
                },
                {
                  "node": "l",
                  "frag": "⸢ta⸣-ma-ta-[ha",
                  "id": "P314278.l05fa0",
                  "ref": "P314278.16.1",
                  "inst": "matāhu[lift//pick up]V$tamattāha",
                  "sig": "@saao/saa15%akk-x-neoass:ta-ma-ta-ha=matāhu[lift//pick up]V'V$tamattāha",
                  "f": {
                    "lang": "akk-x-neoass",
                    "form": "ta-ma-ta-ha",
                    "cf": "matāhu",
                    "gw": "lift",
                    "sense": "pick up",
                    "norm": "tamattāha",
                    "pos": "V",
                    "epos": "V"
                  }
                },
                {
                  "node": "l",
                  "frag": "x",
                  "id": "P314278.l05fa1",
                  "ref": "P314278.16.2",
                  "inst": "u",
                  "f": {
                    "lang": "akk-x-neoass",
                    "form": "x",
                    "pos": "u"
                  }
                },
                {
                  "node": "l",
                  "frag": "x",
                  "id": "P314278.l05fa2",
                  "ref": "P314278.16.3",
                  "inst": "u",
                  "f": {
                    "lang": "akk-x-neoass",
                    "form": "x",
                    "pos": "u"
                  }
                },
                {
                  "node": "l",
                  "frag": "x",
                  "id": "P314278.l05fa3",
                  "ref": "P314278.16.4",
                  "inst": "u",
                  "f": {
                    "lang": "akk-x-neoass",
                    "form": "x",
                    "pos": "u"
                  }
                },
                {
                  "node": "l",
                  "frag": "x]",
                  "id": "P314278.l05fa4",
                  "ref": "P314278.16.5",
                  "inst": "u",
                  "f": {
                    "lang": "akk-x-neoass",
                    "form": "x",
                    "pos": "u"
                  }
                },
                {
                  "node": "d",
                  "type": "line-start",
                  "ref": "P314278.17",
                  "n": "3'",
                  "label": "r 3'"
                },
                {
                  "node": "l",
                  "frag": "⸢an⸣-ni\\d-tu₂",
                  "id": "P314278.l05fa5",
                  "ref": "P314278.17.1",
                  "inst": "annītu[this]DP",
                  "sig": "@saao/saa15%akk-x-neoass:an-ni-tu₂=annû[this//this]DP'DP$annītu",
                  "f": {
                    "lang": "akk-x-neoass",
                    "form": "an-ni-tu₂",
                    "cf": "annû",
                    "gw": "this",
                    "sense": "this",
                    "norm": "annītu",
                    "pos": "DP",
                    "epos": "DP"
                  }
                },
                {
                  "node": "l",
                  "frag": "e-pa-[aš₂",
                  "id": "P314278.l05fa6",
                  "ref": "P314278.17.2",
                  "inst": "eppaš[do]V",
                  "sig": "@saao/saa15%akk-x-neoass:e-pa-aš₂=epēšu[do//do]V'V$eppaš",
                  "f": {
                    "lang": "akk-x-neoass",
                    "form": "e-pa-aš₂",
                    "cf": "epēšu",
                    "gw": "do",
                    "sense": "do",
                    "norm": "eppaš",
                    "pos": "V",
                    "epos": "V"
                  }
                },
                {
                  "node": "l",
                  "frag": "x",
                  "id": "P314278.l05fa7",
                  "ref": "P314278.17.3",
                  "inst": "u",
                  "f": {
                    "lang": "akk-x-neoass",
                    "form": "x",
                    "pos": "u"
                  }
                },
                {
                  "node": "l",
                  "frag": "x",
                  "id": "P314278.l05fa8",
                  "ref": "P314278.17.4",
                  "inst": "u",
                  "f": {
                    "lang": "akk-x-neoass",
                    "form": "x",
                    "pos": "u"
                  }
                },
                {
                  "node": "l",
                  "frag": "x]",
                  "id": "P314278.l05fa9",
                  "ref": "P314278.17.5",
                  "inst": "u",
                  "f": {
                    "lang": "akk-x-neoass",
                    "form": "x",
                    "pos": "u"
                  }
                },
                {
                  "node": "d",
                  "type": "line-start",
                  "ref": "P314278.18",
                  "n": "4'",
                  "label": "r 4'"
                },
                {
                  "node": "l",
                  "frag": "⸢LUGAL⸣",
                  "id": "P314278.l05faa",
                  "ref": "P314278.18.1",
                  "inst": "šarru[king]N",
                  "sig": "@saao/saa15%akk-x-neoass:LUGAL=šarru[king//king]N'N$šarru",
                  "f": {
                    "lang": "akk-x-neoass",
                    "form": "LUGAL",
                    "cf": "šarru",
                    "gw": "king",
                    "sense": "king",
                    "norm": "šarru",
                    "pos": "N",
                    "epos": "N"
                  }
                },
                {
                  "node": "l",
                  "frag": "lu",
                  "id": "P314278.l05fab",
                  "ref": "P314278.18.2",
                  "inst": "lū[may]MOD",
                  "sig": "@saao/saa15%akk-x-neoass:lu=lū[may//may]MOD'MOD$lū",
                  "f": {
                    "lang": "akk-x-neoass",
                    "form": "lu",
                    "cf": "lū",
                    "gw": "may",
                    "sense": "may",
                    "norm": "lū",
                    "pos": "MOD",
                    "epos": "MOD"
                  }
                },
                {
                  "node": "l",
                  "frag": "la",
                  "id": "P314278.l05fac",
                  "ref": "P314278.18.3",
                  "inst": "lā[not]MOD",
                  "sig": "@saao/saa15%akk-x-neoass:la=lā[not//not]MOD'MOD$lā",
                  "f": {
                    "lang": "akk-x-neoass",
                    "form": "la",
                    "cf": "lā",
                    "gw": "not",
                    "sense": "not",
                    "norm": "lā",
                    "pos": "MOD",
                    "epos": "MOD"
                  }
                },
                {
                  "node": "l",
                  "frag": "i-[qab-bi",
                  "id": "P314278.l05fad",
                  "ref": "P314278.18.4",
                  "inst": "iqabbi[say]V",
                  "sig": "@saao/saa15%akk-x-neoass:i-qab-bi=qabû[say//say]V'V$iqabbi",
                  "f": {
                    "lang": "akk-x-neoass",
                    "form": "i-qab-bi",
                    "cf": "qabû",
                    "gw": "say",
                    "sense": "say",
                    "norm": "iqabbi",
                    "pos": "V",
                    "epos": "V"
                  }
                },
                {
                  "node": "l",
                  "frag": "ma-a]",
                  "id": "P314278.l05fae",
                  "ref": "P314278.18.5",
                  "inst": "mā[saying]PRP",
                  "sig": "@saao/saa15%akk-x-neoass:ma-a=mā[saying//saying]PRP'PRP$mā",
                  "f": {
                    "lang": "akk-x-neoass",
                    "form": "ma-a",
                    "cf": "mā",
                    "gw": "saying",
                    "sense": "saying",
                    "norm": "mā",
                    "pos": "PRP",
                    "epos": "PRP"
                  }
                },
                {
                  "node": "d",
                  "type": "line-start",
                  "ref": "P314278.19",
                  "n": "5'",
                  "label": "r 5'"
                },
                {
                  "node": "l",
                  "frag": "⸢TA@v⸣",
                  "id": "P314278.l05faf",
                  "ref": "P314278.19.1",
                  "inst": "issu[from]PRP",
                  "sig": "@saao/saa15%akk-x-neoass:TA@v=ištu[from//from]PRP'PRP$issu",
                  "f": {
                    "lang": "akk-x-neoass",
                    "form": "TA@v",
                    "cf": "ištu",
                    "gw": "from",
                    "sense": "from",
                    "norm": "issu",
                    "pos": "PRP",
                    "epos": "PRP"
                  }
                },
                {
                  "node": "l",
                  "frag": "{lu₂vy}SAG-MEŠ\\m",
                  "id": "P314278.l05fb0",
                  "ref": "P314278.19.2",
                  "inst": "ša-rēšāni[eunuch]N",
                  "sig": "@saao/saa15%akk-x-neoass:{LU₂}SAG-MEŠ=ša-rēši[eunuch//eunuch]N'N$ša-rēšāni",
                  "f": {
                    "lang": "akk-x-neoass",
                    "form": "{LU₂}SAG-MEŠ",
                    "cf": "ša-rēši",
                    "gw": "eunuch",
                    "sense": "eunuch",
                    "norm": "ša-rēšāni",
                    "pos": "N",
                    "epos": "N"
                  }
                },
                {
                  "node": "l",
                  "frag": "[x",
                  "id": "P314278.l05fb1",
                  "ref": "P314278.19.3",
                  "inst": "u",
                  "f": {
                    "lang": "akk-x-neoass",
                    "form": "x",
                    "pos": "u"
                  }
                },
                {
                  "node": "l",
                  "frag": "x",
                  "id": "P314278.l05fb2",
                  "ref": "P314278.19.4",
                  "inst": "u",
                  "f": {
                    "lang": "akk-x-neoass",
                    "form": "x",
                    "pos": "u"
                  }
                },
                {
                  "node": "l",
                  "frag": "x",
                  "id": "P314278.l05fb3",
                  "ref": "P314278.19.5",
                  "inst": "u",
                  "f": {
                    "lang": "akk-x-neoass",
                    "form": "x",
                    "pos": "u"
                  }
                },
                {
                  "node": "l",
                  "frag": "x]",
                  "id": "P314278.l05fb4",
                  "ref": "P314278.19.6",
                  "inst": "u",
                  "f": {
                    "lang": "akk-x-neoass",
                    "form": "x",
                    "pos": "u"
                  }
                },
                {
                  "node": "d",
                  "type": "line-start",
                  "ref": "P314278.20",
                  "n": "6'",
                  "label": "r 6'"
                },
                {
                  "node": "l",
                  "frag": "[u₂]-⸢ma⸣-a",
                  "id": "P314278.l05fb5",
                  "ref": "P314278.20.1",
                  "inst": "ūmâ[now]AV",
                  "sig": "@saao/saa15%akk-x-neoass:u₂-ma-a=ūma[today//now]AV'AV$ūmâ",
                  "f": {
                    "lang": "akk-x-neoass",
                    "form": "u₂-ma-a",
                    "cf": "ūma",
                    "gw": "today",
                    "sense": "now",
                    "norm": "ūmâ",
                    "pos": "AV",
                    "epos": "AV"
                  }
                },
                {
                  "node": "l",
                  "frag": "04",
                  "id": "P314278.l05fb6",
                  "ref": "P314278.20.2",
                  "inst": "n",
                  "f": {
                    "lang": "akk-x-neoass",
                    "form": "04",
                    "pos": "n"
                  }
                },
                {
                  "node": "l",
                  "frag": "{lu₂vy}[x",
                  "id": "P314278.l05fb7",
                  "ref": "P314278.20.3",
                  "inst": "u",
                  "f": {
                    "lang": "akk-x-neoass",
                    "form": "{LU₂}x",
                    "pos": "u"
                  }
                },
                {
                  "node": "l",
                  "frag": "x",
                  "id": "P314278.l05fb8",
                  "ref": "P314278.20.4",
                  "inst": "u",
                  "f": {
                    "lang": "akk-x-neoass",
                    "form": "x",
                    "pos": "u"
                  }
                },
                {
                  "node": "l",
                  "frag": "x",
                  "id": "P314278.l05fb9",
                  "ref": "P314278.20.5",
                  "inst": "u",
                  "f": {
                    "lang": "akk-x-neoass",
                    "form": "x",
                    "pos": "u"
                  }
                },
                {
                  "node": "l",
                  "frag": "x]",
                  "id": "P314278.l05fba",
                  "ref": "P314278.20.6",
                  "inst": "u",
                  "f": {
                    "lang": "akk-x-neoass",
                    "form": "x",
                    "pos": "u"
                  }
                },
                {
                  "node": "d",
                  "type": "nonx",
                  "ref": "P314278.21",
                  "strict": "0",
                  "extent": "rest",
                  "state": "missing"
                }
              ]
            }
          ]
        }
      ]
    },
    {
      "linkbase": [
        {
          "type": "linkset",
          "xlink_title": "ina muhhi ahāmiš[together//to one another]AV'PRP",
          "id": "P314278.ls00000",
          "xlink_type": "extended",
          "xlink_role": "psu",
          "sig": "{ina[in]PRP muhhu[skull]N ahāmiš[one another]PRP += ina muhhi ahāmiš[together//to one another]AV'PRP}::@saao%akk-x-neoass:ina=ina[in//into]PRP'PRP$ina++@saao%akk-x-neoass:UGU=muhhu[skull//skull]N'N$muhhi++@saao%akk-x-neoass:a-hi-ši=ahāmiš[one another//one another]PRP'PRP$ahîši",
          "links": [
            {
              "type": "link",
              "xlink_title": "ina",
              "xlink_type": "locator",
              "xlink_href": "#P314278.l05f7b",
              "xlink_role": "elt"
            },
            {
              "type": "link",
              "xlink_title": "muhhi",
              "xlink_type": "locator",
              "xlink_href": "#P314278.l05f7c",
              "xlink_role": "elt"
            },
            {
              "type": "link",
              "xlink_title": "ahāmiš",
              "xlink_type": "locator",
              "xlink_href": "#P314278.l05f7d",
              "xlink_role": "elt"
            }
          ]
        }
      ]
    }
  ]
}
