{
  "type": "cdl",
  "source": "http://oracc.org/saao/saa15",
  "license": "This data is released under the CC0 license",
  "license-url": "https://creativecommons.org/publicdomain/zero/1.0/",
  "more-info": "http://oracc.org/doc/opendata/",
  "UTC-timestamp": "2017-06-10T00:55:54",
  "project": "saao/saa15",
  "textid": "P314171",
  "cdl": [
    {
      "node": "c",
      "type": "text",
      "id": "P314171.U0",
      "cdl": [
        {
          "node": "d",
          "type": "object",
          "ref": ""
        },
        {
          "node": "d",
          "subtype": "obverse",
          "type": "obverse",
          "ref": "P314171.o.1",
          "label": "o"
        },
        {
          "node": "d",
          "type": "nonx",
          "ref": "P314171.2",
          "strict": "0",
          "extent": "beginning",
          "state": "missing"
        },
        {
          "node": "c",
          "type": "discourse",
          "subtype": "body",
          "id": "P314171.U1",
          "cdl": [
            {
              "node": "c",
              "type": "sentence",
              "id": "P314171.U2",
              "label": "o 1' - o 7'",
              "cdl": [
                {
                  "node": "d",
                  "type": "line-start",
                  "ref": "P314171.3",
                  "n": "1'",
                  "label": "o 1'"
                },
                {
                  "node": "l",
                  "frag": "[x",
                  "id": "P314171.l06e88",
                  "ref": "P314171.3.1",
                  "inst": "u",
                  "f": {
                    "lang": "akk-x-neoass",
                    "form": "x",
                    "pos": "u"
                  }
                },
                {
                  "node": "l",
                  "frag": "x",
                  "id": "P314171.l06e89",
                  "ref": "P314171.3.2",
                  "inst": "u",
                  "f": {
                    "lang": "akk-x-neoass",
                    "form": "x",
                    "pos": "u"
                  }
                },
                {
                  "node": "l",
                  "frag": "x",
                  "id": "P314171.l06e8a",
                  "ref": "P314171.3.3",
                  "inst": "u",
                  "f": {
                    "lang": "akk-x-neoass",
                    "form": "x",
                    "pos": "u"
                  }
                },
                {
                  "node": "l",
                  "frag": "x]",
                  "id": "P314171.l06e8b",
                  "ref": "P314171.3.4",
                  "inst": "u",
                  "f": {
                    "lang": "akk-x-neoass",
                    "form": "x",
                    "pos": "u"
                  }
                },
                {
                  "node": "l",
                  "frag": "ša",
                  "id": "P314171.l06e8c",
                  "ref": "P314171.3.5",
                  "inst": "ša[which]REL",
                  "sig": "@saao/saa15%akk-x-neoass:ša=ša[that//which]REL'REL$ša",
                  "f": {
                    "lang": "akk-x-neoass",
                    "form": "ša",
                    "cf": "ša",
                    "gw": "that",
                    "sense": "which",
                    "norm": "ša",
                    "pos": "REL",
                    "epos": "REL"
                  }
                },
                {
                  "node": "l",
                  "frag": "⸢a⸣-[x",
                  "id": "P314171.l06e8d",
                  "ref": "P314171.3.6",
                  "inst": "u",
                  "f": {
                    "lang": "akk-x-neoass",
                    "form": "a-x",
                    "pos": "u"
                  }
                },
                {
                  "node": "l",
                  "frag": "x",
                  "id": "P314171.l06e8e",
                  "ref": "P314171.3.7",
                  "inst": "u",
                  "f": {
                    "lang": "akk-x-neoass",
                    "form": "x",
                    "pos": "u"
                  }
                },
                {
                  "node": "l",
                  "frag": "x",
                  "id": "P314171.l06e8f",
                  "ref": "P314171.3.8",
                  "inst": "u",
                  "f": {
                    "lang": "akk-x-neoass",
                    "form": "x",
                    "pos": "u"
                  }
                },
                {
                  "node": "l",
                  "frag": "x",
                  "id": "P314171.l06e90",
                  "ref": "P314171.3.9",
                  "inst": "u",
                  "f": {
                    "lang": "akk-x-neoass",
                    "form": "x",
                    "pos": "u"
                  }
                },
                {
                  "node": "l",
                  "frag": "x",
                  "id": "P314171.l06e91",
                  "ref": "P314171.3.10",
                  "inst": "u",
                  "f": {
                    "lang": "akk-x-neoass",
                    "form": "x",
                    "pos": "u"
                  }
                },
                {
                  "node": "l",
                  "frag": "x",
                  "id": "P314171.l06e92",
                  "ref": "P314171.3.11",
                  "inst": "u",
                  "f": {
                    "lang": "akk-x-neoass",
                    "form": "x",
                    "pos": "u"
                  }
                },
                {
                  "node": "l",
                  "frag": "x]",
                  "id": "P314171.l06e93",
                  "ref": "P314171.3.12",
                  "inst": "u",
                  "f": {
                    "lang": "akk-x-neoass",
                    "form": "x",
                    "pos": "u"
                  }
                },
                {
                  "node": "d",
                  "type": "line-start",
                  "ref": "P314171.4",
                  "n": "2'",
                  "label": "o 2'"
                },
                {
                  "node": "l",
                  "frag": "[x",
                  "id": "P314171.l06e94",
                  "ref": "P314171.4.1",
                  "inst": "u",
                  "f": {
                    "lang": "akk-x-neoass",
                    "form": "x",
                    "pos": "u"
                  }
                },
                {
                  "node": "l",
                  "frag": "x",
                  "id": "P314171.l06e95",
                  "ref": "P314171.4.2",
                  "inst": "u",
                  "f": {
                    "lang": "akk-x-neoass",
                    "form": "x",
                    "pos": "u"
                  }
                },
                {
                  "node": "l",
                  "frag": "x]+⸢x⸣",
                  "id": "P314171.l06e96",
                  "ref": "P314171.4.3",
                  "inst": "u",
                  "f": {
                    "lang": "akk-x-neoass",
                    "form": "x+x",
                    "pos": "u"
                  }
                },
                {
                  "node": "c",
                  "type": "phrase",
                  "tag": "phr",
                  "id": "P314171.U4",
                  "ref": "P314171.ls00000",
                  "cdl": [
                    {
                      "node": "l",
                      "frag": "{lu₂v}GAL-DAM.QAR-MEŠ\\m",
                      "id": "P314171.l06e97",
                      "ref": "P314171.4.4",
                      "cof-tails": "P314171.l06e98",
                      "inst": "rabû[big one]N$rab&tamkāru[merchant]N$tankarāni",
                      "sig": "@saao/saa15%akk-x-neoass:{LU₂}GAL-DAM.QAR-MEŠ=rabû[big one//big one]N'N$rab&&@saao%akk-x-neoass:=tamkāru[merchant//merchant]N'N$tankarāni",
                      "f": {
                        "lang": "akk-x-neoass",
                        "form": "{LU₂}GAL-DAM.QAR-MEŠ",
                        "cf": "rabû",
                        "gw": "big one",
                        "sense": "big one",
                        "norm": "rab",
                        "pos": "N",
                        "epos": "N"
                      }
                    },
                    {
                      "node": "l",
                      "frag": "{lu₂v}GAL-DAM.QAR-MEŠ\\m",
                      "id": "P314171.l06e98",
                      "ref": "P314171.4.4",
                      "cof-head": "P314171.l06e97",
                      "inst": "rabû[big one]N$rab&tamkāru[merchant]N$tankarāni",
                      "tail-sig": "@saao%akk-x-neoass:=tamkāru[merchant//merchant]N'N$tankarāni",
                      "f": {
                        "lang": "akk-x-neoass",
                        "form": "{LU₂}GAL-DAM.QAR-MEŠ",
                        "cf": "tamkāru",
                        "gw": "merchant",
                        "sense": "merchant",
                        "norm": "tankarāni",
                        "pos": "N",
                        "epos": "N"
                      }
                    }
                  ]
                },
                {
                  "node": "l",
                  "frag": "⸢x",
                  "id": "P314171.l06e99",
                  "ref": "P314171.4.5",
                  "inst": "u",
                  "f": {
                    "lang": "akk-x-neoass",
                    "form": "x",
                    "pos": "u"
                  }
                },
                {
                  "node": "l",
                  "frag": "tu⸣",
                  "id": "P314171.l06e9a",
                  "ref": "P314171.4.6",
                  "inst": "u",
                  "f": {
                    "lang": "akk-x-neoass",
                    "form": "tu",
                    "pos": "u"
                  }
                },
                {
                  "node": "l",
                  "frag": "gu",
                  "id": "P314171.l06e9b",
                  "ref": "P314171.4.7",
                  "inst": "u",
                  "f": {
                    "lang": "akk-x-neoass",
                    "form": "gu",
                    "pos": "u"
                  }
                },
                {
                  "node": "l",
                  "frag": "⸢lu⸣",
                  "id": "P314171.l06e9c",
                  "ref": "P314171.4.8",
                  "inst": "u",
                  "f": {
                    "lang": "akk-x-neoass",
                    "form": "lu",
                    "pos": "u"
                  }
                },
                {
                  "node": "l",
                  "frag": "[x]",
                  "id": "P314171.l06e9d",
                  "ref": "P314171.4.9",
                  "inst": "u",
                  "f": {
                    "lang": "akk-x-neoass",
                    "form": "x",
                    "pos": "u"
                  }
                },
                {
                  "node": "d",
                  "type": "line-start",
                  "ref": "P314171.5",
                  "n": "3'",
                  "label": "o 3'"
                },
                {
                  "node": "l",
                  "frag": "[x",
                  "id": "P314171.l06e9e",
                  "ref": "P314171.5.1",
                  "inst": "u",
                  "f": {
                    "lang": "akk-x-neoass",
                    "form": "x",
                    "pos": "u"
                  }
                },
                {
                  "node": "l",
                  "frag": "x",
                  "id": "P314171.l06e9f",
                  "ref": "P314171.5.2",
                  "inst": "u",
                  "f": {
                    "lang": "akk-x-neoass",
                    "form": "x",
                    "pos": "u"
                  }
                },
                {
                  "node": "l",
                  "frag": "x]+⸢x⸣",
                  "id": "P314171.l06ea0",
                  "ref": "P314171.5.3",
                  "inst": "u",
                  "f": {
                    "lang": "akk-x-neoass",
                    "form": "x+x",
                    "pos": "u"
                  }
                },
                {
                  "node": "l",
                  "frag": "ša\\d",
                  "id": "P314171.l06ea1",
                  "ref": "P314171.5.4",
                  "inst": "ša[who]REL",
                  "sig": "@saao/saa15%akk-x-neoass:ša=ša[that//who]REL'REL$ša",
                  "f": {
                    "lang": "akk-x-neoass",
                    "form": "ša",
                    "cf": "ša",
                    "gw": "that",
                    "sense": "who",
                    "norm": "ša",
                    "pos": "REL",
                    "epos": "REL"
                  }
                },
                {
                  "node": "l",
                  "frag": "mi-hir-šu₂",
                  "id": "P314171.l06ea2",
                  "ref": "P314171.5.5",
                  "inst": "mehru[colleague//equal]N$mihiršu",
                  "sig": "@saao/saa15%akk-x-neoass:mi-hir-šu₂=mehru[colleague//equal]N'N$mihiršu",
                  "f": {
                    "lang": "akk-x-neoass",
                    "form": "mi-hir-šu₂",
                    "cf": "mehru",
                    "gw": "colleague",
                    "sense": "equal",
                    "norm": "mihiršu",
                    "pos": "N",
                    "epos": "N"
                  }
                },
                {
                  "node": "l",
                  "frag": "u₂-šad-ba-bu-[u-ni]",
                  "id": "P314171.l06ea3",
                  "ref": "P314171.5.6",
                  "inst": "dabābu[speak//incite]V$ušadbabūni",
                  "sig": "@saao/saa15%akk-x-neoass:u₂-šad-ba-bu-u-ni=dabābu[speak//incite]V'V$ušadbabūni",
                  "f": {
                    "lang": "akk-x-neoass",
                    "form": "u₂-šad-ba-bu-u-ni",
                    "cf": "dabābu",
                    "gw": "speak",
                    "sense": "incite",
                    "norm": "ušadbabūni",
                    "pos": "V",
                    "epos": "V"
                  }
                },
                {
                  "node": "d",
                  "type": "line-start",
                  "ref": "P314171.6",
                  "n": "4'",
                  "label": "o 4'"
                },
                {
                  "node": "l",
                  "frag": "[x",
                  "id": "P314171.l06ea4",
                  "ref": "P314171.6.1",
                  "inst": "u",
                  "f": {
                    "lang": "akk-x-neoass",
                    "form": "x",
                    "pos": "u"
                  }
                },
                {
                  "node": "l",
                  "frag": "x",
                  "id": "P314171.l06ea5",
                  "ref": "P314171.6.2",
                  "inst": "u",
                  "f": {
                    "lang": "akk-x-neoass",
                    "form": "x",
                    "pos": "u"
                  }
                },
                {
                  "node": "l",
                  "frag": "x]-u-ni\\d",
                  "id": "P314171.l06ea6",
                  "ref": "P314171.6.3",
                  "inst": "u",
                  "f": {
                    "lang": "akk-x-neoass",
                    "form": "x-u-ni",
                    "pos": "u"
                  }
                },
                {
                  "node": "l",
                  "frag": "a-bu-tu₂",
                  "id": "P314171.l06ea7",
                  "ref": "P314171.6.4",
                  "inst": "awātu[word//matter]N$abutu",
                  "sig": "@saao/saa15%akk-x-neoass:a-bu-tu₂=awātu[word//matter]N'N$abutu",
                  "f": {
                    "lang": "akk-x-neoass",
                    "form": "a-bu-tu₂",
                    "cf": "awātu",
                    "gw": "word",
                    "sense": "matter",
                    "norm": "abutu",
                    "pos": "N",
                    "epos": "N"
                  }
                },
                {
                  "node": "l",
                  "frag": "an-ni\\d-tu₂",
                  "id": "P314171.l06ea8",
                  "ref": "P314171.6.5",
                  "inst": "annītu[this]DP",
                  "sig": "@saao/saa15%akk-x-neoass:an-ni-tu₂=annû[this//this]DP'DP$annītu",
                  "f": {
                    "lang": "akk-x-neoass",
                    "form": "an-ni-tu₂",
                    "cf": "annû",
                    "gw": "this",
                    "sense": "this",
                    "norm": "annītu",
                    "pos": "DP",
                    "epos": "DP"
                  }
                },
                {
                  "node": "l",
                  "frag": "ta-šap-[x",
                  "id": "P314171.l06ea9",
                  "ref": "P314171.6.6",
                  "inst": "u",
                  "f": {
                    "lang": "akk-x-neoass",
                    "form": "ta-šap-x",
                    "pos": "u"
                  }
                },
                {
                  "node": "l",
                  "frag": "(x)]",
                  "id": "P314171.l06eaa",
                  "ref": "P314171.6.7",
                  "inst": "u",
                  "f": {
                    "lang": "akk-x-neoass",
                    "form": "x",
                    "pos": "u"
                  }
                },
                {
                  "node": "d",
                  "type": "line-start",
                  "ref": "P314171.7",
                  "n": "5'",
                  "label": "o 5'"
                },
                {
                  "node": "l",
                  "frag": "[x",
                  "id": "P314171.l06eab",
                  "ref": "P314171.7.1",
                  "inst": "u",
                  "f": {
                    "lang": "akk-x-neoass",
                    "form": "x",
                    "pos": "u"
                  }
                },
                {
                  "node": "l",
                  "frag": "x",
                  "id": "P314171.l06eac",
                  "ref": "P314171.7.2",
                  "inst": "u",
                  "f": {
                    "lang": "akk-x-neoass",
                    "form": "x",
                    "pos": "u"
                  }
                },
                {
                  "node": "l",
                  "frag": "x]",
                  "id": "P314171.l06ead",
                  "ref": "P314171.7.3",
                  "inst": "u",
                  "f": {
                    "lang": "akk-x-neoass",
                    "form": "x",
                    "pos": "u"
                  }
                },
                {
                  "node": "l",
                  "frag": "⸢a⸣.a-ši",
                  "id": "P314171.l06eae",
                  "ref": "P314171.7.4",
                  "inst": "ayāši[me]IP",
                  "sig": "@saao/saa15%akk-x-neoass:a.a-ši=yâšim[to me//me]IP'IP$ayāši",
                  "f": {
                    "lang": "akk-x-neoass",
                    "form": "a.a-ši",
                    "cf": "yâšim",
                    "gw": "to me",
                    "sense": "me",
                    "norm": "ayāši",
                    "pos": "IP",
                    "epos": "IP"
                  }
                },
                {
                  "node": "l",
                  "frag": "a-na",
                  "id": "P314171.l06eaf",
                  "ref": "P314171.7.5",
                  "inst": "ana[for]PRP",
                  "sig": "@saao/saa15%akk-x-neoass:a-na=ana[to//for]PRP'PRP$ana",
                  "f": {
                    "lang": "akk-x-neoass",
                    "form": "a-na",
                    "cf": "ana",
                    "gw": "to",
                    "sense": "for",
                    "norm": "ana",
                    "pos": "PRP",
                    "epos": "PRP"
                  }
                },
                {
                  "node": "l",
                  "frag": "E₂.GAL-ia",
                  "id": "P314171.l06eb0",
                  "ref": "P314171.7.6",
                  "inst": "ēkallu[palace]N$ēkallīya",
                  "sig": "@saao/saa15%akk-x-neoass:E₂.GAL-ia=ēkallu[palace//palace]N'N$ēkallīya",
                  "f": {
                    "lang": "akk-x-neoass",
                    "form": "E₂.GAL-ia",
                    "cf": "ēkallu",
                    "gw": "palace",
                    "sense": "palace",
                    "norm": "ēkallīya",
                    "pos": "N",
                    "epos": "N"
                  }
                },
                {
                  "node": "l",
                  "frag": "la",
                  "id": "P314171.l06eb1",
                  "ref": "P314171.7.7",
                  "inst": "lā[not]MOD",
                  "sig": "@saao/saa15%akk-x-neoass:la=lā[not//not]MOD'MOD$lā",
                  "f": {
                    "lang": "akk-x-neoass",
                    "form": "la",
                    "cf": "lā",
                    "gw": "not",
                    "sense": "not",
                    "norm": "lā",
                    "pos": "MOD",
                    "epos": "MOD"
                  }
                },
                {
                  "node": "l",
                  "frag": "⸢šar⸣-[x]",
                  "id": "P314171.l06eb2",
                  "ref": "P314171.7.8",
                  "inst": "u",
                  "f": {
                    "lang": "akk-x-neoass",
                    "form": "šar-x",
                    "pos": "u"
                  }
                },
                {
                  "node": "d",
                  "type": "line-start",
                  "ref": "P314171.8",
                  "n": "6'",
                  "label": "o 6'"
                },
                {
                  "node": "l",
                  "frag": "[x",
                  "id": "P314171.l06eb3",
                  "ref": "P314171.8.1",
                  "inst": "u",
                  "f": {
                    "lang": "akk-x-neoass",
                    "form": "x",
                    "pos": "u"
                  }
                },
                {
                  "node": "l",
                  "frag": "x",
                  "id": "P314171.l06eb4",
                  "ref": "P314171.8.2",
                  "inst": "u",
                  "f": {
                    "lang": "akk-x-neoass",
                    "form": "x",
                    "pos": "u"
                  }
                },
                {
                  "node": "l",
                  "frag": "x",
                  "id": "P314171.l06eb5",
                  "ref": "P314171.8.3",
                  "inst": "u",
                  "f": {
                    "lang": "akk-x-neoass",
                    "form": "x",
                    "pos": "u"
                  }
                },
                {
                  "node": "l",
                  "frag": "x]+⸢x⸣-la-a-ni\\d",
                  "id": "P314171.l06eb6",
                  "ref": "P314171.8.4",
                  "inst": "u",
                  "f": {
                    "lang": "akk-x-neoass",
                    "form": "x+x-la-a-ni",
                    "pos": "u"
                  }
                },
                {
                  "node": "l",
                  "frag": "{1}li-ša\\yd-⸢x⸣+[x",
                  "id": "P314171.l06eb7",
                  "ref": "P314171.8.5",
                  "inst": "u",
                  "f": {
                    "lang": "akk-x-neoass",
                    "form": "{1}li-ša-x+x",
                    "pos": "u"
                  }
                },
                {
                  "node": "l",
                  "frag": "x",
                  "id": "P314171.l06eb8",
                  "ref": "P314171.8.6",
                  "inst": "u",
                  "f": {
                    "lang": "akk-x-neoass",
                    "form": "x",
                    "pos": "u"
                  }
                },
                {
                  "node": "l",
                  "frag": "x",
                  "id": "P314171.l06eb9",
                  "ref": "P314171.8.7",
                  "inst": "u",
                  "f": {
                    "lang": "akk-x-neoass",
                    "form": "x",
                    "pos": "u"
                  }
                },
                {
                  "node": "l",
                  "frag": "x]",
                  "id": "P314171.l06eba",
                  "ref": "P314171.8.8",
                  "inst": "u",
                  "f": {
                    "lang": "akk-x-neoass",
                    "form": "x",
                    "pos": "u"
                  }
                },
                {
                  "node": "d",
                  "type": "line-start",
                  "ref": "P314171.9",
                  "n": "7'",
                  "label": "o 7'"
                },
                {
                  "node": "l",
                  "frag": "[x",
                  "id": "P314171.l06ebb",
                  "ref": "P314171.9.1",
                  "inst": "u",
                  "f": {
                    "lang": "akk-x-neoass",
                    "form": "x",
                    "pos": "u"
                  }
                },
                {
                  "node": "l",
                  "frag": "x",
                  "id": "P314171.l06ebc",
                  "ref": "P314171.9.2",
                  "inst": "u",
                  "f": {
                    "lang": "akk-x-neoass",
                    "form": "x",
                    "pos": "u"
                  }
                },
                {
                  "node": "l",
                  "frag": "x",
                  "id": "P314171.l06ebd",
                  "ref": "P314171.9.3",
                  "inst": "u",
                  "f": {
                    "lang": "akk-x-neoass",
                    "form": "x",
                    "pos": "u"
                  }
                },
                {
                  "node": "l",
                  "frag": "x",
                  "id": "P314171.l06ebe",
                  "ref": "P314171.9.4",
                  "inst": "u",
                  "f": {
                    "lang": "akk-x-neoass",
                    "form": "x",
                    "pos": "u"
                  }
                },
                {
                  "node": "l",
                  "frag": "x]",
                  "id": "P314171.l06ebf",
                  "ref": "P314171.9.5",
                  "inst": "u",
                  "f": {
                    "lang": "akk-x-neoass",
                    "form": "x",
                    "pos": "u"
                  }
                },
                {
                  "node": "l",
                  "frag": "a",
                  "id": "P314171.l06ec0",
                  "ref": "P314171.9.6",
                  "inst": "u",
                  "f": {
                    "lang": "akk-x-neoass",
                    "form": "a",
                    "pos": "u"
                  }
                },
                {
                  "node": "l",
                  "frag": "[x]",
                  "id": "P314171.l06ec1",
                  "ref": "P314171.9.7",
                  "inst": "u",
                  "f": {
                    "lang": "akk-x-neoass",
                    "form": "x",
                    "pos": "u"
                  }
                },
                {
                  "node": "l",
                  "frag": "30",
                  "id": "P314171.l06ec2",
                  "ref": "P314171.9.8",
                  "inst": "n",
                  "f": {
                    "lang": "akk-x-neoass",
                    "form": "30",
                    "pos": "n"
                  }
                },
                {
                  "node": "l",
                  "frag": "[x",
                  "id": "P314171.l06ec3",
                  "ref": "P314171.9.9",
                  "inst": "u",
                  "f": {
                    "lang": "akk-x-neoass",
                    "form": "x",
                    "pos": "u"
                  }
                },
                {
                  "node": "l",
                  "frag": "x",
                  "id": "P314171.l06ec4",
                  "ref": "P314171.9.10",
                  "inst": "u",
                  "f": {
                    "lang": "akk-x-neoass",
                    "form": "x",
                    "pos": "u"
                  }
                },
                {
                  "node": "l",
                  "frag": "x",
                  "id": "P314171.l06ec5",
                  "ref": "P314171.9.11",
                  "inst": "u",
                  "f": {
                    "lang": "akk-x-neoass",
                    "form": "x",
                    "pos": "u"
                  }
                },
                {
                  "node": "l",
                  "frag": "x",
                  "id": "P314171.l06ec6",
                  "ref": "P314171.9.12",
                  "inst": "u",
                  "f": {
                    "lang": "akk-x-neoass",
                    "form": "x",
                    "pos": "u"
                  }
                },
                {
                  "node": "l",
                  "frag": "x",
                  "id": "P314171.l06ec7",
                  "ref": "P314171.9.13",
                  "inst": "u",
                  "f": {
                    "lang": "akk-x-neoass",
                    "form": "x",
                    "pos": "u"
                  }
                },
                {
                  "node": "l",
                  "frag": "x]",
                  "id": "P314171.l06ec8",
                  "ref": "P314171.9.14",
                  "inst": "u",
                  "f": {
                    "lang": "akk-x-neoass",
                    "form": "x",
                    "pos": "u"
                  }
                },
                {
                  "node": "d",
                  "type": "nonx",
                  "ref": "P314171.10",
                  "strict": "0",
                  "extent": "rest",
                  "state": "missing"
                },
                {
                  "node": "d",
                  "subtype": "reverse",
                  "type": "reverse",
                  "ref": "P314171.r.11",
                  "label": "r"
                },
                {
                  "node": "d",
                  "type": "nonx",
                  "ref": "P314171.12",
                  "strict": "0",
                  "state": "other"
                }
              ]
            }
          ]
        }
      ]
    },
    {
      "linkbase": [
        {
          "type": "linkset",
          "xlink_title": "rab tamkāri[chief merchant//chief merchant]N'N",
          "id": "P314171.ls00000",
          "xlink_type": "extended",
          "xlink_role": "psu",
          "sig": "{rabû[big one]N tamkāru[merchant]N += rab tamkāri[chief merchant//chief merchant]N'N}::@saao%akk-x-neoass:{LU₂}GAL-DAM.QAR-MEŠ=rabû[big one//big one]N'N$rab++@saao%akk-x-neoass:{LU₂}GAL-DAM.QAR-MEŠ=tamkāru[merchant//merchant]N'N$tankarāni",
          "links": [
            {
              "type": "link",
              "xlink_title": "rabû",
              "xlink_type": "locator",
              "xlink_href": "#P314171.l06e97",
              "xlink_role": "elt"
            },
            {
              "type": "link",
              "xlink_title": "tamkāru",
              "xlink_type": "locator",
              "xlink_href": "#P314171.l06e98",
              "xlink_role": "elt"
            }
          ]
        }
      ]
    }
  ]
}
