{
  "type": "cdl",
  "source": "http://oracc.org/saao/saa15",
  "license": "This data is released under the CC0 license",
  "license-url": "https://creativecommons.org/publicdomain/zero/1.0/",
  "more-info": "http://oracc.org/doc/opendata/",
  "UTC-timestamp": "2017-06-10T00:56:01",
  "project": "saao/saa15",
  "textid": "P314095",
  "cdl": [
    {
      "node": "c",
      "type": "text",
      "id": "P314095.U0",
      "cdl": [
        {
          "node": "d",
          "type": "object",
          "ref": ""
        },
        {
          "node": "d",
          "subtype": "obverse",
          "type": "obverse",
          "ref": "P314095.o.1",
          "label": "o"
        },
        {
          "node": "d",
          "type": "nonx",
          "ref": "P314095.2",
          "strict": "0",
          "extent": "beginning",
          "state": "missing"
        },
        {
          "node": "c",
          "type": "discourse",
          "subtype": "body",
          "id": "P314095.U1",
          "cdl": [
            {
              "node": "c",
              "type": "sentence",
              "id": "P314095.U2",
              "label": "o 1' - o 7'",
              "cdl": [
                {
                  "node": "d",
                  "type": "line-start",
                  "ref": "P314095.3",
                  "n": "1'",
                  "label": "o 1'"
                },
                {
                  "node": "l",
                  "frag": "[x",
                  "id": "P314095.l07d85",
                  "ref": "P314095.3.1",
                  "inst": "u",
                  "f": {
                    "lang": "akk-x-neoass",
                    "form": "x",
                    "pos": "u"
                  }
                },
                {
                  "node": "l",
                  "frag": "x",
                  "id": "P314095.l07d86",
                  "ref": "P314095.3.2",
                  "inst": "u",
                  "f": {
                    "lang": "akk-x-neoass",
                    "form": "x",
                    "pos": "u"
                  }
                },
                {
                  "node": "l",
                  "frag": "x]",
                  "id": "P314095.l07d87",
                  "ref": "P314095.3.3",
                  "inst": "u",
                  "f": {
                    "lang": "akk-x-neoass",
                    "form": "x",
                    "pos": "u"
                  }
                },
                {
                  "node": "l",
                  "frag": "⸢ta⸣-as\\td-[x",
                  "id": "P314095.l07d88",
                  "ref": "P314095.3.4",
                  "inst": "u",
                  "f": {
                    "lang": "akk-x-neoass",
                    "form": "ta-as-x",
                    "pos": "u"
                  }
                },
                {
                  "node": "l",
                  "frag": "x",
                  "id": "P314095.l07d89",
                  "ref": "P314095.3.5",
                  "inst": "u",
                  "f": {
                    "lang": "akk-x-neoass",
                    "form": "x",
                    "pos": "u"
                  }
                },
                {
                  "node": "l",
                  "frag": "x]",
                  "id": "P314095.l07d8a",
                  "ref": "P314095.3.6",
                  "inst": "u",
                  "f": {
                    "lang": "akk-x-neoass",
                    "form": "x",
                    "pos": "u"
                  }
                },
                {
                  "node": "d",
                  "type": "line-start",
                  "ref": "P314095.4",
                  "n": "2'",
                  "label": "o 2'"
                },
                {
                  "node": "l",
                  "frag": "[x",
                  "id": "P314095.l07d8b",
                  "ref": "P314095.4.1",
                  "inst": "u",
                  "f": {
                    "lang": "akk-x-neoass",
                    "form": "x",
                    "pos": "u"
                  }
                },
                {
                  "node": "l",
                  "frag": "x",
                  "id": "P314095.l07d8c",
                  "ref": "P314095.4.2",
                  "inst": "u",
                  "f": {
                    "lang": "akk-x-neoass",
                    "form": "x",
                    "pos": "u"
                  }
                },
                {
                  "node": "l",
                  "frag": "x]",
                  "id": "P314095.l07d8d",
                  "ref": "P314095.4.3",
                  "inst": "u",
                  "f": {
                    "lang": "akk-x-neoass",
                    "form": "x",
                    "pos": "u"
                  }
                },
                {
                  "node": "l",
                  "frag": "me",
                  "id": "P314095.l07d8e",
                  "ref": "P314095.4.4",
                  "inst": "u",
                  "f": {
                    "lang": "akk-x-neoass",
                    "form": "me",
                    "pos": "u"
                  }
                },
                {
                  "node": "l",
                  "frag": "{še}⸢PAD⸣-[MEŠ",
                  "id": "P314095.l07d8f",
                  "ref": "P314095.4.5",
                  "inst": "kurummāti[barley (ration)]N",
                  "sig": "@saao/saa15%akk-x-neoass:{ŠE}PAD-MEŠ=kurummatu[ration//barley (ration)]N'N$kurummāti",
                  "f": {
                    "lang": "akk-x-neoass",
                    "form": "{ŠE}PAD-MEŠ",
                    "cf": "kurummatu",
                    "gw": "ration",
                    "sense": "barley (ration)",
                    "norm": "kurummāti",
                    "pos": "N",
                    "epos": "N"
                  }
                },
                {
                  "node": "l",
                  "frag": "x",
                  "id": "P314095.l07d90",
                  "ref": "P314095.4.6",
                  "inst": "u",
                  "f": {
                    "lang": "akk-x-neoass",
                    "form": "x",
                    "pos": "u"
                  }
                },
                {
                  "node": "l",
                  "frag": "x",
                  "id": "P314095.l07d91",
                  "ref": "P314095.4.7",
                  "inst": "u",
                  "f": {
                    "lang": "akk-x-neoass",
                    "form": "x",
                    "pos": "u"
                  }
                },
                {
                  "node": "l",
                  "frag": "x]",
                  "id": "P314095.l07d92",
                  "ref": "P314095.4.8",
                  "inst": "u",
                  "f": {
                    "lang": "akk-x-neoass",
                    "form": "x",
                    "pos": "u"
                  }
                },
                {
                  "node": "d",
                  "type": "line-start",
                  "ref": "P314095.5",
                  "n": "3'",
                  "label": "o 3'"
                },
                {
                  "node": "l",
                  "frag": "[x",
                  "id": "P314095.l07d93",
                  "ref": "P314095.5.1",
                  "inst": "u",
                  "f": {
                    "lang": "akk-x-neoass",
                    "form": "x",
                    "pos": "u"
                  }
                },
                {
                  "node": "l",
                  "frag": "x",
                  "id": "P314095.l07d94",
                  "ref": "P314095.5.2",
                  "inst": "u",
                  "f": {
                    "lang": "akk-x-neoass",
                    "form": "x",
                    "pos": "u"
                  }
                },
                {
                  "node": "l",
                  "frag": "x]",
                  "id": "P314095.l07d95",
                  "ref": "P314095.5.3",
                  "inst": "u",
                  "f": {
                    "lang": "akk-x-neoass",
                    "form": "x",
                    "pos": "u"
                  }
                },
                {
                  "node": "l",
                  "frag": "a-na",
                  "id": "P314095.l07d96",
                  "ref": "P314095.5.4",
                  "inst": "ana[to]PRP",
                  "sig": "@saao/saa15%akk-x-neoass:a-na=ana[to//to]PRP'PRP$ana",
                  "f": {
                    "lang": "akk-x-neoass",
                    "form": "a-na",
                    "cf": "ana",
                    "gw": "to",
                    "sense": "to",
                    "norm": "ana",
                    "pos": "PRP",
                    "epos": "PRP"
                  }
                },
                {
                  "node": "l",
                  "frag": "{uru}[x",
                  "id": "P314095.l07d97",
                  "ref": "P314095.5.5",
                  "inst": "u",
                  "f": {
                    "lang": "akk-x-neoass",
                    "form": "{URU}x",
                    "pos": "u"
                  }
                },
                {
                  "node": "l",
                  "frag": "x",
                  "id": "P314095.l07d98",
                  "ref": "P314095.5.6",
                  "inst": "u",
                  "f": {
                    "lang": "akk-x-neoass",
                    "form": "x",
                    "pos": "u"
                  }
                },
                {
                  "node": "l",
                  "frag": "x",
                  "id": "P314095.l07d99",
                  "ref": "P314095.5.7",
                  "inst": "u",
                  "f": {
                    "lang": "akk-x-neoass",
                    "form": "x",
                    "pos": "u"
                  }
                },
                {
                  "node": "l",
                  "frag": "x]",
                  "id": "P314095.l07d9a",
                  "ref": "P314095.5.8",
                  "inst": "u",
                  "f": {
                    "lang": "akk-x-neoass",
                    "form": "x",
                    "pos": "u"
                  }
                },
                {
                  "node": "d",
                  "type": "line-start",
                  "ref": "P314095.6",
                  "n": "4'",
                  "label": "o 4'"
                },
                {
                  "node": "l",
                  "frag": "[x",
                  "id": "P314095.l07d9b",
                  "ref": "P314095.6.1",
                  "inst": "u",
                  "f": {
                    "lang": "akk-x-neoass",
                    "form": "x",
                    "pos": "u"
                  }
                },
                {
                  "node": "l",
                  "frag": "x",
                  "id": "P314095.l07d9c",
                  "ref": "P314095.6.2",
                  "inst": "u",
                  "f": {
                    "lang": "akk-x-neoass",
                    "form": "x",
                    "pos": "u"
                  }
                },
                {
                  "node": "l",
                  "frag": "x]-tu-⸢hu⸣",
                  "id": "P314095.l07d9d",
                  "ref": "P314095.6.3",
                  "inst": "u",
                  "f": {
                    "lang": "akk-x-neoass",
                    "form": "x-tu-hu",
                    "pos": "u"
                  }
                },
                {
                  "node": "l",
                  "frag": "[x",
                  "id": "P314095.l07d9e",
                  "ref": "P314095.6.4",
                  "inst": "u",
                  "f": {
                    "lang": "akk-x-neoass",
                    "form": "x",
                    "pos": "u"
                  }
                },
                {
                  "node": "l",
                  "frag": "x",
                  "id": "P314095.l07d9f",
                  "ref": "P314095.6.5",
                  "inst": "u",
                  "f": {
                    "lang": "akk-x-neoass",
                    "form": "x",
                    "pos": "u"
                  }
                },
                {
                  "node": "l",
                  "frag": "x",
                  "id": "P314095.l07da0",
                  "ref": "P314095.6.6",
                  "inst": "u",
                  "f": {
                    "lang": "akk-x-neoass",
                    "form": "x",
                    "pos": "u"
                  }
                },
                {
                  "node": "l",
                  "frag": "x]",
                  "id": "P314095.l07da1",
                  "ref": "P314095.6.7",
                  "inst": "u",
                  "f": {
                    "lang": "akk-x-neoass",
                    "form": "x",
                    "pos": "u"
                  }
                },
                {
                  "node": "d",
                  "type": "line-start",
                  "ref": "P314095.7",
                  "n": "5'",
                  "label": "o 5'"
                },
                {
                  "node": "l",
                  "frag": "[x",
                  "id": "P314095.l07da2",
                  "ref": "P314095.7.1",
                  "inst": "u",
                  "f": {
                    "lang": "akk-x-neoass",
                    "form": "x",
                    "pos": "u"
                  }
                },
                {
                  "node": "l",
                  "frag": "x",
                  "id": "P314095.l07da3",
                  "ref": "P314095.7.2",
                  "inst": "u",
                  "f": {
                    "lang": "akk-x-neoass",
                    "form": "x",
                    "pos": "u"
                  }
                },
                {
                  "node": "l",
                  "frag": "x]+⸢x⸣",
                  "id": "P314095.l07da4",
                  "ref": "P314095.7.3",
                  "inst": "u",
                  "f": {
                    "lang": "akk-x-neoass",
                    "form": "x+x",
                    "pos": "u"
                  }
                },
                {
                  "node": "l",
                  "frag": "a-na",
                  "id": "P314095.l07da5",
                  "ref": "P314095.7.4",
                  "inst": "ana[to]PRP",
                  "sig": "@saao/saa15%akk-x-neoass:a-na=ana[to//to]PRP'PRP$ana",
                  "f": {
                    "lang": "akk-x-neoass",
                    "form": "a-na",
                    "cf": "ana",
                    "gw": "to",
                    "sense": "to",
                    "norm": "ana",
                    "pos": "PRP",
                    "epos": "PRP"
                  }
                },
                {
                  "node": "l",
                  "frag": "[x",
                  "id": "P314095.l07da6",
                  "ref": "P314095.7.5",
                  "inst": "u",
                  "f": {
                    "lang": "akk-x-neoass",
                    "form": "x",
                    "pos": "u"
                  }
                },
                {
                  "node": "l",
                  "frag": "x",
                  "id": "P314095.l07da7",
                  "ref": "P314095.7.6",
                  "inst": "u",
                  "f": {
                    "lang": "akk-x-neoass",
                    "form": "x",
                    "pos": "u"
                  }
                },
                {
                  "node": "l",
                  "frag": "x",
                  "id": "P314095.l07da8",
                  "ref": "P314095.7.7",
                  "inst": "u",
                  "f": {
                    "lang": "akk-x-neoass",
                    "form": "x",
                    "pos": "u"
                  }
                },
                {
                  "node": "l",
                  "frag": "x",
                  "id": "P314095.l07da9",
                  "ref": "P314095.7.8",
                  "inst": "u",
                  "f": {
                    "lang": "akk-x-neoass",
                    "form": "x",
                    "pos": "u"
                  }
                },
                {
                  "node": "l",
                  "frag": "x]",
                  "id": "P314095.l07daa",
                  "ref": "P314095.7.9",
                  "inst": "u",
                  "f": {
                    "lang": "akk-x-neoass",
                    "form": "x",
                    "pos": "u"
                  }
                },
                {
                  "node": "d",
                  "type": "line-start",
                  "ref": "P314095.8",
                  "n": "6'",
                  "label": "o 6'"
                },
                {
                  "node": "l",
                  "frag": "[x",
                  "id": "P314095.l07dab",
                  "ref": "P314095.8.1",
                  "inst": "u",
                  "f": {
                    "lang": "akk-x-neoass",
                    "form": "x",
                    "pos": "u"
                  }
                },
                {
                  "node": "l",
                  "frag": "x",
                  "id": "P314095.l07dac",
                  "ref": "P314095.8.2",
                  "inst": "u",
                  "f": {
                    "lang": "akk-x-neoass",
                    "form": "x",
                    "pos": "u"
                  }
                },
                {
                  "node": "l",
                  "frag": "x]",
                  "id": "P314095.l07dad",
                  "ref": "P314095.8.3",
                  "inst": "u",
                  "f": {
                    "lang": "akk-x-neoass",
                    "form": "x",
                    "pos": "u"
                  }
                },
                {
                  "node": "l",
                  "frag": "GUD-MEŠ\\m-šu₂-[nu",
                  "id": "P314095.l07dae",
                  "ref": "P314095.8.4",
                  "inst": "alpānišunu[ox]N",
                  "sig": "@saao/saa15%akk-x-neoass:GUD-MEŠ-šu₂-nu=alpu[ox//ox]N'N$alpānišunu",
                  "f": {
                    "lang": "akk-x-neoass",
                    "form": "GUD-MEŠ-šu₂-nu",
                    "cf": "alpu",
                    "gw": "ox",
                    "sense": "ox",
                    "norm": "alpānišunu",
                    "pos": "N",
                    "epos": "N"
                  }
                },
                {
                  "node": "l",
                  "frag": "x",
                  "id": "P314095.l07daf",
                  "ref": "P314095.8.5",
                  "inst": "u",
                  "f": {
                    "lang": "akk-x-neoass",
                    "form": "x",
                    "pos": "u"
                  }
                },
                {
                  "node": "l",
                  "frag": "x",
                  "id": "P314095.l07db0",
                  "ref": "P314095.8.6",
                  "inst": "u",
                  "f": {
                    "lang": "akk-x-neoass",
                    "form": "x",
                    "pos": "u"
                  }
                },
                {
                  "node": "l",
                  "frag": "x]",
                  "id": "P314095.l07db1",
                  "ref": "P314095.8.7",
                  "inst": "u",
                  "f": {
                    "lang": "akk-x-neoass",
                    "form": "x",
                    "pos": "u"
                  }
                },
                {
                  "node": "d",
                  "type": "line-start",
                  "ref": "P314095.9",
                  "n": "7'",
                  "label": "o 7'"
                },
                {
                  "node": "l",
                  "frag": "[x",
                  "id": "P314095.l07db2",
                  "ref": "P314095.9.1",
                  "inst": "u",
                  "f": {
                    "lang": "akk-x-neoass",
                    "form": "x",
                    "pos": "u"
                  }
                },
                {
                  "node": "l",
                  "frag": "x",
                  "id": "P314095.l07db3",
                  "ref": "P314095.9.2",
                  "inst": "u",
                  "f": {
                    "lang": "akk-x-neoass",
                    "form": "x",
                    "pos": "u"
                  }
                },
                {
                  "node": "l",
                  "frag": "x]",
                  "id": "P314095.l07db4",
                  "ref": "P314095.9.3",
                  "inst": "u",
                  "f": {
                    "lang": "akk-x-neoass",
                    "form": "x",
                    "pos": "u"
                  }
                },
                {
                  "node": "l",
                  "frag": "[x",
                  "id": "P314095.l07db5",
                  "ref": "P314095.9.5",
                  "inst": "u",
                  "f": {
                    "lang": "akk-x-neoass",
                    "form": "x",
                    "pos": "u"
                  }
                },
                {
                  "node": "l",
                  "frag": "x",
                  "id": "P314095.l07db6",
                  "ref": "P314095.9.6",
                  "inst": "u",
                  "f": {
                    "lang": "akk-x-neoass",
                    "form": "x",
                    "pos": "u"
                  }
                },
                {
                  "node": "l",
                  "frag": "x",
                  "id": "P314095.l07db7",
                  "ref": "P314095.9.7",
                  "inst": "u",
                  "f": {
                    "lang": "akk-x-neoass",
                    "form": "x",
                    "pos": "u"
                  }
                },
                {
                  "node": "l",
                  "frag": "x",
                  "id": "P314095.l07db8",
                  "ref": "P314095.9.8",
                  "inst": "u",
                  "f": {
                    "lang": "akk-x-neoass",
                    "form": "x",
                    "pos": "u"
                  }
                },
                {
                  "node": "l",
                  "frag": "x]",
                  "id": "P314095.l07db9",
                  "ref": "P314095.9.9",
                  "inst": "u",
                  "f": {
                    "lang": "akk-x-neoass",
                    "form": "x",
                    "pos": "u"
                  }
                },
                {
                  "node": "d",
                  "type": "nonx",
                  "ref": "P314095.10",
                  "strict": "0",
                  "extent": "rest",
                  "state": "missing"
                },
                {
                  "node": "d",
                  "subtype": "reverse",
                  "type": "reverse",
                  "ref": "P314095.r.11",
                  "label": "r"
                },
                {
                  "node": "d",
                  "type": "nonx",
                  "ref": "P314095.12",
                  "strict": "0",
                  "state": "other"
                }
              ]
            }
          ]
        }
      ]
    }
  ]
}
