{
  "type": "cdl",
  "source": "http://oracc.org/saao/saa15",
  "license": "This data is released under the CC0 license",
  "license-url": "https://creativecommons.org/publicdomain/zero/1.0/",
  "more-info": "http://oracc.org/doc/opendata/",
  "UTC-timestamp": "2017-06-10T00:55:30",
  "project": "saao/saa15",
  "textid": "P314251",
  "cdl": [
    {
      "node": "c",
      "type": "text",
      "id": "P314251.U0",
      "cdl": [
        {
          "node": "d",
          "type": "object",
          "ref": ""
        },
        {
          "node": "d",
          "subtype": "obverse",
          "type": "obverse",
          "ref": "P314251.o.1",
          "label": "o"
        },
        {
          "node": "d",
          "type": "nonx",
          "ref": "P314251.2",
          "strict": "0",
          "extent": "beginning",
          "state": "missing"
        },
        {
          "node": "c",
          "type": "discourse",
          "subtype": "body",
          "id": "P314251.U1",
          "cdl": [
            {
              "node": "c",
              "type": "sentence",
              "id": "P314251.U2",
              "label": "o 1' - r 11'",
              "cdl": [
                {
                  "node": "d",
                  "type": "line-start",
                  "ref": "P314251.3",
                  "n": "1'",
                  "label": "o 1'"
                },
                {
                  "node": "l",
                  "frag": "[x",
                  "id": "P314251.l06bc9",
                  "ref": "P314251.3.1",
                  "inst": "u",
                  "f": {
                    "lang": "akk-x-neoass",
                    "form": "x",
                    "pos": "u"
                  }
                },
                {
                  "node": "l",
                  "frag": "x",
                  "id": "P314251.l06bca",
                  "ref": "P314251.3.2",
                  "inst": "u",
                  "f": {
                    "lang": "akk-x-neoass",
                    "form": "x",
                    "pos": "u"
                  }
                },
                {
                  "node": "l",
                  "frag": "x",
                  "id": "P314251.l06bcb",
                  "ref": "P314251.3.3",
                  "inst": "u",
                  "f": {
                    "lang": "akk-x-neoass",
                    "form": "x",
                    "pos": "u"
                  }
                },
                {
                  "node": "l",
                  "frag": "x",
                  "id": "P314251.l06bcc",
                  "ref": "P314251.3.4",
                  "inst": "u",
                  "f": {
                    "lang": "akk-x-neoass",
                    "form": "x",
                    "pos": "u"
                  }
                },
                {
                  "node": "l",
                  "frag": "x",
                  "id": "P314251.l06bcd",
                  "ref": "P314251.3.5",
                  "inst": "u",
                  "f": {
                    "lang": "akk-x-neoass",
                    "form": "x",
                    "pos": "u"
                  }
                },
                {
                  "node": "l",
                  "frag": "x]",
                  "id": "P314251.l06bce",
                  "ref": "P314251.3.6",
                  "inst": "u",
                  "f": {
                    "lang": "akk-x-neoass",
                    "form": "x",
                    "pos": "u"
                  }
                },
                {
                  "node": "l",
                  "frag": "⸢x",
                  "id": "P314251.l06bcf",
                  "ref": "P314251.3.7",
                  "inst": "u",
                  "f": {
                    "lang": "akk-x-neoass",
                    "form": "x",
                    "pos": "u"
                  }
                },
                {
                  "node": "l",
                  "frag": "x",
                  "id": "P314251.l06bd0",
                  "ref": "P314251.3.8",
                  "inst": "u",
                  "f": {
                    "lang": "akk-x-neoass",
                    "form": "x",
                    "pos": "u"
                  }
                },
                {
                  "node": "l",
                  "frag": "x⸣",
                  "id": "P314251.l06bd1",
                  "ref": "P314251.3.9",
                  "inst": "u",
                  "f": {
                    "lang": "akk-x-neoass",
                    "form": "x",
                    "pos": "u"
                  }
                },
                {
                  "node": "d",
                  "type": "line-start",
                  "ref": "P314251.4",
                  "n": "2'",
                  "label": "o 2'"
                },
                {
                  "node": "l",
                  "frag": "[x",
                  "id": "P314251.l06bd2",
                  "ref": "P314251.4.1",
                  "inst": "u",
                  "f": {
                    "lang": "akk-x-neoass",
                    "form": "x",
                    "pos": "u"
                  }
                },
                {
                  "node": "l",
                  "frag": "x",
                  "id": "P314251.l06bd3",
                  "ref": "P314251.4.2",
                  "inst": "u",
                  "f": {
                    "lang": "akk-x-neoass",
                    "form": "x",
                    "pos": "u"
                  }
                },
                {
                  "node": "l",
                  "frag": "x",
                  "id": "P314251.l06bd4",
                  "ref": "P314251.4.3",
                  "inst": "u",
                  "f": {
                    "lang": "akk-x-neoass",
                    "form": "x",
                    "pos": "u"
                  }
                },
                {
                  "node": "l",
                  "frag": "x",
                  "id": "P314251.l06bd5",
                  "ref": "P314251.4.4",
                  "inst": "u",
                  "f": {
                    "lang": "akk-x-neoass",
                    "form": "x",
                    "pos": "u"
                  }
                },
                {
                  "node": "l",
                  "frag": "x",
                  "id": "P314251.l06bd6",
                  "ref": "P314251.4.5",
                  "inst": "u",
                  "f": {
                    "lang": "akk-x-neoass",
                    "form": "x",
                    "pos": "u"
                  }
                },
                {
                  "node": "l",
                  "frag": "x]-har",
                  "id": "P314251.l06bd7",
                  "ref": "P314251.4.6",
                  "inst": "u",
                  "f": {
                    "lang": "akk-x-neoass",
                    "form": "x-har",
                    "pos": "u"
                  }
                },
                {
                  "node": "l",
                  "frag": "{lu₂v}⸢ERIM⸣-[MEŠ]",
                  "id": "P314251.l06bd8",
                  "ref": "P314251.4.7",
                  "inst": "ṣābāni[troops]N",
                  "sig": "@saao/saa15%akk-x-neoass:{LU₂}ERIM-MEŠ=ṣābu[people//troops]N'N$ṣābāni",
                  "f": {
                    "lang": "akk-x-neoass",
                    "form": "{LU₂}ERIM-MEŠ",
                    "cf": "ṣābu",
                    "gw": "people",
                    "sense": "troops",
                    "norm": "ṣābāni",
                    "pos": "N",
                    "epos": "N"
                  }
                },
                {
                  "node": "d",
                  "type": "line-start",
                  "ref": "P314251.5",
                  "n": "3'",
                  "label": "o 3'"
                },
                {
                  "node": "l",
                  "frag": "[x",
                  "id": "P314251.l06bd9",
                  "ref": "P314251.5.1",
                  "inst": "u",
                  "f": {
                    "lang": "akk-x-neoass",
                    "form": "x",
                    "pos": "u"
                  }
                },
                {
                  "node": "l",
                  "frag": "x",
                  "id": "P314251.l06bda",
                  "ref": "P314251.5.2",
                  "inst": "u",
                  "f": {
                    "lang": "akk-x-neoass",
                    "form": "x",
                    "pos": "u"
                  }
                },
                {
                  "node": "l",
                  "frag": "x",
                  "id": "P314251.l06bdb",
                  "ref": "P314251.5.3",
                  "inst": "u",
                  "f": {
                    "lang": "akk-x-neoass",
                    "form": "x",
                    "pos": "u"
                  }
                },
                {
                  "node": "l",
                  "frag": "x",
                  "id": "P314251.l06bdc",
                  "ref": "P314251.5.4",
                  "inst": "u",
                  "f": {
                    "lang": "akk-x-neoass",
                    "form": "x",
                    "pos": "u"
                  }
                },
                {
                  "node": "l",
                  "frag": "x",
                  "id": "P314251.l06bdd",
                  "ref": "P314251.5.5",
                  "inst": "u",
                  "f": {
                    "lang": "akk-x-neoass",
                    "form": "x",
                    "pos": "u"
                  }
                },
                {
                  "node": "l",
                  "frag": "x]",
                  "id": "P314251.l06bde",
                  "ref": "P314251.5.6",
                  "inst": "u",
                  "f": {
                    "lang": "akk-x-neoass",
                    "form": "x",
                    "pos": "u"
                  }
                },
                {
                  "node": "l",
                  "frag": "ni-is-[x",
                  "id": "P314251.l06bdf",
                  "ref": "P314251.5.7",
                  "inst": "u",
                  "f": {
                    "lang": "akk-x-neoass",
                    "form": "ni-is-x",
                    "pos": "u"
                  }
                },
                {
                  "node": "l",
                  "frag": "x]",
                  "id": "P314251.l06be0",
                  "ref": "P314251.5.8",
                  "inst": "u",
                  "f": {
                    "lang": "akk-x-neoass",
                    "form": "x",
                    "pos": "u"
                  }
                },
                {
                  "node": "d",
                  "type": "line-start",
                  "ref": "P314251.6",
                  "n": "4'",
                  "label": "o 4'"
                },
                {
                  "node": "l",
                  "frag": "[x",
                  "id": "P314251.l06be1",
                  "ref": "P314251.6.1",
                  "inst": "u",
                  "f": {
                    "lang": "akk-x-neoass",
                    "form": "x",
                    "pos": "u"
                  }
                },
                {
                  "node": "l",
                  "frag": "x",
                  "id": "P314251.l06be2",
                  "ref": "P314251.6.2",
                  "inst": "u",
                  "f": {
                    "lang": "akk-x-neoass",
                    "form": "x",
                    "pos": "u"
                  }
                },
                {
                  "node": "l",
                  "frag": "x",
                  "id": "P314251.l06be3",
                  "ref": "P314251.6.3",
                  "inst": "u",
                  "f": {
                    "lang": "akk-x-neoass",
                    "form": "x",
                    "pos": "u"
                  }
                },
                {
                  "node": "l",
                  "frag": "x",
                  "id": "P314251.l06be4",
                  "ref": "P314251.6.4",
                  "inst": "u",
                  "f": {
                    "lang": "akk-x-neoass",
                    "form": "x",
                    "pos": "u"
                  }
                },
                {
                  "node": "l",
                  "frag": "x",
                  "id": "P314251.l06be5",
                  "ref": "P314251.6.5",
                  "inst": "u",
                  "f": {
                    "lang": "akk-x-neoass",
                    "form": "x",
                    "pos": "u"
                  }
                },
                {
                  "node": "l",
                  "frag": "ni]-id-du-[ka]-šu₂",
                  "id": "P314251.l06be6",
                  "ref": "P314251.6.6",
                  "inst": "dâku[kill]V$niddūkaššu",
                  "sig": "@saao/saa15%akk-x-neoass:ni-id-du-ka-šu₂=dâku[kill//kill]V'V$niddūkaššu",
                  "f": {
                    "lang": "akk-x-neoass",
                    "form": "ni-id-du-ka-šu₂",
                    "cf": "dâku",
                    "gw": "kill",
                    "sense": "kill",
                    "norm": "niddūkaššu",
                    "pos": "V",
                    "epos": "V"
                  }
                },
                {
                  "node": "d",
                  "type": "line-start",
                  "ref": "P314251.7",
                  "n": "5'",
                  "label": "o 5'"
                },
                {
                  "node": "l",
                  "frag": "[x",
                  "id": "P314251.l06be7",
                  "ref": "P314251.7.1",
                  "inst": "u",
                  "f": {
                    "lang": "akk-x-neoass",
                    "form": "x",
                    "pos": "u"
                  }
                },
                {
                  "node": "l",
                  "frag": "x",
                  "id": "P314251.l06be8",
                  "ref": "P314251.7.2",
                  "inst": "u",
                  "f": {
                    "lang": "akk-x-neoass",
                    "form": "x",
                    "pos": "u"
                  }
                },
                {
                  "node": "l",
                  "frag": "x",
                  "id": "P314251.l06be9",
                  "ref": "P314251.7.3",
                  "inst": "u",
                  "f": {
                    "lang": "akk-x-neoass",
                    "form": "x",
                    "pos": "u"
                  }
                },
                {
                  "node": "l",
                  "frag": "x",
                  "id": "P314251.l06bea",
                  "ref": "P314251.7.4",
                  "inst": "u",
                  "f": {
                    "lang": "akk-x-neoass",
                    "form": "x",
                    "pos": "u"
                  }
                },
                {
                  "node": "l",
                  "frag": "x]-šu₂-nu",
                  "id": "P314251.l06beb",
                  "ref": "P314251.7.5",
                  "inst": "u",
                  "f": {
                    "lang": "akk-x-neoass",
                    "form": "x-šu₂-nu",
                    "pos": "u"
                  }
                },
                {
                  "node": "l",
                  "frag": "nu-sa-ah-[hi]-ra",
                  "id": "P314251.l06bec",
                  "ref": "P314251.7.6",
                  "inst": "sahāru[go around//return]V$nussahhira",
                  "sig": "@saao/saa15%akk-x-neoass:nu-sa-ah-hi-ra=sahāru[go around//return]V'V$nussahhira",
                  "f": {
                    "lang": "akk-x-neoass",
                    "form": "nu-sa-ah-hi-ra",
                    "cf": "sahāru",
                    "gw": "go around",
                    "sense": "return",
                    "norm": "nussahhira",
                    "pos": "V",
                    "epos": "V"
                  }
                },
                {
                  "node": "d",
                  "type": "line-start",
                  "ref": "P314251.8",
                  "n": "6'",
                  "label": "o 6'"
                },
                {
                  "node": "l",
                  "frag": "[x",
                  "id": "P314251.l06bed",
                  "ref": "P314251.8.1",
                  "inst": "u",
                  "f": {
                    "lang": "akk-x-neoass",
                    "form": "x",
                    "pos": "u"
                  }
                },
                {
                  "node": "l",
                  "frag": "x",
                  "id": "P314251.l06bee",
                  "ref": "P314251.8.2",
                  "inst": "u",
                  "f": {
                    "lang": "akk-x-neoass",
                    "form": "x",
                    "pos": "u"
                  }
                },
                {
                  "node": "l",
                  "frag": "x",
                  "id": "P314251.l06bef",
                  "ref": "P314251.8.3",
                  "inst": "u",
                  "f": {
                    "lang": "akk-x-neoass",
                    "form": "x",
                    "pos": "u"
                  }
                },
                {
                  "node": "l",
                  "frag": "x",
                  "id": "P314251.l06bf0",
                  "ref": "P314251.8.4",
                  "inst": "u",
                  "f": {
                    "lang": "akk-x-neoass",
                    "form": "x",
                    "pos": "u"
                  }
                },
                {
                  "node": "l",
                  "frag": "x]-te-šu₂-nu",
                  "id": "P314251.l06bf1",
                  "ref": "P314251.8.5",
                  "inst": "u",
                  "f": {
                    "lang": "akk-x-neoass",
                    "form": "x-te-šu₂-nu",
                    "pos": "u"
                  }
                },
                {
                  "node": "l",
                  "frag": "a-nu-su\\t-nu",
                  "id": "P314251.l06bf2",
                  "ref": "P314251.8.6",
                  "inst": "anūssunu[utensil]N",
                  "sig": "@saao/saa15%akk-x-neoass:a-nu-su-nu=unūtu[tools//utensil]N'N$anūssunu",
                  "f": {
                    "lang": "akk-x-neoass",
                    "form": "a-nu-su-nu",
                    "cf": "unūtu",
                    "gw": "tools",
                    "sense": "utensil",
                    "norm": "anūssunu",
                    "pos": "N",
                    "epos": "N"
                  }
                },
                {
                  "node": "d",
                  "type": "line-start",
                  "ref": "P314251.9",
                  "n": "7'",
                  "label": "o 7'"
                },
                {
                  "node": "l",
                  "frag": "[x",
                  "id": "P314251.l06bf3",
                  "ref": "P314251.9.1",
                  "inst": "u",
                  "f": {
                    "lang": "akk-x-neoass",
                    "form": "x",
                    "pos": "u"
                  }
                },
                {
                  "node": "l",
                  "frag": "x",
                  "id": "P314251.l06bf4",
                  "ref": "P314251.9.2",
                  "inst": "u",
                  "f": {
                    "lang": "akk-x-neoass",
                    "form": "x",
                    "pos": "u"
                  }
                },
                {
                  "node": "l",
                  "frag": "x",
                  "id": "P314251.l06bf5",
                  "ref": "P314251.9.3",
                  "inst": "u",
                  "f": {
                    "lang": "akk-x-neoass",
                    "form": "x",
                    "pos": "u"
                  }
                },
                {
                  "node": "l",
                  "frag": "x",
                  "id": "P314251.l06bf6",
                  "ref": "P314251.9.4",
                  "inst": "u",
                  "f": {
                    "lang": "akk-x-neoass",
                    "form": "x",
                    "pos": "u"
                  }
                },
                {
                  "node": "l",
                  "frag": "ur]-⸢ta⸣-am-me-u₂",
                  "id": "P314251.l06bf7",
                  "ref": "P314251.9.5",
                  "inst": "ramû[slacken//leave]V$urtammeu",
                  "sig": "@saao/saa15%akk-x-neoass:ur-ta-am-me-u₂=ramû[slacken//leave]V'V$urtammeu",
                  "f": {
                    "lang": "akk-x-neoass",
                    "form": "ur-ta-am-me-u₂",
                    "cf": "ramû",
                    "gw": "slacken",
                    "sense": "leave",
                    "norm": "urtammeu",
                    "pos": "V",
                    "epos": "V"
                  }
                },
                {
                  "node": "d",
                  "type": "line-start",
                  "ref": "P314251.10",
                  "n": "8'",
                  "label": "o 8'"
                },
                {
                  "node": "l",
                  "frag": "[x",
                  "id": "P314251.l06bf8",
                  "ref": "P314251.10.1",
                  "inst": "u",
                  "f": {
                    "lang": "akk-x-neoass",
                    "form": "x",
                    "pos": "u"
                  }
                },
                {
                  "node": "l",
                  "frag": "x",
                  "id": "P314251.l06bf9",
                  "ref": "P314251.10.2",
                  "inst": "u",
                  "f": {
                    "lang": "akk-x-neoass",
                    "form": "x",
                    "pos": "u"
                  }
                },
                {
                  "node": "l",
                  "frag": "x",
                  "id": "P314251.l06bfa",
                  "ref": "P314251.10.3",
                  "inst": "u",
                  "f": {
                    "lang": "akk-x-neoass",
                    "form": "x",
                    "pos": "u"
                  }
                },
                {
                  "node": "l",
                  "frag": "x",
                  "id": "P314251.l06bfb",
                  "ref": "P314251.10.4",
                  "inst": "u",
                  "f": {
                    "lang": "akk-x-neoass",
                    "form": "x",
                    "pos": "u"
                  }
                },
                {
                  "node": "l",
                  "frag": "x",
                  "id": "P314251.l06bfc",
                  "ref": "P314251.10.5",
                  "inst": "u",
                  "f": {
                    "lang": "akk-x-neoass",
                    "form": "x",
                    "pos": "u"
                  }
                },
                {
                  "node": "l",
                  "frag": "x",
                  "id": "P314251.l06bfd",
                  "ref": "P314251.10.6",
                  "inst": "u",
                  "f": {
                    "lang": "akk-x-neoass",
                    "form": "x",
                    "pos": "u"
                  }
                },
                {
                  "node": "l",
                  "frag": "x]-⸢ni",
                  "id": "P314251.l06bfe",
                  "ref": "P314251.10.7",
                  "inst": "u",
                  "f": {
                    "lang": "akk-x-neoass",
                    "form": "x-ni",
                    "pos": "u"
                  }
                },
                {
                  "node": "l",
                  "frag": "ša⸣",
                  "id": "P314251.l06bff",
                  "ref": "P314251.10.8",
                  "inst": "ša[of]DET",
                  "sig": "@saao/saa15%akk-x-neoass:ša=ša[of//of]DET'DET$ša",
                  "f": {
                    "lang": "akk-x-neoass",
                    "form": "ša",
                    "cf": "ša",
                    "gw": "of",
                    "sense": "of",
                    "norm": "ša",
                    "pos": "DET",
                    "epos": "DET"
                  }
                },
                {
                  "node": "l",
                  "frag": "{uru}qir-bi-ti\\t",
                  "id": "P314251.l06c00",
                  "ref": "P314251.10.9",
                  "inst": "Qirbit[]GN$Qirbiti",
                  "sig": "@saao/saa15%akk-x-neoass:{URU}qir-bi-ti=Qirbit[1//1]GN'GN$Qirbiti",
                  "f": {
                    "lang": "akk-x-neoass",
                    "form": "{URU}qir-bi-ti",
                    "cf": "Qirbit",
                    "gw": "1",
                    "sense": "1",
                    "norm": "Qirbiti",
                    "pos": "GN",
                    "epos": "GN"
                  }
                },
                {
                  "node": "d",
                  "type": "line-start",
                  "ref": "P314251.11",
                  "n": "9'",
                  "label": "o 9'"
                },
                {
                  "node": "l",
                  "frag": "[x",
                  "id": "P314251.l06c01",
                  "ref": "P314251.11.1",
                  "inst": "u",
                  "f": {
                    "lang": "akk-x-neoass",
                    "form": "x",
                    "pos": "u"
                  }
                },
                {
                  "node": "l",
                  "frag": "x",
                  "id": "P314251.l06c02",
                  "ref": "P314251.11.2",
                  "inst": "u",
                  "f": {
                    "lang": "akk-x-neoass",
                    "form": "x",
                    "pos": "u"
                  }
                },
                {
                  "node": "l",
                  "frag": "x",
                  "id": "P314251.l06c03",
                  "ref": "P314251.11.3",
                  "inst": "u",
                  "f": {
                    "lang": "akk-x-neoass",
                    "form": "x",
                    "pos": "u"
                  }
                },
                {
                  "node": "l",
                  "frag": "x",
                  "id": "P314251.l06c04",
                  "ref": "P314251.11.4",
                  "inst": "u",
                  "f": {
                    "lang": "akk-x-neoass",
                    "form": "x",
                    "pos": "u"
                  }
                },
                {
                  "node": "l",
                  "frag": "x",
                  "id": "P314251.l06c05",
                  "ref": "P314251.11.5",
                  "inst": "u",
                  "f": {
                    "lang": "akk-x-neoass",
                    "form": "x",
                    "pos": "u"
                  }
                },
                {
                  "node": "l",
                  "frag": "x",
                  "id": "P314251.l06c06",
                  "ref": "P314251.11.6",
                  "inst": "u",
                  "f": {
                    "lang": "akk-x-neoass",
                    "form": "x",
                    "pos": "u"
                  }
                },
                {
                  "node": "l",
                  "frag": "x",
                  "id": "P314251.l06c07",
                  "ref": "P314251.11.7",
                  "inst": "u",
                  "f": {
                    "lang": "akk-x-neoass",
                    "form": "x",
                    "pos": "u"
                  }
                },
                {
                  "node": "l",
                  "frag": "x",
                  "id": "P314251.l06c08",
                  "ref": "P314251.11.8",
                  "inst": "u",
                  "f": {
                    "lang": "akk-x-neoass",
                    "form": "x",
                    "pos": "u"
                  }
                },
                {
                  "node": "l",
                  "frag": "x]+⸢x⸣",
                  "id": "P314251.l06c09",
                  "ref": "P314251.11.9",
                  "inst": "u",
                  "f": {
                    "lang": "akk-x-neoass",
                    "form": "x+x",
                    "pos": "u"
                  }
                },
                {
                  "node": "d",
                  "type": "nonx",
                  "ref": "P314251.12",
                  "strict": "0",
                  "extent": "rest",
                  "state": "missing"
                },
                {
                  "node": "d",
                  "subtype": "reverse",
                  "type": "reverse",
                  "ref": "P314251.r.13",
                  "label": "r"
                },
                {
                  "node": "d",
                  "type": "nonx",
                  "ref": "P314251.14",
                  "strict": "0",
                  "extent": "beginning",
                  "state": "missing"
                },
                {
                  "node": "d",
                  "type": "line-start",
                  "ref": "P314251.15",
                  "n": "1'",
                  "label": "r 1'"
                },
                {
                  "node": "l",
                  "frag": "[x",
                  "id": "P314251.l06c0a",
                  "ref": "P314251.15.1",
                  "inst": "u",
                  "f": {
                    "lang": "akk-x-neoass",
                    "form": "x",
                    "pos": "u"
                  }
                },
                {
                  "node": "l",
                  "frag": "x",
                  "id": "P314251.l06c0b",
                  "ref": "P314251.15.2",
                  "inst": "u",
                  "f": {
                    "lang": "akk-x-neoass",
                    "form": "x",
                    "pos": "u"
                  }
                },
                {
                  "node": "l",
                  "frag": "x",
                  "id": "P314251.l06c0c",
                  "ref": "P314251.15.3",
                  "inst": "u",
                  "f": {
                    "lang": "akk-x-neoass",
                    "form": "x",
                    "pos": "u"
                  }
                },
                {
                  "node": "l",
                  "frag": "x",
                  "id": "P314251.l06c0d",
                  "ref": "P314251.15.4",
                  "inst": "u",
                  "f": {
                    "lang": "akk-x-neoass",
                    "form": "x",
                    "pos": "u"
                  }
                },
                {
                  "node": "l",
                  "frag": "x",
                  "id": "P314251.l06c0e",
                  "ref": "P314251.15.5",
                  "inst": "u",
                  "f": {
                    "lang": "akk-x-neoass",
                    "form": "x",
                    "pos": "u"
                  }
                },
                {
                  "node": "l",
                  "frag": "x]",
                  "id": "P314251.l06c0f",
                  "ref": "P314251.15.6",
                  "inst": "u",
                  "f": {
                    "lang": "akk-x-neoass",
                    "form": "x",
                    "pos": "u"
                  }
                },
                {
                  "node": "l",
                  "frag": "ina",
                  "id": "P314251.l06c10",
                  "ref": "P314251.15.7",
                  "inst": "ina[in]PRP",
                  "sig": "@saao/saa15%akk-x-neoass:ina=ina[in//in]PRP'PRP$ina",
                  "f": {
                    "lang": "akk-x-neoass",
                    "form": "ina",
                    "cf": "ina",
                    "gw": "in",
                    "sense": "in",
                    "norm": "ina",
                    "pos": "PRP",
                    "epos": "PRP"
                  }
                },
                {
                  "node": "l",
                  "frag": "[x",
                  "id": "P314251.l06c11",
                  "ref": "P314251.15.8",
                  "inst": "u",
                  "f": {
                    "lang": "akk-x-neoass",
                    "form": "x",
                    "pos": "u"
                  }
                },
                {
                  "node": "l",
                  "frag": "x",
                  "id": "P314251.l06c12",
                  "ref": "P314251.15.9",
                  "inst": "u",
                  "f": {
                    "lang": "akk-x-neoass",
                    "form": "x",
                    "pos": "u"
                  }
                },
                {
                  "node": "l",
                  "frag": "x",
                  "id": "P314251.l06c13",
                  "ref": "P314251.15.10",
                  "inst": "u",
                  "f": {
                    "lang": "akk-x-neoass",
                    "form": "x",
                    "pos": "u"
                  }
                },
                {
                  "node": "l",
                  "frag": "x]",
                  "id": "P314251.l06c14",
                  "ref": "P314251.15.11",
                  "inst": "u",
                  "f": {
                    "lang": "akk-x-neoass",
                    "form": "x",
                    "pos": "u"
                  }
                },
                {
                  "node": "d",
                  "type": "line-start",
                  "ref": "P314251.16",
                  "n": "2'",
                  "label": "r 2'"
                },
                {
                  "node": "l",
                  "frag": "[x",
                  "id": "P314251.l06c15",
                  "ref": "P314251.16.1",
                  "inst": "u",
                  "f": {
                    "lang": "akk-x-neoass",
                    "form": "x",
                    "pos": "u"
                  }
                },
                {
                  "node": "l",
                  "frag": "x",
                  "id": "P314251.l06c16",
                  "ref": "P314251.16.2",
                  "inst": "u",
                  "f": {
                    "lang": "akk-x-neoass",
                    "form": "x",
                    "pos": "u"
                  }
                },
                {
                  "node": "l",
                  "frag": "x",
                  "id": "P314251.l06c17",
                  "ref": "P314251.16.3",
                  "inst": "u",
                  "f": {
                    "lang": "akk-x-neoass",
                    "form": "x",
                    "pos": "u"
                  }
                },
                {
                  "node": "l",
                  "frag": "x",
                  "id": "P314251.l06c18",
                  "ref": "P314251.16.4",
                  "inst": "u",
                  "f": {
                    "lang": "akk-x-neoass",
                    "form": "x",
                    "pos": "u"
                  }
                },
                {
                  "node": "l",
                  "frag": "x]",
                  "id": "P314251.l06c19",
                  "ref": "P314251.16.5",
                  "inst": "u",
                  "f": {
                    "lang": "akk-x-neoass",
                    "form": "x",
                    "pos": "u"
                  }
                },
                {
                  "node": "l",
                  "frag": "06",
                  "id": "P314251.l06c1a",
                  "ref": "P314251.16.6",
                  "inst": "n",
                  "f": {
                    "lang": "akk-x-neoass",
                    "form": "06",
                    "pos": "n"
                  }
                },
                {
                  "node": "l",
                  "frag": "{lu₂v}ša₂-⸢pet⸣-[hal-a-te]",
                  "id": "P314251.l06c1b",
                  "ref": "P314251.16.7",
                  "inst": "ša-pēthallāte[cavalry]N",
                  "sig": "@saao/saa15%akk-x-neoass:{LU₂}ša₂-pet-hal-a-te=ša-pēthalli[rider//cavalry]N'N$ša-pēthallāte",
                  "f": {
                    "lang": "akk-x-neoass",
                    "form": "{LU₂}ša₂-pet-hal-a-te",
                    "cf": "ša-pēthalli",
                    "gw": "rider",
                    "sense": "cavalry",
                    "norm": "ša-pēthallāte",
                    "pos": "N",
                    "epos": "N"
                  }
                },
                {
                  "node": "d",
                  "type": "line-start",
                  "ref": "P314251.17",
                  "n": "3'",
                  "label": "r 3'"
                },
                {
                  "node": "l",
                  "frag": "[x",
                  "id": "P314251.l06c1c",
                  "ref": "P314251.17.1",
                  "inst": "u",
                  "f": {
                    "lang": "akk-x-neoass",
                    "form": "x",
                    "pos": "u"
                  }
                },
                {
                  "node": "l",
                  "frag": "x",
                  "id": "P314251.l06c1d",
                  "ref": "P314251.17.2",
                  "inst": "u",
                  "f": {
                    "lang": "akk-x-neoass",
                    "form": "x",
                    "pos": "u"
                  }
                },
                {
                  "node": "l",
                  "frag": "x",
                  "id": "P314251.l06c1e",
                  "ref": "P314251.17.3",
                  "inst": "u",
                  "f": {
                    "lang": "akk-x-neoass",
                    "form": "x",
                    "pos": "u"
                  }
                },
                {
                  "node": "l",
                  "frag": "x",
                  "id": "P314251.l06c1f",
                  "ref": "P314251.17.4",
                  "inst": "u",
                  "f": {
                    "lang": "akk-x-neoass",
                    "form": "x",
                    "pos": "u"
                  }
                },
                {
                  "node": "l",
                  "frag": "x]",
                  "id": "P314251.l06c20",
                  "ref": "P314251.17.5",
                  "inst": "u",
                  "f": {
                    "lang": "akk-x-neoass",
                    "form": "x",
                    "pos": "u"
                  }
                },
                {
                  "node": "l",
                  "frag": "30",
                  "id": "P314251.l06c21",
                  "ref": "P314251.17.6",
                  "inst": "n",
                  "f": {
                    "lang": "akk-x-neoass",
                    "form": "30",
                    "pos": "n"
                  }
                },
                {
                  "node": "l",
                  "frag": "a-na-⸢qat⸣",
                  "id": "P314251.l06c22",
                  "ref": "P314251.17.7",
                  "inst": "anāqutu[she-camel]N$anāqāt",
                  "sig": "@saao/saa15%akk-x-neoass:a-na-qat=anāqutu[she-camel//she-camel]N'N$anāqāt",
                  "f": {
                    "lang": "akk-x-neoass",
                    "form": "a-na-qat",
                    "cf": "anāqutu",
                    "gw": "she-camel",
                    "sense": "she-camel",
                    "norm": "anāqāt",
                    "pos": "N",
                    "epos": "N"
                  }
                },
                {
                  "node": "d",
                  "type": "line-start",
                  "ref": "P314251.18",
                  "n": "4'",
                  "label": "r 4'"
                },
                {
                  "node": "l",
                  "frag": "[x",
                  "id": "P314251.l06c23",
                  "ref": "P314251.18.1",
                  "inst": "u",
                  "f": {
                    "lang": "akk-x-neoass",
                    "form": "x",
                    "pos": "u"
                  }
                },
                {
                  "node": "l",
                  "frag": "x",
                  "id": "P314251.l06c24",
                  "ref": "P314251.18.2",
                  "inst": "u",
                  "f": {
                    "lang": "akk-x-neoass",
                    "form": "x",
                    "pos": "u"
                  }
                },
                {
                  "node": "l",
                  "frag": "x",
                  "id": "P314251.l06c25",
                  "ref": "P314251.18.3",
                  "inst": "u",
                  "f": {
                    "lang": "akk-x-neoass",
                    "form": "x",
                    "pos": "u"
                  }
                },
                {
                  "node": "l",
                  "frag": "x",
                  "id": "P314251.l06c26",
                  "ref": "P314251.18.4",
                  "inst": "u",
                  "f": {
                    "lang": "akk-x-neoass",
                    "form": "x",
                    "pos": "u"
                  }
                },
                {
                  "node": "l",
                  "frag": "u₂]-nam-mu-šu",
                  "id": "P314251.l06c27",
                  "ref": "P314251.18.5",
                  "inst": "namāšu[set (o.s.) in motion//set out]V$unammušu",
                  "sig": "@saao/saa15%akk-x-neoass:u₂-nam-mu-šu=namāšu[set (o.s.) in motion//set out]V'V$unammušu",
                  "f": {
                    "lang": "akk-x-neoass",
                    "form": "u₂-nam-mu-šu",
                    "cf": "namāšu",
                    "gw": "set (o.s.) in motion",
                    "sense": "set out",
                    "norm": "unammušu",
                    "pos": "V",
                    "epos": "V"
                  }
                },
                {
                  "node": "d",
                  "type": "line-start",
                  "ref": "P314251.19",
                  "n": "5'",
                  "label": "r 5'"
                },
                {
                  "node": "l",
                  "frag": "[x",
                  "id": "P314251.l06c28",
                  "ref": "P314251.19.1",
                  "inst": "u",
                  "f": {
                    "lang": "akk-x-neoass",
                    "form": "x",
                    "pos": "u"
                  }
                },
                {
                  "node": "l",
                  "frag": "x",
                  "id": "P314251.l06c29",
                  "ref": "P314251.19.2",
                  "inst": "u",
                  "f": {
                    "lang": "akk-x-neoass",
                    "form": "x",
                    "pos": "u"
                  }
                },
                {
                  "node": "l",
                  "frag": "x",
                  "id": "P314251.l06c2a",
                  "ref": "P314251.19.3",
                  "inst": "u",
                  "f": {
                    "lang": "akk-x-neoass",
                    "form": "x",
                    "pos": "u"
                  }
                },
                {
                  "node": "l",
                  "frag": "x",
                  "id": "P314251.l06c2b",
                  "ref": "P314251.19.4",
                  "inst": "u",
                  "f": {
                    "lang": "akk-x-neoass",
                    "form": "x",
                    "pos": "u"
                  }
                },
                {
                  "node": "l",
                  "frag": "an]-nu-⸢rig",
                  "id": "P314251.l06c2c",
                  "ref": "P314251.19.5",
                  "inst": "annurig[now]AV",
                  "sig": "@saao/saa15%akk-x-neoass:an-nu-rig=annûri[now//now]AV'AV$annurig",
                  "f": {
                    "lang": "akk-x-neoass",
                    "form": "an-nu-rig",
                    "cf": "annûri",
                    "gw": "now",
                    "sense": "now",
                    "norm": "annurig",
                    "pos": "AV",
                    "epos": "AV"
                  }
                },
                {
                  "node": "l",
                  "frag": "x⸣",
                  "id": "P314251.l06c2d",
                  "ref": "P314251.19.6",
                  "inst": "u",
                  "f": {
                    "lang": "akk-x-neoass",
                    "form": "x",
                    "pos": "u"
                  }
                },
                {
                  "node": "l",
                  "frag": "[x]",
                  "id": "P314251.l06c2e",
                  "ref": "P314251.19.7",
                  "inst": "u",
                  "f": {
                    "lang": "akk-x-neoass",
                    "form": "x",
                    "pos": "u"
                  }
                },
                {
                  "node": "d",
                  "type": "line-start",
                  "ref": "P314251.20",
                  "n": "6'",
                  "label": "r 6'"
                },
                {
                  "node": "l",
                  "frag": "[x",
                  "id": "P314251.l06c2f",
                  "ref": "P314251.20.1",
                  "inst": "u",
                  "f": {
                    "lang": "akk-x-neoass",
                    "form": "x",
                    "pos": "u"
                  }
                },
                {
                  "node": "l",
                  "frag": "x",
                  "id": "P314251.l06c30",
                  "ref": "P314251.20.2",
                  "inst": "u",
                  "f": {
                    "lang": "akk-x-neoass",
                    "form": "x",
                    "pos": "u"
                  }
                },
                {
                  "node": "l",
                  "frag": "x",
                  "id": "P314251.l06c31",
                  "ref": "P314251.20.3",
                  "inst": "u",
                  "f": {
                    "lang": "akk-x-neoass",
                    "form": "x",
                    "pos": "u"
                  }
                },
                {
                  "node": "l",
                  "frag": "x",
                  "id": "P314251.l06c32",
                  "ref": "P314251.20.4",
                  "inst": "u",
                  "f": {
                    "lang": "akk-x-neoass",
                    "form": "x",
                    "pos": "u"
                  }
                },
                {
                  "node": "l",
                  "frag": "x",
                  "id": "P314251.l06c33",
                  "ref": "P314251.20.5",
                  "inst": "u",
                  "f": {
                    "lang": "akk-x-neoass",
                    "form": "x",
                    "pos": "u"
                  }
                },
                {
                  "node": "l",
                  "frag": "x]+⸢x",
                  "id": "P314251.l06c34",
                  "ref": "P314251.20.6",
                  "inst": "u",
                  "f": {
                    "lang": "akk-x-neoass",
                    "form": "x+x",
                    "pos": "u"
                  }
                },
                {
                  "node": "l",
                  "frag": "x",
                  "id": "P314251.l06c35",
                  "ref": "P314251.20.7",
                  "inst": "u",
                  "f": {
                    "lang": "akk-x-neoass",
                    "form": "x",
                    "pos": "u"
                  }
                },
                {
                  "node": "l",
                  "frag": "x",
                  "id": "P314251.l06c36",
                  "ref": "P314251.20.8",
                  "inst": "u",
                  "f": {
                    "lang": "akk-x-neoass",
                    "form": "x",
                    "pos": "u"
                  }
                },
                {
                  "node": "l",
                  "frag": "x",
                  "id": "P314251.l06c37",
                  "ref": "P314251.20.9",
                  "inst": "u",
                  "f": {
                    "lang": "akk-x-neoass",
                    "form": "x",
                    "pos": "u"
                  }
                },
                {
                  "node": "l",
                  "frag": "x⸣",
                  "id": "P314251.l06c38",
                  "ref": "P314251.20.10",
                  "inst": "u",
                  "f": {
                    "lang": "akk-x-neoass",
                    "form": "x",
                    "pos": "u"
                  }
                },
                {
                  "node": "d",
                  "type": "line-start",
                  "ref": "P314251.21",
                  "n": "7'",
                  "label": "r 7'"
                },
                {
                  "node": "l",
                  "frag": "[x",
                  "id": "P314251.l06c39",
                  "ref": "P314251.21.1",
                  "inst": "u",
                  "f": {
                    "lang": "akk-x-neoass",
                    "form": "x",
                    "pos": "u"
                  }
                },
                {
                  "node": "l",
                  "frag": "x",
                  "id": "P314251.l06c3a",
                  "ref": "P314251.21.2",
                  "inst": "u",
                  "f": {
                    "lang": "akk-x-neoass",
                    "form": "x",
                    "pos": "u"
                  }
                },
                {
                  "node": "l",
                  "frag": "x",
                  "id": "P314251.l06c3b",
                  "ref": "P314251.21.3",
                  "inst": "u",
                  "f": {
                    "lang": "akk-x-neoass",
                    "form": "x",
                    "pos": "u"
                  }
                },
                {
                  "node": "l",
                  "frag": "x",
                  "id": "P314251.l06c3c",
                  "ref": "P314251.21.4",
                  "inst": "u",
                  "f": {
                    "lang": "akk-x-neoass",
                    "form": "x",
                    "pos": "u"
                  }
                },
                {
                  "node": "l",
                  "frag": "x",
                  "id": "P314251.l06c3d",
                  "ref": "P314251.21.5",
                  "inst": "u",
                  "f": {
                    "lang": "akk-x-neoass",
                    "form": "x",
                    "pos": "u"
                  }
                },
                {
                  "node": "l",
                  "frag": "x]-nu",
                  "id": "P314251.l06c3e",
                  "ref": "P314251.21.6",
                  "inst": "u",
                  "f": {
                    "lang": "akk-x-neoass",
                    "form": "x-nu",
                    "pos": "u"
                  }
                },
                {
                  "node": "l",
                  "frag": "06",
                  "id": "P314251.l06c3f",
                  "ref": "P314251.21.7",
                  "inst": "n",
                  "f": {
                    "lang": "akk-x-neoass",
                    "form": "06",
                    "pos": "n"
                  }
                },
                {
                  "node": "l",
                  "frag": "{lu₂v}⸢SANGA⸣-MEŠ\\m-šu₂-nu",
                  "id": "P314251.l06c40",
                  "ref": "P314251.21.8",
                  "inst": "šangû[priest]N$sangāšunu",
                  "sig": "@saao/saa15%akk-x-neoass:{LU₂}SANGA-MEŠ-šu₂-nu=šangû[priest//priest]N'N$sangāšunu",
                  "f": {
                    "lang": "akk-x-neoass",
                    "form": "{LU₂}SANGA-MEŠ-šu₂-nu",
                    "cf": "šangû",
                    "gw": "priest",
                    "sense": "priest",
                    "norm": "sangāšunu",
                    "pos": "N",
                    "epos": "N"
                  }
                },
                {
                  "node": "d",
                  "type": "line-start",
                  "ref": "P314251.22",
                  "n": "8'",
                  "label": "r 8'"
                },
                {
                  "node": "l",
                  "frag": "[x",
                  "id": "P314251.l06c41",
                  "ref": "P314251.22.1",
                  "inst": "u",
                  "f": {
                    "lang": "akk-x-neoass",
                    "form": "x",
                    "pos": "u"
                  }
                },
                {
                  "node": "l",
                  "frag": "x",
                  "id": "P314251.l06c42",
                  "ref": "P314251.22.2",
                  "inst": "u",
                  "f": {
                    "lang": "akk-x-neoass",
                    "form": "x",
                    "pos": "u"
                  }
                },
                {
                  "node": "l",
                  "frag": "x",
                  "id": "P314251.l06c43",
                  "ref": "P314251.22.3",
                  "inst": "u",
                  "f": {
                    "lang": "akk-x-neoass",
                    "form": "x",
                    "pos": "u"
                  }
                },
                {
                  "node": "l",
                  "frag": "x",
                  "id": "P314251.l06c44",
                  "ref": "P314251.22.4",
                  "inst": "u",
                  "f": {
                    "lang": "akk-x-neoass",
                    "form": "x",
                    "pos": "u"
                  }
                },
                {
                  "node": "l",
                  "frag": "x",
                  "id": "P314251.l06c45",
                  "ref": "P314251.22.5",
                  "inst": "u",
                  "f": {
                    "lang": "akk-x-neoass",
                    "form": "x",
                    "pos": "u"
                  }
                },
                {
                  "node": "l",
                  "frag": "x",
                  "id": "P314251.l06c46",
                  "ref": "P314251.22.6",
                  "inst": "u",
                  "f": {
                    "lang": "akk-x-neoass",
                    "form": "x",
                    "pos": "u"
                  }
                },
                {
                  "node": "l",
                  "frag": "x]",
                  "id": "P314251.l06c47",
                  "ref": "P314251.22.7",
                  "inst": "u",
                  "f": {
                    "lang": "akk-x-neoass",
                    "form": "x",
                    "pos": "u"
                  }
                },
                {
                  "node": "c",
                  "type": "phrase",
                  "tag": "phr",
                  "id": "P314251.U4",
                  "ref": "P314251.ls00000",
                  "cdl": [
                    {
                      "node": "l",
                      "frag": "ina",
                      "id": "P314251.l06c48",
                      "ref": "P314251.22.8",
                      "inst": "ina[in+=there]PRP",
                      "sig": "@saao/saa15%akk-x-neoass:ina=ina[in//in]PRP'PRP$ina",
                      "f": {
                        "lang": "akk-x-neoass",
                        "form": "ina",
                        "cf": "ina",
                        "gw": "in",
                        "sense": "in",
                        "norm": "ina",
                        "pos": "PRP",
                        "epos": "PRP"
                      }
                    },
                    {
                      "node": "l",
                      "frag": "ŠA₃-bi",
                      "id": "P314251.l06c49",
                      "ref": "P314251.22.9",
                      "inst": "libbi[interior]N",
                      "sig": "@saao/saa15%akk-x-neoass:ŠA₃-bi=libbu[interior//interior]N'N$libbi",
                      "f": {
                        "lang": "akk-x-neoass",
                        "form": "ŠA₃-bi",
                        "cf": "libbu",
                        "gw": "interior",
                        "sense": "interior",
                        "norm": "libbi",
                        "pos": "N",
                        "epos": "N"
                      }
                    }
                  ]
                },
                {
                  "node": "d",
                  "type": "line-start",
                  "ref": "P314251.23",
                  "n": "9'",
                  "label": "r 9'"
                },
                {
                  "node": "l",
                  "frag": "[x",
                  "id": "P314251.l06c4a",
                  "ref": "P314251.23.1",
                  "inst": "u",
                  "f": {
                    "lang": "akk-x-neoass",
                    "form": "x",
                    "pos": "u"
                  }
                },
                {
                  "node": "l",
                  "frag": "x",
                  "id": "P314251.l06c4b",
                  "ref": "P314251.23.2",
                  "inst": "u",
                  "f": {
                    "lang": "akk-x-neoass",
                    "form": "x",
                    "pos": "u"
                  }
                },
                {
                  "node": "l",
                  "frag": "x",
                  "id": "P314251.l06c4c",
                  "ref": "P314251.23.3",
                  "inst": "u",
                  "f": {
                    "lang": "akk-x-neoass",
                    "form": "x",
                    "pos": "u"
                  }
                },
                {
                  "node": "l",
                  "frag": "x",
                  "id": "P314251.l06c4d",
                  "ref": "P314251.23.4",
                  "inst": "u",
                  "f": {
                    "lang": "akk-x-neoass",
                    "form": "x",
                    "pos": "u"
                  }
                },
                {
                  "node": "l",
                  "frag": "x",
                  "id": "P314251.l06c4e",
                  "ref": "P314251.23.5",
                  "inst": "u",
                  "f": {
                    "lang": "akk-x-neoass",
                    "form": "x",
                    "pos": "u"
                  }
                },
                {
                  "node": "l",
                  "frag": "x",
                  "id": "P314251.l06c4f",
                  "ref": "P314251.23.6",
                  "inst": "u",
                  "f": {
                    "lang": "akk-x-neoass",
                    "form": "x",
                    "pos": "u"
                  }
                },
                {
                  "node": "l",
                  "frag": "x]-ni-⸢ni⸣",
                  "id": "P314251.l06c50",
                  "ref": "P314251.23.7",
                  "inst": "u",
                  "f": {
                    "lang": "akk-x-neoass",
                    "form": "x-ni-ni",
                    "pos": "u"
                  }
                },
                {
                  "node": "d",
                  "type": "line-start",
                  "ref": "P314251.24",
                  "n": "10'",
                  "label": "r 10'"
                },
                {
                  "node": "l",
                  "frag": "[x",
                  "id": "P314251.l06c51",
                  "ref": "P314251.24.1",
                  "inst": "u",
                  "f": {
                    "lang": "akk-x-neoass",
                    "form": "x",
                    "pos": "u"
                  }
                },
                {
                  "node": "l",
                  "frag": "x",
                  "id": "P314251.l06c52",
                  "ref": "P314251.24.2",
                  "inst": "u",
                  "f": {
                    "lang": "akk-x-neoass",
                    "form": "x",
                    "pos": "u"
                  }
                },
                {
                  "node": "l",
                  "frag": "x",
                  "id": "P314251.l06c53",
                  "ref": "P314251.24.3",
                  "inst": "u",
                  "f": {
                    "lang": "akk-x-neoass",
                    "form": "x",
                    "pos": "u"
                  }
                },
                {
                  "node": "l",
                  "frag": "x",
                  "id": "P314251.l06c54",
                  "ref": "P314251.24.4",
                  "inst": "u",
                  "f": {
                    "lang": "akk-x-neoass",
                    "form": "x",
                    "pos": "u"
                  }
                },
                {
                  "node": "l",
                  "frag": "x",
                  "id": "P314251.l06c55",
                  "ref": "P314251.24.5",
                  "inst": "u",
                  "f": {
                    "lang": "akk-x-neoass",
                    "form": "x",
                    "pos": "u"
                  }
                },
                {
                  "node": "l",
                  "frag": "x",
                  "id": "P314251.l06c56",
                  "ref": "P314251.24.6",
                  "inst": "u",
                  "f": {
                    "lang": "akk-x-neoass",
                    "form": "x",
                    "pos": "u"
                  }
                },
                {
                  "node": "l",
                  "frag": "x]-na-kis",
                  "id": "P314251.l06c57",
                  "ref": "P314251.24.7",
                  "inst": "u",
                  "f": {
                    "lang": "akk-x-neoass",
                    "form": "x-na-kis",
                    "pos": "u"
                  }
                },
                {
                  "node": "d",
                  "type": "line-start",
                  "ref": "P314251.25",
                  "n": "11'",
                  "label": "r 11'"
                },
                {
                  "node": "l",
                  "frag": "[x",
                  "id": "P314251.l06c58",
                  "ref": "P314251.25.1",
                  "inst": "u",
                  "f": {
                    "lang": "akk-x-neoass",
                    "form": "x",
                    "pos": "u"
                  }
                },
                {
                  "node": "l",
                  "frag": "x",
                  "id": "P314251.l06c59",
                  "ref": "P314251.25.2",
                  "inst": "u",
                  "f": {
                    "lang": "akk-x-neoass",
                    "form": "x",
                    "pos": "u"
                  }
                },
                {
                  "node": "l",
                  "frag": "x",
                  "id": "P314251.l06c5a",
                  "ref": "P314251.25.3",
                  "inst": "u",
                  "f": {
                    "lang": "akk-x-neoass",
                    "form": "x",
                    "pos": "u"
                  }
                },
                {
                  "node": "l",
                  "frag": "x",
                  "id": "P314251.l06c5b",
                  "ref": "P314251.25.4",
                  "inst": "u",
                  "f": {
                    "lang": "akk-x-neoass",
                    "form": "x",
                    "pos": "u"
                  }
                },
                {
                  "node": "l",
                  "frag": "x",
                  "id": "P314251.l06c5c",
                  "ref": "P314251.25.5",
                  "inst": "u",
                  "f": {
                    "lang": "akk-x-neoass",
                    "form": "x",
                    "pos": "u"
                  }
                },
                {
                  "node": "l",
                  "frag": "x",
                  "id": "P314251.l06c5d",
                  "ref": "P314251.25.6",
                  "inst": "u",
                  "f": {
                    "lang": "akk-x-neoass",
                    "form": "x",
                    "pos": "u"
                  }
                },
                {
                  "node": "l",
                  "frag": "x]",
                  "id": "P314251.l06c5e",
                  "ref": "P314251.25.7",
                  "inst": "u",
                  "f": {
                    "lang": "akk-x-neoass",
                    "form": "x",
                    "pos": "u"
                  }
                },
                {
                  "node": "l",
                  "frag": "LUGAL",
                  "id": "P314251.l06c5f",
                  "ref": "P314251.25.8",
                  "inst": "šarri[king]N",
                  "sig": "@saao/saa15%akk-x-neoass:LUGAL=šarru[king//king]N'N$šarri",
                  "f": {
                    "lang": "akk-x-neoass",
                    "form": "LUGAL",
                    "cf": "šarru",
                    "gw": "king",
                    "sense": "king",
                    "norm": "šarri",
                    "pos": "N",
                    "epos": "N"
                  }
                },
                {
                  "node": "l",
                  "frag": "be-li₂-ia₂",
                  "id": "P314251.l06c60",
                  "ref": "P314251.25.9",
                  "inst": "bēlīya[lord]N",
                  "sig": "@saao/saa15%akk-x-neoass:be-li₂-ia₂=bēlu[lord//lord]N'N$bēlīya",
                  "f": {
                    "lang": "akk-x-neoass",
                    "form": "be-li₂-ia₂",
                    "cf": "bēlu",
                    "gw": "lord",
                    "sense": "lord",
                    "norm": "bēlīya",
                    "pos": "N",
                    "epos": "N"
                  }
                },
                {
                  "node": "d",
                  "type": "nonx",
                  "ref": "P314251.26",
                  "strict": "0",
                  "extent": "rest",
                  "state": "missing"
                }
              ]
            }
          ]
        }
      ]
    },
    {
      "linkbase": [
        {
          "type": "linkset",
          "xlink_title": "ina libbi[in//(in exchange) for]PRP'PRP",
          "id": "P314251.ls00000",
          "xlink_type": "extended",
          "xlink_role": "psu",
          "sig": "{ina[in]PRP libbu[interior]N += ina libbi[in//(in exchange) for]PRP'PRP}::@saao%akk-x-neoass:ina=ina[in//into]PRP'PRP$ina++@saao%akk-x-neoass:ŠA₃-bi=libbu[interior//interior]N'N$libbi",
          "links": [
            {
              "type": "link",
              "xlink_title": "ina",
              "xlink_type": "locator",
              "xlink_href": "#P314251.l06c48",
              "xlink_role": "elt"
            },
            {
              "type": "link",
              "xlink_title": "libbi",
              "xlink_type": "locator",
              "xlink_href": "#P314251.l06c49",
              "xlink_role": "elt"
            }
          ]
        }
      ]
    }
  ]
}
