{
  "type": "cdl",
  "source": "http://oracc.org/saao/saa15",
  "license": "This data is released under the CC0 license",
  "license-url": "https://creativecommons.org/publicdomain/zero/1.0/",
  "more-info": "http://oracc.org/doc/opendata/",
  "UTC-timestamp": "2017-06-10T00:55:35",
  "project": "saao/saa15",
  "textid": "P334909",
  "cdl": [
    {
      "node": "c",
      "type": "text",
      "id": "P334909.U0",
      "cdl": [
        {
          "node": "d",
          "type": "object",
          "ref": ""
        },
        {
          "node": "d",
          "subtype": "obverse",
          "type": "obverse",
          "ref": "P334909.o.1",
          "label": "o"
        },
        {
          "node": "c",
          "type": "discourse",
          "subtype": "body",
          "id": "P334909.U1",
          "cdl": [
            {
              "node": "c",
              "type": "sentence",
              "id": "P334909.U2",
              "label": "o 1 - r 2'",
              "cdl": [
                {
                  "node": "d",
                  "type": "line-start",
                  "ref": "P334909.2",
                  "n": "1",
                  "label": "o 1"
                },
                {
                  "node": "l",
                  "frag": "a-na",
                  "id": "P334909.l0823b",
                  "ref": "P334909.2.1",
                  "inst": "ana[to]PRP",
                  "sig": "@saao/saa15%akk-x-neoass:a-na=ana[to//to]PRP'PRP$ana",
                  "f": {
                    "lang": "akk-x-neoass",
                    "form": "a-na",
                    "cf": "ana",
                    "gw": "to",
                    "sense": "to",
                    "norm": "ana",
                    "pos": "PRP",
                    "epos": "PRP"
                  }
                },
                {
                  "node": "l",
                  "frag": "⸢LUGAL⸣",
                  "id": "P334909.l0823c",
                  "ref": "P334909.2.2",
                  "inst": "šarri[king]N",
                  "sig": "@saao/saa15%akk-x-neoass:LUGAL=šarru[king//king]N'N$šarri",
                  "f": {
                    "lang": "akk-x-neoass",
                    "form": "LUGAL",
                    "cf": "šarru",
                    "gw": "king",
                    "sense": "king",
                    "norm": "šarri",
                    "pos": "N",
                    "epos": "N"
                  }
                },
                {
                  "node": "l",
                  "frag": "[be-li₂-ia]",
                  "id": "P334909.l0823d",
                  "ref": "P334909.2.3",
                  "inst": "bēlīya[lord]N",
                  "sig": "@saao/saa15%akk-x-neoass:be-li₂-ia=bēlu[lord//lord]N'N$bēlīya",
                  "f": {
                    "lang": "akk-x-neoass",
                    "form": "be-li₂-ia",
                    "cf": "bēlu",
                    "gw": "lord",
                    "sense": "lord",
                    "norm": "bēlīya",
                    "pos": "N",
                    "epos": "N"
                  }
                },
                {
                  "node": "d",
                  "type": "line-start",
                  "ref": "P334909.3",
                  "n": "2",
                  "label": "o 2"
                },
                {
                  "node": "l",
                  "frag": "ARAD-ka",
                  "id": "P334909.l0823e",
                  "ref": "P334909.3.1",
                  "inst": "urdaka[servant]N",
                  "sig": "@saao/saa15%akk-x-neoass:ARAD-ka=ardu[slave//servant]N'N$urdaka",
                  "f": {
                    "lang": "akk-x-neoass",
                    "form": "ARAD-ka",
                    "cf": "ardu",
                    "gw": "slave",
                    "sense": "servant",
                    "norm": "urdaka",
                    "pos": "N",
                    "epos": "N"
                  }
                },
                {
                  "node": "l",
                  "frag": "{1}[x",
                  "id": "P334909.l0823f",
                  "ref": "P334909.3.2",
                  "inst": "u",
                  "f": {
                    "lang": "akk-x-neoass",
                    "form": "{1}x",
                    "pos": "u"
                  }
                },
                {
                  "node": "l",
                  "frag": "x",
                  "id": "P334909.l08240",
                  "ref": "P334909.3.3",
                  "inst": "u",
                  "f": {
                    "lang": "akk-x-neoass",
                    "form": "x",
                    "pos": "u"
                  }
                },
                {
                  "node": "l",
                  "frag": "x",
                  "id": "P334909.l08241",
                  "ref": "P334909.3.4",
                  "inst": "u",
                  "f": {
                    "lang": "akk-x-neoass",
                    "form": "x",
                    "pos": "u"
                  }
                },
                {
                  "node": "l",
                  "frag": "x]",
                  "id": "P334909.l08242",
                  "ref": "P334909.3.5",
                  "inst": "u",
                  "f": {
                    "lang": "akk-x-neoass",
                    "form": "x",
                    "pos": "u"
                  }
                },
                {
                  "node": "d",
                  "type": "line-start",
                  "ref": "P334909.4",
                  "n": "3",
                  "label": "o 3"
                },
                {
                  "node": "l",
                  "frag": "lu-u",
                  "id": "P334909.l08243",
                  "ref": "P334909.4.1",
                  "inst": "lū[may]MOD",
                  "sig": "@saao/saa15%akk-x-neoass:lu-u=lū[may//may]MOD'MOD$lū",
                  "f": {
                    "lang": "akk-x-neoass",
                    "form": "lu-u",
                    "cf": "lū",
                    "gw": "may",
                    "sense": "may",
                    "norm": "lū",
                    "pos": "MOD",
                    "epos": "MOD"
                  }
                },
                {
                  "node": "l",
                  "frag": "DI-mu",
                  "id": "P334909.l08244",
                  "ref": "P334909.4.2",
                  "inst": "šulmu[health]N",
                  "sig": "@saao/saa15%akk-x-neoass:DI-mu=šulmu[completeness//health]N'N$šulmu",
                  "f": {
                    "lang": "akk-x-neoass",
                    "form": "DI-mu",
                    "cf": "šulmu",
                    "gw": "completeness",
                    "sense": "health",
                    "norm": "šulmu",
                    "pos": "N",
                    "epos": "N"
                  }
                },
                {
                  "node": "l",
                  "frag": "[a-na",
                  "id": "P334909.l08245",
                  "ref": "P334909.4.3",
                  "inst": "ana[to]PRP",
                  "sig": "@saao/saa15%akk-x-neoass:a-na=ana[to//to]PRP'PRP$ana",
                  "f": {
                    "lang": "akk-x-neoass",
                    "form": "a-na",
                    "cf": "ana",
                    "gw": "to",
                    "sense": "to",
                    "norm": "ana",
                    "pos": "PRP",
                    "epos": "PRP"
                  }
                },
                {
                  "node": "l",
                  "frag": "LUGAL",
                  "id": "P334909.l08246",
                  "ref": "P334909.4.4",
                  "inst": "šarri[king]N",
                  "sig": "@saao/saa15%akk-x-neoass:LUGAL=šarru[king//king]N'N$šarri",
                  "f": {
                    "lang": "akk-x-neoass",
                    "form": "LUGAL",
                    "cf": "šarru",
                    "gw": "king",
                    "sense": "king",
                    "norm": "šarri",
                    "pos": "N",
                    "epos": "N"
                  }
                },
                {
                  "node": "l",
                  "frag": "EN-ia]",
                  "id": "P334909.l08247",
                  "ref": "P334909.4.5",
                  "inst": "bēlīya[lord]N",
                  "sig": "@saao/saa15%akk-x-neoass:EN-ia=bēlu[lord//lord]N'N$bēlīya",
                  "f": {
                    "lang": "akk-x-neoass",
                    "form": "EN-ia",
                    "cf": "bēlu",
                    "gw": "lord",
                    "sense": "lord",
                    "norm": "bēlīya",
                    "pos": "N",
                    "epos": "N"
                  }
                },
                {
                  "node": "d",
                  "type": "line-start",
                  "ref": "P334909.5",
                  "n": "4",
                  "label": "o 4"
                },
                {
                  "node": "l",
                  "frag": "im-ma-at",
                  "id": "P334909.l08248",
                  "ref": "P334909.5.1",
                  "cof-tails": "P334909.l08249",
                  "inst": "ina[in]PRP$ina&mati[when?]QP$mat",
                  "sig": "@saao/saa15%akk-x-neoass:im-ma-at=ina[in//in]PRP'PRP$ina&&@saao%akk-x-neoass:=mati[when?//when?]QP'QP$mat",
                  "f": {
                    "lang": "akk-x-neoass",
                    "form": "im-ma-at",
                    "cf": "ina",
                    "gw": "in",
                    "sense": "in",
                    "norm": "ina",
                    "pos": "PRP",
                    "epos": "PRP"
                  }
                },
                {
                  "node": "l",
                  "frag": "im-ma-at",
                  "id": "P334909.l08249",
                  "ref": "P334909.5.1",
                  "cof-head": "P334909.l08248",
                  "inst": "ina[in]PRP$ina&mati[when?]QP$mat",
                  "tail-sig": "@saao%akk-x-neoass:=mati[when?//when?]QP'QP$mat",
                  "f": {
                    "lang": "akk-x-neoass",
                    "form": "im-ma-at",
                    "cf": "mati",
                    "gw": "when?",
                    "sense": "when?",
                    "norm": "mat",
                    "pos": "QP",
                    "epos": "QP"
                  }
                },
                {
                  "node": "l",
                  "frag": "[x",
                  "id": "P334909.l0824a",
                  "ref": "P334909.5.2",
                  "inst": "u",
                  "f": {
                    "lang": "akk-x-neoass",
                    "form": "x",
                    "pos": "u"
                  }
                },
                {
                  "node": "l",
                  "frag": "x",
                  "id": "P334909.l0824b",
                  "ref": "P334909.5.3",
                  "inst": "u",
                  "f": {
                    "lang": "akk-x-neoass",
                    "form": "x",
                    "pos": "u"
                  }
                },
                {
                  "node": "l",
                  "frag": "x",
                  "id": "P334909.l0824c",
                  "ref": "P334909.5.4",
                  "inst": "u",
                  "f": {
                    "lang": "akk-x-neoass",
                    "form": "x",
                    "pos": "u"
                  }
                },
                {
                  "node": "l",
                  "frag": "x]",
                  "id": "P334909.l0824d",
                  "ref": "P334909.5.5",
                  "inst": "u",
                  "f": {
                    "lang": "akk-x-neoass",
                    "form": "x",
                    "pos": "u"
                  }
                },
                {
                  "node": "d",
                  "type": "line-start",
                  "ref": "P334909.6",
                  "n": "5",
                  "label": "o 5"
                },
                {
                  "node": "c",
                  "type": "phrase",
                  "tag": "phr",
                  "id": "P334909.U4",
                  "ref": "P334909.ls00000",
                  "cdl": [
                    {
                      "node": "l",
                      "frag": "ina",
                      "id": "P334909.l0824e",
                      "ref": "P334909.6.1",
                      "inst": "ina[in+=on]PRP",
                      "sig": "@saao/saa15%akk-x-neoass:ina=ina[in//in]PRP'PRP$ina",
                      "f": {
                        "lang": "akk-x-neoass",
                        "form": "ina",
                        "cf": "ina",
                        "gw": "in",
                        "sense": "in",
                        "norm": "ina",
                        "pos": "PRP",
                        "epos": "PRP"
                      }
                    },
                    {
                      "node": "l",
                      "frag": "UGU-hi",
                      "id": "P334909.l0824f",
                      "ref": "P334909.6.2",
                      "inst": "muhhi[skull]N",
                      "sig": "@saao/saa15%akk-x-neoass:UGU-hi=muhhu[skull//skull]N'N$muhhi",
                      "f": {
                        "lang": "akk-x-neoass",
                        "form": "UGU-hi",
                        "cf": "muhhu",
                        "gw": "skull",
                        "sense": "skull",
                        "norm": "muhhi",
                        "pos": "N",
                        "epos": "N"
                      }
                    }
                  ]
                },
                {
                  "node": "l",
                  "frag": "[x",
                  "id": "P334909.l08250",
                  "ref": "P334909.6.3",
                  "inst": "u",
                  "f": {
                    "lang": "akk-x-neoass",
                    "form": "x",
                    "pos": "u"
                  }
                },
                {
                  "node": "l",
                  "frag": "x",
                  "id": "P334909.l08251",
                  "ref": "P334909.6.4",
                  "inst": "u",
                  "f": {
                    "lang": "akk-x-neoass",
                    "form": "x",
                    "pos": "u"
                  }
                },
                {
                  "node": "l",
                  "frag": "x",
                  "id": "P334909.l08252",
                  "ref": "P334909.6.5",
                  "inst": "u",
                  "f": {
                    "lang": "akk-x-neoass",
                    "form": "x",
                    "pos": "u"
                  }
                },
                {
                  "node": "l",
                  "frag": "x]",
                  "id": "P334909.l08253",
                  "ref": "P334909.6.6",
                  "inst": "u",
                  "f": {
                    "lang": "akk-x-neoass",
                    "form": "x",
                    "pos": "u"
                  }
                },
                {
                  "node": "d",
                  "type": "line-start",
                  "ref": "P334909.7",
                  "n": "6",
                  "label": "o 6"
                },
                {
                  "node": "l",
                  "frag": "LUGAL",
                  "id": "P334909.l08254",
                  "ref": "P334909.7.1",
                  "inst": "šarri[king]N",
                  "sig": "@saao/saa15%akk-x-neoass:LUGAL=šarru[king//king]N'N$šarri",
                  "f": {
                    "lang": "akk-x-neoass",
                    "form": "LUGAL",
                    "cf": "šarru",
                    "gw": "king",
                    "sense": "king",
                    "norm": "šarri",
                    "pos": "N",
                    "epos": "N"
                  }
                },
                {
                  "node": "l",
                  "frag": "be-li₂-ia",
                  "id": "P334909.l08255",
                  "ref": "P334909.7.2",
                  "inst": "bēlīya[lord]N",
                  "sig": "@saao/saa15%akk-x-neoass:be-li₂-ia=bēlu[lord//lord]N'N$bēlīya",
                  "f": {
                    "lang": "akk-x-neoass",
                    "form": "be-li₂-ia",
                    "cf": "bēlu",
                    "gw": "lord",
                    "sense": "lord",
                    "norm": "bēlīya",
                    "pos": "N",
                    "epos": "N"
                  }
                },
                {
                  "node": "l",
                  "frag": "[x",
                  "id": "P334909.l08256",
                  "ref": "P334909.7.3",
                  "inst": "u",
                  "f": {
                    "lang": "akk-x-neoass",
                    "form": "x",
                    "pos": "u"
                  }
                },
                {
                  "node": "l",
                  "frag": "x",
                  "id": "P334909.l08257",
                  "ref": "P334909.7.4",
                  "inst": "u",
                  "f": {
                    "lang": "akk-x-neoass",
                    "form": "x",
                    "pos": "u"
                  }
                },
                {
                  "node": "l",
                  "frag": "x]",
                  "id": "P334909.l08258",
                  "ref": "P334909.7.5",
                  "inst": "u",
                  "f": {
                    "lang": "akk-x-neoass",
                    "form": "x",
                    "pos": "u"
                  }
                },
                {
                  "node": "d",
                  "type": "line-start",
                  "ref": "P334909.8",
                  "n": "7",
                  "label": "o 7"
                },
                {
                  "node": "l",
                  "frag": "ki-ru-⸢x⸣+[x",
                  "id": "P334909.l08259",
                  "ref": "P334909.8.1",
                  "inst": "u",
                  "f": {
                    "lang": "akk-x-neoass",
                    "form": "ki-ru-x+x",
                    "pos": "u"
                  }
                },
                {
                  "node": "l",
                  "frag": "x",
                  "id": "P334909.l0825a",
                  "ref": "P334909.8.2",
                  "inst": "u",
                  "f": {
                    "lang": "akk-x-neoass",
                    "form": "x",
                    "pos": "u"
                  }
                },
                {
                  "node": "l",
                  "frag": "x",
                  "id": "P334909.l0825b",
                  "ref": "P334909.8.3",
                  "inst": "u",
                  "f": {
                    "lang": "akk-x-neoass",
                    "form": "x",
                    "pos": "u"
                  }
                },
                {
                  "node": "l",
                  "frag": "x]",
                  "id": "P334909.l0825c",
                  "ref": "P334909.8.4",
                  "inst": "u",
                  "f": {
                    "lang": "akk-x-neoass",
                    "form": "x",
                    "pos": "u"
                  }
                },
                {
                  "node": "d",
                  "type": "line-start",
                  "ref": "P334909.9",
                  "n": "8",
                  "label": "o 8"
                },
                {
                  "node": "l",
                  "frag": "a-kar-ra-[ar",
                  "id": "P334909.l0825d",
                  "ref": "P334909.9.1",
                  "inst": "karāru[put (down)]V$akarrar",
                  "sig": "@saao/saa15%akk-x-neoass:a-kar-ra-ar=karāru[put (down)//put (down)]V'V$akarrar",
                  "f": {
                    "lang": "akk-x-neoass",
                    "form": "a-kar-ra-ar",
                    "cf": "karāru",
                    "gw": "put (down)",
                    "sense": "put (down)",
                    "norm": "akarrar",
                    "pos": "V",
                    "epos": "V"
                  }
                },
                {
                  "node": "l",
                  "frag": "x",
                  "id": "P334909.l0825e",
                  "ref": "P334909.9.2",
                  "inst": "u",
                  "f": {
                    "lang": "akk-x-neoass",
                    "form": "x",
                    "pos": "u"
                  }
                },
                {
                  "node": "l",
                  "frag": "x",
                  "id": "P334909.l0825f",
                  "ref": "P334909.9.3",
                  "inst": "u",
                  "f": {
                    "lang": "akk-x-neoass",
                    "form": "x",
                    "pos": "u"
                  }
                },
                {
                  "node": "l",
                  "frag": "x]",
                  "id": "P334909.l08260",
                  "ref": "P334909.9.4",
                  "inst": "u",
                  "f": {
                    "lang": "akk-x-neoass",
                    "form": "x",
                    "pos": "u"
                  }
                },
                {
                  "node": "d",
                  "type": "line-start",
                  "ref": "P334909.10",
                  "n": "9",
                  "label": "o 9"
                },
                {
                  "node": "l",
                  "frag": "šum₂-ma",
                  "id": "P334909.l08261",
                  "ref": "P334909.10.1",
                  "inst": "šumma[if]MOD",
                  "sig": "@saao/saa15%akk-x-neoass:šum₂-ma=šumma[if//if]MOD'MOD$šumma",
                  "f": {
                    "lang": "akk-x-neoass",
                    "form": "šum₂-ma",
                    "cf": "šumma",
                    "gw": "if",
                    "sense": "if",
                    "norm": "šumma",
                    "pos": "MOD",
                    "epos": "MOD"
                  }
                },
                {
                  "node": "l",
                  "frag": "ki-[x",
                  "id": "P334909.l08262",
                  "ref": "P334909.10.2",
                  "inst": "u",
                  "f": {
                    "lang": "akk-x-neoass",
                    "form": "ki-x",
                    "pos": "u"
                  }
                },
                {
                  "node": "l",
                  "frag": "x",
                  "id": "P334909.l08263",
                  "ref": "P334909.10.3",
                  "inst": "u",
                  "f": {
                    "lang": "akk-x-neoass",
                    "form": "x",
                    "pos": "u"
                  }
                },
                {
                  "node": "l",
                  "frag": "x]",
                  "id": "P334909.l08264",
                  "ref": "P334909.10.4",
                  "inst": "u",
                  "f": {
                    "lang": "akk-x-neoass",
                    "form": "x",
                    "pos": "u"
                  }
                },
                {
                  "node": "d",
                  "type": "line-start",
                  "ref": "P334909.11",
                  "n": "10",
                  "label": "o 10"
                },
                {
                  "node": "l",
                  "frag": "[x]",
                  "id": "P334909.l08265",
                  "ref": "P334909.11.1",
                  "inst": "u",
                  "f": {
                    "lang": "akk-x-neoass",
                    "form": "x",
                    "pos": "u"
                  }
                },
                {
                  "node": "l",
                  "frag": "⸢u₂⸣",
                  "id": "P334909.l08266",
                  "ref": "P334909.11.2",
                  "inst": "u",
                  "f": {
                    "lang": "akk-x-neoass",
                    "form": "u₂",
                    "pos": "u"
                  }
                },
                {
                  "node": "l",
                  "frag": "ma",
                  "id": "P334909.l08267",
                  "ref": "P334909.11.3",
                  "inst": "u",
                  "f": {
                    "lang": "akk-x-neoass",
                    "form": "ma",
                    "pos": "u"
                  }
                },
                {
                  "node": "l",
                  "frag": "[x",
                  "id": "P334909.l08268",
                  "ref": "P334909.11.4",
                  "inst": "u",
                  "f": {
                    "lang": "akk-x-neoass",
                    "form": "x",
                    "pos": "u"
                  }
                },
                {
                  "node": "l",
                  "frag": "x",
                  "id": "P334909.l08269",
                  "ref": "P334909.11.5",
                  "inst": "u",
                  "f": {
                    "lang": "akk-x-neoass",
                    "form": "x",
                    "pos": "u"
                  }
                },
                {
                  "node": "l",
                  "frag": "x",
                  "id": "P334909.l0826a",
                  "ref": "P334909.11.6",
                  "inst": "u",
                  "f": {
                    "lang": "akk-x-neoass",
                    "form": "x",
                    "pos": "u"
                  }
                },
                {
                  "node": "l",
                  "frag": "x]",
                  "id": "P334909.l0826b",
                  "ref": "P334909.11.7",
                  "inst": "u",
                  "f": {
                    "lang": "akk-x-neoass",
                    "form": "x",
                    "pos": "u"
                  }
                },
                {
                  "node": "d",
                  "type": "nonx",
                  "ref": "P334909.12",
                  "strict": "0",
                  "extent": "rest",
                  "state": "missing"
                },
                {
                  "node": "d",
                  "subtype": "reverse",
                  "type": "reverse",
                  "ref": "P334909.r.13",
                  "label": "r"
                },
                {
                  "node": "d",
                  "type": "nonx",
                  "ref": "P334909.14",
                  "strict": "0",
                  "extent": "beginning",
                  "state": "missing"
                },
                {
                  "node": "d",
                  "type": "line-start",
                  "ref": "P334909.15",
                  "n": "1'",
                  "label": "r 1'"
                },
                {
                  "node": "l",
                  "frag": "dul-lu",
                  "id": "P334909.l0826c",
                  "ref": "P334909.15.1",
                  "inst": "dullu[work]N",
                  "sig": "@saao/saa15%akk-x-neoass:dul-lu=dullu[trouble//work]N'N$dullu",
                  "f": {
                    "lang": "akk-x-neoass",
                    "form": "dul-lu",
                    "cf": "dullu",
                    "gw": "trouble",
                    "sense": "work",
                    "norm": "dullu",
                    "pos": "N",
                    "epos": "N"
                  }
                },
                {
                  "node": "l",
                  "frag": "[x",
                  "id": "P334909.l0826d",
                  "ref": "P334909.15.2",
                  "inst": "u",
                  "f": {
                    "lang": "akk-x-neoass",
                    "form": "x",
                    "pos": "u"
                  }
                },
                {
                  "node": "l",
                  "frag": "x]",
                  "id": "P334909.l0826e",
                  "ref": "P334909.15.3",
                  "inst": "u",
                  "f": {
                    "lang": "akk-x-neoass",
                    "form": "x",
                    "pos": "u"
                  }
                },
                {
                  "node": "d",
                  "type": "line-start",
                  "ref": "P334909.16",
                  "n": "2'",
                  "label": "r 2'"
                },
                {
                  "node": "l",
                  "frag": "le-pu-[x]",
                  "id": "P334909.l0826f",
                  "ref": "P334909.16.1",
                  "inst": "u",
                  "f": {
                    "lang": "akk-x-neoass",
                    "form": "le-pu-x",
                    "pos": "u"
                  }
                },
                {
                  "node": "d",
                  "type": "nonx",
                  "ref": "P334909.17",
                  "strict": "0",
                  "extent": "rest",
                  "state": "other"
                }
              ]
            }
          ]
        }
      ]
    },
    {
      "linkbase": [
        {
          "type": "linkset",
          "xlink_title": "ina muhhi[on//about]PRP'PRP",
          "id": "P334909.ls00000",
          "xlink_type": "extended",
          "xlink_role": "psu",
          "sig": "{ina[in]PRP muhhu[skull]N += ina muhhi[on//about]PRP'PRP}::@saao%akk-x-neoass:ina=ina[in//into]PRP'PRP$ina++@saao%akk-x-neoass:UGU-hi=muhhu[skull//skull]N'N$muhhi",
          "links": [
            {
              "type": "link",
              "xlink_title": "ina",
              "xlink_type": "locator",
              "xlink_href": "#P334909.l0824e",
              "xlink_role": "elt"
            },
            {
              "type": "link",
              "xlink_title": "muhhi",
              "xlink_type": "locator",
              "xlink_href": "#P334909.l0824f",
              "xlink_role": "elt"
            }
          ]
        }
      ]
    }
  ]
}
