{
  "type": "cdl",
  "source": "http://oracc.org/riao",
  "license": "This data is released under the CC0 license",
  "license-url": "https://creativecommons.org/publicdomain/zero/1.0/",
  "more-info": "http://oracc.org/doc/opendata/",
  "UTC-timestamp": "2017-06-10T00:11:41",
  "project": "riao",
  "textid": "Q004698",
  "cdl": [
    {
      "node": "c",
      "type": "text",
      "id": "Q004698.U0",
      "cdl": [
        {
          "node": "d",
          "type": "object",
          "ref": ""
        },
        {
          "node": "d",
          "type": "surface",
          "ref": ""
        },
        {
          "node": "c",
          "type": "discourse",
          "subtype": "body",
          "id": "Q004698.U1",
          "cdl": [
            {
              "node": "c",
              "type": "sentence",
              "id": "Q004698.U2",
              "label": "1 - 4",
              "cdl": [
                {
                  "node": "d",
                  "type": "line-start",
                  "ref": "Q004698.1",
                  "n": "1",
                  "label": "1"
                },
                {
                  "node": "l",
                  "frag": "a-na",
                  "id": "Q004698.l0e082",
                  "ref": "Q004698.1.1",
                  "inst": "%akk:a-na=",
                  "f": {
                    "lang": "akk",
                    "form": "a-na"
                  }
                },
                {
                  "node": "l",
                  "frag": "{d}IŠKUR",
                  "id": "Q004698.l0e083",
                  "ref": "Q004698.1.2",
                  "inst": "%akk:{d}IŠKUR=",
                  "f": {
                    "lang": "akk",
                    "form": "{d}IŠKUR"
                  }
                },
                {
                  "node": "l",
                  "frag": "EN-šu₂",
                  "id": "Q004698.l0e084",
                  "ref": "Q004698.1.3",
                  "inst": "%akk:EN-šu₂=",
                  "f": {
                    "lang": "akk",
                    "form": "EN-šu₂"
                  }
                },
                {
                  "node": "l",
                  "frag": "{m}{d}šul₃-ma-nu-MAŠ",
                  "id": "Q004698.l0e085",
                  "ref": "Q004698.1.4",
                  "inst": "%akk:{m}{d}šul₃-ma-nu-MAŠ=",
                  "f": {
                    "lang": "akk",
                    "form": "{m}{d}šul₃-ma-nu-MAŠ"
                  }
                },
                {
                  "node": "d",
                  "type": "line-start",
                  "ref": "Q004698.2",
                  "n": "2",
                  "label": "2"
                },
                {
                  "node": "l",
                  "frag": "GAR",
                  "id": "Q004698.l0e086",
                  "ref": "Q004698.2.1",
                  "inst": "%akk:GAR=",
                  "f": {
                    "lang": "akk",
                    "form": "GAR"
                  }
                },
                {
                  "node": "l",
                  "frag": "{d}BAD",
                  "id": "Q004698.l0e087",
                  "ref": "Q004698.2.2",
                  "inst": "%akk:{d}BAD=",
                  "f": {
                    "lang": "akk",
                    "form": "{d}BAD"
                  }
                },
                {
                  "node": "l",
                  "frag": "ŠID",
                  "id": "Q004698.l0e088",
                  "ref": "Q004698.2.3",
                  "inst": "%akk:ŠID=",
                  "f": {
                    "lang": "akk",
                    "form": "ŠID"
                  }
                },
                {
                  "node": "l",
                  "frag": "aš-šur",
                  "id": "Q004698.l0e089",
                  "ref": "Q004698.2.4",
                  "inst": "%akk:aš-šur=",
                  "f": {
                    "lang": "akk",
                    "form": "aš-šur"
                  }
                },
                {
                  "node": "l",
                  "frag": "A",
                  "id": "Q004698.l0e08a",
                  "ref": "Q004698.2.5",
                  "inst": "%akk:A=",
                  "f": {
                    "lang": "akk",
                    "form": "A"
                  }
                },
                {
                  "node": "l",
                  "frag": "aš-šur-PAP-A",
                  "id": "Q004698.l0e08b",
                  "ref": "Q004698.2.6",
                  "inst": "%akk:aš-šur-PAP-A=",
                  "f": {
                    "lang": "akk",
                    "form": "aš-šur-PAP-A"
                  }
                },
                {
                  "node": "l",
                  "frag": "ŠID",
                  "id": "Q004698.l0e08c",
                  "ref": "Q004698.2.7",
                  "inst": "%akk:ŠID=",
                  "f": {
                    "lang": "akk",
                    "form": "ŠID"
                  }
                },
                {
                  "node": "l",
                  "frag": "aš-šur",
                  "id": "Q004698.l0e08d",
                  "ref": "Q004698.2.8",
                  "inst": "%akk:aš-šur=",
                  "f": {
                    "lang": "akk",
                    "form": "aš-šur"
                  }
                },
                {
                  "node": "d",
                  "type": "line-start",
                  "ref": "Q004698.3",
                  "n": "3",
                  "label": "3"
                },
                {
                  "node": "l",
                  "frag": "DUMU",
                  "id": "Q004698.l0e08e",
                  "ref": "Q004698.3.1",
                  "inst": "%akk:DUMU=",
                  "f": {
                    "lang": "akk",
                    "form": "DUMU"
                  }
                },
                {
                  "node": "l",
                  "frag": "{m}TUKUL-MAŠ",
                  "id": "Q004698.l0e08f",
                  "ref": "Q004698.3.2",
                  "inst": "%akk:{m}TUKUL-MAŠ=",
                  "f": {
                    "lang": "akk",
                    "form": "{m}TUKUL-MAŠ"
                  }
                },
                {
                  "node": "l",
                  "frag": "ŠID",
                  "id": "Q004698.l0e090",
                  "ref": "Q004698.3.3",
                  "inst": "%akk:ŠID=",
                  "f": {
                    "lang": "akk",
                    "form": "ŠID"
                  }
                },
                {
                  "node": "l",
                  "frag": "AŠ-ma",
                  "id": "Q004698.l0e091",
                  "ref": "Q004698.3.4",
                  "inst": "%akk:AŠ-ma=",
                  "f": {
                    "lang": "akk",
                    "form": "AŠ-ma"
                  }
                },
                {
                  "node": "l",
                  "frag": "ana",
                  "id": "Q004698.l0e092",
                  "ref": "Q004698.3.5",
                  "inst": "%akk:ana=",
                  "f": {
                    "lang": "akk",
                    "form": "ana"
                  }
                },
                {
                  "node": "l",
                  "frag": "TI-a",
                  "id": "Q004698.l0e093",
                  "ref": "Q004698.3.6",
                  "inst": "%akk:TI-a=",
                  "f": {
                    "lang": "akk",
                    "form": "TI-a"
                  }
                },
                {
                  "node": "l",
                  "frag": "SILIM",
                  "id": "Q004698.l0e094",
                  "ref": "Q004698.3.7",
                  "inst": "%akk:SILIM=",
                  "f": {
                    "lang": "akk",
                    "form": "SILIM"
                  }
                },
                {
                  "node": "l",
                  "frag": "NUMUN-a",
                  "id": "Q004698.l0e095",
                  "ref": "Q004698.3.8",
                  "inst": "%akk:NUMUN-a=",
                  "f": {
                    "lang": "akk",
                    "form": "NUMUN-a"
                  }
                },
                {
                  "node": "l",
                  "frag": "KUR-a",
                  "id": "Q004698.l0e096",
                  "ref": "Q004698.3.9",
                  "inst": "%akk:KUR-a=",
                  "f": {
                    "lang": "akk",
                    "form": "KUR-a"
                  }
                },
                {
                  "node": "d",
                  "type": "line-start",
                  "ref": "Q004698.4",
                  "n": "4",
                  "label": "4"
                },
                {
                  "node": "l",
                  "frag": "a-na",
                  "id": "Q004698.l0e097",
                  "ref": "Q004698.4.1",
                  "inst": "%akk:a-na=",
                  "f": {
                    "lang": "akk",
                    "form": "a-na"
                  }
                },
                {
                  "node": "l",
                  "frag": "{d}a-nim",
                  "id": "Q004698.l0e098",
                  "ref": "Q004698.4.2",
                  "inst": "%akk:{d}a-nim=",
                  "f": {
                    "lang": "akk",
                    "form": "{d}a-nim"
                  }
                },
                {
                  "node": "l",
                  "frag": "{d}IŠKUR",
                  "id": "Q004698.l0e099",
                  "ref": "Q004698.4.3",
                  "inst": "%akk:{d}IŠKUR=",
                  "f": {
                    "lang": "akk",
                    "form": "{d}IŠKUR"
                  }
                },
                {
                  "node": "l",
                  "frag": "EN.MEŠ-a",
                  "id": "Q004698.l0e09a",
                  "ref": "Q004698.4.4",
                  "inst": "%akk:EN.MEŠ-a=",
                  "f": {
                    "lang": "akk",
                    "form": "EN.MEŠ-a"
                  }
                },
                {
                  "node": "l",
                  "frag": "a-qiš",
                  "id": "Q004698.l0e09b",
                  "ref": "Q004698.4.5",
                  "inst": "%akk:a-qiš=",
                  "f": {
                    "lang": "akk",
                    "form": "a-qiš"
                  }
                }
              ]
            }
          ]
        }
      ]
    }
  ]
}
