{
  "type": "cdl",
  "source": "http://oracc.org/riao",
  "license": "This data is released under the CC0 license",
  "license-url": "https://creativecommons.org/publicdomain/zero/1.0/",
  "more-info": "http://oracc.org/doc/opendata/",
  "UTC-timestamp": "2017-06-10T00:11:16",
  "project": "riao",
  "textid": "Q004645",
  "cdl": [
    {
      "node": "c",
      "type": "text",
      "id": "Q004645.U0",
      "cdl": [
        {
          "node": "d",
          "type": "object",
          "ref": ""
        },
        {
          "node": "d",
          "type": "surface",
          "ref": ""
        },
        {
          "node": "d",
          "subtype": "column 1",
          "type": "column",
          "ref": "Q004645.i.1",
          "n": "1",
          "label": "i"
        },
        {
          "node": "c",
          "type": "discourse",
          "subtype": "body",
          "id": "Q004645.U1",
          "cdl": [
            {
              "node": "c",
              "type": "sentence",
              "id": "Q004645.U2",
              "label": "i 1 - iii 11",
              "cdl": [
                {
                  "node": "d",
                  "type": "line-start",
                  "ref": "Q004645.2",
                  "n": "1",
                  "label": "i 1"
                },
                {
                  "node": "l",
                  "frag": "{m}{d}šul₃-ma-nu-MAŠ",
                  "id": "Q004645.l0db02",
                  "ref": "Q004645.2.1",
                  "inst": "%akk:{m}{d}šul₃-ma-nu-MAŠ=",
                  "f": {
                    "lang": "akk",
                    "form": "{m}{d}šul₃-ma-nu-MAŠ"
                  }
                },
                {
                  "node": "l",
                  "frag": "MAN",
                  "id": "Q004645.l0db03",
                  "ref": "Q004645.2.2",
                  "inst": "%akk:MAN=",
                  "f": {
                    "lang": "akk",
                    "form": "MAN"
                  }
                },
                {
                  "node": "l",
                  "frag": "GAL-u₂",
                  "id": "Q004645.l0db04",
                  "ref": "Q004645.2.3",
                  "inst": "%akk:GAL-u₂=",
                  "f": {
                    "lang": "akk",
                    "form": "GAL-u₂"
                  }
                },
                {
                  "node": "l",
                  "frag": "MAN",
                  "id": "Q004645.l0db05",
                  "ref": "Q004645.2.4",
                  "inst": "%akk:MAN=",
                  "f": {
                    "lang": "akk",
                    "form": "MAN"
                  }
                },
                {
                  "node": "l",
                  "frag": "dan-nu",
                  "id": "Q004645.l0db06",
                  "ref": "Q004645.2.5",
                  "inst": "%akk:dan-nu=",
                  "f": {
                    "lang": "akk",
                    "form": "dan-nu"
                  }
                },
                {
                  "node": "d",
                  "type": "line-start",
                  "ref": "Q004645.3",
                  "n": "2",
                  "label": "i 2"
                },
                {
                  "node": "l",
                  "frag": "MAN",
                  "id": "Q004645.l0db07",
                  "ref": "Q004645.3.1",
                  "inst": "%akk:MAN=",
                  "f": {
                    "lang": "akk",
                    "form": "MAN"
                  }
                },
                {
                  "node": "l",
                  "frag": "kul₂-lat",
                  "id": "Q004645.l0db08",
                  "ref": "Q004645.3.2",
                  "inst": "%akk:kul₂-lat=",
                  "f": {
                    "lang": "akk",
                    "form": "kul₂-lat"
                  }
                },
                {
                  "node": "l",
                  "frag": "kib-rat",
                  "id": "Q004645.l0db09",
                  "ref": "Q004645.3.3",
                  "inst": "%akk:kib-rat=",
                  "f": {
                    "lang": "akk",
                    "form": "kib-rat"
                  }
                },
                {
                  "node": "l",
                  "frag": "LIMMU₂-i",
                  "id": "Q004645.l0db0a",
                  "ref": "Q004645.3.4",
                  "inst": "%akk:LIMMU₂-i=",
                  "f": {
                    "lang": "akk",
                    "form": "LIMMU₂-i"
                  }
                },
                {
                  "node": "l",
                  "frag": "ek-du",
                  "id": "Q004645.l0db0b",
                  "ref": "Q004645.3.5",
                  "inst": "%akk:ek-du=",
                  "f": {
                    "lang": "akk",
                    "form": "ek-du"
                  }
                },
                {
                  "node": "d",
                  "type": "line-start",
                  "ref": "Q004645.4",
                  "n": "3",
                  "label": "i 3"
                },
                {
                  "node": "l",
                  "frag": "le-ʾu-u₂",
                  "id": "Q004645.l0db0c",
                  "ref": "Q004645.4.1",
                  "inst": "%akk:le-ʾu-u₂=",
                  "f": {
                    "lang": "akk",
                    "form": "le-ʾu-u₂"
                  }
                },
                {
                  "node": "l",
                  "frag": "ša₂-nin",
                  "id": "Q004645.l0db0d",
                  "ref": "Q004645.4.2",
                  "inst": "%akk:ša₂-nin=",
                  "f": {
                    "lang": "akk",
                    "form": "ša₂-nin"
                  }
                },
                {
                  "node": "l",
                  "frag": "mal-ki.MEŠ",
                  "id": "Q004645.l0db0e",
                  "ref": "Q004645.4.3",
                  "inst": "%akk:mal-ki.MEŠ=",
                  "f": {
                    "lang": "akk",
                    "form": "mal-ki.MEŠ"
                  }
                },
                {
                  "node": "d",
                  "type": "line-start",
                  "ref": "Q004645.5",
                  "n": "4",
                  "label": "i 4"
                },
                {
                  "node": "l",
                  "frag": "ša₂",
                  "id": "Q004645.l0db0f",
                  "ref": "Q004645.5.1",
                  "inst": "%akk:ša₂=",
                  "f": {
                    "lang": "akk",
                    "form": "ša₂"
                  }
                },
                {
                  "node": "l",
                  "frag": "kiš-ša₂-ti",
                  "id": "Q004645.l0db10",
                  "ref": "Q004645.5.2",
                  "inst": "%akk:kiš-ša₂-ti=",
                  "f": {
                    "lang": "akk",
                    "form": "kiš-ša₂-ti"
                  }
                },
                {
                  "node": "l",
                  "frag": "GAL.MEŠ",
                  "id": "Q004645.l0db11",
                  "ref": "Q004645.5.3",
                  "inst": "%akk:GAL.MEŠ=",
                  "f": {
                    "lang": "akk",
                    "form": "GAL.MEŠ"
                  }
                },
                {
                  "node": "l",
                  "frag": "MAN.MEŠ-ni",
                  "id": "Q004645.l0db12",
                  "ref": "Q004645.5.4",
                  "inst": "%akk:MAN.MEŠ-ni=",
                  "f": {
                    "lang": "akk",
                    "form": "MAN.MEŠ-ni"
                  }
                },
                {
                  "node": "d",
                  "type": "line-start",
                  "ref": "Q004645.6",
                  "n": "5",
                  "label": "i 5"
                },
                {
                  "node": "l",
                  "frag": "DUMU",
                  "id": "Q004645.l0db13",
                  "ref": "Q004645.6.1",
                  "inst": "%akk:DUMU=",
                  "f": {
                    "lang": "akk",
                    "form": "DUMU"
                  }
                },
                {
                  "node": "l",
                  "frag": "aš-šur-PAP-A",
                  "id": "Q004645.l0db14",
                  "ref": "Q004645.6.2",
                  "inst": "%akk:aš-šur-PAP-A=",
                  "f": {
                    "lang": "akk",
                    "form": "aš-šur-PAP-A"
                  }
                },
                {
                  "node": "l",
                  "frag": "MAN",
                  "id": "Q004645.l0db15",
                  "ref": "Q004645.6.3",
                  "inst": "%akk:MAN=",
                  "f": {
                    "lang": "akk",
                    "form": "MAN"
                  }
                },
                {
                  "node": "l",
                  "frag": "ŠU₂",
                  "id": "Q004645.l0db16",
                  "ref": "Q004645.6.4",
                  "inst": "%akk:ŠU₂=",
                  "f": {
                    "lang": "akk",
                    "form": "ŠU₂"
                  }
                },
                {
                  "node": "l",
                  "frag": "MAN",
                  "id": "Q004645.l0db17",
                  "ref": "Q004645.6.5",
                  "inst": "%akk:MAN=",
                  "f": {
                    "lang": "akk",
                    "form": "MAN"
                  }
                },
                {
                  "node": "l",
                  "frag": "KUR",
                  "id": "Q004645.l0db18",
                  "ref": "Q004645.6.6",
                  "inst": "%akk:KUR=",
                  "f": {
                    "lang": "akk",
                    "form": "KUR"
                  }
                },
                {
                  "node": "l",
                  "frag": "aš-šur",
                  "id": "Q004645.l0db19",
                  "ref": "Q004645.6.7",
                  "inst": "%akk:aš-šur=",
                  "f": {
                    "lang": "akk",
                    "form": "aš-šur"
                  }
                },
                {
                  "node": "d",
                  "type": "line-start",
                  "ref": "Q004645.7",
                  "n": "6",
                  "label": "i 6"
                },
                {
                  "node": "l",
                  "frag": "A",
                  "id": "Q004645.l0db1a",
                  "ref": "Q004645.7.1",
                  "inst": "%akk:A=",
                  "f": {
                    "lang": "akk",
                    "form": "A"
                  }
                },
                {
                  "node": "l",
                  "frag": "TUKUL-MAŠ",
                  "id": "Q004645.l0db1b",
                  "ref": "Q004645.7.2",
                  "inst": "%akk:TUKUL-MAŠ=",
                  "f": {
                    "lang": "akk",
                    "form": "TUKUL-MAŠ"
                  }
                },
                {
                  "node": "l",
                  "frag": "MAN",
                  "id": "Q004645.l0db1c",
                  "ref": "Q004645.7.3",
                  "inst": "%akk:MAN=",
                  "f": {
                    "lang": "akk",
                    "form": "MAN"
                  }
                },
                {
                  "node": "l",
                  "frag": "ŠU₂",
                  "id": "Q004645.l0db1d",
                  "ref": "Q004645.7.4",
                  "inst": "%akk:ŠU₂=",
                  "f": {
                    "lang": "akk",
                    "form": "ŠU₂"
                  }
                },
                {
                  "node": "l",
                  "frag": "MAN",
                  "id": "Q004645.l0db1e",
                  "ref": "Q004645.7.5",
                  "inst": "%akk:MAN=",
                  "f": {
                    "lang": "akk",
                    "form": "MAN"
                  }
                },
                {
                  "node": "l",
                  "frag": "KUR",
                  "id": "Q004645.l0db1f",
                  "ref": "Q004645.7.6",
                  "inst": "%akk:KUR=",
                  "f": {
                    "lang": "akk",
                    "form": "KUR"
                  }
                },
                {
                  "node": "l",
                  "frag": "aš-šur-ma",
                  "id": "Q004645.l0db20",
                  "ref": "Q004645.7.7",
                  "inst": "%akk:aš-šur-ma=",
                  "f": {
                    "lang": "akk",
                    "form": "aš-šur-ma"
                  }
                },
                {
                  "node": "l",
                  "frag": "ka-šid",
                  "id": "Q004645.l0db21",
                  "ref": "Q004645.7.8",
                  "inst": "%akk:ka-šid=",
                  "f": {
                    "lang": "akk",
                    "form": "ka-šid"
                  }
                },
                {
                  "node": "d",
                  "type": "line-start",
                  "ref": "Q004645.8",
                  "n": "7",
                  "label": "i 7"
                },
                {
                  "node": "l",
                  "frag": "{kur}en-zi",
                  "id": "Q004645.l0db22",
                  "ref": "Q004645.8.1",
                  "inst": "%akk:{KUR}en-zi=",
                  "f": {
                    "lang": "akk",
                    "form": "{KUR}en-zi"
                  }
                },
                {
                  "node": "l",
                  "frag": "{kur}gil₂-za-a-nu",
                  "id": "Q004645.l0db23",
                  "ref": "Q004645.8.2",
                  "inst": "%akk:{KUR}gil₂-za-a-nu=",
                  "f": {
                    "lang": "akk",
                    "form": "{KUR}gil₂-za-a-nu"
                  }
                },
                {
                  "node": "l",
                  "frag": "{kur}hu-bu-⸢uš⸣-[ki-a]",
                  "id": "Q004645.l0db24",
                  "ref": "Q004645.8.3",
                  "inst": "%akk:{KUR}hu-bu-uš-ki-a=",
                  "f": {
                    "lang": "akk",
                    "form": "{KUR}hu-bu-uš-ki-a"
                  }
                },
                {
                  "node": "d",
                  "type": "line-start",
                  "ref": "Q004645.9",
                  "n": "8",
                  "label": "i 8"
                },
                {
                  "node": "l",
                  "frag": "{kur}⸢u₂⸣-x-x",
                  "id": "Q004645.l0db25",
                  "ref": "Q004645.9.1",
                  "inst": "%akk:{KUR}u₂-x-x=",
                  "f": {
                    "lang": "akk",
                    "form": "{KUR}u₂-x-x"
                  }
                },
                {
                  "node": "l",
                  "frag": "⸢na-aš₂-pan-ta⸣-[šu₂-nu]",
                  "id": "Q004645.l0db26",
                  "ref": "Q004645.9.2",
                  "inst": "%akk:na-aš₂-pan-ta-šu₂-nu=",
                  "f": {
                    "lang": "akk",
                    "form": "na-aš₂-pan-ta-šu₂-nu"
                  }
                },
                {
                  "node": "d",
                  "type": "line-start",
                  "ref": "Q004645.10",
                  "n": "9",
                  "label": "i 9"
                },
                {
                  "node": "l",
                  "frag": "aš₂-⸢kun-ma⸣",
                  "id": "Q004645.l0db27",
                  "ref": "Q004645.10.1",
                  "inst": "%akk:aš₂-kun-ma=",
                  "f": {
                    "lang": "akk",
                    "form": "aš₂-kun-ma"
                  }
                },
                {
                  "node": "l",
                  "frag": "ki-ma",
                  "id": "Q004645.l0db28",
                  "ref": "Q004645.10.2",
                  "inst": "%akk:ki-ma=",
                  "f": {
                    "lang": "akk",
                    "form": "ki-ma"
                  }
                },
                {
                  "node": "l",
                  "frag": "{d}⸢GIBIL₆⸣",
                  "id": "Q004645.l0db29",
                  "ref": "Q004645.10.3",
                  "inst": "%akk:{d}GIBIL₆=",
                  "f": {
                    "lang": "akk",
                    "form": "{d}GIBIL₆"
                  }
                },
                {
                  "node": "d",
                  "type": "line-start",
                  "ref": "Q004645.11",
                  "n": "10",
                  "label": "i 10"
                },
                {
                  "node": "l",
                  "frag": "UGU-šu₂-nu",
                  "id": "Q004645.l0db2a",
                  "ref": "Q004645.11.1",
                  "inst": "%akk:UGU-šu₂-nu=",
                  "f": {
                    "lang": "akk",
                    "form": "UGU-šu₂-nu"
                  }
                },
                {
                  "node": "l",
                  "frag": "a-ba-ʾi",
                  "id": "Q004645.l0db2b",
                  "ref": "Q004645.11.2",
                  "inst": "%akk:a-ba-ʾi=",
                  "f": {
                    "lang": "akk",
                    "form": "a-ba-ʾi"
                  }
                },
                {
                  "node": "l",
                  "frag": "{m}a-hu-⸢ni⸣",
                  "id": "Q004645.l0db2c",
                  "ref": "Q004645.11.3",
                  "inst": "%akk:{m}a-hu-ni=",
                  "f": {
                    "lang": "akk",
                    "form": "{m}a-hu-ni"
                  }
                },
                {
                  "node": "d",
                  "type": "line-start",
                  "ref": "Q004645.12",
                  "n": "11",
                  "label": "i 11"
                },
                {
                  "node": "l",
                  "frag": "DUMU-a-di-ni",
                  "id": "Q004645.l0db2d",
                  "ref": "Q004645.12.1",
                  "inst": "%akk:DUMU-a-di-ni=",
                  "f": {
                    "lang": "akk",
                    "form": "DUMU-a-di-ni"
                  }
                },
                {
                  "node": "l",
                  "frag": "a-di",
                  "id": "Q004645.l0db2e",
                  "ref": "Q004645.12.2",
                  "inst": "%akk:a-di=",
                  "f": {
                    "lang": "akk",
                    "form": "a-di"
                  }
                },
                {
                  "node": "l",
                  "frag": "⸢DINGIR.MEŠ⸣-ni-[šu₂]",
                  "id": "Q004645.l0db2f",
                  "ref": "Q004645.12.3",
                  "inst": "%akk:DINGIR.MEŠ-ni-šu₂=",
                  "f": {
                    "lang": "akk",
                    "form": "DINGIR.MEŠ-ni-šu₂"
                  }
                },
                {
                  "node": "d",
                  "type": "line-start",
                  "ref": "Q004645.13",
                  "n": "12",
                  "label": "i 12"
                },
                {
                  "node": "l",
                  "frag": "ERIM.HI.<A>-šu₂",
                  "id": "Q004645.l0db30",
                  "ref": "Q004645.13.1",
                  "inst": "%akk:ERIM.HI.A-šu₂=",
                  "f": {
                    "lang": "akk",
                    "form": "ERIM.HI.A-šu₂"
                  }
                },
                {
                  "node": "l",
                  "frag": "KUR-šu₂",
                  "id": "Q004645.l0db31",
                  "ref": "Q004645.13.2",
                  "inst": "%akk:KUR-šu₂=",
                  "f": {
                    "lang": "akk",
                    "form": "KUR-šu₂"
                  }
                },
                {
                  "node": "l",
                  "frag": "NIG₂.GA",
                  "id": "Q004645.l0db32",
                  "ref": "Q004645.13.3",
                  "inst": "%akk:NIG₂.GA=",
                  "f": {
                    "lang": "akk",
                    "form": "NIG₂.GA"
                  }
                },
                {
                  "node": "l",
                  "frag": "E₂.⸢GAL⸣-[šu₂",
                  "id": "Q004645.l0db33",
                  "ref": "Q004645.13.4",
                  "inst": "%akk:E₂.GAL-šu₂=",
                  "f": {
                    "lang": "akk",
                    "form": "E₂.GAL-šu₂"
                  }
                },
                {
                  "node": "l",
                  "frag": "a]-su-⸢ha⸣",
                  "id": "Q004645.l0db34",
                  "ref": "Q004645.13.5",
                  "inst": "%akk:a-su-ha=",
                  "f": {
                    "lang": "akk",
                    "form": "a-su-ha"
                  }
                },
                {
                  "node": "d",
                  "type": "line-start",
                  "ref": "Q004645.14",
                  "n": "13",
                  "label": "i 13"
                },
                {
                  "node": "l",
                  "frag": "a-na",
                  "id": "Q004645.l0db35",
                  "ref": "Q004645.14.1",
                  "inst": "%akk:a-na=",
                  "f": {
                    "lang": "akk",
                    "form": "a-na"
                  }
                },
                {
                  "node": "l",
                  "frag": "UN.MEŠ",
                  "id": "Q004645.l0db36",
                  "ref": "Q004645.14.2",
                  "inst": "%akk:UN.MEŠ=",
                  "f": {
                    "lang": "akk",
                    "form": "UN.MEŠ"
                  }
                },
                {
                  "node": "l",
                  "frag": "KUR-ia",
                  "id": "Q004645.l0db37",
                  "ref": "Q004645.14.3",
                  "inst": "%akk:KUR-ia=",
                  "f": {
                    "lang": "akk",
                    "form": "KUR-ia"
                  }
                },
                {
                  "node": "l",
                  "frag": "⸢am⸣-nu-šu",
                  "id": "Q004645.l0db38",
                  "ref": "Q004645.14.4",
                  "inst": "%akk:am-nu-šu=",
                  "f": {
                    "lang": "akk",
                    "form": "am-nu-šu"
                  }
                },
                {
                  "node": "d",
                  "type": "line-start",
                  "ref": "Q004645.15",
                  "n": "14",
                  "label": "i 14"
                },
                {
                  "node": "l",
                  "frag": "{m}{d}IŠKUR-id-ri",
                  "id": "Q004645.l0db39",
                  "ref": "Q004645.15.1",
                  "inst": "%akk:{m}{d}IŠKUR-id-ri=",
                  "f": {
                    "lang": "akk",
                    "form": "{m}{d}IŠKUR-id-ri"
                  }
                },
                {
                  "node": "l",
                  "frag": "ša-{kur}ANŠE-[šu₂]",
                  "id": "Q004645.l0db3a",
                  "ref": "Q004645.15.2",
                  "inst": "%akk:ša-{KUR}ANŠE-šu₂=",
                  "f": {
                    "lang": "akk",
                    "form": "ša-{KUR}ANŠE-šu₂"
                  }
                },
                {
                  "node": "d",
                  "type": "line-start",
                  "ref": "Q004645.16",
                  "n": "15",
                  "label": "i 15"
                },
                {
                  "node": "l",
                  "frag": "a-di",
                  "id": "Q004645.l0db3b",
                  "ref": "Q004645.16.1",
                  "inst": "%akk:a-di=",
                  "f": {
                    "lang": "akk",
                    "form": "a-di"
                  }
                },
                {
                  "node": "l",
                  "frag": "12",
                  "id": "Q004645.l0db3c",
                  "ref": "Q004645.16.2",
                  "inst": "%akk:12=",
                  "f": {
                    "lang": "akk",
                    "form": "12"
                  }
                },
                {
                  "node": "l",
                  "frag": "mal-ki.MEŠ",
                  "id": "Q004645.l0db3d",
                  "ref": "Q004645.16.3",
                  "inst": "%akk:mal-ki.MEŠ=",
                  "f": {
                    "lang": "akk",
                    "form": "mal-ki.MEŠ"
                  }
                },
                {
                  "node": "l",
                  "frag": "re-ṣi-šu",
                  "id": "Q004645.l0db3e",
                  "ref": "Q004645.16.4",
                  "inst": "%akk:re-ṣi-šu=",
                  "f": {
                    "lang": "akk",
                    "form": "re-ṣi-šu"
                  }
                },
                {
                  "node": "d",
                  "type": "line-start",
                  "ref": "Q004645.17",
                  "n": "16",
                  "label": "i 16"
                },
                {
                  "node": "l",
                  "frag": "BAD₅.BAD₅-šu₂-nu",
                  "id": "Q004645.l0db3f",
                  "ref": "Q004645.17.1",
                  "inst": "%akk:BAD₅.BAD₅-šu₂-nu=",
                  "f": {
                    "lang": "akk",
                    "form": "BAD₅.BAD₅-šu₂-nu"
                  }
                },
                {
                  "node": "l",
                  "frag": "aš₂-kun-ma",
                  "id": "Q004645.l0db40",
                  "ref": "Q004645.17.2",
                  "inst": "%akk:aš₂-kun-ma=",
                  "f": {
                    "lang": "akk",
                    "form": "aš₂-kun-ma"
                  }
                },
                {
                  "node": "l",
                  "frag": "20",
                  "id": "Q004645.l0db41",
                  "ref": "Q004645.17.3",
                  "inst": "%akk:20=",
                  "f": {
                    "lang": "akk",
                    "form": "20"
                  }
                },
                {
                  "node": "l",
                  "frag": "LIM",
                  "id": "Q004645.l0db42",
                  "ref": "Q004645.17.4",
                  "inst": "%akk:LIM=",
                  "f": {
                    "lang": "akk",
                    "form": "LIM"
                  }
                },
                {
                  "node": "l",
                  "frag": "9",
                  "id": "Q004645.l0db43",
                  "ref": "Q004645.17.5",
                  "inst": "%akk:9=",
                  "f": {
                    "lang": "akk",
                    "form": "9"
                  }
                },
                {
                  "node": "l",
                  "frag": "⸢LIM⸣",
                  "id": "Q004645.l0db44",
                  "ref": "Q004645.17.6",
                  "inst": "%akk:LIM=",
                  "f": {
                    "lang": "akk",
                    "form": "LIM"
                  }
                },
                {
                  "node": "d",
                  "type": "line-start",
                  "ref": "Q004645.18",
                  "n": "17",
                  "label": "i 17"
                },
                {
                  "node": "l",
                  "frag": "a-li-li",
                  "id": "Q004645.l0db45",
                  "ref": "Q004645.18.1",
                  "inst": "%akk:a-li-li=",
                  "f": {
                    "lang": "akk",
                    "form": "a-li-li"
                  }
                },
                {
                  "node": "l",
                  "frag": "mun-dah-hi-ṣi-šu₂",
                  "id": "Q004645.l0db46",
                  "ref": "Q004645.18.2",
                  "inst": "%akk:mun-dah-hi-ṣi-šu₂=",
                  "f": {
                    "lang": "akk",
                    "form": "mun-dah-hi-ṣi-šu₂"
                  }
                },
                {
                  "node": "d",
                  "type": "line-start",
                  "ref": "Q004645.19",
                  "n": "18",
                  "label": "i 18"
                },
                {
                  "node": "l",
                  "frag": "u₂-ne₂-li",
                  "id": "Q004645.l0db47",
                  "ref": "Q004645.19.1",
                  "inst": "%akk:u₂-ne₂-li=",
                  "f": {
                    "lang": "akk",
                    "form": "u₂-ne₂-li"
                  }
                },
                {
                  "node": "l",
                  "frag": "ki-ma",
                  "id": "Q004645.l0db48",
                  "ref": "Q004645.19.2",
                  "inst": "%akk:ki-ma=",
                  "f": {
                    "lang": "akk",
                    "form": "ki-ma"
                  }
                },
                {
                  "node": "l",
                  "frag": "šu-bi",
                  "id": "Q004645.l0db49",
                  "ref": "Q004645.19.3",
                  "inst": "%akk:šu-bi=",
                  "f": {
                    "lang": "akk",
                    "form": "šu-bi"
                  }
                },
                {
                  "node": "d",
                  "type": "line-start",
                  "ref": "Q004645.20",
                  "n": "19",
                  "label": "i 19"
                },
                {
                  "node": "l",
                  "frag": "⸢si⸣-ta-at",
                  "id": "Q004645.l0db4a",
                  "ref": "Q004645.20.1",
                  "inst": "%akk:si-ta-at=",
                  "f": {
                    "lang": "akk",
                    "form": "si-ta-at"
                  }
                },
                {
                  "node": "l",
                  "frag": "ERIM.HI.A-šu₂-nu",
                  "id": "Q004645.l0db4b",
                  "ref": "Q004645.20.2",
                  "inst": "%akk:ERIM.HI.A-šu₂-nu=",
                  "f": {
                    "lang": "akk",
                    "form": "ERIM.HI.A-šu₂-nu"
                  }
                },
                {
                  "node": "l",
                  "frag": "a-na",
                  "id": "Q004645.l0db4c",
                  "ref": "Q004645.20.3",
                  "inst": "%akk:a-na=",
                  "f": {
                    "lang": "akk",
                    "form": "a-na"
                  }
                },
                {
                  "node": "d",
                  "type": "line-start",
                  "ref": "Q004645.21",
                  "n": "20",
                  "label": "i 20"
                },
                {
                  "node": "l",
                  "frag": "{⸢id₂⸣}a-ra-an-te",
                  "id": "Q004645.l0db4d",
                  "ref": "Q004645.21.1",
                  "inst": "%akk:{ID₂}a-ra-an-te=",
                  "f": {
                    "lang": "akk",
                    "form": "{ID₂}a-ra-an-te"
                  }
                },
                {
                  "node": "d",
                  "type": "line-start",
                  "ref": "Q004645.22",
                  "n": "21",
                  "label": "i 21"
                },
                {
                  "node": "l",
                  "frag": "⸢at⸣-bu-uk",
                  "id": "Q004645.l0db4e",
                  "ref": "Q004645.22.1",
                  "inst": "%akk:at-bu-uk=",
                  "f": {
                    "lang": "akk",
                    "form": "at-bu-uk"
                  }
                },
                {
                  "node": "d",
                  "type": "line-start",
                  "ref": "Q004645.23",
                  "n": "22",
                  "label": "i 22"
                },
                {
                  "node": "l",
                  "frag": "a-na",
                  "id": "Q004645.l0db4f",
                  "ref": "Q004645.23.1",
                  "inst": "%akk:a-na=",
                  "f": {
                    "lang": "akk",
                    "form": "a-na"
                  }
                },
                {
                  "node": "d",
                  "type": "line-start",
                  "ref": "Q004645.24",
                  "n": "23",
                  "label": "i 23"
                },
                {
                  "node": "l",
                  "frag": "šu-zu-ub",
                  "id": "Q004645.l0db50",
                  "ref": "Q004645.24.1",
                  "inst": "%akk:šu-zu-ub=",
                  "f": {
                    "lang": "akk",
                    "form": "šu-zu-ub"
                  }
                },
                {
                  "node": "d",
                  "type": "line-start",
                  "ref": "Q004645.25",
                  "n": "24",
                  "label": "i 24"
                },
                {
                  "node": "l",
                  "frag": "ZI.MEŠ-šu₂-nu",
                  "id": "Q004645.l0db51",
                  "ref": "Q004645.25.1",
                  "inst": "%akk:ZI.MEŠ-šu₂-nu=",
                  "f": {
                    "lang": "akk",
                    "form": "ZI.MEŠ-šu₂-nu"
                  }
                },
                {
                  "node": "l",
                  "frag": "e-li-u₂",
                  "id": "Q004645.l0db52",
                  "ref": "Q004645.25.2",
                  "inst": "%akk:e-li-u₂=",
                  "f": {
                    "lang": "akk",
                    "form": "e-li-u₂"
                  }
                },
                {
                  "node": "d",
                  "type": "line-start",
                  "ref": "Q004645.26",
                  "n": "25",
                  "label": "i 25"
                },
                {
                  "node": "l",
                  "frag": "{m}{d}IŠKUR-id-ri",
                  "id": "Q004645.l0db53",
                  "ref": "Q004645.26.1",
                  "inst": "%akk:{m}{d}IŠKUR-id-ri=",
                  "f": {
                    "lang": "akk",
                    "form": "{m}{d}IŠKUR-id-ri"
                  }
                },
                {
                  "node": "l",
                  "frag": "KUR-šu₂",
                  "id": "Q004645.l0db54",
                  "ref": "Q004645.26.2",
                  "inst": "%akk:KUR-šu₂=",
                  "f": {
                    "lang": "akk",
                    "form": "KUR-šu₂"
                  }
                },
                {
                  "node": "l",
                  "frag": "e-mi-id",
                  "id": "Q004645.l0db55",
                  "ref": "Q004645.26.3",
                  "inst": "%akk:e-mi-id=",
                  "f": {
                    "lang": "akk",
                    "form": "e-mi-id"
                  }
                },
                {
                  "node": "d",
                  "type": "line-start",
                  "ref": "Q004645.27",
                  "n": "26",
                  "label": "i 26"
                },
                {
                  "node": "l",
                  "frag": "{m}ha-za-aʾ-DINGIR",
                  "id": "Q004645.l0db56",
                  "ref": "Q004645.27.1",
                  "inst": "%akk:{m}ha-za-aʾ-DINGIR=",
                  "f": {
                    "lang": "akk",
                    "form": "{m}ha-za-aʾ-DINGIR"
                  }
                },
                {
                  "node": "l",
                  "frag": "DUMU",
                  "id": "Q004645.l0db57",
                  "ref": "Q004645.27.2",
                  "inst": "%akk:DUMU=",
                  "f": {
                    "lang": "akk",
                    "form": "DUMU"
                  }
                },
                {
                  "node": "l",
                  "frag": "la-ma-ma-na",
                  "id": "Q004645.l0db58",
                  "ref": "Q004645.27.3",
                  "inst": "%akk:la-ma-ma-na=",
                  "f": {
                    "lang": "akk",
                    "form": "la-ma-ma-na"
                  }
                },
                {
                  "node": "d",
                  "type": "line-start",
                  "ref": "Q004645.28",
                  "n": "27",
                  "label": "i 27"
                },
                {
                  "node": "l",
                  "frag": "{giš}GU.ZA",
                  "id": "Q004645.l0db59",
                  "ref": "Q004645.28.1",
                  "inst": "%akk:{GIŠ}GU.ZA=",
                  "f": {
                    "lang": "akk",
                    "form": "{GIŠ}GU.ZA"
                  }
                },
                {
                  "node": "l",
                  "frag": "iṣ-bat",
                  "id": "Q004645.l0db5a",
                  "ref": "Q004645.28.2",
                  "inst": "%akk:iṣ-bat=",
                  "f": {
                    "lang": "akk",
                    "form": "iṣ-bat"
                  }
                },
                {
                  "node": "l",
                  "frag": "ERIM.HI.A-šu₂",
                  "id": "Q004645.l0db5b",
                  "ref": "Q004645.28.3",
                  "inst": "%akk:ERIM.HI.A-šu₂=",
                  "f": {
                    "lang": "akk",
                    "form": "ERIM.HI.A-šu₂"
                  }
                },
                {
                  "node": "l",
                  "frag": "ma-aʾ-du",
                  "id": "Q004645.l0db5c",
                  "ref": "Q004645.28.4",
                  "inst": "%akk:ma-aʾ-du=",
                  "f": {
                    "lang": "akk",
                    "form": "ma-aʾ-du"
                  }
                },
                {
                  "node": "d",
                  "type": "line-start",
                  "ref": "Q004645.29",
                  "n": "28",
                  "label": "i 28"
                },
                {
                  "node": "l",
                  "frag": "id-ka-a",
                  "id": "Q004645.l0db5d",
                  "ref": "Q004645.29.1",
                  "inst": "%akk:id-ka-a=",
                  "f": {
                    "lang": "akk",
                    "form": "id-ka-a"
                  }
                },
                {
                  "node": "l",
                  "frag": "a-na",
                  "id": "Q004645.l0db5e",
                  "ref": "Q004645.29.2",
                  "inst": "%akk:a-na=",
                  "f": {
                    "lang": "akk",
                    "form": "a-na"
                  }
                },
                {
                  "node": "l",
                  "frag": "e-peš",
                  "id": "Q004645.l0db5f",
                  "ref": "Q004645.29.3",
                  "inst": "%akk:e-peš=",
                  "f": {
                    "lang": "akk",
                    "form": "e-peš"
                  }
                },
                {
                  "node": "d",
                  "type": "line-start",
                  "ref": "Q004645.30",
                  "n": "29",
                  "label": "i 29"
                },
                {
                  "node": "l",
                  "frag": "MURUB₄",
                  "id": "Q004645.l0db60",
                  "ref": "Q004645.30.1",
                  "inst": "%akk:MURUB₄=",
                  "f": {
                    "lang": "akk",
                    "form": "MURUB₄"
                  }
                },
                {
                  "node": "l",
                  "frag": "u",
                  "id": "Q004645.l0db61",
                  "ref": "Q004645.30.2",
                  "inst": "%akk:u=",
                  "f": {
                    "lang": "akk",
                    "form": "u"
                  }
                },
                {
                  "node": "l",
                  "frag": "ME₃",
                  "id": "Q004645.l0db62",
                  "ref": "Q004645.30.3",
                  "inst": "%akk:ME₃=",
                  "f": {
                    "lang": "akk",
                    "form": "ME₃"
                  }
                },
                {
                  "node": "l",
                  "frag": "a-na",
                  "id": "Q004645.l0db63",
                  "ref": "Q004645.30.4",
                  "inst": "%akk:a-na=",
                  "f": {
                    "lang": "akk",
                    "form": "a-na"
                  }
                },
                {
                  "node": "l",
                  "frag": "GABA-a",
                  "id": "Q004645.l0db64",
                  "ref": "Q004645.30.5",
                  "inst": "%akk:GABA-a=",
                  "f": {
                    "lang": "akk",
                    "form": "GABA-a"
                  }
                },
                {
                  "node": "l",
                  "frag": "it-ba-a",
                  "id": "Q004645.l0db65",
                  "ref": "Q004645.30.6",
                  "inst": "%akk:it-ba-a=",
                  "f": {
                    "lang": "akk",
                    "form": "it-ba-a"
                  }
                },
                {
                  "node": "d",
                  "type": "line-start",
                  "ref": "Q004645.31",
                  "n": "30",
                  "label": "i 30"
                },
                {
                  "node": "l",
                  "frag": "it-ti-šu₂",
                  "id": "Q004645.l0db66",
                  "ref": "Q004645.31.1",
                  "inst": "%akk:it-ti-šu₂=",
                  "f": {
                    "lang": "akk",
                    "form": "it-ti-šu₂"
                  }
                },
                {
                  "node": "l",
                  "frag": "am-dah-hi-iṣ",
                  "id": "Q004645.l0db67",
                  "ref": "Q004645.31.2",
                  "inst": "%akk:am-dah-hi-iṣ=",
                  "f": {
                    "lang": "akk",
                    "form": "am-dah-hi-iṣ"
                  }
                },
                {
                  "node": "l",
                  "frag": "BAD₅.BAD₅-šu₂",
                  "id": "Q004645.l0db68",
                  "ref": "Q004645.31.3",
                  "inst": "%akk:BAD₅.BAD₅-šu₂=",
                  "f": {
                    "lang": "akk",
                    "form": "BAD₅.BAD₅-šu₂"
                  }
                },
                {
                  "node": "d",
                  "type": "line-start",
                  "ref": "Q004645.32",
                  "n": "31",
                  "label": "i 31"
                },
                {
                  "node": "l",
                  "frag": "aš₂-kun",
                  "id": "Q004645.l0db69",
                  "ref": "Q004645.32.1",
                  "inst": "%akk:aš₂-kun=",
                  "f": {
                    "lang": "akk",
                    "form": "aš₂-kun"
                  }
                },
                {
                  "node": "l",
                  "frag": "BAD₃",
                  "id": "Q004645.l0db6a",
                  "ref": "Q004645.32.2",
                  "inst": "%akk:BAD₃=",
                  "f": {
                    "lang": "akk",
                    "form": "BAD₃"
                  }
                },
                {
                  "node": "l",
                  "frag": "uš-ma-ni-šu₂",
                  "id": "Q004645.l0db6b",
                  "ref": "Q004645.32.3",
                  "inst": "%akk:uš-ma-ni-šu₂=",
                  "f": {
                    "lang": "akk",
                    "form": "uš-ma-ni-šu₂"
                  }
                },
                {
                  "node": "l",
                  "frag": "e-kim-šu₂",
                  "id": "Q004645.l0db6c",
                  "ref": "Q004645.32.4",
                  "inst": "%akk:e-kim-šu₂=",
                  "f": {
                    "lang": "akk",
                    "form": "e-kim-šu₂"
                  }
                },
                {
                  "node": "d",
                  "type": "line-start",
                  "ref": "Q004645.33",
                  "n": "32",
                  "label": "i 32"
                },
                {
                  "node": "l",
                  "frag": "a-na",
                  "id": "Q004645.l0db6d",
                  "ref": "Q004645.33.1",
                  "inst": "%akk:a-na=",
                  "f": {
                    "lang": "akk",
                    "form": "a-na"
                  }
                },
                {
                  "node": "l",
                  "frag": "šu-zu-ub",
                  "id": "Q004645.l0db6e",
                  "ref": "Q004645.33.2",
                  "inst": "%akk:šu-zu-ub=",
                  "f": {
                    "lang": "akk",
                    "form": "šu-zu-ub"
                  }
                },
                {
                  "node": "l",
                  "frag": "ZI.MEŠ-šu₂",
                  "id": "Q004645.l0db6f",
                  "ref": "Q004645.33.3",
                  "inst": "%akk:ZI.MEŠ-šu₂=",
                  "f": {
                    "lang": "akk",
                    "form": "ZI.MEŠ-šu₂"
                  }
                },
                {
                  "node": "d",
                  "type": "line-start",
                  "ref": "Q004645.34",
                  "n": "33",
                  "label": "i 33"
                },
                {
                  "node": "l",
                  "frag": "e-li",
                  "id": "Q004645.l0db70",
                  "ref": "Q004645.34.1",
                  "inst": "%akk:e-li=",
                  "f": {
                    "lang": "akk",
                    "form": "e-li"
                  }
                },
                {
                  "node": "l",
                  "frag": "a-di",
                  "id": "Q004645.l0db71",
                  "ref": "Q004645.34.2",
                  "inst": "%akk:a-di=",
                  "f": {
                    "lang": "akk",
                    "form": "a-di"
                  }
                },
                {
                  "node": "d",
                  "type": "line-start",
                  "ref": "Q004645.35",
                  "n": "34",
                  "label": "i 34"
                },
                {
                  "node": "l",
                  "frag": "{uru}di-ma-aš₂-qi",
                  "id": "Q004645.l0db72",
                  "ref": "Q004645.35.1",
                  "inst": "%akk:{URU}di-ma-aš₂-qi=",
                  "f": {
                    "lang": "akk",
                    "form": "{URU}di-ma-aš₂-qi"
                  }
                },
                {
                  "node": "d",
                  "type": "line-start",
                  "ref": "Q004645.36",
                  "n": "35",
                  "label": "i 35"
                },
                {
                  "node": "l",
                  "frag": "URU",
                  "id": "Q004645.l0db73",
                  "ref": "Q004645.36.1",
                  "inst": "%akk:URU=",
                  "f": {
                    "lang": "akk",
                    "form": "URU"
                  }
                },
                {
                  "node": "l",
                  "frag": "MAN-ti-šu₂",
                  "id": "Q004645.l0db74",
                  "ref": "Q004645.36.2",
                  "inst": "%akk:MAN-ti-šu₂=",
                  "f": {
                    "lang": "akk",
                    "form": "MAN-ti-šu₂"
                  }
                },
                {
                  "node": "l",
                  "frag": "ar-di",
                  "id": "Q004645.l0db75",
                  "ref": "Q004645.36.3",
                  "inst": "%akk:ar-di=",
                  "f": {
                    "lang": "akk",
                    "form": "ar-di"
                  }
                },
                {
                  "node": "d",
                  "subtype": "column 2",
                  "type": "column",
                  "ref": "Q004645.ii.37",
                  "n": "2",
                  "label": "ii"
                },
                {
                  "node": "d",
                  "type": "line-start",
                  "ref": "Q004645.38",
                  "n": "1",
                  "label": "ii 1"
                },
                {
                  "node": "l",
                  "frag": "{giš}KIRI₆.⸢MEŠ⸣-[šu₂",
                  "id": "Q004645.l0db76",
                  "ref": "Q004645.38.1",
                  "inst": "%akk:{GIŠ}KIRI₆.MEŠ-šu₂=",
                  "f": {
                    "lang": "akk",
                    "form": "{GIŠ}KIRI₆.MEŠ-šu₂"
                  }
                },
                {
                  "node": "l",
                  "frag": "ak-kis]",
                  "id": "Q004645.l0db77",
                  "ref": "Q004645.38.2",
                  "inst": "%akk:ak-kis=",
                  "f": {
                    "lang": "akk",
                    "form": "ak-kis"
                  }
                },
                {
                  "node": "d",
                  "type": "line-start",
                  "ref": "Q004645.39",
                  "n": "2",
                  "label": "ii 2"
                },
                {
                  "node": "l",
                  "frag": "⸢KUR⸣",
                  "id": "Q004645.l0db78",
                  "ref": "Q004645.39.1",
                  "inst": "%akk:KUR=",
                  "f": {
                    "lang": "akk",
                    "form": "KUR"
                  }
                },
                {
                  "node": "l",
                  "frag": "[x]",
                  "id": "Q004645.l0db79",
                  "ref": "Q004645.39.2",
                  "inst": "%akk:x=",
                  "f": {
                    "lang": "akk",
                    "form": "x"
                  }
                },
                {
                  "node": "l",
                  "frag": "⸢na⸣",
                  "id": "Q004645.l0db7a",
                  "ref": "Q004645.39.3",
                  "inst": "%akk:na=",
                  "f": {
                    "lang": "akk",
                    "form": "na"
                  }
                },
                {
                  "node": "l",
                  "frag": "[...]",
                  "id": "Q004645.l0db7b",
                  "ref": "Q004645.39.4",
                  "inst": "%akk:x=",
                  "f": {
                    "lang": "akk",
                    "form": "x"
                  }
                },
                {
                  "node": "d",
                  "type": "line-start",
                  "ref": "Q004645.40",
                  "n": "3",
                  "label": "ii 3"
                },
                {
                  "node": "l",
                  "frag": "[...]",
                  "id": "Q004645.l0db7c",
                  "ref": "Q004645.40.1",
                  "inst": "%akk:x=",
                  "f": {
                    "lang": "akk",
                    "form": "x"
                  }
                },
                {
                  "node": "l",
                  "frag": "{⸢d⸣}a-nu",
                  "id": "Q004645.l0db7d",
                  "ref": "Q004645.40.2",
                  "inst": "%akk:{d}a-nu=",
                  "f": {
                    "lang": "akk",
                    "form": "{d}a-nu"
                  }
                },
                {
                  "node": "l",
                  "frag": "u",
                  "id": "Q004645.l0db7e",
                  "ref": "Q004645.40.3",
                  "inst": "%akk:u=",
                  "f": {
                    "lang": "akk",
                    "form": "u"
                  }
                },
                {
                  "node": "l",
                  "frag": "{d}⸢IŠKUR⸣",
                  "id": "Q004645.l0db7f",
                  "ref": "Q004645.40.4",
                  "inst": "%akk:{d}IŠKUR=",
                  "f": {
                    "lang": "akk",
                    "form": "{d}IŠKUR"
                  }
                },
                {
                  "node": "d",
                  "type": "line-start",
                  "ref": "Q004645.41",
                  "n": "4",
                  "label": "ii 4"
                },
                {
                  "node": "l",
                  "frag": "[...]",
                  "id": "Q004645.l0db80",
                  "ref": "Q004645.41.1",
                  "inst": "%akk:x=",
                  "f": {
                    "lang": "akk",
                    "form": "x"
                  }
                },
                {
                  "node": "l",
                  "frag": "tap-šu-uh-⸢ti⸣",
                  "id": "Q004645.l0db81",
                  "ref": "Q004645.41.2",
                  "inst": "%akk:tap-šu-uh-ti=",
                  "f": {
                    "lang": "akk",
                    "form": "tap-šu-uh-ti"
                  }
                },
                {
                  "node": "l",
                  "frag": "[...]",
                  "id": "Q004645.l0db82",
                  "ref": "Q004645.41.3",
                  "inst": "%akk:x=",
                  "f": {
                    "lang": "akk",
                    "form": "x"
                  }
                },
                {
                  "node": "d",
                  "type": "line-start",
                  "ref": "Q004645.42",
                  "n": "5",
                  "label": "ii 5"
                },
                {
                  "node": "l",
                  "frag": "[...",
                  "id": "Q004645.l0db83",
                  "ref": "Q004645.42.1",
                  "inst": "%akk:x=",
                  "f": {
                    "lang": "akk",
                    "form": "x"
                  }
                },
                {
                  "node": "l",
                  "frag": "IGI].SA₂-e",
                  "id": "Q004645.l0db84",
                  "ref": "Q004645.42.2",
                  "inst": "%akk:IGI.SA₂-e=",
                  "f": {
                    "lang": "akk",
                    "form": "IGI.SA₂-e"
                  }
                },
                {
                  "node": "l",
                  "frag": "[...]",
                  "id": "Q004645.l0db85",
                  "ref": "Q004645.42.3",
                  "inst": "%akk:x=",
                  "f": {
                    "lang": "akk",
                    "form": "x"
                  }
                },
                {
                  "node": "d",
                  "type": "line-start",
                  "ref": "Q004645.43",
                  "n": "6",
                  "label": "ii 6"
                },
                {
                  "node": "l",
                  "frag": "[...]",
                  "id": "Q004645.l0db86",
                  "ref": "Q004645.43.1",
                  "inst": "%akk:x=",
                  "f": {
                    "lang": "akk",
                    "form": "x"
                  }
                },
                {
                  "node": "l",
                  "frag": "[am-hur]",
                  "id": "Q004645.l0db87",
                  "ref": "Q004645.43.2",
                  "inst": "%akk:am-hur=",
                  "f": {
                    "lang": "akk",
                    "form": "am-hur"
                  }
                },
                {
                  "node": "l",
                  "frag": "[(...)]",
                  "id": "Q004645.l0db88",
                  "ref": "Q004645.43.3",
                  "inst": "%akk:x=",
                  "f": {
                    "lang": "akk",
                    "form": "x"
                  }
                },
                {
                  "node": "d",
                  "subtype": "column 3",
                  "type": "column",
                  "ref": "Q004645.iii.44",
                  "n": "3",
                  "label": "iii"
                },
                {
                  "node": "d",
                  "type": "line-start",
                  "ref": "Q004645.45",
                  "n": "1",
                  "label": "iii 1"
                },
                {
                  "node": "l",
                  "frag": "2-šu₂",
                  "id": "Q004645.l0db89",
                  "ref": "Q004645.45.1",
                  "inst": "%akk:2-šu₂=",
                  "f": {
                    "lang": "akk",
                    "form": "2-šu₂"
                  }
                },
                {
                  "node": "l",
                  "frag": "a-na",
                  "id": "Q004645.l0db8a",
                  "ref": "Q004645.45.2",
                  "inst": "%akk:a-na=",
                  "f": {
                    "lang": "akk",
                    "form": "a-na"
                  }
                },
                {
                  "node": "l",
                  "frag": "{kur}nam-ri",
                  "id": "Q004645.l0db8b",
                  "ref": "Q004645.45.3",
                  "inst": "%akk:{KUR}nam-ri=",
                  "f": {
                    "lang": "akk",
                    "form": "{KUR}nam-ri"
                  }
                },
                {
                  "node": "l",
                  "frag": "a-lik",
                  "id": "Q004645.l0db8c",
                  "ref": "Q004645.45.4",
                  "inst": "%akk:a-lik=",
                  "f": {
                    "lang": "akk",
                    "form": "a-lik"
                  }
                },
                {
                  "node": "l",
                  "frag": "{m}ia-an-zu-u₂",
                  "id": "Q004645.l0db8d",
                  "ref": "Q004645.45.5",
                  "inst": "%akk:{m}ia-an-zu-u₂=",
                  "f": {
                    "lang": "akk",
                    "form": "{m}ia-an-zu-u₂"
                  }
                },
                {
                  "node": "l",
                  "frag": "MAN",
                  "id": "Q004645.l0db8e",
                  "ref": "Q004645.45.6",
                  "inst": "%akk:MAN=",
                  "f": {
                    "lang": "akk",
                    "form": "MAN"
                  }
                },
                {
                  "node": "l",
                  "frag": "{kur}nam-ri",
                  "id": "Q004645.l0db8f",
                  "ref": "Q004645.45.7",
                  "inst": "%akk:{KUR}nam-ri=",
                  "f": {
                    "lang": "akk",
                    "form": "{KUR}nam-ri"
                  }
                },
                {
                  "node": "l",
                  "frag": "a-di",
                  "id": "Q004645.l0db90",
                  "ref": "Q004645.45.8",
                  "inst": "%akk:a-di=",
                  "f": {
                    "lang": "akk",
                    "form": "a-di"
                  }
                },
                {
                  "node": "l",
                  "frag": "DINGIR.MEŠ-ni-šu₂",
                  "id": "Q004645.l0db91",
                  "ref": "Q004645.45.9",
                  "inst": "%akk:DINGIR.MEŠ-ni-šu₂=",
                  "f": {
                    "lang": "akk",
                    "form": "DINGIR.MEŠ-ni-šu₂"
                  }
                },
                {
                  "node": "l",
                  "frag": "šal-lat",
                  "id": "Q004645.l0db92",
                  "ref": "Q004645.45.10",
                  "inst": "%akk:šal-lat=",
                  "f": {
                    "lang": "akk",
                    "form": "šal-lat"
                  }
                },
                {
                  "node": "l",
                  "frag": "KUR-šu₂",
                  "id": "Q004645.l0db93",
                  "ref": "Q004645.45.11",
                  "inst": "%akk:KUR-šu₂=",
                  "f": {
                    "lang": "akk",
                    "form": "KUR-šu₂"
                  }
                },
                {
                  "node": "d",
                  "type": "line-start",
                  "ref": "Q004645.46",
                  "n": "2",
                  "label": "iii 2"
                },
                {
                  "node": "l",
                  "frag": "⸢NIG₂⸣.GA",
                  "id": "Q004645.l0db94",
                  "ref": "Q004645.46.1",
                  "inst": "%akk:NIG₂.GA=",
                  "f": {
                    "lang": "akk",
                    "form": "NIG₂.GA"
                  }
                },
                {
                  "node": "l",
                  "frag": "E₂.GAL-šu₂",
                  "id": "Q004645.l0db95",
                  "ref": "Q004645.46.2",
                  "inst": "%akk:E₂.GAL-šu₂=",
                  "f": {
                    "lang": "akk",
                    "form": "E₂.GAL-šu₂"
                  }
                },
                {
                  "node": "l",
                  "frag": "a-na",
                  "id": "Q004645.l0db96",
                  "ref": "Q004645.46.3",
                  "inst": "%akk:a-na=",
                  "f": {
                    "lang": "akk",
                    "form": "a-na"
                  }
                },
                {
                  "node": "l",
                  "frag": "URU-ia",
                  "id": "Q004645.l0db97",
                  "ref": "Q004645.46.4",
                  "inst": "%akk:URU-ia=",
                  "f": {
                    "lang": "akk",
                    "form": "URU-ia"
                  }
                },
                {
                  "node": "l",
                  "frag": "aš-šur",
                  "id": "Q004645.l0db98",
                  "ref": "Q004645.46.5",
                  "inst": "%akk:aš-šur=",
                  "f": {
                    "lang": "akk",
                    "form": "aš-šur"
                  }
                },
                {
                  "node": "l",
                  "frag": "ub-la",
                  "id": "Q004645.l0db99",
                  "ref": "Q004645.46.6",
                  "inst": "%akk:ub-la=",
                  "f": {
                    "lang": "akk",
                    "form": "ub-la"
                  }
                },
                {
                  "node": "l",
                  "frag": "a-na",
                  "id": "Q004645.l0db9a",
                  "ref": "Q004645.46.7",
                  "inst": "%akk:a-na=",
                  "f": {
                    "lang": "akk",
                    "form": "a-na"
                  }
                },
                {
                  "node": "l",
                  "frag": "{kur}tu-un-ni",
                  "id": "Q004645.l0db9b",
                  "ref": "Q004645.46.8",
                  "inst": "%akk:{KUR}tu-un-ni=",
                  "f": {
                    "lang": "akk",
                    "form": "{KUR}tu-un-ni"
                  }
                },
                {
                  "node": "l",
                  "frag": "KUR-e",
                  "id": "Q004645.l0db9c",
                  "ref": "Q004645.46.9",
                  "inst": "%akk:KUR-e=",
                  "f": {
                    "lang": "akk",
                    "form": "KUR-e"
                  }
                },
                {
                  "node": "l",
                  "frag": "KU₃.BABBAR",
                  "id": "Q004645.l0db9d",
                  "ref": "Q004645.46.10",
                  "inst": "%akk:KU₃.BABBAR=",
                  "f": {
                    "lang": "akk",
                    "form": "KU₃.BABBAR"
                  }
                },
                {
                  "node": "d",
                  "type": "line-start",
                  "ref": "Q004645.47",
                  "n": "3",
                  "label": "iii 3"
                },
                {
                  "node": "l",
                  "frag": "{kur}mu-li-i",
                  "id": "Q004645.l0db9e",
                  "ref": "Q004645.47.1",
                  "inst": "%akk:{KUR}mu-li-i=",
                  "f": {
                    "lang": "akk",
                    "form": "{KUR}mu-li-i"
                  }
                },
                {
                  "node": "l",
                  "frag": "KUR-e",
                  "id": "Q004645.l0db9f",
                  "ref": "Q004645.47.2",
                  "inst": "%akk:KUR-e=",
                  "f": {
                    "lang": "akk",
                    "form": "KUR-e"
                  }
                },
                {
                  "node": "l",
                  "frag": "{na₄}GIŠ.NU₁₁.GAL",
                  "id": "Q004645.l0dba0",
                  "ref": "Q004645.47.3",
                  "inst": "%akk:{NA₄}GIŠ.NU₁₁.GAL=",
                  "f": {
                    "lang": "akk",
                    "form": "{NA₄}GIŠ.NU₁₁.GAL"
                  }
                },
                {
                  "node": "l",
                  "frag": "e-li",
                  "id": "Q004645.l0dba1",
                  "ref": "Q004645.47.4",
                  "inst": "%akk:e-li=",
                  "f": {
                    "lang": "akk",
                    "form": "e-li"
                  }
                },
                {
                  "node": "l",
                  "frag": "ṣal-mu",
                  "id": "Q004645.l0dba2",
                  "ref": "Q004645.47.5",
                  "inst": "%akk:ṣal-mu=",
                  "f": {
                    "lang": "akk",
                    "form": "ṣal-mu"
                  }
                },
                {
                  "node": "l",
                  "frag": "geš-ru-ti-a",
                  "id": "Q004645.l0dba3",
                  "ref": "Q004645.47.6",
                  "inst": "%akk:geš-ru-ti-a=",
                  "f": {
                    "lang": "akk",
                    "form": "geš-ru-ti-a"
                  }
                },
                {
                  "node": "d",
                  "type": "line-start",
                  "ref": "Q004645.48",
                  "n": "4",
                  "label": "iii 4"
                },
                {
                  "node": "l",
                  "frag": "ina",
                  "id": "Q004645.l0dba4",
                  "ref": "Q004645.48.1",
                  "inst": "%akk:ina=",
                  "f": {
                    "lang": "akk",
                    "form": "ina"
                  }
                },
                {
                  "node": "l",
                  "frag": "qer-bi-šu₂-nu",
                  "id": "Q004645.l0dba5",
                  "ref": "Q004645.48.2",
                  "inst": "%akk:qer-bi-šu₂-nu=",
                  "f": {
                    "lang": "akk",
                    "form": "qer-bi-šu₂-nu"
                  }
                },
                {
                  "node": "l",
                  "frag": "ul-ziz",
                  "id": "Q004645.l0dba6",
                  "ref": "Q004645.48.3",
                  "inst": "%akk:ul-ziz=",
                  "f": {
                    "lang": "akk",
                    "form": "ul-ziz"
                  }
                },
                {
                  "node": "l",
                  "frag": "{na₄}GIŠ.NU₁₁.GAL",
                  "id": "Q004645.l0dba7",
                  "ref": "Q004645.48.4",
                  "inst": "%akk:{NA₄}GIŠ.NU₁₁.GAL=",
                  "f": {
                    "lang": "akk",
                    "form": "{NA₄}GIŠ.NU₁₁.GAL"
                  }
                },
                {
                  "node": "l",
                  "frag": "ma-aʾ-du",
                  "id": "Q004645.l0dba8",
                  "ref": "Q004645.48.5",
                  "inst": "%akk:ma-aʾ-du=",
                  "f": {
                    "lang": "akk",
                    "form": "ma-aʾ-du"
                  }
                },
                {
                  "node": "l",
                  "frag": "a-na",
                  "id": "Q004645.l0dba9",
                  "ref": "Q004645.48.6",
                  "inst": "%akk:a-na=",
                  "f": {
                    "lang": "akk",
                    "form": "a-na"
                  }
                },
                {
                  "node": "l",
                  "frag": "la",
                  "id": "Q004645.l0dbaa",
                  "ref": "Q004645.48.7",
                  "inst": "%akk:la=",
                  "f": {
                    "lang": "akk",
                    "form": "la"
                  }
                },
                {
                  "node": "l",
                  "frag": "ma-ni",
                  "id": "Q004645.l0dbab",
                  "ref": "Q004645.48.8",
                  "inst": "%akk:ma-ni=",
                  "f": {
                    "lang": "akk",
                    "form": "ma-ni"
                  }
                },
                {
                  "node": "d",
                  "type": "line-start",
                  "ref": "Q004645.49",
                  "n": "5",
                  "label": "iii 5"
                },
                {
                  "node": "l",
                  "frag": "aš₂-ša₂-a",
                  "id": "Q004645.l0dbac",
                  "ref": "Q004645.49.1",
                  "inst": "%akk:aš₂-ša₂-a=",
                  "f": {
                    "lang": "akk",
                    "form": "aš₂-ša₂-a"
                  }
                },
                {
                  "node": "l",
                  "frag": "a-na",
                  "id": "Q004645.l0dbad",
                  "ref": "Q004645.49.2",
                  "inst": "%akk:a-na=",
                  "f": {
                    "lang": "akk",
                    "form": "a-na"
                  }
                },
                {
                  "node": "l",
                  "frag": "{kur}qu-u₂-e",
                  "id": "Q004645.l0dbae",
                  "ref": "Q004645.49.3",
                  "inst": "%akk:{KUR}qu-u₂-e=",
                  "f": {
                    "lang": "akk",
                    "form": "{KUR}qu-u₂-e"
                  }
                },
                {
                  "node": "l",
                  "frag": "{kur}ta-ba-li",
                  "id": "Q004645.l0dbaf",
                  "ref": "Q004645.49.4",
                  "inst": "%akk:{KUR}ta-ba-li=",
                  "f": {
                    "lang": "akk",
                    "form": "{KUR}ta-ba-li"
                  }
                },
                {
                  "node": "l",
                  "frag": "a-lik",
                  "id": "Q004645.l0dbb0",
                  "ref": "Q004645.49.5",
                  "inst": "%akk:a-lik=",
                  "f": {
                    "lang": "akk",
                    "form": "a-lik"
                  }
                },
                {
                  "node": "l",
                  "frag": "KUR.KUR.MEŠ-šu₂-nu",
                  "id": "Q004645.l0dbb1",
                  "ref": "Q004645.49.6",
                  "inst": "%akk:KUR.KUR.MEŠ-šu₂-nu=",
                  "f": {
                    "lang": "akk",
                    "form": "KUR.KUR.MEŠ-šu₂-nu"
                  }
                },
                {
                  "node": "d",
                  "type": "line-start",
                  "ref": "Q004645.50",
                  "n": "6",
                  "label": "iii 6"
                },
                {
                  "node": "l",
                  "frag": "a-ne₂-er-ma",
                  "id": "Q004645.l0dbb2",
                  "ref": "Q004645.50.1",
                  "inst": "%akk:a-ne₂-er-ma=",
                  "f": {
                    "lang": "akk",
                    "form": "a-ne₂-er-ma"
                  }
                },
                {
                  "node": "l",
                  "frag": "a-na",
                  "id": "Q004645.l0dbb3",
                  "ref": "Q004645.50.2",
                  "inst": "%akk:a-na=",
                  "f": {
                    "lang": "akk",
                    "form": "a-na"
                  }
                },
                {
                  "node": "l",
                  "frag": "DU₆",
                  "id": "Q004645.l0dbb4",
                  "ref": "Q004645.50.3",
                  "inst": "%akk:DU₆=",
                  "f": {
                    "lang": "akk",
                    "form": "DU₆"
                  }
                },
                {
                  "node": "l",
                  "frag": "u",
                  "id": "Q004645.l0dbb5",
                  "ref": "Q004645.50.4",
                  "inst": "%akk:u=",
                  "f": {
                    "lang": "akk",
                    "form": "u"
                  }
                },
                {
                  "node": "l",
                  "frag": "kar-me",
                  "id": "Q004645.l0dbb6",
                  "ref": "Q004645.50.5",
                  "inst": "%akk:kar-me=",
                  "f": {
                    "lang": "akk",
                    "form": "kar-me"
                  }
                },
                {
                  "node": "l",
                  "frag": "u₂-ter",
                  "id": "Q004645.l0dbb7",
                  "ref": "Q004645.50.6",
                  "inst": "%akk:u₂-ter=",
                  "f": {
                    "lang": "akk",
                    "form": "u₂-ter"
                  }
                },
                {
                  "node": "l",
                  "frag": "{m}ka-ti-i",
                  "id": "Q004645.l0dbb8",
                  "ref": "Q004645.50.7",
                  "inst": "%akk:{m}ka-ti-i=",
                  "f": {
                    "lang": "akk",
                    "form": "{m}ka-ti-i"
                  }
                },
                {
                  "node": "l",
                  "frag": "{lu₂}KUR₂.MEŠ",
                  "id": "Q004645.l0dbb9",
                  "ref": "Q004645.50.8",
                  "inst": "%akk:{LU₂}KUR₂.MEŠ=",
                  "f": {
                    "lang": "akk",
                    "form": "{LU₂}KUR₂.MEŠ"
                  }
                },
                {
                  "node": "l",
                  "frag": "šap-ṣu",
                  "id": "Q004645.l0dbba",
                  "ref": "Q004645.50.9",
                  "inst": "%akk:šap-ṣu=",
                  "f": {
                    "lang": "akk",
                    "form": "šap-ṣu"
                  }
                },
                {
                  "node": "d",
                  "type": "line-start",
                  "ref": "Q004645.51",
                  "n": "7",
                  "label": "iii 7"
                },
                {
                  "node": "l",
                  "frag": "ina",
                  "id": "Q004645.l0dbbb",
                  "ref": "Q004645.51.1",
                  "inst": "%akk:ina=",
                  "f": {
                    "lang": "akk",
                    "form": "ina"
                  }
                },
                {
                  "node": "l",
                  "frag": "{uru}pa-ah-ri",
                  "id": "Q004645.l0dbbc",
                  "ref": "Q004645.51.2",
                  "inst": "%akk:{URU}pa-ah-ri=",
                  "f": {
                    "lang": "akk",
                    "form": "{URU}pa-ah-ri"
                  }
                },
                {
                  "node": "l",
                  "frag": "<URU>",
                  "id": "Q004645.l0dbbd",
                  "ref": "Q004645.51.3",
                  "inst": "%akk:URU=",
                  "f": {
                    "lang": "akk",
                    "form": "URU"
                  }
                },
                {
                  "node": "l",
                  "frag": "MAN-ti-šu₂",
                  "id": "Q004645.l0dbbe",
                  "ref": "Q004645.51.4",
                  "inst": "%akk:MAN-ti-šu₂=",
                  "f": {
                    "lang": "akk",
                    "form": "MAN-ti-šu₂"
                  }
                },
                {
                  "node": "l",
                  "frag": "e-sir-šu₂",
                  "id": "Q004645.l0dbbf",
                  "ref": "Q004645.51.5",
                  "inst": "%akk:e-sir-šu₂=",
                  "f": {
                    "lang": "akk",
                    "form": "e-sir-šu₂"
                  }
                },
                {
                  "node": "l",
                  "frag": "me-lam-me",
                  "id": "Q004645.l0dbc0",
                  "ref": "Q004645.51.6",
                  "inst": "%akk:me-lam-me=",
                  "f": {
                    "lang": "akk",
                    "form": "me-lam-me"
                  }
                },
                {
                  "node": "l",
                  "frag": "EN-ti-a",
                  "id": "Q004645.l0dbc1",
                  "ref": "Q004645.51.7",
                  "inst": "%akk:EN-ti-a=",
                  "f": {
                    "lang": "akk",
                    "form": "EN-ti-a"
                  }
                },
                {
                  "node": "l",
                  "frag": "is-hu-pu-šu₂-ma",
                  "id": "Q004645.l0dbc2",
                  "ref": "Q004645.51.8",
                  "inst": "%akk:is-hu-pu-šu₂-ma=",
                  "f": {
                    "lang": "akk",
                    "form": "is-hu-pu-šu₂-ma"
                  }
                },
                {
                  "node": "l",
                  "frag": "DUMU.MUNUS-su",
                  "id": "Q004645.l0dbc3",
                  "ref": "Q004645.51.9",
                  "inst": "%akk:DUMU.MUNUS-su=",
                  "f": {
                    "lang": "akk",
                    "form": "DUMU.MUNUS-su"
                  }
                },
                {
                  "node": "d",
                  "type": "line-start",
                  "ref": "Q004645.52",
                  "n": "8",
                  "label": "iii 8"
                },
                {
                  "node": "l",
                  "frag": "it-ti",
                  "id": "Q004645.l0dbc4",
                  "ref": "Q004645.52.1",
                  "inst": "%akk:it-ti=",
                  "f": {
                    "lang": "akk",
                    "form": "it-ti"
                  }
                },
                {
                  "node": "l",
                  "frag": "nu-du-ni-ša₂",
                  "id": "Q004645.l0dbc5",
                  "ref": "Q004645.52.2",
                  "inst": "%akk:nu-du-ni-ša₂=",
                  "f": {
                    "lang": "akk",
                    "form": "nu-du-ni-ša₂"
                  }
                },
                {
                  "node": "l",
                  "frag": "ana",
                  "id": "Q004645.l0dbc6",
                  "ref": "Q004645.52.3",
                  "inst": "%akk:ana=",
                  "f": {
                    "lang": "akk",
                    "form": "ana"
                  }
                },
                {
                  "node": "l",
                  "frag": "{uru}kal-hi",
                  "id": "Q004645.l0dbc7",
                  "ref": "Q004645.52.4",
                  "inst": "%akk:{URU}kal-hi=",
                  "f": {
                    "lang": "akk",
                    "form": "{URU}kal-hi"
                  }
                },
                {
                  "node": "l",
                  "frag": "ub-la",
                  "id": "Q004645.l0dbc8",
                  "ref": "Q004645.52.5",
                  "inst": "%akk:ub-la=",
                  "f": {
                    "lang": "akk",
                    "form": "ub-la"
                  }
                },
                {
                  "node": "l",
                  "frag": "GIR₃.II-ia",
                  "id": "Q004645.l0dbc9",
                  "ref": "Q004645.52.6",
                  "inst": "%akk:GIR₃.II-ia=",
                  "f": {
                    "lang": "akk",
                    "form": "GIR₃.II-ia"
                  }
                },
                {
                  "node": "l",
                  "frag": "iṣ-bat",
                  "id": "Q004645.l0dbca",
                  "ref": "Q004645.52.7",
                  "inst": "%akk:iṣ-bat=",
                  "f": {
                    "lang": "akk",
                    "form": "iṣ-bat"
                  }
                },
                {
                  "node": "d",
                  "type": "line-start",
                  "ref": "Q004645.53",
                  "n": "9",
                  "label": "iii 9"
                },
                {
                  "node": "l",
                  "frag": "ina",
                  "id": "Q004645.l0dbcb",
                  "ref": "Q004645.53.1",
                  "inst": "%akk:ina=",
                  "f": {
                    "lang": "akk",
                    "form": "ina"
                  }
                },
                {
                  "node": "l",
                  "frag": "u₄-me-šu-ma",
                  "id": "Q004645.l0dbcc",
                  "ref": "Q004645.53.2",
                  "inst": "%akk:u₄-me-šu-ma=",
                  "f": {
                    "lang": "akk",
                    "form": "u₄-me-šu-ma"
                  }
                },
                {
                  "node": "l",
                  "frag": "BAD₃.MEŠ-ni",
                  "id": "Q004645.l0dbcd",
                  "ref": "Q004645.53.3",
                  "inst": "%akk:BAD₃.MEŠ-ni=",
                  "f": {
                    "lang": "akk",
                    "form": "BAD₃.MEŠ-ni"
                  }
                },
                {
                  "node": "l",
                  "frag": "URU-ia",
                  "id": "Q004645.l0dbce",
                  "ref": "Q004645.53.4",
                  "inst": "%akk:URU-ia=",
                  "f": {
                    "lang": "akk",
                    "form": "URU-ia"
                  }
                },
                {
                  "node": "l",
                  "frag": "aš-šur",
                  "id": "Q004645.l0dbcf",
                  "ref": "Q004645.53.5",
                  "inst": "%akk:aš-šur=",
                  "f": {
                    "lang": "akk",
                    "form": "aš-šur"
                  }
                },
                {
                  "node": "l",
                  "frag": "TA",
                  "id": "Q004645.l0dbd0",
                  "ref": "Q004645.53.6",
                  "inst": "%akk:TA=",
                  "f": {
                    "lang": "akk",
                    "form": "TA"
                  }
                },
                {
                  "node": "l",
                  "frag": "uš-še-šu-nu",
                  "id": "Q004645.l0dbd1",
                  "ref": "Q004645.53.7",
                  "inst": "%akk:uš-še-šu-nu=",
                  "f": {
                    "lang": "akk",
                    "form": "uš-še-šu-nu"
                  }
                },
                {
                  "node": "l",
                  "frag": "a-di",
                  "id": "Q004645.l0dbd2",
                  "ref": "Q004645.53.8",
                  "inst": "%akk:a-di=",
                  "f": {
                    "lang": "akk",
                    "form": "a-di"
                  }
                },
                {
                  "node": "l",
                  "frag": "gaba-dib-bi-šu-nu",
                  "id": "Q004645.l0dbd3",
                  "ref": "Q004645.53.9",
                  "inst": "%akk:gaba-dib-bi-šu-nu=",
                  "f": {
                    "lang": "akk",
                    "form": "gaba-dib-bi-šu-nu"
                  }
                },
                {
                  "node": "l",
                  "frag": "DU₃-uš",
                  "id": "Q004645.l0dbd4",
                  "ref": "Q004645.53.10",
                  "inst": "%akk:DU₃-uš=",
                  "f": {
                    "lang": "akk",
                    "form": "DU₃-uš"
                  }
                },
                {
                  "node": "d",
                  "type": "line-start",
                  "ref": "Q004645.54",
                  "n": "10",
                  "label": "iii 10"
                },
                {
                  "node": "l",
                  "frag": "ṣa-lam",
                  "id": "Q004645.l0dbd5",
                  "ref": "Q004645.54.1",
                  "inst": "%akk:ṣa-lam=",
                  "f": {
                    "lang": "akk",
                    "form": "ṣa-lam"
                  }
                },
                {
                  "node": "l",
                  "frag": "MAN-ti-a",
                  "id": "Q004645.l0dbd6",
                  "ref": "Q004645.54.2",
                  "inst": "%akk:MAN-ti-a=",
                  "f": {
                    "lang": "akk",
                    "form": "MAN-ti-a"
                  }
                },
                {
                  "node": "l",
                  "frag": "DU₃-uš",
                  "id": "Q004645.l0dbd7",
                  "ref": "Q004645.54.3",
                  "inst": "%akk:DU₃-uš=",
                  "f": {
                    "lang": "akk",
                    "form": "DU₃-uš"
                  }
                },
                {
                  "node": "l",
                  "frag": "ina",
                  "id": "Q004645.l0dbd8",
                  "ref": "Q004645.54.4",
                  "inst": "%akk:ina=",
                  "f": {
                    "lang": "akk",
                    "form": "ina"
                  }
                },
                {
                  "node": "l",
                  "frag": "KA₂.GAL",
                  "id": "Q004645.l0dbd9",
                  "ref": "Q004645.54.5",
                  "inst": "%akk:KA₂.GAL=",
                  "f": {
                    "lang": "akk",
                    "form": "KA₂.GAL"
                  }
                },
                {
                  "node": "l",
                  "frag": "TIBIRA",
                  "id": "Q004645.l0dbda",
                  "ref": "Q004645.54.6",
                  "inst": "%akk:TIBIRA=",
                  "f": {
                    "lang": "akk",
                    "form": "TIBIRA"
                  }
                },
                {
                  "node": "l",
                  "frag": "ul-ziz",
                  "id": "Q004645.l0dbdb",
                  "ref": "Q004645.54.7",
                  "inst": "%akk:ul-ziz=",
                  "f": {
                    "lang": "akk",
                    "form": "ul-ziz"
                  }
                },
                {
                  "node": "l",
                  "frag": "MU",
                  "id": "Q004645.l0dbdc",
                  "ref": "Q004645.54.8",
                  "inst": "%akk:MU=",
                  "f": {
                    "lang": "akk",
                    "form": "MU"
                  }
                },
                {
                  "node": "l",
                  "frag": "BAD₃",
                  "id": "Q004645.l0dbdd",
                  "ref": "Q004645.54.9",
                  "inst": "%akk:BAD₃=",
                  "f": {
                    "lang": "akk",
                    "form": "BAD₃"
                  }
                },
                {
                  "node": "l",
                  "frag": "GAL-e",
                  "id": "Q004645.l0dbde",
                  "ref": "Q004645.54.10",
                  "inst": "%akk:GAL-e=",
                  "f": {
                    "lang": "akk",
                    "form": "GAL-e"
                  }
                },
                {
                  "node": "l",
                  "frag": "ša₂",
                  "id": "Q004645.l0dbdf",
                  "ref": "Q004645.54.11",
                  "inst": "%akk:ša₂=",
                  "f": {
                    "lang": "akk",
                    "form": "ša₂"
                  }
                },
                {
                  "node": "l",
                  "frag": "me-lam-mu-šu₂",
                  "id": "Q004645.l0dbe0",
                  "ref": "Q004645.54.12",
                  "inst": "%akk:me-lam-mu-šu₂=",
                  "f": {
                    "lang": "akk",
                    "form": "me-lam-mu-šu₂"
                  }
                },
                {
                  "node": "l",
                  "frag": "KUR",
                  "id": "Q004645.l0dbe1",
                  "ref": "Q004645.54.13",
                  "inst": "%akk:KUR=",
                  "f": {
                    "lang": "akk",
                    "form": "KUR"
                  }
                },
                {
                  "node": "l",
                  "frag": "kat₂-mu",
                  "id": "Q004645.l0dbe2",
                  "ref": "Q004645.54.14",
                  "inst": "%akk:kat₂-mu=",
                  "f": {
                    "lang": "akk",
                    "form": "kat₂-mu"
                  }
                },
                {
                  "node": "d",
                  "type": "line-start",
                  "ref": "Q004645.55",
                  "n": "11",
                  "label": "iii 11"
                },
                {
                  "node": "l",
                  "frag": "MU",
                  "id": "Q004645.l0dbe3",
                  "ref": "Q004645.55.1",
                  "inst": "%akk:MU=",
                  "f": {
                    "lang": "akk",
                    "form": "MU"
                  }
                },
                {
                  "node": "l",
                  "frag": "šal-hi-šu₂",
                  "id": "Q004645.l0dbe4",
                  "ref": "Q004645.55.2",
                  "inst": "%akk:šal-hi-šu₂=",
                  "f": {
                    "lang": "akk",
                    "form": "šal-hi-šu₂"
                  }
                },
                {
                  "node": "l",
                  "frag": "mu-nar₃-ri-ṭi₂",
                  "id": "Q004645.l0dbe5",
                  "ref": "Q004645.55.3",
                  "inst": "%akk:mu-nar₃-ri-ṭi₂=",
                  "f": {
                    "lang": "akk",
                    "form": "mu-nar₃-ri-ṭi₂"
                  }
                },
                {
                  "node": "l",
                  "frag": "kib-ra-a-te",
                  "id": "Q004645.l0dbe6",
                  "ref": "Q004645.55.4",
                  "inst": "%akk:kib-ra-a-te=",
                  "f": {
                    "lang": "akk",
                    "form": "kib-ra-a-te"
                  }
                }
              ]
            }
          ]
        }
      ]
    }
  ]
}
