{
  "type": "cdl",
  "source": "http://oracc.org/riao",
  "license": "This data is released under the CC0 license",
  "license-url": "https://creativecommons.org/publicdomain/zero/1.0/",
  "more-info": "http://oracc.org/doc/opendata/",
  "UTC-timestamp": "2017-06-10T00:11:29",
  "project": "riao",
  "textid": "Q004742",
  "cdl": [
    {
      "node": "c",
      "type": "text",
      "id": "Q004742.U0",
      "cdl": [
        {
          "node": "d",
          "type": "object",
          "ref": ""
        },
        {
          "node": "d",
          "type": "surface",
          "ref": ""
        },
        {
          "node": "c",
          "type": "discourse",
          "subtype": "body",
          "id": "Q004742.U1",
          "cdl": [
            {
              "node": "c",
              "type": "sentence",
              "id": "Q004742.U2",
              "label": "1 - 5",
              "cdl": [
                {
                  "node": "d",
                  "type": "line-start",
                  "ref": "Q004742.1",
                  "n": "1",
                  "label": "1"
                },
                {
                  "node": "l",
                  "frag": "ana",
                  "id": "Q004742.l0ed4e",
                  "ref": "Q004742.1.1",
                  "inst": "%akk:ana=",
                  "f": {
                    "lang": "akk",
                    "form": "ana"
                  }
                },
                {
                  "node": "l",
                  "frag": "{d}NIN-GARZA.MEŠ",
                  "id": "Q004742.l0ed4f",
                  "ref": "Q004742.1.2",
                  "inst": "%akk:{d}NIN-GARZA.MEŠ=",
                  "f": {
                    "lang": "akk",
                    "form": "{d}NIN-GARZA.MEŠ"
                  }
                },
                {
                  "node": "l",
                  "frag": "NIN-šu₂",
                  "id": "Q004742.l0ed50",
                  "ref": "Q004742.1.3",
                  "inst": "%akk:NIN-šu₂=",
                  "f": {
                    "lang": "akk",
                    "form": "NIN-šu₂"
                  }
                },
                {
                  "node": "d",
                  "type": "line-start",
                  "ref": "Q004742.2",
                  "n": "2",
                  "label": "2"
                },
                {
                  "node": "l",
                  "frag": "{m}šam-ši-10",
                  "id": "Q004742.l0ed51",
                  "ref": "Q004742.2.1",
                  "inst": "%akk:{m}šam-ši-10=",
                  "f": {
                    "lang": "akk",
                    "form": "{m}šam-ši-10"
                  }
                },
                {
                  "node": "l",
                  "frag": "GAR",
                  "id": "Q004742.l0ed52",
                  "ref": "Q004742.2.2",
                  "inst": "%akk:GAR=",
                  "f": {
                    "lang": "akk",
                    "form": "GAR"
                  }
                },
                {
                  "node": "l",
                  "frag": "{d}BAD",
                  "id": "Q004742.l0ed53",
                  "ref": "Q004742.2.3",
                  "inst": "%akk:{d}BAD=",
                  "f": {
                    "lang": "akk",
                    "form": "{d}BAD"
                  }
                },
                {
                  "node": "l",
                  "frag": "ŠID",
                  "id": "Q004742.l0ed54",
                  "ref": "Q004742.2.4",
                  "inst": "%akk:ŠID=",
                  "f": {
                    "lang": "akk",
                    "form": "ŠID"
                  }
                },
                {
                  "node": "l",
                  "frag": "AŠ",
                  "id": "Q004742.l0ed55",
                  "ref": "Q004742.2.5",
                  "inst": "%akk:AŠ=",
                  "f": {
                    "lang": "akk",
                    "form": "AŠ"
                  }
                },
                {
                  "node": "d",
                  "type": "line-start",
                  "ref": "Q004742.3",
                  "n": "3",
                  "label": "3"
                },
                {
                  "node": "l",
                  "frag": "A",
                  "id": "Q004742.l0ed56",
                  "ref": "Q004742.3.1",
                  "inst": "%akk:A=",
                  "f": {
                    "lang": "akk",
                    "form": "A"
                  }
                },
                {
                  "node": "l",
                  "frag": "{d}šul₃-ma-nu-MAŠ",
                  "id": "Q004742.l0ed57",
                  "ref": "Q004742.3.2",
                  "inst": "%akk:{d}šul₃-ma-nu-MAŠ=",
                  "f": {
                    "lang": "akk",
                    "form": "{d}šul₃-ma-nu-MAŠ"
                  }
                },
                {
                  "node": "l",
                  "frag": "ŠID",
                  "id": "Q004742.l0ed58",
                  "ref": "Q004742.3.3",
                  "inst": "%akk:ŠID=",
                  "f": {
                    "lang": "akk",
                    "form": "ŠID"
                  }
                },
                {
                  "node": "l",
                  "frag": "AŠ",
                  "id": "Q004742.l0ed59",
                  "ref": "Q004742.3.4",
                  "inst": "%akk:AŠ=",
                  "f": {
                    "lang": "akk",
                    "form": "AŠ"
                  }
                },
                {
                  "node": "d",
                  "type": "line-start",
                  "ref": "Q004742.4",
                  "n": "4",
                  "label": "4"
                },
                {
                  "node": "l",
                  "frag": "A",
                  "id": "Q004742.l0ed5a",
                  "ref": "Q004742.4.1",
                  "inst": "%akk:A=",
                  "f": {
                    "lang": "akk",
                    "form": "A"
                  }
                },
                {
                  "node": "l",
                  "frag": "AŠ-PAP-A",
                  "id": "Q004742.l0ed5b",
                  "ref": "Q004742.4.2",
                  "inst": "%akk:AŠ-PAP-A=",
                  "f": {
                    "lang": "akk",
                    "form": "AŠ-PAP-A"
                  }
                },
                {
                  "node": "l",
                  "frag": "ŠID",
                  "id": "Q004742.l0ed5c",
                  "ref": "Q004742.4.3",
                  "inst": "%akk:ŠID=",
                  "f": {
                    "lang": "akk",
                    "form": "ŠID"
                  }
                },
                {
                  "node": "l",
                  "frag": "AŠ-ma",
                  "id": "Q004742.l0ed5d",
                  "ref": "Q004742.4.4",
                  "inst": "%akk:AŠ-ma=",
                  "f": {
                    "lang": "akk",
                    "form": "AŠ-ma"
                  }
                },
                {
                  "node": "d",
                  "type": "line-start",
                  "ref": "Q004742.5",
                  "n": "5",
                  "label": "5"
                },
                {
                  "node": "l",
                  "frag": "ana",
                  "id": "Q004742.l0ed5e",
                  "ref": "Q004742.5.1",
                  "inst": "%akk:ana=",
                  "f": {
                    "lang": "akk",
                    "form": "ana"
                  }
                },
                {
                  "node": "l",
                  "frag": "TI-šu₂",
                  "id": "Q004742.l0ed5f",
                  "ref": "Q004742.5.2",
                  "inst": "%akk:TI-šu₂=",
                  "f": {
                    "lang": "akk",
                    "form": "TI-šu₂"
                  }
                },
                {
                  "node": "l",
                  "frag": "BA",
                  "id": "Q004742.l0ed60",
                  "ref": "Q004742.5.3",
                  "inst": "%akk:BA=",
                  "f": {
                    "lang": "akk",
                    "form": "BA"
                  }
                }
              ]
            }
          ]
        }
      ]
    }
  ]
}
