{
  "type": "cdl",
  "source": "http://oracc.org/riao",
  "license": "This data is released under the CC0 license",
  "license-url": "https://creativecommons.org/publicdomain/zero/1.0/",
  "more-info": "http://oracc.org/doc/opendata/",
  "UTC-timestamp": "2017-06-10T00:11:56",
  "project": "riao",
  "textid": "Q005761",
  "cdl": [
    {
      "node": "c",
      "type": "text",
      "id": "Q005761.U0",
      "cdl": [
        {
          "node": "d",
          "type": "object",
          "ref": ""
        },
        {
          "node": "d",
          "type": "surface",
          "ref": ""
        },
        {
          "node": "d",
          "type": "nonx",
          "ref": "Q005761.1",
          "strict": "0",
          "state": "other"
        },
        {
          "node": "c",
          "type": "discourse",
          "subtype": "body",
          "id": "Q005761.U1",
          "cdl": [
            {
              "node": "c",
              "type": "sentence",
              "id": "Q005761.U2",
              "label": "1' - 5'",
              "cdl": [
                {
                  "node": "d",
                  "type": "line-start",
                  "ref": "Q005761.2",
                  "n": "1'",
                  "label": "1'"
                },
                {
                  "node": "l",
                  "frag": "[...]",
                  "id": "Q005761.l008e5",
                  "ref": "Q005761.2.1",
                  "inst": "u",
                  "f": {
                    "lang": "akk",
                    "form": "x",
                    "pos": "u"
                  }
                },
                {
                  "node": "l",
                  "frag": "⸢u₄-mi⸣",
                  "id": "Q005761.l008e6",
                  "ref": "Q005761.2.2",
                  "inst": "ūmī[day]N",
                  "sig": "@riao%akk:u₄-mi=ūmu[day//day]N'N$ūmī",
                  "f": {
                    "lang": "akk",
                    "form": "u₄-mi",
                    "cf": "ūmu",
                    "gw": "day",
                    "sense": "day",
                    "norm": "ūmī",
                    "pos": "N",
                    "epos": "N"
                  }
                },
                {
                  "node": "l",
                  "frag": "[...]",
                  "id": "Q005761.l008e7",
                  "ref": "Q005761.2.3",
                  "inst": "u",
                  "f": {
                    "lang": "akk",
                    "form": "x",
                    "pos": "u"
                  }
                },
                {
                  "node": "d",
                  "type": "line-start",
                  "ref": "Q005761.3",
                  "n": "2'",
                  "label": "2'"
                },
                {
                  "node": "l",
                  "frag": "[...]",
                  "id": "Q005761.l008e8",
                  "ref": "Q005761.3.1",
                  "inst": "u",
                  "f": {
                    "lang": "akk",
                    "form": "x",
                    "pos": "u"
                  }
                },
                {
                  "node": "l",
                  "frag": "⸢mu⸣-la-šu",
                  "id": "Q005761.l008e9",
                  "ref": "Q005761.3.2",
                  "inst": "mūlašu[height]N",
                  "sig": "@riao%akk:mu-la-šu=mūlû[height//height]N'N$mūlašu",
                  "f": {
                    "lang": "akk",
                    "form": "mu-la-šu",
                    "cf": "mūlû",
                    "gw": "height",
                    "sense": "height",
                    "norm": "mūlašu",
                    "pos": "N",
                    "epos": "N"
                  }
                },
                {
                  "node": "l",
                  "frag": "iš-tu",
                  "id": "Q005761.l008ea",
                  "ref": "Q005761.3.3",
                  "inst": "ištu[from]PRP",
                  "sig": "@riao%akk:iš-tu=ištu[from//from]PRP'PRP$ištu",
                  "f": {
                    "lang": "akk",
                    "form": "iš-tu",
                    "cf": "ištu",
                    "gw": "from",
                    "sense": "from",
                    "norm": "ištu",
                    "pos": "PRP",
                    "epos": "PRP"
                  }
                },
                {
                  "node": "l",
                  "frag": "[...]",
                  "id": "Q005761.l008eb",
                  "ref": "Q005761.3.4",
                  "inst": "u",
                  "f": {
                    "lang": "akk",
                    "form": "x",
                    "pos": "u"
                  }
                },
                {
                  "node": "d",
                  "type": "line-start",
                  "ref": "Q005761.4",
                  "n": "3'",
                  "label": "3'"
                },
                {
                  "node": "l",
                  "frag": "[...",
                  "id": "Q005761.l008ec",
                  "ref": "Q005761.4.1",
                  "inst": "u",
                  "f": {
                    "lang": "akk",
                    "form": "x",
                    "pos": "u"
                  }
                },
                {
                  "node": "l",
                  "frag": "e]-⸢pe⸣-ri",
                  "id": "Q005761.l008ed",
                  "ref": "Q005761.4.2",
                  "inst": "eperi[earth]N",
                  "sig": "@riao%akk:e-pe-ri=eperu[earth//earth]N'N$eperi",
                  "f": {
                    "lang": "akk",
                    "form": "e-pe-ri",
                    "cf": "eperu",
                    "gw": "earth",
                    "sense": "earth",
                    "norm": "eperi",
                    "pos": "N",
                    "epos": "N"
                  }
                },
                {
                  "node": "l",
                  "frag": "aš₂-pu-uk",
                  "id": "Q005761.l008ee",
                  "ref": "Q005761.4.3",
                  "inst": "ašpuk[heap up]V",
                  "sig": "@riao%akk:aš₂-pu-uk=šapāku[heap up//heap up]V'V$ašpuk",
                  "f": {
                    "lang": "akk",
                    "form": "aš₂-pu-uk",
                    "cf": "šapāku",
                    "gw": "heap up",
                    "sense": "heap up",
                    "norm": "ašpuk",
                    "pos": "V",
                    "epos": "V"
                  }
                },
                {
                  "node": "l",
                  "frag": "SAG",
                  "id": "Q005761.l008ef",
                  "ref": "Q005761.4.4",
                  "inst": "rēšu[head//top]N'N$rēš",
                  "sig": "@riao%akk:SAG=rēšu[head//top]N'N$rēš",
                  "f": {
                    "lang": "akk",
                    "form": "SAG",
                    "cf": "rēšu",
                    "gw": "head",
                    "sense": "top",
                    "norm": "rēš",
                    "pos": "N",
                    "epos": "N"
                  }
                },
                {
                  "node": "l",
                  "frag": "si-[qur-ra-ti",
                  "id": "Q005761.l008f0",
                  "ref": "Q005761.4.5",
                  "inst": "siqqurrati[ziggurrat]N",
                  "sig": "@riao%akk:si-qur-ra-ti=ziqqurratu[ziggurrat//ziggurrat]N'N$siqqurrati",
                  "f": {
                    "lang": "akk",
                    "form": "si-qur-ra-ti",
                    "cf": "ziqqurratu",
                    "gw": "ziggurrat",
                    "sense": "ziggurrat",
                    "norm": "siqqurrati",
                    "pos": "N",
                    "epos": "N"
                  }
                },
                {
                  "node": "l",
                  "frag": "...]",
                  "id": "Q005761.l008f1",
                  "ref": "Q005761.4.6",
                  "inst": "u",
                  "f": {
                    "lang": "akk",
                    "form": "x",
                    "pos": "u"
                  }
                },
                {
                  "node": "d",
                  "type": "line-start",
                  "ref": "Q005761.5",
                  "n": "4'",
                  "label": "4'"
                },
                {
                  "node": "l",
                  "frag": "[...",
                  "id": "Q005761.l008f2",
                  "ref": "Q005761.5.1",
                  "inst": "u",
                  "f": {
                    "lang": "akk",
                    "form": "x",
                    "pos": "u"
                  }
                },
                {
                  "node": "l",
                  "frag": "na-re]-⸢ia⸣",
                  "id": "Q005761.l008f3",
                  "ref": "Q005761.5.2",
                  "inst": "narêya[stele]N",
                  "sig": "@riao%akk:na-re-ia=narû[stele//stele]N'N$narêya",
                  "f": {
                    "lang": "akk",
                    "form": "na-re-ia",
                    "cf": "narû",
                    "gw": "stele",
                    "sense": "stele",
                    "norm": "narêya",
                    "pos": "N",
                    "epos": "N"
                  }
                },
                {
                  "node": "l",
                  "frag": "aš-ku-un",
                  "id": "Q005761.l008f4",
                  "ref": "Q005761.5.3",
                  "inst": "aškun[deposit]V",
                  "sig": "@riao%akk:aš-ku-un=šakānu[put//deposit]V'V$aškun",
                  "f": {
                    "lang": "akk",
                    "form": "aš-ku-un",
                    "cf": "šakānu",
                    "gw": "put",
                    "sense": "deposit",
                    "norm": "aškun",
                    "pos": "V",
                    "epos": "V"
                  }
                },
                {
                  "node": "l",
                  "frag": "⸢a⸣-[na",
                  "id": "Q005761.l008f5",
                  "ref": "Q005761.5.4",
                  "inst": "ana[for]PRP",
                  "sig": "@riao%akk:a-na=ana[to//for]PRP'PRP$ana",
                  "f": {
                    "lang": "akk",
                    "form": "a-na",
                    "cf": "ana",
                    "gw": "to",
                    "sense": "for",
                    "norm": "ana",
                    "pos": "PRP",
                    "epos": "PRP"
                  }
                },
                {
                  "node": "l",
                  "frag": "ar-kat",
                  "id": "Q005761.l008f6",
                  "ref": "Q005761.5.5",
                  "inst": "arkât[future]N",
                  "sig": "@riao%akk:ar-kat=warkītu[posterity//future]N'N$arkât",
                  "f": {
                    "lang": "akk",
                    "form": "ar-kat",
                    "cf": "warkītu",
                    "gw": "posterity",
                    "sense": "future",
                    "norm": "arkât",
                    "pos": "N",
                    "epos": "N"
                  }
                },
                {
                  "node": "l",
                  "frag": "UD.MEŠ",
                  "id": "Q005761.l008f7",
                  "ref": "Q005761.5.6",
                  "inst": "ūmē[day]N",
                  "sig": "@riao%akk:UD.MEŠ=ūmu[day//day]N'N$ūmē",
                  "f": {
                    "lang": "akk",
                    "form": "UD.MEŠ",
                    "cf": "ūmu",
                    "gw": "day",
                    "sense": "day",
                    "norm": "ūmē",
                    "pos": "N",
                    "epos": "N"
                  }
                },
                {
                  "node": "l",
                  "frag": "...]",
                  "id": "Q005761.l008f8",
                  "ref": "Q005761.5.7",
                  "inst": "u",
                  "f": {
                    "lang": "akk",
                    "form": "x",
                    "pos": "u"
                  }
                },
                {
                  "node": "d",
                  "type": "line-start",
                  "ref": "Q005761.6",
                  "n": "5'",
                  "label": "5'"
                },
                {
                  "node": "l",
                  "frag": "[...]",
                  "id": "Q005761.l008f9",
                  "ref": "Q005761.6.1",
                  "inst": "u",
                  "f": {
                    "lang": "akk",
                    "form": "x",
                    "pos": "u"
                  }
                },
                {
                  "node": "l",
                  "frag": "šu-mi₃",
                  "id": "Q005761.l008fa",
                  "ref": "Q005761.6.2",
                  "inst": "šumī[name]N",
                  "sig": "@riao%akk:šu-mi₃=šumu[name//name]N'N$šumī",
                  "f": {
                    "lang": "akk",
                    "form": "šu-mi₃",
                    "cf": "šumu",
                    "gw": "name",
                    "sense": "name",
                    "norm": "šumī",
                    "pos": "N",
                    "epos": "N"
                  }
                },
                {
                  "node": "l",
                  "frag": "šaṭ-ra",
                  "id": "Q005761.l008fb",
                  "ref": "Q005761.6.3",
                  "inst": "šaṭra[written]AJ",
                  "sig": "@riao%akk:šaṭ-ra=šaṭru[written//written]AJ'AJ$šaṭra",
                  "f": {
                    "lang": "akk",
                    "form": "šaṭ-ra",
                    "cf": "šaṭru",
                    "gw": "written",
                    "sense": "written",
                    "norm": "šaṭra",
                    "pos": "AJ",
                    "epos": "AJ"
                  }
                },
                {
                  "node": "l",
                  "frag": "<a>-na",
                  "id": "Q005761.l008fc",
                  "ref": "Q005761.6.4",
                  "inst": "ana[to]PRP",
                  "sig": "@riao%akk:a-na=ana[to//to]PRP'PRP$ana",
                  "f": {
                    "lang": "akk",
                    "form": "a-na",
                    "cf": "ana",
                    "gw": "to",
                    "sense": "to",
                    "norm": "ana",
                    "pos": "PRP",
                    "epos": "PRP"
                  }
                },
                {
                  "node": "l",
                  "frag": "⸢aš₂⸣-[ri-šu-nu",
                  "id": "Q005761.l008fd",
                  "ref": "Q005761.6.5",
                  "inst": "ašrišunu[place]N",
                  "sig": "@riao%akk:aš₂-ri-šu-nu=ašru[place//place]N'N$ašrišunu",
                  "f": {
                    "lang": "akk",
                    "form": "aš₂-ri-šu-nu",
                    "cf": "ašru",
                    "gw": "place",
                    "sense": "place",
                    "norm": "ašrišunu",
                    "pos": "N",
                    "epos": "N"
                  }
                },
                {
                  "node": "l",
                  "frag": "lu-te-er",
                  "id": "Q005761.l008fe",
                  "ref": "Q005761.6.6",
                  "inst": "lutēr[return]V",
                  "sig": "@riao%akk:lu-te-er=târu[turn//return]V'V$lutēr",
                  "f": {
                    "lang": "akk",
                    "form": "lu-te-er",
                    "cf": "târu",
                    "gw": "turn",
                    "sense": "return",
                    "norm": "lutēr",
                    "pos": "V",
                    "epos": "V"
                  }
                },
                {
                  "node": "l",
                  "frag": "...]",
                  "id": "Q005761.l008ff",
                  "ref": "Q005761.6.7",
                  "inst": "u",
                  "f": {
                    "lang": "akk",
                    "form": "x",
                    "pos": "u"
                  }
                },
                {
                  "node": "d",
                  "type": "nonx",
                  "ref": "Q005761.7",
                  "strict": "0",
                  "extent": "2",
                  "scope": "line",
                  "state": "other"
                },
                {
                  "node": "d",
                  "type": "nonx",
                  "ref": "Q005761.8",
                  "strict": "0",
                  "state": "other"
                }
              ]
            }
          ]
        }
      ]
    }
  ]
}
