{
  "type": "cdl",
  "source": "http://oracc.org/riao",
  "license": "This data is released under the CC0 license",
  "license-url": "https://creativecommons.org/publicdomain/zero/1.0/",
  "more-info": "http://oracc.org/doc/opendata/",
  "UTC-timestamp": "2017-06-10T00:11:47",
  "project": "riao",
  "textid": "Q005724",
  "cdl": [
    {
      "node": "c",
      "type": "text",
      "id": "Q005724.U0",
      "cdl": [
        {
          "node": "d",
          "type": "object",
          "ref": ""
        },
        {
          "node": "d",
          "type": "surface",
          "ref": ""
        },
        {
          "node": "c",
          "type": "discourse",
          "subtype": "body",
          "id": "Q005724.U1",
          "cdl": [
            {
              "node": "c",
              "type": "sentence",
              "id": "Q005724.U2",
              "label": "1 - 4",
              "cdl": [
                {
                  "node": "d",
                  "type": "line-start",
                  "ref": "Q005724.1",
                  "n": "1",
                  "label": "1"
                },
                {
                  "node": "l",
                  "frag": "{na₄}KIŠIB",
                  "id": "Q005724.l08640",
                  "ref": "Q005724.1.1",
                  "inst": "kunuk[seal]N",
                  "sig": "@riao%akk:{NA₄}KIŠIB=kunukku[seal//seal]N'N$kunuk",
                  "f": {
                    "lang": "akk",
                    "form": "{NA₄}KIŠIB",
                    "cf": "kunukku",
                    "gw": "seal",
                    "sense": "seal",
                    "norm": "kunuk",
                    "pos": "N",
                    "epos": "N"
                  }
                },
                {
                  "node": "d",
                  "type": "line-start",
                  "ref": "Q005724.2",
                  "n": "2",
                  "label": "2"
                },
                {
                  "node": "l",
                  "frag": "{m}{d}a-šur-TI",
                  "id": "Q005724.l08641",
                  "ref": "Q005724.2.1",
                  "inst": "Aššur-uballiṭ_I[vice-regent of Aššur, son of Eriba-Adad I]RN$Aššur-uballiṭ",
                  "sig": "@riao%akk:{m}{d}a-šur-TI=Aššur-uballiṭ_I[vice-regent of Aššur, son of Eriba-Adad I//vice-regent of Aššur, son of Eriba-Adad I]RN'RN$Aššur-uballiṭ",
                  "f": {
                    "lang": "akk",
                    "form": "{m}{d}a-šur-TI",
                    "cf": "Aššur-uballiṭ_I",
                    "gw": "vice-regent of Aššur, son of Eriba-Adad I",
                    "sense": "vice-regent of Aššur, son of Eriba-Adad I",
                    "norm": "Aššur-uballiṭ",
                    "pos": "RN",
                    "epos": "RN"
                  }
                },
                {
                  "node": "d",
                  "type": "line-start",
                  "ref": "Q005724.3",
                  "n": "3",
                  "label": "3"
                },
                {
                  "node": "l",
                  "frag": "LUGAL",
                  "id": "Q005724.l08642",
                  "ref": "Q005724.3.1",
                  "inst": "šar[king]N",
                  "sig": "@riao%akk:LUGAL=šarru[king//king]N'N$šar",
                  "f": {
                    "lang": "akk",
                    "form": "LUGAL",
                    "cf": "šarru",
                    "gw": "king",
                    "sense": "king",
                    "norm": "šar",
                    "pos": "N",
                    "epos": "N"
                  }
                },
                {
                  "node": "l",
                  "frag": "KUR",
                  "id": "Q005724.l08643",
                  "ref": "Q005724.3.2",
                  "inst": "māt[land]N",
                  "sig": "@riao%akk:KUR=mātu[land//land]N'N$māt",
                  "f": {
                    "lang": "akk",
                    "form": "KUR",
                    "cf": "mātu",
                    "gw": "land",
                    "sense": "land",
                    "norm": "māt",
                    "pos": "N",
                    "epos": "N"
                  }
                },
                {
                  "node": "l",
                  "frag": "aš-šur",
                  "id": "Q005724.l08644",
                  "ref": "Q005724.3.3",
                  "inst": "Aššur[Assyria]GN$",
                  "sig": "@riao%akk:aš-šur=Aššur[Assyria//Assyria]GN'GN$Aššur",
                  "f": {
                    "lang": "akk",
                    "form": "aš-šur",
                    "cf": "Aššur",
                    "gw": "Assyria",
                    "sense": "Assyria",
                    "norm": "Aššur",
                    "pos": "GN",
                    "epos": "GN"
                  }
                },
                {
                  "node": "d",
                  "type": "line-start",
                  "ref": "Q005724.4",
                  "n": "4",
                  "label": "4"
                },
                {
                  "node": "l",
                  "frag": "A",
                  "id": "Q005724.l08645",
                  "ref": "Q005724.4.1",
                  "inst": "mār[son]N",
                  "sig": "@riao%akk:A=māru[son//son]N'N$mār",
                  "f": {
                    "lang": "akk",
                    "form": "A",
                    "cf": "māru",
                    "gw": "son",
                    "sense": "son",
                    "norm": "mār",
                    "pos": "N",
                    "epos": "N"
                  }
                },
                {
                  "node": "l",
                  "frag": "SU-{d}IŠKUR",
                  "id": "Q005724.l08646",
                  "ref": "Q005724.4.2",
                  "inst": "Eriba-Adad_I[vice-regent of Aššur, son of Aššur-bel-nišešu]RN$Eriba-Adad",
                  "sig": "@riao%akk:SU-{d}IŠKUR=Eriba-Adad_I[vice-regent of Aššur, son of Aššur-bel-nišešu//vice-regent of Aššur, son of Aššur-bel-nišešu]RN'RN$Eriba-Adad",
                  "f": {
                    "lang": "akk",
                    "form": "SU-{d}IŠKUR",
                    "cf": "Eriba-Adad_I",
                    "gw": "vice-regent of Aššur, son of Aššur-bel-nišešu",
                    "sense": "vice-regent of Aššur, son of Aššur-bel-nišešu",
                    "norm": "Eriba-Adad",
                    "pos": "RN",
                    "epos": "RN"
                  }
                }
              ]
            }
          ]
        }
      ]
    }
  ]
}
