{
  "type": "cdl",
  "source": "http://oracc.org/riao",
  "license": "This data is released under the CC0 license",
  "license-url": "https://creativecommons.org/publicdomain/zero/1.0/",
  "more-info": "http://oracc.org/doc/opendata/",
  "UTC-timestamp": "2017-06-10T00:11:39",
  "project": "riao",
  "textid": "Q005682",
  "cdl": [
    {
      "node": "c",
      "type": "text",
      "id": "Q005682.U0",
      "cdl": [
        {
          "node": "d",
          "type": "object",
          "ref": ""
        },
        {
          "node": "d",
          "type": "surface",
          "ref": ""
        },
        {
          "node": "c",
          "type": "discourse",
          "subtype": "body",
          "id": "Q005682.U1",
          "cdl": [
            {
              "node": "c",
              "type": "sentence",
              "id": "Q005682.U2",
              "label": "1 - 1",
              "cdl": [
                {
                  "node": "d",
                  "type": "line-start",
                  "ref": "Q005682.1",
                  "n": "1",
                  "label": "1"
                },
                {
                  "node": "l",
                  "frag": "[E₂.GAL",
                  "id": "Q005682.l09107",
                  "ref": "Q005682.1.1",
                  "inst": "ēkal[palace]N",
                  "sig": "@riao%akk:E₂.GAL=ēkallu[palace//palace]N'N$ēkal",
                  "f": {
                    "lang": "akk",
                    "form": "E₂.GAL",
                    "cf": "ēkallu",
                    "gw": "palace",
                    "sense": "palace",
                    "norm": "ēkal",
                    "pos": "N",
                    "epos": "N"
                  }
                },
                {
                  "node": "l",
                  "frag": "{m}{d}UTU-ši-{d]}IŠKUR",
                  "id": "Q005682.l09108",
                  "ref": "Q005682.1.2",
                  "inst": "Šamši-Adad_III[son of Išme-Dagan II, vice-regent of Aššur]RN$Šamši-Adad",
                  "sig": "@riao%akk:{m}{d}UTU-ši-{d}IŠKUR=Šamši-Adad_III[son of Išme-Dagan II, vice-regent of Aššur//son of Išme-Dagan II, vice-regent of Aššur]RN'RN$Šamši-Adad",
                  "f": {
                    "lang": "akk",
                    "form": "{m}{d}UTU-ši-{d}IŠKUR",
                    "cf": "Šamši-Adad_III",
                    "gw": "son of Išme-Dagan II, vice-regent of Aššur",
                    "sense": "son of Išme-Dagan II, vice-regent of Aššur",
                    "norm": "Šamši-Adad",
                    "pos": "RN",
                    "epos": "RN"
                  }
                },
                {
                  "node": "l",
                  "frag": "DUMU",
                  "id": "Q005682.l09109",
                  "ref": "Q005682.1.3",
                  "inst": "mār[son]N",
                  "sig": "@riao%akk:DUMU=māru[son//son]N'N$mār",
                  "f": {
                    "lang": "akk",
                    "form": "DUMU",
                    "cf": "māru",
                    "gw": "son",
                    "sense": "son",
                    "norm": "mār",
                    "pos": "N",
                    "epos": "N"
                  }
                },
                {
                  "node": "l",
                  "frag": "⸢iš⸣-[me-{d}da-gan",
                  "id": "Q005682.l0910a",
                  "ref": "Q005682.1.4",
                  "inst": "Išme-Dagan_II[vice regent of god Aššur, successor of Šamši-Adad II]RN$Išme-Dagan",
                  "sig": "@riao%akk:iš-me-{d}da-gan=Išme-Dagan_II[vice regent of god Aššur, successor of Šamši-Adad II//vice regent of god Aššur, successor of Šamši-Adad II]RN'RN$Išme-Dagan",
                  "f": {
                    "lang": "akk",
                    "form": "iš-me-{d}da-gan",
                    "cf": "Išme-Dagan_II",
                    "gw": "vice regent of god Aššur, successor of Šamši-Adad II",
                    "sense": "vice regent of god Aššur, successor of Šamši-Adad II",
                    "norm": "Išme-Dagan",
                    "pos": "RN",
                    "epos": "RN"
                  }
                },
                {
                  "node": "l",
                  "frag": "...]",
                  "id": "Q005682.l0910b",
                  "ref": "Q005682.1.5",
                  "inst": "u",
                  "f": {
                    "lang": "akk",
                    "form": "x",
                    "pos": "u"
                  }
                }
              ]
            }
          ]
        }
      ]
    }
  ]
}
