{
  "type": "cdl",
  "source": "http://oracc.org/riao",
  "license": "This data is released under the CC0 license",
  "license-url": "https://creativecommons.org/publicdomain/zero/1.0/",
  "more-info": "http://oracc.org/doc/opendata/",
  "UTC-timestamp": "2017-06-10T00:11:56",
  "project": "riao",
  "textid": "Q005806",
  "cdl": [
    {
      "node": "c",
      "type": "text",
      "id": "Q005806.U0",
      "cdl": [
        {
          "node": "d",
          "type": "object",
          "ref": ""
        },
        {
          "node": "d",
          "type": "surface",
          "ref": ""
        },
        {
          "node": "c",
          "type": "discourse",
          "subtype": "body",
          "id": "Q005806.U1",
          "cdl": [
            {
              "node": "c",
              "type": "sentence",
              "id": "Q005806.U2",
              "label": "1 - 12",
              "cdl": [
                {
                  "node": "d",
                  "type": "line-start",
                  "ref": "Q005806.1",
                  "n": "1",
                  "label": "1"
                },
                {
                  "node": "l",
                  "frag": "{m}{d}šul₃-ma-nu-SAG",
                  "id": "Q005806.l09b55",
                  "ref": "Q005806.1.1",
                  "inst": "Salmanu-ašared_I[Shalmaneser I, son of Adad-narari I, king of Assyria]RN$Šulmanu-ašared",
                  "sig": "@riao%akk:{m}{d}šul₃-ma-nu-SAG=Salmanu-ašared_I[Shalmaneser I, son of Adad-narari I, king of Assyria//Shalmaneser I, son of Adad-narari I, king of Assyria]RN'RN$Šulmanu-ašared",
                  "f": {
                    "lang": "akk",
                    "form": "{m}{d}šul₃-ma-nu-SAG",
                    "cf": "Salmanu-ašared_I",
                    "gw": "Shalmaneser I, son of Adad-narari I, king of Assyria",
                    "sense": "Shalmaneser I, son of Adad-narari I, king of Assyria",
                    "norm": "Šulmanu-ašared",
                    "pos": "RN",
                    "epos": "RN"
                  }
                },
                {
                  "node": "d",
                  "type": "line-start",
                  "ref": "Q005806.2",
                  "n": "2",
                  "label": "2"
                },
                {
                  "node": "l",
                  "frag": "ša₂-ak-ni",
                  "id": "Q005806.l09b56",
                  "ref": "Q005806.2.1",
                  "inst": "šakni[governor]N",
                  "sig": "@riao%akk:ša₂-ak-ni=šaknu[appointee//governor]N'N$šakni",
                  "f": {
                    "lang": "akk",
                    "form": "ša₂-ak-ni",
                    "cf": "šaknu",
                    "gw": "appointee",
                    "sense": "governor",
                    "norm": "šakni",
                    "pos": "N",
                    "epos": "N"
                  }
                },
                {
                  "node": "l",
                  "frag": "{d}AB",
                  "id": "Q005806.l09b57",
                  "ref": "Q005806.2.2",
                  "inst": "Enlil[1]DN",
                  "sig": "@riao%akk:{d}AB=Enlil[1//1]DN'DN$Enlil",
                  "f": {
                    "lang": "akk",
                    "form": "{d}AB",
                    "cf": "Enlil",
                    "gw": "1",
                    "sense": "1",
                    "norm": "Enlil",
                    "pos": "DN",
                    "epos": "DN"
                  }
                },
                {
                  "node": "l",
                  "frag": "ŠID",
                  "id": "Q005806.l09b58",
                  "ref": "Q005806.2.3",
                  "inst": "iššak[city-ruler]N",
                  "sig": "@riao%akk:ŠID=iššiakku[city-ruler//city-ruler]N'N$iššak",
                  "f": {
                    "lang": "akk",
                    "form": "ŠID",
                    "cf": "iššiakku",
                    "gw": "city-ruler",
                    "sense": "city-ruler",
                    "norm": "iššak",
                    "pos": "N",
                    "epos": "N"
                  }
                },
                {
                  "node": "l",
                  "frag": "aš-šur",
                  "id": "Q005806.l09b59",
                  "ref": "Q005806.2.4",
                  "inst": "Aššur[1]DN",
                  "sig": "@riao%akk:aš-šur=Aššur[1//1]DN'DN$Aššur",
                  "f": {
                    "lang": "akk",
                    "form": "aš-šur",
                    "cf": "Aššur",
                    "gw": "1",
                    "sense": "1",
                    "norm": "Aššur",
                    "pos": "DN",
                    "epos": "DN"
                  }
                },
                {
                  "node": "l",
                  "frag": "LUGAL",
                  "id": "Q005806.l09b5a",
                  "ref": "Q005806.2.5",
                  "inst": "šarru[king]N",
                  "sig": "@riao%akk:LUGAL=šarru[king//king]N'N$šarru",
                  "f": {
                    "lang": "akk",
                    "form": "LUGAL",
                    "cf": "šarru",
                    "gw": "king",
                    "sense": "king",
                    "norm": "šarru",
                    "pos": "N",
                    "epos": "N"
                  }
                },
                {
                  "node": "l",
                  "frag": "dan-nu",
                  "id": "Q005806.l09b5b",
                  "ref": "Q005806.2.6",
                  "inst": "dannu[strong]AJ",
                  "sig": "@riao%akk:dan-nu=dannu[strong//strong]AJ'AJ$dannu",
                  "f": {
                    "lang": "akk",
                    "form": "dan-nu",
                    "cf": "dannu",
                    "gw": "strong",
                    "sense": "strong",
                    "norm": "dannu",
                    "pos": "AJ",
                    "epos": "AJ"
                  }
                },
                {
                  "node": "d",
                  "type": "line-start",
                  "ref": "Q005806.3",
                  "n": "3",
                  "label": "3"
                },
                {
                  "node": "l",
                  "frag": "LUGAL",
                  "id": "Q005806.l09b5c",
                  "ref": "Q005806.3.1",
                  "inst": "šar[king]N",
                  "sig": "@riao%akk:LUGAL=šarru[king//king]N'N$šar",
                  "f": {
                    "lang": "akk",
                    "form": "LUGAL",
                    "cf": "šarru",
                    "gw": "king",
                    "sense": "king",
                    "norm": "šar",
                    "pos": "N",
                    "epos": "N"
                  }
                },
                {
                  "node": "l",
                  "frag": "KIŠ",
                  "id": "Q005806.l09b5d",
                  "ref": "Q005806.3.2",
                  "inst": "kiššati[totality]N",
                  "sig": "@riao%akk:KIŠ=kiššatu[totality//totality]N'N$kiššati",
                  "f": {
                    "lang": "akk",
                    "form": "KIŠ",
                    "cf": "kiššatu",
                    "gw": "totality",
                    "sense": "totality",
                    "norm": "kiššati",
                    "pos": "N",
                    "epos": "N"
                  }
                },
                {
                  "node": "l",
                  "frag": "UN.MEŠ",
                  "id": "Q005806.l09b5e",
                  "ref": "Q005806.3.3",
                  "inst": "nišī[people]N",
                  "sig": "@riao%akk:UN.MEŠ=nišu[people//people]N'N$nišī",
                  "f": {
                    "lang": "akk",
                    "form": "UN.MEŠ",
                    "cf": "nišu",
                    "gw": "people",
                    "sense": "people",
                    "norm": "nišī",
                    "pos": "N",
                    "epos": "N"
                  }
                },
                {
                  "node": "l",
                  "frag": "u₂-tul₅",
                  "id": "Q005806.l09b5f",
                  "ref": "Q005806.3.4",
                  "inst": "utul[herdsman]N",
                  "sig": "@riao%akk:u₂-tul₅=utullu[herdsman//herdsman]N'N$utul",
                  "f": {
                    "lang": "akk",
                    "form": "u₂-tul₅",
                    "cf": "utullu",
                    "gw": "herdsman",
                    "sense": "herdsman",
                    "norm": "utul",
                    "pos": "N",
                    "epos": "N"
                  }
                },
                {
                  "node": "l",
                  "frag": "ab-ra-ti",
                  "id": "Q005806.l09b60",
                  "ref": "Q005806.3.5",
                  "inst": "abrāti[humanity]N",
                  "sig": "@riao%akk:ab-ra-ti=abru[strong one//humanity]N'N$abrāti",
                  "f": {
                    "lang": "akk",
                    "form": "ab-ra-ti",
                    "cf": "abru",
                    "gw": "strong one",
                    "sense": "humanity",
                    "norm": "abrāti",
                    "pos": "N",
                    "epos": "N"
                  }
                },
                {
                  "node": "l",
                  "frag": "pa-qi₂-id",
                  "id": "Q005806.l09b61",
                  "ref": "Q005806.3.6",
                  "inst": "pāqid[carer]N",
                  "sig": "@riao%akk:pa-qi₂-id=pāqidu[carer//carer]N'N$pāqid",
                  "f": {
                    "lang": "akk",
                    "form": "pa-qi₂-id",
                    "cf": "pāqidu",
                    "gw": "carer",
                    "sense": "carer",
                    "norm": "pāqid",
                    "pos": "N",
                    "epos": "N"
                  }
                },
                {
                  "node": "d",
                  "type": "line-start",
                  "ref": "Q005806.4",
                  "n": "4",
                  "label": "4"
                },
                {
                  "node": "l",
                  "frag": "e₂-kur",
                  "id": "Q005806.l09b62",
                  "ref": "Q005806.4.1",
                  "inst": "Ekur[1]TN",
                  "sig": "@riao%akk:e₂-kur=Ekur[1//1]TN'TN$Ekur",
                  "f": {
                    "lang": "akk",
                    "form": "e₂-kur",
                    "cf": "Ekur",
                    "gw": "1",
                    "sense": "1",
                    "norm": "Ekur",
                    "pos": "TN",
                    "epos": "TN"
                  }
                },
                {
                  "node": "l",
                  "frag": "ba-it",
                  "id": "Q005806.l09b63",
                  "ref": "Q005806.4.2",
                  "inst": "baʾʾīt[desired object]N",
                  "sig": "@riao%akk:ba-it=baʾʾītu[thing sought//desired object]N'N$baʾʾīt",
                  "f": {
                    "lang": "akk",
                    "form": "ba-it",
                    "cf": "baʾʾītu",
                    "gw": "thing sought",
                    "sense": "desired object",
                    "norm": "baʾʾīt",
                    "pos": "N",
                    "epos": "N"
                  }
                },
                {
                  "node": "l",
                  "frag": "DINGIR.MEŠ",
                  "id": "Q005806.l09b64",
                  "ref": "Q005806.4.3",
                  "inst": "ilāni[god]N",
                  "sig": "@riao%akk:DINGIR.MEŠ=ilu[god//god]N'N$ilāni",
                  "f": {
                    "lang": "akk",
                    "form": "DINGIR.MEŠ",
                    "cf": "ilu",
                    "gw": "god",
                    "sense": "god",
                    "norm": "ilāni",
                    "pos": "N",
                    "epos": "N"
                  }
                },
                {
                  "node": "l",
                  "frag": "ša-di-i",
                  "id": "Q005806.l09b65",
                  "ref": "Q005806.4.4",
                  "inst": "šadî[mountain]N",
                  "sig": "@riao%akk:ša-di-i=šadû[mountain//mountain]N'N$šadî",
                  "f": {
                    "lang": "akk",
                    "form": "ša-di-i",
                    "cf": "šadû",
                    "gw": "mountain",
                    "sense": "mountain",
                    "norm": "šadî",
                    "pos": "N",
                    "epos": "N"
                  }
                },
                {
                  "node": "l",
                  "frag": "{d}nun-nam-nir",
                  "id": "Q005806.l09b66",
                  "ref": "Q005806.4.5",
                  "inst": "Nunnamnir[1]DN",
                  "sig": "@riao%akk:{d}nun-nam-nir=Nunnamnir[1//1]DN'DN$Nunnamnir",
                  "f": {
                    "lang": "akk",
                    "form": "{d}nun-nam-nir",
                    "cf": "Nunnamnir",
                    "gw": "1",
                    "sense": "1",
                    "norm": "Nunnamnir",
                    "pos": "DN",
                    "epos": "DN"
                  }
                },
                {
                  "node": "l",
                  "frag": "ka-ši-id",
                  "id": "Q005806.l09b67",
                  "ref": "Q005806.4.6",
                  "inst": "kāšid[conqueror]N",
                  "sig": "@riao%akk:ka-ši-id=kāšidu[conqueror//conqueror]N'N$kāšid",
                  "f": {
                    "lang": "akk",
                    "form": "ka-ši-id",
                    "cf": "kāšidu",
                    "gw": "conqueror",
                    "sense": "conqueror",
                    "norm": "kāšid",
                    "pos": "N",
                    "epos": "N"
                  }
                },
                {
                  "node": "l",
                  "frag": "mul-tar-hi",
                  "id": "Q005806.l09b68",
                  "ref": "Q005806.4.7",
                  "inst": "multarhī[presumptuous one]N",
                  "sig": "@riao%akk:mul-tar-hi=muštarhu[presumptuous one//presumptuous one]N'N$multarhī",
                  "f": {
                    "lang": "akk",
                    "form": "mul-tar-hi",
                    "cf": "muštarhu",
                    "gw": "presumptuous one",
                    "sense": "presumptuous one",
                    "norm": "multarhī",
                    "pos": "N",
                    "epos": "N"
                  }
                },
                {
                  "node": "d",
                  "type": "line-start",
                  "ref": "Q005806.5",
                  "n": "5",
                  "label": "5"
                },
                {
                  "node": "l",
                  "frag": "mu-⸢ša₂⸣-[ak]-⸢ni⸣-šu",
                  "id": "Q005806.l09b69",
                  "ref": "Q005806.5.1",
                  "inst": "mušaknišu[one that makes someone bow down]N",
                  "sig": "@riao%akk:mu-ša₂-ak-ni-šu=mušaknišu[one that makes someone bow down//one that makes someone bow down]N'N$mušeknišu",
                  "f": {
                    "lang": "akk",
                    "form": "mu-ša₂-ak-ni-šu",
                    "cf": "mušaknišu",
                    "gw": "one that makes someone bow down",
                    "sense": "one that makes someone bow down",
                    "norm": "mušeknišu",
                    "pos": "N",
                    "epos": "N"
                  }
                },
                {
                  "node": "l",
                  "frag": "na-gab",
                  "id": "Q005806.l09b6a",
                  "ref": "Q005806.5.2",
                  "inst": "nagab[(the) whole]N",
                  "sig": "@riao%akk:na-gab=nagbu[underground water//(the) whole]N'N$nagab",
                  "f": {
                    "lang": "akk",
                    "form": "na-gab",
                    "cf": "nagbu",
                    "gw": "underground water",
                    "sense": "(the) whole",
                    "norm": "nagab",
                    "pos": "N",
                    "epos": "N"
                  }
                },
                {
                  "node": "l",
                  "frag": "hur-ša-ni",
                  "id": "Q005806.l09b6b",
                  "ref": "Q005806.5.3",
                  "inst": "huršānī[mountain(s)]N",
                  "sig": "@riao%akk:hur-ša-ni=huršānu[mountain(s)//mountain(s)]N'N$huršānī",
                  "f": {
                    "lang": "akk",
                    "form": "hur-ša-ni",
                    "cf": "huršānu",
                    "gw": "mountain(s)",
                    "sense": "mountain(s)",
                    "norm": "huršānī",
                    "pos": "N",
                    "epos": "N"
                  }
                },
                {
                  "node": "l",
                  "frag": "ša",
                  "id": "Q005806.l09b6c",
                  "ref": "Q005806.5.4",
                  "inst": "ša[who]REL",
                  "sig": "@riao%akk:ša=ša[that//who]REL'REL$ša",
                  "f": {
                    "lang": "akk",
                    "form": "ša",
                    "cf": "ša",
                    "gw": "that",
                    "sense": "who",
                    "norm": "ša",
                    "pos": "REL",
                    "epos": "REL"
                  }
                },
                {
                  "node": "l",
                  "frag": "a-na",
                  "id": "Q005806.l09b6d",
                  "ref": "Q005806.5.5",
                  "inst": "ana[to]PRP",
                  "sig": "@riao%akk:a-na=ana[to//to]PRP'PRP$ana",
                  "f": {
                    "lang": "akk",
                    "form": "a-na",
                    "cf": "ana",
                    "gw": "to",
                    "sense": "to",
                    "norm": "ana",
                    "pos": "PRP",
                    "epos": "PRP"
                  }
                },
                {
                  "node": "l",
                  "frag": "ši-id-di",
                  "id": "Q005806.l09b6e",
                  "ref": "Q005806.5.6",
                  "inst": "šiddī[district]N",
                  "sig": "@riao%akk:ši-id-di=šiddu[side//district]N'N$šiddī",
                  "f": {
                    "lang": "akk",
                    "form": "ši-id-di",
                    "cf": "šiddu",
                    "gw": "side",
                    "sense": "district",
                    "norm": "šiddī",
                    "pos": "N",
                    "epos": "N"
                  }
                },
                {
                  "node": "l",
                  "frag": "na-as-ku-ti",
                  "id": "Q005806.l09b6f",
                  "ref": "Q005806.5.7",
                  "inst": "naskūti[far-flung]AJ",
                  "sig": "@riao%akk:na-as-ku-ti=nasku[thrown down//far-flung]AJ'AJ$naskūti",
                  "f": {
                    "lang": "akk",
                    "form": "na-as-ku-ti",
                    "cf": "nasku",
                    "gw": "thrown down",
                    "sense": "far-flung",
                    "norm": "naskūti",
                    "pos": "AJ",
                    "epos": "AJ"
                  }
                },
                {
                  "node": "l",
                  "frag": "ERIM",
                  "id": "Q005806.l09b70",
                  "ref": "Q005806.5.8",
                  "inst": "ummān[army]N",
                  "sig": "@riao%akk:ERIM=ummānu[military force//army]N'N$ummān",
                  "f": {
                    "lang": "akk",
                    "form": "ERIM",
                    "cf": "ummānu",
                    "gw": "military force",
                    "sense": "army",
                    "norm": "ummān",
                    "pos": "N",
                    "epos": "N"
                  }
                },
                {
                  "node": "l",
                  "frag": "qu-ti-i",
                  "id": "Q005806.l09b71",
                  "ref": "Q005806.5.9",
                  "inst": "Quti[Gutians]EN",
                  "sig": "@riao%akk:qu-ti-i=Qutu[Gutians//Gutians]EN'EN$Quti",
                  "f": {
                    "lang": "akk",
                    "form": "qu-ti-i",
                    "cf": "Qutu",
                    "gw": "Gutians",
                    "sense": "Gutians",
                    "norm": "Quti",
                    "pos": "EN",
                    "epos": "EN"
                  }
                },
                {
                  "node": "d",
                  "type": "line-start",
                  "ref": "Q005806.6",
                  "n": "6",
                  "label": "6"
                },
                {
                  "node": "l",
                  "frag": "u₂-⸢na⸣-[i-lu]",
                  "id": "Q005806.l09b72",
                  "ref": "Q005806.6.1",
                  "inst": "unaʾʾilu[strike down]V",
                  "sig": "@riao%akk:u₂-na-i-lu=nâlu[lie down (to sleep)//strike down]V'V$unaʾʾilu",
                  "f": {
                    "lang": "akk",
                    "form": "u₂-na-i-lu",
                    "cf": "nâlu",
                    "gw": "lie down (to sleep)",
                    "sense": "strike down",
                    "norm": "unaʾʾilu",
                    "pos": "V",
                    "epos": "V"
                  }
                },
                {
                  "node": "l",
                  "frag": "⸢ki⸣-i",
                  "id": "Q005806.l09b73",
                  "ref": "Q005806.6.2",
                  "inst": "kī[as]PRP",
                  "sig": "@riao%akk:ki-i=kī[like//as]PRP'PRP$kī",
                  "f": {
                    "lang": "akk",
                    "form": "ki-i",
                    "cf": "kī",
                    "gw": "like",
                    "sense": "as",
                    "norm": "kī",
                    "pos": "PRP",
                    "epos": "PRP"
                  }
                },
                {
                  "node": "l",
                  "frag": "šu-u₂-bi",
                  "id": "Q005806.l09b74",
                  "ref": "Q005806.6.3",
                  "inst": "šūbi[rush]N",
                  "sig": "@riao%akk:šu-u₂-bi=šūbu[rush//rush]N'N$šūbi",
                  "f": {
                    "lang": "akk",
                    "form": "šu-u₂-bi",
                    "cf": "šūbu",
                    "gw": "rush",
                    "sense": "rush",
                    "norm": "šūbi",
                    "pos": "N",
                    "epos": "N"
                  }
                },
                {
                  "node": "l",
                  "frag": "ka-ši-id",
                  "id": "Q005806.l09b75",
                  "ref": "Q005806.6.4",
                  "inst": "kāšid[conqueror]N",
                  "sig": "@riao%akk:ka-ši-id=kāšidu[conqueror//conqueror]N'N$kāšid",
                  "f": {
                    "lang": "akk",
                    "form": "ka-ši-id",
                    "cf": "kāšidu",
                    "gw": "conqueror",
                    "sense": "conqueror",
                    "norm": "kāšid",
                    "pos": "N",
                    "epos": "N"
                  }
                },
                {
                  "node": "l",
                  "frag": "lu-ul-lu-mi-i",
                  "id": "Q005806.l09b76",
                  "ref": "Q005806.6.5",
                  "inst": "Lullumu[1]EN$Lullumi",
                  "sig": "@riao%akk:lu-ul-lu-mi-i=Lullumu[1//1]EN'EN$Lullumi",
                  "f": {
                    "lang": "akk",
                    "form": "lu-ul-lu-mi-i",
                    "cf": "Lullumu",
                    "gw": "1",
                    "sense": "1",
                    "norm": "Lullumi",
                    "pos": "EN",
                    "epos": "EN"
                  }
                },
                {
                  "node": "l",
                  "frag": "u₃",
                  "id": "Q005806.l09b77",
                  "ref": "Q005806.6.6",
                  "inst": "u[and]CNJ",
                  "sig": "@riao%akk:u₃=u[and//and]CNJ'CNJ$u",
                  "f": {
                    "lang": "akk",
                    "form": "u₃",
                    "cf": "u",
                    "gw": "and",
                    "sense": "and",
                    "norm": "u",
                    "pos": "CNJ",
                    "epos": "CNJ"
                  }
                },
                {
                  "node": "l",
                  "frag": "šu-ba-ri-i",
                  "id": "Q005806.l09b78",
                  "ref": "Q005806.6.7",
                  "inst": "Šubari[1]EN",
                  "sig": "@riao%akk:šu-ba-ri-i=Šubaru[1//1]EN'EN$Šubari",
                  "f": {
                    "lang": "akk",
                    "form": "šu-ba-ri-i",
                    "cf": "Šubaru",
                    "gw": "1",
                    "sense": "1",
                    "norm": "Šubari",
                    "pos": "EN",
                    "epos": "EN"
                  }
                },
                {
                  "node": "l",
                  "frag": "da-iš",
                  "id": "Q005806.l09b79",
                  "ref": "Q005806.6.8",
                  "inst": "dāʾiš[crusher]N",
                  "sig": "@riao%akk:da-iš=dāʾišu[thresher//crusher]N'N$dāʾiš",
                  "f": {
                    "lang": "akk",
                    "form": "da-iš",
                    "cf": "dāʾišu",
                    "gw": "thresher",
                    "sense": "crusher",
                    "norm": "dāʾiš",
                    "pos": "N",
                    "epos": "N"
                  }
                },
                {
                  "node": "l",
                  "frag": "KUR.KUR",
                  "id": "Q005806.l09b7a",
                  "ref": "Q005806.6.9",
                  "inst": "mātāt[land]N",
                  "sig": "@riao%akk:KUR.KUR=mātu[land//land]N'N$mātāt",
                  "f": {
                    "lang": "akk",
                    "form": "KUR.KUR",
                    "cf": "mātu",
                    "gw": "land",
                    "sense": "land",
                    "norm": "mātāt",
                    "pos": "N",
                    "epos": "N"
                  }
                },
                {
                  "node": "l",
                  "frag": "ia-bi",
                  "id": "Q005806.l09b7b",
                  "ref": "Q005806.6.10",
                  "inst": "yābī[enemy]N",
                  "sig": "@riao%akk:ia-bi=ayyābu[enemy//enemy]N'N$yābī",
                  "f": {
                    "lang": "akk",
                    "form": "ia-bi",
                    "cf": "ayyābu",
                    "gw": "enemy",
                    "sense": "enemy",
                    "norm": "yābī",
                    "pos": "N",
                    "epos": "N"
                  }
                },
                {
                  "node": "d",
                  "type": "line-start",
                  "ref": "Q005806.7",
                  "n": "7",
                  "label": "7"
                },
                {
                  "node": "l",
                  "frag": "e-liš",
                  "id": "Q005806.l09b7c",
                  "ref": "Q005806.7.1",
                  "inst": "eliš[above]AV",
                  "sig": "@riao%akk:e-liš=eliš[above//above]AV'AV$eliš",
                  "f": {
                    "lang": "akk",
                    "form": "e-liš",
                    "cf": "eliš",
                    "gw": "above",
                    "sense": "above",
                    "norm": "eliš",
                    "pos": "AV",
                    "epos": "AV"
                  }
                },
                {
                  "node": "l",
                  "frag": "u₃",
                  "id": "Q005806.l09b7d",
                  "ref": "Q005806.7.2",
                  "inst": "u[and]CNJ",
                  "sig": "@riao%akk:u₃=u[and//and]CNJ'CNJ$u",
                  "f": {
                    "lang": "akk",
                    "form": "u₃",
                    "cf": "u",
                    "gw": "and",
                    "sense": "and",
                    "norm": "u",
                    "pos": "CNJ",
                    "epos": "CNJ"
                  }
                },
                {
                  "node": "l",
                  "frag": "⸢šap⸣-[liš",
                  "id": "Q005806.l09b7e",
                  "ref": "Q005806.7.3",
                  "inst": "šapliš[below]AV",
                  "sig": "@riao%akk:šap-liš=šapliš[below//below]AV'AV$šapliš",
                  "f": {
                    "lang": "akk",
                    "form": "šap-liš",
                    "cf": "šapliš",
                    "gw": "below",
                    "sense": "below",
                    "norm": "šapliš",
                    "pos": "AV",
                    "epos": "AV"
                  }
                },
                {
                  "node": "l",
                  "frag": "A",
                  "id": "Q005806.l09b7f",
                  "ref": "Q005806.7.4",
                  "inst": "mār[son]N",
                  "sig": "@riao%akk:A=māru[son//son]N'N$mār",
                  "f": {
                    "lang": "akk",
                    "form": "A",
                    "cf": "māru",
                    "gw": "son",
                    "sense": "son",
                    "norm": "mār",
                    "pos": "N",
                    "epos": "N"
                  }
                },
                {
                  "node": "l",
                  "frag": "{d}IŠKUR-ERIM].TAH₂",
                  "id": "Q005806.l09b80",
                  "ref": "Q005806.7.5",
                  "inst": "Adad-narari_I[king of Assyria]RN$Adad-nerari",
                  "sig": "@riao%akk:{d}IŠKUR-ERIM.TAH₂=Adad-narari_I[king of Assyria//king of Assyria]RN'RN$Adad-nerari",
                  "f": {
                    "lang": "akk",
                    "form": "{d}IŠKUR-ERIM.TAH₂",
                    "cf": "Adad-narari_I",
                    "gw": "king of Assyria",
                    "sense": "king of Assyria",
                    "norm": "Adad-nerari",
                    "pos": "RN",
                    "epos": "RN"
                  }
                },
                {
                  "node": "l",
                  "frag": "ša₂-ak-ni",
                  "id": "Q005806.l09b81",
                  "ref": "Q005806.7.6",
                  "inst": "šakni[governor]N",
                  "sig": "@riao%akk:ša₂-ak-ni=šaknu[appointee//governor]N'N$šakni",
                  "f": {
                    "lang": "akk",
                    "form": "ša₂-ak-ni",
                    "cf": "šaknu",
                    "gw": "appointee",
                    "sense": "governor",
                    "norm": "šakni",
                    "pos": "N",
                    "epos": "N"
                  }
                },
                {
                  "node": "l",
                  "frag": "{d}AB",
                  "id": "Q005806.l09b82",
                  "ref": "Q005806.7.7",
                  "inst": "Enlil[1]DN",
                  "sig": "@riao%akk:{d}AB=Enlil[1//1]DN'DN$Enlil",
                  "f": {
                    "lang": "akk",
                    "form": "{d}AB",
                    "cf": "Enlil",
                    "gw": "1",
                    "sense": "1",
                    "norm": "Enlil",
                    "pos": "DN",
                    "epos": "DN"
                  }
                },
                {
                  "node": "l",
                  "frag": "⸢ŠID⸣",
                  "id": "Q005806.l09b83",
                  "ref": "Q005806.7.8",
                  "inst": "iššak[city-ruler]N",
                  "sig": "@riao%akk:ŠID=iššiakku[city-ruler//city-ruler]N'N$iššak",
                  "f": {
                    "lang": "akk",
                    "form": "ŠID",
                    "cf": "iššiakku",
                    "gw": "city-ruler",
                    "sense": "city-ruler",
                    "norm": "iššak",
                    "pos": "N",
                    "epos": "N"
                  }
                },
                {
                  "node": "l",
                  "frag": "aš-šur",
                  "id": "Q005806.l09b84",
                  "ref": "Q005806.7.9",
                  "inst": "Aššur[1]DN",
                  "sig": "@riao%akk:aš-šur=Aššur[1//1]DN'DN$Aššur",
                  "f": {
                    "lang": "akk",
                    "form": "aš-šur",
                    "cf": "Aššur",
                    "gw": "1",
                    "sense": "1",
                    "norm": "Aššur",
                    "pos": "DN",
                    "epos": "DN"
                  }
                },
                {
                  "node": "l",
                  "frag": "A",
                  "id": "Q005806.l09b85",
                  "ref": "Q005806.7.10",
                  "inst": "mār[son]N",
                  "sig": "@riao%akk:A=māru[son//son]N'N$mār",
                  "f": {
                    "lang": "akk",
                    "form": "A",
                    "cf": "māru",
                    "gw": "son",
                    "sense": "son",
                    "norm": "mār",
                    "pos": "N",
                    "epos": "N"
                  }
                },
                {
                  "node": "l",
                  "frag": "⸢GID₂-DI⸣-DINGIR",
                  "id": "Q005806.l09b86",
                  "ref": "Q005806.7.11",
                  "inst": "Arik-den-ili[king of Assyria]RN",
                  "sig": "@riao%akk:GID₂-DI-DINGIR=Arik-din-ili[king of Assyria//king of Assyria]RN'RN$Arik-den-ili",
                  "f": {
                    "lang": "akk",
                    "form": "GID₂-DI-DINGIR",
                    "cf": "Arik-din-ili",
                    "gw": "king of Assyria",
                    "sense": "king of Assyria",
                    "norm": "Arik-den-ili",
                    "pos": "RN",
                    "epos": "RN"
                  }
                },
                {
                  "node": "l",
                  "frag": "ša₂-ak-ni",
                  "id": "Q005806.l09b87",
                  "ref": "Q005806.7.12",
                  "inst": "šakni[governor]N",
                  "sig": "@riao%akk:ša₂-ak-ni=šaknu[appointee//governor]N'N$šakni",
                  "f": {
                    "lang": "akk",
                    "form": "ša₂-ak-ni",
                    "cf": "šaknu",
                    "gw": "appointee",
                    "sense": "governor",
                    "norm": "šakni",
                    "pos": "N",
                    "epos": "N"
                  }
                },
                {
                  "node": "l",
                  "frag": "{d}AB",
                  "id": "Q005806.l09b88",
                  "ref": "Q005806.7.13",
                  "inst": "Enlil[1]DN",
                  "sig": "@riao%akk:{d}AB=Enlil[1//1]DN'DN$Enlil",
                  "f": {
                    "lang": "akk",
                    "form": "{d}AB",
                    "cf": "Enlil",
                    "gw": "1",
                    "sense": "1",
                    "norm": "Enlil",
                    "pos": "DN",
                    "epos": "DN"
                  }
                },
                {
                  "node": "l",
                  "frag": "ŠID",
                  "id": "Q005806.l09b89",
                  "ref": "Q005806.7.14",
                  "inst": "iššak[city-ruler]N",
                  "sig": "@riao%akk:ŠID=iššiakku[city-ruler//city-ruler]N'N$iššak",
                  "f": {
                    "lang": "akk",
                    "form": "ŠID",
                    "cf": "iššiakku",
                    "gw": "city-ruler",
                    "sense": "city-ruler",
                    "norm": "iššak",
                    "pos": "N",
                    "epos": "N"
                  }
                },
                {
                  "node": "l",
                  "frag": "aš-šur-ma",
                  "id": "Q005806.l09b8a",
                  "ref": "Q005806.7.15",
                  "inst": "Aššurma[1]DN",
                  "sig": "@riao%akk:aš-šur-ma=Aššur[1//1]DN'DN$Aššurma",
                  "f": {
                    "lang": "akk",
                    "form": "aš-šur-ma",
                    "cf": "Aššur",
                    "gw": "1",
                    "sense": "1",
                    "norm": "Aššurma",
                    "pos": "DN",
                    "epos": "DN"
                  }
                },
                {
                  "node": "l",
                  "frag": "e-nu-ma",
                  "id": "Q005806.l09b8b",
                  "ref": "Q005806.7.16",
                  "inst": "enūma[when]SBJ",
                  "sig": "@riao%akk:e-nu-ma=inūma[when//when]SBJ'SBJ$enūma",
                  "f": {
                    "lang": "akk",
                    "form": "e-nu-ma",
                    "cf": "inūma",
                    "gw": "when",
                    "sense": "when",
                    "norm": "enūma",
                    "pos": "SBJ",
                    "epos": "SBJ"
                  }
                },
                {
                  "node": "d",
                  "type": "line-start",
                  "ref": "Q005806.8",
                  "n": "8",
                  "label": "8"
                },
                {
                  "node": "l",
                  "frag": "E₂",
                  "id": "Q005806.l09b8c",
                  "ref": "Q005806.8.1",
                  "inst": "bīt[house]N",
                  "sig": "@riao%akk:E₂=bītu[house//house]N'N$bīt",
                  "f": {
                    "lang": "akk",
                    "form": "E₂",
                    "cf": "bītu",
                    "gw": "house",
                    "sense": "house",
                    "norm": "bīt",
                    "pos": "N",
                    "epos": "N"
                  }
                },
                {
                  "node": "l",
                  "frag": "{d}INANNA",
                  "id": "Q005806.l09b8d",
                  "ref": "Q005806.8.2",
                  "inst": "Ištar[1]DN",
                  "sig": "@riao%akk:{d}INANNA=Ištar[1//1]DN'DN$Ištar",
                  "f": {
                    "lang": "akk",
                    "form": "{d}INANNA",
                    "cf": "Ištar",
                    "gw": "1",
                    "sense": "1",
                    "norm": "Ištar",
                    "pos": "DN",
                    "epos": "DN"
                  }
                },
                {
                  "node": "l",
                  "frag": "NIN",
                  "id": "Q005806.l09b8e",
                  "ref": "Q005806.8.3",
                  "inst": "bēlat[lady]N",
                  "sig": "@riao%akk:NIN=bēltu[lady//lady]N'N$bēlat",
                  "f": {
                    "lang": "akk",
                    "form": "NIN",
                    "cf": "bēltu",
                    "gw": "lady",
                    "sense": "lady",
                    "norm": "bēlat",
                    "pos": "N",
                    "epos": "N"
                  }
                },
                {
                  "node": "l",
                  "frag": "{⸢uru⸣}ni-⸢na⸣-a",
                  "id": "Q005806.l09b8f",
                  "ref": "Q005806.8.4",
                  "inst": "Nina[Nineveh]SN",
                  "sig": "@riao%akk:{URU}ni-na-a=Ninua[Nineveh//Nineveh]SN'SN$Nina",
                  "f": {
                    "lang": "akk",
                    "form": "{URU}ni-na-a",
                    "cf": "Ninua",
                    "gw": "Nineveh",
                    "sense": "Nineveh",
                    "norm": "Nina",
                    "pos": "SN",
                    "epos": "SN"
                  }
                },
                {
                  "node": "l",
                  "frag": "NIN-ia",
                  "id": "Q005806.l09b90",
                  "ref": "Q005806.8.5",
                  "inst": "bēltiya[lady]N",
                  "sig": "@riao%akk:NIN-ia=bēltu[lady//lady]N'N$bēltiya",
                  "f": {
                    "lang": "akk",
                    "form": "NIN-ia",
                    "cf": "bēltu",
                    "gw": "lady",
                    "sense": "lady",
                    "norm": "bēltiya",
                    "pos": "N",
                    "epos": "N"
                  }
                },
                {
                  "node": "l",
                  "frag": "BAD₃",
                  "id": "Q005806.l09b91",
                  "ref": "Q005806.8.6",
                  "inst": "dūru[wall]N",
                  "sig": "@riao%akk:BAD₃=dūru[(city) wall//(city) wall]N'N$dūru",
                  "f": {
                    "lang": "akk",
                    "form": "BAD₃",
                    "cf": "dūru",
                    "gw": "(city) wall",
                    "sense": "(city) wall",
                    "norm": "dūru",
                    "pos": "N",
                    "epos": "N"
                  }
                },
                {
                  "node": "l",
                  "frag": "u₃",
                  "id": "Q005806.l09b92",
                  "ref": "Q005806.8.7",
                  "inst": "u[and]CNJ",
                  "sig": "@riao%akk:u₃=u[and//and]CNJ'CNJ$u",
                  "f": {
                    "lang": "akk",
                    "form": "u₃",
                    "cf": "u",
                    "gw": "and",
                    "sense": "and",
                    "norm": "u",
                    "pos": "CNJ",
                    "epos": "CNJ"
                  }
                },
                {
                  "node": "l",
                  "frag": "⸢si⸣-[qur]-⸢ra-tu",
                  "id": "Q005806.l09b93",
                  "ref": "Q005806.8.8",
                  "inst": "siqqurratu[ziggurrat]N",
                  "sig": "@riao%akk:si-qur-ra-tu=ziqqurratu[ziggurrat//ziggurrat]N'N$siqqurratu",
                  "f": {
                    "lang": "akk",
                    "form": "si-qur-ra-tu",
                    "cf": "ziqqurratu",
                    "gw": "ziggurrat",
                    "sense": "ziggurrat",
                    "norm": "siqqurratu",
                    "pos": "N",
                    "epos": "N"
                  }
                },
                {
                  "node": "l",
                  "frag": "ina⸣",
                  "id": "Q005806.l09b94",
                  "ref": "Q005806.8.9",
                  "inst": "ina[during]PRP",
                  "sig": "@riao%akk:ina=ina[in//during]PRP'PRP$ina",
                  "f": {
                    "lang": "akk",
                    "form": "ina",
                    "cf": "ina",
                    "gw": "in",
                    "sense": "during",
                    "norm": "ina",
                    "pos": "PRP",
                    "epos": "PRP"
                  }
                },
                {
                  "node": "l",
                  "frag": "[ri]-⸢i⸣-bi",
                  "id": "Q005806.l09b95",
                  "ref": "Q005806.8.10",
                  "inst": "rībi[earthquake]N",
                  "sig": "@riao%akk:ri-i-bi=rību[earthquake//earthquake]N'N$rībi",
                  "f": {
                    "lang": "akk",
                    "form": "ri-i-bi",
                    "cf": "rību",
                    "gw": "earthquake",
                    "sense": "earthquake",
                    "norm": "rībi",
                    "pos": "N",
                    "epos": "N"
                  }
                },
                {
                  "node": "l",
                  "frag": "e-na-hu-ma",
                  "id": "Q005806.l09b96",
                  "ref": "Q005806.8.11",
                  "inst": "ēnahūma[be(come) dilapidated]V",
                  "sig": "@riao%akk:e-na-hu-ma=anāhu[be(come) tired//be(come) dilapidated]V'V$ēnahūma",
                  "f": {
                    "lang": "akk",
                    "form": "e-na-hu-ma",
                    "cf": "anāhu",
                    "gw": "be(come) tired",
                    "sense": "be(come) dilapidated",
                    "norm": "ēnahūma",
                    "pos": "V",
                    "epos": "V"
                  }
                },
                {
                  "node": "l",
                  "frag": "ih-ṭab-tu",
                  "id": "Q005806.l09b97",
                  "ref": "Q005806.8.12",
                  "inst": "ihṭabtū[be destroyed]V",
                  "sig": "@riao%akk:ih-ṭab-tu=abātu[destroy//be destroyed]V'V$ihṭabtū",
                  "f": {
                    "lang": "akk",
                    "form": "ih-ṭab-tu",
                    "cf": "abātu",
                    "gw": "destroy",
                    "sense": "be destroyed",
                    "norm": "ihṭabtū",
                    "pos": "V",
                    "epos": "V"
                  }
                },
                {
                  "node": "l",
                  "frag": "si-qur-ra-ta",
                  "id": "Q005806.l09b98",
                  "ref": "Q005806.8.13",
                  "inst": "siqqurrata[ziggurrat]N",
                  "sig": "@riao%akk:si-qur-ra-ta=ziqqurratu[ziggurrat//ziggurrat]N'N$siqqurrata",
                  "f": {
                    "lang": "akk",
                    "form": "si-qur-ra-ta",
                    "cf": "ziqqurratu",
                    "gw": "ziggurrat",
                    "sense": "ziggurrat",
                    "norm": "siqqurrata",
                    "pos": "N",
                    "epos": "N"
                  }
                },
                {
                  "node": "d",
                  "type": "line-start",
                  "ref": "Q005806.9",
                  "n": "9",
                  "label": "9"
                },
                {
                  "node": "l",
                  "frag": "ša₂-a-ti",
                  "id": "Q005806.l09b99",
                  "ref": "Q005806.9.1",
                  "inst": "šâti[that]IP",
                  "sig": "@riao%akk:ša₂-a-ti=šâti[him//that]IP'IP$šâti",
                  "f": {
                    "lang": "akk",
                    "form": "ša₂-a-ti",
                    "cf": "šâti",
                    "gw": "him",
                    "sense": "that",
                    "norm": "šâti",
                    "pos": "IP",
                    "epos": "IP"
                  }
                },
                {
                  "node": "l",
                  "frag": "iš-tu",
                  "id": "Q005806.l09b9a",
                  "ref": "Q005806.9.2",
                  "inst": "ištu[from]PRP",
                  "sig": "@riao%akk:iš-tu=ištu[from//from]PRP'PRP$ištu",
                  "f": {
                    "lang": "akk",
                    "form": "iš-tu",
                    "cf": "ištu",
                    "gw": "from",
                    "sense": "from",
                    "norm": "ištu",
                    "pos": "PRP",
                    "epos": "PRP"
                  }
                },
                {
                  "node": "l",
                  "frag": "⸢uš-še⸣-[ša",
                  "id": "Q005806.l09b9b",
                  "ref": "Q005806.9.3",
                  "inst": "uššēša[foundation]N",
                  "sig": "@riao%akk:uš-še-ša=uššu[foundation//foundation]N'N$uššēša",
                  "f": {
                    "lang": "akk",
                    "form": "uš-še-ša",
                    "cf": "uššu",
                    "gw": "foundation",
                    "sense": "foundation",
                    "norm": "uššēša",
                    "pos": "N",
                    "epos": "N"
                  }
                },
                {
                  "node": "l",
                  "frag": "a-di]",
                  "id": "Q005806.l09b9c",
                  "ref": "Q005806.9.4",
                  "inst": "adi[to]PRP",
                  "sig": "@riao%akk:a-di=adi[until//to]PRP'PRP$adi",
                  "f": {
                    "lang": "akk",
                    "form": "a-di",
                    "cf": "adi",
                    "gw": "until",
                    "sense": "to",
                    "norm": "adi",
                    "pos": "PRP",
                    "epos": "PRP"
                  }
                },
                {
                  "node": "l",
                  "frag": "⸢gaba⸣-dib-bi-<ša>",
                  "id": "Q005806.l09b9d",
                  "ref": "Q005806.9.5",
                  "inst": "gabadibbīša[parapet]N",
                  "sig": "@riao%akk:gaba-dib-bi-ša=gabadibbu[parapet//parapet]N'N$gabadibbīša",
                  "f": {
                    "lang": "akk",
                    "form": "gaba-dib-bi-ša",
                    "cf": "gabadibbu",
                    "gw": "parapet",
                    "sense": "parapet",
                    "norm": "gabadibbīša",
                    "pos": "N",
                    "epos": "N"
                  }
                },
                {
                  "node": "l",
                  "frag": "e-⸢pu-uš⸣",
                  "id": "Q005806.l09b9e",
                  "ref": "Q005806.9.6",
                  "inst": "ēpuš[build]V",
                  "sig": "@riao%akk:e-pu-uš=epēšu[do//build]V'V$ēpuš",
                  "f": {
                    "lang": "akk",
                    "form": "e-pu-uš",
                    "cf": "epēšu",
                    "gw": "do",
                    "sense": "build",
                    "norm": "ēpuš",
                    "pos": "V",
                    "epos": "V"
                  }
                },
                {
                  "node": "l",
                  "frag": "[...",
                  "id": "Q005806.l09b9f",
                  "ref": "Q005806.9.7",
                  "inst": "u",
                  "f": {
                    "lang": "akk",
                    "form": "x",
                    "pos": "u"
                  }
                },
                {
                  "node": "l",
                  "frag": "{d]}⸢INANNA⸣",
                  "id": "Q005806.l09ba0",
                  "ref": "Q005806.9.8",
                  "inst": "Ištar[1]DN",
                  "sig": "@riao%akk:{d}INANNA=Ištar[1//1]DN'DN$Ištar",
                  "f": {
                    "lang": "akk",
                    "form": "{d}INANNA",
                    "cf": "Ištar",
                    "gw": "1",
                    "sense": "1",
                    "norm": "Ištar",
                    "pos": "DN",
                    "epos": "DN"
                  }
                },
                {
                  "node": "l",
                  "frag": "NIN-ia",
                  "id": "Q005806.l09ba1",
                  "ref": "Q005806.9.9",
                  "inst": "bēltiya[lady]N",
                  "sig": "@riao%akk:NIN-ia=bēltu[lady//lady]N'N$bēltiya",
                  "f": {
                    "lang": "akk",
                    "form": "NIN-ia",
                    "cf": "bēltu",
                    "gw": "lady",
                    "sense": "lady",
                    "norm": "bēltiya",
                    "pos": "N",
                    "epos": "N"
                  }
                },
                {
                  "node": "l",
                  "frag": "an-šu-su-nu",
                  "id": "Q005806.l09ba2",
                  "ref": "Q005806.9.10",
                  "inst": "anšūssunu[dilapidated section(s)]N",
                  "sig": "@riao%akk:an-šu-su-nu=enšūtu[weakness//dilapidated section(s)]N'N$anšūssunu",
                  "f": {
                    "lang": "akk",
                    "form": "an-šu-su-nu",
                    "cf": "enšūtu",
                    "gw": "weakness",
                    "sense": "dilapidated section(s)",
                    "norm": "anšūssunu",
                    "pos": "N",
                    "epos": "N"
                  }
                },
                {
                  "node": "l",
                  "frag": "u₂-ne₂-kir₆",
                  "id": "Q005806.l09ba3",
                  "ref": "Q005806.9.11",
                  "inst": "unekkir[clear away]V",
                  "sig": "@riao%akk:u₂-ne₂-kir₆=nakāru[be(come) different//clear away]V'V$unekkir",
                  "f": {
                    "lang": "akk",
                    "form": "u₂-ne₂-kir₆",
                    "cf": "nakāru",
                    "gw": "be(come) different",
                    "sense": "clear away",
                    "norm": "unekkir",
                    "pos": "V",
                    "epos": "V"
                  }
                },
                {
                  "node": "l",
                  "frag": "ma-aq-ta",
                  "id": "Q005806.l09ba4",
                  "ref": "Q005806.9.12",
                  "inst": "maqta[collapsed part(s)]N",
                  "sig": "@riao%akk:ma-aq-ta=maqtu[fallen one//collapsed part(s)]N'N$maqta",
                  "f": {
                    "lang": "akk",
                    "form": "ma-aq-ta",
                    "cf": "maqtu",
                    "gw": "fallen one",
                    "sense": "collapsed part(s)",
                    "norm": "maqta",
                    "pos": "N",
                    "epos": "N"
                  }
                },
                {
                  "node": "d",
                  "type": "line-start",
                  "ref": "Q005806.10",
                  "n": "10",
                  "label": "10"
                },
                {
                  "node": "l",
                  "frag": "iš-tu",
                  "id": "Q005806.l09ba5",
                  "ref": "Q005806.10.1",
                  "inst": "ištu[from]PRP",
                  "sig": "@riao%akk:iš-tu=ištu[from//from]PRP'PRP$ištu",
                  "f": {
                    "lang": "akk",
                    "form": "iš-tu",
                    "cf": "ištu",
                    "gw": "from",
                    "sense": "from",
                    "norm": "ištu",
                    "pos": "PRP",
                    "epos": "PRP"
                  }
                },
                {
                  "node": "l",
                  "frag": "uš-še-⸢šu⸣",
                  "id": "Q005806.l09ba6",
                  "ref": "Q005806.10.2",
                  "inst": "uššēšu[foundation]N",
                  "sig": "@riao%akk:uš-še-šu=uššu[foundation//foundation]N'N$uššēšu",
                  "f": {
                    "lang": "akk",
                    "form": "uš-še-šu",
                    "cf": "uššu",
                    "gw": "foundation",
                    "sense": "foundation",
                    "norm": "uššēšu",
                    "pos": "N",
                    "epos": "N"
                  }
                },
                {
                  "node": "l",
                  "frag": "a-⸢di",
                  "id": "Q005806.l09ba7",
                  "ref": "Q005806.10.3",
                  "inst": "adi[to]PRP",
                  "sig": "@riao%akk:a-di=adi[until//to]PRP'PRP$adi",
                  "f": {
                    "lang": "akk",
                    "form": "a-di",
                    "cf": "adi",
                    "gw": "until",
                    "sense": "to",
                    "norm": "adi",
                    "pos": "PRP",
                    "epos": "PRP"
                  }
                },
                {
                  "node": "l",
                  "frag": "gaba-dib-bi-šu",
                  "id": "Q005806.l09ba8",
                  "ref": "Q005806.10.4",
                  "inst": "gabadibbīšu[parapet]N",
                  "sig": "@riao%akk:gaba-dib-bi-šu=gabadibbu[parapet//parapet]N'N$gabadibbīšu",
                  "f": {
                    "lang": "akk",
                    "form": "gaba-dib-bi-šu",
                    "cf": "gabadibbu",
                    "gw": "parapet",
                    "sense": "parapet",
                    "norm": "gabadibbīšu",
                    "pos": "N",
                    "epos": "N"
                  }
                },
                {
                  "node": "l",
                  "frag": "e⸣-pu-uš",
                  "id": "Q005806.l09ba9",
                  "ref": "Q005806.10.5",
                  "inst": "ēpuš[build]V",
                  "sig": "@riao%akk:e-pu-uš=epēšu[do//build]V'V$ēpuš",
                  "f": {
                    "lang": "akk",
                    "form": "e-pu-uš",
                    "cf": "epēšu",
                    "gw": "do",
                    "sense": "build",
                    "norm": "ēpuš",
                    "pos": "V",
                    "epos": "V"
                  }
                },
                {
                  "node": "l",
                  "frag": "KA₂",
                  "id": "Q005806.l09baa",
                  "ref": "Q005806.10.6",
                  "inst": "bāb[gate]N",
                  "sig": "@riao%akk:KA₂=bābu[gate//gate]N'N$bāb",
                  "f": {
                    "lang": "akk",
                    "form": "KA₂",
                    "cf": "bābu",
                    "gw": "gate",
                    "sense": "gate",
                    "norm": "bāb",
                    "pos": "N",
                    "epos": "N"
                  }
                },
                {
                  "node": "l",
                  "frag": "x",
                  "id": "Q005806.l09bab",
                  "ref": "Q005806.10.7",
                  "inst": "u",
                  "f": {
                    "lang": "akk",
                    "form": "x",
                    "pos": "u"
                  }
                },
                {
                  "node": "l",
                  "frag": "[...]",
                  "id": "Q005806.l09bac",
                  "ref": "Q005806.10.8",
                  "inst": "u",
                  "f": {
                    "lang": "akk",
                    "form": "x",
                    "pos": "u"
                  }
                },
                {
                  "node": "l",
                  "frag": "x",
                  "id": "Q005806.l09bad",
                  "ref": "Q005806.10.9",
                  "inst": "u",
                  "f": {
                    "lang": "akk",
                    "form": "x",
                    "pos": "u"
                  }
                },
                {
                  "node": "l",
                  "frag": "⸢e⸣-pu-uš",
                  "id": "Q005806.l09bae",
                  "ref": "Q005806.10.10",
                  "inst": "ēpuš[build]V",
                  "sig": "@riao%akk:e-pu-uš=epēšu[do//build]V'V$ēpuš",
                  "f": {
                    "lang": "akk",
                    "form": "e-pu-uš",
                    "cf": "epēšu",
                    "gw": "do",
                    "sense": "build",
                    "norm": "ēpuš",
                    "pos": "V",
                    "epos": "V"
                  }
                },
                {
                  "node": "l",
                  "frag": "na-re-ia",
                  "id": "Q005806.l09baf",
                  "ref": "Q005806.10.11",
                  "inst": "narêya[stele]N",
                  "sig": "@riao%akk:na-re-ia=narû[stele//stele]N'N$narêya",
                  "f": {
                    "lang": "akk",
                    "form": "na-re-ia",
                    "cf": "narû",
                    "gw": "stele",
                    "sense": "stele",
                    "norm": "narêya",
                    "pos": "N",
                    "epos": "N"
                  }
                },
                {
                  "node": "l",
                  "frag": "u₃",
                  "id": "Q005806.l09bb0",
                  "ref": "Q005806.10.12",
                  "inst": "u[and]CNJ",
                  "sig": "@riao%akk:u₃=u[and//and]CNJ'CNJ$u",
                  "f": {
                    "lang": "akk",
                    "form": "u₃",
                    "cf": "u",
                    "gw": "and",
                    "sense": "and",
                    "norm": "u",
                    "pos": "CNJ",
                    "epos": "CNJ"
                  }
                },
                {
                  "node": "l",
                  "frag": "ti-me-ni-ia",
                  "id": "Q005806.l09bb1",
                  "ref": "Q005806.10.13",
                  "inst": "timmēnīya[foundation document]N",
                  "sig": "@riao%akk:ti-me-ni-ia=temmēnu[foundation//foundation document]N'N$timmēnīya",
                  "f": {
                    "lang": "akk",
                    "form": "ti-me-ni-ia",
                    "cf": "temmēnu",
                    "gw": "foundation",
                    "sense": "foundation document",
                    "norm": "timmēnīya",
                    "pos": "N",
                    "epos": "N"
                  }
                },
                {
                  "node": "l",
                  "frag": "aš-ku-un",
                  "id": "Q005806.l09bb2",
                  "ref": "Q005806.10.14",
                  "inst": "aškun[deposit]V",
                  "sig": "@riao%akk:aš-ku-un=šakānu[put//deposit]V'V$aškun",
                  "f": {
                    "lang": "akk",
                    "form": "aš-ku-un",
                    "cf": "šakānu",
                    "gw": "put",
                    "sense": "deposit",
                    "norm": "aškun",
                    "pos": "V",
                    "epos": "V"
                  }
                },
                {
                  "node": "d",
                  "type": "line-start",
                  "ref": "Q005806.11",
                  "n": "11",
                  "label": "11"
                },
                {
                  "node": "l",
                  "frag": "[...",
                  "id": "Q005806.l09bb3",
                  "ref": "Q005806.11.1",
                  "inst": "u",
                  "f": {
                    "lang": "akk",
                    "form": "x",
                    "pos": "u"
                  }
                },
                {
                  "node": "l",
                  "frag": "{d]}⸢INANNA",
                  "id": "Q005806.l09bb4",
                  "ref": "Q005806.11.2",
                  "inst": "Ištar[1]DN",
                  "sig": "@riao%akk:{d}INANNA=Ištar[1//1]DN'DN$Ištar",
                  "f": {
                    "lang": "akk",
                    "form": "{d}INANNA",
                    "cf": "Ištar",
                    "gw": "1",
                    "sense": "1",
                    "norm": "Ištar",
                    "pos": "DN",
                    "epos": "DN"
                  }
                },
                {
                  "node": "l",
                  "frag": "ik-ri⸣-be-šu",
                  "id": "Q005806.l09bb5",
                  "ref": "Q005806.11.3",
                  "inst": "ikribēšu[prayer]N",
                  "sig": "@riao%akk:ik-ri-be-šu=ikribu[prayer//prayer]N'N$ikribēšu",
                  "f": {
                    "lang": "akk",
                    "form": "ik-ri-be-šu",
                    "cf": "ikribu",
                    "gw": "prayer",
                    "sense": "prayer",
                    "norm": "ikribēšu",
                    "pos": "N",
                    "epos": "N"
                  }
                },
                {
                  "node": "l",
                  "frag": "⸢i⸣-še-me",
                  "id": "Q005806.l09bb6",
                  "ref": "Q005806.11.4",
                  "inst": "išemme[hear]V",
                  "sig": "@riao%akk:i-še-me=šemû[hear//hear]V'V$išemme",
                  "f": {
                    "lang": "akk",
                    "form": "i-še-me",
                    "cf": "šemû",
                    "gw": "hear",
                    "sense": "hear",
                    "norm": "išemme",
                    "pos": "V",
                    "epos": "V"
                  }
                },
                {
                  "node": "l",
                  "frag": "mu-ne₂-kir₆",
                  "id": "Q005806.l09bb7",
                  "ref": "Q005806.11.5",
                  "inst": "munekkir[one who alters something]N",
                  "sig": "@riao%akk:mu-ne₂-kir₆=munakkiru[one who alters something//one who alters something]N'N$munekkir",
                  "f": {
                    "lang": "akk",
                    "form": "mu-ne₂-kir₆",
                    "cf": "munakkiru",
                    "gw": "one who alters something",
                    "sense": "one who alters something",
                    "norm": "munekkir",
                    "pos": "N",
                    "epos": "N"
                  }
                },
                {
                  "node": "l",
                  "frag": "ši-iṭ-ri-ia",
                  "id": "Q005806.l09bb8",
                  "ref": "Q005806.11.6",
                  "inst": "šiṭriya[inscription]N",
                  "sig": "@riao%akk:ši-iṭ-ri-ia=šiṭru[(piece of) writing//inscription]N'N$šiṭriya",
                  "f": {
                    "lang": "akk",
                    "form": "ši-iṭ-ri-ia",
                    "cf": "šiṭru",
                    "gw": "(piece of) writing",
                    "sense": "inscription",
                    "norm": "šiṭriya",
                    "pos": "N",
                    "epos": "N"
                  }
                },
                {
                  "node": "l",
                  "frag": "u₃",
                  "id": "Q005806.l09bb9",
                  "ref": "Q005806.11.7",
                  "inst": "u[and]CNJ",
                  "sig": "@riao%akk:u₃=u[and//and]CNJ'CNJ$u",
                  "f": {
                    "lang": "akk",
                    "form": "u₃",
                    "cf": "u",
                    "gw": "and",
                    "sense": "and",
                    "norm": "u",
                    "pos": "CNJ",
                    "epos": "CNJ"
                  }
                },
                {
                  "node": "l",
                  "frag": "šu-mi-⸢ia⸣",
                  "id": "Q005806.l09bba",
                  "ref": "Q005806.11.8",
                  "inst": "šumiya[name]N",
                  "sig": "@riao%akk:šu-mi-ia=šumu[name//name]N'N$šumiya",
                  "f": {
                    "lang": "akk",
                    "form": "šu-mi-ia",
                    "cf": "šumu",
                    "gw": "name",
                    "sense": "name",
                    "norm": "šumiya",
                    "pos": "N",
                    "epos": "N"
                  }
                },
                {
                  "node": "d",
                  "type": "line-start",
                  "ref": "Q005806.12",
                  "n": "12",
                  "label": "12"
                },
                {
                  "node": "l",
                  "frag": "[...",
                  "id": "Q005806.l09bbb",
                  "ref": "Q005806.12.1",
                  "inst": "u",
                  "f": {
                    "lang": "akk",
                    "form": "x",
                    "pos": "u"
                  }
                },
                {
                  "node": "l",
                  "frag": "{d}IŠKUR",
                  "id": "Q005806.l09bbc",
                  "ref": "Q005806.12.2",
                  "inst": "Adad[1]DN",
                  "sig": "@riao%akk:{d}IŠKUR=Adad[1//1]DN'DN$Adad",
                  "f": {
                    "lang": "akk",
                    "form": "{d}IŠKUR",
                    "cf": "Adad",
                    "gw": "1",
                    "sense": "1",
                    "norm": "Adad",
                    "pos": "DN",
                    "epos": "DN"
                  }
                },
                {
                  "node": "l",
                  "frag": "i-na",
                  "id": "Q005806.l09bbd",
                  "ref": "Q005806.12.3",
                  "inst": "ina[with]PRP",
                  "sig": "@riao%akk:i-na=ina[in//with]PRP'PRP$ina",
                  "f": {
                    "lang": "akk",
                    "form": "i-na",
                    "cf": "ina",
                    "gw": "in",
                    "sense": "with",
                    "norm": "ina",
                    "pos": "PRP",
                    "epos": "PRP"
                  }
                },
                {
                  "node": "l",
                  "frag": "be-ri-iq",
                  "id": "Q005806.l09bbe",
                  "ref": "Q005806.12.4",
                  "inst": "beriq[lightning]N",
                  "sig": "@riao%akk:be-ri-iq=berqu[lightning//lightning]N'N$beriq",
                  "f": {
                    "lang": "akk",
                    "form": "be-ri-iq",
                    "cf": "berqu",
                    "gw": "lightning",
                    "sense": "lightning",
                    "norm": "beriq",
                    "pos": "N",
                    "epos": "N"
                  }
                },
                {
                  "node": "l",
                  "frag": "le-mu]-⸢te⸣",
                  "id": "Q005806.l09bbf",
                  "ref": "Q005806.12.5",
                  "inst": "lemutte[evil]N",
                  "sig": "@riao%akk:le-mu-te=lemuttu[evil//evil]N'N$lemutte",
                  "f": {
                    "lang": "akk",
                    "form": "le-mu-te",
                    "cf": "lemuttu",
                    "gw": "evil",
                    "sense": "evil",
                    "norm": "lemutte",
                    "pos": "N",
                    "epos": "N"
                  }
                },
                {
                  "node": "l",
                  "frag": "KUR-su",
                  "id": "Q005806.l09bc0",
                  "ref": "Q005806.12.6",
                  "inst": "māssu[land]N",
                  "sig": "@riao%akk:KUR-su=mātu[land//land]N'N$māssu",
                  "f": {
                    "lang": "akk",
                    "form": "KUR-su",
                    "cf": "mātu",
                    "gw": "land",
                    "sense": "land",
                    "norm": "māssu",
                    "pos": "N",
                    "epos": "N"
                  }
                },
                {
                  "node": "l",
                  "frag": "li-ib-ri-iq",
                  "id": "Q005806.l09bc1",
                  "ref": "Q005806.12.7",
                  "inst": "libriq[strike something with lightning]V",
                  "sig": "@riao%akk:li-ib-ri-iq=barāqu[lighten//strike something with lightning]V'V$libriq",
                  "f": {
                    "lang": "akk",
                    "form": "li-ib-ri-iq",
                    "cf": "barāqu",
                    "gw": "lighten",
                    "sense": "strike something with lightning",
                    "norm": "libriq",
                    "pos": "V",
                    "epos": "V"
                  }
                },
                {
                  "node": "l",
                  "frag": "a-na",
                  "id": "Q005806.l09bc2",
                  "ref": "Q005806.12.8",
                  "inst": "ana[upon]PRP",
                  "sig": "@riao%akk:a-na=ana[to//upon]PRP'PRP$ana",
                  "f": {
                    "lang": "akk",
                    "form": "a-na",
                    "cf": "ana",
                    "gw": "to",
                    "sense": "upon",
                    "norm": "ana",
                    "pos": "PRP",
                    "epos": "PRP"
                  }
                },
                {
                  "node": "l",
                  "frag": "KUR-šu",
                  "id": "Q005806.l09bc3",
                  "ref": "Q005806.12.9",
                  "inst": "mātišu[land]N",
                  "sig": "@riao%akk:KUR-šu=mātu[land//land]N'N$mātišu",
                  "f": {
                    "lang": "akk",
                    "form": "KUR-šu",
                    "cf": "mātu",
                    "gw": "land",
                    "sense": "land",
                    "norm": "mātišu",
                    "pos": "N",
                    "epos": "N"
                  }
                },
                {
                  "node": "l",
                  "frag": "hu-ša₂-hi",
                  "id": "Q005806.l09bc4",
                  "ref": "Q005806.12.10",
                  "inst": "hušahhī[need]N",
                  "sig": "@riao%akk:hu-ša₂-hi=hušahhu[need//need]N'N$hušahhī",
                  "f": {
                    "lang": "akk",
                    "form": "hu-ša₂-hi",
                    "cf": "hušahhu",
                    "gw": "need",
                    "sense": "need",
                    "norm": "hušahhī",
                    "pos": "N",
                    "epos": "N"
                  }
                },
                {
                  "node": "l",
                  "frag": "⸢li-di⸣",
                  "id": "Q005806.l09bc5",
                  "ref": "Q005806.12.11",
                  "inst": "liddi[lay]V",
                  "sig": "@riao%akk:li-di=nadû[throw (down)//lay]V'V$liddi",
                  "f": {
                    "lang": "akk",
                    "form": "li-di",
                    "cf": "nadû",
                    "gw": "throw (down)",
                    "sense": "lay",
                    "norm": "liddi",
                    "pos": "V",
                    "epos": "V"
                  }
                }
              ]
            }
          ]
        }
      ]
    }
  ]
}
