{
  "type": "cdl",
  "source": "http://oracc.org/riao",
  "license": "This data is released under the CC0 license",
  "license-url": "https://creativecommons.org/publicdomain/zero/1.0/",
  "more-info": "http://oracc.org/doc/opendata/",
  "UTC-timestamp": "2017-06-10T00:11:55",
  "project": "riao",
  "textid": "Q005709",
  "cdl": [
    {
      "node": "c",
      "type": "text",
      "id": "Q005709.U0",
      "cdl": [
        {
          "node": "d",
          "type": "object",
          "ref": ""
        },
        {
          "node": "d",
          "type": "surface",
          "ref": ""
        },
        {
          "node": "d",
          "type": "nonx",
          "ref": "Q005709.1",
          "strict": "0",
          "state": "other"
        },
        {
          "node": "c",
          "type": "discourse",
          "subtype": "body",
          "id": "Q005709.U1",
          "cdl": [
            {
              "node": "c",
              "type": "sentence",
              "id": "Q005709.U2",
              "label": "1' - 9'",
              "cdl": [
                {
                  "node": "d",
                  "type": "line-start",
                  "ref": "Q005709.2",
                  "n": "1'",
                  "label": "1'"
                },
                {
                  "node": "l",
                  "frag": "[...]",
                  "id": "Q005709.l0802d",
                  "ref": "Q005709.2.1",
                  "inst": "u",
                  "f": {
                    "lang": "akk",
                    "form": "x",
                    "pos": "u"
                  }
                },
                {
                  "node": "l",
                  "frag": "ša",
                  "id": "Q005709.l0802e",
                  "ref": "Q005709.2.2",
                  "inst": "ša[of]DET",
                  "sig": "@riao%akk:ša=ša[of//of]DET'DET$ša",
                  "f": {
                    "lang": "akk",
                    "form": "ša",
                    "cf": "ša",
                    "gw": "of",
                    "sense": "of",
                    "norm": "ša",
                    "pos": "DET",
                    "epos": "DET"
                  }
                },
                {
                  "node": "l",
                  "frag": "[...]",
                  "id": "Q005709.l0802f",
                  "ref": "Q005709.2.3",
                  "inst": "u",
                  "f": {
                    "lang": "akk",
                    "form": "x",
                    "pos": "u"
                  }
                },
                {
                  "node": "d",
                  "type": "line-start",
                  "ref": "Q005709.3",
                  "n": "2'",
                  "label": "2'"
                },
                {
                  "node": "l",
                  "frag": "[...]-ma",
                  "id": "Q005709.l08030",
                  "ref": "Q005709.3.1",
                  "inst": "u",
                  "f": {
                    "lang": "akk",
                    "form": "x-ma",
                    "pos": "u"
                  }
                },
                {
                  "node": "l",
                  "frag": "iš-da-[...]",
                  "id": "Q005709.l08031",
                  "ref": "Q005709.3.2",
                  "inst": "u",
                  "f": {
                    "lang": "akk",
                    "form": "iš-da-x",
                    "pos": "u"
                  }
                },
                {
                  "node": "d",
                  "type": "line-start",
                  "ref": "Q005709.4",
                  "n": "3'",
                  "label": "3'"
                },
                {
                  "node": "l",
                  "frag": "[...]",
                  "id": "Q005709.l08032",
                  "ref": "Q005709.4.1",
                  "inst": "u",
                  "f": {
                    "lang": "akk",
                    "form": "x",
                    "pos": "u"
                  }
                },
                {
                  "node": "l",
                  "frag": "x",
                  "id": "Q005709.l08033",
                  "ref": "Q005709.4.2",
                  "inst": "u",
                  "f": {
                    "lang": "akk",
                    "form": "x",
                    "pos": "u"
                  }
                },
                {
                  "node": "l",
                  "frag": "iš-da-[...]",
                  "id": "Q005709.l08034",
                  "ref": "Q005709.4.3",
                  "inst": "u",
                  "f": {
                    "lang": "akk",
                    "form": "iš-da-x",
                    "pos": "u"
                  }
                },
                {
                  "node": "d",
                  "type": "line-start",
                  "ref": "Q005709.5",
                  "n": "4'",
                  "label": "4'"
                },
                {
                  "node": "l",
                  "frag": "[...]-ti-ma",
                  "id": "Q005709.l08035",
                  "ref": "Q005709.5.1",
                  "inst": "u",
                  "f": {
                    "lang": "akk",
                    "form": "x-ti-ma",
                    "pos": "u"
                  }
                },
                {
                  "node": "d",
                  "type": "nonw",
                  "ref": ""
                },
                {
                  "node": "l",
                  "frag": "e-pu-[uš",
                  "id": "Q005709.l08036",
                  "ref": "Q005709.5.2",
                  "inst": "ēpuš[build]V",
                  "sig": "@riao%akk:e-pu-uš=epēšu[do//build]V'V$ēpuš",
                  "f": {
                    "lang": "akk",
                    "form": "e-pu-uš",
                    "cf": "epēšu",
                    "gw": "do",
                    "sense": "build",
                    "norm": "ēpuš",
                    "pos": "V",
                    "epos": "V"
                  }
                },
                {
                  "node": "l",
                  "frag": "...]",
                  "id": "Q005709.l08037",
                  "ref": "Q005709.5.3",
                  "inst": "u",
                  "f": {
                    "lang": "akk",
                    "form": "x",
                    "pos": "u"
                  }
                },
                {
                  "node": "d",
                  "type": "line-start",
                  "ref": "Q005709.6",
                  "n": "5'",
                  "label": "5'"
                },
                {
                  "node": "l",
                  "frag": "[...",
                  "id": "Q005709.l08038",
                  "ref": "Q005709.6.1",
                  "inst": "u",
                  "f": {
                    "lang": "akk",
                    "form": "x",
                    "pos": "u"
                  }
                },
                {
                  "node": "l",
                  "frag": "si₂-ik]-⸢ka₃⸣-ti",
                  "id": "Q005709.l08039",
                  "ref": "Q005709.6.2",
                  "inst": "sikkatī[peg]N",
                  "sig": "@riao%akk:si₂-ik-ka₃-ti=sikkatu[peg//peg]N'N$sikkatī",
                  "f": {
                    "lang": "akk",
                    "form": "si₂-ik-ka₃-ti",
                    "cf": "sikkatu",
                    "gw": "peg",
                    "sense": "peg",
                    "norm": "sikkatī",
                    "pos": "N",
                    "epos": "N"
                  }
                },
                {
                  "node": "l",
                  "frag": "aš-ku-un",
                  "id": "Q005709.l0803a",
                  "ref": "Q005709.6.3",
                  "inst": "aškun[deposit]V",
                  "sig": "@riao%akk:aš-ku-un=šakānu[put//deposit]V'V$aškun",
                  "f": {
                    "lang": "akk",
                    "form": "aš-ku-un",
                    "cf": "šakānu",
                    "gw": "put",
                    "sense": "deposit",
                    "norm": "aškun",
                    "pos": "V",
                    "epos": "V"
                  }
                },
                {
                  "node": "l",
                  "frag": "[(...)]",
                  "id": "Q005709.l0803b",
                  "ref": "Q005709.6.4",
                  "inst": "u",
                  "f": {
                    "lang": "akk",
                    "form": "x",
                    "pos": "u"
                  }
                },
                {
                  "node": "d",
                  "type": "line-start",
                  "ref": "Q005709.7",
                  "n": "6'",
                  "label": "6'"
                },
                {
                  "node": "l",
                  "frag": "[(...)",
                  "id": "Q005709.l0803c",
                  "ref": "Q005709.7.1",
                  "inst": "u",
                  "f": {
                    "lang": "akk",
                    "form": "x",
                    "pos": "u"
                  }
                },
                {
                  "node": "l",
                  "frag": "ru-bu]-u₂",
                  "id": "Q005709.l0803d",
                  "ref": "Q005709.7.2",
                  "inst": "rubû[prince]N",
                  "sig": "@riao%akk:ru-bu-u₂=rubû[ruler//prince]N'N$rubû",
                  "f": {
                    "lang": "akk",
                    "form": "ru-bu-u₂",
                    "cf": "rubû",
                    "gw": "ruler",
                    "sense": "prince",
                    "norm": "rubû",
                    "pos": "N",
                    "epos": "N"
                  }
                },
                {
                  "node": "l",
                  "frag": "ur-ku-u₂",
                  "id": "Q005709.l0803e",
                  "ref": "Q005709.7.3",
                  "inst": "urkû[later]AJ",
                  "sig": "@riao%akk:ur-ku-u₂=warkû[rear//later]AJ'AJ$urkû",
                  "f": {
                    "lang": "akk",
                    "form": "ur-ku-u₂",
                    "cf": "warkû",
                    "gw": "rear",
                    "sense": "later",
                    "norm": "urkû",
                    "pos": "AJ",
                    "epos": "AJ"
                  }
                },
                {
                  "node": "l",
                  "frag": "i-nu-me",
                  "id": "Q005709.l0803f",
                  "ref": "Q005709.7.4",
                  "inst": "inūmē[when]SBJ",
                  "sig": "@riao%akk:i-nu-me=inūmē[when//when]SBJ'SBJ$inūmē",
                  "f": {
                    "lang": "akk",
                    "form": "i-nu-me",
                    "cf": "inūmē",
                    "gw": "when",
                    "sense": "when",
                    "norm": "inūmē",
                    "pos": "SBJ",
                    "epos": "SBJ"
                  }
                },
                {
                  "node": "l",
                  "frag": "[...]",
                  "id": "Q005709.l08040",
                  "ref": "Q005709.7.5",
                  "inst": "u",
                  "f": {
                    "lang": "akk",
                    "form": "x",
                    "pos": "u"
                  }
                },
                {
                  "node": "d",
                  "type": "line-start",
                  "ref": "Q005709.8",
                  "n": "7'",
                  "label": "7'"
                },
                {
                  "node": "l",
                  "frag": "[...]",
                  "id": "Q005709.l08041",
                  "ref": "Q005709.8.1",
                  "inst": "u",
                  "f": {
                    "lang": "akk",
                    "form": "x",
                    "pos": "u"
                  }
                },
                {
                  "node": "l",
                  "frag": "u₃",
                  "id": "Q005709.l08042",
                  "ref": "Q005709.8.2",
                  "inst": "u[and]CNJ",
                  "sig": "@riao%akk:u₃=u[and//and]CNJ'CNJ$u",
                  "f": {
                    "lang": "akk",
                    "form": "u₃",
                    "cf": "u",
                    "gw": "and",
                    "sense": "and",
                    "norm": "u",
                    "pos": "CNJ",
                    "epos": "CNJ"
                  }
                },
                {
                  "node": "l",
                  "frag": "E₂.MEŠ-šu",
                  "id": "Q005709.l08043",
                  "ref": "Q005709.8.3",
                  "inst": "bītānušu[house]N",
                  "sig": "@riao%akk:E₂.MEŠ-šu=bītu[house//house]N'N$bītānušu",
                  "f": {
                    "lang": "akk",
                    "form": "E₂.MEŠ-šu",
                    "cf": "bītu",
                    "gw": "house",
                    "sense": "house",
                    "norm": "bītānušu",
                    "pos": "N",
                    "epos": "N"
                  }
                },
                {
                  "node": "l",
                  "frag": "e-nu-hu-[ma",
                  "id": "Q005709.l08044",
                  "ref": "Q005709.8.4",
                  "inst": "ennuhuma[be(come) dilapidated]V",
                  "sig": "@riao%akk:e-nu-hu-ma=anāhu[be(come) tired//be(come) dilapidated]V'V$ennuhuma",
                  "f": {
                    "lang": "akk",
                    "form": "e-nu-hu-ma",
                    "cf": "anāhu",
                    "gw": "be(come) tired",
                    "sense": "be(come) dilapidated",
                    "norm": "ennuhuma",
                    "pos": "V",
                    "epos": "V"
                  }
                },
                {
                  "node": "l",
                  "frag": "...]",
                  "id": "Q005709.l08045",
                  "ref": "Q005709.8.5",
                  "inst": "u",
                  "f": {
                    "lang": "akk",
                    "form": "x",
                    "pos": "u"
                  }
                },
                {
                  "node": "d",
                  "type": "line-start",
                  "ref": "Q005709.9",
                  "n": "8'",
                  "label": "8'"
                },
                {
                  "node": "l",
                  "frag": "[...",
                  "id": "Q005709.l08046",
                  "ref": "Q005709.9.1",
                  "inst": "u",
                  "f": {
                    "lang": "akk",
                    "form": "x",
                    "pos": "u"
                  }
                },
                {
                  "node": "l",
                  "frag": "e]-⸢pu⸣-šu",
                  "id": "Q005709.l08047",
                  "ref": "Q005709.9.2",
                  "inst": "eppušu[build]V",
                  "sig": "@riao%akk:e-pu-šu=epēšu[do//build]V'V$eppušu",
                  "f": {
                    "lang": "akk",
                    "form": "e-pu-šu",
                    "cf": "epēšu",
                    "gw": "do",
                    "sense": "build",
                    "norm": "eppušu",
                    "pos": "V",
                    "epos": "V"
                  }
                },
                {
                  "node": "l",
                  "frag": "{d}a-šur₃",
                  "id": "Q005709.l08048",
                  "ref": "Q005709.9.3",
                  "inst": "Aššur[1]DN",
                  "sig": "@riao%akk:{d}a-šur₃=Aššur[1//1]DN'DN$Aššur",
                  "f": {
                    "lang": "akk",
                    "form": "{d}a-šur₃",
                    "cf": "Aššur",
                    "gw": "1",
                    "sense": "1",
                    "norm": "Aššur",
                    "pos": "DN",
                    "epos": "DN"
                  }
                },
                {
                  "node": "l",
                  "frag": "u₃",
                  "id": "Q005709.l08049",
                  "ref": "Q005709.9.4",
                  "inst": "u[and]CNJ",
                  "sig": "@riao%akk:u₃=u[and//and]CNJ'CNJ$u",
                  "f": {
                    "lang": "akk",
                    "form": "u₃",
                    "cf": "u",
                    "gw": "and",
                    "sense": "and",
                    "norm": "u",
                    "pos": "CNJ",
                    "epos": "CNJ"
                  }
                },
                {
                  "node": "l",
                  "frag": "{d}[...]",
                  "id": "Q005709.l0804a",
                  "ref": "Q005709.9.5",
                  "inst": "u",
                  "f": {
                    "lang": "akk",
                    "form": "{d}x",
                    "pos": "u"
                  }
                },
                {
                  "node": "d",
                  "type": "line-start",
                  "ref": "Q005709.10",
                  "n": "9'",
                  "label": "9'"
                },
                {
                  "node": "l",
                  "frag": "[...",
                  "id": "Q005709.l0804b",
                  "ref": "Q005709.10.1",
                  "inst": "u",
                  "f": {
                    "lang": "akk",
                    "form": "x",
                    "pos": "u"
                  }
                },
                {
                  "node": "l",
                  "frag": "i]-⸢ša⸣-me-u₂",
                  "id": "Q005709.l0804c",
                  "ref": "Q005709.10.2",
                  "inst": "išammeʾū[hear]V",
                  "sig": "@riao%akk:i-ša-me-u₂=šemû[hear//hear]V'V$išammeʾū",
                  "f": {
                    "lang": "akk",
                    "form": "i-ša-me-u₂",
                    "cf": "šemû",
                    "gw": "hear",
                    "sense": "hear",
                    "norm": "išammeʾū",
                    "pos": "V",
                    "epos": "V"
                  }
                },
                {
                  "node": "l",
                  "frag": "si₂-⸢ik⸣-[ka₃-ti",
                  "id": "Q005709.l0804d",
                  "ref": "Q005709.10.3",
                  "inst": "sikkatī[peg]N",
                  "sig": "@riao%akk:si₂-ik-ka₃-ti=sikkatu[peg//peg]N'N$sikkatī",
                  "f": {
                    "lang": "akk",
                    "form": "si₂-ik-ka₃-ti",
                    "cf": "sikkatu",
                    "gw": "peg",
                    "sense": "peg",
                    "norm": "sikkatī",
                    "pos": "N",
                    "epos": "N"
                  }
                },
                {
                  "node": "l",
                  "frag": "...]",
                  "id": "Q005709.l0804e",
                  "ref": "Q005709.10.4",
                  "inst": "u",
                  "f": {
                    "lang": "akk",
                    "form": "x",
                    "pos": "u"
                  }
                },
                {
                  "node": "d",
                  "type": "nonx",
                  "ref": "Q005709.11",
                  "strict": "0",
                  "state": "other"
                }
              ]
            }
          ]
        }
      ]
    }
  ]
}
