{
  "type": "cdl",
  "project": "riao",
  "source": "http://oracc.org/riao",
  "license": "This data is released under the CC0 license",
  "license-url": "https://creativecommons.org/publicdomain/zero/1.0/",
  "more-info": "http://oracc.org/doc/opendata/",
  "UTC-timestamp": "2017-06-21T23:55:34",
  "textid": "Q006670",
  "cdl": [
    {
      "node": "c",
      "type": "text",
      "id": "Q006670.U0",
      "cdl": [
        {
          "node": "d",
          "type": "object",
          "ref": ""
        },
        {
          "node": "d",
          "type": "surface",
          "ref": ""
        },
        {
          "node": "d",
          "type": "nonx",
          "ref": "Q006670.1",
          "strict": "0",
          "state": "other"
        }
      ]
    }
  ]
}
