{
  "type": "cdl",
  "source": "http://oracc.org/riao",
  "license": "This data is released under the CC0 license",
  "license-url": "https://creativecommons.org/publicdomain/zero/1.0/",
  "more-info": "http://oracc.org/doc/opendata/",
  "UTC-timestamp": "2017-06-10T00:11:56",
  "project": "riao",
  "textid": "Q006008",
  "cdl": [
    {
      "node": "c",
      "type": "text",
      "id": "Q006008.U0",
      "cdl": [
        {
          "node": "d",
          "type": "object",
          "ref": ""
        },
        {
          "node": "d",
          "type": "surface",
          "ref": ""
        },
        {
          "node": "c",
          "type": "discourse",
          "subtype": "body",
          "id": "Q006008.U1",
          "cdl": [
            {
              "node": "c",
              "type": "sentence",
              "id": "Q006008.U2",
              "label": "1 - 5",
              "cdl": [
                {
                  "node": "d",
                  "type": "line-start",
                  "ref": "Q006008.1",
                  "n": "1",
                  "label": "1"
                },
                {
                  "node": "l",
                  "frag": "ṣa-lam",
                  "id": "Q006008.l09cb3",
                  "ref": "Q006008.1.1",
                  "inst": "ṣalam[image]N",
                  "sig": "@riao%akk:ṣa-lam=ṣalmu[effigy//image]N'N$ṣalam",
                  "f": {
                    "lang": "akk",
                    "form": "ṣa-lam",
                    "cf": "ṣalmu",
                    "gw": "effigy",
                    "sense": "image",
                    "norm": "ṣalam",
                    "pos": "N",
                    "epos": "N"
                  }
                },
                {
                  "node": "d",
                  "type": "line-start",
                  "ref": "Q006008.2",
                  "n": "2",
                  "label": "2"
                },
                {
                  "node": "l",
                  "frag": "{m}{d}šul₃-ma-nu-MAŠ",
                  "id": "Q006008.l09cb4",
                  "ref": "Q006008.2.1",
                  "inst": "Šulmanu-ašared_II[Shalmaneser II, king of Assyria]RN$Šulmanu-ašared",
                  "sig": "@riao%akk:{m}{d}šul₃-ma-nu-MAŠ=Šulmanu-ašared_II[Shalmaneser II, king of Assyria//Shalmaneser II, king of Assyria]RN'RN$Šulmanu-ašared",
                  "f": {
                    "lang": "akk",
                    "form": "{m}{d}šul₃-ma-nu-MAŠ",
                    "cf": "Šulmanu-ašared_II",
                    "gw": "Shalmaneser II, king of Assyria",
                    "sense": "Shalmaneser II, king of Assyria",
                    "norm": "Šulmanu-ašared",
                    "pos": "RN",
                    "epos": "RN"
                  }
                },
                {
                  "node": "d",
                  "type": "line-start",
                  "ref": "Q006008.3",
                  "n": "3",
                  "label": "3"
                },
                {
                  "node": "l",
                  "frag": "MAN",
                  "id": "Q006008.l09cb5",
                  "ref": "Q006008.3.1",
                  "inst": "šarru[king]N",
                  "sig": "@riao%akk:MAN=šarru[king//king]N'N$šarru",
                  "f": {
                    "lang": "akk",
                    "form": "MAN",
                    "cf": "šarru",
                    "gw": "king",
                    "sense": "king",
                    "norm": "šarru",
                    "pos": "N",
                    "epos": "N"
                  }
                },
                {
                  "node": "l",
                  "frag": "GAL",
                  "id": "Q006008.l09cb6",
                  "ref": "Q006008.3.2",
                  "inst": "rabû[great]AJ",
                  "sig": "@riao%akk:GAL=rabû[great//great]AJ'AJ$rabû",
                  "f": {
                    "lang": "akk",
                    "form": "GAL",
                    "cf": "rabû",
                    "gw": "great",
                    "sense": "great",
                    "norm": "rabû",
                    "pos": "AJ",
                    "epos": "AJ"
                  }
                },
                {
                  "node": "l",
                  "frag": "MAN",
                  "id": "Q006008.l09cb7",
                  "ref": "Q006008.3.3",
                  "inst": "šar[king]N",
                  "sig": "@riao%akk:MAN=šarru[king//king]N'N$šar",
                  "f": {
                    "lang": "akk",
                    "form": "MAN",
                    "cf": "šarru",
                    "gw": "king",
                    "sense": "king",
                    "norm": "šar",
                    "pos": "N",
                    "epos": "N"
                  }
                },
                {
                  "node": "l",
                  "frag": "KIŠ",
                  "id": "Q006008.l09cb8",
                  "ref": "Q006008.3.4",
                  "inst": "kiššati[totality]N",
                  "sig": "@riao%akk:KIŠ=kiššatu[totality//totality]N'N$kiššati",
                  "f": {
                    "lang": "akk",
                    "form": "KIŠ",
                    "cf": "kiššatu",
                    "gw": "totality",
                    "sense": "totality",
                    "norm": "kiššati",
                    "pos": "N",
                    "epos": "N"
                  }
                },
                {
                  "node": "l",
                  "frag": "MAN",
                  "id": "Q006008.l09cb9",
                  "ref": "Q006008.3.5",
                  "inst": "šar[king]N",
                  "sig": "@riao%akk:MAN=šarru[king//king]N'N$šar",
                  "f": {
                    "lang": "akk",
                    "form": "MAN",
                    "cf": "šarru",
                    "gw": "king",
                    "sense": "king",
                    "norm": "šar",
                    "pos": "N",
                    "epos": "N"
                  }
                },
                {
                  "node": "l",
                  "frag": "KUR",
                  "id": "Q006008.l09cba",
                  "ref": "Q006008.3.6",
                  "inst": "māt[land]N",
                  "sig": "@riao%akk:KUR=mātu[land//land]N'N$māt",
                  "f": {
                    "lang": "akk",
                    "form": "KUR",
                    "cf": "mātu",
                    "gw": "land",
                    "sense": "land",
                    "norm": "māt",
                    "pos": "N",
                    "epos": "N"
                  }
                },
                {
                  "node": "l",
                  "frag": "aš-šur",
                  "id": "Q006008.l09cbb",
                  "ref": "Q006008.3.7",
                  "inst": "Aššur[Assyria]GN$",
                  "sig": "@riao%akk:aš-šur=Aššur[Assyria//Assyria]GN'GN$Aššur",
                  "f": {
                    "lang": "akk",
                    "form": "aš-šur",
                    "cf": "Aššur",
                    "gw": "Assyria",
                    "sense": "Assyria",
                    "norm": "Aššur",
                    "pos": "GN",
                    "epos": "GN"
                  }
                },
                {
                  "node": "d",
                  "type": "line-start",
                  "ref": "Q006008.4",
                  "n": "4",
                  "label": "4"
                },
                {
                  "node": "l",
                  "frag": "A",
                  "id": "Q006008.l09cbc",
                  "ref": "Q006008.4.1",
                  "inst": "mār[son]N",
                  "sig": "@riao%akk:A=māru[son//son]N'N$mār",
                  "f": {
                    "lang": "akk",
                    "form": "A",
                    "cf": "māru",
                    "gw": "son",
                    "sense": "son",
                    "norm": "mār",
                    "pos": "N",
                    "epos": "N"
                  }
                },
                {
                  "node": "l",
                  "frag": "aš-šur-PAP-A",
                  "id": "Q006008.l09cbd",
                  "ref": "Q006008.4.2",
                  "inst": "Aššur-naṣir-apli_I[Ashurnasirpal I, king of Assyria]RN$Aššur-naṣir-apli",
                  "sig": "@riao%akk:aš-šur-PAP-A=Aššur-naṣir-apli_I[Ashurnasirpal I, king of Assyria//Ashurnasirpal I, king of Assyria]RN'RN$Aššur-naṣir-apli",
                  "f": {
                    "lang": "akk",
                    "form": "aš-šur-PAP-A",
                    "cf": "Aššur-naṣir-apli_I",
                    "gw": "Ashurnasirpal I, king of Assyria",
                    "sense": "Ashurnasirpal I, king of Assyria",
                    "norm": "Aššur-naṣir-apli",
                    "pos": "RN",
                    "epos": "RN"
                  }
                },
                {
                  "node": "l",
                  "frag": "MAN",
                  "id": "Q006008.l09cbe",
                  "ref": "Q006008.4.3",
                  "inst": "šar[king]N",
                  "sig": "@riao%akk:MAN=šarru[king//king]N'N$šar",
                  "f": {
                    "lang": "akk",
                    "form": "MAN",
                    "cf": "šarru",
                    "gw": "king",
                    "sense": "king",
                    "norm": "šar",
                    "pos": "N",
                    "epos": "N"
                  }
                },
                {
                  "node": "l",
                  "frag": "KUR",
                  "id": "Q006008.l09cbf",
                  "ref": "Q006008.4.4",
                  "inst": "māt[land]N",
                  "sig": "@riao%akk:KUR=mātu[land//land]N'N$māt",
                  "f": {
                    "lang": "akk",
                    "form": "KUR",
                    "cf": "mātu",
                    "gw": "land",
                    "sense": "land",
                    "norm": "māt",
                    "pos": "N",
                    "epos": "N"
                  }
                },
                {
                  "node": "l",
                  "frag": "aš-šur",
                  "id": "Q006008.l09cc0",
                  "ref": "Q006008.4.5",
                  "inst": "Aššur[Assyria]GN$",
                  "sig": "@riao%akk:aš-šur=Aššur[Assyria//Assyria]GN'GN$Aššur",
                  "f": {
                    "lang": "akk",
                    "form": "aš-šur",
                    "cf": "Aššur",
                    "gw": "Assyria",
                    "sense": "Assyria",
                    "norm": "Aššur",
                    "pos": "GN",
                    "epos": "GN"
                  }
                },
                {
                  "node": "d",
                  "type": "line-start",
                  "ref": "Q006008.5",
                  "n": "5",
                  "label": "5"
                },
                {
                  "node": "l",
                  "frag": "A",
                  "id": "Q006008.l09cc1",
                  "ref": "Q006008.5.1",
                  "inst": "mār[son]N",
                  "sig": "@riao%akk:A=māru[son//son]N'N$mār",
                  "f": {
                    "lang": "akk",
                    "form": "A",
                    "cf": "māru",
                    "gw": "son",
                    "sense": "son",
                    "norm": "mār",
                    "pos": "N",
                    "epos": "N"
                  }
                },
                {
                  "node": "l",
                  "frag": "šam-ši-10",
                  "id": "Q006008.l09cc2",
                  "ref": "Q006008.5.2",
                  "inst": "Šamši-Adad_IV[king of Assyria]RN$Šamši-Adad",
                  "sig": "@riao%akk:šam-ši-10=Šamši-Adad_IV[king of Assyria//king of Assyria]RN'RN$Šamši-Adad",
                  "f": {
                    "lang": "akk",
                    "form": "šam-ši-10",
                    "cf": "Šamši-Adad_IV",
                    "gw": "king of Assyria",
                    "sense": "king of Assyria",
                    "norm": "Šamši-Adad",
                    "pos": "RN",
                    "epos": "RN"
                  }
                },
                {
                  "node": "l",
                  "frag": "MAN",
                  "id": "Q006008.l09cc3",
                  "ref": "Q006008.5.3",
                  "inst": "šar[king]N",
                  "sig": "@riao%akk:MAN=šarru[king//king]N'N$šar",
                  "f": {
                    "lang": "akk",
                    "form": "MAN",
                    "cf": "šarru",
                    "gw": "king",
                    "sense": "king",
                    "norm": "šar",
                    "pos": "N",
                    "epos": "N"
                  }
                },
                {
                  "node": "l",
                  "frag": "KUR",
                  "id": "Q006008.l09cc4",
                  "ref": "Q006008.5.4",
                  "inst": "māt[land]N",
                  "sig": "@riao%akk:KUR=mātu[land//land]N'N$māt",
                  "f": {
                    "lang": "akk",
                    "form": "KUR",
                    "cf": "mātu",
                    "gw": "land",
                    "sense": "land",
                    "norm": "māt",
                    "pos": "N",
                    "epos": "N"
                  }
                },
                {
                  "node": "l",
                  "frag": "aš-šur-ma",
                  "id": "Q006008.l09cc5",
                  "ref": "Q006008.5.5",
                  "inst": "Aššur[Assyria]GN$Aššurma",
                  "sig": "@riao%akk:aš-šur-ma=Aššur[Assyria//Assyria]GN'GN$Aššurma",
                  "f": {
                    "lang": "akk",
                    "form": "aš-šur-ma",
                    "cf": "Aššur",
                    "gw": "Assyria",
                    "sense": "Assyria",
                    "norm": "Aššurma",
                    "pos": "GN",
                    "epos": "GN"
                  }
                }
              ]
            }
          ]
        }
      ]
    }
  ]
}
