{
  "type": "cdl",
  "source": "http://oracc.org/riao",
  "license": "This data is released under the CC0 license",
  "license-url": "https://creativecommons.org/publicdomain/zero/1.0/",
  "more-info": "http://oracc.org/doc/opendata/",
  "UTC-timestamp": "2017-06-10T00:11:30",
  "project": "riao",
  "textid": "Q006041",
  "cdl": [
    {
      "node": "c",
      "type": "text",
      "id": "Q006041.U0",
      "cdl": [
        {
          "node": "d",
          "type": "object",
          "ref": ""
        },
        {
          "node": "d",
          "type": "surface",
          "ref": ""
        },
        {
          "node": "c",
          "type": "discourse",
          "subtype": "body",
          "id": "Q006041.U1",
          "cdl": [
            {
              "node": "c",
              "type": "sentence",
              "id": "Q006041.U2",
              "label": "1 - 4",
              "cdl": [
                {
                  "node": "d",
                  "type": "line-start",
                  "ref": "Q006041.1",
                  "n": "1",
                  "label": "1"
                },
                {
                  "node": "l",
                  "frag": "{na₄}GU₂",
                  "id": "Q006041.l1298e",
                  "ref": "Q006041.1.1",
                  "inst": "kišādu[neck//necklace]N'N$",
                  "sig": "@riao%akk:{NA₄}GU₂=kišādu[neck//necklace]N'N$kišādu",
                  "f": {
                    "lang": "akk",
                    "form": "{NA₄}GU₂",
                    "cf": "kišādu",
                    "gw": "neck",
                    "sense": "necklace",
                    "norm": "kišādu",
                    "pos": "N",
                    "epos": "N"
                  }
                },
                {
                  "node": "d",
                  "type": "line-start",
                  "ref": "Q006041.2",
                  "n": "2",
                  "label": "2"
                },
                {
                  "node": "l",
                  "frag": "ša₂",
                  "id": "Q006041.l1298f",
                  "ref": "Q006041.2.1",
                  "inst": "ša[of]DET",
                  "sig": "@riao%akk:ša₂=ša[of//of]DET'DET$ša",
                  "f": {
                    "lang": "akk",
                    "form": "ša₂",
                    "cf": "ša",
                    "gw": "of",
                    "sense": "of",
                    "norm": "ša",
                    "pos": "DET",
                    "epos": "DET"
                  }
                },
                {
                  "node": "l",
                  "frag": "{m}TUKUL-MAŠ",
                  "id": "Q006041.l12990",
                  "ref": "Q006041.2.2",
                  "inst": "Tukulti-Ninurta_II[king of Assyria]RN$Tukulti-Ninurta",
                  "sig": "@riao%akk:{m}TUKUL-MAŠ=Tukulti-Ninurta_II[Tukulti-Ninurta II, son of Adad-narari II, king of Assyria//Tukulti-Ninurta II, son of Adad-narari II, king of Assyria]RN'RN$Tukulti-Ninurta",
                  "f": {
                    "lang": "akk",
                    "form": "{m}TUKUL-MAŠ",
                    "cf": "Tukulti-Ninurta_II",
                    "gw": "Tukulti-Ninurta II, son of Adad-narari II, king of Assyria",
                    "sense": "Tukulti-Ninurta II, son of Adad-narari II, king of Assyria",
                    "norm": "Tukulti-Ninurta",
                    "pos": "RN",
                    "epos": "RN"
                  }
                },
                {
                  "node": "l",
                  "frag": "MAN",
                  "id": "Q006041.l12991",
                  "ref": "Q006041.2.3",
                  "inst": "šar[king]N",
                  "sig": "@riao%akk:MAN=šarru[king//king]N'N$šar",
                  "f": {
                    "lang": "akk",
                    "form": "MAN",
                    "cf": "šarru",
                    "gw": "king",
                    "sense": "king",
                    "norm": "šar",
                    "pos": "N",
                    "epos": "N"
                  }
                },
                {
                  "node": "l",
                  "frag": "KUR",
                  "id": "Q006041.l12992",
                  "ref": "Q006041.2.4",
                  "inst": "māt[land]N",
                  "sig": "@riao%akk:KUR=mātu[land//land]N'N$māt",
                  "f": {
                    "lang": "akk",
                    "form": "KUR",
                    "cf": "mātu",
                    "gw": "land",
                    "sense": "land",
                    "norm": "māt",
                    "pos": "N",
                    "epos": "N"
                  }
                },
                {
                  "node": "l",
                  "frag": "AŠ",
                  "id": "Q006041.l12993",
                  "ref": "Q006041.2.5",
                  "inst": "Aššur[Assyria]GN",
                  "sig": "@riao%akk:AŠ=Aššur[Assyria//Assyria]GN'GN$Aššur",
                  "f": {
                    "lang": "akk",
                    "form": "AŠ",
                    "cf": "Aššur",
                    "gw": "Assyria",
                    "sense": "Assyria",
                    "norm": "Aššur",
                    "pos": "GN",
                    "epos": "GN"
                  }
                },
                {
                  "node": "d",
                  "type": "line-start",
                  "ref": "Q006041.3",
                  "n": "3",
                  "label": "3"
                },
                {
                  "node": "l",
                  "frag": "A",
                  "id": "Q006041.l12994",
                  "ref": "Q006041.3.1",
                  "inst": "mār[son]N",
                  "sig": "@riao%akk:A=māru[son//son]N'N$mār",
                  "f": {
                    "lang": "akk",
                    "form": "A",
                    "cf": "māru",
                    "gw": "son",
                    "sense": "son",
                    "norm": "mār",
                    "pos": "N",
                    "epos": "N"
                  }
                },
                {
                  "node": "l",
                  "frag": "10-ERIM.TAH₂",
                  "id": "Q006041.l12995",
                  "ref": "Q006041.3.2",
                  "inst": "Adad-narari_II[king of Assyria]RN$Adad-nerari",
                  "sig": "@riao%akk:10-ERIM.TAH₂=Adad-narari_II[king of Assyria//king of Assyria]RN'RN$Adad-nerari",
                  "f": {
                    "lang": "akk",
                    "form": "10-ERIM.TAH₂",
                    "cf": "Adad-narari_II",
                    "gw": "king of Assyria",
                    "sense": "king of Assyria",
                    "norm": "Adad-nerari",
                    "pos": "RN",
                    "epos": "RN"
                  }
                },
                {
                  "node": "d",
                  "type": "line-start",
                  "ref": "Q006041.4",
                  "n": "4",
                  "label": "4"
                },
                {
                  "node": "l",
                  "frag": "MAN",
                  "id": "Q006041.l12996",
                  "ref": "Q006041.4.1",
                  "inst": "šar[king]N",
                  "sig": "@riao%akk:MAN=šarru[king//king]N'N$šar",
                  "f": {
                    "lang": "akk",
                    "form": "MAN",
                    "cf": "šarru",
                    "gw": "king",
                    "sense": "king",
                    "norm": "šar",
                    "pos": "N",
                    "epos": "N"
                  }
                },
                {
                  "node": "l",
                  "frag": "KUR",
                  "id": "Q006041.l12997",
                  "ref": "Q006041.4.2",
                  "inst": "māt[land]N",
                  "sig": "@riao%akk:KUR=mātu[land//land]N'N$māt",
                  "f": {
                    "lang": "akk",
                    "form": "KUR",
                    "cf": "mātu",
                    "gw": "land",
                    "sense": "land",
                    "norm": "māt",
                    "pos": "N",
                    "epos": "N"
                  }
                },
                {
                  "node": "l",
                  "frag": "AŠ",
                  "id": "Q006041.l12998",
                  "ref": "Q006041.4.3",
                  "inst": "Aššur[Assyria]GN",
                  "sig": "@riao%akk:AŠ=Aššur[Assyria//Assyria]GN'GN$Aššur",
                  "f": {
                    "lang": "akk",
                    "form": "AŠ",
                    "cf": "Aššur",
                    "gw": "Assyria",
                    "sense": "Assyria",
                    "norm": "Aššur",
                    "pos": "GN",
                    "epos": "GN"
                  }
                }
              ]
            }
          ]
        }
      ]
    }
  ]
}
