{
  "type": "index",
  "project": "ribo/babylon3",
  "source": "http://oracc.org/ribo/babylon3",
  "license": "This data is released under the CC0 license",
  "license-url": "https://creativecommons.org/publicdomain/zero/1.0/",
  "more-info": "http://oracc.org/doc/opendata/",
  "UTC-timestamp": "2017-06-21T22:54:23",
  "name": "cbd/qpn-x-temple",
  "keys": [
    {
      "key": "1",
      "count": "6",
      "instances": [
        "qpn-x-temple.x000000",
        "qpn-x-temple.x000000",
        "qpn-x-temple.x000008",
        "qpn-x-temple.x000008",
        "qpn-x-temple.x000016",
        "qpn-x-temple.x000016"
      ]
    },
    {
      "key": "kur",
      "count": "4",
      "instances": [
        "qpn-x-temple.x000008",
        "qpn-x-temple.x000008",
        "qpn-x-temple.x000016",
        "qpn-x-temple.x000016"
      ]
    },
    {
      "key": "an",
      "count": "2",
      "instances": [
        "qpn-x-temple.x000000",
        "qpn-x-temple.x000000"
      ]
    },
    {
      "key": "na",
      "count": "2",
      "instances": [
        "qpn-x-temple.x000000",
        "qpn-x-temple.x000000"
      ]
    },
    {
      "key": "igi",
      "count": "2",
      "instances": [
        "qpn-x-temple.x000016",
        "qpn-x-temple.x000016"
      ]
    },
    {
      "key": "gal₂",
      "count": "2",
      "instances": [
        "qpn-x-temple.x000016",
        "qpn-x-temple.x000016"
      ]
    },
    {
      "key": "ekur",
      "count": "2",
      "instances": [
        "qpn-x-temple.x000008",
        "qpn-x-temple.x000008"
      ]
    },
    {
      "key": "e₂",
      "count": "6",
      "instances": [
        "qpn-x-temple.x000000",
        "qpn-x-temple.x000000",
        "qpn-x-temple.x000008",
        "qpn-x-temple.x000008",
        "qpn-x-temple.x000016",
        "qpn-x-temple.x000016"
      ]
    },
    {
      "key": "ekurigigal",
      "count": "2",
      "instances": [
        "qpn-x-temple.x000016",
        "qpn-x-temple.x000016"
      ]
    },
    {
      "key": "eanna",
      "count": "2",
      "instances": [
        "qpn-x-temple.x000000",
        "qpn-x-temple.x000000"
      ]
    },
    {
      "key": "Ekur[1]",
      "count": "1",
      "instances": [
        "qpn-x-temple.x000008"
      ]
    },
    {
      "key": "Ekurigigal[1]",
      "count": "1",
      "instances": [
        "qpn-x-temple.x000016"
      ]
    },
    {
      "key": "Eanna[1]",
      "count": "1",
      "instances": [
        "qpn-x-temple.x000000"
      ]
    }
  ],
  "map": {
    "Eanna": "eanna",
    "Ekur": "ekur",
    "Ekurigigal": "ekurigigal"
  }
}
