{
  "type": "cdl",
  "source": "http://oracc.org/rinap/rinap4",
  "license": "This data is released under the CC0 license",
  "license-url": "https://creativecommons.org/publicdomain/zero/1.0/",
  "more-info": "http://oracc.org/doc/opendata/",
  "UTC-timestamp": "2017-06-10T00:21:34",
  "project": "rinap/rinap4",
  "textid": "Q003312",
  "cdl": [
    {
      "node": "c",
      "type": "text",
      "id": "Q003312.U0",
      "cdl": [
        {
          "node": "d",
          "type": "object",
          "ref": ""
        },
        {
          "node": "d",
          "type": "surface",
          "ref": ""
        },
        {
          "node": "c",
          "type": "discourse",
          "subtype": "body",
          "id": "Q003312.U1",
          "cdl": [
            {
              "node": "c",
              "type": "sentence",
              "tag": ".",
              "id": "Q003312.U2",
              "label": "1 - 3",
              "cdl": [
                {
                  "node": "d",
                  "type": "line-start",
                  "ref": "Q003312.1",
                  "n": "1",
                  "label": "1"
                },
                {
                  "node": "l",
                  "frag": "E₂.GAL",
                  "id": "Q003312.l04288",
                  "ref": "Q003312.1.1",
                  "inst": "ēkallu[palace]N$ēkal",
                  "sig": "@rinap/rinap4%akk:E₂.GAL=ēkallu[palace//palace]N'N$ēkal",
                  "f": {
                    "lang": "akk",
                    "form": "E₂.GAL",
                    "cf": "ēkallu",
                    "gw": "palace",
                    "sense": "palace",
                    "norm": "ēkal",
                    "pos": "N",
                    "epos": "N"
                  }
                },
                {
                  "node": "l",
                  "frag": "{m}aš-šur-PAP-AŠ",
                  "id": "Q003312.l04289",
                  "ref": "Q003312.1.2",
                  "inst": "Aššur-ahu-iddina[Esarhaddon, king of Assyria]RN$Aššur-ahu-iddina",
                  "sig": "@rinap/rinap4%akk:{m}aš-šur-PAP-AŠ=Aššur-ahu-iddina[Esarhaddon, king of Assyria//Esarhaddon, king of Assyria]RN'RN$Aššur-ahu-iddina",
                  "f": {
                    "lang": "akk",
                    "form": "{m}aš-šur-PAP-AŠ",
                    "cf": "Aššur-ahu-iddina",
                    "gw": "Esarhaddon, king of Assyria",
                    "sense": "Esarhaddon, king of Assyria",
                    "norm": "Aššur-ahu-iddina",
                    "pos": "RN",
                    "epos": "RN"
                  }
                },
                {
                  "node": "l",
                  "frag": "MAN",
                  "id": "Q003312.l0428a",
                  "ref": "Q003312.1.3",
                  "inst": "šarru[king]N$",
                  "sig": "@rinap/rinap4%akk:MAN=šarru[king//king]N'N$šarru",
                  "f": {
                    "lang": "akk",
                    "form": "MAN",
                    "cf": "šarru",
                    "gw": "king",
                    "sense": "king",
                    "norm": "šarru",
                    "pos": "N",
                    "epos": "N"
                  }
                },
                {
                  "node": "l",
                  "frag": "GAL",
                  "id": "Q003312.l0428b",
                  "ref": "Q003312.1.4",
                  "inst": "rabû[great]AJ$",
                  "sig": "@rinap/rinap4%akk:GAL=rabû[great//great]AJ'AJ$rabû",
                  "f": {
                    "lang": "akk",
                    "form": "GAL",
                    "cf": "rabû",
                    "gw": "great",
                    "sense": "great",
                    "norm": "rabû",
                    "pos": "AJ",
                    "epos": "AJ"
                  }
                },
                {
                  "node": "l",
                  "frag": "MAN",
                  "id": "Q003312.l0428c",
                  "ref": "Q003312.1.5",
                  "inst": "šarru[king]N",
                  "sig": "@rinap/rinap4%akk:MAN=šarru[king//king]N'N$šarru",
                  "f": {
                    "lang": "akk",
                    "form": "MAN",
                    "cf": "šarru",
                    "gw": "king",
                    "sense": "king",
                    "norm": "šarru",
                    "pos": "N",
                    "epos": "N"
                  }
                },
                {
                  "node": "l",
                  "frag": "dan-nu",
                  "id": "Q003312.l0428d",
                  "ref": "Q003312.1.6",
                  "inst": "dannu[strong]AJ",
                  "sig": "@rinap/rinap4%akk:dan-nu=dannu[strong//strong]AJ'AJ$dannu",
                  "f": {
                    "lang": "akk",
                    "form": "dan-nu",
                    "cf": "dannu",
                    "gw": "strong",
                    "sense": "strong",
                    "norm": "dannu",
                    "pos": "AJ",
                    "epos": "AJ"
                  }
                },
                {
                  "node": "l",
                  "frag": "MAN",
                  "id": "Q003312.l0428e",
                  "ref": "Q003312.1.7",
                  "inst": "šarru[king]N$šar",
                  "sig": "@rinap/rinap4%akk:MAN=šarru[king//king]N'N$šar",
                  "f": {
                    "lang": "akk",
                    "form": "MAN",
                    "cf": "šarru",
                    "gw": "king",
                    "sense": "king",
                    "norm": "šar",
                    "pos": "N",
                    "epos": "N"
                  }
                },
                {
                  "node": "l",
                  "frag": "ŠU₂",
                  "id": "Q003312.l0428f",
                  "ref": "Q003312.1.8",
                  "inst": "kiššatu[totality//world]N$kiššati",
                  "sig": "@rinap/rinap4%akk:ŠU₂=kiššatu[totality//world]N'N$kiššati",
                  "f": {
                    "lang": "akk",
                    "form": "ŠU₂",
                    "cf": "kiššatu",
                    "gw": "totality",
                    "sense": "world",
                    "norm": "kiššati",
                    "pos": "N",
                    "epos": "N"
                  }
                },
                {
                  "node": "l",
                  "frag": "MAN",
                  "id": "Q003312.l04290",
                  "ref": "Q003312.1.9",
                  "inst": "šar[king]N",
                  "sig": "@rinap/rinap4%akk:MAN=šarru[king//king]N'N$šar",
                  "f": {
                    "lang": "akk",
                    "form": "MAN",
                    "cf": "šarru",
                    "gw": "king",
                    "sense": "king",
                    "norm": "šar",
                    "pos": "N",
                    "epos": "N"
                  }
                },
                {
                  "node": "l",
                  "frag": "KUR",
                  "id": "Q003312.l04291",
                  "ref": "Q003312.1.10",
                  "inst": "mātu[land]N$māt",
                  "sig": "@rinap/rinap4%akk:KUR=mātu[land//land]N'N$māt",
                  "f": {
                    "lang": "akk",
                    "form": "KUR",
                    "cf": "mātu",
                    "gw": "land",
                    "sense": "land",
                    "norm": "māt",
                    "pos": "N",
                    "epos": "N"
                  }
                },
                {
                  "node": "l",
                  "frag": "AŠ",
                  "id": "Q003312.l04292",
                  "ref": "Q003312.1.11",
                  "inst": "Aššur[Assyria]GN",
                  "sig": "@rinap/rinap4%akk:AŠ=Aššur[Assyria//Assyria]GN'GN$Aššur",
                  "f": {
                    "lang": "akk",
                    "form": "AŠ",
                    "cf": "Aššur",
                    "gw": "Assyria",
                    "sense": "Assyria",
                    "norm": "Aššur",
                    "pos": "GN",
                    "epos": "GN"
                  }
                },
                {
                  "node": "d",
                  "type": "line-start",
                  "ref": "Q003312.2",
                  "n": "2",
                  "label": "2"
                },
                {
                  "node": "l",
                  "frag": "GIR₃.NITA₂",
                  "id": "Q003312.l04293",
                  "ref": "Q003312.2.1",
                  "inst": "šakkanakku[(military) governor]N$šakkanak",
                  "sig": "@rinap/rinap4%akk:GIR₃.NITA₂=šakkanakku[(military) governor//(military) governor]N'N$šakkanak",
                  "f": {
                    "lang": "akk",
                    "form": "GIR₃.NITA₂",
                    "cf": "šakkanakku",
                    "gw": "(military) governor",
                    "sense": "(military) governor",
                    "norm": "šakkanak",
                    "pos": "N",
                    "epos": "N"
                  }
                },
                {
                  "node": "l",
                  "frag": "KA₂.DINGIR.RA{ki}",
                  "id": "Q003312.l04294",
                  "ref": "Q003312.2.2",
                  "inst": "Babili[Babylon]SN$Babili",
                  "sig": "@rinap/rinap4%akk:KA₂.DINGIR.RA{KI}=Babili[Babylon//Babylon]SN'SN$Babili",
                  "f": {
                    "lang": "akk",
                    "form": "KA₂.DINGIR.RA{KI}",
                    "cf": "Babili",
                    "gw": "Babylon",
                    "sense": "Babylon",
                    "norm": "Babili",
                    "pos": "SN",
                    "epos": "SN"
                  }
                },
                {
                  "node": "l",
                  "frag": "MAN",
                  "id": "Q003312.l04295",
                  "ref": "Q003312.2.3",
                  "inst": "šar[king]N",
                  "sig": "@rinap/rinap4%akk:MAN=šarru[king//king]N'N$šar",
                  "f": {
                    "lang": "akk",
                    "form": "MAN",
                    "cf": "šarru",
                    "gw": "king",
                    "sense": "king",
                    "norm": "šar",
                    "pos": "N",
                    "epos": "N"
                  }
                },
                {
                  "node": "l",
                  "frag": "KUR",
                  "id": "Q003312.l04296",
                  "ref": "Q003312.2.4",
                  "inst": "māt[land]N",
                  "sig": "@rinap/rinap4%akk:KUR=mātu[land//land]N'N$māt",
                  "f": {
                    "lang": "akk",
                    "form": "KUR",
                    "cf": "mātu",
                    "gw": "land",
                    "sense": "land",
                    "norm": "māt",
                    "pos": "N",
                    "epos": "N"
                  }
                },
                {
                  "node": "l",
                  "frag": "EME.GI₇",
                  "id": "Q003312.l04297",
                  "ref": "Q003312.2.5",
                  "inst": "Šumeru[Sumer]GN$Šumeri",
                  "sig": "@rinap/rinap4%akk:EME.GI₇=Šumeru[Sumer//Sumer]GN'GN$Šumeri",
                  "f": {
                    "lang": "akk",
                    "form": "EME.GI₇",
                    "cf": "Šumeru",
                    "gw": "Sumer",
                    "sense": "Sumer",
                    "norm": "Šumeri",
                    "pos": "GN",
                    "epos": "GN"
                  }
                },
                {
                  "node": "l",
                  "frag": "u",
                  "id": "Q003312.l04298",
                  "ref": "Q003312.2.6",
                  "inst": "u[and]CNJ",
                  "sig": "@rinap/rinap4%akk:u=u[and//and]CNJ'CNJ$u",
                  "f": {
                    "lang": "akk",
                    "form": "u",
                    "cf": "u",
                    "gw": "and",
                    "sense": "and",
                    "norm": "u",
                    "pos": "CNJ",
                    "epos": "CNJ"
                  }
                },
                {
                  "node": "l",
                  "frag": "URI{ki}",
                  "id": "Q003312.l04299",
                  "ref": "Q003312.2.7",
                  "inst": "Akkad[]GN$Akkadi",
                  "sig": "@rinap/rinap4%akk:URI{KI}=Akkad[1//1]GN'GN$Akkadi",
                  "f": {
                    "lang": "akk",
                    "form": "URI{KI}",
                    "cf": "Akkad",
                    "gw": "1",
                    "sense": "1",
                    "norm": "Akkadi",
                    "pos": "GN",
                    "epos": "GN"
                  }
                },
                {
                  "node": "l",
                  "frag": "LUGAL",
                  "id": "Q003312.l0429a",
                  "ref": "Q003312.2.8",
                  "inst": "šar[king]N",
                  "sig": "@rinap/rinap4%akk:LUGAL=šarru[king//king]N'N$šar",
                  "f": {
                    "lang": "akk",
                    "form": "LUGAL",
                    "cf": "šarru",
                    "gw": "king",
                    "sense": "king",
                    "norm": "šar",
                    "pos": "N",
                    "epos": "N"
                  }
                },
                {
                  "node": "l",
                  "frag": "MAN.MEŠ",
                  "id": "Q003312.l0429b",
                  "ref": "Q003312.2.9",
                  "inst": "šarru[king]N$šarrāni",
                  "sig": "@rinap/rinap4%akk:MAN.MEŠ=šarru[king//king]N'N$šarrāni",
                  "f": {
                    "lang": "akk",
                    "form": "MAN.MEŠ",
                    "cf": "šarru",
                    "gw": "king",
                    "sense": "king",
                    "norm": "šarrāni",
                    "pos": "N",
                    "epos": "N"
                  }
                },
                {
                  "node": "d",
                  "type": "line-start",
                  "ref": "Q003312.3",
                  "n": "3",
                  "label": "3"
                },
                {
                  "node": "l",
                  "frag": "{kur}mu-ṣur",
                  "id": "Q003312.l0429c",
                  "ref": "Q003312.3.1",
                  "inst": "Muṣur[Egypt]GN$Muṣur",
                  "sig": "@rinap/rinap4%akk:{KUR}mu-ṣur=Muṣur[Egypt//Egypt]GN'GN$Muṣur",
                  "f": {
                    "lang": "akk",
                    "form": "{KUR}mu-ṣur",
                    "cf": "Muṣur",
                    "gw": "Egypt",
                    "sense": "Egypt",
                    "norm": "Muṣur",
                    "pos": "GN",
                    "epos": "GN"
                  }
                },
                {
                  "node": "l",
                  "frag": "{kur}pa-<tu>-ri-su",
                  "id": "Q003312.l0429d",
                  "ref": "Q003312.3.2",
                  "inst": "Paturisu[Upper Egypt]GN$Paturisu",
                  "sig": "@rinap/rinap4%akk:{KUR}pa-tu-ri-su=Paturisu[Upper Egypt//Upper Egypt]GN'GN$Paturisu",
                  "f": {
                    "lang": "akk",
                    "form": "{KUR}pa-tu-ri-su",
                    "cf": "Paturisu",
                    "gw": "Upper Egypt",
                    "sense": "Upper Egypt",
                    "norm": "Paturisu",
                    "pos": "GN",
                    "epos": "GN"
                  }
                },
                {
                  "node": "l",
                  "frag": "{kur}ku-si",
                  "id": "Q003312.l0429e",
                  "ref": "Q003312.3.3",
                  "inst": "Kusu[Kush]GN$Kusi",
                  "sig": "@rinap/rinap4%akk:{KUR}ku-si=Kusu[Kush//Kush]GN'GN$Kusi",
                  "f": {
                    "lang": "akk",
                    "form": "{KUR}ku-si",
                    "cf": "Kusu",
                    "gw": "Kush",
                    "sense": "Kush",
                    "norm": "Kusi",
                    "pos": "GN",
                    "epos": "GN"
                  }
                },
                {
                  "node": "l",
                  "frag": "MAN",
                  "id": "Q003312.l0429f",
                  "ref": "Q003312.3.4",
                  "inst": "šar[king]N",
                  "sig": "@rinap/rinap4%akk:MAN=šarru[king//king]N'N$šar",
                  "f": {
                    "lang": "akk",
                    "form": "MAN",
                    "cf": "šarru",
                    "gw": "king",
                    "sense": "king",
                    "norm": "šar",
                    "pos": "N",
                    "epos": "N"
                  }
                },
                {
                  "node": "l",
                  "frag": "kib-rat.MEŠ",
                  "id": "Q003312.l042a0",
                  "ref": "Q003312.3.5",
                  "inst": "kibru[bank//quarter]N$kibrāt",
                  "sig": "@rinap/rinap4%akk:kib-rat.MEŠ=kibru[bank//quarter]N'N$kibrāt",
                  "f": {
                    "lang": "akk",
                    "form": "kib-rat.MEŠ",
                    "cf": "kibru",
                    "gw": "bank",
                    "sense": "quarter",
                    "norm": "kibrāt",
                    "pos": "N",
                    "epos": "N"
                  }
                },
                {
                  "node": "l",
                  "frag": "LIMMU₂-ti",
                  "id": "Q003312.l042a1",
                  "ref": "Q003312.3.6",
                  "inst": "erbe[four]NU$erbetti +.",
                  "sig": "@rinap/rinap4%akk:LIMMU₂-ti=erbe[four//four]NU'NU$erbetti",
                  "f": {
                    "lang": "akk",
                    "form": "LIMMU₂-ti",
                    "cf": "erbe",
                    "gw": "four",
                    "sense": "four",
                    "norm": "erbetti",
                    "pos": "NU",
                    "epos": "NU"
                  }
                }
              ]
            },
            {
              "node": "d",
              "type": "nonw",
              "ref": ""
            }
          ]
        }
      ]
    }
  ]
}
