{
  "type": "cdl",
  "source": "http://oracc.org/rinap/rinap4",
  "license": "This data is released under the CC0 license",
  "license-url": "https://creativecommons.org/publicdomain/zero/1.0/",
  "more-info": "http://oracc.org/doc/opendata/",
  "UTC-timestamp": "2017-06-10T00:21:34",
  "project": "rinap/rinap4",
  "textid": "Q003264",
  "cdl": [
    {
      "node": "c",
      "type": "text",
      "id": "Q003264.U0",
      "cdl": [
        {
          "node": "d",
          "type": "object",
          "ref": ""
        },
        {
          "node": "d",
          "subtype": "obverse",
          "type": "obverse",
          "ref": "Q003264.o.1",
          "label": "o"
        },
        {
          "node": "c",
          "type": "discourse",
          "subtype": "body",
          "id": "Q003264.U1",
          "cdl": [
            {
              "node": "c",
              "type": "sentence",
              "tag": ".",
              "id": "Q003264.U2",
              "label": "o 1 - o 2",
              "cdl": [
                {
                  "node": "d",
                  "type": "line-start",
                  "ref": "Q003264.2",
                  "n": "1",
                  "label": "o 1"
                },
                {
                  "node": "l",
                  "frag": "[...]",
                  "id": "Q003264.l026e4",
                  "ref": "Q003264.2.1",
                  "inst": "u",
                  "f": {
                    "lang": "akk",
                    "form": "x",
                    "pos": "u"
                  }
                },
                {
                  "node": "l",
                  "frag": "ša₂",
                  "id": "Q003264.l026e5",
                  "ref": "Q003264.2.2",
                  "inst": "ša[whose]REL",
                  "sig": "@rinap/rinap4%akk:ša₂=ša[that//whose]REL'REL$ša",
                  "f": {
                    "lang": "akk",
                    "form": "ša₂",
                    "cf": "ša",
                    "gw": "that",
                    "sense": "whose",
                    "norm": "ša",
                    "pos": "REL",
                    "epos": "REL"
                  }
                },
                {
                  "node": "l",
                  "frag": "a-šar-šu₂",
                  "id": "Q003264.l026e6",
                  "ref": "Q003264.2.3",
                  "inst": "ašaršu[country]N",
                  "sig": "@rinap/rinap4%akk:a-šar-šu₂=ašru[place//country]N'N$ašaršu",
                  "f": {
                    "lang": "akk",
                    "form": "a-šar-šu₂",
                    "cf": "ašru",
                    "gw": "place",
                    "sense": "country",
                    "norm": "ašaršu",
                    "pos": "N",
                    "epos": "N"
                  }
                },
                {
                  "node": "l",
                  "frag": "ru-u-qu",
                  "id": "Q003264.l026e7",
                  "ref": "Q003264.2.4",
                  "inst": "rūqu[distant]AJ",
                  "sig": "@rinap/rinap4%akk:ru-u-qu=rūqu[distant//distant]AJ'AJ$rūqu",
                  "f": {
                    "lang": "akk",
                    "form": "ru-u-qu",
                    "cf": "rūqu",
                    "gw": "distant",
                    "sense": "distant",
                    "norm": "rūqu",
                    "pos": "AJ",
                    "epos": "AJ"
                  }
                },
                {
                  "node": "d",
                  "type": "line-start",
                  "ref": "Q003264.3",
                  "n": "2",
                  "label": "o 2"
                },
                {
                  "node": "l",
                  "frag": "[...",
                  "id": "Q003264.l026e8",
                  "ref": "Q003264.3.1",
                  "inst": "u",
                  "f": {
                    "lang": "akk",
                    "form": "x",
                    "pos": "u"
                  }
                },
                {
                  "node": "l",
                  "frag": "al]-me-ma",
                  "id": "Q003264.l026e9",
                  "ref": "Q003264.3.2",
                  "inst": "lawû[surround]V$almema",
                  "sig": "@rinap/rinap4%akk:al-me-ma=lawû[surround//surround]V'V$almema",
                  "f": {
                    "lang": "akk",
                    "form": "al-me-ma",
                    "cf": "lawû",
                    "gw": "surround",
                    "sense": "surround",
                    "norm": "almema",
                    "pos": "V",
                    "epos": "V"
                  }
                },
                {
                  "node": "l",
                  "frag": "aš₂-lu-la",
                  "id": "Q003264.l026ea",
                  "ref": "Q003264.3.3",
                  "inst": "ašlula[carry off]V",
                  "sig": "@rinap/rinap4%akk:aš₂-lu-la=šalālu[carry off//carry off]V'V$ašlula",
                  "f": {
                    "lang": "akk",
                    "form": "aš₂-lu-la",
                    "cf": "šalālu",
                    "gw": "carry off",
                    "sense": "carry off",
                    "norm": "ašlula",
                    "pos": "V",
                    "epos": "V"
                  }
                },
                {
                  "node": "l",
                  "frag": "šal-lat-su",
                  "id": "Q003264.l026eb",
                  "ref": "Q003264.3.4",
                  "inst": "šallatsu[booty]N +.",
                  "sig": "@rinap/rinap4%akk:šal-lat-su=šallatu[plundered thing(s)//booty]N'N$šallatsu",
                  "f": {
                    "lang": "akk",
                    "form": "šal-lat-su",
                    "cf": "šallatu",
                    "gw": "plundered thing(s)",
                    "sense": "booty",
                    "norm": "šallatsu",
                    "pos": "N",
                    "epos": "N"
                  }
                }
              ]
            },
            {
              "node": "c",
              "type": "sentence",
              "tag": ".",
              "id": "Q003264.U4",
              "label": "o 3 - o 7",
              "cdl": [
                {
                  "node": "d",
                  "type": "line-start",
                  "ref": "Q003264.4",
                  "n": "3",
                  "label": "o 3"
                },
                {
                  "node": "l",
                  "frag": "[...",
                  "id": "Q003264.l026ec",
                  "ref": "Q003264.4.1",
                  "inst": "u",
                  "f": {
                    "lang": "akk",
                    "form": "x",
                    "pos": "u"
                  }
                },
                {
                  "node": "c",
                  "type": "phrase",
                  "tag": "phr",
                  "id": "Q003264.U11",
                  "ref": "Q003264.ls00000",
                  "cdl": [
                    {
                      "node": "l",
                      "frag": "{lu₂]}⸢EN⸣.URU",
                      "id": "Q003264.l026ed",
                      "ref": "Q003264.4.2",
                      "cof-tails": "Q003264.l026ee",
                      "inst": "bēlu[lord]N$bēl&+ālu[city]N$āli",
                      "sig": "@rinap/rinap4%akk:{LU₂}EN.URU=bēlu[lord//lord]N'N$bēl&&@rinap/rinap4%akk:=ālu[city//city]N'N$āli",
                      "f": {
                        "lang": "akk",
                        "form": "{LU₂}EN.URU",
                        "cf": "bēlu",
                        "gw": "lord",
                        "sense": "lord",
                        "norm": "bēl",
                        "pos": "N",
                        "epos": "N"
                      }
                    },
                    {
                      "node": "l",
                      "frag": "{lu₂]}⸢EN⸣.URU",
                      "id": "Q003264.l026ee",
                      "ref": "Q003264.4.2",
                      "cof-head": "Q003264.l026ed",
                      "inst": "bēlu[lord]N$bēl&+ālu[city]N$āli",
                      "f": {
                        "lang": "akk",
                        "form": "{LU₂}EN.URU",
                        "cf": "ālu",
                        "gw": "city",
                        "sense": "city",
                        "norm": "āli",
                        "pos": "N",
                        "epos": "N"
                      }
                    }
                  ]
                },
                {
                  "node": "l",
                  "frag": "ša₂",
                  "id": "Q003264.l026ef",
                  "ref": "Q003264.4.3",
                  "inst": "ša[of]DET",
                  "sig": "@rinap/rinap4%akk:ša₂=ša[of//of]DET'DET$ša",
                  "f": {
                    "lang": "akk",
                    "form": "ša₂",
                    "cf": "ša",
                    "gw": "of",
                    "sense": "of",
                    "norm": "ša",
                    "pos": "DET",
                    "epos": "DET"
                  }
                },
                {
                  "node": "l",
                  "frag": "{uru}pa-ra-tuk-ka",
                  "id": "Q003264.l026f0",
                  "ref": "Q003264.4.4",
                  "inst": "Partukka[]SN$Paratukka",
                  "sig": "@rinap/rinap4%akk:{URU}pa-ra-tuk-ka=Partukka[1//1]SN'SN$Paratukka",
                  "f": {
                    "lang": "akk",
                    "form": "{URU}pa-ra-tuk-ka",
                    "cf": "Partukka",
                    "gw": "1",
                    "sense": "1",
                    "norm": "Paratukka",
                    "pos": "SN",
                    "epos": "SN"
                  }
                },
                {
                  "node": "d",
                  "type": "nonw",
                  "ref": ""
                },
                {
                  "node": "d",
                  "type": "line-start",
                  "ref": "Q003264.5",
                  "n": "4",
                  "label": "o 4"
                },
                {
                  "node": "l",
                  "frag": "[...",
                  "id": "Q003264.l026f1",
                  "ref": "Q003264.5.1",
                  "inst": "u",
                  "f": {
                    "lang": "akk",
                    "form": "x",
                    "pos": "u"
                  }
                },
                {
                  "node": "l",
                  "frag": "{kur}ma-da]-⸢a⸣-a",
                  "id": "Q003264.l026f2",
                  "ref": "Q003264.5.2",
                  "inst": "Madaya[Median]EN",
                  "sig": "@rinap/rinap4%akk:{KUR}ma-da-a-a=Madayu[Median//Median]EN'EN$Madaya",
                  "f": {
                    "lang": "akk",
                    "form": "{KUR}ma-da-a-a",
                    "cf": "Madayu",
                    "gw": "Median",
                    "sense": "Median",
                    "norm": "Madaya",
                    "pos": "EN",
                    "epos": "EN"
                  }
                },
                {
                  "node": "l",
                  "frag": "ša₂",
                  "id": "Q003264.l026f3",
                  "ref": "Q003264.5.3",
                  "inst": "ša[whose]REL",
                  "sig": "@rinap/rinap4%akk:ša₂=ša[that//whose]REL'REL$ša",
                  "f": {
                    "lang": "akk",
                    "form": "ša₂",
                    "cf": "ša",
                    "gw": "that",
                    "sense": "whose",
                    "norm": "ša",
                    "pos": "REL",
                    "epos": "REL"
                  }
                },
                {
                  "node": "l",
                  "frag": "a-šar-šu₂-nu",
                  "id": "Q003264.l026f4",
                  "ref": "Q003264.5.4",
                  "inst": "ašaršunu[country]N",
                  "sig": "@rinap/rinap4%akk:a-šar-šu₂-nu=ašru[place//country]N'N$ašaršunu",
                  "f": {
                    "lang": "akk",
                    "form": "a-šar-šu₂-nu",
                    "cf": "ašru",
                    "gw": "place",
                    "sense": "country",
                    "norm": "ašaršunu",
                    "pos": "N",
                    "epos": "N"
                  }
                },
                {
                  "node": "l",
                  "frag": "SU₃",
                  "id": "Q003264.l026f5",
                  "ref": "Q003264.5.5",
                  "inst": "rūqu[distant]AJ$",
                  "sig": "@rinap/rinap4%akk:SU₃=rūqu[distant//distant]AJ'AJ$rūqu",
                  "f": {
                    "lang": "akk",
                    "form": "SU₃",
                    "cf": "rūqu",
                    "gw": "distant",
                    "sense": "distant",
                    "norm": "rūqu",
                    "pos": "AJ",
                    "epos": "AJ"
                  }
                },
                {
                  "node": "d",
                  "type": "line-start",
                  "ref": "Q003264.6",
                  "n": "5",
                  "label": "o 5"
                },
                {
                  "node": "l",
                  "frag": "[...",
                  "id": "Q003264.l026f6",
                  "ref": "Q003264.6.1",
                  "inst": "u",
                  "f": {
                    "lang": "akk",
                    "form": "x",
                    "pos": "u"
                  }
                },
                {
                  "node": "l",
                  "frag": "{anše}mur-ni-is-qi₂",
                  "id": "Q003264.l026f7",
                  "ref": "Q003264.6.2",
                  "inst": "mūrnisqī[war horse]N",
                  "sig": "@rinap/rinap4%akk:{ANŠE}mur-ni-is-qi₂=mūrnisqu[select young animal//war horse]N'N$mūrnisqī",
                  "f": {
                    "lang": "akk",
                    "form": "{ANŠE}mur-ni-is-qi₂",
                    "cf": "mūrnisqu",
                    "gw": "select young animal",
                    "sense": "war horse",
                    "norm": "mūrnisqī",
                    "pos": "N",
                    "epos": "N"
                  }
                },
                {
                  "node": "l",
                  "frag": "GAL].MEŠ",
                  "id": "Q003264.l026f8",
                  "ref": "Q003264.6.3",
                  "inst": "rabûti[large]AJ",
                  "sig": "@rinap/rinap4%akk:GAL.MEŠ=rabû[great//large]AJ'AJ$rabûti",
                  "f": {
                    "lang": "akk",
                    "form": "GAL.MEŠ",
                    "cf": "rabû",
                    "gw": "great",
                    "sense": "large",
                    "norm": "rabûti",
                    "pos": "AJ",
                    "epos": "AJ"
                  }
                },
                {
                  "node": "l",
                  "frag": "{na₄}ZA.GIN₃",
                  "id": "Q003264.l026f9",
                  "ref": "Q003264.6.4",
                  "inst": "uqnî[lapis lazuli]N",
                  "sig": "@rinap/rinap4%akk:{NA₄}ZA.GIN₃=uqnû[lapis lazuli//lapis lazuli]N'N$uqnî",
                  "f": {
                    "lang": "akk",
                    "form": "{NA₄}ZA.GIN₃",
                    "cf": "uqnû",
                    "gw": "lapis lazuli",
                    "sense": "lapis lazuli",
                    "norm": "uqnî",
                    "pos": "N",
                    "epos": "N"
                  }
                },
                {
                  "node": "l",
                  "frag": "GAZ",
                  "id": "Q003264.l026fa",
                  "ref": "Q003264.6.5",
                  "inst": "hīpu[break(age)]N$hīp",
                  "sig": "@rinap/rinap4%akk:GAZ=hīpu[break(age)//break(age)]N'N$hīp",
                  "f": {
                    "lang": "akk",
                    "form": "GAZ",
                    "cf": "hīpu",
                    "gw": "break(age)",
                    "sense": "break(age)",
                    "norm": "hīp",
                    "pos": "N",
                    "epos": "N"
                  }
                },
                {
                  "node": "l",
                  "frag": "[KUR]-šu₂",
                  "id": "Q003264.l026fb",
                  "ref": "Q003264.6.6",
                  "inst": "šaddîšu[mountain]N",
                  "sig": "@rinap/rinap4%akk:KUR-šu₂=šadû[mountain//mountain]N'N$šaddîšu",
                  "f": {
                    "lang": "akk",
                    "form": "KUR-šu₂",
                    "cf": "šadû",
                    "gw": "mountain",
                    "sense": "mountain",
                    "norm": "šaddîšu",
                    "pos": "N",
                    "epos": "N"
                  }
                },
                {
                  "node": "d",
                  "type": "line-start",
                  "ref": "Q003264.7",
                  "n": "6",
                  "label": "o 6"
                },
                {
                  "node": "l",
                  "frag": "[...",
                  "id": "Q003264.l026fc",
                  "ref": "Q003264.7.1",
                  "inst": "u",
                  "f": {
                    "lang": "akk",
                    "form": "x",
                    "pos": "u"
                  }
                },
                {
                  "node": "l",
                  "frag": "iš-ši]-qu",
                  "id": "Q003264.l026fd",
                  "ref": "Q003264.7.2",
                  "inst": "iššiqū[kiss]V",
                  "sig": "@rinap/rinap4%akk:iš-ši-qu=našāqu[kiss//kiss]V'V$iššiqū",
                  "f": {
                    "lang": "akk",
                    "form": "iš-ši-qu",
                    "cf": "našāqu",
                    "gw": "kiss",
                    "sense": "kiss",
                    "norm": "iššiqū",
                    "pos": "V",
                    "epos": "V"
                  }
                },
                {
                  "node": "l",
                  "frag": "GIR₃.II-ia",
                  "id": "Q003264.l026fe",
                  "ref": "Q003264.7.3",
                  "inst": "šēpīya[foot]N",
                  "sig": "@rinap/rinap4%akk:GIR₃.II-ia=šēpu[foot//foot]N'N$šēpīya",
                  "f": {
                    "lang": "akk",
                    "form": "GIR₃.II-ia",
                    "cf": "šēpu",
                    "gw": "foot",
                    "sense": "foot",
                    "norm": "šēpīya",
                    "pos": "N",
                    "epos": "N"
                  }
                },
                {
                  "node": "d",
                  "type": "line-start",
                  "ref": "Q003264.8",
                  "n": "7",
                  "label": "o 7"
                },
                {
                  "node": "l",
                  "frag": "[...",
                  "id": "Q003264.l026ff",
                  "ref": "Q003264.8.1",
                  "inst": "u",
                  "f": {
                    "lang": "akk",
                    "form": "x",
                    "pos": "u"
                  }
                },
                {
                  "node": "l",
                  "frag": "e-mid]-su-nu-u₂-ti",
                  "id": "Q003264.l02700",
                  "ref": "Q003264.8.2",
                  "inst": "emēdu[lean on//impose]V$ēmidsunūti +.",
                  "sig": "@rinap/rinap4%akk:e-mid-su-nu-u₂-ti=emēdu[lean on//impose]V'V$ēmidsunūti",
                  "f": {
                    "lang": "akk",
                    "form": "e-mid-su-nu-u₂-ti",
                    "cf": "emēdu",
                    "gw": "lean on",
                    "sense": "impose",
                    "norm": "ēmidsunūti",
                    "pos": "V",
                    "epos": "V"
                  }
                }
              ]
            },
            {
              "node": "c",
              "type": "sentence",
              "tag": ".",
              "id": "Q003264.U6",
              "label": "o 8 - o 11",
              "cdl": [
                {
                  "node": "d",
                  "type": "line-start",
                  "ref": "Q003264.9",
                  "n": "8",
                  "label": "o 8"
                },
                {
                  "node": "l",
                  "frag": "[...",
                  "id": "Q003264.l02701",
                  "ref": "Q003264.9.1",
                  "inst": "u",
                  "f": {
                    "lang": "akk",
                    "form": "x",
                    "pos": "u"
                  }
                },
                {
                  "node": "l",
                  "frag": "pa]-⸢a⸣-ṭi",
                  "id": "Q003264.l02702",
                  "ref": "Q003264.9.2",
                  "inst": "pāṭi[border]N",
                  "sig": "@rinap/rinap4%akk:pa-a-ṭi=pāṭu[edge//border]N'N$pāṭi",
                  "f": {
                    "lang": "akk",
                    "form": "pa-a-ṭi",
                    "cf": "pāṭu",
                    "gw": "edge",
                    "sense": "border",
                    "norm": "pāṭi",
                    "pos": "N",
                    "epos": "N"
                  }
                },
                {
                  "node": "l",
                  "frag": "{kur}bi-ik-ni",
                  "id": "Q003264.l02703",
                  "ref": "Q003264.9.3",
                  "inst": "Bikni[1]GN",
                  "sig": "@rinap/rinap4%akk:{KUR}bi-ik-ni=Bikni[1//1]GN'GN$Bikni",
                  "f": {
                    "lang": "akk",
                    "form": "{KUR}bi-ik-ni",
                    "cf": "Bikni",
                    "gw": "1",
                    "sense": "1",
                    "norm": "Bikni",
                    "pos": "GN",
                    "epos": "GN"
                  }
                },
                {
                  "node": "d",
                  "type": "line-start",
                  "ref": "Q003264.10",
                  "n": "9",
                  "label": "o 9"
                },
                {
                  "node": "l",
                  "frag": "[...",
                  "id": "Q003264.l02704",
                  "ref": "Q003264.10.1",
                  "inst": "u",
                  "f": {
                    "lang": "akk",
                    "form": "x",
                    "pos": "u"
                  }
                },
                {
                  "node": "c",
                  "type": "phrase",
                  "tag": "phr",
                  "id": "Q003264.U12",
                  "ref": "Q003264.ls00001",
                  "cdl": [
                    {
                      "node": "l",
                      "frag": "{lu₂]}⸢EN⸣.URU.MEŠ",
                      "id": "Q003264.l02705",
                      "ref": "Q003264.10.2",
                      "cof-tails": "Q003264.l02706",
                      "inst": "bēlu[lord]N$bēl&+ālu[city]N$ālāni",
                      "sig": "@rinap/rinap4%akk:{LU₂}EN.URU.MEŠ=bēlu[lord//lord]N'N$bēl&&@rinap/rinap4%akk:=ālu[city//city]N'N$ālāni",
                      "f": {
                        "lang": "akk",
                        "form": "{LU₂}EN.URU.MEŠ",
                        "cf": "bēlu",
                        "gw": "lord",
                        "sense": "lord",
                        "norm": "bēl",
                        "pos": "N",
                        "epos": "N"
                      }
                    },
                    {
                      "node": "l",
                      "frag": "{lu₂]}⸢EN⸣.URU.MEŠ",
                      "id": "Q003264.l02706",
                      "ref": "Q003264.10.2",
                      "cof-head": "Q003264.l02705",
                      "inst": "bēlu[lord]N$bēl&+ālu[city]N$ālāni",
                      "f": {
                        "lang": "akk",
                        "form": "{LU₂}EN.URU.MEŠ",
                        "cf": "ālu",
                        "gw": "city",
                        "sense": "city",
                        "norm": "ālāni",
                        "pos": "N",
                        "epos": "N"
                      }
                    }
                  ]
                },
                {
                  "node": "l",
                  "frag": "dan-nu-te",
                  "id": "Q003264.l02707",
                  "ref": "Q003264.10.3",
                  "inst": "dannūte[strong]AJ",
                  "sig": "@rinap/rinap4%akk:dan-nu-te=dannu[strong//strong]AJ'AJ$dannūte",
                  "f": {
                    "lang": "akk",
                    "form": "dan-nu-te",
                    "cf": "dannu",
                    "gw": "strong",
                    "sense": "strong",
                    "norm": "dannūte",
                    "pos": "AJ",
                    "epos": "AJ"
                  }
                },
                {
                  "node": "d",
                  "type": "line-start",
                  "ref": "Q003264.11",
                  "n": "10",
                  "label": "o 10"
                },
                {
                  "node": "l",
                  "frag": "[...",
                  "id": "Q003264.l02708",
                  "ref": "Q003264.11.1",
                  "inst": "u",
                  "f": {
                    "lang": "akk",
                    "form": "x",
                    "pos": "u"
                  }
                },
                {
                  "node": "l",
                  "frag": "šal-la]-tiš",
                  "id": "Q003264.l02709",
                  "ref": "Q003264.11.2",
                  "inst": "šallatiš[as booty]AV",
                  "sig": "@rinap/rinap4%akk:šal-la-tiš=šallatiš[as booty//as booty]AV'AV$šallatiš",
                  "f": {
                    "lang": "akk",
                    "form": "šal-la-tiš",
                    "cf": "šallatiš",
                    "gw": "as booty",
                    "sense": "as booty",
                    "norm": "šallatiš",
                    "pos": "AV",
                    "epos": "AV"
                  }
                },
                {
                  "node": "l",
                  "frag": "am-nu",
                  "id": "Q003264.l0270a",
                  "ref": "Q003264.11.3",
                  "inst": "amnu[count]V",
                  "sig": "@rinap/rinap4%akk:am-nu=manû[count//count]V'V$amnu",
                  "f": {
                    "lang": "akk",
                    "form": "am-nu",
                    "cf": "manû",
                    "gw": "count",
                    "sense": "count",
                    "norm": "amnu",
                    "pos": "V",
                    "epos": "V"
                  }
                },
                {
                  "node": "d",
                  "type": "line-start",
                  "ref": "Q003264.12",
                  "n": "11",
                  "label": "o 11"
                },
                {
                  "node": "l",
                  "frag": "[...]-šu₂-nu-[ti]",
                  "id": "Q003264.l0270b",
                  "ref": "Q003264.12.1",
                  "inst": "u +.",
                  "f": {
                    "lang": "akk",
                    "form": "x-šu₂-nu-ti",
                    "pos": "u"
                  }
                }
              ]
            },
            {
              "node": "c",
              "type": "sentence",
              "tag": ".",
              "id": "Q003264.U8",
              "label": "r 1' - e. 4",
              "cdl": [
                {
                  "node": "d",
                  "type": "nonx",
                  "ref": "Q003264.13",
                  "strict": "0",
                  "state": "other"
                },
                {
                  "node": "d",
                  "subtype": "reverse",
                  "type": "reverse",
                  "ref": "Q003264.r.14",
                  "label": "r"
                },
                {
                  "node": "d",
                  "type": "nonx",
                  "ref": "Q003264.15",
                  "strict": "0",
                  "state": "other"
                },
                {
                  "node": "d",
                  "type": "line-start",
                  "ref": "Q003264.16",
                  "n": "1'",
                  "label": "r 1'"
                },
                {
                  "node": "l",
                  "frag": "[...]",
                  "id": "Q003264.l0270c",
                  "ref": "Q003264.16.1",
                  "inst": "u",
                  "f": {
                    "lang": "akk",
                    "form": "x",
                    "pos": "u"
                  }
                },
                {
                  "node": "l",
                  "frag": "x",
                  "id": "Q003264.l0270d",
                  "ref": "Q003264.16.2",
                  "inst": "u",
                  "f": {
                    "lang": "akk",
                    "form": "x",
                    "pos": "u"
                  }
                },
                {
                  "node": "l",
                  "frag": "x",
                  "id": "Q003264.l0270e",
                  "ref": "Q003264.16.3",
                  "inst": "u",
                  "f": {
                    "lang": "akk",
                    "form": "x",
                    "pos": "u"
                  }
                },
                {
                  "node": "l",
                  "frag": "NI",
                  "id": "Q003264.l0270f",
                  "ref": "Q003264.16.4",
                  "inst": "X",
                  "f": {
                    "lang": "akk",
                    "form": "NI",
                    "pos": "X"
                  }
                },
                {
                  "node": "l",
                  "frag": "har-ri",
                  "id": "Q003264.l02710",
                  "ref": "Q003264.16.5",
                  "inst": "harri[water channel]N",
                  "sig": "@rinap/rinap4%akk:har-ri=harru[water channel//water channel]N'N$harri",
                  "f": {
                    "lang": "akk",
                    "form": "har-ri",
                    "cf": "harru",
                    "gw": "water channel",
                    "sense": "water channel",
                    "norm": "harri",
                    "pos": "N",
                    "epos": "N"
                  }
                },
                {
                  "node": "l",
                  "frag": "x",
                  "id": "Q003264.l02711",
                  "ref": "Q003264.16.6",
                  "inst": "u",
                  "f": {
                    "lang": "akk",
                    "form": "x",
                    "pos": "u"
                  }
                },
                {
                  "node": "l",
                  "frag": "[...]",
                  "id": "Q003264.l02712",
                  "ref": "Q003264.16.7",
                  "inst": "u",
                  "f": {
                    "lang": "akk",
                    "form": "x",
                    "pos": "u"
                  }
                },
                {
                  "node": "d",
                  "type": "nonw",
                  "ref": ""
                },
                {
                  "node": "d",
                  "type": "line-start",
                  "ref": "Q003264.17",
                  "n": "2'",
                  "label": "r 2'"
                },
                {
                  "node": "l",
                  "frag": "[...]-lu-tu₂",
                  "id": "Q003264.l02713",
                  "ref": "Q003264.17.1",
                  "inst": "u",
                  "f": {
                    "lang": "akk",
                    "form": "x-lu-tu₂",
                    "pos": "u"
                  }
                },
                {
                  "node": "l",
                  "frag": "GIM",
                  "id": "Q003264.l02714",
                  "ref": "Q003264.17.2",
                  "inst": "kīma[like]PRP",
                  "sig": "@rinap/rinap4%akk:GIM=kīma[like//like]PRP'PRP$kīma",
                  "f": {
                    "lang": "akk",
                    "form": "GIM",
                    "cf": "kīma",
                    "gw": "like",
                    "sense": "like",
                    "norm": "kīma",
                    "pos": "PRP",
                    "epos": "PRP"
                  }
                },
                {
                  "node": "l",
                  "frag": "KIŠ",
                  "id": "Q003264.l02715",
                  "ref": "Q003264.17.3",
                  "inst": "u",
                  "f": {
                    "lang": "akk",
                    "form": "KIŠ",
                    "pos": "u"
                  }
                },
                {
                  "node": "l",
                  "frag": "GAB",
                  "id": "Q003264.l02716",
                  "ref": "Q003264.17.4",
                  "inst": "u",
                  "f": {
                    "lang": "akk",
                    "form": "GAB",
                    "pos": "u"
                  }
                },
                {
                  "node": "l",
                  "frag": "[x]",
                  "id": "Q003264.l02717",
                  "ref": "Q003264.17.5",
                  "inst": "u",
                  "f": {
                    "lang": "akk",
                    "form": "x",
                    "pos": "u"
                  }
                },
                {
                  "node": "d",
                  "type": "line-start",
                  "ref": "Q003264.18",
                  "n": "3'",
                  "label": "r 3'"
                },
                {
                  "node": "l",
                  "frag": "[...]-hup-pi",
                  "id": "Q003264.l02718",
                  "ref": "Q003264.18.1",
                  "inst": "u",
                  "f": {
                    "lang": "akk",
                    "form": "x-hup-pi",
                    "pos": "u"
                  }
                },
                {
                  "node": "l",
                  "frag": "ANŠE.KUR.MEŠ",
                  "id": "Q003264.l02719",
                  "ref": "Q003264.18.2",
                  "inst": "sisû[horse]N$sisê",
                  "sig": "@rinap/rinap4%akk:ANŠE.KUR.MEŠ=sisû[horse//horse]N'N$sisê",
                  "f": {
                    "lang": "akk",
                    "form": "ANŠE.KUR.MEŠ",
                    "cf": "sisû",
                    "gw": "horse",
                    "sense": "horse",
                    "norm": "sisê",
                    "pos": "N",
                    "epos": "N"
                  }
                },
                {
                  "node": "l",
                  "frag": "it-ta-na-[x]",
                  "id": "Q003264.l0271a",
                  "ref": "Q003264.18.3",
                  "inst": "u",
                  "f": {
                    "lang": "akk",
                    "form": "it-ta-na-x",
                    "pos": "u"
                  }
                },
                {
                  "node": "d",
                  "type": "line-start",
                  "ref": "Q003264.19",
                  "n": "4'",
                  "label": "r 4'"
                },
                {
                  "node": "l",
                  "frag": "[...]",
                  "id": "Q003264.l0271b",
                  "ref": "Q003264.19.1",
                  "inst": "u",
                  "f": {
                    "lang": "akk",
                    "form": "x",
                    "pos": "u"
                  }
                },
                {
                  "node": "l",
                  "frag": "{kur}ku-u-si",
                  "id": "Q003264.l0271c",
                  "ref": "Q003264.19.2",
                  "inst": "Kusi[Kush]GN",
                  "sig": "@rinap/rinap4%akk:{KUR}ku-u-si=Kusu[Kush//Kush]GN'GN$Kusi",
                  "f": {
                    "lang": "akk",
                    "form": "{KUR}ku-u-si",
                    "cf": "Kusu",
                    "gw": "Kush",
                    "sense": "Kush",
                    "norm": "Kusi",
                    "pos": "GN",
                    "epos": "GN"
                  }
                },
                {
                  "node": "l",
                  "frag": "{lu₂}me-luh-he-e",
                  "id": "Q003264.l0271d",
                  "ref": "Q003264.19.3",
                  "inst": "Meluhhu[of Meluhha]EN$Meluhhe",
                  "sig": "@rinap/rinap4%akk:{LU₂}me-luh-he-e=Meluhhu[of Meluhha//of Meluhha]EN'EN$Meluhhe",
                  "f": {
                    "lang": "akk",
                    "form": "{LU₂}me-luh-he-e",
                    "cf": "Meluhhu",
                    "gw": "of Meluhha",
                    "sense": "of Meluhha",
                    "norm": "Meluhhe",
                    "pos": "EN",
                    "epos": "EN"
                  }
                },
                {
                  "node": "l",
                  "frag": "GE₆.⸢MEŠ⸣",
                  "id": "Q003264.l0271e",
                  "ref": "Q003264.19.4",
                  "inst": "ṣalmu[black]AJ$ṣalmūti",
                  "sig": "@rinap/rinap4%akk:GE₆.MEŠ=ṣalmu[black//black]AJ'AJ$ṣalmūti",
                  "f": {
                    "lang": "akk",
                    "form": "GE₆.MEŠ",
                    "cf": "ṣalmu",
                    "gw": "black",
                    "sense": "black",
                    "norm": "ṣalmūti",
                    "pos": "AJ",
                    "epos": "AJ"
                  }
                },
                {
                  "node": "d",
                  "type": "line-start",
                  "ref": "Q003264.20",
                  "n": "5'",
                  "label": "r 5'"
                },
                {
                  "node": "l",
                  "frag": "[...]-⸢ti⸣",
                  "id": "Q003264.l0271f",
                  "ref": "Q003264.20.1",
                  "inst": "u",
                  "f": {
                    "lang": "akk",
                    "form": "x-ti",
                    "pos": "u"
                  }
                },
                {
                  "node": "l",
                  "frag": "ša₂",
                  "id": "Q003264.l02720",
                  "ref": "Q003264.20.2",
                  "inst": "ša[who]REL",
                  "sig": "@rinap/rinap4%akk:ša₂=ša[that//who]REL'REL$ša",
                  "f": {
                    "lang": "akk",
                    "form": "ša₂",
                    "cf": "ša",
                    "gw": "that",
                    "sense": "who",
                    "norm": "ša",
                    "pos": "REL",
                    "epos": "REL"
                  }
                },
                {
                  "node": "l",
                  "frag": "ik-te-ra",
                  "id": "Q003264.l02721",
                  "ref": "Q003264.20.3",
                  "inst": "katāru[get (as) help]V$iktera",
                  "sig": "@rinap/rinap4%akk:ik-te-ra=katāru[get (as) help//to get (as) help]V'V$iktera",
                  "f": {
                    "lang": "akk",
                    "form": "ik-te-ra",
                    "cf": "katāru",
                    "gw": "get (as) help",
                    "sense": "to get (as) help",
                    "norm": "iktera",
                    "pos": "V",
                    "epos": "V"
                  }
                },
                {
                  "node": "l",
                  "frag": "it-ti-šu₂",
                  "id": "Q003264.l02722",
                  "ref": "Q003264.20.4",
                  "inst": "itti[with]PRP$ittišu",
                  "sig": "@rinap/rinap4%akk:it-ti-šu₂=itti[with//with]PRP'PRP$ittišu",
                  "f": {
                    "lang": "akk",
                    "form": "it-ti-šu₂",
                    "cf": "itti",
                    "gw": "with",
                    "sense": "with",
                    "norm": "ittišu",
                    "pos": "PRP",
                    "epos": "PRP"
                  }
                },
                {
                  "node": "d",
                  "type": "line-start",
                  "ref": "Q003264.21",
                  "n": "6'",
                  "label": "r 6'"
                },
                {
                  "node": "l",
                  "frag": "[...]",
                  "id": "Q003264.l02723",
                  "ref": "Q003264.21.1",
                  "inst": "u",
                  "f": {
                    "lang": "akk",
                    "form": "x",
                    "pos": "u"
                  }
                },
                {
                  "node": "l",
                  "frag": "x",
                  "id": "Q003264.l02724",
                  "ref": "Q003264.21.2",
                  "inst": "u",
                  "f": {
                    "lang": "akk",
                    "form": "x",
                    "pos": "u"
                  }
                },
                {
                  "node": "l",
                  "frag": "a-šar",
                  "id": "Q003264.l02725",
                  "ref": "Q003264.21.3",
                  "inst": "ašar[place]N",
                  "sig": "@rinap/rinap4%akk:a-šar=ašru[place//place]N'N$ašar",
                  "f": {
                    "lang": "akk",
                    "form": "a-šar",
                    "cf": "ašru",
                    "gw": "place",
                    "sense": "place",
                    "norm": "ašar",
                    "pos": "N",
                    "epos": "N"
                  }
                },
                {
                  "node": "l",
                  "frag": "nam-ra-ṣi",
                  "id": "Q003264.l02726",
                  "ref": "Q003264.21.4",
                  "inst": "namrāṣu[hardship]N$namrāṣi",
                  "sig": "@rinap/rinap4%akk:nam-ra-ṣi=namrāṣu[hardship//hardship]N'N$namrāṣi",
                  "f": {
                    "lang": "akk",
                    "form": "nam-ra-ṣi",
                    "cf": "namrāṣu",
                    "gw": "hardship",
                    "sense": "hardship",
                    "norm": "namrāṣi",
                    "pos": "N",
                    "epos": "N"
                  }
                },
                {
                  "node": "d",
                  "subtype": "edge",
                  "type": "edge",
                  "ref": "Q003264.e..22",
                  "label": "e."
                },
                {
                  "node": "d",
                  "type": "line-start",
                  "ref": "Q003264.23",
                  "n": "1",
                  "label": "e. 1"
                },
                {
                  "node": "l",
                  "frag": "[...]-le-e",
                  "id": "Q003264.l02727",
                  "ref": "Q003264.23.1",
                  "inst": "u",
                  "f": {
                    "lang": "akk",
                    "form": "x-le-e",
                    "pos": "u"
                  }
                },
                {
                  "node": "d",
                  "type": "line-start",
                  "ref": "Q003264.24",
                  "n": "2",
                  "label": "e. 2"
                },
                {
                  "node": "l",
                  "frag": "[...]",
                  "id": "Q003264.l02728",
                  "ref": "Q003264.24.1",
                  "inst": "u",
                  "f": {
                    "lang": "akk",
                    "form": "x",
                    "pos": "u"
                  }
                },
                {
                  "node": "l",
                  "frag": "x-mu",
                  "id": "Q003264.l02729",
                  "ref": "Q003264.24.2",
                  "inst": "u",
                  "f": {
                    "lang": "akk",
                    "form": "x-mu",
                    "pos": "u"
                  }
                },
                {
                  "node": "d",
                  "type": "line-start",
                  "ref": "Q003264.25",
                  "n": "3",
                  "label": "e. 3"
                },
                {
                  "node": "l",
                  "frag": "[...]",
                  "id": "Q003264.l0272a",
                  "ref": "Q003264.25.1",
                  "inst": "u",
                  "f": {
                    "lang": "akk",
                    "form": "x",
                    "pos": "u"
                  }
                },
                {
                  "node": "l",
                  "frag": "{d}A.EDIN",
                  "id": "Q003264.l0272b",
                  "ref": "Q003264.25.2",
                  "inst": "Erua[1]DN",
                  "sig": "@rinap/rinap4%akk:{d}A.EDIN=Erua[1//1]DN'DN$Erua",
                  "f": {
                    "lang": "akk",
                    "form": "{d}A.EDIN",
                    "cf": "Erua",
                    "gw": "1",
                    "sense": "1",
                    "norm": "Erua",
                    "pos": "DN",
                    "epos": "DN"
                  }
                },
                {
                  "node": "l",
                  "frag": "ṢAR",
                  "id": "Q003264.l0272c",
                  "ref": "Q003264.25.3",
                  "inst": "u",
                  "f": {
                    "lang": "akk",
                    "form": "ṢAR",
                    "pos": "u"
                  }
                },
                {
                  "node": "l",
                  "frag": "TE",
                  "id": "Q003264.l0272d",
                  "ref": "Q003264.25.4",
                  "inst": "u",
                  "f": {
                    "lang": "akk",
                    "form": "TE",
                    "pos": "u"
                  }
                },
                {
                  "node": "d",
                  "type": "line-start",
                  "ref": "Q003264.26",
                  "n": "4",
                  "label": "e. 4"
                },
                {
                  "node": "l",
                  "frag": "[...]-⸢tum⸣",
                  "id": "Q003264.l0272e",
                  "ref": "Q003264.26.1",
                  "inst": "u +.",
                  "f": {
                    "lang": "akk",
                    "form": "x-tum",
                    "pos": "u"
                  }
                }
              ]
            }
          ]
        }
      ]
    },
    {
      "linkbase": [
        {
          "type": "linkset",
          "xlink_title": "bēl āli[city ruler//city ruler]N'N",
          "id": "Q003264.ls00000",
          "xlink_type": "extended",
          "xlink_role": "psu",
          "sig": "{{LU₂}EN.URU = bēlu[lord]N ālu[city]N += bēl āli[city ruler//city ruler]N'N}::@rinap/rinap4%akk:{LU₂}EN.URU=bēlu[lord//lord]N'N$bēl++@rinap/rinap4%akk:{LU₂}EN.URU=ālu[city//city]N'N$āli",
          "links": [
            {
              "type": "link",
              "xlink_title": "bēlu",
              "xlink_type": "locator",
              "xlink_href": "#Q003264.l026ed",
              "xlink_role": "elt"
            },
            {
              "type": "link",
              "xlink_title": "ālu",
              "xlink_type": "locator",
              "xlink_href": "#Q003264.l026ee",
              "xlink_role": "elt"
            }
          ]
        },
        {
          "type": "linkset",
          "xlink_title": "bēl āli[city ruler//city ruler]N'N",
          "id": "Q003264.ls00001",
          "xlink_type": "extended",
          "xlink_role": "psu",
          "sig": "{{LU₂}EN.URU = bēlu[lord]N ālu[city]N += bēl āli[city ruler//city ruler]N'N}::@rinap/rinap4%akk:{LU₂}EN.URU=bēlu[lord//lord]N'N$bēl++@rinap/rinap4%akk:{LU₂}EN.URU=ālu[city//city]N'N$āli",
          "links": [
            {
              "type": "link",
              "xlink_title": "bēlu",
              "xlink_type": "locator",
              "xlink_href": "#Q003264.l02705",
              "xlink_role": "elt"
            },
            {
              "type": "link",
              "xlink_title": "ālu",
              "xlink_type": "locator",
              "xlink_href": "#Q003264.l02706",
              "xlink_role": "elt"
            }
          ]
        }
      ]
    }
  ]
}
