{
  "type": "cdl",
  "source": "http://oracc.org/rinap/rinap4",
  "license": "This data is released under the CC0 license",
  "license-url": "https://creativecommons.org/publicdomain/zero/1.0/",
  "more-info": "http://oracc.org/doc/opendata/",
  "UTC-timestamp": "2017-06-10T00:21:23",
  "project": "rinap/rinap4",
  "textid": "Q003281",
  "cdl": [
    {
      "node": "c",
      "type": "text",
      "id": "Q003281.U0",
      "cdl": [
        {
          "node": "d",
          "type": "object",
          "ref": ""
        },
        {
          "node": "d",
          "type": "surface",
          "ref": ""
        },
        {
          "node": "d",
          "type": "nonx",
          "ref": "Q003281.1",
          "strict": "0",
          "state": "other"
        },
        {
          "node": "c",
          "type": "discourse",
          "subtype": "body",
          "id": "Q003281.U1",
          "cdl": [
            {
              "node": "c",
              "type": "sentence",
              "tag": ".",
              "id": "Q003281.U2",
              "label": "1' - 13'",
              "cdl": [
                {
                  "node": "d",
                  "type": "line-start",
                  "ref": "Q003281.2",
                  "n": "1'",
                  "label": "1'"
                },
                {
                  "node": "l",
                  "frag": "x-⸢tum⸣",
                  "id": "Q003281.l031ce",
                  "ref": "Q003281.2.1",
                  "inst": "u",
                  "f": {
                    "lang": "akk",
                    "form": "x-tum",
                    "pos": "u"
                  }
                },
                {
                  "node": "l",
                  "frag": "x",
                  "id": "Q003281.l031cf",
                  "ref": "Q003281.2.2",
                  "inst": "u",
                  "f": {
                    "lang": "akk",
                    "form": "x",
                    "pos": "u"
                  }
                },
                {
                  "node": "l",
                  "frag": "(x)",
                  "id": "Q003281.l031d0",
                  "ref": "Q003281.2.3",
                  "inst": "u",
                  "f": {
                    "lang": "akk",
                    "form": "x",
                    "pos": "u"
                  }
                },
                {
                  "node": "l",
                  "frag": "[...]",
                  "id": "Q003281.l031d1",
                  "ref": "Q003281.2.4",
                  "inst": "u",
                  "f": {
                    "lang": "akk",
                    "form": "x",
                    "pos": "u"
                  }
                },
                {
                  "node": "d",
                  "type": "line-start",
                  "ref": "Q003281.3",
                  "n": "2'",
                  "label": "2'"
                },
                {
                  "node": "l",
                  "frag": "DINGIR.MEŠ",
                  "id": "Q003281.l031d2",
                  "ref": "Q003281.3.1",
                  "inst": "ilāni[god]N",
                  "sig": "@rinap/rinap4%akk:DINGIR.MEŠ=ilu[god//god]N'N$ilāni",
                  "f": {
                    "lang": "akk",
                    "form": "DINGIR.MEŠ",
                    "cf": "ilu",
                    "gw": "god",
                    "sense": "god",
                    "norm": "ilāni",
                    "pos": "N",
                    "epos": "N"
                  }
                },
                {
                  "node": "l",
                  "frag": "KUR",
                  "id": "Q003281.l031d3",
                  "ref": "Q003281.3.2",
                  "inst": "māt[land]N",
                  "sig": "@rinap/rinap4%akk:KUR=mātu[land//land]N'N$māt",
                  "f": {
                    "lang": "akk",
                    "form": "KUR",
                    "cf": "mātu",
                    "gw": "land",
                    "sense": "land",
                    "norm": "māt",
                    "pos": "N",
                    "epos": "N"
                  }
                },
                {
                  "node": "l",
                  "frag": "EME.⸢GI₇⸣",
                  "id": "Q003281.l031d4",
                  "ref": "Q003281.3.3",
                  "inst": "Šumeri[Sumer]GN",
                  "sig": "@rinap/rinap4%akk:EME.GI₇=Šumeru[Sumer//Sumer]GN'GN$Šumeri",
                  "f": {
                    "lang": "akk",
                    "form": "EME.GI₇",
                    "cf": "Šumeru",
                    "gw": "Sumer",
                    "sense": "Sumer",
                    "norm": "Šumeri",
                    "pos": "GN",
                    "epos": "GN"
                  }
                },
                {
                  "node": "l",
                  "frag": "u",
                  "id": "Q003281.l031d5",
                  "ref": "Q003281.3.4",
                  "inst": "u[and]CNJ",
                  "sig": "@rinap/rinap4%akk:u=u[and//and]CNJ'CNJ$u",
                  "f": {
                    "lang": "akk",
                    "form": "u",
                    "cf": "u",
                    "gw": "and",
                    "sense": "and",
                    "norm": "u",
                    "pos": "CNJ",
                    "epos": "CNJ"
                  }
                },
                {
                  "node": "l",
                  "frag": "URI{ki}",
                  "id": "Q003281.l031d6",
                  "ref": "Q003281.3.5",
                  "inst": "Akkadi[1]GN",
                  "sig": "@rinap/rinap4%akk:URI{KI}=Akkad[1//1]GN'GN$Akkadi",
                  "f": {
                    "lang": "akk",
                    "form": "URI{KI}",
                    "cf": "Akkad",
                    "gw": "1",
                    "sense": "1",
                    "norm": "Akkadi",
                    "pos": "GN",
                    "epos": "GN"
                  }
                },
                {
                  "node": "l",
                  "frag": "har-⸢ra⸣-[an",
                  "id": "Q003281.l031d7",
                  "ref": "Q003281.3.6",
                  "inst": "harrān[way]N",
                  "sig": "@rinap/rinap4%akk:har-ra-an=harrānu[way//way]N'N$harrān",
                  "f": {
                    "lang": "akk",
                    "form": "har-ra-an",
                    "cf": "harrānu",
                    "gw": "way",
                    "sense": "way",
                    "norm": "harrān",
                    "pos": "N",
                    "epos": "N"
                  }
                },
                {
                  "node": "l",
                  "frag": "KA₂.DINGIR.RA{ki}",
                  "id": "Q003281.l031d8",
                  "ref": "Q003281.3.7",
                  "inst": "Babili[Babylon]SN",
                  "sig": "@rinap/rinap4%akk:KA₂.DINGIR.RA{KI}=Babili[Babylon//Babylon]SN'SN$Babili",
                  "f": {
                    "lang": "akk",
                    "form": "KA₂.DINGIR.RA{KI}",
                    "cf": "Babili",
                    "gw": "Babylon",
                    "sense": "Babylon",
                    "norm": "Babili",
                    "pos": "SN",
                    "epos": "SN"
                  }
                },
                {
                  "node": "l",
                  "frag": "iṣ-ba-tu]",
                  "id": "Q003281.l031d9",
                  "ref": "Q003281.3.8",
                  "inst": "ṣabātu[seize//take]V$iṣbatū",
                  "sig": "@rinap/rinap4%akk:iṣ-ba-tu=ṣabātu[seize//take]V'V$iṣbatū",
                  "f": {
                    "lang": "akk",
                    "form": "iṣ-ba-tu",
                    "cf": "ṣabātu",
                    "gw": "seize",
                    "sense": "take",
                    "norm": "iṣbatū",
                    "pos": "V",
                    "epos": "V"
                  }
                },
                {
                  "node": "d",
                  "type": "line-start",
                  "ref": "Q003281.4",
                  "n": "3'",
                  "label": "3'"
                },
                {
                  "node": "l",
                  "frag": "GIM",
                  "id": "Q003281.l031da",
                  "ref": "Q003281.4.1",
                  "inst": "kīma[like]PRP",
                  "sig": "@rinap/rinap4%akk:GIM=kīma[like//like]PRP'PRP$kīma",
                  "f": {
                    "lang": "akk",
                    "form": "GIM",
                    "cf": "kīma",
                    "gw": "like",
                    "sense": "like",
                    "norm": "kīma",
                    "pos": "PRP",
                    "epos": "PRP"
                  }
                },
                {
                  "node": "l",
                  "frag": "mu-re-e",
                  "id": "Q003281.l031db",
                  "ref": "Q003281.4.2",
                  "inst": "mūru[young animal//foal]N$mūrē",
                  "sig": "@rinap/rinap4%akk:mu-re-e=mūru[young animal//foal]N'N$mūrē",
                  "f": {
                    "lang": "akk",
                    "form": "mu-re-e",
                    "cf": "mūru",
                    "gw": "young animal",
                    "sense": "foal",
                    "norm": "mūrē",
                    "pos": "N",
                    "epos": "N"
                  }
                },
                {
                  "node": "l",
                  "frag": "an-hu-ti",
                  "id": "Q003281.l031dc",
                  "ref": "Q003281.4.3",
                  "inst": "anhu[tired]AJ$anhūti",
                  "sig": "@rinap/rinap4%akk:an-hu-ti=anhu[tired//tired]AJ'AJ$anhūti",
                  "f": {
                    "lang": "akk",
                    "form": "an-hu-ti",
                    "cf": "anhu",
                    "gw": "tired",
                    "sense": "tired",
                    "norm": "anhūti",
                    "pos": "AJ",
                    "epos": "AJ"
                  }
                },
                {
                  "node": "l",
                  "frag": "ša₂",
                  "id": "Q003281.l031dd",
                  "ref": "Q003281.4.4",
                  "inst": "ša[who]REL",
                  "sig": "@rinap/rinap4%akk:ša₂=ša[that//who]REL'REL$ša",
                  "f": {
                    "lang": "akk",
                    "form": "ša₂",
                    "cf": "ša",
                    "gw": "that",
                    "sense": "who",
                    "norm": "ša",
                    "pos": "REL",
                    "epos": "REL"
                  }
                },
                {
                  "node": "l",
                  "frag": "⸢URU⸣",
                  "id": "Q003281.l031de",
                  "ref": "Q003281.4.5",
                  "inst": "āl[city]N",
                  "sig": "@rinap/rinap4%akk:URU=ālu[city//city]N'N$āl",
                  "f": {
                    "lang": "akk",
                    "form": "URU",
                    "cf": "ālu",
                    "gw": "city",
                    "sense": "city",
                    "norm": "āl",
                    "pos": "N",
                    "epos": "N"
                  }
                },
                {
                  "node": "l",
                  "frag": "[...]",
                  "id": "Q003281.l031df",
                  "ref": "Q003281.4.6",
                  "inst": "u",
                  "f": {
                    "lang": "akk",
                    "form": "x",
                    "pos": "u"
                  }
                },
                {
                  "node": "d",
                  "type": "line-start",
                  "ref": "Q003281.5",
                  "n": "4'",
                  "label": "4'"
                },
                {
                  "node": "l",
                  "frag": "ina",
                  "id": "Q003281.l031e0",
                  "ref": "Q003281.5.1",
                  "inst": "ina[in]PRP",
                  "sig": "@rinap/rinap4%akk:ina=ina[in//in]PRP'PRP$ina",
                  "f": {
                    "lang": "akk",
                    "form": "ina",
                    "cf": "ina",
                    "gw": "in",
                    "sense": "in",
                    "norm": "ina",
                    "pos": "PRP",
                    "epos": "PRP"
                  }
                },
                {
                  "node": "l",
                  "frag": "ukkin-ni-šu₂-nu",
                  "id": "Q003281.l031e1",
                  "ref": "Q003281.5.2",
                  "inst": "ukkinnu[assembly]N$ukkinnišunu",
                  "sig": "@rinap/rinap4%akk:ukkin-ni-šu₂-nu=ukkinnu[assembly//assembly]N'N$ukkinnišunu",
                  "f": {
                    "lang": "akk",
                    "form": "ukkin-ni-šu₂-nu",
                    "cf": "ukkinnu",
                    "gw": "assembly",
                    "sense": "assembly",
                    "norm": "ukkinnišunu",
                    "pos": "N",
                    "epos": "N"
                  }
                },
                {
                  "node": "l",
                  "frag": "iš-te-niš",
                  "id": "Q003281.l031e2",
                  "ref": "Q003281.5.3",
                  "inst": "ištēniš[together]AV",
                  "sig": "@rinap/rinap4%akk:iš-te-niš=ištēniš[together//together]AV'AV$ištēniš",
                  "f": {
                    "lang": "akk",
                    "form": "iš-te-niš",
                    "cf": "ištēniš",
                    "gw": "together",
                    "sense": "together",
                    "norm": "ištēniš",
                    "pos": "AV",
                    "epos": "AV"
                  }
                },
                {
                  "node": "l",
                  "frag": "⸢ʾ⸣-[...]",
                  "id": "Q003281.l031e3",
                  "ref": "Q003281.5.4",
                  "inst": "u",
                  "f": {
                    "lang": "akk",
                    "form": "ʾ-x",
                    "pos": "u"
                  }
                },
                {
                  "node": "d",
                  "type": "nonw",
                  "ref": ""
                },
                {
                  "node": "d",
                  "type": "line-start",
                  "ref": "Q003281.6",
                  "n": "5'",
                  "label": "5'"
                },
                {
                  "node": "l",
                  "frag": "šit-ra-hu",
                  "id": "Q003281.l031e4",
                  "ref": "Q003281.6.1",
                  "inst": "šitrāhu[very proud//splendid]AJ$",
                  "sig": "@rinap/rinap4%akk:šit-ra-hu=šitrāhu[very proud//splendid]AJ'AJ$šitrāhu",
                  "f": {
                    "lang": "akk",
                    "form": "šit-ra-hu",
                    "cf": "šitrāhu",
                    "gw": "very proud",
                    "sense": "splendid",
                    "norm": "šitrāhu",
                    "pos": "AJ",
                    "epos": "AJ"
                  }
                },
                {
                  "node": "l",
                  "frag": "[...]",
                  "id": "Q003281.l031e5",
                  "ref": "Q003281.6.2",
                  "inst": "u",
                  "f": {
                    "lang": "akk",
                    "form": "x",
                    "pos": "u"
                  }
                },
                {
                  "node": "d",
                  "type": "line-start",
                  "ref": "Q003281.7",
                  "n": "6'",
                  "label": "6'"
                },
                {
                  "node": "l",
                  "frag": "ia-a-ti",
                  "id": "Q003281.l031e6",
                  "ref": "Q003281.7.1",
                  "inst": "yâti[me]IP$",
                  "sig": "@rinap/rinap4%akk:ia-a-ti=yâti[me//me]IP'IP$yâti",
                  "f": {
                    "lang": "akk",
                    "form": "ia-a-ti",
                    "cf": "yâti",
                    "gw": "me",
                    "sense": "me",
                    "norm": "yâti",
                    "pos": "IP",
                    "epos": "IP"
                  }
                },
                {
                  "node": "l",
                  "frag": "{m}aš-šur-PAP.MEŠ-AŠ",
                  "id": "Q003281.l031e7",
                  "ref": "Q003281.7.2",
                  "inst": "Aššur-ahu-iddina[Esarhaddon, king of Assyria]RN",
                  "sig": "@rinap/rinap4%akk:{m}aš-šur-PAP.MEŠ-AŠ=Aššur-ahu-iddina[Esarhaddon, king of Assyria//Esarhaddon, king of Assyria]RN'RN$Aššur-ahu-iddina",
                  "f": {
                    "lang": "akk",
                    "form": "{m}aš-šur-PAP.MEŠ-AŠ",
                    "cf": "Aššur-ahu-iddina",
                    "gw": "Esarhaddon, king of Assyria",
                    "sense": "Esarhaddon, king of Assyria",
                    "norm": "Aššur-ahu-iddina",
                    "pos": "RN",
                    "epos": "RN"
                  }
                },
                {
                  "node": "l",
                  "frag": "mu-diš",
                  "id": "Q003281.l031e8",
                  "ref": "Q003281.7.3",
                  "inst": "muddiš[restorer]N",
                  "sig": "@rinap/rinap4%akk:mu-diš=muddišu[restorer//restorer]N'N$muddiš",
                  "f": {
                    "lang": "akk",
                    "form": "mu-diš",
                    "cf": "muddišu",
                    "gw": "restorer",
                    "sense": "restorer",
                    "norm": "muddiš",
                    "pos": "N",
                    "epos": "N"
                  }
                },
                {
                  "node": "l",
                  "frag": "⸢DINGIR⸣.[MEŠ",
                  "id": "Q003281.l031e9",
                  "ref": "Q003281.7.4",
                  "inst": "ilāni[god]N",
                  "sig": "@rinap/rinap4%akk:DINGIR.MEŠ=ilu[god//god]N'N$ilāni",
                  "f": {
                    "lang": "akk",
                    "form": "DINGIR.MEŠ",
                    "cf": "ilu",
                    "gw": "god",
                    "sense": "god",
                    "norm": "ilāni",
                    "pos": "N",
                    "epos": "N"
                  }
                },
                {
                  "node": "l",
                  "frag": "GAL.MEŠ]",
                  "id": "Q003281.l031ea",
                  "ref": "Q003281.7.5",
                  "inst": "rabûti[great]AJ",
                  "sig": "@rinap/rinap4%akk:GAL.MEŠ=rabû[great//great]AJ'AJ$rabûti",
                  "f": {
                    "lang": "akk",
                    "form": "GAL.MEŠ",
                    "cf": "rabû",
                    "gw": "great",
                    "sense": "great",
                    "norm": "rabûti",
                    "pos": "AJ",
                    "epos": "AJ"
                  }
                },
                {
                  "node": "d",
                  "type": "line-start",
                  "ref": "Q003281.8",
                  "n": "7'",
                  "label": "7'"
                },
                {
                  "node": "l",
                  "frag": "i-ši-mu",
                  "id": "Q003281.l031eb",
                  "ref": "Q003281.8.1",
                  "inst": "šiāmu[fix//decree]V$išīmū",
                  "sig": "@rinap/rinap4%akk:i-ši-mu=šiāmu[fix//decree]V'V$išīmū",
                  "f": {
                    "lang": "akk",
                    "form": "i-ši-mu",
                    "cf": "šiāmu",
                    "gw": "fix",
                    "sense": "decree",
                    "norm": "išīmū",
                    "pos": "V",
                    "epos": "V"
                  }
                },
                {
                  "node": "l",
                  "frag": "[šim-ti]",
                  "id": "Q003281.l031ec",
                  "ref": "Q003281.8.2",
                  "inst": "šīmtu[what is fixed//fate]N$šīmtī",
                  "sig": "@rinap/rinap4%akk:šim-ti=šīmtu[what is fixed//fate]N'N$šīmtī",
                  "f": {
                    "lang": "akk",
                    "form": "šim-ti",
                    "cf": "šīmtu",
                    "gw": "what is fixed",
                    "sense": "fate",
                    "norm": "šīmtī",
                    "pos": "N",
                    "epos": "N"
                  }
                },
                {
                  "node": "d",
                  "type": "line-start",
                  "ref": "Q003281.9",
                  "n": "8'",
                  "label": "8'"
                },
                {
                  "node": "l",
                  "frag": "ina",
                  "id": "Q003281.l031ed",
                  "ref": "Q003281.9.1",
                  "inst": "ina[in]PRP",
                  "sig": "@rinap/rinap4%akk:ina=ina[in//in]PRP'PRP$ina",
                  "f": {
                    "lang": "akk",
                    "form": "ina",
                    "cf": "ina",
                    "gw": "in",
                    "sense": "in",
                    "norm": "ina",
                    "pos": "PRP",
                    "epos": "PRP"
                  }
                },
                {
                  "node": "l",
                  "frag": "ul-ṣi",
                  "id": "Q003281.l031ee",
                  "ref": "Q003281.9.2",
                  "inst": "ulṣī[pleasure]N",
                  "sig": "@rinap/rinap4%akk:ul-ṣi=ulṣu[pleasure//pleasure]N'N$ulṣī",
                  "f": {
                    "lang": "akk",
                    "form": "ul-ṣi",
                    "cf": "ulṣu",
                    "gw": "pleasure",
                    "sense": "pleasure",
                    "norm": "ulṣī",
                    "pos": "N",
                    "epos": "N"
                  }
                },
                {
                  "node": "l",
                  "frag": "u",
                  "id": "Q003281.l031ef",
                  "ref": "Q003281.9.3",
                  "inst": "u[and]CNJ",
                  "sig": "@rinap/rinap4%akk:u=u[and//and]CNJ'CNJ$u",
                  "f": {
                    "lang": "akk",
                    "form": "u",
                    "cf": "u",
                    "gw": "and",
                    "sense": "and",
                    "norm": "u",
                    "pos": "CNJ",
                    "epos": "CNJ"
                  }
                },
                {
                  "node": "l",
                  "frag": "ri-ša₂-a-ti",
                  "id": "Q003281.l031f0",
                  "ref": "Q003281.9.4",
                  "inst": "rīšāti[exultation]N",
                  "sig": "@rinap/rinap4%akk:ri-ša₂-a-ti=rīštu[exultation//exultation]N'N$rīšāti",
                  "f": {
                    "lang": "akk",
                    "form": "ri-ša₂-a-ti",
                    "cf": "rīštu",
                    "gw": "exultation",
                    "sense": "exultation",
                    "norm": "rīšāti",
                    "pos": "N",
                    "epos": "N"
                  }
                },
                {
                  "node": "l",
                  "frag": "a-na",
                  "id": "Q003281.l031f1",
                  "ref": "Q003281.9.5",
                  "inst": "ana[into]PRP",
                  "sig": "@rinap/rinap4%akk:a-na=ana[to//into]PRP'PRP$ana",
                  "f": {
                    "lang": "akk",
                    "form": "a-na",
                    "cf": "ana",
                    "gw": "to",
                    "sense": "into",
                    "norm": "ana",
                    "pos": "PRP",
                    "epos": "PRP"
                  }
                },
                {
                  "node": "l",
                  "frag": "⸢KA₂⸣.[DINGIR.RA{ki}",
                  "id": "Q003281.l031f2",
                  "ref": "Q003281.9.6",
                  "inst": "Babili[Babylon]SN$Babili",
                  "sig": "@rinap/rinap4%akk:KA₂.DINGIR.RA{KI}=Babili[Babylon//Babylon]SN'SN$Babili",
                  "f": {
                    "lang": "akk",
                    "form": "KA₂.DINGIR.RA{KI}",
                    "cf": "Babili",
                    "gw": "Babylon",
                    "sense": "Babylon",
                    "norm": "Babili",
                    "pos": "SN",
                    "epos": "SN"
                  }
                },
                {
                  "node": "l",
                  "frag": "u₂-še-rib-šu₂-nu-ti]",
                  "id": "Q003281.l031f3",
                  "ref": "Q003281.9.7",
                  "inst": "erēbu[enter//make enter]V$ušēribšunūti",
                  "sig": "@rinap/rinap4%akk:u₂-še-rib-šu₂-nu-ti=erēbu[enter//make enter]V'V$ušēribšunūti",
                  "f": {
                    "lang": "akk",
                    "form": "u₂-še-rib-šu₂-nu-ti",
                    "cf": "erēbu",
                    "gw": "enter",
                    "sense": "make enter",
                    "norm": "ušēribšunūti",
                    "pos": "V",
                    "epos": "V"
                  }
                },
                {
                  "node": "d",
                  "type": "line-start",
                  "ref": "Q003281.10",
                  "n": "9'",
                  "label": "9'"
                },
                {
                  "node": "l",
                  "frag": "ina",
                  "id": "Q003281.l031f4",
                  "ref": "Q003281.10.1",
                  "inst": "ina[at]PRP",
                  "sig": "@rinap/rinap4%akk:ina=ina[in//at]PRP'PRP$ina",
                  "f": {
                    "lang": "akk",
                    "form": "ina",
                    "cf": "ina",
                    "gw": "in",
                    "sense": "at",
                    "norm": "ina",
                    "pos": "PRP",
                    "epos": "PRP"
                  }
                },
                {
                  "node": "l",
                  "frag": "KAR",
                  "id": "Q003281.l031f5",
                  "ref": "Q003281.10.2",
                  "inst": "kār[quay]N",
                  "sig": "@rinap/rinap4%akk:KAR=kāru[quay//quay]N'N$kār",
                  "f": {
                    "lang": "akk",
                    "form": "KAR",
                    "cf": "kāru",
                    "gw": "quay",
                    "sense": "quay",
                    "norm": "kār",
                    "pos": "N",
                    "epos": "N"
                  }
                },
                {
                  "node": "l",
                  "frag": "KA₂.DINGIR.RA{ki}",
                  "id": "Q003281.l031f6",
                  "ref": "Q003281.10.3",
                  "inst": "Babili[Babylon]SN",
                  "sig": "@rinap/rinap4%akk:KA₂.DINGIR.RA{KI}=Babili[Babylon//Babylon]SN'SN$Babili",
                  "f": {
                    "lang": "akk",
                    "form": "KA₂.DINGIR.RA{KI}",
                    "cf": "Babili",
                    "gw": "Babylon",
                    "sense": "Babylon",
                    "norm": "Babili",
                    "pos": "SN",
                    "epos": "SN"
                  }
                },
                {
                  "node": "l",
                  "frag": "e-mi₃-[id",
                  "id": "Q003281.l031f7",
                  "ref": "Q003281.10.4",
                  "inst": "emēdu[lean on//dock (a ship)]V$ēmid",
                  "sig": "@rinap/rinap4%akk:e-mi₃-id=emēdu[lean on//dock (a ship)]V'V$ēmid",
                  "f": {
                    "lang": "akk",
                    "form": "e-mi₃-id",
                    "cf": "emēdu",
                    "gw": "lean on",
                    "sense": "dock (a ship)",
                    "norm": "ēmid",
                    "pos": "V",
                    "epos": "V"
                  }
                },
                {
                  "node": "l",
                  "frag": "ma₂-umuš-a]",
                  "id": "Q003281.l031f8",
                  "ref": "Q003281.10.5",
                  "inst": "Maumuša[]ON$",
                  "sig": "@rinap/rinap4%akk:ma₂-umuš-a=Maumuša[1//1]ON'ON$Maumuša",
                  "f": {
                    "lang": "akk",
                    "form": "ma₂-umuš-a",
                    "cf": "Maumuša",
                    "gw": "1",
                    "sense": "1",
                    "norm": "Maumuša",
                    "pos": "ON",
                    "epos": "ON"
                  }
                },
                {
                  "node": "d",
                  "type": "line-start",
                  "ref": "Q003281.11",
                  "n": "10'",
                  "label": "10'"
                },
                {
                  "node": "l",
                  "frag": "ina",
                  "id": "Q003281.l031f9",
                  "ref": "Q003281.11.1",
                  "inst": "ina[in]PRP",
                  "sig": "@rinap/rinap4%akk:ina=ina[in//in]PRP'PRP$ina",
                  "f": {
                    "lang": "akk",
                    "form": "ina",
                    "cf": "ina",
                    "gw": "in",
                    "sense": "in",
                    "norm": "ina",
                    "pos": "PRP",
                    "epos": "PRP"
                  }
                },
                {
                  "node": "l",
                  "frag": "ṣip-pat",
                  "id": "Q003281.l031fa",
                  "ref": "Q003281.11.2",
                  "inst": "ṣippatu[fruit orchard]N$ṣippat",
                  "sig": "@rinap/rinap4%akk:ṣip-pat=ṣippatu[fruit orchard//fruit orchard]N'N$ṣippat",
                  "f": {
                    "lang": "akk",
                    "form": "ṣip-pat",
                    "cf": "ṣippatu",
                    "gw": "fruit orchard",
                    "sense": "fruit orchard",
                    "norm": "ṣippat",
                    "pos": "N",
                    "epos": "N"
                  }
                },
                {
                  "node": "l",
                  "frag": "{giš}KIRI₆",
                  "id": "Q003281.l031fb",
                  "ref": "Q003281.11.3",
                  "inst": "kirû[(fruit) plantation]N$kirê",
                  "sig": "@rinap/rinap4%akk:{GIŠ}KIRI₆=kirû[(fruit) plantation//(fruit) plantation]N'N$kirê",
                  "f": {
                    "lang": "akk",
                    "form": "{GIŠ}KIRI₆",
                    "cf": "kirû",
                    "gw": "(fruit) plantation",
                    "sense": "(fruit) plantation",
                    "norm": "kirê",
                    "pos": "N",
                    "epos": "N"
                  }
                },
                {
                  "node": "l",
                  "frag": "pal-gi",
                  "id": "Q003281.l031fc",
                  "ref": "Q003281.11.4",
                  "inst": "palgu[canal]N$palgī",
                  "sig": "@rinap/rinap4%akk:pal-gi=palgu[canal//canal]N'N$palgī",
                  "f": {
                    "lang": "akk",
                    "form": "pal-gi",
                    "cf": "palgu",
                    "gw": "canal",
                    "sense": "canal",
                    "norm": "palgī",
                    "pos": "N",
                    "epos": "N"
                  }
                },
                {
                  "node": "l",
                  "frag": "⸢MU⸣.[SAR-e]",
                  "id": "Q003281.l031fd",
                  "ref": "Q003281.11.5",
                  "inst": "mūšaru[garden(-plot)//garden]N$mūšarē",
                  "sig": "@rinap/rinap4%akk:MU.SAR-e=mūšaru[garden(-plot)//garden]N'N$mūšarē",
                  "f": {
                    "lang": "akk",
                    "form": "MU.SAR-e",
                    "cf": "mūšaru",
                    "gw": "garden(-plot)",
                    "sense": "garden",
                    "norm": "mūšarē",
                    "pos": "N",
                    "epos": "N"
                  }
                },
                {
                  "node": "d",
                  "type": "line-start",
                  "ref": "Q003281.12",
                  "n": "11'",
                  "label": "11'"
                },
                {
                  "node": "l",
                  "frag": "ša",
                  "id": "Q003281.l031fe",
                  "ref": "Q003281.12.1",
                  "inst": "ša[of]DET",
                  "sig": "@rinap/rinap4%akk:ša=ša[of//of]DET'DET$ša",
                  "f": {
                    "lang": "akk",
                    "form": "ša",
                    "cf": "ša",
                    "gw": "of",
                    "sense": "of",
                    "norm": "ša",
                    "pos": "DET",
                    "epos": "DET"
                  }
                },
                {
                  "node": "l",
                  "frag": "e₂-kar-za-gin₃-na",
                  "id": "Q003281.l031ff",
                  "ref": "Q003281.12.2",
                  "inst": "Ekarzagina[]TN$",
                  "sig": "@rinap/rinap4%akk:e₂-kar-za-gin₃-na=Ekarzagina[1//1]TN'TN$Ekarzagina",
                  "f": {
                    "lang": "akk",
                    "form": "e₂-kar-za-gin₃-na",
                    "cf": "Ekarzagina",
                    "gw": "1",
                    "sense": "1",
                    "norm": "Ekarzagina",
                    "pos": "TN",
                    "epos": "TN"
                  }
                },
                {
                  "node": "l",
                  "frag": "[aš₂-ri",
                  "id": "Q003281.l03200",
                  "ref": "Q003281.12.3",
                  "inst": "ašru[place]N$ašri",
                  "sig": "@rinap/rinap4%akk:aš₂-ri=ašru[place//place]N'N$ašri",
                  "f": {
                    "lang": "akk",
                    "form": "aš₂-ri",
                    "cf": "ašru",
                    "gw": "place",
                    "sense": "place",
                    "norm": "ašri",
                    "pos": "N",
                    "epos": "N"
                  }
                },
                {
                  "node": "l",
                  "frag": "el-li]",
                  "id": "Q003281.l03201",
                  "ref": "Q003281.12.4",
                  "inst": "ellu[pure]AJ$elli",
                  "sig": "@rinap/rinap4%akk:el-li=ellu[pure//pure]AJ'AJ$elli",
                  "f": {
                    "lang": "akk",
                    "form": "el-li",
                    "cf": "ellu",
                    "gw": "pure",
                    "sense": "pure",
                    "norm": "elli",
                    "pos": "AJ",
                    "epos": "AJ"
                  }
                },
                {
                  "node": "d",
                  "type": "line-start",
                  "ref": "Q003281.13",
                  "n": "12'",
                  "label": "12'"
                },
                {
                  "node": "l",
                  "frag": "ina",
                  "id": "Q003281.l03202",
                  "ref": "Q003281.13.1",
                  "inst": "ina[through]PRP",
                  "sig": "@rinap/rinap4%akk:ina=ina[in//through]PRP'PRP$ina",
                  "f": {
                    "lang": "akk",
                    "form": "ina",
                    "cf": "ina",
                    "gw": "in",
                    "sense": "through",
                    "norm": "ina",
                    "pos": "PRP",
                    "epos": "PRP"
                  }
                },
                {
                  "node": "l",
                  "frag": "ši-pir",
                  "id": "Q003281.l03203",
                  "ref": "Q003281.13.2",
                  "inst": "šipir[craft]N",
                  "sig": "@rinap/rinap4%akk:ši-pir=šipru[sending//craft]N'N$šipir",
                  "f": {
                    "lang": "akk",
                    "form": "ši-pir",
                    "cf": "šipru",
                    "gw": "sending",
                    "sense": "craft",
                    "norm": "šipir",
                    "pos": "N",
                    "epos": "N"
                  }
                },
                {
                  "node": "l",
                  "frag": "⸢ABGAL⸣",
                  "id": "Q003281.l03204",
                  "ref": "Q003281.13.3",
                  "inst": "apkallu[sage]N$apkalli",
                  "sig": "@rinap/rinap4%akk:ABGAL=apkallu[wise man//sage]N'N$apkalli",
                  "f": {
                    "lang": "akk",
                    "form": "ABGAL",
                    "cf": "apkallu",
                    "gw": "wise man",
                    "sense": "sage",
                    "norm": "apkalli",
                    "pos": "N",
                    "epos": "N"
                  }
                },
                {
                  "node": "c",
                  "type": "phrase",
                  "tag": "phr",
                  "id": "Q003281.U6",
                  "ref": "Q003281.ls00000",
                  "cdl": [
                    {
                      "node": "l",
                      "frag": "KA.LUH.UD.⸢DA",
                      "id": "Q003281.l03205",
                      "ref": "Q003281.13.4",
                      "cof-tails": "Q003281.l03206",
                      "inst": "mīsu[washing]N$mīs&+pû[mouth]N$pî",
                      "sig": "@rinap/rinap4%akk:KA.LUH.UD.DA=mīsu[washing//washing]N'N$mīs&&@rinap/rinap4%akk:=pû[mouth//mouth]N'N$pî",
                      "f": {
                        "lang": "akk",
                        "form": "KA.LUH.UD.DA",
                        "cf": "mīsu",
                        "gw": "washing",
                        "sense": "washing",
                        "norm": "mīs",
                        "pos": "N",
                        "epos": "N"
                      }
                    },
                    {
                      "node": "l",
                      "frag": "KA.LUH.UD.⸢DA",
                      "id": "Q003281.l03206",
                      "ref": "Q003281.13.4",
                      "cof-head": "Q003281.l03205",
                      "inst": "mīsu[washing]N$mīs&+pû[mouth]N$pî",
                      "f": {
                        "lang": "akk",
                        "form": "KA.LUH.UD.DA",
                        "cf": "pû",
                        "gw": "mouth",
                        "sense": "mouth",
                        "norm": "pî",
                        "pos": "N",
                        "epos": "N"
                      }
                    }
                  ]
                },
                {
                  "node": "c",
                  "type": "phrase",
                  "tag": "phr",
                  "id": "Q003281.U7",
                  "ref": "Q003281.ls00001",
                  "cdl": [
                    {
                      "node": "l",
                      "frag": "KA⸣.[DU₈.UD.DA]",
                      "id": "Q003281.l03207",
                      "ref": "Q003281.13.5",
                      "cof-tails": "Q003281.l03208",
                      "inst": "pītu[break//opening]N'N$pīt&+pû[mouth]N$pî",
                      "sig": "@rinap/rinap4%akk:KA.DU₈.UD.DA=pītu[break//opening]N'N$pīt&&@rinap/rinap4%akk:=pû[mouth//mouth]N'N$pî",
                      "f": {
                        "lang": "akk",
                        "form": "KA.DU₈.UD.DA",
                        "cf": "pītu",
                        "gw": "break",
                        "sense": "opening",
                        "norm": "pīt",
                        "pos": "N",
                        "epos": "N"
                      }
                    },
                    {
                      "node": "l",
                      "frag": "KA⸣.[DU₈.UD.DA]",
                      "id": "Q003281.l03208",
                      "ref": "Q003281.13.5",
                      "cof-head": "Q003281.l03207",
                      "inst": "pītu[break//opening]N'N$pīt&+pû[mouth]N$pî",
                      "f": {
                        "lang": "akk",
                        "form": "KA.DU₈.UD.DA",
                        "cf": "pû",
                        "gw": "mouth",
                        "sense": "mouth",
                        "norm": "pî",
                        "pos": "N",
                        "epos": "N"
                      }
                    }
                  ]
                },
                {
                  "node": "d",
                  "type": "line-start",
                  "ref": "Q003281.14",
                  "n": "13'",
                  "label": "13'"
                },
                {
                  "node": "l",
                  "frag": "⸢ma⸣-har",
                  "id": "Q003281.l03209",
                  "ref": "Q003281.14.1",
                  "inst": "mahar[before]'PRP",
                  "sig": "@rinap/rinap4%akk:ma-har=mahru[front//before]N'PRP$mahar",
                  "f": {
                    "lang": "akk",
                    "form": "ma-har",
                    "cf": "mahru",
                    "gw": "front",
                    "sense": "before",
                    "norm": "mahar",
                    "pos": "N",
                    "epos": "PRP"
                  }
                },
                {
                  "node": "l",
                  "frag": "MUL.⸢MEŠ",
                  "id": "Q003281.l0320a",
                  "ref": "Q003281.14.2",
                  "inst": "kakkabāni[star]N",
                  "sig": "@rinap/rinap4%akk:MUL.MEŠ=kakkabu[star//star]N'N$kakkabāni",
                  "f": {
                    "lang": "akk",
                    "form": "MUL.MEŠ",
                    "cf": "kakkabu",
                    "gw": "star",
                    "sense": "star",
                    "norm": "kakkabāni",
                    "pos": "N",
                    "epos": "N"
                  }
                },
                {
                  "node": "l",
                  "frag": "ša₂⸣-ma-mi",
                  "id": "Q003281.l0320b",
                  "ref": "Q003281.14.3",
                  "inst": "šamāmī[heavens]N",
                  "sig": "@rinap/rinap4%akk:ša₂-ma-mi=šamāmū[heavens//heavens]N'N$šamāmī",
                  "f": {
                    "lang": "akk",
                    "form": "ša₂-ma-mi",
                    "cf": "šamāmū",
                    "gw": "heavens",
                    "sense": "heavens",
                    "norm": "šamāmī",
                    "pos": "N",
                    "epos": "N"
                  }
                },
                {
                  "node": "l",
                  "frag": "{d}⸢e₂⸣-[a",
                  "id": "Q003281.l0320c",
                  "ref": "Q003281.14.4",
                  "inst": "Ea[1]DN",
                  "sig": "@rinap/rinap4%akk:{d}e₂-a=Ea[1//1]DN'DN$Ea",
                  "f": {
                    "lang": "akk",
                    "form": "{d}e₂-a",
                    "cf": "Ea",
                    "gw": "1",
                    "sense": "1",
                    "norm": "Ea",
                    "pos": "DN",
                    "epos": "DN"
                  }
                },
                {
                  "node": "l",
                  "frag": "...]",
                  "id": "Q003281.l0320d",
                  "ref": "Q003281.14.5",
                  "inst": "u +.",
                  "f": {
                    "lang": "akk",
                    "form": "x",
                    "pos": "u"
                  }
                }
              ]
            },
            {
              "node": "c",
              "type": "sentence",
              "tag": "#auto",
              "id": "Q003281.U4",
              "label": "14' - 14'",
              "cdl": [
                {
                  "node": "d",
                  "type": "line-start",
                  "ref": "Q003281.15",
                  "n": "14'",
                  "label": "14'"
                },
                {
                  "node": "l",
                  "frag": "x",
                  "id": "Q003281.l0320e",
                  "ref": "Q003281.15.1",
                  "inst": "u",
                  "f": {
                    "lang": "akk",
                    "form": "x",
                    "pos": "u"
                  }
                },
                {
                  "node": "l",
                  "frag": "x",
                  "id": "Q003281.l0320f",
                  "ref": "Q003281.15.2",
                  "inst": "u",
                  "f": {
                    "lang": "akk",
                    "form": "x",
                    "pos": "u"
                  }
                },
                {
                  "node": "l",
                  "frag": "[...]",
                  "id": "Q003281.l03210",
                  "ref": "Q003281.15.3",
                  "inst": "u",
                  "f": {
                    "lang": "akk",
                    "form": "x",
                    "pos": "u"
                  }
                },
                {
                  "node": "l",
                  "frag": "x",
                  "id": "Q003281.l03211",
                  "ref": "Q003281.15.4",
                  "inst": "u",
                  "f": {
                    "lang": "akk",
                    "form": "x",
                    "pos": "u"
                  }
                },
                {
                  "node": "l",
                  "frag": "[...]",
                  "id": "Q003281.l03212",
                  "ref": "Q003281.15.5",
                  "inst": "u",
                  "f": {
                    "lang": "akk",
                    "form": "x",
                    "pos": "u"
                  }
                },
                {
                  "node": "d",
                  "type": "nonw",
                  "ref": ""
                },
                {
                  "node": "d",
                  "type": "nonx",
                  "ref": "Q003281.16",
                  "strict": "0",
                  "state": "other"
                }
              ]
            }
          ]
        }
      ]
    },
    {
      "linkbase": [
        {
          "type": "linkset",
          "xlink_title": "mīs pî[mouth-washing//mouth-washing]N'N",
          "id": "Q003281.ls00000",
          "xlink_type": "extended",
          "xlink_role": "psu",
          "sig": "{KA.LUH.UD.DA = mīsu[washing]N pû[mouth]N += mīs pî[mouth-washing//mouth-washing]N'N}::@rinap/rinap4%akk:KA.LUH.UD.DA=mīsu[washing//washing]N'N$mīs++@rinap/rinap4%akk:KA.LUH.UD.DA=pû[mouth//mouth]N'N$pî",
          "links": [
            {
              "type": "link",
              "xlink_title": "mīsu",
              "xlink_type": "locator",
              "xlink_href": "#Q003281.l03205",
              "xlink_role": "elt"
            },
            {
              "type": "link",
              "xlink_title": "pû",
              "xlink_type": "locator",
              "xlink_href": "#Q003281.l03206",
              "xlink_role": "elt"
            }
          ]
        },
        {
          "type": "linkset",
          "xlink_title": "pīt pî[(a ritual)//(a ritual)]N'N",
          "id": "Q003281.ls00001",
          "xlink_type": "extended",
          "xlink_role": "psu",
          "sig": "{KA.DU₈.UD.DA = pītu[break//opening]N pû[mouth]N += pīt pî[(a ritual)//(a ritual)]N'N}::@rinap/rinap4%akk:KA.DU₈.UD.DA=pītu[break//opening]N'N$pīt++@rinap/rinap4%akk:KA.DU₈.UD.DA=pû[mouth//mouth]N'N$pî",
          "links": [
            {
              "type": "link",
              "xlink_title": "pītu",
              "xlink_type": "locator",
              "xlink_href": "#Q003281.l03207",
              "xlink_role": "elt"
            },
            {
              "type": "link",
              "xlink_title": "pû",
              "xlink_type": "locator",
              "xlink_href": "#Q003281.l03208",
              "xlink_role": "elt"
            }
          ]
        }
      ]
    }
  ]
}
