{
  "type": "cdl",
  "source": "http://oracc.org/rinap/rinap4",
  "license": "This data is released under the CC0 license",
  "license-url": "https://creativecommons.org/publicdomain/zero/1.0/",
  "more-info": "http://oracc.org/doc/opendata/",
  "UTC-timestamp": "2017-06-10T00:21:22",
  "project": "rinap/rinap4",
  "textid": "Q003373",
  "cdl": [
    {
      "node": "c",
      "type": "text",
      "id": "Q003373.U0",
      "cdl": [
        {
          "node": "d",
          "type": "object",
          "ref": ""
        },
        {
          "node": "d",
          "type": "surface",
          "ref": ""
        },
        {
          "node": "d",
          "subtype": "column 1'",
          "type": "column",
          "ref": "Q003373.i_.1",
          "n": "1",
          "label": "i'"
        },
        {
          "node": "d",
          "type": "nonx",
          "ref": "Q003373.2",
          "strict": "0",
          "state": "other"
        },
        {
          "node": "c",
          "type": "discourse",
          "subtype": "body",
          "id": "Q003373.U1",
          "cdl": [
            {
              "node": "c",
              "type": "sentence",
              "tag": ".",
              "id": "Q003373.U2",
              "label": "i' 1' - i' 10'",
              "cdl": [
                {
                  "node": "d",
                  "type": "line-start",
                  "ref": "Q003373.3",
                  "n": "1'",
                  "label": "i' 1'"
                },
                {
                  "node": "l",
                  "frag": "[...]",
                  "id": "Q003373.l06746",
                  "ref": "Q003373.3.1",
                  "inst": "u",
                  "f": {
                    "lang": "akk",
                    "form": "x",
                    "pos": "u"
                  }
                },
                {
                  "node": "l",
                  "frag": "⸢U₂⸣",
                  "id": "Q003373.l06747",
                  "ref": "Q003373.3.2",
                  "inst": "u",
                  "f": {
                    "lang": "akk",
                    "form": "U₂",
                    "pos": "u"
                  }
                },
                {
                  "node": "l",
                  "frag": "[...]",
                  "id": "Q003373.l06748",
                  "ref": "Q003373.3.3",
                  "inst": "u",
                  "f": {
                    "lang": "akk",
                    "form": "x",
                    "pos": "u"
                  }
                },
                {
                  "node": "d",
                  "type": "line-start",
                  "ref": "Q003373.4",
                  "n": "2'",
                  "label": "i' 2'"
                },
                {
                  "node": "l",
                  "frag": "[...]-⸢ti⸣",
                  "id": "Q003373.l06749",
                  "ref": "Q003373.4.1",
                  "inst": "u",
                  "f": {
                    "lang": "akk",
                    "form": "x-ti",
                    "pos": "u"
                  }
                },
                {
                  "node": "l",
                  "frag": "{d}UTU-⸢ši⸣",
                  "id": "Q003373.l0674a",
                  "ref": "Q003373.4.2",
                  "inst": "šamši[sun]N",
                  "sig": "@rinap/rinap4%akk:{d}UTU-ši=šamšu[sun//sun]N'N$šamši",
                  "f": {
                    "lang": "akk",
                    "form": "{d}UTU-ši",
                    "cf": "šamšu",
                    "gw": "sun",
                    "sense": "sun",
                    "norm": "šamši",
                    "pos": "N",
                    "epos": "N"
                  }
                },
                {
                  "node": "l",
                  "frag": "[...]",
                  "id": "Q003373.l0674b",
                  "ref": "Q003373.4.3",
                  "inst": "u",
                  "f": {
                    "lang": "akk",
                    "form": "x",
                    "pos": "u"
                  }
                },
                {
                  "node": "d",
                  "type": "line-start",
                  "ref": "Q003373.5",
                  "n": "3'",
                  "label": "i' 3'"
                },
                {
                  "node": "l",
                  "frag": "[...",
                  "id": "Q003373.l0674c",
                  "ref": "Q003373.5.1",
                  "inst": "u",
                  "f": {
                    "lang": "akk",
                    "form": "x",
                    "pos": "u"
                  }
                },
                {
                  "node": "l",
                  "frag": "e-zi]-iz",
                  "id": "Q003373.l0674d",
                  "ref": "Q003373.5.2",
                  "inst": "ēziz[be(come) angry]V",
                  "sig": "@rinap/rinap4%akk:e-zi-iz=ezēzu[be(come) angry//be(come) angry]V'V$ēziz",
                  "f": {
                    "lang": "akk",
                    "form": "e-zi-iz",
                    "cf": "ezēzu",
                    "gw": "be(come) angry",
                    "sense": "be(come) angry",
                    "norm": "ēziz",
                    "pos": "V",
                    "epos": "V"
                  }
                },
                {
                  "node": "l",
                  "frag": "lib₃-⸢bi⸣",
                  "id": "Q003373.l0674e",
                  "ref": "Q003373.5.3",
                  "inst": "libbi[heart]N",
                  "sig": "@rinap/rinap4%akk:lib₃-bi=libbu[interior//heart]N'N$libbi",
                  "f": {
                    "lang": "akk",
                    "form": "lib₃-bi",
                    "cf": "libbu",
                    "gw": "interior",
                    "sense": "heart",
                    "norm": "libbi",
                    "pos": "N",
                    "epos": "N"
                  }
                },
                {
                  "node": "l",
                  "frag": "[...]",
                  "id": "Q003373.l0674f",
                  "ref": "Q003373.5.4",
                  "inst": "u",
                  "f": {
                    "lang": "akk",
                    "form": "x",
                    "pos": "u"
                  }
                },
                {
                  "node": "d",
                  "type": "line-start",
                  "ref": "Q003373.6",
                  "n": "4'",
                  "label": "i' 4'"
                },
                {
                  "node": "l",
                  "frag": "[...]",
                  "id": "Q003373.l06750",
                  "ref": "Q003373.6.1",
                  "inst": "u",
                  "f": {
                    "lang": "akk",
                    "form": "x",
                    "pos": "u"
                  }
                },
                {
                  "node": "l",
                  "frag": "u₂-sah-hu-⸢u₂⸣",
                  "id": "Q003373.l06751",
                  "ref": "Q003373.6.2",
                  "inst": "sehû[rise up//wreak]V$usahhû",
                  "sig": "@rinap/rinap4%akk:u₂-sah-hu-u₂=sehû[rise up//wreak]V'V$usahhû",
                  "f": {
                    "lang": "akk",
                    "form": "u₂-sah-hu-u₂",
                    "cf": "sehû",
                    "gw": "rise up",
                    "sense": "wreak",
                    "norm": "usahhû",
                    "pos": "V",
                    "epos": "V"
                  }
                },
                {
                  "node": "l",
                  "frag": "[...]",
                  "id": "Q003373.l06752",
                  "ref": "Q003373.6.3",
                  "inst": "u",
                  "f": {
                    "lang": "akk",
                    "form": "x",
                    "pos": "u"
                  }
                },
                {
                  "node": "d",
                  "type": "line-start",
                  "ref": "Q003373.7",
                  "n": "5'",
                  "label": "i' 5'"
                },
                {
                  "node": "l",
                  "frag": "[...]",
                  "id": "Q003373.l06753",
                  "ref": "Q003373.7.1",
                  "inst": "u",
                  "f": {
                    "lang": "akk",
                    "form": "x",
                    "pos": "u"
                  }
                },
                {
                  "node": "l",
                  "frag": "x",
                  "id": "Q003373.l06754",
                  "ref": "Q003373.7.2",
                  "inst": "u",
                  "f": {
                    "lang": "akk",
                    "form": "x",
                    "pos": "u"
                  }
                },
                {
                  "node": "l",
                  "frag": "UD",
                  "id": "Q003373.l06755",
                  "ref": "Q003373.7.3",
                  "inst": "u",
                  "f": {
                    "lang": "akk",
                    "form": "UD",
                    "pos": "u"
                  }
                },
                {
                  "node": "l",
                  "frag": "ERIM",
                  "id": "Q003373.l06756",
                  "ref": "Q003373.7.4",
                  "inst": "u",
                  "f": {
                    "lang": "akk",
                    "form": "ERIM",
                    "pos": "u"
                  }
                },
                {
                  "node": "l",
                  "frag": "[...]",
                  "id": "Q003373.l06757",
                  "ref": "Q003373.7.5",
                  "inst": "u",
                  "f": {
                    "lang": "akk",
                    "form": "x",
                    "pos": "u"
                  }
                },
                {
                  "node": "d",
                  "type": "line-start",
                  "ref": "Q003373.8",
                  "n": "6'",
                  "label": "i' 6'"
                },
                {
                  "node": "l",
                  "frag": "[...]",
                  "id": "Q003373.l06758",
                  "ref": "Q003373.8.1",
                  "inst": "u",
                  "f": {
                    "lang": "akk",
                    "form": "x",
                    "pos": "u"
                  }
                },
                {
                  "node": "l",
                  "frag": "⸢u₂⸣-šaq-qi₂-⸢ma⸣",
                  "id": "Q003373.l06759",
                  "ref": "Q003373.8.2",
                  "inst": "šaqû[be(come) high//elevate]V$ušaqqima",
                  "sig": "@rinap/rinap4%akk:u₂-šaq-qi₂-ma=šaqû[be(come) high//elevate]V'V$ušaqqima",
                  "f": {
                    "lang": "akk",
                    "form": "u₂-šaq-qi₂-ma",
                    "cf": "šaqû",
                    "gw": "be(come) high",
                    "sense": "elevate",
                    "norm": "ušaqqima",
                    "pos": "V",
                    "epos": "V"
                  }
                },
                {
                  "node": "l",
                  "frag": "[...]",
                  "id": "Q003373.l0675a",
                  "ref": "Q003373.8.3",
                  "inst": "u",
                  "f": {
                    "lang": "akk",
                    "form": "x",
                    "pos": "u"
                  }
                },
                {
                  "node": "d",
                  "type": "line-start",
                  "ref": "Q003373.9",
                  "n": "7'",
                  "label": "i' 7'"
                },
                {
                  "node": "l",
                  "frag": "[...]",
                  "id": "Q003373.l0675b",
                  "ref": "Q003373.9.1",
                  "inst": "u",
                  "f": {
                    "lang": "akk",
                    "form": "x",
                    "pos": "u"
                  }
                },
                {
                  "node": "l",
                  "frag": "⸢im⸣-gur-{d}EN.LIL₂",
                  "id": "Q003373.l0675c",
                  "ref": "Q003373.9.2",
                  "inst": "Imgur-Enlil[1]ON",
                  "sig": "@rinap/rinap4%akk:im-gur-{d}EN.LIL₂=Imgur-Enlil[1//1]ON'ON$Imgur-Enlil",
                  "f": {
                    "lang": "akk",
                    "form": "im-gur-{d}EN.LIL₂",
                    "cf": "Imgur-Enlil",
                    "gw": "1",
                    "sense": "1",
                    "norm": "Imgur-Enlil",
                    "pos": "ON",
                    "epos": "ON"
                  }
                },
                {
                  "node": "l",
                  "frag": "x",
                  "id": "Q003373.l0675d",
                  "ref": "Q003373.9.3",
                  "inst": "u",
                  "f": {
                    "lang": "akk",
                    "form": "x",
                    "pos": "u"
                  }
                },
                {
                  "node": "l",
                  "frag": "[...]",
                  "id": "Q003373.l0675e",
                  "ref": "Q003373.9.4",
                  "inst": "u",
                  "f": {
                    "lang": "akk",
                    "form": "x",
                    "pos": "u"
                  }
                },
                {
                  "node": "d",
                  "type": "line-start",
                  "ref": "Q003373.10",
                  "n": "8'",
                  "label": "i' 8'"
                },
                {
                  "node": "l",
                  "frag": "[...]",
                  "id": "Q003373.l0675f",
                  "ref": "Q003373.10.1",
                  "inst": "u",
                  "f": {
                    "lang": "akk",
                    "form": "x",
                    "pos": "u"
                  }
                },
                {
                  "node": "l",
                  "frag": "⸢il⸣-lu-u-ni",
                  "id": "Q003373.l06760",
                  "ref": "Q003373.10.2",
                  "inst": "elû[go up//raise]V$illûni",
                  "sig": "@rinap/rinap4%akk:il-lu-u-ni=elû[go up//raise]V'V$illûni",
                  "f": {
                    "lang": "akk",
                    "form": "il-lu-u-ni",
                    "cf": "elû",
                    "gw": "go up",
                    "sense": "raise",
                    "norm": "illûni",
                    "pos": "V",
                    "epos": "V"
                  }
                },
                {
                  "node": "l",
                  "frag": "bi-[...]",
                  "id": "Q003373.l06761",
                  "ref": "Q003373.10.3",
                  "inst": "u",
                  "f": {
                    "lang": "akk",
                    "form": "bi-x",
                    "pos": "u"
                  }
                },
                {
                  "node": "d",
                  "type": "line-start",
                  "ref": "Q003373.11",
                  "n": "9'",
                  "label": "i' 9'"
                },
                {
                  "node": "l",
                  "frag": "[...]",
                  "id": "Q003373.l06762",
                  "ref": "Q003373.11.1",
                  "inst": "u",
                  "f": {
                    "lang": "akk",
                    "form": "x",
                    "pos": "u"
                  }
                },
                {
                  "node": "l",
                  "frag": "x",
                  "id": "Q003373.l06763",
                  "ref": "Q003373.11.2",
                  "inst": "u",
                  "f": {
                    "lang": "akk",
                    "form": "x",
                    "pos": "u"
                  }
                },
                {
                  "node": "l",
                  "frag": "BAD₃",
                  "id": "Q003373.l06764",
                  "ref": "Q003373.11.3",
                  "inst": "dūr[(city) wall]N",
                  "sig": "@rinap/rinap4%akk:BAD₃=dūru[(city) wall//(city) wall]N'N$dūr",
                  "f": {
                    "lang": "akk",
                    "form": "BAD₃",
                    "cf": "dūru",
                    "gw": "(city) wall",
                    "sense": "(city) wall",
                    "norm": "dūr",
                    "pos": "N",
                    "epos": "N"
                  }
                },
                {
                  "node": "l",
                  "frag": "⸢LUGAL⸣",
                  "id": "Q003373.l06765",
                  "ref": "Q003373.11.4",
                  "inst": "šarri[king]N",
                  "sig": "@rinap/rinap4%akk:LUGAL=šarru[king//king]N'N$šarri",
                  "f": {
                    "lang": "akk",
                    "form": "LUGAL",
                    "cf": "šarru",
                    "gw": "king",
                    "sense": "king",
                    "norm": "šarri",
                    "pos": "N",
                    "epos": "N"
                  }
                },
                {
                  "node": "l",
                  "frag": "[...]",
                  "id": "Q003373.l06766",
                  "ref": "Q003373.11.5",
                  "inst": "u",
                  "f": {
                    "lang": "akk",
                    "form": "x",
                    "pos": "u"
                  }
                },
                {
                  "node": "d",
                  "type": "line-start",
                  "ref": "Q003373.12",
                  "n": "10'",
                  "label": "i' 10'"
                },
                {
                  "node": "l",
                  "frag": "[...",
                  "id": "Q003373.l06767",
                  "ref": "Q003373.12.1",
                  "inst": "u",
                  "f": {
                    "lang": "akk",
                    "form": "x",
                    "pos": "u"
                  }
                },
                {
                  "node": "l",
                  "frag": "u₂-hu]-um-⸢meš⸣",
                  "id": "Q003373.l06768",
                  "ref": "Q003373.12.2",
                  "inst": "uhummiš[like a cliff]AV$uhummeš",
                  "sig": "@rinap/rinap4%akk:u₂-hu-um-meš=uhummiš[like a cliff//like a cliff]AV'AV$uhummeš",
                  "f": {
                    "lang": "akk",
                    "form": "u₂-hu-um-meš",
                    "cf": "uhummiš",
                    "gw": "like a cliff",
                    "sense": "like a cliff",
                    "norm": "uhummeš",
                    "pos": "AV",
                    "epos": "AV"
                  }
                },
                {
                  "node": "l",
                  "frag": "[šur-šu-du]",
                  "id": "Q003373.l06769",
                  "ref": "Q003373.12.3",
                  "inst": "šuršudu[fastening securely]'N +.",
                  "sig": "@rinap/rinap4%akk:šur-šu-du=rašādu[found//fastening securely]V'N$šuršudu",
                  "f": {
                    "lang": "akk",
                    "form": "šur-šu-du",
                    "cf": "rašādu",
                    "gw": "found",
                    "sense": "fastening securely",
                    "norm": "šuršudu",
                    "pos": "V",
                    "epos": "N"
                  }
                }
              ]
            },
            {
              "node": "c",
              "type": "sentence",
              "tag": ".",
              "id": "Q003373.U4",
              "label": "ii' 1' - ii' 11'",
              "cdl": [
                {
                  "node": "d",
                  "subtype": "column 2'",
                  "type": "column",
                  "ref": "Q003373.ii_.13",
                  "n": "2",
                  "label": "ii'"
                },
                {
                  "node": "d",
                  "type": "nonx",
                  "ref": "Q003373.14",
                  "strict": "0",
                  "state": "other"
                },
                {
                  "node": "d",
                  "type": "line-start",
                  "ref": "Q003373.15",
                  "n": "1'",
                  "label": "ii' 1'"
                },
                {
                  "node": "l",
                  "frag": "[...]",
                  "id": "Q003373.l0676a",
                  "ref": "Q003373.15.1",
                  "inst": "u",
                  "f": {
                    "lang": "akk",
                    "form": "x",
                    "pos": "u"
                  }
                },
                {
                  "node": "l",
                  "frag": "ma-mit",
                  "id": "Q003373.l0676b",
                  "ref": "Q003373.15.2",
                  "inst": "māmīt[oath]N",
                  "sig": "@rinap/rinap4%akk:ma-mit=māmītu[oath//oath]N'N$māmīt",
                  "f": {
                    "lang": "akk",
                    "form": "ma-mit",
                    "cf": "māmītu",
                    "gw": "oath",
                    "sense": "oath",
                    "norm": "māmīt",
                    "pos": "N",
                    "epos": "N"
                  }
                },
                {
                  "node": "l",
                  "frag": "[...]",
                  "id": "Q003373.l0676c",
                  "ref": "Q003373.15.3",
                  "inst": "u",
                  "f": {
                    "lang": "akk",
                    "form": "x",
                    "pos": "u"
                  }
                },
                {
                  "node": "d",
                  "type": "line-start",
                  "ref": "Q003373.16",
                  "n": "2'",
                  "label": "ii' 2'"
                },
                {
                  "node": "l",
                  "frag": "[...]",
                  "id": "Q003373.l0676d",
                  "ref": "Q003373.16.1",
                  "inst": "u",
                  "f": {
                    "lang": "akk",
                    "form": "x",
                    "pos": "u"
                  }
                },
                {
                  "node": "l",
                  "frag": "ŠU₂",
                  "id": "Q003373.l0676e",
                  "ref": "Q003373.16.2",
                  "inst": "u",
                  "f": {
                    "lang": "akk",
                    "form": "ŠU₂",
                    "pos": "u"
                  }
                },
                {
                  "node": "l",
                  "frag": "BI",
                  "id": "Q003373.l0676f",
                  "ref": "Q003373.16.3",
                  "inst": "u",
                  "f": {
                    "lang": "akk",
                    "form": "BI",
                    "pos": "u"
                  }
                },
                {
                  "node": "l",
                  "frag": "a-⸢na⸣",
                  "id": "Q003373.l06770",
                  "ref": "Q003373.16.4",
                  "inst": "ana[to]PRP",
                  "sig": "@rinap/rinap4%akk:a-na=ana[to//to]PRP'PRP$ana",
                  "f": {
                    "lang": "akk",
                    "form": "a-na",
                    "cf": "ana",
                    "gw": "to",
                    "sense": "to",
                    "norm": "ana",
                    "pos": "PRP",
                    "epos": "PRP"
                  }
                },
                {
                  "node": "l",
                  "frag": "[...]",
                  "id": "Q003373.l06771",
                  "ref": "Q003373.16.5",
                  "inst": "u",
                  "f": {
                    "lang": "akk",
                    "form": "x",
                    "pos": "u"
                  }
                },
                {
                  "node": "d",
                  "type": "line-start",
                  "ref": "Q003373.17",
                  "n": "3'",
                  "label": "ii' 3'"
                },
                {
                  "node": "l",
                  "frag": "⸢u₂⸣-šib-ma",
                  "id": "Q003373.l06772",
                  "ref": "Q003373.17.1",
                  "inst": "ūšibma[sit]V",
                  "sig": "@rinap/rinap4%akk:u₂-šib-ma=wašābu[sit (down)//sit]V'V$ūšibma",
                  "f": {
                    "lang": "akk",
                    "form": "u₂-šib-ma",
                    "cf": "wašābu",
                    "gw": "sit (down)",
                    "sense": "sit",
                    "norm": "ūšibma",
                    "pos": "V",
                    "epos": "V"
                  }
                },
                {
                  "node": "l",
                  "frag": "UN.MEŠ",
                  "id": "Q003373.l06773",
                  "ref": "Q003373.17.2",
                  "inst": "nišī[people]N",
                  "sig": "@rinap/rinap4%akk:UN.MEŠ=nišu[people//people]N'N$nišī",
                  "f": {
                    "lang": "akk",
                    "form": "UN.MEŠ",
                    "cf": "nišu",
                    "gw": "people",
                    "sense": "people",
                    "norm": "nišī",
                    "pos": "N",
                    "epos": "N"
                  }
                },
                {
                  "node": "l",
                  "frag": "[...]",
                  "id": "Q003373.l06774",
                  "ref": "Q003373.17.3",
                  "inst": "u",
                  "f": {
                    "lang": "akk",
                    "form": "x",
                    "pos": "u"
                  }
                },
                {
                  "node": "d",
                  "type": "line-start",
                  "ref": "Q003373.18",
                  "n": "4'",
                  "label": "ii' 4'"
                },
                {
                  "node": "l",
                  "frag": "[(x)]",
                  "id": "Q003373.l06775",
                  "ref": "Q003373.18.1",
                  "inst": "u",
                  "f": {
                    "lang": "akk",
                    "form": "x",
                    "pos": "u"
                  }
                },
                {
                  "node": "l",
                  "frag": "x-si-na",
                  "id": "Q003373.l06776",
                  "ref": "Q003373.18.2",
                  "inst": "u",
                  "f": {
                    "lang": "akk",
                    "form": "x-si-na",
                    "pos": "u"
                  }
                },
                {
                  "node": "l",
                  "frag": "ib-ni-ma",
                  "id": "Q003373.l06777",
                  "ref": "Q003373.18.3",
                  "inst": "banû[create//build]V$ibnima",
                  "sig": "@rinap/rinap4%akk:ib-ni-ma=banû[create//build]V'V$ibnima",
                  "f": {
                    "lang": "akk",
                    "form": "ib-ni-ma",
                    "cf": "banû",
                    "gw": "create",
                    "sense": "build",
                    "norm": "ibnima",
                    "pos": "V",
                    "epos": "V"
                  }
                },
                {
                  "node": "l",
                  "frag": "⸢UGU⸣",
                  "id": "Q003373.l06778",
                  "ref": "Q003373.18.4",
                  "inst": "eli[over]PRP",
                  "sig": "@rinap/rinap4%akk:UGU=eli[on//over]PRP'PRP$eli",
                  "f": {
                    "lang": "akk",
                    "form": "UGU",
                    "cf": "eli",
                    "gw": "on",
                    "sense": "over",
                    "norm": "eli",
                    "pos": "PRP",
                    "epos": "PRP"
                  }
                },
                {
                  "node": "l",
                  "frag": "[...]",
                  "id": "Q003373.l06779",
                  "ref": "Q003373.18.5",
                  "inst": "u",
                  "f": {
                    "lang": "akk",
                    "form": "x",
                    "pos": "u"
                  }
                },
                {
                  "node": "d",
                  "type": "line-start",
                  "ref": "Q003373.19",
                  "n": "5'",
                  "label": "ii' 5'"
                },
                {
                  "node": "l",
                  "frag": "[e₂]-⸢dur₂⸣-gi-na",
                  "id": "Q003373.l0677a",
                  "ref": "Q003373.19.1",
                  "inst": "Edurgina[]TN$",
                  "sig": "@rinap/rinap4%akk:e₂-dur₂-gi-na=Edurgina[1//1]TN'TN$Edurgina",
                  "f": {
                    "lang": "akk",
                    "form": "e₂-dur₂-gi-na",
                    "cf": "Edurgina",
                    "gw": "1",
                    "sense": "1",
                    "norm": "Edurgina",
                    "pos": "TN",
                    "epos": "TN"
                  }
                },
                {
                  "node": "l",
                  "frag": "šu-bat",
                  "id": "Q003373.l0677b",
                  "ref": "Q003373.19.2",
                  "inst": "šubat[seat]N",
                  "sig": "@rinap/rinap4%akk:šu-bat=šubtu[seat//seat]N'N$šubat",
                  "f": {
                    "lang": "akk",
                    "form": "šu-bat",
                    "cf": "šubtu",
                    "gw": "seat",
                    "sense": "seat",
                    "norm": "šubat",
                    "pos": "N",
                    "epos": "N"
                  }
                },
                {
                  "node": "l",
                  "frag": "{d}⸢LUGAL⸣-[GIŠ.ASAL]",
                  "id": "Q003373.l0677c",
                  "ref": "Q003373.19.3",
                  "inst": "Bel-ṣarbi[1]DN",
                  "sig": "@rinap/rinap4%akk:{d}LUGAL-GIŠ.ASAL=Bel-ṣarbi[1//1]DN'DN$Bel-ṣarbi",
                  "f": {
                    "lang": "akk",
                    "form": "{d}LUGAL-GIŠ.ASAL",
                    "cf": "Bel-ṣarbi",
                    "gw": "1",
                    "sense": "1",
                    "norm": "Bel-ṣarbi",
                    "pos": "DN",
                    "epos": "DN"
                  }
                },
                {
                  "node": "d",
                  "type": "line-start",
                  "ref": "Q003373.20",
                  "n": "6'",
                  "label": "ii' 6'"
                },
                {
                  "node": "l",
                  "frag": "[ša₂]",
                  "id": "Q003373.l0677d",
                  "ref": "Q003373.20.1",
                  "inst": "ša[that]REL",
                  "sig": "@rinap/rinap4%akk:ša₂=ša[that//that]REL'REL$ša",
                  "f": {
                    "lang": "akk",
                    "form": "ša₂",
                    "cf": "ša",
                    "gw": "that",
                    "sense": "that",
                    "norm": "ša",
                    "pos": "REL",
                    "epos": "REL"
                  }
                },
                {
                  "node": "l",
                  "frag": "⸢qe₂⸣-reb",
                  "id": "Q003373.l0677e",
                  "ref": "Q003373.20.2",
                  "inst": "qereb[interior]N",
                  "sig": "@rinap/rinap4%akk:qe₂-reb=qerbu[centre//interior]N'N$qereb",
                  "f": {
                    "lang": "akk",
                    "form": "qe₂-reb",
                    "cf": "qerbu",
                    "gw": "centre",
                    "sense": "interior",
                    "norm": "qereb",
                    "pos": "N",
                    "epos": "N"
                  }
                },
                {
                  "node": "l",
                  "frag": "|LAM×KUR|⸢RU⸣{ki}",
                  "id": "Q003373.l0677f",
                  "ref": "Q003373.20.3",
                  "inst": "Baṣ[]SN$",
                  "sig": "@rinap/rinap4%akk:|LAM×KUR|.RU{KI}=Baṣ[1//1]SN'SN$Baṣ",
                  "f": {
                    "lang": "akk",
                    "form": "|LAM×KUR|.RU{KI}",
                    "cf": "Baṣ",
                    "gw": "1",
                    "sense": "1",
                    "norm": "Baṣ",
                    "pos": "SN",
                    "epos": "SN"
                  }
                },
                {
                  "node": "d",
                  "type": "line-start",
                  "ref": "Q003373.21",
                  "n": "7'",
                  "label": "ii' 7'"
                },
                {
                  "node": "l",
                  "frag": "[x",
                  "id": "Q003373.l06780",
                  "ref": "Q003373.21.1",
                  "inst": "u",
                  "f": {
                    "lang": "akk",
                    "form": "x",
                    "pos": "u"
                  }
                },
                {
                  "node": "l",
                  "frag": "(x)]-šu₂",
                  "id": "Q003373.l06781",
                  "ref": "Q003373.21.2",
                  "inst": "u",
                  "f": {
                    "lang": "akk",
                    "form": "x-šu₂",
                    "pos": "u"
                  }
                },
                {
                  "node": "l",
                  "frag": "iṣ-bat-ma",
                  "id": "Q003373.l06782",
                  "ref": "Q003373.21.3",
                  "inst": "ṣabātu[seize//take]V$iṣbatma",
                  "sig": "@rinap/rinap4%akk:iṣ-bat-ma=ṣabātu[seize//take]V'V$iṣbatma",
                  "f": {
                    "lang": "akk",
                    "form": "iṣ-bat-ma",
                    "cf": "ṣabātu",
                    "gw": "seize",
                    "sense": "take",
                    "norm": "iṣbatma",
                    "pos": "V",
                    "epos": "V"
                  }
                },
                {
                  "node": "l",
                  "frag": "ana",
                  "id": "Q003373.l06783",
                  "ref": "Q003373.21.4",
                  "inst": "ana[for]PRP",
                  "sig": "@rinap/rinap4%akk:ana=ana[to//for]PRP'PRP$ana",
                  "f": {
                    "lang": "akk",
                    "form": "ana",
                    "cf": "ana",
                    "gw": "to",
                    "sense": "for",
                    "norm": "ana",
                    "pos": "PRP",
                    "epos": "PRP"
                  }
                },
                {
                  "node": "l",
                  "frag": "eš-šu-ti",
                  "id": "Q003373.l06784",
                  "ref": "Q003373.21.5",
                  "inst": "eššūtu[newness]N$eššūti",
                  "sig": "@rinap/rinap4%akk:eš-šu-ti=eššūtu[newness//newness]N'N$eššūti",
                  "f": {
                    "lang": "akk",
                    "form": "eš-šu-ti",
                    "cf": "eššūtu",
                    "gw": "newness",
                    "sense": "newness",
                    "norm": "eššūti",
                    "pos": "N",
                    "epos": "N"
                  }
                },
                {
                  "node": "l",
                  "frag": "⸢DU₃⸣-[uš]",
                  "id": "Q003373.l06785",
                  "ref": "Q003373.21.6",
                  "inst": "ēpuš[build]V",
                  "sig": "@rinap/rinap4%akk:DU₃-uš=epēšu[do//build]V'V$ēpuš",
                  "f": {
                    "lang": "akk",
                    "form": "DU₃-uš",
                    "cf": "epēšu",
                    "gw": "do",
                    "sense": "build",
                    "norm": "ēpuš",
                    "pos": "V",
                    "epos": "V"
                  }
                },
                {
                  "node": "d",
                  "type": "line-start",
                  "ref": "Q003373.22",
                  "n": "8'",
                  "label": "ii' 8'"
                },
                {
                  "node": "l",
                  "frag": "{[d}LUGAL]-GIŠ.ASAL",
                  "id": "Q003373.l06786",
                  "ref": "Q003373.22.1",
                  "inst": "Bel-ṣarbi[1]DN",
                  "sig": "@rinap/rinap4%akk:{d}LUGAL-GIŠ.ASAL=Bel-ṣarbi[1//1]DN'DN$Bel-ṣarbi",
                  "f": {
                    "lang": "akk",
                    "form": "{d}LUGAL-GIŠ.ASAL",
                    "cf": "Bel-ṣarbi",
                    "gw": "1",
                    "sense": "1",
                    "norm": "Bel-ṣarbi",
                    "pos": "DN",
                    "epos": "DN"
                  }
                },
                {
                  "node": "l",
                  "frag": "{d}AG",
                  "id": "Q003373.l06787",
                  "ref": "Q003373.22.2",
                  "inst": "Nabu[1]DN",
                  "sig": "@rinap/rinap4%akk:{d}AG=Nabu[1//1]DN'DN$Nabu",
                  "f": {
                    "lang": "akk",
                    "form": "{d}AG",
                    "cf": "Nabu",
                    "gw": "1",
                    "sense": "1",
                    "norm": "Nabu",
                    "pos": "DN",
                    "epos": "DN"
                  }
                },
                {
                  "node": "l",
                  "frag": "u",
                  "id": "Q003373.l06788",
                  "ref": "Q003373.22.3",
                  "inst": "u[and]CNJ",
                  "sig": "@rinap/rinap4%akk:u=u[and//and]CNJ'CNJ$u",
                  "f": {
                    "lang": "akk",
                    "form": "u",
                    "cf": "u",
                    "gw": "and",
                    "sense": "and",
                    "norm": "u",
                    "pos": "CNJ",
                    "epos": "CNJ"
                  }
                },
                {
                  "node": "l",
                  "frag": "{⸢d⸣}[AMAR.UTU]",
                  "id": "Q003373.l06789",
                  "ref": "Q003373.22.4",
                  "inst": "Marduk[1]DN",
                  "sig": "@rinap/rinap4%akk:{d}AMAR.UTU=Marduk[1//1]DN'DN$Marduk",
                  "f": {
                    "lang": "akk",
                    "form": "{d}AMAR.UTU",
                    "cf": "Marduk",
                    "gw": "1",
                    "sense": "1",
                    "norm": "Marduk",
                    "pos": "DN",
                    "epos": "DN"
                  }
                },
                {
                  "node": "d",
                  "type": "line-start",
                  "ref": "Q003373.23",
                  "n": "9'",
                  "label": "ii' 9'"
                },
                {
                  "node": "l",
                  "frag": "{[d]}⸢nin⸣-sag-gir₃-gi",
                  "id": "Q003373.l0678a",
                  "ref": "Q003373.23.1",
                  "inst": "Ninsaggirgi[]DN$",
                  "sig": "@rinap/rinap4%akk:{d}nin-sag-gir₃-gi=Ninsaggirgi[1//1]DN'DN$Ninsaggirgi",
                  "f": {
                    "lang": "akk",
                    "form": "{d}nin-sag-gir₃-gi",
                    "cf": "Ninsaggirgi",
                    "gw": "1",
                    "sense": "1",
                    "norm": "Ninsaggirgi",
                    "pos": "DN",
                    "epos": "DN"
                  }
                },
                {
                  "node": "l",
                  "frag": "u",
                  "id": "Q003373.l0678b",
                  "ref": "Q003373.23.2",
                  "inst": "u[and]CNJ",
                  "sig": "@rinap/rinap4%akk:u=u[and//and]CNJ'CNJ$u",
                  "f": {
                    "lang": "akk",
                    "form": "u",
                    "cf": "u",
                    "gw": "and",
                    "sense": "and",
                    "norm": "u",
                    "pos": "CNJ",
                    "epos": "CNJ"
                  }
                },
                {
                  "node": "l",
                  "frag": "{d}dumu-[zi]",
                  "id": "Q003373.l0678c",
                  "ref": "Q003373.23.3",
                  "inst": "Dumuzi[1]DN",
                  "sig": "@rinap/rinap4%akk:{d}dumu-zi=Dumuzi[1//1]DN'DN$Dumuzi",
                  "f": {
                    "lang": "akk",
                    "form": "{d}dumu-zi",
                    "cf": "Dumuzi",
                    "gw": "1",
                    "sense": "1",
                    "norm": "Dumuzi",
                    "pos": "DN",
                    "epos": "DN"
                  }
                },
                {
                  "node": "d",
                  "type": "line-start",
                  "ref": "Q003373.24",
                  "n": "10'",
                  "label": "ii' 10'"
                },
                {
                  "node": "l",
                  "frag": "[DINGIR].MEŠ",
                  "id": "Q003373.l0678d",
                  "ref": "Q003373.24.1",
                  "inst": "ilāni[god]N",
                  "sig": "@rinap/rinap4%akk:DINGIR.MEŠ=ilu[god//god]N'N$ilāni",
                  "f": {
                    "lang": "akk",
                    "form": "DINGIR.MEŠ",
                    "cf": "ilu",
                    "gw": "god",
                    "sense": "god",
                    "norm": "ilāni",
                    "pos": "N",
                    "epos": "N"
                  }
                },
                {
                  "node": "l",
                  "frag": "a-šib",
                  "id": "Q003373.l0678e",
                  "ref": "Q003373.24.2",
                  "inst": "āšib[residing]AJ",
                  "sig": "@rinap/rinap4%akk:a-šib=wāšibu[sitting//residing]AJ'AJ$āšib",
                  "f": {
                    "lang": "akk",
                    "form": "a-šib",
                    "cf": "wāšibu",
                    "gw": "sitting",
                    "sense": "residing",
                    "norm": "āšib",
                    "pos": "AJ",
                    "epos": "AJ"
                  }
                },
                {
                  "node": "l",
                  "frag": "lib₃-⸢bi⸣-[šu₂]",
                  "id": "Q003373.l0678f",
                  "ref": "Q003373.24.3",
                  "inst": "libbišu[interior]N",
                  "sig": "@rinap/rinap4%akk:lib₃-bi-šu₂=libbu[interior//interior]N'N$libbišu",
                  "f": {
                    "lang": "akk",
                    "form": "lib₃-bi-šu₂",
                    "cf": "libbu",
                    "gw": "interior",
                    "sense": "interior",
                    "norm": "libbišu",
                    "pos": "N",
                    "epos": "N"
                  }
                },
                {
                  "node": "d",
                  "type": "line-start",
                  "ref": "Q003373.25",
                  "n": "11'",
                  "label": "ii' 11'"
                },
                {
                  "node": "l",
                  "frag": "[x",
                  "id": "Q003373.l06790",
                  "ref": "Q003373.25.1",
                  "inst": "u",
                  "f": {
                    "lang": "akk",
                    "form": "x",
                    "pos": "u"
                  }
                },
                {
                  "node": "l",
                  "frag": "(x)]-šu₂-nu",
                  "id": "Q003373.l06791",
                  "ref": "Q003373.25.2",
                  "inst": "u",
                  "f": {
                    "lang": "akk",
                    "form": "x-šu₂-nu",
                    "pos": "u"
                  }
                },
                {
                  "node": "l",
                  "frag": "u₂-šaq-⸢qu⸣",
                  "id": "Q003373.l06792",
                  "ref": "Q003373.25.3",
                  "inst": "šaqû[be(come) high//elevate]V$ušaqqû",
                  "sig": "@rinap/rinap4%akk:u₂-šaq-qu=šaqû[be(come) high//elevate]V'V$ušaqqû",
                  "f": {
                    "lang": "akk",
                    "form": "u₂-šaq-qu",
                    "cf": "šaqû",
                    "gw": "be(come) high",
                    "sense": "elevate",
                    "norm": "ušaqqû",
                    "pos": "V",
                    "epos": "V"
                  }
                },
                {
                  "node": "l",
                  "frag": "[...]",
                  "id": "Q003373.l06793",
                  "ref": "Q003373.25.4",
                  "inst": "u +.",
                  "f": {
                    "lang": "akk",
                    "form": "x",
                    "pos": "u"
                  }
                }
              ]
            },
            {
              "node": "c",
              "type": "sentence",
              "tag": ".",
              "id": "Q003373.U6",
              "label": "ii' 12' - ii' 12'",
              "cdl": [
                {
                  "node": "d",
                  "type": "line-start",
                  "ref": "Q003373.26",
                  "n": "12'",
                  "label": "ii' 12'"
                },
                {
                  "node": "l",
                  "frag": "{[d}e₂-a",
                  "id": "Q003373.l06794",
                  "ref": "Q003373.26.1",
                  "inst": "Ea[1]DN",
                  "sig": "@rinap/rinap4%akk:{d}e₂-a=Ea[1//1]DN'DN$Ea",
                  "f": {
                    "lang": "akk",
                    "form": "{d}e₂-a",
                    "cf": "Ea",
                    "gw": "1",
                    "sense": "1",
                    "norm": "Ea",
                    "pos": "DN",
                    "epos": "DN"
                  }
                },
                {
                  "node": "l",
                  "frag": "u]",
                  "id": "Q003373.l06795",
                  "ref": "Q003373.26.2",
                  "inst": "u[and]CNJ",
                  "sig": "@rinap/rinap4%akk:u=u[and//and]CNJ'CNJ$u",
                  "f": {
                    "lang": "akk",
                    "form": "u",
                    "cf": "u",
                    "gw": "and",
                    "sense": "and",
                    "norm": "u",
                    "pos": "CNJ",
                    "epos": "CNJ"
                  }
                },
                {
                  "node": "l",
                  "frag": "{⸢d}asal⸣-lu₂-hi",
                  "id": "Q003373.l06796",
                  "ref": "Q003373.26.3",
                  "inst": "Asalluhi[1]DN",
                  "sig": "@rinap/rinap4%akk:{d}asal-lu₂-hi=Asalluhi[1//1]DN'DN$Asalluhi",
                  "f": {
                    "lang": "akk",
                    "form": "{d}asal-lu₂-hi",
                    "cf": "Asalluhi",
                    "gw": "1",
                    "sense": "1",
                    "norm": "Asalluhi",
                    "pos": "DN",
                    "epos": "DN"
                  }
                },
                {
                  "node": "l",
                  "frag": "ina",
                  "id": "Q003373.l06797",
                  "ref": "Q003373.26.4",
                  "inst": "ina[through]PRP",
                  "sig": "@rinap/rinap4%akk:ina=ina[in//through]PRP'PRP$ina",
                  "f": {
                    "lang": "akk",
                    "form": "ina",
                    "cf": "ina",
                    "gw": "in",
                    "sense": "through",
                    "norm": "ina",
                    "pos": "PRP",
                    "epos": "PRP"
                  }
                },
                {
                  "node": "l",
                  "frag": "ne₂-me-qi₂-šu₂-⸢nu⸣",
                  "id": "Q003373.l06798",
                  "ref": "Q003373.26.5",
                  "inst": "nēmequ[wisdom]N$nēmeqīšunu",
                  "sig": "@rinap/rinap4%akk:ne₂-me-qi₂-šu₂-nu=nēmequ[wisdom//wisdom]N'N$nēmeqīšunu",
                  "f": {
                    "lang": "akk",
                    "form": "ne₂-me-qi₂-šu₂-nu",
                    "cf": "nēmequ",
                    "gw": "wisdom",
                    "sense": "wisdom",
                    "norm": "nēmeqīšunu",
                    "pos": "N",
                    "epos": "N"
                  }
                },
                {
                  "node": "l",
                  "frag": "[ṣi-ru-ti]",
                  "id": "Q003373.l06799",
                  "ref": "Q003373.26.6",
                  "inst": "ṣīrūti[magnificent]AJ +.",
                  "sig": "@rinap/rinap4%akk:ṣi-ru-ti=ṣīru[exalted//magnificent]AJ'AJ$ṣīrūti",
                  "f": {
                    "lang": "akk",
                    "form": "ṣi-ru-ti",
                    "cf": "ṣīru",
                    "gw": "exalted",
                    "sense": "magnificent",
                    "norm": "ṣīrūti",
                    "pos": "AJ",
                    "epos": "AJ"
                  }
                }
              ]
            },
            {
              "node": "d",
              "type": "nonx",
              "ref": "Q003373.27",
              "strict": "0",
              "state": "other"
            }
          ]
        }
      ]
    }
  ]
}
