{
  "type": "cdl",
  "source": "http://oracc.org/rinap/rinap4",
  "license": "This data is released under the CC0 license",
  "license-url": "https://creativecommons.org/publicdomain/zero/1.0/",
  "more-info": "http://oracc.org/doc/opendata/",
  "UTC-timestamp": "2017-06-10T00:21:22",
  "project": "rinap/rinap4",
  "textid": "Q003411",
  "cdl": [
    {
      "node": "c",
      "type": "text",
      "id": "Q003411.U0",
      "cdl": [
        {
          "node": "d",
          "type": "object",
          "ref": ""
        },
        {
          "node": "d",
          "type": "surface",
          "ref": ""
        },
        {
          "node": "c",
          "type": "discourse",
          "subtype": "body",
          "id": "Q003411.U1",
          "cdl": [
            {
              "node": "c",
              "type": "sentence",
              "id": "Q003411.U2",
              "label": "1 - 1",
              "cdl": [
                {
                  "node": "d",
                  "type": "line-start",
                  "ref": "Q003411.1",
                  "n": "1",
                  "label": "1"
                },
                {
                  "node": "l",
                  "frag": "{f}na-qi-ʾa-a",
                  "id": "Q003411.l0704c",
                  "ref": "Q003411.1.1",
                  "inst": "Naqiʾa[wife and queen of Sennacherib, mother of Esarhaddon]RN$",
                  "sig": "@rinap/rinap4%akk:{f}na-qi-ʾa-a=Naqiʾa[wife and queen of Sennacherib, mother of Esarhaddon//wife and queen of Sennacherib, mother of Esarhaddon]RN'RN$Naqiʾa",
                  "f": {
                    "lang": "akk",
                    "form": "{f}na-qi-ʾa-a",
                    "cf": "Naqiʾa",
                    "gw": "wife and queen of Sennacherib, mother of Esarhaddon",
                    "sense": "wife and queen of Sennacherib, mother of Esarhaddon",
                    "norm": "Naqiʾa",
                    "pos": "RN",
                    "epos": "RN"
                  }
                },
                {
                  "node": "c",
                  "type": "phrase",
                  "tag": "phr",
                  "id": "Q003411.U4",
                  "ref": "Q003411.ls00000",
                  "cdl": [
                    {
                      "node": "l",
                      "frag": "MUNUS.E₂.GAL",
                      "id": "Q003411.l0704d",
                      "ref": "Q003411.1.2",
                      "cof-tails": "Q003411.l0704e",
                      "inst": "ša[of]DET$&ēkallu[palace//palace]N$ēkalli",
                      "sig": "@rinap/rinap4%akk:MUNUS.E₂.GAL=ša[of//of]DET'DET$ša&&@rinap/rinap4%akk:=ēkallu[palace//palace]N'N$ēkalli",
                      "f": {
                        "lang": "akk",
                        "form": "MUNUS.E₂.GAL",
                        "cf": "ša",
                        "gw": "of",
                        "sense": "of",
                        "norm": "ša",
                        "pos": "DET",
                        "epos": "DET"
                      }
                    },
                    {
                      "node": "l",
                      "frag": "MUNUS.E₂.GAL",
                      "id": "Q003411.l0704e",
                      "ref": "Q003411.1.2",
                      "cof-head": "Q003411.l0704d",
                      "inst": "ša[of]DET$&ēkallu[palace//palace]N$ēkalli",
                      "tail-sig": "@rinap/rinap4%akk:=ēkallu[palace//palace]N'N$ēkalli",
                      "f": {
                        "lang": "akk",
                        "form": "MUNUS.E₂.GAL",
                        "cf": "ēkallu",
                        "gw": "palace",
                        "sense": "palace",
                        "norm": "ēkalli",
                        "pos": "N",
                        "epos": "N"
                      }
                    }
                  ]
                },
                {
                  "node": "l",
                  "frag": "ša₂",
                  "id": "Q003411.l0704f",
                  "ref": "Q003411.1.3",
                  "inst": "ša[of]DET",
                  "sig": "@rinap/rinap4%akk:ša₂=ša[of//of]DET'DET$ša",
                  "f": {
                    "lang": "akk",
                    "form": "ša₂",
                    "cf": "ša",
                    "gw": "of",
                    "sense": "of",
                    "norm": "ša",
                    "pos": "DET",
                    "epos": "DET"
                  }
                },
                {
                  "node": "l",
                  "frag": "{m}30-⸢PAP⸣.[MEŠ-SU",
                  "id": "Q003411.l07050",
                  "ref": "Q003411.1.4",
                  "inst": "Sin-ahhe-eriba[Sennacherib, king of Assyria]RN",
                  "sig": "@rinap/rinap4%akk:{m}30-PAP.MEŠ-SU=Sin-ahhe-eriba[Sennacherib, king of Assyria//Sennacherib, king of Assyria]RN'RN$Sin-ahhe-eriba",
                  "f": {
                    "lang": "akk",
                    "form": "{m}30-PAP.MEŠ-SU",
                    "cf": "Sin-ahhe-eriba",
                    "gw": "Sennacherib, king of Assyria",
                    "sense": "Sennacherib, king of Assyria",
                    "norm": "Sin-ahhe-eriba",
                    "pos": "RN",
                    "epos": "RN"
                  }
                },
                {
                  "node": "l",
                  "frag": "(...)]",
                  "id": "Q003411.l07051",
                  "ref": "Q003411.1.5",
                  "inst": "u",
                  "f": {
                    "lang": "akk",
                    "form": "x",
                    "pos": "u"
                  }
                }
              ]
            }
          ]
        }
      ]
    },
    {
      "linkbase": [
        {
          "type": "linkset",
          "xlink_title": "ša ēkalli[queen//queen]N'N",
          "id": "Q003411.ls00000",
          "xlink_type": "extended",
          "xlink_role": "psu",
          "sig": "{MUNUS.E₂.GAL = ša[of]DET ēkallu[palace]N += ša ēkalli[queen//queen]N'N}::@rinap/rinap4%akk:MUNUS.E₂.GAL=ša[of//of]DET'DET$ša++@rinap/rinap4%akk:MUNUS.E₂.GAL=ēkallu[palace//palace]N'N$ēkalli",
          "links": [
            {
              "type": "link",
              "xlink_title": "ša",
              "xlink_type": "locator",
              "xlink_href": "#Q003411.l0704d",
              "xlink_role": "elt"
            },
            {
              "type": "link",
              "xlink_title": "ēkallu",
              "xlink_type": "locator",
              "xlink_href": "#Q003411.l0704e",
              "xlink_role": "elt"
            }
          ]
        }
      ]
    }
  ]
}
