{
  "type": "corpus",
  "project": "saao/saa08",
  "source": "http://oracc.org/saao/saa08",
  "license": "This data is released under the CC0 license",
  "license-url": "https://creativecommons.org/publicdomain/zero/1.0/",
  "more-info": "http://oracc.org/doc/opendata/",
  "UTC-timestamp": "2017-06-10T00:45:30",
  "members": {
    "P236880": "corpusjson/P236880.json",
    "P236907": "corpusjson/P236907.json",
    "P236915": "corpusjson/P236915.json",
    "P236916": "corpusjson/P236916.json",
    "P236917": "corpusjson/P236917.json",
    "P236918": "corpusjson/P236918.json",
    "P236919": "corpusjson/P236919.json",
    "P236920": "corpusjson/P236920.json",
    "P236921": "corpusjson/P236921.json",
    "P236922": "corpusjson/P236922.json",
    "P236933": "corpusjson/P236933.json",
    "P236939": "corpusjson/P236939.json",
    "P236942": "corpusjson/P236942.json",
    "P236944": "corpusjson/P236944.json",
    "P236949": "corpusjson/P236949.json",
    "P236957": "corpusjson/P236957.json",
    "P236966": "corpusjson/P236966.json",
    "P236967": "corpusjson/P236967.json",
    "P236968": "corpusjson/P236968.json",
    "P236969": "corpusjson/P236969.json",
    "P236970": "corpusjson/P236970.json",
    "P236971": "corpusjson/P236971.json",
    "P236972": "corpusjson/P236972.json",
    "P236976": "corpusjson/P236976.json",
    "P236977": "corpusjson/P236977.json",
    "P236978": "corpusjson/P236978.json",
    "P236979": "corpusjson/P236979.json",
    "P236980": "corpusjson/P236980.json",
    "P236981": "corpusjson/P236981.json",
    "P236986": "corpusjson/P236986.json",
    "P236987": "corpusjson/P236987.json",
    "P236988": "corpusjson/P236988.json",
    "P236989": "corpusjson/P236989.json",
    "P236990": "corpusjson/P236990.json",
    "P236991": "corpusjson/P236991.json",
    "P236992": "corpusjson/P236992.json",
    "P236993": "corpusjson/P236993.json",
    "P236994": "corpusjson/P236994.json",
    "P236995": "corpusjson/P236995.json",
    "P237007": "corpusjson/P237007.json",
    "P237014": "corpusjson/P237014.json",
    "P237019": "corpusjson/P237019.json",
    "P237038": "corpusjson/P237038.json",
    "P237074": "corpusjson/P237074.json",
    "P237195": "corpusjson/P237195.json",
    "P237206": "corpusjson/P237206.json",
    "P237226": "corpusjson/P237226.json",
    "P237247": "corpusjson/P237247.json",
    "P237284": "corpusjson/P237284.json",
    "P237285": "corpusjson/P237285.json",
    "P237286": "corpusjson/P237286.json",
    "P237287": "corpusjson/P237287.json",
    "P237288": "corpusjson/P237288.json",
    "P237289": "corpusjson/P237289.json",
    "P237290": "corpusjson/P237290.json",
    "P237291": "corpusjson/P237291.json",
    "P237292": "corpusjson/P237292.json",
    "P237293": "corpusjson/P237293.json",
    "P237294": "corpusjson/P237294.json",
    "P237295": "corpusjson/P237295.json",
    "P237296": "corpusjson/P237296.json",
    "P237297": "corpusjson/P237297.json",
    "P237298": "corpusjson/P237298.json",
    "P237299": "corpusjson/P237299.json",
    "P237300": "corpusjson/P237300.json",
    "P237301": "corpusjson/P237301.json",
    "P237302": "corpusjson/P237302.json",
    "P237303": "corpusjson/P237303.json",
    "P237304": "corpusjson/P237304.json",
    "P237305": "corpusjson/P237305.json",
    "P237307": "corpusjson/P237307.json",
    "P237308": "corpusjson/P237308.json",
    "P237309": "corpusjson/P237309.json",
    "P237310": "corpusjson/P237310.json",
    "P237311": "corpusjson/P237311.json",
    "P237312": "corpusjson/P237312.json",
    "P237313": "corpusjson/P237313.json",
    "P237314": "corpusjson/P237314.json",
    "P237315": "corpusjson/P237315.json",
    "P237316": "corpusjson/P237316.json",
    "P237317": "corpusjson/P237317.json",
    "P237318": "corpusjson/P237318.json",
    "P237319": "corpusjson/P237319.json",
    "P237320": "corpusjson/P237320.json",
    "P237321": "corpusjson/P237321.json",
    "P237322": "corpusjson/P237322.json",
    "P237323": "corpusjson/P237323.json",
    "P237335": "corpusjson/P237335.json",
    "P237337": "corpusjson/P237337.json",
    "P237338": "corpusjson/P237338.json",
    "P237339": "corpusjson/P237339.json",
    "P237340": "corpusjson/P237340.json",
    "P237341": "corpusjson/P237341.json",
    "P237343": "corpusjson/P237343.json",
    "P237344": "corpusjson/P237344.json",
    "P237345": "corpusjson/P237345.json",
    "P237346": "corpusjson/P237346.json",
    "P237393": "corpusjson/P237393.json",
    "P237407": "corpusjson/P237407.json",
    "P237408": "corpusjson/P237408.json",
    "P237428": "corpusjson/P237428.json",
    "P237444": "corpusjson/P237444.json",
    "P237446": "corpusjson/P237446.json",
    "P237447": "corpusjson/P237447.json",
    "P237454": "corpusjson/P237454.json",
    "P237455": "corpusjson/P237455.json",
    "P237510": "corpusjson/P237510.json",
    "P237539": "corpusjson/P237539.json",
    "P237541": "corpusjson/P237541.json",
    "P237543": "corpusjson/P237543.json",
    "P237547": "corpusjson/P237547.json",
    "P237563": "corpusjson/P237563.json",
    "P237636": "corpusjson/P237636.json",
    "P237637": "corpusjson/P237637.json",
    "P237639": "corpusjson/P237639.json",
    "P237640": "corpusjson/P237640.json",
    "P237653": "corpusjson/P237653.json",
    "P237660": "corpusjson/P237660.json",
    "P237661": "corpusjson/P237661.json",
    "P237667": "corpusjson/P237667.json",
    "P237668": "corpusjson/P237668.json",
    "P237695": "corpusjson/P237695.json",
    "P237719": "corpusjson/P237719.json",
    "P237741": "corpusjson/P237741.json",
    "P237749": "corpusjson/P237749.json",
    "P237760": "corpusjson/P237760.json",
    "P237761": "corpusjson/P237761.json",
    "P237785": "corpusjson/P237785.json",
    "P237794": "corpusjson/P237794.json",
    "P237795": "corpusjson/P237795.json",
    "P237796": "corpusjson/P237796.json",
    "P237848": "corpusjson/P237848.json",
    "P237849": "corpusjson/P237849.json",
    "P237850": "corpusjson/P237850.json",
    "P237851": "corpusjson/P237851.json",
    "P237852": "corpusjson/P237852.json",
    "P237853": "corpusjson/P237853.json",
    "P237854": "corpusjson/P237854.json",
    "P237855": "corpusjson/P237855.json",
    "P237856": "corpusjson/P237856.json",
    "P237857": "corpusjson/P237857.json",
    "P237858": "corpusjson/P237858.json",
    "P237859": "corpusjson/P237859.json",
    "P237860": "corpusjson/P237860.json",
    "P237861": "corpusjson/P237861.json",
    "P237862": "corpusjson/P237862.json",
    "P237863": "corpusjson/P237863.json",
    "P237864": "corpusjson/P237864.json",
    "P237865": "corpusjson/P237865.json",
    "P237866": "corpusjson/P237866.json",
    "P237867": "corpusjson/P237867.json",
    "P237868": "corpusjson/P237868.json",
    "P237869": "corpusjson/P237869.json",
    "P237870": "corpusjson/P237870.json",
    "P237871": "corpusjson/P237871.json",
    "P237872": "corpusjson/P237872.json",
    "P237873": "corpusjson/P237873.json",
    "P237874": "corpusjson/P237874.json",
    "P237875": "corpusjson/P237875.json",
    "P237877": "corpusjson/P237877.json",
    "P237878": "corpusjson/P237878.json",
    "P237879": "corpusjson/P237879.json",
    "P237881": "corpusjson/P237881.json",
    "P237882": "corpusjson/P237882.json",
    "P237883": "corpusjson/P237883.json",
    "P237884": "corpusjson/P237884.json",
    "P237885": "corpusjson/P237885.json",
    "P237886": "corpusjson/P237886.json",
    "P237887": "corpusjson/P237887.json",
    "P237888": "corpusjson/P237888.json",
    "P237889": "corpusjson/P237889.json",
    "P237891": "corpusjson/P237891.json",
    "P237892": "corpusjson/P237892.json",
    "P237893": "corpusjson/P237893.json",
    "P237894": "corpusjson/P237894.json",
    "P237895": "corpusjson/P237895.json",
    "P237896": "corpusjson/P237896.json",
    "P237897": "corpusjson/P237897.json",
    "P237898": "corpusjson/P237898.json",
    "P237899": "corpusjson/P237899.json",
    "P237900": "corpusjson/P237900.json",
    "P237908": "corpusjson/P237908.json",
    "P237909": "corpusjson/P237909.json",
    "P237910": "corpusjson/P237910.json",
    "P237912": "corpusjson/P237912.json",
    "P237913": "corpusjson/P237913.json",
    "P237914": "corpusjson/P237914.json",
    "P237915": "corpusjson/P237915.json",
    "P237917": "corpusjson/P237917.json",
    "P237918": "corpusjson/P237918.json",
    "P237919": "corpusjson/P237919.json",
    "P237920": "corpusjson/P237920.json",
    "P237928": "corpusjson/P237928.json",
    "P237929": "corpusjson/P237929.json",
    "P237930": "corpusjson/P237930.json",
    "P237931": "corpusjson/P237931.json",
    "P237934": "corpusjson/P237934.json",
    "P237938": "corpusjson/P237938.json",
    "P237943": "corpusjson/P237943.json",
    "P237949": "corpusjson/P237949.json",
    "P237950": "corpusjson/P237950.json",
    "P237952": "corpusjson/P237952.json",
    "P237953": "corpusjson/P237953.json",
    "P237955": "corpusjson/P237955.json",
    "P237956": "corpusjson/P237956.json",
    "P237957": "corpusjson/P237957.json",
    "P237961": "corpusjson/P237961.json",
    "P238009": "corpusjson/P238009.json",
    "P238023": "corpusjson/P238023.json",
    "P238024": "corpusjson/P238024.json",
    "P238026": "corpusjson/P238026.json",
    "P238027": "corpusjson/P238027.json",
    "P238028": "corpusjson/P238028.json",
    "P238029": "corpusjson/P238029.json",
    "P238030": "corpusjson/P238030.json",
    "P238031": "corpusjson/P238031.json",
    "P238032": "corpusjson/P238032.json",
    "P238035": "corpusjson/P238035.json",
    "P238036": "corpusjson/P238036.json",
    "P238037": "corpusjson/P238037.json",
    "P238038": "corpusjson/P238038.json",
    "P238039": "corpusjson/P238039.json",
    "P238040": "corpusjson/P238040.json",
    "P238041": "corpusjson/P238041.json",
    "P238042": "corpusjson/P238042.json",
    "P238043": "corpusjson/P238043.json",
    "P238044": "corpusjson/P238044.json",
    "P238045": "corpusjson/P238045.json",
    "P238046": "corpusjson/P238046.json",
    "P238047": "corpusjson/P238047.json",
    "P238048": "corpusjson/P238048.json",
    "P238049": "corpusjson/P238049.json",
    "P238050": "corpusjson/P238050.json",
    "P238055": "corpusjson/P238055.json",
    "P238059": "corpusjson/P238059.json",
    "P238060": "corpusjson/P238060.json",
    "P238061": "corpusjson/P238061.json",
    "P238062": "corpusjson/P238062.json",
    "P238063": "corpusjson/P238063.json",
    "P238064": "corpusjson/P238064.json",
    "P238065": "corpusjson/P238065.json",
    "P238066": "corpusjson/P238066.json",
    "P238067": "corpusjson/P238067.json",
    "P238068": "corpusjson/P238068.json",
    "P238070": "corpusjson/P238070.json",
    "P238078": "corpusjson/P238078.json",
    "P238082": "corpusjson/P238082.json",
    "P238086": "corpusjson/P238086.json",
    "P238087": "corpusjson/P238087.json",
    "P238089": "corpusjson/P238089.json",
    "P238090": "corpusjson/P238090.json",
    "P238106": "corpusjson/P238106.json",
    "P238111": "corpusjson/P238111.json",
    "P238113": "corpusjson/P238113.json",
    "P238123": "corpusjson/P238123.json",
    "P238124": "corpusjson/P238124.json",
    "P238143": "corpusjson/P238143.json",
    "P238332": "corpusjson/P238332.json",
    "P238539": "corpusjson/P238539.json",
    "P238580": "corpusjson/P238580.json",
    "P238615": "corpusjson/P238615.json",
    "P238627": "corpusjson/P238627.json",
    "P238628": "corpusjson/P238628.json",
    "P238716": "corpusjson/P238716.json",
    "P238717": "corpusjson/P238717.json",
    "P238723": "corpusjson/P238723.json",
    "P238771": "corpusjson/P238771.json",
    "P238775": "corpusjson/P238775.json",
    "P238776": "corpusjson/P238776.json",
    "P238801": "corpusjson/P238801.json",
    "P239051": "corpusjson/P239051.json",
    "P239052": "corpusjson/P239052.json",
    "P239097": "corpusjson/P239097.json",
    "P239098": "corpusjson/P239098.json",
    "P239111": "corpusjson/P239111.json",
    "P239166": "corpusjson/P239166.json",
    "P239253": "corpusjson/P239253.json",
    "P239276": "corpusjson/P239276.json",
    "P239278": "corpusjson/P239278.json",
    "P240139": "corpusjson/P240139.json",
    "P240140": "corpusjson/P240140.json",
    "P240141": "corpusjson/P240141.json",
    "P240142": "corpusjson/P240142.json",
    "P240143": "corpusjson/P240143.json",
    "P240144": "corpusjson/P240144.json",
    "P240145": "corpusjson/P240145.json",
    "P240199": "corpusjson/P240199.json",
    "P240205": "corpusjson/P240205.json",
    "P240233": "corpusjson/P240233.json",
    "P240250": "corpusjson/P240250.json",
    "P240304": "corpusjson/P240304.json",
    "P240319": "corpusjson/P240319.json",
    "P240334": "corpusjson/P240334.json",
    "P240347": "corpusjson/P240347.json",
    "P240359": "corpusjson/P240359.json",
    "P240371": "corpusjson/P240371.json",
    "P314325": "corpusjson/P314325.json",
    "P334570": "corpusjson/P334570.json",
    "P334572": "corpusjson/P334572.json",
    "P334573": "corpusjson/P334573.json",
    "P334574": "corpusjson/P334574.json",
    "P334575": "corpusjson/P334575.json",
    "P334576": "corpusjson/P334576.json",
    "P334577": "corpusjson/P334577.json",
    "P334578": "corpusjson/P334578.json",
    "P334579": "corpusjson/P334579.json",
    "P334580": "corpusjson/P334580.json",
    "P334581": "corpusjson/P334581.json",
    "P334886": "corpusjson/P334886.json",
    "P334889": "corpusjson/P334889.json",
    "P334901": "corpusjson/P334901.json",
    "P334902": "corpusjson/P334902.json",
    "P336143": "corpusjson/P336143.json",
    "P336145": "corpusjson/P336145.json",
    "P336146": "corpusjson/P336146.json",
    "P336147": "corpusjson/P336147.json",
    "P336148": "corpusjson/P336148.json",
    "P336152": "corpusjson/P336152.json",
    "P336164": "corpusjson/P336164.json",
    "P336237": "corpusjson/P336237.json",
    "P336240": "corpusjson/P336240.json",
    "P336241": "corpusjson/P336241.json",
    "P336304": "corpusjson/P336304.json",
    "P336305": "corpusjson/P336305.json",
    "P336369": "corpusjson/P336369.json",
    "P336370": "corpusjson/P336370.json",
    "P336371": "corpusjson/P336371.json",
    "P336372": "corpusjson/P336372.json",
    "P336373": "corpusjson/P336373.json",
    "P336374": "corpusjson/P336374.json",
    "P336375": "corpusjson/P336375.json",
    "P336376": "corpusjson/P336376.json",
    "P336377": "corpusjson/P336377.json",
    "P336378": "corpusjson/P336378.json",
    "P336379": "corpusjson/P336379.json",
    "P336381": "corpusjson/P336381.json",
    "P336382": "corpusjson/P336382.json",
    "P336383": "corpusjson/P336383.json",
    "P336384": "corpusjson/P336384.json",
    "P336385": "corpusjson/P336385.json",
    "P336386": "corpusjson/P336386.json",
    "P336387": "corpusjson/P336387.json",
    "P336388": "corpusjson/P336388.json",
    "P336389": "corpusjson/P336389.json",
    "P336390": "corpusjson/P336390.json",
    "P336391": "corpusjson/P336391.json",
    "P336392": "corpusjson/P336392.json",
    "P336393": "corpusjson/P336393.json",
    "P336394": "corpusjson/P336394.json",
    "P336395": "corpusjson/P336395.json",
    "P336396": "corpusjson/P336396.json",
    "P336397": "corpusjson/P336397.json",
    "P336398": "corpusjson/P336398.json",
    "P336399": "corpusjson/P336399.json",
    "P336400": "corpusjson/P336400.json",
    "P336401": "corpusjson/P336401.json",
    "P336402": "corpusjson/P336402.json",
    "P336403": "corpusjson/P336403.json",
    "P336404": "corpusjson/P336404.json",
    "P336405": "corpusjson/P336405.json",
    "P336406": "corpusjson/P336406.json",
    "P336407": "corpusjson/P336407.json",
    "P336408": "corpusjson/P336408.json",
    "P336409": "corpusjson/P336409.json",
    "P336410": "corpusjson/P336410.json",
    "P336411": "corpusjson/P336411.json",
    "P336412": "corpusjson/P336412.json",
    "P336413": "corpusjson/P336413.json",
    "P336414": "corpusjson/P336414.json",
    "P336415": "corpusjson/P336415.json",
    "P336416": "corpusjson/P336416.json",
    "P336417": "corpusjson/P336417.json",
    "P336418": "corpusjson/P336418.json",
    "P336419": "corpusjson/P336419.json",
    "P336420": "corpusjson/P336420.json",
    "P336421": "corpusjson/P336421.json",
    "P336422": "corpusjson/P336422.json",
    "P336423": "corpusjson/P336423.json",
    "P336424": "corpusjson/P336424.json",
    "P336425": "corpusjson/P336425.json",
    "P336426": "corpusjson/P336426.json",
    "P336427": "corpusjson/P336427.json",
    "P336428": "corpusjson/P336428.json",
    "P336429": "corpusjson/P336429.json",
    "P336430": "corpusjson/P336430.json",
    "P336431": "corpusjson/P336431.json",
    "P336432": "corpusjson/P336432.json",
    "P336433": "corpusjson/P336433.json",
    "P336434": "corpusjson/P336434.json",
    "P336436": "corpusjson/P336436.json",
    "P336437": "corpusjson/P336437.json",
    "P336438": "corpusjson/P336438.json",
    "P336439": "corpusjson/P336439.json",
    "P336440": "corpusjson/P336440.json",
    "P336441": "corpusjson/P336441.json",
    "P336442": "corpusjson/P336442.json",
    "P336443": "corpusjson/P336443.json",
    "P336444": "corpusjson/P336444.json",
    "P336445": "corpusjson/P336445.json",
    "P336446": "corpusjson/P336446.json",
    "P336447": "corpusjson/P336447.json",
    "P336448": "corpusjson/P336448.json",
    "P336449": "corpusjson/P336449.json",
    "P336450": "corpusjson/P336450.json",
    "P336451": "corpusjson/P336451.json",
    "P336452": "corpusjson/P336452.json",
    "P336453": "corpusjson/P336453.json",
    "P336454": "corpusjson/P336454.json",
    "P336455": "corpusjson/P336455.json",
    "P336456": "corpusjson/P336456.json",
    "P336457": "corpusjson/P336457.json",
    "P336458": "corpusjson/P336458.json",
    "P336459": "corpusjson/P336459.json",
    "P336460": "corpusjson/P336460.json",
    "P336461": "corpusjson/P336461.json",
    "P336462": "corpusjson/P336462.json",
    "P336464": "corpusjson/P336464.json",
    "P336466": "corpusjson/P336466.json",
    "P336467": "corpusjson/P336467.json",
    "P336468": "corpusjson/P336468.json",
    "P336469": "corpusjson/P336469.json",
    "P336470": "corpusjson/P336470.json",
    "P336471": "corpusjson/P336471.json",
    "P336472": "corpusjson/P336472.json",
    "P336473": "corpusjson/P336473.json",
    "P336474": "corpusjson/P336474.json",
    "P336475": "corpusjson/P336475.json",
    "P336476": "corpusjson/P336476.json",
    "P336477": "corpusjson/P336477.json",
    "P336478": "corpusjson/P336478.json",
    "P336479": "corpusjson/P336479.json",
    "P336480": "corpusjson/P336480.json",
    "P336481": "corpusjson/P336481.json",
    "P336482": "corpusjson/P336482.json",
    "P336483": "corpusjson/P336483.json",
    "P336484": "corpusjson/P336484.json",
    "P336485": "corpusjson/P336485.json",
    "P336486": "corpusjson/P336486.json",
    "P336487": "corpusjson/P336487.json",
    "P336488": "corpusjson/P336488.json",
    "P336489": "corpusjson/P336489.json",
    "P336490": "corpusjson/P336490.json",
    "P336491": "corpusjson/P336491.json",
    "P336492": "corpusjson/P336492.json",
    "P336493": "corpusjson/P336493.json",
    "P336494": "corpusjson/P336494.json",
    "P336495": "corpusjson/P336495.json",
    "P336496": "corpusjson/P336496.json",
    "P336497": "corpusjson/P336497.json",
    "P336498": "corpusjson/P336498.json",
    "P336499": "corpusjson/P336499.json",
    "P336500": "corpusjson/P336500.json",
    "P336501": "corpusjson/P336501.json",
    "P336503": "corpusjson/P336503.json",
    "P336505": "corpusjson/P336505.json",
    "P336506": "corpusjson/P336506.json",
    "P336507": "corpusjson/P336507.json",
    "P336508": "corpusjson/P336508.json",
    "P336509": "corpusjson/P336509.json",
    "P336510": "corpusjson/P336510.json",
    "P336511": "corpusjson/P336511.json",
    "P336512": "corpusjson/P336512.json",
    "P336513": "corpusjson/P336513.json",
    "P336514": "corpusjson/P336514.json",
    "P336516": "corpusjson/P336516.json",
    "P336517": "corpusjson/P336517.json",
    "P336518": "corpusjson/P336518.json",
    "P336519": "corpusjson/P336519.json",
    "P336520": "corpusjson/P336520.json",
    "P336521": "corpusjson/P336521.json",
    "P336522": "corpusjson/P336522.json",
    "P336523": "corpusjson/P336523.json",
    "P336524": "corpusjson/P336524.json",
    "P336525": "corpusjson/P336525.json",
    "P336526": "corpusjson/P336526.json",
    "P336527": "corpusjson/P336527.json",
    "P336528": "corpusjson/P336528.json",
    "P336529": "corpusjson/P336529.json",
    "P336530": "corpusjson/P336530.json",
    "P336531": "corpusjson/P336531.json",
    "P336532": "corpusjson/P336532.json",
    "P336533": "corpusjson/P336533.json",
    "P336534": "corpusjson/P336534.json",
    "P336535": "corpusjson/P336535.json",
    "P336536": "corpusjson/P336536.json",
    "P336537": "corpusjson/P336537.json",
    "P336538": "corpusjson/P336538.json",
    "P336539": "corpusjson/P336539.json",
    "P336540": "corpusjson/P336540.json",
    "P336541": "corpusjson/P336541.json",
    "P336542": "corpusjson/P336542.json",
    "P336543": "corpusjson/P336543.json",
    "P336544": "corpusjson/P336544.json",
    "P336545": "corpusjson/P336545.json",
    "P336546": "corpusjson/P336546.json",
    "P336547": "corpusjson/P336547.json",
    "P336549": "corpusjson/P336549.json",
    "P336550": "corpusjson/P336550.json",
    "P336551": "corpusjson/P336551.json",
    "P336552": "corpusjson/P336552.json",
    "P336553": "corpusjson/P336553.json",
    "P336554": "corpusjson/P336554.json",
    "P336555": "corpusjson/P336555.json",
    "P336556": "corpusjson/P336556.json",
    "P336557": "corpusjson/P336557.json",
    "P336558": "corpusjson/P336558.json",
    "P336559": "corpusjson/P336559.json",
    "P336560": "corpusjson/P336560.json",
    "P336561": "corpusjson/P336561.json",
    "P336562": "corpusjson/P336562.json",
    "P336563": "corpusjson/P336563.json",
    "P336564": "corpusjson/P336564.json",
    "P336565": "corpusjson/P336565.json",
    "P336566": "corpusjson/P336566.json",
    "P336567": "corpusjson/P336567.json",
    "P336568": "corpusjson/P336568.json",
    "P336569": "corpusjson/P336569.json",
    "P336570": "corpusjson/P336570.json",
    "P336571": "corpusjson/P336571.json",
    "P336572": "corpusjson/P336572.json",
    "P336573": "corpusjson/P336573.json",
    "P336574": "corpusjson/P336574.json",
    "P336575": "corpusjson/P336575.json",
    "P336576": "corpusjson/P336576.json",
    "P336577": "corpusjson/P336577.json",
    "P336578": "corpusjson/P336578.json",
    "P336579": "corpusjson/P336579.json",
    "P336580": "corpusjson/P336580.json",
    "P336581": "corpusjson/P336581.json",
    "P336582": "corpusjson/P336582.json",
    "P336583": "corpusjson/P336583.json",
    "P336584": "corpusjson/P336584.json",
    "P336586": "corpusjson/P336586.json",
    "P336587": "corpusjson/P336587.json",
    "P336588": "corpusjson/P336588.json",
    "P336589": "corpusjson/P336589.json",
    "P336590": "corpusjson/P336590.json",
    "P336591": "corpusjson/P336591.json",
    "P336592": "corpusjson/P336592.json",
    "P336593": "corpusjson/P336593.json",
    "P336594": "corpusjson/P336594.json",
    "P336652": "corpusjson/P336652.json",
    "P336653": "corpusjson/P336653.json",
    "P336654": "corpusjson/P336654.json",
    "P336655": "corpusjson/P336655.json",
    "P336656": "corpusjson/P336656.json",
    "P336657": "corpusjson/P336657.json",
    "P336658": "corpusjson/P336658.json",
    "P336659": "corpusjson/P336659.json",
    "P336660": "corpusjson/P336660.json",
    "P336661": "corpusjson/P336661.json",
    "P336662": "corpusjson/P336662.json",
    "P336663": "corpusjson/P336663.json",
    "P336664": "corpusjson/P336664.json",
    "P336665": "corpusjson/P336665.json",
    "P336666": "corpusjson/P336666.json",
    "P336667": "corpusjson/P336667.json",
    "P336668": "corpusjson/P336668.json",
    "P336669": "corpusjson/P336669.json",
    "P336670": "corpusjson/P336670.json",
    "P336671": "corpusjson/P336671.json",
    "P336672": "corpusjson/P336672.json",
    "P336673": "corpusjson/P336673.json",
    "P336674": "corpusjson/P336674.json",
    "P336675": "corpusjson/P336675.json",
    "P336676": "corpusjson/P336676.json",
    "P365898": "corpusjson/P365898.json",
    "X000005": "corpusjson/X000005.json"
  }
}
