{
  "type": "cdl",
  "source": "http://oracc.org/ccpo",
  "license": "This data is released under the CC0 license",
  "license-url": "https://creativecommons.org/publicdomain/zero/1.0/",
  "more-info": "http://oracc.org/doc/opendata/",
  "UTC-timestamp": "2017-06-09T23:25:07",
  "project": "ccpo",
  "textid": "P270807",
  "cdl": [
    {
      "node": "c",
      "type": "text",
      "id": "P270807.U0",
      "cdl": [
        {
          "node": "d",
          "subtype": "tablet",
          "type": "tablet",
          "ref": "P270807.x96.1",
          "label": "x96"
        },
        {
          "node": "d",
          "subtype": "obverse",
          "type": "obverse",
          "ref": "P270807.o.2",
          "label": "o"
        },
        {
          "node": "c",
          "type": "discourse",
          "subtype": "body",
          "id": "P270807.U1",
          "cdl": [
            {
              "node": "c",
              "type": "sentence",
              "id": "P270807.U2",
              "label": "o 1 - o 12",
              "cdl": [
                {
                  "node": "d",
                  "type": "line-start",
                  "ref": "P270807.3",
                  "n": "1",
                  "label": "o 1"
                },
                {
                  "node": "d",
                  "type": "field-start",
                  "subtype": "zz"
                },
                {
                  "node": "d",
                  "frag": "*",
                  "type": "punct",
                  "ref": "P270807.3.1",
                  "lang": "akk-x-stdbab",
                  "gdl_delim": " "
                },
                {
                  "node": "l",
                  "frag": "GIG",
                  "id": "P270807.l052bf",
                  "ref": "P270807.3.2",
                  "inst": "marṣu[patient]N",
                  "sig": "@ccpo%akk-x-stdbab:GIG=marṣu[sick one//patient]N'N$marṣu",
                  "f": {
                    "lang": "akk-x-stdbab",
                    "form": "GIG",
                    "cf": "marṣu",
                    "gw": "sick one",
                    "sense": "patient",
                    "norm": "marṣu",
                    "pos": "N",
                    "epos": "N"
                  }
                },
                {
                  "node": "l",
                  "frag": "ZE₂",
                  "id": "P270807.l052c0",
                  "ref": "P270807.3.3",
                  "inst": "martu[gall bladder]N",
                  "sig": "@ccpo%akk-x-stdbab:ZE₂=martu[gall bladder//gall bladder]N'N$marti",
                  "f": {
                    "lang": "akk-x-stdbab",
                    "form": "ZE₂",
                    "cf": "martu",
                    "gw": "gall bladder",
                    "sense": "gall bladder",
                    "norm": "marti",
                    "pos": "N",
                    "epos": "N"
                  }
                },
                {
                  "node": "l",
                  "frag": "ip-ru",
                  "id": "P270807.l052c1",
                  "ref": "P270807.3.4",
                  "inst": "ipru[vomiting]'N",
                  "sig": "@ccpo%akk-x-stdbab:ip-ru=parû[vomit//vomiting]V'N$ipru",
                  "f": {
                    "lang": "akk-x-stdbab",
                    "form": "ip-ru",
                    "cf": "parû",
                    "gw": "vomit",
                    "sense": "vomiting",
                    "norm": "ipru",
                    "pos": "V",
                    "epos": "N"
                  }
                },
                {
                  "node": "d",
                  "frag": ":",
                  "type": "punct",
                  "ref": "P270807.3.5",
                  "lang": "akk-x-stdbab",
                  "gdl_delim": " "
                },
                {
                  "node": "d",
                  "type": "field-end",
                  "subtype": "zz"
                },
                {
                  "node": "d",
                  "type": "field-start",
                  "subtype": "bs"
                },
                {
                  "node": "l",
                  "frag": "UH₂",
                  "id": "P270807.l052c2",
                  "ref": "P270807.3.6",
                  "inst": "+ruʾtu[spittle]N$ruʾta",
                  "sig": "@ccpo%akk-x-stdbab:UH₂=ruʾtu[spittle//spittle]N'N$ruʾta",
                  "f": {
                    "lang": "akk-x-stdbab",
                    "form": "UH₂",
                    "cf": "ruʾtu",
                    "gw": "spittle",
                    "sense": "spittle",
                    "norm": "ruʾta",
                    "pos": "N",
                    "epos": "N"
                  }
                },
                {
                  "node": "l",
                  "frag": "ina",
                  "id": "P270807.l052c3",
                  "ref": "P270807.3.7",
                  "inst": "ina[from]PRP",
                  "sig": "@ccpo%akk-x-stdbab:ina=ina[in//from]PRP'PRP$ina",
                  "f": {
                    "lang": "akk-x-stdbab",
                    "form": "ina",
                    "cf": "ina",
                    "gw": "in",
                    "sense": "from",
                    "norm": "ina",
                    "pos": "PRP",
                    "epos": "PRP"
                  }
                },
                {
                  "node": "l",
                  "frag": "ŠUB-šu₂",
                  "id": "P270807.l052c4",
                  "ref": "P270807.3.8",
                  "inst": "+nadû[throw//throwing]V'N$nadîšu",
                  "sig": "@ccpo%akk-x-stdbab:ŠUB-šu₂=nadû[throw//throwing]V'N$nadîšu",
                  "f": {
                    "lang": "akk-x-stdbab",
                    "form": "ŠUB-šu₂",
                    "cf": "nadû",
                    "gw": "throw",
                    "sense": "throwing",
                    "norm": "nadîšu",
                    "pos": "V",
                    "epos": "N"
                  }
                },
                {
                  "node": "l",
                  "frag": "i-ṣar-⸢riš⸣",
                  "id": "P270807.l052c5",
                  "ref": "P270807.3.9",
                  "inst": "+ṣarāšu[dribble]V$iṣarriš",
                  "sig": "@ccpo%akk-x-stdbab:i-ṣar-riš=ṣarāšu[dribble//dribble]V'V$iṣarriš",
                  "f": {
                    "lang": "akk-x-stdbab",
                    "form": "i-ṣar-riš",
                    "cf": "ṣarāšu",
                    "gw": "dribble",
                    "sense": "dribble",
                    "norm": "iṣarriš",
                    "pos": "V",
                    "epos": "V"
                  }
                },
                {
                  "node": "d",
                  "type": "nonw",
                  "ref": ""
                },
                {
                  "node": "d",
                  "type": "field-end",
                  "subtype": "bs"
                },
                {
                  "node": "d",
                  "type": "line-start",
                  "ref": "P270807.4",
                  "n": "2",
                  "label": "o 2"
                },
                {
                  "node": "d",
                  "type": "field-start",
                  "subtype": "cm"
                },
                {
                  "node": "l",
                  "frag": "it-ta-na-at-tuk",
                  "id": "P270807.l052c6",
                  "ref": "P270807.4.1",
                  "inst": "+natāku[drip]V$ittnattuk",
                  "sig": "@ccpo%akk-x-stdbab:it-ta-na-at-tuk=natāku[drip//drip]V'V$ittnattuk",
                  "f": {
                    "lang": "akk-x-stdbab",
                    "form": "it-ta-na-at-tuk",
                    "cf": "natāku",
                    "gw": "drip",
                    "sense": "drip",
                    "norm": "ittnattuk",
                    "pos": "V",
                    "epos": "V"
                  }
                },
                {
                  "node": "d",
                  "frag": ":",
                  "type": "punct",
                  "ref": "P270807.4.2",
                  "lang": "akk-x-stdbab",
                  "gdl_delim": " "
                },
                {
                  "node": "l",
                  "frag": "ŠUR",
                  "id": "P270807.l052c7",
                  "ref": "P270807.4.3",
                  "inst": "+ṣarāšu[dribble//dribbling]V'N$",
                  "sig": "@ccpo%akk-x-stdbab:ŠUR=ṣarāšu[dribble//dribbling]V'N$ṣarāšu",
                  "f": {
                    "lang": "akk-x-stdbab",
                    "form": "ŠUR",
                    "cf": "ṣarāšu",
                    "gw": "dribble",
                    "sense": "dribbling",
                    "norm": "ṣarāšu",
                    "pos": "V",
                    "epos": "N"
                  }
                },
                {
                  "node": "d",
                  "frag": ":",
                  "type": "punct",
                  "ref": "P270807.4.4",
                  "lang": "akk-x-stdbab",
                  "gdl_delim": " "
                },
                {
                  "node": "l",
                  "frag": "ša₂-ra-šu₂",
                  "id": "P270807.l052c8",
                  "ref": "P270807.4.5",
                  "inst": "+ṣarāšu[dribble//dribbling]V'N$",
                  "sig": "@ccpo%akk-x-stdbab:ša₂-ra-šu₂=ṣarāšu[dribble//dribbling]V'N$ṣarāšu",
                  "f": {
                    "lang": "akk-x-stdbab",
                    "form": "ša₂-ra-šu₂",
                    "cf": "ṣarāšu",
                    "gw": "dribble",
                    "sense": "dribbling",
                    "norm": "ṣarāšu",
                    "pos": "V",
                    "epos": "N"
                  }
                },
                {
                  "node": "d",
                  "frag": ":",
                  "type": "punct",
                  "ref": "P270807.4.6",
                  "lang": "akk-x-stdbab",
                  "gdl_delim": " "
                },
                {
                  "node": "l",
                  "frag": "ŠUR",
                  "id": "P270807.l052c9",
                  "ref": "P270807.4.7",
                  "inst": "+natāku[drip//dripping]V'N$",
                  "sig": "@ccpo%akk-x-stdbab:ŠUR=natāku[drip//dripping]V'N$natāku",
                  "f": {
                    "lang": "akk-x-stdbab",
                    "form": "ŠUR",
                    "cf": "natāku",
                    "gw": "drip",
                    "sense": "dripping",
                    "norm": "natāku",
                    "pos": "V",
                    "epos": "N"
                  }
                },
                {
                  "node": "d",
                  "frag": ":",
                  "type": "punct",
                  "ref": "P270807.4.8",
                  "lang": "akk-x-stdbab",
                  "gdl_delim": " "
                },
                {
                  "node": "l",
                  "frag": "na-⸢ta⸣-[ku]",
                  "id": "P270807.l052ca",
                  "ref": "P270807.4.9",
                  "inst": "+natāku[drip//dripping]V'N$",
                  "sig": "@ccpo%akk-x-stdbab:na-ta-ku=natāku[drip//dripping]V'N$natāku",
                  "f": {
                    "lang": "akk-x-stdbab",
                    "form": "na-ta-ku",
                    "cf": "natāku",
                    "gw": "drip",
                    "sense": "dripping",
                    "norm": "natāku",
                    "pos": "V",
                    "epos": "N"
                  }
                },
                {
                  "node": "d",
                  "type": "nonw",
                  "ref": ""
                },
                {
                  "node": "d",
                  "type": "field-end",
                  "subtype": "cm"
                },
                {
                  "node": "d",
                  "type": "line-start",
                  "ref": "P270807.5",
                  "n": "3",
                  "label": "o 3"
                },
                {
                  "node": "d",
                  "type": "field-start",
                  "subtype": "bs"
                },
                {
                  "node": "l",
                  "frag": "MUD₂",
                  "id": "P270807.l052cb",
                  "ref": "P270807.5.1",
                  "inst": "dāmi[blood]N",
                  "sig": "@ccpo%akk-x-stdbab:MUD₂=dāmu[blood//blood]N'N$dāmi",
                  "f": {
                    "lang": "akk-x-stdbab",
                    "form": "MUD₂",
                    "cf": "dāmu",
                    "gw": "blood",
                    "sense": "blood",
                    "norm": "dāmi",
                    "pos": "N",
                    "epos": "N"
                  }
                },
                {
                  "node": "l",
                  "frag": "MUD",
                  "id": "P270807.l052cc",
                  "ref": "P270807.5.2",
                  "inst": "+daʾmu[dark]AJ$",
                  "sig": "@ccpo%akk-x-stdbab:MUD=daʾmu[dark//dark]AJ'AJ$daʾmu",
                  "f": {
                    "lang": "akk-x-stdbab",
                    "form": "MUD",
                    "cf": "daʾmu",
                    "gw": "dark",
                    "sense": "dark",
                    "norm": "daʾmu",
                    "pos": "AJ",
                    "epos": "AJ"
                  }
                },
                {
                  "node": "l",
                  "frag": "ŠUB.ŠUB{a}",
                  "id": "P270807.l052cd",
                  "ref": "P270807.5.3",
                  "inst": "ittanadda[flow]V",
                  "sig": "@ccpo%akk-x-stdbab:ŠUB.ŠUB{+a}=nadû[throw//flow]V'V$ittanadda",
                  "f": {
                    "lang": "akk-x-stdbab",
                    "form": "ŠUB.ŠUB{+a}",
                    "cf": "nadû",
                    "gw": "throw",
                    "sense": "flow",
                    "norm": "ittanadda",
                    "pos": "V",
                    "epos": "V"
                  }
                },
                {
                  "node": "d",
                  "type": "field-end",
                  "subtype": "bs"
                },
                {
                  "node": "d",
                  "type": "field-start",
                  "subtype": "cm"
                },
                {
                  "node": "d",
                  "frag": ":",
                  "type": "punct",
                  "ref": "P270807.5.4",
                  "lang": "akk-x-stdbab",
                  "gdl_delim": " "
                },
                {
                  "node": "l",
                  "frag": "MUD₂",
                  "id": "P270807.l052ce",
                  "ref": "P270807.5.5",
                  "inst": "dāmi[blood]N",
                  "sig": "@ccpo%akk-x-stdbab:MUD₂=dāmu[blood//blood]N'N$dāmi",
                  "f": {
                    "lang": "akk-x-stdbab",
                    "form": "MUD₂",
                    "cf": "dāmu",
                    "gw": "blood",
                    "sense": "blood",
                    "norm": "dāmi",
                    "pos": "N",
                    "epos": "N"
                  }
                },
                {
                  "node": "d",
                  "frag": ":",
                  "type": "punct",
                  "ref": "P270807.5.6",
                  "lang": "akk-x-stdbab",
                  "gdl_delim": " "
                },
                {
                  "node": "l",
                  "frag": "da-mu",
                  "id": "P270807.l052cf",
                  "ref": "P270807.5.7",
                  "inst": "dāmu[blood]N",
                  "sig": "@ccpo%akk-x-stdbab:da-mu=dāmu[blood//blood]N'N$dāmu",
                  "f": {
                    "lang": "akk-x-stdbab",
                    "form": "da-mu",
                    "cf": "dāmu",
                    "gw": "blood",
                    "sense": "blood",
                    "norm": "dāmu",
                    "pos": "N",
                    "epos": "N"
                  }
                },
                {
                  "node": "d",
                  "frag": ":",
                  "type": "punct",
                  "ref": "P270807.5.8",
                  "lang": "akk-x-stdbab",
                  "gdl_delim": " "
                },
                {
                  "node": "l",
                  "frag": "MUD",
                  "id": "P270807.l052d0",
                  "ref": "P270807.5.9",
                  "inst": "+daʾmu[dark]AJ$",
                  "sig": "@ccpo%akk-x-stdbab:MUD=daʾmu[dark//dark]AJ'AJ$daʾmu",
                  "f": {
                    "lang": "akk-x-stdbab",
                    "form": "MUD",
                    "cf": "daʾmu",
                    "gw": "dark",
                    "sense": "dark",
                    "norm": "daʾmu",
                    "pos": "AJ",
                    "epos": "AJ"
                  }
                },
                {
                  "node": "d",
                  "frag": ":",
                  "type": "punct",
                  "ref": "P270807.5.10",
                  "lang": "akk-x-stdbab",
                  "gdl_delim": " "
                },
                {
                  "node": "l",
                  "frag": "da-mu",
                  "id": "P270807.l052d1",
                  "ref": "P270807.5.11",
                  "inst": "+daʾmu[dark]AJ$dāmu",
                  "sig": "@ccpo%akk-x-stdbab:da-mu=daʾmu[dark//dark]AJ'AJ$dāmu",
                  "f": {
                    "lang": "akk-x-stdbab",
                    "form": "da-mu",
                    "cf": "daʾmu",
                    "gw": "dark",
                    "sense": "dark",
                    "norm": "dāmu",
                    "pos": "AJ",
                    "epos": "AJ"
                  }
                },
                {
                  "node": "d",
                  "frag": "⸢:⸣",
                  "type": "punct",
                  "ref": "P270807.5.12",
                  "lang": "akk-x-stdbab",
                  "gdl_delim": " "
                },
                {
                  "node": "l",
                  "frag": "[x",
                  "id": "P270807.l052d2",
                  "ref": "P270807.5.13",
                  "inst": "u",
                  "f": {
                    "lang": "akk-x-stdbab",
                    "form": "x",
                    "pos": "u"
                  }
                },
                {
                  "node": "l",
                  "frag": "x",
                  "id": "P270807.l052d3",
                  "ref": "P270807.5.14",
                  "inst": "u",
                  "f": {
                    "lang": "akk-x-stdbab",
                    "form": "x",
                    "pos": "u"
                  }
                },
                {
                  "node": "l",
                  "frag": "x]",
                  "id": "P270807.l052d4",
                  "ref": "P270807.5.15",
                  "inst": "u",
                  "f": {
                    "lang": "akk-x-stdbab",
                    "form": "x",
                    "pos": "u"
                  }
                },
                {
                  "node": "d",
                  "type": "field-end",
                  "subtype": "cm"
                },
                {
                  "node": "d",
                  "type": "line-start",
                  "ref": "P270807.6",
                  "n": "4",
                  "label": "o 4"
                },
                {
                  "node": "d",
                  "type": "field-start",
                  "subtype": "bs"
                },
                {
                  "node": "l",
                  "frag": "pe-la-a",
                  "id": "P270807.l052d5",
                  "ref": "P270807.6.1",
                  "inst": "pelâ[(light) red]AJ",
                  "sig": "@ccpo%akk-x-stdbab:pe-la-a=pelû[(light) red//(light) red]AJ'AJ$pelâ",
                  "f": {
                    "lang": "akk-x-stdbab",
                    "form": "pe-la-a",
                    "cf": "pelû",
                    "gw": "(light) red",
                    "sense": "(light) red",
                    "norm": "pelâ",
                    "pos": "AJ",
                    "epos": "AJ"
                  }
                },
                {
                  "node": "d",
                  "type": "field-end",
                  "subtype": "bs"
                },
                {
                  "node": "d",
                  "type": "field-start",
                  "subtype": "cm"
                },
                {
                  "node": "d",
                  "frag": ":",
                  "type": "punct",
                  "ref": "P270807.6.2",
                  "lang": "akk-x-stdbab",
                  "gdl_delim": " "
                },
                {
                  "node": "d",
                  "type": "field-end",
                  "subtype": "cm"
                },
                {
                  "node": "d",
                  "type": "field-start",
                  "subtype": "qt"
                },
                {
                  "node": "l",
                  "frag": "igi",
                  "id": "P270807.l052d6",
                  "ref": "P270807.6.3",
                  "inst": "igi[eye]N",
                  "sig": "@ccpo%sux:igi=igi[eye//eye]N'N$igi/igi#~",
                  "f": {
                    "lang": "sux",
                    "form": "igi",
                    "cf": "igi",
                    "gw": "eye",
                    "sense": "eye",
                    "norm0": "igi",
                    "pos": "N",
                    "epos": "N",
                    "base": "igi",
                    "morph": "~"
                  }
                },
                {
                  "node": "l",
                  "frag": "su₃",
                  "id": "P270807.l052d7",
                  "ref": "P270807.6.4",
                  "inst": "su[red]V/i/su₃",
                  "sig": "@ccpo%sux:su₃=su[red//red]V/i'V/i$su/su₃#~",
                  "f": {
                    "lang": "sux",
                    "form": "su₃",
                    "cf": "su",
                    "gw": "red",
                    "sense": "red",
                    "norm0": "su",
                    "pos": "V/i",
                    "epos": "V/i",
                    "base": "su₃",
                    "morph": "~"
                  }
                },
                {
                  "node": "d",
                  "frag": ":",
                  "type": "punct",
                  "ref": "P270807.6.5",
                  "lang": "sux",
                  "gdl_delim": " "
                },
                {
                  "node": "l",
                  "frag": "igi",
                  "id": "P270807.l052d8",
                  "ref": "P270807.6.6",
                  "inst": "igi[eye]N",
                  "sig": "@ccpo%sux:igi=igi[eye//eye]N'N$igi/igi#~",
                  "f": {
                    "lang": "sux",
                    "form": "igi",
                    "cf": "igi",
                    "gw": "eye",
                    "sense": "eye",
                    "norm0": "igi",
                    "pos": "N",
                    "epos": "N",
                    "base": "igi",
                    "morph": "~"
                  }
                },
                {
                  "node": "l",
                  "frag": "su₃-a",
                  "id": "P270807.l052d9",
                  "ref": "P270807.6.7",
                  "inst": "su[red]",
                  "sig": "@ccpo%sux:su₃-a=su[red//red]V/i'V/i$su;a/su₃#~;a",
                  "f": {
                    "lang": "sux",
                    "form": "su₃-a",
                    "cf": "su",
                    "gw": "red",
                    "sense": "red",
                    "norm0": "su;a",
                    "pos": "V/i",
                    "epos": "V/i",
                    "base": "su₃",
                    "morph": "~;a"
                  }
                },
                {
                  "node": "d",
                  "frag": ":",
                  "type": "punct",
                  "ref": "P270807.6.8",
                  "lang": "sux",
                  "gdl_delim": " "
                },
                {
                  "node": "l",
                  "frag": "su₃-a",
                  "id": "P270807.l052da",
                  "ref": "P270807.6.9",
                  "inst": "su[red]",
                  "sig": "@ccpo%sux:su₃-a=su[red//red]V/i'V/i$su;a/su₃#~;a",
                  "f": {
                    "lang": "sux",
                    "form": "su₃-a",
                    "cf": "su",
                    "gw": "red",
                    "sense": "red",
                    "norm0": "su;a",
                    "pos": "V/i",
                    "epos": "V/i",
                    "base": "su₃",
                    "morph": "~;a"
                  }
                },
                {
                  "node": "d",
                  "frag": ":",
                  "type": "punct",
                  "ref": "P270807.6.10",
                  "lang": "sux",
                  "gdl_delim": " "
                },
                {
                  "node": "l",
                  "frag": "[su₃-su₃-a]",
                  "id": "P270807.l052db",
                  "ref": "P270807.6.11",
                  "inst": "su[red]",
                  "sig": "@ccpo%sux:su₃-su₃-a=su[red//red]V/i'V/i$su;a/su₃-su₃#~;a",
                  "f": {
                    "lang": "sux",
                    "form": "su₃-su₃-a",
                    "cf": "su",
                    "gw": "red",
                    "sense": "red",
                    "norm0": "su;a",
                    "pos": "V/i",
                    "epos": "V/i",
                    "base": "su₃-su₃",
                    "morph": "~;a"
                  }
                },
                {
                  "node": "d",
                  "type": "nonw",
                  "ref": ""
                },
                {
                  "node": "d",
                  "type": "field-end",
                  "subtype": "qt"
                },
                {
                  "node": "d",
                  "type": "line-start",
                  "ref": "P270807.7",
                  "n": "5",
                  "label": "o 5"
                },
                {
                  "node": "d",
                  "type": "field-start",
                  "subtype": "qt"
                },
                {
                  "node": "l",
                  "frag": "za-ar-ri-iq",
                  "id": "P270807.l052dc",
                  "ref": "P270807.7.1",
                  "inst": "+zarriqu[iridescent]AJ$zarriq",
                  "sig": "@ccpo%akk-x-stdbab:za-ar-ri-iq=zarriqu[iridescent//iridescent]AJ'AJ$zarriq",
                  "f": {
                    "lang": "akk-x-stdbab",
                    "form": "za-ar-ri-iq",
                    "cf": "zarriqu",
                    "gw": "iridescent",
                    "sense": "iridescent",
                    "norm": "zarriq",
                    "pos": "AJ",
                    "epos": "AJ"
                  }
                },
                {
                  "node": "d",
                  "frag": ":",
                  "type": "punct",
                  "ref": "P270807.7.2",
                  "lang": "akk-x-stdbab",
                  "gdl_delim": " "
                },
                {
                  "node": "l",
                  "frag": "za-ar-riq-tu₂",
                  "id": "P270807.l052dd",
                  "ref": "P270807.7.3",
                  "inst": "+zarriqu[iridescent]AJ$zarriqtu",
                  "sig": "@ccpo%akk-x-stdbab:za-ar-riq-tu₂=zarriqu[iridescent//iridescent]AJ'AJ$zarriqtu",
                  "f": {
                    "lang": "akk-x-stdbab",
                    "form": "za-ar-riq-tu₂",
                    "cf": "zarriqu",
                    "gw": "iridescent",
                    "sense": "iridescent",
                    "norm": "zarriqtu",
                    "pos": "AJ",
                    "epos": "AJ"
                  }
                },
                {
                  "node": "d",
                  "frag": "⸢:",
                  "type": "punct",
                  "ref": "P270807.7.4",
                  "lang": "akk-x-stdbab",
                  "gdl_delim": " "
                },
                {
                  "node": "l",
                  "frag": "pe⸣-[lu-u",
                  "id": "P270807.l052de",
                  "ref": "P270807.7.5",
                  "inst": "+pelû[(light) red]AJ$",
                  "sig": "@ccpo%akk-x-stdbab:pe-lu-u=pelû[(light) red//(light) red]AJ'AJ$pelû",
                  "f": {
                    "lang": "akk-x-stdbab",
                    "form": "pe-lu-u",
                    "cf": "pelû",
                    "gw": "(light) red",
                    "sense": "(light) red",
                    "norm": "pelû",
                    "pos": "AJ",
                    "epos": "AJ"
                  }
                },
                {
                  "node": "l",
                  "frag": "pe-li-tu]",
                  "id": "P270807.l052df",
                  "ref": "P270807.7.6",
                  "inst": "+pelû[(light) red]AJ$pelītu",
                  "sig": "@ccpo%akk-x-stdbab:pe-li-tu=pelû[(light) red//(light) red]AJ'AJ$pelītu",
                  "f": {
                    "lang": "akk-x-stdbab",
                    "form": "pe-li-tu",
                    "cf": "pelû",
                    "gw": "(light) red",
                    "sense": "(light) red",
                    "norm": "pelītu",
                    "pos": "AJ",
                    "epos": "AJ"
                  }
                },
                {
                  "node": "d",
                  "type": "nonw",
                  "ref": ""
                },
                {
                  "node": "d",
                  "type": "field-end",
                  "subtype": "qt"
                },
                {
                  "node": "d",
                  "type": "line-start",
                  "ref": "P270807.8",
                  "n": "6",
                  "label": "o 6"
                },
                {
                  "node": "d",
                  "type": "field-start",
                  "subtype": "bs"
                },
                {
                  "node": "l",
                  "frag": "⸢NINDA⸣",
                  "id": "P270807.l052e0",
                  "ref": "P270807.8.1",
                  "inst": "akala[bread]N",
                  "sig": "@ccpo%akk-x-stdbab:NINDA=akalu[food//bread]N'N$akala",
                  "f": {
                    "lang": "akk-x-stdbab",
                    "form": "NINDA",
                    "cf": "akalu",
                    "gw": "food",
                    "sense": "bread",
                    "norm": "akala",
                    "pos": "N",
                    "epos": "N"
                  }
                },
                {
                  "node": "l",
                  "frag": "URU₄{iš}",
                  "id": "P270807.l052e1",
                  "ref": "P270807.8.2",
                  "inst": "irriš[request]V",
                  "sig": "@ccpo%akk-x-stdbab:URU₄{+iš}=erēšu[request//request]V'V$irriš",
                  "f": {
                    "lang": "akk-x-stdbab",
                    "form": "URU₄{+iš}",
                    "cf": "erēšu",
                    "gw": "request",
                    "sense": "request",
                    "norm": "irriš",
                    "pos": "V",
                    "epos": "V"
                  }
                },
                {
                  "node": "d",
                  "type": "field-end",
                  "subtype": "bs"
                },
                {
                  "node": "d",
                  "type": "field-start",
                  "subtype": "cm"
                },
                {
                  "node": "d",
                  "frag": ":",
                  "type": "punct",
                  "ref": "P270807.8.3",
                  "lang": "akk-x-stdbab",
                  "gdl_delim": " "
                },
                {
                  "node": "l",
                  "frag": "ša₂",
                  "id": "P270807.l052e2",
                  "ref": "P270807.8.4",
                  "inst": "ša[that]REL",
                  "sig": "@ccpo%akk-x-stdbab:ša₂=ša[that//that]REL'REL$ša",
                  "f": {
                    "lang": "akk-x-stdbab",
                    "form": "ša₂",
                    "cf": "ša",
                    "gw": "that",
                    "sense": "that",
                    "norm": "ša",
                    "pos": "REL",
                    "epos": "REL"
                  }
                },
                {
                  "node": "l",
                  "frag": "ina",
                  "id": "P270807.l052e3",
                  "ref": "P270807.8.5",
                  "inst": "ina[in]PRP",
                  "sig": "@ccpo%akk-x-stdbab:ina=ina[in//in]PRP'PRP$ina",
                  "f": {
                    "lang": "akk-x-stdbab",
                    "form": "ina",
                    "cf": "ina",
                    "gw": "in",
                    "sense": "in",
                    "norm": "ina",
                    "pos": "PRP",
                    "epos": "PRP"
                  }
                },
                {
                  "node": "l",
                  "frag": "la",
                  "id": "P270807.l052e4",
                  "ref": "P270807.8.6",
                  "inst": "lā[not]MOD",
                  "sig": "@ccpo%akk-x-stdbab:la=lā[not//not]MOD'MOD$lā",
                  "f": {
                    "lang": "akk-x-stdbab",
                    "form": "la",
                    "cf": "lā",
                    "gw": "not",
                    "sense": "not",
                    "norm": "lā",
                    "pos": "MOD",
                    "epos": "MOD"
                  }
                },
                {
                  "node": "l",
                  "frag": "ṭe₃-mi-⸢šu₂⸣",
                  "id": "P270807.l052e5",
                  "ref": "P270807.8.7",
                  "inst": "+ṭēmu[(fore)thought]N$ṭēmīšu",
                  "sig": "@ccpo%akk-x-stdbab:ṭe₃-mi-šu₂=ṭēmu[(fore)thought//(fore)thought]N'N$ṭēmīšu",
                  "f": {
                    "lang": "akk-x-stdbab",
                    "form": "ṭe₃-mi-šu₂",
                    "cf": "ṭēmu",
                    "gw": "(fore)thought",
                    "sense": "(fore)thought",
                    "norm": "ṭēmīšu",
                    "pos": "N",
                    "epos": "N"
                  }
                },
                {
                  "node": "d",
                  "type": "field-end",
                  "subtype": "cm"
                },
                {
                  "node": "d",
                  "type": "field-start",
                  "subtype": "zz"
                },
                {
                  "node": "l",
                  "frag": "[x",
                  "id": "P270807.l052e6",
                  "ref": "P270807.8.8",
                  "inst": "u",
                  "f": {
                    "lang": "akk-x-stdbab",
                    "form": "x",
                    "pos": "u"
                  }
                },
                {
                  "node": "l",
                  "frag": "x",
                  "id": "P270807.l052e7",
                  "ref": "P270807.8.9",
                  "inst": "u",
                  "f": {
                    "lang": "akk-x-stdbab",
                    "form": "x",
                    "pos": "u"
                  }
                },
                {
                  "node": "l",
                  "frag": "x",
                  "id": "P270807.l052e8",
                  "ref": "P270807.8.10",
                  "inst": "u",
                  "f": {
                    "lang": "akk-x-stdbab",
                    "form": "x",
                    "pos": "u"
                  }
                },
                {
                  "node": "l",
                  "frag": "x",
                  "id": "P270807.l052e9",
                  "ref": "P270807.8.11",
                  "inst": "u",
                  "f": {
                    "lang": "akk-x-stdbab",
                    "form": "x",
                    "pos": "u"
                  }
                },
                {
                  "node": "l",
                  "frag": "x",
                  "id": "P270807.l052ea",
                  "ref": "P270807.8.12",
                  "inst": "u",
                  "f": {
                    "lang": "akk-x-stdbab",
                    "form": "x",
                    "pos": "u"
                  }
                },
                {
                  "node": "l",
                  "frag": "x]",
                  "id": "P270807.l052eb",
                  "ref": "P270807.8.13",
                  "inst": "u",
                  "f": {
                    "lang": "akk-x-stdbab",
                    "form": "x",
                    "pos": "u"
                  }
                },
                {
                  "node": "d",
                  "type": "nonw",
                  "ref": ""
                },
                {
                  "node": "d",
                  "type": "field-end",
                  "subtype": "zz"
                },
                {
                  "node": "d",
                  "type": "line-start",
                  "ref": "P270807.9",
                  "n": "7",
                  "label": "o 7"
                },
                {
                  "node": "d",
                  "type": "field-start",
                  "subtype": "bs"
                },
                {
                  "node": "l",
                  "frag": "u₂-hab-ba-at",
                  "id": "P270807.l052ec",
                  "ref": "P270807.9.1",
                  "inst": "+habātu[wander]V$uhabbat",
                  "sig": "@ccpo%akk-x-stdbab:u₂-hab-ba-at=habātu[wander//wander]V'V$uhabbat",
                  "f": {
                    "lang": "akk-x-stdbab",
                    "form": "u₂-hab-ba-at",
                    "cf": "habātu",
                    "gw": "wander",
                    "sense": "wander",
                    "norm": "uhabbat",
                    "pos": "V",
                    "epos": "V"
                  }
                },
                {
                  "node": "d",
                  "type": "field-end",
                  "subtype": "bs"
                },
                {
                  "node": "d",
                  "type": "field-start",
                  "subtype": "cm"
                },
                {
                  "node": "d",
                  "frag": ":",
                  "type": "punct",
                  "ref": "P270807.9.2",
                  "lang": "akk-x-stdbab",
                  "gdl_delim": " "
                },
                {
                  "node": "l",
                  "frag": "ša₂",
                  "id": "P270807.l052ed",
                  "ref": "P270807.9.3",
                  "inst": "ša[that]REL",
                  "sig": "@ccpo%akk-x-stdbab:ša₂=ša[that//that]REL'REL$ša",
                  "f": {
                    "lang": "akk-x-stdbab",
                    "form": "ša₂",
                    "cf": "ša",
                    "gw": "that",
                    "sense": "that",
                    "norm": "ša",
                    "pos": "REL",
                    "epos": "REL"
                  }
                },
                {
                  "node": "l",
                  "frag": "ina",
                  "id": "P270807.l052ee",
                  "ref": "P270807.9.4",
                  "inst": "ina[in]PRP",
                  "sig": "@ccpo%akk-x-stdbab:ina=ina[in//in]PRP'PRP$ina",
                  "f": {
                    "lang": "akk-x-stdbab",
                    "form": "ina",
                    "cf": "ina",
                    "gw": "in",
                    "sense": "in",
                    "norm": "ina",
                    "pos": "PRP",
                    "epos": "PRP"
                  }
                },
                {
                  "node": "l",
                  "frag": "ŠU",
                  "id": "P270807.l052ef",
                  "ref": "P270807.9.5",
                  "inst": "+qātu[hand]N$qāti",
                  "sig": "@ccpo%akk-x-stdbab:ŠU=qātu[hand//hand]N'N$qāti",
                  "f": {
                    "lang": "akk-x-stdbab",
                    "form": "ŠU",
                    "cf": "qātu",
                    "gw": "hand",
                    "sense": "hand",
                    "norm": "qāti",
                    "pos": "N",
                    "epos": "N"
                  }
                },
                {
                  "node": "l",
                  "frag": "eš-[x",
                  "id": "P270807.l052f0",
                  "ref": "P270807.9.6",
                  "inst": "u",
                  "f": {
                    "lang": "akk-x-stdbab",
                    "form": "eš-x",
                    "pos": "u"
                  }
                },
                {
                  "node": "l",
                  "frag": "x",
                  "id": "P270807.l052f1",
                  "ref": "P270807.9.7",
                  "inst": "u",
                  "f": {
                    "lang": "akk-x-stdbab",
                    "form": "x",
                    "pos": "u"
                  }
                },
                {
                  "node": "l",
                  "frag": "x",
                  "id": "P270807.l052f2",
                  "ref": "P270807.9.8",
                  "inst": "u",
                  "f": {
                    "lang": "akk-x-stdbab",
                    "form": "x",
                    "pos": "u"
                  }
                },
                {
                  "node": "l",
                  "frag": "x",
                  "id": "P270807.l052f3",
                  "ref": "P270807.9.9",
                  "inst": "u",
                  "f": {
                    "lang": "akk-x-stdbab",
                    "form": "x",
                    "pos": "u"
                  }
                },
                {
                  "node": "l",
                  "frag": "x",
                  "id": "P270807.l052f4",
                  "ref": "P270807.9.10",
                  "inst": "u",
                  "f": {
                    "lang": "akk-x-stdbab",
                    "form": "x",
                    "pos": "u"
                  }
                },
                {
                  "node": "l",
                  "frag": "x",
                  "id": "P270807.l052f5",
                  "ref": "P270807.9.11",
                  "inst": "u",
                  "f": {
                    "lang": "akk-x-stdbab",
                    "form": "x",
                    "pos": "u"
                  }
                },
                {
                  "node": "l",
                  "frag": "x]",
                  "id": "P270807.l052f6",
                  "ref": "P270807.9.12",
                  "inst": "u",
                  "f": {
                    "lang": "akk-x-stdbab",
                    "form": "x",
                    "pos": "u"
                  }
                },
                {
                  "node": "d",
                  "type": "nonw",
                  "ref": ""
                },
                {
                  "node": "d",
                  "type": "field-end",
                  "subtype": "cm"
                },
                {
                  "node": "d",
                  "type": "line-start",
                  "ref": "P270807.10",
                  "n": "8",
                  "label": "o 8"
                },
                {
                  "node": "d",
                  "type": "field-start",
                  "subtype": "cm"
                },
                {
                  "node": "l",
                  "frag": "ša₂",
                  "id": "P270807.l052f7",
                  "ref": "P270807.10.1",
                  "inst": "ša[of]DET",
                  "sig": "@ccpo%akk-x-stdbab:ša₂=ša[of//of]DET'DET$ša",
                  "f": {
                    "lang": "akk-x-stdbab",
                    "form": "ša₂",
                    "cf": "ša",
                    "gw": "of",
                    "sense": "of",
                    "norm": "ša",
                    "pos": "DET",
                    "epos": "DET"
                  }
                },
                {
                  "node": "l",
                  "frag": "a-kal",
                  "id": "P270807.l052f8",
                  "ref": "P270807.10.2",
                  "inst": "akal[bread]N",
                  "sig": "@ccpo%akk-x-stdbab:a-kal=akalu[food//bread]N'N$akal",
                  "f": {
                    "lang": "akk-x-stdbab",
                    "form": "a-kal",
                    "cf": "akalu",
                    "gw": "food",
                    "sense": "bread",
                    "norm": "akal",
                    "pos": "N",
                    "epos": "N"
                  }
                },
                {
                  "node": "l",
                  "frag": "ina",
                  "id": "P270807.l052f9",
                  "ref": "P270807.10.3",
                  "inst": "ina[in]PRP",
                  "sig": "@ccpo%akk-x-stdbab:ina=ina[in//in]PRP'PRP$ina",
                  "f": {
                    "lang": "akk-x-stdbab",
                    "form": "ina",
                    "cf": "ina",
                    "gw": "in",
                    "sense": "in",
                    "norm": "ina",
                    "pos": "PRP",
                    "epos": "PRP"
                  }
                },
                {
                  "node": "l",
                  "frag": "ŠU-MIN-šu₂",
                  "id": "P270807.l052fa",
                  "ref": "P270807.10.4",
                  "inst": "qātāšu[hand]N",
                  "sig": "@ccpo%akk-x-stdbab:ŠU-MIN-šu₂=qātu[hand//hand]N'N$qātāšu",
                  "f": {
                    "lang": "akk-x-stdbab",
                    "form": "ŠU-MIN-šu₂",
                    "cf": "qātu",
                    "gw": "hand",
                    "sense": "hand",
                    "norm": "qātāšu",
                    "pos": "N",
                    "epos": "N"
                  }
                },
                {
                  "node": "d",
                  "frag": ":",
                  "type": "punct",
                  "ref": "P270807.10.5",
                  "lang": "akk-x-stdbab",
                  "gdl_delim": " "
                },
                {
                  "node": "d",
                  "type": "field-end",
                  "subtype": "cm"
                },
                {
                  "node": "d",
                  "type": "field-start",
                  "subtype": "bs"
                },
                {
                  "node": "l",
                  "frag": "u₂-⸢hab⸣-[ba-at",
                  "id": "P270807.l052fb",
                  "ref": "P270807.10.6",
                  "inst": "uhabbat[wander]V",
                  "sig": "@ccpo%akk-x-stdbab:u₂-hab-ba-at=habātu[wander//wander]V'V$uhabbat",
                  "f": {
                    "lang": "akk-x-stdbab",
                    "form": "u₂-hab-ba-at",
                    "cf": "habātu",
                    "gw": "wander",
                    "sense": "wander",
                    "norm": "uhabbat",
                    "pos": "V",
                    "epos": "V"
                  }
                },
                {
                  "node": "d",
                  "type": "field-end",
                  "subtype": "bs"
                },
                {
                  "node": "d",
                  "type": "field-start",
                  "subtype": "zz"
                },
                {
                  "node": "l",
                  "frag": "x",
                  "id": "P270807.l052fc",
                  "ref": "P270807.10.7",
                  "inst": "u",
                  "f": {
                    "lang": "akk-x-stdbab",
                    "form": "x",
                    "pos": "u"
                  }
                },
                {
                  "node": "l",
                  "frag": "x",
                  "id": "P270807.l052fd",
                  "ref": "P270807.10.8",
                  "inst": "u",
                  "f": {
                    "lang": "akk-x-stdbab",
                    "form": "x",
                    "pos": "u"
                  }
                },
                {
                  "node": "l",
                  "frag": "x",
                  "id": "P270807.l052fe",
                  "ref": "P270807.10.9",
                  "inst": "u",
                  "f": {
                    "lang": "akk-x-stdbab",
                    "form": "x",
                    "pos": "u"
                  }
                },
                {
                  "node": "l",
                  "frag": "x",
                  "id": "P270807.l052ff",
                  "ref": "P270807.10.10",
                  "inst": "u",
                  "f": {
                    "lang": "akk-x-stdbab",
                    "form": "x",
                    "pos": "u"
                  }
                },
                {
                  "node": "l",
                  "frag": "x]",
                  "id": "P270807.l05300",
                  "ref": "P270807.10.11",
                  "inst": "u",
                  "f": {
                    "lang": "akk-x-stdbab",
                    "form": "x",
                    "pos": "u"
                  }
                },
                {
                  "node": "d",
                  "type": "nonw",
                  "ref": ""
                },
                {
                  "node": "d",
                  "type": "field-end",
                  "subtype": "zz"
                },
                {
                  "node": "d",
                  "type": "line-start",
                  "ref": "P270807.11",
                  "n": "9",
                  "label": "o 9"
                },
                {
                  "node": "d",
                  "type": "field-start",
                  "subtype": "cm"
                },
                {
                  "node": "l",
                  "frag": "ina",
                  "id": "P270807.l05301",
                  "ref": "P270807.11.1",
                  "inst": "ina[in]PRP",
                  "sig": "@ccpo%akk-x-stdbab:ina=ina[in//in]PRP'PRP$ina",
                  "f": {
                    "lang": "akk-x-stdbab",
                    "form": "ina",
                    "cf": "ina",
                    "gw": "in",
                    "sense": "in",
                    "norm": "ina",
                    "pos": "PRP",
                    "epos": "PRP"
                  }
                },
                {
                  "node": "l",
                  "frag": "pi-i-šu₂",
                  "id": "P270807.l05302",
                  "ref": "P270807.11.2",
                  "inst": "pîšu[command]N",
                  "sig": "@ccpo%akk-x-stdbab:pi-i-šu₂=pû[mouth//command]N'N$pîšu",
                  "f": {
                    "lang": "akk-x-stdbab",
                    "form": "pi-i-šu₂",
                    "cf": "pû",
                    "gw": "mouth",
                    "sense": "command",
                    "norm": "pîšu",
                    "pos": "N",
                    "epos": "N"
                  }
                },
                {
                  "node": "l",
                  "frag": "ma-⸢ar₂⸣-[x",
                  "id": "P270807.l05303",
                  "ref": "P270807.11.3",
                  "inst": "u",
                  "f": {
                    "lang": "akk-x-stdbab",
                    "form": "ma-ar₂-x",
                    "pos": "u"
                  }
                },
                {
                  "node": "d",
                  "type": "field-end",
                  "subtype": "cm"
                },
                {
                  "node": "d",
                  "type": "field-start",
                  "subtype": "zz"
                },
                {
                  "node": "l",
                  "frag": "x",
                  "id": "P270807.l05304",
                  "ref": "P270807.11.4",
                  "inst": "u",
                  "f": {
                    "lang": "akk-x-stdbab",
                    "form": "x",
                    "pos": "u"
                  }
                },
                {
                  "node": "l",
                  "frag": "x",
                  "id": "P270807.l05305",
                  "ref": "P270807.11.5",
                  "inst": "u",
                  "f": {
                    "lang": "akk-x-stdbab",
                    "form": "x",
                    "pos": "u"
                  }
                },
                {
                  "node": "l",
                  "frag": "x",
                  "id": "P270807.l05306",
                  "ref": "P270807.11.6",
                  "inst": "u",
                  "f": {
                    "lang": "akk-x-stdbab",
                    "form": "x",
                    "pos": "u"
                  }
                },
                {
                  "node": "l",
                  "frag": "x",
                  "id": "P270807.l05307",
                  "ref": "P270807.11.7",
                  "inst": "u",
                  "f": {
                    "lang": "akk-x-stdbab",
                    "form": "x",
                    "pos": "u"
                  }
                },
                {
                  "node": "l",
                  "frag": "x",
                  "id": "P270807.l05308",
                  "ref": "P270807.11.8",
                  "inst": "u",
                  "f": {
                    "lang": "akk-x-stdbab",
                    "form": "x",
                    "pos": "u"
                  }
                },
                {
                  "node": "l",
                  "frag": "x",
                  "id": "P270807.l05309",
                  "ref": "P270807.11.9",
                  "inst": "u",
                  "f": {
                    "lang": "akk-x-stdbab",
                    "form": "x",
                    "pos": "u"
                  }
                },
                {
                  "node": "l",
                  "frag": "x",
                  "id": "P270807.l0530a",
                  "ref": "P270807.11.10",
                  "inst": "u",
                  "f": {
                    "lang": "akk-x-stdbab",
                    "form": "x",
                    "pos": "u"
                  }
                },
                {
                  "node": "l",
                  "frag": "x]",
                  "id": "P270807.l0530b",
                  "ref": "P270807.11.11",
                  "inst": "u",
                  "f": {
                    "lang": "akk-x-stdbab",
                    "form": "x",
                    "pos": "u"
                  }
                },
                {
                  "node": "d",
                  "type": "field-end",
                  "subtype": "zz"
                },
                {
                  "node": "d",
                  "type": "line-start",
                  "ref": "P270807.12",
                  "n": "10",
                  "label": "o 10"
                },
                {
                  "node": "d",
                  "type": "field-start",
                  "subtype": "cm"
                },
                {
                  "node": "l",
                  "frag": "ša₂",
                  "id": "P270807.l0530c",
                  "ref": "P270807.12.1",
                  "inst": "ša[that]REL",
                  "sig": "@ccpo%akk-x-stdbab:ša₂=ša[that//that]REL'REL$ša",
                  "f": {
                    "lang": "akk-x-stdbab",
                    "form": "ša₂",
                    "cf": "ša",
                    "gw": "that",
                    "sense": "that",
                    "norm": "ša",
                    "pos": "REL",
                    "epos": "REL"
                  }
                },
                {
                  "node": "l",
                  "frag": "ina",
                  "id": "P270807.l0530d",
                  "ref": "P270807.12.2",
                  "inst": "ina[in]PRP",
                  "sig": "@ccpo%akk-x-stdbab:ina=ina[in//in]PRP'PRP$ina",
                  "f": {
                    "lang": "akk-x-stdbab",
                    "form": "ina",
                    "cf": "ina",
                    "gw": "in",
                    "sense": "in",
                    "norm": "ina",
                    "pos": "PRP",
                    "epos": "PRP"
                  }
                },
                {
                  "node": "l",
                  "frag": "la",
                  "id": "P270807.l0530e",
                  "ref": "P270807.12.3",
                  "inst": "lā[not]MOD",
                  "sig": "@ccpo%akk-x-stdbab:la=lā[not//not]MOD'MOD$lā",
                  "f": {
                    "lang": "akk-x-stdbab",
                    "form": "la",
                    "cf": "lā",
                    "gw": "not",
                    "sense": "not",
                    "norm": "lā",
                    "pos": "MOD",
                    "epos": "MOD"
                  }
                },
                {
                  "node": "l",
                  "frag": "ṭe₃-[mi-šu₂",
                  "id": "P270807.l0530f",
                  "ref": "P270807.12.4",
                  "inst": "ṭēmīšu[(fore)thought]N",
                  "sig": "@ccpo%akk-x-stdbab:ṭe₃-mi-šu₂=ṭēmu[(fore)thought//(fore)thought]N'N$ṭēmīšu",
                  "f": {
                    "lang": "akk-x-stdbab",
                    "form": "ṭe₃-mi-šu₂",
                    "cf": "ṭēmu",
                    "gw": "(fore)thought",
                    "sense": "(fore)thought",
                    "norm": "ṭēmīšu",
                    "pos": "N",
                    "epos": "N"
                  }
                },
                {
                  "node": "d",
                  "type": "field-end",
                  "subtype": "cm"
                },
                {
                  "node": "d",
                  "type": "field-start",
                  "subtype": "zz"
                },
                {
                  "node": "l",
                  "frag": "x",
                  "id": "P270807.l05310",
                  "ref": "P270807.12.5",
                  "inst": "u",
                  "f": {
                    "lang": "akk-x-stdbab",
                    "form": "x",
                    "pos": "u"
                  }
                },
                {
                  "node": "l",
                  "frag": "x",
                  "id": "P270807.l05311",
                  "ref": "P270807.12.6",
                  "inst": "u",
                  "f": {
                    "lang": "akk-x-stdbab",
                    "form": "x",
                    "pos": "u"
                  }
                },
                {
                  "node": "l",
                  "frag": "x",
                  "id": "P270807.l05312",
                  "ref": "P270807.12.7",
                  "inst": "u",
                  "f": {
                    "lang": "akk-x-stdbab",
                    "form": "x",
                    "pos": "u"
                  }
                },
                {
                  "node": "l",
                  "frag": "x",
                  "id": "P270807.l05313",
                  "ref": "P270807.12.8",
                  "inst": "u",
                  "f": {
                    "lang": "akk-x-stdbab",
                    "form": "x",
                    "pos": "u"
                  }
                },
                {
                  "node": "l",
                  "frag": "x",
                  "id": "P270807.l05314",
                  "ref": "P270807.12.9",
                  "inst": "u",
                  "f": {
                    "lang": "akk-x-stdbab",
                    "form": "x",
                    "pos": "u"
                  }
                },
                {
                  "node": "l",
                  "frag": "x",
                  "id": "P270807.l05315",
                  "ref": "P270807.12.10",
                  "inst": "u",
                  "f": {
                    "lang": "akk-x-stdbab",
                    "form": "x",
                    "pos": "u"
                  }
                },
                {
                  "node": "l",
                  "frag": "x",
                  "id": "P270807.l05316",
                  "ref": "P270807.12.11",
                  "inst": "u",
                  "f": {
                    "lang": "akk-x-stdbab",
                    "form": "x",
                    "pos": "u"
                  }
                },
                {
                  "node": "l",
                  "frag": "x",
                  "id": "P270807.l05317",
                  "ref": "P270807.12.12",
                  "inst": "u",
                  "f": {
                    "lang": "akk-x-stdbab",
                    "form": "x",
                    "pos": "u"
                  }
                },
                {
                  "node": "l",
                  "frag": "x]",
                  "id": "P270807.l05318",
                  "ref": "P270807.12.13",
                  "inst": "u",
                  "f": {
                    "lang": "akk-x-stdbab",
                    "form": "x",
                    "pos": "u"
                  }
                },
                {
                  "node": "d",
                  "type": "field-end",
                  "subtype": "zz"
                },
                {
                  "node": "d",
                  "type": "line-start",
                  "ref": "P270807.13",
                  "n": "11",
                  "label": "o 11"
                },
                {
                  "node": "d",
                  "type": "field-start",
                  "subtype": "zz"
                },
                {
                  "node": "l",
                  "frag": "ka-⸢x⸣",
                  "id": "P270807.l05319",
                  "ref": "P270807.13.1",
                  "inst": "u",
                  "f": {
                    "lang": "akk-x-stdbab",
                    "form": "ka-x",
                    "pos": "u"
                  }
                },
                {
                  "node": "l",
                  "frag": "[...]",
                  "id": "P270807.l0531a",
                  "ref": "P270807.13.2",
                  "inst": "u",
                  "f": {
                    "lang": "akk-x-stdbab",
                    "form": "x",
                    "pos": "u"
                  }
                },
                {
                  "node": "d",
                  "type": "field-end",
                  "subtype": "zz"
                },
                {
                  "node": "d",
                  "type": "line-start",
                  "ref": "P270807.14",
                  "n": "12",
                  "label": "o 12"
                },
                {
                  "node": "d",
                  "type": "field-start",
                  "subtype": "zz"
                },
                {
                  "node": "l",
                  "frag": "⸢x⸣",
                  "id": "P270807.l0531b",
                  "ref": "P270807.14.1",
                  "inst": "u",
                  "f": {
                    "lang": "akk-x-stdbab",
                    "form": "x",
                    "pos": "u"
                  }
                },
                {
                  "node": "l",
                  "frag": "[...]",
                  "id": "P270807.l0531c",
                  "ref": "P270807.14.2",
                  "inst": "u",
                  "f": {
                    "lang": "akk-x-stdbab",
                    "form": "x",
                    "pos": "u"
                  }
                },
                {
                  "node": "d",
                  "type": "field-end",
                  "subtype": "zz"
                }
              ]
            }
          ]
        }
      ]
    }
  ]
}
