{
  "type": "cdl",
  "source": "http://oracc.org/ccpo",
  "license": "This data is released under the CC0 license",
  "license-url": "https://creativecommons.org/publicdomain/zero/1.0/",
  "more-info": "http://oracc.org/doc/opendata/",
  "UTC-timestamp": "2017-06-09T23:25:06",
  "project": "ccpo",
  "textid": "P461234",
  "cdl": [
    {
      "node": "c",
      "type": "text",
      "id": "P461234.U0",
      "cdl": [
        {
          "node": "d",
          "subtype": "tablet",
          "type": "tablet",
          "ref": "P461234.x153.1",
          "label": "x153"
        },
        {
          "node": "d",
          "subtype": "obverse",
          "type": "obverse",
          "ref": "P461234.o.2",
          "label": "o"
        },
        {
          "node": "c",
          "type": "discourse",
          "subtype": "body",
          "id": "P461234.U1",
          "cdl": [
            {
              "node": "c",
              "type": "sentence",
              "id": "P461234.U2",
              "label": "o 1 - o 13",
              "cdl": [
                {
                  "node": "d",
                  "type": "line-start",
                  "ref": "P461234.3",
                  "n": "1",
                  "label": "o 1"
                },
                {
                  "node": "d",
                  "type": "field-start",
                  "subtype": "bs"
                },
                {
                  "node": "l",
                  "frag": "[ner]-⸢ru⸣-bu",
                  "id": "P461234.l06cb9",
                  "ref": "P461234.3.1",
                  "inst": "+nērubu[flee//fleeing]V'N$",
                  "sig": "@ccpo%akk-x-stdbab:ner-ru-bu=nērubu[flee//fleeing]V'N$nērubu",
                  "f": {
                    "lang": "akk-x-stdbab",
                    "form": "ner-ru-bu",
                    "cf": "nērubu",
                    "gw": "flee",
                    "sense": "fleeing",
                    "norm": "nērubu",
                    "pos": "V",
                    "epos": "N"
                  }
                },
                {
                  "node": "d",
                  "type": "field-end",
                  "subtype": "bs"
                },
                {
                  "node": "d",
                  "type": "field-start",
                  "subtype": "cm"
                },
                {
                  "node": "d",
                  "frag": ":",
                  "type": "punct",
                  "ref": "P461234.3.2",
                  "lang": "akk-x-stdbab",
                  "gdl_delim": " "
                },
                {
                  "node": "l",
                  "frag": "la-sa-mu",
                  "id": "P461234.l06cba",
                  "ref": "P461234.3.3",
                  "inst": "+lasāmu[run//running]V'N$",
                  "sig": "@ccpo%akk-x-stdbab:la-sa-mu=lasāmu[run//running]V'N$lasāmu",
                  "f": {
                    "lang": "akk-x-stdbab",
                    "form": "la-sa-mu",
                    "cf": "lasāmu",
                    "gw": "run",
                    "sense": "running",
                    "norm": "lasāmu",
                    "pos": "V",
                    "epos": "N"
                  }
                },
                {
                  "node": "d",
                  "frag": ":",
                  "type": "punct",
                  "ref": "P461234.3.4",
                  "lang": "akk-x-stdbab",
                  "gdl_delim": " "
                },
                {
                  "node": "l",
                  "frag": "ner-⸢ru⸣-[bu",
                  "id": "P461234.l06cbb",
                  "ref": "P461234.3.5",
                  "inst": "nērubu[fleeing]'N",
                  "sig": "@ccpo%akk-x-stdbab:ner-ru-bu=nērubu[flee//fleeing]V'N$nērubu",
                  "f": {
                    "lang": "akk-x-stdbab",
                    "form": "ner-ru-bu",
                    "cf": "nērubu",
                    "gw": "flee",
                    "sense": "fleeing",
                    "norm": "nērubu",
                    "pos": "V",
                    "epos": "N"
                  }
                },
                {
                  "node": "d",
                  "frag": ":",
                  "type": "punct",
                  "ref": "P461234.3.6",
                  "lang": "akk-x-stdbab",
                  "gdl_delim": " "
                },
                {
                  "node": "d",
                  "type": "field-end",
                  "subtype": "cm"
                },
                {
                  "node": "d",
                  "type": "field-start",
                  "subtype": "zz"
                },
                {
                  "node": "l",
                  "frag": "...]",
                  "id": "P461234.l06cbc",
                  "ref": "P461234.3.7",
                  "inst": "u",
                  "f": {
                    "lang": "akk-x-stdbab",
                    "form": "x",
                    "pos": "u"
                  }
                },
                {
                  "node": "d",
                  "type": "nonw",
                  "ref": ""
                },
                {
                  "node": "d",
                  "type": "field-end",
                  "subtype": "zz"
                },
                {
                  "node": "d",
                  "type": "line-start",
                  "ref": "P461234.4",
                  "n": "2",
                  "label": "o 2"
                },
                {
                  "node": "d",
                  "type": "field-start",
                  "subtype": "bs"
                },
                {
                  "node": "l",
                  "frag": "ri-⸢ʾ-i⸣-tu₄",
                  "id": "P461234.l06cbd",
                  "ref": "P461234.4.1",
                  "inst": "+rîtu[pasture]N$riʾītu",
                  "sig": "@ccpo%akk-x-stdbab:ri-ʾ-i-tu₄=rîtu[pasture//pasture]N'N$riʾītu",
                  "f": {
                    "lang": "akk-x-stdbab",
                    "form": "ri-ʾ-i-tu₄",
                    "cf": "rîtu",
                    "gw": "pasture",
                    "sense": "pasture",
                    "norm": "riʾītu",
                    "pos": "N",
                    "epos": "N"
                  }
                },
                {
                  "node": "d",
                  "type": "field-end",
                  "subtype": "bs"
                },
                {
                  "node": "d",
                  "type": "field-start",
                  "subtype": "cm"
                },
                {
                  "node": "d",
                  "frag": ":",
                  "type": "punct",
                  "ref": "P461234.4.2",
                  "lang": "akk-x-stdbab",
                  "gdl_delim": " "
                },
                {
                  "node": "l",
                  "frag": "ma-ka-lu-u₂",
                  "id": "P461234.l06cbe",
                  "ref": "P461234.4.3",
                  "inst": "mākālû[food]N",
                  "sig": "@ccpo%akk-x-stdbab:ma-ka-lu-u₂=mākālû[meal//food]N'N$mākālû",
                  "f": {
                    "lang": "akk-x-stdbab",
                    "form": "ma-ka-lu-u₂",
                    "cf": "mākālû",
                    "gw": "meal",
                    "sense": "food",
                    "norm": "mākālû",
                    "pos": "N",
                    "epos": "N"
                  }
                },
                {
                  "node": "d",
                  "type": "field-end",
                  "subtype": "cm"
                },
                {
                  "node": "d",
                  "type": "field-start",
                  "subtype": "zz"
                },
                {
                  "node": "d",
                  "frag": ":",
                  "type": "punct",
                  "ref": "P461234.4.4",
                  "lang": "akk-x-stdbab",
                  "gdl_delim": " "
                },
                {
                  "node": "l",
                  "frag": "⸢la⸣-[ʾ-u₂",
                  "id": "P461234.l06cbf",
                  "ref": "P461234.4.5",
                  "inst": "+laʾû[small child]N$",
                  "sig": "@ccpo%akk-x-stdbab:la-ʾ-u₂=laʾû[small child//small child]N'N$laʾû",
                  "f": {
                    "lang": "akk-x-stdbab",
                    "form": "la-ʾ-u₂",
                    "cf": "laʾû",
                    "gw": "small child",
                    "sense": "small child",
                    "norm": "laʾû",
                    "pos": "N",
                    "epos": "N"
                  }
                },
                {
                  "node": "d",
                  "frag": ":",
                  "type": "punct",
                  "ref": "P461234.4.6",
                  "lang": "akk-x-stdbab",
                  "gdl_delim": " "
                },
                {
                  "node": "l",
                  "frag": "...]",
                  "id": "P461234.l06cc0",
                  "ref": "P461234.4.7",
                  "inst": "u",
                  "f": {
                    "lang": "akk-x-stdbab",
                    "form": "x",
                    "pos": "u"
                  }
                },
                {
                  "node": "d",
                  "type": "nonw",
                  "ref": ""
                },
                {
                  "node": "d",
                  "type": "field-end",
                  "subtype": "zz"
                },
                {
                  "node": "d",
                  "type": "line-start",
                  "ref": "P461234.5",
                  "n": "2a",
                  "label": "o 2a"
                },
                {
                  "node": "d",
                  "type": "field-start",
                  "subtype": "cm"
                },
                {
                  "node": "l",
                  "frag": "ša₂-niš",
                  "id": "P461234.l06cc1",
                  "ref": "P461234.5.1",
                  "inst": "šanîš[alternatively]AV",
                  "sig": "@ccpo%akk-x-stdbab:ša₂-niš=šanîš[otherwise//alternatively]AV'AV$šanîš",
                  "f": {
                    "lang": "akk-x-stdbab",
                    "form": "ša₂-niš",
                    "cf": "šanîš",
                    "gw": "otherwise",
                    "sense": "alternatively",
                    "norm": "šanîš",
                    "pos": "AV",
                    "epos": "AV"
                  }
                },
                {
                  "node": "l",
                  "frag": "la-ʾ-u₂",
                  "id": "P461234.l06cc2",
                  "ref": "P461234.5.2",
                  "inst": "laʾû[small child]N",
                  "sig": "@ccpo%akk-x-stdbab:la-ʾ-u₂=laʾû[small child//small child]N'N$laʾû",
                  "f": {
                    "lang": "akk-x-stdbab",
                    "form": "la-ʾ-u₂",
                    "cf": "laʾû",
                    "gw": "small child",
                    "sense": "small child",
                    "norm": "laʾû",
                    "pos": "N",
                    "epos": "N"
                  }
                },
                {
                  "node": "d",
                  "type": "field-end",
                  "subtype": "cm"
                },
                {
                  "node": "d",
                  "type": "field-start",
                  "subtype": "zz"
                },
                {
                  "node": "l",
                  "frag": "[...]",
                  "id": "P461234.l06cc3",
                  "ref": "P461234.5.3",
                  "inst": "u",
                  "f": {
                    "lang": "akk-x-stdbab",
                    "form": "x",
                    "pos": "u"
                  }
                },
                {
                  "node": "d",
                  "type": "nonw",
                  "ref": ""
                },
                {
                  "node": "d",
                  "type": "field-end",
                  "subtype": "zz"
                },
                {
                  "node": "d",
                  "type": "line-start",
                  "ref": "P461234.6",
                  "n": "3",
                  "label": "o 3"
                },
                {
                  "node": "d",
                  "type": "field-start",
                  "subtype": "cm"
                },
                {
                  "node": "l",
                  "frag": "ne-e-⸢šu⸣",
                  "id": "P461234.l06cc4",
                  "ref": "P461234.6.1",
                  "inst": "+nēšu[lion]N$",
                  "sig": "@ccpo%akk-x-stdbab:ne-e-šu=nēšu[lion//lion]N'N$nēšu",
                  "f": {
                    "lang": "akk-x-stdbab",
                    "form": "ne-e-šu",
                    "cf": "nēšu",
                    "gw": "lion",
                    "sense": "lion",
                    "norm": "nēšu",
                    "pos": "N",
                    "epos": "N"
                  }
                },
                {
                  "node": "d",
                  "type": "field-end",
                  "subtype": "cm"
                },
                {
                  "node": "d",
                  "type": "field-start",
                  "subtype": "zz"
                },
                {
                  "node": "d",
                  "frag": "⸢:⸣",
                  "type": "punct",
                  "ref": "P461234.6.2",
                  "lang": "akk-x-stdbab",
                  "gdl_delim": " "
                },
                {
                  "node": "d",
                  "frag": "<<x",
                  "type": "excised",
                  "ref": "P461234.6.3",
                  "lang": "akk-x-stdbab",
                  "gdl_delim": " "
                },
                {
                  "node": "d",
                  "frag": "x",
                  "type": "excised",
                  "ref": "P461234.6.4",
                  "lang": "akk-x-stdbab",
                  "gdl_delim": " "
                },
                {
                  "node": "d",
                  "frag": "x>>",
                  "type": "excised",
                  "ref": "P461234.6.5",
                  "lang": "akk-x-stdbab",
                  "gdl_delim": " "
                },
                {
                  "node": "d",
                  "frag": ":",
                  "type": "punct",
                  "ref": "P461234.6.6",
                  "lang": "akk-x-stdbab",
                  "gdl_delim": " "
                },
                {
                  "node": "d",
                  "type": "field-end",
                  "subtype": "zz"
                },
                {
                  "node": "d",
                  "type": "field-start",
                  "subtype": "bs"
                },
                {
                  "node": "l",
                  "frag": "na-za-⸢qu⸣",
                  "id": "P461234.l06cc5",
                  "ref": "P461234.6.7",
                  "inst": "nazāqu[worrying]'N",
                  "sig": "@ccpo%akk-x-stdbab:na-za-qu=nazāqu[creak//worrying]V'N$nazāqu",
                  "f": {
                    "lang": "akk-x-stdbab",
                    "form": "na-za-qu",
                    "cf": "nazāqu",
                    "gw": "creak",
                    "sense": "worrying",
                    "norm": "nazāqu",
                    "pos": "V",
                    "epos": "N"
                  }
                },
                {
                  "node": "d",
                  "type": "field-end",
                  "subtype": "bs"
                },
                {
                  "node": "d",
                  "type": "field-start",
                  "subtype": "zz"
                },
                {
                  "node": "l",
                  "frag": "[...]",
                  "id": "P461234.l06cc6",
                  "ref": "P461234.6.8",
                  "inst": "u",
                  "f": {
                    "lang": "akk-x-stdbab",
                    "form": "x",
                    "pos": "u"
                  }
                },
                {
                  "node": "d",
                  "type": "nonw",
                  "ref": ""
                },
                {
                  "node": "d",
                  "type": "field-end",
                  "subtype": "zz"
                },
                {
                  "node": "d",
                  "type": "line-start",
                  "ref": "P461234.7",
                  "n": "4",
                  "label": "o 4"
                },
                {
                  "node": "d",
                  "type": "field-start",
                  "subtype": "bs"
                },
                {
                  "node": "l",
                  "frag": "ta-šim-tu₄",
                  "id": "P461234.l06cc7",
                  "ref": "P461234.7.1",
                  "inst": "+tašīmtu[discernment]N$",
                  "sig": "@ccpo%akk-x-stdbab:ta-šim-tu₄=tašīmtu[discernment//discernment]N'N$tašīmtu",
                  "f": {
                    "lang": "akk-x-stdbab",
                    "form": "ta-šim-tu₄",
                    "cf": "tašīmtu",
                    "gw": "discernment",
                    "sense": "discernment",
                    "norm": "tašīmtu",
                    "pos": "N",
                    "epos": "N"
                  }
                },
                {
                  "node": "d",
                  "type": "field-end",
                  "subtype": "bs"
                },
                {
                  "node": "d",
                  "type": "field-start",
                  "subtype": "cm"
                },
                {
                  "node": "d",
                  "frag": ":",
                  "type": "punct",
                  "ref": "P461234.7.2",
                  "lang": "akk-x-stdbab",
                  "gdl_delim": " "
                },
                {
                  "node": "l",
                  "frag": "⸢mil-ku⸣",
                  "id": "P461234.l06cc8",
                  "ref": "P461234.7.3",
                  "inst": "+milku[advice]N$",
                  "sig": "@ccpo%akk-x-stdbab:mil-ku=milku[advice//advice]N'N$milku",
                  "f": {
                    "lang": "akk-x-stdbab",
                    "form": "mil-ku",
                    "cf": "milku",
                    "gw": "advice",
                    "sense": "advice",
                    "norm": "milku",
                    "pos": "N",
                    "epos": "N"
                  }
                },
                {
                  "node": "d",
                  "type": "field-end",
                  "subtype": "cm"
                },
                {
                  "node": "d",
                  "type": "field-start",
                  "subtype": "zz"
                },
                {
                  "node": "d",
                  "frag": "⸢:",
                  "type": "punct",
                  "ref": "P461234.7.4",
                  "lang": "akk-x-stdbab",
                  "gdl_delim": " "
                },
                {
                  "node": "l",
                  "frag": "x⸣-e",
                  "id": "P461234.l06cc9",
                  "ref": "P461234.7.5",
                  "inst": "u",
                  "f": {
                    "lang": "akk-x-stdbab",
                    "form": "x-e",
                    "pos": "u"
                  }
                },
                {
                  "node": "l",
                  "frag": "lam-mu",
                  "id": "P461234.l06cca",
                  "ref": "P461234.7.6",
                  "inst": "X",
                  "f": {
                    "lang": "akk-x-stdbab",
                    "form": "lam-mu",
                    "pos": "X"
                  }
                },
                {
                  "node": "d",
                  "frag": ":",
                  "type": "punct",
                  "ref": "P461234.7.7",
                  "lang": "akk-x-stdbab",
                  "gdl_delim": " "
                },
                {
                  "node": "l",
                  "frag": "⸢x⸣-[...]",
                  "id": "P461234.l06ccb",
                  "ref": "P461234.7.8",
                  "inst": "u",
                  "f": {
                    "lang": "akk-x-stdbab",
                    "form": "x-x",
                    "pos": "u"
                  }
                },
                {
                  "node": "d",
                  "type": "nonw",
                  "ref": ""
                },
                {
                  "node": "d",
                  "type": "field-end",
                  "subtype": "zz"
                },
                {
                  "node": "d",
                  "type": "line-start",
                  "ref": "P461234.8",
                  "n": "5",
                  "label": "o 5"
                },
                {
                  "node": "d",
                  "type": "field-start",
                  "subtype": "bs"
                },
                {
                  "node": "l",
                  "frag": "a-la-⸢la⸣",
                  "id": "P461234.l06ccc",
                  "ref": "P461234.8.1",
                  "inst": "+alālu[work song]N$",
                  "sig": "@ccpo%akk-x-stdbab:a-la-la=alālu[work song//work song]N'N$alālu",
                  "f": {
                    "lang": "akk-x-stdbab",
                    "form": "a-la-la",
                    "cf": "alālu",
                    "gw": "work song",
                    "sense": "work song",
                    "norm": "alālu",
                    "pos": "N",
                    "epos": "N"
                  }
                },
                {
                  "node": "d",
                  "type": "field-end",
                  "subtype": "bs"
                },
                {
                  "node": "d",
                  "type": "field-start",
                  "subtype": "zz"
                },
                {
                  "node": "d",
                  "frag": "⸢:",
                  "type": "punct",
                  "ref": "P461234.8.2",
                  "lang": "akk-x-stdbab",
                  "gdl_delim": " "
                },
                {
                  "node": "l",
                  "frag": "ne-x-x⸣",
                  "id": "P461234.l06ccd",
                  "ref": "P461234.8.3",
                  "inst": "u",
                  "f": {
                    "lang": "akk-x-stdbab",
                    "form": "ne-x-x",
                    "pos": "u"
                  }
                },
                {
                  "node": "l",
                  "frag": "[...]",
                  "id": "P461234.l06cce",
                  "ref": "P461234.8.4",
                  "inst": "u",
                  "f": {
                    "lang": "akk-x-stdbab",
                    "form": "x",
                    "pos": "u"
                  }
                },
                {
                  "node": "d",
                  "type": "field-end",
                  "subtype": "zz"
                },
                {
                  "node": "d",
                  "type": "line-start",
                  "ref": "P461234.9",
                  "n": "6",
                  "label": "o 6"
                },
                {
                  "node": "d",
                  "type": "field-start",
                  "subtype": "bs"
                },
                {
                  "node": "l",
                  "frag": "man-gu",
                  "id": "P461234.l06ccf",
                  "ref": "P461234.9.1",
                  "inst": "mangu[(a skin disease)]N",
                  "sig": "@ccpo%akk-x-stdbab:man-gu=mangu[(a skin disease)//(a skin disease)]N'N$mangu",
                  "f": {
                    "lang": "akk-x-stdbab",
                    "form": "man-gu",
                    "cf": "mangu",
                    "gw": "(a skin disease)",
                    "sense": "(a skin disease)",
                    "norm": "mangu",
                    "pos": "N",
                    "epos": "N"
                  }
                },
                {
                  "node": "d",
                  "type": "field-end",
                  "subtype": "bs"
                },
                {
                  "node": "d",
                  "type": "field-start",
                  "subtype": "cm"
                },
                {
                  "node": "d",
                  "frag": ":",
                  "type": "punct",
                  "ref": "P461234.9.2",
                  "lang": "akk-x-stdbab",
                  "gdl_delim": " "
                },
                {
                  "node": "l",
                  "frag": "mur-ṣu",
                  "id": "P461234.l06cd0",
                  "ref": "P461234.9.3",
                  "inst": "murṣu[illness]N",
                  "sig": "@ccpo%akk-x-stdbab:mur-ṣu=murṣu[illness//illness]N'N$murṣu",
                  "f": {
                    "lang": "akk-x-stdbab",
                    "form": "mur-ṣu",
                    "cf": "murṣu",
                    "gw": "illness",
                    "sense": "illness",
                    "norm": "murṣu",
                    "pos": "N",
                    "epos": "N"
                  }
                },
                {
                  "node": "d",
                  "type": "field-end",
                  "subtype": "cm"
                },
                {
                  "node": "d",
                  "type": "field-start",
                  "subtype": "zz"
                },
                {
                  "node": "d",
                  "frag": ":",
                  "type": "punct",
                  "ref": "P461234.9.4",
                  "lang": "akk-x-stdbab",
                  "gdl_delim": " "
                },
                {
                  "node": "l",
                  "frag": "mi-i-[x",
                  "id": "P461234.l06cd1",
                  "ref": "P461234.9.5",
                  "inst": "u",
                  "f": {
                    "lang": "akk-x-stdbab",
                    "form": "mi-i-x",
                    "pos": "u"
                  }
                },
                {
                  "node": "l",
                  "frag": "...]",
                  "id": "P461234.l06cd2",
                  "ref": "P461234.9.6",
                  "inst": "u",
                  "f": {
                    "lang": "akk-x-stdbab",
                    "form": "x",
                    "pos": "u"
                  }
                },
                {
                  "node": "d",
                  "type": "nonw",
                  "ref": ""
                },
                {
                  "node": "d",
                  "type": "field-end",
                  "subtype": "zz"
                },
                {
                  "node": "d",
                  "type": "line-start",
                  "ref": "P461234.10",
                  "n": "7",
                  "label": "o 7"
                },
                {
                  "node": "d",
                  "type": "field-start",
                  "subtype": "bs"
                },
                {
                  "node": "l",
                  "frag": "a-nu-um-mu",
                  "id": "P461234.l06cd3",
                  "ref": "P461234.10.1",
                  "inst": "+anummu[to me]IP$",
                  "sig": "@ccpo%akk-x-stdbab:a-nu-um-mu=anummu[to me//to me]IP'IP$anummu",
                  "f": {
                    "lang": "akk-x-stdbab",
                    "form": "a-nu-um-mu",
                    "cf": "anummu",
                    "gw": "to me",
                    "sense": "to me",
                    "norm": "anummu",
                    "pos": "IP",
                    "epos": "IP"
                  }
                },
                {
                  "node": "d",
                  "type": "field-end",
                  "subtype": "bs"
                },
                {
                  "node": "d",
                  "type": "field-start",
                  "subtype": "cm"
                },
                {
                  "node": "d",
                  "frag": ":",
                  "type": "punct",
                  "ref": "P461234.10.2",
                  "lang": "akk-x-stdbab",
                  "gdl_delim": " "
                },
                {
                  "node": "l",
                  "frag": "a-na",
                  "id": "P461234.l06cd4",
                  "ref": "P461234.10.3",
                  "inst": "ana[to]PRP",
                  "sig": "@ccpo%akk-x-stdbab:a-na=ana[to//to]PRP'PRP$ana",
                  "f": {
                    "lang": "akk-x-stdbab",
                    "form": "a-na",
                    "cf": "ana",
                    "gw": "to",
                    "sense": "to",
                    "norm": "ana",
                    "pos": "PRP",
                    "epos": "PRP"
                  }
                },
                {
                  "node": "l",
                  "frag": "ia-a-[ši",
                  "id": "P461234.l06cd5",
                  "ref": "P461234.10.4",
                  "inst": "yâši[to me]IP",
                  "sig": "@ccpo%akk-x-stdbab:ia-a-ši=yâšim[to me//to me]IP'IP$yâši",
                  "f": {
                    "lang": "akk-x-stdbab",
                    "form": "ia-a-ši",
                    "cf": "yâšim",
                    "gw": "to me",
                    "sense": "to me",
                    "norm": "yâši",
                    "pos": "IP",
                    "epos": "IP"
                  }
                },
                {
                  "node": "d",
                  "type": "field-end",
                  "subtype": "cm"
                },
                {
                  "node": "d",
                  "type": "field-start",
                  "subtype": "zz"
                },
                {
                  "node": "l",
                  "frag": "...]",
                  "id": "P461234.l06cd6",
                  "ref": "P461234.10.5",
                  "inst": "u",
                  "f": {
                    "lang": "akk-x-stdbab",
                    "form": "x",
                    "pos": "u"
                  }
                },
                {
                  "node": "d",
                  "type": "nonw",
                  "ref": ""
                },
                {
                  "node": "d",
                  "type": "field-end",
                  "subtype": "zz"
                },
                {
                  "node": "d",
                  "type": "line-start",
                  "ref": "P461234.11",
                  "n": "8",
                  "label": "o 8"
                },
                {
                  "node": "d",
                  "type": "field-start",
                  "subtype": "qt"
                },
                {
                  "node": "l",
                  "frag": "ka-a-ta",
                  "id": "P461234.l06cd7",
                  "ref": "P461234.11.1",
                  "inst": "kâta[you]IP",
                  "sig": "@ccpo%akk-x-stdbab:ka-a-ta=kâti[you//you]IP'IP$kâta",
                  "f": {
                    "lang": "akk-x-stdbab",
                    "form": "ka-a-ta",
                    "cf": "kâti",
                    "gw": "you",
                    "sense": "you",
                    "norm": "kâta",
                    "pos": "IP",
                    "epos": "IP"
                  }
                },
                {
                  "node": "l",
                  "frag": "{d}a-nun-na-ki",
                  "id": "P461234.l06cd8",
                  "ref": "P461234.11.2",
                  "inst": "Anunnakkū[1]DN",
                  "sig": "@ccpo%akk-x-stdbab:{d}a-nun-na-ki=Anunnakkū[1//1]DN'DN$Anunnakkū",
                  "f": {
                    "lang": "akk-x-stdbab",
                    "form": "{d}a-nun-na-ki",
                    "cf": "Anunnakkū",
                    "gw": "1",
                    "sense": "1",
                    "norm": "Anunnakkū",
                    "pos": "DN",
                    "epos": "DN"
                  }
                },
                {
                  "node": "l",
                  "frag": "aš₂-[...]",
                  "id": "P461234.l06cd9",
                  "ref": "P461234.11.3",
                  "inst": "u",
                  "f": {
                    "lang": "akk-x-stdbab",
                    "form": "aš₂-x",
                    "pos": "u"
                  }
                },
                {
                  "node": "d",
                  "type": "nonw",
                  "ref": ""
                },
                {
                  "node": "d",
                  "type": "field-end",
                  "subtype": "qt"
                },
                {
                  "node": "d",
                  "type": "line-start",
                  "ref": "P461234.12",
                  "n": "9",
                  "label": "o 9"
                },
                {
                  "node": "d",
                  "type": "field-start",
                  "subtype": "bs"
                },
                {
                  "node": "l",
                  "frag": "⸢šu⸣-a-tu₂",
                  "id": "P461234.l06cda",
                  "ref": "P461234.12.1",
                  "inst": "šuātu[that]'DP",
                  "sig": "@ccpo%akk-x-stdbab:šu-a-tu₂=šuāti[him//that]IP'DP$šuātu",
                  "f": {
                    "lang": "akk-x-stdbab",
                    "form": "šu-a-tu₂",
                    "cf": "šuāti",
                    "gw": "him",
                    "sense": "that",
                    "norm": "šuātu",
                    "pos": "IP",
                    "epos": "DP"
                  }
                },
                {
                  "node": "d",
                  "type": "field-end",
                  "subtype": "bs"
                },
                {
                  "node": "d",
                  "type": "field-start",
                  "subtype": "cm"
                },
                {
                  "node": "d",
                  "frag": ":",
                  "type": "punct",
                  "ref": "P461234.12.2",
                  "lang": "akk-x-stdbab",
                  "gdl_delim": " "
                },
                {
                  "node": "l",
                  "frag": "a-na",
                  "id": "P461234.l06cdb",
                  "ref": "P461234.12.3",
                  "inst": "ana[to]PRP",
                  "sig": "@ccpo%akk-x-stdbab:a-na=ana[to//to]PRP'PRP$ana",
                  "f": {
                    "lang": "akk-x-stdbab",
                    "form": "a-na",
                    "cf": "ana",
                    "gw": "to",
                    "sense": "to",
                    "norm": "ana",
                    "pos": "PRP",
                    "epos": "PRP"
                  }
                },
                {
                  "node": "l",
                  "frag": "ša₂-a-šu",
                  "id": "P461234.l06cdc",
                  "ref": "P461234.12.4",
                  "inst": "šâšu[to him]IP",
                  "sig": "@ccpo%akk-x-stdbab:ša₂-a-šu=šuāšim[to him//to him]IP'IP$šâšu",
                  "f": {
                    "lang": "akk-x-stdbab",
                    "form": "ša₂-a-šu",
                    "cf": "šuāšim",
                    "gw": "to him",
                    "sense": "to him",
                    "norm": "šâšu",
                    "pos": "IP",
                    "epos": "IP"
                  }
                },
                {
                  "node": "d",
                  "type": "field-end",
                  "subtype": "cm"
                },
                {
                  "node": "d",
                  "type": "field-start",
                  "subtype": "zz"
                },
                {
                  "node": "d",
                  "frag": ":",
                  "type": "punct",
                  "ref": "P461234.12.5",
                  "lang": "akk-x-stdbab",
                  "gdl_delim": " "
                },
                {
                  "node": "l",
                  "frag": "u₃",
                  "id": "P461234.l06cdd",
                  "ref": "P461234.12.6",
                  "inst": "u[and]CNJ",
                  "sig": "@ccpo%akk-x-stdbab:u₃=u[and//and]CNJ'CNJ$u",
                  "f": {
                    "lang": "akk-x-stdbab",
                    "form": "u₃",
                    "cf": "u",
                    "gw": "and",
                    "sense": "and",
                    "norm": "u",
                    "pos": "CNJ",
                    "epos": "CNJ"
                  }
                },
                {
                  "node": "l",
                  "frag": "[...]",
                  "id": "P461234.l06cde",
                  "ref": "P461234.12.7",
                  "inst": "u",
                  "f": {
                    "lang": "akk-x-stdbab",
                    "form": "x",
                    "pos": "u"
                  }
                },
                {
                  "node": "d",
                  "type": "nonw",
                  "ref": ""
                },
                {
                  "node": "d",
                  "type": "field-end",
                  "subtype": "zz"
                },
                {
                  "node": "d",
                  "type": "line-start",
                  "ref": "P461234.13",
                  "n": "10",
                  "label": "o 10"
                },
                {
                  "node": "d",
                  "type": "field-start",
                  "subtype": "zz"
                },
                {
                  "node": "l",
                  "frag": "⸢li⸣-i-⸢x⸣-a",
                  "id": "P461234.l06cdf",
                  "ref": "P461234.13.1",
                  "inst": "u",
                  "f": {
                    "lang": "akk-x-stdbab",
                    "form": "li-i-x-a",
                    "pos": "u"
                  }
                },
                {
                  "node": "d",
                  "frag": ":",
                  "type": "punct",
                  "ref": "P461234.13.2",
                  "lang": "akk-x-stdbab",
                  "gdl_delim": " "
                },
                {
                  "node": "l",
                  "frag": "a-na",
                  "id": "P461234.l06ce0",
                  "ref": "P461234.13.3",
                  "inst": "ana[to]PRP",
                  "sig": "@ccpo%akk-x-stdbab:a-na=ana[to//to]PRP'PRP$ana",
                  "f": {
                    "lang": "akk-x-stdbab",
                    "form": "a-na",
                    "cf": "ana",
                    "gw": "to",
                    "sense": "to",
                    "norm": "ana",
                    "pos": "PRP",
                    "epos": "PRP"
                  }
                },
                {
                  "node": "l",
                  "frag": "⸢x⸣",
                  "id": "P461234.l06ce1",
                  "ref": "P461234.13.4",
                  "inst": "u",
                  "f": {
                    "lang": "akk-x-stdbab",
                    "form": "x",
                    "pos": "u"
                  }
                },
                {
                  "node": "l",
                  "frag": "[...]",
                  "id": "P461234.l06ce2",
                  "ref": "P461234.13.5",
                  "inst": "u",
                  "f": {
                    "lang": "akk-x-stdbab",
                    "form": "x",
                    "pos": "u"
                  }
                },
                {
                  "node": "d",
                  "type": "nonw",
                  "ref": ""
                },
                {
                  "node": "d",
                  "type": "field-end",
                  "subtype": "zz"
                },
                {
                  "node": "d",
                  "type": "line-start",
                  "ref": "P461234.14",
                  "n": "11",
                  "label": "o 11"
                },
                {
                  "node": "d",
                  "type": "field-start",
                  "subtype": "bs"
                },
                {
                  "node": "l",
                  "frag": "⸢x⸣",
                  "id": "P461234.l06ce3",
                  "ref": "P461234.14.1",
                  "inst": "u",
                  "f": {
                    "lang": "akk-x-stdbab",
                    "form": "x",
                    "pos": "u"
                  }
                },
                {
                  "node": "l",
                  "frag": "EME.SAL",
                  "id": "P461234.l06ce4",
                  "ref": "P461234.14.2",
                  "inst": "+emesallu[Emesal]N$",
                  "sig": "@ccpo%akk-x-stdbab:EME.SAL=emesallu[Emesal//Emesal]N'N$emesallu",
                  "f": {
                    "lang": "akk-x-stdbab",
                    "form": "EME.SAL",
                    "cf": "emesallu",
                    "gw": "Emesal",
                    "sense": "Emesal",
                    "norm": "emesallu",
                    "pos": "N",
                    "epos": "N"
                  }
                },
                {
                  "node": "d",
                  "type": "field-end",
                  "subtype": "bs"
                },
                {
                  "node": "d",
                  "type": "field-start",
                  "subtype": "cm"
                },
                {
                  "node": "d",
                  "frag": ":",
                  "type": "punct",
                  "ref": "P461234.14.3",
                  "lang": "akk-x-stdbab",
                  "gdl_delim": " "
                },
                {
                  "node": "l",
                  "frag": "li-ša₂-nu",
                  "id": "P461234.l06ce5",
                  "ref": "P461234.14.4",
                  "inst": "lišānu[language]N",
                  "sig": "@ccpo%akk-x-stdbab:li-ša₂-nu=lišānu[tongue//language]N'N$lišānu",
                  "f": {
                    "lang": "akk-x-stdbab",
                    "form": "li-ša₂-nu",
                    "cf": "lišānu",
                    "gw": "tongue",
                    "sense": "language",
                    "norm": "lišānu",
                    "pos": "N",
                    "epos": "N"
                  }
                },
                {
                  "node": "l",
                  "frag": "MUNUS",
                  "id": "P461234.l06ce6",
                  "ref": "P461234.14.5",
                  "inst": "sinništu[wife]N",
                  "sig": "@ccpo%akk-x-stdbab:MUNUS=sinništu[woman//wife]N'N$sinništu",
                  "f": {
                    "lang": "akk-x-stdbab",
                    "form": "MUNUS",
                    "cf": "sinništu",
                    "gw": "woman",
                    "sense": "wife",
                    "norm": "sinništu",
                    "pos": "N",
                    "epos": "N"
                  }
                },
                {
                  "node": "d",
                  "type": "field-end",
                  "subtype": "cm"
                },
                {
                  "node": "d",
                  "type": "field-start",
                  "subtype": "zz"
                },
                {
                  "node": "l",
                  "frag": "[...]",
                  "id": "P461234.l06ce7",
                  "ref": "P461234.14.6",
                  "inst": "u",
                  "f": {
                    "lang": "akk-x-stdbab",
                    "form": "x",
                    "pos": "u"
                  }
                },
                {
                  "node": "d",
                  "type": "nonw",
                  "ref": ""
                },
                {
                  "node": "d",
                  "type": "field-end",
                  "subtype": "zz"
                },
                {
                  "node": "d",
                  "type": "line-start",
                  "ref": "P461234.15",
                  "n": "12",
                  "label": "o 12"
                },
                {
                  "node": "d",
                  "type": "field-start",
                  "subtype": "zz"
                },
                {
                  "node": "l",
                  "frag": "[(x)]",
                  "id": "P461234.l06ce8",
                  "ref": "P461234.15.1",
                  "inst": "u",
                  "f": {
                    "lang": "akk-x-stdbab",
                    "form": "x",
                    "pos": "u"
                  }
                },
                {
                  "node": "l",
                  "frag": "⸢x",
                  "id": "P461234.l06ce9",
                  "ref": "P461234.15.2",
                  "inst": "u",
                  "f": {
                    "lang": "akk-x-stdbab",
                    "form": "x",
                    "pos": "u"
                  }
                },
                {
                  "node": "l",
                  "frag": "x⸣",
                  "id": "P461234.l06cea",
                  "ref": "P461234.15.3",
                  "inst": "u",
                  "f": {
                    "lang": "akk-x-stdbab",
                    "form": "x",
                    "pos": "u"
                  }
                },
                {
                  "node": "l",
                  "frag": "KI.TA",
                  "id": "P461234.l06ceb",
                  "ref": "P461234.15.4",
                  "inst": "šapliš[below]AV",
                  "sig": "@ccpo%akk-x-stdbab:KI.TA=šapliš[below//below]AV'AV$šapliš",
                  "f": {
                    "lang": "akk-x-stdbab",
                    "form": "KI.TA",
                    "cf": "šapliš",
                    "gw": "below",
                    "sense": "below",
                    "norm": "šapliš",
                    "pos": "AV",
                    "epos": "AV"
                  }
                },
                {
                  "node": "d",
                  "frag": ":",
                  "type": "punct",
                  "ref": "P461234.15.5",
                  "lang": "akk-x-stdbab",
                  "gdl_delim": " "
                },
                {
                  "node": "l",
                  "frag": "ina",
                  "id": "P461234.l06cec",
                  "ref": "P461234.15.6",
                  "inst": "ina[in]PRP",
                  "sig": "@ccpo%akk-x-stdbab:ina=ina[in//in]PRP'PRP$ina",
                  "f": {
                    "lang": "akk-x-stdbab",
                    "form": "ina",
                    "cf": "ina",
                    "gw": "in",
                    "sense": "in",
                    "norm": "ina",
                    "pos": "PRP",
                    "epos": "PRP"
                  }
                },
                {
                  "node": "l",
                  "frag": "tak-ka-⸢x⸣",
                  "id": "P461234.l06ced",
                  "ref": "P461234.15.7",
                  "inst": "u",
                  "f": {
                    "lang": "akk-x-stdbab",
                    "form": "tak-ka-x",
                    "pos": "u"
                  }
                },
                {
                  "node": "l",
                  "frag": "[...]",
                  "id": "P461234.l06cee",
                  "ref": "P461234.15.8",
                  "inst": "u",
                  "f": {
                    "lang": "akk-x-stdbab",
                    "form": "x",
                    "pos": "u"
                  }
                },
                {
                  "node": "d",
                  "type": "field-end",
                  "subtype": "zz"
                },
                {
                  "node": "d",
                  "type": "line-start",
                  "ref": "P461234.16",
                  "n": "13",
                  "label": "o 13"
                },
                {
                  "node": "d",
                  "type": "field-start",
                  "subtype": "zz"
                },
                {
                  "node": "l",
                  "frag": "[x",
                  "id": "P461234.l06cef",
                  "ref": "P461234.16.1",
                  "inst": "u",
                  "f": {
                    "lang": "akk-x-stdbab",
                    "form": "x",
                    "pos": "u"
                  }
                },
                {
                  "node": "l",
                  "frag": "x]-⸢x⸣-tu",
                  "id": "P461234.l06cf0",
                  "ref": "P461234.16.2",
                  "inst": "u",
                  "f": {
                    "lang": "akk-x-stdbab",
                    "form": "x-x-tu",
                    "pos": "u"
                  }
                },
                {
                  "node": "d",
                  "frag": ":",
                  "type": "punct",
                  "ref": "P461234.16.3",
                  "lang": "akk-x-stdbab",
                  "gdl_delim": " "
                },
                {
                  "node": "l",
                  "frag": "ka-ka-[...]",
                  "id": "P461234.l06cf1",
                  "ref": "P461234.16.4",
                  "inst": "u",
                  "f": {
                    "lang": "akk-x-stdbab",
                    "form": "ka-ka-x",
                    "pos": "u"
                  }
                },
                {
                  "node": "d",
                  "type": "field-end",
                  "subtype": "zz"
                },
                {
                  "node": "d",
                  "type": "nonx",
                  "ref": "P461234.17",
                  "strict": "1",
                  "extent": "0",
                  "scope": "reverse",
                  "state": "blank"
                }
              ]
            }
          ]
        }
      ]
    }
  ]
}
