{
  "type": "cdl",
  "source": "http://oracc.org/ccpo",
  "license": "This data is released under the CC0 license",
  "license-url": "https://creativecommons.org/publicdomain/zero/1.0/",
  "more-info": "http://oracc.org/doc/opendata/",
  "UTC-timestamp": "2017-06-09T23:24:59",
  "project": "ccpo",
  "textid": "P461199",
  "cdl": [
    {
      "node": "c",
      "type": "text",
      "id": "P461199.U0",
      "cdl": [
        {
          "node": "d",
          "subtype": "tablet",
          "type": "tablet",
          "ref": "P461199.x149.1",
          "label": "x149"
        },
        {
          "node": "d",
          "type": "surface",
          "ref": ""
        },
        {
          "node": "c",
          "type": "discourse",
          "subtype": "body",
          "id": "P461199.U1",
          "cdl": [
            {
              "node": "c",
              "type": "sentence",
              "id": "P461199.U2",
              "label": "1' - 7'",
              "cdl": [
                {
                  "node": "d",
                  "type": "line-start",
                  "ref": "P461199.2",
                  "n": "1'",
                  "label": "1'"
                },
                {
                  "node": "d",
                  "type": "field-start",
                  "subtype": "zz"
                },
                {
                  "node": "l",
                  "frag": "[...]",
                  "id": "P461199.l06b3f",
                  "ref": "P461199.2.1",
                  "inst": "u",
                  "f": {
                    "lang": "akk-x-stdbab",
                    "form": "x",
                    "pos": "u"
                  }
                },
                {
                  "node": "l",
                  "frag": "⸢x",
                  "id": "P461199.l06b40",
                  "ref": "P461199.2.2",
                  "inst": "u",
                  "f": {
                    "lang": "akk-x-stdbab",
                    "form": "x",
                    "pos": "u"
                  }
                },
                {
                  "node": "l",
                  "frag": "x⸣",
                  "id": "P461199.l06b41",
                  "ref": "P461199.2.3",
                  "inst": "u",
                  "f": {
                    "lang": "akk-x-stdbab",
                    "form": "x",
                    "pos": "u"
                  }
                },
                {
                  "node": "l",
                  "frag": "[...]",
                  "id": "P461199.l06b42",
                  "ref": "P461199.2.4",
                  "inst": "u",
                  "f": {
                    "lang": "akk-x-stdbab",
                    "form": "x",
                    "pos": "u"
                  }
                },
                {
                  "node": "d",
                  "type": "field-end",
                  "subtype": "zz"
                },
                {
                  "node": "d",
                  "type": "line-start",
                  "ref": "P461199.3",
                  "n": "2'",
                  "label": "2'"
                },
                {
                  "node": "d",
                  "type": "field-start",
                  "subtype": "zz"
                },
                {
                  "node": "l",
                  "frag": "[...]",
                  "id": "P461199.l06b43",
                  "ref": "P461199.3.1",
                  "inst": "u",
                  "f": {
                    "lang": "akk-x-stdbab",
                    "form": "x",
                    "pos": "u"
                  }
                },
                {
                  "node": "d",
                  "type": "field-end",
                  "subtype": "zz"
                },
                {
                  "node": "d",
                  "type": "field-start",
                  "subtype": "cm"
                },
                {
                  "node": "d",
                  "frag": ":",
                  "type": "punct",
                  "ref": "P461199.3.2",
                  "lang": "akk-x-stdbab",
                  "gdl_delim": " "
                },
                {
                  "node": "l",
                  "frag": "ṣa-la-mu",
                  "id": "P461199.l06b44",
                  "ref": "P461199.3.3",
                  "inst": "+ṣalāmu[be(come) black//be(com)ing black]V'N$",
                  "sig": "@ccpo%akk-x-stdbab:ṣa-la-mu=ṣalāmu[be(come) black//be(com)ing black]V'N$ṣalāmu",
                  "f": {
                    "lang": "akk-x-stdbab",
                    "form": "ṣa-la-mu",
                    "cf": "ṣalāmu",
                    "gw": "be(come) black",
                    "sense": "be(com)ing black",
                    "norm": "ṣalāmu",
                    "pos": "V",
                    "epos": "N"
                  }
                },
                {
                  "node": "d",
                  "frag": ":",
                  "type": "punct",
                  "ref": "P461199.3.4",
                  "lang": "akk-x-stdbab",
                  "gdl_delim": " "
                },
                {
                  "node": "d",
                  "type": "field-end",
                  "subtype": "cm"
                },
                {
                  "node": "d",
                  "type": "field-start",
                  "subtype": "bs"
                },
                {
                  "node": "l",
                  "frag": "UŠ",
                  "id": "P461199.l06b45",
                  "ref": "P461199.3.5",
                  "inst": "u",
                  "f": {
                    "lang": "akk-x-stdbab",
                    "form": "UŠ",
                    "pos": "u"
                  }
                },
                {
                  "node": "d",
                  "type": "field-end",
                  "subtype": "bs"
                },
                {
                  "node": "d",
                  "type": "field-start",
                  "subtype": "zz"
                },
                {
                  "node": "d",
                  "frag": ":",
                  "type": "punct",
                  "ref": "P461199.3.6",
                  "lang": "akk-x-stdbab",
                  "gdl_delim": " "
                },
                {
                  "node": "l",
                  "frag": "x",
                  "id": "P461199.l06b46",
                  "ref": "P461199.3.7",
                  "inst": "u",
                  "f": {
                    "lang": "akk-x-stdbab",
                    "form": "x",
                    "pos": "u"
                  }
                },
                {
                  "node": "l",
                  "frag": "[...]",
                  "id": "P461199.l06b47",
                  "ref": "P461199.3.8",
                  "inst": "u",
                  "f": {
                    "lang": "akk-x-stdbab",
                    "form": "x",
                    "pos": "u"
                  }
                },
                {
                  "node": "d",
                  "type": "field-end",
                  "subtype": "zz"
                },
                {
                  "node": "d",
                  "type": "line-start",
                  "ref": "P461199.4",
                  "n": "3'",
                  "label": "3'"
                },
                {
                  "node": "d",
                  "type": "field-start",
                  "subtype": "zz"
                },
                {
                  "node": "l",
                  "frag": "[...]",
                  "id": "P461199.l06b48",
                  "ref": "P461199.4.1",
                  "inst": "u",
                  "f": {
                    "lang": "akk-x-stdbab",
                    "form": "x",
                    "pos": "u"
                  }
                },
                {
                  "node": "d",
                  "frag": ":",
                  "type": "punct",
                  "ref": "P461199.4.2",
                  "lang": "akk-x-stdbab",
                  "gdl_delim": " "
                },
                {
                  "node": "d",
                  "type": "field-end",
                  "subtype": "zz"
                },
                {
                  "node": "d",
                  "type": "field-start",
                  "subtype": "bs"
                },
                {
                  "node": "l",
                  "frag": "DU",
                  "id": "P461199.l06b49",
                  "ref": "P461199.4.3",
                  "inst": "+ridûtu[appropriation]N$",
                  "sig": "@ccpo%akk-x-stdbab:DU=ridûtu[appropriation//appropriation]N'N$ridûtu",
                  "f": {
                    "lang": "akk-x-stdbab",
                    "form": "DU",
                    "cf": "ridûtu",
                    "gw": "appropriation",
                    "sense": "appropriation",
                    "norm": "ridûtu",
                    "pos": "N",
                    "epos": "N"
                  }
                },
                {
                  "node": "d",
                  "type": "field-end",
                  "subtype": "bs"
                },
                {
                  "node": "d",
                  "type": "field-start",
                  "subtype": "cm"
                },
                {
                  "node": "d",
                  "frag": ":",
                  "type": "punct",
                  "ref": "P461199.4.4",
                  "lang": "akk-x-stdbab",
                  "gdl_delim": " "
                },
                {
                  "node": "l",
                  "frag": "ri-du-⸢tu₂⸣",
                  "id": "P461199.l06b4a",
                  "ref": "P461199.4.5",
                  "inst": "+ridûtu[appropriation]N$",
                  "sig": "@ccpo%akk-x-stdbab:ri-du-tu₂=ridûtu[appropriation//appropriation]N'N$ridûtu",
                  "f": {
                    "lang": "akk-x-stdbab",
                    "form": "ri-du-tu₂",
                    "cf": "ridûtu",
                    "gw": "appropriation",
                    "sense": "appropriation",
                    "norm": "ridûtu",
                    "pos": "N",
                    "epos": "N"
                  }
                },
                {
                  "node": "d",
                  "type": "field-end",
                  "subtype": "cm"
                },
                {
                  "node": "d",
                  "type": "field-start",
                  "subtype": "zz"
                },
                {
                  "node": "l",
                  "frag": "[...]",
                  "id": "P461199.l06b4b",
                  "ref": "P461199.4.6",
                  "inst": "u",
                  "f": {
                    "lang": "akk-x-stdbab",
                    "form": "x",
                    "pos": "u"
                  }
                },
                {
                  "node": "d",
                  "type": "nonw",
                  "ref": ""
                },
                {
                  "node": "d",
                  "type": "field-end",
                  "subtype": "zz"
                },
                {
                  "node": "d",
                  "type": "line-start",
                  "ref": "P461199.5",
                  "n": "4'",
                  "label": "4'"
                },
                {
                  "node": "d",
                  "type": "field-start",
                  "subtype": "zz"
                },
                {
                  "node": "l",
                  "frag": "[...]-⸢MEŠ⸣-šu₂",
                  "id": "P461199.l06b4c",
                  "ref": "P461199.5.1",
                  "inst": "u",
                  "f": {
                    "lang": "akk-x-stdbab",
                    "form": "x-MEŠ-šu₂",
                    "pos": "u"
                  }
                },
                {
                  "node": "d",
                  "type": "field-end",
                  "subtype": "zz"
                },
                {
                  "node": "d",
                  "type": "field-start",
                  "subtype": "cm"
                },
                {
                  "node": "l",
                  "frag": "kit-tab-ri",
                  "id": "P461199.l06b4d",
                  "ref": "P461199.5.2",
                  "inst": "kittabri[(synonym for arm)]N",
                  "sig": "@ccpo%akk-x-stdbab:kit-tab-ri=kittabru[(synonym for arm)//(synonym for arm)]N'N$kittabri",
                  "f": {
                    "lang": "akk-x-stdbab",
                    "form": "kit-tab-ri",
                    "cf": "kittabru",
                    "gw": "(synonym for arm)",
                    "sense": "(synonym for arm)",
                    "norm": "kittabri",
                    "pos": "N",
                    "epos": "N"
                  }
                },
                {
                  "node": "l",
                  "frag": "u₂-ba-na-⸢tu⸣",
                  "id": "P461199.l06b4e",
                  "ref": "P461199.5.3",
                  "inst": "+ubānu[finger]N$ubānātu",
                  "sig": "@ccpo%akk-x-stdbab:u₂-ba-na-tu=ubānu[finger//finger]N'N$ubānātu",
                  "f": {
                    "lang": "akk-x-stdbab",
                    "form": "u₂-ba-na-tu",
                    "cf": "ubānu",
                    "gw": "finger",
                    "sense": "finger",
                    "norm": "ubānātu",
                    "pos": "N",
                    "epos": "N"
                  }
                },
                {
                  "node": "d",
                  "type": "field-end",
                  "subtype": "cm"
                },
                {
                  "node": "d",
                  "type": "field-start",
                  "subtype": "zz"
                },
                {
                  "node": "l",
                  "frag": "[...]",
                  "id": "P461199.l06b4f",
                  "ref": "P461199.5.4",
                  "inst": "u",
                  "f": {
                    "lang": "akk-x-stdbab",
                    "form": "x",
                    "pos": "u"
                  }
                },
                {
                  "node": "d",
                  "type": "field-end",
                  "subtype": "zz"
                },
                {
                  "node": "d",
                  "type": "line-start",
                  "ref": "P461199.6",
                  "n": "5'",
                  "label": "5'"
                },
                {
                  "node": "d",
                  "type": "field-start",
                  "subtype": "zz"
                },
                {
                  "node": "l",
                  "frag": "[...]",
                  "id": "P461199.l06b50",
                  "ref": "P461199.6.1",
                  "inst": "u",
                  "f": {
                    "lang": "akk-x-stdbab",
                    "form": "x",
                    "pos": "u"
                  }
                },
                {
                  "node": "d",
                  "type": "field-end",
                  "subtype": "zz"
                },
                {
                  "node": "d",
                  "type": "field-start",
                  "subtype": "cm"
                },
                {
                  "node": "l",
                  "frag": "⸢ša₂-niš⸣",
                  "id": "P461199.l06b51",
                  "ref": "P461199.6.2",
                  "inst": "šanîš[alternatively]AV",
                  "sig": "@ccpo%akk-x-stdbab:ša₂-niš=šanîš[otherwise//alternatively]AV'AV$šanîš",
                  "f": {
                    "lang": "akk-x-stdbab",
                    "form": "ša₂-niš",
                    "cf": "šanîš",
                    "gw": "otherwise",
                    "sense": "alternatively",
                    "norm": "šanîš",
                    "pos": "AV",
                    "epos": "AV"
                  }
                },
                {
                  "node": "l",
                  "frag": "ša₂",
                  "id": "P461199.l06b52",
                  "ref": "P461199.6.3",
                  "inst": "ša[of]DET",
                  "sig": "@ccpo%akk-x-stdbab:ša₂=ša[of//of]DET'DET$ša",
                  "f": {
                    "lang": "akk-x-stdbab",
                    "form": "ša₂",
                    "cf": "ša",
                    "gw": "of",
                    "sense": "of",
                    "norm": "ša",
                    "pos": "DET",
                    "epos": "DET"
                  }
                },
                {
                  "node": "l",
                  "frag": "bi-rit",
                  "id": "P461199.l06b53",
                  "ref": "P461199.6.4",
                  "inst": "birīt[space between]N",
                  "sig": "@ccpo%akk-x-stdbab:bi-rit=birītu[space between//space between]N'N$birīt",
                  "f": {
                    "lang": "akk-x-stdbab",
                    "form": "bi-rit",
                    "cf": "birītu",
                    "gw": "space between",
                    "sense": "space between",
                    "norm": "birīt",
                    "pos": "N",
                    "epos": "N"
                  }
                },
                {
                  "node": "l",
                  "frag": "a-ha-meš",
                  "id": "P461199.l06b54",
                  "ref": "P461199.6.5",
                  "inst": "ahāmeš[one another]AV",
                  "sig": "@ccpo%akk-x-stdbab:a-ha-meš=ahāmiš[one another//one another]AV'AV$ahāmeš",
                  "f": {
                    "lang": "akk-x-stdbab",
                    "form": "a-ha-meš",
                    "cf": "ahāmiš",
                    "gw": "one another",
                    "sense": "one another",
                    "norm": "ahāmeš",
                    "pos": "AV",
                    "epos": "AV"
                  }
                },
                {
                  "node": "d",
                  "type": "field-end",
                  "subtype": "cm"
                },
                {
                  "node": "d",
                  "type": "field-start",
                  "subtype": "zz"
                },
                {
                  "node": "l",
                  "frag": "⸢x⸣-[...]",
                  "id": "P461199.l06b55",
                  "ref": "P461199.6.6",
                  "inst": "u",
                  "f": {
                    "lang": "akk-x-stdbab",
                    "form": "x-x",
                    "pos": "u"
                  }
                },
                {
                  "node": "d",
                  "type": "field-end",
                  "subtype": "zz"
                },
                {
                  "node": "d",
                  "type": "line-start",
                  "ref": "P461199.7",
                  "n": "6'",
                  "label": "6'"
                },
                {
                  "node": "d",
                  "type": "field-start",
                  "subtype": "zz"
                },
                {
                  "node": "l",
                  "frag": "[...",
                  "id": "P461199.l06b56",
                  "ref": "P461199.7.1",
                  "inst": "u",
                  "f": {
                    "lang": "akk-x-stdbab",
                    "form": "x",
                    "pos": "u"
                  }
                },
                {
                  "node": "d",
                  "frag": ":",
                  "type": "punct",
                  "ref": "P461199.7.2",
                  "lang": "akk-x-stdbab",
                  "gdl_delim": " "
                },
                {
                  "node": "d",
                  "type": "field-end",
                  "subtype": "zz"
                },
                {
                  "node": "d",
                  "type": "field-start",
                  "subtype": "bs"
                },
                {
                  "node": "l",
                  "frag": "ŠU₂]",
                  "id": "P461199.l06b57",
                  "ref": "P461199.7.3",
                  "inst": "+erēpu[cloud over//clouding over]V'N$",
                  "sig": "@ccpo%akk-x-stdbab:ŠU₂=erēpu[cloud over//clouding over]V'N$erēpu",
                  "f": {
                    "lang": "akk-x-stdbab",
                    "form": "ŠU₂",
                    "cf": "erēpu",
                    "gw": "cloud over",
                    "sense": "clouding over",
                    "norm": "erēpu",
                    "pos": "V",
                    "epos": "N"
                  }
                },
                {
                  "node": "d",
                  "type": "field-end",
                  "subtype": "bs"
                },
                {
                  "node": "d",
                  "type": "field-start",
                  "subtype": "cm"
                },
                {
                  "node": "d",
                  "frag": ":",
                  "type": "punct",
                  "ref": "P461199.7.4",
                  "lang": "akk-x-stdbab",
                  "gdl_delim": " "
                },
                {
                  "node": "l",
                  "frag": "a-ra-pu",
                  "id": "P461199.l06b58",
                  "ref": "P461199.7.5",
                  "inst": "+erēpu[cloud over//clouding over]V'N$arāpu",
                  "sig": "@ccpo%akk-x-stdbab:a-ra-pu=erēpu[cloud over//clouding over]V'N$arāpu",
                  "f": {
                    "lang": "akk-x-stdbab",
                    "form": "a-ra-pu",
                    "cf": "erēpu",
                    "gw": "cloud over",
                    "sense": "clouding over",
                    "norm": "arāpu",
                    "pos": "V",
                    "epos": "N"
                  }
                },
                {
                  "node": "d",
                  "frag": ":",
                  "type": "punct",
                  "ref": "P461199.7.6",
                  "lang": "akk-x-stdbab",
                  "gdl_delim": " "
                },
                {
                  "node": "l",
                  "frag": "ŠU₂",
                  "id": "P461199.l06b59",
                  "ref": "P461199.7.7",
                  "inst": "+katāmu[cover//covering]V'N$",
                  "sig": "@ccpo%akk-x-stdbab:ŠU₂=katāmu[cover//covering]V'N$katāmu",
                  "f": {
                    "lang": "akk-x-stdbab",
                    "form": "ŠU₂",
                    "cf": "katāmu",
                    "gw": "cover",
                    "sense": "covering",
                    "norm": "katāmu",
                    "pos": "V",
                    "epos": "N"
                  }
                },
                {
                  "node": "d",
                  "frag": ":",
                  "type": "punct",
                  "ref": "P461199.7.8",
                  "lang": "akk-x-stdbab",
                  "gdl_delim": " "
                },
                {
                  "node": "l",
                  "frag": "ka-⸢ta⸣-[mu",
                  "id": "P461199.l06b5a",
                  "ref": "P461199.7.9",
                  "inst": "+katāmu[cover//covering]V'N$",
                  "sig": "@ccpo%akk-x-stdbab:ka-ta-mu=katāmu[cover//covering]V'N$katāmu",
                  "f": {
                    "lang": "akk-x-stdbab",
                    "form": "ka-ta-mu",
                    "cf": "katāmu",
                    "gw": "cover",
                    "sense": "covering",
                    "norm": "katāmu",
                    "pos": "V",
                    "epos": "N"
                  }
                },
                {
                  "node": "d",
                  "type": "field-end",
                  "subtype": "cm"
                },
                {
                  "node": "d",
                  "type": "field-start",
                  "subtype": "zz"
                },
                {
                  "node": "l",
                  "frag": "...]",
                  "id": "P461199.l06b5b",
                  "ref": "P461199.7.10",
                  "inst": "u",
                  "f": {
                    "lang": "akk-x-stdbab",
                    "form": "x",
                    "pos": "u"
                  }
                },
                {
                  "node": "d",
                  "type": "field-end",
                  "subtype": "zz"
                },
                {
                  "node": "d",
                  "type": "line-start",
                  "ref": "P461199.8",
                  "n": "7'",
                  "label": "7'"
                },
                {
                  "node": "d",
                  "type": "field-start",
                  "subtype": "zz"
                },
                {
                  "node": "l",
                  "frag": "[...",
                  "id": "P461199.l06b5c",
                  "ref": "P461199.8.1",
                  "inst": "u",
                  "f": {
                    "lang": "akk-x-stdbab",
                    "form": "x",
                    "pos": "u"
                  }
                },
                {
                  "node": "l",
                  "frag": "x]-⸢x⸣",
                  "id": "P461199.l06b5d",
                  "ref": "P461199.8.2",
                  "inst": "u",
                  "f": {
                    "lang": "akk-x-stdbab",
                    "form": "x-x",
                    "pos": "u"
                  }
                },
                {
                  "node": "l",
                  "frag": "i-na-ap-⸢pa⸣-[hu",
                  "id": "P461199.l06b5e",
                  "ref": "P461199.8.3",
                  "inst": "+napāhu[blow]V$inappahu",
                  "sig": "@ccpo%akk-x-stdbab:i-na-ap-pa-hu=napāhu[blow//blow]V'V$inappahu",
                  "f": {
                    "lang": "akk-x-stdbab",
                    "form": "i-na-ap-pa-hu",
                    "cf": "napāhu",
                    "gw": "blow",
                    "sense": "blow",
                    "norm": "inappahu",
                    "pos": "V",
                    "epos": "V"
                  }
                },
                {
                  "node": "l",
                  "frag": "...]",
                  "id": "P461199.l06b5f",
                  "ref": "P461199.8.4",
                  "inst": "u",
                  "f": {
                    "lang": "akk-x-stdbab",
                    "form": "x",
                    "pos": "u"
                  }
                },
                {
                  "node": "d",
                  "type": "field-end",
                  "subtype": "zz"
                }
              ]
            }
          ]
        }
      ]
    }
  ]
}
