{
  "type": "cdl",
  "source": "http://oracc.org/ccpo",
  "license": "This data is released under the CC0 license",
  "license-url": "https://creativecommons.org/publicdomain/zero/1.0/",
  "more-info": "http://oracc.org/doc/opendata/",
  "UTC-timestamp": "2017-06-09T23:25:02",
  "project": "ccpo",
  "textid": "X500447",
  "cdl": [
    {
      "node": "c",
      "type": "text",
      "id": "X500447.U0",
      "cdl": [
        {
          "node": "d",
          "subtype": "tablet",
          "type": "tablet",
          "ref": "X500447.x43.1",
          "label": "x43"
        },
        {
          "node": "d",
          "type": "surface",
          "ref": ""
        },
        {
          "node": "c",
          "type": "discourse",
          "subtype": "body",
          "id": "X500447.U1",
          "cdl": [
            {
              "node": "c",
              "type": "sentence",
              "id": "X500447.U2",
              "label": "1' - 12'",
              "cdl": [
                {
                  "node": "d",
                  "type": "line-start",
                  "ref": "X500447.2",
                  "n": "1'",
                  "label": "1'"
                },
                {
                  "node": "l",
                  "frag": "[...]",
                  "id": "X500447.l0276b",
                  "ref": "X500447.2.1",
                  "inst": "u",
                  "f": {
                    "lang": "akk-x-stdbab",
                    "form": "x",
                    "pos": "u"
                  }
                },
                {
                  "node": "l",
                  "frag": "⸢x",
                  "id": "X500447.l0276c",
                  "ref": "X500447.2.2",
                  "inst": "u",
                  "f": {
                    "lang": "akk-x-stdbab",
                    "form": "x",
                    "pos": "u"
                  }
                },
                {
                  "node": "l",
                  "frag": "x⸣",
                  "id": "X500447.l0276d",
                  "ref": "X500447.2.3",
                  "inst": "u",
                  "f": {
                    "lang": "akk-x-stdbab",
                    "form": "x",
                    "pos": "u"
                  }
                },
                {
                  "node": "l",
                  "frag": "[...]",
                  "id": "X500447.l0276e",
                  "ref": "X500447.2.4",
                  "inst": "u",
                  "f": {
                    "lang": "akk-x-stdbab",
                    "form": "x",
                    "pos": "u"
                  }
                },
                {
                  "node": "d",
                  "type": "line-start",
                  "ref": "X500447.3",
                  "n": "2'",
                  "label": "2'"
                },
                {
                  "node": "d",
                  "type": "field-start",
                  "subtype": "default"
                },
                {
                  "node": "l",
                  "frag": "[...]",
                  "id": "X500447.l0276f",
                  "ref": "X500447.3.1",
                  "inst": "u",
                  "f": {
                    "lang": "akk-x-stdbab",
                    "form": "x",
                    "pos": "u"
                  }
                },
                {
                  "node": "d",
                  "type": "field-end",
                  "subtype": "default"
                },
                {
                  "node": "d",
                  "type": "field-start",
                  "subtype": "bs"
                },
                {
                  "node": "l",
                  "frag": "TAG₄{zib}",
                  "id": "X500447.l02770",
                  "ref": "X500447.3.2",
                  "inst": "+ezbu[abandoned]AJ$ezib",
                  "sig": "@ccpo%akk-x-stdbab:TAG₄{+zib}=ezbu[abandoned//abandoned]AJ'AJ$ezib",
                  "f": {
                    "lang": "akk-x-stdbab",
                    "form": "TAG₄{+zib}",
                    "cf": "ezbu",
                    "gw": "abandoned",
                    "sense": "abandoned",
                    "norm": "ezib",
                    "pos": "AJ",
                    "epos": "AJ"
                  }
                },
                {
                  "node": "d",
                  "type": "field-end",
                  "subtype": "bs"
                },
                {
                  "node": "d",
                  "type": "field-start",
                  "subtype": "cm"
                },
                {
                  "node": "d",
                  "frag": ":",
                  "type": "punct",
                  "ref": "X500447.3.3",
                  "lang": "akk-x-stdbab",
                  "gdl_delim": " "
                },
                {
                  "node": "l",
                  "frag": "GIM",
                  "id": "X500447.l02771",
                  "ref": "X500447.3.4",
                  "inst": "kīma[according to]PRP",
                  "sig": "@ccpo%akk-x-stdbab:GIM=kīma[like//according to]PRP'PRP$kīma",
                  "f": {
                    "lang": "akk-x-stdbab",
                    "form": "GIM",
                    "cf": "kīma",
                    "gw": "like",
                    "sense": "according to",
                    "norm": "kīma",
                    "pos": "PRP",
                    "epos": "PRP"
                  }
                },
                {
                  "node": "l",
                  "frag": "⸢x",
                  "id": "X500447.l02772",
                  "ref": "X500447.3.5",
                  "inst": "u",
                  "f": {
                    "lang": "akk-x-stdbab",
                    "form": "x",
                    "pos": "u"
                  }
                },
                {
                  "node": "l",
                  "frag": "x",
                  "id": "X500447.l02773",
                  "ref": "X500447.3.6",
                  "inst": "u",
                  "f": {
                    "lang": "akk-x-stdbab",
                    "form": "x",
                    "pos": "u"
                  }
                },
                {
                  "node": "l",
                  "frag": "x",
                  "id": "X500447.l02774",
                  "ref": "X500447.3.7",
                  "inst": "u",
                  "f": {
                    "lang": "akk-x-stdbab",
                    "form": "x",
                    "pos": "u"
                  }
                },
                {
                  "node": "l",
                  "frag": "x",
                  "id": "X500447.l02775",
                  "ref": "X500447.3.8",
                  "inst": "u",
                  "f": {
                    "lang": "akk-x-stdbab",
                    "form": "x",
                    "pos": "u"
                  }
                },
                {
                  "node": "l",
                  "frag": "x",
                  "id": "X500447.l02776",
                  "ref": "X500447.3.9",
                  "inst": "u",
                  "f": {
                    "lang": "akk-x-stdbab",
                    "form": "x",
                    "pos": "u"
                  }
                },
                {
                  "node": "l",
                  "frag": "x",
                  "id": "X500447.l02777",
                  "ref": "X500447.3.10",
                  "inst": "u",
                  "f": {
                    "lang": "akk-x-stdbab",
                    "form": "x",
                    "pos": "u"
                  }
                },
                {
                  "node": "l",
                  "frag": "x",
                  "id": "X500447.l02778",
                  "ref": "X500447.3.11",
                  "inst": "u",
                  "f": {
                    "lang": "akk-x-stdbab",
                    "form": "x",
                    "pos": "u"
                  }
                },
                {
                  "node": "l",
                  "frag": "x-ir-ma⸣",
                  "id": "X500447.l02779",
                  "ref": "X500447.3.12",
                  "inst": "u",
                  "f": {
                    "lang": "akk-x-stdbab",
                    "form": "x-ir-ma",
                    "pos": "u"
                  }
                },
                {
                  "node": "d",
                  "frag": ":",
                  "type": "punct",
                  "ref": "X500447.3.13",
                  "lang": "akk-x-stdbab",
                  "gdl_delim": " "
                },
                {
                  "node": "l",
                  "frag": "⸢x⸣",
                  "id": "X500447.l0277a",
                  "ref": "X500447.3.14",
                  "inst": "u",
                  "f": {
                    "lang": "akk-x-stdbab",
                    "form": "x",
                    "pos": "u"
                  }
                },
                {
                  "node": "l",
                  "frag": "[...]",
                  "id": "X500447.l0277b",
                  "ref": "X500447.3.15",
                  "inst": "u",
                  "f": {
                    "lang": "akk-x-stdbab",
                    "form": "x",
                    "pos": "u"
                  }
                },
                {
                  "node": "d",
                  "type": "nonw",
                  "ref": ""
                },
                {
                  "node": "d",
                  "type": "field-end",
                  "subtype": "cm"
                },
                {
                  "node": "d",
                  "type": "line-start",
                  "ref": "X500447.4",
                  "n": "3'",
                  "label": "3'"
                },
                {
                  "node": "d",
                  "type": "field-start",
                  "subtype": "zz"
                },
                {
                  "node": "l",
                  "frag": "[...",
                  "id": "X500447.l0277c",
                  "ref": "X500447.4.1",
                  "inst": "u",
                  "f": {
                    "lang": "akk-x-stdbab",
                    "form": "x",
                    "pos": "u"
                  }
                },
                {
                  "node": "d",
                  "type": "field-end",
                  "subtype": "zz"
                },
                {
                  "node": "d",
                  "type": "field-start",
                  "subtype": "bs"
                },
                {
                  "node": "l",
                  "frag": "AN.GE₆",
                  "id": "X500447.l0277d",
                  "ref": "X500447.4.2",
                  "inst": "attallû[eclipse]N",
                  "sig": "@ccpo%akk-x-stdbab:AN.GE₆=antallû[eclipse//eclipse]N'N$attallû",
                  "f": {
                    "lang": "akk-x-stdbab",
                    "form": "AN.GE₆",
                    "cf": "antallû",
                    "gw": "eclipse",
                    "sense": "eclipse",
                    "norm": "attallû",
                    "pos": "N",
                    "epos": "N"
                  }
                },
                {
                  "node": "l",
                  "frag": "ina]",
                  "id": "X500447.l0277e",
                  "ref": "X500447.4.3",
                  "inst": "ina[on]PRP",
                  "sig": "@ccpo%akk-x-stdbab:ina=ina[in//on]PRP'PRP$ina",
                  "f": {
                    "lang": "akk-x-stdbab",
                    "form": "ina",
                    "cf": "ina",
                    "gw": "in",
                    "sense": "on",
                    "norm": "ina",
                    "pos": "PRP",
                    "epos": "PRP"
                  }
                },
                {
                  "node": "l",
                  "frag": "{im}SI.SA₂",
                  "id": "X500447.l0277f",
                  "ref": "X500447.4.4",
                  "inst": "iltāni[north]N",
                  "sig": "@ccpo%akk-x-stdbab:{im}SI.SA₂=iltāni[north//north]N'N$iltāni",
                  "f": {
                    "lang": "akk-x-stdbab",
                    "form": "{im}SI.SA₂",
                    "cf": "iltāni",
                    "gw": "north",
                    "sense": "north",
                    "norm": "iltāni",
                    "pos": "N",
                    "epos": "N"
                  }
                },
                {
                  "node": "l",
                  "frag": "GAR-ma",
                  "id": "X500447.l02780",
                  "ref": "X500447.4.5",
                  "inst": "iššakinma[take place]V",
                  "sig": "@ccpo%akk-x-stdbab:GAR-ma=šakānu[put//take place]V'V$iššakinma",
                  "f": {
                    "lang": "akk-x-stdbab",
                    "form": "GAR-ma",
                    "cf": "šakānu",
                    "gw": "put",
                    "sense": "take place",
                    "norm": "iššakinma",
                    "pos": "V",
                    "epos": "V"
                  }
                },
                {
                  "node": "d",
                  "type": "field-end",
                  "subtype": "bs"
                },
                {
                  "node": "d",
                  "type": "field-start",
                  "subtype": "cm"
                },
                {
                  "node": "d",
                  "frag": ":",
                  "type": "punct",
                  "ref": "X500447.4.6",
                  "lang": "akk-x-stdbab",
                  "gdl_delim": " "
                },
                {
                  "node": "l",
                  "frag": "⸢AN.GE₆⸣",
                  "id": "X500447.l02781",
                  "ref": "X500447.4.7",
                  "inst": "attallû[eclipse]N",
                  "sig": "@ccpo%akk-x-stdbab:AN.GE₆=antallû[eclipse//eclipse]N'N$attallû",
                  "f": {
                    "lang": "akk-x-stdbab",
                    "form": "AN.GE₆",
                    "cf": "antallû",
                    "gw": "eclipse",
                    "sense": "eclipse",
                    "norm": "attallû",
                    "pos": "N",
                    "epos": "N"
                  }
                },
                {
                  "node": "l",
                  "frag": "BABBAR",
                  "id": "X500447.l02782",
                  "ref": "X500447.4.8",
                  "inst": "peṣi[white]AJ",
                  "sig": "@ccpo%akk-x-stdbab:BABBAR=peṣû[white//white]AJ'AJ$peṣi",
                  "f": {
                    "lang": "akk-x-stdbab",
                    "form": "BABBAR",
                    "cf": "peṣû",
                    "gw": "white",
                    "sense": "white",
                    "norm": "peṣi",
                    "pos": "AJ",
                    "epos": "AJ"
                  }
                },
                {
                  "node": "l",
                  "frag": "ša₂",
                  "id": "X500447.l02783",
                  "ref": "X500447.4.9",
                  "inst": "ša[that]REL",
                  "sig": "@ccpo%akk-x-stdbab:ša₂=ša[that//that]REL'REL$ša",
                  "f": {
                    "lang": "akk-x-stdbab",
                    "form": "ša₂",
                    "cf": "ša",
                    "gw": "that",
                    "sense": "that",
                    "norm": "ša",
                    "pos": "REL",
                    "epos": "REL"
                  }
                },
                {
                  "node": "l",
                  "frag": "<ina>",
                  "id": "X500447.l02784",
                  "ref": "X500447.4.10",
                  "inst": "ina[in]PRP",
                  "sig": "@ccpo%akk-x-stdbab:ina=ina[in//in]PRP'PRP$ina",
                  "f": {
                    "lang": "akk-x-stdbab",
                    "form": "ina",
                    "cf": "ina",
                    "gw": "in",
                    "sense": "in",
                    "norm": "ina",
                    "pos": "PRP",
                    "epos": "PRP"
                  }
                },
                {
                  "node": "l",
                  "frag": "{im}SI.SA₂",
                  "id": "X500447.l02785",
                  "ref": "X500447.4.11",
                  "inst": "iltāni[north]N",
                  "sig": "@ccpo%akk-x-stdbab:{im}SI.SA₂=iltāni[north//north]N'N$iltāni",
                  "f": {
                    "lang": "akk-x-stdbab",
                    "form": "{im}SI.SA₂",
                    "cf": "iltāni",
                    "gw": "north",
                    "sense": "north",
                    "norm": "iltāni",
                    "pos": "N",
                    "epos": "N"
                  }
                },
                {
                  "node": "l",
                  "frag": "SAR{u₂}",
                  "id": "X500447.l02786",
                  "ref": "X500447.4.12",
                  "inst": "+šurrû[begin]V$ušarrû",
                  "sig": "@ccpo%akk-x-stdbab:SAR{+u₂}=šurrû[begin//begin]V'V$ušarrû",
                  "f": {
                    "lang": "akk-x-stdbab",
                    "form": "SAR{+u₂}",
                    "cf": "šurrû",
                    "gw": "begin",
                    "sense": "begin",
                    "norm": "ušarrû",
                    "pos": "V",
                    "epos": "V"
                  }
                },
                {
                  "node": "l",
                  "frag": "ša₂-⸢niš⸣",
                  "id": "X500447.l02787",
                  "ref": "X500447.4.13",
                  "inst": "šanîš[alternatively]AV",
                  "sig": "@ccpo%akk-x-stdbab:ša₂-niš=šanîš[otherwise//alternatively]AV'AV$šanîš",
                  "f": {
                    "lang": "akk-x-stdbab",
                    "form": "ša₂-niš",
                    "cf": "šanîš",
                    "gw": "otherwise",
                    "sense": "alternatively",
                    "norm": "šanîš",
                    "pos": "AV",
                    "epos": "AV"
                  }
                },
                {
                  "node": "l",
                  "frag": "[...]",
                  "id": "X500447.l02788",
                  "ref": "X500447.4.14",
                  "inst": "u",
                  "f": {
                    "lang": "akk-x-stdbab",
                    "form": "x",
                    "pos": "u"
                  }
                },
                {
                  "node": "d",
                  "type": "nonw",
                  "ref": ""
                },
                {
                  "node": "d",
                  "type": "field-end",
                  "subtype": "cm"
                },
                {
                  "node": "d",
                  "type": "line-start",
                  "ref": "X500447.5",
                  "n": "4'",
                  "label": "4'"
                },
                {
                  "node": "d",
                  "type": "field-start",
                  "subtype": "zz"
                },
                {
                  "node": "l",
                  "frag": "[...]",
                  "id": "X500447.l02789",
                  "ref": "X500447.5.1",
                  "inst": "u",
                  "f": {
                    "lang": "akk-x-stdbab",
                    "form": "x",
                    "pos": "u"
                  }
                },
                {
                  "node": "l",
                  "frag": "⸢x⸣",
                  "id": "X500447.l0278a",
                  "ref": "X500447.5.2",
                  "inst": "u",
                  "f": {
                    "lang": "akk-x-stdbab",
                    "form": "x",
                    "pos": "u"
                  }
                },
                {
                  "node": "d",
                  "type": "field-end",
                  "subtype": "zz"
                },
                {
                  "node": "d",
                  "type": "field-start",
                  "subtype": "bs"
                },
                {
                  "node": "l",
                  "frag": "TAG₄{zib}",
                  "id": "X500447.l0278b",
                  "ref": "X500447.5.3",
                  "inst": "ezib[abandoned]AJ",
                  "sig": "@ccpo%akk-x-stdbab:TAG₄{+zib}=ezbu[abandoned//abandoned]AJ'AJ$ezib",
                  "f": {
                    "lang": "akk-x-stdbab",
                    "form": "TAG₄{+zib}",
                    "cf": "ezbu",
                    "gw": "abandoned",
                    "sense": "abandoned",
                    "norm": "ezib",
                    "pos": "AJ",
                    "epos": "AJ"
                  }
                },
                {
                  "node": "d",
                  "type": "field-end",
                  "subtype": "bs"
                },
                {
                  "node": "d",
                  "type": "field-start",
                  "subtype": "cm"
                },
                {
                  "node": "d",
                  "frag": ":",
                  "type": "punct",
                  "ref": "X500447.5.4",
                  "lang": "akk-x-stdbab",
                  "gdl_delim": " "
                },
                {
                  "node": "l",
                  "frag": "A₂",
                  "id": "X500447.l0278c",
                  "ref": "X500447.5.5",
                  "inst": "idi[side]N",
                  "sig": "@ccpo%akk-x-stdbab:A₂=idu[arm//side]N'N$idi",
                  "f": {
                    "lang": "akk-x-stdbab",
                    "form": "A₂",
                    "cf": "idu",
                    "gw": "arm",
                    "sense": "side",
                    "norm": "idi",
                    "pos": "N",
                    "epos": "N"
                  }
                },
                {
                  "node": "l",
                  "frag": "{⸢im}U₁₈.LU⸣",
                  "id": "X500447.l0278d",
                  "ref": "X500447.5.6",
                  "inst": "šūti[south]N",
                  "sig": "@ccpo%akk-x-stdbab:{im}U₁₈.LU=šūti[south//south]N'N$šūti",
                  "f": {
                    "lang": "akk-x-stdbab",
                    "form": "{im}U₁₈.LU",
                    "cf": "šūti",
                    "gw": "south",
                    "sense": "south",
                    "norm": "šūti",
                    "pos": "N",
                    "epos": "N"
                  }
                },
                {
                  "node": "l",
                  "frag": "GAR-ma",
                  "id": "X500447.l0278e",
                  "ref": "X500447.5.7",
                  "inst": "iššakinma[take place]V",
                  "sig": "@ccpo%akk-x-stdbab:GAR-ma=šakānu[put//take place]V'V$iššakinma",
                  "f": {
                    "lang": "akk-x-stdbab",
                    "form": "GAR-ma",
                    "cf": "šakānu",
                    "gw": "put",
                    "sense": "take place",
                    "norm": "iššakinma",
                    "pos": "V",
                    "epos": "V"
                  }
                },
                {
                  "node": "d",
                  "frag": ":",
                  "type": "punct",
                  "ref": "X500447.5.8",
                  "lang": "akk-x-stdbab",
                  "gdl_delim": " "
                },
                {
                  "node": "d",
                  "type": "field-end",
                  "subtype": "cm"
                },
                {
                  "node": "d",
                  "type": "field-start",
                  "subtype": "bs"
                },
                {
                  "node": "l",
                  "frag": "ina",
                  "id": "X500447.l0278f",
                  "ref": "X500447.5.9",
                  "inst": "ina[in]PRP",
                  "sig": "@ccpo%akk-x-stdbab:ina=ina[in//in]PRP'PRP$ina",
                  "f": {
                    "lang": "akk-x-stdbab",
                    "form": "ina",
                    "cf": "ina",
                    "gw": "in",
                    "sense": "in",
                    "norm": "ina",
                    "pos": "PRP",
                    "epos": "PRP"
                  }
                },
                {
                  "node": "l",
                  "frag": "U₄.1.KAM",
                  "id": "X500447.l02790",
                  "ref": "X500447.5.10",
                  "inst": "X",
                  "f": {
                    "lang": "akk-x-stdbab",
                    "form": "U₄.1.KAM",
                    "pos": "X"
                  }
                },
                {
                  "node": "l",
                  "frag": "u₂-dan-na-[an",
                  "id": "X500447.l02791",
                  "ref": "X500447.5.11",
                  "inst": "udannan[reinforce]V",
                  "sig": "@ccpo%akk-x-stdbab:u₂-dan-na-an=danānu[be(come) strong//reinforce]V'V$udannan",
                  "f": {
                    "lang": "akk-x-stdbab",
                    "form": "u₂-dan-na-an",
                    "cf": "danānu",
                    "gw": "be(come) strong",
                    "sense": "reinforce",
                    "norm": "udannan",
                    "pos": "V",
                    "epos": "V"
                  }
                },
                {
                  "node": "d",
                  "type": "field-end",
                  "subtype": "bs"
                },
                {
                  "node": "d",
                  "type": "field-start",
                  "subtype": "zz"
                },
                {
                  "node": "l",
                  "frag": "...]",
                  "id": "X500447.l02792",
                  "ref": "X500447.5.12",
                  "inst": "u",
                  "f": {
                    "lang": "akk-x-stdbab",
                    "form": "x",
                    "pos": "u"
                  }
                },
                {
                  "node": "d",
                  "type": "field-end",
                  "subtype": "zz"
                },
                {
                  "node": "d",
                  "type": "line-start",
                  "ref": "X500447.6",
                  "n": "5'",
                  "label": "5'"
                },
                {
                  "node": "d",
                  "type": "field-start",
                  "subtype": "zz"
                },
                {
                  "node": "l",
                  "frag": "[...]",
                  "id": "X500447.l02793",
                  "ref": "X500447.6.1",
                  "inst": "u",
                  "f": {
                    "lang": "akk-x-stdbab",
                    "form": "x",
                    "pos": "u"
                  }
                },
                {
                  "node": "l",
                  "frag": "⸢x⸣",
                  "id": "X500447.l02794",
                  "ref": "X500447.6.2",
                  "inst": "u",
                  "f": {
                    "lang": "akk-x-stdbab",
                    "form": "x",
                    "pos": "u"
                  }
                },
                {
                  "node": "d",
                  "type": "field-end",
                  "subtype": "zz"
                },
                {
                  "node": "d",
                  "type": "field-start",
                  "subtype": "bs"
                },
                {
                  "node": "l",
                  "frag": "TAG₄{zib}",
                  "id": "X500447.l02795",
                  "ref": "X500447.6.3",
                  "inst": "ezib[abandoned]AJ",
                  "sig": "@ccpo%akk-x-stdbab:TAG₄{+zib}=ezbu[abandoned//abandoned]AJ'AJ$ezib",
                  "f": {
                    "lang": "akk-x-stdbab",
                    "form": "TAG₄{+zib}",
                    "cf": "ezbu",
                    "gw": "abandoned",
                    "sense": "abandoned",
                    "norm": "ezib",
                    "pos": "AJ",
                    "epos": "AJ"
                  }
                },
                {
                  "node": "d",
                  "type": "field-end",
                  "subtype": "bs"
                },
                {
                  "node": "d",
                  "type": "field-start",
                  "subtype": "cm"
                },
                {
                  "node": "d",
                  "frag": ":",
                  "type": "punct",
                  "ref": "X500447.6.4",
                  "lang": "akk-x-stdbab",
                  "gdl_delim": " "
                },
                {
                  "node": "l",
                  "frag": "A₂",
                  "id": "X500447.l02796",
                  "ref": "X500447.6.5",
                  "inst": "idi[side]N",
                  "sig": "@ccpo%akk-x-stdbab:A₂=idu[arm//side]N'N$idi",
                  "f": {
                    "lang": "akk-x-stdbab",
                    "form": "A₂",
                    "cf": "idu",
                    "gw": "arm",
                    "sense": "side",
                    "norm": "idi",
                    "pos": "N",
                    "epos": "N"
                  }
                },
                {
                  "node": "l",
                  "frag": "{⸢im⸣}KUR.RA",
                  "id": "X500447.l02797",
                  "ref": "X500447.6.6",
                  "inst": "šadî[east]N",
                  "sig": "@ccpo%akk-x-stdbab:{im}KUR.RA=šadû[east//east]N'N$šadî",
                  "f": {
                    "lang": "akk-x-stdbab",
                    "form": "{im}KUR.RA",
                    "cf": "šadû",
                    "gw": "east",
                    "sense": "east",
                    "norm": "šadî",
                    "pos": "N",
                    "epos": "N"
                  }
                },
                {
                  "node": "l",
                  "frag": "GAR-ma",
                  "id": "X500447.l02798",
                  "ref": "X500447.6.7",
                  "inst": "iššakkanma[take place]V",
                  "sig": "@ccpo%akk-x-stdbab:GAR-ma=šakānu[put//take place]V'V$iššakkanma",
                  "f": {
                    "lang": "akk-x-stdbab",
                    "form": "GAR-ma",
                    "cf": "šakānu",
                    "gw": "put",
                    "sense": "take place",
                    "norm": "iššakkanma",
                    "pos": "V",
                    "epos": "V"
                  }
                },
                {
                  "node": "d",
                  "frag": ":",
                  "type": "punct",
                  "ref": "X500447.6.8",
                  "lang": "akk-x-stdbab",
                  "gdl_delim": " "
                },
                {
                  "node": "d",
                  "type": "field-end",
                  "subtype": "cm"
                },
                {
                  "node": "d",
                  "type": "field-start",
                  "subtype": "bs"
                },
                {
                  "node": "l",
                  "frag": "SIG₇",
                  "id": "X500447.l02799",
                  "ref": "X500447.6.9",
                  "inst": "arqu[yellow-green]AJ",
                  "sig": "@ccpo%akk-x-stdbab:SIG₇=warqu[yellow-green//yellow-green]AJ'AJ$arqu",
                  "f": {
                    "lang": "akk-x-stdbab",
                    "form": "SIG₇",
                    "cf": "warqu",
                    "gw": "yellow-green",
                    "sense": "yellow-green",
                    "norm": "arqu",
                    "pos": "AJ",
                    "epos": "AJ"
                  }
                },
                {
                  "node": "d",
                  "type": "field-end",
                  "subtype": "bs"
                },
                {
                  "node": "d",
                  "type": "field-start",
                  "subtype": "cm"
                },
                {
                  "node": "d",
                  "frag": ":",
                  "type": "punct",
                  "ref": "X500447.6.10",
                  "lang": "akk-x-stdbab",
                  "gdl_delim": " "
                },
                {
                  "node": "l",
                  "frag": "{d}GENNA",
                  "id": "X500447.l0279a",
                  "ref": "X500447.6.11",
                  "inst": "Kayyamanu[Saturn]CN",
                  "sig": "@ccpo%akk-x-stdbab:{d}GENNA=Kayyamanu[Saturn//Saturn]CN'CN$Kayyamanu",
                  "f": {
                    "lang": "akk-x-stdbab",
                    "form": "{d}GENNA",
                    "cf": "Kayyamanu",
                    "gw": "Saturn",
                    "sense": "Saturn",
                    "norm": "Kayyamanu",
                    "pos": "CN",
                    "epos": "CN"
                  }
                },
                {
                  "node": "l",
                  "frag": "[...]",
                  "id": "X500447.l0279b",
                  "ref": "X500447.6.12",
                  "inst": "u",
                  "f": {
                    "lang": "akk-x-stdbab",
                    "form": "x",
                    "pos": "u"
                  }
                },
                {
                  "node": "d",
                  "type": "nonw",
                  "ref": ""
                },
                {
                  "node": "d",
                  "type": "field-end",
                  "subtype": "cm"
                },
                {
                  "node": "d",
                  "type": "line-start",
                  "ref": "X500447.7",
                  "n": "6'",
                  "label": "6'"
                },
                {
                  "node": "d",
                  "type": "field-start",
                  "subtype": "zz"
                },
                {
                  "node": "l",
                  "frag": "[...]",
                  "id": "X500447.l0279c",
                  "ref": "X500447.7.1",
                  "inst": "u",
                  "f": {
                    "lang": "akk-x-stdbab",
                    "form": "x",
                    "pos": "u"
                  }
                },
                {
                  "node": "l",
                  "frag": "⸢x⸣",
                  "id": "X500447.l0279d",
                  "ref": "X500447.7.2",
                  "inst": "u",
                  "f": {
                    "lang": "akk-x-stdbab",
                    "form": "x",
                    "pos": "u"
                  }
                },
                {
                  "node": "d",
                  "type": "field-end",
                  "subtype": "zz"
                },
                {
                  "node": "d",
                  "type": "field-start",
                  "subtype": "bs"
                },
                {
                  "node": "l",
                  "frag": "TAG₄{zib}",
                  "id": "X500447.l0279e",
                  "ref": "X500447.7.3",
                  "inst": "ezib[abandoned]AJ",
                  "sig": "@ccpo%akk-x-stdbab:TAG₄{+zib}=ezbu[abandoned//abandoned]AJ'AJ$ezib",
                  "f": {
                    "lang": "akk-x-stdbab",
                    "form": "TAG₄{+zib}",
                    "cf": "ezbu",
                    "gw": "abandoned",
                    "sense": "abandoned",
                    "norm": "ezib",
                    "pos": "AJ",
                    "epos": "AJ"
                  }
                },
                {
                  "node": "d",
                  "type": "field-end",
                  "subtype": "bs"
                },
                {
                  "node": "d",
                  "type": "field-start",
                  "subtype": "cm"
                },
                {
                  "node": "d",
                  "frag": ":",
                  "type": "punct",
                  "ref": "X500447.7.4",
                  "lang": "akk-x-stdbab",
                  "gdl_delim": " "
                },
                {
                  "node": "l",
                  "frag": "A₂",
                  "id": "X500447.l0279f",
                  "ref": "X500447.7.5",
                  "inst": "idi[side]N",
                  "sig": "@ccpo%akk-x-stdbab:A₂=idu[arm//side]N'N$idi",
                  "f": {
                    "lang": "akk-x-stdbab",
                    "form": "A₂",
                    "cf": "idu",
                    "gw": "arm",
                    "sense": "side",
                    "norm": "idi",
                    "pos": "N",
                    "epos": "N"
                  }
                },
                {
                  "node": "l",
                  "frag": "{im}MAR.TU",
                  "id": "X500447.l027a0",
                  "ref": "X500447.7.6",
                  "inst": "+amurru[west]N$amurri",
                  "sig": "@ccpo%akk-x-stdbab:{im}MAR.TU=amurru[west//west]N'N$amurri",
                  "f": {
                    "lang": "akk-x-stdbab",
                    "form": "{im}MAR.TU",
                    "cf": "amurru",
                    "gw": "west",
                    "sense": "west",
                    "norm": "amurri",
                    "pos": "N",
                    "epos": "N"
                  }
                },
                {
                  "node": "l",
                  "frag": "GAR-ma",
                  "id": "X500447.l027a1",
                  "ref": "X500447.7.7",
                  "inst": "iššakkanma[take place]V",
                  "sig": "@ccpo%akk-x-stdbab:GAR-ma=šakānu[put//take place]V'V$iššakkanma",
                  "f": {
                    "lang": "akk-x-stdbab",
                    "form": "GAR-ma",
                    "cf": "šakānu",
                    "gw": "put",
                    "sense": "take place",
                    "norm": "iššakkanma",
                    "pos": "V",
                    "epos": "V"
                  }
                },
                {
                  "node": "d",
                  "frag": ":",
                  "type": "punct",
                  "ref": "X500447.7.8",
                  "lang": "akk-x-stdbab",
                  "gdl_delim": " "
                },
                {
                  "node": "d",
                  "type": "field-end",
                  "subtype": "cm"
                },
                {
                  "node": "d",
                  "type": "field-start",
                  "subtype": "bs"
                },
                {
                  "node": "l",
                  "frag": "SA₅",
                  "id": "X500447.l027a2",
                  "ref": "X500447.7.9",
                  "inst": "sāmu[red]AJ",
                  "sig": "@ccpo%akk-x-stdbab:SA₅=sāmu[red//red]AJ'AJ$sāmu",
                  "f": {
                    "lang": "akk-x-stdbab",
                    "form": "SA₅",
                    "cf": "sāmu",
                    "gw": "red",
                    "sense": "red",
                    "norm": "sāmu",
                    "pos": "AJ",
                    "epos": "AJ"
                  }
                },
                {
                  "node": "d",
                  "type": "field-end",
                  "subtype": "bs"
                },
                {
                  "node": "d",
                  "type": "field-start",
                  "subtype": "cm"
                },
                {
                  "node": "d",
                  "frag": ":",
                  "type": "punct",
                  "ref": "X500447.7.10",
                  "lang": "akk-x-stdbab",
                  "gdl_delim": " "
                },
                {
                  "node": "l",
                  "frag": "{d}ṣal-bat-a-nu",
                  "id": "X500447.l027a3",
                  "ref": "X500447.7.11",
                  "inst": "Ṣalbatanu[Mars]CN",
                  "sig": "@ccpo%akk-x-stdbab:{d}ṣal-bat-a-nu=Ṣalbatanu[Mars//Mars]CN'CN$Ṣalbatanu",
                  "f": {
                    "lang": "akk-x-stdbab",
                    "form": "{d}ṣal-bat-a-nu",
                    "cf": "Ṣalbatanu",
                    "gw": "Mars",
                    "sense": "Mars",
                    "norm": "Ṣalbatanu",
                    "pos": "CN",
                    "epos": "CN"
                  }
                },
                {
                  "node": "d",
                  "frag": ":",
                  "type": "punct",
                  "ref": "X500447.7.12",
                  "lang": "akk-x-stdbab",
                  "gdl_delim": " "
                },
                {
                  "node": "l",
                  "frag": "ša₂-[niš",
                  "id": "X500447.l027a4",
                  "ref": "X500447.7.13",
                  "inst": "šanîš[alternatively]AV",
                  "sig": "@ccpo%akk-x-stdbab:ša₂-niš=šanîš[otherwise//alternatively]AV'AV$šanîš",
                  "f": {
                    "lang": "akk-x-stdbab",
                    "form": "ša₂-niš",
                    "cf": "šanîš",
                    "gw": "otherwise",
                    "sense": "alternatively",
                    "norm": "šanîš",
                    "pos": "AV",
                    "epos": "AV"
                  }
                },
                {
                  "node": "l",
                  "frag": "...]",
                  "id": "X500447.l027a5",
                  "ref": "X500447.7.14",
                  "inst": "u",
                  "f": {
                    "lang": "akk-x-stdbab",
                    "form": "x",
                    "pos": "u"
                  }
                },
                {
                  "node": "d",
                  "type": "nonw",
                  "ref": ""
                },
                {
                  "node": "d",
                  "type": "field-end",
                  "subtype": "cm"
                },
                {
                  "node": "d",
                  "type": "line-start",
                  "ref": "X500447.8",
                  "n": "7'",
                  "label": "7'"
                },
                {
                  "node": "d",
                  "type": "field-start",
                  "subtype": "cm"
                },
                {
                  "node": "l",
                  "frag": "[...",
                  "id": "X500447.l027a6",
                  "ref": "X500447.8.1",
                  "inst": "u",
                  "f": {
                    "lang": "akk-x-stdbab",
                    "form": "x",
                    "pos": "u"
                  }
                },
                {
                  "node": "l",
                  "frag": "AN].⸢GE₆⸣",
                  "id": "X500447.l027a7",
                  "ref": "X500447.8.2",
                  "inst": "attallû[eclipse]N",
                  "sig": "@ccpo%akk-x-stdbab:AN.GE₆=antallû[eclipse//eclipse]N'N$attallû",
                  "f": {
                    "lang": "akk-x-stdbab",
                    "form": "AN.GE₆",
                    "cf": "antallû",
                    "gw": "eclipse",
                    "sense": "eclipse",
                    "norm": "attallû",
                    "pos": "N",
                    "epos": "N"
                  }
                },
                {
                  "node": "l",
                  "frag": "TIL{ti₃}",
                  "id": "X500447.l027a8",
                  "ref": "X500447.8.3",
                  "inst": "gamerti[totality]N",
                  "sig": "@ccpo%akk-x-stdbab:TIL{+ti₃}=gamertu[completeness//totality]N'N$gamerti",
                  "f": {
                    "lang": "akk-x-stdbab",
                    "form": "TIL{+ti₃}",
                    "cf": "gamertu",
                    "gw": "completeness",
                    "sense": "totality",
                    "norm": "gamerti",
                    "pos": "N",
                    "epos": "N"
                  }
                },
                {
                  "node": "l",
                  "frag": "GAR-ma",
                  "id": "X500447.l027a9",
                  "ref": "X500447.8.4",
                  "inst": "iššakinma[take place]V",
                  "sig": "@ccpo%akk-x-stdbab:GAR-ma=šakānu[put//take place]V'V$iššakinma",
                  "f": {
                    "lang": "akk-x-stdbab",
                    "form": "GAR-ma",
                    "cf": "šakānu",
                    "gw": "put",
                    "sense": "take place",
                    "norm": "iššakinma",
                    "pos": "V",
                    "epos": "V"
                  }
                },
                {
                  "node": "l",
                  "frag": "ša₂-niš",
                  "id": "X500447.l027aa",
                  "ref": "X500447.8.5",
                  "inst": "šanîš[alternatively]AV",
                  "sig": "@ccpo%akk-x-stdbab:ša₂-niš=šanîš[otherwise//alternatively]AV'AV$šanîš",
                  "f": {
                    "lang": "akk-x-stdbab",
                    "form": "ša₂-niš",
                    "cf": "šanîš",
                    "gw": "otherwise",
                    "sense": "alternatively",
                    "norm": "šanîš",
                    "pos": "AV",
                    "epos": "AV"
                  }
                },
                {
                  "node": "l",
                  "frag": "AN.GE₆",
                  "id": "X500447.l027ab",
                  "ref": "X500447.8.6",
                  "inst": "attallû[eclipse]N",
                  "sig": "@ccpo%akk-x-stdbab:AN.GE₆=antallû[eclipse//eclipse]N'N$attallû",
                  "f": {
                    "lang": "akk-x-stdbab",
                    "form": "AN.GE₆",
                    "cf": "antallû",
                    "gw": "eclipse",
                    "sense": "eclipse",
                    "norm": "attallû",
                    "pos": "N",
                    "epos": "N"
                  }
                },
                {
                  "node": "l",
                  "frag": "ša₂",
                  "id": "X500447.l027ac",
                  "ref": "X500447.8.7",
                  "inst": "ša[that]REL",
                  "sig": "@ccpo%akk-x-stdbab:ša₂=ša[that//that]REL'REL$ša",
                  "f": {
                    "lang": "akk-x-stdbab",
                    "form": "ša₂",
                    "cf": "ša",
                    "gw": "that",
                    "sense": "that",
                    "norm": "ša",
                    "pos": "REL",
                    "epos": "REL"
                  }
                },
                {
                  "node": "l",
                  "frag": "gab-bi-šu₂",
                  "id": "X500447.l027ad",
                  "ref": "X500447.8.8",
                  "inst": "gabbišu[all]N",
                  "sig": "@ccpo%akk-x-stdbab:gab-bi-šu₂=gabbu[totality//all]N'N$gabbišu",
                  "f": {
                    "lang": "akk-x-stdbab",
                    "form": "gab-bi-šu₂",
                    "cf": "gabbu",
                    "gw": "totality",
                    "sense": "all",
                    "norm": "gabbišu",
                    "pos": "N",
                    "epos": "N"
                  }
                },
                {
                  "node": "l",
                  "frag": "ir-ri-mu",
                  "id": "X500447.l027ae",
                  "ref": "X500447.8.9",
                  "inst": "irrimu[cover]V",
                  "sig": "@ccpo%akk-x-stdbab:ir-ri-mu=arāmu[cover//cover]V'V$irrimu",
                  "f": {
                    "lang": "akk-x-stdbab",
                    "form": "ir-ri-mu",
                    "cf": "arāmu",
                    "gw": "cover",
                    "sense": "cover",
                    "norm": "irrimu",
                    "pos": "V",
                    "epos": "V"
                  }
                },
                {
                  "node": "d",
                  "frag": ":",
                  "type": "punct",
                  "ref": "X500447.8.10",
                  "lang": "akk-x-stdbab",
                  "gdl_delim": " "
                },
                {
                  "node": "d",
                  "type": "field-end",
                  "subtype": "cm"
                },
                {
                  "node": "d",
                  "type": "field-start",
                  "subtype": "bs"
                },
                {
                  "node": "l",
                  "frag": "TIL",
                  "id": "X500447.l027af",
                  "ref": "X500447.8.11",
                  "inst": "u",
                  "f": {
                    "lang": "akk-x-stdbab",
                    "form": "TIL",
                    "pos": "u"
                  }
                },
                {
                  "node": "d",
                  "type": "field-end",
                  "subtype": "bs"
                },
                {
                  "node": "d",
                  "type": "field-start",
                  "subtype": "cm"
                },
                {
                  "node": "d",
                  "frag": ":",
                  "type": "punct",
                  "ref": "X500447.8.12",
                  "lang": "akk-x-stdbab",
                  "gdl_delim": " "
                },
                {
                  "node": "l",
                  "frag": "x",
                  "id": "X500447.l027b0",
                  "ref": "X500447.8.13",
                  "inst": "u",
                  "f": {
                    "lang": "akk-x-stdbab",
                    "form": "x",
                    "pos": "u"
                  }
                },
                {
                  "node": "l",
                  "frag": "x",
                  "id": "X500447.l027b1",
                  "ref": "X500447.8.14",
                  "inst": "u",
                  "f": {
                    "lang": "akk-x-stdbab",
                    "form": "x",
                    "pos": "u"
                  }
                },
                {
                  "node": "l",
                  "frag": "[...]",
                  "id": "X500447.l027b2",
                  "ref": "X500447.8.15",
                  "inst": "u",
                  "f": {
                    "lang": "akk-x-stdbab",
                    "form": "x",
                    "pos": "u"
                  }
                },
                {
                  "node": "d",
                  "type": "nonw",
                  "ref": ""
                },
                {
                  "node": "d",
                  "type": "field-end",
                  "subtype": "cm"
                },
                {
                  "node": "d",
                  "type": "line-start",
                  "ref": "X500447.9",
                  "n": "8'",
                  "label": "8'"
                },
                {
                  "node": "d",
                  "type": "field-start",
                  "subtype": "cm"
                },
                {
                  "node": "l",
                  "frag": "[...]",
                  "id": "X500447.l027b3",
                  "ref": "X500447.9.1",
                  "inst": "u",
                  "f": {
                    "lang": "akk-x-stdbab",
                    "form": "x",
                    "pos": "u"
                  }
                },
                {
                  "node": "l",
                  "frag": "hab-rat",
                  "id": "X500447.l027b4",
                  "ref": "X500447.9.2",
                  "inst": "habrat[thick]AJ",
                  "sig": "@ccpo%akk-x-stdbab:hab-rat=habru[thick//thick]AJ'AJ$habrat",
                  "f": {
                    "lang": "akk-x-stdbab",
                    "form": "hab-rat",
                    "cf": "habru",
                    "gw": "thick",
                    "sense": "thick",
                    "norm": "habrat",
                    "pos": "AJ",
                    "epos": "AJ"
                  }
                },
                {
                  "node": "l",
                  "frag": "⸢AN⸣.GE₆",
                  "id": "X500447.l027b5",
                  "ref": "X500447.9.3",
                  "inst": "attallû[eclipse]N",
                  "sig": "@ccpo%akk-x-stdbab:AN.GE₆=antallû[eclipse//eclipse]N'N$attallû",
                  "f": {
                    "lang": "akk-x-stdbab",
                    "form": "AN.GE₆",
                    "cf": "antallû",
                    "gw": "eclipse",
                    "sense": "eclipse",
                    "norm": "attallû",
                    "pos": "N",
                    "epos": "N"
                  }
                },
                {
                  "node": "l",
                  "frag": "GAR-ma",
                  "id": "X500447.l027b6",
                  "ref": "X500447.9.4",
                  "inst": "iššakinma[take place]V",
                  "sig": "@ccpo%akk-x-stdbab:GAR-ma=šakānu[put//take place]V'V$iššakinma",
                  "f": {
                    "lang": "akk-x-stdbab",
                    "form": "GAR-ma",
                    "cf": "šakānu",
                    "gw": "put",
                    "sense": "take place",
                    "norm": "iššakinma",
                    "pos": "V",
                    "epos": "V"
                  }
                },
                {
                  "node": "l",
                  "frag": "ša₂-niš",
                  "id": "X500447.l027b7",
                  "ref": "X500447.9.5",
                  "inst": "šanîš[alternatively]AV",
                  "sig": "@ccpo%akk-x-stdbab:ša₂-niš=šanîš[otherwise//alternatively]AV'AV$šanîš",
                  "f": {
                    "lang": "akk-x-stdbab",
                    "form": "ša₂-niš",
                    "cf": "šanîš",
                    "gw": "otherwise",
                    "sense": "alternatively",
                    "norm": "šanîš",
                    "pos": "AV",
                    "epos": "AV"
                  }
                },
                {
                  "node": "l",
                  "frag": "mi-šil",
                  "id": "X500447.l027b8",
                  "ref": "X500447.9.6",
                  "inst": "mišil[half]NU",
                  "sig": "@ccpo%akk-x-stdbab:mi-šil=mišlu[half//half]NU'NU$mišil",
                  "f": {
                    "lang": "akk-x-stdbab",
                    "form": "mi-šil",
                    "cf": "mišlu",
                    "gw": "half",
                    "sense": "half",
                    "norm": "mišil",
                    "pos": "NU",
                    "epos": "NU"
                  }
                },
                {
                  "node": "l",
                  "frag": "hab-rat",
                  "id": "X500447.l027b9",
                  "ref": "X500447.9.7",
                  "inst": "habrat[thick]AJ",
                  "sig": "@ccpo%akk-x-stdbab:hab-rat=habru[thick//thick]AJ'AJ$habrat",
                  "f": {
                    "lang": "akk-x-stdbab",
                    "form": "hab-rat",
                    "cf": "habru",
                    "gw": "thick",
                    "sense": "thick",
                    "norm": "habrat",
                    "pos": "AJ",
                    "epos": "AJ"
                  }
                },
                {
                  "node": "l",
                  "frag": "AN.GE₆",
                  "id": "X500447.l027ba",
                  "ref": "X500447.9.8",
                  "inst": "attallû[eclipse]N",
                  "sig": "@ccpo%akk-x-stdbab:AN.GE₆=antallû[eclipse//eclipse]N'N$attallû",
                  "f": {
                    "lang": "akk-x-stdbab",
                    "form": "AN.GE₆",
                    "cf": "antallû",
                    "gw": "eclipse",
                    "sense": "eclipse",
                    "norm": "attallû",
                    "pos": "N",
                    "epos": "N"
                  }
                },
                {
                  "node": "l",
                  "frag": "GAR-[ma",
                  "id": "X500447.l027bb",
                  "ref": "X500447.9.9",
                  "inst": "iššakkanma[take place]V",
                  "sig": "@ccpo%akk-x-stdbab:GAR-ma=šakānu[put//take place]V'V$iššakkanma",
                  "f": {
                    "lang": "akk-x-stdbab",
                    "form": "GAR-ma",
                    "cf": "šakānu",
                    "gw": "put",
                    "sense": "take place",
                    "norm": "iššakkanma",
                    "pos": "V",
                    "epos": "V"
                  }
                },
                {
                  "node": "l",
                  "frag": "...]",
                  "id": "X500447.l027bc",
                  "ref": "X500447.9.10",
                  "inst": "u",
                  "f": {
                    "lang": "akk-x-stdbab",
                    "form": "x",
                    "pos": "u"
                  }
                },
                {
                  "node": "d",
                  "type": "nonw",
                  "ref": ""
                },
                {
                  "node": "d",
                  "type": "field-end",
                  "subtype": "cm"
                },
                {
                  "node": "d",
                  "type": "line-start",
                  "ref": "X500447.10",
                  "n": "9'",
                  "label": "9'"
                },
                {
                  "node": "d",
                  "type": "field-start",
                  "subtype": "zz"
                },
                {
                  "node": "l",
                  "frag": "[...]-⸢šu₂⸣",
                  "id": "X500447.l027bd",
                  "ref": "X500447.10.1",
                  "inst": "u",
                  "f": {
                    "lang": "akk-x-stdbab",
                    "form": "x-šu₂",
                    "pos": "u"
                  }
                },
                {
                  "node": "l",
                  "frag": "u₃",
                  "id": "X500447.l027be",
                  "ref": "X500447.10.2",
                  "inst": "u[and]CNJ",
                  "sig": "@ccpo%akk-x-stdbab:u₃=u[and//and]CNJ'CNJ$u",
                  "f": {
                    "lang": "akk-x-stdbab",
                    "form": "u₃",
                    "cf": "u",
                    "gw": "and",
                    "sense": "and",
                    "norm": "u",
                    "pos": "CNJ",
                    "epos": "CNJ"
                  }
                },
                {
                  "node": "l",
                  "frag": "ki-i",
                  "id": "X500447.l027bf",
                  "ref": "X500447.10.3",
                  "inst": "kī[as]PRP",
                  "sig": "@ccpo%akk-x-stdbab:ki-i=kī[like//as]PRP'PRP$kī",
                  "f": {
                    "lang": "akk-x-stdbab",
                    "form": "ki-i",
                    "cf": "kī",
                    "gw": "like",
                    "sense": "as",
                    "norm": "kī",
                    "pos": "PRP",
                    "epos": "PRP"
                  }
                },
                {
                  "node": "l",
                  "frag": "SI",
                  "id": "X500447.l027c0",
                  "ref": "X500447.10.4",
                  "inst": "qaran[horn]N",
                  "sig": "@ccpo%akk-x-stdbab:SI=qarnu[horn//horn]N'N$qaran",
                  "f": {
                    "lang": "akk-x-stdbab",
                    "form": "SI",
                    "cf": "qarnu",
                    "gw": "horn",
                    "sense": "horn",
                    "norm": "qaran",
                    "pos": "N",
                    "epos": "N"
                  }
                },
                {
                  "node": "l",
                  "frag": "150-šu₂",
                  "id": "X500447.l027c1",
                  "ref": "X500447.10.5",
                  "inst": "šumēlīšu[the left]N",
                  "sig": "@ccpo%akk-x-stdbab:150-šu₂=šumēlu[the left//the left]N'N$šumēlīšu",
                  "f": {
                    "lang": "akk-x-stdbab",
                    "form": "150-šu₂",
                    "cf": "šumēlu",
                    "gw": "the left",
                    "sense": "the left",
                    "norm": "šumēlīšu",
                    "pos": "N",
                    "epos": "N"
                  }
                },
                {
                  "node": "l",
                  "frag": "ina",
                  "id": "X500447.l027c2",
                  "ref": "X500447.10.6",
                  "inst": "ina[in]PRP",
                  "sig": "@ccpo%akk-x-stdbab:ina=ina[in//in]PRP'PRP$ina",
                  "f": {
                    "lang": "akk-x-stdbab",
                    "form": "ina",
                    "cf": "ina",
                    "gw": "in",
                    "sense": "in",
                    "norm": "ina",
                    "pos": "PRP",
                    "epos": "PRP"
                  }
                },
                {
                  "node": "l",
                  "frag": "ta-mar-ti",
                  "id": "X500447.l027c3",
                  "ref": "X500447.10.7",
                  "inst": "tāmarti[appearance]N",
                  "sig": "@ccpo%akk-x-stdbab:ta-mar-ti=tāmartu[view(ing)//appearance]N'N$tāmarti",
                  "f": {
                    "lang": "akk-x-stdbab",
                    "form": "ta-mar-ti",
                    "cf": "tāmartu",
                    "gw": "view(ing)",
                    "sense": "appearance",
                    "norm": "tāmarti",
                    "pos": "N",
                    "epos": "N"
                  }
                },
                {
                  "node": "l",
                  "frag": "U₄.1.⸢KAM⸣",
                  "id": "X500447.l027c4",
                  "ref": "X500447.10.8",
                  "inst": "X",
                  "f": {
                    "lang": "akk-x-stdbab",
                    "form": "U₄.1.KAM",
                    "pos": "X"
                  }
                },
                {
                  "node": "l",
                  "frag": "[...]",
                  "id": "X500447.l027c5",
                  "ref": "X500447.10.9",
                  "inst": "u",
                  "f": {
                    "lang": "akk-x-stdbab",
                    "form": "x",
                    "pos": "u"
                  }
                },
                {
                  "node": "d",
                  "type": "field-end",
                  "subtype": "zz"
                },
                {
                  "node": "d",
                  "type": "line-start",
                  "ref": "X500447.11",
                  "n": "10'",
                  "label": "10'"
                },
                {
                  "node": "d",
                  "type": "field-start",
                  "subtype": "zz"
                },
                {
                  "node": "l",
                  "frag": "[...]-⸢mi⸣-ir",
                  "id": "X500447.l027c6",
                  "ref": "X500447.11.1",
                  "inst": "u",
                  "f": {
                    "lang": "akk-x-stdbab",
                    "form": "x-mi-ir",
                    "pos": "u"
                  }
                },
                {
                  "node": "l",
                  "frag": "SIG₅",
                  "id": "X500447.l027c7",
                  "ref": "X500447.11.2",
                  "inst": "+damiq[good]AJ$damqu",
                  "sig": "@ccpo%akk-x-stdbab:SIG₅=damiq[good//good]AJ'AJ$damqu",
                  "f": {
                    "lang": "akk-x-stdbab",
                    "form": "SIG₅",
                    "cf": "damiq",
                    "gw": "good",
                    "sense": "good",
                    "norm": "damqu",
                    "pos": "AJ",
                    "epos": "AJ"
                  }
                },
                {
                  "node": "d",
                  "type": "field-end",
                  "subtype": "zz"
                },
                {
                  "node": "d",
                  "type": "field-start",
                  "subtype": "cm"
                },
                {
                  "node": "l",
                  "frag": "ki-i",
                  "id": "X500447.l027c8",
                  "ref": "X500447.11.3",
                  "inst": "kī[as]PRP",
                  "sig": "@ccpo%akk-x-stdbab:ki-i=kī[like//as]PRP'PRP$kī",
                  "f": {
                    "lang": "akk-x-stdbab",
                    "form": "ki-i",
                    "cf": "kī",
                    "gw": "like",
                    "sense": "as",
                    "norm": "kī",
                    "pos": "PRP",
                    "epos": "PRP"
                  }
                },
                {
                  "node": "l",
                  "frag": "ana",
                  "id": "X500447.l027c9",
                  "ref": "X500447.11.4",
                  "inst": "ana[on]PRP",
                  "sig": "@ccpo%akk-x-stdbab:ana=ana[to//on]PRP'PRP$ana",
                  "f": {
                    "lang": "akk-x-stdbab",
                    "form": "ana",
                    "cf": "ana",
                    "gw": "to",
                    "sense": "on",
                    "norm": "ana",
                    "pos": "PRP",
                    "epos": "PRP"
                  }
                },
                {
                  "node": "l",
                  "frag": "muh-hi",
                  "id": "X500447.l027ca",
                  "ref": "X500447.11.5",
                  "inst": "muhhi[top]N",
                  "sig": "@ccpo%akk-x-stdbab:muh-hi=muhhu[skull//top]N'N$muhhi",
                  "f": {
                    "lang": "akk-x-stdbab",
                    "form": "muh-hi",
                    "cf": "muhhu",
                    "gw": "skull",
                    "sense": "top",
                    "norm": "muhhi",
                    "pos": "N",
                    "epos": "N"
                  }
                },
                {
                  "node": "l",
                  "frag": "iš-tah-<hi>-ṭu₃",
                  "id": "X500447.l027cb",
                  "ref": "X500447.11.6",
                  "inst": "+šahāṭu[jump]V$ištahhiṭu",
                  "sig": "@ccpo%akk-x-stdbab:iš-tah-hi-ṭu₃=šahāṭu[jump//jump]V'V$ištahhiṭu",
                  "f": {
                    "lang": "akk-x-stdbab",
                    "form": "iš-tah-hi-ṭu₃",
                    "cf": "šahāṭu",
                    "gw": "jump",
                    "sense": "jump",
                    "norm": "ištahhiṭu",
                    "pos": "V",
                    "epos": "V"
                  }
                },
                {
                  "node": "l",
                  "frag": "[...]",
                  "id": "X500447.l027cc",
                  "ref": "X500447.11.7",
                  "inst": "u",
                  "f": {
                    "lang": "akk-x-stdbab",
                    "form": "x",
                    "pos": "u"
                  }
                },
                {
                  "node": "d",
                  "type": "field-end",
                  "subtype": "cm"
                },
                {
                  "node": "d",
                  "type": "nonx",
                  "ref": "X500447.12",
                  "strict": "1",
                  "extent": "1",
                  "scope": "line",
                  "state": "ruling"
                },
                {
                  "node": "d",
                  "type": "line-start",
                  "ref": "X500447.13",
                  "n": "11'",
                  "label": "11'"
                },
                {
                  "node": "d",
                  "type": "field-start",
                  "subtype": "zz"
                },
                {
                  "node": "l",
                  "frag": "[...]-⸢tu⸣",
                  "id": "X500447.l027cd",
                  "ref": "X500447.13.1",
                  "inst": "u",
                  "f": {
                    "lang": "akk-x-stdbab",
                    "form": "x-tu",
                    "pos": "u"
                  }
                },
                {
                  "node": "l",
                  "frag": "ša₂",
                  "id": "X500447.l027ce",
                  "ref": "X500447.13.2",
                  "inst": "ša[of]DET",
                  "sig": "@ccpo%akk-x-stdbab:ša₂=ša[of//of]DET'DET$ša",
                  "f": {
                    "lang": "akk-x-stdbab",
                    "form": "ša₂",
                    "cf": "ša",
                    "gw": "of",
                    "sense": "of",
                    "norm": "ša",
                    "pos": "DET",
                    "epos": "DET"
                  }
                },
                {
                  "node": "l",
                  "frag": "ŠA₃",
                  "id": "X500447.l027cf",
                  "ref": "X500447.13.3",
                  "inst": "libbi[concern]N",
                  "sig": "@ccpo%akk-x-stdbab:ŠA₃=libbu[interior//concern]N'N$libbi",
                  "f": {
                    "lang": "akk-x-stdbab",
                    "form": "ŠA₃",
                    "cf": "libbu",
                    "gw": "interior",
                    "sense": "concern",
                    "norm": "libbi",
                    "pos": "N",
                    "epos": "N"
                  }
                },
                {
                  "node": "l",
                  "frag": "U₄",
                  "id": "X500447.l027d0",
                  "ref": "X500447.13.4",
                  "inst": "enūma[when]SBJ",
                  "sig": "@ccpo%akk-x-stdbab:U₄=inūma[when//when]SBJ'SBJ$enūma",
                  "f": {
                    "lang": "akk-x-stdbab",
                    "form": "U₄",
                    "cf": "inūma",
                    "gw": "when",
                    "sense": "when",
                    "norm": "enūma",
                    "pos": "SBJ",
                    "epos": "SBJ"
                  }
                },
                {
                  "node": "l",
                  "frag": "{d}60",
                  "id": "X500447.l027d1",
                  "ref": "X500447.13.5",
                  "inst": "Anu[1]DN",
                  "sig": "@ccpo%akk-x-stdbab:{d}60=Anu[1//1]DN'DN$Anu",
                  "f": {
                    "lang": "akk-x-stdbab",
                    "form": "{d}60",
                    "cf": "Anu",
                    "gw": "1",
                    "sense": "1",
                    "norm": "Anu",
                    "pos": "DN",
                    "epos": "DN"
                  }
                },
                {
                  "node": "l",
                  "frag": "{d}en-lil₂-la₂",
                  "id": "X500447.l027d2",
                  "ref": "X500447.13.6",
                  "inst": "Ellil[1]DN",
                  "sig": "@ccpo%akk-x-stdbab:{d}en-lil₂-la₂=Ellil[1//1]DN'DN$Ellil",
                  "f": {
                    "lang": "akk-x-stdbab",
                    "form": "{d}en-lil₂-la₂",
                    "cf": "Ellil",
                    "gw": "1",
                    "sense": "1",
                    "norm": "Ellil",
                    "pos": "DN",
                    "epos": "DN"
                  }
                },
                {
                  "node": "l",
                  "frag": "AL.[...]",
                  "id": "X500447.l027d3",
                  "ref": "X500447.13.7",
                  "inst": "u",
                  "f": {
                    "lang": "akk-x-stdbab",
                    "form": "AL.x",
                    "pos": "u"
                  }
                },
                {
                  "node": "d",
                  "type": "nonw",
                  "ref": ""
                },
                {
                  "node": "d",
                  "type": "field-end",
                  "subtype": "zz"
                },
                {
                  "node": "d",
                  "type": "nonx",
                  "ref": "X500447.14",
                  "strict": "1",
                  "extent": "1",
                  "scope": "line",
                  "state": "ruling"
                },
                {
                  "node": "d",
                  "type": "line-start",
                  "ref": "X500447.15",
                  "n": "12'",
                  "label": "12'"
                },
                {
                  "node": "d",
                  "type": "field-start",
                  "subtype": "zz"
                },
                {
                  "node": "l",
                  "frag": "[...]",
                  "id": "X500447.l027d4",
                  "ref": "X500447.15.1",
                  "inst": "u",
                  "f": {
                    "lang": "akk-x-stdbab",
                    "form": "x",
                    "pos": "u"
                  }
                },
                {
                  "node": "l",
                  "frag": "x",
                  "id": "X500447.l027d5",
                  "ref": "X500447.15.2",
                  "inst": "u",
                  "f": {
                    "lang": "akk-x-stdbab",
                    "form": "x",
                    "pos": "u"
                  }
                },
                {
                  "node": "l",
                  "frag": "x",
                  "id": "X500447.l027d6",
                  "ref": "X500447.15.3",
                  "inst": "u",
                  "f": {
                    "lang": "akk-x-stdbab",
                    "form": "x",
                    "pos": "u"
                  }
                },
                {
                  "node": "l",
                  "frag": "[...]",
                  "id": "X500447.l027d7",
                  "ref": "X500447.15.4",
                  "inst": "u",
                  "f": {
                    "lang": "akk-x-stdbab",
                    "form": "x",
                    "pos": "u"
                  }
                },
                {
                  "node": "d",
                  "type": "nonw",
                  "ref": ""
                },
                {
                  "node": "d",
                  "type": "field-end",
                  "subtype": "zz"
                }
              ]
            }
          ]
        }
      ]
    }
  ]
}
