{
  "type": "cdl",
  "project": "ribo/babylon6",
  "source": "http://oracc.org/ribo/babylon6",
  "license": "This data is released under the CC0 license",
  "license-url": "https://creativecommons.org/publicdomain/zero/1.0/",
  "more-info": "http://oracc.org/doc/opendata/",
  "UTC-timestamp": "2017-06-21T22:54:46",
  "textid": "Q003845",
  "cdl": [
    {
      "node": "c",
      "type": "text",
      "id": "Q003845.U0",
      "cdl": [
        {
          "node": "d",
          "type": "object",
          "ref": ""
        },
        {
          "node": "d",
          "type": "surface",
          "ref": ""
        },
        {
          "node": "c",
          "type": "discourse",
          "subtype": "body",
          "id": "Q003845.U1",
          "cdl": [
            {
              "node": "c",
              "type": "sentence",
              "id": "Q003845.U2",
              "label": "1 - 8",
              "cdl": [
                {
                  "node": "d",
                  "type": "line-start",
                  "ref": "Q003845.1",
                  "n": "1",
                  "label": "1"
                },
                {
                  "node": "l",
                  "frag": "{d}nanna",
                  "id": "Q003845.l00dbd",
                  "ref": "Q003845.1.1",
                  "inst": "Nanna[1]DN",
                  "sig": "@ribo/babylon6%sux:{d}nanna=Nanna[1//1]DN'DN$Nanna/{d}nanna#~",
                  "f": {
                    "lang": "sux",
                    "form": "{d}nanna",
                    "delim": " ",
                    "gdl": [
                      {
                        "det": "semantic",
                        "pos": "pre",
                        "seq": [
                          {
                            "v": "d",
                            "gdl_utf8": "𒀭",
                            "id": "Q003845.1.1.0"
                          }
                        ]
                      },
                      {
                        "v": "nanna",
                        "gdl_utf8": "𒋀𒆠",
                        "id": "Q003845.1.1.1"
                      }
                    ],
                    "cf": "Nanna",
                    "gw": "1",
                    "sense": "1",
                    "norm0": "Nanna",
                    "pos": "DN",
                    "epos": "DN",
                    "base": "{d}nanna",
                    "morph": "~"
                  }
                },
                {
                  "node": "l",
                  "frag": "lugal",
                  "id": "Q003845.l00dbe",
                  "ref": "Q003845.1.2",
                  "inst": "lugal[king]N",
                  "sig": "@ribo/babylon6%sux:lugal=lugal[king//king]N'N$lugal/lugal#~",
                  "f": {
                    "lang": "sux",
                    "form": "lugal",
                    "delim": " ",
                    "gdl": [
                      {
                        "v": "lugal",
                        "gdl_utf8": "𒈗",
                        "id": "Q003845.1.2.0"
                      }
                    ],
                    "cf": "lugal",
                    "gw": "king",
                    "sense": "king",
                    "norm0": "lugal",
                    "pos": "N",
                    "epos": "N",
                    "base": "lugal",
                    "morph": "~"
                  }
                },
                {
                  "node": "l",
                  "frag": "{d}en-lil₂-e-ne",
                  "id": "Q003845.l00dbf",
                  "ref": "Q003845.1.3",
                  "inst": "Enlil[1]DN",
                  "sig": "@ribo/babylon6%sux:{d}en-lil₂-e-ne=Enlil[1//1]DN'DN$Enlil,ene.ak/{d}en-lil₂#~,ene.ak",
                  "f": {
                    "lang": "sux",
                    "form": "{d}en-lil₂-e-ne",
                    "gdl": [
                      {
                        "det": "semantic",
                        "pos": "pre",
                        "seq": [
                          {
                            "v": "d",
                            "gdl_utf8": "𒀭",
                            "id": "Q003845.1.3.0"
                          }
                        ]
                      },
                      {
                        "v": "en",
                        "gdl_utf8": "𒂗",
                        "id": "Q003845.1.3.1",
                        "delim": "-"
                      },
                      {
                        "v": "lil₂",
                        "gdl_utf8": "𒆤",
                        "id": "Q003845.1.3.2",
                        "delim": "-"
                      },
                      {
                        "v": "e",
                        "gdl_utf8": "𒂊",
                        "id": "Q003845.1.3.3",
                        "delim": "-"
                      },
                      {
                        "v": "ne",
                        "gdl_utf8": "𒉈",
                        "id": "Q003845.1.3.4"
                      }
                    ],
                    "cf": "Enlil",
                    "gw": "1",
                    "sense": "1",
                    "norm0": "Enlil,ene.ak",
                    "pos": "DN",
                    "epos": "DN",
                    "base": "{d}en-lil₂",
                    "morph": "~,ene.ak"
                  }
                },
                {
                  "node": "d",
                  "type": "line-start",
                  "ref": "Q003845.2",
                  "n": "2",
                  "label": "2"
                },
                {
                  "node": "l",
                  "frag": "lugal-a-ni",
                  "id": "Q003845.l00dc0",
                  "ref": "Q003845.2.1",
                  "inst": "lugal[king]N",
                  "sig": "@ribo/babylon6%sux:lugal-a-ni=lugal[king//king]N'N$lugal,ani/lugal#~,ani",
                  "f": {
                    "lang": "sux",
                    "form": "lugal-a-ni",
                    "gdl": [
                      {
                        "v": "lugal",
                        "gdl_utf8": "𒈗",
                        "id": "Q003845.2.1.0",
                        "delim": "-"
                      },
                      {
                        "v": "a",
                        "gdl_utf8": "𒀀",
                        "id": "Q003845.2.1.1",
                        "delim": "-"
                      },
                      {
                        "v": "ni",
                        "gdl_utf8": "𒉌",
                        "id": "Q003845.2.1.2"
                      }
                    ],
                    "cf": "lugal",
                    "gw": "king",
                    "sense": "king",
                    "norm0": "lugal,ani",
                    "pos": "N",
                    "epos": "N",
                    "base": "lugal",
                    "morph": "~,ani"
                  }
                },
                {
                  "node": "d",
                  "type": "line-start",
                  "ref": "Q003845.3",
                  "n": "3",
                  "label": "3"
                },
                {
                  "node": "l",
                  "frag": "{m}{d}(EN.ZU)-(TI.LA.BI)-(DU₁₁.GA)",
                  "id": "Q003845.l00dc1",
                  "ref": "Q003845.3.1",
                  "inst": "Sin-balassu-iqbi[governor of Ur]PN",
                  "sig": "@ribo/babylon6%sux:{m}{d}EN.ZU-TI.LA.BI-DU₁₁.GA=Sin-balassu-iqbi[governor of Ur//governor of Ur]PN'PN$Sin-balassu-iqbi/{m}{d}EN.ZU-TI.LA.BI-DU₁₁.GA#~",
                  "f": {
                    "lang": "sux",
                    "form": "{m}{d}EN.ZU-TI.LA.BI-DU₁₁.GA",
                    "gdl": [
                      {
                        "det": "semantic",
                        "pos": "pre",
                        "seq": [
                          {
                            "v": "m",
                            "gdl_utf8": "𒁹",
                            "id": "Q003845.3.1.0"
                          }
                        ]
                      },
                      {
                        "det": "semantic",
                        "pos": "pre",
                        "seq": [
                          {
                            "v": "d",
                            "gdl_utf8": "𒀭",
                            "id": "Q003845.3.1.1"
                          }
                        ]
                      },
                      {
                        "gg": "group",
                        "gdl_type": "group",
                        "delim": "-",
                        "group": [
                          {
                            "s": "EN",
                            "gdl_utf8": "𒂗",
                            "id": "Q003845.3.1.2",
                            "delim": "."
                          },
                          {
                            "s": "ZU",
                            "gdl_utf8": "𒍪",
                            "id": "Q003845.3.1.3"
                          }
                        ]
                      },
                      {
                        "gg": "group",
                        "gdl_type": "group",
                        "delim": "-",
                        "group": [
                          {
                            "s": "TI",
                            "gdl_utf8": "𒋾",
                            "id": "Q003845.3.1.4",
                            "delim": "."
                          },
                          {
                            "s": "LA",
                            "gdl_utf8": "𒆷",
                            "id": "Q003845.3.1.5",
                            "delim": "."
                          },
                          {
                            "s": "BI",
                            "gdl_utf8": "𒁉",
                            "id": "Q003845.3.1.6"
                          }
                        ]
                      },
                      {
                        "gg": "group",
                        "gdl_type": "group",
                        "group": [
                          {
                            "s": "DU₁₁",
                            "gdl_utf8": "𒅗",
                            "id": "Q003845.3.1.7",
                            "delim": "."
                          },
                          {
                            "s": "GA",
                            "gdl_utf8": "𒂵",
                            "id": "Q003845.3.1.8"
                          }
                        ]
                      }
                    ],
                    "cf": "Sin-balassu-iqbi",
                    "gw": "governor of Ur",
                    "sense": "governor of Ur",
                    "norm0": "Sin-balassu-iqbi",
                    "pos": "PN",
                    "epos": "PN",
                    "base": "{m}{d}EN.ZU-TI.LA.BI-DU₁₁.GA",
                    "morph": "~"
                  }
                },
                {
                  "node": "d",
                  "type": "line-start",
                  "ref": "Q003845.4",
                  "n": "4",
                  "label": "4"
                },
                {
                  "node": "l",
                  "frag": "šagina",
                  "id": "Q003845.l00dc2",
                  "ref": "Q003845.4.1",
                  "inst": "šakkanak[general]N",
                  "sig": "@ribo/babylon6%sux:šagina=šakkanak[general//general, governor-general]N'N$šakkanak/šagina#~",
                  "f": {
                    "lang": "sux",
                    "form": "šagina",
                    "delim": " ",
                    "gdl": [
                      {
                        "v": "šagina",
                        "gdl_utf8": "𒄊𒀴",
                        "id": "Q003845.4.1.0"
                      }
                    ],
                    "cf": "šakkanak",
                    "gw": "general",
                    "sense": "general, governor-general",
                    "norm0": "šakkanak",
                    "pos": "N",
                    "epos": "N",
                    "base": "šagina",
                    "morph": "~"
                  }
                },
                {
                  "node": "l",
                  "frag": "urim₂{ki}ma",
                  "id": "Q003845.l00dc3",
                  "ref": "Q003845.4.2",
                  "inst": "Urim[Ur]SN",
                  "sig": "@ribo/babylon6%sux:urim₂{ki}-ma=Urim[Ur//Ur]SN'SN$Urim,ak/urim₂{ki}#~,ak",
                  "f": {
                    "lang": "sux",
                    "form": "urim₂{ki}-ma",
                    "gdl": [
                      {
                        "v": "urim₂",
                        "gdl_utf8": "𒋀𒀕",
                        "id": "Q003845.4.2.0"
                      },
                      {
                        "det": "semantic",
                        "pos": "post",
                        "delim": "-",
                        "seq": [
                          {
                            "v": "ki",
                            "gdl_utf8": "𒆠",
                            "id": "Q003845.4.2.1"
                          }
                        ]
                      },
                      {
                        "v": "ma",
                        "gdl_utf8": "𒈠",
                        "id": "Q003845.4.2.2"
                      }
                    ],
                    "cf": "Urim",
                    "gw": "Ur",
                    "sense": "Ur",
                    "norm0": "Urim,ak",
                    "pos": "SN",
                    "epos": "SN",
                    "base": "urim₂{ki}",
                    "morph": "~,ak"
                  }
                },
                {
                  "node": "d",
                  "type": "line-start",
                  "ref": "Q003845.5",
                  "n": "5",
                  "label": "5"
                },
                {
                  "node": "l",
                  "frag": "u₂-a",
                  "id": "Q003845.l00dc4",
                  "ref": "Q003845.5.1",
                  "inst": "ua[provisioner]N",
                  "sig": "@ribo/babylon6%sux:u₂-a=ua[provisioner//provisioner]N'N$ua/u₂-a#~",
                  "f": {
                    "lang": "sux",
                    "form": "u₂-a",
                    "delim": " ",
                    "gdl": [
                      {
                        "v": "u₂",
                        "gdl_utf8": "𒌑",
                        "id": "Q003845.5.1.0",
                        "delim": "-"
                      },
                      {
                        "v": "a",
                        "gdl_utf8": "𒀀",
                        "id": "Q003845.5.1.1"
                      }
                    ],
                    "cf": "ua",
                    "gw": "provisioner",
                    "sense": "provisioner",
                    "norm0": "ua",
                    "pos": "N",
                    "epos": "N",
                    "base": "u₂-a",
                    "morph": "~"
                  }
                },
                {
                  "node": "l",
                  "frag": "eridug{ki}ga",
                  "id": "Q003845.l00dc5",
                  "ref": "Q003845.5.2",
                  "inst": "Eridug[1]SN",
                  "sig": "@ribo/babylon6%sux:eridug{ki}-ga=Eridug[1//1]SN'SN$Eridug,ak/eridug{ki}+-ga=g.a#~,ak",
                  "f": {
                    "lang": "sux",
                    "form": "eridug{ki}-ga",
                    "gdl": [
                      {
                        "v": "eridug",
                        "gdl_utf8": "𒉣",
                        "id": "Q003845.5.2.0"
                      },
                      {
                        "det": "semantic",
                        "pos": "post",
                        "delim": "-",
                        "seq": [
                          {
                            "v": "ki",
                            "gdl_utf8": "𒆠",
                            "id": "Q003845.5.2.1"
                          }
                        ]
                      },
                      {
                        "v": "ga",
                        "gdl_utf8": "𒂵",
                        "id": "Q003845.5.2.2"
                      }
                    ],
                    "cf": "Eridug",
                    "gw": "1",
                    "sense": "1",
                    "norm0": "Eridug,ak",
                    "pos": "SN",
                    "epos": "SN",
                    "base": "eridug{ki}",
                    "cont": "-ga=g.a",
                    "morph": "~,ak"
                  }
                },
                {
                  "node": "d",
                  "type": "line-start",
                  "ref": "Q003845.6",
                  "n": "6",
                  "label": "6"
                },
                {
                  "node": "l",
                  "frag": "e₂-eš₃-ban₃-da",
                  "id": "Q003845.l00dc6",
                  "ref": "Q003845.6.1",
                  "inst": "Eešbanda[]TN/e₂-eš₃-ban₃-da#~",
                  "sig": "@ribo/babylon6%sux:e₂-eš₃-ban₃-da=Eešbanda[1//1]TN'TN$Eešbanda/e₂-eš₃-ban₃-da#~",
                  "f": {
                    "lang": "sux",
                    "form": "e₂-eš₃-ban₃-da",
                    "gdl": [
                      {
                        "v": "e₂",
                        "gdl_utf8": "𒂍",
                        "id": "Q003845.6.1.0",
                        "delim": "-"
                      },
                      {
                        "v": "eš₃",
                        "gdl_utf8": "𒀊",
                        "id": "Q003845.6.1.1",
                        "delim": "-"
                      },
                      {
                        "v": "ban₃",
                        "gdl_utf8": "𒌉",
                        "id": "Q003845.6.1.2",
                        "delim": "-"
                      },
                      {
                        "v": "da",
                        "gdl_utf8": "𒁕",
                        "id": "Q003845.6.1.3"
                      }
                    ],
                    "cf": "Eešbanda",
                    "gw": "1",
                    "sense": "1",
                    "norm0": "Eešbanda",
                    "pos": "TN",
                    "epos": "TN",
                    "base": "e₂-eš₃-ban₃-da",
                    "morph": "~"
                  }
                },
                {
                  "node": "d",
                  "type": "line-start",
                  "ref": "Q003845.7",
                  "n": "7",
                  "label": "7"
                },
                {
                  "node": "l",
                  "frag": "ki-tuš",
                  "id": "Q003845.l00dc7",
                  "ref": "Q003845.7.1",
                  "inst": "kituš[dwelling place]N",
                  "sig": "@ribo/babylon6%sux:ki-tuš=kituš[dwelling//dwelling place]N'N$kituš/ki-tuš#~",
                  "f": {
                    "lang": "sux",
                    "form": "ki-tuš",
                    "delim": " ",
                    "gdl": [
                      {
                        "v": "ki",
                        "gdl_utf8": "𒆠",
                        "id": "Q003845.7.1.0",
                        "delim": "-"
                      },
                      {
                        "v": "tuš",
                        "gdl_utf8": "𒆪",
                        "id": "Q003845.7.1.1"
                      }
                    ],
                    "cf": "kituš",
                    "gw": "dwelling",
                    "sense": "dwelling place",
                    "norm0": "kituš",
                    "pos": "N",
                    "epos": "N",
                    "base": "ki-tuš",
                    "morph": "~"
                  }
                },
                {
                  "node": "l",
                  "frag": "{d}šu-zi-an-na",
                  "id": "Q003845.l00dc8",
                  "ref": "Q003845.7.2",
                  "inst": "Šuziana[1]DN",
                  "sig": "@ribo/babylon6%sux:{d}šu-zi-an-na=Šuziana[1//1]DN'DN$Šuziana/{d}šu-zi-an-na#~",
                  "f": {
                    "lang": "sux",
                    "form": "{d}šu-zi-an-na",
                    "gdl": [
                      {
                        "det": "semantic",
                        "pos": "pre",
                        "seq": [
                          {
                            "v": "d",
                            "gdl_utf8": "𒀭",
                            "id": "Q003845.7.2.0"
                          }
                        ]
                      },
                      {
                        "v": "šu",
                        "gdl_utf8": "𒋗",
                        "id": "Q003845.7.2.1",
                        "delim": "-"
                      },
                      {
                        "v": "zi",
                        "gdl_utf8": "𒍣",
                        "id": "Q003845.7.2.2",
                        "delim": "-"
                      },
                      {
                        "v": "an",
                        "gdl_utf8": "𒀭",
                        "id": "Q003845.7.2.3",
                        "delim": "-"
                      },
                      {
                        "v": "na",
                        "gdl_utf8": "𒈾",
                        "id": "Q003845.7.2.4"
                      }
                    ],
                    "cf": "Šuziana",
                    "gw": "1",
                    "sense": "1",
                    "norm0": "Šuziana",
                    "pos": "DN",
                    "epos": "DN",
                    "base": "{d}šu-zi-an-na",
                    "morph": "~"
                  }
                },
                {
                  "node": "d",
                  "type": "line-start",
                  "ref": "Q003845.8",
                  "n": "8",
                  "label": "8"
                },
                {
                  "node": "l",
                  "frag": "mu-na-du₃",
                  "id": "Q003845.l00dc9",
                  "ref": "Q003845.8.1",
                  "inst": "du[to build, make]V/t",
                  "sig": "@ribo/babylon6%sux:mu-na-du₃=du[build//to build, make]V/t'V/t$mu.na:du/du₃#mu.na:~",
                  "f": {
                    "lang": "sux",
                    "form": "mu-na-du₃",
                    "gdl": [
                      {
                        "v": "mu",
                        "gdl_utf8": "𒈬",
                        "id": "Q003845.8.1.0",
                        "delim": "-"
                      },
                      {
                        "v": "na",
                        "gdl_utf8": "𒈾",
                        "id": "Q003845.8.1.1",
                        "delim": "-"
                      },
                      {
                        "v": "du₃",
                        "gdl_utf8": "𒆕",
                        "id": "Q003845.8.1.2"
                      }
                    ],
                    "cf": "du",
                    "gw": "build",
                    "sense": "to build, make",
                    "norm0": "mu.na:du",
                    "pos": "V/t",
                    "epos": "V/t",
                    "base": "du₃",
                    "morph": "mu.na:~"
                  }
                }
              ]
            }
          ]
        }
      ]
    }
  ]
}
