{
  "type": "cdl",
  "project": "ribo/babylon6",
  "source": "http://oracc.org/ribo/babylon6",
  "license": "This data is released under the CC0 license",
  "license-url": "https://creativecommons.org/publicdomain/zero/1.0/",
  "more-info": "http://oracc.org/doc/opendata/",
  "UTC-timestamp": "2017-06-21T22:54:45",
  "textid": "Q003816",
  "cdl": [
    {
      "node": "c",
      "type": "text",
      "id": "Q003816.U0",
      "cdl": [
        {
          "node": "d",
          "type": "object",
          "ref": ""
        },
        {
          "node": "d",
          "type": "surface",
          "ref": ""
        },
        {
          "node": "c",
          "type": "discourse",
          "subtype": "body",
          "id": "Q003816.U1",
          "cdl": [
            {
              "node": "c",
              "type": "sentence",
              "id": "Q003816.U2",
              "label": "1 - 12",
              "cdl": [
                {
                  "node": "d",
                  "type": "line-start",
                  "ref": "Q003816.1",
                  "n": "1",
                  "label": "1"
                },
                {
                  "node": "l",
                  "frag": "{d}en-lil₂-la₂",
                  "id": "Q003816.l00c62",
                  "ref": "Q003816.1.1",
                  "inst": "Enlil[1]DN",
                  "sig": "@ribo/babylon6%sux:{d}en-lil₂-la₂=Enlil[1//1]DN'DN$Enlil,ak/{d}en-lil₂+-la₂=l.a#~,ak",
                  "f": {
                    "lang": "sux",
                    "form": "{d}en-lil₂-la₂",
                    "gdl": [
                      {
                        "det": "semantic",
                        "pos": "pre",
                        "seq": [
                          {
                            "v": "d",
                            "gdl_utf8": "𒀭",
                            "id": "Q003816.1.1.0"
                          }
                        ]
                      },
                      {
                        "v": "en",
                        "gdl_utf8": "𒂗",
                        "id": "Q003816.1.1.1",
                        "delim": "-"
                      },
                      {
                        "v": "lil₂",
                        "gdl_utf8": "𒆤",
                        "id": "Q003816.1.1.2",
                        "delim": "-"
                      },
                      {
                        "v": "la₂",
                        "gdl_utf8": "𒇲",
                        "id": "Q003816.1.1.3"
                      }
                    ],
                    "cf": "Enlil",
                    "gw": "1",
                    "sense": "1",
                    "norm0": "Enlil,ak",
                    "pos": "DN",
                    "epos": "DN",
                    "base": "{d}en-lil₂",
                    "cont": "-la₂=l.a",
                    "morph": "~,ak"
                  }
                },
                {
                  "node": "d",
                  "type": "line-start",
                  "ref": "Q003816.2",
                  "n": "2",
                  "label": "2"
                },
                {
                  "node": "l",
                  "frag": "lugal",
                  "id": "Q003816.l00c63",
                  "ref": "Q003816.2.1",
                  "inst": "lugal[king]N",
                  "sig": "@ribo/babylon6%sux:lugal=lugal[king//king]N'N$lugal/lugal#~",
                  "f": {
                    "lang": "sux",
                    "form": "lugal",
                    "delim": " ",
                    "gdl": [
                      {
                        "v": "lugal",
                        "gdl_utf8": "𒈗",
                        "id": "Q003816.2.1.0"
                      }
                    ],
                    "cf": "lugal",
                    "gw": "king",
                    "sense": "king",
                    "norm0": "lugal",
                    "pos": "N",
                    "epos": "N",
                    "base": "lugal",
                    "morph": "~"
                  }
                },
                {
                  "node": "l",
                  "frag": "⸢diŋir-re⸣-e-ne-ke₄",
                  "id": "Q003816.l00c64",
                  "ref": "Q003816.2.2",
                  "inst": "diŋir[deity]N",
                  "sig": "@ribo/babylon6%sux:diŋir-re-e-ne-ke₄=diŋir[deity//deity, god, goddess]N'N$diŋir,ene.ak.e/diŋir+-re=r+e#~,ene.ak.e",
                  "f": {
                    "lang": "sux",
                    "form": "diŋir-re-e-ne-ke₄",
                    "gdl": [
                      {
                        "v": "diŋir",
                        "gdl_utf8": "𒀭",
                        "id": "Q003816.2.2.0",
                        "break": "damaged",
                        "ho": "1",
                        "delim": "-"
                      },
                      {
                        "v": "re",
                        "gdl_utf8": "𒊑",
                        "id": "Q003816.2.2.1",
                        "break": "damaged",
                        "delim": "-",
                        "hc": "1"
                      },
                      {
                        "v": "e",
                        "gdl_utf8": "𒂊",
                        "id": "Q003816.2.2.2",
                        "delim": "-"
                      },
                      {
                        "v": "ne",
                        "gdl_utf8": "𒉈",
                        "id": "Q003816.2.2.3",
                        "delim": "-"
                      },
                      {
                        "v": "ke₄",
                        "gdl_utf8": "𒆤",
                        "id": "Q003816.2.2.4"
                      }
                    ],
                    "cf": "diŋir",
                    "gw": "deity",
                    "sense": "deity, god, goddess",
                    "norm0": "diŋir,ene.ak.e",
                    "pos": "N",
                    "epos": "N",
                    "base": "diŋir",
                    "cont": "-re=r+e",
                    "morph": "~,ene.ak.e"
                  }
                },
                {
                  "node": "d",
                  "type": "line-start",
                  "ref": "Q003816.3",
                  "n": "3",
                  "label": "3"
                },
                {
                  "node": "l",
                  "frag": "nir-ŋal₂",
                  "id": "Q003816.l00c65",
                  "ref": "Q003816.3.1",
                  "inst": "nirŋal[authoritative]AJ",
                  "sig": "@ribo/babylon6%sux:nir-ŋal₂=nirŋal[authoritative//authoritative]AJ'AJ$nirŋal/nir-ŋal₂#~",
                  "f": {
                    "lang": "sux",
                    "form": "nir-ŋal₂",
                    "delim": " ",
                    "gdl": [
                      {
                        "v": "nir",
                        "gdl_utf8": "𒉪",
                        "id": "Q003816.3.1.0",
                        "delim": "-"
                      },
                      {
                        "v": "ŋal₂",
                        "gdl_utf8": "𒅅",
                        "id": "Q003816.3.1.1"
                      }
                    ],
                    "cf": "nirŋal",
                    "gw": "authoritative",
                    "sense": "authoritative",
                    "norm0": "nirŋal",
                    "pos": "AJ",
                    "epos": "AJ",
                    "base": "nir-ŋal₂",
                    "morph": "~"
                  }
                },
                {
                  "node": "l",
                  "frag": "an",
                  "id": "Q003816.l00c66",
                  "ref": "Q003816.3.2",
                  "inst": "an[heaven]N",
                  "sig": "@ribo/babylon6%sux:an=an[sky//sky, heaven]N'N$an/an#~",
                  "f": {
                    "lang": "sux",
                    "form": "an",
                    "delim": " ",
                    "gdl": [
                      {
                        "v": "an",
                        "gdl_utf8": "𒀭",
                        "id": "Q003816.3.2.0"
                      }
                    ],
                    "cf": "an",
                    "gw": "sky",
                    "sense": "sky, heaven",
                    "norm0": "an",
                    "pos": "N",
                    "epos": "N",
                    "base": "an",
                    "morph": "~"
                  }
                },
                {
                  "node": "l",
                  "frag": "ki-a",
                  "id": "Q003816.l00c67",
                  "ref": "Q003816.3.3",
                  "inst": "ki[earth]N",
                  "sig": "@ribo/babylon6%sux:ki-a=ki[place//ground, earth, land]N'N$ki,a/ki#~,a",
                  "f": {
                    "lang": "sux",
                    "form": "ki-a",
                    "gdl": [
                      {
                        "v": "ki",
                        "gdl_utf8": "𒆠",
                        "id": "Q003816.3.3.0",
                        "delim": "-"
                      },
                      {
                        "v": "a",
                        "gdl_utf8": "𒀀",
                        "id": "Q003816.3.3.1"
                      }
                    ],
                    "cf": "ki",
                    "gw": "place",
                    "sense": "ground, earth, land",
                    "norm0": "ki,a",
                    "pos": "N",
                    "epos": "N",
                    "base": "ki",
                    "morph": "~,a"
                  }
                },
                {
                  "node": "d",
                  "type": "line-start",
                  "ref": "Q003816.4",
                  "n": "4",
                  "label": "4"
                },
                {
                  "node": "l",
                  "frag": "nun",
                  "id": "Q003816.l00c68",
                  "ref": "Q003816.4.1",
                  "inst": "nun[prince]N",
                  "sig": "@ribo/babylon6%sux:nun=nun[prince//prince]N'N$nun/nun#~",
                  "f": {
                    "lang": "sux",
                    "form": "nun",
                    "delim": " ",
                    "gdl": [
                      {
                        "v": "nun",
                        "gdl_utf8": "𒉣",
                        "id": "Q003816.4.1.0"
                      }
                    ],
                    "cf": "nun",
                    "gw": "prince",
                    "sense": "prince",
                    "norm0": "nun",
                    "pos": "N",
                    "epos": "N",
                    "base": "nun",
                    "morph": "~"
                  }
                },
                {
                  "node": "l",
                  "frag": "nam",
                  "id": "Q003816.l00c69",
                  "ref": "Q003816.4.2",
                  "inst": "nam[fate]N",
                  "sig": "@ribo/babylon6%sux:nam=nam[fate//fate, destiny]N'N$nam/nam#~",
                  "f": {
                    "lang": "sux",
                    "form": "nam",
                    "delim": " ",
                    "gdl": [
                      {
                        "v": "nam",
                        "gdl_utf8": "𒉆",
                        "id": "Q003816.4.2.0"
                      }
                    ],
                    "cf": "nam",
                    "gw": "fate",
                    "sense": "fate, destiny",
                    "norm0": "nam",
                    "pos": "N",
                    "epos": "N",
                    "base": "nam",
                    "morph": "~"
                  }
                },
                {
                  "node": "l",
                  "frag": "tar-tar-ra",
                  "id": "Q003816.l00c6a",
                  "ref": "Q003816.4.3",
                  "inst": "tar[cut]V/t/tar-tar#~;a",
                  "sig": "@ribo/babylon6%sux:tar-tar-ra=tar[cut//cut]V/t'V/t$tar;a/tar-tar#~;a",
                  "f": {
                    "lang": "sux",
                    "form": "tar-tar-ra",
                    "gdl": [
                      {
                        "v": "tar",
                        "gdl_utf8": "𒋻",
                        "id": "Q003816.4.3.0",
                        "delim": "-"
                      },
                      {
                        "v": "tar",
                        "gdl_utf8": "𒋻",
                        "id": "Q003816.4.3.1",
                        "delim": "-"
                      },
                      {
                        "v": "ra",
                        "gdl_utf8": "𒊏",
                        "id": "Q003816.4.3.2"
                      }
                    ],
                    "cf": "tar",
                    "gw": "cut",
                    "sense": "cut",
                    "norm0": "tar;a",
                    "pos": "V/t",
                    "epos": "V/t",
                    "base": "tar-tar",
                    "morph": "~;a"
                  }
                },
                {
                  "node": "d",
                  "type": "line-start",
                  "ref": "Q003816.5",
                  "n": "5",
                  "label": "5"
                },
                {
                  "node": "l",
                  "frag": "lugal-a-ni-ir",
                  "id": "Q003816.l00c6b",
                  "ref": "Q003816.5.1",
                  "inst": "lugal[king]N",
                  "sig": "@ribo/babylon6%sux:lugal-a-ni-ir=lugal[king//king]N'N$lugal,ani.ra/lugal#~,ani.ra",
                  "f": {
                    "lang": "sux",
                    "form": "lugal-a-ni-ir",
                    "gdl": [
                      {
                        "v": "lugal",
                        "gdl_utf8": "𒈗",
                        "id": "Q003816.5.1.0",
                        "delim": "-"
                      },
                      {
                        "v": "a",
                        "gdl_utf8": "𒀀",
                        "id": "Q003816.5.1.1",
                        "delim": "-"
                      },
                      {
                        "v": "ni",
                        "gdl_utf8": "𒉌",
                        "id": "Q003816.5.1.2",
                        "delim": "-"
                      },
                      {
                        "v": "ir",
                        "gdl_utf8": "𒅕",
                        "id": "Q003816.5.1.3"
                      }
                    ],
                    "cf": "lugal",
                    "gw": "king",
                    "sense": "king",
                    "norm0": "lugal,ani.ra",
                    "pos": "N",
                    "epos": "N",
                    "base": "lugal",
                    "morph": "~,ani.ra"
                  }
                },
                {
                  "node": "d",
                  "type": "line-start",
                  "ref": "Q003816.6",
                  "n": "6",
                  "label": "6"
                },
                {
                  "node": "l",
                  "frag": "(AN.ŠAR₂)-ba-an-IBILA",
                  "id": "Q003816.l00c6c",
                  "ref": "Q003816.6.1",
                  "inst": "+Aššur-bani-apli[Ashurbanipal, king of Assyria]RN/AN.ŠAR₂-ba-an-IBILA#~",
                  "sig": "@ribo/babylon6%sux:AN.ŠAR₂-ba-an-IBILA=Aššur-bani-apli[Ashurbanipal, king of Assyria//Ashurbanipal, king of Assyria]RN'RN$X/AN.ŠAR₂-ba-an-IBILA#~",
                  "f": {
                    "lang": "sux",
                    "form": "AN.ŠAR₂-ba-an-IBILA",
                    "gdl": [
                      {
                        "gg": "group",
                        "gdl_type": "group",
                        "delim": "-",
                        "group": [
                          {
                            "s": "AN",
                            "gdl_utf8": "𒀭",
                            "id": "Q003816.6.1.0",
                            "delim": "."
                          },
                          {
                            "s": "ŠAR₂",
                            "gdl_utf8": "𒊹",
                            "id": "Q003816.6.1.1"
                          }
                        ]
                      },
                      {
                        "v": "ba",
                        "gdl_utf8": "𒁀",
                        "id": "Q003816.6.1.2",
                        "delim": "-"
                      },
                      {
                        "v": "an",
                        "gdl_utf8": "𒀭",
                        "id": "Q003816.6.1.3",
                        "delim": "-"
                      },
                      {
                        "s": "IBILA",
                        "gdl_utf8": "𒌉𒍑",
                        "id": "Q003816.6.1.4"
                      }
                    ],
                    "cf": "Aššur-bani-apli",
                    "gw": "Ashurbanipal, king of Assyria",
                    "sense": "Ashurbanipal, king of Assyria",
                    "norm0": "Aššur-bani-apli",
                    "pos": "RN",
                    "epos": "RN",
                    "base": "AN.ŠAR₂-ba-an-IBILA",
                    "morph": "~"
                  }
                },
                {
                  "node": "d",
                  "type": "line-start",
                  "ref": "Q003816.7",
                  "n": "7",
                  "label": "7"
                },
                {
                  "node": "l",
                  "frag": "sipad",
                  "id": "Q003816.l00c6d",
                  "ref": "Q003816.7.1",
                  "inst": "sipad[shepherd]N",
                  "sig": "@ribo/babylon6%sux:sipad=sipad[shepherd//shepherd]N'N$sipad/sipad#~",
                  "f": {
                    "lang": "sux",
                    "form": "sipad",
                    "delim": " ",
                    "gdl": [
                      {
                        "v": "sipad",
                        "gdl_utf8": "𒉺𒇻",
                        "id": "Q003816.7.1.0"
                      }
                    ],
                    "cf": "sipad",
                    "gw": "shepherd",
                    "sense": "shepherd",
                    "norm0": "sipad",
                    "pos": "N",
                    "epos": "N",
                    "base": "sipad",
                    "morph": "~"
                  }
                },
                {
                  "node": "l",
                  "frag": "še-ga-bi",
                  "id": "Q003816.l00c6e",
                  "ref": "Q003816.7.2",
                  "inst": "šeg[agree]V/t",
                  "sig": "@ribo/babylon6%sux:še-ga-bi=šeg[agree//agree]V/t'V/t$šeg;a,bi/še#~;a,bi",
                  "f": {
                    "lang": "sux",
                    "form": "še-ga-bi",
                    "gdl": [
                      {
                        "v": "še",
                        "gdl_utf8": "𒊺",
                        "id": "Q003816.7.2.0",
                        "delim": "-"
                      },
                      {
                        "v": "ga",
                        "gdl_utf8": "𒂵",
                        "id": "Q003816.7.2.1",
                        "delim": "-"
                      },
                      {
                        "v": "bi",
                        "gdl_utf8": "𒁉",
                        "id": "Q003816.7.2.2"
                      }
                    ],
                    "cf": "šeg",
                    "gw": "agree",
                    "sense": "agree",
                    "norm0": "šeg;a,bi",
                    "pos": "V/t",
                    "epos": "V/t",
                    "base": "še",
                    "morph": "~;a,bi"
                  }
                },
                {
                  "node": "d",
                  "type": "line-start",
                  "ref": "Q003816.8",
                  "n": "8",
                  "label": "8"
                },
                {
                  "node": "l",
                  "frag": "lugal",
                  "id": "Q003816.l00c6f",
                  "ref": "Q003816.8.1",
                  "inst": "lugal[king]N",
                  "sig": "@ribo/babylon6%sux:lugal=lugal[king//king]N'N$lugal/lugal#~",
                  "f": {
                    "lang": "sux",
                    "form": "lugal",
                    "delim": " ",
                    "gdl": [
                      {
                        "v": "lugal",
                        "gdl_utf8": "𒈗",
                        "id": "Q003816.8.1.0"
                      }
                    ],
                    "cf": "lugal",
                    "gw": "king",
                    "sense": "king",
                    "norm0": "lugal",
                    "pos": "N",
                    "epos": "N",
                    "base": "lugal",
                    "morph": "~"
                  }
                },
                {
                  "node": "l",
                  "frag": "kalag-ga",
                  "id": "Q003816.l00c70",
                  "ref": "Q003816.8.2",
                  "inst": "kalag[(to be) strong, powerful, mighty]V/i",
                  "sig": "@ribo/babylon6%sux:kalag-ga=kalag[strong//(to be) strong, powerful, mighty]V/i'V/i$kalag;a/kalag+-ga=g.a#~;a",
                  "f": {
                    "lang": "sux",
                    "form": "kalag-ga",
                    "gdl": [
                      {
                        "v": "kalag",
                        "gdl_utf8": "𒆗",
                        "id": "Q003816.8.2.0",
                        "delim": "-"
                      },
                      {
                        "v": "ga",
                        "gdl_utf8": "𒂵",
                        "id": "Q003816.8.2.1"
                      }
                    ],
                    "cf": "kalag",
                    "gw": "strong",
                    "sense": "(to be) strong, powerful, mighty",
                    "norm0": "kalag;a",
                    "pos": "V/i",
                    "epos": "V/i",
                    "base": "kalag",
                    "cont": "-ga=g.a",
                    "morph": "~;a"
                  }
                },
                {
                  "node": "d",
                  "type": "line-start",
                  "ref": "Q003816.9",
                  "n": "9",
                  "label": "9"
                },
                {
                  "node": "l",
                  "frag": "lugal",
                  "id": "Q003816.l00c71",
                  "ref": "Q003816.9.1",
                  "inst": "lugal[king]N",
                  "sig": "@ribo/babylon6%sux:lugal=lugal[king//king]N'N$lugal/lugal#~",
                  "f": {
                    "lang": "sux",
                    "form": "lugal",
                    "delim": " ",
                    "gdl": [
                      {
                        "v": "lugal",
                        "gdl_utf8": "𒈗",
                        "id": "Q003816.9.1.0"
                      }
                    ],
                    "cf": "lugal",
                    "gw": "king",
                    "sense": "king",
                    "norm0": "lugal",
                    "pos": "N",
                    "epos": "N",
                    "base": "lugal",
                    "morph": "~"
                  }
                },
                {
                  "node": "l",
                  "frag": "ki-šar₂-ra",
                  "id": "Q003816.l00c72",
                  "ref": "Q003816.9.2",
                  "inst": "kišar[the whole earth]N",
                  "sig": "@ribo/babylon6%sux:ki-šar₂-ra=kišar[earth//the whole earth]N'N$kišar,ak/ki-šar₂#~,ak",
                  "f": {
                    "lang": "sux",
                    "form": "ki-šar₂-ra",
                    "delim": " ",
                    "gdl": [
                      {
                        "v": "ki",
                        "gdl_utf8": "𒆠",
                        "id": "Q003816.9.2.0",
                        "delim": "-"
                      },
                      {
                        "v": "šar₂",
                        "gdl_utf8": "𒊹",
                        "id": "Q003816.9.2.1",
                        "queried": "1",
                        "delim": "-"
                      },
                      {
                        "v": "ra",
                        "gdl_utf8": "𒊏",
                        "id": "Q003816.9.2.2",
                        "queried": "1"
                      }
                    ],
                    "cf": "kišar",
                    "gw": "earth",
                    "sense": "the whole earth",
                    "norm0": "kišar,ak",
                    "pos": "N",
                    "epos": "N",
                    "base": "ki-šar₂",
                    "morph": "~,ak"
                  }
                },
                {
                  "node": "l",
                  "frag": "x",
                  "id": "Q003816.l00c73",
                  "ref": "Q003816.9.3",
                  "inst": "u",
                  "f": {
                    "lang": "sux",
                    "form": "x",
                    "gdl": [
                      {
                        "v": "x",
                        "gdl_utf8": "x",
                        "id": "Q003816.9.3.0"
                      }
                    ],
                    "pos": "u"
                  }
                },
                {
                  "node": "d",
                  "type": "line-start",
                  "ref": "Q003816.10",
                  "n": "10",
                  "label": "10"
                },
                {
                  "node": "l",
                  "frag": "e₂-gi-gun₃-⸢na⸣",
                  "id": "Q003816.l00c74",
                  "ref": "Q003816.10.1",
                  "inst": "Egigunu[]TN/e₂-gi-gun₃-na#~",
                  "sig": "@ribo/babylon6%sux:e₂-gi-gun₃-na=Egigunu[1//1]TN'TN$Egigunu/e₂-gi-gun₃-na#~",
                  "f": {
                    "lang": "sux",
                    "form": "e₂-gi-gun₃-na",
                    "gdl": [
                      {
                        "v": "e₂",
                        "gdl_utf8": "𒂍",
                        "id": "Q003816.10.1.0",
                        "delim": "-"
                      },
                      {
                        "v": "gi",
                        "gdl_utf8": "𒄀",
                        "id": "Q003816.10.1.1",
                        "delim": "-"
                      },
                      {
                        "v": "gun₃",
                        "gdl_utf8": "𒁯",
                        "id": "Q003816.10.1.2",
                        "delim": "-"
                      },
                      {
                        "v": "na",
                        "gdl_utf8": "𒈾",
                        "id": "Q003816.10.1.3",
                        "break": "damaged",
                        "ho": "1",
                        "hc": "1"
                      }
                    ],
                    "cf": "Egigunu",
                    "gw": "1",
                    "sense": "1",
                    "norm0": "Egigunu",
                    "pos": "TN",
                    "epos": "TN",
                    "base": "e₂-gi-gun₃-na",
                    "morph": "~"
                  }
                },
                {
                  "node": "d",
                  "type": "line-start",
                  "ref": "Q003816.11",
                  "n": "11",
                  "label": "11"
                },
                {
                  "node": "l",
                  "frag": "šeg₁₂",
                  "id": "Q003816.l00c75",
                  "ref": "Q003816.11.1",
                  "inst": "šeg[brick]N",
                  "sig": "@ribo/babylon6%sux:šeg₁₂=šeg[brick//brick, mudbrick]N'N$šeg/šeg₁₂#~",
                  "f": {
                    "lang": "sux",
                    "form": "šeg₁₂",
                    "delim": " ",
                    "gdl": [
                      {
                        "v": "šeg₁₂",
                        "gdl_utf8": "𒋞",
                        "id": "Q003816.11.1.0"
                      }
                    ],
                    "cf": "šeg",
                    "gw": "brick",
                    "sense": "brick, mudbrick",
                    "norm0": "šeg",
                    "pos": "N",
                    "epos": "N",
                    "base": "šeg₁₂",
                    "morph": "~"
                  }
                },
                {
                  "node": "l",
                  "frag": "al-ur₃-ra",
                  "id": "Q003816.l00c76",
                  "ref": "Q003816.11.2",
                  "inst": "alura[baked (of bricks)]AJ",
                  "sig": "@ribo/babylon6%sux:al-ur₃-ra=alura[baked//baked (of bricks)]AJ'AJ$alura/al-ur₃-ra#~",
                  "f": {
                    "lang": "sux",
                    "form": "al-ur₃-ra",
                    "gdl": [
                      {
                        "v": "al",
                        "gdl_utf8": "𒀠",
                        "id": "Q003816.11.2.0",
                        "delim": "-"
                      },
                      {
                        "v": "ur₃",
                        "gdl_utf8": "𒃡",
                        "id": "Q003816.11.2.1",
                        "delim": "-"
                      },
                      {
                        "v": "ra",
                        "gdl_utf8": "𒊏",
                        "id": "Q003816.11.2.2"
                      }
                    ],
                    "cf": "alura",
                    "gw": "baked",
                    "sense": "baked (of bricks)",
                    "norm0": "alura",
                    "pos": "AJ",
                    "epos": "AJ",
                    "base": "al-ur₃-ra",
                    "morph": "~"
                  }
                },
                {
                  "node": "d",
                  "type": "line-start",
                  "ref": "Q003816.12",
                  "n": "12",
                  "label": "12"
                },
                {
                  "node": "l",
                  "frag": "mu-un-na-du₃",
                  "id": "Q003816.l00c77",
                  "ref": "Q003816.12.1",
                  "inst": "du[build]V/t",
                  "sig": "@ribo/babylon6%sux:mu-un-na-du₃=du[build//build]V/t'V/t$mu.na:du/du₃#mu.na:~",
                  "f": {
                    "lang": "sux",
                    "form": "mu-un-na-du₃",
                    "gdl": [
                      {
                        "v": "mu",
                        "gdl_utf8": "𒈬",
                        "id": "Q003816.12.1.0",
                        "delim": "-"
                      },
                      {
                        "v": "un",
                        "gdl_utf8": "𒌦",
                        "id": "Q003816.12.1.1",
                        "delim": "-"
                      },
                      {
                        "v": "na",
                        "gdl_utf8": "𒈾",
                        "id": "Q003816.12.1.2",
                        "delim": "-"
                      },
                      {
                        "v": "du₃",
                        "gdl_utf8": "𒆕",
                        "id": "Q003816.12.1.3"
                      }
                    ],
                    "cf": "du",
                    "gw": "build",
                    "sense": "build",
                    "norm0": "mu.na:du",
                    "pos": "V/t",
                    "epos": "V/t",
                    "base": "du₃",
                    "morph": "mu.na:~"
                  }
                }
              ]
            }
          ]
        }
      ]
    }
  ]
}
