{
  "type": "cdl",
  "source": "http://oracc.org/saao/saa04",
  "license": "This data is released under the CC0 license",
  "license-url": "https://creativecommons.org/publicdomain/zero/1.0/",
  "more-info": "http://oracc.org/doc/opendata/",
  "UTC-timestamp": "2017-06-10T00:39:10",
  "project": "saao/saa04",
  "textid": "P237231",
  "cdl": [
    {
      "node": "c",
      "type": "text",
      "id": "P237231.U0",
      "cdl": [
        {
          "node": "d",
          "type": "object",
          "ref": ""
        },
        {
          "node": "d",
          "subtype": "obverse",
          "type": "obverse",
          "ref": "P237231.o.1",
          "label": "o"
        },
        {
          "node": "d",
          "type": "nonx",
          "ref": "P237231.2",
          "strict": "0",
          "extent": "beginning",
          "state": "missing"
        },
        {
          "node": "c",
          "type": "discourse",
          "subtype": "body",
          "id": "P237231.U1",
          "cdl": [
            {
              "node": "c",
              "type": "sentence",
              "id": "P237231.U2",
              "label": "o 1' - r 12'",
              "cdl": [
                {
                  "node": "d",
                  "type": "line-start",
                  "ref": "P237231.3",
                  "n": "1'",
                  "label": "o 1'"
                },
                {
                  "node": "l",
                  "frag": "{lu₂}⸢ERIM⸣-[MEŠ",
                  "id": "P237231.l01bcd",
                  "ref": "P237231.3.1",
                  "inst": "%akk-x-neobab:{LU₂}ERIM-MEŠ=",
                  "f": {
                    "lang": "akk-x-neobab",
                    "form": "{LU₂}ERIM-MEŠ"
                  }
                },
                {
                  "node": "l",
                  "frag": "{lu₂}iš-ku-za-a.a",
                  "id": "P237231.l01bce",
                  "ref": "P237231.3.2",
                  "inst": "%akk-x-neobab:{LU₂}iš-ku-za-a.a=",
                  "f": {
                    "lang": "akk-x-neobab",
                    "form": "{LU₂}iš-ku-za-a.a"
                  }
                },
                {
                  "node": "l",
                  "frag": "{lu₂}ERIM-MEŠ",
                  "id": "P237231.l01bcf",
                  "ref": "P237231.3.3",
                  "inst": "%akk-x-neobab:{LU₂}ERIM-MEŠ=",
                  "f": {
                    "lang": "akk-x-neobab",
                    "form": "{LU₂}ERIM-MEŠ"
                  }
                },
                {
                  "node": "l",
                  "frag": "{lu₂}gi-mir-ra-a.a",
                  "id": "P237231.l01bd0",
                  "ref": "P237231.3.4",
                  "inst": "%akk-x-neobab:{LU₂}gi-mir-ra-a.a=",
                  "f": {
                    "lang": "akk-x-neobab",
                    "form": "{LU₂}gi-mir-ra-a.a"
                  }
                },
                {
                  "node": "l",
                  "frag": "TA]",
                  "id": "P237231.l01bd1",
                  "ref": "P237231.3.5",
                  "inst": "%akk-x-neobab:TA=",
                  "f": {
                    "lang": "akk-x-neobab",
                    "form": "TA"
                  }
                },
                {
                  "node": "d",
                  "type": "line-start",
                  "ref": "P237231.4",
                  "n": "2'",
                  "label": "o 2'"
                },
                {
                  "node": "l",
                  "frag": "ne₂-ri-⸢bi⸣",
                  "id": "P237231.l01bd2",
                  "ref": "P237231.4.1",
                  "inst": "%akk-x-neobab:ne₂-ri-bi=",
                  "f": {
                    "lang": "akk-x-neobab",
                    "form": "ne₂-ri-bi"
                  }
                },
                {
                  "node": "l",
                  "frag": "[ša₂",
                  "id": "P237231.l01bd3",
                  "ref": "P237231.4.2",
                  "inst": "%akk-x-neobab:ša₂=",
                  "f": {
                    "lang": "akk-x-neobab",
                    "form": "ša₂"
                  }
                },
                {
                  "node": "l",
                  "frag": "{uru}x",
                  "id": "P237231.l01bd4",
                  "ref": "P237231.4.3",
                  "inst": "%akk-x-neobab:{URU}x=",
                  "f": {
                    "lang": "akk-x-neobab",
                    "form": "{URU}x"
                  }
                },
                {
                  "node": "l",
                  "frag": "x",
                  "id": "P237231.l01bd5",
                  "ref": "P237231.4.4",
                  "inst": "%akk-x-neobab:x=",
                  "f": {
                    "lang": "akk-x-neobab",
                    "form": "x"
                  }
                },
                {
                  "node": "l",
                  "frag": "x",
                  "id": "P237231.l01bd6",
                  "ref": "P237231.4.5",
                  "inst": "%akk-x-neobab:x=",
                  "f": {
                    "lang": "akk-x-neobab",
                    "form": "x"
                  }
                },
                {
                  "node": "l",
                  "frag": "a-na",
                  "id": "P237231.l01bd7",
                  "ref": "P237231.4.6",
                  "inst": "%akk-x-neobab:a-na=",
                  "f": {
                    "lang": "akk-x-neobab",
                    "form": "a-na"
                  }
                },
                {
                  "node": "l",
                  "frag": "E₂-{uru}ha-am-ban",
                  "id": "P237231.l01bd8",
                  "ref": "P237231.4.7",
                  "inst": "%akk-x-neobab:E₂-{URU}ha-am-ban=",
                  "f": {
                    "lang": "akk-x-neobab",
                    "form": "E₂-{URU}ha-am-ban"
                  }
                },
                {
                  "node": "l",
                  "frag": "a-na",
                  "id": "P237231.l01bd9",
                  "ref": "P237231.4.8",
                  "inst": "%akk-x-neobab:a-na=",
                  "f": {
                    "lang": "akk-x-neobab",
                    "form": "a-na"
                  }
                },
                {
                  "node": "l",
                  "frag": "{kur}par-su-maš]",
                  "id": "P237231.l01bda",
                  "ref": "P237231.4.9",
                  "inst": "%akk-x-neobab:{KUR}par-su-maš=",
                  "f": {
                    "lang": "akk-x-neobab",
                    "form": "{KUR}par-su-maš"
                  }
                },
                {
                  "node": "d",
                  "type": "line-start",
                  "ref": "P237231.5",
                  "n": "3'",
                  "label": "o 3'"
                },
                {
                  "node": "l",
                  "frag": "E₃-MEŠ-⸢ma⸣",
                  "id": "P237231.l01bdb",
                  "ref": "P237231.5.1",
                  "inst": "%akk-x-neobab:E₃-MEŠ-ma=",
                  "f": {
                    "lang": "akk-x-neobab",
                    "form": "E₃-MEŠ-ma"
                  }
                },
                {
                  "node": "l",
                  "frag": "[il-la-ku-ne₂-e",
                  "id": "P237231.l01bdc",
                  "ref": "P237231.5.2",
                  "inst": "%akk-x-neobab:il-la-ku-ne₂-e=",
                  "f": {
                    "lang": "akk-x-neobab",
                    "form": "il-la-ku-ne₂-e"
                  }
                },
                {
                  "node": "l",
                  "frag": "a-na",
                  "id": "P237231.l01bdd",
                  "ref": "P237231.5.3",
                  "inst": "%akk-x-neobab:a-na=",
                  "f": {
                    "lang": "akk-x-neobab",
                    "form": "a-na"
                  }
                },
                {
                  "node": "l",
                  "frag": "na-gi-i",
                  "id": "P237231.l01bde",
                  "ref": "P237231.5.4",
                  "inst": "%akk-x-neobab:na-gi-i=",
                  "f": {
                    "lang": "akk-x-neobab",
                    "form": "na-gi-i"
                  }
                },
                {
                  "node": "l",
                  "frag": "ša",
                  "id": "P237231.l01bdf",
                  "ref": "P237231.5.5",
                  "inst": "%akk-x-neobab:ša=",
                  "f": {
                    "lang": "akk-x-neobab",
                    "form": "ša"
                  }
                },
                {
                  "node": "l",
                  "frag": "{uru}x",
                  "id": "P237231.l01be0",
                  "ref": "P237231.5.6",
                  "inst": "%akk-x-neobab:{URU}x=",
                  "f": {
                    "lang": "akk-x-neobab",
                    "form": "{URU}x"
                  }
                },
                {
                  "node": "l",
                  "frag": "x",
                  "id": "P237231.l01be1",
                  "ref": "P237231.5.7",
                  "inst": "%akk-x-neobab:x=",
                  "f": {
                    "lang": "akk-x-neobab",
                    "form": "x"
                  }
                },
                {
                  "node": "l",
                  "frag": "x]",
                  "id": "P237231.l01be2",
                  "ref": "P237231.5.8",
                  "inst": "%akk-x-neobab:x=",
                  "f": {
                    "lang": "akk-x-neobab",
                    "form": "x"
                  }
                },
                {
                  "node": "d",
                  "type": "line-start",
                  "ref": "P237231.6",
                  "n": "4'",
                  "label": "o 4'"
                },
                {
                  "node": "l",
                  "frag": "u₃",
                  "id": "P237231.l01be3",
                  "ref": "P237231.6.1",
                  "inst": "%akk-x-neobab:u₃=",
                  "f": {
                    "lang": "akk-x-neobab",
                    "form": "u₃"
                  }
                },
                {
                  "node": "l",
                  "frag": "na-gi-[i",
                  "id": "P237231.l01be4",
                  "ref": "P237231.6.2",
                  "inst": "%akk-x-neobab:na-gi-i=",
                  "f": {
                    "lang": "akk-x-neobab",
                    "form": "na-gi-i"
                  }
                },
                {
                  "node": "l",
                  "frag": "ša₂",
                  "id": "P237231.l01be5",
                  "ref": "P237231.6.3",
                  "inst": "%akk-x-neobab:ša₂=",
                  "f": {
                    "lang": "akk-x-neobab",
                    "form": "ša₂"
                  }
                },
                {
                  "node": "l",
                  "frag": "{uru}{d}UTU-PAB-ir",
                  "id": "P237231.l01be6",
                  "ref": "P237231.6.4",
                  "inst": "%akk-x-neobab:{URU}{d}UTU-PAB-ir=",
                  "f": {
                    "lang": "akk-x-neobab",
                    "form": "{URU}{d}UTU-PAB-ir"
                  }
                },
                {
                  "node": "l",
                  "frag": "ZI-bu",
                  "id": "P237231.l01be7",
                  "ref": "P237231.6.5",
                  "inst": "%akk-x-neobab:ZI-bu=",
                  "f": {
                    "lang": "akk-x-neobab",
                    "form": "ZI-bu"
                  }
                },
                {
                  "node": "l",
                  "frag": "GUD.UD",
                  "id": "P237231.l01be8",
                  "ref": "P237231.6.6",
                  "inst": "%akk-x-neobab:GUD.UD=",
                  "f": {
                    "lang": "akk-x-neobab",
                    "form": "GUD.UD"
                  }
                },
                {
                  "node": "l",
                  "frag": "ša₂",
                  "id": "P237231.l01be9",
                  "ref": "P237231.6.7",
                  "inst": "%akk-x-neobab:ša₂=",
                  "f": {
                    "lang": "akk-x-neobab",
                    "form": "ša₂"
                  }
                },
                {
                  "node": "l",
                  "frag": "{mi₂}HUL",
                  "id": "P237231.l01bea",
                  "ref": "P237231.6.8",
                  "inst": "%akk-x-neobab:{MI₂}HUL=",
                  "f": {
                    "lang": "akk-x-neobab",
                    "form": "{MI₂}HUL"
                  }
                },
                {
                  "node": "l",
                  "frag": "ip-pu-šu₂-u₂]",
                  "id": "P237231.l01beb",
                  "ref": "P237231.6.9",
                  "inst": "%akk-x-neobab:ip-pu-šu₂-u₂=",
                  "f": {
                    "lang": "akk-x-neobab",
                    "form": "ip-pu-šu₂-u₂"
                  }
                },
                {
                  "node": "d",
                  "type": "line-start",
                  "ref": "P237231.7",
                  "n": "5'",
                  "label": "o 5'"
                },
                {
                  "node": "l",
                  "frag": "i-šal-la₂-lu-[u₂",
                  "id": "P237231.l01bec",
                  "ref": "P237231.7.1",
                  "inst": "%akk-x-neobab:i-šal-la₂-lu-u₂=",
                  "f": {
                    "lang": "akk-x-neobab",
                    "form": "i-šal-la₂-lu-u₂"
                  }
                },
                {
                  "node": "l",
                  "frag": "x",
                  "id": "P237231.l01bed",
                  "ref": "P237231.7.2",
                  "inst": "%akk-x-neobab:x=",
                  "f": {
                    "lang": "akk-x-neobab",
                    "form": "x"
                  }
                },
                {
                  "node": "l",
                  "frag": "x",
                  "id": "P237231.l01bee",
                  "ref": "P237231.7.3",
                  "inst": "%akk-x-neobab:x=",
                  "f": {
                    "lang": "akk-x-neobab",
                    "form": "x"
                  }
                },
                {
                  "node": "l",
                  "frag": "x",
                  "id": "P237231.l01bef",
                  "ref": "P237231.7.4",
                  "inst": "%akk-x-neobab:x=",
                  "f": {
                    "lang": "akk-x-neobab",
                    "form": "x"
                  }
                },
                {
                  "node": "l",
                  "frag": "x",
                  "id": "P237231.l01bf0",
                  "ref": "P237231.7.5",
                  "inst": "%akk-x-neobab:x=",
                  "f": {
                    "lang": "akk-x-neobab",
                    "form": "x"
                  }
                },
                {
                  "node": "l",
                  "frag": "x",
                  "id": "P237231.l01bf1",
                  "ref": "P237231.7.6",
                  "inst": "%akk-x-neobab:x=",
                  "f": {
                    "lang": "akk-x-neobab",
                    "form": "x"
                  }
                },
                {
                  "node": "l",
                  "frag": "x",
                  "id": "P237231.l01bf2",
                  "ref": "P237231.7.7",
                  "inst": "%akk-x-neobab:x=",
                  "f": {
                    "lang": "akk-x-neobab",
                    "form": "x"
                  }
                },
                {
                  "node": "l",
                  "frag": "x",
                  "id": "P237231.l01bf3",
                  "ref": "P237231.7.8",
                  "inst": "%akk-x-neobab:x=",
                  "f": {
                    "lang": "akk-x-neobab",
                    "form": "x"
                  }
                },
                {
                  "node": "l",
                  "frag": "x",
                  "id": "P237231.l01bf4",
                  "ref": "P237231.7.9",
                  "inst": "%akk-x-neobab:x=",
                  "f": {
                    "lang": "akk-x-neobab",
                    "form": "x"
                  }
                },
                {
                  "node": "l",
                  "frag": "x",
                  "id": "P237231.l01bf5",
                  "ref": "P237231.7.10",
                  "inst": "%akk-x-neobab:x=",
                  "f": {
                    "lang": "akk-x-neobab",
                    "form": "x"
                  }
                },
                {
                  "node": "l",
                  "frag": "x",
                  "id": "P237231.l01bf6",
                  "ref": "P237231.7.11",
                  "inst": "%akk-x-neobab:x=",
                  "f": {
                    "lang": "akk-x-neobab",
                    "form": "x"
                  }
                },
                {
                  "node": "l",
                  "frag": "x",
                  "id": "P237231.l01bf7",
                  "ref": "P237231.7.12",
                  "inst": "%akk-x-neobab:x=",
                  "f": {
                    "lang": "akk-x-neobab",
                    "form": "x"
                  }
                },
                {
                  "node": "l",
                  "frag": "x]",
                  "id": "P237231.l01bf8",
                  "ref": "P237231.7.13",
                  "inst": "%akk-x-neobab:x=",
                  "f": {
                    "lang": "akk-x-neobab",
                    "form": "x"
                  }
                },
                {
                  "node": "d",
                  "type": "line-start",
                  "ref": "P237231.8",
                  "n": "6'",
                  "label": "o 6'"
                },
                {
                  "node": "l",
                  "frag": "ina",
                  "id": "P237231.l01bf9",
                  "ref": "P237231.8.1",
                  "inst": "%akk-x-neobab:ina=",
                  "f": {
                    "lang": "akk-x-neobab",
                    "form": "ina"
                  }
                },
                {
                  "node": "l",
                  "frag": "SILIM-tim",
                  "id": "P237231.l01bfa",
                  "ref": "P237231.8.2",
                  "inst": "%akk-x-neobab:SILIM-tim=",
                  "f": {
                    "lang": "akk-x-neobab",
                    "form": "SILIM-tim"
                  }
                },
                {
                  "node": "l",
                  "frag": "ina",
                  "id": "P237231.l01bfb",
                  "ref": "P237231.8.3",
                  "inst": "%akk-x-neobab:ina=",
                  "f": {
                    "lang": "akk-x-neobab",
                    "form": "ina"
                  }
                },
                {
                  "node": "l",
                  "frag": "KA",
                  "id": "P237231.l01bfc",
                  "ref": "P237231.8.4",
                  "inst": "%akk-x-neobab:KA=",
                  "f": {
                    "lang": "akk-x-neobab",
                    "form": "KA"
                  }
                },
                {
                  "node": "l",
                  "frag": "[DINGIR-ti-ka",
                  "id": "P237231.l01bfd",
                  "ref": "P237231.8.5",
                  "inst": "%akk-x-neobab:DINGIR-ti-ka=",
                  "f": {
                    "lang": "akk-x-neobab",
                    "form": "DINGIR-ti-ka"
                  }
                },
                {
                  "node": "l",
                  "frag": "GAL-ti",
                  "id": "P237231.l01bfe",
                  "ref": "P237231.8.6",
                  "inst": "%akk-x-neobab:GAL-ti=",
                  "f": {
                    "lang": "akk-x-neobab",
                    "form": "GAL-ti"
                  }
                },
                {
                  "node": "l",
                  "frag": "{d}UTU",
                  "id": "P237231.l01bff",
                  "ref": "P237231.8.7",
                  "inst": "%akk-x-neobab:{d}UTU=",
                  "f": {
                    "lang": "akk-x-neobab",
                    "form": "{d}UTU"
                  }
                },
                {
                  "node": "l",
                  "frag": "EN",
                  "id": "P237231.l01c00",
                  "ref": "P237231.8.8",
                  "inst": "%akk-x-neobab:EN=",
                  "f": {
                    "lang": "akk-x-neobab",
                    "form": "EN"
                  }
                },
                {
                  "node": "l",
                  "frag": "GAL-u₂",
                  "id": "P237231.l01c01",
                  "ref": "P237231.8.9",
                  "inst": "%akk-x-neobab:GAL-u₂=",
                  "f": {
                    "lang": "akk-x-neobab",
                    "form": "GAL-u₂"
                  }
                },
                {
                  "node": "l",
                  "frag": "qa-bi-i",
                  "id": "P237231.l01c02",
                  "ref": "P237231.8.10",
                  "inst": "%akk-x-neobab:qa-bi-i=",
                  "f": {
                    "lang": "akk-x-neobab",
                    "form": "qa-bi-i"
                  }
                },
                {
                  "node": "l",
                  "frag": "ku-un-i]",
                  "id": "P237231.l01c03",
                  "ref": "P237231.8.11",
                  "inst": "%akk-x-neobab:ku-un-i=",
                  "f": {
                    "lang": "akk-x-neobab",
                    "form": "ku-un-i"
                  }
                },
                {
                  "node": "d",
                  "type": "line-start",
                  "ref": "P237231.9",
                  "n": "7'",
                  "label": "o 7'"
                },
                {
                  "node": "l",
                  "frag": "IGI-ri",
                  "id": "P237231.l01c04",
                  "ref": "P237231.9.1",
                  "inst": "%akk-x-neobab:IGI-ri=",
                  "f": {
                    "lang": "akk-x-neobab",
                    "form": "IGI-ri"
                  }
                },
                {
                  "node": "l",
                  "frag": "IGI-⸢ra⸣",
                  "id": "P237231.l01c05",
                  "ref": "P237231.9.2",
                  "inst": "%akk-x-neobab:IGI-ra=",
                  "f": {
                    "lang": "akk-x-neobab",
                    "form": "IGI-ra"
                  }
                },
                {
                  "node": "l",
                  "frag": "[ŠE-u₂",
                  "id": "P237231.l01c06",
                  "ref": "P237231.9.3",
                  "inst": "%akk-x-neobab:ŠE-u₂=",
                  "f": {
                    "lang": "akk-x-neobab",
                    "form": "ŠE-u₂"
                  }
                },
                {
                  "node": "l",
                  "frag": "ŠE-e",
                  "id": "P237231.l01c07",
                  "ref": "P237231.9.4",
                  "inst": "%akk-x-neobab:ŠE-e=",
                  "f": {
                    "lang": "akk-x-neobab",
                    "form": "ŠE-e"
                  }
                },
                {
                  "node": "l",
                  "frag": "x",
                  "id": "P237231.l01c08",
                  "ref": "P237231.9.5",
                  "inst": "%akk-x-neobab:x=",
                  "f": {
                    "lang": "akk-x-neobab",
                    "form": "x"
                  }
                },
                {
                  "node": "l",
                  "frag": "x",
                  "id": "P237231.l01c09",
                  "ref": "P237231.9.6",
                  "inst": "%akk-x-neobab:x=",
                  "f": {
                    "lang": "akk-x-neobab",
                    "form": "x"
                  }
                },
                {
                  "node": "l",
                  "frag": "x",
                  "id": "P237231.l01c0a",
                  "ref": "P237231.9.7",
                  "inst": "%akk-x-neobab:x=",
                  "f": {
                    "lang": "akk-x-neobab",
                    "form": "x"
                  }
                },
                {
                  "node": "l",
                  "frag": "x",
                  "id": "P237231.l01c0b",
                  "ref": "P237231.9.8",
                  "inst": "%akk-x-neobab:x=",
                  "f": {
                    "lang": "akk-x-neobab",
                    "form": "x"
                  }
                },
                {
                  "node": "l",
                  "frag": "x",
                  "id": "P237231.l01c0c",
                  "ref": "P237231.9.9",
                  "inst": "%akk-x-neobab:x=",
                  "f": {
                    "lang": "akk-x-neobab",
                    "form": "x"
                  }
                },
                {
                  "node": "l",
                  "frag": "x",
                  "id": "P237231.l01c0d",
                  "ref": "P237231.9.10",
                  "inst": "%akk-x-neobab:x=",
                  "f": {
                    "lang": "akk-x-neobab",
                    "form": "x"
                  }
                },
                {
                  "node": "l",
                  "frag": "x",
                  "id": "P237231.l01c0e",
                  "ref": "P237231.9.11",
                  "inst": "%akk-x-neobab:x=",
                  "f": {
                    "lang": "akk-x-neobab",
                    "form": "x"
                  }
                },
                {
                  "node": "l",
                  "frag": "x",
                  "id": "P237231.l01c0f",
                  "ref": "P237231.9.12",
                  "inst": "%akk-x-neobab:x=",
                  "f": {
                    "lang": "akk-x-neobab",
                    "form": "x"
                  }
                },
                {
                  "node": "l",
                  "frag": "x]",
                  "id": "P237231.l01c10",
                  "ref": "P237231.9.13",
                  "inst": "%akk-x-neobab:x=",
                  "f": {
                    "lang": "akk-x-neobab",
                    "form": "x"
                  }
                },
                {
                  "node": "d",
                  "type": "line-start",
                  "ref": "P237231.10",
                  "n": "8'",
                  "label": "o 8'"
                },
                {
                  "node": "l",
                  "frag": "e-zib",
                  "id": "P237231.l01c11",
                  "ref": "P237231.10.1",
                  "inst": "%akk-x-neobab:e-zib=",
                  "f": {
                    "lang": "akk-x-neobab",
                    "form": "e-zib"
                  }
                },
                {
                  "node": "l",
                  "frag": "ša₂",
                  "id": "P237231.l01c12",
                  "ref": "P237231.10.2",
                  "inst": "%akk-x-neobab:ša₂=",
                  "f": {
                    "lang": "akk-x-neobab",
                    "form": "ša₂"
                  }
                },
                {
                  "node": "l",
                  "frag": "{lu₂}A-šip-ri",
                  "id": "P237231.l01c13",
                  "ref": "P237231.10.3",
                  "inst": "%akk-x-neobab:{LU₂}A-šip-ri=",
                  "f": {
                    "lang": "akk-x-neobab",
                    "form": "{LU₂}A-šip-ri"
                  }
                },
                {
                  "node": "l",
                  "frag": "[x",
                  "id": "P237231.l01c14",
                  "ref": "P237231.10.4",
                  "inst": "%akk-x-neobab:x=",
                  "f": {
                    "lang": "akk-x-neobab",
                    "form": "x"
                  }
                },
                {
                  "node": "l",
                  "frag": "x",
                  "id": "P237231.l01c15",
                  "ref": "P237231.10.5",
                  "inst": "%akk-x-neobab:x=",
                  "f": {
                    "lang": "akk-x-neobab",
                    "form": "x"
                  }
                },
                {
                  "node": "l",
                  "frag": "x",
                  "id": "P237231.l01c16",
                  "ref": "P237231.10.6",
                  "inst": "%akk-x-neobab:x=",
                  "f": {
                    "lang": "akk-x-neobab",
                    "form": "x"
                  }
                },
                {
                  "node": "l",
                  "frag": "x",
                  "id": "P237231.l01c17",
                  "ref": "P237231.10.7",
                  "inst": "%akk-x-neobab:x=",
                  "f": {
                    "lang": "akk-x-neobab",
                    "form": "x"
                  }
                },
                {
                  "node": "l",
                  "frag": "x",
                  "id": "P237231.l01c18",
                  "ref": "P237231.10.8",
                  "inst": "%akk-x-neobab:x=",
                  "f": {
                    "lang": "akk-x-neobab",
                    "form": "x"
                  }
                },
                {
                  "node": "l",
                  "frag": "x",
                  "id": "P237231.l01c19",
                  "ref": "P237231.10.9",
                  "inst": "%akk-x-neobab:x=",
                  "f": {
                    "lang": "akk-x-neobab",
                    "form": "x"
                  }
                },
                {
                  "node": "l",
                  "frag": "x",
                  "id": "P237231.l01c1a",
                  "ref": "P237231.10.10",
                  "inst": "%akk-x-neobab:x=",
                  "f": {
                    "lang": "akk-x-neobab",
                    "form": "x"
                  }
                },
                {
                  "node": "l",
                  "frag": "x",
                  "id": "P237231.l01c1b",
                  "ref": "P237231.10.11",
                  "inst": "%akk-x-neobab:x=",
                  "f": {
                    "lang": "akk-x-neobab",
                    "form": "x"
                  }
                },
                {
                  "node": "l",
                  "frag": "x",
                  "id": "P237231.l01c1c",
                  "ref": "P237231.10.12",
                  "inst": "%akk-x-neobab:x=",
                  "f": {
                    "lang": "akk-x-neobab",
                    "form": "x"
                  }
                },
                {
                  "node": "l",
                  "frag": "x]",
                  "id": "P237231.l01c1d",
                  "ref": "P237231.10.13",
                  "inst": "%akk-x-neobab:x=",
                  "f": {
                    "lang": "akk-x-neobab",
                    "form": "x"
                  }
                },
                {
                  "node": "d",
                  "type": "line-start",
                  "ref": "P237231.11",
                  "n": "9'",
                  "label": "o 9'"
                },
                {
                  "node": "l",
                  "frag": "e-zib",
                  "id": "P237231.l01c1e",
                  "ref": "P237231.11.1",
                  "inst": "%akk-x-neobab:e-zib=",
                  "f": {
                    "lang": "akk-x-neobab",
                    "form": "e-zib"
                  }
                },
                {
                  "node": "l",
                  "frag": "ša₂",
                  "id": "P237231.l01c1f",
                  "ref": "P237231.11.2",
                  "inst": "%akk-x-neobab:ša₂=",
                  "f": {
                    "lang": "akk-x-neobab",
                    "form": "ša₂"
                  }
                },
                {
                  "node": "l",
                  "frag": "di-⸢ni⸣",
                  "id": "P237231.l01c20",
                  "ref": "P237231.11.3",
                  "inst": "%akk-x-neobab:di-ni=",
                  "f": {
                    "lang": "akk-x-neobab",
                    "form": "di-ni"
                  }
                },
                {
                  "node": "l",
                  "frag": "[UD-mu",
                  "id": "P237231.l01c21",
                  "ref": "P237231.11.4",
                  "inst": "%akk-x-neobab:UD-mu=",
                  "f": {
                    "lang": "akk-x-neobab",
                    "form": "UD-mu"
                  }
                },
                {
                  "node": "l",
                  "frag": "NE-i",
                  "id": "P237231.l01c22",
                  "ref": "P237231.11.5",
                  "inst": "%akk-x-neobab:NE-i=",
                  "f": {
                    "lang": "akk-x-neobab",
                    "form": "NE-i"
                  }
                },
                {
                  "node": "l",
                  "frag": "GIM",
                  "id": "P237231.l01c23",
                  "ref": "P237231.11.6",
                  "inst": "%akk-x-neobab:GIM=",
                  "f": {
                    "lang": "akk-x-neobab",
                    "form": "GIM"
                  }
                },
                {
                  "node": "l",
                  "frag": "DUG₃.GA",
                  "id": "P237231.l01c24",
                  "ref": "P237231.11.7",
                  "inst": "%akk-x-neobab:DUG₃.GA=",
                  "f": {
                    "lang": "akk-x-neobab",
                    "form": "DUG₃.GA"
                  }
                },
                {
                  "node": "l",
                  "frag": "GIM",
                  "id": "P237231.l01c25",
                  "ref": "P237231.11.8",
                  "inst": "%akk-x-neobab:GIM=",
                  "f": {
                    "lang": "akk-x-neobab",
                    "form": "GIM"
                  }
                },
                {
                  "node": "l",
                  "frag": "ha-ṭu-u₂]",
                  "id": "P237231.l01c26",
                  "ref": "P237231.11.9",
                  "inst": "%akk-x-neobab:ha-ṭu-u₂=",
                  "f": {
                    "lang": "akk-x-neobab",
                    "form": "ha-ṭu-u₂"
                  }
                },
                {
                  "node": "d",
                  "type": "line-start",
                  "ref": "P237231.12",
                  "n": "10'",
                  "label": "o 10'"
                },
                {
                  "node": "l",
                  "frag": "e-⸢zib⸣",
                  "id": "P237231.l01c27",
                  "ref": "P237231.12.1",
                  "inst": "%akk-x-neobab:e-zib=",
                  "f": {
                    "lang": "akk-x-neobab",
                    "form": "e-zib"
                  }
                },
                {
                  "node": "l",
                  "frag": "[ša₂",
                  "id": "P237231.l01c28",
                  "ref": "P237231.12.2",
                  "inst": "%akk-x-neobab:ša₂=",
                  "f": {
                    "lang": "akk-x-neobab",
                    "form": "ša₂"
                  }
                },
                {
                  "node": "l",
                  "frag": "x",
                  "id": "P237231.l01c29",
                  "ref": "P237231.12.3",
                  "inst": "%akk-x-neobab:x=",
                  "f": {
                    "lang": "akk-x-neobab",
                    "form": "x"
                  }
                },
                {
                  "node": "l",
                  "frag": "x",
                  "id": "P237231.l01c2a",
                  "ref": "P237231.12.4",
                  "inst": "%akk-x-neobab:x=",
                  "f": {
                    "lang": "akk-x-neobab",
                    "form": "x"
                  }
                },
                {
                  "node": "l",
                  "frag": "x",
                  "id": "P237231.l01c2b",
                  "ref": "P237231.12.5",
                  "inst": "%akk-x-neobab:x=",
                  "f": {
                    "lang": "akk-x-neobab",
                    "form": "x"
                  }
                },
                {
                  "node": "l",
                  "frag": "x",
                  "id": "P237231.l01c2c",
                  "ref": "P237231.12.6",
                  "inst": "%akk-x-neobab:x=",
                  "f": {
                    "lang": "akk-x-neobab",
                    "form": "x"
                  }
                },
                {
                  "node": "l",
                  "frag": "x",
                  "id": "P237231.l01c2d",
                  "ref": "P237231.12.7",
                  "inst": "%akk-x-neobab:x=",
                  "f": {
                    "lang": "akk-x-neobab",
                    "form": "x"
                  }
                },
                {
                  "node": "l",
                  "frag": "x",
                  "id": "P237231.l01c2e",
                  "ref": "P237231.12.8",
                  "inst": "%akk-x-neobab:x=",
                  "f": {
                    "lang": "akk-x-neobab",
                    "form": "x"
                  }
                },
                {
                  "node": "l",
                  "frag": "x",
                  "id": "P237231.l01c2f",
                  "ref": "P237231.12.9",
                  "inst": "%akk-x-neobab:x=",
                  "f": {
                    "lang": "akk-x-neobab",
                    "form": "x"
                  }
                },
                {
                  "node": "l",
                  "frag": "x",
                  "id": "P237231.l01c30",
                  "ref": "P237231.12.10",
                  "inst": "%akk-x-neobab:x=",
                  "f": {
                    "lang": "akk-x-neobab",
                    "form": "x"
                  }
                },
                {
                  "node": "l",
                  "frag": "x",
                  "id": "P237231.l01c31",
                  "ref": "P237231.12.11",
                  "inst": "%akk-x-neobab:x=",
                  "f": {
                    "lang": "akk-x-neobab",
                    "form": "x"
                  }
                },
                {
                  "node": "l",
                  "frag": "x",
                  "id": "P237231.l01c32",
                  "ref": "P237231.12.12",
                  "inst": "%akk-x-neobab:x=",
                  "f": {
                    "lang": "akk-x-neobab",
                    "form": "x"
                  }
                },
                {
                  "node": "l",
                  "frag": "x",
                  "id": "P237231.l01c33",
                  "ref": "P237231.12.13",
                  "inst": "%akk-x-neobab:x=",
                  "f": {
                    "lang": "akk-x-neobab",
                    "form": "x"
                  }
                },
                {
                  "node": "l",
                  "frag": "x",
                  "id": "P237231.l01c34",
                  "ref": "P237231.12.14",
                  "inst": "%akk-x-neobab:x=",
                  "f": {
                    "lang": "akk-x-neobab",
                    "form": "x"
                  }
                },
                {
                  "node": "l",
                  "frag": "x",
                  "id": "P237231.l01c35",
                  "ref": "P237231.12.15",
                  "inst": "%akk-x-neobab:x=",
                  "f": {
                    "lang": "akk-x-neobab",
                    "form": "x"
                  }
                },
                {
                  "node": "l",
                  "frag": "x]",
                  "id": "P237231.l01c36",
                  "ref": "P237231.12.16",
                  "inst": "%akk-x-neobab:x=",
                  "f": {
                    "lang": "akk-x-neobab",
                    "form": "x"
                  }
                },
                {
                  "node": "d",
                  "type": "nonx",
                  "ref": "P237231.13",
                  "strict": "0",
                  "extent": "rest",
                  "state": "missing"
                },
                {
                  "node": "d",
                  "subtype": "reverse",
                  "type": "reverse",
                  "ref": "P237231.r.14",
                  "label": "r"
                },
                {
                  "node": "d",
                  "type": "nonx",
                  "ref": "P237231.15",
                  "strict": "0",
                  "extent": "beginning",
                  "state": "missing"
                },
                {
                  "node": "d",
                  "type": "line-start",
                  "ref": "P237231.16",
                  "n": "1'",
                  "label": "r 1'"
                },
                {
                  "node": "l",
                  "frag": "[x",
                  "id": "P237231.l01c37",
                  "ref": "P237231.16.1",
                  "inst": "%akk-x-neobab:x=",
                  "f": {
                    "lang": "akk-x-neobab",
                    "form": "x"
                  }
                },
                {
                  "node": "l",
                  "frag": "x",
                  "id": "P237231.l01c38",
                  "ref": "P237231.16.2",
                  "inst": "%akk-x-neobab:x=",
                  "f": {
                    "lang": "akk-x-neobab",
                    "form": "x"
                  }
                },
                {
                  "node": "l",
                  "frag": "x",
                  "id": "P237231.l01c39",
                  "ref": "P237231.16.3",
                  "inst": "%akk-x-neobab:x=",
                  "f": {
                    "lang": "akk-x-neobab",
                    "form": "x"
                  }
                },
                {
                  "node": "l",
                  "frag": "x",
                  "id": "P237231.l01c3a",
                  "ref": "P237231.16.4",
                  "inst": "%akk-x-neobab:x=",
                  "f": {
                    "lang": "akk-x-neobab",
                    "form": "x"
                  }
                },
                {
                  "node": "l",
                  "frag": "x]",
                  "id": "P237231.l01c3b",
                  "ref": "P237231.16.5",
                  "inst": "%akk-x-neobab:x=",
                  "f": {
                    "lang": "akk-x-neobab",
                    "form": "x"
                  }
                },
                {
                  "node": "l",
                  "frag": "a-na",
                  "id": "P237231.l01c3c",
                  "ref": "P237231.16.6",
                  "inst": "%akk-x-neobab:a-na=",
                  "f": {
                    "lang": "akk-x-neobab",
                    "form": "a-na"
                  }
                },
                {
                  "node": "l",
                  "frag": "na-⸢gi⸣-[i",
                  "id": "P237231.l01c3d",
                  "ref": "P237231.16.7",
                  "inst": "%akk-x-neobab:na-gi-i=",
                  "f": {
                    "lang": "akk-x-neobab",
                    "form": "na-gi-i"
                  }
                },
                {
                  "node": "l",
                  "frag": "ša₂",
                  "id": "P237231.l01c3e",
                  "ref": "P237231.16.8",
                  "inst": "%akk-x-neobab:ša₂=",
                  "f": {
                    "lang": "akk-x-neobab",
                    "form": "ša₂"
                  }
                },
                {
                  "node": "l",
                  "frag": "{uru}{d}UTU-PAB-ir]",
                  "id": "P237231.l01c3f",
                  "ref": "P237231.16.9",
                  "inst": "%akk-x-neobab:{URU}{d}UTU-PAB-ir=",
                  "f": {
                    "lang": "akk-x-neobab",
                    "form": "{URU}{d}UTU-PAB-ir"
                  }
                },
                {
                  "node": "d",
                  "type": "line-start",
                  "ref": "P237231.17",
                  "n": "2'",
                  "label": "r 2'"
                },
                {
                  "node": "l",
                  "frag": "[ZI-bu]",
                  "id": "P237231.l01c40",
                  "ref": "P237231.17.1",
                  "inst": "%akk-x-neobab:ZI-bu=",
                  "f": {
                    "lang": "akk-x-neobab",
                    "form": "ZI-bu"
                  }
                },
                {
                  "node": "l",
                  "frag": "⸢GUD⸣.UD",
                  "id": "P237231.l01c41",
                  "ref": "P237231.17.2",
                  "inst": "%akk-x-neobab:GUD.UD=",
                  "f": {
                    "lang": "akk-x-neobab",
                    "form": "GUD.UD"
                  }
                },
                {
                  "node": "l",
                  "frag": "{mi₂}HUL",
                  "id": "P237231.l01c42",
                  "ref": "P237231.17.3",
                  "inst": "%akk-x-neobab:{MI₂}HUL=",
                  "f": {
                    "lang": "akk-x-neobab",
                    "form": "{MI₂}HUL"
                  }
                },
                {
                  "node": "l",
                  "frag": "⸢ip-pu⸣-[šu₂",
                  "id": "P237231.l01c43",
                  "ref": "P237231.17.4",
                  "inst": "%akk-x-neobab:ip-pu-šu₂=",
                  "f": {
                    "lang": "akk-x-neobab",
                    "form": "ip-pu-šu₂"
                  }
                },
                {
                  "node": "l",
                  "frag": "GAZ-ku",
                  "id": "P237231.l01c44",
                  "ref": "P237231.17.5",
                  "inst": "%akk-x-neobab:GAZ-ku=",
                  "f": {
                    "lang": "akk-x-neobab",
                    "form": "GAZ-ku"
                  }
                },
                {
                  "node": "l",
                  "frag": "i-hab-ba-tu",
                  "id": "P237231.l01c45",
                  "ref": "P237231.17.6",
                  "inst": "%akk-x-neobab:i-hab-ba-tu=",
                  "f": {
                    "lang": "akk-x-neobab",
                    "form": "i-hab-ba-tu"
                  }
                },
                {
                  "node": "l",
                  "frag": "i-šal-la₂-lu]",
                  "id": "P237231.l01c46",
                  "ref": "P237231.17.7",
                  "inst": "%akk-x-neobab:i-šal-la₂-lu=",
                  "f": {
                    "lang": "akk-x-neobab",
                    "form": "i-šal-la₂-lu"
                  }
                },
                {
                  "node": "d",
                  "type": "line-start",
                  "ref": "P237231.18",
                  "n": "3'",
                  "label": "r 3'"
                },
                {
                  "node": "l",
                  "frag": "[ina",
                  "id": "P237231.l01c47",
                  "ref": "P237231.18.1",
                  "inst": "%akk-x-neobab:ina=",
                  "f": {
                    "lang": "akk-x-neobab",
                    "form": "ina"
                  }
                },
                {
                  "node": "l",
                  "frag": "ŠA₃",
                  "id": "P237231.l01c48",
                  "ref": "P237231.18.2",
                  "inst": "%akk-x-neobab:ŠA₃=",
                  "f": {
                    "lang": "akk-x-neobab",
                    "form": "ŠA₃"
                  }
                },
                {
                  "node": "l",
                  "frag": "UDU.NITA₂]",
                  "id": "P237231.l01c49",
                  "ref": "P237231.18.3",
                  "inst": "%akk-x-neobab:UDU.NITA₂=",
                  "f": {
                    "lang": "akk-x-neobab",
                    "form": "UDU.NITA₂"
                  }
                },
                {
                  "node": "l",
                  "frag": "⸢an⸣-ni-i",
                  "id": "P237231.l01c4a",
                  "ref": "P237231.18.4",
                  "inst": "%akk-x-neobab:an-ni-i=",
                  "f": {
                    "lang": "akk-x-neobab",
                    "form": "an-ni-i"
                  }
                },
                {
                  "node": "l",
                  "frag": "GUB-am-ma",
                  "id": "P237231.l01c4b",
                  "ref": "P237231.18.5",
                  "inst": "%akk-x-neobab:GUB-am-ma=",
                  "f": {
                    "lang": "akk-x-neobab",
                    "form": "GUB-am-ma"
                  }
                },
                {
                  "node": "l",
                  "frag": "an-[na",
                  "id": "P237231.l01c4c",
                  "ref": "P237231.18.6",
                  "inst": "%akk-x-neobab:an-na=",
                  "f": {
                    "lang": "akk-x-neobab",
                    "form": "an-na"
                  }
                },
                {
                  "node": "l",
                  "frag": "GI.NA",
                  "id": "P237231.l01c4d",
                  "ref": "P237231.18.7",
                  "inst": "%akk-x-neobab:GI.NA=",
                  "f": {
                    "lang": "akk-x-neobab",
                    "form": "GI.NA"
                  }
                },
                {
                  "node": "l",
                  "frag": "GIŠ.HUR-MEŠ]",
                  "id": "P237231.l01c4e",
                  "ref": "P237231.18.8",
                  "inst": "%akk-x-neobab:GIŠ.HUR-MEŠ=",
                  "f": {
                    "lang": "akk-x-neobab",
                    "form": "GIŠ.HUR-MEŠ"
                  }
                },
                {
                  "node": "d",
                  "type": "line-start",
                  "ref": "P237231.19",
                  "n": "4'",
                  "label": "r 4'"
                },
                {
                  "node": "l",
                  "frag": "[SILIM-MEŠ",
                  "id": "P237231.l01c4f",
                  "ref": "P237231.19.1",
                  "inst": "%akk-x-neobab:SILIM-MEŠ=",
                  "f": {
                    "lang": "akk-x-neobab",
                    "form": "SILIM-MEŠ"
                  }
                },
                {
                  "node": "l",
                  "frag": "UZU-MEŠ",
                  "id": "P237231.l01c50",
                  "ref": "P237231.19.2",
                  "inst": "%akk-x-neobab:UZU-MEŠ=",
                  "f": {
                    "lang": "akk-x-neobab",
                    "form": "UZU-MEŠ"
                  }
                },
                {
                  "node": "l",
                  "frag": "ta]-mit",
                  "id": "P237231.l01c51",
                  "ref": "P237231.19.3",
                  "inst": "%akk-x-neobab:ta-mit=",
                  "f": {
                    "lang": "akk-x-neobab",
                    "form": "ta-mit"
                  }
                },
                {
                  "node": "l",
                  "frag": "SIG₅-MEŠ",
                  "id": "P237231.l01c52",
                  "ref": "P237231.19.4",
                  "inst": "%akk-x-neobab:SIG₅-MEŠ=",
                  "f": {
                    "lang": "akk-x-neobab",
                    "form": "SIG₅-MEŠ"
                  }
                },
                {
                  "node": "l",
                  "frag": "SILIM-MEŠ",
                  "id": "P237231.l01c53",
                  "ref": "P237231.19.5",
                  "inst": "%akk-x-neobab:SILIM-MEŠ=",
                  "f": {
                    "lang": "akk-x-neobab",
                    "form": "SILIM-MEŠ"
                  }
                },
                {
                  "node": "l",
                  "frag": "ša₂",
                  "id": "P237231.l01c54",
                  "ref": "P237231.19.6",
                  "inst": "%akk-x-neobab:ša₂=",
                  "f": {
                    "lang": "akk-x-neobab",
                    "form": "ša₂"
                  }
                },
                {
                  "node": "l",
                  "frag": "[SILIM-tim",
                  "id": "P237231.l01c55",
                  "ref": "P237231.19.7",
                  "inst": "%akk-x-neobab:SILIM-tim=",
                  "f": {
                    "lang": "akk-x-neobab",
                    "form": "SILIM-tim"
                  }
                },
                {
                  "node": "l",
                  "frag": "x",
                  "id": "P237231.l01c56",
                  "ref": "P237231.19.8",
                  "inst": "%akk-x-neobab:x=",
                  "f": {
                    "lang": "akk-x-neobab",
                    "form": "x"
                  }
                },
                {
                  "node": "l",
                  "frag": "x",
                  "id": "P237231.l01c57",
                  "ref": "P237231.19.9",
                  "inst": "%akk-x-neobab:x=",
                  "f": {
                    "lang": "akk-x-neobab",
                    "form": "x"
                  }
                },
                {
                  "node": "l",
                  "frag": "x]",
                  "id": "P237231.l01c58",
                  "ref": "P237231.19.10",
                  "inst": "%akk-x-neobab:x=",
                  "f": {
                    "lang": "akk-x-neobab",
                    "form": "x"
                  }
                },
                {
                  "node": "d",
                  "type": "line-start",
                  "ref": "P237231.20",
                  "n": "5'",
                  "label": "r 5'"
                },
                {
                  "node": "l",
                  "frag": "[x",
                  "id": "P237231.l01c59",
                  "ref": "P237231.20.1",
                  "inst": "%akk-x-neobab:x=",
                  "f": {
                    "lang": "akk-x-neobab",
                    "form": "x"
                  }
                },
                {
                  "node": "l",
                  "frag": "x",
                  "id": "P237231.l01c5a",
                  "ref": "P237231.20.2",
                  "inst": "%akk-x-neobab:x=",
                  "f": {
                    "lang": "akk-x-neobab",
                    "form": "x"
                  }
                },
                {
                  "node": "l",
                  "frag": "x]",
                  "id": "P237231.l01c5b",
                  "ref": "P237231.20.3",
                  "inst": "%akk-x-neobab:x=",
                  "f": {
                    "lang": "akk-x-neobab",
                    "form": "x"
                  }
                },
                {
                  "node": "l",
                  "frag": "⸢LAL⸣",
                  "id": "P237231.l01c5c",
                  "ref": "P237231.20.4",
                  "inst": "%akk-x-neobab:LAL=",
                  "f": {
                    "lang": "akk-x-neobab",
                    "form": "LAL"
                  }
                },
                {
                  "node": "d",
                  "type": "nonw",
                  "ref": ""
                },
                {
                  "node": "l",
                  "frag": "[o]",
                  "id": "P237231.l01c5d",
                  "ref": "P237231.20.5",
                  "inst": "%akk-x-neobab:o=",
                  "f": {
                    "lang": "akk-x-neobab",
                    "form": "o"
                  }
                },
                {
                  "node": "d",
                  "type": "line-start",
                  "ref": "P237231.21",
                  "n": "6'",
                  "label": "r 6'"
                },
                {
                  "node": "l",
                  "frag": "[x",
                  "id": "P237231.l01c5e",
                  "ref": "P237231.21.1",
                  "inst": "%akk-x-neobab:x=",
                  "f": {
                    "lang": "akk-x-neobab",
                    "form": "x"
                  }
                },
                {
                  "node": "l",
                  "frag": "x",
                  "id": "P237231.l01c5f",
                  "ref": "P237231.21.2",
                  "inst": "%akk-x-neobab:x=",
                  "f": {
                    "lang": "akk-x-neobab",
                    "form": "x"
                  }
                },
                {
                  "node": "l",
                  "frag": "x]",
                  "id": "P237231.l01c60",
                  "ref": "P237231.21.3",
                  "inst": "%akk-x-neobab:x=",
                  "f": {
                    "lang": "akk-x-neobab",
                    "form": "x"
                  }
                },
                {
                  "node": "l",
                  "frag": "bu",
                  "id": "P237231.l01c61",
                  "ref": "P237231.21.4",
                  "inst": "%akk-x-neobab:bu=",
                  "f": {
                    "lang": "akk-x-neobab",
                    "form": "bu"
                  }
                },
                {
                  "node": "d",
                  "type": "nonw",
                  "ref": ""
                },
                {
                  "node": "l",
                  "frag": "[o]",
                  "id": "P237231.l01c62",
                  "ref": "P237231.21.5",
                  "inst": "%akk-x-neobab:o=",
                  "f": {
                    "lang": "akk-x-neobab",
                    "form": "o"
                  }
                },
                {
                  "node": "d",
                  "type": "line-start",
                  "ref": "P237231.22",
                  "n": "7'",
                  "label": "r 7'"
                },
                {
                  "node": "l",
                  "frag": "⸢UGU⸣",
                  "id": "P237231.l01c63",
                  "ref": "P237231.22.1",
                  "inst": "%akk-x-neobab:UGU=",
                  "f": {
                    "lang": "akk-x-neobab",
                    "form": "UGU"
                  }
                },
                {
                  "node": "l",
                  "frag": "DINGIR-ti-ka",
                  "id": "P237231.l01c64",
                  "ref": "P237231.22.2",
                  "inst": "%akk-x-neobab:DINGIR-ti-ka=",
                  "f": {
                    "lang": "akk-x-neobab",
                    "form": "DINGIR-ti-ka"
                  }
                },
                {
                  "node": "l",
                  "frag": "GAL-[ti",
                  "id": "P237231.l01c65",
                  "ref": "P237231.22.3",
                  "inst": "%akk-x-neobab:GAL-ti=",
                  "f": {
                    "lang": "akk-x-neobab",
                    "form": "GAL-ti"
                  }
                },
                {
                  "node": "l",
                  "frag": "{d}UTU",
                  "id": "P237231.l01c66",
                  "ref": "P237231.22.4",
                  "inst": "%akk-x-neobab:{d}UTU=",
                  "f": {
                    "lang": "akk-x-neobab",
                    "form": "{d}UTU"
                  }
                },
                {
                  "node": "l",
                  "frag": "EN",
                  "id": "P237231.l01c67",
                  "ref": "P237231.22.5",
                  "inst": "%akk-x-neobab:EN=",
                  "f": {
                    "lang": "akk-x-neobab",
                    "form": "EN"
                  }
                },
                {
                  "node": "l",
                  "frag": "GAL-u₂",
                  "id": "P237231.l01c68",
                  "ref": "P237231.22.6",
                  "inst": "%akk-x-neobab:GAL-u₂=",
                  "f": {
                    "lang": "akk-x-neobab",
                    "form": "GAL-u₂"
                  }
                },
                {
                  "node": "l",
                  "frag": "lil-lik-ma",
                  "id": "P237231.l01c69",
                  "ref": "P237231.22.7",
                  "inst": "%akk-x-neobab:lil-lik-ma=",
                  "f": {
                    "lang": "akk-x-neobab",
                    "form": "lil-lik-ma"
                  }
                },
                {
                  "node": "l",
                  "frag": "KIN",
                  "id": "P237231.l01c6a",
                  "ref": "P237231.22.8",
                  "inst": "%akk-x-neobab:KIN=",
                  "f": {
                    "lang": "akk-x-neobab",
                    "form": "KIN"
                  }
                },
                {
                  "node": "l",
                  "frag": "li-tap-pal]",
                  "id": "P237231.l01c6b",
                  "ref": "P237231.22.9",
                  "inst": "%akk-x-neobab:li-tap-pal=",
                  "f": {
                    "lang": "akk-x-neobab",
                    "form": "li-tap-pal"
                  }
                },
                {
                  "node": "d",
                  "type": "line-start",
                  "ref": "P237231.23",
                  "n": "8'",
                  "label": "r 8'"
                },
                {
                  "node": "l",
                  "frag": "[x",
                  "id": "P237231.l01c6c",
                  "ref": "P237231.23.1",
                  "inst": "%akk-x-neobab:x=",
                  "f": {
                    "lang": "akk-x-neobab",
                    "form": "x"
                  }
                },
                {
                  "node": "l",
                  "frag": "x]",
                  "id": "P237231.l01c6d",
                  "ref": "P237231.23.2",
                  "inst": "%akk-x-neobab:x=",
                  "f": {
                    "lang": "akk-x-neobab",
                    "form": "x"
                  }
                },
                {
                  "node": "l",
                  "frag": "MURUB₄",
                  "id": "P237231.l01c6e",
                  "ref": "P237231.23.3",
                  "inst": "%akk-x-neobab:MURUB₄=",
                  "f": {
                    "lang": "akk-x-neobab",
                    "form": "MURUB₄"
                  }
                },
                {
                  "node": "l",
                  "frag": "15",
                  "id": "P237231.l01c6f",
                  "ref": "P237231.23.4",
                  "inst": "%akk-x-neobab:15=",
                  "f": {
                    "lang": "akk-x-neobab",
                    "form": "15"
                  }
                },
                {
                  "node": "l",
                  "frag": "⸢e-riš⸣-tum",
                  "id": "P237231.l01c70",
                  "ref": "P237231.23.5",
                  "inst": "%akk-x-neobab:e-riš-tum=",
                  "f": {
                    "lang": "akk-x-neobab",
                    "form": "e-riš-tum"
                  }
                },
                {
                  "node": "l",
                  "frag": "[x",
                  "id": "P237231.l01c71",
                  "ref": "P237231.23.6",
                  "inst": "%akk-x-neobab:x=",
                  "f": {
                    "lang": "akk-x-neobab",
                    "form": "x"
                  }
                },
                {
                  "node": "l",
                  "frag": "x",
                  "id": "P237231.l01c72",
                  "ref": "P237231.23.7",
                  "inst": "%akk-x-neobab:x=",
                  "f": {
                    "lang": "akk-x-neobab",
                    "form": "x"
                  }
                },
                {
                  "node": "l",
                  "frag": "x",
                  "id": "P237231.l01c73",
                  "ref": "P237231.23.8",
                  "inst": "%akk-x-neobab:x=",
                  "f": {
                    "lang": "akk-x-neobab",
                    "form": "x"
                  }
                },
                {
                  "node": "l",
                  "frag": "x",
                  "id": "P237231.l01c74",
                  "ref": "P237231.23.9",
                  "inst": "%akk-x-neobab:x=",
                  "f": {
                    "lang": "akk-x-neobab",
                    "form": "x"
                  }
                },
                {
                  "node": "l",
                  "frag": "x",
                  "id": "P237231.l01c75",
                  "ref": "P237231.23.10",
                  "inst": "%akk-x-neobab:x=",
                  "f": {
                    "lang": "akk-x-neobab",
                    "form": "x"
                  }
                },
                {
                  "node": "l",
                  "frag": "x",
                  "id": "P237231.l01c76",
                  "ref": "P237231.23.11",
                  "inst": "%akk-x-neobab:x=",
                  "f": {
                    "lang": "akk-x-neobab",
                    "form": "x"
                  }
                },
                {
                  "node": "l",
                  "frag": "x",
                  "id": "P237231.l01c77",
                  "ref": "P237231.23.12",
                  "inst": "%akk-x-neobab:x=",
                  "f": {
                    "lang": "akk-x-neobab",
                    "form": "x"
                  }
                },
                {
                  "node": "l",
                  "frag": "x]",
                  "id": "P237231.l01c78",
                  "ref": "P237231.23.13",
                  "inst": "%akk-x-neobab:x=",
                  "f": {
                    "lang": "akk-x-neobab",
                    "form": "x"
                  }
                },
                {
                  "node": "d",
                  "type": "line-start",
                  "ref": "P237231.24",
                  "n": "9'",
                  "label": "r 9'"
                },
                {
                  "node": "l",
                  "frag": "[x",
                  "id": "P237231.l01c79",
                  "ref": "P237231.24.1",
                  "inst": "%akk-x-neobab:x=",
                  "f": {
                    "lang": "akk-x-neobab",
                    "form": "x"
                  }
                },
                {
                  "node": "l",
                  "frag": "x]+⸢x⸣",
                  "id": "P237231.l01c7a",
                  "ref": "P237231.24.2",
                  "inst": "%akk-x-neobab:x+x=",
                  "f": {
                    "lang": "akk-x-neobab",
                    "form": "x+x"
                  }
                },
                {
                  "node": "l",
                  "frag": "150",
                  "id": "P237231.l01c7b",
                  "ref": "P237231.24.3",
                  "inst": "%akk-x-neobab:150=",
                  "f": {
                    "lang": "akk-x-neobab",
                    "form": "150"
                  }
                },
                {
                  "node": "l",
                  "frag": "ZE₂",
                  "id": "P237231.l01c7c",
                  "ref": "P237231.24.4",
                  "inst": "%akk-x-neobab:ZE₂=",
                  "f": {
                    "lang": "akk-x-neobab",
                    "form": "ZE₂"
                  }
                },
                {
                  "node": "l",
                  "frag": "pu-uṭ-[ṭu-ur",
                  "id": "P237231.l01c7d",
                  "ref": "P237231.24.5",
                  "inst": "%akk-x-neobab:pu-uṭ-ṭu-ur=",
                  "f": {
                    "lang": "akk-x-neobab",
                    "form": "pu-uṭ-ṭu-ur"
                  }
                },
                {
                  "node": "l",
                  "frag": "x",
                  "id": "P237231.l01c7e",
                  "ref": "P237231.24.6",
                  "inst": "%akk-x-neobab:x=",
                  "f": {
                    "lang": "akk-x-neobab",
                    "form": "x"
                  }
                },
                {
                  "node": "l",
                  "frag": "x",
                  "id": "P237231.l01c7f",
                  "ref": "P237231.24.7",
                  "inst": "%akk-x-neobab:x=",
                  "f": {
                    "lang": "akk-x-neobab",
                    "form": "x"
                  }
                },
                {
                  "node": "l",
                  "frag": "x",
                  "id": "P237231.l01c80",
                  "ref": "P237231.24.8",
                  "inst": "%akk-x-neobab:x=",
                  "f": {
                    "lang": "akk-x-neobab",
                    "form": "x"
                  }
                },
                {
                  "node": "l",
                  "frag": "x",
                  "id": "P237231.l01c81",
                  "ref": "P237231.24.9",
                  "inst": "%akk-x-neobab:x=",
                  "f": {
                    "lang": "akk-x-neobab",
                    "form": "x"
                  }
                },
                {
                  "node": "l",
                  "frag": "x",
                  "id": "P237231.l01c82",
                  "ref": "P237231.24.10",
                  "inst": "%akk-x-neobab:x=",
                  "f": {
                    "lang": "akk-x-neobab",
                    "form": "x"
                  }
                },
                {
                  "node": "l",
                  "frag": "x",
                  "id": "P237231.l01c83",
                  "ref": "P237231.24.11",
                  "inst": "%akk-x-neobab:x=",
                  "f": {
                    "lang": "akk-x-neobab",
                    "form": "x"
                  }
                },
                {
                  "node": "l",
                  "frag": "x",
                  "id": "P237231.l01c84",
                  "ref": "P237231.24.12",
                  "inst": "%akk-x-neobab:x=",
                  "f": {
                    "lang": "akk-x-neobab",
                    "form": "x"
                  }
                },
                {
                  "node": "l",
                  "frag": "x]",
                  "id": "P237231.l01c85",
                  "ref": "P237231.24.13",
                  "inst": "%akk-x-neobab:x=",
                  "f": {
                    "lang": "akk-x-neobab",
                    "form": "x"
                  }
                },
                {
                  "node": "d",
                  "type": "line-start",
                  "ref": "P237231.25",
                  "n": "10'",
                  "label": "r 10'"
                },
                {
                  "node": "l",
                  "frag": "[x]",
                  "id": "P237231.l01c86",
                  "ref": "P237231.25.1",
                  "inst": "%akk-x-neobab:x=",
                  "f": {
                    "lang": "akk-x-neobab",
                    "form": "x"
                  }
                },
                {
                  "node": "l",
                  "frag": "150",
                  "id": "P237231.l01c87",
                  "ref": "P237231.25.2",
                  "inst": "%akk-x-neobab:150=",
                  "f": {
                    "lang": "akk-x-neobab",
                    "form": "150"
                  }
                },
                {
                  "node": "l",
                  "frag": "ZE₂",
                  "id": "P237231.l01c88",
                  "ref": "P237231.25.3",
                  "inst": "%akk-x-neobab:ZE₂=",
                  "f": {
                    "lang": "akk-x-neobab",
                    "form": "ZE₂"
                  }
                },
                {
                  "node": "l",
                  "frag": "EN",
                  "id": "P237231.l01c89",
                  "ref": "P237231.25.4",
                  "inst": "%akk-x-neobab:EN=",
                  "f": {
                    "lang": "akk-x-neobab",
                    "form": "EN"
                  }
                },
                {
                  "node": "l",
                  "frag": "02",
                  "id": "P237231.l01c8a",
                  "ref": "P237231.25.5",
                  "inst": "%akk-x-neobab:02=",
                  "f": {
                    "lang": "akk-x-neobab",
                    "form": "02"
                  }
                },
                {
                  "node": "l",
                  "frag": "DU₈",
                  "id": "P237231.l01c8b",
                  "ref": "P237231.25.6",
                  "inst": "%akk-x-neobab:DU₈=",
                  "f": {
                    "lang": "akk-x-neobab",
                    "form": "DU₈"
                  }
                },
                {
                  "node": "l",
                  "frag": "[x",
                  "id": "P237231.l01c8c",
                  "ref": "P237231.25.7",
                  "inst": "%akk-x-neobab:x=",
                  "f": {
                    "lang": "akk-x-neobab",
                    "form": "x"
                  }
                },
                {
                  "node": "l",
                  "frag": "x",
                  "id": "P237231.l01c8d",
                  "ref": "P237231.25.8",
                  "inst": "%akk-x-neobab:x=",
                  "f": {
                    "lang": "akk-x-neobab",
                    "form": "x"
                  }
                },
                {
                  "node": "l",
                  "frag": "x",
                  "id": "P237231.l01c8e",
                  "ref": "P237231.25.9",
                  "inst": "%akk-x-neobab:x=",
                  "f": {
                    "lang": "akk-x-neobab",
                    "form": "x"
                  }
                },
                {
                  "node": "l",
                  "frag": "x",
                  "id": "P237231.l01c8f",
                  "ref": "P237231.25.10",
                  "inst": "%akk-x-neobab:x=",
                  "f": {
                    "lang": "akk-x-neobab",
                    "form": "x"
                  }
                },
                {
                  "node": "l",
                  "frag": "x",
                  "id": "P237231.l01c90",
                  "ref": "P237231.25.11",
                  "inst": "%akk-x-neobab:x=",
                  "f": {
                    "lang": "akk-x-neobab",
                    "form": "x"
                  }
                },
                {
                  "node": "l",
                  "frag": "x",
                  "id": "P237231.l01c91",
                  "ref": "P237231.25.12",
                  "inst": "%akk-x-neobab:x=",
                  "f": {
                    "lang": "akk-x-neobab",
                    "form": "x"
                  }
                },
                {
                  "node": "l",
                  "frag": "x",
                  "id": "P237231.l01c92",
                  "ref": "P237231.25.13",
                  "inst": "%akk-x-neobab:x=",
                  "f": {
                    "lang": "akk-x-neobab",
                    "form": "x"
                  }
                },
                {
                  "node": "l",
                  "frag": "x",
                  "id": "P237231.l01c93",
                  "ref": "P237231.25.14",
                  "inst": "%akk-x-neobab:x=",
                  "f": {
                    "lang": "akk-x-neobab",
                    "form": "x"
                  }
                },
                {
                  "node": "l",
                  "frag": "x",
                  "id": "P237231.l01c94",
                  "ref": "P237231.25.15",
                  "inst": "%akk-x-neobab:x=",
                  "f": {
                    "lang": "akk-x-neobab",
                    "form": "x"
                  }
                },
                {
                  "node": "l",
                  "frag": "x]",
                  "id": "P237231.l01c95",
                  "ref": "P237231.25.16",
                  "inst": "%akk-x-neobab:x=",
                  "f": {
                    "lang": "akk-x-neobab",
                    "form": "x"
                  }
                },
                {
                  "node": "d",
                  "type": "line-start",
                  "ref": "P237231.26",
                  "n": "11'",
                  "label": "r 11'"
                },
                {
                  "node": "l",
                  "frag": "[x",
                  "id": "P237231.l01c96",
                  "ref": "P237231.26.1",
                  "inst": "%akk-x-neobab:x=",
                  "f": {
                    "lang": "akk-x-neobab",
                    "form": "x"
                  }
                },
                {
                  "node": "l",
                  "frag": "ina]",
                  "id": "P237231.l01c97",
                  "ref": "P237231.26.2",
                  "inst": "%akk-x-neobab:ina=",
                  "f": {
                    "lang": "akk-x-neobab",
                    "form": "ina"
                  }
                },
                {
                  "node": "l",
                  "frag": "EDIN",
                  "id": "P237231.l01c98",
                  "ref": "P237231.26.3",
                  "inst": "%akk-x-neobab:EDIN=",
                  "f": {
                    "lang": "akk-x-neobab",
                    "form": "EDIN"
                  }
                },
                {
                  "node": "l",
                  "frag": "U",
                  "id": "P237231.l01c99",
                  "ref": "P237231.26.4",
                  "inst": "%akk-x-neobab:U=",
                  "f": {
                    "lang": "akk-x-neobab",
                    "form": "U"
                  }
                },
                {
                  "node": "l",
                  "frag": "MURUB₄",
                  "id": "P237231.l01c9a",
                  "ref": "P237231.26.5",
                  "inst": "%akk-x-neobab:MURUB₄=",
                  "f": {
                    "lang": "akk-x-neobab",
                    "form": "MURUB₄"
                  }
                },
                {
                  "node": "l",
                  "frag": "{giš}[TUKUL",
                  "id": "P237231.l01c9b",
                  "ref": "P237231.26.6",
                  "inst": "%akk-x-neobab:{GIŠ}TUKUL=",
                  "f": {
                    "lang": "akk-x-neobab",
                    "form": "{GIŠ}TUKUL"
                  }
                },
                {
                  "node": "l",
                  "frag": "x",
                  "id": "P237231.l01c9c",
                  "ref": "P237231.26.7",
                  "inst": "%akk-x-neobab:x=",
                  "f": {
                    "lang": "akk-x-neobab",
                    "form": "x"
                  }
                },
                {
                  "node": "l",
                  "frag": "x",
                  "id": "P237231.l01c9d",
                  "ref": "P237231.26.8",
                  "inst": "%akk-x-neobab:x=",
                  "f": {
                    "lang": "akk-x-neobab",
                    "form": "x"
                  }
                },
                {
                  "node": "l",
                  "frag": "x",
                  "id": "P237231.l01c9e",
                  "ref": "P237231.26.9",
                  "inst": "%akk-x-neobab:x=",
                  "f": {
                    "lang": "akk-x-neobab",
                    "form": "x"
                  }
                },
                {
                  "node": "l",
                  "frag": "x",
                  "id": "P237231.l01c9f",
                  "ref": "P237231.26.10",
                  "inst": "%akk-x-neobab:x=",
                  "f": {
                    "lang": "akk-x-neobab",
                    "form": "x"
                  }
                },
                {
                  "node": "l",
                  "frag": "x",
                  "id": "P237231.l01ca0",
                  "ref": "P237231.26.11",
                  "inst": "%akk-x-neobab:x=",
                  "f": {
                    "lang": "akk-x-neobab",
                    "form": "x"
                  }
                },
                {
                  "node": "l",
                  "frag": "x",
                  "id": "P237231.l01ca1",
                  "ref": "P237231.26.12",
                  "inst": "%akk-x-neobab:x=",
                  "f": {
                    "lang": "akk-x-neobab",
                    "form": "x"
                  }
                },
                {
                  "node": "l",
                  "frag": "x",
                  "id": "P237231.l01ca2",
                  "ref": "P237231.26.13",
                  "inst": "%akk-x-neobab:x=",
                  "f": {
                    "lang": "akk-x-neobab",
                    "form": "x"
                  }
                },
                {
                  "node": "l",
                  "frag": "x",
                  "id": "P237231.l01ca3",
                  "ref": "P237231.26.14",
                  "inst": "%akk-x-neobab:x=",
                  "f": {
                    "lang": "akk-x-neobab",
                    "form": "x"
                  }
                },
                {
                  "node": "l",
                  "frag": "x]",
                  "id": "P237231.l01ca4",
                  "ref": "P237231.26.15",
                  "inst": "%akk-x-neobab:x=",
                  "f": {
                    "lang": "akk-x-neobab",
                    "form": "x"
                  }
                },
                {
                  "node": "d",
                  "type": "line-start",
                  "ref": "P237231.27",
                  "n": "12'",
                  "label": "r 12'"
                },
                {
                  "node": "l",
                  "frag": "[x",
                  "id": "P237231.l01ca5",
                  "ref": "P237231.27.1",
                  "inst": "%akk-x-neobab:x=",
                  "f": {
                    "lang": "akk-x-neobab",
                    "form": "x"
                  }
                },
                {
                  "node": "l",
                  "frag": "x",
                  "id": "P237231.l01ca6",
                  "ref": "P237231.27.2",
                  "inst": "%akk-x-neobab:x=",
                  "f": {
                    "lang": "akk-x-neobab",
                    "form": "x"
                  }
                },
                {
                  "node": "l",
                  "frag": "a]-⸢na⸣",
                  "id": "P237231.l01ca7",
                  "ref": "P237231.27.3",
                  "inst": "%akk-x-neobab:a-na=",
                  "f": {
                    "lang": "akk-x-neobab",
                    "form": "a-na"
                  }
                },
                {
                  "node": "l",
                  "frag": "150",
                  "id": "P237231.l01ca8",
                  "ref": "P237231.27.4",
                  "inst": "%akk-x-neobab:150=",
                  "f": {
                    "lang": "akk-x-neobab",
                    "form": "150"
                  }
                },
                {
                  "node": "l",
                  "frag": "ŠU.[SI",
                  "id": "P237231.l01ca9",
                  "ref": "P237231.27.5",
                  "inst": "%akk-x-neobab:ŠU.SI=",
                  "f": {
                    "lang": "akk-x-neobab",
                    "form": "ŠU.SI"
                  }
                },
                {
                  "node": "l",
                  "frag": "x",
                  "id": "P237231.l01caa",
                  "ref": "P237231.27.6",
                  "inst": "%akk-x-neobab:x=",
                  "f": {
                    "lang": "akk-x-neobab",
                    "form": "x"
                  }
                },
                {
                  "node": "l",
                  "frag": "x",
                  "id": "P237231.l01cab",
                  "ref": "P237231.27.7",
                  "inst": "%akk-x-neobab:x=",
                  "f": {
                    "lang": "akk-x-neobab",
                    "form": "x"
                  }
                },
                {
                  "node": "l",
                  "frag": "x",
                  "id": "P237231.l01cac",
                  "ref": "P237231.27.8",
                  "inst": "%akk-x-neobab:x=",
                  "f": {
                    "lang": "akk-x-neobab",
                    "form": "x"
                  }
                },
                {
                  "node": "l",
                  "frag": "x",
                  "id": "P237231.l01cad",
                  "ref": "P237231.27.9",
                  "inst": "%akk-x-neobab:x=",
                  "f": {
                    "lang": "akk-x-neobab",
                    "form": "x"
                  }
                },
                {
                  "node": "l",
                  "frag": "x",
                  "id": "P237231.l01cae",
                  "ref": "P237231.27.10",
                  "inst": "%akk-x-neobab:x=",
                  "f": {
                    "lang": "akk-x-neobab",
                    "form": "x"
                  }
                },
                {
                  "node": "l",
                  "frag": "x",
                  "id": "P237231.l01caf",
                  "ref": "P237231.27.11",
                  "inst": "%akk-x-neobab:x=",
                  "f": {
                    "lang": "akk-x-neobab",
                    "form": "x"
                  }
                },
                {
                  "node": "l",
                  "frag": "x",
                  "id": "P237231.l01cb0",
                  "ref": "P237231.27.12",
                  "inst": "%akk-x-neobab:x=",
                  "f": {
                    "lang": "akk-x-neobab",
                    "form": "x"
                  }
                },
                {
                  "node": "l",
                  "frag": "x",
                  "id": "P237231.l01cb1",
                  "ref": "P237231.27.13",
                  "inst": "%akk-x-neobab:x=",
                  "f": {
                    "lang": "akk-x-neobab",
                    "form": "x"
                  }
                },
                {
                  "node": "l",
                  "frag": "x]",
                  "id": "P237231.l01cb2",
                  "ref": "P237231.27.14",
                  "inst": "%akk-x-neobab:x=",
                  "f": {
                    "lang": "akk-x-neobab",
                    "form": "x"
                  }
                },
                {
                  "node": "d",
                  "type": "nonx",
                  "ref": "P237231.28",
                  "strict": "0",
                  "extent": "rest",
                  "state": "missing"
                }
              ]
            }
          ]
        }
      ]
    }
  ]
}
