{
  "type": "cdl",
  "source": "http://oracc.org/saao/saa04",
  "license": "This data is released under the CC0 license",
  "license-url": "https://creativecommons.org/publicdomain/zero/1.0/",
  "more-info": "http://oracc.org/doc/opendata/",
  "UTC-timestamp": "2017-06-10T00:39:03",
  "project": "saao/saa04",
  "textid": "P237416",
  "cdl": [
    {
      "node": "c",
      "type": "text",
      "id": "P237416.U0",
      "cdl": [
        {
          "node": "d",
          "type": "object",
          "ref": ""
        },
        {
          "node": "d",
          "subtype": "obverse",
          "type": "obverse",
          "ref": "P237416.o.1",
          "label": "o"
        },
        {
          "node": "d",
          "type": "nonx",
          "ref": "P237416.2",
          "strict": "0",
          "extent": "beginning",
          "state": "missing"
        },
        {
          "node": "c",
          "type": "discourse",
          "subtype": "body",
          "id": "P237416.U1",
          "cdl": [
            {
              "node": "c",
              "type": "sentence",
              "id": "P237416.U2",
              "label": "o 1' - e. 2",
              "cdl": [
                {
                  "node": "d",
                  "type": "line-start",
                  "ref": "P237416.3",
                  "n": "1'",
                  "label": "o 1'"
                },
                {
                  "node": "l",
                  "frag": "⸢TA⸣",
                  "id": "P237416.l000ea",
                  "ref": "P237416.3.1",
                  "inst": "%akk-x-neobab:TA=",
                  "f": {
                    "lang": "akk-x-neobab",
                    "form": "TA"
                  }
                },
                {
                  "node": "l",
                  "frag": "UD",
                  "id": "P237416.l000eb",
                  "ref": "P237416.3.2",
                  "inst": "%akk-x-neobab:UD=",
                  "f": {
                    "lang": "akk-x-neobab",
                    "form": "UD"
                  }
                },
                {
                  "node": "l",
                  "frag": "[NE-i",
                  "id": "P237416.l000ec",
                  "ref": "P237416.3.3",
                  "inst": "%akk-x-neobab:NE-i=",
                  "f": {
                    "lang": "akk-x-neobab",
                    "form": "NE-i"
                  }
                },
                {
                  "node": "l",
                  "frag": "UD-x-KAM₂",
                  "id": "P237416.l000ed",
                  "ref": "P237416.3.4",
                  "inst": "%akk-x-neobab:UD-x-KAM₂=",
                  "f": {
                    "lang": "akk-x-neobab",
                    "form": "UD-x-KAM₂"
                  }
                },
                {
                  "node": "l",
                  "frag": "ša",
                  "id": "P237416.l000ee",
                  "ref": "P237416.3.5",
                  "inst": "%akk-x-neobab:ša=",
                  "f": {
                    "lang": "akk-x-neobab",
                    "form": "ša"
                  }
                },
                {
                  "node": "l",
                  "frag": "ITI",
                  "id": "P237416.l000ef",
                  "ref": "P237416.3.6",
                  "inst": "%akk-x-neobab:ITI=",
                  "f": {
                    "lang": "akk-x-neobab",
                    "form": "ITI"
                  }
                },
                {
                  "node": "l",
                  "frag": "NE-i",
                  "id": "P237416.l000f0",
                  "ref": "P237416.3.7",
                  "inst": "%akk-x-neobab:NE-i=",
                  "f": {
                    "lang": "akk-x-neobab",
                    "form": "NE-i"
                  }
                },
                {
                  "node": "l",
                  "frag": "{iti}x",
                  "id": "P237416.l000f1",
                  "ref": "P237416.3.8",
                  "inst": "%akk-x-neobab:{ITI}x=",
                  "f": {
                    "lang": "akk-x-neobab",
                    "form": "{ITI}x"
                  }
                },
                {
                  "node": "l",
                  "frag": "EN",
                  "id": "P237416.l000f2",
                  "ref": "P237416.3.9",
                  "inst": "%akk-x-neobab:EN=",
                  "f": {
                    "lang": "akk-x-neobab",
                    "form": "EN"
                  }
                },
                {
                  "node": "l",
                  "frag": "UD-x-KAM₂",
                  "id": "P237416.l000f3",
                  "ref": "P237416.3.10",
                  "inst": "%akk-x-neobab:UD-x-KAM₂=",
                  "f": {
                    "lang": "akk-x-neobab",
                    "form": "UD-x-KAM₂"
                  }
                },
                {
                  "node": "l",
                  "frag": "ša₂",
                  "id": "P237416.l000f4",
                  "ref": "P237416.3.11",
                  "inst": "%akk-x-neobab:ša₂=",
                  "f": {
                    "lang": "akk-x-neobab",
                    "form": "ša₂"
                  }
                },
                {
                  "node": "l",
                  "frag": "ITI",
                  "id": "P237416.l000f5",
                  "ref": "P237416.3.12",
                  "inst": "%akk-x-neobab:ITI=",
                  "f": {
                    "lang": "akk-x-neobab",
                    "form": "ITI"
                  }
                },
                {
                  "node": "l",
                  "frag": "TU-ba",
                  "id": "P237416.l000f6",
                  "ref": "P237416.3.13",
                  "inst": "%akk-x-neobab:TU-ba=",
                  "f": {
                    "lang": "akk-x-neobab",
                    "form": "TU-ba"
                  }
                },
                {
                  "node": "l",
                  "frag": "{iti}x",
                  "id": "P237416.l000f7",
                  "ref": "P237416.3.14",
                  "inst": "%akk-x-neobab:{ITI}x=",
                  "f": {
                    "lang": "akk-x-neobab",
                    "form": "{ITI}x"
                  }
                },
                {
                  "node": "l",
                  "frag": "ša₂",
                  "id": "P237416.l000f8",
                  "ref": "P237416.3.15",
                  "inst": "%akk-x-neobab:ša₂=",
                  "f": {
                    "lang": "akk-x-neobab",
                    "form": "ša₂"
                  }
                },
                {
                  "node": "l",
                  "frag": "MU",
                  "id": "P237416.l000f9",
                  "ref": "P237416.3.16",
                  "inst": "%akk-x-neobab:MU=",
                  "f": {
                    "lang": "akk-x-neobab",
                    "form": "MU"
                  }
                },
                {
                  "node": "l",
                  "frag": "NE-ti]",
                  "id": "P237416.l000fa",
                  "ref": "P237416.3.17",
                  "inst": "%akk-x-neobab:NE-ti=",
                  "f": {
                    "lang": "akk-x-neobab",
                    "form": "NE-ti"
                  }
                },
                {
                  "node": "d",
                  "type": "line-start",
                  "ref": "P237416.4",
                  "n": "2'",
                  "label": "o 2'"
                },
                {
                  "node": "l",
                  "frag": "a-na",
                  "id": "P237416.l000fb",
                  "ref": "P237416.4.1",
                  "inst": "%akk-x-neobab:a-na=",
                  "f": {
                    "lang": "akk-x-neobab",
                    "form": "a-na"
                  }
                },
                {
                  "node": "l",
                  "frag": "[x",
                  "id": "P237416.l000fc",
                  "ref": "P237416.4.2",
                  "inst": "%akk-x-neobab:x=",
                  "f": {
                    "lang": "akk-x-neobab",
                    "form": "x"
                  }
                },
                {
                  "node": "l",
                  "frag": "UD-MEŠ",
                  "id": "P237416.l000fd",
                  "ref": "P237416.4.3",
                  "inst": "%akk-x-neobab:UD-MEŠ=",
                  "f": {
                    "lang": "akk-x-neobab",
                    "form": "UD-MEŠ"
                  }
                },
                {
                  "node": "l",
                  "frag": "x",
                  "id": "P237416.l000fe",
                  "ref": "P237416.4.4",
                  "inst": "%akk-x-neobab:x=",
                  "f": {
                    "lang": "akk-x-neobab",
                    "form": "x"
                  }
                },
                {
                  "node": "l",
                  "frag": "MI-MEŠ",
                  "id": "P237416.l000ff",
                  "ref": "P237416.4.5",
                  "inst": "%akk-x-neobab:MI-MEŠ=",
                  "f": {
                    "lang": "akk-x-neobab",
                    "form": "MI-MEŠ"
                  }
                },
                {
                  "node": "l",
                  "frag": "NE-MEŠ",
                  "id": "P237416.l00100",
                  "ref": "P237416.4.6",
                  "inst": "%akk-x-neobab:NE-MEŠ=",
                  "f": {
                    "lang": "akk-x-neobab",
                    "form": "NE-MEŠ"
                  }
                },
                {
                  "node": "l",
                  "frag": "ši-kin",
                  "id": "P237416.l00101",
                  "ref": "P237416.4.7",
                  "inst": "%akk-x-neobab:ši-kin=",
                  "f": {
                    "lang": "akk-x-neobab",
                    "form": "ši-kin"
                  }
                },
                {
                  "node": "l",
                  "frag": "RI",
                  "id": "P237416.l00102",
                  "ref": "P237416.4.8",
                  "inst": "%akk-x-neobab:RI=",
                  "f": {
                    "lang": "akk-x-neobab",
                    "form": "RI"
                  }
                },
                {
                  "node": "l",
                  "frag": "DU₃-eš-ti",
                  "id": "P237416.l00103",
                  "ref": "P237416.4.9",
                  "inst": "%akk-x-neobab:DU₃-eš-ti=",
                  "f": {
                    "lang": "akk-x-neobab",
                    "form": "DU₃-eš-ti"
                  }
                },
                {
                  "node": "l",
                  "frag": "{lu₂}HAL-ti",
                  "id": "P237416.l00104",
                  "ref": "P237416.4.10",
                  "inst": "%akk-x-neobab:{LU₂}HAL-ti=",
                  "f": {
                    "lang": "akk-x-neobab",
                    "form": "{LU₂}HAL-ti"
                  }
                },
                {
                  "node": "l",
                  "frag": "i-na",
                  "id": "P237416.l00105",
                  "ref": "P237416.4.11",
                  "inst": "%akk-x-neobab:i-na=",
                  "f": {
                    "lang": "akk-x-neobab",
                    "form": "i-na"
                  }
                },
                {
                  "node": "l",
                  "frag": "ši-kin",
                  "id": "P237416.l00106",
                  "ref": "P237416.4.12",
                  "inst": "%akk-x-neobab:ši-kin=",
                  "f": {
                    "lang": "akk-x-neobab",
                    "form": "ši-kin"
                  }
                },
                {
                  "node": "l",
                  "frag": "RI",
                  "id": "P237416.l00107",
                  "ref": "P237416.4.13",
                  "inst": "%akk-x-neobab:RI=",
                  "f": {
                    "lang": "akk-x-neobab",
                    "form": "RI"
                  }
                },
                {
                  "node": "l",
                  "frag": "UR₅-tu₂]",
                  "id": "P237416.l00108",
                  "ref": "P237416.4.14",
                  "inst": "%akk-x-neobab:UR₅-tu₂=",
                  "f": {
                    "lang": "akk-x-neobab",
                    "form": "UR₅-tu₂"
                  }
                },
                {
                  "node": "d",
                  "type": "line-start",
                  "ref": "P237416.5",
                  "n": "3'",
                  "label": "o 3'"
                },
                {
                  "node": "l",
                  "frag": "lu-u₂",
                  "id": "P237416.l00109",
                  "ref": "P237416.5.1",
                  "inst": "%akk-x-neobab:lu-u₂=",
                  "f": {
                    "lang": "akk-x-neobab",
                    "form": "lu-u₂"
                  }
                },
                {
                  "node": "l",
                  "frag": "⸢x⸣+[x",
                  "id": "P237416.l0010a",
                  "ref": "P237416.5.2",
                  "inst": "%akk-x-neobab:x+x=",
                  "f": {
                    "lang": "akk-x-neobab",
                    "form": "x+x"
                  }
                },
                {
                  "node": "l",
                  "frag": "x",
                  "id": "P237416.l0010b",
                  "ref": "P237416.5.3",
                  "inst": "%akk-x-neobab:x=",
                  "f": {
                    "lang": "akk-x-neobab",
                    "form": "x"
                  }
                },
                {
                  "node": "l",
                  "frag": "x",
                  "id": "P237416.l0010c",
                  "ref": "P237416.5.4",
                  "inst": "%akk-x-neobab:x=",
                  "f": {
                    "lang": "akk-x-neobab",
                    "form": "x"
                  }
                },
                {
                  "node": "l",
                  "frag": "x",
                  "id": "P237416.l0010d",
                  "ref": "P237416.5.5",
                  "inst": "%akk-x-neobab:x=",
                  "f": {
                    "lang": "akk-x-neobab",
                    "form": "x"
                  }
                },
                {
                  "node": "l",
                  "frag": "x",
                  "id": "P237416.l0010e",
                  "ref": "P237416.5.6",
                  "inst": "%akk-x-neobab:x=",
                  "f": {
                    "lang": "akk-x-neobab",
                    "form": "x"
                  }
                },
                {
                  "node": "l",
                  "frag": "x",
                  "id": "P237416.l0010f",
                  "ref": "P237416.5.7",
                  "inst": "%akk-x-neobab:x=",
                  "f": {
                    "lang": "akk-x-neobab",
                    "form": "x"
                  }
                },
                {
                  "node": "l",
                  "frag": "x",
                  "id": "P237416.l00110",
                  "ref": "P237416.5.8",
                  "inst": "%akk-x-neobab:x=",
                  "f": {
                    "lang": "akk-x-neobab",
                    "form": "x"
                  }
                },
                {
                  "node": "l",
                  "frag": "x",
                  "id": "P237416.l00111",
                  "ref": "P237416.5.9",
                  "inst": "%akk-x-neobab:x=",
                  "f": {
                    "lang": "akk-x-neobab",
                    "form": "x"
                  }
                },
                {
                  "node": "l",
                  "frag": "x",
                  "id": "P237416.l00112",
                  "ref": "P237416.5.10",
                  "inst": "%akk-x-neobab:x=",
                  "f": {
                    "lang": "akk-x-neobab",
                    "form": "x"
                  }
                },
                {
                  "node": "l",
                  "frag": "x",
                  "id": "P237416.l00113",
                  "ref": "P237416.5.11",
                  "inst": "%akk-x-neobab:x=",
                  "f": {
                    "lang": "akk-x-neobab",
                    "form": "x"
                  }
                },
                {
                  "node": "l",
                  "frag": "x",
                  "id": "P237416.l00114",
                  "ref": "P237416.5.12",
                  "inst": "%akk-x-neobab:x=",
                  "f": {
                    "lang": "akk-x-neobab",
                    "form": "x"
                  }
                },
                {
                  "node": "l",
                  "frag": "x",
                  "id": "P237416.l00115",
                  "ref": "P237416.5.13",
                  "inst": "%akk-x-neobab:x=",
                  "f": {
                    "lang": "akk-x-neobab",
                    "form": "x"
                  }
                },
                {
                  "node": "l",
                  "frag": "x",
                  "id": "P237416.l00116",
                  "ref": "P237416.5.14",
                  "inst": "%akk-x-neobab:x=",
                  "f": {
                    "lang": "akk-x-neobab",
                    "form": "x"
                  }
                },
                {
                  "node": "l",
                  "frag": "x",
                  "id": "P237416.l00117",
                  "ref": "P237416.5.15",
                  "inst": "%akk-x-neobab:x=",
                  "f": {
                    "lang": "akk-x-neobab",
                    "form": "x"
                  }
                },
                {
                  "node": "l",
                  "frag": "x",
                  "id": "P237416.l00118",
                  "ref": "P237416.5.16",
                  "inst": "%akk-x-neobab:x=",
                  "f": {
                    "lang": "akk-x-neobab",
                    "form": "x"
                  }
                },
                {
                  "node": "l",
                  "frag": "x]",
                  "id": "P237416.l00119",
                  "ref": "P237416.5.17",
                  "inst": "%akk-x-neobab:x=",
                  "f": {
                    "lang": "akk-x-neobab",
                    "form": "x"
                  }
                },
                {
                  "node": "d",
                  "type": "line-start",
                  "ref": "P237416.6",
                  "n": "4'",
                  "label": "o 4'"
                },
                {
                  "node": "l",
                  "frag": "⸢lu⸣-u₂",
                  "id": "P237416.l0011a",
                  "ref": "P237416.6.1",
                  "inst": "%akk-x-neobab:lu-u₂=",
                  "f": {
                    "lang": "akk-x-neobab",
                    "form": "lu-u₂"
                  }
                },
                {
                  "node": "l",
                  "frag": "{1}mu-[gal-lu",
                  "id": "P237416.l0011b",
                  "ref": "P237416.6.2",
                  "inst": "%akk-x-neobab:{1}mu-gal-lu=",
                  "f": {
                    "lang": "akk-x-neobab",
                    "form": "{1}mu-gal-lu"
                  }
                },
                {
                  "node": "l",
                  "frag": "x",
                  "id": "P237416.l0011c",
                  "ref": "P237416.6.3",
                  "inst": "%akk-x-neobab:x=",
                  "f": {
                    "lang": "akk-x-neobab",
                    "form": "x"
                  }
                },
                {
                  "node": "l",
                  "frag": "x",
                  "id": "P237416.l0011d",
                  "ref": "P237416.6.4",
                  "inst": "%akk-x-neobab:x=",
                  "f": {
                    "lang": "akk-x-neobab",
                    "form": "x"
                  }
                },
                {
                  "node": "l",
                  "frag": "x",
                  "id": "P237416.l0011e",
                  "ref": "P237416.6.5",
                  "inst": "%akk-x-neobab:x=",
                  "f": {
                    "lang": "akk-x-neobab",
                    "form": "x"
                  }
                },
                {
                  "node": "l",
                  "frag": "x",
                  "id": "P237416.l0011f",
                  "ref": "P237416.6.6",
                  "inst": "%akk-x-neobab:x=",
                  "f": {
                    "lang": "akk-x-neobab",
                    "form": "x"
                  }
                },
                {
                  "node": "l",
                  "frag": "x",
                  "id": "P237416.l00120",
                  "ref": "P237416.6.7",
                  "inst": "%akk-x-neobab:x=",
                  "f": {
                    "lang": "akk-x-neobab",
                    "form": "x"
                  }
                },
                {
                  "node": "l",
                  "frag": "x",
                  "id": "P237416.l00121",
                  "ref": "P237416.6.8",
                  "inst": "%akk-x-neobab:x=",
                  "f": {
                    "lang": "akk-x-neobab",
                    "form": "x"
                  }
                },
                {
                  "node": "l",
                  "frag": "x",
                  "id": "P237416.l00122",
                  "ref": "P237416.6.9",
                  "inst": "%akk-x-neobab:x=",
                  "f": {
                    "lang": "akk-x-neobab",
                    "form": "x"
                  }
                },
                {
                  "node": "l",
                  "frag": "x",
                  "id": "P237416.l00123",
                  "ref": "P237416.6.10",
                  "inst": "%akk-x-neobab:x=",
                  "f": {
                    "lang": "akk-x-neobab",
                    "form": "x"
                  }
                },
                {
                  "node": "l",
                  "frag": "x",
                  "id": "P237416.l00124",
                  "ref": "P237416.6.11",
                  "inst": "%akk-x-neobab:x=",
                  "f": {
                    "lang": "akk-x-neobab",
                    "form": "x"
                  }
                },
                {
                  "node": "l",
                  "frag": "x",
                  "id": "P237416.l00125",
                  "ref": "P237416.6.12",
                  "inst": "%akk-x-neobab:x=",
                  "f": {
                    "lang": "akk-x-neobab",
                    "form": "x"
                  }
                },
                {
                  "node": "l",
                  "frag": "x",
                  "id": "P237416.l00126",
                  "ref": "P237416.6.13",
                  "inst": "%akk-x-neobab:x=",
                  "f": {
                    "lang": "akk-x-neobab",
                    "form": "x"
                  }
                },
                {
                  "node": "l",
                  "frag": "x",
                  "id": "P237416.l00127",
                  "ref": "P237416.6.14",
                  "inst": "%akk-x-neobab:x=",
                  "f": {
                    "lang": "akk-x-neobab",
                    "form": "x"
                  }
                },
                {
                  "node": "l",
                  "frag": "x]",
                  "id": "P237416.l00128",
                  "ref": "P237416.6.15",
                  "inst": "%akk-x-neobab:x=",
                  "f": {
                    "lang": "akk-x-neobab",
                    "form": "x"
                  }
                },
                {
                  "node": "d",
                  "type": "nonx",
                  "ref": "P237416.7",
                  "strict": "0",
                  "extent": "rest",
                  "state": "missing"
                },
                {
                  "node": "d",
                  "subtype": "reverse",
                  "type": "reverse",
                  "ref": "P237416.r.8",
                  "label": "r"
                },
                {
                  "node": "d",
                  "type": "nonx",
                  "ref": "P237416.9",
                  "strict": "0",
                  "extent": "beginning",
                  "state": "missing"
                },
                {
                  "node": "d",
                  "type": "line-start",
                  "ref": "P237416.10",
                  "n": "1'",
                  "label": "r 1'"
                },
                {
                  "node": "l",
                  "frag": "URU",
                  "id": "P237416.l00129",
                  "ref": "P237416.10.1",
                  "inst": "%akk-x-neobab:URU=",
                  "f": {
                    "lang": "akk-x-neobab",
                    "form": "URU"
                  }
                },
                {
                  "node": "l",
                  "frag": "⸢UR₅-tu₂⸣",
                  "id": "P237416.l0012a",
                  "ref": "P237416.10.2",
                  "inst": "%akk-x-neobab:UR₅-tu₂=",
                  "f": {
                    "lang": "akk-x-neobab",
                    "form": "UR₅-tu₂"
                  }
                },
                {
                  "node": "l",
                  "frag": "[x",
                  "id": "P237416.l0012b",
                  "ref": "P237416.10.3",
                  "inst": "%akk-x-neobab:x=",
                  "f": {
                    "lang": "akk-x-neobab",
                    "form": "x"
                  }
                },
                {
                  "node": "l",
                  "frag": "x",
                  "id": "P237416.l0012c",
                  "ref": "P237416.10.4",
                  "inst": "%akk-x-neobab:x=",
                  "f": {
                    "lang": "akk-x-neobab",
                    "form": "x"
                  }
                },
                {
                  "node": "l",
                  "frag": "x",
                  "id": "P237416.l0012d",
                  "ref": "P237416.10.5",
                  "inst": "%akk-x-neobab:x=",
                  "f": {
                    "lang": "akk-x-neobab",
                    "form": "x"
                  }
                },
                {
                  "node": "l",
                  "frag": "x",
                  "id": "P237416.l0012e",
                  "ref": "P237416.10.6",
                  "inst": "%akk-x-neobab:x=",
                  "f": {
                    "lang": "akk-x-neobab",
                    "form": "x"
                  }
                },
                {
                  "node": "l",
                  "frag": "x",
                  "id": "P237416.l0012f",
                  "ref": "P237416.10.7",
                  "inst": "%akk-x-neobab:x=",
                  "f": {
                    "lang": "akk-x-neobab",
                    "form": "x"
                  }
                },
                {
                  "node": "l",
                  "frag": "x",
                  "id": "P237416.l00130",
                  "ref": "P237416.10.8",
                  "inst": "%akk-x-neobab:x=",
                  "f": {
                    "lang": "akk-x-neobab",
                    "form": "x"
                  }
                },
                {
                  "node": "l",
                  "frag": "x",
                  "id": "P237416.l00131",
                  "ref": "P237416.10.9",
                  "inst": "%akk-x-neobab:x=",
                  "f": {
                    "lang": "akk-x-neobab",
                    "form": "x"
                  }
                },
                {
                  "node": "l",
                  "frag": "x",
                  "id": "P237416.l00132",
                  "ref": "P237416.10.10",
                  "inst": "%akk-x-neobab:x=",
                  "f": {
                    "lang": "akk-x-neobab",
                    "form": "x"
                  }
                },
                {
                  "node": "l",
                  "frag": "x",
                  "id": "P237416.l00133",
                  "ref": "P237416.10.11",
                  "inst": "%akk-x-neobab:x=",
                  "f": {
                    "lang": "akk-x-neobab",
                    "form": "x"
                  }
                },
                {
                  "node": "l",
                  "frag": "x",
                  "id": "P237416.l00134",
                  "ref": "P237416.10.12",
                  "inst": "%akk-x-neobab:x=",
                  "f": {
                    "lang": "akk-x-neobab",
                    "form": "x"
                  }
                },
                {
                  "node": "l",
                  "frag": "x",
                  "id": "P237416.l00135",
                  "ref": "P237416.10.13",
                  "inst": "%akk-x-neobab:x=",
                  "f": {
                    "lang": "akk-x-neobab",
                    "form": "x"
                  }
                },
                {
                  "node": "l",
                  "frag": "x",
                  "id": "P237416.l00136",
                  "ref": "P237416.10.14",
                  "inst": "%akk-x-neobab:x=",
                  "f": {
                    "lang": "akk-x-neobab",
                    "form": "x"
                  }
                },
                {
                  "node": "l",
                  "frag": "x",
                  "id": "P237416.l00137",
                  "ref": "P237416.10.15",
                  "inst": "%akk-x-neobab:x=",
                  "f": {
                    "lang": "akk-x-neobab",
                    "form": "x"
                  }
                },
                {
                  "node": "l",
                  "frag": "x",
                  "id": "P237416.l00138",
                  "ref": "P237416.10.16",
                  "inst": "%akk-x-neobab:x=",
                  "f": {
                    "lang": "akk-x-neobab",
                    "form": "x"
                  }
                },
                {
                  "node": "l",
                  "frag": "x",
                  "id": "P237416.l00139",
                  "ref": "P237416.10.17",
                  "inst": "%akk-x-neobab:x=",
                  "f": {
                    "lang": "akk-x-neobab",
                    "form": "x"
                  }
                },
                {
                  "node": "l",
                  "frag": "x]",
                  "id": "P237416.l0013a",
                  "ref": "P237416.10.18",
                  "inst": "%akk-x-neobab:x=",
                  "f": {
                    "lang": "akk-x-neobab",
                    "form": "x"
                  }
                },
                {
                  "node": "d",
                  "type": "line-start",
                  "ref": "P237416.11",
                  "n": "2'",
                  "label": "r 2'"
                },
                {
                  "node": "l",
                  "frag": "i-⸢na⸣",
                  "id": "P237416.l0013b",
                  "ref": "P237416.11.1",
                  "inst": "%akk-x-neobab:i-na=",
                  "f": {
                    "lang": "akk-x-neobab",
                    "form": "i-na"
                  }
                },
                {
                  "node": "l",
                  "frag": "[x",
                  "id": "P237416.l0013c",
                  "ref": "P237416.11.2",
                  "inst": "%akk-x-neobab:x=",
                  "f": {
                    "lang": "akk-x-neobab",
                    "form": "x"
                  }
                },
                {
                  "node": "l",
                  "frag": "x",
                  "id": "P237416.l0013d",
                  "ref": "P237416.11.3",
                  "inst": "%akk-x-neobab:x=",
                  "f": {
                    "lang": "akk-x-neobab",
                    "form": "x"
                  }
                },
                {
                  "node": "l",
                  "frag": "x",
                  "id": "P237416.l0013e",
                  "ref": "P237416.11.4",
                  "inst": "%akk-x-neobab:x=",
                  "f": {
                    "lang": "akk-x-neobab",
                    "form": "x"
                  }
                },
                {
                  "node": "l",
                  "frag": "x",
                  "id": "P237416.l0013f",
                  "ref": "P237416.11.5",
                  "inst": "%akk-x-neobab:x=",
                  "f": {
                    "lang": "akk-x-neobab",
                    "form": "x"
                  }
                },
                {
                  "node": "l",
                  "frag": "x",
                  "id": "P237416.l00140",
                  "ref": "P237416.11.6",
                  "inst": "%akk-x-neobab:x=",
                  "f": {
                    "lang": "akk-x-neobab",
                    "form": "x"
                  }
                },
                {
                  "node": "l",
                  "frag": "x",
                  "id": "P237416.l00141",
                  "ref": "P237416.11.7",
                  "inst": "%akk-x-neobab:x=",
                  "f": {
                    "lang": "akk-x-neobab",
                    "form": "x"
                  }
                },
                {
                  "node": "l",
                  "frag": "x",
                  "id": "P237416.l00142",
                  "ref": "P237416.11.8",
                  "inst": "%akk-x-neobab:x=",
                  "f": {
                    "lang": "akk-x-neobab",
                    "form": "x"
                  }
                },
                {
                  "node": "l",
                  "frag": "x",
                  "id": "P237416.l00143",
                  "ref": "P237416.11.9",
                  "inst": "%akk-x-neobab:x=",
                  "f": {
                    "lang": "akk-x-neobab",
                    "form": "x"
                  }
                },
                {
                  "node": "l",
                  "frag": "x",
                  "id": "P237416.l00144",
                  "ref": "P237416.11.10",
                  "inst": "%akk-x-neobab:x=",
                  "f": {
                    "lang": "akk-x-neobab",
                    "form": "x"
                  }
                },
                {
                  "node": "l",
                  "frag": "x",
                  "id": "P237416.l00145",
                  "ref": "P237416.11.11",
                  "inst": "%akk-x-neobab:x=",
                  "f": {
                    "lang": "akk-x-neobab",
                    "form": "x"
                  }
                },
                {
                  "node": "l",
                  "frag": "x",
                  "id": "P237416.l00146",
                  "ref": "P237416.11.12",
                  "inst": "%akk-x-neobab:x=",
                  "f": {
                    "lang": "akk-x-neobab",
                    "form": "x"
                  }
                },
                {
                  "node": "l",
                  "frag": "x",
                  "id": "P237416.l00147",
                  "ref": "P237416.11.13",
                  "inst": "%akk-x-neobab:x=",
                  "f": {
                    "lang": "akk-x-neobab",
                    "form": "x"
                  }
                },
                {
                  "node": "l",
                  "frag": "x",
                  "id": "P237416.l00148",
                  "ref": "P237416.11.14",
                  "inst": "%akk-x-neobab:x=",
                  "f": {
                    "lang": "akk-x-neobab",
                    "form": "x"
                  }
                },
                {
                  "node": "l",
                  "frag": "x",
                  "id": "P237416.l00149",
                  "ref": "P237416.11.15",
                  "inst": "%akk-x-neobab:x=",
                  "f": {
                    "lang": "akk-x-neobab",
                    "form": "x"
                  }
                },
                {
                  "node": "l",
                  "frag": "x",
                  "id": "P237416.l0014a",
                  "ref": "P237416.11.16",
                  "inst": "%akk-x-neobab:x=",
                  "f": {
                    "lang": "akk-x-neobab",
                    "form": "x"
                  }
                },
                {
                  "node": "l",
                  "frag": "x",
                  "id": "P237416.l0014b",
                  "ref": "P237416.11.17",
                  "inst": "%akk-x-neobab:x=",
                  "f": {
                    "lang": "akk-x-neobab",
                    "form": "x"
                  }
                },
                {
                  "node": "l",
                  "frag": "x]",
                  "id": "P237416.l0014c",
                  "ref": "P237416.11.18",
                  "inst": "%akk-x-neobab:x=",
                  "f": {
                    "lang": "akk-x-neobab",
                    "form": "x"
                  }
                },
                {
                  "node": "d",
                  "type": "nonx",
                  "ref": "P237416.12",
                  "strict": "0",
                  "extent": "rest",
                  "state": "missing"
                },
                {
                  "node": "d",
                  "subtype": "edge",
                  "type": "edge",
                  "ref": "P237416.e..13",
                  "label": "e."
                },
                {
                  "node": "d",
                  "type": "line-start",
                  "ref": "P237416.14",
                  "n": "1",
                  "label": "e. 1"
                },
                {
                  "node": "l",
                  "frag": "[x",
                  "id": "P237416.l0014d",
                  "ref": "P237416.14.1",
                  "inst": "%akk-x-neobab:x=",
                  "f": {
                    "lang": "akk-x-neobab",
                    "form": "x"
                  }
                },
                {
                  "node": "l",
                  "frag": "x",
                  "id": "P237416.l0014e",
                  "ref": "P237416.14.2",
                  "inst": "%akk-x-neobab:x=",
                  "f": {
                    "lang": "akk-x-neobab",
                    "form": "x"
                  }
                },
                {
                  "node": "l",
                  "frag": "x",
                  "id": "P237416.l0014f",
                  "ref": "P237416.14.3",
                  "inst": "%akk-x-neobab:x=",
                  "f": {
                    "lang": "akk-x-neobab",
                    "form": "x"
                  }
                },
                {
                  "node": "l",
                  "frag": "x",
                  "id": "P237416.l00150",
                  "ref": "P237416.14.4",
                  "inst": "%akk-x-neobab:x=",
                  "f": {
                    "lang": "akk-x-neobab",
                    "form": "x"
                  }
                },
                {
                  "node": "l",
                  "frag": "x",
                  "id": "P237416.l00151",
                  "ref": "P237416.14.5",
                  "inst": "%akk-x-neobab:x=",
                  "f": {
                    "lang": "akk-x-neobab",
                    "form": "x"
                  }
                },
                {
                  "node": "l",
                  "frag": "x",
                  "id": "P237416.l00152",
                  "ref": "P237416.14.6",
                  "inst": "%akk-x-neobab:x=",
                  "f": {
                    "lang": "akk-x-neobab",
                    "form": "x"
                  }
                },
                {
                  "node": "l",
                  "frag": "x",
                  "id": "P237416.l00153",
                  "ref": "P237416.14.7",
                  "inst": "%akk-x-neobab:x=",
                  "f": {
                    "lang": "akk-x-neobab",
                    "form": "x"
                  }
                },
                {
                  "node": "l",
                  "frag": "x",
                  "id": "P237416.l00154",
                  "ref": "P237416.14.8",
                  "inst": "%akk-x-neobab:x=",
                  "f": {
                    "lang": "akk-x-neobab",
                    "form": "x"
                  }
                },
                {
                  "node": "l",
                  "frag": "x",
                  "id": "P237416.l00155",
                  "ref": "P237416.14.9",
                  "inst": "%akk-x-neobab:x=",
                  "f": {
                    "lang": "akk-x-neobab",
                    "form": "x"
                  }
                },
                {
                  "node": "l",
                  "frag": "x]-tum",
                  "id": "P237416.l00156",
                  "ref": "P237416.14.10",
                  "inst": "%akk-x-neobab:x-tum=",
                  "f": {
                    "lang": "akk-x-neobab",
                    "form": "x-tum"
                  }
                },
                {
                  "node": "d",
                  "type": "line-start",
                  "ref": "P237416.15",
                  "n": "2",
                  "label": "e. 2"
                },
                {
                  "node": "l",
                  "frag": "[x",
                  "id": "P237416.l00157",
                  "ref": "P237416.15.1",
                  "inst": "%akk-x-neobab:x=",
                  "f": {
                    "lang": "akk-x-neobab",
                    "form": "x"
                  }
                },
                {
                  "node": "l",
                  "frag": "x",
                  "id": "P237416.l00158",
                  "ref": "P237416.15.2",
                  "inst": "%akk-x-neobab:x=",
                  "f": {
                    "lang": "akk-x-neobab",
                    "form": "x"
                  }
                },
                {
                  "node": "l",
                  "frag": "x",
                  "id": "P237416.l00159",
                  "ref": "P237416.15.3",
                  "inst": "%akk-x-neobab:x=",
                  "f": {
                    "lang": "akk-x-neobab",
                    "form": "x"
                  }
                },
                {
                  "node": "l",
                  "frag": "x",
                  "id": "P237416.l0015a",
                  "ref": "P237416.15.4",
                  "inst": "%akk-x-neobab:x=",
                  "f": {
                    "lang": "akk-x-neobab",
                    "form": "x"
                  }
                },
                {
                  "node": "l",
                  "frag": "x",
                  "id": "P237416.l0015b",
                  "ref": "P237416.15.5",
                  "inst": "%akk-x-neobab:x=",
                  "f": {
                    "lang": "akk-x-neobab",
                    "form": "x"
                  }
                },
                {
                  "node": "l",
                  "frag": "x",
                  "id": "P237416.l0015c",
                  "ref": "P237416.15.6",
                  "inst": "%akk-x-neobab:x=",
                  "f": {
                    "lang": "akk-x-neobab",
                    "form": "x"
                  }
                },
                {
                  "node": "l",
                  "frag": "x",
                  "id": "P237416.l0015d",
                  "ref": "P237416.15.7",
                  "inst": "%akk-x-neobab:x=",
                  "f": {
                    "lang": "akk-x-neobab",
                    "form": "x"
                  }
                },
                {
                  "node": "l",
                  "frag": "{1}{d}AMAR.UTU]-⸢MU⸣-u₂-ṣur",
                  "id": "P237416.l0015e",
                  "ref": "P237416.15.8",
                  "inst": "%akk-x-neobab:{1}{d}AMAR.UTU-MU-u₂-ṣur=",
                  "f": {
                    "lang": "akk-x-neobab",
                    "form": "{1}{d}AMAR.UTU-MU-u₂-ṣur"
                  }
                }
              ]
            }
          ]
        }
      ]
    }
  ]
}
