{
  "type": "cdl",
  "source": "http://oracc.org/saao/saa04",
  "license": "This data is released under the CC0 license",
  "license-url": "https://creativecommons.org/publicdomain/zero/1.0/",
  "more-info": "http://oracc.org/doc/opendata/",
  "UTC-timestamp": "2017-06-10T00:38:54",
  "project": "saao/saa04",
  "textid": "P237443",
  "cdl": [
    {
      "node": "c",
      "type": "text",
      "id": "P237443.U0",
      "cdl": [
        {
          "node": "d",
          "type": "object",
          "ref": ""
        },
        {
          "node": "d",
          "subtype": "obverse",
          "type": "obverse",
          "ref": "P237443.o.1",
          "label": "o"
        },
        {
          "node": "d",
          "type": "nonx",
          "ref": "P237443.2",
          "strict": "0",
          "extent": "beginning",
          "scope": "line",
          "state": "traces"
        },
        {
          "node": "c",
          "type": "discourse",
          "subtype": "body",
          "id": "P237443.U1",
          "cdl": [
            {
              "node": "c",
              "type": "sentence",
              "id": "P237443.U2",
              "label": "o 1' - r 3",
              "cdl": [
                {
                  "node": "d",
                  "type": "line-start",
                  "ref": "P237443.3",
                  "n": "1'",
                  "label": "o 1'"
                },
                {
                  "node": "l",
                  "frag": "[e-zib",
                  "id": "P237443.l08c9b",
                  "ref": "P237443.3.1",
                  "inst": "%akk-x-neobab:e-zib=",
                  "f": {
                    "lang": "akk-x-neobab",
                    "form": "e-zib"
                  }
                },
                {
                  "node": "l",
                  "frag": "ša₂",
                  "id": "P237443.l08c9c",
                  "ref": "P237443.3.2",
                  "inst": "%akk-x-neobab:ša₂=",
                  "f": {
                    "lang": "akk-x-neobab",
                    "form": "ša₂"
                  }
                },
                {
                  "node": "l",
                  "frag": "KI",
                  "id": "P237443.l08c9d",
                  "ref": "P237443.3.3",
                  "inst": "%akk-x-neobab:KI=",
                  "f": {
                    "lang": "akk-x-neobab",
                    "form": "KI"
                  }
                },
                {
                  "node": "l",
                  "frag": "MAŠ₂",
                  "id": "P237443.l08c9e",
                  "ref": "P237443.3.4",
                  "inst": "%akk-x-neobab:MAŠ₂=",
                  "f": {
                    "lang": "akk-x-neobab",
                    "form": "MAŠ₂"
                  }
                },
                {
                  "node": "l",
                  "frag": "lu-ʾu-u₂]",
                  "id": "P237443.l08c9f",
                  "ref": "P237443.3.5",
                  "inst": "%akk-x-neobab:lu-ʾu-u₂=",
                  "f": {
                    "lang": "akk-x-neobab",
                    "form": "lu-ʾu-u₂"
                  }
                },
                {
                  "node": "l",
                  "frag": "lu-ʾi-⸢i⸣-[ti",
                  "id": "P237443.l08ca0",
                  "ref": "P237443.3.6",
                  "inst": "%akk-x-neobab:lu-ʾi-i-ti=",
                  "f": {
                    "lang": "akk-x-neobab",
                    "form": "lu-ʾi-i-ti"
                  }
                },
                {
                  "node": "l",
                  "frag": "DIB-MEŠ-ma",
                  "id": "P237443.l08ca1",
                  "ref": "P237443.3.7",
                  "inst": "%akk-x-neobab:DIB-MEŠ-ma=",
                  "f": {
                    "lang": "akk-x-neobab",
                    "form": "DIB-MEŠ-ma"
                  }
                },
                {
                  "node": "l",
                  "frag": "u₂-le-ʾu-u₂]",
                  "id": "P237443.l08ca2",
                  "ref": "P237443.3.8",
                  "inst": "%akk-x-neobab:u₂-le-ʾu-u₂=",
                  "f": {
                    "lang": "akk-x-neobab",
                    "form": "u₂-le-ʾu-u₂"
                  }
                },
                {
                  "node": "d",
                  "subtype": "reverse",
                  "type": "reverse",
                  "ref": "P237443.r.4",
                  "label": "r"
                },
                {
                  "node": "d",
                  "type": "line-start",
                  "ref": "P237443.5",
                  "n": "1",
                  "label": "r 1"
                },
                {
                  "node": "l",
                  "frag": "[e-zib",
                  "id": "P237443.l08ca3",
                  "ref": "P237443.5.1",
                  "inst": "%akk-x-neobab:e-zib=",
                  "f": {
                    "lang": "akk-x-neobab",
                    "form": "e-zib"
                  }
                },
                {
                  "node": "l",
                  "frag": "ša₂",
                  "id": "P237443.l08ca4",
                  "ref": "P237443.5.2",
                  "inst": "%akk-x-neobab:ša₂=",
                  "f": {
                    "lang": "akk-x-neobab",
                    "form": "ša₂"
                  }
                },
                {
                  "node": "l",
                  "frag": "UDU.NITA₂",
                  "id": "P237443.l08ca5",
                  "ref": "P237443.5.3",
                  "inst": "%akk-x-neobab:UDU.NITA₂=",
                  "f": {
                    "lang": "akk-x-neobab",
                    "form": "UDU.NITA₂"
                  }
                },
                {
                  "node": "l",
                  "frag": "DINGIR-ti-ka",
                  "id": "P237443.l08ca6",
                  "ref": "P237443.5.4",
                  "inst": "%akk-x-neobab:DINGIR-ti-ka=",
                  "f": {
                    "lang": "akk-x-neobab",
                    "form": "DINGIR-ti-ka"
                  }
                },
                {
                  "node": "l",
                  "frag": "ša₂]",
                  "id": "P237443.l08ca7",
                  "ref": "P237443.5.5",
                  "inst": "%akk-x-neobab:ša₂=",
                  "f": {
                    "lang": "akk-x-neobab",
                    "form": "ša₂"
                  }
                },
                {
                  "node": "l",
                  "frag": "a-na",
                  "id": "P237443.l08ca8",
                  "ref": "P237443.5.6",
                  "inst": "%akk-x-neobab:a-na=",
                  "f": {
                    "lang": "akk-x-neobab",
                    "form": "a-na"
                  }
                },
                {
                  "node": "l",
                  "frag": "⸢MAŠ₂⸣",
                  "id": "P237443.l08ca9",
                  "ref": "P237443.5.7",
                  "inst": "%akk-x-neobab:MAŠ₂=",
                  "f": {
                    "lang": "akk-x-neobab",
                    "form": "MAŠ₂"
                  }
                },
                {
                  "node": "l",
                  "frag": "[MAŠ₂-u₂",
                  "id": "P237443.l08caa",
                  "ref": "P237443.5.8",
                  "inst": "%akk-x-neobab:MAŠ₂-u₂=",
                  "f": {
                    "lang": "akk-x-neobab",
                    "form": "MAŠ₂-u₂"
                  }
                },
                {
                  "node": "l",
                  "frag": "LAL-u₂",
                  "id": "P237443.l08cab",
                  "ref": "P237443.5.9",
                  "inst": "%akk-x-neobab:LAL-u₂=",
                  "f": {
                    "lang": "akk-x-neobab",
                    "form": "LAL-u₂"
                  }
                },
                {
                  "node": "l",
                  "frag": "ha-ṭu-u₂]",
                  "id": "P237443.l08cac",
                  "ref": "P237443.5.10",
                  "inst": "%akk-x-neobab:ha-ṭu-u₂=",
                  "f": {
                    "lang": "akk-x-neobab",
                    "form": "ha-ṭu-u₂"
                  }
                },
                {
                  "node": "d",
                  "type": "line-start",
                  "ref": "P237443.6",
                  "n": "2",
                  "label": "r 2"
                },
                {
                  "node": "l",
                  "frag": "[e-zib",
                  "id": "P237443.l08cad",
                  "ref": "P237443.6.1",
                  "inst": "%akk-x-neobab:e-zib=",
                  "f": {
                    "lang": "akk-x-neobab",
                    "form": "e-zib"
                  }
                },
                {
                  "node": "l",
                  "frag": "ša₂",
                  "id": "P237443.l08cae",
                  "ref": "P237443.6.2",
                  "inst": "%akk-x-neobab:ša₂=",
                  "f": {
                    "lang": "akk-x-neobab",
                    "form": "ša₂"
                  }
                },
                {
                  "node": "l",
                  "frag": "TAG-it",
                  "id": "P237443.l08caf",
                  "ref": "P237443.6.3",
                  "inst": "%akk-x-neobab:TAG-it=",
                  "f": {
                    "lang": "akk-x-neobab",
                    "form": "TAG-it"
                  }
                },
                {
                  "node": "l",
                  "frag": "SAG.KI]",
                  "id": "P237443.l08cb0",
                  "ref": "P237443.6.4",
                  "inst": "%akk-x-neobab:SAG.KI=",
                  "f": {
                    "lang": "akk-x-neobab",
                    "form": "SAG.KI"
                  }
                },
                {
                  "node": "l",
                  "frag": "⸢UDU⸣.NITA₂",
                  "id": "P237443.l08cb1",
                  "ref": "P237443.6.5",
                  "inst": "%akk-x-neobab:UDU.NITA₂=",
                  "f": {
                    "lang": "akk-x-neobab",
                    "form": "UDU.NITA₂"
                  }
                },
                {
                  "node": "l",
                  "frag": "[TUG₂",
                  "id": "P237443.l08cb2",
                  "ref": "P237443.6.6",
                  "inst": "%akk-x-neobab:TUG₂=",
                  "f": {
                    "lang": "akk-x-neobab",
                    "form": "TUG₂"
                  }
                },
                {
                  "node": "l",
                  "frag": "gi-ne₂-e-šu₂",
                  "id": "P237443.l08cb3",
                  "ref": "P237443.6.7",
                  "inst": "%akk-x-neobab:gi-ne₂-e-šu₂=",
                  "f": {
                    "lang": "akk-x-neobab",
                    "form": "gi-ne₂-e-šu₂"
                  }
                },
                {
                  "node": "l",
                  "frag": "ar₂-ša₂-a-ti",
                  "id": "P237443.l08cb4",
                  "ref": "P237443.6.8",
                  "inst": "%akk-x-neobab:ar₂-ša₂-a-ti=",
                  "f": {
                    "lang": "akk-x-neobab",
                    "form": "ar₂-ša₂-a-ti"
                  }
                },
                {
                  "node": "l",
                  "frag": "lab-šu₂]",
                  "id": "P237443.l08cb5",
                  "ref": "P237443.6.9",
                  "inst": "%akk-x-neobab:lab-šu₂=",
                  "f": {
                    "lang": "akk-x-neobab",
                    "form": "lab-šu₂"
                  }
                },
                {
                  "node": "d",
                  "type": "line-start",
                  "ref": "P237443.7",
                  "n": "3",
                  "label": "r 3"
                },
                {
                  "node": "l",
                  "frag": "[e-zib",
                  "id": "P237443.l08cb6",
                  "ref": "P237443.7.1",
                  "inst": "%akk-x-neobab:e-zib=",
                  "f": {
                    "lang": "akk-x-neobab",
                    "form": "e-zib"
                  }
                },
                {
                  "node": "l",
                  "frag": "ša₂",
                  "id": "P237443.l08cb7",
                  "ref": "P237443.7.2",
                  "inst": "%akk-x-neobab:ša₂=",
                  "f": {
                    "lang": "akk-x-neobab",
                    "form": "ša₂"
                  }
                },
                {
                  "node": "l",
                  "frag": "a-na-ku",
                  "id": "P237443.l08cb8",
                  "ref": "P237443.7.3",
                  "inst": "%akk-x-neobab:a-na-ku=",
                  "f": {
                    "lang": "akk-x-neobab",
                    "form": "a-na-ku"
                  }
                },
                {
                  "node": "l",
                  "frag": "DUMU",
                  "id": "P237443.l08cb9",
                  "ref": "P237443.7.4",
                  "inst": "%akk-x-neobab:DUMU=",
                  "f": {
                    "lang": "akk-x-neobab",
                    "form": "DUMU"
                  }
                },
                {
                  "node": "l",
                  "frag": "{lu₂}HAL",
                  "id": "P237443.l08cba",
                  "ref": "P237443.7.5",
                  "inst": "%akk-x-neobab:{LU₂}HAL=",
                  "f": {
                    "lang": "akk-x-neobab",
                    "form": "{LU₂}HAL"
                  }
                },
                {
                  "node": "l",
                  "frag": "ARAD-ka]",
                  "id": "P237443.l08cbb",
                  "ref": "P237443.7.6",
                  "inst": "%akk-x-neobab:ARAD-ka=",
                  "f": {
                    "lang": "akk-x-neobab",
                    "form": "ARAD-ka"
                  }
                },
                {
                  "node": "l",
                  "frag": "TUG₂",
                  "id": "P237443.l08cbc",
                  "ref": "P237443.7.7",
                  "inst": "%akk-x-neobab:TUG₂=",
                  "f": {
                    "lang": "akk-x-neobab",
                    "form": "TUG₂"
                  }
                },
                {
                  "node": "l",
                  "frag": "⸢gi⸣-[ne₂-e-a",
                  "id": "P237443.l08cbd",
                  "ref": "P237443.7.8",
                  "inst": "%akk-x-neobab:gi-ne₂-e-a=",
                  "f": {
                    "lang": "akk-x-neobab",
                    "form": "gi-ne₂-e-a"
                  }
                },
                {
                  "node": "l",
                  "frag": "ar₂-ša₂-a-ti",
                  "id": "P237443.l08cbe",
                  "ref": "P237443.7.9",
                  "inst": "%akk-x-neobab:ar₂-ša₂-a-ti=",
                  "f": {
                    "lang": "akk-x-neobab",
                    "form": "ar₂-ša₂-a-ti"
                  }
                },
                {
                  "node": "l",
                  "frag": "lab-ša₂-ku]",
                  "id": "P237443.l08cbf",
                  "ref": "P237443.7.10",
                  "inst": "%akk-x-neobab:lab-ša₂-ku=",
                  "f": {
                    "lang": "akk-x-neobab",
                    "form": "lab-ša₂-ku"
                  }
                },
                {
                  "node": "d",
                  "type": "nonx",
                  "ref": "P237443.8",
                  "strict": "0",
                  "extent": "rest",
                  "state": "missing"
                }
              ]
            }
          ]
        }
      ]
    }
  ]
}
