{
  "type": "cdl",
  "source": "http://oracc.org/saao/saa04",
  "license": "This data is released under the CC0 license",
  "license-url": "https://creativecommons.org/publicdomain/zero/1.0/",
  "more-info": "http://oracc.org/doc/opendata/",
  "UTC-timestamp": "2017-06-10T00:38:53",
  "project": "saao/saa04",
  "textid": "P237377",
  "cdl": [
    {
      "node": "c",
      "type": "text",
      "id": "P237377.U0",
      "cdl": [
        {
          "node": "d",
          "type": "object",
          "ref": ""
        },
        {
          "node": "d",
          "subtype": "obverse",
          "type": "obverse",
          "ref": "P237377.o.1",
          "label": "o"
        },
        {
          "node": "c",
          "type": "discourse",
          "subtype": "body",
          "id": "P237377.U1",
          "cdl": [
            {
              "node": "c",
              "type": "sentence",
              "id": "P237377.U2",
              "label": "o 1 - r 4'",
              "cdl": [
                {
                  "node": "d",
                  "type": "line-start",
                  "ref": "P237377.2",
                  "n": "1",
                  "label": "o 1"
                },
                {
                  "node": "l",
                  "frag": "{[d}UTU",
                  "id": "P237377.l002a5",
                  "ref": "P237377.2.1",
                  "inst": "%akk-x-neobab:{d}UTU=",
                  "f": {
                    "lang": "akk-x-neobab",
                    "form": "{d}UTU"
                  }
                },
                {
                  "node": "l",
                  "frag": "EN",
                  "id": "P237377.l002a6",
                  "ref": "P237377.2.2",
                  "inst": "%akk-x-neobab:EN=",
                  "f": {
                    "lang": "akk-x-neobab",
                    "form": "EN"
                  }
                },
                {
                  "node": "l",
                  "frag": "GAL-u₂",
                  "id": "P237377.l002a7",
                  "ref": "P237377.2.3",
                  "inst": "%akk-x-neobab:GAL-u₂=",
                  "f": {
                    "lang": "akk-x-neobab",
                    "form": "GAL-u₂"
                  }
                },
                {
                  "node": "l",
                  "frag": "ša₂",
                  "id": "P237377.l002a8",
                  "ref": "P237377.2.4",
                  "inst": "%akk-x-neobab:ša₂=",
                  "f": {
                    "lang": "akk-x-neobab",
                    "form": "ša₂"
                  }
                },
                {
                  "node": "l",
                  "frag": "a-šal-lu-ka",
                  "id": "P237377.l002a9",
                  "ref": "P237377.2.5",
                  "inst": "%akk-x-neobab:a-šal-lu-ka=",
                  "f": {
                    "lang": "akk-x-neobab",
                    "form": "a-šal-lu-ka"
                  }
                },
                {
                  "node": "l",
                  "frag": "an-na",
                  "id": "P237377.l002aa",
                  "ref": "P237377.2.6",
                  "inst": "%akk-x-neobab:an-na=",
                  "f": {
                    "lang": "akk-x-neobab",
                    "form": "an-na"
                  }
                },
                {
                  "node": "l",
                  "frag": "GI.NA",
                  "id": "P237377.l002ab",
                  "ref": "P237377.2.7",
                  "inst": "%akk-x-neobab:GI.NA=",
                  "f": {
                    "lang": "akk-x-neobab",
                    "form": "GI.NA"
                  }
                },
                {
                  "node": "l",
                  "frag": "a-pal-an-ni]",
                  "id": "P237377.l002ac",
                  "ref": "P237377.2.8",
                  "inst": "%akk-x-neobab:a-pal-an-ni=",
                  "f": {
                    "lang": "akk-x-neobab",
                    "form": "a-pal-an-ni"
                  }
                },
                {
                  "node": "d",
                  "type": "line-start",
                  "ref": "P237377.3",
                  "n": "2",
                  "label": "o 2"
                },
                {
                  "node": "l",
                  "frag": "[TA",
                  "id": "P237377.l002ad",
                  "ref": "P237377.3.1",
                  "inst": "%akk-x-neobab:TA=",
                  "f": {
                    "lang": "akk-x-neobab",
                    "form": "TA"
                  }
                },
                {
                  "node": "l",
                  "frag": "UD",
                  "id": "P237377.l002ae",
                  "ref": "P237377.3.2",
                  "inst": "%akk-x-neobab:UD=",
                  "f": {
                    "lang": "akk-x-neobab",
                    "form": "UD"
                  }
                },
                {
                  "node": "l",
                  "frag": "an]-⸢ni⸣-i",
                  "id": "P237377.l002af",
                  "ref": "P237377.3.3",
                  "inst": "%akk-x-neobab:an-ni-i=",
                  "f": {
                    "lang": "akk-x-neobab",
                    "form": "an-ni-i"
                  }
                },
                {
                  "node": "l",
                  "frag": "UD-11-KAM₂",
                  "id": "P237377.l002b0",
                  "ref": "P237377.3.4",
                  "inst": "%akk-x-neobab:UD-11-KAM₂=",
                  "f": {
                    "lang": "akk-x-neobab",
                    "form": "UD-11-KAM₂"
                  }
                },
                {
                  "node": "l",
                  "frag": "⸢ša₂",
                  "id": "P237377.l002b1",
                  "ref": "P237377.3.5",
                  "inst": "%akk-x-neobab:ša₂=",
                  "f": {
                    "lang": "akk-x-neobab",
                    "form": "ša₂"
                  }
                },
                {
                  "node": "l",
                  "frag": "ITI⸣",
                  "id": "P237377.l002b2",
                  "ref": "P237377.3.6",
                  "inst": "%akk-x-neobab:ITI=",
                  "f": {
                    "lang": "akk-x-neobab",
                    "form": "ITI"
                  }
                },
                {
                  "node": "l",
                  "frag": "[an-ni-i",
                  "id": "P237377.l002b3",
                  "ref": "P237377.3.7",
                  "inst": "%akk-x-neobab:an-ni-i=",
                  "f": {
                    "lang": "akk-x-neobab",
                    "form": "an-ni-i"
                  }
                },
                {
                  "node": "l",
                  "frag": "{iti}BARAG",
                  "id": "P237377.l002b4",
                  "ref": "P237377.3.8",
                  "inst": "%akk-x-neobab:{ITI}BARAG=",
                  "f": {
                    "lang": "akk-x-neobab",
                    "form": "{ITI}BARAG"
                  }
                },
                {
                  "node": "l",
                  "frag": "ša₂",
                  "id": "P237377.l002b5",
                  "ref": "P237377.3.9",
                  "inst": "%akk-x-neobab:ša₂=",
                  "f": {
                    "lang": "akk-x-neobab",
                    "form": "ša₂"
                  }
                },
                {
                  "node": "l",
                  "frag": "MU.AN.NA",
                  "id": "P237377.l002b6",
                  "ref": "P237377.3.10",
                  "inst": "%akk-x-neobab:MU.AN.NA=",
                  "f": {
                    "lang": "akk-x-neobab",
                    "form": "MU.AN.NA"
                  }
                },
                {
                  "node": "l",
                  "frag": "an-ni-ti]",
                  "id": "P237377.l002b7",
                  "ref": "P237377.3.11",
                  "inst": "%akk-x-neobab:an-ni-ti=",
                  "f": {
                    "lang": "akk-x-neobab",
                    "form": "an-ni-ti"
                  }
                },
                {
                  "node": "d",
                  "type": "line-start",
                  "ref": "P237377.4",
                  "n": "3",
                  "label": "o 3"
                },
                {
                  "node": "l",
                  "frag": "[EN",
                  "id": "P237377.l002b8",
                  "ref": "P237377.4.1",
                  "inst": "%akk-x-neobab:EN=",
                  "f": {
                    "lang": "akk-x-neobab",
                    "form": "EN"
                  }
                },
                {
                  "node": "l",
                  "frag": "UD-10-KAM₂]",
                  "id": "P237377.l002b9",
                  "ref": "P237377.4.2",
                  "inst": "%akk-x-neobab:UD-10-KAM₂=",
                  "f": {
                    "lang": "akk-x-neobab",
                    "form": "UD-10-KAM₂"
                  }
                },
                {
                  "node": "l",
                  "frag": "ša₂",
                  "id": "P237377.l002ba",
                  "ref": "P237377.4.3",
                  "inst": "%akk-x-neobab:ša₂=",
                  "f": {
                    "lang": "akk-x-neobab",
                    "form": "ša₂"
                  }
                },
                {
                  "node": "l",
                  "frag": "{iti}GUD.SI.SA₂",
                  "id": "P237377.l002bb",
                  "ref": "P237377.4.4",
                  "inst": "%akk-x-neobab:{ITI}GUD.SI.SA₂=",
                  "f": {
                    "lang": "akk-x-neobab",
                    "form": "{ITI}GUD.SI.SA₂"
                  }
                },
                {
                  "node": "l",
                  "frag": "ša₂",
                  "id": "P237377.l002bc",
                  "ref": "P237377.4.5",
                  "inst": "%akk-x-neobab:ša₂=",
                  "f": {
                    "lang": "akk-x-neobab",
                    "form": "ša₂"
                  }
                },
                {
                  "node": "l",
                  "frag": "MU.[AN.NA",
                  "id": "P237377.l002bd",
                  "ref": "P237377.4.6",
                  "inst": "%akk-x-neobab:MU.AN.NA=",
                  "f": {
                    "lang": "akk-x-neobab",
                    "form": "MU.AN.NA"
                  }
                },
                {
                  "node": "l",
                  "frag": "an-ni-ti",
                  "id": "P237377.l002be",
                  "ref": "P237377.4.7",
                  "inst": "%akk-x-neobab:an-ni-ti=",
                  "f": {
                    "lang": "akk-x-neobab",
                    "form": "an-ni-ti"
                  }
                },
                {
                  "node": "l",
                  "frag": "30",
                  "id": "P237377.l002bf",
                  "ref": "P237377.4.8",
                  "inst": "%akk-x-neobab:30=",
                  "f": {
                    "lang": "akk-x-neobab",
                    "form": "30"
                  }
                },
                {
                  "node": "l",
                  "frag": "UD-MEŠ",
                  "id": "P237377.l002c0",
                  "ref": "P237377.4.9",
                  "inst": "%akk-x-neobab:UD-MEŠ=",
                  "f": {
                    "lang": "akk-x-neobab",
                    "form": "UD-MEŠ"
                  }
                },
                {
                  "node": "l",
                  "frag": "30",
                  "id": "P237377.l002c1",
                  "ref": "P237377.4.10",
                  "inst": "%akk-x-neobab:30=",
                  "f": {
                    "lang": "akk-x-neobab",
                    "form": "30"
                  }
                },
                {
                  "node": "l",
                  "frag": "MI-MEŠ",
                  "id": "P237377.l002c2",
                  "ref": "P237377.4.11",
                  "inst": "%akk-x-neobab:MI-MEŠ=",
                  "f": {
                    "lang": "akk-x-neobab",
                    "form": "MI-MEŠ"
                  }
                },
                {
                  "node": "l",
                  "frag": "ši-kin",
                  "id": "P237377.l002c3",
                  "ref": "P237377.4.12",
                  "inst": "%akk-x-neobab:ši-kin=",
                  "f": {
                    "lang": "akk-x-neobab",
                    "form": "ši-kin"
                  }
                },
                {
                  "node": "l",
                  "frag": "a-dan-ni-ia]",
                  "id": "P237377.l002c4",
                  "ref": "P237377.4.13",
                  "inst": "%akk-x-neobab:a-dan-ni-ia=",
                  "f": {
                    "lang": "akk-x-neobab",
                    "form": "a-dan-ni-ia"
                  }
                },
                {
                  "node": "d",
                  "type": "line-start",
                  "ref": "P237377.5",
                  "n": "4",
                  "label": "o 4"
                },
                {
                  "node": "l",
                  "frag": "[ina",
                  "id": "P237377.l002c5",
                  "ref": "P237377.5.1",
                  "inst": "%akk-x-neobab:ina=",
                  "f": {
                    "lang": "akk-x-neobab",
                    "form": "ina"
                  }
                },
                {
                  "node": "l",
                  "frag": "ši-kin]",
                  "id": "P237377.l002c6",
                  "ref": "P237377.5.2",
                  "inst": "%akk-x-neobab:ši-kin=",
                  "f": {
                    "lang": "akk-x-neobab",
                    "form": "ši-kin"
                  }
                },
                {
                  "node": "l",
                  "frag": "a-dan-ni",
                  "id": "P237377.l002c7",
                  "ref": "P237377.5.3",
                  "inst": "%akk-x-neobab:a-dan-ni=",
                  "f": {
                    "lang": "akk-x-neobab",
                    "form": "a-dan-ni"
                  }
                },
                {
                  "node": "l",
                  "frag": "šu-a-tu₂",
                  "id": "P237377.l002c8",
                  "ref": "P237377.5.4",
                  "inst": "%akk-x-neobab:šu-a-tu₂=",
                  "f": {
                    "lang": "akk-x-neobab",
                    "form": "šu-a-tu₂"
                  }
                },
                {
                  "node": "l",
                  "frag": "{1}[mu-gal-lu",
                  "id": "P237377.l002c9",
                  "ref": "P237377.5.5",
                  "inst": "%akk-x-neobab:{1}mu-gal-lu=",
                  "f": {
                    "lang": "akk-x-neobab",
                    "form": "{1}mu-gal-lu"
                  }
                },
                {
                  "node": "l",
                  "frag": "{lu₂}mi-li-da-a.a",
                  "id": "P237377.l002ca",
                  "ref": "P237377.5.6",
                  "inst": "%akk-x-neobab:{LU₂}mi-li-da-a.a=",
                  "f": {
                    "lang": "akk-x-neobab",
                    "form": "{LU₂}mi-li-da-a.a"
                  }
                },
                {
                  "node": "l",
                  "frag": "i-ṣar-ri-i-mi₃",
                  "id": "P237377.l002cb",
                  "ref": "P237377.5.7",
                  "inst": "%akk-x-neobab:i-ṣar-ri-i-mi₃=",
                  "f": {
                    "lang": "akk-x-neobab",
                    "form": "i-ṣar-ri-i-mi₃"
                  }
                },
                {
                  "node": "l",
                  "frag": "i-kap-pi-i-di]",
                  "id": "P237377.l002cc",
                  "ref": "P237377.5.8",
                  "inst": "%akk-x-neobab:i-kap-pi-i-di=",
                  "f": {
                    "lang": "akk-x-neobab",
                    "form": "i-kap-pi-i-di"
                  }
                },
                {
                  "node": "d",
                  "type": "line-start",
                  "ref": "P237377.6",
                  "n": "5",
                  "label": "o 5"
                },
                {
                  "node": "l",
                  "frag": "[e-mu]-⸢qu⸣",
                  "id": "P237377.l002cd",
                  "ref": "P237377.6.1",
                  "inst": "%akk-x-neobab:e-mu-qu=",
                  "f": {
                    "lang": "akk-x-neobab",
                    "form": "e-mu-qu"
                  }
                },
                {
                  "node": "l",
                  "frag": "ma-aʾ-du-ti",
                  "id": "P237377.l002ce",
                  "ref": "P237377.6.2",
                  "inst": "%akk-x-neobab:ma-aʾ-du-ti=",
                  "f": {
                    "lang": "akk-x-neobab",
                    "form": "ma-aʾ-du-ti"
                  }
                },
                {
                  "node": "l",
                  "frag": "[KALAG.GA-MEŠ",
                  "id": "P237377.l002cf",
                  "ref": "P237377.6.3",
                  "inst": "%akk-x-neobab:KALAG.GA-MEŠ=",
                  "f": {
                    "lang": "akk-x-neobab",
                    "form": "KALAG.GA-MEŠ"
                  }
                },
                {
                  "node": "l",
                  "frag": "i-de-ek-ka-a]",
                  "id": "P237377.l002d0",
                  "ref": "P237377.6.4",
                  "inst": "%akk-x-neobab:i-de-ek-ka-a=",
                  "f": {
                    "lang": "akk-x-neobab",
                    "form": "i-de-ek-ka-a"
                  }
                },
                {
                  "node": "d",
                  "type": "line-start",
                  "ref": "P237377.7",
                  "n": "6",
                  "label": "o 6"
                },
                {
                  "node": "l",
                  "frag": "[a]-⸢na⸣",
                  "id": "P237377.l002d1",
                  "ref": "P237377.7.1",
                  "inst": "%akk-x-neobab:a-na=",
                  "f": {
                    "lang": "akk-x-neobab",
                    "form": "a-na"
                  }
                },
                {
                  "node": "l",
                  "frag": "UGU",
                  "id": "P237377.l002d2",
                  "ref": "P237377.7.2",
                  "inst": "%akk-x-neobab:UGU=",
                  "f": {
                    "lang": "akk-x-neobab",
                    "form": "UGU"
                  }
                },
                {
                  "node": "l",
                  "frag": "{1}man-ni-[ki-i-x",
                  "id": "P237377.l002d3",
                  "ref": "P237377.7.3",
                  "inst": "%akk-x-neobab:{1}man-ni-ki-i-x=",
                  "f": {
                    "lang": "akk-x-neobab",
                    "form": "{1}man-ni-ki-i-x"
                  }
                },
                {
                  "node": "l",
                  "frag": "x",
                  "id": "P237377.l002d4",
                  "ref": "P237377.7.4",
                  "inst": "%akk-x-neobab:x=",
                  "f": {
                    "lang": "akk-x-neobab",
                    "form": "x"
                  }
                },
                {
                  "node": "l",
                  "frag": "x",
                  "id": "P237377.l002d5",
                  "ref": "P237377.7.5",
                  "inst": "%akk-x-neobab:x=",
                  "f": {
                    "lang": "akk-x-neobab",
                    "form": "x"
                  }
                },
                {
                  "node": "l",
                  "frag": "x",
                  "id": "P237377.l002d6",
                  "ref": "P237377.7.6",
                  "inst": "%akk-x-neobab:x=",
                  "f": {
                    "lang": "akk-x-neobab",
                    "form": "x"
                  }
                },
                {
                  "node": "l",
                  "frag": "x",
                  "id": "P237377.l002d7",
                  "ref": "P237377.7.7",
                  "inst": "%akk-x-neobab:x=",
                  "f": {
                    "lang": "akk-x-neobab",
                    "form": "x"
                  }
                },
                {
                  "node": "l",
                  "frag": "x",
                  "id": "P237377.l002d8",
                  "ref": "P237377.7.8",
                  "inst": "%akk-x-neobab:x=",
                  "f": {
                    "lang": "akk-x-neobab",
                    "form": "x"
                  }
                },
                {
                  "node": "l",
                  "frag": "x",
                  "id": "P237377.l002d9",
                  "ref": "P237377.7.9",
                  "inst": "%akk-x-neobab:x=",
                  "f": {
                    "lang": "akk-x-neobab",
                    "form": "x"
                  }
                },
                {
                  "node": "l",
                  "frag": "i-ma-aq-qa-tu-u₂]",
                  "id": "P237377.l002da",
                  "ref": "P237377.7.10",
                  "inst": "%akk-x-neobab:i-ma-aq-qa-tu-u₂=",
                  "f": {
                    "lang": "akk-x-neobab",
                    "form": "i-ma-aq-qa-tu-u₂"
                  }
                },
                {
                  "node": "d",
                  "type": "line-start",
                  "ref": "P237377.8",
                  "n": "7",
                  "label": "o 7"
                },
                {
                  "node": "l",
                  "frag": "[i-duk]-⸢ku⸣-u₂",
                  "id": "P237377.l002db",
                  "ref": "P237377.8.1",
                  "inst": "%akk-x-neobab:i-duk-ku-u₂=",
                  "f": {
                    "lang": "akk-x-neobab",
                    "form": "i-duk-ku-u₂"
                  }
                },
                {
                  "node": "l",
                  "frag": "i-[hab-ba-tu",
                  "id": "P237377.l002dc",
                  "ref": "P237377.8.2",
                  "inst": "%akk-x-neobab:i-hab-ba-tu=",
                  "f": {
                    "lang": "akk-x-neobab",
                    "form": "i-hab-ba-tu"
                  }
                },
                {
                  "node": "l",
                  "frag": "x",
                  "id": "P237377.l002dd",
                  "ref": "P237377.8.3",
                  "inst": "%akk-x-neobab:x=",
                  "f": {
                    "lang": "akk-x-neobab",
                    "form": "x"
                  }
                },
                {
                  "node": "l",
                  "frag": "x",
                  "id": "P237377.l002de",
                  "ref": "P237377.8.4",
                  "inst": "%akk-x-neobab:x=",
                  "f": {
                    "lang": "akk-x-neobab",
                    "form": "x"
                  }
                },
                {
                  "node": "l",
                  "frag": "x",
                  "id": "P237377.l002df",
                  "ref": "P237377.8.5",
                  "inst": "%akk-x-neobab:x=",
                  "f": {
                    "lang": "akk-x-neobab",
                    "form": "x"
                  }
                },
                {
                  "node": "l",
                  "frag": "x",
                  "id": "P237377.l002e0",
                  "ref": "P237377.8.6",
                  "inst": "%akk-x-neobab:x=",
                  "f": {
                    "lang": "akk-x-neobab",
                    "form": "x"
                  }
                },
                {
                  "node": "l",
                  "frag": "x",
                  "id": "P237377.l002e1",
                  "ref": "P237377.8.7",
                  "inst": "%akk-x-neobab:x=",
                  "f": {
                    "lang": "akk-x-neobab",
                    "form": "x"
                  }
                },
                {
                  "node": "l",
                  "frag": "x",
                  "id": "P237377.l002e2",
                  "ref": "P237377.8.8",
                  "inst": "%akk-x-neobab:x=",
                  "f": {
                    "lang": "akk-x-neobab",
                    "form": "x"
                  }
                },
                {
                  "node": "l",
                  "frag": "x",
                  "id": "P237377.l002e3",
                  "ref": "P237377.8.9",
                  "inst": "%akk-x-neobab:x=",
                  "f": {
                    "lang": "akk-x-neobab",
                    "form": "x"
                  }
                },
                {
                  "node": "l",
                  "frag": "x",
                  "id": "P237377.l002e4",
                  "ref": "P237377.8.10",
                  "inst": "%akk-x-neobab:x=",
                  "f": {
                    "lang": "akk-x-neobab",
                    "form": "x"
                  }
                },
                {
                  "node": "l",
                  "frag": "x",
                  "id": "P237377.l002e5",
                  "ref": "P237377.8.11",
                  "inst": "%akk-x-neobab:x=",
                  "f": {
                    "lang": "akk-x-neobab",
                    "form": "x"
                  }
                },
                {
                  "node": "l",
                  "frag": "x",
                  "id": "P237377.l002e6",
                  "ref": "P237377.8.12",
                  "inst": "%akk-x-neobab:x=",
                  "f": {
                    "lang": "akk-x-neobab",
                    "form": "x"
                  }
                },
                {
                  "node": "l",
                  "frag": "x",
                  "id": "P237377.l002e7",
                  "ref": "P237377.8.13",
                  "inst": "%akk-x-neobab:x=",
                  "f": {
                    "lang": "akk-x-neobab",
                    "form": "x"
                  }
                },
                {
                  "node": "l",
                  "frag": "x",
                  "id": "P237377.l002e8",
                  "ref": "P237377.8.14",
                  "inst": "%akk-x-neobab:x=",
                  "f": {
                    "lang": "akk-x-neobab",
                    "form": "x"
                  }
                },
                {
                  "node": "l",
                  "frag": "x]",
                  "id": "P237377.l002e9",
                  "ref": "P237377.8.15",
                  "inst": "%akk-x-neobab:x=",
                  "f": {
                    "lang": "akk-x-neobab",
                    "form": "x"
                  }
                },
                {
                  "node": "d",
                  "type": "nonx",
                  "ref": "P237377.9",
                  "strict": "0",
                  "extent": "rest",
                  "state": "missing"
                },
                {
                  "node": "d",
                  "subtype": "reverse",
                  "type": "reverse",
                  "ref": "P237377.r.10",
                  "label": "r"
                },
                {
                  "node": "d",
                  "type": "nonx",
                  "ref": "P237377.11",
                  "strict": "0",
                  "extent": "beginning",
                  "state": "missing"
                },
                {
                  "node": "d",
                  "type": "line-start",
                  "ref": "P237377.12",
                  "n": "1'",
                  "label": "r 1'"
                },
                {
                  "node": "l",
                  "frag": "[x",
                  "id": "P237377.l002ea",
                  "ref": "P237377.12.1",
                  "inst": "%akk-x-neobab:x=",
                  "f": {
                    "lang": "akk-x-neobab",
                    "form": "x"
                  }
                },
                {
                  "node": "l",
                  "frag": "x",
                  "id": "P237377.l002eb",
                  "ref": "P237377.12.2",
                  "inst": "%akk-x-neobab:x=",
                  "f": {
                    "lang": "akk-x-neobab",
                    "form": "x"
                  }
                },
                {
                  "node": "l",
                  "frag": "x",
                  "id": "P237377.l002ec",
                  "ref": "P237377.12.3",
                  "inst": "%akk-x-neobab:x=",
                  "f": {
                    "lang": "akk-x-neobab",
                    "form": "x"
                  }
                },
                {
                  "node": "l",
                  "frag": "x]",
                  "id": "P237377.l002ed",
                  "ref": "P237377.12.4",
                  "inst": "%akk-x-neobab:x=",
                  "f": {
                    "lang": "akk-x-neobab",
                    "form": "x"
                  }
                },
                {
                  "node": "l",
                  "frag": "⸢x",
                  "id": "P237377.l002ee",
                  "ref": "P237377.12.5",
                  "inst": "%akk-x-neobab:x=",
                  "f": {
                    "lang": "akk-x-neobab",
                    "form": "x"
                  }
                },
                {
                  "node": "l",
                  "frag": "x⸣",
                  "id": "P237377.l002ef",
                  "ref": "P237377.12.6",
                  "inst": "%akk-x-neobab:x=",
                  "f": {
                    "lang": "akk-x-neobab",
                    "form": "x"
                  }
                },
                {
                  "node": "l",
                  "frag": "[x",
                  "id": "P237377.l002f0",
                  "ref": "P237377.12.7",
                  "inst": "%akk-x-neobab:x=",
                  "f": {
                    "lang": "akk-x-neobab",
                    "form": "x"
                  }
                },
                {
                  "node": "l",
                  "frag": "x",
                  "id": "P237377.l002f1",
                  "ref": "P237377.12.8",
                  "inst": "%akk-x-neobab:x=",
                  "f": {
                    "lang": "akk-x-neobab",
                    "form": "x"
                  }
                },
                {
                  "node": "l",
                  "frag": "x",
                  "id": "P237377.l002f2",
                  "ref": "P237377.12.9",
                  "inst": "%akk-x-neobab:x=",
                  "f": {
                    "lang": "akk-x-neobab",
                    "form": "x"
                  }
                },
                {
                  "node": "l",
                  "frag": "x",
                  "id": "P237377.l002f3",
                  "ref": "P237377.12.10",
                  "inst": "%akk-x-neobab:x=",
                  "f": {
                    "lang": "akk-x-neobab",
                    "form": "x"
                  }
                },
                {
                  "node": "l",
                  "frag": "x",
                  "id": "P237377.l002f4",
                  "ref": "P237377.12.11",
                  "inst": "%akk-x-neobab:x=",
                  "f": {
                    "lang": "akk-x-neobab",
                    "form": "x"
                  }
                },
                {
                  "node": "l",
                  "frag": "x",
                  "id": "P237377.l002f5",
                  "ref": "P237377.12.12",
                  "inst": "%akk-x-neobab:x=",
                  "f": {
                    "lang": "akk-x-neobab",
                    "form": "x"
                  }
                },
                {
                  "node": "l",
                  "frag": "x",
                  "id": "P237377.l002f6",
                  "ref": "P237377.12.13",
                  "inst": "%akk-x-neobab:x=",
                  "f": {
                    "lang": "akk-x-neobab",
                    "form": "x"
                  }
                },
                {
                  "node": "l",
                  "frag": "x",
                  "id": "P237377.l002f7",
                  "ref": "P237377.12.14",
                  "inst": "%akk-x-neobab:x=",
                  "f": {
                    "lang": "akk-x-neobab",
                    "form": "x"
                  }
                },
                {
                  "node": "l",
                  "frag": "x",
                  "id": "P237377.l002f8",
                  "ref": "P237377.12.15",
                  "inst": "%akk-x-neobab:x=",
                  "f": {
                    "lang": "akk-x-neobab",
                    "form": "x"
                  }
                },
                {
                  "node": "l",
                  "frag": "x",
                  "id": "P237377.l002f9",
                  "ref": "P237377.12.16",
                  "inst": "%akk-x-neobab:x=",
                  "f": {
                    "lang": "akk-x-neobab",
                    "form": "x"
                  }
                },
                {
                  "node": "l",
                  "frag": "x",
                  "id": "P237377.l002fa",
                  "ref": "P237377.12.17",
                  "inst": "%akk-x-neobab:x=",
                  "f": {
                    "lang": "akk-x-neobab",
                    "form": "x"
                  }
                },
                {
                  "node": "l",
                  "frag": "x",
                  "id": "P237377.l002fb",
                  "ref": "P237377.12.18",
                  "inst": "%akk-x-neobab:x=",
                  "f": {
                    "lang": "akk-x-neobab",
                    "form": "x"
                  }
                },
                {
                  "node": "l",
                  "frag": "x]",
                  "id": "P237377.l002fc",
                  "ref": "P237377.12.19",
                  "inst": "%akk-x-neobab:x=",
                  "f": {
                    "lang": "akk-x-neobab",
                    "form": "x"
                  }
                },
                {
                  "node": "d",
                  "type": "line-start",
                  "ref": "P237377.13",
                  "n": "2'",
                  "label": "r 2'"
                },
                {
                  "node": "l",
                  "frag": "[i-na",
                  "id": "P237377.l002fd",
                  "ref": "P237377.13.1",
                  "inst": "%akk-x-neobab:i-na=",
                  "f": {
                    "lang": "akk-x-neobab",
                    "form": "i-na"
                  }
                },
                {
                  "node": "l",
                  "frag": "ŠA₃]",
                  "id": "P237377.l002fe",
                  "ref": "P237377.13.2",
                  "inst": "%akk-x-neobab:ŠA₃=",
                  "f": {
                    "lang": "akk-x-neobab",
                    "form": "ŠA₃"
                  }
                },
                {
                  "node": "l",
                  "frag": "⸢UDU⸣.NITA₂",
                  "id": "P237377.l002ff",
                  "ref": "P237377.13.3",
                  "inst": "%akk-x-neobab:UDU.NITA₂=",
                  "f": {
                    "lang": "akk-x-neobab",
                    "form": "UDU.NITA₂"
                  }
                },
                {
                  "node": "l",
                  "frag": "an-ni-i",
                  "id": "P237377.l00300",
                  "ref": "P237377.13.4",
                  "inst": "%akk-x-neobab:an-ni-i=",
                  "f": {
                    "lang": "akk-x-neobab",
                    "form": "an-ni-i"
                  }
                },
                {
                  "node": "l",
                  "frag": "[GUB-za-am-ma",
                  "id": "P237377.l00301",
                  "ref": "P237377.13.5",
                  "inst": "%akk-x-neobab:GUB-za-am-ma=",
                  "f": {
                    "lang": "akk-x-neobab",
                    "form": "GUB-za-am-ma"
                  }
                },
                {
                  "node": "l",
                  "frag": "an-na",
                  "id": "P237377.l00302",
                  "ref": "P237377.13.6",
                  "inst": "%akk-x-neobab:an-na=",
                  "f": {
                    "lang": "akk-x-neobab",
                    "form": "an-na"
                  }
                },
                {
                  "node": "l",
                  "frag": "GI.NA",
                  "id": "P237377.l00303",
                  "ref": "P237377.13.7",
                  "inst": "%akk-x-neobab:GI.NA=",
                  "f": {
                    "lang": "akk-x-neobab",
                    "form": "GI.NA"
                  }
                },
                {
                  "node": "l",
                  "frag": "GIŠ.HUR-MEŠ",
                  "id": "P237377.l00304",
                  "ref": "P237377.13.8",
                  "inst": "%akk-x-neobab:GIŠ.HUR-MEŠ=",
                  "f": {
                    "lang": "akk-x-neobab",
                    "form": "GIŠ.HUR-MEŠ"
                  }
                },
                {
                  "node": "l",
                  "frag": "SILIM-MEŠ]",
                  "id": "P237377.l00305",
                  "ref": "P237377.13.9",
                  "inst": "%akk-x-neobab:SILIM-MEŠ=",
                  "f": {
                    "lang": "akk-x-neobab",
                    "form": "SILIM-MEŠ"
                  }
                },
                {
                  "node": "d",
                  "type": "line-start",
                  "ref": "P237377.14",
                  "n": "3'",
                  "label": "r 3'"
                },
                {
                  "node": "l",
                  "frag": "[UZU-MEŠ]",
                  "id": "P237377.l00306",
                  "ref": "P237377.14.1",
                  "inst": "%akk-x-neobab:UZU-MEŠ=",
                  "f": {
                    "lang": "akk-x-neobab",
                    "form": "UZU-MEŠ"
                  }
                },
                {
                  "node": "l",
                  "frag": "⸢ta⸣-mit",
                  "id": "P237377.l00307",
                  "ref": "P237377.14.2",
                  "inst": "%akk-x-neobab:ta-mit=",
                  "f": {
                    "lang": "akk-x-neobab",
                    "form": "ta-mit"
                  }
                },
                {
                  "node": "l",
                  "frag": "⸢SIG₅⸣-[MEŠ",
                  "id": "P237377.l00308",
                  "ref": "P237377.14.3",
                  "inst": "%akk-x-neobab:SIG₅-MEŠ=",
                  "f": {
                    "lang": "akk-x-neobab",
                    "form": "SIG₅-MEŠ"
                  }
                },
                {
                  "node": "l",
                  "frag": "SILIM-MEŠ",
                  "id": "P237377.l00309",
                  "ref": "P237377.14.4",
                  "inst": "%akk-x-neobab:SILIM-MEŠ=",
                  "f": {
                    "lang": "akk-x-neobab",
                    "form": "SILIM-MEŠ"
                  }
                },
                {
                  "node": "l",
                  "frag": "ša₂",
                  "id": "P237377.l0030a",
                  "ref": "P237377.14.5",
                  "inst": "%akk-x-neobab:ša₂=",
                  "f": {
                    "lang": "akk-x-neobab",
                    "form": "ša₂"
                  }
                },
                {
                  "node": "l",
                  "frag": "SILIM-tim",
                  "id": "P237377.l0030b",
                  "ref": "P237377.14.6",
                  "inst": "%akk-x-neobab:SILIM-tim=",
                  "f": {
                    "lang": "akk-x-neobab",
                    "form": "SILIM-tim"
                  }
                },
                {
                  "node": "l",
                  "frag": "ša₂",
                  "id": "P237377.l0030c",
                  "ref": "P237377.14.7",
                  "inst": "%akk-x-neobab:ša₂=",
                  "f": {
                    "lang": "akk-x-neobab",
                    "form": "ša₂"
                  }
                },
                {
                  "node": "l",
                  "frag": "KA",
                  "id": "P237377.l0030d",
                  "ref": "P237377.14.8",
                  "inst": "%akk-x-neobab:KA=",
                  "f": {
                    "lang": "akk-x-neobab",
                    "form": "KA"
                  }
                },
                {
                  "node": "l",
                  "frag": "DINGIR-ti-ka",
                  "id": "P237377.l0030e",
                  "ref": "P237377.14.9",
                  "inst": "%akk-x-neobab:DINGIR-ti-ka=",
                  "f": {
                    "lang": "akk-x-neobab",
                    "form": "DINGIR-ti-ka"
                  }
                },
                {
                  "node": "l",
                  "frag": "GAL-ti]",
                  "id": "P237377.l0030f",
                  "ref": "P237377.14.10",
                  "inst": "%akk-x-neobab:GAL-ti=",
                  "f": {
                    "lang": "akk-x-neobab",
                    "form": "GAL-ti"
                  }
                },
                {
                  "node": "d",
                  "type": "line-start",
                  "ref": "P237377.15",
                  "n": "4'",
                  "label": "r 4'"
                },
                {
                  "node": "l",
                  "frag": "[šuk-nam-ma",
                  "id": "P237377.l00310",
                  "ref": "P237377.15.1",
                  "inst": "%akk-x-neobab:šuk-nam-ma=",
                  "f": {
                    "lang": "akk-x-neobab",
                    "form": "šuk-nam-ma"
                  }
                },
                {
                  "node": "l",
                  "frag": "lu-mur]",
                  "id": "P237377.l00311",
                  "ref": "P237377.15.2",
                  "inst": "%akk-x-neobab:lu-mur=",
                  "f": {
                    "lang": "akk-x-neobab",
                    "form": "lu-mur"
                  }
                },
                {
                  "node": "d",
                  "type": "nonx",
                  "ref": "P237377.16",
                  "strict": "0",
                  "extent": "rest",
                  "state": "missing"
                }
              ]
            }
          ]
        }
      ]
    }
  ]
}
