{
  "type": "cdl",
  "source": "http://oracc.org/saao/saa04",
  "license": "This data is released under the CC0 license",
  "license-url": "https://creativecommons.org/publicdomain/zero/1.0/",
  "more-info": "http://oracc.org/doc/opendata/",
  "UTC-timestamp": "2017-06-10T00:39:19",
  "project": "saao/saa04",
  "textid": "P237119",
  "cdl": [
    {
      "node": "c",
      "type": "text",
      "id": "P237119.U0",
      "cdl": [
        {
          "node": "d",
          "type": "object",
          "ref": ""
        },
        {
          "node": "d",
          "subtype": "obverse",
          "type": "obverse",
          "ref": "P237119.o.1",
          "label": "o"
        },
        {
          "node": "c",
          "type": "discourse",
          "subtype": "body",
          "id": "P237119.U1",
          "cdl": [
            {
              "node": "c",
              "type": "sentence",
              "id": "P237119.U2",
              "label": "o 1 - o 7",
              "cdl": [
                {
                  "node": "d",
                  "type": "line-start",
                  "ref": "P237119.2",
                  "n": "1",
                  "label": "o 1"
                },
                {
                  "node": "l",
                  "frag": "{[d}UTU",
                  "id": "P237119.l07eb2",
                  "ref": "P237119.2.1",
                  "inst": "%akk-x-neobab:{d}UTU=",
                  "f": {
                    "lang": "akk-x-neobab",
                    "form": "{d}UTU"
                  }
                },
                {
                  "node": "l",
                  "frag": "EN",
                  "id": "P237119.l07eb3",
                  "ref": "P237119.2.2",
                  "inst": "%akk-x-neobab:EN=",
                  "f": {
                    "lang": "akk-x-neobab",
                    "form": "EN"
                  }
                },
                {
                  "node": "l",
                  "frag": "GAL]-u₂",
                  "id": "P237119.l07eb4",
                  "ref": "P237119.2.3",
                  "inst": "%akk-x-neobab:GAL-u₂=",
                  "f": {
                    "lang": "akk-x-neobab",
                    "form": "GAL-u₂"
                  }
                },
                {
                  "node": "l",
                  "frag": "ša₂",
                  "id": "P237119.l07eb5",
                  "ref": "P237119.2.4",
                  "inst": "%akk-x-neobab:ša₂=",
                  "f": {
                    "lang": "akk-x-neobab",
                    "form": "ša₂"
                  }
                },
                {
                  "node": "l",
                  "frag": "a-šal-lu-⸢ka⸣",
                  "id": "P237119.l07eb6",
                  "ref": "P237119.2.5",
                  "inst": "%akk-x-neobab:a-šal-lu-ka=",
                  "f": {
                    "lang": "akk-x-neobab",
                    "form": "a-šal-lu-ka"
                  }
                },
                {
                  "node": "l",
                  "frag": "[an-na",
                  "id": "P237119.l07eb7",
                  "ref": "P237119.2.6",
                  "inst": "%akk-x-neobab:an-na=",
                  "f": {
                    "lang": "akk-x-neobab",
                    "form": "an-na"
                  }
                },
                {
                  "node": "l",
                  "frag": "GI.NA",
                  "id": "P237119.l07eb8",
                  "ref": "P237119.2.7",
                  "inst": "%akk-x-neobab:GI.NA=",
                  "f": {
                    "lang": "akk-x-neobab",
                    "form": "GI.NA"
                  }
                },
                {
                  "node": "l",
                  "frag": "a-pal-an-ni]",
                  "id": "P237119.l07eb9",
                  "ref": "P237119.2.8",
                  "inst": "%akk-x-neobab:a-pal-an-ni=",
                  "f": {
                    "lang": "akk-x-neobab",
                    "form": "a-pal-an-ni"
                  }
                },
                {
                  "node": "d",
                  "type": "line-start",
                  "ref": "P237119.3",
                  "n": "2",
                  "label": "o 2"
                },
                {
                  "node": "l",
                  "frag": "[MAŠ₂.MI",
                  "id": "P237119.l07eba",
                  "ref": "P237119.3.1",
                  "inst": "%akk-x-neobab:MAŠ₂.MI=",
                  "f": {
                    "lang": "akk-x-neobab",
                    "form": "MAŠ₂.MI"
                  }
                },
                {
                  "node": "l",
                  "frag": "ša₂]",
                  "id": "P237119.l07ebb",
                  "ref": "P237119.3.2",
                  "inst": "%akk-x-neobab:ša₂=",
                  "f": {
                    "lang": "akk-x-neobab",
                    "form": "ša₂"
                  }
                },
                {
                  "node": "l",
                  "frag": "{1}{d}aš-šur-DU₃-DUMU.[UŠ",
                  "id": "P237119.l07ebc",
                  "ref": "P237119.3.3",
                  "inst": "%akk-x-neobab:{1}{d}aš-šur-DU₃-DUMU.UŠ=",
                  "f": {
                    "lang": "akk-x-neobab",
                    "form": "{1}{d}aš-šur-DU₃-DUMU.UŠ"
                  }
                },
                {
                  "node": "l",
                  "frag": "DUMU",
                  "id": "P237119.l07ebd",
                  "ref": "P237119.3.4",
                  "inst": "%akk-x-neobab:DUMU=",
                  "f": {
                    "lang": "akk-x-neobab",
                    "form": "DUMU"
                  }
                },
                {
                  "node": "l",
                  "frag": "{1}{d}aš-šur-ŠEŠ-SUM-na",
                  "id": "P237119.l07ebe",
                  "ref": "P237119.3.5",
                  "inst": "%akk-x-neobab:{1}{d}aš-šur-ŠEŠ-SUM-na=",
                  "f": {
                    "lang": "akk-x-neobab",
                    "form": "{1}{d}aš-šur-ŠEŠ-SUM-na"
                  }
                },
                {
                  "node": "l",
                  "frag": "LUGAL",
                  "id": "P237119.l07ebf",
                  "ref": "P237119.3.6",
                  "inst": "%akk-x-neobab:LUGAL=",
                  "f": {
                    "lang": "akk-x-neobab",
                    "form": "LUGAL"
                  }
                },
                {
                  "node": "l",
                  "frag": "KUR-aš-šur{ki]}",
                  "id": "P237119.l07ec0",
                  "ref": "P237119.3.7",
                  "inst": "%akk-x-neobab:KUR-aš-šur{KI}=",
                  "f": {
                    "lang": "akk-x-neobab",
                    "form": "KUR-aš-šur{KI}"
                  }
                },
                {
                  "node": "d",
                  "type": "line-start",
                  "ref": "P237119.4",
                  "n": "3",
                  "label": "o 3"
                },
                {
                  "node": "l",
                  "frag": "[x",
                  "id": "P237119.l07ec1",
                  "ref": "P237119.4.1",
                  "inst": "%akk-x-neobab:x=",
                  "f": {
                    "lang": "akk-x-neobab",
                    "form": "x"
                  }
                },
                {
                  "node": "l",
                  "frag": "x",
                  "id": "P237119.l07ec2",
                  "ref": "P237119.4.2",
                  "inst": "%akk-x-neobab:x=",
                  "f": {
                    "lang": "akk-x-neobab",
                    "form": "x"
                  }
                },
                {
                  "node": "l",
                  "frag": "x",
                  "id": "P237119.l07ec3",
                  "ref": "P237119.4.3",
                  "inst": "%akk-x-neobab:x=",
                  "f": {
                    "lang": "akk-x-neobab",
                    "form": "x"
                  }
                },
                {
                  "node": "l",
                  "frag": "x",
                  "id": "P237119.l07ec4",
                  "ref": "P237119.4.4",
                  "inst": "%akk-x-neobab:x=",
                  "f": {
                    "lang": "akk-x-neobab",
                    "form": "x"
                  }
                },
                {
                  "node": "l",
                  "frag": "{iti]}DU₆",
                  "id": "P237119.l07ec5",
                  "ref": "P237119.4.5",
                  "inst": "%akk-x-neobab:{ITI}DU₆=",
                  "f": {
                    "lang": "akk-x-neobab",
                    "form": "{ITI}DU₆"
                  }
                },
                {
                  "node": "l",
                  "frag": "ša₂",
                  "id": "P237119.l07ec6",
                  "ref": "P237119.4.6",
                  "inst": "%akk-x-neobab:ša₂=",
                  "f": {
                    "lang": "akk-x-neobab",
                    "form": "ša₂"
                  }
                },
                {
                  "node": "l",
                  "frag": "MU.[AN.NA",
                  "id": "P237119.l07ec7",
                  "ref": "P237119.4.7",
                  "inst": "%akk-x-neobab:MU.AN.NA=",
                  "f": {
                    "lang": "akk-x-neobab",
                    "form": "MU.AN.NA"
                  }
                },
                {
                  "node": "l",
                  "frag": "x",
                  "id": "P237119.l07ec8",
                  "ref": "P237119.4.8",
                  "inst": "%akk-x-neobab:x=",
                  "f": {
                    "lang": "akk-x-neobab",
                    "form": "x"
                  }
                },
                {
                  "node": "l",
                  "frag": "x",
                  "id": "P237119.l07ec9",
                  "ref": "P237119.4.9",
                  "inst": "%akk-x-neobab:x=",
                  "f": {
                    "lang": "akk-x-neobab",
                    "form": "x"
                  }
                },
                {
                  "node": "l",
                  "frag": "x",
                  "id": "P237119.l07eca",
                  "ref": "P237119.4.10",
                  "inst": "%akk-x-neobab:x=",
                  "f": {
                    "lang": "akk-x-neobab",
                    "form": "x"
                  }
                },
                {
                  "node": "l",
                  "frag": "x",
                  "id": "P237119.l07ecb",
                  "ref": "P237119.4.11",
                  "inst": "%akk-x-neobab:x=",
                  "f": {
                    "lang": "akk-x-neobab",
                    "form": "x"
                  }
                },
                {
                  "node": "l",
                  "frag": "x",
                  "id": "P237119.l07ecc",
                  "ref": "P237119.4.12",
                  "inst": "%akk-x-neobab:x=",
                  "f": {
                    "lang": "akk-x-neobab",
                    "form": "x"
                  }
                },
                {
                  "node": "l",
                  "frag": "x",
                  "id": "P237119.l07ecd",
                  "ref": "P237119.4.13",
                  "inst": "%akk-x-neobab:x=",
                  "f": {
                    "lang": "akk-x-neobab",
                    "form": "x"
                  }
                },
                {
                  "node": "l",
                  "frag": "x",
                  "id": "P237119.l07ece",
                  "ref": "P237119.4.14",
                  "inst": "%akk-x-neobab:x=",
                  "f": {
                    "lang": "akk-x-neobab",
                    "form": "x"
                  }
                },
                {
                  "node": "l",
                  "frag": "x]",
                  "id": "P237119.l07ecf",
                  "ref": "P237119.4.15",
                  "inst": "%akk-x-neobab:x=",
                  "f": {
                    "lang": "akk-x-neobab",
                    "form": "x"
                  }
                },
                {
                  "node": "d",
                  "type": "line-start",
                  "ref": "P237119.5",
                  "n": "4",
                  "label": "o 4"
                },
                {
                  "node": "l",
                  "frag": "[x",
                  "id": "P237119.l07ed0",
                  "ref": "P237119.5.1",
                  "inst": "%akk-x-neobab:x=",
                  "f": {
                    "lang": "akk-x-neobab",
                    "form": "x"
                  }
                },
                {
                  "node": "l",
                  "frag": "x",
                  "id": "P237119.l07ed1",
                  "ref": "P237119.5.2",
                  "inst": "%akk-x-neobab:x=",
                  "f": {
                    "lang": "akk-x-neobab",
                    "form": "x"
                  }
                },
                {
                  "node": "l",
                  "frag": "x",
                  "id": "P237119.l07ed2",
                  "ref": "P237119.5.3",
                  "inst": "%akk-x-neobab:x=",
                  "f": {
                    "lang": "akk-x-neobab",
                    "form": "x"
                  }
                },
                {
                  "node": "l",
                  "frag": "x",
                  "id": "P237119.l07ed3",
                  "ref": "P237119.5.4",
                  "inst": "%akk-x-neobab:x=",
                  "f": {
                    "lang": "akk-x-neobab",
                    "form": "x"
                  }
                },
                {
                  "node": "l",
                  "frag": "x",
                  "id": "P237119.l07ed4",
                  "ref": "P237119.5.5",
                  "inst": "%akk-x-neobab:x=",
                  "f": {
                    "lang": "akk-x-neobab",
                    "form": "x"
                  }
                },
                {
                  "node": "l",
                  "frag": "x]",
                  "id": "P237119.l07ed5",
                  "ref": "P237119.5.6",
                  "inst": "%akk-x-neobab:x=",
                  "f": {
                    "lang": "akk-x-neobab",
                    "form": "x"
                  }
                },
                {
                  "node": "l",
                  "frag": "i-mu-⸢ru⸣",
                  "id": "P237119.l07ed6",
                  "ref": "P237119.5.7",
                  "inst": "%akk-x-neobab:i-mu-ru=",
                  "f": {
                    "lang": "akk-x-neobab",
                    "form": "i-mu-ru"
                  }
                },
                {
                  "node": "l",
                  "frag": "[x",
                  "id": "P237119.l07ed7",
                  "ref": "P237119.5.8",
                  "inst": "%akk-x-neobab:x=",
                  "f": {
                    "lang": "akk-x-neobab",
                    "form": "x"
                  }
                },
                {
                  "node": "l",
                  "frag": "x",
                  "id": "P237119.l07ed8",
                  "ref": "P237119.5.9",
                  "inst": "%akk-x-neobab:x=",
                  "f": {
                    "lang": "akk-x-neobab",
                    "form": "x"
                  }
                },
                {
                  "node": "l",
                  "frag": "x",
                  "id": "P237119.l07ed9",
                  "ref": "P237119.5.10",
                  "inst": "%akk-x-neobab:x=",
                  "f": {
                    "lang": "akk-x-neobab",
                    "form": "x"
                  }
                },
                {
                  "node": "l",
                  "frag": "x",
                  "id": "P237119.l07eda",
                  "ref": "P237119.5.11",
                  "inst": "%akk-x-neobab:x=",
                  "f": {
                    "lang": "akk-x-neobab",
                    "form": "x"
                  }
                },
                {
                  "node": "l",
                  "frag": "x",
                  "id": "P237119.l07edb",
                  "ref": "P237119.5.12",
                  "inst": "%akk-x-neobab:x=",
                  "f": {
                    "lang": "akk-x-neobab",
                    "form": "x"
                  }
                },
                {
                  "node": "l",
                  "frag": "x",
                  "id": "P237119.l07edc",
                  "ref": "P237119.5.13",
                  "inst": "%akk-x-neobab:x=",
                  "f": {
                    "lang": "akk-x-neobab",
                    "form": "x"
                  }
                },
                {
                  "node": "l",
                  "frag": "x",
                  "id": "P237119.l07edd",
                  "ref": "P237119.5.14",
                  "inst": "%akk-x-neobab:x=",
                  "f": {
                    "lang": "akk-x-neobab",
                    "form": "x"
                  }
                },
                {
                  "node": "l",
                  "frag": "x",
                  "id": "P237119.l07ede",
                  "ref": "P237119.5.15",
                  "inst": "%akk-x-neobab:x=",
                  "f": {
                    "lang": "akk-x-neobab",
                    "form": "x"
                  }
                },
                {
                  "node": "l",
                  "frag": "x]",
                  "id": "P237119.l07edf",
                  "ref": "P237119.5.16",
                  "inst": "%akk-x-neobab:x=",
                  "f": {
                    "lang": "akk-x-neobab",
                    "form": "x"
                  }
                },
                {
                  "node": "d",
                  "type": "line-start",
                  "ref": "P237119.6",
                  "n": "5",
                  "label": "o 5"
                },
                {
                  "node": "l",
                  "frag": "[x",
                  "id": "P237119.l07ee0",
                  "ref": "P237119.6.1",
                  "inst": "%akk-x-neobab:x=",
                  "f": {
                    "lang": "akk-x-neobab",
                    "form": "x"
                  }
                },
                {
                  "node": "l",
                  "frag": "x",
                  "id": "P237119.l07ee1",
                  "ref": "P237119.6.2",
                  "inst": "%akk-x-neobab:x=",
                  "f": {
                    "lang": "akk-x-neobab",
                    "form": "x"
                  }
                },
                {
                  "node": "l",
                  "frag": "x",
                  "id": "P237119.l07ee2",
                  "ref": "P237119.6.3",
                  "inst": "%akk-x-neobab:x=",
                  "f": {
                    "lang": "akk-x-neobab",
                    "form": "x"
                  }
                },
                {
                  "node": "l",
                  "frag": "x",
                  "id": "P237119.l07ee3",
                  "ref": "P237119.6.4",
                  "inst": "%akk-x-neobab:x=",
                  "f": {
                    "lang": "akk-x-neobab",
                    "form": "x"
                  }
                },
                {
                  "node": "l",
                  "frag": "x",
                  "id": "P237119.l07ee4",
                  "ref": "P237119.6.5",
                  "inst": "%akk-x-neobab:x=",
                  "f": {
                    "lang": "akk-x-neobab",
                    "form": "x"
                  }
                },
                {
                  "node": "l",
                  "frag": "x]",
                  "id": "P237119.l07ee5",
                  "ref": "P237119.6.6",
                  "inst": "%akk-x-neobab:x=",
                  "f": {
                    "lang": "akk-x-neobab",
                    "form": "x"
                  }
                },
                {
                  "node": "l",
                  "frag": "{d}UTU",
                  "id": "P237119.l07ee6",
                  "ref": "P237119.6.7",
                  "inst": "%akk-x-neobab:{d}UTU=",
                  "f": {
                    "lang": "akk-x-neobab",
                    "form": "{d}UTU"
                  }
                },
                {
                  "node": "l",
                  "frag": "[x",
                  "id": "P237119.l07ee7",
                  "ref": "P237119.6.8",
                  "inst": "%akk-x-neobab:x=",
                  "f": {
                    "lang": "akk-x-neobab",
                    "form": "x"
                  }
                },
                {
                  "node": "l",
                  "frag": "x",
                  "id": "P237119.l07ee8",
                  "ref": "P237119.6.9",
                  "inst": "%akk-x-neobab:x=",
                  "f": {
                    "lang": "akk-x-neobab",
                    "form": "x"
                  }
                },
                {
                  "node": "l",
                  "frag": "x",
                  "id": "P237119.l07ee9",
                  "ref": "P237119.6.10",
                  "inst": "%akk-x-neobab:x=",
                  "f": {
                    "lang": "akk-x-neobab",
                    "form": "x"
                  }
                },
                {
                  "node": "l",
                  "frag": "x",
                  "id": "P237119.l07eea",
                  "ref": "P237119.6.11",
                  "inst": "%akk-x-neobab:x=",
                  "f": {
                    "lang": "akk-x-neobab",
                    "form": "x"
                  }
                },
                {
                  "node": "l",
                  "frag": "x",
                  "id": "P237119.l07eeb",
                  "ref": "P237119.6.12",
                  "inst": "%akk-x-neobab:x=",
                  "f": {
                    "lang": "akk-x-neobab",
                    "form": "x"
                  }
                },
                {
                  "node": "l",
                  "frag": "x",
                  "id": "P237119.l07eec",
                  "ref": "P237119.6.13",
                  "inst": "%akk-x-neobab:x=",
                  "f": {
                    "lang": "akk-x-neobab",
                    "form": "x"
                  }
                },
                {
                  "node": "l",
                  "frag": "x",
                  "id": "P237119.l07eed",
                  "ref": "P237119.6.14",
                  "inst": "%akk-x-neobab:x=",
                  "f": {
                    "lang": "akk-x-neobab",
                    "form": "x"
                  }
                },
                {
                  "node": "l",
                  "frag": "x",
                  "id": "P237119.l07eee",
                  "ref": "P237119.6.15",
                  "inst": "%akk-x-neobab:x=",
                  "f": {
                    "lang": "akk-x-neobab",
                    "form": "x"
                  }
                },
                {
                  "node": "l",
                  "frag": "x",
                  "id": "P237119.l07eef",
                  "ref": "P237119.6.16",
                  "inst": "%akk-x-neobab:x=",
                  "f": {
                    "lang": "akk-x-neobab",
                    "form": "x"
                  }
                },
                {
                  "node": "l",
                  "frag": "x]",
                  "id": "P237119.l07ef0",
                  "ref": "P237119.6.17",
                  "inst": "%akk-x-neobab:x=",
                  "f": {
                    "lang": "akk-x-neobab",
                    "form": "x"
                  }
                },
                {
                  "node": "d",
                  "type": "line-start",
                  "ref": "P237119.7",
                  "n": "6",
                  "label": "o 6"
                },
                {
                  "node": "l",
                  "frag": "[x",
                  "id": "P237119.l07ef1",
                  "ref": "P237119.7.1",
                  "inst": "%akk-x-neobab:x=",
                  "f": {
                    "lang": "akk-x-neobab",
                    "form": "x"
                  }
                },
                {
                  "node": "l",
                  "frag": "x",
                  "id": "P237119.l07ef2",
                  "ref": "P237119.7.2",
                  "inst": "%akk-x-neobab:x=",
                  "f": {
                    "lang": "akk-x-neobab",
                    "form": "x"
                  }
                },
                {
                  "node": "l",
                  "frag": "x",
                  "id": "P237119.l07ef3",
                  "ref": "P237119.7.3",
                  "inst": "%akk-x-neobab:x=",
                  "f": {
                    "lang": "akk-x-neobab",
                    "form": "x"
                  }
                },
                {
                  "node": "l",
                  "frag": "x",
                  "id": "P237119.l07ef4",
                  "ref": "P237119.7.4",
                  "inst": "%akk-x-neobab:x=",
                  "f": {
                    "lang": "akk-x-neobab",
                    "form": "x"
                  }
                },
                {
                  "node": "l",
                  "frag": "x",
                  "id": "P237119.l07ef5",
                  "ref": "P237119.7.5",
                  "inst": "%akk-x-neobab:x=",
                  "f": {
                    "lang": "akk-x-neobab",
                    "form": "x"
                  }
                },
                {
                  "node": "l",
                  "frag": "x",
                  "id": "P237119.l07ef6",
                  "ref": "P237119.7.6",
                  "inst": "%akk-x-neobab:x=",
                  "f": {
                    "lang": "akk-x-neobab",
                    "form": "x"
                  }
                },
                {
                  "node": "l",
                  "frag": "x]",
                  "id": "P237119.l07ef7",
                  "ref": "P237119.7.7",
                  "inst": "%akk-x-neobab:x=",
                  "f": {
                    "lang": "akk-x-neobab",
                    "form": "x"
                  }
                },
                {
                  "node": "l",
                  "frag": "i-na",
                  "id": "P237119.l07ef8",
                  "ref": "P237119.7.8",
                  "inst": "%akk-x-neobab:i-na=",
                  "f": {
                    "lang": "akk-x-neobab",
                    "form": "i-na"
                  }
                },
                {
                  "node": "l",
                  "frag": "⸢KA⸣",
                  "id": "P237119.l07ef9",
                  "ref": "P237119.7.9",
                  "inst": "%akk-x-neobab:KA=",
                  "f": {
                    "lang": "akk-x-neobab",
                    "form": "KA"
                  }
                },
                {
                  "node": "l",
                  "frag": "[x",
                  "id": "P237119.l07efa",
                  "ref": "P237119.7.10",
                  "inst": "%akk-x-neobab:x=",
                  "f": {
                    "lang": "akk-x-neobab",
                    "form": "x"
                  }
                },
                {
                  "node": "l",
                  "frag": "x",
                  "id": "P237119.l07efb",
                  "ref": "P237119.7.11",
                  "inst": "%akk-x-neobab:x=",
                  "f": {
                    "lang": "akk-x-neobab",
                    "form": "x"
                  }
                },
                {
                  "node": "l",
                  "frag": "x",
                  "id": "P237119.l07efc",
                  "ref": "P237119.7.12",
                  "inst": "%akk-x-neobab:x=",
                  "f": {
                    "lang": "akk-x-neobab",
                    "form": "x"
                  }
                },
                {
                  "node": "l",
                  "frag": "x",
                  "id": "P237119.l07efd",
                  "ref": "P237119.7.13",
                  "inst": "%akk-x-neobab:x=",
                  "f": {
                    "lang": "akk-x-neobab",
                    "form": "x"
                  }
                },
                {
                  "node": "l",
                  "frag": "x",
                  "id": "P237119.l07efe",
                  "ref": "P237119.7.14",
                  "inst": "%akk-x-neobab:x=",
                  "f": {
                    "lang": "akk-x-neobab",
                    "form": "x"
                  }
                },
                {
                  "node": "l",
                  "frag": "x",
                  "id": "P237119.l07eff",
                  "ref": "P237119.7.15",
                  "inst": "%akk-x-neobab:x=",
                  "f": {
                    "lang": "akk-x-neobab",
                    "form": "x"
                  }
                },
                {
                  "node": "l",
                  "frag": "x",
                  "id": "P237119.l07f00",
                  "ref": "P237119.7.16",
                  "inst": "%akk-x-neobab:x=",
                  "f": {
                    "lang": "akk-x-neobab",
                    "form": "x"
                  }
                },
                {
                  "node": "l",
                  "frag": "x",
                  "id": "P237119.l07f01",
                  "ref": "P237119.7.17",
                  "inst": "%akk-x-neobab:x=",
                  "f": {
                    "lang": "akk-x-neobab",
                    "form": "x"
                  }
                },
                {
                  "node": "l",
                  "frag": "x]",
                  "id": "P237119.l07f02",
                  "ref": "P237119.7.18",
                  "inst": "%akk-x-neobab:x=",
                  "f": {
                    "lang": "akk-x-neobab",
                    "form": "x"
                  }
                },
                {
                  "node": "d",
                  "type": "line-start",
                  "ref": "P237119.8",
                  "n": "7",
                  "label": "o 7"
                },
                {
                  "node": "l",
                  "frag": "[x",
                  "id": "P237119.l07f03",
                  "ref": "P237119.8.1",
                  "inst": "%akk-x-neobab:x=",
                  "f": {
                    "lang": "akk-x-neobab",
                    "form": "x"
                  }
                },
                {
                  "node": "l",
                  "frag": "x",
                  "id": "P237119.l07f04",
                  "ref": "P237119.8.2",
                  "inst": "%akk-x-neobab:x=",
                  "f": {
                    "lang": "akk-x-neobab",
                    "form": "x"
                  }
                },
                {
                  "node": "l",
                  "frag": "x",
                  "id": "P237119.l07f05",
                  "ref": "P237119.8.3",
                  "inst": "%akk-x-neobab:x=",
                  "f": {
                    "lang": "akk-x-neobab",
                    "form": "x"
                  }
                },
                {
                  "node": "l",
                  "frag": "x",
                  "id": "P237119.l07f06",
                  "ref": "P237119.8.4",
                  "inst": "%akk-x-neobab:x=",
                  "f": {
                    "lang": "akk-x-neobab",
                    "form": "x"
                  }
                },
                {
                  "node": "l",
                  "frag": "x",
                  "id": "P237119.l07f07",
                  "ref": "P237119.8.5",
                  "inst": "%akk-x-neobab:x=",
                  "f": {
                    "lang": "akk-x-neobab",
                    "form": "x"
                  }
                },
                {
                  "node": "l",
                  "frag": "x",
                  "id": "P237119.l07f08",
                  "ref": "P237119.8.6",
                  "inst": "%akk-x-neobab:x=",
                  "f": {
                    "lang": "akk-x-neobab",
                    "form": "x"
                  }
                },
                {
                  "node": "l",
                  "frag": "x",
                  "id": "P237119.l07f09",
                  "ref": "P237119.8.7",
                  "inst": "%akk-x-neobab:x=",
                  "f": {
                    "lang": "akk-x-neobab",
                    "form": "x"
                  }
                },
                {
                  "node": "l",
                  "frag": "x]",
                  "id": "P237119.l07f0a",
                  "ref": "P237119.8.8",
                  "inst": "%akk-x-neobab:x=",
                  "f": {
                    "lang": "akk-x-neobab",
                    "form": "x"
                  }
                },
                {
                  "node": "l",
                  "frag": "⸢TUKU⸣",
                  "id": "P237119.l07f0b",
                  "ref": "P237119.8.9",
                  "inst": "%akk-x-neobab:TUKU=",
                  "f": {
                    "lang": "akk-x-neobab",
                    "form": "TUKU"
                  }
                },
                {
                  "node": "l",
                  "frag": "[x",
                  "id": "P237119.l07f0c",
                  "ref": "P237119.8.10",
                  "inst": "%akk-x-neobab:x=",
                  "f": {
                    "lang": "akk-x-neobab",
                    "form": "x"
                  }
                },
                {
                  "node": "l",
                  "frag": "x",
                  "id": "P237119.l07f0d",
                  "ref": "P237119.8.11",
                  "inst": "%akk-x-neobab:x=",
                  "f": {
                    "lang": "akk-x-neobab",
                    "form": "x"
                  }
                },
                {
                  "node": "l",
                  "frag": "x",
                  "id": "P237119.l07f0e",
                  "ref": "P237119.8.12",
                  "inst": "%akk-x-neobab:x=",
                  "f": {
                    "lang": "akk-x-neobab",
                    "form": "x"
                  }
                },
                {
                  "node": "l",
                  "frag": "x",
                  "id": "P237119.l07f0f",
                  "ref": "P237119.8.13",
                  "inst": "%akk-x-neobab:x=",
                  "f": {
                    "lang": "akk-x-neobab",
                    "form": "x"
                  }
                },
                {
                  "node": "l",
                  "frag": "x",
                  "id": "P237119.l07f10",
                  "ref": "P237119.8.14",
                  "inst": "%akk-x-neobab:x=",
                  "f": {
                    "lang": "akk-x-neobab",
                    "form": "x"
                  }
                },
                {
                  "node": "l",
                  "frag": "x",
                  "id": "P237119.l07f11",
                  "ref": "P237119.8.15",
                  "inst": "%akk-x-neobab:x=",
                  "f": {
                    "lang": "akk-x-neobab",
                    "form": "x"
                  }
                },
                {
                  "node": "l",
                  "frag": "x",
                  "id": "P237119.l07f12",
                  "ref": "P237119.8.16",
                  "inst": "%akk-x-neobab:x=",
                  "f": {
                    "lang": "akk-x-neobab",
                    "form": "x"
                  }
                },
                {
                  "node": "l",
                  "frag": "x",
                  "id": "P237119.l07f13",
                  "ref": "P237119.8.17",
                  "inst": "%akk-x-neobab:x=",
                  "f": {
                    "lang": "akk-x-neobab",
                    "form": "x"
                  }
                },
                {
                  "node": "l",
                  "frag": "x]",
                  "id": "P237119.l07f14",
                  "ref": "P237119.8.18",
                  "inst": "%akk-x-neobab:x=",
                  "f": {
                    "lang": "akk-x-neobab",
                    "form": "x"
                  }
                },
                {
                  "node": "d",
                  "type": "nonx",
                  "ref": "P237119.9",
                  "strict": "0",
                  "extent": "rest",
                  "state": "missing"
                },
                {
                  "node": "d",
                  "subtype": "reverse",
                  "type": "reverse",
                  "ref": "P237119.r.10",
                  "label": "r"
                },
                {
                  "node": "d",
                  "type": "nonx",
                  "ref": "P237119.11",
                  "strict": "0",
                  "state": "missing"
                }
              ]
            }
          ]
        }
      ]
    }
  ]
}
