{
  "type": "cdl",
  "source": "http://oracc.org/saao/saa04",
  "license": "This data is released under the CC0 license",
  "license-url": "https://creativecommons.org/publicdomain/zero/1.0/",
  "more-info": "http://oracc.org/doc/opendata/",
  "UTC-timestamp": "2017-06-10T00:39:04",
  "project": "saao/saa04",
  "textid": "P237374",
  "cdl": [
    {
      "node": "c",
      "type": "text",
      "id": "P237374.U0",
      "cdl": [
        {
          "node": "d",
          "type": "object",
          "ref": ""
        },
        {
          "node": "d",
          "subtype": "obverse",
          "type": "obverse",
          "ref": "P237374.o.1",
          "label": "o"
        },
        {
          "node": "c",
          "type": "discourse",
          "subtype": "body",
          "id": "P237374.U1",
          "cdl": [
            {
              "node": "c",
              "type": "sentence",
              "id": "P237374.U2",
              "label": "o 1 - r 8'",
              "cdl": [
                {
                  "node": "d",
                  "type": "line-start",
                  "ref": "P237374.2",
                  "n": "1",
                  "label": "o 1"
                },
                {
                  "node": "l",
                  "frag": "{[d}UTU",
                  "id": "P237374.l05593",
                  "ref": "P237374.2.1",
                  "inst": "%akk-x-neobab:{d}UTU=",
                  "f": {
                    "lang": "akk-x-neobab",
                    "form": "{d}UTU"
                  }
                },
                {
                  "node": "l",
                  "frag": "EN",
                  "id": "P237374.l05594",
                  "ref": "P237374.2.2",
                  "inst": "%akk-x-neobab:EN=",
                  "f": {
                    "lang": "akk-x-neobab",
                    "form": "EN"
                  }
                },
                {
                  "node": "l",
                  "frag": "GAL-u₂",
                  "id": "P237374.l05595",
                  "ref": "P237374.2.3",
                  "inst": "%akk-x-neobab:GAL-u₂=",
                  "f": {
                    "lang": "akk-x-neobab",
                    "form": "GAL-u₂"
                  }
                },
                {
                  "node": "l",
                  "frag": "ša₂",
                  "id": "P237374.l05596",
                  "ref": "P237374.2.4",
                  "inst": "%akk-x-neobab:ša₂=",
                  "f": {
                    "lang": "akk-x-neobab",
                    "form": "ša₂"
                  }
                },
                {
                  "node": "l",
                  "frag": "a-šal-lu-ka",
                  "id": "P237374.l05597",
                  "ref": "P237374.2.5",
                  "inst": "%akk-x-neobab:a-šal-lu-ka=",
                  "f": {
                    "lang": "akk-x-neobab",
                    "form": "a-šal-lu-ka"
                  }
                },
                {
                  "node": "l",
                  "frag": "an]-⸢na⸣",
                  "id": "P237374.l05598",
                  "ref": "P237374.2.6",
                  "inst": "%akk-x-neobab:an-na=",
                  "f": {
                    "lang": "akk-x-neobab",
                    "form": "an-na"
                  }
                },
                {
                  "node": "l",
                  "frag": "GI.NA",
                  "id": "P237374.l05599",
                  "ref": "P237374.2.7",
                  "inst": "%akk-x-neobab:GI.NA=",
                  "f": {
                    "lang": "akk-x-neobab",
                    "form": "GI.NA"
                  }
                },
                {
                  "node": "l",
                  "frag": "[a-pal-an-ni]",
                  "id": "P237374.l0559a",
                  "ref": "P237374.2.8",
                  "inst": "%akk-x-neobab:a-pal-an-ni=",
                  "f": {
                    "lang": "akk-x-neobab",
                    "form": "a-pal-an-ni"
                  }
                },
                {
                  "node": "d",
                  "type": "line-start",
                  "ref": "P237374.3",
                  "n": "2",
                  "label": "o 2"
                },
                {
                  "node": "l",
                  "frag": "[TA",
                  "id": "P237374.l0559b",
                  "ref": "P237374.3.1",
                  "inst": "%akk-x-neobab:TA=",
                  "f": {
                    "lang": "akk-x-neobab",
                    "form": "TA"
                  }
                },
                {
                  "node": "l",
                  "frag": "UD",
                  "id": "P237374.l0559c",
                  "ref": "P237374.3.2",
                  "inst": "%akk-x-neobab:UD=",
                  "f": {
                    "lang": "akk-x-neobab",
                    "form": "UD"
                  }
                },
                {
                  "node": "l",
                  "frag": "NE-i",
                  "id": "P237374.l0559d",
                  "ref": "P237374.3.3",
                  "inst": "%akk-x-neobab:NE-i=",
                  "f": {
                    "lang": "akk-x-neobab",
                    "form": "NE-i"
                  }
                },
                {
                  "node": "l",
                  "frag": "UD-x-KAM",
                  "id": "P237374.l0559e",
                  "ref": "P237374.3.4",
                  "inst": "%akk-x-neobab:UD-x-KAM=",
                  "f": {
                    "lang": "akk-x-neobab",
                    "form": "UD-x-KAM"
                  }
                },
                {
                  "node": "l",
                  "frag": "ša₂",
                  "id": "P237374.l0559f",
                  "ref": "P237374.3.5",
                  "inst": "%akk-x-neobab:ša₂=",
                  "f": {
                    "lang": "akk-x-neobab",
                    "form": "ša₂"
                  }
                },
                {
                  "node": "l",
                  "frag": "ITI",
                  "id": "P237374.l055a0",
                  "ref": "P237374.3.6",
                  "inst": "%akk-x-neobab:ITI=",
                  "f": {
                    "lang": "akk-x-neobab",
                    "form": "ITI"
                  }
                },
                {
                  "node": "l",
                  "frag": "NE-i]",
                  "id": "P237374.l055a1",
                  "ref": "P237374.3.7",
                  "inst": "%akk-x-neobab:NE-i=",
                  "f": {
                    "lang": "akk-x-neobab",
                    "form": "NE-i"
                  }
                },
                {
                  "node": "l",
                  "frag": "{iti}ZIZ₂.AM₃",
                  "id": "P237374.l055a2",
                  "ref": "P237374.3.8",
                  "inst": "%akk-x-neobab:{ITI}ZIZ₂.AM₃=",
                  "f": {
                    "lang": "akk-x-neobab",
                    "form": "{ITI}ZIZ₂.AM₃"
                  }
                },
                {
                  "node": "l",
                  "frag": "⸢ša₂⸣",
                  "id": "P237374.l055a3",
                  "ref": "P237374.3.9",
                  "inst": "%akk-x-neobab:ša₂=",
                  "f": {
                    "lang": "akk-x-neobab",
                    "form": "ša₂"
                  }
                },
                {
                  "node": "l",
                  "frag": "[MU.AN.NA",
                  "id": "P237374.l055a4",
                  "ref": "P237374.3.10",
                  "inst": "%akk-x-neobab:MU.AN.NA=",
                  "f": {
                    "lang": "akk-x-neobab",
                    "form": "MU.AN.NA"
                  }
                },
                {
                  "node": "l",
                  "frag": "NE-ti]",
                  "id": "P237374.l055a5",
                  "ref": "P237374.3.11",
                  "inst": "%akk-x-neobab:NE-ti=",
                  "f": {
                    "lang": "akk-x-neobab",
                    "form": "NE-ti"
                  }
                },
                {
                  "node": "d",
                  "type": "line-start",
                  "ref": "P237374.4",
                  "n": "3",
                  "label": "o 3"
                },
                {
                  "node": "l",
                  "frag": "[EN",
                  "id": "P237374.l055a6",
                  "ref": "P237374.4.1",
                  "inst": "%akk-x-neobab:EN=",
                  "f": {
                    "lang": "akk-x-neobab",
                    "form": "EN"
                  }
                },
                {
                  "node": "l",
                  "frag": "UD-x-KAM",
                  "id": "P237374.l055a7",
                  "ref": "P237374.4.2",
                  "inst": "%akk-x-neobab:UD-x-KAM=",
                  "f": {
                    "lang": "akk-x-neobab",
                    "form": "UD-x-KAM"
                  }
                },
                {
                  "node": "l",
                  "frag": "ša₂",
                  "id": "P237374.l055a8",
                  "ref": "P237374.4.3",
                  "inst": "%akk-x-neobab:ša₂=",
                  "f": {
                    "lang": "akk-x-neobab",
                    "form": "ša₂"
                  }
                },
                {
                  "node": "l",
                  "frag": "ITI",
                  "id": "P237374.l055a9",
                  "ref": "P237374.4.4",
                  "inst": "%akk-x-neobab:ITI=",
                  "f": {
                    "lang": "akk-x-neobab",
                    "form": "ITI"
                  }
                },
                {
                  "node": "l",
                  "frag": "NE-i",
                  "id": "P237374.l055aa",
                  "ref": "P237374.4.5",
                  "inst": "%akk-x-neobab:NE-i=",
                  "f": {
                    "lang": "akk-x-neobab",
                    "form": "NE-i"
                  }
                },
                {
                  "node": "l",
                  "frag": "{iti}BARAG",
                  "id": "P237374.l055ab",
                  "ref": "P237374.4.6",
                  "inst": "%akk-x-neobab:{ITI}BARAG=",
                  "f": {
                    "lang": "akk-x-neobab",
                    "form": "{ITI}BARAG"
                  }
                },
                {
                  "node": "l",
                  "frag": "ša₂",
                  "id": "P237374.l055ac",
                  "ref": "P237374.4.7",
                  "inst": "%akk-x-neobab:ša₂=",
                  "f": {
                    "lang": "akk-x-neobab",
                    "form": "ša₂"
                  }
                },
                {
                  "node": "l",
                  "frag": "MU.AN].⸢NA⸣",
                  "id": "P237374.l055ad",
                  "ref": "P237374.4.8",
                  "inst": "%akk-x-neobab:MU.AN.NA=",
                  "f": {
                    "lang": "akk-x-neobab",
                    "form": "MU.AN.NA"
                  }
                },
                {
                  "node": "l",
                  "frag": "e-rib-tu",
                  "id": "P237374.l055ae",
                  "ref": "P237374.4.9",
                  "inst": "%akk-x-neobab:e-rib-tu=",
                  "f": {
                    "lang": "akk-x-neobab",
                    "form": "e-rib-tu"
                  }
                },
                {
                  "node": "l",
                  "frag": "50",
                  "id": "P237374.l055af",
                  "ref": "P237374.4.10",
                  "inst": "%akk-x-neobab:50=",
                  "f": {
                    "lang": "akk-x-neobab",
                    "form": "50"
                  }
                },
                {
                  "node": "l",
                  "frag": "⸢UD⸣-[MEŠ",
                  "id": "P237374.l055b0",
                  "ref": "P237374.4.11",
                  "inst": "%akk-x-neobab:UD-MEŠ=",
                  "f": {
                    "lang": "akk-x-neobab",
                    "form": "UD-MEŠ"
                  }
                },
                {
                  "node": "l",
                  "frag": "50",
                  "id": "P237374.l055b1",
                  "ref": "P237374.4.12",
                  "inst": "%akk-x-neobab:50=",
                  "f": {
                    "lang": "akk-x-neobab",
                    "form": "50"
                  }
                },
                {
                  "node": "l",
                  "frag": "MI-MEŠ]",
                  "id": "P237374.l055b2",
                  "ref": "P237374.4.13",
                  "inst": "%akk-x-neobab:MI-MEŠ=",
                  "f": {
                    "lang": "akk-x-neobab",
                    "form": "MI-MEŠ"
                  }
                },
                {
                  "node": "d",
                  "type": "line-start",
                  "ref": "P237374.5",
                  "n": "4",
                  "label": "o 4"
                },
                {
                  "node": "l",
                  "frag": "[ši-kin",
                  "id": "P237374.l055b3",
                  "ref": "P237374.5.1",
                  "inst": "%akk-x-neobab:ši-kin=",
                  "f": {
                    "lang": "akk-x-neobab",
                    "form": "ši-kin"
                  }
                },
                {
                  "node": "l",
                  "frag": "RI",
                  "id": "P237374.l055b4",
                  "ref": "P237374.5.2",
                  "inst": "%akk-x-neobab:RI=",
                  "f": {
                    "lang": "akk-x-neobab",
                    "form": "RI"
                  }
                },
                {
                  "node": "l",
                  "frag": "i-na",
                  "id": "P237374.l055b5",
                  "ref": "P237374.5.3",
                  "inst": "%akk-x-neobab:i-na=",
                  "f": {
                    "lang": "akk-x-neobab",
                    "form": "i-na"
                  }
                },
                {
                  "node": "l",
                  "frag": "ši-kin",
                  "id": "P237374.l055b6",
                  "ref": "P237374.5.4",
                  "inst": "%akk-x-neobab:ši-kin=",
                  "f": {
                    "lang": "akk-x-neobab",
                    "form": "ši-kin"
                  }
                },
                {
                  "node": "l",
                  "frag": "RI",
                  "id": "P237374.l055b7",
                  "ref": "P237374.5.5",
                  "inst": "%akk-x-neobab:RI=",
                  "f": {
                    "lang": "akk-x-neobab",
                    "form": "RI"
                  }
                },
                {
                  "node": "l",
                  "frag": "UR₅-tu₂",
                  "id": "P237374.l055b8",
                  "ref": "P237374.5.6",
                  "inst": "%akk-x-neobab:UR₅-tu₂=",
                  "f": {
                    "lang": "akk-x-neobab",
                    "form": "UR₅-tu₂"
                  }
                },
                {
                  "node": "l",
                  "frag": "{1}{d}aš-šur]-⸢ŠEŠ⸣-SUM-na",
                  "id": "P237374.l055b9",
                  "ref": "P237374.5.7",
                  "inst": "%akk-x-neobab:{1}{d}aš-šur-ŠEŠ-SUM-na=",
                  "f": {
                    "lang": "akk-x-neobab",
                    "form": "{1}{d}aš-šur-ŠEŠ-SUM-na"
                  }
                },
                {
                  "node": "l",
                  "frag": "LUGAL",
                  "id": "P237374.l055ba",
                  "ref": "P237374.5.8",
                  "inst": "%akk-x-neobab:LUGAL=",
                  "f": {
                    "lang": "akk-x-neobab",
                    "form": "LUGAL"
                  }
                },
                {
                  "node": "l",
                  "frag": "KUR-[aš-šur{ki}",
                  "id": "P237374.l055bb",
                  "ref": "P237374.5.9",
                  "inst": "%akk-x-neobab:KUR-aš-šur{KI}=",
                  "f": {
                    "lang": "akk-x-neobab",
                    "form": "KUR-aš-šur{KI}"
                  }
                },
                {
                  "node": "l",
                  "frag": "ša₂",
                  "id": "P237374.l055bc",
                  "ref": "P237374.5.10",
                  "inst": "%akk-x-neobab:ša₂=",
                  "f": {
                    "lang": "akk-x-neobab",
                    "form": "ša₂"
                  }
                },
                {
                  "node": "l",
                  "frag": "TA-an-ni]",
                  "id": "P237374.l055bd",
                  "ref": "P237374.5.11",
                  "inst": "%akk-x-neobab:TA-an-ni=",
                  "f": {
                    "lang": "akk-x-neobab",
                    "form": "TA-an-ni"
                  }
                },
                {
                  "node": "d",
                  "type": "line-start",
                  "ref": "P237374.6",
                  "n": "5",
                  "label": "o 5"
                },
                {
                  "node": "l",
                  "frag": "[x",
                  "id": "P237374.l055be",
                  "ref": "P237374.6.1",
                  "inst": "%akk-x-neobab:x=",
                  "f": {
                    "lang": "akk-x-neobab",
                    "form": "x"
                  }
                },
                {
                  "node": "l",
                  "frag": "x",
                  "id": "P237374.l055bf",
                  "ref": "P237374.6.2",
                  "inst": "%akk-x-neobab:x=",
                  "f": {
                    "lang": "akk-x-neobab",
                    "form": "x"
                  }
                },
                {
                  "node": "l",
                  "frag": "x",
                  "id": "P237374.l055c0",
                  "ref": "P237374.6.3",
                  "inst": "%akk-x-neobab:x=",
                  "f": {
                    "lang": "akk-x-neobab",
                    "form": "x"
                  }
                },
                {
                  "node": "l",
                  "frag": "x",
                  "id": "P237374.l055c1",
                  "ref": "P237374.6.4",
                  "inst": "%akk-x-neobab:x=",
                  "f": {
                    "lang": "akk-x-neobab",
                    "form": "x"
                  }
                },
                {
                  "node": "l",
                  "frag": "x",
                  "id": "P237374.l055c2",
                  "ref": "P237374.6.5",
                  "inst": "%akk-x-neobab:x=",
                  "f": {
                    "lang": "akk-x-neobab",
                    "form": "x"
                  }
                },
                {
                  "node": "l",
                  "frag": "x",
                  "id": "P237374.l055c3",
                  "ref": "P237374.6.6",
                  "inst": "%akk-x-neobab:x=",
                  "f": {
                    "lang": "akk-x-neobab",
                    "form": "x"
                  }
                },
                {
                  "node": "l",
                  "frag": "x",
                  "id": "P237374.l055c4",
                  "ref": "P237374.6.7",
                  "inst": "%akk-x-neobab:x=",
                  "f": {
                    "lang": "akk-x-neobab",
                    "form": "x"
                  }
                },
                {
                  "node": "l",
                  "frag": "x",
                  "id": "P237374.l055c5",
                  "ref": "P237374.6.8",
                  "inst": "%akk-x-neobab:x=",
                  "f": {
                    "lang": "akk-x-neobab",
                    "form": "x"
                  }
                },
                {
                  "node": "l",
                  "frag": "x",
                  "id": "P237374.l055c6",
                  "ref": "P237374.6.9",
                  "inst": "%akk-x-neobab:x=",
                  "f": {
                    "lang": "akk-x-neobab",
                    "form": "x"
                  }
                },
                {
                  "node": "l",
                  "frag": "a-na]",
                  "id": "P237374.l055c7",
                  "ref": "P237374.6.10",
                  "inst": "%akk-x-neobab:a-na=",
                  "f": {
                    "lang": "akk-x-neobab",
                    "form": "a-na"
                  }
                },
                {
                  "node": "l",
                  "frag": "KIN-šu₂-ma",
                  "id": "P237374.l055c8",
                  "ref": "P237374.6.11",
                  "inst": "%akk-x-neobab:KIN-šu₂-ma=",
                  "f": {
                    "lang": "akk-x-neobab",
                    "form": "KIN-šu₂-ma"
                  }
                },
                {
                  "node": "l",
                  "frag": "⸢ti⸣-[iṣ-mu-ru-ma",
                  "id": "P237374.l055c9",
                  "ref": "P237374.6.12",
                  "inst": "%akk-x-neobab:ti-iṣ-mu-ru-ma=",
                  "f": {
                    "lang": "akk-x-neobab",
                    "form": "ti-iṣ-mu-ru-ma"
                  }
                },
                {
                  "node": "l",
                  "frag": "DINGIR-ut-ka",
                  "id": "P237374.l055ca",
                  "ref": "P237374.6.13",
                  "inst": "%akk-x-neobab:DINGIR-ut-ka=",
                  "f": {
                    "lang": "akk-x-neobab",
                    "form": "DINGIR-ut-ka"
                  }
                },
                {
                  "node": "l",
                  "frag": "GAL-ti",
                  "id": "P237374.l055cb",
                  "ref": "P237374.6.14",
                  "inst": "%akk-x-neobab:GAL-ti=",
                  "f": {
                    "lang": "akk-x-neobab",
                    "form": "GAL-ti"
                  }
                },
                {
                  "node": "l",
                  "frag": "ZU-u₂]",
                  "id": "P237374.l055cc",
                  "ref": "P237374.6.15",
                  "inst": "%akk-x-neobab:ZU-u₂=",
                  "f": {
                    "lang": "akk-x-neobab",
                    "form": "ZU-u₂"
                  }
                },
                {
                  "node": "d",
                  "type": "line-start",
                  "ref": "P237374.7",
                  "n": "6",
                  "label": "o 6"
                },
                {
                  "node": "l",
                  "frag": "[GIM",
                  "id": "P237374.l055cd",
                  "ref": "P237374.7.1",
                  "inst": "%akk-x-neobab:GIM=",
                  "f": {
                    "lang": "akk-x-neobab",
                    "form": "GIM"
                  }
                },
                {
                  "node": "l",
                  "frag": "KA",
                  "id": "P237374.l055ce",
                  "ref": "P237374.7.2",
                  "inst": "%akk-x-neobab:KA=",
                  "f": {
                    "lang": "akk-x-neobab",
                    "form": "KA"
                  }
                },
                {
                  "node": "l",
                  "frag": "DINGIR-ti-ka",
                  "id": "P237374.l055cf",
                  "ref": "P237374.7.3",
                  "inst": "%akk-x-neobab:DINGIR-ti-ka=",
                  "f": {
                    "lang": "akk-x-neobab",
                    "form": "DINGIR-ti-ka"
                  }
                },
                {
                  "node": "l",
                  "frag": "GAL-ti",
                  "id": "P237374.l055d0",
                  "ref": "P237374.7.4",
                  "inst": "%akk-x-neobab:GAL-ti=",
                  "f": {
                    "lang": "akk-x-neobab",
                    "form": "GAL-ti"
                  }
                },
                {
                  "node": "l",
                  "frag": "{d}UTU",
                  "id": "P237374.l055d1",
                  "ref": "P237374.7.5",
                  "inst": "%akk-x-neobab:{d}UTU=",
                  "f": {
                    "lang": "akk-x-neobab",
                    "form": "{d}UTU"
                  }
                },
                {
                  "node": "l",
                  "frag": "EN",
                  "id": "P237374.l055d2",
                  "ref": "P237374.7.6",
                  "inst": "%akk-x-neobab:EN=",
                  "f": {
                    "lang": "akk-x-neobab",
                    "form": "EN"
                  }
                },
                {
                  "node": "l",
                  "frag": "GAL]-u₂",
                  "id": "P237374.l055d3",
                  "ref": "P237374.7.7",
                  "inst": "%akk-x-neobab:GAL-u₂=",
                  "f": {
                    "lang": "akk-x-neobab",
                    "form": "GAL-u₂"
                  }
                },
                {
                  "node": "l",
                  "frag": "EŠ.BAR-ka",
                  "id": "P237374.l055d4",
                  "ref": "P237374.7.8",
                  "inst": "%akk-x-neobab:EŠ.BAR-ka=",
                  "f": {
                    "lang": "akk-x-neobab",
                    "form": "EŠ.BAR-ka"
                  }
                },
                {
                  "node": "l",
                  "frag": "[šal-mu",
                  "id": "P237374.l055d5",
                  "ref": "P237374.7.9",
                  "inst": "%akk-x-neobab:šal-mu=",
                  "f": {
                    "lang": "akk-x-neobab",
                    "form": "šal-mu"
                  }
                },
                {
                  "node": "l",
                  "frag": "EN-MU.MU",
                  "id": "P237374.l055d6",
                  "ref": "P237374.7.10",
                  "inst": "%akk-x-neobab:EN-MU.MU=",
                  "f": {
                    "lang": "akk-x-neobab",
                    "form": "EN-MU.MU"
                  }
                },
                {
                  "node": "l",
                  "frag": "NE-i]",
                  "id": "P237374.l055d7",
                  "ref": "P237374.7.11",
                  "inst": "%akk-x-neobab:NE-i=",
                  "f": {
                    "lang": "akk-x-neobab",
                    "form": "NE-i"
                  }
                },
                {
                  "node": "d",
                  "type": "line-start",
                  "ref": "P237374.8",
                  "n": "7",
                  "label": "o 7"
                },
                {
                  "node": "l",
                  "frag": "{1}{d}aš-šur-ŠEŠ-SUM-na",
                  "id": "P237374.l055d8",
                  "ref": "P237374.8.1",
                  "inst": "%akk-x-neobab:{1}{d}aš-šur-ŠEŠ-SUM-na=",
                  "f": {
                    "lang": "akk-x-neobab",
                    "form": "{1}{d}aš-šur-ŠEŠ-SUM-na"
                  }
                },
                {
                  "node": "l",
                  "frag": "LUGAL",
                  "id": "P237374.l055d9",
                  "ref": "P237374.8.2",
                  "inst": "%akk-x-neobab:LUGAL=",
                  "f": {
                    "lang": "akk-x-neobab",
                    "form": "LUGAL"
                  }
                },
                {
                  "node": "l",
                  "frag": "KUR-aš-šur{ki}",
                  "id": "P237374.l055da",
                  "ref": "P237374.8.3",
                  "inst": "%akk-x-neobab:KUR-aš-šur{KI}=",
                  "f": {
                    "lang": "akk-x-neobab",
                    "form": "KUR-aš-šur{KI}"
                  }
                },
                {
                  "node": "l",
                  "frag": "li-iṣ-rim",
                  "id": "P237374.l055db",
                  "ref": "P237374.8.4",
                  "inst": "%akk-x-neobab:li-iṣ-rim=",
                  "f": {
                    "lang": "akk-x-neobab",
                    "form": "li-iṣ-rim"
                  }
                },
                {
                  "node": "l",
                  "frag": "lik-pid-ma",
                  "id": "P237374.l055dc",
                  "ref": "P237374.8.5",
                  "inst": "%akk-x-neobab:lik-pid-ma=",
                  "f": {
                    "lang": "akk-x-neobab",
                    "form": "lik-pid-ma"
                  }
                },
                {
                  "node": "l",
                  "frag": "x",
                  "id": "P237374.l055dd",
                  "ref": "P237374.8.6",
                  "inst": "%akk-x-neobab:x=",
                  "f": {
                    "lang": "akk-x-neobab",
                    "form": "x"
                  }
                },
                {
                  "node": "l",
                  "frag": "x",
                  "id": "P237374.l055de",
                  "ref": "P237374.8.7",
                  "inst": "%akk-x-neobab:x=",
                  "f": {
                    "lang": "akk-x-neobab",
                    "form": "x"
                  }
                },
                {
                  "node": "l",
                  "frag": "x]+⸢x⸣-ti",
                  "id": "P237374.l055df",
                  "ref": "P237374.8.8",
                  "inst": "%akk-x-neobab:x+x-ti=",
                  "f": {
                    "lang": "akk-x-neobab",
                    "form": "x+x-ti"
                  }
                },
                {
                  "node": "d",
                  "type": "line-start",
                  "ref": "P237374.9",
                  "n": "8",
                  "label": "o 8"
                },
                {
                  "node": "l",
                  "frag": "[x",
                  "id": "P237374.l055e0",
                  "ref": "P237374.9.1",
                  "inst": "%akk-x-neobab:x=",
                  "f": {
                    "lang": "akk-x-neobab",
                    "form": "x"
                  }
                },
                {
                  "node": "l",
                  "frag": "x",
                  "id": "P237374.l055e1",
                  "ref": "P237374.9.2",
                  "inst": "%akk-x-neobab:x=",
                  "f": {
                    "lang": "akk-x-neobab",
                    "form": "x"
                  }
                },
                {
                  "node": "l",
                  "frag": "x",
                  "id": "P237374.l055e2",
                  "ref": "P237374.9.3",
                  "inst": "%akk-x-neobab:x=",
                  "f": {
                    "lang": "akk-x-neobab",
                    "form": "x"
                  }
                },
                {
                  "node": "l",
                  "frag": "x",
                  "id": "P237374.l055e3",
                  "ref": "P237374.9.4",
                  "inst": "%akk-x-neobab:x=",
                  "f": {
                    "lang": "akk-x-neobab",
                    "form": "x"
                  }
                },
                {
                  "node": "l",
                  "frag": "x",
                  "id": "P237374.l055e4",
                  "ref": "P237374.9.5",
                  "inst": "%akk-x-neobab:x=",
                  "f": {
                    "lang": "akk-x-neobab",
                    "form": "x"
                  }
                },
                {
                  "node": "l",
                  "frag": "x",
                  "id": "P237374.l055e5",
                  "ref": "P237374.9.6",
                  "inst": "%akk-x-neobab:x=",
                  "f": {
                    "lang": "akk-x-neobab",
                    "form": "x"
                  }
                },
                {
                  "node": "l",
                  "frag": "liš-pur",
                  "id": "P237374.l055e6",
                  "ref": "P237374.9.7",
                  "inst": "%akk-x-neobab:liš-pur=",
                  "f": {
                    "lang": "akk-x-neobab",
                    "form": "liš-pur"
                  }
                },
                {
                  "node": "l",
                  "frag": "ki-ma",
                  "id": "P237374.l055e7",
                  "ref": "P237374.9.8",
                  "inst": "%akk-x-neobab:ki-ma=",
                  "f": {
                    "lang": "akk-x-neobab",
                    "form": "ki-ma"
                  }
                },
                {
                  "node": "l",
                  "frag": "ik-tap]-⸢du⸣-ma",
                  "id": "P237374.l055e8",
                  "ref": "P237374.9.9",
                  "inst": "%akk-x-neobab:ik-tap-du-ma=",
                  "f": {
                    "lang": "akk-x-neobab",
                    "form": "ik-tap-du-ma"
                  }
                },
                {
                  "node": "l",
                  "frag": "[il-tap-ru]",
                  "id": "P237374.l055e9",
                  "ref": "P237374.9.10",
                  "inst": "%akk-x-neobab:il-tap-ru=",
                  "f": {
                    "lang": "akk-x-neobab",
                    "form": "il-tap-ru"
                  }
                },
                {
                  "node": "d",
                  "type": "line-start",
                  "ref": "P237374.10",
                  "n": "9",
                  "label": "o 9"
                },
                {
                  "node": "l",
                  "frag": "[x",
                  "id": "P237374.l055ea",
                  "ref": "P237374.10.1",
                  "inst": "%akk-x-neobab:x=",
                  "f": {
                    "lang": "akk-x-neobab",
                    "form": "x"
                  }
                },
                {
                  "node": "l",
                  "frag": "x",
                  "id": "P237374.l055eb",
                  "ref": "P237374.10.2",
                  "inst": "%akk-x-neobab:x=",
                  "f": {
                    "lang": "akk-x-neobab",
                    "form": "x"
                  }
                },
                {
                  "node": "l",
                  "frag": "x",
                  "id": "P237374.l055ec",
                  "ref": "P237374.10.3",
                  "inst": "%akk-x-neobab:x=",
                  "f": {
                    "lang": "akk-x-neobab",
                    "form": "x"
                  }
                },
                {
                  "node": "l",
                  "frag": "x",
                  "id": "P237374.l055ed",
                  "ref": "P237374.10.4",
                  "inst": "%akk-x-neobab:x=",
                  "f": {
                    "lang": "akk-x-neobab",
                    "form": "x"
                  }
                },
                {
                  "node": "l",
                  "frag": "x",
                  "id": "P237374.l055ee",
                  "ref": "P237374.10.5",
                  "inst": "%akk-x-neobab:x=",
                  "f": {
                    "lang": "akk-x-neobab",
                    "form": "x"
                  }
                },
                {
                  "node": "l",
                  "frag": "x",
                  "id": "P237374.l055ef",
                  "ref": "P237374.10.6",
                  "inst": "%akk-x-neobab:x=",
                  "f": {
                    "lang": "akk-x-neobab",
                    "form": "x"
                  }
                },
                {
                  "node": "l",
                  "frag": "x",
                  "id": "P237374.l055f0",
                  "ref": "P237374.10.7",
                  "inst": "%akk-x-neobab:x=",
                  "f": {
                    "lang": "akk-x-neobab",
                    "form": "x"
                  }
                },
                {
                  "node": "l",
                  "frag": "x",
                  "id": "P237374.l055f1",
                  "ref": "P237374.10.8",
                  "inst": "%akk-x-neobab:x=",
                  "f": {
                    "lang": "akk-x-neobab",
                    "form": "x"
                  }
                },
                {
                  "node": "l",
                  "frag": "x",
                  "id": "P237374.l055f2",
                  "ref": "P237374.10.9",
                  "inst": "%akk-x-neobab:x=",
                  "f": {
                    "lang": "akk-x-neobab",
                    "form": "x"
                  }
                },
                {
                  "node": "l",
                  "frag": "x",
                  "id": "P237374.l055f3",
                  "ref": "P237374.10.10",
                  "inst": "%akk-x-neobab:x=",
                  "f": {
                    "lang": "akk-x-neobab",
                    "form": "x"
                  }
                },
                {
                  "node": "l",
                  "frag": "x",
                  "id": "P237374.l055f4",
                  "ref": "P237374.10.11",
                  "inst": "%akk-x-neobab:x=",
                  "f": {
                    "lang": "akk-x-neobab",
                    "form": "x"
                  }
                },
                {
                  "node": "l",
                  "frag": "x]",
                  "id": "P237374.l055f5",
                  "ref": "P237374.10.12",
                  "inst": "%akk-x-neobab:x=",
                  "f": {
                    "lang": "akk-x-neobab",
                    "form": "x"
                  }
                },
                {
                  "node": "l",
                  "frag": "{lu₂}⸢ERIM⸣-[MEŠ]",
                  "id": "P237374.l055f6",
                  "ref": "P237374.10.13",
                  "inst": "%akk-x-neobab:{LU₂}ERIM-MEŠ=",
                  "f": {
                    "lang": "akk-x-neobab",
                    "form": "{LU₂}ERIM-MEŠ"
                  }
                },
                {
                  "node": "d",
                  "type": "nonx",
                  "ref": "P237374.11",
                  "strict": "0",
                  "extent": "rest",
                  "state": "missing"
                },
                {
                  "node": "d",
                  "subtype": "reverse",
                  "type": "reverse",
                  "ref": "P237374.r.12",
                  "label": "r"
                },
                {
                  "node": "d",
                  "type": "nonx",
                  "ref": "P237374.13",
                  "strict": "0",
                  "extent": "beginning",
                  "state": "missing"
                },
                {
                  "node": "d",
                  "type": "line-start",
                  "ref": "P237374.14",
                  "n": "1'",
                  "label": "r 1'"
                },
                {
                  "node": "l",
                  "frag": "[i-na",
                  "id": "P237374.l055f7",
                  "ref": "P237374.14.1",
                  "inst": "%akk-x-neobab:i-na=",
                  "f": {
                    "lang": "akk-x-neobab",
                    "form": "i-na"
                  }
                },
                {
                  "node": "l",
                  "frag": "ŠA₃",
                  "id": "P237374.l055f8",
                  "ref": "P237374.14.2",
                  "inst": "%akk-x-neobab:ŠA₃=",
                  "f": {
                    "lang": "akk-x-neobab",
                    "form": "ŠA₃"
                  }
                },
                {
                  "node": "l",
                  "frag": "UDU.NITA₂",
                  "id": "P237374.l055f9",
                  "ref": "P237374.14.3",
                  "inst": "%akk-x-neobab:UDU.NITA₂=",
                  "f": {
                    "lang": "akk-x-neobab",
                    "form": "UDU.NITA₂"
                  }
                },
                {
                  "node": "l",
                  "frag": "NE-i",
                  "id": "P237374.l055fa",
                  "ref": "P237374.14.4",
                  "inst": "%akk-x-neobab:NE-i=",
                  "f": {
                    "lang": "akk-x-neobab",
                    "form": "NE-i"
                  }
                },
                {
                  "node": "l",
                  "frag": "GUB-za-am-ma]",
                  "id": "P237374.l055fb",
                  "ref": "P237374.14.5",
                  "inst": "%akk-x-neobab:GUB-za-am-ma=",
                  "f": {
                    "lang": "akk-x-neobab",
                    "form": "GUB-za-am-ma"
                  }
                },
                {
                  "node": "l",
                  "frag": "an-⸢na",
                  "id": "P237374.l055fc",
                  "ref": "P237374.14.6",
                  "inst": "%akk-x-neobab:an-na=",
                  "f": {
                    "lang": "akk-x-neobab",
                    "form": "an-na"
                  }
                },
                {
                  "node": "l",
                  "frag": "GI⸣.[NA",
                  "id": "P237374.l055fd",
                  "ref": "P237374.14.7",
                  "inst": "%akk-x-neobab:GI.NA=",
                  "f": {
                    "lang": "akk-x-neobab",
                    "form": "GI.NA"
                  }
                },
                {
                  "node": "l",
                  "frag": "GIŠ.HUR-MEŠ",
                  "id": "P237374.l055fe",
                  "ref": "P237374.14.8",
                  "inst": "%akk-x-neobab:GIŠ.HUR-MEŠ=",
                  "f": {
                    "lang": "akk-x-neobab",
                    "form": "GIŠ.HUR-MEŠ"
                  }
                },
                {
                  "node": "l",
                  "frag": "SILIM-MEŠ",
                  "id": "P237374.l055ff",
                  "ref": "P237374.14.9",
                  "inst": "%akk-x-neobab:SILIM-MEŠ=",
                  "f": {
                    "lang": "akk-x-neobab",
                    "form": "SILIM-MEŠ"
                  }
                },
                {
                  "node": "l",
                  "frag": "UZU-MEŠ",
                  "id": "P237374.l05600",
                  "ref": "P237374.14.10",
                  "inst": "%akk-x-neobab:UZU-MEŠ=",
                  "f": {
                    "lang": "akk-x-neobab",
                    "form": "UZU-MEŠ"
                  }
                },
                {
                  "node": "l",
                  "frag": "ta-mit]",
                  "id": "P237374.l05601",
                  "ref": "P237374.14.11",
                  "inst": "%akk-x-neobab:ta-mit=",
                  "f": {
                    "lang": "akk-x-neobab",
                    "form": "ta-mit"
                  }
                },
                {
                  "node": "d",
                  "type": "line-start",
                  "ref": "P237374.15",
                  "n": "2'",
                  "label": "r 2'"
                },
                {
                  "node": "l",
                  "frag": "[SIG₅-MEŠ",
                  "id": "P237374.l05602",
                  "ref": "P237374.15.1",
                  "inst": "%akk-x-neobab:SIG₅-MEŠ=",
                  "f": {
                    "lang": "akk-x-neobab",
                    "form": "SIG₅-MEŠ"
                  }
                },
                {
                  "node": "l",
                  "frag": "SILIM-MEŠ",
                  "id": "P237374.l05603",
                  "ref": "P237374.15.2",
                  "inst": "%akk-x-neobab:SILIM-MEŠ=",
                  "f": {
                    "lang": "akk-x-neobab",
                    "form": "SILIM-MEŠ"
                  }
                },
                {
                  "node": "l",
                  "frag": "ša₂",
                  "id": "P237374.l05604",
                  "ref": "P237374.15.3",
                  "inst": "%akk-x-neobab:ša₂=",
                  "f": {
                    "lang": "akk-x-neobab",
                    "form": "ša₂"
                  }
                },
                {
                  "node": "l",
                  "frag": "SILIM-tim",
                  "id": "P237374.l05605",
                  "ref": "P237374.15.4",
                  "inst": "%akk-x-neobab:SILIM-tim=",
                  "f": {
                    "lang": "akk-x-neobab",
                    "form": "SILIM-tim"
                  }
                },
                {
                  "node": "l",
                  "frag": "ša₂",
                  "id": "P237374.l05606",
                  "ref": "P237374.15.5",
                  "inst": "%akk-x-neobab:ša₂=",
                  "f": {
                    "lang": "akk-x-neobab",
                    "form": "ša₂"
                  }
                },
                {
                  "node": "l",
                  "frag": "KA",
                  "id": "P237374.l05607",
                  "ref": "P237374.15.6",
                  "inst": "%akk-x-neobab:KA=",
                  "f": {
                    "lang": "akk-x-neobab",
                    "form": "KA"
                  }
                },
                {
                  "node": "l",
                  "frag": "DINGIR-ti-ka",
                  "id": "P237374.l05608",
                  "ref": "P237374.15.7",
                  "inst": "%akk-x-neobab:DINGIR-ti-ka=",
                  "f": {
                    "lang": "akk-x-neobab",
                    "form": "DINGIR-ti-ka"
                  }
                },
                {
                  "node": "l",
                  "frag": "GAL-ti]",
                  "id": "P237374.l05609",
                  "ref": "P237374.15.8",
                  "inst": "%akk-x-neobab:GAL-ti=",
                  "f": {
                    "lang": "akk-x-neobab",
                    "form": "GAL-ti"
                  }
                },
                {
                  "node": "l",
                  "frag": "⸢GAR⸣-am-[ma",
                  "id": "P237374.l0560a",
                  "ref": "P237374.15.9",
                  "inst": "%akk-x-neobab:GAR-am-ma=",
                  "f": {
                    "lang": "akk-x-neobab",
                    "form": "GAR-am-ma"
                  }
                },
                {
                  "node": "l",
                  "frag": "lu-mur]",
                  "id": "P237374.l0560b",
                  "ref": "P237374.15.10",
                  "inst": "%akk-x-neobab:lu-mur=",
                  "f": {
                    "lang": "akk-x-neobab",
                    "form": "lu-mur"
                  }
                },
                {
                  "node": "d",
                  "type": "line-start",
                  "ref": "P237374.16",
                  "n": "3'",
                  "label": "r 3'"
                },
                {
                  "node": "l",
                  "frag": "[x",
                  "id": "P237374.l0560c",
                  "ref": "P237374.16.1",
                  "inst": "%akk-x-neobab:x=",
                  "f": {
                    "lang": "akk-x-neobab",
                    "form": "x"
                  }
                },
                {
                  "node": "l",
                  "frag": "x",
                  "id": "P237374.l0560d",
                  "ref": "P237374.16.2",
                  "inst": "%akk-x-neobab:x=",
                  "f": {
                    "lang": "akk-x-neobab",
                    "form": "x"
                  }
                },
                {
                  "node": "l",
                  "frag": "x",
                  "id": "P237374.l0560e",
                  "ref": "P237374.16.3",
                  "inst": "%akk-x-neobab:x=",
                  "f": {
                    "lang": "akk-x-neobab",
                    "form": "x"
                  }
                },
                {
                  "node": "l",
                  "frag": "x",
                  "id": "P237374.l0560f",
                  "ref": "P237374.16.4",
                  "inst": "%akk-x-neobab:x=",
                  "f": {
                    "lang": "akk-x-neobab",
                    "form": "x"
                  }
                },
                {
                  "node": "l",
                  "frag": "x",
                  "id": "P237374.l05610",
                  "ref": "P237374.16.5",
                  "inst": "%akk-x-neobab:x=",
                  "f": {
                    "lang": "akk-x-neobab",
                    "form": "x"
                  }
                },
                {
                  "node": "l",
                  "frag": "x",
                  "id": "P237374.l05611",
                  "ref": "P237374.16.6",
                  "inst": "%akk-x-neobab:x=",
                  "f": {
                    "lang": "akk-x-neobab",
                    "form": "x"
                  }
                },
                {
                  "node": "l",
                  "frag": "x",
                  "id": "P237374.l05612",
                  "ref": "P237374.16.7",
                  "inst": "%akk-x-neobab:x=",
                  "f": {
                    "lang": "akk-x-neobab",
                    "form": "x"
                  }
                },
                {
                  "node": "l",
                  "frag": "x",
                  "id": "P237374.l05613",
                  "ref": "P237374.16.8",
                  "inst": "%akk-x-neobab:x=",
                  "f": {
                    "lang": "akk-x-neobab",
                    "form": "x"
                  }
                },
                {
                  "node": "l",
                  "frag": "x",
                  "id": "P237374.l05614",
                  "ref": "P237374.16.9",
                  "inst": "%akk-x-neobab:x=",
                  "f": {
                    "lang": "akk-x-neobab",
                    "form": "x"
                  }
                },
                {
                  "node": "l",
                  "frag": "x]",
                  "id": "P237374.l05615",
                  "ref": "P237374.16.10",
                  "inst": "%akk-x-neobab:x=",
                  "f": {
                    "lang": "akk-x-neobab",
                    "form": "x"
                  }
                },
                {
                  "node": "l",
                  "frag": "⸢BE⸣",
                  "id": "P237374.l05616",
                  "ref": "P237374.16.11",
                  "inst": "%akk-x-neobab:BE=",
                  "f": {
                    "lang": "akk-x-neobab",
                    "form": "BE"
                  }
                },
                {
                  "node": "l",
                  "frag": "AN.TA-tum",
                  "id": "P237374.l05617",
                  "ref": "P237374.16.12",
                  "inst": "%akk-x-neobab:AN.TA-tum=",
                  "f": {
                    "lang": "akk-x-neobab",
                    "form": "AN.TA-tum"
                  }
                },
                {
                  "node": "l",
                  "frag": "u",
                  "id": "P237374.l05618",
                  "ref": "P237374.16.13",
                  "inst": "%akk-x-neobab:u=",
                  "f": {
                    "lang": "akk-x-neobab",
                    "form": "u"
                  }
                },
                {
                  "node": "l",
                  "frag": "[KI.TA-tum",
                  "id": "P237374.l05619",
                  "ref": "P237374.16.14",
                  "inst": "%akk-x-neobab:KI.TA-tum=",
                  "f": {
                    "lang": "akk-x-neobab",
                    "form": "KI.TA-tum"
                  }
                },
                {
                  "node": "l",
                  "frag": "x",
                  "id": "P237374.l0561a",
                  "ref": "P237374.16.15",
                  "inst": "%akk-x-neobab:x=",
                  "f": {
                    "lang": "akk-x-neobab",
                    "form": "x"
                  }
                },
                {
                  "node": "l",
                  "frag": "x",
                  "id": "P237374.l0561b",
                  "ref": "P237374.16.16",
                  "inst": "%akk-x-neobab:x=",
                  "f": {
                    "lang": "akk-x-neobab",
                    "form": "x"
                  }
                },
                {
                  "node": "l",
                  "frag": "x]",
                  "id": "P237374.l0561c",
                  "ref": "P237374.16.17",
                  "inst": "%akk-x-neobab:x=",
                  "f": {
                    "lang": "akk-x-neobab",
                    "form": "x"
                  }
                },
                {
                  "node": "d",
                  "type": "line-start",
                  "ref": "P237374.17",
                  "n": "4'",
                  "label": "r 4'"
                },
                {
                  "node": "l",
                  "frag": "[x",
                  "id": "P237374.l0561d",
                  "ref": "P237374.17.1",
                  "inst": "%akk-x-neobab:x=",
                  "f": {
                    "lang": "akk-x-neobab",
                    "form": "x"
                  }
                },
                {
                  "node": "l",
                  "frag": "x",
                  "id": "P237374.l0561e",
                  "ref": "P237374.17.2",
                  "inst": "%akk-x-neobab:x=",
                  "f": {
                    "lang": "akk-x-neobab",
                    "form": "x"
                  }
                },
                {
                  "node": "l",
                  "frag": "x",
                  "id": "P237374.l0561f",
                  "ref": "P237374.17.3",
                  "inst": "%akk-x-neobab:x=",
                  "f": {
                    "lang": "akk-x-neobab",
                    "form": "x"
                  }
                },
                {
                  "node": "l",
                  "frag": "x",
                  "id": "P237374.l05620",
                  "ref": "P237374.17.4",
                  "inst": "%akk-x-neobab:x=",
                  "f": {
                    "lang": "akk-x-neobab",
                    "form": "x"
                  }
                },
                {
                  "node": "l",
                  "frag": "x",
                  "id": "P237374.l05621",
                  "ref": "P237374.17.5",
                  "inst": "%akk-x-neobab:x=",
                  "f": {
                    "lang": "akk-x-neobab",
                    "form": "x"
                  }
                },
                {
                  "node": "l",
                  "frag": "x",
                  "id": "P237374.l05622",
                  "ref": "P237374.17.6",
                  "inst": "%akk-x-neobab:x=",
                  "f": {
                    "lang": "akk-x-neobab",
                    "form": "x"
                  }
                },
                {
                  "node": "l",
                  "frag": "x",
                  "id": "P237374.l05623",
                  "ref": "P237374.17.7",
                  "inst": "%akk-x-neobab:x=",
                  "f": {
                    "lang": "akk-x-neobab",
                    "form": "x"
                  }
                },
                {
                  "node": "l",
                  "frag": "x",
                  "id": "P237374.l05624",
                  "ref": "P237374.17.8",
                  "inst": "%akk-x-neobab:x=",
                  "f": {
                    "lang": "akk-x-neobab",
                    "form": "x"
                  }
                },
                {
                  "node": "l",
                  "frag": "x",
                  "id": "P237374.l05625",
                  "ref": "P237374.17.9",
                  "inst": "%akk-x-neobab:x=",
                  "f": {
                    "lang": "akk-x-neobab",
                    "form": "x"
                  }
                },
                {
                  "node": "l",
                  "frag": "x]+⸢x⸣-MEŠ",
                  "id": "P237374.l05626",
                  "ref": "P237374.17.10",
                  "inst": "%akk-x-neobab:x+x-MEŠ=",
                  "f": {
                    "lang": "akk-x-neobab",
                    "form": "x+x-MEŠ"
                  }
                },
                {
                  "node": "l",
                  "frag": "GAR",
                  "id": "P237374.l05627",
                  "ref": "P237374.17.11",
                  "inst": "%akk-x-neobab:GAR=",
                  "f": {
                    "lang": "akk-x-neobab",
                    "form": "GAR"
                  }
                },
                {
                  "node": "l",
                  "frag": "IGI-tum",
                  "id": "P237374.l05628",
                  "ref": "P237374.17.12",
                  "inst": "%akk-x-neobab:IGI-tum=",
                  "f": {
                    "lang": "akk-x-neobab",
                    "form": "IGI-tum"
                  }
                },
                {
                  "node": "l",
                  "frag": "BE",
                  "id": "P237374.l05629",
                  "ref": "P237374.17.13",
                  "inst": "%akk-x-neobab:BE=",
                  "f": {
                    "lang": "akk-x-neobab",
                    "form": "BE"
                  }
                },
                {
                  "node": "l",
                  "frag": "SAG",
                  "id": "P237374.l0562a",
                  "ref": "P237374.17.14",
                  "inst": "%akk-x-neobab:SAG=",
                  "f": {
                    "lang": "akk-x-neobab",
                    "form": "SAG"
                  }
                },
                {
                  "node": "l",
                  "frag": "[NA",
                  "id": "P237374.l0562b",
                  "ref": "P237374.17.15",
                  "inst": "%akk-x-neobab:NA=",
                  "f": {
                    "lang": "akk-x-neobab",
                    "form": "NA"
                  }
                },
                {
                  "node": "l",
                  "frag": "x",
                  "id": "P237374.l0562c",
                  "ref": "P237374.17.16",
                  "inst": "%akk-x-neobab:x=",
                  "f": {
                    "lang": "akk-x-neobab",
                    "form": "x"
                  }
                },
                {
                  "node": "l",
                  "frag": "x]",
                  "id": "P237374.l0562d",
                  "ref": "P237374.17.17",
                  "inst": "%akk-x-neobab:x=",
                  "f": {
                    "lang": "akk-x-neobab",
                    "form": "x"
                  }
                },
                {
                  "node": "d",
                  "type": "line-start",
                  "ref": "P237374.18",
                  "n": "5'",
                  "label": "r 5'"
                },
                {
                  "node": "l",
                  "frag": "[x",
                  "id": "P237374.l0562e",
                  "ref": "P237374.18.1",
                  "inst": "%akk-x-neobab:x=",
                  "f": {
                    "lang": "akk-x-neobab",
                    "form": "x"
                  }
                },
                {
                  "node": "l",
                  "frag": "x",
                  "id": "P237374.l0562f",
                  "ref": "P237374.18.2",
                  "inst": "%akk-x-neobab:x=",
                  "f": {
                    "lang": "akk-x-neobab",
                    "form": "x"
                  }
                },
                {
                  "node": "l",
                  "frag": "x",
                  "id": "P237374.l05630",
                  "ref": "P237374.18.3",
                  "inst": "%akk-x-neobab:x=",
                  "f": {
                    "lang": "akk-x-neobab",
                    "form": "x"
                  }
                },
                {
                  "node": "l",
                  "frag": "x",
                  "id": "P237374.l05631",
                  "ref": "P237374.18.4",
                  "inst": "%akk-x-neobab:x=",
                  "f": {
                    "lang": "akk-x-neobab",
                    "form": "x"
                  }
                },
                {
                  "node": "l",
                  "frag": "x",
                  "id": "P237374.l05632",
                  "ref": "P237374.18.5",
                  "inst": "%akk-x-neobab:x=",
                  "f": {
                    "lang": "akk-x-neobab",
                    "form": "x"
                  }
                },
                {
                  "node": "l",
                  "frag": "x",
                  "id": "P237374.l05633",
                  "ref": "P237374.18.6",
                  "inst": "%akk-x-neobab:x=",
                  "f": {
                    "lang": "akk-x-neobab",
                    "form": "x"
                  }
                },
                {
                  "node": "l",
                  "frag": "BE",
                  "id": "P237374.l05634",
                  "ref": "P237374.18.7",
                  "inst": "%akk-x-neobab:BE=",
                  "f": {
                    "lang": "akk-x-neobab",
                    "form": "BE"
                  }
                },
                {
                  "node": "l",
                  "frag": "ŠU.SI-MUR]",
                  "id": "P237374.l05635",
                  "ref": "P237374.18.8",
                  "inst": "%akk-x-neobab:ŠU.SI-MUR=",
                  "f": {
                    "lang": "akk-x-neobab",
                    "form": "ŠU.SI-MUR"
                  }
                },
                {
                  "node": "l",
                  "frag": "⸢MURUB₄⸣",
                  "id": "P237374.l05636",
                  "ref": "P237374.18.9",
                  "inst": "%akk-x-neobab:MURUB₄=",
                  "f": {
                    "lang": "akk-x-neobab",
                    "form": "MURUB₄"
                  }
                },
                {
                  "node": "l",
                  "frag": "SAG-sa₃",
                  "id": "P237374.l05637",
                  "ref": "P237374.18.10",
                  "inst": "%akk-x-neobab:SAG-sa₃=",
                  "f": {
                    "lang": "akk-x-neobab",
                    "form": "SAG-sa₃"
                  }
                },
                {
                  "node": "l",
                  "frag": "DU₈",
                  "id": "P237374.l05638",
                  "ref": "P237374.18.11",
                  "inst": "%akk-x-neobab:DU₈=",
                  "f": {
                    "lang": "akk-x-neobab",
                    "form": "DU₈"
                  }
                },
                {
                  "node": "l",
                  "frag": "BE",
                  "id": "P237374.l05639",
                  "ref": "P237374.18.12",
                  "inst": "%akk-x-neobab:BE=",
                  "f": {
                    "lang": "akk-x-neobab",
                    "form": "BE"
                  }
                },
                {
                  "node": "l",
                  "frag": "GAG.ZAG.[GA",
                  "id": "P237374.l0563a",
                  "ref": "P237374.18.13",
                  "inst": "%akk-x-neobab:GAG.ZAG.GA=",
                  "f": {
                    "lang": "akk-x-neobab",
                    "form": "GAG.ZAG.GA"
                  }
                },
                {
                  "node": "l",
                  "frag": "e-bi]",
                  "id": "P237374.l0563b",
                  "ref": "P237374.18.14",
                  "inst": "%akk-x-neobab:e-bi=",
                  "f": {
                    "lang": "akk-x-neobab",
                    "form": "e-bi"
                  }
                },
                {
                  "node": "d",
                  "type": "line-start",
                  "ref": "P237374.19",
                  "n": "6'",
                  "label": "r 6'"
                },
                {
                  "node": "l",
                  "frag": "[o]",
                  "id": "P237374.l0563c",
                  "ref": "P237374.19.1",
                  "inst": "%akk-x-neobab:o=",
                  "f": {
                    "lang": "akk-x-neobab",
                    "form": "o"
                  }
                },
                {
                  "node": "d",
                  "type": "nonw",
                  "ref": ""
                },
                {
                  "node": "l",
                  "frag": "liš-du-⸢ud⸣",
                  "id": "P237374.l0563d",
                  "ref": "P237374.19.2",
                  "inst": "%akk-x-neobab:liš-du-ud=",
                  "f": {
                    "lang": "akk-x-neobab",
                    "form": "liš-du-ud"
                  }
                },
                {
                  "node": "l",
                  "frag": "[o]",
                  "id": "P237374.l0563e",
                  "ref": "P237374.19.3",
                  "inst": "%akk-x-neobab:o=",
                  "f": {
                    "lang": "akk-x-neobab",
                    "form": "o"
                  }
                },
                {
                  "node": "d",
                  "type": "line-start",
                  "ref": "P237374.20",
                  "n": "7'",
                  "label": "r 7'"
                },
                {
                  "node": "l",
                  "frag": "[UGU",
                  "id": "P237374.l0563f",
                  "ref": "P237374.20.1",
                  "inst": "%akk-x-neobab:UGU=",
                  "f": {
                    "lang": "akk-x-neobab",
                    "form": "UGU"
                  }
                },
                {
                  "node": "l",
                  "frag": "DINGIR-ti-ka",
                  "id": "P237374.l05640",
                  "ref": "P237374.20.2",
                  "inst": "%akk-x-neobab:DINGIR-ti-ka=",
                  "f": {
                    "lang": "akk-x-neobab",
                    "form": "DINGIR-ti-ka"
                  }
                },
                {
                  "node": "l",
                  "frag": "GAL-ti",
                  "id": "P237374.l05641",
                  "ref": "P237374.20.3",
                  "inst": "%akk-x-neobab:GAL-ti=",
                  "f": {
                    "lang": "akk-x-neobab",
                    "form": "GAL-ti"
                  }
                },
                {
                  "node": "l",
                  "frag": "{d}UTU]",
                  "id": "P237374.l05642",
                  "ref": "P237374.20.4",
                  "inst": "%akk-x-neobab:{d}UTU=",
                  "f": {
                    "lang": "akk-x-neobab",
                    "form": "{d}UTU"
                  }
                },
                {
                  "node": "l",
                  "frag": "⸢EN⸣",
                  "id": "P237374.l05643",
                  "ref": "P237374.20.5",
                  "inst": "%akk-x-neobab:EN=",
                  "f": {
                    "lang": "akk-x-neobab",
                    "form": "EN"
                  }
                },
                {
                  "node": "l",
                  "frag": "GAL-u₂",
                  "id": "P237374.l05644",
                  "ref": "P237374.20.6",
                  "inst": "%akk-x-neobab:GAL-u₂=",
                  "f": {
                    "lang": "akk-x-neobab",
                    "form": "GAL-u₂"
                  }
                },
                {
                  "node": "l",
                  "frag": "DU-[ma",
                  "id": "P237374.l05645",
                  "ref": "P237374.20.7",
                  "inst": "%akk-x-neobab:DU-ma=",
                  "f": {
                    "lang": "akk-x-neobab",
                    "form": "DU-ma"
                  }
                },
                {
                  "node": "l",
                  "frag": "KIN",
                  "id": "P237374.l05646",
                  "ref": "P237374.20.8",
                  "inst": "%akk-x-neobab:KIN=",
                  "f": {
                    "lang": "akk-x-neobab",
                    "form": "KIN"
                  }
                },
                {
                  "node": "l",
                  "frag": "li-tap-pal]",
                  "id": "P237374.l05647",
                  "ref": "P237374.20.9",
                  "inst": "%akk-x-neobab:li-tap-pal=",
                  "f": {
                    "lang": "akk-x-neobab",
                    "form": "li-tap-pal"
                  }
                },
                {
                  "node": "d",
                  "type": "line-start",
                  "ref": "P237374.21",
                  "n": "8'",
                  "label": "r 8'"
                },
                {
                  "node": "l",
                  "frag": "[x",
                  "id": "P237374.l05648",
                  "ref": "P237374.21.1",
                  "inst": "%akk-x-neobab:x=",
                  "f": {
                    "lang": "akk-x-neobab",
                    "form": "x"
                  }
                },
                {
                  "node": "l",
                  "frag": "x",
                  "id": "P237374.l05649",
                  "ref": "P237374.21.2",
                  "inst": "%akk-x-neobab:x=",
                  "f": {
                    "lang": "akk-x-neobab",
                    "form": "x"
                  }
                },
                {
                  "node": "l",
                  "frag": "x",
                  "id": "P237374.l0564a",
                  "ref": "P237374.21.3",
                  "inst": "%akk-x-neobab:x=",
                  "f": {
                    "lang": "akk-x-neobab",
                    "form": "x"
                  }
                },
                {
                  "node": "l",
                  "frag": "x",
                  "id": "P237374.l0564b",
                  "ref": "P237374.21.4",
                  "inst": "%akk-x-neobab:x=",
                  "f": {
                    "lang": "akk-x-neobab",
                    "form": "x"
                  }
                },
                {
                  "node": "l",
                  "frag": "{1}{d}AMAR.UTU]-MU-PAB",
                  "id": "P237374.l0564c",
                  "ref": "P237374.21.5",
                  "inst": "%akk-x-neobab:{1}{d}AMAR.UTU-MU-PAB=",
                  "f": {
                    "lang": "akk-x-neobab",
                    "form": "{1}{d}AMAR.UTU-MU-PAB"
                  }
                },
                {
                  "node": "l",
                  "frag": "{⸢iti⸣}[x",
                  "id": "P237374.l0564d",
                  "ref": "P237374.21.6",
                  "inst": "%akk-x-neobab:{ITI}x=",
                  "f": {
                    "lang": "akk-x-neobab",
                    "form": "{ITI}x"
                  }
                },
                {
                  "node": "l",
                  "frag": "x",
                  "id": "P237374.l0564e",
                  "ref": "P237374.21.7",
                  "inst": "%akk-x-neobab:x=",
                  "f": {
                    "lang": "akk-x-neobab",
                    "form": "x"
                  }
                },
                {
                  "node": "l",
                  "frag": "x",
                  "id": "P237374.l0564f",
                  "ref": "P237374.21.8",
                  "inst": "%akk-x-neobab:x=",
                  "f": {
                    "lang": "akk-x-neobab",
                    "form": "x"
                  }
                },
                {
                  "node": "l",
                  "frag": "x]",
                  "id": "P237374.l05650",
                  "ref": "P237374.21.9",
                  "inst": "%akk-x-neobab:x=",
                  "f": {
                    "lang": "akk-x-neobab",
                    "form": "x"
                  }
                }
              ]
            }
          ]
        }
      ]
    }
  ]
}
