{
  "type": "cdl",
  "source": "http://oracc.org/saao/saa04",
  "license": "This data is released under the CC0 license",
  "license-url": "https://creativecommons.org/publicdomain/zero/1.0/",
  "more-info": "http://oracc.org/doc/opendata/",
  "UTC-timestamp": "2017-06-10T00:38:49",
  "project": "saao/saa04",
  "textid": "P238744",
  "cdl": [
    {
      "node": "c",
      "type": "text",
      "id": "P238744.U0",
      "cdl": [
        {
          "node": "d",
          "type": "object",
          "ref": ""
        },
        {
          "node": "d",
          "subtype": "obverse",
          "type": "obverse",
          "ref": "P238744.o.1",
          "label": "o"
        },
        {
          "node": "c",
          "type": "discourse",
          "subtype": "body",
          "id": "P238744.U1",
          "cdl": [
            {
              "node": "c",
              "type": "sentence",
              "id": "P238744.U2",
              "label": "o 1 - r 6'",
              "cdl": [
                {
                  "node": "d",
                  "type": "line-start",
                  "ref": "P238744.2",
                  "n": "1",
                  "label": "o 1"
                },
                {
                  "node": "l",
                  "frag": "{d}UTU",
                  "id": "P238744.l00c4b",
                  "ref": "P238744.2.1",
                  "inst": "%akk-x-neobab:{d}UTU=",
                  "f": {
                    "lang": "akk-x-neobab",
                    "form": "{d}UTU"
                  }
                },
                {
                  "node": "l",
                  "frag": "EN",
                  "id": "P238744.l00c4c",
                  "ref": "P238744.2.2",
                  "inst": "%akk-x-neobab:EN=",
                  "f": {
                    "lang": "akk-x-neobab",
                    "form": "EN"
                  }
                },
                {
                  "node": "l",
                  "frag": "GAL-u₂",
                  "id": "P238744.l00c4d",
                  "ref": "P238744.2.3",
                  "inst": "%akk-x-neobab:GAL-u₂=",
                  "f": {
                    "lang": "akk-x-neobab",
                    "form": "GAL-u₂"
                  }
                },
                {
                  "node": "l",
                  "frag": "ša₂",
                  "id": "P238744.l00c4e",
                  "ref": "P238744.2.4",
                  "inst": "%akk-x-neobab:ša₂=",
                  "f": {
                    "lang": "akk-x-neobab",
                    "form": "ša₂"
                  }
                },
                {
                  "node": "l",
                  "frag": "a-šal-⸢lu⸣-[ka",
                  "id": "P238744.l00c4f",
                  "ref": "P238744.2.5",
                  "inst": "%akk-x-neobab:a-šal-lu-ka=",
                  "f": {
                    "lang": "akk-x-neobab",
                    "form": "a-šal-lu-ka"
                  }
                },
                {
                  "node": "l",
                  "frag": "an-na",
                  "id": "P238744.l00c50",
                  "ref": "P238744.2.6",
                  "inst": "%akk-x-neobab:an-na=",
                  "f": {
                    "lang": "akk-x-neobab",
                    "form": "an-na"
                  }
                },
                {
                  "node": "l",
                  "frag": "GI.NA",
                  "id": "P238744.l00c51",
                  "ref": "P238744.2.7",
                  "inst": "%akk-x-neobab:GI.NA=",
                  "f": {
                    "lang": "akk-x-neobab",
                    "form": "GI.NA"
                  }
                },
                {
                  "node": "l",
                  "frag": "a-pal-an]-⸢ni⸣",
                  "id": "P238744.l00c52",
                  "ref": "P238744.2.8",
                  "inst": "%akk-x-neobab:a-pal-an-ni=",
                  "f": {
                    "lang": "akk-x-neobab",
                    "form": "a-pal-an-ni"
                  }
                },
                {
                  "node": "d",
                  "type": "line-start",
                  "ref": "P238744.3",
                  "n": "2",
                  "label": "o 2"
                },
                {
                  "node": "l",
                  "frag": "⸢TA⸣",
                  "id": "P238744.l00c53",
                  "ref": "P238744.3.1",
                  "inst": "%akk-x-neobab:TA=",
                  "f": {
                    "lang": "akk-x-neobab",
                    "form": "TA"
                  }
                },
                {
                  "node": "l",
                  "frag": "UD-mu",
                  "id": "P238744.l00c54",
                  "ref": "P238744.3.2",
                  "inst": "%akk-x-neobab:UD-mu=",
                  "f": {
                    "lang": "akk-x-neobab",
                    "form": "UD-mu"
                  }
                },
                {
                  "node": "l",
                  "frag": "an-ni-i",
                  "id": "P238744.l00c55",
                  "ref": "P238744.3.3",
                  "inst": "%akk-x-neobab:an-ni-i=",
                  "f": {
                    "lang": "akk-x-neobab",
                    "form": "an-ni-i"
                  }
                },
                {
                  "node": "l",
                  "frag": "UD-26-KAM₂",
                  "id": "P238744.l00c56",
                  "ref": "P238744.3.4",
                  "inst": "%akk-x-neobab:UD-26-KAM₂=",
                  "f": {
                    "lang": "akk-x-neobab",
                    "form": "UD-26-KAM₂"
                  }
                },
                {
                  "node": "l",
                  "frag": "ša₂",
                  "id": "P238744.l00c57",
                  "ref": "P238744.3.5",
                  "inst": "%akk-x-neobab:ša₂=",
                  "f": {
                    "lang": "akk-x-neobab",
                    "form": "ša₂"
                  }
                },
                {
                  "node": "l",
                  "frag": "⸢ITI⸣",
                  "id": "P238744.l00c58",
                  "ref": "P238744.3.6",
                  "inst": "%akk-x-neobab:ITI=",
                  "f": {
                    "lang": "akk-x-neobab",
                    "form": "ITI"
                  }
                },
                {
                  "node": "l",
                  "frag": "[an-ni-i",
                  "id": "P238744.l00c59",
                  "ref": "P238744.3.7",
                  "inst": "%akk-x-neobab:an-ni-i=",
                  "f": {
                    "lang": "akk-x-neobab",
                    "form": "an-ni-i"
                  }
                },
                {
                  "node": "l",
                  "frag": "{iti}x",
                  "id": "P238744.l00c5a",
                  "ref": "P238744.3.8",
                  "inst": "%akk-x-neobab:{ITI}x=",
                  "f": {
                    "lang": "akk-x-neobab",
                    "form": "{ITI}x"
                  }
                },
                {
                  "node": "l",
                  "frag": "ša₂",
                  "id": "P238744.l00c5b",
                  "ref": "P238744.3.9",
                  "inst": "%akk-x-neobab:ša₂=",
                  "f": {
                    "lang": "akk-x-neobab",
                    "form": "ša₂"
                  }
                },
                {
                  "node": "l",
                  "frag": "MU.AN.NA",
                  "id": "P238744.l00c5c",
                  "ref": "P238744.3.10",
                  "inst": "%akk-x-neobab:MU.AN.NA=",
                  "f": {
                    "lang": "akk-x-neobab",
                    "form": "MU.AN.NA"
                  }
                },
                {
                  "node": "l",
                  "frag": "an-ni]-⸢ti⸣",
                  "id": "P238744.l00c5d",
                  "ref": "P238744.3.11",
                  "inst": "%akk-x-neobab:an-ni-ti=",
                  "f": {
                    "lang": "akk-x-neobab",
                    "form": "an-ni-ti"
                  }
                },
                {
                  "node": "d",
                  "type": "line-start",
                  "ref": "P238744.4",
                  "n": "3",
                  "label": "o 3"
                },
                {
                  "node": "l",
                  "frag": "[EN",
                  "id": "P238744.l00c5e",
                  "ref": "P238744.4.1",
                  "inst": "%akk-x-neobab:EN=",
                  "f": {
                    "lang": "akk-x-neobab",
                    "form": "EN"
                  }
                },
                {
                  "node": "l",
                  "frag": "UD-x-KAM]",
                  "id": "P238744.l00c5f",
                  "ref": "P238744.4.2",
                  "inst": "%akk-x-neobab:UD-x-KAM=",
                  "f": {
                    "lang": "akk-x-neobab",
                    "form": "UD-x-KAM"
                  }
                },
                {
                  "node": "l",
                  "frag": "ša₂",
                  "id": "P238744.l00c60",
                  "ref": "P238744.4.3",
                  "inst": "%akk-x-neobab:ša₂=",
                  "f": {
                    "lang": "akk-x-neobab",
                    "form": "ša₂"
                  }
                },
                {
                  "node": "l",
                  "frag": "{iti}DU₆",
                  "id": "P238744.l00c61",
                  "ref": "P238744.4.4",
                  "inst": "%akk-x-neobab:{ITI}DU₆=",
                  "f": {
                    "lang": "akk-x-neobab",
                    "form": "{ITI}DU₆"
                  }
                },
                {
                  "node": "l",
                  "frag": "⸢ša₂⸣",
                  "id": "P238744.l00c62",
                  "ref": "P238744.4.5",
                  "inst": "%akk-x-neobab:ša₂=",
                  "f": {
                    "lang": "akk-x-neobab",
                    "form": "ša₂"
                  }
                },
                {
                  "node": "l",
                  "frag": "[MU.AN.NA",
                  "id": "P238744.l00c63",
                  "ref": "P238744.4.6",
                  "inst": "%akk-x-neobab:MU.AN.NA=",
                  "f": {
                    "lang": "akk-x-neobab",
                    "form": "MU.AN.NA"
                  }
                },
                {
                  "node": "l",
                  "frag": "an-ni-ti",
                  "id": "P238744.l00c64",
                  "ref": "P238744.4.7",
                  "inst": "%akk-x-neobab:an-ni-ti=",
                  "f": {
                    "lang": "akk-x-neobab",
                    "form": "an-ni-ti"
                  }
                },
                {
                  "node": "l",
                  "frag": "ši-kin",
                  "id": "P238744.l00c65",
                  "ref": "P238744.4.8",
                  "inst": "%akk-x-neobab:ši-kin=",
                  "f": {
                    "lang": "akk-x-neobab",
                    "form": "ši-kin"
                  }
                },
                {
                  "node": "l",
                  "frag": "a-dan]-ni-ia",
                  "id": "P238744.l00c66",
                  "ref": "P238744.4.9",
                  "inst": "%akk-x-neobab:a-dan-ni-ia=",
                  "f": {
                    "lang": "akk-x-neobab",
                    "form": "a-dan-ni-ia"
                  }
                },
                {
                  "node": "d",
                  "type": "line-start",
                  "ref": "P238744.5",
                  "n": "4",
                  "label": "o 4"
                },
                {
                  "node": "l",
                  "frag": "[ina",
                  "id": "P238744.l00c67",
                  "ref": "P238744.5.1",
                  "inst": "%akk-x-neobab:ina=",
                  "f": {
                    "lang": "akk-x-neobab",
                    "form": "ina"
                  }
                },
                {
                  "node": "l",
                  "frag": "ši-kin",
                  "id": "P238744.l00c68",
                  "ref": "P238744.5.2",
                  "inst": "%akk-x-neobab:ši-kin=",
                  "f": {
                    "lang": "akk-x-neobab",
                    "form": "ši-kin"
                  }
                },
                {
                  "node": "l",
                  "frag": "a-dan]-ni",
                  "id": "P238744.l00c69",
                  "ref": "P238744.5.3",
                  "inst": "%akk-x-neobab:a-dan-ni=",
                  "f": {
                    "lang": "akk-x-neobab",
                    "form": "a-dan-ni"
                  }
                },
                {
                  "node": "l",
                  "frag": "šu-[a-tu",
                  "id": "P238744.l00c6a",
                  "ref": "P238744.5.4",
                  "inst": "%akk-x-neobab:šu-a-tu=",
                  "f": {
                    "lang": "akk-x-neobab",
                    "form": "šu-a-tu"
                  }
                },
                {
                  "node": "l",
                  "frag": "{1}{d}aš-šur-ŠEŠ-SUM-na",
                  "id": "P238744.l00c6b",
                  "ref": "P238744.5.5",
                  "inst": "%akk-x-neobab:{1}{d}aš-šur-ŠEŠ-SUM-na=",
                  "f": {
                    "lang": "akk-x-neobab",
                    "form": "{1}{d}aš-šur-ŠEŠ-SUM-na"
                  }
                },
                {
                  "node": "l",
                  "frag": "LUGAL",
                  "id": "P238744.l00c6c",
                  "ref": "P238744.5.6",
                  "inst": "%akk-x-neobab:LUGAL=",
                  "f": {
                    "lang": "akk-x-neobab",
                    "form": "LUGAL"
                  }
                },
                {
                  "node": "l",
                  "frag": "KUR-aš-šur",
                  "id": "P238744.l00c6d",
                  "ref": "P238744.5.7",
                  "inst": "%akk-x-neobab:KUR-aš-šur=",
                  "f": {
                    "lang": "akk-x-neobab",
                    "form": "KUR-aš-šur"
                  }
                },
                {
                  "node": "l",
                  "frag": "li-iṣ-rim",
                  "id": "P238744.l00c6e",
                  "ref": "P238744.5.8",
                  "inst": "%akk-x-neobab:li-iṣ-rim=",
                  "f": {
                    "lang": "akk-x-neobab",
                    "form": "li-iṣ-rim"
                  }
                },
                {
                  "node": "l",
                  "frag": "lik-pid]-ma",
                  "id": "P238744.l00c6f",
                  "ref": "P238744.5.9",
                  "inst": "%akk-x-neobab:lik-pid-ma=",
                  "f": {
                    "lang": "akk-x-neobab",
                    "form": "lik-pid-ma"
                  }
                },
                {
                  "node": "d",
                  "type": "line-start",
                  "ref": "P238744.6",
                  "n": "5",
                  "label": "o 5"
                },
                {
                  "node": "l",
                  "frag": "[x",
                  "id": "P238744.l00c70",
                  "ref": "P238744.6.1",
                  "inst": "%akk-x-neobab:x=",
                  "f": {
                    "lang": "akk-x-neobab",
                    "form": "x"
                  }
                },
                {
                  "node": "l",
                  "frag": "x",
                  "id": "P238744.l00c71",
                  "ref": "P238744.6.2",
                  "inst": "%akk-x-neobab:x=",
                  "f": {
                    "lang": "akk-x-neobab",
                    "form": "x"
                  }
                },
                {
                  "node": "l",
                  "frag": "x",
                  "id": "P238744.l00c72",
                  "ref": "P238744.6.3",
                  "inst": "%akk-x-neobab:x=",
                  "f": {
                    "lang": "akk-x-neobab",
                    "form": "x"
                  }
                },
                {
                  "node": "l",
                  "frag": "x",
                  "id": "P238744.l00c73",
                  "ref": "P238744.6.4",
                  "inst": "%akk-x-neobab:x=",
                  "f": {
                    "lang": "akk-x-neobab",
                    "form": "x"
                  }
                },
                {
                  "node": "l",
                  "frag": "x]",
                  "id": "P238744.l00c74",
                  "ref": "P238744.6.5",
                  "inst": "%akk-x-neobab:x=",
                  "f": {
                    "lang": "akk-x-neobab",
                    "form": "x"
                  }
                },
                {
                  "node": "l",
                  "frag": "⸢x⸣+[x",
                  "id": "P238744.l00c75",
                  "ref": "P238744.6.6",
                  "inst": "%akk-x-neobab:x+x=",
                  "f": {
                    "lang": "akk-x-neobab",
                    "form": "x+x"
                  }
                },
                {
                  "node": "l",
                  "frag": "x",
                  "id": "P238744.l00c76",
                  "ref": "P238744.6.7",
                  "inst": "%akk-x-neobab:x=",
                  "f": {
                    "lang": "akk-x-neobab",
                    "form": "x"
                  }
                },
                {
                  "node": "l",
                  "frag": "x",
                  "id": "P238744.l00c77",
                  "ref": "P238744.6.8",
                  "inst": "%akk-x-neobab:x=",
                  "f": {
                    "lang": "akk-x-neobab",
                    "form": "x"
                  }
                },
                {
                  "node": "l",
                  "frag": "x",
                  "id": "P238744.l00c78",
                  "ref": "P238744.6.9",
                  "inst": "%akk-x-neobab:x=",
                  "f": {
                    "lang": "akk-x-neobab",
                    "form": "x"
                  }
                },
                {
                  "node": "l",
                  "frag": "x",
                  "id": "P238744.l00c79",
                  "ref": "P238744.6.10",
                  "inst": "%akk-x-neobab:x=",
                  "f": {
                    "lang": "akk-x-neobab",
                    "form": "x"
                  }
                },
                {
                  "node": "l",
                  "frag": "x",
                  "id": "P238744.l00c7a",
                  "ref": "P238744.6.11",
                  "inst": "%akk-x-neobab:x=",
                  "f": {
                    "lang": "akk-x-neobab",
                    "form": "x"
                  }
                },
                {
                  "node": "l",
                  "frag": "x",
                  "id": "P238744.l00c7b",
                  "ref": "P238744.6.12",
                  "inst": "%akk-x-neobab:x=",
                  "f": {
                    "lang": "akk-x-neobab",
                    "form": "x"
                  }
                },
                {
                  "node": "l",
                  "frag": "x",
                  "id": "P238744.l00c7c",
                  "ref": "P238744.6.13",
                  "inst": "%akk-x-neobab:x=",
                  "f": {
                    "lang": "akk-x-neobab",
                    "form": "x"
                  }
                },
                {
                  "node": "l",
                  "frag": "x]-a.a",
                  "id": "P238744.l00c7d",
                  "ref": "P238744.6.14",
                  "inst": "%akk-x-neobab:x-a.a=",
                  "f": {
                    "lang": "akk-x-neobab",
                    "form": "x-a.a"
                  }
                },
                {
                  "node": "l",
                  "frag": "aš₂-bu",
                  "id": "P238744.l00c7e",
                  "ref": "P238744.6.15",
                  "inst": "%akk-x-neobab:aš₂-bu=",
                  "f": {
                    "lang": "akk-x-neobab",
                    "form": "aš₂-bu"
                  }
                },
                {
                  "node": "d",
                  "type": "line-start",
                  "ref": "P238744.7",
                  "n": "6",
                  "label": "o 6"
                },
                {
                  "node": "l",
                  "frag": "[liš-pur",
                  "id": "P238744.l00c7f",
                  "ref": "P238744.7.1",
                  "inst": "%akk-x-neobab:liš-pur=",
                  "f": {
                    "lang": "akk-x-neobab",
                    "form": "liš-pur"
                  }
                },
                {
                  "node": "l",
                  "frag": "UGU",
                  "id": "P238744.l00c80",
                  "ref": "P238744.7.2",
                  "inst": "%akk-x-neobab:UGU=",
                  "f": {
                    "lang": "akk-x-neobab",
                    "form": "UGU"
                  }
                },
                {
                  "node": "l",
                  "frag": "DINGIR-ti-ka",
                  "id": "P238744.l00c81",
                  "ref": "P238744.7.3",
                  "inst": "%akk-x-neobab:DINGIR-ti-ka=",
                  "f": {
                    "lang": "akk-x-neobab",
                    "form": "DINGIR-ti-ka"
                  }
                },
                {
                  "node": "l",
                  "frag": "GAL-ti",
                  "id": "P238744.l00c82",
                  "ref": "P238744.7.4",
                  "inst": "%akk-x-neobab:GAL-ti=",
                  "f": {
                    "lang": "akk-x-neobab",
                    "form": "GAL-ti"
                  }
                },
                {
                  "node": "l",
                  "frag": "DUG₃-ab",
                  "id": "P238744.l00c83",
                  "ref": "P238744.7.5",
                  "inst": "%akk-x-neobab:DUG₃-ab=",
                  "f": {
                    "lang": "akk-x-neobab",
                    "form": "DUG₃-ab"
                  }
                },
                {
                  "node": "l",
                  "frag": "GIM",
                  "id": "P238744.l00c84",
                  "ref": "P238744.7.6",
                  "inst": "%akk-x-neobab:GIM=",
                  "f": {
                    "lang": "akk-x-neobab",
                    "form": "GIM"
                  }
                },
                {
                  "node": "l",
                  "frag": "ik-tap-du-ma]",
                  "id": "P238744.l00c85",
                  "ref": "P238744.7.7",
                  "inst": "%akk-x-neobab:ik-tap-du-ma=",
                  "f": {
                    "lang": "akk-x-neobab",
                    "form": "ik-tap-du-ma"
                  }
                },
                {
                  "node": "l",
                  "frag": "il-tap-ru",
                  "id": "P238744.l00c86",
                  "ref": "P238744.7.8",
                  "inst": "%akk-x-neobab:il-tap-ru=",
                  "f": {
                    "lang": "akk-x-neobab",
                    "form": "il-tap-ru"
                  }
                },
                {
                  "node": "d",
                  "type": "line-start",
                  "ref": "P238744.8",
                  "n": "7",
                  "label": "o 7"
                },
                {
                  "node": "l",
                  "frag": "[lu-u",
                  "id": "P238744.l00c87",
                  "ref": "P238744.8.1",
                  "inst": "%akk-x-neobab:lu-u=",
                  "f": {
                    "lang": "akk-x-neobab",
                    "form": "lu-u"
                  }
                },
                {
                  "node": "l",
                  "frag": "{1}x",
                  "id": "P238744.l00c88",
                  "ref": "P238744.8.2",
                  "inst": "%akk-x-neobab:{1}x=",
                  "f": {
                    "lang": "akk-x-neobab",
                    "form": "{1}x"
                  }
                },
                {
                  "node": "l",
                  "frag": "x",
                  "id": "P238744.l00c89",
                  "ref": "P238744.8.3",
                  "inst": "%akk-x-neobab:x=",
                  "f": {
                    "lang": "akk-x-neobab",
                    "form": "x"
                  }
                },
                {
                  "node": "l",
                  "frag": "x",
                  "id": "P238744.l00c8a",
                  "ref": "P238744.8.4",
                  "inst": "%akk-x-neobab:x=",
                  "f": {
                    "lang": "akk-x-neobab",
                    "form": "x"
                  }
                },
                {
                  "node": "l",
                  "frag": "x",
                  "id": "P238744.l00c8b",
                  "ref": "P238744.8.5",
                  "inst": "%akk-x-neobab:x=",
                  "f": {
                    "lang": "akk-x-neobab",
                    "form": "x"
                  }
                },
                {
                  "node": "l",
                  "frag": "x",
                  "id": "P238744.l00c8c",
                  "ref": "P238744.8.6",
                  "inst": "%akk-x-neobab:x=",
                  "f": {
                    "lang": "akk-x-neobab",
                    "form": "x"
                  }
                },
                {
                  "node": "l",
                  "frag": "x",
                  "id": "P238744.l00c8d",
                  "ref": "P238744.8.7",
                  "inst": "%akk-x-neobab:x=",
                  "f": {
                    "lang": "akk-x-neobab",
                    "form": "x"
                  }
                },
                {
                  "node": "l",
                  "frag": "x",
                  "id": "P238744.l00c8e",
                  "ref": "P238744.8.8",
                  "inst": "%akk-x-neobab:x=",
                  "f": {
                    "lang": "akk-x-neobab",
                    "form": "x"
                  }
                },
                {
                  "node": "l",
                  "frag": "x",
                  "id": "P238744.l00c8f",
                  "ref": "P238744.8.9",
                  "inst": "%akk-x-neobab:x=",
                  "f": {
                    "lang": "akk-x-neobab",
                    "form": "x"
                  }
                },
                {
                  "node": "l",
                  "frag": "u",
                  "id": "P238744.l00c90",
                  "ref": "P238744.8.10",
                  "inst": "%akk-x-neobab:u=",
                  "f": {
                    "lang": "akk-x-neobab",
                    "form": "u"
                  }
                },
                {
                  "node": "l",
                  "frag": "A₂.KAL-šu₂",
                  "id": "P238744.l00c91",
                  "ref": "P238744.8.11",
                  "inst": "%akk-x-neobab:A₂.KAL-šu₂=",
                  "f": {
                    "lang": "akk-x-neobab",
                    "form": "A₂.KAL-šu₂"
                  }
                },
                {
                  "node": "l",
                  "frag": "lu-u",
                  "id": "P238744.l00c92",
                  "ref": "P238744.8.12",
                  "inst": "%akk-x-neobab:lu-u=",
                  "f": {
                    "lang": "akk-x-neobab",
                    "form": "lu-u"
                  }
                },
                {
                  "node": "l",
                  "frag": "{1}x]+⸢x⸣-ša₂-at-tu-uʾ",
                  "id": "P238744.l00c93",
                  "ref": "P238744.8.13",
                  "inst": "%akk-x-neobab:{1}x+x-ša₂-at-tu-uʾ=",
                  "f": {
                    "lang": "akk-x-neobab",
                    "form": "{1}x+x-ša₂-at-tu-uʾ"
                  }
                },
                {
                  "node": "l",
                  "frag": "u",
                  "id": "P238744.l00c94",
                  "ref": "P238744.8.14",
                  "inst": "%akk-x-neobab:u=",
                  "f": {
                    "lang": "akk-x-neobab",
                    "form": "u"
                  }
                },
                {
                  "node": "l",
                  "frag": "A₂.KAL-šu₂",
                  "id": "P238744.l00c95",
                  "ref": "P238744.8.15",
                  "inst": "%akk-x-neobab:A₂.KAL-šu₂=",
                  "f": {
                    "lang": "akk-x-neobab",
                    "form": "A₂.KAL-šu₂"
                  }
                },
                {
                  "node": "d",
                  "type": "line-start",
                  "ref": "P238744.9",
                  "n": "8",
                  "label": "o 8"
                },
                {
                  "node": "l",
                  "frag": "[lu-u",
                  "id": "P238744.l00c96",
                  "ref": "P238744.9.1",
                  "inst": "%akk-x-neobab:lu-u=",
                  "f": {
                    "lang": "akk-x-neobab",
                    "form": "lu-u"
                  }
                },
                {
                  "node": "l",
                  "frag": "{1}x",
                  "id": "P238744.l00c97",
                  "ref": "P238744.9.2",
                  "inst": "%akk-x-neobab:{1}x=",
                  "f": {
                    "lang": "akk-x-neobab",
                    "form": "{1}x"
                  }
                },
                {
                  "node": "l",
                  "frag": "x",
                  "id": "P238744.l00c98",
                  "ref": "P238744.9.3",
                  "inst": "%akk-x-neobab:x=",
                  "f": {
                    "lang": "akk-x-neobab",
                    "form": "x"
                  }
                },
                {
                  "node": "l",
                  "frag": "x",
                  "id": "P238744.l00c99",
                  "ref": "P238744.9.4",
                  "inst": "%akk-x-neobab:x=",
                  "f": {
                    "lang": "akk-x-neobab",
                    "form": "x"
                  }
                },
                {
                  "node": "l",
                  "frag": "x",
                  "id": "P238744.l00c9a",
                  "ref": "P238744.9.5",
                  "inst": "%akk-x-neobab:x=",
                  "f": {
                    "lang": "akk-x-neobab",
                    "form": "x"
                  }
                },
                {
                  "node": "l",
                  "frag": "x",
                  "id": "P238744.l00c9b",
                  "ref": "P238744.9.6",
                  "inst": "%akk-x-neobab:x=",
                  "f": {
                    "lang": "akk-x-neobab",
                    "form": "x"
                  }
                },
                {
                  "node": "l",
                  "frag": "u",
                  "id": "P238744.l00c9c",
                  "ref": "P238744.9.7",
                  "inst": "%akk-x-neobab:u=",
                  "f": {
                    "lang": "akk-x-neobab",
                    "form": "u"
                  }
                },
                {
                  "node": "l",
                  "frag": "A₂.KAL-šu₂",
                  "id": "P238744.l00c9d",
                  "ref": "P238744.9.8",
                  "inst": "%akk-x-neobab:A₂.KAL-šu₂=",
                  "f": {
                    "lang": "akk-x-neobab",
                    "form": "A₂.KAL-šu₂"
                  }
                },
                {
                  "node": "l",
                  "frag": "lu-u",
                  "id": "P238744.l00c9e",
                  "ref": "P238744.9.9",
                  "inst": "%akk-x-neobab:lu-u=",
                  "f": {
                    "lang": "akk-x-neobab",
                    "form": "lu-u"
                  }
                },
                {
                  "node": "l",
                  "frag": "{1}x",
                  "id": "P238744.l00c9f",
                  "ref": "P238744.9.10",
                  "inst": "%akk-x-neobab:{1}x=",
                  "f": {
                    "lang": "akk-x-neobab",
                    "form": "{1}x"
                  }
                },
                {
                  "node": "l",
                  "frag": "x]-ni",
                  "id": "P238744.l00ca0",
                  "ref": "P238744.9.11",
                  "inst": "%akk-x-neobab:x-ni=",
                  "f": {
                    "lang": "akk-x-neobab",
                    "form": "x-ni"
                  }
                },
                {
                  "node": "l",
                  "frag": "DUMU",
                  "id": "P238744.l00ca1",
                  "ref": "P238744.9.12",
                  "inst": "%akk-x-neobab:DUMU=",
                  "f": {
                    "lang": "akk-x-neobab",
                    "form": "DUMU"
                  }
                },
                {
                  "node": "l",
                  "frag": "{1}kan-da-a",
                  "id": "P238744.l00ca2",
                  "ref": "P238744.9.13",
                  "inst": "%akk-x-neobab:{1}kan-da-a=",
                  "f": {
                    "lang": "akk-x-neobab",
                    "form": "{1}kan-da-a"
                  }
                },
                {
                  "node": "l",
                  "frag": "u",
                  "id": "P238744.l00ca3",
                  "ref": "P238744.9.14",
                  "inst": "%akk-x-neobab:u=",
                  "f": {
                    "lang": "akk-x-neobab",
                    "form": "u"
                  }
                },
                {
                  "node": "l",
                  "frag": "A₂.KAL-šu₂",
                  "id": "P238744.l00ca4",
                  "ref": "P238744.9.15",
                  "inst": "%akk-x-neobab:A₂.KAL-šu₂=",
                  "f": {
                    "lang": "akk-x-neobab",
                    "form": "A₂.KAL-šu₂"
                  }
                },
                {
                  "node": "d",
                  "type": "line-start",
                  "ref": "P238744.10",
                  "n": "9",
                  "label": "o 9"
                },
                {
                  "node": "l",
                  "frag": "[lu-u",
                  "id": "P238744.l00ca5",
                  "ref": "P238744.10.1",
                  "inst": "%akk-x-neobab:lu-u=",
                  "f": {
                    "lang": "akk-x-neobab",
                    "form": "lu-u"
                  }
                },
                {
                  "node": "l",
                  "frag": "{kur}x",
                  "id": "P238744.l00ca6",
                  "ref": "P238744.10.2",
                  "inst": "%akk-x-neobab:{KUR}x=",
                  "f": {
                    "lang": "akk-x-neobab",
                    "form": "{KUR}x"
                  }
                },
                {
                  "node": "l",
                  "frag": "x",
                  "id": "P238744.l00ca7",
                  "ref": "P238744.10.3",
                  "inst": "%akk-x-neobab:x=",
                  "f": {
                    "lang": "akk-x-neobab",
                    "form": "x"
                  }
                },
                {
                  "node": "l",
                  "frag": "x",
                  "id": "P238744.l00ca8",
                  "ref": "P238744.10.4",
                  "inst": "%akk-x-neobab:x=",
                  "f": {
                    "lang": "akk-x-neobab",
                    "form": "x"
                  }
                },
                {
                  "node": "l",
                  "frag": "x",
                  "id": "P238744.l00ca9",
                  "ref": "P238744.10.5",
                  "inst": "%akk-x-neobab:x=",
                  "f": {
                    "lang": "akk-x-neobab",
                    "form": "x"
                  }
                },
                {
                  "node": "l",
                  "frag": "x",
                  "id": "P238744.l00caa",
                  "ref": "P238744.10.6",
                  "inst": "%akk-x-neobab:x=",
                  "f": {
                    "lang": "akk-x-neobab",
                    "form": "x"
                  }
                },
                {
                  "node": "l",
                  "frag": "x",
                  "id": "P238744.l00cab",
                  "ref": "P238744.10.7",
                  "inst": "%akk-x-neobab:x=",
                  "f": {
                    "lang": "akk-x-neobab",
                    "form": "x"
                  }
                },
                {
                  "node": "l",
                  "frag": "x-a].a",
                  "id": "P238744.l00cac",
                  "ref": "P238744.10.8",
                  "inst": "%akk-x-neobab:x-a.a=",
                  "f": {
                    "lang": "akk-x-neobab",
                    "form": "x-a.a"
                  }
                },
                {
                  "node": "l",
                  "frag": "lu-u",
                  "id": "P238744.l00cad",
                  "ref": "P238744.10.9",
                  "inst": "%akk-x-neobab:lu-u=",
                  "f": {
                    "lang": "akk-x-neobab",
                    "form": "lu-u"
                  }
                },
                {
                  "node": "l",
                  "frag": "{kur}hi-lik-ka-a.a",
                  "id": "P238744.l00cae",
                  "ref": "P238744.10.10",
                  "inst": "%akk-x-neobab:{KUR}hi-lik-ka-a.a=",
                  "f": {
                    "lang": "akk-x-neobab",
                    "form": "{KUR}hi-lik-ka-a.a"
                  }
                },
                {
                  "node": "d",
                  "type": "line-start",
                  "ref": "P238744.11",
                  "n": "10",
                  "label": "o 10"
                },
                {
                  "node": "l",
                  "frag": "[x",
                  "id": "P238744.l00caf",
                  "ref": "P238744.11.1",
                  "inst": "%akk-x-neobab:x=",
                  "f": {
                    "lang": "akk-x-neobab",
                    "form": "x"
                  }
                },
                {
                  "node": "l",
                  "frag": "x",
                  "id": "P238744.l00cb0",
                  "ref": "P238744.11.2",
                  "inst": "%akk-x-neobab:x=",
                  "f": {
                    "lang": "akk-x-neobab",
                    "form": "x"
                  }
                },
                {
                  "node": "l",
                  "frag": "x",
                  "id": "P238744.l00cb1",
                  "ref": "P238744.11.3",
                  "inst": "%akk-x-neobab:x=",
                  "f": {
                    "lang": "akk-x-neobab",
                    "form": "x"
                  }
                },
                {
                  "node": "l",
                  "frag": "x",
                  "id": "P238744.l00cb2",
                  "ref": "P238744.11.4",
                  "inst": "%akk-x-neobab:x=",
                  "f": {
                    "lang": "akk-x-neobab",
                    "form": "x"
                  }
                },
                {
                  "node": "l",
                  "frag": "x",
                  "id": "P238744.l00cb3",
                  "ref": "P238744.11.5",
                  "inst": "%akk-x-neobab:x=",
                  "f": {
                    "lang": "akk-x-neobab",
                    "form": "x"
                  }
                },
                {
                  "node": "l",
                  "frag": "x",
                  "id": "P238744.l00cb4",
                  "ref": "P238744.11.6",
                  "inst": "%akk-x-neobab:x=",
                  "f": {
                    "lang": "akk-x-neobab",
                    "form": "x"
                  }
                },
                {
                  "node": "l",
                  "frag": "x",
                  "id": "P238744.l00cb5",
                  "ref": "P238744.11.7",
                  "inst": "%akk-x-neobab:x=",
                  "f": {
                    "lang": "akk-x-neobab",
                    "form": "x"
                  }
                },
                {
                  "node": "l",
                  "frag": "x",
                  "id": "P238744.l00cb6",
                  "ref": "P238744.11.8",
                  "inst": "%akk-x-neobab:x=",
                  "f": {
                    "lang": "akk-x-neobab",
                    "form": "x"
                  }
                },
                {
                  "node": "l",
                  "frag": "x",
                  "id": "P238744.l00cb7",
                  "ref": "P238744.11.9",
                  "inst": "%akk-x-neobab:x=",
                  "f": {
                    "lang": "akk-x-neobab",
                    "form": "x"
                  }
                },
                {
                  "node": "l",
                  "frag": "x",
                  "id": "P238744.l00cb8",
                  "ref": "P238744.11.10",
                  "inst": "%akk-x-neobab:x=",
                  "f": {
                    "lang": "akk-x-neobab",
                    "form": "x"
                  }
                },
                {
                  "node": "l",
                  "frag": "x",
                  "id": "P238744.l00cb9",
                  "ref": "P238744.11.11",
                  "inst": "%akk-x-neobab:x=",
                  "f": {
                    "lang": "akk-x-neobab",
                    "form": "x"
                  }
                },
                {
                  "node": "l",
                  "frag": "x",
                  "id": "P238744.l00cba",
                  "ref": "P238744.11.12",
                  "inst": "%akk-x-neobab:x=",
                  "f": {
                    "lang": "akk-x-neobab",
                    "form": "x"
                  }
                },
                {
                  "node": "l",
                  "frag": "x",
                  "id": "P238744.l00cbb",
                  "ref": "P238744.11.13",
                  "inst": "%akk-x-neobab:x=",
                  "f": {
                    "lang": "akk-x-neobab",
                    "form": "x"
                  }
                },
                {
                  "node": "l",
                  "frag": "x",
                  "id": "P238744.l00cbc",
                  "ref": "P238744.11.14",
                  "inst": "%akk-x-neobab:x=",
                  "f": {
                    "lang": "akk-x-neobab",
                    "form": "x"
                  }
                },
                {
                  "node": "l",
                  "frag": "x]",
                  "id": "P238744.l00cbd",
                  "ref": "P238744.11.15",
                  "inst": "%akk-x-neobab:x=",
                  "f": {
                    "lang": "akk-x-neobab",
                    "form": "x"
                  }
                },
                {
                  "node": "l",
                  "frag": "⸢x⸣",
                  "id": "P238744.l00cbe",
                  "ref": "P238744.11.16",
                  "inst": "%akk-x-neobab:x=",
                  "f": {
                    "lang": "akk-x-neobab",
                    "form": "x"
                  }
                },
                {
                  "node": "l",
                  "frag": "DINGIR-ut-ka",
                  "id": "P238744.l00cbf",
                  "ref": "P238744.11.17",
                  "inst": "%akk-x-neobab:DINGIR-ut-ka=",
                  "f": {
                    "lang": "akk-x-neobab",
                    "form": "DINGIR-ut-ka"
                  }
                },
                {
                  "node": "l",
                  "frag": "GAL-ti",
                  "id": "P238744.l00cc0",
                  "ref": "P238744.11.18",
                  "inst": "%akk-x-neobab:GAL-ti=",
                  "f": {
                    "lang": "akk-x-neobab",
                    "form": "GAL-ti"
                  }
                },
                {
                  "node": "l",
                  "frag": "ZU-u",
                  "id": "P238744.l00cc1",
                  "ref": "P238744.11.19",
                  "inst": "%akk-x-neobab:ZU-u=",
                  "f": {
                    "lang": "akk-x-neobab",
                    "form": "ZU-u"
                  }
                },
                {
                  "node": "d",
                  "type": "line-start",
                  "ref": "P238744.12",
                  "n": "11",
                  "label": "o 11"
                },
                {
                  "node": "l",
                  "frag": "[x",
                  "id": "P238744.l00cc2",
                  "ref": "P238744.12.1",
                  "inst": "%akk-x-neobab:x=",
                  "f": {
                    "lang": "akk-x-neobab",
                    "form": "x"
                  }
                },
                {
                  "node": "l",
                  "frag": "x",
                  "id": "P238744.l00cc3",
                  "ref": "P238744.12.2",
                  "inst": "%akk-x-neobab:x=",
                  "f": {
                    "lang": "akk-x-neobab",
                    "form": "x"
                  }
                },
                {
                  "node": "l",
                  "frag": "x",
                  "id": "P238744.l00cc4",
                  "ref": "P238744.12.3",
                  "inst": "%akk-x-neobab:x=",
                  "f": {
                    "lang": "akk-x-neobab",
                    "form": "x"
                  }
                },
                {
                  "node": "l",
                  "frag": "x",
                  "id": "P238744.l00cc5",
                  "ref": "P238744.12.4",
                  "inst": "%akk-x-neobab:x=",
                  "f": {
                    "lang": "akk-x-neobab",
                    "form": "x"
                  }
                },
                {
                  "node": "l",
                  "frag": "x",
                  "id": "P238744.l00cc6",
                  "ref": "P238744.12.5",
                  "inst": "%akk-x-neobab:x=",
                  "f": {
                    "lang": "akk-x-neobab",
                    "form": "x"
                  }
                },
                {
                  "node": "l",
                  "frag": "x",
                  "id": "P238744.l00cc7",
                  "ref": "P238744.12.6",
                  "inst": "%akk-x-neobab:x=",
                  "f": {
                    "lang": "akk-x-neobab",
                    "form": "x"
                  }
                },
                {
                  "node": "l",
                  "frag": "x",
                  "id": "P238744.l00cc8",
                  "ref": "P238744.12.7",
                  "inst": "%akk-x-neobab:x=",
                  "f": {
                    "lang": "akk-x-neobab",
                    "form": "x"
                  }
                },
                {
                  "node": "l",
                  "frag": "x",
                  "id": "P238744.l00cc9",
                  "ref": "P238744.12.8",
                  "inst": "%akk-x-neobab:x=",
                  "f": {
                    "lang": "akk-x-neobab",
                    "form": "x"
                  }
                },
                {
                  "node": "l",
                  "frag": "x",
                  "id": "P238744.l00cca",
                  "ref": "P238744.12.9",
                  "inst": "%akk-x-neobab:x=",
                  "f": {
                    "lang": "akk-x-neobab",
                    "form": "x"
                  }
                },
                {
                  "node": "l",
                  "frag": "x",
                  "id": "P238744.l00ccb",
                  "ref": "P238744.12.10",
                  "inst": "%akk-x-neobab:x=",
                  "f": {
                    "lang": "akk-x-neobab",
                    "form": "x"
                  }
                },
                {
                  "node": "l",
                  "frag": "x",
                  "id": "P238744.l00ccc",
                  "ref": "P238744.12.11",
                  "inst": "%akk-x-neobab:x=",
                  "f": {
                    "lang": "akk-x-neobab",
                    "form": "x"
                  }
                },
                {
                  "node": "l",
                  "frag": "x",
                  "id": "P238744.l00ccd",
                  "ref": "P238744.12.12",
                  "inst": "%akk-x-neobab:x=",
                  "f": {
                    "lang": "akk-x-neobab",
                    "form": "x"
                  }
                },
                {
                  "node": "l",
                  "frag": "x",
                  "id": "P238744.l00cce",
                  "ref": "P238744.12.13",
                  "inst": "%akk-x-neobab:x=",
                  "f": {
                    "lang": "akk-x-neobab",
                    "form": "x"
                  }
                },
                {
                  "node": "l",
                  "frag": "x",
                  "id": "P238744.l00ccf",
                  "ref": "P238744.12.14",
                  "inst": "%akk-x-neobab:x=",
                  "f": {
                    "lang": "akk-x-neobab",
                    "form": "x"
                  }
                },
                {
                  "node": "l",
                  "frag": "x",
                  "id": "P238744.l00cd0",
                  "ref": "P238744.12.15",
                  "inst": "%akk-x-neobab:x=",
                  "f": {
                    "lang": "akk-x-neobab",
                    "form": "x"
                  }
                },
                {
                  "node": "l",
                  "frag": "x",
                  "id": "P238744.l00cd1",
                  "ref": "P238744.12.16",
                  "inst": "%akk-x-neobab:x=",
                  "f": {
                    "lang": "akk-x-neobab",
                    "form": "x"
                  }
                },
                {
                  "node": "l",
                  "frag": "x",
                  "id": "P238744.l00cd2",
                  "ref": "P238744.12.17",
                  "inst": "%akk-x-neobab:x=",
                  "f": {
                    "lang": "akk-x-neobab",
                    "form": "x"
                  }
                },
                {
                  "node": "l",
                  "frag": "x",
                  "id": "P238744.l00cd3",
                  "ref": "P238744.12.18",
                  "inst": "%akk-x-neobab:x=",
                  "f": {
                    "lang": "akk-x-neobab",
                    "form": "x"
                  }
                },
                {
                  "node": "l",
                  "frag": "x]-MEŠ",
                  "id": "P238744.l00cd4",
                  "ref": "P238744.12.19",
                  "inst": "%akk-x-neobab:x-MEŠ=",
                  "f": {
                    "lang": "akk-x-neobab",
                    "form": "x-MEŠ"
                  }
                },
                {
                  "node": "d",
                  "type": "nonx",
                  "ref": "P238744.13",
                  "strict": "0",
                  "extent": "rest",
                  "state": "missing"
                },
                {
                  "node": "d",
                  "subtype": "reverse",
                  "type": "reverse",
                  "ref": "P238744.r.14",
                  "label": "r"
                },
                {
                  "node": "d",
                  "type": "nonx",
                  "ref": "P238744.15",
                  "strict": "0",
                  "extent": "beginning",
                  "scope": "line",
                  "state": "traces"
                },
                {
                  "node": "d",
                  "type": "line-start",
                  "ref": "P238744.16",
                  "n": "1'",
                  "label": "r 1'"
                },
                {
                  "node": "l",
                  "frag": "[UZU-MEŠ",
                  "id": "P238744.l00cd5",
                  "ref": "P238744.16.1",
                  "inst": "%akk-x-neobab:UZU-MEŠ=",
                  "f": {
                    "lang": "akk-x-neobab",
                    "form": "UZU-MEŠ"
                  }
                },
                {
                  "node": "l",
                  "frag": "ta-mit",
                  "id": "P238744.l00cd6",
                  "ref": "P238744.16.2",
                  "inst": "%akk-x-neobab:ta-mit=",
                  "f": {
                    "lang": "akk-x-neobab",
                    "form": "ta-mit"
                  }
                },
                {
                  "node": "l",
                  "frag": "SIG₅-MEŠ",
                  "id": "P238744.l00cd7",
                  "ref": "P238744.16.3",
                  "inst": "%akk-x-neobab:SIG₅-MEŠ=",
                  "f": {
                    "lang": "akk-x-neobab",
                    "form": "SIG₅-MEŠ"
                  }
                },
                {
                  "node": "l",
                  "frag": "SILIM-MEŠ",
                  "id": "P238744.l00cd8",
                  "ref": "P238744.16.4",
                  "inst": "%akk-x-neobab:SILIM-MEŠ=",
                  "f": {
                    "lang": "akk-x-neobab",
                    "form": "SILIM-MEŠ"
                  }
                },
                {
                  "node": "l",
                  "frag": "ša₂",
                  "id": "P238744.l00cd9",
                  "ref": "P238744.16.5",
                  "inst": "%akk-x-neobab:ša₂=",
                  "f": {
                    "lang": "akk-x-neobab",
                    "form": "ša₂"
                  }
                },
                {
                  "node": "l",
                  "frag": "KA",
                  "id": "P238744.l00cda",
                  "ref": "P238744.16.6",
                  "inst": "%akk-x-neobab:KA=",
                  "f": {
                    "lang": "akk-x-neobab",
                    "form": "KA"
                  }
                },
                {
                  "node": "l",
                  "frag": "DINGIR-ti-ka",
                  "id": "P238744.l00cdb",
                  "ref": "P238744.16.7",
                  "inst": "%akk-x-neobab:DINGIR-ti-ka=",
                  "f": {
                    "lang": "akk-x-neobab",
                    "form": "DINGIR-ti-ka"
                  }
                },
                {
                  "node": "l",
                  "frag": "GAL]-⸢ti",
                  "id": "P238744.l00cdc",
                  "ref": "P238744.16.8",
                  "inst": "%akk-x-neobab:GAL-ti=",
                  "f": {
                    "lang": "akk-x-neobab",
                    "form": "GAL-ti"
                  }
                },
                {
                  "node": "l",
                  "frag": "šuk⸣-nam-ma",
                  "id": "P238744.l00cdd",
                  "ref": "P238744.16.9",
                  "inst": "%akk-x-neobab:šuk-nam-ma=",
                  "f": {
                    "lang": "akk-x-neobab",
                    "form": "šuk-nam-ma"
                  }
                },
                {
                  "node": "l",
                  "frag": "lu-mur",
                  "id": "P238744.l00cde",
                  "ref": "P238744.16.10",
                  "inst": "%akk-x-neobab:lu-mur=",
                  "f": {
                    "lang": "akk-x-neobab",
                    "form": "lu-mur"
                  }
                },
                {
                  "node": "d",
                  "type": "line-start",
                  "ref": "P238744.17",
                  "n": "2'",
                  "label": "r 2'"
                },
                {
                  "node": "l",
                  "frag": "[x",
                  "id": "P238744.l00cdf",
                  "ref": "P238744.17.1",
                  "inst": "%akk-x-neobab:x=",
                  "f": {
                    "lang": "akk-x-neobab",
                    "form": "x"
                  }
                },
                {
                  "node": "l",
                  "frag": "x",
                  "id": "P238744.l00ce0",
                  "ref": "P238744.17.2",
                  "inst": "%akk-x-neobab:x=",
                  "f": {
                    "lang": "akk-x-neobab",
                    "form": "x"
                  }
                },
                {
                  "node": "l",
                  "frag": "x",
                  "id": "P238744.l00ce1",
                  "ref": "P238744.17.3",
                  "inst": "%akk-x-neobab:x=",
                  "f": {
                    "lang": "akk-x-neobab",
                    "form": "x"
                  }
                },
                {
                  "node": "l",
                  "frag": "x",
                  "id": "P238744.l00ce2",
                  "ref": "P238744.17.4",
                  "inst": "%akk-x-neobab:x=",
                  "f": {
                    "lang": "akk-x-neobab",
                    "form": "x"
                  }
                },
                {
                  "node": "l",
                  "frag": "x",
                  "id": "P238744.l00ce3",
                  "ref": "P238744.17.5",
                  "inst": "%akk-x-neobab:x=",
                  "f": {
                    "lang": "akk-x-neobab",
                    "form": "x"
                  }
                },
                {
                  "node": "l",
                  "frag": "x",
                  "id": "P238744.l00ce4",
                  "ref": "P238744.17.6",
                  "inst": "%akk-x-neobab:x=",
                  "f": {
                    "lang": "akk-x-neobab",
                    "form": "x"
                  }
                },
                {
                  "node": "l",
                  "frag": "x",
                  "id": "P238744.l00ce5",
                  "ref": "P238744.17.7",
                  "inst": "%akk-x-neobab:x=",
                  "f": {
                    "lang": "akk-x-neobab",
                    "form": "x"
                  }
                },
                {
                  "node": "l",
                  "frag": "x",
                  "id": "P238744.l00ce6",
                  "ref": "P238744.17.8",
                  "inst": "%akk-x-neobab:x=",
                  "f": {
                    "lang": "akk-x-neobab",
                    "form": "x"
                  }
                },
                {
                  "node": "l",
                  "frag": "x",
                  "id": "P238744.l00ce7",
                  "ref": "P238744.17.9",
                  "inst": "%akk-x-neobab:x=",
                  "f": {
                    "lang": "akk-x-neobab",
                    "form": "x"
                  }
                },
                {
                  "node": "l",
                  "frag": "x",
                  "id": "P238744.l00ce8",
                  "ref": "P238744.17.10",
                  "inst": "%akk-x-neobab:x=",
                  "f": {
                    "lang": "akk-x-neobab",
                    "form": "x"
                  }
                },
                {
                  "node": "l",
                  "frag": "x",
                  "id": "P238744.l00ce9",
                  "ref": "P238744.17.11",
                  "inst": "%akk-x-neobab:x=",
                  "f": {
                    "lang": "akk-x-neobab",
                    "form": "x"
                  }
                },
                {
                  "node": "l",
                  "frag": "x",
                  "id": "P238744.l00cea",
                  "ref": "P238744.17.12",
                  "inst": "%akk-x-neobab:x=",
                  "f": {
                    "lang": "akk-x-neobab",
                    "form": "x"
                  }
                },
                {
                  "node": "l",
                  "frag": "KIŠIB]-MEŠ",
                  "id": "P238744.l00ceb",
                  "ref": "P238744.17.13",
                  "inst": "%akk-x-neobab:KIŠIB-MEŠ=",
                  "f": {
                    "lang": "akk-x-neobab",
                    "form": "KIŠIB-MEŠ"
                  }
                },
                {
                  "node": "l",
                  "frag": "LAL-MEŠ",
                  "id": "P238744.l00cec",
                  "ref": "P238744.17.14",
                  "inst": "%akk-x-neobab:LAL-MEŠ=",
                  "f": {
                    "lang": "akk-x-neobab",
                    "form": "LAL-MEŠ"
                  }
                },
                {
                  "node": "l",
                  "frag": "IGI-ti",
                  "id": "P238744.l00ced",
                  "ref": "P238744.17.15",
                  "inst": "%akk-x-neobab:IGI-ti=",
                  "f": {
                    "lang": "akk-x-neobab",
                    "form": "IGI-ti"
                  }
                },
                {
                  "node": "d",
                  "type": "line-start",
                  "ref": "P238744.18",
                  "n": "3'",
                  "label": "r 3'"
                },
                {
                  "node": "l",
                  "frag": "[x",
                  "id": "P238744.l00cee",
                  "ref": "P238744.18.1",
                  "inst": "%akk-x-neobab:x=",
                  "f": {
                    "lang": "akk-x-neobab",
                    "form": "x"
                  }
                },
                {
                  "node": "l",
                  "frag": "x",
                  "id": "P238744.l00cef",
                  "ref": "P238744.18.2",
                  "inst": "%akk-x-neobab:x=",
                  "f": {
                    "lang": "akk-x-neobab",
                    "form": "x"
                  }
                },
                {
                  "node": "l",
                  "frag": "x",
                  "id": "P238744.l00cf0",
                  "ref": "P238744.18.3",
                  "inst": "%akk-x-neobab:x=",
                  "f": {
                    "lang": "akk-x-neobab",
                    "form": "x"
                  }
                },
                {
                  "node": "l",
                  "frag": "x",
                  "id": "P238744.l00cf1",
                  "ref": "P238744.18.4",
                  "inst": "%akk-x-neobab:x=",
                  "f": {
                    "lang": "akk-x-neobab",
                    "form": "x"
                  }
                },
                {
                  "node": "l",
                  "frag": "x",
                  "id": "P238744.l00cf2",
                  "ref": "P238744.18.5",
                  "inst": "%akk-x-neobab:x=",
                  "f": {
                    "lang": "akk-x-neobab",
                    "form": "x"
                  }
                },
                {
                  "node": "l",
                  "frag": "x",
                  "id": "P238744.l00cf3",
                  "ref": "P238744.18.6",
                  "inst": "%akk-x-neobab:x=",
                  "f": {
                    "lang": "akk-x-neobab",
                    "form": "x"
                  }
                },
                {
                  "node": "l",
                  "frag": "x",
                  "id": "P238744.l00cf4",
                  "ref": "P238744.18.7",
                  "inst": "%akk-x-neobab:x=",
                  "f": {
                    "lang": "akk-x-neobab",
                    "form": "x"
                  }
                },
                {
                  "node": "l",
                  "frag": "x",
                  "id": "P238744.l00cf5",
                  "ref": "P238744.18.8",
                  "inst": "%akk-x-neobab:x=",
                  "f": {
                    "lang": "akk-x-neobab",
                    "form": "x"
                  }
                },
                {
                  "node": "l",
                  "frag": "x",
                  "id": "P238744.l00cf6",
                  "ref": "P238744.18.9",
                  "inst": "%akk-x-neobab:x=",
                  "f": {
                    "lang": "akk-x-neobab",
                    "form": "x"
                  }
                },
                {
                  "node": "l",
                  "frag": "x",
                  "id": "P238744.l00cf7",
                  "ref": "P238744.18.10",
                  "inst": "%akk-x-neobab:x=",
                  "f": {
                    "lang": "akk-x-neobab",
                    "form": "x"
                  }
                },
                {
                  "node": "l",
                  "frag": "x",
                  "id": "P238744.l00cf8",
                  "ref": "P238744.18.11",
                  "inst": "%akk-x-neobab:x=",
                  "f": {
                    "lang": "akk-x-neobab",
                    "form": "x"
                  }
                },
                {
                  "node": "l",
                  "frag": "x",
                  "id": "P238744.l00cf9",
                  "ref": "P238744.18.12",
                  "inst": "%akk-x-neobab:x=",
                  "f": {
                    "lang": "akk-x-neobab",
                    "form": "x"
                  }
                },
                {
                  "node": "l",
                  "frag": "x",
                  "id": "P238744.l00cfa",
                  "ref": "P238744.18.13",
                  "inst": "%akk-x-neobab:x=",
                  "f": {
                    "lang": "akk-x-neobab",
                    "form": "x"
                  }
                },
                {
                  "node": "l",
                  "frag": "x]",
                  "id": "P238744.l00cfb",
                  "ref": "P238744.18.14",
                  "inst": "%akk-x-neobab:x=",
                  "f": {
                    "lang": "akk-x-neobab",
                    "form": "x"
                  }
                },
                {
                  "node": "l",
                  "frag": "pi-qit-ti",
                  "id": "P238744.l00cfc",
                  "ref": "P238744.18.15",
                  "inst": "%akk-x-neobab:pi-qit-ti=",
                  "f": {
                    "lang": "akk-x-neobab",
                    "form": "pi-qit-ti"
                  }
                },
                {
                  "node": "d",
                  "type": "line-start",
                  "ref": "P238744.19",
                  "n": "4'",
                  "label": "r 4'"
                },
                {
                  "node": "l",
                  "frag": "[x",
                  "id": "P238744.l00cfd",
                  "ref": "P238744.19.1",
                  "inst": "%akk-x-neobab:x=",
                  "f": {
                    "lang": "akk-x-neobab",
                    "form": "x"
                  }
                },
                {
                  "node": "l",
                  "frag": "x",
                  "id": "P238744.l00cfe",
                  "ref": "P238744.19.2",
                  "inst": "%akk-x-neobab:x=",
                  "f": {
                    "lang": "akk-x-neobab",
                    "form": "x"
                  }
                },
                {
                  "node": "l",
                  "frag": "x",
                  "id": "P238744.l00cff",
                  "ref": "P238744.19.3",
                  "inst": "%akk-x-neobab:x=",
                  "f": {
                    "lang": "akk-x-neobab",
                    "form": "x"
                  }
                },
                {
                  "node": "l",
                  "frag": "x",
                  "id": "P238744.l00d00",
                  "ref": "P238744.19.4",
                  "inst": "%akk-x-neobab:x=",
                  "f": {
                    "lang": "akk-x-neobab",
                    "form": "x"
                  }
                },
                {
                  "node": "l",
                  "frag": "x",
                  "id": "P238744.l00d01",
                  "ref": "P238744.19.5",
                  "inst": "%akk-x-neobab:x=",
                  "f": {
                    "lang": "akk-x-neobab",
                    "form": "x"
                  }
                },
                {
                  "node": "l",
                  "frag": "x",
                  "id": "P238744.l00d02",
                  "ref": "P238744.19.6",
                  "inst": "%akk-x-neobab:x=",
                  "f": {
                    "lang": "akk-x-neobab",
                    "form": "x"
                  }
                },
                {
                  "node": "l",
                  "frag": "x",
                  "id": "P238744.l00d03",
                  "ref": "P238744.19.7",
                  "inst": "%akk-x-neobab:x=",
                  "f": {
                    "lang": "akk-x-neobab",
                    "form": "x"
                  }
                },
                {
                  "node": "l",
                  "frag": "x",
                  "id": "P238744.l00d04",
                  "ref": "P238744.19.8",
                  "inst": "%akk-x-neobab:x=",
                  "f": {
                    "lang": "akk-x-neobab",
                    "form": "x"
                  }
                },
                {
                  "node": "l",
                  "frag": "x",
                  "id": "P238744.l00d05",
                  "ref": "P238744.19.9",
                  "inst": "%akk-x-neobab:x=",
                  "f": {
                    "lang": "akk-x-neobab",
                    "form": "x"
                  }
                },
                {
                  "node": "l",
                  "frag": "x",
                  "id": "P238744.l00d06",
                  "ref": "P238744.19.10",
                  "inst": "%akk-x-neobab:x=",
                  "f": {
                    "lang": "akk-x-neobab",
                    "form": "x"
                  }
                },
                {
                  "node": "l",
                  "frag": "x",
                  "id": "P238744.l00d07",
                  "ref": "P238744.19.11",
                  "inst": "%akk-x-neobab:x=",
                  "f": {
                    "lang": "akk-x-neobab",
                    "form": "x"
                  }
                },
                {
                  "node": "l",
                  "frag": "ša₂]-lul-ti",
                  "id": "P238744.l00d08",
                  "ref": "P238744.19.12",
                  "inst": "%akk-x-neobab:ša₂-lul-ti=",
                  "f": {
                    "lang": "akk-x-neobab",
                    "form": "ša₂-lul-ti"
                  }
                },
                {
                  "node": "d",
                  "type": "nonx",
                  "ref": "P238744.20",
                  "strict": "0",
                  "extent": "n",
                  "scope": "line",
                  "state": "blank"
                },
                {
                  "node": "d",
                  "type": "line-start",
                  "ref": "P238744.21",
                  "n": "5'",
                  "label": "r 5'"
                },
                {
                  "node": "d",
                  "type": "nonw",
                  "ref": ""
                },
                {
                  "node": "l",
                  "frag": "[x",
                  "id": "P238744.l00d09",
                  "ref": "P238744.21.1",
                  "inst": "%akk-x-neobab:x=",
                  "f": {
                    "lang": "akk-x-neobab",
                    "form": "x"
                  }
                },
                {
                  "node": "l",
                  "frag": "x",
                  "id": "P238744.l00d0a",
                  "ref": "P238744.21.2",
                  "inst": "%akk-x-neobab:x=",
                  "f": {
                    "lang": "akk-x-neobab",
                    "form": "x"
                  }
                },
                {
                  "node": "l",
                  "frag": "x",
                  "id": "P238744.l00d0b",
                  "ref": "P238744.21.3",
                  "inst": "%akk-x-neobab:x=",
                  "f": {
                    "lang": "akk-x-neobab",
                    "form": "x"
                  }
                },
                {
                  "node": "l",
                  "frag": "x",
                  "id": "P238744.l00d0c",
                  "ref": "P238744.21.4",
                  "inst": "%akk-x-neobab:x=",
                  "f": {
                    "lang": "akk-x-neobab",
                    "form": "x"
                  }
                },
                {
                  "node": "l",
                  "frag": "x",
                  "id": "P238744.l00d0d",
                  "ref": "P238744.21.5",
                  "inst": "%akk-x-neobab:x=",
                  "f": {
                    "lang": "akk-x-neobab",
                    "form": "x"
                  }
                },
                {
                  "node": "l",
                  "frag": "x",
                  "id": "P238744.l00d0e",
                  "ref": "P238744.21.6",
                  "inst": "%akk-x-neobab:x=",
                  "f": {
                    "lang": "akk-x-neobab",
                    "form": "x"
                  }
                },
                {
                  "node": "l",
                  "frag": "x",
                  "id": "P238744.l00d0f",
                  "ref": "P238744.21.7",
                  "inst": "%akk-x-neobab:x=",
                  "f": {
                    "lang": "akk-x-neobab",
                    "form": "x"
                  }
                },
                {
                  "node": "l",
                  "frag": "x",
                  "id": "P238744.l00d10",
                  "ref": "P238744.21.8",
                  "inst": "%akk-x-neobab:x=",
                  "f": {
                    "lang": "akk-x-neobab",
                    "form": "x"
                  }
                },
                {
                  "node": "l",
                  "frag": "x",
                  "id": "P238744.l00d11",
                  "ref": "P238744.21.9",
                  "inst": "%akk-x-neobab:x=",
                  "f": {
                    "lang": "akk-x-neobab",
                    "form": "x"
                  }
                },
                {
                  "node": "l",
                  "frag": "x",
                  "id": "P238744.l00d12",
                  "ref": "P238744.21.10",
                  "inst": "%akk-x-neobab:x=",
                  "f": {
                    "lang": "akk-x-neobab",
                    "form": "x"
                  }
                },
                {
                  "node": "l",
                  "frag": "x]-u-a",
                  "id": "P238744.l00d13",
                  "ref": "P238744.21.11",
                  "inst": "%akk-x-neobab:x-u-a=",
                  "f": {
                    "lang": "akk-x-neobab",
                    "form": "x-u-a"
                  }
                },
                {
                  "node": "d",
                  "type": "line-start",
                  "ref": "P238744.22",
                  "n": "6'",
                  "label": "r 6'"
                },
                {
                  "node": "l",
                  "frag": "UGU",
                  "id": "P238744.l00d14",
                  "ref": "P238744.22.1",
                  "inst": "%akk-x-neobab:UGU=",
                  "f": {
                    "lang": "akk-x-neobab",
                    "form": "UGU"
                  }
                },
                {
                  "node": "l",
                  "frag": "DINGIR-ti-ka",
                  "id": "P238744.l00d15",
                  "ref": "P238744.22.2",
                  "inst": "%akk-x-neobab:DINGIR-ti-ka=",
                  "f": {
                    "lang": "akk-x-neobab",
                    "form": "DINGIR-ti-ka"
                  }
                },
                {
                  "node": "l",
                  "frag": "⸢GAL⸣-[ti",
                  "id": "P238744.l00d16",
                  "ref": "P238744.22.3",
                  "inst": "%akk-x-neobab:GAL-ti=",
                  "f": {
                    "lang": "akk-x-neobab",
                    "form": "GAL-ti"
                  }
                },
                {
                  "node": "l",
                  "frag": "{d}UTU",
                  "id": "P238744.l00d17",
                  "ref": "P238744.22.4",
                  "inst": "%akk-x-neobab:{d}UTU=",
                  "f": {
                    "lang": "akk-x-neobab",
                    "form": "{d}UTU"
                  }
                },
                {
                  "node": "l",
                  "frag": "EN",
                  "id": "P238744.l00d18",
                  "ref": "P238744.22.5",
                  "inst": "%akk-x-neobab:EN=",
                  "f": {
                    "lang": "akk-x-neobab",
                    "form": "EN"
                  }
                },
                {
                  "node": "l",
                  "frag": "GAL-u₂",
                  "id": "P238744.l00d19",
                  "ref": "P238744.22.6",
                  "inst": "%akk-x-neobab:GAL-u₂=",
                  "f": {
                    "lang": "akk-x-neobab",
                    "form": "GAL-u₂"
                  }
                },
                {
                  "node": "l",
                  "frag": "lil-lik-ma",
                  "id": "P238744.l00d1a",
                  "ref": "P238744.22.7",
                  "inst": "%akk-x-neobab:lil-lik-ma=",
                  "f": {
                    "lang": "akk-x-neobab",
                    "form": "lil-lik-ma"
                  }
                },
                {
                  "node": "l",
                  "frag": "KIN",
                  "id": "P238744.l00d1b",
                  "ref": "P238744.22.8",
                  "inst": "%akk-x-neobab:KIN=",
                  "f": {
                    "lang": "akk-x-neobab",
                    "form": "KIN"
                  }
                },
                {
                  "node": "l",
                  "frag": "li-tap]-pal",
                  "id": "P238744.l00d1c",
                  "ref": "P238744.22.9",
                  "inst": "%akk-x-neobab:li-tap-pal=",
                  "f": {
                    "lang": "akk-x-neobab",
                    "form": "li-tap-pal"
                  }
                }
              ]
            }
          ]
        }
      ]
    }
  ]
}
