{
  "type": "cdl",
  "source": "http://oracc.org/saao/saa04",
  "license": "This data is released under the CC0 license",
  "license-url": "https://creativecommons.org/publicdomain/zero/1.0/",
  "more-info": "http://oracc.org/doc/opendata/",
  "UTC-timestamp": "2017-06-10T00:39:15",
  "project": "saao/saa04",
  "textid": "P240244",
  "cdl": [
    {
      "node": "c",
      "type": "text",
      "id": "P240244.U0",
      "cdl": [
        {
          "node": "d",
          "type": "object",
          "ref": ""
        },
        {
          "node": "d",
          "subtype": "obverse",
          "type": "obverse",
          "ref": "P240244.o.1",
          "label": "o"
        },
        {
          "node": "d",
          "type": "nonx",
          "ref": "P240244.2",
          "strict": "0",
          "extent": "beginning",
          "scope": "line",
          "state": "traces"
        },
        {
          "node": "c",
          "type": "discourse",
          "subtype": "body",
          "id": "P240244.U1",
          "cdl": [
            {
              "node": "c",
              "type": "sentence",
              "id": "P240244.U2",
              "label": "o 1' - r 5",
              "cdl": [
                {
                  "node": "d",
                  "type": "line-start",
                  "ref": "P240244.3",
                  "n": "1'",
                  "label": "o 1'"
                },
                {
                  "node": "l",
                  "frag": "[a-mi-ru]",
                  "id": "P240244.l0730d",
                  "ref": "P240244.3.1",
                  "inst": "%akk-x-neobab:a-mi-ru=",
                  "f": {
                    "lang": "akk-x-neobab",
                    "form": "a-mi-ru"
                  }
                },
                {
                  "node": "l",
                  "frag": "im-[ma-a-ra",
                  "id": "P240244.l0730e",
                  "ref": "P240244.3.2",
                  "inst": "%akk-x-neobab:im-ma-a-ra=",
                  "f": {
                    "lang": "akk-x-neobab",
                    "form": "im-ma-a-ra"
                  }
                },
                {
                  "node": "l",
                  "frag": "še-mu-u₂",
                  "id": "P240244.l0730f",
                  "ref": "P240244.3.3",
                  "inst": "%akk-x-neobab:še-mu-u₂=",
                  "f": {
                    "lang": "akk-x-neobab",
                    "form": "še-mu-u₂"
                  }
                },
                {
                  "node": "l",
                  "frag": "i-šem-me₂-e]",
                  "id": "P240244.l07310",
                  "ref": "P240244.3.4",
                  "inst": "%akk-x-neobab:i-šem-me₂-e=",
                  "f": {
                    "lang": "akk-x-neobab",
                    "form": "i-šem-me₂-e"
                  }
                },
                {
                  "node": "d",
                  "type": "line-start",
                  "ref": "P240244.4",
                  "n": "2'",
                  "label": "o 2'"
                },
                {
                  "node": "l",
                  "frag": "[e-zib",
                  "id": "P240244.l07311",
                  "ref": "P240244.4.1",
                  "inst": "%akk-x-neobab:e-zib=",
                  "f": {
                    "lang": "akk-x-neobab",
                    "form": "e-zib"
                  }
                },
                {
                  "node": "l",
                  "frag": "ša₂",
                  "id": "P240244.l07312",
                  "ref": "P240244.4.2",
                  "inst": "%akk-x-neobab:ša₂=",
                  "f": {
                    "lang": "akk-x-neobab",
                    "form": "ša₂"
                  }
                },
                {
                  "node": "l",
                  "frag": "ik-rib",
                  "id": "P240244.l07313",
                  "ref": "P240244.4.3",
                  "inst": "%akk-x-neobab:ik-rib=",
                  "f": {
                    "lang": "akk-x-neobab",
                    "form": "ik-rib"
                  }
                },
                {
                  "node": "l",
                  "frag": "di]-⸢nim⸣",
                  "id": "P240244.l07314",
                  "ref": "P240244.4.4",
                  "inst": "%akk-x-neobab:di-nim=",
                  "f": {
                    "lang": "akk-x-neobab",
                    "form": "di-nim"
                  }
                },
                {
                  "node": "l",
                  "frag": "UD-mu",
                  "id": "P240244.l07315",
                  "ref": "P240244.4.5",
                  "inst": "%akk-x-neobab:UD-mu=",
                  "f": {
                    "lang": "akk-x-neobab",
                    "form": "UD-mu"
                  }
                },
                {
                  "node": "l",
                  "frag": "⸢NE-i⸣",
                  "id": "P240244.l07316",
                  "ref": "P240244.4.6",
                  "inst": "%akk-x-neobab:NE-i=",
                  "f": {
                    "lang": "akk-x-neobab",
                    "form": "NE-i"
                  }
                },
                {
                  "node": "l",
                  "frag": "[GIM",
                  "id": "P240244.l07317",
                  "ref": "P240244.4.7",
                  "inst": "%akk-x-neobab:GIM=",
                  "f": {
                    "lang": "akk-x-neobab",
                    "form": "GIM"
                  }
                },
                {
                  "node": "l",
                  "frag": "DUG₃.GA",
                  "id": "P240244.l07318",
                  "ref": "P240244.4.8",
                  "inst": "%akk-x-neobab:DUG₃.GA=",
                  "f": {
                    "lang": "akk-x-neobab",
                    "form": "DUG₃.GA"
                  }
                },
                {
                  "node": "l",
                  "frag": "GIM",
                  "id": "P240244.l07319",
                  "ref": "P240244.4.9",
                  "inst": "%akk-x-neobab:GIM=",
                  "f": {
                    "lang": "akk-x-neobab",
                    "form": "GIM"
                  }
                },
                {
                  "node": "l",
                  "frag": "ha-ṭu-u₂]",
                  "id": "P240244.l0731a",
                  "ref": "P240244.4.10",
                  "inst": "%akk-x-neobab:ha-ṭu-u₂=",
                  "f": {
                    "lang": "akk-x-neobab",
                    "form": "ha-ṭu-u₂"
                  }
                },
                {
                  "node": "d",
                  "type": "line-start",
                  "ref": "P240244.5",
                  "n": "3'",
                  "label": "o 3'"
                },
                {
                  "node": "l",
                  "frag": "[e-zib",
                  "id": "P240244.l0731b",
                  "ref": "P240244.5.1",
                  "inst": "%akk-x-neobab:e-zib=",
                  "f": {
                    "lang": "akk-x-neobab",
                    "form": "e-zib"
                  }
                },
                {
                  "node": "l",
                  "frag": "ša₂",
                  "id": "P240244.l0731c",
                  "ref": "P240244.5.2",
                  "inst": "%akk-x-neobab:ša₂=",
                  "f": {
                    "lang": "akk-x-neobab",
                    "form": "ša₂"
                  }
                },
                {
                  "node": "l",
                  "frag": "UDU.NITA₂",
                  "id": "P240244.l0731d",
                  "ref": "P240244.5.3",
                  "inst": "%akk-x-neobab:UDU.NITA₂=",
                  "f": {
                    "lang": "akk-x-neobab",
                    "form": "UDU.NITA₂"
                  }
                },
                {
                  "node": "l",
                  "frag": "DINGIR]-⸢ti⸣-ka",
                  "id": "P240244.l0731e",
                  "ref": "P240244.5.4",
                  "inst": "%akk-x-neobab:DINGIR-ti-ka=",
                  "f": {
                    "lang": "akk-x-neobab",
                    "form": "DINGIR-ti-ka"
                  }
                },
                {
                  "node": "l",
                  "frag": "ša₂",
                  "id": "P240244.l0731f",
                  "ref": "P240244.5.5",
                  "inst": "%akk-x-neobab:ša₂=",
                  "f": {
                    "lang": "akk-x-neobab",
                    "form": "ša₂"
                  }
                },
                {
                  "node": "l",
                  "frag": "a-na",
                  "id": "P240244.l07320",
                  "ref": "P240244.5.6",
                  "inst": "%akk-x-neobab:a-na=",
                  "f": {
                    "lang": "akk-x-neobab",
                    "form": "a-na"
                  }
                },
                {
                  "node": "l",
                  "frag": "MAŠ₂",
                  "id": "P240244.l07321",
                  "ref": "P240244.5.7",
                  "inst": "%akk-x-neobab:MAŠ₂=",
                  "f": {
                    "lang": "akk-x-neobab",
                    "form": "MAŠ₂"
                  }
                },
                {
                  "node": "l",
                  "frag": "MAŠ₂-u₂",
                  "id": "P240244.l07322",
                  "ref": "P240244.5.8",
                  "inst": "%akk-x-neobab:MAŠ₂-u₂=",
                  "f": {
                    "lang": "akk-x-neobab",
                    "form": "MAŠ₂-u₂"
                  }
                },
                {
                  "node": "l",
                  "frag": "[LAL-u₂",
                  "id": "P240244.l07323",
                  "ref": "P240244.5.9",
                  "inst": "%akk-x-neobab:LAL-u₂=",
                  "f": {
                    "lang": "akk-x-neobab",
                    "form": "LAL-u₂"
                  }
                },
                {
                  "node": "l",
                  "frag": "ha-ṭu-u₂]",
                  "id": "P240244.l07324",
                  "ref": "P240244.5.10",
                  "inst": "%akk-x-neobab:ha-ṭu-u₂=",
                  "f": {
                    "lang": "akk-x-neobab",
                    "form": "ha-ṭu-u₂"
                  }
                },
                {
                  "node": "d",
                  "type": "line-start",
                  "ref": "P240244.6",
                  "n": "4'",
                  "label": "o 4'"
                },
                {
                  "node": "l",
                  "frag": "[e-zib",
                  "id": "P240244.l07325",
                  "ref": "P240244.6.1",
                  "inst": "%akk-x-neobab:e-zib=",
                  "f": {
                    "lang": "akk-x-neobab",
                    "form": "e-zib"
                  }
                },
                {
                  "node": "l",
                  "frag": "ša₂",
                  "id": "P240244.l07326",
                  "ref": "P240244.6.2",
                  "inst": "%akk-x-neobab:ša₂=",
                  "f": {
                    "lang": "akk-x-neobab",
                    "form": "ša₂"
                  }
                },
                {
                  "node": "l",
                  "frag": "TAG-it",
                  "id": "P240244.l07327",
                  "ref": "P240244.6.3",
                  "inst": "%akk-x-neobab:TAG-it=",
                  "f": {
                    "lang": "akk-x-neobab",
                    "form": "TAG-it"
                  }
                },
                {
                  "node": "l",
                  "frag": "pu-ut]",
                  "id": "P240244.l07328",
                  "ref": "P240244.6.4",
                  "inst": "%akk-x-neobab:pu-ut=",
                  "f": {
                    "lang": "akk-x-neobab",
                    "form": "pu-ut"
                  }
                },
                {
                  "node": "l",
                  "frag": "UDU.NITA₂",
                  "id": "P240244.l07329",
                  "ref": "P240244.6.5",
                  "inst": "%akk-x-neobab:UDU.NITA₂=",
                  "f": {
                    "lang": "akk-x-neobab",
                    "form": "UDU.NITA₂"
                  }
                },
                {
                  "node": "l",
                  "frag": "TUG₂",
                  "id": "P240244.l0732a",
                  "ref": "P240244.6.6",
                  "inst": "%akk-x-neobab:TUG₂=",
                  "f": {
                    "lang": "akk-x-neobab",
                    "form": "TUG₂"
                  }
                },
                {
                  "node": "l",
                  "frag": "gi-ne₂-e-šu₂",
                  "id": "P240244.l0732b",
                  "ref": "P240244.6.7",
                  "inst": "%akk-x-neobab:gi-ne₂-e-šu₂=",
                  "f": {
                    "lang": "akk-x-neobab",
                    "form": "gi-ne₂-e-šu₂"
                  }
                },
                {
                  "node": "l",
                  "frag": "ar₂-[ša₂-ti",
                  "id": "P240244.l0732c",
                  "ref": "P240244.6.8",
                  "inst": "%akk-x-neobab:ar₂-ša₂-ti=",
                  "f": {
                    "lang": "akk-x-neobab",
                    "form": "ar₂-ša₂-ti"
                  }
                },
                {
                  "node": "l",
                  "frag": "lab-šu₂]",
                  "id": "P240244.l0732d",
                  "ref": "P240244.6.9",
                  "inst": "%akk-x-neobab:lab-šu₂=",
                  "f": {
                    "lang": "akk-x-neobab",
                    "form": "lab-šu₂"
                  }
                },
                {
                  "node": "d",
                  "type": "line-start",
                  "ref": "P240244.7",
                  "n": "5'",
                  "label": "o 5'"
                },
                {
                  "node": "l",
                  "frag": "[e-zib",
                  "id": "P240244.l0732e",
                  "ref": "P240244.7.1",
                  "inst": "%akk-x-neobab:e-zib=",
                  "f": {
                    "lang": "akk-x-neobab",
                    "form": "e-zib"
                  }
                },
                {
                  "node": "l",
                  "frag": "ša₂",
                  "id": "P240244.l0732f",
                  "ref": "P240244.7.2",
                  "inst": "%akk-x-neobab:ša₂=",
                  "f": {
                    "lang": "akk-x-neobab",
                    "form": "ša₂"
                  }
                },
                {
                  "node": "l",
                  "frag": "a-na-ku",
                  "id": "P240244.l07330",
                  "ref": "P240244.7.3",
                  "inst": "%akk-x-neobab:a-na-ku=",
                  "f": {
                    "lang": "akk-x-neobab",
                    "form": "a-na-ku"
                  }
                },
                {
                  "node": "l",
                  "frag": "DUMU",
                  "id": "P240244.l07331",
                  "ref": "P240244.7.4",
                  "inst": "%akk-x-neobab:DUMU=",
                  "f": {
                    "lang": "akk-x-neobab",
                    "form": "DUMU"
                  }
                },
                {
                  "node": "l",
                  "frag": "{lu₂}HAL",
                  "id": "P240244.l07332",
                  "ref": "P240244.7.5",
                  "inst": "%akk-x-neobab:{LU₂}HAL=",
                  "f": {
                    "lang": "akk-x-neobab",
                    "form": "{LU₂}HAL"
                  }
                },
                {
                  "node": "l",
                  "frag": "ARAD]-ka",
                  "id": "P240244.l07333",
                  "ref": "P240244.7.6",
                  "inst": "%akk-x-neobab:ARAD-ka=",
                  "f": {
                    "lang": "akk-x-neobab",
                    "form": "ARAD-ka"
                  }
                },
                {
                  "node": "l",
                  "frag": "TUG₂",
                  "id": "P240244.l07334",
                  "ref": "P240244.7.7",
                  "inst": "%akk-x-neobab:TUG₂=",
                  "f": {
                    "lang": "akk-x-neobab",
                    "form": "TUG₂"
                  }
                },
                {
                  "node": "l",
                  "frag": "gi-ne₂-e-a",
                  "id": "P240244.l07335",
                  "ref": "P240244.7.8",
                  "inst": "%akk-x-neobab:gi-ne₂-e-a=",
                  "f": {
                    "lang": "akk-x-neobab",
                    "form": "gi-ne₂-e-a"
                  }
                },
                {
                  "node": "l",
                  "frag": "⸢ar₂⸣-[ša₂-ti",
                  "id": "P240244.l07336",
                  "ref": "P240244.7.9",
                  "inst": "%akk-x-neobab:ar₂-ša₂-ti=",
                  "f": {
                    "lang": "akk-x-neobab",
                    "form": "ar₂-ša₂-ti"
                  }
                },
                {
                  "node": "l",
                  "frag": "lab-ša₂-ku]",
                  "id": "P240244.l07337",
                  "ref": "P240244.7.10",
                  "inst": "%akk-x-neobab:lab-ša₂-ku=",
                  "f": {
                    "lang": "akk-x-neobab",
                    "form": "lab-ša₂-ku"
                  }
                },
                {
                  "node": "d",
                  "type": "line-start",
                  "ref": "P240244.8",
                  "n": "6'",
                  "label": "o 6'"
                },
                {
                  "node": "l",
                  "frag": "[ku-un",
                  "id": "P240244.l07338",
                  "ref": "P240244.8.1",
                  "inst": "%akk-x-neobab:ku-un=",
                  "f": {
                    "lang": "akk-x-neobab",
                    "form": "ku-un"
                  }
                },
                {
                  "node": "l",
                  "frag": "qa-ti",
                  "id": "P240244.l07339",
                  "ref": "P240244.8.2",
                  "inst": "%akk-x-neobab:qa-ti=",
                  "f": {
                    "lang": "akk-x-neobab",
                    "form": "qa-ti"
                  }
                },
                {
                  "node": "l",
                  "frag": "BAL]-u₂",
                  "id": "P240244.l0733a",
                  "ref": "P240244.8.3",
                  "inst": "%akk-x-neobab:BAL-u₂=",
                  "f": {
                    "lang": "akk-x-neobab",
                    "form": "BAL-u₂"
                  }
                },
                {
                  "node": "l",
                  "frag": "uš-pe-lu",
                  "id": "P240244.l0733b",
                  "ref": "P240244.8.4",
                  "inst": "%akk-x-neobab:uš-pe-lu=",
                  "f": {
                    "lang": "akk-x-neobab",
                    "form": "uš-pe-lu"
                  }
                },
                {
                  "node": "l",
                  "frag": "ta-mit",
                  "id": "P240244.l0733c",
                  "ref": "P240244.8.5",
                  "inst": "%akk-x-neobab:ta-mit=",
                  "f": {
                    "lang": "akk-x-neobab",
                    "form": "ta-mit"
                  }
                },
                {
                  "node": "l",
                  "frag": "ina",
                  "id": "P240244.l0733d",
                  "ref": "P240244.8.6",
                  "inst": "%akk-x-neobab:ina=",
                  "f": {
                    "lang": "akk-x-neobab",
                    "form": "ina"
                  }
                },
                {
                  "node": "l",
                  "frag": "KA-ia₂",
                  "id": "P240244.l0733e",
                  "ref": "P240244.8.7",
                  "inst": "%akk-x-neobab:KA-ia₂=",
                  "f": {
                    "lang": "akk-x-neobab",
                    "form": "KA-ia₂"
                  }
                },
                {
                  "node": "l",
                  "frag": "⸢ip⸣-[tar-ri-du",
                  "id": "P240244.l0733f",
                  "ref": "P240244.8.8",
                  "inst": "%akk-x-neobab:ip-tar-ri-du=",
                  "f": {
                    "lang": "akk-x-neobab",
                    "form": "ip-tar-ri-du"
                  }
                },
                {
                  "node": "l",
                  "frag": "lu-u₂",
                  "id": "P240244.l07340",
                  "ref": "P240244.8.9",
                  "inst": "%akk-x-neobab:lu-u₂=",
                  "f": {
                    "lang": "akk-x-neobab",
                    "form": "lu-u₂"
                  }
                },
                {
                  "node": "l",
                  "frag": "ZI-MEŠ",
                  "id": "P240244.l07341",
                  "ref": "P240244.8.10",
                  "inst": "%akk-x-neobab:ZI-MEŠ=",
                  "f": {
                    "lang": "akk-x-neobab",
                    "form": "ZI-MEŠ"
                  }
                },
                {
                  "node": "l",
                  "frag": "lu-u₂",
                  "id": "P240244.l07342",
                  "ref": "P240244.8.11",
                  "inst": "%akk-x-neobab:lu-u₂=",
                  "f": {
                    "lang": "akk-x-neobab",
                    "form": "lu-u₂"
                  }
                },
                {
                  "node": "l",
                  "frag": "BAR-MEŠ]",
                  "id": "P240244.l07343",
                  "ref": "P240244.8.12",
                  "inst": "%akk-x-neobab:BAR-MEŠ=",
                  "f": {
                    "lang": "akk-x-neobab",
                    "form": "BAR-MEŠ"
                  }
                },
                {
                  "node": "d",
                  "subtype": "reverse",
                  "type": "reverse",
                  "ref": "P240244.r.9",
                  "label": "r"
                },
                {
                  "node": "d",
                  "type": "line-start",
                  "ref": "P240244.10",
                  "n": "1",
                  "label": "r 1"
                },
                {
                  "node": "l",
                  "frag": "[a]-šal-ka",
                  "id": "P240244.l07344",
                  "ref": "P240244.10.1",
                  "inst": "%akk-x-neobab:a-šal-ka=",
                  "f": {
                    "lang": "akk-x-neobab",
                    "form": "a-šal-ka"
                  }
                },
                {
                  "node": "l",
                  "frag": "{d}UTU",
                  "id": "P240244.l07345",
                  "ref": "P240244.10.2",
                  "inst": "%akk-x-neobab:{d}UTU=",
                  "f": {
                    "lang": "akk-x-neobab",
                    "form": "{d}UTU"
                  }
                },
                {
                  "node": "l",
                  "frag": "EN",
                  "id": "P240244.l07346",
                  "ref": "P240244.10.3",
                  "inst": "%akk-x-neobab:EN=",
                  "f": {
                    "lang": "akk-x-neobab",
                    "form": "EN"
                  }
                },
                {
                  "node": "l",
                  "frag": "GAL-u₂",
                  "id": "P240244.l07347",
                  "ref": "P240244.10.4",
                  "inst": "%akk-x-neobab:GAL-u₂=",
                  "f": {
                    "lang": "akk-x-neobab",
                    "form": "GAL-u₂"
                  }
                },
                {
                  "node": "l",
                  "frag": "GIM",
                  "id": "P240244.l07348",
                  "ref": "P240244.10.5",
                  "inst": "%akk-x-neobab:GIM=",
                  "f": {
                    "lang": "akk-x-neobab",
                    "form": "GIM"
                  }
                },
                {
                  "node": "l",
                  "frag": "EN-[MU.MU",
                  "id": "P240244.l07349",
                  "ref": "P240244.10.6",
                  "inst": "%akk-x-neobab:EN-MU.MU=",
                  "f": {
                    "lang": "akk-x-neobab",
                    "form": "EN-MU.MU"
                  }
                },
                {
                  "node": "l",
                  "frag": "NE-i",
                  "id": "P240244.l0734a",
                  "ref": "P240244.10.7",
                  "inst": "%akk-x-neobab:NE-i=",
                  "f": {
                    "lang": "akk-x-neobab",
                    "form": "NE-i"
                  }
                },
                {
                  "node": "l",
                  "frag": "{1}AN.ŠAR₂-ŠEŠ-SUM-na",
                  "id": "P240244.l0734b",
                  "ref": "P240244.10.8",
                  "inst": "%akk-x-neobab:{1}AN.ŠAR₂-ŠEŠ-SUM-na=",
                  "f": {
                    "lang": "akk-x-neobab",
                    "form": "{1}AN.ŠAR₂-ŠEŠ-SUM-na"
                  }
                },
                {
                  "node": "l",
                  "frag": "LUGAL",
                  "id": "P240244.l0734c",
                  "ref": "P240244.10.9",
                  "inst": "%akk-x-neobab:LUGAL=",
                  "f": {
                    "lang": "akk-x-neobab",
                    "form": "LUGAL"
                  }
                },
                {
                  "node": "l",
                  "frag": "KUR-AN.ŠAR₂{ki]}",
                  "id": "P240244.l0734d",
                  "ref": "P240244.10.10",
                  "inst": "%akk-x-neobab:KUR-AN.ŠAR₂{KI}=",
                  "f": {
                    "lang": "akk-x-neobab",
                    "form": "KUR-AN.ŠAR₂{KI}"
                  }
                },
                {
                  "node": "d",
                  "type": "line-start",
                  "ref": "P240244.11",
                  "n": "2",
                  "label": "r 2"
                },
                {
                  "node": "l",
                  "frag": "LU₂",
                  "id": "P240244.l0734e",
                  "ref": "P240244.11.1",
                  "inst": "%akk-x-neobab:LU₂=",
                  "f": {
                    "lang": "akk-x-neobab",
                    "form": "LU₂"
                  }
                },
                {
                  "node": "l",
                  "frag": "ša₂",
                  "id": "P240244.l0734f",
                  "ref": "P240244.11.2",
                  "inst": "%akk-x-neobab:ša₂=",
                  "f": {
                    "lang": "akk-x-neobab",
                    "form": "ša₂"
                  }
                },
                {
                  "node": "l",
                  "frag": "ina",
                  "id": "P240244.l07350",
                  "ref": "P240244.11.3",
                  "inst": "%akk-x-neobab:ina=",
                  "f": {
                    "lang": "akk-x-neobab",
                    "form": "ina"
                  }
                },
                {
                  "node": "l",
                  "frag": "na-a.a-ru",
                  "id": "P240244.l07351",
                  "ref": "P240244.11.4",
                  "inst": "%akk-x-neobab:na-a.a-ru=",
                  "f": {
                    "lang": "akk-x-neobab",
                    "form": "na-a.a-ru"
                  }
                },
                {
                  "node": "l",
                  "frag": "NE-i",
                  "id": "P240244.l07352",
                  "ref": "P240244.11.5",
                  "inst": "%akk-x-neobab:NE-i=",
                  "f": {
                    "lang": "akk-x-neobab",
                    "form": "NE-i"
                  }
                },
                {
                  "node": "l",
                  "frag": "MU-šu₂",
                  "id": "P240244.l07353",
                  "ref": "P240244.11.6",
                  "inst": "%akk-x-neobab:MU-šu₂=",
                  "f": {
                    "lang": "akk-x-neobab",
                    "form": "MU-šu₂"
                  }
                },
                {
                  "node": "l",
                  "frag": "⸢iš⸣-[ṭu-ru-ma",
                  "id": "P240244.l07354",
                  "ref": "P240244.11.7",
                  "inst": "%akk-x-neobab:iš-ṭu-ru-ma=",
                  "f": {
                    "lang": "akk-x-neobab",
                    "form": "iš-ṭu-ru-ma"
                  }
                },
                {
                  "node": "l",
                  "frag": "i-na",
                  "id": "P240244.l07355",
                  "ref": "P240244.11.8",
                  "inst": "%akk-x-neobab:i-na=",
                  "f": {
                    "lang": "akk-x-neobab",
                    "form": "i-na"
                  }
                },
                {
                  "node": "l",
                  "frag": "IGI",
                  "id": "P240244.l07356",
                  "ref": "P240244.11.9",
                  "inst": "%akk-x-neobab:IGI=",
                  "f": {
                    "lang": "akk-x-neobab",
                    "form": "IGI"
                  }
                },
                {
                  "node": "l",
                  "frag": "DINGIR-ti-ka",
                  "id": "P240244.l07357",
                  "ref": "P240244.11.10",
                  "inst": "%akk-x-neobab:DINGIR-ti-ka=",
                  "f": {
                    "lang": "akk-x-neobab",
                    "form": "DINGIR-ti-ka"
                  }
                },
                {
                  "node": "l",
                  "frag": "GAL-ti",
                  "id": "P240244.l07358",
                  "ref": "P240244.11.11",
                  "inst": "%akk-x-neobab:GAL-ti=",
                  "f": {
                    "lang": "akk-x-neobab",
                    "form": "GAL-ti"
                  }
                },
                {
                  "node": "l",
                  "frag": "iš-ku-un]",
                  "id": "P240244.l07359",
                  "ref": "P240244.11.12",
                  "inst": "%akk-x-neobab:iš-ku-un=",
                  "f": {
                    "lang": "akk-x-neobab",
                    "form": "iš-ku-un"
                  }
                },
                {
                  "node": "d",
                  "type": "line-start",
                  "ref": "P240244.12",
                  "n": "3",
                  "label": "r 3"
                },
                {
                  "node": "l",
                  "frag": "ina",
                  "id": "P240244.l0735a",
                  "ref": "P240244.12.1",
                  "inst": "%akk-x-neobab:ina=",
                  "f": {
                    "lang": "akk-x-neobab",
                    "form": "ina"
                  }
                },
                {
                  "node": "l",
                  "frag": "UGU",
                  "id": "P240244.l0735b",
                  "ref": "P240244.12.2",
                  "inst": "%akk-x-neobab:UGU=",
                  "f": {
                    "lang": "akk-x-neobab",
                    "form": "UGU"
                  }
                },
                {
                  "node": "l",
                  "frag": "pi-qit-ti",
                  "id": "P240244.l0735c",
                  "ref": "P240244.12.3",
                  "inst": "%akk-x-neobab:pi-qit-ti=",
                  "f": {
                    "lang": "akk-x-neobab",
                    "form": "pi-qit-ti"
                  }
                },
                {
                  "node": "l",
                  "frag": "KI",
                  "id": "P240244.l0735d",
                  "ref": "P240244.12.4",
                  "inst": "%akk-x-neobab:KI=",
                  "f": {
                    "lang": "akk-x-neobab",
                    "form": "KI"
                  }
                },
                {
                  "node": "l",
                  "frag": "ŠA₃-ba-šu₂",
                  "id": "P240244.l0735e",
                  "ref": "P240244.12.5",
                  "inst": "%akk-x-neobab:ŠA₃-ba-šu₂=",
                  "f": {
                    "lang": "akk-x-neobab",
                    "form": "ŠA₃-ba-šu₂"
                  }
                },
                {
                  "node": "l",
                  "frag": "ub-⸢lam⸣",
                  "id": "P240244.l0735f",
                  "ref": "P240244.12.6",
                  "inst": "%akk-x-neobab:ub-lam=",
                  "f": {
                    "lang": "akk-x-neobab",
                    "form": "ub-lam"
                  }
                },
                {
                  "node": "l",
                  "frag": "[i-pa-qi₂-du-šu₂-ma",
                  "id": "P240244.l07360",
                  "ref": "P240244.12.7",
                  "inst": "%akk-x-neobab:i-pa-qi₂-du-šu₂-ma=",
                  "f": {
                    "lang": "akk-x-neobab",
                    "form": "i-pa-qi₂-du-šu₂-ma"
                  }
                },
                {
                  "node": "l",
                  "frag": "a-na",
                  "id": "P240244.l07361",
                  "ref": "P240244.12.8",
                  "inst": "%akk-x-neobab:a-na=",
                  "f": {
                    "lang": "akk-x-neobab",
                    "form": "a-na"
                  }
                },
                {
                  "node": "l",
                  "frag": "UGU",
                  "id": "P240244.l07362",
                  "ref": "P240244.12.9",
                  "inst": "%akk-x-neobab:UGU=",
                  "f": {
                    "lang": "akk-x-neobab",
                    "form": "UGU"
                  }
                },
                {
                  "node": "l",
                  "frag": "{1}AN.ŠAR₂-ŠEŠ-SUM-na]",
                  "id": "P240244.l07363",
                  "ref": "P240244.12.10",
                  "inst": "%akk-x-neobab:{1}AN.ŠAR₂-ŠEŠ-SUM-na=",
                  "f": {
                    "lang": "akk-x-neobab",
                    "form": "{1}AN.ŠAR₂-ŠEŠ-SUM-na"
                  }
                },
                {
                  "node": "d",
                  "type": "line-start",
                  "ref": "P240244.13",
                  "n": "4",
                  "label": "r 4"
                },
                {
                  "node": "l",
                  "frag": "⸢dib-bi",
                  "id": "P240244.l07364",
                  "ref": "P240244.13.1",
                  "inst": "%akk-x-neobab:dib-bi=",
                  "f": {
                    "lang": "akk-x-neobab",
                    "form": "dib-bi"
                  }
                },
                {
                  "node": "l",
                  "frag": "bi-iʾ⸣-šu-ti",
                  "id": "P240244.l07365",
                  "ref": "P240244.13.2",
                  "inst": "%akk-x-neobab:bi-iʾ-šu-ti=",
                  "f": {
                    "lang": "akk-x-neobab",
                    "form": "bi-iʾ-šu-ti"
                  }
                },
                {
                  "node": "l",
                  "frag": "ša₂",
                  "id": "P240244.l07366",
                  "ref": "P240244.13.3",
                  "inst": "%akk-x-neobab:ša₂=",
                  "f": {
                    "lang": "akk-x-neobab",
                    "form": "ša₂"
                  }
                },
                {
                  "node": "l",
                  "frag": "{mi₂}⸢HUL⸣",
                  "id": "P240244.l07367",
                  "ref": "P240244.13.4",
                  "inst": "%akk-x-neobab:{MI₂}HUL=",
                  "f": {
                    "lang": "akk-x-neobab",
                    "form": "{MI₂}HUL"
                  }
                },
                {
                  "node": "l",
                  "frag": "[i-dab-bu-bu]",
                  "id": "P240244.l07368",
                  "ref": "P240244.13.5",
                  "inst": "%akk-x-neobab:i-dab-bu-bu=",
                  "f": {
                    "lang": "akk-x-neobab",
                    "form": "i-dab-bu-bu"
                  }
                },
                {
                  "node": "d",
                  "type": "line-start",
                  "ref": "P240244.14",
                  "n": "5",
                  "label": "r 5"
                },
                {
                  "node": "l",
                  "frag": "[si-hu",
                  "id": "P240244.l07369",
                  "ref": "P240244.14.1",
                  "inst": "%akk-x-neobab:si-hu=",
                  "f": {
                    "lang": "akk-x-neobab",
                    "form": "si-hu"
                  }
                },
                {
                  "node": "l",
                  "frag": "bar-tu",
                  "id": "P240244.l0736a",
                  "ref": "P240244.14.2",
                  "inst": "%akk-x-neobab:bar-tu=",
                  "f": {
                    "lang": "akk-x-neobab",
                    "form": "bar-tu"
                  }
                },
                {
                  "node": "l",
                  "frag": "a]-na",
                  "id": "P240244.l0736b",
                  "ref": "P240244.14.3",
                  "inst": "%akk-x-neobab:a-na=",
                  "f": {
                    "lang": "akk-x-neobab",
                    "form": "a-na"
                  }
                },
                {
                  "node": "l",
                  "frag": "UGU-hi-šu₂",
                  "id": "P240244.l0736c",
                  "ref": "P240244.14.4",
                  "inst": "%akk-x-neobab:UGU-hi-šu₂=",
                  "f": {
                    "lang": "akk-x-neobab",
                    "form": "UGU-hi-šu₂"
                  }
                },
                {
                  "node": "l",
                  "frag": "⸢ip⸣-[pu-šu₂]",
                  "id": "P240244.l0736d",
                  "ref": "P240244.14.5",
                  "inst": "%akk-x-neobab:ip-pu-šu₂=",
                  "f": {
                    "lang": "akk-x-neobab",
                    "form": "ip-pu-šu₂"
                  }
                },
                {
                  "node": "d",
                  "type": "nonx",
                  "ref": "P240244.15",
                  "strict": "0",
                  "extent": "rest",
                  "state": "missing"
                }
              ]
            }
          ]
        }
      ]
    }
  ]
}
