{
  "type": "cdl",
  "source": "http://oracc.org/saao/saa12",
  "license": "This data is released under the CC0 license",
  "license-url": "https://creativecommons.org/publicdomain/zero/1.0/",
  "more-info": "http://oracc.org/doc/opendata/",
  "UTC-timestamp": "2017-06-10T00:50:31",
  "project": "saao/saa12",
  "textid": "P285515",
  "cdl": [
    {
      "node": "c",
      "type": "text",
      "id": "P285515.U0",
      "cdl": [
        {
          "node": "d",
          "type": "object",
          "ref": ""
        },
        {
          "node": "d",
          "subtype": "obverse",
          "type": "obverse",
          "ref": "P285515.o.1",
          "label": "o"
        },
        {
          "node": "d",
          "type": "nonx",
          "ref": "P285515.2",
          "strict": "0",
          "extent": "beginning",
          "state": "missing"
        },
        {
          "node": "c",
          "type": "discourse",
          "subtype": "body",
          "id": "P285515.U1",
          "cdl": [
            {
              "node": "c",
              "type": "sentence",
              "id": "P285515.U2",
              "label": "o 1' - r 17",
              "cdl": [
                {
                  "node": "d",
                  "type": "line-start",
                  "ref": "P285515.3",
                  "n": "1'",
                  "label": "o 1'"
                },
                {
                  "node": "l",
                  "frag": "[ina",
                  "id": "P285515.l0468b",
                  "ref": "P285515.3.1",
                  "inst": "%akk-x-neoass:ina=",
                  "f": {
                    "lang": "akk-x-neoass",
                    "form": "ina"
                  }
                },
                {
                  "node": "l",
                  "frag": "UGU]",
                  "id": "P285515.l0468c",
                  "ref": "P285515.3.2",
                  "inst": "%akk-x-neoass:UGU=",
                  "f": {
                    "lang": "akk-x-neoass",
                    "form": "UGU"
                  }
                },
                {
                  "node": "l",
                  "frag": "{⸢d}ZA⸣.[BA₄].⸢BA₄⸣",
                  "id": "P285515.l0468d",
                  "ref": "P285515.3.3",
                  "inst": "%akk-x-neoass:{d}ZA.BA₄.BA₄=",
                  "f": {
                    "lang": "akk-x-neoass",
                    "form": "{d}ZA.BA₄.BA₄"
                  }
                },
                {
                  "node": "l",
                  "frag": "bi-ri",
                  "id": "P285515.l0468e",
                  "ref": "P285515.3.4",
                  "inst": "%akk-x-neoass:bi-ri=",
                  "f": {
                    "lang": "akk-x-neoass",
                    "form": "bi-ri"
                  }
                },
                {
                  "node": "l",
                  "frag": "ab-re-e-ma",
                  "id": "P285515.l0468f",
                  "ref": "P285515.3.5",
                  "inst": "%akk-x-neoass:ab-re-e-ma=",
                  "f": {
                    "lang": "akk-x-neoass",
                    "form": "ab-re-e-ma"
                  }
                },
                {
                  "node": "l",
                  "frag": "{d}ša₂-maš",
                  "id": "P285515.l04690",
                  "ref": "P285515.3.6",
                  "inst": "%akk-x-neoass:{d}ša₂-maš=",
                  "f": {
                    "lang": "akk-x-neoass",
                    "form": "{d}ša₂-maš"
                  }
                },
                {
                  "node": "l",
                  "frag": "u",
                  "id": "P285515.l04691",
                  "ref": "P285515.3.7",
                  "inst": "%akk-x-neoass:u=",
                  "f": {
                    "lang": "akk-x-neoass",
                    "form": "u"
                  }
                },
                {
                  "node": "l",
                  "frag": "{d}IM",
                  "id": "P285515.l04692",
                  "ref": "P285515.3.8",
                  "inst": "%akk-x-neoass:{d}IM=",
                  "f": {
                    "lang": "akk-x-neoass",
                    "form": "{d}IM"
                  }
                },
                {
                  "node": "l",
                  "frag": "aš₂-ʾa-al-ma",
                  "id": "P285515.l04693",
                  "ref": "P285515.3.9",
                  "inst": "%akk-x-neoass:aš₂-ʾa-al-ma=",
                  "f": {
                    "lang": "akk-x-neoass",
                    "form": "aš₂-ʾa-al-ma"
                  }
                },
                {
                  "node": "d",
                  "type": "line-start",
                  "ref": "P285515.4",
                  "n": "2'",
                  "label": "o 2'"
                },
                {
                  "node": "l",
                  "frag": "um-ma",
                  "id": "P285515.l04694",
                  "ref": "P285515.4.1",
                  "inst": "%akk-x-neoass:um-ma=",
                  "f": {
                    "lang": "akk-x-neoass",
                    "form": "um-ma"
                  }
                },
                {
                  "node": "l",
                  "frag": "{d}ZA.BA₄.BA₄",
                  "id": "P285515.l04695",
                  "ref": "P285515.4.2",
                  "inst": "%akk-x-neoass:{d}ZA.BA₄.BA₄=",
                  "f": {
                    "lang": "akk-x-neoass",
                    "form": "{d}ZA.BA₄.BA₄"
                  }
                },
                {
                  "node": "l",
                  "frag": "DUMU",
                  "id": "P285515.l04696",
                  "ref": "P285515.4.3",
                  "inst": "%akk-x-neoass:DUMU=",
                  "f": {
                    "lang": "akk-x-neoass",
                    "form": "DUMU"
                  }
                },
                {
                  "node": "l",
                  "frag": "AN.ŠAR₂",
                  "id": "P285515.l04697",
                  "ref": "P285515.4.4",
                  "inst": "%akk-x-neoass:AN.ŠAR₂=",
                  "f": {
                    "lang": "akk-x-neoass",
                    "form": "AN.ŠAR₂"
                  }
                },
                {
                  "node": "l",
                  "frag": "šu-u₂",
                  "id": "P285515.l04698",
                  "ref": "P285515.4.5",
                  "inst": "%akk-x-neoass:šu-u₂=",
                  "f": {
                    "lang": "akk-x-neoass",
                    "form": "šu-u₂"
                  }
                },
                {
                  "node": "l",
                  "frag": "{d}ša₂-maš",
                  "id": "P285515.l04699",
                  "ref": "P285515.4.6",
                  "inst": "%akk-x-neoass:{d}ša₂-maš=",
                  "f": {
                    "lang": "akk-x-neoass",
                    "form": "{d}ša₂-maš"
                  }
                },
                {
                  "node": "l",
                  "frag": "u",
                  "id": "P285515.l0469a",
                  "ref": "P285515.4.7",
                  "inst": "%akk-x-neoass:u=",
                  "f": {
                    "lang": "akk-x-neoass",
                    "form": "u"
                  }
                },
                {
                  "node": "l",
                  "frag": "{d}IM",
                  "id": "P285515.l0469b",
                  "ref": "P285515.4.8",
                  "inst": "%akk-x-neoass:{d}IM=",
                  "f": {
                    "lang": "akk-x-neoass",
                    "form": "{d}IM"
                  }
                },
                {
                  "node": "l",
                  "frag": "ina",
                  "id": "P285515.l0469c",
                  "ref": "P285515.4.9",
                  "inst": "%akk-x-neoass:ina=",
                  "f": {
                    "lang": "akk-x-neoass",
                    "form": "ina"
                  }
                },
                {
                  "node": "l",
                  "frag": "bi-ri",
                  "id": "P285515.l0469d",
                  "ref": "P285515.4.10",
                  "inst": "%akk-x-neoass:bi-ri=",
                  "f": {
                    "lang": "akk-x-neoass",
                    "form": "bi-ri"
                  }
                },
                {
                  "node": "l",
                  "frag": "u₂-du-ni",
                  "id": "P285515.l0469e",
                  "ref": "P285515.4.11",
                  "inst": "%akk-x-neoass:u₂-du-ni=",
                  "f": {
                    "lang": "akk-x-neoass",
                    "form": "u₂-du-ni"
                  }
                },
                {
                  "node": "d",
                  "type": "line-start",
                  "ref": "P285515.5",
                  "n": "3'",
                  "label": "o 3'"
                },
                {
                  "node": "l",
                  "frag": "ṣa-[lam",
                  "id": "P285515.l0469f",
                  "ref": "P285515.5.1",
                  "inst": "%akk-x-neoass:ṣa-lam=",
                  "f": {
                    "lang": "akk-x-neoass",
                    "form": "ṣa-lam"
                  }
                },
                {
                  "node": "l",
                  "frag": "{d]}ZA.BA₄.BA₄",
                  "id": "P285515.l046a0",
                  "ref": "P285515.5.2",
                  "inst": "%akk-x-neoass:{d}ZA.BA₄.BA₄=",
                  "f": {
                    "lang": "akk-x-neoass",
                    "form": "{d}ZA.BA₄.BA₄"
                  }
                },
                {
                  "node": "l",
                  "frag": "u",
                  "id": "P285515.l046a1",
                  "ref": "P285515.5.3",
                  "inst": "%akk-x-neoass:u=",
                  "f": {
                    "lang": "akk-x-neoass",
                    "form": "u"
                  }
                },
                {
                  "node": "l",
                  "frag": "{d}BA.U₂",
                  "id": "P285515.l046a2",
                  "ref": "P285515.5.4",
                  "inst": "%akk-x-neoass:{d}BA.U₂=",
                  "f": {
                    "lang": "akk-x-neoass",
                    "form": "{d}BA.U₂"
                  }
                },
                {
                  "node": "l",
                  "frag": "ki-ma",
                  "id": "P285515.l046a3",
                  "ref": "P285515.5.5",
                  "inst": "%akk-x-neoass:ki-ma=",
                  "f": {
                    "lang": "akk-x-neoass",
                    "form": "ki-ma"
                  }
                },
                {
                  "node": "l",
                  "frag": "si-ma-ti-šu₂",
                  "id": "P285515.l046a4",
                  "ref": "P285515.5.6",
                  "inst": "%akk-x-neoass:si-ma-ti-šu₂=",
                  "f": {
                    "lang": "akk-x-neoass",
                    "form": "si-ma-ti-šu₂"
                  }
                },
                {
                  "node": "l",
                  "frag": "e-pu-uš-ma",
                  "id": "P285515.l046a5",
                  "ref": "P285515.5.7",
                  "inst": "%akk-x-neoass:e-pu-uš-ma=",
                  "f": {
                    "lang": "akk-x-neoass",
                    "form": "e-pu-uš-ma"
                  }
                },
                {
                  "node": "d",
                  "type": "line-start",
                  "ref": "P285515.6",
                  "n": "4'",
                  "label": "o 4'"
                },
                {
                  "node": "l",
                  "frag": "[x",
                  "id": "P285515.l046a6",
                  "ref": "P285515.6.1",
                  "inst": "%akk-x-neoass:x=",
                  "f": {
                    "lang": "akk-x-neoass",
                    "form": "x"
                  }
                },
                {
                  "node": "l",
                  "frag": "x",
                  "id": "P285515.l046a7",
                  "ref": "P285515.6.2",
                  "inst": "%akk-x-neoass:x=",
                  "f": {
                    "lang": "akk-x-neoass",
                    "form": "x"
                  }
                },
                {
                  "node": "l",
                  "frag": "x",
                  "id": "P285515.l046a8",
                  "ref": "P285515.6.3",
                  "inst": "%akk-x-neoass:x=",
                  "f": {
                    "lang": "akk-x-neoass",
                    "form": "x"
                  }
                },
                {
                  "node": "l",
                  "frag": "x]-ma",
                  "id": "P285515.l046a9",
                  "ref": "P285515.6.4",
                  "inst": "%akk-x-neoass:x-ma=",
                  "f": {
                    "lang": "akk-x-neoass",
                    "form": "x-ma"
                  }
                },
                {
                  "node": "l",
                  "frag": "ina",
                  "id": "P285515.l046aa",
                  "ref": "P285515.6.5",
                  "inst": "%akk-x-neoass:ina=",
                  "f": {
                    "lang": "akk-x-neoass",
                    "form": "ina"
                  }
                },
                {
                  "node": "l",
                  "frag": "IGI",
                  "id": "P285515.l046ab",
                  "ref": "P285515.6.6",
                  "inst": "%akk-x-neoass:IGI=",
                  "f": {
                    "lang": "akk-x-neoass",
                    "form": "IGI"
                  }
                },
                {
                  "node": "l",
                  "frag": "KA₂.GAL-URUDU.NAGAR",
                  "id": "P285515.l046ac",
                  "ref": "P285515.6.7",
                  "inst": "%akk-x-neoass:KA₂.GAL-URUDU.NAGAR=",
                  "f": {
                    "lang": "akk-x-neoass",
                    "form": "KA₂.GAL-URUDU.NAGAR"
                  }
                },
                {
                  "node": "d",
                  "type": "line-start",
                  "ref": "P285515.7",
                  "n": "5'",
                  "label": "o 5'"
                },
                {
                  "node": "l",
                  "frag": "[(x",
                  "id": "P285515.l046ad",
                  "ref": "P285515.7.1",
                  "inst": "%akk-x-neoass:x=",
                  "f": {
                    "lang": "akk-x-neoass",
                    "form": "x"
                  }
                },
                {
                  "node": "l",
                  "frag": "x",
                  "id": "P285515.l046ae",
                  "ref": "P285515.7.2",
                  "inst": "%akk-x-neoass:x=",
                  "f": {
                    "lang": "akk-x-neoass",
                    "form": "x"
                  }
                },
                {
                  "node": "l",
                  "frag": "x)",
                  "id": "P285515.l046af",
                  "ref": "P285515.7.3",
                  "inst": "%akk-x-neoass:x=",
                  "f": {
                    "lang": "akk-x-neoass",
                    "form": "x"
                  }
                },
                {
                  "node": "l",
                  "frag": "E₂-šu₂]-nu",
                  "id": "P285515.l046b0",
                  "ref": "P285515.7.4",
                  "inst": "%akk-x-neoass:E₂-šu₂-nu=",
                  "f": {
                    "lang": "akk-x-neoass",
                    "form": "E₂-šu₂-nu"
                  }
                },
                {
                  "node": "l",
                  "frag": "lu-u",
                  "id": "P285515.l046b1",
                  "ref": "P285515.7.5",
                  "inst": "%akk-x-neoass:lu-u=",
                  "f": {
                    "lang": "akk-x-neoass",
                    "form": "lu-u"
                  }
                },
                {
                  "node": "l",
                  "frag": "i-pu-uš",
                  "id": "P285515.l046b2",
                  "ref": "P285515.7.6",
                  "inst": "%akk-x-neoass:i-pu-uš=",
                  "f": {
                    "lang": "akk-x-neoass",
                    "form": "i-pu-uš"
                  }
                },
                {
                  "node": "d",
                  "type": "nonx",
                  "ref": "P285515.8",
                  "strict": "0",
                  "extent": "rest",
                  "state": "other"
                },
                {
                  "node": "d",
                  "subtype": "reverse",
                  "type": "reverse",
                  "ref": "P285515.r.9",
                  "label": "r"
                },
                {
                  "node": "d",
                  "type": "line-start",
                  "ref": "P285515.10",
                  "n": "1",
                  "label": "r 1"
                },
                {
                  "node": "l",
                  "frag": "{1}EN-u₂-bal-[liṭ",
                  "id": "P285515.l046b3",
                  "ref": "P285515.10.1",
                  "inst": "%akk-x-neoass:{1}EN-u₂-bal-liṭ=",
                  "f": {
                    "lang": "akk-x-neoass",
                    "form": "{1}EN-u₂-bal-liṭ"
                  }
                },
                {
                  "node": "l",
                  "frag": "{mi₂}x]-ke-e-nu",
                  "id": "P285515.l046b4",
                  "ref": "P285515.10.2",
                  "inst": "%akk-x-neoass:{MI₂}x-ke-e-nu=",
                  "f": {
                    "lang": "akk-x-neoass",
                    "form": "{MI₂}x-ke-e-nu"
                  }
                },
                {
                  "node": "l",
                  "frag": "DUMU-šu₂",
                  "id": "P285515.l046b5",
                  "ref": "P285515.10.3",
                  "inst": "%akk-x-neoass:DUMU-šu₂=",
                  "f": {
                    "lang": "akk-x-neoass",
                    "form": "DUMU-šu₂"
                  }
                },
                {
                  "node": "l",
                  "frag": "ṣa-hur-tu₂",
                  "id": "P285515.l046b6",
                  "ref": "P285515.10.4",
                  "inst": "%akk-x-neoass:ṣa-hur-tu₂=",
                  "f": {
                    "lang": "akk-x-neoass",
                    "form": "ṣa-hur-tu₂"
                  }
                },
                {
                  "node": "l",
                  "frag": "02",
                  "id": "P285515.l046b7",
                  "ref": "P285515.10.5",
                  "inst": "%akk-x-neoass:02=",
                  "f": {
                    "lang": "akk-x-neoass",
                    "form": "02"
                  }
                },
                {
                  "node": "l",
                  "frag": "DUMU.MI₂-MEŠ",
                  "id": "P285515.l046b8",
                  "ref": "P285515.10.6",
                  "inst": "%akk-x-neoass:DUMU.MI₂-MEŠ=",
                  "f": {
                    "lang": "akk-x-neoass",
                    "form": "DUMU.MI₂-MEŠ"
                  }
                },
                {
                  "node": "l",
                  "frag": "PAB",
                  "id": "P285515.l046b9",
                  "ref": "P285515.10.7",
                  "inst": "%akk-x-neoass:PAB=",
                  "f": {
                    "lang": "akk-x-neoass",
                    "form": "PAB"
                  }
                },
                {
                  "node": "l",
                  "frag": "05",
                  "id": "P285515.l046ba",
                  "ref": "P285515.10.8",
                  "inst": "%akk-x-neoass:05=",
                  "f": {
                    "lang": "akk-x-neoass",
                    "form": "05"
                  }
                },
                {
                  "node": "l",
                  "frag": "ZI-MEŠ",
                  "id": "P285515.l046bb",
                  "ref": "P285515.10.9",
                  "inst": "%akk-x-neoass:ZI-MEŠ=",
                  "f": {
                    "lang": "akk-x-neoass",
                    "form": "ZI-MEŠ"
                  }
                },
                {
                  "node": "d",
                  "type": "line-start",
                  "ref": "P285515.11",
                  "n": "2",
                  "label": "r 2"
                },
                {
                  "node": "l",
                  "frag": "{1}{d}PA-še-zib",
                  "id": "P285515.l046bc",
                  "ref": "P285515.11.1",
                  "inst": "%akk-x-neoass:{1}{d}PA-še-zib=",
                  "f": {
                    "lang": "akk-x-neoass",
                    "form": "{1}{d}PA-še-zib"
                  }
                },
                {
                  "node": "l",
                  "frag": "MI₂-[šu₂",
                  "id": "P285515.l046bd",
                  "ref": "P285515.11.2",
                  "inst": "%akk-x-neoass:MI₂-šu₂=",
                  "f": {
                    "lang": "akk-x-neoass",
                    "form": "MI₂-šu₂"
                  }
                },
                {
                  "node": "l",
                  "frag": "01",
                  "id": "P285515.l046be",
                  "ref": "P285515.11.3",
                  "inst": "%akk-x-neoass:01=",
                  "f": {
                    "lang": "akk-x-neoass",
                    "form": "01"
                  }
                },
                {
                  "node": "l",
                  "frag": "DUMU]",
                  "id": "P285515.l046bf",
                  "ref": "P285515.11.4",
                  "inst": "%akk-x-neoass:DUMU=",
                  "f": {
                    "lang": "akk-x-neoass",
                    "form": "DUMU"
                  }
                },
                {
                  "node": "l",
                  "frag": "ṣa-hur-tu₂",
                  "id": "P285515.l046c0",
                  "ref": "P285515.11.5",
                  "inst": "%akk-x-neoass:ṣa-hur-tu₂=",
                  "f": {
                    "lang": "akk-x-neoass",
                    "form": "ṣa-hur-tu₂"
                  }
                },
                {
                  "node": "l",
                  "frag": "01",
                  "id": "P285515.l046c1",
                  "ref": "P285515.11.6",
                  "inst": "%akk-x-neoass:01=",
                  "f": {
                    "lang": "akk-x-neoass",
                    "form": "01"
                  }
                },
                {
                  "node": "l",
                  "frag": "DUMU",
                  "id": "P285515.l046c2",
                  "ref": "P285515.11.7",
                  "inst": "%akk-x-neoass:DUMU=",
                  "f": {
                    "lang": "akk-x-neoass",
                    "form": "DUMU"
                  }
                },
                {
                  "node": "l",
                  "frag": "par-su",
                  "id": "P285515.l046c3",
                  "ref": "P285515.11.8",
                  "inst": "%akk-x-neoass:par-su=",
                  "f": {
                    "lang": "akk-x-neoass",
                    "form": "par-su"
                  }
                },
                {
                  "node": "l",
                  "frag": "03",
                  "id": "P285515.l046c4",
                  "ref": "P285515.11.9",
                  "inst": "%akk-x-neoass:03=",
                  "f": {
                    "lang": "akk-x-neoass",
                    "form": "03"
                  }
                },
                {
                  "node": "l",
                  "frag": "DUMU.MI₂-MEŠ",
                  "id": "P285515.l046c5",
                  "ref": "P285515.11.10",
                  "inst": "%akk-x-neoass:DUMU.MI₂-MEŠ=",
                  "f": {
                    "lang": "akk-x-neoass",
                    "form": "DUMU.MI₂-MEŠ"
                  }
                },
                {
                  "node": "l",
                  "frag": "PAB",
                  "id": "P285515.l046c6",
                  "ref": "P285515.11.11",
                  "inst": "%akk-x-neoass:PAB=",
                  "f": {
                    "lang": "akk-x-neoass",
                    "form": "PAB"
                  }
                },
                {
                  "node": "l",
                  "frag": "07",
                  "id": "P285515.l046c7",
                  "ref": "P285515.11.12",
                  "inst": "%akk-x-neoass:07=",
                  "f": {
                    "lang": "akk-x-neoass",
                    "form": "07"
                  }
                },
                {
                  "node": "l",
                  "frag": "ZI-MEŠ",
                  "id": "P285515.l046c8",
                  "ref": "P285515.11.13",
                  "inst": "%akk-x-neoass:ZI-MEŠ=",
                  "f": {
                    "lang": "akk-x-neoass",
                    "form": "ZI-MEŠ"
                  }
                },
                {
                  "node": "d",
                  "type": "line-start",
                  "ref": "P285515.12",
                  "n": "3",
                  "label": "r 3"
                },
                {
                  "node": "l",
                  "frag": "{1}{d}PA-MU-GIN",
                  "id": "P285515.l046c9",
                  "ref": "P285515.12.1",
                  "inst": "%akk-x-neoass:{1}{d}PA-MU-GIN=",
                  "f": {
                    "lang": "akk-x-neoass",
                    "form": "{1}{d}PA-MU-GIN"
                  }
                },
                {
                  "node": "l",
                  "frag": "MI₂-šu₂",
                  "id": "P285515.l046ca",
                  "ref": "P285515.12.2",
                  "inst": "%akk-x-neoass:MI₂-šu₂=",
                  "f": {
                    "lang": "akk-x-neoass",
                    "form": "MI₂-šu₂"
                  }
                },
                {
                  "node": "l",
                  "frag": "01",
                  "id": "P285515.l046cb",
                  "ref": "P285515.12.3",
                  "inst": "%akk-x-neoass:01=",
                  "f": {
                    "lang": "akk-x-neoass",
                    "form": "01"
                  }
                },
                {
                  "node": "l",
                  "frag": "DUMU",
                  "id": "P285515.l046cc",
                  "ref": "P285515.12.4",
                  "inst": "%akk-x-neoass:DUMU=",
                  "f": {
                    "lang": "akk-x-neoass",
                    "form": "DUMU"
                  }
                },
                {
                  "node": "l",
                  "frag": "par-su",
                  "id": "P285515.l046cd",
                  "ref": "P285515.12.5",
                  "inst": "%akk-x-neoass:par-su=",
                  "f": {
                    "lang": "akk-x-neoass",
                    "form": "par-su"
                  }
                },
                {
                  "node": "l",
                  "frag": "PAB",
                  "id": "P285515.l046ce",
                  "ref": "P285515.12.6",
                  "inst": "%akk-x-neoass:PAB=",
                  "f": {
                    "lang": "akk-x-neoass",
                    "form": "PAB"
                  }
                },
                {
                  "node": "l",
                  "frag": "03",
                  "id": "P285515.l046cf",
                  "ref": "P285515.12.7",
                  "inst": "%akk-x-neoass:03=",
                  "f": {
                    "lang": "akk-x-neoass",
                    "form": "03"
                  }
                },
                {
                  "node": "d",
                  "type": "line-start",
                  "ref": "P285515.13",
                  "n": "4",
                  "label": "r 4"
                },
                {
                  "node": "l",
                  "frag": "{1}{d}PA-SAG-i-ši",
                  "id": "P285515.l046d0",
                  "ref": "P285515.13.1",
                  "inst": "%akk-x-neoass:{1}{d}PA-SAG-i-ši=",
                  "f": {
                    "lang": "akk-x-neoass",
                    "form": "{1}{d}PA-SAG-i-ši"
                  }
                },
                {
                  "node": "l",
                  "frag": "01",
                  "id": "P285515.l046d1",
                  "ref": "P285515.13.2",
                  "inst": "%akk-x-neoass:01=",
                  "f": {
                    "lang": "akk-x-neoass",
                    "form": "01"
                  }
                },
                {
                  "node": "l",
                  "frag": "DUMU",
                  "id": "P285515.l046d2",
                  "ref": "P285515.13.3",
                  "inst": "%akk-x-neoass:DUMU=",
                  "f": {
                    "lang": "akk-x-neoass",
                    "form": "DUMU"
                  }
                },
                {
                  "node": "l",
                  "frag": "ṣa-hur-tu₂",
                  "id": "P285515.l046d3",
                  "ref": "P285515.13.4",
                  "inst": "%akk-x-neoass:ṣa-hur-tu₂=",
                  "f": {
                    "lang": "akk-x-neoass",
                    "form": "ṣa-hur-tu₂"
                  }
                },
                {
                  "node": "l",
                  "frag": "01",
                  "id": "P285515.l046d4",
                  "ref": "P285515.13.5",
                  "inst": "%akk-x-neoass:01=",
                  "f": {
                    "lang": "akk-x-neoass",
                    "form": "01"
                  }
                },
                {
                  "node": "l",
                  "frag": "DUMU",
                  "id": "P285515.l046d5",
                  "ref": "P285515.13.6",
                  "inst": "%akk-x-neoass:DUMU=",
                  "f": {
                    "lang": "akk-x-neoass",
                    "form": "DUMU"
                  }
                },
                {
                  "node": "l",
                  "frag": "par-su",
                  "id": "P285515.l046d6",
                  "ref": "P285515.13.7",
                  "inst": "%akk-x-neoass:par-su=",
                  "f": {
                    "lang": "akk-x-neoass",
                    "form": "par-su"
                  }
                },
                {
                  "node": "l",
                  "frag": "PAB",
                  "id": "P285515.l046d7",
                  "ref": "P285515.13.8",
                  "inst": "%akk-x-neoass:PAB=",
                  "f": {
                    "lang": "akk-x-neoass",
                    "form": "PAB"
                  }
                },
                {
                  "node": "l",
                  "frag": "03",
                  "id": "P285515.l046d8",
                  "ref": "P285515.13.9",
                  "inst": "%akk-x-neoass:03=",
                  "f": {
                    "lang": "akk-x-neoass",
                    "form": "03"
                  }
                },
                {
                  "node": "d",
                  "type": "line-start",
                  "ref": "P285515.14",
                  "n": "5",
                  "label": "r 5"
                },
                {
                  "node": "l",
                  "frag": "{1}{d}PA-KAR-ir-ZI-MEŠ",
                  "id": "P285515.l046d9",
                  "ref": "P285515.14.1",
                  "inst": "%akk-x-neoass:{1}{d}PA-KAR-ir-ZI-MEŠ=",
                  "f": {
                    "lang": "akk-x-neoass",
                    "form": "{1}{d}PA-KAR-ir-ZI-MEŠ"
                  }
                },
                {
                  "node": "l",
                  "frag": "MI₂-šu₂",
                  "id": "P285515.l046da",
                  "ref": "P285515.14.2",
                  "inst": "%akk-x-neoass:MI₂-šu₂=",
                  "f": {
                    "lang": "akk-x-neoass",
                    "form": "MI₂-šu₂"
                  }
                },
                {
                  "node": "l",
                  "frag": "01",
                  "id": "P285515.l046db",
                  "ref": "P285515.14.3",
                  "inst": "%akk-x-neoass:01=",
                  "f": {
                    "lang": "akk-x-neoass",
                    "form": "01"
                  }
                },
                {
                  "node": "l",
                  "frag": "DUMU",
                  "id": "P285515.l046dc",
                  "ref": "P285515.14.4",
                  "inst": "%akk-x-neoass:DUMU=",
                  "f": {
                    "lang": "akk-x-neoass",
                    "form": "DUMU"
                  }
                },
                {
                  "node": "l",
                  "frag": "par-<su>",
                  "id": "P285515.l046dd",
                  "ref": "P285515.14.5",
                  "inst": "%akk-x-neoass:par-su=",
                  "f": {
                    "lang": "akk-x-neoass",
                    "form": "par-su"
                  }
                },
                {
                  "node": "l",
                  "frag": "PAB",
                  "id": "P285515.l046de",
                  "ref": "P285515.14.6",
                  "inst": "%akk-x-neoass:PAB=",
                  "f": {
                    "lang": "akk-x-neoass",
                    "form": "PAB"
                  }
                },
                {
                  "node": "l",
                  "frag": "03",
                  "id": "P285515.l046df",
                  "ref": "P285515.14.7",
                  "inst": "%akk-x-neoass:03=",
                  "f": {
                    "lang": "akk-x-neoass",
                    "form": "03"
                  }
                },
                {
                  "node": "d",
                  "type": "line-start",
                  "ref": "P285515.15",
                  "n": "6",
                  "label": "r 6"
                },
                {
                  "node": "l",
                  "frag": "{1}ṣil-{d}PA",
                  "id": "P285515.l046e0",
                  "ref": "P285515.15.1",
                  "inst": "%akk-x-neoass:{1}ṣil-{d}PA=",
                  "f": {
                    "lang": "akk-x-neoass",
                    "form": "{1}ṣil-{d}PA"
                  }
                },
                {
                  "node": "l",
                  "frag": "MI₂-šu₂",
                  "id": "P285515.l046e1",
                  "ref": "P285515.15.2",
                  "inst": "%akk-x-neoass:MI₂-šu₂=",
                  "f": {
                    "lang": "akk-x-neoass",
                    "form": "MI₂-šu₂"
                  }
                },
                {
                  "node": "l",
                  "frag": "03",
                  "id": "P285515.l046e2",
                  "ref": "P285515.15.3",
                  "inst": "%akk-x-neoass:03=",
                  "f": {
                    "lang": "akk-x-neoass",
                    "form": "03"
                  }
                },
                {
                  "node": "l",
                  "frag": "DUMU-MEŠ",
                  "id": "P285515.l046e3",
                  "ref": "P285515.15.4",
                  "inst": "%akk-x-neoass:DUMU-MEŠ=",
                  "f": {
                    "lang": "akk-x-neoass",
                    "form": "DUMU-MEŠ"
                  }
                },
                {
                  "node": "l",
                  "frag": "ṣa-hur-ti",
                  "id": "P285515.l046e4",
                  "ref": "P285515.15.5",
                  "inst": "%akk-x-neoass:ṣa-hur-ti=",
                  "f": {
                    "lang": "akk-x-neoass",
                    "form": "ṣa-hur-ti"
                  }
                },
                {
                  "node": "l",
                  "frag": "01",
                  "id": "P285515.l046e5",
                  "ref": "P285515.15.6",
                  "inst": "%akk-x-neoass:01=",
                  "f": {
                    "lang": "akk-x-neoass",
                    "form": "01"
                  }
                },
                {
                  "node": "l",
                  "frag": "GA",
                  "id": "P285515.l046e6",
                  "ref": "P285515.15.7",
                  "inst": "%akk-x-neoass:GA=",
                  "f": {
                    "lang": "akk-x-neoass",
                    "form": "GA"
                  }
                },
                {
                  "node": "l",
                  "frag": "PAB",
                  "id": "P285515.l046e7",
                  "ref": "P285515.15.8",
                  "inst": "%akk-x-neoass:PAB=",
                  "f": {
                    "lang": "akk-x-neoass",
                    "form": "PAB"
                  }
                },
                {
                  "node": "l",
                  "frag": "06",
                  "id": "P285515.l046e8",
                  "ref": "P285515.15.9",
                  "inst": "%akk-x-neoass:06=",
                  "f": {
                    "lang": "akk-x-neoass",
                    "form": "06"
                  }
                },
                {
                  "node": "d",
                  "type": "line-start",
                  "ref": "P285515.16",
                  "n": "7",
                  "label": "r 7"
                },
                {
                  "node": "l",
                  "frag": "{1}qi-sa-a.a",
                  "id": "P285515.l046e9",
                  "ref": "P285515.16.1",
                  "inst": "%akk-x-neoass:{1}qi-sa-a.a=",
                  "f": {
                    "lang": "akk-x-neoass",
                    "form": "{1}qi-sa-a.a"
                  }
                },
                {
                  "node": "l",
                  "frag": "MI₂-šu₂",
                  "id": "P285515.l046ea",
                  "ref": "P285515.16.2",
                  "inst": "%akk-x-neoass:MI₂-šu₂=",
                  "f": {
                    "lang": "akk-x-neoass",
                    "form": "MI₂-šu₂"
                  }
                },
                {
                  "node": "l",
                  "frag": "02",
                  "id": "P285515.l046eb",
                  "ref": "P285515.16.3",
                  "inst": "%akk-x-neoass:02=",
                  "f": {
                    "lang": "akk-x-neoass",
                    "form": "02"
                  }
                },
                {
                  "node": "l",
                  "frag": "DUMU.MI₂-MEŠ",
                  "id": "P285515.l046ec",
                  "ref": "P285515.16.4",
                  "inst": "%akk-x-neoass:DUMU.MI₂-MEŠ=",
                  "f": {
                    "lang": "akk-x-neoass",
                    "form": "DUMU.MI₂-MEŠ"
                  }
                },
                {
                  "node": "l",
                  "frag": "01",
                  "id": "P285515.l046ed",
                  "ref": "P285515.16.5",
                  "inst": "%akk-x-neoass:01=",
                  "f": {
                    "lang": "akk-x-neoass",
                    "form": "01"
                  }
                },
                {
                  "node": "l",
                  "frag": "DUMU",
                  "id": "P285515.l046ee",
                  "ref": "P285515.16.6",
                  "inst": "%akk-x-neoass:DUMU=",
                  "f": {
                    "lang": "akk-x-neoass",
                    "form": "DUMU"
                  }
                },
                {
                  "node": "l",
                  "frag": "PAB",
                  "id": "P285515.l046ef",
                  "ref": "P285515.16.7",
                  "inst": "%akk-x-neoass:PAB=",
                  "f": {
                    "lang": "akk-x-neoass",
                    "form": "PAB"
                  }
                },
                {
                  "node": "l",
                  "frag": "05",
                  "id": "P285515.l046f0",
                  "ref": "P285515.16.8",
                  "inst": "%akk-x-neoass:05=",
                  "f": {
                    "lang": "akk-x-neoass",
                    "form": "05"
                  }
                },
                {
                  "node": "d",
                  "type": "line-start",
                  "ref": "P285515.17",
                  "n": "8",
                  "label": "r 8"
                },
                {
                  "node": "l",
                  "frag": "{1}{d}PA-KAR-ir-an-ni",
                  "id": "P285515.l046f1",
                  "ref": "P285515.17.1",
                  "inst": "%akk-x-neoass:{1}{d}PA-KAR-ir-an-ni=",
                  "f": {
                    "lang": "akk-x-neoass",
                    "form": "{1}{d}PA-KAR-ir-an-ni"
                  }
                },
                {
                  "node": "l",
                  "frag": "MI₂-šu₂",
                  "id": "P285515.l046f2",
                  "ref": "P285515.17.2",
                  "inst": "%akk-x-neoass:MI₂-šu₂=",
                  "f": {
                    "lang": "akk-x-neoass",
                    "form": "MI₂-šu₂"
                  }
                },
                {
                  "node": "l",
                  "frag": "02",
                  "id": "P285515.l046f3",
                  "ref": "P285515.17.3",
                  "inst": "%akk-x-neoass:02=",
                  "f": {
                    "lang": "akk-x-neoass",
                    "form": "02"
                  }
                },
                {
                  "node": "l",
                  "frag": "DUMU.MI₂-MEŠ-šu₂",
                  "id": "P285515.l046f4",
                  "ref": "P285515.17.4",
                  "inst": "%akk-x-neoass:DUMU.MI₂-MEŠ-šu₂=",
                  "f": {
                    "lang": "akk-x-neoass",
                    "form": "DUMU.MI₂-MEŠ-šu₂"
                  }
                },
                {
                  "node": "l",
                  "frag": "PAB",
                  "id": "P285515.l046f5",
                  "ref": "P285515.17.5",
                  "inst": "%akk-x-neoass:PAB=",
                  "f": {
                    "lang": "akk-x-neoass",
                    "form": "PAB"
                  }
                },
                {
                  "node": "l",
                  "frag": "04",
                  "id": "P285515.l046f6",
                  "ref": "P285515.17.6",
                  "inst": "%akk-x-neoass:04=",
                  "f": {
                    "lang": "akk-x-neoass",
                    "form": "04"
                  }
                },
                {
                  "node": "d",
                  "type": "line-start",
                  "ref": "P285515.18",
                  "n": "9",
                  "label": "r 9"
                },
                {
                  "node": "l",
                  "frag": "{1}{d}PA-ku-mu-u-a",
                  "id": "P285515.l046f7",
                  "ref": "P285515.18.1",
                  "inst": "%akk-x-neoass:{1}{d}PA-ku-mu-u-a=",
                  "f": {
                    "lang": "akk-x-neoass",
                    "form": "{1}{d}PA-ku-mu-u-a"
                  }
                },
                {
                  "node": "l",
                  "frag": "DIL-ma-nu",
                  "id": "P285515.l046f8",
                  "ref": "P285515.18.2",
                  "inst": "%akk-x-neoass:DIL-ma-nu=",
                  "f": {
                    "lang": "akk-x-neoass",
                    "form": "DIL-ma-nu"
                  }
                },
                {
                  "node": "l",
                  "frag": "{1}ba-sa-a-su",
                  "id": "P285515.l046f9",
                  "ref": "P285515.18.3",
                  "inst": "%akk-x-neoass:{1}ba-sa-a-su=",
                  "f": {
                    "lang": "akk-x-neoass",
                    "form": "{1}ba-sa-a-su"
                  }
                },
                {
                  "node": "l",
                  "frag": "DIL-ma-nu",
                  "id": "P285515.l046fa",
                  "ref": "P285515.18.4",
                  "inst": "%akk-x-neoass:DIL-ma-nu=",
                  "f": {
                    "lang": "akk-x-neoass",
                    "form": "DIL-ma-nu"
                  }
                },
                {
                  "node": "d",
                  "type": "line-start",
                  "ref": "P285515.19",
                  "n": "10",
                  "label": "r 10"
                },
                {
                  "node": "l",
                  "frag": "{1}{d}PA-še-zib-an-ni",
                  "id": "P285515.l046fb",
                  "ref": "P285515.19.1",
                  "inst": "%akk-x-neoass:{1}{d}PA-še-zib-an-ni=",
                  "f": {
                    "lang": "akk-x-neoass",
                    "form": "{1}{d}PA-še-zib-an-ni"
                  }
                },
                {
                  "node": "l",
                  "frag": "DIL-ma-nu",
                  "id": "P285515.l046fc",
                  "ref": "P285515.19.2",
                  "inst": "%akk-x-neoass:DIL-ma-nu=",
                  "f": {
                    "lang": "akk-x-neoass",
                    "form": "DIL-ma-nu"
                  }
                },
                {
                  "node": "l",
                  "frag": "{1}{d}PA-SUHUŠ-ia-GIN",
                  "id": "P285515.l046fd",
                  "ref": "P285515.19.3",
                  "inst": "%akk-x-neoass:{1}{d}PA-SUHUŠ-ia-GIN=",
                  "f": {
                    "lang": "akk-x-neoass",
                    "form": "{1}{d}PA-SUHUŠ-ia-GIN"
                  }
                },
                {
                  "node": "l",
                  "frag": "DIL-ma-nu",
                  "id": "P285515.l046fe",
                  "ref": "P285515.19.4",
                  "inst": "%akk-x-neoass:DIL-ma-nu=",
                  "f": {
                    "lang": "akk-x-neoass",
                    "form": "DIL-ma-nu"
                  }
                },
                {
                  "node": "d",
                  "type": "line-start",
                  "ref": "P285515.20",
                  "n": "11",
                  "label": "r 11"
                },
                {
                  "node": "l",
                  "frag": "{1}ku-ku-la-nu",
                  "id": "P285515.l046ff",
                  "ref": "P285515.20.1",
                  "inst": "%akk-x-neoass:{1}ku-ku-la-nu=",
                  "f": {
                    "lang": "akk-x-neoass",
                    "form": "{1}ku-ku-la-nu"
                  }
                },
                {
                  "node": "l",
                  "frag": "DIL-ma-nu",
                  "id": "P285515.l04700",
                  "ref": "P285515.20.2",
                  "inst": "%akk-x-neoass:DIL-ma-nu=",
                  "f": {
                    "lang": "akk-x-neoass",
                    "form": "DIL-ma-nu"
                  }
                },
                {
                  "node": "d",
                  "type": "nonx",
                  "ref": "P285515.21",
                  "strict": "0",
                  "extent": "n",
                  "scope": "line",
                  "state": "blank"
                },
                {
                  "node": "d",
                  "type": "line-start",
                  "ref": "P285515.22",
                  "n": "12",
                  "label": "r 12"
                },
                {
                  "node": "l",
                  "frag": "PAB",
                  "id": "P285515.l04701",
                  "ref": "P285515.22.1",
                  "inst": "%akk-x-neoass:PAB=",
                  "f": {
                    "lang": "akk-x-neoass",
                    "form": "PAB"
                  }
                },
                {
                  "node": "l",
                  "frag": "41",
                  "id": "P285515.l04702",
                  "ref": "P285515.22.2",
                  "inst": "%akk-x-neoass:41=",
                  "f": {
                    "lang": "akk-x-neoass",
                    "form": "41"
                  }
                },
                {
                  "node": "l",
                  "frag": "ZI-MEŠ",
                  "id": "P285515.l04703",
                  "ref": "P285515.22.3",
                  "inst": "%akk-x-neoass:ZI-MEŠ=",
                  "f": {
                    "lang": "akk-x-neoass",
                    "form": "ZI-MEŠ"
                  }
                },
                {
                  "node": "l",
                  "frag": "{uru}arba-il₃-a.a",
                  "id": "P285515.l04704",
                  "ref": "P285515.22.4",
                  "inst": "%akk-x-neoass:{URU}arba-il₃-a.a=",
                  "f": {
                    "lang": "akk-x-neoass",
                    "form": "{URU}arba-il₃-a.a"
                  }
                },
                {
                  "node": "d",
                  "type": "line-start",
                  "ref": "P285515.23",
                  "n": "13",
                  "label": "r 13"
                },
                {
                  "node": "l",
                  "frag": "a-na",
                  "id": "P285515.l04705",
                  "ref": "P285515.23.1",
                  "inst": "%akk-x-neoass:a-na=",
                  "f": {
                    "lang": "akk-x-neoass",
                    "form": "a-na"
                  }
                },
                {
                  "node": "l",
                  "frag": "{lu₂}qa-tin-u₂-te",
                  "id": "P285515.l04706",
                  "ref": "P285515.23.2",
                  "inst": "%akk-x-neoass:{LU₂}qa-tin-u₂-te=",
                  "f": {
                    "lang": "akk-x-neoass",
                    "form": "{LU₂}qa-tin-u₂-te"
                  }
                },
                {
                  "node": "l",
                  "frag": "a-na",
                  "id": "P285515.l04707",
                  "ref": "P285515.23.3",
                  "inst": "%akk-x-neoass:a-na=",
                  "f": {
                    "lang": "akk-x-neoass",
                    "form": "a-na"
                  }
                },
                {
                  "node": "l",
                  "frag": "{d}ZA.BA₄.BA₄",
                  "id": "P285515.l04708",
                  "ref": "P285515.23.4",
                  "inst": "%akk-x-neoass:{d}ZA.BA₄.BA₄=",
                  "f": {
                    "lang": "akk-x-neoass",
                    "form": "{d}ZA.BA₄.BA₄"
                  }
                },
                {
                  "node": "l",
                  "frag": "ad-din-šu₂-nu-ti",
                  "id": "P285515.l04709",
                  "ref": "P285515.23.5",
                  "inst": "%akk-x-neoass:ad-din-šu₂-nu-ti=",
                  "f": {
                    "lang": "akk-x-neoass",
                    "form": "ad-din-šu₂-nu-ti"
                  }
                },
                {
                  "node": "d",
                  "type": "nonx",
                  "ref": "P285515.24",
                  "strict": "0",
                  "extent": "n",
                  "scope": "line",
                  "state": "other"
                },
                {
                  "node": "d",
                  "type": "line-start",
                  "ref": "P285515.25",
                  "n": "14",
                  "label": "r 14"
                },
                {
                  "node": "l",
                  "frag": "ŠU.2",
                  "id": "P285515.l0470a",
                  "ref": "P285515.25.1",
                  "inst": "%akk-x-neoass:ŠU.2=",
                  "f": {
                    "lang": "akk-x-neoass",
                    "form": "ŠU.2"
                  }
                },
                {
                  "node": "l",
                  "frag": "MAN",
                  "id": "P285515.l0470b",
                  "ref": "P285515.25.2",
                  "inst": "%akk-x-neoass:MAN=",
                  "f": {
                    "lang": "akk-x-neoass",
                    "form": "MAN"
                  }
                },
                {
                  "node": "l",
                  "frag": "ni-il-lu-lu",
                  "id": "P285515.l0470c",
                  "ref": "P285515.25.3",
                  "inst": "%akk-x-neoass:ni-il-lu-lu=",
                  "f": {
                    "lang": "akk-x-neoass",
                    "form": "ni-il-lu-lu"
                  }
                },
                {
                  "node": "d",
                  "type": "line-start",
                  "ref": "P285515.26",
                  "n": "15",
                  "label": "r 15"
                },
                {
                  "node": "l",
                  "frag": "me-me-ni",
                  "id": "P285515.l0470d",
                  "ref": "P285515.26.1",
                  "inst": "%akk-x-neoass:me-me-ni=",
                  "f": {
                    "lang": "akk-x-neoass",
                    "form": "me-me-ni"
                  }
                },
                {
                  "node": "l",
                  "frag": "ša₂-ni-iu-um-ma",
                  "id": "P285515.l0470e",
                  "ref": "P285515.26.2",
                  "inst": "%akk-x-neoass:ša₂-ni-iu-um-ma=",
                  "f": {
                    "lang": "akk-x-neoass",
                    "form": "ša₂-ni-iu-um-ma"
                  }
                },
                {
                  "node": "l",
                  "frag": "ina",
                  "id": "P285515.l0470f",
                  "ref": "P285515.26.3",
                  "inst": "%akk-x-neoass:ina=",
                  "f": {
                    "lang": "akk-x-neoass",
                    "form": "ina"
                  }
                },
                {
                  "node": "l",
                  "frag": "UGU-šu₂-nu",
                  "id": "P285515.l04710",
                  "ref": "P285515.26.4",
                  "inst": "%akk-x-neoass:UGU-šu₂-nu=",
                  "f": {
                    "lang": "akk-x-neoass",
                    "form": "UGU-šu₂-nu"
                  }
                },
                {
                  "node": "l",
                  "frag": "la",
                  "id": "P285515.l04711",
                  "ref": "P285515.26.5",
                  "inst": "%akk-x-neoass:la=",
                  "f": {
                    "lang": "akk-x-neoass",
                    "form": "la"
                  }
                },
                {
                  "node": "l",
                  "frag": "i-šal-liṭ",
                  "id": "P285515.l04712",
                  "ref": "P285515.26.6",
                  "inst": "%akk-x-neoass:i-šal-liṭ=",
                  "f": {
                    "lang": "akk-x-neoass",
                    "form": "i-šal-liṭ"
                  }
                },
                {
                  "node": "d",
                  "type": "nonx",
                  "ref": "P285515.27",
                  "strict": "0",
                  "extent": "n",
                  "scope": "line",
                  "state": "other"
                },
                {
                  "node": "d",
                  "type": "line-start",
                  "ref": "P285515.28",
                  "n": "16",
                  "label": "r 16"
                },
                {
                  "node": "l",
                  "frag": "[x",
                  "id": "P285515.l04713",
                  "ref": "P285515.28.1",
                  "inst": "%akk-x-neoass:x=",
                  "f": {
                    "lang": "akk-x-neoass",
                    "form": "x"
                  }
                },
                {
                  "node": "l",
                  "frag": "x",
                  "id": "P285515.l04714",
                  "ref": "P285515.28.2",
                  "inst": "%akk-x-neoass:x=",
                  "f": {
                    "lang": "akk-x-neoass",
                    "form": "x"
                  }
                },
                {
                  "node": "l",
                  "frag": "x",
                  "id": "P285515.l04715",
                  "ref": "P285515.28.3",
                  "inst": "%akk-x-neoass:x=",
                  "f": {
                    "lang": "akk-x-neoass",
                    "form": "x"
                  }
                },
                {
                  "node": "l",
                  "frag": "x",
                  "id": "P285515.l04716",
                  "ref": "P285515.28.4",
                  "inst": "%akk-x-neoass:x=",
                  "f": {
                    "lang": "akk-x-neoass",
                    "form": "x"
                  }
                },
                {
                  "node": "l",
                  "frag": "x",
                  "id": "P285515.l04717",
                  "ref": "P285515.28.5",
                  "inst": "%akk-x-neoass:x=",
                  "f": {
                    "lang": "akk-x-neoass",
                    "form": "x"
                  }
                },
                {
                  "node": "l",
                  "frag": "x",
                  "id": "P285515.l04718",
                  "ref": "P285515.28.6",
                  "inst": "%akk-x-neoass:x=",
                  "f": {
                    "lang": "akk-x-neoass",
                    "form": "x"
                  }
                },
                {
                  "node": "l",
                  "frag": "x]",
                  "id": "P285515.l04719",
                  "ref": "P285515.28.7",
                  "inst": "%akk-x-neoass:x=",
                  "f": {
                    "lang": "akk-x-neoass",
                    "form": "x"
                  }
                },
                {
                  "node": "l",
                  "frag": "⸢lu⸣-u",
                  "id": "P285515.l0471a",
                  "ref": "P285515.28.8",
                  "inst": "%akk-x-neoass:lu-u=",
                  "f": {
                    "lang": "akk-x-neoass",
                    "form": "lu-u"
                  }
                },
                {
                  "node": "l",
                  "frag": "{lu₂}ša₂-ziq-ni",
                  "id": "P285515.l0471b",
                  "ref": "P285515.28.9",
                  "inst": "%akk-x-neoass:{LU₂}ša₂-ziq-ni=",
                  "f": {
                    "lang": "akk-x-neoass",
                    "form": "{LU₂}ša₂-ziq-ni"
                  }
                },
                {
                  "node": "l",
                  "frag": "lu-u",
                  "id": "P285515.l0471c",
                  "ref": "P285515.28.10",
                  "inst": "%akk-x-neoass:lu-u=",
                  "f": {
                    "lang": "akk-x-neoass",
                    "form": "lu-u"
                  }
                },
                {
                  "node": "l",
                  "frag": "{lu₂}[SAG]",
                  "id": "P285515.l0471d",
                  "ref": "P285515.28.11",
                  "inst": "%akk-x-neoass:{LU₂}SAG=",
                  "f": {
                    "lang": "akk-x-neoass",
                    "form": "{LU₂}SAG"
                  }
                },
                {
                  "node": "d",
                  "type": "line-start",
                  "ref": "P285515.29",
                  "n": "17",
                  "label": "r 17"
                },
                {
                  "node": "l",
                  "frag": "[x",
                  "id": "P285515.l0471e",
                  "ref": "P285515.29.1",
                  "inst": "%akk-x-neoass:x=",
                  "f": {
                    "lang": "akk-x-neoass",
                    "form": "x"
                  }
                },
                {
                  "node": "l",
                  "frag": "x",
                  "id": "P285515.l0471f",
                  "ref": "P285515.29.2",
                  "inst": "%akk-x-neoass:x=",
                  "f": {
                    "lang": "akk-x-neoass",
                    "form": "x"
                  }
                },
                {
                  "node": "l",
                  "frag": "x",
                  "id": "P285515.l04720",
                  "ref": "P285515.29.3",
                  "inst": "%akk-x-neoass:x=",
                  "f": {
                    "lang": "akk-x-neoass",
                    "form": "x"
                  }
                },
                {
                  "node": "l",
                  "frag": "x",
                  "id": "P285515.l04721",
                  "ref": "P285515.29.4",
                  "inst": "%akk-x-neoass:x=",
                  "f": {
                    "lang": "akk-x-neoass",
                    "form": "x"
                  }
                },
                {
                  "node": "l",
                  "frag": "x",
                  "id": "P285515.l04722",
                  "ref": "P285515.29.5",
                  "inst": "%akk-x-neoass:x=",
                  "f": {
                    "lang": "akk-x-neoass",
                    "form": "x"
                  }
                },
                {
                  "node": "l",
                  "frag": "x",
                  "id": "P285515.l04723",
                  "ref": "P285515.29.6",
                  "inst": "%akk-x-neoass:x=",
                  "f": {
                    "lang": "akk-x-neoass",
                    "form": "x"
                  }
                },
                {
                  "node": "l",
                  "frag": "x",
                  "id": "P285515.l04724",
                  "ref": "P285515.29.7",
                  "inst": "%akk-x-neoass:x=",
                  "f": {
                    "lang": "akk-x-neoass",
                    "form": "x"
                  }
                },
                {
                  "node": "l",
                  "frag": "x",
                  "id": "P285515.l04725",
                  "ref": "P285515.29.8",
                  "inst": "%akk-x-neoass:x=",
                  "f": {
                    "lang": "akk-x-neoass",
                    "form": "x"
                  }
                },
                {
                  "node": "l",
                  "frag": "x",
                  "id": "P285515.l04726",
                  "ref": "P285515.29.9",
                  "inst": "%akk-x-neoass:x=",
                  "f": {
                    "lang": "akk-x-neoass",
                    "form": "x"
                  }
                },
                {
                  "node": "l",
                  "frag": "x]",
                  "id": "P285515.l04727",
                  "ref": "P285515.29.10",
                  "inst": "%akk-x-neoass:x=",
                  "f": {
                    "lang": "akk-x-neoass",
                    "form": "x"
                  }
                },
                {
                  "node": "l",
                  "frag": "⸢lu⸣-u",
                  "id": "P285515.l04728",
                  "ref": "P285515.29.11",
                  "inst": "%akk-x-neoass:lu-u=",
                  "f": {
                    "lang": "akk-x-neoass",
                    "form": "lu-u"
                  }
                },
                {
                  "node": "l",
                  "frag": "{⸢lu₂}x⸣+[x",
                  "id": "P285515.l04729",
                  "ref": "P285515.29.12",
                  "inst": "%akk-x-neoass:{LU₂}x+x=",
                  "f": {
                    "lang": "akk-x-neoass",
                    "form": "{LU₂}x+x"
                  }
                },
                {
                  "node": "l",
                  "frag": "x",
                  "id": "P285515.l0472a",
                  "ref": "P285515.29.13",
                  "inst": "%akk-x-neoass:x=",
                  "f": {
                    "lang": "akk-x-neoass",
                    "form": "x"
                  }
                },
                {
                  "node": "l",
                  "frag": "x",
                  "id": "P285515.l0472b",
                  "ref": "P285515.29.14",
                  "inst": "%akk-x-neoass:x=",
                  "f": {
                    "lang": "akk-x-neoass",
                    "form": "x"
                  }
                },
                {
                  "node": "l",
                  "frag": "x]",
                  "id": "P285515.l0472c",
                  "ref": "P285515.29.15",
                  "inst": "%akk-x-neoass:x=",
                  "f": {
                    "lang": "akk-x-neoass",
                    "form": "x"
                  }
                },
                {
                  "node": "d",
                  "type": "nonx",
                  "ref": "P285515.30",
                  "strict": "0",
                  "extent": "rest",
                  "state": "missing"
                }
              ]
            }
          ]
        }
      ]
    }
  ]
}
