{
  "type": "cdl",
  "source": "http://oracc.org/saao/saa12",
  "license": "This data is released under the CC0 license",
  "license-url": "https://creativecommons.org/publicdomain/zero/1.0/",
  "more-info": "http://oracc.org/doc/opendata/",
  "UTC-timestamp": "2017-06-10T00:50:24",
  "project": "saao/saa12",
  "textid": "P335555",
  "cdl": [
    {
      "node": "c",
      "type": "text",
      "id": "P335555.U0",
      "cdl": [
        {
          "node": "d",
          "type": "object",
          "ref": ""
        },
        {
          "node": "d",
          "subtype": "obverse",
          "type": "obverse",
          "ref": "P335555.o.1",
          "label": "o"
        },
        {
          "node": "c",
          "type": "discourse",
          "subtype": "body",
          "id": "P335555.U1",
          "cdl": [
            {
              "node": "c",
              "type": "sentence",
              "id": "P335555.U2",
              "label": "o 1 - e. 2",
              "cdl": [
                {
                  "node": "d",
                  "type": "line-start",
                  "ref": "P335555.2",
                  "n": "1",
                  "label": "o 1"
                },
                {
                  "node": "l",
                  "frag": "{na₄}KIŠIB",
                  "id": "P335555.l04c58",
                  "ref": "P335555.2.1",
                  "inst": "%akk-x-neoass:{NA₄}KIŠIB=",
                  "f": {
                    "lang": "akk-x-neoass",
                    "form": "{NA₄}KIŠIB"
                  }
                },
                {
                  "node": "l",
                  "frag": "{1}I-{d}15",
                  "id": "P335555.l04c59",
                  "ref": "P335555.2.2",
                  "inst": "%akk-x-neoass:{1}I-{d}15=",
                  "f": {
                    "lang": "akk-x-neoass",
                    "form": "{1}I-{d}15"
                  }
                },
                {
                  "node": "d",
                  "type": "line-start",
                  "ref": "P335555.3",
                  "n": "2",
                  "label": "o 2"
                },
                {
                  "node": "l",
                  "frag": "{na₄}KIŠIB",
                  "id": "P335555.l04c5a",
                  "ref": "P335555.3.1",
                  "inst": "%akk-x-neoass:{NA₄}KIŠIB=",
                  "f": {
                    "lang": "akk-x-neoass",
                    "form": "{NA₄}KIŠIB"
                  }
                },
                {
                  "node": "l",
                  "frag": "{1}aš-šur-KUR-ka-KAL-in",
                  "id": "P335555.l04c5b",
                  "ref": "P335555.3.2",
                  "inst": "%akk-x-neoass:{1}aš-šur-KUR-ka-KAL-in=",
                  "f": {
                    "lang": "akk-x-neoass",
                    "form": "{1}aš-šur-KUR-ka-KAL-in"
                  }
                },
                {
                  "node": "d",
                  "type": "line-start",
                  "ref": "P335555.4",
                  "n": "3",
                  "label": "o 3"
                },
                {
                  "node": "l",
                  "frag": "DUMU-MEŠ",
                  "id": "P335555.l04c5c",
                  "ref": "P335555.4.1",
                  "inst": "%akk-x-neoass:DUMU-MEŠ=",
                  "f": {
                    "lang": "akk-x-neoass",
                    "form": "DUMU-MEŠ"
                  }
                },
                {
                  "node": "l",
                  "frag": "{1}{d}15--MU-SUM-na",
                  "id": "P335555.l04c5d",
                  "ref": "P335555.4.2",
                  "inst": "%akk-x-neoass:{1}{d}15-MU-SUM-na=",
                  "f": {
                    "lang": "akk-x-neoass",
                    "form": "{1}{d}15-MU-SUM-na"
                  }
                },
                {
                  "node": "l",
                  "frag": "{lu₂}UŠ.BAR",
                  "id": "P335555.l04c5e",
                  "ref": "P335555.4.3",
                  "inst": "%akk-x-neoass:{LU₂}UŠ.BAR=",
                  "f": {
                    "lang": "akk-x-neoass",
                    "form": "{LU₂}UŠ.BAR"
                  }
                },
                {
                  "node": "l",
                  "frag": "ša",
                  "id": "P335555.l04c5f",
                  "ref": "P335555.4.4",
                  "inst": "%akk-x-neoass:ša=",
                  "f": {
                    "lang": "akk-x-neoass",
                    "form": "ša"
                  }
                },
                {
                  "node": "l",
                  "frag": "{mi₂}E₂.GAL",
                  "id": "P335555.l04c60",
                  "ref": "P335555.4.5",
                  "inst": "%akk-x-neoass:{MI₂}E₂.GAL=",
                  "f": {
                    "lang": "akk-x-neoass",
                    "form": "{MI₂}E₂.GAL"
                  }
                },
                {
                  "node": "d",
                  "type": "line-start",
                  "ref": "P335555.5",
                  "n": "4",
                  "label": "o 4"
                },
                {
                  "node": "l",
                  "frag": "EN",
                  "id": "P335555.l04c61",
                  "ref": "P335555.5.1",
                  "inst": "%akk-x-neoass:EN=",
                  "f": {
                    "lang": "akk-x-neoass",
                    "form": "EN"
                  }
                },
                {
                  "node": "l",
                  "frag": "LU₂",
                  "id": "P335555.l04c62",
                  "ref": "P335555.5.2",
                  "inst": "%akk-x-neoass:LU₂=",
                  "f": {
                    "lang": "akk-x-neoass",
                    "form": "LU₂"
                  }
                },
                {
                  "node": "l",
                  "frag": "ta-da-a-ni",
                  "id": "P335555.l04c63",
                  "ref": "P335555.5.3",
                  "inst": "%akk-x-neoass:ta-da-a-ni=",
                  "f": {
                    "lang": "akk-x-neoass",
                    "form": "ta-da-a-ni"
                  }
                },
                {
                  "node": "d",
                  "type": "nonx",
                  "ref": "P335555.6",
                  "strict": "1",
                  "extent": "n",
                  "scope": "line",
                  "state": "ruling",
                  "flags": "!"
                },
                {
                  "node": "d",
                  "type": "nonx",
                  "ref": "P335555.7",
                  "strict": "0",
                  "extent": "1",
                  "scope": "seal",
                  "state": "other"
                },
                {
                  "node": "d",
                  "type": "nonx",
                  "ref": "P335555.8",
                  "strict": "1",
                  "extent": "n",
                  "scope": "line",
                  "state": "ruling",
                  "flags": "!"
                },
                {
                  "node": "d",
                  "type": "line-start",
                  "ref": "P335555.9",
                  "n": "5",
                  "label": "o 5"
                },
                {
                  "node": "l",
                  "frag": "{1}šum-ma-{d}PA",
                  "id": "P335555.l04c64",
                  "ref": "P335555.9.1",
                  "inst": "%akk-x-neoass:{1}šum-ma-{d}PA=",
                  "f": {
                    "lang": "akk-x-neoass",
                    "form": "{1}šum-ma-{d}PA"
                  }
                },
                {
                  "node": "l",
                  "frag": "{lu₂}UŠ.BAR-bir-me",
                  "id": "P335555.l04c65",
                  "ref": "P335555.9.2",
                  "inst": "%akk-x-neoass:{LU₂}UŠ.BAR-bir-me=",
                  "f": {
                    "lang": "akk-x-neoass",
                    "form": "{LU₂}UŠ.BAR-bir-me"
                  }
                },
                {
                  "node": "l",
                  "frag": "ARAD-šu₂-nu",
                  "id": "P335555.l04c66",
                  "ref": "P335555.9.3",
                  "inst": "%akk-x-neoass:ARAD-šu₂-nu=",
                  "f": {
                    "lang": "akk-x-neoass",
                    "form": "ARAD-šu₂-nu"
                  }
                },
                {
                  "node": "d",
                  "type": "line-start",
                  "ref": "P335555.10",
                  "n": "6",
                  "label": "o 6"
                },
                {
                  "node": "l",
                  "frag": "u₂-piš-ma",
                  "id": "P335555.l04c67",
                  "ref": "P335555.10.1",
                  "inst": "%akk-x-neoass:u₂-piš-ma=",
                  "f": {
                    "lang": "akk-x-neoass",
                    "form": "u₂-piš-ma"
                  }
                },
                {
                  "node": "l",
                  "frag": "{1}i-din-a.a",
                  "id": "P335555.l04c68",
                  "ref": "P335555.10.2",
                  "inst": "%akk-x-neoass:{1}i-din-a.a=",
                  "f": {
                    "lang": "akk-x-neoass",
                    "form": "{1}i-din-a.a"
                  }
                },
                {
                  "node": "l",
                  "frag": "{lu₂}SANGA",
                  "id": "P335555.l04c69",
                  "ref": "P335555.10.3",
                  "inst": "%akk-x-neoass:{LU₂}SANGA=",
                  "f": {
                    "lang": "akk-x-neoass",
                    "form": "{LU₂}SANGA"
                  }
                },
                {
                  "node": "l",
                  "frag": "ša₂",
                  "id": "P335555.l04c6a",
                  "ref": "P335555.10.4",
                  "inst": "%akk-x-neoass:ša₂=",
                  "f": {
                    "lang": "akk-x-neoass",
                    "form": "ša₂"
                  }
                },
                {
                  "node": "l",
                  "frag": "{d}MAŠ",
                  "id": "P335555.l04c6b",
                  "ref": "P335555.10.5",
                  "inst": "%akk-x-neoass:{d}MAŠ=",
                  "f": {
                    "lang": "akk-x-neoass",
                    "form": "{d}MAŠ"
                  }
                },
                {
                  "node": "d",
                  "type": "line-start",
                  "ref": "P335555.11",
                  "n": "7",
                  "label": "o 7"
                },
                {
                  "node": "l",
                  "frag": "a-na",
                  "id": "P335555.l04c6c",
                  "ref": "P335555.11.1",
                  "inst": "%akk-x-neoass:a-na=",
                  "f": {
                    "lang": "akk-x-neoass",
                    "form": "a-na"
                  }
                },
                {
                  "node": "l",
                  "frag": "{d}MAŠ",
                  "id": "P335555.l04c6d",
                  "ref": "P335555.11.2",
                  "inst": "%akk-x-neoass:{d}MAŠ=",
                  "f": {
                    "lang": "akk-x-neoass",
                    "form": "{d}MAŠ"
                  }
                },
                {
                  "node": "l",
                  "frag": "a-šib",
                  "id": "P335555.l04c6e",
                  "ref": "P335555.11.3",
                  "inst": "%akk-x-neoass:a-šib=",
                  "f": {
                    "lang": "akk-x-neoass",
                    "form": "a-šib"
                  }
                },
                {
                  "node": "l",
                  "frag": "{uru}kal₃-hi",
                  "id": "P335555.l04c6f",
                  "ref": "P335555.11.4",
                  "inst": "%akk-x-neoass:{URU}kal₃-hi=",
                  "f": {
                    "lang": "akk-x-neoass",
                    "form": "{URU}kal₃-hi"
                  }
                },
                {
                  "node": "d",
                  "type": "line-start",
                  "ref": "P335555.12",
                  "n": "8",
                  "label": "o 8"
                },
                {
                  "node": "l",
                  "frag": "ina",
                  "id": "P335555.l04c70",
                  "ref": "P335555.12.1",
                  "inst": "%akk-x-neoass:ina=",
                  "f": {
                    "lang": "akk-x-neoass",
                    "form": "ina"
                  }
                },
                {
                  "node": "l",
                  "frag": "ŠA₃",
                  "id": "P335555.l04c71",
                  "ref": "P335555.12.2",
                  "inst": "%akk-x-neoass:ŠA₃=",
                  "f": {
                    "lang": "akk-x-neoass",
                    "form": "ŠA₃"
                  }
                },
                {
                  "node": "l",
                  "frag": "01",
                  "id": "P335555.l04c72",
                  "ref": "P335555.12.3",
                  "inst": "%akk-x-neoass:01=",
                  "f": {
                    "lang": "akk-x-neoass",
                    "form": "01"
                  }
                },
                {
                  "node": "l",
                  "frag": "1:2",
                  "id": "P335555.l04c73",
                  "ref": "P335555.12.4",
                  "inst": "%akk-x-neoass:1-2=",
                  "f": {
                    "lang": "akk-x-neoass",
                    "form": "1-2"
                  }
                },
                {
                  "node": "l",
                  "frag": "MA.NA",
                  "id": "P335555.l04c74",
                  "ref": "P335555.12.5",
                  "inst": "%akk-x-neoass:MA.NA=",
                  "f": {
                    "lang": "akk-x-neoass",
                    "form": "MA.NA"
                  }
                },
                {
                  "node": "l",
                  "frag": "KUG.UD",
                  "id": "P335555.l04c75",
                  "ref": "P335555.12.6",
                  "inst": "%akk-x-neoass:KUG.UD=",
                  "f": {
                    "lang": "akk-x-neoass",
                    "form": "KUG.UD"
                  }
                },
                {
                  "node": "l",
                  "frag": "TA@v",
                  "id": "P335555.l04c76",
                  "ref": "P335555.12.7",
                  "inst": "%akk-x-neoass:TA@v=",
                  "f": {
                    "lang": "akk-x-neoass",
                    "form": "TA@v"
                  }
                },
                {
                  "node": "l",
                  "frag": "IGI",
                  "id": "P335555.l04c77",
                  "ref": "P335555.12.8",
                  "inst": "%akk-x-neoass:IGI=",
                  "f": {
                    "lang": "akk-x-neoass",
                    "form": "IGI"
                  }
                },
                {
                  "node": "l",
                  "frag": "{1}I-15",
                  "id": "P335555.l04c78",
                  "ref": "P335555.12.9",
                  "inst": "%akk-x-neoass:{1}I-15=",
                  "f": {
                    "lang": "akk-x-neoass",
                    "form": "{1}I-15"
                  }
                },
                {
                  "node": "d",
                  "type": "line-start",
                  "ref": "P335555.13",
                  "n": "9",
                  "label": "o 9"
                },
                {
                  "node": "l",
                  "frag": "TA@v",
                  "id": "P335555.l04c79",
                  "ref": "P335555.13.1",
                  "inst": "%akk-x-neoass:TA@v=",
                  "f": {
                    "lang": "akk-x-neoass",
                    "form": "TA@v"
                  }
                },
                {
                  "node": "l",
                  "frag": "IGI",
                  "id": "P335555.l04c7a",
                  "ref": "P335555.13.2",
                  "inst": "%akk-x-neoass:IGI=",
                  "f": {
                    "lang": "akk-x-neoass",
                    "form": "IGI"
                  }
                },
                {
                  "node": "l",
                  "frag": "{1}aš-šur-KUR-ka-KAL-in",
                  "id": "P335555.l04c7b",
                  "ref": "P335555.13.3",
                  "inst": "%akk-x-neoass:{1}aš-šur-KUR-ka-KAL-in=",
                  "f": {
                    "lang": "akk-x-neoass",
                    "form": "{1}aš-šur-KUR-ka-KAL-in"
                  }
                },
                {
                  "node": "d",
                  "type": "line-start",
                  "ref": "P335555.14",
                  "n": "10",
                  "label": "o 10"
                },
                {
                  "node": "l",
                  "frag": "iz-zi-rip",
                  "id": "P335555.l04c7c",
                  "ref": "P335555.14.1",
                  "inst": "%akk-x-neoass:iz-zi-rip=",
                  "f": {
                    "lang": "akk-x-neoass",
                    "form": "iz-zi-rip"
                  }
                },
                {
                  "node": "l",
                  "frag": "is-si-iq-qi₂",
                  "id": "P335555.l04c7d",
                  "ref": "P335555.14.2",
                  "inst": "%akk-x-neoass:is-si-iq-qi₂=",
                  "f": {
                    "lang": "akk-x-neoass",
                    "form": "is-si-iq-qi₂"
                  }
                },
                {
                  "node": "d",
                  "type": "line-start",
                  "ref": "P335555.15",
                  "n": "11",
                  "label": "o 11"
                },
                {
                  "node": "l",
                  "frag": "GUR-ra",
                  "id": "P335555.l04c7e",
                  "ref": "P335555.15.1",
                  "inst": "%akk-x-neoass:GUR-ra=",
                  "f": {
                    "lang": "akk-x-neoass",
                    "form": "GUR-ra"
                  }
                },
                {
                  "node": "l",
                  "frag": "de-e-nu",
                  "id": "P335555.l04c7f",
                  "ref": "P335555.15.2",
                  "inst": "%akk-x-neoass:de-e-nu=",
                  "f": {
                    "lang": "akk-x-neoass",
                    "form": "de-e-nu"
                  }
                },
                {
                  "node": "l",
                  "frag": "DUG₄.DUG₄",
                  "id": "P335555.l04c80",
                  "ref": "P335555.15.3",
                  "inst": "%akk-x-neoass:DUG₄.DUG₄=",
                  "f": {
                    "lang": "akk-x-neoass",
                    "form": "DUG₄.DUG₄"
                  }
                },
                {
                  "node": "l",
                  "frag": "la-[aš₂-šu₂]",
                  "id": "P335555.l04c81",
                  "ref": "P335555.15.4",
                  "inst": "%akk-x-neoass:la-aš₂-šu₂=",
                  "f": {
                    "lang": "akk-x-neoass",
                    "form": "la-aš₂-šu₂"
                  }
                },
                {
                  "node": "d",
                  "type": "line-start",
                  "ref": "P335555.16",
                  "n": "12",
                  "label": "o 12"
                },
                {
                  "node": "l",
                  "frag": "man-nu",
                  "id": "P335555.l04c82",
                  "ref": "P335555.16.1",
                  "inst": "%akk-x-neoass:man-nu=",
                  "f": {
                    "lang": "akk-x-neoass",
                    "form": "man-nu"
                  }
                },
                {
                  "node": "l",
                  "frag": "ša",
                  "id": "P335555.l04c83",
                  "ref": "P335555.16.2",
                  "inst": "%akk-x-neoass:ša=",
                  "f": {
                    "lang": "akk-x-neoass",
                    "form": "ša"
                  }
                },
                {
                  "node": "l",
                  "frag": "ina",
                  "id": "P335555.l04c84",
                  "ref": "P335555.16.3",
                  "inst": "%akk-x-neoass:ina=",
                  "f": {
                    "lang": "akk-x-neoass",
                    "form": "ina"
                  }
                },
                {
                  "node": "l",
                  "frag": "ur-kiš",
                  "id": "P335555.l04c85",
                  "ref": "P335555.16.4",
                  "inst": "%akk-x-neoass:ur-kiš=",
                  "f": {
                    "lang": "akk-x-neoass",
                    "form": "ur-kiš"
                  }
                },
                {
                  "node": "l",
                  "frag": "u",
                  "id": "P335555.l04c86",
                  "ref": "P335555.16.5",
                  "inst": "%akk-x-neoass:u=",
                  "f": {
                    "lang": "akk-x-neoass",
                    "form": "u"
                  }
                },
                {
                  "node": "l",
                  "frag": "ma-⸢ti⸣-[ma]",
                  "id": "P335555.l04c87",
                  "ref": "P335555.16.6",
                  "inst": "%akk-x-neoass:ma-ti-ma=",
                  "f": {
                    "lang": "akk-x-neoass",
                    "form": "ma-ti-ma"
                  }
                },
                {
                  "node": "d",
                  "type": "line-start",
                  "ref": "P335555.17",
                  "n": "13",
                  "label": "o 13"
                },
                {
                  "node": "l",
                  "frag": "i-zaq-qu-pa-an-ni",
                  "id": "P335555.l04c88",
                  "ref": "P335555.17.1",
                  "inst": "%akk-x-neoass:i-zaq-qu-pa-an-ni=",
                  "f": {
                    "lang": "akk-x-neoass",
                    "form": "i-zaq-qu-pa-an-ni"
                  }
                },
                {
                  "node": "l",
                  "frag": "[GIL-u-ni]",
                  "id": "P335555.l04c89",
                  "ref": "P335555.17.2",
                  "inst": "%akk-x-neoass:GIL-u-ni=",
                  "f": {
                    "lang": "akk-x-neoass",
                    "form": "GIL-u-ni"
                  }
                },
                {
                  "node": "d",
                  "type": "line-start",
                  "ref": "P335555.18",
                  "n": "14",
                  "label": "o 14"
                },
                {
                  "node": "l",
                  "frag": "⸢lu⸣-u",
                  "id": "P335555.l04c8a",
                  "ref": "P335555.18.1",
                  "inst": "%akk-x-neoass:lu-u=",
                  "f": {
                    "lang": "akk-x-neoass",
                    "form": "lu-u"
                  }
                },
                {
                  "node": "l",
                  "frag": "LU₂-MEŠ-e",
                  "id": "P335555.l04c8b",
                  "ref": "P335555.18.2",
                  "inst": "%akk-x-neoass:LU₂-MEŠ-e=",
                  "f": {
                    "lang": "akk-x-neoass",
                    "form": "LU₂-MEŠ-e"
                  }
                },
                {
                  "node": "l",
                  "frag": "[an-nu-te]",
                  "id": "P335555.l04c8c",
                  "ref": "P335555.18.3",
                  "inst": "%akk-x-neoass:an-nu-te=",
                  "f": {
                    "lang": "akk-x-neoass",
                    "form": "an-nu-te"
                  }
                },
                {
                  "node": "d",
                  "type": "nonx",
                  "ref": "P335555.19",
                  "strict": "0",
                  "extent": "rest",
                  "state": "missing"
                },
                {
                  "node": "d",
                  "subtype": "reverse",
                  "type": "reverse",
                  "ref": "P335555.r.20",
                  "label": "r"
                },
                {
                  "node": "d",
                  "type": "nonx",
                  "ref": "P335555.21",
                  "strict": "0",
                  "extent": "beginning",
                  "state": "missing"
                },
                {
                  "node": "d",
                  "type": "line-start",
                  "ref": "P335555.22",
                  "n": "1'",
                  "label": "r 1'"
                },
                {
                  "node": "l",
                  "frag": "[x",
                  "id": "P335555.l04c8d",
                  "ref": "P335555.22.1",
                  "inst": "%akk-x-neoass:x=",
                  "f": {
                    "lang": "akk-x-neoass",
                    "form": "x"
                  }
                },
                {
                  "node": "l",
                  "frag": "x",
                  "id": "P335555.l04c8e",
                  "ref": "P335555.22.2",
                  "inst": "%akk-x-neoass:x=",
                  "f": {
                    "lang": "akk-x-neoass",
                    "form": "x"
                  }
                },
                {
                  "node": "l",
                  "frag": "x",
                  "id": "P335555.l04c8f",
                  "ref": "P335555.22.3",
                  "inst": "%akk-x-neoass:x=",
                  "f": {
                    "lang": "akk-x-neoass",
                    "form": "x"
                  }
                },
                {
                  "node": "l",
                  "frag": "x]",
                  "id": "P335555.l04c90",
                  "ref": "P335555.22.4",
                  "inst": "%akk-x-neoass:x=",
                  "f": {
                    "lang": "akk-x-neoass",
                    "form": "x"
                  }
                },
                {
                  "node": "l",
                  "frag": "⸢mu⸣-mu-⸢šu⸣-[nu",
                  "id": "P335555.l04c91",
                  "ref": "P335555.22.5",
                  "inst": "%akk-x-neoass:mu-mu-šu-nu=",
                  "f": {
                    "lang": "akk-x-neoass",
                    "form": "mu-mu-šu-nu"
                  }
                },
                {
                  "node": "l",
                  "frag": "x",
                  "id": "P335555.l04c92",
                  "ref": "P335555.22.6",
                  "inst": "%akk-x-neoass:x=",
                  "f": {
                    "lang": "akk-x-neoass",
                    "form": "x"
                  }
                },
                {
                  "node": "l",
                  "frag": "x]",
                  "id": "P335555.l04c93",
                  "ref": "P335555.22.7",
                  "inst": "%akk-x-neoass:x=",
                  "f": {
                    "lang": "akk-x-neoass",
                    "form": "x"
                  }
                },
                {
                  "node": "d",
                  "type": "line-start",
                  "ref": "P335555.23",
                  "n": "2'",
                  "label": "r 2'"
                },
                {
                  "node": "l",
                  "frag": "[x",
                  "id": "P335555.l04c94",
                  "ref": "P335555.23.1",
                  "inst": "%akk-x-neoass:x=",
                  "f": {
                    "lang": "akk-x-neoass",
                    "form": "x"
                  }
                },
                {
                  "node": "l",
                  "frag": "x",
                  "id": "P335555.l04c95",
                  "ref": "P335555.23.2",
                  "inst": "%akk-x-neoass:x=",
                  "f": {
                    "lang": "akk-x-neoass",
                    "form": "x"
                  }
                },
                {
                  "node": "l",
                  "frag": "x]+⸢x⸣-li-⸢me⸣",
                  "id": "P335555.l04c96",
                  "ref": "P335555.23.3",
                  "inst": "%akk-x-neoass:x+x-li-me=",
                  "f": {
                    "lang": "akk-x-neoass",
                    "form": "x+x-li-me"
                  }
                },
                {
                  "node": "l",
                  "frag": "[x",
                  "id": "P335555.l04c97",
                  "ref": "P335555.23.4",
                  "inst": "%akk-x-neoass:x=",
                  "f": {
                    "lang": "akk-x-neoass",
                    "form": "x"
                  }
                },
                {
                  "node": "l",
                  "frag": "x",
                  "id": "P335555.l04c98",
                  "ref": "P335555.23.5",
                  "inst": "%akk-x-neoass:x=",
                  "f": {
                    "lang": "akk-x-neoass",
                    "form": "x"
                  }
                },
                {
                  "node": "l",
                  "frag": "x]",
                  "id": "P335555.l04c99",
                  "ref": "P335555.23.6",
                  "inst": "%akk-x-neoass:x=",
                  "f": {
                    "lang": "akk-x-neoass",
                    "form": "x"
                  }
                },
                {
                  "node": "d",
                  "type": "line-start",
                  "ref": "P335555.24",
                  "n": "3'",
                  "label": "r 3'"
                },
                {
                  "node": "l",
                  "frag": "[x",
                  "id": "P335555.l04c9a",
                  "ref": "P335555.24.1",
                  "inst": "%akk-x-neoass:x=",
                  "f": {
                    "lang": "akk-x-neoass",
                    "form": "x"
                  }
                },
                {
                  "node": "l",
                  "frag": "x",
                  "id": "P335555.l04c9b",
                  "ref": "P335555.24.2",
                  "inst": "%akk-x-neoass:x=",
                  "f": {
                    "lang": "akk-x-neoass",
                    "form": "x"
                  }
                },
                {
                  "node": "l",
                  "frag": "x",
                  "id": "P335555.l04c9c",
                  "ref": "P335555.24.3",
                  "inst": "%akk-x-neoass:x=",
                  "f": {
                    "lang": "akk-x-neoass",
                    "form": "x"
                  }
                },
                {
                  "node": "l",
                  "frag": "x",
                  "id": "P335555.l04c9d",
                  "ref": "P335555.24.4",
                  "inst": "%akk-x-neoass:x=",
                  "f": {
                    "lang": "akk-x-neoass",
                    "form": "x"
                  }
                },
                {
                  "node": "l",
                  "frag": "x]",
                  "id": "P335555.l04c9e",
                  "ref": "P335555.24.5",
                  "inst": "%akk-x-neoass:x=",
                  "f": {
                    "lang": "akk-x-neoass",
                    "form": "x"
                  }
                },
                {
                  "node": "l",
                  "frag": "10",
                  "id": "P335555.l04c9f",
                  "ref": "P335555.24.6",
                  "inst": "%akk-x-neoass:10=",
                  "f": {
                    "lang": "akk-x-neoass",
                    "form": "10"
                  }
                },
                {
                  "node": "l",
                  "frag": "MA.NA",
                  "id": "P335555.l04ca0",
                  "ref": "P335555.24.7",
                  "inst": "%akk-x-neoass:MA.NA=",
                  "f": {
                    "lang": "akk-x-neoass",
                    "form": "MA.NA"
                  }
                },
                {
                  "node": "l",
                  "frag": "⸢KUG⸣.[UD",
                  "id": "P335555.l04ca1",
                  "ref": "P335555.24.8",
                  "inst": "%akk-x-neoass:KUG.UD=",
                  "f": {
                    "lang": "akk-x-neoass",
                    "form": "KUG.UD"
                  }
                },
                {
                  "node": "l",
                  "frag": "LUH-u]",
                  "id": "P335555.l04ca2",
                  "ref": "P335555.24.9",
                  "inst": "%akk-x-neoass:LUH-u=",
                  "f": {
                    "lang": "akk-x-neoass",
                    "form": "LUH-u"
                  }
                },
                {
                  "node": "d",
                  "type": "line-start",
                  "ref": "P335555.25",
                  "n": "4'",
                  "label": "r 4'"
                },
                {
                  "node": "l",
                  "frag": "[x]",
                  "id": "P335555.l04ca3",
                  "ref": "P335555.25.1",
                  "inst": "%akk-x-neoass:x=",
                  "f": {
                    "lang": "akk-x-neoass",
                    "form": "x"
                  }
                },
                {
                  "node": "l",
                  "frag": "MA.NA",
                  "id": "P335555.l04ca4",
                  "ref": "P335555.25.2",
                  "inst": "%akk-x-neoass:MA.NA=",
                  "f": {
                    "lang": "akk-x-neoass",
                    "form": "MA.NA"
                  }
                },
                {
                  "node": "l",
                  "frag": "KUG.GI",
                  "id": "P335555.l04ca5",
                  "ref": "P335555.25.3",
                  "inst": "%akk-x-neoass:KUG.GI=",
                  "f": {
                    "lang": "akk-x-neoass",
                    "form": "KUG.GI"
                  }
                },
                {
                  "node": "l",
                  "frag": "sak-ru",
                  "id": "P335555.l04ca6",
                  "ref": "P335555.25.4",
                  "inst": "%akk-x-neoass:sak-ru=",
                  "f": {
                    "lang": "akk-x-neoass",
                    "form": "sak-ru"
                  }
                },
                {
                  "node": "l",
                  "frag": "ina",
                  "id": "P335555.l04ca7",
                  "ref": "P335555.25.5",
                  "inst": "%akk-x-neoass:ina=",
                  "f": {
                    "lang": "akk-x-neoass",
                    "form": "ina"
                  }
                },
                {
                  "node": "l",
                  "frag": "bur-ki",
                  "id": "P335555.l04ca8",
                  "ref": "P335555.25.6",
                  "inst": "%akk-x-neoass:bur-ki=",
                  "f": {
                    "lang": "akk-x-neoass",
                    "form": "bur-ki"
                  }
                },
                {
                  "node": "d",
                  "type": "line-start",
                  "ref": "P335555.26",
                  "n": "5'",
                  "label": "r 5'"
                },
                {
                  "node": "l",
                  "frag": "{d}NIN.URTA",
                  "id": "P335555.l04ca9",
                  "ref": "P335555.26.1",
                  "inst": "%akk-x-neoass:{d}NIN.URTA=",
                  "f": {
                    "lang": "akk-x-neoass",
                    "form": "{d}NIN.URTA"
                  }
                },
                {
                  "node": "l",
                  "frag": "a-šib",
                  "id": "P335555.l04caa",
                  "ref": "P335555.26.2",
                  "inst": "%akk-x-neoass:a-šib=",
                  "f": {
                    "lang": "akk-x-neoass",
                    "form": "a-šib"
                  }
                },
                {
                  "node": "l",
                  "frag": "{uru}kal₃-hi",
                  "id": "P335555.l04cab",
                  "ref": "P335555.26.3",
                  "inst": "%akk-x-neoass:{URU}kal₃-hi=",
                  "f": {
                    "lang": "akk-x-neoass",
                    "form": "{URU}kal₃-hi"
                  }
                },
                {
                  "node": "l",
                  "frag": "GAR-an",
                  "id": "P335555.l04cac",
                  "ref": "P335555.26.4",
                  "inst": "%akk-x-neoass:GAR-an=",
                  "f": {
                    "lang": "akk-x-neoass",
                    "form": "GAR-an"
                  }
                },
                {
                  "node": "d",
                  "type": "line-start",
                  "ref": "P335555.27",
                  "n": "6'",
                  "label": "r 6'"
                },
                {
                  "node": "l",
                  "frag": "kas-pu",
                  "id": "P335555.l04cad",
                  "ref": "P335555.27.1",
                  "inst": "%akk-x-neoass:kas-pu=",
                  "f": {
                    "lang": "akk-x-neoass",
                    "form": "kas-pu"
                  }
                },
                {
                  "node": "l",
                  "frag": "a-na",
                  "id": "P335555.l04cae",
                  "ref": "P335555.27.2",
                  "inst": "%akk-x-neoass:a-na=",
                  "f": {
                    "lang": "akk-x-neoass",
                    "form": "a-na"
                  }
                },
                {
                  "node": "l",
                  "frag": "10-a-te",
                  "id": "P335555.l04caf",
                  "ref": "P335555.27.3",
                  "inst": "%akk-x-neoass:10-a-te=",
                  "f": {
                    "lang": "akk-x-neoass",
                    "form": "10-a-te"
                  }
                },
                {
                  "node": "l",
                  "frag": "a-na",
                  "id": "P335555.l04cb0",
                  "ref": "P335555.27.4",
                  "inst": "%akk-x-neoass:a-na=",
                  "f": {
                    "lang": "akk-x-neoass",
                    "form": "a-na"
                  }
                },
                {
                  "node": "l",
                  "frag": "EN-MEŠ-šu₂",
                  "id": "P335555.l04cb1",
                  "ref": "P335555.27.5",
                  "inst": "%akk-x-neoass:EN-MEŠ-šu₂=",
                  "f": {
                    "lang": "akk-x-neoass",
                    "form": "EN-MEŠ-šu₂"
                  }
                },
                {
                  "node": "l",
                  "frag": "GUR-ra",
                  "id": "P335555.l04cb2",
                  "ref": "P335555.27.6",
                  "inst": "%akk-x-neoass:GUR-ra=",
                  "f": {
                    "lang": "akk-x-neoass",
                    "form": "GUR-ra"
                  }
                },
                {
                  "node": "d",
                  "type": "line-start",
                  "ref": "P335555.28",
                  "n": "7'",
                  "label": "r 7'"
                },
                {
                  "node": "l",
                  "frag": "ina",
                  "id": "P335555.l04cb3",
                  "ref": "P335555.28.1",
                  "inst": "%akk-x-neoass:ina=",
                  "f": {
                    "lang": "akk-x-neoass",
                    "form": "ina"
                  }
                },
                {
                  "node": "l",
                  "frag": "de-ni-šu₂",
                  "id": "P335555.l04cb4",
                  "ref": "P335555.28.2",
                  "inst": "%akk-x-neoass:de-ni-šu₂=",
                  "f": {
                    "lang": "akk-x-neoass",
                    "form": "de-ni-šu₂"
                  }
                },
                {
                  "node": "l",
                  "frag": "DUG₄.DUG₄-ma",
                  "id": "P335555.l04cb5",
                  "ref": "P335555.28.3",
                  "inst": "%akk-x-neoass:DUG₄.DUG₄-ma=",
                  "f": {
                    "lang": "akk-x-neoass",
                    "form": "DUG₄.DUG₄-ma"
                  }
                },
                {
                  "node": "l",
                  "frag": "la",
                  "id": "P335555.l04cb6",
                  "ref": "P335555.28.4",
                  "inst": "%akk-x-neoass:la=",
                  "f": {
                    "lang": "akk-x-neoass",
                    "form": "la"
                  }
                },
                {
                  "node": "l",
                  "frag": "i-laq-qi₂",
                  "id": "P335555.l04cb7",
                  "ref": "P335555.28.5",
                  "inst": "%akk-x-neoass:i-laq-qi₂=",
                  "f": {
                    "lang": "akk-x-neoass",
                    "form": "i-laq-qi₂"
                  }
                },
                {
                  "node": "d",
                  "type": "line-start",
                  "ref": "P335555.29",
                  "n": "8'",
                  "label": "r 8'"
                },
                {
                  "node": "l",
                  "frag": "ṣib-ti",
                  "id": "P335555.l04cb8",
                  "ref": "P335555.29.1",
                  "inst": "%akk-x-neoass:ṣib-ti=",
                  "f": {
                    "lang": "akk-x-neoass",
                    "form": "ṣib-ti"
                  }
                },
                {
                  "node": "l",
                  "frag": "be-en-ni",
                  "id": "P335555.l04cb9",
                  "ref": "P335555.29.2",
                  "inst": "%akk-x-neoass:be-en-ni=",
                  "f": {
                    "lang": "akk-x-neoass",
                    "form": "be-en-ni"
                  }
                },
                {
                  "node": "l",
                  "frag": "a-na",
                  "id": "P335555.l04cba",
                  "ref": "P335555.29.3",
                  "inst": "%akk-x-neoass:a-na=",
                  "f": {
                    "lang": "akk-x-neoass",
                    "form": "a-na"
                  }
                },
                {
                  "node": "l",
                  "frag": "01-me",
                  "id": "P335555.l04cbb",
                  "ref": "P335555.29.4",
                  "inst": "%akk-x-neoass:01-me=",
                  "f": {
                    "lang": "akk-x-neoass",
                    "form": "01-me"
                  }
                },
                {
                  "node": "l",
                  "frag": "UD-me",
                  "id": "P335555.l04cbc",
                  "ref": "P335555.29.5",
                  "inst": "%akk-x-neoass:UD-me=",
                  "f": {
                    "lang": "akk-x-neoass",
                    "form": "UD-me"
                  }
                },
                {
                  "node": "l",
                  "frag": "sa-ar-tu",
                  "id": "P335555.l04cbd",
                  "ref": "P335555.29.6",
                  "inst": "%akk-x-neoass:sa-ar-tu=",
                  "f": {
                    "lang": "akk-x-neoass",
                    "form": "sa-ar-tu"
                  }
                },
                {
                  "node": "d",
                  "type": "line-start",
                  "ref": "P335555.30",
                  "n": "9'",
                  "label": "r 9'"
                },
                {
                  "node": "l",
                  "frag": "a-na",
                  "id": "P335555.l04cbe",
                  "ref": "P335555.30.1",
                  "inst": "%akk-x-neoass:a-na=",
                  "f": {
                    "lang": "akk-x-neoass",
                    "form": "a-na"
                  }
                },
                {
                  "node": "l",
                  "frag": "kal₃",
                  "id": "P335555.l04cbf",
                  "ref": "P335555.30.2",
                  "inst": "%akk-x-neoass:kal₃=",
                  "f": {
                    "lang": "akk-x-neoass",
                    "form": "kal₃"
                  }
                },
                {
                  "node": "l",
                  "frag": "MU.AN.NA-MEŠ",
                  "id": "P335555.l04cc0",
                  "ref": "P335555.30.3",
                  "inst": "%akk-x-neoass:MU.AN.NA-MEŠ=",
                  "f": {
                    "lang": "akk-x-neoass",
                    "form": "MU.AN.NA-MEŠ"
                  }
                },
                {
                  "node": "d",
                  "type": "nonx",
                  "ref": "P335555.31",
                  "strict": "1",
                  "extent": "n",
                  "scope": "line",
                  "state": "ruling"
                },
                {
                  "node": "d",
                  "type": "line-start",
                  "ref": "P335555.32",
                  "n": "10'",
                  "label": "r 10'"
                },
                {
                  "node": "l",
                  "frag": "IGI",
                  "id": "P335555.l04cc1",
                  "ref": "P335555.32.1",
                  "inst": "%akk-x-neoass:IGI=",
                  "f": {
                    "lang": "akk-x-neoass",
                    "form": "IGI"
                  }
                },
                {
                  "node": "l",
                  "frag": "{1}{d}PA-MU-PAB",
                  "id": "P335555.l04cc2",
                  "ref": "P335555.32.2",
                  "inst": "%akk-x-neoass:{1}{d}PA-MU-PAB=",
                  "f": {
                    "lang": "akk-x-neoass",
                    "form": "{1}{d}PA-MU-PAB"
                  }
                },
                {
                  "node": "l",
                  "frag": "{lu₂}SANGA",
                  "id": "P335555.l04cc3",
                  "ref": "P335555.32.3",
                  "inst": "%akk-x-neoass:{LU₂}SANGA=",
                  "f": {
                    "lang": "akk-x-neoass",
                    "form": "{LU₂}SANGA"
                  }
                },
                {
                  "node": "l",
                  "frag": "ša",
                  "id": "P335555.l04cc4",
                  "ref": "P335555.32.4",
                  "inst": "%akk-x-neoass:ša=",
                  "f": {
                    "lang": "akk-x-neoass",
                    "form": "ša"
                  }
                },
                {
                  "node": "l",
                  "frag": "{d}PA",
                  "id": "P335555.l04cc5",
                  "ref": "P335555.32.5",
                  "inst": "%akk-x-neoass:{d}PA=",
                  "f": {
                    "lang": "akk-x-neoass",
                    "form": "{d}PA"
                  }
                },
                {
                  "node": "d",
                  "type": "line-start",
                  "ref": "P335555.33",
                  "n": "11'",
                  "label": "r 11'"
                },
                {
                  "node": "l",
                  "frag": "IGI",
                  "id": "P335555.l04cc6",
                  "ref": "P335555.33.1",
                  "inst": "%akk-x-neoass:IGI=",
                  "f": {
                    "lang": "akk-x-neoass",
                    "form": "IGI"
                  }
                },
                {
                  "node": "l",
                  "frag": "{1}aš-šur-LUGAL-PAB",
                  "id": "P335555.l04cc7",
                  "ref": "P335555.33.2",
                  "inst": "%akk-x-neoass:{1}aš-šur-LUGAL-PAB=",
                  "f": {
                    "lang": "akk-x-neoass",
                    "form": "{1}aš-šur-LUGAL-PAB"
                  }
                },
                {
                  "node": "l",
                  "frag": "{lu₂}mu-kil-{kuš}PA",
                  "id": "P335555.l04cc8",
                  "ref": "P335555.33.3",
                  "inst": "%akk-x-neoass:{LU₂}mu-kil-{KUŠ}PA=",
                  "f": {
                    "lang": "akk-x-neoass",
                    "form": "{LU₂}mu-kil-{KUŠ}PA"
                  }
                },
                {
                  "node": "l",
                  "frag": "ša₂",
                  "id": "P335555.l04cc9",
                  "ref": "P335555.33.4",
                  "inst": "%akk-x-neoass:ša₂=",
                  "f": {
                    "lang": "akk-x-neoass",
                    "form": "ša₂"
                  }
                },
                {
                  "node": "l",
                  "frag": "{lu₂}GAL-SAG",
                  "id": "P335555.l04cca",
                  "ref": "P335555.33.5",
                  "inst": "%akk-x-neoass:{LU₂}GAL-SAG=",
                  "f": {
                    "lang": "akk-x-neoass",
                    "form": "{LU₂}GAL-SAG"
                  }
                },
                {
                  "node": "d",
                  "type": "line-start",
                  "ref": "P335555.34",
                  "n": "12'",
                  "label": "r 12'"
                },
                {
                  "node": "l",
                  "frag": "IGI",
                  "id": "P335555.l04ccb",
                  "ref": "P335555.34.1",
                  "inst": "%akk-x-neoass:IGI=",
                  "f": {
                    "lang": "akk-x-neoass",
                    "form": "IGI"
                  }
                },
                {
                  "node": "l",
                  "frag": "{1}ṣil-EN-dal-li",
                  "id": "P335555.l04ccc",
                  "ref": "P335555.34.2",
                  "inst": "%akk-x-neoass:{1}ṣil-EN-dal-li=",
                  "f": {
                    "lang": "akk-x-neoass",
                    "form": "{1}ṣil-EN-dal-li"
                  }
                },
                {
                  "node": "l",
                  "frag": "{lu₂}ša₂-UGU-E₂",
                  "id": "P335555.l04ccd",
                  "ref": "P335555.34.3",
                  "inst": "%akk-x-neoass:{LU₂}ša₂-UGU-E₂=",
                  "f": {
                    "lang": "akk-x-neoass",
                    "form": "{LU₂}ša₂-UGU-E₂"
                  }
                },
                {
                  "node": "d",
                  "type": "line-start",
                  "ref": "P335555.35",
                  "n": "13'",
                  "label": "r 13'"
                },
                {
                  "node": "l",
                  "frag": "IGI",
                  "id": "P335555.l04cce",
                  "ref": "P335555.35.1",
                  "inst": "%akk-x-neoass:IGI=",
                  "f": {
                    "lang": "akk-x-neoass",
                    "form": "IGI"
                  }
                },
                {
                  "node": "l",
                  "frag": "{1}ARAD-15",
                  "id": "P335555.l04ccf",
                  "ref": "P335555.35.2",
                  "inst": "%akk-x-neoass:{1}ARAD-15=",
                  "f": {
                    "lang": "akk-x-neoass",
                    "form": "{1}ARAD-15"
                  }
                },
                {
                  "node": "l",
                  "frag": "{lu₂}SANGA",
                  "id": "P335555.l04cd0",
                  "ref": "P335555.35.3",
                  "inst": "%akk-x-neoass:{LU₂}SANGA=",
                  "f": {
                    "lang": "akk-x-neoass",
                    "form": "{LU₂}SANGA"
                  }
                },
                {
                  "node": "l",
                  "frag": "ša",
                  "id": "P335555.l04cd1",
                  "ref": "P335555.35.4",
                  "inst": "%akk-x-neoass:ša=",
                  "f": {
                    "lang": "akk-x-neoass",
                    "form": "ša"
                  }
                },
                {
                  "node": "l",
                  "frag": "E₂-kid-⸢mu-ri⸣",
                  "id": "P335555.l04cd2",
                  "ref": "P335555.35.5",
                  "inst": "%akk-x-neoass:E₂-kid-mu-ri=",
                  "f": {
                    "lang": "akk-x-neoass",
                    "form": "E₂-kid-mu-ri"
                  }
                },
                {
                  "node": "d",
                  "type": "line-start",
                  "ref": "P335555.36",
                  "n": "14'",
                  "label": "r 14'"
                },
                {
                  "node": "l",
                  "frag": "IGI",
                  "id": "P335555.l04cd3",
                  "ref": "P335555.36.1",
                  "inst": "%akk-x-neoass:IGI=",
                  "f": {
                    "lang": "akk-x-neoass",
                    "form": "IGI"
                  }
                },
                {
                  "node": "l",
                  "frag": "{1}sa-lim-GIN",
                  "id": "P335555.l04cd4",
                  "ref": "P335555.36.2",
                  "inst": "%akk-x-neoass:{1}sa-lim-GIN=",
                  "f": {
                    "lang": "akk-x-neoass",
                    "form": "{1}sa-lim-GIN"
                  }
                },
                {
                  "node": "l",
                  "frag": "{lu₂}A.BA",
                  "id": "P335555.l04cd5",
                  "ref": "P335555.36.3",
                  "inst": "%akk-x-neoass:{LU₂}A.BA=",
                  "f": {
                    "lang": "akk-x-neoass",
                    "form": "{LU₂}A.BA"
                  }
                },
                {
                  "node": "d",
                  "type": "line-start",
                  "ref": "P335555.37",
                  "n": "15'",
                  "label": "r 15'"
                },
                {
                  "node": "l",
                  "frag": "IGI",
                  "id": "P335555.l04cd6",
                  "ref": "P335555.37.1",
                  "inst": "%akk-x-neoass:IGI=",
                  "f": {
                    "lang": "akk-x-neoass",
                    "form": "IGI"
                  }
                },
                {
                  "node": "l",
                  "frag": "{1}rem₂-a-ni-{d}UTU",
                  "id": "P335555.l04cd7",
                  "ref": "P335555.37.2",
                  "inst": "%akk-x-neoass:{1}rem₂-a-ni-{d}UTU=",
                  "f": {
                    "lang": "akk-x-neoass",
                    "form": "{1}rem₂-a-ni-{d}UTU"
                  }
                },
                {
                  "node": "d",
                  "frag": ":.",
                  "type": "punct",
                  "ref": "P335555.37.3",
                  "lang": "akk-x-neoass",
                  "gdl_delim": " "
                },
                {
                  "node": "l",
                  "frag": "ša",
                  "id": "P335555.l04cd8",
                  "ref": "P335555.37.4",
                  "inst": "%akk-x-neoass:ša=",
                  "f": {
                    "lang": "akk-x-neoass",
                    "form": "ša"
                  }
                },
                {
                  "node": "l",
                  "frag": "{lu₂}GAL-E₂.GAL",
                  "id": "P335555.l04cd9",
                  "ref": "P335555.37.5",
                  "inst": "%akk-x-neoass:{LU₂}GAL-E₂.GAL=",
                  "f": {
                    "lang": "akk-x-neoass",
                    "form": "{LU₂}GAL-E₂.GAL"
                  }
                },
                {
                  "node": "d",
                  "type": "line-start",
                  "ref": "P335555.38",
                  "n": "16'",
                  "label": "r 16'"
                },
                {
                  "node": "l",
                  "frag": "IGI",
                  "id": "P335555.l04cda",
                  "ref": "P335555.38.1",
                  "inst": "%akk-x-neoass:IGI=",
                  "f": {
                    "lang": "akk-x-neoass",
                    "form": "IGI"
                  }
                },
                {
                  "node": "l",
                  "frag": "{1}da-ni-ni",
                  "id": "P335555.l04cdb",
                  "ref": "P335555.38.2",
                  "inst": "%akk-x-neoass:{1}da-ni-ni=",
                  "f": {
                    "lang": "akk-x-neoass",
                    "form": "{1}da-ni-ni"
                  }
                },
                {
                  "node": "l",
                  "frag": "{1}pu-u-li",
                  "id": "P335555.l04cdc",
                  "ref": "P335555.38.3",
                  "inst": "%akk-x-neoass:{1}pu-u-li=",
                  "f": {
                    "lang": "akk-x-neoass",
                    "form": "{1}pu-u-li"
                  }
                },
                {
                  "node": "d",
                  "subtype": "right",
                  "type": "right",
                  "ref": "P335555.r.e..39",
                  "label": "r.e."
                },
                {
                  "node": "d",
                  "type": "line-start",
                  "ref": "P335555.40",
                  "n": "17",
                  "label": "r.e. 17"
                },
                {
                  "node": "l",
                  "frag": "IGI",
                  "id": "P335555.l04cdd",
                  "ref": "P335555.40.1",
                  "inst": "%akk-x-neoass:IGI=",
                  "f": {
                    "lang": "akk-x-neoass",
                    "form": "IGI"
                  }
                },
                {
                  "node": "l",
                  "frag": "{1}SUHUŠ-{d}PA",
                  "id": "P335555.l04cde",
                  "ref": "P335555.40.2",
                  "inst": "%akk-x-neoass:{1}SUHUŠ-{d}PA=",
                  "f": {
                    "lang": "akk-x-neoass",
                    "form": "{1}SUHUŠ-{d}PA"
                  }
                },
                {
                  "node": "l",
                  "frag": "{lu₂}GAL-E₂.GAL",
                  "id": "P335555.l04cdf",
                  "ref": "P335555.40.3",
                  "inst": "%akk-x-neoass:{LU₂}GAL-E₂.GAL=",
                  "f": {
                    "lang": "akk-x-neoass",
                    "form": "{LU₂}GAL-E₂.GAL"
                  }
                },
                {
                  "node": "d",
                  "type": "line-start",
                  "ref": "P335555.41",
                  "n": "18",
                  "label": "r.e. 18"
                },
                {
                  "node": "l",
                  "frag": "IGI",
                  "id": "P335555.l04ce0",
                  "ref": "P335555.41.1",
                  "inst": "%akk-x-neoass:IGI=",
                  "f": {
                    "lang": "akk-x-neoass",
                    "form": "IGI"
                  }
                },
                {
                  "node": "l",
                  "frag": "{1}du-du-u",
                  "id": "P335555.l04ce1",
                  "ref": "P335555.41.2",
                  "inst": "%akk-x-neoass:{1}du-du-u=",
                  "f": {
                    "lang": "akk-x-neoass",
                    "form": "{1}du-du-u"
                  }
                },
                {
                  "node": "l",
                  "frag": "{lu₂}lah-hi-nu",
                  "id": "P335555.l04ce2",
                  "ref": "P335555.41.3",
                  "inst": "%akk-x-neoass:{LU₂}lah-hi-nu=",
                  "f": {
                    "lang": "akk-x-neoass",
                    "form": "{LU₂}lah-hi-nu"
                  }
                },
                {
                  "node": "l",
                  "frag": "ša",
                  "id": "P335555.l04ce3",
                  "ref": "P335555.41.4",
                  "inst": "%akk-x-neoass:ša=",
                  "f": {
                    "lang": "akk-x-neoass",
                    "form": "ša"
                  }
                },
                {
                  "node": "l",
                  "frag": "{d}[x",
                  "id": "P335555.l04ce4",
                  "ref": "P335555.41.5",
                  "inst": "%akk-x-neoass:{d}x=",
                  "f": {
                    "lang": "akk-x-neoass",
                    "form": "{d}x"
                  }
                },
                {
                  "node": "l",
                  "frag": "x",
                  "id": "P335555.l04ce5",
                  "ref": "P335555.41.6",
                  "inst": "%akk-x-neoass:x=",
                  "f": {
                    "lang": "akk-x-neoass",
                    "form": "x"
                  }
                },
                {
                  "node": "l",
                  "frag": "x",
                  "id": "P335555.l04ce6",
                  "ref": "P335555.41.7",
                  "inst": "%akk-x-neoass:x=",
                  "f": {
                    "lang": "akk-x-neoass",
                    "form": "x"
                  }
                },
                {
                  "node": "l",
                  "frag": "x]",
                  "id": "P335555.l04ce7",
                  "ref": "P335555.41.8",
                  "inst": "%akk-x-neoass:x=",
                  "f": {
                    "lang": "akk-x-neoass",
                    "form": "x"
                  }
                },
                {
                  "node": "d",
                  "type": "line-start",
                  "ref": "P335555.42",
                  "n": "19",
                  "label": "r.e. 19"
                },
                {
                  "node": "l",
                  "frag": "IGI",
                  "id": "P335555.l04ce8",
                  "ref": "P335555.42.1",
                  "inst": "%akk-x-neoass:IGI=",
                  "f": {
                    "lang": "akk-x-neoass",
                    "form": "IGI"
                  }
                },
                {
                  "node": "l",
                  "frag": "{1}na-ni-[i]",
                  "id": "P335555.l04ce9",
                  "ref": "P335555.42.2",
                  "inst": "%akk-x-neoass:{1}na-ni-i=",
                  "f": {
                    "lang": "akk-x-neoass",
                    "form": "{1}na-ni-i"
                  }
                },
                {
                  "node": "l",
                  "frag": "{lu₂}:.",
                  "id": "P335555.l04cea",
                  "ref": "P335555.42.3",
                  "inst": "%akk-x-neoass:{LU₂}=",
                  "f": {
                    "lang": "akk-x-neoass",
                    "form": "{LU₂}"
                  }
                },
                {
                  "node": "l",
                  "frag": "ša",
                  "id": "P335555.l04ceb",
                  "ref": "P335555.42.4",
                  "inst": "%akk-x-neoass:ša=",
                  "f": {
                    "lang": "akk-x-neoass",
                    "form": "ša"
                  }
                },
                {
                  "node": "l",
                  "frag": "{d}[PA]",
                  "id": "P335555.l04cec",
                  "ref": "P335555.42.5",
                  "inst": "%akk-x-neoass:{d}PA=",
                  "f": {
                    "lang": "akk-x-neoass",
                    "form": "{d}PA"
                  }
                },
                {
                  "node": "d",
                  "type": "line-start",
                  "ref": "P335555.43",
                  "n": "20",
                  "label": "r.e. 20"
                },
                {
                  "node": "l",
                  "frag": "IGI",
                  "id": "P335555.l04ced",
                  "ref": "P335555.43.1",
                  "inst": "%akk-x-neoass:IGI=",
                  "f": {
                    "lang": "akk-x-neoass",
                    "form": "IGI"
                  }
                },
                {
                  "node": "l",
                  "frag": "{1}{d}PA-PAB-MEŠ-SU",
                  "id": "P335555.l04cee",
                  "ref": "P335555.43.2",
                  "inst": "%akk-x-neoass:{1}{d}PA-PAB-MEŠ-SU=",
                  "f": {
                    "lang": "akk-x-neoass",
                    "form": "{1}{d}PA-PAB-MEŠ-SU"
                  }
                },
                {
                  "node": "d",
                  "frag": ":.",
                  "type": "punct",
                  "ref": "P335555.43.3",
                  "lang": "akk-x-neoass",
                  "gdl_delim": " "
                },
                {
                  "node": "l",
                  "frag": "{1}{d}IM-na-[x",
                  "id": "P335555.l04cef",
                  "ref": "P335555.43.4",
                  "inst": "%akk-x-neoass:{1}{d}IM-na-x=",
                  "f": {
                    "lang": "akk-x-neoass",
                    "form": "{1}{d}IM-na-x"
                  }
                },
                {
                  "node": "l",
                  "frag": "x]",
                  "id": "P335555.l04cf0",
                  "ref": "P335555.43.5",
                  "inst": "%akk-x-neoass:x=",
                  "f": {
                    "lang": "akk-x-neoass",
                    "form": "x"
                  }
                },
                {
                  "node": "d",
                  "subtype": "edge",
                  "type": "edge",
                  "ref": "P335555.e..44",
                  "label": "e."
                },
                {
                  "node": "d",
                  "type": "line-start",
                  "ref": "P335555.45",
                  "n": "1",
                  "label": "e. 1"
                },
                {
                  "node": "l",
                  "frag": "{iti}ŠU",
                  "id": "P335555.l04cf1",
                  "ref": "P335555.45.1",
                  "inst": "%akk-x-neoass:{ITI}ŠU=",
                  "f": {
                    "lang": "akk-x-neoass",
                    "form": "{ITI}ŠU"
                  }
                },
                {
                  "node": "l",
                  "frag": "UD-17-KAM₂",
                  "id": "P335555.l04cf2",
                  "ref": "P335555.45.2",
                  "inst": "%akk-x-neoass:UD-17-KAM₂=",
                  "f": {
                    "lang": "akk-x-neoass",
                    "form": "UD-17-KAM₂"
                  }
                },
                {
                  "node": "l",
                  "frag": "lim-mu",
                  "id": "P335555.l04cf3",
                  "ref": "P335555.45.3",
                  "inst": "%akk-x-neoass:lim-mu=",
                  "f": {
                    "lang": "akk-x-neoass",
                    "form": "lim-mu"
                  }
                },
                {
                  "node": "l",
                  "frag": "{1}{d}za-ba₄-ba₄-⸢SU⸣",
                  "id": "P335555.l04cf4",
                  "ref": "P335555.45.4",
                  "inst": "%akk-x-neoass:{1}{d}za-ba₄-ba₄-SU=",
                  "f": {
                    "lang": "akk-x-neoass",
                    "form": "{1}{d}za-ba₄-ba₄-SU"
                  }
                },
                {
                  "node": "d",
                  "type": "line-start",
                  "ref": "P335555.46",
                  "n": "2",
                  "label": "e. 2"
                },
                {
                  "node": "l",
                  "frag": "IGI",
                  "id": "P335555.l04cf5",
                  "ref": "P335555.46.1",
                  "inst": "%akk-x-neoass:IGI=",
                  "f": {
                    "lang": "akk-x-neoass",
                    "form": "IGI"
                  }
                },
                {
                  "node": "l",
                  "frag": "{1}ri-ba-a-te",
                  "id": "P335555.l04cf6",
                  "ref": "P335555.46.2",
                  "inst": "%akk-x-neoass:{1}ri-ba-a-te=",
                  "f": {
                    "lang": "akk-x-neoass",
                    "form": "{1}ri-ba-a-te"
                  }
                },
                {
                  "node": "l",
                  "frag": "IGI",
                  "id": "P335555.l04cf7",
                  "ref": "P335555.46.3",
                  "inst": "%akk-x-neoass:IGI=",
                  "f": {
                    "lang": "akk-x-neoass",
                    "form": "IGI"
                  }
                },
                {
                  "node": "l",
                  "frag": "{1}na-aʾ-di-i",
                  "id": "P335555.l04cf8",
                  "ref": "P335555.46.4",
                  "inst": "%akk-x-neoass:{1}na-aʾ-di-i=",
                  "f": {
                    "lang": "akk-x-neoass",
                    "form": "{1}na-aʾ-di-i"
                  }
                },
                {
                  "node": "l",
                  "frag": "IGI",
                  "id": "P335555.l04cf9",
                  "ref": "P335555.46.5",
                  "inst": "%akk-x-neoass:IGI=",
                  "f": {
                    "lang": "akk-x-neoass",
                    "form": "IGI"
                  }
                },
                {
                  "node": "l",
                  "frag": "{1}ṭu-⸢ri⸣-[x",
                  "id": "P335555.l04cfa",
                  "ref": "P335555.46.6",
                  "inst": "%akk-x-neoass:{1}ṭu-ri-x=",
                  "f": {
                    "lang": "akk-x-neoass",
                    "form": "{1}ṭu-ri-x"
                  }
                },
                {
                  "node": "l",
                  "frag": "x",
                  "id": "P335555.l04cfb",
                  "ref": "P335555.46.7",
                  "inst": "%akk-x-neoass:x=",
                  "f": {
                    "lang": "akk-x-neoass",
                    "form": "x"
                  }
                },
                {
                  "node": "l",
                  "frag": "x]",
                  "id": "P335555.l04cfc",
                  "ref": "P335555.46.8",
                  "inst": "%akk-x-neoass:x=",
                  "f": {
                    "lang": "akk-x-neoass",
                    "form": "x"
                  }
                }
              ]
            }
          ]
        }
      ]
    }
  ]
}
