{
  "type": "cdl",
  "source": "http://oracc.org/saao/saa12",
  "license": "This data is released under the CC0 license",
  "license-url": "https://creativecommons.org/publicdomain/zero/1.0/",
  "more-info": "http://oracc.org/doc/opendata/",
  "UTC-timestamp": "2017-06-10T00:50:31",
  "project": "saao/saa12",
  "textid": "P336731",
  "cdl": [
    {
      "node": "c",
      "type": "text",
      "id": "P336731.U0",
      "cdl": [
        {
          "node": "d",
          "type": "object",
          "ref": ""
        },
        {
          "node": "d",
          "subtype": "obverse",
          "type": "obverse",
          "ref": "P336731.o.1",
          "label": "o"
        },
        {
          "node": "d",
          "type": "nonx",
          "ref": "P336731.2",
          "strict": "0",
          "extent": "beginning",
          "state": "missing"
        },
        {
          "node": "c",
          "type": "discourse",
          "subtype": "body",
          "id": "P336731.U1",
          "cdl": [
            {
              "node": "c",
              "type": "sentence",
              "id": "P336731.U2",
              "label": "o 1' - o 5'",
              "cdl": [
                {
                  "node": "d",
                  "type": "line-start",
                  "ref": "P336731.3",
                  "n": "1'",
                  "label": "o 1'"
                },
                {
                  "node": "l",
                  "frag": "[x",
                  "id": "P336731.l02b98",
                  "ref": "P336731.3.1",
                  "inst": "%akk-x-neoass:x=",
                  "f": {
                    "lang": "akk-x-neoass",
                    "form": "x"
                  }
                },
                {
                  "node": "l",
                  "frag": "x",
                  "id": "P336731.l02b99",
                  "ref": "P336731.3.2",
                  "inst": "%akk-x-neoass:x=",
                  "f": {
                    "lang": "akk-x-neoass",
                    "form": "x"
                  }
                },
                {
                  "node": "l",
                  "frag": "x]+⸢x",
                  "id": "P336731.l02b9a",
                  "ref": "P336731.3.3",
                  "inst": "%akk-x-neoass:x+x=",
                  "f": {
                    "lang": "akk-x-neoass",
                    "form": "x+x"
                  }
                },
                {
                  "node": "l",
                  "frag": "x⸣+[x",
                  "id": "P336731.l02b9b",
                  "ref": "P336731.3.4",
                  "inst": "%akk-x-neoass:x+x=",
                  "f": {
                    "lang": "akk-x-neoass",
                    "form": "x+x"
                  }
                },
                {
                  "node": "l",
                  "frag": "x",
                  "id": "P336731.l02b9c",
                  "ref": "P336731.3.5",
                  "inst": "%akk-x-neoass:x=",
                  "f": {
                    "lang": "akk-x-neoass",
                    "form": "x"
                  }
                },
                {
                  "node": "l",
                  "frag": "x]",
                  "id": "P336731.l02b9d",
                  "ref": "P336731.3.6",
                  "inst": "%akk-x-neoass:x=",
                  "f": {
                    "lang": "akk-x-neoass",
                    "form": "x"
                  }
                },
                {
                  "node": "d",
                  "type": "line-start",
                  "ref": "P336731.4",
                  "n": "2'",
                  "label": "o 2'"
                },
                {
                  "node": "l",
                  "frag": "[x",
                  "id": "P336731.l02b9e",
                  "ref": "P336731.4.1",
                  "inst": "%akk-x-neoass:x=",
                  "f": {
                    "lang": "akk-x-neoass",
                    "form": "x"
                  }
                },
                {
                  "node": "l",
                  "frag": "x",
                  "id": "P336731.l02b9f",
                  "ref": "P336731.4.2",
                  "inst": "%akk-x-neoass:x=",
                  "f": {
                    "lang": "akk-x-neoass",
                    "form": "x"
                  }
                },
                {
                  "node": "l",
                  "frag": "x]+⸢x⸣",
                  "id": "P336731.l02ba0",
                  "ref": "P336731.4.3",
                  "inst": "%akk-x-neoass:x+x=",
                  "f": {
                    "lang": "akk-x-neoass",
                    "form": "x+x"
                  }
                },
                {
                  "node": "l",
                  "frag": "{giš}til-lit",
                  "id": "P336731.l02ba1",
                  "ref": "P336731.4.4",
                  "inst": "%akk-x-neoass:{GIŠ}til-lit=",
                  "f": {
                    "lang": "akk-x-neoass",
                    "form": "{GIŠ}til-lit"
                  }
                },
                {
                  "node": "l",
                  "frag": "[x",
                  "id": "P336731.l02ba2",
                  "ref": "P336731.4.5",
                  "inst": "%akk-x-neoass:x=",
                  "f": {
                    "lang": "akk-x-neoass",
                    "form": "x"
                  }
                },
                {
                  "node": "l",
                  "frag": "x",
                  "id": "P336731.l02ba3",
                  "ref": "P336731.4.6",
                  "inst": "%akk-x-neoass:x=",
                  "f": {
                    "lang": "akk-x-neoass",
                    "form": "x"
                  }
                },
                {
                  "node": "l",
                  "frag": "x]",
                  "id": "P336731.l02ba4",
                  "ref": "P336731.4.7",
                  "inst": "%akk-x-neoass:x=",
                  "f": {
                    "lang": "akk-x-neoass",
                    "form": "x"
                  }
                },
                {
                  "node": "d",
                  "type": "line-start",
                  "ref": "P336731.5",
                  "n": "3'",
                  "label": "o 3'"
                },
                {
                  "node": "l",
                  "frag": "[x",
                  "id": "P336731.l02ba5",
                  "ref": "P336731.5.1",
                  "inst": "%akk-x-neoass:x=",
                  "f": {
                    "lang": "akk-x-neoass",
                    "form": "x"
                  }
                },
                {
                  "node": "l",
                  "frag": "x",
                  "id": "P336731.l02ba6",
                  "ref": "P336731.5.2",
                  "inst": "%akk-x-neoass:x=",
                  "f": {
                    "lang": "akk-x-neoass",
                    "form": "x"
                  }
                },
                {
                  "node": "l",
                  "frag": "x]",
                  "id": "P336731.l02ba7",
                  "ref": "P336731.5.3",
                  "inst": "%akk-x-neoass:x=",
                  "f": {
                    "lang": "akk-x-neoass",
                    "form": "x"
                  }
                },
                {
                  "node": "l",
                  "frag": "ina",
                  "id": "P336731.l02ba8",
                  "ref": "P336731.5.4",
                  "inst": "%akk-x-neoass:ina=",
                  "f": {
                    "lang": "akk-x-neoass",
                    "form": "ina"
                  }
                },
                {
                  "node": "l",
                  "frag": "{u₂}⸢x⸣+[x",
                  "id": "P336731.l02ba9",
                  "ref": "P336731.5.5",
                  "inst": "%akk-x-neoass:{U₂}x+x=",
                  "f": {
                    "lang": "akk-x-neoass",
                    "form": "{U₂}x+x"
                  }
                },
                {
                  "node": "l",
                  "frag": "x",
                  "id": "P336731.l02baa",
                  "ref": "P336731.5.6",
                  "inst": "%akk-x-neoass:x=",
                  "f": {
                    "lang": "akk-x-neoass",
                    "form": "x"
                  }
                },
                {
                  "node": "l",
                  "frag": "x]",
                  "id": "P336731.l02bab",
                  "ref": "P336731.5.7",
                  "inst": "%akk-x-neoass:x=",
                  "f": {
                    "lang": "akk-x-neoass",
                    "form": "x"
                  }
                },
                {
                  "node": "d",
                  "type": "line-start",
                  "ref": "P336731.6",
                  "n": "4'",
                  "label": "o 4'"
                },
                {
                  "node": "l",
                  "frag": "[x",
                  "id": "P336731.l02bac",
                  "ref": "P336731.6.1",
                  "inst": "%akk-x-neoass:x=",
                  "f": {
                    "lang": "akk-x-neoass",
                    "form": "x"
                  }
                },
                {
                  "node": "l",
                  "frag": "x",
                  "id": "P336731.l02bad",
                  "ref": "P336731.6.2",
                  "inst": "%akk-x-neoass:x=",
                  "f": {
                    "lang": "akk-x-neoass",
                    "form": "x"
                  }
                },
                {
                  "node": "l",
                  "frag": "x]",
                  "id": "P336731.l02bae",
                  "ref": "P336731.6.3",
                  "inst": "%akk-x-neoass:x=",
                  "f": {
                    "lang": "akk-x-neoass",
                    "form": "x"
                  }
                },
                {
                  "node": "l",
                  "frag": "01",
                  "id": "P336731.l02baf",
                  "ref": "P336731.6.4",
                  "inst": "%akk-x-neoass:01=",
                  "f": {
                    "lang": "akk-x-neoass",
                    "form": "01"
                  }
                },
                {
                  "node": "l",
                  "frag": "{giš}⸢SAR⸣",
                  "id": "P336731.l02bb0",
                  "ref": "P336731.6.5",
                  "inst": "%akk-x-neoass:{GIŠ}SAR=",
                  "f": {
                    "lang": "akk-x-neoass",
                    "form": "{GIŠ}SAR"
                  }
                },
                {
                  "node": "l",
                  "frag": "[x",
                  "id": "P336731.l02bb1",
                  "ref": "P336731.6.6",
                  "inst": "%akk-x-neoass:x=",
                  "f": {
                    "lang": "akk-x-neoass",
                    "form": "x"
                  }
                },
                {
                  "node": "l",
                  "frag": "x",
                  "id": "P336731.l02bb2",
                  "ref": "P336731.6.7",
                  "inst": "%akk-x-neoass:x=",
                  "f": {
                    "lang": "akk-x-neoass",
                    "form": "x"
                  }
                },
                {
                  "node": "l",
                  "frag": "x]",
                  "id": "P336731.l02bb3",
                  "ref": "P336731.6.8",
                  "inst": "%akk-x-neoass:x=",
                  "f": {
                    "lang": "akk-x-neoass",
                    "form": "x"
                  }
                },
                {
                  "node": "d",
                  "type": "line-start",
                  "ref": "P336731.7",
                  "n": "5'",
                  "label": "o 5'"
                },
                {
                  "node": "l",
                  "frag": "[x",
                  "id": "P336731.l02bb4",
                  "ref": "P336731.7.1",
                  "inst": "%akk-x-neoass:x=",
                  "f": {
                    "lang": "akk-x-neoass",
                    "form": "x"
                  }
                },
                {
                  "node": "l",
                  "frag": "x",
                  "id": "P336731.l02bb5",
                  "ref": "P336731.7.2",
                  "inst": "%akk-x-neoass:x=",
                  "f": {
                    "lang": "akk-x-neoass",
                    "form": "x"
                  }
                },
                {
                  "node": "l",
                  "frag": "x",
                  "id": "P336731.l02bb6",
                  "ref": "P336731.7.3",
                  "inst": "%akk-x-neoass:x=",
                  "f": {
                    "lang": "akk-x-neoass",
                    "form": "x"
                  }
                },
                {
                  "node": "l",
                  "frag": "x]",
                  "id": "P336731.l02bb7",
                  "ref": "P336731.7.4",
                  "inst": "%akk-x-neoass:x=",
                  "f": {
                    "lang": "akk-x-neoass",
                    "form": "x"
                  }
                },
                {
                  "node": "l",
                  "frag": "{⸢giš}SAR⸣",
                  "id": "P336731.l02bb8",
                  "ref": "P336731.7.5",
                  "inst": "%akk-x-neoass:{GIŠ}SAR=",
                  "f": {
                    "lang": "akk-x-neoass",
                    "form": "{GIŠ}SAR"
                  }
                },
                {
                  "node": "l",
                  "frag": "[x",
                  "id": "P336731.l02bb9",
                  "ref": "P336731.7.6",
                  "inst": "%akk-x-neoass:x=",
                  "f": {
                    "lang": "akk-x-neoass",
                    "form": "x"
                  }
                },
                {
                  "node": "l",
                  "frag": "x",
                  "id": "P336731.l02bba",
                  "ref": "P336731.7.7",
                  "inst": "%akk-x-neoass:x=",
                  "f": {
                    "lang": "akk-x-neoass",
                    "form": "x"
                  }
                },
                {
                  "node": "l",
                  "frag": "x]",
                  "id": "P336731.l02bbb",
                  "ref": "P336731.7.8",
                  "inst": "%akk-x-neoass:x=",
                  "f": {
                    "lang": "akk-x-neoass",
                    "form": "x"
                  }
                },
                {
                  "node": "d",
                  "type": "nonx",
                  "ref": "P336731.8",
                  "strict": "0",
                  "extent": "rest",
                  "state": "missing"
                }
              ]
            }
          ]
        }
      ]
    }
  ]
}
