{
  "type": "cdl",
  "source": "http://oracc.org/saao/saa12",
  "license": "This data is released under the CC0 license",
  "license-url": "https://creativecommons.org/publicdomain/zero/1.0/",
  "more-info": "http://oracc.org/doc/opendata/",
  "UTC-timestamp": "2017-06-10T00:50:30",
  "project": "saao/saa12",
  "textid": "P336125",
  "cdl": [
    {
      "node": "c",
      "type": "text",
      "id": "P336125.U0",
      "cdl": [
        {
          "node": "d",
          "type": "object",
          "ref": ""
        },
        {
          "node": "d",
          "subtype": "obverse",
          "type": "obverse",
          "ref": "P336125.o.1",
          "label": "o"
        },
        {
          "node": "c",
          "type": "discourse",
          "subtype": "body",
          "id": "P336125.U1",
          "cdl": [
            {
              "node": "c",
              "type": "sentence",
              "id": "P336125.U2",
              "label": "o 1 - r 7'",
              "cdl": [
                {
                  "node": "d",
                  "type": "line-start",
                  "ref": "P336125.2",
                  "n": "1",
                  "label": "o 1"
                },
                {
                  "node": "l",
                  "frag": "[x",
                  "id": "P336125.l03b6b",
                  "ref": "P336125.2.1",
                  "inst": "%akk-x-neoass:x=",
                  "f": {
                    "lang": "akk-x-neoass",
                    "form": "x"
                  }
                },
                {
                  "node": "l",
                  "frag": "x",
                  "id": "P336125.l03b6c",
                  "ref": "P336125.2.2",
                  "inst": "%akk-x-neoass:x=",
                  "f": {
                    "lang": "akk-x-neoass",
                    "form": "x"
                  }
                },
                {
                  "node": "l",
                  "frag": "x",
                  "id": "P336125.l03b6d",
                  "ref": "P336125.2.3",
                  "inst": "%akk-x-neoass:x=",
                  "f": {
                    "lang": "akk-x-neoass",
                    "form": "x"
                  }
                },
                {
                  "node": "l",
                  "frag": "x",
                  "id": "P336125.l03b6e",
                  "ref": "P336125.2.4",
                  "inst": "%akk-x-neoass:x=",
                  "f": {
                    "lang": "akk-x-neoass",
                    "form": "x"
                  }
                },
                {
                  "node": "l",
                  "frag": "x",
                  "id": "P336125.l03b6f",
                  "ref": "P336125.2.5",
                  "inst": "%akk-x-neoass:x=",
                  "f": {
                    "lang": "akk-x-neoass",
                    "form": "x"
                  }
                },
                {
                  "node": "l",
                  "frag": "x",
                  "id": "P336125.l03b70",
                  "ref": "P336125.2.6",
                  "inst": "%akk-x-neoass:x=",
                  "f": {
                    "lang": "akk-x-neoass",
                    "form": "x"
                  }
                },
                {
                  "node": "l",
                  "frag": "x",
                  "id": "P336125.l03b71",
                  "ref": "P336125.2.7",
                  "inst": "%akk-x-neoass:x=",
                  "f": {
                    "lang": "akk-x-neoass",
                    "form": "x"
                  }
                },
                {
                  "node": "l",
                  "frag": "x",
                  "id": "P336125.l03b72",
                  "ref": "P336125.2.8",
                  "inst": "%akk-x-neoass:x=",
                  "f": {
                    "lang": "akk-x-neoass",
                    "form": "x"
                  }
                },
                {
                  "node": "l",
                  "frag": "x",
                  "id": "P336125.l03b73",
                  "ref": "P336125.2.9",
                  "inst": "%akk-x-neoass:x=",
                  "f": {
                    "lang": "akk-x-neoass",
                    "form": "x"
                  }
                },
                {
                  "node": "l",
                  "frag": "x",
                  "id": "P336125.l03b74",
                  "ref": "P336125.2.10",
                  "inst": "%akk-x-neoass:x=",
                  "f": {
                    "lang": "akk-x-neoass",
                    "form": "x"
                  }
                },
                {
                  "node": "l",
                  "frag": "x",
                  "id": "P336125.l03b75",
                  "ref": "P336125.2.11",
                  "inst": "%akk-x-neoass:x=",
                  "f": {
                    "lang": "akk-x-neoass",
                    "form": "x"
                  }
                },
                {
                  "node": "l",
                  "frag": "x",
                  "id": "P336125.l03b76",
                  "ref": "P336125.2.12",
                  "inst": "%akk-x-neoass:x=",
                  "f": {
                    "lang": "akk-x-neoass",
                    "form": "x"
                  }
                },
                {
                  "node": "l",
                  "frag": "x",
                  "id": "P336125.l03b77",
                  "ref": "P336125.2.13",
                  "inst": "%akk-x-neoass:x=",
                  "f": {
                    "lang": "akk-x-neoass",
                    "form": "x"
                  }
                },
                {
                  "node": "l",
                  "frag": "x",
                  "id": "P336125.l03b78",
                  "ref": "P336125.2.14",
                  "inst": "%akk-x-neoass:x=",
                  "f": {
                    "lang": "akk-x-neoass",
                    "form": "x"
                  }
                },
                {
                  "node": "l",
                  "frag": "x]",
                  "id": "P336125.l03b79",
                  "ref": "P336125.2.15",
                  "inst": "%akk-x-neoass:x=",
                  "f": {
                    "lang": "akk-x-neoass",
                    "form": "x"
                  }
                },
                {
                  "node": "l",
                  "frag": "PA-⸢lum⸣",
                  "id": "P336125.l03b7a",
                  "ref": "P336125.2.16",
                  "inst": "%akk-x-neoass:PA-lum=",
                  "f": {
                    "lang": "akk-x-neoass",
                    "form": "PA-lum"
                  }
                },
                {
                  "node": "l",
                  "frag": "[x",
                  "id": "P336125.l03b7b",
                  "ref": "P336125.2.17",
                  "inst": "%akk-x-neoass:x=",
                  "f": {
                    "lang": "akk-x-neoass",
                    "form": "x"
                  }
                },
                {
                  "node": "l",
                  "frag": "x",
                  "id": "P336125.l03b7c",
                  "ref": "P336125.2.18",
                  "inst": "%akk-x-neoass:x=",
                  "f": {
                    "lang": "akk-x-neoass",
                    "form": "x"
                  }
                },
                {
                  "node": "l",
                  "frag": "x",
                  "id": "P336125.l03b7d",
                  "ref": "P336125.2.19",
                  "inst": "%akk-x-neoass:x=",
                  "f": {
                    "lang": "akk-x-neoass",
                    "form": "x"
                  }
                },
                {
                  "node": "l",
                  "frag": "x",
                  "id": "P336125.l03b7e",
                  "ref": "P336125.2.20",
                  "inst": "%akk-x-neoass:x=",
                  "f": {
                    "lang": "akk-x-neoass",
                    "form": "x"
                  }
                },
                {
                  "node": "l",
                  "frag": "x",
                  "id": "P336125.l03b7f",
                  "ref": "P336125.2.21",
                  "inst": "%akk-x-neoass:x=",
                  "f": {
                    "lang": "akk-x-neoass",
                    "form": "x"
                  }
                },
                {
                  "node": "l",
                  "frag": "x]",
                  "id": "P336125.l03b80",
                  "ref": "P336125.2.22",
                  "inst": "%akk-x-neoass:x=",
                  "f": {
                    "lang": "akk-x-neoass",
                    "form": "x"
                  }
                },
                {
                  "node": "d",
                  "type": "line-start",
                  "ref": "P336125.3",
                  "n": "2",
                  "label": "o 2"
                },
                {
                  "node": "l",
                  "frag": "[x",
                  "id": "P336125.l03b81",
                  "ref": "P336125.3.1",
                  "inst": "%akk-x-neoass:x=",
                  "f": {
                    "lang": "akk-x-neoass",
                    "form": "x"
                  }
                },
                {
                  "node": "l",
                  "frag": "x",
                  "id": "P336125.l03b82",
                  "ref": "P336125.3.2",
                  "inst": "%akk-x-neoass:x=",
                  "f": {
                    "lang": "akk-x-neoass",
                    "form": "x"
                  }
                },
                {
                  "node": "l",
                  "frag": "x",
                  "id": "P336125.l03b83",
                  "ref": "P336125.3.3",
                  "inst": "%akk-x-neoass:x=",
                  "f": {
                    "lang": "akk-x-neoass",
                    "form": "x"
                  }
                },
                {
                  "node": "l",
                  "frag": "x",
                  "id": "P336125.l03b84",
                  "ref": "P336125.3.4",
                  "inst": "%akk-x-neoass:x=",
                  "f": {
                    "lang": "akk-x-neoass",
                    "form": "x"
                  }
                },
                {
                  "node": "l",
                  "frag": "x",
                  "id": "P336125.l03b85",
                  "ref": "P336125.3.5",
                  "inst": "%akk-x-neoass:x=",
                  "f": {
                    "lang": "akk-x-neoass",
                    "form": "x"
                  }
                },
                {
                  "node": "l",
                  "frag": "x",
                  "id": "P336125.l03b86",
                  "ref": "P336125.3.6",
                  "inst": "%akk-x-neoass:x=",
                  "f": {
                    "lang": "akk-x-neoass",
                    "form": "x"
                  }
                },
                {
                  "node": "l",
                  "frag": "x",
                  "id": "P336125.l03b87",
                  "ref": "P336125.3.7",
                  "inst": "%akk-x-neoass:x=",
                  "f": {
                    "lang": "akk-x-neoass",
                    "form": "x"
                  }
                },
                {
                  "node": "l",
                  "frag": "x",
                  "id": "P336125.l03b88",
                  "ref": "P336125.3.8",
                  "inst": "%akk-x-neoass:x=",
                  "f": {
                    "lang": "akk-x-neoass",
                    "form": "x"
                  }
                },
                {
                  "node": "l",
                  "frag": "x",
                  "id": "P336125.l03b89",
                  "ref": "P336125.3.9",
                  "inst": "%akk-x-neoass:x=",
                  "f": {
                    "lang": "akk-x-neoass",
                    "form": "x"
                  }
                },
                {
                  "node": "l",
                  "frag": "x",
                  "id": "P336125.l03b8a",
                  "ref": "P336125.3.10",
                  "inst": "%akk-x-neoass:x=",
                  "f": {
                    "lang": "akk-x-neoass",
                    "form": "x"
                  }
                },
                {
                  "node": "l",
                  "frag": "x",
                  "id": "P336125.l03b8b",
                  "ref": "P336125.3.11",
                  "inst": "%akk-x-neoass:x=",
                  "f": {
                    "lang": "akk-x-neoass",
                    "form": "x"
                  }
                },
                {
                  "node": "l",
                  "frag": "x",
                  "id": "P336125.l03b8c",
                  "ref": "P336125.3.12",
                  "inst": "%akk-x-neoass:x=",
                  "f": {
                    "lang": "akk-x-neoass",
                    "form": "x"
                  }
                },
                {
                  "node": "l",
                  "frag": "x",
                  "id": "P336125.l03b8d",
                  "ref": "P336125.3.13",
                  "inst": "%akk-x-neoass:x=",
                  "f": {
                    "lang": "akk-x-neoass",
                    "form": "x"
                  }
                },
                {
                  "node": "l",
                  "frag": "x]",
                  "id": "P336125.l03b8e",
                  "ref": "P336125.3.14",
                  "inst": "%akk-x-neoass:x=",
                  "f": {
                    "lang": "akk-x-neoass",
                    "form": "x"
                  }
                },
                {
                  "node": "l",
                  "frag": "⸢a⸣-na",
                  "id": "P336125.l03b8f",
                  "ref": "P336125.3.15",
                  "inst": "%akk-x-neoass:a-na=",
                  "f": {
                    "lang": "akk-x-neoass",
                    "form": "a-na"
                  }
                },
                {
                  "node": "l",
                  "frag": "{1}{d}ŠEŠ.GAL-a-[pil-ku]-⸢mu⸣-a",
                  "id": "P336125.l03b90",
                  "ref": "P336125.3.16",
                  "inst": "%akk-x-neoass:{1}{d}ŠEŠ.GAL-a-pil-ku-mu-a=",
                  "f": {
                    "lang": "akk-x-neoass",
                    "form": "{1}{d}ŠEŠ.GAL-a-pil-ku-mu-a"
                  }
                },
                {
                  "node": "d",
                  "type": "line-start",
                  "ref": "P336125.4",
                  "n": "3",
                  "label": "o 3"
                },
                {
                  "node": "l",
                  "frag": "[x",
                  "id": "P336125.l03b91",
                  "ref": "P336125.4.1",
                  "inst": "%akk-x-neoass:x=",
                  "f": {
                    "lang": "akk-x-neoass",
                    "form": "x"
                  }
                },
                {
                  "node": "l",
                  "frag": "x",
                  "id": "P336125.l03b92",
                  "ref": "P336125.4.2",
                  "inst": "%akk-x-neoass:x=",
                  "f": {
                    "lang": "akk-x-neoass",
                    "form": "x"
                  }
                },
                {
                  "node": "l",
                  "frag": "x",
                  "id": "P336125.l03b93",
                  "ref": "P336125.4.3",
                  "inst": "%akk-x-neoass:x=",
                  "f": {
                    "lang": "akk-x-neoass",
                    "form": "x"
                  }
                },
                {
                  "node": "l",
                  "frag": "x",
                  "id": "P336125.l03b94",
                  "ref": "P336125.4.4",
                  "inst": "%akk-x-neoass:x=",
                  "f": {
                    "lang": "akk-x-neoass",
                    "form": "x"
                  }
                },
                {
                  "node": "l",
                  "frag": "x",
                  "id": "P336125.l03b95",
                  "ref": "P336125.4.5",
                  "inst": "%akk-x-neoass:x=",
                  "f": {
                    "lang": "akk-x-neoass",
                    "form": "x"
                  }
                },
                {
                  "node": "l",
                  "frag": "x",
                  "id": "P336125.l03b96",
                  "ref": "P336125.4.6",
                  "inst": "%akk-x-neoass:x=",
                  "f": {
                    "lang": "akk-x-neoass",
                    "form": "x"
                  }
                },
                {
                  "node": "l",
                  "frag": "x",
                  "id": "P336125.l03b97",
                  "ref": "P336125.4.7",
                  "inst": "%akk-x-neoass:x=",
                  "f": {
                    "lang": "akk-x-neoass",
                    "form": "x"
                  }
                },
                {
                  "node": "l",
                  "frag": "x",
                  "id": "P336125.l03b98",
                  "ref": "P336125.4.8",
                  "inst": "%akk-x-neoass:x=",
                  "f": {
                    "lang": "akk-x-neoass",
                    "form": "x"
                  }
                },
                {
                  "node": "l",
                  "frag": "x",
                  "id": "P336125.l03b99",
                  "ref": "P336125.4.9",
                  "inst": "%akk-x-neoass:x=",
                  "f": {
                    "lang": "akk-x-neoass",
                    "form": "x"
                  }
                },
                {
                  "node": "l",
                  "frag": "x",
                  "id": "P336125.l03b9a",
                  "ref": "P336125.4.10",
                  "inst": "%akk-x-neoass:x=",
                  "f": {
                    "lang": "akk-x-neoass",
                    "form": "x"
                  }
                },
                {
                  "node": "l",
                  "frag": "x",
                  "id": "P336125.l03b9b",
                  "ref": "P336125.4.11",
                  "inst": "%akk-x-neoass:x=",
                  "f": {
                    "lang": "akk-x-neoass",
                    "form": "x"
                  }
                },
                {
                  "node": "l",
                  "frag": "x",
                  "id": "P336125.l03b9c",
                  "ref": "P336125.4.12",
                  "inst": "%akk-x-neoass:x=",
                  "f": {
                    "lang": "akk-x-neoass",
                    "form": "x"
                  }
                },
                {
                  "node": "l",
                  "frag": "x]",
                  "id": "P336125.l03b9d",
                  "ref": "P336125.4.13",
                  "inst": "%akk-x-neoass:x=",
                  "f": {
                    "lang": "akk-x-neoass",
                    "form": "x"
                  }
                },
                {
                  "node": "l",
                  "frag": "{⸢lu₂v⸣}ur-du",
                  "id": "P336125.l03b9e",
                  "ref": "P336125.4.14",
                  "inst": "%akk-x-neoass:{LU₂}ur-du=",
                  "f": {
                    "lang": "akk-x-neoass",
                    "form": "{LU₂}ur-du"
                  }
                },
                {
                  "node": "l",
                  "frag": "lu-u₂",
                  "id": "P336125.l03b9f",
                  "ref": "P336125.4.15",
                  "inst": "%akk-x-neoass:lu-u₂=",
                  "f": {
                    "lang": "akk-x-neoass",
                    "form": "lu-u₂"
                  }
                },
                {
                  "node": "l",
                  "frag": "{lu₂v}⸢A-x⸣",
                  "id": "P336125.l03ba0",
                  "ref": "P336125.4.16",
                  "inst": "%akk-x-neoass:{LU₂}A-x=",
                  "f": {
                    "lang": "akk-x-neoass",
                    "form": "{LU₂}A-x"
                  }
                },
                {
                  "node": "l",
                  "frag": "[x]",
                  "id": "P336125.l03ba1",
                  "ref": "P336125.4.17",
                  "inst": "%akk-x-neoass:x=",
                  "f": {
                    "lang": "akk-x-neoass",
                    "form": "x"
                  }
                },
                {
                  "node": "d",
                  "type": "line-start",
                  "ref": "P336125.5",
                  "n": "4",
                  "label": "o 4"
                },
                {
                  "node": "l",
                  "frag": "[lu-u₂",
                  "id": "P336125.l03ba2",
                  "ref": "P336125.5.1",
                  "inst": "%akk-x-neoass:lu-u₂=",
                  "f": {
                    "lang": "akk-x-neoass",
                    "form": "lu-u₂"
                  }
                },
                {
                  "node": "l",
                  "frag": "{lu₂v}NINDA",
                  "id": "P336125.l03ba3",
                  "ref": "P336125.5.2",
                  "inst": "%akk-x-neoass:{LU₂}NINDA=",
                  "f": {
                    "lang": "akk-x-neoass",
                    "form": "{LU₂}NINDA"
                  }
                },
                {
                  "node": "l",
                  "frag": "lu-u₂",
                  "id": "P336125.l03ba4",
                  "ref": "P336125.5.3",
                  "inst": "%akk-x-neoass:lu-u₂=",
                  "f": {
                    "lang": "akk-x-neoass",
                    "form": "lu-u₂"
                  }
                },
                {
                  "node": "l",
                  "frag": "{lu₂v}LUNGA₂",
                  "id": "P336125.l03ba5",
                  "ref": "P336125.5.4",
                  "inst": "%akk-x-neoass:{LU₂}LUNGA₂=",
                  "f": {
                    "lang": "akk-x-neoass",
                    "form": "{LU₂}LUNGA₂"
                  }
                },
                {
                  "node": "l",
                  "frag": "lu-u₂",
                  "id": "P336125.l03ba6",
                  "ref": "P336125.5.5",
                  "inst": "%akk-x-neoass:lu-u₂=",
                  "f": {
                    "lang": "akk-x-neoass",
                    "form": "lu-u₂"
                  }
                },
                {
                  "node": "l",
                  "frag": "{lu₂v}kar-ka-din]",
                  "id": "P336125.l03ba7",
                  "ref": "P336125.5.6",
                  "inst": "%akk-x-neoass:{LU₂}kar-ka-din=",
                  "f": {
                    "lang": "akk-x-neoass",
                    "form": "{LU₂}kar-ka-din"
                  }
                },
                {
                  "node": "l",
                  "frag": "lu-u₂",
                  "id": "P336125.l03ba8",
                  "ref": "P336125.5.7",
                  "inst": "%akk-x-neoass:lu-u₂=",
                  "f": {
                    "lang": "akk-x-neoass",
                    "form": "lu-u₂"
                  }
                },
                {
                  "node": "l",
                  "frag": "DUMU-MEŠ",
                  "id": "P336125.l03ba9",
                  "ref": "P336125.5.8",
                  "inst": "%akk-x-neoass:DUMU-MEŠ=",
                  "f": {
                    "lang": "akk-x-neoass",
                    "form": "DUMU-MEŠ"
                  }
                },
                {
                  "node": "d",
                  "type": "line-start",
                  "ref": "P336125.6",
                  "n": "5",
                  "label": "o 5"
                },
                {
                  "node": "l",
                  "frag": "{[lu₂v}ŠU.LIŠ.DU₈",
                  "id": "P336125.l03baa",
                  "ref": "P336125.6.1",
                  "inst": "%akk-x-neoass:{LU₂}ŠU.LIŠ.DU₈=",
                  "f": {
                    "lang": "akk-x-neoass",
                    "form": "{LU₂}ŠU.LIŠ.DU₈"
                  }
                },
                {
                  "node": "l",
                  "frag": "lu-u₂",
                  "id": "P336125.l03bab",
                  "ref": "P336125.6.2",
                  "inst": "%akk-x-neoass:lu-u₂=",
                  "f": {
                    "lang": "akk-x-neoass",
                    "form": "lu-u₂"
                  }
                },
                {
                  "node": "l",
                  "frag": "x",
                  "id": "P336125.l03bac",
                  "ref": "P336125.6.3",
                  "inst": "%akk-x-neoass:x=",
                  "f": {
                    "lang": "akk-x-neoass",
                    "form": "x"
                  }
                },
                {
                  "node": "l",
                  "frag": "x",
                  "id": "P336125.l03bad",
                  "ref": "P336125.6.4",
                  "inst": "%akk-x-neoass:x=",
                  "f": {
                    "lang": "akk-x-neoass",
                    "form": "x"
                  }
                },
                {
                  "node": "l",
                  "frag": "x",
                  "id": "P336125.l03bae",
                  "ref": "P336125.6.5",
                  "inst": "%akk-x-neoass:x=",
                  "f": {
                    "lang": "akk-x-neoass",
                    "form": "x"
                  }
                },
                {
                  "node": "l",
                  "frag": "x",
                  "id": "P336125.l03baf",
                  "ref": "P336125.6.6",
                  "inst": "%akk-x-neoass:x=",
                  "f": {
                    "lang": "akk-x-neoass",
                    "form": "x"
                  }
                },
                {
                  "node": "l",
                  "frag": "x",
                  "id": "P336125.l03bb0",
                  "ref": "P336125.6.7",
                  "inst": "%akk-x-neoass:x=",
                  "f": {
                    "lang": "akk-x-neoass",
                    "form": "x"
                  }
                },
                {
                  "node": "l",
                  "frag": "x",
                  "id": "P336125.l03bb1",
                  "ref": "P336125.6.8",
                  "inst": "%akk-x-neoass:x=",
                  "f": {
                    "lang": "akk-x-neoass",
                    "form": "x"
                  }
                },
                {
                  "node": "l",
                  "frag": "x]",
                  "id": "P336125.l03bb2",
                  "ref": "P336125.6.9",
                  "inst": "%akk-x-neoass:x=",
                  "f": {
                    "lang": "akk-x-neoass",
                    "form": "x"
                  }
                },
                {
                  "node": "l",
                  "frag": "lu-u₂",
                  "id": "P336125.l03bb3",
                  "ref": "P336125.6.10",
                  "inst": "%akk-x-neoass:lu-u₂=",
                  "f": {
                    "lang": "akk-x-neoass",
                    "form": "lu-u₂"
                  }
                },
                {
                  "node": "l",
                  "frag": "{lu₂v}NAGAR-mu-gir-ri",
                  "id": "P336125.l03bb4",
                  "ref": "P336125.6.11",
                  "inst": "%akk-x-neoass:{LU₂}NAGAR-mu-gir-ri=",
                  "f": {
                    "lang": "akk-x-neoass",
                    "form": "{LU₂}NAGAR-mu-gir-ri"
                  }
                },
                {
                  "node": "d",
                  "type": "line-start",
                  "ref": "P336125.7",
                  "n": "6",
                  "label": "o 6"
                },
                {
                  "node": "l",
                  "frag": "[lu",
                  "id": "P336125.l03bb5",
                  "ref": "P336125.7.1",
                  "inst": "%akk-x-neoass:lu=",
                  "f": {
                    "lang": "akk-x-neoass",
                    "form": "lu"
                  }
                },
                {
                  "node": "l",
                  "frag": "{lu₂v}še-lap-pa-a.a",
                  "id": "P336125.l03bb6",
                  "ref": "P336125.7.2",
                  "inst": "%akk-x-neoass:{LU₂}še-lap-pa-a.a=",
                  "f": {
                    "lang": "akk-x-neoass",
                    "form": "{LU₂}še-lap-pa-a.a"
                  }
                },
                {
                  "node": "l",
                  "frag": "lu",
                  "id": "P336125.l03bb7",
                  "ref": "P336125.7.3",
                  "inst": "%akk-x-neoass:lu=",
                  "f": {
                    "lang": "akk-x-neoass",
                    "form": "lu"
                  }
                },
                {
                  "node": "l",
                  "frag": "{lu₂v}A.BA",
                  "id": "P336125.l03bb8",
                  "ref": "P336125.7.4",
                  "inst": "%akk-x-neoass:{LU₂}A.BA=",
                  "f": {
                    "lang": "akk-x-neoass",
                    "form": "{LU₂}A.BA"
                  }
                },
                {
                  "node": "l",
                  "frag": "lu]",
                  "id": "P336125.l03bb9",
                  "ref": "P336125.7.5",
                  "inst": "%akk-x-neoass:lu=",
                  "f": {
                    "lang": "akk-x-neoass",
                    "form": "lu"
                  }
                },
                {
                  "node": "l",
                  "frag": "{⸢lu₂v⸣}HAL",
                  "id": "P336125.l03bba",
                  "ref": "P336125.7.6",
                  "inst": "%akk-x-neoass:{LU₂}HAL=",
                  "f": {
                    "lang": "akk-x-neoass",
                    "form": "{LU₂}HAL"
                  }
                },
                {
                  "node": "l",
                  "frag": "lu",
                  "id": "P336125.l03bbb",
                  "ref": "P336125.7.7",
                  "inst": "%akk-x-neoass:lu=",
                  "f": {
                    "lang": "akk-x-neoass",
                    "form": "lu"
                  }
                },
                {
                  "node": "l",
                  "frag": "{lu₂v}MAŠ.MAŠ",
                  "id": "P336125.l03bbc",
                  "ref": "P336125.7.8",
                  "inst": "%akk-x-neoass:{LU₂}MAŠ.MAŠ=",
                  "f": {
                    "lang": "akk-x-neoass",
                    "form": "{LU₂}MAŠ.MAŠ"
                  }
                },
                {
                  "node": "l",
                  "frag": "lu",
                  "id": "P336125.l03bbd",
                  "ref": "P336125.7.9",
                  "inst": "%akk-x-neoass:lu=",
                  "f": {
                    "lang": "akk-x-neoass",
                    "form": "lu"
                  }
                },
                {
                  "node": "l",
                  "frag": "{lu₂v}A.⸢ZU⸣",
                  "id": "P336125.l03bbe",
                  "ref": "P336125.7.10",
                  "inst": "%akk-x-neoass:{LU₂}A.ZU=",
                  "f": {
                    "lang": "akk-x-neoass",
                    "form": "{LU₂}A.ZU"
                  }
                },
                {
                  "node": "d",
                  "type": "line-start",
                  "ref": "P336125.8",
                  "n": "7",
                  "label": "o 7"
                },
                {
                  "node": "l",
                  "frag": "[lu",
                  "id": "P336125.l03bbf",
                  "ref": "P336125.8.1",
                  "inst": "%akk-x-neoass:lu=",
                  "f": {
                    "lang": "akk-x-neoass",
                    "form": "lu"
                  }
                },
                {
                  "node": "l",
                  "frag": "{lu₂v}SIMUG",
                  "id": "P336125.l03bc0",
                  "ref": "P336125.8.2",
                  "inst": "%akk-x-neoass:{LU₂}SIMUG=",
                  "f": {
                    "lang": "akk-x-neoass",
                    "form": "{LU₂}SIMUG"
                  }
                },
                {
                  "node": "l",
                  "frag": "lu",
                  "id": "P336125.l03bc1",
                  "ref": "P336125.8.3",
                  "inst": "%akk-x-neoass:lu=",
                  "f": {
                    "lang": "akk-x-neoass",
                    "form": "lu"
                  }
                },
                {
                  "node": "l",
                  "frag": "{lu₂v}SIMUG.KUG.GI",
                  "id": "P336125.l03bc2",
                  "ref": "P336125.8.4",
                  "inst": "%akk-x-neoass:{LU₂}SIMUG.KUG.GI=",
                  "f": {
                    "lang": "akk-x-neoass",
                    "form": "{LU₂}SIMUG.KUG.GI"
                  }
                },
                {
                  "node": "l",
                  "frag": "lu",
                  "id": "P336125.l03bc3",
                  "ref": "P336125.8.5",
                  "inst": "%akk-x-neoass:lu=",
                  "f": {
                    "lang": "akk-x-neoass",
                    "form": "lu"
                  }
                },
                {
                  "node": "l",
                  "frag": "{lu₂v}SIMUG-UD.KA.BAR]",
                  "id": "P336125.l03bc4",
                  "ref": "P336125.8.6",
                  "inst": "%akk-x-neoass:{LU₂}SIMUG-UD.KA.BAR=",
                  "f": {
                    "lang": "akk-x-neoass",
                    "form": "{LU₂}SIMUG-UD.KA.BAR"
                  }
                },
                {
                  "node": "l",
                  "frag": "⸢lu⸣",
                  "id": "P336125.l03bc5",
                  "ref": "P336125.8.7",
                  "inst": "%akk-x-neoass:lu=",
                  "f": {
                    "lang": "akk-x-neoass",
                    "form": "lu"
                  }
                },
                {
                  "node": "l",
                  "frag": "{lu₂v}SIMUG-AN.BAR",
                  "id": "P336125.l03bc6",
                  "ref": "P336125.8.8",
                  "inst": "%akk-x-neoass:{LU₂}SIMUG-AN.BAR=",
                  "f": {
                    "lang": "akk-x-neoass",
                    "form": "{LU₂}SIMUG-AN.BAR"
                  }
                },
                {
                  "node": "l",
                  "frag": "lu",
                  "id": "P336125.l03bc7",
                  "ref": "P336125.8.9",
                  "inst": "%akk-x-neoass:lu=",
                  "f": {
                    "lang": "akk-x-neoass",
                    "form": "lu"
                  }
                },
                {
                  "node": "l",
                  "frag": "{lu₂v}[x",
                  "id": "P336125.l03bc8",
                  "ref": "P336125.8.10",
                  "inst": "%akk-x-neoass:{LU₂}x=",
                  "f": {
                    "lang": "akk-x-neoass",
                    "form": "{LU₂}x"
                  }
                },
                {
                  "node": "l",
                  "frag": "x]",
                  "id": "P336125.l03bc9",
                  "ref": "P336125.8.11",
                  "inst": "%akk-x-neoass:x=",
                  "f": {
                    "lang": "akk-x-neoass",
                    "form": "x"
                  }
                },
                {
                  "node": "d",
                  "type": "nonx",
                  "ref": "P336125.9",
                  "strict": "0",
                  "extent": "n",
                  "scope": "line",
                  "state": "missing"
                },
                {
                  "node": "d",
                  "type": "line-start",
                  "ref": "P336125.10",
                  "n": "8'",
                  "label": "o 8'"
                },
                {
                  "node": "l",
                  "frag": "lu",
                  "id": "P336125.l03bca",
                  "ref": "P336125.10.1",
                  "inst": "%akk-x-neoass:lu=",
                  "f": {
                    "lang": "akk-x-neoass",
                    "form": "lu"
                  }
                },
                {
                  "node": "l",
                  "frag": "GAL-{lu₂v}A.⸢ZU⸣",
                  "id": "P336125.l03bcb",
                  "ref": "P336125.10.2",
                  "inst": "%akk-x-neoass:GAL-{LU₂}A.ZU=",
                  "f": {
                    "lang": "akk-x-neoass",
                    "form": "GAL-{LU₂}A.ZU"
                  }
                },
                {
                  "node": "l",
                  "frag": "[lu]",
                  "id": "P336125.l03bcc",
                  "ref": "P336125.10.3",
                  "inst": "%akk-x-neoass:lu=",
                  "f": {
                    "lang": "akk-x-neoass",
                    "form": "lu"
                  }
                },
                {
                  "node": "l",
                  "frag": "⸢GAL-{lu₂v⸣}NAR",
                  "id": "P336125.l03bcd",
                  "ref": "P336125.10.4",
                  "inst": "%akk-x-neoass:GAL-{LU₂}NAR=",
                  "f": {
                    "lang": "akk-x-neoass",
                    "form": "GAL-{LU₂}NAR"
                  }
                },
                {
                  "node": "l",
                  "frag": "lu",
                  "id": "P336125.l03bce",
                  "ref": "P336125.10.5",
                  "inst": "%akk-x-neoass:lu=",
                  "f": {
                    "lang": "akk-x-neoass",
                    "form": "lu"
                  }
                },
                {
                  "node": "l",
                  "frag": "[GAL-{lu₂v}x",
                  "id": "P336125.l03bcf",
                  "ref": "P336125.10.6",
                  "inst": "%akk-x-neoass:GAL-{LU₂}x=",
                  "f": {
                    "lang": "akk-x-neoass",
                    "form": "GAL-{LU₂}x"
                  }
                },
                {
                  "node": "l",
                  "frag": "x",
                  "id": "P336125.l03bd0",
                  "ref": "P336125.10.7",
                  "inst": "%akk-x-neoass:x=",
                  "f": {
                    "lang": "akk-x-neoass",
                    "form": "x"
                  }
                },
                {
                  "node": "l",
                  "frag": "x",
                  "id": "P336125.l03bd1",
                  "ref": "P336125.10.8",
                  "inst": "%akk-x-neoass:x=",
                  "f": {
                    "lang": "akk-x-neoass",
                    "form": "x"
                  }
                },
                {
                  "node": "l",
                  "frag": "x",
                  "id": "P336125.l03bd2",
                  "ref": "P336125.10.9",
                  "inst": "%akk-x-neoass:x=",
                  "f": {
                    "lang": "akk-x-neoass",
                    "form": "x"
                  }
                },
                {
                  "node": "l",
                  "frag": "x",
                  "id": "P336125.l03bd3",
                  "ref": "P336125.10.10",
                  "inst": "%akk-x-neoass:x=",
                  "f": {
                    "lang": "akk-x-neoass",
                    "form": "x"
                  }
                },
                {
                  "node": "l",
                  "frag": "x",
                  "id": "P336125.l03bd4",
                  "ref": "P336125.10.11",
                  "inst": "%akk-x-neoass:x=",
                  "f": {
                    "lang": "akk-x-neoass",
                    "form": "x"
                  }
                },
                {
                  "node": "l",
                  "frag": "x",
                  "id": "P336125.l03bd5",
                  "ref": "P336125.10.12",
                  "inst": "%akk-x-neoass:x=",
                  "f": {
                    "lang": "akk-x-neoass",
                    "form": "x"
                  }
                },
                {
                  "node": "l",
                  "frag": "x]",
                  "id": "P336125.l03bd6",
                  "ref": "P336125.10.13",
                  "inst": "%akk-x-neoass:x=",
                  "f": {
                    "lang": "akk-x-neoass",
                    "form": "x"
                  }
                },
                {
                  "node": "d",
                  "type": "line-start",
                  "ref": "P336125.11",
                  "n": "9'",
                  "label": "o 9'"
                },
                {
                  "node": "l",
                  "frag": "ša₂",
                  "id": "P336125.l03bd7",
                  "ref": "P336125.11.1",
                  "inst": "%akk-x-neoass:ša₂=",
                  "f": {
                    "lang": "akk-x-neoass",
                    "form": "ša₂"
                  }
                },
                {
                  "node": "l",
                  "frag": "UGU",
                  "id": "P336125.l03bd8",
                  "ref": "P336125.11.2",
                  "inst": "%akk-x-neoass:UGU=",
                  "f": {
                    "lang": "akk-x-neoass",
                    "form": "UGU"
                  }
                },
                {
                  "node": "l",
                  "frag": "{lu₂v}um-ma-ni",
                  "id": "P336125.l03bd9",
                  "ref": "P336125.11.3",
                  "inst": "%akk-x-neoass:{LU₂}um-ma-ni=",
                  "f": {
                    "lang": "akk-x-neoass",
                    "form": "{LU₂}um-ma-ni"
                  }
                },
                {
                  "node": "l",
                  "frag": "KUR-aš-šur-a.a",
                  "id": "P336125.l03bda",
                  "ref": "P336125.11.4",
                  "inst": "%akk-x-neoass:KUR-aš-šur-a.a=",
                  "f": {
                    "lang": "akk-x-neoass",
                    "form": "KUR-aš-šur-a.a"
                  }
                },
                {
                  "node": "l",
                  "frag": "{lu₂v}e-⸢rib⸣-[te",
                  "id": "P336125.l03bdb",
                  "ref": "P336125.11.5",
                  "inst": "%akk-x-neoass:{LU₂}e-rib-te=",
                  "f": {
                    "lang": "akk-x-neoass",
                    "form": "{LU₂}e-rib-te"
                  }
                },
                {
                  "node": "l",
                  "frag": "x",
                  "id": "P336125.l03bdc",
                  "ref": "P336125.11.6",
                  "inst": "%akk-x-neoass:x=",
                  "f": {
                    "lang": "akk-x-neoass",
                    "form": "x"
                  }
                },
                {
                  "node": "l",
                  "frag": "x",
                  "id": "P336125.l03bdd",
                  "ref": "P336125.11.7",
                  "inst": "%akk-x-neoass:x=",
                  "f": {
                    "lang": "akk-x-neoass",
                    "form": "x"
                  }
                },
                {
                  "node": "l",
                  "frag": "x",
                  "id": "P336125.l03bde",
                  "ref": "P336125.11.8",
                  "inst": "%akk-x-neoass:x=",
                  "f": {
                    "lang": "akk-x-neoass",
                    "form": "x"
                  }
                },
                {
                  "node": "l",
                  "frag": "x",
                  "id": "P336125.l03bdf",
                  "ref": "P336125.11.9",
                  "inst": "%akk-x-neoass:x=",
                  "f": {
                    "lang": "akk-x-neoass",
                    "form": "x"
                  }
                },
                {
                  "node": "l",
                  "frag": "x",
                  "id": "P336125.l03be0",
                  "ref": "P336125.11.10",
                  "inst": "%akk-x-neoass:x=",
                  "f": {
                    "lang": "akk-x-neoass",
                    "form": "x"
                  }
                },
                {
                  "node": "l",
                  "frag": "x",
                  "id": "P336125.l03be1",
                  "ref": "P336125.11.11",
                  "inst": "%akk-x-neoass:x=",
                  "f": {
                    "lang": "akk-x-neoass",
                    "form": "x"
                  }
                },
                {
                  "node": "l",
                  "frag": "x]",
                  "id": "P336125.l03be2",
                  "ref": "P336125.11.12",
                  "inst": "%akk-x-neoass:x=",
                  "f": {
                    "lang": "akk-x-neoass",
                    "form": "x"
                  }
                },
                {
                  "node": "d",
                  "type": "line-start",
                  "ref": "P336125.12",
                  "n": "10'",
                  "label": "o 10'"
                },
                {
                  "node": "l",
                  "frag": "{lu₂v}a-lik-il-ki",
                  "id": "P336125.l03be3",
                  "ref": "P336125.12.1",
                  "inst": "%akk-x-neoass:{LU₂}a-lik-il-ki=",
                  "f": {
                    "lang": "akk-x-neoass",
                    "form": "{LU₂}a-lik-il-ki"
                  }
                },
                {
                  "node": "l",
                  "frag": "ṭe₂-e-mi-šu-nu",
                  "id": "P336125.l03be4",
                  "ref": "P336125.12.2",
                  "inst": "%akk-x-neoass:ṭe₂-e-mi-šu-nu=",
                  "f": {
                    "lang": "akk-x-neoass",
                    "form": "ṭe₂-e-mi-šu-nu"
                  }
                },
                {
                  "node": "l",
                  "frag": "a-⸢na⸣",
                  "id": "P336125.l03be5",
                  "ref": "P336125.12.3",
                  "inst": "%akk-x-neoass:a-na=",
                  "f": {
                    "lang": "akk-x-neoass",
                    "form": "a-na"
                  }
                },
                {
                  "node": "l",
                  "frag": "[x",
                  "id": "P336125.l03be6",
                  "ref": "P336125.12.4",
                  "inst": "%akk-x-neoass:x=",
                  "f": {
                    "lang": "akk-x-neoass",
                    "form": "x"
                  }
                },
                {
                  "node": "l",
                  "frag": "x",
                  "id": "P336125.l03be7",
                  "ref": "P336125.12.5",
                  "inst": "%akk-x-neoass:x=",
                  "f": {
                    "lang": "akk-x-neoass",
                    "form": "x"
                  }
                },
                {
                  "node": "l",
                  "frag": "x",
                  "id": "P336125.l03be8",
                  "ref": "P336125.12.6",
                  "inst": "%akk-x-neoass:x=",
                  "f": {
                    "lang": "akk-x-neoass",
                    "form": "x"
                  }
                },
                {
                  "node": "l",
                  "frag": "x",
                  "id": "P336125.l03be9",
                  "ref": "P336125.12.7",
                  "inst": "%akk-x-neoass:x=",
                  "f": {
                    "lang": "akk-x-neoass",
                    "form": "x"
                  }
                },
                {
                  "node": "l",
                  "frag": "x",
                  "id": "P336125.l03bea",
                  "ref": "P336125.12.8",
                  "inst": "%akk-x-neoass:x=",
                  "f": {
                    "lang": "akk-x-neoass",
                    "form": "x"
                  }
                },
                {
                  "node": "l",
                  "frag": "x",
                  "id": "P336125.l03beb",
                  "ref": "P336125.12.9",
                  "inst": "%akk-x-neoass:x=",
                  "f": {
                    "lang": "akk-x-neoass",
                    "form": "x"
                  }
                },
                {
                  "node": "l",
                  "frag": "x",
                  "id": "P336125.l03bec",
                  "ref": "P336125.12.10",
                  "inst": "%akk-x-neoass:x=",
                  "f": {
                    "lang": "akk-x-neoass",
                    "form": "x"
                  }
                },
                {
                  "node": "l",
                  "frag": "x]",
                  "id": "P336125.l03bed",
                  "ref": "P336125.12.11",
                  "inst": "%akk-x-neoass:x=",
                  "f": {
                    "lang": "akk-x-neoass",
                    "form": "x"
                  }
                },
                {
                  "node": "d",
                  "type": "line-start",
                  "ref": "P336125.13",
                  "n": "11'",
                  "label": "o 11'"
                },
                {
                  "node": "l",
                  "frag": "u₂-ta\\t-ru-ni",
                  "id": "P336125.l03bee",
                  "ref": "P336125.13.1",
                  "inst": "%akk-x-neoass:u₂-ta-ru-ni=",
                  "f": {
                    "lang": "akk-x-neoass",
                    "form": "u₂-ta-ru-ni"
                  }
                },
                {
                  "node": "l",
                  "frag": "ma-a",
                  "id": "P336125.l03bef",
                  "ref": "P336125.13.2",
                  "inst": "%akk-x-neoass:ma-a=",
                  "f": {
                    "lang": "akk-x-neoass",
                    "form": "ma-a"
                  }
                },
                {
                  "node": "l",
                  "frag": "{lu₂v}um-ma-nu",
                  "id": "P336125.l03bf0",
                  "ref": "P336125.13.3",
                  "inst": "%akk-x-neoass:{LU₂}um-ma-nu=",
                  "f": {
                    "lang": "akk-x-neoass",
                    "form": "{LU₂}um-ma-nu"
                  }
                },
                {
                  "node": "l",
                  "frag": "ša₂",
                  "id": "P336125.l03bf1",
                  "ref": "P336125.13.4",
                  "inst": "%akk-x-neoass:ša₂=",
                  "f": {
                    "lang": "akk-x-neoass",
                    "form": "ša₂"
                  }
                },
                {
                  "node": "l",
                  "frag": "⸢qa⸣-[ti-ia",
                  "id": "P336125.l03bf2",
                  "ref": "P336125.13.5",
                  "inst": "%akk-x-neoass:qa-ti-ia=",
                  "f": {
                    "lang": "akk-x-neoass",
                    "form": "qa-ti-ia"
                  }
                },
                {
                  "node": "l",
                  "frag": "šu-u₂-tu",
                  "id": "P336125.l03bf3",
                  "ref": "P336125.13.6",
                  "inst": "%akk-x-neoass:šu-u₂-tu=",
                  "f": {
                    "lang": "akk-x-neoass",
                    "form": "šu-u₂-tu"
                  }
                },
                {
                  "node": "l",
                  "frag": "aš-šur]",
                  "id": "P336125.l03bf4",
                  "ref": "P336125.13.7",
                  "inst": "%akk-x-neoass:aš-šur=",
                  "f": {
                    "lang": "akk-x-neoass",
                    "form": "aš-šur"
                  }
                },
                {
                  "node": "d",
                  "type": "line-start",
                  "ref": "P336125.14",
                  "n": "12'",
                  "label": "o 12'"
                },
                {
                  "node": "l",
                  "frag": "{⸢d⸣}MAŠ",
                  "id": "P336125.l03bf5",
                  "ref": "P336125.14.1",
                  "inst": "%akk-x-neoass:{d}MAŠ=",
                  "f": {
                    "lang": "akk-x-neoass",
                    "form": "{d}MAŠ"
                  }
                },
                {
                  "node": "l",
                  "frag": "ez-zi-iš",
                  "id": "P336125.l03bf6",
                  "ref": "P336125.14.2",
                  "inst": "%akk-x-neoass:ez-zi-iš=",
                  "f": {
                    "lang": "akk-x-neoass",
                    "form": "ez-zi-iš"
                  }
                },
                {
                  "node": "l",
                  "frag": "lik-kil-mu-šu₂",
                  "id": "P336125.l03bf7",
                  "ref": "P336125.14.3",
                  "inst": "%akk-x-neoass:lik-kil-mu-šu₂=",
                  "f": {
                    "lang": "akk-x-neoass",
                    "form": "lik-kil-mu-šu₂"
                  }
                },
                {
                  "node": "l",
                  "frag": "{d}IM",
                  "id": "P336125.l03bf8",
                  "ref": "P336125.14.4",
                  "inst": "%akk-x-neoass:{d}IM=",
                  "f": {
                    "lang": "akk-x-neoass",
                    "form": "{d}IM"
                  }
                },
                {
                  "node": "l",
                  "frag": "[GU₂.GAL",
                  "id": "P336125.l03bf9",
                  "ref": "P336125.14.5",
                  "inst": "%akk-x-neoass:GU₂.GAL=",
                  "f": {
                    "lang": "akk-x-neoass",
                    "form": "GU₂.GAL"
                  }
                },
                {
                  "node": "l",
                  "frag": "AN-e",
                  "id": "P336125.l03bfa",
                  "ref": "P336125.14.6",
                  "inst": "%akk-x-neoass:AN-e=",
                  "f": {
                    "lang": "akk-x-neoass",
                    "form": "AN-e"
                  }
                },
                {
                  "node": "l",
                  "frag": "u₃",
                  "id": "P336125.l03bfb",
                  "ref": "P336125.14.7",
                  "inst": "%akk-x-neoass:u₃=",
                  "f": {
                    "lang": "akk-x-neoass",
                    "form": "u₃"
                  }
                },
                {
                  "node": "l",
                  "frag": "KI.TIM]",
                  "id": "P336125.l03bfc",
                  "ref": "P336125.14.8",
                  "inst": "%akk-x-neoass:KI.TIM=",
                  "f": {
                    "lang": "akk-x-neoass",
                    "form": "KI.TIM"
                  }
                },
                {
                  "node": "d",
                  "subtype": "reverse",
                  "type": "reverse",
                  "ref": "P336125.r.15",
                  "label": "r"
                },
                {
                  "node": "d",
                  "type": "line-start",
                  "ref": "P336125.16",
                  "n": "1",
                  "label": "r 1"
                },
                {
                  "node": "l",
                  "frag": "⸢ina⸣",
                  "id": "P336125.l03bfd",
                  "ref": "P336125.16.1",
                  "inst": "%akk-x-neoass:ina=",
                  "f": {
                    "lang": "akk-x-neoass",
                    "form": "ina"
                  }
                },
                {
                  "node": "l",
                  "frag": "bir-qi-šu₂",
                  "id": "P336125.l03bfe",
                  "ref": "P336125.16.2",
                  "inst": "%akk-x-neoass:bir-qi-šu₂=",
                  "f": {
                    "lang": "akk-x-neoass",
                    "form": "bir-qi-šu₂"
                  }
                },
                {
                  "node": "l",
                  "frag": "liš-ši-šu₂",
                  "id": "P336125.l03bff",
                  "ref": "P336125.16.3",
                  "inst": "%akk-x-neoass:liš-ši-šu₂=",
                  "f": {
                    "lang": "akk-x-neoass",
                    "form": "liš-ši-šu₂"
                  }
                },
                {
                  "node": "l",
                  "frag": "{⸢d⸣}NIN-E₂.GAL",
                  "id": "P336125.l03c00",
                  "ref": "P336125.16.4",
                  "inst": "%akk-x-neoass:{d}NIN-E₂.GAL=",
                  "f": {
                    "lang": "akk-x-neoass",
                    "form": "{d}NIN-E₂.GAL"
                  }
                },
                {
                  "node": "l",
                  "frag": "kib-⸢si⸣-[šu",
                  "id": "P336125.l03c01",
                  "ref": "P336125.16.5",
                  "inst": "%akk-x-neoass:kib-si-šu=",
                  "f": {
                    "lang": "akk-x-neoass",
                    "form": "kib-si-šu"
                  }
                },
                {
                  "node": "l",
                  "frag": "u₃]",
                  "id": "P336125.l03c02",
                  "ref": "P336125.16.6",
                  "inst": "%akk-x-neoass:u₃=",
                  "f": {
                    "lang": "akk-x-neoass",
                    "form": "u₃"
                  }
                },
                {
                  "node": "d",
                  "type": "line-start",
                  "ref": "P336125.17",
                  "n": "2",
                  "label": "r 2"
                },
                {
                  "node": "l",
                  "frag": "ta\\t-lak-tu-šu",
                  "id": "P336125.l03c03",
                  "ref": "P336125.17.1",
                  "inst": "%akk-x-neoass:ta-lak-tu-šu=",
                  "f": {
                    "lang": "akk-x-neoass",
                    "form": "ta-lak-tu-šu"
                  }
                },
                {
                  "node": "l",
                  "frag": "TA@v",
                  "id": "P336125.l03c04",
                  "ref": "P336125.17.2",
                  "inst": "%akk-x-neoass:TA@v=",
                  "f": {
                    "lang": "akk-x-neoass",
                    "form": "TA@v"
                  }
                },
                {
                  "node": "l",
                  "frag": "E₂.GAL",
                  "id": "P336125.l03c05",
                  "ref": "P336125.17.3",
                  "inst": "%akk-x-neoass:E₂.GAL=",
                  "f": {
                    "lang": "akk-x-neoass",
                    "form": "E₂.GAL"
                  }
                },
                {
                  "node": "l",
                  "frag": "lu",
                  "id": "P336125.l03c06",
                  "ref": "P336125.17.4",
                  "inst": "%akk-x-neoass:lu=",
                  "f": {
                    "lang": "akk-x-neoass",
                    "form": "lu"
                  }
                },
                {
                  "node": "l",
                  "frag": "tu-hal-li-iq",
                  "id": "P336125.l03c07",
                  "ref": "P336125.17.5",
                  "inst": "%akk-x-neoass:tu-hal-li-iq=",
                  "f": {
                    "lang": "akk-x-neoass",
                    "form": "tu-hal-li-iq"
                  }
                },
                {
                  "node": "l",
                  "frag": "[x",
                  "id": "P336125.l03c08",
                  "ref": "P336125.17.6",
                  "inst": "%akk-x-neoass:x=",
                  "f": {
                    "lang": "akk-x-neoass",
                    "form": "x"
                  }
                },
                {
                  "node": "l",
                  "frag": "x",
                  "id": "P336125.l03c09",
                  "ref": "P336125.17.7",
                  "inst": "%akk-x-neoass:x=",
                  "f": {
                    "lang": "akk-x-neoass",
                    "form": "x"
                  }
                },
                {
                  "node": "l",
                  "frag": "x",
                  "id": "P336125.l03c0a",
                  "ref": "P336125.17.8",
                  "inst": "%akk-x-neoass:x=",
                  "f": {
                    "lang": "akk-x-neoass",
                    "form": "x"
                  }
                },
                {
                  "node": "l",
                  "frag": "x",
                  "id": "P336125.l03c0b",
                  "ref": "P336125.17.9",
                  "inst": "%akk-x-neoass:x=",
                  "f": {
                    "lang": "akk-x-neoass",
                    "form": "x"
                  }
                },
                {
                  "node": "l",
                  "frag": "x]",
                  "id": "P336125.l03c0c",
                  "ref": "P336125.17.10",
                  "inst": "%akk-x-neoass:x=",
                  "f": {
                    "lang": "akk-x-neoass",
                    "form": "x"
                  }
                },
                {
                  "node": "d",
                  "type": "line-start",
                  "ref": "P336125.18",
                  "n": "3",
                  "label": "r 3"
                },
                {
                  "node": "l",
                  "frag": "EME-šu₂",
                  "id": "P336125.l03c0d",
                  "ref": "P336125.18.1",
                  "inst": "%akk-x-neoass:EME-šu₂=",
                  "f": {
                    "lang": "akk-x-neoass",
                    "form": "EME-šu₂"
                  }
                },
                {
                  "node": "l",
                  "frag": "i-bat-tu-qu",
                  "id": "P336125.l03c0e",
                  "ref": "P336125.18.2",
                  "inst": "%akk-x-neoass:i-bat-tu-qu=",
                  "f": {
                    "lang": "akk-x-neoass",
                    "form": "i-bat-tu-qu"
                  }
                },
                {
                  "node": "l",
                  "frag": "a-na",
                  "id": "P336125.l03c0f",
                  "ref": "P336125.18.3",
                  "inst": "%akk-x-neoass:a-na=",
                  "f": {
                    "lang": "akk-x-neoass",
                    "form": "a-na"
                  }
                },
                {
                  "node": "l",
                  "frag": "EGIR",
                  "id": "P336125.l03c10",
                  "ref": "P336125.18.4",
                  "inst": "%akk-x-neoass:EGIR=",
                  "f": {
                    "lang": "akk-x-neoass",
                    "form": "EGIR"
                  }
                },
                {
                  "node": "l",
                  "frag": "UD-me",
                  "id": "P336125.l03c11",
                  "ref": "P336125.18.5",
                  "inst": "%akk-x-neoass:UD-me=",
                  "f": {
                    "lang": "akk-x-neoass",
                    "form": "UD-me"
                  }
                },
                {
                  "node": "l",
                  "frag": "a-na",
                  "id": "P336125.l03c12",
                  "ref": "P336125.18.6",
                  "inst": "%akk-x-neoass:a-na=",
                  "f": {
                    "lang": "akk-x-neoass",
                    "form": "a-na"
                  }
                },
                {
                  "node": "l",
                  "frag": "UD",
                  "id": "P336125.l03c13",
                  "ref": "P336125.18.7",
                  "inst": "%akk-x-neoass:UD=",
                  "f": {
                    "lang": "akk-x-neoass",
                    "form": "UD"
                  }
                },
                {
                  "node": "l",
                  "frag": "ṣa-a-[te",
                  "id": "P336125.l03c14",
                  "ref": "P336125.18.8",
                  "inst": "%akk-x-neoass:ṣa-a-te=",
                  "f": {
                    "lang": "akk-x-neoass",
                    "form": "ṣa-a-te"
                  }
                },
                {
                  "node": "l",
                  "frag": "o]",
                  "id": "P336125.l03c15",
                  "ref": "P336125.18.9",
                  "inst": "%akk-x-neoass:o=",
                  "f": {
                    "lang": "akk-x-neoass",
                    "form": "o"
                  }
                },
                {
                  "node": "d",
                  "type": "line-start",
                  "ref": "P336125.19",
                  "n": "4",
                  "label": "r 4"
                },
                {
                  "node": "l",
                  "frag": "ina",
                  "id": "P336125.l03c16",
                  "ref": "P336125.19.1",
                  "inst": "%akk-x-neoass:ina=",
                  "f": {
                    "lang": "akk-x-neoass",
                    "form": "ina"
                  }
                },
                {
                  "node": "l",
                  "frag": "ŠA₃",
                  "id": "P336125.l03c17",
                  "ref": "P336125.19.2",
                  "inst": "%akk-x-neoass:ŠA₃=",
                  "f": {
                    "lang": "akk-x-neoass",
                    "form": "ŠA₃"
                  }
                },
                {
                  "node": "l",
                  "frag": "{lu₂v}um-ma-ni",
                  "id": "P336125.l03c18",
                  "ref": "P336125.19.3",
                  "inst": "%akk-x-neoass:{LU₂}um-ma-ni=",
                  "f": {
                    "lang": "akk-x-neoass",
                    "form": "{LU₂}um-ma-ni"
                  }
                },
                {
                  "node": "l",
                  "frag": "{kur}aš-šur-a.a",
                  "id": "P336125.l03c19",
                  "ref": "P336125.19.4",
                  "inst": "%akk-x-neoass:{KUR}aš-šur-a.a=",
                  "f": {
                    "lang": "akk-x-neoass",
                    "form": "{KUR}aš-šur-a.a"
                  }
                },
                {
                  "node": "l",
                  "frag": "{lu₂v}e-rib-te",
                  "id": "P336125.l03c1a",
                  "ref": "P336125.19.5",
                  "inst": "%akk-x-neoass:{LU₂}e-rib-te=",
                  "f": {
                    "lang": "akk-x-neoass",
                    "form": "{LU₂}e-rib-te"
                  }
                },
                {
                  "node": "l",
                  "frag": "{lu₂v}a-[lik-il-ki]",
                  "id": "P336125.l03c1b",
                  "ref": "P336125.19.6",
                  "inst": "%akk-x-neoass:{LU₂}a-lik-il-ki=",
                  "f": {
                    "lang": "akk-x-neoass",
                    "form": "{LU₂}a-lik-il-ki"
                  }
                },
                {
                  "node": "d",
                  "type": "line-start",
                  "ref": "P336125.20",
                  "n": "5",
                  "label": "r 5"
                },
                {
                  "node": "l",
                  "frag": "šu-a-tu-⸢nu⸣",
                  "id": "P336125.l03c1c",
                  "ref": "P336125.20.1",
                  "inst": "%akk-x-neoass:šu-a-tu-nu=",
                  "f": {
                    "lang": "akk-x-neoass",
                    "form": "šu-a-tu-nu"
                  }
                },
                {
                  "node": "l",
                  "frag": "[x",
                  "id": "P336125.l03c1d",
                  "ref": "P336125.20.2",
                  "inst": "%akk-x-neoass:x=",
                  "f": {
                    "lang": "akk-x-neoass",
                    "form": "x"
                  }
                },
                {
                  "node": "l",
                  "frag": "x",
                  "id": "P336125.l03c1e",
                  "ref": "P336125.20.3",
                  "inst": "%akk-x-neoass:x=",
                  "f": {
                    "lang": "akk-x-neoass",
                    "form": "x"
                  }
                },
                {
                  "node": "l",
                  "frag": "x",
                  "id": "P336125.l03c1f",
                  "ref": "P336125.20.4",
                  "inst": "%akk-x-neoass:x=",
                  "f": {
                    "lang": "akk-x-neoass",
                    "form": "x"
                  }
                },
                {
                  "node": "l",
                  "frag": "x",
                  "id": "P336125.l03c20",
                  "ref": "P336125.20.5",
                  "inst": "%akk-x-neoass:x=",
                  "f": {
                    "lang": "akk-x-neoass",
                    "form": "x"
                  }
                },
                {
                  "node": "l",
                  "frag": "x",
                  "id": "P336125.l03c21",
                  "ref": "P336125.20.6",
                  "inst": "%akk-x-neoass:x=",
                  "f": {
                    "lang": "akk-x-neoass",
                    "form": "x"
                  }
                },
                {
                  "node": "l",
                  "frag": "x]+⸢x⸣-pa-ra",
                  "id": "P336125.l03c22",
                  "ref": "P336125.20.7",
                  "inst": "%akk-x-neoass:x+x-pa-ra=",
                  "f": {
                    "lang": "akk-x-neoass",
                    "form": "x+x-pa-ra"
                  }
                },
                {
                  "node": "l",
                  "frag": "pa-nu-šu",
                  "id": "P336125.l03c23",
                  "ref": "P336125.20.8",
                  "inst": "%akk-x-neoass:pa-nu-šu=",
                  "f": {
                    "lang": "akk-x-neoass",
                    "form": "pa-nu-šu"
                  }
                },
                {
                  "node": "l",
                  "frag": "ni-[x",
                  "id": "P336125.l03c24",
                  "ref": "P336125.20.9",
                  "inst": "%akk-x-neoass:ni-x=",
                  "f": {
                    "lang": "akk-x-neoass",
                    "form": "ni-x"
                  }
                },
                {
                  "node": "l",
                  "frag": "x",
                  "id": "P336125.l03c25",
                  "ref": "P336125.20.10",
                  "inst": "%akk-x-neoass:x=",
                  "f": {
                    "lang": "akk-x-neoass",
                    "form": "x"
                  }
                },
                {
                  "node": "l",
                  "frag": "x",
                  "id": "P336125.l03c26",
                  "ref": "P336125.20.11",
                  "inst": "%akk-x-neoass:x=",
                  "f": {
                    "lang": "akk-x-neoass",
                    "form": "x"
                  }
                },
                {
                  "node": "l",
                  "frag": "x]",
                  "id": "P336125.l03c27",
                  "ref": "P336125.20.12",
                  "inst": "%akk-x-neoass:x=",
                  "f": {
                    "lang": "akk-x-neoass",
                    "form": "x"
                  }
                },
                {
                  "node": "d",
                  "type": "nonx",
                  "ref": "P336125.21",
                  "strict": "0",
                  "extent": "n",
                  "scope": "line",
                  "state": "missing"
                },
                {
                  "node": "d",
                  "type": "line-start",
                  "ref": "P336125.22",
                  "n": "6'",
                  "label": "r 6'"
                },
                {
                  "node": "l",
                  "frag": "[x",
                  "id": "P336125.l03c28",
                  "ref": "P336125.22.1",
                  "inst": "%akk-x-neoass:x=",
                  "f": {
                    "lang": "akk-x-neoass",
                    "form": "x"
                  }
                },
                {
                  "node": "l",
                  "frag": "x",
                  "id": "P336125.l03c29",
                  "ref": "P336125.22.2",
                  "inst": "%akk-x-neoass:x=",
                  "f": {
                    "lang": "akk-x-neoass",
                    "form": "x"
                  }
                },
                {
                  "node": "l",
                  "frag": "x",
                  "id": "P336125.l03c2a",
                  "ref": "P336125.22.3",
                  "inst": "%akk-x-neoass:x=",
                  "f": {
                    "lang": "akk-x-neoass",
                    "form": "x"
                  }
                },
                {
                  "node": "l",
                  "frag": "x",
                  "id": "P336125.l03c2b",
                  "ref": "P336125.22.4",
                  "inst": "%akk-x-neoass:x=",
                  "f": {
                    "lang": "akk-x-neoass",
                    "form": "x"
                  }
                },
                {
                  "node": "l",
                  "frag": "x",
                  "id": "P336125.l03c2c",
                  "ref": "P336125.22.5",
                  "inst": "%akk-x-neoass:x=",
                  "f": {
                    "lang": "akk-x-neoass",
                    "form": "x"
                  }
                },
                {
                  "node": "l",
                  "frag": "x",
                  "id": "P336125.l03c2d",
                  "ref": "P336125.22.6",
                  "inst": "%akk-x-neoass:x=",
                  "f": {
                    "lang": "akk-x-neoass",
                    "form": "x"
                  }
                },
                {
                  "node": "l",
                  "frag": "x",
                  "id": "P336125.l03c2e",
                  "ref": "P336125.22.7",
                  "inst": "%akk-x-neoass:x=",
                  "f": {
                    "lang": "akk-x-neoass",
                    "form": "x"
                  }
                },
                {
                  "node": "l",
                  "frag": "x",
                  "id": "P336125.l03c2f",
                  "ref": "P336125.22.8",
                  "inst": "%akk-x-neoass:x=",
                  "f": {
                    "lang": "akk-x-neoass",
                    "form": "x"
                  }
                },
                {
                  "node": "l",
                  "frag": "x",
                  "id": "P336125.l03c30",
                  "ref": "P336125.22.9",
                  "inst": "%akk-x-neoass:x=",
                  "f": {
                    "lang": "akk-x-neoass",
                    "form": "x"
                  }
                },
                {
                  "node": "l",
                  "frag": "x",
                  "id": "P336125.l03c31",
                  "ref": "P336125.22.10",
                  "inst": "%akk-x-neoass:x=",
                  "f": {
                    "lang": "akk-x-neoass",
                    "form": "x"
                  }
                },
                {
                  "node": "l",
                  "frag": "x",
                  "id": "P336125.l03c32",
                  "ref": "P336125.22.11",
                  "inst": "%akk-x-neoass:x=",
                  "f": {
                    "lang": "akk-x-neoass",
                    "form": "x"
                  }
                },
                {
                  "node": "l",
                  "frag": "x",
                  "id": "P336125.l03c33",
                  "ref": "P336125.22.12",
                  "inst": "%akk-x-neoass:x=",
                  "f": {
                    "lang": "akk-x-neoass",
                    "form": "x"
                  }
                },
                {
                  "node": "l",
                  "frag": "x",
                  "id": "P336125.l03c34",
                  "ref": "P336125.22.13",
                  "inst": "%akk-x-neoass:x=",
                  "f": {
                    "lang": "akk-x-neoass",
                    "form": "x"
                  }
                },
                {
                  "node": "l",
                  "frag": "x",
                  "id": "P336125.l03c35",
                  "ref": "P336125.22.14",
                  "inst": "%akk-x-neoass:x=",
                  "f": {
                    "lang": "akk-x-neoass",
                    "form": "x"
                  }
                },
                {
                  "node": "l",
                  "frag": "x]",
                  "id": "P336125.l03c36",
                  "ref": "P336125.22.15",
                  "inst": "%akk-x-neoass:x=",
                  "f": {
                    "lang": "akk-x-neoass",
                    "form": "x"
                  }
                },
                {
                  "node": "l",
                  "frag": "lu",
                  "id": "P336125.l03c37",
                  "ref": "P336125.22.16",
                  "inst": "%akk-x-neoass:lu=",
                  "f": {
                    "lang": "akk-x-neoass",
                    "form": "lu"
                  }
                },
                {
                  "node": "l",
                  "frag": "ni",
                  "id": "P336125.l03c38",
                  "ref": "P336125.22.17",
                  "inst": "%akk-x-neoass:ni=",
                  "f": {
                    "lang": "akk-x-neoass",
                    "form": "ni"
                  }
                },
                {
                  "node": "l",
                  "frag": "[x",
                  "id": "P336125.l03c39",
                  "ref": "P336125.22.18",
                  "inst": "%akk-x-neoass:x=",
                  "f": {
                    "lang": "akk-x-neoass",
                    "form": "x"
                  }
                },
                {
                  "node": "l",
                  "frag": "x",
                  "id": "P336125.l03c3a",
                  "ref": "P336125.22.19",
                  "inst": "%akk-x-neoass:x=",
                  "f": {
                    "lang": "akk-x-neoass",
                    "form": "x"
                  }
                },
                {
                  "node": "l",
                  "frag": "x",
                  "id": "P336125.l03c3b",
                  "ref": "P336125.22.20",
                  "inst": "%akk-x-neoass:x=",
                  "f": {
                    "lang": "akk-x-neoass",
                    "form": "x"
                  }
                },
                {
                  "node": "l",
                  "frag": "x",
                  "id": "P336125.l03c3c",
                  "ref": "P336125.22.21",
                  "inst": "%akk-x-neoass:x=",
                  "f": {
                    "lang": "akk-x-neoass",
                    "form": "x"
                  }
                },
                {
                  "node": "l",
                  "frag": "x]",
                  "id": "P336125.l03c3d",
                  "ref": "P336125.22.22",
                  "inst": "%akk-x-neoass:x=",
                  "f": {
                    "lang": "akk-x-neoass",
                    "form": "x"
                  }
                },
                {
                  "node": "d",
                  "type": "line-start",
                  "ref": "P336125.23",
                  "n": "7'",
                  "label": "r 7'"
                },
                {
                  "node": "l",
                  "frag": "[x",
                  "id": "P336125.l03c3e",
                  "ref": "P336125.23.1",
                  "inst": "%akk-x-neoass:x=",
                  "f": {
                    "lang": "akk-x-neoass",
                    "form": "x"
                  }
                },
                {
                  "node": "l",
                  "frag": "x",
                  "id": "P336125.l03c3f",
                  "ref": "P336125.23.2",
                  "inst": "%akk-x-neoass:x=",
                  "f": {
                    "lang": "akk-x-neoass",
                    "form": "x"
                  }
                },
                {
                  "node": "l",
                  "frag": "x",
                  "id": "P336125.l03c40",
                  "ref": "P336125.23.3",
                  "inst": "%akk-x-neoass:x=",
                  "f": {
                    "lang": "akk-x-neoass",
                    "form": "x"
                  }
                },
                {
                  "node": "l",
                  "frag": "x",
                  "id": "P336125.l03c41",
                  "ref": "P336125.23.4",
                  "inst": "%akk-x-neoass:x=",
                  "f": {
                    "lang": "akk-x-neoass",
                    "form": "x"
                  }
                },
                {
                  "node": "l",
                  "frag": "x",
                  "id": "P336125.l03c42",
                  "ref": "P336125.23.5",
                  "inst": "%akk-x-neoass:x=",
                  "f": {
                    "lang": "akk-x-neoass",
                    "form": "x"
                  }
                },
                {
                  "node": "l",
                  "frag": "x",
                  "id": "P336125.l03c43",
                  "ref": "P336125.23.6",
                  "inst": "%akk-x-neoass:x=",
                  "f": {
                    "lang": "akk-x-neoass",
                    "form": "x"
                  }
                },
                {
                  "node": "l",
                  "frag": "x",
                  "id": "P336125.l03c44",
                  "ref": "P336125.23.7",
                  "inst": "%akk-x-neoass:x=",
                  "f": {
                    "lang": "akk-x-neoass",
                    "form": "x"
                  }
                },
                {
                  "node": "l",
                  "frag": "x",
                  "id": "P336125.l03c45",
                  "ref": "P336125.23.8",
                  "inst": "%akk-x-neoass:x=",
                  "f": {
                    "lang": "akk-x-neoass",
                    "form": "x"
                  }
                },
                {
                  "node": "l",
                  "frag": "x",
                  "id": "P336125.l03c46",
                  "ref": "P336125.23.9",
                  "inst": "%akk-x-neoass:x=",
                  "f": {
                    "lang": "akk-x-neoass",
                    "form": "x"
                  }
                },
                {
                  "node": "l",
                  "frag": "x",
                  "id": "P336125.l03c47",
                  "ref": "P336125.23.10",
                  "inst": "%akk-x-neoass:x=",
                  "f": {
                    "lang": "akk-x-neoass",
                    "form": "x"
                  }
                },
                {
                  "node": "l",
                  "frag": "x",
                  "id": "P336125.l03c48",
                  "ref": "P336125.23.11",
                  "inst": "%akk-x-neoass:x=",
                  "f": {
                    "lang": "akk-x-neoass",
                    "form": "x"
                  }
                },
                {
                  "node": "l",
                  "frag": "x",
                  "id": "P336125.l03c49",
                  "ref": "P336125.23.12",
                  "inst": "%akk-x-neoass:x=",
                  "f": {
                    "lang": "akk-x-neoass",
                    "form": "x"
                  }
                },
                {
                  "node": "l",
                  "frag": "x]",
                  "id": "P336125.l03c4a",
                  "ref": "P336125.23.13",
                  "inst": "%akk-x-neoass:x=",
                  "f": {
                    "lang": "akk-x-neoass",
                    "form": "x"
                  }
                },
                {
                  "node": "l",
                  "frag": "⸢EN",
                  "id": "P336125.l03c4b",
                  "ref": "P336125.23.14",
                  "inst": "%akk-x-neoass:EN=",
                  "f": {
                    "lang": "akk-x-neoass",
                    "form": "EN"
                  }
                },
                {
                  "node": "l",
                  "frag": "{lu₂v⸣}GAR-⸢šu₂⸣",
                  "id": "P336125.l03c4c",
                  "ref": "P336125.23.15",
                  "inst": "%akk-x-neoass:{LU₂}GAR-šu₂=",
                  "f": {
                    "lang": "akk-x-neoass",
                    "form": "{LU₂}GAR-šu₂"
                  }
                },
                {
                  "node": "l",
                  "frag": "[x",
                  "id": "P336125.l03c4d",
                  "ref": "P336125.23.16",
                  "inst": "%akk-x-neoass:x=",
                  "f": {
                    "lang": "akk-x-neoass",
                    "form": "x"
                  }
                },
                {
                  "node": "l",
                  "frag": "x",
                  "id": "P336125.l03c4e",
                  "ref": "P336125.23.17",
                  "inst": "%akk-x-neoass:x=",
                  "f": {
                    "lang": "akk-x-neoass",
                    "form": "x"
                  }
                },
                {
                  "node": "l",
                  "frag": "x",
                  "id": "P336125.l03c4f",
                  "ref": "P336125.23.18",
                  "inst": "%akk-x-neoass:x=",
                  "f": {
                    "lang": "akk-x-neoass",
                    "form": "x"
                  }
                },
                {
                  "node": "l",
                  "frag": "x]",
                  "id": "P336125.l03c50",
                  "ref": "P336125.23.19",
                  "inst": "%akk-x-neoass:x=",
                  "f": {
                    "lang": "akk-x-neoass",
                    "form": "x"
                  }
                },
                {
                  "node": "d",
                  "type": "nonx",
                  "ref": "P336125.24",
                  "strict": "0",
                  "extent": "rest",
                  "state": "other"
                }
              ]
            }
          ]
        }
      ]
    }
  ]
}
