{
  "type": "cdl",
  "source": "http://oracc.org/saao/saa12",
  "license": "This data is released under the CC0 license",
  "license-url": "https://creativecommons.org/publicdomain/zero/1.0/",
  "more-info": "http://oracc.org/doc/opendata/",
  "UTC-timestamp": "2017-06-10T00:50:31",
  "project": "saao/saa12",
  "textid": "P338367",
  "cdl": [
    {
      "node": "c",
      "type": "text",
      "id": "P338367.U0",
      "cdl": [
        {
          "node": "d",
          "type": "object",
          "ref": ""
        },
        {
          "node": "d",
          "subtype": "obverse",
          "type": "obverse",
          "ref": "P338367.o.1",
          "label": "o"
        },
        {
          "node": "c",
          "type": "discourse",
          "subtype": "body",
          "id": "P338367.U1",
          "cdl": [
            {
              "node": "c",
              "type": "sentence",
              "id": "P338367.U2",
              "label": "o 1 - e. 2",
              "cdl": [
                {
                  "node": "d",
                  "type": "line-start",
                  "ref": "P338367.2",
                  "n": "1",
                  "label": "o 1"
                },
                {
                  "node": "l",
                  "frag": "⸢a-na⸣",
                  "id": "P338367.l00c83",
                  "ref": "P338367.2.1",
                  "inst": "%akk-x-neoass:a-na=",
                  "f": {
                    "lang": "akk-x-neoass",
                    "form": "a-na"
                  }
                },
                {
                  "node": "l",
                  "frag": "[x",
                  "id": "P338367.l00c84",
                  "ref": "P338367.2.2",
                  "inst": "%akk-x-neoass:x=",
                  "f": {
                    "lang": "akk-x-neoass",
                    "form": "x"
                  }
                },
                {
                  "node": "l",
                  "frag": "x",
                  "id": "P338367.l00c85",
                  "ref": "P338367.2.3",
                  "inst": "%akk-x-neoass:x=",
                  "f": {
                    "lang": "akk-x-neoass",
                    "form": "x"
                  }
                },
                {
                  "node": "l",
                  "frag": "x",
                  "id": "P338367.l00c86",
                  "ref": "P338367.2.4",
                  "inst": "%akk-x-neoass:x=",
                  "f": {
                    "lang": "akk-x-neoass",
                    "form": "x"
                  }
                },
                {
                  "node": "l",
                  "frag": "x",
                  "id": "P338367.l00c87",
                  "ref": "P338367.2.5",
                  "inst": "%akk-x-neoass:x=",
                  "f": {
                    "lang": "akk-x-neoass",
                    "form": "x"
                  }
                },
                {
                  "node": "l",
                  "frag": "x",
                  "id": "P338367.l00c88",
                  "ref": "P338367.2.6",
                  "inst": "%akk-x-neoass:x=",
                  "f": {
                    "lang": "akk-x-neoass",
                    "form": "x"
                  }
                },
                {
                  "node": "l",
                  "frag": "x",
                  "id": "P338367.l00c89",
                  "ref": "P338367.2.7",
                  "inst": "%akk-x-neoass:x=",
                  "f": {
                    "lang": "akk-x-neoass",
                    "form": "x"
                  }
                },
                {
                  "node": "l",
                  "frag": "x",
                  "id": "P338367.l00c8a",
                  "ref": "P338367.2.8",
                  "inst": "%akk-x-neoass:x=",
                  "f": {
                    "lang": "akk-x-neoass",
                    "form": "x"
                  }
                },
                {
                  "node": "l",
                  "frag": "x]",
                  "id": "P338367.l00c8b",
                  "ref": "P338367.2.9",
                  "inst": "%akk-x-neoass:x=",
                  "f": {
                    "lang": "akk-x-neoass",
                    "form": "x"
                  }
                },
                {
                  "node": "d",
                  "type": "line-start",
                  "ref": "P338367.3",
                  "n": "2",
                  "label": "o 2"
                },
                {
                  "node": "l",
                  "frag": "be-el-[ti-ia",
                  "id": "P338367.l00c8c",
                  "ref": "P338367.3.1",
                  "inst": "%akk-x-neoass:be-el-ti-ia=",
                  "f": {
                    "lang": "akk-x-neoass",
                    "form": "be-el-ti-ia"
                  }
                },
                {
                  "node": "l",
                  "frag": "x",
                  "id": "P338367.l00c8d",
                  "ref": "P338367.3.2",
                  "inst": "%akk-x-neoass:x=",
                  "f": {
                    "lang": "akk-x-neoass",
                    "form": "x"
                  }
                },
                {
                  "node": "l",
                  "frag": "x",
                  "id": "P338367.l00c8e",
                  "ref": "P338367.3.3",
                  "inst": "%akk-x-neoass:x=",
                  "f": {
                    "lang": "akk-x-neoass",
                    "form": "x"
                  }
                },
                {
                  "node": "l",
                  "frag": "x",
                  "id": "P338367.l00c8f",
                  "ref": "P338367.3.4",
                  "inst": "%akk-x-neoass:x=",
                  "f": {
                    "lang": "akk-x-neoass",
                    "form": "x"
                  }
                },
                {
                  "node": "l",
                  "frag": "x",
                  "id": "P338367.l00c90",
                  "ref": "P338367.3.5",
                  "inst": "%akk-x-neoass:x=",
                  "f": {
                    "lang": "akk-x-neoass",
                    "form": "x"
                  }
                },
                {
                  "node": "l",
                  "frag": "x",
                  "id": "P338367.l00c91",
                  "ref": "P338367.3.6",
                  "inst": "%akk-x-neoass:x=",
                  "f": {
                    "lang": "akk-x-neoass",
                    "form": "x"
                  }
                },
                {
                  "node": "l",
                  "frag": "x]",
                  "id": "P338367.l00c92",
                  "ref": "P338367.3.7",
                  "inst": "%akk-x-neoass:x=",
                  "f": {
                    "lang": "akk-x-neoass",
                    "form": "x"
                  }
                },
                {
                  "node": "d",
                  "type": "line-start",
                  "ref": "P338367.4",
                  "n": "3",
                  "label": "o 3"
                },
                {
                  "node": "l",
                  "frag": "qi-⸢x⸣+[x",
                  "id": "P338367.l00c93",
                  "ref": "P338367.4.1",
                  "inst": "%akk-x-neoass:qi-x+x=",
                  "f": {
                    "lang": "akk-x-neoass",
                    "form": "qi-x+x"
                  }
                },
                {
                  "node": "l",
                  "frag": "x",
                  "id": "P338367.l00c94",
                  "ref": "P338367.4.2",
                  "inst": "%akk-x-neoass:x=",
                  "f": {
                    "lang": "akk-x-neoass",
                    "form": "x"
                  }
                },
                {
                  "node": "l",
                  "frag": "x",
                  "id": "P338367.l00c95",
                  "ref": "P338367.4.3",
                  "inst": "%akk-x-neoass:x=",
                  "f": {
                    "lang": "akk-x-neoass",
                    "form": "x"
                  }
                },
                {
                  "node": "l",
                  "frag": "x",
                  "id": "P338367.l00c96",
                  "ref": "P338367.4.4",
                  "inst": "%akk-x-neoass:x=",
                  "f": {
                    "lang": "akk-x-neoass",
                    "form": "x"
                  }
                },
                {
                  "node": "l",
                  "frag": "x",
                  "id": "P338367.l00c97",
                  "ref": "P338367.4.5",
                  "inst": "%akk-x-neoass:x=",
                  "f": {
                    "lang": "akk-x-neoass",
                    "form": "x"
                  }
                },
                {
                  "node": "l",
                  "frag": "x",
                  "id": "P338367.l00c98",
                  "ref": "P338367.4.6",
                  "inst": "%akk-x-neoass:x=",
                  "f": {
                    "lang": "akk-x-neoass",
                    "form": "x"
                  }
                },
                {
                  "node": "l",
                  "frag": "x",
                  "id": "P338367.l00c99",
                  "ref": "P338367.4.7",
                  "inst": "%akk-x-neoass:x=",
                  "f": {
                    "lang": "akk-x-neoass",
                    "form": "x"
                  }
                },
                {
                  "node": "l",
                  "frag": "x",
                  "id": "P338367.l00c9a",
                  "ref": "P338367.4.8",
                  "inst": "%akk-x-neoass:x=",
                  "f": {
                    "lang": "akk-x-neoass",
                    "form": "x"
                  }
                },
                {
                  "node": "l",
                  "frag": "x]",
                  "id": "P338367.l00c9b",
                  "ref": "P338367.4.9",
                  "inst": "%akk-x-neoass:x=",
                  "f": {
                    "lang": "akk-x-neoass",
                    "form": "x"
                  }
                },
                {
                  "node": "d",
                  "type": "line-start",
                  "ref": "P338367.5",
                  "n": "4",
                  "label": "o 4"
                },
                {
                  "node": "l",
                  "frag": "[ana]-ku",
                  "id": "P338367.l00c9c",
                  "ref": "P338367.5.1",
                  "inst": "%akk-x-neoass:ana-ku=",
                  "f": {
                    "lang": "akk-x-neoass",
                    "form": "ana-ku"
                  }
                },
                {
                  "node": "l",
                  "frag": "{1}{d}aš-šur-PAB-AŠ",
                  "id": "P338367.l00c9d",
                  "ref": "P338367.5.2",
                  "inst": "%akk-x-neoass:{1}{d}aš-šur-PAB-AŠ=",
                  "f": {
                    "lang": "akk-x-neoass",
                    "form": "{1}{d}aš-šur-PAB-AŠ"
                  }
                },
                {
                  "node": "l",
                  "frag": "[MAN",
                  "id": "P338367.l00c9e",
                  "ref": "P338367.5.3",
                  "inst": "%akk-x-neoass:MAN=",
                  "f": {
                    "lang": "akk-x-neoass",
                    "form": "MAN"
                  }
                },
                {
                  "node": "l",
                  "frag": "GAL",
                  "id": "P338367.l00c9f",
                  "ref": "P338367.5.4",
                  "inst": "%akk-x-neoass:GAL=",
                  "f": {
                    "lang": "akk-x-neoass",
                    "form": "GAL"
                  }
                },
                {
                  "node": "l",
                  "frag": "MAN",
                  "id": "P338367.l00ca0",
                  "ref": "P338367.5.5",
                  "inst": "%akk-x-neoass:MAN=",
                  "f": {
                    "lang": "akk-x-neoass",
                    "form": "MAN"
                  }
                },
                {
                  "node": "l",
                  "frag": "KUR-aš-šur]",
                  "id": "P338367.l00ca1",
                  "ref": "P338367.5.6",
                  "inst": "%akk-x-neoass:KUR-aš-šur=",
                  "f": {
                    "lang": "akk-x-neoass",
                    "form": "KUR-aš-šur"
                  }
                },
                {
                  "node": "d",
                  "type": "line-start",
                  "ref": "P338367.6",
                  "n": "5",
                  "label": "o 5"
                },
                {
                  "node": "l",
                  "frag": "DUMU",
                  "id": "P338367.l00ca2",
                  "ref": "P338367.6.1",
                  "inst": "%akk-x-neoass:DUMU=",
                  "f": {
                    "lang": "akk-x-neoass",
                    "form": "DUMU"
                  }
                },
                {
                  "node": "l",
                  "frag": "{1}30--PAB-MEŠ-⸢SU⸣",
                  "id": "P338367.l00ca3",
                  "ref": "P338367.6.2",
                  "inst": "%akk-x-neoass:{1}30-PAB-MEŠ-SU=",
                  "f": {
                    "lang": "akk-x-neoass",
                    "form": "{1}30-PAB-MEŠ-SU"
                  }
                },
                {
                  "node": "l",
                  "frag": "MAN",
                  "id": "P338367.l00ca4",
                  "ref": "P338367.6.3",
                  "inst": "%akk-x-neoass:MAN=",
                  "f": {
                    "lang": "akk-x-neoass",
                    "form": "MAN"
                  }
                },
                {
                  "node": "l",
                  "frag": "⸢GAL⸣",
                  "id": "P338367.l00ca5",
                  "ref": "P338367.6.4",
                  "inst": "%akk-x-neoass:GAL=",
                  "f": {
                    "lang": "akk-x-neoass",
                    "form": "GAL"
                  }
                },
                {
                  "node": "l",
                  "frag": "[MAN",
                  "id": "P338367.l00ca6",
                  "ref": "P338367.6.5",
                  "inst": "%akk-x-neoass:MAN=",
                  "f": {
                    "lang": "akk-x-neoass",
                    "form": "MAN"
                  }
                },
                {
                  "node": "l",
                  "frag": "KUR-aš-šur-ma]",
                  "id": "P338367.l00ca7",
                  "ref": "P338367.6.6",
                  "inst": "%akk-x-neoass:KUR-aš-šur-ma=",
                  "f": {
                    "lang": "akk-x-neoass",
                    "form": "KUR-aš-šur-ma"
                  }
                },
                {
                  "node": "d",
                  "type": "line-start",
                  "ref": "P338367.7",
                  "n": "6",
                  "label": "o 6"
                },
                {
                  "node": "l",
                  "frag": "aš₂-al-ma",
                  "id": "P338367.l00ca8",
                  "ref": "P338367.7.1",
                  "inst": "%akk-x-neoass:aš₂-al-ma=",
                  "f": {
                    "lang": "akk-x-neoass",
                    "form": "aš₂-al-ma"
                  }
                },
                {
                  "node": "l",
                  "frag": "ina",
                  "id": "P338367.l00ca9",
                  "ref": "P338367.7.2",
                  "inst": "%akk-x-neoass:ina=",
                  "f": {
                    "lang": "akk-x-neoass",
                    "form": "ina"
                  }
                },
                {
                  "node": "l",
                  "frag": "ŠA₃-⸢bi⸣-ia₂",
                  "id": "P338367.l00caa",
                  "ref": "P338367.7.3",
                  "inst": "%akk-x-neoass:ŠA₃-bi-ia₂=",
                  "f": {
                    "lang": "akk-x-neoass",
                    "form": "ŠA₃-bi-ia₂"
                  }
                },
                {
                  "node": "l",
                  "frag": "u₂-[x",
                  "id": "P338367.l00cab",
                  "ref": "P338367.7.4",
                  "inst": "%akk-x-neoass:u₂-x=",
                  "f": {
                    "lang": "akk-x-neoass",
                    "form": "u₂-x"
                  }
                },
                {
                  "node": "l",
                  "frag": "x",
                  "id": "P338367.l00cac",
                  "ref": "P338367.7.5",
                  "inst": "%akk-x-neoass:x=",
                  "f": {
                    "lang": "akk-x-neoass",
                    "form": "x"
                  }
                },
                {
                  "node": "l",
                  "frag": "x",
                  "id": "P338367.l00cad",
                  "ref": "P338367.7.6",
                  "inst": "%akk-x-neoass:x=",
                  "f": {
                    "lang": "akk-x-neoass",
                    "form": "x"
                  }
                },
                {
                  "node": "l",
                  "frag": "x]",
                  "id": "P338367.l00cae",
                  "ref": "P338367.7.7",
                  "inst": "%akk-x-neoass:x=",
                  "f": {
                    "lang": "akk-x-neoass",
                    "form": "x"
                  }
                },
                {
                  "node": "d",
                  "type": "line-start",
                  "ref": "P338367.8",
                  "n": "7",
                  "label": "o 7"
                },
                {
                  "node": "l",
                  "frag": "⸢ri",
                  "id": "P338367.l00caf",
                  "ref": "P338367.8.1",
                  "inst": "%akk-x-neoass:ri=",
                  "f": {
                    "lang": "akk-x-neoass",
                    "form": "ri"
                  }
                },
                {
                  "node": "l",
                  "frag": "x⸣",
                  "id": "P338367.l00cb0",
                  "ref": "P338367.8.2",
                  "inst": "%akk-x-neoass:x=",
                  "f": {
                    "lang": "akk-x-neoass",
                    "form": "x"
                  }
                },
                {
                  "node": "l",
                  "frag": "[x]+⸢x⸣",
                  "id": "P338367.l00cb1",
                  "ref": "P338367.8.3",
                  "inst": "%akk-x-neoass:x+x=",
                  "f": {
                    "lang": "akk-x-neoass",
                    "form": "x+x"
                  }
                },
                {
                  "node": "l",
                  "frag": "a",
                  "id": "P338367.l00cb2",
                  "ref": "P338367.8.4",
                  "inst": "%akk-x-neoass:a=",
                  "f": {
                    "lang": "akk-x-neoass",
                    "form": "a"
                  }
                },
                {
                  "node": "l",
                  "frag": "DU-ku",
                  "id": "P338367.l00cb3",
                  "ref": "P338367.8.5",
                  "inst": "%akk-x-neoass:DU-ku=",
                  "f": {
                    "lang": "akk-x-neoass",
                    "form": "DU-ku"
                  }
                },
                {
                  "node": "l",
                  "frag": "[x",
                  "id": "P338367.l00cb4",
                  "ref": "P338367.8.6",
                  "inst": "%akk-x-neoass:x=",
                  "f": {
                    "lang": "akk-x-neoass",
                    "form": "x"
                  }
                },
                {
                  "node": "l",
                  "frag": "x",
                  "id": "P338367.l00cb5",
                  "ref": "P338367.8.7",
                  "inst": "%akk-x-neoass:x=",
                  "f": {
                    "lang": "akk-x-neoass",
                    "form": "x"
                  }
                },
                {
                  "node": "l",
                  "frag": "x",
                  "id": "P338367.l00cb6",
                  "ref": "P338367.8.8",
                  "inst": "%akk-x-neoass:x=",
                  "f": {
                    "lang": "akk-x-neoass",
                    "form": "x"
                  }
                },
                {
                  "node": "l",
                  "frag": "x]",
                  "id": "P338367.l00cb7",
                  "ref": "P338367.8.9",
                  "inst": "%akk-x-neoass:x=",
                  "f": {
                    "lang": "akk-x-neoass",
                    "form": "x"
                  }
                },
                {
                  "node": "d",
                  "type": "line-start",
                  "ref": "P338367.9",
                  "n": "8",
                  "label": "o 8"
                },
                {
                  "node": "l",
                  "frag": "[x]",
                  "id": "P338367.l00cb8",
                  "ref": "P338367.9.1",
                  "inst": "%akk-x-neoass:x=",
                  "f": {
                    "lang": "akk-x-neoass",
                    "form": "x"
                  }
                },
                {
                  "node": "l",
                  "frag": "⸢gi",
                  "id": "P338367.l00cb9",
                  "ref": "P338367.9.2",
                  "inst": "%akk-x-neoass:gi=",
                  "f": {
                    "lang": "akk-x-neoass",
                    "form": "gi"
                  }
                },
                {
                  "node": "l",
                  "frag": "x",
                  "id": "P338367.l00cba",
                  "ref": "P338367.9.3",
                  "inst": "%akk-x-neoass:x=",
                  "f": {
                    "lang": "akk-x-neoass",
                    "form": "x"
                  }
                },
                {
                  "node": "l",
                  "frag": "E₂⸣",
                  "id": "P338367.l00cbb",
                  "ref": "P338367.9.4",
                  "inst": "%akk-x-neoass:E₂=",
                  "f": {
                    "lang": "akk-x-neoass",
                    "form": "E₂"
                  }
                },
                {
                  "node": "l",
                  "frag": "[x",
                  "id": "P338367.l00cbc",
                  "ref": "P338367.9.5",
                  "inst": "%akk-x-neoass:x=",
                  "f": {
                    "lang": "akk-x-neoass",
                    "form": "x"
                  }
                },
                {
                  "node": "l",
                  "frag": "x",
                  "id": "P338367.l00cbd",
                  "ref": "P338367.9.6",
                  "inst": "%akk-x-neoass:x=",
                  "f": {
                    "lang": "akk-x-neoass",
                    "form": "x"
                  }
                },
                {
                  "node": "l",
                  "frag": "x",
                  "id": "P338367.l00cbe",
                  "ref": "P338367.9.7",
                  "inst": "%akk-x-neoass:x=",
                  "f": {
                    "lang": "akk-x-neoass",
                    "form": "x"
                  }
                },
                {
                  "node": "l",
                  "frag": "x",
                  "id": "P338367.l00cbf",
                  "ref": "P338367.9.8",
                  "inst": "%akk-x-neoass:x=",
                  "f": {
                    "lang": "akk-x-neoass",
                    "form": "x"
                  }
                },
                {
                  "node": "l",
                  "frag": "x]",
                  "id": "P338367.l00cc0",
                  "ref": "P338367.9.9",
                  "inst": "%akk-x-neoass:x=",
                  "f": {
                    "lang": "akk-x-neoass",
                    "form": "x"
                  }
                },
                {
                  "node": "d",
                  "type": "line-start",
                  "ref": "P338367.10",
                  "n": "9",
                  "label": "o 9"
                },
                {
                  "node": "l",
                  "frag": "a-na",
                  "id": "P338367.l00cc1",
                  "ref": "P338367.10.1",
                  "inst": "%akk-x-neoass:a-na=",
                  "f": {
                    "lang": "akk-x-neoass",
                    "form": "a-na"
                  }
                },
                {
                  "node": "l",
                  "frag": "⸢x",
                  "id": "P338367.l00cc2",
                  "ref": "P338367.10.2",
                  "inst": "%akk-x-neoass:x=",
                  "f": {
                    "lang": "akk-x-neoass",
                    "form": "x"
                  }
                },
                {
                  "node": "l",
                  "frag": "x⸣",
                  "id": "P338367.l00cc3",
                  "ref": "P338367.10.3",
                  "inst": "%akk-x-neoass:x=",
                  "f": {
                    "lang": "akk-x-neoass",
                    "form": "x"
                  }
                },
                {
                  "node": "l",
                  "frag": "u₂-⸢x⸣+[x",
                  "id": "P338367.l00cc4",
                  "ref": "P338367.10.4",
                  "inst": "%akk-x-neoass:u₂-x+x=",
                  "f": {
                    "lang": "akk-x-neoass",
                    "form": "u₂-x+x"
                  }
                },
                {
                  "node": "l",
                  "frag": "x",
                  "id": "P338367.l00cc5",
                  "ref": "P338367.10.5",
                  "inst": "%akk-x-neoass:x=",
                  "f": {
                    "lang": "akk-x-neoass",
                    "form": "x"
                  }
                },
                {
                  "node": "l",
                  "frag": "x",
                  "id": "P338367.l00cc6",
                  "ref": "P338367.10.6",
                  "inst": "%akk-x-neoass:x=",
                  "f": {
                    "lang": "akk-x-neoass",
                    "form": "x"
                  }
                },
                {
                  "node": "l",
                  "frag": "x",
                  "id": "P338367.l00cc7",
                  "ref": "P338367.10.7",
                  "inst": "%akk-x-neoass:x=",
                  "f": {
                    "lang": "akk-x-neoass",
                    "form": "x"
                  }
                },
                {
                  "node": "l",
                  "frag": "x]",
                  "id": "P338367.l00cc8",
                  "ref": "P338367.10.8",
                  "inst": "%akk-x-neoass:x=",
                  "f": {
                    "lang": "akk-x-neoass",
                    "form": "x"
                  }
                },
                {
                  "node": "d",
                  "subtype": "bottom",
                  "type": "bottom",
                  "ref": "P338367.b.e..11",
                  "label": "b.e."
                },
                {
                  "node": "d",
                  "type": "line-start",
                  "ref": "P338367.12",
                  "n": "10",
                  "label": "b.e. 10"
                },
                {
                  "node": "l",
                  "frag": "a-na",
                  "id": "P338367.l00cc9",
                  "ref": "P338367.12.1",
                  "inst": "%akk-x-neoass:a-na=",
                  "f": {
                    "lang": "akk-x-neoass",
                    "form": "a-na"
                  }
                },
                {
                  "node": "l",
                  "frag": "⸢x",
                  "id": "P338367.l00cca",
                  "ref": "P338367.12.2",
                  "inst": "%akk-x-neoass:x=",
                  "f": {
                    "lang": "akk-x-neoass",
                    "form": "x"
                  }
                },
                {
                  "node": "l",
                  "frag": "x",
                  "id": "P338367.l00ccb",
                  "ref": "P338367.12.3",
                  "inst": "%akk-x-neoass:x=",
                  "f": {
                    "lang": "akk-x-neoass",
                    "form": "x"
                  }
                },
                {
                  "node": "l",
                  "frag": "x⸣+[x",
                  "id": "P338367.l00ccc",
                  "ref": "P338367.12.4",
                  "inst": "%akk-x-neoass:x+x=",
                  "f": {
                    "lang": "akk-x-neoass",
                    "form": "x+x"
                  }
                },
                {
                  "node": "l",
                  "frag": "x",
                  "id": "P338367.l00ccd",
                  "ref": "P338367.12.5",
                  "inst": "%akk-x-neoass:x=",
                  "f": {
                    "lang": "akk-x-neoass",
                    "form": "x"
                  }
                },
                {
                  "node": "l",
                  "frag": "x",
                  "id": "P338367.l00cce",
                  "ref": "P338367.12.6",
                  "inst": "%akk-x-neoass:x=",
                  "f": {
                    "lang": "akk-x-neoass",
                    "form": "x"
                  }
                },
                {
                  "node": "l",
                  "frag": "x",
                  "id": "P338367.l00ccf",
                  "ref": "P338367.12.7",
                  "inst": "%akk-x-neoass:x=",
                  "f": {
                    "lang": "akk-x-neoass",
                    "form": "x"
                  }
                },
                {
                  "node": "l",
                  "frag": "x",
                  "id": "P338367.l00cd0",
                  "ref": "P338367.12.8",
                  "inst": "%akk-x-neoass:x=",
                  "f": {
                    "lang": "akk-x-neoass",
                    "form": "x"
                  }
                },
                {
                  "node": "l",
                  "frag": "x]",
                  "id": "P338367.l00cd1",
                  "ref": "P338367.12.9",
                  "inst": "%akk-x-neoass:x=",
                  "f": {
                    "lang": "akk-x-neoass",
                    "form": "x"
                  }
                },
                {
                  "node": "d",
                  "subtype": "reverse",
                  "type": "reverse",
                  "ref": "P338367.r.13",
                  "label": "r"
                },
                {
                  "node": "d",
                  "type": "line-start",
                  "ref": "P338367.14",
                  "n": "1",
                  "label": "r 1"
                },
                {
                  "node": "l",
                  "frag": "⸢A.ŠA₃",
                  "id": "P338367.l00cd2",
                  "ref": "P338367.14.1",
                  "inst": "%akk-x-neoass:A.ŠA₃=",
                  "f": {
                    "lang": "akk-x-neoass",
                    "form": "A.ŠA₃"
                  }
                },
                {
                  "node": "l",
                  "frag": "x",
                  "id": "P338367.l00cd3",
                  "ref": "P338367.14.2",
                  "inst": "%akk-x-neoass:x=",
                  "f": {
                    "lang": "akk-x-neoass",
                    "form": "x"
                  }
                },
                {
                  "node": "l",
                  "frag": "x⸣",
                  "id": "P338367.l00cd4",
                  "ref": "P338367.14.3",
                  "inst": "%akk-x-neoass:x=",
                  "f": {
                    "lang": "akk-x-neoass",
                    "form": "x"
                  }
                },
                {
                  "node": "l",
                  "frag": "[x",
                  "id": "P338367.l00cd5",
                  "ref": "P338367.14.4",
                  "inst": "%akk-x-neoass:x=",
                  "f": {
                    "lang": "akk-x-neoass",
                    "form": "x"
                  }
                },
                {
                  "node": "l",
                  "frag": "x",
                  "id": "P338367.l00cd6",
                  "ref": "P338367.14.5",
                  "inst": "%akk-x-neoass:x=",
                  "f": {
                    "lang": "akk-x-neoass",
                    "form": "x"
                  }
                },
                {
                  "node": "l",
                  "frag": "x",
                  "id": "P338367.l00cd7",
                  "ref": "P338367.14.6",
                  "inst": "%akk-x-neoass:x=",
                  "f": {
                    "lang": "akk-x-neoass",
                    "form": "x"
                  }
                },
                {
                  "node": "l",
                  "frag": "x",
                  "id": "P338367.l00cd8",
                  "ref": "P338367.14.7",
                  "inst": "%akk-x-neoass:x=",
                  "f": {
                    "lang": "akk-x-neoass",
                    "form": "x"
                  }
                },
                {
                  "node": "l",
                  "frag": "x",
                  "id": "P338367.l00cd9",
                  "ref": "P338367.14.8",
                  "inst": "%akk-x-neoass:x=",
                  "f": {
                    "lang": "akk-x-neoass",
                    "form": "x"
                  }
                },
                {
                  "node": "l",
                  "frag": "x]",
                  "id": "P338367.l00cda",
                  "ref": "P338367.14.9",
                  "inst": "%akk-x-neoass:x=",
                  "f": {
                    "lang": "akk-x-neoass",
                    "form": "x"
                  }
                },
                {
                  "node": "d",
                  "type": "line-start",
                  "ref": "P338367.15",
                  "n": "2",
                  "label": "r 2"
                },
                {
                  "node": "l",
                  "frag": "E₂",
                  "id": "P338367.l00cdb",
                  "ref": "P338367.15.1",
                  "inst": "%akk-x-neoass:E₂=",
                  "f": {
                    "lang": "akk-x-neoass",
                    "form": "E₂"
                  }
                },
                {
                  "node": "l",
                  "frag": "30",
                  "id": "P338367.l00cdc",
                  "ref": "P338367.15.2",
                  "inst": "%akk-x-neoass:30=",
                  "f": {
                    "lang": "akk-x-neoass",
                    "form": "30"
                  }
                },
                {
                  "node": "l",
                  "frag": "ANŠE",
                  "id": "P338367.l00cdd",
                  "ref": "P338367.15.3",
                  "inst": "%akk-x-neoass:ANŠE=",
                  "f": {
                    "lang": "akk-x-neoass",
                    "form": "ANŠE"
                  }
                },
                {
                  "node": "l",
                  "frag": "A.⸢ŠA₃⸣",
                  "id": "P338367.l00cde",
                  "ref": "P338367.15.4",
                  "inst": "%akk-x-neoass:A.ŠA₃=",
                  "f": {
                    "lang": "akk-x-neoass",
                    "form": "A.ŠA₃"
                  }
                },
                {
                  "node": "l",
                  "frag": "[x",
                  "id": "P338367.l00cdf",
                  "ref": "P338367.15.5",
                  "inst": "%akk-x-neoass:x=",
                  "f": {
                    "lang": "akk-x-neoass",
                    "form": "x"
                  }
                },
                {
                  "node": "l",
                  "frag": "x",
                  "id": "P338367.l00ce0",
                  "ref": "P338367.15.6",
                  "inst": "%akk-x-neoass:x=",
                  "f": {
                    "lang": "akk-x-neoass",
                    "form": "x"
                  }
                },
                {
                  "node": "l",
                  "frag": "x",
                  "id": "P338367.l00ce1",
                  "ref": "P338367.15.7",
                  "inst": "%akk-x-neoass:x=",
                  "f": {
                    "lang": "akk-x-neoass",
                    "form": "x"
                  }
                },
                {
                  "node": "l",
                  "frag": "x",
                  "id": "P338367.l00ce2",
                  "ref": "P338367.15.8",
                  "inst": "%akk-x-neoass:x=",
                  "f": {
                    "lang": "akk-x-neoass",
                    "form": "x"
                  }
                },
                {
                  "node": "l",
                  "frag": "x]",
                  "id": "P338367.l00ce3",
                  "ref": "P338367.15.9",
                  "inst": "%akk-x-neoass:x=",
                  "f": {
                    "lang": "akk-x-neoass",
                    "form": "x"
                  }
                },
                {
                  "node": "d",
                  "type": "line-start",
                  "ref": "P338367.16",
                  "n": "3",
                  "label": "r 3"
                },
                {
                  "node": "l",
                  "frag": "⸢E₂⸣",
                  "id": "P338367.l00ce4",
                  "ref": "P338367.16.1",
                  "inst": "%akk-x-neoass:E₂=",
                  "f": {
                    "lang": "akk-x-neoass",
                    "form": "E₂"
                  }
                },
                {
                  "node": "l",
                  "frag": "10",
                  "id": "P338367.l00ce5",
                  "ref": "P338367.16.2",
                  "inst": "%akk-x-neoass:10=",
                  "f": {
                    "lang": "akk-x-neoass",
                    "form": "10"
                  }
                },
                {
                  "node": "l",
                  "frag": "ANŠE",
                  "id": "P338367.l00ce6",
                  "ref": "P338367.16.3",
                  "inst": "%akk-x-neoass:ANŠE=",
                  "f": {
                    "lang": "akk-x-neoass",
                    "form": "ANŠE"
                  }
                },
                {
                  "node": "l",
                  "frag": "A.ŠA₃",
                  "id": "P338367.l00ce7",
                  "ref": "P338367.16.4",
                  "inst": "%akk-x-neoass:A.ŠA₃=",
                  "f": {
                    "lang": "akk-x-neoass",
                    "form": "A.ŠA₃"
                  }
                },
                {
                  "node": "l",
                  "frag": "[x",
                  "id": "P338367.l00ce8",
                  "ref": "P338367.16.5",
                  "inst": "%akk-x-neoass:x=",
                  "f": {
                    "lang": "akk-x-neoass",
                    "form": "x"
                  }
                },
                {
                  "node": "l",
                  "frag": "x",
                  "id": "P338367.l00ce9",
                  "ref": "P338367.16.6",
                  "inst": "%akk-x-neoass:x=",
                  "f": {
                    "lang": "akk-x-neoass",
                    "form": "x"
                  }
                },
                {
                  "node": "l",
                  "frag": "x",
                  "id": "P338367.l00cea",
                  "ref": "P338367.16.7",
                  "inst": "%akk-x-neoass:x=",
                  "f": {
                    "lang": "akk-x-neoass",
                    "form": "x"
                  }
                },
                {
                  "node": "l",
                  "frag": "x",
                  "id": "P338367.l00ceb",
                  "ref": "P338367.16.8",
                  "inst": "%akk-x-neoass:x=",
                  "f": {
                    "lang": "akk-x-neoass",
                    "form": "x"
                  }
                },
                {
                  "node": "l",
                  "frag": "x]",
                  "id": "P338367.l00cec",
                  "ref": "P338367.16.9",
                  "inst": "%akk-x-neoass:x=",
                  "f": {
                    "lang": "akk-x-neoass",
                    "form": "x"
                  }
                },
                {
                  "node": "d",
                  "type": "line-start",
                  "ref": "P338367.17",
                  "n": "4",
                  "label": "r 4"
                },
                {
                  "node": "l",
                  "frag": "⸢E₂",
                  "id": "P338367.l00ced",
                  "ref": "P338367.17.1",
                  "inst": "%akk-x-neoass:E₂=",
                  "f": {
                    "lang": "akk-x-neoass",
                    "form": "E₂"
                  }
                },
                {
                  "node": "l",
                  "frag": "06",
                  "id": "P338367.l00cee",
                  "ref": "P338367.17.2",
                  "inst": "%akk-x-neoass:06=",
                  "f": {
                    "lang": "akk-x-neoass",
                    "form": "06"
                  }
                },
                {
                  "node": "l",
                  "frag": "ANŠE⸣",
                  "id": "P338367.l00cef",
                  "ref": "P338367.17.3",
                  "inst": "%akk-x-neoass:ANŠE=",
                  "f": {
                    "lang": "akk-x-neoass",
                    "form": "ANŠE"
                  }
                },
                {
                  "node": "l",
                  "frag": "{giš}SAR",
                  "id": "P338367.l00cf0",
                  "ref": "P338367.17.4",
                  "inst": "%akk-x-neoass:{GIŠ}SAR=",
                  "f": {
                    "lang": "akk-x-neoass",
                    "form": "{GIŠ}SAR"
                  }
                },
                {
                  "node": "l",
                  "frag": "[x",
                  "id": "P338367.l00cf1",
                  "ref": "P338367.17.5",
                  "inst": "%akk-x-neoass:x=",
                  "f": {
                    "lang": "akk-x-neoass",
                    "form": "x"
                  }
                },
                {
                  "node": "l",
                  "frag": "x",
                  "id": "P338367.l00cf2",
                  "ref": "P338367.17.6",
                  "inst": "%akk-x-neoass:x=",
                  "f": {
                    "lang": "akk-x-neoass",
                    "form": "x"
                  }
                },
                {
                  "node": "l",
                  "frag": "x",
                  "id": "P338367.l00cf3",
                  "ref": "P338367.17.7",
                  "inst": "%akk-x-neoass:x=",
                  "f": {
                    "lang": "akk-x-neoass",
                    "form": "x"
                  }
                },
                {
                  "node": "l",
                  "frag": "x",
                  "id": "P338367.l00cf4",
                  "ref": "P338367.17.8",
                  "inst": "%akk-x-neoass:x=",
                  "f": {
                    "lang": "akk-x-neoass",
                    "form": "x"
                  }
                },
                {
                  "node": "l",
                  "frag": "x]",
                  "id": "P338367.l00cf5",
                  "ref": "P338367.17.9",
                  "inst": "%akk-x-neoass:x=",
                  "f": {
                    "lang": "akk-x-neoass",
                    "form": "x"
                  }
                },
                {
                  "node": "d",
                  "type": "line-start",
                  "ref": "P338367.18",
                  "n": "5",
                  "label": "r 5"
                },
                {
                  "node": "l",
                  "frag": "a-na",
                  "id": "P338367.l00cf6",
                  "ref": "P338367.18.1",
                  "inst": "%akk-x-neoass:a-na=",
                  "f": {
                    "lang": "akk-x-neoass",
                    "form": "a-na"
                  }
                },
                {
                  "node": "l",
                  "frag": "gi-ne₂-ša₂",
                  "id": "P338367.l00cf7",
                  "ref": "P338367.18.2",
                  "inst": "%akk-x-neoass:gi-ne₂-ša₂=",
                  "f": {
                    "lang": "akk-x-neoass",
                    "form": "gi-ne₂-ša₂"
                  }
                },
                {
                  "node": "l",
                  "frag": "ina",
                  "id": "P338367.l00cf8",
                  "ref": "P338367.18.3",
                  "inst": "%akk-x-neoass:ina=",
                  "f": {
                    "lang": "akk-x-neoass",
                    "form": "ina"
                  }
                },
                {
                  "node": "l",
                  "frag": "ŠU.2",
                  "id": "P338367.l00cf9",
                  "ref": "P338367.18.4",
                  "inst": "%akk-x-neoass:ŠU.2=",
                  "f": {
                    "lang": "akk-x-neoass",
                    "form": "ŠU.2"
                  }
                },
                {
                  "node": "l",
                  "frag": "{1}x",
                  "id": "P338367.l00cfa",
                  "ref": "P338367.18.5",
                  "inst": "%akk-x-neoass:{1}x=",
                  "f": {
                    "lang": "akk-x-neoass",
                    "form": "{1}x"
                  }
                },
                {
                  "node": "l",
                  "frag": "x",
                  "id": "P338367.l00cfb",
                  "ref": "P338367.18.6",
                  "inst": "%akk-x-neoass:x=",
                  "f": {
                    "lang": "akk-x-neoass",
                    "form": "x"
                  }
                },
                {
                  "node": "l",
                  "frag": "x",
                  "id": "P338367.l00cfc",
                  "ref": "P338367.18.7",
                  "inst": "%akk-x-neoass:x=",
                  "f": {
                    "lang": "akk-x-neoass",
                    "form": "x"
                  }
                },
                {
                  "node": "l",
                  "frag": "x]",
                  "id": "P338367.l00cfd",
                  "ref": "P338367.18.8",
                  "inst": "%akk-x-neoass:x=",
                  "f": {
                    "lang": "akk-x-neoass",
                    "form": "x"
                  }
                },
                {
                  "node": "d",
                  "type": "line-start",
                  "ref": "P338367.19",
                  "n": "6",
                  "label": "r 6"
                },
                {
                  "node": "l",
                  "frag": "{1}{d}⸢a⸣-tar-ia-⸢te⸣-i",
                  "id": "P338367.l00cfe",
                  "ref": "P338367.19.1",
                  "inst": "%akk-x-neoass:{1}{d}a-tar-ia-te-i=",
                  "f": {
                    "lang": "akk-x-neoass",
                    "form": "{1}{d}a-tar-ia-te-i"
                  }
                },
                {
                  "node": "l",
                  "frag": "{lu₂v}[x",
                  "id": "P338367.l00cff",
                  "ref": "P338367.19.2",
                  "inst": "%akk-x-neoass:{LU₂}x=",
                  "f": {
                    "lang": "akk-x-neoass",
                    "form": "{LU₂}x"
                  }
                },
                {
                  "node": "l",
                  "frag": "x",
                  "id": "P338367.l00d00",
                  "ref": "P338367.19.3",
                  "inst": "%akk-x-neoass:x=",
                  "f": {
                    "lang": "akk-x-neoass",
                    "form": "x"
                  }
                },
                {
                  "node": "l",
                  "frag": "x",
                  "id": "P338367.l00d01",
                  "ref": "P338367.19.4",
                  "inst": "%akk-x-neoass:x=",
                  "f": {
                    "lang": "akk-x-neoass",
                    "form": "x"
                  }
                },
                {
                  "node": "l",
                  "frag": "x]",
                  "id": "P338367.l00d02",
                  "ref": "P338367.19.5",
                  "inst": "%akk-x-neoass:x=",
                  "f": {
                    "lang": "akk-x-neoass",
                    "form": "x"
                  }
                },
                {
                  "node": "d",
                  "type": "line-start",
                  "ref": "P338367.20",
                  "n": "7",
                  "label": "r 7"
                },
                {
                  "node": "l",
                  "frag": "{1}30--GIN-PAB",
                  "id": "P338367.l00d03",
                  "ref": "P338367.20.1",
                  "inst": "%akk-x-neoass:{1}30-GIN-PAB=",
                  "f": {
                    "lang": "akk-x-neoass",
                    "form": "{1}30-GIN-PAB"
                  }
                },
                {
                  "node": "l",
                  "frag": "{lu₂v}qa-tin-ni",
                  "id": "P338367.l00d04",
                  "ref": "P338367.20.2",
                  "inst": "%akk-x-neoass:{LU₂}qa-tin-ni=",
                  "f": {
                    "lang": "akk-x-neoass",
                    "form": "{LU₂}qa-tin-ni"
                  }
                },
                {
                  "node": "l",
                  "frag": "[x",
                  "id": "P338367.l00d05",
                  "ref": "P338367.20.3",
                  "inst": "%akk-x-neoass:x=",
                  "f": {
                    "lang": "akk-x-neoass",
                    "form": "x"
                  }
                },
                {
                  "node": "l",
                  "frag": "x",
                  "id": "P338367.l00d06",
                  "ref": "P338367.20.4",
                  "inst": "%akk-x-neoass:x=",
                  "f": {
                    "lang": "akk-x-neoass",
                    "form": "x"
                  }
                },
                {
                  "node": "l",
                  "frag": "x",
                  "id": "P338367.l00d07",
                  "ref": "P338367.20.5",
                  "inst": "%akk-x-neoass:x=",
                  "f": {
                    "lang": "akk-x-neoass",
                    "form": "x"
                  }
                },
                {
                  "node": "l",
                  "frag": "x]",
                  "id": "P338367.l00d08",
                  "ref": "P338367.20.6",
                  "inst": "%akk-x-neoass:x=",
                  "f": {
                    "lang": "akk-x-neoass",
                    "form": "x"
                  }
                },
                {
                  "node": "d",
                  "type": "line-start",
                  "ref": "P338367.21",
                  "n": "8",
                  "label": "r 8"
                },
                {
                  "node": "l",
                  "frag": "⸢E₂-MEŠ-šu₂⸣-nu",
                  "id": "P338367.l00d09",
                  "ref": "P338367.21.1",
                  "inst": "%akk-x-neoass:E₂-MEŠ-šu₂-nu=",
                  "f": {
                    "lang": "akk-x-neoass",
                    "form": "E₂-MEŠ-šu₂-nu"
                  }
                },
                {
                  "node": "l",
                  "frag": "A.ŠA₃-MEŠ-⸢šu₂⸣-[nu",
                  "id": "P338367.l00d0a",
                  "ref": "P338367.21.2",
                  "inst": "%akk-x-neoass:A.ŠA₃-MEŠ-šu₂-nu=",
                  "f": {
                    "lang": "akk-x-neoass",
                    "form": "A.ŠA₃-MEŠ-šu₂-nu"
                  }
                },
                {
                  "node": "l",
                  "frag": "{giš}SAR-MEŠ-šu₂-nu]",
                  "id": "P338367.l00d0b",
                  "ref": "P338367.21.3",
                  "inst": "%akk-x-neoass:{GIŠ}SAR-MEŠ-šu₂-nu=",
                  "f": {
                    "lang": "akk-x-neoass",
                    "form": "{GIŠ}SAR-MEŠ-šu₂-nu"
                  }
                },
                {
                  "node": "d",
                  "type": "line-start",
                  "ref": "P338367.22",
                  "n": "9",
                  "label": "r 9"
                },
                {
                  "node": "l",
                  "frag": "[u",
                  "id": "P338367.l00d0c",
                  "ref": "P338367.22.1",
                  "inst": "%akk-x-neoass:u=",
                  "f": {
                    "lang": "akk-x-neoass",
                    "form": "u"
                  }
                },
                {
                  "node": "l",
                  "frag": "UN]-MEŠ-[šu₂-nu",
                  "id": "P338367.l00d0d",
                  "ref": "P338367.22.2",
                  "inst": "%akk-x-neoass:UN-MEŠ-šu₂-nu=",
                  "f": {
                    "lang": "akk-x-neoass",
                    "form": "UN-MEŠ-šu₂-nu"
                  }
                },
                {
                  "node": "l",
                  "frag": "za-ku-u]",
                  "id": "P338367.l00d0e",
                  "ref": "P338367.22.3",
                  "inst": "%akk-x-neoass:za-ku-u=",
                  "f": {
                    "lang": "akk-x-neoass",
                    "form": "za-ku-u"
                  }
                },
                {
                  "node": "d",
                  "type": "line-start",
                  "ref": "P338367.23",
                  "n": "10",
                  "label": "r 10"
                },
                {
                  "node": "l",
                  "frag": "nu-[sa-hi]-šu₂-nu",
                  "id": "P338367.l00d0f",
                  "ref": "P338367.23.1",
                  "inst": "%akk-x-neoass:nu-sa-hi-šu₂-nu=",
                  "f": {
                    "lang": "akk-x-neoass",
                    "form": "nu-sa-hi-šu₂-nu"
                  }
                },
                {
                  "node": "l",
                  "frag": "⸢la⸣",
                  "id": "P338367.l00d10",
                  "ref": "P338367.23.2",
                  "inst": "%akk-x-neoass:la=",
                  "f": {
                    "lang": "akk-x-neoass",
                    "form": "la"
                  }
                },
                {
                  "node": "l",
                  "frag": "[in-na-su-hu]",
                  "id": "P338367.l00d11",
                  "ref": "P338367.23.3",
                  "inst": "%akk-x-neoass:in-na-su-hu=",
                  "f": {
                    "lang": "akk-x-neoass",
                    "form": "in-na-su-hu"
                  }
                },
                {
                  "node": "d",
                  "subtype": "right",
                  "type": "right",
                  "ref": "P338367.r.e..24",
                  "label": "r.e."
                },
                {
                  "node": "d",
                  "type": "line-start",
                  "ref": "P338367.25",
                  "n": "11",
                  "label": "r.e. 11"
                },
                {
                  "node": "l",
                  "frag": "{še}⸢IN⸣.[NU-šu₂-nu]",
                  "id": "P338367.l00d12",
                  "ref": "P338367.25.1",
                  "inst": "%akk-x-neoass:{ŠE}IN.NU-šu₂-nu=",
                  "f": {
                    "lang": "akk-x-neoass",
                    "form": "{ŠE}IN.NU-šu₂-nu"
                  }
                },
                {
                  "node": "l",
                  "frag": "⸢la⸣",
                  "id": "P338367.l00d13",
                  "ref": "P338367.25.2",
                  "inst": "%akk-x-neoass:la=",
                  "f": {
                    "lang": "akk-x-neoass",
                    "form": "la"
                  }
                },
                {
                  "node": "l",
                  "frag": "[iš-šab-ba-aš₂]",
                  "id": "P338367.l00d14",
                  "ref": "P338367.25.3",
                  "inst": "%akk-x-neoass:iš-šab-ba-aš₂=",
                  "f": {
                    "lang": "akk-x-neoass",
                    "form": "iš-šab-ba-aš₂"
                  }
                },
                {
                  "node": "d",
                  "subtype": "edge",
                  "type": "edge",
                  "ref": "P338367.e..26",
                  "label": "e."
                },
                {
                  "node": "d",
                  "type": "line-start",
                  "ref": "P338367.27",
                  "n": "1",
                  "label": "e. 1"
                },
                {
                  "node": "l",
                  "frag": "{⸢lu₂v}EN.NAM",
                  "id": "P338367.l00d15",
                  "ref": "P338367.27.1",
                  "inst": "%akk-x-neoass:{LU₂}EN.NAM=",
                  "f": {
                    "lang": "akk-x-neoass",
                    "form": "{LU₂}EN.NAM"
                  }
                },
                {
                  "node": "l",
                  "frag": "{lu₂v}600",
                  "id": "P338367.l00d16",
                  "ref": "P338367.27.2",
                  "inst": "%akk-x-neoass:{LU₂}600=",
                  "f": {
                    "lang": "akk-x-neoass",
                    "form": "{LU₂}600"
                  }
                },
                {
                  "node": "l",
                  "frag": "ana",
                  "id": "P338367.l00d17",
                  "ref": "P338367.27.3",
                  "inst": "%akk-x-neoass:ana=",
                  "f": {
                    "lang": "akk-x-neoass",
                    "form": "ana"
                  }
                },
                {
                  "node": "l",
                  "frag": "⸢x⸣",
                  "id": "P338367.l00d18",
                  "ref": "P338367.27.4",
                  "inst": "%akk-x-neoass:x=",
                  "f": {
                    "lang": "akk-x-neoass",
                    "form": "x"
                  }
                },
                {
                  "node": "l",
                  "frag": "[x",
                  "id": "P338367.l00d19",
                  "ref": "P338367.27.5",
                  "inst": "%akk-x-neoass:x=",
                  "f": {
                    "lang": "akk-x-neoass",
                    "form": "x"
                  }
                },
                {
                  "node": "l",
                  "frag": "x",
                  "id": "P338367.l00d1a",
                  "ref": "P338367.27.6",
                  "inst": "%akk-x-neoass:x=",
                  "f": {
                    "lang": "akk-x-neoass",
                    "form": "x"
                  }
                },
                {
                  "node": "l",
                  "frag": "x",
                  "id": "P338367.l00d1b",
                  "ref": "P338367.27.7",
                  "inst": "%akk-x-neoass:x=",
                  "f": {
                    "lang": "akk-x-neoass",
                    "form": "x"
                  }
                },
                {
                  "node": "l",
                  "frag": "x]",
                  "id": "P338367.l00d1c",
                  "ref": "P338367.27.8",
                  "inst": "%akk-x-neoass:x=",
                  "f": {
                    "lang": "akk-x-neoass",
                    "form": "x"
                  }
                },
                {
                  "node": "d",
                  "type": "line-start",
                  "ref": "P338367.28",
                  "n": "2",
                  "label": "e. 2"
                },
                {
                  "node": "l",
                  "frag": "ina",
                  "id": "P338367.l00d1d",
                  "ref": "P338367.28.1",
                  "inst": "%akk-x-neoass:ina=",
                  "f": {
                    "lang": "akk-x-neoass",
                    "form": "ina"
                  }
                },
                {
                  "node": "l",
                  "frag": "IGI",
                  "id": "P338367.l00d1e",
                  "ref": "P338367.28.2",
                  "inst": "%akk-x-neoass:IGI=",
                  "f": {
                    "lang": "akk-x-neoass",
                    "form": "IGI"
                  }
                },
                {
                  "node": "l",
                  "frag": "⸢KA₂⸣-šu₂-nu",
                  "id": "P338367.l00d1f",
                  "ref": "P338367.28.3",
                  "inst": "%akk-x-neoass:KA₂-šu₂-nu=",
                  "f": {
                    "lang": "akk-x-neoass",
                    "form": "KA₂-šu₂-nu"
                  }
                },
                {
                  "node": "l",
                  "frag": "la",
                  "id": "P338367.l00d20",
                  "ref": "P338367.28.4",
                  "inst": "%akk-x-neoass:la=",
                  "f": {
                    "lang": "akk-x-neoass",
                    "form": "la"
                  }
                },
                {
                  "node": "l",
                  "frag": "⸢x⸣+[x",
                  "id": "P338367.l00d21",
                  "ref": "P338367.28.5",
                  "inst": "%akk-x-neoass:x+x=",
                  "f": {
                    "lang": "akk-x-neoass",
                    "form": "x+x"
                  }
                },
                {
                  "node": "l",
                  "frag": "x",
                  "id": "P338367.l00d22",
                  "ref": "P338367.28.6",
                  "inst": "%akk-x-neoass:x=",
                  "f": {
                    "lang": "akk-x-neoass",
                    "form": "x"
                  }
                },
                {
                  "node": "l",
                  "frag": "x",
                  "id": "P338367.l00d23",
                  "ref": "P338367.28.7",
                  "inst": "%akk-x-neoass:x=",
                  "f": {
                    "lang": "akk-x-neoass",
                    "form": "x"
                  }
                },
                {
                  "node": "l",
                  "frag": "x",
                  "id": "P338367.l00d24",
                  "ref": "P338367.28.8",
                  "inst": "%akk-x-neoass:x=",
                  "f": {
                    "lang": "akk-x-neoass",
                    "form": "x"
                  }
                },
                {
                  "node": "l",
                  "frag": "x]",
                  "id": "P338367.l00d25",
                  "ref": "P338367.28.9",
                  "inst": "%akk-x-neoass:x=",
                  "f": {
                    "lang": "akk-x-neoass",
                    "form": "x"
                  }
                }
              ]
            }
          ]
        }
      ]
    }
  ]
}
