{
  "type": "cdl",
  "source": "http://oracc.org/ctij",
  "license": "This data is released under the CC0 license",
  "license-url": "https://creativecommons.org/publicdomain/zero/1.0/",
  "more-info": "http://oracc.org/doc/opendata/",
  "UTC-timestamp": "2017-06-09T23:29:10",
  "project": "ctij",
  "textid": "P261555",
  "cdl": [
    {
      "node": "c",
      "type": "text",
      "id": "P261555.U0",
      "cdl": [
        {
          "node": "d",
          "subtype": "tablet",
          "type": "tablet",
          "ref": "P261555.x20.1",
          "label": "x20"
        },
        {
          "node": "d",
          "subtype": "obverse",
          "type": "obverse",
          "ref": "P261555.o.2",
          "label": "o"
        },
        {
          "node": "c",
          "type": "discourse",
          "subtype": "body",
          "id": "P261555.U1",
          "cdl": [
            {
              "node": "c",
              "type": "sentence",
              "id": "P261555.U2",
              "label": "o 1 - seal 1 1",
              "cdl": [
                {
                  "node": "d",
                  "type": "line-start",
                  "ref": "P261555.3",
                  "n": "1",
                  "label": "o 1"
                },
                {
                  "node": "l",
                  "frag": "50",
                  "id": "P261555.l00eba",
                  "ref": "P261555.3.1",
                  "inst": "n",
                  "f": {
                    "lang": "akk-x-ltebab",
                    "form": "50",
                    "pos": "n"
                  }
                },
                {
                  "node": "l",
                  "frag": "GUR",
                  "id": "P261555.l00ebb",
                  "ref": "P261555.3.2",
                  "inst": "x",
                  "f": {
                    "lang": "akk-x-ltebab",
                    "form": "GUR"
                  }
                },
                {
                  "node": "l",
                  "frag": "ZU₂.LUM.MA",
                  "id": "P261555.l00ebc",
                  "ref": "P261555.3.3",
                  "inst": "x",
                  "f": {
                    "lang": "akk-x-ltebab",
                    "form": "ZU₂.LUM.MA"
                  }
                },
                {
                  "node": "l",
                  "frag": "ša₂",
                  "id": "P261555.l00ebd",
                  "ref": "P261555.3.4",
                  "inst": "x",
                  "f": {
                    "lang": "akk-x-ltebab",
                    "form": "ša₂"
                  }
                },
                {
                  "node": "l",
                  "frag": "{m}{d}EN.LIL₂-MU-MU",
                  "id": "P261555.l00ebe",
                  "ref": "P261555.3.5",
                  "inst": "+Enlil-šumu-iddin[]PN$",
                  "sig": "@ctij%akk-x-ltebab:{m}{d}EN.LIL₂-MU-MU=Enlil-šumu-iddin[1//1]PN'PN$Enlil-šumu-iddin",
                  "f": {
                    "lang": "akk-x-ltebab",
                    "form": "{m}{d}EN.LIL₂-MU-MU",
                    "cf": "Enlil-šumu-iddin",
                    "gw": "1",
                    "sense": "1",
                    "norm": "Enlil-šumu-iddin",
                    "pos": "PN",
                    "epos": "PN"
                  }
                },
                {
                  "node": "l",
                  "frag": "A",
                  "id": "P261555.l00ebf",
                  "ref": "P261555.3.6",
                  "inst": "x",
                  "f": {
                    "lang": "akk-x-ltebab",
                    "form": "A"
                  }
                },
                {
                  "node": "l",
                  "frag": "ša₂",
                  "id": "P261555.l00ec0",
                  "ref": "P261555.3.7",
                  "inst": "x",
                  "f": {
                    "lang": "akk-x-ltebab",
                    "form": "ša₂"
                  }
                },
                {
                  "node": "l",
                  "frag": "{m}mu-ra-šu-u₂",
                  "id": "P261555.l00ec1",
                  "ref": "P261555.3.8",
                  "inst": "+Murašu[]PN$",
                  "sig": "@ctij%akk-x-ltebab:{m}mu-ra-šu-u₂=Murašu[1//1]PN'PN$Murašu",
                  "f": {
                    "lang": "akk-x-ltebab",
                    "form": "{m}mu-ra-šu-u₂",
                    "cf": "Murašu",
                    "gw": "1",
                    "sense": "1",
                    "norm": "Murašu",
                    "pos": "PN",
                    "epos": "PN"
                  }
                },
                {
                  "node": "d",
                  "type": "line-start",
                  "ref": "P261555.4",
                  "n": "2",
                  "label": "o 2"
                },
                {
                  "node": "l",
                  "frag": "ina",
                  "id": "P261555.l00ec2",
                  "ref": "P261555.4.1",
                  "inst": "x",
                  "f": {
                    "lang": "akk-x-ltebab",
                    "form": "ina"
                  }
                },
                {
                  "node": "l",
                  "frag": "muh-hi",
                  "id": "P261555.l00ec3",
                  "ref": "P261555.4.2",
                  "inst": "x",
                  "f": {
                    "lang": "akk-x-ltebab",
                    "form": "muh-hi"
                  }
                },
                {
                  "node": "l",
                  "frag": "{m}lib-luṭ",
                  "id": "P261555.l00ec4",
                  "ref": "P261555.4.3",
                  "inst": "+Libluṭ[]PN$",
                  "sig": "@ctij%akk-x-ltebab:{m}lib-luṭ=Libluṭ[1//1]PN'PN$Libluṭ",
                  "f": {
                    "lang": "akk-x-ltebab",
                    "form": "{m}lib-luṭ",
                    "cf": "Libluṭ",
                    "gw": "1",
                    "sense": "1",
                    "norm": "Libluṭ",
                    "pos": "PN",
                    "epos": "PN"
                  }
                },
                {
                  "node": "l",
                  "frag": "u",
                  "id": "P261555.l00ec5",
                  "ref": "P261555.4.4",
                  "inst": "x",
                  "f": {
                    "lang": "akk-x-ltebab",
                    "form": "u"
                  }
                },
                {
                  "node": "l",
                  "frag": "{m}ša₂-ba-ta-a-a",
                  "id": "P261555.l00ec6",
                  "ref": "P261555.4.5",
                  "inst": "+Šabbatayyu[]PN$",
                  "sig": "@ctij%akk-x-ltebab:{m}ša₂-ba-ta-a-a=Šabbatayyu[1//1]PN'PN$Šabbatayyu",
                  "f": {
                    "lang": "akk-x-ltebab",
                    "form": "{m}ša₂-ba-ta-a-a",
                    "cf": "Šabbatayyu",
                    "gw": "1",
                    "sense": "1",
                    "norm": "Šabbatayyu",
                    "pos": "PN",
                    "epos": "PN"
                  }
                },
                {
                  "node": "l",
                  "frag": "A{meš}",
                  "id": "P261555.l00ec7",
                  "ref": "P261555.4.6",
                  "inst": "x",
                  "f": {
                    "lang": "akk-x-ltebab",
                    "form": "A{meš}"
                  }
                },
                {
                  "node": "l",
                  "frag": "ša₂",
                  "id": "P261555.l00ec8",
                  "ref": "P261555.4.7",
                  "inst": "x",
                  "f": {
                    "lang": "akk-x-ltebab",
                    "form": "ša₂"
                  }
                },
                {
                  "node": "l",
                  "frag": "{m}šir₃-ka-aʾ",
                  "id": "P261555.l00ec9",
                  "ref": "P261555.4.8",
                  "inst": "+Širka[]PN$",
                  "sig": "@ctij%akk-x-ltebab:{m}šir₃-ka-aʾ=Širka[1//1]PN'PN$Širka",
                  "f": {
                    "lang": "akk-x-ltebab",
                    "form": "{m}šir₃-ka-aʾ",
                    "cf": "Širka",
                    "gw": "1",
                    "sense": "1",
                    "norm": "Širka",
                    "pos": "PN",
                    "epos": "PN"
                  }
                },
                {
                  "node": "d",
                  "type": "line-start",
                  "ref": "P261555.5",
                  "n": "3",
                  "label": "o 3"
                },
                {
                  "node": "l",
                  "frag": "{m}man-nu-ki-i-{d}na-na-a",
                  "id": "P261555.l00eca",
                  "ref": "P261555.5.1",
                  "inst": "+Mannu-ki-Nanaya[]PN$",
                  "sig": "@ctij%akk-x-ltebab:{m}man-nu-ki-i-{d}na-na-a=Mannu-ki-Nanaya[1//1]PN'PN$Mannu-ki-Nanaya",
                  "f": {
                    "lang": "akk-x-ltebab",
                    "form": "{m}man-nu-ki-i-{d}na-na-a",
                    "cf": "Mannu-ki-Nanaya",
                    "gw": "1",
                    "sense": "1",
                    "norm": "Mannu-ki-Nanaya",
                    "pos": "PN",
                    "epos": "PN"
                  }
                },
                {
                  "node": "l",
                  "frag": "A{<<meš>>}",
                  "id": "P261555.l00ecb",
                  "ref": "P261555.5.2",
                  "inst": "x",
                  "f": {
                    "lang": "akk-x-ltebab",
                    "form": "A"
                  }
                },
                {
                  "node": "l",
                  "frag": "ša₂",
                  "id": "P261555.l00ecc",
                  "ref": "P261555.5.3",
                  "inst": "x",
                  "f": {
                    "lang": "akk-x-ltebab",
                    "form": "ša₂"
                  }
                },
                {
                  "node": "l",
                  "frag": "{m}nar-gi-ia",
                  "id": "P261555.l00ecd",
                  "ref": "P261555.5.4",
                  "inst": "+Nargia[]PN$",
                  "sig": "@ctij%akk-x-ltebab:{m}nar-gi-ia=Nargia[1//1]PN'PN$Nargia",
                  "f": {
                    "lang": "akk-x-ltebab",
                    "form": "{m}nar-gi-ia",
                    "cf": "Nargia",
                    "gw": "1",
                    "sense": "1",
                    "norm": "Nargia",
                    "pos": "PN",
                    "epos": "PN"
                  }
                },
                {
                  "node": "l",
                  "frag": "ina",
                  "id": "P261555.l00ece",
                  "ref": "P261555.5.5",
                  "inst": "x",
                  "f": {
                    "lang": "akk-x-ltebab",
                    "form": "ina"
                  }
                },
                {
                  "node": "l",
                  "frag": "{iti}DU₆",
                  "id": "P261555.l00ecf",
                  "ref": "P261555.5.6",
                  "inst": "x",
                  "f": {
                    "lang": "akk-x-ltebab",
                    "form": "{iti}DU₆"
                  }
                },
                {
                  "node": "l",
                  "frag": "MU",
                  "id": "P261555.l00ed0",
                  "ref": "P261555.5.7",
                  "inst": "x",
                  "f": {
                    "lang": "akk-x-ltebab",
                    "form": "MU"
                  }
                },
                {
                  "node": "l",
                  "frag": "1.KAM₂",
                  "id": "P261555.l00ed1",
                  "ref": "P261555.5.8",
                  "inst": "n",
                  "f": {
                    "lang": "akk-x-ltebab",
                    "form": "1.KAM₂",
                    "pos": "n"
                  }
                },
                {
                  "node": "d",
                  "type": "line-start",
                  "ref": "P261555.6",
                  "n": "4",
                  "label": "o 4"
                },
                {
                  "node": "l",
                  "frag": "{m}da-ri-ia-a-muš",
                  "id": "P261555.l00ed2",
                  "ref": "P261555.6.1",
                  "inst": "+Darius[]RN$Dariyamuš",
                  "sig": "@ctij%akk-x-ltebab:{m}da-ri-ia-a-muš=Darius[1//1]RN'RN$Dariyamuš",
                  "f": {
                    "lang": "akk-x-ltebab",
                    "form": "{m}da-ri-ia-a-muš",
                    "cf": "Darius",
                    "gw": "1",
                    "sense": "1",
                    "norm": "Dariyamuš",
                    "pos": "RN",
                    "epos": "RN"
                  }
                },
                {
                  "node": "l",
                  "frag": "LUGAL",
                  "id": "P261555.l00ed3",
                  "ref": "P261555.6.2",
                  "inst": "x",
                  "f": {
                    "lang": "akk-x-ltebab",
                    "form": "LUGAL"
                  }
                },
                {
                  "node": "l",
                  "frag": "ZU₂.LUM.MA",
                  "id": "P261555.l00ed4",
                  "ref": "P261555.6.3",
                  "inst": "x",
                  "f": {
                    "lang": "akk-x-ltebab",
                    "form": "ZU₂.LUM.MA"
                  }
                },
                {
                  "node": "l",
                  "frag": "aʾ",
                  "id": "P261555.l00ed5",
                  "ref": "P261555.6.4",
                  "inst": "x",
                  "f": {
                    "lang": "akk-x-ltebab",
                    "form": "aʾ"
                  }
                },
                {
                  "node": "l",
                  "frag": "50",
                  "id": "P261555.l00ed6",
                  "ref": "P261555.6.5",
                  "inst": "n",
                  "f": {
                    "lang": "akk-x-ltebab",
                    "form": "50",
                    "pos": "n"
                  }
                },
                {
                  "node": "l",
                  "frag": "ina",
                  "id": "P261555.l00ed7",
                  "ref": "P261555.6.6",
                  "inst": "x",
                  "f": {
                    "lang": "akk-x-ltebab",
                    "form": "ina"
                  }
                },
                {
                  "node": "l",
                  "frag": "{giš}ma-ši-hu",
                  "id": "P261555.l00ed8",
                  "ref": "P261555.6.7",
                  "inst": "x",
                  "f": {
                    "lang": "akk-x-ltebab",
                    "form": "{giš}ma-ši-hu"
                  }
                },
                {
                  "node": "d",
                  "type": "line-start",
                  "ref": "P261555.7",
                  "n": "5",
                  "label": "o 5"
                },
                {
                  "node": "l",
                  "frag": "ša₂",
                  "id": "P261555.l00ed9",
                  "ref": "P261555.7.1",
                  "inst": "x",
                  "f": {
                    "lang": "akk-x-ltebab",
                    "form": "ša₂"
                  }
                },
                {
                  "node": "l",
                  "frag": "{m}{d}EN.LIL₂-MU-MU",
                  "id": "P261555.l00eda",
                  "ref": "P261555.7.2",
                  "inst": "Enlil-šumu-iddin[]PN$",
                  "sig": "@ctij%akk-x-ltebab:{m}{d}EN.LIL₂-MU-MU=Enlil-šumu-iddin[1//1]PN'PN$Enlil-šumu-iddin",
                  "f": {
                    "lang": "akk-x-ltebab",
                    "form": "{m}{d}EN.LIL₂-MU-MU",
                    "cf": "Enlil-šumu-iddin",
                    "gw": "1",
                    "sense": "1",
                    "norm": "Enlil-šumu-iddin",
                    "pos": "PN",
                    "epos": "PN"
                  }
                },
                {
                  "node": "l",
                  "frag": "ina",
                  "id": "P261555.l00edb",
                  "ref": "P261555.7.3",
                  "inst": "x",
                  "f": {
                    "lang": "akk-x-ltebab",
                    "form": "ina"
                  }
                },
                {
                  "node": "l",
                  "frag": "{uru}E₂-šu-la-a",
                  "id": "P261555.l00edc",
                  "ref": "P261555.7.4",
                  "inst": "x",
                  "f": {
                    "lang": "akk-x-ltebab",
                    "form": "{uru}E₂-šu-la-a"
                  }
                },
                {
                  "node": "l",
                  "frag": "ša₂",
                  "id": "P261555.l00edd",
                  "ref": "P261555.7.5",
                  "inst": "x",
                  "f": {
                    "lang": "akk-x-ltebab",
                    "form": "ša₂"
                  }
                },
                {
                  "node": "l",
                  "frag": "ina",
                  "id": "P261555.l00ede",
                  "ref": "P261555.7.6",
                  "inst": "x",
                  "f": {
                    "lang": "akk-x-ltebab",
                    "form": "ina"
                  }
                },
                {
                  "node": "l",
                  "frag": "muh-hi",
                  "id": "P261555.l00edf",
                  "ref": "P261555.7.7",
                  "inst": "x",
                  "f": {
                    "lang": "akk-x-ltebab",
                    "form": "muh-hi"
                  }
                },
                {
                  "node": "l",
                  "frag": "nam-gar-BAD₃-{d}50",
                  "id": "P261555.l00ee0",
                  "ref": "P261555.7.8",
                  "inst": "x",
                  "f": {
                    "lang": "akk-x-ltebab",
                    "form": "nam-gar-BAD₃-{d}50"
                  }
                },
                {
                  "node": "d",
                  "type": "line-start",
                  "ref": "P261555.8",
                  "n": "6",
                  "label": "o 6"
                },
                {
                  "node": "l",
                  "frag": "i-nam-din-nu-uʾ",
                  "id": "P261555.l00ee1",
                  "ref": "P261555.8.1",
                  "inst": "x",
                  "f": {
                    "lang": "akk-x-ltebab",
                    "form": "i-nam-din-nu-uʾ"
                  }
                },
                {
                  "node": "l",
                  "frag": "1{en}",
                  "id": "P261555.l00ee2",
                  "ref": "P261555.8.2",
                  "inst": "n",
                  "f": {
                    "lang": "akk-x-ltebab",
                    "form": "1{+en}",
                    "pos": "n"
                  }
                },
                {
                  "node": "l",
                  "frag": "pu-ut",
                  "id": "P261555.l00ee3",
                  "ref": "P261555.8.3",
                  "inst": "x",
                  "f": {
                    "lang": "akk-x-ltebab",
                    "form": "pu-ut"
                  }
                },
                {
                  "node": "l",
                  "frag": "2{i}",
                  "id": "P261555.l00ee4",
                  "ref": "P261555.8.4",
                  "inst": "n",
                  "f": {
                    "lang": "akk-x-ltebab",
                    "form": "2{+i}",
                    "pos": "n"
                  }
                },
                {
                  "node": "l",
                  "frag": "na-šu-u₂",
                  "id": "P261555.l00ee5",
                  "ref": "P261555.8.5",
                  "inst": "x",
                  "f": {
                    "lang": "akk-x-ltebab",
                    "form": "na-šu-u₂"
                  }
                },
                {
                  "node": "l",
                  "frag": "ša₃",
                  "id": "P261555.l00ee6",
                  "ref": "P261555.8.6",
                  "inst": "x",
                  "f": {
                    "lang": "akk-x-ltebab",
                    "form": "ša₃"
                  }
                },
                {
                  "node": "l",
                  "frag": "qe₂-reb",
                  "id": "P261555.l00ee7",
                  "ref": "P261555.8.7",
                  "inst": "x",
                  "f": {
                    "lang": "akk-x-ltebab",
                    "form": "qe₂-reb"
                  }
                },
                {
                  "node": "d",
                  "type": "line-start",
                  "ref": "P261555.9",
                  "n": "7",
                  "label": "o 7"
                },
                {
                  "node": "l",
                  "frag": "iṭ-ṭir",
                  "id": "P261555.l00ee8",
                  "ref": "P261555.9.1",
                  "inst": "x",
                  "f": {
                    "lang": "akk-x-ltebab",
                    "form": "iṭ-ṭir"
                  }
                },
                {
                  "node": "l",
                  "frag": "A.ŠA₃-šu₂-nu",
                  "id": "P261555.l00ee9",
                  "ref": "P261555.9.2",
                  "inst": "x",
                  "f": {
                    "lang": "akk-x-ltebab",
                    "form": "A.ŠA₃-šu₂-nu"
                  }
                },
                {
                  "node": "l",
                  "frag": "ŠE.NUMUN",
                  "id": "P261555.l00eea",
                  "ref": "P261555.9.3",
                  "inst": "x",
                  "f": {
                    "lang": "akk-x-ltebab",
                    "form": "ŠE.NUMUN"
                  }
                },
                {
                  "node": "l",
                  "frag": "zaq-pu",
                  "id": "P261555.l00eeb",
                  "ref": "P261555.9.4",
                  "inst": "x",
                  "f": {
                    "lang": "akk-x-ltebab",
                    "form": "zaq-pu"
                  }
                },
                {
                  "node": "l",
                  "frag": "E₂",
                  "id": "P261555.l00eec",
                  "ref": "P261555.9.5",
                  "inst": "x",
                  "f": {
                    "lang": "akk-x-ltebab",
                    "form": "E₂"
                  }
                },
                {
                  "node": "l",
                  "frag": "{giš}BAN-šu₂-nu",
                  "id": "P261555.l00eed",
                  "ref": "P261555.9.6",
                  "inst": "x",
                  "f": {
                    "lang": "akk-x-ltebab",
                    "form": "{giš}BAN-šu₂-nu"
                  }
                },
                {
                  "node": "l",
                  "frag": "maš-ka-nu",
                  "id": "P261555.l00eee",
                  "ref": "P261555.9.7",
                  "inst": "x",
                  "f": {
                    "lang": "akk-x-ltebab",
                    "form": "maš-ka-nu"
                  }
                },
                {
                  "node": "d",
                  "type": "line-start",
                  "ref": "P261555.10",
                  "n": "8",
                  "label": "o 8"
                },
                {
                  "node": "l",
                  "frag": "ZU₂.LUM.MA",
                  "id": "P261555.l00eef",
                  "ref": "P261555.10.1",
                  "inst": "x",
                  "f": {
                    "lang": "akk-x-ltebab",
                    "form": "ZU₂.LUM.MA"
                  }
                },
                {
                  "node": "l",
                  "frag": "aʾ",
                  "id": "P261555.l00ef0",
                  "ref": "P261555.10.2",
                  "inst": "x",
                  "f": {
                    "lang": "akk-x-ltebab",
                    "form": "aʾ"
                  }
                },
                {
                  "node": "l",
                  "frag": "50",
                  "id": "P261555.l00ef1",
                  "ref": "P261555.10.3",
                  "inst": "n",
                  "f": {
                    "lang": "akk-x-ltebab",
                    "form": "50",
                    "pos": "n"
                  }
                },
                {
                  "node": "l",
                  "frag": "GUR",
                  "id": "P261555.l00ef2",
                  "ref": "P261555.10.4",
                  "inst": "x",
                  "f": {
                    "lang": "akk-x-ltebab",
                    "form": "GUR"
                  }
                },
                {
                  "node": "l",
                  "frag": "ina",
                  "id": "P261555.l00ef3",
                  "ref": "P261555.10.5",
                  "inst": "x",
                  "f": {
                    "lang": "akk-x-ltebab",
                    "form": "ina"
                  }
                },
                {
                  "node": "l",
                  "frag": "IGI",
                  "id": "P261555.l00ef4",
                  "ref": "P261555.10.6",
                  "inst": "x",
                  "f": {
                    "lang": "akk-x-ltebab",
                    "form": "IGI"
                  }
                },
                {
                  "node": "l",
                  "frag": "{m}{d}EN.LIL₂-MU-MU",
                  "id": "P261555.l00ef5",
                  "ref": "P261555.10.7",
                  "inst": "Enlil-šumu-iddin[]PN$",
                  "sig": "@ctij%akk-x-ltebab:{m}{d}EN.LIL₂-MU-MU=Enlil-šumu-iddin[1//1]PN'PN$Enlil-šumu-iddin",
                  "f": {
                    "lang": "akk-x-ltebab",
                    "form": "{m}{d}EN.LIL₂-MU-MU",
                    "cf": "Enlil-šumu-iddin",
                    "gw": "1",
                    "sense": "1",
                    "norm": "Enlil-šumu-iddin",
                    "pos": "PN",
                    "epos": "PN"
                  }
                },
                {
                  "node": "l",
                  "frag": "{lu₂}TUK-u₂",
                  "id": "P261555.l00ef6",
                  "ref": "P261555.10.8",
                  "inst": "x",
                  "f": {
                    "lang": "akk-x-ltebab",
                    "form": "{lu₂}TUK-u₂"
                  }
                },
                {
                  "node": "d",
                  "type": "line-start",
                  "ref": "P261555.11",
                  "n": "9",
                  "label": "o 9"
                },
                {
                  "node": "l",
                  "frag": "ša₂-nam-ma",
                  "id": "P261555.l00ef7",
                  "ref": "P261555.11.1",
                  "inst": "x",
                  "f": {
                    "lang": "akk-x-ltebab",
                    "form": "ša₂-nam-ma"
                  }
                },
                {
                  "node": "l",
                  "frag": "ina",
                  "id": "P261555.l00ef8",
                  "ref": "P261555.11.2",
                  "inst": "x",
                  "f": {
                    "lang": "akk-x-ltebab",
                    "form": "ina"
                  }
                },
                {
                  "node": "l",
                  "frag": "muh-hi",
                  "id": "P261555.l00ef9",
                  "ref": "P261555.11.3",
                  "inst": "x",
                  "f": {
                    "lang": "akk-x-ltebab",
                    "form": "muh-hi"
                  }
                },
                {
                  "node": "l",
                  "frag": "ul",
                  "id": "P261555.l00efa",
                  "ref": "P261555.11.4",
                  "inst": "x",
                  "f": {
                    "lang": "akk-x-ltebab",
                    "form": "ul"
                  }
                },
                {
                  "node": "l",
                  "frag": "i-šal-ṭu",
                  "id": "P261555.l00efb",
                  "ref": "P261555.11.5",
                  "inst": "x",
                  "f": {
                    "lang": "akk-x-ltebab",
                    "form": "i-šal-ṭu"
                  }
                },
                {
                  "node": "l",
                  "frag": "a-di",
                  "id": "P261555.l00efc",
                  "ref": "P261555.11.6",
                  "inst": "x",
                  "f": {
                    "lang": "akk-x-ltebab",
                    "form": "a-di"
                  }
                },
                {
                  "node": "l",
                  "frag": "{m}{d}EN.LIL₂-MU-MU",
                  "id": "P261555.l00efd",
                  "ref": "P261555.11.7",
                  "inst": "Enlil-šumu-iddin[]PN$",
                  "sig": "@ctij%akk-x-ltebab:{m}{d}EN.LIL₂-MU-MU=Enlil-šumu-iddin[1//1]PN'PN$Enlil-šumu-iddin",
                  "f": {
                    "lang": "akk-x-ltebab",
                    "form": "{m}{d}EN.LIL₂-MU-MU",
                    "cf": "Enlil-šumu-iddin",
                    "gw": "1",
                    "sense": "1",
                    "norm": "Enlil-šumu-iddin",
                    "pos": "PN",
                    "epos": "PN"
                  }
                },
                {
                  "node": "d",
                  "type": "line-start",
                  "ref": "P261555.12",
                  "n": "10",
                  "label": "o 10"
                },
                {
                  "node": "l",
                  "frag": "ZU₂.LUM.MA",
                  "id": "P261555.l00efe",
                  "ref": "P261555.12.1",
                  "inst": "x",
                  "f": {
                    "lang": "akk-x-ltebab",
                    "form": "ZU₂.LUM.MA"
                  }
                },
                {
                  "node": "l",
                  "frag": "aʾ",
                  "id": "P261555.l00eff",
                  "ref": "P261555.12.2",
                  "inst": "x",
                  "f": {
                    "lang": "akk-x-ltebab",
                    "form": "aʾ"
                  }
                },
                {
                  "node": "l",
                  "frag": "50",
                  "id": "P261555.l00f00",
                  "ref": "P261555.12.3",
                  "inst": "n",
                  "f": {
                    "lang": "akk-x-ltebab",
                    "form": "50",
                    "pos": "n"
                  }
                },
                {
                  "node": "l",
                  "frag": "GUR",
                  "id": "P261555.l00f01",
                  "ref": "P261555.12.4",
                  "inst": "x",
                  "f": {
                    "lang": "akk-x-ltebab",
                    "form": "GUR"
                  }
                },
                {
                  "node": "l",
                  "frag": "in-ni-ṭir-ri",
                  "id": "P261555.l00f02",
                  "ref": "P261555.12.5",
                  "inst": "x",
                  "f": {
                    "lang": "akk-x-ltebab",
                    "form": "in-ni-ṭir-ri"
                  }
                },
                {
                  "node": "d",
                  "subtype": "reverse",
                  "type": "reverse",
                  "ref": "P261555.r.13",
                  "label": "r"
                },
                {
                  "node": "d",
                  "type": "line-start",
                  "ref": "P261555.14",
                  "n": "11",
                  "label": "r 11"
                },
                {
                  "node": "l",
                  "frag": "{lu₂}mu-kin₇",
                  "id": "P261555.l00f03",
                  "ref": "P261555.14.1",
                  "inst": "x",
                  "f": {
                    "lang": "akk-x-ltebab",
                    "form": "{lu₂}mu-kin₇"
                  }
                },
                {
                  "node": "d",
                  "frag": "<<DIŠ>>",
                  "type": "excised",
                  "ref": "P261555.14.2",
                  "lang": "akk-x-ltebab"
                },
                {
                  "node": "d",
                  "type": "line-start",
                  "ref": "P261555.15",
                  "n": "12",
                  "label": "r 12"
                },
                {
                  "node": "l",
                  "frag": "{m}mar-duk-a",
                  "id": "P261555.l00f04",
                  "ref": "P261555.15.1",
                  "inst": "+Marduka[]PN$",
                  "sig": "@ctij%akk-x-ltebab:{m}mar-duk-a=Marduka[1//1]PN'PN$Marduka",
                  "f": {
                    "lang": "akk-x-ltebab",
                    "form": "{m}mar-duk-a",
                    "cf": "Marduka",
                    "gw": "1",
                    "sense": "1",
                    "norm": "Marduka",
                    "pos": "PN",
                    "epos": "PN"
                  }
                },
                {
                  "node": "l",
                  "frag": "A",
                  "id": "P261555.l00f05",
                  "ref": "P261555.15.2",
                  "inst": "x",
                  "f": {
                    "lang": "akk-x-ltebab",
                    "form": "A"
                  }
                },
                {
                  "node": "l",
                  "frag": "ša₂",
                  "id": "P261555.l00f06",
                  "ref": "P261555.15.3",
                  "inst": "x",
                  "f": {
                    "lang": "akk-x-ltebab",
                    "form": "ša₂"
                  }
                },
                {
                  "node": "l",
                  "frag": "{m}mu-še-zib-{d}EN",
                  "id": "P261555.l00f07",
                  "ref": "P261555.15.4",
                  "inst": "+Mušezib-Bel[]PN$",
                  "sig": "@ctij%akk-x-ltebab:{m}mu-še-zib-{d}EN=Mušezib-Bel[1//1]PN'PN$Mušezib-Bel",
                  "f": {
                    "lang": "akk-x-ltebab",
                    "form": "{m}mu-še-zib-{d}EN",
                    "cf": "Mušezib-Bel",
                    "gw": "1",
                    "sense": "1",
                    "norm": "Mušezib-Bel",
                    "pos": "PN",
                    "epos": "PN"
                  }
                },
                {
                  "node": "l",
                  "frag": "{m}{d}EN-ši-man-ni",
                  "id": "P261555.l00f08",
                  "ref": "P261555.15.5",
                  "inst": "+Bel-šimanni[]PN$",
                  "sig": "@ctij%akk-x-ltebab:{m}{d}EN-ši-man-ni=Bel-šimanni[1//1]PN'PN$Bel-šimanni",
                  "f": {
                    "lang": "akk-x-ltebab",
                    "form": "{m}{d}EN-ši-man-ni",
                    "cf": "Bel-šimanni",
                    "gw": "1",
                    "sense": "1",
                    "norm": "Bel-šimanni",
                    "pos": "PN",
                    "epos": "PN"
                  }
                },
                {
                  "node": "l",
                  "frag": "A",
                  "id": "P261555.l00f09",
                  "ref": "P261555.15.6",
                  "inst": "x",
                  "f": {
                    "lang": "akk-x-ltebab",
                    "form": "A"
                  }
                },
                {
                  "node": "l",
                  "frag": "ša₂",
                  "id": "P261555.l00f0a",
                  "ref": "P261555.15.7",
                  "inst": "x",
                  "f": {
                    "lang": "akk-x-ltebab",
                    "form": "ša₂"
                  }
                },
                {
                  "node": "l",
                  "frag": "{m}ni-din-tu₄",
                  "id": "P261555.l00f0b",
                  "ref": "P261555.15.8",
                  "inst": "+Nidintu[]PN$",
                  "sig": "@ctij%akk-x-ltebab:{m}ni-din-tu₄=Nidintu[1//1]PN'PN$Nidintu",
                  "f": {
                    "lang": "akk-x-ltebab",
                    "form": "{m}ni-din-tu₄",
                    "cf": "Nidintu",
                    "gw": "1",
                    "sense": "1",
                    "norm": "Nidintu",
                    "pos": "PN",
                    "epos": "PN"
                  }
                },
                {
                  "node": "d",
                  "type": "line-start",
                  "ref": "P261555.16",
                  "n": "13",
                  "label": "r 13"
                },
                {
                  "node": "l",
                  "frag": "{m}SILIM-E{ki}",
                  "id": "P261555.l00f0c",
                  "ref": "P261555.16.1",
                  "inst": "+Šulum-Babili[]PN$",
                  "sig": "@ctij%akk-x-ltebab:{m}SILIM-E{ki}=Šulum-Babili[1//1]PN'PN$Šulum-Babili",
                  "f": {
                    "lang": "akk-x-ltebab",
                    "form": "{m}SILIM-E{ki}",
                    "cf": "Šulum-Babili",
                    "gw": "1",
                    "sense": "1",
                    "norm": "Šulum-Babili",
                    "pos": "PN",
                    "epos": "PN"
                  }
                },
                {
                  "node": "l",
                  "frag": "A",
                  "id": "P261555.l00f0d",
                  "ref": "P261555.16.2",
                  "inst": "x",
                  "f": {
                    "lang": "akk-x-ltebab",
                    "form": "A"
                  }
                },
                {
                  "node": "l",
                  "frag": "ša₂",
                  "id": "P261555.l00f0e",
                  "ref": "P261555.16.3",
                  "inst": "x",
                  "f": {
                    "lang": "akk-x-ltebab",
                    "form": "ša₂"
                  }
                },
                {
                  "node": "l",
                  "frag": "{m}{d}AMAR.UTU-SU",
                  "id": "P261555.l00f0f",
                  "ref": "P261555.16.4",
                  "inst": "+Marduk-erib[]PN$",
                  "sig": "@ctij%akk-x-ltebab:{m}{d}AMAR.UTU-SU=Marduk-erib[1//1]PN'PN$Marduk-erib",
                  "f": {
                    "lang": "akk-x-ltebab",
                    "form": "{m}{d}AMAR.UTU-SU",
                    "cf": "Marduk-erib",
                    "gw": "1",
                    "sense": "1",
                    "norm": "Marduk-erib",
                    "pos": "PN",
                    "epos": "PN"
                  }
                },
                {
                  "node": "l",
                  "frag": "{m}BA-ša₂",
                  "id": "P261555.l00f10",
                  "ref": "P261555.16.5",
                  "inst": "+Iqišaya[]PN$",
                  "sig": "@ctij%akk-x-ltebab:{m}BA-ša₂=Iqišaya[1//1]PN'PN$Iqišaya",
                  "f": {
                    "lang": "akk-x-ltebab",
                    "form": "{m}BA-ša₂",
                    "cf": "Iqišaya",
                    "gw": "1",
                    "sense": "1",
                    "norm": "Iqišaya",
                    "pos": "PN",
                    "epos": "PN"
                  }
                },
                {
                  "node": "l",
                  "frag": "A",
                  "id": "P261555.l00f11",
                  "ref": "P261555.16.6",
                  "inst": "x",
                  "f": {
                    "lang": "akk-x-ltebab",
                    "form": "A"
                  }
                },
                {
                  "node": "l",
                  "frag": "ša₂",
                  "id": "P261555.l00f12",
                  "ref": "P261555.16.7",
                  "inst": "x",
                  "f": {
                    "lang": "akk-x-ltebab",
                    "form": "ša₂"
                  }
                },
                {
                  "node": "l",
                  "frag": "{m}{d}EN.LIL₂-DIN-iṭ",
                  "id": "P261555.l00f13",
                  "ref": "P261555.16.8",
                  "inst": "+Enlil-uballiṭ[]PN$",
                  "sig": "@ctij%akk-x-ltebab:{m}{d}EN.LIL₂-DIN-iṭ=Enlil-uballiṭ[1//1]PN'PN$Enlil-uballiṭ",
                  "f": {
                    "lang": "akk-x-ltebab",
                    "form": "{m}{d}EN.LIL₂-DIN-iṭ",
                    "cf": "Enlil-uballiṭ",
                    "gw": "1",
                    "sense": "1",
                    "norm": "Enlil-uballiṭ",
                    "pos": "PN",
                    "epos": "PN"
                  }
                },
                {
                  "node": "d",
                  "type": "line-start",
                  "ref": "P261555.17",
                  "n": "14",
                  "label": "r 14"
                },
                {
                  "node": "l",
                  "frag": "{m}{d}AMAR.UTU-BA-ša₂-an-ni",
                  "id": "P261555.l00f14",
                  "ref": "P261555.17.1",
                  "inst": "+Marduk-iqišanni[]PN$",
                  "sig": "@ctij%akk-x-ltebab:{m}{d}AMAR.UTU-BA-ša₂-an-ni=Marduk-iqišanni[1//1]PN'PN$Marduk-iqišanni",
                  "f": {
                    "lang": "akk-x-ltebab",
                    "form": "{m}{d}AMAR.UTU-BA-ša₂-an-ni",
                    "cf": "Marduk-iqišanni",
                    "gw": "1",
                    "sense": "1",
                    "norm": "Marduk-iqišanni",
                    "pos": "PN",
                    "epos": "PN"
                  }
                },
                {
                  "node": "l",
                  "frag": "A",
                  "id": "P261555.l00f15",
                  "ref": "P261555.17.2",
                  "inst": "x",
                  "f": {
                    "lang": "akk-x-ltebab",
                    "form": "A"
                  }
                },
                {
                  "node": "l",
                  "frag": "ša₂",
                  "id": "P261555.l00f16",
                  "ref": "P261555.17.3",
                  "inst": "x",
                  "f": {
                    "lang": "akk-x-ltebab",
                    "form": "ša₂"
                  }
                },
                {
                  "node": "l",
                  "frag": "{m}pa-da-{d}e-si-iʾ",
                  "id": "P261555.l00f17",
                  "ref": "P261555.17.4",
                  "inst": "+Pada-Esi[]PN$",
                  "sig": "@ctij%akk-x-ltebab:{m}pa-da-{d}e-si-iʾ=Pada-Esi[1//1]PN'PN$Pada-Esi",
                  "f": {
                    "lang": "akk-x-ltebab",
                    "form": "{m}pa-da-{d}e-si-iʾ",
                    "cf": "Pada-Esi",
                    "gw": "1",
                    "sense": "1",
                    "norm": "Pada-Esi",
                    "pos": "PN",
                    "epos": "PN"
                  }
                },
                {
                  "node": "l",
                  "frag": "{m}{d}EN-MU",
                  "id": "P261555.l00f18",
                  "ref": "P261555.17.5",
                  "inst": "+Bel-iddin[]PN$",
                  "sig": "@ctij%akk-x-ltebab:{m}{d}EN-MU=Bel-iddin[1//1]PN'PN$Bel-iddin",
                  "f": {
                    "lang": "akk-x-ltebab",
                    "form": "{m}{d}EN-MU",
                    "cf": "Bel-iddin",
                    "gw": "1",
                    "sense": "1",
                    "norm": "Bel-iddin",
                    "pos": "PN",
                    "epos": "PN"
                  }
                },
                {
                  "node": "d",
                  "type": "line-start",
                  "ref": "P261555.18",
                  "n": "15",
                  "label": "r 15"
                },
                {
                  "node": "l",
                  "frag": "A",
                  "id": "P261555.l00f19",
                  "ref": "P261555.18.1",
                  "inst": "x",
                  "f": {
                    "lang": "akk-x-ltebab",
                    "form": "A"
                  }
                },
                {
                  "node": "l",
                  "frag": "ša₂",
                  "id": "P261555.l00f1a",
                  "ref": "P261555.18.2",
                  "inst": "x",
                  "f": {
                    "lang": "akk-x-ltebab",
                    "form": "ša₂"
                  }
                },
                {
                  "node": "l",
                  "frag": "{m}{d}EN-GI",
                  "id": "P261555.l00f1b",
                  "ref": "P261555.18.3",
                  "inst": "+Bel-ušallim[]PN$",
                  "sig": "@ctij%akk-x-ltebab:{m}{d}EN-GI=Bel-ušallim[1//1]PN'PN$Bel-ušallim",
                  "f": {
                    "lang": "akk-x-ltebab",
                    "form": "{m}{d}EN-GI",
                    "cf": "Bel-ušallim",
                    "gw": "1",
                    "sense": "1",
                    "norm": "Bel-ušallim",
                    "pos": "PN",
                    "epos": "PN"
                  }
                },
                {
                  "node": "l",
                  "frag": "{m}mu-še-zib-{d}EN",
                  "id": "P261555.l00f1c",
                  "ref": "P261555.18.4",
                  "inst": "+Mušezib-Bel[]PN$",
                  "sig": "@ctij%akk-x-ltebab:{m}mu-še-zib-{d}EN=Mušezib-Bel[1//1]PN'PN$Mušezib-Bel",
                  "f": {
                    "lang": "akk-x-ltebab",
                    "form": "{m}mu-še-zib-{d}EN",
                    "cf": "Mušezib-Bel",
                    "gw": "1",
                    "sense": "1",
                    "norm": "Mušezib-Bel",
                    "pos": "PN",
                    "epos": "PN"
                  }
                },
                {
                  "node": "l",
                  "frag": "A",
                  "id": "P261555.l00f1d",
                  "ref": "P261555.18.5",
                  "inst": "x",
                  "f": {
                    "lang": "akk-x-ltebab",
                    "form": "A"
                  }
                },
                {
                  "node": "l",
                  "frag": "ša₂",
                  "id": "P261555.l00f1e",
                  "ref": "P261555.18.6",
                  "inst": "x",
                  "f": {
                    "lang": "akk-x-ltebab",
                    "form": "ša₂"
                  }
                },
                {
                  "node": "l",
                  "frag": "{m}{d}EN-KAM₂",
                  "id": "P261555.l00f1f",
                  "ref": "P261555.18.7",
                  "inst": "+Bel-ereš[]PN$",
                  "sig": "@ctij%akk-x-ltebab:{m}{d}EN-KAM₂=Bel-ereš[1//1]PN'PN$Bel-ereš",
                  "f": {
                    "lang": "akk-x-ltebab",
                    "form": "{m}{d}EN-KAM₂",
                    "cf": "Bel-ereš",
                    "gw": "1",
                    "sense": "1",
                    "norm": "Bel-ereš",
                    "pos": "PN",
                    "epos": "PN"
                  }
                },
                {
                  "node": "l",
                  "frag": "{m}hi-is-da-nu",
                  "id": "P261555.l00f20",
                  "ref": "P261555.18.8",
                  "inst": "+Ḫisdanu[]PN$",
                  "sig": "@ctij%akk-x-ltebab:{m}hi-is-da-nu=Ḫisdanu[1//1]PN'PN$Ḫisdanu",
                  "f": {
                    "lang": "akk-x-ltebab",
                    "form": "{m}hi-is-da-nu",
                    "cf": "Ḫisdanu",
                    "gw": "1",
                    "sense": "1",
                    "norm": "Ḫisdanu",
                    "pos": "PN",
                    "epos": "PN"
                  }
                },
                {
                  "node": "d",
                  "type": "line-start",
                  "ref": "P261555.19",
                  "n": "16",
                  "label": "r 16"
                },
                {
                  "node": "l",
                  "frag": "A",
                  "id": "P261555.l00f21",
                  "ref": "P261555.19.1",
                  "inst": "x",
                  "f": {
                    "lang": "akk-x-ltebab",
                    "form": "A"
                  }
                },
                {
                  "node": "l",
                  "frag": "ša₂",
                  "id": "P261555.l00f22",
                  "ref": "P261555.19.2",
                  "inst": "x",
                  "f": {
                    "lang": "akk-x-ltebab",
                    "form": "ša₂"
                  }
                },
                {
                  "node": "l",
                  "frag": "{m}ki-din",
                  "id": "P261555.l00f23",
                  "ref": "P261555.19.3",
                  "inst": "+Kidinnu[]PN$Kidin",
                  "sig": "@ctij%akk-x-ltebab:{m}ki-din=Kidinnu[1//1]PN'PN$Kidin",
                  "f": {
                    "lang": "akk-x-ltebab",
                    "form": "{m}ki-din",
                    "cf": "Kidinnu",
                    "gw": "1",
                    "sense": "1",
                    "norm": "Kidin",
                    "pos": "PN",
                    "epos": "PN"
                  }
                },
                {
                  "node": "l",
                  "frag": "{m}ṭa₃-bi-ia",
                  "id": "P261555.l00f24",
                  "ref": "P261555.19.4",
                  "inst": "+Ṭabia[]PN$",
                  "sig": "@ctij%akk-x-ltebab:{m}ṭa₃-bi-ia=Ṭabia[1//1]PN'PN$Ṭabia",
                  "f": {
                    "lang": "akk-x-ltebab",
                    "form": "{m}ṭa₃-bi-ia",
                    "cf": "Ṭabia",
                    "gw": "1",
                    "sense": "1",
                    "norm": "Ṭabia",
                    "pos": "PN",
                    "epos": "PN"
                  }
                },
                {
                  "node": "l",
                  "frag": "A",
                  "id": "P261555.l00f25",
                  "ref": "P261555.19.5",
                  "inst": "x",
                  "f": {
                    "lang": "akk-x-ltebab",
                    "form": "A"
                  }
                },
                {
                  "node": "l",
                  "frag": "ša₂",
                  "id": "P261555.l00f26",
                  "ref": "P261555.19.6",
                  "inst": "x",
                  "f": {
                    "lang": "akk-x-ltebab",
                    "form": "ša₂"
                  }
                },
                {
                  "node": "l",
                  "frag": "{m}AD-li-ti-iʾ",
                  "id": "P261555.l00f27",
                  "ref": "P261555.19.7",
                  "inst": "+Abi-liti[]PN$",
                  "sig": "@ctij%akk-x-ltebab:{m}AD-li-ti-iʾ=Abi-liti[1//1]PN'PN$Abi-liti",
                  "f": {
                    "lang": "akk-x-ltebab",
                    "form": "{m}AD-li-ti-iʾ",
                    "cf": "Abi-liti",
                    "gw": "1",
                    "sense": "1",
                    "norm": "Abi-liti",
                    "pos": "PN",
                    "epos": "PN"
                  }
                },
                {
                  "node": "d",
                  "type": "line-start",
                  "ref": "P261555.20",
                  "n": "17",
                  "label": "r 17"
                },
                {
                  "node": "l",
                  "frag": "{lu₂}UMBISAG",
                  "id": "P261555.l00f28",
                  "ref": "P261555.20.1",
                  "inst": "x",
                  "f": {
                    "lang": "akk-x-ltebab",
                    "form": "{lu₂}UMBISAG"
                  }
                },
                {
                  "node": "l",
                  "frag": "{m}{d}EN.LIL₂-DIN-iṭ",
                  "id": "P261555.l00f29",
                  "ref": "P261555.20.2",
                  "inst": "+Enlil-uballiṭ[]PN$",
                  "sig": "@ctij%akk-x-ltebab:{m}{d}EN.LIL₂-DIN-iṭ=Enlil-uballiṭ[1//1]PN'PN$Enlil-uballiṭ",
                  "f": {
                    "lang": "akk-x-ltebab",
                    "form": "{m}{d}EN.LIL₂-DIN-iṭ",
                    "cf": "Enlil-uballiṭ",
                    "gw": "1",
                    "sense": "1",
                    "norm": "Enlil-uballiṭ",
                    "pos": "PN",
                    "epos": "PN"
                  }
                },
                {
                  "node": "l",
                  "frag": "A",
                  "id": "P261555.l00f2a",
                  "ref": "P261555.20.3",
                  "inst": "x",
                  "f": {
                    "lang": "akk-x-ltebab",
                    "form": "A"
                  }
                },
                {
                  "node": "l",
                  "frag": "ša₂",
                  "id": "P261555.l00f2b",
                  "ref": "P261555.20.4",
                  "inst": "x",
                  "f": {
                    "lang": "akk-x-ltebab",
                    "form": "ša₂"
                  }
                },
                {
                  "node": "l",
                  "frag": "{m}KI-{d}MAŠ-IGI.2-ia",
                  "id": "P261555.l00f2c",
                  "ref": "P261555.20.5",
                  "inst": "+Itti-Ninurta-ineya[]PN$",
                  "sig": "@ctij%akk-x-ltebab:{m}KI-{d}MAŠ-IGI.2-ia=Itti-Ninurta-ineya[1//1]PN'PN$Itti-Ninurta-ineya",
                  "f": {
                    "lang": "akk-x-ltebab",
                    "form": "{m}KI-{d}MAŠ-IGI.2-ia",
                    "cf": "Itti-Ninurta-ineya",
                    "gw": "1",
                    "sense": "1",
                    "norm": "Itti-Ninurta-ineya",
                    "pos": "PN",
                    "epos": "PN"
                  }
                },
                {
                  "node": "l",
                  "frag": "{uru}{giš}BAN",
                  "id": "P261555.l00f2d",
                  "ref": "P261555.20.6",
                  "inst": "x",
                  "f": {
                    "lang": "akk-x-ltebab",
                    "form": "{uru}{giš}BAN"
                  }
                },
                {
                  "node": "d",
                  "type": "line-start",
                  "ref": "P261555.21",
                  "n": "18",
                  "label": "r 18"
                },
                {
                  "node": "l",
                  "frag": "ša₂",
                  "id": "P261555.l00f2e",
                  "ref": "P261555.21.1",
                  "inst": "x",
                  "f": {
                    "lang": "akk-x-ltebab",
                    "form": "ša₂"
                  }
                },
                {
                  "node": "l",
                  "frag": "ina",
                  "id": "P261555.l00f2f",
                  "ref": "P261555.21.2",
                  "inst": "x",
                  "f": {
                    "lang": "akk-x-ltebab",
                    "form": "ina"
                  }
                },
                {
                  "node": "l",
                  "frag": "muh-hi",
                  "id": "P261555.l00f30",
                  "ref": "P261555.21.3",
                  "inst": "x",
                  "f": {
                    "lang": "akk-x-ltebab",
                    "form": "muh-hi"
                  }
                },
                {
                  "node": "l",
                  "frag": "nam-gar-BAD₃-{d}50",
                  "id": "P261555.l00f31",
                  "ref": "P261555.21.4",
                  "inst": "x",
                  "f": {
                    "lang": "akk-x-ltebab",
                    "form": "nam-gar-BAD₃-{d}50"
                  }
                },
                {
                  "node": "l",
                  "frag": "{iti}NE",
                  "id": "P261555.l00f32",
                  "ref": "P261555.21.5",
                  "inst": "x",
                  "f": {
                    "lang": "akk-x-ltebab",
                    "form": "{iti}NE"
                  }
                },
                {
                  "node": "l",
                  "frag": "UD",
                  "id": "P261555.l00f33",
                  "ref": "P261555.21.6",
                  "inst": "x",
                  "f": {
                    "lang": "akk-x-ltebab",
                    "form": "UD"
                  }
                },
                {
                  "node": "l",
                  "frag": "16.KAM₂",
                  "id": "P261555.l00f34",
                  "ref": "P261555.21.7",
                  "inst": "n",
                  "f": {
                    "lang": "akk-x-ltebab",
                    "form": "16.KAM₂",
                    "pos": "n"
                  }
                },
                {
                  "node": "d",
                  "type": "line-start",
                  "ref": "P261555.22",
                  "n": "19",
                  "label": "r 19"
                },
                {
                  "node": "l",
                  "frag": "MU",
                  "id": "P261555.l00f35",
                  "ref": "P261555.22.1",
                  "inst": "x",
                  "f": {
                    "lang": "akk-x-ltebab",
                    "form": "MU"
                  }
                },
                {
                  "node": "l",
                  "frag": "1.KAM₂",
                  "id": "P261555.l00f36",
                  "ref": "P261555.22.2",
                  "inst": "n",
                  "f": {
                    "lang": "akk-x-ltebab",
                    "form": "1.KAM₂",
                    "pos": "n"
                  }
                },
                {
                  "node": "l",
                  "frag": "{m}da-ri-ia-a-muš",
                  "id": "P261555.l00f37",
                  "ref": "P261555.22.3",
                  "inst": "Darius[]RN$Dariyamuš",
                  "sig": "@ctij%akk-x-ltebab:{m}da-ri-ia-a-muš=Darius[1//1]RN'RN$Dariyamuš",
                  "f": {
                    "lang": "akk-x-ltebab",
                    "form": "{m}da-ri-ia-a-muš",
                    "cf": "Darius",
                    "gw": "1",
                    "sense": "1",
                    "norm": "Dariyamuš",
                    "pos": "RN",
                    "epos": "RN"
                  }
                },
                {
                  "node": "l",
                  "frag": "LUGAL",
                  "id": "P261555.l00f38",
                  "ref": "P261555.22.4",
                  "inst": "x",
                  "f": {
                    "lang": "akk-x-ltebab",
                    "form": "LUGAL"
                  }
                },
                {
                  "node": "l",
                  "frag": "KUR.KUR",
                  "id": "P261555.l00f39",
                  "ref": "P261555.22.5",
                  "inst": "x",
                  "f": {
                    "lang": "akk-x-ltebab",
                    "form": "KUR.KUR"
                  }
                },
                {
                  "node": "d",
                  "subtype": "left",
                  "type": "left",
                  "ref": "P261555.l.e..23",
                  "label": "l.e."
                },
                {
                  "node": "d",
                  "type": "nonx",
                  "ref": "P261555.24",
                  "strict": "1",
                  "extent": "1",
                  "scope": "impression",
                  "state": "other"
                },
                {
                  "node": "d",
                  "subtype": "seal 1",
                  "type": "seal",
                  "ref": "P261555.seal.1.25",
                  "n": "1",
                  "label": "seal 1"
                },
                {
                  "node": "d",
                  "type": "line-start",
                  "ref": "P261555.26",
                  "n": "1",
                  "label": "seal 1 1"
                },
                {
                  "node": "l",
                  "frag": "ṣu-pur",
                  "id": "P261555.l00f3a",
                  "ref": "P261555.26.1",
                  "inst": "x",
                  "f": {
                    "lang": "akk-x-ltebab",
                    "form": "ṣu-pur"
                  }
                },
                {
                  "node": "l",
                  "frag": "{m}lib-luṭ",
                  "id": "P261555.l00f3b",
                  "ref": "P261555.26.2",
                  "inst": "+Libluṭ[]PN$",
                  "sig": "@ctij%akk-x-ltebab:{m}lib-luṭ=Libluṭ[1//1]PN'PN$Libluṭ",
                  "f": {
                    "lang": "akk-x-ltebab",
                    "form": "{m}lib-luṭ",
                    "cf": "Libluṭ",
                    "gw": "1",
                    "sense": "1",
                    "norm": "Libluṭ",
                    "pos": "PN",
                    "epos": "PN"
                  }
                },
                {
                  "node": "l",
                  "frag": "u",
                  "id": "P261555.l00f3c",
                  "ref": "P261555.26.3",
                  "inst": "x",
                  "f": {
                    "lang": "akk-x-ltebab",
                    "form": "u"
                  }
                },
                {
                  "node": "l",
                  "frag": "{lu₂}ki-na-ta-ti-šu₂",
                  "id": "P261555.l00f3d",
                  "ref": "P261555.26.4",
                  "inst": "x",
                  "f": {
                    "lang": "akk-x-ltebab",
                    "form": "{lu₂}ki-na-ta-ti-šu₂"
                  }
                }
              ]
            }
          ]
        }
      ]
    }
  ]
}
