{
  "type": "cdl",
  "source": "http://oracc.org/ctij",
  "license": "This data is released under the CC0 license",
  "license-url": "https://creativecommons.org/publicdomain/zero/1.0/",
  "more-info": "http://oracc.org/doc/opendata/",
  "UTC-timestamp": "2017-06-09T23:29:02",
  "project": "ctij",
  "textid": "P293103",
  "cdl": [
    {
      "node": "c",
      "type": "text",
      "id": "P293103.U0",
      "cdl": [
        {
          "node": "d",
          "subtype": "tablet",
          "type": "tablet",
          "ref": "P293103.x169.1",
          "label": "x169"
        },
        {
          "node": "d",
          "subtype": "obverse",
          "type": "obverse",
          "ref": "P293103.o.2",
          "label": "o"
        },
        {
          "node": "c",
          "type": "discourse",
          "subtype": "body",
          "id": "P293103.U1",
          "cdl": [
            {
              "node": "c",
              "type": "sentence",
              "id": "P293103.U2",
              "label": "o 1 - r 17",
              "cdl": [
                {
                  "node": "d",
                  "type": "line-start",
                  "ref": "P293103.3",
                  "n": "1",
                  "label": "o 1"
                },
                {
                  "node": "l",
                  "frag": "5",
                  "id": "P293103.l059e5",
                  "ref": "P293103.3.1",
                  "inst": "n",
                  "f": {
                    "lang": "akk-x-neobab",
                    "form": "5",
                    "pos": "n"
                  }
                },
                {
                  "node": "l",
                  "frag": "GUR",
                  "id": "P293103.l059e6",
                  "ref": "P293103.3.2",
                  "inst": "x",
                  "f": {
                    "lang": "akk-x-neobab",
                    "form": "GUR"
                  }
                },
                {
                  "node": "l",
                  "frag": "2",
                  "id": "P293103.l059e7",
                  "ref": "P293103.3.3",
                  "inst": "n",
                  "f": {
                    "lang": "akk-x-neobab",
                    "form": "2",
                    "pos": "n"
                  }
                },
                {
                  "node": "l",
                  "frag": "(PI)",
                  "id": "P293103.l059e8",
                  "ref": "P293103.3.4",
                  "inst": "x",
                  "f": {
                    "lang": "akk-x-neobab",
                    "form": "PI"
                  }
                },
                {
                  "node": "l",
                  "frag": "3-BAN₂",
                  "id": "P293103.l059e9",
                  "ref": "P293103.3.5",
                  "inst": "n",
                  "f": {
                    "lang": "akk-x-neobab",
                    "form": "3-BAN₂",
                    "pos": "n"
                  }
                },
                {
                  "node": "l",
                  "frag": "ŠE.BAR",
                  "id": "P293103.l059ea",
                  "ref": "P293103.3.6",
                  "inst": "x",
                  "f": {
                    "lang": "akk-x-neobab",
                    "form": "ŠE.BAR"
                  }
                },
                {
                  "node": "l",
                  "frag": "šu-pel-tu₄",
                  "id": "P293103.l059eb",
                  "ref": "P293103.3.7",
                  "inst": "x",
                  "f": {
                    "lang": "akk-x-neobab",
                    "form": "šu-pel-tu₄"
                  }
                },
                {
                  "node": "d",
                  "type": "line-start",
                  "ref": "P293103.4",
                  "n": "2",
                  "label": "o 2"
                },
                {
                  "node": "l",
                  "frag": "ša₂",
                  "id": "P293103.l059ec",
                  "ref": "P293103.4.1",
                  "inst": "x",
                  "f": {
                    "lang": "akk-x-neobab",
                    "form": "ša₂"
                  }
                },
                {
                  "node": "l",
                  "frag": "ZU₂.LUM.MA",
                  "id": "P293103.l059ed",
                  "ref": "P293103.4.2",
                  "inst": "x",
                  "f": {
                    "lang": "akk-x-neobab",
                    "form": "ZU₂.LUM.MA"
                  }
                },
                {
                  "node": "l",
                  "frag": "⸢ša₂⸣",
                  "id": "P293103.l059ee",
                  "ref": "P293103.4.3",
                  "inst": "x",
                  "f": {
                    "lang": "akk-x-neobab",
                    "form": "ša₂"
                  }
                },
                {
                  "node": "l",
                  "frag": "{m}EN-KAR-{d}UTU",
                  "id": "P293103.l059ef",
                  "ref": "P293103.4.4",
                  "inst": "+Bel-eṭeri-Šamaš[]PN$",
                  "sig": "@ctij%akk-x-neobab:{m}EN-KAR-{d}UTU=Bel-eṭeri-Šamaš[1//1]PN'PN$Bel-eṭeri-Šamaš",
                  "f": {
                    "lang": "akk-x-neobab",
                    "form": "{m}EN-KAR-{d}UTU",
                    "cf": "Bel-eṭeri-Šamaš",
                    "gw": "1",
                    "sense": "1",
                    "norm": "Bel-eṭeri-Šamaš",
                    "pos": "PN",
                    "epos": "PN"
                  }
                },
                {
                  "node": "d",
                  "type": "line-start",
                  "ref": "P293103.5",
                  "n": "3",
                  "label": "o 3"
                },
                {
                  "node": "l",
                  "frag": "A-šu₂",
                  "id": "P293103.l059f0",
                  "ref": "P293103.5.1",
                  "inst": "x",
                  "f": {
                    "lang": "akk-x-neobab",
                    "form": "A-šu₂"
                  }
                },
                {
                  "node": "l",
                  "frag": "ša₂",
                  "id": "P293103.l059f1",
                  "ref": "P293103.5.2",
                  "inst": "x",
                  "f": {
                    "lang": "akk-x-neobab",
                    "form": "ša₂"
                  }
                },
                {
                  "node": "l",
                  "frag": "{m}{d}⸢za⸣-[ri]-qu-KAM₂",
                  "id": "P293103.l059f2",
                  "ref": "P293103.5.3",
                  "inst": "+Zariqu-ereš[]PN$",
                  "sig": "@ctij%akk-x-neobab:{m}{d}za-ri-qu-KAM₂=Zariqu-ereš[1//1]PN'PN$Zariqu-ereš",
                  "f": {
                    "lang": "akk-x-neobab",
                    "form": "{m}{d}za-ri-qu-KAM₂",
                    "cf": "Zariqu-ereš",
                    "gw": "1",
                    "sense": "1",
                    "norm": "Zariqu-ereš",
                    "pos": "PN",
                    "epos": "PN"
                  }
                },
                {
                  "node": "l",
                  "frag": "A",
                  "id": "P293103.l059f3",
                  "ref": "P293103.5.4",
                  "inst": "x",
                  "f": {
                    "lang": "akk-x-neobab",
                    "form": "A"
                  }
                },
                {
                  "node": "l",
                  "frag": "⸢x⸣-[x]",
                  "id": "P293103.l059f4",
                  "ref": "P293103.5.5",
                  "inst": "+x[]LN$",
                  "sig": "@ctij%akk-x-neobab:x-x=x[1//1]LN'LN$x",
                  "f": {
                    "lang": "akk-x-neobab",
                    "form": "x-x",
                    "cf": "x",
                    "gw": "1",
                    "sense": "1",
                    "norm": "x",
                    "pos": "LN",
                    "epos": "LN"
                  }
                },
                {
                  "node": "d",
                  "type": "line-start",
                  "ref": "P293103.6",
                  "n": "4",
                  "label": "o 4"
                },
                {
                  "node": "l",
                  "frag": "ina",
                  "id": "P293103.l059f5",
                  "ref": "P293103.6.1",
                  "inst": "x",
                  "f": {
                    "lang": "akk-x-neobab",
                    "form": "ina"
                  }
                },
                {
                  "node": "l",
                  "frag": "⸢muh⸣-hi",
                  "id": "P293103.l059f6",
                  "ref": "P293103.6.2",
                  "inst": "x",
                  "f": {
                    "lang": "akk-x-neobab",
                    "form": "muh-hi"
                  }
                },
                {
                  "node": "l",
                  "frag": "{m}na-[din]",
                  "id": "P293103.l059f7",
                  "ref": "P293103.6.3",
                  "inst": "+Nadinu[]PN$Nadin",
                  "sig": "@ctij%akk-x-neobab:{m}na-din=Nadinu[1//1]PN'PN$Nadin",
                  "f": {
                    "lang": "akk-x-neobab",
                    "form": "{m}na-din",
                    "cf": "Nadinu",
                    "gw": "1",
                    "sense": "1",
                    "norm": "Nadin",
                    "pos": "PN",
                    "epos": "PN"
                  }
                },
                {
                  "node": "l",
                  "frag": "A-šu₂",
                  "id": "P293103.l059f8",
                  "ref": "P293103.6.4",
                  "inst": "x",
                  "f": {
                    "lang": "akk-x-neobab",
                    "form": "A-šu₂"
                  }
                },
                {
                  "node": "l",
                  "frag": "ša₂",
                  "id": "P293103.l059f9",
                  "ref": "P293103.6.5",
                  "inst": "x",
                  "f": {
                    "lang": "akk-x-neobab",
                    "form": "ša₂"
                  }
                },
                {
                  "node": "l",
                  "frag": "{m}⸢x-x-x⸣",
                  "id": "P293103.l059fa",
                  "ref": "P293103.6.6",
                  "inst": "+x[]PN$",
                  "sig": "@ctij%akk-x-neobab:{m}x-x-x=x[1//1]PN'PN$x",
                  "f": {
                    "lang": "akk-x-neobab",
                    "form": "{m}x-x-x",
                    "cf": "x",
                    "gw": "1",
                    "sense": "1",
                    "norm": "x",
                    "pos": "PN",
                    "epos": "PN"
                  }
                },
                {
                  "node": "d",
                  "type": "line-start",
                  "ref": "P293103.7",
                  "n": "5",
                  "label": "o 5"
                },
                {
                  "node": "l",
                  "frag": "u",
                  "id": "P293103.l059fb",
                  "ref": "P293103.7.1",
                  "inst": "x",
                  "f": {
                    "lang": "akk-x-neobab",
                    "form": "u"
                  }
                },
                {
                  "node": "l",
                  "frag": "{m}EN-⸢KAR⸣-{d}UTU",
                  "id": "P293103.l059fc",
                  "ref": "P293103.7.2",
                  "inst": "Bel-eṭeri-Šamaš[]PN$",
                  "sig": "@ctij%akk-x-neobab:{m}EN-KAR-{d}UTU=Bel-eṭeri-Šamaš[1//1]PN'PN$Bel-eṭeri-Šamaš",
                  "f": {
                    "lang": "akk-x-neobab",
                    "form": "{m}EN-KAR-{d}UTU",
                    "cf": "Bel-eṭeri-Šamaš",
                    "gw": "1",
                    "sense": "1",
                    "norm": "Bel-eṭeri-Šamaš",
                    "pos": "PN",
                    "epos": "PN"
                  }
                },
                {
                  "node": "l",
                  "frag": "A-šu₂",
                  "id": "P293103.l059fd",
                  "ref": "P293103.7.3",
                  "inst": "x",
                  "f": {
                    "lang": "akk-x-neobab",
                    "form": "A-šu₂"
                  }
                },
                {
                  "node": "l",
                  "frag": "ša₂",
                  "id": "P293103.l059fe",
                  "ref": "P293103.7.4",
                  "inst": "x",
                  "f": {
                    "lang": "akk-x-neobab",
                    "form": "ša₂"
                  }
                },
                {
                  "node": "l",
                  "frag": "{m}[x-x-x-x]",
                  "id": "P293103.l059ff",
                  "ref": "P293103.7.5",
                  "inst": "+x[]PN$",
                  "sig": "@ctij%akk-x-neobab:{m}x-x-x-x=x[1//1]PN'PN$x",
                  "f": {
                    "lang": "akk-x-neobab",
                    "form": "{m}x-x-x-x",
                    "cf": "x",
                    "gw": "1",
                    "sense": "1",
                    "norm": "x",
                    "pos": "PN",
                    "epos": "PN"
                  }
                },
                {
                  "node": "d",
                  "type": "line-start",
                  "ref": "P293103.8",
                  "n": "6",
                  "label": "o 6"
                },
                {
                  "node": "l",
                  "frag": "ina",
                  "id": "P293103.l05a00",
                  "ref": "P293103.8.1",
                  "inst": "x",
                  "f": {
                    "lang": "akk-x-neobab",
                    "form": "ina"
                  }
                },
                {
                  "node": "l",
                  "frag": "{iti}⸢BARA₂⸣",
                  "id": "P293103.l05a01",
                  "ref": "P293103.8.2",
                  "inst": "x",
                  "f": {
                    "lang": "akk-x-neobab",
                    "form": "{iti}BARA₂"
                  }
                },
                {
                  "node": "l",
                  "frag": "iʾ-[ni]-⸢pa⸣-aš₂",
                  "id": "P293103.l05a02",
                  "ref": "P293103.8.3",
                  "inst": "x",
                  "f": {
                    "lang": "akk-x-neobab",
                    "form": "iʾ-ni-pa-aš₂"
                  }
                },
                {
                  "node": "d",
                  "type": "line-start",
                  "ref": "P293103.9",
                  "n": "7",
                  "label": "o 7"
                },
                {
                  "node": "l",
                  "frag": "ina",
                  "id": "P293103.l05a03",
                  "ref": "P293103.9.1",
                  "inst": "x",
                  "f": {
                    "lang": "akk-x-neobab",
                    "form": "ina"
                  }
                },
                {
                  "node": "l",
                  "frag": "hu-[bu]-⸢li⸣",
                  "id": "P293103.l05a04",
                  "ref": "P293103.9.2",
                  "inst": "x",
                  "f": {
                    "lang": "akk-x-neobab",
                    "form": "hu-bu-li"
                  }
                },
                {
                  "node": "l",
                  "frag": "i-nam-[din]-nu",
                  "id": "P293103.l05a05",
                  "ref": "P293103.9.3",
                  "inst": "x",
                  "f": {
                    "lang": "akk-x-neobab",
                    "form": "i-nam-din-nu"
                  }
                },
                {
                  "node": "d",
                  "subtype": "bottom",
                  "type": "bottom",
                  "ref": "P293103.b.e..10",
                  "label": "b.e."
                },
                {
                  "node": "d",
                  "type": "line-start",
                  "ref": "P293103.11",
                  "n": "8",
                  "label": "b.e. 8"
                },
                {
                  "node": "l",
                  "frag": "KU₃.BABBAR",
                  "id": "P293103.l05a06",
                  "ref": "P293103.11.1",
                  "inst": "x",
                  "f": {
                    "lang": "akk-x-neobab",
                    "form": "KU₃.BABBAR"
                  }
                },
                {
                  "node": "l",
                  "frag": "ma-la",
                  "id": "P293103.l05a07",
                  "ref": "P293103.11.2",
                  "inst": "x",
                  "f": {
                    "lang": "akk-x-neobab",
                    "form": "ma-la"
                  }
                },
                {
                  "node": "l",
                  "frag": "a-na",
                  "id": "P293103.l05a08",
                  "ref": "P293103.11.3",
                  "inst": "x",
                  "f": {
                    "lang": "akk-x-neobab",
                    "form": "a-na"
                  }
                },
                {
                  "node": "l",
                  "frag": "te-lit-⸢tu₄⸣",
                  "id": "P293103.l05a09",
                  "ref": "P293103.11.4",
                  "inst": "x",
                  "f": {
                    "lang": "akk-x-neobab",
                    "form": "te-lit-tu₄"
                  }
                },
                {
                  "node": "d",
                  "type": "line-start",
                  "ref": "P293103.12",
                  "n": "9",
                  "label": "b.e. 9"
                },
                {
                  "node": "l",
                  "frag": "a-na",
                  "id": "P293103.l05a0a",
                  "ref": "P293103.12.1",
                  "inst": "x",
                  "f": {
                    "lang": "akk-x-neobab",
                    "form": "a-na"
                  }
                },
                {
                  "node": "l",
                  "frag": "muh-hi",
                  "id": "P293103.l05a0b",
                  "ref": "P293103.12.2",
                  "inst": "x",
                  "f": {
                    "lang": "akk-x-neobab",
                    "form": "muh-hi"
                  }
                },
                {
                  "node": "l",
                  "frag": "KAR-šu₂-nu",
                  "id": "P293103.l05a0c",
                  "ref": "P293103.12.3",
                  "inst": "x",
                  "f": {
                    "lang": "akk-x-neobab",
                    "form": "KAR-šu₂-nu"
                  }
                },
                {
                  "node": "l",
                  "frag": "u₂-[ti]-ri",
                  "id": "P293103.l05a0d",
                  "ref": "P293103.12.4",
                  "inst": "x",
                  "f": {
                    "lang": "akk-x-neobab",
                    "form": "u₂-ti-ri"
                  }
                },
                {
                  "node": "d",
                  "subtype": "reverse",
                  "type": "reverse",
                  "ref": "P293103.r.13",
                  "label": "r"
                },
                {
                  "node": "d",
                  "type": "line-start",
                  "ref": "P293103.14",
                  "n": "10",
                  "label": "r 10"
                },
                {
                  "node": "l",
                  "frag": "⸢KU₃⸣.BABBAR",
                  "id": "P293103.l05a0e",
                  "ref": "P293103.14.1",
                  "inst": "x",
                  "f": {
                    "lang": "akk-x-neobab",
                    "form": "KU₃.BABBAR"
                  }
                },
                {
                  "node": "l",
                  "frag": "a-ha-meš",
                  "id": "P293103.l05a0f",
                  "ref": "P293103.14.2",
                  "inst": "x",
                  "f": {
                    "lang": "akk-x-neobab",
                    "form": "a-ha-meš"
                  }
                },
                {
                  "node": "l",
                  "frag": "i-ṭi-⸢ru⸣",
                  "id": "P293103.l05a10",
                  "ref": "P293103.14.3",
                  "inst": "x",
                  "f": {
                    "lang": "akk-x-neobab",
                    "form": "i-ṭi-ru"
                  }
                },
                {
                  "node": "d",
                  "type": "line-start",
                  "ref": "P293103.15",
                  "n": "11",
                  "label": "r 11"
                },
                {
                  "node": "l",
                  "frag": "{lu₂}mu-kin₇",
                  "id": "P293103.l05a11",
                  "ref": "P293103.15.1",
                  "inst": "x",
                  "f": {
                    "lang": "akk-x-neobab",
                    "form": "{lu₂}mu-kin₇"
                  }
                },
                {
                  "node": "l",
                  "frag": "{m}{d}AG-mil-ki",
                  "id": "P293103.l05a12",
                  "ref": "P293103.15.2",
                  "inst": "+Nabu-milki[]PN$",
                  "sig": "@ctij%akk-x-neobab:{m}{d}AG-mil-ki=Nabu-milki[1//1]PN'PN$Nabu-milki",
                  "f": {
                    "lang": "akk-x-neobab",
                    "form": "{m}{d}AG-mil-ki",
                    "cf": "Nabu-milki",
                    "gw": "1",
                    "sense": "1",
                    "norm": "Nabu-milki",
                    "pos": "PN",
                    "epos": "PN"
                  }
                },
                {
                  "node": "d",
                  "type": "line-start",
                  "ref": "P293103.16",
                  "n": "12",
                  "label": "r 12"
                },
                {
                  "node": "l",
                  "frag": "A-šu₂",
                  "id": "P293103.l05a13",
                  "ref": "P293103.16.1",
                  "inst": "x",
                  "f": {
                    "lang": "akk-x-neobab",
                    "form": "A-šu₂"
                  }
                },
                {
                  "node": "l",
                  "frag": "ša₂",
                  "id": "P293103.l05a14",
                  "ref": "P293103.16.2",
                  "inst": "x",
                  "f": {
                    "lang": "akk-x-neobab",
                    "form": "ša₂"
                  }
                },
                {
                  "node": "l",
                  "frag": "{m}ba-ta-a",
                  "id": "P293103.l05a15",
                  "ref": "P293103.16.3",
                  "inst": "+Bataya[]PN$",
                  "sig": "@ctij%akk-x-neobab:{m}ba-ta-a=Bataya[1//1]PN'PN$Bataya",
                  "f": {
                    "lang": "akk-x-neobab",
                    "form": "{m}ba-ta-a",
                    "cf": "Bataya",
                    "gw": "1",
                    "sense": "1",
                    "norm": "Bataya",
                    "pos": "PN",
                    "epos": "PN"
                  }
                },
                {
                  "node": "l",
                  "frag": "{m}GU₂.DU₈{ki}-a-a",
                  "id": "P293103.l05a16",
                  "ref": "P293103.16.4",
                  "inst": "+Kutayyu[]PN$",
                  "sig": "@ctij%akk-x-neobab:{m}GU₂.DU₈{ki}-a-a=Kutayyu[1//1]PN'PN$Kutayyu",
                  "f": {
                    "lang": "akk-x-neobab",
                    "form": "{m}GU₂.DU₈{ki}-a-a",
                    "cf": "Kutayyu",
                    "gw": "1",
                    "sense": "1",
                    "norm": "Kutayyu",
                    "pos": "PN",
                    "epos": "PN"
                  }
                },
                {
                  "node": "d",
                  "type": "line-start",
                  "ref": "P293103.17",
                  "n": "13",
                  "label": "r 13"
                },
                {
                  "node": "l",
                  "frag": "A-šu₂",
                  "id": "P293103.l05a17",
                  "ref": "P293103.17.1",
                  "inst": "x",
                  "f": {
                    "lang": "akk-x-neobab",
                    "form": "A-šu₂"
                  }
                },
                {
                  "node": "l",
                  "frag": "ša₂",
                  "id": "P293103.l05a18",
                  "ref": "P293103.17.2",
                  "inst": "x",
                  "f": {
                    "lang": "akk-x-neobab",
                    "form": "ša₂"
                  }
                },
                {
                  "node": "l",
                  "frag": "{m}ŠEŠ-ia-a-ma",
                  "id": "P293103.l05a19",
                  "ref": "P293103.17.3",
                  "inst": "+Aḫi-Yama[]PN$",
                  "sig": "@ctij%akk-x-neobab:{m}ŠEŠ-ia-a-ma=Aḫi-Yama[1//1]PN'PN$Aḫi-Yama",
                  "f": {
                    "lang": "akk-x-neobab",
                    "form": "{m}ŠEŠ-ia-a-ma",
                    "cf": "Aḫi-Yama",
                    "gw": "1",
                    "sense": "1",
                    "norm": "Aḫi-Yama",
                    "pos": "PN",
                    "epos": "PN"
                  }
                },
                {
                  "node": "l",
                  "frag": "{lu₂}UMBISAG",
                  "id": "P293103.l05a1a",
                  "ref": "P293103.17.4",
                  "inst": "x",
                  "f": {
                    "lang": "akk-x-neobab",
                    "form": "{lu₂}UMBISAG"
                  }
                },
                {
                  "node": "d",
                  "type": "line-start",
                  "ref": "P293103.18",
                  "n": "14",
                  "label": "r 14"
                },
                {
                  "node": "l",
                  "frag": "{m}ta-qiš-{d}gu-la",
                  "id": "P293103.l05a1b",
                  "ref": "P293103.18.1",
                  "inst": "+Taqiš-Gula[]PN$",
                  "sig": "@ctij%akk-x-neobab:{m}ta-qiš-{d}gu-la=Taqiš-Gula[1//1]PN'PN$Taqiš-Gula",
                  "f": {
                    "lang": "akk-x-neobab",
                    "form": "{m}ta-qiš-{d}gu-la",
                    "cf": "Taqiš-Gula",
                    "gw": "1",
                    "sense": "1",
                    "norm": "Taqiš-Gula",
                    "pos": "PN",
                    "epos": "PN"
                  }
                },
                {
                  "node": "l",
                  "frag": "A-<šu₂",
                  "id": "P293103.l05a1c",
                  "ref": "P293103.18.2",
                  "inst": "x",
                  "f": {
                    "lang": "akk-x-neobab",
                    "form": "A-šu₂"
                  }
                },
                {
                  "node": "l",
                  "frag": "ša₂>",
                  "id": "P293103.l05a1d",
                  "ref": "P293103.18.3",
                  "inst": "x",
                  "f": {
                    "lang": "akk-x-neobab",
                    "form": "ša₂"
                  }
                },
                {
                  "node": "l",
                  "frag": "{m}re-mut",
                  "id": "P293103.l05a1e",
                  "ref": "P293103.18.4",
                  "inst": "+Remutu[]PN$Remut",
                  "sig": "@ctij%akk-x-neobab:{m}re-mut=Remutu[1//1]PN'PN$Remut",
                  "f": {
                    "lang": "akk-x-neobab",
                    "form": "{m}re-mut",
                    "cf": "Remutu",
                    "gw": "1",
                    "sense": "1",
                    "norm": "Remut",
                    "pos": "PN",
                    "epos": "PN"
                  }
                },
                {
                  "node": "d",
                  "type": "line-start",
                  "ref": "P293103.19",
                  "n": "15",
                  "label": "r 15"
                },
                {
                  "node": "l",
                  "frag": "EN.LIL₂{ki}",
                  "id": "P293103.l05a1f",
                  "ref": "P293103.19.1",
                  "inst": "x",
                  "f": {
                    "lang": "akk-x-neobab",
                    "form": "EN.LIL₂{ki}"
                  }
                },
                {
                  "node": "l",
                  "frag": "{iti}BARA₂",
                  "id": "P293103.l05a20",
                  "ref": "P293103.19.2",
                  "inst": "x",
                  "f": {
                    "lang": "akk-x-neobab",
                    "form": "{iti}BARA₂"
                  }
                },
                {
                  "node": "l",
                  "frag": "UD",
                  "id": "P293103.l05a21",
                  "ref": "P293103.19.3",
                  "inst": "x",
                  "f": {
                    "lang": "akk-x-neobab",
                    "form": "UD"
                  }
                },
                {
                  "node": "l",
                  "frag": "13.KAM",
                  "id": "P293103.l05a22",
                  "ref": "P293103.19.4",
                  "inst": "n",
                  "f": {
                    "lang": "akk-x-neobab",
                    "form": "13.KAM",
                    "pos": "n"
                  }
                },
                {
                  "node": "d",
                  "type": "line-start",
                  "ref": "P293103.20",
                  "n": "16",
                  "label": "r 16"
                },
                {
                  "node": "l",
                  "frag": "MU",
                  "id": "P293103.l05a23",
                  "ref": "P293103.20.1",
                  "inst": "x",
                  "f": {
                    "lang": "akk-x-neobab",
                    "form": "MU"
                  }
                },
                {
                  "node": "l",
                  "frag": "14.KAM",
                  "id": "P293103.l05a24",
                  "ref": "P293103.20.2",
                  "inst": "n",
                  "f": {
                    "lang": "akk-x-neobab",
                    "form": "14.KAM",
                    "pos": "n"
                  }
                },
                {
                  "node": "l",
                  "frag": "{m}{d}AG-I",
                  "id": "P293103.l05a25",
                  "ref": "P293103.20.3",
                  "inst": "+Nabonidus[]RN$Nabu-naʾid",
                  "sig": "@ctij%akk-x-neobab:{m}{d}AG-I=Nabonidus[1//1]RN'RN$Nabu-naʾid",
                  "f": {
                    "lang": "akk-x-neobab",
                    "form": "{m}{d}AG-I",
                    "cf": "Nabonidus",
                    "gw": "1",
                    "sense": "1",
                    "norm": "Nabu-naʾid",
                    "pos": "RN",
                    "epos": "RN"
                  }
                },
                {
                  "node": "d",
                  "type": "line-start",
                  "ref": "P293103.21",
                  "n": "17",
                  "label": "r 17"
                },
                {
                  "node": "l",
                  "frag": "LUGAL",
                  "id": "P293103.l05a26",
                  "ref": "P293103.21.1",
                  "inst": "x",
                  "f": {
                    "lang": "akk-x-neobab",
                    "form": "LUGAL"
                  }
                },
                {
                  "node": "l",
                  "frag": "E{ki}",
                  "id": "P293103.l05a27",
                  "ref": "P293103.21.2",
                  "inst": "x",
                  "f": {
                    "lang": "akk-x-neobab",
                    "form": "E{ki}"
                  }
                }
              ]
            }
          ]
        }
      ]
    }
  ]
}
