{
  "type": "cdl",
  "source": "http://oracc.org/ctij",
  "license": "This data is released under the CC0 license",
  "license-url": "https://creativecommons.org/publicdomain/zero/1.0/",
  "more-info": "http://oracc.org/doc/opendata/",
  "UTC-timestamp": "2017-06-09T23:29:07",
  "project": "ctij",
  "textid": "X000514",
  "cdl": [
    {
      "node": "c",
      "type": "text",
      "id": "X000514.U0",
      "cdl": [
        {
          "node": "d",
          "subtype": "tablet",
          "type": "tablet",
          "ref": "X000514.x70.1",
          "label": "x70"
        },
        {
          "node": "d",
          "subtype": "obverse",
          "type": "obverse",
          "ref": "X000514.o.2",
          "label": "o"
        },
        {
          "node": "c",
          "type": "discourse",
          "subtype": "body",
          "id": "X000514.U1",
          "cdl": [
            {
              "node": "c",
              "type": "sentence",
              "id": "X000514.U2",
              "label": "o 1 - l.e. 28",
              "cdl": [
                {
                  "node": "d",
                  "type": "line-start",
                  "ref": "X000514.3",
                  "n": "1",
                  "label": "o 1"
                },
                {
                  "node": "l",
                  "frag": "{[lu₂}a-me-lu]-⸢tu₂⸣",
                  "id": "X000514.l02702",
                  "ref": "X000514.3.1",
                  "inst": "x",
                  "f": {
                    "lang": "akk-x-ltebab",
                    "form": "{lu₂}a-me-lu-tu₂"
                  }
                },
                {
                  "node": "l",
                  "frag": "HA.LA",
                  "id": "X000514.l02703",
                  "ref": "X000514.3.2",
                  "inst": "x",
                  "f": {
                    "lang": "akk-x-ltebab",
                    "form": "HA.LA"
                  }
                },
                {
                  "node": "l",
                  "frag": "E₂",
                  "id": "X000514.l02704",
                  "ref": "X000514.3.3",
                  "inst": "x",
                  "f": {
                    "lang": "akk-x-ltebab",
                    "form": "E₂"
                  }
                },
                {
                  "node": "l",
                  "frag": "AD",
                  "id": "X000514.l02705",
                  "ref": "X000514.3.4",
                  "inst": "x",
                  "f": {
                    "lang": "akk-x-ltebab",
                    "form": "AD"
                  }
                },
                {
                  "node": "l",
                  "frag": "ša₂",
                  "id": "X000514.l02706",
                  "ref": "X000514.3.5",
                  "inst": "x",
                  "f": {
                    "lang": "akk-x-ltebab",
                    "form": "ša₂"
                  }
                },
                {
                  "node": "l",
                  "frag": "{m}ni-⸢ir-ia⸣-[a-ma]",
                  "id": "X000514.l02707",
                  "ref": "X000514.3.6",
                  "inst": "+Nir-Yama[]PN$",
                  "sig": "@ctij%akk-x-ltebab:{m}ni-ir-ia-a-ma=Nir-Yama[1//1]PN'PN$Nir-Yama",
                  "f": {
                    "lang": "akk-x-ltebab",
                    "form": "{m}ni-ir-ia-a-ma",
                    "cf": "Nir-Yama",
                    "gw": "1",
                    "sense": "1",
                    "norm": "Nir-Yama",
                    "pos": "PN",
                    "epos": "PN"
                  }
                },
                {
                  "node": "d",
                  "type": "line-start",
                  "ref": "X000514.4",
                  "n": "2",
                  "label": "o 2"
                },
                {
                  "node": "l",
                  "frag": "[u₃]",
                  "id": "X000514.l02708",
                  "ref": "X000514.4.1",
                  "inst": "x",
                  "f": {
                    "lang": "akk-x-ltebab",
                    "form": "u₃"
                  }
                },
                {
                  "node": "l",
                  "frag": "{⸢m}{d⸣}ia-hu-u₂-az-za",
                  "id": "X000514.l02709",
                  "ref": "X000514.4.2",
                  "inst": "+Yaḫu-azza[]PN$",
                  "sig": "@ctij%akk-x-ltebab:{m}{d}ia-hu-u₂-az-za=Yaḫu-azza[1//1]PN'PN$Yaḫu-azza",
                  "f": {
                    "lang": "akk-x-ltebab",
                    "form": "{m}{d}ia-hu-u₂-az-za",
                    "cf": "Yaḫu-azza",
                    "gw": "1",
                    "sense": "1",
                    "norm": "Yaḫu-azza",
                    "pos": "PN",
                    "epos": "PN"
                  }
                },
                {
                  "node": "l",
                  "frag": "DUMU{meš}",
                  "id": "X000514.l0270a",
                  "ref": "X000514.4.3",
                  "inst": "x",
                  "f": {
                    "lang": "akk-x-ltebab",
                    "form": "DUMU{meš}"
                  }
                },
                {
                  "node": "l",
                  "frag": "ša₂",
                  "id": "X000514.l0270b",
                  "ref": "X000514.4.4",
                  "inst": "x",
                  "f": {
                    "lang": "akk-x-ltebab",
                    "form": "ša₂"
                  }
                },
                {
                  "node": "l",
                  "frag": "{⸢m}ŠEŠ⸣-[ia₂]-⸢qa⸣-[am-ma]",
                  "id": "X000514.l0270c",
                  "ref": "X000514.4.5",
                  "inst": "+Aḫiqam[]PN$Aḫiyaqamma",
                  "sig": "@ctij%akk-x-ltebab:{m}ŠEŠ-ia₂-qa-am-ma=Aḫiqam[1//1]PN'PN$Aḫiyaqamma",
                  "f": {
                    "lang": "akk-x-ltebab",
                    "form": "{m}ŠEŠ-ia₂-qa-am-ma",
                    "cf": "Aḫiqam",
                    "gw": "1",
                    "sense": "1",
                    "norm": "Aḫiyaqamma",
                    "pos": "PN",
                    "epos": "PN"
                  }
                },
                {
                  "node": "d",
                  "type": "line-start",
                  "ref": "X000514.5",
                  "n": "3",
                  "label": "o 3"
                },
                {
                  "node": "l",
                  "frag": "{⸢m}ha-ag⸣-ga-a",
                  "id": "X000514.l0270d",
                  "ref": "X000514.5.1",
                  "inst": "+Ḫaggaya[]PN$",
                  "sig": "@ctij%akk-x-ltebab:{m}ha-ag-ga-a=Ḫaggaya[1//1]PN'PN$Ḫaggaya",
                  "f": {
                    "lang": "akk-x-ltebab",
                    "form": "{m}ha-ag-ga-a",
                    "cf": "Ḫaggaya",
                    "gw": "1",
                    "sense": "1",
                    "norm": "Ḫaggaya",
                    "pos": "PN",
                    "epos": "PN"
                  }
                },
                {
                  "node": "l",
                  "frag": "{m}{d}ia-hu-u₂-iz-zi-⸢ri",
                  "id": "X000514.l0270e",
                  "ref": "X000514.5.2",
                  "inst": "+Yaḫu-izziri[]PN$",
                  "sig": "@ctij%akk-x-ltebab:{m}{d}ia-hu-u₂-iz-zi-ri=Yaḫu-izziri[1//1]PN'PN$Yaḫu-izziri",
                  "f": {
                    "lang": "akk-x-ltebab",
                    "form": "{m}{d}ia-hu-u₂-iz-zi-ri",
                    "cf": "Yaḫu-izziri",
                    "gw": "1",
                    "sense": "1",
                    "norm": "Yaḫu-izziri",
                    "pos": "PN",
                    "epos": "PN"
                  }
                },
                {
                  "node": "l",
                  "frag": "u₃⸣",
                  "id": "X000514.l0270f",
                  "ref": "X000514.5.3",
                  "inst": "x",
                  "f": {
                    "lang": "akk-x-ltebab",
                    "form": "u₃"
                  }
                },
                {
                  "node": "d",
                  "type": "line-start",
                  "ref": "X000514.6",
                  "n": "4",
                  "label": "o 4"
                },
                {
                  "node": "l",
                  "frag": "{m}{d}ia₂-hu-u₂-šu-u₂",
                  "id": "X000514.l02710",
                  "ref": "X000514.6.1",
                  "inst": "+Yaḫu-šu[]PN$",
                  "sig": "@ctij%akk-x-ltebab:{m}{d}ia₂-hu-u₂-šu-u₂=Yaḫu-šu[1//1]PN'PN$Yaḫu-šu",
                  "f": {
                    "lang": "akk-x-ltebab",
                    "form": "{m}{d}ia₂-hu-u₂-šu-u₂",
                    "cf": "Yaḫu-šu",
                    "gw": "1",
                    "sense": "1",
                    "norm": "Yaḫu-šu",
                    "pos": "PN",
                    "epos": "PN"
                  }
                },
                {
                  "node": "l",
                  "frag": "DUMU{meš}",
                  "id": "X000514.l02711",
                  "ref": "X000514.6.2",
                  "inst": "x",
                  "f": {
                    "lang": "akk-x-ltebab",
                    "form": "DUMU{meš}"
                  }
                },
                {
                  "node": "l",
                  "frag": "ša₂",
                  "id": "X000514.l02712",
                  "ref": "X000514.6.3",
                  "inst": "x",
                  "f": {
                    "lang": "akk-x-ltebab",
                    "form": "ša₂"
                  }
                },
                {
                  "node": "l",
                  "frag": "{m}ŠEŠ-ia₂-qa-⸢am⸣-[ma]",
                  "id": "X000514.l02713",
                  "ref": "X000514.6.4",
                  "inst": "Aḫiqam[]PN$Aḫiyaqamma",
                  "sig": "@ctij%akk-x-ltebab:{m}ŠEŠ-ia₂-qa-am-ma=Aḫiqam[1//1]PN'PN$Aḫiyaqamma",
                  "f": {
                    "lang": "akk-x-ltebab",
                    "form": "{m}ŠEŠ-ia₂-qa-am-ma",
                    "cf": "Aḫiqam",
                    "gw": "1",
                    "sense": "1",
                    "norm": "Aḫiyaqamma",
                    "pos": "PN",
                    "epos": "PN"
                  }
                },
                {
                  "node": "d",
                  "type": "line-start",
                  "ref": "X000514.7",
                  "n": "5",
                  "label": "o 5"
                },
                {
                  "node": "l",
                  "frag": "it-ti",
                  "id": "X000514.l02714",
                  "ref": "X000514.7.1",
                  "inst": "x",
                  "f": {
                    "lang": "akk-x-ltebab",
                    "form": "it-ti"
                  }
                },
                {
                  "node": "l",
                  "frag": "a-ha-meš",
                  "id": "X000514.l02715",
                  "ref": "X000514.7.2",
                  "inst": "x",
                  "f": {
                    "lang": "akk-x-ltebab",
                    "form": "a-ha-meš"
                  }
                },
                {
                  "node": "l",
                  "frag": "i-zu-zu",
                  "id": "X000514.l02716",
                  "ref": "X000514.7.3",
                  "inst": "x",
                  "f": {
                    "lang": "akk-x-ltebab",
                    "form": "i-zu-zu"
                  }
                },
                {
                  "node": "l",
                  "frag": "{f}{d}na-na-⸢a⸣-[...]",
                  "id": "X000514.l02717",
                  "ref": "X000514.7.4",
                  "inst": "+Nanaya-x[]PN$",
                  "sig": "@ctij%akk-x-ltebab:{f}{d}na-na-a-x=Nanaya-x[1//1]PN'PN$Nanaya-x",
                  "f": {
                    "lang": "akk-x-ltebab",
                    "form": "{f}{d}na-na-a-x",
                    "cf": "Nanaya-x",
                    "gw": "1",
                    "sense": "1",
                    "norm": "Nanaya-x",
                    "pos": "PN",
                    "epos": "PN"
                  }
                },
                {
                  "node": "d",
                  "type": "line-start",
                  "ref": "X000514.8",
                  "n": "6",
                  "label": "o 6"
                },
                {
                  "node": "l",
                  "frag": "HA.LA",
                  "id": "X000514.l02718",
                  "ref": "X000514.8.1",
                  "inst": "x",
                  "f": {
                    "lang": "akk-x-ltebab",
                    "form": "HA.LA"
                  }
                },
                {
                  "node": "l",
                  "frag": "ša₂",
                  "id": "X000514.l02719",
                  "ref": "X000514.8.2",
                  "inst": "x",
                  "f": {
                    "lang": "akk-x-ltebab",
                    "form": "ša₂"
                  }
                },
                {
                  "node": "l",
                  "frag": "{m}ni-ir-ia-a-ma",
                  "id": "X000514.l0271a",
                  "ref": "X000514.8.3",
                  "inst": "Nir-Yama[]PN$",
                  "sig": "@ctij%akk-x-ltebab:{m}ni-ir-ia-a-ma=Nir-Yama[1//1]PN'PN$Nir-Yama",
                  "f": {
                    "lang": "akk-x-ltebab",
                    "form": "{m}ni-ir-ia-a-ma",
                    "cf": "Nir-Yama",
                    "gw": "1",
                    "sense": "1",
                    "norm": "Nir-Yama",
                    "pos": "PN",
                    "epos": "PN"
                  }
                },
                {
                  "node": "l",
                  "frag": "u",
                  "id": "X000514.l0271b",
                  "ref": "X000514.8.4",
                  "inst": "x",
                  "f": {
                    "lang": "akk-x-ltebab",
                    "form": "u"
                  }
                },
                {
                  "node": "l",
                  "frag": "{m}{d}ia-hu-u₂-az-⸢za⸣",
                  "id": "X000514.l0271c",
                  "ref": "X000514.8.5",
                  "inst": "Yaḫu-azza[]PN$",
                  "sig": "@ctij%akk-x-ltebab:{m}{d}ia-hu-u₂-az-za=Yaḫu-azza[1//1]PN'PN$Yaḫu-azza",
                  "f": {
                    "lang": "akk-x-ltebab",
                    "form": "{m}{d}ia-hu-u₂-az-za",
                    "cf": "Yaḫu-azza",
                    "gw": "1",
                    "sense": "1",
                    "norm": "Yaḫu-azza",
                    "pos": "PN",
                    "epos": "PN"
                  }
                },
                {
                  "node": "d",
                  "type": "line-start",
                  "ref": "X000514.9",
                  "n": "7",
                  "label": "o 7"
                },
                {
                  "node": "l",
                  "frag": "{[m]}ša₂-hi-du-{d}ia-hu-u₂",
                  "id": "X000514.l0271d",
                  "ref": "X000514.9.1",
                  "inst": "+Šaḫidu-Yaḫu[]PN$",
                  "sig": "@ctij%akk-x-ltebab:{m}ša₂-hi-du-{d}ia-hu-u₂=Šaḫidu-Yaḫu[1//1]PN'PN$Šaḫidu-Yaḫu",
                  "f": {
                    "lang": "akk-x-ltebab",
                    "form": "{m}ša₂-hi-du-{d}ia-hu-u₂",
                    "cf": "Šaḫidu-Yaḫu",
                    "gw": "1",
                    "sense": "1",
                    "norm": "Šaḫidu-Yaḫu",
                    "pos": "PN",
                    "epos": "PN"
                  }
                },
                {
                  "node": "l",
                  "frag": "{lu₂}ARAD",
                  "id": "X000514.l0271e",
                  "ref": "X000514.9.2",
                  "inst": "x",
                  "f": {
                    "lang": "akk-x-ltebab",
                    "form": "{lu₂}ARAD"
                  }
                },
                {
                  "node": "l",
                  "frag": "u₃",
                  "id": "X000514.l0271f",
                  "ref": "X000514.9.3",
                  "inst": "x",
                  "f": {
                    "lang": "akk-x-ltebab",
                    "form": "u₃"
                  }
                },
                {
                  "node": "l",
                  "frag": "8",
                  "id": "X000514.l02720",
                  "ref": "X000514.9.4",
                  "inst": "n",
                  "f": {
                    "lang": "akk-x-ltebab",
                    "form": "8",
                    "pos": "n"
                  }
                },
                {
                  "node": "l",
                  "frag": "⸢dan⸣-[nu-tu₄]",
                  "id": "X000514.l02721",
                  "ref": "X000514.9.5",
                  "inst": "x",
                  "f": {
                    "lang": "akk-x-ltebab",
                    "form": "dan-nu-tu₄"
                  }
                },
                {
                  "node": "l",
                  "frag": "⸢HA⸣.[LA]",
                  "id": "X000514.l02722",
                  "ref": "X000514.9.6",
                  "inst": "x",
                  "f": {
                    "lang": "akk-x-ltebab",
                    "form": "HA.LA"
                  }
                },
                {
                  "node": "d",
                  "type": "line-start",
                  "ref": "X000514.10",
                  "n": "8",
                  "label": "o 8"
                },
                {
                  "node": "l",
                  "frag": "[ša₂]",
                  "id": "X000514.l02723",
                  "ref": "X000514.10.1",
                  "inst": "x",
                  "f": {
                    "lang": "akk-x-ltebab",
                    "form": "ša₂"
                  }
                },
                {
                  "node": "l",
                  "frag": "{m}⸢ha-ag⸣-ga-a",
                  "id": "X000514.l02724",
                  "ref": "X000514.10.2",
                  "inst": "Ḫaggaya[]PN$",
                  "sig": "@ctij%akk-x-ltebab:{m}ha-ag-ga-a=Ḫaggaya[1//1]PN'PN$Ḫaggaya",
                  "f": {
                    "lang": "akk-x-ltebab",
                    "form": "{m}ha-ag-ga-a",
                    "cf": "Ḫaggaya",
                    "gw": "1",
                    "sense": "1",
                    "norm": "Ḫaggaya",
                    "pos": "PN",
                    "epos": "PN"
                  }
                },
                {
                  "node": "l",
                  "frag": "{m}{d}ia-hu-u₂-iz-zi-⸢ri⸣",
                  "id": "X000514.l02725",
                  "ref": "X000514.10.3",
                  "inst": "Yaḫu-izziri[]PN$",
                  "sig": "@ctij%akk-x-ltebab:{m}{d}ia-hu-u₂-iz-zi-ri=Yaḫu-izziri[1//1]PN'PN$Yaḫu-izziri",
                  "f": {
                    "lang": "akk-x-ltebab",
                    "form": "{m}{d}ia-hu-u₂-iz-zi-ri",
                    "cf": "Yaḫu-izziri",
                    "gw": "1",
                    "sense": "1",
                    "norm": "Yaḫu-izziri",
                    "pos": "PN",
                    "epos": "PN"
                  }
                },
                {
                  "node": "l",
                  "frag": "[u₃]",
                  "id": "X000514.l02726",
                  "ref": "X000514.10.4",
                  "inst": "x",
                  "f": {
                    "lang": "akk-x-ltebab",
                    "form": "u₃"
                  }
                },
                {
                  "node": "d",
                  "type": "line-start",
                  "ref": "X000514.11",
                  "n": "9",
                  "label": "o 9"
                },
                {
                  "node": "l",
                  "frag": "{m}{⸢d}ia-hu⸣-u₂-šu-u₂",
                  "id": "X000514.l02727",
                  "ref": "X000514.11.1",
                  "inst": "+Yaḫu-šu[]PN$",
                  "sig": "@ctij%akk-x-ltebab:{m}{d}ia-hu-u₂-šu-u₂=Yaḫu-šu[1//1]PN'PN$Yaḫu-šu",
                  "f": {
                    "lang": "akk-x-ltebab",
                    "form": "{m}{d}ia-hu-u₂-šu-u₂",
                    "cf": "Yaḫu-šu",
                    "gw": "1",
                    "sense": "1",
                    "norm": "Yaḫu-šu",
                    "pos": "PN",
                    "epos": "PN"
                  }
                },
                {
                  "node": "l",
                  "frag": "u₂-di-e",
                  "id": "X000514.l02728",
                  "ref": "X000514.11.2",
                  "inst": "x",
                  "f": {
                    "lang": "akk-x-ltebab",
                    "form": "u₂-di-e"
                  }
                },
                {
                  "node": "l",
                  "frag": "⸢E₂⸣",
                  "id": "X000514.l02729",
                  "ref": "X000514.11.3",
                  "inst": "x",
                  "f": {
                    "lang": "akk-x-ltebab",
                    "form": "E₂"
                  }
                },
                {
                  "node": "l",
                  "frag": "[...]",
                  "id": "X000514.l0272a",
                  "ref": "X000514.11.4",
                  "inst": "x",
                  "f": {
                    "lang": "akk-x-ltebab",
                    "form": "x"
                  }
                },
                {
                  "node": "d",
                  "type": "line-start",
                  "ref": "X000514.12",
                  "n": "10",
                  "label": "o 10"
                },
                {
                  "node": "l",
                  "frag": "[x]",
                  "id": "X000514.l0272b",
                  "ref": "X000514.12.1",
                  "inst": "x",
                  "f": {
                    "lang": "akk-x-ltebab",
                    "form": "x"
                  }
                },
                {
                  "node": "l",
                  "frag": "⸢x",
                  "id": "X000514.l0272c",
                  "ref": "X000514.12.2",
                  "inst": "x",
                  "f": {
                    "lang": "akk-x-ltebab",
                    "form": "x"
                  }
                },
                {
                  "node": "l",
                  "frag": "x⸣",
                  "id": "X000514.l0272d",
                  "ref": "X000514.12.3",
                  "inst": "x",
                  "f": {
                    "lang": "akk-x-ltebab",
                    "form": "x"
                  }
                },
                {
                  "node": "l",
                  "frag": "ina",
                  "id": "X000514.l0272e",
                  "ref": "X000514.12.4",
                  "inst": "x",
                  "f": {
                    "lang": "akk-x-ltebab",
                    "form": "ina"
                  }
                },
                {
                  "node": "l",
                  "frag": "ka-[...]",
                  "id": "X000514.l0272f",
                  "ref": "X000514.12.5",
                  "inst": "x",
                  "f": {
                    "lang": "akk-x-ltebab",
                    "form": "ka-x"
                  }
                },
                {
                  "node": "d",
                  "subtype": "bottom",
                  "type": "bottom",
                  "ref": "X000514.b.e..13",
                  "label": "b.e."
                },
                {
                  "node": "d",
                  "type": "line-start",
                  "ref": "X000514.14",
                  "n": "11",
                  "label": "b.e. 11"
                },
                {
                  "node": "l",
                  "frag": "⸢x-x⸣-x",
                  "id": "X000514.l02730",
                  "ref": "X000514.14.1",
                  "inst": "x",
                  "f": {
                    "lang": "akk-x-ltebab",
                    "form": "x-x-x"
                  }
                },
                {
                  "node": "l",
                  "frag": "ZU",
                  "id": "X000514.l02731",
                  "ref": "X000514.14.2",
                  "inst": "x",
                  "f": {
                    "lang": "akk-x-ltebab",
                    "form": "ZU"
                  }
                },
                {
                  "node": "l",
                  "frag": "⸢x⸣-[...]",
                  "id": "X000514.l02732",
                  "ref": "X000514.14.3",
                  "inst": "x",
                  "f": {
                    "lang": "akk-x-ltebab",
                    "form": "x-x"
                  }
                },
                {
                  "node": "d",
                  "type": "line-start",
                  "ref": "X000514.15",
                  "n": "12",
                  "label": "b.e. 12"
                },
                {
                  "node": "l",
                  "frag": "ša₂",
                  "id": "X000514.l02733",
                  "ref": "X000514.15.1",
                  "inst": "x",
                  "f": {
                    "lang": "akk-x-ltebab",
                    "form": "ša₂"
                  }
                },
                {
                  "node": "l",
                  "frag": "{m}ŠEŠ-ia₂-⸢qa⸣-[am-ma",
                  "id": "X000514.l02734",
                  "ref": "X000514.15.2",
                  "inst": "Aḫiqam[]PN$Aḫiyaqamma",
                  "sig": "@ctij%akk-x-ltebab:{m}ŠEŠ-ia₂-qa-am-ma=Aḫiqam[1//1]PN'PN$Aḫiyaqamma",
                  "f": {
                    "lang": "akk-x-ltebab",
                    "form": "{m}ŠEŠ-ia₂-qa-am-ma",
                    "cf": "Aḫiqam",
                    "gw": "1",
                    "sense": "1",
                    "norm": "Aḫiyaqamma",
                    "pos": "PN",
                    "epos": "PN"
                  }
                },
                {
                  "node": "l",
                  "frag": "...",
                  "id": "X000514.l02735",
                  "ref": "X000514.15.3",
                  "inst": "x",
                  "f": {
                    "lang": "akk-x-ltebab",
                    "form": "x"
                  }
                },
                {
                  "node": "l",
                  "frag": "HA.LA]-šu₂-⸢nu₂⸣",
                  "id": "X000514.l02736",
                  "ref": "X000514.15.4",
                  "inst": "x",
                  "f": {
                    "lang": "akk-x-ltebab",
                    "form": "HA.LA-šu₂-nu₂"
                  }
                },
                {
                  "node": "d",
                  "subtype": "reverse",
                  "type": "reverse",
                  "ref": "X000514.r.16",
                  "label": "r"
                },
                {
                  "node": "d",
                  "type": "line-start",
                  "ref": "X000514.17",
                  "n": "13",
                  "label": "r 13"
                },
                {
                  "node": "l",
                  "frag": "ma-la",
                  "id": "X000514.l02737",
                  "ref": "X000514.17.1",
                  "inst": "x",
                  "f": {
                    "lang": "akk-x-ltebab",
                    "form": "ma-la"
                  }
                },
                {
                  "node": "l",
                  "frag": "[...]",
                  "id": "X000514.l02738",
                  "ref": "X000514.17.2",
                  "inst": "x",
                  "f": {
                    "lang": "akk-x-ltebab",
                    "form": "x"
                  }
                },
                {
                  "node": "d",
                  "type": "line-start",
                  "ref": "X000514.18",
                  "n": "14",
                  "label": "r 14"
                },
                {
                  "node": "l",
                  "frag": "⸢ni-is⸣-ih",
                  "id": "X000514.l02739",
                  "ref": "X000514.18.1",
                  "inst": "x",
                  "f": {
                    "lang": "akk-x-ltebab",
                    "form": "ni-is-ih"
                  }
                },
                {
                  "node": "l",
                  "frag": "[ša₂",
                  "id": "X000514.l0273a",
                  "ref": "X000514.18.2",
                  "inst": "x",
                  "f": {
                    "lang": "akk-x-ltebab",
                    "form": "ša₂"
                  }
                },
                {
                  "node": "l",
                  "frag": "ina",
                  "id": "X000514.l0273b",
                  "ref": "X000514.18.3",
                  "inst": "x",
                  "f": {
                    "lang": "akk-x-ltebab",
                    "form": "ina"
                  }
                },
                {
                  "node": "l",
                  "frag": "muh-hi",
                  "id": "X000514.l0273c",
                  "ref": "X000514.18.4",
                  "inst": "x",
                  "f": {
                    "lang": "akk-x-ltebab",
                    "form": "muh-hi"
                  }
                },
                {
                  "node": "l",
                  "frag": "{m}ŠEŠ-ia₂-qa-am-ma",
                  "id": "X000514.l0273d",
                  "ref": "X000514.18.5",
                  "inst": "Aḫiqam[]PN$Aḫiyaqamma",
                  "sig": "@ctij%akk-x-ltebab:{m}ŠEŠ-ia₂-qa-am-ma=Aḫiqam[1//1]PN'PN$Aḫiyaqamma",
                  "f": {
                    "lang": "akk-x-ltebab",
                    "form": "{m}ŠEŠ-ia₂-qa-am-ma",
                    "cf": "Aḫiqam",
                    "gw": "1",
                    "sense": "1",
                    "norm": "Aḫiyaqamma",
                    "pos": "PN",
                    "epos": "PN"
                  }
                },
                {
                  "node": "l",
                  "frag": "AD-šu₂-nu]",
                  "id": "X000514.l0273e",
                  "ref": "X000514.18.6",
                  "inst": "x",
                  "f": {
                    "lang": "akk-x-ltebab",
                    "form": "AD-šu₂-nu"
                  }
                },
                {
                  "node": "d",
                  "type": "line-start",
                  "ref": "X000514.19",
                  "n": "15",
                  "label": "r 15"
                },
                {
                  "node": "l",
                  "frag": "il-la-aʾ",
                  "id": "X000514.l0273f",
                  "ref": "X000514.19.1",
                  "inst": "x",
                  "f": {
                    "lang": "akk-x-ltebab",
                    "form": "il-la-aʾ"
                  }
                },
                {
                  "node": "l",
                  "frag": "⸢it⸣-[ti",
                  "id": "X000514.l02740",
                  "ref": "X000514.19.2",
                  "inst": "x",
                  "f": {
                    "lang": "akk-x-ltebab",
                    "form": "it-ti"
                  }
                },
                {
                  "node": "l",
                  "frag": "...]",
                  "id": "X000514.l02741",
                  "ref": "X000514.19.3",
                  "inst": "x",
                  "f": {
                    "lang": "akk-x-ltebab",
                    "form": "x"
                  }
                },
                {
                  "node": "d",
                  "type": "line-start",
                  "ref": "X000514.20",
                  "n": "16",
                  "label": "r 16"
                },
                {
                  "node": "l",
                  "frag": "{⸢lu₂⸣}[mu-kin-nu]",
                  "id": "X000514.l02742",
                  "ref": "X000514.20.1",
                  "inst": "x",
                  "f": {
                    "lang": "akk-x-ltebab",
                    "form": "{lu₂}mu-kin-nu"
                  }
                },
                {
                  "node": "l",
                  "frag": "{m}{d}AG-⸢NUMUN⸣-[...",
                  "id": "X000514.l02743",
                  "ref": "X000514.20.2",
                  "inst": "+Nabu-zeru-x[]PN$",
                  "sig": "@ctij%akk-x-ltebab:{m}{d}AG-NUMUN-x=Nabu-zeru-x[1//1]PN'PN$Nabu-zeru-x",
                  "f": {
                    "lang": "akk-x-ltebab",
                    "form": "{m}{d}AG-NUMUN-x",
                    "cf": "Nabu-zeru-x",
                    "gw": "1",
                    "sense": "1",
                    "norm": "Nabu-zeru-x",
                    "pos": "PN",
                    "epos": "PN"
                  }
                },
                {
                  "node": "l",
                  "frag": "A-šu₂",
                  "id": "X000514.l02744",
                  "ref": "X000514.20.3",
                  "inst": "x",
                  "f": {
                    "lang": "akk-x-ltebab",
                    "form": "A-šu₂"
                  }
                },
                {
                  "node": "l",
                  "frag": "ša₂",
                  "id": "X000514.l02745",
                  "ref": "X000514.20.4",
                  "inst": "x",
                  "f": {
                    "lang": "akk-x-ltebab",
                    "form": "ša₂"
                  }
                },
                {
                  "node": "l",
                  "frag": "{m}...]",
                  "id": "X000514.l02746",
                  "ref": "X000514.20.5",
                  "inst": "x[]PN$",
                  "sig": "@ctij%akk-x-ltebab:{m}x=x[1//1]PN'PN$x",
                  "f": {
                    "lang": "akk-x-ltebab",
                    "form": "{m}x",
                    "cf": "x",
                    "gw": "1",
                    "sense": "1",
                    "norm": "x",
                    "pos": "PN",
                    "epos": "PN"
                  }
                },
                {
                  "node": "d",
                  "type": "line-start",
                  "ref": "X000514.21",
                  "n": "17",
                  "label": "r 17"
                },
                {
                  "node": "l",
                  "frag": "{⸢m}ARAD-{d}AG",
                  "id": "X000514.l02747",
                  "ref": "X000514.21.1",
                  "inst": "+Arad-Nabu[]PN$",
                  "sig": "@ctij%akk-x-ltebab:{m}ARAD-{d}AG=Arad-Nabu[1//1]PN'PN$Arad-Nabu",
                  "f": {
                    "lang": "akk-x-ltebab",
                    "form": "{m}ARAD-{d}AG",
                    "cf": "Arad-Nabu",
                    "gw": "1",
                    "sense": "1",
                    "norm": "Arad-Nabu",
                    "pos": "PN",
                    "epos": "PN"
                  }
                },
                {
                  "node": "l",
                  "frag": "A-šu₂⸣",
                  "id": "X000514.l02748",
                  "ref": "X000514.21.2",
                  "inst": "x",
                  "f": {
                    "lang": "akk-x-ltebab",
                    "form": "A-šu₂"
                  }
                },
                {
                  "node": "l",
                  "frag": "ša₂",
                  "id": "X000514.l02749",
                  "ref": "X000514.21.3",
                  "inst": "x",
                  "f": {
                    "lang": "akk-x-ltebab",
                    "form": "ša₂"
                  }
                },
                {
                  "node": "l",
                  "frag": "{⸢m}{d}30-[...",
                  "id": "X000514.l0274a",
                  "ref": "X000514.21.4",
                  "inst": "+Sin-x[]PN$",
                  "sig": "@ctij%akk-x-ltebab:{m}{d}30-x=Sin-x[1//1]PN'PN$Sin-x",
                  "f": {
                    "lang": "akk-x-ltebab",
                    "form": "{m}{d}30-x",
                    "cf": "Sin-x",
                    "gw": "1",
                    "sense": "1",
                    "norm": "Sin-x",
                    "pos": "PN",
                    "epos": "PN"
                  }
                },
                {
                  "node": "l",
                  "frag": "{m}...]",
                  "id": "X000514.l0274b",
                  "ref": "X000514.21.5",
                  "inst": "x[]PN$",
                  "sig": "@ctij%akk-x-ltebab:{m}x=x[1//1]PN'PN$x",
                  "f": {
                    "lang": "akk-x-ltebab",
                    "form": "{m}x",
                    "cf": "x",
                    "gw": "1",
                    "sense": "1",
                    "norm": "x",
                    "pos": "PN",
                    "epos": "PN"
                  }
                },
                {
                  "node": "d",
                  "type": "line-start",
                  "ref": "X000514.22",
                  "n": "18",
                  "label": "r 18"
                },
                {
                  "node": "l",
                  "frag": "[A]-⸢šu₂",
                  "id": "X000514.l0274c",
                  "ref": "X000514.22.1",
                  "inst": "x",
                  "f": {
                    "lang": "akk-x-ltebab",
                    "form": "A-šu₂"
                  }
                },
                {
                  "node": "l",
                  "frag": "ša₂⸣",
                  "id": "X000514.l0274d",
                  "ref": "X000514.22.2",
                  "inst": "x",
                  "f": {
                    "lang": "akk-x-ltebab",
                    "form": "ša₂"
                  }
                },
                {
                  "node": "l",
                  "frag": "{m}{d}⸢AG⸣-MU-MU",
                  "id": "X000514.l0274e",
                  "ref": "X000514.22.3",
                  "inst": "+Nabu-šumu-iddin[]PN$",
                  "sig": "@ctij%akk-x-ltebab:{m}{d}AG-MU-MU=Nabu-šumu-iddin[1//1]PN'PN$Nabu-šumu-iddin",
                  "f": {
                    "lang": "akk-x-ltebab",
                    "form": "{m}{d}AG-MU-MU",
                    "cf": "Nabu-šumu-iddin",
                    "gw": "1",
                    "sense": "1",
                    "norm": "Nabu-šumu-iddin",
                    "pos": "PN",
                    "epos": "PN"
                  }
                },
                {
                  "node": "l",
                  "frag": "{m}qa-⸢da-x⸣",
                  "id": "X000514.l0274f",
                  "ref": "X000514.22.4",
                  "inst": "+Qada-x[]PN$",
                  "sig": "@ctij%akk-x-ltebab:{m}qa-da-x=Qada-x[1//1]PN'PN$Qada-x",
                  "f": {
                    "lang": "akk-x-ltebab",
                    "form": "{m}qa-da-x",
                    "cf": "Qada-x",
                    "gw": "1",
                    "sense": "1",
                    "norm": "Qada-x",
                    "pos": "PN",
                    "epos": "PN"
                  }
                },
                {
                  "node": "l",
                  "frag": "[...",
                  "id": "X000514.l02750",
                  "ref": "X000514.22.5",
                  "inst": "x",
                  "f": {
                    "lang": "akk-x-ltebab",
                    "form": "x"
                  }
                },
                {
                  "node": "l",
                  "frag": "A-šu₂",
                  "id": "X000514.l02751",
                  "ref": "X000514.22.6",
                  "inst": "x",
                  "f": {
                    "lang": "akk-x-ltebab",
                    "form": "A-šu₂"
                  }
                },
                {
                  "node": "l",
                  "frag": "ša₂",
                  "id": "X000514.l02752",
                  "ref": "X000514.22.7",
                  "inst": "x",
                  "f": {
                    "lang": "akk-x-ltebab",
                    "form": "ša₂"
                  }
                },
                {
                  "node": "l",
                  "frag": "{m}...]",
                  "id": "X000514.l02753",
                  "ref": "X000514.22.8",
                  "inst": "x[]PN$",
                  "sig": "@ctij%akk-x-ltebab:{m}x=x[1//1]PN'PN$x",
                  "f": {
                    "lang": "akk-x-ltebab",
                    "form": "{m}x",
                    "cf": "x",
                    "gw": "1",
                    "sense": "1",
                    "norm": "x",
                    "pos": "PN",
                    "epos": "PN"
                  }
                },
                {
                  "node": "d",
                  "type": "line-start",
                  "ref": "X000514.23",
                  "n": "19",
                  "label": "r 19"
                },
                {
                  "node": "l",
                  "frag": "{m}ka-[ak]-ka",
                  "id": "X000514.l02754",
                  "ref": "X000514.23.1",
                  "inst": "+Kakka[]PN$",
                  "sig": "@ctij%akk-x-ltebab:{m}ka-ak-ka=Kakka[1//1]PN'PN$Kakka",
                  "f": {
                    "lang": "akk-x-ltebab",
                    "form": "{m}ka-ak-ka",
                    "cf": "Kakka",
                    "gw": "1",
                    "sense": "1",
                    "norm": "Kakka",
                    "pos": "PN",
                    "epos": "PN"
                  }
                },
                {
                  "node": "l",
                  "frag": "⸢A-šu₂",
                  "id": "X000514.l02755",
                  "ref": "X000514.23.2",
                  "inst": "x",
                  "f": {
                    "lang": "akk-x-ltebab",
                    "form": "A-šu₂"
                  }
                },
                {
                  "node": "l",
                  "frag": "ša₂⸣",
                  "id": "X000514.l02756",
                  "ref": "X000514.23.3",
                  "inst": "x",
                  "f": {
                    "lang": "akk-x-ltebab",
                    "form": "ša₂"
                  }
                },
                {
                  "node": "l",
                  "frag": "{m}ia-[...]",
                  "id": "X000514.l02757",
                  "ref": "X000514.23.4",
                  "inst": "+Ya-x[]PN$",
                  "sig": "@ctij%akk-x-ltebab:{m}ia-x=Ya-x[1//1]PN'PN$Ya-x",
                  "f": {
                    "lang": "akk-x-ltebab",
                    "form": "{m}ia-x",
                    "cf": "Ya-x",
                    "gw": "1",
                    "sense": "1",
                    "norm": "Ya-x",
                    "pos": "PN",
                    "epos": "PN"
                  }
                },
                {
                  "node": "d",
                  "type": "line-start",
                  "ref": "X000514.24",
                  "n": "20",
                  "label": "r 20"
                },
                {
                  "node": "l",
                  "frag": "{[m]}⸢ba⸣-[ri]-⸢ki⸣-ia-a-ma",
                  "id": "X000514.l02758",
                  "ref": "X000514.24.1",
                  "inst": "+Barik-Yama[]PN$",
                  "sig": "@ctij%akk-x-ltebab:{m}ba-ri-ki-ia-a-ma=Barik-Yama[1//1]PN'PN$Barik-Yama",
                  "f": {
                    "lang": "akk-x-ltebab",
                    "form": "{m}ba-ri-ki-ia-a-ma",
                    "cf": "Barik-Yama",
                    "gw": "1",
                    "sense": "1",
                    "norm": "Barik-Yama",
                    "pos": "PN",
                    "epos": "PN"
                  }
                },
                {
                  "node": "l",
                  "frag": "A-šu₂",
                  "id": "X000514.l02759",
                  "ref": "X000514.24.2",
                  "inst": "x",
                  "f": {
                    "lang": "akk-x-ltebab",
                    "form": "A-šu₂"
                  }
                },
                {
                  "node": "l",
                  "frag": "ša₂",
                  "id": "X000514.l0275a",
                  "ref": "X000514.24.3",
                  "inst": "x",
                  "f": {
                    "lang": "akk-x-ltebab",
                    "form": "ša₂"
                  }
                },
                {
                  "node": "l",
                  "frag": "{⸢m}x-x⸣-a-ma",
                  "id": "X000514.l0275b",
                  "ref": "X000514.24.4",
                  "inst": "+x-Yama[]PN$",
                  "sig": "@ctij%akk-x-ltebab:{m}x-x-a-ma=x-Yama[1//1]PN'PN$x-Yama",
                  "f": {
                    "lang": "akk-x-ltebab",
                    "form": "{m}x-x-a-ma",
                    "cf": "x-Yama",
                    "gw": "1",
                    "sense": "1",
                    "norm": "x-Yama",
                    "pos": "PN",
                    "epos": "PN"
                  }
                },
                {
                  "node": "d",
                  "type": "line-start",
                  "ref": "X000514.25",
                  "n": "21",
                  "label": "r 21"
                },
                {
                  "node": "l",
                  "frag": "{[m}x-x-x]-⸢a⸣-ma",
                  "id": "X000514.l0275c",
                  "ref": "X000514.25.1",
                  "inst": "+x-Yama[]PN$",
                  "sig": "@ctij%akk-x-ltebab:{m}x-x-x-a-ma=x-Yama[1//1]PN'PN$x-Yama",
                  "f": {
                    "lang": "akk-x-ltebab",
                    "form": "{m}x-x-x-a-ma",
                    "cf": "x-Yama",
                    "gw": "1",
                    "sense": "1",
                    "norm": "x-Yama",
                    "pos": "PN",
                    "epos": "PN"
                  }
                },
                {
                  "node": "l",
                  "frag": "A-šu₂",
                  "id": "X000514.l0275d",
                  "ref": "X000514.25.2",
                  "inst": "x",
                  "f": {
                    "lang": "akk-x-ltebab",
                    "form": "A-šu₂"
                  }
                },
                {
                  "node": "l",
                  "frag": "ša₂",
                  "id": "X000514.l0275e",
                  "ref": "X000514.25.3",
                  "inst": "x",
                  "f": {
                    "lang": "akk-x-ltebab",
                    "form": "ša₂"
                  }
                },
                {
                  "node": "l",
                  "frag": "{m}{d}⸢ia⸣-hu-u₂-⸢NUMUN-BA⸣",
                  "id": "X000514.l0275f",
                  "ref": "X000514.25.4",
                  "inst": "+Yaḫu-zeru-iqiš[]PN$",
                  "sig": "@ctij%akk-x-ltebab:{m}{d}ia-hu-u₂-NUMUN-BA=Yaḫu-zeru-iqiš[1//1]PN'PN$Yaḫu-zeru-iqiš",
                  "f": {
                    "lang": "akk-x-ltebab",
                    "form": "{m}{d}ia-hu-u₂-NUMUN-BA",
                    "cf": "Yaḫu-zeru-iqiš",
                    "gw": "1",
                    "sense": "1",
                    "norm": "Yaḫu-zeru-iqiš",
                    "pos": "PN",
                    "epos": "PN"
                  }
                },
                {
                  "node": "l",
                  "frag": "{[m}...]",
                  "id": "X000514.l02760",
                  "ref": "X000514.25.5",
                  "inst": "+x[]PN$",
                  "sig": "@ctij%akk-x-ltebab:{m}x=x[1//1]PN'PN$x",
                  "f": {
                    "lang": "akk-x-ltebab",
                    "form": "{m}x",
                    "cf": "x",
                    "gw": "1",
                    "sense": "1",
                    "norm": "x",
                    "pos": "PN",
                    "epos": "PN"
                  }
                },
                {
                  "node": "d",
                  "type": "line-start",
                  "ref": "X000514.26",
                  "n": "22",
                  "label": "r 22"
                },
                {
                  "node": "l",
                  "frag": "[A-šu₂",
                  "id": "X000514.l02761",
                  "ref": "X000514.26.1",
                  "inst": "x",
                  "f": {
                    "lang": "akk-x-ltebab",
                    "form": "A-šu₂"
                  }
                },
                {
                  "node": "l",
                  "frag": "ša₂",
                  "id": "X000514.l02762",
                  "ref": "X000514.26.2",
                  "inst": "x",
                  "f": {
                    "lang": "akk-x-ltebab",
                    "form": "ša₂"
                  }
                },
                {
                  "node": "l",
                  "frag": "{m}...",
                  "id": "X000514.l02763",
                  "ref": "X000514.26.3",
                  "inst": "x[]PN$",
                  "sig": "@ctij%akk-x-ltebab:{m}x=x[1//1]PN'PN$x",
                  "f": {
                    "lang": "akk-x-ltebab",
                    "form": "{m}x",
                    "cf": "x",
                    "gw": "1",
                    "sense": "1",
                    "norm": "x",
                    "pos": "PN",
                    "epos": "PN"
                  }
                },
                {
                  "node": "l",
                  "frag": "{m}...",
                  "id": "X000514.l02764",
                  "ref": "X000514.26.4",
                  "inst": "+x[]PN$",
                  "sig": "@ctij%akk-x-ltebab:{m}x=x[1//1]PN'PN$x",
                  "f": {
                    "lang": "akk-x-ltebab",
                    "form": "{m}x",
                    "cf": "x",
                    "gw": "1",
                    "sense": "1",
                    "norm": "x",
                    "pos": "PN",
                    "epos": "PN"
                  }
                },
                {
                  "node": "l",
                  "frag": "A-šu₂]",
                  "id": "X000514.l02765",
                  "ref": "X000514.26.5",
                  "inst": "x",
                  "f": {
                    "lang": "akk-x-ltebab",
                    "form": "A-šu₂"
                  }
                },
                {
                  "node": "l",
                  "frag": "⸢ša₂⸣",
                  "id": "X000514.l02766",
                  "ref": "X000514.26.6",
                  "inst": "x",
                  "f": {
                    "lang": "akk-x-ltebab",
                    "form": "ša₂"
                  }
                },
                {
                  "node": "l",
                  "frag": "{m}ši-⸢li-im⸣-a-[ma]",
                  "id": "X000514.l02767",
                  "ref": "X000514.26.7",
                  "inst": "+Šilim-Yama[]PN$",
                  "sig": "@ctij%akk-x-ltebab:{m}ši-li-im-a-ma=Šilim-Yama[1//1]PN'PN$Šilim-Yama",
                  "f": {
                    "lang": "akk-x-ltebab",
                    "form": "{m}ši-li-im-a-ma",
                    "cf": "Šilim-Yama",
                    "gw": "1",
                    "sense": "1",
                    "norm": "Šilim-Yama",
                    "pos": "PN",
                    "epos": "PN"
                  }
                },
                {
                  "node": "d",
                  "type": "line-start",
                  "ref": "X000514.27",
                  "n": "23",
                  "label": "r 23"
                },
                {
                  "node": "l",
                  "frag": "[...]",
                  "id": "X000514.l02768",
                  "ref": "X000514.27.1",
                  "inst": "x",
                  "f": {
                    "lang": "akk-x-ltebab",
                    "form": "x"
                  }
                },
                {
                  "node": "d",
                  "subtype": "top",
                  "type": "top",
                  "ref": "X000514.t.e..28",
                  "label": "t.e."
                },
                {
                  "node": "d",
                  "type": "line-start",
                  "ref": "X000514.29",
                  "n": "24",
                  "label": "t.e. 24"
                },
                {
                  "node": "l",
                  "frag": "[...]",
                  "id": "X000514.l02769",
                  "ref": "X000514.29.1",
                  "inst": "x",
                  "f": {
                    "lang": "akk-x-ltebab",
                    "form": "x"
                  }
                },
                {
                  "node": "d",
                  "type": "line-start",
                  "ref": "X000514.30",
                  "n": "25",
                  "label": "t.e. 25"
                },
                {
                  "node": "l",
                  "frag": "[...",
                  "id": "X000514.l0276a",
                  "ref": "X000514.30.1",
                  "inst": "x",
                  "f": {
                    "lang": "akk-x-ltebab",
                    "form": "x"
                  }
                },
                {
                  "node": "l",
                  "frag": "{m]}⸢da⸣-ri-ia₂-a-⸢muš⸣",
                  "id": "X000514.l0276b",
                  "ref": "X000514.30.2",
                  "inst": "+Darius[]RN$Dariyamuš",
                  "sig": "@ctij%akk-x-ltebab:{m}da-ri-ia₂-a-muš=Darius[1//1]RN'RN$Dariyamuš",
                  "f": {
                    "lang": "akk-x-ltebab",
                    "form": "{m}da-ri-ia₂-a-muš",
                    "cf": "Darius",
                    "gw": "1",
                    "sense": "1",
                    "norm": "Dariyamuš",
                    "pos": "RN",
                    "epos": "RN"
                  }
                },
                {
                  "node": "l",
                  "frag": "[LUGAL",
                  "id": "X000514.l0276c",
                  "ref": "X000514.30.3",
                  "inst": "x",
                  "f": {
                    "lang": "akk-x-ltebab",
                    "form": "LUGAL"
                  }
                },
                {
                  "node": "l",
                  "frag": "E{ki]}",
                  "id": "X000514.l0276d",
                  "ref": "X000514.30.4",
                  "inst": "x",
                  "f": {
                    "lang": "akk-x-ltebab",
                    "form": "E{ki}"
                  }
                },
                {
                  "node": "d",
                  "type": "line-start",
                  "ref": "X000514.31",
                  "n": "26",
                  "label": "t.e. 26"
                },
                {
                  "node": "l",
                  "frag": "[...]",
                  "id": "X000514.l0276e",
                  "ref": "X000514.31.1",
                  "inst": "x",
                  "f": {
                    "lang": "akk-x-ltebab",
                    "form": "x"
                  }
                },
                {
                  "node": "l",
                  "frag": "⸢KUR.KUR⸣",
                  "id": "X000514.l0276f",
                  "ref": "X000514.31.2",
                  "inst": "x",
                  "f": {
                    "lang": "akk-x-ltebab",
                    "form": "KUR.KUR"
                  }
                },
                {
                  "node": "d",
                  "subtype": "left",
                  "type": "left",
                  "ref": "X000514.l.e..32",
                  "label": "l.e."
                },
                {
                  "node": "d",
                  "type": "line-start",
                  "ref": "X000514.33",
                  "n": "27",
                  "label": "l.e. 27"
                },
                {
                  "node": "l",
                  "frag": "1{en-na⸣}",
                  "id": "X000514.l02770",
                  "ref": "X000514.33.1",
                  "inst": "n",
                  "f": {
                    "lang": "akk-x-ltebab",
                    "form": "1{+en-na}",
                    "pos": "n"
                  }
                },
                {
                  "node": "l",
                  "frag": "[x-x-(x)]",
                  "id": "X000514.l02771",
                  "ref": "X000514.33.2",
                  "inst": "x",
                  "f": {
                    "lang": "akk-x-ltebab",
                    "form": "x-x-x"
                  }
                },
                {
                  "node": "l",
                  "frag": "TI{[u₂]}",
                  "id": "X000514.l02772",
                  "ref": "X000514.33.3",
                  "inst": "x",
                  "f": {
                    "lang": "akk-x-ltebab",
                    "form": "TI{+u₂}"
                  }
                },
                {
                  "node": "d",
                  "type": "line-start",
                  "ref": "X000514.34",
                  "n": "28",
                  "label": "l.e. 28"
                },
                {
                  "node": "l",
                  "frag": "...",
                  "id": "X000514.l02773",
                  "ref": "X000514.34.1",
                  "inst": "x",
                  "f": {
                    "lang": "akk-x-ltebab",
                    "form": "x"
                  }
                }
              ]
            }
          ]
        }
      ]
    }
  ]
}
