{
  "type": "cdl",
  "source": "http://oracc.org/saao/saa08",
  "license": "This data is released under the CC0 license",
  "license-url": "https://creativecommons.org/publicdomain/zero/1.0/",
  "more-info": "http://oracc.org/doc/opendata/",
  "UTC-timestamp": "2017-06-10T00:45:56",
  "project": "saao/saa08",
  "textid": "P237849",
  "cdl": [
    {
      "node": "c",
      "type": "text",
      "id": "P237849.U0",
      "cdl": [
        {
          "node": "d",
          "type": "object",
          "ref": ""
        },
        {
          "node": "d",
          "subtype": "obverse",
          "type": "obverse",
          "ref": "P237849.o.1",
          "label": "o"
        },
        {
          "node": "c",
          "type": "discourse",
          "subtype": "body",
          "id": "P237849.U1",
          "cdl": [
            {
              "node": "c",
              "type": "sentence",
              "id": "P237849.U2",
              "label": "o 1 - r 3",
              "cdl": [
                {
                  "node": "d",
                  "type": "line-start",
                  "ref": "P237849.2",
                  "n": "1",
                  "label": "o 1"
                },
                {
                  "node": "l",
                  "frag": "1",
                  "id": "P237849.l0617b",
                  "ref": "P237849.2.1",
                  "inst": "n",
                  "f": {
                    "lang": "akk-x-stdbab",
                    "form": "1",
                    "pos": "n"
                  }
                },
                {
                  "node": "l",
                  "frag": "ina",
                  "id": "P237849.l0617c",
                  "ref": "P237849.2.2",
                  "inst": "ina[in]PRP",
                  "sig": "@saao/saa08%akk-x-stdbab:ina=ina[in//in]PRP'PRP$ina",
                  "f": {
                    "lang": "akk-x-stdbab",
                    "form": "ina",
                    "cf": "ina",
                    "gw": "in",
                    "sense": "in",
                    "norm": "ina",
                    "pos": "PRP",
                    "epos": "PRP"
                  }
                },
                {
                  "node": "l",
                  "frag": "{iti}KIN",
                  "id": "P237849.l0617d",
                  "ref": "P237849.2.3",
                  "inst": "Eluli[Elul]MN",
                  "sig": "@saao/saa08%akk-x-stdbab:{ITI}KIN=Elulu[Elul//Elul]MN'MN$Eluli",
                  "f": {
                    "lang": "akk-x-stdbab",
                    "form": "{ITI}KIN",
                    "cf": "Elulu",
                    "gw": "Elul",
                    "sense": "Elul",
                    "norm": "Eluli",
                    "pos": "MN",
                    "epos": "MN"
                  }
                },
                {
                  "node": "l",
                  "frag": "{d}ṣal-bat-a-nu",
                  "id": "P237849.l0617e",
                  "ref": "P237849.2.4",
                  "inst": "Ṣalbatanu[Mars]CN",
                  "sig": "@saao/saa08%akk-x-stdbab:{d}ṣal-bat-a-nu=Ṣalbatanu[Mars//Mars]CN'CN$Ṣalbatanu",
                  "f": {
                    "lang": "akk-x-stdbab",
                    "form": "{d}ṣal-bat-a-nu",
                    "cf": "Ṣalbatanu",
                    "gw": "Mars",
                    "sense": "Mars",
                    "norm": "Ṣalbatanu",
                    "pos": "CN",
                    "epos": "CN"
                  }
                },
                {
                  "node": "l",
                  "frag": "IGI-[ir]",
                  "id": "P237849.l0617f",
                  "ref": "P237849.2.5",
                  "inst": "innamir[be(come) visible]V",
                  "sig": "@saao/saa08%akk-x-stdbab:IGI-ir=amāru[see//be(come) visible]V'V$innamir",
                  "f": {
                    "lang": "akk-x-stdbab",
                    "form": "IGI-ir",
                    "cf": "amāru",
                    "gw": "see",
                    "sense": "be(come) visible",
                    "norm": "innamir",
                    "pos": "V",
                    "epos": "V"
                  }
                },
                {
                  "node": "d",
                  "type": "line-start",
                  "ref": "P237849.3",
                  "n": "2",
                  "label": "o 2"
                },
                {
                  "node": "l",
                  "frag": "BURU₁₄",
                  "id": "P237849.l06180",
                  "ref": "P237849.3.1",
                  "inst": "ebūr[harvest]N",
                  "sig": "@saao/saa08%akk-x-stdbab:BURU₁₄=ebūru[harvest//harvest]N'N$ebūr",
                  "f": {
                    "lang": "akk-x-stdbab",
                    "form": "BURU₁₄",
                    "cf": "ebūru",
                    "gw": "harvest",
                    "sense": "harvest",
                    "norm": "ebūr",
                    "pos": "N",
                    "epos": "N"
                  }
                },
                {
                  "node": "l",
                  "frag": "KUR",
                  "id": "P237849.l06181",
                  "ref": "P237849.3.2",
                  "inst": "māti[land]N",
                  "sig": "@saao/saa08%akk-x-stdbab:KUR=mātu[land//land]N'N$māti",
                  "f": {
                    "lang": "akk-x-stdbab",
                    "form": "KUR",
                    "cf": "mātu",
                    "gw": "land",
                    "sense": "land",
                    "norm": "māti",
                    "pos": "N",
                    "epos": "N"
                  }
                },
                {
                  "node": "l",
                  "frag": "SI.SA₂",
                  "id": "P237849.l06182",
                  "ref": "P237849.3.3",
                  "inst": "iššer[prosper]V",
                  "sig": "@saao/saa08%akk-x-stdbab:SI.SA₂=ešēru[be(come) straight//prosper]V'V$iššer",
                  "f": {
                    "lang": "akk-x-stdbab",
                    "form": "SI.SA₂",
                    "cf": "ešēru",
                    "gw": "be(come) straight",
                    "sense": "prosper",
                    "norm": "iššer",
                    "pos": "V",
                    "epos": "V"
                  }
                },
                {
                  "node": "d",
                  "type": "line-start",
                  "ref": "P237849.4",
                  "n": "3",
                  "label": "o 3"
                },
                {
                  "node": "l",
                  "frag": "ŠA₃-bi",
                  "id": "P237849.l06183",
                  "ref": "P237849.4.1",
                  "inst": "libbi[mood]N",
                  "sig": "@saao/saa08%akk-x-stdbab:ŠA₃-bi=libbu[interior//mood]N'N$libbi",
                  "f": {
                    "lang": "akk-x-stdbab",
                    "form": "ŠA₃-bi",
                    "cf": "libbu",
                    "gw": "interior",
                    "sense": "mood",
                    "norm": "libbi",
                    "pos": "N",
                    "epos": "N"
                  }
                },
                {
                  "node": "l",
                  "frag": "KUR",
                  "id": "P237849.l06184",
                  "ref": "P237849.4.2",
                  "inst": "māti[land]N",
                  "sig": "@saao/saa08%akk-x-stdbab:KUR=mātu[land//land]N'N$māti",
                  "f": {
                    "lang": "akk-x-stdbab",
                    "form": "KUR",
                    "cf": "mātu",
                    "gw": "land",
                    "sense": "land",
                    "norm": "māti",
                    "pos": "N",
                    "epos": "N"
                  }
                },
                {
                  "node": "l",
                  "frag": "DUG₃-ab",
                  "id": "P237849.l06185",
                  "ref": "P237849.4.3",
                  "inst": "iṭâb[be(come) good]V",
                  "sig": "@saao/saa08%akk-x-stdbab:DUG₃-ab=ṭiābu[be(come) good//be(come) good]V'V$iṭâb",
                  "f": {
                    "lang": "akk-x-stdbab",
                    "form": "DUG₃-ab",
                    "cf": "ṭiābu",
                    "gw": "be(come) good",
                    "sense": "be(come) good",
                    "norm": "iṭâb",
                    "pos": "V",
                    "epos": "V"
                  }
                },
                {
                  "node": "d",
                  "type": "line-start",
                  "ref": "P237849.5",
                  "n": "4",
                  "label": "o 4"
                },
                {
                  "node": "l",
                  "frag": "1",
                  "id": "P237849.l06186",
                  "ref": "P237849.5.1",
                  "inst": "n",
                  "f": {
                    "lang": "akk-x-stdbab",
                    "form": "1",
                    "pos": "n"
                  }
                },
                {
                  "node": "l",
                  "frag": "{mul}UDU.IDIM",
                  "id": "P237849.l06187",
                  "ref": "P237849.5.2",
                  "inst": "bibbu[planet]N",
                  "sig": "@saao/saa08%akk-x-stdbab:{MUL}UDU.IDIM=bibbu[(a kind of wild sheep)//planet]N'N$bibbu",
                  "f": {
                    "lang": "akk-x-stdbab",
                    "form": "{MUL}UDU.IDIM",
                    "cf": "bibbu",
                    "gw": "(a kind of wild sheep)",
                    "sense": "planet",
                    "norm": "bibbu",
                    "pos": "N",
                    "epos": "N"
                  }
                },
                {
                  "node": "l",
                  "frag": "SA₅",
                  "id": "P237849.l06188",
                  "ref": "P237849.5.3",
                  "inst": "sāmu[red]AJ",
                  "sig": "@saao/saa08%akk-x-stdbab:SA₅=sāmu[red//red]AJ'AJ$sāmu",
                  "f": {
                    "lang": "akk-x-stdbab",
                    "form": "SA₅",
                    "cf": "sāmu",
                    "gw": "red",
                    "sense": "red",
                    "norm": "sāmu",
                    "pos": "AJ",
                    "epos": "AJ"
                  }
                },
                {
                  "node": "l",
                  "frag": "[IGI-ir]",
                  "id": "P237849.l06189",
                  "ref": "P237849.5.4",
                  "inst": "innamir[be(come) seen]V",
                  "sig": "@saao/saa08%akk-x-stdbab:IGI-ir=amāru[see//be(come) seen]V'V$innamir",
                  "f": {
                    "lang": "akk-x-stdbab",
                    "form": "IGI-ir",
                    "cf": "amāru",
                    "gw": "see",
                    "sense": "be(come) seen",
                    "norm": "innamir",
                    "pos": "V",
                    "epos": "V"
                  }
                },
                {
                  "node": "d",
                  "type": "line-start",
                  "ref": "P237849.6",
                  "n": "5",
                  "label": "o 5"
                },
                {
                  "node": "l",
                  "frag": "nu-hu-uš",
                  "id": "P237849.l0618a",
                  "ref": "P237849.6.1",
                  "inst": "+nuhšu[abundance]N$nuhuš",
                  "sig": "@saao/saa08%akk-x-stdbab:nu-hu-uš=nuhšu[abundance//abundance]N'N$nuhuš",
                  "f": {
                    "lang": "akk-x-stdbab",
                    "form": "nu-hu-uš",
                    "cf": "nuhšu",
                    "gw": "abundance",
                    "sense": "abundance",
                    "norm": "nuhuš",
                    "pos": "N",
                    "epos": "N"
                  }
                },
                {
                  "node": "l",
                  "frag": "UN-[MEŠ]",
                  "id": "P237849.l0618b",
                  "ref": "P237849.6.2",
                  "inst": "nišē[people]N",
                  "sig": "@saao/saa08%akk-x-stdbab:UN-MEŠ=nišu[people//people]N'N$nišē",
                  "f": {
                    "lang": "akk-x-stdbab",
                    "form": "UN-MEŠ",
                    "cf": "nišu",
                    "gw": "people",
                    "sense": "people",
                    "norm": "nišē",
                    "pos": "N",
                    "epos": "N"
                  }
                },
                {
                  "node": "d",
                  "subtype": "reverse",
                  "type": "reverse",
                  "ref": "P237849.r.7",
                  "label": "r"
                },
                {
                  "node": "d",
                  "type": "line-start",
                  "ref": "P237849.8",
                  "n": "1",
                  "label": "r 1"
                },
                {
                  "node": "l",
                  "frag": "1",
                  "id": "P237849.l0618c",
                  "ref": "P237849.8.1",
                  "inst": "n",
                  "f": {
                    "lang": "akk-x-neobab",
                    "form": "1",
                    "pos": "n"
                  }
                },
                {
                  "node": "l",
                  "frag": "{d}ṣal-bat-an-nu",
                  "id": "P237849.l0618d",
                  "ref": "P237849.8.2",
                  "inst": "+Ṣalbatanu[Mars]CN$Ṣalbatannu",
                  "sig": "@saao/saa08%akk-x-neobab:{d}ṣal-bat-an-nu=Ṣalbatanu[Mars//Mars]CN'CN$Ṣalbatannu",
                  "f": {
                    "lang": "akk-x-neobab",
                    "form": "{d}ṣal-bat-an-nu",
                    "cf": "Ṣalbatanu",
                    "gw": "Mars",
                    "sense": "Mars",
                    "norm": "Ṣalbatannu",
                    "pos": "CN",
                    "epos": "CN"
                  }
                },
                {
                  "node": "l",
                  "frag": "ina",
                  "id": "P237849.l0618e",
                  "ref": "P237849.8.3",
                  "inst": "ina[in]PRP",
                  "sig": "@saao/saa08%akk-x-neobab:ina=ina[in//in]PRP'PRP$ina",
                  "f": {
                    "lang": "akk-x-neobab",
                    "form": "ina",
                    "cf": "ina",
                    "gw": "in",
                    "sense": "in",
                    "norm": "ina",
                    "pos": "PRP",
                    "epos": "PRP"
                  }
                },
                {
                  "node": "l",
                  "frag": "IGI.DU₈.A-[šu₂]",
                  "id": "P237849.l0618f",
                  "ref": "P237849.8.4",
                  "inst": "+tāmartu[view(ing)//appearance]N'N$tāmartīšu",
                  "sig": "@saao/saa08%akk-x-neobab:IGI.DU₈.A-šu₂=tāmartu[view(ing)//appearance]N'N$tāmartīšu",
                  "f": {
                    "lang": "akk-x-neobab",
                    "form": "IGI.DU₈.A-šu₂",
                    "cf": "tāmartu",
                    "gw": "view(ing)",
                    "sense": "appearance",
                    "norm": "tāmartīšu",
                    "pos": "N",
                    "epos": "N"
                  }
                },
                {
                  "node": "d",
                  "type": "line-start",
                  "ref": "P237849.9",
                  "n": "2",
                  "label": "r 2"
                },
                {
                  "node": "l",
                  "frag": "ša₂-ru-ru",
                  "id": "P237849.l06190",
                  "ref": "P237849.9.1",
                  "inst": "+šarūru[brilliance//radiance]N'N$",
                  "sig": "@saao/saa08%akk-x-neobab:ša₂-ru-ru=šarūru[brilliance//radiance]N'N$šarūru",
                  "f": {
                    "lang": "akk-x-neobab",
                    "form": "ša₂-ru-ru",
                    "cf": "šarūru",
                    "gw": "brilliance",
                    "sense": "radiance",
                    "norm": "šarūru",
                    "pos": "N",
                    "epos": "N"
                  }
                },
                {
                  "node": "l",
                  "frag": "IL₂-ma",
                  "id": "P237849.l06191",
                  "ref": "P237849.9.2",
                  "inst": "+našû[lifted//carrying]AJ'AJ$našīma",
                  "sig": "@saao/saa08%akk-x-neobab:IL₂-ma=našû[lifted//carrying]AJ'AJ$našīma",
                  "f": {
                    "lang": "akk-x-neobab",
                    "form": "IL₂-ma",
                    "cf": "našû",
                    "gw": "lifted",
                    "sense": "carrying",
                    "norm": "našīma",
                    "pos": "AJ",
                    "epos": "AJ"
                  }
                },
                {
                  "node": "d",
                  "type": "nonx",
                  "ref": "P237849.10",
                  "strict": "1",
                  "extent": "n",
                  "scope": "line",
                  "state": "ruling"
                },
                {
                  "node": "d",
                  "type": "line-start",
                  "ref": "P237849.11",
                  "n": "3",
                  "label": "r 3"
                },
                {
                  "node": "l",
                  "frag": "ša₂",
                  "id": "P237849.l06192",
                  "ref": "P237849.11.1",
                  "inst": "ša[from]'PRP",
                  "sig": "@saao/saa08%akk-x-neobab:ša₂=ša[of//from]DET'PRP$ša",
                  "f": {
                    "lang": "akk-x-neobab",
                    "form": "ša₂",
                    "cf": "ša",
                    "gw": "of",
                    "sense": "from",
                    "norm": "ša",
                    "pos": "DET",
                    "epos": "PRP"
                  }
                },
                {
                  "node": "l",
                  "frag": "{1}{d}AG-iq-bi",
                  "id": "P237849.l06193",
                  "ref": "P237849.11.2",
                  "inst": "Nabu-iqbi[1]PN",
                  "sig": "@saao/saa08%akk-x-neobab:{1}{d}AG-iq-bi=Nabu-iqbi[1//1]PN'PN$Nabu-iqbi",
                  "f": {
                    "lang": "akk-x-neobab",
                    "form": "{1}{d}AG-iq-bi",
                    "cf": "Nabu-iqbi",
                    "gw": "1",
                    "sense": "1",
                    "norm": "Nabu-iqbi",
                    "pos": "PN",
                    "epos": "PN"
                  }
                }
              ]
            }
          ]
        }
      ]
    }
  ]
}
