{
  "type": "cdl",
  "source": "http://oracc.org/saao/saa08",
  "license": "This data is released under the CC0 license",
  "license-url": "https://creativecommons.org/publicdomain/zero/1.0/",
  "more-info": "http://oracc.org/doc/opendata/",
  "UTC-timestamp": "2017-06-10T00:45:53",
  "project": "saao/saa08",
  "textid": "P237074",
  "cdl": [
    {
      "node": "c",
      "type": "text",
      "id": "P237074.U0",
      "cdl": [
        {
          "node": "d",
          "type": "object",
          "ref": ""
        },
        {
          "node": "d",
          "subtype": "obverse",
          "type": "obverse",
          "ref": "P237074.o.1",
          "label": "o"
        },
        {
          "node": "c",
          "type": "discourse",
          "subtype": "body",
          "id": "P237074.U1",
          "cdl": [
            {
              "node": "c",
              "type": "sentence",
              "id": "P237074.U2",
              "label": "o 1 - r 4",
              "cdl": [
                {
                  "node": "d",
                  "type": "line-start",
                  "ref": "P237074.2",
                  "n": "1",
                  "label": "o 1"
                },
                {
                  "node": "l",
                  "frag": "1",
                  "id": "P237074.l03781",
                  "ref": "P237074.2.1",
                  "inst": "n",
                  "f": {
                    "lang": "akk-x-neobab",
                    "form": "1",
                    "pos": "n"
                  }
                },
                {
                  "node": "l",
                  "frag": "{mul}dil-bat",
                  "id": "P237074.l03782",
                  "ref": "P237074.2.2",
                  "inst": "+Dilbat[Venus]CN$",
                  "sig": "@saao/saa08%akk-x-neobab:{MUL}dil-bat=Dilbat[Venus//Venus]CN'CN$Dilbat",
                  "f": {
                    "lang": "akk-x-neobab",
                    "form": "{MUL}dil-bat",
                    "cf": "Dilbat",
                    "gw": "Venus",
                    "sense": "Venus",
                    "norm": "Dilbat",
                    "pos": "CN",
                    "epos": "CN"
                  }
                },
                {
                  "node": "l",
                  "frag": "ina",
                  "id": "P237074.l03783",
                  "ref": "P237074.2.3",
                  "inst": "ina[in]PRP",
                  "sig": "@saao/saa08%akk-x-neobab:ina=ina[in//in]PRP'PRP$ina",
                  "f": {
                    "lang": "akk-x-neobab",
                    "form": "ina",
                    "cf": "ina",
                    "gw": "in",
                    "sense": "in",
                    "norm": "ina",
                    "pos": "PRP",
                    "epos": "PRP"
                  }
                },
                {
                  "node": "l",
                  "frag": "{d}UTU.ŠU₂.A",
                  "id": "P237074.l03784",
                  "ref": "P237074.2.4",
                  "inst": "+erēb-šamši[sunset//west]N'N$",
                  "sig": "@saao/saa08%akk-x-neobab:{d}UTU.ŠU₂.A=erēb-šamši[sunset//west]N'N$erēb-šamši",
                  "f": {
                    "lang": "akk-x-neobab",
                    "form": "{d}UTU.ŠU₂.A",
                    "cf": "erēb-šamši",
                    "gw": "sunset",
                    "sense": "west",
                    "norm": "erēb-šamši",
                    "pos": "N",
                    "epos": "N"
                  }
                },
                {
                  "node": "l",
                  "frag": "TUM₃",
                  "id": "P237074.l03785",
                  "ref": "P237074.2.5",
                  "inst": "+tabālu[take away//disappear]V'V$itbal",
                  "sig": "@saao/saa08%akk-x-neobab:TUM₃=tabālu[take away//disappear]V'V$itbal",
                  "f": {
                    "lang": "akk-x-neobab",
                    "form": "TUM₃",
                    "cf": "tabālu",
                    "gw": "take away",
                    "sense": "disappear",
                    "norm": "itbal",
                    "pos": "V",
                    "epos": "V"
                  }
                },
                {
                  "node": "d",
                  "type": "nonx",
                  "ref": "P237074.3",
                  "strict": "1",
                  "extent": "n",
                  "scope": "line",
                  "state": "ruling"
                },
                {
                  "node": "d",
                  "type": "line-start",
                  "ref": "P237074.4",
                  "n": "2",
                  "label": "o 2"
                },
                {
                  "node": "l",
                  "frag": "1",
                  "id": "P237074.l03786",
                  "ref": "P237074.4.1",
                  "inst": "n",
                  "f": {
                    "lang": "akk-x-stdbab",
                    "form": "1",
                    "pos": "n"
                  }
                },
                {
                  "node": "l",
                  "frag": "{mul}dil-bat",
                  "id": "P237074.l03787",
                  "ref": "P237074.4.2",
                  "inst": "Dilbat[Venus]CN",
                  "sig": "@saao/saa08%akk-x-stdbab:{MUL}dil-bat=Dilbat[Venus//Venus]CN'CN$Dilbat",
                  "f": {
                    "lang": "akk-x-stdbab",
                    "form": "{MUL}dil-bat",
                    "cf": "Dilbat",
                    "gw": "Venus",
                    "sense": "Venus",
                    "norm": "Dilbat",
                    "pos": "CN",
                    "epos": "CN"
                  }
                },
                {
                  "node": "l",
                  "frag": "ina",
                  "id": "P237074.l03788",
                  "ref": "P237074.4.3",
                  "inst": "ina[in]PRP",
                  "sig": "@saao/saa08%akk-x-stdbab:ina=ina[in//in]PRP'PRP$ina",
                  "f": {
                    "lang": "akk-x-stdbab",
                    "form": "ina",
                    "cf": "ina",
                    "gw": "in",
                    "sense": "in",
                    "norm": "ina",
                    "pos": "PRP",
                    "epos": "PRP"
                  }
                },
                {
                  "node": "l",
                  "frag": "{iti}NE",
                  "id": "P237074.l03789",
                  "ref": "P237074.4.4",
                  "inst": "Abi[Ab]MN",
                  "sig": "@saao/saa08%akk-x-stdbab:{ITI}NE=Abu[Ab//Ab]MN'MN$Abi",
                  "f": {
                    "lang": "akk-x-stdbab",
                    "form": "{ITI}NE",
                    "cf": "Abu",
                    "gw": "Ab",
                    "sense": "Ab",
                    "norm": "Abi",
                    "pos": "MN",
                    "epos": "MN"
                  }
                },
                {
                  "node": "l",
                  "frag": "ad-riš",
                  "id": "P237074.l0378a",
                  "ref": "P237074.4.5",
                  "inst": "adriš[darkly]AV",
                  "sig": "@saao/saa08%akk-x-stdbab:ad-riš=adriš[dimly//darkly]AV'AV$adriš",
                  "f": {
                    "lang": "akk-x-stdbab",
                    "form": "ad-riš",
                    "cf": "adriš",
                    "gw": "dimly",
                    "sense": "darkly",
                    "norm": "adriš",
                    "pos": "AV",
                    "epos": "AV"
                  }
                },
                {
                  "node": "d",
                  "type": "line-start",
                  "ref": "P237074.5",
                  "n": "3",
                  "label": "o 3"
                },
                {
                  "node": "l",
                  "frag": "uš-⸢tak-ti⸣-it-ma",
                  "id": "P237074.l0378b",
                  "ref": "P237074.5.1",
                  "inst": "uštaktitma[descend]V",
                  "sig": "@saao/saa08%akk-x-stdbab:uš-tak-ti-it-ma=katātu[quiver//descend]V'V$uštaktitma",
                  "f": {
                    "lang": "akk-x-stdbab",
                    "form": "uš-tak-ti-it-ma",
                    "cf": "katātu",
                    "gw": "quiver",
                    "sense": "descend",
                    "norm": "uštaktitma",
                    "pos": "V",
                    "epos": "V"
                  }
                },
                {
                  "node": "l",
                  "frag": "ir-bi",
                  "id": "P237074.l0378c",
                  "ref": "P237074.5.2",
                  "inst": "irbi[set]V",
                  "sig": "@saao/saa08%akk-x-stdbab:ir-bi=rabû[set//set]V'V$irbi",
                  "f": {
                    "lang": "akk-x-stdbab",
                    "form": "ir-bi",
                    "cf": "rabû",
                    "gw": "set",
                    "sense": "set",
                    "norm": "irbi",
                    "pos": "V",
                    "epos": "V"
                  }
                },
                {
                  "node": "d",
                  "type": "line-start",
                  "ref": "P237074.6",
                  "n": "4",
                  "label": "o 4"
                },
                {
                  "node": "l",
                  "frag": "ŠUB-tim",
                  "id": "P237074.l0378d",
                  "ref": "P237074.6.1",
                  "inst": "miqitti[(down)fall]N",
                  "sig": "@saao/saa08%akk-x-stdbab:ŠUB-tim=miqittu[(down)fall//(down)fall]N'N$miqitti",
                  "f": {
                    "lang": "akk-x-stdbab",
                    "form": "ŠUB-tim",
                    "cf": "miqittu",
                    "gw": "(down)fall",
                    "sense": "(down)fall",
                    "norm": "miqitti",
                    "pos": "N",
                    "epos": "N"
                  }
                },
                {
                  "node": "l",
                  "frag": "NIM.MA{ki}",
                  "id": "P237074.l0378e",
                  "ref": "P237074.6.2",
                  "inst": "Elamti[Elam]GN",
                  "sig": "@saao/saa08%akk-x-stdbab:NIM.MA{KI}=Elamtu[Elam//Elam]GN'GN$Elamti",
                  "f": {
                    "lang": "akk-x-stdbab",
                    "form": "NIM.MA{KI}",
                    "cf": "Elamtu",
                    "gw": "Elam",
                    "sense": "Elam",
                    "norm": "Elamti",
                    "pos": "GN",
                    "epos": "GN"
                  }
                },
                {
                  "node": "l",
                  "frag": "GAL₂-ši",
                  "id": "P237074.l0378f",
                  "ref": "P237074.6.3",
                  "inst": "ibašši[exist]V",
                  "sig": "@saao/saa08%akk-x-stdbab:GAL₂-ši=bašû[exist//occur]V'V$ibašši",
                  "f": {
                    "lang": "akk-x-stdbab",
                    "form": "GAL₂-ši",
                    "cf": "bašû",
                    "gw": "exist",
                    "sense": "occur",
                    "norm": "ibašši",
                    "pos": "V",
                    "epos": "V"
                  }
                },
                {
                  "node": "d",
                  "type": "nonx",
                  "ref": "P237074.7",
                  "strict": "1",
                  "extent": "n",
                  "scope": "line",
                  "state": "ruling"
                },
                {
                  "node": "d",
                  "type": "line-start",
                  "ref": "P237074.8",
                  "n": "5",
                  "label": "o 5"
                },
                {
                  "node": "l",
                  "frag": "1",
                  "id": "P237074.l03790",
                  "ref": "P237074.8.1",
                  "inst": "n",
                  "f": {
                    "lang": "akk-x-stdbab",
                    "form": "1",
                    "pos": "n"
                  }
                },
                {
                  "node": "l",
                  "frag": "{mul}dil-bat",
                  "id": "P237074.l03791",
                  "ref": "P237074.8.2",
                  "inst": "Dilbat[Venus]CN",
                  "sig": "@saao/saa08%akk-x-stdbab:{MUL}dil-bat=Dilbat[Venus//Venus]CN'CN$Dilbat",
                  "f": {
                    "lang": "akk-x-stdbab",
                    "form": "{MUL}dil-bat",
                    "cf": "Dilbat",
                    "gw": "Venus",
                    "sense": "Venus",
                    "norm": "Dilbat",
                    "pos": "CN",
                    "epos": "CN"
                  }
                },
                {
                  "node": "l",
                  "frag": "ina",
                  "id": "P237074.l03792",
                  "ref": "P237074.8.3",
                  "inst": "ina[in]PRP",
                  "sig": "@saao/saa08%akk-x-stdbab:ina=ina[in//in]PRP'PRP$ina",
                  "f": {
                    "lang": "akk-x-stdbab",
                    "form": "ina",
                    "cf": "ina",
                    "gw": "in",
                    "sense": "in",
                    "norm": "ina",
                    "pos": "PRP",
                    "epos": "PRP"
                  }
                },
                {
                  "node": "l",
                  "frag": "{iti}NE",
                  "id": "P237074.l03793",
                  "ref": "P237074.8.4",
                  "inst": "Abi[Ab]MN",
                  "sig": "@saao/saa08%akk-x-stdbab:{ITI}NE=Abu[Ab//Ab]MN'MN$Abi",
                  "f": {
                    "lang": "akk-x-stdbab",
                    "form": "{ITI}NE",
                    "cf": "Abu",
                    "gw": "Ab",
                    "sense": "Ab",
                    "norm": "Abi",
                    "pos": "MN",
                    "epos": "MN"
                  }
                },
                {
                  "node": "l",
                  "frag": "TA",
                  "id": "P237074.l03794",
                  "ref": "P237074.8.5",
                  "inst": "ultu[from]PRP",
                  "sig": "@saao/saa08%akk-x-stdbab:TA=ištu[from//from]PRP'PRP$ultu",
                  "f": {
                    "lang": "akk-x-stdbab",
                    "form": "TA",
                    "cf": "ištu",
                    "gw": "from",
                    "sense": "from",
                    "norm": "ultu",
                    "pos": "PRP",
                    "epos": "PRP"
                  }
                },
                {
                  "node": "l",
                  "frag": "UD",
                  "id": "P237074.l03795",
                  "ref": "P237074.8.6",
                  "inst": "ūm[day]N",
                  "sig": "@saao/saa08%akk-x-stdbab:UD=ūmu[day//day]N'N$ūm",
                  "f": {
                    "lang": "akk-x-stdbab",
                    "form": "UD",
                    "cf": "ūmu",
                    "gw": "day",
                    "sense": "day",
                    "norm": "ūm",
                    "pos": "N",
                    "epos": "N"
                  }
                },
                {
                  "node": "l",
                  "frag": "01-KAM",
                  "id": "P237074.l03796",
                  "ref": "P237074.8.7",
                  "inst": "n",
                  "f": {
                    "lang": "akk-x-stdbab",
                    "form": "01-KAM",
                    "pos": "n"
                  }
                },
                {
                  "node": "d",
                  "type": "line-start",
                  "ref": "P237074.9",
                  "n": "6",
                  "label": "o 6"
                },
                {
                  "node": "l",
                  "frag": "EN",
                  "id": "P237074.l03797",
                  "ref": "P237074.9.1",
                  "inst": "+adi[until]PRP$",
                  "sig": "@saao/saa08%akk-x-stdbab:EN=adi[until//until]PRP'PRP$adi",
                  "f": {
                    "lang": "akk-x-stdbab",
                    "form": "EN",
                    "cf": "adi",
                    "gw": "until",
                    "sense": "until",
                    "norm": "adi",
                    "pos": "PRP",
                    "epos": "PRP"
                  }
                },
                {
                  "node": "l",
                  "frag": "UD",
                  "id": "P237074.l03798",
                  "ref": "P237074.9.2",
                  "inst": "ūm[day]N",
                  "sig": "@saao/saa08%akk-x-stdbab:UD=ūmu[day//day]N'N$ūm",
                  "f": {
                    "lang": "akk-x-stdbab",
                    "form": "UD",
                    "cf": "ūmu",
                    "gw": "day",
                    "sense": "day",
                    "norm": "ūm",
                    "pos": "N",
                    "epos": "N"
                  }
                },
                {
                  "node": "l",
                  "frag": "30-KAM₂",
                  "id": "P237074.l03799",
                  "ref": "P237074.9.3",
                  "inst": "n",
                  "f": {
                    "lang": "akk-x-stdbab",
                    "form": "30-KAM₂",
                    "pos": "n"
                  }
                },
                {
                  "node": "l",
                  "frag": "ina",
                  "id": "P237074.l0379a",
                  "ref": "P237074.9.4",
                  "inst": "ina[in]PRP",
                  "sig": "@saao/saa08%akk-x-stdbab:ina=ina[in//in]PRP'PRP$ina",
                  "f": {
                    "lang": "akk-x-stdbab",
                    "form": "ina",
                    "cf": "ina",
                    "gw": "in",
                    "sense": "in",
                    "norm": "ina",
                    "pos": "PRP",
                    "epos": "PRP"
                  }
                },
                {
                  "node": "l",
                  "frag": "{d}UTU.ŠU₂.A",
                  "id": "P237074.l0379b",
                  "ref": "P237074.9.5",
                  "inst": "erēb-šamši[west]N",
                  "sig": "@saao/saa08%akk-x-stdbab:{d}UTU.ŠU₂.A=erēb-šamši[west//west]N'N$erēb-šamši",
                  "f": {
                    "lang": "akk-x-stdbab",
                    "form": "{d}UTU.ŠU₂.A",
                    "cf": "erēb-šamši",
                    "gw": "west",
                    "sense": "west",
                    "norm": "erēb-šamši",
                    "pos": "N",
                    "epos": "N"
                  }
                },
                {
                  "node": "l",
                  "frag": "TUM₃",
                  "id": "P237074.l0379c",
                  "ref": "P237074.9.6",
                  "inst": "itbal[disappear]V",
                  "sig": "@saao/saa08%akk-x-stdbab:TUM₃=tabālu[take away//disappear]V'V$itbal",
                  "f": {
                    "lang": "akk-x-stdbab",
                    "form": "TUM₃",
                    "cf": "tabālu",
                    "gw": "take away",
                    "sense": "disappear",
                    "norm": "itbal",
                    "pos": "V",
                    "epos": "V"
                  }
                },
                {
                  "node": "d",
                  "type": "line-start",
                  "ref": "P237074.10",
                  "n": "7",
                  "label": "o 7"
                },
                {
                  "node": "l",
                  "frag": "A.AN-MEŠ",
                  "id": "P237074.l0379d",
                  "ref": "P237074.10.1",
                  "inst": "zunnī[rain]N",
                  "sig": "@saao/saa08%akk-x-stdbab:A.AN-MEŠ=zunnu[rain//rain]N'N$zunnī",
                  "f": {
                    "lang": "akk-x-stdbab",
                    "form": "A.AN-MEŠ",
                    "cf": "zunnu",
                    "gw": "rain",
                    "sense": "rain",
                    "norm": "zunnī",
                    "pos": "N",
                    "epos": "N"
                  }
                },
                {
                  "node": "l",
                  "frag": "GAL₂-MEŠ",
                  "id": "P237074.l0379e",
                  "ref": "P237074.10.2",
                  "inst": "ibaššû[exist]V",
                  "sig": "@saao/saa08%akk-x-stdbab:GAL₂-MEŠ=bašû[exist//exist]V'V$ibaššû",
                  "f": {
                    "lang": "akk-x-stdbab",
                    "form": "GAL₂-MEŠ",
                    "cf": "bašû",
                    "gw": "exist",
                    "sense": "exist",
                    "norm": "ibaššû",
                    "pos": "V",
                    "epos": "V"
                  }
                },
                {
                  "node": "d",
                  "subtype": "reverse",
                  "type": "reverse",
                  "ref": "P237074.r.11",
                  "label": "r"
                },
                {
                  "node": "d",
                  "type": "line-start",
                  "ref": "P237074.12",
                  "n": "1",
                  "label": "r 1"
                },
                {
                  "node": "l",
                  "frag": "BURU₁₄",
                  "id": "P237074.l0379f",
                  "ref": "P237074.12.1",
                  "inst": "ebūr[harvest]N",
                  "sig": "@saao/saa08%akk-x-stdbab:BURU₁₄=ebūru[harvest//harvest]N'N$ebūr",
                  "f": {
                    "lang": "akk-x-stdbab",
                    "form": "BURU₁₄",
                    "cf": "ebūru",
                    "gw": "harvest",
                    "sense": "harvest",
                    "norm": "ebūr",
                    "pos": "N",
                    "epos": "N"
                  }
                },
                {
                  "node": "l",
                  "frag": "KUR",
                  "id": "P237074.l037a0",
                  "ref": "P237074.12.2",
                  "inst": "māti[land]N",
                  "sig": "@saao/saa08%akk-x-stdbab:KUR=mātu[land//land]N'N$māti",
                  "f": {
                    "lang": "akk-x-stdbab",
                    "form": "KUR",
                    "cf": "mātu",
                    "gw": "land",
                    "sense": "land",
                    "norm": "māti",
                    "pos": "N",
                    "epos": "N"
                  }
                },
                {
                  "node": "l",
                  "frag": "SI.SA₂",
                  "id": "P237074.l037a1",
                  "ref": "P237074.12.3",
                  "inst": "+ešēru[be(come) straight//prosper]V'V$iššer",
                  "sig": "@saao/saa08%akk-x-stdbab:SI.SA₂=ešēru[be(come) straight//prosper]V'V$iššer",
                  "f": {
                    "lang": "akk-x-stdbab",
                    "form": "SI.SA₂",
                    "cf": "ešēru",
                    "gw": "be(come) straight",
                    "sense": "prosper",
                    "norm": "iššer",
                    "pos": "V",
                    "epos": "V"
                  }
                },
                {
                  "node": "d",
                  "type": "nonx",
                  "ref": "P237074.13",
                  "strict": "1",
                  "extent": "n",
                  "scope": "line",
                  "state": "ruling"
                },
                {
                  "node": "d",
                  "type": "line-start",
                  "ref": "P237074.14",
                  "n": "2",
                  "label": "r 2"
                },
                {
                  "node": "l",
                  "frag": "ina",
                  "id": "P237074.l037a2",
                  "ref": "P237074.14.1",
                  "inst": "ina[in]PRP",
                  "sig": "@saao/saa08%akk-x-neobab:ina=ina[in//in]PRP'PRP$ina",
                  "f": {
                    "lang": "akk-x-neobab",
                    "form": "ina",
                    "cf": "ina",
                    "gw": "in",
                    "sense": "in",
                    "norm": "ina",
                    "pos": "PRP",
                    "epos": "PRP"
                  }
                },
                {
                  "node": "l",
                  "frag": "ŠA₃",
                  "id": "P237074.l037a3",
                  "ref": "P237074.14.2",
                  "inst": "libbi[interior]N",
                  "sig": "@saao/saa08%akk-x-neobab:ŠA₃=libbu[interior//interior]N'N$libbi",
                  "f": {
                    "lang": "akk-x-neobab",
                    "form": "ŠA₃",
                    "cf": "libbu",
                    "gw": "interior",
                    "sense": "interior",
                    "norm": "libbi",
                    "pos": "N",
                    "epos": "N"
                  }
                },
                {
                  "node": "l",
                  "frag": "ITI",
                  "id": "P237074.l037a4",
                  "ref": "P237074.14.3",
                  "inst": "arhi[month]N",
                  "sig": "@saao/saa08%akk-x-neobab:ITI=arhu[month//month]N'N$arhi",
                  "f": {
                    "lang": "akk-x-neobab",
                    "form": "ITI",
                    "cf": "arhu",
                    "gw": "month",
                    "sense": "month",
                    "norm": "arhi",
                    "pos": "N",
                    "epos": "N"
                  }
                },
                {
                  "node": "l",
                  "frag": "a-ga-a",
                  "id": "P237074.l037a5",
                  "ref": "P237074.14.4",
                  "inst": "agâ[this]DP",
                  "sig": "@saao/saa08%akk-x-neobab:a-ga-a=agâ[this//this]DP'DP$agâ",
                  "f": {
                    "lang": "akk-x-neobab",
                    "form": "a-ga-a",
                    "cf": "agâ",
                    "gw": "this",
                    "sense": "this",
                    "norm": "agâ",
                    "pos": "DP",
                    "epos": "DP"
                  }
                },
                {
                  "node": "l",
                  "frag": "ina",
                  "id": "P237074.l037a6",
                  "ref": "P237074.14.5",
                  "inst": "ina[in]PRP",
                  "sig": "@saao/saa08%akk-x-neobab:ina=ina[in//in]PRP'PRP$ina",
                  "f": {
                    "lang": "akk-x-neobab",
                    "form": "ina",
                    "cf": "ina",
                    "gw": "in",
                    "sense": "in",
                    "norm": "ina",
                    "pos": "PRP",
                    "epos": "PRP"
                  }
                },
                {
                  "node": "l",
                  "frag": "{d}UTU.E₃",
                  "id": "P237074.l037a7",
                  "ref": "P237074.14.6",
                  "inst": "+ṣīt-šamši[sunrise//east]N'N$",
                  "sig": "@saao/saa08%akk-x-neobab:{d}UTU.E₃=ṣīt-šamši[sunrise//east]N'N$ṣīt-šamši",
                  "f": {
                    "lang": "akk-x-neobab",
                    "form": "{d}UTU.E₃",
                    "cf": "ṣīt-šamši",
                    "gw": "sunrise",
                    "sense": "east",
                    "norm": "ṣīt-šamši",
                    "pos": "N",
                    "epos": "N"
                  }
                },
                {
                  "node": "d",
                  "type": "line-start",
                  "ref": "P237074.15",
                  "n": "3",
                  "label": "r 3"
                },
                {
                  "node": "l",
                  "frag": "ina",
                  "id": "P237074.l037a8",
                  "ref": "P237074.15.1",
                  "inst": "ina[in]PRP",
                  "sig": "@saao/saa08%akk-x-neobab:ina=ina[in//in]PRP'PRP$ina",
                  "f": {
                    "lang": "akk-x-neobab",
                    "form": "ina",
                    "cf": "ina",
                    "gw": "in",
                    "sense": "in",
                    "norm": "ina",
                    "pos": "PRP",
                    "epos": "PRP"
                  }
                },
                {
                  "node": "l",
                  "frag": "ŠA₃",
                  "id": "P237074.l037a9",
                  "ref": "P237074.15.2",
                  "inst": "libbi[interior]N",
                  "sig": "@saao/saa08%akk-x-neobab:ŠA₃=libbu[interior//interior]N'N$libbi",
                  "f": {
                    "lang": "akk-x-neobab",
                    "form": "ŠA₃",
                    "cf": "libbu",
                    "gw": "interior",
                    "sense": "interior",
                    "norm": "libbi",
                    "pos": "N",
                    "epos": "N"
                  }
                },
                {
                  "node": "l",
                  "frag": "{mul}UR.GU.LA",
                  "id": "P237074.l037aa",
                  "ref": "P237074.15.3",
                  "inst": "+Urgulu[Leo]CN$Urguli",
                  "sig": "@saao/saa08%akk-x-neobab:{MUL}UR.GU.LA=Urgulu[Leo//Leo]CN'CN$Urguli",
                  "f": {
                    "lang": "akk-x-neobab",
                    "form": "{MUL}UR.GU.LA",
                    "cf": "Urgulu",
                    "gw": "Leo",
                    "sense": "Leo",
                    "norm": "Urguli",
                    "pos": "CN",
                    "epos": "CN"
                  }
                },
                {
                  "node": "l",
                  "frag": "in-nam-mar",
                  "id": "P237074.l037ab",
                  "ref": "P237074.15.4",
                  "inst": "innammar[be(come) visible]V",
                  "sig": "@saao/saa08%akk-x-neobab:in-nam-mar=amāru[see//be(come) visible]V'V$innammar",
                  "f": {
                    "lang": "akk-x-neobab",
                    "form": "in-nam-mar",
                    "cf": "amāru",
                    "gw": "see",
                    "sense": "be(come) visible",
                    "norm": "innammar",
                    "pos": "V",
                    "epos": "V"
                  }
                },
                {
                  "node": "d",
                  "type": "nonx",
                  "ref": "P237074.16",
                  "strict": "1",
                  "extent": "n",
                  "scope": "line",
                  "state": "ruling"
                },
                {
                  "node": "d",
                  "type": "line-start",
                  "ref": "P237074.17",
                  "n": "4",
                  "label": "r 4"
                },
                {
                  "node": "l",
                  "frag": "ša₂",
                  "id": "P237074.l037ac",
                  "ref": "P237074.17.1",
                  "inst": "ša[from]'PRP",
                  "sig": "@saao/saa08%akk-x-neobab:ša₂=ša[of//from]DET'PRP$ša",
                  "f": {
                    "lang": "akk-x-neobab",
                    "form": "ša₂",
                    "cf": "ša",
                    "gw": "of",
                    "sense": "from",
                    "norm": "ša",
                    "pos": "DET",
                    "epos": "PRP"
                  }
                },
                {
                  "node": "l",
                  "frag": "{1}{d}U.GUR-KAR-ir",
                  "id": "P237074.l037ad",
                  "ref": "P237074.17.2",
                  "inst": "Nergal-eṭir[1]PN",
                  "sig": "@saao/saa08%akk-x-neobab:{1}{d}U.GUR-KAR-ir=Nergal-eṭir[1//1]PN'PN$Nergal-eṭir",
                  "f": {
                    "lang": "akk-x-neobab",
                    "form": "{1}{d}U.GUR-KAR-ir",
                    "cf": "Nergal-eṭir",
                    "gw": "1",
                    "sense": "1",
                    "norm": "Nergal-eṭir",
                    "pos": "PN",
                    "epos": "PN"
                  }
                }
              ]
            }
          ]
        }
      ]
    }
  ]
}
