{
  "type": "cdl",
  "source": "http://oracc.org/saao/saa08",
  "license": "This data is released under the CC0 license",
  "license-url": "https://creativecommons.org/publicdomain/zero/1.0/",
  "more-info": "http://oracc.org/doc/opendata/",
  "UTC-timestamp": "2017-06-10T00:45:39",
  "project": "saao/saa08",
  "textid": "P237878",
  "cdl": [
    {
      "node": "c",
      "type": "text",
      "id": "P237878.U0",
      "cdl": [
        {
          "node": "d",
          "type": "object",
          "ref": ""
        },
        {
          "node": "d",
          "subtype": "obverse",
          "type": "obverse",
          "ref": "P237878.o.1",
          "label": "o"
        },
        {
          "node": "c",
          "type": "discourse",
          "subtype": "body",
          "id": "P237878.U1",
          "cdl": [
            {
              "node": "c",
              "type": "sentence",
              "id": "P237878.U2",
              "label": "o 1 - r 10",
              "cdl": [
                {
                  "node": "d",
                  "type": "line-start",
                  "ref": "P237878.2",
                  "n": "1",
                  "label": "o 1"
                },
                {
                  "node": "l",
                  "frag": "1",
                  "id": "P237878.l04afc",
                  "ref": "P237878.2.1",
                  "inst": "n",
                  "f": {
                    "lang": "akk-x-stdbab",
                    "form": "1",
                    "pos": "n"
                  }
                },
                {
                  "node": "l",
                  "frag": "{d}30",
                  "id": "P237878.l04afd",
                  "ref": "P237878.2.2",
                  "inst": "Sin[1]DN",
                  "sig": "@saao/saa08%akk-x-stdbab:{d}30=Sin[1//1]DN'DN$Sin",
                  "f": {
                    "lang": "akk-x-stdbab",
                    "form": "{d}30",
                    "cf": "Sin",
                    "gw": "1",
                    "sense": "1",
                    "norm": "Sin",
                    "pos": "DN",
                    "epos": "DN"
                  }
                },
                {
                  "node": "l",
                  "frag": "ina",
                  "id": "P237878.l04afe",
                  "ref": "P237878.2.3",
                  "inst": "ina[in]PRP",
                  "sig": "@saao/saa08%akk-x-stdbab:ina=ina[in//in]PRP'PRP$ina",
                  "f": {
                    "lang": "akk-x-stdbab",
                    "form": "ina",
                    "cf": "ina",
                    "gw": "in",
                    "sense": "in",
                    "norm": "ina",
                    "pos": "PRP",
                    "epos": "PRP"
                  }
                },
                {
                  "node": "l",
                  "frag": "la",
                  "id": "P237878.l04aff",
                  "ref": "P237878.2.4",
                  "inst": "lā[not]MOD",
                  "sig": "@saao/saa08%akk-x-stdbab:la=lā[not//not]MOD'MOD$lā",
                  "f": {
                    "lang": "akk-x-stdbab",
                    "form": "la",
                    "cf": "lā",
                    "gw": "not",
                    "sense": "not",
                    "norm": "lā",
                    "pos": "MOD",
                    "epos": "MOD"
                  }
                },
                {
                  "node": "l",
                  "frag": "si-ma-ni",
                  "id": "P237878.l04b00",
                  "ref": "P237878.2.5",
                  "inst": "+simānu[(right) occasion//time]N'N$simāni",
                  "sig": "@saao/saa08%akk-x-stdbab:si-ma-ni=simānu[(right) occasion//time]N'N$simāni",
                  "f": {
                    "lang": "akk-x-stdbab",
                    "form": "si-ma-ni",
                    "cf": "simānu",
                    "gw": "(right) occasion",
                    "sense": "time",
                    "norm": "simāni",
                    "pos": "N",
                    "epos": "N"
                  }
                },
                {
                  "node": "l",
                  "frag": "uh-hi-ram-ma",
                  "id": "P237878.l04b01",
                  "ref": "P237878.2.6",
                  "inst": "uhhiramma[be(come) late]V",
                  "sig": "@saao/saa08%akk-x-stdbab:uh-hi-ram-ma=ahāru[be(come) behind//be(come) late]V'V$uhhiramma",
                  "f": {
                    "lang": "akk-x-stdbab",
                    "form": "uh-hi-ram-ma",
                    "cf": "ahāru",
                    "gw": "be(come) behind",
                    "sense": "be(come) late",
                    "norm": "uhhiramma",
                    "pos": "V",
                    "epos": "V"
                  }
                },
                {
                  "node": "l",
                  "frag": "NU",
                  "id": "P237878.l04b02",
                  "ref": "P237878.2.7",
                  "inst": "ul[not]MOD",
                  "sig": "@saao/saa08%akk-x-stdbab:NU=ul[not//not]MOD'MOD$ul",
                  "f": {
                    "lang": "akk-x-stdbab",
                    "form": "NU",
                    "cf": "ul",
                    "gw": "not",
                    "sense": "not",
                    "norm": "ul",
                    "pos": "MOD",
                    "epos": "MOD"
                  }
                },
                {
                  "node": "l",
                  "frag": "IGI",
                  "id": "P237878.l04b03",
                  "ref": "P237878.2.8",
                  "inst": "innamir[be(come) seen]V",
                  "sig": "@saao/saa08%akk-x-stdbab:IGI=amāru[see//be(come) seen]V'V$innamir",
                  "f": {
                    "lang": "akk-x-stdbab",
                    "form": "IGI",
                    "cf": "amāru",
                    "gw": "see",
                    "sense": "be(come) seen",
                    "norm": "innamir",
                    "pos": "V",
                    "epos": "V"
                  }
                },
                {
                  "node": "d",
                  "type": "line-start",
                  "ref": "P237878.3",
                  "n": "2",
                  "label": "o 2"
                },
                {
                  "node": "l",
                  "frag": "te-be₂-e",
                  "id": "P237878.l04b04",
                  "ref": "P237878.3.1",
                  "inst": "tebê[attack]'N",
                  "sig": "@saao/saa08%akk-x-stdbab:te-be₂-e=tebû[arise//attack]V'N$tebê",
                  "f": {
                    "lang": "akk-x-stdbab",
                    "form": "te-be₂-e",
                    "cf": "tebû",
                    "gw": "arise",
                    "sense": "attack",
                    "norm": "tebê",
                    "pos": "V",
                    "epos": "N"
                  }
                },
                {
                  "node": "l",
                  "frag": "URU",
                  "id": "P237878.l04b05",
                  "ref": "P237878.3.2",
                  "inst": "āli[city]N",
                  "sig": "@saao/saa08%akk-x-stdbab:URU=ālu[city//city]N'N$āli",
                  "f": {
                    "lang": "akk-x-stdbab",
                    "form": "URU",
                    "cf": "ālu",
                    "gw": "city",
                    "sense": "city",
                    "norm": "āli",
                    "pos": "N",
                    "epos": "N"
                  }
                },
                {
                  "node": "l",
                  "frag": "kiš-ša₂-tu₂",
                  "id": "P237878.l04b06",
                  "ref": "P237878.3.3",
                  "inst": "kiššatu[world]N",
                  "sig": "@saao/saa08%akk-x-stdbab:kiš-ša₂-tu₂=kiššatu[totality//world]N'N$kiššatu",
                  "f": {
                    "lang": "akk-x-stdbab",
                    "form": "kiš-ša₂-tu₂",
                    "cf": "kiššatu",
                    "gw": "totality",
                    "sense": "world",
                    "norm": "kiššatu",
                    "pos": "N",
                    "epos": "N"
                  }
                },
                {
                  "node": "l",
                  "frag": "UD",
                  "id": "P237878.l04b07",
                  "ref": "P237878.3.4",
                  "inst": "ūm[day]N",
                  "sig": "@saao/saa08%akk-x-neobab:UD=ūmu[day//day]N'N$ūm",
                  "f": {
                    "lang": "akk-x-neobab",
                    "form": "UD",
                    "cf": "ūmu",
                    "gw": "day",
                    "sense": "day",
                    "norm": "ūm",
                    "pos": "N",
                    "epos": "N"
                  }
                },
                {
                  "node": "l",
                  "frag": "16-KAM₂",
                  "id": "P237878.l04b08",
                  "ref": "P237878.3.5",
                  "inst": "n",
                  "f": {
                    "lang": "akk-x-neobab",
                    "form": "16-KAM₂",
                    "pos": "n"
                  }
                },
                {
                  "node": "l",
                  "frag": "IGI-ma",
                  "id": "P237878.l04b09",
                  "ref": "P237878.3.6",
                  "inst": "innammarma[be(come) seen]V",
                  "sig": "@saao/saa08%akk-x-neobab:IGI-ma=amāru[see//be(come) seen]V'V$innammarma",
                  "f": {
                    "lang": "akk-x-neobab",
                    "form": "IGI-ma",
                    "cf": "amāru",
                    "gw": "see",
                    "sense": "be(come) seen",
                    "norm": "innammarma",
                    "pos": "V",
                    "epos": "V"
                  }
                },
                {
                  "node": "d",
                  "type": "line-start",
                  "ref": "P237878.4",
                  "n": "3",
                  "label": "o 3"
                },
                {
                  "node": "l",
                  "frag": "1",
                  "id": "P237878.l04b0a",
                  "ref": "P237878.4.1",
                  "inst": "n",
                  "f": {
                    "lang": "akk-x-stdbab",
                    "form": "1",
                    "pos": "n"
                  }
                },
                {
                  "node": "l",
                  "frag": "{d}30",
                  "id": "P237878.l04b0b",
                  "ref": "P237878.4.2",
                  "inst": "Sin[1]DN",
                  "sig": "@saao/saa08%akk-x-stdbab:{d}30=Sin[1//1]DN'DN$Sin",
                  "f": {
                    "lang": "akk-x-stdbab",
                    "form": "{d}30",
                    "cf": "Sin",
                    "gw": "1",
                    "sense": "1",
                    "norm": "Sin",
                    "pos": "DN",
                    "epos": "DN"
                  }
                },
                {
                  "node": "l",
                  "frag": "NU",
                  "id": "P237878.l04b0c",
                  "ref": "P237878.4.3",
                  "inst": "ul[not]MOD",
                  "sig": "@saao/saa08%akk-x-stdbab:NU=ul[not//not]MOD'MOD$ul",
                  "f": {
                    "lang": "akk-x-stdbab",
                    "form": "NU",
                    "cf": "ul",
                    "gw": "not",
                    "sense": "not",
                    "norm": "ul",
                    "pos": "MOD",
                    "epos": "MOD"
                  }
                },
                {
                  "node": "l",
                  "frag": "IGI",
                  "id": "P237878.l04b0d",
                  "ref": "P237878.4.4",
                  "inst": "innamir[be(come) seen]V",
                  "sig": "@saao/saa08%akk-x-stdbab:IGI=amāru[see//be(come) seen]V'V$innamir",
                  "f": {
                    "lang": "akk-x-stdbab",
                    "form": "IGI",
                    "cf": "amāru",
                    "gw": "see",
                    "sense": "be(come) seen",
                    "norm": "innamir",
                    "pos": "V",
                    "epos": "V"
                  }
                },
                {
                  "node": "l",
                  "frag": "DINGIR-MEŠ",
                  "id": "P237878.l04b0e",
                  "ref": "P237878.4.5",
                  "inst": "ilāni[god]N",
                  "sig": "@saao/saa08%akk-x-stdbab:DINGIR-MEŠ=ilu[god//god]N'N$ilāni",
                  "f": {
                    "lang": "akk-x-stdbab",
                    "form": "DINGIR-MEŠ",
                    "cf": "ilu",
                    "gw": "god",
                    "sense": "god",
                    "norm": "ilāni",
                    "pos": "N",
                    "epos": "N"
                  }
                },
                {
                  "node": "l",
                  "frag": "GALGA",
                  "id": "P237878.l04b0f",
                  "ref": "P237878.4.6",
                  "inst": "+milku[advice//decision]N'N$milik",
                  "sig": "@saao/saa08%akk-x-stdbab:GALGA=milku[advice//decision]N'N$milik",
                  "f": {
                    "lang": "akk-x-stdbab",
                    "form": "GALGA",
                    "cf": "milku",
                    "gw": "advice",
                    "sense": "decision",
                    "norm": "milik",
                    "pos": "N",
                    "epos": "N"
                  }
                },
                {
                  "node": "l",
                  "frag": "KUR",
                  "id": "P237878.l04b10",
                  "ref": "P237878.4.7",
                  "inst": "māti[land]N",
                  "sig": "@saao/saa08%akk-x-stdbab:KUR=mātu[land//land]N'N$māti",
                  "f": {
                    "lang": "akk-x-stdbab",
                    "form": "KUR",
                    "cf": "mātu",
                    "gw": "land",
                    "sense": "land",
                    "norm": "māti",
                    "pos": "N",
                    "epos": "N"
                  }
                },
                {
                  "node": "l",
                  "frag": "ana",
                  "id": "P237878.l04b11",
                  "ref": "P237878.4.8",
                  "inst": "ana[for]PRP",
                  "sig": "@saao/saa08%akk-x-stdbab:ana=ana[to//for]PRP'PRP$ana",
                  "f": {
                    "lang": "akk-x-stdbab",
                    "form": "ana",
                    "cf": "ana",
                    "gw": "to",
                    "sense": "for",
                    "norm": "ana",
                    "pos": "PRP",
                    "epos": "PRP"
                  }
                },
                {
                  "node": "l",
                  "frag": "HUL-tim",
                  "id": "P237878.l04b12",
                  "ref": "P237878.4.9",
                  "inst": "+lemuttu[evil//bad fortune]N$lemutti",
                  "sig": "@saao/saa08%akk-x-stdbab:HUL-tim=lemuttu[evil//bad fortune]N'N$lemutti",
                  "f": {
                    "lang": "akk-x-stdbab",
                    "form": "HUL-tim",
                    "cf": "lemuttu",
                    "gw": "evil",
                    "sense": "bad fortune",
                    "norm": "lemutti",
                    "pos": "N",
                    "epos": "N"
                  }
                },
                {
                  "node": "l",
                  "frag": "GALGA-MEŠ",
                  "id": "P237878.l04b13",
                  "ref": "P237878.4.10",
                  "inst": "imallikū[advise]V",
                  "sig": "@saao/saa08%akk-x-stdbab:GALGA-MEŠ=malāku[discuss//advise]V'V$imallikū",
                  "f": {
                    "lang": "akk-x-stdbab",
                    "form": "GALGA-MEŠ",
                    "cf": "malāku",
                    "gw": "discuss",
                    "sense": "advise",
                    "norm": "imallikū",
                    "pos": "V",
                    "epos": "V"
                  }
                },
                {
                  "node": "d",
                  "type": "line-start",
                  "ref": "P237878.5",
                  "n": "4",
                  "label": "o 4"
                },
                {
                  "node": "l",
                  "frag": "ša₂",
                  "id": "P237878.l04b14",
                  "ref": "P237878.5.1",
                  "inst": "ša[that]REL",
                  "sig": "@saao/saa08%akk-x-neobab:ša₂=ša[that//where]REL'REL$ša",
                  "f": {
                    "lang": "akk-x-neobab",
                    "form": "ša₂",
                    "cf": "ša",
                    "gw": "that",
                    "sense": "where",
                    "norm": "ša",
                    "pos": "REL",
                    "epos": "REL"
                  }
                },
                {
                  "node": "l",
                  "frag": "UD",
                  "id": "P237878.l04b15",
                  "ref": "P237878.5.2",
                  "inst": "ūm[day]N",
                  "sig": "@saao/saa08%akk-x-neobab:UD=ūmu[day//day]N'N$ūm",
                  "f": {
                    "lang": "akk-x-neobab",
                    "form": "UD",
                    "cf": "ūmu",
                    "gw": "day",
                    "sense": "day",
                    "norm": "ūm",
                    "pos": "N",
                    "epos": "N"
                  }
                },
                {
                  "node": "l",
                  "frag": "14-KAM₂",
                  "id": "P237878.l04b16",
                  "ref": "P237878.5.3",
                  "inst": "n",
                  "f": {
                    "lang": "akk-x-neobab",
                    "form": "14-KAM₂",
                    "pos": "n"
                  }
                },
                {
                  "node": "l",
                  "frag": "UD",
                  "id": "P237878.l04b17",
                  "ref": "P237878.5.4",
                  "inst": "ūm[day]N",
                  "sig": "@saao/saa08%akk-x-neobab:UD=ūmu[day//day]N'N$ūm",
                  "f": {
                    "lang": "akk-x-neobab",
                    "form": "UD",
                    "cf": "ūmu",
                    "gw": "day",
                    "sense": "day",
                    "norm": "ūm",
                    "pos": "N",
                    "epos": "N"
                  }
                },
                {
                  "node": "l",
                  "frag": "15-KAM₂",
                  "id": "P237878.l04b18",
                  "ref": "P237878.5.5",
                  "inst": "n",
                  "f": {
                    "lang": "akk-x-neobab",
                    "form": "15-KAM₂",
                    "pos": "n"
                  }
                },
                {
                  "node": "l",
                  "frag": "DINGIR",
                  "id": "P237878.l04b19",
                  "ref": "P237878.5.6",
                  "inst": "ilu[god]N",
                  "sig": "@saao/saa08%akk-x-neobab:DINGIR=ilu[god//god]N'N$il",
                  "f": {
                    "lang": "akk-x-neobab",
                    "form": "DINGIR",
                    "cf": "ilu",
                    "gw": "god",
                    "sense": "god",
                    "norm": "il",
                    "pos": "N",
                    "epos": "N"
                  }
                },
                {
                  "node": "l",
                  "frag": "KI",
                  "id": "P237878.l04b1a",
                  "ref": "P237878.5.7",
                  "inst": "itti[with]PRP",
                  "sig": "@saao/saa08%akk-x-neobab:KI=itti[with//with]PRP'PRP$itti",
                  "f": {
                    "lang": "akk-x-neobab",
                    "form": "KI",
                    "cf": "itti",
                    "gw": "with",
                    "sense": "with",
                    "norm": "itti",
                    "pos": "PRP",
                    "epos": "PRP"
                  }
                },
                {
                  "node": "l",
                  "frag": "DINGIR",
                  "id": "P237878.l04b1b",
                  "ref": "P237878.5.8",
                  "inst": "ili[god]N",
                  "sig": "@saao/saa08%akk-x-neobab:DINGIR=ilu[god//god]N'N$ili",
                  "f": {
                    "lang": "akk-x-neobab",
                    "form": "DINGIR",
                    "cf": "ilu",
                    "gw": "god",
                    "sense": "god",
                    "norm": "ili",
                    "pos": "N",
                    "epos": "N"
                  }
                },
                {
                  "node": "l",
                  "frag": "NU",
                  "id": "P237878.l04b1c",
                  "ref": "P237878.5.9",
                  "inst": "ul[not]MOD",
                  "sig": "@saao/saa08%akk-x-neobab:NU=ul[not//not]MOD'MOD$ul",
                  "f": {
                    "lang": "akk-x-neobab",
                    "form": "NU",
                    "cf": "ul",
                    "gw": "not",
                    "sense": "not",
                    "norm": "ul",
                    "pos": "MOD",
                    "epos": "MOD"
                  }
                },
                {
                  "node": "l",
                  "frag": "IGI-ru",
                  "id": "P237878.l04b1d",
                  "ref": "P237878.5.10",
                  "inst": "+amāru[see//be(come) seen]V'V$innammaru",
                  "sig": "@saao/saa08%akk-x-neobab:IGI-ru=amāru[see//be(come) seen]V'V$innammaru",
                  "f": {
                    "lang": "akk-x-neobab",
                    "form": "IGI-ru",
                    "cf": "amāru",
                    "gw": "see",
                    "sense": "be(come) seen",
                    "norm": "innammaru",
                    "pos": "V",
                    "epos": "V"
                  }
                },
                {
                  "node": "d",
                  "type": "line-start",
                  "ref": "P237878.6",
                  "n": "5",
                  "label": "o 5"
                },
                {
                  "node": "l",
                  "frag": "1",
                  "id": "P237878.l04b1e",
                  "ref": "P237878.6.1",
                  "inst": "n",
                  "f": {
                    "lang": "akk-x-stdbab",
                    "form": "1",
                    "pos": "n"
                  }
                },
                {
                  "node": "l",
                  "frag": "{d}30",
                  "id": "P237878.l04b1f",
                  "ref": "P237878.6.2",
                  "inst": "Sin[1]DN",
                  "sig": "@saao/saa08%akk-x-stdbab:{d}30=Sin[1//1]DN'DN$Sin",
                  "f": {
                    "lang": "akk-x-stdbab",
                    "form": "{d}30",
                    "cf": "Sin",
                    "gw": "1",
                    "sense": "1",
                    "norm": "Sin",
                    "pos": "DN",
                    "epos": "DN"
                  }
                },
                {
                  "node": "l",
                  "frag": "ina",
                  "id": "P237878.l04b20",
                  "ref": "P237878.6.3",
                  "inst": "ina[in]PRP",
                  "sig": "@saao/saa08%akk-x-stdbab:ina=ina[in//in]PRP'PRP$ina",
                  "f": {
                    "lang": "akk-x-stdbab",
                    "form": "ina",
                    "cf": "ina",
                    "gw": "in",
                    "sense": "in",
                    "norm": "ina",
                    "pos": "PRP",
                    "epos": "PRP"
                  }
                },
                {
                  "node": "l",
                  "frag": "{iti}KIN",
                  "id": "P237878.l04b21",
                  "ref": "P237878.6.4",
                  "inst": "Eluli[Elul]MN",
                  "sig": "@saao/saa08%akk-x-stdbab:{ITI}KIN=Elulu[Elul//Elul]MN'MN$Eluli",
                  "f": {
                    "lang": "akk-x-stdbab",
                    "form": "{ITI}KIN",
                    "cf": "Elulu",
                    "gw": "Elul",
                    "sense": "Elul",
                    "norm": "Eluli",
                    "pos": "MN",
                    "epos": "MN"
                  }
                },
                {
                  "node": "l",
                  "frag": "lu-u₂",
                  "id": "P237878.l04b22",
                  "ref": "P237878.6.5",
                  "inst": "lū[or]CNJ",
                  "sig": "@saao/saa08%akk-x-stdbab:lu-u₂=lū[or//or]CNJ'CNJ$lū",
                  "f": {
                    "lang": "akk-x-stdbab",
                    "form": "lu-u₂",
                    "cf": "lū",
                    "gw": "or",
                    "sense": "or",
                    "norm": "lū",
                    "pos": "CNJ",
                    "epos": "CNJ"
                  }
                },
                {
                  "node": "l",
                  "frag": "UD",
                  "id": "P237878.l04b23",
                  "ref": "P237878.6.6",
                  "inst": "ūm[day]N",
                  "sig": "@saao/saa08%akk-x-stdbab:UD=ūmu[day//day]N'N$ūm",
                  "f": {
                    "lang": "akk-x-stdbab",
                    "form": "UD",
                    "cf": "ūmu",
                    "gw": "day",
                    "sense": "day",
                    "norm": "ūm",
                    "pos": "N",
                    "epos": "N"
                  }
                },
                {
                  "node": "l",
                  "frag": "14-KAM₂",
                  "id": "P237878.l04b24",
                  "ref": "P237878.6.7",
                  "inst": "n",
                  "f": {
                    "lang": "akk-x-stdbab",
                    "form": "14-KAM₂",
                    "pos": "n"
                  }
                },
                {
                  "node": "l",
                  "frag": "lu-u₂",
                  "id": "P237878.l04b25",
                  "ref": "P237878.6.8",
                  "inst": "lū[or]CNJ",
                  "sig": "@saao/saa08%akk-x-stdbab:lu-u₂=lū[or//or]CNJ'CNJ$lū",
                  "f": {
                    "lang": "akk-x-stdbab",
                    "form": "lu-u₂",
                    "cf": "lū",
                    "gw": "or",
                    "sense": "or",
                    "norm": "lū",
                    "pos": "CNJ",
                    "epos": "CNJ"
                  }
                },
                {
                  "node": "l",
                  "frag": "UD",
                  "id": "P237878.l04b26",
                  "ref": "P237878.6.9",
                  "inst": "ūm[day]N",
                  "sig": "@saao/saa08%akk-x-stdbab:UD=ūmu[day//day]N'N$ūm",
                  "f": {
                    "lang": "akk-x-stdbab",
                    "form": "UD",
                    "cf": "ūmu",
                    "gw": "day",
                    "sense": "day",
                    "norm": "ūm",
                    "pos": "N",
                    "epos": "N"
                  }
                },
                {
                  "node": "l",
                  "frag": "15-KAM",
                  "id": "P237878.l04b27",
                  "ref": "P237878.6.10",
                  "inst": "n",
                  "f": {
                    "lang": "akk-x-stdbab",
                    "form": "15-KAM",
                    "pos": "n"
                  }
                },
                {
                  "node": "d",
                  "type": "line-start",
                  "ref": "P237878.7",
                  "n": "6",
                  "label": "o 6"
                },
                {
                  "node": "l",
                  "frag": "KI",
                  "id": "P237878.l04b28",
                  "ref": "P237878.7.1",
                  "inst": "itti[with]PRP",
                  "sig": "@saao/saa08%akk-x-stdbab:KI=itti[with//with]PRP'PRP$itti",
                  "f": {
                    "lang": "akk-x-stdbab",
                    "form": "KI",
                    "cf": "itti",
                    "gw": "with",
                    "sense": "with",
                    "norm": "itti",
                    "pos": "PRP",
                    "epos": "PRP"
                  }
                },
                {
                  "node": "l",
                  "frag": "{d}UTU",
                  "id": "P237878.l04b29",
                  "ref": "P237878.7.2",
                  "inst": "Šamaš[1]DN",
                  "sig": "@saao/saa08%akk-x-stdbab:{d}UTU=Šamaš[1//1]DN'DN$Šamaš",
                  "f": {
                    "lang": "akk-x-stdbab",
                    "form": "{d}UTU",
                    "cf": "Šamaš",
                    "gw": "1",
                    "sense": "1",
                    "norm": "Šamaš",
                    "pos": "DN",
                    "epos": "DN"
                  }
                },
                {
                  "node": "l",
                  "frag": "NU",
                  "id": "P237878.l04b2a",
                  "ref": "P237878.7.3",
                  "inst": "ul[not]MOD",
                  "sig": "@saao/saa08%akk-x-stdbab:NU=ul[not//not]MOD'MOD$ul",
                  "f": {
                    "lang": "akk-x-stdbab",
                    "form": "NU",
                    "cf": "ul",
                    "gw": "not",
                    "sense": "not",
                    "norm": "ul",
                    "pos": "MOD",
                    "epos": "MOD"
                  }
                },
                {
                  "node": "l",
                  "frag": "IGI",
                  "id": "P237878.l04b2b",
                  "ref": "P237878.7.4",
                  "inst": "innamir[be(come) seen]",
                  "sig": "@saao/saa08%akk-x-stdbab:IGI=amāru[see//be(come) seen]V'V$innamir",
                  "f": {
                    "lang": "akk-x-stdbab",
                    "form": "IGI",
                    "cf": "amāru",
                    "gw": "see",
                    "sense": "be(come) seen",
                    "norm": "innamir",
                    "pos": "V",
                    "epos": "V"
                  }
                },
                {
                  "node": "l",
                  "frag": "UR.A-MEŠ",
                  "id": "P237878.l04b2c",
                  "ref": "P237878.7.5",
                  "inst": "+nēšu[lion]N$nēšē",
                  "sig": "@saao/saa08%akk-x-stdbab:UR.A-MEŠ=nēšu[lion//lion]N'N$nēšē",
                  "f": {
                    "lang": "akk-x-stdbab",
                    "form": "UR.A-MEŠ",
                    "cf": "nēšu",
                    "gw": "lion",
                    "sense": "lion",
                    "norm": "nēšē",
                    "pos": "N",
                    "epos": "N"
                  }
                },
                {
                  "node": "l",
                  "frag": "IDIM-MEŠ",
                  "id": "P237878.l04b2d",
                  "ref": "P237878.7.6",
                  "inst": "+nadāru[be(come) wild//rage]V'V$innandarū",
                  "sig": "@saao/saa08%akk-x-stdbab:IDIM-MEŠ=nadāru[be(come) wild//rage]V'V$innandarū",
                  "f": {
                    "lang": "akk-x-stdbab",
                    "form": "IDIM-MEŠ",
                    "cf": "nadāru",
                    "gw": "be(come) wild",
                    "sense": "rage",
                    "norm": "innandarū",
                    "pos": "V",
                    "epos": "V"
                  }
                },
                {
                  "node": "l",
                  "frag": "A.RA₂",
                  "id": "P237878.l04b2e",
                  "ref": "P237878.7.7",
                  "inst": "alakta[way]N",
                  "sig": "@saao/saa08%akk-x-stdbab:A.RA₂=alaktu[way//way]N'N$alakta",
                  "f": {
                    "lang": "akk-x-stdbab",
                    "form": "A.RA₂",
                    "cf": "alaktu",
                    "gw": "way",
                    "sense": "way",
                    "norm": "alakta",
                    "pos": "N",
                    "epos": "N"
                  }
                },
                {
                  "node": "l",
                  "frag": "KUD-MEŠ",
                  "id": "P237878.l04b2f",
                  "ref": "P237878.7.8",
                  "inst": "iparrasū[block]V",
                  "sig": "@saao/saa08%akk-x-stdbab:KUD-MEŠ=parāsu[cut (off)//block]V'V$iparrasū",
                  "f": {
                    "lang": "akk-x-stdbab",
                    "form": "KUD-MEŠ",
                    "cf": "parāsu",
                    "gw": "cut (off)",
                    "sense": "block",
                    "norm": "iparrasū",
                    "pos": "V",
                    "epos": "V"
                  }
                },
                {
                  "node": "d",
                  "type": "line-start",
                  "ref": "P237878.8",
                  "n": "7",
                  "label": "o 7"
                },
                {
                  "node": "l",
                  "frag": "1",
                  "id": "P237878.l04b30",
                  "ref": "P237878.8.1",
                  "inst": "n",
                  "f": {
                    "lang": "akk-x-stdbab",
                    "form": "1",
                    "pos": "n"
                  }
                },
                {
                  "node": "l",
                  "frag": "{d}30",
                  "id": "P237878.l04b31",
                  "ref": "P237878.8.2",
                  "inst": "Sin[1]DN",
                  "sig": "@saao/saa08%akk-x-stdbab:{d}30=Sin[1//1]DN'DN$Sin",
                  "f": {
                    "lang": "akk-x-stdbab",
                    "form": "{d}30",
                    "cf": "Sin",
                    "gw": "1",
                    "sense": "1",
                    "norm": "Sin",
                    "pos": "DN",
                    "epos": "DN"
                  }
                },
                {
                  "node": "l",
                  "frag": "u",
                  "id": "P237878.l04b32",
                  "ref": "P237878.8.3",
                  "inst": "u[and]CNJ",
                  "sig": "@saao/saa08%akk-x-stdbab:u=u[and//and]CNJ'CNJ$u",
                  "f": {
                    "lang": "akk-x-stdbab",
                    "form": "u",
                    "cf": "u",
                    "gw": "and",
                    "sense": "and",
                    "norm": "u",
                    "pos": "CNJ",
                    "epos": "CNJ"
                  }
                },
                {
                  "node": "l",
                  "frag": "{d}UTU",
                  "id": "P237878.l04b33",
                  "ref": "P237878.8.4",
                  "inst": "Šamaš[1]DN",
                  "sig": "@saao/saa08%akk-x-stdbab:{d}UTU=Šamaš[1//1]DN'DN$Šamaš",
                  "f": {
                    "lang": "akk-x-stdbab",
                    "form": "{d}UTU",
                    "cf": "Šamaš",
                    "gw": "1",
                    "sense": "1",
                    "norm": "Šamaš",
                    "pos": "DN",
                    "epos": "DN"
                  }
                },
                {
                  "node": "l",
                  "frag": "UD.DA-su-nu",
                  "id": "P237878.l04b34",
                  "ref": "P237878.8.5",
                  "inst": "+ṣētu[bright light//light]N'N$ṣēssunu",
                  "sig": "@saao/saa08%akk-x-stdbab:UD.DA-su-nu=ṣētu[bright light//light]N'N$ṣēssunu",
                  "f": {
                    "lang": "akk-x-stdbab",
                    "form": "UD.DA-su-nu",
                    "cf": "ṣētu",
                    "gw": "bright light",
                    "sense": "light",
                    "norm": "ṣēssunu",
                    "pos": "N",
                    "epos": "N"
                  }
                },
                {
                  "node": "l",
                  "frag": "du-ʾu-u₂-mat",
                  "id": "P237878.l04b35",
                  "ref": "P237878.8.6",
                  "inst": "+duʾʾumu[very dark]AJ$duʾʾumat",
                  "sig": "@saao/saa08%akk-x-stdbab:du-ʾu-u₂-mat=duʾʾumu[very dark//very dark]AJ'AJ$duʾʾumat",
                  "f": {
                    "lang": "akk-x-stdbab",
                    "form": "du-ʾu-u₂-mat",
                    "cf": "duʾʾumu",
                    "gw": "very dark",
                    "sense": "very dark",
                    "norm": "duʾʾumat",
                    "pos": "AJ",
                    "epos": "AJ"
                  }
                },
                {
                  "node": "d",
                  "type": "line-start",
                  "ref": "P237878.9",
                  "n": "8",
                  "label": "o 8"
                },
                {
                  "node": "l",
                  "frag": "LUGAL",
                  "id": "P237878.l04b36",
                  "ref": "P237878.9.1",
                  "inst": "šarru[king]N",
                  "sig": "@saao/saa08%akk-x-neobab:LUGAL=šarru[king//king]N'N$šarru",
                  "f": {
                    "lang": "akk-x-neobab",
                    "form": "LUGAL",
                    "cf": "šarru",
                    "gw": "king",
                    "sense": "king",
                    "norm": "šarru",
                    "pos": "N",
                    "epos": "N"
                  }
                },
                {
                  "node": "l",
                  "frag": "KI",
                  "id": "P237878.l04b37",
                  "ref": "P237878.9.2",
                  "inst": "itti[with]PRP",
                  "sig": "@saao/saa08%akk-x-neobab:KI=itti[with//with]PRP'PRP$itti",
                  "f": {
                    "lang": "akk-x-neobab",
                    "form": "KI",
                    "cf": "itti",
                    "gw": "with",
                    "sense": "with",
                    "norm": "itti",
                    "pos": "PRP",
                    "epos": "PRP"
                  }
                },
                {
                  "node": "l",
                  "frag": "KUR-šu₂",
                  "id": "P237878.l04b38",
                  "ref": "P237878.9.3",
                  "inst": "mātīšu[land]N",
                  "sig": "@saao/saa08%akk-x-neobab:KUR-šu₂=mātu[land//land]N'N$mātīšu",
                  "f": {
                    "lang": "akk-x-neobab",
                    "form": "KUR-šu₂",
                    "cf": "mātu",
                    "gw": "land",
                    "sense": "land",
                    "norm": "mātīšu",
                    "pos": "N",
                    "epos": "N"
                  }
                },
                {
                  "node": "l",
                  "frag": "u",
                  "id": "P237878.l04b39",
                  "ref": "P237878.9.4",
                  "inst": "u[and]CNJ",
                  "sig": "@saao/saa08%akk-x-neobab:u=u[and//and]CNJ'CNJ$u",
                  "f": {
                    "lang": "akk-x-neobab",
                    "form": "u",
                    "cf": "u",
                    "gw": "and",
                    "sense": "and",
                    "norm": "u",
                    "pos": "CNJ",
                    "epos": "CNJ"
                  }
                },
                {
                  "node": "l",
                  "frag": "UN-MEŠ-šu₂",
                  "id": "P237878.l04b3a",
                  "ref": "P237878.9.5",
                  "inst": "nišīšu[people]N",
                  "sig": "@saao/saa08%akk-x-neobab:UN-MEŠ-šu₂=nišu[people//people]N'N$nišīšu",
                  "f": {
                    "lang": "akk-x-neobab",
                    "form": "UN-MEŠ-šu₂",
                    "cf": "nišu",
                    "gw": "people",
                    "sense": "people",
                    "norm": "nišīšu",
                    "pos": "N",
                    "epos": "N"
                  }
                },
                {
                  "node": "l",
                  "frag": "ze-ni",
                  "id": "P237878.l04b3b",
                  "ref": "P237878.9.6",
                  "inst": "+zenû[angry]AJ$zeni",
                  "sig": "@saao/saa08%akk-x-neobab:ze-ni=zenû[angry//angry]AJ'AJ$zeni",
                  "f": {
                    "lang": "akk-x-neobab",
                    "form": "ze-ni",
                    "cf": "zenû",
                    "gw": "angry",
                    "sense": "angry",
                    "norm": "zeni",
                    "pos": "AJ",
                    "epos": "AJ"
                  }
                },
                {
                  "node": "l",
                  "frag": "i-na",
                  "id": "P237878.l04b3c",
                  "ref": "P237878.9.7",
                  "inst": "ina[in]PRP",
                  "sig": "@saao/saa08%akk-x-neobab:i-na=ina[in//in]PRP'PRP$ina",
                  "f": {
                    "lang": "akk-x-neobab",
                    "form": "i-na",
                    "cf": "ina",
                    "gw": "in",
                    "sense": "in",
                    "norm": "ina",
                    "pos": "PRP",
                    "epos": "PRP"
                  }
                },
                {
                  "node": "l",
                  "frag": "01-en",
                  "id": "P237878.l04b3d",
                  "ref": "P237878.9.8",
                  "inst": "iltēn[one]NU",
                  "sig": "@saao/saa08%akk-x-neobab:01-en=ištēn[one//one]NU'NU$iltēn",
                  "f": {
                    "lang": "akk-x-neobab",
                    "form": "01-en",
                    "cf": "ištēn",
                    "gw": "one",
                    "sense": "one",
                    "norm": "iltēn",
                    "pos": "NU",
                    "epos": "NU"
                  }
                },
                {
                  "node": "l",
                  "frag": "ITI",
                  "id": "P237878.l04b3e",
                  "ref": "P237878.9.9",
                  "inst": "arhi[month]N",
                  "sig": "@saao/saa08%akk-x-neobab:ITI=arhu[month//month]N'N$arhi",
                  "f": {
                    "lang": "akk-x-neobab",
                    "form": "ITI",
                    "cf": "arhu",
                    "gw": "month",
                    "sense": "month",
                    "norm": "arhi",
                    "pos": "N",
                    "epos": "N"
                  }
                },
                {
                  "node": "d",
                  "type": "line-start",
                  "ref": "P237878.10",
                  "n": "9",
                  "label": "o 9"
                },
                {
                  "node": "l",
                  "frag": "{d}30",
                  "id": "P237878.l04b3f",
                  "ref": "P237878.10.1",
                  "inst": "Sin[1]DN",
                  "sig": "@saao/saa08%akk-x-neobab:{d}30=Sin[1//1]DN'DN$Sin",
                  "f": {
                    "lang": "akk-x-neobab",
                    "form": "{d}30",
                    "cf": "Sin",
                    "gw": "1",
                    "sense": "1",
                    "norm": "Sin",
                    "pos": "DN",
                    "epos": "DN"
                  }
                },
                {
                  "node": "l",
                  "frag": "u",
                  "id": "P237878.l04b40",
                  "ref": "P237878.10.2",
                  "inst": "u[and]CNJ",
                  "sig": "@saao/saa08%akk-x-neobab:u=u[and//and]CNJ'CNJ$u",
                  "f": {
                    "lang": "akk-x-neobab",
                    "form": "u",
                    "cf": "u",
                    "gw": "and",
                    "sense": "and",
                    "norm": "u",
                    "pos": "CNJ",
                    "epos": "CNJ"
                  }
                },
                {
                  "node": "l",
                  "frag": "{d}UTU",
                  "id": "P237878.l04b41",
                  "ref": "P237878.10.3",
                  "inst": "Šamaš[1]DN",
                  "sig": "@saao/saa08%akk-x-neobab:{d}UTU=Šamaš[1//1]DN'DN$Šamaš",
                  "f": {
                    "lang": "akk-x-neobab",
                    "form": "{d}UTU",
                    "cf": "Šamaš",
                    "gw": "1",
                    "sense": "1",
                    "norm": "Šamaš",
                    "pos": "DN",
                    "epos": "DN"
                  }
                },
                {
                  "node": "l",
                  "frag": "AN.MI",
                  "id": "P237878.l04b42",
                  "ref": "P237878.10.4",
                  "inst": "attalâ[eclipse]N",
                  "sig": "@saao/saa08%akk-x-neobab:AN.MI=antalû[eclipse//eclipse]N'N$attalâ",
                  "f": {
                    "lang": "akk-x-neobab",
                    "form": "AN.MI",
                    "cf": "antalû",
                    "gw": "eclipse",
                    "sense": "eclipse",
                    "norm": "attalâ",
                    "pos": "N",
                    "epos": "N"
                  }
                },
                {
                  "node": "l",
                  "frag": "GAR-MEŠ-ma",
                  "id": "P237878.l04b43",
                  "ref": "P237878.10.5",
                  "inst": "+šakānu[put//place]V'V$išakkanūma",
                  "sig": "@saao/saa08%akk-x-neobab:GAR-MEŠ-ma=šakānu[put//place]V'V$išakkanūma",
                  "f": {
                    "lang": "akk-x-neobab",
                    "form": "GAR-MEŠ-ma",
                    "cf": "šakānu",
                    "gw": "put",
                    "sense": "place",
                    "norm": "išakkanūma",
                    "pos": "V",
                    "epos": "V"
                  }
                },
                {
                  "node": "d",
                  "frag": ":",
                  "type": "punct",
                  "ref": "P237878.10.6",
                  "lang": "akk-x-neobab",
                  "gdl_delim": " "
                },
                {
                  "node": "l",
                  "frag": "ša₂",
                  "id": "P237878.l04b44",
                  "ref": "P237878.10.7",
                  "inst": "ša[that]REL",
                  "sig": "@saao/saa08%akk-x-neobab:ša₂=ša[that//where]REL'REL$ša",
                  "f": {
                    "lang": "akk-x-neobab",
                    "form": "ša₂",
                    "cf": "ša",
                    "gw": "that",
                    "sense": "where",
                    "norm": "ša",
                    "pos": "REL",
                    "epos": "REL"
                  }
                },
                {
                  "node": "l",
                  "frag": "UD",
                  "id": "P237878.l04b45",
                  "ref": "P237878.10.8",
                  "inst": "ūm[day]N",
                  "sig": "@saao/saa08%akk-x-neobab:UD=ūmu[day//day]N'N$ūm",
                  "f": {
                    "lang": "akk-x-neobab",
                    "form": "UD",
                    "cf": "ūmu",
                    "gw": "day",
                    "sense": "day",
                    "norm": "ūm",
                    "pos": "N",
                    "epos": "N"
                  }
                },
                {
                  "node": "l",
                  "frag": "14-KAM",
                  "id": "P237878.l04b46",
                  "ref": "P237878.10.9",
                  "inst": "n",
                  "f": {
                    "lang": "akk-x-neobab",
                    "form": "14-KAM",
                    "pos": "n"
                  }
                },
                {
                  "node": "d",
                  "type": "line-start",
                  "ref": "P237878.11",
                  "n": "10",
                  "label": "o 10"
                },
                {
                  "node": "l",
                  "frag": "ITI-us-su",
                  "id": "P237878.l04b47",
                  "ref": "P237878.11.1",
                  "inst": "+arhussu[every month//each month]AV'AV$",
                  "sig": "@saao/saa08%akk-x-neobab:ITI-us-su=arhussu[every month//each month]AV'AV$arhussu",
                  "f": {
                    "lang": "akk-x-neobab",
                    "form": "ITI-us-su",
                    "cf": "arhussu",
                    "gw": "every month",
                    "sense": "each month",
                    "norm": "arhussu",
                    "pos": "AV",
                    "epos": "AV"
                  }
                },
                {
                  "node": "l",
                  "frag": "DINGIR",
                  "id": "P237878.l04b48",
                  "ref": "P237878.11.2",
                  "inst": "ilu[god]N",
                  "sig": "@saao/saa08%akk-x-neobab:DINGIR=ilu[god//god]N'N$il",
                  "f": {
                    "lang": "akk-x-neobab",
                    "form": "DINGIR",
                    "cf": "ilu",
                    "gw": "god",
                    "sense": "god",
                    "norm": "il",
                    "pos": "N",
                    "epos": "N"
                  }
                },
                {
                  "node": "l",
                  "frag": "KI",
                  "id": "P237878.l04b49",
                  "ref": "P237878.11.3",
                  "inst": "itti[with]PRP",
                  "sig": "@saao/saa08%akk-x-neobab:KI=itti[with//with]PRP'PRP$itti",
                  "f": {
                    "lang": "akk-x-neobab",
                    "form": "KI",
                    "cf": "itti",
                    "gw": "with",
                    "sense": "with",
                    "norm": "itti",
                    "pos": "PRP",
                    "epos": "PRP"
                  }
                },
                {
                  "node": "l",
                  "frag": "DINGIR",
                  "id": "P237878.l04b4a",
                  "ref": "P237878.11.4",
                  "inst": "ili[god]N",
                  "sig": "@saao/saa08%akk-x-neobab:DINGIR=ilu[god//god]N'N$ili",
                  "f": {
                    "lang": "akk-x-neobab",
                    "form": "DINGIR",
                    "cf": "ilu",
                    "gw": "god",
                    "sense": "god",
                    "norm": "ili",
                    "pos": "N",
                    "epos": "N"
                  }
                },
                {
                  "node": "l",
                  "frag": "NU",
                  "id": "P237878.l04b4b",
                  "ref": "P237878.11.5",
                  "inst": "ul[not]MOD",
                  "sig": "@saao/saa08%akk-x-neobab:NU=ul[not//not]MOD'MOD$ul",
                  "f": {
                    "lang": "akk-x-neobab",
                    "form": "NU",
                    "cf": "ul",
                    "gw": "not",
                    "sense": "not",
                    "norm": "ul",
                    "pos": "MOD",
                    "epos": "MOD"
                  }
                },
                {
                  "node": "l",
                  "frag": "IGI-ru",
                  "id": "P237878.l04b4c",
                  "ref": "P237878.11.6",
                  "inst": "innammaru[be(come) seen]V",
                  "sig": "@saao/saa08%akk-x-neobab:IGI-ru=amāru[see//be(come) seen]V'V$innammaru",
                  "f": {
                    "lang": "akk-x-neobab",
                    "form": "IGI-ru",
                    "cf": "amāru",
                    "gw": "see",
                    "sense": "be(come) seen",
                    "norm": "innammaru",
                    "pos": "V",
                    "epos": "V"
                  }
                },
                {
                  "node": "d",
                  "subtype": "reverse",
                  "type": "reverse",
                  "ref": "P237878.r.12",
                  "label": "r"
                },
                {
                  "node": "d",
                  "type": "line-start",
                  "ref": "P237878.13",
                  "n": "1",
                  "label": "r 1"
                },
                {
                  "node": "l",
                  "frag": "1",
                  "id": "P237878.l04b4d",
                  "ref": "P237878.13.1",
                  "inst": "n",
                  "f": {
                    "lang": "akk-x-stdbab",
                    "form": "1",
                    "pos": "n"
                  }
                },
                {
                  "node": "l",
                  "frag": "UD",
                  "id": "P237878.l04b4e",
                  "ref": "P237878.13.2",
                  "inst": "ūm[day]N",
                  "sig": "@saao/saa08%akk-x-stdbab:UD=ūmu[day//day]N'N$ūm",
                  "f": {
                    "lang": "akk-x-stdbab",
                    "form": "UD",
                    "cf": "ūmu",
                    "gw": "day",
                    "sense": "day",
                    "norm": "ūm",
                    "pos": "N",
                    "epos": "N"
                  }
                },
                {
                  "node": "l",
                  "frag": "16-KAM₂",
                  "id": "P237878.l04b4f",
                  "ref": "P237878.13.3",
                  "inst": "n",
                  "f": {
                    "lang": "akk-x-stdbab",
                    "form": "16-KAM₂",
                    "pos": "n"
                  }
                },
                {
                  "node": "l",
                  "frag": "{d}30",
                  "id": "P237878.l04b50",
                  "ref": "P237878.13.4",
                  "inst": "Sin[1]DN",
                  "sig": "@saao/saa08%akk-x-stdbab:{d}30=Sin[1//1]DN'DN$Sin",
                  "f": {
                    "lang": "akk-x-stdbab",
                    "form": "{d}30",
                    "cf": "Sin",
                    "gw": "1",
                    "sense": "1",
                    "norm": "Sin",
                    "pos": "DN",
                    "epos": "DN"
                  }
                },
                {
                  "node": "l",
                  "frag": "u",
                  "id": "P237878.l04b51",
                  "ref": "P237878.13.5",
                  "inst": "u[and]CNJ",
                  "sig": "@saao/saa08%akk-x-stdbab:u=u[and//and]CNJ'CNJ$u",
                  "f": {
                    "lang": "akk-x-stdbab",
                    "form": "u",
                    "cf": "u",
                    "gw": "and",
                    "sense": "and",
                    "norm": "u",
                    "pos": "CNJ",
                    "epos": "CNJ"
                  }
                },
                {
                  "node": "l",
                  "frag": "{d}UTU",
                  "id": "P237878.l04b52",
                  "ref": "P237878.13.6",
                  "inst": "Šamaš[1]DN",
                  "sig": "@saao/saa08%akk-x-stdbab:{d}UTU=Šamaš[1//1]DN'DN$Šamaš",
                  "f": {
                    "lang": "akk-x-stdbab",
                    "form": "{d}UTU",
                    "cf": "Šamaš",
                    "gw": "1",
                    "sense": "1",
                    "norm": "Šamaš",
                    "pos": "DN",
                    "epos": "DN"
                  }
                },
                {
                  "node": "l",
                  "frag": "KI",
                  "id": "P237878.l04b53",
                  "ref": "P237878.13.7",
                  "inst": "itti[with]PRP",
                  "sig": "@saao/saa08%akk-x-stdbab:KI=itti[with//with]PRP'PRP$itti",
                  "f": {
                    "lang": "akk-x-stdbab",
                    "form": "KI",
                    "cf": "itti",
                    "gw": "with",
                    "sense": "with",
                    "norm": "itti",
                    "pos": "PRP",
                    "epos": "PRP"
                  }
                },
                {
                  "node": "l",
                  "frag": "a-ha-meš",
                  "id": "P237878.l04b54",
                  "ref": "P237878.13.8",
                  "inst": "ahāmeš[one another]PRP",
                  "sig": "@saao/saa08%akk-x-stdbab:a-ha-meš=ahāmiš[one another//one another]PRP'PRP$ahāmeš",
                  "f": {
                    "lang": "akk-x-stdbab",
                    "form": "a-ha-meš",
                    "cf": "ahāmiš",
                    "gw": "one another",
                    "sense": "one another",
                    "norm": "ahāmeš",
                    "pos": "PRP",
                    "epos": "PRP"
                  }
                },
                {
                  "node": "l",
                  "frag": "IGI-MEŠ",
                  "id": "P237878.l04b55",
                  "ref": "P237878.13.9",
                  "inst": "innamrū[be(come) seen]V",
                  "sig": "@saao/saa08%akk-x-stdbab:IGI-MEŠ=amāru[see//be(come) seen]V'V$innamrū",
                  "f": {
                    "lang": "akk-x-stdbab",
                    "form": "IGI-MEŠ",
                    "cf": "amāru",
                    "gw": "see",
                    "sense": "be(come) seen",
                    "norm": "innamrū",
                    "pos": "V",
                    "epos": "V"
                  }
                },
                {
                  "node": "d",
                  "type": "line-start",
                  "ref": "P237878.14",
                  "n": "2",
                  "label": "r 2"
                },
                {
                  "node": "l",
                  "frag": "LUGAL",
                  "id": "P237878.l04b56",
                  "ref": "P237878.14.1",
                  "inst": "šarru[king]N",
                  "sig": "@saao/saa08%akk-x-stdbab:LUGAL=šarru[king//king]N'N$šarru",
                  "f": {
                    "lang": "akk-x-stdbab",
                    "form": "LUGAL",
                    "cf": "šarru",
                    "gw": "king",
                    "sense": "king",
                    "norm": "šarru",
                    "pos": "N",
                    "epos": "N"
                  }
                },
                {
                  "node": "l",
                  "frag": "ana",
                  "id": "P237878.l04b57",
                  "ref": "P237878.14.2",
                  "inst": "ana[to]PRP",
                  "sig": "@saao/saa08%akk-x-stdbab:ana=ana[to//to]PRP'PRP$ana",
                  "f": {
                    "lang": "akk-x-stdbab",
                    "form": "ana",
                    "cf": "ana",
                    "gw": "to",
                    "sense": "to",
                    "norm": "ana",
                    "pos": "PRP",
                    "epos": "PRP"
                  }
                },
                {
                  "node": "l",
                  "frag": "LUGAL",
                  "id": "P237878.l04b58",
                  "ref": "P237878.14.3",
                  "inst": "šarri[king]N",
                  "sig": "@saao/saa08%akk-x-stdbab:LUGAL=šarru[king//king]N'N$šarri",
                  "f": {
                    "lang": "akk-x-stdbab",
                    "form": "LUGAL",
                    "cf": "šarru",
                    "gw": "king",
                    "sense": "king",
                    "norm": "šarri",
                    "pos": "N",
                    "epos": "N"
                  }
                },
                {
                  "node": "l",
                  "frag": "{mi₂}KUR₂",
                  "id": "P237878.l04b59",
                  "ref": "P237878.14.4",
                  "inst": "+nukurtu[enmity//hostile message]N'N$nukurta",
                  "sig": "@saao/saa08%akk-x-stdbab:{MI₂}KUR₂=nukurtu[enmity//hostile message]N'N$nukurta",
                  "f": {
                    "lang": "akk-x-stdbab",
                    "form": "{MI₂}KUR₂",
                    "cf": "nukurtu",
                    "gw": "enmity",
                    "sense": "hostile message",
                    "norm": "nukurta",
                    "pos": "N",
                    "epos": "N"
                  }
                },
                {
                  "node": "l",
                  "frag": "KIN",
                  "id": "P237878.l04b5a",
                  "ref": "P237878.14.5",
                  "inst": "išappar[send]V",
                  "sig": "@saao/saa08%akk-x-stdbab:KIN=šapāru[send//send]V'V$išappar",
                  "f": {
                    "lang": "akk-x-stdbab",
                    "form": "KIN",
                    "cf": "šapāru",
                    "gw": "send",
                    "sense": "send",
                    "norm": "išappar",
                    "pos": "V",
                    "epos": "V"
                  }
                },
                {
                  "node": "l",
                  "frag": "LUGAL",
                  "id": "P237878.l04b5b",
                  "ref": "P237878.14.6",
                  "inst": "šarru[king]N",
                  "sig": "@saao/saa08%akk-x-stdbab:LUGAL=šarru[king//king]N'N$šarru",
                  "f": {
                    "lang": "akk-x-stdbab",
                    "form": "LUGAL",
                    "cf": "šarru",
                    "gw": "king",
                    "sense": "king",
                    "norm": "šarru",
                    "pos": "N",
                    "epos": "N"
                  }
                },
                {
                  "node": "l",
                  "frag": "ina",
                  "id": "P237878.l04b5c",
                  "ref": "P237878.14.7",
                  "inst": "ina[in]PRP",
                  "sig": "@saao/saa08%akk-x-stdbab:ina=ina[in//in]PRP'PRP$ina",
                  "f": {
                    "lang": "akk-x-stdbab",
                    "form": "ina",
                    "cf": "ina",
                    "gw": "in",
                    "sense": "in",
                    "norm": "ina",
                    "pos": "PRP",
                    "epos": "PRP"
                  }
                },
                {
                  "node": "l",
                  "frag": "E₂.GAL-šu₂",
                  "id": "P237878.l04b5d",
                  "ref": "P237878.14.8",
                  "inst": "ēkallīšu[palace]N",
                  "sig": "@saao/saa08%akk-x-stdbab:E₂.GAL-šu₂=ēkallu[palace//palace]N'N$ēkallīšu",
                  "f": {
                    "lang": "akk-x-stdbab",
                    "form": "E₂.GAL-šu₂",
                    "cf": "ēkallu",
                    "gw": "palace",
                    "sense": "palace",
                    "norm": "ēkallīšu",
                    "pos": "N",
                    "epos": "N"
                  }
                },
                {
                  "node": "l",
                  "frag": "ana",
                  "id": "P237878.l04b5e",
                  "ref": "P237878.14.9",
                  "inst": "ana[for]PRP",
                  "sig": "@saao/saa08%akk-x-stdbab:ana=ana[to//for]PRP'PRP$ana",
                  "f": {
                    "lang": "akk-x-stdbab",
                    "form": "ana",
                    "cf": "ana",
                    "gw": "to",
                    "sense": "for",
                    "norm": "ana",
                    "pos": "PRP",
                    "epos": "PRP"
                  }
                },
                {
                  "node": "l",
                  "frag": "ŠID",
                  "id": "P237878.l04b5f",
                  "ref": "P237878.14.10",
                  "inst": "+minītu[measure//length]N'N$minât",
                  "sig": "@saao/saa08%akk-x-stdbab:ŠID=minītu[measure//length]N'N$minât",
                  "f": {
                    "lang": "akk-x-stdbab",
                    "form": "ŠID",
                    "cf": "minītu",
                    "gw": "measure",
                    "sense": "length",
                    "norm": "minât",
                    "pos": "N",
                    "epos": "N"
                  }
                },
                {
                  "node": "l",
                  "frag": "[ITI]",
                  "id": "P237878.l04b60",
                  "ref": "P237878.14.11",
                  "inst": "arhi[month]N",
                  "sig": "@saao/saa08%akk-x-stdbab:ITI=arhu[month//month]N'N$arhi",
                  "f": {
                    "lang": "akk-x-stdbab",
                    "form": "ITI",
                    "cf": "arhu",
                    "gw": "month",
                    "sense": "month",
                    "norm": "arhi",
                    "pos": "N",
                    "epos": "N"
                  }
                },
                {
                  "node": "d",
                  "type": "line-start",
                  "ref": "P237878.15",
                  "n": "3",
                  "label": "r 3"
                },
                {
                  "node": "l",
                  "frag": "u₂-ta-sar",
                  "id": "P237878.l04b61",
                  "ref": "P237878.15.1",
                  "inst": "ūtassar[be(come) shut in]V",
                  "sig": "@saao/saa08%akk-x-stdbab:u₂-ta-sar=esēru[enclose//be(come) shut in]V'V$ūtassar",
                  "f": {
                    "lang": "akk-x-stdbab",
                    "form": "u₂-ta-sar",
                    "cf": "esēru",
                    "gw": "enclose",
                    "sense": "be(come) shut in",
                    "norm": "ūtassar",
                    "pos": "V",
                    "epos": "V"
                  }
                },
                {
                  "node": "l",
                  "frag": "GIR₃",
                  "id": "P237878.l04b62",
                  "ref": "P237878.15.2",
                  "inst": "šēp[foot]N",
                  "sig": "@saao/saa08%akk-x-stdbab:GIR₃=šēpu[foot//foot]N'N$šēp",
                  "f": {
                    "lang": "akk-x-stdbab",
                    "form": "GIR₃",
                    "cf": "šēpu",
                    "gw": "foot",
                    "sense": "foot",
                    "norm": "šēp",
                    "pos": "N",
                    "epos": "N"
                  }
                },
                {
                  "node": "l",
                  "frag": "KUR₂",
                  "id": "P237878.l04b63",
                  "ref": "P237878.15.3",
                  "inst": "nakri[enemy]'N",
                  "sig": "@saao/saa08%akk-x-stdbab:KUR₂=nakru[strange//enemy]AJ'N$nakri",
                  "f": {
                    "lang": "akk-x-stdbab",
                    "form": "KUR₂",
                    "cf": "nakru",
                    "gw": "strange",
                    "sense": "enemy",
                    "norm": "nakri",
                    "pos": "AJ",
                    "epos": "N"
                  }
                },
                {
                  "node": "l",
                  "frag": "ana",
                  "id": "P237878.l04b64",
                  "ref": "P237878.15.4",
                  "inst": "ana[to]PRP",
                  "sig": "@saao/saa08%akk-x-stdbab:ana=ana[to//to]PRP'PRP$ana",
                  "f": {
                    "lang": "akk-x-stdbab",
                    "form": "ana",
                    "cf": "ana",
                    "gw": "to",
                    "sense": "to",
                    "norm": "ana",
                    "pos": "PRP",
                    "epos": "PRP"
                  }
                },
                {
                  "node": "l",
                  "frag": "KUR-šu₂",
                  "id": "P237878.l04b65",
                  "ref": "P237878.15.5",
                  "inst": "mātīšu[land]N",
                  "sig": "@saao/saa08%akk-x-stdbab:KUR-šu₂=mātu[land//land]N'N$mātīšu",
                  "f": {
                    "lang": "akk-x-stdbab",
                    "form": "KUR-šu₂",
                    "cf": "mātu",
                    "gw": "land",
                    "sense": "land",
                    "norm": "mātīšu",
                    "pos": "N",
                    "epos": "N"
                  }
                },
                {
                  "node": "l",
                  "frag": "GAR-an",
                  "id": "P237878.l04b66",
                  "ref": "P237878.15.6",
                  "inst": "išakkan[place]V",
                  "sig": "@saao/saa08%akk-x-stdbab:GAR-an=šakānu[put//place]V'V$išakkan",
                  "f": {
                    "lang": "akk-x-stdbab",
                    "form": "GAR-an",
                    "cf": "šakānu",
                    "gw": "put",
                    "sense": "place",
                    "norm": "išakkan",
                    "pos": "V",
                    "epos": "V"
                  }
                },
                {
                  "node": "l",
                  "frag": "KUR₂",
                  "id": "P237878.l04b67",
                  "ref": "P237878.15.7",
                  "inst": "nakru[enemy]'N",
                  "sig": "@saao/saa08%akk-x-stdbab:KUR₂=nakru[strange//enemy]AJ'N$nakri",
                  "f": {
                    "lang": "akk-x-stdbab",
                    "form": "KUR₂",
                    "cf": "nakru",
                    "gw": "strange",
                    "sense": "enemy",
                    "norm": "nakri",
                    "pos": "AJ",
                    "epos": "N"
                  }
                },
                {
                  "node": "l",
                  "frag": "ina",
                  "id": "P237878.l04b68",
                  "ref": "P237878.15.8",
                  "inst": "ina[in]PRP",
                  "sig": "@saao/saa08%akk-x-stdbab:ina=ina[in//in]PRP'PRP$ina",
                  "f": {
                    "lang": "akk-x-stdbab",
                    "form": "ina",
                    "cf": "ina",
                    "gw": "in",
                    "sense": "in",
                    "norm": "ina",
                    "pos": "PRP",
                    "epos": "PRP"
                  }
                },
                {
                  "node": "l",
                  "frag": "KUR-[šu₂]",
                  "id": "P237878.l04b69",
                  "ref": "P237878.15.9",
                  "inst": "mātīšu[land]N",
                  "sig": "@saao/saa08%akk-x-stdbab:KUR-šu₂=mātu[land//land]N'N$mātīšu",
                  "f": {
                    "lang": "akk-x-stdbab",
                    "form": "KUR-šu₂",
                    "cf": "mātu",
                    "gw": "land",
                    "sense": "land",
                    "norm": "mātīšu",
                    "pos": "N",
                    "epos": "N"
                  }
                },
                {
                  "node": "d",
                  "type": "line-start",
                  "ref": "P237878.16",
                  "n": "4",
                  "label": "r 4"
                },
                {
                  "node": "l",
                  "frag": "šal-ṭa-niš",
                  "id": "P237878.l04b6a",
                  "ref": "P237878.16.1",
                  "inst": "šalṭāniš[victoriously]AV",
                  "sig": "@saao/saa08%akk-x-stdbab:šal-ṭa-niš=šalṭāniš[in triumph//victoriously]AV'AV$šalṭāniš",
                  "f": {
                    "lang": "akk-x-stdbab",
                    "form": "šal-ṭa-niš",
                    "cf": "šalṭāniš",
                    "gw": "in triumph",
                    "sense": "victoriously",
                    "norm": "šalṭāniš",
                    "pos": "AV",
                    "epos": "AV"
                  }
                },
                {
                  "node": "l",
                  "frag": "DU-MEŠ",
                  "id": "P237878.l04b6b",
                  "ref": "P237878.16.2",
                  "inst": "ittanallak[march around]V",
                  "sig": "@saao/saa08%akk-x-stdbab:DU-MEŠ=alāku[go//march around]V'V$ittanallak",
                  "f": {
                    "lang": "akk-x-stdbab",
                    "form": "DU-MEŠ",
                    "cf": "alāku",
                    "gw": "go",
                    "sense": "march around",
                    "norm": "ittanallak",
                    "pos": "V",
                    "epos": "V"
                  }
                },
                {
                  "node": "d",
                  "type": "line-start",
                  "ref": "P237878.17",
                  "n": "5",
                  "label": "r 5"
                },
                {
                  "node": "l",
                  "frag": "1",
                  "id": "P237878.l04b6c",
                  "ref": "P237878.17.1",
                  "inst": "n",
                  "f": {
                    "lang": "akk-x-stdbab",
                    "form": "1",
                    "pos": "n"
                  }
                },
                {
                  "node": "l",
                  "frag": "KI.MIN",
                  "id": "P237878.l04b6d",
                  "ref": "P237878.17.2",
                  "inst": "KI.MIN[(ditto)]J",
                  "sig": "@saao/saa08%akk-x-stdbab:KI.MIN=KI.MIN[(ditto)//(ditto)]J'J$KI.MIN",
                  "f": {
                    "lang": "akk-x-stdbab",
                    "form": "KI.MIN",
                    "cf": "KI.MIN",
                    "gw": "(ditto)",
                    "sense": "(ditto)",
                    "norm": "KI.MIN",
                    "pos": "J",
                    "epos": "J"
                  }
                },
                {
                  "node": "l",
                  "frag": "LUGAL",
                  "id": "P237878.l04b6e",
                  "ref": "P237878.17.3",
                  "inst": "šar[king]N",
                  "sig": "@saao/saa08%akk-x-stdbab:LUGAL=šarru[king//king]N'N$šar",
                  "f": {
                    "lang": "akk-x-stdbab",
                    "form": "LUGAL",
                    "cf": "šarru",
                    "gw": "king",
                    "sense": "king",
                    "norm": "šar",
                    "pos": "N",
                    "epos": "N"
                  }
                },
                {
                  "node": "l",
                  "frag": "SU.BIR₄{ki}",
                  "id": "P237878.l04b6f",
                  "ref": "P237878.17.4",
                  "inst": "Subarti[1]GN",
                  "sig": "@saao/saa08%akk-x-stdbab:SU.BIR₄{KI}=Subartu[1//1]GN'GN$Subarti",
                  "f": {
                    "lang": "akk-x-stdbab",
                    "form": "SU.BIR₄{KI}",
                    "cf": "Subartu",
                    "gw": "1",
                    "sense": "1",
                    "norm": "Subarti",
                    "pos": "GN",
                    "epos": "GN"
                  }
                },
                {
                  "node": "l",
                  "frag": "i-dan-nin-ma",
                  "id": "P237878.l04b70",
                  "ref": "P237878.17.5",
                  "inst": "idanninma[be(come) strong]V",
                  "sig": "@saao/saa08%akk-x-stdbab:i-dan-nin-ma=danānu[be(come) strong//be(come) strong]V'V$idanninma",
                  "f": {
                    "lang": "akk-x-stdbab",
                    "form": "i-dan-nin-ma",
                    "cf": "danānu",
                    "gw": "be(come) strong",
                    "sense": "be(come) strong",
                    "norm": "idanninma",
                    "pos": "V",
                    "epos": "V"
                  }
                },
                {
                  "node": "l",
                  "frag": "GABA.RI",
                  "id": "P237878.l04b71",
                  "ref": "P237878.17.6",
                  "inst": "mehra[equal]N",
                  "sig": "@saao/saa08%akk-x-stdbab:GABA.RI=mehru[colleague//equal]N'N$mehra",
                  "f": {
                    "lang": "akk-x-stdbab",
                    "form": "GABA.RI",
                    "cf": "mehru",
                    "gw": "colleague",
                    "sense": "equal",
                    "norm": "mehra",
                    "pos": "N",
                    "epos": "N"
                  }
                },
                {
                  "node": "l",
                  "frag": "NU",
                  "id": "P237878.l04b72",
                  "ref": "P237878.17.7",
                  "inst": "ul[not]MOD",
                  "sig": "@saao/saa08%akk-x-stdbab:NU=ul[not//not]MOD'MOD$ul",
                  "f": {
                    "lang": "akk-x-stdbab",
                    "form": "NU",
                    "cf": "ul",
                    "gw": "not",
                    "sense": "not",
                    "norm": "ul",
                    "pos": "MOD",
                    "epos": "MOD"
                  }
                },
                {
                  "node": "l",
                  "frag": "TUK-ši",
                  "id": "P237878.l04b73",
                  "ref": "P237878.17.8",
                  "inst": "irašši[have]V",
                  "sig": "@saao/saa08%akk-x-stdbab:TUK-ši=rašû[acquire//have]V'V$irašši",
                  "f": {
                    "lang": "akk-x-stdbab",
                    "form": "TUK-ši",
                    "cf": "rašû",
                    "gw": "acquire",
                    "sense": "have",
                    "norm": "irašši",
                    "pos": "V",
                    "epos": "V"
                  }
                },
                {
                  "node": "d",
                  "type": "nonx",
                  "ref": "P237878.18",
                  "strict": "1",
                  "extent": "n",
                  "scope": "line",
                  "state": "ruling"
                },
                {
                  "node": "d",
                  "type": "line-start",
                  "ref": "P237878.19",
                  "n": "6",
                  "label": "r 6"
                },
                {
                  "node": "l",
                  "frag": "a-na",
                  "id": "P237878.l04b74",
                  "ref": "P237878.19.1",
                  "inst": "ana[to]PRP",
                  "sig": "@saao/saa08%akk-x-neobab:a-na=ana[to//to]PRP'PRP$ana",
                  "f": {
                    "lang": "akk-x-neobab",
                    "form": "a-na",
                    "cf": "ana",
                    "gw": "to",
                    "sense": "to",
                    "norm": "ana",
                    "pos": "PRP",
                    "epos": "PRP"
                  }
                },
                {
                  "node": "l",
                  "frag": "UGU",
                  "id": "P237878.l04b75",
                  "ref": "P237878.19.2",
                  "inst": "muhhi[skull]N",
                  "sig": "@saao/saa08%akk-x-neobab:UGU=muhhu[skull//skull]N'N$muhhi",
                  "f": {
                    "lang": "akk-x-neobab",
                    "form": "UGU",
                    "cf": "muhhu",
                    "gw": "skull",
                    "sense": "skull",
                    "norm": "muhhi",
                    "pos": "N",
                    "epos": "N"
                  }
                },
                {
                  "node": "l",
                  "frag": "ta-ma-ra-a-ti",
                  "id": "P237878.l04b76",
                  "ref": "P237878.19.3",
                  "inst": "+tāmartu[view(ing)//observation]N'N$tāmarāti",
                  "sig": "@saao/saa08%akk-x-neobab:ta-ma-ra-a-ti=tāmartu[view(ing)//observation]N'N$tāmarāti",
                  "f": {
                    "lang": "akk-x-neobab",
                    "form": "ta-ma-ra-a-ti",
                    "cf": "tāmartu",
                    "gw": "view(ing)",
                    "sense": "observation",
                    "norm": "tāmarāti",
                    "pos": "N",
                    "epos": "N"
                  }
                },
                {
                  "node": "l",
                  "frag": "a-gan-na-a-ti",
                  "id": "P237878.l04b77",
                  "ref": "P237878.19.4",
                  "inst": "+agannû[these]DP$agannâti",
                  "sig": "@saao/saa08%akk-x-neobab:a-gan-na-a-ti=agannû[these//these]DP'DP$agannâti",
                  "f": {
                    "lang": "akk-x-neobab",
                    "form": "a-gan-na-a-ti",
                    "cf": "agannû",
                    "gw": "these",
                    "sense": "these",
                    "norm": "agannâti",
                    "pos": "DP",
                    "epos": "DP"
                  }
                },
                {
                  "node": "d",
                  "type": "line-start",
                  "ref": "P237878.20",
                  "n": "7",
                  "label": "r 7"
                },
                {
                  "node": "l",
                  "frag": "ša₂",
                  "id": "P237878.l04b78",
                  "ref": "P237878.20.1",
                  "inst": "ša[of]DET",
                  "sig": "@saao/saa08%akk-x-neobab:ša₂=ša[of//of]DET'DET$ša",
                  "f": {
                    "lang": "akk-x-neobab",
                    "form": "ša₂",
                    "cf": "ša",
                    "gw": "of",
                    "sense": "of",
                    "norm": "ša",
                    "pos": "DET",
                    "epos": "DET"
                  }
                },
                {
                  "node": "l",
                  "frag": "{d}30",
                  "id": "P237878.l04b79",
                  "ref": "P237878.20.2",
                  "inst": "Sin[1]DN",
                  "sig": "@saao/saa08%akk-x-neobab:{d}30=Sin[1//1]DN'DN$Sin",
                  "f": {
                    "lang": "akk-x-neobab",
                    "form": "{d}30",
                    "cf": "Sin",
                    "gw": "1",
                    "sense": "1",
                    "norm": "Sin",
                    "pos": "DN",
                    "epos": "DN"
                  }
                },
                {
                  "node": "l",
                  "frag": "LUGAL⸣",
                  "id": "P237878.l04b7a",
                  "ref": "P237878.20.3",
                  "inst": "šarru[king]N",
                  "sig": "@saao/saa08%akk-x-neobab:LUGAL=šarru[king//king]N'N$šarru",
                  "f": {
                    "lang": "akk-x-neobab",
                    "form": "LUGAL",
                    "cf": "šarru",
                    "gw": "king",
                    "sense": "king",
                    "norm": "šarru",
                    "pos": "N",
                    "epos": "N"
                  }
                },
                {
                  "node": "l",
                  "frag": "la",
                  "id": "P237878.l04b7b",
                  "ref": "P237878.20.4",
                  "inst": "lā[not]MOD",
                  "sig": "@saao/saa08%akk-x-neobab:la=lā[not//not]MOD'MOD$lā",
                  "f": {
                    "lang": "akk-x-neobab",
                    "form": "la",
                    "cf": "lā",
                    "gw": "not",
                    "sense": "not",
                    "norm": "lā",
                    "pos": "MOD",
                    "epos": "MOD"
                  }
                },
                {
                  "node": "l",
                  "frag": "i-ša₂-ṭu",
                  "id": "P237878.l04b7c",
                  "ref": "P237878.20.5",
                  "inst": "+šâṭu[despise//neglect]V'V$išâṭu",
                  "sig": "@saao/saa08%akk-x-neobab:i-ša₂-ṭu=šâṭu[despise//neglect]V'V$išâṭu",
                  "f": {
                    "lang": "akk-x-neobab",
                    "form": "i-ša₂-ṭu",
                    "cf": "šâṭu",
                    "gw": "despise",
                    "sense": "neglect",
                    "norm": "išâṭu",
                    "pos": "V",
                    "epos": "V"
                  }
                },
                {
                  "node": "l",
                  "frag": "lu-u₂",
                  "id": "P237878.l04b7d",
                  "ref": "P237878.20.6",
                  "inst": "lū[or]CNJ",
                  "sig": "@saao/saa08%akk-x-neobab:lu-u₂=lū[or//or]CNJ'CNJ$lū",
                  "f": {
                    "lang": "akk-x-neobab",
                    "form": "lu-u₂",
                    "cf": "lū",
                    "gw": "or",
                    "sense": "or",
                    "norm": "lū",
                    "pos": "CNJ",
                    "epos": "CNJ"
                  }
                },
                {
                  "node": "l",
                  "frag": "NAM.BUR₂.BI",
                  "id": "P237878.l04b7e",
                  "ref": "P237878.20.7",
                  "inst": "namburbû[apotropaic ritual]N",
                  "sig": "@saao/saa08%akk-x-neobab:NAM.BUR₂.BI=namburbû[apotropaic ritual//apotropaic ritual]N'N$namburbû",
                  "f": {
                    "lang": "akk-x-neobab",
                    "form": "NAM.BUR₂.BI",
                    "cf": "namburbû",
                    "gw": "apotropaic ritual",
                    "sense": "apotropaic ritual",
                    "norm": "namburbû",
                    "pos": "N",
                    "epos": "N"
                  }
                },
                {
                  "node": "d",
                  "type": "line-start",
                  "ref": "P237878.21",
                  "n": "8",
                  "label": "r 8"
                },
                {
                  "node": "l",
                  "frag": "lu-u₂",
                  "id": "P237878.l04b7f",
                  "ref": "P237878.21.1",
                  "inst": "lū[or]CNJ",
                  "sig": "@saao/saa08%akk-x-neobab:lu-u₂=lū[or//or]CNJ'CNJ$lū",
                  "f": {
                    "lang": "akk-x-neobab",
                    "form": "lu-u₂",
                    "cf": "lū",
                    "gw": "or",
                    "sense": "or",
                    "norm": "lū",
                    "pos": "CNJ",
                    "epos": "CNJ"
                  }
                },
                {
                  "node": "l",
                  "frag": "[mim]-ma",
                  "id": "P237878.l04b80",
                  "ref": "P237878.21.2",
                  "inst": "mimma[anything]XP",
                  "sig": "@saao/saa08%akk-x-neobab:mim-ma=mimma[anything//anything]XP'XP$mimma",
                  "f": {
                    "lang": "akk-x-neobab",
                    "form": "mim-ma",
                    "cf": "mimma",
                    "gw": "anything",
                    "sense": "anything",
                    "norm": "mimma",
                    "pos": "XP",
                    "epos": "XP"
                  }
                },
                {
                  "node": "l",
                  "frag": "dul-lu",
                  "id": "P237878.l04b81",
                  "ref": "P237878.21.3",
                  "inst": "dullu[ritual]N",
                  "sig": "@saao/saa08%akk-x-neobab:dul-lu=dullu[trouble//ritual]N'N$dullu",
                  "f": {
                    "lang": "akk-x-neobab",
                    "form": "dul-lu",
                    "cf": "dullu",
                    "gw": "trouble",
                    "sense": "ritual",
                    "norm": "dullu",
                    "pos": "N",
                    "epos": "N"
                  }
                },
                {
                  "node": "l",
                  "frag": "ša₂",
                  "id": "P237878.l04b82",
                  "ref": "P237878.21.4",
                  "inst": "ša[which]REL",
                  "sig": "@saao/saa08%akk-x-neobab:ša₂=ša[that//which]REL'REL$ša",
                  "f": {
                    "lang": "akk-x-neobab",
                    "form": "ša₂",
                    "cf": "ša",
                    "gw": "that",
                    "sense": "which",
                    "norm": "ša",
                    "pos": "REL",
                    "epos": "REL"
                  }
                },
                {
                  "node": "l",
                  "frag": "a-na",
                  "id": "P237878.l04b83",
                  "ref": "P237878.21.5",
                  "inst": "ana[to]PRP",
                  "sig": "@saao/saa08%akk-x-neobab:a-na=ana[to//to]PRP'PRP$ana",
                  "f": {
                    "lang": "akk-x-neobab",
                    "form": "a-na",
                    "cf": "ana",
                    "gw": "to",
                    "sense": "to",
                    "norm": "ana",
                    "pos": "PRP",
                    "epos": "PRP"
                  }
                },
                {
                  "node": "l",
                  "frag": "UGU-hi",
                  "id": "P237878.l04b84",
                  "ref": "P237878.21.6",
                  "inst": "muhhi[skull]N",
                  "sig": "@saao/saa08%akk-x-neobab:UGU-hi=muhhu[skull//skull]N'N$muhhi",
                  "f": {
                    "lang": "akk-x-neobab",
                    "form": "UGU-hi",
                    "cf": "muhhu",
                    "gw": "skull",
                    "sense": "skull",
                    "norm": "muhhi",
                    "pos": "N",
                    "epos": "N"
                  }
                },
                {
                  "node": "l",
                  "frag": "qer-bu",
                  "id": "P237878.l04b85",
                  "ref": "P237878.21.7",
                  "inst": "+qerbu[near//pertinent]AJ'AJ$",
                  "sig": "@saao/saa08%akk-x-neobab:qer-bu=qerbu[near//pertinent]AJ'AJ$qerbu",
                  "f": {
                    "lang": "akk-x-neobab",
                    "form": "qer-bu",
                    "cf": "qerbu",
                    "gw": "near",
                    "sense": "pertinent",
                    "norm": "qerbu",
                    "pos": "AJ",
                    "epos": "AJ"
                  }
                },
                {
                  "node": "d",
                  "type": "line-start",
                  "ref": "P237878.22",
                  "n": "9",
                  "label": "r 9"
                },
                {
                  "node": "l",
                  "frag": "LUGAL",
                  "id": "P237878.l04b86",
                  "ref": "P237878.22.1",
                  "inst": "šarru[king]N",
                  "sig": "@saao/saa08%akk-x-neobab:LUGAL=šarru[king//king]N'N$šarru",
                  "f": {
                    "lang": "akk-x-neobab",
                    "form": "LUGAL",
                    "cf": "šarru",
                    "gw": "king",
                    "sense": "king",
                    "norm": "šarru",
                    "pos": "N",
                    "epos": "N"
                  }
                },
                {
                  "node": "l",
                  "frag": "li-pu-uš",
                  "id": "P237878.l04b87",
                  "ref": "P237878.22.2",
                  "inst": "līpuš[perform]V",
                  "sig": "@saao/saa08%akk-x-neobab:li-pu-uš=epēšu[do//perform]V'V$līpuš",
                  "f": {
                    "lang": "akk-x-neobab",
                    "form": "li-pu-uš",
                    "cf": "epēšu",
                    "gw": "do",
                    "sense": "perform",
                    "norm": "līpuš",
                    "pos": "V",
                    "epos": "V"
                  }
                },
                {
                  "node": "d",
                  "type": "nonx",
                  "ref": "P237878.23",
                  "strict": "1",
                  "extent": "n",
                  "scope": "line",
                  "state": "ruling"
                },
                {
                  "node": "d",
                  "type": "line-start",
                  "ref": "P237878.24",
                  "n": "10",
                  "label": "r 10"
                },
                {
                  "node": "l",
                  "frag": "ša₂",
                  "id": "P237878.l04b88",
                  "ref": "P237878.24.1",
                  "inst": "ša[from]'PRP",
                  "sig": "@saao/saa08%akk-x-neobab:ša₂=ša[of//from]DET'PRP$ša",
                  "f": {
                    "lang": "akk-x-neobab",
                    "form": "ša₂",
                    "cf": "ša",
                    "gw": "of",
                    "sense": "from",
                    "norm": "ša",
                    "pos": "DET",
                    "epos": "PRP"
                  }
                },
                {
                  "node": "l",
                  "frag": "{1}mun-na-bi-tu",
                  "id": "P237878.l04b89",
                  "ref": "P237878.24.2",
                  "inst": "Munnabitu[1]PN",
                  "sig": "@saao/saa08%akk-x-neobab:{1}mun-na-bi-tu=Munnabitu[1//1]PN'PN$Munnabitu",
                  "f": {
                    "lang": "akk-x-neobab",
                    "form": "{1}mun-na-bi-tu",
                    "cf": "Munnabitu",
                    "gw": "1",
                    "sense": "1",
                    "norm": "Munnabitu",
                    "pos": "PN",
                    "epos": "PN"
                  }
                }
              ]
            }
          ]
        }
      ]
    }
  ]
}
