{
  "type": "cdl",
  "source": "http://oracc.org/saao/saa08",
  "license": "This data is released under the CC0 license",
  "license-url": "https://creativecommons.org/publicdomain/zero/1.0/",
  "more-info": "http://oracc.org/doc/opendata/",
  "UTC-timestamp": "2017-06-10T00:46:20",
  "project": "saao/saa08",
  "textid": "P237943",
  "cdl": [
    {
      "node": "c",
      "type": "text",
      "id": "P237943.U0",
      "cdl": [
        {
          "node": "d",
          "type": "object",
          "ref": ""
        },
        {
          "node": "d",
          "subtype": "obverse",
          "type": "obverse",
          "ref": "P237943.o.1",
          "label": "o"
        },
        {
          "node": "c",
          "type": "discourse",
          "subtype": "body",
          "id": "P237943.U1",
          "cdl": [
            {
              "node": "c",
              "type": "sentence",
              "id": "P237943.U2",
              "label": "o 1 - r 1",
              "cdl": [
                {
                  "node": "d",
                  "type": "line-start",
                  "ref": "P237943.2",
                  "n": "1",
                  "label": "o 1"
                },
                {
                  "node": "l",
                  "frag": "1",
                  "id": "P237943.l063e5",
                  "ref": "P237943.2.1",
                  "inst": "n",
                  "f": {
                    "lang": "akk-x-stdbab",
                    "form": "1",
                    "pos": "n"
                  }
                },
                {
                  "node": "l",
                  "frag": "MUL]-GAL",
                  "id": "P237943.l063e6",
                  "ref": "P237943.2.2",
                  "inst": "kakkabu-rabû[meteor]N",
                  "sig": "@saao/saa08%akk-x-stdbab:MUL-GAL=kakkabu-rabû[meteor//meteor]N'N$kakkabu-rabû",
                  "f": {
                    "lang": "akk-x-stdbab",
                    "form": "MUL-GAL",
                    "cf": "kakkabu-rabû",
                    "gw": "meteor",
                    "sense": "meteor",
                    "norm": "kakkabu-rabû",
                    "pos": "N",
                    "epos": "N"
                  }
                },
                {
                  "node": "l",
                  "frag": "TA",
                  "id": "P237943.l063e7",
                  "ref": "P237943.2.3",
                  "inst": "ultu[from]PRP",
                  "sig": "@saao/saa08%akk-x-stdbab:TA=ištu[from//from]PRP'PRP$ultu",
                  "f": {
                    "lang": "akk-x-stdbab",
                    "form": "TA",
                    "cf": "ištu",
                    "gw": "from",
                    "sense": "from",
                    "norm": "ultu",
                    "pos": "PRP",
                    "epos": "PRP"
                  }
                },
                {
                  "node": "l",
                  "frag": "{d}UTU.⸢E₃⸣.[A]",
                  "id": "P237943.l063e8",
                  "ref": "P237943.2.4",
                  "inst": "ṣīt-šamši[east]N",
                  "sig": "@saao/saa08%akk-x-stdbab:{d}UTU.E₃.A=ṣīt-šamši[sunrise//east]N'N$ṣīt-šamši",
                  "f": {
                    "lang": "akk-x-stdbab",
                    "form": "{d}UTU.E₃.A",
                    "cf": "ṣīt-šamši",
                    "gw": "sunrise",
                    "sense": "east",
                    "norm": "ṣīt-šamši",
                    "pos": "N",
                    "epos": "N"
                  }
                },
                {
                  "node": "d",
                  "type": "line-start",
                  "ref": "P237943.3",
                  "n": "2",
                  "label": "o 2"
                },
                {
                  "node": "l",
                  "frag": "a-na",
                  "id": "P237943.l063e9",
                  "ref": "P237943.3.1",
                  "inst": "ana[to]PRP",
                  "sig": "@saao/saa08%akk-x-stdbab:a-na=ana[to//to]PRP'PRP$ana",
                  "f": {
                    "lang": "akk-x-stdbab",
                    "form": "a-na",
                    "cf": "ana",
                    "gw": "to",
                    "sense": "to",
                    "norm": "ana",
                    "pos": "PRP",
                    "epos": "PRP"
                  }
                },
                {
                  "node": "l",
                  "frag": "{d}UTU.ŠU₂.A",
                  "id": "P237943.l063ea",
                  "ref": "P237943.3.2",
                  "inst": "erēb-šamši[west]N",
                  "sig": "@saao/saa08%akk-x-stdbab:{d}UTU.ŠU₂.A=erēb-šamši[west//west]N'N$erēb-šamši",
                  "f": {
                    "lang": "akk-x-stdbab",
                    "form": "{d}UTU.ŠU₂.A",
                    "cf": "erēb-šamši",
                    "gw": "west",
                    "sense": "west",
                    "norm": "erēb-šamši",
                    "pos": "N",
                    "epos": "N"
                  }
                },
                {
                  "node": "l",
                  "frag": "SUR-ma",
                  "id": "P237943.l063eb",
                  "ref": "P237943.3.3",
                  "inst": "imšuhma[produce a luminous phenomenon]V",
                  "sig": "@saao/saa08%akk-x-stdbab:SUR-ma=mašāhu[flash//produce a luminous phenomenon]V'V$imšuhma",
                  "f": {
                    "lang": "akk-x-stdbab",
                    "form": "SUR-ma",
                    "cf": "mašāhu",
                    "gw": "flash",
                    "sense": "produce a luminous phenomenon",
                    "norm": "imšuhma",
                    "pos": "V",
                    "epos": "V"
                  }
                },
                {
                  "node": "d",
                  "type": "line-start",
                  "ref": "P237943.4",
                  "n": "3",
                  "label": "o 3"
                },
                {
                  "node": "l",
                  "frag": "mi-ših-šu₂",
                  "id": "P237943.l063ec",
                  "ref": "P237943.4.1",
                  "inst": "mišihšu[train of meteor]N",
                  "sig": "@saao/saa08%akk-x-stdbab:mi-ših-šu₂=mišhu[flash//train of meteor]N'N$mišihšu",
                  "f": {
                    "lang": "akk-x-stdbab",
                    "form": "mi-ših-šu₂",
                    "cf": "mišhu",
                    "gw": "flash",
                    "sense": "train of meteor",
                    "norm": "mišihšu",
                    "pos": "N",
                    "epos": "N"
                  }
                },
                {
                  "node": "l",
                  "frag": "u₂-mar-ri-ma",
                  "id": "P237943.l063ed",
                  "ref": "P237943.4.2",
                  "inst": "umarrīma[interrupt]V",
                  "sig": "@saao/saa08%akk-x-stdbab:u₂-mar-ri-ma=arû[cut off//interrupt]V'V$umarrīma",
                  "f": {
                    "lang": "akk-x-stdbab",
                    "form": "u₂-mar-ri-ma",
                    "cf": "arû",
                    "gw": "cut off",
                    "sense": "interrupt",
                    "norm": "umarrīma",
                    "pos": "V",
                    "epos": "V"
                  }
                },
                {
                  "node": "d",
                  "type": "line-start",
                  "ref": "P237943.5",
                  "n": "4",
                  "label": "o 4"
                },
                {
                  "node": "l",
                  "frag": "GAR-un",
                  "id": "P237943.l063ee",
                  "ref": "P237943.5.1",
                  "inst": "iškun[put]V",
                  "sig": "@saao/saa08%akk-x-stdbab:GAR-un=šakānu[put//place]V'V$iškun",
                  "f": {
                    "lang": "akk-x-stdbab",
                    "form": "GAR-un",
                    "cf": "šakānu",
                    "gw": "put",
                    "sense": "place",
                    "norm": "iškun",
                    "pos": "V",
                    "epos": "V"
                  }
                },
                {
                  "node": "l",
                  "frag": "ERIM",
                  "id": "P237943.l063ef",
                  "ref": "P237943.5.2",
                  "inst": "ummān[army]N",
                  "sig": "@saao/saa08%akk-x-stdbab:ERIM=ummānu[army//army]N'N$ummān",
                  "f": {
                    "lang": "akk-x-stdbab",
                    "form": "ERIM",
                    "cf": "ummānu",
                    "gw": "army",
                    "sense": "army",
                    "norm": "ummān",
                    "pos": "N",
                    "epos": "N"
                  }
                },
                {
                  "node": "l",
                  "frag": "KUR₂",
                  "id": "P237943.l063f0",
                  "ref": "P237943.5.3",
                  "inst": "nakri[enemy]'N",
                  "sig": "@saao/saa08%akk-x-stdbab:KUR₂=nakru[strange//enemy]AJ'N$nakri",
                  "f": {
                    "lang": "akk-x-stdbab",
                    "form": "KUR₂",
                    "cf": "nakru",
                    "gw": "strange",
                    "sense": "enemy",
                    "norm": "nakri",
                    "pos": "AJ",
                    "epos": "N"
                  }
                },
                {
                  "node": "l",
                  "frag": "ina",
                  "id": "P237943.l063f1",
                  "ref": "P237943.5.4",
                  "inst": "ina[in]PRP",
                  "sig": "@saao/saa08%akk-x-stdbab:ina=ina[in//in]PRP'PRP$ina",
                  "f": {
                    "lang": "akk-x-stdbab",
                    "form": "ina",
                    "cf": "ina",
                    "gw": "in",
                    "sense": "in",
                    "norm": "ina",
                    "pos": "PRP",
                    "epos": "PRP"
                  }
                },
                {
                  "node": "l",
                  "frag": "DUGUD-šu₂",
                  "id": "P237943.l063f2",
                  "ref": "P237943.5.5",
                  "inst": "kabittīšu[main (army)]N",
                  "sig": "@saao/saa08%akk-x-stdbab:DUGUD-šu₂=kabittu[main body (of troops)//main (army)]N'N$kabittīšu",
                  "f": {
                    "lang": "akk-x-stdbab",
                    "form": "DUGUD-šu₂",
                    "cf": "kabittu",
                    "gw": "main body (of troops)",
                    "sense": "main (army)",
                    "norm": "kabittīšu",
                    "pos": "N",
                    "epos": "N"
                  }
                },
                {
                  "node": "d",
                  "type": "line-start",
                  "ref": "P237943.6",
                  "n": "5",
                  "label": "o 5"
                },
                {
                  "node": "l",
                  "frag": "ŠUB-ut",
                  "id": "P237943.l063f3",
                  "ref": "P237943.6.1",
                  "inst": "imaqqut[fall]V",
                  "sig": "@saao/saa08%akk-x-stdbab:ŠUB-ut=maqātu[fall//fall]V'V$imaqqut",
                  "f": {
                    "lang": "akk-x-stdbab",
                    "form": "ŠUB-ut",
                    "cf": "maqātu",
                    "gw": "fall",
                    "sense": "fall",
                    "norm": "imaqqut",
                    "pos": "V",
                    "epos": "V"
                  }
                },
                {
                  "node": "d",
                  "type": "nonx",
                  "ref": "P237943.7",
                  "strict": "1",
                  "extent": "n",
                  "scope": "line",
                  "state": "ruling"
                },
                {
                  "node": "d",
                  "subtype": "reverse",
                  "type": "reverse",
                  "ref": "P237943.r.8",
                  "label": "r"
                },
                {
                  "node": "d",
                  "type": "line-start",
                  "ref": "P237943.9",
                  "n": "1",
                  "label": "r 1"
                },
                {
                  "node": "l",
                  "frag": "[ša₂",
                  "id": "P237943.l063f4",
                  "ref": "P237943.9.1",
                  "inst": "ša[from]'PRP",
                  "sig": "@saao/saa08%akk-x-neobab:ša₂=ša[of//from]DET'PRP$ša",
                  "f": {
                    "lang": "akk-x-neobab",
                    "form": "ša₂",
                    "cf": "ša",
                    "gw": "of",
                    "sense": "from",
                    "norm": "ša",
                    "pos": "DET",
                    "epos": "PRP"
                  }
                },
                {
                  "node": "l",
                  "frag": "{1}{d]}AG-iq-bi",
                  "id": "P237943.l063f5",
                  "ref": "P237943.9.2",
                  "inst": "Nabu-iqbi[1]PN",
                  "sig": "@saao/saa08%akk-x-neobab:{1}{d}AG-iq-bi=Nabu-iqbi[1//1]PN'PN$Nabu-iqbi",
                  "f": {
                    "lang": "akk-x-neobab",
                    "form": "{1}{d}AG-iq-bi",
                    "cf": "Nabu-iqbi",
                    "gw": "1",
                    "sense": "1",
                    "norm": "Nabu-iqbi",
                    "pos": "PN",
                    "epos": "PN"
                  }
                }
              ]
            }
          ]
        }
      ]
    }
  ]
}
