{
  "type": "cdl",
  "source": "http://oracc.org/saao/saa08",
  "license": "This data is released under the CC0 license",
  "license-url": "https://creativecommons.org/publicdomain/zero/1.0/",
  "more-info": "http://oracc.org/doc/opendata/",
  "UTC-timestamp": "2017-06-10T00:45:38",
  "project": "saao/saa08",
  "textid": "P238062",
  "cdl": [
    {
      "node": "c",
      "type": "text",
      "id": "P238062.U0",
      "cdl": [
        {
          "node": "d",
          "type": "object",
          "ref": ""
        },
        {
          "node": "d",
          "subtype": "obverse",
          "type": "obverse",
          "ref": "P238062.o.1",
          "label": "o"
        },
        {
          "node": "c",
          "type": "discourse",
          "subtype": "body",
          "id": "P238062.U1",
          "cdl": [
            {
              "node": "c",
              "type": "sentence",
              "id": "P238062.U2",
              "label": "o 1 - r 1",
              "cdl": [
                {
                  "node": "d",
                  "type": "line-start",
                  "ref": "P238062.2",
                  "n": "1",
                  "label": "o 1"
                },
                {
                  "node": "l",
                  "frag": "1",
                  "id": "P238062.l066be",
                  "ref": "P238062.2.1",
                  "inst": "n",
                  "f": {
                    "lang": "akk-x-stdbab",
                    "form": "1",
                    "pos": "n"
                  }
                },
                {
                  "node": "l",
                  "frag": "ina",
                  "id": "P238062.l066bf",
                  "ref": "P238062.2.2",
                  "inst": "ina[in]PRP",
                  "sig": "@saao/saa08%akk-x-stdbab:ina=ina[in//in]PRP'PRP$ina",
                  "f": {
                    "lang": "akk-x-stdbab",
                    "form": "ina",
                    "cf": "ina",
                    "gw": "in",
                    "sense": "in",
                    "norm": "ina",
                    "pos": "PRP",
                    "epos": "PRP"
                  }
                },
                {
                  "node": "l",
                  "frag": "{iti}ŠE",
                  "id": "P238062.l066c0",
                  "ref": "P238062.2.3",
                  "inst": "Addari[Adar]MN",
                  "sig": "@saao/saa08%akk-x-stdbab:{ITI}ŠE=Addaru[Adar//Adar]MN'MN$Addari",
                  "f": {
                    "lang": "akk-x-stdbab",
                    "form": "{ITI}ŠE",
                    "cf": "Addaru",
                    "gw": "Adar",
                    "sense": "Adar",
                    "norm": "Addari",
                    "pos": "MN",
                    "epos": "MN"
                  }
                },
                {
                  "node": "l",
                  "frag": "IM.DUGUD",
                  "id": "P238062.l066c1",
                  "ref": "P238062.2.4",
                  "inst": "imbāru[fog]N",
                  "sig": "@saao/saa08%akk-x-stdbab:IM.DUGUD=imbaru[fog//fog]N'N$imbāru",
                  "f": {
                    "lang": "akk-x-stdbab",
                    "form": "IM.DUGUD",
                    "cf": "imbaru",
                    "gw": "fog",
                    "sense": "fog",
                    "norm": "imbāru",
                    "pos": "N",
                    "epos": "N"
                  }
                },
                {
                  "node": "l",
                  "frag": "iq-tur",
                  "id": "P238062.l066c2",
                  "ref": "P238062.2.5",
                  "inst": "iqtur[roll in]V",
                  "sig": "@saao/saa08%akk-x-stdbab:iq-tur=qatāru[smoke//roll in]V'V$iqtur",
                  "f": {
                    "lang": "akk-x-stdbab",
                    "form": "iq-tur",
                    "cf": "qatāru",
                    "gw": "smoke",
                    "sense": "roll in",
                    "norm": "iqtur",
                    "pos": "V",
                    "epos": "V"
                  }
                },
                {
                  "node": "d",
                  "type": "line-start",
                  "ref": "P238062.3",
                  "n": "2",
                  "label": "o 2"
                },
                {
                  "node": "l",
                  "frag": "KUR",
                  "id": "P238062.l066c3",
                  "ref": "P238062.3.1",
                  "inst": "mātu[land]N",
                  "sig": "@saao/saa08%akk-x-stdbab:KUR=mātu[land//land]N'N$māti",
                  "f": {
                    "lang": "akk-x-stdbab",
                    "form": "KUR",
                    "cf": "mātu",
                    "gw": "land",
                    "sense": "land",
                    "norm": "māti",
                    "pos": "N",
                    "epos": "N"
                  }
                },
                {
                  "node": "l",
                  "frag": "⸢ar₂⸣-bu-tu",
                  "id": "P238062.l066c4",
                  "ref": "P238062.3.2",
                  "inst": "arbūtu[desolation]N",
                  "sig": "@saao/saa08%akk-x-stdbab:ar₂-bu-tu=arbūtu[desolation//desolation]N'N$arbūtu",
                  "f": {
                    "lang": "akk-x-stdbab",
                    "form": "ar₂-bu-tu",
                    "cf": "arbūtu",
                    "gw": "desolation",
                    "sense": "desolation",
                    "norm": "arbūtu",
                    "pos": "N",
                    "epos": "N"
                  }
                },
                {
                  "node": "l",
                  "frag": "DU-ak",
                  "id": "P238062.l066c5",
                  "ref": "P238062.3.3",
                  "inst": "illak[go]V",
                  "sig": "@saao/saa08%akk-x-stdbab:DU-ak=alāku[go//go]V'V$illak",
                  "f": {
                    "lang": "akk-x-stdbab",
                    "form": "DU-ak",
                    "cf": "alāku",
                    "gw": "go",
                    "sense": "go",
                    "norm": "illak",
                    "pos": "V",
                    "epos": "V"
                  }
                },
                {
                  "node": "d",
                  "type": "line-start",
                  "ref": "P238062.4",
                  "n": "3",
                  "label": "o 3"
                },
                {
                  "node": "l",
                  "frag": "1",
                  "id": "P238062.l066c6",
                  "ref": "P238062.4.1",
                  "inst": "n",
                  "f": {
                    "lang": "akk-x-stdbab",
                    "form": "1",
                    "pos": "n"
                  }
                },
                {
                  "node": "l",
                  "frag": "{d}TIR.AN.NA",
                  "id": "P238062.l066c7",
                  "ref": "P238062.4.2",
                  "inst": "manzât[rainbow]N",
                  "sig": "@saao/saa08%akk-x-stdbab:{d}TIR.AN.NA=Manziat[rainbow//rainbow]N'N$manzât",
                  "f": {
                    "lang": "akk-x-stdbab",
                    "form": "{d}TIR.AN.NA",
                    "cf": "Manziat",
                    "gw": "rainbow",
                    "sense": "rainbow",
                    "norm": "manzât",
                    "pos": "N",
                    "epos": "N"
                  }
                },
                {
                  "node": "l",
                  "frag": "ul-tu",
                  "id": "P238062.l066c8",
                  "ref": "P238062.4.3",
                  "inst": "ultu[from]PRP",
                  "sig": "@saao/saa08%akk-x-stdbab:ul-tu=ištu[from//from]PRP'PRP$ultu",
                  "f": {
                    "lang": "akk-x-stdbab",
                    "form": "ul-tu",
                    "cf": "ištu",
                    "gw": "from",
                    "sense": "from",
                    "norm": "ultu",
                    "pos": "PRP",
                    "epos": "PRP"
                  }
                },
                {
                  "node": "l",
                  "frag": "AN.PA",
                  "id": "P238062.l066c9",
                  "ref": "P238062.4.4",
                  "inst": "elât-šamê[zenith]N",
                  "sig": "@saao/saa08%akk-x-stdbab:AN.PA=elât-šamê[zenith//zenith]N'N$elât-šamê",
                  "f": {
                    "lang": "akk-x-stdbab",
                    "form": "AN.PA",
                    "cf": "elât-šamê",
                    "gw": "zenith",
                    "sense": "zenith",
                    "norm": "elât-šamê",
                    "pos": "N",
                    "epos": "N"
                  }
                },
                {
                  "node": "d",
                  "type": "line-start",
                  "ref": "P238062.5",
                  "n": "4",
                  "label": "o 4"
                },
                {
                  "node": "l",
                  "frag": "ana",
                  "id": "P238062.l066ca",
                  "ref": "P238062.5.1",
                  "inst": "ana[to]PRP",
                  "sig": "@saao/saa08%akk-x-stdbab:ana=ana[to//to]PRP'PRP$ana",
                  "f": {
                    "lang": "akk-x-stdbab",
                    "form": "ana",
                    "cf": "ana",
                    "gw": "to",
                    "sense": "to",
                    "norm": "ana",
                    "pos": "PRP",
                    "epos": "PRP"
                  }
                },
                {
                  "node": "l",
                  "frag": "AN.UR₂",
                  "id": "P238062.l066cb",
                  "ref": "P238062.5.2",
                  "inst": "+išid-šamê[horizon]N$",
                  "sig": "@saao/saa08%akk-x-stdbab:AN.UR₂=išid-šamê[horizon//horizon]N'N$išid-šamê",
                  "f": {
                    "lang": "akk-x-stdbab",
                    "form": "AN.UR₂",
                    "cf": "išid-šamê",
                    "gw": "horizon",
                    "sense": "horizon",
                    "norm": "išid-šamê",
                    "pos": "N",
                    "epos": "N"
                  }
                },
                {
                  "node": "l",
                  "frag": "GIL",
                  "id": "P238062.l066cc",
                  "ref": "P238062.5.3",
                  "inst": "iprik[stretch]V",
                  "sig": "@saao/saa08%akk-x-stdbab:GIL=parāku[lie across//stretch]V'V$iprik",
                  "f": {
                    "lang": "akk-x-stdbab",
                    "form": "GIL",
                    "cf": "parāku",
                    "gw": "lie across",
                    "sense": "stretch",
                    "norm": "iprik",
                    "pos": "V",
                    "epos": "V"
                  }
                },
                {
                  "node": "l",
                  "frag": "{d}IM",
                  "id": "P238062.l066cd",
                  "ref": "P238062.5.4",
                  "inst": "Adad[1]DN",
                  "sig": "@saao/saa08%akk-x-stdbab:{d}IM=Adad[1//1]DN'DN$Adad",
                  "f": {
                    "lang": "akk-x-stdbab",
                    "form": "{d}IM",
                    "cf": "Adad",
                    "gw": "1",
                    "sense": "1",
                    "norm": "Adad",
                    "pos": "DN",
                    "epos": "DN"
                  }
                },
                {
                  "node": "l",
                  "frag": "NU",
                  "id": "P238062.l066ce",
                  "ref": "P238062.5.5",
                  "inst": "ul[not]MOD",
                  "sig": "@saao/saa08%akk-x-stdbab:NU=ul[not//not]MOD'MOD$ul",
                  "f": {
                    "lang": "akk-x-stdbab",
                    "form": "NU",
                    "cf": "ul",
                    "gw": "not",
                    "sense": "not",
                    "norm": "ul",
                    "pos": "MOD",
                    "epos": "MOD"
                  }
                },
                {
                  "node": "l",
                  "frag": "RA-iṣ",
                  "id": "P238062.l066cf",
                  "ref": "P238062.5.6",
                  "inst": "irahhiṣ[devastate]V",
                  "sig": "@saao/saa08%akk-x-stdbab:RA-iṣ=rahāṣu[flood//devastate]V'V$irahhiṣ",
                  "f": {
                    "lang": "akk-x-stdbab",
                    "form": "RA-iṣ",
                    "cf": "rahāṣu",
                    "gw": "flood",
                    "sense": "devastate",
                    "norm": "irahhiṣ",
                    "pos": "V",
                    "epos": "V"
                  }
                },
                {
                  "node": "d",
                  "type": "line-start",
                  "ref": "P238062.6",
                  "n": "5",
                  "label": "o 5"
                },
                {
                  "node": "l",
                  "frag": "1",
                  "id": "P238062.l066d0",
                  "ref": "P238062.6.1",
                  "inst": "n",
                  "f": {
                    "lang": "akk-x-stdbab",
                    "form": "1",
                    "pos": "n"
                  }
                },
                {
                  "node": "l",
                  "frag": "{d}TIR.AN.NA",
                  "id": "P238062.l066d1",
                  "ref": "P238062.6.2",
                  "inst": "manzât[rainbow]N",
                  "sig": "@saao/saa08%akk-x-stdbab:{d}TIR.AN.NA=Manziat[rainbow//rainbow]N'N$manzât",
                  "f": {
                    "lang": "akk-x-stdbab",
                    "form": "{d}TIR.AN.NA",
                    "cf": "Manziat",
                    "gw": "rainbow",
                    "sense": "rainbow",
                    "norm": "manzât",
                    "pos": "N",
                    "epos": "N"
                  }
                },
                {
                  "node": "l",
                  "frag": "UGU",
                  "id": "P238062.l066d2",
                  "ref": "P238062.6.3",
                  "inst": "+eli[on//over]PRP'PRP$",
                  "sig": "@saao/saa08%akk-x-stdbab:UGU=eli[on//over]PRP'PRP$eli",
                  "f": {
                    "lang": "akk-x-stdbab",
                    "form": "UGU",
                    "cf": "eli",
                    "gw": "on",
                    "sense": "over",
                    "norm": "eli",
                    "pos": "PRP",
                    "epos": "PRP"
                  }
                },
                {
                  "node": "l",
                  "frag": "URU",
                  "id": "P238062.l066d3",
                  "ref": "P238062.6.4",
                  "inst": "āli[city]N",
                  "sig": "@saao/saa08%akk-x-stdbab:URU=ālu[city//city]N'N$āli",
                  "f": {
                    "lang": "akk-x-stdbab",
                    "form": "URU",
                    "cf": "ālu",
                    "gw": "city",
                    "sense": "city",
                    "norm": "āli",
                    "pos": "N",
                    "epos": "N"
                  }
                },
                {
                  "node": "l",
                  "frag": "GIL",
                  "id": "P238062.l066d4",
                  "ref": "P238062.6.5",
                  "inst": "iprik[stretch]V",
                  "sig": "@saao/saa08%akk-x-stdbab:GIL=parāku[lie across//stretch]V'V$iprik",
                  "f": {
                    "lang": "akk-x-stdbab",
                    "form": "GIL",
                    "cf": "parāku",
                    "gw": "lie across",
                    "sense": "stretch",
                    "norm": "iprik",
                    "pos": "V",
                    "epos": "V"
                  }
                },
                {
                  "node": "d",
                  "type": "line-start",
                  "ref": "P238062.7",
                  "n": "6",
                  "label": "o 6"
                },
                {
                  "node": "l",
                  "frag": "URU",
                  "id": "P238062.l066d5",
                  "ref": "P238062.7.1",
                  "inst": "ālu[city]N",
                  "sig": "@saao/saa08%akk-x-stdbab:URU=ālu[city//city]N'N$ālu",
                  "f": {
                    "lang": "akk-x-stdbab",
                    "form": "URU",
                    "cf": "ālu",
                    "gw": "city",
                    "sense": "city",
                    "norm": "ālu",
                    "pos": "N",
                    "epos": "N"
                  }
                },
                {
                  "node": "l",
                  "frag": "LUGAL",
                  "id": "P238062.l066d6",
                  "ref": "P238062.7.2",
                  "inst": "šarru[king]N",
                  "sig": "@saao/saa08%akk-x-stdbab:LUGAL=šarru[king//king]N'N$šarru",
                  "f": {
                    "lang": "akk-x-stdbab",
                    "form": "LUGAL",
                    "cf": "šarru",
                    "gw": "king",
                    "sense": "king",
                    "norm": "šarru",
                    "pos": "N",
                    "epos": "N"
                  }
                },
                {
                  "node": "l",
                  "frag": "u",
                  "id": "P238062.l066d7",
                  "ref": "P238062.7.3",
                  "inst": "u[and]CNJ",
                  "sig": "@saao/saa08%akk-x-stdbab:u=u[and//and]CNJ'CNJ$u",
                  "f": {
                    "lang": "akk-x-stdbab",
                    "form": "u",
                    "cf": "u",
                    "gw": "and",
                    "sense": "and",
                    "norm": "u",
                    "pos": "CNJ",
                    "epos": "CNJ"
                  }
                },
                {
                  "node": "l",
                  "frag": "NUN-MEŠ-šu₂",
                  "id": "P238062.l066d8",
                  "ref": "P238062.7.4",
                  "inst": "+rubû[prince//noble]N'N$rubêšu",
                  "sig": "@saao/saa08%akk-x-stdbab:NUN-MEŠ-šu₂=rubû[prince//noble]N'N$rubêšu",
                  "f": {
                    "lang": "akk-x-stdbab",
                    "form": "NUN-MEŠ-šu₂",
                    "cf": "rubû",
                    "gw": "prince",
                    "sense": "noble",
                    "norm": "rubêšu",
                    "pos": "N",
                    "epos": "N"
                  }
                },
                {
                  "node": "l",
                  "frag": "šal-mu",
                  "id": "P238062.l066d9",
                  "ref": "P238062.7.5",
                  "inst": "+šalmu[intact//safe]AJ'AJ$šalmū",
                  "sig": "@saao/saa08%akk-x-stdbab:šal-mu=šalmu[intact//safe]AJ'AJ$šalmū",
                  "f": {
                    "lang": "akk-x-stdbab",
                    "form": "šal-mu",
                    "cf": "šalmu",
                    "gw": "intact",
                    "sense": "safe",
                    "norm": "šalmū",
                    "pos": "AJ",
                    "epos": "AJ"
                  }
                },
                {
                  "node": "d",
                  "type": "nonx",
                  "ref": "P238062.8",
                  "strict": "1",
                  "extent": "n",
                  "scope": "line",
                  "state": "ruling"
                },
                {
                  "node": "d",
                  "subtype": "reverse",
                  "type": "reverse",
                  "ref": "P238062.r.9",
                  "label": "r"
                },
                {
                  "node": "d",
                  "type": "line-start",
                  "ref": "P238062.10",
                  "n": "1",
                  "label": "r 1"
                },
                {
                  "node": "l",
                  "frag": "ša₂",
                  "id": "P238062.l066da",
                  "ref": "P238062.10.1",
                  "inst": "ša[from]'PRP",
                  "sig": "@saao/saa08%akk-x-neobab:ša₂=ša[of//from]DET'PRP$ša",
                  "f": {
                    "lang": "akk-x-neobab",
                    "form": "ša₂",
                    "cf": "ša",
                    "gw": "of",
                    "sense": "from",
                    "norm": "ša",
                    "pos": "DET",
                    "epos": "PRP"
                  }
                },
                {
                  "node": "l",
                  "frag": "{1}ŠEŠ-MEŠ-ša₂-a",
                  "id": "P238062.l066db",
                  "ref": "P238062.10.2",
                  "inst": "Ahheša[1]PN",
                  "sig": "@saao/saa08%akk-x-neobab:{1}ŠEŠ-MEŠ-ša₂-a=Ahheša[1//1]PN'PN$Ahheša",
                  "f": {
                    "lang": "akk-x-neobab",
                    "form": "{1}ŠEŠ-MEŠ-ša₂-a",
                    "cf": "Ahheša",
                    "gw": "1",
                    "sense": "1",
                    "norm": "Ahheša",
                    "pos": "PN",
                    "epos": "PN"
                  }
                },
                {
                  "node": "l",
                  "frag": "{lu₂}UNUG{ki}a.a",
                  "id": "P238062.l066dc",
                  "ref": "P238062.10.3",
                  "inst": "Urukaya[Urukean]EN",
                  "sig": "@saao/saa08%akk-x-neobab:{LU₂}UNUG{KI}-a.a=Urukaya[Urukean//Urukean]EN'EN$Urukaya",
                  "f": {
                    "lang": "akk-x-neobab",
                    "form": "{LU₂}UNUG{KI}-a.a",
                    "cf": "Urukaya",
                    "gw": "Urukean",
                    "sense": "Urukean",
                    "norm": "Urukaya",
                    "pos": "EN",
                    "epos": "EN"
                  }
                }
              ]
            }
          ]
        }
      ]
    }
  ]
}
