{
  "type": "cdl",
  "source": "http://oracc.org/saao/saa08",
  "license": "This data is released under the CC0 license",
  "license-url": "https://creativecommons.org/publicdomain/zero/1.0/",
  "more-info": "http://oracc.org/doc/opendata/",
  "UTC-timestamp": "2017-06-10T00:45:33",
  "project": "saao/saa08",
  "textid": "P240304",
  "cdl": [
    {
      "node": "c",
      "type": "text",
      "id": "P240304.U0",
      "cdl": [
        {
          "node": "d",
          "type": "object",
          "ref": ""
        },
        {
          "node": "d",
          "subtype": "obverse",
          "type": "obverse",
          "ref": "P240304.o.1",
          "label": "o"
        },
        {
          "node": "c",
          "type": "discourse",
          "subtype": "body",
          "id": "P240304.U1",
          "cdl": [
            {
              "node": "c",
              "type": "sentence",
              "id": "P240304.U2",
              "label": "o 1 - b.e. 7",
              "cdl": [
                {
                  "node": "d",
                  "type": "line-start",
                  "ref": "P240304.2",
                  "n": "1",
                  "label": "o 1"
                },
                {
                  "node": "l",
                  "frag": "1",
                  "id": "P240304.l07a7e",
                  "ref": "P240304.2.1",
                  "inst": "n",
                  "f": {
                    "lang": "akk-x-stdbab",
                    "form": "1",
                    "pos": "n"
                  }
                },
                {
                  "node": "l",
                  "frag": "30",
                  "id": "P240304.l07a7f",
                  "ref": "P240304.2.2",
                  "inst": "Sin[1]DN",
                  "sig": "@saao/saa08%akk-x-stdbab:30=Sin[1//1]DN'DN$Sin",
                  "f": {
                    "lang": "akk-x-stdbab",
                    "form": "30",
                    "cf": "Sin",
                    "gw": "1",
                    "sense": "1",
                    "norm": "Sin",
                    "pos": "DN",
                    "epos": "DN"
                  }
                },
                {
                  "node": "l",
                  "frag": "TUR₃",
                  "id": "P240304.l07a80",
                  "ref": "P240304.2.3",
                  "inst": "tarbāṣu[halo]N",
                  "sig": "@saao/saa08%akk-x-stdbab:TUR₃=tarbaṣu[courtyard//halo]N'N$tarbāṣu",
                  "f": {
                    "lang": "akk-x-stdbab",
                    "form": "TUR₃",
                    "cf": "tarbaṣu",
                    "gw": "courtyard",
                    "sense": "halo",
                    "norm": "tarbāṣu",
                    "pos": "N",
                    "epos": "N"
                  }
                },
                {
                  "node": "l",
                  "frag": "NIGIN₂]-⸢ma⸣",
                  "id": "P240304.l07a81",
                  "ref": "P240304.2.4",
                  "inst": "ilmīma[surround]V",
                  "sig": "@saao/saa08%akk-x-stdbab:NIGIN₂-ma=lawû[surround//surround]V'V$ilmīma",
                  "f": {
                    "lang": "akk-x-stdbab",
                    "form": "NIGIN₂-ma",
                    "cf": "lawû",
                    "gw": "surround",
                    "sense": "surround",
                    "norm": "ilmīma",
                    "pos": "V",
                    "epos": "V"
                  }
                },
                {
                  "node": "l",
                  "frag": "02",
                  "id": "P240304.l07a82",
                  "ref": "P240304.2.5",
                  "inst": "n",
                  "f": {
                    "lang": "akk-x-stdbab",
                    "form": "02",
                    "pos": "n"
                  }
                },
                {
                  "node": "l",
                  "frag": "MUL-MEŠ",
                  "id": "P240304.l07a83",
                  "ref": "P240304.2.6",
                  "inst": "kakkabī[star]N",
                  "sig": "@saao/saa08%akk-x-stdbab:MUL-MEŠ=kakkabu[star//star]N'N$kakkabī",
                  "f": {
                    "lang": "akk-x-stdbab",
                    "form": "MUL-MEŠ",
                    "cf": "kakkabu",
                    "gw": "star",
                    "sense": "star",
                    "norm": "kakkabī",
                    "pos": "N",
                    "epos": "N"
                  }
                },
                {
                  "node": "d",
                  "type": "line-start",
                  "ref": "P240304.3",
                  "n": "2",
                  "label": "o 2"
                },
                {
                  "node": "l",
                  "frag": "[ina",
                  "id": "P240304.l07a84",
                  "ref": "P240304.3.1",
                  "inst": "ina[in]PRP",
                  "sig": "@saao/saa08%akk-x-stdbab:ina=ina[in//in]PRP'PRP$ina",
                  "f": {
                    "lang": "akk-x-stdbab",
                    "form": "ina",
                    "cf": "ina",
                    "gw": "in",
                    "sense": "in",
                    "norm": "ina",
                    "pos": "PRP",
                    "epos": "PRP"
                  }
                },
                {
                  "node": "l",
                  "frag": "ŠA₃",
                  "id": "P240304.l07a85",
                  "ref": "P240304.3.2",
                  "inst": "libbi[interior]N",
                  "sig": "@saao/saa08%akk-x-stdbab:ŠA₃=libbu[interior//interior]N'N$libbi",
                  "f": {
                    "lang": "akk-x-stdbab",
                    "form": "ŠA₃",
                    "cf": "libbu",
                    "gw": "interior",
                    "sense": "interior",
                    "norm": "libbi",
                    "pos": "N",
                    "epos": "N"
                  }
                },
                {
                  "node": "l",
                  "frag": "TUR₃",
                  "id": "P240304.l07a86",
                  "ref": "P240304.3.3",
                  "inst": "tarbāṣi[halo]N",
                  "sig": "@saao/saa08%akk-x-stdbab:TUR₃=tarbaṣu[courtyard//halo]N'N$tarbāṣi",
                  "f": {
                    "lang": "akk-x-stdbab",
                    "form": "TUR₃",
                    "cf": "tarbaṣu",
                    "gw": "courtyard",
                    "sense": "halo",
                    "norm": "tarbāṣi",
                    "pos": "N",
                    "epos": "N"
                  }
                },
                {
                  "node": "l",
                  "frag": "KI",
                  "id": "P240304.l07a87",
                  "ref": "P240304.3.4",
                  "inst": "itti[with]PRP",
                  "sig": "@saao/saa08%akk-x-stdbab:KI=itti[with//with]PRP'PRP$itti",
                  "f": {
                    "lang": "akk-x-stdbab",
                    "form": "KI",
                    "cf": "itti",
                    "gw": "with",
                    "sense": "with",
                    "norm": "itti",
                    "pos": "PRP",
                    "epos": "PRP"
                  }
                },
                {
                  "node": "l",
                  "frag": "30",
                  "id": "P240304.l07a88",
                  "ref": "P240304.3.5",
                  "inst": "Sin[1]DN",
                  "sig": "@saao/saa08%akk-x-stdbab:30=Sin[1//1]DN'DN$Sin",
                  "f": {
                    "lang": "akk-x-stdbab",
                    "form": "30",
                    "cf": "Sin",
                    "gw": "1",
                    "sense": "1",
                    "norm": "Sin",
                    "pos": "DN",
                    "epos": "DN"
                  }
                },
                {
                  "node": "l",
                  "frag": "GUB-MEŠ",
                  "id": "P240304.l07a89",
                  "ref": "P240304.3.6",
                  "inst": "izzizū[stand]V",
                  "sig": "@saao/saa08%akk-x-stdbab:GUB-MEŠ=izuzzu[stand//stand]V'V$izzizū",
                  "f": {
                    "lang": "akk-x-stdbab",
                    "form": "GUB-MEŠ",
                    "cf": "izuzzu",
                    "gw": "stand",
                    "sense": "stand",
                    "norm": "izzizū",
                    "pos": "V",
                    "epos": "V"
                  }
                },
                {
                  "node": "d",
                  "type": "line-start",
                  "ref": "P240304.4",
                  "n": "3",
                  "label": "o 3"
                },
                {
                  "node": "l",
                  "frag": "[BALA",
                  "id": "P240304.l07a8a",
                  "ref": "P240304.4.1",
                  "inst": "palê[reign]N",
                  "sig": "@saao/saa08%akk-x-stdbab:BALA=palû[period of office//reign]N'N$palê",
                  "f": {
                    "lang": "akk-x-stdbab",
                    "form": "BALA",
                    "cf": "palû",
                    "gw": "period of office",
                    "sense": "reign",
                    "norm": "palê",
                    "pos": "N",
                    "epos": "N"
                  }
                },
                {
                  "node": "l",
                  "frag": "UD]-⸢MEŠ⸣",
                  "id": "P240304.l07a8b",
                  "ref": "P240304.4.2",
                  "inst": "ūmē[day]N",
                  "sig": "@saao/saa08%akk-x-stdbab:UD-MEŠ=ūmu[day//day]N'N$ūmē",
                  "f": {
                    "lang": "akk-x-stdbab",
                    "form": "UD-MEŠ",
                    "cf": "ūmu",
                    "gw": "day",
                    "sense": "day",
                    "norm": "ūmē",
                    "pos": "N",
                    "epos": "N"
                  }
                },
                {
                  "node": "l",
                  "frag": "GID₂.DA-MEŠ",
                  "id": "P240304.l07a8c",
                  "ref": "P240304.4.3",
                  "inst": "arkūti[long]AJ",
                  "sig": "@saao/saa08%akk-x-stdbab:GID₂.DA-MEŠ=arku[long//long]AJ'AJ$arkūti",
                  "f": {
                    "lang": "akk-x-stdbab",
                    "form": "GID₂.DA-MEŠ",
                    "cf": "arku",
                    "gw": "long",
                    "sense": "long",
                    "norm": "arkūti",
                    "pos": "AJ",
                    "epos": "AJ"
                  }
                },
                {
                  "node": "d",
                  "type": "line-start",
                  "ref": "P240304.5",
                  "n": "4",
                  "label": "o 4"
                },
                {
                  "node": "l",
                  "frag": "1",
                  "id": "P240304.l07a8d",
                  "ref": "P240304.5.1",
                  "inst": "n",
                  "f": {
                    "lang": "akk-x-stdbab",
                    "form": "1",
                    "pos": "n"
                  }
                },
                {
                  "node": "l",
                  "frag": "30",
                  "id": "P240304.l07a8e",
                  "ref": "P240304.5.2",
                  "inst": "Sin[1]DN",
                  "sig": "@saao/saa08%akk-x-stdbab:30=Sin[1//1]DN'DN$Sin",
                  "f": {
                    "lang": "akk-x-stdbab",
                    "form": "30",
                    "cf": "Sin",
                    "gw": "1",
                    "sense": "1",
                    "norm": "Sin",
                    "pos": "DN",
                    "epos": "DN"
                  }
                },
                {
                  "node": "l",
                  "frag": "lu",
                  "id": "P240304.l07a8f",
                  "ref": "P240304.5.3",
                  "inst": "lū[or]CNJ",
                  "sig": "@saao/saa08%akk-x-stdbab:lu=lū[or//or]CNJ'CNJ$lū",
                  "f": {
                    "lang": "akk-x-stdbab",
                    "form": "lu",
                    "cf": "lū",
                    "gw": "or",
                    "sense": "or",
                    "norm": "lū",
                    "pos": "CNJ",
                    "epos": "CNJ"
                  }
                },
                {
                  "node": "l",
                  "frag": "GIŠ].⸢HUR⸣",
                  "id": "P240304.l07a90",
                  "ref": "P240304.5.4",
                  "inst": "uṣurtu[drawing]N",
                  "sig": "@saao/saa08%akk-x-stdbab:GIŠ.HUR=uṣurtu[drawing//drawing]N'N$uṣurtu",
                  "f": {
                    "lang": "akk-x-stdbab",
                    "form": "GIŠ.HUR",
                    "cf": "uṣurtu",
                    "gw": "drawing",
                    "sense": "drawing",
                    "norm": "uṣurtu",
                    "pos": "N",
                    "epos": "N"
                  }
                },
                {
                  "node": "l",
                  "frag": "lu",
                  "id": "P240304.l07a91",
                  "ref": "P240304.5.5",
                  "inst": "lū[or]CNJ",
                  "sig": "@saao/saa08%akk-x-stdbab:lu=lū[or//or]CNJ'CNJ$lū",
                  "f": {
                    "lang": "akk-x-stdbab",
                    "form": "lu",
                    "cf": "lū",
                    "gw": "or",
                    "sense": "or",
                    "norm": "lū",
                    "pos": "CNJ",
                    "epos": "CNJ"
                  }
                },
                {
                  "node": "l",
                  "frag": "TUR₃",
                  "id": "P240304.l07a92",
                  "ref": "P240304.5.6",
                  "inst": "tarbāṣu[halo]N",
                  "sig": "@saao/saa08%akk-x-stdbab:TUR₃=tarbaṣu[courtyard//halo]N'N$tarbāṣu",
                  "f": {
                    "lang": "akk-x-stdbab",
                    "form": "TUR₃",
                    "cf": "tarbaṣu",
                    "gw": "courtyard",
                    "sense": "halo",
                    "norm": "tarbāṣu",
                    "pos": "N",
                    "epos": "N"
                  }
                },
                {
                  "node": "l",
                  "frag": "NIGIN-ma",
                  "id": "P240304.l07a93",
                  "ref": "P240304.5.7",
                  "inst": "ilmīma[surround]V",
                  "sig": "@saao/saa08%akk-x-stdbab:NIGIN-ma=lawû[surround//surround]V'V$ilmīma",
                  "f": {
                    "lang": "akk-x-stdbab",
                    "form": "NIGIN-ma",
                    "cf": "lawû",
                    "gw": "surround",
                    "sense": "surround",
                    "norm": "ilmīma",
                    "pos": "V",
                    "epos": "V"
                  }
                },
                {
                  "node": "d",
                  "type": "line-start",
                  "ref": "P240304.6",
                  "n": "5",
                  "label": "o 5"
                },
                {
                  "node": "l",
                  "frag": "[x",
                  "id": "P240304.l07a94",
                  "ref": "P240304.6.1",
                  "inst": "u",
                  "f": {
                    "lang": "akk-x-stdbab",
                    "form": "x",
                    "pos": "u"
                  }
                },
                {
                  "node": "l",
                  "frag": "x",
                  "id": "P240304.l07a95",
                  "ref": "P240304.6.2",
                  "inst": "u",
                  "f": {
                    "lang": "akk-x-stdbab",
                    "form": "x",
                    "pos": "u"
                  }
                },
                {
                  "node": "l",
                  "frag": "x]",
                  "id": "P240304.l07a96",
                  "ref": "P240304.6.3",
                  "inst": "u",
                  "f": {
                    "lang": "akk-x-stdbab",
                    "form": "x",
                    "pos": "u"
                  }
                },
                {
                  "node": "l",
                  "frag": "di",
                  "id": "P240304.l07a97",
                  "ref": "P240304.6.4",
                  "inst": "u",
                  "f": {
                    "lang": "akk-x-stdbab",
                    "form": "di",
                    "pos": "u"
                  }
                },
                {
                  "node": "l",
                  "frag": "GUB",
                  "id": "P240304.l07a98",
                  "ref": "P240304.6.5",
                  "inst": "izziz[stand]V",
                  "sig": "@saao/saa08%akk-x-stdbab:GUB=izuzzu[stand//stand]V'V$izziz",
                  "f": {
                    "lang": "akk-x-stdbab",
                    "form": "GUB",
                    "cf": "izuzzu",
                    "gw": "stand",
                    "sense": "stand",
                    "norm": "izziz",
                    "pos": "V",
                    "epos": "V"
                  }
                },
                {
                  "node": "l",
                  "frag": "LUGAL",
                  "id": "P240304.l07a99",
                  "ref": "P240304.6.6",
                  "inst": "šar[king]N",
                  "sig": "@saao/saa08%akk-x-stdbab:LUGAL=šarru[king//king]N'N$šar",
                  "f": {
                    "lang": "akk-x-stdbab",
                    "form": "LUGAL",
                    "cf": "šarru",
                    "gw": "king",
                    "sense": "king",
                    "norm": "šar",
                    "pos": "N",
                    "epos": "N"
                  }
                },
                {
                  "node": "l",
                  "frag": "DINGIR-MEŠ",
                  "id": "P240304.l07a9a",
                  "ref": "P240304.6.7",
                  "inst": "ilāni[god]N",
                  "sig": "@saao/saa08%akk-x-stdbab:DINGIR-MEŠ=ilu[god//god]N'N$ilāni",
                  "f": {
                    "lang": "akk-x-stdbab",
                    "form": "DINGIR-MEŠ",
                    "cf": "ilu",
                    "gw": "god",
                    "sense": "god",
                    "norm": "ilāni",
                    "pos": "N",
                    "epos": "N"
                  }
                },
                {
                  "node": "l",
                  "frag": "na",
                  "id": "P240304.l07a9b",
                  "ref": "P240304.6.8",
                  "inst": "u",
                  "f": {
                    "lang": "akk-x-stdbab",
                    "form": "na",
                    "pos": "u"
                  }
                },
                {
                  "node": "l",
                  "frag": "šu",
                  "id": "P240304.l07a9c",
                  "ref": "P240304.6.9",
                  "inst": "u",
                  "f": {
                    "lang": "akk-x-stdbab",
                    "form": "šu",
                    "pos": "u"
                  }
                },
                {
                  "node": "l",
                  "frag": "šu₂",
                  "id": "P240304.l07a9d",
                  "ref": "P240304.6.10",
                  "inst": "u",
                  "f": {
                    "lang": "akk-x-stdbab",
                    "form": "šu₂",
                    "pos": "u"
                  }
                },
                {
                  "node": "d",
                  "type": "line-start",
                  "ref": "P240304.7",
                  "n": "6",
                  "label": "o 6"
                },
                {
                  "node": "l",
                  "frag": "[x",
                  "id": "P240304.l07a9e",
                  "ref": "P240304.7.1",
                  "inst": "u",
                  "f": {
                    "lang": "akk-x-stdbab",
                    "form": "x",
                    "pos": "u"
                  }
                },
                {
                  "node": "l",
                  "frag": "x",
                  "id": "P240304.l07a9f",
                  "ref": "P240304.7.2",
                  "inst": "u",
                  "f": {
                    "lang": "akk-x-stdbab",
                    "form": "x",
                    "pos": "u"
                  }
                },
                {
                  "node": "l",
                  "frag": "x]-⸢MEŠ⸣",
                  "id": "P240304.l07aa0",
                  "ref": "P240304.7.3",
                  "inst": "u",
                  "f": {
                    "lang": "akk-x-stdbab",
                    "form": "x-MEŠ",
                    "pos": "u"
                  }
                },
                {
                  "node": "l",
                  "frag": "dam-qa-a-tu",
                  "id": "P240304.l07aa1",
                  "ref": "P240304.7.4",
                  "inst": "+damqu[good]AJ$damqātu",
                  "sig": "@saao/saa08%akk-x-stdbab:dam-qa-a-tu=damqu[good//good]AJ'AJ$damqātu",
                  "f": {
                    "lang": "akk-x-stdbab",
                    "form": "dam-qa-a-tu",
                    "cf": "damqu",
                    "gw": "good",
                    "sense": "good",
                    "norm": "damqātu",
                    "pos": "AJ",
                    "epos": "AJ"
                  }
                },
                {
                  "node": "d",
                  "subtype": "bottom",
                  "type": "bottom",
                  "ref": "P240304.b.e..8",
                  "label": "b.e."
                },
                {
                  "node": "d",
                  "type": "line-start",
                  "ref": "P240304.9",
                  "n": "7",
                  "label": "b.e. 7"
                },
                {
                  "node": "l",
                  "frag": "[x",
                  "id": "P240304.l07aa2",
                  "ref": "P240304.9.1",
                  "inst": "u",
                  "f": {
                    "lang": "akk-x-stdbab",
                    "form": "x",
                    "pos": "u"
                  }
                },
                {
                  "node": "l",
                  "frag": "x",
                  "id": "P240304.l07aa3",
                  "ref": "P240304.9.2",
                  "inst": "u",
                  "f": {
                    "lang": "akk-x-stdbab",
                    "form": "x",
                    "pos": "u"
                  }
                },
                {
                  "node": "l",
                  "frag": "x",
                  "id": "P240304.l07aa4",
                  "ref": "P240304.9.3",
                  "inst": "u",
                  "f": {
                    "lang": "akk-x-stdbab",
                    "form": "x",
                    "pos": "u"
                  }
                },
                {
                  "node": "l",
                  "frag": "x]",
                  "id": "P240304.l07aa5",
                  "ref": "P240304.9.4",
                  "inst": "u",
                  "f": {
                    "lang": "akk-x-stdbab",
                    "form": "x",
                    "pos": "u"
                  }
                },
                {
                  "node": "l",
                  "frag": "u₂-ša₂-aṣ-⸢ba⸣-tu",
                  "id": "P240304.l07aa6",
                  "ref": "P240304.9.5",
                  "inst": "+ṣabātu[seize//make take]V'V$ušaṣbatu",
                  "sig": "@saao/saa08%akk-x-stdbab:u₂-ša₂-aṣ-ba-tu=ṣabātu[seize//make take]V'V$ušaṣbatu",
                  "f": {
                    "lang": "akk-x-stdbab",
                    "form": "u₂-ša₂-aṣ-ba-tu",
                    "cf": "ṣabātu",
                    "gw": "seize",
                    "sense": "make take",
                    "norm": "ušaṣbatu",
                    "pos": "V",
                    "epos": "V"
                  }
                },
                {
                  "node": "d",
                  "subtype": "reverse",
                  "type": "reverse",
                  "ref": "P240304.r.10",
                  "label": "r"
                },
                {
                  "node": "d",
                  "type": "nonx",
                  "ref": "P240304.11",
                  "strict": "0",
                  "state": "missing"
                }
              ]
            }
          ]
        }
      ]
    }
  ]
}
