{
  "type": "cdl",
  "source": "http://oracc.org/saao/saa08",
  "license": "This data is released under the CC0 license",
  "license-url": "https://creativecommons.org/publicdomain/zero/1.0/",
  "more-info": "http://oracc.org/doc/opendata/",
  "UTC-timestamp": "2017-06-10T00:46:06",
  "project": "saao/saa08",
  "textid": "P336520",
  "cdl": [
    {
      "node": "c",
      "type": "text",
      "id": "P336520.U0",
      "cdl": [
        {
          "node": "d",
          "type": "object",
          "ref": ""
        },
        {
          "node": "d",
          "subtype": "obverse",
          "type": "obverse",
          "ref": "P336520.o.1",
          "label": "o"
        },
        {
          "node": "c",
          "type": "discourse",
          "subtype": "body",
          "id": "P336520.U1",
          "cdl": [
            {
              "node": "c",
              "type": "sentence",
              "id": "P336520.U2",
              "label": "o 1 - o 6",
              "cdl": [
                {
                  "node": "d",
                  "type": "line-start",
                  "ref": "P336520.2",
                  "n": "1",
                  "label": "o 1"
                },
                {
                  "node": "l",
                  "frag": "1",
                  "id": "P336520.l04fd4",
                  "ref": "P336520.2.1",
                  "inst": "n",
                  "f": {
                    "lang": "akk-x-stdbab",
                    "form": "1",
                    "pos": "n"
                  }
                },
                {
                  "node": "l",
                  "frag": "{d}UDU.IDIM",
                  "id": "P336520.l04fd5",
                  "ref": "P336520.2.2",
                  "inst": "bibbu[planet]N",
                  "sig": "@saao/saa08%akk-x-stdbab:{d}UDU.IDIM=bibbu[(a kind of wild sheep)//planet]N'N$bibbu",
                  "f": {
                    "lang": "akk-x-stdbab",
                    "form": "{d}UDU.IDIM",
                    "cf": "bibbu",
                    "gw": "(a kind of wild sheep)",
                    "sense": "planet",
                    "norm": "bibbu",
                    "pos": "N",
                    "epos": "N"
                  }
                },
                {
                  "node": "l",
                  "frag": "ina",
                  "id": "P336520.l04fd6",
                  "ref": "P336520.2.3",
                  "inst": "ina[in]PRP",
                  "sig": "@saao/saa08%akk-x-stdbab:ina=ina[in//in]PRP'PRP$ina",
                  "f": {
                    "lang": "akk-x-stdbab",
                    "form": "ina",
                    "cf": "ina",
                    "gw": "in",
                    "sense": "in",
                    "norm": "ina",
                    "pos": "PRP",
                    "epos": "PRP"
                  }
                },
                {
                  "node": "l",
                  "frag": "{iti}ŠU",
                  "id": "P336520.l04fd7",
                  "ref": "P336520.2.4",
                  "inst": "Taʾuzi[Tammuz]MN",
                  "sig": "@saao/saa08%akk-x-stdbab:{ITI}ŠU=Duʾuzu[Tammuz//Tammuz]MN'MN$Taʾuzi",
                  "f": {
                    "lang": "akk-x-stdbab",
                    "form": "{ITI}ŠU",
                    "cf": "Duʾuzu",
                    "gw": "Tammuz",
                    "sense": "Tammuz",
                    "norm": "Taʾuzi",
                    "pos": "MN",
                    "epos": "MN"
                  }
                },
                {
                  "node": "l",
                  "frag": "KUR-ha",
                  "id": "P336520.l04fd8",
                  "ref": "P336520.2.5",
                  "inst": "ippuha[rise]V",
                  "sig": "@saao/saa08%akk-x-stdbab:KUR-ha=napāhu[blow//rise]V'V$ippuha",
                  "f": {
                    "lang": "akk-x-stdbab",
                    "form": "KUR-ha",
                    "cf": "napāhu",
                    "gw": "blow",
                    "sense": "rise",
                    "norm": "ippuha",
                    "pos": "V",
                    "epos": "V"
                  }
                },
                {
                  "node": "d",
                  "type": "line-start",
                  "ref": "P336520.3",
                  "n": "2",
                  "label": "o 2"
                },
                {
                  "node": "l",
                  "frag": "UŠ₂-MEŠ",
                  "id": "P336520.l04fd9",
                  "ref": "P336520.3.1",
                  "inst": "mītūti[death]'N",
                  "sig": "@saao/saa08%akk-x-stdbab:UŠ₂-MEŠ=mītu[dead//death]AJ'N$mītūti",
                  "f": {
                    "lang": "akk-x-stdbab",
                    "form": "UŠ₂-MEŠ",
                    "cf": "mītu",
                    "gw": "dead",
                    "sense": "death",
                    "norm": "mītūti",
                    "pos": "AJ",
                    "epos": "N"
                  }
                },
                {
                  "node": "l",
                  "frag": "GAL₂-MEŠ",
                  "id": "P336520.l04fda",
                  "ref": "P336520.3.2",
                  "inst": "ibaššû[exist]V",
                  "sig": "@saao/saa08%akk-x-stdbab:GAL₂-MEŠ=bašû[exist//exist]V'V$ibaššû",
                  "f": {
                    "lang": "akk-x-stdbab",
                    "form": "GAL₂-MEŠ",
                    "cf": "bašû",
                    "gw": "exist",
                    "sense": "exist",
                    "norm": "ibaššû",
                    "pos": "V",
                    "epos": "V"
                  }
                },
                {
                  "node": "d",
                  "type": "line-start",
                  "ref": "P336520.4",
                  "n": "3",
                  "label": "o 3"
                },
                {
                  "node": "l",
                  "frag": "1",
                  "id": "P336520.l04fdb",
                  "ref": "P336520.4.1",
                  "inst": "n",
                  "f": {
                    "lang": "akk-x-stdbab",
                    "form": "1",
                    "pos": "n"
                  }
                },
                {
                  "node": "l",
                  "frag": "{mul}UR.GU.LA",
                  "id": "P336520.l04fdc",
                  "ref": "P336520.4.2",
                  "inst": "Urgulu[Leo]CN",
                  "sig": "@saao/saa08%akk-x-stdbab:{MUL}UR.GU.LA=Urgulu[Leo//Leo]CN'CN$Urguli",
                  "f": {
                    "lang": "akk-x-stdbab",
                    "form": "{MUL}UR.GU.LA",
                    "cf": "Urgulu",
                    "gw": "Leo",
                    "sense": "Leo",
                    "norm": "Urguli",
                    "pos": "CN",
                    "epos": "CN"
                  }
                },
                {
                  "node": "l",
                  "frag": "GI₆",
                  "id": "P336520.l04fdd",
                  "ref": "P336520.4.3",
                  "inst": "ṣalim[black]AJ",
                  "sig": "@saao/saa08%akk-x-stdbab:GI₆=ṣalmu[black//black]AJ'AJ$ṣalim",
                  "f": {
                    "lang": "akk-x-stdbab",
                    "form": "GI₆",
                    "cf": "ṣalmu",
                    "gw": "black",
                    "sense": "black",
                    "norm": "ṣalim",
                    "pos": "AJ",
                    "epos": "AJ"
                  }
                },
                {
                  "node": "d",
                  "type": "line-start",
                  "ref": "P336520.5",
                  "n": "4",
                  "label": "o 4"
                },
                {
                  "node": "l",
                  "frag": "ŠA₃",
                  "id": "P336520.l04fde",
                  "ref": "P336520.5.1",
                  "inst": "libbi[mood]N",
                  "sig": "@saao/saa08%akk-x-stdbab:ŠA₃=libbu[interior//mood]N'N$libbi",
                  "f": {
                    "lang": "akk-x-stdbab",
                    "form": "ŠA₃",
                    "cf": "libbu",
                    "gw": "interior",
                    "sense": "mood",
                    "norm": "libbi",
                    "pos": "N",
                    "epos": "N"
                  }
                },
                {
                  "node": "l",
                  "frag": "KUR",
                  "id": "P336520.l04fdf",
                  "ref": "P336520.5.2",
                  "inst": "māti[land]N",
                  "sig": "@saao/saa08%akk-x-stdbab:KUR=mātu[land//land]N'N$māti",
                  "f": {
                    "lang": "akk-x-stdbab",
                    "form": "KUR",
                    "cf": "mātu",
                    "gw": "land",
                    "sense": "land",
                    "norm": "māti",
                    "pos": "N",
                    "epos": "N"
                  }
                },
                {
                  "node": "l",
                  "frag": "NU",
                  "id": "P336520.l04fe0",
                  "ref": "P336520.5.3",
                  "inst": "lā[not]MOD",
                  "sig": "@saao/saa08%akk-x-stdbab:NU=lā[not//not]MOD'MOD$lā",
                  "f": {
                    "lang": "akk-x-stdbab",
                    "form": "NU",
                    "cf": "lā",
                    "gw": "not",
                    "sense": "not",
                    "norm": "lā",
                    "pos": "MOD",
                    "epos": "MOD"
                  }
                },
                {
                  "node": "l",
                  "frag": "DUG₃-ab",
                  "id": "P336520.l04fe1",
                  "ref": "P336520.5.4",
                  "inst": "+ṭiābu[be(come) good]V$iṭâb",
                  "sig": "@saao/saa08%akk-x-stdbab:DUG₃-ab=ṭiābu[be(come) good//be(come) good]V'V$iṭâb",
                  "f": {
                    "lang": "akk-x-stdbab",
                    "form": "DUG₃-ab",
                    "cf": "ṭiābu",
                    "gw": "be(come) good",
                    "sense": "be(come) good",
                    "norm": "iṭâb",
                    "pos": "V",
                    "epos": "V"
                  }
                },
                {
                  "node": "d",
                  "type": "nonx",
                  "ref": "P336520.6",
                  "strict": "1",
                  "extent": "n",
                  "scope": "line",
                  "state": "ruling"
                },
                {
                  "node": "d",
                  "type": "line-start",
                  "ref": "P336520.7",
                  "n": "5",
                  "label": "o 5"
                },
                {
                  "node": "l",
                  "frag": "EN",
                  "id": "P336520.l04fe2",
                  "ref": "P336520.7.1",
                  "inst": "bēl[lord]N",
                  "sig": "@saao/saa08%akk-x-neobab:EN=bēlu[lord//lord]N'N$bēl",
                  "f": {
                    "lang": "akk-x-neobab",
                    "form": "EN",
                    "cf": "bēlu",
                    "gw": "lord",
                    "sense": "lord",
                    "norm": "bēl",
                    "pos": "N",
                    "epos": "N"
                  }
                },
                {
                  "node": "l",
                  "frag": "LUGAL-MEŠ",
                  "id": "P336520.l04fe3",
                  "ref": "P336520.7.2",
                  "inst": "šarrāni[king]N",
                  "sig": "@saao/saa08%akk-x-neobab:LUGAL-MEŠ=šarru[king//king]N'N$šarrāni",
                  "f": {
                    "lang": "akk-x-neobab",
                    "form": "LUGAL-MEŠ",
                    "cf": "šarru",
                    "gw": "king",
                    "sense": "king",
                    "norm": "šarrāni",
                    "pos": "N",
                    "epos": "N"
                  }
                },
                {
                  "node": "l",
                  "frag": "lu",
                  "id": "P336520.l04fe4",
                  "ref": "P336520.7.3",
                  "inst": "lū[may]MOD",
                  "sig": "@saao/saa08%akk-x-neobab:lu=lū[may//may]MOD'MOD$lū",
                  "f": {
                    "lang": "akk-x-neobab",
                    "form": "lu",
                    "cf": "lū",
                    "gw": "may",
                    "sense": "may",
                    "norm": "lū",
                    "pos": "MOD",
                    "epos": "MOD"
                  }
                },
                {
                  "node": "l",
                  "frag": "da-ri",
                  "id": "P336520.l04fe5",
                  "ref": "P336520.7.4",
                  "inst": "+dārû[lasting//everlasting]AJ'AJ$dāri",
                  "sig": "@saao/saa08%akk-x-neobab:da-ri=dārû[lasting//everlasting]AJ'AJ$dāri",
                  "f": {
                    "lang": "akk-x-neobab",
                    "form": "da-ri",
                    "cf": "dārû",
                    "gw": "lasting",
                    "sense": "everlasting",
                    "norm": "dāri",
                    "pos": "AJ",
                    "epos": "AJ"
                  }
                },
                {
                  "node": "d",
                  "type": "line-start",
                  "ref": "P336520.8",
                  "n": "6",
                  "label": "o 6"
                },
                {
                  "node": "l",
                  "frag": "ša₂",
                  "id": "P336520.l04fe6",
                  "ref": "P336520.8.1",
                  "inst": "ša[from]'PRP",
                  "sig": "@saao/saa08%akk-x-neobab:ša₂=ša[of//from]DET'PRP$ša",
                  "f": {
                    "lang": "akk-x-neobab",
                    "form": "ša₂",
                    "cf": "ša",
                    "gw": "of",
                    "sense": "from",
                    "norm": "ša",
                    "pos": "DET",
                    "epos": "PRP"
                  }
                },
                {
                  "node": "l",
                  "frag": "{1}a-ša₂-ri-du",
                  "id": "P336520.l04fe7",
                  "ref": "P336520.8.2",
                  "inst": "Ašaredu[1]PN",
                  "sig": "@saao/saa08%akk-x-neobab:{1}a-ša₂-ri-du=Ašaredu[1//1]PN'PN$Ašaredu",
                  "f": {
                    "lang": "akk-x-neobab",
                    "form": "{1}a-ša₂-ri-du",
                    "cf": "Ašaredu",
                    "gw": "1",
                    "sense": "1",
                    "norm": "Ašaredu",
                    "pos": "PN",
                    "epos": "PN"
                  }
                },
                {
                  "node": "d",
                  "subtype": "reverse",
                  "type": "reverse",
                  "ref": "P336520.r.9",
                  "label": "r"
                },
                {
                  "node": "d",
                  "type": "nonx",
                  "ref": "P336520.10",
                  "strict": "0",
                  "state": "blank"
                }
              ]
            }
          ]
        }
      ]
    }
  ]
}
