{
  "type": "cdl",
  "source": "http://oracc.org/saao/saa08",
  "license": "This data is released under the CC0 license",
  "license-url": "https://creativecommons.org/publicdomain/zero/1.0/",
  "more-info": "http://oracc.org/doc/opendata/",
  "UTC-timestamp": "2017-06-10T00:46:15",
  "project": "saao/saa08",
  "textid": "P336406",
  "cdl": [
    {
      "node": "c",
      "type": "text",
      "id": "P336406.U0",
      "cdl": [
        {
          "node": "d",
          "type": "object",
          "ref": ""
        },
        {
          "node": "d",
          "subtype": "obverse",
          "type": "obverse",
          "ref": "P336406.o.1",
          "label": "o"
        },
        {
          "node": "c",
          "type": "discourse",
          "subtype": "body",
          "id": "P336406.U1",
          "cdl": [
            {
              "node": "c",
              "type": "sentence",
              "id": "P336406.U2",
              "label": "o 1 - r 7",
              "cdl": [
                {
                  "node": "d",
                  "type": "line-start",
                  "ref": "P336406.2",
                  "n": "1",
                  "label": "o 1"
                },
                {
                  "node": "l",
                  "frag": "1",
                  "id": "P336406.l01f04",
                  "ref": "P336406.2.1",
                  "inst": "n",
                  "f": {
                    "lang": "akk-x-stdbab",
                    "form": "1",
                    "pos": "n"
                  }
                },
                {
                  "node": "l",
                  "frag": "30",
                  "id": "P336406.l01f05",
                  "ref": "P336406.2.2",
                  "inst": "Sin[1]DN",
                  "sig": "@saao/saa08%akk-x-stdbab:30=Sin[1//1]DN'DN$Sin",
                  "f": {
                    "lang": "akk-x-stdbab",
                    "form": "30",
                    "cf": "Sin",
                    "gw": "1",
                    "sense": "1",
                    "norm": "Sin",
                    "pos": "DN",
                    "epos": "DN"
                  }
                },
                {
                  "node": "l",
                  "frag": "ina",
                  "id": "P336406.l01f06",
                  "ref": "P336406.2.3",
                  "inst": "ina[in]PRP",
                  "sig": "@saao/saa08%akk-x-stdbab:ina=ina[in//in]PRP'PRP$ina",
                  "f": {
                    "lang": "akk-x-stdbab",
                    "form": "ina",
                    "cf": "ina",
                    "gw": "in",
                    "sense": "in",
                    "norm": "ina",
                    "pos": "PRP",
                    "epos": "PRP"
                  }
                },
                {
                  "node": "l",
                  "frag": "{iti}AB",
                  "id": "P336406.l01f07",
                  "ref": "P336406.2.4",
                  "inst": "Ṭebeti[Tebet]MN",
                  "sig": "@saao/saa08%akk-x-stdbab:{ITI}AB=Ṭebetu[Tebet//Tebet]MN'MN$Ṭebeti",
                  "f": {
                    "lang": "akk-x-stdbab",
                    "form": "{ITI}AB",
                    "cf": "Ṭebetu",
                    "gw": "Tebet",
                    "sense": "Tebet",
                    "norm": "Ṭebeti",
                    "pos": "MN",
                    "epos": "MN"
                  }
                },
                {
                  "node": "l",
                  "frag": "UD",
                  "id": "P336406.l01f08",
                  "ref": "P336406.2.5",
                  "inst": "ūm[day]N",
                  "sig": "@saao/saa08%akk-x-stdbab:UD=ūmu[day//day]N'N$ūm",
                  "f": {
                    "lang": "akk-x-stdbab",
                    "form": "UD",
                    "cf": "ūmu",
                    "gw": "day",
                    "sense": "day",
                    "norm": "ūm",
                    "pos": "N",
                    "epos": "N"
                  }
                },
                {
                  "node": "l",
                  "frag": "30-KAM₂",
                  "id": "P336406.l01f09",
                  "ref": "P336406.2.6",
                  "inst": "n",
                  "f": {
                    "lang": "akk-x-stdbab",
                    "form": "30-KAM₂",
                    "pos": "n"
                  }
                },
                {
                  "node": "l",
                  "frag": "IGI",
                  "id": "P336406.l01f0a",
                  "ref": "P336406.2.7",
                  "inst": "innamir[be(come) visible]V",
                  "sig": "@saao/saa08%akk-x-stdbab:IGI=amāru[see//be(come) visible]V'V$innamir",
                  "f": {
                    "lang": "akk-x-stdbab",
                    "form": "IGI",
                    "cf": "amāru",
                    "gw": "see",
                    "sense": "be(come) visible",
                    "norm": "innamir",
                    "pos": "V",
                    "epos": "V"
                  }
                },
                {
                  "node": "l",
                  "frag": "[o]",
                  "id": "P336406.l01f0b",
                  "ref": "P336406.2.8",
                  "inst": "u",
                  "f": {
                    "lang": "akk-x-stdbab",
                    "form": "o",
                    "pos": "u"
                  }
                },
                {
                  "node": "d",
                  "type": "line-start",
                  "ref": "P336406.3",
                  "n": "2",
                  "label": "o 2"
                },
                {
                  "node": "l",
                  "frag": "SU.BIR₄{ki}",
                  "id": "P336406.l01f0c",
                  "ref": "P336406.3.1",
                  "inst": "+Subartu[]GN$Subarta",
                  "sig": "@saao/saa08%akk-x-stdbab:SU.BIR₄{KI}=Subartu[1//1]GN'GN$Subarta",
                  "f": {
                    "lang": "akk-x-stdbab",
                    "form": "SU.BIR₄{KI}",
                    "cf": "Subartu",
                    "gw": "1",
                    "sense": "1",
                    "norm": "Subarta",
                    "pos": "GN",
                    "epos": "GN"
                  }
                },
                {
                  "node": "l",
                  "frag": "ah-la-mu-u",
                  "id": "P336406.l01f0d",
                  "ref": "P336406.3.2",
                  "inst": "Ahlamu[(desig. for Aramaeans)]EN",
                  "sig": "@saao/saa08%akk-x-stdbab:ah-la-mu-u=Ahlamu[(desig. for Aramaeans)//(desig. for Aramaeans)]EN'EN$Ahlamu",
                  "f": {
                    "lang": "akk-x-stdbab",
                    "form": "ah-la-mu-u",
                    "cf": "Ahlamu",
                    "gw": "(desig. for Aramaeans)",
                    "sense": "(desig. for Aramaeans)",
                    "norm": "Ahlamu",
                    "pos": "EN",
                    "epos": "EN"
                  }
                },
                {
                  "node": "l",
                  "frag": "KU₂",
                  "id": "P336406.l01f0e",
                  "ref": "P336406.3.3",
                  "inst": "ekkal[devour]V",
                  "sig": "@saao/saa08%akk-x-stdbab:KU₂=akālu[eat//devour]V'V$ekkal",
                  "f": {
                    "lang": "akk-x-stdbab",
                    "form": "KU₂",
                    "cf": "akālu",
                    "gw": "eat",
                    "sense": "devour",
                    "norm": "ekkal",
                    "pos": "V",
                    "epos": "V"
                  }
                },
                {
                  "node": "d",
                  "type": "line-start",
                  "ref": "P336406.4",
                  "n": "3",
                  "label": "o 3"
                },
                {
                  "node": "l",
                  "frag": "EME",
                  "id": "P336406.l01f0f",
                  "ref": "P336406.4.1",
                  "inst": "lišānu[language]N",
                  "sig": "@saao/saa08%akk-x-stdbab:EME=lišānu[tongue//language]N'N$lišānu",
                  "f": {
                    "lang": "akk-x-stdbab",
                    "form": "EME",
                    "cf": "lišānu",
                    "gw": "tongue",
                    "sense": "language",
                    "norm": "lišānu",
                    "pos": "N",
                    "epos": "N"
                  }
                },
                {
                  "node": "l",
                  "frag": "BAR-tum",
                  "id": "P336406.l01f10",
                  "ref": "P336406.4.2",
                  "inst": "ahītu[foreign]AJ",
                  "sig": "@saao/saa08%akk-x-stdbab:BAR-tum=ahû[strange//foreign]AJ'AJ$ahītu",
                  "f": {
                    "lang": "akk-x-stdbab",
                    "form": "BAR-tum",
                    "cf": "ahû",
                    "gw": "strange",
                    "sense": "foreign",
                    "norm": "ahītu",
                    "pos": "AJ",
                    "epos": "AJ"
                  }
                },
                {
                  "node": "l",
                  "frag": "KUR-MAR.TU",
                  "id": "P336406.l01f11",
                  "ref": "P336406.4.3",
                  "inst": "Mat-Amurri[Westland]GN",
                  "sig": "@saao/saa08%akk-x-stdbab:KUR-MAR.TU=Mat-Amurri[Westland//Westland]GN'GN$Mat-Amurri",
                  "f": {
                    "lang": "akk-x-stdbab",
                    "form": "KUR-MAR.TU",
                    "cf": "Mat-Amurri",
                    "gw": "Westland",
                    "sense": "Westland",
                    "norm": "Mat-Amurri",
                    "pos": "GN",
                    "epos": "GN"
                  }
                },
                {
                  "node": "l",
                  "frag": "EN-⸢el⸣",
                  "id": "P336406.l01f12",
                  "ref": "P336406.4.4",
                  "inst": "+bêlu[rule (over)]V$tabêl",
                  "sig": "@saao/saa08%akk-x-stdbab:EN-el=bêlu[rule (over)//rule (over)]V'V$tabêl",
                  "f": {
                    "lang": "akk-x-stdbab",
                    "form": "EN-el",
                    "cf": "bêlu",
                    "gw": "rule (over)",
                    "sense": "rule (over)",
                    "norm": "tabêl",
                    "pos": "V",
                    "epos": "V"
                  }
                },
                {
                  "node": "d",
                  "type": "nonx",
                  "ref": "P336406.5",
                  "strict": "1",
                  "extent": "n",
                  "scope": "line",
                  "state": "ruling"
                },
                {
                  "node": "d",
                  "type": "line-start",
                  "ref": "P336406.6",
                  "n": "4",
                  "label": "o 4"
                },
                {
                  "node": "l",
                  "frag": "{iti}AB",
                  "id": "P336406.l01f13",
                  "ref": "P336406.6.1",
                  "inst": "Ṭebetu[Tebet]MN",
                  "sig": "@saao/saa08%akk-x-neoass:{ITI}AB=Ṭebetu[Tebet//Tebet]MN'MN$Ṭebeti",
                  "f": {
                    "lang": "akk-x-neoass",
                    "form": "{ITI}AB",
                    "cf": "Ṭebetu",
                    "gw": "Tebet",
                    "sense": "Tebet",
                    "norm": "Ṭebeti",
                    "pos": "MN",
                    "epos": "MN"
                  }
                },
                {
                  "node": "l",
                  "frag": "{kur}NIM.MA{ki}",
                  "id": "P336406.l01f14",
                  "ref": "P336406.6.2",
                  "inst": "Elamtu[Elam]GN",
                  "sig": "@saao/saa08%akk-x-neoass:{KUR}NIM.MA{KI}=Elamtu[Elam//Elam]GN'GN$Elamti",
                  "f": {
                    "lang": "akk-x-neoass",
                    "form": "{KUR}NIM.MA{KI}",
                    "cf": "Elamtu",
                    "gw": "Elam",
                    "sense": "Elam",
                    "norm": "Elamti",
                    "pos": "GN",
                    "epos": "GN"
                  }
                },
                {
                  "node": "d",
                  "type": "line-start",
                  "ref": "P336406.7",
                  "n": "5",
                  "label": "o 5"
                },
                {
                  "node": "l",
                  "frag": "ša",
                  "id": "P336406.l01f15",
                  "ref": "P336406.7.1",
                  "inst": "ša[from]'PRP",
                  "sig": "@saao/saa08%akk-x-neoass:ša=ša[of//from]DET'PRP$ša",
                  "f": {
                    "lang": "akk-x-neoass",
                    "form": "ša",
                    "cf": "ša",
                    "gw": "of",
                    "sense": "from",
                    "norm": "ša",
                    "pos": "DET",
                    "epos": "PRP"
                  }
                },
                {
                  "node": "l",
                  "frag": "{1}bu-ul-lu-ṭu",
                  "id": "P336406.l01f16",
                  "ref": "P336406.7.2",
                  "inst": "Bulluṭu[1]PN",
                  "sig": "@saao/saa08%akk-x-neoass:{1}bu-ul-lu-ṭu=Bulluṭu[1//1]PN'PN$Bulluṭu",
                  "f": {
                    "lang": "akk-x-neoass",
                    "form": "{1}bu-ul-lu-ṭu",
                    "cf": "Bulluṭu",
                    "gw": "1",
                    "sense": "1",
                    "norm": "Bulluṭu",
                    "pos": "PN",
                    "epos": "PN"
                  }
                },
                {
                  "node": "d",
                  "type": "nonx",
                  "ref": "P336406.8",
                  "strict": "0",
                  "state": "blank"
                },
                {
                  "node": "d",
                  "subtype": "reverse",
                  "type": "reverse",
                  "ref": "P336406.r.9",
                  "label": "r"
                },
                {
                  "node": "d",
                  "type": "line-start",
                  "ref": "P336406.10",
                  "n": "1",
                  "label": "r 1"
                },
                {
                  "node": "l",
                  "frag": "UD",
                  "id": "P336406.l01f17",
                  "ref": "P336406.10.1",
                  "inst": "ūm[day]N",
                  "sig": "@saao/saa08%akk-x-neoass:UD=ūmu[day//day]N'N$ūm",
                  "f": {
                    "lang": "akk-x-neoass",
                    "form": "UD",
                    "cf": "ūmu",
                    "gw": "day",
                    "sense": "day",
                    "norm": "ūm",
                    "pos": "N",
                    "epos": "N"
                  }
                },
                {
                  "node": "l",
                  "frag": "29-KAM₂",
                  "id": "P336406.l01f18",
                  "ref": "P336406.10.2",
                  "inst": "n",
                  "f": {
                    "lang": "akk-x-neoass",
                    "form": "29-KAM₂",
                    "pos": "n"
                  }
                },
                {
                  "node": "l",
                  "frag": "ni-ta-ṣar",
                  "id": "P336406.l01f19",
                  "ref": "P336406.10.3",
                  "inst": "nittaṣar[keep guard]V",
                  "sig": "@saao/saa08%akk-x-neoass:ni-ta-ṣar=naṣāru[guard//keep guard]V'V$nittaṣar",
                  "f": {
                    "lang": "akk-x-neoass",
                    "form": "ni-ta-ṣar",
                    "cf": "naṣāru",
                    "gw": "guard",
                    "sense": "keep guard",
                    "norm": "nittaṣar",
                    "pos": "V",
                    "epos": "V"
                  }
                },
                {
                  "node": "l",
                  "frag": "IM.DIRI",
                  "id": "P336406.l01f1a",
                  "ref": "P336406.10.4",
                  "inst": "+urpatu[cloud]N$",
                  "sig": "@saao/saa08%akk-x-neoass:IM.DIRI=urpatu[cloud//cloud]N'N$urpatu",
                  "f": {
                    "lang": "akk-x-neoass",
                    "form": "IM.DIRI",
                    "cf": "urpatu",
                    "gw": "cloud",
                    "sense": "cloud",
                    "norm": "urpatu",
                    "pos": "N",
                    "epos": "N"
                  }
                },
                {
                  "node": "l",
                  "frag": "dan-[nat]",
                  "id": "P336406.l01f1b",
                  "ref": "P336406.10.5",
                  "inst": "dannat[strong]AJ",
                  "sig": "@saao/saa08%akk-x-neoass:dan-nat=dannu[strong//strong]AJ'AJ$dannat",
                  "f": {
                    "lang": "akk-x-neoass",
                    "form": "dan-nat",
                    "cf": "dannu",
                    "gw": "strong",
                    "sense": "strong",
                    "norm": "dannat",
                    "pos": "AJ",
                    "epos": "AJ"
                  }
                },
                {
                  "node": "d",
                  "type": "line-start",
                  "ref": "P336406.11",
                  "n": "2",
                  "label": "r 2"
                },
                {
                  "node": "l",
                  "frag": "{d}30",
                  "id": "P336406.l01f1c",
                  "ref": "P336406.11.1",
                  "inst": "Sin[1]DN",
                  "sig": "@saao/saa08%akk-x-neoass:{d}30=Sin[1//1]DN'DN$Sin",
                  "f": {
                    "lang": "akk-x-neoass",
                    "form": "{d}30",
                    "cf": "Sin",
                    "gw": "1",
                    "sense": "1",
                    "norm": "Sin",
                    "pos": "DN",
                    "epos": "DN"
                  }
                },
                {
                  "node": "l",
                  "frag": "la",
                  "id": "P336406.l01f1d",
                  "ref": "P336406.11.2",
                  "inst": "lā[not]MOD",
                  "sig": "@saao/saa08%akk-x-neoass:la=lā[not//not]MOD'MOD$lā",
                  "f": {
                    "lang": "akk-x-neoass",
                    "form": "la",
                    "cf": "lā",
                    "gw": "not",
                    "sense": "not",
                    "norm": "lā",
                    "pos": "MOD",
                    "epos": "MOD"
                  }
                },
                {
                  "node": "l",
                  "frag": "ne₂-mur",
                  "id": "P336406.l01f1e",
                  "ref": "P336406.11.3",
                  "inst": "nēmur[see]V",
                  "sig": "@saao/saa08%akk-x-neoass:ne₂-mur=amāru[see//see]V'V$nēmur",
                  "f": {
                    "lang": "akk-x-neoass",
                    "form": "ne₂-mur",
                    "cf": "amāru",
                    "gw": "see",
                    "sense": "see",
                    "norm": "nēmur",
                    "pos": "V",
                    "epos": "V"
                  }
                },
                {
                  "node": "d",
                  "type": "line-start",
                  "ref": "P336406.12",
                  "n": "3",
                  "label": "r 3"
                },
                {
                  "node": "l",
                  "frag": "UD",
                  "id": "P336406.l01f1f",
                  "ref": "P336406.12.1",
                  "inst": "ūm[day]N",
                  "sig": "@saao/saa08%akk-x-neoass:UD=ūmu[day//day]N'N$ūm",
                  "f": {
                    "lang": "akk-x-neoass",
                    "form": "UD",
                    "cf": "ūmu",
                    "gw": "day",
                    "sense": "day",
                    "norm": "ūm",
                    "pos": "N",
                    "epos": "N"
                  }
                },
                {
                  "node": "l",
                  "frag": "30-KAM₂",
                  "id": "P336406.l01f20",
                  "ref": "P336406.12.2",
                  "inst": "n",
                  "f": {
                    "lang": "akk-x-neoass",
                    "form": "30-KAM₂",
                    "pos": "n"
                  }
                },
                {
                  "node": "l",
                  "frag": "ni-ta-ṣar",
                  "id": "P336406.l01f21",
                  "ref": "P336406.12.3",
                  "inst": "nittaṣar[keep guard]V",
                  "sig": "@saao/saa08%akk-x-neoass:ni-ta-ṣar=naṣāru[guard//keep guard]V'V$nittaṣar",
                  "f": {
                    "lang": "akk-x-neoass",
                    "form": "ni-ta-ṣar",
                    "cf": "naṣāru",
                    "gw": "guard",
                    "sense": "keep guard",
                    "norm": "nittaṣar",
                    "pos": "V",
                    "epos": "V"
                  }
                },
                {
                  "node": "l",
                  "frag": "{d}30",
                  "id": "P336406.l01f22",
                  "ref": "P336406.12.4",
                  "inst": "Sin[1]DN",
                  "sig": "@saao/saa08%akk-x-neoass:{d}30=Sin[1//1]DN'DN$Sin",
                  "f": {
                    "lang": "akk-x-neoass",
                    "form": "{d}30",
                    "cf": "Sin",
                    "gw": "1",
                    "sense": "1",
                    "norm": "Sin",
                    "pos": "DN",
                    "epos": "DN"
                  }
                },
                {
                  "node": "l",
                  "frag": "ne₂-ta-⸢mar⸣",
                  "id": "P336406.l01f23",
                  "ref": "P336406.12.5",
                  "inst": "nētamar[see]V",
                  "sig": "@saao/saa08%akk-x-neoass:ne₂-ta-mar=amāru[see//see]V'V$nētamar",
                  "f": {
                    "lang": "akk-x-neoass",
                    "form": "ne₂-ta-mar",
                    "cf": "amāru",
                    "gw": "see",
                    "sense": "see",
                    "norm": "nētamar",
                    "pos": "V",
                    "epos": "V"
                  }
                },
                {
                  "node": "d",
                  "type": "line-start",
                  "ref": "P336406.13",
                  "n": "4",
                  "label": "r 4"
                },
                {
                  "node": "l",
                  "frag": "ma-ti-ih",
                  "id": "P336406.l01f24",
                  "ref": "P336406.13.1",
                  "inst": "+mathu[lifted//high]AJ'AJ$matih",
                  "sig": "@saao/saa08%akk-x-neoass:ma-ti-ih=mathu[lifted//high]AJ'AJ$matih",
                  "f": {
                    "lang": "akk-x-neoass",
                    "form": "ma-ti-ih",
                    "cf": "mathu",
                    "gw": "lifted",
                    "sense": "high",
                    "norm": "matih",
                    "pos": "AJ",
                    "epos": "AJ"
                  }
                },
                {
                  "node": "l",
                  "frag": "a-dan-niš",
                  "id": "P336406.l01f25",
                  "ref": "P336406.13.2",
                  "inst": "adanniš[very much]AV",
                  "sig": "@saao/saa08%akk-x-neoass:a-dan-niš=adanniš[very much//very much]AV'AV$adanniš",
                  "f": {
                    "lang": "akk-x-neoass",
                    "form": "a-dan-niš",
                    "cf": "adanniš",
                    "gw": "very much",
                    "sense": "very much",
                    "norm": "adanniš",
                    "pos": "AV",
                    "epos": "AV"
                  }
                },
                {
                  "node": "l",
                  "frag": "[o]",
                  "id": "P336406.l01f26",
                  "ref": "P336406.13.3",
                  "inst": "u",
                  "f": {
                    "lang": "akk-x-neoass",
                    "form": "o",
                    "pos": "u"
                  }
                },
                {
                  "node": "d",
                  "type": "line-start",
                  "ref": "P336406.14",
                  "n": "5",
                  "label": "r 5"
                },
                {
                  "node": "l",
                  "frag": "ša",
                  "id": "P336406.l01f27",
                  "ref": "P336406.14.1",
                  "inst": "ša[of]DET",
                  "sig": "@saao/saa08%akk-x-neoass:ša=ša[of//of]DET'DET$ša",
                  "f": {
                    "lang": "akk-x-neoass",
                    "form": "ša",
                    "cf": "ša",
                    "gw": "of",
                    "sense": "of",
                    "norm": "ša",
                    "pos": "DET",
                    "epos": "DET"
                  }
                },
                {
                  "node": "l",
                  "frag": "UD",
                  "id": "P336406.l01f28",
                  "ref": "P336406.14.2",
                  "inst": "ūm[day]N",
                  "sig": "@saao/saa08%akk-x-neoass:UD=ūmu[day//day]N'N$ūm",
                  "f": {
                    "lang": "akk-x-neoass",
                    "form": "UD",
                    "cf": "ūmu",
                    "gw": "day",
                    "sense": "day",
                    "norm": "ūm",
                    "pos": "N",
                    "epos": "N"
                  }
                },
                {
                  "node": "l",
                  "frag": "29-KAM₂",
                  "id": "P336406.l01f29",
                  "ref": "P336406.14.3",
                  "inst": "n",
                  "f": {
                    "lang": "akk-x-neoass",
                    "form": "29-KAM₂",
                    "pos": "n"
                  }
                },
                {
                  "node": "l",
                  "frag": "šu-u₂",
                  "id": "P336406.l01f2a",
                  "ref": "P336406.14.4",
                  "inst": "šû[it]IP",
                  "sig": "@saao/saa08%akk-x-neoass:šu-u₂=šū[he//it]IP'IP$šû",
                  "f": {
                    "lang": "akk-x-neoass",
                    "form": "šu-u₂",
                    "cf": "šū",
                    "gw": "he",
                    "sense": "it",
                    "norm": "šû",
                    "pos": "IP",
                    "epos": "IP"
                  }
                },
                {
                  "node": "l",
                  "frag": "[o]",
                  "id": "P336406.l01f2b",
                  "ref": "P336406.14.5",
                  "inst": "u",
                  "f": {
                    "lang": "akk-x-neoass",
                    "form": "o",
                    "pos": "u"
                  }
                },
                {
                  "node": "d",
                  "type": "line-start",
                  "ref": "P336406.15",
                  "n": "6",
                  "label": "r 6"
                },
                {
                  "node": "l",
                  "frag": "ina",
                  "id": "P336406.l01f2c",
                  "ref": "P336406.15.1",
                  "inst": "ina[in]PRP",
                  "sig": "@saao/saa08%akk-x-neoass:ina=ina[in//on]PRP'PRP$ina",
                  "f": {
                    "lang": "akk-x-neoass",
                    "form": "ina",
                    "cf": "ina",
                    "gw": "in",
                    "sense": "on",
                    "norm": "ina",
                    "pos": "PRP",
                    "epos": "PRP"
                  }
                },
                {
                  "node": "l",
                  "frag": "UGU-hi",
                  "id": "P336406.l01f2d",
                  "ref": "P336406.15.2",
                  "inst": "muhhi[skull]N",
                  "sig": "@saao/saa08%akk-x-neoass:UGU-hi=muhhu[skull//skull]N'N$muhhi",
                  "f": {
                    "lang": "akk-x-neoass",
                    "form": "UGU-hi",
                    "cf": "muhhu",
                    "gw": "skull",
                    "sense": "skull",
                    "norm": "muhhi",
                    "pos": "N",
                    "epos": "N"
                  }
                },
                {
                  "node": "l",
                  "frag": "qur-bu",
                  "id": "P336406.l01f2e",
                  "ref": "P336406.15.3",
                  "inst": "+qurbu[near//implicated]AJ'AJ$",
                  "sig": "@saao/saa08%akk-x-neoass:qur-bu=qurbu[near//implicated]AJ'AJ$qurbu",
                  "f": {
                    "lang": "akk-x-neoass",
                    "form": "qur-bu",
                    "cf": "qurbu",
                    "gw": "near",
                    "sense": "implicated",
                    "norm": "qurbu",
                    "pos": "AJ",
                    "epos": "AJ"
                  }
                },
                {
                  "node": "l",
                  "frag": "mi₃-i-nu",
                  "id": "P336406.l01f2f",
                  "ref": "P336406.15.4",
                  "inst": "mīnu[what?]QP",
                  "sig": "@saao/saa08%akk-x-neoass:mi₃-i-nu=mīnu[what?//what?]QP'QP$mīnu",
                  "f": {
                    "lang": "akk-x-neoass",
                    "form": "mi₃-i-nu",
                    "cf": "mīnu",
                    "gw": "what?",
                    "sense": "what?",
                    "norm": "mīnu",
                    "pos": "QP",
                    "epos": "QP"
                  }
                },
                {
                  "node": "d",
                  "type": "line-start",
                  "ref": "P336406.16",
                  "n": "7",
                  "label": "r 7"
                },
                {
                  "node": "l",
                  "frag": "ša",
                  "id": "P336406.l01f30",
                  "ref": "P336406.16.1",
                  "inst": "ša[that]REL",
                  "sig": "@saao/saa08%akk-x-neoass:ša=ša[that//that]REL'REL$ša",
                  "f": {
                    "lang": "akk-x-neoass",
                    "form": "ša",
                    "cf": "ša",
                    "gw": "that",
                    "sense": "that",
                    "norm": "ša",
                    "pos": "REL",
                    "epos": "REL"
                  }
                },
                {
                  "node": "l",
                  "frag": "LUGAL",
                  "id": "P336406.l01f31",
                  "ref": "P336406.16.2",
                  "inst": "šarru[king]N",
                  "sig": "@saao/saa08%akk-x-neoass:LUGAL=šarru[king//king]N'N$šarru",
                  "f": {
                    "lang": "akk-x-neoass",
                    "form": "LUGAL",
                    "cf": "šarru",
                    "gw": "king",
                    "sense": "king",
                    "norm": "šarru",
                    "pos": "N",
                    "epos": "N"
                  }
                },
                {
                  "node": "l",
                  "frag": "be-li₂",
                  "id": "P336406.l01f32",
                  "ref": "P336406.16.3",
                  "inst": "bēlī[lord]N",
                  "sig": "@saao/saa08%akk-x-neoass:be-li₂=bēlu[lord//lord]N'N$bēlī",
                  "f": {
                    "lang": "akk-x-neoass",
                    "form": "be-li₂",
                    "cf": "bēlu",
                    "gw": "lord",
                    "sense": "lord",
                    "norm": "bēlī",
                    "pos": "N",
                    "epos": "N"
                  }
                },
                {
                  "node": "l",
                  "frag": "i-qa-bu-u-[ni]",
                  "id": "P336406.l01f33",
                  "ref": "P336406.16.4",
                  "inst": "iqabbûni[say]V",
                  "sig": "@saao/saa08%akk-x-neoass:i-qa-bu-u-ni=qabû[say//say]V'V$iqabbûni",
                  "f": {
                    "lang": "akk-x-neoass",
                    "form": "i-qa-bu-u-ni",
                    "cf": "qabû",
                    "gw": "say",
                    "sense": "say",
                    "norm": "iqabbûni",
                    "pos": "V",
                    "epos": "V"
                  }
                },
                {
                  "node": "d",
                  "type": "nonx",
                  "ref": "P336406.17",
                  "strict": "1",
                  "extent": "n",
                  "scope": "line",
                  "state": "ruling"
                }
              ]
            }
          ]
        }
      ]
    }
  ]
}
