{
  "type": "cdl",
  "source": "http://oracc.org/saao/saa08",
  "license": "This data is released under the CC0 license",
  "license-url": "https://creativecommons.org/publicdomain/zero/1.0/",
  "more-info": "http://oracc.org/doc/opendata/",
  "UTC-timestamp": "2017-06-10T00:46:14",
  "project": "saao/saa08",
  "textid": "P336664",
  "cdl": [
    {
      "node": "c",
      "type": "text",
      "id": "P336664.U0",
      "cdl": [
        {
          "node": "d",
          "type": "object",
          "ref": ""
        },
        {
          "node": "d",
          "subtype": "obverse",
          "type": "obverse",
          "ref": "P336664.o.1",
          "label": "o"
        },
        {
          "node": "c",
          "type": "discourse",
          "subtype": "body",
          "id": "P336664.U1",
          "cdl": [
            {
              "node": "c",
              "type": "sentence",
              "id": "P336664.U2",
              "label": "o 1 - o 3",
              "cdl": [
                {
                  "node": "d",
                  "type": "line-start",
                  "ref": "P336664.2",
                  "n": "1",
                  "label": "o 1"
                },
                {
                  "node": "l",
                  "frag": "1",
                  "id": "P336664.l02a84",
                  "ref": "P336664.2.1",
                  "inst": "n",
                  "f": {
                    "lang": "akk-x-stdbab",
                    "form": "1",
                    "pos": "n"
                  }
                },
                {
                  "node": "l",
                  "frag": "30",
                  "id": "P336664.l02a85",
                  "ref": "P336664.2.2",
                  "inst": "Sin[1]DN",
                  "sig": "@saao/saa08%akk-x-stdbab:30=Sin[1//1]DN'DN$Sin",
                  "f": {
                    "lang": "akk-x-stdbab",
                    "form": "30",
                    "cf": "Sin",
                    "gw": "1",
                    "sense": "1",
                    "norm": "Sin",
                    "pos": "DN",
                    "epos": "DN"
                  }
                },
                {
                  "node": "l",
                  "frag": "ina",
                  "id": "P336664.l02a86",
                  "ref": "P336664.2.3",
                  "inst": "ina[in]PRP",
                  "sig": "@saao/saa08%akk-x-stdbab:ina=ina[in//in]PRP'PRP$ina",
                  "f": {
                    "lang": "akk-x-stdbab",
                    "form": "ina",
                    "cf": "ina",
                    "gw": "in",
                    "sense": "in",
                    "norm": "ina",
                    "pos": "PRP",
                    "epos": "PRP"
                  }
                },
                {
                  "node": "l",
                  "frag": "{iti}GUD]",
                  "id": "P336664.l02a87",
                  "ref": "P336664.2.4",
                  "inst": "Ayari[Iyyar]MN",
                  "sig": "@saao/saa08%akk-x-stdbab:{ITI}GUD=Ayaru[Iyyar//Iyyar]MN'MN$Ayari",
                  "f": {
                    "lang": "akk-x-stdbab",
                    "form": "{ITI}GUD",
                    "cf": "Ayaru",
                    "gw": "Iyyar",
                    "sense": "Iyyar",
                    "norm": "Ayari",
                    "pos": "MN",
                    "epos": "MN"
                  }
                },
                {
                  "node": "l",
                  "frag": "⸢UD⸣",
                  "id": "P336664.l02a88",
                  "ref": "P336664.2.5",
                  "inst": "ūm[day]N",
                  "sig": "@saao/saa08%akk-x-stdbab:UD=ūmu[day//day]N'N$ūm",
                  "f": {
                    "lang": "akk-x-stdbab",
                    "form": "UD",
                    "cf": "ūmu",
                    "gw": "day",
                    "sense": "day",
                    "norm": "ūm",
                    "pos": "N",
                    "epos": "N"
                  }
                },
                {
                  "node": "l",
                  "frag": "30-KAM₂",
                  "id": "P336664.l02a89",
                  "ref": "P336664.2.6",
                  "inst": "n",
                  "f": {
                    "lang": "akk-x-stdbab",
                    "form": "30-KAM₂",
                    "pos": "n"
                  }
                },
                {
                  "node": "l",
                  "frag": "IGI",
                  "id": "P336664.l02a8a",
                  "ref": "P336664.2.7",
                  "inst": "innamir[be(come) visible]V",
                  "sig": "@saao/saa08%akk-x-stdbab:IGI=amāru[see//be(come) visible]V'V$innamir",
                  "f": {
                    "lang": "akk-x-stdbab",
                    "form": "IGI",
                    "cf": "amāru",
                    "gw": "see",
                    "sense": "be(come) visible",
                    "norm": "innamir",
                    "pos": "V",
                    "epos": "V"
                  }
                },
                {
                  "node": "d",
                  "type": "line-start",
                  "ref": "P336664.3",
                  "n": "2",
                  "label": "o 2"
                },
                {
                  "node": "l",
                  "frag": "[KUR-MAR.TU{ki}-u₂",
                  "id": "P336664.l02a8b",
                  "ref": "P336664.3.1",
                  "inst": "+Mat-Amurriu[Westlander]EN$",
                  "sig": "@saao/saa08%akk-x-stdbab:KUR-MAR.TU{KI}-u₂=Mat-Amurriu[Westlander//Westlander]EN'EN$Mat-Amurriu",
                  "f": {
                    "lang": "akk-x-stdbab",
                    "form": "KUR-MAR.TU{KI}-u₂",
                    "cf": "Mat-Amurriu",
                    "gw": "Westlander",
                    "sense": "Westlander",
                    "norm": "Mat-Amurriu",
                    "pos": "EN",
                    "epos": "EN"
                  }
                },
                {
                  "node": "l",
                  "frag": "SU].BIR₄{ki}",
                  "id": "P336664.l02a8c",
                  "ref": "P336664.3.2",
                  "inst": "Subartu[1]GN",
                  "sig": "@saao/saa08%akk-x-stdbab:SU.BIR₄{KI}=Subartu[1//1]GN'GN$Subarta",
                  "f": {
                    "lang": "akk-x-stdbab",
                    "form": "SU.BIR₄{KI}",
                    "cf": "Subartu",
                    "gw": "1",
                    "sense": "1",
                    "norm": "Subarta",
                    "pos": "GN",
                    "epos": "GN"
                  }
                },
                {
                  "node": "d",
                  "type": "line-start",
                  "ref": "P336664.4",
                  "n": "3",
                  "label": "o 3"
                },
                {
                  "node": "l",
                  "frag": "[ina",
                  "id": "P336664.l02a8d",
                  "ref": "P336664.4.1",
                  "inst": "ina[with]PRP",
                  "sig": "@saao/saa08%akk-x-stdbab:ina=ina[in//with]PRP'PRP$ina",
                  "f": {
                    "lang": "akk-x-stdbab",
                    "form": "ina",
                    "cf": "ina",
                    "gw": "in",
                    "sense": "with",
                    "norm": "ina",
                    "pos": "PRP",
                    "epos": "PRP"
                  }
                },
                {
                  "node": "l",
                  "frag": "{giš}TUKUL]",
                  "id": "P336664.l02a8e",
                  "ref": "P336664.4.2",
                  "inst": "kakki[weapon]N",
                  "sig": "@saao/saa08%akk-x-stdbab:{GIŠ}TUKUL=kakku[stick//weapon]N'N$kakki",
                  "f": {
                    "lang": "akk-x-stdbab",
                    "form": "{GIŠ}TUKUL",
                    "cf": "kakku",
                    "gw": "stick",
                    "sense": "weapon",
                    "norm": "kakki",
                    "pos": "N",
                    "epos": "N"
                  }
                },
                {
                  "node": "l",
                  "frag": "⸢GAZ⸣-ak",
                  "id": "P336664.l02a8f",
                  "ref": "P336664.4.3",
                  "inst": "+dâku[kill//defeat]V'V$idâk",
                  "sig": "@saao/saa08%akk-x-stdbab:GAZ-ak=dâku[kill//defeat]V'V$idâk",
                  "f": {
                    "lang": "akk-x-stdbab",
                    "form": "GAZ-ak",
                    "cf": "dâku",
                    "gw": "kill",
                    "sense": "defeat",
                    "norm": "idâk",
                    "pos": "V",
                    "epos": "V"
                  }
                },
                {
                  "node": "d",
                  "type": "nonx",
                  "ref": "P336664.5",
                  "strict": "1",
                  "extent": "n",
                  "scope": "line",
                  "state": "ruling"
                },
                {
                  "node": "d",
                  "type": "nonx",
                  "ref": "P336664.6",
                  "strict": "0",
                  "extent": "rest",
                  "state": "missing"
                },
                {
                  "node": "d",
                  "subtype": "reverse",
                  "type": "reverse",
                  "ref": "P336664.r.7",
                  "label": "r"
                },
                {
                  "node": "d",
                  "type": "nonx",
                  "ref": "P336664.8",
                  "strict": "0",
                  "state": "missing"
                }
              ]
            }
          ]
        }
      ]
    }
  ]
}
