{
  "type": "cdl",
  "source": "http://oracc.org/saao/saa14",
  "license": "This data is released under the CC0 license",
  "license-url": "https://creativecommons.org/publicdomain/zero/1.0/",
  "more-info": "http://oracc.org/doc/opendata/",
  "UTC-timestamp": "2017-06-10T00:53:34",
  "project": "saao/saa14",
  "textid": "P335060",
  "cdl": [
    {
      "node": "c",
      "type": "text",
      "id": "P335060.U0",
      "cdl": [
        {
          "node": "d",
          "type": "object",
          "ref": ""
        },
        {
          "node": "d",
          "subtype": "obverse",
          "type": "obverse",
          "ref": "P335060.o.1",
          "label": "o"
        },
        {
          "node": "c",
          "type": "discourse",
          "subtype": "body",
          "id": "P335060.U1",
          "cdl": [
            {
              "node": "c",
              "type": "sentence",
              "id": "P335060.U2",
              "label": "o 1 - r 1'",
              "cdl": [
                {
                  "node": "d",
                  "type": "line-start",
                  "ref": "P335060.2",
                  "n": "1",
                  "label": "o 1"
                },
                {
                  "node": "l",
                  "frag": "[x",
                  "id": "P335060.l04a1c",
                  "ref": "P335060.2.1",
                  "inst": "u",
                  "f": {
                    "lang": "akk-x-neoass",
                    "form": "x",
                    "pos": "u"
                  }
                },
                {
                  "node": "l",
                  "frag": "x",
                  "id": "P335060.l04a1d",
                  "ref": "P335060.2.2",
                  "inst": "u",
                  "f": {
                    "lang": "akk-x-neoass",
                    "form": "x",
                    "pos": "u"
                  }
                },
                {
                  "node": "l",
                  "frag": "x]+⸢x⸣",
                  "id": "P335060.l04a1e",
                  "ref": "P335060.2.3",
                  "inst": "u",
                  "f": {
                    "lang": "akk-x-neoass",
                    "form": "x+x",
                    "pos": "u"
                  }
                },
                {
                  "node": "l",
                  "frag": "KUG.UD",
                  "id": "P335060.l04a1f",
                  "ref": "P335060.2.4",
                  "inst": "ṣarpu[silver]N",
                  "sig": "@saao/saa14%akk-x-neoass:KUG.UD=ṣarpu[silver//silver]N'N$ṣarpi",
                  "f": {
                    "lang": "akk-x-neoass",
                    "form": "KUG.UD",
                    "cf": "ṣarpu",
                    "gw": "silver",
                    "sense": "silver",
                    "norm": "ṣarpi",
                    "pos": "N",
                    "epos": "N"
                  }
                },
                {
                  "node": "l",
                  "frag": "{1}[x",
                  "id": "P335060.l04a20",
                  "ref": "P335060.2.5",
                  "inst": "u",
                  "f": {
                    "lang": "akk-x-neoass",
                    "form": "{1}x",
                    "pos": "u"
                  }
                },
                {
                  "node": "l",
                  "frag": "x",
                  "id": "P335060.l04a21",
                  "ref": "P335060.2.6",
                  "inst": "u",
                  "f": {
                    "lang": "akk-x-neoass",
                    "form": "x",
                    "pos": "u"
                  }
                },
                {
                  "node": "l",
                  "frag": "x",
                  "id": "P335060.l04a22",
                  "ref": "P335060.2.7",
                  "inst": "u",
                  "f": {
                    "lang": "akk-x-neoass",
                    "form": "x",
                    "pos": "u"
                  }
                },
                {
                  "node": "l",
                  "frag": "x]",
                  "id": "P335060.l04a23",
                  "ref": "P335060.2.8",
                  "inst": "u",
                  "f": {
                    "lang": "akk-x-neoass",
                    "form": "x",
                    "pos": "u"
                  }
                },
                {
                  "node": "d",
                  "type": "line-start",
                  "ref": "P335060.3",
                  "n": "2",
                  "label": "o 2"
                },
                {
                  "node": "l",
                  "frag": "[x",
                  "id": "P335060.l04a24",
                  "ref": "P335060.3.1",
                  "inst": "u",
                  "f": {
                    "lang": "akk-x-neoass",
                    "form": "x",
                    "pos": "u"
                  }
                },
                {
                  "node": "l",
                  "frag": "x",
                  "id": "P335060.l04a25",
                  "ref": "P335060.3.2",
                  "inst": "u",
                  "f": {
                    "lang": "akk-x-neoass",
                    "form": "x",
                    "pos": "u"
                  }
                },
                {
                  "node": "l",
                  "frag": "x",
                  "id": "P335060.l04a26",
                  "ref": "P335060.3.3",
                  "inst": "u",
                  "f": {
                    "lang": "akk-x-neoass",
                    "form": "x",
                    "pos": "u"
                  }
                },
                {
                  "node": "l",
                  "frag": "{1}{d}AMAR.UTU-ŠEŠ",
                  "id": "P335060.l04a27",
                  "ref": "P335060.3.4",
                  "inst": "Marduk-naṣir[1]PN$",
                  "sig": "@saao/saa14%akk-x-neoass:{1}{d}AMAR.UTU-ŠEŠ=Marduk-naṣir[1//1]PN'PN$Marduk-naṣir",
                  "f": {
                    "lang": "akk-x-neoass",
                    "form": "{1}{d}AMAR.UTU-ŠEŠ",
                    "cf": "Marduk-naṣir",
                    "gw": "1",
                    "sense": "1",
                    "norm": "Marduk-naṣir",
                    "pos": "PN",
                    "epos": "PN"
                  }
                },
                {
                  "node": "l",
                  "frag": "A",
                  "id": "P335060.l04a28",
                  "ref": "P335060.3.5",
                  "inst": "mār[son]N",
                  "sig": "@saao/saa14%akk-x-neoass:A=māru[son//son]N'N$mār",
                  "f": {
                    "lang": "akk-x-neoass",
                    "form": "A",
                    "cf": "māru",
                    "gw": "son",
                    "sense": "son",
                    "norm": "mār",
                    "pos": "N",
                    "epos": "N"
                  }
                },
                {
                  "node": "l",
                  "frag": "[x",
                  "id": "P335060.l04a29",
                  "ref": "P335060.3.6",
                  "inst": "u",
                  "f": {
                    "lang": "akk-x-neoass",
                    "form": "x",
                    "pos": "u"
                  }
                },
                {
                  "node": "l",
                  "frag": "x",
                  "id": "P335060.l04a2a",
                  "ref": "P335060.3.7",
                  "inst": "u",
                  "f": {
                    "lang": "akk-x-neoass",
                    "form": "x",
                    "pos": "u"
                  }
                },
                {
                  "node": "l",
                  "frag": "x]",
                  "id": "P335060.l04a2b",
                  "ref": "P335060.3.8",
                  "inst": "u",
                  "f": {
                    "lang": "akk-x-neoass",
                    "form": "x",
                    "pos": "u"
                  }
                },
                {
                  "node": "d",
                  "type": "line-start",
                  "ref": "P335060.4",
                  "n": "3",
                  "label": "o 3"
                },
                {
                  "node": "l",
                  "frag": "[x",
                  "id": "P335060.l04a2c",
                  "ref": "P335060.4.1",
                  "inst": "u",
                  "f": {
                    "lang": "akk-x-neoass",
                    "form": "x",
                    "pos": "u"
                  }
                },
                {
                  "node": "l",
                  "frag": "x",
                  "id": "P335060.l04a2d",
                  "ref": "P335060.4.2",
                  "inst": "u",
                  "f": {
                    "lang": "akk-x-neoass",
                    "form": "x",
                    "pos": "u"
                  }
                },
                {
                  "node": "l",
                  "frag": "x",
                  "id": "P335060.l04a2e",
                  "ref": "P335060.4.3",
                  "inst": "u",
                  "f": {
                    "lang": "akk-x-neoass",
                    "form": "x",
                    "pos": "u"
                  }
                },
                {
                  "node": "l",
                  "frag": "x]+⸢x⸣",
                  "id": "P335060.l04a2f",
                  "ref": "P335060.4.4",
                  "inst": "u",
                  "f": {
                    "lang": "akk-x-neoass",
                    "form": "x+x",
                    "pos": "u"
                  }
                },
                {
                  "node": "l",
                  "frag": "UD",
                  "id": "P335060.l04a30",
                  "ref": "P335060.4.5",
                  "inst": "ūm[day]N",
                  "sig": "@saao/saa14%akk-x-neoass:UD=ūmu[day//day]N'N$ūm",
                  "f": {
                    "lang": "akk-x-neoass",
                    "form": "UD",
                    "cf": "ūmu",
                    "gw": "day",
                    "sense": "day",
                    "norm": "ūm",
                    "pos": "N",
                    "epos": "N"
                  }
                },
                {
                  "node": "l",
                  "frag": "15-KAM₂\\t",
                  "id": "P335060.l04a31",
                  "ref": "P335060.4.6",
                  "inst": "n",
                  "f": {
                    "lang": "akk-x-neoass",
                    "form": "15-KAM₂",
                    "pos": "n"
                  }
                },
                {
                  "node": "l",
                  "frag": "ša₂",
                  "id": "P335060.l04a32",
                  "ref": "P335060.4.7",
                  "inst": "ša[of]DET",
                  "sig": "@saao/saa14%akk-x-neoass:ša₂=ša[of//of]DET'DET$ša",
                  "f": {
                    "lang": "akk-x-neoass",
                    "form": "ša₂",
                    "cf": "ša",
                    "gw": "of",
                    "sense": "of",
                    "norm": "ša",
                    "pos": "DET",
                    "epos": "DET"
                  }
                },
                {
                  "node": "l",
                  "frag": "{iti}⸢BARAG⸣",
                  "id": "P335060.l04a33",
                  "ref": "P335060.4.8",
                  "inst": "Nisanni[Nisan]MN",
                  "sig": "@saao/saa14%akk-x-neoass:{ITI}BARAG=Nisannu[Nisan//Nisan]MN'MN$Nisanni",
                  "f": {
                    "lang": "akk-x-neoass",
                    "form": "{ITI}BARAG",
                    "cf": "Nisannu",
                    "gw": "Nisan",
                    "sense": "Nisan",
                    "norm": "Nisanni",
                    "pos": "MN",
                    "epos": "MN"
                  }
                },
                {
                  "node": "d",
                  "type": "line-start",
                  "ref": "P335060.5",
                  "n": "4",
                  "label": "o 4"
                },
                {
                  "node": "l",
                  "frag": "[ina",
                  "id": "P335060.l04a34",
                  "ref": "P335060.5.1",
                  "inst": "ina[by]PRP",
                  "sig": "@saao/saa14%akk-x-neoass:ina=ina[in//by]PRP'PRP$ina",
                  "f": {
                    "lang": "akk-x-neoass",
                    "form": "ina",
                    "cf": "ina",
                    "gw": "in",
                    "sense": "by",
                    "norm": "ina",
                    "pos": "PRP",
                    "epos": "PRP"
                  }
                },
                {
                  "node": "l",
                  "frag": "ma]-⸢ne₂⸣-e",
                  "id": "P335060.l04a35",
                  "ref": "P335060.5.2",
                  "inst": "manê[a unit of weight]N",
                  "sig": "@saao/saa14%akk-x-neoass:ma-ne₂-e=manû[unit//a unit of weight]N'N$manê",
                  "f": {
                    "lang": "akk-x-neoass",
                    "form": "ma-ne₂-e",
                    "cf": "manû",
                    "gw": "unit",
                    "sense": "a unit of weight",
                    "norm": "manê",
                    "pos": "N",
                    "epos": "N"
                  }
                },
                {
                  "node": "l",
                  "frag": "01",
                  "id": "P335060.l04a36",
                  "ref": "P335060.5.3",
                  "inst": "n",
                  "f": {
                    "lang": "akk-x-neoass",
                    "form": "01",
                    "pos": "n"
                  }
                },
                {
                  "node": "l",
                  "frag": "GIN₂",
                  "id": "P335060.l04a37",
                  "ref": "P335060.5.4",
                  "inst": "šiqlu[a unit of weight]N",
                  "sig": "@saao/saa14%akk-x-neoass:GIN₂=šiqlu[unit//a unit of weight]N'N$šiqlu",
                  "f": {
                    "lang": "akk-x-neoass",
                    "form": "GIN₂",
                    "cf": "šiqlu",
                    "gw": "unit",
                    "sense": "a unit of weight",
                    "norm": "šiqlu",
                    "pos": "N",
                    "epos": "N"
                  }
                },
                {
                  "node": "l",
                  "frag": "KUG.UD",
                  "id": "P335060.l04a38",
                  "ref": "P335060.5.5",
                  "inst": "ṣarpu[silver]N",
                  "sig": "@saao/saa14%akk-x-neoass:KUG.UD=ṣarpu[silver//silver]N'N$ṣarpi",
                  "f": {
                    "lang": "akk-x-neoass",
                    "form": "KUG.UD",
                    "cf": "ṣarpu",
                    "gw": "silver",
                    "sense": "silver",
                    "norm": "ṣarpi",
                    "pos": "N",
                    "epos": "N"
                  }
                },
                {
                  "node": "l",
                  "frag": "[x",
                  "id": "P335060.l04a39",
                  "ref": "P335060.5.6",
                  "inst": "u",
                  "f": {
                    "lang": "akk-x-neoass",
                    "form": "x",
                    "pos": "u"
                  }
                },
                {
                  "node": "l",
                  "frag": "x",
                  "id": "P335060.l04a3a",
                  "ref": "P335060.5.7",
                  "inst": "u",
                  "f": {
                    "lang": "akk-x-neoass",
                    "form": "x",
                    "pos": "u"
                  }
                },
                {
                  "node": "l",
                  "frag": "x]",
                  "id": "P335060.l04a3b",
                  "ref": "P335060.5.8",
                  "inst": "u",
                  "f": {
                    "lang": "akk-x-neoass",
                    "form": "x",
                    "pos": "u"
                  }
                },
                {
                  "node": "d",
                  "type": "nonx",
                  "ref": "P335060.6",
                  "strict": "1",
                  "extent": "n",
                  "scope": "line",
                  "state": "ruling",
                  "flags": "!"
                },
                {
                  "node": "d",
                  "type": "line-start",
                  "ref": "P335060.7",
                  "n": "5",
                  "label": "o 5"
                },
                {
                  "node": "l",
                  "frag": "[x",
                  "id": "P335060.l04a3c",
                  "ref": "P335060.7.1",
                  "inst": "u",
                  "f": {
                    "lang": "akk-x-neoass",
                    "form": "x",
                    "pos": "u"
                  }
                },
                {
                  "node": "l",
                  "frag": "x",
                  "id": "P335060.l04a3d",
                  "ref": "P335060.7.2",
                  "inst": "u",
                  "f": {
                    "lang": "akk-x-neoass",
                    "form": "x",
                    "pos": "u"
                  }
                },
                {
                  "node": "l",
                  "frag": "x",
                  "id": "P335060.l04a3e",
                  "ref": "P335060.7.3",
                  "inst": "u",
                  "f": {
                    "lang": "akk-x-neoass",
                    "form": "x",
                    "pos": "u"
                  }
                },
                {
                  "node": "l",
                  "frag": "mu]-kin-⸢nu⸣",
                  "id": "P335060.l04a3f",
                  "ref": "P335060.7.4",
                  "inst": "u",
                  "f": {
                    "lang": "akk-x-neoass",
                    "form": "mu-kin-nu",
                    "pos": "u"
                  }
                },
                {
                  "node": "l",
                  "frag": "{1}ṣil-la-a-[a",
                  "id": "P335060.l04a40",
                  "ref": "P335060.7.5",
                  "inst": "Ṣillaya[1]PN$",
                  "sig": "@saao/saa14%akk-x-neoass:{1}ṣil-la-a-a=Ṣillaya[1//1]PN'PN$Ṣillaya",
                  "f": {
                    "lang": "akk-x-neoass",
                    "form": "{1}ṣil-la-a-a",
                    "cf": "Ṣillaya",
                    "gw": "1",
                    "sense": "1",
                    "norm": "Ṣillaya",
                    "pos": "PN",
                    "epos": "PN"
                  }
                },
                {
                  "node": "l",
                  "frag": "x",
                  "id": "P335060.l04a41",
                  "ref": "P335060.7.6",
                  "inst": "u",
                  "f": {
                    "lang": "akk-x-neoass",
                    "form": "x",
                    "pos": "u"
                  }
                },
                {
                  "node": "l",
                  "frag": "x",
                  "id": "P335060.l04a42",
                  "ref": "P335060.7.7",
                  "inst": "u",
                  "f": {
                    "lang": "akk-x-neoass",
                    "form": "x",
                    "pos": "u"
                  }
                },
                {
                  "node": "l",
                  "frag": "x]",
                  "id": "P335060.l04a43",
                  "ref": "P335060.7.8",
                  "inst": "u",
                  "f": {
                    "lang": "akk-x-neoass",
                    "form": "x",
                    "pos": "u"
                  }
                },
                {
                  "node": "d",
                  "type": "line-start",
                  "ref": "P335060.8",
                  "n": "6",
                  "label": "o 6"
                },
                {
                  "node": "l",
                  "frag": "{1}x",
                  "id": "P335060.l04a44",
                  "ref": "P335060.8.1",
                  "inst": "u",
                  "f": {
                    "lang": "akk-x-neoass",
                    "form": "{1}x",
                    "pos": "u"
                  }
                },
                {
                  "node": "l",
                  "frag": "x",
                  "id": "P335060.l04a45",
                  "ref": "P335060.8.2",
                  "inst": "u",
                  "f": {
                    "lang": "akk-x-neoass",
                    "form": "x",
                    "pos": "u"
                  }
                },
                {
                  "node": "l",
                  "frag": "x]-bi",
                  "id": "P335060.l04a46",
                  "ref": "P335060.8.3",
                  "inst": "u",
                  "f": {
                    "lang": "akk-x-neoass",
                    "form": "x-bi",
                    "pos": "u"
                  }
                },
                {
                  "node": "l",
                  "frag": "A-šu₂",
                  "id": "P335060.l04a47",
                  "ref": "P335060.8.4",
                  "inst": "māršu[son]N",
                  "sig": "@saao/saa14%akk-x-neoass:A-šu₂=māru[son//son]N'N$māršu",
                  "f": {
                    "lang": "akk-x-neoass",
                    "form": "A-šu₂",
                    "cf": "māru",
                    "gw": "son",
                    "sense": "son",
                    "norm": "māršu",
                    "pos": "N",
                    "epos": "N"
                  }
                },
                {
                  "node": "l",
                  "frag": "ša₂",
                  "id": "P335060.l04a48",
                  "ref": "P335060.8.5",
                  "inst": "ša[of]DET",
                  "sig": "@saao/saa14%akk-x-neoass:ša₂=ša[of//of]DET'DET$ša",
                  "f": {
                    "lang": "akk-x-neoass",
                    "form": "ša₂",
                    "cf": "ša",
                    "gw": "of",
                    "sense": "of",
                    "norm": "ša",
                    "pos": "DET",
                    "epos": "DET"
                  }
                },
                {
                  "node": "l",
                  "frag": "{1}x",
                  "id": "P335060.l04a49",
                  "ref": "P335060.8.6",
                  "inst": "u",
                  "f": {
                    "lang": "akk-x-neoass",
                    "form": "{1}x",
                    "pos": "u"
                  }
                },
                {
                  "node": "l",
                  "frag": "x",
                  "id": "P335060.l04a4a",
                  "ref": "P335060.8.7",
                  "inst": "u",
                  "f": {
                    "lang": "akk-x-neoass",
                    "form": "x",
                    "pos": "u"
                  }
                },
                {
                  "node": "l",
                  "frag": "x]",
                  "id": "P335060.l04a4b",
                  "ref": "P335060.8.8",
                  "inst": "u",
                  "f": {
                    "lang": "akk-x-neoass",
                    "form": "x",
                    "pos": "u"
                  }
                },
                {
                  "node": "d",
                  "type": "line-start",
                  "ref": "P335060.9",
                  "n": "7",
                  "label": "o 7"
                },
                {
                  "node": "l",
                  "frag": "{1}x",
                  "id": "P335060.l04a4c",
                  "ref": "P335060.9.1",
                  "inst": "u",
                  "f": {
                    "lang": "akk-x-neoass",
                    "form": "{1}x",
                    "pos": "u"
                  }
                },
                {
                  "node": "l",
                  "frag": "x",
                  "id": "P335060.l04a4d",
                  "ref": "P335060.9.2",
                  "inst": "u",
                  "f": {
                    "lang": "akk-x-neoass",
                    "form": "x",
                    "pos": "u"
                  }
                },
                {
                  "node": "l",
                  "frag": "x]-a",
                  "id": "P335060.l04a4e",
                  "ref": "P335060.9.3",
                  "inst": "u",
                  "f": {
                    "lang": "akk-x-neoass",
                    "form": "x-a",
                    "pos": "u"
                  }
                },
                {
                  "node": "l",
                  "frag": "A-šu₂",
                  "id": "P335060.l04a4f",
                  "ref": "P335060.9.4",
                  "inst": "māršu[son]N",
                  "sig": "@saao/saa14%akk-x-neoass:A-šu₂=māru[son//son]N'N$māršu",
                  "f": {
                    "lang": "akk-x-neoass",
                    "form": "A-šu₂",
                    "cf": "māru",
                    "gw": "son",
                    "sense": "son",
                    "norm": "māršu",
                    "pos": "N",
                    "epos": "N"
                  }
                },
                {
                  "node": "l",
                  "frag": "ša₂",
                  "id": "P335060.l04a50",
                  "ref": "P335060.9.5",
                  "inst": "ša[of]DET",
                  "sig": "@saao/saa14%akk-x-neoass:ša₂=ša[of//of]DET'DET$ša",
                  "f": {
                    "lang": "akk-x-neoass",
                    "form": "ša₂",
                    "cf": "ša",
                    "gw": "of",
                    "sense": "of",
                    "norm": "ša",
                    "pos": "DET",
                    "epos": "DET"
                  }
                },
                {
                  "node": "l",
                  "frag": "{1}[x",
                  "id": "P335060.l04a51",
                  "ref": "P335060.9.6",
                  "inst": "u",
                  "f": {
                    "lang": "akk-x-neoass",
                    "form": "{1}x",
                    "pos": "u"
                  }
                },
                {
                  "node": "l",
                  "frag": "x",
                  "id": "P335060.l04a52",
                  "ref": "P335060.9.7",
                  "inst": "u",
                  "f": {
                    "lang": "akk-x-neoass",
                    "form": "x",
                    "pos": "u"
                  }
                },
                {
                  "node": "l",
                  "frag": "x]",
                  "id": "P335060.l04a53",
                  "ref": "P335060.9.8",
                  "inst": "u",
                  "f": {
                    "lang": "akk-x-neoass",
                    "form": "x",
                    "pos": "u"
                  }
                },
                {
                  "node": "d",
                  "type": "line-start",
                  "ref": "P335060.10",
                  "n": "8",
                  "label": "o 8"
                },
                {
                  "node": "l",
                  "frag": "{1}x",
                  "id": "P335060.l04a54",
                  "ref": "P335060.10.1",
                  "inst": "u",
                  "f": {
                    "lang": "akk-x-neoass",
                    "form": "{1}x",
                    "pos": "u"
                  }
                },
                {
                  "node": "l",
                  "frag": "x",
                  "id": "P335060.l04a55",
                  "ref": "P335060.10.2",
                  "inst": "u",
                  "f": {
                    "lang": "akk-x-neoass",
                    "form": "x",
                    "pos": "u"
                  }
                },
                {
                  "node": "l",
                  "frag": "x]-tu₂",
                  "id": "P335060.l04a56",
                  "ref": "P335060.10.3",
                  "inst": "u",
                  "f": {
                    "lang": "akk-x-neoass",
                    "form": "x-tu₂",
                    "pos": "u"
                  }
                },
                {
                  "node": "l",
                  "frag": "A-šu₂",
                  "id": "P335060.l04a57",
                  "ref": "P335060.10.4",
                  "inst": "māršu[son]N",
                  "sig": "@saao/saa14%akk-x-neoass:A-šu₂=māru[son//son]N'N$māršu",
                  "f": {
                    "lang": "akk-x-neoass",
                    "form": "A-šu₂",
                    "cf": "māru",
                    "gw": "son",
                    "sense": "son",
                    "norm": "māršu",
                    "pos": "N",
                    "epos": "N"
                  }
                },
                {
                  "node": "l",
                  "frag": "ša₂",
                  "id": "P335060.l04a58",
                  "ref": "P335060.10.5",
                  "inst": "ša[of]DET",
                  "sig": "@saao/saa14%akk-x-neoass:ša₂=ša[of//of]DET'DET$ša",
                  "f": {
                    "lang": "akk-x-neoass",
                    "form": "ša₂",
                    "cf": "ša",
                    "gw": "of",
                    "sense": "of",
                    "norm": "ša",
                    "pos": "DET",
                    "epos": "DET"
                  }
                },
                {
                  "node": "l",
                  "frag": "{1}x",
                  "id": "P335060.l04a59",
                  "ref": "P335060.10.6",
                  "inst": "u",
                  "f": {
                    "lang": "akk-x-neoass",
                    "form": "{1}x",
                    "pos": "u"
                  }
                },
                {
                  "node": "l",
                  "frag": "x",
                  "id": "P335060.l04a5a",
                  "ref": "P335060.10.7",
                  "inst": "u",
                  "f": {
                    "lang": "akk-x-neoass",
                    "form": "x",
                    "pos": "u"
                  }
                },
                {
                  "node": "l",
                  "frag": "x]",
                  "id": "P335060.l04a5b",
                  "ref": "P335060.10.8",
                  "inst": "u",
                  "f": {
                    "lang": "akk-x-neoass",
                    "form": "x",
                    "pos": "u"
                  }
                },
                {
                  "node": "d",
                  "type": "nonx",
                  "ref": "P335060.11",
                  "strict": "0",
                  "extent": "rest",
                  "state": "missing"
                },
                {
                  "node": "d",
                  "subtype": "reverse",
                  "type": "reverse",
                  "ref": "P335060.r.12",
                  "label": "r"
                },
                {
                  "node": "d",
                  "type": "nonx",
                  "ref": "P335060.13",
                  "strict": "0",
                  "extent": "beginning",
                  "state": "missing"
                },
                {
                  "node": "d",
                  "type": "line-start",
                  "ref": "P335060.14",
                  "n": "1'",
                  "label": "r 1'"
                },
                {
                  "node": "l",
                  "frag": "[x",
                  "id": "P335060.l04a5c",
                  "ref": "P335060.14.1",
                  "inst": "u",
                  "f": {
                    "lang": "akk-x-neoass",
                    "form": "x",
                    "pos": "u"
                  }
                },
                {
                  "node": "l",
                  "frag": "x",
                  "id": "P335060.l04a5d",
                  "ref": "P335060.14.2",
                  "inst": "u",
                  "f": {
                    "lang": "akk-x-neoass",
                    "form": "x",
                    "pos": "u"
                  }
                },
                {
                  "node": "l",
                  "frag": "x]",
                  "id": "P335060.l04a5e",
                  "ref": "P335060.14.3",
                  "inst": "u",
                  "f": {
                    "lang": "akk-x-neoass",
                    "form": "x",
                    "pos": "u"
                  }
                },
                {
                  "node": "l",
                  "frag": "{kur}NIM.MA",
                  "id": "P335060.l04a5f",
                  "ref": "P335060.14.4",
                  "inst": "Elamti[Elam]GN",
                  "sig": "@saao/saa14%akk-x-neoass:{KUR}NIM.MA=Elamtu[Elam//Elam]GN'GN$Elamti",
                  "f": {
                    "lang": "akk-x-neoass",
                    "form": "{KUR}NIM.MA",
                    "cf": "Elamtu",
                    "gw": "Elam",
                    "sense": "Elam",
                    "norm": "Elamti",
                    "pos": "GN",
                    "epos": "GN"
                  }
                },
                {
                  "node": "l",
                  "frag": "[x",
                  "id": "P335060.l04a60",
                  "ref": "P335060.14.5",
                  "inst": "u",
                  "f": {
                    "lang": "akk-x-neoass",
                    "form": "x",
                    "pos": "u"
                  }
                },
                {
                  "node": "l",
                  "frag": "x",
                  "id": "P335060.l04a61",
                  "ref": "P335060.14.6",
                  "inst": "u",
                  "f": {
                    "lang": "akk-x-neoass",
                    "form": "x",
                    "pos": "u"
                  }
                },
                {
                  "node": "l",
                  "frag": "x",
                  "id": "P335060.l04a62",
                  "ref": "P335060.14.7",
                  "inst": "u",
                  "f": {
                    "lang": "akk-x-neoass",
                    "form": "x",
                    "pos": "u"
                  }
                },
                {
                  "node": "l",
                  "frag": "x",
                  "id": "P335060.l04a63",
                  "ref": "P335060.14.8",
                  "inst": "u",
                  "f": {
                    "lang": "akk-x-neoass",
                    "form": "x",
                    "pos": "u"
                  }
                },
                {
                  "node": "l",
                  "frag": "x]",
                  "id": "P335060.l04a64",
                  "ref": "P335060.14.9",
                  "inst": "u",
                  "f": {
                    "lang": "akk-x-neoass",
                    "form": "x",
                    "pos": "u"
                  }
                },
                {
                  "node": "d",
                  "type": "nonx",
                  "ref": "P335060.15",
                  "strict": "0",
                  "extent": "rest",
                  "state": "other"
                }
              ]
            }
          ]
        }
      ]
    }
  ]
}
