{
  "type": "cdl",
  "source": "http://oracc.org/saao/saa14",
  "license": "This data is released under the CC0 license",
  "license-url": "https://creativecommons.org/publicdomain/zero/1.0/",
  "more-info": "http://oracc.org/doc/opendata/",
  "UTC-timestamp": "2017-06-10T00:53:30",
  "project": "saao/saa14",
  "textid": "P335961",
  "cdl": [
    {
      "node": "c",
      "type": "text",
      "id": "P335961.U0",
      "cdl": [
        {
          "node": "d",
          "type": "object",
          "ref": ""
        },
        {
          "node": "d",
          "subtype": "obverse",
          "type": "obverse",
          "ref": "P335961.o.1",
          "label": "o"
        },
        {
          "node": "c",
          "type": "discourse",
          "subtype": "body",
          "id": "P335961.U1",
          "cdl": [
            {
              "node": "c",
              "type": "sentence",
              "id": "P335961.U2",
              "label": "o 1 - b.e. 18",
              "cdl": [
                {
                  "node": "d",
                  "type": "line-start",
                  "ref": "P335961.2",
                  "n": "1",
                  "label": "o 1"
                },
                {
                  "node": "l",
                  "frag": "ku-um",
                  "id": "P335961.l03bdc",
                  "ref": "P335961.2.1",
                  "inst": "kūm[instead of]PRP",
                  "sig": "@saao/saa14%akk-x-neoass:ku-um=kūm[instead of//instead of]PRP'PRP$kūm",
                  "f": {
                    "lang": "akk-x-neoass",
                    "form": "ku-um",
                    "cf": "kūm",
                    "gw": "instead of",
                    "sense": "instead of",
                    "norm": "kūm",
                    "pos": "PRP",
                    "epos": "PRP"
                  }
                },
                {
                  "node": "l",
                  "frag": "{na₄}KIŠIB-šu₂",
                  "id": "P335961.l03bdd",
                  "ref": "P335961.2.2",
                  "inst": "kunukkīšu[seal]N",
                  "sig": "@saao/saa14%akk-x-neoass:{NA₄}KIŠIB-šu₂=kunukku[seal//seal]N'N$kunukkīšu",
                  "f": {
                    "lang": "akk-x-neoass",
                    "form": "{NA₄}KIŠIB-šu₂",
                    "cf": "kunukku",
                    "gw": "seal",
                    "sense": "seal",
                    "norm": "kunukkīšu",
                    "pos": "N",
                    "epos": "N"
                  }
                },
                {
                  "node": "l",
                  "frag": "[ṣu-pur-šu₂",
                  "id": "P335961.l03bde",
                  "ref": "P335961.2.3",
                  "inst": "ṣupuršu[fingernail]N",
                  "sig": "@saao/saa14%akk-x-neoass:ṣu-pur-šu₂=ṣupru[nail//fingernail]N'N$ṣupuršu",
                  "f": {
                    "lang": "akk-x-neoass",
                    "form": "ṣu-pur-šu₂",
                    "cf": "ṣupru",
                    "gw": "nail",
                    "sense": "fingernail",
                    "norm": "ṣupuršu",
                    "pos": "N",
                    "epos": "N"
                  }
                },
                {
                  "node": "l",
                  "frag": "GAR]",
                  "id": "P335961.l03bdf",
                  "ref": "P335961.2.4",
                  "inst": "išakkan[place]V",
                  "sig": "@saao/saa14%akk-x-neoass:GAR=šakānu[put//place]V'V$išakkan",
                  "f": {
                    "lang": "akk-x-neoass",
                    "form": "GAR",
                    "cf": "šakānu",
                    "gw": "put",
                    "sense": "place",
                    "norm": "išakkan",
                    "pos": "V",
                    "epos": "V"
                  }
                },
                {
                  "node": "d",
                  "type": "line-start",
                  "ref": "P335961.3",
                  "n": "2",
                  "label": "o 2"
                },
                {
                  "node": "l",
                  "frag": "ṣu-pur",
                  "id": "P335961.l03be0",
                  "ref": "P335961.3.1",
                  "inst": "ṣupur[fingernail]N",
                  "sig": "@saao/saa14%akk-x-neoass:ṣu-pur=ṣupru[nail//fingernail]N'N$ṣupur",
                  "f": {
                    "lang": "akk-x-neoass",
                    "form": "ṣu-pur",
                    "cf": "ṣupru",
                    "gw": "nail",
                    "sense": "fingernail",
                    "norm": "ṣupur",
                    "pos": "N",
                    "epos": "N"
                  }
                },
                {
                  "node": "l",
                  "frag": "{1}u-paq",
                  "id": "P335961.l03be1",
                  "ref": "P335961.3.2",
                  "inst": "Upaqu[1]PN$Upaq",
                  "sig": "@saao/saa14%akk-x-neoass:{1}u-paq=Upaqu[1//1]PN'PN$Upaq",
                  "f": {
                    "lang": "akk-x-neoass",
                    "form": "{1}u-paq",
                    "cf": "Upaqu",
                    "gw": "1",
                    "sense": "1",
                    "norm": "Upaq",
                    "pos": "PN",
                    "epos": "PN"
                  }
                },
                {
                  "node": "l",
                  "frag": "[EN",
                  "id": "P335961.l03be2",
                  "ref": "P335961.3.3",
                  "inst": "bēl[owner]N",
                  "sig": "@saao/saa14%akk-x-neoass:EN=bēlu[lord//owner]N'N$bēl",
                  "f": {
                    "lang": "akk-x-neoass",
                    "form": "EN",
                    "cf": "bēlu",
                    "gw": "lord",
                    "sense": "owner",
                    "norm": "bēl",
                    "pos": "N",
                    "epos": "N"
                  }
                },
                {
                  "node": "l",
                  "frag": "A.ŠA₃",
                  "id": "P335961.l03be3",
                  "ref": "P335961.3.4",
                  "inst": "eqli[field]N",
                  "sig": "@saao/saa14%akk-x-neoass:A.ŠA₃=eqlu[field//field]N'N$eqli",
                  "f": {
                    "lang": "akk-x-neoass",
                    "form": "A.ŠA₃",
                    "cf": "eqlu",
                    "gw": "field",
                    "sense": "field",
                    "norm": "eqli",
                    "pos": "N",
                    "epos": "N"
                  }
                },
                {
                  "node": "l",
                  "frag": "SUM-ni]",
                  "id": "P335961.l03be4",
                  "ref": "P335961.3.5",
                  "inst": "tadāni[giving]'N",
                  "sig": "@saao/saa14%akk-x-neoass:SUM-ni=tadānu[give//giving]V'N$tadāni",
                  "f": {
                    "lang": "akk-x-neoass",
                    "form": "SUM-ni",
                    "cf": "tadānu",
                    "gw": "give",
                    "sense": "giving",
                    "norm": "tadāni",
                    "pos": "V",
                    "epos": "N"
                  }
                },
                {
                  "node": "d",
                  "type": "nonx",
                  "ref": "P335961.4",
                  "strict": "1",
                  "extent": "n",
                  "scope": "line",
                  "state": "ruling"
                },
                {
                  "node": "d",
                  "type": "nonx",
                  "ref": "P335961.5",
                  "strict": "0",
                  "state": "other"
                },
                {
                  "node": "d",
                  "type": "nonx",
                  "ref": "P335961.6",
                  "strict": "1",
                  "extent": "n",
                  "scope": "line",
                  "state": "ruling"
                },
                {
                  "node": "d",
                  "type": "line-start",
                  "ref": "P335961.7",
                  "n": "3",
                  "label": "o 3"
                },
                {
                  "node": "l",
                  "frag": "E₂",
                  "id": "P335961.l03be5",
                  "ref": "P335961.7.1",
                  "inst": "bētu[plot of land]N",
                  "sig": "@saao/saa14%akk-x-neoass:E₂=bītu[house//plot of land]N'N$bētu",
                  "f": {
                    "lang": "akk-x-neoass",
                    "form": "E₂",
                    "cf": "bītu",
                    "gw": "house",
                    "sense": "plot of land",
                    "norm": "bētu",
                    "pos": "N",
                    "epos": "N"
                  }
                },
                {
                  "node": "l",
                  "frag": "30",
                  "id": "P335961.l03be6",
                  "ref": "P335961.7.2",
                  "inst": "n",
                  "f": {
                    "lang": "akk-x-neoass",
                    "form": "30",
                    "pos": "n"
                  }
                },
                {
                  "node": "l",
                  "frag": "ANŠE",
                  "id": "P335961.l03be7",
                  "ref": "P335961.7.3",
                  "inst": "imārī[a unit of capacity]N",
                  "sig": "@saao/saa14%akk-x-neoass:ANŠE=imēru[unit//a unit of capacity]N'N$imārī",
                  "f": {
                    "lang": "akk-x-neoass",
                    "form": "ANŠE",
                    "cf": "imēru",
                    "gw": "unit",
                    "sense": "a unit of capacity",
                    "norm": "imārī",
                    "pos": "N",
                    "epos": "N"
                  }
                },
                {
                  "node": "l",
                  "frag": "[A.ŠA₃",
                  "id": "P335961.l03be8",
                  "ref": "P335961.7.4",
                  "inst": "eqlu[field]N",
                  "sig": "@saao/saa14%akk-x-neoass:A.ŠA₃=eqlu[field//field]N'N$eqlu",
                  "f": {
                    "lang": "akk-x-neoass",
                    "form": "A.ŠA₃",
                    "cf": "eqlu",
                    "gw": "field",
                    "sense": "field",
                    "norm": "eqlu",
                    "pos": "N",
                    "epos": "N"
                  }
                },
                {
                  "node": "l",
                  "frag": "x",
                  "id": "P335961.l03be9",
                  "ref": "P335961.7.5",
                  "inst": "u",
                  "f": {
                    "lang": "akk-x-neoass",
                    "form": "x",
                    "pos": "u"
                  }
                },
                {
                  "node": "l",
                  "frag": "x",
                  "id": "P335961.l03bea",
                  "ref": "P335961.7.6",
                  "inst": "u",
                  "f": {
                    "lang": "akk-x-neoass",
                    "form": "x",
                    "pos": "u"
                  }
                },
                {
                  "node": "l",
                  "frag": "x]",
                  "id": "P335961.l03beb",
                  "ref": "P335961.7.7",
                  "inst": "u",
                  "f": {
                    "lang": "akk-x-neoass",
                    "form": "x",
                    "pos": "u"
                  }
                },
                {
                  "node": "d",
                  "type": "line-start",
                  "ref": "P335961.8",
                  "n": "4",
                  "label": "o 4"
                },
                {
                  "node": "l",
                  "frag": "ša",
                  "id": "P335961.l03bec",
                  "ref": "P335961.8.1",
                  "inst": "ša[of]DET",
                  "sig": "@saao/saa14%akk-x-neoass:ša=ša[of//of]DET'DET$ša",
                  "f": {
                    "lang": "akk-x-neoass",
                    "form": "ša",
                    "cf": "ša",
                    "gw": "of",
                    "sense": "of",
                    "norm": "ša",
                    "pos": "DET",
                    "epos": "DET"
                  }
                },
                {
                  "node": "l",
                  "frag": "{1}AN.⸢ŠAR₂⸣-[x",
                  "id": "P335961.l03bed",
                  "ref": "P335961.8.2",
                  "inst": "u",
                  "f": {
                    "lang": "akk-x-neoass",
                    "form": "{1}AN.ŠAR₂-x",
                    "pos": "u"
                  }
                },
                {
                  "node": "l",
                  "frag": "x",
                  "id": "P335961.l03bee",
                  "ref": "P335961.8.3",
                  "inst": "u",
                  "f": {
                    "lang": "akk-x-neoass",
                    "form": "x",
                    "pos": "u"
                  }
                },
                {
                  "node": "l",
                  "frag": "x",
                  "id": "P335961.l03bef",
                  "ref": "P335961.8.4",
                  "inst": "u",
                  "f": {
                    "lang": "akk-x-neoass",
                    "form": "x",
                    "pos": "u"
                  }
                },
                {
                  "node": "l",
                  "frag": "u₂-piš-ma]",
                  "id": "P335961.l03bf0",
                  "ref": "P335961.8.5",
                  "inst": "uppišma[contract]V",
                  "sig": "@saao/saa14%akk-x-neoass:u₂-piš-ma=epēšu[do//contract]V'V$uppišma",
                  "f": {
                    "lang": "akk-x-neoass",
                    "form": "u₂-piš-ma",
                    "cf": "epēšu",
                    "gw": "do",
                    "sense": "contract",
                    "norm": "uppišma",
                    "pos": "V",
                    "epos": "V"
                  }
                },
                {
                  "node": "d",
                  "type": "line-start",
                  "ref": "P335961.9",
                  "n": "5",
                  "label": "o 5"
                },
                {
                  "node": "l",
                  "frag": "{1}EN-⸢KASKAL⸣-[EN-PAB",
                  "id": "P335961.l03bf1",
                  "ref": "P335961.9.1",
                  "inst": "Bel-Harran-belu-uṣur[1]PN",
                  "sig": "@saao/saa14%akk-x-neoass:{1}EN-KASKAL-EN-PAB=Bel-Harran-belu-uṣur[1//1]PN'PN$Bel-Harran-belu-uṣur",
                  "f": {
                    "lang": "akk-x-neoass",
                    "form": "{1}EN-KASKAL-EN-PAB",
                    "cf": "Bel-Harran-belu-uṣur",
                    "gw": "1",
                    "sense": "1",
                    "norm": "Bel-Harran-belu-uṣur",
                    "pos": "PN",
                    "epos": "PN"
                  }
                },
                {
                  "node": "l",
                  "frag": "{lu₂}x",
                  "id": "P335961.l03bf2",
                  "ref": "P335961.9.2",
                  "inst": "u",
                  "f": {
                    "lang": "akk-x-neoass",
                    "form": "{LU₂}x",
                    "pos": "u"
                  }
                },
                {
                  "node": "l",
                  "frag": "x",
                  "id": "P335961.l03bf3",
                  "ref": "P335961.9.3",
                  "inst": "u",
                  "f": {
                    "lang": "akk-x-neoass",
                    "form": "x",
                    "pos": "u"
                  }
                },
                {
                  "node": "l",
                  "frag": "x]",
                  "id": "P335961.l03bf4",
                  "ref": "P335961.9.4",
                  "inst": "u",
                  "f": {
                    "lang": "akk-x-neoass",
                    "form": "x",
                    "pos": "u"
                  }
                },
                {
                  "node": "d",
                  "type": "line-start",
                  "ref": "P335961.10",
                  "n": "6",
                  "label": "o 6"
                },
                {
                  "node": "l",
                  "frag": "ša",
                  "id": "P335961.l03bf5",
                  "ref": "P335961.10.1",
                  "inst": "ša[of]DET",
                  "sig": "@saao/saa14%akk-x-neoass:ša=ša[of//of]DET'DET$ša",
                  "f": {
                    "lang": "akk-x-neoass",
                    "form": "ša",
                    "cf": "ša",
                    "gw": "of",
                    "sense": "of",
                    "norm": "ša",
                    "pos": "DET",
                    "epos": "DET"
                  }
                },
                {
                  "node": "l",
                  "frag": "[x",
                  "id": "P335961.l03bf6",
                  "ref": "P335961.10.2",
                  "inst": "u",
                  "f": {
                    "lang": "akk-x-neoass",
                    "form": "x",
                    "pos": "u"
                  }
                },
                {
                  "node": "l",
                  "frag": "x",
                  "id": "P335961.l03bf7",
                  "ref": "P335961.10.3",
                  "inst": "u",
                  "f": {
                    "lang": "akk-x-neoass",
                    "form": "x",
                    "pos": "u"
                  }
                },
                {
                  "node": "l",
                  "frag": "x",
                  "id": "P335961.l03bf8",
                  "ref": "P335961.10.4",
                  "inst": "u",
                  "f": {
                    "lang": "akk-x-neoass",
                    "form": "x",
                    "pos": "u"
                  }
                },
                {
                  "node": "l",
                  "frag": "x",
                  "id": "P335961.l03bf9",
                  "ref": "P335961.10.5",
                  "inst": "u",
                  "f": {
                    "lang": "akk-x-neoass",
                    "form": "x",
                    "pos": "u"
                  }
                },
                {
                  "node": "l",
                  "frag": "x",
                  "id": "P335961.l03bfa",
                  "ref": "P335961.10.6",
                  "inst": "u",
                  "f": {
                    "lang": "akk-x-neoass",
                    "form": "x",
                    "pos": "u"
                  }
                },
                {
                  "node": "l",
                  "frag": "x",
                  "id": "P335961.l03bfb",
                  "ref": "P335961.10.7",
                  "inst": "u",
                  "f": {
                    "lang": "akk-x-neoass",
                    "form": "x",
                    "pos": "u"
                  }
                },
                {
                  "node": "l",
                  "frag": "x",
                  "id": "P335961.l03bfc",
                  "ref": "P335961.10.8",
                  "inst": "u",
                  "f": {
                    "lang": "akk-x-neoass",
                    "form": "x",
                    "pos": "u"
                  }
                },
                {
                  "node": "l",
                  "frag": "x]",
                  "id": "P335961.l03bfd",
                  "ref": "P335961.10.9",
                  "inst": "u",
                  "f": {
                    "lang": "akk-x-neoass",
                    "form": "x",
                    "pos": "u"
                  }
                },
                {
                  "node": "d",
                  "type": "line-start",
                  "ref": "P335961.11",
                  "n": "7",
                  "label": "o 7"
                },
                {
                  "node": "l",
                  "frag": "⸢x⸣+[x",
                  "id": "P335961.l03bfe",
                  "ref": "P335961.11.1",
                  "inst": "u",
                  "f": {
                    "lang": "akk-x-neoass",
                    "form": "x+x",
                    "pos": "u"
                  }
                },
                {
                  "node": "l",
                  "frag": "(x)]",
                  "id": "P335961.l03bff",
                  "ref": "P335961.11.2",
                  "inst": "u",
                  "f": {
                    "lang": "akk-x-neoass",
                    "form": "x",
                    "pos": "u"
                  }
                },
                {
                  "node": "c",
                  "type": "phrase",
                  "tag": "phr",
                  "id": "P335961.U4",
                  "ref": "P335961.ls00000",
                  "cdl": [
                    {
                      "node": "l",
                      "frag": "ina",
                      "id": "P335961.l03c00",
                      "ref": "P335961.11.3",
                      "inst": "ina[in+=for]PRP",
                      "sig": "@saao/saa14%akk-x-neoass:ina=ina[in//in]PRP'PRP$ina",
                      "f": {
                        "lang": "akk-x-neoass",
                        "form": "ina",
                        "cf": "ina",
                        "gw": "in",
                        "sense": "in",
                        "norm": "ina",
                        "pos": "PRP",
                        "epos": "PRP"
                      }
                    },
                    {
                      "node": "l",
                      "frag": "⸢ŠA₃⸣",
                      "id": "P335961.l03c01",
                      "ref": "P335961.11.4",
                      "inst": "libbi[interior]N",
                      "sig": "@saao/saa14%akk-x-neoass:ŠA₃=libbu[interior//interior]N'N$libbi",
                      "f": {
                        "lang": "akk-x-neoass",
                        "form": "ŠA₃",
                        "cf": "libbu",
                        "gw": "interior",
                        "sense": "interior",
                        "norm": "libbi",
                        "pos": "N",
                        "epos": "N"
                      }
                    }
                  ]
                },
                {
                  "node": "l",
                  "frag": "[x",
                  "id": "P335961.l03c02",
                  "ref": "P335961.11.5",
                  "inst": "u",
                  "f": {
                    "lang": "akk-x-neoass",
                    "form": "x",
                    "pos": "u"
                  }
                },
                {
                  "node": "l",
                  "frag": "x",
                  "id": "P335961.l03c03",
                  "ref": "P335961.11.6",
                  "inst": "u",
                  "f": {
                    "lang": "akk-x-neoass",
                    "form": "x",
                    "pos": "u"
                  }
                },
                {
                  "node": "l",
                  "frag": "x",
                  "id": "P335961.l03c04",
                  "ref": "P335961.11.7",
                  "inst": "u",
                  "f": {
                    "lang": "akk-x-neoass",
                    "form": "x",
                    "pos": "u"
                  }
                },
                {
                  "node": "l",
                  "frag": "x",
                  "id": "P335961.l03c05",
                  "ref": "P335961.11.8",
                  "inst": "u",
                  "f": {
                    "lang": "akk-x-neoass",
                    "form": "x",
                    "pos": "u"
                  }
                },
                {
                  "node": "l",
                  "frag": "x",
                  "id": "P335961.l03c06",
                  "ref": "P335961.11.9",
                  "inst": "u",
                  "f": {
                    "lang": "akk-x-neoass",
                    "form": "x",
                    "pos": "u"
                  }
                },
                {
                  "node": "l",
                  "frag": "x]",
                  "id": "P335961.l03c07",
                  "ref": "P335961.11.10",
                  "inst": "u",
                  "f": {
                    "lang": "akk-x-neoass",
                    "form": "x",
                    "pos": "u"
                  }
                },
                {
                  "node": "d",
                  "type": "line-start",
                  "ref": "P335961.12",
                  "n": "8",
                  "label": "o 8"
                },
                {
                  "node": "l",
                  "frag": "[E₂]",
                  "id": "P335961.l03c08",
                  "ref": "P335961.12.1",
                  "inst": "bētu[plot of land]N",
                  "sig": "@saao/saa14%akk-x-neoass:E₂=bītu[house//plot of land]N'N$bētu",
                  "f": {
                    "lang": "akk-x-neoass",
                    "form": "E₂",
                    "cf": "bītu",
                    "gw": "house",
                    "sense": "plot of land",
                    "norm": "bētu",
                    "pos": "N",
                    "epos": "N"
                  }
                },
                {
                  "node": "l",
                  "frag": "šu-a-tu₂",
                  "id": "P335961.l03c09",
                  "ref": "P335961.12.2",
                  "inst": "šuātu[that]'DP",
                  "sig": "@saao/saa14%akk-x-neoass:šu-a-tu₂=šuāti[him//that]IP'DP$šuātu",
                  "f": {
                    "lang": "akk-x-neoass",
                    "form": "šu-a-tu₂",
                    "cf": "šuāti",
                    "gw": "him",
                    "sense": "that",
                    "norm": "šuātu",
                    "pos": "IP",
                    "epos": "DP"
                  }
                },
                {
                  "node": "l",
                  "frag": "za-rip",
                  "id": "P335961.l03c0a",
                  "ref": "P335961.12.3",
                  "inst": "zarip[purchased]AJ",
                  "sig": "@saao/saa14%akk-x-neoass:za-rip=zarpu[purchased//purchased]AJ'AJ$zarip",
                  "f": {
                    "lang": "akk-x-neoass",
                    "form": "za-rip",
                    "cf": "zarpu",
                    "gw": "purchased",
                    "sense": "purchased",
                    "norm": "zarip",
                    "pos": "AJ",
                    "epos": "AJ"
                  }
                },
                {
                  "node": "l",
                  "frag": "⸢laq⸣-[qi]",
                  "id": "P335961.l03c0b",
                  "ref": "P335961.12.4",
                  "inst": "laqqi[acquired]AJ",
                  "sig": "@saao/saa14%akk-x-neoass:laq-qi=leqû[taken//acquired]AJ'AJ$laqqi",
                  "f": {
                    "lang": "akk-x-neoass",
                    "form": "laq-qi",
                    "cf": "leqû",
                    "gw": "taken",
                    "sense": "acquired",
                    "norm": "laqqi",
                    "pos": "AJ",
                    "epos": "AJ"
                  }
                },
                {
                  "node": "d",
                  "type": "line-start",
                  "ref": "P335961.13",
                  "n": "9",
                  "label": "o 9"
                },
                {
                  "node": "l",
                  "frag": "tu-a-ru",
                  "id": "P335961.l03c0c",
                  "ref": "P335961.13.1",
                  "inst": "tuāru[revocation]'N",
                  "sig": "@saao/saa14%akk-x-neoass:tu-a-ru=târu[turn//revocation]V'N$tuāru",
                  "f": {
                    "lang": "akk-x-neoass",
                    "form": "tu-a-ru",
                    "cf": "târu",
                    "gw": "turn",
                    "sense": "revocation",
                    "norm": "tuāru",
                    "pos": "V",
                    "epos": "N"
                  }
                },
                {
                  "node": "l",
                  "frag": "de-e-nu",
                  "id": "P335961.l03c0d",
                  "ref": "P335961.13.2",
                  "inst": "dēnu[lawsuit]N",
                  "sig": "@saao/saa14%akk-x-neoass:de-e-nu=dīnu[legal decision//lawsuit]N'N$dēnu",
                  "f": {
                    "lang": "akk-x-neoass",
                    "form": "de-e-nu",
                    "cf": "dīnu",
                    "gw": "legal decision",
                    "sense": "lawsuit",
                    "norm": "dēnu",
                    "pos": "N",
                    "epos": "N"
                  }
                },
                {
                  "node": "l",
                  "frag": "DUG₄.⸢DUG₄⸣",
                  "id": "P335961.l03c0e",
                  "ref": "P335961.13.3",
                  "inst": "dabābu[litigation]'N",
                  "sig": "@saao/saa14%akk-x-neoass:DUG₄.DUG₄=dabābu[speak//litigation]V'N$dabābu",
                  "f": {
                    "lang": "akk-x-neoass",
                    "form": "DUG₄.DUG₄",
                    "cf": "dabābu",
                    "gw": "speak",
                    "sense": "litigation",
                    "norm": "dabābu",
                    "pos": "V",
                    "epos": "N"
                  }
                },
                {
                  "node": "d",
                  "type": "line-start",
                  "ref": "P335961.14",
                  "n": "10",
                  "label": "o 10"
                },
                {
                  "node": "l",
                  "frag": "la-a-šu₂",
                  "id": "P335961.l03c0f",
                  "ref": "P335961.14.1",
                  "inst": "lāšu[(there) is not]V",
                  "sig": "@saao/saa14%akk-x-neoass:la-a-šu₂=laššu[(there) is not//(there) is not]V'V$lāšu",
                  "f": {
                    "lang": "akk-x-neoass",
                    "form": "la-a-šu₂",
                    "cf": "laššu",
                    "gw": "(there) is not",
                    "sense": "(there) is not",
                    "norm": "lāšu",
                    "pos": "V",
                    "epos": "V"
                  }
                },
                {
                  "node": "l",
                  "frag": "man-nu",
                  "id": "P335961.l03c10",
                  "ref": "P335961.14.2",
                  "inst": "mannu[whoever]'XP",
                  "sig": "@saao/saa14%akk-x-neoass:man-nu=mannu[who?//whoever]QP'XP$mannu",
                  "f": {
                    "lang": "akk-x-neoass",
                    "form": "man-nu",
                    "cf": "mannu",
                    "gw": "who?",
                    "sense": "whoever",
                    "norm": "mannu",
                    "pos": "QP",
                    "epos": "XP"
                  }
                },
                {
                  "node": "l",
                  "frag": "ša₂",
                  "id": "P335961.l03c11",
                  "ref": "P335961.14.3",
                  "inst": "ša[that]REL",
                  "sig": "@saao/saa14%akk-x-neoass:ša₂=ša[that//that]REL'REL$ša",
                  "f": {
                    "lang": "akk-x-neoass",
                    "form": "ša₂",
                    "cf": "ša",
                    "gw": "that",
                    "sense": "that",
                    "norm": "ša",
                    "pos": "REL",
                    "epos": "REL"
                  }
                },
                {
                  "node": "c",
                  "type": "phrase",
                  "tag": "phr",
                  "id": "P335961.U5",
                  "ref": "P335961.ls00001",
                  "cdl": [
                    {
                      "node": "l",
                      "frag": "ina",
                      "id": "P335961.l03c12",
                      "ref": "P335961.14.4",
                      "inst": "ina[in+=in the future]PRP",
                      "sig": "@saao/saa14%akk-x-neoass:ina=ina[in//in]PRP'PRP$ina",
                      "f": {
                        "lang": "akk-x-neoass",
                        "form": "ina",
                        "cf": "ina",
                        "gw": "in",
                        "sense": "in",
                        "norm": "ina",
                        "pos": "PRP",
                        "epos": "PRP"
                      }
                    },
                    {
                      "node": "l",
                      "frag": "ur-kiš",
                      "id": "P335961.l03c13",
                      "ref": "P335961.14.5",
                      "inst": "urkiš[later]AV",
                      "sig": "@saao/saa14%akk-x-neoass:ur-kiš=urkiš[later//later]AV'AV$urkiš",
                      "f": {
                        "lang": "akk-x-neoass",
                        "form": "ur-kiš",
                        "cf": "urkiš",
                        "gw": "later",
                        "sense": "later",
                        "norm": "urkiš",
                        "pos": "AV",
                        "epos": "AV"
                      }
                    }
                  ]
                },
                {
                  "node": "d",
                  "type": "line-start",
                  "ref": "P335961.15",
                  "n": "11",
                  "label": "o 11"
                },
                {
                  "node": "l",
                  "frag": "ina",
                  "id": "P335961.l03c14",
                  "ref": "P335961.15.1",
                  "inst": "ina[in+=whenever]PRP",
                  "sig": "@saao/saa14%akk-x-neoass:ina=ina[in//in]PRP'PRP$ina",
                  "f": {
                    "lang": "akk-x-neoass",
                    "form": "ina",
                    "cf": "ina",
                    "gw": "in",
                    "sense": "in",
                    "norm": "ina",
                    "pos": "PRP",
                    "epos": "PRP"
                  }
                },
                {
                  "node": "l",
                  "frag": "mat-e-ma",
                  "id": "P335961.l03c15",
                  "ref": "P335961.15.2",
                  "inst": "matēma[ever]AV",
                  "sig": "@saao/saa14%akk-x-neoass:mat-e-ma=matīma[ever//ever]AV'AV$matēma",
                  "f": {
                    "lang": "akk-x-neoass",
                    "form": "mat-e-ma",
                    "cf": "matīma",
                    "gw": "ever",
                    "sense": "ever",
                    "norm": "matēma",
                    "pos": "AV",
                    "epos": "AV"
                  }
                },
                {
                  "node": "l",
                  "frag": "i-za-qu-pa-ni",
                  "id": "P335961.l03c16",
                  "ref": "P335961.15.3",
                  "inst": "izaqqupāni[complain]V",
                  "sig": "@saao/saa14%akk-x-neoass:i-za-qu-pa-ni=zaqāpu[fix upright//complain]V'V$izaqqupāni",
                  "f": {
                    "lang": "akk-x-neoass",
                    "form": "i-za-qu-pa-ni",
                    "cf": "zaqāpu",
                    "gw": "fix upright",
                    "sense": "complain",
                    "norm": "izaqqupāni",
                    "pos": "V",
                    "epos": "V"
                  }
                },
                {
                  "node": "d",
                  "type": "line-start",
                  "ref": "P335961.16",
                  "n": "12",
                  "label": "o 12"
                },
                {
                  "node": "l",
                  "frag": "lu",
                  "id": "P335961.l03c17",
                  "ref": "P335961.16.1",
                  "inst": "lū[may]MOD",
                  "sig": "@saao/saa14%akk-x-neoass:lu=lū[may//may]MOD'MOD$lū",
                  "f": {
                    "lang": "akk-x-neoass",
                    "form": "lu",
                    "cf": "lū",
                    "gw": "may",
                    "sense": "may",
                    "norm": "lū",
                    "pos": "MOD",
                    "epos": "MOD"
                  }
                },
                {
                  "node": "l",
                  "frag": "{1}u-[paq]",
                  "id": "P335961.l03c18",
                  "ref": "P335961.16.2",
                  "inst": "Upaq[1]PN",
                  "sig": "@saao/saa14%akk-x-neoass:{1}u-paq=Upaqu[1//1]PN'PN$Upaq",
                  "f": {
                    "lang": "akk-x-neoass",
                    "form": "{1}u-paq",
                    "cf": "Upaqu",
                    "gw": "1",
                    "sense": "1",
                    "norm": "Upaq",
                    "pos": "PN",
                    "epos": "PN"
                  }
                },
                {
                  "node": "l",
                  "frag": "lu-u",
                  "id": "P335961.l03c19",
                  "ref": "P335961.16.3",
                  "inst": "lū[may]MOD",
                  "sig": "@saao/saa14%akk-x-neoass:lu-u=lū[may//may]MOD'MOD$lū",
                  "f": {
                    "lang": "akk-x-neoass",
                    "form": "lu-u",
                    "cf": "lū",
                    "gw": "may",
                    "sense": "may",
                    "norm": "lū",
                    "pos": "MOD",
                    "epos": "MOD"
                  }
                },
                {
                  "node": "l",
                  "frag": "DUMU-MEŠ-šu₂",
                  "id": "P335961.l03c1a",
                  "ref": "P335961.16.4",
                  "inst": "marʾēšu[son]N",
                  "sig": "@saao/saa14%akk-x-neoass:DUMU-MEŠ-šu₂=māru[son//son]N'N$marʾēšu",
                  "f": {
                    "lang": "akk-x-neoass",
                    "form": "DUMU-MEŠ-šu₂",
                    "cf": "māru",
                    "gw": "son",
                    "sense": "son",
                    "norm": "marʾēšu",
                    "pos": "N",
                    "epos": "N"
                  }
                },
                {
                  "node": "d",
                  "type": "line-start",
                  "ref": "P335961.17",
                  "n": "13",
                  "label": "o 13"
                },
                {
                  "node": "l",
                  "frag": "lu-u",
                  "id": "P335961.l03c1b",
                  "ref": "P335961.17.1",
                  "inst": "lū[may]MOD",
                  "sig": "@saao/saa14%akk-x-neoass:lu-u=lū[may//may]MOD'MOD$lū",
                  "f": {
                    "lang": "akk-x-neoass",
                    "form": "lu-u",
                    "cf": "lū",
                    "gw": "may",
                    "sense": "may",
                    "norm": "lū",
                    "pos": "MOD",
                    "epos": "MOD"
                  }
                },
                {
                  "node": "l",
                  "frag": "ŠEŠ-MEŠ-šu₂",
                  "id": "P335961.l03c1c",
                  "ref": "P335961.17.2",
                  "inst": "ahhēšu[brother]N",
                  "sig": "@saao/saa14%akk-x-neoass:ŠEŠ-MEŠ-šu₂=ahu[brother//brother]N'N$ahhēšu",
                  "f": {
                    "lang": "akk-x-neoass",
                    "form": "ŠEŠ-MEŠ-šu₂",
                    "cf": "ahu",
                    "gw": "brother",
                    "sense": "brother",
                    "norm": "ahhēšu",
                    "pos": "N",
                    "epos": "N"
                  }
                },
                {
                  "node": "l",
                  "frag": "lu",
                  "id": "P335961.l03c1d",
                  "ref": "P335961.17.3",
                  "inst": "lū[may]MOD",
                  "sig": "@saao/saa14%akk-x-neoass:lu=lū[may//may]MOD'MOD$lū",
                  "f": {
                    "lang": "akk-x-neoass",
                    "form": "lu",
                    "cf": "lū",
                    "gw": "may",
                    "sense": "may",
                    "norm": "lū",
                    "pos": "MOD",
                    "epos": "MOD"
                  }
                },
                {
                  "node": "l",
                  "frag": "mam₂-ma-nu-šu₂",
                  "id": "P335961.l03c1e",
                  "ref": "P335961.17.4",
                  "inst": "mammannūšu[relative]'N",
                  "sig": "@saao/saa14%akk-x-neoass:mam₂-ma-nu-šu₂=mammanu-[whosoever//relative]XP'N$mammannūšu",
                  "f": {
                    "lang": "akk-x-neoass",
                    "form": "mam₂-ma-nu-šu₂",
                    "cf": "mammanu-",
                    "gw": "whosoever",
                    "sense": "relative",
                    "norm": "mammannūšu",
                    "pos": "XP",
                    "epos": "N"
                  }
                },
                {
                  "node": "d",
                  "type": "line-start",
                  "ref": "P335961.18",
                  "n": "14",
                  "label": "o 14"
                },
                {
                  "node": "l",
                  "frag": "lu",
                  "id": "P335961.l03c1f",
                  "ref": "P335961.18.1",
                  "inst": "lū[may]MOD",
                  "sig": "@saao/saa14%akk-x-neoass:lu=lū[may//may]MOD'MOD$lū",
                  "f": {
                    "lang": "akk-x-neoass",
                    "form": "lu",
                    "cf": "lū",
                    "gw": "may",
                    "sense": "may",
                    "norm": "lū",
                    "pos": "MOD",
                    "epos": "MOD"
                  }
                },
                {
                  "node": "l",
                  "frag": "{lu₂v}GAR-šu₂",
                  "id": "P335961.l03c20",
                  "ref": "P335961.18.2",
                  "inst": "šaknu[appointee//prefect]N$šaknūšu",
                  "sig": "@saao/saa14%akk-x-neoass:{LU₂}GAR-šu₂=šaknu[appointee//prefect]N'N$šaknūšu",
                  "f": {
                    "lang": "akk-x-neoass",
                    "form": "{LU₂}GAR-šu₂",
                    "cf": "šaknu",
                    "gw": "appointee",
                    "sense": "prefect",
                    "norm": "šaknūšu",
                    "pos": "N",
                    "epos": "N"
                  }
                },
                {
                  "node": "l",
                  "frag": "lu",
                  "id": "P335961.l03c21",
                  "ref": "P335961.18.3",
                  "inst": "lū[may]MOD",
                  "sig": "@saao/saa14%akk-x-neoass:lu=lū[may//may]MOD'MOD$lū",
                  "f": {
                    "lang": "akk-x-neoass",
                    "form": "lu",
                    "cf": "lū",
                    "gw": "may",
                    "sense": "may",
                    "norm": "lū",
                    "pos": "MOD",
                    "epos": "MOD"
                  }
                },
                {
                  "node": "l",
                  "frag": "EN-il-ki-šu₂",
                  "id": "P335961.l03c22",
                  "ref": "P335961.18.4",
                  "cof-tails": "P335961.l03c23",
                  "inst": "bēlu[lord]N$bēl&ilku[state service]N$ilkīšu",
                  "sig": "@saao/saa14%akk-x-neoass:EN-il-ki-šu₂=bēlu[lord//lord]N'N$bēl&&@saao%akk-x-neoass:=ilku[state service//state service]N'N$ilkīšu",
                  "f": {
                    "lang": "akk-x-neoass",
                    "form": "EN-il-ki-šu₂",
                    "cf": "bēlu",
                    "gw": "lord",
                    "sense": "lord",
                    "norm": "bēl",
                    "pos": "N",
                    "epos": "N"
                  }
                },
                {
                  "node": "l",
                  "frag": "EN-il-ki-šu₂",
                  "id": "P335961.l03c23",
                  "ref": "P335961.18.4",
                  "cof-head": "P335961.l03c22",
                  "inst": "bēlu[lord]N$bēl&ilku[state service]N$ilkīšu",
                  "tail-sig": "@saao%akk-x-neoass:=ilku[state service//state service]N'N$ilkīšu",
                  "f": {
                    "lang": "akk-x-neoass",
                    "form": "EN-il-ki-šu₂",
                    "cf": "ilku",
                    "gw": "state service",
                    "sense": "state service",
                    "norm": "ilkīšu",
                    "pos": "N",
                    "epos": "N"
                  }
                },
                {
                  "node": "d",
                  "type": "line-start",
                  "ref": "P335961.19",
                  "n": "15",
                  "label": "o 15"
                },
                {
                  "node": "l",
                  "frag": "ša",
                  "id": "P335961.l03c24",
                  "ref": "P335961.19.1",
                  "inst": "ša[that]REL",
                  "sig": "@saao/saa14%akk-x-neoass:ša=ša[that//that]REL'REL$ša",
                  "f": {
                    "lang": "akk-x-neoass",
                    "form": "ša",
                    "cf": "ša",
                    "gw": "that",
                    "sense": "that",
                    "norm": "ša",
                    "pos": "REL",
                    "epos": "REL"
                  }
                },
                {
                  "node": "l",
                  "frag": "de-e-nu",
                  "id": "P335961.l03c25",
                  "ref": "P335961.19.2",
                  "inst": "dēnu[lawsuit]N",
                  "sig": "@saao/saa14%akk-x-neoass:de-e-nu=dīnu[legal decision//lawsuit]N'N$dēnu",
                  "f": {
                    "lang": "akk-x-neoass",
                    "form": "de-e-nu",
                    "cf": "dīnu",
                    "gw": "legal decision",
                    "sense": "lawsuit",
                    "norm": "dēnu",
                    "pos": "N",
                    "epos": "N"
                  }
                },
                {
                  "node": "l",
                  "frag": "da-ba-bu",
                  "id": "P335961.l03c26",
                  "ref": "P335961.19.3",
                  "inst": "dabābu[litigation]'N",
                  "sig": "@saao/saa14%akk-x-neoass:da-ba-bu=dabābu[speak//litigation]V'N$dabābu",
                  "f": {
                    "lang": "akk-x-neoass",
                    "form": "da-ba-bu",
                    "cf": "dabābu",
                    "gw": "speak",
                    "sense": "litigation",
                    "norm": "dabābu",
                    "pos": "V",
                    "epos": "N"
                  }
                },
                {
                  "node": "d",
                  "type": "line-start",
                  "ref": "P335961.20",
                  "n": "16",
                  "label": "o 16"
                },
                {
                  "node": "l",
                  "frag": "TA@v",
                  "id": "P335961.l03c27",
                  "ref": "P335961.20.1",
                  "inst": "issi[with]PRP",
                  "sig": "@saao/saa14%akk-x-neoass:TA@v=išti[with//with]PRP'PRP$issi",
                  "f": {
                    "lang": "akk-x-neoass",
                    "form": "TA@v",
                    "cf": "išti",
                    "gw": "with",
                    "sense": "with",
                    "norm": "issi",
                    "pos": "PRP",
                    "epos": "PRP"
                  }
                },
                {
                  "node": "l",
                  "frag": "{1}EN-KASKAL-EN-PAB",
                  "id": "P335961.l03c28",
                  "ref": "P335961.20.2",
                  "inst": "Bel-Harran-belu-uṣur[1]PN",
                  "sig": "@saao/saa14%akk-x-neoass:{1}EN-KASKAL-EN-PAB=Bel-Harran-belu-uṣur[1//1]PN'PN$Bel-Harran-belu-uṣur",
                  "f": {
                    "lang": "akk-x-neoass",
                    "form": "{1}EN-KASKAL-EN-PAB",
                    "cf": "Bel-Harran-belu-uṣur",
                    "gw": "1",
                    "sense": "1",
                    "norm": "Bel-Harran-belu-uṣur",
                    "pos": "PN",
                    "epos": "PN"
                  }
                },
                {
                  "node": "l",
                  "frag": "lu",
                  "id": "P335961.l03c29",
                  "ref": "P335961.20.3",
                  "inst": "lū[may]MOD",
                  "sig": "@saao/saa14%akk-x-neoass:lu=lū[may//may]MOD'MOD$lū",
                  "f": {
                    "lang": "akk-x-neoass",
                    "form": "lu",
                    "cf": "lū",
                    "gw": "may",
                    "sense": "may",
                    "norm": "lū",
                    "pos": "MOD",
                    "epos": "MOD"
                  }
                },
                {
                  "node": "l",
                  "frag": "[DUMU-šu₂]",
                  "id": "P335961.l03c2a",
                  "ref": "P335961.20.4",
                  "inst": "māršu[son]N",
                  "sig": "@saao/saa14%akk-x-neoass:DUMU-šu₂=māru[son//son]N'N$māršu",
                  "f": {
                    "lang": "akk-x-neoass",
                    "form": "DUMU-šu₂",
                    "cf": "māru",
                    "gw": "son",
                    "sense": "son",
                    "norm": "māršu",
                    "pos": "N",
                    "epos": "N"
                  }
                },
                {
                  "node": "d",
                  "type": "line-start",
                  "ref": "P335961.21",
                  "n": "17",
                  "label": "o 17"
                },
                {
                  "node": "l",
                  "frag": "ub-ta-u-ni",
                  "id": "P335961.l03c2b",
                  "ref": "P335961.21.1",
                  "inst": "ubtaʾʾūni[seek]V",
                  "sig": "@saao/saa14%akk-x-neoass:ub-ta-u-ni=buʾʾû[look for//seek]V'V$ubtaʾʾūni",
                  "f": {
                    "lang": "akk-x-neoass",
                    "form": "ub-ta-u-ni",
                    "cf": "buʾʾû",
                    "gw": "look for",
                    "sense": "seek",
                    "norm": "ubtaʾʾūni",
                    "pos": "V",
                    "epos": "V"
                  }
                },
                {
                  "node": "d",
                  "subtype": "bottom",
                  "type": "bottom",
                  "ref": "P335961.b.e..22",
                  "label": "b.e."
                },
                {
                  "node": "d",
                  "type": "line-start",
                  "ref": "P335961.23",
                  "n": "18",
                  "label": "b.e. 18"
                },
                {
                  "node": "l",
                  "frag": "⸢x-x⸣+[x",
                  "id": "P335961.l03c2c",
                  "ref": "P335961.23.1",
                  "inst": "u",
                  "f": {
                    "lang": "akk-x-neoass",
                    "form": "x-x+x",
                    "pos": "u"
                  }
                },
                {
                  "node": "l",
                  "frag": "x",
                  "id": "P335961.l03c2d",
                  "ref": "P335961.23.2",
                  "inst": "u",
                  "f": {
                    "lang": "akk-x-neoass",
                    "form": "x",
                    "pos": "u"
                  }
                },
                {
                  "node": "l",
                  "frag": "x",
                  "id": "P335961.l03c2e",
                  "ref": "P335961.23.3",
                  "inst": "u",
                  "f": {
                    "lang": "akk-x-neoass",
                    "form": "x",
                    "pos": "u"
                  }
                },
                {
                  "node": "l",
                  "frag": "x",
                  "id": "P335961.l03c2f",
                  "ref": "P335961.23.4",
                  "inst": "u",
                  "f": {
                    "lang": "akk-x-neoass",
                    "form": "x",
                    "pos": "u"
                  }
                },
                {
                  "node": "l",
                  "frag": "x",
                  "id": "P335961.l03c30",
                  "ref": "P335961.23.5",
                  "inst": "u",
                  "f": {
                    "lang": "akk-x-neoass",
                    "form": "x",
                    "pos": "u"
                  }
                },
                {
                  "node": "l",
                  "frag": "x",
                  "id": "P335961.l03c31",
                  "ref": "P335961.23.6",
                  "inst": "u",
                  "f": {
                    "lang": "akk-x-neoass",
                    "form": "x",
                    "pos": "u"
                  }
                },
                {
                  "node": "l",
                  "frag": "x",
                  "id": "P335961.l03c32",
                  "ref": "P335961.23.7",
                  "inst": "u",
                  "f": {
                    "lang": "akk-x-neoass",
                    "form": "x",
                    "pos": "u"
                  }
                },
                {
                  "node": "l",
                  "frag": "x]",
                  "id": "P335961.l03c33",
                  "ref": "P335961.23.8",
                  "inst": "u",
                  "f": {
                    "lang": "akk-x-neoass",
                    "form": "x",
                    "pos": "u"
                  }
                },
                {
                  "node": "d",
                  "type": "nonx",
                  "ref": "P335961.24",
                  "strict": "0",
                  "extent": "rest",
                  "state": "missing"
                }
              ]
            }
          ]
        }
      ]
    },
    {
      "linkbase": [
        {
          "type": "linkset",
          "xlink_title": "ina libbi[in//(in exchange) for]PRP'PRP",
          "id": "P335961.ls00000",
          "xlink_type": "extended",
          "xlink_role": "psu",
          "sig": "{ina[in]PRP libbu[interior]N += ina libbi[in//(in exchange) for]PRP'PRP}::@saao%akk-x-neoass:ina=ina[in//into]PRP'PRP$ina++@saao%akk-x-neoass:ŠA₃=libbu[interior//interior]N'N$libbi",
          "links": [
            {
              "type": "link",
              "xlink_title": "ina",
              "xlink_type": "locator",
              "xlink_href": "#P335961.l03c00",
              "xlink_role": "elt"
            },
            {
              "type": "link",
              "xlink_title": "libbi",
              "xlink_type": "locator",
              "xlink_href": "#P335961.l03c01",
              "xlink_role": "elt"
            }
          ]
        },
        {
          "type": "linkset",
          "xlink_title": "ina urkiš[in the future//in the future]AV'AV",
          "id": "P335961.ls00001",
          "xlink_type": "extended",
          "xlink_role": "psu",
          "sig": "{ina[in]PRP urkiš[later]AV += ina urkiš[in the future//in the future]AV'AV}::@saao%akk-x-neoass:ina=ina[in//into]PRP'PRP$ina++@saao%akk-x-neoass:ur-kiš=urkiš[later//later]AV'AV$urkiš",
          "links": [
            {
              "type": "link",
              "xlink_title": "ina",
              "xlink_type": "locator",
              "xlink_href": "#P335961.l03c12",
              "xlink_role": "elt"
            },
            {
              "type": "link",
              "xlink_title": "urkiš",
              "xlink_type": "locator",
              "xlink_href": "#P335961.l03c13",
              "xlink_role": "elt"
            }
          ]
        }
      ]
    }
  ]
}
