{
  "type": "cdl",
  "source": "http://oracc.org/saao/saa14",
  "license": "This data is released under the CC0 license",
  "license-url": "https://creativecommons.org/publicdomain/zero/1.0/",
  "more-info": "http://oracc.org/doc/opendata/",
  "UTC-timestamp": "2017-06-10T00:53:29",
  "project": "saao/saa14",
  "textid": "P335512",
  "cdl": [
    {
      "node": "c",
      "type": "text",
      "id": "P335512.U0",
      "cdl": [
        {
          "node": "d",
          "type": "object",
          "ref": ""
        },
        {
          "node": "d",
          "type": "surface",
          "ref": ""
        },
        {
          "node": "d",
          "type": "nonx",
          "ref": "P335512.1",
          "strict": "0",
          "state": "missing"
        },
        {
          "node": "d",
          "subtype": "reverse",
          "type": "reverse",
          "ref": "P335512.r.2",
          "label": "r"
        },
        {
          "node": "d",
          "type": "nonx",
          "ref": "P335512.3",
          "strict": "0",
          "extent": "beginning",
          "state": "missing"
        },
        {
          "node": "c",
          "type": "discourse",
          "subtype": "body",
          "id": "P335512.U1",
          "cdl": [
            {
              "node": "c",
              "type": "sentence",
              "id": "P335512.U2",
              "label": "r 1' - r 8'",
              "cdl": [
                {
                  "node": "d",
                  "type": "line-start",
                  "ref": "P335512.4",
                  "n": "1'",
                  "label": "r 1'"
                },
                {
                  "node": "l",
                  "frag": "[a-na]",
                  "id": "P335512.l05c20",
                  "ref": "P335512.4.1",
                  "inst": "ana[to]PRP",
                  "sig": "@saao/saa14%akk-x-neoass:a-na=ana[to//to]PRP'PRP$ana",
                  "f": {
                    "lang": "akk-x-neoass",
                    "form": "a-na",
                    "cf": "ana",
                    "gw": "to",
                    "sense": "to",
                    "norm": "ana",
                    "pos": "PRP",
                    "epos": "PRP"
                  }
                },
                {
                  "node": "l",
                  "frag": "EN-MEŠ-šu₂",
                  "id": "P335512.l05c21",
                  "ref": "P335512.4.2",
                  "inst": "bēlēšu[owner]N",
                  "sig": "@saao/saa14%akk-x-neoass:EN-MEŠ-šu₂=bēlu[lord//owner]N'N$bēlēšu",
                  "f": {
                    "lang": "akk-x-neoass",
                    "form": "EN-MEŠ-šu₂",
                    "cf": "bēlu",
                    "gw": "lord",
                    "sense": "owner",
                    "norm": "bēlēšu",
                    "pos": "N",
                    "epos": "N"
                  }
                },
                {
                  "node": "l",
                  "frag": "⸢GUR⸣.[RA]",
                  "id": "P335512.l05c22",
                  "ref": "P335512.4.3",
                  "inst": "itūar[return]V",
                  "sig": "@saao/saa14%akk-x-neoass:GUR.RA=târu[turn//return]V'V$itūar",
                  "f": {
                    "lang": "akk-x-neoass",
                    "form": "GUR.RA",
                    "cf": "târu",
                    "gw": "turn",
                    "sense": "return",
                    "norm": "itūar",
                    "pos": "V",
                    "epos": "V"
                  }
                },
                {
                  "node": "d",
                  "type": "line-start",
                  "ref": "P335512.5",
                  "n": "2'",
                  "label": "r 2'"
                },
                {
                  "node": "l",
                  "frag": "[ina]",
                  "id": "P335512.l05c23",
                  "ref": "P335512.5.1",
                  "inst": "ina[in]PRP",
                  "sig": "@saao/saa14%akk-x-neoass:ina=ina[in//in]PRP'PRP$ina",
                  "f": {
                    "lang": "akk-x-neoass",
                    "form": "ina",
                    "cf": "ina",
                    "gw": "in",
                    "sense": "in",
                    "norm": "ina",
                    "pos": "PRP",
                    "epos": "PRP"
                  }
                },
                {
                  "node": "l",
                  "frag": "⸢la⸣",
                  "id": "P335512.l05c24",
                  "ref": "P335512.5.2",
                  "inst": "lā[not]MOD",
                  "sig": "@saao/saa14%akk-x-neoass:la=lā[not//not]MOD'MOD$lā",
                  "f": {
                    "lang": "akk-x-neoass",
                    "form": "la",
                    "cf": "lā",
                    "gw": "not",
                    "sense": "not",
                    "norm": "lā",
                    "pos": "MOD",
                    "epos": "MOD"
                  }
                },
                {
                  "node": "l",
                  "frag": "de-ni-šu₂",
                  "id": "P335512.l05c25",
                  "ref": "P335512.5.3",
                  "inst": "dēnīšu[lawsuit]N",
                  "sig": "@saao/saa14%akk-x-neoass:de-ni-šu₂=dīnu[legal decision//lawsuit]N'N$dēnīšu",
                  "f": {
                    "lang": "akk-x-neoass",
                    "form": "de-ni-šu₂",
                    "cf": "dīnu",
                    "gw": "legal decision",
                    "sense": "lawsuit",
                    "norm": "dēnīšu",
                    "pos": "N",
                    "epos": "N"
                  }
                },
                {
                  "node": "l",
                  "frag": "DUG₄.[DUG₄-ma]",
                  "id": "P335512.l05c26",
                  "ref": "P335512.5.4",
                  "inst": "idabbubma[contest]V",
                  "sig": "@saao/saa14%akk-x-neoass:DUG₄.DUG₄-ma=dabābu[speak//contest]V'V$idabbubma",
                  "f": {
                    "lang": "akk-x-neoass",
                    "form": "DUG₄.DUG₄-ma",
                    "cf": "dabābu",
                    "gw": "speak",
                    "sense": "contest",
                    "norm": "idabbubma",
                    "pos": "V",
                    "epos": "V"
                  }
                },
                {
                  "node": "l",
                  "frag": "⸢NU",
                  "id": "P335512.l05c27",
                  "ref": "P335512.5.5",
                  "inst": "lā[not]MOD",
                  "sig": "@saao/saa14%akk-x-neoass:NU=lā[not//not]MOD'MOD$lā",
                  "f": {
                    "lang": "akk-x-neoass",
                    "form": "NU",
                    "cf": "lā",
                    "gw": "not",
                    "sense": "not",
                    "norm": "lā",
                    "pos": "MOD",
                    "epos": "MOD"
                  }
                },
                {
                  "node": "l",
                  "frag": "TI⸣",
                  "id": "P335512.l05c28",
                  "ref": "P335512.5.6",
                  "inst": "ilaqqi[succeed]V",
                  "sig": "@saao/saa14%akk-x-neoass:TI=leqû[take//succeed]V'V$ilaqqi",
                  "f": {
                    "lang": "akk-x-neoass",
                    "form": "TI",
                    "cf": "leqû",
                    "gw": "take",
                    "sense": "succeed",
                    "norm": "ilaqqi",
                    "pos": "V",
                    "epos": "V"
                  }
                },
                {
                  "node": "d",
                  "type": "nonx",
                  "ref": "P335512.6",
                  "strict": "1",
                  "extent": "n",
                  "scope": "line",
                  "state": "ruling"
                },
                {
                  "node": "d",
                  "type": "line-start",
                  "ref": "P335512.7",
                  "n": "3'",
                  "label": "r 3'"
                },
                {
                  "node": "l",
                  "frag": "⸢IGI⸣",
                  "id": "P335512.l05c29",
                  "ref": "P335512.7.1",
                  "inst": "šību[witness]N",
                  "sig": "@saao/saa14%akk-x-neoass:IGI=šību[witness//witness]N'N$šību",
                  "f": {
                    "lang": "akk-x-neoass",
                    "form": "IGI",
                    "cf": "šību",
                    "gw": "witness",
                    "sense": "witness",
                    "norm": "šību",
                    "pos": "N",
                    "epos": "N"
                  }
                },
                {
                  "node": "l",
                  "frag": "{1}har-si-su",
                  "id": "P335512.l05c2a",
                  "ref": "P335512.7.2",
                  "inst": "Hursisu[1]PN$",
                  "sig": "@saao/saa14%akk-x-neoass:{1}har-si-su=Hursisu[1//1]PN'PN$Hursisu",
                  "f": {
                    "lang": "akk-x-neoass",
                    "form": "{1}har-si-su",
                    "cf": "Hursisu",
                    "gw": "1",
                    "sense": "1",
                    "norm": "Hursisu",
                    "pos": "PN",
                    "epos": "PN"
                  }
                },
                {
                  "node": "l",
                  "frag": "⸢x⸣+[x",
                  "id": "P335512.l05c2b",
                  "ref": "P335512.7.3",
                  "inst": "u",
                  "f": {
                    "lang": "akk-x-neoass",
                    "form": "x+x",
                    "pos": "u"
                  }
                },
                {
                  "node": "l",
                  "frag": "x",
                  "id": "P335512.l05c2c",
                  "ref": "P335512.7.4",
                  "inst": "u",
                  "f": {
                    "lang": "akk-x-neoass",
                    "form": "x",
                    "pos": "u"
                  }
                },
                {
                  "node": "l",
                  "frag": "x",
                  "id": "P335512.l05c2d",
                  "ref": "P335512.7.5",
                  "inst": "u",
                  "f": {
                    "lang": "akk-x-neoass",
                    "form": "x",
                    "pos": "u"
                  }
                },
                {
                  "node": "l",
                  "frag": "x",
                  "id": "P335512.l05c2e",
                  "ref": "P335512.7.6",
                  "inst": "u",
                  "f": {
                    "lang": "akk-x-neoass",
                    "form": "x",
                    "pos": "u"
                  }
                },
                {
                  "node": "l",
                  "frag": "x]",
                  "id": "P335512.l05c2f",
                  "ref": "P335512.7.7",
                  "inst": "u",
                  "f": {
                    "lang": "akk-x-neoass",
                    "form": "x",
                    "pos": "u"
                  }
                },
                {
                  "node": "d",
                  "type": "line-start",
                  "ref": "P335512.8",
                  "n": "4'",
                  "label": "r 4'"
                },
                {
                  "node": "l",
                  "frag": "⸢IGI⸣",
                  "id": "P335512.l05c30",
                  "ref": "P335512.8.1",
                  "inst": "šību[witness]N",
                  "sig": "@saao/saa14%akk-x-neoass:IGI=šību[witness//witness]N'N$šību",
                  "f": {
                    "lang": "akk-x-neoass",
                    "form": "IGI",
                    "cf": "šību",
                    "gw": "witness",
                    "sense": "witness",
                    "norm": "šību",
                    "pos": "N",
                    "epos": "N"
                  }
                },
                {
                  "node": "l",
                  "frag": "{1}ta-a-ka-⸢in⸣",
                  "id": "P335512.l05c31",
                  "ref": "P335512.8.2",
                  "inst": "Takaʾin[1]PN$",
                  "sig": "@saao/saa14%akk-x-neoass:{1}ta-a-ka-in=Takaʾin[1//1]PN'PN$Takaʾin",
                  "f": {
                    "lang": "akk-x-neoass",
                    "form": "{1}ta-a-ka-in",
                    "cf": "Takaʾin",
                    "gw": "1",
                    "sense": "1",
                    "norm": "Takaʾin",
                    "pos": "PN",
                    "epos": "PN"
                  }
                },
                {
                  "node": "l",
                  "frag": "[x",
                  "id": "P335512.l05c32",
                  "ref": "P335512.8.3",
                  "inst": "u",
                  "f": {
                    "lang": "akk-x-neoass",
                    "form": "x",
                    "pos": "u"
                  }
                },
                {
                  "node": "l",
                  "frag": "x",
                  "id": "P335512.l05c33",
                  "ref": "P335512.8.4",
                  "inst": "u",
                  "f": {
                    "lang": "akk-x-neoass",
                    "form": "x",
                    "pos": "u"
                  }
                },
                {
                  "node": "l",
                  "frag": "x",
                  "id": "P335512.l05c34",
                  "ref": "P335512.8.5",
                  "inst": "u",
                  "f": {
                    "lang": "akk-x-neoass",
                    "form": "x",
                    "pos": "u"
                  }
                },
                {
                  "node": "l",
                  "frag": "x]",
                  "id": "P335512.l05c35",
                  "ref": "P335512.8.6",
                  "inst": "u",
                  "f": {
                    "lang": "akk-x-neoass",
                    "form": "x",
                    "pos": "u"
                  }
                },
                {
                  "node": "d",
                  "type": "line-start",
                  "ref": "P335512.9",
                  "n": "5'",
                  "label": "r 5'"
                },
                {
                  "node": "l",
                  "frag": "⸢IGI⸣",
                  "id": "P335512.l05c36",
                  "ref": "P335512.9.1",
                  "inst": "šību[witness]N",
                  "sig": "@saao/saa14%akk-x-neoass:IGI=šību[witness//witness]N'N$šību",
                  "f": {
                    "lang": "akk-x-neoass",
                    "form": "IGI",
                    "cf": "šību",
                    "gw": "witness",
                    "sense": "witness",
                    "norm": "šību",
                    "pos": "N",
                    "epos": "N"
                  }
                },
                {
                  "node": "l",
                  "frag": "{1}in-ba-a",
                  "id": "P335512.l05c37",
                  "ref": "P335512.9.2",
                  "inst": "Inba[1]PN$",
                  "sig": "@saao/saa14%akk-x-neoass:{1}in-ba-a=Inba[1//1]PN'PN$Inba",
                  "f": {
                    "lang": "akk-x-neoass",
                    "form": "{1}in-ba-a",
                    "cf": "Inba",
                    "gw": "1",
                    "sense": "1",
                    "norm": "Inba",
                    "pos": "PN",
                    "epos": "PN"
                  }
                },
                {
                  "node": "d",
                  "frag": "⸢:⸣",
                  "type": "punct",
                  "ref": "P335512.9.3",
                  "lang": "akk-x-neoass"
                },
                {
                  "node": "d",
                  "type": "line-start",
                  "ref": "P335512.10",
                  "n": "6'",
                  "label": "r 6'"
                },
                {
                  "node": "l",
                  "frag": "⸢IGI⸣",
                  "id": "P335512.l05c38",
                  "ref": "P335512.10.1",
                  "inst": "šību[witness]N",
                  "sig": "@saao/saa14%akk-x-neoass:IGI=šību[witness//witness]N'N$šību",
                  "f": {
                    "lang": "akk-x-neoass",
                    "form": "IGI",
                    "cf": "šību",
                    "gw": "witness",
                    "sense": "witness",
                    "norm": "šību",
                    "pos": "N",
                    "epos": "N"
                  }
                },
                {
                  "node": "l",
                  "frag": "{1}man-nu-ki-ni-nu-[a]",
                  "id": "P335512.l05c39",
                  "ref": "P335512.10.2",
                  "inst": "Mannu-ki-Ninua[1]PN$",
                  "sig": "@saao/saa14%akk-x-neoass:{1}man-nu-ki-ni-nu-a=Mannu-ki-Ninua[1//1]PN'PN$Mannu-ki-Ninua",
                  "f": {
                    "lang": "akk-x-neoass",
                    "form": "{1}man-nu-ki-ni-nu-a",
                    "cf": "Mannu-ki-Ninua",
                    "gw": "1",
                    "sense": "1",
                    "norm": "Mannu-ki-Ninua",
                    "pos": "PN",
                    "epos": "PN"
                  }
                },
                {
                  "node": "d",
                  "type": "line-start",
                  "ref": "P335512.11",
                  "n": "7'",
                  "label": "r 7'"
                },
                {
                  "node": "l",
                  "frag": "[IGI",
                  "id": "P335512.l05c3a",
                  "ref": "P335512.11.1",
                  "inst": "šību[witness]N",
                  "sig": "@saao/saa14%akk-x-neoass:IGI=šību[witness//witness]N'N$šību",
                  "f": {
                    "lang": "akk-x-neoass",
                    "form": "IGI",
                    "cf": "šību",
                    "gw": "witness",
                    "sense": "witness",
                    "norm": "šību",
                    "pos": "N",
                    "epos": "N"
                  }
                },
                {
                  "node": "l",
                  "frag": "{1}man-nu-ki-arba-il₃",
                  "id": "P335512.l05c3b",
                  "ref": "P335512.11.2",
                  "inst": "Mannu-ki-Arbail[1]PN",
                  "sig": "@saao/saa14%akk-x-neoass:{1}man-nu-ki-arba-il₃=Mannu-ki-Arbail[1//1]PN'PN$Mannu-ki-Arbail",
                  "f": {
                    "lang": "akk-x-neoass",
                    "form": "{1}man-nu-ki-arba-il₃",
                    "cf": "Mannu-ki-Arbail",
                    "gw": "1",
                    "sense": "1",
                    "norm": "Mannu-ki-Arbail",
                    "pos": "PN",
                    "epos": "PN"
                  }
                },
                {
                  "node": "d",
                  "type": "line-start",
                  "ref": "P335512.12",
                  "n": "8'",
                  "label": "r 8'"
                },
                {
                  "node": "l",
                  "frag": "[IGI",
                  "id": "P335512.l05c3c",
                  "ref": "P335512.12.1",
                  "inst": "šību[witness]N",
                  "sig": "@saao/saa14%akk-x-neoass:IGI=šību[witness//witness]N'N$šību",
                  "f": {
                    "lang": "akk-x-neoass",
                    "form": "IGI",
                    "cf": "šību",
                    "gw": "witness",
                    "sense": "witness",
                    "norm": "šību",
                    "pos": "N",
                    "epos": "N"
                  }
                },
                {
                  "node": "l",
                  "frag": "{1}x",
                  "id": "P335512.l05c3d",
                  "ref": "P335512.12.2",
                  "inst": "u",
                  "f": {
                    "lang": "akk-x-neoass",
                    "form": "{1}x",
                    "pos": "u"
                  }
                },
                {
                  "node": "l",
                  "frag": "x",
                  "id": "P335512.l05c3e",
                  "ref": "P335512.12.3",
                  "inst": "u",
                  "f": {
                    "lang": "akk-x-neoass",
                    "form": "x",
                    "pos": "u"
                  }
                },
                {
                  "node": "l",
                  "frag": "(x)]+⸢x⸣",
                  "id": "P335512.l05c3f",
                  "ref": "P335512.12.4",
                  "inst": "u",
                  "f": {
                    "lang": "akk-x-neoass",
                    "form": "x+x",
                    "pos": "u"
                  }
                },
                {
                  "node": "l",
                  "frag": "x",
                  "id": "P335512.l05c40",
                  "ref": "P335512.12.5",
                  "inst": "u",
                  "f": {
                    "lang": "akk-x-neoass",
                    "form": "x",
                    "pos": "u"
                  }
                },
                {
                  "node": "d",
                  "type": "nonx",
                  "ref": "P335512.13",
                  "strict": "0",
                  "extent": "rest",
                  "state": "missing"
                }
              ]
            }
          ]
        }
      ]
    }
  ]
}
