{
  "type": "cdl",
  "source": "http://oracc.org/saao/saa14",
  "license": "This data is released under the CC0 license",
  "license-url": "https://creativecommons.org/publicdomain/zero/1.0/",
  "more-info": "http://oracc.org/doc/opendata/",
  "UTC-timestamp": "2017-06-10T00:53:09",
  "project": "saao/saa14",
  "textid": "P335989",
  "cdl": [
    {
      "node": "c",
      "type": "text",
      "id": "P335989.U0",
      "cdl": [
        {
          "node": "d",
          "type": "object",
          "ref": ""
        },
        {
          "node": "d",
          "subtype": "obverse",
          "type": "obverse",
          "ref": "P335989.o.1",
          "label": "o"
        },
        {
          "node": "c",
          "type": "discourse",
          "subtype": "body",
          "id": "P335989.U1",
          "cdl": [
            {
              "node": "c",
              "type": "sentence",
              "id": "P335989.U2",
              "label": "o 1 - r 3'",
              "cdl": [
                {
                  "node": "d",
                  "type": "line-start",
                  "ref": "P335989.2",
                  "n": "1",
                  "label": "o 1"
                },
                {
                  "node": "l",
                  "frag": "[ki]-⸢ṣir⸣-ti",
                  "id": "P335989.l0676c",
                  "ref": "P335989.2.1",
                  "inst": "kiṣirti[envelope]N",
                  "sig": "@saao/saa14%akk-x-neoass:ki-ṣir-ti=kiṣirtu[envelope//envelope]N'N$kiṣirti",
                  "f": {
                    "lang": "akk-x-neoass",
                    "form": "ki-ṣir-ti",
                    "cf": "kiṣirtu",
                    "gw": "envelope",
                    "sense": "envelope",
                    "norm": "kiṣirti",
                    "pos": "N",
                    "epos": "N"
                  }
                },
                {
                  "node": "l",
                  "frag": "02",
                  "id": "P335989.l0676d",
                  "ref": "P335989.2.2",
                  "inst": "n",
                  "f": {
                    "lang": "akk-x-neoass",
                    "form": "02",
                    "pos": "n"
                  }
                },
                {
                  "node": "l",
                  "frag": "MA.NA",
                  "id": "P335989.l0676e",
                  "ref": "P335989.2.3",
                  "inst": "manê[a unit of weight]N",
                  "sig": "@saao/saa14%akk-x-neoass:MA.NA=manû[unit//a unit of weight]N'N$manê",
                  "f": {
                    "lang": "akk-x-neoass",
                    "form": "MA.NA",
                    "cf": "manû",
                    "gw": "unit",
                    "sense": "a unit of weight",
                    "norm": "manê",
                    "pos": "N",
                    "epos": "N"
                  }
                },
                {
                  "node": "l",
                  "frag": "KUG.UD",
                  "id": "P335989.l0676f",
                  "ref": "P335989.2.4",
                  "inst": "ṣarpu[silver]N",
                  "sig": "@saao/saa14%akk-x-neoass:KUG.UD=ṣarpu[silver//silver]N'N$ṣarpi",
                  "f": {
                    "lang": "akk-x-neoass",
                    "form": "KUG.UD",
                    "cf": "ṣarpu",
                    "gw": "silver",
                    "sense": "silver",
                    "norm": "ṣarpi",
                    "pos": "N",
                    "epos": "N"
                  }
                },
                {
                  "node": "d",
                  "type": "line-start",
                  "ref": "P335989.3",
                  "n": "2",
                  "label": "o 2"
                },
                {
                  "node": "l",
                  "frag": "⸢SAG⸣.DU",
                  "id": "P335989.l06770",
                  "ref": "P335989.3.1",
                  "inst": "kaqqudu[capital]N",
                  "sig": "@saao/saa14%akk-x-neoass:SAG.DU=qaqqadu[head//capital]N'N$kaqqudu",
                  "f": {
                    "lang": "akk-x-neoass",
                    "form": "SAG.DU",
                    "cf": "qaqqadu",
                    "gw": "head",
                    "sense": "capital",
                    "norm": "kaqqudu",
                    "pos": "N",
                    "epos": "N"
                  }
                },
                {
                  "node": "l",
                  "frag": "ina",
                  "id": "P335989.l06771",
                  "ref": "P335989.3.2",
                  "inst": "ina[by]PRP",
                  "sig": "@saao/saa14%akk-x-neoass:ina=ina[in//by]PRP'PRP$ina",
                  "f": {
                    "lang": "akk-x-neoass",
                    "form": "ina",
                    "cf": "ina",
                    "gw": "in",
                    "sense": "by",
                    "norm": "ina",
                    "pos": "PRP",
                    "epos": "PRP"
                  }
                },
                {
                  "node": "l",
                  "frag": "01",
                  "id": "P335989.l06772",
                  "ref": "P335989.3.3",
                  "inst": "n",
                  "f": {
                    "lang": "akk-x-neoass",
                    "form": "01",
                    "pos": "n"
                  }
                },
                {
                  "node": "l",
                  "frag": "MA.NA-e",
                  "id": "P335989.l06773",
                  "ref": "P335989.3.4",
                  "inst": "manê[a unit of weight]N",
                  "sig": "@saao/saa14%akk-x-neoass:MA.NA-e=manû[unit//a unit of weight]N'N$manê",
                  "f": {
                    "lang": "akk-x-neoass",
                    "form": "MA.NA-e",
                    "cf": "manû",
                    "gw": "unit",
                    "sense": "a unit of weight",
                    "norm": "manê",
                    "pos": "N",
                    "epos": "N"
                  }
                },
                {
                  "node": "d",
                  "type": "line-start",
                  "ref": "P335989.4",
                  "n": "3",
                  "label": "o 3"
                },
                {
                  "node": "l",
                  "frag": "⸢ša⸣",
                  "id": "P335989.l06774",
                  "ref": "P335989.4.1",
                  "inst": "ša[of]DET",
                  "sig": "@saao/saa14%akk-x-neoass:ša=ša[of//of]DET'DET$ša",
                  "f": {
                    "lang": "akk-x-neoass",
                    "form": "ša",
                    "cf": "ša",
                    "gw": "of",
                    "sense": "of",
                    "norm": "ša",
                    "pos": "DET",
                    "epos": "DET"
                  }
                },
                {
                  "node": "l",
                  "frag": "{uru}gar-ga-mis",
                  "id": "P335989.l06775",
                  "ref": "P335989.4.2",
                  "inst": "Gargamis[Carchemish]GN",
                  "sig": "@saao/saa14%akk-x-neoass:{URU}gar-ga-mis=Gargamis[Carchemish//Carchemish]GN'GN$Gargamis",
                  "f": {
                    "lang": "akk-x-neoass",
                    "form": "{URU}gar-ga-mis",
                    "cf": "Gargamis",
                    "gw": "Carchemish",
                    "sense": "Carchemish",
                    "norm": "Gargamis",
                    "pos": "GN",
                    "epos": "GN"
                  }
                },
                {
                  "node": "d",
                  "type": "nonx",
                  "ref": "P335989.5",
                  "strict": "0",
                  "extent": "n",
                  "scope": "line",
                  "state": "blank"
                },
                {
                  "node": "d",
                  "type": "line-start",
                  "ref": "P335989.6",
                  "n": "4",
                  "label": "o 4"
                },
                {
                  "node": "l",
                  "frag": "[ša",
                  "id": "P335989.l06776",
                  "ref": "P335989.6.1",
                  "inst": "ša[of]DET",
                  "sig": "@saao/saa14%akk-x-neoass:ša=ša[of//of]DET'DET$ša",
                  "f": {
                    "lang": "akk-x-neoass",
                    "form": "ša",
                    "cf": "ša",
                    "gw": "of",
                    "sense": "of",
                    "norm": "ša",
                    "pos": "DET",
                    "epos": "DET"
                  }
                },
                {
                  "node": "l",
                  "frag": "{1}x]-⸢x",
                  "id": "P335989.l06777",
                  "ref": "P335989.6.2",
                  "inst": "u",
                  "f": {
                    "lang": "akk-x-neoass",
                    "form": "{1}x-x",
                    "pos": "u"
                  }
                },
                {
                  "node": "l",
                  "frag": "ina",
                  "id": "P335989.l06778",
                  "ref": "P335989.6.3",
                  "inst": "ina[in+=at the disposal of]PRP",
                  "sig": "@saao/saa14%akk-x-neoass:ina=ina[in//in]PRP'PRP$ina",
                  "f": {
                    "lang": "akk-x-neoass",
                    "form": "ina",
                    "cf": "ina",
                    "gw": "in",
                    "sense": "in",
                    "norm": "ina",
                    "pos": "PRP",
                    "epos": "PRP"
                  }
                },
                {
                  "node": "l",
                  "frag": "IGI⸣",
                  "id": "P335989.l06779",
                  "ref": "P335989.6.4",
                  "inst": "pān[front]N",
                  "sig": "@saao/saa14%akk-x-neoass:IGI=pānu[front//front]N'N$pān",
                  "f": {
                    "lang": "akk-x-neoass",
                    "form": "IGI",
                    "cf": "pānu",
                    "gw": "front",
                    "sense": "front",
                    "norm": "pān",
                    "pos": "N",
                    "epos": "N"
                  }
                },
                {
                  "node": "l",
                  "frag": "{1}{d}MAŠ-PAB-AŠ",
                  "id": "P335989.l0677a",
                  "ref": "P335989.6.5",
                  "inst": "Inurta-ahu-iddina[1]PN",
                  "sig": "@saao/saa14%akk-x-neoass:{1}{d}MAŠ-PAB-AŠ=Inurta-ahu-iddina[1//1]PN'PN$Inurta-ahu-iddina",
                  "f": {
                    "lang": "akk-x-neoass",
                    "form": "{1}{d}MAŠ-PAB-AŠ",
                    "cf": "Inurta-ahu-iddina",
                    "gw": "1",
                    "sense": "1",
                    "norm": "Inurta-ahu-iddina",
                    "pos": "PN",
                    "epos": "PN"
                  }
                },
                {
                  "node": "d",
                  "type": "line-start",
                  "ref": "P335989.7",
                  "n": "5",
                  "label": "o 5"
                },
                {
                  "node": "l",
                  "frag": "[x",
                  "id": "P335989.l0677b",
                  "ref": "P335989.7.1",
                  "inst": "u",
                  "f": {
                    "lang": "akk-x-neoass",
                    "form": "x",
                    "pos": "u"
                  }
                },
                {
                  "node": "l",
                  "frag": "x",
                  "id": "P335989.l0677c",
                  "ref": "P335989.7.2",
                  "inst": "u",
                  "f": {
                    "lang": "akk-x-neoass",
                    "form": "x",
                    "pos": "u"
                  }
                },
                {
                  "node": "l",
                  "frag": "x",
                  "id": "P335989.l0677d",
                  "ref": "P335989.7.3",
                  "inst": "u",
                  "f": {
                    "lang": "akk-x-neoass",
                    "form": "x",
                    "pos": "u"
                  }
                },
                {
                  "node": "l",
                  "frag": "x",
                  "id": "P335989.l0677e",
                  "ref": "P335989.7.4",
                  "inst": "u",
                  "f": {
                    "lang": "akk-x-neoass",
                    "form": "x",
                    "pos": "u"
                  }
                },
                {
                  "node": "l",
                  "frag": "i]-rab-bi",
                  "id": "P335989.l0677f",
                  "ref": "P335989.7.5",
                  "inst": "irabbi[increase]V",
                  "sig": "@saao/saa14%akk-x-neoass:i-rab-bi=rabû[to be big//increase]V'V$irabbi",
                  "f": {
                    "lang": "akk-x-neoass",
                    "form": "i-rab-bi",
                    "cf": "rabû",
                    "gw": "to be big",
                    "sense": "increase",
                    "norm": "irabbi",
                    "pos": "V",
                    "epos": "V"
                  }
                },
                {
                  "node": "d",
                  "type": "line-start",
                  "ref": "P335989.8",
                  "n": "6",
                  "label": "o 6"
                },
                {
                  "node": "l",
                  "frag": "[x",
                  "id": "P335989.l06780",
                  "ref": "P335989.8.1",
                  "inst": "u",
                  "f": {
                    "lang": "akk-x-neoass",
                    "form": "x",
                    "pos": "u"
                  }
                },
                {
                  "node": "l",
                  "frag": "x",
                  "id": "P335989.l06781",
                  "ref": "P335989.8.2",
                  "inst": "u",
                  "f": {
                    "lang": "akk-x-neoass",
                    "form": "x",
                    "pos": "u"
                  }
                },
                {
                  "node": "l",
                  "frag": "x",
                  "id": "P335989.l06782",
                  "ref": "P335989.8.3",
                  "inst": "u",
                  "f": {
                    "lang": "akk-x-neoass",
                    "form": "x",
                    "pos": "u"
                  }
                },
                {
                  "node": "l",
                  "frag": "x",
                  "id": "P335989.l06783",
                  "ref": "P335989.8.4",
                  "inst": "u",
                  "f": {
                    "lang": "akk-x-neoass",
                    "form": "x",
                    "pos": "u"
                  }
                },
                {
                  "node": "l",
                  "frag": "x]-me",
                  "id": "P335989.l06784",
                  "ref": "P335989.8.5",
                  "inst": "u",
                  "f": {
                    "lang": "akk-x-neoass",
                    "form": "x-me",
                    "pos": "u"
                  }
                },
                {
                  "node": "l",
                  "frag": "mu",
                  "id": "P335989.l06785",
                  "ref": "P335989.8.6",
                  "inst": "u",
                  "f": {
                    "lang": "akk-x-neoass",
                    "form": "mu",
                    "pos": "u"
                  }
                },
                {
                  "node": "d",
                  "type": "line-start",
                  "ref": "P335989.9",
                  "n": "7",
                  "label": "o 7"
                },
                {
                  "node": "l",
                  "frag": "[x",
                  "id": "P335989.l06786",
                  "ref": "P335989.9.1",
                  "inst": "u",
                  "f": {
                    "lang": "akk-x-neoass",
                    "form": "x",
                    "pos": "u"
                  }
                },
                {
                  "node": "l",
                  "frag": "x",
                  "id": "P335989.l06787",
                  "ref": "P335989.9.2",
                  "inst": "u",
                  "f": {
                    "lang": "akk-x-neoass",
                    "form": "x",
                    "pos": "u"
                  }
                },
                {
                  "node": "l",
                  "frag": "x",
                  "id": "P335989.l06788",
                  "ref": "P335989.9.3",
                  "inst": "u",
                  "f": {
                    "lang": "akk-x-neoass",
                    "form": "x",
                    "pos": "u"
                  }
                },
                {
                  "node": "l",
                  "frag": "x",
                  "id": "P335989.l06789",
                  "ref": "P335989.9.4",
                  "inst": "u",
                  "f": {
                    "lang": "akk-x-neoass",
                    "form": "x",
                    "pos": "u"
                  }
                },
                {
                  "node": "l",
                  "frag": "x",
                  "id": "P335989.l0678a",
                  "ref": "P335989.9.5",
                  "inst": "u",
                  "f": {
                    "lang": "akk-x-neoass",
                    "form": "x",
                    "pos": "u"
                  }
                },
                {
                  "node": "l",
                  "frag": "x]-ni",
                  "id": "P335989.l0678b",
                  "ref": "P335989.9.6",
                  "inst": "u",
                  "f": {
                    "lang": "akk-x-neoass",
                    "form": "x-ni",
                    "pos": "u"
                  }
                },
                {
                  "node": "d",
                  "type": "nonx",
                  "ref": "P335989.10",
                  "strict": "0",
                  "extent": "rest",
                  "state": "missing"
                },
                {
                  "node": "d",
                  "subtype": "reverse",
                  "type": "reverse",
                  "ref": "P335989.r.11",
                  "label": "r"
                },
                {
                  "node": "d",
                  "type": "nonx",
                  "ref": "P335989.12",
                  "strict": "0",
                  "extent": "beginning",
                  "state": "missing"
                },
                {
                  "node": "d",
                  "type": "line-start",
                  "ref": "P335989.13",
                  "n": "1'",
                  "label": "r 1'"
                },
                {
                  "node": "l",
                  "frag": "[x",
                  "id": "P335989.l0678c",
                  "ref": "P335989.13.1",
                  "inst": "u",
                  "f": {
                    "lang": "akk-x-neoass",
                    "form": "x",
                    "pos": "u"
                  }
                },
                {
                  "node": "l",
                  "frag": "x",
                  "id": "P335989.l0678d",
                  "ref": "P335989.13.2",
                  "inst": "u",
                  "f": {
                    "lang": "akk-x-neoass",
                    "form": "x",
                    "pos": "u"
                  }
                },
                {
                  "node": "l",
                  "frag": "x",
                  "id": "P335989.l0678e",
                  "ref": "P335989.13.3",
                  "inst": "u",
                  "f": {
                    "lang": "akk-x-neoass",
                    "form": "x",
                    "pos": "u"
                  }
                },
                {
                  "node": "l",
                  "frag": "x",
                  "id": "P335989.l0678f",
                  "ref": "P335989.13.4",
                  "inst": "u",
                  "f": {
                    "lang": "akk-x-neoass",
                    "form": "x",
                    "pos": "u"
                  }
                },
                {
                  "node": "l",
                  "frag": "x",
                  "id": "P335989.l06790",
                  "ref": "P335989.13.5",
                  "inst": "u",
                  "f": {
                    "lang": "akk-x-neoass",
                    "form": "x",
                    "pos": "u"
                  }
                },
                {
                  "node": "l",
                  "frag": "x]-nu",
                  "id": "P335989.l06791",
                  "ref": "P335989.13.6",
                  "inst": "u",
                  "f": {
                    "lang": "akk-x-neoass",
                    "form": "x-nu",
                    "pos": "u"
                  }
                },
                {
                  "node": "d",
                  "type": "line-start",
                  "ref": "P335989.14",
                  "n": "2'",
                  "label": "r 2'"
                },
                {
                  "node": "l",
                  "frag": "[x",
                  "id": "P335989.l06792",
                  "ref": "P335989.14.1",
                  "inst": "u",
                  "f": {
                    "lang": "akk-x-neoass",
                    "form": "x",
                    "pos": "u"
                  }
                },
                {
                  "node": "l",
                  "frag": "x",
                  "id": "P335989.l06793",
                  "ref": "P335989.14.2",
                  "inst": "u",
                  "f": {
                    "lang": "akk-x-neoass",
                    "form": "x",
                    "pos": "u"
                  }
                },
                {
                  "node": "l",
                  "frag": "x",
                  "id": "P335989.l06794",
                  "ref": "P335989.14.3",
                  "inst": "u",
                  "f": {
                    "lang": "akk-x-neoass",
                    "form": "x",
                    "pos": "u"
                  }
                },
                {
                  "node": "l",
                  "frag": "x",
                  "id": "P335989.l06795",
                  "ref": "P335989.14.4",
                  "inst": "u",
                  "f": {
                    "lang": "akk-x-neoass",
                    "form": "x",
                    "pos": "u"
                  }
                },
                {
                  "node": "l",
                  "frag": "x",
                  "id": "P335989.l06796",
                  "ref": "P335989.14.5",
                  "inst": "u",
                  "f": {
                    "lang": "akk-x-neoass",
                    "form": "x",
                    "pos": "u"
                  }
                },
                {
                  "node": "l",
                  "frag": "x]+⸢x⸣-i",
                  "id": "P335989.l06797",
                  "ref": "P335989.14.6",
                  "inst": "u",
                  "f": {
                    "lang": "akk-x-neoass",
                    "form": "x+x-i",
                    "pos": "u"
                  }
                },
                {
                  "node": "d",
                  "type": "line-start",
                  "ref": "P335989.15",
                  "n": "3'",
                  "label": "r 3'"
                },
                {
                  "node": "l",
                  "frag": "[x",
                  "id": "P335989.l06798",
                  "ref": "P335989.15.1",
                  "inst": "u",
                  "f": {
                    "lang": "akk-x-neoass",
                    "form": "x",
                    "pos": "u"
                  }
                },
                {
                  "node": "l",
                  "frag": "x",
                  "id": "P335989.l06799",
                  "ref": "P335989.15.2",
                  "inst": "u",
                  "f": {
                    "lang": "akk-x-neoass",
                    "form": "x",
                    "pos": "u"
                  }
                },
                {
                  "node": "l",
                  "frag": "x",
                  "id": "P335989.l0679a",
                  "ref": "P335989.15.3",
                  "inst": "u",
                  "f": {
                    "lang": "akk-x-neoass",
                    "form": "x",
                    "pos": "u"
                  }
                },
                {
                  "node": "l",
                  "frag": "x",
                  "id": "P335989.l0679b",
                  "ref": "P335989.15.4",
                  "inst": "u",
                  "f": {
                    "lang": "akk-x-neoass",
                    "form": "x",
                    "pos": "u"
                  }
                },
                {
                  "node": "l",
                  "frag": "x",
                  "id": "P335989.l0679c",
                  "ref": "P335989.15.5",
                  "inst": "u",
                  "f": {
                    "lang": "akk-x-neoass",
                    "form": "x",
                    "pos": "u"
                  }
                },
                {
                  "node": "l",
                  "frag": "x]-PAB",
                  "id": "P335989.l0679d",
                  "ref": "P335989.15.6",
                  "inst": "u",
                  "f": {
                    "lang": "akk-x-neoass",
                    "form": "x-PAB",
                    "pos": "u"
                  }
                },
                {
                  "node": "d",
                  "type": "nonx",
                  "ref": "P335989.16",
                  "strict": "0",
                  "extent": "rest",
                  "state": "blank"
                }
              ]
            }
          ]
        }
      ]
    }
  ]
}
