{
  "type": "cdl",
  "source": "http://oracc.org/saao/saa14",
  "license": "This data is released under the CC0 license",
  "license-url": "https://creativecommons.org/publicdomain/zero/1.0/",
  "more-info": "http://oracc.org/doc/opendata/",
  "UTC-timestamp": "2017-06-10T00:53:44",
  "project": "saao/saa14",
  "textid": "P335168",
  "cdl": [
    {
      "node": "c",
      "type": "text",
      "id": "P335168.U0",
      "cdl": [
        {
          "node": "d",
          "type": "object",
          "ref": ""
        },
        {
          "node": "d",
          "subtype": "obverse",
          "type": "obverse",
          "ref": "P335168.o.1",
          "label": "o"
        },
        {
          "node": "d",
          "type": "nonx",
          "ref": "P335168.2",
          "strict": "0",
          "extent": "beginning",
          "state": "missing"
        },
        {
          "node": "d",
          "type": "nonx",
          "ref": "P335168.3",
          "strict": "1",
          "extent": "n",
          "scope": "line",
          "state": "ruling",
          "flags": "!"
        },
        {
          "node": "d",
          "type": "nonx",
          "ref": "P335168.4",
          "strict": "0",
          "extent": "1",
          "scope": "impression",
          "state": "other"
        },
        {
          "node": "d",
          "type": "nonx",
          "ref": "P335168.5",
          "strict": "1",
          "extent": "n",
          "scope": "line",
          "state": "ruling",
          "flags": "!"
        },
        {
          "node": "c",
          "type": "discourse",
          "subtype": "body",
          "id": "P335168.U1",
          "cdl": [
            {
              "node": "c",
              "type": "sentence",
              "id": "P335168.U2",
              "label": "o 1' - e. 2",
              "cdl": [
                {
                  "node": "d",
                  "type": "line-start",
                  "ref": "P335168.6",
                  "n": "1'",
                  "label": "o 1'"
                },
                {
                  "node": "l",
                  "frag": "{mi₂}sam-⸢si⸣-[x",
                  "id": "P335168.l0341b",
                  "ref": "P335168.6.1",
                  "inst": "u",
                  "f": {
                    "lang": "akk-x-neoass",
                    "form": "{MI₂}sam-si-x",
                    "pos": "u"
                  }
                },
                {
                  "node": "l",
                  "frag": "x]",
                  "id": "P335168.l0341c",
                  "ref": "P335168.6.2",
                  "inst": "u",
                  "f": {
                    "lang": "akk-x-neoass",
                    "form": "x",
                    "pos": "u"
                  }
                },
                {
                  "node": "l",
                  "frag": "GEME₂-šu₂",
                  "id": "P335168.l0341d",
                  "ref": "P335168.6.3",
                  "inst": "amtīšu[maid]N",
                  "sig": "@saao/saa14%akk-x-neoass:GEME₂-šu₂=amtu[maid//maid]N'N$amtīšu",
                  "f": {
                    "lang": "akk-x-neoass",
                    "form": "GEME₂-šu₂",
                    "cf": "amtu",
                    "gw": "maid",
                    "sense": "maid",
                    "norm": "amtīšu",
                    "pos": "N",
                    "epos": "N"
                  }
                },
                {
                  "node": "d",
                  "type": "line-start",
                  "ref": "P335168.7",
                  "n": "2'",
                  "label": "o 2'"
                },
                {
                  "node": "l",
                  "frag": "DUMU",
                  "id": "P335168.l0341e",
                  "ref": "P335168.7.1",
                  "inst": "māru[son]N",
                  "sig": "@saao/saa14%akk-x-neoass:DUMU=māru[son//son]N'N$māru",
                  "f": {
                    "lang": "akk-x-neoass",
                    "form": "DUMU",
                    "cf": "māru",
                    "gw": "son",
                    "sense": "son",
                    "norm": "māru",
                    "pos": "N",
                    "epos": "N"
                  }
                },
                {
                  "node": "l",
                  "frag": "⸢GA⸣",
                  "id": "P335168.l0341f",
                  "ref": "P335168.7.2",
                  "inst": "zizibu[suckling]'AJ",
                  "sig": "@saao/saa14%akk-x-neoass:GA=šizbu[milk//suckling]N'AJ$zizibu",
                  "f": {
                    "lang": "akk-x-neoass",
                    "form": "GA",
                    "cf": "šizbu",
                    "gw": "milk",
                    "sense": "suckling",
                    "norm": "zizibu",
                    "pos": "N",
                    "epos": "AJ"
                  }
                },
                {
                  "node": "l",
                  "frag": "[x",
                  "id": "P335168.l03420",
                  "ref": "P335168.7.3",
                  "inst": "u",
                  "f": {
                    "lang": "akk-x-neoass",
                    "form": "x",
                    "pos": "u"
                  }
                },
                {
                  "node": "l",
                  "frag": "(x)",
                  "id": "P335168.l03421",
                  "ref": "P335168.7.4",
                  "inst": "u",
                  "f": {
                    "lang": "akk-x-neoass",
                    "form": "x",
                    "pos": "u"
                  }
                },
                {
                  "node": "l",
                  "frag": "x]-MEŠ",
                  "id": "P335168.l03422",
                  "ref": "P335168.7.5",
                  "inst": "u",
                  "f": {
                    "lang": "akk-x-neoass",
                    "form": "x-MEŠ",
                    "pos": "u"
                  }
                },
                {
                  "node": "d",
                  "type": "line-start",
                  "ref": "P335168.8",
                  "n": "3'",
                  "label": "o 3'"
                },
                {
                  "node": "l",
                  "frag": "u₂-piš-ma",
                  "id": "P335168.l03423",
                  "ref": "P335168.8.1",
                  "inst": "uppišma[contract]V",
                  "sig": "@saao/saa14%akk-x-neoass:u₂-piš-ma=epēšu[do//contract]V'V$uppišma",
                  "f": {
                    "lang": "akk-x-neoass",
                    "form": "u₂-piš-ma",
                    "cf": "epēšu",
                    "gw": "do",
                    "sense": "contract",
                    "norm": "uppišma",
                    "pos": "V",
                    "epos": "V"
                  }
                },
                {
                  "node": "l",
                  "frag": "{1}[x",
                  "id": "P335168.l03424",
                  "ref": "P335168.8.2",
                  "inst": "u",
                  "f": {
                    "lang": "akk-x-neoass",
                    "form": "{1}x",
                    "pos": "u"
                  }
                },
                {
                  "node": "l",
                  "frag": "(x)",
                  "id": "P335168.l03425",
                  "ref": "P335168.8.3",
                  "inst": "u",
                  "f": {
                    "lang": "akk-x-neoass",
                    "form": "x",
                    "pos": "u"
                  }
                },
                {
                  "node": "l",
                  "frag": "x]+⸢x⸣-a.a",
                  "id": "P335168.l03426",
                  "ref": "P335168.8.4",
                  "inst": "u",
                  "f": {
                    "lang": "akk-x-neoass",
                    "form": "x+x-a.a",
                    "pos": "u"
                  }
                },
                {
                  "node": "d",
                  "type": "line-start",
                  "ref": "P335168.9",
                  "n": "4'",
                  "label": "o 4'"
                },
                {
                  "node": "l",
                  "frag": "ina",
                  "id": "P335168.l03427",
                  "ref": "P335168.9.1",
                  "inst": "ina[in+=for]PRP",
                  "sig": "@saao/saa14%akk-x-neoass:ina=ina[in//in]PRP'PRP$ina",
                  "f": {
                    "lang": "akk-x-neoass",
                    "form": "ina",
                    "cf": "ina",
                    "gw": "in",
                    "sense": "in",
                    "norm": "ina",
                    "pos": "PRP",
                    "epos": "PRP"
                  }
                },
                {
                  "node": "l",
                  "frag": "ŠA₃-⸢bi⸣",
                  "id": "P335168.l03428",
                  "ref": "P335168.9.2",
                  "inst": "libbi[interior]N",
                  "sig": "@saao/saa14%akk-x-neoass:ŠA₃-bi=libbu[interior//interior]N'N$libbi",
                  "f": {
                    "lang": "akk-x-neoass",
                    "form": "ŠA₃-bi",
                    "cf": "libbu",
                    "gw": "interior",
                    "sense": "interior",
                    "norm": "libbi",
                    "pos": "N",
                    "epos": "N"
                  }
                },
                {
                  "node": "l",
                  "frag": "[x",
                  "id": "P335168.l03429",
                  "ref": "P335168.9.3",
                  "inst": "u",
                  "f": {
                    "lang": "akk-x-neoass",
                    "form": "x",
                    "pos": "u"
                  }
                },
                {
                  "node": "l",
                  "frag": "MA.NA]",
                  "id": "P335168.l0342a",
                  "ref": "P335168.9.4",
                  "inst": "manê[a unit of weight]N",
                  "sig": "@saao/saa14%akk-x-neoass:MA.NA=manû[unit//a unit of weight]N'N$manê",
                  "f": {
                    "lang": "akk-x-neoass",
                    "form": "MA.NA",
                    "cf": "manû",
                    "gw": "unit",
                    "sense": "a unit of weight",
                    "norm": "manê",
                    "pos": "N",
                    "epos": "N"
                  }
                },
                {
                  "node": "l",
                  "frag": "⸢KUG⸣.UD-MEŠ",
                  "id": "P335168.l0342b",
                  "ref": "P335168.9.5",
                  "inst": "ṣarpī[silver]N",
                  "sig": "@saao/saa14%akk-x-neoass:KUG.UD-MEŠ=ṣarpu[silver//silver]N'N$ṣarpī",
                  "f": {
                    "lang": "akk-x-neoass",
                    "form": "KUG.UD-MEŠ",
                    "cf": "ṣarpu",
                    "gw": "silver",
                    "sense": "silver",
                    "norm": "ṣarpī",
                    "pos": "N",
                    "epos": "N"
                  }
                },
                {
                  "node": "d",
                  "type": "line-start",
                  "ref": "P335168.10",
                  "n": "5'",
                  "label": "o 5'"
                },
                {
                  "node": "l",
                  "frag": "il-qi",
                  "id": "P335168.l0342c",
                  "ref": "P335168.10.1",
                  "inst": "ilqi[purchase]V",
                  "sig": "@saao/saa14%akk-x-neoass:il-qi=leqû[take//purchase]V'V$ilqi",
                  "f": {
                    "lang": "akk-x-neoass",
                    "form": "il-qi",
                    "cf": "leqû",
                    "gw": "take",
                    "sense": "purchase",
                    "norm": "ilqi",
                    "pos": "V",
                    "epos": "V"
                  }
                },
                {
                  "node": "l",
                  "frag": "⸢kas-pu",
                  "id": "P335168.l0342d",
                  "ref": "P335168.10.2",
                  "inst": "kaspu[money]N",
                  "sig": "@saao/saa14%akk-x-neoass:kas-pu=kaspu[silver//money]N'N$kaspu",
                  "f": {
                    "lang": "akk-x-neoass",
                    "form": "kas-pu",
                    "cf": "kaspu",
                    "gw": "silver",
                    "sense": "money",
                    "norm": "kaspu",
                    "pos": "N",
                    "epos": "N"
                  }
                },
                {
                  "node": "l",
                  "frag": "ga-mur⸣",
                  "id": "P335168.l0342e",
                  "ref": "P335168.10.3",
                  "inst": "gammur[completed]AJ",
                  "sig": "@saao/saa14%akk-x-neoass:ga-mur=gammuru[finished//completed]AJ'AJ$gammur",
                  "f": {
                    "lang": "akk-x-neoass",
                    "form": "ga-mur",
                    "cf": "gammuru",
                    "gw": "finished",
                    "sense": "completed",
                    "norm": "gammur",
                    "pos": "AJ",
                    "epos": "AJ"
                  }
                },
                {
                  "node": "d",
                  "type": "line-start",
                  "ref": "P335168.11",
                  "n": "6'",
                  "label": "o 6'"
                },
                {
                  "node": "l",
                  "frag": "ta-din",
                  "id": "P335168.l0342f",
                  "ref": "P335168.11.1",
                  "inst": "tadin[paid]AJ",
                  "sig": "@saao/saa14%akk-x-neoass:ta-din=tadnu[given//paid]AJ'AJ$tadin",
                  "f": {
                    "lang": "akk-x-neoass",
                    "form": "ta-din",
                    "cf": "tadnu",
                    "gw": "given",
                    "sense": "paid",
                    "norm": "tadin",
                    "pos": "AJ",
                    "epos": "AJ"
                  }
                },
                {
                  "node": "l",
                  "frag": "⸢MI₂",
                  "id": "P335168.l03430",
                  "ref": "P335168.11.2",
                  "inst": "issu[woman]N",
                  "sig": "@saao/saa14%akk-x-neoass:MI₂=sinništu[woman//woman]N'N$issu",
                  "f": {
                    "lang": "akk-x-neoass",
                    "form": "MI₂",
                    "cf": "sinništu",
                    "gw": "woman",
                    "sense": "woman",
                    "norm": "issu",
                    "pos": "N",
                    "epos": "N"
                  }
                },
                {
                  "node": "l",
                  "frag": "DUMU⸣",
                  "id": "P335168.l03431",
                  "ref": "P335168.11.3",
                  "inst": "māru[son]N",
                  "sig": "@saao/saa14%akk-x-neoass:DUMU=māru[son//son]N'N$māru",
                  "f": {
                    "lang": "akk-x-neoass",
                    "form": "DUMU",
                    "cf": "māru",
                    "gw": "son",
                    "sense": "son",
                    "norm": "māru",
                    "pos": "N",
                    "epos": "N"
                  }
                },
                {
                  "node": "l",
                  "frag": "[šu]-a-te",
                  "id": "P335168.l03432",
                  "ref": "P335168.11.4",
                  "inst": "šuāte[that]'DP",
                  "sig": "@saao/saa14%akk-x-neoass:šu-a-te=šuāti[him//that]IP'DP$šuāte",
                  "f": {
                    "lang": "akk-x-neoass",
                    "form": "šu-a-te",
                    "cf": "šuāti",
                    "gw": "him",
                    "sense": "that",
                    "norm": "šuāte",
                    "pos": "IP",
                    "epos": "DP"
                  }
                },
                {
                  "node": "d",
                  "type": "line-start",
                  "ref": "P335168.12",
                  "n": "7'",
                  "label": "o 7'"
                },
                {
                  "node": "l",
                  "frag": "za-ar₂-pu",
                  "id": "P335168.l03433",
                  "ref": "P335168.12.1",
                  "inst": "zarpu[purchased]AJ",
                  "sig": "@saao/saa14%akk-x-neoass:za-ar₂-pu=zarpu[purchased//purchased]AJ'AJ$zarpu",
                  "f": {
                    "lang": "akk-x-neoass",
                    "form": "za-ar₂-pu",
                    "cf": "zarpu",
                    "gw": "purchased",
                    "sense": "purchased",
                    "norm": "zarpu",
                    "pos": "AJ",
                    "epos": "AJ"
                  }
                },
                {
                  "node": "l",
                  "frag": "⸢laq⸣-[qi]-iu-u",
                  "id": "P335168.l03434",
                  "ref": "P335168.12.2",
                  "inst": "leqû[taken//acquired]AJ$laqqiu",
                  "sig": "@saao/saa14%akk-x-neoass:laq-qi-iu-u=leqû[taken//acquired]AJ'AJ$laqqiu",
                  "f": {
                    "lang": "akk-x-neoass",
                    "form": "laq-qi-iu-u",
                    "cf": "leqû",
                    "gw": "taken",
                    "sense": "acquired",
                    "norm": "laqqiu",
                    "pos": "AJ",
                    "epos": "AJ"
                  }
                },
                {
                  "node": "d",
                  "subtype": "bottom",
                  "type": "bottom",
                  "ref": "P335168.b.e..13",
                  "label": "b.e."
                },
                {
                  "node": "d",
                  "type": "nonx",
                  "ref": "P335168.14",
                  "strict": "0",
                  "state": "missing"
                },
                {
                  "node": "d",
                  "subtype": "reverse",
                  "type": "reverse",
                  "ref": "P335168.r.15",
                  "label": "r"
                },
                {
                  "node": "d",
                  "type": "line-start",
                  "ref": "P335168.16",
                  "n": "1",
                  "label": "r 1"
                },
                {
                  "node": "l",
                  "frag": "[man-nu",
                  "id": "P335168.l03435",
                  "ref": "P335168.16.1",
                  "inst": "mannu[whoever]'XP",
                  "sig": "@saao/saa14%akk-x-neoass:man-nu=mannu[who?//whoever]QP'XP$mannu",
                  "f": {
                    "lang": "akk-x-neoass",
                    "form": "man-nu",
                    "cf": "mannu",
                    "gw": "who?",
                    "sense": "whoever",
                    "norm": "mannu",
                    "pos": "QP",
                    "epos": "XP"
                  }
                },
                {
                  "node": "l",
                  "frag": "ša]",
                  "id": "P335168.l03436",
                  "ref": "P335168.16.2",
                  "inst": "ša[that]REL",
                  "sig": "@saao/saa14%akk-x-neoass:ša=ša[that//that]REL'REL$ša",
                  "f": {
                    "lang": "akk-x-neoass",
                    "form": "ša",
                    "cf": "ša",
                    "gw": "that",
                    "sense": "that",
                    "norm": "ša",
                    "pos": "REL",
                    "epos": "REL"
                  }
                },
                {
                  "node": "l",
                  "frag": "⸢de⸣-e-nu",
                  "id": "P335168.l03437",
                  "ref": "P335168.16.3",
                  "inst": "dēnu[lawsuit]N",
                  "sig": "@saao/saa14%akk-x-neoass:de-e-nu=dīnu[legal decision//lawsuit]N'N$dēnu",
                  "f": {
                    "lang": "akk-x-neoass",
                    "form": "de-e-nu",
                    "cf": "dīnu",
                    "gw": "legal decision",
                    "sense": "lawsuit",
                    "norm": "dēnu",
                    "pos": "N",
                    "epos": "N"
                  }
                },
                {
                  "node": "l",
                  "frag": "⸢DUG₄.DUG₄⸣",
                  "id": "P335168.l03438",
                  "ref": "P335168.16.4",
                  "inst": "dabābu[litigation]'N",
                  "sig": "@saao/saa14%akk-x-neoass:DUG₄.DUG₄=dabābu[speak//litigation]V'N$dabābu",
                  "f": {
                    "lang": "akk-x-neoass",
                    "form": "DUG₄.DUG₄",
                    "cf": "dabābu",
                    "gw": "speak",
                    "sense": "litigation",
                    "norm": "dabābu",
                    "pos": "V",
                    "epos": "N"
                  }
                },
                {
                  "node": "l",
                  "frag": "[o]",
                  "id": "P335168.l03439",
                  "ref": "P335168.16.5",
                  "inst": "u",
                  "f": {
                    "lang": "akk-x-neoass",
                    "form": "o",
                    "pos": "u"
                  }
                },
                {
                  "node": "d",
                  "type": "line-start",
                  "ref": "P335168.17",
                  "n": "2",
                  "label": "r 2"
                },
                {
                  "node": "l",
                  "frag": "⸢ub-ta-u-ni⸣",
                  "id": "P335168.l0343a",
                  "ref": "P335168.17.1",
                  "inst": "ubtaʾʾūni[seek]V",
                  "sig": "@saao/saa14%akk-x-neoass:ub-ta-u-ni=buʾʾû[look for//seek]V'V$ubtaʾʾūni",
                  "f": {
                    "lang": "akk-x-neoass",
                    "form": "ub-ta-u-ni",
                    "cf": "buʾʾû",
                    "gw": "look for",
                    "sense": "seek",
                    "norm": "ubtaʾʾūni",
                    "pos": "V",
                    "epos": "V"
                  }
                },
                {
                  "node": "l",
                  "frag": "KUG.UD",
                  "id": "P335168.l0343b",
                  "ref": "P335168.17.2",
                  "inst": "ṣarpi[silver]N",
                  "sig": "@saao/saa14%akk-x-neoass:KUG.UD=ṣarpu[silver//silver]N'N$ṣarpi",
                  "f": {
                    "lang": "akk-x-neoass",
                    "form": "KUG.UD",
                    "cf": "ṣarpu",
                    "gw": "silver",
                    "sense": "silver",
                    "norm": "ṣarpi",
                    "pos": "N",
                    "epos": "N"
                  }
                },
                {
                  "node": "c",
                  "type": "phrase",
                  "tag": "phr",
                  "id": "P335168.U4",
                  "ref": "P335168.ls00000",
                  "cdl": [
                    {
                      "node": "l",
                      "frag": "[a]-⸢na⸣",
                      "id": "P335168.l0343c",
                      "ref": "P335168.17.3",
                      "inst": "ana[to+=tenfold]PRP",
                      "sig": "@saao/saa14%akk-x-neoass:a-na=ana[to//to]PRP'PRP$ana",
                      "f": {
                        "lang": "akk-x-neoass",
                        "form": "a-na",
                        "cf": "ana",
                        "gw": "to",
                        "sense": "to",
                        "norm": "ana",
                        "pos": "PRP",
                        "epos": "PRP"
                      }
                    },
                    {
                      "node": "d",
                      "type": "line-start",
                      "ref": "P335168.18",
                      "n": "3",
                      "label": "r 3"
                    },
                    {
                      "node": "l",
                      "frag": "10-MEŠ-⸢te",
                      "id": "P335168.l0343d",
                      "ref": "P335168.18.1",
                      "inst": "ešrāte[tenfold]AV",
                      "sig": "@saao/saa14%akk-x-neoass:10-MEŠ-te=ešriātu[tenfold//tenfold]AV'AV$ešrāte",
                      "f": {
                        "lang": "akk-x-neoass",
                        "form": "10-MEŠ-te",
                        "cf": "ešriātu",
                        "gw": "tenfold",
                        "sense": "tenfold",
                        "norm": "ešrāte",
                        "pos": "AV",
                        "epos": "AV"
                      }
                    }
                  ]
                },
                {
                  "node": "l",
                  "frag": "a-na⸣",
                  "id": "P335168.l0343e",
                  "ref": "P335168.18.2",
                  "inst": "ana[to]PRP",
                  "sig": "@saao/saa14%akk-x-neoass:a-na=ana[to//to]PRP'PRP$ana",
                  "f": {
                    "lang": "akk-x-neoass",
                    "form": "a-na",
                    "cf": "ana",
                    "gw": "to",
                    "sense": "to",
                    "norm": "ana",
                    "pos": "PRP",
                    "epos": "PRP"
                  }
                },
                {
                  "node": "l",
                  "frag": "EN-MEŠ-[šu₂]",
                  "id": "P335168.l0343f",
                  "ref": "P335168.18.3",
                  "inst": "bēlēšu[owner]N",
                  "sig": "@saao/saa14%akk-x-neoass:EN-MEŠ-šu₂=bēlu[lord//owner]N'N$bēlēšu",
                  "f": {
                    "lang": "akk-x-neoass",
                    "form": "EN-MEŠ-šu₂",
                    "cf": "bēlu",
                    "gw": "lord",
                    "sense": "owner",
                    "norm": "bēlēšu",
                    "pos": "N",
                    "epos": "N"
                  }
                },
                {
                  "node": "l",
                  "frag": "GUR",
                  "id": "P335168.l03440",
                  "ref": "P335168.18.4",
                  "inst": "itūar[return]V",
                  "sig": "@saao/saa14%akk-x-neoass:GUR=târu[turn//return]V'V$itūar",
                  "f": {
                    "lang": "akk-x-neoass",
                    "form": "GUR",
                    "cf": "târu",
                    "gw": "turn",
                    "sense": "return",
                    "norm": "itūar",
                    "pos": "V",
                    "epos": "V"
                  }
                },
                {
                  "node": "d",
                  "type": "nonx",
                  "ref": "P335168.19",
                  "strict": "1",
                  "extent": "n",
                  "scope": "line",
                  "state": "ruling",
                  "flags": "!"
                },
                {
                  "node": "d",
                  "type": "line-start",
                  "ref": "P335168.20",
                  "n": "4",
                  "label": "r 4"
                },
                {
                  "node": "l",
                  "frag": "⸢IGI⸣",
                  "id": "P335168.l03441",
                  "ref": "P335168.20.1",
                  "inst": "šību[witness]N",
                  "sig": "@saao/saa14%akk-x-neoass:IGI=šību[witness//witness]N'N$šību",
                  "f": {
                    "lang": "akk-x-neoass",
                    "form": "IGI",
                    "cf": "šību",
                    "gw": "witness",
                    "sense": "witness",
                    "norm": "šību",
                    "pos": "N",
                    "epos": "N"
                  }
                },
                {
                  "node": "l",
                  "frag": "{1}⸢x",
                  "id": "P335168.l03442",
                  "ref": "P335168.20.2",
                  "inst": "u",
                  "f": {
                    "lang": "akk-x-neoass",
                    "form": "{1}x",
                    "pos": "u"
                  }
                },
                {
                  "node": "l",
                  "frag": "x",
                  "id": "P335168.l03443",
                  "ref": "P335168.20.3",
                  "inst": "u",
                  "f": {
                    "lang": "akk-x-neoass",
                    "form": "x",
                    "pos": "u"
                  }
                },
                {
                  "node": "l",
                  "frag": "x⸣",
                  "id": "P335168.l03444",
                  "ref": "P335168.20.4",
                  "inst": "u",
                  "f": {
                    "lang": "akk-x-neoass",
                    "form": "x",
                    "pos": "u"
                  }
                },
                {
                  "node": "l",
                  "frag": "x",
                  "id": "P335168.l03445",
                  "ref": "P335168.20.5",
                  "inst": "u",
                  "f": {
                    "lang": "akk-x-neoass",
                    "form": "x",
                    "pos": "u"
                  }
                },
                {
                  "node": "l",
                  "frag": "⸢x⸣",
                  "id": "P335168.l03446",
                  "ref": "P335168.20.6",
                  "inst": "u",
                  "f": {
                    "lang": "akk-x-neoass",
                    "form": "x",
                    "pos": "u"
                  }
                },
                {
                  "node": "l",
                  "frag": "x",
                  "id": "P335168.l03447",
                  "ref": "P335168.20.7",
                  "inst": "u",
                  "f": {
                    "lang": "akk-x-neoass",
                    "form": "x",
                    "pos": "u"
                  }
                },
                {
                  "node": "l",
                  "frag": "x",
                  "id": "P335168.l03448",
                  "ref": "P335168.20.8",
                  "inst": "u",
                  "f": {
                    "lang": "akk-x-neoass",
                    "form": "x",
                    "pos": "u"
                  }
                },
                {
                  "node": "d",
                  "type": "line-start",
                  "ref": "P335168.21",
                  "n": "5",
                  "label": "r 5"
                },
                {
                  "node": "l",
                  "frag": "⸢IGI⸣",
                  "id": "P335168.l03449",
                  "ref": "P335168.21.1",
                  "inst": "šību[witness]N",
                  "sig": "@saao/saa14%akk-x-neoass:IGI=šību[witness//witness]N'N$šību",
                  "f": {
                    "lang": "akk-x-neoass",
                    "form": "IGI",
                    "cf": "šību",
                    "gw": "witness",
                    "sense": "witness",
                    "norm": "šību",
                    "pos": "N",
                    "epos": "N"
                  }
                },
                {
                  "node": "l",
                  "frag": "{1}{⸢d⸣}[x]+⸢x⸣+[x]",
                  "id": "P335168.l0344a",
                  "ref": "P335168.21.2",
                  "inst": "u",
                  "f": {
                    "lang": "akk-x-neoass",
                    "form": "{1}{d}x+x+x",
                    "pos": "u"
                  }
                },
                {
                  "node": "l",
                  "frag": "x",
                  "id": "P335168.l0344b",
                  "ref": "P335168.21.3",
                  "inst": "u",
                  "f": {
                    "lang": "akk-x-neoass",
                    "form": "x",
                    "pos": "u"
                  }
                },
                {
                  "node": "l",
                  "frag": "x",
                  "id": "P335168.l0344c",
                  "ref": "P335168.21.4",
                  "inst": "u",
                  "f": {
                    "lang": "akk-x-neoass",
                    "form": "x",
                    "pos": "u"
                  }
                },
                {
                  "node": "l",
                  "frag": "x",
                  "id": "P335168.l0344d",
                  "ref": "P335168.21.5",
                  "inst": "u",
                  "f": {
                    "lang": "akk-x-neoass",
                    "form": "x",
                    "pos": "u"
                  }
                },
                {
                  "node": "d",
                  "type": "line-start",
                  "ref": "P335168.22",
                  "n": "6",
                  "label": "r 6"
                },
                {
                  "node": "l",
                  "frag": "⸢IGI⸣",
                  "id": "P335168.l0344e",
                  "ref": "P335168.22.1",
                  "inst": "šību[witness]N",
                  "sig": "@saao/saa14%akk-x-neoass:IGI=šību[witness//witness]N'N$šību",
                  "f": {
                    "lang": "akk-x-neoass",
                    "form": "IGI",
                    "cf": "šību",
                    "gw": "witness",
                    "sense": "witness",
                    "norm": "šību",
                    "pos": "N",
                    "epos": "N"
                  }
                },
                {
                  "node": "l",
                  "frag": "{1}⸢x⸣+[x]-MAN-DU₃",
                  "id": "P335168.l0344f",
                  "ref": "P335168.22.2",
                  "inst": "u",
                  "f": {
                    "lang": "akk-x-neoass",
                    "form": "{1}x+x-MAN-DU₃",
                    "pos": "u"
                  }
                },
                {
                  "node": "d",
                  "type": "line-start",
                  "ref": "P335168.23",
                  "n": "7",
                  "label": "r 7"
                },
                {
                  "node": "l",
                  "frag": "IGI",
                  "id": "P335168.l03450",
                  "ref": "P335168.23.1",
                  "inst": "šību[witness]N",
                  "sig": "@saao/saa14%akk-x-neoass:IGI=šību[witness//witness]N'N$šību",
                  "f": {
                    "lang": "akk-x-neoass",
                    "form": "IGI",
                    "cf": "šību",
                    "gw": "witness",
                    "sense": "witness",
                    "norm": "šību",
                    "pos": "N",
                    "epos": "N"
                  }
                },
                {
                  "node": "l",
                  "frag": "{1}[x",
                  "id": "P335168.l03451",
                  "ref": "P335168.23.2",
                  "inst": "u",
                  "f": {
                    "lang": "akk-x-neoass",
                    "form": "{1}x",
                    "pos": "u"
                  }
                },
                {
                  "node": "l",
                  "frag": "x",
                  "id": "P335168.l03452",
                  "ref": "P335168.23.3",
                  "inst": "u",
                  "f": {
                    "lang": "akk-x-neoass",
                    "form": "x",
                    "pos": "u"
                  }
                },
                {
                  "node": "l",
                  "frag": "x]-a-nu",
                  "id": "P335168.l03453",
                  "ref": "P335168.23.4",
                  "inst": "u",
                  "f": {
                    "lang": "akk-x-neoass",
                    "form": "x-a-nu",
                    "pos": "u"
                  }
                },
                {
                  "node": "l",
                  "frag": "⸢x",
                  "id": "P335168.l03454",
                  "ref": "P335168.23.5",
                  "inst": "u",
                  "f": {
                    "lang": "akk-x-neoass",
                    "form": "x",
                    "pos": "u"
                  }
                },
                {
                  "node": "l",
                  "frag": "x⸣",
                  "id": "P335168.l03455",
                  "ref": "P335168.23.6",
                  "inst": "u",
                  "f": {
                    "lang": "akk-x-neoass",
                    "form": "x",
                    "pos": "u"
                  }
                },
                {
                  "node": "l",
                  "frag": "[x]+⸢x⸣",
                  "id": "P335168.l03456",
                  "ref": "P335168.23.7",
                  "inst": "u",
                  "f": {
                    "lang": "akk-x-neoass",
                    "form": "x+x",
                    "pos": "u"
                  }
                },
                {
                  "node": "d",
                  "type": "nonx",
                  "ref": "P335168.24",
                  "strict": "0",
                  "extent": "rest",
                  "state": "missing"
                },
                {
                  "node": "d",
                  "subtype": "edge",
                  "type": "edge",
                  "ref": "P335168.e..25",
                  "label": "e."
                },
                {
                  "node": "d",
                  "type": "line-start",
                  "ref": "P335168.26",
                  "n": "1",
                  "label": "e. 1"
                },
                {
                  "node": "l",
                  "frag": "[IGI",
                  "id": "P335168.l03457",
                  "ref": "P335168.26.1",
                  "inst": "šību[witness]N",
                  "sig": "@saao/saa14%akk-x-neoass:IGI=šību[witness//witness]N'N$šību",
                  "f": {
                    "lang": "akk-x-neoass",
                    "form": "IGI",
                    "cf": "šību",
                    "gw": "witness",
                    "sense": "witness",
                    "norm": "šību",
                    "pos": "N",
                    "epos": "N"
                  }
                },
                {
                  "node": "l",
                  "frag": "{1}x",
                  "id": "P335168.l03458",
                  "ref": "P335168.26.2",
                  "inst": "u",
                  "f": {
                    "lang": "akk-x-neoass",
                    "form": "{1}x",
                    "pos": "u"
                  }
                },
                {
                  "node": "l",
                  "frag": "(x)]+⸢x⸣-me",
                  "id": "P335168.l03459",
                  "ref": "P335168.26.3",
                  "inst": "u",
                  "f": {
                    "lang": "akk-x-neoass",
                    "form": "x+x-me",
                    "pos": "u"
                  }
                },
                {
                  "node": "l",
                  "frag": "IGI",
                  "id": "P335168.l0345a",
                  "ref": "P335168.26.4",
                  "inst": "šību[witness]N",
                  "sig": "@saao/saa14%akk-x-neoass:IGI=šību[witness//witness]N'N$šību",
                  "f": {
                    "lang": "akk-x-neoass",
                    "form": "IGI",
                    "cf": "šību",
                    "gw": "witness",
                    "sense": "witness",
                    "norm": "šību",
                    "pos": "N",
                    "epos": "N"
                  }
                },
                {
                  "node": "l",
                  "frag": "{1}ṣa-la-a.a",
                  "id": "P335168.l0345b",
                  "ref": "P335168.26.5",
                  "inst": "Ṣallaya[1]PN",
                  "sig": "@saao/saa14%akk-x-neoass:{1}ṣa-la-a.a=Ṣallaya[1//1]PN'PN$Ṣallaya",
                  "f": {
                    "lang": "akk-x-neoass",
                    "form": "{1}ṣa-la-a.a",
                    "cf": "Ṣallaya",
                    "gw": "1",
                    "sense": "1",
                    "norm": "Ṣallaya",
                    "pos": "PN",
                    "epos": "PN"
                  }
                },
                {
                  "node": "l",
                  "frag": "{⸢iti⸣}[x",
                  "id": "P335168.l0345c",
                  "ref": "P335168.26.6",
                  "inst": "urhi[month]N",
                  "sig": "@saao/saa14%akk-x-neoass:{ITI}x=arhu[month//month]N'N$urhi",
                  "f": {
                    "lang": "akk-x-neoass",
                    "form": "{ITI}x",
                    "cf": "arhu",
                    "gw": "month",
                    "sense": "month",
                    "norm": "urhi",
                    "pos": "N",
                    "epos": "N"
                  }
                },
                {
                  "node": "l",
                  "frag": "UD",
                  "id": "P335168.l0345d",
                  "ref": "P335168.26.7",
                  "inst": "ūm[day]N",
                  "sig": "@saao/saa14%akk-x-neoass:UD=ūmu[day//day]N'N$ūm",
                  "f": {
                    "lang": "akk-x-neoass",
                    "form": "UD",
                    "cf": "ūmu",
                    "gw": "day",
                    "sense": "day",
                    "norm": "ūm",
                    "pos": "N",
                    "epos": "N"
                  }
                },
                {
                  "node": "l",
                  "frag": "x-KAM₂]",
                  "id": "P335168.l0345e",
                  "ref": "P335168.26.8",
                  "inst": "n",
                  "f": {
                    "lang": "akk-x-neoass",
                    "form": "x-KAM₂",
                    "pos": "n"
                  }
                },
                {
                  "node": "d",
                  "type": "line-start",
                  "ref": "P335168.27",
                  "n": "2",
                  "label": "e. 2"
                },
                {
                  "node": "l",
                  "frag": "[lim-mu]",
                  "id": "P335168.l0345f",
                  "ref": "P335168.27.1",
                  "inst": "limmu[eponym (of year)]N",
                  "sig": "@saao/saa14%akk-x-neoass:lim-mu=līmu[eponym (of year)//eponym (of year)]N'N$limmu",
                  "f": {
                    "lang": "akk-x-neoass",
                    "form": "lim-mu",
                    "cf": "līmu",
                    "gw": "eponym (of year)",
                    "sense": "eponym (of year)",
                    "norm": "limmu",
                    "pos": "N",
                    "epos": "N"
                  }
                },
                {
                  "node": "l",
                  "frag": "{1}U.U-i",
                  "id": "P335168.l03460",
                  "ref": "P335168.27.2",
                  "inst": "Dadi[1]PN",
                  "sig": "@saao/saa14%akk-x-neoass:{1}U.U-i=Dadi[1//1]PN'PN$Dadi",
                  "f": {
                    "lang": "akk-x-neoass",
                    "form": "{1}U.U-i",
                    "cf": "Dadi",
                    "gw": "1",
                    "sense": "1",
                    "norm": "Dadi",
                    "pos": "PN",
                    "epos": "PN"
                  }
                },
                {
                  "node": "l",
                  "frag": "{lu₂v}IGI.UM",
                  "id": "P335168.l03461",
                  "ref": "P335168.27.3",
                  "inst": "mašennu[(an administrator)//treasurer]N$masennu",
                  "sig": "@saao/saa14%akk-x-neoass:{LU₂}IGI.UM=mašennu[(an administrator)//treasurer]N'N$masennu",
                  "f": {
                    "lang": "akk-x-neoass",
                    "form": "{LU₂}IGI.UM",
                    "cf": "mašennu",
                    "gw": "(an administrator)",
                    "sense": "treasurer",
                    "norm": "masennu",
                    "pos": "N",
                    "epos": "N"
                  }
                },
                {
                  "node": "l",
                  "frag": "IGI",
                  "id": "P335168.l03462",
                  "ref": "P335168.27.4",
                  "inst": "šību[witness]N",
                  "sig": "@saao/saa14%akk-x-neoass:IGI=šību[witness//witness]N'N$šību",
                  "f": {
                    "lang": "akk-x-neoass",
                    "form": "IGI",
                    "cf": "šību",
                    "gw": "witness",
                    "sense": "witness",
                    "norm": "šību",
                    "pos": "N",
                    "epos": "N"
                  }
                },
                {
                  "node": "l",
                  "frag": "[x",
                  "id": "P335168.l03463",
                  "ref": "P335168.27.5",
                  "inst": "u",
                  "f": {
                    "lang": "akk-x-neoass",
                    "form": "x",
                    "pos": "u"
                  }
                },
                {
                  "node": "l",
                  "frag": "x",
                  "id": "P335168.l03464",
                  "ref": "P335168.27.6",
                  "inst": "u",
                  "f": {
                    "lang": "akk-x-neoass",
                    "form": "x",
                    "pos": "u"
                  }
                },
                {
                  "node": "l",
                  "frag": "x",
                  "id": "P335168.l03465",
                  "ref": "P335168.27.7",
                  "inst": "u",
                  "f": {
                    "lang": "akk-x-neoass",
                    "form": "x",
                    "pos": "u"
                  }
                },
                {
                  "node": "l",
                  "frag": "x]",
                  "id": "P335168.l03466",
                  "ref": "P335168.27.8",
                  "inst": "u",
                  "f": {
                    "lang": "akk-x-neoass",
                    "form": "x",
                    "pos": "u"
                  }
                }
              ]
            }
          ]
        }
      ]
    },
    {
      "linkbase": [
        {
          "type": "linkset",
          "xlink_title": "ana ešriāti[tenfold//tenfold]AV'AV",
          "id": "P335168.ls00000",
          "xlink_type": "extended",
          "xlink_role": "psu",
          "sig": "{ana[to]PRP ešriātu[tenfold]AV += ana ešriāti[tenfold//tenfold]AV'AV}::@saao%akk-x-neoass:a-na=ana[to//to]PRP'PRP$ana++@saao%akk-x-neoass:10-MEŠ-te=ešriātu[tenfold//tenfold]AV'AV$ešrāte",
          "links": [
            {
              "type": "link",
              "xlink_title": "ana",
              "xlink_type": "locator",
              "xlink_href": "#P335168.l0343c",
              "xlink_role": "elt"
            },
            {
              "type": "link",
              "xlink_title": "ešrāte",
              "xlink_type": "locator",
              "xlink_href": "#P335168.l0343d",
              "xlink_role": "elt"
            }
          ]
        }
      ]
    }
  ]
}
