{
  "type": "cdl",
  "source": "http://oracc.org/saao/saa14",
  "license": "This data is released under the CC0 license",
  "license-url": "https://creativecommons.org/publicdomain/zero/1.0/",
  "more-info": "http://oracc.org/doc/opendata/",
  "UTC-timestamp": "2017-06-10T00:53:06",
  "project": "saao/saa14",
  "textid": "P335642",
  "cdl": [
    {
      "node": "c",
      "type": "text",
      "id": "P335642.U0",
      "cdl": [
        {
          "node": "d",
          "type": "object",
          "ref": ""
        },
        {
          "node": "d",
          "type": "surface",
          "ref": ""
        },
        {
          "node": "d",
          "type": "nonx",
          "ref": "P335642.1",
          "strict": "0",
          "extent": "beginning",
          "state": "missing"
        },
        {
          "node": "c",
          "type": "discourse",
          "subtype": "body",
          "id": "P335642.U1",
          "cdl": [
            {
              "node": "c",
              "type": "sentence",
              "id": "P335642.U2",
              "label": "1' - 4'",
              "cdl": [
                {
                  "node": "d",
                  "type": "line-start",
                  "ref": "P335642.2",
                  "n": "1'",
                  "label": "1'"
                },
                {
                  "node": "l",
                  "frag": "[x",
                  "id": "P335642.l061b0",
                  "ref": "P335642.2.1",
                  "inst": "u",
                  "f": {
                    "lang": "akk-x-neoass",
                    "form": "x",
                    "pos": "u"
                  }
                },
                {
                  "node": "l",
                  "frag": "MA].NA",
                  "id": "P335642.l061b1",
                  "ref": "P335642.2.2",
                  "inst": "manê[a unit of weight]N",
                  "sig": "@saao/saa14%akk-x-neoass:MA.NA=manû[unit//a unit of weight]N'N$manê",
                  "f": {
                    "lang": "akk-x-neoass",
                    "form": "MA.NA",
                    "cf": "manû",
                    "gw": "unit",
                    "sense": "a unit of weight",
                    "norm": "manê",
                    "pos": "N",
                    "epos": "N"
                  }
                },
                {
                  "node": "l",
                  "frag": "KUG.UD",
                  "id": "P335642.l061b2",
                  "ref": "P335642.2.3",
                  "inst": "ṣarpu[silver]N",
                  "sig": "@saao/saa14%akk-x-neoass:KUG.UD=ṣarpu[silver//silver]N'N$ṣarpi",
                  "f": {
                    "lang": "akk-x-neoass",
                    "form": "KUG.UD",
                    "cf": "ṣarpu",
                    "gw": "silver",
                    "sense": "silver",
                    "norm": "ṣarpi",
                    "pos": "N",
                    "epos": "N"
                  }
                },
                {
                  "node": "l",
                  "frag": "01",
                  "id": "P335642.l061b3",
                  "ref": "P335642.2.4",
                  "inst": "n",
                  "f": {
                    "lang": "akk-x-neoass",
                    "form": "01",
                    "pos": "n"
                  }
                },
                {
                  "node": "l",
                  "frag": "MA.[NA",
                  "id": "P335642.l061b4",
                  "ref": "P335642.2.5",
                  "inst": "manû[a unit of weight]N",
                  "sig": "@saao/saa14%akk-x-neoass:MA.NA=manû[unit//a unit of weight]N'N$manû",
                  "f": {
                    "lang": "akk-x-neoass",
                    "form": "MA.NA",
                    "cf": "manû",
                    "gw": "unit",
                    "sense": "a unit of weight",
                    "norm": "manû",
                    "pos": "N",
                    "epos": "N"
                  }
                },
                {
                  "node": "l",
                  "frag": "KUG.GI]",
                  "id": "P335642.l061b5",
                  "ref": "P335642.2.6",
                  "inst": "hurāṣu[gold]N",
                  "sig": "@saao/saa14%akk-x-neoass:KUG.GI=hurāṣu[gold//gold]N'N$hurāṣi",
                  "f": {
                    "lang": "akk-x-neoass",
                    "form": "KUG.GI",
                    "cf": "hurāṣu",
                    "gw": "gold",
                    "sense": "gold",
                    "norm": "hurāṣi",
                    "pos": "N",
                    "epos": "N"
                  }
                },
                {
                  "node": "d",
                  "type": "line-start",
                  "ref": "P335642.3",
                  "n": "2'",
                  "label": "2'"
                },
                {
                  "node": "l",
                  "frag": "[a]-na",
                  "id": "P335642.l061b6",
                  "ref": "P335642.3.1",
                  "inst": "ana[to]PRP",
                  "sig": "@saao/saa14%akk-x-neoass:a-na=ana[to//to]PRP'PRP$ana",
                  "f": {
                    "lang": "akk-x-neoass",
                    "form": "a-na",
                    "cf": "ana",
                    "gw": "to",
                    "sense": "to",
                    "norm": "ana",
                    "pos": "PRP",
                    "epos": "PRP"
                  }
                },
                {
                  "node": "l",
                  "frag": "{d}MAŠ",
                  "id": "P335642.l061b7",
                  "ref": "P335642.3.2",
                  "inst": "Inurta[1]DN",
                  "sig": "@saao/saa14%akk-x-neoass:{d}MAŠ=Inurta[1//1]DN'DN$Inurta",
                  "f": {
                    "lang": "akk-x-neoass",
                    "form": "{d}MAŠ",
                    "cf": "Inurta",
                    "gw": "1",
                    "sense": "1",
                    "norm": "Inurta",
                    "pos": "DN",
                    "epos": "DN"
                  }
                },
                {
                  "node": "l",
                  "frag": "[SUM-an]",
                  "id": "P335642.l061b8",
                  "ref": "P335642.3.3",
                  "inst": "iddan[pay]V",
                  "sig": "@saao/saa14%akk-x-neoass:SUM-an=tadānu[give//pay]V'V$iddan",
                  "f": {
                    "lang": "akk-x-neoass",
                    "form": "SUM-an",
                    "cf": "tadānu",
                    "gw": "give",
                    "sense": "pay",
                    "norm": "iddan",
                    "pos": "V",
                    "epos": "V"
                  }
                },
                {
                  "node": "d",
                  "type": "line-start",
                  "ref": "P335642.4",
                  "n": "3'",
                  "label": "3'"
                },
                {
                  "node": "l",
                  "frag": "⸢kas⸣-pu",
                  "id": "P335642.l061b9",
                  "ref": "P335642.4.1",
                  "inst": "kaspu[money]N",
                  "sig": "@saao/saa14%akk-x-neoass:kas-pu=kaspu[silver//money]N'N$kaspu",
                  "f": {
                    "lang": "akk-x-neoass",
                    "form": "kas-pu",
                    "cf": "kaspu",
                    "gw": "silver",
                    "sense": "money",
                    "norm": "kaspu",
                    "pos": "N",
                    "epos": "N"
                  }
                },
                {
                  "node": "c",
                  "type": "phrase",
                  "tag": "phr",
                  "id": "P335642.U4",
                  "ref": "P335642.ls00000",
                  "cdl": [
                    {
                      "node": "l",
                      "frag": "a-na",
                      "id": "P335642.l061ba",
                      "ref": "P335642.4.2",
                      "inst": "ana[to+=tenfold]PRP",
                      "sig": "@saao/saa14%akk-x-neoass:a-na=ana[to//to]PRP'PRP$ana",
                      "f": {
                        "lang": "akk-x-neoass",
                        "form": "a-na",
                        "cf": "ana",
                        "gw": "to",
                        "sense": "to",
                        "norm": "ana",
                        "pos": "PRP",
                        "epos": "PRP"
                      }
                    },
                    {
                      "node": "l",
                      "frag": "10-[MEŠ]",
                      "id": "P335642.l061bb",
                      "ref": "P335642.4.3",
                      "inst": "ešrāti[tenfold]AV",
                      "sig": "@saao/saa14%akk-x-neoass:10-MEŠ=ešriātu[tenfold//tenfold]AV'AV$ešrāti",
                      "f": {
                        "lang": "akk-x-neoass",
                        "form": "10-MEŠ",
                        "cf": "ešriātu",
                        "gw": "tenfold",
                        "sense": "tenfold",
                        "norm": "ešrāti",
                        "pos": "AV",
                        "epos": "AV"
                      }
                    }
                  ]
                },
                {
                  "node": "d",
                  "type": "line-start",
                  "ref": "P335642.5",
                  "n": "4'",
                  "label": "4'"
                },
                {
                  "node": "l",
                  "frag": "[a-na]",
                  "id": "P335642.l061bc",
                  "ref": "P335642.5.1",
                  "inst": "ana[to]PRP",
                  "sig": "@saao/saa14%akk-x-neoass:a-na=ana[to//to]PRP'PRP$ana",
                  "f": {
                    "lang": "akk-x-neoass",
                    "form": "a-na",
                    "cf": "ana",
                    "gw": "to",
                    "sense": "to",
                    "norm": "ana",
                    "pos": "PRP",
                    "epos": "PRP"
                  }
                },
                {
                  "node": "l",
                  "frag": "⸢EN⸣-MEŠ-[šu₂",
                  "id": "P335642.l061bd",
                  "ref": "P335642.5.2",
                  "inst": "bēlēšu[owner]N",
                  "sig": "@saao/saa14%akk-x-neoass:EN-MEŠ-šu₂=bēlu[lord//owner]N'N$bēlēšu",
                  "f": {
                    "lang": "akk-x-neoass",
                    "form": "EN-MEŠ-šu₂",
                    "cf": "bēlu",
                    "gw": "lord",
                    "sense": "owner",
                    "norm": "bēlēšu",
                    "pos": "N",
                    "epos": "N"
                  }
                },
                {
                  "node": "l",
                  "frag": "GUR]",
                  "id": "P335642.l061be",
                  "ref": "P335642.5.3",
                  "inst": "itūar[return]V",
                  "sig": "@saao/saa14%akk-x-neoass:GUR=târu[turn//return]V'V$itūar",
                  "f": {
                    "lang": "akk-x-neoass",
                    "form": "GUR",
                    "cf": "târu",
                    "gw": "turn",
                    "sense": "return",
                    "norm": "itūar",
                    "pos": "V",
                    "epos": "V"
                  }
                },
                {
                  "node": "d",
                  "type": "nonx",
                  "ref": "P335642.6",
                  "strict": "0",
                  "extent": "rest",
                  "state": "missing"
                }
              ]
            }
          ]
        }
      ]
    },
    {
      "linkbase": [
        {
          "type": "linkset",
          "xlink_title": "ana ešriāti[tenfold//tenfold]AV'AV",
          "id": "P335642.ls00000",
          "xlink_type": "extended",
          "xlink_role": "psu",
          "sig": "{ana[to]PRP ešriātu[tenfold]AV += ana ešriāti[tenfold//tenfold]AV'AV}::@saao%akk-x-neoass:a-na=ana[to//to]PRP'PRP$ana++@saao%akk-x-neoass:10-MEŠ=ešriātu[tenfold//tenfold]AV'AV$ešrāti",
          "links": [
            {
              "type": "link",
              "xlink_title": "ana",
              "xlink_type": "locator",
              "xlink_href": "#P335642.l061ba",
              "xlink_role": "elt"
            },
            {
              "type": "link",
              "xlink_title": "ešrāti",
              "xlink_type": "locator",
              "xlink_href": "#P335642.l061bb",
              "xlink_role": "elt"
            }
          ]
        }
      ]
    }
  ]
}
