{
  "type": "cdl",
  "source": "http://oracc.org/saao/saa14",
  "license": "This data is released under the CC0 license",
  "license-url": "https://creativecommons.org/publicdomain/zero/1.0/",
  "more-info": "http://oracc.org/doc/opendata/",
  "UTC-timestamp": "2017-06-10T00:53:53",
  "project": "saao/saa14",
  "textid": "P335280",
  "cdl": [
    {
      "node": "c",
      "type": "text",
      "id": "P335280.U0",
      "cdl": [
        {
          "node": "d",
          "type": "object",
          "ref": ""
        },
        {
          "node": "d",
          "subtype": "obverse",
          "type": "obverse",
          "ref": "P335280.o.1",
          "label": "o"
        },
        {
          "node": "d",
          "type": "nonx",
          "ref": "P335280.2",
          "strict": "0",
          "extent": "beginning",
          "state": "missing"
        },
        {
          "node": "c",
          "type": "discourse",
          "subtype": "body",
          "id": "P335280.U1",
          "cdl": [
            {
              "node": "c",
              "type": "sentence",
              "id": "P335280.U2",
              "label": "o 1' - r 9",
              "cdl": [
                {
                  "node": "d",
                  "type": "line-start",
                  "ref": "P335280.3",
                  "n": "1'",
                  "label": "o 1'"
                },
                {
                  "node": "l",
                  "frag": "PAB",
                  "id": "P335280.l046c1",
                  "ref": "P335280.3.1",
                  "inst": "gimru[total]N",
                  "sig": "@saao/saa14%akk-x-neoass:PAB=gimru[totality//total]N'N$gimru",
                  "f": {
                    "lang": "akk-x-neoass",
                    "form": "PAB",
                    "cf": "gimru",
                    "gw": "totality",
                    "sense": "total",
                    "norm": "gimru",
                    "pos": "N",
                    "epos": "N"
                  }
                },
                {
                  "node": "l",
                  "frag": "11",
                  "id": "P335280.l046c2",
                  "ref": "P335280.3.2",
                  "inst": "n",
                  "f": {
                    "lang": "akk-x-neoass",
                    "form": "11",
                    "pos": "n"
                  }
                },
                {
                  "node": "l",
                  "frag": "[x",
                  "id": "P335280.l046c3",
                  "ref": "P335280.3.3",
                  "inst": "u",
                  "f": {
                    "lang": "akk-x-neoass",
                    "form": "x",
                    "pos": "u"
                  }
                },
                {
                  "node": "l",
                  "frag": "x",
                  "id": "P335280.l046c4",
                  "ref": "P335280.3.4",
                  "inst": "u",
                  "f": {
                    "lang": "akk-x-neoass",
                    "form": "x",
                    "pos": "u"
                  }
                },
                {
                  "node": "l",
                  "frag": "x",
                  "id": "P335280.l046c5",
                  "ref": "P335280.3.5",
                  "inst": "u",
                  "f": {
                    "lang": "akk-x-neoass",
                    "form": "x",
                    "pos": "u"
                  }
                },
                {
                  "node": "l",
                  "frag": "x",
                  "id": "P335280.l046c6",
                  "ref": "P335280.3.6",
                  "inst": "u",
                  "f": {
                    "lang": "akk-x-neoass",
                    "form": "x",
                    "pos": "u"
                  }
                },
                {
                  "node": "l",
                  "frag": "x]",
                  "id": "P335280.l046c7",
                  "ref": "P335280.3.7",
                  "inst": "u",
                  "f": {
                    "lang": "akk-x-neoass",
                    "form": "x",
                    "pos": "u"
                  }
                },
                {
                  "node": "d",
                  "type": "line-start",
                  "ref": "P335280.4",
                  "n": "2'",
                  "label": "o 2'"
                },
                {
                  "node": "l",
                  "frag": "u₂-piš-ma",
                  "id": "P335280.l046c8",
                  "ref": "P335280.4.1",
                  "inst": "uppišma[contract]V",
                  "sig": "@saao/saa14%akk-x-neoass:u₂-piš-ma=epēšu[do//contract]V'V$uppišma",
                  "f": {
                    "lang": "akk-x-neoass",
                    "form": "u₂-piš-ma",
                    "cf": "epēšu",
                    "gw": "do",
                    "sense": "contract",
                    "norm": "uppišma",
                    "pos": "V",
                    "epos": "V"
                  }
                },
                {
                  "node": "l",
                  "frag": "{1}[MAN-lu-da-ri]",
                  "id": "P335280.l046c9",
                  "ref": "P335280.4.2",
                  "inst": "Šarru-lu-dari[1]PN$",
                  "sig": "@saao/saa14%akk-x-neoass:{1}MAN-lu-da-ri=Šarru-lu-dari[1//1]PN'PN$Šarru-lu-dari",
                  "f": {
                    "lang": "akk-x-neoass",
                    "form": "{1}MAN-lu-da-ri",
                    "cf": "Šarru-lu-dari",
                    "gw": "1",
                    "sense": "1",
                    "norm": "Šarru-lu-dari",
                    "pos": "PN",
                    "epos": "PN"
                  }
                },
                {
                  "node": "d",
                  "type": "line-start",
                  "ref": "P335280.5",
                  "n": "3'",
                  "label": "o 3'"
                },
                {
                  "node": "c",
                  "type": "phrase",
                  "tag": "phr",
                  "id": "P335280.U4",
                  "ref": "P335280.ls00000",
                  "cdl": [
                    {
                      "node": "l",
                      "frag": "TA",
                      "id": "P335280.l046ca",
                      "ref": "P335280.5.1",
                      "inst": "issu[from+=from]PRP",
                      "sig": "@saao/saa14%akk-x-neoass:TA=ištu[from//from]PRP'PRP$issu",
                      "f": {
                        "lang": "akk-x-neoass",
                        "form": "TA",
                        "cf": "ištu",
                        "gw": "from",
                        "sense": "from",
                        "norm": "issu",
                        "pos": "PRP",
                        "epos": "PRP"
                      }
                    },
                    {
                      "node": "l",
                      "frag": "IGI",
                      "id": "P335280.l046cb",
                      "ref": "P335280.5.2",
                      "inst": "pān[front]N",
                      "sig": "@saao/saa14%akk-x-neoass:IGI=pānu[front//front]N'N$pān",
                      "f": {
                        "lang": "akk-x-neoass",
                        "form": "IGI",
                        "cf": "pānu",
                        "gw": "front",
                        "sense": "front",
                        "norm": "pān",
                        "pos": "N",
                        "epos": "N"
                      }
                    }
                  ]
                },
                {
                  "node": "l",
                  "frag": "{1}za-bi-⸢ni⸣",
                  "id": "P335280.l046cc",
                  "ref": "P335280.5.3",
                  "inst": "Zabini[1]PN",
                  "sig": "@saao/saa14%akk-x-neoass:{1}za-bi-ni=Zabinu[1//1]PN'PN$Zabini",
                  "f": {
                    "lang": "akk-x-neoass",
                    "form": "{1}za-bi-ni",
                    "cf": "Zabinu",
                    "gw": "1",
                    "sense": "1",
                    "norm": "Zabini",
                    "pos": "PN",
                    "epos": "PN"
                  }
                },
                {
                  "node": "l",
                  "frag": "[x",
                  "id": "P335280.l046cd",
                  "ref": "P335280.5.4",
                  "inst": "u",
                  "f": {
                    "lang": "akk-x-neoass",
                    "form": "x",
                    "pos": "u"
                  }
                },
                {
                  "node": "l",
                  "frag": "x]",
                  "id": "P335280.l046ce",
                  "ref": "P335280.5.5",
                  "inst": "u",
                  "f": {
                    "lang": "akk-x-neoass",
                    "form": "x",
                    "pos": "u"
                  }
                },
                {
                  "node": "d",
                  "type": "line-start",
                  "ref": "P335280.6",
                  "n": "4'",
                  "label": "o 4'"
                },
                {
                  "node": "l",
                  "frag": "ina",
                  "id": "P335280.l046cf",
                  "ref": "P335280.6.1",
                  "inst": "ina[in+=for]PRP",
                  "sig": "@saao/saa14%akk-x-neoass:ina=ina[in//in]PRP'PRP$ina",
                  "f": {
                    "lang": "akk-x-neoass",
                    "form": "ina",
                    "cf": "ina",
                    "gw": "in",
                    "sense": "in",
                    "norm": "ina",
                    "pos": "PRP",
                    "epos": "PRP"
                  }
                },
                {
                  "node": "l",
                  "frag": "ŠA₃-bi",
                  "id": "P335280.l046d0",
                  "ref": "P335280.6.2",
                  "inst": "libbi[interior]N",
                  "sig": "@saao/saa14%akk-x-neoass:ŠA₃-bi=libbu[interior//interior]N'N$libbi",
                  "f": {
                    "lang": "akk-x-neoass",
                    "form": "ŠA₃-bi",
                    "cf": "libbu",
                    "gw": "interior",
                    "sense": "interior",
                    "norm": "libbi",
                    "pos": "N",
                    "epos": "N"
                  }
                },
                {
                  "node": "l",
                  "frag": "05",
                  "id": "P335280.l046d1",
                  "ref": "P335280.6.3",
                  "inst": "n",
                  "f": {
                    "lang": "akk-x-neoass",
                    "form": "05",
                    "pos": "n"
                  }
                },
                {
                  "node": "l",
                  "frag": "MA.NA",
                  "id": "P335280.l046d2",
                  "ref": "P335280.6.4",
                  "inst": "manê[a unit of weight]N",
                  "sig": "@saao/saa14%akk-x-neoass:MA.NA=manû[unit//a unit of weight]N'N$manê",
                  "f": {
                    "lang": "akk-x-neoass",
                    "form": "MA.NA",
                    "cf": "manû",
                    "gw": "unit",
                    "sense": "a unit of weight",
                    "norm": "manê",
                    "pos": "N",
                    "epos": "N"
                  }
                },
                {
                  "node": "l",
                  "frag": "KUG.UD",
                  "id": "P335280.l046d3",
                  "ref": "P335280.6.5",
                  "inst": "ṣarpu[silver]N",
                  "sig": "@saao/saa14%akk-x-neoass:KUG.UD=ṣarpu[silver//silver]N'N$ṣarpi",
                  "f": {
                    "lang": "akk-x-neoass",
                    "form": "KUG.UD",
                    "cf": "ṣarpu",
                    "gw": "silver",
                    "sense": "silver",
                    "norm": "ṣarpi",
                    "pos": "N",
                    "epos": "N"
                  }
                },
                {
                  "node": "d",
                  "type": "line-start",
                  "ref": "P335280.7",
                  "n": "5'",
                  "label": "o 5'"
                },
                {
                  "node": "l",
                  "frag": "E₂",
                  "id": "P335280.l046d4",
                  "ref": "P335280.7.1",
                  "inst": "bētu[plot of land]N",
                  "sig": "@saao/saa14%akk-x-neoass:E₂=bītu[house//plot of land]N'N$bētu",
                  "f": {
                    "lang": "akk-x-neoass",
                    "form": "E₂",
                    "cf": "bītu",
                    "gw": "house",
                    "sense": "plot of land",
                    "norm": "bētu",
                    "pos": "N",
                    "epos": "N"
                  }
                },
                {
                  "node": "l",
                  "frag": "il-qi₂",
                  "id": "P335280.l046d5",
                  "ref": "P335280.7.2",
                  "inst": "ilqi[purchase]V",
                  "sig": "@saao/saa14%akk-x-neoass:il-qi₂=leqû[take//purchase]V'V$ilqi",
                  "f": {
                    "lang": "akk-x-neoass",
                    "form": "il-qi₂",
                    "cf": "leqû",
                    "gw": "take",
                    "sense": "purchase",
                    "norm": "ilqi",
                    "pos": "V",
                    "epos": "V"
                  }
                },
                {
                  "node": "l",
                  "frag": "kas-pu",
                  "id": "P335280.l046d6",
                  "ref": "P335280.7.3",
                  "inst": "kaspu[money]N",
                  "sig": "@saao/saa14%akk-x-neoass:kas-pu=kaspu[silver//money]N'N$kaspu",
                  "f": {
                    "lang": "akk-x-neoass",
                    "form": "kas-pu",
                    "cf": "kaspu",
                    "gw": "silver",
                    "sense": "money",
                    "norm": "kaspu",
                    "pos": "N",
                    "epos": "N"
                  }
                },
                {
                  "node": "l",
                  "frag": "gam-mur",
                  "id": "P335280.l046d7",
                  "ref": "P335280.7.4",
                  "inst": "gammur[completed]AJ",
                  "sig": "@saao/saa14%akk-x-neoass:gam-mur=gammuru[finished//completed]AJ'AJ$gammur",
                  "f": {
                    "lang": "akk-x-neoass",
                    "form": "gam-mur",
                    "cf": "gammuru",
                    "gw": "finished",
                    "sense": "completed",
                    "norm": "gammur",
                    "pos": "AJ",
                    "epos": "AJ"
                  }
                },
                {
                  "node": "l",
                  "frag": "ta-din",
                  "id": "P335280.l046d8",
                  "ref": "P335280.7.5",
                  "inst": "tadin[paid]AJ",
                  "sig": "@saao/saa14%akk-x-neoass:ta-din=tadnu[given//paid]AJ'AJ$tadin",
                  "f": {
                    "lang": "akk-x-neoass",
                    "form": "ta-din",
                    "cf": "tadnu",
                    "gw": "given",
                    "sense": "paid",
                    "norm": "tadin",
                    "pos": "AJ",
                    "epos": "AJ"
                  }
                },
                {
                  "node": "d",
                  "type": "line-start",
                  "ref": "P335280.8",
                  "n": "6'",
                  "label": "o 6'"
                },
                {
                  "node": "l",
                  "frag": "E₂",
                  "id": "P335280.l046d9",
                  "ref": "P335280.8.1",
                  "inst": "bētu[plot of land]N",
                  "sig": "@saao/saa14%akk-x-neoass:E₂=bītu[house//plot of land]N'N$bētu",
                  "f": {
                    "lang": "akk-x-neoass",
                    "form": "E₂",
                    "cf": "bītu",
                    "gw": "house",
                    "sense": "plot of land",
                    "norm": "bētu",
                    "pos": "N",
                    "epos": "N"
                  }
                },
                {
                  "node": "l",
                  "frag": "šu-a-tu₂",
                  "id": "P335280.l046da",
                  "ref": "P335280.8.2",
                  "inst": "šuātu[that]'DP",
                  "sig": "@saao/saa14%akk-x-neoass:šu-a-tu₂=šuāti[him//that]IP'DP$šuātu",
                  "f": {
                    "lang": "akk-x-neoass",
                    "form": "šu-a-tu₂",
                    "cf": "šuāti",
                    "gw": "him",
                    "sense": "that",
                    "norm": "šuātu",
                    "pos": "IP",
                    "epos": "DP"
                  }
                },
                {
                  "node": "l",
                  "frag": "za-rip",
                  "id": "P335280.l046db",
                  "ref": "P335280.8.3",
                  "inst": "zarip[purchased]AJ",
                  "sig": "@saao/saa14%akk-x-neoass:za-rip=zarpu[purchased//purchased]AJ'AJ$zarip",
                  "f": {
                    "lang": "akk-x-neoass",
                    "form": "za-rip",
                    "cf": "zarpu",
                    "gw": "purchased",
                    "sense": "purchased",
                    "norm": "zarip",
                    "pos": "AJ",
                    "epos": "AJ"
                  }
                },
                {
                  "node": "l",
                  "frag": "laq-qi",
                  "id": "P335280.l046dc",
                  "ref": "P335280.8.4",
                  "inst": "laqqi[acquired]AJ",
                  "sig": "@saao/saa14%akk-x-neoass:laq-qi=leqû[taken//acquired]AJ'AJ$laqqi",
                  "f": {
                    "lang": "akk-x-neoass",
                    "form": "laq-qi",
                    "cf": "leqû",
                    "gw": "taken",
                    "sense": "acquired",
                    "norm": "laqqi",
                    "pos": "AJ",
                    "epos": "AJ"
                  }
                },
                {
                  "node": "d",
                  "type": "line-start",
                  "ref": "P335280.9",
                  "n": "7'",
                  "label": "o 7'"
                },
                {
                  "node": "l",
                  "frag": "tu-a-ru",
                  "id": "P335280.l046dd",
                  "ref": "P335280.9.1",
                  "inst": "tuāru[revocation]'N",
                  "sig": "@saao/saa14%akk-x-neoass:tu-a-ru=târu[turn//revocation]V'N$tuāru",
                  "f": {
                    "lang": "akk-x-neoass",
                    "form": "tu-a-ru",
                    "cf": "târu",
                    "gw": "turn",
                    "sense": "revocation",
                    "norm": "tuāru",
                    "pos": "V",
                    "epos": "N"
                  }
                },
                {
                  "node": "l",
                  "frag": "de-e-nu",
                  "id": "P335280.l046de",
                  "ref": "P335280.9.2",
                  "inst": "dēnu[lawsuit]N",
                  "sig": "@saao/saa14%akk-x-neoass:de-e-nu=dīnu[legal decision//lawsuit]N'N$dēnu",
                  "f": {
                    "lang": "akk-x-neoass",
                    "form": "de-e-nu",
                    "cf": "dīnu",
                    "gw": "legal decision",
                    "sense": "lawsuit",
                    "norm": "dēnu",
                    "pos": "N",
                    "epos": "N"
                  }
                },
                {
                  "node": "l",
                  "frag": "DUG₄.DUG₄",
                  "id": "P335280.l046df",
                  "ref": "P335280.9.3",
                  "inst": "dabābu[litigation]'N",
                  "sig": "@saao/saa14%akk-x-neoass:DUG₄.DUG₄=dabābu[speak//litigation]V'N$dabābu",
                  "f": {
                    "lang": "akk-x-neoass",
                    "form": "DUG₄.DUG₄",
                    "cf": "dabābu",
                    "gw": "speak",
                    "sense": "litigation",
                    "norm": "dabābu",
                    "pos": "V",
                    "epos": "N"
                  }
                },
                {
                  "node": "d",
                  "type": "line-start",
                  "ref": "P335280.10",
                  "n": "8'",
                  "label": "o 8'"
                },
                {
                  "node": "l",
                  "frag": "la-aš₂-šu₂",
                  "id": "P335280.l046e0",
                  "ref": "P335280.10.1",
                  "inst": "laššu[(there) is not]V",
                  "sig": "@saao/saa14%akk-x-neoass:la-aš₂-šu₂=laššu[(there) is not//(there) is not]V'V$laššu",
                  "f": {
                    "lang": "akk-x-neoass",
                    "form": "la-aš₂-šu₂",
                    "cf": "laššu",
                    "gw": "(there) is not",
                    "sense": "(there) is not",
                    "norm": "laššu",
                    "pos": "V",
                    "epos": "V"
                  }
                },
                {
                  "node": "l",
                  "frag": "man-nu",
                  "id": "P335280.l046e1",
                  "ref": "P335280.10.2",
                  "inst": "mannu[whoever]'XP",
                  "sig": "@saao/saa14%akk-x-neoass:man-nu=mannu[who?//whoever]QP'XP$mannu",
                  "f": {
                    "lang": "akk-x-neoass",
                    "form": "man-nu",
                    "cf": "mannu",
                    "gw": "who?",
                    "sense": "whoever",
                    "norm": "mannu",
                    "pos": "QP",
                    "epos": "XP"
                  }
                },
                {
                  "node": "l",
                  "frag": "ša₂",
                  "id": "P335280.l046e2",
                  "ref": "P335280.10.3",
                  "inst": "ša[that]REL",
                  "sig": "@saao/saa14%akk-x-neoass:ša₂=ša[that//that]REL'REL$ša",
                  "f": {
                    "lang": "akk-x-neoass",
                    "form": "ša₂",
                    "cf": "ša",
                    "gw": "that",
                    "sense": "that",
                    "norm": "ša",
                    "pos": "REL",
                    "epos": "REL"
                  }
                },
                {
                  "node": "c",
                  "type": "phrase",
                  "tag": "phr",
                  "id": "P335280.U5",
                  "ref": "P335280.ls00001",
                  "cdl": [
                    {
                      "node": "l",
                      "frag": "ina",
                      "id": "P335280.l046e3",
                      "ref": "P335280.10.4",
                      "inst": "ina[in+=in the future]PRP$",
                      "sig": "@saao/saa14%akk-x-neoass:ina=ina[in//in]PRP'PRP$ina",
                      "f": {
                        "lang": "akk-x-neoass",
                        "form": "ina",
                        "cf": "ina",
                        "gw": "in",
                        "sense": "in",
                        "norm": "ina",
                        "pos": "PRP",
                        "epos": "PRP"
                      }
                    },
                    {
                      "node": "l",
                      "frag": "ur-kiš",
                      "id": "P335280.l046e4",
                      "ref": "P335280.10.5",
                      "inst": "urkiš[later]AV",
                      "sig": "@saao/saa14%akk-x-neoass:ur-kiš=urkiš[later//later]AV'AV$urkiš",
                      "f": {
                        "lang": "akk-x-neoass",
                        "form": "ur-kiš",
                        "cf": "urkiš",
                        "gw": "later",
                        "sense": "later",
                        "norm": "urkiš",
                        "pos": "AV",
                        "epos": "AV"
                      }
                    }
                  ]
                },
                {
                  "node": "c",
                  "type": "phrase",
                  "tag": "phr",
                  "id": "P335280.U6",
                  "ref": "P335280.ls00002",
                  "cdl": [
                    {
                      "node": "l",
                      "frag": "ina",
                      "id": "P335280.l046e5",
                      "ref": "P335280.10.6",
                      "inst": "ina[in+=whenever]PRP",
                      "sig": "@saao/saa14%akk-x-neoass:ina=ina[in//in]PRP'PRP$ina",
                      "f": {
                        "lang": "akk-x-neoass",
                        "form": "ina",
                        "cf": "ina",
                        "gw": "in",
                        "sense": "in",
                        "norm": "ina",
                        "pos": "PRP",
                        "epos": "PRP"
                      }
                    },
                    {
                      "node": "l",
                      "frag": "ma-te-ma",
                      "id": "P335280.l046e6",
                      "ref": "P335280.10.7",
                      "inst": "matēma[ever]AV",
                      "sig": "@saao/saa14%akk-x-neoass:ma-te-ma=matīma[ever//ever]AV'AV$matēma",
                      "f": {
                        "lang": "akk-x-neoass",
                        "form": "ma-te-ma",
                        "cf": "matīma",
                        "gw": "ever",
                        "sense": "ever",
                        "norm": "matēma",
                        "pos": "AV",
                        "epos": "AV"
                      }
                    }
                  ]
                },
                {
                  "node": "d",
                  "type": "line-start",
                  "ref": "P335280.11",
                  "n": "9'",
                  "label": "o 9'"
                },
                {
                  "node": "l",
                  "frag": "lu-u",
                  "id": "P335280.l046e7",
                  "ref": "P335280.11.1",
                  "inst": "lū[may]MOD",
                  "sig": "@saao/saa14%akk-x-neoass:lu-u=lū[may//may]MOD'MOD$lū",
                  "f": {
                    "lang": "akk-x-neoass",
                    "form": "lu-u",
                    "cf": "lū",
                    "gw": "may",
                    "sense": "may",
                    "norm": "lū",
                    "pos": "MOD",
                    "epos": "MOD"
                  }
                },
                {
                  "node": "l",
                  "frag": "{1}za-bi-ni",
                  "id": "P335280.l046e8",
                  "ref": "P335280.11.2",
                  "inst": "Zabini[1]PN",
                  "sig": "@saao/saa14%akk-x-neoass:{1}za-bi-ni=Zabinu[1//1]PN'PN$Zabini",
                  "f": {
                    "lang": "akk-x-neoass",
                    "form": "{1}za-bi-ni",
                    "cf": "Zabinu",
                    "gw": "1",
                    "sense": "1",
                    "norm": "Zabini",
                    "pos": "PN",
                    "epos": "PN"
                  }
                },
                {
                  "node": "l",
                  "frag": "lu-u",
                  "id": "P335280.l046e9",
                  "ref": "P335280.11.3",
                  "inst": "lū[may]MOD",
                  "sig": "@saao/saa14%akk-x-neoass:lu-u=lū[may//may]MOD'MOD$lū",
                  "f": {
                    "lang": "akk-x-neoass",
                    "form": "lu-u",
                    "cf": "lū",
                    "gw": "may",
                    "sense": "may",
                    "norm": "lū",
                    "pos": "MOD",
                    "epos": "MOD"
                  }
                },
                {
                  "node": "l",
                  "frag": "DUMU-MEŠ-šu₂",
                  "id": "P335280.l046ea",
                  "ref": "P335280.11.4",
                  "inst": "marʾēšu[son]N",
                  "sig": "@saao/saa14%akk-x-neoass:DUMU-MEŠ-šu₂=māru[son//son]N'N$marʾēšu",
                  "f": {
                    "lang": "akk-x-neoass",
                    "form": "DUMU-MEŠ-šu₂",
                    "cf": "māru",
                    "gw": "son",
                    "sense": "son",
                    "norm": "marʾēšu",
                    "pos": "N",
                    "epos": "N"
                  }
                },
                {
                  "node": "d",
                  "type": "line-start",
                  "ref": "P335280.12",
                  "n": "10'",
                  "label": "o 10'"
                },
                {
                  "node": "l",
                  "frag": "lu-u",
                  "id": "P335280.l046eb",
                  "ref": "P335280.12.1",
                  "inst": "lū[may]MOD",
                  "sig": "@saao/saa14%akk-x-neoass:lu-u=lū[may//may]MOD'MOD$lū",
                  "f": {
                    "lang": "akk-x-neoass",
                    "form": "lu-u",
                    "cf": "lū",
                    "gw": "may",
                    "sense": "may",
                    "norm": "lū",
                    "pos": "MOD",
                    "epos": "MOD"
                  }
                },
                {
                  "node": "l",
                  "frag": "DUMU-DUMU-MEŠ-šu₂",
                  "id": "P335280.l046ec",
                  "ref": "P335280.12.2",
                  "cof-tails": "P335280.l046ed",
                  "inst": "māru[son]N$mār&māru[son]N$marʾēšu",
                  "sig": "@saao/saa14%akk-x-neoass:DUMU-DUMU-MEŠ-šu₂=māru[son//son]N'N$mār&&@saao%akk-x-neoass:=māru[son//son]N'N$marʾēšu",
                  "f": {
                    "lang": "akk-x-neoass",
                    "form": "DUMU-DUMU-MEŠ-šu₂",
                    "cf": "māru",
                    "gw": "son",
                    "sense": "son",
                    "norm": "mār",
                    "pos": "N",
                    "epos": "N"
                  }
                },
                {
                  "node": "l",
                  "frag": "DUMU-DUMU-MEŠ-šu₂",
                  "id": "P335280.l046ed",
                  "ref": "P335280.12.2",
                  "cof-head": "P335280.l046ec",
                  "inst": "māru[son]N$mār&māru[son]N$marʾēšu",
                  "tail-sig": "@saao%akk-x-neoass:=māru[son//son]N'N$marʾēšu",
                  "f": {
                    "lang": "akk-x-neoass",
                    "form": "DUMU-DUMU-MEŠ-šu₂",
                    "cf": "māru",
                    "gw": "son",
                    "sense": "son",
                    "norm": "marʾēšu",
                    "pos": "N",
                    "epos": "N"
                  }
                },
                {
                  "node": "l",
                  "frag": "ša₂",
                  "id": "P335280.l046ee",
                  "ref": "P335280.12.3",
                  "inst": "ša[that]REL",
                  "sig": "@saao/saa14%akk-x-neoass:ša₂=ša[that//that]REL'REL$ša",
                  "f": {
                    "lang": "akk-x-neoass",
                    "form": "ša₂",
                    "cf": "ša",
                    "gw": "that",
                    "sense": "that",
                    "norm": "ša",
                    "pos": "REL",
                    "epos": "REL"
                  }
                },
                {
                  "node": "l",
                  "frag": "TA",
                  "id": "P335280.l046ef",
                  "ref": "P335280.12.4",
                  "inst": "issi[with]PRP",
                  "sig": "@saao/saa14%akk-x-neoass:TA=išti[with//with]PRP'PRP$issi",
                  "f": {
                    "lang": "akk-x-neoass",
                    "form": "TA",
                    "cf": "išti",
                    "gw": "with",
                    "sense": "with",
                    "norm": "issi",
                    "pos": "PRP",
                    "epos": "PRP"
                  }
                },
                {
                  "node": "l",
                  "frag": "{1}MAN-lu-da-ri",
                  "id": "P335280.l046f0",
                  "ref": "P335280.12.5",
                  "inst": "Šarru-lu-dari[1]PN$",
                  "sig": "@saao/saa14%akk-x-neoass:{1}MAN-lu-da-ri=Šarru-lu-dari[1//1]PN'PN$Šarru-lu-dari",
                  "f": {
                    "lang": "akk-x-neoass",
                    "form": "{1}MAN-lu-da-ri",
                    "cf": "Šarru-lu-dari",
                    "gw": "1",
                    "sense": "1",
                    "norm": "Šarru-lu-dari",
                    "pos": "PN",
                    "epos": "PN"
                  }
                },
                {
                  "node": "d",
                  "subtype": "reverse",
                  "type": "reverse",
                  "ref": "P335280.r.13",
                  "label": "r"
                },
                {
                  "node": "d",
                  "type": "line-start",
                  "ref": "P335280.14",
                  "n": "1",
                  "label": "r 1"
                },
                {
                  "node": "l",
                  "frag": "DUMU-šu₂",
                  "id": "P335280.l046f1",
                  "ref": "P335280.14.1",
                  "inst": "māršu[son]N",
                  "sig": "@saao/saa14%akk-x-neoass:DUMU-šu₂=māru[son//son]N'N$māršu",
                  "f": {
                    "lang": "akk-x-neoass",
                    "form": "DUMU-šu₂",
                    "cf": "māru",
                    "gw": "son",
                    "sense": "son",
                    "norm": "māršu",
                    "pos": "N",
                    "epos": "N"
                  }
                },
                {
                  "node": "l",
                  "frag": "DUMU-DUMU-šu₂",
                  "id": "P335280.l046f2",
                  "ref": "P335280.14.2",
                  "cof-tails": "P335280.l046f3",
                  "inst": "māru[son]N$mār&māru[son]N$marʾīšu",
                  "sig": "@saao/saa14%akk-x-neoass:DUMU-DUMU-šu₂=māru[son//son]N'N$mār&&@saao%akk-x-neoass:=māru[son//son]N'N$marʾīšu",
                  "f": {
                    "lang": "akk-x-neoass",
                    "form": "DUMU-DUMU-šu₂",
                    "cf": "māru",
                    "gw": "son",
                    "sense": "son",
                    "norm": "mār",
                    "pos": "N",
                    "epos": "N"
                  }
                },
                {
                  "node": "l",
                  "frag": "DUMU-DUMU-šu₂",
                  "id": "P335280.l046f3",
                  "ref": "P335280.14.2",
                  "cof-head": "P335280.l046f2",
                  "inst": "māru[son]N$mār&māru[son]N$marʾīšu",
                  "tail-sig": "@saao%akk-x-neoass:=māru[son//son]N'N$marʾīšu",
                  "f": {
                    "lang": "akk-x-neoass",
                    "form": "DUMU-DUMU-šu₂",
                    "cf": "māru",
                    "gw": "son",
                    "sense": "son",
                    "norm": "marʾīšu",
                    "pos": "N",
                    "epos": "N"
                  }
                },
                {
                  "node": "l",
                  "frag": "de-e-nu",
                  "id": "P335280.l046f4",
                  "ref": "P335280.14.3",
                  "inst": "dēnu[lawsuit]N",
                  "sig": "@saao/saa14%akk-x-neoass:de-e-nu=dīnu[legal decision//lawsuit]N'N$dēnu",
                  "f": {
                    "lang": "akk-x-neoass",
                    "form": "de-e-nu",
                    "cf": "dīnu",
                    "gw": "legal decision",
                    "sense": "lawsuit",
                    "norm": "dēnu",
                    "pos": "N",
                    "epos": "N"
                  }
                },
                {
                  "node": "l",
                  "frag": "DUG₄.DUG₄",
                  "id": "P335280.l046f5",
                  "ref": "P335280.14.4",
                  "inst": "dabābu[litigation]'N",
                  "sig": "@saao/saa14%akk-x-neoass:DUG₄.DUG₄=dabābu[speak//litigation]V'N$dabābu",
                  "f": {
                    "lang": "akk-x-neoass",
                    "form": "DUG₄.DUG₄",
                    "cf": "dabābu",
                    "gw": "speak",
                    "sense": "litigation",
                    "norm": "dabābu",
                    "pos": "V",
                    "epos": "N"
                  }
                },
                {
                  "node": "d",
                  "type": "line-start",
                  "ref": "P335280.15",
                  "n": "2",
                  "label": "r 2"
                },
                {
                  "node": "l",
                  "frag": "ub-ta-ʾu-u-ni",
                  "id": "P335280.l046f6",
                  "ref": "P335280.15.1",
                  "inst": "ubtaʾʾūni[seek]V",
                  "sig": "@saao/saa14%akk-x-neoass:ub-ta-ʾu-u-ni=buʾʾû[look for//seek]V'V$ubtaʾʾūni",
                  "f": {
                    "lang": "akk-x-neoass",
                    "form": "ub-ta-ʾu-u-ni",
                    "cf": "buʾʾû",
                    "gw": "look for",
                    "sense": "seek",
                    "norm": "ubtaʾʾūni",
                    "pos": "V",
                    "epos": "V"
                  }
                },
                {
                  "node": "l",
                  "frag": "10",
                  "id": "P335280.l046f7",
                  "ref": "P335280.15.2",
                  "inst": "n",
                  "f": {
                    "lang": "akk-x-neoass",
                    "form": "10",
                    "pos": "n"
                  }
                },
                {
                  "node": "l",
                  "frag": "MA.NA",
                  "id": "P335280.l046f8",
                  "ref": "P335280.15.3",
                  "inst": "manê[a unit of weight]N",
                  "sig": "@saao/saa14%akk-x-neoass:MA.NA=manû[unit//a unit of weight]N'N$manê",
                  "f": {
                    "lang": "akk-x-neoass",
                    "form": "MA.NA",
                    "cf": "manû",
                    "gw": "unit",
                    "sense": "a unit of weight",
                    "norm": "manê",
                    "pos": "N",
                    "epos": "N"
                  }
                },
                {
                  "node": "l",
                  "frag": "KUG.UD",
                  "id": "P335280.l046f9",
                  "ref": "P335280.15.4",
                  "inst": "ṣarpu[silver]N",
                  "sig": "@saao/saa14%akk-x-neoass:KUG.UD=ṣarpu[silver//silver]N'N$ṣarpi",
                  "f": {
                    "lang": "akk-x-neoass",
                    "form": "KUG.UD",
                    "cf": "ṣarpu",
                    "gw": "silver",
                    "sense": "silver",
                    "norm": "ṣarpi",
                    "pos": "N",
                    "epos": "N"
                  }
                },
                {
                  "node": "l",
                  "frag": "LUH-u₂",
                  "id": "P335280.l046fa",
                  "ref": "P335280.15.5",
                  "inst": "masû[washed]AJ",
                  "sig": "@saao/saa14%akk-x-neoass:LUH-u₂=mesû[washed//washed]AJ'AJ$masû",
                  "f": {
                    "lang": "akk-x-neoass",
                    "form": "LUH-u₂",
                    "cf": "mesû",
                    "gw": "washed",
                    "sense": "washed",
                    "norm": "masû",
                    "pos": "AJ",
                    "epos": "AJ"
                  }
                },
                {
                  "node": "d",
                  "type": "line-start",
                  "ref": "P335280.16",
                  "n": "3",
                  "label": "r 3"
                },
                {
                  "node": "l",
                  "frag": "01",
                  "id": "P335280.l046fb",
                  "ref": "P335280.16.1",
                  "inst": "n",
                  "f": {
                    "lang": "akk-x-neoass",
                    "form": "01",
                    "pos": "n"
                  }
                },
                {
                  "node": "l",
                  "frag": "MA.NA",
                  "id": "P335280.l046fc",
                  "ref": "P335280.16.2",
                  "inst": "manê[a unit of weight]N",
                  "sig": "@saao/saa14%akk-x-neoass:MA.NA=manû[unit//a unit of weight]N'N$manê",
                  "f": {
                    "lang": "akk-x-neoass",
                    "form": "MA.NA",
                    "cf": "manû",
                    "gw": "unit",
                    "sense": "a unit of weight",
                    "norm": "manê",
                    "pos": "N",
                    "epos": "N"
                  }
                },
                {
                  "node": "l",
                  "frag": "KUG.GI",
                  "id": "P335280.l046fd",
                  "ref": "P335280.16.3",
                  "inst": "hurāṣu[gold]N",
                  "sig": "@saao/saa14%akk-x-neoass:KUG.GI=hurāṣu[gold//gold]N'N$hurāṣi",
                  "f": {
                    "lang": "akk-x-neoass",
                    "form": "KUG.GI",
                    "cf": "hurāṣu",
                    "gw": "gold",
                    "sense": "gold",
                    "norm": "hurāṣi",
                    "pos": "N",
                    "epos": "N"
                  }
                },
                {
                  "node": "l",
                  "frag": "sak-ru",
                  "id": "P335280.l046fe",
                  "ref": "P335280.16.4",
                  "inst": "sakru[refined]AJ",
                  "sig": "@saao/saa14%akk-x-neoass:sak-ru=sakru[refined//refined]AJ'AJ$sakru",
                  "f": {
                    "lang": "akk-x-neoass",
                    "form": "sak-ru",
                    "cf": "sakru",
                    "gw": "refined",
                    "sense": "refined",
                    "norm": "sakru",
                    "pos": "AJ",
                    "epos": "AJ"
                  }
                },
                {
                  "node": "l",
                  "frag": "ina",
                  "id": "P335280.l046ff",
                  "ref": "P335280.16.5",
                  "inst": "ina[in]PRP",
                  "sig": "@saao/saa14%akk-x-neoass:ina=ina[in//in]PRP'PRP$ina",
                  "f": {
                    "lang": "akk-x-neoass",
                    "form": "ina",
                    "cf": "ina",
                    "gw": "in",
                    "sense": "in",
                    "norm": "ina",
                    "pos": "PRP",
                    "epos": "PRP"
                  }
                },
                {
                  "node": "l",
                  "frag": "bur-ki",
                  "id": "P335280.l04700",
                  "ref": "P335280.16.6",
                  "inst": "burki[lap]N",
                  "sig": "@saao/saa14%akk-x-neoass:bur-ki=burku[knee//lap]N'N$burki",
                  "f": {
                    "lang": "akk-x-neoass",
                    "form": "bur-ki",
                    "cf": "burku",
                    "gw": "knee",
                    "sense": "lap",
                    "norm": "burki",
                    "pos": "N",
                    "epos": "N"
                  }
                },
                {
                  "node": "l",
                  "frag": "{d}30",
                  "id": "P335280.l04701",
                  "ref": "P335280.16.7",
                  "inst": "Sin[1]DN",
                  "sig": "@saao/saa14%akk-x-neoass:{d}30=Sin[1//1]DN'DN$Sin",
                  "f": {
                    "lang": "akk-x-neoass",
                    "form": "{d}30",
                    "cf": "Sin",
                    "gw": "1",
                    "sense": "1",
                    "norm": "Sin",
                    "pos": "DN",
                    "epos": "DN"
                  }
                },
                {
                  "node": "d",
                  "type": "line-start",
                  "ref": "P335280.17",
                  "n": "4",
                  "label": "r 4"
                },
                {
                  "node": "l",
                  "frag": "a-šib",
                  "id": "P335280.l04702",
                  "ref": "P335280.17.1",
                  "inst": "āšib[residing]AJ",
                  "sig": "@saao/saa14%akk-x-neoass:a-šib=āšibu[sitting//residing]AJ'AJ$āšib",
                  "f": {
                    "lang": "akk-x-neoass",
                    "form": "a-šib",
                    "cf": "āšibu",
                    "gw": "sitting",
                    "sense": "residing",
                    "norm": "āšib",
                    "pos": "AJ",
                    "epos": "AJ"
                  }
                },
                {
                  "node": "l",
                  "frag": "{uru}BAD₃-{1}MAN-GIN",
                  "id": "P335280.l04703",
                  "ref": "P335280.17.2",
                  "inst": "Dur-Šarruken[1]GN",
                  "sig": "@saao/saa14%akk-x-neoass:{URU}BAD₃-{1}MAN-GIN=Dur-Šarruken[1//1]GN'GN$Dur-Šarruken",
                  "f": {
                    "lang": "akk-x-neoass",
                    "form": "{URU}BAD₃-{1}MAN-GIN",
                    "cf": "Dur-Šarruken",
                    "gw": "1",
                    "sense": "1",
                    "norm": "Dur-Šarruken",
                    "pos": "GN",
                    "epos": "GN"
                  }
                },
                {
                  "node": "l",
                  "frag": "GAR-an",
                  "id": "P335280.l04704",
                  "ref": "P335280.17.3",
                  "inst": "išakkan[place]V",
                  "sig": "@saao/saa14%akk-x-neoass:GAR-an=šakānu[put//place]V'V$išakkan",
                  "f": {
                    "lang": "akk-x-neoass",
                    "form": "GAR-an",
                    "cf": "šakānu",
                    "gw": "put",
                    "sense": "place",
                    "norm": "išakkan",
                    "pos": "V",
                    "epos": "V"
                  }
                },
                {
                  "node": "l",
                  "frag": "04",
                  "id": "P335280.l04705",
                  "ref": "P335280.17.4",
                  "inst": "n",
                  "f": {
                    "lang": "akk-x-neoass",
                    "form": "04",
                    "pos": "n"
                  }
                },
                {
                  "node": "l",
                  "frag": "{anše}har-bak-kan-ni",
                  "id": "P335280.l04706",
                  "ref": "P335280.17.5",
                  "inst": "harbakkannī[(a kind of horse)]N",
                  "sig": "@saao/saa14%akk-x-neoass:{ANŠE}har-bak-kan-ni=harbakkannu[(a kind of horse)//(a kind of horse)]N'N$harbakkannī",
                  "f": {
                    "lang": "akk-x-neoass",
                    "form": "{ANŠE}har-bak-kan-ni",
                    "cf": "harbakkannu",
                    "gw": "(a kind of horse)",
                    "sense": "(a kind of horse)",
                    "norm": "harbakkannī",
                    "pos": "N",
                    "epos": "N"
                  }
                },
                {
                  "node": "d",
                  "type": "line-start",
                  "ref": "P335280.18",
                  "n": "5",
                  "label": "r 5"
                },
                {
                  "node": "l",
                  "frag": "KI.TA",
                  "id": "P335280.l04707",
                  "ref": "P335280.18.1",
                  "inst": "šapal[bottom]N",
                  "sig": "@saao/saa14%akk-x-neoass:KI.TA=šaplu[underside//bottom]N'N$šapal",
                  "f": {
                    "lang": "akk-x-neoass",
                    "form": "KI.TA",
                    "cf": "šaplu",
                    "gw": "underside",
                    "sense": "bottom",
                    "norm": "šapal",
                    "pos": "N",
                    "epos": "N"
                  }
                },
                {
                  "node": "l",
                  "frag": "{d}MAŠ.MAŠ",
                  "id": "P335280.l04708",
                  "ref": "P335280.18.2",
                  "inst": "Nergal[1]DN",
                  "sig": "@saao/saa14%akk-x-neoass:{d}MAŠ.MAŠ=Nergal[1//1]DN'DN$Nergal",
                  "f": {
                    "lang": "akk-x-neoass",
                    "form": "{d}MAŠ.MAŠ",
                    "cf": "Nergal",
                    "gw": "1",
                    "sense": "1",
                    "norm": "Nergal",
                    "pos": "DN",
                    "epos": "DN"
                  }
                },
                {
                  "node": "l",
                  "frag": "u₂-še-rab",
                  "id": "P335280.l04709",
                  "ref": "P335280.18.3",
                  "inst": "ušerrab[bring in]V",
                  "sig": "@saao/saa14%akk-x-neoass:u₂-še-rab=erēbu[enter//bring in]V'V$ušerrab",
                  "f": {
                    "lang": "akk-x-neoass",
                    "form": "u₂-še-rab",
                    "cf": "erēbu",
                    "gw": "enter",
                    "sense": "bring in",
                    "norm": "ušerrab",
                    "pos": "V",
                    "epos": "V"
                  }
                },
                {
                  "node": "d",
                  "type": "line-start",
                  "ref": "P335280.19",
                  "n": "6",
                  "label": "r 6"
                },
                {
                  "node": "l",
                  "frag": "kas-pu",
                  "id": "P335280.l0470a",
                  "ref": "P335280.19.1",
                  "inst": "kaspu[money]N",
                  "sig": "@saao/saa14%akk-x-neoass:kas-pu=kaspu[silver//money]N'N$kaspu",
                  "f": {
                    "lang": "akk-x-neoass",
                    "form": "kas-pu",
                    "cf": "kaspu",
                    "gw": "silver",
                    "sense": "money",
                    "norm": "kaspu",
                    "pos": "N",
                    "epos": "N"
                  }
                },
                {
                  "node": "c",
                  "type": "phrase",
                  "tag": "phr",
                  "id": "P335280.U7",
                  "ref": "P335280.ls00003",
                  "cdl": [
                    {
                      "node": "l",
                      "frag": "a-na",
                      "id": "P335280.l0470b",
                      "ref": "P335280.19.2",
                      "inst": "ana[to+=tenfold]PRP",
                      "sig": "@saao/saa14%akk-x-neoass:a-na=ana[to//to]PRP'PRP$ana",
                      "f": {
                        "lang": "akk-x-neoass",
                        "form": "a-na",
                        "cf": "ana",
                        "gw": "to",
                        "sense": "to",
                        "norm": "ana",
                        "pos": "PRP",
                        "epos": "PRP"
                      }
                    },
                    {
                      "node": "l",
                      "frag": "10-MEŠ-te",
                      "id": "P335280.l0470c",
                      "ref": "P335280.19.3",
                      "inst": "ešrāte[tenfold]AV",
                      "sig": "@saao/saa14%akk-x-neoass:10-MEŠ-te=ešriātu[tenfold//tenfold]AV'AV$ešrāte",
                      "f": {
                        "lang": "akk-x-neoass",
                        "form": "10-MEŠ-te",
                        "cf": "ešriātu",
                        "gw": "tenfold",
                        "sense": "tenfold",
                        "norm": "ešrāte",
                        "pos": "AV",
                        "epos": "AV"
                      }
                    }
                  ]
                },
                {
                  "node": "l",
                  "frag": "a-na",
                  "id": "P335280.l0470d",
                  "ref": "P335280.19.4",
                  "inst": "ana[to]PRP",
                  "sig": "@saao/saa14%akk-x-neoass:a-na=ana[to//to]PRP'PRP$ana",
                  "f": {
                    "lang": "akk-x-neoass",
                    "form": "a-na",
                    "cf": "ana",
                    "gw": "to",
                    "sense": "to",
                    "norm": "ana",
                    "pos": "PRP",
                    "epos": "PRP"
                  }
                },
                {
                  "node": "l",
                  "frag": "EN-MEŠ-šu₂",
                  "id": "P335280.l0470e",
                  "ref": "P335280.19.5",
                  "inst": "bēlēšu[owner]N",
                  "sig": "@saao/saa14%akk-x-neoass:EN-MEŠ-šu₂=bēlu[lord//owner]N'N$bēlēšu",
                  "f": {
                    "lang": "akk-x-neoass",
                    "form": "EN-MEŠ-šu₂",
                    "cf": "bēlu",
                    "gw": "lord",
                    "sense": "owner",
                    "norm": "bēlēšu",
                    "pos": "N",
                    "epos": "N"
                  }
                },
                {
                  "node": "d",
                  "type": "line-start",
                  "ref": "P335280.20",
                  "n": "7",
                  "label": "r 7"
                },
                {
                  "node": "l",
                  "frag": "GUR-ra",
                  "id": "P335280.l0470f",
                  "ref": "P335280.20.1",
                  "inst": "itūra[return]V",
                  "sig": "@saao/saa14%akk-x-neoass:GUR-ra=târu[turn//return]V'V$itūra",
                  "f": {
                    "lang": "akk-x-neoass",
                    "form": "GUR-ra",
                    "cf": "târu",
                    "gw": "turn",
                    "sense": "return",
                    "norm": "itūra",
                    "pos": "V",
                    "epos": "V"
                  }
                },
                {
                  "node": "l",
                  "frag": "ina",
                  "id": "P335280.l04710",
                  "ref": "P335280.20.2",
                  "inst": "ina[in]PRP",
                  "sig": "@saao/saa14%akk-x-neoass:ina=ina[in//in]PRP'PRP$ina",
                  "f": {
                    "lang": "akk-x-neoass",
                    "form": "ina",
                    "cf": "ina",
                    "gw": "in",
                    "sense": "in",
                    "norm": "ina",
                    "pos": "PRP",
                    "epos": "PRP"
                  }
                },
                {
                  "node": "l",
                  "frag": "de-ni-šu₂",
                  "id": "P335280.l04711",
                  "ref": "P335280.20.3",
                  "inst": "dēnīšu[lawsuit]N",
                  "sig": "@saao/saa14%akk-x-neoass:de-ni-šu₂=dīnu[legal decision//lawsuit]N'N$dēnīšu",
                  "f": {
                    "lang": "akk-x-neoass",
                    "form": "de-ni-šu₂",
                    "cf": "dīnu",
                    "gw": "legal decision",
                    "sense": "lawsuit",
                    "norm": "dēnīšu",
                    "pos": "N",
                    "epos": "N"
                  }
                },
                {
                  "node": "l",
                  "frag": "DUG₄.DUG₄-ma",
                  "id": "P335280.l04712",
                  "ref": "P335280.20.4",
                  "inst": "idabbubma[contest]V",
                  "sig": "@saao/saa14%akk-x-neoass:DUG₄.DUG₄-ma=dabābu[speak//contest]V'V$idabbubma",
                  "f": {
                    "lang": "akk-x-neoass",
                    "form": "DUG₄.DUG₄-ma",
                    "cf": "dabābu",
                    "gw": "speak",
                    "sense": "contest",
                    "norm": "idabbubma",
                    "pos": "V",
                    "epos": "V"
                  }
                },
                {
                  "node": "d",
                  "type": "line-start",
                  "ref": "P335280.21",
                  "n": "8",
                  "label": "r 8"
                },
                {
                  "node": "l",
                  "frag": "la",
                  "id": "P335280.l04713",
                  "ref": "P335280.21.1",
                  "inst": "lā[not]MOD",
                  "sig": "@saao/saa14%akk-x-neoass:la=lā[not//not]MOD'MOD$lā",
                  "f": {
                    "lang": "akk-x-neoass",
                    "form": "la",
                    "cf": "lā",
                    "gw": "not",
                    "sense": "not",
                    "norm": "lā",
                    "pos": "MOD",
                    "epos": "MOD"
                  }
                },
                {
                  "node": "l",
                  "frag": "i-laq-qi₂",
                  "id": "P335280.l04714",
                  "ref": "P335280.21.2",
                  "inst": "ilaqqi[succeed]V",
                  "sig": "@saao/saa14%akk-x-neoass:i-laq-qi₂=leqû[take//succeed]V'V$ilaqqi",
                  "f": {
                    "lang": "akk-x-neoass",
                    "form": "i-laq-qi₂",
                    "cf": "leqû",
                    "gw": "take",
                    "sense": "succeed",
                    "norm": "ilaqqi",
                    "pos": "V",
                    "epos": "V"
                  }
                },
                {
                  "node": "d",
                  "type": "nonx",
                  "ref": "P335280.22",
                  "strict": "1",
                  "extent": "n",
                  "scope": "line",
                  "state": "ruling"
                },
                {
                  "node": "d",
                  "type": "line-start",
                  "ref": "P335280.23",
                  "n": "9",
                  "label": "r 9"
                },
                {
                  "node": "l",
                  "frag": "IGI",
                  "id": "P335280.l04715",
                  "ref": "P335280.23.1",
                  "inst": "šību[witness]N",
                  "sig": "@saao/saa14%akk-x-neoass:IGI=šību[witness//witness]N'N$šību",
                  "f": {
                    "lang": "akk-x-neoass",
                    "form": "IGI",
                    "cf": "šību",
                    "gw": "witness",
                    "sense": "witness",
                    "norm": "šību",
                    "pos": "N",
                    "epos": "N"
                  }
                },
                {
                  "node": "l",
                  "frag": "{1}[x",
                  "id": "P335280.l04716",
                  "ref": "P335280.23.2",
                  "inst": "u",
                  "f": {
                    "lang": "akk-x-neoass",
                    "form": "{1}x",
                    "pos": "u"
                  }
                },
                {
                  "node": "l",
                  "frag": "x",
                  "id": "P335280.l04717",
                  "ref": "P335280.23.3",
                  "inst": "u",
                  "f": {
                    "lang": "akk-x-neoass",
                    "form": "x",
                    "pos": "u"
                  }
                },
                {
                  "node": "l",
                  "frag": "x",
                  "id": "P335280.l04718",
                  "ref": "P335280.23.4",
                  "inst": "u",
                  "f": {
                    "lang": "akk-x-neoass",
                    "form": "x",
                    "pos": "u"
                  }
                },
                {
                  "node": "l",
                  "frag": "x",
                  "id": "P335280.l04719",
                  "ref": "P335280.23.5",
                  "inst": "u",
                  "f": {
                    "lang": "akk-x-neoass",
                    "form": "x",
                    "pos": "u"
                  }
                },
                {
                  "node": "l",
                  "frag": "x]",
                  "id": "P335280.l0471a",
                  "ref": "P335280.23.6",
                  "inst": "u",
                  "f": {
                    "lang": "akk-x-neoass",
                    "form": "x",
                    "pos": "u"
                  }
                },
                {
                  "node": "l",
                  "frag": "x",
                  "id": "P335280.l0471b",
                  "ref": "P335280.23.7",
                  "inst": "u",
                  "f": {
                    "lang": "akk-x-neoass",
                    "form": "x",
                    "pos": "u"
                  }
                },
                {
                  "node": "l",
                  "frag": "ša₂",
                  "id": "P335280.l0471c",
                  "ref": "P335280.23.8",
                  "inst": "ša[of]DET",
                  "sig": "@saao/saa14%akk-x-neoass:ša₂=ša[of//of]DET'DET$ša",
                  "f": {
                    "lang": "akk-x-neoass",
                    "form": "ša₂",
                    "cf": "ša",
                    "gw": "of",
                    "sense": "of",
                    "norm": "ša",
                    "pos": "DET",
                    "epos": "DET"
                  }
                },
                {
                  "node": "l",
                  "frag": "E₂.GAL",
                  "id": "P335280.l0471d",
                  "ref": "P335280.23.9",
                  "inst": "ēkalli[palace]N",
                  "sig": "@saao/saa14%akk-x-neoass:E₂.GAL=ēkallu[palace//palace]N'N$ēkalli",
                  "f": {
                    "lang": "akk-x-neoass",
                    "form": "E₂.GAL",
                    "cf": "ēkallu",
                    "gw": "palace",
                    "sense": "palace",
                    "norm": "ēkalli",
                    "pos": "N",
                    "epos": "N"
                  }
                },
                {
                  "node": "d",
                  "type": "nonx",
                  "ref": "P335280.24",
                  "strict": "0",
                  "extent": "rest",
                  "state": "missing"
                }
              ]
            }
          ]
        }
      ]
    },
    {
      "linkbase": [
        {
          "type": "linkset",
          "xlink_title": "ištu pān[from//because of]PRP'PRP",
          "id": "P335280.ls00000",
          "xlink_type": "extended",
          "xlink_role": "psu",
          "sig": "{ištu[from]PRP pānu[front]N += ištu pān[from//because of]PRP'PRP}::@saao%akk-x-neoass:TA=ištu[from//from]PRP'PRP$issu++@saao%akk-x-neoass:IGI=pānu[front//front]N'N$pān",
          "links": [
            {
              "type": "link",
              "xlink_title": "issu",
              "xlink_type": "locator",
              "xlink_href": "#P335280.l046ca",
              "xlink_role": "elt"
            },
            {
              "type": "link",
              "xlink_title": "pān",
              "xlink_type": "locator",
              "xlink_href": "#P335280.l046cb",
              "xlink_role": "elt"
            }
          ]
        },
        {
          "type": "linkset",
          "xlink_title": "ina urkiš[in the future//in the future]AV'AV",
          "id": "P335280.ls00001",
          "xlink_type": "extended",
          "xlink_role": "psu",
          "sig": "{ina[in]PRP urkiš[later]AV += ina urkiš[in the future//in the future]AV'AV}::@saao%akk-x-neoass:ina=ina[in//into]PRP'PRP$ina++@saao%akk-x-neoass:ur-kiš=urkiš[later//later]AV'AV$urkiš",
          "links": [
            {
              "type": "link",
              "xlink_title": "ina",
              "xlink_type": "locator",
              "xlink_href": "#P335280.l046e3",
              "xlink_role": "elt"
            },
            {
              "type": "link",
              "xlink_title": "urkiš",
              "xlink_type": "locator",
              "xlink_href": "#P335280.l046e4",
              "xlink_role": "elt"
            }
          ]
        },
        {
          "type": "linkset",
          "xlink_title": "ina matīma[whenever//whenever]XP'XP",
          "id": "P335280.ls00002",
          "xlink_type": "extended",
          "xlink_role": "psu",
          "sig": "{ina[in]PRP matīma[ever]AV += ina matīma[whenever//whenever]XP'XP}::@saao%akk-x-neoass:ina=ina[in//into]PRP'PRP$ina++@saao%akk-x-neoass:ma-te-ma=matīma[ever//ever]AV'AV$matēma",
          "links": [
            {
              "type": "link",
              "xlink_title": "ina",
              "xlink_type": "locator",
              "xlink_href": "#P335280.l046e5",
              "xlink_role": "elt"
            },
            {
              "type": "link",
              "xlink_title": "matēma",
              "xlink_type": "locator",
              "xlink_href": "#P335280.l046e6",
              "xlink_role": "elt"
            }
          ]
        },
        {
          "type": "linkset",
          "xlink_title": "ana ešriāti[tenfold//tenfold]AV'AV",
          "id": "P335280.ls00003",
          "xlink_type": "extended",
          "xlink_role": "psu",
          "sig": "{ana[to]PRP ešriātu[tenfold]AV += ana ešriāti[tenfold//tenfold]AV'AV}::@saao%akk-x-neoass:a-na=ana[to//to]PRP'PRP$ana++@saao%akk-x-neoass:10-MEŠ-te=ešriātu[tenfold//tenfold]AV'AV$ešrāte",
          "links": [
            {
              "type": "link",
              "xlink_title": "ana",
              "xlink_type": "locator",
              "xlink_href": "#P335280.l0470b",
              "xlink_role": "elt"
            },
            {
              "type": "link",
              "xlink_title": "ešrāte",
              "xlink_type": "locator",
              "xlink_href": "#P335280.l0470c",
              "xlink_role": "elt"
            }
          ]
        }
      ]
    }
  ]
}
