{
  "type": "cdl",
  "source": "http://oracc.org/saao/saa14",
  "license": "This data is released under the CC0 license",
  "license-url": "https://creativecommons.org/publicdomain/zero/1.0/",
  "more-info": "http://oracc.org/doc/opendata/",
  "UTC-timestamp": "2017-06-10T00:53:57",
  "project": "saao/saa14",
  "textid": "P335222",
  "cdl": [
    {
      "node": "c",
      "type": "text",
      "id": "P335222.U0",
      "cdl": [
        {
          "node": "d",
          "type": "object",
          "ref": ""
        },
        {
          "node": "d",
          "subtype": "obverse",
          "type": "obverse",
          "ref": "P335222.o.1",
          "label": "o"
        },
        {
          "node": "d",
          "type": "nonx",
          "ref": "P335222.2",
          "strict": "0",
          "extent": "beginning",
          "state": "missing"
        },
        {
          "node": "d",
          "type": "nonx",
          "ref": "P335222.3",
          "strict": "1",
          "extent": "n",
          "scope": "line",
          "state": "ruling"
        },
        {
          "node": "d",
          "type": "nonx",
          "ref": "P335222.4",
          "strict": "0",
          "extent": "1",
          "scope": "impression",
          "state": "other"
        },
        {
          "node": "d",
          "type": "nonx",
          "ref": "P335222.5",
          "strict": "1",
          "extent": "n",
          "scope": "line",
          "state": "ruling"
        },
        {
          "node": "c",
          "type": "discourse",
          "subtype": "body",
          "id": "P335222.U1",
          "cdl": [
            {
              "node": "c",
              "type": "sentence",
              "id": "P335222.U2",
              "label": "o 2 - e. 2",
              "cdl": [
                {
                  "node": "d",
                  "type": "line-start",
                  "ref": "P335222.6",
                  "n": "2",
                  "label": "o 2"
                },
                {
                  "node": "l",
                  "frag": "{1}sa-la-ma-nu",
                  "id": "P335222.l02dfb",
                  "ref": "P335222.6.1",
                  "inst": "Salamanu[1]PN$",
                  "sig": "@saao/saa14%akk-x-neoass:{1}sa-la-ma-nu=Salamanu[1//1]PN'PN$Salamanu",
                  "f": {
                    "lang": "akk-x-neoass",
                    "form": "{1}sa-la-ma-nu",
                    "cf": "Salamanu",
                    "gw": "1",
                    "sense": "1",
                    "norm": "Salamanu",
                    "pos": "PN",
                    "epos": "PN"
                  }
                },
                {
                  "node": "l",
                  "frag": "MI₂-šu₂",
                  "id": "P335222.l02dfc",
                  "ref": "P335222.6.2",
                  "inst": "issušu[woman]N",
                  "sig": "@saao/saa14%akk-x-neoass:MI₂-šu₂=sinništu[woman//woman]N'N$issušu",
                  "f": {
                    "lang": "akk-x-neoass",
                    "form": "MI₂-šu₂",
                    "cf": "sinništu",
                    "gw": "woman",
                    "sense": "woman",
                    "norm": "issušu",
                    "pos": "N",
                    "epos": "N"
                  }
                },
                {
                  "node": "l",
                  "frag": "{1}mu-⸢su-ka⸣-a.a",
                  "id": "P335222.l02dfd",
                  "ref": "P335222.6.3",
                  "inst": "Musukayu[1]PN$Musukaya",
                  "sig": "@saao/saa14%akk-x-neoass:{1}mu-su-ka-a.a=Musukayu[1//1]PN'PN$Musukaya",
                  "f": {
                    "lang": "akk-x-neoass",
                    "form": "{1}mu-su-ka-a.a",
                    "cf": "Musukayu",
                    "gw": "1",
                    "sense": "1",
                    "norm": "Musukaya",
                    "pos": "PN",
                    "epos": "PN"
                  }
                },
                {
                  "node": "l",
                  "frag": "MI₂-šu",
                  "id": "P335222.l02dfe",
                  "ref": "P335222.6.4",
                  "inst": "issušu[woman]N",
                  "sig": "@saao/saa14%akk-x-neoass:MI₂-šu=sinništu[woman//woman]N'N$issušu",
                  "f": {
                    "lang": "akk-x-neoass",
                    "form": "MI₂-šu",
                    "cf": "sinništu",
                    "gw": "woman",
                    "sense": "woman",
                    "norm": "issušu",
                    "pos": "N",
                    "epos": "N"
                  }
                },
                {
                  "node": "d",
                  "type": "line-start",
                  "ref": "P335222.7",
                  "n": "3",
                  "label": "o 3"
                },
                {
                  "node": "l",
                  "frag": "{1}ARAD-MAŠ",
                  "id": "P335222.l02dff",
                  "ref": "P335222.7.1",
                  "inst": "Urdu-Inurta[1]PN$",
                  "sig": "@saao/saa14%akk-x-neoass:{1}ARAD-MAŠ=Urdu-Inurta[1//1]PN'PN$Urdu-Inurta",
                  "f": {
                    "lang": "akk-x-neoass",
                    "form": "{1}ARAD-MAŠ",
                    "cf": "Urdu-Inurta",
                    "gw": "1",
                    "sense": "1",
                    "norm": "Urdu-Inurta",
                    "pos": "PN",
                    "epos": "PN"
                  }
                },
                {
                  "node": "l",
                  "frag": "02",
                  "id": "P335222.l02e00",
                  "ref": "P335222.7.2",
                  "inst": "n",
                  "f": {
                    "lang": "akk-x-neoass",
                    "form": "02",
                    "pos": "n"
                  }
                },
                {
                  "node": "l",
                  "frag": "DUMU.MI₂",
                  "id": "P335222.l02e01",
                  "ref": "P335222.7.3",
                  "inst": "marʾutu[daughter]N",
                  "sig": "@saao/saa14%akk-x-neoass:DUMU.MI₂=mārtu[daughter//daughter]N'N$marʾutu",
                  "f": {
                    "lang": "akk-x-neoass",
                    "form": "DUMU.MI₂",
                    "cf": "mārtu",
                    "gw": "daughter",
                    "sense": "daughter",
                    "norm": "marʾutu",
                    "pos": "N",
                    "epos": "N"
                  }
                },
                {
                  "node": "l",
                  "frag": "PAB",
                  "id": "P335222.l02e02",
                  "ref": "P335222.7.4",
                  "inst": "gimru[total]N",
                  "sig": "@saao/saa14%akk-x-neoass:PAB=gimru[totality//total]N'N$gimru",
                  "f": {
                    "lang": "akk-x-neoass",
                    "form": "PAB",
                    "cf": "gimru",
                    "gw": "totality",
                    "sense": "total",
                    "norm": "gimru",
                    "pos": "N",
                    "epos": "N"
                  }
                },
                {
                  "node": "l",
                  "frag": "05",
                  "id": "P335222.l02e03",
                  "ref": "P335222.7.5",
                  "inst": "n",
                  "f": {
                    "lang": "akk-x-neoass",
                    "form": "05",
                    "pos": "n"
                  }
                },
                {
                  "node": "l",
                  "frag": "ZI-MEŠ",
                  "id": "P335222.l02e04",
                  "ref": "P335222.7.6",
                  "inst": "nupšāti[person]N",
                  "sig": "@saao/saa14%akk-x-neoass:ZI-MEŠ=napištu[throat//person]N'N$nupšāti",
                  "f": {
                    "lang": "akk-x-neoass",
                    "form": "ZI-MEŠ",
                    "cf": "napištu",
                    "gw": "throat",
                    "sense": "person",
                    "norm": "nupšāti",
                    "pos": "N",
                    "epos": "N"
                  }
                },
                {
                  "node": "d",
                  "type": "line-start",
                  "ref": "P335222.8",
                  "n": "4",
                  "label": "o 4"
                },
                {
                  "node": "l",
                  "frag": "{1}⸢x⸣+[x",
                  "id": "P335222.l02e05",
                  "ref": "P335222.8.1",
                  "inst": "u",
                  "f": {
                    "lang": "akk-x-neoass",
                    "form": "{1}x+x",
                    "pos": "u"
                  }
                },
                {
                  "node": "l",
                  "frag": "x]-a.a",
                  "id": "P335222.l02e06",
                  "ref": "P335222.8.2",
                  "inst": "u",
                  "f": {
                    "lang": "akk-x-neoass",
                    "form": "x-a.a",
                    "pos": "u"
                  }
                },
                {
                  "node": "l",
                  "frag": "DUMU-šu₂",
                  "id": "P335222.l02e07",
                  "ref": "P335222.8.3",
                  "inst": "māršu[son]N",
                  "sig": "@saao/saa14%akk-x-neoass:DUMU-šu₂=māru[son//son]N'N$māršu",
                  "f": {
                    "lang": "akk-x-neoass",
                    "form": "DUMU-šu₂",
                    "cf": "māru",
                    "gw": "son",
                    "sense": "son",
                    "norm": "māršu",
                    "pos": "N",
                    "epos": "N"
                  }
                },
                {
                  "node": "l",
                  "frag": "{1}ga-di-ia-a",
                  "id": "P335222.l02e08",
                  "ref": "P335222.8.4",
                  "inst": "Gaddiya[1]PN$",
                  "sig": "@saao/saa14%akk-x-neoass:{1}ga-di-ia-a=Gaddiya[1//1]PN'PN$Gaddiya",
                  "f": {
                    "lang": "akk-x-neoass",
                    "form": "{1}ga-di-ia-a",
                    "cf": "Gaddiya",
                    "gw": "1",
                    "sense": "1",
                    "norm": "Gaddiya",
                    "pos": "PN",
                    "epos": "PN"
                  }
                },
                {
                  "node": "d",
                  "type": "line-start",
                  "ref": "P335222.9",
                  "n": "5",
                  "label": "o 5"
                },
                {
                  "node": "l",
                  "frag": "[x",
                  "id": "P335222.l02e09",
                  "ref": "P335222.9.1",
                  "inst": "u",
                  "f": {
                    "lang": "akk-x-neoass",
                    "form": "x",
                    "pos": "u"
                  }
                },
                {
                  "node": "l",
                  "frag": "x",
                  "id": "P335222.l02e0a",
                  "ref": "P335222.9.2",
                  "inst": "u",
                  "f": {
                    "lang": "akk-x-neoass",
                    "form": "x",
                    "pos": "u"
                  }
                },
                {
                  "node": "l",
                  "frag": "x",
                  "id": "P335222.l02e0b",
                  "ref": "P335222.9.3",
                  "inst": "u",
                  "f": {
                    "lang": "akk-x-neoass",
                    "form": "x",
                    "pos": "u"
                  }
                },
                {
                  "node": "l",
                  "frag": "x",
                  "id": "P335222.l02e0c",
                  "ref": "P335222.9.4",
                  "inst": "u",
                  "f": {
                    "lang": "akk-x-neoass",
                    "form": "x",
                    "pos": "u"
                  }
                },
                {
                  "node": "l",
                  "frag": "PAB]",
                  "id": "P335222.l02e0d",
                  "ref": "P335222.9.5",
                  "inst": "gimru[total]N",
                  "sig": "@saao/saa14%akk-x-neoass:PAB=gimru[totality//total]N'N$gimru",
                  "f": {
                    "lang": "akk-x-neoass",
                    "form": "PAB",
                    "cf": "gimru",
                    "gw": "totality",
                    "sense": "total",
                    "norm": "gimru",
                    "pos": "N",
                    "epos": "N"
                  }
                },
                {
                  "node": "l",
                  "frag": "10",
                  "id": "P335222.l02e0e",
                  "ref": "P335222.9.6",
                  "inst": "n",
                  "f": {
                    "lang": "akk-x-neoass",
                    "form": "10",
                    "pos": "n"
                  }
                },
                {
                  "node": "l",
                  "frag": "ZI-MEŠ",
                  "id": "P335222.l02e0f",
                  "ref": "P335222.9.7",
                  "inst": "nupšāti[person]N",
                  "sig": "@saao/saa14%akk-x-neoass:ZI-MEŠ=napištu[throat//person]N'N$nupšāti",
                  "f": {
                    "lang": "akk-x-neoass",
                    "form": "ZI-MEŠ",
                    "cf": "napištu",
                    "gw": "throat",
                    "sense": "person",
                    "norm": "nupšāti",
                    "pos": "N",
                    "epos": "N"
                  }
                },
                {
                  "node": "d",
                  "type": "nonx",
                  "ref": "P335222.10",
                  "strict": "0",
                  "extent": "rest",
                  "state": "missing"
                },
                {
                  "node": "d",
                  "subtype": "reverse",
                  "type": "reverse",
                  "ref": "P335222.r.11",
                  "label": "r"
                },
                {
                  "node": "d",
                  "type": "nonx",
                  "ref": "P335222.12",
                  "strict": "0",
                  "extent": "beginning",
                  "state": "missing"
                },
                {
                  "node": "d",
                  "type": "line-start",
                  "ref": "P335222.13",
                  "n": "1'",
                  "label": "r 1'"
                },
                {
                  "node": "l",
                  "frag": "02",
                  "id": "P335222.l02e10",
                  "ref": "P335222.13.1",
                  "inst": "n",
                  "f": {
                    "lang": "akk-x-neoass",
                    "form": "02",
                    "pos": "n"
                  }
                },
                {
                  "node": "l",
                  "frag": "{anše}KUR.RA-MEŠ",
                  "id": "P335222.l02e11",
                  "ref": "P335222.13.2",
                  "inst": "sissê[horse]N",
                  "sig": "@saao/saa14%akk-x-neoass:{ANŠE}KUR.RA-MEŠ=sisû[horse//horse]N'N$sissê",
                  "f": {
                    "lang": "akk-x-neoass",
                    "form": "{ANŠE}KUR.RA-MEŠ",
                    "cf": "sisû",
                    "gw": "horse",
                    "sense": "horse",
                    "norm": "sissê",
                    "pos": "N",
                    "epos": "N"
                  }
                },
                {
                  "node": "l",
                  "frag": "BABBAR-MEŠ",
                  "id": "P335222.l02e12",
                  "ref": "P335222.13.3",
                  "inst": "paṣūti[white]AJ",
                  "sig": "@saao/saa14%akk-x-neoass:BABBAR-MEŠ=peṣû[white//white]AJ'AJ$paṣūti",
                  "f": {
                    "lang": "akk-x-neoass",
                    "form": "BABBAR-MEŠ",
                    "cf": "peṣû",
                    "gw": "white",
                    "sense": "white",
                    "norm": "paṣūti",
                    "pos": "AJ",
                    "epos": "AJ"
                  }
                },
                {
                  "node": "l",
                  "frag": "[ina",
                  "id": "P335222.l02e13",
                  "ref": "P335222.13.4",
                  "inst": "ina[at]PRP",
                  "sig": "@saao/saa14%akk-x-neoass:ina=ina[in//at]PRP'PRP$ina",
                  "f": {
                    "lang": "akk-x-neoass",
                    "form": "ina",
                    "cf": "ina",
                    "gw": "in",
                    "sense": "at",
                    "norm": "ina",
                    "pos": "PRP",
                    "epos": "PRP"
                  }
                },
                {
                  "node": "l",
                  "frag": "GIR₃.2",
                  "id": "P335222.l02e14",
                  "ref": "P335222.13.5",
                  "inst": "šēpē[foot]N",
                  "sig": "@saao/saa14%akk-x-neoass:GIR₃.2=šēpu[foot//foot]N'N$šēpē",
                  "f": {
                    "lang": "akk-x-neoass",
                    "form": "GIR₃.2",
                    "cf": "šēpu",
                    "gw": "foot",
                    "sense": "foot",
                    "norm": "šēpē",
                    "pos": "N",
                    "epos": "N"
                  }
                },
                {
                  "node": "l",
                  "frag": "{d}30",
                  "id": "P335222.l02e15",
                  "ref": "P335222.13.6",
                  "inst": "Sin[1]DN",
                  "sig": "@saao/saa14%akk-x-neoass:{d}30=Sin[1//1]DN'DN$Sin",
                  "f": {
                    "lang": "akk-x-neoass",
                    "form": "{d}30",
                    "cf": "Sin",
                    "gw": "1",
                    "sense": "1",
                    "norm": "Sin",
                    "pos": "DN",
                    "epos": "DN"
                  }
                },
                {
                  "node": "d",
                  "type": "line-start",
                  "ref": "P335222.14",
                  "n": "2'",
                  "label": "r 2'"
                },
                {
                  "node": "l",
                  "frag": "a-⸢šib⸣",
                  "id": "P335222.l02e16",
                  "ref": "P335222.14.1",
                  "inst": "āšib[residing]AJ",
                  "sig": "@saao/saa14%akk-x-neoass:a-šib=āšibu[sitting//residing]AJ'AJ$āšib",
                  "f": {
                    "lang": "akk-x-neoass",
                    "form": "a-šib",
                    "cf": "āšibu",
                    "gw": "sitting",
                    "sense": "residing",
                    "norm": "āšib",
                    "pos": "AJ",
                    "epos": "AJ"
                  }
                },
                {
                  "node": "l",
                  "frag": "{uru}KASKAL",
                  "id": "P335222.l02e17",
                  "ref": "P335222.14.2",
                  "inst": "Harrani[Harran]GN",
                  "sig": "@saao/saa14%akk-x-neoass:{URU}KASKAL=Harranu[Harran//Harran]GN'GN$Harrani",
                  "f": {
                    "lang": "akk-x-neoass",
                    "form": "{URU}KASKAL",
                    "cf": "Harranu",
                    "gw": "Harran",
                    "sense": "Harran",
                    "norm": "Harrani",
                    "pos": "GN",
                    "epos": "GN"
                  }
                },
                {
                  "node": "l",
                  "frag": "i-rak-kas",
                  "id": "P335222.l02e18",
                  "ref": "P335222.14.3",
                  "inst": "irakkas[bind]V",
                  "sig": "@saao/saa14%akk-x-neoass:i-rak-kas=rakāsu[bind//bind]V'V$irakkas",
                  "f": {
                    "lang": "akk-x-neoass",
                    "form": "i-rak-kas",
                    "cf": "rakāsu",
                    "gw": "bind",
                    "sense": "bind",
                    "norm": "irakkas",
                    "pos": "V",
                    "epos": "V"
                  }
                },
                {
                  "node": "l",
                  "frag": "⸢kas⸣-[pu]",
                  "id": "P335222.l02e19",
                  "ref": "P335222.14.4",
                  "inst": "kaspu[money]N",
                  "sig": "@saao/saa14%akk-x-neoass:kas-pu=kaspu[silver//money]N'N$kaspu",
                  "f": {
                    "lang": "akk-x-neoass",
                    "form": "kas-pu",
                    "cf": "kaspu",
                    "gw": "silver",
                    "sense": "money",
                    "norm": "kaspu",
                    "pos": "N",
                    "epos": "N"
                  }
                },
                {
                  "node": "d",
                  "type": "line-start",
                  "ref": "P335222.15",
                  "n": "3'",
                  "label": "r 3'"
                },
                {
                  "node": "l",
                  "frag": "a-[na]",
                  "id": "P335222.l02e1a",
                  "ref": "P335222.15.1",
                  "inst": "ana[to+=tenfold]PRP$",
                  "sig": "@saao/saa14%akk-x-neoass:a-na=ana[to//to]PRP'PRP$ana",
                  "f": {
                    "lang": "akk-x-neoass",
                    "form": "a-na",
                    "cf": "ana",
                    "gw": "to",
                    "sense": "to",
                    "norm": "ana",
                    "pos": "PRP",
                    "epos": "PRP"
                  }
                },
                {
                  "node": "l",
                  "frag": "10-te",
                  "id": "P335222.l02e1b",
                  "ref": "P335222.15.2",
                  "inst": "ešriātu[tenfold]AV$ešrāte",
                  "sig": "@saao/saa14%akk-x-neoass:10-te=ešriātu[tenfold//tenfold]AV'AV$ešrāte",
                  "f": {
                    "lang": "akk-x-neoass",
                    "form": "10-te",
                    "cf": "ešriātu",
                    "gw": "tenfold",
                    "sense": "tenfold",
                    "norm": "ešrāte",
                    "pos": "AV",
                    "epos": "AV"
                  }
                },
                {
                  "node": "l",
                  "frag": "a-na",
                  "id": "P335222.l02e1c",
                  "ref": "P335222.15.3",
                  "inst": "ana[to]PRP",
                  "sig": "@saao/saa14%akk-x-neoass:a-na=ana[to//to]PRP'PRP$ana",
                  "f": {
                    "lang": "akk-x-neoass",
                    "form": "a-na",
                    "cf": "ana",
                    "gw": "to",
                    "sense": "to",
                    "norm": "ana",
                    "pos": "PRP",
                    "epos": "PRP"
                  }
                },
                {
                  "node": "l",
                  "frag": "EN-MEŠ-šu₂",
                  "id": "P335222.l02e1d",
                  "ref": "P335222.15.4",
                  "inst": "bēlēšu[owner]N",
                  "sig": "@saao/saa14%akk-x-neoass:EN-MEŠ-šu₂=bēlu[lord//owner]N'N$bēlēšu",
                  "f": {
                    "lang": "akk-x-neoass",
                    "form": "EN-MEŠ-šu₂",
                    "cf": "bēlu",
                    "gw": "lord",
                    "sense": "owner",
                    "norm": "bēlēšu",
                    "pos": "N",
                    "epos": "N"
                  }
                },
                {
                  "node": "l",
                  "frag": "GUR",
                  "id": "P335222.l02e1e",
                  "ref": "P335222.15.5",
                  "inst": "itūar[return]V",
                  "sig": "@saao/saa14%akk-x-neoass:GUR=târu[turn//return]V'V$itūar",
                  "f": {
                    "lang": "akk-x-neoass",
                    "form": "GUR",
                    "cf": "târu",
                    "gw": "turn",
                    "sense": "return",
                    "norm": "itūar",
                    "pos": "V",
                    "epos": "V"
                  }
                },
                {
                  "node": "d",
                  "type": "line-start",
                  "ref": "P335222.16",
                  "n": "4'",
                  "label": "r 4'"
                },
                {
                  "node": "l",
                  "frag": "ina",
                  "id": "P335222.l02e1f",
                  "ref": "P335222.16.1",
                  "inst": "ina[in]PRP",
                  "sig": "@saao/saa14%akk-x-neoass:ina=ina[in//in]PRP'PRP$ina",
                  "f": {
                    "lang": "akk-x-neoass",
                    "form": "ina",
                    "cf": "ina",
                    "gw": "in",
                    "sense": "in",
                    "norm": "ina",
                    "pos": "PRP",
                    "epos": "PRP"
                  }
                },
                {
                  "node": "l",
                  "frag": "[de]-⸢ni⸣-šu₂",
                  "id": "P335222.l02e20",
                  "ref": "P335222.16.2",
                  "inst": "dēnīšu[lawsuit]N",
                  "sig": "@saao/saa14%akk-x-neoass:de-ni-šu₂=dīnu[legal decision//lawsuit]N'N$dēnīšu",
                  "f": {
                    "lang": "akk-x-neoass",
                    "form": "de-ni-šu₂",
                    "cf": "dīnu",
                    "gw": "legal decision",
                    "sense": "lawsuit",
                    "norm": "dēnīšu",
                    "pos": "N",
                    "epos": "N"
                  }
                },
                {
                  "node": "l",
                  "frag": "DUG₄.DUG₄-ma",
                  "id": "P335222.l02e21",
                  "ref": "P335222.16.3",
                  "inst": "idabbubma[contest]V",
                  "sig": "@saao/saa14%akk-x-neoass:DUG₄.DUG₄-ma=dabābu[speak//contest]V'V$idabbubma",
                  "f": {
                    "lang": "akk-x-neoass",
                    "form": "DUG₄.DUG₄-ma",
                    "cf": "dabābu",
                    "gw": "speak",
                    "sense": "contest",
                    "norm": "idabbubma",
                    "pos": "V",
                    "epos": "V"
                  }
                },
                {
                  "node": "l",
                  "frag": "la₃",
                  "id": "P335222.l02e22",
                  "ref": "P335222.16.4",
                  "inst": "lā[not]MOD",
                  "sig": "@saao/saa14%akk-x-neoass:la₃=lā[not//not]MOD'MOD$lā",
                  "f": {
                    "lang": "akk-x-neoass",
                    "form": "la₃",
                    "cf": "lā",
                    "gw": "not",
                    "sense": "not",
                    "norm": "lā",
                    "pos": "MOD",
                    "epos": "MOD"
                  }
                },
                {
                  "node": "l",
                  "frag": "TI",
                  "id": "P335222.l02e23",
                  "ref": "P335222.16.5",
                  "inst": "ilaqqi[succeed]V",
                  "sig": "@saao/saa14%akk-x-neoass:TI=leqû[take//succeed]V'V$ilaqqi",
                  "f": {
                    "lang": "akk-x-neoass",
                    "form": "TI",
                    "cf": "leqû",
                    "gw": "take",
                    "sense": "succeed",
                    "norm": "ilaqqi",
                    "pos": "V",
                    "epos": "V"
                  }
                },
                {
                  "node": "d",
                  "type": "nonx",
                  "ref": "P335222.17",
                  "strict": "1",
                  "extent": "n",
                  "scope": "line",
                  "state": "ruling"
                },
                {
                  "node": "d",
                  "type": "line-start",
                  "ref": "P335222.18",
                  "n": "5'",
                  "label": "r 5'"
                },
                {
                  "node": "l",
                  "frag": "IGI",
                  "id": "P335222.l02e24",
                  "ref": "P335222.18.1",
                  "inst": "šību[witness]N",
                  "sig": "@saao/saa14%akk-x-neoass:IGI=šību[witness//witness]N'N$šību",
                  "f": {
                    "lang": "akk-x-neoass",
                    "form": "IGI",
                    "cf": "šību",
                    "gw": "witness",
                    "sense": "witness",
                    "norm": "šību",
                    "pos": "N",
                    "epos": "N"
                  }
                },
                {
                  "node": "l",
                  "frag": "{1}se]-eʾ-na-qa-me",
                  "id": "P335222.l02e25",
                  "ref": "P335222.18.2",
                  "inst": "Seʾ-naqami[1]PN$",
                  "sig": "@saao/saa14%akk-x-neoass:{1}se-eʾ-na-qa-me=Seʾ-naqami[1//1]PN'PN$Seʾ-naqami",
                  "f": {
                    "lang": "akk-x-neoass",
                    "form": "{1}se-eʾ-na-qa-me",
                    "cf": "Seʾ-naqami",
                    "gw": "1",
                    "sense": "1",
                    "norm": "Seʾ-naqami",
                    "pos": "PN",
                    "epos": "PN"
                  }
                },
                {
                  "node": "c",
                  "type": "phrase",
                  "tag": "phr",
                  "id": "P335222.U4",
                  "ref": "P335222.ls00000",
                  "cdl": [
                    {
                      "node": "l",
                      "frag": "{lu₂v}GAL-til-li",
                      "id": "P335222.l02e26",
                      "ref": "P335222.18.3",
                      "cof-tails": "P335222.l02e27",
                      "inst": "rabû[big one]N$rab&tillu[appendage]N$tilli",
                      "sig": "@saao/saa14%akk-x-neoass:{LU₂}GAL-til-li=rabû[big one//big one]N'N$rab&&@saao%akk-x-neoass:=tillu[appendage//equipment]N'N$tilli",
                      "f": {
                        "lang": "akk-x-neoass",
                        "form": "{LU₂}GAL-til-li",
                        "cf": "rabû",
                        "gw": "big one",
                        "sense": "big one",
                        "norm": "rab",
                        "pos": "N",
                        "epos": "N"
                      }
                    },
                    {
                      "node": "l",
                      "frag": "{lu₂v}GAL-til-li",
                      "id": "P335222.l02e27",
                      "ref": "P335222.18.3",
                      "cof-head": "P335222.l02e26",
                      "inst": "rabû[big one]N$rab&tillu[appendage]N$tilli",
                      "tail-sig": "@saao%akk-x-neoass:=tillu[appendage//equipment]N'N$tilli",
                      "f": {
                        "lang": "akk-x-neoass",
                        "form": "{LU₂}GAL-til-li",
                        "cf": "tillu",
                        "gw": "appendage",
                        "sense": "equipment",
                        "norm": "tilli",
                        "pos": "N",
                        "epos": "N"
                      }
                    }
                  ]
                },
                {
                  "node": "d",
                  "type": "line-start",
                  "ref": "P335222.19",
                  "n": "6'",
                  "label": "r 6'"
                },
                {
                  "node": "d",
                  "type": "nonw",
                  "ref": ""
                },
                {
                  "node": "l",
                  "frag": "ša",
                  "id": "P335222.l02e28",
                  "ref": "P335222.19.1",
                  "inst": "ša[of]DET",
                  "sig": "@saao/saa14%akk-x-neoass:ša=ša[of//of]DET'DET$ša",
                  "f": {
                    "lang": "akk-x-neoass",
                    "form": "ša",
                    "cf": "ša",
                    "gw": "of",
                    "sense": "of",
                    "norm": "ša",
                    "pos": "DET",
                    "epos": "DET"
                  }
                },
                {
                  "node": "l",
                  "frag": "{lu₂v}tur-ta-nu",
                  "id": "P335222.l02e29",
                  "ref": "P335222.19.2",
                  "inst": "turtānu[commander-in-chief]N",
                  "sig": "@saao/saa14%akk-x-neoass:{LU₂}tur-ta-nu=tartānu[second in command//commander-in-chief]N'N$turtānu",
                  "f": {
                    "lang": "akk-x-neoass",
                    "form": "{LU₂}tur-ta-nu",
                    "cf": "tartānu",
                    "gw": "second in command",
                    "sense": "commander-in-chief",
                    "norm": "turtānu",
                    "pos": "N",
                    "epos": "N"
                  }
                },
                {
                  "node": "d",
                  "type": "line-start",
                  "ref": "P335222.20",
                  "n": "7'",
                  "label": "r 7'"
                },
                {
                  "node": "l",
                  "frag": "⸢IGI⸣",
                  "id": "P335222.l02e2a",
                  "ref": "P335222.20.1",
                  "inst": "šību[witness]N",
                  "sig": "@saao/saa14%akk-x-neoass:IGI=šību[witness//witness]N'N$šību",
                  "f": {
                    "lang": "akk-x-neoass",
                    "form": "IGI",
                    "cf": "šību",
                    "gw": "witness",
                    "sense": "witness",
                    "norm": "šību",
                    "pos": "N",
                    "epos": "N"
                  }
                },
                {
                  "node": "l",
                  "frag": "{1}ab]-di-⸢mil⸣-ki",
                  "id": "P335222.l02e2b",
                  "ref": "P335222.20.2",
                  "inst": "Abdi-Milki[1]PN$",
                  "sig": "@saao/saa14%akk-x-neoass:{1}ab-di-mil-ki=Abdi-Milki[1//1]PN'PN$Abdi-Milki",
                  "f": {
                    "lang": "akk-x-neoass",
                    "form": "{1}ab-di-mil-ki",
                    "cf": "Abdi-Milki",
                    "gw": "1",
                    "sense": "1",
                    "norm": "Abdi-Milki",
                    "pos": "PN",
                    "epos": "PN"
                  }
                },
                {
                  "node": "l",
                  "frag": "DUMU",
                  "id": "P335222.l02e2c",
                  "ref": "P335222.20.3",
                  "inst": "mār[son]N",
                  "sig": "@saao/saa14%akk-x-neoass:DUMU=māru[son//son]N'N$mār",
                  "f": {
                    "lang": "akk-x-neoass",
                    "form": "DUMU",
                    "cf": "māru",
                    "gw": "son",
                    "sense": "son",
                    "norm": "mār",
                    "pos": "N",
                    "epos": "N"
                  }
                },
                {
                  "node": "l",
                  "frag": "{lu₂}EN.NAM",
                  "id": "P335222.l02e2d",
                  "ref": "P335222.20.4",
                  "inst": "pāhiti[governor]N",
                  "sig": "@saao/saa14%akk-x-neoass:{LU₂}EN.NAM=pīhātu[responsibility//governor]N'N$pāhiti",
                  "f": {
                    "lang": "akk-x-neoass",
                    "form": "{LU₂}EN.NAM",
                    "cf": "pīhātu",
                    "gw": "responsibility",
                    "sense": "governor",
                    "norm": "pāhiti",
                    "pos": "N",
                    "epos": "N"
                  }
                },
                {
                  "node": "d",
                  "type": "line-start",
                  "ref": "P335222.21",
                  "n": "8'",
                  "label": "r 8'"
                },
                {
                  "node": "d",
                  "type": "nonw",
                  "ref": ""
                },
                {
                  "node": "l",
                  "frag": "ša",
                  "id": "P335222.l02e2e",
                  "ref": "P335222.21.1",
                  "inst": "ša[of]DET",
                  "sig": "@saao/saa14%akk-x-neoass:ša=ša[of//of]DET'DET$ša",
                  "f": {
                    "lang": "akk-x-neoass",
                    "form": "ša",
                    "cf": "ša",
                    "gw": "of",
                    "sense": "of",
                    "norm": "ša",
                    "pos": "DET",
                    "epos": "DET"
                  }
                },
                {
                  "node": "l",
                  "frag": "{uru}la-hi-ri",
                  "id": "P335222.l02e2f",
                  "ref": "P335222.21.2",
                  "inst": "Lahiri[1]GN",
                  "sig": "@saao/saa14%akk-x-neoass:{URU}la-hi-ri=Lahiru[1//1]GN'GN$Lahiri",
                  "f": {
                    "lang": "akk-x-neoass",
                    "form": "{URU}la-hi-ri",
                    "cf": "Lahiru",
                    "gw": "1",
                    "sense": "1",
                    "norm": "Lahiri",
                    "pos": "GN",
                    "epos": "GN"
                  }
                },
                {
                  "node": "d",
                  "type": "line-start",
                  "ref": "P335222.22",
                  "n": "9'",
                  "label": "r 9'"
                },
                {
                  "node": "l",
                  "frag": "[IGI",
                  "id": "P335222.l02e30",
                  "ref": "P335222.22.1",
                  "inst": "šību[witness]N",
                  "sig": "@saao/saa14%akk-x-neoass:IGI=šību[witness//witness]N'N$šību",
                  "f": {
                    "lang": "akk-x-neoass",
                    "form": "IGI",
                    "cf": "šību",
                    "gw": "witness",
                    "sense": "witness",
                    "norm": "šību",
                    "pos": "N",
                    "epos": "N"
                  }
                },
                {
                  "node": "l",
                  "frag": "{1}x]-sa-me",
                  "id": "P335222.l02e31",
                  "ref": "P335222.22.2",
                  "inst": "u",
                  "f": {
                    "lang": "akk-x-neoass",
                    "form": "{1}x-sa-me",
                    "pos": "u"
                  }
                },
                {
                  "node": "l",
                  "frag": "DUMU",
                  "id": "P335222.l02e32",
                  "ref": "P335222.22.3",
                  "inst": "mār[son]N",
                  "sig": "@saao/saa14%akk-x-neoass:DUMU=māru[son//son]N'N$mār",
                  "f": {
                    "lang": "akk-x-neoass",
                    "form": "DUMU",
                    "cf": "māru",
                    "gw": "son",
                    "sense": "son",
                    "norm": "mār",
                    "pos": "N",
                    "epos": "N"
                  }
                },
                {
                  "node": "l",
                  "frag": "{1}ki-la-ku-u",
                  "id": "P335222.l02e33",
                  "ref": "P335222.22.4",
                  "inst": "Kilaku[1]PN$",
                  "sig": "@saao/saa14%akk-x-neoass:{1}ki-la-ku-u=Kilaku[1//1]PN'PN$Kilaku",
                  "f": {
                    "lang": "akk-x-neoass",
                    "form": "{1}ki-la-ku-u",
                    "cf": "Kilaku",
                    "gw": "1",
                    "sense": "1",
                    "norm": "Kilaku",
                    "pos": "PN",
                    "epos": "PN"
                  }
                },
                {
                  "node": "d",
                  "type": "line-start",
                  "ref": "P335222.23",
                  "n": "10'",
                  "label": "r 10'"
                },
                {
                  "node": "l",
                  "frag": "[IGI",
                  "id": "P335222.l02e34",
                  "ref": "P335222.23.1",
                  "inst": "šību[witness]N",
                  "sig": "@saao/saa14%akk-x-neoass:IGI=šību[witness//witness]N'N$šību",
                  "f": {
                    "lang": "akk-x-neoass",
                    "form": "IGI",
                    "cf": "šību",
                    "gw": "witness",
                    "sense": "witness",
                    "norm": "šību",
                    "pos": "N",
                    "epos": "N"
                  }
                },
                {
                  "node": "l",
                  "frag": "{1}x",
                  "id": "P335222.l02e35",
                  "ref": "P335222.23.2",
                  "inst": "u",
                  "f": {
                    "lang": "akk-x-neoass",
                    "form": "{1}x",
                    "pos": "u"
                  }
                },
                {
                  "node": "l",
                  "frag": "x]-la-a.a",
                  "id": "P335222.l02e36",
                  "ref": "P335222.23.3",
                  "inst": "u",
                  "f": {
                    "lang": "akk-x-neoass",
                    "form": "x-la-a.a",
                    "pos": "u"
                  }
                },
                {
                  "node": "l",
                  "frag": "IGI",
                  "id": "P335222.l02e37",
                  "ref": "P335222.23.4",
                  "inst": "šību[witness]N",
                  "sig": "@saao/saa14%akk-x-neoass:IGI=šību[witness//witness]N'N$šību",
                  "f": {
                    "lang": "akk-x-neoass",
                    "form": "IGI",
                    "cf": "šību",
                    "gw": "witness",
                    "sense": "witness",
                    "norm": "šību",
                    "pos": "N",
                    "epos": "N"
                  }
                },
                {
                  "node": "l",
                  "frag": "{1}⸢tar⸣-di-tu₂-aš-šur",
                  "id": "P335222.l02e38",
                  "ref": "P335222.23.5",
                  "inst": "Tarditu-Aššur[1]PN",
                  "sig": "@saao/saa14%akk-x-neoass:{1}tar-di-tu₂-aš-šur=Tarditu-Aššur[1//1]PN'PN$Tarditu-Aššur",
                  "f": {
                    "lang": "akk-x-neoass",
                    "form": "{1}tar-di-tu₂-aš-šur",
                    "cf": "Tarditu-Aššur",
                    "gw": "1",
                    "sense": "1",
                    "norm": "Tarditu-Aššur",
                    "pos": "PN",
                    "epos": "PN"
                  }
                },
                {
                  "node": "l",
                  "frag": "SAG",
                  "id": "P335222.l02e39",
                  "ref": "P335222.23.6",
                  "inst": "ša-rēši[eunuch]N",
                  "sig": "@saao/saa14%akk-x-neoass:SAG=ša-rēši[eunuch//eunuch]N'N$ša-rēši",
                  "f": {
                    "lang": "akk-x-neoass",
                    "form": "SAG",
                    "cf": "ša-rēši",
                    "gw": "eunuch",
                    "sense": "eunuch",
                    "norm": "ša-rēši",
                    "pos": "N",
                    "epos": "N"
                  }
                },
                {
                  "node": "d",
                  "type": "line-start",
                  "ref": "P335222.24",
                  "n": "11'",
                  "label": "r 11'"
                },
                {
                  "node": "l",
                  "frag": "[IGI",
                  "id": "P335222.l02e3a",
                  "ref": "P335222.24.1",
                  "inst": "šību[witness]N",
                  "sig": "@saao/saa14%akk-x-neoass:IGI=šību[witness//witness]N'N$šību",
                  "f": {
                    "lang": "akk-x-neoass",
                    "form": "IGI",
                    "cf": "šību",
                    "gw": "witness",
                    "sense": "witness",
                    "norm": "šību",
                    "pos": "N",
                    "epos": "N"
                  }
                },
                {
                  "node": "l",
                  "frag": "{1}man-nu]-ki-⸢ERIM⸣",
                  "id": "P335222.l02e3b",
                  "ref": "P335222.24.2",
                  "inst": "Mannu-ki-ṣabi[1]PN$",
                  "sig": "@saao/saa14%akk-x-neoass:{1}man-nu-ki-ERIM=Mannu-ki-ṣabi[1//1]PN'PN$Mannu-ki-ṣabi",
                  "f": {
                    "lang": "akk-x-neoass",
                    "form": "{1}man-nu-ki-ERIM",
                    "cf": "Mannu-ki-ṣabi",
                    "gw": "1",
                    "sense": "1",
                    "norm": "Mannu-ki-ṣabi",
                    "pos": "PN",
                    "epos": "PN"
                  }
                },
                {
                  "node": "l",
                  "frag": "IGI",
                  "id": "P335222.l02e3c",
                  "ref": "P335222.24.3",
                  "inst": "šību[witness]N",
                  "sig": "@saao/saa14%akk-x-neoass:IGI=šību[witness//witness]N'N$šību",
                  "f": {
                    "lang": "akk-x-neoass",
                    "form": "IGI",
                    "cf": "šību",
                    "gw": "witness",
                    "sense": "witness",
                    "norm": "šību",
                    "pos": "N",
                    "epos": "N"
                  }
                },
                {
                  "node": "l",
                  "frag": "{1}ta-ba-li",
                  "id": "P335222.l02e3d",
                  "ref": "P335222.24.4",
                  "inst": "Tabalu[1]PN$Tabali",
                  "sig": "@saao/saa14%akk-x-neoass:{1}ta-ba-li=Tabalu[1//1]PN'PN$Tabali",
                  "f": {
                    "lang": "akk-x-neoass",
                    "form": "{1}ta-ba-li",
                    "cf": "Tabalu",
                    "gw": "1",
                    "sense": "1",
                    "norm": "Tabali",
                    "pos": "PN",
                    "epos": "PN"
                  }
                },
                {
                  "node": "d",
                  "type": "nonx",
                  "ref": "P335222.25",
                  "strict": "0",
                  "extent": "rest",
                  "state": "missing"
                },
                {
                  "node": "d",
                  "subtype": "edge",
                  "type": "edge",
                  "ref": "P335222.e..26",
                  "label": "e."
                },
                {
                  "node": "d",
                  "type": "line-start",
                  "ref": "P335222.27",
                  "n": "1",
                  "label": "e. 1"
                },
                {
                  "node": "l",
                  "frag": "ina",
                  "id": "P335222.l02e3e",
                  "ref": "P335222.27.1",
                  "inst": "ina[in]PRP",
                  "sig": "@saao/saa14%akk-x-neoass:ina=ina[in//in]PRP'PRP$ina",
                  "f": {
                    "lang": "akk-x-neoass",
                    "form": "ina",
                    "cf": "ina",
                    "gw": "in",
                    "sense": "in",
                    "norm": "ina",
                    "pos": "PRP",
                    "epos": "PRP"
                  }
                },
                {
                  "node": "l",
                  "frag": "{iti}AB",
                  "id": "P335222.l02e3f",
                  "ref": "P335222.27.2",
                  "inst": "Ṭebeti[Tebet]MN",
                  "sig": "@saao/saa14%akk-x-neoass:{ITI}AB=Ṭebetu[Tebet//Tebet]MN'MN$Ṭebeti",
                  "f": {
                    "lang": "akk-x-neoass",
                    "form": "{ITI}AB",
                    "cf": "Ṭebetu",
                    "gw": "Tebet",
                    "sense": "Tebet",
                    "norm": "Ṭebeti",
                    "pos": "MN",
                    "epos": "MN"
                  }
                },
                {
                  "node": "l",
                  "frag": "UD",
                  "id": "P335222.l02e40",
                  "ref": "P335222.27.3",
                  "inst": "ūm[day]N",
                  "sig": "@saao/saa14%akk-x-neoass:UD=ūmu[day//day]N'N$ūm",
                  "f": {
                    "lang": "akk-x-neoass",
                    "form": "UD",
                    "cf": "ūmu",
                    "gw": "day",
                    "sense": "day",
                    "norm": "ūm",
                    "pos": "N",
                    "epos": "N"
                  }
                },
                {
                  "node": "l",
                  "frag": "06-[KAM₂]",
                  "id": "P335222.l02e41",
                  "ref": "P335222.27.4",
                  "inst": "n",
                  "f": {
                    "lang": "akk-x-neoass",
                    "form": "06-KAM₂",
                    "pos": "n"
                  }
                },
                {
                  "node": "d",
                  "type": "line-start",
                  "ref": "P335222.28",
                  "n": "2",
                  "label": "e. 2"
                },
                {
                  "node": "l",
                  "frag": "[lim-mu",
                  "id": "P335222.l02e42",
                  "ref": "P335222.28.1",
                  "inst": "limmu[eponym (of year)]N",
                  "sig": "@saao/saa14%akk-x-neoass:lim-mu=līmu[eponym (of year)//eponym (of year)]N'N$limmu",
                  "f": {
                    "lang": "akk-x-neoass",
                    "form": "lim-mu",
                    "cf": "līmu",
                    "gw": "eponym (of year)",
                    "sense": "eponym (of year)",
                    "norm": "limmu",
                    "pos": "N",
                    "epos": "N"
                  }
                },
                {
                  "node": "l",
                  "frag": "{1}{d]}PA-KAL-in-an-ni",
                  "id": "P335222.l02e43",
                  "ref": "P335222.28.2",
                  "inst": "Nabu-daʾʾinanni[1]PN$",
                  "sig": "@saao/saa14%akk-x-neoass:{1}{d}PA-KAL-in-an-ni=Nabu-daʾʾinanni[1//1]PN'PN$Nabu-daʾʾinanni",
                  "f": {
                    "lang": "akk-x-neoass",
                    "form": "{1}{d}PA-KAL-in-an-ni",
                    "cf": "Nabu-daʾʾinanni",
                    "gw": "1",
                    "sense": "1",
                    "norm": "Nabu-daʾʾinanni",
                    "pos": "PN",
                    "epos": "PN"
                  }
                },
                {
                  "node": "l",
                  "frag": "ša",
                  "id": "P335222.l02e44",
                  "ref": "P335222.28.3",
                  "inst": "ša[of]DET",
                  "sig": "@saao/saa14%akk-x-neoass:ša=ša[of//of]DET'DET$ša",
                  "f": {
                    "lang": "akk-x-neoass",
                    "form": "ša",
                    "cf": "ša",
                    "gw": "of",
                    "sense": "of",
                    "norm": "ša",
                    "pos": "DET",
                    "epos": "DET"
                  }
                },
                {
                  "node": "l",
                  "frag": "{uru}qu-[e]",
                  "id": "P335222.l02e45",
                  "ref": "P335222.28.4",
                  "inst": "Que[1]GN$",
                  "sig": "@saao/saa14%akk-x-neoass:{URU}qu-e=Que[1//1]GN'GN$Que",
                  "f": {
                    "lang": "akk-x-neoass",
                    "form": "{URU}qu-e",
                    "cf": "Que",
                    "gw": "1",
                    "sense": "1",
                    "norm": "Que",
                    "pos": "GN",
                    "epos": "GN"
                  }
                }
              ]
            }
          ]
        }
      ]
    },
    {
      "linkbase": [
        {
          "type": "linkset",
          "xlink_title": "rab tilli[chief of equipment//chief of equipment]N'N",
          "id": "P335222.ls00000",
          "xlink_type": "extended",
          "xlink_role": "psu",
          "sig": "{rabû[big one]N tillu[appendage]N += rab tilli[chief of equipment//chief of equipment]N'N}::@saao%akk-x-neoass:{LU₂}GAL-til-li=rabû[big one//big one]N'N$rab++@saao%akk-x-neoass:{LU₂}GAL-til-li=tillu[appendage//equipment]N'N$tilli",
          "links": [
            {
              "type": "link",
              "xlink_title": "rabû",
              "xlink_type": "locator",
              "xlink_href": "#P335222.l02e26",
              "xlink_role": "elt"
            },
            {
              "type": "link",
              "xlink_title": "tillu",
              "xlink_type": "locator",
              "xlink_href": "#P335222.l02e27",
              "xlink_role": "elt"
            }
          ]
        }
      ]
    }
  ]
}
