{
  "type": "cdl",
  "source": "http://oracc.org/saao/saa14",
  "license": "This data is released under the CC0 license",
  "license-url": "https://creativecommons.org/publicdomain/zero/1.0/",
  "more-info": "http://oracc.org/doc/opendata/",
  "UTC-timestamp": "2017-06-10T00:53:37",
  "project": "saao/saa14",
  "textid": "P335311",
  "cdl": [
    {
      "node": "c",
      "type": "text",
      "id": "P335311.U0",
      "cdl": [
        {
          "node": "d",
          "type": "object",
          "ref": ""
        },
        {
          "node": "d",
          "subtype": "obverse",
          "type": "obverse",
          "ref": "P335311.o.1",
          "label": "o"
        },
        {
          "node": "c",
          "type": "discourse",
          "subtype": "body",
          "id": "P335311.U1",
          "cdl": [
            {
              "node": "c",
              "type": "sentence",
              "id": "P335311.U2",
              "label": "o 1 - r 1'",
              "cdl": [
                {
                  "node": "d",
                  "type": "line-start",
                  "ref": "P335311.2",
                  "n": "1",
                  "label": "o 1"
                },
                {
                  "node": "l",
                  "frag": "{na₄}KIŠIB",
                  "id": "P335311.l04d7a",
                  "ref": "P335311.2.1",
                  "inst": "kunukku[seal]N",
                  "sig": "@saao/saa14%akk-x-neoass:{NA₄}KIŠIB=kunukku[seal//seal]N'N$kunukku",
                  "f": {
                    "lang": "akk-x-neoass",
                    "form": "{NA₄}KIŠIB",
                    "cf": "kunukku",
                    "gw": "seal",
                    "sense": "seal",
                    "norm": "kunukku",
                    "pos": "N",
                    "epos": "N"
                  }
                },
                {
                  "node": "l",
                  "frag": "{1}{d}U.GUR-u₂-⸢bal⸣-liṭ-su",
                  "id": "P335311.l04d7b",
                  "ref": "P335311.2.2",
                  "inst": "Nergal-uballissu[1]PN$",
                  "sig": "@saao/saa14%akk-x-neoass:{1}{d}U.GUR-u₂-bal-liṭ-su=Nergal-uballissu[1//1]PN'PN$Nergal-uballissu",
                  "f": {
                    "lang": "akk-x-neoass",
                    "form": "{1}{d}U.GUR-u₂-bal-liṭ-su",
                    "cf": "Nergal-uballissu",
                    "gw": "1",
                    "sense": "1",
                    "norm": "Nergal-uballissu",
                    "pos": "PN",
                    "epos": "PN"
                  }
                },
                {
                  "node": "d",
                  "type": "line-start",
                  "ref": "P335311.3",
                  "n": "2",
                  "label": "o 2"
                },
                {
                  "node": "l",
                  "frag": "{na₄}KIŠIB",
                  "id": "P335311.l04d7c",
                  "ref": "P335311.3.1",
                  "inst": "kunukku[seal]N",
                  "sig": "@saao/saa14%akk-x-neoass:{NA₄}KIŠIB=kunukku[seal//seal]N'N$kunukku",
                  "f": {
                    "lang": "akk-x-neoass",
                    "form": "{NA₄}KIŠIB",
                    "cf": "kunukku",
                    "gw": "seal",
                    "sense": "seal",
                    "norm": "kunukku",
                    "pos": "N",
                    "epos": "N"
                  }
                },
                {
                  "node": "l",
                  "frag": "{1}{d}U.GUR-up-⸢ni⸣-ia",
                  "id": "P335311.l04d7d",
                  "ref": "P335311.3.2",
                  "inst": "Nergal-upniʾa[1]PN$",
                  "sig": "@saao/saa14%akk-x-neoass:{1}{d}U.GUR-up-ni-ia=Nergal-upniʾa[1//1]PN'PN$Nergal-upniʾa",
                  "f": {
                    "lang": "akk-x-neoass",
                    "form": "{1}{d}U.GUR-up-ni-ia",
                    "cf": "Nergal-upniʾa",
                    "gw": "1",
                    "sense": "1",
                    "norm": "Nergal-upniʾa",
                    "pos": "PN",
                    "epos": "PN"
                  }
                },
                {
                  "node": "d",
                  "type": "line-start",
                  "ref": "P335311.4",
                  "n": "3",
                  "label": "o 3"
                },
                {
                  "node": "l",
                  "frag": "[PAB",
                  "id": "P335311.l04d7e",
                  "ref": "P335311.4.1",
                  "inst": "gimru[total]N",
                  "sig": "@saao/saa14%akk-x-neoass:PAB=gimru[totality//total]N'N$gimru",
                  "f": {
                    "lang": "akk-x-neoass",
                    "form": "PAB",
                    "cf": "gimru",
                    "gw": "totality",
                    "sense": "total",
                    "norm": "gimru",
                    "pos": "N",
                    "epos": "N"
                  }
                },
                {
                  "node": "l",
                  "frag": "02",
                  "id": "P335311.l04d7f",
                  "ref": "P335311.4.2",
                  "inst": "n",
                  "f": {
                    "lang": "akk-x-neoass",
                    "form": "02",
                    "pos": "n"
                  }
                },
                {
                  "node": "l",
                  "frag": "LU₂-MEŠ-⸢e⸣",
                  "id": "P335311.l04d80",
                  "ref": "P335311.4.3",
                  "inst": "amēlē[man]N",
                  "sig": "@saao/saa14%akk-x-neoass:LU₂-MEŠ-e=awīlu[man//man]N'N$amēlē",
                  "f": {
                    "lang": "akk-x-neoass",
                    "form": "LU₂-MEŠ-e",
                    "cf": "awīlu",
                    "gw": "man",
                    "sense": "man",
                    "norm": "amēlē",
                    "pos": "N",
                    "epos": "N"
                  }
                },
                {
                  "node": "l",
                  "frag": "[A",
                  "id": "P335311.l04d81",
                  "ref": "P335311.4.4",
                  "inst": "mār[son]N",
                  "sig": "@saao/saa14%akk-x-neoass:A=māru[son//son]N'N$mār",
                  "f": {
                    "lang": "akk-x-neoass",
                    "form": "A",
                    "cf": "māru",
                    "gw": "son",
                    "sense": "son",
                    "norm": "mār",
                    "pos": "N",
                    "epos": "N"
                  }
                },
                {
                  "node": "l",
                  "frag": "{1}x",
                  "id": "P335311.l04d82",
                  "ref": "P335311.4.5",
                  "inst": "u",
                  "f": {
                    "lang": "akk-x-neoass",
                    "form": "{1}x",
                    "pos": "u"
                  }
                },
                {
                  "node": "l",
                  "frag": "x",
                  "id": "P335311.l04d83",
                  "ref": "P335311.4.6",
                  "inst": "u",
                  "f": {
                    "lang": "akk-x-neoass",
                    "form": "x",
                    "pos": "u"
                  }
                },
                {
                  "node": "l",
                  "frag": "x]-MEŠ-šu₂",
                  "id": "P335311.l04d84",
                  "ref": "P335311.4.7",
                  "inst": "u",
                  "f": {
                    "lang": "akk-x-neoass",
                    "form": "x-MEŠ-šu₂",
                    "pos": "u"
                  }
                },
                {
                  "node": "d",
                  "type": "line-start",
                  "ref": "P335311.5",
                  "n": "4",
                  "label": "o 4"
                },
                {
                  "node": "l",
                  "frag": "{[lu₂]}I₃.DU₈",
                  "id": "P335311.l04d85",
                  "ref": "P335311.5.1",
                  "inst": "atû[gatekeeper]N",
                  "sig": "@saao/saa14%akk-x-neoass:{LU₂}I₃.DU₈=atû[gatekeeper//gatekeeper]N'N$atû",
                  "f": {
                    "lang": "akk-x-neoass",
                    "form": "{LU₂}I₃.DU₈",
                    "cf": "atû",
                    "gw": "gatekeeper",
                    "sense": "gatekeeper",
                    "norm": "atû",
                    "pos": "N",
                    "epos": "N"
                  }
                },
                {
                  "node": "l",
                  "frag": "ša₂",
                  "id": "P335311.l04d86",
                  "ref": "P335311.5.2",
                  "inst": "ša[of]DET",
                  "sig": "@saao/saa14%akk-x-neoass:ša₂=ša[of//of]DET'DET$ša",
                  "f": {
                    "lang": "akk-x-neoass",
                    "form": "ša₂",
                    "cf": "ša",
                    "gw": "of",
                    "sense": "of",
                    "norm": "ša",
                    "pos": "DET",
                    "epos": "DET"
                  }
                },
                {
                  "node": "l",
                  "frag": "[x",
                  "id": "P335311.l04d87",
                  "ref": "P335311.5.3",
                  "inst": "u",
                  "f": {
                    "lang": "akk-x-neoass",
                    "form": "x",
                    "pos": "u"
                  }
                },
                {
                  "node": "l",
                  "frag": "x",
                  "id": "P335311.l04d88",
                  "ref": "P335311.5.4",
                  "inst": "u",
                  "f": {
                    "lang": "akk-x-neoass",
                    "form": "x",
                    "pos": "u"
                  }
                },
                {
                  "node": "l",
                  "frag": "x",
                  "id": "P335311.l04d89",
                  "ref": "P335311.5.5",
                  "inst": "u",
                  "f": {
                    "lang": "akk-x-neoass",
                    "form": "x",
                    "pos": "u"
                  }
                },
                {
                  "node": "l",
                  "frag": "x",
                  "id": "P335311.l04d8a",
                  "ref": "P335311.5.6",
                  "inst": "u",
                  "f": {
                    "lang": "akk-x-neoass",
                    "form": "x",
                    "pos": "u"
                  }
                },
                {
                  "node": "l",
                  "frag": "x",
                  "id": "P335311.l04d8b",
                  "ref": "P335311.5.7",
                  "inst": "u",
                  "f": {
                    "lang": "akk-x-neoass",
                    "form": "x",
                    "pos": "u"
                  }
                },
                {
                  "node": "l",
                  "frag": "x]",
                  "id": "P335311.l04d8c",
                  "ref": "P335311.5.8",
                  "inst": "u",
                  "f": {
                    "lang": "akk-x-neoass",
                    "form": "x",
                    "pos": "u"
                  }
                },
                {
                  "node": "l",
                  "frag": "⸢URU⸣",
                  "id": "P335311.l04d8d",
                  "ref": "P335311.5.9",
                  "inst": "āli[town]N",
                  "sig": "@saao/saa14%akk-x-neoass:URU=ālu[city//town]N'N$āli",
                  "f": {
                    "lang": "akk-x-neoass",
                    "form": "URU",
                    "cf": "ālu",
                    "gw": "city",
                    "sense": "town",
                    "norm": "āli",
                    "pos": "N",
                    "epos": "N"
                  }
                },
                {
                  "node": "d",
                  "type": "line-start",
                  "ref": "P335311.6",
                  "n": "5",
                  "label": "o 5"
                },
                {
                  "node": "l",
                  "frag": "[EN]",
                  "id": "P335311.l04d8e",
                  "ref": "P335311.6.1",
                  "inst": "bēl[owner]N",
                  "sig": "@saao/saa14%akk-x-neoass:EN=bēlu[lord//owner]N'N$bēl",
                  "f": {
                    "lang": "akk-x-neoass",
                    "form": "EN",
                    "cf": "bēlu",
                    "gw": "lord",
                    "sense": "owner",
                    "norm": "bēl",
                    "pos": "N",
                    "epos": "N"
                  }
                },
                {
                  "node": "l",
                  "frag": "{giš}SAR",
                  "id": "P335311.l04d8f",
                  "ref": "P335311.6.2",
                  "inst": "kirie[garden]N",
                  "sig": "@saao/saa14%akk-x-neoass:{GIŠ}SAR=kirû[garden//garden]N'N$kirie",
                  "f": {
                    "lang": "akk-x-neoass",
                    "form": "{GIŠ}SAR",
                    "cf": "kirû",
                    "gw": "garden",
                    "sense": "garden",
                    "norm": "kirie",
                    "pos": "N",
                    "epos": "N"
                  }
                },
                {
                  "node": "l",
                  "frag": "ša₂",
                  "id": "P335311.l04d90",
                  "ref": "P335311.6.3",
                  "inst": "ša[of]DET",
                  "sig": "@saao/saa14%akk-x-neoass:ša₂=ša[of//of]DET'DET$ša",
                  "f": {
                    "lang": "akk-x-neoass",
                    "form": "ša₂",
                    "cf": "ša",
                    "gw": "of",
                    "sense": "of",
                    "norm": "ša",
                    "pos": "DET",
                    "epos": "DET"
                  }
                },
                {
                  "node": "l",
                  "frag": "{⸢u₂⸣}[SAR",
                  "id": "P335311.l04d91",
                  "ref": "P335311.6.4",
                  "inst": "urqi[vegetable]'N",
                  "sig": "@saao/saa14%akk-x-neoass:{U₂}SAR=arqu[green//vegetable]AJ'N$urqi",
                  "f": {
                    "lang": "akk-x-neoass",
                    "form": "{U₂}SAR",
                    "cf": "arqu",
                    "gw": "green",
                    "sense": "vegetable",
                    "norm": "urqi",
                    "pos": "AJ",
                    "epos": "N"
                  }
                },
                {
                  "node": "l",
                  "frag": "x",
                  "id": "P335311.l04d92",
                  "ref": "P335311.6.5",
                  "inst": "u",
                  "f": {
                    "lang": "akk-x-neoass",
                    "form": "x",
                    "pos": "u"
                  }
                },
                {
                  "node": "l",
                  "frag": "x",
                  "id": "P335311.l04d93",
                  "ref": "P335311.6.6",
                  "inst": "u",
                  "f": {
                    "lang": "akk-x-neoass",
                    "form": "x",
                    "pos": "u"
                  }
                },
                {
                  "node": "l",
                  "frag": "x",
                  "id": "P335311.l04d94",
                  "ref": "P335311.6.7",
                  "inst": "u",
                  "f": {
                    "lang": "akk-x-neoass",
                    "form": "x",
                    "pos": "u"
                  }
                },
                {
                  "node": "l",
                  "frag": "x",
                  "id": "P335311.l04d95",
                  "ref": "P335311.6.8",
                  "inst": "u",
                  "f": {
                    "lang": "akk-x-neoass",
                    "form": "x",
                    "pos": "u"
                  }
                },
                {
                  "node": "l",
                  "frag": "SUM]-⸢ni⸣",
                  "id": "P335311.l04d96",
                  "ref": "P335311.6.9",
                  "inst": "tadni[sold]AJ",
                  "sig": "@saao/saa14%akk-x-neoass:SUM-ni=tadnu[given//sold]AJ'AJ$tadni",
                  "f": {
                    "lang": "akk-x-neoass",
                    "form": "SUM-ni",
                    "cf": "tadnu",
                    "gw": "given",
                    "sense": "sold",
                    "norm": "tadni",
                    "pos": "AJ",
                    "epos": "AJ"
                  }
                },
                {
                  "node": "d",
                  "type": "nonx",
                  "ref": "P335311.7",
                  "strict": "1",
                  "extent": "n",
                  "scope": "line",
                  "state": "ruling"
                },
                {
                  "node": "d",
                  "type": "nonx",
                  "ref": "P335311.8",
                  "strict": "0",
                  "extent": "n",
                  "scope": "impression",
                  "state": "other"
                },
                {
                  "node": "d",
                  "type": "nonx",
                  "ref": "P335311.9",
                  "strict": "0",
                  "extent": "rest",
                  "state": "missing"
                },
                {
                  "node": "d",
                  "subtype": "reverse",
                  "type": "reverse",
                  "ref": "P335311.r.10",
                  "label": "r"
                },
                {
                  "node": "d",
                  "type": "nonx",
                  "ref": "P335311.11",
                  "strict": "0",
                  "extent": "beginning",
                  "state": "missing"
                },
                {
                  "node": "d",
                  "type": "line-start",
                  "ref": "P335311.12",
                  "n": "1'",
                  "label": "r 1'"
                },
                {
                  "node": "l",
                  "frag": "[IGI",
                  "id": "P335311.l04d97",
                  "ref": "P335311.12.1",
                  "inst": "šību[witness]N",
                  "sig": "@saao/saa14%akk-x-neoass:IGI=šību[witness//witness]N'N$šību",
                  "f": {
                    "lang": "akk-x-neoass",
                    "form": "IGI",
                    "cf": "šību",
                    "gw": "witness",
                    "sense": "witness",
                    "norm": "šību",
                    "pos": "N",
                    "epos": "N"
                  }
                },
                {
                  "node": "l",
                  "frag": "{1}{⸢d⸣}PA-še-zib",
                  "id": "P335311.l04d98",
                  "ref": "P335311.12.2",
                  "inst": "Nabu-šezib[1]PN",
                  "sig": "@saao/saa14%akk-x-neoass:{1}{d}PA-še-zib=Nabu-šezib[1//1]PN'PN$Nabu-šezib",
                  "f": {
                    "lang": "akk-x-neoass",
                    "form": "{1}{d}PA-še-zib",
                    "cf": "Nabu-šezib",
                    "gw": "1",
                    "sense": "1",
                    "norm": "Nabu-šezib",
                    "pos": "PN",
                    "epos": "PN"
                  }
                },
                {
                  "node": "l",
                  "frag": "{lu₂}[x",
                  "id": "P335311.l04d99",
                  "ref": "P335311.12.3",
                  "inst": "u",
                  "f": {
                    "lang": "akk-x-neoass",
                    "form": "{LU₂}x",
                    "pos": "u"
                  }
                },
                {
                  "node": "l",
                  "frag": "x",
                  "id": "P335311.l04d9a",
                  "ref": "P335311.12.4",
                  "inst": "u",
                  "f": {
                    "lang": "akk-x-neoass",
                    "form": "x",
                    "pos": "u"
                  }
                },
                {
                  "node": "l",
                  "frag": "x",
                  "id": "P335311.l04d9b",
                  "ref": "P335311.12.5",
                  "inst": "u",
                  "f": {
                    "lang": "akk-x-neoass",
                    "form": "x",
                    "pos": "u"
                  }
                },
                {
                  "node": "l",
                  "frag": "x",
                  "id": "P335311.l04d9c",
                  "ref": "P335311.12.6",
                  "inst": "u",
                  "f": {
                    "lang": "akk-x-neoass",
                    "form": "x",
                    "pos": "u"
                  }
                },
                {
                  "node": "l",
                  "frag": "x]",
                  "id": "P335311.l04d9d",
                  "ref": "P335311.12.7",
                  "inst": "u",
                  "f": {
                    "lang": "akk-x-neoass",
                    "form": "x",
                    "pos": "u"
                  }
                },
                {
                  "node": "d",
                  "type": "nonx",
                  "ref": "P335311.13",
                  "strict": "0",
                  "extent": "rest",
                  "scope": "line",
                  "state": "blank"
                }
              ]
            }
          ]
        }
      ]
    }
  ]
}
