{
  "type": "cdl",
  "source": "http://oracc.org/saao/saa14",
  "license": "This data is released under the CC0 license",
  "license-url": "https://creativecommons.org/publicdomain/zero/1.0/",
  "more-info": "http://oracc.org/doc/opendata/",
  "UTC-timestamp": "2017-06-10T00:53:13",
  "project": "saao/saa14",
  "textid": "P336745",
  "cdl": [
    {
      "node": "c",
      "type": "text",
      "id": "P336745.U0",
      "cdl": [
        {
          "node": "d",
          "type": "object",
          "ref": ""
        },
        {
          "node": "d",
          "subtype": "obverse",
          "type": "obverse",
          "ref": "P336745.o.1",
          "label": "o"
        },
        {
          "node": "d",
          "type": "nonx",
          "ref": "P336745.2",
          "strict": "0",
          "extent": "beginning",
          "state": "missing"
        },
        {
          "node": "c",
          "type": "discourse",
          "subtype": "body",
          "id": "P336745.U1",
          "cdl": [
            {
              "node": "c",
              "type": "sentence",
              "id": "P336745.U2",
              "label": "o 1' - r 7'",
              "cdl": [
                {
                  "node": "d",
                  "type": "line-start",
                  "ref": "P336745.3",
                  "n": "1'",
                  "label": "o 1'"
                },
                {
                  "node": "c",
                  "type": "phrase",
                  "tag": "phr",
                  "id": "P336745.U4",
                  "ref": "P336745.ls00000",
                  "cdl": [
                    {
                      "node": "l",
                      "frag": "[ina",
                      "id": "P336745.l06e63",
                      "ref": "P336745.3.1",
                      "inst": "ina[in+=for]PRP",
                      "sig": "@saao/saa14%akk-x-neoass:ina=ina[in//in]PRP'PRP$ina",
                      "f": {
                        "lang": "akk-x-neoass",
                        "form": "ina",
                        "cf": "ina",
                        "gw": "in",
                        "sense": "in",
                        "norm": "ina",
                        "pos": "PRP",
                        "epos": "PRP"
                      }
                    },
                    {
                      "node": "l",
                      "frag": "ŠA₃",
                      "id": "P336745.l06e64",
                      "ref": "P336745.3.2",
                      "inst": "libbi[interior]N",
                      "sig": "@saao/saa14%akk-x-neoass:ŠA₃=libbu[interior//interior]N'N$libbi",
                      "f": {
                        "lang": "akk-x-neoass",
                        "form": "ŠA₃",
                        "cf": "libbu",
                        "gw": "interior",
                        "sense": "interior",
                        "norm": "libbi",
                        "pos": "N",
                        "epos": "N"
                      }
                    }
                  ]
                },
                {
                  "node": "l",
                  "frag": "x",
                  "id": "P336745.l06e65",
                  "ref": "P336745.3.3",
                  "inst": "u",
                  "f": {
                    "lang": "akk-x-neoass",
                    "form": "x",
                    "pos": "u"
                  }
                },
                {
                  "node": "l",
                  "frag": "MA.NA",
                  "id": "P336745.l06e66",
                  "ref": "P336745.3.4",
                  "inst": "manê[a unit of weight]N",
                  "sig": "@saao/saa14%akk-x-neoass:MA.NA=manû[unit//a unit of weight]N'N$manê",
                  "f": {
                    "lang": "akk-x-neoass",
                    "form": "MA.NA",
                    "cf": "manû",
                    "gw": "unit",
                    "sense": "a unit of weight",
                    "norm": "manê",
                    "pos": "N",
                    "epos": "N"
                  }
                },
                {
                  "node": "l",
                  "frag": "KUG.UD",
                  "id": "P336745.l06e67",
                  "ref": "P336745.3.5",
                  "inst": "ṣarpu[silver]N",
                  "sig": "@saao/saa14%akk-x-neoass:KUG.UD=ṣarpu[silver//silver]N'N$ṣarpi",
                  "f": {
                    "lang": "akk-x-neoass",
                    "form": "KUG.UD",
                    "cf": "ṣarpu",
                    "gw": "silver",
                    "sense": "silver",
                    "norm": "ṣarpi",
                    "pos": "N",
                    "epos": "N"
                  }
                },
                {
                  "node": "l",
                  "frag": "ina]",
                  "id": "P336745.l06e68",
                  "ref": "P336745.3.6",
                  "inst": "ina[by]PRP",
                  "sig": "@saao/saa14%akk-x-neoass:ina=ina[in//by]PRP'PRP$ina",
                  "f": {
                    "lang": "akk-x-neoass",
                    "form": "ina",
                    "cf": "ina",
                    "gw": "in",
                    "sense": "by",
                    "norm": "ina",
                    "pos": "PRP",
                    "epos": "PRP"
                  }
                },
                {
                  "node": "l",
                  "frag": "⸢ša⸣",
                  "id": "P336745.l06e69",
                  "ref": "P336745.3.7",
                  "inst": "ša[of]DET",
                  "sig": "@saao/saa14%akk-x-neoass:ša=ša[of//of]DET'DET$ša",
                  "f": {
                    "lang": "akk-x-neoass",
                    "form": "ša",
                    "cf": "ša",
                    "gw": "of",
                    "sense": "of",
                    "norm": "ša",
                    "pos": "DET",
                    "epos": "DET"
                  }
                },
                {
                  "node": "l",
                  "frag": "MAN",
                  "id": "P336745.l06e6a",
                  "ref": "P336745.3.8",
                  "inst": "šarri[king]N",
                  "sig": "@saao/saa14%akk-x-neoass:MAN=šarru[king//king]N'N$šarri",
                  "f": {
                    "lang": "akk-x-neoass",
                    "form": "MAN",
                    "cf": "šarru",
                    "gw": "king",
                    "sense": "king",
                    "norm": "šarri",
                    "pos": "N",
                    "epos": "N"
                  }
                },
                {
                  "node": "d",
                  "type": "line-start",
                  "ref": "P336745.4",
                  "n": "2'",
                  "label": "o 2'"
                },
                {
                  "node": "c",
                  "type": "phrase",
                  "tag": "phr",
                  "id": "P336745.U5",
                  "ref": "P336745.ls00001",
                  "cdl": [
                    {
                      "node": "l",
                      "frag": "[TA",
                      "id": "P336745.l06e6b",
                      "ref": "P336745.4.1",
                      "inst": "issu[from+=from]PRP",
                      "sig": "@saao/saa14%akk-x-neoass:TA=ištu[from//from]PRP'PRP$issu",
                      "f": {
                        "lang": "akk-x-neoass",
                        "form": "TA",
                        "cf": "ištu",
                        "gw": "from",
                        "sense": "from",
                        "norm": "issu",
                        "pos": "PRP",
                        "epos": "PRP"
                      }
                    },
                    {
                      "node": "l",
                      "frag": "IGI",
                      "id": "P336745.l06e6c",
                      "ref": "P336745.4.2",
                      "inst": "pān[front]N",
                      "sig": "@saao/saa14%akk-x-neoass:IGI=pānu[front//front]N'N$pān",
                      "f": {
                        "lang": "akk-x-neoass",
                        "form": "IGI",
                        "cf": "pānu",
                        "gw": "front",
                        "sense": "front",
                        "norm": "pān",
                        "pos": "N",
                        "epos": "N"
                      }
                    }
                  ]
                },
                {
                  "node": "l",
                  "frag": "LU₂-MEŠ-e",
                  "id": "P336745.l06e6d",
                  "ref": "P336745.4.3",
                  "inst": "amēlē[man]N",
                  "sig": "@saao/saa14%akk-x-neoass:LU₂-MEŠ-e=awīlu[man//man]N'N$amēlē",
                  "f": {
                    "lang": "akk-x-neoass",
                    "form": "LU₂-MEŠ-e",
                    "cf": "awīlu",
                    "gw": "man",
                    "sense": "man",
                    "norm": "amēlē",
                    "pos": "N",
                    "epos": "N"
                  }
                },
                {
                  "node": "l",
                  "frag": "an]-nu-ti",
                  "id": "P336745.l06e6e",
                  "ref": "P336745.4.4",
                  "inst": "annūti[this]DP",
                  "sig": "@saao/saa14%akk-x-neoass:an-nu-ti=annû[this//this]DP'DP$annūti",
                  "f": {
                    "lang": "akk-x-neoass",
                    "form": "an-nu-ti",
                    "cf": "annû",
                    "gw": "this",
                    "sense": "this",
                    "norm": "annūti",
                    "pos": "DP",
                    "epos": "DP"
                  }
                },
                {
                  "node": "l",
                  "frag": "il-qi",
                  "id": "P336745.l06e6f",
                  "ref": "P336745.4.5",
                  "inst": "ilqi[purchase]V",
                  "sig": "@saao/saa14%akk-x-neoass:il-qi=leqû[take//purchase]V'V$ilqi",
                  "f": {
                    "lang": "akk-x-neoass",
                    "form": "il-qi",
                    "cf": "leqû",
                    "gw": "take",
                    "sense": "purchase",
                    "norm": "ilqi",
                    "pos": "V",
                    "epos": "V"
                  }
                },
                {
                  "node": "d",
                  "type": "line-start",
                  "ref": "P336745.5",
                  "n": "3'",
                  "label": "o 3'"
                },
                {
                  "node": "l",
                  "frag": "[kas-pu",
                  "id": "P336745.l06e70",
                  "ref": "P336745.5.1",
                  "inst": "kaspu[money]N",
                  "sig": "@saao/saa14%akk-x-neoass:kas-pu=kaspu[silver//money]N'N$kaspu",
                  "f": {
                    "lang": "akk-x-neoass",
                    "form": "kas-pu",
                    "cf": "kaspu",
                    "gw": "silver",
                    "sense": "money",
                    "norm": "kaspu",
                    "pos": "N",
                    "epos": "N"
                  }
                },
                {
                  "node": "l",
                  "frag": "gam-mur]",
                  "id": "P336745.l06e71",
                  "ref": "P336745.5.2",
                  "inst": "gammur[completed]AJ",
                  "sig": "@saao/saa14%akk-x-neoass:gam-mur=gammuru[finished//completed]AJ'AJ$gammur",
                  "f": {
                    "lang": "akk-x-neoass",
                    "form": "gam-mur",
                    "cf": "gammuru",
                    "gw": "finished",
                    "sense": "completed",
                    "norm": "gammur",
                    "pos": "AJ",
                    "epos": "AJ"
                  }
                },
                {
                  "node": "l",
                  "frag": "⸢ta⸣-din",
                  "id": "P336745.l06e72",
                  "ref": "P336745.5.3",
                  "inst": "tadin[paid]AJ",
                  "sig": "@saao/saa14%akk-x-neoass:ta-din=tadnu[given//paid]AJ'AJ$tadin",
                  "f": {
                    "lang": "akk-x-neoass",
                    "form": "ta-din",
                    "cf": "tadnu",
                    "gw": "given",
                    "sense": "paid",
                    "norm": "tadin",
                    "pos": "AJ",
                    "epos": "AJ"
                  }
                },
                {
                  "node": "l",
                  "frag": "E₂",
                  "id": "P336745.l06e73",
                  "ref": "P336745.5.4",
                  "inst": "bētu[house]N",
                  "sig": "@saao/saa14%akk-x-neoass:E₂=bītu[house//house]N'N$bētu",
                  "f": {
                    "lang": "akk-x-neoass",
                    "form": "E₂",
                    "cf": "bītu",
                    "gw": "house",
                    "sense": "house",
                    "norm": "bētu",
                    "pos": "N",
                    "epos": "N"
                  }
                },
                {
                  "node": "l",
                  "frag": "{giš}SAR",
                  "id": "P336745.l06e74",
                  "ref": "P336745.5.5",
                  "inst": "kiriu[garden]N",
                  "sig": "@saao/saa14%akk-x-neoass:{GIŠ}SAR=kirû[garden//garden]N'N$kiriu",
                  "f": {
                    "lang": "akk-x-neoass",
                    "form": "{GIŠ}SAR",
                    "cf": "kirû",
                    "gw": "garden",
                    "sense": "garden",
                    "norm": "kiriu",
                    "pos": "N",
                    "epos": "N"
                  }
                },
                {
                  "node": "d",
                  "type": "line-start",
                  "ref": "P336745.6",
                  "n": "4'",
                  "label": "o 4'"
                },
                {
                  "node": "l",
                  "frag": "[A.ŠA₃",
                  "id": "P336745.l06e75",
                  "ref": "P336745.6.1",
                  "inst": "eqlu[field]N",
                  "sig": "@saao/saa14%akk-x-neoass:A.ŠA₃=eqlu[field//field]N'N$eqlu",
                  "f": {
                    "lang": "akk-x-neoass",
                    "form": "A.ŠA₃",
                    "cf": "eqlu",
                    "gw": "field",
                    "sense": "field",
                    "norm": "eqlu",
                    "pos": "N",
                    "epos": "N"
                  }
                },
                {
                  "node": "l",
                  "frag": "UN-MEŠ",
                  "id": "P336745.l06e76",
                  "ref": "P336745.6.2",
                  "inst": "nišē[people]N",
                  "sig": "@saao/saa14%akk-x-neoass:UN-MEŠ=nišu[people//people]N'N$nišē",
                  "f": {
                    "lang": "akk-x-neoass",
                    "form": "UN-MEŠ",
                    "cf": "nišu",
                    "gw": "people",
                    "sense": "people",
                    "norm": "nišē",
                    "pos": "N",
                    "epos": "N"
                  }
                },
                {
                  "node": "l",
                  "frag": "zar-pu]",
                  "id": "P336745.l06e77",
                  "ref": "P336745.6.3",
                  "inst": "zarpu[purchased]AJ",
                  "sig": "@saao/saa14%akk-x-neoass:zar-pu=zarpu[purchased//purchased]AJ'AJ$zarpu",
                  "f": {
                    "lang": "akk-x-neoass",
                    "form": "zar-pu",
                    "cf": "zarpu",
                    "gw": "purchased",
                    "sense": "purchased",
                    "norm": "zarpu",
                    "pos": "AJ",
                    "epos": "AJ"
                  }
                },
                {
                  "node": "l",
                  "frag": "⸢la⸣-qi-u",
                  "id": "P336745.l06e78",
                  "ref": "P336745.6.4",
                  "inst": "laqiu[acquired]AJ",
                  "sig": "@saao/saa14%akk-x-neoass:la-qi-u=leqû[taken//acquired]AJ'AJ$laqiu",
                  "f": {
                    "lang": "akk-x-neoass",
                    "form": "la-qi-u",
                    "cf": "leqû",
                    "gw": "taken",
                    "sense": "acquired",
                    "norm": "laqiu",
                    "pos": "AJ",
                    "epos": "AJ"
                  }
                },
                {
                  "node": "l",
                  "frag": "tu-a-ru",
                  "id": "P336745.l06e79",
                  "ref": "P336745.6.5",
                  "inst": "tuāru[revocation]'N",
                  "sig": "@saao/saa14%akk-x-neoass:tu-a-ru=târu[turn//revocation]V'N$tuāru",
                  "f": {
                    "lang": "akk-x-neoass",
                    "form": "tu-a-ru",
                    "cf": "târu",
                    "gw": "turn",
                    "sense": "revocation",
                    "norm": "tuāru",
                    "pos": "V",
                    "epos": "N"
                  }
                },
                {
                  "node": "d",
                  "type": "line-start",
                  "ref": "P336745.7",
                  "n": "5'",
                  "label": "o 5'"
                },
                {
                  "node": "l",
                  "frag": "[de-nu",
                  "id": "P336745.l06e7a",
                  "ref": "P336745.7.1",
                  "inst": "dēnu[lawsuit]N",
                  "sig": "@saao/saa14%akk-x-neoass:de-nu=dīnu[legal decision//lawsuit]N'N$dēnu",
                  "f": {
                    "lang": "akk-x-neoass",
                    "form": "de-nu",
                    "cf": "dīnu",
                    "gw": "legal decision",
                    "sense": "lawsuit",
                    "norm": "dēnu",
                    "pos": "N",
                    "epos": "N"
                  }
                },
                {
                  "node": "l",
                  "frag": "DUG₄.DUG₄",
                  "id": "P336745.l06e7b",
                  "ref": "P336745.7.2",
                  "inst": "dabābu[litigation]'N",
                  "sig": "@saao/saa14%akk-x-neoass:DUG₄.DUG₄=dabābu[speak//litigation]V'N$dabābu",
                  "f": {
                    "lang": "akk-x-neoass",
                    "form": "DUG₄.DUG₄",
                    "cf": "dabābu",
                    "gw": "speak",
                    "sense": "litigation",
                    "norm": "dabābu",
                    "pos": "V",
                    "epos": "N"
                  }
                },
                {
                  "node": "l",
                  "frag": "la-aš₂]-šu₂",
                  "id": "P336745.l06e7c",
                  "ref": "P336745.7.3",
                  "inst": "laššu[(there) is not]V",
                  "sig": "@saao/saa14%akk-x-neoass:la-aš₂-šu₂=laššu[(there) is not//(there) is not]V'V$laššu",
                  "f": {
                    "lang": "akk-x-neoass",
                    "form": "la-aš₂-šu₂",
                    "cf": "laššu",
                    "gw": "(there) is not",
                    "sense": "(there) is not",
                    "norm": "laššu",
                    "pos": "V",
                    "epos": "V"
                  }
                },
                {
                  "node": "l",
                  "frag": "man-nu",
                  "id": "P336745.l06e7d",
                  "ref": "P336745.7.4",
                  "inst": "mannu[whoever]'XP",
                  "sig": "@saao/saa14%akk-x-neoass:man-nu=mannu[who?//whoever]QP'XP$mannu",
                  "f": {
                    "lang": "akk-x-neoass",
                    "form": "man-nu",
                    "cf": "mannu",
                    "gw": "who?",
                    "sense": "whoever",
                    "norm": "mannu",
                    "pos": "QP",
                    "epos": "XP"
                  }
                },
                {
                  "node": "l",
                  "frag": "ša₂",
                  "id": "P336745.l06e7e",
                  "ref": "P336745.7.5",
                  "inst": "ša[that]REL",
                  "sig": "@saao/saa14%akk-x-neoass:ša₂=ša[that//that]REL'REL$ša",
                  "f": {
                    "lang": "akk-x-neoass",
                    "form": "ša₂",
                    "cf": "ša",
                    "gw": "that",
                    "sense": "that",
                    "norm": "ša",
                    "pos": "REL",
                    "epos": "REL"
                  }
                },
                {
                  "node": "l",
                  "frag": "i-GIL-u-ni",
                  "id": "P336745.l06e7f",
                  "ref": "P336745.7.6",
                  "inst": "iparrakūni[contravene]V",
                  "sig": "@saao/saa14%akk-x-neoass:i-GIL-u-ni=parāku[lie across//contravene]V'V$iparrakūni",
                  "f": {
                    "lang": "akk-x-neoass",
                    "form": "i-GIL-u-ni",
                    "cf": "parāku",
                    "gw": "lie across",
                    "sense": "contravene",
                    "norm": "iparrakūni",
                    "pos": "V",
                    "epos": "V"
                  }
                },
                {
                  "node": "d",
                  "type": "line-start",
                  "ref": "P336745.8",
                  "n": "6'",
                  "label": "o 6'"
                },
                {
                  "node": "l",
                  "frag": "[x",
                  "id": "P336745.l06e80",
                  "ref": "P336745.8.1",
                  "inst": "u",
                  "f": {
                    "lang": "akk-x-neoass",
                    "form": "x",
                    "pos": "u"
                  }
                },
                {
                  "node": "l",
                  "frag": "x",
                  "id": "P336745.l06e81",
                  "ref": "P336745.8.2",
                  "inst": "u",
                  "f": {
                    "lang": "akk-x-neoass",
                    "form": "x",
                    "pos": "u"
                  }
                },
                {
                  "node": "l",
                  "frag": "x",
                  "id": "P336745.l06e82",
                  "ref": "P336745.8.3",
                  "inst": "u",
                  "f": {
                    "lang": "akk-x-neoass",
                    "form": "x",
                    "pos": "u"
                  }
                },
                {
                  "node": "l",
                  "frag": "x",
                  "id": "P336745.l06e83",
                  "ref": "P336745.8.4",
                  "inst": "u",
                  "f": {
                    "lang": "akk-x-neoass",
                    "form": "x",
                    "pos": "u"
                  }
                },
                {
                  "node": "l",
                  "frag": "x",
                  "id": "P336745.l06e84",
                  "ref": "P336745.8.5",
                  "inst": "u",
                  "f": {
                    "lang": "akk-x-neoass",
                    "form": "x",
                    "pos": "u"
                  }
                },
                {
                  "node": "l",
                  "frag": "x]",
                  "id": "P336745.l06e85",
                  "ref": "P336745.8.6",
                  "inst": "u",
                  "f": {
                    "lang": "akk-x-neoass",
                    "form": "x",
                    "pos": "u"
                  }
                },
                {
                  "node": "l",
                  "frag": "⸢x",
                  "id": "P336745.l06e86",
                  "ref": "P336745.8.7",
                  "inst": "u",
                  "f": {
                    "lang": "akk-x-neoass",
                    "form": "x",
                    "pos": "u"
                  }
                },
                {
                  "node": "l",
                  "frag": "x",
                  "id": "P336745.l06e87",
                  "ref": "P336745.8.8",
                  "inst": "u",
                  "f": {
                    "lang": "akk-x-neoass",
                    "form": "x",
                    "pos": "u"
                  }
                },
                {
                  "node": "l",
                  "frag": "x⸣",
                  "id": "P336745.l06e88",
                  "ref": "P336745.8.9",
                  "inst": "u",
                  "f": {
                    "lang": "akk-x-neoass",
                    "form": "x",
                    "pos": "u"
                  }
                },
                {
                  "node": "l",
                  "frag": "[x",
                  "id": "P336745.l06e89",
                  "ref": "P336745.8.10",
                  "inst": "u",
                  "f": {
                    "lang": "akk-x-neoass",
                    "form": "x",
                    "pos": "u"
                  }
                },
                {
                  "node": "l",
                  "frag": "x",
                  "id": "P336745.l06e8a",
                  "ref": "P336745.8.11",
                  "inst": "u",
                  "f": {
                    "lang": "akk-x-neoass",
                    "form": "x",
                    "pos": "u"
                  }
                },
                {
                  "node": "l",
                  "frag": "x",
                  "id": "P336745.l06e8b",
                  "ref": "P336745.8.12",
                  "inst": "u",
                  "f": {
                    "lang": "akk-x-neoass",
                    "form": "x",
                    "pos": "u"
                  }
                },
                {
                  "node": "l",
                  "frag": "x]",
                  "id": "P336745.l06e8c",
                  "ref": "P336745.8.13",
                  "inst": "u",
                  "f": {
                    "lang": "akk-x-neoass",
                    "form": "x",
                    "pos": "u"
                  }
                },
                {
                  "node": "d",
                  "subtype": "reverse",
                  "type": "reverse",
                  "ref": "P336745.r.9",
                  "label": "r"
                },
                {
                  "node": "d",
                  "type": "nonx",
                  "ref": "P336745.10",
                  "strict": "0",
                  "extent": "beginning",
                  "state": "missing"
                },
                {
                  "node": "d",
                  "type": "line-start",
                  "ref": "P336745.11",
                  "n": "1'",
                  "label": "r 1'"
                },
                {
                  "node": "l",
                  "frag": "[x",
                  "id": "P336745.l06e8d",
                  "ref": "P336745.11.1",
                  "inst": "u",
                  "f": {
                    "lang": "akk-x-neoass",
                    "form": "x",
                    "pos": "u"
                  }
                },
                {
                  "node": "l",
                  "frag": "x",
                  "id": "P336745.l06e8e",
                  "ref": "P336745.11.2",
                  "inst": "u",
                  "f": {
                    "lang": "akk-x-neoass",
                    "form": "x",
                    "pos": "u"
                  }
                },
                {
                  "node": "l",
                  "frag": "x",
                  "id": "P336745.l06e8f",
                  "ref": "P336745.11.3",
                  "inst": "u",
                  "f": {
                    "lang": "akk-x-neoass",
                    "form": "x",
                    "pos": "u"
                  }
                },
                {
                  "node": "l",
                  "frag": "x",
                  "id": "P336745.l06e90",
                  "ref": "P336745.11.4",
                  "inst": "u",
                  "f": {
                    "lang": "akk-x-neoass",
                    "form": "x",
                    "pos": "u"
                  }
                },
                {
                  "node": "l",
                  "frag": "x",
                  "id": "P336745.l06e91",
                  "ref": "P336745.11.5",
                  "inst": "u",
                  "f": {
                    "lang": "akk-x-neoass",
                    "form": "x",
                    "pos": "u"
                  }
                },
                {
                  "node": "l",
                  "frag": "x",
                  "id": "P336745.l06e92",
                  "ref": "P336745.11.6",
                  "inst": "u",
                  "f": {
                    "lang": "akk-x-neoass",
                    "form": "x",
                    "pos": "u"
                  }
                },
                {
                  "node": "l",
                  "frag": "x",
                  "id": "P336745.l06e93",
                  "ref": "P336745.11.7",
                  "inst": "u",
                  "f": {
                    "lang": "akk-x-neoass",
                    "form": "x",
                    "pos": "u"
                  }
                },
                {
                  "node": "l",
                  "frag": "x",
                  "id": "P336745.l06e94",
                  "ref": "P336745.11.8",
                  "inst": "u",
                  "f": {
                    "lang": "akk-x-neoass",
                    "form": "x",
                    "pos": "u"
                  }
                },
                {
                  "node": "l",
                  "frag": "x",
                  "id": "P336745.l06e95",
                  "ref": "P336745.11.9",
                  "inst": "u",
                  "f": {
                    "lang": "akk-x-neoass",
                    "form": "x",
                    "pos": "u"
                  }
                },
                {
                  "node": "l",
                  "frag": "x",
                  "id": "P336745.l06e96",
                  "ref": "P336745.11.10",
                  "inst": "u",
                  "f": {
                    "lang": "akk-x-neoass",
                    "form": "x",
                    "pos": "u"
                  }
                },
                {
                  "node": "l",
                  "frag": "x]+⸢x⸣",
                  "id": "P336745.l06e97",
                  "ref": "P336745.11.11",
                  "inst": "u",
                  "f": {
                    "lang": "akk-x-neoass",
                    "form": "x+x",
                    "pos": "u"
                  }
                },
                {
                  "node": "d",
                  "type": "line-start",
                  "ref": "P336745.12",
                  "n": "2'",
                  "label": "r 2'"
                },
                {
                  "node": "l",
                  "frag": "[x",
                  "id": "P336745.l06e98",
                  "ref": "P336745.12.1",
                  "inst": "u",
                  "f": {
                    "lang": "akk-x-neoass",
                    "form": "x",
                    "pos": "u"
                  }
                },
                {
                  "node": "l",
                  "frag": "x",
                  "id": "P336745.l06e99",
                  "ref": "P336745.12.2",
                  "inst": "u",
                  "f": {
                    "lang": "akk-x-neoass",
                    "form": "x",
                    "pos": "u"
                  }
                },
                {
                  "node": "l",
                  "frag": "x",
                  "id": "P336745.l06e9a",
                  "ref": "P336745.12.3",
                  "inst": "u",
                  "f": {
                    "lang": "akk-x-neoass",
                    "form": "x",
                    "pos": "u"
                  }
                },
                {
                  "node": "l",
                  "frag": "x",
                  "id": "P336745.l06e9b",
                  "ref": "P336745.12.4",
                  "inst": "u",
                  "f": {
                    "lang": "akk-x-neoass",
                    "form": "x",
                    "pos": "u"
                  }
                },
                {
                  "node": "l",
                  "frag": "x",
                  "id": "P336745.l06e9c",
                  "ref": "P336745.12.5",
                  "inst": "u",
                  "f": {
                    "lang": "akk-x-neoass",
                    "form": "x",
                    "pos": "u"
                  }
                },
                {
                  "node": "l",
                  "frag": "x",
                  "id": "P336745.l06e9d",
                  "ref": "P336745.12.6",
                  "inst": "u",
                  "f": {
                    "lang": "akk-x-neoass",
                    "form": "x",
                    "pos": "u"
                  }
                },
                {
                  "node": "l",
                  "frag": "x",
                  "id": "P336745.l06e9e",
                  "ref": "P336745.12.7",
                  "inst": "u",
                  "f": {
                    "lang": "akk-x-neoass",
                    "form": "x",
                    "pos": "u"
                  }
                },
                {
                  "node": "l",
                  "frag": "x",
                  "id": "P336745.l06e9f",
                  "ref": "P336745.12.8",
                  "inst": "u",
                  "f": {
                    "lang": "akk-x-neoass",
                    "form": "x",
                    "pos": "u"
                  }
                },
                {
                  "node": "l",
                  "frag": "x",
                  "id": "P336745.l06ea0",
                  "ref": "P336745.12.9",
                  "inst": "u",
                  "f": {
                    "lang": "akk-x-neoass",
                    "form": "x",
                    "pos": "u"
                  }
                },
                {
                  "node": "l",
                  "frag": "x]-⸢du⸣",
                  "id": "P336745.l06ea1",
                  "ref": "P336745.12.10",
                  "inst": "u",
                  "f": {
                    "lang": "akk-x-neoass",
                    "form": "x-du",
                    "pos": "u"
                  }
                },
                {
                  "node": "d",
                  "type": "line-start",
                  "ref": "P336745.13",
                  "n": "3'",
                  "label": "r 3'"
                },
                {
                  "node": "l",
                  "frag": "[x",
                  "id": "P336745.l06ea2",
                  "ref": "P336745.13.1",
                  "inst": "u",
                  "f": {
                    "lang": "akk-x-neoass",
                    "form": "x",
                    "pos": "u"
                  }
                },
                {
                  "node": "l",
                  "frag": "x",
                  "id": "P336745.l06ea3",
                  "ref": "P336745.13.2",
                  "inst": "u",
                  "f": {
                    "lang": "akk-x-neoass",
                    "form": "x",
                    "pos": "u"
                  }
                },
                {
                  "node": "l",
                  "frag": "x",
                  "id": "P336745.l06ea4",
                  "ref": "P336745.13.3",
                  "inst": "u",
                  "f": {
                    "lang": "akk-x-neoass",
                    "form": "x",
                    "pos": "u"
                  }
                },
                {
                  "node": "l",
                  "frag": "x",
                  "id": "P336745.l06ea5",
                  "ref": "P336745.13.4",
                  "inst": "u",
                  "f": {
                    "lang": "akk-x-neoass",
                    "form": "x",
                    "pos": "u"
                  }
                },
                {
                  "node": "l",
                  "frag": "x",
                  "id": "P336745.l06ea6",
                  "ref": "P336745.13.5",
                  "inst": "u",
                  "f": {
                    "lang": "akk-x-neoass",
                    "form": "x",
                    "pos": "u"
                  }
                },
                {
                  "node": "l",
                  "frag": "x",
                  "id": "P336745.l06ea7",
                  "ref": "P336745.13.6",
                  "inst": "u",
                  "f": {
                    "lang": "akk-x-neoass",
                    "form": "x",
                    "pos": "u"
                  }
                },
                {
                  "node": "l",
                  "frag": "x",
                  "id": "P336745.l06ea8",
                  "ref": "P336745.13.7",
                  "inst": "u",
                  "f": {
                    "lang": "akk-x-neoass",
                    "form": "x",
                    "pos": "u"
                  }
                },
                {
                  "node": "l",
                  "frag": "x",
                  "id": "P336745.l06ea9",
                  "ref": "P336745.13.8",
                  "inst": "u",
                  "f": {
                    "lang": "akk-x-neoass",
                    "form": "x",
                    "pos": "u"
                  }
                },
                {
                  "node": "l",
                  "frag": "x]-i",
                  "id": "P336745.l06eaa",
                  "ref": "P336745.13.9",
                  "inst": "u",
                  "f": {
                    "lang": "akk-x-neoass",
                    "form": "x-i",
                    "pos": "u"
                  }
                },
                {
                  "node": "l",
                  "frag": "⸢x⸣",
                  "id": "P336745.l06eab",
                  "ref": "P336745.13.10",
                  "inst": "u",
                  "f": {
                    "lang": "akk-x-neoass",
                    "form": "x",
                    "pos": "u"
                  }
                },
                {
                  "node": "d",
                  "type": "line-start",
                  "ref": "P336745.14",
                  "n": "4'",
                  "label": "r 4'"
                },
                {
                  "node": "l",
                  "frag": "[x",
                  "id": "P336745.l06eac",
                  "ref": "P336745.14.1",
                  "inst": "u",
                  "f": {
                    "lang": "akk-x-neoass",
                    "form": "x",
                    "pos": "u"
                  }
                },
                {
                  "node": "l",
                  "frag": "x",
                  "id": "P336745.l06ead",
                  "ref": "P336745.14.2",
                  "inst": "u",
                  "f": {
                    "lang": "akk-x-neoass",
                    "form": "x",
                    "pos": "u"
                  }
                },
                {
                  "node": "l",
                  "frag": "x",
                  "id": "P336745.l06eae",
                  "ref": "P336745.14.3",
                  "inst": "u",
                  "f": {
                    "lang": "akk-x-neoass",
                    "form": "x",
                    "pos": "u"
                  }
                },
                {
                  "node": "l",
                  "frag": "x",
                  "id": "P336745.l06eaf",
                  "ref": "P336745.14.4",
                  "inst": "u",
                  "f": {
                    "lang": "akk-x-neoass",
                    "form": "x",
                    "pos": "u"
                  }
                },
                {
                  "node": "l",
                  "frag": "x",
                  "id": "P336745.l06eb0",
                  "ref": "P336745.14.5",
                  "inst": "u",
                  "f": {
                    "lang": "akk-x-neoass",
                    "form": "x",
                    "pos": "u"
                  }
                },
                {
                  "node": "l",
                  "frag": "x",
                  "id": "P336745.l06eb1",
                  "ref": "P336745.14.6",
                  "inst": "u",
                  "f": {
                    "lang": "akk-x-neoass",
                    "form": "x",
                    "pos": "u"
                  }
                },
                {
                  "node": "l",
                  "frag": "x",
                  "id": "P336745.l06eb2",
                  "ref": "P336745.14.7",
                  "inst": "u",
                  "f": {
                    "lang": "akk-x-neoass",
                    "form": "x",
                    "pos": "u"
                  }
                },
                {
                  "node": "l",
                  "frag": "x",
                  "id": "P336745.l06eb3",
                  "ref": "P336745.14.8",
                  "inst": "u",
                  "f": {
                    "lang": "akk-x-neoass",
                    "form": "x",
                    "pos": "u"
                  }
                },
                {
                  "node": "l",
                  "frag": "{1}ṭi-ri-i",
                  "id": "P336745.l06eb4",
                  "ref": "P336745.14.9",
                  "inst": "Ṭiri[1]PN$",
                  "sig": "@saao/saa14%akk-x-neoass:{1}ṭi-ri-i=Ṭiri[1//1]PN'PN$Ṭiri",
                  "f": {
                    "lang": "akk-x-neoass",
                    "form": "{1}ṭi-ri-i",
                    "cf": "Ṭiri",
                    "gw": "1",
                    "sense": "1",
                    "norm": "Ṭiri",
                    "pos": "PN",
                    "epos": "PN"
                  }
                },
                {
                  "node": "d",
                  "type": "line-start",
                  "ref": "P336745.15",
                  "n": "5'",
                  "label": "r 5'"
                },
                {
                  "node": "l",
                  "frag": "[x",
                  "id": "P336745.l06eb5",
                  "ref": "P336745.15.1",
                  "inst": "u",
                  "f": {
                    "lang": "akk-x-neoass",
                    "form": "x",
                    "pos": "u"
                  }
                },
                {
                  "node": "l",
                  "frag": "x",
                  "id": "P336745.l06eb6",
                  "ref": "P336745.15.2",
                  "inst": "u",
                  "f": {
                    "lang": "akk-x-neoass",
                    "form": "x",
                    "pos": "u"
                  }
                },
                {
                  "node": "l",
                  "frag": "x",
                  "id": "P336745.l06eb7",
                  "ref": "P336745.15.3",
                  "inst": "u",
                  "f": {
                    "lang": "akk-x-neoass",
                    "form": "x",
                    "pos": "u"
                  }
                },
                {
                  "node": "l",
                  "frag": "x",
                  "id": "P336745.l06eb8",
                  "ref": "P336745.15.4",
                  "inst": "u",
                  "f": {
                    "lang": "akk-x-neoass",
                    "form": "x",
                    "pos": "u"
                  }
                },
                {
                  "node": "l",
                  "frag": "x",
                  "id": "P336745.l06eb9",
                  "ref": "P336745.15.5",
                  "inst": "u",
                  "f": {
                    "lang": "akk-x-neoass",
                    "form": "x",
                    "pos": "u"
                  }
                },
                {
                  "node": "l",
                  "frag": "x",
                  "id": "P336745.l06eba",
                  "ref": "P336745.15.6",
                  "inst": "u",
                  "f": {
                    "lang": "akk-x-neoass",
                    "form": "x",
                    "pos": "u"
                  }
                },
                {
                  "node": "l",
                  "frag": "x",
                  "id": "P336745.l06ebb",
                  "ref": "P336745.15.7",
                  "inst": "u",
                  "f": {
                    "lang": "akk-x-neoass",
                    "form": "x",
                    "pos": "u"
                  }
                },
                {
                  "node": "l",
                  "frag": "x]-an",
                  "id": "P336745.l06ebc",
                  "ref": "P336745.15.8",
                  "inst": "u",
                  "f": {
                    "lang": "akk-x-neoass",
                    "form": "x-an",
                    "pos": "u"
                  }
                },
                {
                  "node": "d",
                  "type": "line-start",
                  "ref": "P336745.16",
                  "n": "6'",
                  "label": "r 6'"
                },
                {
                  "node": "l",
                  "frag": "[x",
                  "id": "P336745.l06ebd",
                  "ref": "P336745.16.1",
                  "inst": "u",
                  "f": {
                    "lang": "akk-x-neoass",
                    "form": "x",
                    "pos": "u"
                  }
                },
                {
                  "node": "l",
                  "frag": "x",
                  "id": "P336745.l06ebe",
                  "ref": "P336745.16.2",
                  "inst": "u",
                  "f": {
                    "lang": "akk-x-neoass",
                    "form": "x",
                    "pos": "u"
                  }
                },
                {
                  "node": "l",
                  "frag": "x",
                  "id": "P336745.l06ebf",
                  "ref": "P336745.16.3",
                  "inst": "u",
                  "f": {
                    "lang": "akk-x-neoass",
                    "form": "x",
                    "pos": "u"
                  }
                },
                {
                  "node": "l",
                  "frag": "x",
                  "id": "P336745.l06ec0",
                  "ref": "P336745.16.4",
                  "inst": "u",
                  "f": {
                    "lang": "akk-x-neoass",
                    "form": "x",
                    "pos": "u"
                  }
                },
                {
                  "node": "l",
                  "frag": "x",
                  "id": "P336745.l06ec1",
                  "ref": "P336745.16.5",
                  "inst": "u",
                  "f": {
                    "lang": "akk-x-neoass",
                    "form": "x",
                    "pos": "u"
                  }
                },
                {
                  "node": "l",
                  "frag": "x",
                  "id": "P336745.l06ec2",
                  "ref": "P336745.16.6",
                  "inst": "u",
                  "f": {
                    "lang": "akk-x-neoass",
                    "form": "x",
                    "pos": "u"
                  }
                },
                {
                  "node": "l",
                  "frag": "x",
                  "id": "P336745.l06ec3",
                  "ref": "P336745.16.7",
                  "inst": "u",
                  "f": {
                    "lang": "akk-x-neoass",
                    "form": "x",
                    "pos": "u"
                  }
                },
                {
                  "node": "l",
                  "frag": "x",
                  "id": "P336745.l06ec4",
                  "ref": "P336745.16.8",
                  "inst": "u",
                  "f": {
                    "lang": "akk-x-neoass",
                    "form": "x",
                    "pos": "u"
                  }
                },
                {
                  "node": "l",
                  "frag": "x]",
                  "id": "P336745.l06ec5",
                  "ref": "P336745.16.9",
                  "inst": "u",
                  "f": {
                    "lang": "akk-x-neoass",
                    "form": "x",
                    "pos": "u"
                  }
                },
                {
                  "node": "l",
                  "frag": "{⸢uru⸣}ŠE-{mi₂}E₂.GAL",
                  "id": "P336745.l06ec6",
                  "ref": "P336745.16.10",
                  "inst": "Kapar-segalli[Village of the queen]GN$",
                  "sig": "@saao/saa14%akk-x-neoass:{URU}ŠE-{MI₂}E₂.GAL=Kapar-segalli[Village of the queen//Village of the queen]GN'GN$Kapar-segalli",
                  "f": {
                    "lang": "akk-x-neoass",
                    "form": "{URU}ŠE-{MI₂}E₂.GAL",
                    "cf": "Kapar-segalli",
                    "gw": "Village of the queen",
                    "sense": "Village of the queen",
                    "norm": "Kapar-segalli",
                    "pos": "GN",
                    "epos": "GN"
                  }
                },
                {
                  "node": "d",
                  "type": "line-start",
                  "ref": "P336745.17",
                  "n": "7'",
                  "label": "r 7'"
                },
                {
                  "node": "l",
                  "frag": "[x",
                  "id": "P336745.l06ec7",
                  "ref": "P336745.17.1",
                  "inst": "u",
                  "f": {
                    "lang": "akk-x-neoass",
                    "form": "x",
                    "pos": "u"
                  }
                },
                {
                  "node": "l",
                  "frag": "x",
                  "id": "P336745.l06ec8",
                  "ref": "P336745.17.2",
                  "inst": "u",
                  "f": {
                    "lang": "akk-x-neoass",
                    "form": "x",
                    "pos": "u"
                  }
                },
                {
                  "node": "l",
                  "frag": "x",
                  "id": "P336745.l06ec9",
                  "ref": "P336745.17.3",
                  "inst": "u",
                  "f": {
                    "lang": "akk-x-neoass",
                    "form": "x",
                    "pos": "u"
                  }
                },
                {
                  "node": "l",
                  "frag": "x",
                  "id": "P336745.l06eca",
                  "ref": "P336745.17.4",
                  "inst": "u",
                  "f": {
                    "lang": "akk-x-neoass",
                    "form": "x",
                    "pos": "u"
                  }
                },
                {
                  "node": "l",
                  "frag": "x",
                  "id": "P336745.l06ecb",
                  "ref": "P336745.17.5",
                  "inst": "u",
                  "f": {
                    "lang": "akk-x-neoass",
                    "form": "x",
                    "pos": "u"
                  }
                },
                {
                  "node": "l",
                  "frag": "x",
                  "id": "P336745.l06ecc",
                  "ref": "P336745.17.6",
                  "inst": "u",
                  "f": {
                    "lang": "akk-x-neoass",
                    "form": "x",
                    "pos": "u"
                  }
                },
                {
                  "node": "l",
                  "frag": "x",
                  "id": "P336745.l06ecd",
                  "ref": "P336745.17.7",
                  "inst": "u",
                  "f": {
                    "lang": "akk-x-neoass",
                    "form": "x",
                    "pos": "u"
                  }
                },
                {
                  "node": "l",
                  "frag": "x",
                  "id": "P336745.l06ece",
                  "ref": "P336745.17.8",
                  "inst": "u",
                  "f": {
                    "lang": "akk-x-neoass",
                    "form": "x",
                    "pos": "u"
                  }
                },
                {
                  "node": "l",
                  "frag": "x]-šu₂",
                  "id": "P336745.l06ecf",
                  "ref": "P336745.17.9",
                  "inst": "u",
                  "f": {
                    "lang": "akk-x-neoass",
                    "form": "x-šu₂",
                    "pos": "u"
                  }
                },
                {
                  "node": "d",
                  "type": "nonx",
                  "ref": "P336745.18",
                  "strict": "0",
                  "extent": "rest",
                  "state": "missing"
                }
              ]
            }
          ]
        }
      ]
    },
    {
      "linkbase": [
        {
          "type": "linkset",
          "xlink_title": "ina libbi[in//(in exchange) for]PRP'PRP",
          "id": "P336745.ls00000",
          "xlink_type": "extended",
          "xlink_role": "psu",
          "sig": "{ina[in]PRP libbu[interior]N += ina libbi[in//(in exchange) for]PRP'PRP}::@saao%akk-x-neoass:ina=ina[in//into]PRP'PRP$ina++@saao%akk-x-neoass:ŠA₃=libbu[interior//interior]N'N$libbi",
          "links": [
            {
              "type": "link",
              "xlink_title": "ina",
              "xlink_type": "locator",
              "xlink_href": "#P336745.l06e63",
              "xlink_role": "elt"
            },
            {
              "type": "link",
              "xlink_title": "libbi",
              "xlink_type": "locator",
              "xlink_href": "#P336745.l06e64",
              "xlink_role": "elt"
            }
          ]
        },
        {
          "type": "linkset",
          "xlink_title": "ištu pān[from//because of]PRP'PRP",
          "id": "P336745.ls00001",
          "xlink_type": "extended",
          "xlink_role": "psu",
          "sig": "{ištu[from]PRP pānu[front]N += ištu pān[from//because of]PRP'PRP}::@saao%akk-x-neoass:TA=ištu[from//from]PRP'PRP$issu++@saao%akk-x-neoass:IGI=pānu[front//front]N'N$pān",
          "links": [
            {
              "type": "link",
              "xlink_title": "issu",
              "xlink_type": "locator",
              "xlink_href": "#P336745.l06e6b",
              "xlink_role": "elt"
            },
            {
              "type": "link",
              "xlink_title": "pān",
              "xlink_type": "locator",
              "xlink_href": "#P336745.l06e6c",
              "xlink_role": "elt"
            }
          ]
        }
      ]
    }
  ]
}
