{
  "type": "glossary",
  "project": "ccpo",
  "source": "http://oracc.org/ccpo",
  "license": "This data is released under the CC0 license",
  "license-url": "https://creativecommons.org/publicdomain/zero/1.0/",
  "more-info": "http://oracc.org/doc/opendata/",
  "UTC-timestamp": "2017-06-09T23:24:49",
  "lang": "qpn-x-temple",
  "entries": [
    {
      "headword": "Ebabbar[1]TN",
      "id": "qpn-x-temple.x000000",
      "icount": "1",
      "ipct": "100",
      "xis": "qpn.r00000",
      "cf": "Ebabbar",
      "gw": "1",
      "pos": "TN",
      "forms": [
        {
          "type": "form",
          "id": "qpn-x-temple.x000006",
          "n": "E₂.BABBAR₂.RA",
          "icount": "1",
          "ipct": "100",
          "xis": "qpn.r00000"
        }
      ],
      "norms": [
        {
          "id": "qpn-x-temple.x000007",
          "icount": "1",
          "ipct": "100",
          "xis": "qpn.r00000",
          "n": "Ebabbar",
          "forms": [
            {
              "type": "normform",
              "id": "qpn-x-temple.x000008",
              "ref": "qpn-x-temple.x000006",
              "icount": "1",
              "ipct": "100",
              "xis": "qpn.r00000"
            }
          ]
        }
      ],
      "senses": [
        {
          "type": "sense",
          "id": "qpn-x-temple.x000009",
          "n": "Ebabbar[1//1]TN'TN",
          "icount": "1",
          "ipct": "100",
          "xis": "qpn.r00000",
          "pos": "TN",
          "mng": "1",
          "forms": [
            {
              "type": "form",
              "id": "qpn-x-temple.x000010",
              "n": "%akk-x-stdbab:E₂.BABBAR₂.RA",
              "icount": "1",
              "ipct": "100",
              "xis": "qpn.r00000"
            }
          ],
          "norms": [
            {
              "id": "qpn-x-temple.x000011",
              "n": "Ebabbar",
              "icount": "1",
              "ipct": "100",
              "xis": "qpn.r00000"
            }
          ],
          "sigs": [
            {
              "type": "sig",
              "id": "qpn-x-temple.x000012",
              "sig": "@ccpo%akk-x-stdbab:E₂.BABBAR₂.RA=Ebabbar[1//1]TN'TN$Ebabbar",
              "icount": "1",
              "ipct": "100",
              "xis": "qpn.r00000"
            }
          ]
        }
      ]
    },
    {
      "headword": "Ekur[1]TN",
      "id": "qpn-x-temple.x000001",
      "icount": "2",
      "ipct": "100",
      "xis": "qpn.r00001",
      "cf": "Ekur",
      "gw": "1",
      "pos": "TN",
      "forms": [
        {
          "type": "form",
          "id": "qpn-x-temple.x000013",
          "n": "E₂.KUR",
          "icount": "2",
          "ipct": "100",
          "xis": "qpn.r00001"
        }
      ],
      "norms": [
        {
          "id": "qpn-x-temple.x000014",
          "icount": "2",
          "ipct": "100",
          "xis": "qpn.r00001",
          "n": "Ekur",
          "forms": [
            {
              "type": "normform",
              "id": "qpn-x-temple.x000015",
              "ref": "qpn-x-temple.x000013",
              "icount": "2",
              "ipct": "100",
              "xis": "qpn.r00001"
            }
          ]
        }
      ],
      "senses": [
        {
          "type": "sense",
          "id": "qpn-x-temple.x000016",
          "n": "Ekur[1//1]TN'TN",
          "icount": "2",
          "ipct": "100",
          "xis": "qpn.r00001",
          "pos": "TN",
          "mng": "1",
          "forms": [
            {
              "type": "form",
              "id": "qpn-x-temple.x000017",
              "n": "%akk-x-stdbab:E₂.KUR",
              "icount": "2",
              "ipct": "100",
              "xis": "qpn.r00001"
            }
          ],
          "norms": [
            {
              "id": "qpn-x-temple.x000018",
              "n": "Ekur",
              "icount": "2",
              "ipct": "100",
              "xis": "qpn.r00001"
            }
          ],
          "sigs": [
            {
              "type": "sig",
              "id": "qpn-x-temple.x000019",
              "sig": "@ccpo%akk-x-stdbab:E₂.KUR=Ekur[1//1]TN'TN$Ekur",
              "icount": "2",
              "ipct": "100",
              "xis": "qpn.r00001"
            }
          ]
        }
      ]
    },
    {
      "headword": "Esaggil[1]TN",
      "id": "qpn-x-temple.x000003",
      "icount": "6",
      "ipct": "100",
      "xis": "qpn.r00002",
      "cf": "Esaggil",
      "gw": "1",
      "pos": "TN",
      "forms": [
        {
          "type": "form",
          "id": "qpn-x-temple.x000020",
          "n": "E₂.SAG.IL₂",
          "icount": "2",
          "ipct": "33",
          "xis": "qpn.r00003"
        },
        {
          "type": "form",
          "id": "qpn-x-temple.x000021",
          "n": "e₂-sag-gil",
          "icount": "2",
          "ipct": "33",
          "xis": "qpn.r00004"
        },
        {
          "type": "form",
          "id": "qpn-x-temple.x000022",
          "n": "e₂-sag{+an}-gil",
          "icount": "2",
          "ipct": "33",
          "xis": "qpn.r00005"
        }
      ],
      "norms": [
        {
          "id": "qpn-x-temple.x000023",
          "icount": "6",
          "ipct": "100",
          "xis": "qpn.r00002",
          "n": "Esaggil",
          "forms": [
            {
              "type": "normform",
              "id": "qpn-x-temple.x000024",
              "ref": "qpn-x-temple.x000020",
              "icount": "2",
              "ipct": "33",
              "xis": "qpn.r00003"
            },
            {
              "type": "normform",
              "id": "qpn-x-temple.x000025",
              "ref": "qpn-x-temple.x000021",
              "icount": "2",
              "ipct": "33",
              "xis": "qpn.r00004"
            },
            {
              "type": "normform",
              "id": "qpn-x-temple.x000026",
              "ref": "qpn-x-temple.x000022",
              "icount": "2",
              "ipct": "33",
              "xis": "qpn.r00005"
            }
          ]
        }
      ],
      "senses": [
        {
          "type": "sense",
          "id": "qpn-x-temple.x000027",
          "n": "Esaggil[1//1]TN'TN",
          "icount": "6",
          "ipct": "100",
          "xis": "qpn.r00002",
          "pos": "TN",
          "mng": "1",
          "forms": [
            {
              "type": "form",
              "id": "qpn-x-temple.x000028",
              "n": "%akk-x-stdbab:E₂.SAG.IL₂",
              "icount": "2",
              "ipct": "33",
              "xis": "qpn.r00003"
            },
            {
              "type": "form",
              "id": "qpn-x-temple.x000029",
              "n": "%akk-x-stdbab:e₂-sag-gil",
              "icount": "2",
              "ipct": "33",
              "xis": "qpn.r00004"
            },
            {
              "type": "form",
              "id": "qpn-x-temple.x000030",
              "n": "%akk-x-stdbab:e₂-sag{+an}-gil",
              "icount": "2",
              "ipct": "33",
              "xis": "qpn.r00005"
            }
          ],
          "norms": [
            {
              "id": "qpn-x-temple.x000031",
              "n": "Esaggil",
              "icount": "6",
              "ipct": "100",
              "xis": "qpn.r00002"
            }
          ],
          "sigs": [
            {
              "type": "sig",
              "id": "qpn-x-temple.x000032",
              "sig": "@ccpo%akk-x-stdbab:E₂.SAG.IL₂=Esaggil[1//1]TN'TN$Esaggil",
              "icount": "2",
              "ipct": "33",
              "xis": "qpn.r00003"
            },
            {
              "type": "sig",
              "id": "qpn-x-temple.x000033",
              "sig": "@ccpo%akk-x-stdbab:e₂-sag-gil=Esaggil[1//1]TN'TN$Esaggil",
              "icount": "2",
              "ipct": "33",
              "xis": "qpn.r00004"
            },
            {
              "type": "sig",
              "id": "qpn-x-temple.x000034",
              "sig": "@ccpo%akk-x-stdbab:e₂-sag{+an}-gil=Esaggil[1//1]TN'TN$Esaggil",
              "icount": "2",
              "ipct": "33",
              "xis": "qpn.r00005"
            }
          ]
        }
      ]
    },
    {
      "headword": "Esagil[1]TN",
      "id": "qpn-x-temple.x000002",
      "icount": "2",
      "ipct": "100",
      "xis": "qpn.r00006",
      "cf": "Esagil",
      "gw": "1",
      "pos": "TN",
      "forms": [
        {
          "type": "form",
          "id": "qpn-x-temple.x000035",
          "n": "E₂.SAG.GIL",
          "icount": "1",
          "ipct": "50",
          "xis": "qpn.r00007"
        },
        {
          "type": "form",
          "id": "qpn-x-temple.x000036",
          "n": "e₂-sag-gil₂",
          "icount": "1",
          "ipct": "50",
          "xis": "qpn.r00008"
        }
      ],
      "norms": [
        {
          "id": "qpn-x-temple.x000037",
          "icount": "2",
          "ipct": "100",
          "xis": "qpn.r00006",
          "n": "Esagil",
          "forms": [
            {
              "type": "normform",
              "id": "qpn-x-temple.x000038",
              "ref": "qpn-x-temple.x000035",
              "icount": "1",
              "ipct": "50",
              "xis": "qpn.r00007"
            },
            {
              "type": "normform",
              "id": "qpn-x-temple.x000039",
              "ref": "qpn-x-temple.x000036",
              "icount": "1",
              "ipct": "50",
              "xis": "qpn.r00008"
            }
          ]
        }
      ],
      "senses": [
        {
          "type": "sense",
          "id": "qpn-x-temple.x000040",
          "n": "Esagil[1//1]TN'TN",
          "icount": "2",
          "ipct": "100",
          "xis": "qpn.r00006",
          "pos": "TN",
          "mng": "1",
          "forms": [
            {
              "type": "form",
              "id": "qpn-x-temple.x000041",
              "n": "%akk-x-stdbab:E₂.SAG.GIL",
              "icount": "1",
              "ipct": "50",
              "xis": "qpn.r00007"
            },
            {
              "type": "form",
              "id": "qpn-x-temple.x000042",
              "n": "%akk-x-stdbab:e₂-sag-gil₂",
              "icount": "1",
              "ipct": "50",
              "xis": "qpn.r00008"
            }
          ],
          "norms": [
            {
              "id": "qpn-x-temple.x000043",
              "n": "Esagil",
              "icount": "2",
              "ipct": "100",
              "xis": "qpn.r00006"
            }
          ],
          "sigs": [
            {
              "type": "sig",
              "id": "qpn-x-temple.x000044",
              "sig": "@ccpo%akk-x-stdbab:E₂.SAG.GIL=Esagil[1//1]TN'TN$Esagil",
              "icount": "1",
              "ipct": "50",
              "xis": "qpn.r00007"
            },
            {
              "type": "sig",
              "id": "qpn-x-temple.x000045",
              "sig": "@ccpo%akk-x-stdbab:e₂-sag-gil₂=Esagil[1//1]TN'TN$Esagil",
              "icount": "1",
              "ipct": "50",
              "xis": "qpn.r00008"
            }
          ]
        }
      ]
    },
    {
      "headword": "Reš[1]TN",
      "id": "qpn-x-temple.x000005",
      "icount": "1",
      "ipct": "100",
      "xis": "qpn.r00009",
      "cf": "Reš",
      "gw": "1",
      "pos": "TN",
      "forms": [
        {
          "type": "form",
          "id": "qpn-x-temple.x000046",
          "n": "re-eš",
          "icount": "1",
          "ipct": "100",
          "xis": "qpn.r00009"
        }
      ],
      "norms": [
        {
          "id": "qpn-x-temple.x000047",
          "icount": "1",
          "ipct": "100",
          "xis": "qpn.r00009",
          "n": "Reš",
          "forms": [
            {
              "type": "normform",
              "id": "qpn-x-temple.x000048",
              "ref": "qpn-x-temple.x000046",
              "icount": "1",
              "ipct": "100",
              "xis": "qpn.r00009"
            }
          ]
        }
      ],
      "senses": [
        {
          "type": "sense",
          "id": "qpn-x-temple.x000049",
          "n": "Reš[1//1]TN'TN",
          "icount": "1",
          "ipct": "100",
          "xis": "qpn.r00009",
          "pos": "TN",
          "mng": "1",
          "forms": [
            {
              "type": "form",
              "id": "qpn-x-temple.x000050",
              "n": "%akk-x-stdbab:re-eš",
              "icount": "1",
              "ipct": "100",
              "xis": "qpn.r00009"
            }
          ],
          "norms": [
            {
              "id": "qpn-x-temple.x000051",
              "n": "Reš",
              "icount": "1",
              "ipct": "100",
              "xis": "qpn.r00009"
            }
          ],
          "sigs": [
            {
              "type": "sig",
              "id": "qpn-x-temple.x000052",
              "sig": "@ccpo%akk-x-stdbab:re-eš=Reš[1//1]TN'TN$Reš",
              "icount": "1",
              "ipct": "100",
              "xis": "qpn.r00009"
            }
          ]
        }
      ]
    },
    {
      "headword": "Ursagga[1]TN",
      "id": "qpn-x-temple.x000004",
      "icount": "2",
      "ipct": "100",
      "xis": "qpn.r0000a",
      "cf": "Ursagga",
      "gw": "1",
      "pos": "TN",
      "forms": [
        {
          "type": "form",
          "id": "qpn-x-temple.x000053",
          "n": "UR₂.SAG.GA₂",
          "icount": "2",
          "ipct": "100",
          "xis": "qpn.r0000a"
        }
      ],
      "norms": [
        {
          "id": "qpn-x-temple.x000054",
          "icount": "2",
          "ipct": "100",
          "xis": "qpn.r0000a",
          "n": "Ursagga",
          "forms": [
            {
              "type": "normform",
              "id": "qpn-x-temple.x000055",
              "ref": "qpn-x-temple.x000053",
              "icount": "2",
              "ipct": "100",
              "xis": "qpn.r0000a"
            }
          ]
        }
      ],
      "senses": [
        {
          "type": "sense",
          "id": "qpn-x-temple.x000056",
          "n": "Ursagga[1//1]TN'TN",
          "icount": "2",
          "ipct": "100",
          "xis": "qpn.r0000a",
          "pos": "TN",
          "mng": "1",
          "forms": [
            {
              "type": "form",
              "id": "qpn-x-temple.x000057",
              "n": "%akk-x-stdbab:UR₂.SAG.GA₂",
              "icount": "2",
              "ipct": "100",
              "xis": "qpn.r0000a"
            }
          ],
          "norms": [
            {
              "id": "qpn-x-temple.x000058",
              "n": "Ursagga",
              "icount": "2",
              "ipct": "100",
              "xis": "qpn.r0000a"
            }
          ],
          "sigs": [
            {
              "type": "sig",
              "id": "qpn-x-temple.x000059",
              "sig": "@ccpo%akk-x-stdbab:UR₂.SAG.GA₂=Ursagga[1//1]TN'TN$Ursagga",
              "icount": "2",
              "ipct": "100",
              "xis": "qpn.r0000a"
            }
          ]
        }
      ]
    }
  ],
  "instances": {
    "qpn.r00001": [
      "ccpo:P461061.24.4",
      "ccpo:P469976.27.4"
    ],
    "qpn.r00000": [
      "ccpo:X500448.152.2"
    ],
    "qpn.r00005": [
      "ccpo:P461230.16.1",
      "ccpo:Q005183.15.1"
    ],
    "qpn.r00003": [
      "ccpo:P369075.63.4",
      "ccpo:P394923.92.3"
    ],
    "qpn.r00004": [
      "ccpo:P461230.15.6",
      "ccpo:Q005183.14.6"
    ],
    "qpn.r00007": [
      "ccpo:P469985.22.12"
    ],
    "qpn.r00009": [
      "ccpo:P392620.26.10"
    ],
    "qpn.r00008": [
      "ccpo:P461117.9.4"
    ],
    "qpn.r0000a": [
      "ccpo:P461230.11.13",
      "ccpo:Q005183.10.13"
    ],
    "qpn.r00006": [
      "ccpo:P461117.9.4",
      "ccpo:P469985.22.12"
    ],
    "qpn.r00002": [
      "ccpo:P369075.63.4",
      "ccpo:P394923.92.3",
      "ccpo:P461230.15.6",
      "ccpo:P461230.16.1",
      "ccpo:Q005183.14.6",
      "ccpo:Q005183.15.1"
    ],
    "qpn.r00001.p.s000": [
      "ccpo:P469976.27.4"
    ],
    "qpn.r00001.p.s001": [
      "ccpo:P461061.24.4"
    ],
    "qpn.r00000.p.s000": [
      "ccpo:X500448.152.2"
    ],
    "qpn.r00005.p.s000": [
      "ccpo:Q005183.15.1"
    ],
    "qpn.r00005.p.s001": [
      "ccpo:P461230.16.1"
    ],
    "qpn.r00003.p.s000": [
      "ccpo:P394923.92.3",
      "ccpo:P369075.63.4"
    ],
    "qpn.r00004.p.s000": [
      "ccpo:Q005183.14.6"
    ],
    "qpn.r00004.p.s001": [
      "ccpo:P461230.15.6"
    ],
    "qpn.r00007.p.s000": [
      "ccpo:P469985.22.12"
    ],
    "qpn.r00009.p.s000": [
      "ccpo:P392620.26.10"
    ],
    "qpn.r00008.p.s000": [
      "ccpo:P461117.9.4"
    ],
    "qpn.r0000a.p.s000": [
      "ccpo:Q005183.10.13"
    ],
    "qpn.r0000a.p.s001": [
      "ccpo:P461230.11.13"
    ],
    "qpn.r00006.p.s000": [
      "ccpo:P469985.22.12"
    ],
    "qpn.r00006.p.s001": [
      "ccpo:P461117.9.4"
    ],
    "qpn.r00002.p.s000": [
      "ccpo:P394923.92.3",
      "ccpo:P369075.63.4"
    ],
    "qpn.r00002.p.s001": [
      "ccpo:Q005183.14.6",
      "ccpo:Q005183.15.1"
    ],
    "qpn.r00002.p.s002": [
      "ccpo:P461230.15.6",
      "ccpo:P461230.16.1"
    ]
  }
}
