{
  "type": "cdl",
  "source": "http://oracc.org/ribo/sources",
  "license": "This data is released under the CC0 license",
  "license-url": "https://creativecommons.org/publicdomain/zero/1.0/",
  "more-info": "http://oracc.org/doc/opendata/",
  "UTC-timestamp": "2017-06-10T00:15:29",
  "project": "ribo/sources",
  "textid": "X000153",
  "cdl": [
    {
      "node": "c",
      "type": "text",
      "id": "X000153.U0",
      "cdl": [
        {
          "node": "d",
          "type": "object",
          "ref": ""
        },
        {
          "node": "d",
          "type": "surface",
          "ref": ""
        },
        {
          "node": "d",
          "subtype": "column 1",
          "type": "column",
          "ref": "X000153.i.1",
          "n": "1",
          "label": "i"
        },
        {
          "node": "d",
          "type": "nonx",
          "ref": "X000153.2",
          "strict": "0",
          "state": "missing"
        },
        {
          "node": "c",
          "type": "discourse",
          "subtype": "body",
          "id": "X000153.U1",
          "cdl": [
            {
              "node": "c",
              "type": "sentence",
              "id": "X000153.U2",
              "label": "i 1' - ii 16'",
              "cdl": [
                {
                  "node": "d",
                  "type": "line-start",
                  "ref": "X000153.3",
                  "n": "1'",
                  "label": "i 1'"
                },
                {
                  "node": "l",
                  "frag": "[...",
                  "id": "X000153.l0132d",
                  "ref": "X000153.3.1",
                  "inst": "%akk:x=",
                  "f": {
                    "lang": "akk",
                    "form": "x"
                  }
                },
                {
                  "node": "l",
                  "frag": "e₂]-zi-da",
                  "id": "X000153.l0132e",
                  "ref": "X000153.3.2",
                  "inst": "%akk:e₂-zi-da=",
                  "f": {
                    "lang": "akk",
                    "form": "e₂-zi-da"
                  }
                },
                {
                  "node": "d",
                  "type": "line-start",
                  "ref": "X000153.4",
                  "n": "2'",
                  "label": "i 2'"
                },
                {
                  "node": "l",
                  "frag": "[...]-tim",
                  "id": "X000153.l0132f",
                  "ref": "X000153.4.1",
                  "inst": "%akk:x-tim=",
                  "f": {
                    "lang": "akk",
                    "form": "x-tim"
                  }
                },
                {
                  "node": "d",
                  "type": "nonx",
                  "ref": "X000153.5",
                  "strict": "0",
                  "state": "missing"
                },
                {
                  "node": "d",
                  "subtype": "column 2",
                  "type": "column",
                  "ref": "X000153.ii.6",
                  "n": "2",
                  "label": "ii"
                },
                {
                  "node": "d",
                  "type": "nonx",
                  "ref": "X000153.7",
                  "strict": "0",
                  "state": "missing"
                },
                {
                  "node": "d",
                  "type": "line-start",
                  "ref": "X000153.8",
                  "n": "1'",
                  "label": "ii 1'"
                },
                {
                  "node": "l",
                  "frag": "[x",
                  "id": "X000153.l01330",
                  "ref": "X000153.8.1",
                  "inst": "%akk:x=",
                  "f": {
                    "lang": "akk",
                    "form": "x"
                  }
                },
                {
                  "node": "l",
                  "frag": "x",
                  "id": "X000153.l01331",
                  "ref": "X000153.8.2",
                  "inst": "%akk:x=",
                  "f": {
                    "lang": "akk",
                    "form": "x"
                  }
                },
                {
                  "node": "l",
                  "frag": "LUGAL]",
                  "id": "X000153.l01332",
                  "ref": "X000153.8.3",
                  "inst": "%akk:LUGAL=",
                  "f": {
                    "lang": "akk",
                    "form": "LUGAL"
                  }
                },
                {
                  "node": "l",
                  "frag": "⸢pa⸣-nim",
                  "id": "X000153.l01333",
                  "ref": "X000153.8.4",
                  "inst": "%akk:pa-nim=",
                  "f": {
                    "lang": "akk",
                    "form": "pa-nim"
                  }
                },
                {
                  "node": "l",
                  "frag": "i-pu₂-⸢uš⸣-[ma]",
                  "id": "X000153.l01334",
                  "ref": "X000153.8.5",
                  "inst": "%akk:i-pu₂-uš-ma=",
                  "f": {
                    "lang": "akk",
                    "form": "i-pu₂-uš-ma"
                  }
                },
                {
                  "node": "d",
                  "type": "line-start",
                  "ref": "X000153.9",
                  "n": "2'",
                  "label": "ii 2'"
                },
                {
                  "node": "l",
                  "frag": "[x",
                  "id": "X000153.l01335",
                  "ref": "X000153.9.1",
                  "inst": "%akk:x=",
                  "f": {
                    "lang": "akk",
                    "form": "x"
                  }
                },
                {
                  "node": "l",
                  "frag": "x]",
                  "id": "X000153.l01336",
                  "ref": "X000153.9.2",
                  "inst": "%akk:x=",
                  "f": {
                    "lang": "akk",
                    "form": "x"
                  }
                },
                {
                  "node": "l",
                  "frag": "x",
                  "id": "X000153.l01337",
                  "ref": "X000153.9.3",
                  "inst": "%akk:x=",
                  "f": {
                    "lang": "akk",
                    "form": "x"
                  }
                },
                {
                  "node": "l",
                  "frag": "i-ga-ru-ša",
                  "id": "X000153.l01338",
                  "ref": "X000153.9.4",
                  "inst": "%akk:i-ga-ru-ša=",
                  "f": {
                    "lang": "akk",
                    "form": "i-ga-ru-ša"
                  }
                },
                {
                  "node": "d",
                  "type": "line-start",
                  "ref": "X000153.10",
                  "n": "3'",
                  "label": "ii 3'"
                },
                {
                  "node": "l",
                  "frag": "[ša",
                  "id": "X000153.l01339",
                  "ref": "X000153.10.1",
                  "inst": "%akk:ša=",
                  "f": {
                    "lang": "akk",
                    "form": "ša"
                  }
                },
                {
                  "node": "l",
                  "frag": "LUGAL]",
                  "id": "X000153.l0133a",
                  "ref": "X000153.10.2",
                  "inst": "%akk:LUGAL=",
                  "f": {
                    "lang": "akk",
                    "form": "LUGAL"
                  }
                },
                {
                  "node": "l",
                  "frag": "⸢mah⸣-ri",
                  "id": "X000153.l0133b",
                  "ref": "X000153.10.3",
                  "inst": "%akk:mah-ri=",
                  "f": {
                    "lang": "akk",
                    "form": "mah-ri"
                  }
                },
                {
                  "node": "l",
                  "frag": "ik-ši-ru-⸢u₂⸣-ma",
                  "id": "X000153.l0133c",
                  "ref": "X000153.10.4",
                  "inst": "%akk:ik-ši-ru-u₂-ma=",
                  "f": {
                    "lang": "akk",
                    "form": "ik-ši-ru-u₂-ma"
                  }
                },
                {
                  "node": "d",
                  "type": "line-start",
                  "ref": "X000153.11",
                  "n": "4'",
                  "label": "ii 4'"
                },
                {
                  "node": "l",
                  "frag": "[la",
                  "id": "X000153.l0133d",
                  "ref": "X000153.11.1",
                  "inst": "%akk:la=",
                  "f": {
                    "lang": "akk",
                    "form": "la"
                  }
                },
                {
                  "node": "l",
                  "frag": "u₂]-⸢us⸣-si-mu",
                  "id": "X000153.l0133e",
                  "ref": "X000153.11.2",
                  "inst": "%akk:u₂-us-si-mu=",
                  "f": {
                    "lang": "akk",
                    "form": "u₂-us-si-mu"
                  }
                },
                {
                  "node": "l",
                  "frag": "ši-ki-in-ša",
                  "id": "X000153.l0133f",
                  "ref": "X000153.11.3",
                  "inst": "%akk:ši-ki-in-ša=",
                  "f": {
                    "lang": "akk",
                    "form": "ši-ki-in-ša"
                  }
                },
                {
                  "node": "d",
                  "type": "line-start",
                  "ref": "X000153.12",
                  "n": "5'",
                  "label": "ii 5'"
                },
                {
                  "node": "l",
                  "frag": "[i]-⸢na⸣",
                  "id": "X000153.l01340",
                  "ref": "X000153.12.1",
                  "inst": "%akk:i-na=",
                  "f": {
                    "lang": "akk",
                    "form": "i-na"
                  }
                },
                {
                  "node": "l",
                  "frag": "la-ba-ri",
                  "id": "X000153.l01341",
                  "ref": "X000153.12.2",
                  "inst": "%akk:la-ba-ri=",
                  "f": {
                    "lang": "akk",
                    "form": "la-ba-ri"
                  }
                },
                {
                  "node": "l",
                  "frag": "u₄-um",
                  "id": "X000153.l01342",
                  "ref": "X000153.12.3",
                  "inst": "%akk:u₄-um=",
                  "f": {
                    "lang": "akk",
                    "form": "u₄-um"
                  }
                },
                {
                  "node": "d",
                  "type": "line-start",
                  "ref": "X000153.13",
                  "n": "6'",
                  "label": "ii 6'"
                },
                {
                  "node": "l",
                  "frag": "[i]-ni-iš",
                  "id": "X000153.l01343",
                  "ref": "X000153.13.1",
                  "inst": "%akk:i-ni-iš=",
                  "f": {
                    "lang": "akk",
                    "form": "i-ni-iš"
                  }
                },
                {
                  "node": "l",
                  "frag": "i-qu₂-up-ma",
                  "id": "X000153.l01344",
                  "ref": "X000153.13.2",
                  "inst": "%akk:i-qu₂-up-ma=",
                  "f": {
                    "lang": "akk",
                    "form": "i-qu₂-up-ma"
                  }
                },
                {
                  "node": "d",
                  "type": "line-start",
                  "ref": "X000153.14",
                  "n": "7'",
                  "label": "ii 7'"
                },
                {
                  "node": "l",
                  "frag": "[zu]-un-nim",
                  "id": "X000153.l01345",
                  "ref": "X000153.14.1",
                  "inst": "%akk:zu-un-nim=",
                  "f": {
                    "lang": "akk",
                    "form": "zu-un-nim"
                  }
                },
                {
                  "node": "l",
                  "frag": "u₃",
                  "id": "X000153.l01346",
                  "ref": "X000153.14.2",
                  "inst": "%akk:u₃=",
                  "f": {
                    "lang": "akk",
                    "form": "u₃"
                  }
                },
                {
                  "node": "l",
                  "frag": "ra-a-du",
                  "id": "X000153.l01347",
                  "ref": "X000153.14.3",
                  "inst": "%akk:ra-a-du=",
                  "f": {
                    "lang": "akk",
                    "form": "ra-a-du"
                  }
                },
                {
                  "node": "d",
                  "type": "line-start",
                  "ref": "X000153.15",
                  "n": "8'",
                  "label": "ii 8'"
                },
                {
                  "node": "l",
                  "frag": "⸢ra⸣-bi₂-u₂-tim",
                  "id": "X000153.l01348",
                  "ref": "X000153.15.1",
                  "inst": "%akk:ra-bi₂-u₂-tim=",
                  "f": {
                    "lang": "akk",
                    "form": "ra-bi₂-u₂-tim"
                  }
                },
                {
                  "node": "d",
                  "type": "line-start",
                  "ref": "X000153.16",
                  "n": "9'",
                  "label": "ii 9'"
                },
                {
                  "node": "l",
                  "frag": "u₂-na-as-su-u₂",
                  "id": "X000153.l01349",
                  "ref": "X000153.16.1",
                  "inst": "%akk:u₂-na-as-su-u₂=",
                  "f": {
                    "lang": "akk",
                    "form": "u₂-na-as-su-u₂"
                  }
                },
                {
                  "node": "l",
                  "frag": "i-ga-ru-ša",
                  "id": "X000153.l0134a",
                  "ref": "X000153.16.2",
                  "inst": "%akk:i-ga-ru-ša=",
                  "f": {
                    "lang": "akk",
                    "form": "i-ga-ru-ša"
                  }
                },
                {
                  "node": "d",
                  "type": "line-start",
                  "ref": "X000153.17",
                  "n": "10'",
                  "label": "ii 10'"
                },
                {
                  "node": "l",
                  "frag": "a-na",
                  "id": "X000153.l0134b",
                  "ref": "X000153.17.1",
                  "inst": "%akk:a-na=",
                  "f": {
                    "lang": "akk",
                    "form": "a-na"
                  }
                },
                {
                  "node": "l",
                  "frag": "te-di-iš-ti-ša",
                  "id": "X000153.l0134c",
                  "ref": "X000153.17.2",
                  "inst": "%akk:te-di-iš-ti-ša=",
                  "f": {
                    "lang": "akk",
                    "form": "te-di-iš-ti-ša"
                  }
                },
                {
                  "node": "d",
                  "type": "line-start",
                  "ref": "X000153.18",
                  "n": "11'",
                  "label": "ii 11'"
                },
                {
                  "node": "l",
                  "frag": "{d}UTU",
                  "id": "X000153.l0134d",
                  "ref": "X000153.18.1",
                  "inst": "%akk:{d}UTU=",
                  "f": {
                    "lang": "akk",
                    "form": "{d}UTU"
                  }
                },
                {
                  "node": "l",
                  "frag": "da-a-a-nam",
                  "id": "X000153.l0134e",
                  "ref": "X000153.18.2",
                  "inst": "%akk:da-a-a-nam=",
                  "f": {
                    "lang": "akk",
                    "form": "da-a-a-nam"
                  }
                },
                {
                  "node": "l",
                  "frag": "ṣi-i-ri",
                  "id": "X000153.l0134f",
                  "ref": "X000153.18.3",
                  "inst": "%akk:ṣi-i-ri=",
                  "f": {
                    "lang": "akk",
                    "form": "ṣi-i-ri"
                  }
                },
                {
                  "node": "d",
                  "type": "line-start",
                  "ref": "X000153.19",
                  "n": "12'",
                  "label": "ii 12'"
                },
                {
                  "node": "l",
                  "frag": "u₂-ša-ad-ka-an-ni",
                  "id": "X000153.l01350",
                  "ref": "X000153.19.1",
                  "inst": "%akk:u₂-ša-ad-ka-an-ni=",
                  "f": {
                    "lang": "akk",
                    "form": "u₂-ša-ad-ka-an-ni"
                  }
                },
                {
                  "node": "l",
                  "frag": "li-ib-ba",
                  "id": "X000153.l01351",
                  "ref": "X000153.19.2",
                  "inst": "%akk:li-ib-ba=",
                  "f": {
                    "lang": "akk",
                    "form": "li-ib-ba"
                  }
                },
                {
                  "node": "d",
                  "type": "line-start",
                  "ref": "X000153.20",
                  "n": "13'",
                  "label": "ii 13'"
                },
                {
                  "node": "l",
                  "frag": "li-ib-it-ta-ša",
                  "id": "X000153.l01352",
                  "ref": "X000153.20.1",
                  "inst": "%akk:li-ib-it-ta-ša=",
                  "f": {
                    "lang": "akk",
                    "form": "li-ib-it-ta-ša"
                  }
                },
                {
                  "node": "d",
                  "type": "line-start",
                  "ref": "X000153.21",
                  "n": "14'",
                  "label": "ii 14'"
                },
                {
                  "node": "l",
                  "frag": "u₂-uš-te-ši-ir-ma",
                  "id": "X000153.l01353",
                  "ref": "X000153.21.1",
                  "inst": "%akk:u₂-uš-te-ši-ir-ma=",
                  "f": {
                    "lang": "akk",
                    "form": "u₂-uš-te-ši-ir-ma"
                  }
                },
                {
                  "node": "d",
                  "type": "line-start",
                  "ref": "X000153.22",
                  "n": "15'",
                  "label": "ii 15'"
                },
                {
                  "node": "l",
                  "frag": "ma-qi₂-it-ta-ša",
                  "id": "X000153.l01354",
                  "ref": "X000153.22.1",
                  "inst": "%akk:ma-qi₂-it-ta-ša=",
                  "f": {
                    "lang": "akk",
                    "form": "ma-qi₂-it-ta-ša"
                  }
                },
                {
                  "node": "d",
                  "type": "line-start",
                  "ref": "X000153.23",
                  "n": "16'",
                  "label": "ii 16'"
                },
                {
                  "node": "l",
                  "frag": "u₂-[uš-zi-iz-ma]",
                  "id": "X000153.l01355",
                  "ref": "X000153.23.1",
                  "inst": "%akk:u₂-uš-zi-iz-ma=",
                  "f": {
                    "lang": "akk",
                    "form": "u₂-uš-zi-iz-ma"
                  }
                },
                {
                  "node": "l",
                  "frag": "x",
                  "id": "X000153.l01356",
                  "ref": "X000153.23.2",
                  "inst": "%akk:x=",
                  "f": {
                    "lang": "akk",
                    "form": "x"
                  }
                },
                {
                  "node": "l",
                  "frag": "x",
                  "id": "X000153.l01357",
                  "ref": "X000153.23.3",
                  "inst": "%akk:x=",
                  "f": {
                    "lang": "akk",
                    "form": "x"
                  }
                },
                {
                  "node": "l",
                  "frag": "x",
                  "id": "X000153.l01358",
                  "ref": "X000153.23.4",
                  "inst": "%akk:x=",
                  "f": {
                    "lang": "akk",
                    "form": "x"
                  }
                },
                {
                  "node": "l",
                  "frag": "x",
                  "id": "X000153.l01359",
                  "ref": "X000153.23.5",
                  "inst": "%akk:x=",
                  "f": {
                    "lang": "akk",
                    "form": "x"
                  }
                },
                {
                  "node": "l",
                  "frag": "[x]",
                  "id": "X000153.l0135a",
                  "ref": "X000153.23.6",
                  "inst": "%akk:x=",
                  "f": {
                    "lang": "akk",
                    "form": "x"
                  }
                },
                {
                  "node": "l",
                  "frag": "iš",
                  "id": "X000153.l0135b",
                  "ref": "X000153.23.7",
                  "inst": "%akk:iš=",
                  "f": {
                    "lang": "akk",
                    "form": "iš"
                  }
                },
                {
                  "node": "d",
                  "type": "nonx",
                  "ref": "X000153.24",
                  "strict": "0",
                  "state": "missing"
                }
              ]
            }
          ]
        }
      ]
    }
  ]
}
