{
  "type": "cdl",
  "source": "http://oracc.org/ribo/sources",
  "license": "This data is released under the CC0 license",
  "license-url": "https://creativecommons.org/publicdomain/zero/1.0/",
  "more-info": "http://oracc.org/doc/opendata/",
  "UTC-timestamp": "2017-06-10T00:15:22",
  "project": "ribo/sources",
  "textid": "X000007",
  "cdl": [
    {
      "node": "c",
      "type": "text",
      "id": "X000007.U0",
      "cdl": [
        {
          "node": "d",
          "type": "object",
          "ref": ""
        },
        {
          "node": "d",
          "type": "surface",
          "ref": ""
        },
        {
          "node": "c",
          "type": "discourse",
          "subtype": "body",
          "id": "X000007.U1",
          "cdl": [
            {
              "node": "c",
              "type": "sentence",
              "id": "X000007.U2",
              "label": "1 - 3",
              "cdl": [
                {
                  "node": "d",
                  "type": "line-start",
                  "ref": "X000007.1",
                  "n": "1",
                  "label": "1"
                },
                {
                  "node": "l",
                  "frag": "3",
                  "id": "X000007.l0002b",
                  "ref": "X000007.1.1",
                  "inst": "%akk:3=",
                  "f": {
                    "lang": "akk",
                    "form": "3"
                  }
                },
                {
                  "node": "l",
                  "frag": "1/3",
                  "id": "X000007.l0002c",
                  "ref": "X000007.1.2",
                  "inst": "%akk:1/3=",
                  "f": {
                    "lang": "akk",
                    "form": "1/3"
                  }
                },
                {
                  "node": "l",
                  "frag": "NINDA",
                  "id": "X000007.l0002d",
                  "ref": "X000007.1.3",
                  "inst": "%akk:NINDA=",
                  "f": {
                    "lang": "akk",
                    "form": "NINDA"
                  }
                },
                {
                  "node": "d",
                  "type": "line-start",
                  "ref": "X000007.2",
                  "n": "2",
                  "label": "2"
                },
                {
                  "node": "l",
                  "frag": "E₂.GAL",
                  "id": "X000007.l0002e",
                  "ref": "X000007.2.1",
                  "inst": "%akk:E₂.GAL=",
                  "f": {
                    "lang": "akk",
                    "form": "E₂.GAL"
                  }
                },
                {
                  "node": "l",
                  "frag": "LU₂-{d}AMAR.UTU",
                  "id": "X000007.l0002f",
                  "ref": "X000007.2.2",
                  "inst": "%akk:LU₂-{d}AMAR.UTU=",
                  "f": {
                    "lang": "akk",
                    "form": "LU₂-{d}AMAR.UTU"
                  }
                },
                {
                  "node": "l",
                  "frag": "LUGAL",
                  "id": "X000007.l00030",
                  "ref": "X000007.2.3",
                  "inst": "%akk:LUGAL=",
                  "f": {
                    "lang": "akk",
                    "form": "LUGAL"
                  }
                },
                {
                  "node": "l",
                  "frag": "TIN.TIR{ki}",
                  "id": "X000007.l00031",
                  "ref": "X000007.2.4",
                  "inst": "%akk:TIN.TIR{KI}=",
                  "f": {
                    "lang": "akk",
                    "form": "TIN.TIR{KI}"
                  }
                },
                {
                  "node": "d",
                  "type": "line-start",
                  "ref": "X000007.3",
                  "n": "3",
                  "label": "3"
                },
                {
                  "node": "l",
                  "frag": "DUMU",
                  "id": "X000007.l00032",
                  "ref": "X000007.3.1",
                  "inst": "%akk:DUMU=",
                  "f": {
                    "lang": "akk",
                    "form": "DUMU"
                  }
                },
                {
                  "node": "l",
                  "frag": "{d}MUATI-⸢NIG₂.DU-URU₃⸣",
                  "id": "X000007.l00033",
                  "ref": "X000007.3.2",
                  "inst": "%akk:{d}MUATI-NIG₂.DU-URU₃=",
                  "f": {
                    "lang": "akk",
                    "form": "{d}MUATI-NIG₂.DU-URU₃"
                  }
                },
                {
                  "node": "l",
                  "frag": "LUGAL",
                  "id": "X000007.l00034",
                  "ref": "X000007.3.3",
                  "inst": "%akk:LUGAL=",
                  "f": {
                    "lang": "akk",
                    "form": "LUGAL"
                  }
                },
                {
                  "node": "l",
                  "frag": "TIN.TIR{ki}",
                  "id": "X000007.l00035",
                  "ref": "X000007.3.4",
                  "inst": "%akk:TIN.TIR{KI}=",
                  "f": {
                    "lang": "akk",
                    "form": "TIN.TIR{KI}"
                  }
                }
              ]
            }
          ]
        }
      ]
    }
  ]
}
