{
  "type": "cdl",
  "source": "http://oracc.org/ribo/sources",
  "license": "This data is released under the CC0 license",
  "license-url": "https://creativecommons.org/publicdomain/zero/1.0/",
  "more-info": "http://oracc.org/doc/opendata/",
  "UTC-timestamp": "2017-06-10T00:15:28",
  "project": "ribo/sources",
  "textid": "X000030",
  "cdl": [
    {
      "node": "c",
      "type": "text",
      "id": "X000030.U0",
      "cdl": [
        {
          "node": "d",
          "type": "object",
          "ref": ""
        },
        {
          "node": "d",
          "type": "surface",
          "ref": ""
        },
        {
          "node": "d",
          "type": "nonx",
          "ref": "X000030.1",
          "strict": "0",
          "extent": "1",
          "scope": "object",
          "state": "other"
        }
      ]
    }
  ]
}
