{
  "type": "glossary",
  "project": "glass",
  "source": "http://oracc.org/glass",
  "license": "This data is released under the CC0 license",
  "license-url": "https://creativecommons.org/publicdomain/zero/1.0/",
  "more-info": "http://oracc.org/doc/opendata/",
  "UTC-timestamp": "2017-06-10T00:02:36",
  "lang": "qpn-x-divine",
  "entries": [
    {
      "headword": "Ea[1]DN",
      "id": "qpn-x-divine.x000004",
      "icount": "1",
      "ipct": "100",
      "xis": "qpn.r00000",
      "cf": "Ea",
      "gw": "1",
      "pos": "DN",
      "forms": [
        {
          "type": "form",
          "id": "qpn-x-divine.x000005",
          "n": "{d}e₂-a",
          "icount": "1",
          "ipct": "100",
          "xis": "qpn.r00000"
        }
      ],
      "norms": [
        {
          "id": "qpn-x-divine.x000006",
          "icount": "1",
          "ipct": "100",
          "xis": "qpn.r00000",
          "n": "Ea",
          "forms": [
            {
              "type": "normform",
              "id": "qpn-x-divine.x000007",
              "ref": "qpn-x-divine.x000005",
              "icount": "1",
              "ipct": "100",
              "xis": "qpn.r00000"
            }
          ]
        }
      ],
      "senses": [
        {
          "type": "sense",
          "id": "qpn-x-divine.x000008",
          "n": "Ea[1//1]DN'DN",
          "icount": "1",
          "ipct": "100",
          "xis": "qpn.r00000",
          "pos": "DN",
          "mng": "1",
          "forms": [
            {
              "type": "form",
              "id": "qpn-x-divine.x000009",
              "n": "%akk-x-stdbab:{d}e₂-a",
              "icount": "1",
              "ipct": "100",
              "xis": "qpn.r00000"
            }
          ],
          "norms": [
            {
              "id": "qpn-x-divine.x000010",
              "n": "Ea",
              "icount": "1",
              "ipct": "100",
              "xis": "qpn.r00000"
            }
          ],
          "sigs": [
            {
              "type": "sig",
              "id": "qpn-x-divine.x000011",
              "sig": "@glass%akk-x-stdbab:{d}e₂-a=Ea[1//1]DN'DN$Ea",
              "icount": "1",
              "ipct": "100",
              "xis": "qpn.r00000"
            }
          ]
        }
      ]
    },
    {
      "headword": "Kubu[foetus]DN",
      "id": "qpn-x-divine.x000001",
      "icount": "8",
      "ipct": "100",
      "xis": "qpn.r00001",
      "cf": "Kubu",
      "gw": "foetus",
      "pos": "DN",
      "forms": [
        {
          "type": "form",
          "id": "qpn-x-divine.x000012",
          "n": "{d}KU₃-be",
          "icount": "1",
          "ipct": "13",
          "xis": "qpn.r00002"
        },
        {
          "type": "form",
          "id": "qpn-x-divine.x000013",
          "n": "{d}KU₃.BU-MEŠ",
          "icount": "7",
          "ipct": "88",
          "xis": "qpn.r00003"
        }
      ],
      "norms": [
        {
          "id": "qpn-x-divine.x000014",
          "icount": "1",
          "ipct": "13",
          "xis": "qpn.r00002",
          "n": "kūbē",
          "forms": [
            {
              "type": "normform",
              "id": "qpn-x-divine.x000015",
              "ref": "qpn-x-divine.x000012",
              "icount": "1",
              "ipct": "13",
              "xis": "qpn.r00002"
            }
          ]
        },
        {
          "id": "qpn-x-divine.x000016",
          "icount": "7",
          "ipct": "88",
          "xis": "qpn.r00003",
          "n": "kūbī",
          "forms": [
            {
              "type": "normform",
              "id": "qpn-x-divine.x000017",
              "ref": "qpn-x-divine.x000013",
              "icount": "7",
              "ipct": "88",
              "xis": "qpn.r00003"
            }
          ]
        }
      ],
      "senses": [
        {
          "type": "sense",
          "id": "qpn-x-divine.x000018",
          "n": "Kubu[foetus//foetus]DN'DN",
          "icount": "8",
          "ipct": "100",
          "xis": "qpn.r00001",
          "pos": "DN",
          "mng": "foetus",
          "forms": [
            {
              "type": "form",
              "id": "qpn-x-divine.x000019",
              "n": "%akk-x-stdbab:{d}KU₃-be",
              "icount": "1",
              "ipct": "13",
              "xis": "qpn.r00002"
            },
            {
              "type": "form",
              "id": "qpn-x-divine.x000020",
              "n": "%akk-x-stdbab:{d}KU₃.BU-MEŠ",
              "icount": "7",
              "ipct": "88",
              "xis": "qpn.r00003"
            }
          ],
          "norms": [
            {
              "id": "qpn-x-divine.x000021",
              "n": "kūbē",
              "icount": "1",
              "ipct": "13",
              "xis": "qpn.r00002"
            },
            {
              "id": "qpn-x-divine.x000022",
              "n": "kūbī",
              "icount": "7",
              "ipct": "88",
              "xis": "qpn.r00003"
            }
          ],
          "sigs": [
            {
              "type": "sig",
              "id": "qpn-x-divine.x000023",
              "sig": "@glass%akk-x-stdbab:{d}KU₃-be=Kubu[foetus//foetus]DN'DN$kūbē",
              "icount": "1",
              "ipct": "13",
              "xis": "qpn.r00002"
            },
            {
              "type": "sig",
              "id": "qpn-x-divine.x000024",
              "sig": "@glass%akk-x-stdbab:{d}KU₃.BU-MEŠ=Kubu[foetus//foetus]DN'DN$kūbī",
              "icount": "7",
              "ipct": "88",
              "xis": "qpn.r00003"
            }
          ]
        }
      ]
    },
    {
      "headword": "Nabu[1]DN",
      "id": "qpn-x-divine.x000002",
      "icount": "6",
      "ipct": "100",
      "xis": "qpn.r00004",
      "cf": "Nabu",
      "gw": "1",
      "pos": "DN",
      "forms": [
        {
          "type": "form",
          "id": "qpn-x-divine.x000025",
          "n": "{d}MU.DU₁₀.GA.SA₄.A",
          "icount": "1",
          "ipct": "17",
          "xis": "qpn.r00005"
        },
        {
          "type": "form",
          "id": "qpn-x-divine.x000026",
          "n": "{d}MUATI",
          "icount": "1",
          "ipct": "17",
          "xis": "qpn.r00006"
        },
        {
          "type": "form",
          "id": "qpn-x-divine.x000027",
          "n": "{d}NA₃",
          "icount": "4",
          "ipct": "67",
          "xis": "qpn.r00007"
        }
      ],
      "norms": [
        {
          "id": "qpn-x-divine.x000028",
          "icount": "6",
          "ipct": "100",
          "xis": "qpn.r00004",
          "n": "Nabu",
          "forms": [
            {
              "type": "normform",
              "id": "qpn-x-divine.x000029",
              "ref": "qpn-x-divine.x000025",
              "icount": "1",
              "ipct": "17",
              "xis": "qpn.r00005"
            },
            {
              "type": "normform",
              "id": "qpn-x-divine.x000030",
              "ref": "qpn-x-divine.x000026",
              "icount": "1",
              "ipct": "17",
              "xis": "qpn.r00006"
            },
            {
              "type": "normform",
              "id": "qpn-x-divine.x000031",
              "ref": "qpn-x-divine.x000027",
              "icount": "4",
              "ipct": "67",
              "xis": "qpn.r00007"
            }
          ]
        }
      ],
      "senses": [
        {
          "type": "sense",
          "id": "qpn-x-divine.x000032",
          "n": "Nabu[1//1]DN'DN",
          "icount": "6",
          "ipct": "100",
          "xis": "qpn.r00004",
          "pos": "DN",
          "mng": "1",
          "forms": [
            {
              "type": "form",
              "id": "qpn-x-divine.x000033",
              "n": "%akk-x-stdbab:{d}MU.DU₁₀.GA.SA₄.A",
              "icount": "1",
              "ipct": "17",
              "xis": "qpn.r00005"
            },
            {
              "type": "form",
              "id": "qpn-x-divine.x000034",
              "n": "%akk-x-stdbab:{d}MUATI",
              "icount": "1",
              "ipct": "17",
              "xis": "qpn.r00006"
            },
            {
              "type": "form",
              "id": "qpn-x-divine.x000035",
              "n": "%akk-x-stdbab:{d}NA₃",
              "icount": "4",
              "ipct": "67",
              "xis": "qpn.r00007"
            }
          ],
          "norms": [
            {
              "id": "qpn-x-divine.x000036",
              "n": "Nabu",
              "icount": "6",
              "ipct": "100",
              "xis": "qpn.r00004"
            }
          ],
          "sigs": [
            {
              "type": "sig",
              "id": "qpn-x-divine.x000037",
              "sig": "@glass%akk-x-stdbab:{d}MU.DU₁₀.GA.SA₄.A=Nabu[1//1]DN'DN$Nabu",
              "icount": "1",
              "ipct": "17",
              "xis": "qpn.r00005"
            },
            {
              "type": "sig",
              "id": "qpn-x-divine.x000038",
              "sig": "@glass%akk-x-stdbab:{d}MUATI=Nabu[1//1]DN'DN$Nabu",
              "icount": "1",
              "ipct": "17",
              "xis": "qpn.r00006"
            },
            {
              "type": "sig",
              "id": "qpn-x-divine.x000039",
              "sig": "@glass%akk-x-stdbab:{d}NA₃=Nabu[1//1]DN'DN$Nabu",
              "icount": "4",
              "ipct": "67",
              "xis": "qpn.r00007"
            }
          ]
        }
      ]
    },
    {
      "headword": "Tašmetu[1]DN",
      "id": "qpn-x-divine.x000003",
      "icount": "3",
      "ipct": "100",
      "xis": "qpn.r00008",
      "cf": "Tašmetu",
      "gw": "1",
      "pos": "DN",
      "forms": [
        {
          "type": "form",
          "id": "qpn-x-divine.x000040",
          "n": "{d}PAPNUN",
          "icount": "3",
          "ipct": "100",
          "xis": "qpn.r00008"
        }
      ],
      "norms": [
        {
          "id": "qpn-x-divine.x000041",
          "icount": "3",
          "ipct": "100",
          "xis": "qpn.r00008",
          "n": "Tašmetu",
          "forms": [
            {
              "type": "normform",
              "id": "qpn-x-divine.x000042",
              "ref": "qpn-x-divine.x000040",
              "icount": "3",
              "ipct": "100",
              "xis": "qpn.r00008"
            }
          ]
        }
      ],
      "senses": [
        {
          "type": "sense",
          "id": "qpn-x-divine.x000043",
          "n": "Tašmetu[1//1]DN'DN",
          "icount": "3",
          "ipct": "100",
          "xis": "qpn.r00008",
          "pos": "DN",
          "mng": "1",
          "forms": [
            {
              "type": "form",
              "id": "qpn-x-divine.x000044",
              "n": "%akk-x-stdbab:{d}PAPNUN",
              "icount": "3",
              "ipct": "100",
              "xis": "qpn.r00008"
            }
          ],
          "norms": [
            {
              "id": "qpn-x-divine.x000045",
              "n": "Tašmetu",
              "icount": "3",
              "ipct": "100",
              "xis": "qpn.r00008"
            }
          ],
          "sigs": [
            {
              "type": "sig",
              "id": "qpn-x-divine.x000046",
              "sig": "@glass%akk-x-stdbab:{d}PAPNUN=Tašmetu[1//1]DN'DN$Tašmetu",
              "icount": "3",
              "ipct": "100",
              "xis": "qpn.r00008"
            }
          ]
        }
      ]
    },
    {
      "headword": "Šamaš[1]DN",
      "id": "qpn-x-divine.x000000",
      "icount": "4",
      "ipct": "100",
      "xis": "qpn.r00009",
      "cf": "Šamaš",
      "gw": "1",
      "pos": "DN",
      "forms": [
        {
          "type": "form",
          "id": "qpn-x-divine.x000047",
          "n": "{d}šam-še",
          "icount": "1",
          "ipct": "25",
          "xis": "qpn.r0000a"
        },
        {
          "type": "form",
          "id": "qpn-x-divine.x000048",
          "n": "{d}šam-šu",
          "icount": "3",
          "ipct": "75",
          "xis": "qpn.r0000b"
        }
      ],
      "norms": [
        {
          "id": "qpn-x-divine.x000049",
          "icount": "1",
          "ipct": "25",
          "xis": "qpn.r0000a",
          "n": "šamše",
          "forms": [
            {
              "type": "normform",
              "id": "qpn-x-divine.x000050",
              "ref": "qpn-x-divine.x000047",
              "icount": "1",
              "ipct": "25",
              "xis": "qpn.r0000a"
            }
          ]
        },
        {
          "id": "qpn-x-divine.x000051",
          "icount": "3",
          "ipct": "75",
          "xis": "qpn.r0000b",
          "n": "šamšu",
          "forms": [
            {
              "type": "normform",
              "id": "qpn-x-divine.x000052",
              "ref": "qpn-x-divine.x000048",
              "icount": "3",
              "ipct": "75",
              "xis": "qpn.r0000b"
            }
          ]
        }
      ],
      "senses": [
        {
          "type": "sense",
          "id": "qpn-x-divine.x000053",
          "n": "Šamaš[1//1]DN'DN",
          "icount": "4",
          "ipct": "100",
          "xis": "qpn.r00009",
          "pos": "DN",
          "mng": "1",
          "forms": [
            {
              "type": "form",
              "id": "qpn-x-divine.x000054",
              "n": "%akk-x-midass:{d}šam-še",
              "icount": "1",
              "ipct": "25",
              "xis": "qpn.r0000a"
            },
            {
              "type": "form",
              "id": "qpn-x-divine.x000055",
              "n": "%akk-x-midass:{d}šam-šu",
              "icount": "3",
              "ipct": "75",
              "xis": "qpn.r0000b"
            }
          ],
          "norms": [
            {
              "id": "qpn-x-divine.x000056",
              "n": "šamše",
              "icount": "1",
              "ipct": "25",
              "xis": "qpn.r0000a"
            },
            {
              "id": "qpn-x-divine.x000057",
              "n": "šamšu",
              "icount": "3",
              "ipct": "75",
              "xis": "qpn.r0000b"
            }
          ],
          "sigs": [
            {
              "type": "sig",
              "id": "qpn-x-divine.x000058",
              "sig": "@glass%akk-x-midass:{d}šam-še=Šamaš[1//1]DN'DN$šamše",
              "icount": "1",
              "ipct": "25",
              "xis": "qpn.r0000a"
            },
            {
              "type": "sig",
              "id": "qpn-x-divine.x000059",
              "sig": "@glass%akk-x-midass:{d}šam-šu=Šamaš[1//1]DN'DN$šamšu",
              "icount": "3",
              "ipct": "75",
              "xis": "qpn.r0000b"
            }
          ]
        }
      ]
    }
  ],
  "instances": {
    "qpn.r00000": [
      "glass:P395468.120.2"
    ],
    "qpn.r00008": [
      "glass:P393786.181.3",
      "glass:P395469.27.4",
      "glass:P395469.45.1"
    ],
    "qpn.r00003": [
      "glass:P393786.13.4",
      "glass:P393786.9.1",
      "glass:P394484.6.1",
      "glass:P394484.8.8",
      "glass:P396928.5.2",
      "glass:P396928.6.3",
      "glass:P396928.7.5"
    ],
    "qpn.r00005": [
      "glass:P395469.49.4"
    ],
    "qpn.r00006": [
      "glass:P393786.181.2"
    ],
    "qpn.r00007": [
      "glass:P395469.27.2",
      "glass:P395469.31.2",
      "glass:P395469.36.4",
      "glass:P395469.39.1"
    ],
    "qpn.r00009": [
      "glass:P282617.10.2",
      "glass:P282617.11.4",
      "glass:P282617.61.2",
      "glass:P282617.67.2"
    ],
    "qpn.r0000a": [
      "glass:P282617.10.2"
    ],
    "qpn.r0000b": [
      "glass:P282617.11.4",
      "glass:P282617.61.2",
      "glass:P282617.67.2"
    ],
    "qpn.r00001": [
      "glass:P393786.13.4",
      "glass:P393786.9.1",
      "glass:P394484.6.1",
      "glass:P394484.8.8",
      "glass:P395468.81.5",
      "glass:P396928.5.2",
      "glass:P396928.6.3",
      "glass:P396928.7.5"
    ],
    "qpn.r00002": [
      "glass:P395468.81.5"
    ],
    "qpn.r00004": [
      "glass:P393786.181.2",
      "glass:P395469.27.2",
      "glass:P395469.31.2",
      "glass:P395469.36.4",
      "glass:P395469.39.1",
      "glass:P395469.49.4"
    ],
    "qpn.r00000.p.s000": [
      "glass:P395468.120.2"
    ],
    "qpn.r00008.p.s000": [
      "glass:P393786.181.3",
      "glass:P395469.27.4",
      "glass:P395469.45.1"
    ],
    "qpn.r00003.p.s000": [
      "glass:P393786.9.1",
      "glass:P393786.13.4",
      "glass:P394484.6.1",
      "glass:P394484.8.8",
      "glass:P396928.5.2",
      "glass:P396928.6.3",
      "glass:P396928.7.5"
    ],
    "qpn.r00005.p.s000": [
      "glass:P395469.49.4"
    ],
    "qpn.r00006.p.s000": [
      "glass:P393786.181.2"
    ],
    "qpn.r00007.p.s000": [
      "glass:P395469.27.2",
      "glass:P395469.31.2",
      "glass:P395469.36.4",
      "glass:P395469.39.1"
    ],
    "qpn.r00009.p.s000": [
      "glass:P282617.10.2",
      "glass:P282617.11.4",
      "glass:P282617.61.2",
      "glass:P282617.67.2"
    ],
    "qpn.r0000a.p.s000": [
      "glass:P282617.10.2"
    ],
    "qpn.r0000b.p.s000": [
      "glass:P282617.11.4",
      "glass:P282617.61.2",
      "glass:P282617.67.2"
    ],
    "qpn.r00001.p.s000": [
      "glass:P393786.9.1",
      "glass:P393786.13.4",
      "glass:P394484.6.1",
      "glass:P394484.8.8",
      "glass:P395468.81.5",
      "glass:P396928.5.2",
      "glass:P396928.6.3",
      "glass:P396928.7.5"
    ],
    "qpn.r00002.p.s000": [
      "glass:P395468.81.5"
    ],
    "qpn.r00004.p.s000": [
      "glass:P393786.181.2",
      "glass:P395469.27.2",
      "glass:P395469.31.2",
      "glass:P395469.36.4",
      "glass:P395469.39.1",
      "glass:P395469.49.4"
    ]
  }
}
