{
  "type": "cdl",
  "source": "http://oracc.org/saao/saa17",
  "license": "This data is released under the CC0 license",
  "license-url": "https://creativecommons.org/publicdomain/zero/1.0/",
  "more-info": "http://oracc.org/doc/opendata/",
  "UTC-timestamp": "2017-06-10T00:58:23",
  "project": "saao/saa17",
  "textid": "P236889",
  "cdl": [
    {
      "node": "c",
      "type": "text",
      "id": "P236889.U0",
      "cdl": [
        {
          "node": "d",
          "type": "object",
          "ref": ""
        },
        {
          "node": "d",
          "subtype": "obverse",
          "type": "obverse",
          "ref": "P236889.o.1",
          "label": "o"
        },
        {
          "node": "d",
          "type": "nonx",
          "ref": "P236889.2",
          "strict": "0",
          "extent": "beginning",
          "state": "missing"
        },
        {
          "node": "c",
          "type": "discourse",
          "subtype": "body",
          "id": "P236889.U1",
          "cdl": [
            {
              "node": "c",
              "type": "sentence",
              "id": "P236889.U2",
              "label": "o 1' - o 8'",
              "cdl": [
                {
                  "node": "d",
                  "type": "line-start",
                  "ref": "P236889.3",
                  "n": "1'",
                  "label": "o 1'"
                },
                {
                  "node": "l",
                  "frag": "[x",
                  "id": "P236889.l06ecd",
                  "ref": "P236889.3.1",
                  "inst": "u",
                  "f": {
                    "lang": "akk-x-neobab",
                    "form": "x",
                    "pos": "u"
                  }
                },
                {
                  "node": "l",
                  "frag": "x]+⸢x⸣",
                  "id": "P236889.l06ece",
                  "ref": "P236889.3.2",
                  "inst": "u",
                  "f": {
                    "lang": "akk-x-neobab",
                    "form": "x+x",
                    "pos": "u"
                  }
                },
                {
                  "node": "l",
                  "frag": "{1}{d}⸢AG-x⸣+[x",
                  "id": "P236889.l06ecf",
                  "ref": "P236889.3.3",
                  "inst": "u",
                  "f": {
                    "lang": "akk-x-neobab",
                    "form": "{1}{d}AG-x+x",
                    "pos": "u"
                  }
                },
                {
                  "node": "l",
                  "frag": "x",
                  "id": "P236889.l06ed0",
                  "ref": "P236889.3.4",
                  "inst": "u",
                  "f": {
                    "lang": "akk-x-neobab",
                    "form": "x",
                    "pos": "u"
                  }
                },
                {
                  "node": "l",
                  "frag": "x",
                  "id": "P236889.l06ed1",
                  "ref": "P236889.3.5",
                  "inst": "u",
                  "f": {
                    "lang": "akk-x-neobab",
                    "form": "x",
                    "pos": "u"
                  }
                },
                {
                  "node": "l",
                  "frag": "x",
                  "id": "P236889.l06ed2",
                  "ref": "P236889.3.6",
                  "inst": "u",
                  "f": {
                    "lang": "akk-x-neobab",
                    "form": "x",
                    "pos": "u"
                  }
                },
                {
                  "node": "l",
                  "frag": "x]",
                  "id": "P236889.l06ed3",
                  "ref": "P236889.3.7",
                  "inst": "u",
                  "f": {
                    "lang": "akk-x-neobab",
                    "form": "x",
                    "pos": "u"
                  }
                },
                {
                  "node": "d",
                  "type": "line-start",
                  "ref": "P236889.4",
                  "n": "2'",
                  "label": "o 2'"
                },
                {
                  "node": "l",
                  "frag": "[x]-ṣab",
                  "id": "P236889.l06ed4",
                  "ref": "P236889.4.1",
                  "inst": "u",
                  "f": {
                    "lang": "akk-x-neobab",
                    "form": "x-ṣab",
                    "pos": "u"
                  }
                },
                {
                  "node": "l",
                  "frag": "ša₂",
                  "id": "P236889.l06ed5",
                  "ref": "P236889.4.2",
                  "inst": "ša[which]REL",
                  "sig": "@saao/saa17%akk-x-neobab:ša₂=ša[that//which]REL'REL$ša",
                  "f": {
                    "lang": "akk-x-neobab",
                    "form": "ša₂",
                    "cf": "ša",
                    "gw": "that",
                    "sense": "which",
                    "norm": "ša",
                    "pos": "REL",
                    "epos": "REL"
                  }
                },
                {
                  "node": "l",
                  "frag": "a-na",
                  "id": "P236889.l06ed6",
                  "ref": "P236889.4.3",
                  "inst": "ana[to]PRP",
                  "sig": "@saao/saa17%akk-x-neobab:a-na=ana[to//to]PRP'PRP$ana",
                  "f": {
                    "lang": "akk-x-neobab",
                    "form": "a-na",
                    "cf": "ana",
                    "gw": "to",
                    "sense": "to",
                    "norm": "ana",
                    "pos": "PRP",
                    "epos": "PRP"
                  }
                },
                {
                  "node": "l",
                  "frag": "{1}hu-di-[x",
                  "id": "P236889.l06ed7",
                  "ref": "P236889.4.4",
                  "inst": "u",
                  "f": {
                    "lang": "akk-x-neobab",
                    "form": "{1}hu-di-x",
                    "pos": "u"
                  }
                },
                {
                  "node": "l",
                  "frag": "x",
                  "id": "P236889.l06ed8",
                  "ref": "P236889.4.5",
                  "inst": "u",
                  "f": {
                    "lang": "akk-x-neobab",
                    "form": "x",
                    "pos": "u"
                  }
                },
                {
                  "node": "l",
                  "frag": "x",
                  "id": "P236889.l06ed9",
                  "ref": "P236889.4.6",
                  "inst": "u",
                  "f": {
                    "lang": "akk-x-neobab",
                    "form": "x",
                    "pos": "u"
                  }
                },
                {
                  "node": "l",
                  "frag": "x]",
                  "id": "P236889.l06eda",
                  "ref": "P236889.4.7",
                  "inst": "u",
                  "f": {
                    "lang": "akk-x-neobab",
                    "form": "x",
                    "pos": "u"
                  }
                },
                {
                  "node": "d",
                  "type": "line-start",
                  "ref": "P236889.5",
                  "n": "3'",
                  "label": "o 3'"
                },
                {
                  "node": "l",
                  "frag": "[x",
                  "id": "P236889.l06edb",
                  "ref": "P236889.5.1",
                  "inst": "u",
                  "f": {
                    "lang": "akk-x-neobab",
                    "form": "x",
                    "pos": "u"
                  }
                },
                {
                  "node": "l",
                  "frag": "x]",
                  "id": "P236889.l06edc",
                  "ref": "P236889.5.2",
                  "inst": "u",
                  "f": {
                    "lang": "akk-x-neobab",
                    "form": "x",
                    "pos": "u"
                  }
                },
                {
                  "node": "l",
                  "frag": "{1}{d}AG-ŠEŠ-MEŠ-⸢eri-ba⸣",
                  "id": "P236889.l06edd",
                  "ref": "P236889.5.3",
                  "inst": "Nabu-ahhe-eriba[1]PN$",
                  "sig": "@saao/saa17%akk-x-neobab:{1}{d}AG-ŠEŠ-MEŠ-eri-ba=Nabu-ahhe-eriba[1//1]PN'PN$Nabu-ahhe-eriba",
                  "f": {
                    "lang": "akk-x-neobab",
                    "form": "{1}{d}AG-ŠEŠ-MEŠ-eri-ba",
                    "cf": "Nabu-ahhe-eriba",
                    "gw": "1",
                    "sense": "1",
                    "norm": "Nabu-ahhe-eriba",
                    "pos": "PN",
                    "epos": "PN"
                  }
                },
                {
                  "node": "l",
                  "frag": "[x",
                  "id": "P236889.l06ede",
                  "ref": "P236889.5.4",
                  "inst": "u",
                  "f": {
                    "lang": "akk-x-neobab",
                    "form": "x",
                    "pos": "u"
                  }
                },
                {
                  "node": "l",
                  "frag": "x",
                  "id": "P236889.l06edf",
                  "ref": "P236889.5.5",
                  "inst": "u",
                  "f": {
                    "lang": "akk-x-neobab",
                    "form": "x",
                    "pos": "u"
                  }
                },
                {
                  "node": "l",
                  "frag": "x",
                  "id": "P236889.l06ee0",
                  "ref": "P236889.5.6",
                  "inst": "u",
                  "f": {
                    "lang": "akk-x-neobab",
                    "form": "x",
                    "pos": "u"
                  }
                },
                {
                  "node": "l",
                  "frag": "x]",
                  "id": "P236889.l06ee1",
                  "ref": "P236889.5.7",
                  "inst": "u",
                  "f": {
                    "lang": "akk-x-neobab",
                    "form": "x",
                    "pos": "u"
                  }
                },
                {
                  "node": "d",
                  "type": "line-start",
                  "ref": "P236889.6",
                  "n": "4'",
                  "label": "o 4'"
                },
                {
                  "node": "l",
                  "frag": "[x",
                  "id": "P236889.l06ee2",
                  "ref": "P236889.6.1",
                  "inst": "u",
                  "f": {
                    "lang": "akk-x-neobab",
                    "form": "x",
                    "pos": "u"
                  }
                },
                {
                  "node": "l",
                  "frag": "x]",
                  "id": "P236889.l06ee3",
                  "ref": "P236889.6.2",
                  "inst": "u",
                  "f": {
                    "lang": "akk-x-neobab",
                    "form": "x",
                    "pos": "u"
                  }
                },
                {
                  "node": "l",
                  "frag": "{1}{d}AG-KAR-ir",
                  "id": "P236889.l06ee4",
                  "ref": "P236889.6.3",
                  "inst": "Nabu-eṭir[1]PN$",
                  "sig": "@saao/saa17%akk-x-neobab:{1}{d}AG-KAR-ir=Nabu-eṭir[1//1]PN'PN$Nabu-eṭir",
                  "f": {
                    "lang": "akk-x-neobab",
                    "form": "{1}{d}AG-KAR-ir",
                    "cf": "Nabu-eṭir",
                    "gw": "1",
                    "sense": "1",
                    "norm": "Nabu-eṭir",
                    "pos": "PN",
                    "epos": "PN"
                  }
                },
                {
                  "node": "l",
                  "frag": "DUMU",
                  "id": "P236889.l06ee5",
                  "ref": "P236889.6.4",
                  "inst": "mār[son]N",
                  "sig": "@saao/saa17%akk-x-neobab:DUMU=māru[son//son]N'N$mār",
                  "f": {
                    "lang": "akk-x-neobab",
                    "form": "DUMU",
                    "cf": "māru",
                    "gw": "son",
                    "sense": "son",
                    "norm": "mār",
                    "pos": "N",
                    "epos": "N"
                  }
                },
                {
                  "node": "l",
                  "frag": "{1}{[d]}⸢AG⸣-[x",
                  "id": "P236889.l06ee6",
                  "ref": "P236889.6.5",
                  "inst": "u",
                  "f": {
                    "lang": "akk-x-neobab",
                    "form": "{1}{d}AG-x",
                    "pos": "u"
                  }
                },
                {
                  "node": "l",
                  "frag": "x",
                  "id": "P236889.l06ee7",
                  "ref": "P236889.6.6",
                  "inst": "u",
                  "f": {
                    "lang": "akk-x-neobab",
                    "form": "x",
                    "pos": "u"
                  }
                },
                {
                  "node": "l",
                  "frag": "x",
                  "id": "P236889.l06ee8",
                  "ref": "P236889.6.7",
                  "inst": "u",
                  "f": {
                    "lang": "akk-x-neobab",
                    "form": "x",
                    "pos": "u"
                  }
                },
                {
                  "node": "l",
                  "frag": "x]",
                  "id": "P236889.l06ee9",
                  "ref": "P236889.6.8",
                  "inst": "u",
                  "f": {
                    "lang": "akk-x-neobab",
                    "form": "x",
                    "pos": "u"
                  }
                },
                {
                  "node": "d",
                  "type": "line-start",
                  "ref": "P236889.7",
                  "n": "5'",
                  "label": "o 5'"
                },
                {
                  "node": "l",
                  "frag": "[x",
                  "id": "P236889.l06eea",
                  "ref": "P236889.7.1",
                  "inst": "u",
                  "f": {
                    "lang": "akk-x-neobab",
                    "form": "x",
                    "pos": "u"
                  }
                },
                {
                  "node": "l",
                  "frag": "x",
                  "id": "P236889.l06eeb",
                  "ref": "P236889.7.2",
                  "inst": "u",
                  "f": {
                    "lang": "akk-x-neobab",
                    "form": "x",
                    "pos": "u"
                  }
                },
                {
                  "node": "l",
                  "frag": "x",
                  "id": "P236889.l06eec",
                  "ref": "P236889.7.3",
                  "inst": "u",
                  "f": {
                    "lang": "akk-x-neobab",
                    "form": "x",
                    "pos": "u"
                  }
                },
                {
                  "node": "l",
                  "frag": "{1}{d}AMAR].⸢UTU-SUM⸣-na",
                  "id": "P236889.l06eed",
                  "ref": "P236889.7.4",
                  "inst": "Marduk-iddina[1]PN$",
                  "sig": "@saao/saa17%akk-x-neobab:{1}{d}AMAR.UTU-SUM-na=Marduk-iddina[1//1]PN'PN$Marduk-iddina",
                  "f": {
                    "lang": "akk-x-neobab",
                    "form": "{1}{d}AMAR.UTU-SUM-na",
                    "cf": "Marduk-iddina",
                    "gw": "1",
                    "sense": "1",
                    "norm": "Marduk-iddina",
                    "pos": "PN",
                    "epos": "PN"
                  }
                },
                {
                  "node": "l",
                  "frag": "u₃",
                  "id": "P236889.l06eee",
                  "ref": "P236889.7.5",
                  "inst": "u[and]CNJ",
                  "sig": "@saao/saa17%akk-x-neobab:u₃=u[and//and]CNJ'CNJ$u",
                  "f": {
                    "lang": "akk-x-neobab",
                    "form": "u₃",
                    "cf": "u",
                    "gw": "and",
                    "sense": "and",
                    "norm": "u",
                    "pos": "CNJ",
                    "epos": "CNJ"
                  }
                },
                {
                  "node": "l",
                  "frag": "{lu₂}[x",
                  "id": "P236889.l06eef",
                  "ref": "P236889.7.6",
                  "inst": "u",
                  "f": {
                    "lang": "akk-x-neobab",
                    "form": "{LU₂}x",
                    "pos": "u"
                  }
                },
                {
                  "node": "l",
                  "frag": "x",
                  "id": "P236889.l06ef0",
                  "ref": "P236889.7.7",
                  "inst": "u",
                  "f": {
                    "lang": "akk-x-neobab",
                    "form": "x",
                    "pos": "u"
                  }
                },
                {
                  "node": "l",
                  "frag": "x]",
                  "id": "P236889.l06ef1",
                  "ref": "P236889.7.8",
                  "inst": "u",
                  "f": {
                    "lang": "akk-x-neobab",
                    "form": "x",
                    "pos": "u"
                  }
                },
                {
                  "node": "d",
                  "type": "line-start",
                  "ref": "P236889.8",
                  "n": "6'",
                  "label": "o 6'"
                },
                {
                  "node": "l",
                  "frag": "[x",
                  "id": "P236889.l06ef2",
                  "ref": "P236889.8.1",
                  "inst": "u",
                  "f": {
                    "lang": "akk-x-neobab",
                    "form": "x",
                    "pos": "u"
                  }
                },
                {
                  "node": "l",
                  "frag": "x",
                  "id": "P236889.l06ef3",
                  "ref": "P236889.8.2",
                  "inst": "u",
                  "f": {
                    "lang": "akk-x-neobab",
                    "form": "x",
                    "pos": "u"
                  }
                },
                {
                  "node": "l",
                  "frag": "x",
                  "id": "P236889.l06ef4",
                  "ref": "P236889.8.3",
                  "inst": "u",
                  "f": {
                    "lang": "akk-x-neobab",
                    "form": "x",
                    "pos": "u"
                  }
                },
                {
                  "node": "l",
                  "frag": "{1}da]-bi-bi",
                  "id": "P236889.l06ef5",
                  "ref": "P236889.8.4",
                  "inst": "Dabibi[1]PN$",
                  "sig": "@saao/saa17%akk-x-neobab:{1}da-bi-bi=Dabibi[1//1]PN'PN$Dabibi",
                  "f": {
                    "lang": "akk-x-neobab",
                    "form": "{1}da-bi-bi",
                    "cf": "Dabibi",
                    "gw": "1",
                    "sense": "1",
                    "norm": "Dabibi",
                    "pos": "PN",
                    "epos": "PN"
                  }
                },
                {
                  "node": "l",
                  "frag": "u₃",
                  "id": "P236889.l06ef6",
                  "ref": "P236889.8.5",
                  "inst": "u[and]CNJ",
                  "sig": "@saao/saa17%akk-x-neobab:u₃=u[and//and]CNJ'CNJ$u",
                  "f": {
                    "lang": "akk-x-neobab",
                    "form": "u₃",
                    "cf": "u",
                    "gw": "and",
                    "sense": "and",
                    "norm": "u",
                    "pos": "CNJ",
                    "epos": "CNJ"
                  }
                },
                {
                  "node": "l",
                  "frag": "{1}⸢x⸣+[x",
                  "id": "P236889.l06ef7",
                  "ref": "P236889.8.6",
                  "inst": "u",
                  "f": {
                    "lang": "akk-x-neobab",
                    "form": "{1}x+x",
                    "pos": "u"
                  }
                },
                {
                  "node": "l",
                  "frag": "x",
                  "id": "P236889.l06ef8",
                  "ref": "P236889.8.7",
                  "inst": "u",
                  "f": {
                    "lang": "akk-x-neobab",
                    "form": "x",
                    "pos": "u"
                  }
                },
                {
                  "node": "l",
                  "frag": "x",
                  "id": "P236889.l06ef9",
                  "ref": "P236889.8.8",
                  "inst": "u",
                  "f": {
                    "lang": "akk-x-neobab",
                    "form": "x",
                    "pos": "u"
                  }
                },
                {
                  "node": "l",
                  "frag": "x]",
                  "id": "P236889.l06efa",
                  "ref": "P236889.8.9",
                  "inst": "u",
                  "f": {
                    "lang": "akk-x-neobab",
                    "form": "x",
                    "pos": "u"
                  }
                },
                {
                  "node": "d",
                  "type": "line-start",
                  "ref": "P236889.9",
                  "n": "7'",
                  "label": "o 7'"
                },
                {
                  "node": "l",
                  "frag": "[x",
                  "id": "P236889.l06efb",
                  "ref": "P236889.9.1",
                  "inst": "u",
                  "f": {
                    "lang": "akk-x-neobab",
                    "form": "x",
                    "pos": "u"
                  }
                },
                {
                  "node": "l",
                  "frag": "x",
                  "id": "P236889.l06efc",
                  "ref": "P236889.9.2",
                  "inst": "u",
                  "f": {
                    "lang": "akk-x-neobab",
                    "form": "x",
                    "pos": "u"
                  }
                },
                {
                  "node": "l",
                  "frag": "x",
                  "id": "P236889.l06efd",
                  "ref": "P236889.9.3",
                  "inst": "u",
                  "f": {
                    "lang": "akk-x-neobab",
                    "form": "x",
                    "pos": "u"
                  }
                },
                {
                  "node": "l",
                  "frag": "{1}{d}AMAR].⸢UTU⸣-DUMU.UŠ-MU",
                  "id": "P236889.l06efe",
                  "ref": "P236889.9.4",
                  "inst": "Marduk-apla-iddina[Merodach-Baladan]PN$",
                  "sig": "@saao/saa17%akk-x-neobab:{1}{d}AMAR.UTU-DUMU.UŠ-MU=Marduk-apla-iddina[Merodach-Baladan//Merodach-Baladan]PN'PN$Marduk-apla-iddina",
                  "f": {
                    "lang": "akk-x-neobab",
                    "form": "{1}{d}AMAR.UTU-DUMU.UŠ-MU",
                    "cf": "Marduk-apla-iddina",
                    "gw": "Merodach-Baladan",
                    "sense": "Merodach-Baladan",
                    "norm": "Marduk-apla-iddina",
                    "pos": "PN",
                    "epos": "PN"
                  }
                },
                {
                  "node": "l",
                  "frag": "{1}[x",
                  "id": "P236889.l06eff",
                  "ref": "P236889.9.5",
                  "inst": "u",
                  "f": {
                    "lang": "akk-x-neobab",
                    "form": "{1}x",
                    "pos": "u"
                  }
                },
                {
                  "node": "l",
                  "frag": "x",
                  "id": "P236889.l06f00",
                  "ref": "P236889.9.6",
                  "inst": "u",
                  "f": {
                    "lang": "akk-x-neobab",
                    "form": "x",
                    "pos": "u"
                  }
                },
                {
                  "node": "l",
                  "frag": "x",
                  "id": "P236889.l06f01",
                  "ref": "P236889.9.7",
                  "inst": "u",
                  "f": {
                    "lang": "akk-x-neobab",
                    "form": "x",
                    "pos": "u"
                  }
                },
                {
                  "node": "l",
                  "frag": "x]",
                  "id": "P236889.l06f02",
                  "ref": "P236889.9.8",
                  "inst": "u",
                  "f": {
                    "lang": "akk-x-neobab",
                    "form": "x",
                    "pos": "u"
                  }
                },
                {
                  "node": "d",
                  "type": "line-start",
                  "ref": "P236889.10",
                  "n": "8'",
                  "label": "o 8'"
                },
                {
                  "node": "l",
                  "frag": "[x",
                  "id": "P236889.l06f03",
                  "ref": "P236889.10.1",
                  "inst": "u",
                  "f": {
                    "lang": "akk-x-neobab",
                    "form": "x",
                    "pos": "u"
                  }
                },
                {
                  "node": "l",
                  "frag": "x",
                  "id": "P236889.l06f04",
                  "ref": "P236889.10.2",
                  "inst": "u",
                  "f": {
                    "lang": "akk-x-neobab",
                    "form": "x",
                    "pos": "u"
                  }
                },
                {
                  "node": "l",
                  "frag": "x",
                  "id": "P236889.l06f05",
                  "ref": "P236889.10.3",
                  "inst": "u",
                  "f": {
                    "lang": "akk-x-neobab",
                    "form": "x",
                    "pos": "u"
                  }
                },
                {
                  "node": "l",
                  "frag": "x",
                  "id": "P236889.l06f06",
                  "ref": "P236889.10.4",
                  "inst": "u",
                  "f": {
                    "lang": "akk-x-neobab",
                    "form": "x",
                    "pos": "u"
                  }
                },
                {
                  "node": "l",
                  "frag": "x",
                  "id": "P236889.l06f07",
                  "ref": "P236889.10.5",
                  "inst": "u",
                  "f": {
                    "lang": "akk-x-neobab",
                    "form": "x",
                    "pos": "u"
                  }
                },
                {
                  "node": "l",
                  "frag": "x",
                  "id": "P236889.l06f08",
                  "ref": "P236889.10.6",
                  "inst": "u",
                  "f": {
                    "lang": "akk-x-neobab",
                    "form": "x",
                    "pos": "u"
                  }
                },
                {
                  "node": "l",
                  "frag": "x]+⸢x⸣",
                  "id": "P236889.l06f09",
                  "ref": "P236889.10.7",
                  "inst": "u",
                  "f": {
                    "lang": "akk-x-neobab",
                    "form": "x+x",
                    "pos": "u"
                  }
                },
                {
                  "node": "l",
                  "frag": "[x]",
                  "id": "P236889.l06f0a",
                  "ref": "P236889.10.8",
                  "inst": "u",
                  "f": {
                    "lang": "akk-x-neobab",
                    "form": "x",
                    "pos": "u"
                  }
                },
                {
                  "node": "l",
                  "frag": "⸢x⸣+[x",
                  "id": "P236889.l06f0b",
                  "ref": "P236889.10.9",
                  "inst": "u",
                  "f": {
                    "lang": "akk-x-neobab",
                    "form": "x+x",
                    "pos": "u"
                  }
                },
                {
                  "node": "l",
                  "frag": "x",
                  "id": "P236889.l06f0c",
                  "ref": "P236889.10.10",
                  "inst": "u",
                  "f": {
                    "lang": "akk-x-neobab",
                    "form": "x",
                    "pos": "u"
                  }
                },
                {
                  "node": "l",
                  "frag": "x",
                  "id": "P236889.l06f0d",
                  "ref": "P236889.10.11",
                  "inst": "u",
                  "f": {
                    "lang": "akk-x-neobab",
                    "form": "x",
                    "pos": "u"
                  }
                },
                {
                  "node": "l",
                  "frag": "x",
                  "id": "P236889.l06f0e",
                  "ref": "P236889.10.12",
                  "inst": "u",
                  "f": {
                    "lang": "akk-x-neobab",
                    "form": "x",
                    "pos": "u"
                  }
                },
                {
                  "node": "l",
                  "frag": "x]",
                  "id": "P236889.l06f0f",
                  "ref": "P236889.10.13",
                  "inst": "u",
                  "f": {
                    "lang": "akk-x-neobab",
                    "form": "x",
                    "pos": "u"
                  }
                },
                {
                  "node": "d",
                  "type": "nonx",
                  "ref": "P236889.11",
                  "strict": "0",
                  "extent": "rest",
                  "state": "missing"
                }
              ]
            }
          ]
        }
      ]
    }
  ]
}
