{
  "type": "cdl",
  "source": "http://oracc.org/saao/saa17",
  "license": "This data is released under the CC0 license",
  "license-url": "https://creativecommons.org/publicdomain/zero/1.0/",
  "more-info": "http://oracc.org/doc/opendata/",
  "UTC-timestamp": "2017-06-10T00:58:30",
  "project": "saao/saa17",
  "textid": "P237993",
  "cdl": [
    {
      "node": "c",
      "type": "text",
      "id": "P237993.U0",
      "cdl": [
        {
          "node": "d",
          "type": "object",
          "ref": ""
        },
        {
          "node": "d",
          "subtype": "obverse",
          "type": "obverse",
          "ref": "P237993.o.1",
          "label": "o"
        },
        {
          "node": "c",
          "type": "discourse",
          "subtype": "body",
          "id": "P237993.U1",
          "cdl": [
            {
              "node": "c",
              "type": "sentence",
              "id": "P237993.U2",
              "label": "o 1 - r 9",
              "cdl": [
                {
                  "node": "d",
                  "type": "line-start",
                  "ref": "P237993.2",
                  "n": "1",
                  "label": "o 1"
                },
                {
                  "node": "l",
                  "frag": "[ṭup-pi",
                  "id": "P237993.l03587",
                  "ref": "P237993.2.1",
                  "inst": "ṭuppi[tablet]N",
                  "sig": "@saao/saa17%akk-x-neobab:ṭup-pi=ṭuppu[tablet//tablet]N'N$ṭuppi",
                  "f": {
                    "lang": "akk-x-neobab",
                    "form": "ṭup-pi",
                    "cf": "ṭuppu",
                    "gw": "tablet",
                    "sense": "tablet",
                    "norm": "ṭuppi",
                    "pos": "N",
                    "epos": "N"
                  }
                },
                {
                  "node": "l",
                  "frag": "{lu₂}GU₂.EN.NA]",
                  "id": "P237993.l03588",
                  "ref": "P237993.2.2",
                  "inst": "šandabakku[governor of Nippur]N$šandabakki",
                  "sig": "@saao/saa17%akk-x-neobab:{LU₂}GU₂.EN.NA=šandabakku[governor of Nippur//governor of Nippur]N'N$šandabakki",
                  "f": {
                    "lang": "akk-x-neobab",
                    "form": "{LU₂}GU₂.EN.NA",
                    "cf": "šandabakku",
                    "gw": "governor of Nippur",
                    "sense": "governor of Nippur",
                    "norm": "šandabakki",
                    "pos": "N",
                    "epos": "N"
                  }
                },
                {
                  "node": "d",
                  "type": "line-start",
                  "ref": "P237993.3",
                  "n": "2",
                  "label": "o 2"
                },
                {
                  "node": "l",
                  "frag": "[a-na]",
                  "id": "P237993.l03589",
                  "ref": "P237993.3.1",
                  "inst": "ana[to]PRP",
                  "sig": "@saao/saa17%akk-x-neobab:a-na=ana[to//to]PRP'PRP$ana",
                  "f": {
                    "lang": "akk-x-neobab",
                    "form": "a-na",
                    "cf": "ana",
                    "gw": "to",
                    "sense": "to",
                    "norm": "ana",
                    "pos": "PRP",
                    "epos": "PRP"
                  }
                },
                {
                  "node": "l",
                  "frag": "⸢LUGAL",
                  "id": "P237993.l0358a",
                  "ref": "P237993.3.2",
                  "inst": "šarri[king]N",
                  "sig": "@saao/saa17%akk-x-neobab:LUGAL=šarru[king//king]N'N$šarri",
                  "f": {
                    "lang": "akk-x-neobab",
                    "form": "LUGAL",
                    "cf": "šarru",
                    "gw": "king",
                    "sense": "king",
                    "norm": "šarri",
                    "pos": "N",
                    "epos": "N"
                  }
                },
                {
                  "node": "l",
                  "frag": "be⸣-li₂-⸢šu₂⸣",
                  "id": "P237993.l0358b",
                  "ref": "P237993.3.3",
                  "inst": "bēlīšu[lord]N",
                  "sig": "@saao/saa17%akk-x-neobab:be-li₂-šu₂=bēlu[lord//lord]N'N$bēlīšu",
                  "f": {
                    "lang": "akk-x-neobab",
                    "form": "be-li₂-šu₂",
                    "cf": "bēlu",
                    "gw": "lord",
                    "sense": "lord",
                    "norm": "bēlīšu",
                    "pos": "N",
                    "epos": "N"
                  }
                },
                {
                  "node": "d",
                  "type": "line-start",
                  "ref": "P237993.4",
                  "n": "3",
                  "label": "o 3"
                },
                {
                  "node": "l",
                  "frag": "[lu]-⸢u₂",
                  "id": "P237993.l0358c",
                  "ref": "P237993.4.1",
                  "inst": "lū[may]MOD",
                  "sig": "@saao/saa17%akk-x-neobab:lu-u₂=lū[may//may]MOD'MOD$lū",
                  "f": {
                    "lang": "akk-x-neobab",
                    "form": "lu-u₂",
                    "cf": "lū",
                    "gw": "may",
                    "sense": "may",
                    "norm": "lū",
                    "pos": "MOD",
                    "epos": "MOD"
                  }
                },
                {
                  "node": "l",
                  "frag": "šul⸣-mu",
                  "id": "P237993.l0358d",
                  "ref": "P237993.4.2",
                  "inst": "šulmu[health]N",
                  "sig": "@saao/saa17%akk-x-neobab:šul-mu=šulmu[completeness//health]N'N$šulmu",
                  "f": {
                    "lang": "akk-x-neobab",
                    "form": "šul-mu",
                    "cf": "šulmu",
                    "gw": "completeness",
                    "sense": "health",
                    "norm": "šulmu",
                    "pos": "N",
                    "epos": "N"
                  }
                },
                {
                  "node": "l",
                  "frag": "a-na",
                  "id": "P237993.l0358e",
                  "ref": "P237993.4.3",
                  "inst": "ana[to]PRP",
                  "sig": "@saao/saa17%akk-x-neobab:a-na=ana[to//to]PRP'PRP$ana",
                  "f": {
                    "lang": "akk-x-neobab",
                    "form": "a-na",
                    "cf": "ana",
                    "gw": "to",
                    "sense": "to",
                    "norm": "ana",
                    "pos": "PRP",
                    "epos": "PRP"
                  }
                },
                {
                  "node": "l",
                  "frag": "LUGAL",
                  "id": "P237993.l0358f",
                  "ref": "P237993.4.4",
                  "inst": "šarri[king]N",
                  "sig": "@saao/saa17%akk-x-neobab:LUGAL=šarru[king//king]N'N$šarri",
                  "f": {
                    "lang": "akk-x-neobab",
                    "form": "LUGAL",
                    "cf": "šarru",
                    "gw": "king",
                    "sense": "king",
                    "norm": "šarri",
                    "pos": "N",
                    "epos": "N"
                  }
                },
                {
                  "node": "d",
                  "type": "line-start",
                  "ref": "P237993.5",
                  "n": "4",
                  "label": "o 4"
                },
                {
                  "node": "l",
                  "frag": "⸢EN⸣-ia₂",
                  "id": "P237993.l03590",
                  "ref": "P237993.5.1",
                  "inst": "bēlīya[lord]N",
                  "sig": "@saao/saa17%akk-x-neobab:EN-ia₂=bēlu[lord//lord]N'N$bēlīya",
                  "f": {
                    "lang": "akk-x-neobab",
                    "form": "EN-ia₂",
                    "cf": "bēlu",
                    "gw": "lord",
                    "sense": "lord",
                    "norm": "bēlīya",
                    "pos": "N",
                    "epos": "N"
                  }
                },
                {
                  "node": "l",
                  "frag": "DINGIR-MEŠ",
                  "id": "P237993.l03591",
                  "ref": "P237993.5.2",
                  "inst": "ilāni[god]N",
                  "sig": "@saao/saa17%akk-x-neobab:DINGIR-MEŠ=ilu[god//god]N'N$ilāni",
                  "f": {
                    "lang": "akk-x-neobab",
                    "form": "DINGIR-MEŠ",
                    "cf": "ilu",
                    "gw": "god",
                    "sense": "god",
                    "norm": "ilāni",
                    "pos": "N",
                    "epos": "N"
                  }
                },
                {
                  "node": "l",
                  "frag": "GAL-MEŠ",
                  "id": "P237993.l03592",
                  "ref": "P237993.5.3",
                  "inst": "rabû[big//great]AJ$rabûti",
                  "sig": "@saao/saa17%akk-x-neobab:GAL-MEŠ=rabû[big//great]AJ'AJ$rabûti",
                  "f": {
                    "lang": "akk-x-neobab",
                    "form": "GAL-MEŠ",
                    "cf": "rabû",
                    "gw": "big",
                    "sense": "great",
                    "norm": "rabûti",
                    "pos": "AJ",
                    "epos": "AJ"
                  }
                },
                {
                  "node": "d",
                  "type": "line-start",
                  "ref": "P237993.6",
                  "n": "5",
                  "label": "o 5"
                },
                {
                  "node": "l",
                  "frag": "⸢ša₂⸣",
                  "id": "P237993.l03593",
                  "ref": "P237993.6.1",
                  "inst": "ša[of]DET",
                  "sig": "@saao/saa17%akk-x-neobab:ša₂=ša[of//of]DET'DET$ša",
                  "f": {
                    "lang": "akk-x-neobab",
                    "form": "ša₂",
                    "cf": "ša",
                    "gw": "of",
                    "sense": "of",
                    "norm": "ša",
                    "pos": "DET",
                    "epos": "DET"
                  }
                },
                {
                  "node": "l",
                  "frag": "E₂.KUR",
                  "id": "P237993.l03594",
                  "ref": "P237993.6.2",
                  "inst": "Ekur[1]TN$",
                  "sig": "@saao/saa17%akk-x-neobab:E₂.KUR=Ekur[1//1]TN'TN$Ekur",
                  "f": {
                    "lang": "akk-x-neobab",
                    "form": "E₂.KUR",
                    "cf": "Ekur",
                    "gw": "1",
                    "sense": "1",
                    "norm": "Ekur",
                    "pos": "TN",
                    "epos": "TN"
                  }
                },
                {
                  "node": "l",
                  "frag": "u",
                  "id": "P237993.l03595",
                  "ref": "P237993.6.3",
                  "inst": "u[and]CNJ",
                  "sig": "@saao/saa17%akk-x-neobab:u=u[and//and]CNJ'CNJ$u",
                  "f": {
                    "lang": "akk-x-neobab",
                    "form": "u",
                    "cf": "u",
                    "gw": "and",
                    "sense": "and",
                    "norm": "u",
                    "pos": "CNJ",
                    "epos": "CNJ"
                  }
                },
                {
                  "node": "l",
                  "frag": "EN.LIL₂{ki}",
                  "id": "P237993.l03596",
                  "ref": "P237993.6.4",
                  "inst": "Nippur[1]GN",
                  "sig": "@saao/saa17%akk-x-neobab:EN.LIL₂{KI}=Nippur[1//1]GN'GN$Nippur",
                  "f": {
                    "lang": "akk-x-neobab",
                    "form": "EN.LIL₂{KI}",
                    "cf": "Nippur",
                    "gw": "1",
                    "sense": "1",
                    "norm": "Nippur",
                    "pos": "GN",
                    "epos": "GN"
                  }
                },
                {
                  "node": "d",
                  "type": "line-start",
                  "ref": "P237993.7",
                  "n": "6",
                  "label": "o 6"
                },
                {
                  "node": "l",
                  "frag": "⸢mim⸣-ma",
                  "id": "P237993.l03597",
                  "ref": "P237993.7.1",
                  "inst": "mimma[anything]XP",
                  "sig": "@saao/saa17%akk-x-neobab:mim-ma=mimma[anything//anything]XP'XP$mimma",
                  "f": {
                    "lang": "akk-x-neobab",
                    "form": "mim-ma",
                    "cf": "mimma",
                    "gw": "anything",
                    "sense": "anything",
                    "norm": "mimma",
                    "pos": "XP",
                    "epos": "XP"
                  }
                },
                {
                  "node": "l",
                  "frag": "ma-la",
                  "id": "P237993.l03598",
                  "ref": "P237993.7.2",
                  "inst": "mala[as much as]REL$",
                  "sig": "@saao/saa17%akk-x-neobab:ma-la=mala[as much as//as much as]REL'REL$mala",
                  "f": {
                    "lang": "akk-x-neobab",
                    "form": "ma-la",
                    "cf": "mala",
                    "gw": "as much as",
                    "sense": "as much as",
                    "norm": "mala",
                    "pos": "REL",
                    "epos": "REL"
                  }
                },
                {
                  "node": "l",
                  "frag": "tu-kaṣ₃-ṣip",
                  "id": "P237993.l03599",
                  "ref": "P237993.7.3",
                  "inst": "+kaṣāpu[think//plan]V'V$tukaṣṣip",
                  "sig": "@saao/saa17%akk-x-neobab:tu-kaṣ₃-ṣip=kaṣāpu[think//plan]V'V$tukaṣṣip",
                  "f": {
                    "lang": "akk-x-neobab",
                    "form": "tu-kaṣ₃-ṣip",
                    "cf": "kaṣāpu",
                    "gw": "think",
                    "sense": "plan",
                    "norm": "tukaṣṣip",
                    "pos": "V",
                    "epos": "V"
                  }
                },
                {
                  "node": "d",
                  "type": "line-start",
                  "ref": "P237993.8",
                  "n": "7",
                  "label": "o 7"
                },
                {
                  "node": "l",
                  "frag": "ŠU.2-ka",
                  "id": "P237993.l0359a",
                  "ref": "P237993.8.1",
                  "inst": "qātēka[hand]N",
                  "sig": "@saao/saa17%akk-x-neobab:ŠU.2-ka=qātu[hand//hand]N'N$qātēka",
                  "f": {
                    "lang": "akk-x-neobab",
                    "form": "ŠU.2-ka",
                    "cf": "qātu",
                    "gw": "hand",
                    "sense": "hand",
                    "norm": "qātēka",
                    "pos": "N",
                    "epos": "N"
                  }
                },
                {
                  "node": "l",
                  "frag": "lu-šak-šid",
                  "id": "P237993.l0359b",
                  "ref": "P237993.8.2",
                  "inst": "kašādu[reach//make achieve]V$lušakšid",
                  "sig": "@saao/saa17%akk-x-neobab:lu-šak-šid=kašādu[reach//make achieve]V'V$lušakšid",
                  "f": {
                    "lang": "akk-x-neobab",
                    "form": "lu-šak-šid",
                    "cf": "kašādu",
                    "gw": "reach",
                    "sense": "make achieve",
                    "norm": "lušakšid",
                    "pos": "V",
                    "epos": "V"
                  }
                },
                {
                  "node": "d",
                  "type": "line-start",
                  "ref": "P237993.9",
                  "n": "8",
                  "label": "o 8"
                },
                {
                  "node": "l",
                  "frag": "a-na",
                  "id": "P237993.l0359c",
                  "ref": "P237993.9.1",
                  "inst": "ana[to+=concerning]PRP$",
                  "sig": "@saao/saa17%akk-x-neobab:a-na=ana[to//to]PRP'PRP$ana",
                  "f": {
                    "lang": "akk-x-neobab",
                    "form": "a-na",
                    "cf": "ana",
                    "gw": "to",
                    "sense": "to",
                    "norm": "ana",
                    "pos": "PRP",
                    "epos": "PRP"
                  }
                },
                {
                  "node": "l",
                  "frag": "UGU",
                  "id": "P237993.l0359d",
                  "ref": "P237993.9.2",
                  "inst": "muhhu[skull]N$muhhi",
                  "sig": "@saao/saa17%akk-x-neobab:UGU=muhhu[skull//skull]N'N$muhhi",
                  "f": {
                    "lang": "akk-x-neobab",
                    "form": "UGU",
                    "cf": "muhhu",
                    "gw": "skull",
                    "sense": "skull",
                    "norm": "muhhi",
                    "pos": "N",
                    "epos": "N"
                  }
                },
                {
                  "node": "l",
                  "frag": "dib-bi",
                  "id": "P237993.l0359e",
                  "ref": "P237993.9.3",
                  "inst": "dibbī[words]N",
                  "sig": "@saao/saa17%akk-x-neobab:dib-bi=dibbu[words//words]N'N$dibbī",
                  "f": {
                    "lang": "akk-x-neobab",
                    "form": "dib-bi",
                    "cf": "dibbu",
                    "gw": "words",
                    "sense": "words",
                    "norm": "dibbī",
                    "pos": "N",
                    "epos": "N"
                  }
                },
                {
                  "node": "l",
                  "frag": "ša₂",
                  "id": "P237993.l0359f",
                  "ref": "P237993.9.4",
                  "inst": "ša[which]REL",
                  "sig": "@saao/saa17%akk-x-neobab:ša₂=ša[that//which]REL'REL$ša",
                  "f": {
                    "lang": "akk-x-neobab",
                    "form": "ša₂",
                    "cf": "ša",
                    "gw": "that",
                    "sense": "which",
                    "norm": "ša",
                    "pos": "REL",
                    "epos": "REL"
                  }
                },
                {
                  "node": "l",
                  "frag": "LUGAL",
                  "id": "P237993.l035a0",
                  "ref": "P237993.9.5",
                  "inst": "šarru[king]N",
                  "sig": "@saao/saa17%akk-x-neobab:LUGAL=šarru[king//king]N'N$šarru",
                  "f": {
                    "lang": "akk-x-neobab",
                    "form": "LUGAL",
                    "cf": "šarru",
                    "gw": "king",
                    "sense": "king",
                    "norm": "šarru",
                    "pos": "N",
                    "epos": "N"
                  }
                },
                {
                  "node": "d",
                  "type": "line-start",
                  "ref": "P237993.10",
                  "n": "9",
                  "label": "o 9"
                },
                {
                  "node": "l",
                  "frag": "iš-pu-ra",
                  "id": "P237993.l035a1",
                  "ref": "P237993.10.1",
                  "inst": "išpura[write]V",
                  "sig": "@saao/saa17%akk-x-neobab:iš-pu-ra=šapāru[send//write]V'V$išpura",
                  "f": {
                    "lang": "akk-x-neobab",
                    "form": "iš-pu-ra",
                    "cf": "šapāru",
                    "gw": "send",
                    "sense": "write",
                    "norm": "išpura",
                    "pos": "V",
                    "epos": "V"
                  }
                },
                {
                  "node": "l",
                  "frag": "⸢um-ma⸣",
                  "id": "P237993.l035a2",
                  "ref": "P237993.10.2",
                  "inst": "umma[saying]PRP",
                  "sig": "@saao/saa17%akk-x-neobab:um-ma=umma[saying//saying]PRP'PRP$umma",
                  "f": {
                    "lang": "akk-x-neobab",
                    "form": "um-ma",
                    "cf": "umma",
                    "gw": "saying",
                    "sense": "saying",
                    "norm": "umma",
                    "pos": "PRP",
                    "epos": "PRP"
                  }
                },
                {
                  "node": "l",
                  "frag": "[a-na]",
                  "id": "P237993.l035a3",
                  "ref": "P237993.10.3",
                  "inst": "ana[to+=hither]PRP$",
                  "sig": "@saao/saa17%akk-x-neobab:a-na=ana[to//to]PRP'PRP$ana",
                  "f": {
                    "lang": "akk-x-neobab",
                    "form": "a-na",
                    "cf": "ana",
                    "gw": "to",
                    "sense": "to",
                    "norm": "ana",
                    "pos": "PRP",
                    "epos": "PRP"
                  }
                },
                {
                  "node": "d",
                  "type": "line-start",
                  "ref": "P237993.11",
                  "n": "10",
                  "label": "o 10"
                },
                {
                  "node": "l",
                  "frag": "a-kan-na",
                  "id": "P237993.l035a4",
                  "ref": "P237993.11.1",
                  "inst": "akanna[here]AV$",
                  "sig": "@saao/saa17%akk-x-neobab:a-kan-na=akanna[here//here]AV'AV$akanna",
                  "f": {
                    "lang": "akk-x-neobab",
                    "form": "a-kan-na",
                    "cf": "akanna",
                    "gw": "here",
                    "sense": "here",
                    "norm": "akanna",
                    "pos": "AV",
                    "epos": "AV"
                  }
                },
                {
                  "node": "l",
                  "frag": "⸢DUMU",
                  "id": "P237993.l035a5",
                  "ref": "P237993.11.2",
                  "inst": "mār[son]N",
                  "sig": "@saao/saa17%akk-x-neobab:DUMU=māru[son//son]N'N$mār",
                  "f": {
                    "lang": "akk-x-neobab",
                    "form": "DUMU",
                    "cf": "māru",
                    "gw": "son",
                    "sense": "son",
                    "norm": "mār",
                    "pos": "N",
                    "epos": "N"
                  }
                },
                {
                  "node": "l",
                  "frag": "{1}x-a.a⸣",
                  "id": "P237993.l035a6",
                  "ref": "P237993.11.3",
                  "inst": "u",
                  "f": {
                    "lang": "akk-x-neobab",
                    "form": "{1}x-a.a",
                    "pos": "u"
                  }
                },
                {
                  "node": "l",
                  "frag": "[x]",
                  "id": "P237993.l035a7",
                  "ref": "P237993.11.4",
                  "inst": "u",
                  "f": {
                    "lang": "akk-x-neobab",
                    "form": "x",
                    "pos": "u"
                  }
                },
                {
                  "node": "d",
                  "type": "line-start",
                  "ref": "P237993.12",
                  "n": "11",
                  "label": "o 11"
                },
                {
                  "node": "l",
                  "frag": "a-na",
                  "id": "P237993.l035a8",
                  "ref": "P237993.12.1",
                  "inst": "ana[to]PRP",
                  "sig": "@saao/saa17%akk-x-neobab:a-na=ana[to//to]PRP'PRP$ana",
                  "f": {
                    "lang": "akk-x-neobab",
                    "form": "a-na",
                    "cf": "ana",
                    "gw": "to",
                    "sense": "to",
                    "norm": "ana",
                    "pos": "PRP",
                    "epos": "PRP"
                  }
                },
                {
                  "node": "l",
                  "frag": "⸢GIR₃⸣.2-ia]",
                  "id": "P237993.l035a9",
                  "ref": "P237993.12.2",
                  "inst": "šēpu[foot]N$šēpēya",
                  "sig": "@saao/saa17%akk-x-neobab:GIR₃.2-ia=šēpu[foot//foot]N'N$šēpēya",
                  "f": {
                    "lang": "akk-x-neobab",
                    "form": "GIR₃.2-ia",
                    "cf": "šēpu",
                    "gw": "foot",
                    "sense": "foot",
                    "norm": "šēpēya",
                    "pos": "N",
                    "epos": "N"
                  }
                },
                {
                  "node": "l",
                  "frag": "⸢šu-kun⸣",
                  "id": "P237993.l035aa",
                  "ref": "P237993.12.3",
                  "inst": "šukun[place]V",
                  "sig": "@saao/saa17%akk-x-neobab:šu-kun=šakānu[put//place]V'V$šukun",
                  "f": {
                    "lang": "akk-x-neobab",
                    "form": "šu-kun",
                    "cf": "šakānu",
                    "gw": "put",
                    "sense": "place",
                    "norm": "šukun",
                    "pos": "V",
                    "epos": "V"
                  }
                },
                {
                  "node": "d",
                  "type": "line-start",
                  "ref": "P237993.13",
                  "n": "12",
                  "label": "o 12"
                },
                {
                  "node": "l",
                  "frag": "⸢um⸣-ma",
                  "id": "P237993.l035ab",
                  "ref": "P237993.13.1",
                  "inst": "umma[saying]PRP",
                  "sig": "@saao/saa17%akk-x-neobab:um-ma=umma[saying//saying]PRP'PRP$umma",
                  "f": {
                    "lang": "akk-x-neobab",
                    "form": "um-ma",
                    "cf": "umma",
                    "gw": "saying",
                    "sense": "saying",
                    "norm": "umma",
                    "pos": "PRP",
                    "epos": "PRP"
                  }
                },
                {
                  "node": "l",
                  "frag": "⸢ma-ṣar-ta⸣",
                  "id": "P237993.l035ac",
                  "ref": "P237993.13.2",
                  "inst": "maṣṣartu[observation//guard]N$maṣṣarta",
                  "sig": "@saao/saa17%akk-x-neobab:ma-ṣar-ta=maṣṣartu[observation//guard]N'N$maṣṣarta",
                  "f": {
                    "lang": "akk-x-neobab",
                    "form": "ma-ṣar-ta",
                    "cf": "maṣṣartu",
                    "gw": "observation",
                    "sense": "guard",
                    "norm": "maṣṣarta",
                    "pos": "N",
                    "epos": "N"
                  }
                },
                {
                  "node": "d",
                  "subtype": "reverse",
                  "type": "reverse",
                  "ref": "P237993.r.14",
                  "label": "r"
                },
                {
                  "node": "d",
                  "type": "line-start",
                  "ref": "P237993.15",
                  "n": "1",
                  "label": "r 1"
                },
                {
                  "node": "l",
                  "frag": "lu-[dan]-⸢ni⸣-na",
                  "id": "P237993.l035ad",
                  "ref": "P237993.15.1",
                  "inst": "danānu[be(come) strong//strengthen]V$ludannina",
                  "sig": "@saao/saa17%akk-x-neobab:lu-dan-ni-na=danānu[be(come) strong//strengthen]V'V$ludannina",
                  "f": {
                    "lang": "akk-x-neobab",
                    "form": "lu-dan-ni-na",
                    "cf": "danānu",
                    "gw": "be(come) strong",
                    "sense": "strengthen",
                    "norm": "ludannina",
                    "pos": "V",
                    "epos": "V"
                  }
                },
                {
                  "node": "d",
                  "type": "line-start",
                  "ref": "P237993.16",
                  "n": "2",
                  "label": "r 2"
                },
                {
                  "node": "l",
                  "frag": "⸢u₃",
                  "id": "P237993.l035ae",
                  "ref": "P237993.16.1",
                  "inst": "u[and]CNJ",
                  "sig": "@saao/saa17%akk-x-neobab:u₃=u[and//and]CNJ'CNJ$u",
                  "f": {
                    "lang": "akk-x-neobab",
                    "form": "u₃",
                    "cf": "u",
                    "gw": "and",
                    "sense": "and",
                    "norm": "u",
                    "pos": "CNJ",
                    "epos": "CNJ"
                  }
                },
                {
                  "node": "l",
                  "frag": "ma⸣-aṣ-ṣar-ta",
                  "id": "P237993.l035af",
                  "ref": "P237993.16.2",
                  "inst": "maṣṣartu[observation//guard]N$maṣṣarta",
                  "sig": "@saao/saa17%akk-x-neobab:ma-aṣ-ṣar-ta=maṣṣartu[observation//guard]N'N$maṣṣarta",
                  "f": {
                    "lang": "akk-x-neobab",
                    "form": "ma-aṣ-ṣar-ta",
                    "cf": "maṣṣartu",
                    "gw": "observation",
                    "sense": "guard",
                    "norm": "maṣṣarta",
                    "pos": "N",
                    "epos": "N"
                  }
                },
                {
                  "node": "d",
                  "type": "line-start",
                  "ref": "P237993.17",
                  "n": "3",
                  "label": "r 3"
                },
                {
                  "node": "l",
                  "frag": "ša₂",
                  "id": "P237993.l035b0",
                  "ref": "P237993.17.1",
                  "inst": "ša[of]DET",
                  "sig": "@saao/saa17%akk-x-neobab:ša₂=ša[of//of]DET'DET$ša",
                  "f": {
                    "lang": "akk-x-neobab",
                    "form": "ša₂",
                    "cf": "ša",
                    "gw": "of",
                    "sense": "of",
                    "norm": "ša",
                    "pos": "DET",
                    "epos": "DET"
                  }
                },
                {
                  "node": "l",
                  "frag": "E₂.⸢KUR⸣",
                  "id": "P237993.l035b1",
                  "ref": "P237993.17.2",
                  "inst": "Ekur[1]TN$",
                  "sig": "@saao/saa17%akk-x-neobab:E₂.KUR=Ekur[1//1]TN'TN$Ekur",
                  "f": {
                    "lang": "akk-x-neobab",
                    "form": "E₂.KUR",
                    "cf": "Ekur",
                    "gw": "1",
                    "sense": "1",
                    "norm": "Ekur",
                    "pos": "TN",
                    "epos": "TN"
                  }
                },
                {
                  "node": "l",
                  "frag": "u",
                  "id": "P237993.l035b2",
                  "ref": "P237993.17.3",
                  "inst": "u[and]CNJ",
                  "sig": "@saao/saa17%akk-x-neobab:u=u[and//and]CNJ'CNJ$u",
                  "f": {
                    "lang": "akk-x-neobab",
                    "form": "u",
                    "cf": "u",
                    "gw": "and",
                    "sense": "and",
                    "norm": "u",
                    "pos": "CNJ",
                    "epos": "CNJ"
                  }
                },
                {
                  "node": "l",
                  "frag": "EN.LIL₂{ki}",
                  "id": "P237993.l035b3",
                  "ref": "P237993.17.4",
                  "inst": "Nippur[1]GN",
                  "sig": "@saao/saa17%akk-x-neobab:EN.LIL₂{KI}=Nippur[1//1]GN'GN$Nippur",
                  "f": {
                    "lang": "akk-x-neobab",
                    "form": "EN.LIL₂{KI}",
                    "cf": "Nippur",
                    "gw": "1",
                    "sense": "1",
                    "norm": "Nippur",
                    "pos": "GN",
                    "epos": "GN"
                  }
                },
                {
                  "node": "d",
                  "type": "line-start",
                  "ref": "P237993.18",
                  "n": "4",
                  "label": "r 4"
                },
                {
                  "node": "l",
                  "frag": "lu-[u₂",
                  "id": "P237993.l035b4",
                  "ref": "P237993.18.1",
                  "inst": "lū[may]MOD",
                  "sig": "@saao/saa17%akk-x-neobab:lu-u₂=lū[may//may]MOD'MOD$lū",
                  "f": {
                    "lang": "akk-x-neobab",
                    "form": "lu-u₂",
                    "cf": "lū",
                    "gw": "may",
                    "sense": "may",
                    "norm": "lū",
                    "pos": "MOD",
                    "epos": "MOD"
                  }
                },
                {
                  "node": "l",
                  "frag": "dan-nat",
                  "id": "P237993.l035b5",
                  "ref": "P237993.18.2",
                  "inst": "dannat[strong]AJ",
                  "sig": "@saao/saa17%akk-x-neobab:dan-nat=dannu[strong//strong]AJ'AJ$dannat",
                  "f": {
                    "lang": "akk-x-neobab",
                    "form": "dan-nat",
                    "cf": "dannu",
                    "gw": "strong",
                    "sense": "strong",
                    "norm": "dannat",
                    "pos": "AJ",
                    "epos": "AJ"
                  }
                },
                {
                  "node": "l",
                  "frag": "{1}{d}MAŠ-na-ṣir",
                  "id": "P237993.l035b6",
                  "ref": "P237993.18.3",
                  "inst": "Inurta-naṣir[1]PN$",
                  "sig": "@saao/saa17%akk-x-neobab:{1}{d}MAŠ-na-ṣir=Inurta-naṣir[1//1]PN'PN$Inurta-naṣir",
                  "f": {
                    "lang": "akk-x-neobab",
                    "form": "{1}{d}MAŠ-na-ṣir",
                    "cf": "Inurta-naṣir",
                    "gw": "1",
                    "sense": "1",
                    "norm": "Inurta-naṣir",
                    "pos": "PN",
                    "epos": "PN"
                  }
                },
                {
                  "node": "d",
                  "type": "line-start",
                  "ref": "P237993.19",
                  "n": "5",
                  "label": "r 5"
                },
                {
                  "node": "l",
                  "frag": "[x",
                  "id": "P237993.l035b7",
                  "ref": "P237993.19.1",
                  "inst": "u",
                  "f": {
                    "lang": "akk-x-neobab",
                    "form": "x",
                    "pos": "u"
                  }
                },
                {
                  "node": "l",
                  "frag": "x",
                  "id": "P237993.l035b8",
                  "ref": "P237993.19.2",
                  "inst": "u",
                  "f": {
                    "lang": "akk-x-neobab",
                    "form": "x",
                    "pos": "u"
                  }
                },
                {
                  "node": "l",
                  "frag": "x]-sa-a",
                  "id": "P237993.l035b9",
                  "ref": "P237993.19.3",
                  "inst": "u",
                  "f": {
                    "lang": "akk-x-neobab",
                    "form": "x-sa-a",
                    "pos": "u"
                  }
                },
                {
                  "node": "l",
                  "frag": "ŠEŠ.GAL",
                  "id": "P237993.l035ba",
                  "ref": "P237993.19.4",
                  "inst": "šešgallu[big brother//(term for a) high priest]N$",
                  "sig": "@saao/saa17%akk-x-neobab:ŠEŠ.GAL=šešgallu[big brother//(term for a) high priest]N'N$šešgallu",
                  "f": {
                    "lang": "akk-x-neobab",
                    "form": "ŠEŠ.GAL",
                    "cf": "šešgallu",
                    "gw": "big brother",
                    "sense": "(term for a) high priest",
                    "norm": "šešgallu",
                    "pos": "N",
                    "epos": "N"
                  }
                },
                {
                  "node": "d",
                  "type": "line-start",
                  "ref": "P237993.20",
                  "n": "6",
                  "label": "r 6"
                },
                {
                  "node": "l",
                  "frag": "[x",
                  "id": "P237993.l035bb",
                  "ref": "P237993.20.1",
                  "inst": "u",
                  "f": {
                    "lang": "akk-x-neobab",
                    "form": "x",
                    "pos": "u"
                  }
                },
                {
                  "node": "l",
                  "frag": "x",
                  "id": "P237993.l035bc",
                  "ref": "P237993.20.2",
                  "inst": "u",
                  "f": {
                    "lang": "akk-x-neobab",
                    "form": "x",
                    "pos": "u"
                  }
                },
                {
                  "node": "l",
                  "frag": "x",
                  "id": "P237993.l035bd",
                  "ref": "P237993.20.3",
                  "inst": "u",
                  "f": {
                    "lang": "akk-x-neobab",
                    "form": "x",
                    "pos": "u"
                  }
                },
                {
                  "node": "l",
                  "frag": "x",
                  "id": "P237993.l035be",
                  "ref": "P237993.20.4",
                  "inst": "u",
                  "f": {
                    "lang": "akk-x-neobab",
                    "form": "x",
                    "pos": "u"
                  }
                },
                {
                  "node": "l",
                  "frag": "x]+⸢x⸣",
                  "id": "P237993.l035bf",
                  "ref": "P237993.20.5",
                  "inst": "u",
                  "f": {
                    "lang": "akk-x-neobab",
                    "form": "x+x",
                    "pos": "u"
                  }
                },
                {
                  "node": "l",
                  "frag": "šu-u₂",
                  "id": "P237993.l035c0",
                  "ref": "P237993.20.6",
                  "inst": "šû[he]IP",
                  "sig": "@saao/saa17%akk-x-neobab:šu-u₂=šū[he//he]IP'IP$šû",
                  "f": {
                    "lang": "akk-x-neobab",
                    "form": "šu-u₂",
                    "cf": "šū",
                    "gw": "he",
                    "sense": "he",
                    "norm": "šû",
                    "pos": "IP",
                    "epos": "IP"
                  }
                },
                {
                  "node": "d",
                  "type": "line-start",
                  "ref": "P237993.21",
                  "n": "7",
                  "label": "r 7"
                },
                {
                  "node": "l",
                  "frag": "[x",
                  "id": "P237993.l035c1",
                  "ref": "P237993.21.1",
                  "inst": "u",
                  "f": {
                    "lang": "akk-x-neobab",
                    "form": "x",
                    "pos": "u"
                  }
                },
                {
                  "node": "l",
                  "frag": "x",
                  "id": "P237993.l035c2",
                  "ref": "P237993.21.2",
                  "inst": "u",
                  "f": {
                    "lang": "akk-x-neobab",
                    "form": "x",
                    "pos": "u"
                  }
                },
                {
                  "node": "l",
                  "frag": "x",
                  "id": "P237993.l035c3",
                  "ref": "P237993.21.3",
                  "inst": "u",
                  "f": {
                    "lang": "akk-x-neobab",
                    "form": "x",
                    "pos": "u"
                  }
                },
                {
                  "node": "l",
                  "frag": "x]",
                  "id": "P237993.l035c4",
                  "ref": "P237993.21.4",
                  "inst": "u",
                  "f": {
                    "lang": "akk-x-neobab",
                    "form": "x",
                    "pos": "u"
                  }
                },
                {
                  "node": "l",
                  "frag": "⸢dib⸣-bi",
                  "id": "P237993.l035c5",
                  "ref": "P237993.21.5",
                  "inst": "dibbī[words]N",
                  "sig": "@saao/saa17%akk-x-neobab:dib-bi=dibbu[words//words]N'N$dibbī",
                  "f": {
                    "lang": "akk-x-neobab",
                    "form": "dib-bi",
                    "cf": "dibbu",
                    "gw": "words",
                    "sense": "words",
                    "norm": "dibbī",
                    "pos": "N",
                    "epos": "N"
                  }
                },
                {
                  "node": "d",
                  "type": "line-start",
                  "ref": "P237993.22",
                  "n": "8",
                  "label": "r 8"
                },
                {
                  "node": "l",
                  "frag": "[x",
                  "id": "P237993.l035c6",
                  "ref": "P237993.22.1",
                  "inst": "u",
                  "f": {
                    "lang": "akk-x-neobab",
                    "form": "x",
                    "pos": "u"
                  }
                },
                {
                  "node": "l",
                  "frag": "x",
                  "id": "P237993.l035c7",
                  "ref": "P237993.22.2",
                  "inst": "u",
                  "f": {
                    "lang": "akk-x-neobab",
                    "form": "x",
                    "pos": "u"
                  }
                },
                {
                  "node": "l",
                  "frag": "x",
                  "id": "P237993.l035c8",
                  "ref": "P237993.22.3",
                  "inst": "u",
                  "f": {
                    "lang": "akk-x-neobab",
                    "form": "x",
                    "pos": "u"
                  }
                },
                {
                  "node": "l",
                  "frag": "x",
                  "id": "P237993.l035c9",
                  "ref": "P237993.22.4",
                  "inst": "u",
                  "f": {
                    "lang": "akk-x-neobab",
                    "form": "x",
                    "pos": "u"
                  }
                },
                {
                  "node": "l",
                  "frag": "x]",
                  "id": "P237993.l035ca",
                  "ref": "P237993.22.5",
                  "inst": "u",
                  "f": {
                    "lang": "akk-x-neobab",
                    "form": "x",
                    "pos": "u"
                  }
                },
                {
                  "node": "l",
                  "frag": "⸢LUGAL⸣",
                  "id": "P237993.l035cb",
                  "ref": "P237993.22.6",
                  "inst": "šarru[king]N",
                  "sig": "@saao/saa17%akk-x-neobab:LUGAL=šarru[king//king]N'N$šarru",
                  "f": {
                    "lang": "akk-x-neobab",
                    "form": "LUGAL",
                    "cf": "šarru",
                    "gw": "king",
                    "sense": "king",
                    "norm": "šarru",
                    "pos": "N",
                    "epos": "N"
                  }
                },
                {
                  "node": "d",
                  "type": "line-start",
                  "ref": "P237993.23",
                  "n": "9",
                  "label": "r 9"
                },
                {
                  "node": "l",
                  "frag": "[x",
                  "id": "P237993.l035cc",
                  "ref": "P237993.23.1",
                  "inst": "u",
                  "f": {
                    "lang": "akk-x-neobab",
                    "form": "x",
                    "pos": "u"
                  }
                },
                {
                  "node": "l",
                  "frag": "x",
                  "id": "P237993.l035cd",
                  "ref": "P237993.23.2",
                  "inst": "u",
                  "f": {
                    "lang": "akk-x-neobab",
                    "form": "x",
                    "pos": "u"
                  }
                },
                {
                  "node": "l",
                  "frag": "x",
                  "id": "P237993.l035ce",
                  "ref": "P237993.23.3",
                  "inst": "u",
                  "f": {
                    "lang": "akk-x-neobab",
                    "form": "x",
                    "pos": "u"
                  }
                },
                {
                  "node": "l",
                  "frag": "x",
                  "id": "P237993.l035cf",
                  "ref": "P237993.23.4",
                  "inst": "u",
                  "f": {
                    "lang": "akk-x-neobab",
                    "form": "x",
                    "pos": "u"
                  }
                },
                {
                  "node": "l",
                  "frag": "x",
                  "id": "P237993.l035d0",
                  "ref": "P237993.23.5",
                  "inst": "u",
                  "f": {
                    "lang": "akk-x-neobab",
                    "form": "x",
                    "pos": "u"
                  }
                },
                {
                  "node": "l",
                  "frag": "x",
                  "id": "P237993.l035d1",
                  "ref": "P237993.23.6",
                  "inst": "u",
                  "f": {
                    "lang": "akk-x-neobab",
                    "form": "x",
                    "pos": "u"
                  }
                },
                {
                  "node": "l",
                  "frag": "x]+⸢x⸣",
                  "id": "P237993.l035d2",
                  "ref": "P237993.23.7",
                  "inst": "u",
                  "f": {
                    "lang": "akk-x-neobab",
                    "form": "x+x",
                    "pos": "u"
                  }
                },
                {
                  "node": "d",
                  "type": "nonx",
                  "ref": "P237993.24",
                  "strict": "0",
                  "extent": "rest",
                  "state": "missing"
                }
              ]
            }
          ]
        }
      ]
    }
  ]
}
