{
  "type": "cdl",
  "source": "http://oracc.org/saao/saa17",
  "license": "This data is released under the CC0 license",
  "license-url": "https://creativecommons.org/publicdomain/zero/1.0/",
  "more-info": "http://oracc.org/doc/opendata/",
  "UTC-timestamp": "2017-06-10T00:58:27",
  "project": "saao/saa17",
  "textid": "P238431",
  "cdl": [
    {
      "node": "c",
      "type": "text",
      "id": "P238431.U0",
      "cdl": [
        {
          "node": "d",
          "type": "object",
          "ref": ""
        },
        {
          "node": "d",
          "subtype": "obverse",
          "type": "obverse",
          "ref": "P238431.o.1",
          "label": "o"
        },
        {
          "node": "c",
          "type": "discourse",
          "subtype": "body",
          "id": "P238431.U1",
          "cdl": [
            {
              "node": "c",
              "type": "sentence",
              "id": "P238431.U2",
              "label": "o 1 - o 8",
              "cdl": [
                {
                  "node": "d",
                  "type": "line-start",
                  "ref": "P238431.2",
                  "n": "1",
                  "label": "o 1"
                },
                {
                  "node": "l",
                  "frag": "[a-na]",
                  "id": "P238431.l03f0e",
                  "ref": "P238431.2.1",
                  "inst": "ana[to]PRP",
                  "sig": "@saao/saa17%akk-x-neobab:a-na=ana[to//to]PRP'PRP$ana",
                  "f": {
                    "lang": "akk-x-neobab",
                    "form": "a-na",
                    "cf": "ana",
                    "gw": "to",
                    "sense": "to",
                    "norm": "ana",
                    "pos": "PRP",
                    "epos": "PRP"
                  }
                },
                {
                  "node": "l",
                  "frag": "LUGAL",
                  "id": "P238431.l03f0f",
                  "ref": "P238431.2.2",
                  "inst": "šarri[king]N",
                  "sig": "@saao/saa17%akk-x-neobab:LUGAL=šarru[king//king]N'N$šarri",
                  "f": {
                    "lang": "akk-x-neobab",
                    "form": "LUGAL",
                    "cf": "šarru",
                    "gw": "king",
                    "sense": "king",
                    "norm": "šarri",
                    "pos": "N",
                    "epos": "N"
                  }
                },
                {
                  "node": "l",
                  "frag": "⸢be-li₂-ia⸣",
                  "id": "P238431.l03f10",
                  "ref": "P238431.2.3",
                  "inst": "bēlīya[lord]N",
                  "sig": "@saao/saa17%akk-x-neobab:be-li₂-ia=bēlu[lord//lord]N'N$bēlīya",
                  "f": {
                    "lang": "akk-x-neobab",
                    "form": "be-li₂-ia",
                    "cf": "bēlu",
                    "gw": "lord",
                    "sense": "lord",
                    "norm": "bēlīya",
                    "pos": "N",
                    "epos": "N"
                  }
                },
                {
                  "node": "d",
                  "type": "line-start",
                  "ref": "P238431.3",
                  "n": "2",
                  "label": "o 2"
                },
                {
                  "node": "l",
                  "frag": "[ARAD]-⸢ka⸣",
                  "id": "P238431.l03f11",
                  "ref": "P238431.3.1",
                  "inst": "aradka[servant]N",
                  "sig": "@saao/saa17%akk-x-neobab:ARAD-ka=ardu[slave//servant]N'N$aradka",
                  "f": {
                    "lang": "akk-x-neobab",
                    "form": "ARAD-ka",
                    "cf": "ardu",
                    "gw": "slave",
                    "sense": "servant",
                    "norm": "aradka",
                    "pos": "N",
                    "epos": "N"
                  }
                },
                {
                  "node": "l",
                  "frag": "{1}a-qar-{d}EN-lu-mur",
                  "id": "P238431.l03f12",
                  "ref": "P238431.3.2",
                  "inst": "Aqar-Bel-lumur[1]PN",
                  "sig": "@saao/saa17%akk-x-neobab:{1}a-qar-{d}EN-lu-mur=Aqar-Bel-lumur[1//1]PN'PN$Aqar-Bel-lumur",
                  "f": {
                    "lang": "akk-x-neobab",
                    "form": "{1}a-qar-{d}EN-lu-mur",
                    "cf": "Aqar-Bel-lumur",
                    "gw": "1",
                    "sense": "1",
                    "norm": "Aqar-Bel-lumur",
                    "pos": "PN",
                    "epos": "PN"
                  }
                },
                {
                  "node": "d",
                  "type": "line-start",
                  "ref": "P238431.4",
                  "n": "3",
                  "label": "o 3"
                },
                {
                  "node": "l",
                  "frag": "[lu-u₂]",
                  "id": "P238431.l03f13",
                  "ref": "P238431.4.1",
                  "inst": "lū[may]MOD",
                  "sig": "@saao/saa17%akk-x-neobab:lu-u₂=lū[may//may]MOD'MOD$lū",
                  "f": {
                    "lang": "akk-x-neobab",
                    "form": "lu-u₂",
                    "cf": "lū",
                    "gw": "may",
                    "sense": "may",
                    "norm": "lū",
                    "pos": "MOD",
                    "epos": "MOD"
                  }
                },
                {
                  "node": "l",
                  "frag": "⸢šu⸣-lum",
                  "id": "P238431.l03f14",
                  "ref": "P238431.4.2",
                  "inst": "šulum[health]N",
                  "sig": "@saao/saa17%akk-x-neobab:šu-lum=šulmu[completeness//health]N'N$šulum",
                  "f": {
                    "lang": "akk-x-neobab",
                    "form": "šu-lum",
                    "cf": "šulmu",
                    "gw": "completeness",
                    "sense": "health",
                    "norm": "šulum",
                    "pos": "N",
                    "epos": "N"
                  }
                },
                {
                  "node": "l",
                  "frag": "a-na",
                  "id": "P238431.l03f15",
                  "ref": "P238431.4.3",
                  "inst": "ana[to]PRP",
                  "sig": "@saao/saa17%akk-x-neobab:a-na=ana[to//to]PRP'PRP$ana",
                  "f": {
                    "lang": "akk-x-neobab",
                    "form": "a-na",
                    "cf": "ana",
                    "gw": "to",
                    "sense": "to",
                    "norm": "ana",
                    "pos": "PRP",
                    "epos": "PRP"
                  }
                },
                {
                  "node": "l",
                  "frag": "LUGAL",
                  "id": "P238431.l03f16",
                  "ref": "P238431.4.4",
                  "inst": "šarri[king]N",
                  "sig": "@saao/saa17%akk-x-neobab:LUGAL=šarru[king//king]N'N$šarri",
                  "f": {
                    "lang": "akk-x-neobab",
                    "form": "LUGAL",
                    "cf": "šarru",
                    "gw": "king",
                    "sense": "king",
                    "norm": "šarri",
                    "pos": "N",
                    "epos": "N"
                  }
                },
                {
                  "node": "l",
                  "frag": "be-li₂-ia",
                  "id": "P238431.l03f17",
                  "ref": "P238431.4.5",
                  "inst": "bēlīya[lord]N",
                  "sig": "@saao/saa17%akk-x-neobab:be-li₂-ia=bēlu[lord//lord]N'N$bēlīya",
                  "f": {
                    "lang": "akk-x-neobab",
                    "form": "be-li₂-ia",
                    "cf": "bēlu",
                    "gw": "lord",
                    "sense": "lord",
                    "norm": "bēlīya",
                    "pos": "N",
                    "epos": "N"
                  }
                },
                {
                  "node": "d",
                  "type": "line-start",
                  "ref": "P238431.5",
                  "n": "4",
                  "label": "o 4"
                },
                {
                  "node": "l",
                  "frag": "[um-ma-a]",
                  "id": "P238431.l03f18",
                  "ref": "P238431.5.1",
                  "inst": "ummā[saying]PRP",
                  "sig": "@saao/saa17%akk-x-neobab:um-ma-a=umma[saying//saying]PRP'PRP$ummā",
                  "f": {
                    "lang": "akk-x-neobab",
                    "form": "um-ma-a",
                    "cf": "umma",
                    "gw": "saying",
                    "sense": "saying",
                    "norm": "ummā",
                    "pos": "PRP",
                    "epos": "PRP"
                  }
                },
                {
                  "node": "l",
                  "frag": "⸢a⸣-na",
                  "id": "P238431.l03f19",
                  "ref": "P238431.5.2",
                  "inst": "ana[to]PRP",
                  "sig": "@saao/saa17%akk-x-neobab:a-na=ana[to//to]PRP'PRP$ana",
                  "f": {
                    "lang": "akk-x-neobab",
                    "form": "a-na",
                    "cf": "ana",
                    "gw": "to",
                    "sense": "to",
                    "norm": "ana",
                    "pos": "PRP",
                    "epos": "PRP"
                  }
                },
                {
                  "node": "l",
                  "frag": "LUGAL",
                  "id": "P238431.l03f1a",
                  "ref": "P238431.5.3",
                  "inst": "šarri[king]N",
                  "sig": "@saao/saa17%akk-x-neobab:LUGAL=šarru[king//king]N'N$šarri",
                  "f": {
                    "lang": "akk-x-neobab",
                    "form": "LUGAL",
                    "cf": "šarru",
                    "gw": "king",
                    "sense": "king",
                    "norm": "šarri",
                    "pos": "N",
                    "epos": "N"
                  }
                },
                {
                  "node": "l",
                  "frag": "be-li₂-ia-a-ma",
                  "id": "P238431.l03f1b",
                  "ref": "P238431.5.4",
                  "inst": "bēlīyāma[lord]N",
                  "sig": "@saao/saa17%akk-x-neobab:be-li₂-ia-a-ma=bēlu[lord//lord]N'N$bēlīyāma",
                  "f": {
                    "lang": "akk-x-neobab",
                    "form": "be-li₂-ia-a-ma",
                    "cf": "bēlu",
                    "gw": "lord",
                    "sense": "lord",
                    "norm": "bēlīyāma",
                    "pos": "N",
                    "epos": "N"
                  }
                },
                {
                  "node": "d",
                  "type": "line-start",
                  "ref": "P238431.6",
                  "n": "5",
                  "label": "o 5"
                },
                {
                  "node": "l",
                  "frag": "[šu-lum",
                  "id": "P238431.l03f1c",
                  "ref": "P238431.6.1",
                  "inst": "šulum[health]N",
                  "sig": "@saao/saa17%akk-x-neobab:šu-lum=šulmu[completeness//health]N'N$šulum",
                  "f": {
                    "lang": "akk-x-neobab",
                    "form": "šu-lum",
                    "cf": "šulmu",
                    "gw": "completeness",
                    "sense": "health",
                    "norm": "šulum",
                    "pos": "N",
                    "epos": "N"
                  }
                },
                {
                  "node": "l",
                  "frag": "a]-⸢na⸣",
                  "id": "P238431.l03f1d",
                  "ref": "P238431.6.2",
                  "inst": "ana[to]PRP",
                  "sig": "@saao/saa17%akk-x-neobab:a-na=ana[to//to]PRP'PRP$ana",
                  "f": {
                    "lang": "akk-x-neobab",
                    "form": "a-na",
                    "cf": "ana",
                    "gw": "to",
                    "sense": "to",
                    "norm": "ana",
                    "pos": "PRP",
                    "epos": "PRP"
                  }
                },
                {
                  "node": "l",
                  "frag": "{uru}HAL.ṢU-MEŠ",
                  "id": "P238431.l03f1e",
                  "ref": "P238431.6.3",
                  "inst": "bīrāti[fort]N",
                  "sig": "@saao/saa17%akk-x-neobab:{URU}HAL.ṢU-MEŠ=birtu[fort//fort]N'N$bīrāti",
                  "f": {
                    "lang": "akk-x-neobab",
                    "form": "{URU}HAL.ṢU-MEŠ",
                    "cf": "birtu",
                    "gw": "fort",
                    "sense": "fort",
                    "norm": "bīrāti",
                    "pos": "N",
                    "epos": "N"
                  }
                },
                {
                  "node": "d",
                  "type": "line-start",
                  "ref": "P238431.7",
                  "n": "6",
                  "label": "o 6"
                },
                {
                  "node": "l",
                  "frag": "[u₃",
                  "id": "P238431.l03f1f",
                  "ref": "P238431.7.1",
                  "inst": "u[and]CNJ",
                  "sig": "@saao/saa17%akk-x-neobab:u₃=u[and//and]CNJ'CNJ$u",
                  "f": {
                    "lang": "akk-x-neobab",
                    "form": "u₃",
                    "cf": "u",
                    "gw": "and",
                    "sense": "and",
                    "norm": "u",
                    "pos": "CNJ",
                    "epos": "CNJ"
                  }
                },
                {
                  "node": "l",
                  "frag": "e-mu]-⸢qi₂⸣",
                  "id": "P238431.l03f20",
                  "ref": "P238431.7.2",
                  "inst": "emūqī[troops]N",
                  "sig": "@saao/saa17%akk-x-neobab:e-mu-qi₂=emūqu[strength//troops]N'N$emūqī",
                  "f": {
                    "lang": "akk-x-neobab",
                    "form": "e-mu-qi₂",
                    "cf": "emūqu",
                    "gw": "strength",
                    "sense": "troops",
                    "norm": "emūqī",
                    "pos": "N",
                    "epos": "N"
                  }
                },
                {
                  "node": "l",
                  "frag": "ša",
                  "id": "P238431.l03f21",
                  "ref": "P238431.7.3",
                  "inst": "ša[of]DET",
                  "sig": "@saao/saa17%akk-x-neobab:ša=ša[of//of]DET'DET$ša",
                  "f": {
                    "lang": "akk-x-neobab",
                    "form": "ša",
                    "cf": "ša",
                    "gw": "of",
                    "sense": "of",
                    "norm": "ša",
                    "pos": "DET",
                    "epos": "DET"
                  }
                },
                {
                  "node": "l",
                  "frag": "LUGAL",
                  "id": "P238431.l03f22",
                  "ref": "P238431.7.4",
                  "inst": "šarri[king]N",
                  "sig": "@saao/saa17%akk-x-neobab:LUGAL=šarru[king//king]N'N$šarri",
                  "f": {
                    "lang": "akk-x-neobab",
                    "form": "LUGAL",
                    "cf": "šarru",
                    "gw": "king",
                    "sense": "king",
                    "norm": "šarri",
                    "pos": "N",
                    "epos": "N"
                  }
                },
                {
                  "node": "d",
                  "type": "line-start",
                  "ref": "P238431.8",
                  "n": "7",
                  "label": "o 7"
                },
                {
                  "node": "l",
                  "frag": "[ṭe₃-e-mu",
                  "id": "P238431.l03f23",
                  "ref": "P238431.8.1",
                  "inst": "ṭēmu[report]N",
                  "sig": "@saao/saa17%akk-x-neobab:ṭe₃-e-mu=ṭēmu[(fore)thought//report]N'N$ṭēmu",
                  "f": {
                    "lang": "akk-x-neobab",
                    "form": "ṭe₃-e-mu",
                    "cf": "ṭēmu",
                    "gw": "(fore)thought",
                    "sense": "report",
                    "norm": "ṭēmu",
                    "pos": "N",
                    "epos": "N"
                  }
                },
                {
                  "node": "l",
                  "frag": "ša₂",
                  "id": "P238431.l03f24",
                  "ref": "P238431.8.2",
                  "inst": "ša[of]DET",
                  "sig": "@saao/saa17%akk-x-neobab:ša₂=ša[of//of]DET'DET$ša",
                  "f": {
                    "lang": "akk-x-neobab",
                    "form": "ša₂",
                    "cf": "ša",
                    "gw": "of",
                    "sense": "of",
                    "norm": "ša",
                    "pos": "DET",
                    "epos": "DET"
                  }
                },
                {
                  "node": "l",
                  "frag": "UN]-MEŠ",
                  "id": "P238431.l03f25",
                  "ref": "P238431.8.3",
                  "inst": "nišī[people]N",
                  "sig": "@saao/saa17%akk-x-neobab:UN-MEŠ=nišu[people//people]N'N$nišī",
                  "f": {
                    "lang": "akk-x-neobab",
                    "form": "UN-MEŠ",
                    "cf": "nišu",
                    "gw": "people",
                    "sense": "people",
                    "norm": "nišī",
                    "pos": "N",
                    "epos": "N"
                  }
                },
                {
                  "node": "l",
                  "frag": "KUR",
                  "id": "P238431.l03f26",
                  "ref": "P238431.8.4",
                  "inst": "māti[land]N",
                  "sig": "@saao/saa17%akk-x-neobab:KUR=mātu[land//land]N'N$māti",
                  "f": {
                    "lang": "akk-x-neobab",
                    "form": "KUR",
                    "cf": "mātu",
                    "gw": "land",
                    "sense": "land",
                    "norm": "māti",
                    "pos": "N",
                    "epos": "N"
                  }
                },
                {
                  "node": "l",
                  "frag": "šu-lum",
                  "id": "P238431.l03f27",
                  "ref": "P238431.8.5",
                  "inst": "šulum[health]N",
                  "sig": "@saao/saa17%akk-x-neobab:šu-lum=šulmu[completeness//health]N'N$šulum",
                  "f": {
                    "lang": "akk-x-neobab",
                    "form": "šu-lum",
                    "cf": "šulmu",
                    "gw": "completeness",
                    "sense": "health",
                    "norm": "šulum",
                    "pos": "N",
                    "epos": "N"
                  }
                },
                {
                  "node": "d",
                  "type": "line-start",
                  "ref": "P238431.9",
                  "n": "8",
                  "label": "o 8"
                },
                {
                  "node": "l",
                  "frag": "[ŠA₃-bi",
                  "id": "P238431.l03f28",
                  "ref": "P238431.9.1",
                  "inst": "libbi[interior//mood]N",
                  "sig": "@saao/saa17%akk-x-neobab:ŠA₃-bi=libbu[interior//mood]N'N$libbi",
                  "f": {
                    "lang": "akk-x-neobab",
                    "form": "ŠA₃-bi",
                    "cf": "libbu",
                    "gw": "interior",
                    "sense": "mood",
                    "norm": "libbi",
                    "pos": "N",
                    "epos": "N"
                  }
                },
                {
                  "node": "l",
                  "frag": "ša₂",
                  "id": "P238431.l03f29",
                  "ref": "P238431.9.2",
                  "inst": "ša[of]DET",
                  "sig": "@saao/saa17%akk-x-neobab:ša₂=ša[of//of]DET'DET$ša",
                  "f": {
                    "lang": "akk-x-neobab",
                    "form": "ša₂",
                    "cf": "ša",
                    "gw": "of",
                    "sense": "of",
                    "norm": "ša",
                    "pos": "DET",
                    "epos": "DET"
                  }
                },
                {
                  "node": "l",
                  "frag": "LUGAL",
                  "id": "P238431.l03f2a",
                  "ref": "P238431.9.3",
                  "inst": "šarri[king]N",
                  "sig": "@saao/saa17%akk-x-neobab:LUGAL=šarru[king//king]N'N$šarri",
                  "f": {
                    "lang": "akk-x-neobab",
                    "form": "LUGAL",
                    "cf": "šarru",
                    "gw": "king",
                    "sense": "king",
                    "norm": "šarri",
                    "pos": "N",
                    "epos": "N"
                  }
                },
                {
                  "node": "l",
                  "frag": "be-li₂-ia]",
                  "id": "P238431.l03f2b",
                  "ref": "P238431.9.4",
                  "inst": "bēlīya[lord]N",
                  "sig": "@saao/saa17%akk-x-neobab:be-li₂-ia=bēlu[lord//lord]N'N$bēlīya",
                  "f": {
                    "lang": "akk-x-neobab",
                    "form": "be-li₂-ia",
                    "cf": "bēlu",
                    "gw": "lord",
                    "sense": "lord",
                    "norm": "bēlīya",
                    "pos": "N",
                    "epos": "N"
                  }
                },
                {
                  "node": "l",
                  "frag": "⸢lu⸣-u₂",
                  "id": "P238431.l03f2c",
                  "ref": "P238431.9.5",
                  "inst": "lū[may]MOD",
                  "sig": "@saao/saa17%akk-x-neobab:lu-u₂=lū[may//may]MOD'MOD$lū",
                  "f": {
                    "lang": "akk-x-neobab",
                    "form": "lu-u₂",
                    "cf": "lū",
                    "gw": "may",
                    "sense": "may",
                    "norm": "lū",
                    "pos": "MOD",
                    "epos": "MOD"
                  }
                },
                {
                  "node": "l",
                  "frag": "DUG₃.GA",
                  "id": "P238431.l03f2d",
                  "ref": "P238431.9.6",
                  "inst": "ṭāb[good]AJ",
                  "sig": "@saao/saa17%akk-x-neobab:DUG₃.GA=ṭābu[good//good]AJ'AJ$ṭāb",
                  "f": {
                    "lang": "akk-x-neobab",
                    "form": "DUG₃.GA",
                    "cf": "ṭābu",
                    "gw": "good",
                    "sense": "good",
                    "norm": "ṭāb",
                    "pos": "AJ",
                    "epos": "AJ"
                  }
                },
                {
                  "node": "d",
                  "type": "nonx",
                  "ref": "P238431.10",
                  "strict": "0",
                  "extent": "rest",
                  "state": "missing"
                },
                {
                  "node": "d",
                  "subtype": "reverse",
                  "type": "reverse",
                  "ref": "P238431.r.11",
                  "label": "r"
                },
                {
                  "node": "d",
                  "type": "nonx",
                  "ref": "P238431.12",
                  "strict": "0",
                  "state": "other"
                }
              ]
            }
          ]
        }
      ]
    }
  ]
}
