{
  "type": "cdl",
  "source": "http://oracc.org/saao/saa17",
  "license": "This data is released under the CC0 license",
  "license-url": "https://creativecommons.org/publicdomain/zero/1.0/",
  "more-info": "http://oracc.org/doc/opendata/",
  "UTC-timestamp": "2017-06-10T00:58:17",
  "project": "saao/saa17",
  "textid": "P238504",
  "cdl": [
    {
      "node": "c",
      "type": "text",
      "id": "P238504.U0",
      "cdl": [
        {
          "node": "d",
          "type": "object",
          "ref": ""
        },
        {
          "node": "d",
          "subtype": "obverse",
          "type": "obverse",
          "ref": "P238504.o.1",
          "label": "o"
        },
        {
          "node": "c",
          "type": "discourse",
          "subtype": "body",
          "id": "P238504.U1",
          "cdl": [
            {
              "node": "c",
              "type": "sentence",
              "id": "P238504.U2",
              "label": "o 1 - o 11",
              "cdl": [
                {
                  "node": "d",
                  "type": "line-start",
                  "ref": "P238504.2",
                  "n": "1",
                  "label": "o 1"
                },
                {
                  "node": "l",
                  "frag": "[ARAD-ka",
                  "id": "P238504.l0319a",
                  "ref": "P238504.2.1",
                  "inst": "aradka[servant]N",
                  "sig": "@saao/saa17%akk-x-neobab:ARAD-ka=ardu[slave//servant]N'N$aradka",
                  "f": {
                    "lang": "akk-x-neobab",
                    "form": "ARAD-ka",
                    "cf": "ardu",
                    "gw": "slave",
                    "sense": "servant",
                    "norm": "aradka",
                    "pos": "N",
                    "epos": "N"
                  }
                },
                {
                  "node": "l",
                  "frag": "{1}mar-duk]",
                  "id": "P238504.l0319b",
                  "ref": "P238504.2.2",
                  "inst": "Marduk[1]PN",
                  "sig": "@saao/saa17%akk-x-neobab:{1}mar-duk=Marduku[1//1]PN'PN$Marduk",
                  "f": {
                    "lang": "akk-x-neobab",
                    "form": "{1}mar-duk",
                    "cf": "Marduku",
                    "gw": "1",
                    "sense": "1",
                    "norm": "Marduk",
                    "pos": "PN",
                    "epos": "PN"
                  }
                },
                {
                  "node": "d",
                  "type": "line-start",
                  "ref": "P238504.3",
                  "n": "2",
                  "label": "o 2"
                },
                {
                  "node": "l",
                  "frag": "[a-na",
                  "id": "P238504.l0319c",
                  "ref": "P238504.3.1",
                  "inst": "ana[to]PRP",
                  "sig": "@saao/saa17%akk-x-neobab:a-na=ana[to//to]PRP'PRP$ana",
                  "f": {
                    "lang": "akk-x-neobab",
                    "form": "a-na",
                    "cf": "ana",
                    "gw": "to",
                    "sense": "to",
                    "norm": "ana",
                    "pos": "PRP",
                    "epos": "PRP"
                  }
                },
                {
                  "node": "l",
                  "frag": "di-na-an",
                  "id": "P238504.l0319d",
                  "ref": "P238504.3.2",
                  "inst": "dinān[substitute]N",
                  "sig": "@saao/saa17%akk-x-neobab:di-na-an=dinānu[substitution//substitute]N'N$dinān",
                  "f": {
                    "lang": "akk-x-neobab",
                    "form": "di-na-an",
                    "cf": "dinānu",
                    "gw": "substitution",
                    "sense": "substitute",
                    "norm": "dinān",
                    "pos": "N",
                    "epos": "N"
                  }
                },
                {
                  "node": "l",
                  "frag": "LUGAL",
                  "id": "P238504.l0319e",
                  "ref": "P238504.3.3",
                  "inst": "šarri[king]N",
                  "sig": "@saao/saa17%akk-x-neobab:LUGAL=šarru[king//king]N'N$šarri",
                  "f": {
                    "lang": "akk-x-neobab",
                    "form": "LUGAL",
                    "cf": "šarru",
                    "gw": "king",
                    "sense": "king",
                    "norm": "šarri",
                    "pos": "N",
                    "epos": "N"
                  }
                },
                {
                  "node": "l",
                  "frag": "be-li₂-ia]",
                  "id": "P238504.l0319f",
                  "ref": "P238504.3.4",
                  "inst": "bēlīya[lord]N",
                  "sig": "@saao/saa17%akk-x-neobab:be-li₂-ia=bēlu[lord//lord]N'N$bēlīya",
                  "f": {
                    "lang": "akk-x-neobab",
                    "form": "be-li₂-ia",
                    "cf": "bēlu",
                    "gw": "lord",
                    "sense": "lord",
                    "norm": "bēlīya",
                    "pos": "N",
                    "epos": "N"
                  }
                },
                {
                  "node": "d",
                  "type": "line-start",
                  "ref": "P238504.4",
                  "n": "3",
                  "label": "o 3"
                },
                {
                  "node": "l",
                  "frag": "[lul-lik",
                  "id": "P238504.l031a0",
                  "ref": "P238504.4.1",
                  "inst": "lullik[go]V",
                  "sig": "@saao/saa17%akk-x-neobab:lul-lik=alāku[go//go]V'V$lullik",
                  "f": {
                    "lang": "akk-x-neobab",
                    "form": "lul-lik",
                    "cf": "alāku",
                    "gw": "go",
                    "sense": "go",
                    "norm": "lullik",
                    "pos": "V",
                    "epos": "V"
                  }
                },
                {
                  "node": "l",
                  "frag": "d].AG",
                  "id": "P238504.l031a1",
                  "ref": "P238504.4.2",
                  "inst": "Nabu[1]DN$",
                  "sig": "@saao/saa17%akk-x-neobab:d.AG=Nabu[1//1]DN'DN$Nabu",
                  "f": {
                    "lang": "akk-x-neobab",
                    "form": "d.AG",
                    "cf": "Nabu",
                    "gw": "1",
                    "sense": "1",
                    "norm": "Nabu",
                    "pos": "DN",
                    "epos": "DN"
                  }
                },
                {
                  "node": "l",
                  "frag": "u₃",
                  "id": "P238504.l031a2",
                  "ref": "P238504.4.3",
                  "inst": "u[and]CNJ",
                  "sig": "@saao/saa17%akk-x-neobab:u₃=u[and//and]CNJ'CNJ$u",
                  "f": {
                    "lang": "akk-x-neobab",
                    "form": "u₃",
                    "cf": "u",
                    "gw": "and",
                    "sense": "and",
                    "norm": "u",
                    "pos": "CNJ",
                    "epos": "CNJ"
                  }
                },
                {
                  "node": "l",
                  "frag": "{[d}AMAR.UTU]",
                  "id": "P238504.l031a3",
                  "ref": "P238504.4.4",
                  "inst": "Marduk[1]DN",
                  "sig": "@saao/saa17%akk-x-neobab:{d}AMAR.UTU=Marduk[1//1]DN'DN$Marduk",
                  "f": {
                    "lang": "akk-x-neobab",
                    "form": "{d}AMAR.UTU",
                    "cf": "Marduk",
                    "gw": "1",
                    "sense": "1",
                    "norm": "Marduk",
                    "pos": "DN",
                    "epos": "DN"
                  }
                },
                {
                  "node": "d",
                  "type": "line-start",
                  "ref": "P238504.5",
                  "n": "4",
                  "label": "o 4"
                },
                {
                  "node": "l",
                  "frag": "[a]-⸢na⸣",
                  "id": "P238504.l031a4",
                  "ref": "P238504.5.1",
                  "inst": "ana[to]PRP",
                  "sig": "@saao/saa17%akk-x-neobab:a-na=ana[to//to]PRP'PRP$ana",
                  "f": {
                    "lang": "akk-x-neobab",
                    "form": "a-na",
                    "cf": "ana",
                    "gw": "to",
                    "sense": "to",
                    "norm": "ana",
                    "pos": "PRP",
                    "epos": "PRP"
                  }
                },
                {
                  "node": "l",
                  "frag": "LUGAL",
                  "id": "P238504.l031a5",
                  "ref": "P238504.5.2",
                  "inst": "šarri[king]N",
                  "sig": "@saao/saa17%akk-x-neobab:LUGAL=šarru[king//king]N'N$šarri",
                  "f": {
                    "lang": "akk-x-neobab",
                    "form": "LUGAL",
                    "cf": "šarru",
                    "gw": "king",
                    "sense": "king",
                    "norm": "šarri",
                    "pos": "N",
                    "epos": "N"
                  }
                },
                {
                  "node": "l",
                  "frag": "lik-ru-[bu]",
                  "id": "P238504.l031a6",
                  "ref": "P238504.5.3",
                  "inst": "likrubū[bless]V",
                  "sig": "@saao/saa17%akk-x-neobab:lik-ru-bu=karābu[pray//bless]V'V$likrubū",
                  "f": {
                    "lang": "akk-x-neobab",
                    "form": "lik-ru-bu",
                    "cf": "karābu",
                    "gw": "pray",
                    "sense": "bless",
                    "norm": "likrubū",
                    "pos": "V",
                    "epos": "V"
                  }
                },
                {
                  "node": "d",
                  "type": "line-start",
                  "ref": "P238504.6",
                  "n": "5",
                  "label": "o 5"
                },
                {
                  "node": "l",
                  "frag": "⸢um⸣-ma-a",
                  "id": "P238504.l031a7",
                  "ref": "P238504.6.1",
                  "inst": "ummā[saying]PRP",
                  "sig": "@saao/saa17%akk-x-neobab:um-ma-a=umma[saying//saying]PRP'PRP$ummā",
                  "f": {
                    "lang": "akk-x-neobab",
                    "form": "um-ma-a",
                    "cf": "umma",
                    "gw": "saying",
                    "sense": "saying",
                    "norm": "ummā",
                    "pos": "PRP",
                    "epos": "PRP"
                  }
                },
                {
                  "node": "l",
                  "frag": "a-na",
                  "id": "P238504.l031a8",
                  "ref": "P238504.6.2",
                  "inst": "ana[to]PRP",
                  "sig": "@saao/saa17%akk-x-neobab:a-na=ana[to//to]PRP'PRP$ana",
                  "f": {
                    "lang": "akk-x-neobab",
                    "form": "a-na",
                    "cf": "ana",
                    "gw": "to",
                    "sense": "to",
                    "norm": "ana",
                    "pos": "PRP",
                    "epos": "PRP"
                  }
                },
                {
                  "node": "l",
                  "frag": "LUGAL",
                  "id": "P238504.l031a9",
                  "ref": "P238504.6.3",
                  "inst": "šarri[king]N",
                  "sig": "@saao/saa17%akk-x-neobab:LUGAL=šarru[king//king]N'N$šarri",
                  "f": {
                    "lang": "akk-x-neobab",
                    "form": "LUGAL",
                    "cf": "šarru",
                    "gw": "king",
                    "sense": "king",
                    "norm": "šarri",
                    "pos": "N",
                    "epos": "N"
                  }
                },
                {
                  "node": "l",
                  "frag": "be-⸢li₂⸣-[ia-a-ma]",
                  "id": "P238504.l031aa",
                  "ref": "P238504.6.4",
                  "inst": "bēlīyāma[lord]N",
                  "sig": "@saao/saa17%akk-x-neobab:be-li₂-ia-a-ma=bēlu[lord//lord]N'N$bēlīyāma",
                  "f": {
                    "lang": "akk-x-neobab",
                    "form": "be-li₂-ia-a-ma",
                    "cf": "bēlu",
                    "gw": "lord",
                    "sense": "lord",
                    "norm": "bēlīyāma",
                    "pos": "N",
                    "epos": "N"
                  }
                },
                {
                  "node": "d",
                  "type": "line-start",
                  "ref": "P238504.7",
                  "n": "6",
                  "label": "o 6"
                },
                {
                  "node": "l",
                  "frag": "⸢šul⸣-lum",
                  "id": "P238504.l031ab",
                  "ref": "P238504.7.1",
                  "inst": "šulmu[completeness//health]N$šullum",
                  "sig": "@saao/saa17%akk-x-neobab:šul-lum=šulmu[completeness//health]N'N$šullum",
                  "f": {
                    "lang": "akk-x-neobab",
                    "form": "šul-lum",
                    "cf": "šulmu",
                    "gw": "completeness",
                    "sense": "health",
                    "norm": "šullum",
                    "pos": "N",
                    "epos": "N"
                  }
                },
                {
                  "node": "l",
                  "frag": "a-na",
                  "id": "P238504.l031ac",
                  "ref": "P238504.7.2",
                  "inst": "ana[to]PRP",
                  "sig": "@saao/saa17%akk-x-neobab:a-na=ana[to//to]PRP'PRP$ana",
                  "f": {
                    "lang": "akk-x-neobab",
                    "form": "a-na",
                    "cf": "ana",
                    "gw": "to",
                    "sense": "to",
                    "norm": "ana",
                    "pos": "PRP",
                    "epos": "PRP"
                  }
                },
                {
                  "node": "l",
                  "frag": "E₂.ZI.⸢DA⸣",
                  "id": "P238504.l031ad",
                  "ref": "P238504.7.3",
                  "inst": "Ezida[Temple of Nabu]TN$",
                  "sig": "@saao/saa17%akk-x-neobab:E₂.ZI.DA=Ezida[Temple of Nabu//Temple of Nabu]TN'TN$Ezida",
                  "f": {
                    "lang": "akk-x-neobab",
                    "form": "E₂.ZI.DA",
                    "cf": "Ezida",
                    "gw": "Temple of Nabu",
                    "sense": "Temple of Nabu",
                    "norm": "Ezida",
                    "pos": "TN",
                    "epos": "TN"
                  }
                },
                {
                  "node": "d",
                  "type": "line-start",
                  "ref": "P238504.8",
                  "n": "7",
                  "label": "o 7"
                },
                {
                  "node": "l",
                  "frag": "u₃",
                  "id": "P238504.l031ae",
                  "ref": "P238504.8.1",
                  "inst": "u[and]CNJ",
                  "sig": "@saao/saa17%akk-x-neobab:u₃=u[and//and]CNJ'CNJ$u",
                  "f": {
                    "lang": "akk-x-neobab",
                    "form": "u₃",
                    "cf": "u",
                    "gw": "and",
                    "sense": "and",
                    "norm": "u",
                    "pos": "CNJ",
                    "epos": "CNJ"
                  }
                },
                {
                  "node": "l",
                  "frag": "a-na",
                  "id": "P238504.l031af",
                  "ref": "P238504.8.2",
                  "inst": "ana[to]PRP",
                  "sig": "@saao/saa17%akk-x-neobab:a-na=ana[to//to]PRP'PRP$ana",
                  "f": {
                    "lang": "akk-x-neobab",
                    "form": "a-na",
                    "cf": "ana",
                    "gw": "to",
                    "sense": "to",
                    "norm": "ana",
                    "pos": "PRP",
                    "epos": "PRP"
                  }
                },
                {
                  "node": "l",
                  "frag": "E₂.KUR-⸢MEŠ⸣",
                  "id": "P238504.l031b0",
                  "ref": "P238504.8.3",
                  "inst": "ēkurru[temple]N$ēkurrāti",
                  "sig": "@saao/saa17%akk-x-neobab:E₂.KUR-MEŠ=ēkurru[temple//temple]N'N$ēkurrāti",
                  "f": {
                    "lang": "akk-x-neobab",
                    "form": "E₂.KUR-MEŠ",
                    "cf": "ēkurru",
                    "gw": "temple",
                    "sense": "temple",
                    "norm": "ēkurrāti",
                    "pos": "N",
                    "epos": "N"
                  }
                },
                {
                  "node": "d",
                  "type": "line-start",
                  "ref": "P238504.9",
                  "n": "8",
                  "label": "o 8"
                },
                {
                  "node": "l",
                  "frag": "a-na",
                  "id": "P238504.l031b1",
                  "ref": "P238504.9.1",
                  "inst": "ana[to]PRP",
                  "sig": "@saao/saa17%akk-x-neobab:a-na=ana[to//to]PRP'PRP$ana",
                  "f": {
                    "lang": "akk-x-neobab",
                    "form": "a-na",
                    "cf": "ana",
                    "gw": "to",
                    "sense": "to",
                    "norm": "ana",
                    "pos": "PRP",
                    "epos": "PRP"
                  }
                },
                {
                  "node": "l",
                  "frag": "E₂-DINGIR-MEŠ",
                  "id": "P238504.l031b2",
                  "ref": "P238504.9.2",
                  "cof-tails": "P238504.l031b3",
                  "inst": "+bītu[house]N$bīt&+ilu[god]N$ilāni",
                  "sig": "@saao%akk-x-neobab:E₂-DINGIR-MEŠ=bītu[house//house]N'N$bīt&&@saao%akk-x-neobab:=ilu[god//god]N'N$ilāni",
                  "f": {
                    "lang": "akk-x-neobab",
                    "form": "E₂-DINGIR-MEŠ",
                    "cf": "bītu",
                    "gw": "house",
                    "sense": "house",
                    "norm": "bīt",
                    "pos": "N",
                    "epos": "N"
                  }
                },
                {
                  "node": "l",
                  "frag": "E₂-DINGIR-MEŠ",
                  "id": "P238504.l031b3",
                  "ref": "P238504.9.2",
                  "cof-head": "P238504.l031b2",
                  "inst": "+bītu[house]N$bīt&+ilu[god]N$ilāni",
                  "f": {
                    "lang": "akk-x-neobab",
                    "form": "E₂-DINGIR-MEŠ",
                    "cf": "ilu",
                    "gw": "god",
                    "sense": "god",
                    "norm": "ilāni",
                    "pos": "N",
                    "epos": "N"
                  }
                },
                {
                  "node": "l",
                  "frag": "[x",
                  "id": "P238504.l031b4",
                  "ref": "P238504.9.3",
                  "inst": "u",
                  "f": {
                    "lang": "akk-x-neobab",
                    "form": "x",
                    "pos": "u"
                  }
                },
                {
                  "node": "l",
                  "frag": "x]",
                  "id": "P238504.l031b5",
                  "ref": "P238504.9.4",
                  "inst": "u",
                  "f": {
                    "lang": "akk-x-neobab",
                    "form": "x",
                    "pos": "u"
                  }
                },
                {
                  "node": "d",
                  "type": "line-start",
                  "ref": "P238504.10",
                  "n": "9",
                  "label": "o 9"
                },
                {
                  "node": "l",
                  "frag": "[x]",
                  "id": "P238504.l031b6",
                  "ref": "P238504.10.1",
                  "inst": "u",
                  "f": {
                    "lang": "akk-x-neobab",
                    "form": "x",
                    "pos": "u"
                  }
                },
                {
                  "node": "l",
                  "frag": "ki-i-ma-⸢de⸣-[e",
                  "id": "P238504.l031b7",
                  "ref": "P238504.10.2",
                  "cof-tails": "P238504.l031b8",
                  "inst": "+akī[as, like]PRP$kî&+maʾdû[(large) quantity]N$mādê",
                  "exosig": "@saao/saa17%akk-x-neobab:ki-i-ma-de-e=akī[as, like//as, like]PRP'PRP$kî&&@saao/saa17%akk-x-neobab:ki-i-ma-de-e=maʾdû[(large) quantity//(large) quantity]N'N$mādê",
                  "f": {
                    "lang": "akk-x-neobab",
                    "form": "ki-i-ma-de-e",
                    "cf": "akī",
                    "gw": "as, like",
                    "sense": "as, like",
                    "norm": "kî",
                    "pos": "PRP",
                    "epos": "PRP"
                  }
                },
                {
                  "node": "l",
                  "frag": "ki-i-ma-⸢de⸣-[e",
                  "id": "P238504.l031b8",
                  "ref": "P238504.10.2",
                  "cof-head": "P238504.l031b7",
                  "inst": "+akī[as, like]PRP$kî&+maʾdû[(large) quantity]N$mādê",
                  "f": {
                    "lang": "akk-x-neobab",
                    "form": "ki-i-ma-de-e",
                    "cf": "maʾdû",
                    "gw": "(large) quantity",
                    "sense": "(large) quantity",
                    "norm": "mādê",
                    "pos": "N",
                    "epos": "N"
                  }
                },
                {
                  "node": "l",
                  "frag": "x",
                  "id": "P238504.l031b9",
                  "ref": "P238504.10.3",
                  "inst": "u",
                  "f": {
                    "lang": "akk-x-neobab",
                    "form": "x",
                    "pos": "u"
                  }
                },
                {
                  "node": "l",
                  "frag": "x",
                  "id": "P238504.l031ba",
                  "ref": "P238504.10.4",
                  "inst": "u",
                  "f": {
                    "lang": "akk-x-neobab",
                    "form": "x",
                    "pos": "u"
                  }
                },
                {
                  "node": "l",
                  "frag": "x]",
                  "id": "P238504.l031bb",
                  "ref": "P238504.10.5",
                  "inst": "u",
                  "f": {
                    "lang": "akk-x-neobab",
                    "form": "x",
                    "pos": "u"
                  }
                },
                {
                  "node": "d",
                  "type": "line-start",
                  "ref": "P238504.11",
                  "n": "10",
                  "label": "o 10"
                },
                {
                  "node": "l",
                  "frag": "[x]-u₂",
                  "id": "P238504.l031bc",
                  "ref": "P238504.11.1",
                  "inst": "u",
                  "f": {
                    "lang": "akk-x-neobab",
                    "form": "x-u₂",
                    "pos": "u"
                  }
                },
                {
                  "node": "l",
                  "frag": "lu-u₂",
                  "id": "P238504.l031bd",
                  "ref": "P238504.11.2",
                  "inst": "lū[may]MOD",
                  "sig": "@saao/saa17%akk-x-neobab:lu-u₂=lū[may//may]MOD'MOD$lū",
                  "f": {
                    "lang": "akk-x-neobab",
                    "form": "lu-u₂",
                    "cf": "lū",
                    "gw": "may",
                    "sense": "may",
                    "norm": "lū",
                    "pos": "MOD",
                    "epos": "MOD"
                  }
                },
                {
                  "node": "l",
                  "frag": "[x",
                  "id": "P238504.l031be",
                  "ref": "P238504.11.3",
                  "inst": "u",
                  "f": {
                    "lang": "akk-x-neobab",
                    "form": "x",
                    "pos": "u"
                  }
                },
                {
                  "node": "l",
                  "frag": "x",
                  "id": "P238504.l031bf",
                  "ref": "P238504.11.4",
                  "inst": "u",
                  "f": {
                    "lang": "akk-x-neobab",
                    "form": "x",
                    "pos": "u"
                  }
                },
                {
                  "node": "l",
                  "frag": "x",
                  "id": "P238504.l031c0",
                  "ref": "P238504.11.5",
                  "inst": "u",
                  "f": {
                    "lang": "akk-x-neobab",
                    "form": "x",
                    "pos": "u"
                  }
                },
                {
                  "node": "l",
                  "frag": "x]",
                  "id": "P238504.l031c1",
                  "ref": "P238504.11.6",
                  "inst": "u",
                  "f": {
                    "lang": "akk-x-neobab",
                    "form": "x",
                    "pos": "u"
                  }
                },
                {
                  "node": "d",
                  "type": "line-start",
                  "ref": "P238504.12",
                  "n": "11",
                  "label": "o 11"
                },
                {
                  "node": "l",
                  "frag": "[x",
                  "id": "P238504.l031c2",
                  "ref": "P238504.12.1",
                  "inst": "u",
                  "f": {
                    "lang": "akk-x-neobab",
                    "form": "x",
                    "pos": "u"
                  }
                },
                {
                  "node": "l",
                  "frag": "x]",
                  "id": "P238504.l031c3",
                  "ref": "P238504.12.2",
                  "inst": "u",
                  "f": {
                    "lang": "akk-x-neobab",
                    "form": "x",
                    "pos": "u"
                  }
                },
                {
                  "node": "l",
                  "frag": "⸢x",
                  "id": "P238504.l031c4",
                  "ref": "P238504.12.3",
                  "inst": "u",
                  "f": {
                    "lang": "akk-x-neobab",
                    "form": "x",
                    "pos": "u"
                  }
                },
                {
                  "node": "l",
                  "frag": "x⸣",
                  "id": "P238504.l031c5",
                  "ref": "P238504.12.4",
                  "inst": "u",
                  "f": {
                    "lang": "akk-x-neobab",
                    "form": "x",
                    "pos": "u"
                  }
                },
                {
                  "node": "l",
                  "frag": "[x",
                  "id": "P238504.l031c6",
                  "ref": "P238504.12.5",
                  "inst": "u",
                  "f": {
                    "lang": "akk-x-neobab",
                    "form": "x",
                    "pos": "u"
                  }
                },
                {
                  "node": "l",
                  "frag": "x",
                  "id": "P238504.l031c7",
                  "ref": "P238504.12.6",
                  "inst": "u",
                  "f": {
                    "lang": "akk-x-neobab",
                    "form": "x",
                    "pos": "u"
                  }
                },
                {
                  "node": "l",
                  "frag": "x",
                  "id": "P238504.l031c8",
                  "ref": "P238504.12.7",
                  "inst": "u",
                  "f": {
                    "lang": "akk-x-neobab",
                    "form": "x",
                    "pos": "u"
                  }
                },
                {
                  "node": "l",
                  "frag": "x]",
                  "id": "P238504.l031c9",
                  "ref": "P238504.12.8",
                  "inst": "u",
                  "f": {
                    "lang": "akk-x-neobab",
                    "form": "x",
                    "pos": "u"
                  }
                },
                {
                  "node": "d",
                  "type": "nonx",
                  "ref": "P238504.13",
                  "strict": "0",
                  "extent": "rest",
                  "state": "missing"
                },
                {
                  "node": "d",
                  "subtype": "reverse",
                  "type": "reverse",
                  "ref": "P238504.r.14",
                  "label": "r"
                },
                {
                  "node": "d",
                  "type": "nonx",
                  "ref": "P238504.15",
                  "strict": "0",
                  "state": "missing"
                }
              ]
            }
          ]
        }
      ]
    }
  ]
}
