{
  "type": "cdl",
  "source": "http://oracc.org/saao/saa17",
  "license": "This data is released under the CC0 license",
  "license-url": "https://creativecommons.org/publicdomain/zero/1.0/",
  "more-info": "http://oracc.org/doc/opendata/",
  "UTC-timestamp": "2017-06-10T00:58:23",
  "project": "saao/saa17",
  "textid": "P238004",
  "cdl": [
    {
      "node": "c",
      "type": "text",
      "id": "P238004.U0",
      "cdl": [
        {
          "node": "d",
          "type": "object",
          "ref": ""
        },
        {
          "node": "d",
          "subtype": "obverse",
          "type": "obverse",
          "ref": "P238004.o.1",
          "label": "o"
        },
        {
          "node": "c",
          "type": "discourse",
          "subtype": "body",
          "id": "P238004.U1",
          "cdl": [
            {
              "node": "c",
              "type": "sentence",
              "id": "P238004.U2",
              "label": "o 1 - r 10",
              "cdl": [
                {
                  "node": "d",
                  "type": "line-start",
                  "ref": "P238004.2",
                  "n": "1",
                  "label": "o 1"
                },
                {
                  "node": "l",
                  "frag": "⸢a⸣-na",
                  "id": "P238004.l0362e",
                  "ref": "P238004.2.1",
                  "inst": "ana[to]PRP",
                  "sig": "@saao/saa17%akk-x-neobab:a-na=ana[to//to]PRP'PRP$ana",
                  "f": {
                    "lang": "akk-x-neobab",
                    "form": "a-na",
                    "cf": "ana",
                    "gw": "to",
                    "sense": "to",
                    "norm": "ana",
                    "pos": "PRP",
                    "epos": "PRP"
                  }
                },
                {
                  "node": "l",
                  "frag": "LUGAL",
                  "id": "P238004.l0362f",
                  "ref": "P238004.2.2",
                  "inst": "šarri[king]N",
                  "sig": "@saao/saa17%akk-x-neobab:LUGAL=šarru[king//king]N'N$šarri",
                  "f": {
                    "lang": "akk-x-neobab",
                    "form": "LUGAL",
                    "cf": "šarru",
                    "gw": "king",
                    "sense": "king",
                    "norm": "šarri",
                    "pos": "N",
                    "epos": "N"
                  }
                },
                {
                  "node": "l",
                  "frag": "be-li₂-ia",
                  "id": "P238004.l03630",
                  "ref": "P238004.2.3",
                  "inst": "bēlīya[lord]N",
                  "sig": "@saao/saa17%akk-x-neobab:be-li₂-ia=bēlu[lord//lord]N'N$bēlīya",
                  "f": {
                    "lang": "akk-x-neobab",
                    "form": "be-li₂-ia",
                    "cf": "bēlu",
                    "gw": "lord",
                    "sense": "lord",
                    "norm": "bēlīya",
                    "pos": "N",
                    "epos": "N"
                  }
                },
                {
                  "node": "d",
                  "type": "line-start",
                  "ref": "P238004.3",
                  "n": "2",
                  "label": "o 2"
                },
                {
                  "node": "l",
                  "frag": "[ARAD]-⸢ka⸣",
                  "id": "P238004.l03631",
                  "ref": "P238004.3.1",
                  "inst": "aradka[servant]N",
                  "sig": "@saao/saa17%akk-x-neobab:ARAD-ka=ardu[slave//servant]N'N$aradka",
                  "f": {
                    "lang": "akk-x-neobab",
                    "form": "ARAD-ka",
                    "cf": "ardu",
                    "gw": "slave",
                    "sense": "servant",
                    "norm": "aradka",
                    "pos": "N",
                    "epos": "N"
                  }
                },
                {
                  "node": "l",
                  "frag": "{1}la-an-še-e",
                  "id": "P238004.l03632",
                  "ref": "P238004.3.2",
                  "inst": "Lanše[1]PN$",
                  "sig": "@saao/saa17%akk-x-neobab:{1}la-an-še-e=Lanše[1//1]PN'PN$Lanše",
                  "f": {
                    "lang": "akk-x-neobab",
                    "form": "{1}la-an-še-e",
                    "cf": "Lanše",
                    "gw": "1",
                    "sense": "1",
                    "norm": "Lanše",
                    "pos": "PN",
                    "epos": "PN"
                  }
                },
                {
                  "node": "d",
                  "type": "line-start",
                  "ref": "P238004.4",
                  "n": "3",
                  "label": "o 3"
                },
                {
                  "node": "l",
                  "frag": "[lu]",
                  "id": "P238004.l03633",
                  "ref": "P238004.4.1",
                  "inst": "lū[may]MOD",
                  "sig": "@saao/saa17%akk-x-neobab:lu=lū[may//may]MOD'MOD$lū",
                  "f": {
                    "lang": "akk-x-neobab",
                    "form": "lu",
                    "cf": "lū",
                    "gw": "may",
                    "sense": "may",
                    "norm": "lū",
                    "pos": "MOD",
                    "epos": "MOD"
                  }
                },
                {
                  "node": "l",
                  "frag": "⸢DI⸣-mu",
                  "id": "P238004.l03634",
                  "ref": "P238004.4.2",
                  "inst": "šulmu[health]N",
                  "sig": "@saao/saa17%akk-x-neobab:DI-mu=šulmu[completeness//health]N'N$šulmu",
                  "f": {
                    "lang": "akk-x-neobab",
                    "form": "DI-mu",
                    "cf": "šulmu",
                    "gw": "completeness",
                    "sense": "health",
                    "norm": "šulmu",
                    "pos": "N",
                    "epos": "N"
                  }
                },
                {
                  "node": "l",
                  "frag": "a-na",
                  "id": "P238004.l03635",
                  "ref": "P238004.4.3",
                  "inst": "ana[to]PRP",
                  "sig": "@saao/saa17%akk-x-neobab:a-na=ana[to//to]PRP'PRP$ana",
                  "f": {
                    "lang": "akk-x-neobab",
                    "form": "a-na",
                    "cf": "ana",
                    "gw": "to",
                    "sense": "to",
                    "norm": "ana",
                    "pos": "PRP",
                    "epos": "PRP"
                  }
                },
                {
                  "node": "l",
                  "frag": "LUGAL",
                  "id": "P238004.l03636",
                  "ref": "P238004.4.4",
                  "inst": "šarri[king]N",
                  "sig": "@saao/saa17%akk-x-neobab:LUGAL=šarru[king//king]N'N$šarri",
                  "f": {
                    "lang": "akk-x-neobab",
                    "form": "LUGAL",
                    "cf": "šarru",
                    "gw": "king",
                    "sense": "king",
                    "norm": "šarri",
                    "pos": "N",
                    "epos": "N"
                  }
                },
                {
                  "node": "l",
                  "frag": "be-li₂-ia",
                  "id": "P238004.l03637",
                  "ref": "P238004.4.5",
                  "inst": "bēlīya[lord]N",
                  "sig": "@saao/saa17%akk-x-neobab:be-li₂-ia=bēlu[lord//lord]N'N$bēlīya",
                  "f": {
                    "lang": "akk-x-neobab",
                    "form": "be-li₂-ia",
                    "cf": "bēlu",
                    "gw": "lord",
                    "sense": "lord",
                    "norm": "bēlīya",
                    "pos": "N",
                    "epos": "N"
                  }
                },
                {
                  "node": "d",
                  "type": "line-start",
                  "ref": "P238004.5",
                  "n": "4",
                  "label": "o 4"
                },
                {
                  "node": "l",
                  "frag": "[um-ma]",
                  "id": "P238004.l03638",
                  "ref": "P238004.5.1",
                  "inst": "umma[saying]PRP",
                  "sig": "@saao/saa17%akk-x-neobab:um-ma=umma[saying//saying]PRP'PRP$umma",
                  "f": {
                    "lang": "akk-x-neobab",
                    "form": "um-ma",
                    "cf": "umma",
                    "gw": "saying",
                    "sense": "saying",
                    "norm": "umma",
                    "pos": "PRP",
                    "epos": "PRP"
                  }
                },
                {
                  "node": "l",
                  "frag": "a-na",
                  "id": "P238004.l03639",
                  "ref": "P238004.5.2",
                  "inst": "ana[to]PRP",
                  "sig": "@saao/saa17%akk-x-neobab:a-na=ana[to//to]PRP'PRP$ana",
                  "f": {
                    "lang": "akk-x-neobab",
                    "form": "a-na",
                    "cf": "ana",
                    "gw": "to",
                    "sense": "to",
                    "norm": "ana",
                    "pos": "PRP",
                    "epos": "PRP"
                  }
                },
                {
                  "node": "l",
                  "frag": "LUGAL",
                  "id": "P238004.l0363a",
                  "ref": "P238004.5.3",
                  "inst": "šarri[king]N",
                  "sig": "@saao/saa17%akk-x-neobab:LUGAL=šarru[king//king]N'N$šarri",
                  "f": {
                    "lang": "akk-x-neobab",
                    "form": "LUGAL",
                    "cf": "šarru",
                    "gw": "king",
                    "sense": "king",
                    "norm": "šarri",
                    "pos": "N",
                    "epos": "N"
                  }
                },
                {
                  "node": "l",
                  "frag": "be-li₂-ia-a-ma",
                  "id": "P238004.l0363b",
                  "ref": "P238004.5.4",
                  "inst": "bēlu[lord]N$bēlīyāma",
                  "sig": "@saao/saa17%akk-x-neobab:be-li₂-ia-a-ma=bēlu[lord//lord]N'N$bēlīyāma",
                  "f": {
                    "lang": "akk-x-neobab",
                    "form": "be-li₂-ia-a-ma",
                    "cf": "bēlu",
                    "gw": "lord",
                    "sense": "lord",
                    "norm": "bēlīyāma",
                    "pos": "N",
                    "epos": "N"
                  }
                },
                {
                  "node": "d",
                  "type": "line-start",
                  "ref": "P238004.6",
                  "n": "5",
                  "label": "o 5"
                },
                {
                  "node": "l",
                  "frag": "[um-ma",
                  "id": "P238004.l0363c",
                  "ref": "P238004.6.1",
                  "inst": "umma[saying]PRP",
                  "sig": "@saao/saa17%akk-x-neobab:um-ma=umma[saying//saying]PRP'PRP$umma",
                  "f": {
                    "lang": "akk-x-neobab",
                    "form": "um-ma",
                    "cf": "umma",
                    "gw": "saying",
                    "sense": "saying",
                    "norm": "umma",
                    "pos": "PRP",
                    "epos": "PRP"
                  }
                },
                {
                  "node": "l",
                  "frag": "a]-⸢na⸣",
                  "id": "P238004.l0363d",
                  "ref": "P238004.6.2",
                  "inst": "ana[for]PRP",
                  "sig": "@saao/saa17%akk-x-neobab:a-na=ana[to//for]PRP'PRP$ana",
                  "f": {
                    "lang": "akk-x-neobab",
                    "form": "a-na",
                    "cf": "ana",
                    "gw": "to",
                    "sense": "for",
                    "norm": "ana",
                    "pos": "PRP",
                    "epos": "PRP"
                  }
                },
                {
                  "node": "l",
                  "frag": "DI-mu",
                  "id": "P238004.l0363e",
                  "ref": "P238004.6.3",
                  "inst": "šulmu[health]N",
                  "sig": "@saao/saa17%akk-x-neobab:DI-mu=šulmu[completeness//health]N'N$šulmu",
                  "f": {
                    "lang": "akk-x-neobab",
                    "form": "DI-mu",
                    "cf": "šulmu",
                    "gw": "completeness",
                    "sense": "health",
                    "norm": "šulmu",
                    "pos": "N",
                    "epos": "N"
                  }
                },
                {
                  "node": "l",
                  "frag": "LUGAL",
                  "id": "P238004.l0363f",
                  "ref": "P238004.6.4",
                  "inst": "šarri[king]N",
                  "sig": "@saao/saa17%akk-x-neobab:LUGAL=šarru[king//king]N'N$šarri",
                  "f": {
                    "lang": "akk-x-neobab",
                    "form": "LUGAL",
                    "cf": "šarru",
                    "gw": "king",
                    "sense": "king",
                    "norm": "šarri",
                    "pos": "N",
                    "epos": "N"
                  }
                },
                {
                  "node": "l",
                  "frag": "be-li₂-ia",
                  "id": "P238004.l03640",
                  "ref": "P238004.6.5",
                  "inst": "bēlīya[lord]N",
                  "sig": "@saao/saa17%akk-x-neobab:be-li₂-ia=bēlu[lord//lord]N'N$bēlīya",
                  "f": {
                    "lang": "akk-x-neobab",
                    "form": "be-li₂-ia",
                    "cf": "bēlu",
                    "gw": "lord",
                    "sense": "lord",
                    "norm": "bēlīya",
                    "pos": "N",
                    "epos": "N"
                  }
                },
                {
                  "node": "d",
                  "type": "line-start",
                  "ref": "P238004.7",
                  "n": "6",
                  "label": "o 6"
                },
                {
                  "node": "l",
                  "frag": "[a-du]-⸢u₂⸣",
                  "id": "P238004.l03641",
                  "ref": "P238004.7.1",
                  "inst": "adû[now]AV",
                  "sig": "@saao/saa17%akk-x-neobab:a-du-u₂=adû[now//now]AV'AV$adû",
                  "f": {
                    "lang": "akk-x-neobab",
                    "form": "a-du-u₂",
                    "cf": "adû",
                    "gw": "now",
                    "sense": "now",
                    "norm": "adû",
                    "pos": "AV",
                    "epos": "AV"
                  }
                },
                {
                  "node": "l",
                  "frag": "ina",
                  "id": "P238004.l03642",
                  "ref": "P238004.7.2",
                  "inst": "ina[in+=concerning]PRP$",
                  "sig": "@saao/saa17%akk-x-neobab:ina=ina[in//in]PRP'PRP$ina",
                  "f": {
                    "lang": "akk-x-neobab",
                    "form": "ina",
                    "cf": "ina",
                    "gw": "in",
                    "sense": "in",
                    "norm": "ina",
                    "pos": "PRP",
                    "epos": "PRP"
                  }
                },
                {
                  "node": "l",
                  "frag": "UGU-hi",
                  "id": "P238004.l03643",
                  "ref": "P238004.7.3",
                  "inst": "muhhu[skull]N$muhhi",
                  "sig": "@saao/saa17%akk-x-neobab:UGU-hi=muhhu[skull//skull]N'N$muhhi",
                  "f": {
                    "lang": "akk-x-neobab",
                    "form": "UGU-hi",
                    "cf": "muhhu",
                    "gw": "skull",
                    "sense": "skull",
                    "norm": "muhhi",
                    "pos": "N",
                    "epos": "N"
                  }
                },
                {
                  "node": "d",
                  "type": "line-start",
                  "ref": "P238004.8",
                  "n": "7",
                  "label": "o 7"
                },
                {
                  "node": "l",
                  "frag": "{[lu₂}maš]-⸢ka⸣-na-ti",
                  "id": "P238004.l03644",
                  "ref": "P238004.8.1",
                  "inst": "maškanu[place of putting//hostage]N$maškanāti",
                  "sig": "@saao/saa17%akk-x-neobab:{LU₂}maš-ka-na-ti=maškanu[place of putting//hostage]N'N$maškanāti",
                  "f": {
                    "lang": "akk-x-neobab",
                    "form": "{LU₂}maš-ka-na-ti",
                    "cf": "maškanu",
                    "gw": "place of putting",
                    "sense": "hostage",
                    "norm": "maškanāti",
                    "pos": "N",
                    "epos": "N"
                  }
                },
                {
                  "node": "l",
                  "frag": "ša₂",
                  "id": "P238004.l03645",
                  "ref": "P238004.8.2",
                  "inst": "ša[of]DET",
                  "sig": "@saao/saa17%akk-x-neobab:ša₂=ša[of//of]DET'DET$ša",
                  "f": {
                    "lang": "akk-x-neobab",
                    "form": "ša₂",
                    "cf": "ša",
                    "gw": "of",
                    "sense": "of",
                    "norm": "ša",
                    "pos": "DET",
                    "epos": "DET"
                  }
                },
                {
                  "node": "d",
                  "type": "line-start",
                  "ref": "P238004.9",
                  "n": "8",
                  "label": "o 8"
                },
                {
                  "node": "l",
                  "frag": "{⸢lu₂⸣}hi-⸢in⸣-dar",
                  "id": "P238004.l03646",
                  "ref": "P238004.9.1",
                  "inst": "Hindar[Hindarean]EN",
                  "sig": "@saao/saa17%akk-x-neobab:{LU₂}hi-in-dar=Hindaraya[Hindarean//Hindarean]EN'EN$Hindar",
                  "f": {
                    "lang": "akk-x-neobab",
                    "form": "{LU₂}hi-in-dar",
                    "cf": "Hindaraya",
                    "gw": "Hindarean",
                    "sense": "Hindarean",
                    "norm": "Hindar",
                    "pos": "EN",
                    "epos": "EN"
                  }
                },
                {
                  "node": "l",
                  "frag": "ša₂",
                  "id": "P238004.l03647",
                  "ref": "P238004.9.2",
                  "inst": "ša[who]REL",
                  "sig": "@saao/saa17%akk-x-neobab:ša₂=ša[that//who]REL'REL$ša",
                  "f": {
                    "lang": "akk-x-neobab",
                    "form": "ša₂",
                    "cf": "ša",
                    "gw": "that",
                    "sense": "who",
                    "norm": "ša",
                    "pos": "REL",
                    "epos": "REL"
                  }
                },
                {
                  "node": "l",
                  "frag": "LUGAL",
                  "id": "P238004.l03648",
                  "ref": "P238004.9.3",
                  "inst": "šarru[king]N",
                  "sig": "@saao/saa17%akk-x-neobab:LUGAL=šarru[king//king]N'N$šarru",
                  "f": {
                    "lang": "akk-x-neobab",
                    "form": "LUGAL",
                    "cf": "šarru",
                    "gw": "king",
                    "sense": "king",
                    "norm": "šarru",
                    "pos": "N",
                    "epos": "N"
                  }
                },
                {
                  "node": "l",
                  "frag": "⸢be⸣-[li₂]",
                  "id": "P238004.l03649",
                  "ref": "P238004.9.4",
                  "inst": "bēlī[lord]N",
                  "sig": "@saao/saa17%akk-x-neobab:be-li₂=bēlu[lord//lord]N'N$bēlī",
                  "f": {
                    "lang": "akk-x-neobab",
                    "form": "be-li₂",
                    "cf": "bēlu",
                    "gw": "lord",
                    "sense": "lord",
                    "norm": "bēlī",
                    "pos": "N",
                    "epos": "N"
                  }
                },
                {
                  "node": "d",
                  "type": "line-start",
                  "ref": "P238004.10",
                  "n": "9",
                  "label": "o 9"
                },
                {
                  "node": "l",
                  "frag": "iš-pur",
                  "id": "P238004.l0364a",
                  "ref": "P238004.10.1",
                  "inst": "išpur[write]V",
                  "sig": "@saao/saa17%akk-x-neobab:iš-pur=šapāru[send//write]V'V$išpur",
                  "f": {
                    "lang": "akk-x-neobab",
                    "form": "iš-pur",
                    "cf": "šapāru",
                    "gw": "send",
                    "sense": "write",
                    "norm": "išpur",
                    "pos": "V",
                    "epos": "V"
                  }
                },
                {
                  "node": "l",
                  "frag": "{lu₂}maš-⸢ka⸣-[nu]",
                  "id": "P238004.l0364b",
                  "ref": "P238004.10.2",
                  "inst": "maškanu[place of putting//hostage]N$",
                  "sig": "@saao/saa17%akk-x-neobab:{LU₂}maš-ka-nu=maškanu[place of putting//hostage]N'N$maškanu",
                  "f": {
                    "lang": "akk-x-neobab",
                    "form": "{LU₂}maš-ka-nu",
                    "cf": "maškanu",
                    "gw": "place of putting",
                    "sense": "hostage",
                    "norm": "maškanu",
                    "pos": "N",
                    "epos": "N"
                  }
                },
                {
                  "node": "d",
                  "type": "line-start",
                  "ref": "P238004.11",
                  "n": "10",
                  "label": "o 10"
                },
                {
                  "node": "l",
                  "frag": "la",
                  "id": "P238004.l0364c",
                  "ref": "P238004.11.1",
                  "inst": "lā[not]MOD",
                  "sig": "@saao/saa17%akk-x-neobab:la=lā[not//not]MOD'MOD$lā",
                  "f": {
                    "lang": "akk-x-neobab",
                    "form": "la",
                    "cf": "lā",
                    "gw": "not",
                    "sense": "not",
                    "norm": "lā",
                    "pos": "MOD",
                    "epos": "MOD"
                  }
                },
                {
                  "node": "l",
                  "frag": "{lu₂}maš-ka-nu",
                  "id": "P238004.l0364d",
                  "ref": "P238004.11.2",
                  "inst": "maškanu[hostage]N",
                  "sig": "@saao/saa17%akk-x-neobab:{LU₂}maš-ka-nu=maškanu[place of putting//hostage]N'N$maškanu",
                  "f": {
                    "lang": "akk-x-neobab",
                    "form": "{LU₂}maš-ka-nu",
                    "cf": "maškanu",
                    "gw": "place of putting",
                    "sense": "hostage",
                    "norm": "maškanu",
                    "pos": "N",
                    "epos": "N"
                  }
                },
                {
                  "node": "l",
                  "frag": "ki-i",
                  "id": "P238004.l0364e",
                  "ref": "P238004.11.3",
                  "inst": "kî[that]'SBJ",
                  "sig": "@saao/saa17%akk-x-neobab:ki-i=kī[like//that]PRP'SBJ$kî",
                  "f": {
                    "lang": "akk-x-neobab",
                    "form": "ki-i",
                    "cf": "kī",
                    "gw": "like",
                    "sense": "that",
                    "norm": "kî",
                    "pos": "PRP",
                    "epos": "SBJ"
                  }
                },
                {
                  "node": "d",
                  "type": "line-start",
                  "ref": "P238004.12",
                  "n": "11",
                  "label": "o 11"
                },
                {
                  "node": "l",
                  "frag": "⸢ab⸣-ba-kam₂-ma",
                  "id": "P238004.l0364f",
                  "ref": "P238004.12.1",
                  "inst": "abāku[lead away]V$abbakamma",
                  "sig": "@saao/saa17%akk-x-neobab:ab-ba-kam₂-ma=abāku[lead away//lead away]V'V$abbakamma",
                  "f": {
                    "lang": "akk-x-neobab",
                    "form": "ab-ba-kam₂-ma",
                    "cf": "abāku",
                    "gw": "lead away",
                    "sense": "lead away",
                    "norm": "abbakamma",
                    "pos": "V",
                    "epos": "V"
                  }
                },
                {
                  "node": "l",
                  "frag": "ina",
                  "id": "P238004.l03650",
                  "ref": "P238004.12.2",
                  "inst": "ina[in]PRP",
                  "sig": "@saao/saa17%akk-x-neobab:ina=ina[in//in]PRP'PRP$ina",
                  "f": {
                    "lang": "akk-x-neobab",
                    "form": "ina",
                    "cf": "ina",
                    "gw": "in",
                    "sense": "in",
                    "norm": "ina",
                    "pos": "PRP",
                    "epos": "PRP"
                  }
                },
                {
                  "node": "l",
                  "frag": "E₂",
                  "id": "P238004.l03651",
                  "ref": "P238004.12.3",
                  "inst": "bītu[house+=garrison]N$bīt",
                  "sig": "@saao/saa17%akk-x-neobab:E₂=bītu[house//house]N'N$bīt",
                  "f": {
                    "lang": "akk-x-neobab",
                    "form": "E₂",
                    "cf": "bītu",
                    "gw": "house",
                    "sense": "house",
                    "norm": "bīt",
                    "pos": "N",
                    "epos": "N"
                  }
                },
                {
                  "node": "d",
                  "type": "line-start",
                  "ref": "P238004.13",
                  "n": "12",
                  "label": "o 12"
                },
                {
                  "node": "l",
                  "frag": "ma-ṣar-ti",
                  "id": "P238004.l03652",
                  "ref": "P238004.13.1",
                  "inst": "maṣṣartu[guard]N$maṣṣarti",
                  "sig": "@saao/saa17%akk-x-neobab:ma-ṣar-ti=maṣṣartu[observation//guard]N'N$maṣṣarti",
                  "f": {
                    "lang": "akk-x-neobab",
                    "form": "ma-ṣar-ti",
                    "cf": "maṣṣartu",
                    "gw": "observation",
                    "sense": "guard",
                    "norm": "maṣṣarti",
                    "pos": "N",
                    "epos": "N"
                  }
                },
                {
                  "node": "l",
                  "frag": "ša₂",
                  "id": "P238004.l03653",
                  "ref": "P238004.13.2",
                  "inst": "ša[of]DET",
                  "sig": "@saao/saa17%akk-x-neobab:ša₂=ša[of//of]DET'DET$ša",
                  "f": {
                    "lang": "akk-x-neobab",
                    "form": "ša₂",
                    "cf": "ša",
                    "gw": "of",
                    "sense": "of",
                    "norm": "ša",
                    "pos": "DET",
                    "epos": "DET"
                  }
                },
                {
                  "node": "l",
                  "frag": "LUGAL",
                  "id": "P238004.l03654",
                  "ref": "P238004.13.3",
                  "inst": "šarri[king]N",
                  "sig": "@saao/saa17%akk-x-neobab:LUGAL=šarru[king//king]N'N$šarri",
                  "f": {
                    "lang": "akk-x-neobab",
                    "form": "LUGAL",
                    "cf": "šarru",
                    "gw": "king",
                    "sense": "king",
                    "norm": "šarri",
                    "pos": "N",
                    "epos": "N"
                  }
                },
                {
                  "node": "l",
                  "frag": "be-li₂-ia",
                  "id": "P238004.l03655",
                  "ref": "P238004.13.4",
                  "inst": "bēlīya[lord]N",
                  "sig": "@saao/saa17%akk-x-neobab:be-li₂-ia=bēlu[lord//lord]N'N$bēlīya",
                  "f": {
                    "lang": "akk-x-neobab",
                    "form": "be-li₂-ia",
                    "cf": "bēlu",
                    "gw": "lord",
                    "sense": "lord",
                    "norm": "bēlīya",
                    "pos": "N",
                    "epos": "N"
                  }
                },
                {
                  "node": "d",
                  "type": "line-start",
                  "ref": "P238004.14",
                  "n": "13",
                  "label": "o 13"
                },
                {
                  "node": "l",
                  "frag": "a-kil-lu-u₂",
                  "id": "P238004.l03656",
                  "ref": "P238004.14.1",
                  "inst": "kalû[hold (back)]V$akillû",
                  "sig": "@saao/saa17%akk-x-neobab:a-kil-lu-u₂=kalû[hold (back)//hold (back)]V'V$akillû",
                  "f": {
                    "lang": "akk-x-neobab",
                    "form": "a-kil-lu-u₂",
                    "cf": "kalû",
                    "gw": "hold (back)",
                    "sense": "hold (back)",
                    "norm": "akillû",
                    "pos": "V",
                    "epos": "V"
                  }
                },
                {
                  "node": "l",
                  "frag": "pu-ut",
                  "id": "P238004.l03657",
                  "ref": "P238004.14.2",
                  "inst": "+pūtu[forehead//responsibility]N'N$pūt",
                  "sig": "@saao/saa17%akk-x-neobab:pu-ut=pūtu[forehead//responsibility]N'N$pūt",
                  "f": {
                    "lang": "akk-x-neobab",
                    "form": "pu-ut",
                    "cf": "pūtu",
                    "gw": "forehead",
                    "sense": "responsibility",
                    "norm": "pūt",
                    "pos": "N",
                    "epos": "N"
                  }
                },
                {
                  "node": "l",
                  "frag": "{lu₂}maš-ka-na-ti",
                  "id": "P238004.l03658",
                  "ref": "P238004.14.3",
                  "inst": "maškanāti[hostage]N",
                  "sig": "@saao/saa17%akk-x-neobab:{LU₂}maš-ka-na-ti=maškanu[place of putting//hostage]N'N$maškanāti",
                  "f": {
                    "lang": "akk-x-neobab",
                    "form": "{LU₂}maš-ka-na-ti",
                    "cf": "maškanu",
                    "gw": "place of putting",
                    "sense": "hostage",
                    "norm": "maškanāti",
                    "pos": "N",
                    "epos": "N"
                  }
                },
                {
                  "node": "d",
                  "type": "line-start",
                  "ref": "P238004.15",
                  "n": "14",
                  "label": "o 14"
                },
                {
                  "node": "l",
                  "frag": "ša₂",
                  "id": "P238004.l03659",
                  "ref": "P238004.15.1",
                  "inst": "ša[of]DET",
                  "sig": "@saao/saa17%akk-x-neobab:ša₂=ša[of//of]DET'DET$ša",
                  "f": {
                    "lang": "akk-x-neobab",
                    "form": "ša₂",
                    "cf": "ša",
                    "gw": "of",
                    "sense": "of",
                    "norm": "ša",
                    "pos": "DET",
                    "epos": "DET"
                  }
                },
                {
                  "node": "l",
                  "frag": "{lu₂}hi-in-dar-a.a",
                  "id": "P238004.l0365a",
                  "ref": "P238004.15.2",
                  "inst": "Hindaraya[Hindarean]EN",
                  "sig": "@saao/saa17%akk-x-neobab:{LU₂}hi-in-dar-a.a=Hindaraya[Hindarean//Hindarean]EN'EN$Hindaraya",
                  "f": {
                    "lang": "akk-x-neobab",
                    "form": "{LU₂}hi-in-dar-a.a",
                    "cf": "Hindaraya",
                    "gw": "Hindarean",
                    "sense": "Hindarean",
                    "norm": "Hindaraya",
                    "pos": "EN",
                    "epos": "EN"
                  }
                },
                {
                  "node": "d",
                  "type": "line-start",
                  "ref": "P238004.16",
                  "n": "15",
                  "label": "o 15"
                },
                {
                  "node": "l",
                  "frag": "ma-la",
                  "id": "P238004.l0365b",
                  "ref": "P238004.16.1",
                  "inst": "mala[as many as]REL",
                  "sig": "@saao/saa17%akk-x-neobab:ma-la=mala[as much as//as many as]REL'REL$mala",
                  "f": {
                    "lang": "akk-x-neobab",
                    "form": "ma-la",
                    "cf": "mala",
                    "gw": "as much as",
                    "sense": "as many as",
                    "norm": "mala",
                    "pos": "REL",
                    "epos": "REL"
                  }
                },
                {
                  "node": "l",
                  "frag": "ina",
                  "id": "P238004.l0365c",
                  "ref": "P238004.16.2",
                  "inst": "ina[in+=in the presence of]PRP$",
                  "sig": "@saao/saa17%akk-x-neobab:ina=ina[in//in]PRP'PRP$ina",
                  "f": {
                    "lang": "akk-x-neobab",
                    "form": "ina",
                    "cf": "ina",
                    "gw": "in",
                    "sense": "in",
                    "norm": "ina",
                    "pos": "PRP",
                    "epos": "PRP"
                  }
                },
                {
                  "node": "l",
                  "frag": "pa-ni-ia",
                  "id": "P238004.l0365d",
                  "ref": "P238004.16.3",
                  "inst": "pānu[front]N$pānīya",
                  "sig": "@saao/saa17%akk-x-neobab:pa-ni-ia=pānu[front//front]N'N$pānīya",
                  "f": {
                    "lang": "akk-x-neobab",
                    "form": "pa-ni-ia",
                    "cf": "pānu",
                    "gw": "front",
                    "sense": "front",
                    "norm": "pānīya",
                    "pos": "N",
                    "epos": "N"
                  }
                },
                {
                  "node": "l",
                  "frag": "na-ša₂-ka",
                  "id": "P238004.l0365e",
                  "ref": "P238004.16.4",
                  "inst": "našû[lifted//raised]AJ$našāka",
                  "sig": "@saao/saa17%akk-x-neobab:na-ša₂-ka=našû[lifted//raised]AJ'AJ$našāka",
                  "f": {
                    "lang": "akk-x-neobab",
                    "form": "na-ša₂-ka",
                    "cf": "našû",
                    "gw": "lifted",
                    "sense": "raised",
                    "norm": "našāka",
                    "pos": "AJ",
                    "epos": "AJ"
                  }
                },
                {
                  "node": "d",
                  "type": "line-start",
                  "ref": "P238004.17",
                  "n": "16",
                  "label": "o 16"
                },
                {
                  "node": "l",
                  "frag": "a-du-u₂",
                  "id": "P238004.l0365f",
                  "ref": "P238004.17.1",
                  "inst": "adû[now]AV",
                  "sig": "@saao/saa17%akk-x-neobab:a-du-u₂=adû[now//now]AV'AV$adû",
                  "f": {
                    "lang": "akk-x-neobab",
                    "form": "a-du-u₂",
                    "cf": "adû",
                    "gw": "now",
                    "sense": "now",
                    "norm": "adû",
                    "pos": "AV",
                    "epos": "AV"
                  }
                },
                {
                  "node": "l",
                  "frag": "ša₂",
                  "id": "P238004.l03660",
                  "ref": "P238004.17.2",
                  "inst": "ša[that//those who]REL$",
                  "sig": "@saao/saa17%akk-x-neobab:ša₂=ša[that//those who]REL'REL$ša",
                  "f": {
                    "lang": "akk-x-neobab",
                    "form": "ša₂",
                    "cf": "ša",
                    "gw": "that",
                    "sense": "those who",
                    "norm": "ša",
                    "pos": "REL",
                    "epos": "REL"
                  }
                },
                {
                  "node": "l",
                  "frag": "02",
                  "id": "P238004.l03661",
                  "ref": "P238004.17.3",
                  "inst": "n",
                  "f": {
                    "lang": "akk-x-neobab",
                    "form": "02",
                    "pos": "n"
                  }
                },
                {
                  "node": "l",
                  "frag": "ERIM-MEŠ",
                  "id": "P238004.l03662",
                  "ref": "P238004.17.4",
                  "inst": "ṣābu[people//troops]N$ṣābē",
                  "sig": "@saao/saa17%akk-x-neobab:ERIM-MEŠ=ṣābu[people//troops]N'N$ṣābē",
                  "f": {
                    "lang": "akk-x-neobab",
                    "form": "ERIM-MEŠ",
                    "cf": "ṣābu",
                    "gw": "people",
                    "sense": "troops",
                    "norm": "ṣābē",
                    "pos": "N",
                    "epos": "N"
                  }
                },
                {
                  "node": "d",
                  "type": "line-start",
                  "ref": "P238004.18",
                  "n": "17",
                  "label": "o 17"
                },
                {
                  "node": "l",
                  "frag": "⸢it⸣-ti-šu₂-nu",
                  "id": "P238004.l03663",
                  "ref": "P238004.18.1",
                  "inst": "itti[with]PRP$ittišunu",
                  "sig": "@saao/saa17%akk-x-neobab:it-ti-šu₂-nu=itti[with//with]PRP'PRP$ittišunu",
                  "f": {
                    "lang": "akk-x-neobab",
                    "form": "it-ti-šu₂-nu",
                    "cf": "itti",
                    "gw": "with",
                    "sense": "with",
                    "norm": "ittišunu",
                    "pos": "PRP",
                    "epos": "PRP"
                  }
                },
                {
                  "node": "l",
                  "frag": "⸢it-tal⸣-ku-nu",
                  "id": "P238004.l03664",
                  "ref": "P238004.18.2",
                  "inst": "alāku[go//come]V$ittalkūnu",
                  "sig": "@saao/saa17%akk-x-neobab:it-tal-ku-nu=alāku[go//come]V'V$ittalkūnu",
                  "f": {
                    "lang": "akk-x-neobab",
                    "form": "it-tal-ku-nu",
                    "cf": "alāku",
                    "gw": "go",
                    "sense": "come",
                    "norm": "ittalkūnu",
                    "pos": "V",
                    "epos": "V"
                  }
                },
                {
                  "node": "d",
                  "subtype": "bottom",
                  "type": "bottom",
                  "ref": "P238004.b.e..19",
                  "label": "b.e."
                },
                {
                  "node": "d",
                  "type": "line-start",
                  "ref": "P238004.20",
                  "n": "18",
                  "label": "b.e. 18"
                },
                {
                  "node": "l",
                  "frag": "[x]-MEŠ-šu₂-nu",
                  "id": "P238004.l03665",
                  "ref": "P238004.20.1",
                  "inst": "u",
                  "f": {
                    "lang": "akk-x-neobab",
                    "form": "x-MEŠ-šu₂-nu",
                    "pos": "u"
                  }
                },
                {
                  "node": "l",
                  "frag": "ina",
                  "id": "P238004.l03666",
                  "ref": "P238004.20.2",
                  "inst": "ina[in]PRP",
                  "sig": "@saao/saa17%akk-x-neobab:ina=ina[in//in]PRP'PRP$ina",
                  "f": {
                    "lang": "akk-x-neobab",
                    "form": "ina",
                    "cf": "ina",
                    "gw": "in",
                    "sense": "in",
                    "norm": "ina",
                    "pos": "PRP",
                    "epos": "PRP"
                  }
                },
                {
                  "node": "l",
                  "frag": "⸢x⸣+[x",
                  "id": "P238004.l03667",
                  "ref": "P238004.20.3",
                  "inst": "u",
                  "f": {
                    "lang": "akk-x-neobab",
                    "form": "x+x",
                    "pos": "u"
                  }
                },
                {
                  "node": "l",
                  "frag": "x]",
                  "id": "P238004.l03668",
                  "ref": "P238004.20.4",
                  "inst": "u",
                  "f": {
                    "lang": "akk-x-neobab",
                    "form": "x",
                    "pos": "u"
                  }
                },
                {
                  "node": "d",
                  "type": "line-start",
                  "ref": "P238004.21",
                  "n": "19",
                  "label": "b.e. 19"
                },
                {
                  "node": "l",
                  "frag": "⸢x⸣+[x",
                  "id": "P238004.l03669",
                  "ref": "P238004.21.1",
                  "inst": "u",
                  "f": {
                    "lang": "akk-x-neobab",
                    "form": "x+x",
                    "pos": "u"
                  }
                },
                {
                  "node": "l",
                  "frag": "x",
                  "id": "P238004.l0366a",
                  "ref": "P238004.21.2",
                  "inst": "u",
                  "f": {
                    "lang": "akk-x-neobab",
                    "form": "x",
                    "pos": "u"
                  }
                },
                {
                  "node": "l",
                  "frag": "x]",
                  "id": "P238004.l0366b",
                  "ref": "P238004.21.3",
                  "inst": "u",
                  "f": {
                    "lang": "akk-x-neobab",
                    "form": "x",
                    "pos": "u"
                  }
                },
                {
                  "node": "d",
                  "subtype": "reverse",
                  "type": "reverse",
                  "ref": "P238004.r.22",
                  "label": "r"
                },
                {
                  "node": "d",
                  "type": "line-start",
                  "ref": "P238004.23",
                  "n": "1",
                  "label": "r 1"
                },
                {
                  "node": "l",
                  "frag": "[x",
                  "id": "P238004.l0366c",
                  "ref": "P238004.23.1",
                  "inst": "u",
                  "f": {
                    "lang": "akk-x-neobab",
                    "form": "x",
                    "pos": "u"
                  }
                },
                {
                  "node": "l",
                  "frag": "x]",
                  "id": "P238004.l0366d",
                  "ref": "P238004.23.2",
                  "inst": "u",
                  "f": {
                    "lang": "akk-x-neobab",
                    "form": "x",
                    "pos": "u"
                  }
                },
                {
                  "node": "l",
                  "frag": "aš₂-ša₂",
                  "id": "P238004.l0366e",
                  "ref": "P238004.23.3",
                  "inst": "aššu[because (of)]SBJ$ašša",
                  "sig": "@saao/saa17%akk-x-neobab:aš₂-ša₂=aššu[because (of)//because (of)]SBJ'SBJ$ašša",
                  "f": {
                    "lang": "akk-x-neobab",
                    "form": "aš₂-ša₂",
                    "cf": "aššu",
                    "gw": "because (of)",
                    "sense": "because (of)",
                    "norm": "ašša",
                    "pos": "SBJ",
                    "epos": "SBJ"
                  }
                },
                {
                  "node": "l",
                  "frag": "šu₂-nu",
                  "id": "P238004.l0366f",
                  "ref": "P238004.23.4",
                  "inst": "šunu[they]IP",
                  "sig": "@saao/saa17%akk-x-neobab:šu₂-nu=šunu[they//they]IP'IP$šunu",
                  "f": {
                    "lang": "akk-x-neobab",
                    "form": "šu₂-nu",
                    "cf": "šunu",
                    "gw": "they",
                    "sense": "they",
                    "norm": "šunu",
                    "pos": "IP",
                    "epos": "IP"
                  }
                },
                {
                  "node": "l",
                  "frag": "[x",
                  "id": "P238004.l03670",
                  "ref": "P238004.23.5",
                  "inst": "u",
                  "f": {
                    "lang": "akk-x-neobab",
                    "form": "x",
                    "pos": "u"
                  }
                },
                {
                  "node": "l",
                  "frag": "x",
                  "id": "P238004.l03671",
                  "ref": "P238004.23.6",
                  "inst": "u",
                  "f": {
                    "lang": "akk-x-neobab",
                    "form": "x",
                    "pos": "u"
                  }
                },
                {
                  "node": "l",
                  "frag": "x",
                  "id": "P238004.l03672",
                  "ref": "P238004.23.7",
                  "inst": "u",
                  "f": {
                    "lang": "akk-x-neobab",
                    "form": "x",
                    "pos": "u"
                  }
                },
                {
                  "node": "l",
                  "frag": "x]",
                  "id": "P238004.l03673",
                  "ref": "P238004.23.8",
                  "inst": "u",
                  "f": {
                    "lang": "akk-x-neobab",
                    "form": "x",
                    "pos": "u"
                  }
                },
                {
                  "node": "d",
                  "type": "line-start",
                  "ref": "P238004.24",
                  "n": "2",
                  "label": "r 2"
                },
                {
                  "node": "l",
                  "frag": "[il]-tap-ra",
                  "id": "P238004.l03674",
                  "ref": "P238004.24.1",
                  "inst": "šapāru[send//write]V$iltapra",
                  "sig": "@saao/saa17%akk-x-neobab:il-tap-ra=šapāru[send//write]V'V$iltapra",
                  "f": {
                    "lang": "akk-x-neobab",
                    "form": "il-tap-ra",
                    "cf": "šapāru",
                    "gw": "send",
                    "sense": "write",
                    "norm": "iltapra",
                    "pos": "V",
                    "epos": "V"
                  }
                },
                {
                  "node": "l",
                  "frag": "{lu₂}maš-ka-na-ti",
                  "id": "P238004.l03675",
                  "ref": "P238004.24.2",
                  "inst": "maškanāti[hostage]N",
                  "sig": "@saao/saa17%akk-x-neobab:{LU₂}maš-ka-na-ti=maškanu[place of putting//hostage]N'N$maškanāti",
                  "f": {
                    "lang": "akk-x-neobab",
                    "form": "{LU₂}maš-ka-na-ti",
                    "cf": "maškanu",
                    "gw": "place of putting",
                    "sense": "hostage",
                    "norm": "maškanāti",
                    "pos": "N",
                    "epos": "N"
                  }
                },
                {
                  "node": "d",
                  "type": "line-start",
                  "ref": "P238004.25",
                  "n": "3",
                  "label": "r 3"
                },
                {
                  "node": "l",
                  "frag": "[x",
                  "id": "P238004.l03676",
                  "ref": "P238004.25.1",
                  "inst": "u",
                  "f": {
                    "lang": "akk-x-neobab",
                    "form": "x",
                    "pos": "u"
                  }
                },
                {
                  "node": "l",
                  "frag": "x]-MEŠ-šu₂-nu",
                  "id": "P238004.l03677",
                  "ref": "P238004.25.2",
                  "inst": "u",
                  "f": {
                    "lang": "akk-x-neobab",
                    "form": "x-MEŠ-šu₂-nu",
                    "pos": "u"
                  }
                },
                {
                  "node": "l",
                  "frag": "ib-ba-ku-nu",
                  "id": "P238004.l03678",
                  "ref": "P238004.25.3",
                  "inst": "abāku[lead away//lead in]V$ibbakūnu",
                  "sig": "@saao/saa17%akk-x-neobab:ib-ba-ku-nu=abāku[lead away//lead in]V'V$ibbakūnu",
                  "f": {
                    "lang": "akk-x-neobab",
                    "form": "ib-ba-ku-nu",
                    "cf": "abāku",
                    "gw": "lead away",
                    "sense": "lead in",
                    "norm": "ibbakūnu",
                    "pos": "V",
                    "epos": "V"
                  }
                },
                {
                  "node": "d",
                  "type": "line-start",
                  "ref": "P238004.26",
                  "n": "4",
                  "label": "r 4"
                },
                {
                  "node": "l",
                  "frag": "[i-na]",
                  "id": "P238004.l03679",
                  "ref": "P238004.26.1",
                  "inst": "ina[in+=concerning]PRP$",
                  "sig": "@saao/saa17%akk-x-neobab:i-na=ina[in//in]PRP'PRP$ina",
                  "f": {
                    "lang": "akk-x-neobab",
                    "form": "i-na",
                    "cf": "ina",
                    "gw": "in",
                    "sense": "in",
                    "norm": "ina",
                    "pos": "PRP",
                    "epos": "PRP"
                  }
                },
                {
                  "node": "l",
                  "frag": "UGU-hi",
                  "id": "P238004.l0367a",
                  "ref": "P238004.26.2",
                  "inst": "muhhu[skull]N$muhhi",
                  "sig": "@saao/saa17%akk-x-neobab:UGU-hi=muhhu[skull//skull]N'N$muhhi",
                  "f": {
                    "lang": "akk-x-neobab",
                    "form": "UGU-hi",
                    "cf": "muhhu",
                    "gw": "skull",
                    "sense": "skull",
                    "norm": "muhhi",
                    "pos": "N",
                    "epos": "N"
                  }
                },
                {
                  "node": "l",
                  "frag": "dul-lu",
                  "id": "P238004.l0367b",
                  "ref": "P238004.26.3",
                  "inst": "dullu[work]N",
                  "sig": "@saao/saa17%akk-x-neobab:dul-lu=dullu[trouble//work]N'N$dullu",
                  "f": {
                    "lang": "akk-x-neobab",
                    "form": "dul-lu",
                    "cf": "dullu",
                    "gw": "trouble",
                    "sense": "work",
                    "norm": "dullu",
                    "pos": "N",
                    "epos": "N"
                  }
                },
                {
                  "node": "l",
                  "frag": "ša₂",
                  "id": "P238004.l0367c",
                  "ref": "P238004.26.4",
                  "inst": "ša[of]DET",
                  "sig": "@saao/saa17%akk-x-neobab:ša₂=ša[of//of]DET'DET$ša",
                  "f": {
                    "lang": "akk-x-neobab",
                    "form": "ša₂",
                    "cf": "ša",
                    "gw": "of",
                    "sense": "of",
                    "norm": "ša",
                    "pos": "DET",
                    "epos": "DET"
                  }
                },
                {
                  "node": "l",
                  "frag": "ID₂",
                  "id": "P238004.l0367d",
                  "ref": "P238004.26.5",
                  "inst": "nāru[river]N$nāri",
                  "sig": "@saao/saa17%akk-x-neobab:ID₂=nāru[river//river]N'N$nāri",
                  "f": {
                    "lang": "akk-x-neobab",
                    "form": "ID₂",
                    "cf": "nāru",
                    "gw": "river",
                    "sense": "river",
                    "norm": "nāri",
                    "pos": "N",
                    "epos": "N"
                  }
                },
                {
                  "node": "d",
                  "type": "line-start",
                  "ref": "P238004.27",
                  "n": "5",
                  "label": "r 5"
                },
                {
                  "node": "l",
                  "frag": "ša₂",
                  "id": "P238004.l0367e",
                  "ref": "P238004.27.1",
                  "inst": "ša[which]REL",
                  "sig": "@saao/saa17%akk-x-neobab:ša₂=ša[that//which]REL'REL$ša",
                  "f": {
                    "lang": "akk-x-neobab",
                    "form": "ša₂",
                    "cf": "ša",
                    "gw": "that",
                    "sense": "which",
                    "norm": "ša",
                    "pos": "REL",
                    "epos": "REL"
                  }
                },
                {
                  "node": "l",
                  "frag": "LUGAL",
                  "id": "P238004.l0367f",
                  "ref": "P238004.27.2",
                  "inst": "šarru[king]N",
                  "sig": "@saao/saa17%akk-x-neobab:LUGAL=šarru[king//king]N'N$šarru",
                  "f": {
                    "lang": "akk-x-neobab",
                    "form": "LUGAL",
                    "cf": "šarru",
                    "gw": "king",
                    "sense": "king",
                    "norm": "šarru",
                    "pos": "N",
                    "epos": "N"
                  }
                },
                {
                  "node": "l",
                  "frag": "be-li",
                  "id": "P238004.l03680",
                  "ref": "P238004.27.3",
                  "inst": "bēlī[lord]N",
                  "sig": "@saao/saa17%akk-x-neobab:be-li=bēlu[lord//lord]N'N$bēlī",
                  "f": {
                    "lang": "akk-x-neobab",
                    "form": "be-li",
                    "cf": "bēlu",
                    "gw": "lord",
                    "sense": "lord",
                    "norm": "bēlī",
                    "pos": "N",
                    "epos": "N"
                  }
                },
                {
                  "node": "l",
                  "frag": "ṭe₃-e-mu",
                  "id": "P238004.l03681",
                  "ref": "P238004.27.4",
                  "inst": "!+ṭēmu[(fore)thought//order]N",
                  "sig": "@saao/saa17%akk-x-neobab:ṭe₃-e-mu=ṭēmu[(fore)thought//order]N'N$ṭēmu",
                  "f": {
                    "lang": "akk-x-neobab",
                    "form": "ṭe₃-e-mu",
                    "cf": "ṭēmu",
                    "gw": "(fore)thought",
                    "sense": "order",
                    "norm": "ṭēmu",
                    "pos": "N",
                    "epos": "N"
                  }
                },
                {
                  "node": "d",
                  "type": "line-start",
                  "ref": "P238004.28",
                  "n": "6",
                  "label": "r 6"
                },
                {
                  "node": "l",
                  "frag": "iš-kun-an-ni",
                  "id": "P238004.l03682",
                  "ref": "P238004.28.1",
                  "inst": "iškunanni[place]V",
                  "sig": "@saao/saa17%akk-x-neobab:iš-kun-an-ni=šakānu[put//place]V'V$iškunanni",
                  "f": {
                    "lang": "akk-x-neobab",
                    "form": "iš-kun-an-ni",
                    "cf": "šakānu",
                    "gw": "put",
                    "sense": "place",
                    "norm": "iškunanni",
                    "pos": "V",
                    "epos": "V"
                  }
                },
                {
                  "node": "l",
                  "frag": "a-du-u₂",
                  "id": "P238004.l03683",
                  "ref": "P238004.28.2",
                  "inst": "adû[now]AV",
                  "sig": "@saao/saa17%akk-x-neobab:a-du-u₂=adû[now//now]AV'AV$adû",
                  "f": {
                    "lang": "akk-x-neobab",
                    "form": "a-du-u₂",
                    "cf": "adû",
                    "gw": "now",
                    "sense": "now",
                    "norm": "adû",
                    "pos": "AV",
                    "epos": "AV"
                  }
                },
                {
                  "node": "d",
                  "type": "line-start",
                  "ref": "P238004.29",
                  "n": "7",
                  "label": "r 7"
                },
                {
                  "node": "l",
                  "frag": "ina",
                  "id": "P238004.l03684",
                  "ref": "P238004.29.1",
                  "inst": "ina[in+=on]PRP$",
                  "sig": "@saao/saa17%akk-x-neobab:ina=ina[in//in]PRP'PRP$ina",
                  "f": {
                    "lang": "akk-x-neobab",
                    "form": "ina",
                    "cf": "ina",
                    "gw": "in",
                    "sense": "in",
                    "norm": "ina",
                    "pos": "PRP",
                    "epos": "PRP"
                  }
                },
                {
                  "node": "l",
                  "frag": "UGU-hi",
                  "id": "P238004.l03685",
                  "ref": "P238004.29.2",
                  "inst": "muhhu[skull]N$muhhi",
                  "sig": "@saao/saa17%akk-x-neobab:UGU-hi=muhhu[skull//skull]N'N$muhhi",
                  "f": {
                    "lang": "akk-x-neobab",
                    "form": "UGU-hi",
                    "cf": "muhhu",
                    "gw": "skull",
                    "sense": "skull",
                    "norm": "muhhi",
                    "pos": "N",
                    "epos": "N"
                  }
                },
                {
                  "node": "l",
                  "frag": "u₂-šu-za-ka",
                  "id": "P238004.l03686",
                  "ref": "P238004.29.3",
                  "inst": "ušuzzāyu[standing]AJ$ušuzzāka",
                  "sig": "@saao/saa17%akk-x-neobab:u₂-šu-za-ka=ušuzzāyu[standing//standing]AJ'AJ$ušuzzāka",
                  "f": {
                    "lang": "akk-x-neobab",
                    "form": "u₂-šu-za-ka",
                    "cf": "ušuzzāyu",
                    "gw": "standing",
                    "sense": "standing",
                    "norm": "ušuzzāka",
                    "pos": "AJ",
                    "epos": "AJ"
                  }
                },
                {
                  "node": "d",
                  "type": "line-start",
                  "ref": "P238004.30",
                  "n": "8",
                  "label": "r 8"
                },
                {
                  "node": "l",
                  "frag": "ina",
                  "id": "P238004.l03687",
                  "ref": "P238004.30.1",
                  "inst": "ina[in+=concerning]PRP$",
                  "sig": "@saao/saa17%akk-x-neobab:ina=ina[in//in]PRP'PRP$ina",
                  "f": {
                    "lang": "akk-x-neobab",
                    "form": "ina",
                    "cf": "ina",
                    "gw": "in",
                    "sense": "in",
                    "norm": "ina",
                    "pos": "PRP",
                    "epos": "PRP"
                  }
                },
                {
                  "node": "l",
                  "frag": "UGU-hi",
                  "id": "P238004.l03688",
                  "ref": "P238004.30.2",
                  "inst": "muhhu[skull]N$muhhi",
                  "sig": "@saao/saa17%akk-x-neobab:UGU-hi=muhhu[skull//skull]N'N$muhhi",
                  "f": {
                    "lang": "akk-x-neobab",
                    "form": "UGU-hi",
                    "cf": "muhhu",
                    "gw": "skull",
                    "sense": "skull",
                    "norm": "muhhi",
                    "pos": "N",
                    "epos": "N"
                  }
                },
                {
                  "node": "l",
                  "frag": "{gud}ŠU.DU₇-MEŠ",
                  "id": "P238004.l03689",
                  "ref": "P238004.30.3",
                  "inst": "šuklulu[complete//ungelded bull]AJ'N$šuklulūti",
                  "sig": "@saao/saa17%akk-x-neobab:{GUD}ŠU.DU₇-MEŠ=šuklulu[complete//ungelded bull]AJ'N$šuklulūti",
                  "f": {
                    "lang": "akk-x-neobab",
                    "form": "{GUD}ŠU.DU₇-MEŠ",
                    "cf": "šuklulu",
                    "gw": "complete",
                    "sense": "ungelded bull",
                    "norm": "šuklulūti",
                    "pos": "AJ",
                    "epos": "N"
                  }
                },
                {
                  "node": "d",
                  "type": "line-start",
                  "ref": "P238004.31",
                  "n": "9",
                  "label": "r 9"
                },
                {
                  "node": "l",
                  "frag": "ša₂",
                  "id": "P238004.l0368a",
                  "ref": "P238004.31.1",
                  "inst": "ša[which]REL",
                  "sig": "@saao/saa17%akk-x-neobab:ša₂=ša[that//which]REL'REL$ša",
                  "f": {
                    "lang": "akk-x-neobab",
                    "form": "ša₂",
                    "cf": "ša",
                    "gw": "that",
                    "sense": "which",
                    "norm": "ša",
                    "pos": "REL",
                    "epos": "REL"
                  }
                },
                {
                  "node": "l",
                  "frag": "LUGAL",
                  "id": "P238004.l0368b",
                  "ref": "P238004.31.2",
                  "inst": "šarru[king]N",
                  "sig": "@saao/saa17%akk-x-neobab:LUGAL=šarru[king//king]N'N$šarru",
                  "f": {
                    "lang": "akk-x-neobab",
                    "form": "LUGAL",
                    "cf": "šarru",
                    "gw": "king",
                    "sense": "king",
                    "norm": "šarru",
                    "pos": "N",
                    "epos": "N"
                  }
                },
                {
                  "node": "l",
                  "frag": "be-li",
                  "id": "P238004.l0368c",
                  "ref": "P238004.31.3",
                  "inst": "bēlī[lord]N",
                  "sig": "@saao/saa17%akk-x-neobab:be-li=bēlu[lord//lord]N'N$bēlī",
                  "f": {
                    "lang": "akk-x-neobab",
                    "form": "be-li",
                    "cf": "bēlu",
                    "gw": "lord",
                    "sense": "lord",
                    "norm": "bēlī",
                    "pos": "N",
                    "epos": "N"
                  }
                },
                {
                  "node": "l",
                  "frag": "iq-ba-a",
                  "id": "P238004.l0368d",
                  "ref": "P238004.31.4",
                  "inst": "qabû[say]V$iqbâ",
                  "sig": "@saao/saa17%akk-x-neobab:iq-ba-a=qabû[say//say]V'V$iqbâ",
                  "f": {
                    "lang": "akk-x-neobab",
                    "form": "iq-ba-a",
                    "cf": "qabû",
                    "gw": "say",
                    "sense": "say",
                    "norm": "iqbâ",
                    "pos": "V",
                    "epos": "V"
                  }
                },
                {
                  "node": "d",
                  "type": "line-start",
                  "ref": "P238004.32",
                  "n": "10",
                  "label": "r 10"
                },
                {
                  "node": "l",
                  "frag": "a-du-u₂",
                  "id": "P238004.l0368e",
                  "ref": "P238004.32.1",
                  "inst": "adû[now]AV",
                  "sig": "@saao/saa17%akk-x-neobab:a-du-u₂=adû[now//now]AV'AV$adû",
                  "f": {
                    "lang": "akk-x-neobab",
                    "form": "a-du-u₂",
                    "cf": "adû",
                    "gw": "now",
                    "sense": "now",
                    "norm": "adû",
                    "pos": "AV",
                    "epos": "AV"
                  }
                },
                {
                  "node": "l",
                  "frag": "a-ha-ri",
                  "id": "P238004.l0368f",
                  "ref": "P238004.32.2",
                  "inst": "hiāru[choose]V$ahâri",
                  "sig": "@saao/saa17%akk-x-neobab:a-ha-ri=hiāru[choose//choose]V'V$ahâri",
                  "f": {
                    "lang": "akk-x-neobab",
                    "form": "a-ha-ri",
                    "cf": "hiāru",
                    "gw": "choose",
                    "sense": "choose",
                    "norm": "ahâri",
                    "pos": "V",
                    "epos": "V"
                  }
                },
                {
                  "node": "d",
                  "type": "nonx",
                  "ref": "P238004.33",
                  "strict": "0",
                  "extent": "rest",
                  "state": "other"
                }
              ]
            }
          ]
        }
      ]
    }
  ]
}
