{
  "type": "cdl",
  "source": "http://oracc.org/saao/saa17",
  "license": "This data is released under the CC0 license",
  "license-url": "https://creativecommons.org/publicdomain/zero/1.0/",
  "more-info": "http://oracc.org/doc/opendata/",
  "UTC-timestamp": "2017-06-10T00:58:16",
  "project": "saao/saa17",
  "textid": "P238510",
  "cdl": [
    {
      "node": "c",
      "type": "text",
      "id": "P238510.U0",
      "cdl": [
        {
          "node": "d",
          "type": "object",
          "ref": ""
        },
        {
          "node": "d",
          "subtype": "obverse",
          "type": "obverse",
          "ref": "P238510.o.1",
          "label": "o"
        },
        {
          "node": "c",
          "type": "discourse",
          "subtype": "body",
          "id": "P238510.U1",
          "cdl": [
            {
              "node": "c",
              "type": "sentence",
              "id": "P238510.U2",
              "label": "o 1 - r 13'",
              "cdl": [
                {
                  "node": "d",
                  "type": "line-start",
                  "ref": "P238510.2",
                  "n": "1",
                  "label": "o 1"
                },
                {
                  "node": "l",
                  "frag": "ARAD-ka",
                  "id": "P238510.l01eb9",
                  "ref": "P238510.2.1",
                  "inst": "aradka[servant]N",
                  "sig": "@saao/saa17%akk-x-neobab:ARAD-ka=ardu[slave//servant]N'N$aradka",
                  "f": {
                    "lang": "akk-x-neobab",
                    "form": "ARAD-ka",
                    "cf": "ardu",
                    "gw": "slave",
                    "sense": "servant",
                    "norm": "aradka",
                    "pos": "N",
                    "epos": "N"
                  }
                },
                {
                  "node": "l",
                  "frag": "{1}LU₂-[d.AG",
                  "id": "P238510.l01eba",
                  "ref": "P238510.2.2",
                  "inst": "Amel-Nabu[1]PN$",
                  "sig": "@saao/saa17%akk-x-neobab:{1}LU₂-d.AG=Amel-Nabu[1//1]PN'PN$Amel-Nabu",
                  "f": {
                    "lang": "akk-x-neobab",
                    "form": "{1}LU₂-d.AG",
                    "cf": "Amel-Nabu",
                    "gw": "1",
                    "sense": "1",
                    "norm": "Amel-Nabu",
                    "pos": "PN",
                    "epos": "PN"
                  }
                },
                {
                  "node": "l",
                  "frag": "a-na",
                  "id": "P238510.l01ebb",
                  "ref": "P238510.2.3",
                  "inst": "ana[to]PRP",
                  "sig": "@saao/saa17%akk-x-neobab:a-na=ana[to//to]PRP'PRP$ana",
                  "f": {
                    "lang": "akk-x-neobab",
                    "form": "a-na",
                    "cf": "ana",
                    "gw": "to",
                    "sense": "to",
                    "norm": "ana",
                    "pos": "PRP",
                    "epos": "PRP"
                  }
                },
                {
                  "node": "l",
                  "frag": "di-na-an]",
                  "id": "P238510.l01ebc",
                  "ref": "P238510.2.4",
                  "inst": "dinān[substitute]N",
                  "sig": "@saao/saa17%akk-x-neobab:di-na-an=dinānu[substitution//substitute]N'N$dinān",
                  "f": {
                    "lang": "akk-x-neobab",
                    "form": "di-na-an",
                    "cf": "dinānu",
                    "gw": "substitution",
                    "sense": "substitute",
                    "norm": "dinān",
                    "pos": "N",
                    "epos": "N"
                  }
                },
                {
                  "node": "d",
                  "type": "line-start",
                  "ref": "P238510.3",
                  "n": "2",
                  "label": "o 2"
                },
                {
                  "node": "l",
                  "frag": "LUGAL",
                  "id": "P238510.l01ebd",
                  "ref": "P238510.3.1",
                  "inst": "šarri[king]N",
                  "sig": "@saao/saa17%akk-x-neobab:LUGAL=šarru[king//king]N'N$šarri",
                  "f": {
                    "lang": "akk-x-neobab",
                    "form": "LUGAL",
                    "cf": "šarru",
                    "gw": "king",
                    "sense": "king",
                    "norm": "šarri",
                    "pos": "N",
                    "epos": "N"
                  }
                },
                {
                  "node": "l",
                  "frag": "be-li₂-ia",
                  "id": "P238510.l01ebe",
                  "ref": "P238510.3.2",
                  "inst": "bēlīya[lord]N",
                  "sig": "@saao/saa17%akk-x-neobab:be-li₂-ia=bēlu[lord//lord]N'N$bēlīya",
                  "f": {
                    "lang": "akk-x-neobab",
                    "form": "be-li₂-ia",
                    "cf": "bēlu",
                    "gw": "lord",
                    "sense": "lord",
                    "norm": "bēlīya",
                    "pos": "N",
                    "epos": "N"
                  }
                },
                {
                  "node": "l",
                  "frag": "⸢lul⸣-[lik",
                  "id": "P238510.l01ebf",
                  "ref": "P238510.3.3",
                  "inst": "lullik[go]V",
                  "sig": "@saao/saa17%akk-x-neobab:lul-lik=alāku[go//go]V'V$lullik",
                  "f": {
                    "lang": "akk-x-neobab",
                    "form": "lul-lik",
                    "cf": "alāku",
                    "gw": "go",
                    "sense": "go",
                    "norm": "lullik",
                    "pos": "V",
                    "epos": "V"
                  }
                },
                {
                  "node": "l",
                  "frag": "{d}AG]",
                  "id": "P238510.l01ec0",
                  "ref": "P238510.3.4",
                  "inst": "Nabu[1]DN",
                  "sig": "@saao/saa17%akk-x-neobab:{d}AG=Nabu[1//1]DN'DN$Nabu",
                  "f": {
                    "lang": "akk-x-neobab",
                    "form": "{d}AG",
                    "cf": "Nabu",
                    "gw": "1",
                    "sense": "1",
                    "norm": "Nabu",
                    "pos": "DN",
                    "epos": "DN"
                  }
                },
                {
                  "node": "d",
                  "type": "line-start",
                  "ref": "P238510.4",
                  "n": "3",
                  "label": "o 3"
                },
                {
                  "node": "l",
                  "frag": "u",
                  "id": "P238510.l01ec1",
                  "ref": "P238510.4.1",
                  "inst": "u[and]CNJ",
                  "sig": "@saao/saa17%akk-x-neobab:u=u[and//and]CNJ'CNJ$u",
                  "f": {
                    "lang": "akk-x-neobab",
                    "form": "u",
                    "cf": "u",
                    "gw": "and",
                    "sense": "and",
                    "norm": "u",
                    "pos": "CNJ",
                    "epos": "CNJ"
                  }
                },
                {
                  "node": "l",
                  "frag": "{d}AMAR.UTU",
                  "id": "P238510.l01ec2",
                  "ref": "P238510.4.2",
                  "inst": "Marduk[1]DN",
                  "sig": "@saao/saa17%akk-x-neobab:{d}AMAR.UTU=Marduk[1//1]DN'DN$Marduk",
                  "f": {
                    "lang": "akk-x-neobab",
                    "form": "{d}AMAR.UTU",
                    "cf": "Marduk",
                    "gw": "1",
                    "sense": "1",
                    "norm": "Marduk",
                    "pos": "DN",
                    "epos": "DN"
                  }
                },
                {
                  "node": "l",
                  "frag": "a-na",
                  "id": "P238510.l01ec3",
                  "ref": "P238510.4.3",
                  "inst": "ana[to]PRP",
                  "sig": "@saao/saa17%akk-x-neobab:a-na=ana[to//to]PRP'PRP$ana",
                  "f": {
                    "lang": "akk-x-neobab",
                    "form": "a-na",
                    "cf": "ana",
                    "gw": "to",
                    "sense": "to",
                    "norm": "ana",
                    "pos": "PRP",
                    "epos": "PRP"
                  }
                },
                {
                  "node": "l",
                  "frag": "[LUGAL",
                  "id": "P238510.l01ec4",
                  "ref": "P238510.4.4",
                  "inst": "šarri[king]N",
                  "sig": "@saao/saa17%akk-x-neobab:LUGAL=šarru[king//king]N'N$šarri",
                  "f": {
                    "lang": "akk-x-neobab",
                    "form": "LUGAL",
                    "cf": "šarru",
                    "gw": "king",
                    "sense": "king",
                    "norm": "šarri",
                    "pos": "N",
                    "epos": "N"
                  }
                },
                {
                  "node": "l",
                  "frag": "be-li₂-ia]",
                  "id": "P238510.l01ec5",
                  "ref": "P238510.4.5",
                  "inst": "bēlīya[lord]N",
                  "sig": "@saao/saa17%akk-x-neobab:be-li₂-ia=bēlu[lord//lord]N'N$bēlīya",
                  "f": {
                    "lang": "akk-x-neobab",
                    "form": "be-li₂-ia",
                    "cf": "bēlu",
                    "gw": "lord",
                    "sense": "lord",
                    "norm": "bēlīya",
                    "pos": "N",
                    "epos": "N"
                  }
                },
                {
                  "node": "d",
                  "type": "line-start",
                  "ref": "P238510.5",
                  "n": "4",
                  "label": "o 4"
                },
                {
                  "node": "l",
                  "frag": "lik-ru-bu",
                  "id": "P238510.l01ec6",
                  "ref": "P238510.5.1",
                  "inst": "karābu[pray//bless]V$likrubū",
                  "sig": "@saao/saa17%akk-x-neobab:lik-ru-bu=karābu[pray//bless]V'V$likrubū",
                  "f": {
                    "lang": "akk-x-neobab",
                    "form": "lik-ru-bu",
                    "cf": "karābu",
                    "gw": "pray",
                    "sense": "bless",
                    "norm": "likrubū",
                    "pos": "V",
                    "epos": "V"
                  }
                },
                {
                  "node": "l",
                  "frag": "um-[ma-a]",
                  "id": "P238510.l01ec7",
                  "ref": "P238510.5.2",
                  "inst": "umma[saying]PRP$ummā",
                  "sig": "@saao/saa17%akk-x-neobab:um-ma-a=umma[saying//saying]PRP'PRP$ummā",
                  "f": {
                    "lang": "akk-x-neobab",
                    "form": "um-ma-a",
                    "cf": "umma",
                    "gw": "saying",
                    "sense": "saying",
                    "norm": "ummā",
                    "pos": "PRP",
                    "epos": "PRP"
                  }
                },
                {
                  "node": "d",
                  "type": "line-start",
                  "ref": "P238510.6",
                  "n": "5",
                  "label": "o 5"
                },
                {
                  "node": "l",
                  "frag": "a-na",
                  "id": "P238510.l01ec8",
                  "ref": "P238510.6.1",
                  "inst": "ana[to]PRP",
                  "sig": "@saao/saa17%akk-x-neobab:a-na=ana[to//to]PRP'PRP$ana",
                  "f": {
                    "lang": "akk-x-neobab",
                    "form": "a-na",
                    "cf": "ana",
                    "gw": "to",
                    "sense": "to",
                    "norm": "ana",
                    "pos": "PRP",
                    "epos": "PRP"
                  }
                },
                {
                  "node": "l",
                  "frag": "LUGAL",
                  "id": "P238510.l01ec9",
                  "ref": "P238510.6.2",
                  "inst": "šarri[king]N",
                  "sig": "@saao/saa17%akk-x-neobab:LUGAL=šarru[king//king]N'N$šarri",
                  "f": {
                    "lang": "akk-x-neobab",
                    "form": "LUGAL",
                    "cf": "šarru",
                    "gw": "king",
                    "sense": "king",
                    "norm": "šarri",
                    "pos": "N",
                    "epos": "N"
                  }
                },
                {
                  "node": "l",
                  "frag": "be-li₂-[ia-a-ma]",
                  "id": "P238510.l01eca",
                  "ref": "P238510.6.3",
                  "inst": "bēlīyāma[lord]N",
                  "sig": "@saao/saa17%akk-x-neobab:be-li₂-ia-a-ma=bēlu[lord//lord]N'N$bēlīyāma",
                  "f": {
                    "lang": "akk-x-neobab",
                    "form": "be-li₂-ia-a-ma",
                    "cf": "bēlu",
                    "gw": "lord",
                    "sense": "lord",
                    "norm": "bēlīyāma",
                    "pos": "N",
                    "epos": "N"
                  }
                },
                {
                  "node": "d",
                  "type": "line-start",
                  "ref": "P238510.7",
                  "n": "6",
                  "label": "o 6"
                },
                {
                  "node": "l",
                  "frag": "ša₂",
                  "id": "P238510.l01ecb",
                  "ref": "P238510.7.1",
                  "inst": "ša[what]REL",
                  "sig": "@saao/saa17%akk-x-neobab:ša₂=ša[that//what]REL'REL$ša",
                  "f": {
                    "lang": "akk-x-neobab",
                    "form": "ša₂",
                    "cf": "ša",
                    "gw": "that",
                    "sense": "what",
                    "norm": "ša",
                    "pos": "REL",
                    "epos": "REL"
                  }
                },
                {
                  "node": "l",
                  "frag": "a-na",
                  "id": "P238510.l01ecc",
                  "ref": "P238510.7.2",
                  "inst": "ana[to]PRP",
                  "sig": "@saao/saa17%akk-x-neobab:a-na=ana[to//to]PRP'PRP$ana",
                  "f": {
                    "lang": "akk-x-neobab",
                    "form": "a-na",
                    "cf": "ana",
                    "gw": "to",
                    "sense": "to",
                    "norm": "ana",
                    "pos": "PRP",
                    "epos": "PRP"
                  }
                },
                {
                  "node": "l",
                  "frag": "LUGAL",
                  "id": "P238510.l01ecd",
                  "ref": "P238510.7.3",
                  "inst": "šarri[king]N",
                  "sig": "@saao/saa17%akk-x-neobab:LUGAL=šarru[king//king]N'N$šarri",
                  "f": {
                    "lang": "akk-x-neobab",
                    "form": "LUGAL",
                    "cf": "šarru",
                    "gw": "king",
                    "sense": "king",
                    "norm": "šarri",
                    "pos": "N",
                    "epos": "N"
                  }
                },
                {
                  "node": "l",
                  "frag": "aš₂-[pu-ru]",
                  "id": "P238510.l01ece",
                  "ref": "P238510.7.4",
                  "inst": "šapāru[send//write]V$ašpuru",
                  "sig": "@saao/saa17%akk-x-neobab:aš₂-pu-ru=šapāru[send//write]V'V$ašpuru",
                  "f": {
                    "lang": "akk-x-neobab",
                    "form": "aš₂-pu-ru",
                    "cf": "šapāru",
                    "gw": "send",
                    "sense": "write",
                    "norm": "ašpuru",
                    "pos": "V",
                    "epos": "V"
                  }
                },
                {
                  "node": "d",
                  "type": "line-start",
                  "ref": "P238510.8",
                  "n": "7",
                  "label": "o 7"
                },
                {
                  "node": "l",
                  "frag": "a-du-u₂",
                  "id": "P238510.l01ecf",
                  "ref": "P238510.8.1",
                  "inst": "adû[now]AV$",
                  "sig": "@saao/saa17%akk-x-neobab:a-du-u₂=adû[now//now]AV'AV$adû",
                  "f": {
                    "lang": "akk-x-neobab",
                    "form": "a-du-u₂",
                    "cf": "adû",
                    "gw": "now",
                    "sense": "now",
                    "norm": "adû",
                    "pos": "AV",
                    "epos": "AV"
                  }
                },
                {
                  "node": "l",
                  "frag": "[BURU₁₄]",
                  "id": "P238510.l01ed0",
                  "ref": "P238510.8.2",
                  "inst": "ebūru[harvest]N",
                  "sig": "@saao/saa17%akk-x-neobab:BURU₁₄=ebūru[harvest//harvest]N'N$ebūru",
                  "f": {
                    "lang": "akk-x-neobab",
                    "form": "BURU₁₄",
                    "cf": "ebūru",
                    "gw": "harvest",
                    "sense": "harvest",
                    "norm": "ebūru",
                    "pos": "N",
                    "epos": "N"
                  }
                },
                {
                  "node": "d",
                  "type": "line-start",
                  "ref": "P238510.9",
                  "n": "8",
                  "label": "o 8"
                },
                {
                  "node": "l",
                  "frag": "ša₂",
                  "id": "P238510.l01ed1",
                  "ref": "P238510.9.1",
                  "inst": "ša[of]DET",
                  "sig": "@saao/saa17%akk-x-neobab:ša₂=ša[of//of]DET'DET$ša",
                  "f": {
                    "lang": "akk-x-neobab",
                    "form": "ša₂",
                    "cf": "ša",
                    "gw": "of",
                    "sense": "of",
                    "norm": "ša",
                    "pos": "DET",
                    "epos": "DET"
                  }
                },
                {
                  "node": "l",
                  "frag": "E₂-{1}⸢ia⸣-[ki-ni]",
                  "id": "P238510.l01ed2",
                  "ref": "P238510.9.2",
                  "inst": "Bit-Yakin[1]GN$Bit-Yakini",
                  "sig": "@saao/saa17%akk-x-neobab:E₂-{1}ia-ki-ni=Bit-Yakin[1//1]GN'GN$Bit-Yakini",
                  "f": {
                    "lang": "akk-x-neobab",
                    "form": "E₂-{1}ia-ki-ni",
                    "cf": "Bit-Yakin",
                    "gw": "1",
                    "sense": "1",
                    "norm": "Bit-Yakini",
                    "pos": "GN",
                    "epos": "GN"
                  }
                },
                {
                  "node": "d",
                  "type": "line-start",
                  "ref": "P238510.10",
                  "n": "9",
                  "label": "o 9"
                },
                {
                  "node": "l",
                  "frag": "ša₂",
                  "id": "P238510.l01ed3",
                  "ref": "P238510.10.1",
                  "inst": "ša[of]DET",
                  "sig": "@saao/saa17%akk-x-neobab:ša₂=ša[of//of]DET'DET$ša",
                  "f": {
                    "lang": "akk-x-neobab",
                    "form": "ša₂",
                    "cf": "ša",
                    "gw": "of",
                    "sense": "of",
                    "norm": "ša",
                    "pos": "DET",
                    "epos": "DET"
                  }
                },
                {
                  "node": "l",
                  "frag": "{uru}tar-⸢ba⸣-[x",
                  "id": "P238510.l01ed4",
                  "ref": "P238510.10.2",
                  "inst": "u",
                  "f": {
                    "lang": "akk-x-neobab",
                    "form": "{URU}tar-ba-x",
                    "pos": "u"
                  }
                },
                {
                  "node": "l",
                  "frag": "x]",
                  "id": "P238510.l01ed5",
                  "ref": "P238510.10.3",
                  "inst": "u",
                  "f": {
                    "lang": "akk-x-neobab",
                    "form": "x",
                    "pos": "u"
                  }
                },
                {
                  "node": "d",
                  "type": "line-start",
                  "ref": "P238510.11",
                  "n": "10",
                  "label": "o 10"
                },
                {
                  "node": "l",
                  "frag": "BURU₁₄",
                  "id": "P238510.l01ed6",
                  "ref": "P238510.11.1",
                  "inst": "ebūru[harvest]N",
                  "sig": "@saao/saa17%akk-x-neobab:BURU₁₄=ebūru[harvest//harvest]N'N$ebūru",
                  "f": {
                    "lang": "akk-x-neobab",
                    "form": "BURU₁₄",
                    "cf": "ebūru",
                    "gw": "harvest",
                    "sense": "harvest",
                    "norm": "ebūru",
                    "pos": "N",
                    "epos": "N"
                  }
                },
                {
                  "node": "l",
                  "frag": "ša₂",
                  "id": "P238510.l01ed7",
                  "ref": "P238510.11.2",
                  "inst": "ša[of]DET",
                  "sig": "@saao/saa17%akk-x-neobab:ša₂=ša[of//of]DET'DET$ša",
                  "f": {
                    "lang": "akk-x-neobab",
                    "form": "ša₂",
                    "cf": "ša",
                    "gw": "of",
                    "sense": "of",
                    "norm": "ša",
                    "pos": "DET",
                    "epos": "DET"
                  }
                },
                {
                  "node": "l",
                  "frag": "{⸢uru⸣}[x",
                  "id": "P238510.l01ed8",
                  "ref": "P238510.11.3",
                  "inst": "u",
                  "f": {
                    "lang": "akk-x-neobab",
                    "form": "{URU}x",
                    "pos": "u"
                  }
                },
                {
                  "node": "l",
                  "frag": "x",
                  "id": "P238510.l01ed9",
                  "ref": "P238510.11.4",
                  "inst": "u",
                  "f": {
                    "lang": "akk-x-neobab",
                    "form": "x",
                    "pos": "u"
                  }
                },
                {
                  "node": "l",
                  "frag": "x]",
                  "id": "P238510.l01eda",
                  "ref": "P238510.11.5",
                  "inst": "u",
                  "f": {
                    "lang": "akk-x-neobab",
                    "form": "x",
                    "pos": "u"
                  }
                },
                {
                  "node": "d",
                  "type": "line-start",
                  "ref": "P238510.12",
                  "n": "11",
                  "label": "o 11"
                },
                {
                  "node": "l",
                  "frag": "uq-te-[et-tu-u₂]",
                  "id": "P238510.l01edb",
                  "ref": "P238510.12.1",
                  "inst": "+qatû[come to an end//finish]V'V$uqtettû",
                  "sig": "@saao/saa17%akk-x-neobab:uq-te-et-tu-u₂=qatû[come to an end//finish]V'V$uqtettû",
                  "f": {
                    "lang": "akk-x-neobab",
                    "form": "uq-te-et-tu-u₂",
                    "cf": "qatû",
                    "gw": "come to an end",
                    "sense": "finish",
                    "norm": "uqtettû",
                    "pos": "V",
                    "epos": "V"
                  }
                },
                {
                  "node": "d",
                  "type": "line-start",
                  "ref": "P238510.13",
                  "n": "12",
                  "label": "o 12"
                },
                {
                  "node": "l",
                  "frag": "⸢x⸣+[x",
                  "id": "P238510.l01edc",
                  "ref": "P238510.13.1",
                  "inst": "u",
                  "f": {
                    "lang": "akk-x-neobab",
                    "form": "x+x",
                    "pos": "u"
                  }
                },
                {
                  "node": "l",
                  "frag": "x",
                  "id": "P238510.l01edd",
                  "ref": "P238510.13.2",
                  "inst": "u",
                  "f": {
                    "lang": "akk-x-neobab",
                    "form": "x",
                    "pos": "u"
                  }
                },
                {
                  "node": "l",
                  "frag": "x",
                  "id": "P238510.l01ede",
                  "ref": "P238510.13.3",
                  "inst": "u",
                  "f": {
                    "lang": "akk-x-neobab",
                    "form": "x",
                    "pos": "u"
                  }
                },
                {
                  "node": "l",
                  "frag": "x",
                  "id": "P238510.l01edf",
                  "ref": "P238510.13.4",
                  "inst": "u",
                  "f": {
                    "lang": "akk-x-neobab",
                    "form": "x",
                    "pos": "u"
                  }
                },
                {
                  "node": "l",
                  "frag": "x",
                  "id": "P238510.l01ee0",
                  "ref": "P238510.13.5",
                  "inst": "u",
                  "f": {
                    "lang": "akk-x-neobab",
                    "form": "x",
                    "pos": "u"
                  }
                },
                {
                  "node": "l",
                  "frag": "x",
                  "id": "P238510.l01ee1",
                  "ref": "P238510.13.6",
                  "inst": "u",
                  "f": {
                    "lang": "akk-x-neobab",
                    "form": "x",
                    "pos": "u"
                  }
                },
                {
                  "node": "l",
                  "frag": "x]",
                  "id": "P238510.l01ee2",
                  "ref": "P238510.13.7",
                  "inst": "u",
                  "f": {
                    "lang": "akk-x-neobab",
                    "form": "x",
                    "pos": "u"
                  }
                },
                {
                  "node": "d",
                  "type": "nonx",
                  "ref": "P238510.14",
                  "strict": "0",
                  "extent": "rest",
                  "state": "missing"
                },
                {
                  "node": "d",
                  "subtype": "reverse",
                  "type": "reverse",
                  "ref": "P238510.r.15",
                  "label": "r"
                },
                {
                  "node": "d",
                  "type": "nonx",
                  "ref": "P238510.16",
                  "strict": "0",
                  "extent": "beginning",
                  "state": "missing"
                },
                {
                  "node": "d",
                  "type": "line-start",
                  "ref": "P238510.17",
                  "n": "1'",
                  "label": "r 1'"
                },
                {
                  "node": "l",
                  "frag": "⸢x⸣+[x",
                  "id": "P238510.l01ee3",
                  "ref": "P238510.17.1",
                  "inst": "u",
                  "f": {
                    "lang": "akk-x-neobab",
                    "form": "x+x",
                    "pos": "u"
                  }
                },
                {
                  "node": "l",
                  "frag": "x",
                  "id": "P238510.l01ee4",
                  "ref": "P238510.17.2",
                  "inst": "u",
                  "f": {
                    "lang": "akk-x-neobab",
                    "form": "x",
                    "pos": "u"
                  }
                },
                {
                  "node": "l",
                  "frag": "x",
                  "id": "P238510.l01ee5",
                  "ref": "P238510.17.3",
                  "inst": "u",
                  "f": {
                    "lang": "akk-x-neobab",
                    "form": "x",
                    "pos": "u"
                  }
                },
                {
                  "node": "l",
                  "frag": "x",
                  "id": "P238510.l01ee6",
                  "ref": "P238510.17.4",
                  "inst": "u",
                  "f": {
                    "lang": "akk-x-neobab",
                    "form": "x",
                    "pos": "u"
                  }
                },
                {
                  "node": "l",
                  "frag": "x",
                  "id": "P238510.l01ee7",
                  "ref": "P238510.17.5",
                  "inst": "u",
                  "f": {
                    "lang": "akk-x-neobab",
                    "form": "x",
                    "pos": "u"
                  }
                },
                {
                  "node": "l",
                  "frag": "x",
                  "id": "P238510.l01ee8",
                  "ref": "P238510.17.6",
                  "inst": "u",
                  "f": {
                    "lang": "akk-x-neobab",
                    "form": "x",
                    "pos": "u"
                  }
                },
                {
                  "node": "l",
                  "frag": "x",
                  "id": "P238510.l01ee9",
                  "ref": "P238510.17.7",
                  "inst": "u",
                  "f": {
                    "lang": "akk-x-neobab",
                    "form": "x",
                    "pos": "u"
                  }
                },
                {
                  "node": "l",
                  "frag": "x",
                  "id": "P238510.l01eea",
                  "ref": "P238510.17.8",
                  "inst": "u",
                  "f": {
                    "lang": "akk-x-neobab",
                    "form": "x",
                    "pos": "u"
                  }
                },
                {
                  "node": "l",
                  "frag": "x]",
                  "id": "P238510.l01eeb",
                  "ref": "P238510.17.9",
                  "inst": "u",
                  "f": {
                    "lang": "akk-x-neobab",
                    "form": "x",
                    "pos": "u"
                  }
                },
                {
                  "node": "d",
                  "type": "line-start",
                  "ref": "P238510.18",
                  "n": "2'",
                  "label": "r 2'"
                },
                {
                  "node": "l",
                  "frag": "ma-[x",
                  "id": "P238510.l01eec",
                  "ref": "P238510.18.1",
                  "inst": "u",
                  "f": {
                    "lang": "akk-x-neobab",
                    "form": "ma-x",
                    "pos": "u"
                  }
                },
                {
                  "node": "l",
                  "frag": "x",
                  "id": "P238510.l01eed",
                  "ref": "P238510.18.2",
                  "inst": "u",
                  "f": {
                    "lang": "akk-x-neobab",
                    "form": "x",
                    "pos": "u"
                  }
                },
                {
                  "node": "l",
                  "frag": "x",
                  "id": "P238510.l01eee",
                  "ref": "P238510.18.3",
                  "inst": "u",
                  "f": {
                    "lang": "akk-x-neobab",
                    "form": "x",
                    "pos": "u"
                  }
                },
                {
                  "node": "l",
                  "frag": "x",
                  "id": "P238510.l01eef",
                  "ref": "P238510.18.4",
                  "inst": "u",
                  "f": {
                    "lang": "akk-x-neobab",
                    "form": "x",
                    "pos": "u"
                  }
                },
                {
                  "node": "l",
                  "frag": "x",
                  "id": "P238510.l01ef0",
                  "ref": "P238510.18.5",
                  "inst": "u",
                  "f": {
                    "lang": "akk-x-neobab",
                    "form": "x",
                    "pos": "u"
                  }
                },
                {
                  "node": "l",
                  "frag": "x",
                  "id": "P238510.l01ef1",
                  "ref": "P238510.18.6",
                  "inst": "u",
                  "f": {
                    "lang": "akk-x-neobab",
                    "form": "x",
                    "pos": "u"
                  }
                },
                {
                  "node": "l",
                  "frag": "x",
                  "id": "P238510.l01ef2",
                  "ref": "P238510.18.7",
                  "inst": "u",
                  "f": {
                    "lang": "akk-x-neobab",
                    "form": "x",
                    "pos": "u"
                  }
                },
                {
                  "node": "l",
                  "frag": "x]",
                  "id": "P238510.l01ef3",
                  "ref": "P238510.18.8",
                  "inst": "u",
                  "f": {
                    "lang": "akk-x-neobab",
                    "form": "x",
                    "pos": "u"
                  }
                },
                {
                  "node": "d",
                  "type": "line-start",
                  "ref": "P238510.19",
                  "n": "3'",
                  "label": "r 3'"
                },
                {
                  "node": "l",
                  "frag": "ša₂",
                  "id": "P238510.l01ef4",
                  "ref": "P238510.19.1",
                  "inst": "ša[of]DET",
                  "sig": "@saao/saa17%akk-x-neobab:ša₂=ša[of//of]DET'DET$ša",
                  "f": {
                    "lang": "akk-x-neobab",
                    "form": "ša₂",
                    "cf": "ša",
                    "gw": "of",
                    "sense": "of",
                    "norm": "ša",
                    "pos": "DET",
                    "epos": "DET"
                  }
                },
                {
                  "node": "l",
                  "frag": "{1}NUMUN-ia",
                  "id": "P238510.l01ef5",
                  "ref": "P238510.19.2",
                  "inst": "Zeriya[1]PN$",
                  "sig": "@saao/saa17%akk-x-neobab:{1}NUMUN-ia=Zeriya[1//1]PN'PN$Zeriya",
                  "f": {
                    "lang": "akk-x-neobab",
                    "form": "{1}NUMUN-ia",
                    "cf": "Zeriya",
                    "gw": "1",
                    "sense": "1",
                    "norm": "Zeriya",
                    "pos": "PN",
                    "epos": "PN"
                  }
                },
                {
                  "node": "l",
                  "frag": "[x",
                  "id": "P238510.l01ef6",
                  "ref": "P238510.19.3",
                  "inst": "u",
                  "f": {
                    "lang": "akk-x-neobab",
                    "form": "x",
                    "pos": "u"
                  }
                },
                {
                  "node": "l",
                  "frag": "x",
                  "id": "P238510.l01ef7",
                  "ref": "P238510.19.4",
                  "inst": "u",
                  "f": {
                    "lang": "akk-x-neobab",
                    "form": "x",
                    "pos": "u"
                  }
                },
                {
                  "node": "l",
                  "frag": "x",
                  "id": "P238510.l01ef8",
                  "ref": "P238510.19.5",
                  "inst": "u",
                  "f": {
                    "lang": "akk-x-neobab",
                    "form": "x",
                    "pos": "u"
                  }
                },
                {
                  "node": "l",
                  "frag": "x]",
                  "id": "P238510.l01ef9",
                  "ref": "P238510.19.6",
                  "inst": "u",
                  "f": {
                    "lang": "akk-x-neobab",
                    "form": "x",
                    "pos": "u"
                  }
                },
                {
                  "node": "d",
                  "type": "line-start",
                  "ref": "P238510.20",
                  "n": "4'",
                  "label": "r 4'"
                },
                {
                  "node": "l",
                  "frag": "UN-MEŠ",
                  "id": "P238510.l01efa",
                  "ref": "P238510.20.1",
                  "inst": "nišu[people]N$nišī",
                  "sig": "@saao/saa17%akk-x-neobab:UN-MEŠ=nišu[people//people]N'N$nišī",
                  "f": {
                    "lang": "akk-x-neobab",
                    "form": "UN-MEŠ",
                    "cf": "nišu",
                    "gw": "people",
                    "sense": "people",
                    "norm": "nišī",
                    "pos": "N",
                    "epos": "N"
                  }
                },
                {
                  "node": "l",
                  "frag": "ni-[x",
                  "id": "P238510.l01efb",
                  "ref": "P238510.20.2",
                  "inst": "u",
                  "f": {
                    "lang": "akk-x-neobab",
                    "form": "ni-x",
                    "pos": "u"
                  }
                },
                {
                  "node": "l",
                  "frag": "x",
                  "id": "P238510.l01efc",
                  "ref": "P238510.20.3",
                  "inst": "u",
                  "f": {
                    "lang": "akk-x-neobab",
                    "form": "x",
                    "pos": "u"
                  }
                },
                {
                  "node": "l",
                  "frag": "x",
                  "id": "P238510.l01efd",
                  "ref": "P238510.20.4",
                  "inst": "u",
                  "f": {
                    "lang": "akk-x-neobab",
                    "form": "x",
                    "pos": "u"
                  }
                },
                {
                  "node": "l",
                  "frag": "x",
                  "id": "P238510.l01efe",
                  "ref": "P238510.20.5",
                  "inst": "u",
                  "f": {
                    "lang": "akk-x-neobab",
                    "form": "x",
                    "pos": "u"
                  }
                },
                {
                  "node": "l",
                  "frag": "x]",
                  "id": "P238510.l01eff",
                  "ref": "P238510.20.6",
                  "inst": "u",
                  "f": {
                    "lang": "akk-x-neobab",
                    "form": "x",
                    "pos": "u"
                  }
                },
                {
                  "node": "d",
                  "type": "line-start",
                  "ref": "P238510.21",
                  "n": "5'",
                  "label": "r 5'"
                },
                {
                  "node": "l",
                  "frag": "u₂-še-eṣ-⸢ṣu⸣-[u",
                  "id": "P238510.l01f00",
                  "ref": "P238510.21.1",
                  "inst": "aṣû[go out//bring out]V$ušeṣṣû",
                  "sig": "@saao/saa17%akk-x-neobab:u₂-še-eṣ-ṣu-u=aṣû[go out//bring out]V'V$ušeṣṣû",
                  "f": {
                    "lang": "akk-x-neobab",
                    "form": "u₂-še-eṣ-ṣu-u",
                    "cf": "aṣû",
                    "gw": "go out",
                    "sense": "bring out",
                    "norm": "ušeṣṣû",
                    "pos": "V",
                    "epos": "V"
                  }
                },
                {
                  "node": "l",
                  "frag": "x",
                  "id": "P238510.l01f01",
                  "ref": "P238510.21.2",
                  "inst": "u",
                  "f": {
                    "lang": "akk-x-neobab",
                    "form": "x",
                    "pos": "u"
                  }
                },
                {
                  "node": "l",
                  "frag": "x",
                  "id": "P238510.l01f02",
                  "ref": "P238510.21.3",
                  "inst": "u",
                  "f": {
                    "lang": "akk-x-neobab",
                    "form": "x",
                    "pos": "u"
                  }
                },
                {
                  "node": "l",
                  "frag": "x]",
                  "id": "P238510.l01f03",
                  "ref": "P238510.21.4",
                  "inst": "u",
                  "f": {
                    "lang": "akk-x-neobab",
                    "form": "x",
                    "pos": "u"
                  }
                },
                {
                  "node": "d",
                  "type": "line-start",
                  "ref": "P238510.22",
                  "n": "6'",
                  "label": "r 6'"
                },
                {
                  "node": "l",
                  "frag": "liš-pu-ram-ma",
                  "id": "P238510.l01f04",
                  "ref": "P238510.22.1",
                  "inst": "lišpuramma[send]V",
                  "sig": "@saao/saa17%akk-x-neobab:liš-pu-ram-ma=šapāru[send//send]V'V$lišpuramma",
                  "f": {
                    "lang": "akk-x-neobab",
                    "form": "liš-pu-ram-ma",
                    "cf": "šapāru",
                    "gw": "send",
                    "sense": "send",
                    "norm": "lišpuramma",
                    "pos": "V",
                    "epos": "V"
                  }
                },
                {
                  "node": "l",
                  "frag": "[x",
                  "id": "P238510.l01f05",
                  "ref": "P238510.22.2",
                  "inst": "u",
                  "f": {
                    "lang": "akk-x-neobab",
                    "form": "x",
                    "pos": "u"
                  }
                },
                {
                  "node": "l",
                  "frag": "x",
                  "id": "P238510.l01f06",
                  "ref": "P238510.22.3",
                  "inst": "u",
                  "f": {
                    "lang": "akk-x-neobab",
                    "form": "x",
                    "pos": "u"
                  }
                },
                {
                  "node": "l",
                  "frag": "x]",
                  "id": "P238510.l01f07",
                  "ref": "P238510.22.4",
                  "inst": "u",
                  "f": {
                    "lang": "akk-x-neobab",
                    "form": "x",
                    "pos": "u"
                  }
                },
                {
                  "node": "d",
                  "type": "line-start",
                  "ref": "P238510.23",
                  "n": "7'",
                  "label": "r 7'"
                },
                {
                  "node": "l",
                  "frag": "li-iz-zi-zu",
                  "id": "P238510.l01f08",
                  "ref": "P238510.23.1",
                  "inst": "izuzzu[stand]V$lizzizū",
                  "sig": "@saao/saa17%akk-x-neobab:li-iz-zi-zu=izuzzu[stand//stand]V'V$lizzizū",
                  "f": {
                    "lang": "akk-x-neobab",
                    "form": "li-iz-zi-zu",
                    "cf": "izuzzu",
                    "gw": "stand",
                    "sense": "stand",
                    "norm": "lizzizū",
                    "pos": "V",
                    "epos": "V"
                  }
                },
                {
                  "node": "l",
                  "frag": "[x",
                  "id": "P238510.l01f09",
                  "ref": "P238510.23.2",
                  "inst": "u",
                  "f": {
                    "lang": "akk-x-neobab",
                    "form": "x",
                    "pos": "u"
                  }
                },
                {
                  "node": "l",
                  "frag": "x]",
                  "id": "P238510.l01f0a",
                  "ref": "P238510.23.3",
                  "inst": "u",
                  "f": {
                    "lang": "akk-x-neobab",
                    "form": "x",
                    "pos": "u"
                  }
                },
                {
                  "node": "d",
                  "type": "line-start",
                  "ref": "P238510.24",
                  "n": "8'",
                  "label": "r 8'"
                },
                {
                  "node": "l",
                  "frag": "{uru}KUR-BE",
                  "id": "P238510.l01f0b",
                  "ref": "P238510.24.1",
                  "inst": "u",
                  "f": {
                    "lang": "akk-x-neobab",
                    "form": "{URU}KUR-BE",
                    "pos": "u"
                  }
                },
                {
                  "node": "l",
                  "frag": "u₃",
                  "id": "P238510.l01f0c",
                  "ref": "P238510.24.2",
                  "inst": "u[and]CNJ",
                  "sig": "@saao/saa17%akk-x-neobab:u₃=u[and//and]CNJ'CNJ$u",
                  "f": {
                    "lang": "akk-x-neobab",
                    "form": "u₃",
                    "cf": "u",
                    "gw": "and",
                    "sense": "and",
                    "norm": "u",
                    "pos": "CNJ",
                    "epos": "CNJ"
                  }
                },
                {
                  "node": "l",
                  "frag": "⸢x⸣+[x",
                  "id": "P238510.l01f0d",
                  "ref": "P238510.24.3",
                  "inst": "u",
                  "f": {
                    "lang": "akk-x-neobab",
                    "form": "x+x",
                    "pos": "u"
                  }
                },
                {
                  "node": "l",
                  "frag": "x",
                  "id": "P238510.l01f0e",
                  "ref": "P238510.24.4",
                  "inst": "u",
                  "f": {
                    "lang": "akk-x-neobab",
                    "form": "x",
                    "pos": "u"
                  }
                },
                {
                  "node": "l",
                  "frag": "x]",
                  "id": "P238510.l01f0f",
                  "ref": "P238510.24.5",
                  "inst": "u",
                  "f": {
                    "lang": "akk-x-neobab",
                    "form": "x",
                    "pos": "u"
                  }
                },
                {
                  "node": "d",
                  "type": "line-start",
                  "ref": "P238510.25",
                  "n": "9'",
                  "label": "r 9'"
                },
                {
                  "node": "l",
                  "frag": "ša₂",
                  "id": "P238510.l01f10",
                  "ref": "P238510.25.1",
                  "inst": "ša[of]DET",
                  "sig": "@saao/saa17%akk-x-neobab:ša₂=ša[of//of]DET'DET$ša",
                  "f": {
                    "lang": "akk-x-neobab",
                    "form": "ša₂",
                    "cf": "ša",
                    "gw": "of",
                    "sense": "of",
                    "norm": "ša",
                    "pos": "DET",
                    "epos": "DET"
                  }
                },
                {
                  "node": "l",
                  "frag": "{1}NUMUN-ia",
                  "id": "P238510.l01f11",
                  "ref": "P238510.25.2",
                  "inst": "Zeriya[1]PN",
                  "sig": "@saao/saa17%akk-x-neobab:{1}NUMUN-ia=Zeriya[1//1]PN'PN$Zeriya",
                  "f": {
                    "lang": "akk-x-neobab",
                    "form": "{1}NUMUN-ia",
                    "cf": "Zeriya",
                    "gw": "1",
                    "sense": "1",
                    "norm": "Zeriya",
                    "pos": "PN",
                    "epos": "PN"
                  }
                },
                {
                  "node": "l",
                  "frag": "{lu₂}[x",
                  "id": "P238510.l01f12",
                  "ref": "P238510.25.3",
                  "inst": "u",
                  "f": {
                    "lang": "akk-x-neobab",
                    "form": "{LU₂}x",
                    "pos": "u"
                  }
                },
                {
                  "node": "l",
                  "frag": "x",
                  "id": "P238510.l01f13",
                  "ref": "P238510.25.4",
                  "inst": "u",
                  "f": {
                    "lang": "akk-x-neobab",
                    "form": "x",
                    "pos": "u"
                  }
                },
                {
                  "node": "l",
                  "frag": "x]",
                  "id": "P238510.l01f14",
                  "ref": "P238510.25.5",
                  "inst": "u",
                  "f": {
                    "lang": "akk-x-neobab",
                    "form": "x",
                    "pos": "u"
                  }
                },
                {
                  "node": "d",
                  "type": "line-start",
                  "ref": "P238510.26",
                  "n": "10'",
                  "label": "r 10'"
                },
                {
                  "node": "l",
                  "frag": "i-di-šu₂-nu",
                  "id": "P238510.l01f15",
                  "ref": "P238510.26.1",
                  "inst": "idu[arm//side]N$idīšunu",
                  "sig": "@saao/saa17%akk-x-neobab:i-di-šu₂-nu=idu[arm//side]N'N$idīšunu",
                  "f": {
                    "lang": "akk-x-neobab",
                    "form": "i-di-šu₂-nu",
                    "cf": "idu",
                    "gw": "arm",
                    "sense": "side",
                    "norm": "idīšunu",
                    "pos": "N",
                    "epos": "N"
                  }
                },
                {
                  "node": "l",
                  "frag": "[x",
                  "id": "P238510.l01f16",
                  "ref": "P238510.26.2",
                  "inst": "u",
                  "f": {
                    "lang": "akk-x-neobab",
                    "form": "x",
                    "pos": "u"
                  }
                },
                {
                  "node": "l",
                  "frag": "x",
                  "id": "P238510.l01f17",
                  "ref": "P238510.26.3",
                  "inst": "u",
                  "f": {
                    "lang": "akk-x-neobab",
                    "form": "x",
                    "pos": "u"
                  }
                },
                {
                  "node": "l",
                  "frag": "x",
                  "id": "P238510.l01f18",
                  "ref": "P238510.26.4",
                  "inst": "u",
                  "f": {
                    "lang": "akk-x-neobab",
                    "form": "x",
                    "pos": "u"
                  }
                },
                {
                  "node": "l",
                  "frag": "x]",
                  "id": "P238510.l01f19",
                  "ref": "P238510.26.5",
                  "inst": "u",
                  "f": {
                    "lang": "akk-x-neobab",
                    "form": "x",
                    "pos": "u"
                  }
                },
                {
                  "node": "d",
                  "type": "line-start",
                  "ref": "P238510.27",
                  "n": "11'",
                  "label": "r 11'"
                },
                {
                  "node": "c",
                  "type": "phrase",
                  "tag": "phr",
                  "id": "P238510.U4",
                  "ref": "P238510.ls00000",
                  "cdl": [
                    {
                      "node": "l",
                      "frag": "{lu₂}GAL-ki-[ṣir",
                      "id": "P238510.l01f1a",
                      "ref": "P238510.27.1",
                      "cof-tails": "P238510.l01f1b",
                      "inst": "rabû[big one]N$rab&kiṣru[knot]N$kiṣir",
                      "exosig": "@saao/saa17%akk-x-neobab:{LU₂}GAL-ki-ṣir=rabû[big one//big one]N'N$rab&&@saao%akk-x-neobab:=kiṣru[knot//knot]N'N$kiṣir",
                      "f": {
                        "lang": "akk-x-neobab",
                        "form": "{LU₂}GAL-ki-ṣir",
                        "cf": "rabû",
                        "gw": "big one",
                        "sense": "big one",
                        "norm": "rab",
                        "pos": "N",
                        "epos": "N"
                      }
                    },
                    {
                      "node": "l",
                      "frag": "{lu₂}GAL-ki-[ṣir",
                      "id": "P238510.l01f1b",
                      "ref": "P238510.27.1",
                      "cof-head": "P238510.l01f1a",
                      "inst": "rabû[big one]N$rab&kiṣru[knot]N$kiṣir",
                      "tail-sig": "@saao%akk-x-neobab:=kiṣru[knot//knot]N'N$kiṣir",
                      "f": {
                        "lang": "akk-x-neobab",
                        "form": "{LU₂}GAL-ki-ṣir",
                        "cf": "kiṣru",
                        "gw": "knot",
                        "sense": "knot",
                        "norm": "kiṣir",
                        "pos": "N",
                        "epos": "N"
                      }
                    }
                  ]
                },
                {
                  "node": "l",
                  "frag": "01-en]",
                  "id": "P238510.l01f1c",
                  "ref": "P238510.27.2",
                  "inst": "ištēn[one]NU$iltēn",
                  "sig": "@saao/saa17%akk-x-neobab:01-en=ištēn[one//one]NU'NU$iltēn",
                  "f": {
                    "lang": "akk-x-neobab",
                    "form": "01-en",
                    "cf": "ištēn",
                    "gw": "one",
                    "sense": "one",
                    "norm": "iltēn",
                    "pos": "NU",
                    "epos": "NU"
                  }
                },
                {
                  "node": "d",
                  "type": "line-start",
                  "ref": "P238510.28",
                  "n": "12'",
                  "label": "r 12'"
                },
                {
                  "node": "l",
                  "frag": "liš-al",
                  "id": "P238510.l01f1d",
                  "ref": "P238510.28.1",
                  "inst": "lišʾal[ask]V",
                  "sig": "@saao/saa17%akk-x-neobab:liš-al=šâlu[ask//ask]V'V$lišʾal",
                  "f": {
                    "lang": "akk-x-neobab",
                    "form": "liš-al",
                    "cf": "šâlu",
                    "gw": "ask",
                    "sense": "ask",
                    "norm": "lišʾal",
                    "pos": "V",
                    "epos": "V"
                  }
                },
                {
                  "node": "l",
                  "frag": "a-[na",
                  "id": "P238510.l01f1e",
                  "ref": "P238510.28.2",
                  "inst": "ana[to]PRP",
                  "sig": "@saao/saa17%akk-x-neobab:a-na=ana[to//to]PRP'PRP$ana",
                  "f": {
                    "lang": "akk-x-neobab",
                    "form": "a-na",
                    "cf": "ana",
                    "gw": "to",
                    "sense": "to",
                    "norm": "ana",
                    "pos": "PRP",
                    "epos": "PRP"
                  }
                },
                {
                  "node": "l",
                  "frag": "LUGAL",
                  "id": "P238510.l01f1f",
                  "ref": "P238510.28.3",
                  "inst": "šarri[king]N",
                  "sig": "@saao/saa17%akk-x-neobab:LUGAL=šarru[king//king]N'N$šarri",
                  "f": {
                    "lang": "akk-x-neobab",
                    "form": "LUGAL",
                    "cf": "šarru",
                    "gw": "king",
                    "sense": "king",
                    "norm": "šarri",
                    "pos": "N",
                    "epos": "N"
                  }
                },
                {
                  "node": "l",
                  "frag": "be-li₂-ia]",
                  "id": "P238510.l01f20",
                  "ref": "P238510.28.4",
                  "inst": "bēlīya[lord]N",
                  "sig": "@saao/saa17%akk-x-neobab:be-li₂-ia=bēlu[lord//lord]N'N$bēlīya",
                  "f": {
                    "lang": "akk-x-neobab",
                    "form": "be-li₂-ia",
                    "cf": "bēlu",
                    "gw": "lord",
                    "sense": "lord",
                    "norm": "bēlīya",
                    "pos": "N",
                    "epos": "N"
                  }
                },
                {
                  "node": "d",
                  "type": "line-start",
                  "ref": "P238510.29",
                  "n": "13'",
                  "label": "r 13'"
                },
                {
                  "node": "l",
                  "frag": "liq-[bi]",
                  "id": "P238510.l01f21",
                  "ref": "P238510.29.1",
                  "inst": "liqbi[say]V",
                  "sig": "@saao/saa17%akk-x-neobab:liq-bi=qabû[say//say]V'V$liqbi",
                  "f": {
                    "lang": "akk-x-neobab",
                    "form": "liq-bi",
                    "cf": "qabû",
                    "gw": "say",
                    "sense": "say",
                    "norm": "liqbi",
                    "pos": "V",
                    "epos": "V"
                  }
                }
              ]
            }
          ]
        }
      ]
    },
    {
      "linkbase": [
        {
          "type": "linkset",
          "xlink_title": "rab kiṣri[centurion//cohort commander]N'N",
          "id": "P238510.ls00000",
          "xlink_type": "extended",
          "xlink_role": "psu",
          "sig": "{{LU₂}GAL-ki-ṣir = rabû[big one]N kiṣru[knot]N += rab kiṣri[centurion//cohort commander]N'N}::@saao/saa10%akk-x-neobab:{LU₂}GAL-ki-ṣir=rabû[big one//big one]N'N$rab++@saao/saa10%akk-x-neobab:{LU₂}GAL-ki-ṣir=kiṣru[knot//knot]N'N$kiṣir",
          "links": [
            {
              "type": "link",
              "xlink_title": "rabû",
              "xlink_type": "locator",
              "xlink_href": "#P238510.l01f1a",
              "xlink_role": "elt"
            },
            {
              "type": "link",
              "xlink_title": "kiṣru",
              "xlink_type": "locator",
              "xlink_href": "#P238510.l01f1b",
              "xlink_role": "elt"
            }
          ]
        }
      ]
    }
  ]
}
