{
  "type": "cdl",
  "source": "http://oracc.org/saao/saa17",
  "license": "This data is released under the CC0 license",
  "license-url": "https://creativecommons.org/publicdomain/zero/1.0/",
  "more-info": "http://oracc.org/doc/opendata/",
  "UTC-timestamp": "2017-06-10T00:58:25",
  "project": "saao/saa17",
  "textid": "P239286",
  "cdl": [
    {
      "node": "c",
      "type": "text",
      "id": "P239286.U0",
      "cdl": [
        {
          "node": "d",
          "type": "object",
          "ref": ""
        },
        {
          "node": "d",
          "type": "surface",
          "ref": ""
        },
        {
          "node": "d",
          "type": "nonx",
          "ref": "P239286.1",
          "strict": "0",
          "extent": "beginning",
          "state": "missing"
        },
        {
          "node": "c",
          "type": "discourse",
          "subtype": "body",
          "id": "P239286.U1",
          "cdl": [
            {
              "node": "c",
              "type": "sentence",
              "id": "P239286.U2",
              "label": "1' - r 6'",
              "cdl": [
                {
                  "node": "d",
                  "type": "line-start",
                  "ref": "P239286.2",
                  "n": "1'",
                  "label": "1'"
                },
                {
                  "node": "l",
                  "frag": "[x",
                  "id": "P239286.l06b73",
                  "ref": "P239286.2.1",
                  "inst": "u",
                  "f": {
                    "lang": "akk-x-neobab",
                    "form": "x",
                    "pos": "u"
                  }
                },
                {
                  "node": "l",
                  "frag": "x",
                  "id": "P239286.l06b74",
                  "ref": "P239286.2.2",
                  "inst": "u",
                  "f": {
                    "lang": "akk-x-neobab",
                    "form": "x",
                    "pos": "u"
                  }
                },
                {
                  "node": "l",
                  "frag": "be-li₂",
                  "id": "P239286.l06b75",
                  "ref": "P239286.2.3",
                  "inst": "bēlī[lord]N",
                  "sig": "@saao/saa17%akk-x-neobab:be-li₂=bēlu[lord//lord]N'N$bēlī",
                  "f": {
                    "lang": "akk-x-neobab",
                    "form": "be-li₂",
                    "cf": "bēlu",
                    "gw": "lord",
                    "sense": "lord",
                    "norm": "bēlī",
                    "pos": "N",
                    "epos": "N"
                  }
                },
                {
                  "node": "l",
                  "frag": "la",
                  "id": "P239286.l06b76",
                  "ref": "P239286.2.4",
                  "inst": "lā[not]MOD",
                  "sig": "@saao/saa17%akk-x-neobab:la=lā[not//not]MOD'MOD$lā",
                  "f": {
                    "lang": "akk-x-neobab",
                    "form": "la",
                    "cf": "lā",
                    "gw": "not",
                    "sense": "not",
                    "norm": "lā",
                    "pos": "MOD",
                    "epos": "MOD"
                  }
                },
                {
                  "node": "l",
                  "frag": "u₂]-maš-⸢šar-an⸣-na-šu₂",
                  "id": "P239286.l06b77",
                  "ref": "P239286.2.5",
                  "inst": "ašāru[sink down//forsake]V$umaššarannāšu",
                  "sig": "@saao/saa17%akk-x-neobab:u₂-maš-šar-an-na-šu₂=ašāru[sink down//forsake]V'V$umaššarannāšu",
                  "f": {
                    "lang": "akk-x-neobab",
                    "form": "u₂-maš-šar-an-na-šu₂",
                    "cf": "ašāru",
                    "gw": "sink down",
                    "sense": "forsake",
                    "norm": "umaššarannāšu",
                    "pos": "V",
                    "epos": "V"
                  }
                },
                {
                  "node": "d",
                  "type": "line-start",
                  "ref": "P239286.3",
                  "n": "2'",
                  "label": "2'"
                },
                {
                  "node": "l",
                  "frag": "[x",
                  "id": "P239286.l06b78",
                  "ref": "P239286.3.1",
                  "inst": "u",
                  "f": {
                    "lang": "akk-x-neobab",
                    "form": "x",
                    "pos": "u"
                  }
                },
                {
                  "node": "l",
                  "frag": "x",
                  "id": "P239286.l06b79",
                  "ref": "P239286.3.2",
                  "inst": "u",
                  "f": {
                    "lang": "akk-x-neobab",
                    "form": "x",
                    "pos": "u"
                  }
                },
                {
                  "node": "l",
                  "frag": "x",
                  "id": "P239286.l06b7a",
                  "ref": "P239286.3.3",
                  "inst": "u",
                  "f": {
                    "lang": "akk-x-neobab",
                    "form": "x",
                    "pos": "u"
                  }
                },
                {
                  "node": "l",
                  "frag": "x]-an-na-šu₂",
                  "id": "P239286.l06b7b",
                  "ref": "P239286.3.4",
                  "inst": "u",
                  "f": {
                    "lang": "akk-x-neobab",
                    "form": "x-an-na-šu₂",
                    "pos": "u"
                  }
                },
                {
                  "node": "d",
                  "type": "line-start",
                  "ref": "P239286.4",
                  "n": "3'",
                  "label": "3'"
                },
                {
                  "node": "l",
                  "frag": "[x",
                  "id": "P239286.l06b7c",
                  "ref": "P239286.4.1",
                  "inst": "u",
                  "f": {
                    "lang": "akk-x-neobab",
                    "form": "x",
                    "pos": "u"
                  }
                },
                {
                  "node": "l",
                  "frag": "x",
                  "id": "P239286.l06b7d",
                  "ref": "P239286.4.2",
                  "inst": "u",
                  "f": {
                    "lang": "akk-x-neobab",
                    "form": "x",
                    "pos": "u"
                  }
                },
                {
                  "node": "l",
                  "frag": "x",
                  "id": "P239286.l06b7e",
                  "ref": "P239286.4.3",
                  "inst": "u",
                  "f": {
                    "lang": "akk-x-neobab",
                    "form": "x",
                    "pos": "u"
                  }
                },
                {
                  "node": "l",
                  "frag": "x]",
                  "id": "P239286.l06b7f",
                  "ref": "P239286.4.4",
                  "inst": "u",
                  "f": {
                    "lang": "akk-x-neobab",
                    "form": "x",
                    "pos": "u"
                  }
                },
                {
                  "node": "l",
                  "frag": "⸢E₂⸣",
                  "id": "P239286.l06b80",
                  "ref": "P239286.4.5",
                  "inst": "bītu[house]N$",
                  "sig": "@saao/saa17%akk-x-neobab:E₂=bītu[house//house]N'N$bītu",
                  "f": {
                    "lang": "akk-x-neobab",
                    "form": "E₂",
                    "cf": "bītu",
                    "gw": "house",
                    "sense": "house",
                    "norm": "bītu",
                    "pos": "N",
                    "epos": "N"
                  }
                },
                {
                  "node": "l",
                  "frag": "ša₂",
                  "id": "P239286.l06b81",
                  "ref": "P239286.4.6",
                  "inst": "ša[which]REL",
                  "sig": "@saao/saa17%akk-x-neobab:ša₂=ša[that//which]REL'REL$ša",
                  "f": {
                    "lang": "akk-x-neobab",
                    "form": "ša₂",
                    "cf": "ša",
                    "gw": "that",
                    "sense": "which",
                    "norm": "ša",
                    "pos": "REL",
                    "epos": "REL"
                  }
                },
                {
                  "node": "l",
                  "frag": "be-li₂",
                  "id": "P239286.l06b82",
                  "ref": "P239286.4.7",
                  "inst": "bēlī[lord]N",
                  "sig": "@saao/saa17%akk-x-neobab:be-li₂=bēlu[lord//lord]N'N$bēlī",
                  "f": {
                    "lang": "akk-x-neobab",
                    "form": "be-li₂",
                    "cf": "bēlu",
                    "gw": "lord",
                    "sense": "lord",
                    "norm": "bēlī",
                    "pos": "N",
                    "epos": "N"
                  }
                },
                {
                  "node": "d",
                  "type": "line-start",
                  "ref": "P239286.5",
                  "n": "4'",
                  "label": "4'"
                },
                {
                  "node": "l",
                  "frag": "[x",
                  "id": "P239286.l06b83",
                  "ref": "P239286.5.1",
                  "inst": "u",
                  "f": {
                    "lang": "akk-x-neobab",
                    "form": "x",
                    "pos": "u"
                  }
                },
                {
                  "node": "l",
                  "frag": "x",
                  "id": "P239286.l06b84",
                  "ref": "P239286.5.2",
                  "inst": "u",
                  "f": {
                    "lang": "akk-x-neobab",
                    "form": "x",
                    "pos": "u"
                  }
                },
                {
                  "node": "l",
                  "frag": "x",
                  "id": "P239286.l06b85",
                  "ref": "P239286.5.3",
                  "inst": "u",
                  "f": {
                    "lang": "akk-x-neobab",
                    "form": "x",
                    "pos": "u"
                  }
                },
                {
                  "node": "l",
                  "frag": "x]",
                  "id": "P239286.l06b86",
                  "ref": "P239286.5.4",
                  "inst": "u",
                  "f": {
                    "lang": "akk-x-neobab",
                    "form": "x",
                    "pos": "u"
                  }
                },
                {
                  "node": "l",
                  "frag": "lik-li",
                  "id": "P239286.l06b87",
                  "ref": "P239286.5.5",
                  "inst": "kalû[hold (back)]V$likli",
                  "sig": "@saao/saa17%akk-x-neobab:lik-li=kalû[hold (back)//hold (back)]V'V$likli",
                  "f": {
                    "lang": "akk-x-neobab",
                    "form": "lik-li",
                    "cf": "kalû",
                    "gw": "hold (back)",
                    "sense": "hold (back)",
                    "norm": "likli",
                    "pos": "V",
                    "epos": "V"
                  }
                },
                {
                  "node": "l",
                  "frag": "iṣ-ṣur-tu₂",
                  "id": "P239286.l06b88",
                  "ref": "P239286.5.6",
                  "inst": "iṣṣurtu[female bird]N$iṣṣūrtu",
                  "sig": "@saao/saa17%akk-x-neobab:iṣ-ṣur-tu₂=iṣṣurtu[female bird//female bird]N'N$iṣṣūrtu",
                  "f": {
                    "lang": "akk-x-neobab",
                    "form": "iṣ-ṣur-tu₂",
                    "cf": "iṣṣurtu",
                    "gw": "female bird",
                    "sense": "female bird",
                    "norm": "iṣṣūrtu",
                    "pos": "N",
                    "epos": "N"
                  }
                },
                {
                  "node": "d",
                  "type": "line-start",
                  "ref": "P239286.6",
                  "n": "5'",
                  "label": "5'"
                },
                {
                  "node": "l",
                  "frag": "[ša₂",
                  "id": "P239286.l06b89",
                  "ref": "P239286.6.1",
                  "inst": "ša[which]REL",
                  "sig": "@saao/saa17%akk-x-neobab:ša₂=ša[that//which]REL'REL$ša",
                  "f": {
                    "lang": "akk-x-neobab",
                    "form": "ša₂",
                    "cf": "ša",
                    "gw": "that",
                    "sense": "which",
                    "norm": "ša",
                    "pos": "REL",
                    "epos": "REL"
                  }
                },
                {
                  "node": "l",
                  "frag": "a-na]",
                  "id": "P239286.l06b8a",
                  "ref": "P239286.6.2",
                  "inst": "ana[to+=to]PRP$",
                  "sig": "@saao/saa17%akk-x-neobab:a-na=ana[to//to]PRP'PRP$ana",
                  "f": {
                    "lang": "akk-x-neobab",
                    "form": "a-na",
                    "cf": "ana",
                    "gw": "to",
                    "sense": "to",
                    "norm": "ana",
                    "pos": "PRP",
                    "epos": "PRP"
                  }
                },
                {
                  "node": "l",
                  "frag": "⸢UGU⸣",
                  "id": "P239286.l06b8b",
                  "ref": "P239286.6.3",
                  "inst": "muhhu[skull]N$muhhi",
                  "sig": "@saao/saa17%akk-x-neobab:UGU=muhhu[skull//skull]N'N$muhhi",
                  "f": {
                    "lang": "akk-x-neobab",
                    "form": "UGU",
                    "cf": "muhhu",
                    "gw": "skull",
                    "sense": "skull",
                    "norm": "muhhi",
                    "pos": "N",
                    "epos": "N"
                  }
                },
                {
                  "node": "l",
                  "frag": "LUGAL",
                  "id": "P239286.l06b8c",
                  "ref": "P239286.6.4",
                  "inst": "šarri[king]N",
                  "sig": "@saao/saa17%akk-x-neobab:LUGAL=šarru[king//king]N'N$šarri",
                  "f": {
                    "lang": "akk-x-neobab",
                    "form": "LUGAL",
                    "cf": "šarru",
                    "gw": "king",
                    "sense": "king",
                    "norm": "šarri",
                    "pos": "N",
                    "epos": "N"
                  }
                },
                {
                  "node": "l",
                  "frag": "iš-pu-ru-nu",
                  "id": "P239286.l06b8d",
                  "ref": "P239286.6.5",
                  "inst": "šapāru[send]V$išpurūnu",
                  "sig": "@saao/saa17%akk-x-neobab:iš-pu-ru-nu=šapāru[send//send]V'V$išpurūnu",
                  "f": {
                    "lang": "akk-x-neobab",
                    "form": "iš-pu-ru-nu",
                    "cf": "šapāru",
                    "gw": "send",
                    "sense": "send",
                    "norm": "išpurūnu",
                    "pos": "V",
                    "epos": "V"
                  }
                },
                {
                  "node": "d",
                  "type": "line-start",
                  "ref": "P239286.7",
                  "n": "6'",
                  "label": "6'"
                },
                {
                  "node": "l",
                  "frag": "[be-li₂",
                  "id": "P239286.l06b8e",
                  "ref": "P239286.7.1",
                  "inst": "bēlī[lord]N",
                  "sig": "@saao/saa17%akk-x-neobab:be-li₂=bēlu[lord//lord]N'N$bēlī",
                  "f": {
                    "lang": "akk-x-neobab",
                    "form": "be-li₂",
                    "cf": "bēlu",
                    "gw": "lord",
                    "sense": "lord",
                    "norm": "bēlī",
                    "pos": "N",
                    "epos": "N"
                  }
                },
                {
                  "node": "l",
                  "frag": "la]",
                  "id": "P239286.l06b8f",
                  "ref": "P239286.7.2",
                  "inst": "lā[not]MOD",
                  "sig": "@saao/saa17%akk-x-neobab:la=lā[not//not]MOD'MOD$lā",
                  "f": {
                    "lang": "akk-x-neobab",
                    "form": "la",
                    "cf": "lā",
                    "gw": "not",
                    "sense": "not",
                    "norm": "lā",
                    "pos": "MOD",
                    "epos": "MOD"
                  }
                },
                {
                  "node": "l",
                  "frag": "⸢ik⸣-kal-ši",
                  "id": "P239286.l06b90",
                  "ref": "P239286.7.3",
                  "inst": "akālu[eat]V$ikkalši",
                  "sig": "@saao/saa17%akk-x-neobab:ik-kal-ši=akālu[eat//eat]V'V$ikkalši",
                  "f": {
                    "lang": "akk-x-neobab",
                    "form": "ik-kal-ši",
                    "cf": "akālu",
                    "gw": "eat",
                    "sense": "eat",
                    "norm": "ikkalši",
                    "pos": "V",
                    "epos": "V"
                  }
                },
                {
                  "node": "d",
                  "type": "line-start",
                  "ref": "P239286.8",
                  "n": "7'",
                  "label": "7'"
                },
                {
                  "node": "l",
                  "frag": "[x",
                  "id": "P239286.l06b91",
                  "ref": "P239286.8.1",
                  "inst": "u",
                  "f": {
                    "lang": "akk-x-neobab",
                    "form": "x",
                    "pos": "u"
                  }
                },
                {
                  "node": "l",
                  "frag": "x",
                  "id": "P239286.l06b92",
                  "ref": "P239286.8.2",
                  "inst": "u",
                  "f": {
                    "lang": "akk-x-neobab",
                    "form": "x",
                    "pos": "u"
                  }
                },
                {
                  "node": "l",
                  "frag": "x",
                  "id": "P239286.l06b93",
                  "ref": "P239286.8.3",
                  "inst": "u",
                  "f": {
                    "lang": "akk-x-neobab",
                    "form": "x",
                    "pos": "u"
                  }
                },
                {
                  "node": "l",
                  "frag": "x]",
                  "id": "P239286.l06b94",
                  "ref": "P239286.8.4",
                  "inst": "u",
                  "f": {
                    "lang": "akk-x-neobab",
                    "form": "x",
                    "pos": "u"
                  }
                },
                {
                  "node": "l",
                  "frag": "uṣ-ṣa-bit",
                  "id": "P239286.l06b95",
                  "ref": "P239286.8.5",
                  "inst": "ṣabātu[seize]V$uṣṣabbit",
                  "sig": "@saao/saa17%akk-x-neobab:uṣ-ṣa-bit=ṣabātu[seize//seize]V'V$uṣṣabbit",
                  "f": {
                    "lang": "akk-x-neobab",
                    "form": "uṣ-ṣa-bit",
                    "cf": "ṣabātu",
                    "gw": "seize",
                    "sense": "seize",
                    "norm": "uṣṣabbit",
                    "pos": "V",
                    "epos": "V"
                  }
                },
                {
                  "node": "d",
                  "type": "line-start",
                  "ref": "P239286.9",
                  "n": "8'",
                  "label": "8'"
                },
                {
                  "node": "l",
                  "frag": "[x",
                  "id": "P239286.l06b96",
                  "ref": "P239286.9.1",
                  "inst": "u",
                  "f": {
                    "lang": "akk-x-neobab",
                    "form": "x",
                    "pos": "u"
                  }
                },
                {
                  "node": "l",
                  "frag": "x",
                  "id": "P239286.l06b97",
                  "ref": "P239286.9.2",
                  "inst": "u",
                  "f": {
                    "lang": "akk-x-neobab",
                    "form": "x",
                    "pos": "u"
                  }
                },
                {
                  "node": "l",
                  "frag": "x",
                  "id": "P239286.l06b98",
                  "ref": "P239286.9.3",
                  "inst": "u",
                  "f": {
                    "lang": "akk-x-neobab",
                    "form": "x",
                    "pos": "u"
                  }
                },
                {
                  "node": "l",
                  "frag": "x",
                  "id": "P239286.l06b99",
                  "ref": "P239286.9.4",
                  "inst": "u",
                  "f": {
                    "lang": "akk-x-neobab",
                    "form": "x",
                    "pos": "u"
                  }
                },
                {
                  "node": "l",
                  "frag": "x]",
                  "id": "P239286.l06b9a",
                  "ref": "P239286.9.5",
                  "inst": "u",
                  "f": {
                    "lang": "akk-x-neobab",
                    "form": "x",
                    "pos": "u"
                  }
                },
                {
                  "node": "l",
                  "frag": "⸢x",
                  "id": "P239286.l06b9b",
                  "ref": "P239286.9.6",
                  "inst": "u",
                  "f": {
                    "lang": "akk-x-neobab",
                    "form": "x",
                    "pos": "u"
                  }
                },
                {
                  "node": "l",
                  "frag": "x⸣",
                  "id": "P239286.l06b9c",
                  "ref": "P239286.9.7",
                  "inst": "u",
                  "f": {
                    "lang": "akk-x-neobab",
                    "form": "x",
                    "pos": "u"
                  }
                },
                {
                  "node": "l",
                  "frag": "[x]",
                  "id": "P239286.l06b9d",
                  "ref": "P239286.9.8",
                  "inst": "u",
                  "f": {
                    "lang": "akk-x-neobab",
                    "form": "x",
                    "pos": "u"
                  }
                },
                {
                  "node": "d",
                  "type": "nonx",
                  "ref": "P239286.10",
                  "strict": "0",
                  "extent": "rest",
                  "state": "missing"
                },
                {
                  "node": "d",
                  "subtype": "reverse",
                  "type": "reverse",
                  "ref": "P239286.r.11",
                  "label": "r"
                },
                {
                  "node": "d",
                  "type": "nonx",
                  "ref": "P239286.12",
                  "strict": "0",
                  "extent": "beginning",
                  "state": "missing"
                },
                {
                  "node": "d",
                  "type": "line-start",
                  "ref": "P239286.13",
                  "n": "1'",
                  "label": "r 1'"
                },
                {
                  "node": "l",
                  "frag": "[x",
                  "id": "P239286.l06b9e",
                  "ref": "P239286.13.1",
                  "inst": "u",
                  "f": {
                    "lang": "akk-x-neobab",
                    "form": "x",
                    "pos": "u"
                  }
                },
                {
                  "node": "l",
                  "frag": "x",
                  "id": "P239286.l06b9f",
                  "ref": "P239286.13.2",
                  "inst": "u",
                  "f": {
                    "lang": "akk-x-neobab",
                    "form": "x",
                    "pos": "u"
                  }
                },
                {
                  "node": "l",
                  "frag": "x",
                  "id": "P239286.l06ba0",
                  "ref": "P239286.13.3",
                  "inst": "u",
                  "f": {
                    "lang": "akk-x-neobab",
                    "form": "x",
                    "pos": "u"
                  }
                },
                {
                  "node": "l",
                  "frag": "x",
                  "id": "P239286.l06ba1",
                  "ref": "P239286.13.4",
                  "inst": "u",
                  "f": {
                    "lang": "akk-x-neobab",
                    "form": "x",
                    "pos": "u"
                  }
                },
                {
                  "node": "l",
                  "frag": "x",
                  "id": "P239286.l06ba2",
                  "ref": "P239286.13.5",
                  "inst": "u",
                  "f": {
                    "lang": "akk-x-neobab",
                    "form": "x",
                    "pos": "u"
                  }
                },
                {
                  "node": "l",
                  "frag": "x",
                  "id": "P239286.l06ba3",
                  "ref": "P239286.13.6",
                  "inst": "u",
                  "f": {
                    "lang": "akk-x-neobab",
                    "form": "x",
                    "pos": "u"
                  }
                },
                {
                  "node": "l",
                  "frag": "x]",
                  "id": "P239286.l06ba4",
                  "ref": "P239286.13.7",
                  "inst": "u",
                  "f": {
                    "lang": "akk-x-neobab",
                    "form": "x",
                    "pos": "u"
                  }
                },
                {
                  "node": "l",
                  "frag": "⸢x⸣+[x]",
                  "id": "P239286.l06ba5",
                  "ref": "P239286.13.8",
                  "inst": "u",
                  "f": {
                    "lang": "akk-x-neobab",
                    "form": "x+x",
                    "pos": "u"
                  }
                },
                {
                  "node": "d",
                  "type": "line-start",
                  "ref": "P239286.14",
                  "n": "2'",
                  "label": "r 2'"
                },
                {
                  "node": "l",
                  "frag": "[x",
                  "id": "P239286.l06ba6",
                  "ref": "P239286.14.1",
                  "inst": "u",
                  "f": {
                    "lang": "akk-x-neobab",
                    "form": "x",
                    "pos": "u"
                  }
                },
                {
                  "node": "l",
                  "frag": "x",
                  "id": "P239286.l06ba7",
                  "ref": "P239286.14.2",
                  "inst": "u",
                  "f": {
                    "lang": "akk-x-neobab",
                    "form": "x",
                    "pos": "u"
                  }
                },
                {
                  "node": "l",
                  "frag": "x",
                  "id": "P239286.l06ba8",
                  "ref": "P239286.14.3",
                  "inst": "u",
                  "f": {
                    "lang": "akk-x-neobab",
                    "form": "x",
                    "pos": "u"
                  }
                },
                {
                  "node": "l",
                  "frag": "x",
                  "id": "P239286.l06ba9",
                  "ref": "P239286.14.4",
                  "inst": "u",
                  "f": {
                    "lang": "akk-x-neobab",
                    "form": "x",
                    "pos": "u"
                  }
                },
                {
                  "node": "l",
                  "frag": "x",
                  "id": "P239286.l06baa",
                  "ref": "P239286.14.5",
                  "inst": "u",
                  "f": {
                    "lang": "akk-x-neobab",
                    "form": "x",
                    "pos": "u"
                  }
                },
                {
                  "node": "l",
                  "frag": "x]",
                  "id": "P239286.l06bab",
                  "ref": "P239286.14.6",
                  "inst": "u",
                  "f": {
                    "lang": "akk-x-neobab",
                    "form": "x",
                    "pos": "u"
                  }
                },
                {
                  "node": "l",
                  "frag": "⸢u₂⸣-ṣa-[a]",
                  "id": "P239286.l06bac",
                  "ref": "P239286.14.7",
                  "inst": "aṣû[go out//come out]V$uṣṣā",
                  "sig": "@saao/saa17%akk-x-neobab:u₂-ṣa-a=aṣû[go out//come out]V'V$uṣṣā",
                  "f": {
                    "lang": "akk-x-neobab",
                    "form": "u₂-ṣa-a",
                    "cf": "aṣû",
                    "gw": "go out",
                    "sense": "come out",
                    "norm": "uṣṣā",
                    "pos": "V",
                    "epos": "V"
                  }
                },
                {
                  "node": "d",
                  "type": "line-start",
                  "ref": "P239286.15",
                  "n": "3'",
                  "label": "r 3'"
                },
                {
                  "node": "l",
                  "frag": "[x",
                  "id": "P239286.l06bad",
                  "ref": "P239286.15.1",
                  "inst": "u",
                  "f": {
                    "lang": "akk-x-neobab",
                    "form": "x",
                    "pos": "u"
                  }
                },
                {
                  "node": "l",
                  "frag": "x",
                  "id": "P239286.l06bae",
                  "ref": "P239286.15.2",
                  "inst": "u",
                  "f": {
                    "lang": "akk-x-neobab",
                    "form": "x",
                    "pos": "u"
                  }
                },
                {
                  "node": "l",
                  "frag": "x]",
                  "id": "P239286.l06baf",
                  "ref": "P239286.15.3",
                  "inst": "u",
                  "f": {
                    "lang": "akk-x-neobab",
                    "form": "x",
                    "pos": "u"
                  }
                },
                {
                  "node": "l",
                  "frag": "⸢la⸣-a",
                  "id": "P239286.l06bb0",
                  "ref": "P239286.15.4",
                  "inst": "lā[not]MOD",
                  "sig": "@saao/saa17%akk-x-neobab:la-a=lā[not//not]MOD'MOD$lā",
                  "f": {
                    "lang": "akk-x-neobab",
                    "form": "la-a",
                    "cf": "lā",
                    "gw": "not",
                    "sense": "not",
                    "norm": "lā",
                    "pos": "MOD",
                    "epos": "MOD"
                  }
                },
                {
                  "node": "l",
                  "frag": "{giš}ŠUB.⸢BA⸣-a",
                  "id": "P239286.l06bb1",
                  "ref": "P239286.15.5",
                  "inst": "isqu[lot//prebend]N$isqā",
                  "sig": "@saao/saa17%akk-x-neobab:{GIŠ}ŠUB.BA-a=isqu[lot//prebend]N'N$isqā",
                  "f": {
                    "lang": "akk-x-neobab",
                    "form": "{GIŠ}ŠUB.BA-a",
                    "cf": "isqu",
                    "gw": "lot",
                    "sense": "prebend",
                    "norm": "isqā",
                    "pos": "N",
                    "epos": "N"
                  }
                },
                {
                  "node": "d",
                  "type": "line-start",
                  "ref": "P239286.16",
                  "n": "4'",
                  "label": "r 4'"
                },
                {
                  "node": "l",
                  "frag": "[la-a",
                  "id": "P239286.l06bb2",
                  "ref": "P239286.16.1",
                  "inst": "lā[not]MOD",
                  "sig": "@saao/saa17%akk-x-neobab:la-a=lā[not//not]MOD'MOD$lā",
                  "f": {
                    "lang": "akk-x-neobab",
                    "form": "la-a",
                    "cf": "lā",
                    "gw": "not",
                    "sense": "not",
                    "norm": "lā",
                    "pos": "MOD",
                    "epos": "MOD"
                  }
                },
                {
                  "node": "l",
                  "frag": "o]",
                  "id": "P239286.l06bb3",
                  "ref": "P239286.16.2",
                  "inst": "u",
                  "f": {
                    "lang": "akk-x-neobab",
                    "form": "o",
                    "pos": "u"
                  }
                },
                {
                  "node": "l",
                  "frag": "{⸢giš⸣}MA₂-a",
                  "id": "P239286.l06bb4",
                  "ref": "P239286.16.3",
                  "inst": "eleppu[ship//boat]N$eleppā",
                  "sig": "@saao/saa17%akk-x-neobab:{GIŠ}MA₂-a=eleppu[ship//boat]N'N$eleppā",
                  "f": {
                    "lang": "akk-x-neobab",
                    "form": "{GIŠ}MA₂-a",
                    "cf": "eleppu",
                    "gw": "ship",
                    "sense": "boat",
                    "norm": "eleppā",
                    "pos": "N",
                    "epos": "N"
                  }
                },
                {
                  "node": "d",
                  "type": "line-start",
                  "ref": "P239286.17",
                  "n": "5'",
                  "label": "r 5'"
                },
                {
                  "node": "l",
                  "frag": "[x",
                  "id": "P239286.l06bb5",
                  "ref": "P239286.17.1",
                  "inst": "u",
                  "f": {
                    "lang": "akk-x-neobab",
                    "form": "x",
                    "pos": "u"
                  }
                },
                {
                  "node": "l",
                  "frag": "x",
                  "id": "P239286.l06bb6",
                  "ref": "P239286.17.2",
                  "inst": "u",
                  "f": {
                    "lang": "akk-x-neobab",
                    "form": "x",
                    "pos": "u"
                  }
                },
                {
                  "node": "l",
                  "frag": "x",
                  "id": "P239286.l06bb7",
                  "ref": "P239286.17.3",
                  "inst": "u",
                  "f": {
                    "lang": "akk-x-neobab",
                    "form": "x",
                    "pos": "u"
                  }
                },
                {
                  "node": "l",
                  "frag": "x]-⸢ma⸣",
                  "id": "P239286.l06bb8",
                  "ref": "P239286.17.4",
                  "inst": "u",
                  "f": {
                    "lang": "akk-x-neobab",
                    "form": "x-ma",
                    "pos": "u"
                  }
                },
                {
                  "node": "l",
                  "frag": "a-na-ku",
                  "id": "P239286.l06bb9",
                  "ref": "P239286.17.5",
                  "inst": "anāku[I]IP",
                  "sig": "@saao/saa17%akk-x-neobab:a-na-ku=anāku[I//I]IP'IP$anāku",
                  "f": {
                    "lang": "akk-x-neobab",
                    "form": "a-na-ku",
                    "cf": "anāku",
                    "gw": "I",
                    "sense": "I",
                    "norm": "anāku",
                    "pos": "IP",
                    "epos": "IP"
                  }
                },
                {
                  "node": "d",
                  "type": "line-start",
                  "ref": "P239286.18",
                  "n": "6'",
                  "label": "r 6'"
                },
                {
                  "node": "l",
                  "frag": "[x",
                  "id": "P239286.l06bba",
                  "ref": "P239286.18.1",
                  "inst": "u",
                  "f": {
                    "lang": "akk-x-neobab",
                    "form": "x",
                    "pos": "u"
                  }
                },
                {
                  "node": "l",
                  "frag": "x",
                  "id": "P239286.l06bbb",
                  "ref": "P239286.18.2",
                  "inst": "u",
                  "f": {
                    "lang": "akk-x-neobab",
                    "form": "x",
                    "pos": "u"
                  }
                },
                {
                  "node": "l",
                  "frag": "be-li₂",
                  "id": "P239286.l06bbc",
                  "ref": "P239286.18.3",
                  "inst": "bēlī[lord]N",
                  "sig": "@saao/saa17%akk-x-neobab:be-li₂=bēlu[lord//lord]N'N$bēlī",
                  "f": {
                    "lang": "akk-x-neobab",
                    "form": "be-li₂",
                    "cf": "bēlu",
                    "gw": "lord",
                    "sense": "lord",
                    "norm": "bēlī",
                    "pos": "N",
                    "epos": "N"
                  }
                },
                {
                  "node": "l",
                  "frag": "la]",
                  "id": "P239286.l06bbd",
                  "ref": "P239286.18.4",
                  "inst": "lā[not]MOD",
                  "sig": "@saao/saa17%akk-x-neobab:la=lā[not//not]MOD'MOD$lā",
                  "f": {
                    "lang": "akk-x-neobab",
                    "form": "la",
                    "cf": "lā",
                    "gw": "not",
                    "sense": "not",
                    "norm": "lā",
                    "pos": "MOD",
                    "epos": "MOD"
                  }
                },
                {
                  "node": "l",
                  "frag": "u₂-maš-šar-an-ni",
                  "id": "P239286.l06bbe",
                  "ref": "P239286.18.5",
                  "inst": "ašāru[sink down//forsake]V$umaššaranni",
                  "sig": "@saao/saa17%akk-x-neobab:u₂-maš-šar-an-ni=ašāru[sink down//forsake]V'V$umaššaranni",
                  "f": {
                    "lang": "akk-x-neobab",
                    "form": "u₂-maš-šar-an-ni",
                    "cf": "ašāru",
                    "gw": "sink down",
                    "sense": "forsake",
                    "norm": "umaššaranni",
                    "pos": "V",
                    "epos": "V"
                  }
                },
                {
                  "node": "d",
                  "type": "nonx",
                  "ref": "P239286.19",
                  "strict": "0",
                  "extent": "rest",
                  "state": "missing"
                }
              ]
            }
          ]
        }
      ]
    }
  ]
}
