{
  "type": "cdl",
  "source": "http://oracc.org/saao/saa17",
  "license": "This data is released under the CC0 license",
  "license-url": "https://creativecommons.org/publicdomain/zero/1.0/",
  "more-info": "http://oracc.org/doc/opendata/",
  "UTC-timestamp": "2017-06-10T00:58:13",
  "project": "saao/saa17",
  "textid": "P240311",
  "cdl": [
    {
      "node": "c",
      "type": "text",
      "id": "P240311.U0",
      "cdl": [
        {
          "node": "d",
          "type": "object",
          "ref": ""
        },
        {
          "node": "d",
          "subtype": "obverse",
          "type": "obverse",
          "ref": "P240311.o.1",
          "label": "o"
        },
        {
          "node": "c",
          "type": "discourse",
          "subtype": "body",
          "id": "P240311.U1",
          "cdl": [
            {
              "node": "c",
              "type": "sentence",
              "id": "P240311.U2",
              "label": "o 1 - r 6",
              "cdl": [
                {
                  "node": "d",
                  "type": "line-start",
                  "ref": "P240311.2",
                  "n": "1",
                  "label": "o 1"
                },
                {
                  "node": "l",
                  "frag": "ARAD-ka",
                  "id": "P240311.l01301",
                  "ref": "P240311.2.1",
                  "inst": "aradka[servant]N",
                  "sig": "@saao/saa17%akk-x-neobab:ARAD-ka=ardu[slave//servant]N'N$aradka",
                  "f": {
                    "lang": "akk-x-neobab",
                    "form": "ARAD-ka",
                    "cf": "ardu",
                    "gw": "slave",
                    "sense": "servant",
                    "norm": "aradka",
                    "pos": "N",
                    "epos": "N"
                  }
                },
                {
                  "node": "l",
                  "frag": "{1}{d}EN-BA-ša₂",
                  "id": "P240311.l01302",
                  "ref": "P240311.2.2",
                  "inst": "Bel-iqiša[1]PN",
                  "sig": "@saao/saa17%akk-x-neobab:{1}{d}EN-BA-ša₂=Bel-iqiša[1//1]PN'PN$Bel-iqiša",
                  "f": {
                    "lang": "akk-x-neobab",
                    "form": "{1}{d}EN-BA-ša₂",
                    "cf": "Bel-iqiša",
                    "gw": "1",
                    "sense": "1",
                    "norm": "Bel-iqiša",
                    "pos": "PN",
                    "epos": "PN"
                  }
                },
                {
                  "node": "d",
                  "type": "line-start",
                  "ref": "P240311.3",
                  "n": "2",
                  "label": "o 2"
                },
                {
                  "node": "l",
                  "frag": "a-na",
                  "id": "P240311.l01303",
                  "ref": "P240311.3.1",
                  "inst": "ana[to]PRP",
                  "sig": "@saao/saa17%akk-x-neobab:a-na=ana[to//to]PRP'PRP$ana",
                  "f": {
                    "lang": "akk-x-neobab",
                    "form": "a-na",
                    "cf": "ana",
                    "gw": "to",
                    "sense": "to",
                    "norm": "ana",
                    "pos": "PRP",
                    "epos": "PRP"
                  }
                },
                {
                  "node": "l",
                  "frag": "di-na-an",
                  "id": "P240311.l01304",
                  "ref": "P240311.3.2",
                  "inst": "dinān[substitute]N",
                  "sig": "@saao/saa17%akk-x-neobab:di-na-an=dinānu[substitution//substitute]N'N$dinān",
                  "f": {
                    "lang": "akk-x-neobab",
                    "form": "di-na-an",
                    "cf": "dinānu",
                    "gw": "substitution",
                    "sense": "substitute",
                    "norm": "dinān",
                    "pos": "N",
                    "epos": "N"
                  }
                },
                {
                  "node": "l",
                  "frag": "LUGAL",
                  "id": "P240311.l01305",
                  "ref": "P240311.3.3",
                  "inst": "šarru[king]N$šar",
                  "sig": "@saao/saa17%akk-x-neobab:LUGAL=šarru[king//king]N'N$šar",
                  "f": {
                    "lang": "akk-x-neobab",
                    "form": "LUGAL",
                    "cf": "šarru",
                    "gw": "king",
                    "sense": "king",
                    "norm": "šar",
                    "pos": "N",
                    "epos": "N"
                  }
                },
                {
                  "node": "l",
                  "frag": "⸢kiš⸣-ša₂-ti",
                  "id": "P240311.l01306",
                  "ref": "P240311.3.4",
                  "inst": "kiššati[world]N",
                  "sig": "@saao/saa17%akk-x-neobab:kiš-ša₂-ti=kiššatu[totality//world]N'N$kiššati",
                  "f": {
                    "lang": "akk-x-neobab",
                    "form": "kiš-ša₂-ti",
                    "cf": "kiššatu",
                    "gw": "totality",
                    "sense": "world",
                    "norm": "kiššati",
                    "pos": "N",
                    "epos": "N"
                  }
                },
                {
                  "node": "d",
                  "type": "line-start",
                  "ref": "P240311.4",
                  "n": "3",
                  "label": "o 3"
                },
                {
                  "node": "l",
                  "frag": "be-li₂-ia",
                  "id": "P240311.l01307",
                  "ref": "P240311.4.1",
                  "inst": "bēlīya[lord]N",
                  "sig": "@saao/saa17%akk-x-neobab:be-li₂-ia=bēlu[lord//lord]N'N$bēlīya",
                  "f": {
                    "lang": "akk-x-neobab",
                    "form": "be-li₂-ia",
                    "cf": "bēlu",
                    "gw": "lord",
                    "sense": "lord",
                    "norm": "bēlīya",
                    "pos": "N",
                    "epos": "N"
                  }
                },
                {
                  "node": "l",
                  "frag": "lul-lik",
                  "id": "P240311.l01308",
                  "ref": "P240311.4.2",
                  "inst": "lullik[go]V",
                  "sig": "@saao/saa17%akk-x-neobab:lul-lik=alāku[go//go]V'V$lullik",
                  "f": {
                    "lang": "akk-x-neobab",
                    "form": "lul-lik",
                    "cf": "alāku",
                    "gw": "go",
                    "sense": "go",
                    "norm": "lullik",
                    "pos": "V",
                    "epos": "V"
                  }
                },
                {
                  "node": "l",
                  "frag": "{d}AG",
                  "id": "P240311.l01309",
                  "ref": "P240311.4.3",
                  "inst": "Nabu[1]DN",
                  "sig": "@saao/saa17%akk-x-neobab:{d}AG=Nabu[1//1]DN'DN$Nabu",
                  "f": {
                    "lang": "akk-x-neobab",
                    "form": "{d}AG",
                    "cf": "Nabu",
                    "gw": "1",
                    "sense": "1",
                    "norm": "Nabu",
                    "pos": "DN",
                    "epos": "DN"
                  }
                },
                {
                  "node": "l",
                  "frag": "u",
                  "id": "P240311.l0130a",
                  "ref": "P240311.4.4",
                  "inst": "u[and]CNJ",
                  "sig": "@saao/saa17%akk-x-neobab:u=u[and//and]CNJ'CNJ$u",
                  "f": {
                    "lang": "akk-x-neobab",
                    "form": "u",
                    "cf": "u",
                    "gw": "and",
                    "sense": "and",
                    "norm": "u",
                    "pos": "CNJ",
                    "epos": "CNJ"
                  }
                },
                {
                  "node": "l",
                  "frag": "{d}AMAR.UTU",
                  "id": "P240311.l0130b",
                  "ref": "P240311.4.5",
                  "inst": "Marduk[1]DN",
                  "sig": "@saao/saa17%akk-x-neobab:{d}AMAR.UTU=Marduk[1//1]DN'DN$Marduk",
                  "f": {
                    "lang": "akk-x-neobab",
                    "form": "{d}AMAR.UTU",
                    "cf": "Marduk",
                    "gw": "1",
                    "sense": "1",
                    "norm": "Marduk",
                    "pos": "DN",
                    "epos": "DN"
                  }
                },
                {
                  "node": "d",
                  "type": "line-start",
                  "ref": "P240311.5",
                  "n": "4",
                  "label": "o 4"
                },
                {
                  "node": "l",
                  "frag": "a-na",
                  "id": "P240311.l0130c",
                  "ref": "P240311.5.1",
                  "inst": "ana[to]PRP",
                  "sig": "@saao/saa17%akk-x-neobab:a-na=ana[to//to]PRP'PRP$ana",
                  "f": {
                    "lang": "akk-x-neobab",
                    "form": "a-na",
                    "cf": "ana",
                    "gw": "to",
                    "sense": "to",
                    "norm": "ana",
                    "pos": "PRP",
                    "epos": "PRP"
                  }
                },
                {
                  "node": "l",
                  "frag": "LUGAL",
                  "id": "P240311.l0130d",
                  "ref": "P240311.5.2",
                  "inst": "šarri[king]N",
                  "sig": "@saao/saa17%akk-x-neobab:LUGAL=šarru[king//king]N'N$šarri",
                  "f": {
                    "lang": "akk-x-neobab",
                    "form": "LUGAL",
                    "cf": "šarru",
                    "gw": "king",
                    "sense": "king",
                    "norm": "šarri",
                    "pos": "N",
                    "epos": "N"
                  }
                },
                {
                  "node": "l",
                  "frag": "be-li₂-ia",
                  "id": "P240311.l0130e",
                  "ref": "P240311.5.3",
                  "inst": "bēlīya[lord]N",
                  "sig": "@saao/saa17%akk-x-neobab:be-li₂-ia=bēlu[lord//lord]N'N$bēlīya",
                  "f": {
                    "lang": "akk-x-neobab",
                    "form": "be-li₂-ia",
                    "cf": "bēlu",
                    "gw": "lord",
                    "sense": "lord",
                    "norm": "bēlīya",
                    "pos": "N",
                    "epos": "N"
                  }
                },
                {
                  "node": "l",
                  "frag": "lik-ru-bu",
                  "id": "P240311.l0130f",
                  "ref": "P240311.5.4",
                  "inst": "karābu[pray//bless]V$likrubū",
                  "sig": "@saao/saa17%akk-x-neobab:lik-ru-bu=karābu[pray//bless]V'V$likrubū",
                  "f": {
                    "lang": "akk-x-neobab",
                    "form": "lik-ru-bu",
                    "cf": "karābu",
                    "gw": "pray",
                    "sense": "bless",
                    "norm": "likrubū",
                    "pos": "V",
                    "epos": "V"
                  }
                },
                {
                  "node": "d",
                  "type": "line-start",
                  "ref": "P240311.6",
                  "n": "5",
                  "label": "o 5"
                },
                {
                  "node": "l",
                  "frag": "um-ma-a",
                  "id": "P240311.l01310",
                  "ref": "P240311.6.1",
                  "inst": "umma[saying]PRP$ummā",
                  "sig": "@saao/saa17%akk-x-neobab:um-ma-a=umma[saying//saying]PRP'PRP$ummā",
                  "f": {
                    "lang": "akk-x-neobab",
                    "form": "um-ma-a",
                    "cf": "umma",
                    "gw": "saying",
                    "sense": "saying",
                    "norm": "ummā",
                    "pos": "PRP",
                    "epos": "PRP"
                  }
                },
                {
                  "node": "l",
                  "frag": "a-na",
                  "id": "P240311.l01311",
                  "ref": "P240311.6.2",
                  "inst": "ana[to]PRP",
                  "sig": "@saao/saa17%akk-x-neobab:a-na=ana[to//to]PRP'PRP$ana",
                  "f": {
                    "lang": "akk-x-neobab",
                    "form": "a-na",
                    "cf": "ana",
                    "gw": "to",
                    "sense": "to",
                    "norm": "ana",
                    "pos": "PRP",
                    "epos": "PRP"
                  }
                },
                {
                  "node": "l",
                  "frag": "LUGAL",
                  "id": "P240311.l01312",
                  "ref": "P240311.6.3",
                  "inst": "šarri[king]N",
                  "sig": "@saao/saa17%akk-x-neobab:LUGAL=šarru[king//king]N'N$šarri",
                  "f": {
                    "lang": "akk-x-neobab",
                    "form": "LUGAL",
                    "cf": "šarru",
                    "gw": "king",
                    "sense": "king",
                    "norm": "šarri",
                    "pos": "N",
                    "epos": "N"
                  }
                },
                {
                  "node": "l",
                  "frag": "be-li₂-ia-a-ma",
                  "id": "P240311.l01313",
                  "ref": "P240311.6.4",
                  "inst": "bēlīyāma[lord]N",
                  "sig": "@saao/saa17%akk-x-neobab:be-li₂-ia-a-ma=bēlu[lord//lord]N'N$bēlīyāma",
                  "f": {
                    "lang": "akk-x-neobab",
                    "form": "be-li₂-ia-a-ma",
                    "cf": "bēlu",
                    "gw": "lord",
                    "sense": "lord",
                    "norm": "bēlīyāma",
                    "pos": "N",
                    "epos": "N"
                  }
                },
                {
                  "node": "d",
                  "type": "line-start",
                  "ref": "P240311.7",
                  "n": "6",
                  "label": "o 6"
                },
                {
                  "node": "l",
                  "frag": "05",
                  "id": "P240311.l01314",
                  "ref": "P240311.7.1",
                  "inst": "n",
                  "f": {
                    "lang": "akk-x-neobab",
                    "form": "05",
                    "pos": "n"
                  }
                },
                {
                  "node": "l",
                  "frag": "ITI-MEŠ",
                  "id": "P240311.l01315",
                  "ref": "P240311.7.2",
                  "inst": "arhu[month]N$arhāni",
                  "sig": "@saao/saa17%akk-x-neobab:ITI-MEŠ=arhu[month//month]N'N$arhāni",
                  "f": {
                    "lang": "akk-x-neobab",
                    "form": "ITI-MEŠ",
                    "cf": "arhu",
                    "gw": "month",
                    "sense": "month",
                    "norm": "arhāni",
                    "pos": "N",
                    "epos": "N"
                  }
                },
                {
                  "node": "l",
                  "frag": "a-ga-a",
                  "id": "P240311.l01316",
                  "ref": "P240311.7.3",
                  "inst": "agâ[this]DP",
                  "sig": "@saao/saa17%akk-x-neobab:a-ga-a=agâ[this//this]DP'DP$agâ",
                  "f": {
                    "lang": "akk-x-neobab",
                    "form": "a-ga-a",
                    "cf": "agâ",
                    "gw": "this",
                    "sense": "this",
                    "norm": "agâ",
                    "pos": "DP",
                    "epos": "DP"
                  }
                },
                {
                  "node": "l",
                  "frag": "pa-an",
                  "id": "P240311.l01317",
                  "ref": "P240311.7.4",
                  "inst": "pānu[front+=wait for someone]N$pān",
                  "sig": "@saao/saa17%akk-x-neobab:pa-an=pānu[front//front]N'N$pān",
                  "f": {
                    "lang": "akk-x-neobab",
                    "form": "pa-an",
                    "cf": "pānu",
                    "gw": "front",
                    "sense": "front",
                    "norm": "pān",
                    "pos": "N",
                    "epos": "N"
                  }
                },
                {
                  "node": "l",
                  "frag": "ṭe₃-e-mi",
                  "id": "P240311.l01318",
                  "ref": "P240311.7.5",
                  "inst": "-+ṭēmu[(fore)thought//report]N$ṭēmi",
                  "sig": "@saao/saa17%akk-x-neobab:ṭe₃-e-mi=ṭēmu[(fore)thought//report]N'N$ṭēmi",
                  "f": {
                    "lang": "akk-x-neobab",
                    "form": "ṭe₃-e-mi",
                    "cf": "ṭēmu",
                    "gw": "(fore)thought",
                    "sense": "report",
                    "norm": "ṭēmi",
                    "pos": "N",
                    "epos": "N"
                  }
                },
                {
                  "node": "d",
                  "type": "line-start",
                  "ref": "P240311.8",
                  "n": "7",
                  "label": "o 7"
                },
                {
                  "node": "l",
                  "frag": "ša₂",
                  "id": "P240311.l01319",
                  "ref": "P240311.8.1",
                  "inst": "-ša[of]DET",
                  "sig": "@saao/saa17%akk-x-neobab:ša₂=ša[of//of]DET'DET$ša",
                  "f": {
                    "lang": "akk-x-neobab",
                    "form": "ša₂",
                    "cf": "ša",
                    "gw": "of",
                    "sense": "of",
                    "norm": "ša",
                    "pos": "DET",
                    "epos": "DET"
                  }
                },
                {
                  "node": "l",
                  "frag": "LUGAL",
                  "id": "P240311.l0131a",
                  "ref": "P240311.8.2",
                  "inst": "-šarri[king]N",
                  "sig": "@saao/saa17%akk-x-neobab:LUGAL=šarru[king//king]N'N$šarri",
                  "f": {
                    "lang": "akk-x-neobab",
                    "form": "LUGAL",
                    "cf": "šarru",
                    "gw": "king",
                    "sense": "king",
                    "norm": "šarri",
                    "pos": "N",
                    "epos": "N"
                  }
                },
                {
                  "node": "l",
                  "frag": "be-li₂-ia",
                  "id": "P240311.l0131b",
                  "ref": "P240311.8.3",
                  "inst": "-bēlīya[lord]N",
                  "sig": "@saao/saa17%akk-x-neobab:be-li₂-ia=bēlu[lord//lord]N'N$bēlīya",
                  "f": {
                    "lang": "akk-x-neobab",
                    "form": "be-li₂-ia",
                    "cf": "bēlu",
                    "gw": "lord",
                    "sense": "lord",
                    "norm": "bēlīya",
                    "pos": "N",
                    "epos": "N"
                  }
                },
                {
                  "node": "l",
                  "frag": "ad-da-gal",
                  "id": "P240311.l0131c",
                  "ref": "P240311.8.4",
                  "inst": "addagal[see]V",
                  "sig": "@saao/saa17%akk-x-neobab:ad-da-gal=dagālu[see//see]V'V$addagal",
                  "f": {
                    "lang": "akk-x-neobab",
                    "form": "ad-da-gal",
                    "cf": "dagālu",
                    "gw": "see",
                    "sense": "see",
                    "norm": "addagal",
                    "pos": "V",
                    "epos": "V"
                  }
                },
                {
                  "node": "d",
                  "type": "line-start",
                  "ref": "P240311.9",
                  "n": "8",
                  "label": "o 8"
                },
                {
                  "node": "l",
                  "frag": "u₃",
                  "id": "P240311.l0131d",
                  "ref": "P240311.9.1",
                  "inst": "u[and]CNJ",
                  "sig": "@saao/saa17%akk-x-neobab:u₃=u[and//and]CNJ'CNJ$u",
                  "f": {
                    "lang": "akk-x-neobab",
                    "form": "u₃",
                    "cf": "u",
                    "gw": "and",
                    "sense": "and",
                    "norm": "u",
                    "pos": "CNJ",
                    "epos": "CNJ"
                  }
                },
                {
                  "node": "l",
                  "frag": "en-na",
                  "id": "P240311.l0131e",
                  "ref": "P240311.9.2",
                  "inst": "enna[now]AV",
                  "sig": "@saao/saa17%akk-x-neobab:en-na=enna[now//now]AV'AV$enna",
                  "f": {
                    "lang": "akk-x-neobab",
                    "form": "en-na",
                    "cf": "enna",
                    "gw": "now",
                    "sense": "now",
                    "norm": "enna",
                    "pos": "AV",
                    "epos": "AV"
                  }
                },
                {
                  "node": "l",
                  "frag": "{d}EN",
                  "id": "P240311.l0131f",
                  "ref": "P240311.9.3",
                  "inst": "Bel[1]DN",
                  "sig": "@saao/saa17%akk-x-neobab:{d}EN=Bel[1//1]DN'DN$Bel",
                  "f": {
                    "lang": "akk-x-neobab",
                    "form": "{d}EN",
                    "cf": "Bel",
                    "gw": "1",
                    "sense": "1",
                    "norm": "Bel",
                    "pos": "DN",
                    "epos": "DN"
                  }
                },
                {
                  "node": "l",
                  "frag": "u",
                  "id": "P240311.l01320",
                  "ref": "P240311.9.4",
                  "inst": "u[and]CNJ",
                  "sig": "@saao/saa17%akk-x-neobab:u=u[and//and]CNJ'CNJ$u",
                  "f": {
                    "lang": "akk-x-neobab",
                    "form": "u",
                    "cf": "u",
                    "gw": "and",
                    "sense": "and",
                    "norm": "u",
                    "pos": "CNJ",
                    "epos": "CNJ"
                  }
                },
                {
                  "node": "l",
                  "frag": "{d}AG",
                  "id": "P240311.l01321",
                  "ref": "P240311.9.5",
                  "inst": "Nabu[1]DN",
                  "sig": "@saao/saa17%akk-x-neobab:{d}AG=Nabu[1//1]DN'DN$Nabu",
                  "f": {
                    "lang": "akk-x-neobab",
                    "form": "{d}AG",
                    "cf": "Nabu",
                    "gw": "1",
                    "sense": "1",
                    "norm": "Nabu",
                    "pos": "DN",
                    "epos": "DN"
                  }
                },
                {
                  "node": "l",
                  "frag": "ki-i",
                  "id": "P240311.l01322",
                  "ref": "P240311.9.6",
                  "inst": "kî[like//that]PRP'SBJ",
                  "sig": "@saao/saa17%akk-x-neobab:ki-i=kī[like//that]PRP'SBJ$kî",
                  "f": {
                    "lang": "akk-x-neobab",
                    "form": "ki-i",
                    "cf": "kī",
                    "gw": "like",
                    "sense": "that",
                    "norm": "kî",
                    "pos": "PRP",
                    "epos": "SBJ"
                  }
                },
                {
                  "node": "l",
                  "frag": "[o]",
                  "id": "P240311.l01323",
                  "ref": "P240311.9.7",
                  "inst": "u",
                  "f": {
                    "lang": "akk-x-neobab",
                    "form": "o",
                    "pos": "u"
                  }
                },
                {
                  "node": "d",
                  "type": "line-start",
                  "ref": "P240311.10",
                  "n": "9",
                  "label": "o 9"
                },
                {
                  "node": "l",
                  "frag": "u₂-šal-li-mu",
                  "id": "P240311.l01324",
                  "ref": "P240311.10.1",
                  "inst": "šalāmu[be(come) healthy//complete]V$ušallimu",
                  "sig": "@saao/saa17%akk-x-neobab:u₂-šal-li-mu=šalāmu[be(come) healthy//complete]V'V$ušallimu",
                  "f": {
                    "lang": "akk-x-neobab",
                    "form": "u₂-šal-li-mu",
                    "cf": "šalāmu",
                    "gw": "be(come) healthy",
                    "sense": "complete",
                    "norm": "ušallimu",
                    "pos": "V",
                    "epos": "V"
                  }
                },
                {
                  "node": "l",
                  "frag": "ina",
                  "id": "P240311.l01325",
                  "ref": "P240311.10.2",
                  "inst": "ina[in]PRP",
                  "sig": "@saao/saa17%akk-x-neobab:ina=ina[in//in]PRP'PRP$ina",
                  "f": {
                    "lang": "akk-x-neobab",
                    "form": "ina",
                    "cf": "ina",
                    "gw": "in",
                    "sense": "in",
                    "norm": "ina",
                    "pos": "PRP",
                    "epos": "PRP"
                  }
                },
                {
                  "node": "l",
                  "frag": "ša₂-lim-ti",
                  "id": "P240311.l01326",
                  "ref": "P240311.10.3",
                  "inst": "šalimtu[well-being//safely]N'AV$šalimti",
                  "sig": "@saao/saa17%akk-x-neobab:ša₂-lim-ti=šalimtu[well-being//safely]N'AV$šalimti",
                  "f": {
                    "lang": "akk-x-neobab",
                    "form": "ša₂-lim-ti",
                    "cf": "šalimtu",
                    "gw": "well-being",
                    "sense": "safely",
                    "norm": "šalimti",
                    "pos": "N",
                    "epos": "AV"
                  }
                },
                {
                  "node": "l",
                  "frag": "⸢gi⸣-[na-a]",
                  "id": "P240311.l01327",
                  "ref": "P240311.10.4",
                  "inst": "ginâ[constantly//as usual]AV$",
                  "sig": "@saao/saa17%akk-x-neobab:gi-na-a=ginâ[constantly//as usual]AV'AV$ginâ",
                  "f": {
                    "lang": "akk-x-neobab",
                    "form": "gi-na-a",
                    "cf": "ginâ",
                    "gw": "constantly",
                    "sense": "as usual",
                    "norm": "ginâ",
                    "pos": "AV",
                    "epos": "AV"
                  }
                },
                {
                  "node": "d",
                  "type": "line-start",
                  "ref": "P240311.11",
                  "n": "10",
                  "label": "o 10"
                },
                {
                  "node": "l",
                  "frag": "a-na",
                  "id": "P240311.l01328",
                  "ref": "P240311.11.1",
                  "inst": "ana[to]PRP",
                  "sig": "@saao/saa17%akk-x-neobab:a-na=ana[to//to]PRP'PRP$ana",
                  "f": {
                    "lang": "akk-x-neobab",
                    "form": "a-na",
                    "cf": "ana",
                    "gw": "to",
                    "sense": "to",
                    "norm": "ana",
                    "pos": "PRP",
                    "epos": "PRP"
                  }
                },
                {
                  "node": "l",
                  "frag": "{uru}ka-lah₃",
                  "id": "P240311.l01329",
                  "ref": "P240311.11.2",
                  "inst": "Kalhu[1]GN$Kalah",
                  "sig": "@saao/saa17%akk-x-neobab:{URU}ka-lah₃=Kalhu[1//1]GN'GN$Kalah",
                  "f": {
                    "lang": "akk-x-neobab",
                    "form": "{URU}ka-lah₃",
                    "cf": "Kalhu",
                    "gw": "1",
                    "sense": "1",
                    "norm": "Kalah",
                    "pos": "GN",
                    "epos": "GN"
                  }
                },
                {
                  "node": "l",
                  "frag": "it-<ta>-la-[ak]",
                  "id": "P240311.l0132a",
                  "ref": "P240311.11.3",
                  "inst": "ittalak[go]V",
                  "sig": "@saao/saa17%akk-x-neobab:it-ta-la-ak=alāku[go//go]V'V$ittalak",
                  "f": {
                    "lang": "akk-x-neobab",
                    "form": "it-ta-la-ak",
                    "cf": "alāku",
                    "gw": "go",
                    "sense": "go",
                    "norm": "ittalak",
                    "pos": "V",
                    "epos": "V"
                  }
                },
                {
                  "node": "d",
                  "type": "line-start",
                  "ref": "P240311.12",
                  "n": "11",
                  "label": "o 11"
                },
                {
                  "node": "l",
                  "frag": "{lu₂}TUR-MEŠ-ia",
                  "id": "P240311.l0132b",
                  "ref": "P240311.12.1",
                  "inst": "ṣehru[small//young boy]AJ'N$ṣehrēya",
                  "sig": "@saao/saa17%akk-x-neobab:{LU₂}TUR-MEŠ-ia=ṣehru[small//young boy]AJ'N$ṣehrēya",
                  "f": {
                    "lang": "akk-x-neobab",
                    "form": "{LU₂}TUR-MEŠ-ia",
                    "cf": "ṣehru",
                    "gw": "small",
                    "sense": "young boy",
                    "norm": "ṣehrēya",
                    "pos": "AJ",
                    "epos": "N"
                  }
                },
                {
                  "node": "l",
                  "frag": "gab-bi",
                  "id": "P240311.l0132c",
                  "ref": "P240311.12.2",
                  "inst": "gabbi[all]N",
                  "sig": "@saao/saa17%akk-x-neobab:gab-bi=gabbu[totality//all]N'N$gabbi",
                  "f": {
                    "lang": "akk-x-neobab",
                    "form": "gab-bi",
                    "cf": "gabbu",
                    "gw": "totality",
                    "sense": "all",
                    "norm": "gabbi",
                    "pos": "N",
                    "epos": "N"
                  }
                },
                {
                  "node": "l",
                  "frag": "ša₂",
                  "id": "P240311.l0132d",
                  "ref": "P240311.12.3",
                  "inst": "ša[who]REL",
                  "sig": "@saao/saa17%akk-x-neobab:ša₂=ša[that//who]REL'REL$ša",
                  "f": {
                    "lang": "akk-x-neobab",
                    "form": "ša₂",
                    "cf": "ša",
                    "gw": "that",
                    "sense": "who",
                    "norm": "ša",
                    "pos": "REL",
                    "epos": "REL"
                  }
                },
                {
                  "node": "l",
                  "frag": "A-MEŠ",
                  "id": "P240311.l0132e",
                  "ref": "P240311.12.4",
                  "inst": "mê[water]N",
                  "sig": "@saao/saa17%akk-x-neobab:A-MEŠ=mû[water//water]N'N$mê",
                  "f": {
                    "lang": "akk-x-neobab",
                    "form": "A-MEŠ",
                    "cf": "mû",
                    "gw": "water",
                    "sense": "water",
                    "norm": "mê",
                    "pos": "N",
                    "epos": "N"
                  }
                },
                {
                  "node": "l",
                  "frag": "[o]",
                  "id": "P240311.l0132f",
                  "ref": "P240311.12.5",
                  "inst": "u",
                  "f": {
                    "lang": "akk-x-neobab",
                    "form": "o",
                    "pos": "u"
                  }
                },
                {
                  "node": "d",
                  "type": "line-start",
                  "ref": "P240311.13",
                  "n": "12",
                  "label": "o 12"
                },
                {
                  "node": "l",
                  "frag": "i-šaq-qu-in-ni",
                  "id": "P240311.l01330",
                  "ref": "P240311.13.1",
                  "inst": "+šaqû[give to drink]V$išaqqûʾinni",
                  "sig": "@saao/saa17%akk-x-neobab:i-šaq-qu-in-ni=šaqû[give to drink//give to drink]V'V$išaqqûʾinni",
                  "f": {
                    "lang": "akk-x-neobab",
                    "form": "i-šaq-qu-in-ni",
                    "cf": "šaqû",
                    "gw": "give to drink",
                    "sense": "give to drink",
                    "norm": "išaqqûʾinni",
                    "pos": "V",
                    "epos": "V"
                  }
                },
                {
                  "node": "l",
                  "frag": "ih-tal-⸢qu⸣",
                  "id": "P240311.l01331",
                  "ref": "P240311.13.2",
                  "inst": "ihtalqu[run away]V",
                  "sig": "@saao/saa17%akk-x-neobab:ih-tal-qu=halāqu[be(come) lost//run away]V'V$ihtalqu",
                  "f": {
                    "lang": "akk-x-neobab",
                    "form": "ih-tal-qu",
                    "cf": "halāqu",
                    "gw": "be(come) lost",
                    "sense": "run away",
                    "norm": "ihtalqu",
                    "pos": "V",
                    "epos": "V"
                  }
                },
                {
                  "node": "l",
                  "frag": "[o]",
                  "id": "P240311.l01332",
                  "ref": "P240311.13.3",
                  "inst": "u",
                  "f": {
                    "lang": "akk-x-neobab",
                    "form": "o",
                    "pos": "u"
                  }
                },
                {
                  "node": "d",
                  "type": "line-start",
                  "ref": "P240311.14",
                  "n": "13",
                  "label": "o 13"
                },
                {
                  "node": "l",
                  "frag": "u₃",
                  "id": "P240311.l01333",
                  "ref": "P240311.14.1",
                  "inst": "u[and]CNJ",
                  "sig": "@saao/saa17%akk-x-neobab:u₃=u[and//and]CNJ'CNJ$u",
                  "f": {
                    "lang": "akk-x-neobab",
                    "form": "u₃",
                    "cf": "u",
                    "gw": "and",
                    "sense": "and",
                    "norm": "u",
                    "pos": "CNJ",
                    "epos": "CNJ"
                  }
                },
                {
                  "node": "l",
                  "frag": "UN-MEŠ-ia",
                  "id": "P240311.l01334",
                  "ref": "P240311.14.2",
                  "inst": "nišu[people]N$nišīya",
                  "sig": "@saao/saa17%akk-x-neobab:UN-MEŠ-ia=nišu[people//people]N'N$nišīya",
                  "f": {
                    "lang": "akk-x-neobab",
                    "form": "UN-MEŠ-ia",
                    "cf": "nišu",
                    "gw": "people",
                    "sense": "people",
                    "norm": "nišīya",
                    "pos": "N",
                    "epos": "N"
                  }
                },
                {
                  "node": "l",
                  "frag": "ša₂",
                  "id": "P240311.l01335",
                  "ref": "P240311.14.3",
                  "inst": "ša[who]REL",
                  "sig": "@saao/saa17%akk-x-neobab:ša₂=ša[that//who]REL'REL$ša",
                  "f": {
                    "lang": "akk-x-neobab",
                    "form": "ša₂",
                    "cf": "ša",
                    "gw": "that",
                    "sense": "who",
                    "norm": "ša",
                    "pos": "REL",
                    "epos": "REL"
                  }
                },
                {
                  "node": "l",
                  "frag": "i-na",
                  "id": "P240311.l01336",
                  "ref": "P240311.14.4",
                  "inst": "ina[in]PRP",
                  "sig": "@saao/saa17%akk-x-neobab:i-na=ina[in//in]PRP'PRP$ina",
                  "f": {
                    "lang": "akk-x-neobab",
                    "form": "i-na",
                    "cf": "ina",
                    "gw": "in",
                    "sense": "in",
                    "norm": "ina",
                    "pos": "PRP",
                    "epos": "PRP"
                  }
                },
                {
                  "node": "l",
                  "frag": "{uru}⸢ka⸣-[lah₃]",
                  "id": "P240311.l01337",
                  "ref": "P240311.14.5",
                  "inst": "Kalah[1]GN",
                  "sig": "@saao/saa17%akk-x-neobab:{URU}ka-lah₃=Kalhu[1//1]GN'GN$Kalah",
                  "f": {
                    "lang": "akk-x-neobab",
                    "form": "{URU}ka-lah₃",
                    "cf": "Kalhu",
                    "gw": "1",
                    "sense": "1",
                    "norm": "Kalah",
                    "pos": "GN",
                    "epos": "GN"
                  }
                },
                {
                  "node": "d",
                  "type": "line-start",
                  "ref": "P240311.15",
                  "n": "14",
                  "label": "o 14"
                },
                {
                  "node": "l",
                  "frag": "⸢na⸣-kut-tu",
                  "id": "P240311.l01338",
                  "ref": "P240311.15.1",
                  "inst": "nakuttu[critical situation]N",
                  "sig": "@saao/saa17%akk-x-neobab:na-kut-tu=naquttu[critical situation//critical situation]N'N$nakuttu",
                  "f": {
                    "lang": "akk-x-neobab",
                    "form": "na-kut-tu",
                    "cf": "naquttu",
                    "gw": "critical situation",
                    "sense": "critical situation",
                    "norm": "nakuttu",
                    "pos": "N",
                    "epos": "N"
                  }
                },
                {
                  "node": "l",
                  "frag": "ir-ta-šu-u₂",
                  "id": "P240311.l01339",
                  "ref": "P240311.15.2",
                  "inst": "rašû[acquire]V$irtašû",
                  "sig": "@saao/saa17%akk-x-neobab:ir-ta-šu-u₂=rašû[acquire//acquire]V'V$irtašû",
                  "f": {
                    "lang": "akk-x-neobab",
                    "form": "ir-ta-šu-u₂",
                    "cf": "rašû",
                    "gw": "acquire",
                    "sense": "acquire",
                    "norm": "irtašû",
                    "pos": "V",
                    "epos": "V"
                  }
                },
                {
                  "node": "l",
                  "frag": "[o]",
                  "id": "P240311.l0133a",
                  "ref": "P240311.15.3",
                  "inst": "u",
                  "f": {
                    "lang": "akk-x-neobab",
                    "form": "o",
                    "pos": "u"
                  }
                },
                {
                  "node": "d",
                  "type": "line-start",
                  "ref": "P240311.16",
                  "n": "15",
                  "label": "o 15"
                },
                {
                  "node": "l",
                  "frag": "a-di",
                  "id": "P240311.l0133b",
                  "ref": "P240311.16.1",
                  "inst": "adi[until]PRP",
                  "sig": "@saao/saa17%akk-x-neobab:a-di=adi[until//until]PRP'PRP$adi",
                  "f": {
                    "lang": "akk-x-neobab",
                    "form": "a-di",
                    "cf": "adi",
                    "gw": "until",
                    "sense": "until",
                    "norm": "adi",
                    "pos": "PRP",
                    "epos": "PRP"
                  }
                },
                {
                  "node": "l",
                  "frag": "la",
                  "id": "P240311.l0133c",
                  "ref": "P240311.16.2",
                  "inst": "lā[not]MOD",
                  "sig": "@saao/saa17%akk-x-neobab:la=lā[not//not]MOD'MOD$lā",
                  "f": {
                    "lang": "akk-x-neobab",
                    "form": "la",
                    "cf": "lā",
                    "gw": "not",
                    "sense": "not",
                    "norm": "lā",
                    "pos": "MOD",
                    "epos": "MOD"
                  }
                },
                {
                  "node": "l",
                  "frag": "ku-ṣi",
                  "id": "P240311.l0133d",
                  "ref": "P240311.16.3",
                  "inst": "kūṣi[cold]N",
                  "sig": "@saao/saa17%akk-x-neobab:ku-ṣi=kūṣu[coldness//cold]N'N$kūṣi",
                  "f": {
                    "lang": "akk-x-neobab",
                    "form": "ku-ṣi",
                    "cf": "kūṣu",
                    "gw": "coldness",
                    "sense": "cold",
                    "norm": "kūṣi",
                    "pos": "N",
                    "epos": "N"
                  }
                },
                {
                  "node": "l",
                  "frag": "i-kaš-ša₂-du",
                  "id": "P240311.l0133e",
                  "ref": "P240311.16.4",
                  "inst": "kašādu[reach]V$ikaššadu",
                  "sig": "@saao/saa17%akk-x-neobab:i-kaš-ša₂-du=kašādu[reach//reach]V'V$ikaššadu",
                  "f": {
                    "lang": "akk-x-neobab",
                    "form": "i-kaš-ša₂-du",
                    "cf": "kašādu",
                    "gw": "reach",
                    "sense": "reach",
                    "norm": "ikaššadu",
                    "pos": "V",
                    "epos": "V"
                  }
                },
                {
                  "node": "l",
                  "frag": "[o]",
                  "id": "P240311.l0133f",
                  "ref": "P240311.16.5",
                  "inst": "u",
                  "f": {
                    "lang": "akk-x-neobab",
                    "form": "o",
                    "pos": "u"
                  }
                },
                {
                  "node": "d",
                  "type": "line-start",
                  "ref": "P240311.17",
                  "n": "16",
                  "label": "o 16"
                },
                {
                  "node": "l",
                  "frag": "LUGAL",
                  "id": "P240311.l01340",
                  "ref": "P240311.17.1",
                  "inst": "šarru[king]N",
                  "sig": "@saao/saa17%akk-x-neobab:LUGAL=šarru[king//king]N'N$šarru",
                  "f": {
                    "lang": "akk-x-neobab",
                    "form": "LUGAL",
                    "cf": "šarru",
                    "gw": "king",
                    "sense": "king",
                    "norm": "šarru",
                    "pos": "N",
                    "epos": "N"
                  }
                },
                {
                  "node": "l",
                  "frag": "liq-bi-ma",
                  "id": "P240311.l01341",
                  "ref": "P240311.17.2",
                  "inst": "qabû[say]V$liqbīma",
                  "sig": "@saao/saa17%akk-x-neobab:liq-bi-ma=qabû[say//say]V'V$liqbīma",
                  "f": {
                    "lang": "akk-x-neobab",
                    "form": "liq-bi-ma",
                    "cf": "qabû",
                    "gw": "say",
                    "sense": "say",
                    "norm": "liqbīma",
                    "pos": "V",
                    "epos": "V"
                  }
                },
                {
                  "node": "l",
                  "frag": "KASKAL.2",
                  "id": "P240311.l01342",
                  "ref": "P240311.17.3",
                  "inst": "harrānu[way//road]N$harrāna",
                  "sig": "@saao/saa17%akk-x-neobab:KASKAL.2=harrānu[way//road]N'N$harrāna",
                  "f": {
                    "lang": "akk-x-neobab",
                    "form": "KASKAL.2",
                    "cf": "harrānu",
                    "gw": "way",
                    "sense": "road",
                    "norm": "harrāna",
                    "pos": "N",
                    "epos": "N"
                  }
                },
                {
                  "node": "l",
                  "frag": "a-na",
                  "id": "P240311.l01343",
                  "ref": "P240311.17.4",
                  "inst": "ana[to]PRP",
                  "sig": "@saao/saa17%akk-x-neobab:a-na=ana[to//to]PRP'PRP$ana",
                  "f": {
                    "lang": "akk-x-neobab",
                    "form": "a-na",
                    "cf": "ana",
                    "gw": "to",
                    "sense": "to",
                    "norm": "ana",
                    "pos": "PRP",
                    "epos": "PRP"
                  }
                },
                {
                  "node": "l",
                  "frag": "[GIR₃.2-šu₂-nu]",
                  "id": "P240311.l01344",
                  "ref": "P240311.17.5",
                  "inst": "šēpēšunu[foot]N",
                  "sig": "@saao/saa17%akk-x-neobab:GIR₃.2-šu₂-nu=šēpu[foot//foot]N'N$šēpēšunu",
                  "f": {
                    "lang": "akk-x-neobab",
                    "form": "GIR₃.2-šu₂-nu",
                    "cf": "šēpu",
                    "gw": "foot",
                    "sense": "foot",
                    "norm": "šēpēšunu",
                    "pos": "N",
                    "epos": "N"
                  }
                },
                {
                  "node": "d",
                  "type": "line-start",
                  "ref": "P240311.18",
                  "n": "17",
                  "label": "o 17"
                },
                {
                  "node": "l",
                  "frag": "liš-ku-nu-⸢ma⸣",
                  "id": "P240311.l01345",
                  "ref": "P240311.18.1",
                  "inst": "šakānu[put//place]V$liškunūma",
                  "sig": "@saao/saa17%akk-x-neobab:liš-ku-nu-ma=šakānu[put//place]V'V$liškunūma",
                  "f": {
                    "lang": "akk-x-neobab",
                    "form": "liš-ku-nu-ma",
                    "cf": "šakānu",
                    "gw": "put",
                    "sense": "place",
                    "norm": "liškunūma",
                    "pos": "V",
                    "epos": "V"
                  }
                },
                {
                  "node": "l",
                  "frag": "[x",
                  "id": "P240311.l01346",
                  "ref": "P240311.18.2",
                  "inst": "u",
                  "f": {
                    "lang": "akk-x-neobab",
                    "form": "x",
                    "pos": "u"
                  }
                },
                {
                  "node": "l",
                  "frag": "x",
                  "id": "P240311.l01347",
                  "ref": "P240311.18.3",
                  "inst": "u",
                  "f": {
                    "lang": "akk-x-neobab",
                    "form": "x",
                    "pos": "u"
                  }
                },
                {
                  "node": "l",
                  "frag": "x",
                  "id": "P240311.l01348",
                  "ref": "P240311.18.4",
                  "inst": "u",
                  "f": {
                    "lang": "akk-x-neobab",
                    "form": "x",
                    "pos": "u"
                  }
                },
                {
                  "node": "l",
                  "frag": "x",
                  "id": "P240311.l01349",
                  "ref": "P240311.18.5",
                  "inst": "u",
                  "f": {
                    "lang": "akk-x-neobab",
                    "form": "x",
                    "pos": "u"
                  }
                },
                {
                  "node": "l",
                  "frag": "x]",
                  "id": "P240311.l0134a",
                  "ref": "P240311.18.6",
                  "inst": "u",
                  "f": {
                    "lang": "akk-x-neobab",
                    "form": "x",
                    "pos": "u"
                  }
                },
                {
                  "node": "d",
                  "type": "nonx",
                  "ref": "P240311.19",
                  "strict": "0",
                  "state": "other"
                },
                {
                  "node": "d",
                  "type": "line-start",
                  "ref": "P240311.20",
                  "n": "18",
                  "label": "o 18"
                },
                {
                  "node": "l",
                  "frag": "⸢x⸣+[x",
                  "id": "P240311.l0134b",
                  "ref": "P240311.20.1",
                  "inst": "u",
                  "f": {
                    "lang": "akk-x-neobab",
                    "form": "x+x",
                    "pos": "u"
                  }
                },
                {
                  "node": "l",
                  "frag": "x",
                  "id": "P240311.l0134c",
                  "ref": "P240311.20.2",
                  "inst": "u",
                  "f": {
                    "lang": "akk-x-neobab",
                    "form": "x",
                    "pos": "u"
                  }
                },
                {
                  "node": "l",
                  "frag": "x",
                  "id": "P240311.l0134d",
                  "ref": "P240311.20.3",
                  "inst": "u",
                  "f": {
                    "lang": "akk-x-neobab",
                    "form": "x",
                    "pos": "u"
                  }
                },
                {
                  "node": "l",
                  "frag": "x",
                  "id": "P240311.l0134e",
                  "ref": "P240311.20.4",
                  "inst": "u",
                  "f": {
                    "lang": "akk-x-neobab",
                    "form": "x",
                    "pos": "u"
                  }
                },
                {
                  "node": "l",
                  "frag": "x",
                  "id": "P240311.l0134f",
                  "ref": "P240311.20.5",
                  "inst": "u",
                  "f": {
                    "lang": "akk-x-neobab",
                    "form": "x",
                    "pos": "u"
                  }
                },
                {
                  "node": "l",
                  "frag": "x",
                  "id": "P240311.l01350",
                  "ref": "P240311.20.6",
                  "inst": "u",
                  "f": {
                    "lang": "akk-x-neobab",
                    "form": "x",
                    "pos": "u"
                  }
                },
                {
                  "node": "l",
                  "frag": "x",
                  "id": "P240311.l01351",
                  "ref": "P240311.20.7",
                  "inst": "u",
                  "f": {
                    "lang": "akk-x-neobab",
                    "form": "x",
                    "pos": "u"
                  }
                },
                {
                  "node": "l",
                  "frag": "x",
                  "id": "P240311.l01352",
                  "ref": "P240311.20.8",
                  "inst": "u",
                  "f": {
                    "lang": "akk-x-neobab",
                    "form": "x",
                    "pos": "u"
                  }
                },
                {
                  "node": "l",
                  "frag": "x]",
                  "id": "P240311.l01353",
                  "ref": "P240311.20.9",
                  "inst": "u",
                  "f": {
                    "lang": "akk-x-neobab",
                    "form": "x",
                    "pos": "u"
                  }
                },
                {
                  "node": "d",
                  "type": "nonx",
                  "ref": "P240311.21",
                  "strict": "0",
                  "extent": "rest",
                  "state": "missing"
                },
                {
                  "node": "d",
                  "subtype": "reverse",
                  "type": "reverse",
                  "ref": "P240311.r.22",
                  "label": "r"
                },
                {
                  "node": "d",
                  "type": "line-start",
                  "ref": "P240311.23",
                  "n": "1",
                  "label": "r 1"
                },
                {
                  "node": "c",
                  "type": "phrase",
                  "tag": "phr",
                  "id": "P240311.U4",
                  "ref": "P240311.ls00000",
                  "cdl": [
                    {
                      "node": "l",
                      "frag": "am-mi₃-ni",
                      "id": "P240311.l01354",
                      "ref": "P240311.23.1",
                      "cof-tails": "P240311.l01355",
                      "inst": "ana[to]PRP$ana&mīnu[what?]QP$mīni",
                      "exosig": "@saao/saa17%akk-x-neobab:am-mi₃-ni=ana[to//to]PRP'PRP$ana&&@saao%akk-x-neobab:=mīnu[what?//what?]QP'QP$mīni",
                      "f": {
                        "lang": "akk-x-neobab",
                        "form": "am-mi₃-ni",
                        "cf": "ana",
                        "gw": "to",
                        "sense": "to",
                        "norm": "ana",
                        "pos": "PRP",
                        "epos": "PRP"
                      }
                    },
                    {
                      "node": "l",
                      "frag": "am-mi₃-ni",
                      "id": "P240311.l01355",
                      "ref": "P240311.23.1",
                      "cof-head": "P240311.l01354",
                      "inst": "ana[to]PRP$ana&mīnu[what?]QP$mīni",
                      "tail-sig": "@saao%akk-x-neobab:=mīnu[what?//what?]QP'QP$mīni",
                      "f": {
                        "lang": "akk-x-neobab",
                        "form": "am-mi₃-ni",
                        "cf": "mīnu",
                        "gw": "what?",
                        "sense": "what?",
                        "norm": "mīni",
                        "pos": "QP",
                        "epos": "QP"
                      }
                    }
                  ]
                },
                {
                  "node": "l",
                  "frag": "⸢x⸣+[x",
                  "id": "P240311.l01356",
                  "ref": "P240311.23.2",
                  "inst": "u",
                  "f": {
                    "lang": "akk-x-neobab",
                    "form": "x+x",
                    "pos": "u"
                  }
                },
                {
                  "node": "l",
                  "frag": "x",
                  "id": "P240311.l01357",
                  "ref": "P240311.23.3",
                  "inst": "u",
                  "f": {
                    "lang": "akk-x-neobab",
                    "form": "x",
                    "pos": "u"
                  }
                },
                {
                  "node": "l",
                  "frag": "x",
                  "id": "P240311.l01358",
                  "ref": "P240311.23.4",
                  "inst": "u",
                  "f": {
                    "lang": "akk-x-neobab",
                    "form": "x",
                    "pos": "u"
                  }
                },
                {
                  "node": "l",
                  "frag": "x",
                  "id": "P240311.l01359",
                  "ref": "P240311.23.5",
                  "inst": "u",
                  "f": {
                    "lang": "akk-x-neobab",
                    "form": "x",
                    "pos": "u"
                  }
                },
                {
                  "node": "l",
                  "frag": "x",
                  "id": "P240311.l0135a",
                  "ref": "P240311.23.6",
                  "inst": "u",
                  "f": {
                    "lang": "akk-x-neobab",
                    "form": "x",
                    "pos": "u"
                  }
                },
                {
                  "node": "l",
                  "frag": "x]",
                  "id": "P240311.l0135b",
                  "ref": "P240311.23.7",
                  "inst": "u",
                  "f": {
                    "lang": "akk-x-neobab",
                    "form": "x",
                    "pos": "u"
                  }
                },
                {
                  "node": "d",
                  "type": "line-start",
                  "ref": "P240311.24",
                  "n": "2",
                  "label": "r 2"
                },
                {
                  "node": "l",
                  "frag": "LUGAL",
                  "id": "P240311.l0135c",
                  "ref": "P240311.24.1",
                  "inst": "šarri[king]N",
                  "sig": "@saao/saa17%akk-x-neobab:LUGAL=šarru[king//king]N'N$šarri",
                  "f": {
                    "lang": "akk-x-neobab",
                    "form": "LUGAL",
                    "cf": "šarru",
                    "gw": "king",
                    "sense": "king",
                    "norm": "šarri",
                    "pos": "N",
                    "epos": "N"
                  }
                },
                {
                  "node": "l",
                  "frag": "be-⸢li₂-ia⸣",
                  "id": "P240311.l0135d",
                  "ref": "P240311.24.2",
                  "inst": "bēlīya[lord]N",
                  "sig": "@saao/saa17%akk-x-neobab:be-li₂-ia=bēlu[lord//lord]N'N$bēlīya",
                  "f": {
                    "lang": "akk-x-neobab",
                    "form": "be-li₂-ia",
                    "cf": "bēlu",
                    "gw": "lord",
                    "sense": "lord",
                    "norm": "bēlīya",
                    "pos": "N",
                    "epos": "N"
                  }
                },
                {
                  "node": "l",
                  "frag": "[x",
                  "id": "P240311.l0135e",
                  "ref": "P240311.24.3",
                  "inst": "u",
                  "f": {
                    "lang": "akk-x-neobab",
                    "form": "x",
                    "pos": "u"
                  }
                },
                {
                  "node": "l",
                  "frag": "x",
                  "id": "P240311.l0135f",
                  "ref": "P240311.24.4",
                  "inst": "u",
                  "f": {
                    "lang": "akk-x-neobab",
                    "form": "x",
                    "pos": "u"
                  }
                },
                {
                  "node": "l",
                  "frag": "x",
                  "id": "P240311.l01360",
                  "ref": "P240311.24.5",
                  "inst": "u",
                  "f": {
                    "lang": "akk-x-neobab",
                    "form": "x",
                    "pos": "u"
                  }
                },
                {
                  "node": "l",
                  "frag": "x]",
                  "id": "P240311.l01361",
                  "ref": "P240311.24.6",
                  "inst": "u",
                  "f": {
                    "lang": "akk-x-neobab",
                    "form": "x",
                    "pos": "u"
                  }
                },
                {
                  "node": "d",
                  "type": "line-start",
                  "ref": "P240311.25",
                  "n": "3",
                  "label": "r 3"
                },
                {
                  "node": "l",
                  "frag": "u₃",
                  "id": "P240311.l01362",
                  "ref": "P240311.25.1",
                  "inst": "u[and]CNJ",
                  "sig": "@saao/saa17%akk-x-neobab:u₃=u[and//and]CNJ'CNJ$u",
                  "f": {
                    "lang": "akk-x-neobab",
                    "form": "u₃",
                    "cf": "u",
                    "gw": "and",
                    "sense": "and",
                    "norm": "u",
                    "pos": "CNJ",
                    "epos": "CNJ"
                  }
                },
                {
                  "node": "l",
                  "frag": "⸢LUGAL⸣",
                  "id": "P240311.l01363",
                  "ref": "P240311.25.2",
                  "inst": "šarru[king]N",
                  "sig": "@saao/saa17%akk-x-neobab:LUGAL=šarru[king//king]N'N$šarru",
                  "f": {
                    "lang": "akk-x-neobab",
                    "form": "LUGAL",
                    "cf": "šarru",
                    "gw": "king",
                    "sense": "king",
                    "norm": "šarru",
                    "pos": "N",
                    "epos": "N"
                  }
                },
                {
                  "node": "l",
                  "frag": "i-šem-[me",
                  "id": "P240311.l01364",
                  "ref": "P240311.25.3",
                  "inst": "išemme[hear]V",
                  "sig": "@saao/saa17%akk-x-neobab:i-šem-me=šemû[hear//hear]V'V$išemme",
                  "f": {
                    "lang": "akk-x-neobab",
                    "form": "i-šem-me",
                    "cf": "šemû",
                    "gw": "hear",
                    "sense": "hear",
                    "norm": "išemme",
                    "pos": "V",
                    "epos": "V"
                  }
                },
                {
                  "node": "l",
                  "frag": "x",
                  "id": "P240311.l01365",
                  "ref": "P240311.25.4",
                  "inst": "u",
                  "f": {
                    "lang": "akk-x-neobab",
                    "form": "x",
                    "pos": "u"
                  }
                },
                {
                  "node": "l",
                  "frag": "x",
                  "id": "P240311.l01366",
                  "ref": "P240311.25.5",
                  "inst": "u",
                  "f": {
                    "lang": "akk-x-neobab",
                    "form": "x",
                    "pos": "u"
                  }
                },
                {
                  "node": "l",
                  "frag": "x]",
                  "id": "P240311.l01367",
                  "ref": "P240311.25.6",
                  "inst": "u",
                  "f": {
                    "lang": "akk-x-neobab",
                    "form": "x",
                    "pos": "u"
                  }
                },
                {
                  "node": "d",
                  "type": "line-start",
                  "ref": "P240311.26",
                  "n": "4",
                  "label": "r 4"
                },
                {
                  "node": "l",
                  "frag": "04",
                  "id": "P240311.l01368",
                  "ref": "P240311.26.1",
                  "inst": "n",
                  "f": {
                    "lang": "akk-x-neobab",
                    "form": "04",
                    "pos": "n"
                  }
                },
                {
                  "node": "l",
                  "frag": "MU-MEŠ",
                  "id": "P240311.l01369",
                  "ref": "P240311.26.2",
                  "inst": "šattu[year]N$šanāti",
                  "sig": "@saao/saa17%akk-x-neobab:MU-MEŠ=šattu[year//year]N'N$šanāti",
                  "f": {
                    "lang": "akk-x-neobab",
                    "form": "MU-MEŠ",
                    "cf": "šattu",
                    "gw": "year",
                    "sense": "year",
                    "norm": "šanāti",
                    "pos": "N",
                    "epos": "N"
                  }
                },
                {
                  "node": "l",
                  "frag": "[a]-⸢ga⸣-a",
                  "id": "P240311.l0136a",
                  "ref": "P240311.26.3",
                  "inst": "agâ[this]DP",
                  "sig": "@saao/saa17%akk-x-neobab:a-ga-a=agâ[this//this]DP'DP$agâ",
                  "f": {
                    "lang": "akk-x-neobab",
                    "form": "a-ga-a",
                    "cf": "agâ",
                    "gw": "this",
                    "sense": "this",
                    "norm": "agâ",
                    "pos": "DP",
                    "epos": "DP"
                  }
                },
                {
                  "node": "l",
                  "frag": "ul-⸢tu⸣",
                  "id": "P240311.l0136b",
                  "ref": "P240311.26.4",
                  "inst": "ištu[from]PRP$ultu",
                  "sig": "@saao/saa17%akk-x-neobab:ul-tu=ištu[from//from]PRP'PRP$ultu",
                  "f": {
                    "lang": "akk-x-neobab",
                    "form": "ul-tu",
                    "cf": "ištu",
                    "gw": "from",
                    "sense": "from",
                    "norm": "ultu",
                    "pos": "PRP",
                    "epos": "PRP"
                  }
                },
                {
                  "node": "l",
                  "frag": "[o]",
                  "id": "P240311.l0136c",
                  "ref": "P240311.26.5",
                  "inst": "u",
                  "f": {
                    "lang": "akk-x-neobab",
                    "form": "o",
                    "pos": "u"
                  }
                },
                {
                  "node": "d",
                  "type": "line-start",
                  "ref": "P240311.27",
                  "n": "5",
                  "label": "r 5"
                },
                {
                  "node": "l",
                  "frag": "bi-it",
                  "id": "P240311.l0136d",
                  "ref": "P240311.27.1",
                  "inst": "bītu[house]N$bīt",
                  "sig": "@saao/saa17%akk-x-neobab:bi-it=bītu[house//house]N'N$bīt",
                  "f": {
                    "lang": "akk-x-neobab",
                    "form": "bi-it",
                    "cf": "bītu",
                    "gw": "house",
                    "sense": "house",
                    "norm": "bīt",
                    "pos": "N",
                    "epos": "N"
                  }
                },
                {
                  "node": "l",
                  "frag": "[ka]-⸢du⸣",
                  "id": "P240311.l0136e",
                  "ref": "P240311.27.2",
                  "inst": "kādu[fort]N",
                  "sig": "@saao/saa17%akk-x-neobab:ka-du=kādu[guard//fort]N'N$kādu",
                  "f": {
                    "lang": "akk-x-neobab",
                    "form": "ka-du",
                    "cf": "kādu",
                    "gw": "guard",
                    "sense": "fort",
                    "norm": "kādu",
                    "pos": "N",
                    "epos": "N"
                  }
                },
                {
                  "node": "l",
                  "frag": "ša₂",
                  "id": "P240311.l0136f",
                  "ref": "P240311.27.3",
                  "inst": "ša[of]DET",
                  "sig": "@saao/saa17%akk-x-neobab:ša₂=ša[of//of]DET'DET$ša",
                  "f": {
                    "lang": "akk-x-neobab",
                    "form": "ša₂",
                    "cf": "ša",
                    "gw": "of",
                    "sense": "of",
                    "norm": "ša",
                    "pos": "DET",
                    "epos": "DET"
                  }
                },
                {
                  "node": "l",
                  "frag": "LUGAL",
                  "id": "P240311.l01370",
                  "ref": "P240311.27.4",
                  "inst": "šarri[king]N",
                  "sig": "@saao/saa17%akk-x-neobab:LUGAL=šarru[king//king]N'N$šarri",
                  "f": {
                    "lang": "akk-x-neobab",
                    "form": "LUGAL",
                    "cf": "šarru",
                    "gw": "king",
                    "sense": "king",
                    "norm": "šarri",
                    "pos": "N",
                    "epos": "N"
                  }
                },
                {
                  "node": "l",
                  "frag": "a-[na-ṣar]",
                  "id": "P240311.l01371",
                  "ref": "P240311.27.5",
                  "inst": "anaṣṣar[keep guard]V",
                  "sig": "@saao/saa17%akk-x-neobab:a-na-ṣar=naṣāru[guard//keep guard]V'V$anaṣṣar",
                  "f": {
                    "lang": "akk-x-neobab",
                    "form": "a-na-ṣar",
                    "cf": "naṣāru",
                    "gw": "guard",
                    "sense": "keep guard",
                    "norm": "anaṣṣar",
                    "pos": "V",
                    "epos": "V"
                  }
                },
                {
                  "node": "d",
                  "type": "line-start",
                  "ref": "P240311.28",
                  "n": "6",
                  "label": "r 6"
                },
                {
                  "node": "c",
                  "type": "phrase",
                  "tag": "phr",
                  "id": "P240311.U5",
                  "ref": "P240311.ls00001",
                  "cdl": [
                    {
                      "node": "l",
                      "frag": "am-mi₃-⸢ni⸣",
                      "id": "P240311.l01372",
                      "ref": "P240311.28.1",
                      "cof-tails": "P240311.l01373",
                      "inst": "ana[to]PRP$ana&mīnu[what?]QP$mīni",
                      "exosig": "@saao/saa17%akk-x-neobab:am-mi₃-ni=ana[to//to]PRP'PRP$ana&&@saao%akk-x-neobab:=mīnu[what?//what?]QP'QP$mīni",
                      "f": {
                        "lang": "akk-x-neobab",
                        "form": "am-mi₃-ni",
                        "cf": "ana",
                        "gw": "to",
                        "sense": "to",
                        "norm": "ana",
                        "pos": "PRP",
                        "epos": "PRP"
                      }
                    },
                    {
                      "node": "l",
                      "frag": "am-mi₃-⸢ni⸣",
                      "id": "P240311.l01373",
                      "ref": "P240311.28.1",
                      "cof-head": "P240311.l01372",
                      "inst": "ana[to]PRP$ana&mīnu[what?]QP$mīni",
                      "tail-sig": "@saao%akk-x-neobab:=mīnu[what?//what?]QP'QP$mīni",
                      "f": {
                        "lang": "akk-x-neobab",
                        "form": "am-mi₃-ni",
                        "cf": "mīnu",
                        "gw": "what?",
                        "sense": "what?",
                        "norm": "mīni",
                        "pos": "QP",
                        "epos": "QP"
                      }
                    }
                  ]
                },
                {
                  "node": "l",
                  "frag": "a-⸢na⸣",
                  "id": "P240311.l01374",
                  "ref": "P240311.28.2",
                  "inst": "ana[to]PRP",
                  "sig": "@saao/saa17%akk-x-neobab:a-na=ana[to//to]PRP'PRP$ana",
                  "f": {
                    "lang": "akk-x-neobab",
                    "form": "a-na",
                    "cf": "ana",
                    "gw": "to",
                    "sense": "to",
                    "norm": "ana",
                    "pos": "PRP",
                    "epos": "PRP"
                  }
                },
                {
                  "node": "l",
                  "frag": "[x",
                  "id": "P240311.l01375",
                  "ref": "P240311.28.3",
                  "inst": "u",
                  "f": {
                    "lang": "akk-x-neobab",
                    "form": "x",
                    "pos": "u"
                  }
                },
                {
                  "node": "l",
                  "frag": "x",
                  "id": "P240311.l01376",
                  "ref": "P240311.28.4",
                  "inst": "u",
                  "f": {
                    "lang": "akk-x-neobab",
                    "form": "x",
                    "pos": "u"
                  }
                },
                {
                  "node": "l",
                  "frag": "x",
                  "id": "P240311.l01377",
                  "ref": "P240311.28.5",
                  "inst": "u",
                  "f": {
                    "lang": "akk-x-neobab",
                    "form": "x",
                    "pos": "u"
                  }
                },
                {
                  "node": "l",
                  "frag": "x",
                  "id": "P240311.l01378",
                  "ref": "P240311.28.6",
                  "inst": "u",
                  "f": {
                    "lang": "akk-x-neobab",
                    "form": "x",
                    "pos": "u"
                  }
                },
                {
                  "node": "l",
                  "frag": "x]",
                  "id": "P240311.l01379",
                  "ref": "P240311.28.7",
                  "inst": "u",
                  "f": {
                    "lang": "akk-x-neobab",
                    "form": "x",
                    "pos": "u"
                  }
                },
                {
                  "node": "d",
                  "type": "nonx",
                  "ref": "P240311.29",
                  "strict": "0",
                  "state": "other"
                }
              ]
            }
          ]
        }
      ]
    },
    {
      "linkbase": [
        {
          "type": "linkset",
          "xlink_title": "ana mīni[why?//why?]QP'QP",
          "id": "P240311.ls00000",
          "xlink_type": "extended",
          "xlink_role": "psu",
          "sig": "{ana[to]PRP mīnu[what?]QP += ana mīni[why?//why?]QP'QP}::@saao%akk-x-neobab:am-mi₃-ni=ana[to//to]PRP'PRP$ana++@saao%akk-x-neobab:am-mi₃-ni=mīnu[what?//what?]QP'QP$mīni",
          "links": [
            {
              "type": "link",
              "xlink_title": "ana",
              "xlink_type": "locator",
              "xlink_href": "#P240311.l01354",
              "xlink_role": "elt"
            },
            {
              "type": "link",
              "xlink_title": "mīnu",
              "xlink_type": "locator",
              "xlink_href": "#P240311.l01355",
              "xlink_role": "elt"
            }
          ]
        },
        {
          "type": "linkset",
          "xlink_title": "ana mīni[why?//why?]QP'QP",
          "id": "P240311.ls00001",
          "xlink_type": "extended",
          "xlink_role": "psu",
          "sig": "{ana[to]PRP mīnu[what?]QP += ana mīni[why?//why?]QP'QP}::@saao%akk-x-neobab:am-mi₃-ni=ana[to//to]PRP'PRP$ana++@saao%akk-x-neobab:am-mi₃-ni=mīnu[what?//what?]QP'QP$mīni",
          "links": [
            {
              "type": "link",
              "xlink_title": "ana",
              "xlink_type": "locator",
              "xlink_href": "#P240311.l01372",
              "xlink_role": "elt"
            },
            {
              "type": "link",
              "xlink_title": "mīnu",
              "xlink_type": "locator",
              "xlink_href": "#P240311.l01373",
              "xlink_role": "elt"
            }
          ]
        }
      ]
    }
  ]
}
