{
  "type": "glossary",
  "project": "saao/saa06",
  "source": "http://oracc.org/saao/saa06",
  "license": "This data is released under the CC0 license",
  "license-url": "https://creativecommons.org/publicdomain/zero/1.0/",
  "more-info": "http://oracc.org/doc/opendata/",
  "UTC-timestamp": "2017-06-10T00:42:04",
  "lang": "qpn-x-ethnic",
  "entries": [
    {
      "headword": "Armaya[Aramean]EN",
      "id": "qpn-x-ethnic.x000000",
      "icount": "2",
      "ipct": "100",
      "xis": "qpn.r00000",
      "cf": "Armaya",
      "gw": "Aramean",
      "pos": "EN",
      "forms": [
        {
          "type": "form",
          "id": "qpn-x-ethnic.x000011",
          "n": "ar₂-ma-a.a",
          "icount": "1",
          "ipct": "50",
          "xis": "qpn.r00001"
        },
        {
          "type": "form",
          "id": "qpn-x-ethnic.x000012",
          "n": "{KUR}{LU₂}ar-ma-a.a",
          "icount": "1",
          "ipct": "50",
          "xis": "qpn.r00002"
        }
      ],
      "norms": [
        {
          "id": "qpn-x-ethnic.x000013",
          "icount": "2",
          "ipct": "100",
          "xis": "qpn.r00000",
          "n": "Armaya",
          "forms": [
            {
              "type": "normform",
              "id": "qpn-x-ethnic.x000014",
              "ref": "qpn-x-ethnic.x000011",
              "icount": "1",
              "ipct": "50",
              "xis": "qpn.r00001"
            },
            {
              "type": "normform",
              "id": "qpn-x-ethnic.x000015",
              "ref": "qpn-x-ethnic.x000012",
              "icount": "1",
              "ipct": "50",
              "xis": "qpn.r00002"
            }
          ]
        }
      ],
      "senses": [
        {
          "type": "sense",
          "id": "qpn-x-ethnic.x000016",
          "n": "Armaya[Aramean//Aramean]EN'EN",
          "icount": "2",
          "ipct": "100",
          "xis": "qpn.r00000",
          "pos": "EN",
          "mng": "Aramean",
          "forms": [
            {
              "type": "form",
              "id": "qpn-x-ethnic.x000017",
              "n": "%akk-x-neoass:ar₂-ma-a.a",
              "icount": "1",
              "ipct": "50",
              "xis": "qpn.r00001"
            },
            {
              "type": "form",
              "id": "qpn-x-ethnic.x000018",
              "n": "%akk-x-neoass:{KUR}{LU₂}ar-ma-a.a",
              "icount": "1",
              "ipct": "50",
              "xis": "qpn.r00002"
            }
          ],
          "norms": [
            {
              "id": "qpn-x-ethnic.x000019",
              "n": "Armaya",
              "icount": "2",
              "ipct": "100",
              "xis": "qpn.r00000"
            }
          ],
          "sigs": [
            {
              "type": "sig",
              "id": "qpn-x-ethnic.x000020",
              "sig": "@saao/saa06%akk-x-neoass:ar₂-ma-a.a=Armaya[Aramean//Aramean]EN'EN$Armaya",
              "icount": "1",
              "ipct": "50",
              "xis": "qpn.r00001"
            },
            {
              "type": "sig",
              "id": "qpn-x-ethnic.x000021",
              "sig": "@saao/saa06%akk-x-neoass:{KUR}{LU₂}ar-ma-a.a=Armaya[Aramean//Aramean]EN'EN$Armaya",
              "icount": "1",
              "ipct": "50",
              "xis": "qpn.r00002"
            }
          ]
        }
      ]
    },
    {
      "headword": "Elamaya[Elamite]EN",
      "id": "qpn-x-ethnic.x000004",
      "icount": "1",
      "ipct": "100",
      "xis": "qpn.r00003",
      "cf": "Elamaya",
      "gw": "Elamite",
      "pos": "EN",
      "forms": [
        {
          "type": "form",
          "id": "qpn-x-ethnic.x000022",
          "n": "{KUR}NIM.MA-a.a",
          "icount": "1",
          "ipct": "100",
          "xis": "qpn.r00003"
        }
      ],
      "norms": [
        {
          "id": "qpn-x-ethnic.x000023",
          "icount": "1",
          "ipct": "100",
          "xis": "qpn.r00003",
          "n": "Elamaya",
          "forms": [
            {
              "type": "normform",
              "id": "qpn-x-ethnic.x000024",
              "ref": "qpn-x-ethnic.x000022",
              "icount": "1",
              "ipct": "100",
              "xis": "qpn.r00003"
            }
          ]
        }
      ],
      "senses": [
        {
          "type": "sense",
          "id": "qpn-x-ethnic.x000025",
          "n": "Elamaya[Elamite//Elamite]EN'EN",
          "icount": "1",
          "ipct": "100",
          "xis": "qpn.r00003",
          "pos": "EN",
          "mng": "Elamite",
          "forms": [
            {
              "type": "form",
              "id": "qpn-x-ethnic.x000026",
              "n": "%akk-x-neoass:{KUR}NIM.MA-a.a",
              "icount": "1",
              "ipct": "100",
              "xis": "qpn.r00003"
            }
          ],
          "norms": [
            {
              "id": "qpn-x-ethnic.x000027",
              "n": "Elamaya",
              "icount": "1",
              "ipct": "100",
              "xis": "qpn.r00003"
            }
          ],
          "sigs": [
            {
              "type": "sig",
              "id": "qpn-x-ethnic.x000028",
              "sig": "@saao/saa06%akk-x-neoass:{KUR}NIM.MA-a.a=Elamaya[Elamite//Elamite]EN'EN$Elamaya",
              "icount": "1",
              "ipct": "100",
              "xis": "qpn.r00003"
            }
          ]
        }
      ]
    },
    {
      "headword": "Gimiraya[Cimmerian]EN",
      "id": "qpn-x-ethnic.x000001",
      "icount": "1",
      "ipct": "100",
      "xis": "qpn.r00004",
      "cf": "Gimiraya",
      "gw": "Cimmerian",
      "pos": "EN",
      "forms": [
        {
          "type": "form",
          "id": "qpn-x-ethnic.x000029",
          "n": "gi-mir-a.a",
          "icount": "1",
          "ipct": "100",
          "xis": "qpn.r00004"
        }
      ],
      "norms": [
        {
          "id": "qpn-x-ethnic.x000030",
          "icount": "1",
          "ipct": "100",
          "xis": "qpn.r00004",
          "n": "Gimiraya",
          "forms": [
            {
              "type": "normform",
              "id": "qpn-x-ethnic.x000031",
              "ref": "qpn-x-ethnic.x000029",
              "icount": "1",
              "ipct": "100",
              "xis": "qpn.r00004"
            }
          ]
        }
      ],
      "senses": [
        {
          "type": "sense",
          "id": "qpn-x-ethnic.x000032",
          "n": "Gimiraya[Cimmerian//Cimmerian]EN'EN",
          "icount": "1",
          "ipct": "100",
          "xis": "qpn.r00004",
          "pos": "EN",
          "mng": "Cimmerian",
          "forms": [
            {
              "type": "form",
              "id": "qpn-x-ethnic.x000033",
              "n": "%akk-x-neoass:gi-mir-a.a",
              "icount": "1",
              "ipct": "100",
              "xis": "qpn.r00004"
            }
          ],
          "norms": [
            {
              "id": "qpn-x-ethnic.x000034",
              "n": "Gimiraya",
              "icount": "1",
              "ipct": "100",
              "xis": "qpn.r00004"
            }
          ],
          "sigs": [
            {
              "type": "sig",
              "id": "qpn-x-ethnic.x000035",
              "sig": "@saao/saa06%akk-x-neoass:gi-mir-a.a=Gimiraya[Cimmerian//Cimmerian]EN'EN$Gimiraya",
              "icount": "1",
              "ipct": "100",
              "xis": "qpn.r00004"
            }
          ]
        }
      ]
    },
    {
      "headword": "Ituʾaya[Ituʾean]EN",
      "id": "qpn-x-ethnic.x000005",
      "icount": "1",
      "ipct": "100",
      "xis": "qpn.r00005",
      "cf": "Ituʾaya",
      "gw": "Ituʾean",
      "pos": "EN",
      "forms": [
        {
          "type": "form",
          "id": "qpn-x-ethnic.x000036",
          "n": "{LU₂}i-tu₂-ʾa-a.a",
          "icount": "1",
          "ipct": "100",
          "xis": "qpn.r00005"
        }
      ],
      "norms": [
        {
          "id": "qpn-x-ethnic.x000037",
          "icount": "1",
          "ipct": "100",
          "xis": "qpn.r00005",
          "n": "Ituʾaya",
          "forms": [
            {
              "type": "normform",
              "id": "qpn-x-ethnic.x000038",
              "ref": "qpn-x-ethnic.x000036",
              "icount": "1",
              "ipct": "100",
              "xis": "qpn.r00005"
            }
          ]
        }
      ],
      "senses": [
        {
          "type": "sense",
          "id": "qpn-x-ethnic.x000039",
          "n": "Ituʾaya[Ituʾean//Ituʾean]EN'EN",
          "icount": "1",
          "ipct": "100",
          "xis": "qpn.r00005",
          "pos": "EN",
          "mng": "Ituʾean",
          "forms": [
            {
              "type": "form",
              "id": "qpn-x-ethnic.x000040",
              "n": "%akk-x-neoass:{LU₂}i-tu₂-ʾa-a.a",
              "icount": "1",
              "ipct": "100",
              "xis": "qpn.r00005"
            }
          ],
          "norms": [
            {
              "id": "qpn-x-ethnic.x000041",
              "n": "Ituʾaya",
              "icount": "1",
              "ipct": "100",
              "xis": "qpn.r00005"
            }
          ],
          "sigs": [
            {
              "type": "sig",
              "id": "qpn-x-ethnic.x000042",
              "sig": "@saao/saa06%akk-x-neoass:{LU₂}i-tu₂-ʾa-a.a=Ituʾaya[Ituʾean//Ituʾean]EN'EN$Ituʾaya",
              "icount": "1",
              "ipct": "100",
              "xis": "qpn.r00005"
            }
          ]
        }
      ]
    },
    {
      "headword": "Kaldaya[Chaldean]EN",
      "id": "qpn-x-ethnic.x000006",
      "icount": "1",
      "ipct": "100",
      "xis": "qpn.r00006",
      "cf": "Kaldaya",
      "gw": "Chaldean",
      "pos": "EN",
      "forms": [
        {
          "type": "form",
          "id": "qpn-x-ethnic.x000043",
          "n": "{LU₂}kal-da-a",
          "icount": "1",
          "ipct": "100",
          "xis": "qpn.r00006"
        }
      ],
      "norms": [
        {
          "id": "qpn-x-ethnic.x000044",
          "icount": "1",
          "ipct": "100",
          "xis": "qpn.r00006",
          "n": "Kaldaya",
          "forms": [
            {
              "type": "normform",
              "id": "qpn-x-ethnic.x000045",
              "ref": "qpn-x-ethnic.x000043",
              "icount": "1",
              "ipct": "100",
              "xis": "qpn.r00006"
            }
          ]
        }
      ],
      "senses": [
        {
          "type": "sense",
          "id": "qpn-x-ethnic.x000046",
          "n": "Kaldaya[Chaldean//Chaldean]EN'EN",
          "icount": "1",
          "ipct": "100",
          "xis": "qpn.r00006",
          "pos": "EN",
          "mng": "Chaldean",
          "forms": [
            {
              "type": "form",
              "id": "qpn-x-ethnic.x000047",
              "n": "%akk-x-neoass:{LU₂}kal-da-a",
              "icount": "1",
              "ipct": "100",
              "xis": "qpn.r00006"
            }
          ],
          "norms": [
            {
              "id": "qpn-x-ethnic.x000048",
              "n": "Kaldaya",
              "icount": "1",
              "ipct": "100",
              "xis": "qpn.r00006"
            }
          ],
          "sigs": [
            {
              "type": "sig",
              "id": "qpn-x-ethnic.x000049",
              "sig": "@saao/saa06%akk-x-neoass:{LU₂}kal-da-a=Kaldaya[Chaldean//Chaldean]EN'EN$Kaldaya",
              "icount": "1",
              "ipct": "100",
              "xis": "qpn.r00006"
            }
          ]
        }
      ]
    },
    {
      "headword": "Kummaya[Kummean]EN",
      "id": "qpn-x-ethnic.x000003",
      "icount": "1",
      "ipct": "100",
      "xis": "qpn.r00007",
      "cf": "Kummaya",
      "gw": "Kummean",
      "pos": "EN",
      "forms": [
        {
          "type": "form",
          "id": "qpn-x-ethnic.x000050",
          "n": "{1}ku-ma-a.a",
          "icount": "1",
          "ipct": "100",
          "xis": "qpn.r00007"
        }
      ],
      "norms": [
        {
          "id": "qpn-x-ethnic.x000051",
          "icount": "1",
          "ipct": "100",
          "xis": "qpn.r00007",
          "n": "Kummaya",
          "forms": [
            {
              "type": "normform",
              "id": "qpn-x-ethnic.x000052",
              "ref": "qpn-x-ethnic.x000050",
              "icount": "1",
              "ipct": "100",
              "xis": "qpn.r00007"
            }
          ]
        }
      ],
      "senses": [
        {
          "type": "sense",
          "id": "qpn-x-ethnic.x000053",
          "n": "Kummaya[Kummean//Kummean]EN'EN",
          "icount": "1",
          "ipct": "100",
          "xis": "qpn.r00007",
          "pos": "EN",
          "mng": "Kummean",
          "forms": [
            {
              "type": "form",
              "id": "qpn-x-ethnic.x000054",
              "n": "%akk-x-neoass:{1}ku-ma-a.a",
              "icount": "1",
              "ipct": "100",
              "xis": "qpn.r00007"
            }
          ],
          "norms": [
            {
              "id": "qpn-x-ethnic.x000055",
              "n": "Kummaya",
              "icount": "1",
              "ipct": "100",
              "xis": "qpn.r00007"
            }
          ],
          "sigs": [
            {
              "type": "sig",
              "id": "qpn-x-ethnic.x000056",
              "sig": "@saao/saa06%akk-x-neoass:{1}ku-ma-a.a=Kummaya[Kummean//Kummean]EN'EN$Kummaya",
              "icount": "1",
              "ipct": "100",
              "xis": "qpn.r00007"
            }
          ]
        }
      ]
    },
    {
      "headword": "Libbalaya[from Assur]EN",
      "id": "qpn-x-ethnic.x000009",
      "icount": "1",
      "ipct": "100",
      "xis": "qpn.r00008",
      "cf": "Libbalaya",
      "gw": "from Assur",
      "pos": "EN",
      "forms": [
        {
          "type": "form",
          "id": "qpn-x-ethnic.x000057",
          "n": "{URU}ŠA₃-URU-a.a",
          "icount": "1",
          "ipct": "100",
          "xis": "qpn.r00008"
        }
      ],
      "norms": [
        {
          "id": "qpn-x-ethnic.x000058",
          "icount": "1",
          "ipct": "100",
          "xis": "qpn.r00008",
          "n": "Libbalaya",
          "forms": [
            {
              "type": "normform",
              "id": "qpn-x-ethnic.x000059",
              "ref": "qpn-x-ethnic.x000057",
              "icount": "1",
              "ipct": "100",
              "xis": "qpn.r00008"
            }
          ]
        }
      ],
      "senses": [
        {
          "type": "sense",
          "id": "qpn-x-ethnic.x000060",
          "n": "Libbalaya[from Assur//from Assur]EN'EN",
          "icount": "1",
          "ipct": "100",
          "xis": "qpn.r00008",
          "pos": "EN",
          "mng": "from Assur",
          "forms": [
            {
              "type": "form",
              "id": "qpn-x-ethnic.x000061",
              "n": "%akk-x-neoass:{URU}ŠA₃-URU-a.a",
              "icount": "1",
              "ipct": "100",
              "xis": "qpn.r00008"
            }
          ],
          "norms": [
            {
              "id": "qpn-x-ethnic.x000062",
              "n": "Libbalaya",
              "icount": "1",
              "ipct": "100",
              "xis": "qpn.r00008"
            }
          ],
          "sigs": [
            {
              "type": "sig",
              "id": "qpn-x-ethnic.x000063",
              "sig": "@saao/saa06%akk-x-neoass:{URU}ŠA₃-URU-a.a=Libbalaya[from Assur//from Assur]EN'EN$Libbalaya",
              "icount": "1",
              "ipct": "100",
              "xis": "qpn.r00008"
            }
          ]
        }
      ]
    },
    {
      "headword": "Muṣuraya[Egyptian]EN",
      "id": "qpn-x-ethnic.x000007",
      "icount": "2",
      "ipct": "100",
      "xis": "qpn.r00009",
      "cf": "Muṣuraya",
      "gw": "Egyptian",
      "pos": "EN",
      "forms": [
        {
          "type": "form",
          "id": "qpn-x-ethnic.x000064",
          "n": "{LU₂}mu-ṣu-ra-a.a",
          "icount": "1",
          "ipct": "50",
          "xis": "qpn.r0000a"
        },
        {
          "type": "form",
          "id": "qpn-x-ethnic.x000065",
          "n": "{LU₂}mu-ṣur-a.a",
          "icount": "1",
          "ipct": "50",
          "xis": "qpn.r0000b"
        }
      ],
      "norms": [
        {
          "id": "qpn-x-ethnic.x000066",
          "icount": "2",
          "ipct": "100",
          "xis": "qpn.r00009",
          "n": "Muṣuraya",
          "forms": [
            {
              "type": "normform",
              "id": "qpn-x-ethnic.x000067",
              "ref": "qpn-x-ethnic.x000064",
              "icount": "1",
              "ipct": "50",
              "xis": "qpn.r0000a"
            },
            {
              "type": "normform",
              "id": "qpn-x-ethnic.x000068",
              "ref": "qpn-x-ethnic.x000065",
              "icount": "1",
              "ipct": "50",
              "xis": "qpn.r0000b"
            }
          ]
        }
      ],
      "senses": [
        {
          "type": "sense",
          "id": "qpn-x-ethnic.x000069",
          "n": "Muṣuraya[Egyptian//Egyptian]EN'EN",
          "icount": "2",
          "ipct": "100",
          "xis": "qpn.r00009",
          "pos": "EN",
          "mng": "Egyptian",
          "forms": [
            {
              "type": "form",
              "id": "qpn-x-ethnic.x000070",
              "n": "%akk-x-neoass:{LU₂}mu-ṣu-ra-a.a",
              "icount": "1",
              "ipct": "50",
              "xis": "qpn.r0000a"
            },
            {
              "type": "form",
              "id": "qpn-x-ethnic.x000071",
              "n": "%akk-x-neoass:{LU₂}mu-ṣur-a.a",
              "icount": "1",
              "ipct": "50",
              "xis": "qpn.r0000b"
            }
          ],
          "norms": [
            {
              "id": "qpn-x-ethnic.x000072",
              "n": "Muṣuraya",
              "icount": "2",
              "ipct": "100",
              "xis": "qpn.r00009"
            }
          ],
          "sigs": [
            {
              "type": "sig",
              "id": "qpn-x-ethnic.x000073",
              "sig": "@saao/saa06%akk-x-neoass:{LU₂}mu-ṣu-ra-a.a=Muṣuraya[Egyptian//Egyptian]EN'EN$Muṣuraya",
              "icount": "1",
              "ipct": "50",
              "xis": "qpn.r0000a"
            },
            {
              "type": "sig",
              "id": "qpn-x-ethnic.x000074",
              "sig": "@saao/saa06%akk-x-neoass:{LU₂}mu-ṣur-a.a=Muṣuraya[Egyptian//Egyptian]EN'EN$Muṣuraya",
              "icount": "1",
              "ipct": "50",
              "xis": "qpn.r0000b"
            }
          ]
        }
      ]
    },
    {
      "headword": "Pilistaya[Philistine]EN",
      "id": "qpn-x-ethnic.x000002",
      "icount": "1",
      "ipct": "100",
      "xis": "qpn.r0000c",
      "cf": "Pilistaya",
      "gw": "Philistine",
      "pos": "EN",
      "forms": [
        {
          "type": "form",
          "id": "qpn-x-ethnic.x000075",
          "n": "pi-li-is-ta-a.a",
          "icount": "1",
          "ipct": "100",
          "xis": "qpn.r0000c"
        }
      ],
      "norms": [
        {
          "id": "qpn-x-ethnic.x000076",
          "icount": "1",
          "ipct": "100",
          "xis": "qpn.r0000c",
          "n": "Pilistaya",
          "forms": [
            {
              "type": "normform",
              "id": "qpn-x-ethnic.x000077",
              "ref": "qpn-x-ethnic.x000075",
              "icount": "1",
              "ipct": "100",
              "xis": "qpn.r0000c"
            }
          ]
        }
      ],
      "senses": [
        {
          "type": "sense",
          "id": "qpn-x-ethnic.x000078",
          "n": "Pilistaya[Philistine//Philistine]EN'EN",
          "icount": "1",
          "ipct": "100",
          "xis": "qpn.r0000c",
          "pos": "EN",
          "mng": "Philistine",
          "forms": [
            {
              "type": "form",
              "id": "qpn-x-ethnic.x000079",
              "n": "%akk-x-neoass:pi-li-is-ta-a.a",
              "icount": "1",
              "ipct": "100",
              "xis": "qpn.r0000c"
            }
          ],
          "norms": [
            {
              "id": "qpn-x-ethnic.x000080",
              "n": "Pilistaya",
              "icount": "1",
              "ipct": "100",
              "xis": "qpn.r0000c"
            }
          ],
          "sigs": [
            {
              "type": "sig",
              "id": "qpn-x-ethnic.x000081",
              "sig": "@saao/saa06%akk-x-neoass:pi-li-is-ta-a.a=Pilistaya[Philistine//Philistine]EN'EN$Pilistaya",
              "icount": "1",
              "ipct": "100",
              "xis": "qpn.r0000c"
            }
          ]
        }
      ]
    },
    {
      "headword": "Qatnaya[Qatnean]EN",
      "id": "qpn-x-ethnic.x000008",
      "icount": "1",
      "ipct": "100",
      "xis": "qpn.r0000d",
      "cf": "Qatnaya",
      "gw": "Qatnean",
      "pos": "EN",
      "forms": [
        {
          "type": "form",
          "id": "qpn-x-ethnic.x000082",
          "n": "{URU}qat-ta-na-a.a",
          "icount": "1",
          "ipct": "100",
          "xis": "qpn.r0000d"
        }
      ],
      "norms": [
        {
          "id": "qpn-x-ethnic.x000083",
          "icount": "1",
          "ipct": "100",
          "xis": "qpn.r0000d",
          "n": "Qatanaya",
          "forms": [
            {
              "type": "normform",
              "id": "qpn-x-ethnic.x000084",
              "ref": "qpn-x-ethnic.x000082",
              "icount": "1",
              "ipct": "100",
              "xis": "qpn.r0000d"
            }
          ]
        }
      ],
      "senses": [
        {
          "type": "sense",
          "id": "qpn-x-ethnic.x000085",
          "n": "Qatnaya[Qatnean//Qatnean]EN'EN",
          "icount": "1",
          "ipct": "100",
          "xis": "qpn.r0000d",
          "pos": "EN",
          "mng": "Qatnean",
          "forms": [
            {
              "type": "form",
              "id": "qpn-x-ethnic.x000086",
              "n": "%akk-x-neoass:{URU}qat-ta-na-a.a",
              "icount": "1",
              "ipct": "100",
              "xis": "qpn.r0000d"
            }
          ],
          "norms": [
            {
              "id": "qpn-x-ethnic.x000087",
              "n": "Qatanaya",
              "icount": "1",
              "ipct": "100",
              "xis": "qpn.r0000d"
            }
          ],
          "sigs": [
            {
              "type": "sig",
              "id": "qpn-x-ethnic.x000088",
              "sig": "@saao/saa06%akk-x-neoass:{URU}qat-ta-na-a.a=Qatnaya[Qatnean//Qatnean]EN'EN$Qatanaya",
              "icount": "1",
              "ipct": "100",
              "xis": "qpn.r0000d"
            }
          ]
        }
      ]
    },
    {
      "headword": "mar Ninua[Ninevite]EN",
      "id": "qpn-x-ethnic.x000010",
      "icount": "6",
      "ipct": "100",
      "xis": "qpn.r0000e",
      "cf": "mar Ninua",
      "gw": "Ninevite",
      "pos": "EN",
      "compound": [
        {
          "type": "cpd",
          "primary": "1",
          "ref": "",
          "cf": "māru",
          "gw": "son",
          "mng": "son",
          "pos": "N",
          "epos": "N"
        },
        {
          "type": "cpd",
          "ref": "",
          "cf": "Ninua",
          "gw": "Nineveh",
          "mng": "Nineveh",
          "pos": "GN",
          "epos": "GN"
        }
      ],
      "norms": [
        {
          "id": "qpn-x-ethnic.x000089",
          "icount": "6",
          "ipct": "100",
          "xis": "qpn.r0000e",
          "n": "Ninua",
          "forms": []
        }
      ],
      "senses": [
        {
          "type": "sense",
          "id": "qpn-x-ethnic.x000090",
          "n": "mar Ninua[Ninevite//Ninevite]EN'EN",
          "icount": "6",
          "ipct": "100",
          "xis": "qpn.r0000e",
          "pos": "EN",
          "mng": "Ninevite",
          "norms": [
            {
              "id": "qpn-x-ethnic.x000091",
              "n": "mār Ninua",
              "icount": "6",
              "ipct": "100",
              "xis": "qpn.r0000e"
            }
          ],
          "sigs": [
            {
              "type": "sig",
              "id": "qpn-x-ethnic.x000092",
              "sig": "{mar Ninua[Ninevite//Ninevite]EN'EN}::@saao/saa06%akk-x-neoass:DUMU-NINA=māru[son//son]N'N$mār++@saao/saa06%akk-x-neoass:DUMU-NINA=Ninua[Nineveh//Nineveh]GN'GN$Ninua",
              "icount": "6",
              "ipct": "100",
              "xis": "qpn.r0000e"
            }
          ]
        }
      ]
    }
  ],
  "instances": {
    "qpn.r00005": [
      "saao/saa06:P335359.21.3"
    ],
    "qpn.r00002": [
      "saao/saa06:P335129.23.1"
    ],
    "qpn.r00001": [
      "saao/saa06:P335389.62.6"
    ],
    "qpn.r00004": [
      "saao/saa06:P335308.25.4"
    ],
    "qpn.r00003": [
      "saao/saa06:P335541.40.3"
    ],
    "qpn.r00000": [
      "saao/saa06:P335129.23.1",
      "saao/saa06:P335389.62.6"
    ],
    "qpn.r00006": [
      "saao/saa06:P335326.12.9"
    ],
    "qpn.r00007": [
      "saao/saa06:P335279.13.2"
    ],
    "qpn.r00008": [
      "saao/saa06:P335270.38.3"
    ],
    "qpn.r00009": [
      "saao/saa06:P335268.17.1",
      "saao/saa06:P335275.3.3"
    ],
    "qpn.r0000c": [
      "saao/saa06:P335936.8.3"
    ],
    "qpn.r0000a": [
      "saao/saa06:P335268.17.1"
    ],
    "qpn.r0000b": [
      "saao/saa06:P335275.3.3"
    ],
    "qpn.r0000d": [
      "saao/saa06:P335382.3.1"
    ],
    "qpn.r0000e": [
      "saao/saa06:P335010.17.4",
      "saao/saa06:P335195.32.3",
      "saao/saa06:P335208.35.10",
      "saao/saa06:P335326.22.6",
      "saao/saa06:P335412.45.1",
      "saao/saa06:P335414.16.3"
    ],
    "qpn.r00005.p.s000": [
      "saao/saa06:P335359.21.3"
    ],
    "qpn.r00002.p.s000": [
      "saao/saa06:P335129.23.1"
    ],
    "qpn.r00001.p.s000": [
      "saao/saa06:P335389.62.6"
    ],
    "qpn.r00004.p.s000": [
      "saao/saa06:P335308.25.4"
    ],
    "qpn.r00003.p.s000": [
      "saao/saa06:P335541.40.3"
    ],
    "qpn.r00000.p.s000": [
      "saao/saa06:P335129.23.1",
      "saao/saa06:P335389.62.6"
    ],
    "qpn.r00006.p.s000": [
      "saao/saa06:P335326.12.9"
    ],
    "qpn.r00007.p.s000": [
      "saao/saa06:P335279.13.2"
    ],
    "qpn.r00008.p.s000": [
      "saao/saa06:P335270.38.3"
    ],
    "qpn.r00009.p.s000": [
      "saao/saa06:P335268.17.1",
      "saao/saa06:P335275.3.3"
    ],
    "qpn.r0000c.p.s000": [
      "saao/saa06:P335936.8.3"
    ],
    "qpn.r0000a.p.s000": [
      "saao/saa06:P335268.17.1"
    ],
    "qpn.r0000b.p.s000": [
      "saao/saa06:P335275.3.3"
    ],
    "qpn.r0000d.p.s000": [
      "saao/saa06:P335382.3.1"
    ],
    "qpn.r0000e.p.s000": [
      "saao/saa06:P335195.32.3",
      "saao/saa06:P335326.22.6",
      "saao/saa06:P335010.17.4",
      "saao/saa06:P335208.35.10",
      "saao/saa06:P335412.45.1",
      "saao/saa06:P335414.16.3"
    ]
  }
}
