{
  "type": "glossary",
  "project": "aemw/alalakh/idrimi",
  "source": "http://oracc.org/aemw/alalakh/idrimi",
  "license": "This data is released under the CC0 license",
  "license-url": "https://creativecommons.org/publicdomain/zero/1.0/",
  "more-info": "http://oracc.org/doc/opendata/",
  "UTC-timestamp": "2017-06-21T21:44:43",
  "lang": "qpn-x-ethnic",
  "entries": [
    {
      "headword": "Umman-manda[1]EN",
      "id": "qpn-x-ethnic.x000000",
      "icount": "1",
      "ipct": "100",
      "xis": "qpn.r00000",
      "cf": "Umman-manda",
      "gw": "1",
      "pos": "EN",
      "forms": [
        {
          "type": "form",
          "id": "qpn-x-ethnic.x000001",
          "n": "ERIN₂-MEŠ-an-wa-an-da",
          "icount": "1",
          "ipct": "100",
          "xis": "qpn.r00000"
        }
      ],
      "norms": [
        {
          "id": "qpn-x-ethnic.x000002",
          "icount": "1",
          "ipct": "100",
          "xis": "qpn.r00000",
          "n": "Umman-wanda",
          "forms": [
            {
              "type": "normform",
              "id": "qpn-x-ethnic.x000003",
              "ref": "qpn-x-ethnic.x000001",
              "icount": "1",
              "ipct": "100",
              "xis": "qpn.r00000"
            }
          ]
        }
      ],
      "senses": [
        {
          "type": "sense",
          "id": "qpn-x-ethnic.x000004",
          "n": "Umman-manda[1//1]EN'EN",
          "icount": "1",
          "ipct": "100",
          "xis": "qpn.r00000",
          "pos": "EN",
          "mng": "1",
          "forms": [
            {
              "type": "form",
              "id": "qpn-x-ethnic.x000005",
              "n": "%akk-x-mbperi:ERIN₂-MEŠ-an-wa-an-da",
              "icount": "1",
              "ipct": "100",
              "xis": "qpn.r00000"
            }
          ],
          "norms": [
            {
              "id": "qpn-x-ethnic.x000006",
              "n": "Umman-wanda",
              "icount": "1",
              "ipct": "100",
              "xis": "qpn.r00000"
            }
          ],
          "sigs": [
            {
              "type": "sig",
              "id": "qpn-x-ethnic.x000007",
              "sig": "@aemw/alalakh/idrimi%akk-x-mbperi:ERIN₂-MEŠ-an-wa-an-da=Umman-manda[1//1]EN'EN$Umman-wanda",
              "icount": "1",
              "ipct": "100",
              "xis": "qpn.r00000"
            }
          ]
        }
      ]
    }
  ],
  "instances": {
    "qpn.r00000": [
      "aemw/alalakh/idrimi:X123456.47.2"
    ],
    "qpn.r00000.p.s000": [
      "aemw/alalakh/idrimi:X123456.47.2"
    ]
  }
}
