{
  "type": "index",
  "project": "aemw/alalakh/idrimi",
  "source": "http://oracc.org/aemw/alalakh/idrimi",
  "license": "This data is released under the CC0 license",
  "license-url": "https://creativecommons.org/publicdomain/zero/1.0/",
  "more-info": "http://oracc.org/doc/opendata/",
  "UTC-timestamp": "2017-06-09T23:14:48",
  "name": "tra",
  "keys": [
    {
      "key": "even",
      "count": "1",
      "instances": [
        "aemw/alalakh/idrimi:X123456_project-en.9.12"
      ]
    },
    {
      "key": "a",
      "count": "13",
      "instances": [
        "aemw/alalakh/idrimi:X123456_project-en.0.7",
        "aemw/alalakh/idrimi:X123456_project-en.1.7",
        "aemw/alalakh/idrimi:X123456_project-en.1.44",
        "aemw/alalakh/idrimi:X123456_project-en.1.62",
        "aemw/alalakh/idrimi:X123456_project-en.2.13",
        "aemw/alalakh/idrimi:X123456_project-en.6.65",
        "aemw/alalakh/idrimi:X123456_project-en.6.118",
        "aemw/alalakh/idrimi:X123456_project-en.6.122",
        "aemw/alalakh/idrimi:X123456_project-en.6.138",
        "aemw/alalakh/idrimi:X123456_project-en.8.34",
        "aemw/alalakh/idrimi:X123456_project-en.9.16",
        "aemw/alalakh/idrimi:X123456_project-en.12.4",
        "aemw/alalakh/idrimi:X123456_project-en.12.59"
      ]
    },
    {
      "key": "spent",
      "count": "1",
      "instances": [
        "aemw/alalakh/idrimi:X123456_project-en.2.23"
      ]
    },
    {
      "key": "inland",
      "count": "1",
      "instances": [
        "aemw/alalakh/idrimi:X123456_project-en.4.33"
      ]
    },
    {
      "key": "brother",
      "count": "7",
      "instances": [
        "aemw/alalakh/idrimi:X123456_project-en.1.27",
        "aemw/alalakh/idrimi:X123456_project-en.5.1",
        "aemw/alalakh/idrimi:X123456_project-en.5.10",
        "aemw/alalakh/idrimi:X123456_project-en.5.19",
        "aemw/alalakh/idrimi:X123456_project-en.7.96",
        "aemw/alalakh/idrimi:X123456_project-en.8.49",
        "aemw/alalakh/idrimi:X123456_project-en.8.52"
      ]
    },
    {
      "key": "livestock",
      "count": "1",
      "instances": [
        "aemw/alalakh/idrimi:X123456_project-en.8.16"
      ]
    },
    {
      "key": "ghost",
      "count": "1",
      "instances": [
        "aemw/alalakh/idrimi:X123456_project-en.12.57"
      ]
    },
    {
      "key": "statu",
      "count": "2",
      "instances": [
        "aemw/alalakh/idrimi:X123456_project-en.11.3",
        "aemw/alalakh/idrimi:X123456_project-en.12.26"
      ]
    },
    {
      "key": "good",
      "count": "4",
      "instances": [
        "aemw/alalakh/idrimi:X123456_project-en.6.62",
        "aemw/alalakh/idrimi:X123456_project-en.7.85",
        "aemw/alalakh/idrimi:X123456_project-en.8.20",
        "aemw/alalakh/idrimi:X123456_project-en.12.43"
      ]
    },
    {
      "key": "older",
      "count": "1",
      "instances": [
        "aemw/alalakh/idrimi:X123456_project-en.1.26"
      ]
    },
    {
      "key": "30",
      "count": "1",
      "instances": [
        "aemw/alalakh/idrimi:X123456_project-en.13.4"
      ]
    },
    {
      "key": "name",
      "count": "1",
      "instances": [
        "aemw/alalakh/idrimi:X123456_project-en.11.54"
      ]
    },
    {
      "key": "swore",
      "count": "1",
      "instances": [
        "aemw/alalakh/idrimi:X123456_project-en.6.130"
      ]
    },
    {
      "key": "entrust",
      "count": "1",
      "instances": [
        "aemw/alalakh/idrimi:X123456_project-en.10.43"
      ]
    },
    {
      "key": "wall",
      "count": "1",
      "instances": [
        "aemw/alalakh/idrimi:X123456_project-en.7.3"
      ]
    },
    {
      "key": "matter",
      "count": "2",
      "instances": [
        "aemw/alalakh/idrimi:X123456_project-en.1.33",
        "aemw/alalakh/idrimi:X123456_project-en.6.103"
      ]
    },
    {
      "key": "wish",
      "count": "1",
      "instances": [
        "aemw/alalakh/idrimi:X123456_project-en.7.75"
      ]
    },
    {
      "key": "from",
      "count": "4",
      "instances": [
        "aemw/alalakh/idrimi:X123456_project-en.3.29",
        "aemw/alalakh/idrimi:X123456_project-en.7.16",
        "aemw/alalakh/idrimi:X123456_project-en.8.27",
        "aemw/alalakh/idrimi:X123456_project-en.11.58"
      ]
    },
    {
      "key": "shelter",
      "count": "1",
      "instances": [
        "aemw/alalakh/idrimi:X123456_project-en.2.30"
      ]
    },
    {
      "key": "with",
      "count": "6",
      "instances": [
        "aemw/alalakh/idrimi:X123456_project-en.1.29",
        "aemw/alalakh/idrimi:X123456_project-en.2.26",
        "aemw/alalakh/idrimi:X123456_project-en.5.13",
        "aemw/alalakh/idrimi:X123456_project-en.6.47",
        "aemw/alalakh/idrimi:X123456_project-en.8.12",
        "aemw/alalakh/idrimi:X123456_project-en.8.17"
      ]
    },
    {
      "key": "just",
      "count": "1",
      "instances": [
        "aemw/alalakh/idrimi:X123456_project-en.10.1"
      ]
    },
    {
      "key": "status",
      "count": "1",
      "instances": [
        "aemw/alalakh/idrimi:X123456_project-en.6.136"
      ]
    },
    {
      "key": "furthermor",
      "count": "1",
      "instances": [
        "aemw/alalakh/idrimi:X123456_project-en.6.0"
      ]
    },
    {
      "key": "auxiliari",
      "count": "1",
      "instances": [
        "aemw/alalakh/idrimi:X123456_project-en.7.94"
      ]
    },
    {
      "key": "liver",
      "count": "1",
      "instances": [
        "aemw/alalakh/idrimi:X123456_project-en.3.84"
      ]
    },
    {
      "key": "rank",
      "count": "2",
      "instances": [
        "aemw/alalakh/idrimi:X123456_project-en.1.48",
        "aemw/alalakh/idrimi:X123456_project-en.3.62"
      ]
    },
    {
      "key": "toward",
      "count": "1",
      "instances": [
        "aemw/alalakh/idrimi:X123456_project-en.3.95"
      ]
    },
    {
      "key": "approach",
      "count": "1",
      "instances": [
        "aemw/alalakh/idrimi:X123456_project-en.4.10"
      ]
    },
    {
      "key": "becaus",
      "count": "3",
      "instances": [
        "aemw/alalakh/idrimi:X123456_project-en.6.100",
        "aemw/alalakh/idrimi:X123456_project-en.6.108",
        "aemw/alalakh/idrimi:X123456_project-en.7.0"
      ]
    },
    {
      "key": "come",
      "count": "1",
      "instances": [
        "aemw/alalakh/idrimi:X123456_project-en.7.68"
      ]
    },
    {
      "key": "when",
      "count": "1",
      "instances": [
        "aemw/alalakh/idrimi:X123456_project-en.4.35"
      ]
    },
    {
      "key": "rais",
      "count": "1",
      "instances": [
        "aemw/alalakh/idrimi:X123456_project-en.7.13"
      ]
    },
    {
      "key": "mine",
      "count": "1",
      "instances": [
        "aemw/alalakh/idrimi:X123456_project-en.11.5"
      ]
    },
    {
      "key": "what",
      "count": "1",
      "instances": [
        "aemw/alalakh/idrimi:X123456_project-en.7.73"
      ]
    },
    {
      "key": "great",
      "count": "2",
      "instances": [
        "aemw/alalakh/idrimi:X123456_project-en.1.53",
        "aemw/alalakh/idrimi:X123456_project-en.11.50"
      ]
    },
    {
      "key": "kin",
      "count": "1",
      "instances": [
        "aemw/alalakh/idrimi:X123456_project-en.1.19"
      ]
    },
    {
      "key": "greet",
      "count": "1",
      "instances": [
        "aemw/alalakh/idrimi:X123456_project-en.6.98"
      ]
    },
    {
      "key": "am",
      "count": "1",
      "instances": [
        "aemw/alalakh/idrimi:X123456_project-en.0.1"
      ]
    },
    {
      "key": "at",
      "count": "2",
      "instances": [
        "aemw/alalakh/idrimi:X123456_project-en.1.22",
        "aemw/alalakh/idrimi:X123456_project-en.1.54"
      ]
    },
    {
      "key": "as",
      "count": "5",
      "instances": [
        "aemw/alalakh/idrimi:X123456_project-en.1.34",
        "aemw/alalakh/idrimi:X123456_project-en.3.79",
        "aemw/alalakh/idrimi:X123456_project-en.4.51",
        "aemw/alalakh/idrimi:X123456_project-en.6.137",
        "aemw/alalakh/idrimi:X123456_project-en.10.2"
      ]
    },
    {
      "key": "within",
      "count": "1",
      "instances": [
        "aemw/alalakh/idrimi:X123456_project-en.2.28"
      ]
    },
    {
      "key": "weapon",
      "count": "1",
      "instances": [
        "aemw/alalakh/idrimi:X123456_project-en.7.104"
      ]
    },
    {
      "key": "establish",
      "count": "2",
      "instances": [
        "aemw/alalakh/idrimi:X123456_project-en.6.64",
        "aemw/alalakh/idrimi:X123456_project-en.10.5"
      ]
    },
    {
      "key": "be",
      "count": "3",
      "instances": [
        "aemw/alalakh/idrimi:X123456_project-en.10.34",
        "aemw/alalakh/idrimi:X123456_project-en.12.42",
        "aemw/alalakh/idrimi:X123456_project-en.12.58"
      ]
    },
    {
      "key": "by",
      "count": "1",
      "instances": [
        "aemw/alalakh/idrimi:X123456_project-en.4.15"
      ]
    },
    {
      "key": "front",
      "count": "1",
      "instances": [
        "aemw/alalakh/idrimi:X123456_project-en.4.23"
      ]
    },
    {
      "key": "he",
      "count": "2",
      "instances": [
        "aemw/alalakh/idrimi:X123456_project-en.6.88",
        "aemw/alalakh/idrimi:X123456_project-en.6.95"
      ]
    },
    {
      "key": "throne",
      "count": "2",
      "instances": [
        "aemw/alalakh/idrimi:X123456_project-en.8.40",
        "aemw/alalakh/idrimi:X123456_project-en.8.43"
      ]
    },
    {
      "key": "like",
      "count": "6",
      "instances": [
        "aemw/alalakh/idrimi:X123456_project-en.1.39",
        "aemw/alalakh/idrimi:X123456_project-en.8.41",
        "aemw/alalakh/idrimi:X123456_project-en.8.50",
        "aemw/alalakh/idrimi:X123456_project-en.8.57",
        "aemw/alalakh/idrimi:X123456_project-en.8.63",
        "aemw/alalakh/idrimi:X123456_project-en.9.26"
      ]
    },
    {
      "key": "earlier",
      "count": "1",
      "instances": [
        "aemw/alalakh/idrimi:X123456_project-en.6.132"
      ]
    },
    {
      "key": "settl",
      "count": "2",
      "instances": [
        "aemw/alalakh/idrimi:X123456_project-en.1.21",
        "aemw/alalakh/idrimi:X123456_project-en.9.1"
      ]
    },
    {
      "key": "im",
      "count": "1",
      "instances": [
        "aemw/alalakh/idrimi:X123456_project-en.11.42"
      ]
    },
    {
      "key": "in",
      "count": "10",
      "instances": [
        "aemw/alalakh/idrimi:X123456_project-en.1.0",
        "aemw/alalakh/idrimi:X123456_project-en.3.18",
        "aemw/alalakh/idrimi:X123456_project-en.3.24",
        "aemw/alalakh/idrimi:X123456_project-en.3.61",
        "aemw/alalakh/idrimi:X123456_project-en.3.65",
        "aemw/alalakh/idrimi:X123456_project-en.4.22",
        "aemw/alalakh/idrimi:X123456_project-en.4.48",
        "aemw/alalakh/idrimi:X123456_project-en.6.17",
        "aemw/alalakh/idrimi:X123456_project-en.6.134",
        "aemw/alalakh/idrimi:X123456_project-en.9.7"
      ]
    },
    {
      "key": "ie",
      "count": "2",
      "instances": [
        "aemw/alalakh/idrimi:X123456_project-en.3.64",
        "aemw/alalakh/idrimi:X123456_project-en.4.27"
      ]
    },
    {
      "key": "it",
      "count": "3",
      "instances": [
        "aemw/alalakh/idrimi:X123456_project-en.6.60",
        "aemw/alalakh/idrimi:X123456_project-en.7.14",
        "aemw/alalakh/idrimi:X123456_project-en.11.38"
      ]
    },
    {
      "key": "is",
      "count": "4",
      "instances": [
        "aemw/alalakh/idrimi:X123456_project-en.1.42",
        "aemw/alalakh/idrimi:X123456_project-en.1.60",
        "aemw/alalakh/idrimi:X123456_project-en.12.3",
        "aemw/alalakh/idrimi:X123456_project-en.12.17"
      ]
    },
    {
      "key": "on",
      "count": "4",
      "instances": [
        "aemw/alalakh/idrimi:X123456_project-en.7.9",
        "aemw/alalakh/idrimi:X123456_project-en.12.24",
        "aemw/alalakh/idrimi:X123456_project-en.13.10",
        "aemw/alalakh/idrimi:X123456_project-en.13.28"
      ]
    },
    {
      "key": "or",
      "count": "2",
      "instances": [
        "aemw/alalakh/idrimi:X123456_project-en.1.52",
        "aemw/alalakh/idrimi:X123456_project-en.11.36"
      ]
    },
    {
      "key": "me",
      "count": "13",
      "instances": [
        "aemw/alalakh/idrimi:X123456_project-en.1.30",
        "aemw/alalakh/idrimi:X123456_project-en.3.41",
        "aemw/alalakh/idrimi:X123456_project-en.3.55",
        "aemw/alalakh/idrimi:X123456_project-en.3.96",
        "aemw/alalakh/idrimi:X123456_project-en.4.40",
        "aemw/alalakh/idrimi:X123456_project-en.4.47",
        "aemw/alalakh/idrimi:X123456_project-en.4.70",
        "aemw/alalakh/idrimi:X123456_project-en.5.8",
        "aemw/alalakh/idrimi:X123456_project-en.5.14",
        "aemw/alalakh/idrimi:X123456_project-en.6.16",
        "aemw/alalakh/idrimi:X123456_project-en.6.158",
        "aemw/alalakh/idrimi:X123456_project-en.7.70",
        "aemw/alalakh/idrimi:X123456_project-en.13.29"
      ]
    },
    {
      "key": "earth",
      "count": "3",
      "instances": [
        "aemw/alalakh/idrimi:X123456_project-en.11.24",
        "aemw/alalakh/idrimi:X123456_project-en.11.47",
        "aemw/alalakh/idrimi:X123456_project-en.12.33"
      ]
    },
    {
      "key": "so",
      "count": "6",
      "instances": [
        "aemw/alalakh/idrimi:X123456_project-en.1.11",
        "aemw/alalakh/idrimi:X123456_project-en.3.56",
        "aemw/alalakh/idrimi:X123456_project-en.6.49",
        "aemw/alalakh/idrimi:X123456_project-en.6.121",
        "aemw/alalakh/idrimi:X123456_project-en.6.159",
        "aemw/alalakh/idrimi:X123456_project-en.13.20"
      ]
    },
    {
      "key": "made",
      "count": "5",
      "instances": [
        "aemw/alalakh/idrimi:X123456_project-en.6.13",
        "aemw/alalakh/idrimi:X123456_project-en.6.163",
        "aemw/alalakh/idrimi:X123456_project-en.8.38",
        "aemw/alalakh/idrimi:X123456_project-en.8.47",
        "aemw/alalakh/idrimi:X123456_project-en.9.23"
      ]
    },
    {
      "key": "these",
      "count": "3",
      "instances": [
        "aemw/alalakh/idrimi:X123456_project-en.7.42",
        "aemw/alalakh/idrimi:X123456_project-en.7.54",
        "aemw/alalakh/idrimi:X123456_project-en.10.39"
      ]
    },
    {
      "key": "up",
      "count": "4",
      "instances": [
        "aemw/alalakh/idrimi:X123456_project-en.7.15",
        "aemw/alalakh/idrimi:X123456_project-en.7.23",
        "aemw/alalakh/idrimi:X123456_project-en.7.32",
        "aemw/alalakh/idrimi:X123456_project-en.11.15"
      ]
    },
    {
      "key": "ground",
      "count": "2",
      "instances": [
        "aemw/alalakh/idrimi:X123456_project-en.7.11",
        "aemw/alalakh/idrimi:X123456_project-en.7.18"
      ]
    },
    {
      "key": "there",
      "count": "1",
      "instances": [
        "aemw/alalakh/idrimi:X123456_project-en.3.63"
      ]
    },
    {
      "key": "amaʾ",
      "count": "2",
      "instances": [
        "aemw/alalakh/idrimi:X123456_project-en.3.38",
        "aemw/alalakh/idrimi:X123456_project-en.4.58"
      ]
    },
    {
      "key": "to",
      "count": "15",
      "instances": [
        "aemw/alalakh/idrimi:X123456_project-en.1.14",
        "aemw/alalakh/idrimi:X123456_project-en.3.8",
        "aemw/alalakh/idrimi:X123456_project-en.4.46",
        "aemw/alalakh/idrimi:X123456_project-en.4.69",
        "aemw/alalakh/idrimi:X123456_project-en.6.25",
        "aemw/alalakh/idrimi:X123456_project-en.6.74",
        "aemw/alalakh/idrimi:X123456_project-en.6.127",
        "aemw/alalakh/idrimi:X123456_project-en.6.149",
        "aemw/alalakh/idrimi:X123456_project-en.6.165",
        "aemw/alalakh/idrimi:X123456_project-en.7.33",
        "aemw/alalakh/idrimi:X123456_project-en.7.92",
        "aemw/alalakh/idrimi:X123456_project-en.8.2",
        "aemw/alalakh/idrimi:X123456_project-en.10.33",
        "aemw/alalakh/idrimi:X123456_project-en.10.45",
        "aemw/alalakh/idrimi:X123456_project-en.12.44"
      ]
    },
    {
      "key": "lit",
      "count": "2",
      "instances": [
        "aemw/alalakh/idrimi:X123456_project-en.1.49",
        "aemw/alalakh/idrimi:X123456_project-en.6.116"
      ]
    },
    {
      "key": "their",
      "count": "4",
      "instances": [
        "aemw/alalakh/idrimi:X123456_project-en.3.49",
        "aemw/alalakh/idrimi:X123456_project-en.7.103",
        "aemw/alalakh/idrimi:X123456_project-en.8.58",
        "aemw/alalakh/idrimi:X123456_project-en.8.64"
      ]
    },
    {
      "key": "we",
      "count": "1",
      "instances": [
        "aemw/alalakh/idrimi:X123456_project-en.1.12"
      ]
    },
    {
      "key": "damarutla",
      "count": "1",
      "instances": [
        "aemw/alalakh/idrimi:X123456_project-en.7.45"
      ]
    },
    {
      "key": "lay",
      "count": "1",
      "instances": [
        "aemw/alalakh/idrimi:X123456_project-en.7.7"
      ]
    },
    {
      "key": "zila",
      "count": "1",
      "instances": [
        "aemw/alalakh/idrimi:X123456_project-en.7.47"
      ]
    },
    {
      "key": "join",
      "count": "3",
      "instances": [
        "aemw/alalakh/idrimi:X123456_project-en.2.18",
        "aemw/alalakh/idrimi:X123456_project-en.5.11",
        "aemw/alalakh/idrimi:X123456_project-en.6.45"
      ]
    },
    {
      "key": "ofim",
      "count": "1",
      "instances": [
        "aemw/alalakh/idrimi:X123456_project-en.0.9"
      ]
    },
    {
      "key": "return",
      "count": "2",
      "instances": [
        "aemw/alalakh/idrimi:X123456_project-en.6.126",
        "aemw/alalakh/idrimi:X123456_project-en.8.1"
      ]
    },
    {
      "key": "onto",
      "count": "1",
      "instances": [
        "aemw/alalakh/idrimi:X123456_project-en.4.6"
      ]
    },
    {
      "key": "mark",
      "count": "1",
      "instances": [
        "aemw/alalakh/idrimi:X123456_project-en.6.91"
      ]
    },
    {
      "key": "other",
      "count": "1",
      "instances": [
        "aemw/alalakh/idrimi:X123456_project-en.7.59"
      ]
    },
    {
      "key": "live",
      "count": "1",
      "instances": [
        "aemw/alalakh/idrimi:X123456_project-en.1.28"
      ]
    },
    {
      "key": "father",
      "count": "4",
      "instances": [
        "aemw/alalakh/idrimi:X123456_project-en.1.6",
        "aemw/alalakh/idrimi:X123456_project-en.1.56",
        "aemw/alalakh/idrimi:X123456_project-en.10.4",
        "aemw/alalakh/idrimi:X123456_project-en.10.25"
      ]
    },
    {
      "key": "hulahan",
      "count": "1",
      "instances": [
        "aemw/alalakh/idrimi:X123456_project-en.7.46"
      ]
    },
    {
      "key": "type",
      "count": "1",
      "instances": [
        "aemw/alalakh/idrimi:X123456_project-en.7.83"
      ]
    },
    {
      "key": "chariot",
      "count": "1",
      "instances": [
        "aemw/alalakh/idrimi:X123456_project-en.2.5"
      ]
    },
    {
      "key": "region",
      "count": "1",
      "instances": [
        "aemw/alalakh/idrimi:X123456_project-en.2.15"
      ]
    },
    {
      "key": "paššah",
      "count": "1",
      "instances": [
        "aemw/alalakh/idrimi:X123456_project-en.7.44"
      ]
    },
    {
      "key": "wrote",
      "count": "3",
      "instances": [
        "aemw/alalakh/idrimi:X123456_project-en.6.24",
        "aemw/alalakh/idrimi:X123456_project-en.12.21",
        "aemw/alalakh/idrimi:X123456_project-en.13.7"
      ]
    },
    {
      "key": "year",
      "count": "5",
      "instances": [
        "aemw/alalakh/idrimi:X123456_project-en.3.70",
        "aemw/alalakh/idrimi:X123456_project-en.3.89",
        "aemw/alalakh/idrimi:X123456_project-en.6.3",
        "aemw/alalakh/idrimi:X123456_project-en.6.22",
        "aemw/alalakh/idrimi:X123456_project-en.13.5"
      ]
    },
    {
      "key": "over",
      "count": "1",
      "instances": [
        "aemw/alalakh/idrimi:X123456_project-en.2.11"
      ]
    },
    {
      "key": "seven",
      "count": "4",
      "instances": [
        "aemw/alalakh/idrimi:X123456_project-en.3.68",
        "aemw/alalakh/idrimi:X123456_project-en.3.88",
        "aemw/alalakh/idrimi:X123456_project-en.6.2",
        "aemw/alalakh/idrimi:X123456_project-en.7.40"
      ]
    },
    {
      "key": "hebat",
      "count": "1",
      "instances": [
        "aemw/alalakh/idrimi:X123456_project-en.0.10"
      ]
    },
    {
      "key": "brought",
      "count": "2",
      "instances": [
        "aemw/alalakh/idrimi:X123456_project-en.4.42",
        "aemw/alalakh/idrimi:X123456_project-en.8.25"
      ]
    },
    {
      "key": "keep",
      "count": "1",
      "instances": [
        "aemw/alalakh/idrimi:X123456_project-en.12.34"
      ]
    },
    {
      "key": "call",
      "count": "1",
      "instances": [
        "aemw/alalakh/idrimi:X123456_project-en.13.26"
      ]
    },
    {
      "key": "came",
      "count": "1",
      "instances": [
        "aemw/alalakh/idrimi:X123456_project-en.5.6"
      ]
    },
    {
      "key": "ammiya",
      "count": "3",
      "instances": [
        "aemw/alalakh/idrimi:X123456_project-en.3.16",
        "aemw/alalakh/idrimi:X123456_project-en.3.25",
        "aemw/alalakh/idrimi:X123456_project-en.3.66"
      ]
    },
    {
      "key": "caus",
      "count": "1",
      "instances": [
        "aemw/alalakh/idrimi:X123456_project-en.10.32"
      ]
    },
    {
      "key": "loyal",
      "count": "1",
      "instances": [
        "aemw/alalakh/idrimi:X123456_project-en.6.139"
      ]
    },
    {
      "key": "all",
      "count": "2",
      "instances": [
        "aemw/alalakh/idrimi:X123456_project-en.7.82",
        "aemw/alalakh/idrimi:X123456_project-en.8.18"
      ]
    },
    {
      "key": "troop",
      "count": "1",
      "instances": [
        "aemw/alalakh/idrimi:X123456_project-en.7.30"
      ]
    },
    {
      "key": "are",
      "count": "1",
      "instances": [
        "aemw/alalakh/idrimi:X123456_project-en.7.43"
      ]
    },
    {
      "key": "barattarna",
      "count": "2",
      "instances": [
        "aemw/alalakh/idrimi:X123456_project-en.6.4",
        "aemw/alalakh/idrimi:X123456_project-en.6.26"
      ]
    },
    {
      "key": "hors",
      "count": "1",
      "instances": [
        "aemw/alalakh/idrimi:X123456_project-en.2.3"
      ]
    },
    {
      "key": "down",
      "count": "1",
      "instances": [
        "aemw/alalakh/idrimi:X123456_project-en.8.26"
      ]
    },
    {
      "key": "stepp",
      "count": "1",
      "instances": [
        "aemw/alalakh/idrimi:X123456_project-en.2.33"
      ]
    },
    {
      "key": "protect",
      "count": "2",
      "instances": [
        "aemw/alalakh/idrimi:X123456_project-en.5.17",
        "aemw/alalakh/idrimi:X123456_project-en.12.38"
      ]
    },
    {
      "key": "sign",
      "count": "1",
      "instances": [
        "aemw/alalakh/idrimi:X123456_project-en.10.9"
      ]
    },
    {
      "key": "moon",
      "count": "1",
      "instances": [
        "aemw/alalakh/idrimi:X123456_project-en.12.12"
      ]
    },
    {
      "key": "inhabit",
      "count": "1",
      "instances": [
        "aemw/alalakh/idrimi:X123456_project-en.9.3"
      ]
    },
    {
      "key": "cassiusjebel",
      "count": "1",
      "instances": [
        "aemw/alalakh/idrimi:X123456_project-en.4.29"
      ]
    },
    {
      "key": "hous",
      "count": "5",
      "instances": [
        "aemw/alalakh/idrimi:X123456_project-en.1.3",
        "aemw/alalakh/idrimi:X123456_project-en.1.57",
        "aemw/alalakh/idrimi:X123456_project-en.6.124",
        "aemw/alalakh/idrimi:X123456_project-en.8.35",
        "aemw/alalakh/idrimi:X123456_project-en.9.11"
      ]
    },
    {
      "key": "measur",
      "count": "1",
      "instances": [
        "aemw/alalakh/idrimi:X123456_project-en.11.25"
      ]
    },
    {
      "key": "sacrific",
      "count": "2",
      "instances": [
        "aemw/alalakh/idrimi:X123456_project-en.6.119",
        "aemw/alalakh/idrimi:X123456_project-en.10.22"
      ]
    },
    {
      "key": "move",
      "count": "1",
      "instances": [
        "aemw/alalakh/idrimi:X123456_project-en.4.32"
      ]
    },
    {
      "key": "into",
      "count": "1",
      "instances": [
        "aemw/alalakh/idrimi:X123456_project-en.2.12"
      ]
    },
    {
      "key": "not",
      "count": "1",
      "instances": [
        "aemw/alalakh/idrimi:X123456_project-en.7.65"
      ]
    },
    {
      "key": "recogn",
      "count": "1",
      "instances": [
        "aemw/alalakh/idrimi:X123456_project-en.3.40"
      ]
    },
    {
      "key": "went",
      "count": "1",
      "instances": [
        "aemw/alalakh/idrimi:X123456_project-en.7.31"
      ]
    },
    {
      "key": "niy",
      "count": "1",
      "instances": [
        "aemw/alalakh/idrimi:X123456_project-en.3.36"
      ]
    },
    {
      "key": "sutean",
      "count": "1",
      "instances": [
        "aemw/alalakh/idrimi:X123456_project-en.2.20"
      ]
    },
    {
      "key": "oxen",
      "count": "1",
      "instances": [
        "aemw/alalakh/idrimi:X123456_project-en.4.43"
      ]
    },
    {
      "key": "distribut",
      "count": "1",
      "instances": [
        "aemw/alalakh/idrimi:X123456_project-en.7.89"
      ]
    },
    {
      "key": "was",
      "count": "9",
      "instances": [
        "aemw/alalakh/idrimi:X123456_project-en.3.45",
        "aemw/alalakh/idrimi:X123456_project-en.3.59",
        "aemw/alalakh/idrimi:X123456_project-en.6.61",
        "aemw/alalakh/idrimi:X123456_project-en.6.84",
        "aemw/alalakh/idrimi:X123456_project-en.6.125",
        "aemw/alalakh/idrimi:X123456_project-en.6.144",
        "aemw/alalakh/idrimi:X123456_project-en.6.162",
        "aemw/alalakh/idrimi:X123456_project-en.10.16",
        "aemw/alalakh/idrimi:X123456_project-en.13.1"
      ]
    },
    {
      "key": "servant",
      "count": "3",
      "instances": [
        "aemw/alalakh/idrimi:X123456_project-en.0.8",
        "aemw/alalakh/idrimi:X123456_project-en.1.63",
        "aemw/alalakh/idrimi:X123456_project-en.12.5"
      ]
    },
    {
      "key": "thought",
      "count": "1",
      "instances": [
        "aemw/alalakh/idrimi:X123456_project-en.1.38"
      ]
    },
    {
      "key": "next",
      "count": "1",
      "instances": [
        "aemw/alalakh/idrimi:X123456_project-en.3.1"
      ]
    },
    {
      "key": "among",
      "count": "2",
      "instances": [
        "aemw/alalakh/idrimi:X123456_project-en.1.64",
        "aemw/alalakh/idrimi:X123456_project-en.3.73"
      ]
    },
    {
      "key": "bless",
      "count": "1",
      "instances": [
        "aemw/alalakh/idrimi:X123456_project-en.13.27"
      ]
    },
    {
      "key": "who",
      "count": "4",
      "instances": [
        "aemw/alalakh/idrimi:X123456_project-en.1.41",
        "aemw/alalakh/idrimi:X123456_project-en.1.59",
        "aemw/alalakh/idrimi:X123456_project-en.9.14",
        "aemw/alalakh/idrimi:X123456_project-en.12.20"
      ]
    },
    {
      "key": "brick",
      "count": "1",
      "instances": [
        "aemw/alalakh/idrimi:X123456_project-en.7.22"
      ]
    },
    {
      "key": "one",
      "count": "5",
      "instances": [
        "aemw/alalakh/idrimi:X123456_project-en.4.49",
        "aemw/alalakh/idrimi:X123456_project-en.4.52",
        "aemw/alalakh/idrimi:X123456_project-en.9.29",
        "aemw/alalakh/idrimi:X123456_project-en.10.28",
        "aemw/alalakh/idrimi:X123456_project-en.13.13"
      ]
    },
    {
      "key": "dwell",
      "count": "3",
      "instances": [
        "aemw/alalakh/idrimi:X123456_project-en.3.26",
        "aemw/alalakh/idrimi:X123456_project-en.9.9",
        "aemw/alalakh/idrimi:X123456_project-en.9.17"
      ]
    },
    {
      "key": "sheep",
      "count": "1",
      "instances": [
        "aemw/alalakh/idrimi:X123456_project-en.4.45"
      ]
    },
    {
      "key": "possess",
      "count": "2",
      "instances": [
        "aemw/alalakh/idrimi:X123456_project-en.7.87",
        "aemw/alalakh/idrimi:X123456_project-en.8.22"
      ]
    },
    {
      "key": "ship",
      "count": "2",
      "instances": [
        "aemw/alalakh/idrimi:X123456_project-en.4.2",
        "aemw/alalakh/idrimi:X123456_project-en.4.8"
      ]
    },
    {
      "key": "ancestor",
      "count": "1",
      "instances": [
        "aemw/alalakh/idrimi:X123456_project-en.6.79"
      ]
    },
    {
      "key": "were",
      "count": "1",
      "instances": [
        "aemw/alalakh/idrimi:X123456_project-en.6.53"
      ]
    },
    {
      "key": "off",
      "count": "1",
      "instances": [
        "aemw/alalakh/idrimi:X123456_project-en.7.78"
      ]
    },
    {
      "key": "respect",
      "count": "1",
      "instances": [
        "aemw/alalakh/idrimi:X123456_project-en.6.89"
      ]
    },
    {
      "key": "companion",
      "count": "2",
      "instances": [
        "aemw/alalakh/idrimi:X123456_project-en.8.62",
        "aemw/alalakh/idrimi:X123456_project-en.8.65"
      ]
    },
    {
      "key": "below",
      "count": "1",
      "instances": [
        "aemw/alalakh/idrimi:X123456_project-en.12.54"
      ]
    },
    {
      "key": "pastoralist",
      "count": "1",
      "instances": [
        "aemw/alalakh/idrimi:X123456_project-en.2.21"
      ]
    },
    {
      "key": "tumbl",
      "count": "1",
      "instances": [
        "aemw/alalakh/idrimi:X123456_project-en.7.8"
      ]
    },
    {
      "key": "took",
      "count": "4",
      "instances": [
        "aemw/alalakh/idrimi:X123456_project-en.2.1",
        "aemw/alalakh/idrimi:X123456_project-en.7.29",
        "aemw/alalakh/idrimi:X123456_project-en.7.81",
        "aemw/alalakh/idrimi:X123456_project-en.7.102"
      ]
    },
    {
      "key": "battl",
      "count": "1",
      "instances": [
        "aemw/alalakh/idrimi:X123456_project-en.7.26"
      ]
    },
    {
      "key": "against",
      "count": "1",
      "instances": [
        "aemw/alalakh/idrimi:X123456_project-en.7.69"
      ]
    },
    {
      "key": "out",
      "count": "2",
      "instances": [
        "aemw/alalakh/idrimi:X123456_project-en.3.5",
        "aemw/alalakh/idrimi:X123456_project-en.11.26"
      ]
    },
    {
      "key": "our",
      "count": "6",
      "instances": [
        "aemw/alalakh/idrimi:X123456_project-en.6.51",
        "aemw/alalakh/idrimi:X123456_project-en.6.78",
        "aemw/alalakh/idrimi:X123456_project-en.6.110",
        "aemw/alalakh/idrimi:X123456_project-en.9.27",
        "aemw/alalakh/idrimi:X123456_project-en.10.3",
        "aemw/alalakh/idrimi:X123456_project-en.10.24"
      ]
    },
    {
      "key": "told",
      "count": "1",
      "instances": [
        "aemw/alalakh/idrimi:X123456_project-en.6.34"
      ]
    },
    {
      "key": "aqraa",
      "count": "1",
      "instances": [
        "aemw/alalakh/idrimi:X123456_project-en.4.30"
      ]
    },
    {
      "key": "left",
      "count": "1",
      "instances": [
        "aemw/alalakh/idrimi:X123456_project-en.6.154"
      ]
    },
    {
      "key": "imnerari",
      "count": "1",
      "instances": [
        "aemw/alalakh/idrimi:X123456_project-en.10.46"
      ]
    },
    {
      "key": "dri",
      "count": "1",
      "instances": [
        "aemw/alalakh/idrimi:X123456_project-en.4.20"
      ]
    },
    {
      "key": "high",
      "count": "1",
      "instances": [
        "aemw/alalakh/idrimi:X123456_project-en.7.24"
      ]
    },
    {
      "key": "previous",
      "count": "1",
      "instances": [
        "aemw/alalakh/idrimi:X123456_project-en.9.28"
      ]
    },
    {
      "key": "mean",
      "count": "1",
      "instances": [
        "aemw/alalakh/idrimi:X123456_project-en.10.7"
      ]
    },
    {
      "key": "underworld",
      "count": "1",
      "instances": [
        "aemw/alalakh/idrimi:X123456_project-en.11.13"
      ]
    },
    {
      "key": "enemi",
      "count": "1",
      "instances": [
        "aemw/alalakh/idrimi:X123456_project-en.6.14"
      ]
    },
    {
      "key": "comfort",
      "count": "1",
      "instances": [
        "aemw/alalakh/idrimi:X123456_project-en.9.8"
      ]
    },
    {
      "key": "small",
      "count": "1",
      "instances": [
        "aemw/alalakh/idrimi:X123456_project-en.1.50"
      ]
    },
    {
      "key": "where",
      "count": "1",
      "instances": [
        "aemw/alalakh/idrimi:X123456_project-en.2.16"
      ]
    },
    {
      "key": "desol",
      "count": "1",
      "instances": [
        "aemw/alalakh/idrimi:X123456_project-en.2.14"
      ]
    },
    {
      "key": "verili",
      "count": "1",
      "instances": [
        "aemw/alalakh/idrimi:X123456_project-en.1.43"
      ]
    },
    {
      "key": "day",
      "count": "2",
      "instances": [
        "aemw/alalakh/idrimi:X123456_project-en.3.2",
        "aemw/alalakh/idrimi:X123456_project-en.4.50"
      ]
    },
    {
      "key": "reign",
      "count": "1",
      "instances": [
        "aemw/alalakh/idrimi:X123456_project-en.11.28"
      ]
    },
    {
      "key": "hazzi",
      "count": "1",
      "instances": [
        "aemw/alalakh/idrimi:X123456_project-en.4.26"
      ]
    },
    {
      "key": "remov",
      "count": "1",
      "instances": [
        "aemw/alalakh/idrimi:X123456_project-en.11.1"
      ]
    },
    {
      "key": "lack",
      "count": "1",
      "instances": [
        "aemw/alalakh/idrimi:X123456_project-en.9.15"
      ]
    },
    {
      "key": "mount",
      "count": "2",
      "instances": [
        "aemw/alalakh/idrimi:X123456_project-en.4.25",
        "aemw/alalakh/idrimi:X123456_project-en.4.28"
      ]
    },
    {
      "key": "regular",
      "count": "4",
      "instances": [
        "aemw/alalakh/idrimi:X123456_project-en.10.17",
        "aemw/alalakh/idrimi:X123456_project-en.10.36",
        "aemw/alalakh/idrimi:X123456_project-en.13.14",
        "aemw/alalakh/idrimi:X123456_project-en.13.30"
      ]
    },
    {
      "key": "did",
      "count": "3",
      "instances": [
        "aemw/alalakh/idrimi:X123456_project-en.1.36",
        "aemw/alalakh/idrimi:X123456_project-en.7.64",
        "aemw/alalakh/idrimi:X123456_project-en.7.72"
      ]
    },
    {
      "key": "aleppo",
      "count": "2",
      "instances": [
        "aemw/alalakh/idrimi:X123456_project-en.1.1",
        "aemw/alalakh/idrimi:X123456_project-en.3.30"
      ]
    },
    {
      "key": "ladi",
      "count": "3",
      "instances": [
        "aemw/alalakh/idrimi:X123456_project-en.0.14",
        "aemw/alalakh/idrimi:X123456_project-en.0.18",
        "aemw/alalakh/idrimi:X123456_project-en.0.20"
      ]
    },
    {
      "key": "alter",
      "count": "1",
      "instances": [
        "aemw/alalakh/idrimi:X123456_project-en.11.33"
      ]
    },
    {
      "key": "man",
      "count": "2",
      "instances": [
        "aemw/alalakh/idrimi:X123456_project-en.1.45",
        "aemw/alalakh/idrimi:X123456_project-en.4.53"
      ]
    },
    {
      "key": "may",
      "count": "8",
      "instances": [
        "aemw/alalakh/idrimi:X123456_project-en.11.7",
        "aemw/alalakh/idrimi:X123456_project-en.11.18",
        "aemw/alalakh/idrimi:X123456_project-en.11.41",
        "aemw/alalakh/idrimi:X123456_project-en.12.27",
        "aemw/alalakh/idrimi:X123456_project-en.12.40",
        "aemw/alalakh/idrimi:X123456_project-en.12.46",
        "aemw/alalakh/idrimi:X123456_project-en.13.12",
        "aemw/alalakh/idrimi:X123456_project-en.13.25"
      ]
    },
    {
      "key": "stabil",
      "count": "1",
      "instances": [
        "aemw/alalakh/idrimi:X123456_project-en.9.19"
      ]
    },
    {
      "key": "power",
      "count": "3",
      "instances": [
        "aemw/alalakh/idrimi:X123456_project-en.6.6",
        "aemw/alalakh/idrimi:X123456_project-en.6.66",
        "aemw/alalakh/idrimi:X123456_project-en.6.71"
      ]
    },
    {
      "key": "land",
      "count": "15",
      "instances": [
        "aemw/alalakh/idrimi:X123456_project-en.3.10",
        "aemw/alalakh/idrimi:X123456_project-en.3.20",
        "aemw/alalakh/idrimi:X123456_project-en.3.33",
        "aemw/alalakh/idrimi:X123456_project-en.4.12",
        "aemw/alalakh/idrimi:X123456_project-en.4.21",
        "aemw/alalakh/idrimi:X123456_project-en.4.37",
        "aemw/alalakh/idrimi:X123456_project-en.4.55",
        "aemw/alalakh/idrimi:X123456_project-en.7.35",
        "aemw/alalakh/idrimi:X123456_project-en.7.61",
        "aemw/alalakh/idrimi:X123456_project-en.8.4",
        "aemw/alalakh/idrimi:X123456_project-en.8.29",
        "aemw/alalakh/idrimi:X123456_project-en.9.6",
        "aemw/alalakh/idrimi:X123456_project-en.9.21",
        "aemw/alalakh/idrimi:X123456_project-en.11.31",
        "aemw/alalakh/idrimi:X123456_project-en.11.60"
      ]
    },
    {
      "key": "lamb",
      "count": "1",
      "instances": [
        "aemw/alalakh/idrimi:X123456_project-en.3.86"
      ]
    },
    {
      "key": "curs",
      "count": "1",
      "instances": [
        "aemw/alalakh/idrimi:X123456_project-en.11.9"
      ]
    },
    {
      "key": "cure",
      "count": "1",
      "instances": [
        "aemw/alalakh/idrimi:X123456_project-en.12.60"
      ]
    },
    {
      "key": "later",
      "count": "1",
      "instances": [
        "aemw/alalakh/idrimi:X123456_project-en.3.90"
      ]
    },
    {
      "key": "occur",
      "count": "1",
      "instances": [
        "aemw/alalakh/idrimi:X123456_project-en.1.10"
      ]
    },
    {
      "key": "enter",
      "count": "1",
      "instances": [
        "aemw/alalakh/idrimi:X123456_project-en.8.8"
      ]
    },
    {
      "key": "heaven",
      "count": "4",
      "instances": [
        "aemw/alalakh/idrimi:X123456_project-en.11.8",
        "aemw/alalakh/idrimi:X123456_project-en.11.22",
        "aemw/alalakh/idrimi:X123456_project-en.11.46",
        "aemw/alalakh/idrimi:X123456_project-en.12.31"
      ]
    },
    {
      "key": "retain",
      "count": "1",
      "instances": [
        "aemw/alalakh/idrimi:X123456_project-en.6.140"
      ]
    },
    {
      "key": "gift",
      "count": "1",
      "instances": [
        "aemw/alalakh/idrimi:X123456_project-en.6.99"
      ]
    },
    {
      "key": "canaan",
      "count": "2",
      "instances": [
        "aemw/alalakh/idrimi:X123456_project-en.3.12",
        "aemw/alalakh/idrimi:X123456_project-en.3.22"
      ]
    },
    {
      "key": "fled",
      "count": "1",
      "instances": [
        "aemw/alalakh/idrimi:X123456_project-en.1.13"
      ]
    },
    {
      "key": "gather",
      "count": "3",
      "instances": [
        "aemw/alalakh/idrimi:X123456_project-en.3.53",
        "aemw/alalakh/idrimi:X123456_project-en.7.66",
        "aemw/alalakh/idrimi:X123456_project-en.11.14"
      ]
    },
    {
      "key": "alalah",
      "count": "5",
      "instances": [
        "aemw/alalakh/idrimi:X123456_project-en.0.16",
        "aemw/alalakh/idrimi:X123456_project-en.4.65",
        "aemw/alalakh/idrimi:X123456_project-en.6.147",
        "aemw/alalakh/idrimi:X123456_project-en.8.9",
        "aemw/alalakh/idrimi:X123456_project-en.10.14"
      ]
    },
    {
      "key": "forefath",
      "count": "3",
      "instances": [
        "aemw/alalakh/idrimi:X123456_project-en.6.40",
        "aemw/alalakh/idrimi:X123456_project-en.6.44",
        "aemw/alalakh/idrimi:X123456_project-en.7.6"
      ]
    },
    {
      "key": "plunder",
      "count": "1",
      "instances": [
        "aemw/alalakh/idrimi:X123456_project-en.7.91"
      ]
    },
    {
      "key": "releas",
      "count": "1",
      "instances": [
        "aemw/alalakh/idrimi:X123456_project-en.3.77"
      ]
    },
    {
      "key": "bad",
      "count": "1",
      "instances": [
        "aemw/alalakh/idrimi:X123456_project-en.1.8"
      ]
    },
    {
      "key": "peopl",
      "count": "2",
      "instances": [
        "aemw/alalakh/idrimi:X123456_project-en.1.66",
        "aemw/alalakh/idrimi:X123456_project-en.3.27"
      ]
    },
    {
      "key": "those",
      "count": "1",
      "instances": [
        "aemw/alalakh/idrimi:X123456_project-en.9.13"
      ]
    },
    {
      "key": "listen",
      "count": "1",
      "instances": [
        "aemw/alalakh/idrimi:X123456_project-en.6.73"
      ]
    },
    {
      "key": "myself",
      "count": "2",
      "instances": [
        "aemw/alalakh/idrimi:X123456_project-en.7.101",
        "aemw/alalakh/idrimi:X123456_project-en.13.11"
      ]
    },
    {
      "key": "lord",
      "count": "4",
      "instances": [
        "aemw/alalakh/idrimi:X123456_project-en.3.50",
        "aemw/alalakh/idrimi:X123456_project-en.11.44",
        "aemw/alalakh/idrimi:X123456_project-en.12.50",
        "aemw/alalakh/idrimi:X123456_project-en.12.55"
      ]
    },
    {
      "key": "rite",
      "count": "1",
      "instances": [
        "aemw/alalakh/idrimi:X123456_project-en.10.40"
      ]
    },
    {
      "key": "lost",
      "count": "1",
      "instances": [
        "aemw/alalakh/idrimi:X123456_project-en.6.123"
      ]
    },
    {
      "key": "look",
      "count": "1",
      "instances": [
        "aemw/alalakh/idrimi:X123456_project-en.13.15"
      ]
    },
    {
      "key": "long",
      "count": "1",
      "instances": [
        "aemw/alalakh/idrimi:X123456_project-en.3.69"
      ]
    },
    {
      "key": "servic",
      "count": "3",
      "instances": [
        "aemw/alalakh/idrimi:X123456_project-en.6.37",
        "aemw/alalakh/idrimi:X123456_project-en.6.76",
        "aemw/alalakh/idrimi:X123456_project-en.6.111"
      ]
    },
    {
      "key": "emar",
      "count": "2",
      "instances": [
        "aemw/alalakh/idrimi:X123456_project-en.1.23",
        "aemw/alalakh/idrimi:X123456_project-en.1.68"
      ]
    },
    {
      "key": "between",
      "count": "2",
      "instances": [
        "aemw/alalakh/idrimi:X123456_project-en.6.68",
        "aemw/alalakh/idrimi:X123456_project-en.6.85"
      ]
    },
    {
      "key": "niya",
      "count": "1",
      "instances": [
        "aemw/alalakh/idrimi:X123456_project-en.4.57"
      ]
    },
    {
      "key": "seed",
      "count": "1",
      "instances": [
        "aemw/alalakh/idrimi:X123456_project-en.11.57"
      ]
    },
    {
      "key": "but",
      "count": "1",
      "instances": [
        "aemw/alalakh/idrimi:X123456_project-en.1.58"
      ]
    },
    {
      "key": "load",
      "count": "1",
      "instances": [
        "aemw/alalakh/idrimi:X123456_project-en.4.4"
      ]
    },
    {
      "key": "whoever",
      "count": "2",
      "instances": [
        "aemw/alalakh/idrimi:X123456_project-en.11.0",
        "aemw/alalakh/idrimi:X123456_project-en.11.32"
      ]
    },
    {
      "key": "seventh",
      "count": "1",
      "instances": [
        "aemw/alalakh/idrimi:X123456_project-en.6.19"
      ]
    },
    {
      "key": "uluzila",
      "count": "1",
      "instances": [
        "aemw/alalakh/idrimi:X123456_project-en.7.49"
      ]
    },
    {
      "key": "labor",
      "count": "1",
      "instances": [
        "aemw/alalakh/idrimi:X123456_project-en.13.9"
      ]
    },
    {
      "key": "prayer",
      "count": "1",
      "instances": [
        "aemw/alalakh/idrimi:X123456_project-en.10.20"
      ]
    },
    {
      "key": "stay",
      "count": "1",
      "instances": [
        "aemw/alalakh/idrimi:X123456_project-en.3.72"
      ]
    },
    {
      "key": "cross",
      "count": "1",
      "instances": [
        "aemw/alalakh/idrimi:X123456_project-en.2.10"
      ]
    },
    {
      "key": "emarit",
      "count": "1",
      "instances": [
        "aemw/alalakh/idrimi:X123456_project-en.1.16"
      ]
    },
    {
      "key": "zaruna",
      "count": "1",
      "instances": [
        "aemw/alalakh/idrimi:X123456_project-en.7.51"
      ]
    },
    {
      "key": "soldier",
      "count": "1",
      "instances": [
        "aemw/alalakh/idrimi:X123456_project-en.4.5"
      ]
    },
    {
      "key": "sun",
      "count": "2",
      "instances": [
        "aemw/alalakh/idrimi:X123456_project-en.12.10",
        "aemw/alalakh/idrimi:X123456_project-en.12.48"
      ]
    },
    {
      "key": "around",
      "count": "1",
      "instances": [
        "aemw/alalakh/idrimi:X123456_project-en.3.54"
      ]
    },
    {
      "key": "offspr",
      "count": "1",
      "instances": [
        "aemw/alalakh/idrimi:X123456_project-en.11.17"
      ]
    },
    {
      "key": "son",
      "count": "5",
      "instances": [
        "aemw/alalakh/idrimi:X123456_project-en.0.4",
        "aemw/alalakh/idrimi:X123456_project-en.3.47",
        "aemw/alalakh/idrimi:X123456_project-en.8.56",
        "aemw/alalakh/idrimi:X123456_project-en.8.59",
        "aemw/alalakh/idrimi:X123456_project-en.10.48"
      ]
    },
    {
      "key": "accept",
      "count": "1",
      "instances": [
        "aemw/alalakh/idrimi:X123456_project-en.6.96"
      ]
    },
    {
      "key": "heard",
      "count": "2",
      "instances": [
        "aemw/alalakh/idrimi:X123456_project-en.4.38",
        "aemw/alalakh/idrimi:X123456_project-en.5.2"
      ]
    },
    {
      "key": "alli",
      "count": "1",
      "instances": [
        "aemw/alalakh/idrimi:X123456_project-en.7.99"
      ]
    },
    {
      "key": "sit",
      "count": "1",
      "instances": [
        "aemw/alalakh/idrimi:X123456_project-en.3.17"
      ]
    },
    {
      "key": "inscript",
      "count": "2",
      "instances": [
        "aemw/alalakh/idrimi:X123456_project-en.11.35",
        "aemw/alalakh/idrimi:X123456_project-en.12.23"
      ]
    },
    {
      "key": "sea",
      "count": "1",
      "instances": [
        "aemw/alalakh/idrimi:X123456_project-en.4.16"
      ]
    },
    {
      "key": "set",
      "count": "2",
      "instances": [
        "aemw/alalakh/idrimi:X123456_project-en.3.4",
        "aemw/alalakh/idrimi:X123456_project-en.7.21"
      ]
    },
    {
      "key": "aliv",
      "count": "1",
      "instances": [
        "aemw/alalakh/idrimi:X123456_project-en.12.36"
      ]
    },
    {
      "key": "iliilimma",
      "count": "1",
      "instances": [
        "aemw/alalakh/idrimi:X123456_project-en.0.6"
      ]
    },
    {
      "key": "forc",
      "count": "2",
      "instances": [
        "aemw/alalakh/idrimi:X123456_project-en.5.12",
        "aemw/alalakh/idrimi:X123456_project-en.6.46"
      ]
    },
    {
      "key": "mukiš",
      "count": "4",
      "instances": [
        "aemw/alalakh/idrimi:X123456_project-en.3.35",
        "aemw/alalakh/idrimi:X123456_project-en.4.14",
        "aemw/alalakh/idrimi:X123456_project-en.4.60",
        "aemw/alalakh/idrimi:X123456_project-en.8.6"
      ]
    },
    {
      "key": "elev",
      "count": "1",
      "instances": [
        "aemw/alalakh/idrimi:X123456_project-en.3.60"
      ]
    },
    {
      "key": "about",
      "count": "2",
      "instances": [
        "aemw/alalakh/idrimi:X123456_project-en.4.39",
        "aemw/alalakh/idrimi:X123456_project-en.5.3"
      ]
    },
    {
      "key": "god",
      "count": "9",
      "instances": [
        "aemw/alalakh/idrimi:X123456_project-en.3.93",
        "aemw/alalakh/idrimi:X123456_project-en.10.12",
        "aemw/alalakh/idrimi:X123456_project-en.11.20",
        "aemw/alalakh/idrimi:X123456_project-en.11.51",
        "aemw/alalakh/idrimi:X123456_project-en.12.9",
        "aemw/alalakh/idrimi:X123456_project-en.12.11",
        "aemw/alalakh/idrimi:X123456_project-en.12.13",
        "aemw/alalakh/idrimi:X123456_project-en.12.29",
        "aemw/alalakh/idrimi:X123456_project-en.12.49"
      ]
    },
    {
      "key": "citi",
      "count": "8",
      "instances": [
        "aemw/alalakh/idrimi:X123456_project-en.3.14",
        "aemw/alalakh/idrimi:X123456_project-en.4.63",
        "aemw/alalakh/idrimi:X123456_project-en.4.67",
        "aemw/alalakh/idrimi:X123456_project-en.7.2",
        "aemw/alalakh/idrimi:X123456_project-en.7.41",
        "aemw/alalakh/idrimi:X123456_project-en.7.55",
        "aemw/alalakh/idrimi:X123456_project-en.8.11",
        "aemw/alalakh/idrimi:X123456_project-en.9.25"
      ]
    },
    {
      "key": "idrimi",
      "count": "1",
      "instances": [
        "aemw/alalakh/idrimi:X123456_project-en.0.2"
      ]
    },
    {
      "key": "carri",
      "count": "1",
      "instances": [
        "aemw/alalakh/idrimi:X123456_project-en.7.77"
      ]
    },
    {
      "key": "ištar",
      "count": "2",
      "instances": [
        "aemw/alalakh/idrimi:X123456_project-en.0.12",
        "aemw/alalakh/idrimi:X123456_project-en.12.15"
      ]
    },
    {
      "key": "this",
      "count": "4",
      "instances": [
        "aemw/alalakh/idrimi:X123456_project-en.1.40",
        "aemw/alalakh/idrimi:X123456_project-en.5.4",
        "aemw/alalakh/idrimi:X123456_project-en.11.2",
        "aemw/alalakh/idrimi:X123456_project-en.12.25"
      ]
    },
    {
      "key": "captiv",
      "count": "2",
      "instances": [
        "aemw/alalakh/idrimi:X123456_project-en.7.79",
        "aemw/alalakh/idrimi:X123456_project-en.8.14"
      ]
    },
    {
      "key": "storm",
      "count": "2",
      "instances": [
        "aemw/alalakh/idrimi:X123456_project-en.3.92",
        "aemw/alalakh/idrimi:X123456_project-en.12.8"
      ]
    },
    {
      "key": "mother",
      "count": "1",
      "instances": [
        "aemw/alalakh/idrimi:X123456_project-en.1.18"
      ]
    },
    {
      "key": "they",
      "count": "6",
      "instances": [
        "aemw/alalakh/idrimi:X123456_project-en.3.39",
        "aemw/alalakh/idrimi:X123456_project-en.4.41",
        "aemw/alalakh/idrimi:X123456_project-en.6.63",
        "aemw/alalakh/idrimi:X123456_project-en.10.30",
        "aemw/alalakh/idrimi:X123456_project-en.12.41",
        "aemw/alalakh/idrimi:X123456_project-en.13.22"
      ]
    },
    {
      "key": "them",
      "count": "7",
      "instances": [
        "aemw/alalakh/idrimi:X123456_project-en.2.27",
        "aemw/alalakh/idrimi:X123456_project-en.6.48",
        "aemw/alalakh/idrimi:X123456_project-en.6.69",
        "aemw/alalakh/idrimi:X123456_project-en.6.86",
        "aemw/alalakh/idrimi:X123456_project-en.6.166",
        "aemw/alalakh/idrimi:X123456_project-en.10.44",
        "aemw/alalakh/idrimi:X123456_project-en.13.17"
      ]
    },
    {
      "key": "then",
      "count": "1",
      "instances": [
        "aemw/alalakh/idrimi:X123456_project-en.6.142"
      ]
    },
    {
      "key": "him",
      "count": "6",
      "instances": [
        "aemw/alalakh/idrimi:X123456_project-en.6.128",
        "aemw/alalakh/idrimi:X123456_project-en.11.10",
        "aemw/alalakh/idrimi:X123456_project-en.12.35",
        "aemw/alalakh/idrimi:X123456_project-en.12.39",
        "aemw/alalakh/idrimi:X123456_project-en.12.45",
        "aemw/alalakh/idrimi:X123456_project-en.12.62"
      ]
    },
    {
      "key": "that",
      "count": "9",
      "instances": [
        "aemw/alalakh/idrimi:X123456_project-en.3.43",
        "aemw/alalakh/idrimi:X123456_project-en.3.57",
        "aemw/alalakh/idrimi:X123456_project-en.6.42",
        "aemw/alalakh/idrimi:X123456_project-en.6.50",
        "aemw/alalakh/idrimi:X123456_project-en.6.83",
        "aemw/alalakh/idrimi:X123456_project-en.6.160",
        "aemw/alalakh/idrimi:X123456_project-en.8.23",
        "aemw/alalakh/idrimi:X123456_project-en.10.29",
        "aemw/alalakh/idrimi:X123456_project-en.13.21"
      ]
    },
    {
      "key": "his",
      "count": "7",
      "instances": [
        "aemw/alalakh/idrimi:X123456_project-en.1.55",
        "aemw/alalakh/idrimi:X123456_project-en.11.16",
        "aemw/alalakh/idrimi:X123456_project-en.11.27",
        "aemw/alalakh/idrimi:X123456_project-en.11.30",
        "aemw/alalakh/idrimi:X123456_project-en.11.53",
        "aemw/alalakh/idrimi:X123456_project-en.11.56",
        "aemw/alalakh/idrimi:X123456_project-en.11.59"
      ]
    },
    {
      "key": "captur",
      "count": "2",
      "instances": [
        "aemw/alalakh/idrimi:X123456_project-en.7.39",
        "aemw/alalakh/idrimi:X123456_project-en.7.53"
      ]
    },
    {
      "key": "scribe",
      "count": "2",
      "instances": [
        "aemw/alalakh/idrimi:X123456_project-en.12.2",
        "aemw/alalakh/idrimi:X123456_project-en.12.19"
      ]
    },
    {
      "key": "night",
      "count": "1",
      "instances": [
        "aemw/alalakh/idrimi:X123456_project-en.2.25"
      ]
    },
    {
      "key": "destroy",
      "count": "2",
      "instances": [
        "aemw/alalakh/idrimi:X123456_project-en.7.58",
        "aemw/alalakh/idrimi:X123456_project-en.11.52"
      ]
    },
    {
      "key": "had",
      "count": "2",
      "instances": [
        "aemw/alalakh/idrimi:X123456_project-en.8.33",
        "aemw/alalakh/idrimi:X123456_project-en.10.31"
      ]
    },
    {
      "key": "none",
      "count": "1",
      "instances": [
        "aemw/alalakh/idrimi:X123456_project-en.1.31"
      ]
    },
    {
      "key": "origin",
      "count": "1",
      "instances": [
        "aemw/alalakh/idrimi:X123456_project-en.3.28"
      ]
    },
    {
      "key": "some",
      "count": "1",
      "instances": [
        "aemw/alalakh/idrimi:X123456_project-en.1.47"
      ]
    },
    {
      "key": "thing",
      "count": "1",
      "instances": [
        "aemw/alalakh/idrimi:X123456_project-en.1.9"
      ]
    },
    {
      "key": "upon",
      "count": "1",
      "instances": [
        "aemw/alalakh/idrimi:X123456_project-en.13.16"
      ]
    },
    {
      "key": "nonetheless",
      "count": "1",
      "instances": [
        "aemw/alalakh/idrimi:X123456_project-en.1.61"
      ]
    },
    {
      "key": "built",
      "count": "2",
      "instances": [
        "aemw/alalakh/idrimi:X123456_project-en.4.1",
        "aemw/alalakh/idrimi:X123456_project-en.8.36"
      ]
    },
    {
      "key": "ummanmanda",
      "count": "1",
      "instances": [
        "aemw/alalakh/idrimi:X123456_project-en.6.32"
      ]
    },
    {
      "key": "reach",
      "count": "1",
      "instances": [
        "aemw/alalakh/idrimi:X123456_project-en.4.19"
      ]
    },
    {
      "key": "perform",
      "count": "3",
      "instances": [
        "aemw/alalakh/idrimi:X123456_project-en.10.18",
        "aemw/alalakh/idrimi:X123456_project-en.10.35",
        "aemw/alalakh/idrimi:X123456_project-en.10.38"
      ]
    },
    {
      "key": "deliber",
      "count": "1",
      "instances": [
        "aemw/alalakh/idrimi:X123456_project-en.1.32"
      ]
    },
    {
      "key": "journey",
      "count": "1",
      "instances": [
        "aemw/alalakh/idrimi:X123456_project-en.3.7"
      ]
    },
    {
      "key": "oath",
      "count": "5",
      "instances": [
        "aemw/alalakh/idrimi:X123456_project-en.6.67",
        "aemw/alalakh/idrimi:X123456_project-en.6.82",
        "aemw/alalakh/idrimi:X123456_project-en.6.94",
        "aemw/alalakh/idrimi:X123456_project-en.6.106",
        "aemw/alalakh/idrimi:X123456_project-en.6.133"
      ]
    },
    {
      "key": "iʾe",
      "count": "1",
      "instances": [
        "aemw/alalakh/idrimi:X123456_project-en.7.48"
      ]
    },
    {
      "key": "though",
      "count": "2",
      "instances": [
        "aemw/alalakh/idrimi:X123456_project-en.1.24",
        "aemw/alalakh/idrimi:X123456_project-en.7.105"
      ]
    },
    {
      "key": "abov",
      "count": "1",
      "instances": [
        "aemw/alalakh/idrimi:X123456_project-en.12.52"
      ]
    },
    {
      "key": "eras",
      "count": "1",
      "instances": [
        "aemw/alalakh/idrimi:X123456_project-en.11.37"
      ]
    },
    {
      "key": "turn",
      "count": "2",
      "instances": [
        "aemw/alalakh/idrimi:X123456_project-en.3.94",
        "aemw/alalakh/idrimi:X123456_project-en.4.68"
      ]
    },
    {
      "key": "auguri",
      "count": "1",
      "instances": [
        "aemw/alalakh/idrimi:X123456_project-en.3.80"
      ]
    },
    {
      "key": "šarruwa",
      "count": "2",
      "instances": [
        "aemw/alalakh/idrimi:X123456_project-en.12.0",
        "aemw/alalakh/idrimi:X123456_project-en.12.16"
      ]
    },
    {
      "key": "word",
      "count": "3",
      "instances": [
        "aemw/alalakh/idrimi:X123456_project-en.6.52",
        "aemw/alalakh/idrimi:X123456_project-en.13.19",
        "aemw/alalakh/idrimi:X123456_project-en.13.24"
      ]
    },
    {
      "key": "king",
      "count": "11",
      "instances": [
        "aemw/alalakh/idrimi:X123456_project-en.6.7",
        "aemw/alalakh/idrimi:X123456_project-en.6.9",
        "aemw/alalakh/idrimi:X123456_project-en.6.28",
        "aemw/alalakh/idrimi:X123456_project-en.6.29",
        "aemw/alalakh/idrimi:X123456_project-en.6.56",
        "aemw/alalakh/idrimi:X123456_project-en.6.72",
        "aemw/alalakh/idrimi:X123456_project-en.6.145",
        "aemw/alalakh/idrimi:X123456_project-en.6.148",
        "aemw/alalakh/idrimi:X123456_project-en.8.45",
        "aemw/alalakh/idrimi:X123456_project-en.8.54",
        "aemw/alalakh/idrimi:X123456_project-en.13.2"
      ]
    },
    {
      "key": "for",
      "count": "9",
      "instances": [
        "aemw/alalakh/idrimi:X123456_project-en.3.67",
        "aemw/alalakh/idrimi:X123456_project-en.6.1",
        "aemw/alalakh/idrimi:X123456_project-en.6.15",
        "aemw/alalakh/idrimi:X123456_project-en.6.54",
        "aemw/alalakh/idrimi:X123456_project-en.6.115",
        "aemw/alalakh/idrimi:X123456_project-en.6.146",
        "aemw/alalakh/idrimi:X123456_project-en.7.25",
        "aemw/alalakh/idrimi:X123456_project-en.12.61",
        "aemw/alalakh/idrimi:X123456_project-en.13.3"
      ]
    },
    {
      "key": "equal",
      "count": "1",
      "instances": [
        "aemw/alalakh/idrimi:X123456_project-en.6.164"
      ]
    },
    {
      "key": "befor",
      "count": "1",
      "instances": [
        "aemw/alalakh/idrimi:X123456_project-en.5.7"
      ]
    },
    {
      "key": "hurrian",
      "count": "2",
      "instances": [
        "aemw/alalakh/idrimi:X123456_project-en.6.12",
        "aemw/alalakh/idrimi:X123456_project-en.6.59"
      ]
    },
    {
      "key": "middl",
      "count": "1",
      "instances": [
        "aemw/alalakh/idrimi:X123456_project-en.1.51"
      ]
    },
    {
      "key": "right",
      "count": "1",
      "instances": [
        "aemw/alalakh/idrimi:X123456_project-en.6.151"
      ]
    },
    {
      "key": "inspect",
      "count": "1",
      "instances": [
        "aemw/alalakh/idrimi:X123456_project-en.3.82"
      ]
    },
    {
      "key": "bird",
      "count": "1",
      "instances": [
        "aemw/alalakh/idrimi:X123456_project-en.3.78"
      ]
    },
    {
      "key": "enlarg",
      "count": "1",
      "instances": [
        "aemw/alalakh/idrimi:X123456_project-en.6.113"
      ]
    },
    {
      "key": "groom",
      "count": "1",
      "instances": [
        "aemw/alalakh/idrimi:X123456_project-en.2.8"
      ]
    },
    {
      "key": "hatti",
      "count": "3",
      "instances": [
        "aemw/alalakh/idrimi:X123456_project-en.7.37",
        "aemw/alalakh/idrimi:X123456_project-en.7.63",
        "aemw/alalakh/idrimi:X123456_project-en.8.31"
      ]
    },
    {
      "key": "i",
      "count": "47",
      "instances": [
        "aemw/alalakh/idrimi:X123456_project-en.0.0",
        "aemw/alalakh/idrimi:X123456_project-en.1.35",
        "aemw/alalakh/idrimi:X123456_project-en.1.37",
        "aemw/alalakh/idrimi:X123456_project-en.2.0",
        "aemw/alalakh/idrimi:X123456_project-en.2.9",
        "aemw/alalakh/idrimi:X123456_project-en.2.17",
        "aemw/alalakh/idrimi:X123456_project-en.2.22",
        "aemw/alalakh/idrimi:X123456_project-en.3.3",
        "aemw/alalakh/idrimi:X123456_project-en.3.44",
        "aemw/alalakh/idrimi:X123456_project-en.3.58",
        "aemw/alalakh/idrimi:X123456_project-en.3.71",
        "aemw/alalakh/idrimi:X123456_project-en.3.76",
        "aemw/alalakh/idrimi:X123456_project-en.3.81",
        "aemw/alalakh/idrimi:X123456_project-en.4.0",
        "aemw/alalakh/idrimi:X123456_project-en.4.3",
        "aemw/alalakh/idrimi:X123456_project-en.4.9",
        "aemw/alalakh/idrimi:X123456_project-en.4.18",
        "aemw/alalakh/idrimi:X123456_project-en.4.31",
        "aemw/alalakh/idrimi:X123456_project-en.5.16",
        "aemw/alalakh/idrimi:X123456_project-en.6.23",
        "aemw/alalakh/idrimi:X123456_project-en.6.112",
        "aemw/alalakh/idrimi:X123456_project-en.6.129",
        "aemw/alalakh/idrimi:X123456_project-en.6.143",
        "aemw/alalakh/idrimi:X123456_project-en.6.161",
        "aemw/alalakh/idrimi:X123456_project-en.7.12",
        "aemw/alalakh/idrimi:X123456_project-en.7.20",
        "aemw/alalakh/idrimi:X123456_project-en.7.28",
        "aemw/alalakh/idrimi:X123456_project-en.7.52",
        "aemw/alalakh/idrimi:X123456_project-en.7.57",
        "aemw/alalakh/idrimi:X123456_project-en.7.71",
        "aemw/alalakh/idrimi:X123456_project-en.7.74",
        "aemw/alalakh/idrimi:X123456_project-en.7.76",
        "aemw/alalakh/idrimi:X123456_project-en.7.88",
        "aemw/alalakh/idrimi:X123456_project-en.7.100",
        "aemw/alalakh/idrimi:X123456_project-en.8.0",
        "aemw/alalakh/idrimi:X123456_project-en.8.24",
        "aemw/alalakh/idrimi:X123456_project-en.8.32",
        "aemw/alalakh/idrimi:X123456_project-en.8.37",
        "aemw/alalakh/idrimi:X123456_project-en.8.46",
        "aemw/alalakh/idrimi:X123456_project-en.9.0",
        "aemw/alalakh/idrimi:X123456_project-en.9.10",
        "aemw/alalakh/idrimi:X123456_project-en.9.18",
        "aemw/alalakh/idrimi:X123456_project-en.10.15",
        "aemw/alalakh/idrimi:X123456_project-en.10.37",
        "aemw/alalakh/idrimi:X123456_project-en.10.42",
        "aemw/alalakh/idrimi:X123456_project-en.13.0",
        "aemw/alalakh/idrimi:X123456_project-en.13.6"
      ]
    },
    {
      "key": "the",
      "count": "73",
      "instances": [
        "aemw/alalakh/idrimi:X123456_project-en.0.3",
        "aemw/alalakh/idrimi:X123456_project-en.0.13",
        "aemw/alalakh/idrimi:X123456_project-en.0.17",
        "aemw/alalakh/idrimi:X123456_project-en.1.2",
        "aemw/alalakh/idrimi:X123456_project-en.1.15",
        "aemw/alalakh/idrimi:X123456_project-en.1.65",
        "aemw/alalakh/idrimi:X123456_project-en.2.19",
        "aemw/alalakh/idrimi:X123456_project-en.2.24",
        "aemw/alalakh/idrimi:X123456_project-en.2.29",
        "aemw/alalakh/idrimi:X123456_project-en.2.32",
        "aemw/alalakh/idrimi:X123456_project-en.3.0",
        "aemw/alalakh/idrimi:X123456_project-en.3.9",
        "aemw/alalakh/idrimi:X123456_project-en.3.13",
        "aemw/alalakh/idrimi:X123456_project-en.3.19",
        "aemw/alalakh/idrimi:X123456_project-en.3.32",
        "aemw/alalakh/idrimi:X123456_project-en.3.46",
        "aemw/alalakh/idrimi:X123456_project-en.3.74",
        "aemw/alalakh/idrimi:X123456_project-en.3.83",
        "aemw/alalakh/idrimi:X123456_project-en.3.91",
        "aemw/alalakh/idrimi:X123456_project-en.4.7",
        "aemw/alalakh/idrimi:X123456_project-en.4.11",
        "aemw/alalakh/idrimi:X123456_project-en.4.54",
        "aemw/alalakh/idrimi:X123456_project-en.4.62",
        "aemw/alalakh/idrimi:X123456_project-en.6.5",
        "aemw/alalakh/idrimi:X123456_project-en.6.8",
        "aemw/alalakh/idrimi:X123456_project-en.6.11",
        "aemw/alalakh/idrimi:X123456_project-en.6.18",
        "aemw/alalakh/idrimi:X123456_project-en.6.21",
        "aemw/alalakh/idrimi:X123456_project-en.6.27",
        "aemw/alalakh/idrimi:X123456_project-en.6.31",
        "aemw/alalakh/idrimi:X123456_project-en.6.36",
        "aemw/alalakh/idrimi:X123456_project-en.6.43",
        "aemw/alalakh/idrimi:X123456_project-en.6.55",
        "aemw/alalakh/idrimi:X123456_project-en.6.58",
        "aemw/alalakh/idrimi:X123456_project-en.6.70",
        "aemw/alalakh/idrimi:X123456_project-en.6.75",
        "aemw/alalakh/idrimi:X123456_project-en.6.81",
        "aemw/alalakh/idrimi:X123456_project-en.6.90",
        "aemw/alalakh/idrimi:X123456_project-en.6.93",
        "aemw/alalakh/idrimi:X123456_project-en.6.102",
        "aemw/alalakh/idrimi:X123456_project-en.6.105",
        "aemw/alalakh/idrimi:X123456_project-en.6.131",
        "aemw/alalakh/idrimi:X123456_project-en.7.1",
        "aemw/alalakh/idrimi:X123456_project-en.7.5",
        "aemw/alalakh/idrimi:X123456_project-en.7.10",
        "aemw/alalakh/idrimi:X123456_project-en.7.17",
        "aemw/alalakh/idrimi:X123456_project-en.7.34",
        "aemw/alalakh/idrimi:X123456_project-en.7.60",
        "aemw/alalakh/idrimi:X123456_project-en.7.90",
        "aemw/alalakh/idrimi:X123456_project-en.8.3",
        "aemw/alalakh/idrimi:X123456_project-en.8.13",
        "aemw/alalakh/idrimi:X123456_project-en.8.19",
        "aemw/alalakh/idrimi:X123456_project-en.8.28",
        "aemw/alalakh/idrimi:X123456_project-en.8.42",
        "aemw/alalakh/idrimi:X123456_project-en.8.51",
        "aemw/alalakh/idrimi:X123456_project-en.9.2",
        "aemw/alalakh/idrimi:X123456_project-en.10.6",
        "aemw/alalakh/idrimi:X123456_project-en.10.11",
        "aemw/alalakh/idrimi:X123456_project-en.10.19",
        "aemw/alalakh/idrimi:X123456_project-en.10.27",
        "aemw/alalakh/idrimi:X123456_project-en.11.12",
        "aemw/alalakh/idrimi:X123456_project-en.11.19",
        "aemw/alalakh/idrimi:X123456_project-en.11.34",
        "aemw/alalakh/idrimi:X123456_project-en.11.43",
        "aemw/alalakh/idrimi:X123456_project-en.11.49",
        "aemw/alalakh/idrimi:X123456_project-en.12.1",
        "aemw/alalakh/idrimi:X123456_project-en.12.7",
        "aemw/alalakh/idrimi:X123456_project-en.12.18",
        "aemw/alalakh/idrimi:X123456_project-en.12.22",
        "aemw/alalakh/idrimi:X123456_project-en.12.28",
        "aemw/alalakh/idrimi:X123456_project-en.12.47",
        "aemw/alalakh/idrimi:X123456_project-en.13.18",
        "aemw/alalakh/idrimi:X123456_project-en.13.23"
      ]
    },
    {
      "key": "of",
      "count": "48",
      "instances": [
        "aemw/alalakh/idrimi:X123456_project-en.0.5",
        "aemw/alalakh/idrimi:X123456_project-en.0.15",
        "aemw/alalakh/idrimi:X123456_project-en.1.4",
        "aemw/alalakh/idrimi:X123456_project-en.1.46",
        "aemw/alalakh/idrimi:X123456_project-en.1.67",
        "aemw/alalakh/idrimi:X123456_project-en.2.31",
        "aemw/alalakh/idrimi:X123456_project-en.3.11",
        "aemw/alalakh/idrimi:X123456_project-en.3.15",
        "aemw/alalakh/idrimi:X123456_project-en.3.21",
        "aemw/alalakh/idrimi:X123456_project-en.3.34",
        "aemw/alalakh/idrimi:X123456_project-en.3.48",
        "aemw/alalakh/idrimi:X123456_project-en.3.85",
        "aemw/alalakh/idrimi:X123456_project-en.4.13",
        "aemw/alalakh/idrimi:X123456_project-en.4.24",
        "aemw/alalakh/idrimi:X123456_project-en.4.56",
        "aemw/alalakh/idrimi:X123456_project-en.4.64",
        "aemw/alalakh/idrimi:X123456_project-en.6.10",
        "aemw/alalakh/idrimi:X123456_project-en.6.20",
        "aemw/alalakh/idrimi:X123456_project-en.6.30",
        "aemw/alalakh/idrimi:X123456_project-en.6.35",
        "aemw/alalakh/idrimi:X123456_project-en.6.38",
        "aemw/alalakh/idrimi:X123456_project-en.6.57",
        "aemw/alalakh/idrimi:X123456_project-en.6.77",
        "aemw/alalakh/idrimi:X123456_project-en.6.92",
        "aemw/alalakh/idrimi:X123456_project-en.6.101",
        "aemw/alalakh/idrimi:X123456_project-en.6.104",
        "aemw/alalakh/idrimi:X123456_project-en.6.109",
        "aemw/alalakh/idrimi:X123456_project-en.6.117",
        "aemw/alalakh/idrimi:X123456_project-en.7.4",
        "aemw/alalakh/idrimi:X123456_project-en.7.36",
        "aemw/alalakh/idrimi:X123456_project-en.7.62",
        "aemw/alalakh/idrimi:X123456_project-en.7.84",
        "aemw/alalakh/idrimi:X123456_project-en.8.5",
        "aemw/alalakh/idrimi:X123456_project-en.8.30",
        "aemw/alalakh/idrimi:X123456_project-en.8.44",
        "aemw/alalakh/idrimi:X123456_project-en.8.53",
        "aemw/alalakh/idrimi:X123456_project-en.9.4",
        "aemw/alalakh/idrimi:X123456_project-en.10.8",
        "aemw/alalakh/idrimi:X123456_project-en.10.10",
        "aemw/alalakh/idrimi:X123456_project-en.10.13",
        "aemw/alalakh/idrimi:X123456_project-en.10.23",
        "aemw/alalakh/idrimi:X123456_project-en.11.4",
        "aemw/alalakh/idrimi:X123456_project-en.11.21",
        "aemw/alalakh/idrimi:X123456_project-en.11.45",
        "aemw/alalakh/idrimi:X123456_project-en.12.6",
        "aemw/alalakh/idrimi:X123456_project-en.12.30",
        "aemw/alalakh/idrimi:X123456_project-en.12.51",
        "aemw/alalakh/idrimi:X123456_project-en.12.56"
      ]
    },
    {
      "key": "and",
      "count": "48",
      "instances": [
        "aemw/alalakh/idrimi:X123456_project-en.0.11",
        "aemw/alalakh/idrimi:X123456_project-en.1.20",
        "aemw/alalakh/idrimi:X123456_project-en.2.6",
        "aemw/alalakh/idrimi:X123456_project-en.3.6",
        "aemw/alalakh/idrimi:X123456_project-en.3.23",
        "aemw/alalakh/idrimi:X123456_project-en.3.31",
        "aemw/alalakh/idrimi:X123456_project-en.3.37",
        "aemw/alalakh/idrimi:X123456_project-en.3.52",
        "aemw/alalakh/idrimi:X123456_project-en.3.87",
        "aemw/alalakh/idrimi:X123456_project-en.4.17",
        "aemw/alalakh/idrimi:X123456_project-en.4.34",
        "aemw/alalakh/idrimi:X123456_project-en.4.44",
        "aemw/alalakh/idrimi:X123456_project-en.4.59",
        "aemw/alalakh/idrimi:X123456_project-en.4.61",
        "aemw/alalakh/idrimi:X123456_project-en.5.5",
        "aemw/alalakh/idrimi:X123456_project-en.5.15",
        "aemw/alalakh/idrimi:X123456_project-en.6.33",
        "aemw/alalakh/idrimi:X123456_project-en.6.80",
        "aemw/alalakh/idrimi:X123456_project-en.6.87",
        "aemw/alalakh/idrimi:X123456_project-en.6.107",
        "aemw/alalakh/idrimi:X123456_project-en.6.120",
        "aemw/alalakh/idrimi:X123456_project-en.6.141",
        "aemw/alalakh/idrimi:X123456_project-en.6.152",
        "aemw/alalakh/idrimi:X123456_project-en.7.19",
        "aemw/alalakh/idrimi:X123456_project-en.7.38",
        "aemw/alalakh/idrimi:X123456_project-en.7.50",
        "aemw/alalakh/idrimi:X123456_project-en.7.56",
        "aemw/alalakh/idrimi:X123456_project-en.7.67",
        "aemw/alalakh/idrimi:X123456_project-en.7.80",
        "aemw/alalakh/idrimi:X123456_project-en.7.86",
        "aemw/alalakh/idrimi:X123456_project-en.7.97",
        "aemw/alalakh/idrimi:X123456_project-en.8.7",
        "aemw/alalakh/idrimi:X123456_project-en.8.15",
        "aemw/alalakh/idrimi:X123456_project-en.8.21",
        "aemw/alalakh/idrimi:X123456_project-en.8.60",
        "aemw/alalakh/idrimi:X123456_project-en.9.22",
        "aemw/alalakh/idrimi:X123456_project-en.10.0",
        "aemw/alalakh/idrimi:X123456_project-en.10.21",
        "aemw/alalakh/idrimi:X123456_project-en.10.41",
        "aemw/alalakh/idrimi:X123456_project-en.11.11",
        "aemw/alalakh/idrimi:X123456_project-en.11.23",
        "aemw/alalakh/idrimi:X123456_project-en.11.29",
        "aemw/alalakh/idrimi:X123456_project-en.11.48",
        "aemw/alalakh/idrimi:X123456_project-en.11.55",
        "aemw/alalakh/idrimi:X123456_project-en.12.14",
        "aemw/alalakh/idrimi:X123456_project-en.12.32",
        "aemw/alalakh/idrimi:X123456_project-en.12.37",
        "aemw/alalakh/idrimi:X123456_project-en.12.53"
      ]
    },
    {
      "key": "my",
      "count": "30",
      "instances": [
        "aemw/alalakh/idrimi:X123456_project-en.0.19",
        "aemw/alalakh/idrimi:X123456_project-en.1.5",
        "aemw/alalakh/idrimi:X123456_project-en.1.17",
        "aemw/alalakh/idrimi:X123456_project-en.1.25",
        "aemw/alalakh/idrimi:X123456_project-en.2.2",
        "aemw/alalakh/idrimi:X123456_project-en.2.4",
        "aemw/alalakh/idrimi:X123456_project-en.2.7",
        "aemw/alalakh/idrimi:X123456_project-en.4.36",
        "aemw/alalakh/idrimi:X123456_project-en.4.66",
        "aemw/alalakh/idrimi:X123456_project-en.5.0",
        "aemw/alalakh/idrimi:X123456_project-en.5.9",
        "aemw/alalakh/idrimi:X123456_project-en.5.18",
        "aemw/alalakh/idrimi:X123456_project-en.6.39",
        "aemw/alalakh/idrimi:X123456_project-en.6.97",
        "aemw/alalakh/idrimi:X123456_project-en.6.135",
        "aemw/alalakh/idrimi:X123456_project-en.6.150",
        "aemw/alalakh/idrimi:X123456_project-en.6.153",
        "aemw/alalakh/idrimi:X123456_project-en.7.93",
        "aemw/alalakh/idrimi:X123456_project-en.7.95",
        "aemw/alalakh/idrimi:X123456_project-en.7.98",
        "aemw/alalakh/idrimi:X123456_project-en.8.10",
        "aemw/alalakh/idrimi:X123456_project-en.8.39",
        "aemw/alalakh/idrimi:X123456_project-en.8.48",
        "aemw/alalakh/idrimi:X123456_project-en.8.55",
        "aemw/alalakh/idrimi:X123456_project-en.8.61",
        "aemw/alalakh/idrimi:X123456_project-en.9.5",
        "aemw/alalakh/idrimi:X123456_project-en.9.20",
        "aemw/alalakh/idrimi:X123456_project-en.9.24",
        "aemw/alalakh/idrimi:X123456_project-en.10.47",
        "aemw/alalakh/idrimi:X123456_project-en.13.8"
      ]
    }
  ],
  "map": {
    "Alalah": "alalah",
    "Aleppo": "aleppo",
    "Amaʾe": "amaʾ",
    "Ammiya": "ammiya",
    "And": "and",
    "Aqraa": "aqraa",
    "Barattarna": "barattarna",
    "Because": "becaus",
    "Canaan": "canaan",
    "Cassius/Jebel": "cassiusjebel",
    "Damarutla": "damarutla",
    "Emar": "emar",
    "Emar?”": "emar",
    "Emarites": "emarit",
    "For": "for",
    "Furthermore": "furthermor",
    "God": "god",
    "Hatti": "hatti",
    "Hazzi": "hazzi",
    "He": "he",
    "Heaven": "heaven",
    "Hebat": "hebat",
    "Hulahan": "hulahan",
    "Hurrians": "hurrian",
    "I": "i",
    "IM": "im",
    "IM-nērārī": "imnerari",
    "Idrimi": "idrimi",
    "Ilī-ilimma": "iliilimma",
    "In": "in",
    "It": "it",
    "IŠTAR": "ištar",
    "Iʾe": "iʾe",
    "Kings": "king",
    "May": "may",
    "Moon": "moon",
    "Mount": "mount",
    "Mukiš": "mukiš",
    "My": "my",
    "Niya": "niya",
    "Niye": "niy",
    "Paššahe": "paššah",
    "Storm": "storm",
    "Sun": "sun",
    "Sutean": "sutean",
    "The": "the",
    "These": "these",
    "They": "they",
    "Though": "though",
    "Uluzila": "uluzila",
    "Umman-manda": "ummanmanda",
    "Underworld": "underworld",
    "Whoever": "whoever",
    "With": "with",
    "Zaruna": "zaruna",
    "Zila": "zila",
    "above": "abov",
    "accepted": "accept",
    "alive": "aliv",
    "allies": "alli",
    "alters": "alter",
    "ancestors": "ancestor",
    "approached": "approach",
    "auguries": "auguri",
    "auxiliaries": "auxiliari",
    "battle": "battl",
    "because": "becaus",
    "before": "befor",
    "birds": "bird",
    "blessings": "bless",
    "bricks": "brick",
    "brothers": "brother",
    "captives": "captiv",
    "captured": "captur",
    "carried": "carri",
    "caused": "caus",
    "cities": "citi",
    "city": "citi",
    "comfortable": "comfort",
    "companions": "companion",
    "crossed": "cross",
    "curse": "curs",
    "deliberated": "deliber",
    "desolate": "desol",
    "destroyed": "destroy",
    "distributed": "distribut",
    "dry": "dri",
    "dwelling": "dwell",
    "dwellings": "dwell",
    "elevated": "elev",
    "enemies": "enemi",
    "enlarged": "enlarg",
    "entered": "enter",
    "entrusted": "entrust",
    "erases": "eras",
    "established": "establish",
    "fathers": "father",
    "father’s": "father",
    "forces": "forc",
    "forefathers": "forefath",
    "gathered": "gather",
    "ghosts": "ghost",
    "gods": "god",
    "goods": "good",
    "greeting": "greet",
    "horse": "hors",
    "house": "hous",
    "housed": "hous",
    "i.e": "ie",
    "inhabitants": "inhabit",
    "inscription": "inscript",
    "inspected": "inspect",
    "joined": "join",
    "journeyed": "journey",
    "kings": "king",
    "labors": "labor",
    "lacked": "lack",
    "lady": "ladi",
    "lambs": "lamb",
    "lands": "land",
    "listened": "listen",
    "lived": "live",
    "livers": "liver",
    "loaded": "load",
    "matters": "matter",
    "meanings": "mean",
    "measure": "measur",
    "middle": "middl",
    "mother’s": "mother",
    "moved": "move",
    "occurred": "occur",
    "ofIM": "ofim",
    "offspring": "offspr",
    "ones": "one",
    "originally": "origin",
    "others": "other",
    "pastoralists": "pastoralist",
    "people": "peopl",
    "performed": "perform",
    "performing": "perform",
    "possessions": "possess",
    "powerful": "power",
    "prayers": "prayer",
    "protected": "protect",
    "raised": "rais",
    "reached": "reach",
    "recognized": "recogn",
    "regularly": "regular",
    "released": "releas",
    "removes": "remov",
    "respected": "respect",
    "retainer": "retain",
    "returned": "return",
    "rites": "rite",
    "sacrifice": "sacrific",
    "sacrifices": "sacrific",
    "service": "servic",
    "settled": "settl",
    "shelters": "shelter",
    "ships": "ship",
    "signs": "sign",
    "sits": "sit",
    "soldiers": "soldier",
    "sons": "son",
    "stabilized": "stabil",
    "statue": "statu",
    "stayed": "stay",
    "steppe": "stepp",
    "thrones": "throne",
    "troops": "troop",
    "tumbled": "tumbl",
    "turned": "turn",
    "types": "type",
    "verily": "verili",
    "weapons": "weapon",
    "wished": "wish",
    "words": "word",
    "years": "year",
    "Šarruwa": "šarruwa",
    "–": "",
    "“Who": "who",
    "“mark”": "mark",
    "…": ""
  }
}
