{
  "type": "glossary",
  "project": "ribo/babylon10",
  "source": "http://oracc.org/ribo/babylon10",
  "license": "This data is released under the CC0 license",
  "license-url": "https://creativecommons.org/publicdomain/zero/1.0/",
  "more-info": "http://oracc.org/doc/opendata/",
  "UTC-timestamp": "2017-06-10T00:13:18",
  "lang": "qpn-x-ethnic",
  "entries": [
    {
      "headword": "Makkadunaya[Macedonian]EN",
      "id": "qpn-x-ethnic.x000000",
      "icount": "1",
      "ipct": "100",
      "xis": "qpn.r00000",
      "cf": "Makkadunaya",
      "gw": "Macedonian",
      "pos": "EN",
      "forms": [
        {
          "type": "form",
          "id": "qpn-x-ethnic.x000001",
          "n": "{LU₂}ma-ak-ka-du-na-a-a",
          "icount": "1",
          "ipct": "100",
          "xis": "qpn.r00000"
        }
      ],
      "norms": [
        {
          "id": "qpn-x-ethnic.x000002",
          "icount": "1",
          "ipct": "100",
          "xis": "qpn.r00000",
          "n": "Makkadunaya",
          "forms": [
            {
              "type": "normform",
              "id": "qpn-x-ethnic.x000003",
              "ref": "qpn-x-ethnic.x000001",
              "icount": "1",
              "ipct": "100",
              "xis": "qpn.r00000"
            }
          ]
        }
      ],
      "senses": [
        {
          "type": "sense",
          "id": "qpn-x-ethnic.x000004",
          "n": "Makkadunaya[Macedonian//Macedonian]EN'EN",
          "icount": "1",
          "ipct": "100",
          "xis": "qpn.r00000",
          "pos": "EN",
          "mng": "Macedonian",
          "forms": [
            {
              "type": "form",
              "id": "qpn-x-ethnic.x000005",
              "n": "{LU₂}ma-ak-ka-du-na-a-a",
              "icount": "1",
              "ipct": "100",
              "xis": "qpn.r00000"
            }
          ],
          "norms": [
            {
              "id": "qpn-x-ethnic.x000006",
              "n": "Makkadunaya",
              "icount": "1",
              "ipct": "100",
              "xis": "qpn.r00000"
            }
          ],
          "sigs": [
            {
              "type": "sig",
              "id": "qpn-x-ethnic.x000007",
              "sig": "@ribo/babylon10%akk:{LU₂}ma-ak-ka-du-na-a-a=Makkadunaya[Macedonian//Macedonian]EN'EN$Makkadunaya",
              "icount": "1",
              "ipct": "100",
              "xis": "qpn.r00000"
            }
          ]
        }
      ]
    }
  ],
  "instances": {
    "qpn.r00000": [
      "ribo/babylon10:Q004179.5.1"
    ],
    "qpn.r00000.p.s000": [
      "ribo/babylon10:Q004179.5.1"
    ]
  }
}
