{
  "type": "index",
  "project": "rimanum",
  "source": "http://oracc.org/rimanum",
  "license": "This data is released under the CC0 license",
  "license-url": "https://creativecommons.org/publicdomain/zero/1.0/",
  "more-info": "http://oracc.org/doc/opendata/",
  "UTC-timestamp": "2017-06-10T00:16:34",
  "name": "cbd/qpn-x-places",
  "keys": [
    {
      "key": "d",
      "count": "6",
      "instances": [
        "qpn-x-places.x000000",
        "qpn-x-places.x000000",
        "qpn-x-places.x000016",
        "qpn-x-places.x000016",
        "qpn-x-places.x000240",
        "qpn-x-places.x000240"
      ]
    },
    {
      "key": "i",
      "count": "1",
      "instances": [
        "qpn-x-places.x000216"
      ]
    },
    {
      "key": "šubartu",
      "count": "2",
      "instances": [
        "qpn-x-places.x000412",
        "qpn-x-places.x000412"
      ]
    },
    {
      "key": "Uruk[1]",
      "count": "1",
      "instances": [
        "qpn-x-places.x000436"
      ]
    },
    {
      "key": "Dūr-Šarri[1]",
      "count": "1",
      "instances": [
        "qpn-x-places.x000096"
      ]
    },
    {
      "key": "Ida-Maraṣ[1]",
      "count": "1",
      "instances": [
        "qpn-x-places.x000216"
      ]
    },
    {
      "key": "isiin",
      "count": "1",
      "instances": [
        "qpn-x-places.x000224"
      ]
    },
    {
      "key": "oldbabdu₁₀gar",
      "count": "1",
      "instances": [
        "qpn-x-places.x000076"
      ]
    },
    {
      "key": "gutum",
      "count": "1",
      "instances": [
        "qpn-x-places.x000196"
      ]
    },
    {
      "key": "Nabigu[1]",
      "count": "1",
      "instances": [
        "qpn-x-places.x000342"
      ]
    },
    {
      "key": "Kutalla[1]",
      "count": "1",
      "instances": [
        "qpn-x-places.x000266"
      ]
    },
    {
      "key": "li₂",
      "count": "2",
      "instances": [
        "qpn-x-places.x000008",
        "qpn-x-places.x000008"
      ]
    },
    {
      "key": "oldbabbad₃",
      "count": "1",
      "instances": [
        "qpn-x-places.x000096"
      ]
    },
    {
      "key": "oldbabbad₃lugal",
      "count": "1",
      "instances": [
        "qpn-x-places.x000096"
      ]
    },
    {
      "key": "Yamutbalum[1]",
      "count": "1",
      "instances": [
        "qpn-x-places.x000496"
      ]
    },
    {
      "key": "kum",
      "count": "4",
      "instances": [
        "qpn-x-places.x000350",
        "qpn-x-places.x000350",
        "qpn-x-places.x000350",
        "qpn-x-places.x000350"
      ]
    },
    {
      "key": "oldbabunug",
      "count": "2",
      "instances": [
        "qpn-x-places.x000436",
        "qpn-x-places.x000436"
      ]
    },
    {
      "key": "Isin[1]",
      "count": "1",
      "instances": [
        "qpn-x-places.x000224"
      ]
    },
    {
      "key": "oldbabka₂dingirra",
      "count": "1",
      "instances": [
        "qpn-x-places.x000032"
      ]
    },
    {
      "key": "oldbabsubir₄",
      "count": "1",
      "instances": [
        "qpn-x-places.x000412"
      ]
    },
    {
      "key": "Zallunu[1]",
      "count": "1",
      "instances": [
        "qpn-x-places.x000520"
      ]
    },
    {
      "key": "subir₄",
      "count": "1",
      "instances": [
        "qpn-x-places.x000412"
      ]
    },
    {
      "key": "Bābilu[1]",
      "count": "1",
      "instances": [
        "qpn-x-places.x000032"
      ]
    },
    {
      "key": "Sutû[1]",
      "count": "1",
      "instances": [
        "qpn-x-places.x000388"
      ]
    },
    {
      "key": "kisura",
      "count": "2",
      "instances": [
        "qpn-x-places.x000248",
        "qpn-x-places.x000248"
      ]
    },
    {
      "key": "kisuru",
      "count": "1",
      "instances": [
        "qpn-x-places.x000248"
      ]
    },
    {
      "key": "kam",
      "count": "2",
      "instances": [
        "qpn-x-places.x000350",
        "qpn-x-places.x000350"
      ]
    },
    {
      "key": "adad",
      "count": "2",
      "instances": [
        "qpn-x-places.x000000",
        "qpn-x-places.x000000"
      ]
    },
    {
      "key": "maraṣ",
      "count": "2",
      "instances": [
        "qpn-x-places.x000216",
        "qpn-x-places.x000216"
      ]
    },
    {
      "key": "zallunu",
      "count": "1",
      "instances": [
        "qpn-x-places.x000520"
      ]
    },
    {
      "key": "oldbabbad₃tibira",
      "count": "1",
      "instances": [
        "qpn-x-places.x000056"
      ]
    },
    {
      "key": "an",
      "count": "4",
      "instances": [
        "qpn-x-places.x000048",
        "qpn-x-places.x000048",
        "qpn-x-places.x000302",
        "qpn-x-places.x000302"
      ]
    },
    {
      "key": "ak",
      "count": "3",
      "instances": [
        "qpn-x-places.x000240",
        "qpn-x-places.x000240",
        "qpn-x-places.x000436"
      ]
    },
    {
      "key": "at",
      "count": "6",
      "instances": [
        "qpn-x-places.x000350",
        "qpn-x-places.x000350",
        "qpn-x-places.x000350",
        "qpn-x-places.x000350",
        "qpn-x-places.x000350",
        "qpn-x-places.x000350"
      ]
    },
    {
      "key": "du",
      "count": "2",
      "instances": [
        "qpn-x-places.x000084",
        "qpn-x-places.x000084"
      ]
    },
    {
      "key": "da",
      "count": "2",
      "instances": [
        "qpn-x-places.x000216",
        "qpn-x-places.x000216"
      ]
    },
    {
      "key": "du₁₀gar",
      "count": "1",
      "instances": [
        "qpn-x-places.x000076"
      ]
    },
    {
      "key": "ṣar",
      "count": "2",
      "instances": [
        "qpn-x-places.x000480",
        "qpn-x-places.x000480"
      ]
    },
    {
      "key": "bi",
      "count": "2",
      "instances": [
        "qpn-x-places.x000342",
        "qpn-x-places.x000342"
      ]
    },
    {
      "key": "Uṣarpara[1]",
      "count": "1",
      "instances": [
        "qpn-x-places.x000480"
      ]
    },
    {
      "key": "Bad₃-An[1]",
      "count": "1",
      "instances": [
        "qpn-x-places.x000048"
      ]
    },
    {
      "key": "bu",
      "count": "2",
      "instances": [
        "qpn-x-places.x000068",
        "qpn-x-places.x000068"
      ]
    },
    {
      "key": "ga",
      "count": "10",
      "instances": [
        "qpn-x-places.x000274",
        "qpn-x-places.x000274",
        "qpn-x-places.x000282",
        "qpn-x-places.x000282",
        "qpn-x-places.x000436",
        "qpn-x-places.x000436",
        "qpn-x-places.x000436",
        "qpn-x-places.x000436",
        "qpn-x-places.x000436",
        "qpn-x-places.x000436"
      ]
    },
    {
      "key": "gu",
      "count": "6",
      "instances": [
        "qpn-x-places.x000196",
        "qpn-x-places.x000196",
        "qpn-x-places.x000196",
        "qpn-x-places.x000196",
        "qpn-x-places.x000342",
        "qpn-x-places.x000342"
      ]
    },
    {
      "key": "ha",
      "count": "4",
      "instances": [
        "qpn-x-places.x000420",
        "qpn-x-places.x000420",
        "qpn-x-places.x000420",
        "qpn-x-places.x000420"
      ]
    },
    {
      "key": "larsa",
      "count": "2",
      "instances": [
        "qpn-x-places.x000282",
        "qpn-x-places.x000282"
      ]
    },
    {
      "key": "ku",
      "count": "2",
      "instances": [
        "qpn-x-places.x000266",
        "qpn-x-places.x000266"
      ]
    },
    {
      "key": "ka",
      "count": "2",
      "instances": [
        "qpn-x-places.x000240",
        "qpn-x-places.x000240"
      ]
    },
    {
      "key": "lu",
      "count": "4",
      "instances": [
        "qpn-x-places.x000310",
        "qpn-x-places.x000310",
        "qpn-x-places.x000520",
        "qpn-x-places.x000520"
      ]
    },
    {
      "key": "la",
      "count": "7",
      "instances": [
        "qpn-x-places.x000240",
        "qpn-x-places.x000240",
        "qpn-x-places.x000266",
        "qpn-x-places.x000266",
        "qpn-x-places.x000274",
        "qpn-x-places.x000404",
        "qpn-x-places.x000404"
      ]
    },
    {
      "key": "ib",
      "count": "2",
      "instances": [
        "qpn-x-places.x000528",
        "qpn-x-places.x000528"
      ]
    },
    {
      "key": "Damru[1]",
      "count": "1",
      "instances": [
        "qpn-x-places.x000076"
      ]
    },
    {
      "key": "na",
      "count": "13",
      "instances": [
        "qpn-x-places.x000164",
        "qpn-x-places.x000164",
        "qpn-x-places.x000164",
        "qpn-x-places.x000164",
        "qpn-x-places.x000342",
        "qpn-x-places.x000342",
        "qpn-x-places.x000350",
        "qpn-x-places.x000350",
        "qpn-x-places.x000350",
        "qpn-x-places.x000350",
        "qpn-x-places.x000368",
        "qpn-x-places.x000368",
        "qpn-x-places.x000368"
      ]
    },
    {
      "key": "ni",
      "count": "4",
      "instances": [
        "qpn-x-places.x000420",
        "qpn-x-places.x000420",
        "qpn-x-places.x000420",
        "qpn-x-places.x000420"
      ]
    },
    {
      "key": "nu",
      "count": "8",
      "instances": [
        "qpn-x-places.x000016",
        "qpn-x-places.x000016",
        "qpn-x-places.x000084",
        "qpn-x-places.x000084",
        "qpn-x-places.x000084",
        "qpn-x-places.x000084",
        "qpn-x-places.x000302",
        "qpn-x-places.x000302"
      ]
    },
    {
      "key": "ma",
      "count": "4",
      "instances": [
        "qpn-x-places.x000216",
        "qpn-x-places.x000216",
        "qpn-x-places.x000302",
        "qpn-x-places.x000302"
      ]
    },
    {
      "key": "ru",
      "count": "2",
      "instances": [
        "qpn-x-places.x000016",
        "qpn-x-places.x000016"
      ]
    },
    {
      "key": "ra",
      "count": "6",
      "instances": [
        "qpn-x-places.x000216",
        "qpn-x-places.x000216",
        "qpn-x-places.x000240",
        "qpn-x-places.x000240",
        "qpn-x-places.x000480",
        "qpn-x-places.x000480"
      ]
    },
    {
      "key": "su",
      "count": "2",
      "instances": [
        "qpn-x-places.x000388",
        "qpn-x-places.x000388"
      ]
    },
    {
      "key": "zibbatum",
      "count": "1",
      "instances": [
        "qpn-x-places.x000528"
      ]
    },
    {
      "key": "pa",
      "count": "2",
      "instances": [
        "qpn-x-places.x000480",
        "qpn-x-places.x000480"
      ]
    },
    {
      "key": "oldbabnun",
      "count": "1",
      "instances": [
        "qpn-x-places.x000156"
      ]
    },
    {
      "key": "Bad₃[1]",
      "count": "1",
      "instances": [
        "qpn-x-places.x000040"
      ]
    },
    {
      "key": "un",
      "count": "4",
      "instances": [
        "qpn-x-places.x000084",
        "qpn-x-places.x000084",
        "qpn-x-places.x000084",
        "qpn-x-places.x000084"
      ]
    },
    {
      "key": "X-al[1]",
      "count": "1",
      "instances": [
        "qpn-x-places.x000488"
      ]
    },
    {
      "key": "tum",
      "count": "4",
      "instances": [
        "qpn-x-places.x000196",
        "qpn-x-places.x000196",
        "qpn-x-places.x000528",
        "qpn-x-places.x000528"
      ]
    },
    {
      "key": "ur",
      "count": "2",
      "instances": [
        "qpn-x-places.x000428",
        "qpn-x-places.x000428"
      ]
    },
    {
      "key": "oldbabla",
      "count": "1",
      "instances": [
        "qpn-x-places.x000274"
      ]
    },
    {
      "key": "oldbabna",
      "count": "3",
      "instances": [
        "qpn-x-places.x000350",
        "qpn-x-places.x000350",
        "qpn-x-places.x000368"
      ]
    },
    {
      "key": "ta",
      "count": "6",
      "instances": [
        "qpn-x-places.x000240",
        "qpn-x-places.x000240",
        "qpn-x-places.x000266",
        "qpn-x-places.x000266",
        "qpn-x-places.x000404",
        "qpn-x-places.x000404"
      ]
    },
    {
      "key": "tu",
      "count": "8",
      "instances": [
        "qpn-x-places.x000196",
        "qpn-x-places.x000196",
        "qpn-x-places.x000196",
        "qpn-x-places.x000196",
        "qpn-x-places.x000388",
        "qpn-x-places.x000388",
        "qpn-x-places.x000388",
        "qpn-x-places.x000388"
      ]
    },
    {
      "key": "oldbabmu",
      "count": "7",
      "instances": [
        "qpn-x-places.x000310",
        "qpn-x-places.x000310",
        "qpn-x-places.x000310",
        "qpn-x-places.x000310",
        "qpn-x-places.x000310",
        "qpn-x-places.x000310",
        "qpn-x-places.x000310"
      ]
    },
    {
      "key": "oldbabgu",
      "count": "4",
      "instances": [
        "qpn-x-places.x000196",
        "qpn-x-places.x000196",
        "qpn-x-places.x000196",
        "qpn-x-places.x000196"
      ]
    },
    {
      "key": "za",
      "count": "6",
      "instances": [
        "qpn-x-places.x000368",
        "qpn-x-places.x000368",
        "qpn-x-places.x000368",
        "qpn-x-places.x000368",
        "qpn-x-places.x000520",
        "qpn-x-places.x000520"
      ]
    },
    {
      "key": "zi",
      "count": "2",
      "instances": [
        "qpn-x-places.x000528",
        "qpn-x-places.x000528"
      ]
    },
    {
      "key": "oldbabdu",
      "count": "2",
      "instances": [
        "qpn-x-places.x000084",
        "qpn-x-places.x000084"
      ]
    },
    {
      "key": "emutbalum",
      "count": "2",
      "instances": [
        "qpn-x-places.x000118",
        "qpn-x-places.x000118"
      ]
    },
    {
      "key": "malgu",
      "count": "1",
      "instances": [
        "qpn-x-places.x000294"
      ]
    },
    {
      "key": "oldbabkisurra",
      "count": "2",
      "instances": [
        "qpn-x-places.x000248",
        "qpn-x-places.x000248"
      ]
    },
    {
      "key": "ešnuna",
      "count": "2",
      "instances": [
        "qpn-x-places.x000164",
        "qpn-x-places.x000164"
      ]
    },
    {
      "key": "nazarum",
      "count": "1",
      "instances": [
        "qpn-x-places.x000368"
      ]
    },
    {
      "key": "ida",
      "count": "2",
      "instances": [
        "qpn-x-places.x000216",
        "qpn-x-places.x000216"
      ]
    },
    {
      "key": "zallunim",
      "count": "1",
      "instances": [
        "qpn-x-places.x000520"
      ]
    },
    {
      "key": "oldbabsu",
      "count": "2",
      "instances": [
        "qpn-x-places.x000388",
        "qpn-x-places.x000388"
      ]
    },
    {
      "key": "mutiabalu",
      "count": "1",
      "instances": [
        "qpn-x-places.x000310"
      ]
    },
    {
      "key": "še₃",
      "count": "2",
      "instances": [
        "qpn-x-places.x000436",
        "qpn-x-places.x000436"
      ]
    },
    {
      "key": "Šubartu[1]",
      "count": "1",
      "instances": [
        "qpn-x-places.x000412"
      ]
    },
    {
      "key": "Dunnu[1]",
      "count": "1",
      "instances": [
        "qpn-x-places.x000084"
      ]
    },
    {
      "key": "tibira",
      "count": "2",
      "instances": [
        "qpn-x-places.x000056",
        "qpn-x-places.x000056"
      ]
    },
    {
      "key": "i₃",
      "count": "2",
      "instances": [
        "qpn-x-places.x000008",
        "qpn-x-places.x000008"
      ]
    },
    {
      "key": "buba",
      "count": "2",
      "instances": [
        "qpn-x-places.x000068",
        "qpn-x-places.x000068"
      ]
    },
    {
      "key": "šatalla",
      "count": "2",
      "instances": [
        "qpn-x-places.x000404",
        "qpn-x-places.x000404"
      ]
    },
    {
      "key": "malgum",
      "count": "1",
      "instances": [
        "qpn-x-places.x000294"
      ]
    },
    {
      "key": "sig₄",
      "count": "1",
      "instances": [
        "qpn-x-places.x000294"
      ]
    },
    {
      "key": "Ešnuna[1]",
      "count": "1",
      "instances": [
        "qpn-x-places.x000164"
      ]
    },
    {
      "key": "Malgû[1]",
      "count": "1",
      "instances": [
        "qpn-x-places.x000294"
      ]
    },
    {
      "key": "natbakam",
      "count": "1",
      "instances": [
        "qpn-x-places.x000350"
      ]
    },
    {
      "key": "lu₂",
      "count": "2",
      "instances": [
        "qpn-x-places.x000248",
        "qpn-x-places.x000248"
      ]
    },
    {
      "key": "kutalla",
      "count": "2",
      "instances": [
        "qpn-x-places.x000266",
        "qpn-x-places.x000266"
      ]
    },
    {
      "key": "latarak",
      "count": "2",
      "instances": [
        "qpn-x-places.x000240",
        "qpn-x-places.x000240"
      ]
    },
    {
      "key": "nim",
      "count": "2",
      "instances": [
        "qpn-x-places.x000520",
        "qpn-x-places.x000520"
      ]
    },
    {
      "key": "oldbabisiin",
      "count": "1",
      "instances": [
        "qpn-x-places.x000224"
      ]
    },
    {
      "key": "nun",
      "count": "5",
      "instances": [
        "qpn-x-places.x000156",
        "qpn-x-places.x000164",
        "qpn-x-places.x000164",
        "qpn-x-places.x000164",
        "qpn-x-places.x000164"
      ]
    },
    {
      "key": "oldbabi",
      "count": "1",
      "instances": [
        "qpn-x-places.x000216"
      ]
    },
    {
      "key": "oldbabe",
      "count": "2",
      "instances": [
        "qpn-x-places.x000118",
        "qpn-x-places.x000118"
      ]
    },
    {
      "key": "oldbabx",
      "count": "1",
      "instances": [
        "qpn-x-places.x000488"
      ]
    },
    {
      "key": "uṣarpara",
      "count": "2",
      "instances": [
        "qpn-x-places.x000480",
        "qpn-x-places.x000480"
      ]
    },
    {
      "key": "damru",
      "count": "1",
      "instances": [
        "qpn-x-places.x000076"
      ]
    },
    {
      "key": "yamutbalum",
      "count": "2",
      "instances": [
        "qpn-x-places.x000496",
        "qpn-x-places.x000496"
      ]
    },
    {
      "key": "damqi",
      "count": "1",
      "instances": [
        "qpn-x-places.x000008"
      ]
    },
    {
      "key": "natbakum",
      "count": "2",
      "instances": [
        "qpn-x-places.x000350",
        "qpn-x-places.x000350"
      ]
    },
    {
      "key": "oldbabelam",
      "count": "1",
      "instances": [
        "qpn-x-places.x000110"
      ]
    },
    {
      "key": "oldbabe₂duru₅bi₂ša₆",
      "count": "2",
      "instances": [
        "qpn-x-places.x000184",
        "qpn-x-places.x000184"
      ]
    },
    {
      "key": "unug",
      "count": "14",
      "instances": [
        "qpn-x-places.x000436",
        "qpn-x-places.x000436",
        "qpn-x-places.x000436",
        "qpn-x-places.x000436",
        "qpn-x-places.x000436",
        "qpn-x-places.x000436",
        "qpn-x-places.x000436",
        "qpn-x-places.x000436",
        "qpn-x-places.x000436",
        "qpn-x-places.x000436",
        "qpn-x-places.x000436",
        "qpn-x-places.x000436",
        "qpn-x-places.x000436",
        "qpn-x-places.x000436"
      ]
    },
    {
      "key": "ašarmum",
      "count": "1",
      "instances": [
        "qpn-x-places.x000024"
      ]
    },
    {
      "key": "Lagaš[1]",
      "count": "1",
      "instances": [
        "qpn-x-places.x000274"
      ]
    },
    {
      "key": "šar",
      "count": "2",
      "instances": [
        "qpn-x-places.x000024",
        "qpn-x-places.x000024"
      ]
    },
    {
      "key": "eš₃",
      "count": "4",
      "instances": [
        "qpn-x-places.x000164",
        "qpn-x-places.x000164",
        "qpn-x-places.x000164",
        "qpn-x-places.x000164"
      ]
    },
    {
      "key": "iškur",
      "count": "2",
      "instances": [
        "qpn-x-places.x000000",
        "qpn-x-places.x000000"
      ]
    },
    {
      "key": "damiq",
      "count": "1",
      "instances": [
        "qpn-x-places.x000008"
      ]
    },
    {
      "key": "e₂duru₅bi₂ša₆",
      "count": "4",
      "instances": [
        "qpn-x-places.x000184",
        "qpn-x-places.x000184",
        "qpn-x-places.x000184",
        "qpn-x-places.x000184"
      ]
    },
    {
      "key": "eš₃nunna",
      "count": "2",
      "instances": [
        "qpn-x-places.x000164",
        "qpn-x-places.x000164"
      ]
    },
    {
      "key": "eše",
      "count": "1",
      "instances": [
        "qpn-x-places.x000436"
      ]
    },
    {
      "key": "oldbabeš₃nunna",
      "count": "2",
      "instances": [
        "qpn-x-places.x000164",
        "qpn-x-places.x000164"
      ]
    },
    {
      "key": "šu",
      "count": "8",
      "instances": [
        "qpn-x-places.x000000",
        "qpn-x-places.x000000",
        "qpn-x-places.x000008",
        "qpn-x-places.x000008",
        "qpn-x-places.x000420",
        "qpn-x-places.x000420",
        "qpn-x-places.x000420",
        "qpn-x-places.x000420"
      ]
    },
    {
      "key": "oldbabudunug",
      "count": "2",
      "instances": [
        "qpn-x-places.x000282",
        "qpn-x-places.x000282"
      ]
    },
    {
      "key": "dur",
      "count": "3",
      "instances": [
        "qpn-x-places.x000096",
        "qpn-x-places.x000096",
        "qpn-x-places.x000096"
      ]
    },
    {
      "key": "ša",
      "count": "2",
      "instances": [
        "qpn-x-places.x000404",
        "qpn-x-places.x000404"
      ]
    },
    {
      "key": "lugal",
      "count": "2",
      "instances": [
        "qpn-x-places.x000096",
        "qpn-x-places.x000096"
      ]
    },
    {
      "key": "u₂",
      "count": "2",
      "instances": [
        "qpn-x-places.x000480",
        "qpn-x-places.x000480"
      ]
    },
    {
      "key": "bad₃tibira",
      "count": "3",
      "instances": [
        "qpn-x-places.x000056",
        "qpn-x-places.x000056",
        "qpn-x-places.x000056"
      ]
    },
    {
      "key": "babilu",
      "count": "2",
      "instances": [
        "qpn-x-places.x000032",
        "qpn-x-places.x000032"
      ]
    },
    {
      "key": "Nazaru[1]",
      "count": "1",
      "instances": [
        "qpn-x-places.x000368"
      ]
    },
    {
      "key": "dam",
      "count": "2",
      "instances": [
        "qpn-x-places.x000008",
        "qpn-x-places.x000008"
      ]
    },
    {
      "key": "dunnu",
      "count": "1",
      "instances": [
        "qpn-x-places.x000084"
      ]
    },
    {
      "key": "ilišu",
      "count": "2",
      "instances": [
        "qpn-x-places.x000008",
        "qpn-x-places.x000008"
      ]
    },
    {
      "key": "mutiabalum",
      "count": "1",
      "instances": [
        "qpn-x-places.x000310"
      ]
    },
    {
      "key": "Āl-Damiq-ilīšu[1]",
      "count": "1",
      "instances": [
        "qpn-x-places.x000008"
      ]
    },
    {
      "key": "bad₃",
      "count": "9",
      "instances": [
        "qpn-x-places.x000040",
        "qpn-x-places.x000040",
        "qpn-x-places.x000040",
        "qpn-x-places.x000040",
        "qpn-x-places.x000048",
        "qpn-x-places.x000048",
        "qpn-x-places.x000056",
        "qpn-x-places.x000056",
        "qpn-x-places.x000096"
      ]
    },
    {
      "key": "NIN.GAL.DU.DU[1]",
      "count": "1",
      "instances": [
        "qpn-x-places.x000380"
      ]
    },
    {
      "key": "Ka-Latarak[1]",
      "count": "1",
      "instances": [
        "qpn-x-places.x000240"
      ]
    },
    {
      "key": "qi₂",
      "count": "2",
      "instances": [
        "qpn-x-places.x000008",
        "qpn-x-places.x000008"
      ]
    },
    {
      "key": "Ur[1]",
      "count": "1",
      "instances": [
        "qpn-x-places.x000428"
      ]
    },
    {
      "key": "Natbakum[1]",
      "count": "1",
      "instances": [
        "qpn-x-places.x000350"
      ]
    },
    {
      "key": "Emutbalum[1]",
      "count": "1",
      "instances": [
        "qpn-x-places.x000118"
      ]
    },
    {
      "key": "lagaš",
      "count": "2",
      "instances": [
        "qpn-x-places.x000274",
        "qpn-x-places.x000274"
      ]
    },
    {
      "key": "oldbabningaldudu",
      "count": "1",
      "instances": [
        "qpn-x-places.x000380"
      ]
    },
    {
      "key": "sutu",
      "count": "2",
      "instances": [
        "qpn-x-places.x000388",
        "qpn-x-places.x000388"
      ]
    },
    {
      "key": "isin",
      "count": "2",
      "instances": [
        "qpn-x-places.x000224",
        "qpn-x-places.x000224"
      ]
    },
    {
      "key": "nazaru",
      "count": "1",
      "instances": [
        "qpn-x-places.x000368"
      ]
    },
    {
      "key": "aš",
      "count": "2",
      "instances": [
        "qpn-x-places.x000274",
        "qpn-x-places.x000274"
      ]
    },
    {
      "key": "enzu",
      "count": "2",
      "instances": [
        "qpn-x-places.x000016",
        "qpn-x-places.x000016"
      ]
    },
    {
      "key": "dunnum",
      "count": "1",
      "instances": [
        "qpn-x-places.x000084"
      ]
    },
    {
      "key": "ka₂dingirra",
      "count": "1",
      "instances": [
        "qpn-x-places.x000032"
      ]
    },
    {
      "key": "Eridu[1]",
      "count": "1",
      "instances": [
        "qpn-x-places.x000156"
      ]
    },
    {
      "key": "bal",
      "count": "4",
      "instances": [
        "qpn-x-places.x000310",
        "qpn-x-places.x000310",
        "qpn-x-places.x000310",
        "qpn-x-places.x000310"
      ]
    },
    {
      "key": "Kisura[1]",
      "count": "1",
      "instances": [
        "qpn-x-places.x000248"
      ]
    },
    {
      "key": "šarri",
      "count": "2",
      "instances": [
        "qpn-x-places.x000096",
        "qpn-x-places.x000096"
      ]
    },
    {
      "key": "Mutiabalu[1]",
      "count": "1",
      "instances": [
        "qpn-x-places.x000310"
      ]
    },
    {
      "key": "bad₃anna",
      "count": "2",
      "instances": [
        "qpn-x-places.x000048",
        "qpn-x-places.x000048"
      ]
    },
    {
      "key": "zibbatu",
      "count": "1",
      "instances": [
        "qpn-x-places.x000528"
      ]
    },
    {
      "key": "šarrim",
      "count": "1",
      "instances": [
        "qpn-x-places.x000096"
      ]
    },
    {
      "key": "i₃siinna",
      "count": "1",
      "instances": [
        "qpn-x-places.x000224"
      ]
    },
    {
      "key": "rum",
      "count": "4",
      "instances": [
        "qpn-x-places.x000368",
        "qpn-x-places.x000368",
        "qpn-x-places.x000368",
        "qpn-x-places.x000368"
      ]
    },
    {
      "key": "oldbaburi₅",
      "count": "1",
      "instances": [
        "qpn-x-places.x000428"
      ]
    },
    {
      "key": "Šatalla[1]",
      "count": "1",
      "instances": [
        "qpn-x-places.x000404"
      ]
    },
    {
      "key": "qa₂",
      "count": "2",
      "instances": [
        "qpn-x-places.x000000",
        "qpn-x-places.x000000"
      ]
    },
    {
      "key": "udunug",
      "count": "2",
      "instances": [
        "qpn-x-places.x000282",
        "qpn-x-places.x000282"
      ]
    },
    {
      "key": "Āl-Adad-emūqāšu[1]",
      "count": "1",
      "instances": [
        "qpn-x-places.x000000"
      ]
    },
    {
      "key": "E₂.DURU₅.BI₂.ŠA₆[1]",
      "count": "1",
      "instances": [
        "qpn-x-places.x000184"
      ]
    },
    {
      "key": "Ašarmu[1]",
      "count": "1",
      "instances": [
        "qpn-x-places.x000024"
      ]
    },
    {
      "key": "Larsa[1]",
      "count": "1",
      "instances": [
        "qpn-x-places.x000282"
      ]
    },
    {
      "key": "oldbabiri",
      "count": "3",
      "instances": [
        "qpn-x-places.x000000",
        "qpn-x-places.x000008",
        "qpn-x-places.x000016"
      ]
    },
    {
      "key": "eridu",
      "count": "2",
      "instances": [
        "qpn-x-places.x000156",
        "qpn-x-places.x000156"
      ]
    },
    {
      "key": "nabigu",
      "count": "2",
      "instances": [
        "qpn-x-places.x000342",
        "qpn-x-places.x000342"
      ]
    },
    {
      "key": "sin",
      "count": "2",
      "instances": [
        "qpn-x-places.x000016",
        "qpn-x-places.x000016"
      ]
    },
    {
      "key": "oldbabi₃siinna",
      "count": "1",
      "instances": [
        "qpn-x-places.x000224"
      ]
    },
    {
      "key": "elam",
      "count": "3",
      "instances": [
        "qpn-x-places.x000110",
        "qpn-x-places.x000110",
        "qpn-x-places.x000110"
      ]
    },
    {
      "key": "damrum",
      "count": "1",
      "instances": [
        "qpn-x-places.x000076"
      ]
    },
    {
      "key": "uri₅",
      "count": "1",
      "instances": [
        "qpn-x-places.x000428"
      ]
    },
    {
      "key": "oldbabsig₄",
      "count": "1",
      "instances": [
        "qpn-x-places.x000294"
      ]
    },
    {
      "key": "uruk",
      "count": "4",
      "instances": [
        "qpn-x-places.x000436",
        "qpn-x-places.x000436",
        "qpn-x-places.x000436",
        "qpn-x-places.x000436"
      ]
    },
    {
      "key": "ningaldudu",
      "count": "3",
      "instances": [
        "qpn-x-places.x000380",
        "qpn-x-places.x000380",
        "qpn-x-places.x000380"
      ]
    },
    {
      "key": "Mantinu[1]",
      "count": "1",
      "instances": [
        "qpn-x-places.x000302"
      ]
    },
    {
      "key": "Elam[1]",
      "count": "1",
      "instances": [
        "qpn-x-places.x000110"
      ]
    },
    {
      "key": "emuqašu",
      "count": "2",
      "instances": [
        "qpn-x-places.x000000",
        "qpn-x-places.x000000"
      ]
    },
    {
      "key": "meš",
      "count": "8",
      "instances": [
        "qpn-x-places.x000216",
        "qpn-x-places.x000216",
        "qpn-x-places.x000248",
        "qpn-x-places.x000248",
        "qpn-x-places.x000310",
        "qpn-x-places.x000310",
        "qpn-x-places.x000388",
        "qpn-x-places.x000388"
      ]
    },
    {
      "key": "ašarmu",
      "count": "1",
      "instances": [
        "qpn-x-places.x000024"
      ]
    },
    {
      "key": "Šu-ha-ni[1]",
      "count": "1",
      "instances": [
        "qpn-x-places.x000420"
      ]
    },
    {
      "key": "aṣ",
      "count": "2",
      "instances": [
        "qpn-x-places.x000216",
        "qpn-x-places.x000216"
      ]
    },
    {
      "key": "Zibbatu[1]",
      "count": "1",
      "instances": [
        "qpn-x-places.x000528"
      ]
    },
    {
      "key": "Bad₃-tibira[1]",
      "count": "1",
      "instances": [
        "qpn-x-places.x000056"
      ]
    },
    {
      "key": "gutu",
      "count": "1",
      "instances": [
        "qpn-x-places.x000196"
      ]
    },
    {
      "key": "ka₂",
      "count": "1",
      "instances": [
        "qpn-x-places.x000240"
      ]
    },
    {
      "key": "Āl-Sîn-nūru[1]",
      "count": "1",
      "instances": [
        "qpn-x-places.x000016"
      ]
    },
    {
      "key": "bad₃lugal",
      "count": "1",
      "instances": [
        "qpn-x-places.x000096"
      ]
    },
    {
      "key": "sutum",
      "count": "1",
      "instances": [
        "qpn-x-places.x000388"
      ]
    },
    {
      "key": "Gutû[1]",
      "count": "1",
      "instances": [
        "qpn-x-places.x000196"
      ]
    },
    {
      "key": "Buba-X[1]",
      "count": "1",
      "instances": [
        "qpn-x-places.x000068"
      ]
    },
    {
      "key": "kisurra",
      "count": "4",
      "instances": [
        "qpn-x-places.x000248",
        "qpn-x-places.x000248",
        "qpn-x-places.x000248",
        "qpn-x-places.x000248"
      ]
    },
    {
      "key": "oldbabi₃siin",
      "count": "1",
      "instances": [
        "qpn-x-places.x000224"
      ]
    },
    {
      "key": "i₃siin",
      "count": "1",
      "instances": [
        "qpn-x-places.x000224"
      ]
    },
    {
      "key": "oldbabka₂",
      "count": "1",
      "instances": [
        "qpn-x-places.x000240"
      ]
    },
    {
      "key": "mantinu",
      "count": "2",
      "instances": [
        "qpn-x-places.x000302",
        "qpn-x-places.x000302"
      ]
    },
    {
      "key": "nuru",
      "count": "2",
      "instances": [
        "qpn-x-places.x000016",
        "qpn-x-places.x000016"
      ]
    },
    {
      "key": "al",
      "count": "22",
      "instances": [
        "qpn-x-places.x000000",
        "qpn-x-places.x000000",
        "qpn-x-places.x000008",
        "qpn-x-places.x000008",
        "qpn-x-places.x000016",
        "qpn-x-places.x000016",
        "qpn-x-places.x000266",
        "qpn-x-places.x000266",
        "qpn-x-places.x000310",
        "qpn-x-places.x000310",
        "qpn-x-places.x000310",
        "qpn-x-places.x000310",
        "qpn-x-places.x000310",
        "qpn-x-places.x000310",
        "qpn-x-places.x000404",
        "qpn-x-places.x000404",
        "qpn-x-places.x000488",
        "qpn-x-places.x000488",
        "qpn-x-places.x000488",
        "qpn-x-places.x000488",
        "qpn-x-places.x000520",
        "qpn-x-places.x000520"
      ]
    },
    {
      "key": "1",
      "count": "86",
      "instances": [
        "qpn-x-places.x000000",
        "qpn-x-places.x000000",
        "qpn-x-places.x000008",
        "qpn-x-places.x000008",
        "qpn-x-places.x000016",
        "qpn-x-places.x000016",
        "qpn-x-places.x000024",
        "qpn-x-places.x000024",
        "qpn-x-places.x000032",
        "qpn-x-places.x000032",
        "qpn-x-places.x000040",
        "qpn-x-places.x000040",
        "qpn-x-places.x000048",
        "qpn-x-places.x000048",
        "qpn-x-places.x000056",
        "qpn-x-places.x000056",
        "qpn-x-places.x000068",
        "qpn-x-places.x000068",
        "qpn-x-places.x000076",
        "qpn-x-places.x000076",
        "qpn-x-places.x000084",
        "qpn-x-places.x000084",
        "qpn-x-places.x000096",
        "qpn-x-places.x000096",
        "qpn-x-places.x000110",
        "qpn-x-places.x000110",
        "qpn-x-places.x000118",
        "qpn-x-places.x000118",
        "qpn-x-places.x000156",
        "qpn-x-places.x000156",
        "qpn-x-places.x000164",
        "qpn-x-places.x000164",
        "qpn-x-places.x000184",
        "qpn-x-places.x000184",
        "qpn-x-places.x000196",
        "qpn-x-places.x000196",
        "qpn-x-places.x000216",
        "qpn-x-places.x000216",
        "qpn-x-places.x000224",
        "qpn-x-places.x000224",
        "qpn-x-places.x000240",
        "qpn-x-places.x000240",
        "qpn-x-places.x000248",
        "qpn-x-places.x000248",
        "qpn-x-places.x000266",
        "qpn-x-places.x000266",
        "qpn-x-places.x000274",
        "qpn-x-places.x000274",
        "qpn-x-places.x000282",
        "qpn-x-places.x000282",
        "qpn-x-places.x000294",
        "qpn-x-places.x000294",
        "qpn-x-places.x000302",
        "qpn-x-places.x000302",
        "qpn-x-places.x000310",
        "qpn-x-places.x000310",
        "qpn-x-places.x000342",
        "qpn-x-places.x000342",
        "qpn-x-places.x000350",
        "qpn-x-places.x000350",
        "qpn-x-places.x000368",
        "qpn-x-places.x000368",
        "qpn-x-places.x000380",
        "qpn-x-places.x000380",
        "qpn-x-places.x000388",
        "qpn-x-places.x000388",
        "qpn-x-places.x000404",
        "qpn-x-places.x000404",
        "qpn-x-places.x000412",
        "qpn-x-places.x000412",
        "qpn-x-places.x000420",
        "qpn-x-places.x000420",
        "qpn-x-places.x000428",
        "qpn-x-places.x000428",
        "qpn-x-places.x000436",
        "qpn-x-places.x000436",
        "qpn-x-places.x000480",
        "qpn-x-places.x000480",
        "qpn-x-places.x000488",
        "qpn-x-places.x000488",
        "qpn-x-places.x000496",
        "qpn-x-places.x000496",
        "qpn-x-places.x000520",
        "qpn-x-places.x000520",
        "qpn-x-places.x000528",
        "qpn-x-places.x000528"
      ]
    },
    {
      "key": "iri",
      "count": "33",
      "instances": [
        "qpn-x-places.x000000",
        "qpn-x-places.x000008",
        "qpn-x-places.x000016",
        "qpn-x-places.x000024",
        "qpn-x-places.x000024",
        "qpn-x-places.x000040",
        "qpn-x-places.x000040",
        "qpn-x-places.x000048",
        "qpn-x-places.x000048",
        "qpn-x-places.x000056",
        "qpn-x-places.x000056",
        "qpn-x-places.x000068",
        "qpn-x-places.x000068",
        "qpn-x-places.x000266",
        "qpn-x-places.x000266",
        "qpn-x-places.x000302",
        "qpn-x-places.x000302",
        "qpn-x-places.x000342",
        "qpn-x-places.x000342",
        "qpn-x-places.x000350",
        "qpn-x-places.x000350",
        "qpn-x-places.x000368",
        "qpn-x-places.x000368",
        "qpn-x-places.x000404",
        "qpn-x-places.x000404",
        "qpn-x-places.x000420",
        "qpn-x-places.x000420",
        "qpn-x-places.x000480",
        "qpn-x-places.x000480",
        "qpn-x-places.x000520",
        "qpn-x-places.x000520",
        "qpn-x-places.x000528",
        "qpn-x-places.x000528"
      ]
    },
    {
      "key": "#",
      "count": "164",
      "instances": [
        "qpn-x-places.x000000",
        "qpn-x-places.x000000",
        "qpn-x-places.x000000",
        "qpn-x-places.x000000",
        "qpn-x-places.x000016",
        "qpn-x-places.x000016",
        "qpn-x-places.x000016",
        "qpn-x-places.x000016",
        "qpn-x-places.x000024",
        "qpn-x-places.x000024",
        "qpn-x-places.x000024",
        "qpn-x-places.x000024",
        "qpn-x-places.x000032",
        "qpn-x-places.x000032",
        "qpn-x-places.x000040",
        "qpn-x-places.x000040",
        "qpn-x-places.x000040",
        "qpn-x-places.x000040",
        "qpn-x-places.x000048",
        "qpn-x-places.x000048",
        "qpn-x-places.x000048",
        "qpn-x-places.x000048",
        "qpn-x-places.x000056",
        "qpn-x-places.x000056",
        "qpn-x-places.x000056",
        "qpn-x-places.x000056",
        "qpn-x-places.x000056",
        "qpn-x-places.x000056",
        "qpn-x-places.x000068",
        "qpn-x-places.x000068",
        "qpn-x-places.x000076",
        "qpn-x-places.x000076",
        "qpn-x-places.x000084",
        "qpn-x-places.x000084",
        "qpn-x-places.x000096",
        "qpn-x-places.x000096",
        "qpn-x-places.x000118",
        "qpn-x-places.x000118",
        "qpn-x-places.x000118",
        "qpn-x-places.x000118",
        "qpn-x-places.x000118",
        "qpn-x-places.x000118",
        "qpn-x-places.x000118",
        "qpn-x-places.x000118",
        "qpn-x-places.x000118",
        "qpn-x-places.x000118",
        "qpn-x-places.x000156",
        "qpn-x-places.x000156",
        "qpn-x-places.x000164",
        "qpn-x-places.x000164",
        "qpn-x-places.x000164",
        "qpn-x-places.x000164",
        "qpn-x-places.x000164",
        "qpn-x-places.x000164",
        "qpn-x-places.x000184",
        "qpn-x-places.x000184",
        "qpn-x-places.x000196",
        "qpn-x-places.x000196",
        "qpn-x-places.x000196",
        "qpn-x-places.x000196",
        "qpn-x-places.x000224",
        "qpn-x-places.x000224",
        "qpn-x-places.x000224",
        "qpn-x-places.x000224",
        "qpn-x-places.x000224",
        "qpn-x-places.x000224",
        "qpn-x-places.x000240",
        "qpn-x-places.x000240",
        "qpn-x-places.x000248",
        "qpn-x-places.x000248",
        "qpn-x-places.x000248",
        "qpn-x-places.x000248",
        "qpn-x-places.x000248",
        "qpn-x-places.x000248",
        "qpn-x-places.x000266",
        "qpn-x-places.x000266",
        "qpn-x-places.x000266",
        "qpn-x-places.x000266",
        "qpn-x-places.x000274",
        "qpn-x-places.x000274",
        "qpn-x-places.x000282",
        "qpn-x-places.x000282",
        "qpn-x-places.x000282",
        "qpn-x-places.x000282",
        "qpn-x-places.x000294",
        "qpn-x-places.x000294",
        "qpn-x-places.x000302",
        "qpn-x-places.x000302",
        "qpn-x-places.x000302",
        "qpn-x-places.x000302",
        "qpn-x-places.x000310",
        "qpn-x-places.x000310",
        "qpn-x-places.x000310",
        "qpn-x-places.x000310",
        "qpn-x-places.x000310",
        "qpn-x-places.x000310",
        "qpn-x-places.x000310",
        "qpn-x-places.x000310",
        "qpn-x-places.x000310",
        "qpn-x-places.x000310",
        "qpn-x-places.x000342",
        "qpn-x-places.x000342",
        "qpn-x-places.x000342",
        "qpn-x-places.x000342",
        "qpn-x-places.x000350",
        "qpn-x-places.x000350",
        "qpn-x-places.x000350",
        "qpn-x-places.x000350",
        "qpn-x-places.x000350",
        "qpn-x-places.x000350",
        "qpn-x-places.x000368",
        "qpn-x-places.x000368",
        "qpn-x-places.x000368",
        "qpn-x-places.x000368",
        "qpn-x-places.x000368",
        "qpn-x-places.x000368",
        "qpn-x-places.x000380",
        "qpn-x-places.x000380",
        "qpn-x-places.x000404",
        "qpn-x-places.x000404",
        "qpn-x-places.x000404",
        "qpn-x-places.x000404",
        "qpn-x-places.x000412",
        "qpn-x-places.x000412",
        "qpn-x-places.x000420",
        "qpn-x-places.x000420",
        "qpn-x-places.x000420",
        "qpn-x-places.x000420",
        "qpn-x-places.x000428",
        "qpn-x-places.x000428",
        "qpn-x-places.x000436",
        "qpn-x-places.x000436",
        "qpn-x-places.x000436",
        "qpn-x-places.x000436",
        "qpn-x-places.x000436",
        "qpn-x-places.x000436",
        "qpn-x-places.x000436",
        "qpn-x-places.x000436",
        "qpn-x-places.x000436",
        "qpn-x-places.x000436",
        "qpn-x-places.x000436",
        "qpn-x-places.x000436",
        "qpn-x-places.x000436",
        "qpn-x-places.x000436",
        "qpn-x-places.x000480",
        "qpn-x-places.x000480",
        "qpn-x-places.x000480",
        "qpn-x-places.x000480",
        "qpn-x-places.x000488",
        "qpn-x-places.x000488",
        "qpn-x-places.x000496",
        "qpn-x-places.x000496",
        "qpn-x-places.x000496",
        "qpn-x-places.x000496",
        "qpn-x-places.x000496",
        "qpn-x-places.x000496",
        "qpn-x-places.x000520",
        "qpn-x-places.x000520",
        "qpn-x-places.x000520",
        "qpn-x-places.x000520",
        "qpn-x-places.x000528",
        "qpn-x-places.x000528",
        "qpn-x-places.x000528",
        "qpn-x-places.x000528"
      ]
    },
    {
      "key": "e",
      "count": "16",
      "instances": [
        "qpn-x-places.x000000",
        "qpn-x-places.x000000",
        "qpn-x-places.x000118",
        "qpn-x-places.x000118",
        "qpn-x-places.x000118",
        "qpn-x-places.x000118",
        "qpn-x-places.x000118",
        "qpn-x-places.x000118",
        "qpn-x-places.x000118",
        "qpn-x-places.x000118",
        "qpn-x-places.x000118",
        "qpn-x-places.x000118",
        "qpn-x-places.x000496",
        "qpn-x-places.x000496",
        "qpn-x-places.x000496",
        "qpn-x-places.x000496"
      ]
    },
    {
      "key": "mu",
      "count": "43",
      "instances": [
        "qpn-x-places.x000000",
        "qpn-x-places.x000000",
        "qpn-x-places.x000024",
        "qpn-x-places.x000024",
        "qpn-x-places.x000118",
        "qpn-x-places.x000118",
        "qpn-x-places.x000118",
        "qpn-x-places.x000118",
        "qpn-x-places.x000118",
        "qpn-x-places.x000118",
        "qpn-x-places.x000118",
        "qpn-x-places.x000118",
        "qpn-x-places.x000118",
        "qpn-x-places.x000118",
        "qpn-x-places.x000118",
        "qpn-x-places.x000118",
        "qpn-x-places.x000118",
        "qpn-x-places.x000118",
        "qpn-x-places.x000118",
        "qpn-x-places.x000118",
        "qpn-x-places.x000118",
        "qpn-x-places.x000118",
        "qpn-x-places.x000118",
        "qpn-x-places.x000118",
        "qpn-x-places.x000310",
        "qpn-x-places.x000310",
        "qpn-x-places.x000310",
        "qpn-x-places.x000310",
        "qpn-x-places.x000310",
        "qpn-x-places.x000310",
        "qpn-x-places.x000310",
        "qpn-x-places.x000496",
        "qpn-x-places.x000496",
        "qpn-x-places.x000496",
        "qpn-x-places.x000496",
        "qpn-x-places.x000496",
        "qpn-x-places.x000496",
        "qpn-x-places.x000496",
        "qpn-x-places.x000496",
        "qpn-x-places.x000496",
        "qpn-x-places.x000496",
        "qpn-x-places.x000496",
        "qpn-x-places.x000496"
      ]
    },
    {
      "key": "ki",
      "count": "126",
      "instances": [
        "qpn-x-places.x000000",
        "qpn-x-places.x000000",
        "qpn-x-places.x000016",
        "qpn-x-places.x000016",
        "qpn-x-places.x000024",
        "qpn-x-places.x000024",
        "qpn-x-places.x000032",
        "qpn-x-places.x000032",
        "qpn-x-places.x000040",
        "qpn-x-places.x000040",
        "qpn-x-places.x000048",
        "qpn-x-places.x000048",
        "qpn-x-places.x000056",
        "qpn-x-places.x000056",
        "qpn-x-places.x000056",
        "qpn-x-places.x000056",
        "qpn-x-places.x000076",
        "qpn-x-places.x000076",
        "qpn-x-places.x000084",
        "qpn-x-places.x000084",
        "qpn-x-places.x000096",
        "qpn-x-places.x000096",
        "qpn-x-places.x000118",
        "qpn-x-places.x000118",
        "qpn-x-places.x000118",
        "qpn-x-places.x000118",
        "qpn-x-places.x000118",
        "qpn-x-places.x000118",
        "qpn-x-places.x000118",
        "qpn-x-places.x000118",
        "qpn-x-places.x000118",
        "qpn-x-places.x000118",
        "qpn-x-places.x000156",
        "qpn-x-places.x000156",
        "qpn-x-places.x000164",
        "qpn-x-places.x000164",
        "qpn-x-places.x000164",
        "qpn-x-places.x000164",
        "qpn-x-places.x000164",
        "qpn-x-places.x000164",
        "qpn-x-places.x000184",
        "qpn-x-places.x000184",
        "qpn-x-places.x000196",
        "qpn-x-places.x000196",
        "qpn-x-places.x000196",
        "qpn-x-places.x000196",
        "qpn-x-places.x000224",
        "qpn-x-places.x000224",
        "qpn-x-places.x000224",
        "qpn-x-places.x000224",
        "qpn-x-places.x000224",
        "qpn-x-places.x000224",
        "qpn-x-places.x000248",
        "qpn-x-places.x000248",
        "qpn-x-places.x000248",
        "qpn-x-places.x000248",
        "qpn-x-places.x000266",
        "qpn-x-places.x000266",
        "qpn-x-places.x000274",
        "qpn-x-places.x000274",
        "qpn-x-places.x000282",
        "qpn-x-places.x000282",
        "qpn-x-places.x000282",
        "qpn-x-places.x000282",
        "qpn-x-places.x000294",
        "qpn-x-places.x000294",
        "qpn-x-places.x000302",
        "qpn-x-places.x000302",
        "qpn-x-places.x000310",
        "qpn-x-places.x000310",
        "qpn-x-places.x000310",
        "qpn-x-places.x000310",
        "qpn-x-places.x000310",
        "qpn-x-places.x000310",
        "qpn-x-places.x000310",
        "qpn-x-places.x000310",
        "qpn-x-places.x000310",
        "qpn-x-places.x000310",
        "qpn-x-places.x000342",
        "qpn-x-places.x000342",
        "qpn-x-places.x000350",
        "qpn-x-places.x000350",
        "qpn-x-places.x000350",
        "qpn-x-places.x000350",
        "qpn-x-places.x000368",
        "qpn-x-places.x000368",
        "qpn-x-places.x000368",
        "qpn-x-places.x000368",
        "qpn-x-places.x000380",
        "qpn-x-places.x000380",
        "qpn-x-places.x000404",
        "qpn-x-places.x000404",
        "qpn-x-places.x000412",
        "qpn-x-places.x000412",
        "qpn-x-places.x000420",
        "qpn-x-places.x000420",
        "qpn-x-places.x000428",
        "qpn-x-places.x000428",
        "qpn-x-places.x000436",
        "qpn-x-places.x000436",
        "qpn-x-places.x000436",
        "qpn-x-places.x000436",
        "qpn-x-places.x000436",
        "qpn-x-places.x000436",
        "qpn-x-places.x000436",
        "qpn-x-places.x000436",
        "qpn-x-places.x000436",
        "qpn-x-places.x000436",
        "qpn-x-places.x000436",
        "qpn-x-places.x000436",
        "qpn-x-places.x000436",
        "qpn-x-places.x000436",
        "qpn-x-places.x000480",
        "qpn-x-places.x000480",
        "qpn-x-places.x000488",
        "qpn-x-places.x000488",
        "qpn-x-places.x000496",
        "qpn-x-places.x000496",
        "qpn-x-places.x000496",
        "qpn-x-places.x000496",
        "qpn-x-places.x000496",
        "qpn-x-places.x000496",
        "qpn-x-places.x000520",
        "qpn-x-places.x000520",
        "qpn-x-places.x000528",
        "qpn-x-places.x000528"
      ]
    },
    {
      "key": "akk",
      "count": "67",
      "instances": [
        "qpn-x-places.x000000",
        "qpn-x-places.x000008",
        "qpn-x-places.x000016",
        "qpn-x-places.x000024",
        "qpn-x-places.x000032",
        "qpn-x-places.x000040",
        "qpn-x-places.x000048",
        "qpn-x-places.x000056",
        "qpn-x-places.x000056",
        "qpn-x-places.x000068",
        "qpn-x-places.x000076",
        "qpn-x-places.x000084",
        "qpn-x-places.x000084",
        "qpn-x-places.x000096",
        "qpn-x-places.x000096",
        "qpn-x-places.x000110",
        "qpn-x-places.x000118",
        "qpn-x-places.x000118",
        "qpn-x-places.x000156",
        "qpn-x-places.x000164",
        "qpn-x-places.x000164",
        "qpn-x-places.x000184",
        "qpn-x-places.x000184",
        "qpn-x-places.x000196",
        "qpn-x-places.x000196",
        "qpn-x-places.x000196",
        "qpn-x-places.x000196",
        "qpn-x-places.x000216",
        "qpn-x-places.x000224",
        "qpn-x-places.x000224",
        "qpn-x-places.x000224",
        "qpn-x-places.x000240",
        "qpn-x-places.x000248",
        "qpn-x-places.x000248",
        "qpn-x-places.x000248",
        "qpn-x-places.x000266",
        "qpn-x-places.x000274",
        "qpn-x-places.x000282",
        "qpn-x-places.x000282",
        "qpn-x-places.x000294",
        "qpn-x-places.x000302",
        "qpn-x-places.x000310",
        "qpn-x-places.x000310",
        "qpn-x-places.x000310",
        "qpn-x-places.x000310",
        "qpn-x-places.x000310",
        "qpn-x-places.x000310",
        "qpn-x-places.x000310",
        "qpn-x-places.x000342",
        "qpn-x-places.x000350",
        "qpn-x-places.x000350",
        "qpn-x-places.x000350",
        "qpn-x-places.x000368",
        "qpn-x-places.x000368",
        "qpn-x-places.x000380",
        "qpn-x-places.x000388",
        "qpn-x-places.x000388",
        "qpn-x-places.x000404",
        "qpn-x-places.x000412",
        "qpn-x-places.x000420",
        "qpn-x-places.x000428",
        "qpn-x-places.x000436",
        "qpn-x-places.x000436",
        "qpn-x-places.x000480",
        "qpn-x-places.x000488",
        "qpn-x-places.x000520",
        "qpn-x-places.x000528"
      ]
    },
    {
      "key": "x",
      "count": "74",
      "instances": [
        "qpn-x-places.x000000",
        "qpn-x-places.x000008",
        "qpn-x-places.x000016",
        "qpn-x-places.x000024",
        "qpn-x-places.x000032",
        "qpn-x-places.x000040",
        "qpn-x-places.x000048",
        "qpn-x-places.x000056",
        "qpn-x-places.x000056",
        "qpn-x-places.x000068",
        "qpn-x-places.x000068",
        "qpn-x-places.x000068",
        "qpn-x-places.x000068",
        "qpn-x-places.x000068",
        "qpn-x-places.x000076",
        "qpn-x-places.x000084",
        "qpn-x-places.x000084",
        "qpn-x-places.x000096",
        "qpn-x-places.x000096",
        "qpn-x-places.x000110",
        "qpn-x-places.x000118",
        "qpn-x-places.x000118",
        "qpn-x-places.x000156",
        "qpn-x-places.x000164",
        "qpn-x-places.x000164",
        "qpn-x-places.x000184",
        "qpn-x-places.x000184",
        "qpn-x-places.x000196",
        "qpn-x-places.x000196",
        "qpn-x-places.x000196",
        "qpn-x-places.x000196",
        "qpn-x-places.x000216",
        "qpn-x-places.x000224",
        "qpn-x-places.x000224",
        "qpn-x-places.x000224",
        "qpn-x-places.x000240",
        "qpn-x-places.x000248",
        "qpn-x-places.x000248",
        "qpn-x-places.x000248",
        "qpn-x-places.x000266",
        "qpn-x-places.x000274",
        "qpn-x-places.x000282",
        "qpn-x-places.x000282",
        "qpn-x-places.x000294",
        "qpn-x-places.x000302",
        "qpn-x-places.x000310",
        "qpn-x-places.x000310",
        "qpn-x-places.x000310",
        "qpn-x-places.x000310",
        "qpn-x-places.x000310",
        "qpn-x-places.x000310",
        "qpn-x-places.x000310",
        "qpn-x-places.x000342",
        "qpn-x-places.x000350",
        "qpn-x-places.x000350",
        "qpn-x-places.x000350",
        "qpn-x-places.x000368",
        "qpn-x-places.x000368",
        "qpn-x-places.x000380",
        "qpn-x-places.x000388",
        "qpn-x-places.x000388",
        "qpn-x-places.x000404",
        "qpn-x-places.x000412",
        "qpn-x-places.x000420",
        "qpn-x-places.x000428",
        "qpn-x-places.x000436",
        "qpn-x-places.x000436",
        "qpn-x-places.x000480",
        "qpn-x-places.x000488",
        "qpn-x-places.x000488",
        "qpn-x-places.x000488",
        "qpn-x-places.x000488",
        "qpn-x-places.x000520",
        "qpn-x-places.x000528"
      ]
    },
    {
      "key": "a",
      "count": "16",
      "instances": [
        "qpn-x-places.x000024",
        "qpn-x-places.x000024",
        "qpn-x-places.x000310",
        "qpn-x-places.x000310",
        "qpn-x-places.x000310",
        "qpn-x-places.x000310",
        "qpn-x-places.x000310",
        "qpn-x-places.x000310",
        "qpn-x-places.x000310",
        "qpn-x-places.x000310",
        "qpn-x-places.x000310",
        "qpn-x-places.x000310",
        "qpn-x-places.x000310",
        "qpn-x-places.x000310",
        "qpn-x-places.x000310",
        "qpn-x-places.x000310"
      ]
    },
    {
      "key": "um",
      "count": "16",
      "instances": [
        "qpn-x-places.x000024",
        "qpn-x-places.x000024",
        "qpn-x-places.x000084",
        "qpn-x-places.x000084",
        "qpn-x-places.x000084",
        "qpn-x-places.x000084",
        "qpn-x-places.x000196",
        "qpn-x-places.x000196",
        "qpn-x-places.x000196",
        "qpn-x-places.x000196",
        "qpn-x-places.x000196",
        "qpn-x-places.x000196",
        "qpn-x-places.x000310",
        "qpn-x-places.x000310",
        "qpn-x-places.x000388",
        "qpn-x-places.x000388"
      ]
    },
    {
      "key": "oldbab",
      "count": "16",
      "instances": [
        "qpn-x-places.x000024",
        "qpn-x-places.x000040",
        "qpn-x-places.x000048",
        "qpn-x-places.x000056",
        "qpn-x-places.x000068",
        "qpn-x-places.x000248",
        "qpn-x-places.x000266",
        "qpn-x-places.x000302",
        "qpn-x-places.x000342",
        "qpn-x-places.x000350",
        "qpn-x-places.x000368",
        "qpn-x-places.x000404",
        "qpn-x-places.x000420",
        "qpn-x-places.x000480",
        "qpn-x-places.x000520",
        "qpn-x-places.x000528"
      ]
    },
    {
      "key": "ba",
      "count": "52",
      "instances": [
        "qpn-x-places.x000068",
        "qpn-x-places.x000068",
        "qpn-x-places.x000118",
        "qpn-x-places.x000118",
        "qpn-x-places.x000118",
        "qpn-x-places.x000118",
        "qpn-x-places.x000118",
        "qpn-x-places.x000118",
        "qpn-x-places.x000118",
        "qpn-x-places.x000118",
        "qpn-x-places.x000118",
        "qpn-x-places.x000118",
        "qpn-x-places.x000118",
        "qpn-x-places.x000118",
        "qpn-x-places.x000118",
        "qpn-x-places.x000118",
        "qpn-x-places.x000118",
        "qpn-x-places.x000118",
        "qpn-x-places.x000118",
        "qpn-x-places.x000118",
        "qpn-x-places.x000118",
        "qpn-x-places.x000118",
        "qpn-x-places.x000310",
        "qpn-x-places.x000310",
        "qpn-x-places.x000310",
        "qpn-x-places.x000310",
        "qpn-x-places.x000310",
        "qpn-x-places.x000310",
        "qpn-x-places.x000310",
        "qpn-x-places.x000310",
        "qpn-x-places.x000310",
        "qpn-x-places.x000310",
        "qpn-x-places.x000350",
        "qpn-x-places.x000350",
        "qpn-x-places.x000350",
        "qpn-x-places.x000350",
        "qpn-x-places.x000350",
        "qpn-x-places.x000350",
        "qpn-x-places.x000496",
        "qpn-x-places.x000496",
        "qpn-x-places.x000496",
        "qpn-x-places.x000496",
        "qpn-x-places.x000496",
        "qpn-x-places.x000496",
        "qpn-x-places.x000496",
        "qpn-x-places.x000496",
        "qpn-x-places.x000496",
        "qpn-x-places.x000496",
        "qpn-x-places.x000496",
        "qpn-x-places.x000496",
        "qpn-x-places.x000528",
        "qpn-x-places.x000528"
      ]
    },
    {
      "key": "ut",
      "count": "32",
      "instances": [
        "qpn-x-places.x000118",
        "qpn-x-places.x000118",
        "qpn-x-places.x000118",
        "qpn-x-places.x000118",
        "qpn-x-places.x000118",
        "qpn-x-places.x000118",
        "qpn-x-places.x000118",
        "qpn-x-places.x000118",
        "qpn-x-places.x000118",
        "qpn-x-places.x000118",
        "qpn-x-places.x000118",
        "qpn-x-places.x000118",
        "qpn-x-places.x000118",
        "qpn-x-places.x000118",
        "qpn-x-places.x000118",
        "qpn-x-places.x000118",
        "qpn-x-places.x000118",
        "qpn-x-places.x000118",
        "qpn-x-places.x000118",
        "qpn-x-places.x000118",
        "qpn-x-places.x000496",
        "qpn-x-places.x000496",
        "qpn-x-places.x000496",
        "qpn-x-places.x000496",
        "qpn-x-places.x000496",
        "qpn-x-places.x000496",
        "qpn-x-places.x000496",
        "qpn-x-places.x000496",
        "qpn-x-places.x000496",
        "qpn-x-places.x000496",
        "qpn-x-places.x000496",
        "qpn-x-places.x000496"
      ]
    },
    {
      "key": "lum",
      "count": "34",
      "instances": [
        "qpn-x-places.x000118",
        "qpn-x-places.x000118",
        "qpn-x-places.x000118",
        "qpn-x-places.x000118",
        "qpn-x-places.x000118",
        "qpn-x-places.x000118",
        "qpn-x-places.x000118",
        "qpn-x-places.x000118",
        "qpn-x-places.x000118",
        "qpn-x-places.x000118",
        "qpn-x-places.x000118",
        "qpn-x-places.x000118",
        "qpn-x-places.x000118",
        "qpn-x-places.x000118",
        "qpn-x-places.x000118",
        "qpn-x-places.x000118",
        "qpn-x-places.x000118",
        "qpn-x-places.x000118",
        "qpn-x-places.x000118",
        "qpn-x-places.x000118",
        "qpn-x-places.x000310",
        "qpn-x-places.x000310",
        "qpn-x-places.x000496",
        "qpn-x-places.x000496",
        "qpn-x-places.x000496",
        "qpn-x-places.x000496",
        "qpn-x-places.x000496",
        "qpn-x-places.x000496",
        "qpn-x-places.x000496",
        "qpn-x-places.x000496",
        "qpn-x-places.x000496",
        "qpn-x-places.x000496",
        "qpn-x-places.x000496",
        "qpn-x-places.x000496"
      ]
    },
    {
      "key": "ia",
      "count": "16",
      "instances": [
        "qpn-x-places.x000118",
        "qpn-x-places.x000118",
        "qpn-x-places.x000118",
        "qpn-x-places.x000118",
        "qpn-x-places.x000118",
        "qpn-x-places.x000118",
        "qpn-x-places.x000118",
        "qpn-x-places.x000118",
        "qpn-x-places.x000496",
        "qpn-x-places.x000496",
        "qpn-x-places.x000496",
        "qpn-x-places.x000496",
        "qpn-x-places.x000496",
        "qpn-x-places.x000496",
        "qpn-x-places.x000496",
        "qpn-x-places.x000496"
      ]
    },
    {
      "key": "ti",
      "count": "20",
      "instances": [
        "qpn-x-places.x000196",
        "qpn-x-places.x000196",
        "qpn-x-places.x000196",
        "qpn-x-places.x000196",
        "qpn-x-places.x000302",
        "qpn-x-places.x000302",
        "qpn-x-places.x000310",
        "qpn-x-places.x000310",
        "qpn-x-places.x000310",
        "qpn-x-places.x000310",
        "qpn-x-places.x000310",
        "qpn-x-places.x000310",
        "qpn-x-places.x000310",
        "qpn-x-places.x000310",
        "qpn-x-places.x000310",
        "qpn-x-places.x000310",
        "qpn-x-places.x000310",
        "qpn-x-places.x000310",
        "qpn-x-places.x000310",
        "qpn-x-places.x000310"
      ]
    }
  ],
  "map": {
    "Adad": "adad",
    "%akk": "akk",
    "Āl": "al",
    "An": "an",
    "Ašarmu": "ašarmu",
    "Ašarmum": "ašarmum",
    "Bābilu": "babilu",
    "BAD₃.AN.NA": "bad₃anna",
    "Bad₃": "bad₃",
    "BAD₃": "bad₃",
    "BAD₃.LUGAL": "bad₃lugal",
    "BAD₃.TIBIRA": "bad₃tibira",
    "Buba": "buba",
    "Damiq": "damiq",
    "Damqi": "damqi",
    "Damru": "damru",
    "Damrum": "damrum",
    "DU₁₀.GAR": "du₁₀gar",
    "Dunnu": "dunnu",
    "Dunnum": "dunnum",
    "Dūr": "dur",
    "E₂.DURU₅.BI₂.ŠA₆": "e₂duru₅bi₂ša₆",
    "Elam": "elam",
    "ELAM": "elam",
    "emūqāšu": "emuqašu",
    "Emutbalum": "emutbalum",
    "EN.ZU": "enzu",
    "Eridu": "eridu",
    "Ešnuna": "ešnuna",
    "EŠ₃.NUN.NA": "eš₃nunna",
    ".GA": "ga",
    "Gutû": "gutu",
    "Gutûm": "gutum",
    "Ida": "ida",
    "ilīšu": "ilišu",
    "IRI": "iri",
    "I.SI.IN": "isiin",
    "I₃.SI.IN": "i₃siin",
    "I₃.SI.IN.NA": "i₃siinna",
    "Isin": "isin",
    "IŠKUR": "iškur",
    "KA₂.DINGIR.RA": "ka₂dingirra",
    "Ka": "ka",
    "KA₂": "ka₂",
    "Kisura": "kisura",
    "KI.SUR.RA": "kisurra",
    "Kisurû": "kisuru",
    "Kutalla": "kutalla",
    "Lagaš": "lagaš",
    "Larsa": "larsa",
    "Latarak": "latarak",
    "LUGAL": "lugal",
    "Malgû": "malgu",
    "Malgûm": "malgum",
    "Mantinu": "mantinu",
    "Maraṣ": "maraṣ",
    "MEŠ": "meš",
    "Mutiabalum": "mutiabalum",
    "Mutiabalu": "mutiabalu",
    "Nabigu": "nabigu",
    "Natbakam": "natbakam",
    "Natbakum": "natbakum",
    "Nazarum": "nazarum",
    "Nazaru": "nazaru",
    "NIN.GAL.DU.DU": "ningaldudu",
    "NUN": "nun",
    "nūru": "nuru",
    "oldbab:BAD₃.LUGAL": "oldbabbad₃lugal",
    "oldbab:BAD₃": "oldbabbad₃",
    "oldbab:BAD₃.TIBIRA": "oldbabbad₃tibira",
    "oldbab:DU₁₀.GAR": "oldbabdu₁₀gar",
    "oldbab:du": "oldbabdu",
    "oldbab:E₂.DURU₅.BI₂.ŠA₆": "oldbabe₂duru₅bi₂ša₆",
    "oldbab:ELAM": "oldbabelam",
    "oldbab:e": "oldbabe",
    "oldbab:EŠ₃.NUN.NA": "oldbabeš₃nunna",
    "oldbab:gu": "oldbabgu",
    "oldbab:i": "oldbabi",
    "oldbab:IRI": "oldbabiri",
    "oldbab:I₃.SI.IN.NA": "oldbabi₃siinna",
    "oldbab:I.SI.IN": "oldbabisiin",
    "oldbab:I₃.SI.IN": "oldbabi₃siin",
    "oldbab:KA₂.DINGIR.RA": "oldbabka₂dingirra",
    "oldbab:KA₂": "oldbabka₂",
    "oldbab:KI.SUR.RA": "oldbabkisurra",
    "oldbab:la": "oldbabla",
    "oldbab:mu": "oldbabmu",
    "oldbab:na": "oldbabna",
    "oldbab:NIN.GAL.DU.DU": "oldbabningaldudu",
    "oldbab:NUN": "oldbabnun",
    "oldbab:": "oldbab",
    "oldbab:SIG₄": "oldbabsig₄",
    "oldbab:SU.BIR₄": "oldbabsubir₄",
    "oldbab:su": "oldbabsu",
    "oldbab:UD.UNUG": "oldbabudunug",
    "oldbab:UNUG": "oldbabunug",
    "oldbab:URI₅": "oldbaburi₅",
    "oldbab:x": "oldbabx",
    "Šarrim": "šarrim",
    "Šarri": "šarri",
    "Šatalla": "šatalla",
    "SIG₄": "sig₄",
    "Sîn": "sin",
    "Šubartu": "šubartu",
    "SU.BIR₄": "subir₄",
    "Šu": "šu",
    "Sutûm": "sutum",
    "Sutû": "sutu",
    "UD.UNUG": "udunug",
    "UNUG": "unug",
    "URI₅": "uri₅",
    "Uruk": "uruk",
    "Ur": "ur",
    "Uṣarpara": "uṣarpara",
    "X": "x",
    "Yamutbalum": "yamutbalum",
    "Zallunim": "zallunim",
    "Zallunu": "zallunu",
    "Zibbatum": "zibbatum",
    "Zibbatu": "zibbatu"
  }
}
