{
  "type": "cdl",
  "source": "http://oracc.org/saao/saa13",
  "license": "This data is released under the CC0 license",
  "license-url": "https://creativecommons.org/publicdomain/zero/1.0/",
  "more-info": "http://oracc.org/doc/opendata/",
  "UTC-timestamp": "2017-06-10T00:51:27",
  "project": "saao/saa13",
  "textid": "P334153",
  "cdl": [
    {
      "node": "c",
      "type": "text",
      "id": "P334153.U0",
      "cdl": [
        {
          "node": "d",
          "type": "object",
          "ref": ""
        },
        {
          "node": "d",
          "subtype": "obverse",
          "type": "obverse",
          "ref": "P334153.o.1",
          "label": "o"
        },
        {
          "node": "c",
          "type": "discourse",
          "subtype": "body",
          "id": "P334153.U1",
          "cdl": [
            {
              "node": "c",
              "type": "sentence",
              "id": "P334153.U2",
              "label": "o 1 - r 2",
              "cdl": [
                {
                  "node": "d",
                  "type": "line-start",
                  "ref": "P334153.2",
                  "n": "1",
                  "label": "o 1"
                },
                {
                  "node": "l",
                  "frag": "a-na",
                  "id": "P334153.l02ba1",
                  "ref": "P334153.2.1",
                  "inst": "ana[to]PRP",
                  "sig": "@saao/saa13%akk-x-neoass:a-na=ana[to//to]PRP'PRP$ana",
                  "f": {
                    "lang": "akk-x-neoass",
                    "form": "a-na",
                    "cf": "ana",
                    "gw": "to",
                    "sense": "to",
                    "norm": "ana",
                    "pos": "PRP",
                    "epos": "PRP"
                  }
                },
                {
                  "node": "l",
                  "frag": "LUGAL",
                  "id": "P334153.l02ba2",
                  "ref": "P334153.2.2",
                  "inst": "šarri[king]N",
                  "sig": "@saao/saa13%akk-x-neoass:LUGAL=šarru[king//king]N'N$šarri",
                  "f": {
                    "lang": "akk-x-neoass",
                    "form": "LUGAL",
                    "cf": "šarru",
                    "gw": "king",
                    "sense": "king",
                    "norm": "šarri",
                    "pos": "N",
                    "epos": "N"
                  }
                },
                {
                  "node": "l",
                  "frag": "EN-ia",
                  "id": "P334153.l02ba3",
                  "ref": "P334153.2.3",
                  "inst": "bēlīya[lord]N",
                  "sig": "@saao/saa13%akk-x-neoass:EN-ia=bēlu[lord//lord]N'N$bēlīya",
                  "f": {
                    "lang": "akk-x-neoass",
                    "form": "EN-ia",
                    "cf": "bēlu",
                    "gw": "lord",
                    "sense": "lord",
                    "norm": "bēlīya",
                    "pos": "N",
                    "epos": "N"
                  }
                },
                {
                  "node": "d",
                  "type": "line-start",
                  "ref": "P334153.3",
                  "n": "2",
                  "label": "o 2"
                },
                {
                  "node": "l",
                  "frag": "ARAD-ka",
                  "id": "P334153.l02ba4",
                  "ref": "P334153.3.1",
                  "inst": "urdaka[servant]N",
                  "sig": "@saao/saa13%akk-x-neoass:ARAD-ka=ardu[slave//servant]N'N$urdaka",
                  "f": {
                    "lang": "akk-x-neoass",
                    "form": "ARAD-ka",
                    "cf": "ardu",
                    "gw": "slave",
                    "sense": "servant",
                    "norm": "urdaka",
                    "pos": "N",
                    "epos": "N"
                  }
                },
                {
                  "node": "l",
                  "frag": "{1}{d}PA-mu-še-ṣi",
                  "id": "P334153.l02ba5",
                  "ref": "P334153.3.2",
                  "inst": "+Nabu-mušeṣi[1]PN$",
                  "sig": "@saao/saa13%akk-x-neoass:{1}{d}PA-mu-še-ṣi=Nabu-mušeṣi[1//1]PN'PN$Nabu-mušeṣi",
                  "f": {
                    "lang": "akk-x-neoass",
                    "form": "{1}{d}PA-mu-še-ṣi",
                    "cf": "Nabu-mušeṣi",
                    "gw": "1",
                    "sense": "1",
                    "norm": "Nabu-mušeṣi",
                    "pos": "PN",
                    "epos": "PN"
                  }
                },
                {
                  "node": "d",
                  "type": "line-start",
                  "ref": "P334153.4",
                  "n": "3",
                  "label": "o 3"
                },
                {
                  "node": "l",
                  "frag": "A",
                  "id": "P334153.l02ba6",
                  "ref": "P334153.4.1",
                  "inst": "mār[son]N",
                  "sig": "@saao/saa13%akk-x-neoass:A=māru[son//son]N'N$mār",
                  "f": {
                    "lang": "akk-x-neoass",
                    "form": "A",
                    "cf": "māru",
                    "gw": "son",
                    "sense": "son",
                    "norm": "mār",
                    "pos": "N",
                    "epos": "N"
                  }
                },
                {
                  "node": "l",
                  "frag": "{1}{d}PA-SAG-i-ši",
                  "id": "P334153.l02ba7",
                  "ref": "P334153.4.2",
                  "inst": "Nabu-reši-išši[1]PN",
                  "sig": "@saao/saa13%akk-x-neoass:{1}{d}PA-SAG-i-ši=Nabu-reši-išši[1//1]PN'PN$Nabu-reši-išši",
                  "f": {
                    "lang": "akk-x-neoass",
                    "form": "{1}{d}PA-SAG-i-ši",
                    "cf": "Nabu-reši-išši",
                    "gw": "1",
                    "sense": "1",
                    "norm": "Nabu-reši-išši",
                    "pos": "PN",
                    "epos": "PN"
                  }
                },
                {
                  "node": "d",
                  "type": "line-start",
                  "ref": "P334153.5",
                  "n": "4",
                  "label": "o 4"
                },
                {
                  "node": "l",
                  "frag": "lu-u",
                  "id": "P334153.l02ba8",
                  "ref": "P334153.5.1",
                  "inst": "lū[may]MOD",
                  "sig": "@saao/saa13%akk-x-neoass:lu-u=lū[may//may]MOD'MOD$lū",
                  "f": {
                    "lang": "akk-x-neoass",
                    "form": "lu-u",
                    "cf": "lū",
                    "gw": "may",
                    "sense": "may",
                    "norm": "lū",
                    "pos": "MOD",
                    "epos": "MOD"
                  }
                },
                {
                  "node": "l",
                  "frag": "DI-mu",
                  "id": "P334153.l02ba9",
                  "ref": "P334153.5.2",
                  "inst": "šulmu[health]N",
                  "sig": "@saao/saa13%akk-x-neoass:DI-mu=šulmu[completeness//health]N'N$šulmu",
                  "f": {
                    "lang": "akk-x-neoass",
                    "form": "DI-mu",
                    "cf": "šulmu",
                    "gw": "completeness",
                    "sense": "health",
                    "norm": "šulmu",
                    "pos": "N",
                    "epos": "N"
                  }
                },
                {
                  "node": "l",
                  "frag": "a-na",
                  "id": "P334153.l02baa",
                  "ref": "P334153.5.3",
                  "inst": "ana[to]PRP",
                  "sig": "@saao/saa13%akk-x-neoass:a-na=ana[to//to]PRP'PRP$ana",
                  "f": {
                    "lang": "akk-x-neoass",
                    "form": "a-na",
                    "cf": "ana",
                    "gw": "to",
                    "sense": "to",
                    "norm": "ana",
                    "pos": "PRP",
                    "epos": "PRP"
                  }
                },
                {
                  "node": "l",
                  "frag": "LUGAL",
                  "id": "P334153.l02bab",
                  "ref": "P334153.5.4",
                  "inst": "šarri[king]N",
                  "sig": "@saao/saa13%akk-x-neoass:LUGAL=šarru[king//king]N'N$šarri",
                  "f": {
                    "lang": "akk-x-neoass",
                    "form": "LUGAL",
                    "cf": "šarru",
                    "gw": "king",
                    "sense": "king",
                    "norm": "šarri",
                    "pos": "N",
                    "epos": "N"
                  }
                },
                {
                  "node": "l",
                  "frag": "EN-ia₂",
                  "id": "P334153.l02bac",
                  "ref": "P334153.5.5",
                  "inst": "bēlīya[lord]N",
                  "sig": "@saao/saa13%akk-x-neoass:EN-ia₂=bēlu[lord//lord]N'N$bēlīya",
                  "f": {
                    "lang": "akk-x-neoass",
                    "form": "EN-ia₂",
                    "cf": "bēlu",
                    "gw": "lord",
                    "sense": "lord",
                    "norm": "bēlīya",
                    "pos": "N",
                    "epos": "N"
                  }
                },
                {
                  "node": "d",
                  "type": "line-start",
                  "ref": "P334153.6",
                  "n": "5",
                  "label": "o 5"
                },
                {
                  "node": "l",
                  "frag": "aš-šur",
                  "id": "P334153.l02bad",
                  "ref": "P334153.6.1",
                  "inst": "Aššur[1]DN",
                  "sig": "@saao/saa13%akk-x-neoass:aš-šur=Aššur[1//1]DN'DN$Aššur",
                  "f": {
                    "lang": "akk-x-neoass",
                    "form": "aš-šur",
                    "cf": "Aššur",
                    "gw": "1",
                    "sense": "1",
                    "norm": "Aššur",
                    "pos": "DN",
                    "epos": "DN"
                  }
                },
                {
                  "node": "l",
                  "frag": "{d}15",
                  "id": "P334153.l02bae",
                  "ref": "P334153.6.2",
                  "inst": "Issar[1]DN",
                  "sig": "@saao/saa13%akk-x-neoass:{d}15=Ištar[1//1]DN'DN$Issar",
                  "f": {
                    "lang": "akk-x-neoass",
                    "form": "{d}15",
                    "cf": "Ištar",
                    "gw": "1",
                    "sense": "1",
                    "norm": "Issar",
                    "pos": "DN",
                    "epos": "DN"
                  }
                },
                {
                  "node": "l",
                  "frag": "a-na",
                  "id": "P334153.l02baf",
                  "ref": "P334153.6.3",
                  "inst": "ana[to]PRP",
                  "sig": "@saao/saa13%akk-x-neoass:a-na=ana[to//to]PRP'PRP$ana",
                  "f": {
                    "lang": "akk-x-neoass",
                    "form": "a-na",
                    "cf": "ana",
                    "gw": "to",
                    "sense": "to",
                    "norm": "ana",
                    "pos": "PRP",
                    "epos": "PRP"
                  }
                },
                {
                  "node": "l",
                  "frag": "LUGAL",
                  "id": "P334153.l02bb0",
                  "ref": "P334153.6.4",
                  "inst": "šarri[king]N",
                  "sig": "@saao/saa13%akk-x-neoass:LUGAL=šarru[king//king]N'N$šarri",
                  "f": {
                    "lang": "akk-x-neoass",
                    "form": "LUGAL",
                    "cf": "šarru",
                    "gw": "king",
                    "sense": "king",
                    "norm": "šarri",
                    "pos": "N",
                    "epos": "N"
                  }
                },
                {
                  "node": "d",
                  "type": "line-start",
                  "ref": "P334153.7",
                  "n": "6",
                  "label": "o 6"
                },
                {
                  "node": "l",
                  "frag": "EN-ia",
                  "id": "P334153.l02bb1",
                  "ref": "P334153.7.1",
                  "inst": "bēlīya[lord]N",
                  "sig": "@saao/saa13%akk-x-neoass:EN-ia=bēlu[lord//lord]N'N$bēlīya",
                  "f": {
                    "lang": "akk-x-neoass",
                    "form": "EN-ia",
                    "cf": "bēlu",
                    "gw": "lord",
                    "sense": "lord",
                    "norm": "bēlīya",
                    "pos": "N",
                    "epos": "N"
                  }
                },
                {
                  "node": "l",
                  "frag": "lik-ru-bu",
                  "id": "P334153.l02bb2",
                  "ref": "P334153.7.2",
                  "inst": "likrubu[bless]V",
                  "sig": "@saao/saa13%akk-x-neoass:lik-ru-bu=karābu[pray//bless]V'V$likrubu",
                  "f": {
                    "lang": "akk-x-neoass",
                    "form": "lik-ru-bu",
                    "cf": "karābu",
                    "gw": "pray",
                    "sense": "bless",
                    "norm": "likrubu",
                    "pos": "V",
                    "epos": "V"
                  }
                },
                {
                  "node": "d",
                  "type": "line-start",
                  "ref": "P334153.8",
                  "n": "7",
                  "label": "o 7"
                },
                {
                  "node": "l",
                  "frag": "{lu₂v}UŠ.BAR-MEŠ",
                  "id": "P334153.l02bb3",
                  "ref": "P334153.8.1",
                  "inst": "+išparu[weaver]N$ušpārī",
                  "sig": "@saao/saa13%akk-x-neoass:{LU₂}UŠ.BAR-MEŠ=išparu[weaver//weaver]N'N$ušpārī",
                  "f": {
                    "lang": "akk-x-neoass",
                    "form": "{LU₂}UŠ.BAR-MEŠ",
                    "cf": "išparu",
                    "gw": "weaver",
                    "sense": "weaver",
                    "norm": "ušpārī",
                    "pos": "N",
                    "epos": "N"
                  }
                },
                {
                  "node": "l",
                  "frag": "ša",
                  "id": "P334153.l02bb4",
                  "ref": "P334153.8.2",
                  "inst": "ša[of]DET",
                  "sig": "@saao/saa13%akk-x-neoass:ša=ša[of//of]DET'DET$ša",
                  "f": {
                    "lang": "akk-x-neoass",
                    "form": "ša",
                    "cf": "ša",
                    "gw": "of",
                    "sense": "of",
                    "norm": "ša",
                    "pos": "DET",
                    "epos": "DET"
                  }
                },
                {
                  "node": "l",
                  "frag": "E₂.KUR",
                  "id": "P334153.l02bb5",
                  "ref": "P334153.8.3",
                  "inst": "ēkurri[temple]N",
                  "sig": "@saao/saa13%akk-x-neoass:E₂.KUR=ēkurru[temple//temple]N'N$ēkurri",
                  "f": {
                    "lang": "akk-x-neoass",
                    "form": "E₂.KUR",
                    "cf": "ēkurru",
                    "gw": "temple",
                    "sense": "temple",
                    "norm": "ēkurri",
                    "pos": "N",
                    "epos": "N"
                  }
                },
                {
                  "node": "d",
                  "type": "line-start",
                  "ref": "P334153.9",
                  "n": "8",
                  "label": "o 8"
                },
                {
                  "node": "l",
                  "frag": "iš-QAR-šu₂-nu",
                  "id": "P334153.l02bb6",
                  "ref": "P334153.9.1",
                  "inst": "+iškāru[work assignment]N$iškāršunu",
                  "sig": "@saao/saa13%akk-x-neoass:iš-QAR-šu₂-nu=iškāru[work assignment//work assignment]N'N$iškāršunu",
                  "f": {
                    "lang": "akk-x-neoass",
                    "form": "iš-QAR-šu₂-nu",
                    "cf": "iškāru",
                    "gw": "work assignment",
                    "sense": "work assignment",
                    "norm": "iškāršunu",
                    "pos": "N",
                    "epos": "N"
                  }
                },
                {
                  "node": "l",
                  "frag": "la",
                  "id": "P334153.l02bb7",
                  "ref": "P334153.9.2",
                  "inst": "lā[not]MOD",
                  "sig": "@saao/saa13%akk-x-neoass:la=lā[not//not]MOD'MOD$lā",
                  "f": {
                    "lang": "akk-x-neoass",
                    "form": "la",
                    "cf": "lā",
                    "gw": "not",
                    "sense": "not",
                    "norm": "lā",
                    "pos": "MOD",
                    "epos": "MOD"
                  }
                },
                {
                  "node": "l",
                  "frag": "ik-ṣur-u-ni",
                  "id": "P334153.l02bb8",
                  "ref": "P334153.9.3",
                  "inst": "ikṣurūni[organize]V",
                  "sig": "@saao/saa13%akk-x-neoass:ik-ṣur-u-ni=kaṣāru[tie//organize]V'V$ikṣurūni",
                  "f": {
                    "lang": "akk-x-neoass",
                    "form": "ik-ṣur-u-ni",
                    "cf": "kaṣāru",
                    "gw": "tie",
                    "sense": "organize",
                    "norm": "ikṣurūni",
                    "pos": "V",
                    "epos": "V"
                  }
                },
                {
                  "node": "d",
                  "subtype": "reverse",
                  "type": "reverse",
                  "ref": "P334153.r.10",
                  "label": "r"
                },
                {
                  "node": "d",
                  "type": "line-start",
                  "ref": "P334153.11",
                  "n": "1",
                  "label": "r 1"
                },
                {
                  "node": "l",
                  "frag": "{lu₂v}u₂-ra-su-tu₂",
                  "id": "P334153.l02bb9",
                  "ref": "P334153.11.1",
                  "inst": "+urāsūtu[rôle of foreman//position of brick mason]N'N$",
                  "sig": "@saao/saa13%akk-x-neoass:{LU₂}u₂-ra-su-tu₂=urāsūtu[rôle of foreman//position of brick mason]N'N$urāsūtu",
                  "f": {
                    "lang": "akk-x-neoass",
                    "form": "{LU₂}u₂-ra-su-tu₂",
                    "cf": "urāsūtu",
                    "gw": "rôle of foreman",
                    "sense": "position of brick mason",
                    "norm": "urāsūtu",
                    "pos": "N",
                    "epos": "N"
                  }
                },
                {
                  "node": "d",
                  "type": "line-start",
                  "ref": "P334153.12",
                  "n": "2",
                  "label": "r 2"
                },
                {
                  "node": "l",
                  "frag": "e-pu-uš",
                  "id": "P334153.l02bba",
                  "ref": "P334153.12.1",
                  "inst": "+epēšu[do]V$eppuš",
                  "sig": "@saao/saa13%akk-x-neoass:e-pu-uš=epēšu[do//do]V'V$eppuš",
                  "f": {
                    "lang": "akk-x-neoass",
                    "form": "e-pu-uš",
                    "cf": "epēšu",
                    "gw": "do",
                    "sense": "do",
                    "norm": "eppuš",
                    "pos": "V",
                    "epos": "V"
                  }
                }
              ]
            }
          ]
        }
      ]
    }
  ]
}
