{
  "type": "cdl",
  "source": "http://oracc.org/saao/saa13",
  "license": "This data is released under the CC0 license",
  "license-url": "https://creativecommons.org/publicdomain/zero/1.0/",
  "more-info": "http://oracc.org/doc/opendata/",
  "UTC-timestamp": "2017-06-10T00:51:20",
  "project": "saao/saa13",
  "textid": "P334293",
  "cdl": [
    {
      "node": "c",
      "type": "text",
      "id": "P334293.U0",
      "cdl": [
        {
          "node": "d",
          "type": "object",
          "ref": ""
        },
        {
          "node": "d",
          "subtype": "obverse",
          "type": "obverse",
          "ref": "P334293.o.1",
          "label": "o"
        },
        {
          "node": "c",
          "type": "discourse",
          "subtype": "body",
          "id": "P334293.U1",
          "cdl": [
            {
              "node": "c",
              "type": "sentence",
              "id": "P334293.U2",
              "label": "o 1 - r 9",
              "cdl": [
                {
                  "node": "d",
                  "type": "line-start",
                  "ref": "P334293.2",
                  "n": "1",
                  "label": "o 1"
                },
                {
                  "node": "l",
                  "frag": "a-na",
                  "id": "P334293.l01136",
                  "ref": "P334293.2.1",
                  "inst": "ana[to]PRP",
                  "sig": "@saao/saa13%akk-x-neoass:a-na=ana[to//to]PRP'PRP$ana",
                  "f": {
                    "lang": "akk-x-neoass",
                    "form": "a-na",
                    "cf": "ana",
                    "gw": "to",
                    "sense": "to",
                    "norm": "ana",
                    "pos": "PRP",
                    "epos": "PRP"
                  }
                },
                {
                  "node": "l",
                  "frag": "LUGAL",
                  "id": "P334293.l01137",
                  "ref": "P334293.2.2",
                  "inst": "šarri[king]N",
                  "sig": "@saao/saa13%akk-x-neoass:LUGAL=šarru[king//king]N'N$šarri",
                  "f": {
                    "lang": "akk-x-neoass",
                    "form": "LUGAL",
                    "cf": "šarru",
                    "gw": "king",
                    "sense": "king",
                    "norm": "šarri",
                    "pos": "N",
                    "epos": "N"
                  }
                },
                {
                  "node": "l",
                  "frag": "EN-ia",
                  "id": "P334293.l01138",
                  "ref": "P334293.2.3",
                  "inst": "bēlīya[lord]N",
                  "sig": "@saao/saa13%akk-x-neoass:EN-ia=bēlu[lord//lord]N'N$bēlīya",
                  "f": {
                    "lang": "akk-x-neoass",
                    "form": "EN-ia",
                    "cf": "bēlu",
                    "gw": "lord",
                    "sense": "lord",
                    "norm": "bēlīya",
                    "pos": "N",
                    "epos": "N"
                  }
                },
                {
                  "node": "d",
                  "type": "line-start",
                  "ref": "P334293.3",
                  "n": "2",
                  "label": "o 2"
                },
                {
                  "node": "l",
                  "frag": "ARAD-ka",
                  "id": "P334293.l01139",
                  "ref": "P334293.3.1",
                  "inst": "urdaka[servant]N",
                  "sig": "@saao/saa13%akk-x-neoass:ARAD-ka=ardu[slave//servant]N'N$urdaka",
                  "f": {
                    "lang": "akk-x-neoass",
                    "form": "ARAD-ka",
                    "cf": "ardu",
                    "gw": "slave",
                    "sense": "servant",
                    "norm": "urdaka",
                    "pos": "N",
                    "epos": "N"
                  }
                },
                {
                  "node": "l",
                  "frag": "{1}ARAD-{d}PA",
                  "id": "P334293.l0113a",
                  "ref": "P334293.3.2",
                  "inst": "Urdu-Nabu[1]PN",
                  "sig": "@saao/saa13%akk-x-neoass:{1}ARAD-{d}PA=Urdu-Nabu[1//1]PN'PN$Urdu-Nabu",
                  "f": {
                    "lang": "akk-x-neoass",
                    "form": "{1}ARAD-{d}PA",
                    "cf": "Urdu-Nabu",
                    "gw": "1",
                    "sense": "1",
                    "norm": "Urdu-Nabu",
                    "pos": "PN",
                    "epos": "PN"
                  }
                },
                {
                  "node": "d",
                  "type": "line-start",
                  "ref": "P334293.4",
                  "n": "3",
                  "label": "o 3"
                },
                {
                  "node": "l",
                  "frag": "lu",
                  "id": "P334293.l0113b",
                  "ref": "P334293.4.1",
                  "inst": "lū[may]MOD",
                  "sig": "@saao/saa13%akk-x-neoass:lu=lū[may//may]MOD'MOD$lū",
                  "f": {
                    "lang": "akk-x-neoass",
                    "form": "lu",
                    "cf": "lū",
                    "gw": "may",
                    "sense": "may",
                    "norm": "lū",
                    "pos": "MOD",
                    "epos": "MOD"
                  }
                },
                {
                  "node": "l",
                  "frag": "DI-mu",
                  "id": "P334293.l0113c",
                  "ref": "P334293.4.2",
                  "inst": "šulmu[health]N",
                  "sig": "@saao/saa13%akk-x-neoass:DI-mu=šulmu[completeness//health]N'N$šulmu",
                  "f": {
                    "lang": "akk-x-neoass",
                    "form": "DI-mu",
                    "cf": "šulmu",
                    "gw": "completeness",
                    "sense": "health",
                    "norm": "šulmu",
                    "pos": "N",
                    "epos": "N"
                  }
                },
                {
                  "node": "l",
                  "frag": "a-na",
                  "id": "P334293.l0113d",
                  "ref": "P334293.4.3",
                  "inst": "ana[to]PRP",
                  "sig": "@saao/saa13%akk-x-neoass:a-na=ana[to//to]PRP'PRP$ana",
                  "f": {
                    "lang": "akk-x-neoass",
                    "form": "a-na",
                    "cf": "ana",
                    "gw": "to",
                    "sense": "to",
                    "norm": "ana",
                    "pos": "PRP",
                    "epos": "PRP"
                  }
                },
                {
                  "node": "l",
                  "frag": "LUGAL",
                  "id": "P334293.l0113e",
                  "ref": "P334293.4.4",
                  "inst": "šarri[king]N",
                  "sig": "@saao/saa13%akk-x-neoass:LUGAL=šarru[king//king]N'N$šarri",
                  "f": {
                    "lang": "akk-x-neoass",
                    "form": "LUGAL",
                    "cf": "šarru",
                    "gw": "king",
                    "sense": "king",
                    "norm": "šarri",
                    "pos": "N",
                    "epos": "N"
                  }
                },
                {
                  "node": "l",
                  "frag": "EN-ia",
                  "id": "P334293.l0113f",
                  "ref": "P334293.4.5",
                  "inst": "bēlīya[lord]N",
                  "sig": "@saao/saa13%akk-x-neoass:EN-ia=bēlu[lord//lord]N'N$bēlīya",
                  "f": {
                    "lang": "akk-x-neoass",
                    "form": "EN-ia",
                    "cf": "bēlu",
                    "gw": "lord",
                    "sense": "lord",
                    "norm": "bēlīya",
                    "pos": "N",
                    "epos": "N"
                  }
                },
                {
                  "node": "d",
                  "type": "line-start",
                  "ref": "P334293.5",
                  "n": "4",
                  "label": "o 4"
                },
                {
                  "node": "l",
                  "frag": "aš-šur",
                  "id": "P334293.l01140",
                  "ref": "P334293.5.1",
                  "inst": "Aššur[1]DN",
                  "sig": "@saao/saa13%akk-x-neoass:aš-šur=Aššur[1//1]DN'DN$Aššur",
                  "f": {
                    "lang": "akk-x-neoass",
                    "form": "aš-šur",
                    "cf": "Aššur",
                    "gw": "1",
                    "sense": "1",
                    "norm": "Aššur",
                    "pos": "DN",
                    "epos": "DN"
                  }
                },
                {
                  "node": "l",
                  "frag": "{d}30",
                  "id": "P334293.l01141",
                  "ref": "P334293.5.2",
                  "inst": "Sin[1]DN",
                  "sig": "@saao/saa13%akk-x-neoass:{d}30=Sin[1//1]DN'DN$Sin",
                  "f": {
                    "lang": "akk-x-neoass",
                    "form": "{d}30",
                    "cf": "Sin",
                    "gw": "1",
                    "sense": "1",
                    "norm": "Sin",
                    "pos": "DN",
                    "epos": "DN"
                  }
                },
                {
                  "node": "l",
                  "frag": "{d}UTU",
                  "id": "P334293.l01142",
                  "ref": "P334293.5.3",
                  "inst": "Šamaš[1]DN",
                  "sig": "@saao/saa13%akk-x-neoass:{d}UTU=Šamaš[1//1]DN'DN$Šamaš",
                  "f": {
                    "lang": "akk-x-neoass",
                    "form": "{d}UTU",
                    "cf": "Šamaš",
                    "gw": "1",
                    "sense": "1",
                    "norm": "Šamaš",
                    "pos": "DN",
                    "epos": "DN"
                  }
                },
                {
                  "node": "l",
                  "frag": "{d}AMAR.UTU",
                  "id": "P334293.l01143",
                  "ref": "P334293.5.4",
                  "inst": "Marduk[1]DN",
                  "sig": "@saao/saa13%akk-x-neoass:{d}AMAR.UTU=Marduk[1//1]DN'DN$Marduk",
                  "f": {
                    "lang": "akk-x-neoass",
                    "form": "{d}AMAR.UTU",
                    "cf": "Marduk",
                    "gw": "1",
                    "sense": "1",
                    "norm": "Marduk",
                    "pos": "DN",
                    "epos": "DN"
                  }
                },
                {
                  "node": "d",
                  "type": "line-start",
                  "ref": "P334293.6",
                  "n": "5",
                  "label": "o 5"
                },
                {
                  "node": "l",
                  "frag": "{d}zar-pa-ni-tum",
                  "id": "P334293.l01144",
                  "ref": "P334293.6.1",
                  "inst": "Zarpanitu[1]DN",
                  "sig": "@saao/saa13%akk-x-neoass:{d}zar-pa-ni-tum=Zarpanitu[1//1]DN'DN$Zarpanitu",
                  "f": {
                    "lang": "akk-x-neoass",
                    "form": "{d}zar-pa-ni-tum",
                    "cf": "Zarpanitu",
                    "gw": "1",
                    "sense": "1",
                    "norm": "Zarpanitu",
                    "pos": "DN",
                    "epos": "DN"
                  }
                },
                {
                  "node": "l",
                  "frag": "{d}AG",
                  "id": "P334293.l01145",
                  "ref": "P334293.6.2",
                  "inst": "Nabu[1]DN",
                  "sig": "@saao/saa13%akk-x-neoass:{d}AG=Nabu[1//1]DN'DN$Nabu",
                  "f": {
                    "lang": "akk-x-neoass",
                    "form": "{d}AG",
                    "cf": "Nabu",
                    "gw": "1",
                    "sense": "1",
                    "norm": "Nabu",
                    "pos": "DN",
                    "epos": "DN"
                  }
                },
                {
                  "node": "d",
                  "type": "line-start",
                  "ref": "P334293.7",
                  "n": "6",
                  "label": "o 6"
                },
                {
                  "node": "l",
                  "frag": "{d}taš-me-tum",
                  "id": "P334293.l01146",
                  "ref": "P334293.7.1",
                  "inst": "Tašmetu[1]DN",
                  "sig": "@saao/saa13%akk-x-neoass:{d}taš-me-tum=Tašmetu[1//1]DN'DN$Tašmetu",
                  "f": {
                    "lang": "akk-x-neoass",
                    "form": "{d}taš-me-tum",
                    "cf": "Tašmetu",
                    "gw": "1",
                    "sense": "1",
                    "norm": "Tašmetu",
                    "pos": "DN",
                    "epos": "DN"
                  }
                },
                {
                  "node": "l",
                  "frag": "{d}15",
                  "id": "P334293.l01147",
                  "ref": "P334293.7.2",
                  "inst": "Issar[1]DN",
                  "sig": "@saao/saa13%akk-x-neoass:{d}15=Ištar[1//1]DN'DN$Issar",
                  "f": {
                    "lang": "akk-x-neoass",
                    "form": "{d}15",
                    "cf": "Ištar",
                    "gw": "1",
                    "sense": "1",
                    "norm": "Issar",
                    "pos": "DN",
                    "epos": "DN"
                  }
                },
                {
                  "node": "l",
                  "frag": "ša",
                  "id": "P334293.l01148",
                  "ref": "P334293.7.3",
                  "inst": "ša[of]DET",
                  "sig": "@saao/saa13%akk-x-neoass:ša=ša[of//of]DET'DET$ša",
                  "f": {
                    "lang": "akk-x-neoass",
                    "form": "ša",
                    "cf": "ša",
                    "gw": "of",
                    "sense": "of",
                    "norm": "ša",
                    "pos": "DET",
                    "epos": "DET"
                  }
                },
                {
                  "node": "l",
                  "frag": "{uru}NINA",
                  "id": "P334293.l01149",
                  "ref": "P334293.7.4",
                  "inst": "Ninua[Nineveh]GN",
                  "sig": "@saao/saa13%akk-x-neoass:{URU}NINA=Ninua[Nineveh//Nineveh]GN'GN$Ninua",
                  "f": {
                    "lang": "akk-x-neoass",
                    "form": "{URU}NINA",
                    "cf": "Ninua",
                    "gw": "Nineveh",
                    "sense": "Nineveh",
                    "norm": "Ninua",
                    "pos": "GN",
                    "epos": "GN"
                  }
                },
                {
                  "node": "d",
                  "type": "line-start",
                  "ref": "P334293.8",
                  "n": "7",
                  "label": "o 7"
                },
                {
                  "node": "l",
                  "frag": "{d}15",
                  "id": "P334293.l0114a",
                  "ref": "P334293.8.1",
                  "inst": "Issar[1]DN",
                  "sig": "@saao/saa13%akk-x-neoass:{d}15=Ištar[1//1]DN'DN$Issar",
                  "f": {
                    "lang": "akk-x-neoass",
                    "form": "{d}15",
                    "cf": "Ištar",
                    "gw": "1",
                    "sense": "1",
                    "norm": "Issar",
                    "pos": "DN",
                    "epos": "DN"
                  }
                },
                {
                  "node": "l",
                  "frag": "ša",
                  "id": "P334293.l0114b",
                  "ref": "P334293.8.2",
                  "inst": "ša[of]DET",
                  "sig": "@saao/saa13%akk-x-neoass:ša=ša[of//of]DET'DET$ša",
                  "f": {
                    "lang": "akk-x-neoass",
                    "form": "ša",
                    "cf": "ša",
                    "gw": "of",
                    "sense": "of",
                    "norm": "ša",
                    "pos": "DET",
                    "epos": "DET"
                  }
                },
                {
                  "node": "l",
                  "frag": "{uru}arba-il₃",
                  "id": "P334293.l0114c",
                  "ref": "P334293.8.3",
                  "inst": "Arbail[Arbela]GN",
                  "sig": "@saao/saa13%akk-x-neoass:{URU}arba-il₃=Arbail[Arbela//Arbela]GN'GN$Arbail",
                  "f": {
                    "lang": "akk-x-neoass",
                    "form": "{URU}arba-il₃",
                    "cf": "Arbail",
                    "gw": "Arbela",
                    "sense": "Arbela",
                    "norm": "Arbail",
                    "pos": "GN",
                    "epos": "GN"
                  }
                },
                {
                  "node": "l",
                  "frag": "DINGIR-MEŠ",
                  "id": "P334293.l0114d",
                  "ref": "P334293.8.4",
                  "inst": "ilāni[god]N",
                  "sig": "@saao/saa13%akk-x-neoass:DINGIR-MEŠ=ilu[god//god]N'N$ilāni",
                  "f": {
                    "lang": "akk-x-neoass",
                    "form": "DINGIR-MEŠ",
                    "cf": "ilu",
                    "gw": "god",
                    "sense": "god",
                    "norm": "ilāni",
                    "pos": "N",
                    "epos": "N"
                  }
                },
                {
                  "node": "d",
                  "type": "line-start",
                  "ref": "P334293.9",
                  "n": "8",
                  "label": "o 8"
                },
                {
                  "node": "l",
                  "frag": "an-nu-te",
                  "id": "P334293.l0114e",
                  "ref": "P334293.9.1",
                  "inst": "annūte[this]DP",
                  "sig": "@saao/saa13%akk-x-neoass:an-nu-te=annû[this//this]DP'DP$annūte",
                  "f": {
                    "lang": "akk-x-neoass",
                    "form": "an-nu-te",
                    "cf": "annû",
                    "gw": "this",
                    "sense": "this",
                    "norm": "annūte",
                    "pos": "DP",
                    "epos": "DP"
                  }
                },
                {
                  "node": "l",
                  "frag": "GAL-MEŠ",
                  "id": "P334293.l0114f",
                  "ref": "P334293.9.2",
                  "inst": "rabiūti[great]AJ",
                  "sig": "@saao/saa13%akk-x-neoass:GAL-MEŠ=rabû[big//great]AJ'AJ$rabiūti",
                  "f": {
                    "lang": "akk-x-neoass",
                    "form": "GAL-MEŠ",
                    "cf": "rabû",
                    "gw": "big",
                    "sense": "great",
                    "norm": "rabiūti",
                    "pos": "AJ",
                    "epos": "AJ"
                  }
                },
                {
                  "node": "l",
                  "frag": "ra-ʾi-mu-te",
                  "id": "P334293.l01150",
                  "ref": "P334293.9.3",
                  "inst": "+rāʾimu[one who loves]N$rāʾimūte",
                  "sig": "@saao/saa13%akk-x-neoass:ra-ʾi-mu-te=rāʾimu[one who loves//one who loves]N'N$rāʾimūte",
                  "f": {
                    "lang": "akk-x-neoass",
                    "form": "ra-ʾi-mu-te",
                    "cf": "rāʾimu",
                    "gw": "one who loves",
                    "sense": "one who loves",
                    "norm": "rāʾimūte",
                    "pos": "N",
                    "epos": "N"
                  }
                },
                {
                  "node": "d",
                  "type": "line-start",
                  "ref": "P334293.10",
                  "n": "9",
                  "label": "o 9"
                },
                {
                  "node": "l",
                  "frag": "LUGAL-ti-ka",
                  "id": "P334293.l01151",
                  "ref": "P334293.10.1",
                  "inst": "šarrūtīka[kingship]N",
                  "sig": "@saao/saa13%akk-x-neoass:LUGAL-ti-ka=šarrūtu[kingship//kingship]N'N$šarrūtīka",
                  "f": {
                    "lang": "akk-x-neoass",
                    "form": "LUGAL-ti-ka",
                    "cf": "šarrūtu",
                    "gw": "kingship",
                    "sense": "kingship",
                    "norm": "šarrūtīka",
                    "pos": "N",
                    "epos": "N"
                  }
                },
                {
                  "node": "l",
                  "frag": "01",
                  "id": "P334293.l01152",
                  "ref": "P334293.10.2",
                  "inst": "n",
                  "f": {
                    "lang": "akk-x-neoass",
                    "form": "01",
                    "pos": "n"
                  }
                },
                {
                  "node": "l",
                  "frag": "me",
                  "id": "P334293.l01153",
                  "ref": "P334293.10.3",
                  "inst": "mē[(one) hundred]NU",
                  "sig": "@saao/saa13%akk-x-neoass:me=meʾatu[(one) hundred//(one) hundred]NU'NU$mē",
                  "f": {
                    "lang": "akk-x-neoass",
                    "form": "me",
                    "cf": "meʾatu",
                    "gw": "(one) hundred",
                    "sense": "(one) hundred",
                    "norm": "mē",
                    "pos": "NU",
                    "epos": "NU"
                  }
                },
                {
                  "node": "l",
                  "frag": "MU.AN.NA-MEŠ",
                  "id": "P334293.l01154",
                  "ref": "P334293.10.4",
                  "inst": "šanāti[year]N",
                  "sig": "@saao/saa13%akk-x-neoass:MU.AN.NA-MEŠ=šattu[year//year]N'N$šanāti",
                  "f": {
                    "lang": "akk-x-neoass",
                    "form": "MU.AN.NA-MEŠ",
                    "cf": "šattu",
                    "gw": "year",
                    "sense": "year",
                    "norm": "šanāti",
                    "pos": "N",
                    "epos": "N"
                  }
                },
                {
                  "node": "d",
                  "type": "line-start",
                  "ref": "P334293.11",
                  "n": "10",
                  "label": "o 10"
                },
                {
                  "node": "l",
                  "frag": "a-na",
                  "id": "P334293.l01155",
                  "ref": "P334293.11.1",
                  "inst": "ana[to]PRP",
                  "sig": "@saao/saa13%akk-x-neoass:a-na=ana[to//to]PRP'PRP$ana",
                  "f": {
                    "lang": "akk-x-neoass",
                    "form": "a-na",
                    "cf": "ana",
                    "gw": "to",
                    "sense": "to",
                    "norm": "ana",
                    "pos": "PRP",
                    "epos": "PRP"
                  }
                },
                {
                  "node": "l",
                  "frag": "LUGAL",
                  "id": "P334293.l01156",
                  "ref": "P334293.11.2",
                  "inst": "šarri[king]N",
                  "sig": "@saao/saa13%akk-x-neoass:LUGAL=šarru[king//king]N'N$šarri",
                  "f": {
                    "lang": "akk-x-neoass",
                    "form": "LUGAL",
                    "cf": "šarru",
                    "gw": "king",
                    "sense": "king",
                    "norm": "šarri",
                    "pos": "N",
                    "epos": "N"
                  }
                },
                {
                  "node": "l",
                  "frag": "EN-ia",
                  "id": "P334293.l01157",
                  "ref": "P334293.11.3",
                  "inst": "bēlīya[lord]N",
                  "sig": "@saao/saa13%akk-x-neoass:EN-ia=bēlu[lord//lord]N'N$bēlīya",
                  "f": {
                    "lang": "akk-x-neoass",
                    "form": "EN-ia",
                    "cf": "bēlu",
                    "gw": "lord",
                    "sense": "lord",
                    "norm": "bēlīya",
                    "pos": "N",
                    "epos": "N"
                  }
                },
                {
                  "node": "l",
                  "frag": "lu-bal-liṭ-ṭuš",
                  "id": "P334293.l01158",
                  "ref": "P334293.11.4",
                  "inst": "+balāṭu[live]V$luballiṭuš",
                  "sig": "@saao/saa13%akk-x-neoass:lu-bal-liṭ-ṭuš=balāṭu[live//live]V'V$luballiṭuš",
                  "f": {
                    "lang": "akk-x-neoass",
                    "form": "lu-bal-liṭ-ṭuš",
                    "cf": "balāṭu",
                    "gw": "live",
                    "sense": "live",
                    "norm": "luballiṭuš",
                    "pos": "V",
                    "epos": "V"
                  }
                },
                {
                  "node": "d",
                  "type": "line-start",
                  "ref": "P334293.12",
                  "n": "11",
                  "label": "o 11"
                },
                {
                  "node": "l",
                  "frag": "ši-bu-tu",
                  "id": "P334293.l01159",
                  "ref": "P334293.12.1",
                  "inst": "šībūtu[old age]N",
                  "sig": "@saao/saa13%akk-x-neoass:ši-bu-tu=šībūtu[old age//old age]N'N$šībūtu",
                  "f": {
                    "lang": "akk-x-neoass",
                    "form": "ši-bu-tu",
                    "cf": "šībūtu",
                    "gw": "old age",
                    "sense": "old age",
                    "norm": "šībūtu",
                    "pos": "N",
                    "epos": "N"
                  }
                },
                {
                  "node": "l",
                  "frag": "lit-tu-tu",
                  "id": "P334293.l0115a",
                  "ref": "P334293.12.2",
                  "inst": "littūtu[(extreme) old age]N",
                  "sig": "@saao/saa13%akk-x-neoass:lit-tu-tu=littūtu[(extreme) old age//(extreme) old age]N'N$littūtu",
                  "f": {
                    "lang": "akk-x-neoass",
                    "form": "lit-tu-tu",
                    "cf": "littūtu",
                    "gw": "(extreme) old age",
                    "sense": "(extreme) old age",
                    "norm": "littūtu",
                    "pos": "N",
                    "epos": "N"
                  }
                },
                {
                  "node": "d",
                  "type": "line-start",
                  "ref": "P334293.13",
                  "n": "12",
                  "label": "o 12"
                },
                {
                  "node": "l",
                  "frag": "a-na",
                  "id": "P334293.l0115b",
                  "ref": "P334293.13.1",
                  "inst": "ana[to]PRP",
                  "sig": "@saao/saa13%akk-x-neoass:a-na=ana[to//to]PRP'PRP$ana",
                  "f": {
                    "lang": "akk-x-neoass",
                    "form": "a-na",
                    "cf": "ana",
                    "gw": "to",
                    "sense": "to",
                    "norm": "ana",
                    "pos": "PRP",
                    "epos": "PRP"
                  }
                },
                {
                  "node": "l",
                  "frag": "LUGAL",
                  "id": "P334293.l0115c",
                  "ref": "P334293.13.2",
                  "inst": "šarri[king]N",
                  "sig": "@saao/saa13%akk-x-neoass:LUGAL=šarru[king//king]N'N$šarri",
                  "f": {
                    "lang": "akk-x-neoass",
                    "form": "LUGAL",
                    "cf": "šarru",
                    "gw": "king",
                    "sense": "king",
                    "norm": "šarri",
                    "pos": "N",
                    "epos": "N"
                  }
                },
                {
                  "node": "l",
                  "frag": "EN-ia",
                  "id": "P334293.l0115d",
                  "ref": "P334293.13.3",
                  "inst": "bēlīya[lord]N",
                  "sig": "@saao/saa13%akk-x-neoass:EN-ia=bēlu[lord//lord]N'N$bēlīya",
                  "f": {
                    "lang": "akk-x-neoass",
                    "form": "EN-ia",
                    "cf": "bēlu",
                    "gw": "lord",
                    "sense": "lord",
                    "norm": "bēlīya",
                    "pos": "N",
                    "epos": "N"
                  }
                },
                {
                  "node": "l",
                  "frag": "lu-šab-bi-u₂",
                  "id": "P334293.l0115e",
                  "ref": "P334293.13.4",
                  "inst": "lušabbiu[fill with]V",
                  "sig": "@saao/saa13%akk-x-neoass:lu-šab-bi-u₂=šebû[be(come) full//fill with]V'V$lušabbiu",
                  "f": {
                    "lang": "akk-x-neoass",
                    "form": "lu-šab-bi-u₂",
                    "cf": "šebû",
                    "gw": "be(come) full",
                    "sense": "fill with",
                    "norm": "lušabbiu",
                    "pos": "V",
                    "epos": "V"
                  }
                },
                {
                  "node": "d",
                  "type": "line-start",
                  "ref": "P334293.14",
                  "n": "13",
                  "label": "o 13"
                },
                {
                  "node": "l",
                  "frag": "ma-ṣar",
                  "id": "P334293.l0115f",
                  "ref": "P334293.14.1",
                  "inst": "maṣṣar[guardian]N",
                  "sig": "@saao/saa13%akk-x-neoass:ma-ṣar=maṣṣaru[guard//guardian]N'N$maṣṣar",
                  "f": {
                    "lang": "akk-x-neoass",
                    "form": "ma-ṣar",
                    "cf": "maṣṣaru",
                    "gw": "guard",
                    "sense": "guardian",
                    "norm": "maṣṣar",
                    "pos": "N",
                    "epos": "N"
                  }
                },
                {
                  "node": "l",
                  "frag": "šul-me",
                  "id": "P334293.l01160",
                  "ref": "P334293.14.2",
                  "inst": "šulme[health]N",
                  "sig": "@saao/saa13%akk-x-neoass:šul-me=šulmu[completeness//health]N'N$šulme",
                  "f": {
                    "lang": "akk-x-neoass",
                    "form": "šul-me",
                    "cf": "šulmu",
                    "gw": "completeness",
                    "sense": "health",
                    "norm": "šulme",
                    "pos": "N",
                    "epos": "N"
                  }
                },
                {
                  "node": "l",
                  "frag": "u",
                  "id": "P334293.l01161",
                  "ref": "P334293.14.3",
                  "inst": "u[and]CNJ",
                  "sig": "@saao/saa13%akk-x-neoass:u=u[and//and]CNJ'CNJ$u",
                  "f": {
                    "lang": "akk-x-neoass",
                    "form": "u",
                    "cf": "u",
                    "gw": "and",
                    "sense": "and",
                    "norm": "u",
                    "pos": "CNJ",
                    "epos": "CNJ"
                  }
                },
                {
                  "node": "l",
                  "frag": "ba-la-ṭi",
                  "id": "P334293.l01162",
                  "ref": "P334293.14.4",
                  "inst": "balāṭi[life]'N",
                  "sig": "@saao/saa13%akk-x-neoass:ba-la-ṭi=balāṭu[live//life]V'N$balāṭi",
                  "f": {
                    "lang": "akk-x-neoass",
                    "form": "ba-la-ṭi",
                    "cf": "balāṭu",
                    "gw": "live",
                    "sense": "life",
                    "norm": "balāṭi",
                    "pos": "V",
                    "epos": "N"
                  }
                },
                {
                  "node": "d",
                  "subtype": "bottom",
                  "type": "bottom",
                  "ref": "P334293.b.e..15",
                  "label": "b.e."
                },
                {
                  "node": "d",
                  "type": "line-start",
                  "ref": "P334293.16",
                  "n": "14",
                  "label": "b.e. 14"
                },
                {
                  "node": "l",
                  "frag": "TA",
                  "id": "P334293.l01163",
                  "ref": "P334293.16.1",
                  "inst": "+išti[with]PRP$issi",
                  "sig": "@saao/saa13%akk-x-neoass:TA=išti[with//with]PRP'PRP$issi",
                  "f": {
                    "lang": "akk-x-neoass",
                    "form": "TA",
                    "cf": "išti",
                    "gw": "with",
                    "sense": "with",
                    "norm": "issi",
                    "pos": "PRP",
                    "epos": "PRP"
                  }
                },
                {
                  "node": "l",
                  "frag": "LUGAL",
                  "id": "P334293.l01164",
                  "ref": "P334293.16.2",
                  "inst": "šarri[king]N",
                  "sig": "@saao/saa13%akk-x-neoass:LUGAL=šarru[king//king]N'N$šarri",
                  "f": {
                    "lang": "akk-x-neoass",
                    "form": "LUGAL",
                    "cf": "šarru",
                    "gw": "king",
                    "sense": "king",
                    "norm": "šarri",
                    "pos": "N",
                    "epos": "N"
                  }
                },
                {
                  "node": "l",
                  "frag": "EN-ia",
                  "id": "P334293.l01165",
                  "ref": "P334293.16.3",
                  "inst": "bēlīya[lord]N",
                  "sig": "@saao/saa13%akk-x-neoass:EN-ia=bēlu[lord//lord]N'N$bēlīya",
                  "f": {
                    "lang": "akk-x-neoass",
                    "form": "EN-ia",
                    "cf": "bēlu",
                    "gw": "lord",
                    "sense": "lord",
                    "norm": "bēlīya",
                    "pos": "N",
                    "epos": "N"
                  }
                },
                {
                  "node": "d",
                  "type": "line-start",
                  "ref": "P334293.17",
                  "n": "15",
                  "label": "b.e. 15"
                },
                {
                  "node": "l",
                  "frag": "lip-qi-du",
                  "id": "P334293.l01166",
                  "ref": "P334293.17.1",
                  "inst": "lipqidu[appoint]V",
                  "sig": "@saao/saa13%akk-x-neoass:lip-qi-du=paqādu[entrust//appoint]V'V$lipqidu",
                  "f": {
                    "lang": "akk-x-neoass",
                    "form": "lip-qi-du",
                    "cf": "paqādu",
                    "gw": "entrust",
                    "sense": "appoint",
                    "norm": "lipqidu",
                    "pos": "V",
                    "epos": "V"
                  }
                },
                {
                  "node": "d",
                  "subtype": "reverse",
                  "type": "reverse",
                  "ref": "P334293.r.18",
                  "label": "r"
                },
                {
                  "node": "d",
                  "type": "line-start",
                  "ref": "P334293.19",
                  "n": "1",
                  "label": "r 1"
                },
                {
                  "node": "l",
                  "frag": "UD",
                  "id": "P334293.l01167",
                  "ref": "P334293.19.1",
                  "inst": "ūm[day]N",
                  "exosig": "@saao/saa13%akk-x-neoass:UD=ūmu[day//day]N'N$ūm",
                  "f": {
                    "lang": "akk-x-neoass",
                    "form": "UD",
                    "cf": "ūmu",
                    "gw": "day",
                    "sense": "day",
                    "norm": "ūm",
                    "pos": "N",
                    "epos": "N"
                  }
                },
                {
                  "node": "l",
                  "frag": "06-KAM",
                  "id": "P334293.l01168",
                  "ref": "P334293.19.2",
                  "inst": "n",
                  "f": {
                    "lang": "akk-x-neoass",
                    "form": "06-KAM",
                    "pos": "n"
                  }
                },
                {
                  "node": "l",
                  "frag": "{d}aš-šur",
                  "id": "P334293.l01169",
                  "ref": "P334293.19.3",
                  "inst": "Aššur[1]DN",
                  "sig": "@saao/saa13%akk-x-neoass:{d}aš-šur=Aššur[1//1]DN'DN$Aššur",
                  "f": {
                    "lang": "akk-x-neoass",
                    "form": "{d}aš-šur",
                    "cf": "Aššur",
                    "gw": "1",
                    "sense": "1",
                    "norm": "Aššur",
                    "pos": "DN",
                    "epos": "DN"
                  }
                },
                {
                  "node": "l",
                  "frag": "{d}30",
                  "id": "P334293.l0116a",
                  "ref": "P334293.19.4",
                  "inst": "Sin[1]DN",
                  "sig": "@saao/saa13%akk-x-neoass:{d}30=Sin[1//1]DN'DN$Sin",
                  "f": {
                    "lang": "akk-x-neoass",
                    "form": "{d}30",
                    "cf": "Sin",
                    "gw": "1",
                    "sense": "1",
                    "norm": "Sin",
                    "pos": "DN",
                    "epos": "DN"
                  }
                },
                {
                  "node": "d",
                  "type": "line-start",
                  "ref": "P334293.20",
                  "n": "2",
                  "label": "r 2"
                },
                {
                  "node": "l",
                  "frag": "a-na",
                  "id": "P334293.l0116b",
                  "ref": "P334293.20.1",
                  "inst": "ana[to]PRP",
                  "sig": "@saao/saa13%akk-x-neoass:a-na=ana[to//to]PRP'PRP$ana",
                  "f": {
                    "lang": "akk-x-neoass",
                    "form": "a-na",
                    "cf": "ana",
                    "gw": "to",
                    "sense": "to",
                    "norm": "ana",
                    "pos": "PRP",
                    "epos": "PRP"
                  }
                },
                {
                  "node": "l",
                  "frag": "{giš}SAR",
                  "id": "P334293.l0116c",
                  "ref": "P334293.20.2",
                  "inst": "kirie[garden]N",
                  "sig": "@saao/saa13%akk-x-neoass:{GIŠ}SAR=kirû[garden//garden]N'N$kirie",
                  "f": {
                    "lang": "akk-x-neoass",
                    "form": "{GIŠ}SAR",
                    "cf": "kirû",
                    "gw": "garden",
                    "sense": "garden",
                    "norm": "kirie",
                    "pos": "N",
                    "epos": "N"
                  }
                },
                {
                  "node": "l",
                  "frag": "ša",
                  "id": "P334293.l0116d",
                  "ref": "P334293.20.3",
                  "inst": "ša[of]DET",
                  "sig": "@saao/saa13%akk-x-neoass:ša=ša[of//of]DET'DET$ša",
                  "f": {
                    "lang": "akk-x-neoass",
                    "form": "ša",
                    "cf": "ša",
                    "gw": "of",
                    "sense": "of",
                    "norm": "ša",
                    "pos": "DET",
                    "epos": "DET"
                  }
                },
                {
                  "node": "l",
                  "frag": "šap-[la]",
                  "id": "P334293.l0116e",
                  "ref": "P334293.20.4",
                  "inst": "šapla[under]'PRP",
                  "sig": "@saao/saa13%akk-x-neoass:šap-la=šaplu[underside//under]N'PRP$šapla",
                  "f": {
                    "lang": "akk-x-neoass",
                    "form": "šap-la",
                    "cf": "šaplu",
                    "gw": "underside",
                    "sense": "under",
                    "norm": "šapla",
                    "pos": "N",
                    "epos": "PRP"
                  }
                },
                {
                  "node": "d",
                  "type": "line-start",
                  "ref": "P334293.21",
                  "n": "3",
                  "label": "r 3"
                },
                {
                  "node": "l",
                  "frag": "ta-am-li-i",
                  "id": "P334293.l0116f",
                  "ref": "P334293.21.1",
                  "inst": "+tamlīu[filling//terrace]N$tamlî",
                  "sig": "@saao/saa13%akk-x-neoass:ta-am-li-i=tamlīu[filling//terrace]N'N$tamlî",
                  "f": {
                    "lang": "akk-x-neoass",
                    "form": "ta-am-li-i",
                    "cf": "tamlīu",
                    "gw": "filling",
                    "sense": "terrace",
                    "norm": "tamlî",
                    "pos": "N",
                    "epos": "N"
                  }
                },
                {
                  "node": "l",
                  "frag": "ur-ru-⸢du⸣",
                  "id": "P334293.l01170",
                  "ref": "P334293.21.2",
                  "inst": "+arādu[go down]V$urrudu",
                  "sig": "@saao/saa13%akk-x-neoass:ur-ru-du=arādu[go down//go down]V'V$urrudu",
                  "f": {
                    "lang": "akk-x-neoass",
                    "form": "ur-ru-du",
                    "cf": "arādu",
                    "gw": "go down",
                    "sense": "go down",
                    "norm": "urrudu",
                    "pos": "V",
                    "epos": "V"
                  }
                },
                {
                  "node": "d",
                  "type": "line-start",
                  "ref": "P334293.22",
                  "n": "4",
                  "label": "r 4"
                },
                {
                  "node": "l",
                  "frag": "dul-lu",
                  "id": "P334293.l01171",
                  "ref": "P334293.22.1",
                  "inst": "dullu[ritual]N",
                  "sig": "@saao/saa13%akk-x-neoass:dul-lu=dullu[trouble//ritual]N'N$dullu",
                  "f": {
                    "lang": "akk-x-neoass",
                    "form": "dul-lu",
                    "cf": "dullu",
                    "gw": "trouble",
                    "sense": "ritual",
                    "norm": "dullu",
                    "pos": "N",
                    "epos": "N"
                  }
                },
                {
                  "node": "l",
                  "frag": "i-ba-aš₂-ši",
                  "id": "P334293.l01172",
                  "ref": "P334293.22.2",
                  "inst": "ibašši[exist]V",
                  "sig": "@saao/saa13%akk-x-neoass:i-ba-aš₂-ši=bašû[exist//exist]V'V$ibašši",
                  "f": {
                    "lang": "akk-x-neoass",
                    "form": "i-ba-aš₂-ši",
                    "cf": "bašû",
                    "gw": "exist",
                    "sense": "exist",
                    "norm": "ibašši",
                    "pos": "V",
                    "epos": "V"
                  }
                },
                {
                  "node": "l",
                  "frag": "in-ne₂-pa-aš₂",
                  "id": "P334293.l01173",
                  "ref": "P334293.22.3",
                  "inst": "inneppaš[be(come) done]V",
                  "exosig": "@saao/saa13%akk-x-neoass:in-ne₂-pa-aš₂=epēšu[do//be(come) done]V'V$inneppaš",
                  "f": {
                    "lang": "akk-x-neoass",
                    "form": "in-ne₂-pa-aš₂",
                    "cf": "epēšu",
                    "gw": "do",
                    "sense": "be(come) done",
                    "norm": "inneppaš",
                    "pos": "V",
                    "epos": "V"
                  }
                },
                {
                  "node": "d",
                  "type": "line-start",
                  "ref": "P334293.23",
                  "n": "5",
                  "label": "r 5"
                },
                {
                  "node": "l",
                  "frag": "SISKUR.SISKUR-MEŠ",
                  "id": "P334293.l01174",
                  "ref": "P334293.23.1",
                  "inst": "+nīqu[offering]N$niqiāti",
                  "sig": "@saao/saa13%akk-x-neoass:SISKUR.SISKUR-MEŠ=nīqu[offering//offering]N'N$niqiāti",
                  "f": {
                    "lang": "akk-x-neoass",
                    "form": "SISKUR.SISKUR-MEŠ",
                    "cf": "nīqu",
                    "gw": "offering",
                    "sense": "offering",
                    "norm": "niqiāti",
                    "pos": "N",
                    "epos": "N"
                  }
                },
                {
                  "node": "l",
                  "frag": "ša",
                  "id": "P334293.l01175",
                  "ref": "P334293.23.2",
                  "inst": "ša[of]DET",
                  "sig": "@saao/saa13%akk-x-neoass:ša=ša[of//of]DET'DET$ša",
                  "f": {
                    "lang": "akk-x-neoass",
                    "form": "ša",
                    "cf": "ša",
                    "gw": "of",
                    "sense": "of",
                    "norm": "ša",
                    "pos": "DET",
                    "epos": "DET"
                  }
                },
                {
                  "node": "l",
                  "frag": "LUGAL",
                  "id": "P334293.l01176",
                  "ref": "P334293.23.3",
                  "inst": "šarri[king]N",
                  "sig": "@saao/saa13%akk-x-neoass:LUGAL=šarru[king//king]N'N$šarri",
                  "f": {
                    "lang": "akk-x-neoass",
                    "form": "LUGAL",
                    "cf": "šarru",
                    "gw": "king",
                    "sense": "king",
                    "norm": "šarri",
                    "pos": "N",
                    "epos": "N"
                  }
                },
                {
                  "node": "d",
                  "type": "line-start",
                  "ref": "P334293.24",
                  "n": "6",
                  "label": "r 6"
                },
                {
                  "node": "l",
                  "frag": "in-ne₂-pa-ša₂",
                  "id": "P334293.l01177",
                  "ref": "P334293.24.1",
                  "inst": "+epēšu[do//be(come) done]V'V$inneppāša",
                  "exosig": "@saao/saa13%akk-x-neoass:in-ne₂-pa-ša₂=epēšu[do//be(come) done]V'V$inneppāša",
                  "f": {
                    "lang": "akk-x-neoass",
                    "form": "in-ne₂-pa-ša₂",
                    "cf": "epēšu",
                    "gw": "do",
                    "sense": "be(come) done",
                    "norm": "inneppāša",
                    "pos": "V",
                    "epos": "V"
                  }
                },
                {
                  "node": "l",
                  "frag": "{d}IM",
                  "id": "P334293.l01178",
                  "ref": "P334293.24.2",
                  "inst": "Adad[1]DN",
                  "sig": "@saao/saa13%akk-x-neoass:{d}IM=Adad[1//1]DN'DN$Adad",
                  "f": {
                    "lang": "akk-x-neoass",
                    "form": "{d}IM",
                    "cf": "Adad",
                    "gw": "1",
                    "sense": "1",
                    "norm": "Adad",
                    "pos": "DN",
                    "epos": "DN"
                  }
                },
                {
                  "node": "l",
                  "frag": "nu-uh-še",
                  "id": "P334293.l01179",
                  "ref": "P334293.24.3",
                  "inst": "+nuhšu[abundance]N$nuhše",
                  "sig": "@saao/saa13%akk-x-neoass:nu-uh-še=nuhšu[abundance//abundance]N'N$nuhše",
                  "f": {
                    "lang": "akk-x-neoass",
                    "form": "nu-uh-še",
                    "cf": "nuhšu",
                    "gw": "abundance",
                    "sense": "abundance",
                    "norm": "nuhše",
                    "pos": "N",
                    "epos": "N"
                  }
                },
                {
                  "node": "d",
                  "type": "line-start",
                  "ref": "P334293.25",
                  "n": "7",
                  "label": "r 7"
                },
                {
                  "node": "l",
                  "frag": "ina",
                  "id": "P334293.l0117a",
                  "ref": "P334293.25.1",
                  "inst": "+ina[in+=into]PRP$",
                  "sig": "@saao/saa13%akk-x-neoass:ina=ina[in//in]PRP'PRP$ina",
                  "f": {
                    "lang": "akk-x-neoass",
                    "form": "ina",
                    "cf": "ina",
                    "gw": "in",
                    "sense": "in",
                    "norm": "ina",
                    "pos": "PRP",
                    "epos": "PRP"
                  }
                },
                {
                  "node": "l",
                  "frag": "ŠA₃",
                  "id": "P334293.l0117b",
                  "ref": "P334293.25.2",
                  "inst": "+libbu[interior]N$libbi",
                  "sig": "@saao/saa13%akk-x-neoass:ŠA₃=libbu[interior//interior]N'N$libbi",
                  "f": {
                    "lang": "akk-x-neoass",
                    "form": "ŠA₃",
                    "cf": "libbu",
                    "gw": "interior",
                    "sense": "interior",
                    "norm": "libbi",
                    "pos": "N",
                    "epos": "N"
                  }
                },
                {
                  "node": "l",
                  "frag": "am-ba-si",
                  "id": "P334293.l0117c",
                  "ref": "P334293.25.3",
                  "inst": "+ambassu[(game-)park]N$ambassi",
                  "sig": "@saao/saa13%akk-x-neoass:am-ba-si=ambassu[(game-)park//(game-)park]N'N$ambassi",
                  "f": {
                    "lang": "akk-x-neoass",
                    "form": "am-ba-si",
                    "cf": "ambassu",
                    "gw": "(game-)park",
                    "sense": "(game-)park",
                    "norm": "ambassi",
                    "pos": "N",
                    "epos": "N"
                  }
                },
                {
                  "node": "l",
                  "frag": "il-lak",
                  "id": "P334293.l0117d",
                  "ref": "P334293.25.4",
                  "inst": "illak[go]V",
                  "sig": "@saao/saa13%akk-x-neoass:il-lak=alāku[go//go]V'V$illak",
                  "f": {
                    "lang": "akk-x-neoass",
                    "form": "il-lak",
                    "cf": "alāku",
                    "gw": "go",
                    "sense": "go",
                    "norm": "illak",
                    "pos": "V",
                    "epos": "V"
                  }
                },
                {
                  "node": "d",
                  "type": "line-start",
                  "ref": "P334293.26",
                  "n": "8",
                  "label": "r 8"
                },
                {
                  "node": "l",
                  "frag": "SISKUR.SISKUR-MEŠ-ma",
                  "id": "P334293.l0117e",
                  "ref": "P334293.26.1",
                  "inst": "+nīqu[offering]N$niqiātīma",
                  "sig": "@saao/saa13%akk-x-neoass:SISKUR.SISKUR-MEŠ-ma=nīqu[offering//offering]N'N$niqiātīma",
                  "f": {
                    "lang": "akk-x-neoass",
                    "form": "SISKUR.SISKUR-MEŠ-ma",
                    "cf": "nīqu",
                    "gw": "offering",
                    "sense": "offering",
                    "norm": "niqiātīma",
                    "pos": "N",
                    "epos": "N"
                  }
                },
                {
                  "node": "l",
                  "frag": "ša",
                  "id": "P334293.l0117f",
                  "ref": "P334293.26.2",
                  "inst": "ša[of]DET",
                  "sig": "@saao/saa13%akk-x-neoass:ša=ša[of//of]DET'DET$ša",
                  "f": {
                    "lang": "akk-x-neoass",
                    "form": "ša",
                    "cf": "ša",
                    "gw": "of",
                    "sense": "of",
                    "norm": "ša",
                    "pos": "DET",
                    "epos": "DET"
                  }
                },
                {
                  "node": "l",
                  "frag": "LUGAL",
                  "id": "P334293.l01180",
                  "ref": "P334293.26.3",
                  "inst": "šarri[king]N",
                  "sig": "@saao/saa13%akk-x-neoass:LUGAL=šarru[king//king]N'N$šarri",
                  "f": {
                    "lang": "akk-x-neoass",
                    "form": "LUGAL",
                    "cf": "šarru",
                    "gw": "king",
                    "sense": "king",
                    "norm": "šarri",
                    "pos": "N",
                    "epos": "N"
                  }
                },
                {
                  "node": "d",
                  "type": "line-start",
                  "ref": "P334293.27",
                  "n": "9",
                  "label": "r 9"
                },
                {
                  "node": "l",
                  "frag": "in-ne₂-pa-ša₂",
                  "id": "P334293.l01181",
                  "ref": "P334293.27.1",
                  "inst": "inneppāša[be(come) done]V",
                  "sig": "@saao/saa10%akk-x-neoass:in-ne₂-pa-ša₂=epēšu[do//be(come) done]V'V$inneppāša",
                  "f": {
                    "lang": "akk-x-neoass",
                    "form": "in-ne₂-pa-ša₂",
                    "cf": "epēšu",
                    "gw": "do",
                    "sense": "be(come) done",
                    "norm": "inneppāša",
                    "pos": "V",
                    "epos": "V"
                  }
                }
              ]
            }
          ]
        }
      ]
    }
  ]
}
