{
  "type": "cdl",
  "source": "http://oracc.org/saao/saa13",
  "license": "This data is released under the CC0 license",
  "license-url": "https://creativecommons.org/publicdomain/zero/1.0/",
  "more-info": "http://oracc.org/doc/opendata/",
  "UTC-timestamp": "2017-06-10T00:51:29",
  "project": "saao/saa13",
  "textid": "P334098",
  "cdl": [
    {
      "node": "c",
      "type": "text",
      "id": "P334098.U0",
      "cdl": [
        {
          "node": "d",
          "type": "object",
          "ref": ""
        },
        {
          "node": "d",
          "subtype": "obverse",
          "type": "obverse",
          "ref": "P334098.o.1",
          "label": "o"
        },
        {
          "node": "c",
          "type": "discourse",
          "subtype": "body",
          "id": "P334098.U1",
          "cdl": [
            {
              "node": "c",
              "type": "sentence",
              "id": "P334098.U2",
              "label": "o 1 - r 16",
              "cdl": [
                {
                  "node": "d",
                  "type": "line-start",
                  "ref": "P334098.2",
                  "n": "1",
                  "label": "o 1"
                },
                {
                  "node": "l",
                  "frag": "a-na",
                  "id": "P334098.l02d9e",
                  "ref": "P334098.2.1",
                  "inst": "ana[to]PRP",
                  "sig": "@saao/saa13%akk-x-neoass:a-na=ana[to//to]PRP'PRP$ana",
                  "f": {
                    "lang": "akk-x-neoass",
                    "form": "a-na",
                    "cf": "ana",
                    "gw": "to",
                    "sense": "to",
                    "norm": "ana",
                    "pos": "PRP",
                    "epos": "PRP"
                  }
                },
                {
                  "node": "c",
                  "type": "phrase",
                  "tag": "phr",
                  "id": "P334098.U4",
                  "ref": "P334098.ls00000",
                  "cdl": [
                    {
                      "node": "l",
                      "frag": "DUMU-LUGAL",
                      "id": "P334098.l02d9f",
                      "ref": "P334098.2.2",
                      "cof-tails": "P334098.l02da0",
                      "inst": "mār[son]N&šarri[king]N",
                      "exosig": "@saao/saa13%akk-x-neoass:DUMU-LUGAL=māru[son//son]N'N$mār&&@saao%akk-x-neoass:=šarru[king//king]N'N$šarri",
                      "f": {
                        "lang": "akk-x-neoass",
                        "form": "DUMU-LUGAL",
                        "cf": "māru",
                        "gw": "son",
                        "sense": "son",
                        "norm": "mār",
                        "pos": "N",
                        "epos": "N"
                      }
                    },
                    {
                      "node": "l",
                      "frag": "DUMU-LUGAL",
                      "id": "P334098.l02da0",
                      "ref": "P334098.2.2",
                      "cof-head": "P334098.l02d9f",
                      "inst": "mār[son]N&šarri[king]N",
                      "tail-sig": "@saao%akk-x-neoass:=šarru[king//king]N'N$šarri",
                      "f": {
                        "lang": "akk-x-neoass",
                        "form": "DUMU-LUGAL",
                        "cf": "šarru",
                        "gw": "king",
                        "sense": "king",
                        "norm": "šarri",
                        "pos": "N",
                        "epos": "N"
                      }
                    }
                  ]
                },
                {
                  "node": "l",
                  "frag": "EN-ia",
                  "id": "P334098.l02da1",
                  "ref": "P334098.2.3",
                  "inst": "bēlīya[lord]N",
                  "sig": "@saao/saa13%akk-x-neoass:EN-ia=bēlu[lord//lord]N'N$bēlīya",
                  "f": {
                    "lang": "akk-x-neoass",
                    "form": "EN-ia",
                    "cf": "bēlu",
                    "gw": "lord",
                    "sense": "lord",
                    "norm": "bēlīya",
                    "pos": "N",
                    "epos": "N"
                  }
                },
                {
                  "node": "d",
                  "type": "line-start",
                  "ref": "P334098.3",
                  "n": "2",
                  "label": "o 2"
                },
                {
                  "node": "l",
                  "frag": "ARAD-ka",
                  "id": "P334098.l02da2",
                  "ref": "P334098.3.1",
                  "inst": "urdaka[servant]N",
                  "sig": "@saao/saa13%akk-x-neoass:ARAD-ka=ardu[slave//servant]N'N$urdaka",
                  "f": {
                    "lang": "akk-x-neoass",
                    "form": "ARAD-ka",
                    "cf": "ardu",
                    "gw": "slave",
                    "sense": "servant",
                    "norm": "urdaka",
                    "pos": "N",
                    "epos": "N"
                  }
                },
                {
                  "node": "l",
                  "frag": "{1}U.U-i",
                  "id": "P334098.l02da3",
                  "ref": "P334098.3.2",
                  "inst": "Dadi[1]PN",
                  "sig": "@saao/saa13%akk-x-neoass:{1}U.U-i=Dadi[1//1]PN'PN$Dadi",
                  "f": {
                    "lang": "akk-x-neoass",
                    "form": "{1}U.U-i",
                    "cf": "Dadi",
                    "gw": "1",
                    "sense": "1",
                    "norm": "Dadi",
                    "pos": "PN",
                    "epos": "PN"
                  }
                },
                {
                  "node": "d",
                  "type": "line-start",
                  "ref": "P334098.4",
                  "n": "3",
                  "label": "o 3"
                },
                {
                  "node": "l",
                  "frag": "DUMU",
                  "id": "P334098.l02da4",
                  "ref": "P334098.4.1",
                  "inst": "mār[son]N",
                  "sig": "@saao/saa13%akk-x-neoass:DUMU=māru[son//son]N'N$mār",
                  "f": {
                    "lang": "akk-x-neoass",
                    "form": "DUMU",
                    "cf": "māru",
                    "gw": "son",
                    "sense": "son",
                    "norm": "mār",
                    "pos": "N",
                    "epos": "N"
                  }
                },
                {
                  "node": "l",
                  "frag": "{1}EN-rem₂-a-ni",
                  "id": "P334098.l02da5",
                  "ref": "P334098.4.2",
                  "inst": "Bel-remanni[1]PN",
                  "sig": "@saao/saa13%akk-x-neoass:{1}EN-rem₂-a-ni=Bel-remanni[1//1]PN'PN$Bel-remanni",
                  "f": {
                    "lang": "akk-x-neoass",
                    "form": "{1}EN-rem₂-a-ni",
                    "cf": "Bel-remanni",
                    "gw": "1",
                    "sense": "1",
                    "norm": "Bel-remanni",
                    "pos": "PN",
                    "epos": "PN"
                  }
                },
                {
                  "node": "d",
                  "type": "line-start",
                  "ref": "P334098.5",
                  "n": "4",
                  "label": "o 4"
                },
                {
                  "node": "l",
                  "frag": "{lu₂}SANGA",
                  "id": "P334098.l02da6",
                  "ref": "P334098.5.1",
                  "inst": "sangû[priest]N",
                  "sig": "@saao/saa13%akk-x-neoass:{LU₂}SANGA=šangû[priest//priest]N'N$sangû",
                  "f": {
                    "lang": "akk-x-neoass",
                    "form": "{LU₂}SANGA",
                    "cf": "šangû",
                    "gw": "priest",
                    "sense": "priest",
                    "norm": "sangû",
                    "pos": "N",
                    "epos": "N"
                  }
                },
                {
                  "node": "l",
                  "frag": "ša₂",
                  "id": "P334098.l02da7",
                  "ref": "P334098.5.2",
                  "inst": "ša[of]DET",
                  "sig": "@saao/saa13%akk-x-neoass:ša₂=ša[of//of]DET'DET$ša",
                  "f": {
                    "lang": "akk-x-neoass",
                    "form": "ša₂",
                    "cf": "ša",
                    "gw": "of",
                    "sense": "of",
                    "norm": "ša",
                    "pos": "DET",
                    "epos": "DET"
                  }
                },
                {
                  "node": "l",
                  "frag": "E₂-kad-mu-ri",
                  "id": "P334098.l02da8",
                  "ref": "P334098.5.3",
                  "cof-tails": "P334098.l02da9",
                  "inst": "bēt[house]N&Kadmuri[1]DN",
                  "sig": "@saao%akk-x-neoass:E₂-kad-mu-ri=bītu[house//house]N'N$bēt&&@saao%akk-x-neoass:=Kidmuri[1//1]DN'DN$Kadmuri",
                  "f": {
                    "lang": "akk-x-neoass",
                    "form": "E₂-kad-mu-ri",
                    "cf": "bītu",
                    "gw": "house",
                    "sense": "house",
                    "norm": "bēt",
                    "pos": "N",
                    "epos": "N"
                  }
                },
                {
                  "node": "l",
                  "frag": "E₂-kad-mu-ri",
                  "id": "P334098.l02da9",
                  "ref": "P334098.5.3",
                  "cof-head": "P334098.l02da8",
                  "inst": "bēt[house]N&Kadmuri[1]DN",
                  "f": {
                    "lang": "akk-x-neoass",
                    "form": "E₂-kad-mu-ri",
                    "cf": "Kidmuri",
                    "gw": "1",
                    "sense": "1",
                    "norm": "Kadmuri",
                    "pos": "DN",
                    "epos": "DN"
                  }
                },
                {
                  "node": "d",
                  "type": "line-start",
                  "ref": "P334098.6",
                  "n": "5",
                  "label": "o 5"
                },
                {
                  "node": "l",
                  "frag": "aš-šur",
                  "id": "P334098.l02daa",
                  "ref": "P334098.6.1",
                  "inst": "Aššur[1]DN",
                  "sig": "@saao/saa13%akk-x-neoass:aš-šur=Aššur[1//1]DN'DN$Aššur",
                  "f": {
                    "lang": "akk-x-neoass",
                    "form": "aš-šur",
                    "cf": "Aššur",
                    "gw": "1",
                    "sense": "1",
                    "norm": "Aššur",
                    "pos": "DN",
                    "epos": "DN"
                  }
                },
                {
                  "node": "l",
                  "frag": "{d}IŠ.TAR",
                  "id": "P334098.l02dab",
                  "ref": "P334098.6.2",
                  "inst": "+Ištar[1]DN$Issar",
                  "sig": "@saao/saa13%akk-x-neoass:{d}IŠ.TAR=Ištar[1//1]DN'DN$Issar",
                  "f": {
                    "lang": "akk-x-neoass",
                    "form": "{d}IŠ.TAR",
                    "cf": "Ištar",
                    "gw": "1",
                    "sense": "1",
                    "norm": "Issar",
                    "pos": "DN",
                    "epos": "DN"
                  }
                },
                {
                  "node": "d",
                  "type": "line-start",
                  "ref": "P334098.7",
                  "n": "6",
                  "label": "o 6"
                },
                {
                  "node": "l",
                  "frag": "a-na",
                  "id": "P334098.l02dac",
                  "ref": "P334098.7.1",
                  "inst": "ana[to]PRP",
                  "sig": "@saao/saa13%akk-x-neoass:a-na=ana[to//to]PRP'PRP$ana",
                  "f": {
                    "lang": "akk-x-neoass",
                    "form": "a-na",
                    "cf": "ana",
                    "gw": "to",
                    "sense": "to",
                    "norm": "ana",
                    "pos": "PRP",
                    "epos": "PRP"
                  }
                },
                {
                  "node": "c",
                  "type": "phrase",
                  "tag": "phr",
                  "id": "P334098.U5",
                  "ref": "P334098.ls00001",
                  "cdl": [
                    {
                      "node": "l",
                      "frag": "DUMU-MAN",
                      "id": "P334098.l02dad",
                      "ref": "P334098.7.2",
                      "cof-tails": "P334098.l02dae",
                      "inst": "mār[son]N&šarri[king]N",
                      "exosig": "@saao/saa13%akk-x-neoass:DUMU-MAN=māru[son//son]N'N$mār&&@saao%akk-x-neoass:=šarru[king//king]N'N$šarri",
                      "f": {
                        "lang": "akk-x-neoass",
                        "form": "DUMU-MAN",
                        "cf": "māru",
                        "gw": "son",
                        "sense": "son",
                        "norm": "mār",
                        "pos": "N",
                        "epos": "N"
                      }
                    },
                    {
                      "node": "l",
                      "frag": "DUMU-MAN",
                      "id": "P334098.l02dae",
                      "ref": "P334098.7.2",
                      "cof-head": "P334098.l02dad",
                      "inst": "mār[son]N&šarri[king]N",
                      "tail-sig": "@saao%akk-x-neoass:=šarru[king//king]N'N$šarri",
                      "f": {
                        "lang": "akk-x-neoass",
                        "form": "DUMU-MAN",
                        "cf": "šarru",
                        "gw": "king",
                        "sense": "king",
                        "norm": "šarri",
                        "pos": "N",
                        "epos": "N"
                      }
                    }
                  ]
                },
                {
                  "node": "l",
                  "frag": "EN-ia",
                  "id": "P334098.l02daf",
                  "ref": "P334098.7.3",
                  "inst": "bēlīya[lord]N",
                  "sig": "@saao/saa13%akk-x-neoass:EN-ia=bēlu[lord//lord]N'N$bēlīya",
                  "f": {
                    "lang": "akk-x-neoass",
                    "form": "EN-ia",
                    "cf": "bēlu",
                    "gw": "lord",
                    "sense": "lord",
                    "norm": "bēlīya",
                    "pos": "N",
                    "epos": "N"
                  }
                },
                {
                  "node": "d",
                  "type": "line-start",
                  "ref": "P334098.8",
                  "n": "7",
                  "label": "o 7"
                },
                {
                  "node": "l",
                  "frag": "lik-ru-bu",
                  "id": "P334098.l02db0",
                  "ref": "P334098.8.1",
                  "inst": "likrubu[bless]V",
                  "sig": "@saao/saa13%akk-x-neoass:lik-ru-bu=karābu[pray//bless]V'V$likrubu",
                  "f": {
                    "lang": "akk-x-neoass",
                    "form": "lik-ru-bu",
                    "cf": "karābu",
                    "gw": "pray",
                    "sense": "bless",
                    "norm": "likrubu",
                    "pos": "V",
                    "epos": "V"
                  }
                },
                {
                  "node": "d",
                  "type": "line-start",
                  "ref": "P334098.9",
                  "n": "8",
                  "label": "o 8"
                },
                {
                  "node": "l",
                  "frag": "{lu₂}GAL-⸢da-ni⸣-ba-te",
                  "id": "P334098.l02db1",
                  "ref": "P334098.9.1",
                  "cof-tails": "P334098.l02db2",
                  "inst": "+rabû[big one]N$rab&+danību[victualler]N$danībāte",
                  "newsig": "@saao/saa13%akk-x-neoass:{LU₂}GAL-da-ni-ba-te=rabû[big one//big one]N'N$rab&&@saao/saa13%akk-x-neoass:{LU₂}GAL-da-ni-ba-te=danību[victualler//victualler]N'N$danībāte",
                  "f": {
                    "lang": "akk-x-neoass",
                    "form": "{LU₂}GAL-da-ni-ba-te",
                    "cf": "rabû",
                    "gw": "big one",
                    "sense": "big one",
                    "norm": "rab",
                    "pos": "N",
                    "epos": "N"
                  }
                },
                {
                  "node": "l",
                  "frag": "{lu₂}GAL-⸢da-ni⸣-ba-te",
                  "id": "P334098.l02db2",
                  "ref": "P334098.9.1",
                  "cof-head": "P334098.l02db1",
                  "inst": "+rabû[big one]N$rab&+danību[victualler]N$danībāte",
                  "f": {
                    "lang": "akk-x-neoass",
                    "form": "{LU₂}GAL-da-ni-ba-te",
                    "cf": "danību",
                    "gw": "victualler",
                    "sense": "victualler",
                    "norm": "danībāte",
                    "pos": "N",
                    "epos": "N"
                  }
                },
                {
                  "node": "d",
                  "type": "line-start",
                  "ref": "P334098.10",
                  "n": "9",
                  "label": "o 9"
                },
                {
                  "node": "l",
                  "frag": "ša",
                  "id": "P334098.l02db3",
                  "ref": "P334098.10.1",
                  "inst": "+ša[of+=without]DET$",
                  "sig": "@saao/saa13%akk-x-neoass:ša=ša[of//of]DET'DET$ša",
                  "f": {
                    "lang": "akk-x-neoass",
                    "form": "ša",
                    "cf": "ša",
                    "gw": "of",
                    "sense": "of",
                    "norm": "ša",
                    "pos": "DET",
                    "epos": "DET"
                  }
                },
                {
                  "node": "l",
                  "frag": "la",
                  "id": "P334098.l02db4",
                  "ref": "P334098.10.2",
                  "inst": "lā[not]MOD",
                  "sig": "@saao/saa13%akk-x-neoass:la=lā[not//not]MOD'MOD$lā",
                  "f": {
                    "lang": "akk-x-neoass",
                    "form": "la",
                    "cf": "lā",
                    "gw": "not",
                    "sense": "not",
                    "norm": "lā",
                    "pos": "MOD",
                    "epos": "MOD"
                  }
                },
                {
                  "node": "l",
                  "frag": "LUGAL",
                  "id": "P334098.l02db5",
                  "ref": "P334098.10.3",
                  "inst": "šarri[king]N",
                  "sig": "@saao/saa13%akk-x-neoass:LUGAL=šarru[king//king]N'N$šarri",
                  "f": {
                    "lang": "akk-x-neoass",
                    "form": "LUGAL",
                    "cf": "šarru",
                    "gw": "king",
                    "sense": "king",
                    "norm": "šarri",
                    "pos": "N",
                    "epos": "N"
                  }
                },
                {
                  "node": "d",
                  "type": "line-start",
                  "ref": "P334098.11",
                  "n": "10",
                  "label": "o 10"
                },
                {
                  "node": "l",
                  "frag": "ša",
                  "id": "P334098.l02db6",
                  "ref": "P334098.11.1",
                  "inst": "+ša[of+=without]DET$",
                  "sig": "@saao/saa13%akk-x-neoass:ša=ša[of//of]DET'DET$ša",
                  "f": {
                    "lang": "akk-x-neoass",
                    "form": "ša",
                    "cf": "ša",
                    "gw": "of",
                    "sense": "of",
                    "norm": "ša",
                    "pos": "DET",
                    "epos": "DET"
                  }
                },
                {
                  "node": "l",
                  "frag": "la",
                  "id": "P334098.l02db7",
                  "ref": "P334098.11.2",
                  "inst": "lā[not]MOD",
                  "sig": "@saao/saa13%akk-x-neoass:la=lā[not//not]MOD'MOD$lā",
                  "f": {
                    "lang": "akk-x-neoass",
                    "form": "la",
                    "cf": "lā",
                    "gw": "not",
                    "sense": "not",
                    "norm": "lā",
                    "pos": "MOD",
                    "epos": "MOD"
                  }
                },
                {
                  "node": "c",
                  "type": "phrase",
                  "tag": "phr",
                  "id": "P334098.U6",
                  "ref": "P334098.ls00002",
                  "cdl": [
                    {
                      "node": "l",
                      "frag": "DUMU-LUGAL",
                      "id": "P334098.l02db8",
                      "ref": "P334098.11.3",
                      "cof-tails": "P334098.l02db9",
                      "inst": "mār[son]N&šarri[king]N",
                      "exosig": "@saao/saa13%akk-x-neoass:DUMU-LUGAL=māru[son//son]N'N$mār&&@saao%akk-x-neoass:=šarru[king//king]N'N$šarri",
                      "f": {
                        "lang": "akk-x-neoass",
                        "form": "DUMU-LUGAL",
                        "cf": "māru",
                        "gw": "son",
                        "sense": "son",
                        "norm": "mār",
                        "pos": "N",
                        "epos": "N"
                      }
                    },
                    {
                      "node": "l",
                      "frag": "DUMU-LUGAL",
                      "id": "P334098.l02db9",
                      "ref": "P334098.11.3",
                      "cof-head": "P334098.l02db8",
                      "inst": "mār[son]N&šarri[king]N",
                      "tail-sig": "@saao%akk-x-neoass:=šarru[king//king]N'N$šarri",
                      "f": {
                        "lang": "akk-x-neoass",
                        "form": "DUMU-LUGAL",
                        "cf": "šarru",
                        "gw": "king",
                        "sense": "king",
                        "norm": "šarri",
                        "pos": "N",
                        "epos": "N"
                      }
                    }
                  ]
                },
                {
                  "node": "d",
                  "type": "line-start",
                  "ref": "P334098.12",
                  "n": "11",
                  "label": "o 11"
                },
                {
                  "node": "l",
                  "frag": "i-ṣab-ta",
                  "id": "P334098.l02dba",
                  "ref": "P334098.12.1",
                  "inst": "+ṣabātu[seize]V$iṣṣabta",
                  "sig": "@saao/saa13%akk-x-neoass:i-ṣab-ta=ṣabātu[seize//seize]V'V$iṣṣabta",
                  "f": {
                    "lang": "akk-x-neoass",
                    "form": "i-ṣab-ta",
                    "cf": "ṣabātu",
                    "gw": "seize",
                    "sense": "seize",
                    "norm": "iṣṣabta",
                    "pos": "V",
                    "epos": "V"
                  }
                },
                {
                  "node": "l",
                  "frag": "u₂-sa-ni-qa-a-ni",
                  "id": "P334098.l02dbb",
                  "ref": "P334098.12.2",
                  "inst": "+sanāqu[check//interrogate]V'V$ussanniqāni",
                  "sig": "@saao/saa13%akk-x-neoass:u₂-sa-ni-qa-a-ni=sanāqu[check//interrogate]V'V$ussanniqāni",
                  "f": {
                    "lang": "akk-x-neoass",
                    "form": "u₂-sa-ni-qa-a-ni",
                    "cf": "sanāqu",
                    "gw": "check",
                    "sense": "interrogate",
                    "norm": "ussanniqāni",
                    "pos": "V",
                    "epos": "V"
                  }
                },
                {
                  "node": "d",
                  "type": "line-start",
                  "ref": "P334098.13",
                  "n": "12",
                  "label": "o 12"
                },
                {
                  "node": "c",
                  "type": "phrase",
                  "tag": "phr",
                  "id": "P334098.U7",
                  "ref": "P334098.ls00003",
                  "cdl": [
                    {
                      "node": "l",
                      "frag": "E₂-AD-ia",
                      "id": "P334098.l02dbc",
                      "ref": "P334098.13.1",
                      "cof-tails": "P334098.l02dbd",
                      "inst": "bēt[house]N&abīya[father]N",
                      "exosig": "@saao/saa13%akk-x-neoass:E₂-AD-ia=bītu[house//house]N'N$bēt&&@saao%akk-x-neoass:=abu[father//father]N'N$abīya",
                      "f": {
                        "lang": "akk-x-neoass",
                        "form": "E₂-AD-ia",
                        "cf": "bītu",
                        "gw": "house",
                        "sense": "house",
                        "norm": "bēt",
                        "pos": "N",
                        "epos": "N"
                      }
                    },
                    {
                      "node": "l",
                      "frag": "E₂-AD-ia",
                      "id": "P334098.l02dbd",
                      "ref": "P334098.13.1",
                      "cof-head": "P334098.l02dbc",
                      "inst": "bēt[house]N&abīya[father]N",
                      "tail-sig": "@saao%akk-x-neoass:=abu[father//father]N'N$abīya",
                      "f": {
                        "lang": "akk-x-neoass",
                        "form": "E₂-AD-ia",
                        "cf": "abu",
                        "gw": "father",
                        "sense": "father",
                        "norm": "abīya",
                        "pos": "N",
                        "epos": "N"
                      }
                    }
                  ]
                },
                {
                  "node": "d",
                  "type": "line-start",
                  "ref": "P334098.14",
                  "n": "13",
                  "label": "o 13"
                },
                {
                  "node": "l",
                  "frag": "in-ta-aš₂-ʾa",
                  "id": "P334098.l02dbe",
                  "ref": "P334098.14.1",
                  "inst": "+mašāʾu[take away by force//rob]V'V$intašʾa",
                  "sig": "@saao/saa13%akk-x-neoass:in-ta-aš₂-ʾa=mašāʾu[take away by force//rob]V'V$intašʾa",
                  "f": {
                    "lang": "akk-x-neoass",
                    "form": "in-ta-aš₂-ʾa",
                    "cf": "mašāʾu",
                    "gw": "take away by force",
                    "sense": "rob",
                    "norm": "intašʾa",
                    "pos": "V",
                    "epos": "V"
                  }
                },
                {
                  "node": "d",
                  "type": "line-start",
                  "ref": "P334098.15",
                  "n": "14",
                  "label": "o 14"
                },
                {
                  "node": "l",
                  "frag": "a-mar",
                  "id": "P334098.l02dbf",
                  "ref": "P334098.15.1",
                  "inst": "ammar[as many as]REL",
                  "sig": "@saao/saa13%akk-x-neoass:a-mar=ammar[as much as//as many as]REL'REL$ammar",
                  "f": {
                    "lang": "akk-x-neoass",
                    "form": "a-mar",
                    "cf": "ammar",
                    "gw": "as much as",
                    "sense": "as many as",
                    "norm": "ammar",
                    "pos": "REL",
                    "epos": "REL"
                  }
                },
                {
                  "node": "l",
                  "frag": "ša",
                  "id": "P334098.l02dc0",
                  "ref": "P334098.15.2",
                  "inst": "ša[that]REL",
                  "sig": "@saao/saa13%akk-x-neoass:ša=ša[that//that]REL'REL$ša",
                  "f": {
                    "lang": "akk-x-neoass",
                    "form": "ša",
                    "cf": "ša",
                    "gw": "that",
                    "sense": "that",
                    "norm": "ša",
                    "pos": "REL",
                    "epos": "REL"
                  }
                },
                {
                  "node": "l",
                  "frag": "AD-u-a",
                  "id": "P334098.l02dc1",
                  "ref": "P334098.15.3",
                  "inst": "abūwa[father]N",
                  "sig": "@saao/saa13%akk-x-neoass:AD-u-a=abu[father//father]N'N$abūwa",
                  "f": {
                    "lang": "akk-x-neoass",
                    "form": "AD-u-a",
                    "cf": "abu",
                    "gw": "father",
                    "sense": "father",
                    "norm": "abūwa",
                    "pos": "N",
                    "epos": "N"
                  }
                },
                {
                  "node": "d",
                  "type": "line-start",
                  "ref": "P334098.16",
                  "n": "15",
                  "label": "o 15"
                },
                {
                  "node": "l",
                  "frag": "ṣil-li",
                  "id": "P334098.l02dc2",
                  "ref": "P334098.16.1",
                  "inst": "+ṣillu[shade//protection]N'N$ṣilli",
                  "sig": "@saao/saa13%akk-x-neoass:ṣil-li=ṣillu[shade//protection]N'N$ṣilli",
                  "f": {
                    "lang": "akk-x-neoass",
                    "form": "ṣil-li",
                    "cf": "ṣillu",
                    "gw": "shade",
                    "sense": "protection",
                    "norm": "ṣilli",
                    "pos": "N",
                    "epos": "N"
                  }
                },
                {
                  "node": "l",
                  "frag": "LUGAL",
                  "id": "P334098.l02dc3",
                  "ref": "P334098.16.2",
                  "inst": "šarri[king]N",
                  "sig": "@saao/saa13%akk-x-neoass:LUGAL=šarru[king//king]N'N$šarri",
                  "f": {
                    "lang": "akk-x-neoass",
                    "form": "LUGAL",
                    "cf": "šarru",
                    "gw": "king",
                    "sense": "king",
                    "norm": "šarri",
                    "pos": "N",
                    "epos": "N"
                  }
                },
                {
                  "node": "d",
                  "type": "line-start",
                  "ref": "P334098.17",
                  "n": "16",
                  "label": "o 16"
                },
                {
                  "node": "l",
                  "frag": "iq-nu-u-ni",
                  "id": "P334098.l02dc4",
                  "ref": "P334098.17.1",
                  "inst": "+qanû[acquire]V$iqnûni",
                  "sig": "@saao/saa13%akk-x-neoass:iq-nu-u-ni=qanû[acquire//acquire]V'V$iqnûni",
                  "f": {
                    "lang": "akk-x-neoass",
                    "form": "iq-nu-u-ni",
                    "cf": "qanû",
                    "gw": "acquire",
                    "sense": "acquire",
                    "norm": "iqnûni",
                    "pos": "V",
                    "epos": "V"
                  }
                },
                {
                  "node": "d",
                  "subtype": "reverse",
                  "type": "reverse",
                  "ref": "P334098.r.18",
                  "label": "r"
                },
                {
                  "node": "d",
                  "type": "line-start",
                  "ref": "P334098.19",
                  "n": "1",
                  "label": "r 1"
                },
                {
                  "node": "l",
                  "frag": "in-ta-aš₂-ʾa",
                  "id": "P334098.l02dc5",
                  "ref": "P334098.19.1",
                  "inst": "+mašāʾu[take away by force//rob]V'V$intašʾa",
                  "sig": "@saao/saa13%akk-x-neoass:in-ta-aš₂-ʾa=mašāʾu[take away by force//rob]V'V$intašʾa",
                  "f": {
                    "lang": "akk-x-neoass",
                    "form": "in-ta-aš₂-ʾa",
                    "cf": "mašāʾu",
                    "gw": "take away by force",
                    "sense": "rob",
                    "norm": "intašʾa",
                    "pos": "V",
                    "epos": "V"
                  }
                },
                {
                  "node": "d",
                  "type": "line-start",
                  "ref": "P334098.20",
                  "n": "2",
                  "label": "r 2"
                },
                {
                  "node": "l",
                  "frag": "i-ti-ši",
                  "id": "P334098.l02dc6",
                  "ref": "P334098.20.1",
                  "inst": "ittiši[take]V",
                  "sig": "@saao/saa13%akk-x-neoass:i-ti-ši=našû[lift//take]V'V$ittiši",
                  "f": {
                    "lang": "akk-x-neoass",
                    "form": "i-ti-ši",
                    "cf": "našû",
                    "gw": "lift",
                    "sense": "take",
                    "norm": "ittiši",
                    "pos": "V",
                    "epos": "V"
                  }
                },
                {
                  "node": "d",
                  "type": "line-start",
                  "ref": "P334098.21",
                  "n": "3",
                  "label": "r 3"
                },
                {
                  "node": "l",
                  "frag": "01",
                  "id": "P334098.l02dc7",
                  "ref": "P334098.21.1",
                  "inst": "n",
                  "f": {
                    "lang": "akk-x-neoass",
                    "form": "01",
                    "pos": "n"
                  }
                },
                {
                  "node": "l",
                  "frag": "GU₂.UN",
                  "id": "P334098.l02dc8",
                  "ref": "P334098.21.2",
                  "inst": "biltu[a unit of weight]N",
                  "sig": "@saao/saa13%akk-x-neoass:GU₂.UN=biltu[load//a unit of weight]N'N$biltu",
                  "f": {
                    "lang": "akk-x-neoass",
                    "form": "GU₂.UN",
                    "cf": "biltu",
                    "gw": "load",
                    "sense": "a unit of weight",
                    "norm": "biltu",
                    "pos": "N",
                    "epos": "N"
                  }
                },
                {
                  "node": "l",
                  "frag": "MA.NA",
                  "id": "P334098.l02dc9",
                  "ref": "P334098.21.3",
                  "inst": "manê[a unit of weight]N",
                  "sig": "@saao/saa13%akk-x-neoass:MA.NA=manû[unit//a unit of weight]N'N$manê",
                  "f": {
                    "lang": "akk-x-neoass",
                    "form": "MA.NA",
                    "cf": "manû",
                    "gw": "unit",
                    "sense": "a unit of weight",
                    "norm": "manê",
                    "pos": "N",
                    "epos": "N"
                  }
                },
                {
                  "node": "l",
                  "frag": "KUG.UD",
                  "id": "P334098.l02dca",
                  "ref": "P334098.21.4",
                  "inst": "ṣarpi[silver]N",
                  "sig": "@saao/saa13%akk-x-neoass:KUG.UD=ṣarpu[silver//silver]N'N$ṣarpi",
                  "f": {
                    "lang": "akk-x-neoass",
                    "form": "KUG.UD",
                    "cf": "ṣarpu",
                    "gw": "silver",
                    "sense": "silver",
                    "norm": "ṣarpi",
                    "pos": "N",
                    "epos": "N"
                  }
                },
                {
                  "node": "d",
                  "type": "line-start",
                  "ref": "P334098.22",
                  "n": "4",
                  "label": "r 4"
                },
                {
                  "node": "l",
                  "frag": "ba-aš₂-lu",
                  "id": "P334098.l02dcb",
                  "ref": "P334098.22.1",
                  "inst": "bašlu[refined]AJ",
                  "sig": "@saao/saa13%akk-x-neoass:ba-aš₂-lu=bašlu[cooked//refined]AJ'AJ$bašlu",
                  "f": {
                    "lang": "akk-x-neoass",
                    "form": "ba-aš₂-lu",
                    "cf": "bašlu",
                    "gw": "cooked",
                    "sense": "refined",
                    "norm": "bašlu",
                    "pos": "AJ",
                    "epos": "AJ"
                  }
                },
                {
                  "node": "d",
                  "type": "line-start",
                  "ref": "P334098.23",
                  "n": "5",
                  "label": "r 5"
                },
                {
                  "node": "l",
                  "frag": "20",
                  "id": "P334098.l02dcc",
                  "ref": "P334098.23.1",
                  "inst": "n",
                  "f": {
                    "lang": "akk-x-neoass",
                    "form": "20",
                    "pos": "n"
                  }
                },
                {
                  "node": "l",
                  "frag": "MA.NA",
                  "id": "P334098.l02dcd",
                  "ref": "P334098.23.2",
                  "inst": "manê[a unit of weight]N",
                  "sig": "@saao/saa13%akk-x-neoass:MA.NA=manû[unit//a unit of weight]N'N$manê",
                  "f": {
                    "lang": "akk-x-neoass",
                    "form": "MA.NA",
                    "cf": "manû",
                    "gw": "unit",
                    "sense": "a unit of weight",
                    "norm": "manê",
                    "pos": "N",
                    "epos": "N"
                  }
                },
                {
                  "node": "l",
                  "frag": "KUG.UD",
                  "id": "P334098.l02dce",
                  "ref": "P334098.23.3",
                  "inst": "ṣarpi[silver]N",
                  "sig": "@saao/saa13%akk-x-neoass:KUG.UD=ṣarpu[silver//silver]N'N$ṣarpi",
                  "f": {
                    "lang": "akk-x-neoass",
                    "form": "KUG.UD",
                    "cf": "ṣarpu",
                    "gw": "silver",
                    "sense": "silver",
                    "norm": "ṣarpi",
                    "pos": "N",
                    "epos": "N"
                  }
                },
                {
                  "node": "d",
                  "type": "line-start",
                  "ref": "P334098.24",
                  "n": "6",
                  "label": "r 6"
                },
                {
                  "node": "l",
                  "frag": "ša",
                  "id": "P334098.l02dcf",
                  "ref": "P334098.24.1",
                  "inst": "ša[of]DET",
                  "sig": "@saao/saa13%akk-x-neoass:ša=ša[of//of]DET'DET$ša",
                  "f": {
                    "lang": "akk-x-neoass",
                    "form": "ša",
                    "cf": "ša",
                    "gw": "of",
                    "sense": "of",
                    "norm": "ša",
                    "pos": "DET",
                    "epos": "DET"
                  }
                },
                {
                  "node": "l",
                  "frag": "a-nu-ut",
                  "id": "P334098.l02dd0",
                  "ref": "P334098.24.2",
                  "inst": "anūt[utensil]N",
                  "sig": "@saao/saa13%akk-x-neoass:a-nu-ut=unūtu[tools//utensil]N'N$anūt",
                  "f": {
                    "lang": "akk-x-neoass",
                    "form": "a-nu-ut",
                    "cf": "unūtu",
                    "gw": "tools",
                    "sense": "utensil",
                    "norm": "anūt",
                    "pos": "N",
                    "epos": "N"
                  }
                },
                {
                  "node": "l",
                  "frag": "E₂",
                  "id": "P334098.l02dd1",
                  "ref": "P334098.24.3",
                  "inst": "bēti[house]N",
                  "sig": "@saao/saa13%akk-x-neoass:E₂=bītu[house//house]N'N$bēti",
                  "f": {
                    "lang": "akk-x-neoass",
                    "form": "E₂",
                    "cf": "bītu",
                    "gw": "house",
                    "sense": "house",
                    "norm": "bēti",
                    "pos": "N",
                    "epos": "N"
                  }
                },
                {
                  "node": "d",
                  "type": "line-start",
                  "ref": "P334098.25",
                  "n": "7",
                  "label": "r 7"
                },
                {
                  "node": "l",
                  "frag": "na-mu-ra-a-te",
                  "id": "P334098.l02dd2",
                  "ref": "P334098.25.1",
                  "inst": "nāmurāte[audience gift]N",
                  "sig": "@saao/saa13%akk-x-neoass:na-mu-ra-a-te=nāmurtu[audience gift//audience gift]N'N$nāmurāte",
                  "f": {
                    "lang": "akk-x-neoass",
                    "form": "na-mu-ra-a-te",
                    "cf": "nāmurtu",
                    "gw": "audience gift",
                    "sense": "audience gift",
                    "norm": "nāmurāte",
                    "pos": "N",
                    "epos": "N"
                  }
                },
                {
                  "node": "l",
                  "frag": "ša",
                  "id": "P334098.l02dd3",
                  "ref": "P334098.25.2",
                  "inst": "ša[of]DET",
                  "sig": "@saao/saa13%akk-x-neoass:ša=ša[of//of]DET'DET$ša",
                  "f": {
                    "lang": "akk-x-neoass",
                    "form": "ša",
                    "cf": "ša",
                    "gw": "of",
                    "sense": "of",
                    "norm": "ša",
                    "pos": "DET",
                    "epos": "DET"
                  }
                },
                {
                  "node": "l",
                  "frag": "LUGAL",
                  "id": "P334098.l02dd4",
                  "ref": "P334098.25.3",
                  "inst": "šarri[king]N",
                  "sig": "@saao/saa13%akk-x-neoass:LUGAL=šarru[king//king]N'N$šarri",
                  "f": {
                    "lang": "akk-x-neoass",
                    "form": "LUGAL",
                    "cf": "šarru",
                    "gw": "king",
                    "sense": "king",
                    "norm": "šarri",
                    "pos": "N",
                    "epos": "N"
                  }
                },
                {
                  "node": "d",
                  "type": "line-start",
                  "ref": "P334098.26",
                  "n": "8",
                  "label": "r 8"
                },
                {
                  "node": "l",
                  "frag": "ša",
                  "id": "P334098.l02dd5",
                  "ref": "P334098.26.1",
                  "inst": "ša[of]DET",
                  "sig": "@saao/saa13%akk-x-neoass:ša=ša[of//of]DET'DET$ša",
                  "f": {
                    "lang": "akk-x-neoass",
                    "form": "ša",
                    "cf": "ša",
                    "gw": "of",
                    "sense": "of",
                    "norm": "ša",
                    "pos": "DET",
                    "epos": "DET"
                  }
                },
                {
                  "node": "c",
                  "type": "phrase",
                  "tag": "phr",
                  "id": "P334098.U8",
                  "ref": "P334098.ls00004",
                  "cdl": [
                    {
                      "node": "l",
                      "frag": "AMA-LUGAL",
                      "id": "P334098.l02dd6",
                      "ref": "P334098.26.2",
                      "cof-tails": "P334098.l02dd7",
                      "inst": "ummi[mother]N&šarri[king]N",
                      "exosig": "@saao/saa13%akk-x-neoass:AMA-LUGAL=ummu[mother//mother]N'N$ummi&&@saao%akk-x-neoass:=šarru[king//king]N'N$šarri",
                      "f": {
                        "lang": "akk-x-neoass",
                        "form": "AMA-LUGAL",
                        "cf": "ummu",
                        "gw": "mother",
                        "sense": "mother",
                        "norm": "ummi",
                        "pos": "N",
                        "epos": "N"
                      }
                    },
                    {
                      "node": "l",
                      "frag": "AMA-LUGAL",
                      "id": "P334098.l02dd7",
                      "ref": "P334098.26.2",
                      "cof-head": "P334098.l02dd6",
                      "inst": "ummi[mother]N&šarri[king]N",
                      "tail-sig": "@saao%akk-x-neoass:=šarru[king//king]N'N$šarri",
                      "f": {
                        "lang": "akk-x-neoass",
                        "form": "AMA-LUGAL",
                        "cf": "šarru",
                        "gw": "king",
                        "sense": "king",
                        "norm": "šarri",
                        "pos": "N",
                        "epos": "N"
                      }
                    }
                  ]
                },
                {
                  "node": "d",
                  "type": "line-start",
                  "ref": "P334098.27",
                  "n": "9",
                  "label": "r 9"
                },
                {
                  "node": "l",
                  "frag": "i-se-niš",
                  "id": "P334098.l02dd8",
                  "ref": "P334098.27.1",
                  "inst": "issēniš[also]AV",
                  "sig": "@saao/saa13%akk-x-neoass:i-se-niš=ištēniš[together//also]AV'AV$issēniš",
                  "f": {
                    "lang": "akk-x-neoass",
                    "form": "i-se-niš",
                    "cf": "ištēniš",
                    "gw": "together",
                    "sense": "also",
                    "norm": "issēniš",
                    "pos": "AV",
                    "epos": "AV"
                  }
                },
                {
                  "node": "l",
                  "frag": "i-ti-ši",
                  "id": "P334098.l02dd9",
                  "ref": "P334098.27.2",
                  "inst": "ittiši[take]V",
                  "sig": "@saao/saa13%akk-x-neoass:i-ti-ši=našû[lift//take]V'V$ittiši",
                  "f": {
                    "lang": "akk-x-neoass",
                    "form": "i-ti-ši",
                    "cf": "našû",
                    "gw": "lift",
                    "sense": "take",
                    "norm": "ittiši",
                    "pos": "V",
                    "epos": "V"
                  }
                },
                {
                  "node": "d",
                  "type": "line-start",
                  "ref": "P334098.28",
                  "n": "10",
                  "label": "r 10"
                },
                {
                  "node": "l",
                  "frag": "a-kul-lu-u",
                  "id": "P334098.l02dda",
                  "ref": "P334098.28.1",
                  "inst": "+ukullû[provisions]N$akullû",
                  "sig": "@saao/saa13%akk-x-neoass:a-kul-lu-u=ukullû[provisions//provisions]N'N$akullû",
                  "f": {
                    "lang": "akk-x-neoass",
                    "form": "a-kul-lu-u",
                    "cf": "ukullû",
                    "gw": "provisions",
                    "sense": "provisions",
                    "norm": "akullû",
                    "pos": "N",
                    "epos": "N"
                  }
                },
                {
                  "node": "l",
                  "frag": "ša",
                  "id": "P334098.l02ddb",
                  "ref": "P334098.28.2",
                  "inst": "ša[of]DET",
                  "sig": "@saao/saa13%akk-x-neoass:ša=ša[of//of]DET'DET$ša",
                  "f": {
                    "lang": "akk-x-neoass",
                    "form": "ša",
                    "cf": "ša",
                    "gw": "of",
                    "sense": "of",
                    "norm": "ša",
                    "pos": "DET",
                    "epos": "DET"
                  }
                },
                {
                  "node": "l",
                  "frag": "AD-ia",
                  "id": "P334098.l02ddc",
                  "ref": "P334098.28.3",
                  "inst": "abīya[father]N",
                  "sig": "@saao/saa13%akk-x-neoass:AD-ia=abu[father//father]N'N$abīya",
                  "f": {
                    "lang": "akk-x-neoass",
                    "form": "AD-ia",
                    "cf": "abu",
                    "gw": "father",
                    "sense": "father",
                    "norm": "abīya",
                    "pos": "N",
                    "epos": "N"
                  }
                },
                {
                  "node": "d",
                  "type": "line-start",
                  "ref": "P334098.29",
                  "n": "11",
                  "label": "r 11"
                },
                {
                  "node": "l",
                  "frag": "mah-ra-ak",
                  "id": "P334098.l02ddd",
                  "ref": "P334098.29.1",
                  "inst": "+mahru[received]AJ$mahrāk",
                  "sig": "@saao/saa13%akk-x-neoass:mah-ra-ak=mahru[received//received]AJ'AJ$mahrāk",
                  "f": {
                    "lang": "akk-x-neoass",
                    "form": "mah-ra-ak",
                    "cf": "mahru",
                    "gw": "received",
                    "sense": "received",
                    "norm": "mahrāk",
                    "pos": "AJ",
                    "epos": "AJ"
                  }
                },
                {
                  "node": "d",
                  "type": "line-start",
                  "ref": "P334098.30",
                  "n": "12",
                  "label": "r 12"
                },
                {
                  "node": "l",
                  "frag": "TA@v",
                  "id": "P334098.l02dde",
                  "ref": "P334098.30.1",
                  "inst": "+ištu[from+=from]PRP$issu",
                  "sig": "@saao/saa13%akk-x-neoass:TA@v=ištu[from//from]PRP'PRP$issu",
                  "f": {
                    "lang": "akk-x-neoass",
                    "form": "TA@v",
                    "cf": "ištu",
                    "gw": "from",
                    "sense": "from",
                    "norm": "issu",
                    "pos": "PRP",
                    "epos": "PRP"
                  }
                },
                {
                  "node": "l",
                  "frag": "lib",
                  "id": "P334098.l02ddf",
                  "ref": "P334098.30.2",
                  "inst": "+libbu[interior]N$lib",
                  "sig": "@saao/saa13%akk-x-neoass:lib=libbu[interior//interior]N'N$lib",
                  "f": {
                    "lang": "akk-x-neoass",
                    "form": "lib",
                    "cf": "libbu",
                    "gw": "interior",
                    "sense": "interior",
                    "norm": "lib",
                    "pos": "N",
                    "epos": "N"
                  }
                },
                {
                  "node": "l",
                  "frag": "E₂.KUR-ri",
                  "id": "P334098.l02de0",
                  "ref": "P334098.30.3",
                  "inst": "ēkurri[temple]N",
                  "sig": "@saao/saa13%akk-x-neoass:E₂.KUR-ri=ēkurru[temple//temple]N'N$ēkurri",
                  "f": {
                    "lang": "akk-x-neoass",
                    "form": "E₂.KUR-ri",
                    "cf": "ēkurru",
                    "gw": "temple",
                    "sense": "temple",
                    "norm": "ēkurri",
                    "pos": "N",
                    "epos": "N"
                  }
                },
                {
                  "node": "d",
                  "type": "line-start",
                  "ref": "P334098.31",
                  "n": "13",
                  "label": "r 13"
                },
                {
                  "node": "l",
                  "frag": "ka-šu-da-ak",
                  "id": "P334098.l02de1",
                  "ref": "P334098.31.1",
                  "inst": "+kašdu[reached//chased]AJ'AJ$kaššudāk",
                  "sig": "@saao/saa13%akk-x-neoass:ka-šu-da-ak=kašdu[reached//chased]AJ'AJ$kaššudāk",
                  "f": {
                    "lang": "akk-x-neoass",
                    "form": "ka-šu-da-ak",
                    "cf": "kašdu",
                    "gw": "reached",
                    "sense": "chased",
                    "norm": "kaššudāk",
                    "pos": "AJ",
                    "epos": "AJ"
                  }
                },
                {
                  "node": "d",
                  "type": "line-start",
                  "ref": "P334098.32",
                  "n": "14",
                  "label": "r 14"
                },
                {
                  "node": "c",
                  "type": "phrase",
                  "tag": "phr",
                  "id": "P334098.U9",
                  "ref": "P334098.ls00005",
                  "cdl": [
                    {
                      "node": "l",
                      "frag": "DUMU-MAN",
                      "id": "P334098.l02de2",
                      "ref": "P334098.32.1",
                      "cof-tails": "P334098.l02de3",
                      "inst": "mār[son]N&šarri[king]N",
                      "exosig": "@saao/saa13%akk-x-neoass:DUMU-MAN=māru[son//son]N'N$mār&&@saao%akk-x-neoass:=šarru[king//king]N'N$šarri",
                      "f": {
                        "lang": "akk-x-neoass",
                        "form": "DUMU-MAN",
                        "cf": "māru",
                        "gw": "son",
                        "sense": "son",
                        "norm": "mār",
                        "pos": "N",
                        "epos": "N"
                      }
                    },
                    {
                      "node": "l",
                      "frag": "DUMU-MAN",
                      "id": "P334098.l02de3",
                      "ref": "P334098.32.1",
                      "cof-head": "P334098.l02de2",
                      "inst": "mār[son]N&šarri[king]N",
                      "tail-sig": "@saao%akk-x-neoass:=šarru[king//king]N'N$šarri",
                      "f": {
                        "lang": "akk-x-neoass",
                        "form": "DUMU-MAN",
                        "cf": "šarru",
                        "gw": "king",
                        "sense": "king",
                        "norm": "šarri",
                        "pos": "N",
                        "epos": "N"
                      }
                    }
                  ]
                },
                {
                  "node": "l",
                  "frag": "lip-qi-da",
                  "id": "P334098.l02de4",
                  "ref": "P334098.32.2",
                  "inst": "+paqādu[entrust]V$lipqida",
                  "sig": "@saao/saa13%akk-x-neoass:lip-qi-da=paqādu[entrust//entrust]V'V$lipqida",
                  "f": {
                    "lang": "akk-x-neoass",
                    "form": "lip-qi-da",
                    "cf": "paqādu",
                    "gw": "entrust",
                    "sense": "entrust",
                    "norm": "lipqida",
                    "pos": "V",
                    "epos": "V"
                  }
                },
                {
                  "node": "d",
                  "type": "line-start",
                  "ref": "P334098.33",
                  "n": "15",
                  "label": "r 15"
                },
                {
                  "node": "l",
                  "frag": "ša",
                  "id": "P334098.l02de5",
                  "ref": "P334098.33.1",
                  "inst": "+ša[of+=without]DET$",
                  "sig": "@saao/saa13%akk-x-neoass:ša=ša[of//of]DET'DET$ša",
                  "f": {
                    "lang": "akk-x-neoass",
                    "form": "ša",
                    "cf": "ša",
                    "gw": "of",
                    "sense": "of",
                    "norm": "ša",
                    "pos": "DET",
                    "epos": "DET"
                  }
                },
                {
                  "node": "l",
                  "frag": "la",
                  "id": "P334098.l02de6",
                  "ref": "P334098.33.2",
                  "inst": "lā[not]MOD",
                  "sig": "@saao/saa13%akk-x-neoass:la=lā[not//not]MOD'MOD$lā",
                  "f": {
                    "lang": "akk-x-neoass",
                    "form": "la",
                    "cf": "lā",
                    "gw": "not",
                    "sense": "not",
                    "norm": "lā",
                    "pos": "MOD",
                    "epos": "MOD"
                  }
                },
                {
                  "node": "l",
                  "frag": "LUGAL",
                  "id": "P334098.l02de7",
                  "ref": "P334098.33.3",
                  "inst": "šarri[king]N",
                  "sig": "@saao/saa13%akk-x-neoass:LUGAL=šarru[king//king]N'N$šarri",
                  "f": {
                    "lang": "akk-x-neoass",
                    "form": "LUGAL",
                    "cf": "šarru",
                    "gw": "king",
                    "sense": "king",
                    "norm": "šarri",
                    "pos": "N",
                    "epos": "N"
                  }
                },
                {
                  "node": "d",
                  "type": "line-start",
                  "ref": "P334098.34",
                  "n": "16",
                  "label": "r 16"
                },
                {
                  "node": "l",
                  "frag": "ša",
                  "id": "P334098.l02de8",
                  "ref": "P334098.34.1",
                  "inst": "ša[of]DET",
                  "sig": "@saao/saa13%akk-x-neoass:ša=ša[of//of]DET'DET$ša",
                  "f": {
                    "lang": "akk-x-neoass",
                    "form": "ša",
                    "cf": "ša",
                    "gw": "of",
                    "sense": "of",
                    "norm": "ša",
                    "pos": "DET",
                    "epos": "DET"
                  }
                },
                {
                  "node": "c",
                  "type": "phrase",
                  "tag": "phr",
                  "id": "P334098.U10",
                  "ref": "P334098.ls00006",
                  "cdl": [
                    {
                      "node": "l",
                      "frag": "DUMU-MAN",
                      "id": "P334098.l02de9",
                      "ref": "P334098.34.2",
                      "cof-tails": "P334098.l02dea",
                      "inst": "mār[son]N&šarri[king]N",
                      "exosig": "@saao/saa13%akk-x-neoass:DUMU-MAN=māru[son//son]N'N$mār&&@saao%akk-x-neoass:=šarru[king//king]N'N$šarri",
                      "f": {
                        "lang": "akk-x-neoass",
                        "form": "DUMU-MAN",
                        "cf": "māru",
                        "gw": "son",
                        "sense": "son",
                        "norm": "mār",
                        "pos": "N",
                        "epos": "N"
                      }
                    },
                    {
                      "node": "l",
                      "frag": "DUMU-MAN",
                      "id": "P334098.l02dea",
                      "ref": "P334098.34.2",
                      "cof-head": "P334098.l02de9",
                      "inst": "mār[son]N&šarri[king]N",
                      "tail-sig": "@saao%akk-x-neoass:=šarru[king//king]N'N$šarri",
                      "f": {
                        "lang": "akk-x-neoass",
                        "form": "DUMU-MAN",
                        "cf": "šarru",
                        "gw": "king",
                        "sense": "king",
                        "norm": "šarri",
                        "pos": "N",
                        "epos": "N"
                      }
                    }
                  ]
                },
                {
                  "node": "l",
                  "frag": "lu",
                  "id": "P334098.l02deb",
                  "ref": "P334098.34.3",
                  "inst": "lū[may]MOD",
                  "sig": "@saao/saa13%akk-x-neoass:lu=lū[may//may]MOD'MOD$lū",
                  "f": {
                    "lang": "akk-x-neoass",
                    "form": "lu",
                    "cf": "lū",
                    "gw": "may",
                    "sense": "may",
                    "norm": "lū",
                    "pos": "MOD",
                    "epos": "MOD"
                  }
                },
                {
                  "node": "l",
                  "frag": "la",
                  "id": "P334098.l02dec",
                  "ref": "P334098.34.4",
                  "inst": "lā[not]MOD",
                  "sig": "@saao/saa13%akk-x-neoass:la=lā[not//not]MOD'MOD$lā",
                  "f": {
                    "lang": "akk-x-neoass",
                    "form": "la",
                    "cf": "lā",
                    "gw": "not",
                    "sense": "not",
                    "norm": "lā",
                    "pos": "MOD",
                    "epos": "MOD"
                  }
                },
                {
                  "node": "l",
                  "frag": "a-⸢mu⸣-[at]",
                  "id": "P334098.l02ded",
                  "ref": "P334098.34.5",
                  "inst": "amūat[die]V",
                  "sig": "@saao/saa13%akk-x-neoass:a-mu-at=mâtu[die//die]V'V$amūat",
                  "f": {
                    "lang": "akk-x-neoass",
                    "form": "a-mu-at",
                    "cf": "mâtu",
                    "gw": "die",
                    "sense": "die",
                    "norm": "amūat",
                    "pos": "V",
                    "epos": "V"
                  }
                }
              ]
            }
          ]
        }
      ]
    },
    {
      "linkbase": [
        {
          "type": "linkset",
          "xlink_title": "mār šarri[crown prince//crown prince]N'N",
          "id": "P334098.ls00000",
          "xlink_type": "extended",
          "xlink_role": "psu",
          "sig": "{DUMU-LUGAL = māru[son]N šarru[king]N += mār šarri[crown prince//crown prince]N'N}::@saao/saa10%akk-x-neoass:DUMU-LUGAL=māru[son//son]N'N$mār++@saao/saa10%akk-x-neoass:DUMU-LUGAL=šarru[king//king]N'N$šarri",
          "links": [
            {
              "type": "link",
              "xlink_title": "mār",
              "xlink_type": "locator",
              "xlink_href": "#P334098.l02d9f",
              "xlink_role": "elt"
            },
            {
              "type": "link",
              "xlink_title": "šarri",
              "xlink_type": "locator",
              "xlink_href": "#P334098.l02da0",
              "xlink_role": "elt"
            }
          ]
        },
        {
          "type": "linkset",
          "xlink_title": "mār šarri[crown prince//crown prince]N'N",
          "id": "P334098.ls00001",
          "xlink_type": "extended",
          "xlink_role": "psu",
          "sig": "{DUMU-LUGAL = māru[son]N šarru[king]N += mār šarri[crown prince//crown prince]N'N}::@saao/saa10%akk-x-neoass:DUMU-LUGAL=māru[son//son]N'N$mār++@saao/saa10%akk-x-neoass:DUMU-LUGAL=šarru[king//king]N'N$šarri",
          "links": [
            {
              "type": "link",
              "xlink_title": "mār",
              "xlink_type": "locator",
              "xlink_href": "#P334098.l02dad",
              "xlink_role": "elt"
            },
            {
              "type": "link",
              "xlink_title": "šarri",
              "xlink_type": "locator",
              "xlink_href": "#P334098.l02dae",
              "xlink_role": "elt"
            }
          ]
        },
        {
          "type": "linkset",
          "xlink_title": "mār šarri[crown prince//crown prince]N'N",
          "id": "P334098.ls00002",
          "xlink_type": "extended",
          "xlink_role": "psu",
          "sig": "{DUMU-LUGAL = māru[son]N šarru[king]N += mār šarri[crown prince//crown prince]N'N}::@saao/saa10%akk-x-neoass:DUMU-LUGAL=māru[son//son]N'N$mār++@saao/saa10%akk-x-neoass:DUMU-LUGAL=šarru[king//king]N'N$šarri",
          "links": [
            {
              "type": "link",
              "xlink_title": "mār",
              "xlink_type": "locator",
              "xlink_href": "#P334098.l02db8",
              "xlink_role": "elt"
            },
            {
              "type": "link",
              "xlink_title": "šarri",
              "xlink_type": "locator",
              "xlink_href": "#P334098.l02db9",
              "xlink_role": "elt"
            }
          ]
        },
        {
          "type": "linkset",
          "xlink_title": "bīt abi[paternal house//paternal house(hold)]N'N",
          "id": "P334098.ls00003",
          "xlink_type": "extended",
          "xlink_role": "psu",
          "sig": "{bītu[house]N abu[father]N += bīt abi[paternal house//paternal house(hold)]N'N}::@saao%akk-x-neoass:E₂-AD-ia=bītu[house//house]N'N$bēt++@saao%akk-x-neoass:E₂-AD-ia=abu[father//father]N'N$abīya",
          "links": [
            {
              "type": "link",
              "xlink_title": "bēt",
              "xlink_type": "locator",
              "xlink_href": "#P334098.l02dbc",
              "xlink_role": "elt"
            },
            {
              "type": "link",
              "xlink_title": "abīya",
              "xlink_type": "locator",
              "xlink_href": "#P334098.l02dbd",
              "xlink_role": "elt"
            }
          ]
        },
        {
          "type": "linkset",
          "xlink_title": "ummi šarri[queen mother//queen mother]N'N",
          "id": "P334098.ls00004",
          "xlink_type": "extended",
          "xlink_role": "psu",
          "sig": "{AMA-LUGAL = ummu[mother]N šarru[king]N += ummi šarri[queen mother//queen mother]N'N}::@saao/saa10%akk-x-neoass:AMA-LUGAL=ummu[mother//mother]N'N$ummi++@saao/saa10%akk-x-neoass:AMA-LUGAL=šarru[king//king]N'N$šarri",
          "links": [
            {
              "type": "link",
              "xlink_title": "ummi",
              "xlink_type": "locator",
              "xlink_href": "#P334098.l02dd6",
              "xlink_role": "elt"
            },
            {
              "type": "link",
              "xlink_title": "šarri",
              "xlink_type": "locator",
              "xlink_href": "#P334098.l02dd7",
              "xlink_role": "elt"
            }
          ]
        },
        {
          "type": "linkset",
          "xlink_title": "mār šarri[crown prince//crown prince]N'N",
          "id": "P334098.ls00005",
          "xlink_type": "extended",
          "xlink_role": "psu",
          "sig": "{DUMU-LUGAL = māru[son]N šarru[king]N += mār šarri[crown prince//crown prince]N'N}::@saao/saa10%akk-x-neoass:DUMU-LUGAL=māru[son//son]N'N$mār++@saao/saa10%akk-x-neoass:DUMU-LUGAL=šarru[king//king]N'N$šarri",
          "links": [
            {
              "type": "link",
              "xlink_title": "mār",
              "xlink_type": "locator",
              "xlink_href": "#P334098.l02de2",
              "xlink_role": "elt"
            },
            {
              "type": "link",
              "xlink_title": "šarri",
              "xlink_type": "locator",
              "xlink_href": "#P334098.l02de3",
              "xlink_role": "elt"
            }
          ]
        },
        {
          "type": "linkset",
          "xlink_title": "mār šarri[crown prince//crown prince]N'N",
          "id": "P334098.ls00006",
          "xlink_type": "extended",
          "xlink_role": "psu",
          "sig": "{DUMU-LUGAL = māru[son]N šarru[king]N += mār šarri[crown prince//crown prince]N'N}::@saao/saa10%akk-x-neoass:DUMU-LUGAL=māru[son//son]N'N$mār++@saao/saa10%akk-x-neoass:DUMU-LUGAL=šarru[king//king]N'N$šarri",
          "links": [
            {
              "type": "link",
              "xlink_title": "mār",
              "xlink_type": "locator",
              "xlink_href": "#P334098.l02de9",
              "xlink_role": "elt"
            },
            {
              "type": "link",
              "xlink_title": "šarri",
              "xlink_type": "locator",
              "xlink_href": "#P334098.l02dea",
              "xlink_role": "elt"
            }
          ]
        }
      ]
    }
  ]
}
