{
  "type": "cdl",
  "source": "http://oracc.org/saao/saa13",
  "license": "This data is released under the CC0 license",
  "license-url": "https://creativecommons.org/publicdomain/zero/1.0/",
  "more-info": "http://oracc.org/doc/opendata/",
  "UTC-timestamp": "2017-06-10T00:51:36",
  "project": "saao/saa13",
  "textid": "P334341",
  "cdl": [
    {
      "node": "c",
      "type": "text",
      "id": "P334341.U0",
      "cdl": [
        {
          "node": "d",
          "type": "object",
          "ref": ""
        },
        {
          "node": "d",
          "subtype": "obverse",
          "type": "obverse",
          "ref": "P334341.o.1",
          "label": "o"
        },
        {
          "node": "c",
          "type": "discourse",
          "subtype": "body",
          "id": "P334341.U1",
          "cdl": [
            {
              "node": "c",
              "type": "sentence",
              "id": "P334341.U2",
              "label": "o 1 - r.e. 16",
              "cdl": [
                {
                  "node": "d",
                  "type": "line-start",
                  "ref": "P334341.2",
                  "n": "1",
                  "label": "o 1"
                },
                {
                  "node": "l",
                  "frag": "a-na",
                  "id": "P334341.l01371",
                  "ref": "P334341.2.1",
                  "inst": "ana[to]PRP",
                  "sig": "@saao/saa13%akk-x-neoass:a-na=ana[to//to]PRP'PRP$ana",
                  "f": {
                    "lang": "akk-x-neoass",
                    "form": "a-na",
                    "cf": "ana",
                    "gw": "to",
                    "sense": "to",
                    "norm": "ana",
                    "pos": "PRP",
                    "epos": "PRP"
                  }
                },
                {
                  "node": "l",
                  "frag": "LUGAL",
                  "id": "P334341.l01372",
                  "ref": "P334341.2.2",
                  "inst": "šarri[king]N",
                  "sig": "@saao/saa13%akk-x-neoass:LUGAL=šarru[king//king]N'N$šarri",
                  "f": {
                    "lang": "akk-x-neoass",
                    "form": "LUGAL",
                    "cf": "šarru",
                    "gw": "king",
                    "sense": "king",
                    "norm": "šarri",
                    "pos": "N",
                    "epos": "N"
                  }
                },
                {
                  "node": "l",
                  "frag": "EN-ia",
                  "id": "P334341.l01373",
                  "ref": "P334341.2.3",
                  "inst": "bēlīya[lord]N",
                  "sig": "@saao/saa13%akk-x-neoass:EN-ia=bēlu[lord//lord]N'N$bēlīya",
                  "f": {
                    "lang": "akk-x-neoass",
                    "form": "EN-ia",
                    "cf": "bēlu",
                    "gw": "lord",
                    "sense": "lord",
                    "norm": "bēlīya",
                    "pos": "N",
                    "epos": "N"
                  }
                },
                {
                  "node": "d",
                  "type": "line-start",
                  "ref": "P334341.3",
                  "n": "2",
                  "label": "o 2"
                },
                {
                  "node": "l",
                  "frag": "ARAD-ka",
                  "id": "P334341.l01374",
                  "ref": "P334341.3.1",
                  "inst": "urdaka[servant]N",
                  "sig": "@saao/saa13%akk-x-neoass:ARAD-ka=ardu[slave//servant]N'N$urdaka",
                  "f": {
                    "lang": "akk-x-neoass",
                    "form": "ARAD-ka",
                    "cf": "ardu",
                    "gw": "slave",
                    "sense": "servant",
                    "norm": "urdaka",
                    "pos": "N",
                    "epos": "N"
                  }
                },
                {
                  "node": "l",
                  "frag": "{1}ARAD-{d}PA",
                  "id": "P334341.l01375",
                  "ref": "P334341.3.2",
                  "inst": "Urdu-Nabu[1]PN",
                  "sig": "@saao/saa13%akk-x-neoass:{1}ARAD-{d}PA=Urdu-Nabu[1//1]PN'PN$Urdu-Nabu",
                  "f": {
                    "lang": "akk-x-neoass",
                    "form": "{1}ARAD-{d}PA",
                    "cf": "Urdu-Nabu",
                    "gw": "1",
                    "sense": "1",
                    "norm": "Urdu-Nabu",
                    "pos": "PN",
                    "epos": "PN"
                  }
                },
                {
                  "node": "d",
                  "type": "line-start",
                  "ref": "P334341.4",
                  "n": "3",
                  "label": "o 3"
                },
                {
                  "node": "l",
                  "frag": "lu",
                  "id": "P334341.l01376",
                  "ref": "P334341.4.1",
                  "inst": "lū[may]MOD",
                  "sig": "@saao/saa13%akk-x-neoass:lu=lū[may//may]MOD'MOD$lū",
                  "f": {
                    "lang": "akk-x-neoass",
                    "form": "lu",
                    "cf": "lū",
                    "gw": "may",
                    "sense": "may",
                    "norm": "lū",
                    "pos": "MOD",
                    "epos": "MOD"
                  }
                },
                {
                  "node": "l",
                  "frag": "DI-mu",
                  "id": "P334341.l01377",
                  "ref": "P334341.4.2",
                  "inst": "šulmu[health]N",
                  "sig": "@saao/saa13%akk-x-neoass:DI-mu=šulmu[completeness//health]N'N$šulmu",
                  "f": {
                    "lang": "akk-x-neoass",
                    "form": "DI-mu",
                    "cf": "šulmu",
                    "gw": "completeness",
                    "sense": "health",
                    "norm": "šulmu",
                    "pos": "N",
                    "epos": "N"
                  }
                },
                {
                  "node": "l",
                  "frag": "a-na",
                  "id": "P334341.l01378",
                  "ref": "P334341.4.3",
                  "inst": "ana[to]PRP",
                  "sig": "@saao/saa13%akk-x-neoass:a-na=ana[to//to]PRP'PRP$ana",
                  "f": {
                    "lang": "akk-x-neoass",
                    "form": "a-na",
                    "cf": "ana",
                    "gw": "to",
                    "sense": "to",
                    "norm": "ana",
                    "pos": "PRP",
                    "epos": "PRP"
                  }
                },
                {
                  "node": "l",
                  "frag": "LUGAL",
                  "id": "P334341.l01379",
                  "ref": "P334341.4.4",
                  "inst": "šarri[king]N",
                  "sig": "@saao/saa13%akk-x-neoass:LUGAL=šarru[king//king]N'N$šarri",
                  "f": {
                    "lang": "akk-x-neoass",
                    "form": "LUGAL",
                    "cf": "šarru",
                    "gw": "king",
                    "sense": "king",
                    "norm": "šarri",
                    "pos": "N",
                    "epos": "N"
                  }
                },
                {
                  "node": "l",
                  "frag": "EN-ia",
                  "id": "P334341.l0137a",
                  "ref": "P334341.4.5",
                  "inst": "bēlīya[lord]N",
                  "sig": "@saao/saa13%akk-x-neoass:EN-ia=bēlu[lord//lord]N'N$bēlīya",
                  "f": {
                    "lang": "akk-x-neoass",
                    "form": "EN-ia",
                    "cf": "bēlu",
                    "gw": "lord",
                    "sense": "lord",
                    "norm": "bēlīya",
                    "pos": "N",
                    "epos": "N"
                  }
                },
                {
                  "node": "d",
                  "type": "line-start",
                  "ref": "P334341.5",
                  "n": "4",
                  "label": "o 4"
                },
                {
                  "node": "l",
                  "frag": "[aš-šur",
                  "id": "P334341.l0137b",
                  "ref": "P334341.5.1",
                  "inst": "Aššur[1]DN",
                  "sig": "@saao/saa13%akk-x-neoass:aš-šur=Aššur[1//1]DN'DN$Aššur",
                  "f": {
                    "lang": "akk-x-neoass",
                    "form": "aš-šur",
                    "cf": "Aššur",
                    "gw": "1",
                    "sense": "1",
                    "norm": "Aššur",
                    "pos": "DN",
                    "epos": "DN"
                  }
                },
                {
                  "node": "l",
                  "frag": "{d}30",
                  "id": "P334341.l0137c",
                  "ref": "P334341.5.2",
                  "inst": "Sin[1]DN",
                  "sig": "@saao/saa13%akk-x-neoass:{d}30=Sin[1//1]DN'DN$Sin",
                  "f": {
                    "lang": "akk-x-neoass",
                    "form": "{d}30",
                    "cf": "Sin",
                    "gw": "1",
                    "sense": "1",
                    "norm": "Sin",
                    "pos": "DN",
                    "epos": "DN"
                  }
                },
                {
                  "node": "l",
                  "frag": "{d}UTU",
                  "id": "P334341.l0137d",
                  "ref": "P334341.5.3",
                  "inst": "Šamaš[1]DN",
                  "sig": "@saao/saa13%akk-x-neoass:{d}UTU=Šamaš[1//1]DN'DN$Šamaš",
                  "f": {
                    "lang": "akk-x-neoass",
                    "form": "{d}UTU",
                    "cf": "Šamaš",
                    "gw": "1",
                    "sense": "1",
                    "norm": "Šamaš",
                    "pos": "DN",
                    "epos": "DN"
                  }
                },
                {
                  "node": "l",
                  "frag": "{d}EN",
                  "id": "P334341.l0137e",
                  "ref": "P334341.5.4",
                  "inst": "Bel[1]DN",
                  "sig": "@saao/saa13%akk-x-neoass:{d}EN=Bel[1//1]DN'DN$Bel",
                  "f": {
                    "lang": "akk-x-neoass",
                    "form": "{d}EN",
                    "cf": "Bel",
                    "gw": "1",
                    "sense": "1",
                    "norm": "Bel",
                    "pos": "DN",
                    "epos": "DN"
                  }
                },
                {
                  "node": "d",
                  "type": "line-start",
                  "ref": "P334341.6",
                  "n": "5",
                  "label": "o 5"
                },
                {
                  "node": "l",
                  "frag": "{d}zar-pa-ni-tum",
                  "id": "P334341.l0137f",
                  "ref": "P334341.6.1",
                  "inst": "Zarpanitu[1]DN",
                  "sig": "@saao/saa13%akk-x-neoass:{d}zar-pa-ni-tum=Zarpanitu[1//1]DN'DN$Zarpanitu",
                  "f": {
                    "lang": "akk-x-neoass",
                    "form": "{d}zar-pa-ni-tum",
                    "cf": "Zarpanitu",
                    "gw": "1",
                    "sense": "1",
                    "norm": "Zarpanitu",
                    "pos": "DN",
                    "epos": "DN"
                  }
                },
                {
                  "node": "l",
                  "frag": "{d}AG",
                  "id": "P334341.l01380",
                  "ref": "P334341.6.2",
                  "inst": "Nabu[1]DN",
                  "sig": "@saao/saa13%akk-x-neoass:{d}AG=Nabu[1//1]DN'DN$Nabu",
                  "f": {
                    "lang": "akk-x-neoass",
                    "form": "{d}AG",
                    "cf": "Nabu",
                    "gw": "1",
                    "sense": "1",
                    "norm": "Nabu",
                    "pos": "DN",
                    "epos": "DN"
                  }
                },
                {
                  "node": "d",
                  "type": "line-start",
                  "ref": "P334341.7",
                  "n": "6",
                  "label": "o 6"
                },
                {
                  "node": "l",
                  "frag": "{d}taš-me-tum",
                  "id": "P334341.l01381",
                  "ref": "P334341.7.1",
                  "inst": "Tašmetu[1]DN",
                  "sig": "@saao/saa13%akk-x-neoass:{d}taš-me-tum=Tašmetu[1//1]DN'DN$Tašmetu",
                  "f": {
                    "lang": "akk-x-neoass",
                    "form": "{d}taš-me-tum",
                    "cf": "Tašmetu",
                    "gw": "1",
                    "sense": "1",
                    "norm": "Tašmetu",
                    "pos": "DN",
                    "epos": "DN"
                  }
                },
                {
                  "node": "l",
                  "frag": "{d}15",
                  "id": "P334341.l01382",
                  "ref": "P334341.7.2",
                  "inst": "Issar[1]DN",
                  "sig": "@saao/saa13%akk-x-neoass:{d}15=Ištar[1//1]DN'DN$Issar",
                  "f": {
                    "lang": "akk-x-neoass",
                    "form": "{d}15",
                    "cf": "Ištar",
                    "gw": "1",
                    "sense": "1",
                    "norm": "Issar",
                    "pos": "DN",
                    "epos": "DN"
                  }
                },
                {
                  "node": "l",
                  "frag": "ša₂",
                  "id": "P334341.l01383",
                  "ref": "P334341.7.3",
                  "inst": "ša[of]DET",
                  "sig": "@saao/saa13%akk-x-neoass:ša₂=ša[of//of]DET'DET$ša",
                  "f": {
                    "lang": "akk-x-neoass",
                    "form": "ša₂",
                    "cf": "ša",
                    "gw": "of",
                    "sense": "of",
                    "norm": "ša",
                    "pos": "DET",
                    "epos": "DET"
                  }
                },
                {
                  "node": "l",
                  "frag": "NINA{ki}",
                  "id": "P334341.l01384",
                  "ref": "P334341.7.4",
                  "inst": "Ninua[Nineveh]GN",
                  "sig": "@saao/saa13%akk-x-neoass:NINA{KI}=Ninua[Nineveh//Nineveh]GN'GN$Ninua",
                  "f": {
                    "lang": "akk-x-neoass",
                    "form": "NINA{KI}",
                    "cf": "Ninua",
                    "gw": "Nineveh",
                    "sense": "Nineveh",
                    "norm": "Ninua",
                    "pos": "GN",
                    "epos": "GN"
                  }
                },
                {
                  "node": "d",
                  "type": "line-start",
                  "ref": "P334341.8",
                  "n": "7",
                  "label": "o 7"
                },
                {
                  "node": "l",
                  "frag": "{d}15",
                  "id": "P334341.l01385",
                  "ref": "P334341.8.1",
                  "inst": "Issar[1]DN",
                  "sig": "@saao/saa13%akk-x-neoass:{d}15=Ištar[1//1]DN'DN$Issar",
                  "f": {
                    "lang": "akk-x-neoass",
                    "form": "{d}15",
                    "cf": "Ištar",
                    "gw": "1",
                    "sense": "1",
                    "norm": "Issar",
                    "pos": "DN",
                    "epos": "DN"
                  }
                },
                {
                  "node": "l",
                  "frag": "ša₂",
                  "id": "P334341.l01386",
                  "ref": "P334341.8.2",
                  "inst": "ša[of]DET",
                  "sig": "@saao/saa13%akk-x-neoass:ša₂=ša[of//of]DET'DET$ša",
                  "f": {
                    "lang": "akk-x-neoass",
                    "form": "ša₂",
                    "cf": "ša",
                    "gw": "of",
                    "sense": "of",
                    "norm": "ša",
                    "pos": "DET",
                    "epos": "DET"
                  }
                },
                {
                  "node": "l",
                  "frag": "{uru}arba-il₃",
                  "id": "P334341.l01387",
                  "ref": "P334341.8.3",
                  "inst": "Arbail[Arbela]GN",
                  "sig": "@saao/saa13%akk-x-neoass:{URU}arba-il₃=Arbail[Arbela//Arbela]GN'GN$Arbail",
                  "f": {
                    "lang": "akk-x-neoass",
                    "form": "{URU}arba-il₃",
                    "cf": "Arbail",
                    "gw": "Arbela",
                    "sense": "Arbela",
                    "norm": "Arbail",
                    "pos": "GN",
                    "epos": "GN"
                  }
                },
                {
                  "node": "l",
                  "frag": "DINGIR-MEŠ",
                  "id": "P334341.l01388",
                  "ref": "P334341.8.4",
                  "inst": "ilāni[god]N",
                  "sig": "@saao/saa13%akk-x-neoass:DINGIR-MEŠ=ilu[god//god]N'N$ilāni",
                  "f": {
                    "lang": "akk-x-neoass",
                    "form": "DINGIR-MEŠ",
                    "cf": "ilu",
                    "gw": "god",
                    "sense": "god",
                    "norm": "ilāni",
                    "pos": "N",
                    "epos": "N"
                  }
                },
                {
                  "node": "d",
                  "type": "line-start",
                  "ref": "P334341.9",
                  "n": "8",
                  "label": "o 8"
                },
                {
                  "node": "l",
                  "frag": "an-nu-u-te",
                  "id": "P334341.l01389",
                  "ref": "P334341.9.1",
                  "inst": "annūte[this]DP",
                  "sig": "@saao/saa13%akk-x-neoass:an-nu-u-te=annû[this//this]DP'DP$annūte",
                  "f": {
                    "lang": "akk-x-neoass",
                    "form": "an-nu-u-te",
                    "cf": "annû",
                    "gw": "this",
                    "sense": "this",
                    "norm": "annūte",
                    "pos": "DP",
                    "epos": "DP"
                  }
                },
                {
                  "node": "l",
                  "frag": "GAL-MEŠ",
                  "id": "P334341.l0138a",
                  "ref": "P334341.9.2",
                  "inst": "rabiūti[great]AJ",
                  "sig": "@saao/saa13%akk-x-neoass:GAL-MEŠ=rabû[big//great]AJ'AJ$rabiūti",
                  "f": {
                    "lang": "akk-x-neoass",
                    "form": "GAL-MEŠ",
                    "cf": "rabû",
                    "gw": "big",
                    "sense": "great",
                    "norm": "rabiūti",
                    "pos": "AJ",
                    "epos": "AJ"
                  }
                },
                {
                  "node": "d",
                  "type": "line-start",
                  "ref": "P334341.10",
                  "n": "9",
                  "label": "o 9"
                },
                {
                  "node": "l",
                  "frag": "ra-ʾi-i-mu-te",
                  "id": "P334341.l0138b",
                  "ref": "P334341.10.1",
                  "inst": "+rāʾimu[one who loves]N$rāʾimūte",
                  "sig": "@saao/saa13%akk-x-neoass:ra-ʾi-i-mu-te=rāʾimu[one who loves//one who loves]N'N$rāʾimūte",
                  "f": {
                    "lang": "akk-x-neoass",
                    "form": "ra-ʾi-i-mu-te",
                    "cf": "rāʾimu",
                    "gw": "one who loves",
                    "sense": "one who loves",
                    "norm": "rāʾimūte",
                    "pos": "N",
                    "epos": "N"
                  }
                },
                {
                  "node": "l",
                  "frag": "LUGAL-ti-ka",
                  "id": "P334341.l0138c",
                  "ref": "P334341.10.2",
                  "inst": "šarrūtīka[kingship]N",
                  "sig": "@saao/saa13%akk-x-neoass:LUGAL-ti-ka=šarrūtu[kingship//kingship]N'N$šarrūtīka",
                  "f": {
                    "lang": "akk-x-neoass",
                    "form": "LUGAL-ti-ka",
                    "cf": "šarrūtu",
                    "gw": "kingship",
                    "sense": "kingship",
                    "norm": "šarrūtīka",
                    "pos": "N",
                    "epos": "N"
                  }
                },
                {
                  "node": "d",
                  "type": "line-start",
                  "ref": "P334341.11",
                  "n": "10",
                  "label": "o 10"
                },
                {
                  "node": "l",
                  "frag": "01",
                  "id": "P334341.l0138d",
                  "ref": "P334341.11.1",
                  "inst": "n",
                  "f": {
                    "lang": "akk-x-neoass",
                    "form": "01",
                    "pos": "n"
                  }
                },
                {
                  "node": "l",
                  "frag": "me",
                  "id": "P334341.l0138e",
                  "ref": "P334341.11.2",
                  "inst": "mē[(one) hundred]NU",
                  "sig": "@saao/saa13%akk-x-neoass:me=meʾatu[(one) hundred//(one) hundred]NU'NU$mē",
                  "f": {
                    "lang": "akk-x-neoass",
                    "form": "me",
                    "cf": "meʾatu",
                    "gw": "(one) hundred",
                    "sense": "(one) hundred",
                    "norm": "mē",
                    "pos": "NU",
                    "epos": "NU"
                  }
                },
                {
                  "node": "l",
                  "frag": "MU.AN.NA-MEŠ",
                  "id": "P334341.l0138f",
                  "ref": "P334341.11.3",
                  "inst": "šanāti[year]N",
                  "sig": "@saao/saa13%akk-x-neoass:MU.AN.NA-MEŠ=šattu[year//year]N'N$šanāti",
                  "f": {
                    "lang": "akk-x-neoass",
                    "form": "MU.AN.NA-MEŠ",
                    "cf": "šattu",
                    "gw": "year",
                    "sense": "year",
                    "norm": "šanāti",
                    "pos": "N",
                    "epos": "N"
                  }
                },
                {
                  "node": "l",
                  "frag": "a-na",
                  "id": "P334341.l01390",
                  "ref": "P334341.11.4",
                  "inst": "ana[to]PRP",
                  "sig": "@saao/saa13%akk-x-neoass:a-na=ana[to//to]PRP'PRP$ana",
                  "f": {
                    "lang": "akk-x-neoass",
                    "form": "a-na",
                    "cf": "ana",
                    "gw": "to",
                    "sense": "to",
                    "norm": "ana",
                    "pos": "PRP",
                    "epos": "PRP"
                  }
                },
                {
                  "node": "l",
                  "frag": "LUGAL",
                  "id": "P334341.l01391",
                  "ref": "P334341.11.5",
                  "inst": "šarri[king]N",
                  "sig": "@saao/saa13%akk-x-neoass:LUGAL=šarru[king//king]N'N$šarri",
                  "f": {
                    "lang": "akk-x-neoass",
                    "form": "LUGAL",
                    "cf": "šarru",
                    "gw": "king",
                    "sense": "king",
                    "norm": "šarri",
                    "pos": "N",
                    "epos": "N"
                  }
                },
                {
                  "node": "l",
                  "frag": "EN-ia",
                  "id": "P334341.l01392",
                  "ref": "P334341.11.6",
                  "inst": "bēlīya[lord]N",
                  "sig": "@saao/saa13%akk-x-neoass:EN-ia=bēlu[lord//lord]N'N$bēlīya",
                  "f": {
                    "lang": "akk-x-neoass",
                    "form": "EN-ia",
                    "cf": "bēlu",
                    "gw": "lord",
                    "sense": "lord",
                    "norm": "bēlīya",
                    "pos": "N",
                    "epos": "N"
                  }
                },
                {
                  "node": "d",
                  "type": "line-start",
                  "ref": "P334341.12",
                  "n": "11",
                  "label": "o 11"
                },
                {
                  "node": "l",
                  "frag": "lu-bal-li-ṭu",
                  "id": "P334341.l01393",
                  "ref": "P334341.12.1",
                  "inst": "luballiṭu[keep alive]V",
                  "sig": "@saao/saa13%akk-x-neoass:lu-bal-li-ṭu=balāṭu[live//keep alive]V'V$luballiṭu",
                  "f": {
                    "lang": "akk-x-neoass",
                    "form": "lu-bal-li-ṭu",
                    "cf": "balāṭu",
                    "gw": "live",
                    "sense": "keep alive",
                    "norm": "luballiṭu",
                    "pos": "V",
                    "epos": "V"
                  }
                },
                {
                  "node": "d",
                  "type": "line-start",
                  "ref": "P334341.13",
                  "n": "12",
                  "label": "o 12"
                },
                {
                  "node": "l",
                  "frag": "ši-bu-tu",
                  "id": "P334341.l01394",
                  "ref": "P334341.13.1",
                  "inst": "šībūtu[old age]N",
                  "sig": "@saao/saa13%akk-x-neoass:ši-bu-tu=šībūtu[old age//old age]N'N$šībūtu",
                  "f": {
                    "lang": "akk-x-neoass",
                    "form": "ši-bu-tu",
                    "cf": "šībūtu",
                    "gw": "old age",
                    "sense": "old age",
                    "norm": "šībūtu",
                    "pos": "N",
                    "epos": "N"
                  }
                },
                {
                  "node": "l",
                  "frag": "lit-tu-tu",
                  "id": "P334341.l01395",
                  "ref": "P334341.13.2",
                  "inst": "littūtu[(extreme) old age]N",
                  "sig": "@saao/saa13%akk-x-neoass:lit-tu-tu=littūtu[(extreme) old age//(extreme) old age]N'N$littūtu",
                  "f": {
                    "lang": "akk-x-neoass",
                    "form": "lit-tu-tu",
                    "cf": "littūtu",
                    "gw": "(extreme) old age",
                    "sense": "(extreme) old age",
                    "norm": "littūtu",
                    "pos": "N",
                    "epos": "N"
                  }
                },
                {
                  "node": "d",
                  "type": "line-start",
                  "ref": "P334341.14",
                  "n": "13",
                  "label": "o 13"
                },
                {
                  "node": "l",
                  "frag": "a-na",
                  "id": "P334341.l01396",
                  "ref": "P334341.14.1",
                  "inst": "ana[to]PRP",
                  "sig": "@saao/saa13%akk-x-neoass:a-na=ana[to//to]PRP'PRP$ana",
                  "f": {
                    "lang": "akk-x-neoass",
                    "form": "a-na",
                    "cf": "ana",
                    "gw": "to",
                    "sense": "to",
                    "norm": "ana",
                    "pos": "PRP",
                    "epos": "PRP"
                  }
                },
                {
                  "node": "l",
                  "frag": "LUGAL",
                  "id": "P334341.l01397",
                  "ref": "P334341.14.2",
                  "inst": "šarri[king]N",
                  "sig": "@saao/saa13%akk-x-neoass:LUGAL=šarru[king//king]N'N$šarri",
                  "f": {
                    "lang": "akk-x-neoass",
                    "form": "LUGAL",
                    "cf": "šarru",
                    "gw": "king",
                    "sense": "king",
                    "norm": "šarri",
                    "pos": "N",
                    "epos": "N"
                  }
                },
                {
                  "node": "l",
                  "frag": "EN-ia",
                  "id": "P334341.l01398",
                  "ref": "P334341.14.3",
                  "inst": "bēlīya[lord]N",
                  "sig": "@saao/saa13%akk-x-neoass:EN-ia=bēlu[lord//lord]N'N$bēlīya",
                  "f": {
                    "lang": "akk-x-neoass",
                    "form": "EN-ia",
                    "cf": "bēlu",
                    "gw": "lord",
                    "sense": "lord",
                    "norm": "bēlīya",
                    "pos": "N",
                    "epos": "N"
                  }
                },
                {
                  "node": "d",
                  "type": "line-start",
                  "ref": "P334341.15",
                  "n": "14",
                  "label": "o 14"
                },
                {
                  "node": "l",
                  "frag": "lu-šab-bi-u₂",
                  "id": "P334341.l01399",
                  "ref": "P334341.15.1",
                  "inst": "lušabbiu[fill with]V",
                  "sig": "@saao/saa13%akk-x-neoass:lu-šab-bi-u₂=šebû[be(come) full//fill with]V'V$lušabbiu",
                  "f": {
                    "lang": "akk-x-neoass",
                    "form": "lu-šab-bi-u₂",
                    "cf": "šebû",
                    "gw": "be(come) full",
                    "sense": "fill with",
                    "norm": "lušabbiu",
                    "pos": "V",
                    "epos": "V"
                  }
                },
                {
                  "node": "d",
                  "subtype": "reverse",
                  "type": "reverse",
                  "ref": "P334341.r.16",
                  "label": "r"
                },
                {
                  "node": "d",
                  "type": "line-start",
                  "ref": "P334341.17",
                  "n": "1",
                  "label": "r 1"
                },
                {
                  "node": "l",
                  "frag": "UD",
                  "id": "P334341.l0139a",
                  "ref": "P334341.17.1",
                  "inst": "ūm[day]N",
                  "exosig": "@saao/saa13%akk-x-neoass:UD=ūmu[day//day]N'N$ūm",
                  "f": {
                    "lang": "akk-x-neoass",
                    "form": "UD",
                    "cf": "ūmu",
                    "gw": "day",
                    "sense": "day",
                    "norm": "ūm",
                    "pos": "N",
                    "epos": "N"
                  }
                },
                {
                  "node": "l",
                  "frag": "07-KAM₂",
                  "id": "P334341.l0139b",
                  "ref": "P334341.17.2",
                  "inst": "n",
                  "f": {
                    "lang": "akk-x-neoass",
                    "form": "07-KAM₂",
                    "pos": "n"
                  }
                },
                {
                  "node": "l",
                  "frag": "ina",
                  "id": "P334341.l0139c",
                  "ref": "P334341.17.3",
                  "inst": "ina[in]PRP",
                  "sig": "@saao/saa13%akk-x-neoass:ina=ina[in//in]PRP'PRP$ina",
                  "f": {
                    "lang": "akk-x-neoass",
                    "form": "ina",
                    "cf": "ina",
                    "gw": "in",
                    "sense": "in",
                    "norm": "ina",
                    "pos": "PRP",
                    "epos": "PRP"
                  }
                },
                {
                  "node": "l",
                  "frag": "E₂-DINGIR",
                  "id": "P334341.l0139d",
                  "ref": "P334341.17.4",
                  "cof-tails": "P334341.l0139e",
                  "inst": "bītu[house]N$bēt&ilu[god]N$ili",
                  "sig": "@saao%akk-x-neoass:E₂-DINGIR=bītu[house//house]N'N$bēt&&@saao%akk-x-neoass:=ilu[god//god]N'N$ili",
                  "f": {
                    "lang": "akk-x-neoass",
                    "form": "E₂-DINGIR",
                    "cf": "bītu",
                    "gw": "house",
                    "sense": "house",
                    "norm": "bēt",
                    "pos": "N",
                    "epos": "N"
                  }
                },
                {
                  "node": "l",
                  "frag": "E₂-DINGIR",
                  "id": "P334341.l0139e",
                  "ref": "P334341.17.4",
                  "cof-head": "P334341.l0139d",
                  "inst": "bītu[house]N$bēt&ilu[god]N$ili",
                  "f": {
                    "lang": "akk-x-neoass",
                    "form": "E₂-DINGIR",
                    "cf": "ilu",
                    "gw": "god",
                    "sense": "god",
                    "norm": "ili",
                    "pos": "N",
                    "epos": "N"
                  }
                },
                {
                  "node": "d",
                  "type": "line-start",
                  "ref": "P334341.18",
                  "n": "2",
                  "label": "r 2"
                },
                {
                  "node": "l",
                  "frag": "{mi₂}qa-al-lal-a-te",
                  "id": "P334341.l0139f",
                  "ref": "P334341.18.1",
                  "inst": "+qallalu[very small//small girl]AJ'N$qallalāte",
                  "sig": "@saao/saa13%akk-x-neoass:{MI₂}qa-al-lal-a-te=qallalu[very small//small girl]AJ'N$qallalāte",
                  "f": {
                    "lang": "akk-x-neoass",
                    "form": "{MI₂}qa-al-lal-a-te",
                    "cf": "qallalu",
                    "gw": "very small",
                    "sense": "small girl",
                    "norm": "qallalāte",
                    "pos": "AJ",
                    "epos": "N"
                  }
                },
                {
                  "node": "d",
                  "type": "line-start",
                  "ref": "P334341.19",
                  "n": "3",
                  "label": "r 3"
                },
                {
                  "node": "l",
                  "frag": "dam-qa-a-te",
                  "id": "P334341.l013a0",
                  "ref": "P334341.19.1",
                  "inst": "+damqu[good//beautiful]AJ$damqāte",
                  "sig": "@saao/saa13%akk-x-neoass:dam-qa-a-te=damqu[good//beautiful]AJ'AJ$damqāte",
                  "f": {
                    "lang": "akk-x-neoass",
                    "form": "dam-qa-a-te",
                    "cf": "damqu",
                    "gw": "good",
                    "sense": "beautiful",
                    "norm": "damqāte",
                    "pos": "AJ",
                    "epos": "AJ"
                  }
                },
                {
                  "node": "d",
                  "type": "line-start",
                  "ref": "P334341.20",
                  "n": "4",
                  "label": "r 4"
                },
                {
                  "node": "l",
                  "frag": "i-ba-aš₂-ši",
                  "id": "P334341.l013a1",
                  "ref": "P334341.20.1",
                  "inst": "ibašši[exist]V",
                  "sig": "@saao/saa13%akk-x-neoass:i-ba-aš₂-ši=bašû[exist//exist]V'V$ibašši",
                  "f": {
                    "lang": "akk-x-neoass",
                    "form": "i-ba-aš₂-ši",
                    "cf": "bašû",
                    "gw": "exist",
                    "sense": "exist",
                    "norm": "ibašši",
                    "pos": "V",
                    "epos": "V"
                  }
                },
                {
                  "node": "l",
                  "frag": "a-ta-mar",
                  "id": "P334341.l013a2",
                  "ref": "P334341.20.2",
                  "inst": "ātamar[see]V",
                  "sig": "@saao/saa13%akk-x-neoass:a-ta-mar=amāru[see//see]V'V$ātamar",
                  "f": {
                    "lang": "akk-x-neoass",
                    "form": "a-ta-mar",
                    "cf": "amāru",
                    "gw": "see",
                    "sense": "see",
                    "norm": "ātamar",
                    "pos": "V",
                    "epos": "V"
                  }
                },
                {
                  "node": "d",
                  "type": "line-start",
                  "ref": "P334341.21",
                  "n": "5",
                  "label": "r 5"
                },
                {
                  "node": "l",
                  "frag": "01-et",
                  "id": "P334341.l013a3",
                  "ref": "P334341.21.1",
                  "inst": "issēt[one]NU",
                  "sig": "@saao/saa13%akk-x-neoass:01-et=ištēn[one//one]NU'NU$issēt",
                  "f": {
                    "lang": "akk-x-neoass",
                    "form": "01-et",
                    "cf": "ištēn",
                    "gw": "one",
                    "sense": "one",
                    "norm": "issēt",
                    "pos": "NU",
                    "epos": "NU"
                  }
                },
                {
                  "node": "l",
                  "frag": "DUMU.MI₂-DUMU.MI₂-te",
                  "id": "P334341.l013a4",
                  "ref": "P334341.21.2",
                  "cof-tails": "P334341.l013a5",
                  "inst": "+mārtu[daughter]N$marʾat&mārtu[daughter]N$marʾite",
                  "exosig": "@saao/saa13%akk-x-neoass:DUMU.MI₂-DUMU.MI₂-te=mārtu[daughter//daughter]N'N$marʾat&&@saao/saa13%akk-x-neoass:DUMU.MI₂-DUMU.MI₂-te=mārtu[daughter//daughter]N'N$marʾite",
                  "f": {
                    "lang": "akk-x-neoass",
                    "form": "DUMU.MI₂-DUMU.MI₂-te",
                    "cf": "mārtu",
                    "gw": "daughter",
                    "sense": "daughter",
                    "norm": "marʾat",
                    "pos": "N",
                    "epos": "N"
                  }
                },
                {
                  "node": "l",
                  "frag": "DUMU.MI₂-DUMU.MI₂-te",
                  "id": "P334341.l013a5",
                  "ref": "P334341.21.2",
                  "cof-head": "P334341.l013a4",
                  "inst": "+mārtu[daughter]N$marʾat&mārtu[daughter]N$marʾite",
                  "f": {
                    "lang": "akk-x-neoass",
                    "form": "DUMU.MI₂-DUMU.MI₂-te",
                    "cf": "mārtu",
                    "gw": "daughter",
                    "sense": "daughter",
                    "norm": "marʾite",
                    "pos": "N",
                    "epos": "N"
                  }
                },
                {
                  "node": "d",
                  "type": "line-start",
                  "ref": "P334341.22",
                  "n": "6",
                  "label": "r 6"
                },
                {
                  "node": "l",
                  "frag": "ša",
                  "id": "P334341.l013a6",
                  "ref": "P334341.22.1",
                  "inst": "ša[of]DET",
                  "sig": "@saao/saa13%akk-x-neoass:ša=ša[of//of]DET'DET$ša",
                  "f": {
                    "lang": "akk-x-neoass",
                    "form": "ša",
                    "cf": "ša",
                    "gw": "of",
                    "sense": "of",
                    "norm": "ša",
                    "pos": "DET",
                    "epos": "DET"
                  }
                },
                {
                  "node": "l",
                  "frag": "{1}qa-an-na-su-si",
                  "id": "P334341.l013a7",
                  "ref": "P334341.22.2",
                  "inst": "+Qannasusi[1]PN$",
                  "sig": "@saao/saa13%akk-x-neoass:{1}qa-an-na-su-si=Qannasusi[1//1]PN'PN$Qannasusi",
                  "f": {
                    "lang": "akk-x-neoass",
                    "form": "{1}qa-an-na-su-si",
                    "cf": "Qannasusi",
                    "gw": "1",
                    "sense": "1",
                    "norm": "Qannasusi",
                    "pos": "PN",
                    "epos": "PN"
                  }
                },
                {
                  "node": "d",
                  "type": "line-start",
                  "ref": "P334341.23",
                  "n": "7",
                  "label": "r 7"
                },
                {
                  "node": "l",
                  "frag": "as-sa-par",
                  "id": "P334341.l013a8",
                  "ref": "P334341.23.1",
                  "inst": "assapar[send]V",
                  "sig": "@saao/saa13%akk-x-neoass:as-sa-par=šapāru[send//send]V'V$assapar",
                  "f": {
                    "lang": "akk-x-neoass",
                    "form": "as-sa-par",
                    "cf": "šapāru",
                    "gw": "send",
                    "sense": "send",
                    "norm": "assapar",
                    "pos": "V",
                    "epos": "V"
                  }
                },
                {
                  "node": "l",
                  "frag": "E₂",
                  "id": "P334341.l013a9",
                  "ref": "P334341.23.2",
                  "inst": "bētu[house]N",
                  "sig": "@saao/saa13%akk-x-neoass:E₂=bītu[house//house]N'N$bētu",
                  "f": {
                    "lang": "akk-x-neoass",
                    "form": "E₂",
                    "cf": "bītu",
                    "gw": "house",
                    "sense": "house",
                    "norm": "bētu",
                    "pos": "N",
                    "epos": "N"
                  }
                },
                {
                  "node": "d",
                  "type": "line-start",
                  "ref": "P334341.24",
                  "n": "8",
                  "label": "r 8"
                },
                {
                  "node": "l",
                  "frag": "e-ta-am-ru",
                  "id": "P334341.l013aa",
                  "ref": "P334341.24.1",
                  "inst": "ētamru[see]V",
                  "sig": "@saao/saa13%akk-x-neoass:e-ta-am-ru=amāru[see//see]V'V$ētamru",
                  "f": {
                    "lang": "akk-x-neoass",
                    "form": "e-ta-am-ru",
                    "cf": "amāru",
                    "gw": "see",
                    "sense": "see",
                    "norm": "ētamru",
                    "pos": "V",
                    "epos": "V"
                  }
                },
                {
                  "node": "d",
                  "type": "line-start",
                  "ref": "P334341.25",
                  "n": "9",
                  "label": "r 9"
                },
                {
                  "node": "l",
                  "frag": "{mi₂}{d}ur-ki-⸢tu-re⸣-mi₃-in-ni",
                  "id": "P334341.l013ab",
                  "ref": "P334341.25.1",
                  "inst": "+Urkittu-reminni[1]PN$",
                  "sig": "@saao/saa13%akk-x-neoass:{MI₂}{d}ur-ki-tu-re-mi₃-in-ni=Urkittu-reminni[1//1]PN'PN$Urkittu-reminni",
                  "f": {
                    "lang": "akk-x-neoass",
                    "form": "{MI₂}{d}ur-ki-tu-re-mi₃-in-ni",
                    "cf": "Urkittu-reminni",
                    "gw": "1",
                    "sense": "1",
                    "norm": "Urkittu-reminni",
                    "pos": "PN",
                    "epos": "PN"
                  }
                },
                {
                  "node": "d",
                  "type": "line-start",
                  "ref": "P334341.26",
                  "n": "10",
                  "label": "r 10"
                },
                {
                  "node": "l",
                  "frag": "⸢šu-mu⸣",
                  "id": "P334341.l013ac",
                  "ref": "P334341.26.1",
                  "inst": "šumu[name]N",
                  "sig": "@saao/saa13%akk-x-neoass:šu-mu=šumu[name//name]N'N$šumu",
                  "f": {
                    "lang": "akk-x-neoass",
                    "form": "šu-mu",
                    "cf": "šumu",
                    "gw": "name",
                    "sense": "name",
                    "norm": "šumu",
                    "pos": "N",
                    "epos": "N"
                  }
                },
                {
                  "node": "l",
                  "frag": "ša₂",
                  "id": "P334341.l013ad",
                  "ref": "P334341.26.2",
                  "inst": "ša[of]DET",
                  "sig": "@saao/saa13%akk-x-neoass:ša₂=ša[of//of]DET'DET$ša",
                  "f": {
                    "lang": "akk-x-neoass",
                    "form": "ša₂",
                    "cf": "ša",
                    "gw": "of",
                    "sense": "of",
                    "norm": "ša",
                    "pos": "DET",
                    "epos": "DET"
                  }
                },
                {
                  "node": "l",
                  "frag": "01-et",
                  "id": "P334341.l013ae",
                  "ref": "P334341.26.3",
                  "inst": "issēt[one]NU",
                  "sig": "@saao/saa13%akk-x-neoass:01-et=ištēn[one//one]NU'NU$issēt",
                  "f": {
                    "lang": "akk-x-neoass",
                    "form": "01-et",
                    "cf": "ištēn",
                    "gw": "one",
                    "sense": "one",
                    "norm": "issēt",
                    "pos": "NU",
                    "epos": "NU"
                  }
                },
                {
                  "node": "l",
                  "frag": "DUMU.MI₂",
                  "id": "P334341.l013af",
                  "ref": "P334341.26.4",
                  "inst": "+mārtu[daughter]N$marʾat",
                  "sig": "@saao/saa13%akk-x-neoass:DUMU.MI₂=mārtu[daughter//daughter]N'N$marʾat",
                  "f": {
                    "lang": "akk-x-neoass",
                    "form": "DUMU.MI₂",
                    "cf": "mārtu",
                    "gw": "daughter",
                    "sense": "daughter",
                    "norm": "marʾat",
                    "pos": "N",
                    "epos": "N"
                  }
                },
                {
                  "node": "d",
                  "type": "line-start",
                  "ref": "P334341.27",
                  "n": "11",
                  "label": "r 11"
                },
                {
                  "node": "l",
                  "frag": "{1}{d}x]-⸢x",
                  "id": "P334341.l013b0",
                  "ref": "P334341.27.1",
                  "inst": "u",
                  "f": {
                    "lang": "akk-x-neoass",
                    "form": "{1}{d}x-x",
                    "pos": "u"
                  }
                },
                {
                  "node": "l",
                  "frag": "x⸣-a-ni",
                  "id": "P334341.l013b1",
                  "ref": "P334341.27.2",
                  "inst": "u",
                  "f": {
                    "lang": "akk-x-neoass",
                    "form": "x-a-ni",
                    "pos": "u"
                  }
                },
                {
                  "node": "l",
                  "frag": "{lu₂v}qur-bu-te",
                  "id": "P334341.l013b2",
                  "ref": "P334341.27.3",
                  "inst": "ša-qurbūte[(royal) confidant]N",
                  "sig": "@saao/saa13%akk-x-neoass:{LU₂}qur-bu-te=ša-qurbūti[close follower//(royal) confidant]N'N$ša-qurbūte",
                  "f": {
                    "lang": "akk-x-neoass",
                    "form": "{LU₂}qur-bu-te",
                    "cf": "ša-qurbūti",
                    "gw": "close follower",
                    "sense": "(royal) confidant",
                    "norm": "ša-qurbūte",
                    "pos": "N",
                    "epos": "N"
                  }
                },
                {
                  "node": "d",
                  "type": "line-start",
                  "ref": "P334341.28",
                  "n": "12",
                  "label": "r 12"
                },
                {
                  "node": "l",
                  "frag": "[ši]-⸢ti⸣",
                  "id": "P334341.l013b3",
                  "ref": "P334341.28.1",
                  "inst": "šīti[she]IP",
                  "sig": "@saao/saa13%akk-x-neoass:ši-ti=šīti[she//it]IP'IP$šīti",
                  "f": {
                    "lang": "akk-x-neoass",
                    "form": "ši-ti",
                    "cf": "šīti",
                    "gw": "she",
                    "sense": "it",
                    "norm": "šīti",
                    "pos": "IP",
                    "epos": "IP"
                  }
                },
                {
                  "node": "l",
                  "frag": "ina",
                  "id": "P334341.l013b4",
                  "ref": "P334341.28.2",
                  "inst": "ina[on]PRP",
                  "sig": "@saao/saa13%akk-x-neoass:ina=ina[in//on]PRP'PRP$ina",
                  "f": {
                    "lang": "akk-x-neoass",
                    "form": "ina",
                    "cf": "ina",
                    "gw": "in",
                    "sense": "on",
                    "norm": "ina",
                    "pos": "PRP",
                    "epos": "PRP"
                  }
                },
                {
                  "node": "l",
                  "frag": "KASKAL-LUGAL",
                  "id": "P334341.l013b5",
                  "ref": "P334341.28.3",
                  "cof-tails": "P334341.l013b6",
                  "inst": "+hūlu[way]N$hūl&šarru[king]N$šarri",
                  "exosig": "@saao/saa13%akk-x-neoass:KASKAL-LUGAL=hūlu[way//way]N'N$hūl&&@saao/saa13%akk-x-neoass:KASKAL-LUGAL=šarru[king//king]N'N$šarri",
                  "f": {
                    "lang": "akk-x-neoass",
                    "form": "KASKAL-LUGAL",
                    "cf": "hūlu",
                    "gw": "way",
                    "sense": "way",
                    "norm": "hūl",
                    "pos": "N",
                    "epos": "N"
                  }
                },
                {
                  "node": "l",
                  "frag": "KASKAL-LUGAL",
                  "id": "P334341.l013b6",
                  "ref": "P334341.28.3",
                  "cof-head": "P334341.l013b5",
                  "inst": "+hūlu[way]N$hūl&šarru[king]N$šarri",
                  "f": {
                    "lang": "akk-x-neoass",
                    "form": "KASKAL-LUGAL",
                    "cf": "šarru",
                    "gw": "king",
                    "sense": "king",
                    "norm": "šarri",
                    "pos": "N",
                    "epos": "N"
                  }
                },
                {
                  "node": "l",
                  "frag": "a-ta-mar",
                  "id": "P334341.l013b7",
                  "ref": "P334341.28.4",
                  "inst": "ātamar[see]V",
                  "sig": "@saao/saa13%akk-x-neoass:a-ta-mar=amāru[see//see]V'V$ātamar",
                  "f": {
                    "lang": "akk-x-neoass",
                    "form": "a-ta-mar",
                    "cf": "amāru",
                    "gw": "see",
                    "sense": "see",
                    "norm": "ātamar",
                    "pos": "V",
                    "epos": "V"
                  }
                },
                {
                  "node": "d",
                  "type": "line-start",
                  "ref": "P334341.29",
                  "n": "13",
                  "label": "r 13"
                },
                {
                  "node": "l",
                  "frag": "as-sa-par",
                  "id": "P334341.l013b8",
                  "ref": "P334341.29.1",
                  "inst": "assapar[send]V",
                  "sig": "@saao/saa13%akk-x-neoass:as-sa-par=šapāru[send//send]V'V$assapar",
                  "f": {
                    "lang": "akk-x-neoass",
                    "form": "as-sa-par",
                    "cf": "šapāru",
                    "gw": "send",
                    "sense": "send",
                    "norm": "assapar",
                    "pos": "V",
                    "epos": "V"
                  }
                },
                {
                  "node": "l",
                  "frag": "E₂",
                  "id": "P334341.l013b9",
                  "ref": "P334341.29.2",
                  "inst": "bētu[house]N",
                  "sig": "@saao/saa13%akk-x-neoass:E₂=bītu[house//house]N'N$bētu",
                  "f": {
                    "lang": "akk-x-neoass",
                    "form": "E₂",
                    "cf": "bītu",
                    "gw": "house",
                    "sense": "house",
                    "norm": "bētu",
                    "pos": "N",
                    "epos": "N"
                  }
                },
                {
                  "node": "d",
                  "subtype": "right",
                  "type": "right",
                  "ref": "P334341.r.e..30",
                  "label": "r.e."
                },
                {
                  "node": "d",
                  "type": "line-start",
                  "ref": "P334341.31",
                  "n": "14",
                  "label": "r.e. 14"
                },
                {
                  "node": "l",
                  "frag": "[e-ta]-⸢am⸣-ru",
                  "id": "P334341.l013ba",
                  "ref": "P334341.31.1",
                  "inst": "ētamru[see]V",
                  "sig": "@saao/saa13%akk-x-neoass:e-ta-am-ru=amāru[see//see]V'V$ētamru",
                  "f": {
                    "lang": "akk-x-neoass",
                    "form": "e-ta-am-ru",
                    "cf": "amāru",
                    "gw": "see",
                    "sense": "see",
                    "norm": "ētamru",
                    "pos": "V",
                    "epos": "V"
                  }
                },
                {
                  "node": "d",
                  "type": "line-start",
                  "ref": "P334341.32",
                  "n": "15",
                  "label": "r.e. 15"
                },
                {
                  "node": "l",
                  "frag": "⸢x⸣+[x",
                  "id": "P334341.l013bb",
                  "ref": "P334341.32.1",
                  "inst": "u",
                  "f": {
                    "lang": "akk-x-neoass",
                    "form": "x+x",
                    "pos": "u"
                  }
                },
                {
                  "node": "l",
                  "frag": "x]+⸢x⸣",
                  "id": "P334341.l013bc",
                  "ref": "P334341.32.2",
                  "inst": "u",
                  "f": {
                    "lang": "akk-x-neoass",
                    "form": "x+x",
                    "pos": "u"
                  }
                },
                {
                  "node": "l",
                  "frag": "zu",
                  "id": "P334341.l013bd",
                  "ref": "P334341.32.3",
                  "inst": "u",
                  "f": {
                    "lang": "akk-x-neoass",
                    "form": "zu",
                    "pos": "u"
                  }
                },
                {
                  "node": "l",
                  "frag": "x",
                  "id": "P334341.l013be",
                  "ref": "P334341.32.4",
                  "inst": "u",
                  "f": {
                    "lang": "akk-x-neoass",
                    "form": "x",
                    "pos": "u"
                  }
                },
                {
                  "node": "d",
                  "type": "line-start",
                  "ref": "P334341.33",
                  "n": "16",
                  "label": "r.e. 16"
                },
                {
                  "node": "l",
                  "frag": "[x]+⸢x",
                  "id": "P334341.l013bf",
                  "ref": "P334341.33.1",
                  "inst": "u",
                  "f": {
                    "lang": "akk-x-neoass",
                    "form": "x+x",
                    "pos": "u"
                  }
                },
                {
                  "node": "l",
                  "frag": "x⸣",
                  "id": "P334341.l013c0",
                  "ref": "P334341.33.2",
                  "inst": "u",
                  "f": {
                    "lang": "akk-x-neoass",
                    "form": "x",
                    "pos": "u"
                  }
                }
              ]
            }
          ]
        }
      ]
    }
  ]
}
