{
  "type": "cdl",
  "source": "http://oracc.org/rinap/scores",
  "license": "This data is released under the CC0 license",
  "license-url": "https://creativecommons.org/publicdomain/zero/1.0/",
  "more-info": "http://oracc.org/doc/opendata/",
  "UTC-timestamp": "2017-06-10T00:22:29",
  "project": "rinap/scores",
  "textid": "Q003288",
  "cdl": [
    {
      "node": "c",
      "type": "text",
      "id": "Q003288.U0",
      "cdl": [
        {
          "node": "d",
          "type": "object",
          "ref": ""
        },
        {
          "node": "d",
          "type": "surface",
          "ref": ""
        },
        {
          "node": "d",
          "subtype": "column 1",
          "type": "column",
          "ref": "Q003288.i.1",
          "n": "1",
          "label": "i"
        },
        {
          "node": "c",
          "type": "discourse",
          "subtype": "body",
          "id": "Q003288.U1",
          "cdl": [
            {
              "node": "c",
              "type": "sentence",
              "id": "Q003288.U2",
              "cdl": [
                {
                  "node": "d",
                  "type": "line-start",
                  "ref": "Q003288.2"
                },
                {
                  "node": "d",
                  "type": "line-start",
                  "ref": "Q003288.2l",
                  "n": "1",
                  "label": "i 1",
                  "score-block-ref": "sb.Q003288.2"
                },
                {
                  "node": "l",
                  "frag": "{[m}AN].ŠAR₂-ŠEŠ-SUM.NA",
                  "id": "Q003288.l2ce86",
                  "ref": "Q003288.2.1",
                  "inst": "%akk:{m}AN.ŠAR₂-ŠEŠ-SUM.NA=",
                  "f": {
                    "lang": "akk",
                    "form": "{m}AN.ŠAR₂-ŠEŠ-SUM.NA"
                  }
                },
                {
                  "node": "d",
                  "type": "line-start",
                  "ref": "Q003288.3"
                },
                {
                  "node": "d",
                  "type": "line-start",
                  "ref": "Q003288.3l",
                  "n": "2",
                  "label": "i 2",
                  "score-block-ref": "sb.Q003288.3"
                },
                {
                  "node": "l",
                  "frag": "⸢LUGAL⸣",
                  "id": "Q003288.l2ce8c",
                  "ref": "Q003288.3.1",
                  "inst": "%akk:LUGAL=",
                  "f": {
                    "lang": "akk",
                    "form": "LUGAL"
                  }
                },
                {
                  "node": "l",
                  "frag": "KIŠ",
                  "id": "Q003288.l2ce8d",
                  "ref": "Q003288.3.2",
                  "inst": "%akk:KIŠ=",
                  "f": {
                    "lang": "akk",
                    "form": "KIŠ"
                  }
                },
                {
                  "node": "l",
                  "frag": "LUGAL",
                  "id": "Q003288.l2ce8e",
                  "ref": "Q003288.3.3",
                  "inst": "%akk:LUGAL=",
                  "f": {
                    "lang": "akk",
                    "form": "LUGAL"
                  }
                },
                {
                  "node": "l",
                  "frag": "KUR",
                  "id": "Q003288.l2ce8f",
                  "ref": "Q003288.3.4",
                  "inst": "%akk:KUR=",
                  "f": {
                    "lang": "akk",
                    "form": "KUR"
                  }
                },
                {
                  "node": "l",
                  "frag": "aš-šur{ki}",
                  "id": "Q003288.l2ce90",
                  "ref": "Q003288.3.5",
                  "inst": "%akk:aš-šur{KI}=",
                  "f": {
                    "lang": "akk",
                    "form": "aš-šur{KI}"
                  }
                },
                {
                  "node": "d",
                  "type": "line-start",
                  "ref": "Q003288.4"
                },
                {
                  "node": "d",
                  "type": "line-start",
                  "ref": "Q003288.4l",
                  "n": "3",
                  "label": "i 3",
                  "score-block-ref": "sb.Q003288.4"
                },
                {
                  "node": "l",
                  "frag": "⸢NUN⸣",
                  "id": "Q003288.l2ce9b",
                  "ref": "Q003288.4.1",
                  "inst": "%akk:NUN=",
                  "f": {
                    "lang": "akk",
                    "form": "NUN"
                  }
                },
                {
                  "node": "l",
                  "frag": "na-aʾ-du",
                  "id": "Q003288.l2ce9c",
                  "ref": "Q003288.4.2",
                  "inst": "%akk:na-aʾ-du=",
                  "f": {
                    "lang": "akk",
                    "form": "na-aʾ-du"
                  }
                },
                {
                  "node": "d",
                  "type": "line-start",
                  "ref": "Q003288.5"
                },
                {
                  "node": "d",
                  "type": "line-start",
                  "ref": "Q003288.5l",
                  "n": "4",
                  "label": "i 4",
                  "score-block-ref": "sb.Q003288.5"
                },
                {
                  "node": "l",
                  "frag": "⸢na⸣-ram",
                  "id": "Q003288.l2cea1",
                  "ref": "Q003288.5.1",
                  "inst": "%akk:na-ram=",
                  "f": {
                    "lang": "akk",
                    "form": "na-ram"
                  }
                },
                {
                  "node": "l",
                  "frag": "AN.ŠAR₂",
                  "id": "Q003288.l2cea2",
                  "ref": "Q003288.5.2",
                  "inst": "%akk:AN.ŠAR₂=",
                  "f": {
                    "lang": "akk",
                    "form": "AN.ŠAR₂"
                  }
                },
                {
                  "node": "l",
                  "frag": "u",
                  "id": "Q003288.l2cea3",
                  "ref": "Q003288.5.3",
                  "inst": "%akk:u=",
                  "f": {
                    "lang": "akk",
                    "form": "u"
                  }
                },
                {
                  "node": "l",
                  "frag": "{d}NIN.LIL₂",
                  "id": "Q003288.l2cea4",
                  "ref": "Q003288.5.4",
                  "inst": "%akk:{d}NIN.LIL₂=",
                  "f": {
                    "lang": "akk",
                    "form": "{d}NIN.LIL₂"
                  }
                },
                {
                  "node": "d",
                  "type": "line-start",
                  "ref": "Q003288.6"
                },
                {
                  "node": "d",
                  "type": "line-start",
                  "ref": "Q003288.6l",
                  "n": "5",
                  "label": "i 5",
                  "score-block-ref": "sb.Q003288.6"
                },
                {
                  "node": "l",
                  "frag": "ša₂",
                  "id": "Q003288.l2cead",
                  "ref": "Q003288.6.1",
                  "inst": "%akk:ša₂=",
                  "f": {
                    "lang": "akk",
                    "form": "ša₂"
                  }
                },
                {
                  "node": "l",
                  "frag": "ṣu-lu-ul-ku-nu",
                  "id": "Q003288.l2ceae",
                  "ref": "Q003288.6.2",
                  "inst": "%akk:ṣu-lu-ul-ku-nu=",
                  "f": {
                    "lang": "akk",
                    "form": "ṣu-lu-ul-ku-nu"
                  }
                },
                {
                  "node": "d",
                  "type": "line-start",
                  "ref": "Q003288.7"
                },
                {
                  "node": "d",
                  "type": "line-start",
                  "ref": "Q003288.7l",
                  "n": "6",
                  "label": "i 6",
                  "score-block-ref": "sb.Q003288.7"
                },
                {
                  "node": "l",
                  "frag": "UGU-šu₂",
                  "id": "Q003288.l2ceb3",
                  "ref": "Q003288.7.1",
                  "inst": "%akk:UGU-šu₂=",
                  "f": {
                    "lang": "akk",
                    "form": "UGU-šu₂"
                  }
                },
                {
                  "node": "l",
                  "frag": "taš-ku-nu-ma",
                  "id": "Q003288.l2ceb4",
                  "ref": "Q003288.7.2",
                  "inst": "%akk:taš-ku-nu-ma=",
                  "f": {
                    "lang": "akk",
                    "form": "taš-ku-nu-ma"
                  }
                },
                {
                  "node": "d",
                  "type": "line-start",
                  "ref": "Q003288.8"
                },
                {
                  "node": "d",
                  "type": "line-start",
                  "ref": "Q003288.8l",
                  "n": "7",
                  "label": "i 7",
                  "score-block-ref": "sb.Q003288.8"
                },
                {
                  "node": "l",
                  "frag": "tan-ṣu-ru-šu₂",
                  "id": "Q003288.l2ceb9",
                  "ref": "Q003288.8.1",
                  "inst": "%akk:tan-ṣu-ru-šu₂=",
                  "f": {
                    "lang": "akk",
                    "form": "tan-ṣu-ru-šu₂"
                  }
                },
                {
                  "node": "l",
                  "frag": "ana",
                  "id": "Q003288.l2ceba",
                  "ref": "Q003288.8.2",
                  "inst": "%akk:ana=",
                  "f": {
                    "lang": "akk",
                    "form": "ana"
                  }
                },
                {
                  "node": "l",
                  "frag": "LUGAL-ti",
                  "id": "Q003288.l2cebb",
                  "ref": "Q003288.8.3",
                  "inst": "%akk:LUGAL-ti=",
                  "f": {
                    "lang": "akk",
                    "form": "LUGAL-ti"
                  }
                },
                {
                  "node": "d",
                  "type": "line-start",
                  "ref": "Q003288.9"
                },
                {
                  "node": "d",
                  "type": "line-start",
                  "ref": "Q003288.9l",
                  "n": "8",
                  "label": "i 8",
                  "score-block-ref": "sb.Q003288.9"
                },
                {
                  "node": "l",
                  "frag": "gi-mir",
                  "id": "Q003288.l2cec2",
                  "ref": "Q003288.9.1",
                  "inst": "%akk:gi-mir=",
                  "f": {
                    "lang": "akk",
                    "form": "gi-mir"
                  }
                },
                {
                  "node": "l",
                  "frag": "za-ma-ni-šu₂",
                  "id": "Q003288.l2cec3",
                  "ref": "Q003288.9.2",
                  "inst": "%akk:za-ma-ni-šu₂=",
                  "f": {
                    "lang": "akk",
                    "form": "za-ma-ni-šu₂"
                  }
                },
                {
                  "node": "d",
                  "type": "line-start",
                  "ref": "Q003288.10"
                },
                {
                  "node": "d",
                  "type": "line-start",
                  "ref": "Q003288.10l",
                  "n": "9",
                  "label": "i 9",
                  "score-block-ref": "sb.Q003288.10"
                },
                {
                  "node": "l",
                  "frag": "ta-na-ru-ma",
                  "id": "Q003288.l2cec8",
                  "ref": "Q003288.10.1",
                  "inst": "%akk:ta-na-ru-ma=",
                  "f": {
                    "lang": "akk",
                    "form": "ta-na-ru-ma"
                  }
                },
                {
                  "node": "d",
                  "type": "line-start",
                  "ref": "Q003288.11"
                },
                {
                  "node": "d",
                  "type": "line-start",
                  "ref": "Q003288.11l",
                  "n": "10",
                  "label": "i 10",
                  "score-block-ref": "sb.Q003288.11"
                },
                {
                  "node": "l",
                  "frag": "⸢tu⸣-šak-ši-du",
                  "id": "Q003288.l2cecb",
                  "ref": "Q003288.11.1",
                  "inst": "%akk:tu-šak-ši-du=",
                  "f": {
                    "lang": "akk",
                    "form": "tu-šak-ši-du"
                  }
                },
                {
                  "node": "l",
                  "frag": "ni-iz-ma-su",
                  "id": "Q003288.l2cecc",
                  "ref": "Q003288.11.2",
                  "inst": "%akk:ni-iz-ma-su=",
                  "f": {
                    "lang": "akk",
                    "form": "ni-iz-ma-su"
                  }
                },
                {
                  "node": "d",
                  "type": "line-start",
                  "ref": "Q003288.12"
                },
                {
                  "node": "d",
                  "type": "line-start",
                  "ref": "Q003288.12l",
                  "n": "11",
                  "label": "i 11",
                  "score-block-ref": "sb.Q003288.12"
                },
                {
                  "node": "l",
                  "frag": "ina",
                  "id": "Q003288.l2ced1",
                  "ref": "Q003288.12.1",
                  "inst": "%akk:ina=",
                  "f": {
                    "lang": "akk",
                    "form": "ina"
                  }
                },
                {
                  "node": "l",
                  "frag": "{giš}GU.ZA",
                  "id": "Q003288.l2ced2",
                  "ref": "Q003288.12.2",
                  "inst": "%akk:{GIŠ}GU.ZA=",
                  "f": {
                    "lang": "akk",
                    "form": "{GIŠ}GU.ZA"
                  }
                },
                {
                  "node": "l",
                  "frag": "AD-šu₂",
                  "id": "Q003288.l2ced3",
                  "ref": "Q003288.12.3",
                  "inst": "%akk:AD-šu₂=",
                  "f": {
                    "lang": "akk",
                    "form": "AD-šu₂"
                  }
                },
                {
                  "node": "d",
                  "type": "line-start",
                  "ref": "Q003288.13"
                },
                {
                  "node": "d",
                  "type": "line-start",
                  "ref": "Q003288.13l",
                  "n": "12",
                  "label": "i 12",
                  "score-block-ref": "sb.Q003288.13"
                },
                {
                  "node": "l",
                  "frag": "ra-biš",
                  "id": "Q003288.l2ceda",
                  "ref": "Q003288.13.1",
                  "inst": "%akk:ra-biš=",
                  "f": {
                    "lang": "akk",
                    "form": "ra-biš"
                  }
                },
                {
                  "node": "l",
                  "frag": "tu-še-ši-bu-šu₂-ma",
                  "id": "Q003288.l2cedb",
                  "ref": "Q003288.13.2",
                  "inst": "%akk:tu-še-ši-bu-šu₂-ma=",
                  "f": {
                    "lang": "akk",
                    "form": "tu-še-ši-bu-šu₂-ma"
                  }
                },
                {
                  "node": "d",
                  "type": "line-start",
                  "ref": "Q003288.14"
                },
                {
                  "node": "d",
                  "type": "line-start",
                  "ref": "Q003288.14l",
                  "n": "13",
                  "label": "i 13",
                  "score-block-ref": "sb.Q003288.14"
                },
                {
                  "node": "l",
                  "frag": "be-lu-ut",
                  "id": "Q003288.l2cee0",
                  "ref": "Q003288.14.1",
                  "inst": "%akk:be-lu-ut=",
                  "f": {
                    "lang": "akk",
                    "form": "be-lu-ut"
                  }
                },
                {
                  "node": "l",
                  "frag": "KUR.KUR",
                  "id": "Q003288.l2cee1",
                  "ref": "Q003288.14.2",
                  "inst": "%akk:KUR.KUR=",
                  "f": {
                    "lang": "akk",
                    "form": "KUR.KUR"
                  }
                },
                {
                  "node": "d",
                  "type": "line-start",
                  "ref": "Q003288.15"
                },
                {
                  "node": "d",
                  "type": "line-start",
                  "ref": "Q003288.15l",
                  "n": "14",
                  "label": "i 14",
                  "score-block-ref": "sb.Q003288.15"
                },
                {
                  "node": "l",
                  "frag": "⸢tu⸣-šad-gi-lu",
                  "id": "Q003288.l2cee6",
                  "ref": "Q003288.15.1",
                  "inst": "%akk:tu-šad-gi-lu=",
                  "f": {
                    "lang": "akk",
                    "form": "tu-šad-gi-lu"
                  }
                },
                {
                  "node": "l",
                  "frag": "pa-nu-uš-šu₂",
                  "id": "Q003288.l2cee7",
                  "ref": "Q003288.15.2",
                  "inst": "%akk:pa-nu-uš-šu₂=",
                  "f": {
                    "lang": "akk",
                    "form": "pa-nu-uš-šu₂"
                  }
                },
                {
                  "node": "d",
                  "type": "line-start",
                  "ref": "Q003288.16"
                },
                {
                  "node": "d",
                  "type": "line-start",
                  "ref": "Q003288.16l",
                  "n": "15",
                  "label": "i 15",
                  "score-block-ref": "sb.Q003288.16"
                },
                {
                  "node": "l",
                  "frag": "DUMU",
                  "id": "Q003288.l2ceed",
                  "ref": "Q003288.16.1",
                  "inst": "%akk:DUMU=",
                  "f": {
                    "lang": "akk",
                    "form": "DUMU"
                  }
                },
                {
                  "node": "l",
                  "frag": "{m}{d}30-PAP.MEŠ-SU",
                  "id": "Q003288.l2ceee",
                  "ref": "Q003288.16.2",
                  "inst": "%akk:{m}{d}30-PAP.MEŠ-SU=",
                  "f": {
                    "lang": "akk",
                    "form": "{m}{d}30-PAP.MEŠ-SU"
                  }
                },
                {
                  "node": "d",
                  "type": "line-start",
                  "ref": "Q003288.17"
                },
                {
                  "node": "d",
                  "type": "line-start",
                  "ref": "Q003288.17l",
                  "n": "16",
                  "label": "i 16",
                  "score-block-ref": "sb.Q003288.17"
                },
                {
                  "node": "l",
                  "frag": "LUGAL",
                  "id": "Q003288.l2cef3",
                  "ref": "Q003288.17.1",
                  "inst": "%akk:LUGAL=",
                  "f": {
                    "lang": "akk",
                    "form": "LUGAL"
                  }
                },
                {
                  "node": "l",
                  "frag": "KIŠ",
                  "id": "Q003288.l2cef4",
                  "ref": "Q003288.17.2",
                  "inst": "%akk:KIŠ=",
                  "f": {
                    "lang": "akk",
                    "form": "KIŠ"
                  }
                },
                {
                  "node": "l",
                  "frag": "LUGAL",
                  "id": "Q003288.l2cef5",
                  "ref": "Q003288.17.3",
                  "inst": "%akk:LUGAL=",
                  "f": {
                    "lang": "akk",
                    "form": "LUGAL"
                  }
                },
                {
                  "node": "l",
                  "frag": "KUR",
                  "id": "Q003288.l2cef6",
                  "ref": "Q003288.17.4",
                  "inst": "%akk:KUR=",
                  "f": {
                    "lang": "akk",
                    "form": "KUR"
                  }
                },
                {
                  "node": "l",
                  "frag": "aš-šur",
                  "id": "Q003288.l2cef7",
                  "ref": "Q003288.17.5",
                  "inst": "%akk:aš-šur=",
                  "f": {
                    "lang": "akk",
                    "form": "aš-šur"
                  }
                },
                {
                  "node": "d",
                  "type": "line-start",
                  "ref": "Q003288.18"
                },
                {
                  "node": "d",
                  "type": "line-start",
                  "ref": "Q003288.18l",
                  "n": "17",
                  "label": "i 17",
                  "score-block-ref": "sb.Q003288.18"
                },
                {
                  "node": "l",
                  "frag": "DUMU",
                  "id": "Q003288.l2cf02",
                  "ref": "Q003288.18.1",
                  "inst": "%akk:DUMU=",
                  "f": {
                    "lang": "akk",
                    "form": "DUMU"
                  }
                },
                {
                  "node": "l",
                  "frag": "LUGAL-GI.NA",
                  "id": "Q003288.l2cf03",
                  "ref": "Q003288.18.2",
                  "inst": "%akk:LUGAL-GI.NA=",
                  "f": {
                    "lang": "akk",
                    "form": "LUGAL-GI.NA"
                  }
                },
                {
                  "node": "l",
                  "frag": "LUGAL",
                  "id": "Q003288.l2cf04",
                  "ref": "Q003288.18.3",
                  "inst": "%akk:LUGAL=",
                  "f": {
                    "lang": "akk",
                    "form": "LUGAL"
                  }
                },
                {
                  "node": "l",
                  "frag": "KIŠ",
                  "id": "Q003288.l2cf05",
                  "ref": "Q003288.18.4",
                  "inst": "%akk:KIŠ=",
                  "f": {
                    "lang": "akk",
                    "form": "KIŠ"
                  }
                },
                {
                  "node": "d",
                  "type": "line-start",
                  "ref": "Q003288.19"
                },
                {
                  "node": "d",
                  "type": "line-start",
                  "ref": "Q003288.19l",
                  "n": "18",
                  "label": "i 18",
                  "score-block-ref": "sb.Q003288.19"
                },
                {
                  "node": "l",
                  "frag": "LUGAL",
                  "id": "Q003288.l2cf0e",
                  "ref": "Q003288.19.1",
                  "inst": "%akk:LUGAL=",
                  "f": {
                    "lang": "akk",
                    "form": "LUGAL"
                  }
                },
                {
                  "node": "l",
                  "frag": "KUR",
                  "id": "Q003288.l2cf0f",
                  "ref": "Q003288.19.2",
                  "inst": "%akk:KUR=",
                  "f": {
                    "lang": "akk",
                    "form": "KUR"
                  }
                },
                {
                  "node": "l",
                  "frag": "aš-šur-ma",
                  "id": "Q003288.l2cf10",
                  "ref": "Q003288.19.3",
                  "inst": "%akk:aš-šur-ma=",
                  "f": {
                    "lang": "akk",
                    "form": "aš-šur-ma"
                  }
                },
                {
                  "node": "d",
                  "type": "line-start",
                  "ref": "Q003288.20"
                },
                {
                  "node": "d",
                  "type": "line-start",
                  "ref": "Q003288.20l",
                  "n": "19",
                  "label": "i 19",
                  "score-block-ref": "sb.Q003288.20"
                },
                {
                  "node": "l",
                  "frag": "E₂",
                  "id": "Q003288.l2cf17",
                  "ref": "Q003288.20.1",
                  "inst": "%akk:E₂=",
                  "f": {
                    "lang": "akk",
                    "form": "E₂"
                  }
                },
                {
                  "node": "l",
                  "frag": "AN.ŠAR₂",
                  "id": "Q003288.l2cf18",
                  "ref": "Q003288.20.2",
                  "inst": "%akk:AN.ŠAR₂=",
                  "f": {
                    "lang": "akk",
                    "form": "AN.ŠAR₂"
                  }
                },
                {
                  "node": "l",
                  "frag": "mah-ru-u₂",
                  "id": "Q003288.l2cf19",
                  "ref": "Q003288.20.3",
                  "inst": "%akk:mah-ru-u₂=",
                  "f": {
                    "lang": "akk",
                    "form": "mah-ru-u₂"
                  }
                },
                {
                  "node": "d",
                  "type": "line-start",
                  "ref": "Q003288.21"
                },
                {
                  "node": "d",
                  "type": "line-start",
                  "ref": "Q003288.21l",
                  "n": "20",
                  "label": "i 20",
                  "score-block-ref": "sb.Q003288.21"
                },
                {
                  "node": "l",
                  "frag": "ša₂",
                  "id": "Q003288.l2cf20",
                  "ref": "Q003288.21.1",
                  "inst": "%akk:ša₂=",
                  "f": {
                    "lang": "akk",
                    "form": "ša₂"
                  }
                },
                {
                  "node": "l",
                  "frag": "{m}šul₃-ma-nu-a-ša₂-re-di",
                  "id": "Q003288.l2cf21",
                  "ref": "Q003288.21.2",
                  "inst": "%akk:{m}šul₃-ma-nu-a-ša₂-re-di=",
                  "f": {
                    "lang": "akk",
                    "form": "{m}šul₃-ma-nu-a-ša₂-re-di"
                  }
                },
                {
                  "node": "d",
                  "type": "line-start",
                  "ref": "Q003288.22"
                },
                {
                  "node": "d",
                  "type": "line-start",
                  "ref": "Q003288.22l",
                  "n": "21",
                  "label": "i 21",
                  "score-block-ref": "sb.Q003288.22"
                },
                {
                  "node": "l",
                  "frag": "A",
                  "id": "Q003288.l2cf26",
                  "ref": "Q003288.22.1",
                  "inst": "%akk:A=",
                  "f": {
                    "lang": "akk",
                    "form": "A"
                  }
                },
                {
                  "node": "l",
                  "frag": "{m}10-ERIM.TAH₂",
                  "id": "Q003288.l2cf27",
                  "ref": "Q003288.22.2",
                  "inst": "%akk:{m}10-ERIM.TAH₂=",
                  "f": {
                    "lang": "akk",
                    "form": "{m}10-ERIM.TAH₂"
                  }
                },
                {
                  "node": "l",
                  "frag": "LUGAL",
                  "id": "Q003288.l2cf28",
                  "ref": "Q003288.22.3",
                  "inst": "%akk:LUGAL=",
                  "f": {
                    "lang": "akk",
                    "form": "LUGAL"
                  }
                },
                {
                  "node": "l",
                  "frag": "KUR",
                  "id": "Q003288.l2cf29",
                  "ref": "Q003288.22.4",
                  "inst": "%akk:KUR=",
                  "f": {
                    "lang": "akk",
                    "form": "KUR"
                  }
                },
                {
                  "node": "l",
                  "frag": "aš-šur",
                  "id": "Q003288.l2cf2a",
                  "ref": "Q003288.22.5",
                  "inst": "%akk:aš-šur=",
                  "f": {
                    "lang": "akk",
                    "form": "aš-šur"
                  }
                },
                {
                  "node": "d",
                  "type": "line-start",
                  "ref": "Q003288.23"
                },
                {
                  "node": "d",
                  "type": "line-start",
                  "ref": "Q003288.23l",
                  "n": "22",
                  "label": "i 22",
                  "score-block-ref": "sb.Q003288.23"
                },
                {
                  "node": "l",
                  "frag": "NUN",
                  "id": "Q003288.l2cf36",
                  "ref": "Q003288.23.1",
                  "inst": "%akk:NUN=",
                  "f": {
                    "lang": "akk",
                    "form": "NUN"
                  }
                },
                {
                  "node": "l",
                  "frag": "a-lik",
                  "id": "Q003288.l2cf37",
                  "ref": "Q003288.23.2",
                  "inst": "%akk:a-lik=",
                  "f": {
                    "lang": "akk",
                    "form": "a-lik"
                  }
                },
                {
                  "node": "l",
                  "frag": "IGI-ia",
                  "id": "Q003288.l2cf38",
                  "ref": "Q003288.23.3",
                  "inst": "%akk:IGI-ia=",
                  "f": {
                    "lang": "akk",
                    "form": "IGI-ia"
                  }
                },
                {
                  "node": "l",
                  "frag": "e-pu-šu₂",
                  "id": "Q003288.l2cf39",
                  "ref": "Q003288.23.4",
                  "inst": "%akk:e-pu-šu₂=",
                  "f": {
                    "lang": "akk",
                    "form": "e-pu-šu₂"
                  }
                },
                {
                  "node": "d",
                  "type": "line-start",
                  "ref": "Q003288.24"
                },
                {
                  "node": "d",
                  "type": "line-start",
                  "ref": "Q003288.24l",
                  "n": "23",
                  "label": "i 23",
                  "score-block-ref": "sb.Q003288.24"
                },
                {
                  "node": "l",
                  "frag": "[e]-na-ah-ma",
                  "id": "Q003288.l2cf43",
                  "ref": "Q003288.24.1",
                  "inst": "%akk:e-na-ah-ma=",
                  "f": {
                    "lang": "akk",
                    "form": "e-na-ah-ma"
                  }
                },
                {
                  "node": "d",
                  "type": "line-start",
                  "ref": "Q003288.25"
                },
                {
                  "node": "d",
                  "type": "line-start",
                  "ref": "Q003288.25l",
                  "n": "24",
                  "label": "i 24",
                  "score-block-ref": "sb.Q003288.25"
                },
                {
                  "node": "l",
                  "frag": "9",
                  "id": "Q003288.l2cf46",
                  "ref": "Q003288.25.1",
                  "inst": "%akk:9=",
                  "f": {
                    "lang": "akk",
                    "form": "9"
                  }
                },
                {
                  "node": "l",
                  "frag": "UŠ",
                  "id": "Q003288.l2cf47",
                  "ref": "Q003288.25.2",
                  "inst": "%akk:UŠ=",
                  "f": {
                    "lang": "akk",
                    "form": "UŠ"
                  }
                },
                {
                  "node": "l",
                  "frag": "46",
                  "id": "Q003288.l2cf48",
                  "ref": "Q003288.25.3",
                  "inst": "%akk:46=",
                  "f": {
                    "lang": "akk",
                    "form": "46"
                  }
                },
                {
                  "node": "l",
                  "frag": "MU.AN.NA.MEŠ",
                  "id": "Q003288.l2cf49",
                  "ref": "Q003288.25.4",
                  "inst": "%akk:MU.AN.NA.MEŠ=",
                  "f": {
                    "lang": "akk",
                    "form": "MU.AN.NA.MEŠ"
                  }
                },
                {
                  "node": "d",
                  "type": "line-start",
                  "ref": "Q003288.26"
                },
                {
                  "node": "d",
                  "type": "line-start",
                  "ref": "Q003288.26l",
                  "n": "25",
                  "label": "i 25",
                  "score-block-ref": "sb.Q003288.26"
                },
                {
                  "node": "l",
                  "frag": "il-li-ik-ma",
                  "id": "Q003288.l2cf52",
                  "ref": "Q003288.26.1",
                  "inst": "%akk:il-li-ik-ma=",
                  "f": {
                    "lang": "akk",
                    "form": "il-li-ik-ma"
                  }
                },
                {
                  "node": "d",
                  "subtype": "column 2",
                  "type": "column",
                  "ref": "Q003288.ii.27",
                  "n": "2",
                  "label": "ii"
                },
                {
                  "node": "d",
                  "type": "line-start",
                  "ref": "Q003288.28"
                },
                {
                  "node": "d",
                  "type": "line-start",
                  "ref": "Q003288.28l",
                  "n": "1",
                  "label": "ii 1",
                  "score-block-ref": "sb.Q003288.28"
                },
                {
                  "node": "l",
                  "frag": "e-na-ah-ma",
                  "id": "Q003288.l2cf54",
                  "ref": "Q003288.28.1",
                  "inst": "%akk:e-na-ah-ma=",
                  "f": {
                    "lang": "akk",
                    "form": "e-na-ah-ma"
                  }
                },
                {
                  "node": "d",
                  "type": "line-start",
                  "ref": "Q003288.29"
                },
                {
                  "node": "d",
                  "type": "line-start",
                  "ref": "Q003288.29l",
                  "n": "2",
                  "label": "ii 2",
                  "score-block-ref": "sb.Q003288.29"
                },
                {
                  "node": "l",
                  "frag": "E₂",
                  "id": "Q003288.l2cf58",
                  "ref": "Q003288.29.1",
                  "inst": "%akk:E₂=",
                  "f": {
                    "lang": "akk",
                    "form": "E₂"
                  }
                },
                {
                  "node": "l",
                  "frag": "šu₂-a-tu₂",
                  "id": "Q003288.l2cf59",
                  "ref": "Q003288.29.2",
                  "inst": "%akk:šu₂-a-tu₂=",
                  "f": {
                    "lang": "akk",
                    "form": "šu₂-a-tu₂"
                  }
                },
                {
                  "node": "d",
                  "type": "line-start",
                  "ref": "Q003288.30"
                },
                {
                  "node": "d",
                  "type": "line-start",
                  "ref": "Q003288.30l",
                  "n": "3",
                  "label": "ii 3",
                  "score-block-ref": "sb.Q003288.30"
                },
                {
                  "node": "l",
                  "frag": "a-šar",
                  "id": "Q003288.l2cf5e",
                  "ref": "Q003288.30.1",
                  "inst": "%akk:a-šar=",
                  "f": {
                    "lang": "akk",
                    "form": "a-šar"
                  }
                },
                {
                  "node": "l",
                  "frag": "maš-kan₂-šu₂",
                  "id": "Q003288.l2cf5f",
                  "ref": "Q003288.30.2",
                  "inst": "%akk:maš-kan₂-šu₂=",
                  "f": {
                    "lang": "akk",
                    "form": "maš-kan₂-šu₂"
                  }
                },
                {
                  "node": "d",
                  "type": "line-start",
                  "ref": "Q003288.31"
                },
                {
                  "node": "d",
                  "type": "line-start",
                  "ref": "Q003288.31l",
                  "n": "4",
                  "label": "ii 4",
                  "score-block-ref": "sb.Q003288.31"
                },
                {
                  "node": "l",
                  "frag": "ul",
                  "id": "Q003288.l2cf65",
                  "ref": "Q003288.31.1",
                  "inst": "%akk:ul=",
                  "f": {
                    "lang": "akk",
                    "form": "ul"
                  }
                },
                {
                  "node": "l",
                  "frag": "u₂-ša₂-an-ni-ma",
                  "id": "Q003288.l2cf66",
                  "ref": "Q003288.31.2",
                  "inst": "%akk:u₂-ša₂-an-ni-ma=",
                  "f": {
                    "lang": "akk",
                    "form": "u₂-ša₂-an-ni-ma"
                  }
                },
                {
                  "node": "d",
                  "type": "line-start",
                  "ref": "Q003288.32"
                },
                {
                  "node": "d",
                  "type": "line-start",
                  "ref": "Q003288.32l",
                  "n": "5",
                  "label": "ii 5",
                  "score-block-ref": "sb.Q003288.32"
                },
                {
                  "node": "l",
                  "frag": "ṣe-er",
                  "id": "Q003288.l2cf6b",
                  "ref": "Q003288.32.1",
                  "inst": "%akk:ṣe-er=",
                  "f": {
                    "lang": "akk",
                    "form": "ṣe-er"
                  }
                },
                {
                  "node": "l",
                  "frag": "KU₃.GI",
                  "id": "Q003288.l2cf6c",
                  "ref": "Q003288.32.2",
                  "inst": "%akk:KU₃.GI=",
                  "f": {
                    "lang": "akk",
                    "form": "KU₃.GI"
                  }
                },
                {
                  "node": "l",
                  "frag": "KU₃.BABBAR",
                  "id": "Q003288.l2cf6d",
                  "ref": "Q003288.32.3",
                  "inst": "%akk:KU₃.BABBAR=",
                  "f": {
                    "lang": "akk",
                    "form": "KU₃.BABBAR"
                  }
                },
                {
                  "node": "d",
                  "type": "line-start",
                  "ref": "Q003288.33"
                },
                {
                  "node": "d",
                  "type": "line-start",
                  "ref": "Q003288.33l",
                  "n": "6",
                  "label": "ii 6",
                  "score-block-ref": "sb.Q003288.33"
                },
                {
                  "node": "l",
                  "frag": "NA₄.MEŠ",
                  "id": "Q003288.l2cf75",
                  "ref": "Q003288.33.1",
                  "inst": "%akk:NA₄.MEŠ=",
                  "f": {
                    "lang": "akk",
                    "form": "NA₄.MEŠ"
                  }
                },
                {
                  "node": "l",
                  "frag": "ni-siq-ti",
                  "id": "Q003288.l2cf76",
                  "ref": "Q003288.33.2",
                  "inst": "%akk:ni-siq-ti=",
                  "f": {
                    "lang": "akk",
                    "form": "ni-siq-ti"
                  }
                },
                {
                  "node": "d",
                  "type": "line-start",
                  "ref": "Q003288.34"
                },
                {
                  "node": "d",
                  "type": "line-start",
                  "ref": "Q003288.34l",
                  "n": "7",
                  "label": "ii 7",
                  "score-block-ref": "sb.Q003288.34"
                },
                {
                  "node": "l",
                  "frag": "ŠIM.MEŠ",
                  "id": "Q003288.l2cf7e",
                  "ref": "Q003288.34.1",
                  "inst": "%akk:ŠIM.MEŠ=",
                  "f": {
                    "lang": "akk",
                    "form": "ŠIM.MEŠ"
                  }
                },
                {
                  "node": "l",
                  "frag": "I₃.GIŠ",
                  "id": "Q003288.l2cf7f",
                  "ref": "Q003288.34.2",
                  "inst": "%akk:I₃.GIŠ=",
                  "f": {
                    "lang": "akk",
                    "form": "I₃.GIŠ"
                  }
                },
                {
                  "node": "l",
                  "frag": "HA.ŠUR",
                  "id": "Q003288.l2cf80",
                  "ref": "Q003288.34.3",
                  "inst": "%akk:HA.ŠUR=",
                  "f": {
                    "lang": "akk",
                    "form": "HA.ŠUR"
                  }
                },
                {
                  "node": "d",
                  "type": "line-start",
                  "ref": "Q003288.35"
                },
                {
                  "node": "d",
                  "type": "line-start",
                  "ref": "Q003288.35l",
                  "n": "8",
                  "label": "ii 8",
                  "score-block-ref": "sb.Q003288.35"
                },
                {
                  "node": "l",
                  "frag": "uš-ši-šu₂",
                  "id": "Q003288.l2cf8f",
                  "ref": "Q003288.35.1",
                  "inst": "%akk:uš-ši-šu₂=",
                  "f": {
                    "lang": "akk",
                    "form": "uš-ši-šu₂"
                  }
                },
                {
                  "node": "l",
                  "frag": "ad-di-ma",
                  "id": "Q003288.l2cf90",
                  "ref": "Q003288.35.2",
                  "inst": "%akk:ad-di-ma=",
                  "f": {
                    "lang": "akk",
                    "form": "ad-di-ma"
                  }
                },
                {
                  "node": "d",
                  "type": "line-start",
                  "ref": "Q003288.36"
                },
                {
                  "node": "d",
                  "type": "line-start",
                  "ref": "Q003288.36l",
                  "n": "9",
                  "label": "ii 9",
                  "score-block-ref": "sb.Q003288.36"
                },
                {
                  "node": "l",
                  "frag": "u₂-kin",
                  "id": "Q003288.l2cf97",
                  "ref": "Q003288.36.1",
                  "inst": "%akk:u₂-kin=",
                  "f": {
                    "lang": "akk",
                    "form": "u₂-kin"
                  }
                },
                {
                  "node": "l",
                  "frag": "lib-na-as-⸢su⸣",
                  "id": "Q003288.l2cf98",
                  "ref": "Q003288.36.2",
                  "inst": "%akk:lib-na-as-su=",
                  "f": {
                    "lang": "akk",
                    "form": "lib-na-as-su"
                  }
                },
                {
                  "node": "d",
                  "type": "line-start",
                  "ref": "Q003288.37"
                },
                {
                  "node": "d",
                  "type": "line-start",
                  "ref": "Q003288.37l",
                  "n": "10",
                  "label": "ii 10",
                  "score-block-ref": "sb.Q003288.37"
                },
                {
                  "node": "l",
                  "frag": "ar-ṣip",
                  "id": "Q003288.l2cf9e",
                  "ref": "Q003288.37.1",
                  "inst": "%akk:ar-ṣip=",
                  "f": {
                    "lang": "akk",
                    "form": "ar-ṣip"
                  }
                },
                {
                  "node": "l",
                  "frag": "u₂-šak-lil",
                  "id": "Q003288.l2cf9f",
                  "ref": "Q003288.37.2",
                  "inst": "%akk:u₂-šak-lil=",
                  "f": {
                    "lang": "akk",
                    "form": "u₂-šak-lil"
                  }
                },
                {
                  "node": "d",
                  "type": "line-start",
                  "ref": "Q003288.38"
                },
                {
                  "node": "d",
                  "type": "line-start",
                  "ref": "Q003288.38l",
                  "n": "11",
                  "label": "ii 11",
                  "score-block-ref": "sb.Q003288.38"
                },
                {
                  "node": "l",
                  "frag": "a-na",
                  "id": "Q003288.l2cfa4",
                  "ref": "Q003288.38.1",
                  "inst": "%akk:a-na=",
                  "f": {
                    "lang": "akk",
                    "form": "a-na"
                  }
                },
                {
                  "node": "l",
                  "frag": "tab-rat",
                  "id": "Q003288.l2cfa5",
                  "ref": "Q003288.38.2",
                  "inst": "%akk:tab-rat=",
                  "f": {
                    "lang": "akk",
                    "form": "tab-rat"
                  }
                },
                {
                  "node": "l",
                  "frag": "UN.MEŠ",
                  "id": "Q003288.l2cfa6",
                  "ref": "Q003288.38.3",
                  "inst": "%akk:UN.MEŠ=",
                  "f": {
                    "lang": "akk",
                    "form": "UN.MEŠ"
                  }
                },
                {
                  "node": "d",
                  "type": "line-start",
                  "ref": "Q003288.39"
                },
                {
                  "node": "d",
                  "type": "line-start",
                  "ref": "Q003288.39l",
                  "n": "12",
                  "label": "ii 12",
                  "score-block-ref": "sb.Q003288.39"
                },
                {
                  "node": "l",
                  "frag": "ma-aʾ-diš",
                  "id": "Q003288.l2cfad",
                  "ref": "Q003288.39.1",
                  "inst": "%akk:ma-aʾ-diš=",
                  "f": {
                    "lang": "akk",
                    "form": "ma-aʾ-diš"
                  }
                },
                {
                  "node": "l",
                  "frag": "u₂-ša₂-lik",
                  "id": "Q003288.l2cfae",
                  "ref": "Q003288.39.2",
                  "inst": "%akk:u₂-ša₂-lik=",
                  "f": {
                    "lang": "akk",
                    "form": "u₂-ša₂-lik"
                  }
                },
                {
                  "node": "d",
                  "type": "line-start",
                  "ref": "Q003288.40"
                },
                {
                  "node": "d",
                  "type": "line-start",
                  "ref": "Q003288.40l",
                  "n": "13",
                  "label": "ii 13",
                  "score-block-ref": "sb.Q003288.40"
                },
                {
                  "node": "l",
                  "frag": "a-na",
                  "id": "Q003288.l2cfb3",
                  "ref": "Q003288.40.1",
                  "inst": "%akk:a-na=",
                  "f": {
                    "lang": "akk",
                    "form": "a-na"
                  }
                },
                {
                  "node": "l",
                  "frag": "TI.LA-ia",
                  "id": "Q003288.l2cfb4",
                  "ref": "Q003288.40.2",
                  "inst": "%akk:TI.LA-ia=",
                  "f": {
                    "lang": "akk",
                    "form": "TI.LA-ia"
                  }
                },
                {
                  "node": "d",
                  "type": "line-start",
                  "ref": "Q003288.41"
                },
                {
                  "node": "d",
                  "type": "line-start",
                  "ref": "Q003288.41l",
                  "n": "14",
                  "label": "ii 14",
                  "score-block-ref": "sb.Q003288.41"
                },
                {
                  "node": "l",
                  "frag": "GID₂",
                  "id": "Q003288.l2cfb9",
                  "ref": "Q003288.41.1",
                  "inst": "%akk:GID₂=",
                  "f": {
                    "lang": "akk",
                    "form": "GID₂"
                  }
                },
                {
                  "node": "l",
                  "frag": "UD.MEŠ-ia",
                  "id": "Q003288.l2cfba",
                  "ref": "Q003288.41.2",
                  "inst": "%akk:UD.MEŠ-ia=",
                  "f": {
                    "lang": "akk",
                    "form": "UD.MEŠ-ia"
                  }
                },
                {
                  "node": "d",
                  "type": "line-start",
                  "ref": "Q003288.42"
                },
                {
                  "node": "d",
                  "type": "line-start",
                  "ref": "Q003288.42l",
                  "n": "15",
                  "label": "ii 15",
                  "score-block-ref": "sb.Q003288.42"
                },
                {
                  "node": "l",
                  "frag": "GIN",
                  "id": "Q003288.l2cfbf",
                  "ref": "Q003288.42.1",
                  "inst": "%akk:GIN=",
                  "f": {
                    "lang": "akk",
                    "form": "GIN"
                  }
                },
                {
                  "node": "l",
                  "frag": "BALA.MEŠ-ia",
                  "id": "Q003288.l2cfc0",
                  "ref": "Q003288.42.2",
                  "inst": "%akk:BALA.MEŠ-ia=",
                  "f": {
                    "lang": "akk",
                    "form": "BALA.MEŠ-ia"
                  }
                },
                {
                  "node": "d",
                  "type": "line-start",
                  "ref": "Q003288.43"
                },
                {
                  "node": "d",
                  "type": "line-start",
                  "ref": "Q003288.43l",
                  "n": "16",
                  "label": "ii 16",
                  "score-block-ref": "sb.Q003288.43"
                },
                {
                  "node": "l",
                  "frag": "ša₂-lam",
                  "id": "Q003288.l2cfc5",
                  "ref": "Q003288.43.1",
                  "inst": "%akk:ša₂-lam=",
                  "f": {
                    "lang": "akk",
                    "form": "ša₂-lam"
                  }
                },
                {
                  "node": "l",
                  "frag": "NUMUN-ia",
                  "id": "Q003288.l2cfc6",
                  "ref": "Q003288.43.2",
                  "inst": "%akk:NUMUN-ia=",
                  "f": {
                    "lang": "akk",
                    "form": "NUMUN-ia"
                  }
                },
                {
                  "node": "d",
                  "type": "line-start",
                  "ref": "Q003288.44"
                },
                {
                  "node": "d",
                  "type": "line-start",
                  "ref": "Q003288.44l",
                  "n": "17",
                  "label": "ii 17",
                  "score-block-ref": "sb.Q003288.44"
                },
                {
                  "node": "l",
                  "frag": "na-ṣir",
                  "id": "Q003288.l2cfcb",
                  "ref": "Q003288.44.1",
                  "inst": "%akk:na-ṣir=",
                  "f": {
                    "lang": "akk",
                    "form": "na-ṣir"
                  }
                },
                {
                  "node": "l",
                  "frag": "{giš}GU.[ZA]",
                  "id": "Q003288.l2cfcc",
                  "ref": "Q003288.44.2",
                  "inst": "%akk:{GIŠ}GU.ZA=",
                  "f": {
                    "lang": "akk",
                    "form": "{GIŠ}GU.ZA"
                  }
                },
                {
                  "node": "d",
                  "type": "line-start",
                  "ref": "Q003288.45"
                },
                {
                  "node": "d",
                  "type": "line-start",
                  "ref": "Q003288.45l",
                  "n": "18",
                  "label": "ii 18",
                  "score-block-ref": "sb.Q003288.45"
                },
                {
                  "node": "l",
                  "frag": "ša₂-an-gu-ti-ia",
                  "id": "Q003288.l2cfd0",
                  "ref": "Q003288.45.1",
                  "inst": "%akk:ša₂-an-gu-ti-ia=",
                  "f": {
                    "lang": "akk",
                    "form": "ša₂-an-gu-ti-ia"
                  }
                },
                {
                  "node": "d",
                  "type": "line-start",
                  "ref": "Q003288.46"
                },
                {
                  "node": "d",
                  "type": "line-start",
                  "ref": "Q003288.46l",
                  "n": "19",
                  "label": "ii 19",
                  "score-block-ref": "sb.Q003288.46"
                },
                {
                  "node": "l",
                  "frag": "sa-kip",
                  "id": "Q003288.l2cfd2",
                  "ref": "Q003288.46.1",
                  "inst": "%akk:sa-kip=",
                  "f": {
                    "lang": "akk",
                    "form": "sa-kip"
                  }
                },
                {
                  "node": "l",
                  "frag": "KUR₂.MEŠ-ia",
                  "id": "Q003288.l2cfd3",
                  "ref": "Q003288.46.2",
                  "inst": "%akk:KUR₂.MEŠ-ia=",
                  "f": {
                    "lang": "akk",
                    "form": "KUR₂.MEŠ-ia"
                  }
                },
                {
                  "node": "d",
                  "type": "line-start",
                  "ref": "Q003288.47"
                },
                {
                  "node": "d",
                  "type": "line-start",
                  "ref": "Q003288.47l",
                  "n": "20",
                  "label": "ii 20",
                  "score-block-ref": "sb.Q003288.47"
                },
                {
                  "node": "l",
                  "frag": "SI.SA₂",
                  "id": "Q003288.l2cfd6",
                  "ref": "Q003288.47.1",
                  "inst": "%akk:SI.SA₂=",
                  "f": {
                    "lang": "akk",
                    "form": "SI.SA₂"
                  }
                },
                {
                  "node": "l",
                  "frag": "BURU₁₄",
                  "id": "Q003288.l2cfd7",
                  "ref": "Q003288.47.2",
                  "inst": "%akk:BURU₁₄=",
                  "f": {
                    "lang": "akk",
                    "form": "BURU₁₄"
                  }
                },
                {
                  "node": "l",
                  "frag": "KUR",
                  "id": "Q003288.l2cfd8",
                  "ref": "Q003288.47.3",
                  "inst": "%akk:KUR=",
                  "f": {
                    "lang": "akk",
                    "form": "KUR"
                  }
                },
                {
                  "node": "l",
                  "frag": "aš-šur",
                  "id": "Q003288.l2cfd9",
                  "ref": "Q003288.47.4",
                  "inst": "%akk:aš-šur=",
                  "f": {
                    "lang": "akk",
                    "form": "aš-šur"
                  }
                },
                {
                  "node": "d",
                  "type": "line-start",
                  "ref": "Q003288.48"
                },
                {
                  "node": "d",
                  "type": "line-start",
                  "ref": "Q003288.48l",
                  "n": "21",
                  "label": "ii 21",
                  "score-block-ref": "sb.Q003288.48"
                },
                {
                  "node": "l",
                  "frag": "ša₂-lam",
                  "id": "Q003288.l2cfde",
                  "ref": "Q003288.48.1",
                  "inst": "%akk:ša₂-lam=",
                  "f": {
                    "lang": "akk",
                    "form": "ša₂-lam"
                  }
                },
                {
                  "node": "l",
                  "frag": "KUR",
                  "id": "Q003288.l2cfdf",
                  "ref": "Q003288.48.2",
                  "inst": "%akk:KUR=",
                  "f": {
                    "lang": "akk",
                    "form": "KUR"
                  }
                },
                {
                  "node": "l",
                  "frag": "aš-[šur]",
                  "id": "Q003288.l2cfe0",
                  "ref": "Q003288.48.3",
                  "inst": "%akk:aš-šur=",
                  "f": {
                    "lang": "akk",
                    "form": "aš-šur"
                  }
                },
                {
                  "node": "d",
                  "type": "line-start",
                  "ref": "Q003288.49"
                },
                {
                  "node": "d",
                  "type": "line-start",
                  "ref": "Q003288.49l",
                  "n": "22",
                  "label": "ii 22",
                  "score-block-ref": "sb.Q003288.49"
                },
                {
                  "node": "l",
                  "frag": "e-pu-uš",
                  "id": "Q003288.l2cfe4",
                  "ref": "Q003288.49.1",
                  "inst": "%akk:e-pu-uš=",
                  "f": {
                    "lang": "akk",
                    "form": "e-pu-uš"
                  }
                }
              ]
            }
          ]
        }
      ]
    }
  ]
}
