{
  "type": "cdl",
  "source": "http://oracc.org/rinap/scores",
  "license": "This data is released under the CC0 license",
  "license-url": "https://creativecommons.org/publicdomain/zero/1.0/",
  "more-info": "http://oracc.org/doc/opendata/",
  "UTC-timestamp": "2017-06-10T00:22:24",
  "project": "rinap/scores",
  "textid": "Q003287",
  "cdl": [
    {
      "node": "c",
      "type": "text",
      "id": "Q003287.U0",
      "cdl": [
        {
          "node": "d",
          "type": "object",
          "ref": ""
        },
        {
          "node": "d",
          "type": "surface",
          "ref": ""
        },
        {
          "node": "d",
          "subtype": "column 1",
          "type": "column",
          "ref": "Q003287.i.1",
          "n": "1",
          "label": "i"
        },
        {
          "node": "c",
          "type": "discourse",
          "subtype": "body",
          "id": "Q003287.U1",
          "cdl": [
            {
              "node": "c",
              "type": "sentence",
              "id": "Q003287.U2",
              "label": "i 1",
              "cdl": [
                {
                  "node": "d",
                  "type": "line-start",
                  "ref": "Q003287.2",
                  "n": "1",
                  "label": "i 1",
                  "score-block-ref": "sb."
                },
                {
                  "node": "l",
                  "frag": "{[m}AN.ŠAR₂-ŠEŠ-SUM.NA]",
                  "id": "Q003287.l2cd11",
                  "ref": "Q003287.2.1",
                  "inst": "%akk:{m}AN.ŠAR₂-ŠEŠ-SUM.NA=",
                  "f": {
                    "lang": "akk",
                    "form": "{m}AN.ŠAR₂-ŠEŠ-SUM.NA"
                  }
                },
                {
                  "node": "d",
                  "type": "line-start",
                  "ref": "Q003287.3"
                },
                {
                  "node": "d",
                  "type": "line-start",
                  "ref": "Q003287.3l",
                  "n": "2",
                  "label": "i 2",
                  "score-block-ref": "sb.Q003287.3"
                },
                {
                  "node": "l",
                  "frag": "LUGAL",
                  "id": "Q003287.l2cd12",
                  "ref": "Q003287.3.1",
                  "inst": "%akk:LUGAL=",
                  "f": {
                    "lang": "akk",
                    "form": "LUGAL"
                  }
                },
                {
                  "node": "l",
                  "frag": "kiš-⸢ša₂⸣-[ti]",
                  "id": "Q003287.l2cd13",
                  "ref": "Q003287.3.2",
                  "inst": "%akk:kiš-ša₂-ti=",
                  "f": {
                    "lang": "akk",
                    "form": "kiš-ša₂-ti"
                  }
                },
                {
                  "node": "d",
                  "type": "line-start",
                  "ref": "Q003287.4"
                },
                {
                  "node": "d",
                  "type": "line-start",
                  "ref": "Q003287.4l",
                  "n": "3",
                  "label": "i 3",
                  "score-block-ref": "sb.Q003287.4"
                },
                {
                  "node": "l",
                  "frag": "LUGAL",
                  "id": "Q003287.l2cd16",
                  "ref": "Q003287.4.1",
                  "inst": "%akk:LUGAL=",
                  "f": {
                    "lang": "akk",
                    "form": "LUGAL"
                  }
                },
                {
                  "node": "l",
                  "frag": "KUR",
                  "id": "Q003287.l2cd17",
                  "ref": "Q003287.4.2",
                  "inst": "%akk:KUR=",
                  "f": {
                    "lang": "akk",
                    "form": "KUR"
                  }
                },
                {
                  "node": "l",
                  "frag": "aš-⸢šur⸣.[KI]",
                  "id": "Q003287.l2cd18",
                  "ref": "Q003287.4.3",
                  "inst": "%akk:aš-šur.KI=",
                  "f": {
                    "lang": "akk",
                    "form": "aš-šur.KI"
                  }
                },
                {
                  "node": "d",
                  "type": "line-start",
                  "ref": "Q003287.5"
                },
                {
                  "node": "d",
                  "type": "line-start",
                  "ref": "Q003287.5l",
                  "n": "4",
                  "label": "i 4",
                  "score-block-ref": "sb.Q003287.5"
                },
                {
                  "node": "l",
                  "frag": "ru-⸢bu⸣-[u₂]",
                  "id": "Q003287.l2cd1c",
                  "ref": "Q003287.5.1",
                  "inst": "%akk:ru-bu-u₂=",
                  "f": {
                    "lang": "akk",
                    "form": "ru-bu-u₂"
                  }
                },
                {
                  "node": "d",
                  "type": "line-start",
                  "ref": "Q003287.6"
                },
                {
                  "node": "d",
                  "type": "line-start",
                  "ref": "Q003287.6l",
                  "n": "5",
                  "label": "i 5",
                  "score-block-ref": "sb.Q003287.6"
                },
                {
                  "node": "l",
                  "frag": "na-a-⸢du⸣",
                  "id": "Q003287.l2cd1e",
                  "ref": "Q003287.6.1",
                  "inst": "%akk:na-a-du=",
                  "f": {
                    "lang": "akk",
                    "form": "na-a-du"
                  }
                },
                {
                  "node": "d",
                  "type": "line-start",
                  "ref": "Q003287.7"
                },
                {
                  "node": "d",
                  "type": "line-start",
                  "ref": "Q003287.7l",
                  "n": "6",
                  "label": "i 6",
                  "score-block-ref": "sb.Q003287.7"
                },
                {
                  "node": "l",
                  "frag": "na-⸢ram⸣",
                  "id": "Q003287.l2cd20",
                  "ref": "Q003287.7.1",
                  "inst": "%akk:na-ram=",
                  "f": {
                    "lang": "akk",
                    "form": "na-ram"
                  }
                },
                {
                  "node": "d",
                  "type": "line-start",
                  "ref": "Q003287.8"
                },
                {
                  "node": "d",
                  "type": "line-start",
                  "ref": "Q003287.8l",
                  "n": "7",
                  "label": "i 7",
                  "score-block-ref": "sb.Q003287.8"
                },
                {
                  "node": "l",
                  "frag": "{d}a-⸢šur₄⸣",
                  "id": "Q003287.l2cd22",
                  "ref": "Q003287.8.1",
                  "inst": "%akk:{d}a-šur₄=",
                  "f": {
                    "lang": "akk",
                    "form": "{d}a-šur₄"
                  }
                },
                {
                  "node": "d",
                  "type": "line-start",
                  "ref": "Q003287.9"
                },
                {
                  "node": "d",
                  "type": "line-start",
                  "ref": "Q003287.9l",
                  "n": "8",
                  "label": "i 8",
                  "score-block-ref": "sb.Q003287.9"
                },
                {
                  "node": "l",
                  "frag": "⸢u₃⸣",
                  "id": "Q003287.l2cd24",
                  "ref": "Q003287.9.1",
                  "inst": "%akk:u₃=",
                  "f": {
                    "lang": "akk",
                    "form": "u₃"
                  }
                },
                {
                  "node": "l",
                  "frag": "{d}⸢NIN⸣.[LIL₂]",
                  "id": "Q003287.l2cd25",
                  "ref": "Q003287.9.2",
                  "inst": "%akk:{d}NIN.LIL₂=",
                  "f": {
                    "lang": "akk",
                    "form": "{d}NIN.LIL₂"
                  }
                },
                {
                  "node": "d",
                  "type": "line-start",
                  "ref": "Q003287.10"
                },
                {
                  "node": "d",
                  "type": "line-start",
                  "ref": "Q003287.10l",
                  "n": "9",
                  "label": "i 9",
                  "score-block-ref": "sb.Q003287.10"
                },
                {
                  "node": "l",
                  "frag": "ša",
                  "id": "Q003287.l2cd28",
                  "ref": "Q003287.10.1",
                  "inst": "%akk:ša=",
                  "f": {
                    "lang": "akk",
                    "form": "ša"
                  }
                },
                {
                  "node": "l",
                  "frag": "ṣu-lul-⸢ku⸣-nu",
                  "id": "Q003287.l2cd29",
                  "ref": "Q003287.10.2",
                  "inst": "%akk:ṣu-lul-ku-nu=",
                  "f": {
                    "lang": "akk",
                    "form": "ṣu-lul-ku-nu"
                  }
                },
                {
                  "node": "d",
                  "type": "line-start",
                  "ref": "Q003287.11"
                },
                {
                  "node": "d",
                  "type": "line-start",
                  "ref": "Q003287.11l",
                  "n": "10",
                  "label": "i 10",
                  "score-block-ref": "sb.Q003287.11"
                },
                {
                  "node": "l",
                  "frag": "UGU-⸢šu₂⸣",
                  "id": "Q003287.l2cd2c",
                  "ref": "Q003287.11.1",
                  "inst": "%akk:UGU-šu₂=",
                  "f": {
                    "lang": "akk",
                    "form": "UGU-šu₂"
                  }
                },
                {
                  "node": "d",
                  "type": "line-start",
                  "ref": "Q003287.12"
                },
                {
                  "node": "d",
                  "type": "line-start",
                  "ref": "Q003287.12l",
                  "n": "11",
                  "label": "i 11",
                  "score-block-ref": "sb.Q003287.12"
                },
                {
                  "node": "l",
                  "frag": "⸢taš⸣-ku-nu-ma",
                  "id": "Q003287.l2cd2e",
                  "ref": "Q003287.12.1",
                  "inst": "%akk:taš-ku-nu-ma=",
                  "f": {
                    "lang": "akk",
                    "form": "taš-ku-nu-ma"
                  }
                },
                {
                  "node": "d",
                  "type": "line-start",
                  "ref": "Q003287.13"
                },
                {
                  "node": "d",
                  "type": "line-start",
                  "ref": "Q003287.13l",
                  "n": "12",
                  "label": "i 12",
                  "score-block-ref": "sb.Q003287.13"
                },
                {
                  "node": "l",
                  "frag": "tan-ṣu-ru-šu₂",
                  "id": "Q003287.l2cd31",
                  "ref": "Q003287.13.1",
                  "inst": "%akk:tan-ṣu-ru-šu₂=",
                  "f": {
                    "lang": "akk",
                    "form": "tan-ṣu-ru-šu₂"
                  }
                },
                {
                  "node": "d",
                  "type": "line-start",
                  "ref": "Q003287.14"
                },
                {
                  "node": "d",
                  "type": "line-start",
                  "ref": "Q003287.14l",
                  "n": "13",
                  "label": "i 13",
                  "score-block-ref": "sb.Q003287.14"
                },
                {
                  "node": "l",
                  "frag": "a-na",
                  "id": "Q003287.l2cd34",
                  "ref": "Q003287.14.1",
                  "inst": "%akk:a-na=",
                  "f": {
                    "lang": "akk",
                    "form": "a-na"
                  }
                },
                {
                  "node": "l",
                  "frag": "LUGAL-ti",
                  "id": "Q003287.l2cd35",
                  "ref": "Q003287.14.2",
                  "inst": "%akk:LUGAL-ti=",
                  "f": {
                    "lang": "akk",
                    "form": "LUGAL-ti"
                  }
                },
                {
                  "node": "d",
                  "type": "line-start",
                  "ref": "Q003287.15"
                },
                {
                  "node": "d",
                  "type": "line-start",
                  "ref": "Q003287.15l",
                  "n": "14",
                  "label": "i 14",
                  "score-block-ref": "sb.Q003287.15"
                },
                {
                  "node": "l",
                  "frag": "gi-mi₃-ir",
                  "id": "Q003287.l2cd3b",
                  "ref": "Q003287.15.1",
                  "inst": "%akk:gi-mi₃-ir=",
                  "f": {
                    "lang": "akk",
                    "form": "gi-mi₃-ir"
                  }
                },
                {
                  "node": "d",
                  "type": "line-start",
                  "ref": "Q003287.16"
                },
                {
                  "node": "d",
                  "type": "line-start",
                  "ref": "Q003287.16l",
                  "n": "15",
                  "label": "i 15",
                  "score-block-ref": "sb.Q003287.16"
                },
                {
                  "node": "l",
                  "frag": "za-ma-ni-[šu₂]",
                  "id": "Q003287.l2cd3e",
                  "ref": "Q003287.16.1",
                  "inst": "%akk:za-ma-ni-šu₂=",
                  "f": {
                    "lang": "akk",
                    "form": "za-ma-ni-šu₂"
                  }
                },
                {
                  "node": "d",
                  "subtype": "column 2",
                  "type": "column",
                  "ref": "Q003287.ii.17",
                  "n": "2",
                  "label": "ii"
                },
                {
                  "node": "d",
                  "type": "line-start",
                  "ref": "Q003287.18",
                  "n": "1",
                  "label": "ii 1",
                  "score-block-ref": "sb."
                },
                {
                  "node": "l",
                  "frag": "[ta-na-ru-ma]",
                  "id": "Q003287.l2cd42",
                  "ref": "Q003287.18.1",
                  "inst": "%akk:ta-na-ru-ma=",
                  "f": {
                    "lang": "akk",
                    "form": "ta-na-ru-ma"
                  }
                },
                {
                  "node": "d",
                  "type": "line-start",
                  "ref": "Q003287.19",
                  "n": "2",
                  "label": "ii 2",
                  "score-block-ref": "sb."
                },
                {
                  "node": "l",
                  "frag": "[tu-šak-ši-du]",
                  "id": "Q003287.l2cd43",
                  "ref": "Q003287.19.1",
                  "inst": "%akk:tu-šak-ši-du=",
                  "f": {
                    "lang": "akk",
                    "form": "tu-šak-ši-du"
                  }
                },
                {
                  "node": "d",
                  "type": "line-start",
                  "ref": "Q003287.20"
                },
                {
                  "node": "d",
                  "type": "line-start",
                  "ref": "Q003287.20l",
                  "n": "3",
                  "label": "ii 3",
                  "score-block-ref": "sb.Q003287.20"
                },
                {
                  "node": "l",
                  "frag": "[ni]-⸢iz⸣-ma-⸢su⸣",
                  "id": "Q003287.l2cd44",
                  "ref": "Q003287.20.1",
                  "inst": "%akk:ni-iz-ma-su=",
                  "f": {
                    "lang": "akk",
                    "form": "ni-iz-ma-su"
                  }
                },
                {
                  "node": "d",
                  "type": "line-start",
                  "ref": "Q003287.21"
                },
                {
                  "node": "d",
                  "type": "line-start",
                  "ref": "Q003287.21l",
                  "n": "4",
                  "label": "ii 4",
                  "score-block-ref": "sb.Q003287.21"
                },
                {
                  "node": "l",
                  "frag": "[i]-⸢na",
                  "id": "Q003287.l2cd46",
                  "ref": "Q003287.21.1",
                  "inst": "%akk:i-na=",
                  "f": {
                    "lang": "akk",
                    "form": "i-na"
                  }
                },
                {
                  "node": "l",
                  "frag": "GIŠ.GU⸣.ZA",
                  "id": "Q003287.l2cd47",
                  "ref": "Q003287.21.2",
                  "inst": "%akk:GIŠ.GU.ZA=",
                  "f": {
                    "lang": "akk",
                    "form": "GIŠ.GU.ZA"
                  }
                },
                {
                  "node": "d",
                  "type": "line-start",
                  "ref": "Q003287.22"
                },
                {
                  "node": "d",
                  "type": "line-start",
                  "ref": "Q003287.22l",
                  "n": "5",
                  "label": "ii 5",
                  "score-block-ref": "sb.Q003287.22"
                },
                {
                  "node": "l",
                  "frag": "[AD]-šu₂",
                  "id": "Q003287.l2cd4a",
                  "ref": "Q003287.22.1",
                  "inst": "%akk:AD-šu₂=",
                  "f": {
                    "lang": "akk",
                    "form": "AD-šu₂"
                  }
                },
                {
                  "node": "l",
                  "frag": "ra-⸢biš⸣",
                  "id": "Q003287.l2cd4b",
                  "ref": "Q003287.22.2",
                  "inst": "%akk:ra-biš=",
                  "f": {
                    "lang": "akk",
                    "form": "ra-biš"
                  }
                },
                {
                  "node": "d",
                  "type": "line-start",
                  "ref": "Q003287.23"
                },
                {
                  "node": "d",
                  "type": "line-start",
                  "ref": "Q003287.23l",
                  "n": "6",
                  "label": "ii 6",
                  "score-block-ref": "sb.Q003287.23"
                },
                {
                  "node": "l",
                  "frag": "⸢tu⸣-še-ši-bu-šu₂-ma",
                  "id": "Q003287.l2cd4e",
                  "ref": "Q003287.23.1",
                  "inst": "%akk:tu-še-ši-bu-šu₂-ma=",
                  "f": {
                    "lang": "akk",
                    "form": "tu-še-ši-bu-šu₂-ma"
                  }
                },
                {
                  "node": "d",
                  "type": "line-start",
                  "ref": "Q003287.24"
                },
                {
                  "node": "d",
                  "type": "line-start",
                  "ref": "Q003287.24l",
                  "n": "7",
                  "label": "ii 7",
                  "score-block-ref": "sb.Q003287.24"
                },
                {
                  "node": "l",
                  "frag": "be-lu-ut",
                  "id": "Q003287.l2cd50",
                  "ref": "Q003287.24.1",
                  "inst": "%akk:be-lu-ut=",
                  "f": {
                    "lang": "akk",
                    "form": "be-lu-ut"
                  }
                },
                {
                  "node": "l",
                  "frag": "KUR.KUR",
                  "id": "Q003287.l2cd51",
                  "ref": "Q003287.24.2",
                  "inst": "%akk:KUR.KUR=",
                  "f": {
                    "lang": "akk",
                    "form": "KUR.KUR"
                  }
                },
                {
                  "node": "d",
                  "type": "line-start",
                  "ref": "Q003287.25"
                },
                {
                  "node": "d",
                  "type": "line-start",
                  "ref": "Q003287.25l",
                  "n": "8",
                  "label": "ii 8",
                  "score-block-ref": "sb.Q003287.25"
                },
                {
                  "node": "l",
                  "frag": "tu-⸢šad⸣-gi-lu",
                  "id": "Q003287.l2cd54",
                  "ref": "Q003287.25.1",
                  "inst": "%akk:tu-šad-gi-lu=",
                  "f": {
                    "lang": "akk",
                    "form": "tu-šad-gi-lu"
                  }
                },
                {
                  "node": "d",
                  "type": "line-start",
                  "ref": "Q003287.26"
                },
                {
                  "node": "d",
                  "type": "line-start",
                  "ref": "Q003287.26l",
                  "n": "9",
                  "label": "ii 9",
                  "score-block-ref": "sb.Q003287.26"
                },
                {
                  "node": "l",
                  "frag": "pa-nu-uš-šu₂",
                  "id": "Q003287.l2cd56",
                  "ref": "Q003287.26.1",
                  "inst": "%akk:pa-nu-uš-šu₂=",
                  "f": {
                    "lang": "akk",
                    "form": "pa-nu-uš-šu₂"
                  }
                },
                {
                  "node": "d",
                  "type": "line-start",
                  "ref": "Q003287.27"
                },
                {
                  "node": "d",
                  "type": "line-start",
                  "ref": "Q003287.27l",
                  "n": "10",
                  "label": "ii 10",
                  "score-block-ref": "sb.Q003287.27"
                },
                {
                  "node": "l",
                  "frag": "DUMU",
                  "id": "Q003287.l2cd59",
                  "ref": "Q003287.27.1",
                  "inst": "%akk:DUMU=",
                  "f": {
                    "lang": "akk",
                    "form": "DUMU"
                  }
                },
                {
                  "node": "l",
                  "frag": "{m}{d}30-PAP.MEŠ-SU",
                  "id": "Q003287.l2cd5a",
                  "ref": "Q003287.27.2",
                  "inst": "%akk:{m}{d}30-PAP.MEŠ-SU=",
                  "f": {
                    "lang": "akk",
                    "form": "{m}{d}30-PAP.MEŠ-SU"
                  }
                },
                {
                  "node": "d",
                  "type": "line-start",
                  "ref": "Q003287.28"
                },
                {
                  "node": "d",
                  "type": "line-start",
                  "ref": "Q003287.28l",
                  "n": "11",
                  "label": "ii 11",
                  "score-block-ref": "sb.Q003287.28"
                },
                {
                  "node": "l",
                  "frag": "⸢LUGAL⸣",
                  "id": "Q003287.l2cd5f",
                  "ref": "Q003287.28.1",
                  "inst": "%akk:LUGAL=",
                  "f": {
                    "lang": "akk",
                    "form": "LUGAL"
                  }
                },
                {
                  "node": "l",
                  "frag": "kiš-ša₂-ti",
                  "id": "Q003287.l2cd60",
                  "ref": "Q003287.28.2",
                  "inst": "%akk:kiš-ša₂-ti=",
                  "f": {
                    "lang": "akk",
                    "form": "kiš-ša₂-ti"
                  }
                },
                {
                  "node": "d",
                  "type": "line-start",
                  "ref": "Q003287.29"
                },
                {
                  "node": "d",
                  "type": "line-start",
                  "ref": "Q003287.29l",
                  "n": "12",
                  "label": "ii 12",
                  "score-block-ref": "sb.Q003287.29"
                },
                {
                  "node": "l",
                  "frag": "LUGAL",
                  "id": "Q003287.l2cd65",
                  "ref": "Q003287.29.1",
                  "inst": "%akk:LUGAL=",
                  "f": {
                    "lang": "akk",
                    "form": "LUGAL"
                  }
                },
                {
                  "node": "l",
                  "frag": "KUR",
                  "id": "Q003287.l2cd66",
                  "ref": "Q003287.29.2",
                  "inst": "%akk:KUR=",
                  "f": {
                    "lang": "akk",
                    "form": "KUR"
                  }
                },
                {
                  "node": "l",
                  "frag": "{d}aš-šur",
                  "id": "Q003287.l2cd67",
                  "ref": "Q003287.29.3",
                  "inst": "%akk:{d}aš-šur=",
                  "f": {
                    "lang": "akk",
                    "form": "{d}aš-šur"
                  }
                },
                {
                  "node": "d",
                  "type": "line-start",
                  "ref": "Q003287.30"
                },
                {
                  "node": "d",
                  "type": "line-start",
                  "ref": "Q003287.30l",
                  "n": "13",
                  "label": "ii 13",
                  "score-block-ref": "sb.Q003287.30"
                },
                {
                  "node": "l",
                  "frag": "e-piš",
                  "id": "Q003287.l2cd6e",
                  "ref": "Q003287.30.1",
                  "inst": "%akk:e-piš=",
                  "f": {
                    "lang": "akk",
                    "form": "e-piš"
                  }
                },
                {
                  "node": "d",
                  "type": "line-start",
                  "ref": "Q003287.31"
                },
                {
                  "node": "d",
                  "type": "line-start",
                  "ref": "Q003287.31l",
                  "n": "14",
                  "label": "ii 14",
                  "score-block-ref": "sb.Q003287.31"
                },
                {
                  "node": "l",
                  "frag": "ṣa-lam",
                  "id": "Q003287.l2cd71",
                  "ref": "Q003287.31.1",
                  "inst": "%akk:ṣa-lam=",
                  "f": {
                    "lang": "akk",
                    "form": "ṣa-lam"
                  }
                },
                {
                  "node": "l",
                  "frag": "AN.ŠAR₂",
                  "id": "Q003287.l2cd72",
                  "ref": "Q003287.31.2",
                  "inst": "%akk:AN.ŠAR₂=",
                  "f": {
                    "lang": "akk",
                    "form": "AN.ŠAR₂"
                  }
                },
                {
                  "node": "d",
                  "type": "line-start",
                  "ref": "Q003287.32"
                },
                {
                  "node": "d",
                  "type": "line-start",
                  "ref": "Q003287.32l",
                  "n": "15",
                  "label": "ii 15",
                  "score-block-ref": "sb.Q003287.32"
                },
                {
                  "node": "l",
                  "frag": "u₃",
                  "id": "Q003287.l2cd78",
                  "ref": "Q003287.32.1",
                  "inst": "%akk:u₃=",
                  "f": {
                    "lang": "akk",
                    "form": "u₃"
                  }
                },
                {
                  "node": "l",
                  "frag": "DINGIR.MEŠ",
                  "id": "Q003287.l2cd79",
                  "ref": "Q003287.32.2",
                  "inst": "%akk:DINGIR.MEŠ=",
                  "f": {
                    "lang": "akk",
                    "form": "DINGIR.MEŠ"
                  }
                },
                {
                  "node": "d",
                  "type": "line-start",
                  "ref": "Q003287.33"
                },
                {
                  "node": "d",
                  "type": "line-start",
                  "ref": "Q003287.33l",
                  "n": "16",
                  "label": "ii 16",
                  "score-block-ref": "sb.Q003287.33"
                },
                {
                  "node": "l",
                  "frag": "GAL.MEŠ",
                  "id": "Q003287.l2cd7e",
                  "ref": "Q003287.33.1",
                  "inst": "%akk:GAL.MEŠ=",
                  "f": {
                    "lang": "akk",
                    "form": "GAL.MEŠ"
                  }
                },
                {
                  "node": "d",
                  "subtype": "column 3",
                  "type": "column",
                  "ref": "Q003287.iii.34",
                  "n": "3",
                  "label": "iii"
                },
                {
                  "node": "d",
                  "type": "line-start",
                  "ref": "Q003287.35"
                },
                {
                  "node": "d",
                  "type": "line-start",
                  "ref": "Q003287.35l",
                  "n": "1",
                  "label": "iii 1",
                  "score-block-ref": "sb.Q003287.35"
                },
                {
                  "node": "l",
                  "frag": "⸢DUMU",
                  "id": "Q003287.l2cd80",
                  "ref": "Q003287.35.1",
                  "inst": "%akk:DUMU=",
                  "f": {
                    "lang": "akk",
                    "form": "DUMU"
                  }
                },
                {
                  "node": "l",
                  "frag": "{m⸣}LUGAL-GI.NA",
                  "id": "Q003287.l2cd81",
                  "ref": "Q003287.35.2",
                  "inst": "%akk:{m}LUGAL-GI.NA=",
                  "f": {
                    "lang": "akk",
                    "form": "{m}LUGAL-GI.NA"
                  }
                },
                {
                  "node": "d",
                  "type": "line-start",
                  "ref": "Q003287.36"
                },
                {
                  "node": "d",
                  "type": "line-start",
                  "ref": "Q003287.36l",
                  "n": "2",
                  "label": "iii 2",
                  "score-block-ref": "sb.Q003287.36"
                },
                {
                  "node": "l",
                  "frag": "⸢LUGAL⸣",
                  "id": "Q003287.l2cd86",
                  "ref": "Q003287.36.1",
                  "inst": "%akk:LUGAL=",
                  "f": {
                    "lang": "akk",
                    "form": "LUGAL"
                  }
                },
                {
                  "node": "l",
                  "frag": "kiš-ša₂-ti",
                  "id": "Q003287.l2cd87",
                  "ref": "Q003287.36.2",
                  "inst": "%akk:kiš-ša₂-ti=",
                  "f": {
                    "lang": "akk",
                    "form": "kiš-ša₂-ti"
                  }
                },
                {
                  "node": "d",
                  "type": "line-start",
                  "ref": "Q003287.37"
                },
                {
                  "node": "d",
                  "type": "line-start",
                  "ref": "Q003287.37l",
                  "n": "3",
                  "label": "iii 3",
                  "score-block-ref": "sb.Q003287.37"
                },
                {
                  "node": "l",
                  "frag": "LUGAL",
                  "id": "Q003287.l2cd8c",
                  "ref": "Q003287.37.1",
                  "inst": "%akk:LUGAL=",
                  "f": {
                    "lang": "akk",
                    "form": "LUGAL"
                  }
                },
                {
                  "node": "l",
                  "frag": "KUR",
                  "id": "Q003287.l2cd8d",
                  "ref": "Q003287.37.2",
                  "inst": "%akk:KUR=",
                  "f": {
                    "lang": "akk",
                    "form": "KUR"
                  }
                },
                {
                  "node": "l",
                  "frag": "aš-šur.KI",
                  "id": "Q003287.l2cd8e",
                  "ref": "Q003287.37.3",
                  "inst": "%akk:aš-šur.KI=",
                  "f": {
                    "lang": "akk",
                    "form": "aš-šur.KI"
                  }
                },
                {
                  "node": "d",
                  "type": "line-start",
                  "ref": "Q003287.38"
                },
                {
                  "node": "d",
                  "type": "line-start",
                  "ref": "Q003287.38l",
                  "n": "4",
                  "label": "iii 4",
                  "score-block-ref": "sb.Q003287.38"
                },
                {
                  "node": "l",
                  "frag": "muš-te-eʾ-u₂",
                  "id": "Q003287.l2cd95",
                  "ref": "Q003287.38.1",
                  "inst": "%akk:muš-te-eʾ-u₂=",
                  "f": {
                    "lang": "akk",
                    "form": "muš-te-eʾ-u₂"
                  }
                },
                {
                  "node": "d",
                  "type": "line-start",
                  "ref": "Q003287.39"
                },
                {
                  "node": "d",
                  "type": "line-start",
                  "ref": "Q003287.39l",
                  "n": "5",
                  "label": "iii 5",
                  "score-block-ref": "sb.Q003287.39"
                },
                {
                  "node": "l",
                  "frag": "aš₂-rat",
                  "id": "Q003287.l2cd98",
                  "ref": "Q003287.39.1",
                  "inst": "%akk:aš₂-rat=",
                  "f": {
                    "lang": "akk",
                    "form": "aš₂-rat"
                  }
                },
                {
                  "node": "d",
                  "type": "line-start",
                  "ref": "Q003287.40"
                },
                {
                  "node": "d",
                  "type": "line-start",
                  "ref": "Q003287.40l",
                  "n": "6",
                  "label": "iii 6",
                  "score-block-ref": "sb.Q003287.40"
                },
                {
                  "node": "l",
                  "frag": "{d}a-šur₄",
                  "id": "Q003287.l2cd9b",
                  "ref": "Q003287.40.1",
                  "inst": "%akk:{d}a-šur₄=",
                  "f": {
                    "lang": "akk",
                    "form": "{d}a-šur₄"
                  }
                },
                {
                  "node": "d",
                  "type": "line-start",
                  "ref": "Q003287.41"
                },
                {
                  "node": "d",
                  "type": "line-start",
                  "ref": "Q003287.41l",
                  "n": "7",
                  "label": "iii 7",
                  "score-block-ref": "sb.Q003287.41"
                },
                {
                  "node": "l",
                  "frag": "u₃",
                  "id": "Q003287.l2cd9f",
                  "ref": "Q003287.41.1",
                  "inst": "%akk:u₃=",
                  "f": {
                    "lang": "akk",
                    "form": "u₃"
                  }
                },
                {
                  "node": "l",
                  "frag": "{d}NIN.LIL₂",
                  "id": "Q003287.l2cda0",
                  "ref": "Q003287.41.2",
                  "inst": "%akk:{d}NIN.LIL₂=",
                  "f": {
                    "lang": "akk",
                    "form": "{d}NIN.LIL₂"
                  }
                },
                {
                  "node": "d",
                  "type": "line-start",
                  "ref": "Q003287.42"
                },
                {
                  "node": "d",
                  "type": "line-start",
                  "ref": "Q003287.42l",
                  "n": "8",
                  "label": "iii 8",
                  "score-block-ref": "sb.Q003287.42"
                },
                {
                  "node": "l",
                  "frag": "E₂",
                  "id": "Q003287.l2cda7",
                  "ref": "Q003287.42.1",
                  "inst": "%akk:E₂=",
                  "f": {
                    "lang": "akk",
                    "form": "E₂"
                  }
                },
                {
                  "node": "l",
                  "frag": "AN.ŠAR₂",
                  "id": "Q003287.l2cda8",
                  "ref": "Q003287.42.2",
                  "inst": "%akk:AN.ŠAR₂=",
                  "f": {
                    "lang": "akk",
                    "form": "AN.ŠAR₂"
                  }
                },
                {
                  "node": "d",
                  "type": "line-start",
                  "ref": "Q003287.43"
                },
                {
                  "node": "d",
                  "type": "line-start",
                  "ref": "Q003287.43l",
                  "n": "9",
                  "label": "iii 9",
                  "score-block-ref": "sb.Q003287.43"
                },
                {
                  "node": "l",
                  "frag": "mah-ru-u₂",
                  "id": "Q003287.l2cdaf",
                  "ref": "Q003287.43.1",
                  "inst": "%akk:mah-ru-u₂=",
                  "f": {
                    "lang": "akk",
                    "form": "mah-ru-u₂"
                  }
                },
                {
                  "node": "d",
                  "type": "line-start",
                  "ref": "Q003287.44"
                },
                {
                  "node": "d",
                  "type": "line-start",
                  "ref": "Q003287.44l",
                  "n": "10",
                  "label": "iii 10",
                  "score-block-ref": "sb.Q003287.44"
                },
                {
                  "node": "l",
                  "frag": "ša",
                  "id": "Q003287.l2cdb3",
                  "ref": "Q003287.44.1",
                  "inst": "%akk:ša=",
                  "f": {
                    "lang": "akk",
                    "form": "ša"
                  }
                },
                {
                  "node": "l",
                  "frag": "{m}{d}šul₃-ma-nu-MAŠ",
                  "id": "Q003287.l2cdb4",
                  "ref": "Q003287.44.2",
                  "inst": "%akk:{m}{d}šul₃-ma-nu-MAŠ=",
                  "f": {
                    "lang": "akk",
                    "form": "{m}{d}šul₃-ma-nu-MAŠ"
                  }
                },
                {
                  "node": "d",
                  "type": "line-start",
                  "ref": "Q003287.45"
                },
                {
                  "node": "d",
                  "type": "line-start",
                  "ref": "Q003287.45l",
                  "n": "11",
                  "label": "iii 11",
                  "score-block-ref": "sb.Q003287.45"
                },
                {
                  "node": "l",
                  "frag": "DUMU",
                  "id": "Q003287.l2cdbb",
                  "ref": "Q003287.45.1",
                  "inst": "%akk:DUMU=",
                  "f": {
                    "lang": "akk",
                    "form": "DUMU"
                  }
                },
                {
                  "node": "l",
                  "frag": "{m}10-ERIM.TAH₂",
                  "id": "Q003287.l2cdbc",
                  "ref": "Q003287.45.2",
                  "inst": "%akk:{m}10-ERIM.TAH₂=",
                  "f": {
                    "lang": "akk",
                    "form": "{m}10-ERIM.TAH₂"
                  }
                },
                {
                  "node": "d",
                  "type": "line-start",
                  "ref": "Q003287.46"
                },
                {
                  "node": "d",
                  "type": "line-start",
                  "ref": "Q003287.46l",
                  "n": "12",
                  "label": "iii 12",
                  "score-block-ref": "sb.Q003287.46"
                },
                {
                  "node": "l",
                  "frag": "LUGAL",
                  "id": "Q003287.l2cdc3",
                  "ref": "Q003287.46.1",
                  "inst": "%akk:LUGAL=",
                  "f": {
                    "lang": "akk",
                    "form": "LUGAL"
                  }
                },
                {
                  "node": "l",
                  "frag": "KUR",
                  "id": "Q003287.l2cdc4",
                  "ref": "Q003287.46.2",
                  "inst": "%akk:KUR=",
                  "f": {
                    "lang": "akk",
                    "form": "KUR"
                  }
                },
                {
                  "node": "l",
                  "frag": "aš-šur",
                  "id": "Q003287.l2cdc5",
                  "ref": "Q003287.46.3",
                  "inst": "%akk:aš-šur=",
                  "f": {
                    "lang": "akk",
                    "form": "aš-šur"
                  }
                },
                {
                  "node": "d",
                  "type": "line-start",
                  "ref": "Q003287.47"
                },
                {
                  "node": "d",
                  "type": "line-start",
                  "ref": "Q003287.47l",
                  "n": "13",
                  "label": "iii 13",
                  "score-block-ref": "sb.Q003287.47"
                },
                {
                  "node": "l",
                  "frag": "ru-bu-u₂",
                  "id": "Q003287.l2cdcf",
                  "ref": "Q003287.47.1",
                  "inst": "%akk:ru-bu-u₂=",
                  "f": {
                    "lang": "akk",
                    "form": "ru-bu-u₂"
                  }
                },
                {
                  "node": "d",
                  "type": "line-start",
                  "ref": "Q003287.48"
                },
                {
                  "node": "d",
                  "type": "line-start",
                  "ref": "Q003287.48l",
                  "n": "14",
                  "label": "iii 14",
                  "score-block-ref": "sb.Q003287.48"
                },
                {
                  "node": "l",
                  "frag": "a-lik",
                  "id": "Q003287.l2cdd4",
                  "ref": "Q003287.48.1",
                  "inst": "%akk:a-lik=",
                  "f": {
                    "lang": "akk",
                    "form": "a-lik"
                  }
                },
                {
                  "node": "d",
                  "type": "line-start",
                  "ref": "Q003287.49"
                },
                {
                  "node": "d",
                  "type": "line-start",
                  "ref": "Q003287.49l",
                  "n": "15",
                  "label": "iii 15",
                  "score-block-ref": "sb.Q003287.49"
                },
                {
                  "node": "l",
                  "frag": "pa-ni-ia",
                  "id": "Q003287.l2cdd8",
                  "ref": "Q003287.49.1",
                  "inst": "%akk:pa-ni-ia=",
                  "f": {
                    "lang": "akk",
                    "form": "pa-ni-ia"
                  }
                },
                {
                  "node": "d",
                  "type": "line-start",
                  "ref": "Q003287.50"
                },
                {
                  "node": "d",
                  "type": "line-start",
                  "ref": "Q003287.50l",
                  "n": "16",
                  "label": "iii 16",
                  "score-block-ref": "sb.Q003287.50"
                },
                {
                  "node": "l",
                  "frag": "e-pu-šu",
                  "id": "Q003287.l2cddd",
                  "ref": "Q003287.50.1",
                  "inst": "%akk:e-pu-šu=",
                  "f": {
                    "lang": "akk",
                    "form": "e-pu-šu"
                  }
                },
                {
                  "node": "d",
                  "type": "line-start",
                  "ref": "Q003287.51"
                },
                {
                  "node": "d",
                  "type": "line-start",
                  "ref": "Q003287.51l",
                  "n": "17",
                  "label": "iii 17",
                  "score-block-ref": "sb.Q003287.51"
                },
                {
                  "node": "l",
                  "frag": "9",
                  "id": "Q003287.l2cde2",
                  "ref": "Q003287.51.1",
                  "inst": "%akk:9=",
                  "f": {
                    "lang": "akk",
                    "form": "9"
                  }
                },
                {
                  "node": "l",
                  "frag": "UŠ",
                  "id": "Q003287.l2cde3",
                  "ref": "Q003287.51.2",
                  "inst": "%akk:UŠ=",
                  "f": {
                    "lang": "akk",
                    "form": "UŠ"
                  }
                },
                {
                  "node": "d",
                  "subtype": "column 4",
                  "type": "column",
                  "ref": "Q003287.iv.52",
                  "n": "4",
                  "label": "iv"
                },
                {
                  "node": "d",
                  "type": "line-start",
                  "ref": "Q003287.53"
                },
                {
                  "node": "d",
                  "type": "line-start",
                  "ref": "Q003287.53l",
                  "n": "1",
                  "label": "iv 1",
                  "score-block-ref": "sb.Q003287.53"
                },
                {
                  "node": "l",
                  "frag": "46",
                  "id": "Q003287.l2cdea",
                  "ref": "Q003287.53.1",
                  "inst": "%akk:46=",
                  "f": {
                    "lang": "akk",
                    "form": "46"
                  }
                },
                {
                  "node": "d",
                  "type": "line-start",
                  "ref": "Q003287.54"
                },
                {
                  "node": "d",
                  "type": "line-start",
                  "ref": "Q003287.54l",
                  "n": "2",
                  "label": "iv 2",
                  "score-block-ref": "sb.Q003287.54"
                },
                {
                  "node": "l",
                  "frag": "MU.AN.NA.MEŠ",
                  "id": "Q003287.l2cdee",
                  "ref": "Q003287.54.1",
                  "inst": "%akk:MU.AN.NA.MEŠ=",
                  "f": {
                    "lang": "akk",
                    "form": "MU.AN.NA.MEŠ"
                  }
                },
                {
                  "node": "d",
                  "type": "line-start",
                  "ref": "Q003287.55"
                },
                {
                  "node": "d",
                  "type": "line-start",
                  "ref": "Q003287.55l",
                  "n": "3",
                  "label": "iv 3",
                  "score-block-ref": "sb.Q003287.55"
                },
                {
                  "node": "l",
                  "frag": "il-li-ik-⸢ma⸣",
                  "id": "Q003287.l2cdf2",
                  "ref": "Q003287.55.1",
                  "inst": "%akk:il-li-ik-ma=",
                  "f": {
                    "lang": "akk",
                    "form": "il-li-ik-ma"
                  }
                },
                {
                  "node": "d",
                  "type": "line-start",
                  "ref": "Q003287.56"
                },
                {
                  "node": "d",
                  "type": "line-start",
                  "ref": "Q003287.56l",
                  "n": "4",
                  "label": "iv 4",
                  "score-block-ref": "sb.Q003287.56"
                },
                {
                  "node": "l",
                  "frag": "e-na-ah-ma",
                  "id": "Q003287.l2cdf5",
                  "ref": "Q003287.56.1",
                  "inst": "%akk:e-na-ah-ma=",
                  "f": {
                    "lang": "akk",
                    "form": "e-na-ah-ma"
                  }
                },
                {
                  "node": "d",
                  "type": "line-start",
                  "ref": "Q003287.57"
                },
                {
                  "node": "d",
                  "type": "line-start",
                  "ref": "Q003287.57l",
                  "n": "5",
                  "label": "iv 5",
                  "score-block-ref": "sb.Q003287.57"
                },
                {
                  "node": "l",
                  "frag": "E₂",
                  "id": "Q003287.l2cdf8",
                  "ref": "Q003287.57.1",
                  "inst": "%akk:E₂=",
                  "f": {
                    "lang": "akk",
                    "form": "E₂"
                  }
                },
                {
                  "node": "l",
                  "frag": "šu-a-tu₂",
                  "id": "Q003287.l2cdf9",
                  "ref": "Q003287.57.2",
                  "inst": "%akk:šu-a-tu₂=",
                  "f": {
                    "lang": "akk",
                    "form": "šu-a-tu₂"
                  }
                },
                {
                  "node": "d",
                  "type": "line-start",
                  "ref": "Q003287.58"
                },
                {
                  "node": "d",
                  "type": "line-start",
                  "ref": "Q003287.58l",
                  "n": "6",
                  "label": "iv 6",
                  "score-block-ref": "sb.Q003287.58"
                },
                {
                  "node": "l",
                  "frag": "a-[šar]",
                  "id": "Q003287.l2ce01",
                  "ref": "Q003287.58.1",
                  "inst": "%akk:a-šar=",
                  "f": {
                    "lang": "akk",
                    "form": "a-šar"
                  }
                },
                {
                  "node": "d",
                  "type": "line-start",
                  "ref": "Q003287.59"
                },
                {
                  "node": "d",
                  "type": "line-start",
                  "ref": "Q003287.59l",
                  "n": "7",
                  "label": "iv 7",
                  "score-block-ref": "sb.Q003287.59"
                },
                {
                  "node": "l",
                  "frag": "maš-kan₂-šu₂",
                  "id": "Q003287.l2ce04",
                  "ref": "Q003287.59.1",
                  "inst": "%akk:maš-kan₂-šu₂=",
                  "f": {
                    "lang": "akk",
                    "form": "maš-kan₂-šu₂"
                  }
                },
                {
                  "node": "d",
                  "type": "line-start",
                  "ref": "Q003287.60"
                },
                {
                  "node": "d",
                  "type": "line-start",
                  "ref": "Q003287.60l",
                  "n": "8",
                  "label": "iv 8",
                  "score-block-ref": "sb.Q003287.60"
                },
                {
                  "node": "l",
                  "frag": "ul",
                  "id": "Q003287.l2ce0a",
                  "ref": "Q003287.60.1",
                  "inst": "%akk:ul=",
                  "f": {
                    "lang": "akk",
                    "form": "ul"
                  }
                },
                {
                  "node": "l",
                  "frag": "u₂-ša₂-ni-ma",
                  "id": "Q003287.l2ce0b",
                  "ref": "Q003287.60.2",
                  "inst": "%akk:u₂-ša₂-ni-ma=",
                  "f": {
                    "lang": "akk",
                    "form": "u₂-ša₂-ni-ma"
                  }
                },
                {
                  "node": "d",
                  "type": "line-start",
                  "ref": "Q003287.61"
                },
                {
                  "node": "d",
                  "type": "line-start",
                  "ref": "Q003287.61l",
                  "n": "9",
                  "label": "iv 9",
                  "score-block-ref": "sb.Q003287.61"
                },
                {
                  "node": "l",
                  "frag": "ṣe-er",
                  "id": "Q003287.l2ce13",
                  "ref": "Q003287.61.1",
                  "inst": "%akk:ṣe-er=",
                  "f": {
                    "lang": "akk",
                    "form": "ṣe-er"
                  }
                },
                {
                  "node": "l",
                  "frag": "KU₃.GI",
                  "id": "Q003287.l2ce14",
                  "ref": "Q003287.61.2",
                  "inst": "%akk:KU₃.GI=",
                  "f": {
                    "lang": "akk",
                    "form": "KU₃.GI"
                  }
                },
                {
                  "node": "l",
                  "frag": "KU₃.BABBAR",
                  "id": "Q003287.l2ce15",
                  "ref": "Q003287.61.3",
                  "inst": "%akk:KU₃.BABBAR=",
                  "f": {
                    "lang": "akk",
                    "form": "KU₃.BABBAR"
                  }
                },
                {
                  "node": "d",
                  "type": "line-start",
                  "ref": "Q003287.62"
                },
                {
                  "node": "d",
                  "type": "line-start",
                  "ref": "Q003287.62l",
                  "n": "10",
                  "label": "iv 10",
                  "score-block-ref": "sb.Q003287.62"
                },
                {
                  "node": "l",
                  "frag": "NA₄.MEŠ",
                  "id": "Q003287.l2ce20",
                  "ref": "Q003287.62.1",
                  "inst": "%akk:NA₄.MEŠ=",
                  "f": {
                    "lang": "akk",
                    "form": "NA₄.MEŠ"
                  }
                },
                {
                  "node": "l",
                  "frag": "ni-siq-ti",
                  "id": "Q003287.l2ce21",
                  "ref": "Q003287.62.2",
                  "inst": "%akk:ni-siq-ti=",
                  "f": {
                    "lang": "akk",
                    "form": "ni-siq-ti"
                  }
                },
                {
                  "node": "d",
                  "type": "line-start",
                  "ref": "Q003287.63"
                },
                {
                  "node": "d",
                  "type": "line-start",
                  "ref": "Q003287.63l",
                  "n": "11",
                  "label": "iv 11",
                  "score-block-ref": "sb.Q003287.63"
                },
                {
                  "node": "l",
                  "frag": "ŠIM.HI.A",
                  "id": "Q003287.l2ce29",
                  "ref": "Q003287.63.1",
                  "inst": "%akk:ŠIM.HI.A=",
                  "f": {
                    "lang": "akk",
                    "form": "ŠIM.HI.A"
                  }
                },
                {
                  "node": "d",
                  "type": "line-start",
                  "ref": "Q003287.64"
                },
                {
                  "node": "d",
                  "type": "line-start",
                  "ref": "Q003287.64l",
                  "n": "12",
                  "label": "iv 12",
                  "score-block-ref": "sb.Q003287.64"
                },
                {
                  "node": "l",
                  "frag": "I₃+GIŠ",
                  "id": "Q003287.l2ce2c",
                  "ref": "Q003287.64.1",
                  "inst": "%akk:I₃+GIŠ=",
                  "f": {
                    "lang": "akk",
                    "form": "I₃+GIŠ"
                  }
                },
                {
                  "node": "l",
                  "frag": "GIŠ.HA.ŠUR",
                  "id": "Q003287.l2ce2d",
                  "ref": "Q003287.64.2",
                  "inst": "%akk:GIŠ.HA.ŠUR=",
                  "f": {
                    "lang": "akk",
                    "form": "GIŠ.HA.ŠUR"
                  }
                },
                {
                  "node": "d",
                  "type": "line-start",
                  "ref": "Q003287.65"
                },
                {
                  "node": "d",
                  "type": "line-start",
                  "ref": "Q003287.65l",
                  "n": "13",
                  "label": "iv 13",
                  "score-block-ref": "sb.Q003287.65"
                },
                {
                  "node": "l",
                  "frag": "uš-še-šu",
                  "id": "Q003287.l2ce32",
                  "ref": "Q003287.65.1",
                  "inst": "%akk:uš-še-šu=",
                  "f": {
                    "lang": "akk",
                    "form": "uš-še-šu"
                  }
                },
                {
                  "node": "d",
                  "type": "line-start",
                  "ref": "Q003287.66"
                },
                {
                  "node": "d",
                  "type": "line-start",
                  "ref": "Q003287.66l",
                  "n": "14",
                  "label": "iv 14",
                  "score-block-ref": "sb.Q003287.66"
                },
                {
                  "node": "l",
                  "frag": "ad-di-ma",
                  "id": "Q003287.l2ce35",
                  "ref": "Q003287.66.1",
                  "inst": "%akk:ad-di-ma=",
                  "f": {
                    "lang": "akk",
                    "form": "ad-di-ma"
                  }
                },
                {
                  "node": "d",
                  "type": "line-start",
                  "ref": "Q003287.67"
                },
                {
                  "node": "d",
                  "type": "line-start",
                  "ref": "Q003287.67l",
                  "n": "16",
                  "label": "iv 16",
                  "score-block-ref": "sb.Q003287.67"
                },
                {
                  "node": "l",
                  "frag": "u₂-kin",
                  "id": "Q003287.l2ce38",
                  "ref": "Q003287.67.1",
                  "inst": "%akk:u₂-kin=",
                  "f": {
                    "lang": "akk",
                    "form": "u₂-kin"
                  }
                },
                {
                  "node": "d",
                  "type": "line-start",
                  "ref": "Q003287.68"
                },
                {
                  "node": "d",
                  "type": "line-start",
                  "ref": "Q003287.68l",
                  "n": "17",
                  "label": "iv 17",
                  "score-block-ref": "sb.Q003287.68"
                },
                {
                  "node": "l",
                  "frag": "lib-na-as-su",
                  "id": "Q003287.l2ce3b",
                  "ref": "Q003287.68.1",
                  "inst": "%akk:lib-na-as-su=",
                  "f": {
                    "lang": "akk",
                    "form": "lib-na-as-su"
                  }
                },
                {
                  "node": "d",
                  "subtype": "column 5",
                  "type": "column",
                  "ref": "Q003287.v.69",
                  "n": "5",
                  "label": "v"
                },
                {
                  "node": "d",
                  "type": "line-start",
                  "ref": "Q003287.70"
                },
                {
                  "node": "d",
                  "type": "line-start",
                  "ref": "Q003287.70l",
                  "n": "1",
                  "label": "v 1",
                  "score-block-ref": "sb.Q003287.70"
                },
                {
                  "node": "l",
                  "frag": "ar-ṣip",
                  "id": "Q003287.l2ce3e",
                  "ref": "Q003287.70.1",
                  "inst": "%akk:ar-ṣip=",
                  "f": {
                    "lang": "akk",
                    "form": "ar-ṣip"
                  }
                },
                {
                  "node": "d",
                  "type": "line-start",
                  "ref": "Q003287.71"
                },
                {
                  "node": "d",
                  "type": "line-start",
                  "ref": "Q003287.71l",
                  "n": "2",
                  "label": "v 2",
                  "score-block-ref": "sb.Q003287.71"
                },
                {
                  "node": "l",
                  "frag": "u₂-šak-⸢lil⸣",
                  "id": "Q003287.l2ce40",
                  "ref": "Q003287.71.1",
                  "inst": "%akk:u₂-šak-lil=",
                  "f": {
                    "lang": "akk",
                    "form": "u₂-šak-lil"
                  }
                },
                {
                  "node": "d",
                  "type": "line-start",
                  "ref": "Q003287.72"
                },
                {
                  "node": "d",
                  "type": "line-start",
                  "ref": "Q003287.72l",
                  "n": "3",
                  "label": "v 3",
                  "score-block-ref": "sb.Q003287.72"
                },
                {
                  "node": "l",
                  "frag": "⸢a⸣-na",
                  "id": "Q003287.l2ce42",
                  "ref": "Q003287.72.1",
                  "inst": "%akk:a-na=",
                  "f": {
                    "lang": "akk",
                    "form": "a-na"
                  }
                },
                {
                  "node": "l",
                  "frag": "tab-rat",
                  "id": "Q003287.l2ce43",
                  "ref": "Q003287.72.2",
                  "inst": "%akk:tab-rat=",
                  "f": {
                    "lang": "akk",
                    "form": "tab-rat"
                  }
                },
                {
                  "node": "d",
                  "type": "line-start",
                  "ref": "Q003287.73"
                },
                {
                  "node": "d",
                  "type": "line-start",
                  "ref": "Q003287.73l",
                  "n": "4",
                  "label": "v 4",
                  "score-block-ref": "sb.Q003287.73"
                },
                {
                  "node": "l",
                  "frag": "UN.ME",
                  "id": "Q003287.l2ce46",
                  "ref": "Q003287.73.1",
                  "inst": "%akk:UN.ME=",
                  "f": {
                    "lang": "akk",
                    "form": "UN.ME"
                  }
                },
                {
                  "node": "d",
                  "type": "line-start",
                  "ref": "Q003287.74"
                },
                {
                  "node": "d",
                  "type": "line-start",
                  "ref": "Q003287.74l",
                  "n": "5",
                  "label": "v 5",
                  "score-block-ref": "sb.Q003287.74"
                },
                {
                  "node": "l",
                  "frag": "⸢ma⸣-aʾ-⸢diš⸣",
                  "id": "Q003287.l2ce48",
                  "ref": "Q003287.74.1",
                  "inst": "%akk:ma-aʾ-diš=",
                  "f": {
                    "lang": "akk",
                    "form": "ma-aʾ-diš"
                  }
                },
                {
                  "node": "d",
                  "type": "line-start",
                  "ref": "Q003287.75"
                },
                {
                  "node": "d",
                  "type": "line-start",
                  "ref": "Q003287.75l",
                  "n": "6",
                  "label": "v 6",
                  "score-block-ref": "sb.Q003287.75"
                },
                {
                  "node": "l",
                  "frag": "u₂-ša₂-⸢lik⸣",
                  "id": "Q003287.l2ce4a",
                  "ref": "Q003287.75.1",
                  "inst": "%akk:u₂-ša₂-lik=",
                  "f": {
                    "lang": "akk",
                    "form": "u₂-ša₂-lik"
                  }
                },
                {
                  "node": "d",
                  "type": "line-start",
                  "ref": "Q003287.76"
                },
                {
                  "node": "d",
                  "type": "line-start",
                  "ref": "Q003287.76l",
                  "n": "7",
                  "label": "v 7",
                  "score-block-ref": "sb.Q003287.76"
                },
                {
                  "node": "l",
                  "frag": "a-na",
                  "id": "Q003287.l2ce4e",
                  "ref": "Q003287.76.1",
                  "inst": "%akk:a-na=",
                  "f": {
                    "lang": "akk",
                    "form": "a-na"
                  }
                },
                {
                  "node": "l",
                  "frag": "TI.LA-ia",
                  "id": "Q003287.l2ce4f",
                  "ref": "Q003287.76.2",
                  "inst": "%akk:TI.LA-ia=",
                  "f": {
                    "lang": "akk",
                    "form": "TI.LA-ia"
                  }
                },
                {
                  "node": "d",
                  "type": "line-start",
                  "ref": "Q003287.77"
                },
                {
                  "node": "d",
                  "type": "line-start",
                  "ref": "Q003287.77l",
                  "n": "8",
                  "label": "v 8",
                  "score-block-ref": "sb.Q003287.77"
                },
                {
                  "node": "l",
                  "frag": "GID₂",
                  "id": "Q003287.l2ce55",
                  "ref": "Q003287.77.1",
                  "inst": "%akk:GID₂=",
                  "f": {
                    "lang": "akk",
                    "form": "GID₂"
                  }
                },
                {
                  "node": "l",
                  "frag": "UD.MEŠ-ia",
                  "id": "Q003287.l2ce56",
                  "ref": "Q003287.77.2",
                  "inst": "%akk:UD.MEŠ-ia=",
                  "f": {
                    "lang": "akk",
                    "form": "UD.MEŠ-ia"
                  }
                },
                {
                  "node": "d",
                  "type": "line-start",
                  "ref": "Q003287.78"
                },
                {
                  "node": "d",
                  "type": "line-start",
                  "ref": "Q003287.78l",
                  "n": "9",
                  "label": "v 9",
                  "score-block-ref": "sb.Q003287.78"
                },
                {
                  "node": "l",
                  "frag": "GIN",
                  "id": "Q003287.l2ce5b",
                  "ref": "Q003287.78.1",
                  "inst": "%akk:GIN=",
                  "f": {
                    "lang": "akk",
                    "form": "GIN"
                  }
                },
                {
                  "node": "l",
                  "frag": "BALA-ia",
                  "id": "Q003287.l2ce5c",
                  "ref": "Q003287.78.2",
                  "inst": "%akk:BALA-ia=",
                  "f": {
                    "lang": "akk",
                    "form": "BALA-ia"
                  }
                },
                {
                  "node": "d",
                  "type": "line-start",
                  "ref": "Q003287.79"
                },
                {
                  "node": "d",
                  "type": "line-start",
                  "ref": "Q003287.79l",
                  "n": "10",
                  "label": "v 10",
                  "score-block-ref": "sb.Q003287.79"
                },
                {
                  "node": "l",
                  "frag": "ša₂-lam",
                  "id": "Q003287.l2ce61",
                  "ref": "Q003287.79.1",
                  "inst": "%akk:ša₂-lam=",
                  "f": {
                    "lang": "akk",
                    "form": "ša₂-lam"
                  }
                },
                {
                  "node": "l",
                  "frag": "NUMUN-ia",
                  "id": "Q003287.l2ce62",
                  "ref": "Q003287.79.2",
                  "inst": "%akk:NUMUN-ia=",
                  "f": {
                    "lang": "akk",
                    "form": "NUMUN-ia"
                  }
                },
                {
                  "node": "d",
                  "type": "line-start",
                  "ref": "Q003287.80"
                },
                {
                  "node": "d",
                  "type": "line-start",
                  "ref": "Q003287.80l",
                  "n": "11",
                  "label": "v 11",
                  "score-block-ref": "sb.Q003287.80"
                },
                {
                  "node": "l",
                  "frag": "na-ṣir",
                  "id": "Q003287.l2ce67",
                  "ref": "Q003287.80.1",
                  "inst": "%akk:na-ṣir=",
                  "f": {
                    "lang": "akk",
                    "form": "na-ṣir"
                  }
                },
                {
                  "node": "l",
                  "frag": "GIŠ.GU.ZA",
                  "id": "Q003287.l2ce68",
                  "ref": "Q003287.80.2",
                  "inst": "%akk:GIŠ.GU.ZA=",
                  "f": {
                    "lang": "akk",
                    "form": "GIŠ.GU.ZA"
                  }
                },
                {
                  "node": "d",
                  "type": "line-start",
                  "ref": "Q003287.81"
                },
                {
                  "node": "d",
                  "type": "line-start",
                  "ref": "Q003287.81l",
                  "n": "12",
                  "label": "v 12",
                  "score-block-ref": "sb.Q003287.81"
                },
                {
                  "node": "l",
                  "frag": "ša₂-an-gu-ti-ia",
                  "id": "Q003287.l2ce6d",
                  "ref": "Q003287.81.1",
                  "inst": "%akk:ša₂-an-gu-ti-ia=",
                  "f": {
                    "lang": "akk",
                    "form": "ša₂-an-gu-ti-ia"
                  }
                },
                {
                  "node": "d",
                  "type": "line-start",
                  "ref": "Q003287.82"
                },
                {
                  "node": "d",
                  "type": "line-start",
                  "ref": "Q003287.82l",
                  "n": "13",
                  "label": "v 13",
                  "score-block-ref": "sb.Q003287.82"
                },
                {
                  "node": "l",
                  "frag": "sa-kip",
                  "id": "Q003287.l2ce70",
                  "ref": "Q003287.82.1",
                  "inst": "%akk:sa-kip=",
                  "f": {
                    "lang": "akk",
                    "form": "sa-kip"
                  }
                },
                {
                  "node": "d",
                  "type": "line-start",
                  "ref": "Q003287.83"
                },
                {
                  "node": "d",
                  "type": "line-start",
                  "ref": "Q003287.83l",
                  "n": "14",
                  "label": "v 14",
                  "score-block-ref": "sb.Q003287.83"
                },
                {
                  "node": "l",
                  "frag": "KUR₂.MEŠ-ia",
                  "id": "Q003287.l2ce73",
                  "ref": "Q003287.83.1",
                  "inst": "%akk:KUR₂.MEŠ-ia=",
                  "f": {
                    "lang": "akk",
                    "form": "KUR₂.MEŠ-ia"
                  }
                },
                {
                  "node": "d",
                  "subtype": "column 6",
                  "type": "column",
                  "ref": "Q003287.vi.84",
                  "n": "6",
                  "label": "vi"
                },
                {
                  "node": "d",
                  "type": "line-start",
                  "ref": "Q003287.85"
                },
                {
                  "node": "d",
                  "type": "line-start",
                  "ref": "Q003287.85l",
                  "n": "1",
                  "label": "vi 1",
                  "score-block-ref": "sb.Q003287.85"
                },
                {
                  "node": "l",
                  "frag": "SI.⸢SA₂⸣",
                  "id": "Q003287.l2ce76",
                  "ref": "Q003287.85.1",
                  "inst": "%akk:SI.SA₂=",
                  "f": {
                    "lang": "akk",
                    "form": "SI.SA₂"
                  }
                },
                {
                  "node": "l",
                  "frag": "[BURU₁₄]",
                  "id": "Q003287.l2ce77",
                  "ref": "Q003287.85.2",
                  "inst": "%akk:BURU₁₄=",
                  "f": {
                    "lang": "akk",
                    "form": "BURU₁₄"
                  }
                },
                {
                  "node": "d",
                  "type": "line-start",
                  "ref": "Q003287.86"
                },
                {
                  "node": "d",
                  "type": "line-start",
                  "ref": "Q003287.86l",
                  "n": "2",
                  "label": "vi 2",
                  "score-block-ref": "sb.Q003287.86"
                },
                {
                  "node": "l",
                  "frag": "KUR",
                  "id": "Q003287.l2ce7a",
                  "ref": "Q003287.86.1",
                  "inst": "%akk:KUR=",
                  "f": {
                    "lang": "akk",
                    "form": "KUR"
                  }
                },
                {
                  "node": "l",
                  "frag": "aš-⸢šur⸣",
                  "id": "Q003287.l2ce7b",
                  "ref": "Q003287.86.2",
                  "inst": "%akk:aš-šur=",
                  "f": {
                    "lang": "akk",
                    "form": "aš-šur"
                  }
                },
                {
                  "node": "d",
                  "type": "line-start",
                  "ref": "Q003287.87"
                },
                {
                  "node": "d",
                  "type": "line-start",
                  "ref": "Q003287.87l",
                  "n": "3",
                  "label": "vi 3",
                  "score-block-ref": "sb.Q003287.87"
                },
                {
                  "node": "l",
                  "frag": "ša₂-lam",
                  "id": "Q003287.l2ce7e",
                  "ref": "Q003287.87.1",
                  "inst": "%akk:ša₂-lam=",
                  "f": {
                    "lang": "akk",
                    "form": "ša₂-lam"
                  }
                },
                {
                  "node": "d",
                  "type": "line-start",
                  "ref": "Q003287.88"
                },
                {
                  "node": "d",
                  "type": "line-start",
                  "ref": "Q003287.88l",
                  "n": "4",
                  "label": "vi 4",
                  "score-block-ref": "sb.Q003287.88"
                },
                {
                  "node": "l",
                  "frag": "KUR",
                  "id": "Q003287.l2ce80",
                  "ref": "Q003287.88.1",
                  "inst": "%akk:KUR=",
                  "f": {
                    "lang": "akk",
                    "form": "KUR"
                  }
                },
                {
                  "node": "l",
                  "frag": "aš-šur",
                  "id": "Q003287.l2ce81",
                  "ref": "Q003287.88.2",
                  "inst": "%akk:aš-šur=",
                  "f": {
                    "lang": "akk",
                    "form": "aš-šur"
                  }
                },
                {
                  "node": "d",
                  "type": "line-start",
                  "ref": "Q003287.89"
                },
                {
                  "node": "d",
                  "type": "line-start",
                  "ref": "Q003287.89l",
                  "n": "5",
                  "label": "vi 5",
                  "score-block-ref": "sb.Q003287.89"
                },
                {
                  "node": "l",
                  "frag": "e-pu-uš",
                  "id": "Q003287.l2ce84",
                  "ref": "Q003287.89.1",
                  "inst": "%akk:e-pu-uš=",
                  "f": {
                    "lang": "akk",
                    "form": "e-pu-uš"
                  }
                }
              ]
            }
          ]
        }
      ]
    }
  ]
}
