{
  "type": "index",
  "project": "hbtin",
  "source": "http://oracc.org/hbtin",
  "license": "This data is released under the CC0 license",
  "license-url": "https://creativecommons.org/publicdomain/zero/1.0/",
  "more-info": "http://oracc.org/doc/opendata/",
  "UTC-timestamp": "2017-06-21T22:44:17",
  "name": "cbd/qpn-x-months",
  "keys": [
    {
      "key": "ṭebetu",
      "count": "2",
      "instances": [
        "qpn-x-months.x000145",
        "qpn-x-months.x000145"
      ]
    },
    {
      "key": "Tašritu[1]",
      "count": "1",
      "instances": [
        "qpn-x-months.x000129"
      ]
    },
    {
      "key": "Šabaṭu[1]",
      "count": "1",
      "instances": [
        "qpn-x-months.x000117"
      ]
    },
    {
      "key": "apin",
      "count": "6",
      "instances": [
        "qpn-x-months.x000037",
        "qpn-x-months.x000037",
        "qpn-x-months.x000037",
        "qpn-x-months.x000037",
        "qpn-x-months.x000037",
        "qpn-x-months.x000037"
      ]
    },
    {
      "key": "X[1]",
      "count": "1",
      "instances": [
        "qpn-x-months.x000178"
      ]
    },
    {
      "key": "kin",
      "count": "4",
      "instances": [
        "qpn-x-months.x000157",
        "qpn-x-months.x000157",
        "qpn-x-months.x000157",
        "qpn-x-months.x000157"
      ]
    },
    {
      "key": "ab",
      "count": "4",
      "instances": [
        "qpn-x-months.x000145",
        "qpn-x-months.x000145",
        "qpn-x-months.x000145",
        "qpn-x-months.x000145"
      ]
    },
    {
      "key": "bara₂",
      "count": "2",
      "instances": [
        "qpn-x-months.x000089",
        "qpn-x-months.x000089"
      ]
    },
    {
      "key": "Addaru[1]",
      "count": "2",
      "instances": [
        "qpn-x-months.x000012",
        "qpn-x-months.x000029"
      ]
    },
    {
      "key": "it",
      "count": "2",
      "instances": [
        "qpn-x-months.x000065",
        "qpn-x-months.x000065"
      ]
    },
    {
      "key": "ne",
      "count": "4",
      "instances": [
        "qpn-x-months.x000000",
        "qpn-x-months.x000000",
        "qpn-x-months.x000000",
        "qpn-x-months.x000000"
      ]
    },
    {
      "key": "Arahšamnu[1]",
      "count": "1",
      "instances": [
        "qpn-x-months.x000037"
      ]
    },
    {
      "key": "warkû[rear]",
      "count": "2",
      "instances": [
        "qpn-x-months.x000029",
        "qpn-x-months.x000169"
      ]
    },
    {
      "key": "ululu",
      "count": "2",
      "instances": [
        "qpn-x-months.x000157",
        "qpn-x-months.x000157"
      ]
    },
    {
      "key": "Kislimu[1]",
      "count": "1",
      "instances": [
        "qpn-x-months.x000077"
      ]
    },
    {
      "key": "abu",
      "count": "2",
      "instances": [
        "qpn-x-months.x000000",
        "qpn-x-months.x000000"
      ]
    },
    {
      "key": "sig₄",
      "count": "2",
      "instances": [
        "qpn-x-months.x000101",
        "qpn-x-months.x000101"
      ]
    },
    {
      "key": "Abu[1]",
      "count": "1",
      "instances": [
        "qpn-x-months.x000000"
      ]
    },
    {
      "key": "Nisannu[1]",
      "count": "1",
      "instances": [
        "qpn-x-months.x000089"
      ]
    },
    {
      "key": "duʾuzu",
      "count": "2",
      "instances": [
        "qpn-x-months.x000065",
        "qpn-x-months.x000065"
      ]
    },
    {
      "key": "diriše",
      "count": "6",
      "instances": [
        "qpn-x-months.x000012",
        "qpn-x-months.x000012",
        "qpn-x-months.x000029",
        "qpn-x-months.x000029",
        "qpn-x-months.x000169",
        "qpn-x-months.x000169"
      ]
    },
    {
      "key": "nisannu",
      "count": "2",
      "instances": [
        "qpn-x-months.x000089",
        "qpn-x-months.x000089"
      ]
    },
    {
      "key": "rear",
      "count": "2",
      "instances": [
        "qpn-x-months.x000029",
        "qpn-x-months.x000169"
      ]
    },
    {
      "key": "du₆",
      "count": "5",
      "instances": [
        "qpn-x-months.x000129",
        "qpn-x-months.x000129",
        "qpn-x-months.x000129",
        "qpn-x-months.x000129",
        "qpn-x-months.x000129"
      ]
    },
    {
      "key": "du₈",
      "count": "2",
      "instances": [
        "qpn-x-months.x000037",
        "qpn-x-months.x000037"
      ]
    },
    {
      "key": "šu",
      "count": "4",
      "instances": [
        "qpn-x-months.x000065",
        "qpn-x-months.x000065",
        "qpn-x-months.x000065",
        "qpn-x-months.x000065"
      ]
    },
    {
      "key": "še",
      "count": "4",
      "instances": [
        "qpn-x-months.x000012",
        "qpn-x-months.x000012",
        "qpn-x-months.x000012",
        "qpn-x-months.x000012"
      ]
    },
    {
      "key": "ziz₂",
      "count": "4",
      "instances": [
        "qpn-x-months.x000117",
        "qpn-x-months.x000117",
        "qpn-x-months.x000117",
        "qpn-x-months.x000117"
      ]
    },
    {
      "key": "gu₄",
      "count": "4",
      "instances": [
        "qpn-x-months.x000053",
        "qpn-x-months.x000053",
        "qpn-x-months.x000053",
        "qpn-x-months.x000053"
      ]
    },
    {
      "key": "Ṭebetu[1]",
      "count": "1",
      "instances": [
        "qpn-x-months.x000145"
      ]
    },
    {
      "key": "ayyaru",
      "count": "2",
      "instances": [
        "qpn-x-months.x000053",
        "qpn-x-months.x000053"
      ]
    },
    {
      "key": "bar",
      "count": "2",
      "instances": [
        "qpn-x-months.x000089",
        "qpn-x-months.x000089"
      ]
    },
    {
      "key": "arahšamnu",
      "count": "2",
      "instances": [
        "qpn-x-months.x000037",
        "qpn-x-months.x000037"
      ]
    },
    {
      "key": "sig",
      "count": "4",
      "instances": [
        "qpn-x-months.x000101",
        "qpn-x-months.x000101",
        "qpn-x-months.x000101",
        "qpn-x-months.x000101"
      ]
    },
    {
      "key": "gan",
      "count": "4",
      "instances": [
        "qpn-x-months.x000077",
        "qpn-x-months.x000077",
        "qpn-x-months.x000077",
        "qpn-x-months.x000077"
      ]
    },
    {
      "key": "kislimu",
      "count": "2",
      "instances": [
        "qpn-x-months.x000077",
        "qpn-x-months.x000077"
      ]
    },
    {
      "key": "Duʾuzu[1]",
      "count": "1",
      "instances": [
        "qpn-x-months.x000065"
      ]
    },
    {
      "key": "Addaru Arku[Intercalary Addaru]",
      "count": "1",
      "instances": [
        "qpn-x-months.x000029"
      ]
    },
    {
      "key": "addaru",
      "count": "7",
      "instances": [
        "qpn-x-months.x000012",
        "qpn-x-months.x000012",
        "qpn-x-months.x000029",
        "qpn-x-months.x000029",
        "qpn-x-months.x000029",
        "qpn-x-months.x000029",
        "qpn-x-months.x000029"
      ]
    },
    {
      "key": "Ululu[1]",
      "count": "1",
      "instances": [
        "qpn-x-months.x000157"
      ]
    },
    {
      "key": "Simanu[1]",
      "count": "1",
      "instances": [
        "qpn-x-months.x000101"
      ]
    },
    {
      "key": "šabaṭu",
      "count": "2",
      "instances": [
        "qpn-x-months.x000117",
        "qpn-x-months.x000117"
      ]
    },
    {
      "key": "tašritu",
      "count": "2",
      "instances": [
        "qpn-x-months.x000129",
        "qpn-x-months.x000129"
      ]
    },
    {
      "key": "warku",
      "count": "2",
      "instances": [
        "qpn-x-months.x000029",
        "qpn-x-months.x000169"
      ]
    },
    {
      "key": "simanu",
      "count": "2",
      "instances": [
        "qpn-x-months.x000101",
        "qpn-x-months.x000101"
      ]
    },
    {
      "key": "Ayyaru[1]",
      "count": "1",
      "instances": [
        "qpn-x-months.x000053"
      ]
    },
    {
      "key": "intercalary",
      "count": "4",
      "instances": [
        "qpn-x-months.x000029",
        "qpn-x-months.x000029",
        "qpn-x-months.x000029",
        "qpn-x-months.x000169"
      ]
    },
    {
      "key": "ltebabdu₆",
      "count": "1",
      "instances": [
        "qpn-x-months.x000129"
      ]
    },
    {
      "key": "arku",
      "count": "3",
      "instances": [
        "qpn-x-months.x000029",
        "qpn-x-months.x000029",
        "qpn-x-months.x000169"
      ]
    },
    {
      "key": "1",
      "count": "28",
      "instances": [
        "qpn-x-months.x000000",
        "qpn-x-months.x000000",
        "qpn-x-months.x000012",
        "qpn-x-months.x000012",
        "qpn-x-months.x000029",
        "qpn-x-months.x000029",
        "qpn-x-months.x000037",
        "qpn-x-months.x000037",
        "qpn-x-months.x000053",
        "qpn-x-months.x000053",
        "qpn-x-months.x000065",
        "qpn-x-months.x000065",
        "qpn-x-months.x000077",
        "qpn-x-months.x000077",
        "qpn-x-months.x000089",
        "qpn-x-months.x000089",
        "qpn-x-months.x000101",
        "qpn-x-months.x000101",
        "qpn-x-months.x000117",
        "qpn-x-months.x000117",
        "qpn-x-months.x000129",
        "qpn-x-months.x000129",
        "qpn-x-months.x000145",
        "qpn-x-months.x000145",
        "qpn-x-months.x000157",
        "qpn-x-months.x000157",
        "qpn-x-months.x000178",
        "qpn-x-months.x000178"
      ]
    },
    {
      "key": "#",
      "count": "61",
      "instances": [
        "qpn-x-months.x000000",
        "qpn-x-months.x000000",
        "qpn-x-months.x000000",
        "qpn-x-months.x000000",
        "qpn-x-months.x000012",
        "qpn-x-months.x000012",
        "qpn-x-months.x000012",
        "qpn-x-months.x000012",
        "qpn-x-months.x000012",
        "qpn-x-months.x000012",
        "qpn-x-months.x000029",
        "qpn-x-months.x000029",
        "qpn-x-months.x000029",
        "qpn-x-months.x000037",
        "qpn-x-months.x000037",
        "qpn-x-months.x000037",
        "qpn-x-months.x000037",
        "qpn-x-months.x000037",
        "qpn-x-months.x000037",
        "qpn-x-months.x000053",
        "qpn-x-months.x000053",
        "qpn-x-months.x000053",
        "qpn-x-months.x000053",
        "qpn-x-months.x000065",
        "qpn-x-months.x000065",
        "qpn-x-months.x000065",
        "qpn-x-months.x000065",
        "qpn-x-months.x000077",
        "qpn-x-months.x000077",
        "qpn-x-months.x000077",
        "qpn-x-months.x000077",
        "qpn-x-months.x000089",
        "qpn-x-months.x000089",
        "qpn-x-months.x000089",
        "qpn-x-months.x000089",
        "qpn-x-months.x000101",
        "qpn-x-months.x000101",
        "qpn-x-months.x000101",
        "qpn-x-months.x000101",
        "qpn-x-months.x000101",
        "qpn-x-months.x000101",
        "qpn-x-months.x000117",
        "qpn-x-months.x000117",
        "qpn-x-months.x000117",
        "qpn-x-months.x000117",
        "qpn-x-months.x000129",
        "qpn-x-months.x000129",
        "qpn-x-months.x000129",
        "qpn-x-months.x000129",
        "qpn-x-months.x000145",
        "qpn-x-months.x000145",
        "qpn-x-months.x000145",
        "qpn-x-months.x000145",
        "qpn-x-months.x000157",
        "qpn-x-months.x000157",
        "qpn-x-months.x000157",
        "qpn-x-months.x000157",
        "qpn-x-months.x000169",
        "qpn-x-months.x000169",
        "qpn-x-months.x000178",
        "qpn-x-months.x000178"
      ]
    },
    {
      "key": "iti",
      "count": "58",
      "instances": [
        "qpn-x-months.x000000",
        "qpn-x-months.x000000",
        "qpn-x-months.x000000",
        "qpn-x-months.x000000",
        "qpn-x-months.x000012",
        "qpn-x-months.x000012",
        "qpn-x-months.x000012",
        "qpn-x-months.x000012",
        "qpn-x-months.x000012",
        "qpn-x-months.x000012",
        "qpn-x-months.x000029",
        "qpn-x-months.x000029",
        "qpn-x-months.x000037",
        "qpn-x-months.x000037",
        "qpn-x-months.x000037",
        "qpn-x-months.x000037",
        "qpn-x-months.x000037",
        "qpn-x-months.x000037",
        "qpn-x-months.x000053",
        "qpn-x-months.x000053",
        "qpn-x-months.x000053",
        "qpn-x-months.x000053",
        "qpn-x-months.x000065",
        "qpn-x-months.x000065",
        "qpn-x-months.x000077",
        "qpn-x-months.x000077",
        "qpn-x-months.x000077",
        "qpn-x-months.x000077",
        "qpn-x-months.x000089",
        "qpn-x-months.x000089",
        "qpn-x-months.x000089",
        "qpn-x-months.x000089",
        "qpn-x-months.x000101",
        "qpn-x-months.x000101",
        "qpn-x-months.x000101",
        "qpn-x-months.x000101",
        "qpn-x-months.x000101",
        "qpn-x-months.x000101",
        "qpn-x-months.x000117",
        "qpn-x-months.x000117",
        "qpn-x-months.x000117",
        "qpn-x-months.x000117",
        "qpn-x-months.x000129",
        "qpn-x-months.x000129",
        "qpn-x-months.x000129",
        "qpn-x-months.x000129",
        "qpn-x-months.x000145",
        "qpn-x-months.x000145",
        "qpn-x-months.x000145",
        "qpn-x-months.x000145",
        "qpn-x-months.x000157",
        "qpn-x-months.x000157",
        "qpn-x-months.x000157",
        "qpn-x-months.x000157",
        "qpn-x-months.x000169",
        "qpn-x-months.x000169",
        "qpn-x-months.x000178",
        "qpn-x-months.x000178"
      ]
    },
    {
      "key": "kam₂",
      "count": "22",
      "instances": [
        "qpn-x-months.x000000",
        "qpn-x-months.x000000",
        "qpn-x-months.x000012",
        "qpn-x-months.x000012",
        "qpn-x-months.x000037",
        "qpn-x-months.x000037",
        "qpn-x-months.x000053",
        "qpn-x-months.x000053",
        "qpn-x-months.x000065",
        "qpn-x-months.x000065",
        "qpn-x-months.x000077",
        "qpn-x-months.x000077",
        "qpn-x-months.x000101",
        "qpn-x-months.x000101",
        "qpn-x-months.x000117",
        "qpn-x-months.x000117",
        "qpn-x-months.x000129",
        "qpn-x-months.x000129",
        "qpn-x-months.x000145",
        "qpn-x-months.x000145",
        "qpn-x-months.x000157",
        "qpn-x-months.x000157"
      ]
    },
    {
      "key": "akk",
      "count": "30",
      "instances": [
        "qpn-x-months.x000000",
        "qpn-x-months.x000000",
        "qpn-x-months.x000012",
        "qpn-x-months.x000012",
        "qpn-x-months.x000012",
        "qpn-x-months.x000037",
        "qpn-x-months.x000037",
        "qpn-x-months.x000037",
        "qpn-x-months.x000053",
        "qpn-x-months.x000053",
        "qpn-x-months.x000065",
        "qpn-x-months.x000065",
        "qpn-x-months.x000077",
        "qpn-x-months.x000077",
        "qpn-x-months.x000089",
        "qpn-x-months.x000089",
        "qpn-x-months.x000101",
        "qpn-x-months.x000101",
        "qpn-x-months.x000101",
        "qpn-x-months.x000117",
        "qpn-x-months.x000117",
        "qpn-x-months.x000129",
        "qpn-x-months.x000129",
        "qpn-x-months.x000129",
        "qpn-x-months.x000145",
        "qpn-x-months.x000145",
        "qpn-x-months.x000157",
        "qpn-x-months.x000157",
        "qpn-x-months.x000169",
        "qpn-x-months.x000178"
      ]
    },
    {
      "key": "x",
      "count": "34",
      "instances": [
        "qpn-x-months.x000000",
        "qpn-x-months.x000000",
        "qpn-x-months.x000012",
        "qpn-x-months.x000012",
        "qpn-x-months.x000012",
        "qpn-x-months.x000037",
        "qpn-x-months.x000037",
        "qpn-x-months.x000037",
        "qpn-x-months.x000053",
        "qpn-x-months.x000053",
        "qpn-x-months.x000065",
        "qpn-x-months.x000065",
        "qpn-x-months.x000077",
        "qpn-x-months.x000077",
        "qpn-x-months.x000089",
        "qpn-x-months.x000089",
        "qpn-x-months.x000101",
        "qpn-x-months.x000101",
        "qpn-x-months.x000101",
        "qpn-x-months.x000117",
        "qpn-x-months.x000117",
        "qpn-x-months.x000129",
        "qpn-x-months.x000129",
        "qpn-x-months.x000129",
        "qpn-x-months.x000145",
        "qpn-x-months.x000145",
        "qpn-x-months.x000157",
        "qpn-x-months.x000157",
        "qpn-x-months.x000169",
        "qpn-x-months.x000178",
        "qpn-x-months.x000178",
        "qpn-x-months.x000178",
        "qpn-x-months.x000178",
        "qpn-x-months.x000178"
      ]
    },
    {
      "key": "ltebab",
      "count": "29",
      "instances": [
        "qpn-x-months.x000000",
        "qpn-x-months.x000000",
        "qpn-x-months.x000012",
        "qpn-x-months.x000012",
        "qpn-x-months.x000012",
        "qpn-x-months.x000037",
        "qpn-x-months.x000037",
        "qpn-x-months.x000037",
        "qpn-x-months.x000053",
        "qpn-x-months.x000053",
        "qpn-x-months.x000065",
        "qpn-x-months.x000065",
        "qpn-x-months.x000077",
        "qpn-x-months.x000077",
        "qpn-x-months.x000089",
        "qpn-x-months.x000089",
        "qpn-x-months.x000101",
        "qpn-x-months.x000101",
        "qpn-x-months.x000101",
        "qpn-x-months.x000117",
        "qpn-x-months.x000117",
        "qpn-x-months.x000129",
        "qpn-x-months.x000129",
        "qpn-x-months.x000145",
        "qpn-x-months.x000145",
        "qpn-x-months.x000157",
        "qpn-x-months.x000157",
        "qpn-x-months.x000169",
        "qpn-x-months.x000178"
      ]
    }
  ],
  "map": {
    "Abu": "abu",
    "NE": "ne",
    "KAM₂": "kam₂",
    "%akk": "akk",
    "ltebab:": "ltebab",
    "Addaru": "addaru",
    "DIRI.ŠE": "diriše",
    "ŠE": "še",
    "Arku": "arku",
    "Intercalary": "intercalary",
    "warkû": "warku",
    "arkû": "arku",
    "Arahšamnu": "arahšamnu",
    "APIN": "apin",
    "DU₈": "du₈",
    "Ayyaru": "ayyaru",
    "GU₄": "gu₄",
    "Duʾuzu": "duʾuzu",
    "ŠU": "šu",
    "Kislimu": "kislimu",
    "GAN": "gan",
    "Nisannu": "nisannu",
    "BAR": "bar",
    "BARA₂": "bara₂",
    "Simanu": "simanu",
    "SIG": "sig",
    "SIG₄": "sig₄",
    "Šabaṭu": "šabaṭu",
    "ZIZ₂": "ziz₂",
    "Tašritu": "tašritu",
    "DU₆": "du₆",
    "ltebab:DU₆": "ltebabdu₆",
    "Ṭebetu": "ṭebetu",
    "AB": "ab",
    "Ululu": "ululu",
    "KIN": "kin",
    "X": "x"
  }
}
