{
  "type": "cdl",
  "project": "dccmt",
  "source": "http://oracc.org/dccmt",
  "license": "This data is released under the CC0 license",
  "license-url": "https://creativecommons.org/publicdomain/zero/1.0/",
  "more-info": "http://oracc.org/doc/opendata/",
  "UTC-timestamp": "2017-06-21T22:33:02",
  "textid": "P254814",
  "cdl": [
    {
      "node": "c",
      "type": "text",
      "id": "P254814.U0",
      "cdl": [
        {
          "node": "d",
          "subtype": "tablet",
          "type": "tablet",
          "ref": "P254814.x9.1",
          "label": "x9"
        },
        {
          "node": "d",
          "subtype": "obverse",
          "type": "obverse",
          "ref": "P254814.o.2",
          "label": "o"
        },
        {
          "node": "d",
          "subtype": "column 1o",
          "type": "column",
          "ref": "P254814.o.i.3",
          "n": "1",
          "label": "o i"
        },
        {
          "node": "c",
          "type": "discourse",
          "subtype": "body",
          "id": "P254814.U1",
          "cdl": [
            {
              "node": "c",
              "type": "sentence",
              "id": "P254814.U2",
              "label": "o i 1 - r ii 1",
              "cdl": [
                {
                  "node": "d",
                  "type": "line-start",
                  "ref": "P254814.4",
                  "n": "1",
                  "label": "o i 1"
                },
                {
                  "node": "l",
                  "frag": "4(aš)",
                  "id": "P254814.l01aec",
                  "ref": "P254814.4.1",
                  "inst": "%qeb:4(aš)=",
                  "f": {
                    "lang": "qeb",
                    "form": "4(aš)",
                    "delim": " ",
                    "gdl": [
                      {
                        "n": "n",
                        "form": "4(aš)",
                        "id": "P254814.4.1.0",
                        "seq": [
                          {
                            "r": "4"
                          },
                          {
                            "v": "aš"
                          }
                        ]
                      }
                    ]
                  }
                },
                {
                  "node": "l",
                  "frag": "še",
                  "id": "P254814.l01aed",
                  "ref": "P254814.4.2",
                  "inst": "%sux:še=",
                  "f": {
                    "lang": "sux",
                    "form": "še",
                    "delim": " ",
                    "gdl": [
                      {
                        "v": "še",
                        "id": "P254814.4.2.0"
                      }
                    ]
                  }
                },
                {
                  "node": "l",
                  "frag": "gu₂-bar",
                  "id": "P254814.l01aee",
                  "ref": "P254814.4.3",
                  "inst": "%qeb:gu₂-bar=",
                  "f": {
                    "lang": "qeb",
                    "form": "gu₂-bar",
                    "delim": " ",
                    "gdl": [
                      {
                        "v": "gu₂",
                        "id": "P254814.4.3.0",
                        "delim": "-"
                      },
                      {
                        "v": "bar",
                        "id": "P254814.4.3.1"
                      }
                    ]
                  }
                },
                {
                  "node": "l",
                  "frag": "4(diš)",
                  "id": "P254814.l01aef",
                  "ref": "P254814.4.4",
                  "inst": "%qeb:4(diš)=",
                  "f": {
                    "lang": "qeb",
                    "form": "4(diš)",
                    "delim": " ",
                    "gdl": [
                      {
                        "n": "n",
                        "form": "4(diš)",
                        "id": "P254814.4.4.0",
                        "seq": [
                          {
                            "r": "4"
                          },
                          {
                            "v": "diš"
                          }
                        ]
                      }
                    ]
                  }
                },
                {
                  "node": "l",
                  "frag": "niŋ₂-sagšu",
                  "id": "P254814.l01af0",
                  "ref": "P254814.4.5",
                  "inst": "%sux:niŋ₂-sagšu=",
                  "f": {
                    "lang": "sux",
                    "form": "niŋ₂-sagšu",
                    "gdl": [
                      {
                        "v": "niŋ₂",
                        "id": "P254814.4.5.0",
                        "delim": "-"
                      },
                      {
                        "v": "sagšu",
                        "id": "P254814.4.5.1"
                      }
                    ]
                  }
                },
                {
                  "node": "d",
                  "type": "line-start",
                  "ref": "P254814.5",
                  "n": "2",
                  "label": "o i 2"
                },
                {
                  "node": "l",
                  "frag": "1(aš)",
                  "id": "P254814.l01af1",
                  "ref": "P254814.5.1",
                  "inst": "%qeb:1(aš)=",
                  "f": {
                    "lang": "qeb",
                    "form": "1(aš)",
                    "delim": " ",
                    "gdl": [
                      {
                        "n": "n",
                        "form": "1(aš)",
                        "id": "P254814.5.1.0",
                        "seq": [
                          {
                            "r": "1"
                          },
                          {
                            "v": "aš"
                          }
                        ]
                      }
                    ]
                  }
                },
                {
                  "node": "l",
                  "frag": "mi-at",
                  "id": "P254814.l01af2",
                  "ref": "P254814.5.2",
                  "inst": "%qeb:mi-at=",
                  "f": {
                    "lang": "qeb",
                    "form": "mi-at",
                    "delim": " ",
                    "gdl": [
                      {
                        "v": "mi",
                        "id": "P254814.5.2.0",
                        "delim": "-"
                      },
                      {
                        "v": "at",
                        "id": "P254814.5.2.1"
                      }
                    ]
                  }
                },
                {
                  "node": "l",
                  "frag": "niŋ₂-sagšu",
                  "id": "P254814.l01af3",
                  "ref": "P254814.5.3",
                  "inst": "%sux:niŋ₂-sagšu=",
                  "f": {
                    "lang": "sux",
                    "form": "niŋ₂-sagšu",
                    "gdl": [
                      {
                        "v": "niŋ₂",
                        "id": "P254814.5.3.0",
                        "delim": "-"
                      },
                      {
                        "v": "sagšu",
                        "id": "P254814.5.3.1"
                      }
                    ]
                  }
                },
                {
                  "node": "d",
                  "type": "line-start",
                  "ref": "P254814.6",
                  "n": "3",
                  "label": "o i 3"
                },
                {
                  "node": "l",
                  "frag": "2(u)",
                  "id": "P254814.l01af4",
                  "ref": "P254814.6.1",
                  "inst": "%qeb:2(u)=",
                  "f": {
                    "lang": "qeb",
                    "form": "2(u)",
                    "delim": " ",
                    "gdl": [
                      {
                        "n": "n",
                        "form": "2(u)",
                        "id": "P254814.6.1.0",
                        "seq": [
                          {
                            "r": "2"
                          },
                          {
                            "v": "u"
                          }
                        ]
                      }
                    ]
                  }
                },
                {
                  "node": "l",
                  "frag": "1/2(diš)",
                  "id": "P254814.l01af5",
                  "ref": "P254814.6.2",
                  "inst": "%qeb:1/2(diš)=",
                  "f": {
                    "lang": "qeb",
                    "form": "1/2(diš)",
                    "delim": " ",
                    "gdl": [
                      {
                        "n": "n",
                        "form": "1/2(diš)",
                        "id": "P254814.6.2.0",
                        "seq": [
                          {
                            "r": "1/2"
                          },
                          {
                            "v": "diš"
                          }
                        ]
                      }
                    ]
                  }
                },
                {
                  "node": "l",
                  "frag": "še",
                  "id": "P254814.l01af6",
                  "ref": "P254814.6.3",
                  "inst": "%sux:še=",
                  "f": {
                    "lang": "sux",
                    "form": "še",
                    "delim": " ",
                    "gdl": [
                      {
                        "v": "še",
                        "id": "P254814.6.3.0"
                      }
                    ]
                  }
                },
                {
                  "node": "l",
                  "frag": "gu₂-bar",
                  "id": "P254814.l01af7",
                  "ref": "P254814.6.4",
                  "inst": "%qeb:gu₂-bar=",
                  "f": {
                    "lang": "qeb",
                    "form": "gu₂-bar",
                    "delim": " ",
                    "gdl": [
                      {
                        "v": "gu₂",
                        "id": "P254814.6.4.0",
                        "delim": "-"
                      },
                      {
                        "v": "bar",
                        "id": "P254814.6.4.1"
                      }
                    ]
                  }
                },
                {
                  "node": "l",
                  "frag": "8(diš)",
                  "id": "P254814.l01af8",
                  "ref": "P254814.6.5",
                  "inst": "%qeb:8(diš)=",
                  "f": {
                    "lang": "qeb",
                    "form": "8(diš)",
                    "delim": " ",
                    "gdl": [
                      {
                        "n": "n",
                        "form": "8(diš)",
                        "id": "P254814.6.5.0",
                        "seq": [
                          {
                            "r": "8"
                          },
                          {
                            "v": "diš"
                          }
                        ]
                      }
                    ]
                  }
                },
                {
                  "node": "l",
                  "frag": "niŋ₂-sagšu",
                  "id": "P254814.l01af9",
                  "ref": "P254814.6.6",
                  "inst": "%sux:niŋ₂-sagšu=",
                  "f": {
                    "lang": "sux",
                    "form": "niŋ₂-sagšu",
                    "gdl": [
                      {
                        "v": "niŋ₂",
                        "id": "P254814.6.6.0",
                        "delim": "-"
                      },
                      {
                        "v": "sagšu",
                        "id": "P254814.6.6.1"
                      }
                    ]
                  }
                },
                {
                  "node": "d",
                  "subtype": "column 2o",
                  "type": "column",
                  "ref": "P254814.o.ii.7",
                  "n": "2",
                  "label": "o ii"
                },
                {
                  "node": "d",
                  "type": "line-start",
                  "ref": "P254814.8",
                  "n": "1",
                  "label": "o ii 1"
                },
                {
                  "node": "l",
                  "frag": "5(aš)",
                  "id": "P254814.l01afa",
                  "ref": "P254814.8.1",
                  "inst": "%qeb:5(aš)=",
                  "f": {
                    "lang": "qeb",
                    "form": "5(aš)",
                    "delim": " ",
                    "gdl": [
                      {
                        "n": "n",
                        "form": "5(aš)",
                        "id": "P254814.8.1.0",
                        "seq": [
                          {
                            "r": "5"
                          },
                          {
                            "v": "aš"
                          }
                        ]
                      }
                    ]
                  }
                },
                {
                  "node": "l",
                  "frag": "mi",
                  "id": "P254814.l01afb",
                  "ref": "P254814.8.2",
                  "inst": "%qeb:mi=",
                  "f": {
                    "lang": "qeb",
                    "form": "mi",
                    "delim": " ",
                    "gdl": [
                      {
                        "v": "mi",
                        "id": "P254814.8.2.0"
                      }
                    ]
                  }
                },
                {
                  "node": "l",
                  "frag": "niŋ₂-sagšu",
                  "id": "P254814.l01afc",
                  "ref": "P254814.8.3",
                  "inst": "%sux:niŋ₂-sagšu=",
                  "f": {
                    "lang": "sux",
                    "form": "niŋ₂-sagšu",
                    "gdl": [
                      {
                        "v": "niŋ₂",
                        "id": "P254814.8.3.0",
                        "delim": "-"
                      },
                      {
                        "v": "sagšu",
                        "id": "P254814.8.3.1"
                      }
                    ]
                  }
                },
                {
                  "node": "d",
                  "type": "line-start",
                  "ref": "P254814.9",
                  "n": "2",
                  "label": "o ii 2"
                },
                {
                  "node": "l",
                  "frag": "4(u)",
                  "id": "P254814.l01afd",
                  "ref": "P254814.9.1",
                  "inst": "%qeb:4(u)=",
                  "f": {
                    "lang": "qeb",
                    "form": "4(u)",
                    "delim": " ",
                    "gdl": [
                      {
                        "n": "n",
                        "form": "4(u)",
                        "id": "P254814.9.1.0",
                        "seq": [
                          {
                            "r": "4"
                          },
                          {
                            "v": "u"
                          }
                        ]
                      }
                    ]
                  }
                },
                {
                  "node": "l",
                  "frag": "1(aš)",
                  "id": "P254814.l01afe",
                  "ref": "P254814.9.2",
                  "inst": "%qeb:1(aš)=",
                  "f": {
                    "lang": "qeb",
                    "form": "1(aš)",
                    "delim": " ",
                    "gdl": [
                      {
                        "n": "n",
                        "form": "1(aš)",
                        "id": "P254814.9.2.0",
                        "seq": [
                          {
                            "r": "1"
                          },
                          {
                            "v": "aš"
                          }
                        ]
                      }
                    ]
                  }
                },
                {
                  "node": "l",
                  "frag": "1/2(diš)",
                  "id": "P254814.l01aff",
                  "ref": "P254814.9.3",
                  "inst": "%qeb:1/2(diš)=",
                  "f": {
                    "lang": "qeb",
                    "form": "1/2(diš)",
                    "delim": " ",
                    "gdl": [
                      {
                        "n": "n",
                        "form": "1/2(diš)",
                        "id": "P254814.9.3.0",
                        "seq": [
                          {
                            "r": "1/2"
                          },
                          {
                            "v": "diš"
                          }
                        ]
                      }
                    ]
                  }
                },
                {
                  "node": "l",
                  "frag": "še",
                  "id": "P254814.l01b00",
                  "ref": "P254814.9.4",
                  "inst": "%sux:še=",
                  "f": {
                    "lang": "sux",
                    "form": "še",
                    "delim": " ",
                    "gdl": [
                      {
                        "v": "še",
                        "id": "P254814.9.4.0"
                      }
                    ]
                  }
                },
                {
                  "node": "l",
                  "frag": "gu₂-bar",
                  "id": "P254814.l01b01",
                  "ref": "P254814.9.5",
                  "inst": "%qeb:gu₂-bar=",
                  "f": {
                    "lang": "qeb",
                    "form": "gu₂-bar",
                    "delim": " ",
                    "gdl": [
                      {
                        "v": "gu₂",
                        "id": "P254814.9.5.0",
                        "delim": "-"
                      },
                      {
                        "v": "bar",
                        "id": "P254814.9.5.1"
                      }
                    ]
                  }
                },
                {
                  "node": "l",
                  "frag": "4(diš)",
                  "id": "P254814.l01b02",
                  "ref": "P254814.9.6",
                  "inst": "%qeb:4(diš)=",
                  "f": {
                    "lang": "qeb",
                    "form": "4(diš)",
                    "delim": " ",
                    "gdl": [
                      {
                        "n": "n",
                        "form": "4(diš)",
                        "id": "P254814.9.6.0",
                        "seq": [
                          {
                            "r": "4"
                          },
                          {
                            "v": "diš"
                          }
                        ]
                      }
                    ]
                  }
                },
                {
                  "node": "l",
                  "frag": "niŋ₂-sagšu",
                  "id": "P254814.l01b03",
                  "ref": "P254814.9.7",
                  "inst": "%sux:niŋ₂-sagšu=",
                  "f": {
                    "lang": "sux",
                    "form": "niŋ₂-sagšu",
                    "gdl": [
                      {
                        "v": "niŋ₂",
                        "id": "P254814.9.7.0",
                        "delim": "-"
                      },
                      {
                        "v": "sagšu",
                        "id": "P254814.9.7.1"
                      }
                    ]
                  }
                },
                {
                  "node": "d",
                  "type": "line-start",
                  "ref": "P254814.10",
                  "n": "3",
                  "label": "o ii 3"
                },
                {
                  "node": "l",
                  "frag": "1(aš)",
                  "id": "P254814.l01b04",
                  "ref": "P254814.10.1",
                  "inst": "%qeb:1(aš)=",
                  "f": {
                    "lang": "qeb",
                    "form": "1(aš)",
                    "delim": " ",
                    "gdl": [
                      {
                        "n": "n",
                        "form": "1(aš)",
                        "id": "P254814.10.1.0",
                        "seq": [
                          {
                            "r": "1"
                          },
                          {
                            "v": "aš"
                          }
                        ]
                      }
                    ]
                  }
                },
                {
                  "node": "l",
                  "frag": "li-im",
                  "id": "P254814.l01b05",
                  "ref": "P254814.10.2",
                  "inst": "%qeb:li-im=",
                  "f": {
                    "lang": "qeb",
                    "form": "li-im",
                    "delim": " ",
                    "gdl": [
                      {
                        "v": "li",
                        "id": "P254814.10.2.0",
                        "delim": "-"
                      },
                      {
                        "v": "im",
                        "id": "P254814.10.2.1"
                      }
                    ]
                  }
                },
                {
                  "node": "l",
                  "frag": "niŋ₂-sagšu",
                  "id": "P254814.l01b06",
                  "ref": "P254814.10.3",
                  "inst": "%sux:niŋ₂-sagšu=",
                  "f": {
                    "lang": "sux",
                    "form": "niŋ₂-sagšu",
                    "gdl": [
                      {
                        "v": "niŋ₂",
                        "id": "P254814.10.3.0",
                        "delim": "-"
                      },
                      {
                        "v": "sagšu",
                        "id": "P254814.10.3.1"
                      }
                    ]
                  }
                },
                {
                  "node": "d",
                  "type": "line-start",
                  "ref": "P254814.11",
                  "n": "4",
                  "label": "o ii 4"
                },
                {
                  "node": "l",
                  "frag": "2(aš)",
                  "id": "P254814.l01b07",
                  "ref": "P254814.11.1",
                  "inst": "%qeb:2(aš)=",
                  "f": {
                    "lang": "qeb",
                    "form": "2(aš)",
                    "delim": " ",
                    "gdl": [
                      {
                        "n": "n",
                        "form": "2(aš)",
                        "id": "P254814.11.1.0",
                        "seq": [
                          {
                            "r": "2"
                          },
                          {
                            "v": "aš"
                          }
                        ]
                      }
                    ]
                  }
                },
                {
                  "node": "l",
                  "frag": "mi",
                  "id": "P254814.l01b08",
                  "ref": "P254814.11.2",
                  "inst": "%qeb:mi=",
                  "f": {
                    "lang": "qeb",
                    "form": "mi",
                    "delim": " ",
                    "gdl": [
                      {
                        "v": "mi",
                        "id": "P254814.11.2.0"
                      }
                    ]
                  }
                },
                {
                  "node": "l",
                  "frag": "1(u)",
                  "id": "P254814.l01b09",
                  "ref": "P254814.11.3",
                  "inst": "%qeb:1(u)=",
                  "f": {
                    "lang": "qeb",
                    "form": "1(u)",
                    "delim": " ",
                    "gdl": [
                      {
                        "n": "n",
                        "form": "1(u)",
                        "id": "P254814.11.3.0",
                        "seq": [
                          {
                            "r": "1"
                          },
                          {
                            "v": "u"
                          }
                        ]
                      }
                    ]
                  }
                },
                {
                  "node": "l",
                  "frag": "|LA₂×2(diš)|",
                  "id": "P254814.l01b0a",
                  "ref": "P254814.11.4",
                  "inst": "%qeb:|LA₂×2(diš)|=",
                  "f": {
                    "lang": "qeb",
                    "form": "|LA₂×2(diš)|",
                    "delim": " ",
                    "gdl": [
                      {
                        "c": "|LA₂×2(diš)|",
                        "id": "P254814.11.4.0",
                        "seq": [
                          {
                            "s": "LA₂"
                          },
                          {
                            "o": "containing"
                          },
                          {
                            "n": "n",
                            "form": "2(diš)",
                            "seq": [
                              {
                                "r": "2"
                              },
                              {
                                "v": "diš"
                              }
                            ]
                          }
                        ]
                      }
                    ]
                  }
                },
                {
                  "node": "l",
                  "frag": "še",
                  "id": "P254814.l01b0b",
                  "ref": "P254814.11.5",
                  "inst": "%sux:še=",
                  "f": {
                    "lang": "sux",
                    "form": "še",
                    "delim": " ",
                    "gdl": [
                      {
                        "v": "še",
                        "id": "P254814.11.5.0"
                      }
                    ]
                  }
                },
                {
                  "node": "l",
                  "frag": "gu₂-bar",
                  "id": "P254814.l01b0c",
                  "ref": "P254814.11.6",
                  "inst": "%qeb:gu₂-bar=",
                  "f": {
                    "lang": "qeb",
                    "form": "gu₂-bar",
                    "gdl": [
                      {
                        "v": "gu₂",
                        "id": "P254814.11.6.0",
                        "delim": "-"
                      },
                      {
                        "v": "bar",
                        "id": "P254814.11.6.1"
                      }
                    ]
                  }
                },
                {
                  "node": "d",
                  "subtype": "reverse",
                  "type": "reverse",
                  "ref": "P254814.r.12",
                  "label": "r"
                },
                {
                  "node": "d",
                  "subtype": "column 1r",
                  "type": "column",
                  "ref": "P254814.r.i.13",
                  "n": "1",
                  "label": "r i"
                },
                {
                  "node": "d",
                  "type": "line-start",
                  "ref": "P254814.14",
                  "n": "1",
                  "label": "r i 1"
                },
                {
                  "node": "l",
                  "frag": "8(diš)",
                  "id": "P254814.l01b0d",
                  "ref": "P254814.14.1",
                  "inst": "%qeb:8(diš)=",
                  "f": {
                    "lang": "qeb",
                    "form": "8(diš)",
                    "delim": " ",
                    "gdl": [
                      {
                        "n": "n",
                        "form": "8(diš)",
                        "id": "P254814.14.1.0",
                        "seq": [
                          {
                            "r": "8"
                          },
                          {
                            "v": "diš"
                          }
                        ]
                      }
                    ]
                  }
                },
                {
                  "node": "l",
                  "frag": "niŋ₂-sagšu",
                  "id": "P254814.l01b0e",
                  "ref": "P254814.14.2",
                  "inst": "%sux:niŋ₂-sagšu=",
                  "f": {
                    "lang": "sux",
                    "form": "niŋ₂-sagšu",
                    "gdl": [
                      {
                        "v": "niŋ₂",
                        "id": "P254814.14.2.0",
                        "delim": "-"
                      },
                      {
                        "v": "sagšu",
                        "id": "P254814.14.2.1"
                      }
                    ]
                  }
                },
                {
                  "node": "d",
                  "type": "line-start",
                  "ref": "P254814.15",
                  "n": "2",
                  "label": "r i 2"
                },
                {
                  "node": "l",
                  "frag": "5(aš)",
                  "id": "P254814.l01b0f",
                  "ref": "P254814.15.1",
                  "inst": "%qeb:5(aš)=",
                  "f": {
                    "lang": "qeb",
                    "form": "5(aš)",
                    "delim": " ",
                    "gdl": [
                      {
                        "n": "n",
                        "form": "5(aš)",
                        "id": "P254814.15.1.0",
                        "seq": [
                          {
                            "r": "5"
                          },
                          {
                            "v": "aš"
                          }
                        ]
                      }
                    ]
                  }
                },
                {
                  "node": "l",
                  "frag": "li-im",
                  "id": "P254814.l01b10",
                  "ref": "P254814.15.2",
                  "inst": "%qeb:li-im=",
                  "f": {
                    "lang": "qeb",
                    "form": "li-im",
                    "delim": " ",
                    "gdl": [
                      {
                        "v": "li",
                        "id": "P254814.15.2.0",
                        "delim": "-"
                      },
                      {
                        "v": "im",
                        "id": "P254814.15.2.1"
                      }
                    ]
                  }
                },
                {
                  "node": "l",
                  "frag": "niŋ₂-sagšu",
                  "id": "P254814.l01b11",
                  "ref": "P254814.15.3",
                  "inst": "%sux:niŋ₂-sagšu=",
                  "f": {
                    "lang": "sux",
                    "form": "niŋ₂-sagšu",
                    "gdl": [
                      {
                        "v": "niŋ₂",
                        "id": "P254814.15.3.0",
                        "delim": "-"
                      },
                      {
                        "v": "sagšu",
                        "id": "P254814.15.3.1"
                      }
                    ]
                  }
                },
                {
                  "node": "d",
                  "type": "line-start",
                  "ref": "P254814.16",
                  "n": "3",
                  "label": "r i 3"
                },
                {
                  "node": "l",
                  "frag": "4(aš)",
                  "id": "P254814.l01b12",
                  "ref": "P254814.16.1",
                  "inst": "%qeb:4(aš)=",
                  "f": {
                    "lang": "qeb",
                    "form": "4(aš)",
                    "delim": " ",
                    "gdl": [
                      {
                        "n": "n",
                        "form": "4(aš)",
                        "id": "P254814.16.1.0",
                        "seq": [
                          {
                            "r": "4"
                          },
                          {
                            "v": "aš"
                          }
                        ]
                      }
                    ]
                  }
                },
                {
                  "node": "l",
                  "frag": "mi-at",
                  "id": "P254814.l01b13",
                  "ref": "P254814.16.2",
                  "inst": "%qeb:mi-at=",
                  "f": {
                    "lang": "qeb",
                    "form": "mi-at",
                    "delim": " ",
                    "gdl": [
                      {
                        "v": "mi",
                        "id": "P254814.16.2.0",
                        "delim": "-"
                      },
                      {
                        "v": "at",
                        "id": "P254814.16.2.1"
                      }
                    ]
                  }
                },
                {
                  "node": "l",
                  "frag": "2(u)",
                  "id": "P254814.l01b14",
                  "ref": "P254814.16.3",
                  "inst": "%qeb:2(u)=",
                  "f": {
                    "lang": "qeb",
                    "form": "2(u)",
                    "delim": " ",
                    "gdl": [
                      {
                        "n": "n",
                        "form": "2(u)",
                        "id": "P254814.16.3.0",
                        "seq": [
                          {
                            "r": "2"
                          },
                          {
                            "v": "u"
                          }
                        ]
                      }
                    ]
                  }
                },
                {
                  "node": "l",
                  "frag": "|LA₂×2(diš)|",
                  "id": "P254814.l01b15",
                  "ref": "P254814.16.4",
                  "inst": "%qeb:|LA₂×2(diš)|=",
                  "f": {
                    "lang": "qeb",
                    "form": "|LA₂×2(diš)|",
                    "delim": " ",
                    "gdl": [
                      {
                        "c": "|LA₂×2(diš)|",
                        "id": "P254814.16.4.0",
                        "seq": [
                          {
                            "s": "LA₂"
                          },
                          {
                            "o": "containing"
                          },
                          {
                            "n": "n",
                            "form": "2(diš)",
                            "seq": [
                              {
                                "r": "2"
                              },
                              {
                                "v": "diš"
                              }
                            ]
                          }
                        ]
                      }
                    ]
                  }
                },
                {
                  "node": "l",
                  "frag": "še",
                  "id": "P254814.l01b16",
                  "ref": "P254814.16.5",
                  "inst": "%sux:še=",
                  "f": {
                    "lang": "sux",
                    "form": "še",
                    "delim": " ",
                    "gdl": [
                      {
                        "v": "še",
                        "id": "P254814.16.5.0"
                      }
                    ]
                  }
                },
                {
                  "node": "l",
                  "frag": "gu₂-bar",
                  "id": "P254814.l01b17",
                  "ref": "P254814.16.6",
                  "inst": "%qeb:gu₂-bar=",
                  "f": {
                    "lang": "qeb",
                    "form": "gu₂-bar",
                    "delim": " ",
                    "gdl": [
                      {
                        "v": "gu₂",
                        "id": "P254814.16.6.0",
                        "delim": "-"
                      },
                      {
                        "v": "bar",
                        "id": "P254814.16.6.1"
                      }
                    ]
                  }
                },
                {
                  "node": "l",
                  "frag": "4(diš)",
                  "id": "P254814.l01b18",
                  "ref": "P254814.16.7",
                  "inst": "%qeb:4(diš)=",
                  "f": {
                    "lang": "qeb",
                    "form": "4(diš)",
                    "delim": " ",
                    "gdl": [
                      {
                        "n": "n",
                        "form": "4(diš)",
                        "id": "P254814.16.7.0",
                        "seq": [
                          {
                            "r": "4"
                          },
                          {
                            "v": "diš"
                          }
                        ]
                      }
                    ]
                  }
                },
                {
                  "node": "l",
                  "frag": "niŋ₂-sagšu",
                  "id": "P254814.l01b19",
                  "ref": "P254814.16.8",
                  "inst": "%sux:niŋ₂-sagšu=",
                  "f": {
                    "lang": "sux",
                    "form": "niŋ₂-sagšu",
                    "gdl": [
                      {
                        "v": "niŋ₂",
                        "id": "P254814.16.8.0",
                        "delim": "-"
                      },
                      {
                        "v": "sagšu",
                        "id": "P254814.16.8.1"
                      }
                    ]
                  }
                },
                {
                  "node": "d",
                  "subtype": "column 2r",
                  "type": "column",
                  "ref": "P254814.r.ii.17",
                  "n": "2",
                  "label": "r ii"
                },
                {
                  "node": "d",
                  "type": "line-start",
                  "ref": "P254814.18",
                  "n": "1",
                  "label": "r ii 1"
                },
                {
                  "node": "l",
                  "frag": "1(aš)",
                  "id": "P254814.l01b1a",
                  "ref": "P254814.18.1",
                  "inst": "%qeb:1(aš)=",
                  "f": {
                    "lang": "qeb",
                    "form": "1(aš)",
                    "delim": " ",
                    "gdl": [
                      {
                        "n": "n",
                        "form": "1(aš)",
                        "id": "P254814.18.1.0",
                        "seq": [
                          {
                            "r": "1"
                          },
                          {
                            "v": "aš"
                          }
                        ]
                      }
                    ]
                  }
                },
                {
                  "node": "l",
                  "frag": "ri-pap",
                  "id": "P254814.l01b1b",
                  "ref": "P254814.18.2",
                  "inst": "%qeb:ri-pap=",
                  "f": {
                    "lang": "qeb",
                    "form": "ri-pap",
                    "delim": " ",
                    "gdl": [
                      {
                        "v": "ri",
                        "id": "P254814.18.2.0",
                        "delim": "-"
                      },
                      {
                        "v": "pap",
                        "id": "P254814.18.2.1"
                      }
                    ]
                  }
                },
                {
                  "node": "l",
                  "frag": "niŋ₂-sagšu",
                  "id": "P254814.l01b1c",
                  "ref": "P254814.18.3",
                  "inst": "%sux:niŋ₂-sagšu=",
                  "f": {
                    "lang": "sux",
                    "form": "niŋ₂-sagšu",
                    "gdl": [
                      {
                        "v": "niŋ₂",
                        "id": "P254814.18.3.0",
                        "delim": "-"
                      },
                      {
                        "v": "sagšu",
                        "id": "P254814.18.3.1"
                      }
                    ]
                  }
                },
                {
                  "node": "d",
                  "type": "nonx",
                  "ref": "P254814.19",
                  "strict": "1",
                  "extent": "n",
                  "scope": "line",
                  "state": "blank"
                }
              ]
            }
          ]
        }
      ]
    }
  ]
}
