{
  "type": "cdl",
  "source": "http://oracc.org/dccmt",
  "license": "This data is released under the CC0 license",
  "license-url": "https://creativecommons.org/publicdomain/zero/1.0/",
  "more-info": "http://oracc.org/doc/opendata/",
  "UTC-timestamp": "2017-06-09T23:56:24",
  "project": "dccmt",
  "textid": "P255060",
  "cdl": [
    {
      "node": "c",
      "type": "text",
      "id": "P255060.U0",
      "cdl": [
        {
          "node": "d",
          "subtype": "tablet",
          "type": "tablet",
          "ref": "P255060.x166.1",
          "label": "x166"
        },
        {
          "node": "d",
          "subtype": "obverse",
          "type": "obverse",
          "ref": "P255060.o.2",
          "label": "o"
        },
        {
          "node": "c",
          "type": "discourse",
          "subtype": "body",
          "id": "P255060.U1",
          "cdl": [
            {
              "node": "c",
              "type": "sentence",
              "tag": ".",
              "id": "P255060.U2",
              "label": "o 1 - o 1",
              "cdl": [
                {
                  "node": "d",
                  "type": "line-start",
                  "ref": "P255060.3",
                  "n": "1",
                  "label": "o 1"
                },
                {
                  "node": "l",
                  "frag": "u₂-tu-num",
                  "id": "P255060.l0809b",
                  "ref": "P255060.3.1",
                  "inst": "+utūnu[kiln]N$utūnum +.",
                  "sig": "@dccmt%akk-x-oldbab:u₂-tu-num=utūnu[kiln//kiln]N'N$utūnum",
                  "f": {
                    "lang": "akk-x-oldbab",
                    "form": "u₂-tu-num",
                    "cf": "utūnu",
                    "gw": "kiln",
                    "sense": "kiln",
                    "norm": "utūnum",
                    "pos": "N",
                    "epos": "N"
                  }
                }
              ]
            },
            {
              "node": "c",
              "type": "sentence",
              "tag": ".",
              "id": "P255060.U4",
              "label": "o 1 - o 1",
              "cdl": [
                {
                  "node": "l",
                  "frag": "1.30",
                  "id": "P255060.l0809c",
                  "ref": "P255060.3.2",
                  "inst": "n",
                  "f": {
                    "lang": "akk-x-oldbab",
                    "form": "1.30",
                    "pos": "n"
                  }
                },
                {
                  "node": "l",
                  "frag": "NINDA",
                  "id": "P255060.l0809d",
                  "ref": "P255060.3.3",
                  "inst": "nindan[unit]N",
                  "sig": "@dccmt%akk-x-oldbab:NINDA=nindanu[rod//unit]N'N$nindan",
                  "f": {
                    "lang": "akk-x-oldbab",
                    "form": "NINDA",
                    "cf": "nindanu",
                    "gw": "rod",
                    "sense": "unit",
                    "norm": "nindan",
                    "pos": "N",
                    "epos": "N"
                  }
                },
                {
                  "node": "l",
                  "frag": "ki-ip-pa-tum",
                  "id": "P255060.l0809e",
                  "ref": "P255060.3.4",
                  "inst": "kippatum[circle]N +.",
                  "sig": "@dccmt%akk-x-oldbab:ki-ip-pa-tum=kippatu[circle//circle]N'N$kippatum",
                  "f": {
                    "lang": "akk-x-oldbab",
                    "form": "ki-ip-pa-tum",
                    "cf": "kippatu",
                    "gw": "circle",
                    "sense": "circle",
                    "norm": "kippatum",
                    "pos": "N",
                    "epos": "N"
                  }
                }
              ]
            },
            {
              "node": "c",
              "type": "sentence",
              "tag": ".",
              "id": "P255060.U6",
              "label": "o 2 - o 8",
              "cdl": [
                {
                  "node": "d",
                  "type": "line-start",
                  "ref": "P255060.4",
                  "n": "2",
                  "label": "o 2"
                },
                {
                  "node": "l",
                  "frag": "ba-ma-at",
                  "id": "P255060.l0809f",
                  "ref": "P255060.4.1",
                  "inst": "bāmat[half]NU",
                  "sig": "@dccmt%akk-x-oldbab:ba-ma-at=bāmtu[half//half]NU'NU$bāmat",
                  "f": {
                    "lang": "akk-x-oldbab",
                    "form": "ba-ma-at",
                    "cf": "bāmtu",
                    "gw": "half",
                    "sense": "half",
                    "norm": "bāmat",
                    "pos": "NU",
                    "epos": "NU"
                  }
                },
                {
                  "node": "l",
                  "frag": "ta-al-li-im",
                  "id": "P255060.l080a0",
                  "ref": "P255060.4.2",
                  "inst": "+tallu[dividing line//diameter]N'N$tallim",
                  "sig": "@dccmt%akk-x-oldbab:ta-al-li-im=tallu[dividing line//diameter]N'N$tallim",
                  "f": {
                    "lang": "akk-x-oldbab",
                    "form": "ta-al-li-im",
                    "cf": "tallu",
                    "gw": "dividing line",
                    "sense": "diameter",
                    "norm": "tallim",
                    "pos": "N",
                    "epos": "N"
                  }
                },
                {
                  "node": "d",
                  "type": "line-start",
                  "ref": "P255060.5",
                  "n": "3",
                  "label": "o 3"
                },
                {
                  "node": "l",
                  "frag": "a-na",
                  "id": "P255060.l080a1",
                  "ref": "P255060.5.1",
                  "inst": "ana[by]PRP",
                  "sig": "@dccmt%akk-x-oldbab:a-na=ana[to//by]PRP'PRP$ana",
                  "f": {
                    "lang": "akk-x-oldbab",
                    "form": "a-na",
                    "cf": "ana",
                    "gw": "to",
                    "sense": "by",
                    "norm": "ana",
                    "pos": "PRP",
                    "epos": "PRP"
                  }
                },
                {
                  "node": "l",
                  "frag": "er-be₂-et",
                  "id": "P255060.l080a2",
                  "ref": "P255060.5.2",
                  "inst": "erbet[four]NU",
                  "sig": "@dccmt%akk-x-oldbab:er-be₂-et=erbe[four//four]NU'NU$erbet",
                  "f": {
                    "lang": "akk-x-oldbab",
                    "form": "er-be₂-et",
                    "cf": "erbe",
                    "gw": "four",
                    "sense": "four",
                    "norm": "erbet",
                    "pos": "NU",
                    "epos": "NU"
                  }
                },
                {
                  "node": "l",
                  "frag": "ta-za-az-ma",
                  "id": "P255060.l080a3",
                  "ref": "P255060.5.3",
                  "inst": "+zâzu[divide]V$tazâzma",
                  "sig": "@dccmt%akk-x-oldbab:ta-za-az-ma=zâzu[divide//divide]V'V$tazâzma",
                  "f": {
                    "lang": "akk-x-oldbab",
                    "form": "ta-za-az-ma",
                    "cf": "zâzu",
                    "gw": "divide",
                    "sense": "divide",
                    "norm": "tazâzma",
                    "pos": "V",
                    "epos": "V"
                  }
                },
                {
                  "node": "d",
                  "type": "line-start",
                  "ref": "P255060.6",
                  "n": "4",
                  "label": "o 4"
                },
                {
                  "node": "l",
                  "frag": "15",
                  "id": "P255060.l080a4",
                  "ref": "P255060.6.1",
                  "inst": "n",
                  "f": {
                    "lang": "akk-x-oldbab",
                    "form": "15",
                    "pos": "n"
                  }
                },
                {
                  "node": "l",
                  "frag": "ra-bi-a-tim",
                  "id": "P255060.l080a5",
                  "ref": "P255060.6.2",
                  "inst": "+rabiat[fourth//one-quarter]NU'NU$rabiatum",
                  "sig": "@dccmt%akk-x-oldbab:ra-bi-a-tim=rabiat[fourth//one-quarter]NU'NU$rabiatum",
                  "f": {
                    "lang": "akk-x-oldbab",
                    "form": "ra-bi-a-tim",
                    "cf": "rabiat",
                    "gw": "fourth",
                    "sense": "one-quarter",
                    "norm": "rabiatum",
                    "pos": "NU",
                    "epos": "NU"
                  }
                },
                {
                  "node": "l",
                  "frag": "tu-uš-ta-kal-ma",
                  "id": "P255060.l080a6",
                  "ref": "P255060.6.3",
                  "inst": "+kullu[hold//multiply]V'V$tuštakālma",
                  "sig": "@dccmt%akk-x-oldbab:tu-uš-ta-kal-ma=kullu[hold//multiply]V'V$tuštakālma",
                  "f": {
                    "lang": "akk-x-oldbab",
                    "form": "tu-uš-ta-kal-ma",
                    "cf": "kullu",
                    "gw": "hold",
                    "sense": "multiply",
                    "norm": "tuštakālma",
                    "pos": "V",
                    "epos": "V"
                  }
                },
                {
                  "node": "d",
                  "type": "line-start",
                  "ref": "P255060.7",
                  "n": "5",
                  "label": "o 5"
                },
                {
                  "node": "l",
                  "frag": "3.45",
                  "id": "P255060.l080a7",
                  "ref": "P255060.7.1",
                  "inst": "n",
                  "f": {
                    "lang": "akk-x-oldbab",
                    "form": "3.45",
                    "pos": "n"
                  }
                },
                {
                  "node": "l",
                  "frag": "i-li-a-ma",
                  "id": "P255060.l080a8",
                  "ref": "P255060.7.2",
                  "inst": "+elû[go up//result]V'V$illiamma",
                  "sig": "@dccmt%akk-x-oldbab:i-li-a-ma=elû[go up//result]V'V$illiamma",
                  "f": {
                    "lang": "akk-x-oldbab",
                    "form": "i-li-a-ma",
                    "cf": "elû",
                    "gw": "go up",
                    "sense": "result",
                    "norm": "illiamma",
                    "pos": "V",
                    "epos": "V"
                  }
                },
                {
                  "node": "d",
                  "type": "line-start",
                  "ref": "P255060.8",
                  "n": "6",
                  "label": "o 6"
                },
                {
                  "node": "l",
                  "frag": "a-na",
                  "id": "P255060.l080a9",
                  "ref": "P255060.8.1",
                  "inst": "ana[by]PRP",
                  "sig": "@dccmt%akk-x-oldbab:a-na=ana[to//by]PRP'PRP$ana",
                  "f": {
                    "lang": "akk-x-oldbab",
                    "form": "a-na",
                    "cf": "ana",
                    "gw": "to",
                    "sense": "by",
                    "norm": "ana",
                    "pos": "PRP",
                    "epos": "PRP"
                  }
                },
                {
                  "node": "l",
                  "frag": "12",
                  "id": "P255060.l080aa",
                  "ref": "P255060.8.2",
                  "inst": "n",
                  "f": {
                    "lang": "akk-x-oldbab",
                    "form": "12",
                    "pos": "n"
                  }
                },
                {
                  "node": "l",
                  "frag": "šu-up-li-im",
                  "id": "P255060.l080ab",
                  "ref": "P255060.8.3",
                  "inst": "šuplim[depth]N",
                  "sig": "@dccmt%akk-x-oldbab:šu-up-li-im=šuplu[depth//depth]N'N$šuplim",
                  "f": {
                    "lang": "akk-x-oldbab",
                    "form": "šu-up-li-im",
                    "cf": "šuplu",
                    "gw": "depth",
                    "sense": "depth",
                    "norm": "šuplim",
                    "pos": "N",
                    "epos": "N"
                  }
                },
                {
                  "node": "d",
                  "type": "line-start",
                  "ref": "P255060.9",
                  "n": "7",
                  "label": "o 7"
                },
                {
                  "node": "l",
                  "frag": "tu-ub-ba-al-ma",
                  "id": "P255060.l080ac",
                  "ref": "P255060.9.1",
                  "inst": "tubbalma[multiply]V",
                  "sig": "@dccmt%akk-x-oldbab:tu-ub-ba-al-ma=wabālu[carry//multiply]V'V$tubbalma",
                  "f": {
                    "lang": "akk-x-oldbab",
                    "form": "tu-ub-ba-al-ma",
                    "cf": "wabālu",
                    "gw": "carry",
                    "sense": "multiply",
                    "norm": "tubbalma",
                    "pos": "V",
                    "epos": "V"
                  }
                },
                {
                  "node": "d",
                  "type": "line-start",
                  "ref": "P255060.10",
                  "n": "8",
                  "label": "o 8"
                },
                {
                  "node": "l",
                  "frag": "45",
                  "id": "P255060.l080ad",
                  "ref": "P255060.10.1",
                  "inst": "n",
                  "f": {
                    "lang": "akk-x-oldbab",
                    "form": "45",
                    "pos": "n"
                  }
                },
                {
                  "node": "l",
                  "frag": "šu-up-lu-um",
                  "id": "P255060.l080ae",
                  "ref": "P255060.10.2",
                  "inst": "+šuplu[depth]N$šuplum",
                  "sig": "@dccmt%akk-x-oldbab:šu-up-lu-um=šuplu[depth//depth]N'N$šuplum",
                  "f": {
                    "lang": "akk-x-oldbab",
                    "form": "šu-up-lu-um",
                    "cf": "šuplu",
                    "gw": "depth",
                    "sense": "depth",
                    "norm": "šuplum",
                    "pos": "N",
                    "epos": "N"
                  }
                },
                {
                  "node": "l",
                  "frag": "i-li-a-am",
                  "id": "P255060.l080af",
                  "ref": "P255060.10.3",
                  "inst": "+elû[go up//result]V'V$illiam +.",
                  "sig": "@dccmt%akk-x-oldbab:i-li-a-am=elû[go up//result]V'V$illiam",
                  "f": {
                    "lang": "akk-x-oldbab",
                    "form": "i-li-a-am",
                    "cf": "elû",
                    "gw": "go up",
                    "sense": "result",
                    "norm": "illiam",
                    "pos": "V",
                    "epos": "V"
                  }
                }
              ]
            },
            {
              "node": "c",
              "type": "sentence",
              "tag": ".",
              "id": "P255060.U8",
              "label": "o 9 - o 10",
              "cdl": [
                {
                  "node": "d",
                  "type": "line-start",
                  "ref": "P255060.11",
                  "n": "9",
                  "label": "o 9"
                },
                {
                  "node": "l",
                  "frag": "tu-wa-tar",
                  "id": "P255060.l080b0",
                  "ref": "P255060.11.1",
                  "inst": "+târu[turn//go back]V'V$tuwattar",
                  "sig": "@dccmt%akk-x-oldbab:tu-wa-tar=târu[turn//go back]V'V$tuwattar",
                  "f": {
                    "lang": "akk-x-oldbab",
                    "form": "tu-wa-tar",
                    "cf": "târu",
                    "gw": "turn",
                    "sense": "go back",
                    "norm": "tuwattar",
                    "pos": "V",
                    "epos": "V"
                  }
                },
                {
                  "node": "l",
                  "frag": "1.30",
                  "id": "P255060.l080b1",
                  "ref": "P255060.11.2",
                  "inst": "n",
                  "f": {
                    "lang": "akk-x-oldbab",
                    "form": "1.30",
                    "pos": "n"
                  }
                },
                {
                  "node": "l",
                  "frag": "ki-ip-pa-tam",
                  "id": "P255060.l080b2",
                  "ref": "P255060.11.3",
                  "inst": "kippatam[circle]N",
                  "sig": "@dccmt%akk-x-oldbab:ki-ip-pa-tam=kippatu[circle//circle]N'N$kippatam",
                  "f": {
                    "lang": "akk-x-oldbab",
                    "form": "ki-ip-pa-tam",
                    "cf": "kippatu",
                    "gw": "circle",
                    "sense": "circle",
                    "norm": "kippatam",
                    "pos": "N",
                    "epos": "N"
                  }
                },
                {
                  "node": "d",
                  "type": "line-start",
                  "ref": "P255060.12",
                  "n": "10",
                  "label": "o 10"
                },
                {
                  "node": "l",
                  "frag": "tu-uš-ta-kal{al}",
                  "id": "P255060.l080b3",
                  "ref": "P255060.12.1",
                  "inst": "+kullu[hold//multiply]V'V$tuštakāl +.",
                  "sig": "@dccmt%akk-x-oldbab:tu-uš-ta-kal{+al}=kullu[hold//multiply]V'V$tuštakāl",
                  "f": {
                    "lang": "akk-x-oldbab",
                    "form": "tu-uš-ta-kal{+al}",
                    "cf": "kullu",
                    "gw": "hold",
                    "sense": "multiply",
                    "norm": "tuštakāl",
                    "pos": "V",
                    "epos": "V"
                  }
                }
              ]
            },
            {
              "node": "c",
              "type": "sentence",
              "tag": ".",
              "id": "P255060.U10",
              "label": "o 11 - o 16",
              "cdl": [
                {
                  "node": "d",
                  "type": "line-start",
                  "ref": "P255060.13",
                  "n": "11",
                  "label": "o 11"
                },
                {
                  "node": "l",
                  "frag": "a-na",
                  "id": "P255060.l080b4",
                  "ref": "P255060.13.1",
                  "inst": "ana[to]PRP",
                  "sig": "@dccmt%akk-x-oldbab:a-na=ana[to//by]PRP'PRP$ana",
                  "f": {
                    "lang": "akk-x-oldbab",
                    "form": "a-na",
                    "cf": "ana",
                    "gw": "to",
                    "sense": "by",
                    "norm": "ana",
                    "pos": "PRP",
                    "epos": "PRP"
                  }
                },
                {
                  "node": "l",
                  "frag": "5",
                  "id": "P255060.l080b5",
                  "ref": "P255060.13.2",
                  "inst": "n",
                  "f": {
                    "lang": "akk-x-oldbab",
                    "form": "5",
                    "pos": "n"
                  }
                },
                {
                  "node": "l",
                  "frag": "tu-ub-ba-al-ma",
                  "id": "P255060.l080b6",
                  "ref": "P255060.13.3",
                  "inst": "tubbalma[multiply]V",
                  "sig": "@dccmt%akk-x-oldbab:tu-ub-ba-al-ma=wabālu[carry//multiply]V'V$tubbalma",
                  "f": {
                    "lang": "akk-x-oldbab",
                    "form": "tu-ub-ba-al-ma",
                    "cf": "wabālu",
                    "gw": "carry",
                    "sense": "multiply",
                    "norm": "tubbalma",
                    "pos": "V",
                    "epos": "V"
                  }
                },
                {
                  "node": "d",
                  "type": "line-start",
                  "ref": "P255060.14",
                  "n": "12",
                  "label": "o 12"
                },
                {
                  "node": "l",
                  "frag": "11.15",
                  "id": "P255060.l080b7",
                  "ref": "P255060.14.1",
                  "inst": "n",
                  "f": {
                    "lang": "akk-x-oldbab",
                    "form": "11.15",
                    "pos": "n"
                  }
                },
                {
                  "node": "l",
                  "frag": "i-li-a-ma",
                  "id": "P255060.l080b8",
                  "ref": "P255060.14.2",
                  "inst": "illiamma[result]V",
                  "sig": "@dccmt%akk-x-oldbab:i-li-a-ma=elû[go up//result]V'V$illiamma",
                  "f": {
                    "lang": "akk-x-oldbab",
                    "form": "i-li-a-ma",
                    "cf": "elû",
                    "gw": "go up",
                    "sense": "result",
                    "norm": "illiamma",
                    "pos": "V",
                    "epos": "V"
                  }
                },
                {
                  "node": "d",
                  "type": "line-start",
                  "ref": "P255060.15",
                  "n": "13",
                  "label": "o 13"
                },
                {
                  "node": "l",
                  "frag": "45",
                  "id": "P255060.l080b9",
                  "ref": "P255060.15.1",
                  "inst": "n",
                  "f": {
                    "lang": "akk-x-oldbab",
                    "form": "45",
                    "pos": "n"
                  }
                },
                {
                  "node": "l",
                  "frag": "u₃",
                  "id": "P255060.l080ba",
                  "ref": "P255060.15.2",
                  "inst": "u[and]CNJ",
                  "sig": "@dccmt%akk-x-oldbab:u₃=u[and//and]CNJ'CNJ$u",
                  "f": {
                    "lang": "akk-x-oldbab",
                    "form": "u₃",
                    "cf": "u",
                    "gw": "and",
                    "sense": "and",
                    "norm": "u",
                    "pos": "CNJ",
                    "epos": "CNJ"
                  }
                },
                {
                  "node": "l",
                  "frag": "11.15",
                  "id": "P255060.l080bb",
                  "ref": "P255060.15.3",
                  "inst": "n",
                  "f": {
                    "lang": "akk-x-oldbab",
                    "form": "11.15",
                    "pos": "n"
                  }
                },
                {
                  "node": "l",
                  "frag": "tu-uš-ta-kal-ma",
                  "id": "P255060.l080bc",
                  "ref": "P255060.15.4",
                  "inst": "tuštakālma[multiply]V",
                  "sig": "@dccmt%akk-x-oldbab:tu-uš-ta-kal-ma=kullu[hold//multiply]V'V$tuštakālma",
                  "f": {
                    "lang": "akk-x-oldbab",
                    "form": "tu-uš-ta-kal-ma",
                    "cf": "kullu",
                    "gw": "hold",
                    "sense": "multiply",
                    "norm": "tuštakālma",
                    "pos": "V",
                    "epos": "V"
                  }
                },
                {
                  "node": "d",
                  "type": "line-start",
                  "ref": "P255060.16",
                  "n": "14",
                  "label": "o 14"
                },
                {
                  "node": "l",
                  "frag": "ma-la",
                  "id": "P255060.l080bd",
                  "ref": "P255060.16.1",
                  "inst": "mala[as much as]PRP",
                  "sig": "@dccmt%akk-x-oldbab:ma-la=mala[as much as//as much as]PRP'PRP$mala",
                  "f": {
                    "lang": "akk-x-oldbab",
                    "form": "ma-la",
                    "cf": "mala",
                    "gw": "as much as",
                    "sense": "as much as",
                    "norm": "mala",
                    "pos": "PRP",
                    "epos": "PRP"
                  }
                },
                {
                  "node": "l",
                  "frag": "i-li-a-am",
                  "id": "P255060.l080be",
                  "ref": "P255060.16.2",
                  "inst": "illiam[result]V",
                  "sig": "@dccmt%akk-x-oldbab:i-li-a-am=elû[go up//result]V'V$illiam",
                  "f": {
                    "lang": "akk-x-oldbab",
                    "form": "i-li-a-am",
                    "cf": "elû",
                    "gw": "go up",
                    "sense": "result",
                    "norm": "illiam",
                    "pos": "V",
                    "epos": "V"
                  }
                },
                {
                  "node": "d",
                  "type": "line-start",
                  "ref": "P255060.17",
                  "n": "15",
                  "label": "o 15"
                },
                {
                  "node": "l",
                  "frag": "7.12",
                  "id": "P255060.l080bf",
                  "ref": "P255060.17.1",
                  "inst": "n",
                  "f": {
                    "lang": "akk-x-oldbab",
                    "form": "7.12",
                    "pos": "n"
                  }
                },
                {
                  "node": "l",
                  "frag": "ta-ta-na-aš-ši-ma",
                  "id": "P255060.l080c0",
                  "ref": "P255060.17.2",
                  "inst": "+našû[lift//multiply]V'V$tattanaššima",
                  "sig": "@dccmt%akk-x-oldbab:ta-ta-na-aš-ši-ma=našû[lift//multiply]V'V$tattanaššima",
                  "f": {
                    "lang": "akk-x-oldbab",
                    "form": "ta-ta-na-aš-ši-ma",
                    "cf": "našû",
                    "gw": "lift",
                    "sense": "multiply",
                    "norm": "tattanaššima",
                    "pos": "V",
                    "epos": "V"
                  }
                },
                {
                  "node": "d",
                  "type": "line-start",
                  "ref": "P255060.18",
                  "n": "16",
                  "label": "o 16"
                },
                {
                  "node": "l",
                  "frag": "SIG₄",
                  "id": "P255060.l080c1",
                  "ref": "P255060.18.1",
                  "inst": "libnātim[mudbrick]N",
                  "sig": "@dccmt%akk-x-oldbab:SIG₄=libittu[mudbrick//mudbrick]N'N$libnātim",
                  "f": {
                    "lang": "akk-x-oldbab",
                    "form": "SIG₄",
                    "cf": "libittu",
                    "gw": "mudbrick",
                    "sense": "mudbrick",
                    "norm": "libnātim",
                    "pos": "N",
                    "epos": "N"
                  }
                },
                {
                  "node": "l",
                  "frag": "i-na-an-din",
                  "id": "P255060.l080c2",
                  "ref": "P255060.18.2",
                  "inst": "+nadānu[give]V$inandin +.",
                  "sig": "@dccmt%akk-x-oldbab:i-na-an-din=nadānu[give//give]V'V$inandin",
                  "f": {
                    "lang": "akk-x-oldbab",
                    "form": "i-na-an-din",
                    "cf": "nadānu",
                    "gw": "give",
                    "sense": "give",
                    "norm": "inandin",
                    "pos": "V",
                    "epos": "V"
                  }
                }
              ]
            }
          ]
        }
      ]
    }
  ]
}
