{
  "type": "cdl",
  "source": "http://oracc.org/dccmt",
  "license": "This data is released under the CC0 license",
  "license-url": "https://creativecommons.org/publicdomain/zero/1.0/",
  "more-info": "http://oracc.org/doc/opendata/",
  "UTC-timestamp": "2017-06-09T23:56:02",
  "project": "dccmt",
  "textid": "P255041",
  "cdl": [
    {
      "node": "c",
      "type": "text",
      "id": "P255041.U0",
      "cdl": [
        {
          "node": "d",
          "subtype": "tablet",
          "type": "tablet",
          "ref": "P255041.x165.1",
          "label": "x165"
        },
        {
          "node": "d",
          "subtype": "obverse",
          "type": "obverse",
          "ref": "P255041.o.2",
          "label": "o"
        },
        {
          "node": "c",
          "type": "discourse",
          "subtype": "body",
          "id": "P255041.U1",
          "cdl": [
            {
              "node": "c",
              "type": "sentence",
              "tag": ".",
              "id": "P255041.U2",
              "label": "o 1 - o 1",
              "cdl": [
                {
                  "node": "d",
                  "type": "line-start",
                  "ref": "P255041.3",
                  "n": "1",
                  "label": "o 1"
                },
                {
                  "node": "l",
                  "frag": "[IGI.BI]",
                  "id": "P255041.l08061",
                  "ref": "P255041.3.1",
                  "inst": "igibûm[reciprocal of reciprocal]N",
                  "sig": "@dccmt%akk-x-oldbab:IGI.BI=igibû[reciprocal of reciprocal//reciprocal of reciprocal]N'N$igibûm",
                  "f": {
                    "lang": "akk-x-oldbab",
                    "form": "IGI.BI",
                    "cf": "igibû",
                    "gw": "reciprocal of reciprocal",
                    "sense": "reciprocal of reciprocal",
                    "norm": "igibûm",
                    "pos": "N",
                    "epos": "N"
                  }
                },
                {
                  "node": "l",
                  "frag": "e-li",
                  "id": "P255041.l08062",
                  "ref": "P255041.3.2",
                  "inst": "eli[over]PRP",
                  "sig": "@dccmt%akk-x-oldbab:e-li=eli[on//over]PRP'PRP$eli",
                  "f": {
                    "lang": "akk-x-oldbab",
                    "form": "e-li",
                    "cf": "eli",
                    "gw": "on",
                    "sense": "over",
                    "norm": "eli",
                    "pos": "PRP",
                    "epos": "PRP"
                  }
                },
                {
                  "node": "l",
                  "frag": "IGI",
                  "id": "P255041.l08063",
                  "ref": "P255041.3.3",
                  "inst": "igîm[reciprocal]N",
                  "sig": "@dccmt%akk-x-oldbab:IGI=igû[reciprocal//reciprocal]N'N$igîm",
                  "f": {
                    "lang": "akk-x-oldbab",
                    "form": "IGI",
                    "cf": "igû",
                    "gw": "reciprocal",
                    "sense": "reciprocal",
                    "norm": "igîm",
                    "pos": "N",
                    "epos": "N"
                  }
                },
                {
                  "node": "l",
                  "frag": "7",
                  "id": "P255041.l08064",
                  "ref": "P255041.3.4",
                  "inst": "n",
                  "f": {
                    "lang": "akk-x-oldbab",
                    "form": "7",
                    "pos": "n"
                  }
                },
                {
                  "node": "l",
                  "frag": "i-ter",
                  "id": "P255041.l08065",
                  "ref": "P255041.3.5",
                  "inst": "īter[exceed]V +.",
                  "sig": "@dccmt%akk-x-oldbab:i-ter=watāru[be(come) outsize//exceed]V'V$īter",
                  "f": {
                    "lang": "akk-x-oldbab",
                    "form": "i-ter",
                    "cf": "watāru",
                    "gw": "be(come) outsize",
                    "sense": "exceed",
                    "norm": "īter",
                    "pos": "V",
                    "epos": "V"
                  }
                }
              ]
            },
            {
              "node": "c",
              "type": "sentence",
              "tag": ".",
              "id": "P255041.U4",
              "label": "o 2 - o 2",
              "cdl": [
                {
                  "node": "d",
                  "type": "line-start",
                  "ref": "P255041.4",
                  "n": "2",
                  "label": "o 2"
                },
                {
                  "node": "l",
                  "frag": "[IGI]",
                  "id": "P255041.l08066",
                  "ref": "P255041.4.1",
                  "inst": "igûm[reciprocal]N",
                  "sig": "@dccmt%akk-x-oldbab:IGI=igû[reciprocal//reciprocal]N'N$igûm",
                  "f": {
                    "lang": "akk-x-oldbab",
                    "form": "IGI",
                    "cf": "igû",
                    "gw": "reciprocal",
                    "sense": "reciprocal",
                    "norm": "igûm",
                    "pos": "N",
                    "epos": "N"
                  }
                },
                {
                  "node": "l",
                  "frag": "u₃",
                  "id": "P255041.l08067",
                  "ref": "P255041.4.2",
                  "inst": "u[and]CNJ",
                  "sig": "@dccmt%akk-x-oldbab:u₃=u[and//and]CNJ'CNJ$u",
                  "f": {
                    "lang": "akk-x-oldbab",
                    "form": "u₃",
                    "cf": "u",
                    "gw": "and",
                    "sense": "and",
                    "norm": "u",
                    "pos": "CNJ",
                    "epos": "CNJ"
                  }
                },
                {
                  "node": "l",
                  "frag": "IGI.BI",
                  "id": "P255041.l08068",
                  "ref": "P255041.4.3",
                  "inst": "igibûm[reciprocal of reciprocal]N",
                  "sig": "@dccmt%akk-x-oldbab:IGI.BI=igibû[reciprocal of reciprocal//reciprocal of reciprocal]N'N$igibûm",
                  "f": {
                    "lang": "akk-x-oldbab",
                    "form": "IGI.BI",
                    "cf": "igibû",
                    "gw": "reciprocal of reciprocal",
                    "sense": "reciprocal of reciprocal",
                    "norm": "igibûm",
                    "pos": "N",
                    "epos": "N"
                  }
                },
                {
                  "node": "l",
                  "frag": "mi-nu-um",
                  "id": "P255041.l08069",
                  "ref": "P255041.4.4",
                  "inst": "mīnûm[what?]QP +.",
                  "sig": "@dccmt%akk-x-oldbab:mi-nu-um=mīnû[what?//what?]QP'QP$mīnûm",
                  "f": {
                    "lang": "akk-x-oldbab",
                    "form": "mi-nu-um",
                    "cf": "mīnû",
                    "gw": "what?",
                    "sense": "what?",
                    "norm": "mīnûm",
                    "pos": "QP",
                    "epos": "QP"
                  }
                }
              ]
            },
            {
              "node": "c",
              "type": "sentence",
              "tag": ".",
              "id": "P255041.U6",
              "label": "o 3 - o 5",
              "cdl": [
                {
                  "node": "d",
                  "type": "line-start",
                  "ref": "P255041.5",
                  "n": "3",
                  "label": "o 3"
                },
                {
                  "node": "l",
                  "frag": "⸢at-ta⸣",
                  "id": "P255041.l0806a",
                  "ref": "P255041.5.1",
                  "inst": "attā[you]IP",
                  "sig": "@dccmt%akk-x-oldbab:at-ta=attā[you//you]IP'IP$attā",
                  "f": {
                    "lang": "akk-x-oldbab",
                    "form": "at-ta",
                    "cf": "attā",
                    "gw": "you",
                    "sense": "you",
                    "norm": "attā",
                    "pos": "IP",
                    "epos": "IP"
                  }
                },
                {
                  "node": "l",
                  "frag": "7",
                  "id": "P255041.l0806b",
                  "ref": "P255041.5.2",
                  "inst": "n",
                  "f": {
                    "lang": "akk-x-oldbab",
                    "form": "7",
                    "pos": "n"
                  }
                },
                {
                  "node": "l",
                  "frag": "ša",
                  "id": "P255041.l0806c",
                  "ref": "P255041.5.3",
                  "inst": "ša[that]REL",
                  "sig": "@dccmt%akk-x-oldbab:ša=ša[that//that]REL'REL$ša",
                  "f": {
                    "lang": "akk-x-oldbab",
                    "form": "ša",
                    "cf": "ša",
                    "gw": "that",
                    "sense": "that",
                    "norm": "ša",
                    "pos": "REL",
                    "epos": "REL"
                  }
                },
                {
                  "node": "l",
                  "frag": "IGI.BI",
                  "id": "P255041.l0806d",
                  "ref": "P255041.5.4",
                  "inst": "igibûm[reciprocal of reciprocal]N",
                  "sig": "@dccmt%akk-x-oldbab:IGI.BI=igibû[reciprocal of reciprocal//reciprocal of reciprocal]N'N$igibûm",
                  "f": {
                    "lang": "akk-x-oldbab",
                    "form": "IGI.BI",
                    "cf": "igibû",
                    "gw": "reciprocal of reciprocal",
                    "sense": "reciprocal of reciprocal",
                    "norm": "igibûm",
                    "pos": "N",
                    "epos": "N"
                  }
                },
                {
                  "node": "d",
                  "type": "line-start",
                  "ref": "P255041.6",
                  "n": "4",
                  "label": "o 4"
                },
                {
                  "node": "l",
                  "frag": "UGU",
                  "id": "P255041.l0806e",
                  "ref": "P255041.6.1",
                  "inst": "eli[over]PRP",
                  "sig": "@dccmt%akk-x-oldbab:UGU=eli[on//over]PRP'PRP$eli",
                  "f": {
                    "lang": "akk-x-oldbab",
                    "form": "UGU",
                    "cf": "eli",
                    "gw": "on",
                    "sense": "over",
                    "norm": "eli",
                    "pos": "PRP",
                    "epos": "PRP"
                  }
                },
                {
                  "node": "l",
                  "frag": "IGI",
                  "id": "P255041.l0806f",
                  "ref": "P255041.6.2",
                  "inst": "igîm[reciprocal]N",
                  "sig": "@dccmt%akk-x-oldbab:IGI=igû[reciprocal//reciprocal]N'N$igîm",
                  "f": {
                    "lang": "akk-x-oldbab",
                    "form": "IGI",
                    "cf": "igû",
                    "gw": "reciprocal",
                    "sense": "reciprocal",
                    "norm": "igîm",
                    "pos": "N",
                    "epos": "N"
                  }
                },
                {
                  "node": "l",
                  "frag": "i-te-ru",
                  "id": "P255041.l08070",
                  "ref": "P255041.6.3",
                  "inst": "īteru[exceed]V",
                  "sig": "@dccmt%akk-x-oldbab:i-te-ru=watāru[be(come) outsize//exceed]V'V$īteru",
                  "f": {
                    "lang": "akk-x-oldbab",
                    "form": "i-te-ru",
                    "cf": "watāru",
                    "gw": "be(come) outsize",
                    "sense": "exceed",
                    "norm": "īteru",
                    "pos": "V",
                    "epos": "V"
                  }
                },
                {
                  "node": "d",
                  "type": "line-start",
                  "ref": "P255041.7",
                  "n": "5",
                  "label": "o 5"
                },
                {
                  "node": "l",
                  "frag": "a-na",
                  "id": "P255041.l08071",
                  "ref": "P255041.7.1",
                  "inst": "ana[by]PRP",
                  "sig": "@dccmt%akk-x-oldbab:a-na=ana[to//by]PRP'PRP$ana",
                  "f": {
                    "lang": "akk-x-oldbab",
                    "form": "a-na",
                    "cf": "ana",
                    "gw": "to",
                    "sense": "by",
                    "norm": "ana",
                    "pos": "PRP",
                    "epos": "PRP"
                  }
                },
                {
                  "node": "l",
                  "frag": "ši-na",
                  "id": "P255041.l08072",
                  "ref": "P255041.7.2",
                  "inst": "šina[two]NU",
                  "sig": "@dccmt%akk-x-oldbab:ši-na=šina[two//two]NU'NU$šina",
                  "f": {
                    "lang": "akk-x-oldbab",
                    "form": "ši-na",
                    "cf": "šina",
                    "gw": "two",
                    "sense": "two",
                    "norm": "šina",
                    "pos": "NU",
                    "epos": "NU"
                  }
                },
                {
                  "node": "l",
                  "frag": "he-pe₂-ma",
                  "id": "P255041.l08073",
                  "ref": "P255041.7.3",
                  "inst": "hepema[halve]V",
                  "sig": "@dccmt%akk-x-oldbab:he-pe₂-ma=hepû[break//halve]V'V$hepema",
                  "f": {
                    "lang": "akk-x-oldbab",
                    "form": "he-pe₂-ma",
                    "cf": "hepû",
                    "gw": "break",
                    "sense": "halve",
                    "norm": "hepema",
                    "pos": "V",
                    "epos": "V"
                  }
                },
                {
                  "node": "l",
                  "frag": "3.30",
                  "id": "P255041.l08074",
                  "ref": "P255041.7.4",
                  "inst": "n +.",
                  "f": {
                    "lang": "akk-x-oldbab",
                    "form": "3.30",
                    "pos": "n"
                  }
                }
              ]
            },
            {
              "node": "c",
              "type": "sentence",
              "tag": ".",
              "id": "P255041.U8",
              "label": "o 6 - o 9",
              "cdl": [
                {
                  "node": "d",
                  "type": "line-start",
                  "ref": "P255041.8",
                  "n": "6",
                  "label": "o 6"
                },
                {
                  "node": "l",
                  "frag": "3.30",
                  "id": "P255041.l08075",
                  "ref": "P255041.8.1",
                  "inst": "n",
                  "f": {
                    "lang": "akk-x-oldbab",
                    "form": "3.30",
                    "pos": "n"
                  }
                },
                {
                  "node": "l",
                  "frag": "it-ti",
                  "id": "P255041.l08076",
                  "ref": "P255041.8.2",
                  "inst": "itti[with]PRP",
                  "sig": "@dccmt%akk-x-oldbab:it-ti=itti[with//with]PRP'PRP$itti",
                  "f": {
                    "lang": "akk-x-oldbab",
                    "form": "it-ti",
                    "cf": "itti",
                    "gw": "with",
                    "sense": "with",
                    "norm": "itti",
                    "pos": "PRP",
                    "epos": "PRP"
                  }
                },
                {
                  "node": "l",
                  "frag": "3.30",
                  "id": "P255041.l08077",
                  "ref": "P255041.8.3",
                  "inst": "n",
                  "f": {
                    "lang": "akk-x-oldbab",
                    "form": "3.30",
                    "pos": "n"
                  }
                },
                {
                  "node": "d",
                  "type": "line-start",
                  "ref": "P255041.9",
                  "n": "7",
                  "label": "o 7"
                },
                {
                  "node": "l",
                  "frag": "šu-ta-ki-il-ma",
                  "id": "P255041.l08078",
                  "ref": "P255041.9.1",
                  "inst": "šutakīlma[multiply]V",
                  "sig": "@dccmt%akk-x-oldbab:šu-ta-ki-il-ma=kullu[hold//multiply]V'V$šutakīlma",
                  "f": {
                    "lang": "akk-x-oldbab",
                    "form": "šu-ta-ki-il-ma",
                    "cf": "kullu",
                    "gw": "hold",
                    "sense": "multiply",
                    "norm": "šutakīlma",
                    "pos": "V",
                    "epos": "V"
                  }
                },
                {
                  "node": "l",
                  "frag": "12.15",
                  "id": "P255041.l08079",
                  "ref": "P255041.9.2",
                  "inst": "n",
                  "f": {
                    "lang": "akk-x-oldbab",
                    "form": "12.15",
                    "pos": "n"
                  }
                },
                {
                  "node": "d",
                  "type": "line-start",
                  "ref": "P255041.10",
                  "n": "8",
                  "label": "o 8"
                },
                {
                  "node": "l",
                  "frag": "a-na",
                  "id": "P255041.l0807a",
                  "ref": "P255041.10.1",
                  "inst": "ana[by]PRP",
                  "sig": "@dccmt%akk-x-oldbab:a-na=ana[to//by]PRP'PRP$ana",
                  "f": {
                    "lang": "akk-x-oldbab",
                    "form": "a-na",
                    "cf": "ana",
                    "gw": "to",
                    "sense": "by",
                    "norm": "ana",
                    "pos": "PRP",
                    "epos": "PRP"
                  }
                },
                {
                  "node": "l",
                  "frag": "12.15",
                  "id": "P255041.l0807b",
                  "ref": "P255041.10.2",
                  "inst": "n",
                  "f": {
                    "lang": "akk-x-oldbab",
                    "form": "12.15",
                    "pos": "n"
                  }
                },
                {
                  "node": "l",
                  "frag": "ša",
                  "id": "P255041.l0807c",
                  "ref": "P255041.10.3",
                  "inst": "ša[that]REL",
                  "sig": "@dccmt%akk-x-oldbab:ša=ša[that//that]REL'REL$ša",
                  "f": {
                    "lang": "akk-x-oldbab",
                    "form": "ša",
                    "cf": "ša",
                    "gw": "that",
                    "sense": "that",
                    "norm": "ša",
                    "pos": "REL",
                    "epos": "REL"
                  }
                },
                {
                  "node": "l",
                  "frag": "i-li-kum",
                  "id": "P255041.l0807d",
                  "ref": "P255041.10.4",
                  "inst": "īlikum[result]V",
                  "sig": "@dccmt%akk-x-oldbab:i-li-kum=elû[go up//result]V'V$īlikum",
                  "f": {
                    "lang": "akk-x-oldbab",
                    "form": "i-li-kum",
                    "cf": "elû",
                    "gw": "go up",
                    "sense": "result",
                    "norm": "īlikum",
                    "pos": "V",
                    "epos": "V"
                  }
                },
                {
                  "node": "d",
                  "type": "line-start",
                  "ref": "P255041.11",
                  "n": "9",
                  "label": "o 9"
                },
                {
                  "node": "l",
                  "frag": "1",
                  "id": "P255041.l0807e",
                  "ref": "P255041.11.1",
                  "inst": "n",
                  "f": {
                    "lang": "akk-x-oldbab",
                    "form": "1",
                    "pos": "n"
                  }
                },
                {
                  "node": "l",
                  "frag": "A.ŠA₃]{⸢la⸣-am}",
                  "id": "P255041.l0807f",
                  "ref": "P255041.11.2",
                  "inst": "+eqlu[field//area]N'N$eqlam",
                  "sig": "@dccmt%akk-x-oldbab:A.ŠA₃{+la-am}=eqlu[field//area]N'N$eqlam",
                  "f": {
                    "lang": "akk-x-oldbab",
                    "form": "A.ŠA₃{+la-am}",
                    "cf": "eqlu",
                    "gw": "field",
                    "sense": "area",
                    "norm": "eqlam",
                    "pos": "N",
                    "epos": "N"
                  }
                },
                {
                  "node": "l",
                  "frag": "ṣi₂-ib-ma",
                  "id": "P255041.l08080",
                  "ref": "P255041.11.3",
                  "inst": "ṣibma[add]V",
                  "sig": "@dccmt%akk-x-oldbab:ṣi₂-ib-ma=waṣābu[add//add]V'V$ṣibma",
                  "f": {
                    "lang": "akk-x-oldbab",
                    "form": "ṣi₂-ib-ma",
                    "cf": "waṣābu",
                    "gw": "add",
                    "sense": "add",
                    "norm": "ṣibma",
                    "pos": "V",
                    "epos": "V"
                  }
                },
                {
                  "node": "l",
                  "frag": "1.12.15",
                  "id": "P255041.l08081",
                  "ref": "P255041.11.4",
                  "inst": "n +.",
                  "f": {
                    "lang": "akk-x-oldbab",
                    "form": "1.12.15",
                    "pos": "n"
                  }
                }
              ]
            },
            {
              "node": "c",
              "type": "sentence",
              "tag": ".",
              "id": "P255041.U10",
              "label": "o 10 - o 10",
              "cdl": [
                {
                  "node": "d",
                  "type": "line-start",
                  "ref": "P255041.12",
                  "n": "10",
                  "label": "o 10"
                },
                {
                  "node": "l",
                  "frag": "[IB₂.SI₈",
                  "id": "P255041.l08082",
                  "ref": "P255041.12.1",
                  "inst": "mitharti[(side of a) square]N",
                  "sig": "@dccmt%akk-x-oldbab:IB₂.SI₈=mithartu[(side of a) square//(side of a) square]N'N$mitharti",
                  "f": {
                    "lang": "akk-x-oldbab",
                    "form": "IB₂.SI₈",
                    "cf": "mithartu",
                    "gw": "(side of a) square",
                    "sense": "(side of a) square",
                    "norm": "mitharti",
                    "pos": "N",
                    "epos": "N"
                  }
                },
                {
                  "node": "l",
                  "frag": "1.12.15",
                  "id": "P255041.l08083",
                  "ref": "P255041.12.2",
                  "inst": "n",
                  "f": {
                    "lang": "akk-x-oldbab",
                    "form": "1.12.15",
                    "pos": "n"
                  }
                },
                {
                  "node": "l",
                  "frag": "mi-nu-um",
                  "id": "P255041.l08084",
                  "ref": "P255041.12.3",
                  "inst": "mīnûm[what?]QP +.",
                  "sig": "@dccmt%akk-x-oldbab:mi-nu-um=mīnû[what?//what?]QP'QP$mīnûm",
                  "f": {
                    "lang": "akk-x-oldbab",
                    "form": "mi-nu-um",
                    "cf": "mīnû",
                    "gw": "what?",
                    "sense": "what?",
                    "norm": "mīnûm",
                    "pos": "QP",
                    "epos": "QP"
                  }
                }
              ]
            },
            {
              "node": "c",
              "type": "sentence",
              "tag": ".",
              "id": "P255041.U12",
              "label": "o 10 - o 10",
              "cdl": [
                {
                  "node": "l",
                  "frag": "8.30",
                  "id": "P255041.l08085",
                  "ref": "P255041.12.4",
                  "inst": "n +.",
                  "f": {
                    "lang": "akk-x-oldbab",
                    "form": "8.30",
                    "pos": "n"
                  }
                }
              ]
            },
            {
              "node": "c",
              "type": "sentence",
              "tag": ".",
              "id": "P255041.U14",
              "label": "o 11 - r 2",
              "cdl": [
                {
                  "node": "d",
                  "type": "line-start",
                  "ref": "P255041.13",
                  "n": "11",
                  "label": "o 11"
                },
                {
                  "node": "l",
                  "frag": "8.30",
                  "id": "P255041.l08086",
                  "ref": "P255041.13.1",
                  "inst": "n",
                  "f": {
                    "lang": "akk-x-oldbab",
                    "form": "8.30",
                    "pos": "n"
                  }
                },
                {
                  "node": "l",
                  "frag": "u₃]",
                  "id": "P255041.l08087",
                  "ref": "P255041.13.2",
                  "inst": "u[and]CNJ",
                  "sig": "@dccmt%akk-x-oldbab:u₃=u[and//and]CNJ'CNJ$u",
                  "f": {
                    "lang": "akk-x-oldbab",
                    "form": "u₃",
                    "cf": "u",
                    "gw": "and",
                    "sense": "and",
                    "norm": "u",
                    "pos": "CNJ",
                    "epos": "CNJ"
                  }
                },
                {
                  "node": "l",
                  "frag": "8.30",
                  "id": "P255041.l08088",
                  "ref": "P255041.13.3",
                  "inst": "n",
                  "f": {
                    "lang": "akk-x-oldbab",
                    "form": "8.30",
                    "pos": "n"
                  }
                },
                {
                  "node": "l",
                  "frag": "me-he-er-šu",
                  "id": "P255041.l08089",
                  "ref": "P255041.13.4",
                  "inst": "meheršu[counterpart]N",
                  "sig": "@dccmt%akk-x-oldbab:me-he-er-šu=mehru[copy//counterpart]N'N$meheršu",
                  "f": {
                    "lang": "akk-x-oldbab",
                    "form": "me-he-er-šu",
                    "cf": "mehru",
                    "gw": "copy",
                    "sense": "counterpart",
                    "norm": "meheršu",
                    "pos": "N",
                    "epos": "N"
                  }
                },
                {
                  "node": "l",
                  "frag": "i-di-ma",
                  "id": "P255041.l0808a",
                  "ref": "P255041.13.5",
                  "inst": "idima[draw]V",
                  "sig": "@dccmt%akk-x-oldbab:i-di-ma=nadû[throw//draw]V'V$idima",
                  "f": {
                    "lang": "akk-x-oldbab",
                    "form": "i-di-ma",
                    "cf": "nadû",
                    "gw": "throw",
                    "sense": "draw",
                    "norm": "idima",
                    "pos": "V",
                    "epos": "V"
                  }
                },
                {
                  "node": "d",
                  "subtype": "reverse",
                  "type": "reverse",
                  "ref": "P255041.r.14",
                  "label": "r"
                },
                {
                  "node": "d",
                  "type": "line-start",
                  "ref": "P255041.15",
                  "n": "1",
                  "label": "r 1"
                },
                {
                  "node": "l",
                  "frag": "3.30",
                  "id": "P255041.l0808b",
                  "ref": "P255041.15.1",
                  "inst": "n",
                  "f": {
                    "lang": "akk-x-oldbab",
                    "form": "3.30",
                    "pos": "n"
                  }
                },
                {
                  "node": "l",
                  "frag": "ta-ki-il-tam",
                  "id": "P255041.l0808c",
                  "ref": "P255041.15.2",
                  "inst": "+takiltu[multiplied amount]N$takiltam",
                  "sig": "@dccmt%akk-x-oldbab:ta-ki-il-tam=takiltu[multiplied amount//multiplied amount]N'N$takiltam",
                  "f": {
                    "lang": "akk-x-oldbab",
                    "form": "ta-ki-il-tam",
                    "cf": "takiltu",
                    "gw": "multiplied amount",
                    "sense": "multiplied amount",
                    "norm": "takiltam",
                    "pos": "N",
                    "epos": "N"
                  }
                },
                {
                  "node": "d",
                  "type": "line-start",
                  "ref": "P255041.16",
                  "n": "2",
                  "label": "r 2"
                },
                {
                  "node": "l",
                  "frag": "i-na",
                  "id": "P255041.l0808d",
                  "ref": "P255041.16.1",
                  "inst": "ina[from]PRP",
                  "sig": "@dccmt%akk-x-oldbab:i-na=ina[in//from]PRP'PRP$ina",
                  "f": {
                    "lang": "akk-x-oldbab",
                    "form": "i-na",
                    "cf": "ina",
                    "gw": "in",
                    "sense": "from",
                    "norm": "ina",
                    "pos": "PRP",
                    "epos": "PRP"
                  }
                },
                {
                  "node": "l",
                  "frag": "iš-te-en",
                  "id": "P255041.l0808e",
                  "ref": "P255041.16.2",
                  "inst": "ištēn[one]NU",
                  "sig": "@dccmt%akk-x-oldbab:iš-te-en=ištēn[one//one]NU'NU$ištēn",
                  "f": {
                    "lang": "akk-x-oldbab",
                    "form": "iš-te-en",
                    "cf": "ištēn",
                    "gw": "one",
                    "sense": "one",
                    "norm": "ištēn",
                    "pos": "NU",
                    "epos": "NU"
                  }
                },
                {
                  "node": "l",
                  "frag": "u₂-su-uh",
                  "id": "P255041.l0808f",
                  "ref": "P255041.16.3",
                  "inst": "+nasāhu[tear out//subtract]V'V$usuh +.",
                  "sig": "@dccmt%akk-x-oldbab:u₂-su-uh=nasāhu[tear out//subtract]V'V$usuh",
                  "f": {
                    "lang": "akk-x-oldbab",
                    "form": "u₂-su-uh",
                    "cf": "nasāhu",
                    "gw": "tear out",
                    "sense": "subtract",
                    "norm": "usuh",
                    "pos": "V",
                    "epos": "V"
                  }
                }
              ]
            },
            {
              "node": "c",
              "type": "sentence",
              "tag": ".",
              "id": "P255041.U16",
              "label": "r 3 - r 3",
              "cdl": [
                {
                  "node": "d",
                  "type": "line-start",
                  "ref": "P255041.17",
                  "n": "3",
                  "label": "r 3"
                },
                {
                  "node": "l",
                  "frag": "a-na",
                  "id": "P255041.l08090",
                  "ref": "P255041.17.1",
                  "inst": "ana[to]PRP",
                  "sig": "@dccmt%akk-x-oldbab:a-na=ana[to//by]PRP'PRP$ana",
                  "f": {
                    "lang": "akk-x-oldbab",
                    "form": "a-na",
                    "cf": "ana",
                    "gw": "to",
                    "sense": "by",
                    "norm": "ana",
                    "pos": "PRP",
                    "epos": "PRP"
                  }
                },
                {
                  "node": "l",
                  "frag": "iš-te-en",
                  "id": "P255041.l08091",
                  "ref": "P255041.17.2",
                  "inst": "ištēn[one]NU",
                  "sig": "@dccmt%akk-x-oldbab:iš-te-en=ištēn[one//one]NU'NU$ištēn",
                  "f": {
                    "lang": "akk-x-oldbab",
                    "form": "iš-te-en",
                    "cf": "ištēn",
                    "gw": "one",
                    "sense": "one",
                    "norm": "ištēn",
                    "pos": "NU",
                    "epos": "NU"
                  }
                },
                {
                  "node": "l",
                  "frag": "ṣi₂-ib",
                  "id": "P255041.l08092",
                  "ref": "P255041.17.3",
                  "inst": "ṣib[add]V +.",
                  "sig": "@dccmt%akk-x-oldbab:ṣi₂-ib=waṣābu[add//add]V'V$ṣib",
                  "f": {
                    "lang": "akk-x-oldbab",
                    "form": "ṣi₂-ib",
                    "cf": "waṣābu",
                    "gw": "add",
                    "sense": "add",
                    "norm": "ṣib",
                    "pos": "V",
                    "epos": "V"
                  }
                }
              ]
            },
            {
              "node": "c",
              "type": "sentence",
              "tag": ".",
              "id": "P255041.U18",
              "label": "r 4 - r 4",
              "cdl": [
                {
                  "node": "d",
                  "type": "line-start",
                  "ref": "P255041.18",
                  "n": "4",
                  "label": "r 4"
                },
                {
                  "node": "l",
                  "frag": "iš-te-en",
                  "id": "P255041.l08093",
                  "ref": "P255041.18.1",
                  "inst": "ištēn[one]NU",
                  "sig": "@dccmt%akk-x-oldbab:iš-te-en=ištēn[one//one]NU'NU$ištēn",
                  "f": {
                    "lang": "akk-x-oldbab",
                    "form": "iš-te-en",
                    "cf": "ištēn",
                    "gw": "one",
                    "sense": "one",
                    "norm": "ištēn",
                    "pos": "NU",
                    "epos": "NU"
                  }
                },
                {
                  "node": "l",
                  "frag": "12",
                  "id": "P255041.l08094",
                  "ref": "P255041.18.2",
                  "inst": "n +.",
                  "f": {
                    "lang": "akk-x-oldbab",
                    "form": "12",
                    "pos": "n"
                  }
                }
              ]
            },
            {
              "node": "c",
              "type": "sentence",
              "tag": ".",
              "id": "P255041.U20",
              "label": "r 4 - r 4",
              "cdl": [
                {
                  "node": "l",
                  "frag": "ša-nu-um",
                  "id": "P255041.l08095",
                  "ref": "P255041.18.3",
                  "inst": "+šanû[second]NU$šanûm",
                  "sig": "@dccmt%akk-x-oldbab:ša-nu-um=šanû[second//second]NU'NU$šanûm",
                  "f": {
                    "lang": "akk-x-oldbab",
                    "form": "ša-nu-um",
                    "cf": "šanû",
                    "gw": "second",
                    "sense": "second",
                    "norm": "šanûm",
                    "pos": "NU",
                    "epos": "NU"
                  }
                },
                {
                  "node": "l",
                  "frag": "5",
                  "id": "P255041.l08096",
                  "ref": "P255041.18.4",
                  "inst": "n +.",
                  "f": {
                    "lang": "akk-x-oldbab",
                    "form": "5",
                    "pos": "n"
                  }
                }
              ]
            },
            {
              "node": "c",
              "type": "sentence",
              "tag": ".",
              "id": "P255041.U22",
              "label": "r 5 - r 5",
              "cdl": [
                {
                  "node": "d",
                  "type": "line-start",
                  "ref": "P255041.19",
                  "n": "5",
                  "label": "r 5"
                },
                {
                  "node": "l",
                  "frag": "12",
                  "id": "P255041.l08097",
                  "ref": "P255041.19.1",
                  "inst": "n",
                  "f": {
                    "lang": "akk-x-oldbab",
                    "form": "12",
                    "pos": "n"
                  }
                },
                {
                  "node": "l",
                  "frag": "IGI.BI",
                  "id": "P255041.l08098",
                  "ref": "P255041.19.2",
                  "inst": "igibûm[reciprocal of reciprocal]N +.",
                  "sig": "@dccmt%akk-x-oldbab:IGI.BI=igibû[reciprocal of reciprocal//reciprocal of reciprocal]N'N$igibûm",
                  "f": {
                    "lang": "akk-x-oldbab",
                    "form": "IGI.BI",
                    "cf": "igibû",
                    "gw": "reciprocal of reciprocal",
                    "sense": "reciprocal of reciprocal",
                    "norm": "igibûm",
                    "pos": "N",
                    "epos": "N"
                  }
                }
              ]
            },
            {
              "node": "c",
              "type": "sentence",
              "tag": ".",
              "id": "P255041.U24",
              "label": "r 5 - r 5",
              "cdl": [
                {
                  "node": "l",
                  "frag": "5",
                  "id": "P255041.l08099",
                  "ref": "P255041.19.3",
                  "inst": "n",
                  "f": {
                    "lang": "akk-x-oldbab",
                    "form": "5",
                    "pos": "n"
                  }
                },
                {
                  "node": "l",
                  "frag": "i-gu-um",
                  "id": "P255041.l0809a",
                  "ref": "P255041.19.4",
                  "inst": "+igû[reciprocal]N$igûm +.",
                  "sig": "@dccmt%akk-x-oldbab:i-gu-um=igû[reciprocal//reciprocal]N'N$igûm",
                  "f": {
                    "lang": "akk-x-oldbab",
                    "form": "i-gu-um",
                    "cf": "igû",
                    "gw": "reciprocal",
                    "sense": "reciprocal",
                    "norm": "igûm",
                    "pos": "N",
                    "epos": "N"
                  }
                }
              ]
            }
          ]
        }
      ]
    }
  ]
}
