{
  "type": "cdl",
  "source": "http://oracc.org/dccmt",
  "license": "This data is released under the CC0 license",
  "license-url": "https://creativecommons.org/publicdomain/zero/1.0/",
  "more-info": "http://oracc.org/doc/opendata/",
  "UTC-timestamp": "2017-06-09T23:56:23",
  "project": "dccmt",
  "textid": "P357332",
  "cdl": [
    {
      "node": "c",
      "type": "text",
      "id": "P357332.U0",
      "cdl": [
        {
          "node": "d",
          "subtype": "tablet",
          "type": "tablet",
          "ref": "P357332.x75.1",
          "label": "x75"
        },
        {
          "node": "d",
          "subtype": "obverse",
          "type": "obverse",
          "ref": "P357332.o.2",
          "label": "o"
        },
        {
          "node": "c",
          "type": "discourse",
          "subtype": "body",
          "id": "P357332.U1",
          "cdl": [
            {
              "node": "c",
              "type": "sentence",
              "tag": ".",
              "id": "P357332.U2",
              "label": "o 1 - o 3",
              "cdl": [
                {
                  "node": "d",
                  "type": "line-start",
                  "ref": "P357332.3",
                  "n": "1",
                  "label": "o 1"
                },
                {
                  "node": "l",
                  "frag": "MAŠ",
                  "id": "P357332.l04a14",
                  "ref": "P357332.3.1",
                  "inst": "X",
                  "f": {
                    "lang": "akk-x-oldass",
                    "form": "MAŠ",
                    "pos": "X"
                  }
                },
                {
                  "node": "d",
                  "type": "line-start",
                  "ref": "P357332.4",
                  "n": "2",
                  "label": "o 2"
                },
                {
                  "node": "l",
                  "frag": "1(U)",
                  "id": "P357332.l04a15",
                  "ref": "P357332.4.1",
                  "inst": "n",
                  "f": {
                    "lang": "akk-x-oldass",
                    "form": "1(U)",
                    "pos": "n"
                  }
                },
                {
                  "node": "l",
                  "frag": "MA.NA",
                  "id": "P357332.l04a16",
                  "ref": "P357332.4.2",
                  "inst": "mana[unit]N",
                  "sig": "@dccmt%akk-x-oldass:MA.NA=manû[unit//unit]N'N$mana",
                  "f": {
                    "lang": "akk-x-oldass",
                    "form": "MA.NA",
                    "cf": "manû",
                    "gw": "unit",
                    "sense": "unit",
                    "norm": "mana",
                    "pos": "N",
                    "epos": "N"
                  }
                },
                {
                  "node": "l",
                  "frag": "KU₃.SI₂₂",
                  "id": "P357332.l04a17",
                  "ref": "P357332.4.3",
                  "inst": "hurāṣum[gold]N",
                  "sig": "@dccmt%akk-x-oldass:KU₃.SI₂₂=hurāṣu[gold//gold]N'N$hurāṣum",
                  "f": {
                    "lang": "akk-x-oldass",
                    "form": "KU₃.SI₂₂",
                    "cf": "hurāṣu",
                    "gw": "gold",
                    "sense": "gold",
                    "norm": "hurāṣum",
                    "pos": "N",
                    "epos": "N"
                  }
                },
                {
                  "node": "d",
                  "type": "line-start",
                  "ref": "P357332.5",
                  "n": "3",
                  "label": "o 3"
                },
                {
                  "node": "l",
                  "frag": "za-ki-um",
                  "id": "P357332.l04a18",
                  "ref": "P357332.5.1",
                  "inst": "zakium[pure]AJ",
                  "sig": "@dccmt%akk-x-oldass:za-ki-um=zakû[pure//pure]AJ'AJ$zakium",
                  "f": {
                    "lang": "akk-x-oldass",
                    "form": "za-ki-um",
                    "cf": "zakû",
                    "gw": "pure",
                    "sense": "pure",
                    "norm": "zakium",
                    "pos": "AJ",
                    "epos": "AJ"
                  }
                },
                {
                  "node": "l",
                  "frag": "5(DIŠ)",
                  "id": "P357332.l04a19",
                  "ref": "P357332.5.2",
                  "inst": "n",
                  "f": {
                    "lang": "akk-x-oldass",
                    "form": "5(DIŠ)",
                    "pos": "n"
                  }
                },
                {
                  "node": "l",
                  "frag": "1/2(DIŠ)",
                  "id": "P357332.l04a1a",
                  "ref": "P357332.5.3",
                  "inst": "n",
                  "f": {
                    "lang": "akk-x-oldass",
                    "form": "1/2(DIŠ)",
                    "pos": "n"
                  }
                },
                {
                  "node": "l",
                  "frag": "GIN₂-TA",
                  "id": "P357332.l04a1b",
                  "ref": "P357332.5.4",
                  "inst": "šiqil[unit]N +.",
                  "sig": "@dccmt%akk-x-oldass:GIN₂-TA=šiqlu[unit//unit]N'N$šiqil",
                  "f": {
                    "lang": "akk-x-oldass",
                    "form": "GIN₂-TA",
                    "cf": "šiqlu",
                    "gw": "unit",
                    "sense": "unit",
                    "norm": "šiqil",
                    "pos": "N",
                    "epos": "N"
                  }
                }
              ]
            },
            {
              "node": "c",
              "type": "sentence",
              "tag": ".",
              "id": "P357332.U4",
              "label": "o 4 - o 4",
              "cdl": [
                {
                  "node": "d",
                  "type": "line-start",
                  "ref": "P357332.6",
                  "n": "4",
                  "label": "o 4"
                },
                {
                  "node": "l",
                  "frag": "KU₃.BABBAR",
                  "id": "P357332.l04a1c",
                  "ref": "P357332.6.1",
                  "inst": "kaspu[silver]N$kaspum",
                  "sig": "@dccmt%akk-x-oldass:KU₃.BABBAR=kaspu[silver//silver]N'N$kaspum",
                  "f": {
                    "lang": "akk-x-oldass",
                    "form": "KU₃.BABBAR",
                    "cf": "kaspu",
                    "gw": "silver",
                    "sense": "silver",
                    "norm": "kaspum",
                    "pos": "N",
                    "epos": "N"
                  }
                },
                {
                  "node": "l",
                  "frag": "5(U)",
                  "id": "P357332.l04a1d",
                  "ref": "P357332.6.2",
                  "inst": "n",
                  "f": {
                    "lang": "akk-x-oldass",
                    "form": "5(U)",
                    "pos": "n"
                  }
                },
                {
                  "node": "l",
                  "frag": "5(DIŠ)",
                  "id": "P357332.l04a1e",
                  "ref": "P357332.6.3",
                  "inst": "n",
                  "f": {
                    "lang": "akk-x-oldass",
                    "form": "5(DIŠ)",
                    "pos": "n"
                  }
                },
                {
                  "node": "l",
                  "frag": "MA.NA",
                  "id": "P357332.l04a1f",
                  "ref": "P357332.6.4",
                  "inst": "mana[unit]N +.",
                  "sig": "@dccmt%akk-x-oldass:MA.NA=manû[unit//unit]N'N$mana",
                  "f": {
                    "lang": "akk-x-oldass",
                    "form": "MA.NA",
                    "cf": "manû",
                    "gw": "unit",
                    "sense": "unit",
                    "norm": "mana",
                    "pos": "N",
                    "epos": "N"
                  }
                }
              ]
            },
            {
              "node": "d",
              "subtype": "reverse",
              "type": "reverse",
              "ref": "P357332.r.7",
              "label": "r"
            },
            {
              "node": "d",
              "type": "nonx",
              "ref": "P357332.8",
              "strict": "1",
              "extent": "n",
              "scope": "line",
              "state": "blank"
            }
          ]
        }
      ]
    }
  ]
}
