{
  "type": "cdl",
  "project": "dccmt",
  "source": "http://oracc.org/dccmt",
  "license": "This data is released under the CC0 license",
  "license-url": "https://creativecommons.org/publicdomain/zero/1.0/",
  "more-info": "http://oracc.org/doc/opendata/",
  "UTC-timestamp": "2017-06-21T22:33:20",
  "textid": "Q002450",
  "cdl": [
    {
      "node": "c",
      "type": "text",
      "id": "Q002450.U0",
      "cdl": [
        {
          "node": "d",
          "type": "object",
          "ref": ""
        },
        {
          "node": "d",
          "type": "surface",
          "ref": ""
        },
        {
          "node": "c",
          "type": "discourse",
          "subtype": "body",
          "id": "Q002450.U1",
          "cdl": [
            {
              "node": "c",
              "type": "sentence",
              "id": "Q002450.U2",
              "label": "1 - 23",
              "cdl": [
                {
                  "node": "d",
                  "type": "line-start",
                  "ref": "Q002450.1",
                  "n": "1",
                  "label": "1"
                },
                {
                  "node": "d",
                  "type": "field-start",
                  "subtype": "default"
                },
                {
                  "node": "l",
                  "frag": "15",
                  "id": "Q002450.l00fe1",
                  "ref": "Q002450.1.1",
                  "inst": "%sux:15=",
                  "f": {
                    "lang": "sux",
                    "form": "15",
                    "delim": " ",
                    "gdl": [
                      {
                        "n": "n",
                        "sexified": "1(u) 5(diš)",
                        "form": "15",
                        "id": "Q002450.1.1.0",
                        "seq": [
                          {
                            "r": "15"
                          }
                        ]
                      }
                    ]
                  }
                },
                {
                  "node": "l",
                  "frag": "a-ra₂",
                  "id": "Q002450.l00fe2",
                  "ref": "Q002450.1.2",
                  "inst": "%sux:a-ra₂=",
                  "f": {
                    "lang": "sux",
                    "form": "a-ra₂",
                    "delim": " ",
                    "gdl": [
                      {
                        "v": "a",
                        "id": "Q002450.1.2.0",
                        "delim": "-"
                      },
                      {
                        "v": "ra₂",
                        "id": "Q002450.1.2.1"
                      }
                    ]
                  }
                },
                {
                  "node": "l",
                  "frag": "1",
                  "id": "Q002450.l00fe3",
                  "ref": "Q002450.1.3",
                  "inst": "%sux:1=",
                  "f": {
                    "lang": "sux",
                    "form": "1",
                    "gdl": [
                      {
                        "n": "n",
                        "sexified": "1(diš)",
                        "form": "1",
                        "id": "Q002450.1.3.0",
                        "seq": [
                          {
                            "r": "1"
                          }
                        ]
                      }
                    ]
                  }
                },
                {
                  "node": "d",
                  "type": "field-end",
                  "subtype": "default"
                },
                {
                  "node": "d",
                  "type": "field-start",
                  "subtype": "default"
                },
                {
                  "node": "l",
                  "frag": "15",
                  "id": "Q002450.l00fe4",
                  "ref": "Q002450.1.4",
                  "inst": "%sux:15=",
                  "f": {
                    "lang": "sux",
                    "form": "15",
                    "gdl": [
                      {
                        "n": "n",
                        "sexified": "1(u) 5(diš)",
                        "form": "15",
                        "id": "Q002450.1.4.0",
                        "seq": [
                          {
                            "r": "15"
                          }
                        ]
                      }
                    ]
                  }
                },
                {
                  "node": "d",
                  "type": "field-end",
                  "subtype": "default"
                },
                {
                  "node": "d",
                  "type": "line-start",
                  "ref": "Q002450.2",
                  "n": "2",
                  "label": "2"
                },
                {
                  "node": "d",
                  "type": "field-start",
                  "subtype": "default"
                },
                {
                  "node": "l",
                  "frag": "a-ra₂",
                  "id": "Q002450.l00fe5",
                  "ref": "Q002450.2.1",
                  "inst": "%sux:a-ra₂=",
                  "f": {
                    "lang": "sux",
                    "form": "a-ra₂",
                    "delim": " ",
                    "gdl": [
                      {
                        "v": "a",
                        "id": "Q002450.2.1.0",
                        "delim": "-"
                      },
                      {
                        "v": "ra₂",
                        "id": "Q002450.2.1.1"
                      }
                    ]
                  }
                },
                {
                  "node": "l",
                  "frag": "2",
                  "id": "Q002450.l00fe6",
                  "ref": "Q002450.2.2",
                  "inst": "%sux:2=",
                  "f": {
                    "lang": "sux",
                    "form": "2",
                    "gdl": [
                      {
                        "n": "n",
                        "sexified": "2(diš)",
                        "form": "2",
                        "id": "Q002450.2.2.0",
                        "seq": [
                          {
                            "r": "2"
                          }
                        ]
                      }
                    ]
                  }
                },
                {
                  "node": "d",
                  "type": "field-end",
                  "subtype": "default"
                },
                {
                  "node": "d",
                  "type": "field-start",
                  "subtype": "default"
                },
                {
                  "node": "l",
                  "frag": "30",
                  "id": "Q002450.l00fe7",
                  "ref": "Q002450.2.3",
                  "inst": "%sux:30=",
                  "f": {
                    "lang": "sux",
                    "form": "30",
                    "gdl": [
                      {
                        "n": "n",
                        "sexified": "3(u)",
                        "form": "30",
                        "id": "Q002450.2.3.0",
                        "seq": [
                          {
                            "r": "30"
                          }
                        ]
                      }
                    ]
                  }
                },
                {
                  "node": "d",
                  "type": "field-end",
                  "subtype": "default"
                },
                {
                  "node": "d",
                  "type": "line-start",
                  "ref": "Q002450.3",
                  "n": "3",
                  "label": "3"
                },
                {
                  "node": "d",
                  "type": "field-start",
                  "subtype": "default"
                },
                {
                  "node": "l",
                  "frag": "a-ra₂",
                  "id": "Q002450.l00fe8",
                  "ref": "Q002450.3.1",
                  "inst": "%sux:a-ra₂=",
                  "f": {
                    "lang": "sux",
                    "form": "a-ra₂",
                    "delim": " ",
                    "gdl": [
                      {
                        "v": "a",
                        "id": "Q002450.3.1.0",
                        "delim": "-"
                      },
                      {
                        "v": "ra₂",
                        "id": "Q002450.3.1.1"
                      }
                    ]
                  }
                },
                {
                  "node": "l",
                  "frag": "3",
                  "id": "Q002450.l00fe9",
                  "ref": "Q002450.3.2",
                  "inst": "%sux:3=",
                  "f": {
                    "lang": "sux",
                    "form": "3",
                    "gdl": [
                      {
                        "n": "n",
                        "sexified": "3(diš)",
                        "form": "3",
                        "id": "Q002450.3.2.0",
                        "seq": [
                          {
                            "r": "3"
                          }
                        ]
                      }
                    ]
                  }
                },
                {
                  "node": "d",
                  "type": "field-end",
                  "subtype": "default"
                },
                {
                  "node": "d",
                  "type": "field-start",
                  "subtype": "default"
                },
                {
                  "node": "l",
                  "frag": "45",
                  "id": "Q002450.l00fea",
                  "ref": "Q002450.3.3",
                  "inst": "%sux:45=",
                  "f": {
                    "lang": "sux",
                    "form": "45",
                    "gdl": [
                      {
                        "n": "n",
                        "sexified": "4(u) 5(diš)",
                        "form": "45",
                        "id": "Q002450.3.3.0",
                        "seq": [
                          {
                            "r": "45"
                          }
                        ]
                      }
                    ]
                  }
                },
                {
                  "node": "d",
                  "type": "field-end",
                  "subtype": "default"
                },
                {
                  "node": "d",
                  "type": "line-start",
                  "ref": "Q002450.4",
                  "n": "4",
                  "label": "4"
                },
                {
                  "node": "d",
                  "type": "field-start",
                  "subtype": "default"
                },
                {
                  "node": "l",
                  "frag": "a-ra₂",
                  "id": "Q002450.l00feb",
                  "ref": "Q002450.4.1",
                  "inst": "%sux:a-ra₂=",
                  "f": {
                    "lang": "sux",
                    "form": "a-ra₂",
                    "delim": " ",
                    "gdl": [
                      {
                        "v": "a",
                        "id": "Q002450.4.1.0",
                        "delim": "-"
                      },
                      {
                        "v": "ra₂",
                        "id": "Q002450.4.1.1"
                      }
                    ]
                  }
                },
                {
                  "node": "l",
                  "frag": "4",
                  "id": "Q002450.l00fec",
                  "ref": "Q002450.4.2",
                  "inst": "%sux:4=",
                  "f": {
                    "lang": "sux",
                    "form": "4",
                    "gdl": [
                      {
                        "n": "n",
                        "sexified": "4(diš)",
                        "form": "4",
                        "id": "Q002450.4.2.0",
                        "seq": [
                          {
                            "r": "4"
                          }
                        ]
                      }
                    ]
                  }
                },
                {
                  "node": "d",
                  "type": "field-end",
                  "subtype": "default"
                },
                {
                  "node": "d",
                  "type": "field-start",
                  "subtype": "default"
                },
                {
                  "node": "l",
                  "frag": "1",
                  "id": "Q002450.l00fed",
                  "ref": "Q002450.4.3",
                  "inst": "%sux:1=",
                  "f": {
                    "lang": "sux",
                    "form": "1",
                    "gdl": [
                      {
                        "n": "n",
                        "sexified": "1(diš)",
                        "form": "1",
                        "id": "Q002450.4.3.0",
                        "seq": [
                          {
                            "r": "1"
                          }
                        ]
                      }
                    ]
                  }
                },
                {
                  "node": "d",
                  "type": "field-end",
                  "subtype": "default"
                },
                {
                  "node": "d",
                  "type": "line-start",
                  "ref": "Q002450.5",
                  "n": "5",
                  "label": "5"
                },
                {
                  "node": "d",
                  "type": "field-start",
                  "subtype": "default"
                },
                {
                  "node": "l",
                  "frag": "a-ra₂",
                  "id": "Q002450.l00fee",
                  "ref": "Q002450.5.1",
                  "inst": "%sux:a-ra₂=",
                  "f": {
                    "lang": "sux",
                    "form": "a-ra₂",
                    "delim": " ",
                    "gdl": [
                      {
                        "v": "a",
                        "id": "Q002450.5.1.0",
                        "delim": "-"
                      },
                      {
                        "v": "ra₂",
                        "id": "Q002450.5.1.1"
                      }
                    ]
                  }
                },
                {
                  "node": "l",
                  "frag": "5",
                  "id": "Q002450.l00fef",
                  "ref": "Q002450.5.2",
                  "inst": "%sux:5=",
                  "f": {
                    "lang": "sux",
                    "form": "5",
                    "gdl": [
                      {
                        "n": "n",
                        "sexified": "5(diš)",
                        "form": "5",
                        "id": "Q002450.5.2.0",
                        "seq": [
                          {
                            "r": "5"
                          }
                        ]
                      }
                    ]
                  }
                },
                {
                  "node": "d",
                  "type": "field-end",
                  "subtype": "default"
                },
                {
                  "node": "d",
                  "type": "field-start",
                  "subtype": "default"
                },
                {
                  "node": "l",
                  "frag": "(1.15)",
                  "id": "Q002450.l00ff0",
                  "ref": "Q002450.5.3",
                  "inst": "%sux:1.15=",
                  "f": {
                    "lang": "sux",
                    "form": "1.15",
                    "gdl": [
                      {
                        "gg": "group",
                        "gdl_type": "group",
                        "group": [
                          {
                            "n": "n",
                            "sexified": "1(diš)",
                            "form": "1",
                            "id": "Q002450.5.3.0",
                            "delim": ".",
                            "seq": [
                              {
                                "r": "1"
                              }
                            ]
                          },
                          {
                            "n": "n",
                            "sexified": "1(u) 5(diš)",
                            "form": "15",
                            "id": "Q002450.5.3.1",
                            "seq": [
                              {
                                "r": "15"
                              }
                            ]
                          }
                        ]
                      }
                    ]
                  }
                },
                {
                  "node": "d",
                  "type": "field-end",
                  "subtype": "default"
                },
                {
                  "node": "d",
                  "type": "line-start",
                  "ref": "Q002450.6",
                  "n": "6",
                  "label": "6"
                },
                {
                  "node": "d",
                  "type": "field-start",
                  "subtype": "default"
                },
                {
                  "node": "l",
                  "frag": "a-ra₂",
                  "id": "Q002450.l00ff1",
                  "ref": "Q002450.6.1",
                  "inst": "%sux:a-ra₂=",
                  "f": {
                    "lang": "sux",
                    "form": "a-ra₂",
                    "delim": " ",
                    "gdl": [
                      {
                        "v": "a",
                        "id": "Q002450.6.1.0",
                        "delim": "-"
                      },
                      {
                        "v": "ra₂",
                        "id": "Q002450.6.1.1"
                      }
                    ]
                  }
                },
                {
                  "node": "l",
                  "frag": "6",
                  "id": "Q002450.l00ff2",
                  "ref": "Q002450.6.2",
                  "inst": "%sux:6=",
                  "f": {
                    "lang": "sux",
                    "form": "6",
                    "gdl": [
                      {
                        "n": "n",
                        "sexified": "6(diš)",
                        "form": "6",
                        "id": "Q002450.6.2.0",
                        "seq": [
                          {
                            "r": "6"
                          }
                        ]
                      }
                    ]
                  }
                },
                {
                  "node": "d",
                  "type": "field-end",
                  "subtype": "default"
                },
                {
                  "node": "d",
                  "type": "field-start",
                  "subtype": "default"
                },
                {
                  "node": "l",
                  "frag": "(1.30)",
                  "id": "Q002450.l00ff3",
                  "ref": "Q002450.6.3",
                  "inst": "%sux:1.30=",
                  "f": {
                    "lang": "sux",
                    "form": "1.30",
                    "gdl": [
                      {
                        "gg": "group",
                        "gdl_type": "group",
                        "group": [
                          {
                            "n": "n",
                            "sexified": "1(diš)",
                            "form": "1",
                            "id": "Q002450.6.3.0",
                            "delim": ".",
                            "seq": [
                              {
                                "r": "1"
                              }
                            ]
                          },
                          {
                            "n": "n",
                            "sexified": "3(u)",
                            "form": "30",
                            "id": "Q002450.6.3.1",
                            "seq": [
                              {
                                "r": "30"
                              }
                            ]
                          }
                        ]
                      }
                    ]
                  }
                },
                {
                  "node": "d",
                  "type": "field-end",
                  "subtype": "default"
                },
                {
                  "node": "d",
                  "type": "line-start",
                  "ref": "Q002450.7",
                  "n": "7",
                  "label": "7"
                },
                {
                  "node": "d",
                  "type": "field-start",
                  "subtype": "default"
                },
                {
                  "node": "l",
                  "frag": "a-ra₂",
                  "id": "Q002450.l00ff4",
                  "ref": "Q002450.7.1",
                  "inst": "%sux:a-ra₂=",
                  "f": {
                    "lang": "sux",
                    "form": "a-ra₂",
                    "delim": " ",
                    "gdl": [
                      {
                        "v": "a",
                        "id": "Q002450.7.1.0",
                        "delim": "-"
                      },
                      {
                        "v": "ra₂",
                        "id": "Q002450.7.1.1"
                      }
                    ]
                  }
                },
                {
                  "node": "l",
                  "frag": "7",
                  "id": "Q002450.l00ff5",
                  "ref": "Q002450.7.2",
                  "inst": "%sux:7=",
                  "f": {
                    "lang": "sux",
                    "form": "7",
                    "gdl": [
                      {
                        "n": "n",
                        "sexified": "7(diš)",
                        "form": "7",
                        "id": "Q002450.7.2.0",
                        "seq": [
                          {
                            "r": "7"
                          }
                        ]
                      }
                    ]
                  }
                },
                {
                  "node": "d",
                  "type": "field-end",
                  "subtype": "default"
                },
                {
                  "node": "d",
                  "type": "field-start",
                  "subtype": "default"
                },
                {
                  "node": "l",
                  "frag": "(1.45)",
                  "id": "Q002450.l00ff6",
                  "ref": "Q002450.7.3",
                  "inst": "%sux:1.45=",
                  "f": {
                    "lang": "sux",
                    "form": "1.45",
                    "gdl": [
                      {
                        "gg": "group",
                        "gdl_type": "group",
                        "group": [
                          {
                            "n": "n",
                            "sexified": "1(diš)",
                            "form": "1",
                            "id": "Q002450.7.3.0",
                            "delim": ".",
                            "seq": [
                              {
                                "r": "1"
                              }
                            ]
                          },
                          {
                            "n": "n",
                            "sexified": "4(u) 5(diš)",
                            "form": "45",
                            "id": "Q002450.7.3.1",
                            "seq": [
                              {
                                "r": "45"
                              }
                            ]
                          }
                        ]
                      }
                    ]
                  }
                },
                {
                  "node": "d",
                  "type": "field-end",
                  "subtype": "default"
                },
                {
                  "node": "d",
                  "type": "line-start",
                  "ref": "Q002450.8",
                  "n": "8",
                  "label": "8"
                },
                {
                  "node": "d",
                  "type": "field-start",
                  "subtype": "default"
                },
                {
                  "node": "l",
                  "frag": "a-ra₂",
                  "id": "Q002450.l00ff7",
                  "ref": "Q002450.8.1",
                  "inst": "%sux:a-ra₂=",
                  "f": {
                    "lang": "sux",
                    "form": "a-ra₂",
                    "delim": " ",
                    "gdl": [
                      {
                        "v": "a",
                        "id": "Q002450.8.1.0",
                        "delim": "-"
                      },
                      {
                        "v": "ra₂",
                        "id": "Q002450.8.1.1"
                      }
                    ]
                  }
                },
                {
                  "node": "l",
                  "frag": "8",
                  "id": "Q002450.l00ff8",
                  "ref": "Q002450.8.2",
                  "inst": "%sux:8=",
                  "f": {
                    "lang": "sux",
                    "form": "8",
                    "gdl": [
                      {
                        "n": "n",
                        "sexified": "8(diš)",
                        "form": "8",
                        "id": "Q002450.8.2.0",
                        "seq": [
                          {
                            "r": "8"
                          }
                        ]
                      }
                    ]
                  }
                },
                {
                  "node": "d",
                  "type": "field-end",
                  "subtype": "default"
                },
                {
                  "node": "d",
                  "type": "field-start",
                  "subtype": "default"
                },
                {
                  "node": "l",
                  "frag": "2",
                  "id": "Q002450.l00ff9",
                  "ref": "Q002450.8.3",
                  "inst": "%sux:2=",
                  "f": {
                    "lang": "sux",
                    "form": "2",
                    "gdl": [
                      {
                        "n": "n",
                        "sexified": "2(diš)",
                        "form": "2",
                        "id": "Q002450.8.3.0",
                        "seq": [
                          {
                            "r": "2"
                          }
                        ]
                      }
                    ]
                  }
                },
                {
                  "node": "d",
                  "type": "field-end",
                  "subtype": "default"
                },
                {
                  "node": "d",
                  "type": "line-start",
                  "ref": "Q002450.9",
                  "n": "9",
                  "label": "9"
                },
                {
                  "node": "d",
                  "type": "field-start",
                  "subtype": "default"
                },
                {
                  "node": "l",
                  "frag": "a-ra₂",
                  "id": "Q002450.l00ffa",
                  "ref": "Q002450.9.1",
                  "inst": "%sux:a-ra₂=",
                  "f": {
                    "lang": "sux",
                    "form": "a-ra₂",
                    "delim": " ",
                    "gdl": [
                      {
                        "v": "a",
                        "id": "Q002450.9.1.0",
                        "delim": "-"
                      },
                      {
                        "v": "ra₂",
                        "id": "Q002450.9.1.1"
                      }
                    ]
                  }
                },
                {
                  "node": "l",
                  "frag": "9",
                  "id": "Q002450.l00ffb",
                  "ref": "Q002450.9.2",
                  "inst": "%sux:9=",
                  "f": {
                    "lang": "sux",
                    "form": "9",
                    "gdl": [
                      {
                        "n": "n",
                        "sexified": "9(diš)",
                        "form": "9",
                        "id": "Q002450.9.2.0",
                        "seq": [
                          {
                            "r": "9"
                          }
                        ]
                      }
                    ]
                  }
                },
                {
                  "node": "d",
                  "type": "field-end",
                  "subtype": "default"
                },
                {
                  "node": "d",
                  "type": "field-start",
                  "subtype": "default"
                },
                {
                  "node": "l",
                  "frag": "(2.15)",
                  "id": "Q002450.l00ffc",
                  "ref": "Q002450.9.3",
                  "inst": "%sux:2.15=",
                  "f": {
                    "lang": "sux",
                    "form": "2.15",
                    "gdl": [
                      {
                        "gg": "group",
                        "gdl_type": "group",
                        "group": [
                          {
                            "n": "n",
                            "sexified": "2(diš)",
                            "form": "2",
                            "id": "Q002450.9.3.0",
                            "delim": ".",
                            "seq": [
                              {
                                "r": "2"
                              }
                            ]
                          },
                          {
                            "n": "n",
                            "sexified": "1(u) 5(diš)",
                            "form": "15",
                            "id": "Q002450.9.3.1",
                            "seq": [
                              {
                                "r": "15"
                              }
                            ]
                          }
                        ]
                      }
                    ]
                  }
                },
                {
                  "node": "d",
                  "type": "field-end",
                  "subtype": "default"
                },
                {
                  "node": "d",
                  "type": "line-start",
                  "ref": "Q002450.10",
                  "n": "10",
                  "label": "10"
                },
                {
                  "node": "d",
                  "type": "field-start",
                  "subtype": "default"
                },
                {
                  "node": "l",
                  "frag": "a-ra₂",
                  "id": "Q002450.l00ffd",
                  "ref": "Q002450.10.1",
                  "inst": "%sux:a-ra₂=",
                  "f": {
                    "lang": "sux",
                    "form": "a-ra₂",
                    "delim": " ",
                    "gdl": [
                      {
                        "v": "a",
                        "id": "Q002450.10.1.0",
                        "delim": "-"
                      },
                      {
                        "v": "ra₂",
                        "id": "Q002450.10.1.1"
                      }
                    ]
                  }
                },
                {
                  "node": "l",
                  "frag": "10",
                  "id": "Q002450.l00ffe",
                  "ref": "Q002450.10.2",
                  "inst": "%sux:10=",
                  "f": {
                    "lang": "sux",
                    "form": "10",
                    "gdl": [
                      {
                        "n": "n",
                        "sexified": "1(u)",
                        "form": "10",
                        "id": "Q002450.10.2.0",
                        "seq": [
                          {
                            "r": "10"
                          }
                        ]
                      }
                    ]
                  }
                },
                {
                  "node": "d",
                  "type": "field-end",
                  "subtype": "default"
                },
                {
                  "node": "d",
                  "type": "field-start",
                  "subtype": "default"
                },
                {
                  "node": "l",
                  "frag": "(2.30)",
                  "id": "Q002450.l00fff",
                  "ref": "Q002450.10.3",
                  "inst": "%sux:2.30=",
                  "f": {
                    "lang": "sux",
                    "form": "2.30",
                    "gdl": [
                      {
                        "gg": "group",
                        "gdl_type": "group",
                        "group": [
                          {
                            "n": "n",
                            "sexified": "2(diš)",
                            "form": "2",
                            "id": "Q002450.10.3.0",
                            "delim": ".",
                            "seq": [
                              {
                                "r": "2"
                              }
                            ]
                          },
                          {
                            "n": "n",
                            "sexified": "3(u)",
                            "form": "30",
                            "id": "Q002450.10.3.1",
                            "seq": [
                              {
                                "r": "30"
                              }
                            ]
                          }
                        ]
                      }
                    ]
                  }
                },
                {
                  "node": "d",
                  "type": "field-end",
                  "subtype": "default"
                },
                {
                  "node": "d",
                  "type": "line-start",
                  "ref": "Q002450.11",
                  "n": "11",
                  "label": "11"
                },
                {
                  "node": "d",
                  "type": "field-start",
                  "subtype": "default"
                },
                {
                  "node": "l",
                  "frag": "a-ra₂",
                  "id": "Q002450.l01000",
                  "ref": "Q002450.11.1",
                  "inst": "%sux:a-ra₂=",
                  "f": {
                    "lang": "sux",
                    "form": "a-ra₂",
                    "delim": " ",
                    "gdl": [
                      {
                        "v": "a",
                        "id": "Q002450.11.1.0",
                        "delim": "-"
                      },
                      {
                        "v": "ra₂",
                        "id": "Q002450.11.1.1"
                      }
                    ]
                  }
                },
                {
                  "node": "l",
                  "frag": "11",
                  "id": "Q002450.l01001",
                  "ref": "Q002450.11.2",
                  "inst": "%sux:11=",
                  "f": {
                    "lang": "sux",
                    "form": "11",
                    "gdl": [
                      {
                        "n": "n",
                        "sexified": "1(u) 1(diš)",
                        "form": "11",
                        "id": "Q002450.11.2.0",
                        "seq": [
                          {
                            "r": "11"
                          }
                        ]
                      }
                    ]
                  }
                },
                {
                  "node": "d",
                  "type": "field-end",
                  "subtype": "default"
                },
                {
                  "node": "d",
                  "type": "field-start",
                  "subtype": "default"
                },
                {
                  "node": "l",
                  "frag": "(2.45)",
                  "id": "Q002450.l01002",
                  "ref": "Q002450.11.3",
                  "inst": "%sux:2.45=",
                  "f": {
                    "lang": "sux",
                    "form": "2.45",
                    "gdl": [
                      {
                        "gg": "group",
                        "gdl_type": "group",
                        "group": [
                          {
                            "n": "n",
                            "sexified": "2(diš)",
                            "form": "2",
                            "id": "Q002450.11.3.0",
                            "delim": ".",
                            "seq": [
                              {
                                "r": "2"
                              }
                            ]
                          },
                          {
                            "n": "n",
                            "sexified": "4(u) 5(diš)",
                            "form": "45",
                            "id": "Q002450.11.3.1",
                            "seq": [
                              {
                                "r": "45"
                              }
                            ]
                          }
                        ]
                      }
                    ]
                  }
                },
                {
                  "node": "d",
                  "type": "field-end",
                  "subtype": "default"
                },
                {
                  "node": "d",
                  "type": "line-start",
                  "ref": "Q002450.12",
                  "n": "12",
                  "label": "12"
                },
                {
                  "node": "d",
                  "type": "field-start",
                  "subtype": "default"
                },
                {
                  "node": "l",
                  "frag": "a-ra₂",
                  "id": "Q002450.l01003",
                  "ref": "Q002450.12.1",
                  "inst": "%sux:a-ra₂=",
                  "f": {
                    "lang": "sux",
                    "form": "a-ra₂",
                    "delim": " ",
                    "gdl": [
                      {
                        "v": "a",
                        "id": "Q002450.12.1.0",
                        "delim": "-"
                      },
                      {
                        "v": "ra₂",
                        "id": "Q002450.12.1.1"
                      }
                    ]
                  }
                },
                {
                  "node": "l",
                  "frag": "12",
                  "id": "Q002450.l01004",
                  "ref": "Q002450.12.2",
                  "inst": "%sux:12=",
                  "f": {
                    "lang": "sux",
                    "form": "12",
                    "gdl": [
                      {
                        "n": "n",
                        "sexified": "1(u) 2(diš)",
                        "form": "12",
                        "id": "Q002450.12.2.0",
                        "seq": [
                          {
                            "r": "12"
                          }
                        ]
                      }
                    ]
                  }
                },
                {
                  "node": "d",
                  "type": "field-end",
                  "subtype": "default"
                },
                {
                  "node": "d",
                  "type": "field-start",
                  "subtype": "default"
                },
                {
                  "node": "l",
                  "frag": "3",
                  "id": "Q002450.l01005",
                  "ref": "Q002450.12.3",
                  "inst": "%sux:3=",
                  "f": {
                    "lang": "sux",
                    "form": "3",
                    "gdl": [
                      {
                        "n": "n",
                        "sexified": "3(diš)",
                        "form": "3",
                        "id": "Q002450.12.3.0",
                        "seq": [
                          {
                            "r": "3"
                          }
                        ]
                      }
                    ]
                  }
                },
                {
                  "node": "d",
                  "type": "field-end",
                  "subtype": "default"
                },
                {
                  "node": "d",
                  "type": "line-start",
                  "ref": "Q002450.13",
                  "n": "13",
                  "label": "13"
                },
                {
                  "node": "d",
                  "type": "field-start",
                  "subtype": "default"
                },
                {
                  "node": "l",
                  "frag": "a-ra₂",
                  "id": "Q002450.l01006",
                  "ref": "Q002450.13.1",
                  "inst": "%sux:a-ra₂=",
                  "f": {
                    "lang": "sux",
                    "form": "a-ra₂",
                    "delim": " ",
                    "gdl": [
                      {
                        "v": "a",
                        "id": "Q002450.13.1.0",
                        "delim": "-"
                      },
                      {
                        "v": "ra₂",
                        "id": "Q002450.13.1.1"
                      }
                    ]
                  }
                },
                {
                  "node": "l",
                  "frag": "13",
                  "id": "Q002450.l01007",
                  "ref": "Q002450.13.2",
                  "inst": "%sux:13=",
                  "f": {
                    "lang": "sux",
                    "form": "13",
                    "gdl": [
                      {
                        "n": "n",
                        "sexified": "1(u) 3(diš)",
                        "form": "13",
                        "id": "Q002450.13.2.0",
                        "seq": [
                          {
                            "r": "13"
                          }
                        ]
                      }
                    ]
                  }
                },
                {
                  "node": "d",
                  "type": "field-end",
                  "subtype": "default"
                },
                {
                  "node": "d",
                  "type": "field-start",
                  "subtype": "default"
                },
                {
                  "node": "l",
                  "frag": "(3.15)",
                  "id": "Q002450.l01008",
                  "ref": "Q002450.13.3",
                  "inst": "%sux:3.15=",
                  "f": {
                    "lang": "sux",
                    "form": "3.15",
                    "gdl": [
                      {
                        "gg": "group",
                        "gdl_type": "group",
                        "group": [
                          {
                            "n": "n",
                            "sexified": "3(diš)",
                            "form": "3",
                            "id": "Q002450.13.3.0",
                            "delim": ".",
                            "seq": [
                              {
                                "r": "3"
                              }
                            ]
                          },
                          {
                            "n": "n",
                            "sexified": "1(u) 5(diš)",
                            "form": "15",
                            "id": "Q002450.13.3.1",
                            "seq": [
                              {
                                "r": "15"
                              }
                            ]
                          }
                        ]
                      }
                    ]
                  }
                },
                {
                  "node": "d",
                  "type": "field-end",
                  "subtype": "default"
                },
                {
                  "node": "d",
                  "type": "line-start",
                  "ref": "Q002450.14",
                  "n": "14",
                  "label": "14"
                },
                {
                  "node": "d",
                  "type": "field-start",
                  "subtype": "default"
                },
                {
                  "node": "l",
                  "frag": "a-ra₂",
                  "id": "Q002450.l01009",
                  "ref": "Q002450.14.1",
                  "inst": "%sux:a-ra₂=",
                  "f": {
                    "lang": "sux",
                    "form": "a-ra₂",
                    "delim": " ",
                    "gdl": [
                      {
                        "v": "a",
                        "id": "Q002450.14.1.0",
                        "delim": "-"
                      },
                      {
                        "v": "ra₂",
                        "id": "Q002450.14.1.1"
                      }
                    ]
                  }
                },
                {
                  "node": "l",
                  "frag": "14",
                  "id": "Q002450.l0100a",
                  "ref": "Q002450.14.2",
                  "inst": "%sux:14=",
                  "f": {
                    "lang": "sux",
                    "form": "14",
                    "gdl": [
                      {
                        "n": "n",
                        "sexified": "1(u) 4(diš)",
                        "form": "14",
                        "id": "Q002450.14.2.0",
                        "seq": [
                          {
                            "r": "14"
                          }
                        ]
                      }
                    ]
                  }
                },
                {
                  "node": "d",
                  "type": "field-end",
                  "subtype": "default"
                },
                {
                  "node": "d",
                  "type": "field-start",
                  "subtype": "default"
                },
                {
                  "node": "l",
                  "frag": "(3.30)",
                  "id": "Q002450.l0100b",
                  "ref": "Q002450.14.3",
                  "inst": "%sux:3.30=",
                  "f": {
                    "lang": "sux",
                    "form": "3.30",
                    "gdl": [
                      {
                        "gg": "group",
                        "gdl_type": "group",
                        "group": [
                          {
                            "n": "n",
                            "sexified": "3(diš)",
                            "form": "3",
                            "id": "Q002450.14.3.0",
                            "delim": ".",
                            "seq": [
                              {
                                "r": "3"
                              }
                            ]
                          },
                          {
                            "n": "n",
                            "sexified": "3(u)",
                            "form": "30",
                            "id": "Q002450.14.3.1",
                            "seq": [
                              {
                                "r": "30"
                              }
                            ]
                          }
                        ]
                      }
                    ]
                  }
                },
                {
                  "node": "d",
                  "type": "field-end",
                  "subtype": "default"
                },
                {
                  "node": "d",
                  "type": "line-start",
                  "ref": "Q002450.15",
                  "n": "15",
                  "label": "15"
                },
                {
                  "node": "d",
                  "type": "field-start",
                  "subtype": "default"
                },
                {
                  "node": "l",
                  "frag": "a-ra₂",
                  "id": "Q002450.l0100c",
                  "ref": "Q002450.15.1",
                  "inst": "%sux:a-ra₂=",
                  "f": {
                    "lang": "sux",
                    "form": "a-ra₂",
                    "delim": " ",
                    "gdl": [
                      {
                        "v": "a",
                        "id": "Q002450.15.1.0",
                        "delim": "-"
                      },
                      {
                        "v": "ra₂",
                        "id": "Q002450.15.1.1"
                      }
                    ]
                  }
                },
                {
                  "node": "l",
                  "frag": "15",
                  "id": "Q002450.l0100d",
                  "ref": "Q002450.15.2",
                  "inst": "%sux:15=",
                  "f": {
                    "lang": "sux",
                    "form": "15",
                    "gdl": [
                      {
                        "n": "n",
                        "sexified": "1(u) 5(diš)",
                        "form": "15",
                        "id": "Q002450.15.2.0",
                        "seq": [
                          {
                            "r": "15"
                          }
                        ]
                      }
                    ]
                  }
                },
                {
                  "node": "d",
                  "type": "field-end",
                  "subtype": "default"
                },
                {
                  "node": "d",
                  "type": "field-start",
                  "subtype": "default"
                },
                {
                  "node": "l",
                  "frag": "(3.45)",
                  "id": "Q002450.l0100e",
                  "ref": "Q002450.15.3",
                  "inst": "%sux:3.45=",
                  "f": {
                    "lang": "sux",
                    "form": "3.45",
                    "gdl": [
                      {
                        "gg": "group",
                        "gdl_type": "group",
                        "group": [
                          {
                            "n": "n",
                            "sexified": "3(diš)",
                            "form": "3",
                            "id": "Q002450.15.3.0",
                            "delim": ".",
                            "seq": [
                              {
                                "r": "3"
                              }
                            ]
                          },
                          {
                            "n": "n",
                            "sexified": "4(u) 5(diš)",
                            "form": "45",
                            "id": "Q002450.15.3.1",
                            "seq": [
                              {
                                "r": "45"
                              }
                            ]
                          }
                        ]
                      }
                    ]
                  }
                },
                {
                  "node": "d",
                  "type": "field-end",
                  "subtype": "default"
                },
                {
                  "node": "d",
                  "type": "line-start",
                  "ref": "Q002450.16",
                  "n": "16",
                  "label": "16"
                },
                {
                  "node": "d",
                  "type": "field-start",
                  "subtype": "default"
                },
                {
                  "node": "l",
                  "frag": "a-ra₂",
                  "id": "Q002450.l0100f",
                  "ref": "Q002450.16.1",
                  "inst": "%sux:a-ra₂=",
                  "f": {
                    "lang": "sux",
                    "form": "a-ra₂",
                    "delim": " ",
                    "gdl": [
                      {
                        "v": "a",
                        "id": "Q002450.16.1.0",
                        "delim": "-"
                      },
                      {
                        "v": "ra₂",
                        "id": "Q002450.16.1.1"
                      }
                    ]
                  }
                },
                {
                  "node": "l",
                  "frag": "16",
                  "id": "Q002450.l01010",
                  "ref": "Q002450.16.2",
                  "inst": "%sux:16=",
                  "f": {
                    "lang": "sux",
                    "form": "16",
                    "gdl": [
                      {
                        "n": "n",
                        "sexified": "1(u) 6(diš)",
                        "form": "16",
                        "id": "Q002450.16.2.0",
                        "seq": [
                          {
                            "r": "16"
                          }
                        ]
                      }
                    ]
                  }
                },
                {
                  "node": "d",
                  "type": "field-end",
                  "subtype": "default"
                },
                {
                  "node": "d",
                  "type": "field-start",
                  "subtype": "default"
                },
                {
                  "node": "l",
                  "frag": "4",
                  "id": "Q002450.l01011",
                  "ref": "Q002450.16.3",
                  "inst": "%sux:4=",
                  "f": {
                    "lang": "sux",
                    "form": "4",
                    "gdl": [
                      {
                        "n": "n",
                        "sexified": "4(diš)",
                        "form": "4",
                        "id": "Q002450.16.3.0",
                        "seq": [
                          {
                            "r": "4"
                          }
                        ]
                      }
                    ]
                  }
                },
                {
                  "node": "d",
                  "type": "field-end",
                  "subtype": "default"
                },
                {
                  "node": "d",
                  "type": "line-start",
                  "ref": "Q002450.17",
                  "n": "17",
                  "label": "17"
                },
                {
                  "node": "d",
                  "type": "field-start",
                  "subtype": "default"
                },
                {
                  "node": "l",
                  "frag": "a-ra₂",
                  "id": "Q002450.l01012",
                  "ref": "Q002450.17.1",
                  "inst": "%sux:a-ra₂=",
                  "f": {
                    "lang": "sux",
                    "form": "a-ra₂",
                    "delim": " ",
                    "gdl": [
                      {
                        "v": "a",
                        "id": "Q002450.17.1.0",
                        "delim": "-"
                      },
                      {
                        "v": "ra₂",
                        "id": "Q002450.17.1.1"
                      }
                    ]
                  }
                },
                {
                  "node": "l",
                  "frag": "17",
                  "id": "Q002450.l01013",
                  "ref": "Q002450.17.2",
                  "inst": "%sux:17=",
                  "f": {
                    "lang": "sux",
                    "form": "17",
                    "gdl": [
                      {
                        "n": "n",
                        "sexified": "1(u) 7(diš)",
                        "form": "17",
                        "id": "Q002450.17.2.0",
                        "seq": [
                          {
                            "r": "17"
                          }
                        ]
                      }
                    ]
                  }
                },
                {
                  "node": "d",
                  "type": "field-end",
                  "subtype": "default"
                },
                {
                  "node": "d",
                  "type": "field-start",
                  "subtype": "default"
                },
                {
                  "node": "l",
                  "frag": "(4.15)",
                  "id": "Q002450.l01014",
                  "ref": "Q002450.17.3",
                  "inst": "%sux:4.15=",
                  "f": {
                    "lang": "sux",
                    "form": "4.15",
                    "gdl": [
                      {
                        "gg": "group",
                        "gdl_type": "group",
                        "group": [
                          {
                            "n": "n",
                            "sexified": "4(diš)",
                            "form": "4",
                            "id": "Q002450.17.3.0",
                            "delim": ".",
                            "seq": [
                              {
                                "r": "4"
                              }
                            ]
                          },
                          {
                            "n": "n",
                            "sexified": "1(u) 5(diš)",
                            "form": "15",
                            "id": "Q002450.17.3.1",
                            "seq": [
                              {
                                "r": "15"
                              }
                            ]
                          }
                        ]
                      }
                    ]
                  }
                },
                {
                  "node": "d",
                  "type": "field-end",
                  "subtype": "default"
                },
                {
                  "node": "d",
                  "type": "line-start",
                  "ref": "Q002450.18",
                  "n": "18",
                  "label": "18"
                },
                {
                  "node": "d",
                  "type": "field-start",
                  "subtype": "default"
                },
                {
                  "node": "l",
                  "frag": "a-ra₂",
                  "id": "Q002450.l01015",
                  "ref": "Q002450.18.1",
                  "inst": "%sux:a-ra₂=",
                  "f": {
                    "lang": "sux",
                    "form": "a-ra₂",
                    "delim": " ",
                    "gdl": [
                      {
                        "v": "a",
                        "id": "Q002450.18.1.0",
                        "delim": "-"
                      },
                      {
                        "v": "ra₂",
                        "id": "Q002450.18.1.1"
                      }
                    ]
                  }
                },
                {
                  "node": "l",
                  "frag": "18",
                  "id": "Q002450.l01016",
                  "ref": "Q002450.18.2",
                  "inst": "%sux:18=",
                  "f": {
                    "lang": "sux",
                    "form": "18",
                    "gdl": [
                      {
                        "n": "n",
                        "sexified": "1(u) 8(diš)",
                        "form": "18",
                        "id": "Q002450.18.2.0",
                        "seq": [
                          {
                            "r": "18"
                          }
                        ]
                      }
                    ]
                  }
                },
                {
                  "node": "d",
                  "type": "field-end",
                  "subtype": "default"
                },
                {
                  "node": "d",
                  "type": "field-start",
                  "subtype": "default"
                },
                {
                  "node": "l",
                  "frag": "(4.30)",
                  "id": "Q002450.l01017",
                  "ref": "Q002450.18.3",
                  "inst": "%sux:4.30=",
                  "f": {
                    "lang": "sux",
                    "form": "4.30",
                    "gdl": [
                      {
                        "gg": "group",
                        "gdl_type": "group",
                        "group": [
                          {
                            "n": "n",
                            "sexified": "4(diš)",
                            "form": "4",
                            "id": "Q002450.18.3.0",
                            "delim": ".",
                            "seq": [
                              {
                                "r": "4"
                              }
                            ]
                          },
                          {
                            "n": "n",
                            "sexified": "3(u)",
                            "form": "30",
                            "id": "Q002450.18.3.1",
                            "seq": [
                              {
                                "r": "30"
                              }
                            ]
                          }
                        ]
                      }
                    ]
                  }
                },
                {
                  "node": "d",
                  "type": "field-end",
                  "subtype": "default"
                },
                {
                  "node": "d",
                  "type": "line-start",
                  "ref": "Q002450.19",
                  "n": "19",
                  "label": "19"
                },
                {
                  "node": "d",
                  "type": "field-start",
                  "subtype": "default"
                },
                {
                  "node": "l",
                  "frag": "a-ra₂",
                  "id": "Q002450.l01018",
                  "ref": "Q002450.19.1",
                  "inst": "%sux:a-ra₂=",
                  "f": {
                    "lang": "sux",
                    "form": "a-ra₂",
                    "delim": " ",
                    "gdl": [
                      {
                        "v": "a",
                        "id": "Q002450.19.1.0",
                        "delim": "-"
                      },
                      {
                        "v": "ra₂",
                        "id": "Q002450.19.1.1"
                      }
                    ]
                  }
                },
                {
                  "node": "l",
                  "frag": "19",
                  "id": "Q002450.l01019",
                  "ref": "Q002450.19.2",
                  "inst": "%sux:19=",
                  "f": {
                    "lang": "sux",
                    "form": "19",
                    "gdl": [
                      {
                        "n": "n",
                        "sexified": "1(u) 9(diš)",
                        "form": "19",
                        "id": "Q002450.19.2.0",
                        "seq": [
                          {
                            "r": "19"
                          }
                        ]
                      }
                    ]
                  }
                },
                {
                  "node": "d",
                  "type": "field-end",
                  "subtype": "default"
                },
                {
                  "node": "d",
                  "type": "field-start",
                  "subtype": "default"
                },
                {
                  "node": "l",
                  "frag": "(4.45)",
                  "id": "Q002450.l0101a",
                  "ref": "Q002450.19.3",
                  "inst": "%sux:4.45=",
                  "f": {
                    "lang": "sux",
                    "form": "4.45",
                    "gdl": [
                      {
                        "gg": "group",
                        "gdl_type": "group",
                        "group": [
                          {
                            "n": "n",
                            "sexified": "4(diš)",
                            "form": "4",
                            "id": "Q002450.19.3.0",
                            "delim": ".",
                            "seq": [
                              {
                                "r": "4"
                              }
                            ]
                          },
                          {
                            "n": "n",
                            "sexified": "4(u) 5(diš)",
                            "form": "45",
                            "id": "Q002450.19.3.1",
                            "seq": [
                              {
                                "r": "45"
                              }
                            ]
                          }
                        ]
                      }
                    ]
                  }
                },
                {
                  "node": "d",
                  "type": "field-end",
                  "subtype": "default"
                },
                {
                  "node": "d",
                  "type": "line-start",
                  "ref": "Q002450.20",
                  "n": "20",
                  "label": "20"
                },
                {
                  "node": "d",
                  "type": "field-start",
                  "subtype": "default"
                },
                {
                  "node": "l",
                  "frag": "a-ra₂",
                  "id": "Q002450.l0101b",
                  "ref": "Q002450.20.1",
                  "inst": "%sux:a-ra₂=",
                  "f": {
                    "lang": "sux",
                    "form": "a-ra₂",
                    "delim": " ",
                    "gdl": [
                      {
                        "v": "a",
                        "id": "Q002450.20.1.0",
                        "delim": "-"
                      },
                      {
                        "v": "ra₂",
                        "id": "Q002450.20.1.1"
                      }
                    ]
                  }
                },
                {
                  "node": "l",
                  "frag": "20",
                  "id": "Q002450.l0101c",
                  "ref": "Q002450.20.2",
                  "inst": "%sux:20=",
                  "f": {
                    "lang": "sux",
                    "form": "20",
                    "gdl": [
                      {
                        "n": "n",
                        "sexified": "2(u)",
                        "form": "20",
                        "id": "Q002450.20.2.0",
                        "seq": [
                          {
                            "r": "20"
                          }
                        ]
                      }
                    ]
                  }
                },
                {
                  "node": "d",
                  "type": "field-end",
                  "subtype": "default"
                },
                {
                  "node": "d",
                  "type": "field-start",
                  "subtype": "default"
                },
                {
                  "node": "l",
                  "frag": "5",
                  "id": "Q002450.l0101d",
                  "ref": "Q002450.20.3",
                  "inst": "%sux:5=",
                  "f": {
                    "lang": "sux",
                    "form": "5",
                    "gdl": [
                      {
                        "n": "n",
                        "sexified": "5(diš)",
                        "form": "5",
                        "id": "Q002450.20.3.0",
                        "seq": [
                          {
                            "r": "5"
                          }
                        ]
                      }
                    ]
                  }
                },
                {
                  "node": "d",
                  "type": "field-end",
                  "subtype": "default"
                },
                {
                  "node": "d",
                  "type": "line-start",
                  "ref": "Q002450.21",
                  "n": "21",
                  "label": "21"
                },
                {
                  "node": "d",
                  "type": "field-start",
                  "subtype": "default"
                },
                {
                  "node": "l",
                  "frag": "a-ra₂",
                  "id": "Q002450.l0101e",
                  "ref": "Q002450.21.1",
                  "inst": "%sux:a-ra₂=",
                  "f": {
                    "lang": "sux",
                    "form": "a-ra₂",
                    "delim": " ",
                    "gdl": [
                      {
                        "v": "a",
                        "id": "Q002450.21.1.0",
                        "delim": "-"
                      },
                      {
                        "v": "ra₂",
                        "id": "Q002450.21.1.1"
                      }
                    ]
                  }
                },
                {
                  "node": "l",
                  "frag": "30",
                  "id": "Q002450.l0101f",
                  "ref": "Q002450.21.2",
                  "inst": "%sux:30=",
                  "f": {
                    "lang": "sux",
                    "form": "30",
                    "gdl": [
                      {
                        "n": "n",
                        "sexified": "3(u)",
                        "form": "30",
                        "id": "Q002450.21.2.0",
                        "seq": [
                          {
                            "r": "30"
                          }
                        ]
                      }
                    ]
                  }
                },
                {
                  "node": "d",
                  "type": "field-end",
                  "subtype": "default"
                },
                {
                  "node": "d",
                  "type": "field-start",
                  "subtype": "default"
                },
                {
                  "node": "l",
                  "frag": "(7.30)",
                  "id": "Q002450.l01020",
                  "ref": "Q002450.21.3",
                  "inst": "%sux:7.30=",
                  "f": {
                    "lang": "sux",
                    "form": "7.30",
                    "gdl": [
                      {
                        "gg": "group",
                        "gdl_type": "group",
                        "group": [
                          {
                            "n": "n",
                            "sexified": "7(diš)",
                            "form": "7",
                            "id": "Q002450.21.3.0",
                            "delim": ".",
                            "seq": [
                              {
                                "r": "7"
                              }
                            ]
                          },
                          {
                            "n": "n",
                            "sexified": "3(u)",
                            "form": "30",
                            "id": "Q002450.21.3.1",
                            "seq": [
                              {
                                "r": "30"
                              }
                            ]
                          }
                        ]
                      }
                    ]
                  }
                },
                {
                  "node": "d",
                  "type": "field-end",
                  "subtype": "default"
                },
                {
                  "node": "d",
                  "type": "line-start",
                  "ref": "Q002450.22",
                  "n": "22",
                  "label": "22"
                },
                {
                  "node": "d",
                  "type": "field-start",
                  "subtype": "default"
                },
                {
                  "node": "l",
                  "frag": "a-ra₂",
                  "id": "Q002450.l01021",
                  "ref": "Q002450.22.1",
                  "inst": "%sux:a-ra₂=",
                  "f": {
                    "lang": "sux",
                    "form": "a-ra₂",
                    "delim": " ",
                    "gdl": [
                      {
                        "v": "a",
                        "id": "Q002450.22.1.0",
                        "delim": "-"
                      },
                      {
                        "v": "ra₂",
                        "id": "Q002450.22.1.1"
                      }
                    ]
                  }
                },
                {
                  "node": "l",
                  "frag": "40",
                  "id": "Q002450.l01022",
                  "ref": "Q002450.22.2",
                  "inst": "%sux:40=",
                  "f": {
                    "lang": "sux",
                    "form": "40",
                    "gdl": [
                      {
                        "n": "n",
                        "sexified": "4(u)",
                        "form": "40",
                        "id": "Q002450.22.2.0",
                        "seq": [
                          {
                            "r": "40"
                          }
                        ]
                      }
                    ]
                  }
                },
                {
                  "node": "d",
                  "type": "field-end",
                  "subtype": "default"
                },
                {
                  "node": "d",
                  "type": "field-start",
                  "subtype": "default"
                },
                {
                  "node": "l",
                  "frag": "10",
                  "id": "Q002450.l01023",
                  "ref": "Q002450.22.3",
                  "inst": "%sux:10=",
                  "f": {
                    "lang": "sux",
                    "form": "10",
                    "gdl": [
                      {
                        "n": "n",
                        "sexified": "1(u)",
                        "form": "10",
                        "id": "Q002450.22.3.0",
                        "seq": [
                          {
                            "r": "10"
                          }
                        ]
                      }
                    ]
                  }
                },
                {
                  "node": "d",
                  "type": "field-end",
                  "subtype": "default"
                },
                {
                  "node": "d",
                  "type": "line-start",
                  "ref": "Q002450.23",
                  "n": "23",
                  "label": "23"
                },
                {
                  "node": "d",
                  "type": "field-start",
                  "subtype": "default"
                },
                {
                  "node": "l",
                  "frag": "a-ra₂",
                  "id": "Q002450.l01024",
                  "ref": "Q002450.23.1",
                  "inst": "%sux:a-ra₂=",
                  "f": {
                    "lang": "sux",
                    "form": "a-ra₂",
                    "delim": " ",
                    "gdl": [
                      {
                        "v": "a",
                        "id": "Q002450.23.1.0",
                        "delim": "-"
                      },
                      {
                        "v": "ra₂",
                        "id": "Q002450.23.1.1"
                      }
                    ]
                  }
                },
                {
                  "node": "l",
                  "frag": "50",
                  "id": "Q002450.l01025",
                  "ref": "Q002450.23.2",
                  "inst": "%sux:50=",
                  "f": {
                    "lang": "sux",
                    "form": "50",
                    "gdl": [
                      {
                        "n": "n",
                        "sexified": "5(u)",
                        "form": "50",
                        "id": "Q002450.23.2.0",
                        "seq": [
                          {
                            "r": "50"
                          }
                        ]
                      }
                    ]
                  }
                },
                {
                  "node": "d",
                  "type": "field-end",
                  "subtype": "default"
                },
                {
                  "node": "d",
                  "type": "field-start",
                  "subtype": "default"
                },
                {
                  "node": "l",
                  "frag": "(12.30)",
                  "id": "Q002450.l01026",
                  "ref": "Q002450.23.3",
                  "inst": "%sux:12.30=",
                  "f": {
                    "lang": "sux",
                    "form": "12.30",
                    "gdl": [
                      {
                        "gg": "group",
                        "gdl_type": "group",
                        "group": [
                          {
                            "n": "n",
                            "sexified": "1(u) 2(diš)",
                            "form": "12",
                            "id": "Q002450.23.3.0",
                            "delim": ".",
                            "seq": [
                              {
                                "r": "12"
                              }
                            ]
                          },
                          {
                            "n": "n",
                            "sexified": "3(u)",
                            "form": "30",
                            "id": "Q002450.23.3.1",
                            "seq": [
                              {
                                "r": "30"
                              }
                            ]
                          }
                        ]
                      }
                    ]
                  }
                },
                {
                  "node": "d",
                  "type": "field-end",
                  "subtype": "default"
                }
              ]
            }
          ]
        }
      ]
    }
  ]
}
