{
  "type": "cdl",
  "source": "http://oracc.org/contrib/amarna",
  "license": "This data is released under the CC0 license",
  "license-url": "https://creativecommons.org/publicdomain/zero/1.0/",
  "more-info": "http://oracc.org/doc/opendata/",
  "UTC-timestamp": "2017-06-09T23:27:45",
  "project": "contrib/amarna",
  "textid": "P270866",
  "cdl": [
    {
      "node": "c",
      "type": "text",
      "id": "P270866.U0",
      "cdl": [
        {
          "node": "d",
          "type": "surface",
          "ref": ""
        },
        {
          "node": "d",
          "type": "nonx",
          "ref": "P270866.1",
          "strict": "1",
          "extent": "1",
          "scope": "line",
          "state": "ruling"
        },
        {
          "node": "c",
          "type": "discourse",
          "subtype": "body",
          "id": "P270866.U1",
          "cdl": [
            {
              "node": "c",
              "type": "sentence",
              "id": "P270866.U2",
              "label": "001' - 005'",
              "cdl": [
                {
                  "node": "d",
                  "type": "line-start",
                  "ref": "P270866.2",
                  "n": "001'",
                  "label": "001'"
                },
                {
                  "node": "l",
                  "frag": "⸢URU⸣",
                  "id": "P270866.l13669",
                  "ref": "P270866.2.1",
                  "inst": "%akk-x-stdbab:URU=",
                  "f": {
                    "lang": "akk-x-stdbab",
                    "form": "URU"
                  }
                },
                {
                  "node": "l",
                  "frag": "ak-ka₃-di₃",
                  "id": "P270866.l1366a",
                  "ref": "P270866.2.2",
                  "inst": "%akk-x-stdbab:ak-ka₃-di₃=",
                  "f": {
                    "lang": "akk-x-stdbab",
                    "form": "ak-ka₃-di₃"
                  }
                },
                {
                  "node": "l",
                  "frag": "a-na",
                  "id": "P270866.l1366b",
                  "ref": "P270866.2.3",
                  "inst": "%akk-x-stdbab:a-na=",
                  "f": {
                    "lang": "akk-x-stdbab",
                    "form": "a-na"
                  }
                },
                {
                  "node": "l",
                  "frag": "⸢AN⸣",
                  "id": "P270866.l1366c",
                  "ref": "P270866.2.4",
                  "inst": "%akk-x-stdbab:AN=",
                  "f": {
                    "lang": "akk-x-stdbab",
                    "form": "AN"
                  }
                },
                {
                  "node": "l",
                  "frag": "[...]",
                  "id": "P270866.l1366d",
                  "ref": "P270866.2.5",
                  "inst": "%akk-x-stdbab:x=",
                  "f": {
                    "lang": "akk-x-stdbab",
                    "form": "x"
                  }
                },
                {
                  "node": "d",
                  "type": "line-start",
                  "ref": "P270866.3",
                  "n": "002'",
                  "label": "002'"
                },
                {
                  "node": "l",
                  "frag": "[...]",
                  "id": "P270866.l1366e",
                  "ref": "P270866.3.1",
                  "inst": "%akk-x-stdbab:x=",
                  "f": {
                    "lang": "akk-x-stdbab",
                    "form": "x"
                  }
                },
                {
                  "node": "l",
                  "frag": "x",
                  "id": "P270866.l1366f",
                  "ref": "P270866.3.2",
                  "inst": "%akk-x-stdbab:x=",
                  "f": {
                    "lang": "akk-x-stdbab",
                    "form": "x"
                  }
                },
                {
                  "node": "l",
                  "frag": "URU",
                  "id": "P270866.l13670",
                  "ref": "P270866.3.3",
                  "inst": "%akk-x-stdbab:URU=",
                  "f": {
                    "lang": "akk-x-stdbab",
                    "form": "URU"
                  }
                },
                {
                  "node": "l",
                  "frag": "tar-ṣu₂-u₂",
                  "id": "P270866.l13671",
                  "ref": "P270866.3.4",
                  "inst": "%akk-x-stdbab:tar-ṣu₂-u₂=",
                  "f": {
                    "lang": "akk-x-stdbab",
                    "form": "tar-ṣu₂-u₂"
                  }
                },
                {
                  "node": "l",
                  "frag": "x",
                  "id": "P270866.l13672",
                  "ref": "P270866.3.5",
                  "inst": "%akk-x-stdbab:x=",
                  "f": {
                    "lang": "akk-x-stdbab",
                    "form": "x"
                  }
                },
                {
                  "node": "l",
                  "frag": "[...]",
                  "id": "P270866.l13673",
                  "ref": "P270866.3.6",
                  "inst": "%akk-x-stdbab:x=",
                  "f": {
                    "lang": "akk-x-stdbab",
                    "form": "x"
                  }
                },
                {
                  "node": "d",
                  "type": "line-start",
                  "ref": "P270866.4",
                  "n": "003'",
                  "label": "003'"
                },
                {
                  "node": "l",
                  "frag": "[i]-⸢ka₃⸣-aš-⸢ša-ad⸣",
                  "id": "P270866.l13674",
                  "ref": "P270866.4.1",
                  "inst": "%akk-x-stdbab:i-ka₃-aš-ša-ad=",
                  "f": {
                    "lang": "akk-x-stdbab",
                    "form": "i-ka₃-aš-ša-ad"
                  }
                },
                {
                  "node": "l",
                  "frag": "[...]",
                  "id": "P270866.l13675",
                  "ref": "P270866.4.2",
                  "inst": "%akk-x-stdbab:x=",
                  "f": {
                    "lang": "akk-x-stdbab",
                    "form": "x"
                  }
                },
                {
                  "node": "d",
                  "type": "line-start",
                  "ref": "P270866.5",
                  "n": "004'",
                  "label": "004'"
                },
                {
                  "node": "l",
                  "frag": "...",
                  "id": "P270866.l13676",
                  "ref": "P270866.5.1",
                  "inst": "%akk-x-stdbab:x=",
                  "f": {
                    "lang": "akk-x-stdbab",
                    "form": "x"
                  }
                },
                {
                  "node": "d",
                  "type": "line-start",
                  "ref": "P270866.6",
                  "n": "005'",
                  "label": "005'"
                },
                {
                  "node": "l",
                  "frag": "...",
                  "id": "P270866.l13677",
                  "ref": "P270866.6.1",
                  "inst": "%akk-x-stdbab:x=",
                  "f": {
                    "lang": "akk-x-stdbab",
                    "form": "x"
                  }
                }
              ]
            }
          ]
        }
      ]
    }
  ]
}
