{
  "type": "cdl",
  "source": "http://oracc.org/contrib/amarna",
  "license": "This data is released under the CC0 license",
  "license-url": "https://creativecommons.org/publicdomain/zero/1.0/",
  "more-info": "http://oracc.org/doc/opendata/",
  "UTC-timestamp": "2017-06-09T23:27:56",
  "project": "contrib/amarna",
  "textid": "P270868",
  "cdl": [
    {
      "node": "c",
      "type": "text",
      "id": "P270868.U0",
      "cdl": [
        {
          "node": "d",
          "type": "surface",
          "ref": ""
        },
        {
          "node": "d",
          "type": "nonx",
          "ref": "P270868.1",
          "strict": "0",
          "state": "other"
        }
      ]
    }
  ]
}
