{
  "type": "cdl",
  "source": "http://oracc.org/contrib/amarna",
  "license": "This data is released under the CC0 license",
  "license-url": "https://creativecommons.org/publicdomain/zero/1.0/",
  "more-info": "http://oracc.org/doc/opendata/",
  "UTC-timestamp": "2017-06-09T23:27:57",
  "project": "contrib/amarna",
  "textid": "P270912",
  "cdl": [
    {
      "node": "c",
      "type": "text",
      "id": "P270912.U0",
      "cdl": [
        {
          "node": "d",
          "type": "surface",
          "ref": ""
        },
        {
          "node": "c",
          "type": "discourse",
          "subtype": "body",
          "id": "P270912.U1",
          "cdl": [
            {
              "node": "c",
              "type": "sentence",
              "id": "P270912.U2",
              "label": "001 - 033",
              "cdl": [
                {
                  "node": "d",
                  "type": "line-start",
                  "ref": "P270912.1",
                  "n": "001",
                  "label": "001"
                },
                {
                  "node": "l",
                  "frag": "[a-na",
                  "id": "P270912.l0de4d",
                  "ref": "P270912.1.1",
                  "inst": "%akk-x-mbperi:a-na=",
                  "f": {
                    "lang": "akk-x-mbperi",
                    "form": "a-na"
                  }
                },
                {
                  "node": "l",
                  "frag": "LUGAL",
                  "id": "P270912.l0de4e",
                  "ref": "P270912.1.2",
                  "inst": "%akk-x-mbperi:LUGAL=",
                  "f": {
                    "lang": "akk-x-mbperi",
                    "form": "LUGAL"
                  }
                },
                {
                  "node": "l",
                  "frag": "EN-ia",
                  "id": "P270912.l0de4f",
                  "ref": "P270912.1.3",
                  "inst": "%akk-x-mbperi:EN-ia=",
                  "f": {
                    "lang": "akk-x-mbperi",
                    "form": "EN-ia"
                  }
                },
                {
                  "node": "l",
                  "frag": "ša-ri]",
                  "id": "P270912.l0de50",
                  "ref": "P270912.1.4",
                  "inst": "%akk-x-mbperi:ša-ri=",
                  "f": {
                    "lang": "akk-x-mbperi",
                    "form": "ša-ri"
                  }
                },
                {
                  "node": "l",
                  "frag": "TIL.⸢LA⸣-ia",
                  "id": "P270912.l0de51",
                  "ref": "P270912.1.5",
                  "inst": "%akk-x-mbperi:TIL.LA-ia=",
                  "f": {
                    "lang": "akk-x-mbperi",
                    "form": "TIL.LA-ia"
                  }
                },
                {
                  "node": "d",
                  "type": "line-start",
                  "ref": "P270912.2",
                  "n": "002",
                  "label": "002"
                },
                {
                  "node": "l",
                  "frag": "[um-ma",
                  "id": "P270912.l0de52",
                  "ref": "P270912.2.1",
                  "inst": "%akk-x-mbperi:um-ma=",
                  "f": {
                    "lang": "akk-x-mbperi",
                    "form": "um-ma"
                  }
                },
                {
                  "node": "l",
                  "frag": "am-mu-ni]-ra",
                  "id": "P270912.l0de53",
                  "ref": "P270912.2.2",
                  "inst": "%akk-x-mbperi:am-mu-ni-ra=",
                  "f": {
                    "lang": "akk-x-mbperi",
                    "form": "am-mu-ni-ra"
                  }
                },
                {
                  "node": "l",
                  "frag": "IR₃-ka",
                  "id": "P270912.l0de54",
                  "ref": "P270912.2.3",
                  "inst": "%akk-x-mbperi:IR₃-ka=",
                  "f": {
                    "lang": "akk-x-mbperi",
                    "form": "IR₃-ka"
                  }
                },
                {
                  "node": "d",
                  "type": "line-start",
                  "ref": "P270912.3",
                  "n": "003",
                  "label": "003"
                },
                {
                  "node": "l",
                  "frag": "[u₃",
                  "id": "P270912.l0de55",
                  "ref": "P270912.3.1",
                  "inst": "%akk-x-mbperi:u₃=",
                  "f": {
                    "lang": "akk-x-mbperi",
                    "form": "u₃"
                  }
                },
                {
                  "node": "l",
                  "frag": "i-pi₂]-⸢ri⸣",
                  "id": "P270912.l0de56",
                  "ref": "P270912.3.2",
                  "inst": "%akk-x-mbperi:i-pi₂-ri=",
                  "f": {
                    "lang": "akk-x-mbperi",
                    "form": "i-pi₂-ri"
                  }
                },
                {
                  "node": "l",
                  "frag": "ša",
                  "id": "P270912.l0de57",
                  "ref": "P270912.3.3",
                  "inst": "%akk-x-mbperi:ša=",
                  "f": {
                    "lang": "akk-x-mbperi",
                    "form": "ša"
                  }
                },
                {
                  "node": "l",
                  "frag": "2",
                  "id": "P270912.l0de58",
                  "ref": "P270912.3.4",
                  "inst": "%akk-x-mbperi:2=",
                  "f": {
                    "lang": "akk-x-mbperi",
                    "form": "2"
                  }
                },
                {
                  "node": "l",
                  "frag": "GIŠ.MEŠ-ka",
                  "id": "P270912.l0de59",
                  "ref": "P270912.3.5",
                  "inst": "%akk-x-mbperi:GIŠ.MEŠ-ka=",
                  "f": {
                    "lang": "akk-x-mbperi",
                    "form": "GIŠ.MEŠ-ka"
                  }
                },
                {
                  "node": "d",
                  "type": "line-start",
                  "ref": "P270912.4",
                  "n": "004",
                  "label": "004"
                },
                {
                  "node": "l",
                  "frag": "[a-na",
                  "id": "P270912.l0de5a",
                  "ref": "P270912.4.1",
                  "inst": "%akk-x-mbperi:a-na=",
                  "f": {
                    "lang": "akk-x-mbperi",
                    "form": "a-na"
                  }
                },
                {
                  "node": "l",
                  "frag": "GIR₃.MEŠ",
                  "id": "P270912.l0de5b",
                  "ref": "P270912.4.2",
                  "inst": "%akk-x-mbperi:GIR₃.MEŠ=",
                  "f": {
                    "lang": "akk-x-mbperi",
                    "form": "GIR₃.MEŠ"
                  }
                },
                {
                  "node": "l",
                  "frag": "LUGAL",
                  "id": "P270912.l0de5c",
                  "ref": "P270912.4.3",
                  "inst": "%akk-x-mbperi:LUGAL=",
                  "f": {
                    "lang": "akk-x-mbperi",
                    "form": "LUGAL"
                  }
                },
                {
                  "node": "l",
                  "frag": "EN-ia",
                  "id": "P270912.l0de5d",
                  "ref": "P270912.4.4",
                  "inst": "%akk-x-mbperi:EN-ia=",
                  "f": {
                    "lang": "akk-x-mbperi",
                    "form": "EN-ia"
                  }
                },
                {
                  "node": "l",
                  "frag": "7",
                  "id": "P270912.l0de5e",
                  "ref": "P270912.4.5",
                  "inst": "%akk-x-mbperi:7=",
                  "f": {
                    "lang": "akk-x-mbperi",
                    "form": "7"
                  }
                },
                {
                  "node": "l",
                  "frag": "u₇-ta-a-an]",
                  "id": "P270912.l0de5f",
                  "ref": "P270912.4.6",
                  "inst": "%akk-x-mbperi:u₇-ta-a-an=",
                  "f": {
                    "lang": "akk-x-mbperi",
                    "form": "u₇-ta-a-an"
                  }
                },
                {
                  "node": "d",
                  "type": "line-start",
                  "ref": "P270912.5",
                  "n": "005",
                  "label": "005"
                },
                {
                  "node": "l",
                  "frag": "[am-qu₂-ut]",
                  "id": "P270912.l0de60",
                  "ref": "P270912.5.1",
                  "inst": "%akk-x-mbperi:am-qu₂-ut=",
                  "f": {
                    "lang": "akk-x-mbperi",
                    "form": "am-qu₂-ut"
                  }
                },
                {
                  "node": "l",
                  "frag": "⸢ša₂⸣-ni-tam",
                  "id": "P270912.l0de61",
                  "ref": "P270912.5.2",
                  "inst": "%akk-x-mbperi:ša₂-ni-tam=",
                  "f": {
                    "lang": "akk-x-mbperi",
                    "form": "ša₂-ni-tam"
                  }
                },
                {
                  "node": "d",
                  "type": "nonx",
                  "ref": "P270912.6",
                  "strict": "1",
                  "extent": "1",
                  "scope": "line",
                  "state": "ruling"
                },
                {
                  "node": "d",
                  "type": "line-start",
                  "ref": "P270912.7",
                  "n": "006",
                  "label": "006"
                },
                {
                  "node": "l",
                  "frag": "[iš-te]-⸢me⸣",
                  "id": "P270912.l0de62",
                  "ref": "P270912.7.1",
                  "inst": "%akk-x-mbperi:iš-te-me=",
                  "f": {
                    "lang": "akk-x-mbperi",
                    "form": "iš-te-me"
                  }
                },
                {
                  "node": "l",
                  "frag": "a-wa-te.MEŠ",
                  "id": "P270912.l0de63",
                  "ref": "P270912.7.2",
                  "inst": "%akk-x-mbperi:a-wa-te.MEŠ=",
                  "f": {
                    "lang": "akk-x-mbperi",
                    "form": "a-wa-te.MEŠ"
                  }
                },
                {
                  "node": "l",
                  "frag": "DUB-pi",
                  "id": "P270912.l0de64",
                  "ref": "P270912.7.3",
                  "inst": "%akk-x-mbperi:DUB-pi=",
                  "f": {
                    "lang": "akk-x-mbperi",
                    "form": "DUB-pi"
                  }
                },
                {
                  "node": "l",
                  "frag": "ša",
                  "id": "P270912.l0de65",
                  "ref": "P270912.7.4",
                  "inst": "%akk-x-mbperi:ša=",
                  "f": {
                    "lang": "akk-x-mbperi",
                    "form": "ša"
                  }
                },
                {
                  "node": "l",
                  "frag": "uš-te₉-šir₄-šu",
                  "id": "P270912.l0de66",
                  "ref": "P270912.7.5",
                  "inst": "%akk-x-mbperi:uš-te₉-šir₄-šu=",
                  "f": {
                    "lang": "akk-x-mbperi",
                    "form": "uš-te₉-šir₄-šu"
                  }
                },
                {
                  "node": "d",
                  "type": "line-start",
                  "ref": "P270912.8",
                  "n": "007",
                  "label": "007"
                },
                {
                  "node": "l",
                  "frag": "[a-na",
                  "id": "P270912.l0de67",
                  "ref": "P270912.8.1",
                  "inst": "%akk-x-mbperi:a-na=",
                  "f": {
                    "lang": "akk-x-mbperi",
                    "form": "a-na"
                  }
                },
                {
                  "node": "l",
                  "frag": "ia-ši]",
                  "id": "P270912.l0de68",
                  "ref": "P270912.8.2",
                  "inst": "%akk-x-mbperi:ia-ši=",
                  "f": {
                    "lang": "akk-x-mbperi",
                    "form": "ia-ši"
                  }
                },
                {
                  "node": "l",
                  "frag": "LUGAL",
                  "id": "P270912.l0de69",
                  "ref": "P270912.8.3",
                  "inst": "%akk-x-mbperi:LUGAL=",
                  "f": {
                    "lang": "akk-x-mbperi",
                    "form": "LUGAL"
                  }
                },
                {
                  "node": "l",
                  "frag": "EN-ia",
                  "id": "P270912.l0de6a",
                  "ref": "P270912.8.4",
                  "inst": "%akk-x-mbperi:EN-ia=",
                  "f": {
                    "lang": "akk-x-mbperi",
                    "form": "EN-ia"
                  }
                },
                {
                  "node": "l",
                  "frag": "u₃",
                  "id": "P270912.l0de6b",
                  "ref": "P270912.8.5",
                  "inst": "%akk-x-mbperi:u₃=",
                  "f": {
                    "lang": "akk-x-mbperi",
                    "form": "u₃"
                  }
                },
                {
                  "node": "l",
                  "frag": "en-du-um",
                  "id": "P270912.l0de6c",
                  "ref": "P270912.8.6",
                  "inst": "%akk-x-mbperi:en-du-um=",
                  "f": {
                    "lang": "akk-x-mbperi",
                    "form": "en-du-um"
                  }
                },
                {
                  "node": "d",
                  "type": "line-start",
                  "ref": "P270912.9",
                  "n": "008",
                  "label": "008"
                },
                {
                  "node": "l",
                  "frag": "[iš]-te-me",
                  "id": "P270912.l0de6d",
                  "ref": "P270912.9.1",
                  "inst": "%akk-x-mbperi:iš-te-me=",
                  "f": {
                    "lang": "akk-x-mbperi",
                    "form": "iš-te-me"
                  }
                },
                {
                  "node": "l",
                  "frag": "a-wa-te.MEŠ",
                  "id": "P270912.l0de6e",
                  "ref": "P270912.9.2",
                  "inst": "%akk-x-mbperi:a-wa-te.MEŠ=",
                  "f": {
                    "lang": "akk-x-mbperi",
                    "form": "a-wa-te.MEŠ"
                  }
                },
                {
                  "node": "l",
                  "frag": "DUB",
                  "id": "P270912.l0de6f",
                  "ref": "P270912.9.3",
                  "inst": "%akk-x-mbperi:DUB=",
                  "f": {
                    "lang": "akk-x-mbperi",
                    "form": "DUB"
                  }
                },
                {
                  "node": "l",
                  "frag": "LUGAL",
                  "id": "P270912.l0de70",
                  "ref": "P270912.9.4",
                  "inst": "%akk-x-mbperi:LUGAL=",
                  "f": {
                    "lang": "akk-x-mbperi",
                    "form": "LUGAL"
                  }
                },
                {
                  "node": "l",
                  "frag": "EN-ia",
                  "id": "P270912.l0de71",
                  "ref": "P270912.9.5",
                  "inst": "%akk-x-mbperi:EN-ia=",
                  "f": {
                    "lang": "akk-x-mbperi",
                    "form": "EN-ia"
                  }
                },
                {
                  "node": "d",
                  "type": "line-start",
                  "ref": "P270912.10",
                  "n": "009",
                  "label": "009"
                },
                {
                  "node": "l",
                  "frag": "u₃",
                  "id": "P270912.l0de72",
                  "ref": "P270912.10.1",
                  "inst": "%akk-x-mbperi:u₃=",
                  "f": {
                    "lang": "akk-x-mbperi",
                    "form": "u₃"
                  }
                },
                {
                  "node": "l",
                  "frag": "yi-ih-di",
                  "id": "P270912.l0de73",
                  "ref": "P270912.10.2",
                  "inst": "%akk-x-mbperi:yi-ih-di=",
                  "f": {
                    "lang": "akk-x-mbperi",
                    "form": "yi-ih-di"
                  }
                },
                {
                  "node": "l",
                  "frag": "ŠA₃-ia",
                  "id": "P270912.l0de74",
                  "ref": "P270912.10.3",
                  "inst": "%akk-x-mbperi:ŠA₃-ia=",
                  "f": {
                    "lang": "akk-x-mbperi",
                    "form": "ŠA₃-ia"
                  }
                },
                {
                  "node": "l",
                  "frag": "u₃",
                  "id": "P270912.l0de75",
                  "ref": "P270912.10.4",
                  "inst": "%akk-x-mbperi:u₃=",
                  "f": {
                    "lang": "akk-x-mbperi",
                    "form": "u₃"
                  }
                },
                {
                  "node": "d",
                  "type": "line-start",
                  "ref": "P270912.11",
                  "n": "010",
                  "label": "010"
                },
                {
                  "node": "l",
                  "frag": "⸢in₄⸣-nam-mu-ru",
                  "id": "P270912.l0de76",
                  "ref": "P270912.11.1",
                  "inst": "%akk-x-mbperi:in₄-nam-mu-ru=",
                  "f": {
                    "lang": "akk-x-mbperi",
                    "form": "in₄-nam-mu-ru"
                  }
                },
                {
                  "node": "l",
                  "frag": "2",
                  "id": "P270912.l0de77",
                  "ref": "P270912.11.2",
                  "inst": "%akk-x-mbperi:2=",
                  "f": {
                    "lang": "akk-x-mbperi",
                    "form": "2"
                  }
                },
                {
                  "node": "l",
                  "frag": "IGI.MEŠ-ia",
                  "id": "P270912.l0de78",
                  "ref": "P270912.11.3",
                  "inst": "%akk-x-mbperi:IGI.MEŠ-ia=",
                  "f": {
                    "lang": "akk-x-mbperi",
                    "form": "IGI.MEŠ-ia"
                  }
                },
                {
                  "node": "l",
                  "frag": "ma-gal",
                  "id": "P270912.l0de79",
                  "ref": "P270912.11.4",
                  "inst": "%akk-x-mbperi:ma-gal=",
                  "f": {
                    "lang": "akk-x-mbperi",
                    "form": "ma-gal"
                  }
                },
                {
                  "node": "d",
                  "type": "nonx",
                  "ref": "P270912.12",
                  "strict": "1",
                  "extent": "1",
                  "scope": "line",
                  "state": "ruling"
                },
                {
                  "node": "d",
                  "type": "line-start",
                  "ref": "P270912.13",
                  "n": "011",
                  "label": "011"
                },
                {
                  "node": "l",
                  "frag": "⸢ša₂⸣-ni-tam",
                  "id": "P270912.l0de7a",
                  "ref": "P270912.13.1",
                  "inst": "%akk-x-mbperi:ša₂-ni-tam=",
                  "f": {
                    "lang": "akk-x-mbperi",
                    "form": "ša₂-ni-tam"
                  }
                },
                {
                  "node": "l",
                  "frag": "a-nu-ma",
                  "id": "P270912.l0de7b",
                  "ref": "P270912.13.2",
                  "inst": "%akk-x-mbperi:a-nu-ma=",
                  "f": {
                    "lang": "akk-x-mbperi",
                    "form": "a-nu-ma"
                  }
                },
                {
                  "node": "l",
                  "frag": "na-aṣ-ra-ku",
                  "id": "P270912.l0de7c",
                  "ref": "P270912.13.3",
                  "inst": "%akk-x-mbperi:na-aṣ-ra-ku=",
                  "f": {
                    "lang": "akk-x-mbperi",
                    "form": "na-aṣ-ra-ku"
                  }
                },
                {
                  "node": "l",
                  "frag": "ma-gal",
                  "id": "P270912.l0de7d",
                  "ref": "P270912.13.4",
                  "inst": "%akk-x-mbperi:ma-gal=",
                  "f": {
                    "lang": "akk-x-mbperi",
                    "form": "ma-gal"
                  }
                },
                {
                  "node": "d",
                  "type": "line-start",
                  "ref": "P270912.14",
                  "n": "012",
                  "label": "012"
                },
                {
                  "node": "l",
                  "frag": "u₃",
                  "id": "P270912.l0de7e",
                  "ref": "P270912.14.1",
                  "inst": "%akk-x-mbperi:u₃=",
                  "f": {
                    "lang": "akk-x-mbperi",
                    "form": "u₃"
                  }
                },
                {
                  "node": "l",
                  "frag": "uṣ-ṣu₂-ru",
                  "id": "P270912.l0de7f",
                  "ref": "P270912.14.2",
                  "inst": "%akk-x-mbperi:uṣ-ṣu₂-ru=",
                  "f": {
                    "lang": "akk-x-mbperi",
                    "form": "uṣ-ṣu₂-ru"
                  }
                },
                {
                  "node": "l",
                  "frag": "URU{ki}",
                  "id": "P270912.l0de80",
                  "ref": "P270912.14.3",
                  "inst": "%akk-x-mbperi:URU{ki}=",
                  "f": {
                    "lang": "akk-x-mbperi",
                    "form": "URU{ki}"
                  }
                },
                {
                  "node": "l",
                  "frag": "PU₂.HA₂",
                  "id": "P270912.l0de81",
                  "ref": "P270912.14.4",
                  "inst": "%akk-x-mbperi:PU₂.HA₂=",
                  "f": {
                    "lang": "akk-x-mbperi",
                    "form": "PU₂.HA₂"
                  }
                },
                {
                  "node": "d",
                  "type": "line-start",
                  "ref": "P270912.15",
                  "n": "013",
                  "label": "013"
                },
                {
                  "node": "l",
                  "frag": "a-na",
                  "id": "P270912.l0de82",
                  "ref": "P270912.15.1",
                  "inst": "%akk-x-mbperi:a-na=",
                  "f": {
                    "lang": "akk-x-mbperi",
                    "form": "a-na"
                  }
                },
                {
                  "node": "l",
                  "frag": "LUGAL",
                  "id": "P270912.l0de83",
                  "ref": "P270912.15.2",
                  "inst": "%akk-x-mbperi:LUGAL=",
                  "f": {
                    "lang": "akk-x-mbperi",
                    "form": "LUGAL"
                  }
                },
                {
                  "node": "l",
                  "frag": "EN-ia",
                  "id": "P270912.l0de84",
                  "ref": "P270912.15.3",
                  "inst": "%akk-x-mbperi:EN-ia=",
                  "f": {
                    "lang": "akk-x-mbperi",
                    "form": "EN-ia"
                  }
                },
                {
                  "node": "l",
                  "frag": "a-di",
                  "id": "P270912.l0de85",
                  "ref": "P270912.15.4",
                  "inst": "%akk-x-mbperi:a-di=",
                  "f": {
                    "lang": "akk-x-mbperi",
                    "form": "a-di"
                  }
                },
                {
                  "node": "l",
                  "frag": "ka-ša-di",
                  "id": "P270912.l0de86",
                  "ref": "P270912.15.5",
                  "inst": "%akk-x-mbperi:ka-ša-di=",
                  "f": {
                    "lang": "akk-x-mbperi",
                    "form": "ka-ša-di"
                  }
                },
                {
                  "node": "d",
                  "type": "line-start",
                  "ref": "P270912.16",
                  "n": "014",
                  "label": "014"
                },
                {
                  "node": "l",
                  "frag": "ERIN₂.MEŠ",
                  "id": "P270912.l0de87",
                  "ref": "P270912.16.1",
                  "inst": "%akk-x-mbperi:ERIN₂.MEŠ=",
                  "f": {
                    "lang": "akk-x-mbperi",
                    "form": "ERIN₂.MEŠ"
                  }
                },
                {
                  "node": "l",
                  "frag": "pi₂-ṭa₂-ti",
                  "id": "P270912.l0de88",
                  "ref": "P270912.16.2",
                  "inst": "%akk-x-mbperi:pi₂-ṭa₂-ti=",
                  "f": {
                    "lang": "akk-x-mbperi",
                    "form": "pi₂-ṭa₂-ti"
                  }
                },
                {
                  "node": "l",
                  "frag": "LUGAL",
                  "id": "P270912.l0de89",
                  "ref": "P270912.16.3",
                  "inst": "%akk-x-mbperi:LUGAL=",
                  "f": {
                    "lang": "akk-x-mbperi",
                    "form": "LUGAL"
                  }
                },
                {
                  "node": "l",
                  "frag": "EN-ia",
                  "id": "P270912.l0de8a",
                  "ref": "P270912.16.4",
                  "inst": "%akk-x-mbperi:EN-ia=",
                  "f": {
                    "lang": "akk-x-mbperi",
                    "form": "EN-ia"
                  }
                },
                {
                  "node": "d",
                  "type": "nonx",
                  "ref": "P270912.17",
                  "strict": "1",
                  "extent": "1",
                  "scope": "line",
                  "state": "ruling"
                },
                {
                  "node": "d",
                  "type": "line-start",
                  "ref": "P270912.18",
                  "n": "015",
                  "label": "015"
                },
                {
                  "node": "l",
                  "frag": "ša₂-ni-tam",
                  "id": "P270912.l0de8b",
                  "ref": "P270912.18.1",
                  "inst": "%akk-x-mbperi:ša₂-ni-tam=",
                  "f": {
                    "lang": "akk-x-mbperi",
                    "form": "ša₂-ni-tam"
                  }
                },
                {
                  "node": "l",
                  "frag": "a-na",
                  "id": "P270912.l0de8c",
                  "ref": "P270912.18.2",
                  "inst": "%akk-x-mbperi:a-na=",
                  "f": {
                    "lang": "akk-x-mbperi",
                    "form": "a-na"
                  }
                },
                {
                  "node": "l",
                  "frag": "LU₂",
                  "id": "P270912.l0de8d",
                  "ref": "P270912.18.3",
                  "inst": "%akk-x-mbperi:LU₂=",
                  "f": {
                    "lang": "akk-x-mbperi",
                    "form": "LU₂"
                  }
                },
                {
                  "node": "l",
                  "frag": "URU",
                  "id": "P270912.l0de8e",
                  "ref": "P270912.18.4",
                  "inst": "%akk-x-mbperi:URU=",
                  "f": {
                    "lang": "akk-x-mbperi",
                    "form": "URU"
                  }
                },
                {
                  "node": "l",
                  "frag": "gub-la",
                  "id": "P270912.l0de8f",
                  "ref": "P270912.18.5",
                  "inst": "%akk-x-mbperi:gub-la=",
                  "f": {
                    "lang": "akk-x-mbperi",
                    "form": "gub-la"
                  }
                },
                {
                  "node": "l",
                  "frag": "ša",
                  "id": "P270912.l0de90",
                  "ref": "P270912.18.6",
                  "inst": "%akk-x-mbperi:ša=",
                  "f": {
                    "lang": "akk-x-mbperi",
                    "form": "ša"
                  }
                },
                {
                  "node": "l",
                  "frag": "e-ba-aš-ša",
                  "id": "P270912.l0de91",
                  "ref": "P270912.18.7",
                  "inst": "%akk-x-mbperi:e-ba-aš-ša=",
                  "f": {
                    "lang": "akk-x-mbperi",
                    "form": "e-ba-aš-ša"
                  }
                },
                {
                  "node": "d",
                  "type": "line-start",
                  "ref": "P270912.19",
                  "n": "016",
                  "label": "016"
                },
                {
                  "node": "l",
                  "frag": "it-ti-ia",
                  "id": "P270912.l0de92",
                  "ref": "P270912.19.1",
                  "inst": "%akk-x-mbperi:it-ti-ia=",
                  "f": {
                    "lang": "akk-x-mbperi",
                    "form": "it-ti-ia"
                  }
                },
                {
                  "node": "l",
                  "frag": "a-nu-um-ma",
                  "id": "P270912.l0de93",
                  "ref": "P270912.19.2",
                  "inst": "%akk-x-mbperi:a-nu-um-ma=",
                  "f": {
                    "lang": "akk-x-mbperi",
                    "form": "a-nu-um-ma"
                  }
                },
                {
                  "node": "l",
                  "frag": "i-na-ṣa-ru-šu",
                  "id": "P270912.l0de94",
                  "ref": "P270912.19.3",
                  "inst": "%akk-x-mbperi:i-na-ṣa-ru-šu=",
                  "f": {
                    "lang": "akk-x-mbperi",
                    "form": "i-na-ṣa-ru-šu"
                  }
                },
                {
                  "node": "d",
                  "type": "line-start",
                  "ref": "P270912.20",
                  "n": "017",
                  "label": "017"
                },
                {
                  "node": "l",
                  "frag": "a-di",
                  "id": "P270912.l0de95",
                  "ref": "P270912.20.1",
                  "inst": "%akk-x-mbperi:a-di=",
                  "f": {
                    "lang": "akk-x-mbperi",
                    "form": "a-di"
                  }
                },
                {
                  "node": "l",
                  "frag": "yi-im-lu-ku",
                  "id": "P270912.l0de96",
                  "ref": "P270912.20.2",
                  "inst": "%akk-x-mbperi:yi-im-lu-ku=",
                  "f": {
                    "lang": "akk-x-mbperi",
                    "form": "yi-im-lu-ku"
                  }
                },
                {
                  "node": "l",
                  "frag": "LUGAL",
                  "id": "P270912.l0de97",
                  "ref": "P270912.20.3",
                  "inst": "%akk-x-mbperi:LUGAL=",
                  "f": {
                    "lang": "akk-x-mbperi",
                    "form": "LUGAL"
                  }
                },
                {
                  "node": "l",
                  "frag": "a-na",
                  "id": "P270912.l0de98",
                  "ref": "P270912.20.4",
                  "inst": "%akk-x-mbperi:a-na=",
                  "f": {
                    "lang": "akk-x-mbperi",
                    "form": "a-na"
                  }
                },
                {
                  "node": "l",
                  "frag": "IR₃-šu",
                  "id": "P270912.l0de99",
                  "ref": "P270912.20.5",
                  "inst": "%akk-x-mbperi:IR₃-šu=",
                  "f": {
                    "lang": "akk-x-mbperi",
                    "form": "IR₃-šu"
                  }
                },
                {
                  "node": "d",
                  "type": "line-start",
                  "ref": "P270912.21",
                  "n": "018",
                  "label": "018"
                },
                {
                  "node": "l",
                  "frag": "ša₂-ni-tam",
                  "id": "P270912.l0de9a",
                  "ref": "P270912.21.1",
                  "inst": "%akk-x-mbperi:ša₂-ni-tam=",
                  "f": {
                    "lang": "akk-x-mbperi",
                    "form": "ša₂-ni-tam"
                  }
                },
                {
                  "node": "l",
                  "frag": "yi-il₅-ma-ad",
                  "id": "P270912.l0de9b",
                  "ref": "P270912.21.2",
                  "inst": "%akk-x-mbperi:yi-il₅-ma-ad=",
                  "f": {
                    "lang": "akk-x-mbperi",
                    "form": "yi-il₅-ma-ad"
                  }
                },
                {
                  "node": "l",
                  "frag": "LUGAL",
                  "id": "P270912.l0de9c",
                  "ref": "P270912.21.3",
                  "inst": "%akk-x-mbperi:LUGAL=",
                  "f": {
                    "lang": "akk-x-mbperi",
                    "form": "LUGAL"
                  }
                },
                {
                  "node": "l",
                  "frag": "EN-ia",
                  "id": "P270912.l0de9d",
                  "ref": "P270912.21.4",
                  "inst": "%akk-x-mbperi:EN-ia=",
                  "f": {
                    "lang": "akk-x-mbperi",
                    "form": "EN-ia"
                  }
                },
                {
                  "node": "d",
                  "type": "line-start",
                  "ref": "P270912.22",
                  "n": "019",
                  "label": "019"
                },
                {
                  "node": "l",
                  "frag": "e-pi₂-iš",
                  "id": "P270912.l0de9e",
                  "ref": "P270912.22.1",
                  "inst": "%akk-x-mbperi:e-pi₂-iš=",
                  "f": {
                    "lang": "akk-x-mbperi",
                    "form": "e-pi₂-iš"
                  }
                },
                {
                  "node": "l",
                  "frag": "ŠEŠ-šu",
                  "id": "P270912.l0de9f",
                  "ref": "P270912.22.2",
                  "inst": "%akk-x-mbperi:ŠEŠ-šu=",
                  "f": {
                    "lang": "akk-x-mbperi",
                    "form": "ŠEŠ-šu"
                  }
                },
                {
                  "node": "l",
                  "frag": "ša",
                  "id": "P270912.l0dea0",
                  "ref": "P270912.22.3",
                  "inst": "%akk-x-mbperi:ša=",
                  "f": {
                    "lang": "akk-x-mbperi",
                    "form": "ša"
                  }
                },
                {
                  "node": "l",
                  "frag": "e-ba-aš-⸢ša⸣",
                  "id": "P270912.l0dea1",
                  "ref": "P270912.22.4",
                  "inst": "%akk-x-mbperi:e-ba-aš-ša=",
                  "f": {
                    "lang": "akk-x-mbperi",
                    "form": "e-ba-aš-ša"
                  }
                },
                {
                  "node": "d",
                  "type": "line-start",
                  "ref": "P270912.23",
                  "n": "020",
                  "label": "020"
                },
                {
                  "node": "l",
                  "frag": "i-na",
                  "id": "P270912.l0dea2",
                  "ref": "P270912.23.1",
                  "inst": "%akk-x-mbperi:i-na=",
                  "f": {
                    "lang": "akk-x-mbperi",
                    "form": "i-na"
                  }
                },
                {
                  "node": "l",
                  "frag": "URU",
                  "id": "P270912.l0dea3",
                  "ref": "P270912.23.2",
                  "inst": "%akk-x-mbperi:URU=",
                  "f": {
                    "lang": "akk-x-mbperi",
                    "form": "URU"
                  }
                },
                {
                  "node": "l",
                  "frag": "gub-la",
                  "id": "P270912.l0dea4",
                  "ref": "P270912.23.3",
                  "inst": "%akk-x-mbperi:gub-la=",
                  "f": {
                    "lang": "akk-x-mbperi",
                    "form": "gub-la"
                  }
                },
                {
                  "node": "l",
                  "frag": "i-nu-ma",
                  "id": "P270912.l0dea5",
                  "ref": "P270912.23.4",
                  "inst": "%akk-x-mbperi:i-nu-ma=",
                  "f": {
                    "lang": "akk-x-mbperi",
                    "form": "i-nu-ma"
                  }
                },
                {
                  "node": "l",
                  "frag": "na-⸢da⸣-[an]",
                  "id": "P270912.l0dea6",
                  "ref": "P270912.23.5",
                  "inst": "%akk-x-mbperi:na-da-an=",
                  "f": {
                    "lang": "akk-x-mbperi",
                    "form": "na-da-an"
                  }
                },
                {
                  "node": "d",
                  "type": "line-start",
                  "ref": "P270912.24",
                  "n": "021",
                  "label": "021"
                },
                {
                  "node": "l",
                  "frag": "DUMU.DUMU.MEŠ",
                  "id": "P270912.l0dea7",
                  "ref": "P270912.24.1",
                  "inst": "%akk-x-mbperi:DUMU.DUMU.MEŠ=",
                  "f": {
                    "lang": "akk-x-mbperi",
                    "form": "DUMU.DUMU.MEŠ"
                  }
                },
                {
                  "node": "l",
                  "frag": "ša",
                  "id": "P270912.l0dea8",
                  "ref": "P270912.24.2",
                  "inst": "%akk-x-mbperi:ša=",
                  "f": {
                    "lang": "akk-x-mbperi",
                    "form": "ša"
                  }
                },
                {
                  "node": "l",
                  "frag": "{m}ri-⸢ib⸣-[d].⸢IŠKUR⸣",
                  "id": "P270912.l0dea9",
                  "ref": "P270912.24.3",
                  "inst": "%akk-x-mbperi:{m}ri-ib-d.IŠKUR=",
                  "f": {
                    "lang": "akk-x-mbperi",
                    "form": "{m}ri-ib-d.IŠKUR"
                  }
                },
                {
                  "node": "d",
                  "type": "line-start",
                  "ref": "P270912.25",
                  "n": "022",
                  "label": "022"
                },
                {
                  "node": "l",
                  "frag": "⸢ma⸣",
                  "id": "P270912.l0deaa",
                  "ref": "P270912.25.1",
                  "inst": "%akk-x-mbperi:ma=",
                  "f": {
                    "lang": "akk-x-mbperi",
                    "form": "ma"
                  }
                },
                {
                  "node": "l",
                  "frag": "e-ba-aš-šu",
                  "id": "P270912.l0deab",
                  "ref": "P270912.25.2",
                  "inst": "%akk-x-mbperi:e-ba-aš-šu=",
                  "f": {
                    "lang": "akk-x-mbperi",
                    "form": "e-ba-aš-šu"
                  }
                },
                {
                  "node": "l",
                  "frag": "it-ti-ia",
                  "id": "P270912.l0deac",
                  "ref": "P270912.25.3",
                  "inst": "%akk-x-mbperi:it-ti-ia=",
                  "f": {
                    "lang": "akk-x-mbperi",
                    "form": "it-ti-ia"
                  }
                },
                {
                  "node": "d",
                  "type": "line-start",
                  "ref": "P270912.26",
                  "n": "023",
                  "label": "023"
                },
                {
                  "node": "l",
                  "frag": "a-na",
                  "id": "P270912.l0dead",
                  "ref": "P270912.26.1",
                  "inst": "%akk-x-mbperi:a-na=",
                  "f": {
                    "lang": "akk-x-mbperi",
                    "form": "a-na"
                  }
                },
                {
                  "node": "l",
                  "frag": "LU₂.MEŠ",
                  "id": "P270912.l0deae",
                  "ref": "P270912.26.2",
                  "inst": "%akk-x-mbperi:LU₂.MEŠ=",
                  "f": {
                    "lang": "akk-x-mbperi",
                    "form": "LU₂.MEŠ"
                  }
                },
                {
                  "node": "l",
                  "frag": "ar-nu-⸢ti",
                  "id": "P270912.l0deaf",
                  "ref": "P270912.26.3",
                  "inst": "%akk-x-mbperi:ar-nu-ti=",
                  "f": {
                    "lang": "akk-x-mbperi",
                    "form": "ar-nu-ti"
                  }
                },
                {
                  "node": "l",
                  "frag": "ša⸣",
                  "id": "P270912.l0deb0",
                  "ref": "P270912.26.4",
                  "inst": "%akk-x-mbperi:ša=",
                  "f": {
                    "lang": "akk-x-mbperi",
                    "form": "ša"
                  }
                },
                {
                  "node": "d",
                  "type": "line-start",
                  "ref": "P270912.27",
                  "n": "024",
                  "label": "024"
                },
                {
                  "node": "l",
                  "frag": "LUGAL-ri",
                  "id": "P270912.l0deb1",
                  "ref": "P270912.27.1",
                  "inst": "%akk-x-mbperi:LUGAL-ri=",
                  "f": {
                    "lang": "akk-x-mbperi",
                    "form": "LUGAL-ri"
                  }
                },
                {
                  "node": "l",
                  "frag": "ša",
                  "id": "P270912.l0deb2",
                  "ref": "P270912.27.2",
                  "inst": "%akk-x-mbperi:ša=",
                  "f": {
                    "lang": "akk-x-mbperi",
                    "form": "ša"
                  }
                },
                {
                  "node": "l",
                  "frag": "i-na",
                  "id": "P270912.l0deb3",
                  "ref": "P270912.27.3",
                  "inst": "%akk-x-mbperi:i-na=",
                  "f": {
                    "lang": "akk-x-mbperi",
                    "form": "i-na"
                  }
                },
                {
                  "node": "l",
                  "frag": "KUR",
                  "id": "P270912.l0deb4",
                  "ref": "P270912.27.4",
                  "inst": "%akk-x-mbperi:KUR=",
                  "f": {
                    "lang": "akk-x-mbperi",
                    "form": "KUR"
                  }
                },
                {
                  "node": "l",
                  "frag": "a-⸢mur-ri⸣",
                  "id": "P270912.l0deb5",
                  "ref": "P270912.27.5",
                  "inst": "%akk-x-mbperi:a-mur-ri=",
                  "f": {
                    "lang": "akk-x-mbperi",
                    "form": "a-mur-ri"
                  }
                },
                {
                  "node": "d",
                  "type": "nonx",
                  "ref": "P270912.28",
                  "strict": "1",
                  "extent": "1",
                  "scope": "line",
                  "state": "ruling"
                },
                {
                  "node": "d",
                  "type": "line-start",
                  "ref": "P270912.29",
                  "n": "025",
                  "label": "025"
                },
                {
                  "node": "l",
                  "frag": "ša₂-ni-tam",
                  "id": "P270912.l0deb6",
                  "ref": "P270912.29.1",
                  "inst": "%akk-x-mbperi:ša₂-ni-tam=",
                  "f": {
                    "lang": "akk-x-mbperi",
                    "form": "ša₂-ni-tam"
                  }
                },
                {
                  "node": "l",
                  "frag": "a-nu-um-ma",
                  "id": "P270912.l0deb7",
                  "ref": "P270912.29.2",
                  "inst": "%akk-x-mbperi:a-nu-um-ma=",
                  "f": {
                    "lang": "akk-x-mbperi",
                    "form": "a-nu-um-ma"
                  }
                },
                {
                  "node": "l",
                  "frag": "⸢šu⸣-ši-⸢ra⸣-ku",
                  "id": "P270912.l0deb8",
                  "ref": "P270912.29.3",
                  "inst": "%akk-x-mbperi:šu-ši-ra-ku=",
                  "f": {
                    "lang": "akk-x-mbperi",
                    "form": "šu-ši-ra-ku"
                  }
                },
                {
                  "node": "d",
                  "type": "line-start",
                  "ref": "P270912.30",
                  "n": "026",
                  "label": "026"
                },
                {
                  "node": "l",
                  "frag": "qa-du",
                  "id": "P270912.l0deb9",
                  "ref": "P270912.30.1",
                  "inst": "%akk-x-mbperi:qa-du=",
                  "f": {
                    "lang": "akk-x-mbperi",
                    "form": "qa-du"
                  }
                },
                {
                  "node": "l",
                  "frag": "ANŠE.KUR.RA.HA₂-ia",
                  "id": "P270912.l0deba",
                  "ref": "P270912.30.2",
                  "inst": "%akk-x-mbperi:ANŠE.KUR.RA.HA₂-ia=",
                  "f": {
                    "lang": "akk-x-mbperi",
                    "form": "ANŠE.KUR.RA.HA₂-ia"
                  }
                },
                {
                  "node": "l",
                  "frag": "u₃",
                  "id": "P270912.l0debb",
                  "ref": "P270912.30.3",
                  "inst": "%akk-x-mbperi:u₃=",
                  "f": {
                    "lang": "akk-x-mbperi",
                    "form": "u₃"
                  }
                },
                {
                  "node": "d",
                  "type": "line-start",
                  "ref": "P270912.31",
                  "n": "027",
                  "label": "027"
                },
                {
                  "node": "l",
                  "frag": "u₃",
                  "id": "P270912.l0debc",
                  "ref": "P270912.31.1",
                  "inst": "%akk-x-mbperi:u₃=",
                  "f": {
                    "lang": "akk-x-mbperi",
                    "form": "u₃"
                  }
                },
                {
                  "node": "l",
                  "frag": "qa-du",
                  "id": "P270912.l0debd",
                  "ref": "P270912.31.2",
                  "inst": "%akk-x-mbperi:qa-du=",
                  "f": {
                    "lang": "akk-x-mbperi",
                    "form": "qa-du"
                  }
                },
                {
                  "node": "l",
                  "frag": "GIŠ",
                  "id": "P270912.l0debe",
                  "ref": "P270912.31.3",
                  "inst": "%akk-x-mbperi:GIŠ=",
                  "f": {
                    "lang": "akk-x-mbperi",
                    "form": "GIŠ"
                  }
                },
                {
                  "node": "l",
                  "frag": "GIGIR.HA₂-ia",
                  "id": "P270912.l0debf",
                  "ref": "P270912.31.4",
                  "inst": "%akk-x-mbperi:GIGIR.HA₂-ia=",
                  "f": {
                    "lang": "akk-x-mbperi",
                    "form": "GIGIR.HA₂-ia"
                  }
                },
                {
                  "node": "l",
                  "frag": "u₃",
                  "id": "P270912.l0dec0",
                  "ref": "P270912.31.5",
                  "inst": "%akk-x-mbperi:u₃=",
                  "f": {
                    "lang": "akk-x-mbperi",
                    "form": "u₃"
                  }
                },
                {
                  "node": "l",
                  "frag": "qa-du",
                  "id": "P270912.l0dec1",
                  "ref": "P270912.31.6",
                  "inst": "%akk-x-mbperi:qa-du=",
                  "f": {
                    "lang": "akk-x-mbperi",
                    "form": "qa-du"
                  }
                },
                {
                  "node": "d",
                  "type": "line-start",
                  "ref": "P270912.32",
                  "n": "028",
                  "label": "028"
                },
                {
                  "node": "l",
                  "frag": "gab₂-bi",
                  "id": "P270912.l0dec2",
                  "ref": "P270912.32.1",
                  "inst": "%akk-x-mbperi:gab₂-bi=",
                  "f": {
                    "lang": "akk-x-mbperi",
                    "form": "gab₂-bi"
                  }
                },
                {
                  "node": "l",
                  "frag": "mi-im-mi.HA₂",
                  "id": "P270912.l0dec3",
                  "ref": "P270912.32.2",
                  "inst": "%akk-x-mbperi:mi-im-mi.HA₂=",
                  "f": {
                    "lang": "akk-x-mbperi",
                    "form": "mi-im-mi.HA₂"
                  }
                },
                {
                  "node": "d",
                  "type": "line-start",
                  "ref": "P270912.33",
                  "n": "029",
                  "label": "029"
                },
                {
                  "node": "l",
                  "frag": "ša",
                  "id": "P270912.l0dec4",
                  "ref": "P270912.33.1",
                  "inst": "%akk-x-mbperi:ša=",
                  "f": {
                    "lang": "akk-x-mbperi",
                    "form": "ša"
                  }
                },
                {
                  "node": "l",
                  "frag": "e-ba-aš-ša",
                  "id": "P270912.l0dec5",
                  "ref": "P270912.33.2",
                  "inst": "%akk-x-mbperi:e-ba-aš-ša=",
                  "f": {
                    "lang": "akk-x-mbperi",
                    "form": "e-ba-aš-ša"
                  }
                },
                {
                  "node": "l",
                  "frag": "it-ti-ia",
                  "id": "P270912.l0dec6",
                  "ref": "P270912.33.3",
                  "inst": "%akk-x-mbperi:it-ti-ia=",
                  "f": {
                    "lang": "akk-x-mbperi",
                    "form": "it-ti-ia"
                  }
                },
                {
                  "node": "d",
                  "type": "line-start",
                  "ref": "P270912.34",
                  "n": "030",
                  "label": "030"
                },
                {
                  "node": "l",
                  "frag": "a-na",
                  "id": "P270912.l0dec7",
                  "ref": "P270912.34.1",
                  "inst": "%akk-x-mbperi:a-na=",
                  "f": {
                    "lang": "akk-x-mbperi",
                    "form": "a-na"
                  }
                },
                {
                  "node": "l",
                  "frag": "pa-ni",
                  "id": "P270912.l0dec8",
                  "ref": "P270912.34.2",
                  "inst": "%akk-x-mbperi:pa-ni=",
                  "f": {
                    "lang": "akk-x-mbperi",
                    "form": "pa-ni"
                  }
                },
                {
                  "node": "l",
                  "frag": "ERIN₂.MEŠ",
                  "id": "P270912.l0dec9",
                  "ref": "P270912.34.3",
                  "inst": "%akk-x-mbperi:ERIN₂.MEŠ=",
                  "f": {
                    "lang": "akk-x-mbperi",
                    "form": "ERIN₂.MEŠ"
                  }
                },
                {
                  "node": "l",
                  "frag": "pi₂-ṭa₂-at",
                  "id": "P270912.l0deca",
                  "ref": "P270912.34.4",
                  "inst": "%akk-x-mbperi:pi₂-ṭa₂-at=",
                  "f": {
                    "lang": "akk-x-mbperi",
                    "form": "pi₂-ṭa₂-at"
                  }
                },
                {
                  "node": "d",
                  "type": "line-start",
                  "ref": "P270912.35",
                  "n": "031",
                  "label": "031"
                },
                {
                  "node": "l",
                  "frag": "LUGAL",
                  "id": "P270912.l0decb",
                  "ref": "P270912.35.1",
                  "inst": "%akk-x-mbperi:LUGAL=",
                  "f": {
                    "lang": "akk-x-mbperi",
                    "form": "LUGAL"
                  }
                },
                {
                  "node": "l",
                  "frag": "EN-ia",
                  "id": "P270912.l0decc",
                  "ref": "P270912.35.2",
                  "inst": "%akk-x-mbperi:EN-ia=",
                  "f": {
                    "lang": "akk-x-mbperi",
                    "form": "EN-ia"
                  }
                },
                {
                  "node": "d",
                  "type": "nonx",
                  "ref": "P270912.36",
                  "strict": "1",
                  "extent": "1",
                  "scope": "line",
                  "state": "ruling"
                },
                {
                  "node": "d",
                  "type": "line-start",
                  "ref": "P270912.37",
                  "n": "032",
                  "label": "032"
                },
                {
                  "node": "l",
                  "frag": "ša₂-ni-tam",
                  "id": "P270912.l0decd",
                  "ref": "P270912.37.1",
                  "inst": "%akk-x-mbperi:ša₂-ni-tam=",
                  "f": {
                    "lang": "akk-x-mbperi",
                    "form": "ša₂-ni-tam"
                  }
                },
                {
                  "node": "l",
                  "frag": "a-na",
                  "id": "P270912.l0dece",
                  "ref": "P270912.37.2",
                  "inst": "%akk-x-mbperi:a-na=",
                  "f": {
                    "lang": "akk-x-mbperi",
                    "form": "a-na"
                  }
                },
                {
                  "node": "l",
                  "frag": "GIR₃.MEŠ",
                  "id": "P270912.l0decf",
                  "ref": "P270912.37.3",
                  "inst": "%akk-x-mbperi:GIR₃.MEŠ=",
                  "f": {
                    "lang": "akk-x-mbperi",
                    "form": "GIR₃.MEŠ"
                  }
                },
                {
                  "node": "l",
                  "frag": "LUGAL",
                  "id": "P270912.l0ded0",
                  "ref": "P270912.37.4",
                  "inst": "%akk-x-mbperi:LUGAL=",
                  "f": {
                    "lang": "akk-x-mbperi",
                    "form": "LUGAL"
                  }
                },
                {
                  "node": "l",
                  "frag": "EN-ia",
                  "id": "P270912.l0ded1",
                  "ref": "P270912.37.5",
                  "inst": "%akk-x-mbperi:EN-ia=",
                  "f": {
                    "lang": "akk-x-mbperi",
                    "form": "EN-ia"
                  }
                },
                {
                  "node": "d",
                  "type": "line-start",
                  "ref": "P270912.38",
                  "n": "033",
                  "label": "033"
                },
                {
                  "node": "l",
                  "frag": "7",
                  "id": "P270912.l0ded2",
                  "ref": "P270912.38.1",
                  "inst": "%akk-x-mbperi:7=",
                  "f": {
                    "lang": "akk-x-mbperi",
                    "form": "7"
                  }
                },
                {
                  "node": "l",
                  "frag": "u",
                  "id": "P270912.l0ded3",
                  "ref": "P270912.38.2",
                  "inst": "%akk-x-mbperi:u=",
                  "f": {
                    "lang": "akk-x-mbperi",
                    "form": "u"
                  }
                },
                {
                  "node": "l",
                  "frag": "7-ta-a-an",
                  "id": "P270912.l0ded4",
                  "ref": "P270912.38.3",
                  "inst": "%akk-x-mbperi:7-ta-a-an=",
                  "f": {
                    "lang": "akk-x-mbperi",
                    "form": "7-ta-a-an"
                  }
                },
                {
                  "node": "l",
                  "frag": "am-qu₂-ut",
                  "id": "P270912.l0ded5",
                  "ref": "P270912.38.4",
                  "inst": "%akk-x-mbperi:am-qu₂-ut=",
                  "f": {
                    "lang": "akk-x-mbperi",
                    "form": "am-qu₂-ut"
                  }
                },
                {
                  "node": "d",
                  "type": "nonx",
                  "ref": "P270912.39",
                  "strict": "1",
                  "extent": "1",
                  "scope": "line",
                  "state": "ruling"
                }
              ]
            }
          ]
        }
      ]
    }
  ]
}
