{
  "type": "cdl",
  "source": "http://oracc.org/contrib/amarna",
  "license": "This data is released under the CC0 license",
  "license-url": "https://creativecommons.org/publicdomain/zero/1.0/",
  "more-info": "http://oracc.org/doc/opendata/",
  "UTC-timestamp": "2017-06-09T23:27:43",
  "project": "contrib/amarna",
  "textid": "P270936",
  "cdl": [
    {
      "node": "c",
      "type": "text",
      "id": "P270936.U0",
      "cdl": [
        {
          "node": "d",
          "type": "surface",
          "ref": ""
        },
        {
          "node": "c",
          "type": "discourse",
          "subtype": "body",
          "id": "P270936.U1",
          "cdl": [
            {
              "node": "c",
              "type": "sentence",
              "id": "P270936.U2",
              "label": "001 - 021",
              "cdl": [
                {
                  "node": "d",
                  "type": "line-start",
                  "ref": "P270936.1",
                  "n": "001",
                  "label": "001"
                },
                {
                  "node": "l",
                  "frag": "a-na",
                  "id": "P270936.l11c57",
                  "ref": "P270936.1.1",
                  "inst": "%akk-x-mbperi:a-na=",
                  "f": {
                    "lang": "akk-x-mbperi",
                    "form": "a-na"
                  }
                },
                {
                  "node": "l",
                  "frag": "{m}LUGAL",
                  "id": "P270936.l11c58",
                  "ref": "P270936.1.2",
                  "inst": "%akk-x-mbperi:{m}LUGAL=",
                  "f": {
                    "lang": "akk-x-mbperi",
                    "form": "{m}LUGAL"
                  }
                },
                {
                  "node": "l",
                  "frag": "EN-ia",
                  "id": "P270936.l11c59",
                  "ref": "P270936.1.3",
                  "inst": "%akk-x-mbperi:EN-ia=",
                  "f": {
                    "lang": "akk-x-mbperi",
                    "form": "EN-ia"
                  }
                },
                {
                  "node": "l",
                  "frag": "DINGIR.MEŠ-ia",
                  "id": "P270936.l11c5a",
                  "ref": "P270936.1.4",
                  "inst": "%akk-x-mbperi:DINGIR.MEŠ-ia=",
                  "f": {
                    "lang": "akk-x-mbperi",
                    "form": "DINGIR.MEŠ-ia"
                  }
                },
                {
                  "node": "d",
                  "type": "line-start",
                  "ref": "P270936.2",
                  "n": "002",
                  "label": "002"
                },
                {
                  "node": "l",
                  "frag": "DINGIR.UTU-ia",
                  "id": "P270936.l11c5b",
                  "ref": "P270936.2.1",
                  "inst": "%akk-x-mbperi:DINGIR.UTU-ia=",
                  "f": {
                    "lang": "akk-x-mbperi",
                    "form": "DINGIR.UTU-ia"
                  }
                },
                {
                  "node": "l",
                  "frag": "qi₂-bi₂-ma",
                  "id": "P270936.l11c5c",
                  "ref": "P270936.2.2",
                  "inst": "%akk-x-mbperi:qi₂-bi₂-ma=",
                  "f": {
                    "lang": "akk-x-mbperi",
                    "form": "qi₂-bi₂-ma"
                  }
                },
                {
                  "node": "d",
                  "type": "line-start",
                  "ref": "P270936.3",
                  "n": "003",
                  "label": "003"
                },
                {
                  "node": "l",
                  "frag": "um-ma",
                  "id": "P270936.l11c5d",
                  "ref": "P270936.3.1",
                  "inst": "%akk-x-mbperi:um-ma=",
                  "f": {
                    "lang": "akk-x-mbperi",
                    "form": "um-ma"
                  }
                },
                {
                  "node": "l",
                  "frag": "{m}ia-pa-ʾi₃",
                  "id": "P270936.l11c5e",
                  "ref": "P270936.3.2",
                  "inst": "%akk-x-mbperi:{m}ia-pa-ʾi₃=",
                  "f": {
                    "lang": "akk-x-mbperi",
                    "form": "{m}ia-pa-ʾi₃"
                  }
                },
                {
                  "node": "l",
                  "frag": "IR₃-⸢ka-ma⸣",
                  "id": "P270936.l11c5f",
                  "ref": "P270936.3.3",
                  "inst": "%akk-x-mbperi:IR₃-ka-ma=",
                  "f": {
                    "lang": "akk-x-mbperi",
                    "form": "IR₃-ka-ma"
                  }
                },
                {
                  "node": "d",
                  "type": "line-start",
                  "ref": "P270936.4",
                  "n": "004",
                  "label": "004"
                },
                {
                  "node": "l",
                  "frag": "ep-ri",
                  "id": "P270936.l11c60",
                  "ref": "P270936.4.1",
                  "inst": "%akk-x-mbperi:ep-ri=",
                  "f": {
                    "lang": "akk-x-mbperi",
                    "form": "ep-ri"
                  }
                },
                {
                  "node": "l",
                  "frag": "ša",
                  "id": "P270936.l11c61",
                  "ref": "P270936.4.2",
                  "inst": "%akk-x-mbperi:ša=",
                  "f": {
                    "lang": "akk-x-mbperi",
                    "form": "ša"
                  }
                },
                {
                  "node": "l",
                  "frag": "2",
                  "id": "P270936.l11c62",
                  "ref": "P270936.4.3",
                  "inst": "%akk-x-mbperi:2=",
                  "f": {
                    "lang": "akk-x-mbperi",
                    "form": "2"
                  }
                },
                {
                  "node": "l",
                  "frag": "GIR₃.MEŠ-⸢ka⸣",
                  "id": "P270936.l11c63",
                  "ref": "P270936.4.4",
                  "inst": "%akk-x-mbperi:GIR₃.MEŠ-ka=",
                  "f": {
                    "lang": "akk-x-mbperi",
                    "form": "GIR₃.MEŠ-ka"
                  }
                },
                {
                  "node": "d",
                  "type": "line-start",
                  "ref": "P270936.5",
                  "n": "005",
                  "label": "005"
                },
                {
                  "node": "l",
                  "frag": "a-na",
                  "id": "P270936.l11c64",
                  "ref": "P270936.5.1",
                  "inst": "%akk-x-mbperi:a-na=",
                  "f": {
                    "lang": "akk-x-mbperi",
                    "form": "a-na"
                  }
                },
                {
                  "node": "l",
                  "frag": "GIR₃.MEŠ",
                  "id": "P270936.l11c65",
                  "ref": "P270936.5.2",
                  "inst": "%akk-x-mbperi:GIR₃.MEŠ=",
                  "f": {
                    "lang": "akk-x-mbperi",
                    "form": "GIR₃.MEŠ"
                  }
                },
                {
                  "node": "l",
                  "frag": "LUGAL",
                  "id": "P270936.l11c66",
                  "ref": "P270936.5.3",
                  "inst": "%akk-x-mbperi:LUGAL=",
                  "f": {
                    "lang": "akk-x-mbperi",
                    "form": "LUGAL"
                  }
                },
                {
                  "node": "l",
                  "frag": "EN-ia",
                  "id": "P270936.l11c67",
                  "ref": "P270936.5.4",
                  "inst": "%akk-x-mbperi:EN-ia=",
                  "f": {
                    "lang": "akk-x-mbperi",
                    "form": "EN-ia"
                  }
                },
                {
                  "node": "d",
                  "type": "line-start",
                  "ref": "P270936.6",
                  "n": "006",
                  "label": "006"
                },
                {
                  "node": "l",
                  "frag": "DINGIR.MEŠ-ia",
                  "id": "P270936.l11c68",
                  "ref": "P270936.6.1",
                  "inst": "%akk-x-mbperi:DINGIR.MEŠ-ia=",
                  "f": {
                    "lang": "akk-x-mbperi",
                    "form": "DINGIR.MEŠ-ia"
                  }
                },
                {
                  "node": "l",
                  "frag": "DINGIR.UTU-ia",
                  "id": "P270936.l11c69",
                  "ref": "P270936.6.2",
                  "inst": "%akk-x-mbperi:DINGIR.UTU-ia=",
                  "f": {
                    "lang": "akk-x-mbperi",
                    "form": "DINGIR.UTU-ia"
                  }
                },
                {
                  "node": "l",
                  "frag": "7-šu",
                  "id": "P270936.l11c6a",
                  "ref": "P270936.6.3",
                  "inst": "%akk-x-mbperi:7-šu=",
                  "f": {
                    "lang": "akk-x-mbperi",
                    "form": "7-šu"
                  }
                },
                {
                  "node": "d",
                  "type": "line-start",
                  "ref": "P270936.7",
                  "n": "007",
                  "label": "007"
                },
                {
                  "node": "l",
                  "frag": "7-ta-a-an",
                  "id": "P270936.l11c6b",
                  "ref": "P270936.7.1",
                  "inst": "%akk-x-mbperi:7-ta-a-an=",
                  "f": {
                    "lang": "akk-x-mbperi",
                    "form": "7-ta-a-an"
                  }
                },
                {
                  "node": "l",
                  "frag": "am-qu₂-ut",
                  "id": "P270936.l11c6c",
                  "ref": "P270936.7.2",
                  "inst": "%akk-x-mbperi:am-qu₂-ut=",
                  "f": {
                    "lang": "akk-x-mbperi",
                    "form": "am-qu₂-ut"
                  }
                },
                {
                  "node": "d",
                  "type": "line-start",
                  "ref": "P270936.8",
                  "n": "008",
                  "label": "008"
                },
                {
                  "node": "l",
                  "frag": "mi-im-ma",
                  "id": "P270936.l11c6d",
                  "ref": "P270936.8.1",
                  "inst": "%akk-x-mbperi:mi-im-ma=",
                  "f": {
                    "lang": "akk-x-mbperi",
                    "form": "mi-im-ma"
                  }
                },
                {
                  "node": "l",
                  "frag": "ša",
                  "id": "P270936.l11c6e",
                  "ref": "P270936.8.2",
                  "inst": "%akk-x-mbperi:ša=",
                  "f": {
                    "lang": "akk-x-mbperi",
                    "form": "ša"
                  }
                },
                {
                  "node": "l",
                  "frag": "qa-ba",
                  "id": "P270936.l11c6f",
                  "ref": "P270936.8.3",
                  "inst": "%akk-x-mbperi:qa-ba=",
                  "f": {
                    "lang": "akk-x-mbperi",
                    "form": "qa-ba"
                  }
                },
                {
                  "node": "d",
                  "type": "line-start",
                  "ref": "P270936.9",
                  "n": "009",
                  "label": "009"
                },
                {
                  "node": "l",
                  "frag": "LUGAL",
                  "id": "P270936.l11c70",
                  "ref": "P270936.9.1",
                  "inst": "%akk-x-mbperi:LUGAL=",
                  "f": {
                    "lang": "akk-x-mbperi",
                    "form": "LUGAL"
                  }
                },
                {
                  "node": "l",
                  "frag": "EN-ia",
                  "id": "P270936.l11c71",
                  "ref": "P270936.9.2",
                  "inst": "%akk-x-mbperi:EN-ia=",
                  "f": {
                    "lang": "akk-x-mbperi",
                    "form": "EN-ia"
                  }
                },
                {
                  "node": "l",
                  "frag": "a-na",
                  "id": "P270936.l11c72",
                  "ref": "P270936.9.3",
                  "inst": "%akk-x-mbperi:a-na=",
                  "f": {
                    "lang": "akk-x-mbperi",
                    "form": "a-na"
                  }
                },
                {
                  "node": "l",
                  "frag": "ia-ši",
                  "id": "P270936.l11c73",
                  "ref": "P270936.9.4",
                  "inst": "%akk-x-mbperi:ia-ši=",
                  "f": {
                    "lang": "akk-x-mbperi",
                    "form": "ia-ši"
                  }
                },
                {
                  "node": "d",
                  "type": "line-start",
                  "ref": "P270936.10",
                  "n": "010",
                  "label": "010"
                },
                {
                  "node": "l",
                  "frag": "iš-te-me₂-šu",
                  "id": "P270936.l11c74",
                  "ref": "P270936.10.1",
                  "inst": "%akk-x-mbperi:iš-te-me₂-šu=",
                  "f": {
                    "lang": "akk-x-mbperi",
                    "form": "iš-te-me₂-šu"
                  }
                },
                {
                  "node": "l",
                  "frag": "ma-gal",
                  "id": "P270936.l11c75",
                  "ref": "P270936.10.2",
                  "inst": "%akk-x-mbperi:ma-gal=",
                  "f": {
                    "lang": "akk-x-mbperi",
                    "form": "ma-gal"
                  }
                },
                {
                  "node": "d",
                  "type": "line-start",
                  "ref": "P270936.11",
                  "n": "011",
                  "label": "011"
                },
                {
                  "node": "l",
                  "frag": "SIG₅-iš",
                  "id": "P270936.l11c76",
                  "ref": "P270936.11.1",
                  "inst": "%akk-x-mbperi:SIG₅-iš=",
                  "f": {
                    "lang": "akk-x-mbperi",
                    "form": "SIG₅-iš"
                  }
                },
                {
                  "node": "l",
                  "frag": "ša-ni-ta₅",
                  "id": "P270936.l11c77",
                  "ref": "P270936.11.2",
                  "inst": "%akk-x-mbperi:ša-ni-ta₅=",
                  "f": {
                    "lang": "akk-x-mbperi",
                    "form": "ša-ni-ta₅"
                  }
                },
                {
                  "node": "l",
                  "frag": "u₃",
                  "id": "P270936.l11c78",
                  "ref": "P270936.11.3",
                  "inst": "%akk-x-mbperi:u₃=",
                  "f": {
                    "lang": "akk-x-mbperi",
                    "form": "u₃"
                  }
                },
                {
                  "node": "d",
                  "type": "line-start",
                  "ref": "P270936.12",
                  "n": "012",
                  "label": "012"
                },
                {
                  "node": "l",
                  "frag": "in₄-ne₂-ep-ša-ti₇",
                  "id": "P270936.l11c79",
                  "ref": "P270936.12.1",
                  "inst": "%akk-x-mbperi:in₄-ne₂-ep-ša-ti₇=",
                  "f": {
                    "lang": "akk-x-mbperi",
                    "form": "in₄-ne₂-ep-ša-ti₇"
                  }
                },
                {
                  "node": "d",
                  "type": "line-start",
                  "ref": "P270936.13",
                  "n": "013",
                  "label": "013"
                },
                {
                  "node": "l",
                  "frag": "ki-ma",
                  "id": "P270936.l11c7a",
                  "ref": "P270936.13.1",
                  "inst": "%akk-x-mbperi:ki-ma=",
                  "f": {
                    "lang": "akk-x-mbperi",
                    "form": "ki-ma"
                  }
                },
                {
                  "node": "l",
                  "frag": "ri-qi₂",
                  "id": "P270936.l11c7b",
                  "ref": "P270936.13.2",
                  "inst": "%akk-x-mbperi:ri-qi₂=",
                  "f": {
                    "lang": "akk-x-mbperi",
                    "form": "ri-qi₂"
                  }
                },
                {
                  "node": "l",
                  "frag": "URUDU",
                  "id": "P270936.l11c7c",
                  "ref": "P270936.13.3",
                  "inst": "%akk-x-mbperi:URUDU=",
                  "f": {
                    "lang": "akk-x-mbperi",
                    "form": "URUDU"
                  }
                },
                {
                  "node": "d",
                  "frag": ":\"",
                  "type": "punct",
                  "ref": "P270936.13.4",
                  "lang": "akk-x-mbperi",
                  "gdl_delim": " "
                },
                {
                  "node": "l",
                  "frag": "si₂-ri",
                  "id": "P270936.l11c7d",
                  "ref": "P270936.13.5",
                  "inst": "%akk-x-mbperi:si₂-ri=",
                  "f": {
                    "lang": "akk-x-mbperi",
                    "form": "si₂-ri"
                  }
                },
                {
                  "node": "d",
                  "type": "line-start",
                  "ref": "P270936.14",
                  "n": "014",
                  "label": "014"
                },
                {
                  "node": "l",
                  "frag": "hu-bu-ul-li",
                  "id": "P270936.l11c7e",
                  "ref": "P270936.14.1",
                  "inst": "%akk-x-mbperi:hu-bu-ul-li=",
                  "f": {
                    "lang": "akk-x-mbperi",
                    "form": "hu-bu-ul-li"
                  }
                },
                {
                  "node": "d",
                  "type": "line-start",
                  "ref": "P270936.15",
                  "n": "015",
                  "label": "015"
                },
                {
                  "node": "l",
                  "frag": "⸢iš⸣-tu",
                  "id": "P270936.l11c7f",
                  "ref": "P270936.15.1",
                  "inst": "%akk-x-mbperi:iš-tu=",
                  "f": {
                    "lang": "akk-x-mbperi",
                    "form": "iš-tu"
                  }
                },
                {
                  "node": "l",
                  "frag": "qa-at",
                  "id": "P270936.l11c80",
                  "ref": "P270936.15.2",
                  "inst": "%akk-x-mbperi:qa-at=",
                  "f": {
                    "lang": "akk-x-mbperi",
                    "form": "qa-at"
                  }
                },
                {
                  "node": "d",
                  "type": "line-start",
                  "ref": "P270936.16",
                  "n": "016",
                  "label": "016"
                },
                {
                  "node": "l",
                  "frag": "LU₂.MEŠ",
                  "id": "P270936.l11c81",
                  "ref": "P270936.16.1",
                  "inst": "%akk-x-mbperi:LU₂.MEŠ=",
                  "f": {
                    "lang": "akk-x-mbperi",
                    "form": "LU₂.MEŠ"
                  }
                },
                {
                  "node": "l",
                  "frag": "KUR",
                  "id": "P270936.l11c82",
                  "ref": "P270936.16.2",
                  "inst": "%akk-x-mbperi:KUR=",
                  "f": {
                    "lang": "akk-x-mbperi",
                    "form": "KUR"
                  }
                },
                {
                  "node": "l",
                  "frag": "⸢su⸣-ti₇.MEŠ",
                  "id": "P270936.l11c83",
                  "ref": "P270936.16.3",
                  "inst": "%akk-x-mbperi:su-ti₇.MEŠ=",
                  "f": {
                    "lang": "akk-x-mbperi",
                    "form": "su-ti₇.MEŠ"
                  }
                },
                {
                  "node": "d",
                  "type": "line-start",
                  "ref": "P270936.17",
                  "n": "017",
                  "label": "017"
                },
                {
                  "node": "l",
                  "frag": "u₃",
                  "id": "P270936.l11c84",
                  "ref": "P270936.17.1",
                  "inst": "%akk-x-mbperi:u₃=",
                  "f": {
                    "lang": "akk-x-mbperi",
                    "form": "u₃"
                  }
                },
                {
                  "node": "l",
                  "frag": "a-nu-ma",
                  "id": "P270936.l11c85",
                  "ref": "P270936.17.2",
                  "inst": "%akk-x-mbperi:a-nu-ma=",
                  "f": {
                    "lang": "akk-x-mbperi",
                    "form": "a-nu-ma"
                  }
                },
                {
                  "node": "l",
                  "frag": "iš-te-⸢me₂⸣",
                  "id": "P270936.l11c86",
                  "ref": "P270936.17.3",
                  "inst": "%akk-x-mbperi:iš-te-me₂=",
                  "f": {
                    "lang": "akk-x-mbperi",
                    "form": "iš-te-me₂"
                  }
                },
                {
                  "node": "d",
                  "type": "line-start",
                  "ref": "P270936.18",
                  "n": "018",
                  "label": "018"
                },
                {
                  "node": "l",
                  "frag": "ša₁₀-ri",
                  "id": "P270936.l11c87",
                  "ref": "P270936.18.1",
                  "inst": "%akk-x-mbperi:ša₁₀-ri=",
                  "f": {
                    "lang": "akk-x-mbperi",
                    "form": "ša₁₀-ri"
                  }
                },
                {
                  "node": "l",
                  "frag": "ša",
                  "id": "P270936.l11c88",
                  "ref": "P270936.18.2",
                  "inst": "%akk-x-mbperi:ša=",
                  "f": {
                    "lang": "akk-x-mbperi",
                    "form": "ša"
                  }
                },
                {
                  "node": "l",
                  "frag": "LUGAL",
                  "id": "P270936.l11c89",
                  "ref": "P270936.18.3",
                  "inst": "%akk-x-mbperi:LUGAL=",
                  "f": {
                    "lang": "akk-x-mbperi",
                    "form": "LUGAL"
                  }
                },
                {
                  "node": "l",
                  "frag": "DUG₃.GA-ta",
                  "id": "P270936.l11c8a",
                  "ref": "P270936.18.4",
                  "inst": "%akk-x-mbperi:DUG₃.GA-ta=",
                  "f": {
                    "lang": "akk-x-mbperi",
                    "form": "DUG₃.GA-ta"
                  }
                },
                {
                  "node": "d",
                  "type": "line-start",
                  "ref": "P270936.19",
                  "n": "019",
                  "label": "019"
                },
                {
                  "node": "l",
                  "frag": "u₃",
                  "id": "P270936.l11c8b",
                  "ref": "P270936.19.1",
                  "inst": "%akk-x-mbperi:u₃=",
                  "f": {
                    "lang": "akk-x-mbperi",
                    "form": "u₃"
                  }
                },
                {
                  "node": "l",
                  "frag": "it-ta-ṣa-at",
                  "id": "P270936.l11c8c",
                  "ref": "P270936.19.2",
                  "inst": "%akk-x-mbperi:it-ta-ṣa-at=",
                  "f": {
                    "lang": "akk-x-mbperi",
                    "form": "it-ta-ṣa-at"
                  }
                },
                {
                  "node": "d",
                  "type": "line-start",
                  "ref": "P270936.20",
                  "n": "020",
                  "label": "020"
                },
                {
                  "node": "l",
                  "frag": "a-na",
                  "id": "P270936.l11c8d",
                  "ref": "P270936.20.1",
                  "inst": "%akk-x-mbperi:a-na=",
                  "f": {
                    "lang": "akk-x-mbperi",
                    "form": "a-na"
                  }
                },
                {
                  "node": "l",
                  "frag": "ia-ši",
                  "id": "P270936.l11c8e",
                  "ref": "P270936.20.2",
                  "inst": "%akk-x-mbperi:ia-ši=",
                  "f": {
                    "lang": "akk-x-mbperi",
                    "form": "ia-ši"
                  }
                },
                {
                  "node": "l",
                  "frag": "u₃",
                  "id": "P270936.l11c8f",
                  "ref": "P270936.20.3",
                  "inst": "%akk-x-mbperi:u₃=",
                  "f": {
                    "lang": "akk-x-mbperi",
                    "form": "u₃"
                  }
                },
                {
                  "node": "l",
                  "frag": "pa-ši-ih",
                  "id": "P270936.l11c90",
                  "ref": "P270936.20.4",
                  "inst": "%akk-x-mbperi:pa-ši-ih=",
                  "f": {
                    "lang": "akk-x-mbperi",
                    "form": "pa-ši-ih"
                  }
                },
                {
                  "node": "d",
                  "type": "line-start",
                  "ref": "P270936.21",
                  "n": "021",
                  "label": "021"
                },
                {
                  "node": "l",
                  "frag": "lib₃-bi-ia",
                  "id": "P270936.l11c91",
                  "ref": "P270936.21.1",
                  "inst": "%akk-x-mbperi:lib₃-bi-ia=",
                  "f": {
                    "lang": "akk-x-mbperi",
                    "form": "lib₃-bi-ia"
                  }
                },
                {
                  "node": "l",
                  "frag": "ma-gal",
                  "id": "P270936.l11c92",
                  "ref": "P270936.21.2",
                  "inst": "%akk-x-mbperi:ma-gal=",
                  "f": {
                    "lang": "akk-x-mbperi",
                    "form": "ma-gal"
                  }
                },
                {
                  "node": "d",
                  "type": "nonx",
                  "ref": "P270936.22",
                  "strict": "1",
                  "extent": "1",
                  "scope": "line",
                  "state": "ruling"
                }
              ]
            }
          ]
        }
      ]
    }
  ]
}
