{
  "type": "cdl",
  "source": "http://oracc.org/contrib/amarna",
  "license": "This data is released under the CC0 license",
  "license-url": "https://creativecommons.org/publicdomain/zero/1.0/",
  "more-info": "http://oracc.org/doc/opendata/",
  "UTC-timestamp": "2017-06-09T23:28:01",
  "project": "contrib/amarna",
  "textid": "P270882",
  "cdl": [
    {
      "node": "c",
      "type": "text",
      "id": "P270882.U0",
      "cdl": [
        {
          "node": "d",
          "type": "surface",
          "ref": ""
        },
        {
          "node": "c",
          "type": "discourse",
          "subtype": "body",
          "id": "P270882.U1",
          "cdl": [
            {
              "node": "c",
              "type": "sentence",
              "id": "P270882.U2",
              "label": "001 - 008",
              "cdl": [
                {
                  "node": "d",
                  "type": "line-start",
                  "ref": "P270882.1",
                  "n": "001",
                  "label": "001"
                },
                {
                  "node": "l",
                  "frag": "[a-na",
                  "id": "P270882.l0f64f",
                  "ref": "P270882.1.1",
                  "inst": "%akk-x-mbperi:a-na=",
                  "f": {
                    "lang": "akk-x-mbperi",
                    "form": "a-na"
                  }
                },
                {
                  "node": "l",
                  "frag": "LUGAL",
                  "id": "P270882.l0f650",
                  "ref": "P270882.1.2",
                  "inst": "%akk-x-mbperi:LUGAL=",
                  "f": {
                    "lang": "akk-x-mbperi",
                    "form": "LUGAL"
                  }
                },
                {
                  "node": "l",
                  "frag": "EN]-ia",
                  "id": "P270882.l0f651",
                  "ref": "P270882.1.3",
                  "inst": "%akk-x-mbperi:EN-ia=",
                  "f": {
                    "lang": "akk-x-mbperi",
                    "form": "EN-ia"
                  }
                },
                {
                  "node": "d",
                  "type": "line-start",
                  "ref": "P270882.2",
                  "n": "002",
                  "label": "002"
                },
                {
                  "node": "l",
                  "frag": "[DINGIR-ia",
                  "id": "P270882.l0f652",
                  "ref": "P270882.2.1",
                  "inst": "%akk-x-mbperi:DINGIR-ia=",
                  "f": {
                    "lang": "akk-x-mbperi",
                    "form": "DINGIR-ia"
                  }
                },
                {
                  "node": "l",
                  "frag": "{d}UTU]-⸢ia⸣",
                  "id": "P270882.l0f653",
                  "ref": "P270882.2.2",
                  "inst": "%akk-x-mbperi:{d}UTU-ia=",
                  "f": {
                    "lang": "akk-x-mbperi",
                    "form": "{d}UTU-ia"
                  }
                },
                {
                  "node": "d",
                  "type": "line-start",
                  "ref": "P270882.3",
                  "n": "003",
                  "label": "003"
                },
                {
                  "node": "l",
                  "frag": "[x",
                  "id": "P270882.l0f654",
                  "ref": "P270882.3.1",
                  "inst": "%akk-x-mbperi:x=",
                  "f": {
                    "lang": "akk-x-mbperi",
                    "form": "x"
                  }
                },
                {
                  "node": "l",
                  "frag": "x]",
                  "id": "P270882.l0f655",
                  "ref": "P270882.3.2",
                  "inst": "%akk-x-mbperi:x=",
                  "f": {
                    "lang": "akk-x-mbperi",
                    "form": "x"
                  }
                },
                {
                  "node": "l",
                  "frag": "⸢um⸣-ma",
                  "id": "P270882.l0f656",
                  "ref": "P270882.3.3",
                  "inst": "%akk-x-mbperi:um-ma=",
                  "f": {
                    "lang": "akk-x-mbperi",
                    "form": "um-ma"
                  }
                },
                {
                  "node": "d",
                  "type": "line-start",
                  "ref": "P270882.4",
                  "n": "004",
                  "label": "004"
                },
                {
                  "node": "l",
                  "frag": "[šu]-⸢tar⸣-na",
                  "id": "P270882.l0f657",
                  "ref": "P270882.4.1",
                  "inst": "%akk-x-mbperi:šu-tar-na=",
                  "f": {
                    "lang": "akk-x-mbperi",
                    "form": "šu-tar-na"
                  }
                },
                {
                  "node": "l",
                  "frag": "LU₂",
                  "id": "P270882.l0f658",
                  "ref": "P270882.4.2",
                  "inst": "%akk-x-mbperi:LU₂=",
                  "f": {
                    "lang": "akk-x-mbperi",
                    "form": "LU₂"
                  }
                },
                {
                  "node": "l",
                  "frag": "URU",
                  "id": "P270882.l0f659",
                  "ref": "P270882.4.3",
                  "inst": "%akk-x-mbperi:URU=",
                  "f": {
                    "lang": "akk-x-mbperi",
                    "form": "URU"
                  }
                },
                {
                  "node": "l",
                  "frag": "mu-ši-hu-ni",
                  "id": "P270882.l0f65a",
                  "ref": "P270882.4.4",
                  "inst": "%akk-x-mbperi:mu-ši-hu-ni=",
                  "f": {
                    "lang": "akk-x-mbperi",
                    "form": "mu-ši-hu-ni"
                  }
                },
                {
                  "node": "d",
                  "type": "line-start",
                  "ref": "P270882.5",
                  "n": "005",
                  "label": "005"
                },
                {
                  "node": "l",
                  "frag": "[x",
                  "id": "P270882.l0f65b",
                  "ref": "P270882.5.1",
                  "inst": "%akk-x-mbperi:x=",
                  "f": {
                    "lang": "akk-x-mbperi",
                    "form": "x"
                  }
                },
                {
                  "node": "l",
                  "frag": "x]",
                  "id": "P270882.l0f65c",
                  "ref": "P270882.5.2",
                  "inst": "%akk-x-mbperi:x=",
                  "f": {
                    "lang": "akk-x-mbperi",
                    "form": "x"
                  }
                },
                {
                  "node": "l",
                  "frag": "⸢LUGAL⸣",
                  "id": "P270882.l0f65d",
                  "ref": "P270882.5.3",
                  "inst": "%akk-x-mbperi:LUGAL=",
                  "f": {
                    "lang": "akk-x-mbperi",
                    "form": "LUGAL"
                  }
                },
                {
                  "node": "l",
                  "frag": "EN-ia",
                  "id": "P270882.l0f65e",
                  "ref": "P270882.5.4",
                  "inst": "%akk-x-mbperi:EN-ia=",
                  "f": {
                    "lang": "akk-x-mbperi",
                    "form": "EN-ia"
                  }
                },
                {
                  "node": "l",
                  "frag": "am-qu₂-ut",
                  "id": "P270882.l0f65f",
                  "ref": "P270882.5.5",
                  "inst": "%akk-x-mbperi:am-qu₂-ut=",
                  "f": {
                    "lang": "akk-x-mbperi",
                    "form": "am-qu₂-ut"
                  }
                },
                {
                  "node": "d",
                  "type": "line-start",
                  "ref": "P270882.6",
                  "n": "006",
                  "label": "006"
                },
                {
                  "node": "l",
                  "frag": "[x",
                  "id": "P270882.l0f660",
                  "ref": "P270882.6.1",
                  "inst": "%akk-x-mbperi:x=",
                  "f": {
                    "lang": "akk-x-mbperi",
                    "form": "x"
                  }
                },
                {
                  "node": "l",
                  "frag": "x]",
                  "id": "P270882.l0f661",
                  "ref": "P270882.6.2",
                  "inst": "%akk-x-mbperi:x=",
                  "f": {
                    "lang": "akk-x-mbperi",
                    "form": "x"
                  }
                },
                {
                  "node": "l",
                  "frag": "⸢ia⸣",
                  "id": "P270882.l0f662",
                  "ref": "P270882.6.3",
                  "inst": "%akk-x-mbperi:ia=",
                  "f": {
                    "lang": "akk-x-mbperi",
                    "form": "ia"
                  }
                },
                {
                  "node": "d",
                  "type": "line-start",
                  "ref": "P270882.7",
                  "n": "007",
                  "label": "007"
                },
                {
                  "node": "l",
                  "frag": "7",
                  "id": "P270882.l0f663",
                  "ref": "P270882.7.1",
                  "inst": "%akk-x-mbperi:7=",
                  "f": {
                    "lang": "akk-x-mbperi",
                    "form": "7"
                  }
                },
                {
                  "node": "l",
                  "frag": "u₃",
                  "id": "P270882.l0f664",
                  "ref": "P270882.7.2",
                  "inst": "%akk-x-mbperi:u₃=",
                  "f": {
                    "lang": "akk-x-mbperi",
                    "form": "u₃"
                  }
                },
                {
                  "node": "l",
                  "frag": "7",
                  "id": "P270882.l0f665",
                  "ref": "P270882.7.3",
                  "inst": "%akk-x-mbperi:7=",
                  "f": {
                    "lang": "akk-x-mbperi",
                    "form": "7"
                  }
                },
                {
                  "node": "l",
                  "frag": "a-na",
                  "id": "P270882.l0f666",
                  "ref": "P270882.7.4",
                  "inst": "%akk-x-mbperi:a-na=",
                  "f": {
                    "lang": "akk-x-mbperi",
                    "form": "a-na"
                  }
                },
                {
                  "node": "l",
                  "frag": "GIR₃-pi₂",
                  "id": "P270882.l0f667",
                  "ref": "P270882.7.5",
                  "inst": "%akk-x-mbperi:GIR₃-pi₂=",
                  "f": {
                    "lang": "akk-x-mbperi",
                    "form": "GIR₃-pi₂"
                  }
                },
                {
                  "node": "l",
                  "frag": "LUGAL",
                  "id": "P270882.l0f668",
                  "ref": "P270882.7.6",
                  "inst": "%akk-x-mbperi:LUGAL=",
                  "f": {
                    "lang": "akk-x-mbperi",
                    "form": "LUGAL"
                  }
                },
                {
                  "node": "l",
                  "frag": "EN-ia",
                  "id": "P270882.l0f669",
                  "ref": "P270882.7.7",
                  "inst": "%akk-x-mbperi:EN-ia=",
                  "f": {
                    "lang": "akk-x-mbperi",
                    "form": "EN-ia"
                  }
                },
                {
                  "node": "l",
                  "frag": "am-qu₂-ut",
                  "id": "P270882.l0f66a",
                  "ref": "P270882.7.8",
                  "inst": "%akk-x-mbperi:am-qu₂-ut=",
                  "f": {
                    "lang": "akk-x-mbperi",
                    "form": "am-qu₂-ut"
                  }
                },
                {
                  "node": "d",
                  "type": "line-start",
                  "ref": "P270882.8",
                  "n": "008",
                  "label": "008"
                },
                {
                  "node": "l",
                  "frag": "x",
                  "id": "P270882.l0f66b",
                  "ref": "P270882.8.1",
                  "inst": "%akk-x-mbperi:x=",
                  "f": {
                    "lang": "akk-x-mbperi",
                    "form": "x"
                  }
                },
                {
                  "node": "l",
                  "frag": "x",
                  "id": "P270882.l0f66c",
                  "ref": "P270882.8.2",
                  "inst": "%akk-x-mbperi:x=",
                  "f": {
                    "lang": "akk-x-mbperi",
                    "form": "x"
                  }
                },
                {
                  "node": "l",
                  "frag": "x",
                  "id": "P270882.l0f66d",
                  "ref": "P270882.8.3",
                  "inst": "%akk-x-mbperi:x=",
                  "f": {
                    "lang": "akk-x-mbperi",
                    "form": "x"
                  }
                },
                {
                  "node": "l",
                  "frag": "GIR₃-pi₂",
                  "id": "P270882.l0f66e",
                  "ref": "P270882.8.4",
                  "inst": "%akk-x-mbperi:GIR₃-pi₂=",
                  "f": {
                    "lang": "akk-x-mbperi",
                    "form": "GIR₃-pi₂"
                  }
                },
                {
                  "node": "l",
                  "frag": "⸢LUGAL",
                  "id": "P270882.l0f66f",
                  "ref": "P270882.8.5",
                  "inst": "%akk-x-mbperi:LUGAL=",
                  "f": {
                    "lang": "akk-x-mbperi",
                    "form": "LUGAL"
                  }
                },
                {
                  "node": "l",
                  "frag": "EN⸣-ia",
                  "id": "P270882.l0f670",
                  "ref": "P270882.8.6",
                  "inst": "%akk-x-mbperi:EN-ia=",
                  "f": {
                    "lang": "akk-x-mbperi",
                    "form": "EN-ia"
                  }
                }
              ]
            }
          ]
        }
      ]
    }
  ]
}
