{
  "type": "cdl",
  "source": "http://oracc.org/contrib/amarna",
  "license": "This data is released under the CC0 license",
  "license-url": "https://creativecommons.org/publicdomain/zero/1.0/",
  "more-info": "http://oracc.org/doc/opendata/",
  "UTC-timestamp": "2017-06-09T23:28:03",
  "project": "contrib/amarna",
  "textid": "P270909",
  "cdl": [
    {
      "node": "c",
      "type": "text",
      "id": "P270909.U0",
      "cdl": [
        {
          "node": "d",
          "type": "surface",
          "ref": ""
        },
        {
          "node": "c",
          "type": "discourse",
          "subtype": "body",
          "id": "P270909.U1",
          "cdl": [
            {
              "node": "c",
              "type": "sentence",
              "id": "P270909.U2",
              "label": "001 - 038",
              "cdl": [
                {
                  "node": "d",
                  "type": "line-start",
                  "ref": "P270909.1",
                  "n": "001",
                  "label": "001"
                },
                {
                  "node": "l",
                  "frag": "[a-na",
                  "id": "P270909.l0bb6c",
                  "ref": "P270909.1.1",
                  "inst": "%akk-x-mbperi:a-na=",
                  "f": {
                    "lang": "akk-x-mbperi",
                    "form": "a-na"
                  }
                },
                {
                  "node": "l",
                  "frag": "{m}ia-an-ha]-⸢mi⸣",
                  "id": "P270909.l0bb6d",
                  "ref": "P270909.1.2",
                  "inst": "%akk-x-mbperi:{m}ia-an-ha-mi=",
                  "f": {
                    "lang": "akk-x-mbperi",
                    "form": "{m}ia-an-ha-mi"
                  }
                },
                {
                  "node": "l",
                  "frag": "[x",
                  "id": "P270909.l0bb6e",
                  "ref": "P270909.1.3",
                  "inst": "%akk-x-mbperi:x=",
                  "f": {
                    "lang": "akk-x-mbperi",
                    "form": "x"
                  }
                },
                {
                  "node": "l",
                  "frag": "x",
                  "id": "P270909.l0bb6f",
                  "ref": "P270909.1.4",
                  "inst": "%akk-x-mbperi:x=",
                  "f": {
                    "lang": "akk-x-mbperi",
                    "form": "x"
                  }
                },
                {
                  "node": "l",
                  "frag": "x]",
                  "id": "P270909.l0bb70",
                  "ref": "P270909.1.5",
                  "inst": "%akk-x-mbperi:x=",
                  "f": {
                    "lang": "akk-x-mbperi",
                    "form": "x"
                  }
                },
                {
                  "node": "d",
                  "type": "line-start",
                  "ref": "P270909.2",
                  "n": "002",
                  "label": "002"
                },
                {
                  "node": "l",
                  "frag": "[qi₂]-bi₂-ma",
                  "id": "P270909.l0bb71",
                  "ref": "P270909.2.1",
                  "inst": "%akk-x-mbperi:qi₂-bi₂-ma=",
                  "f": {
                    "lang": "akk-x-mbperi",
                    "form": "qi₂-bi₂-ma"
                  }
                },
                {
                  "node": "d",
                  "type": "line-start",
                  "ref": "P270909.3",
                  "n": "003",
                  "label": "003"
                },
                {
                  "node": "l",
                  "frag": "um-ma",
                  "id": "P270909.l0bb72",
                  "ref": "P270909.3.1",
                  "inst": "%akk-x-mbperi:um-ma=",
                  "f": {
                    "lang": "akk-x-mbperi",
                    "form": "um-ma"
                  }
                },
                {
                  "node": "l",
                  "frag": "{m}ri-ib-d.IŠKUR",
                  "id": "P270909.l0bb73",
                  "ref": "P270909.3.2",
                  "inst": "%akk-x-mbperi:{m}ri-ib-d.IŠKUR=",
                  "f": {
                    "lang": "akk-x-mbperi",
                    "form": "{m}ri-ib-d.IŠKUR"
                  }
                },
                {
                  "node": "d",
                  "type": "line-start",
                  "ref": "P270909.4",
                  "n": "004",
                  "label": "004"
                },
                {
                  "node": "l",
                  "frag": "a-na",
                  "id": "P270909.l0bb74",
                  "ref": "P270909.4.1",
                  "inst": "%akk-x-mbperi:a-na=",
                  "f": {
                    "lang": "akk-x-mbperi",
                    "form": "a-na"
                  }
                },
                {
                  "node": "l",
                  "frag": "GIR₃.MEŠ-ka",
                  "id": "P270909.l0bb75",
                  "ref": "P270909.4.2",
                  "inst": "%akk-x-mbperi:GIR₃.MEŠ-ka=",
                  "f": {
                    "lang": "akk-x-mbperi",
                    "form": "GIR₃.MEŠ-ka"
                  }
                },
                {
                  "node": "l",
                  "frag": "am-qu₂-ut",
                  "id": "P270909.l0bb76",
                  "ref": "P270909.4.3",
                  "inst": "%akk-x-mbperi:am-qu₂-ut=",
                  "f": {
                    "lang": "akk-x-mbperi",
                    "form": "am-qu₂-ut"
                  }
                },
                {
                  "node": "d",
                  "type": "line-start",
                  "ref": "P270909.5",
                  "n": "005",
                  "label": "005"
                },
                {
                  "node": "l",
                  "frag": "{d}NIN",
                  "id": "P270909.l0bb77",
                  "ref": "P270909.5.1",
                  "inst": "%akk-x-mbperi:{d}NIN=",
                  "f": {
                    "lang": "akk-x-mbperi",
                    "form": "{d}NIN"
                  }
                },
                {
                  "node": "l",
                  "frag": "ša",
                  "id": "P270909.l0bb78",
                  "ref": "P270909.5.2",
                  "inst": "%akk-x-mbperi:ša=",
                  "f": {
                    "lang": "akk-x-mbperi",
                    "form": "ša"
                  }
                },
                {
                  "node": "l",
                  "frag": "URU",
                  "id": "P270909.l0bb79",
                  "ref": "P270909.5.3",
                  "inst": "%akk-x-mbperi:URU=",
                  "f": {
                    "lang": "akk-x-mbperi",
                    "form": "URU"
                  }
                },
                {
                  "node": "l",
                  "frag": "gub-la",
                  "id": "P270909.l0bb7a",
                  "ref": "P270909.5.4",
                  "inst": "%akk-x-mbperi:gub-la=",
                  "f": {
                    "lang": "akk-x-mbperi",
                    "form": "gub-la"
                  }
                },
                {
                  "node": "d",
                  "type": "line-start",
                  "ref": "P270909.6",
                  "n": "006",
                  "label": "006"
                },
                {
                  "node": "l",
                  "frag": "DINGIR",
                  "id": "P270909.l0bb7b",
                  "ref": "P270909.6.1",
                  "inst": "%akk-x-mbperi:DINGIR=",
                  "f": {
                    "lang": "akk-x-mbperi",
                    "form": "DINGIR"
                  }
                },
                {
                  "node": "l",
                  "frag": "LUGAL",
                  "id": "P270909.l0bb7c",
                  "ref": "P270909.6.2",
                  "inst": "%akk-x-mbperi:LUGAL=",
                  "f": {
                    "lang": "akk-x-mbperi",
                    "form": "LUGAL"
                  }
                },
                {
                  "node": "l",
                  "frag": "EN-ia",
                  "id": "P270909.l0bb7d",
                  "ref": "P270909.6.3",
                  "inst": "%akk-x-mbperi:EN-ia=",
                  "f": {
                    "lang": "akk-x-mbperi",
                    "form": "EN-ia"
                  }
                },
                {
                  "node": "l",
                  "frag": "li-din",
                  "id": "P270909.l0bb7e",
                  "ref": "P270909.6.4",
                  "inst": "%akk-x-mbperi:li-din=",
                  "f": {
                    "lang": "akk-x-mbperi",
                    "form": "li-din"
                  }
                },
                {
                  "node": "d",
                  "type": "line-start",
                  "ref": "P270909.7",
                  "n": "007",
                  "label": "007"
                },
                {
                  "node": "l",
                  "frag": "TEŠ₂.BA-ka",
                  "id": "P270909.l0bb7f",
                  "ref": "P270909.7.1",
                  "inst": "%akk-x-mbperi:TEŠ₂.BA-ka=",
                  "f": {
                    "lang": "akk-x-mbperi",
                    "form": "TEŠ₂.BA-ka"
                  }
                },
                {
                  "node": "l",
                  "frag": "a-na",
                  "id": "P270909.l0bb80",
                  "ref": "P270909.7.2",
                  "inst": "%akk-x-mbperi:a-na=",
                  "f": {
                    "lang": "akk-x-mbperi",
                    "form": "a-na"
                  }
                },
                {
                  "node": "l",
                  "frag": "pa-ni",
                  "id": "P270909.l0bb81",
                  "ref": "P270909.7.3",
                  "inst": "%akk-x-mbperi:pa-ni=",
                  "f": {
                    "lang": "akk-x-mbperi",
                    "form": "pa-ni"
                  }
                },
                {
                  "node": "l",
                  "frag": "LUGAL",
                  "id": "P270909.l0bb82",
                  "ref": "P270909.7.4",
                  "inst": "%akk-x-mbperi:LUGAL=",
                  "f": {
                    "lang": "akk-x-mbperi",
                    "form": "LUGAL"
                  }
                },
                {
                  "node": "l",
                  "frag": "be-li-ku",
                  "id": "P270909.l0bb83",
                  "ref": "P270909.7.5",
                  "inst": "%akk-x-mbperi:be-li-ku=",
                  "f": {
                    "lang": "akk-x-mbperi",
                    "form": "be-li-ku"
                  }
                },
                {
                  "node": "d",
                  "type": "line-start",
                  "ref": "P270909.8",
                  "n": "008",
                  "label": "008"
                },
                {
                  "node": "l",
                  "frag": "{d}UTU",
                  "id": "P270909.l0bb84",
                  "ref": "P270909.8.1",
                  "inst": "%akk-x-mbperi:{d}UTU=",
                  "f": {
                    "lang": "akk-x-mbperi",
                    "form": "{d}UTU"
                  }
                },
                {
                  "node": "l",
                  "frag": "KUR.DIDLI.MEŠ{ki}",
                  "id": "P270909.l0bb85",
                  "ref": "P270909.8.2",
                  "inst": "%akk-x-mbperi:KUR.DIDLI.MEŠ{ki}=",
                  "f": {
                    "lang": "akk-x-mbperi",
                    "form": "KUR.DIDLI.MEŠ{ki}"
                  }
                },
                {
                  "node": "l",
                  "frag": "ša₂-ni-tam",
                  "id": "P270909.l0bb86",
                  "ref": "P270909.8.3",
                  "inst": "%akk-x-mbperi:ša₂-ni-tam=",
                  "f": {
                    "lang": "akk-x-mbperi",
                    "form": "ša₂-ni-tam"
                  }
                },
                {
                  "node": "l",
                  "frag": "ti-di-mi",
                  "id": "P270909.l0bb87",
                  "ref": "P270909.8.4",
                  "inst": "%akk-x-mbperi:ti-di-mi=",
                  "f": {
                    "lang": "akk-x-mbperi",
                    "form": "ti-di-mi"
                  }
                },
                {
                  "node": "d",
                  "type": "line-start",
                  "ref": "P270909.9",
                  "n": "009",
                  "label": "009"
                },
                {
                  "node": "l",
                  "frag": "i-nu-ma",
                  "id": "P270909.l0bb88",
                  "ref": "P270909.9.1",
                  "inst": "%akk-x-mbperi:i-nu-ma=",
                  "f": {
                    "lang": "akk-x-mbperi",
                    "form": "i-nu-ma"
                  }
                },
                {
                  "node": "l",
                  "frag": "lam-da-ta",
                  "id": "P270909.l0bb89",
                  "ref": "P270909.9.2",
                  "inst": "%akk-x-mbperi:lam-da-ta=",
                  "f": {
                    "lang": "akk-x-mbperi",
                    "form": "lam-da-ta"
                  }
                },
                {
                  "node": "l",
                  "frag": "uh-hu-ra-ta",
                  "id": "P270909.l0bb8a",
                  "ref": "P270909.9.3",
                  "inst": "%akk-x-mbperi:uh-hu-ra-ta=",
                  "f": {
                    "lang": "akk-x-mbperi",
                    "form": "uh-hu-ra-ta"
                  }
                },
                {
                  "node": "d",
                  "type": "line-start",
                  "ref": "P270909.10",
                  "n": "010",
                  "label": "010"
                },
                {
                  "node": "l",
                  "frag": "a-ṣa",
                  "id": "P270909.l0bb8b",
                  "ref": "P270909.10.1",
                  "inst": "%akk-x-mbperi:a-ṣa=",
                  "f": {
                    "lang": "akk-x-mbperi",
                    "form": "a-ṣa"
                  }
                },
                {
                  "node": "l",
                  "frag": "a-na",
                  "id": "P270909.l0bb8c",
                  "ref": "P270909.10.2",
                  "inst": "%akk-x-mbperi:a-na=",
                  "f": {
                    "lang": "akk-x-mbperi",
                    "form": "a-na"
                  }
                },
                {
                  "node": "l",
                  "frag": "mi-nim",
                  "id": "P270909.l0bb8d",
                  "ref": "P270909.10.3",
                  "inst": "%akk-x-mbperi:mi-nim=",
                  "f": {
                    "lang": "akk-x-mbperi",
                    "form": "mi-nim"
                  }
                },
                {
                  "node": "l",
                  "frag": "ta-šap-par-ta",
                  "id": "P270909.l0bb8e",
                  "ref": "P270909.10.4",
                  "inst": "%akk-x-mbperi:ta-šap-par-ta=",
                  "f": {
                    "lang": "akk-x-mbperi",
                    "form": "ta-šap-par-ta"
                  }
                },
                {
                  "node": "d",
                  "type": "line-start",
                  "ref": "P270909.11",
                  "n": "011",
                  "label": "011"
                },
                {
                  "node": "l",
                  "frag": "u₃",
                  "id": "P270909.l0bb8f",
                  "ref": "P270909.11.1",
                  "inst": "%akk-x-mbperi:u₃=",
                  "f": {
                    "lang": "akk-x-mbperi",
                    "form": "u₃"
                  }
                },
                {
                  "node": "l",
                  "frag": "an-nu-u₂",
                  "id": "P270909.l0bb90",
                  "ref": "P270909.11.2",
                  "inst": "%akk-x-mbperi:an-nu-u₂=",
                  "f": {
                    "lang": "akk-x-mbperi",
                    "form": "an-nu-u₂"
                  }
                },
                {
                  "node": "l",
                  "frag": "i-na-an-na",
                  "id": "P270909.l0bb91",
                  "ref": "P270909.11.3",
                  "inst": "%akk-x-mbperi:i-na-an-na=",
                  "f": {
                    "lang": "akk-x-mbperi",
                    "form": "i-na-an-na"
                  }
                },
                {
                  "node": "l",
                  "frag": "ti-ir-bu",
                  "id": "P270909.l0bb92",
                  "ref": "P270909.11.4",
                  "inst": "%akk-x-mbperi:ti-ir-bu=",
                  "f": {
                    "lang": "akk-x-mbperi",
                    "form": "ti-ir-bu"
                  }
                },
                {
                  "node": "d",
                  "type": "line-start",
                  "ref": "P270909.12",
                  "n": "012",
                  "label": "012"
                },
                {
                  "node": "l",
                  "frag": "a-na",
                  "id": "P270909.l0bb93",
                  "ref": "P270909.12.1",
                  "inst": "%akk-x-mbperi:a-na=",
                  "f": {
                    "lang": "akk-x-mbperi",
                    "form": "a-na"
                  }
                },
                {
                  "node": "l",
                  "frag": "E₂-ti",
                  "id": "P270909.l0bb94",
                  "ref": "P270909.12.2",
                  "inst": "%akk-x-mbperi:E₂-ti=",
                  "f": {
                    "lang": "akk-x-mbperi",
                    "form": "E₂-ti"
                  }
                },
                {
                  "node": "l",
                  "frag": "ri-qi₂",
                  "id": "P270909.l0bb95",
                  "ref": "P270909.12.3",
                  "inst": "%akk-x-mbperi:ri-qi₂=",
                  "f": {
                    "lang": "akk-x-mbperi",
                    "form": "ri-qi₂"
                  }
                },
                {
                  "node": "l",
                  "frag": "ga-mi-ir",
                  "id": "P270909.l0bb96",
                  "ref": "P270909.12.4",
                  "inst": "%akk-x-mbperi:ga-mi-ir=",
                  "f": {
                    "lang": "akk-x-mbperi",
                    "form": "ga-mi-ir"
                  }
                },
                {
                  "node": "l",
                  "frag": "gab₂-bu",
                  "id": "P270909.l0bb97",
                  "ref": "P270909.12.5",
                  "inst": "%akk-x-mbperi:gab₂-bu=",
                  "f": {
                    "lang": "akk-x-mbperi",
                    "form": "gab₂-bu"
                  }
                },
                {
                  "node": "d",
                  "type": "line-start",
                  "ref": "P270909.13",
                  "n": "013",
                  "label": "013"
                },
                {
                  "node": "l",
                  "frag": "ti-ih-ta-ti",
                  "id": "P270909.l0bb98",
                  "ref": "P270909.13.1",
                  "inst": "%akk-x-mbperi:ti-ih-ta-ti=",
                  "f": {
                    "lang": "akk-x-mbperi",
                    "form": "ti-ih-ta-ti"
                  }
                },
                {
                  "node": "l",
                  "frag": "gab₂-ba",
                  "id": "P270909.l0bb99",
                  "ref": "P270909.13.2",
                  "inst": "%akk-x-mbperi:gab₂-ba=",
                  "f": {
                    "lang": "akk-x-mbperi",
                    "form": "gab₂-ba"
                  }
                },
                {
                  "node": "l",
                  "frag": "ša₂-ni-tam",
                  "id": "P270909.l0bb9a",
                  "ref": "P270909.13.3",
                  "inst": "%akk-x-mbperi:ša₂-ni-tam=",
                  "f": {
                    "lang": "akk-x-mbperi",
                    "form": "ša₂-ni-tam"
                  }
                },
                {
                  "node": "d",
                  "type": "line-start",
                  "ref": "P270909.14",
                  "n": "014",
                  "label": "014"
                },
                {
                  "node": "l",
                  "frag": "i-nu-ma",
                  "id": "P270909.l0bb9b",
                  "ref": "P270909.14.1",
                  "inst": "%akk-x-mbperi:i-nu-ma=",
                  "f": {
                    "lang": "akk-x-mbperi",
                    "form": "i-nu-ma"
                  }
                },
                {
                  "node": "l",
                  "frag": "ta-aš-tap-ra",
                  "id": "P270909.l0bb9c",
                  "ref": "P270909.14.2",
                  "inst": "%akk-x-mbperi:ta-aš-tap-ra=",
                  "f": {
                    "lang": "akk-x-mbperi",
                    "form": "ta-aš-tap-ra"
                  }
                },
                {
                  "node": "l",
                  "frag": "a-na",
                  "id": "P270909.l0bb9d",
                  "ref": "P270909.14.3",
                  "inst": "%akk-x-mbperi:a-na=",
                  "f": {
                    "lang": "akk-x-mbperi",
                    "form": "a-na"
                  }
                },
                {
                  "node": "l",
                  "frag": "ia-ši",
                  "id": "P270909.l0bb9e",
                  "ref": "P270909.14.4",
                  "inst": "%akk-x-mbperi:ia-ši=",
                  "f": {
                    "lang": "akk-x-mbperi",
                    "form": "ia-ši"
                  }
                },
                {
                  "node": "d",
                  "type": "line-start",
                  "ref": "P270909.15",
                  "n": "015",
                  "label": "015"
                },
                {
                  "node": "l",
                  "frag": "a-lik-mi",
                  "id": "P270909.l0bb9f",
                  "ref": "P270909.15.1",
                  "inst": "%akk-x-mbperi:a-lik-mi=",
                  "f": {
                    "lang": "akk-x-mbperi",
                    "form": "a-lik-mi"
                  }
                },
                {
                  "node": "l",
                  "frag": "i-zi-iz",
                  "id": "P270909.l0bba0",
                  "ref": "P270909.15.2",
                  "inst": "%akk-x-mbperi:i-zi-iz=",
                  "f": {
                    "lang": "akk-x-mbperi",
                    "form": "i-zi-iz"
                  }
                },
                {
                  "node": "l",
                  "frag": "a-na",
                  "id": "P270909.l0bba1",
                  "ref": "P270909.15.3",
                  "inst": "%akk-x-mbperi:a-na=",
                  "f": {
                    "lang": "akk-x-mbperi",
                    "form": "a-na"
                  }
                },
                {
                  "node": "l",
                  "frag": "URU",
                  "id": "P270909.l0bba2",
                  "ref": "P270909.15.4",
                  "inst": "%akk-x-mbperi:URU=",
                  "f": {
                    "lang": "akk-x-mbperi",
                    "form": "URU"
                  }
                },
                {
                  "node": "l",
                  "frag": "ṣu-mu-ur",
                  "id": "P270909.l0bba3",
                  "ref": "P270909.15.5",
                  "inst": "%akk-x-mbperi:ṣu-mu-ur=",
                  "f": {
                    "lang": "akk-x-mbperi",
                    "form": "ṣu-mu-ur"
                  }
                },
                {
                  "node": "d",
                  "type": "line-start",
                  "ref": "P270909.16",
                  "n": "016",
                  "label": "016"
                },
                {
                  "node": "l",
                  "frag": "a-di",
                  "id": "P270909.l0bba4",
                  "ref": "P270909.16.1",
                  "inst": "%akk-x-mbperi:a-di=",
                  "f": {
                    "lang": "akk-x-mbperi",
                    "form": "a-di"
                  }
                },
                {
                  "node": "l",
                  "frag": "ka-ša-di-ia",
                  "id": "P270909.l0bba5",
                  "ref": "P270909.16.2",
                  "inst": "%akk-x-mbperi:ka-ša-di-ia=",
                  "f": {
                    "lang": "akk-x-mbperi",
                    "form": "ka-ša-di-ia"
                  }
                },
                {
                  "node": "d",
                  "type": "line-start",
                  "ref": "P270909.17",
                  "n": "017",
                  "label": "017"
                },
                {
                  "node": "l",
                  "frag": "⸢ti⸣-de",
                  "id": "P270909.l0bba6",
                  "ref": "P270909.17.1",
                  "inst": "%akk-x-mbperi:ti-de=",
                  "f": {
                    "lang": "akk-x-mbperi",
                    "form": "ti-de"
                  }
                },
                {
                  "node": "l",
                  "frag": "i-nu-ma",
                  "id": "P270909.l0bba7",
                  "ref": "P270909.17.2",
                  "inst": "%akk-x-mbperi:i-nu-ma=",
                  "f": {
                    "lang": "akk-x-mbperi",
                    "form": "i-nu-ma"
                  }
                },
                {
                  "node": "l",
                  "frag": "nu-kur₂-tu₄.MEŠ",
                  "id": "P270909.l0bba8",
                  "ref": "P270909.17.3",
                  "inst": "%akk-x-mbperi:nu-kur₂-tu₄.MEŠ=",
                  "f": {
                    "lang": "akk-x-mbperi",
                    "form": "nu-kur₂-tu₄.MEŠ"
                  }
                },
                {
                  "node": "d",
                  "type": "line-start",
                  "ref": "P270909.18",
                  "n": "018",
                  "label": "018"
                },
                {
                  "node": "l",
                  "frag": "KAL.GA",
                  "id": "P270909.l0bba9",
                  "ref": "P270909.18.1",
                  "inst": "%akk-x-mbperi:KAL.GA=",
                  "f": {
                    "lang": "akk-x-mbperi",
                    "form": "KAL.GA"
                  }
                },
                {
                  "node": "l",
                  "frag": "ma-gal",
                  "id": "P270909.l0bbaa",
                  "ref": "P270909.18.2",
                  "inst": "%akk-x-mbperi:ma-gal=",
                  "f": {
                    "lang": "akk-x-mbperi",
                    "form": "ma-gal"
                  }
                },
                {
                  "node": "l",
                  "frag": "UGU-ia",
                  "id": "P270909.l0bbab",
                  "ref": "P270909.18.3",
                  "inst": "%akk-x-mbperi:UGU-ia=",
                  "f": {
                    "lang": "akk-x-mbperi",
                    "form": "UGU-ia"
                  }
                },
                {
                  "node": "d",
                  "type": "line-start",
                  "ref": "P270909.19",
                  "n": "019",
                  "label": "019"
                },
                {
                  "node": "l",
                  "frag": "u₃",
                  "id": "P270909.l0bbac",
                  "ref": "P270909.19.1",
                  "inst": "%akk-x-mbperi:u₃=",
                  "f": {
                    "lang": "akk-x-mbperi",
                    "form": "u₃"
                  }
                },
                {
                  "node": "l",
                  "frag": "u₂-ul",
                  "id": "P270909.l0bbad",
                  "ref": "P270909.19.2",
                  "inst": "%akk-x-mbperi:u₂-ul=",
                  "f": {
                    "lang": "akk-x-mbperi",
                    "form": "u₂-ul"
                  }
                },
                {
                  "node": "l",
                  "frag": "i-le-⸢u₂⸣",
                  "id": "P270909.l0bbae",
                  "ref": "P270909.19.3",
                  "inst": "%akk-x-mbperi:i-le-u₂=",
                  "f": {
                    "lang": "akk-x-mbperi",
                    "form": "i-le-u₂"
                  }
                },
                {
                  "node": "l",
                  "frag": "a-la-⸢kam₂⸣",
                  "id": "P270909.l0bbaf",
                  "ref": "P270909.19.4",
                  "inst": "%akk-x-mbperi:a-la-kam₂=",
                  "f": {
                    "lang": "akk-x-mbperi",
                    "form": "a-la-kam₂"
                  }
                },
                {
                  "node": "d",
                  "type": "line-start",
                  "ref": "P270909.20",
                  "n": "020",
                  "label": "020"
                },
                {
                  "node": "l",
                  "frag": "u₃",
                  "id": "P270909.l0bbb0",
                  "ref": "P270909.20.1",
                  "inst": "%akk-x-mbperi:u₃=",
                  "f": {
                    "lang": "akk-x-mbperi",
                    "form": "u₃"
                  }
                },
                {
                  "node": "l",
                  "frag": "a-nu-ma",
                  "id": "P270909.l0bbb1",
                  "ref": "P270909.20.2",
                  "inst": "%akk-x-mbperi:a-nu-ma=",
                  "f": {
                    "lang": "akk-x-mbperi",
                    "form": "a-nu-ma"
                  }
                },
                {
                  "node": "l",
                  "frag": "URU",
                  "id": "P270909.l0bbb2",
                  "ref": "P270909.20.3",
                  "inst": "%akk-x-mbperi:URU=",
                  "f": {
                    "lang": "akk-x-mbperi",
                    "form": "URU"
                  }
                },
                {
                  "node": "l",
                  "frag": "am-pi₂",
                  "id": "P270909.l0bbb3",
                  "ref": "P270909.20.4",
                  "inst": "%akk-x-mbperi:am-pi₂=",
                  "f": {
                    "lang": "akk-x-mbperi",
                    "form": "am-pi₂"
                  }
                },
                {
                  "node": "l",
                  "frag": "nu-kur₃-⸢tu₄⸣",
                  "id": "P270909.l0bbb4",
                  "ref": "P270909.20.5",
                  "inst": "%akk-x-mbperi:nu-kur₃-tu₄=",
                  "f": {
                    "lang": "akk-x-mbperi",
                    "form": "nu-kur₃-tu₄"
                  }
                },
                {
                  "node": "d",
                  "type": "line-start",
                  "ref": "P270909.21",
                  "n": "021",
                  "label": "021"
                },
                {
                  "node": "l",
                  "frag": "it-ti-ia",
                  "id": "P270909.l0bbb5",
                  "ref": "P270909.21.1",
                  "inst": "%akk-x-mbperi:it-ti-ia=",
                  "f": {
                    "lang": "akk-x-mbperi",
                    "form": "it-ti-ia"
                  }
                },
                {
                  "node": "l",
                  "frag": "ti-de",
                  "id": "P270909.l0bbb6",
                  "ref": "P270909.21.2",
                  "inst": "%akk-x-mbperi:ti-de=",
                  "f": {
                    "lang": "akk-x-mbperi",
                    "form": "ti-de"
                  }
                },
                {
                  "node": "l",
                  "frag": "i-<nu-ma>",
                  "id": "P270909.l0bbb7",
                  "ref": "P270909.21.3",
                  "inst": "%akk-x-mbperi:i-nu-ma=",
                  "f": {
                    "lang": "akk-x-mbperi",
                    "form": "i-nu-ma"
                  }
                },
                {
                  "node": "d",
                  "type": "line-start",
                  "ref": "P270909.22",
                  "n": "022",
                  "label": "022"
                },
                {
                  "node": "l",
                  "frag": "LU₂.GAL",
                  "id": "P270909.l0bbb8",
                  "ref": "P270909.22.1",
                  "inst": "%akk-x-mbperi:LU₂.GAL=",
                  "f": {
                    "lang": "akk-x-mbperi",
                    "form": "LU₂.GAL"
                  }
                },
                {
                  "node": "l",
                  "frag": "u₃",
                  "id": "P270909.l0bbb9",
                  "ref": "P270909.22.2",
                  "inst": "%akk-x-mbperi:u₃=",
                  "f": {
                    "lang": "akk-x-mbperi",
                    "form": "u₃"
                  }
                },
                {
                  "node": "l",
                  "frag": "LU₂.MEŠ",
                  "id": "P270909.l0bbba",
                  "ref": "P270909.22.3",
                  "inst": "%akk-x-mbperi:LU₂.MEŠ=",
                  "f": {
                    "lang": "akk-x-mbperi",
                    "form": "LU₂.MEŠ"
                  }
                },
                {
                  "node": "l",
                  "frag": "be-li",
                  "id": "P270909.l0bbbb",
                  "ref": "P270909.22.4",
                  "inst": "%akk-x-mbperi:be-li=",
                  "f": {
                    "lang": "akk-x-mbperi",
                    "form": "be-li"
                  }
                },
                {
                  "node": "l",
                  "frag": "URU-lim",
                  "id": "P270909.l0bbbc",
                  "ref": "P270909.22.5",
                  "inst": "%akk-x-mbperi:URU-lim=",
                  "f": {
                    "lang": "akk-x-mbperi",
                    "form": "URU-lim"
                  }
                },
                {
                  "node": "d",
                  "type": "line-start",
                  "ref": "P270909.23",
                  "n": "023",
                  "label": "023"
                },
                {
                  "node": "l",
                  "frag": "šal-mu",
                  "id": "P270909.l0bbbd",
                  "ref": "P270909.23.1",
                  "inst": "%akk-x-mbperi:šal-mu=",
                  "f": {
                    "lang": "akk-x-mbperi",
                    "form": "šal-mu"
                  }
                },
                {
                  "node": "l",
                  "frag": "it-ti",
                  "id": "P270909.l0bbbe",
                  "ref": "P270909.23.2",
                  "inst": "%akk-x-mbperi:it-ti=",
                  "f": {
                    "lang": "akk-x-mbperi",
                    "form": "it-ti"
                  }
                },
                {
                  "node": "l",
                  "frag": "⸢DUMU⸣.MEŠ",
                  "id": "P270909.l0bbbf",
                  "ref": "P270909.23.3",
                  "inst": "%akk-x-mbperi:DUMU.MEŠ=",
                  "f": {
                    "lang": "akk-x-mbperi",
                    "form": "DUMU.MEŠ"
                  }
                },
                {
                  "node": "l",
                  "frag": "{m}IR₃-aš-ra-ta",
                  "id": "P270909.l0bbc0",
                  "ref": "P270909.23.4",
                  "inst": "%akk-x-mbperi:{m}IR₃-aš-ra-ta=",
                  "f": {
                    "lang": "akk-x-mbperi",
                    "form": "{m}IR₃-aš-ra-ta"
                  }
                },
                {
                  "node": "d",
                  "type": "line-start",
                  "ref": "P270909.24",
                  "n": "024",
                  "label": "024"
                },
                {
                  "node": "l",
                  "frag": "u₃",
                  "id": "P270909.l0bbc1",
                  "ref": "P270909.24.1",
                  "inst": "%akk-x-mbperi:u₃=",
                  "f": {
                    "lang": "akk-x-mbperi",
                    "form": "u₃"
                  }
                },
                {
                  "node": "l",
                  "frag": "ki-na-an-na",
                  "id": "P270909.l0bbc2",
                  "ref": "P270909.24.2",
                  "inst": "%akk-x-mbperi:ki-na-an-na=",
                  "f": {
                    "lang": "akk-x-mbperi",
                    "form": "ki-na-an-na"
                  }
                },
                {
                  "node": "l",
                  "frag": "la",
                  "id": "P270909.l0bbc3",
                  "ref": "P270909.24.3",
                  "inst": "%akk-x-mbperi:la=",
                  "f": {
                    "lang": "akk-x-mbperi",
                    "form": "la"
                  }
                },
                {
                  "node": "l",
                  "frag": "i-li-u₂",
                  "id": "P270909.l0bbc4",
                  "ref": "P270909.24.4",
                  "inst": "%akk-x-mbperi:i-li-u₂=",
                  "f": {
                    "lang": "akk-x-mbperi",
                    "form": "i-li-u₂"
                  }
                },
                {
                  "node": "d",
                  "type": "line-start",
                  "ref": "P270909.25",
                  "n": "025",
                  "label": "025"
                },
                {
                  "node": "l",
                  "frag": "a-la-kam₂",
                  "id": "P270909.l0bbc5",
                  "ref": "P270909.25.1",
                  "inst": "%akk-x-mbperi:a-la-kam₂=",
                  "f": {
                    "lang": "akk-x-mbperi",
                    "form": "a-la-kam₂"
                  }
                },
                {
                  "node": "l",
                  "frag": "ti-de",
                  "id": "P270909.l0bbc6",
                  "ref": "P270909.25.2",
                  "inst": "%akk-x-mbperi:ti-de=",
                  "f": {
                    "lang": "akk-x-mbperi",
                    "form": "ti-de"
                  }
                },
                {
                  "node": "l",
                  "frag": "i-nu-ma",
                  "id": "P270909.l0bbc7",
                  "ref": "P270909.25.3",
                  "inst": "%akk-x-mbperi:i-nu-ma=",
                  "f": {
                    "lang": "akk-x-mbperi",
                    "form": "i-nu-ma"
                  }
                },
                {
                  "node": "l",
                  "frag": "gab₂-bu",
                  "id": "P270909.l0bbc8",
                  "ref": "P270909.25.4",
                  "inst": "%akk-x-mbperi:gab₂-bu=",
                  "f": {
                    "lang": "akk-x-mbperi",
                    "form": "gab₂-bu"
                  }
                },
                {
                  "node": "d",
                  "type": "line-start",
                  "ref": "P270909.26",
                  "n": "026",
                  "label": "026"
                },
                {
                  "node": "l",
                  "frag": "ša-ru",
                  "id": "P270909.l0bbc9",
                  "ref": "P270909.26.1",
                  "inst": "%akk-x-mbperi:ša-ru=",
                  "f": {
                    "lang": "akk-x-mbperi",
                    "form": "ša-ru"
                  }
                },
                {
                  "node": "l",
                  "frag": "u₃",
                  "id": "P270909.l0bbca",
                  "ref": "P270909.26.2",
                  "inst": "%akk-x-mbperi:u₃=",
                  "f": {
                    "lang": "akk-x-mbperi",
                    "form": "u₃"
                  }
                },
                {
                  "node": "l",
                  "frag": "la-[mi]",
                  "id": "P270909.l0bbcb",
                  "ref": "P270909.26.3",
                  "inst": "%akk-x-mbperi:la-mi=",
                  "f": {
                    "lang": "akk-x-mbperi",
                    "form": "la-mi"
                  }
                },
                {
                  "node": "l",
                  "frag": "⸢ti⸣-ša-lu-ni",
                  "id": "P270909.l0bbcc",
                  "ref": "P270909.26.4",
                  "inst": "%akk-x-mbperi:ti-ša-lu-ni=",
                  "f": {
                    "lang": "akk-x-mbperi",
                    "form": "ti-ša-lu-ni"
                  }
                },
                {
                  "node": "d",
                  "type": "line-start",
                  "ref": "P270909.27",
                  "n": "027",
                  "label": "027"
                },
                {
                  "node": "l",
                  "frag": "a-na",
                  "id": "P270909.l0bbcd",
                  "ref": "P270909.27.1",
                  "inst": "%akk-x-mbperi:a-na=",
                  "f": {
                    "lang": "akk-x-mbperi",
                    "form": "a-na"
                  }
                },
                {
                  "node": "l",
                  "frag": "LU₂.ha-ia-⸢bi-ia⸣",
                  "id": "P270909.l0bbce",
                  "ref": "P270909.27.2",
                  "inst": "%akk-x-mbperi:LU₂.ha-ia-bi-ia=",
                  "f": {
                    "lang": "akk-x-mbperi",
                    "form": "LU₂.ha-ia-bi-ia"
                  }
                },
                {
                  "node": "l",
                  "frag": "u₃",
                  "id": "P270909.l0bbcf",
                  "ref": "P270909.27.3",
                  "inst": "%akk-x-mbperi:u₃=",
                  "f": {
                    "lang": "akk-x-mbperi",
                    "form": "u₃"
                  }
                },
                {
                  "node": "l",
                  "frag": "i-na-an-na",
                  "id": "P270909.l0bbd0",
                  "ref": "P270909.27.4",
                  "inst": "%akk-x-mbperi:i-na-an-na=",
                  "f": {
                    "lang": "akk-x-mbperi",
                    "form": "i-na-an-na"
                  }
                },
                {
                  "node": "d",
                  "type": "line-start",
                  "ref": "P270909.28",
                  "n": "028",
                  "label": "028"
                },
                {
                  "node": "l",
                  "frag": "ki-na-an-na",
                  "id": "P270909.l0bbd1",
                  "ref": "P270909.28.1",
                  "inst": "%akk-x-mbperi:ki-na-an-na=",
                  "f": {
                    "lang": "akk-x-mbperi",
                    "form": "ki-na-an-na"
                  }
                },
                {
                  "node": "l",
                  "frag": "pal-ha-ku",
                  "id": "P270909.l0bbd2",
                  "ref": "P270909.28.2",
                  "inst": "%akk-x-mbperi:pal-ha-ku=",
                  "f": {
                    "lang": "akk-x-mbperi",
                    "form": "pal-ha-ku"
                  }
                },
                {
                  "node": "l",
                  "frag": "ša₂-ni-tam",
                  "id": "P270909.l0bbd3",
                  "ref": "P270909.28.3",
                  "inst": "%akk-x-mbperi:ša₂-ni-tam=",
                  "f": {
                    "lang": "akk-x-mbperi",
                    "form": "ša₂-ni-tam"
                  }
                },
                {
                  "node": "d",
                  "type": "line-start",
                  "ref": "P270909.29",
                  "n": "029",
                  "label": "029"
                },
                {
                  "node": "l",
                  "frag": "ši-me-e",
                  "id": "P270909.l0bbd4",
                  "ref": "P270909.29.1",
                  "inst": "%akk-x-mbperi:ši-me-e=",
                  "f": {
                    "lang": "akk-x-mbperi",
                    "form": "ši-me-e"
                  }
                },
                {
                  "node": "l",
                  "frag": "ia-ši",
                  "id": "P270909.l0bbd5",
                  "ref": "P270909.29.2",
                  "inst": "%akk-x-mbperi:ia-ši=",
                  "f": {
                    "lang": "akk-x-mbperi",
                    "form": "ia-ši"
                  }
                },
                {
                  "node": "l",
                  "frag": "hu-mi-ṭaₓ(MA)",
                  "id": "P270909.l0bbd6",
                  "ref": "P270909.29.3",
                  "inst": "%akk-x-mbperi:hu-mi-ṭaₓ(MA)=",
                  "f": {
                    "lang": "akk-x-mbperi",
                    "form": "hu-mi-ṭaₓ(MA)"
                  }
                },
                {
                  "node": "l",
                  "frag": "ki-ma",
                  "id": "P270909.l0bbd7",
                  "ref": "P270909.29.4",
                  "inst": "%akk-x-mbperi:ki-ma=",
                  "f": {
                    "lang": "akk-x-mbperi",
                    "form": "ki-ma"
                  }
                },
                {
                  "node": "d",
                  "type": "line-start",
                  "ref": "P270909.30",
                  "n": "030",
                  "label": "030"
                },
                {
                  "node": "l",
                  "frag": "ar-hi-iš",
                  "id": "P270909.l0bbd8",
                  "ref": "P270909.30.1",
                  "inst": "%akk-x-mbperi:ar-hi-iš=",
                  "f": {
                    "lang": "akk-x-mbperi",
                    "form": "ar-hi-iš"
                  }
                },
                {
                  "node": "l",
                  "frag": "ka-ša-da",
                  "id": "P270909.l0bbd9",
                  "ref": "P270909.30.2",
                  "inst": "%akk-x-mbperi:ka-ša-da=",
                  "f": {
                    "lang": "akk-x-mbperi",
                    "form": "ka-ša-da"
                  }
                },
                {
                  "node": "l",
                  "frag": "u₃",
                  "id": "P270909.l0bbda",
                  "ref": "P270909.30.3",
                  "inst": "%akk-x-mbperi:u₃=",
                  "f": {
                    "lang": "akk-x-mbperi",
                    "form": "u₃"
                  }
                },
                {
                  "node": "d",
                  "type": "line-start",
                  "ref": "P270909.31",
                  "n": "031",
                  "label": "031"
                },
                {
                  "node": "l",
                  "frag": "i-ru-ub",
                  "id": "P270909.l0bbdb",
                  "ref": "P270909.31.1",
                  "inst": "%akk-x-mbperi:i-ru-ub=",
                  "f": {
                    "lang": "akk-x-mbperi",
                    "form": "i-ru-ub"
                  }
                },
                {
                  "node": "l",
                  "frag": "aš-ra-nu",
                  "id": "P270909.l0bbdc",
                  "ref": "P270909.31.2",
                  "inst": "%akk-x-mbperi:aš-ra-nu=",
                  "f": {
                    "lang": "akk-x-mbperi",
                    "form": "aš-ra-nu"
                  }
                },
                {
                  "node": "l",
                  "frag": "ti-de",
                  "id": "P270909.l0bbdd",
                  "ref": "P270909.31.3",
                  "inst": "%akk-x-mbperi:ti-de=",
                  "f": {
                    "lang": "akk-x-mbperi",
                    "form": "ti-de"
                  }
                },
                {
                  "node": "l",
                  "frag": "i-nu-ma",
                  "id": "P270909.l0bbde",
                  "ref": "P270909.31.4",
                  "inst": "%akk-x-mbperi:i-nu-ma=",
                  "f": {
                    "lang": "akk-x-mbperi",
                    "form": "i-nu-ma"
                  }
                },
                {
                  "node": "l",
                  "frag": "LU₂.MEŠ",
                  "id": "P270909.l0bbdf",
                  "ref": "P270909.31.5",
                  "inst": "%akk-x-mbperi:LU₂.MEŠ=",
                  "f": {
                    "lang": "akk-x-mbperi",
                    "form": "LU₂.MEŠ"
                  }
                },
                {
                  "node": "d",
                  "type": "line-start",
                  "ref": "P270909.32",
                  "n": "032",
                  "label": "032"
                },
                {
                  "node": "l",
                  "frag": "⸢ša⸣-ru-tu₄",
                  "id": "P270909.l0bbe0",
                  "ref": "P270909.32.1",
                  "inst": "%akk-x-mbperi:ša-ru-tu₄=",
                  "f": {
                    "lang": "akk-x-mbperi",
                    "form": "ša-ru-tu₄"
                  }
                },
                {
                  "node": "l",
                  "frag": "šu-nu",
                  "id": "P270909.l0bbe1",
                  "ref": "P270909.32.2",
                  "inst": "%akk-x-mbperi:šu-nu=",
                  "f": {
                    "lang": "akk-x-mbperi",
                    "form": "šu-nu"
                  }
                },
                {
                  "node": "l",
                  "frag": "ša₂-ni-tam",
                  "id": "P270909.l0bbe2",
                  "ref": "P270909.32.3",
                  "inst": "%akk-x-mbperi:ša₂-ni-tam=",
                  "f": {
                    "lang": "akk-x-mbperi",
                    "form": "ša₂-ni-tam"
                  }
                },
                {
                  "node": "l",
                  "frag": "la-mi",
                  "id": "P270909.l0bbe3",
                  "ref": "P270909.32.4",
                  "inst": "%akk-x-mbperi:la-mi=",
                  "f": {
                    "lang": "akk-x-mbperi",
                    "form": "la-mi"
                  }
                },
                {
                  "node": "d",
                  "type": "line-start",
                  "ref": "P270909.33",
                  "n": "033",
                  "label": "033"
                },
                {
                  "node": "l",
                  "frag": "[tu-uh]-⸢hi⸣-ra",
                  "id": "P270909.l0bbe4",
                  "ref": "P270909.33.1",
                  "inst": "%akk-x-mbperi:tu-uh-hi-ra=",
                  "f": {
                    "lang": "akk-x-mbperi",
                    "form": "tu-uh-hi-ra"
                  }
                },
                {
                  "node": "l",
                  "frag": "ka-ša-da",
                  "id": "P270909.l0bbe5",
                  "ref": "P270909.33.2",
                  "inst": "%akk-x-mbperi:ka-ša-da=",
                  "f": {
                    "lang": "akk-x-mbperi",
                    "form": "ka-ša-da"
                  }
                },
                {
                  "node": "d",
                  "type": "line-start",
                  "ref": "P270909.34",
                  "n": "034",
                  "label": "034"
                },
                {
                  "node": "l",
                  "frag": "[u₃",
                  "id": "P270909.l0bbe6",
                  "ref": "P270909.34.1",
                  "inst": "%akk-x-mbperi:u₃=",
                  "f": {
                    "lang": "akk-x-mbperi",
                    "form": "u₃"
                  }
                },
                {
                  "node": "l",
                  "frag": "uš-ši-ra]",
                  "id": "P270909.l0bbe7",
                  "ref": "P270909.34.2",
                  "inst": "%akk-x-mbperi:uš-ši-ra=",
                  "f": {
                    "lang": "akk-x-mbperi",
                    "form": "uš-ši-ra"
                  }
                },
                {
                  "node": "l",
                  "frag": "ERIN₂.MEŠ",
                  "id": "P270909.l0bbe8",
                  "ref": "P270909.34.3",
                  "inst": "%akk-x-mbperi:ERIN₂.MEŠ=",
                  "f": {
                    "lang": "akk-x-mbperi",
                    "form": "ERIN₂.MEŠ"
                  }
                },
                {
                  "node": "l",
                  "frag": "pi₂-ṭa₂-[ti]",
                  "id": "P270909.l0bbe9",
                  "ref": "P270909.34.4",
                  "inst": "%akk-x-mbperi:pi₂-ṭa₂-ti=",
                  "f": {
                    "lang": "akk-x-mbperi",
                    "form": "pi₂-ṭa₂-ti"
                  }
                },
                {
                  "node": "d",
                  "type": "line-start",
                  "ref": "P270909.35",
                  "n": "035",
                  "label": "035"
                },
                {
                  "node": "l",
                  "frag": "[x",
                  "id": "P270909.l0bbea",
                  "ref": "P270909.35.1",
                  "inst": "%akk-x-mbperi:x=",
                  "f": {
                    "lang": "akk-x-mbperi",
                    "form": "x"
                  }
                },
                {
                  "node": "l",
                  "frag": "x",
                  "id": "P270909.l0bbeb",
                  "ref": "P270909.35.2",
                  "inst": "%akk-x-mbperi:x=",
                  "f": {
                    "lang": "akk-x-mbperi",
                    "form": "x"
                  }
                },
                {
                  "node": "l",
                  "frag": "x",
                  "id": "P270909.l0bbec",
                  "ref": "P270909.35.3",
                  "inst": "%akk-x-mbperi:x=",
                  "f": {
                    "lang": "akk-x-mbperi",
                    "form": "x"
                  }
                },
                {
                  "node": "l",
                  "frag": "x",
                  "id": "P270909.l0bbed",
                  "ref": "P270909.35.4",
                  "inst": "%akk-x-mbperi:x=",
                  "f": {
                    "lang": "akk-x-mbperi",
                    "form": "x"
                  }
                },
                {
                  "node": "l",
                  "frag": "x",
                  "id": "P270909.l0bbee",
                  "ref": "P270909.35.5",
                  "inst": "%akk-x-mbperi:x=",
                  "f": {
                    "lang": "akk-x-mbperi",
                    "form": "x"
                  }
                },
                {
                  "node": "l",
                  "frag": "x",
                  "id": "P270909.l0bbef",
                  "ref": "P270909.35.6",
                  "inst": "%akk-x-mbperi:x=",
                  "f": {
                    "lang": "akk-x-mbperi",
                    "form": "x"
                  }
                },
                {
                  "node": "l",
                  "frag": "x",
                  "id": "P270909.l0bbf0",
                  "ref": "P270909.35.7",
                  "inst": "%akk-x-mbperi:x=",
                  "f": {
                    "lang": "akk-x-mbperi",
                    "form": "x"
                  }
                },
                {
                  "node": "l",
                  "frag": "x",
                  "id": "P270909.l0bbf1",
                  "ref": "P270909.35.8",
                  "inst": "%akk-x-mbperi:x=",
                  "f": {
                    "lang": "akk-x-mbperi",
                    "form": "x"
                  }
                },
                {
                  "node": "l",
                  "frag": "x]",
                  "id": "P270909.l0bbf2",
                  "ref": "P270909.35.9",
                  "inst": "%akk-x-mbperi:x=",
                  "f": {
                    "lang": "akk-x-mbperi",
                    "form": "x"
                  }
                },
                {
                  "node": "l",
                  "frag": "⸢ka⸣",
                  "id": "P270909.l0bbf3",
                  "ref": "P270909.35.10",
                  "inst": "%akk-x-mbperi:ka=",
                  "f": {
                    "lang": "akk-x-mbperi",
                    "form": "ka"
                  }
                },
                {
                  "node": "d",
                  "type": "line-start",
                  "ref": "P270909.36",
                  "n": "036",
                  "label": "036"
                },
                {
                  "node": "l",
                  "frag": "[x]",
                  "id": "P270909.l0bbf4",
                  "ref": "P270909.36.1",
                  "inst": "%akk-x-mbperi:x=",
                  "f": {
                    "lang": "akk-x-mbperi",
                    "form": "x"
                  }
                },
                {
                  "node": "l",
                  "frag": "⸢ru-ub⸣",
                  "id": "P270909.l0bbf5",
                  "ref": "P270909.36.2",
                  "inst": "%akk-x-mbperi:ru-ub=",
                  "f": {
                    "lang": "akk-x-mbperi",
                    "form": "ru-ub"
                  }
                },
                {
                  "node": "l",
                  "frag": "la",
                  "id": "P270909.l0bbf6",
                  "ref": "P270909.36.3",
                  "inst": "%akk-x-mbperi:la=",
                  "f": {
                    "lang": "akk-x-mbperi",
                    "form": "la"
                  }
                },
                {
                  "node": "l",
                  "frag": "tu-pal-la-⸢ah⸣",
                  "id": "P270909.l0bbf7",
                  "ref": "P270909.36.4",
                  "inst": "%akk-x-mbperi:tu-pal-la-ah=",
                  "f": {
                    "lang": "akk-x-mbperi",
                    "form": "tu-pal-la-ah"
                  }
                },
                {
                  "node": "d",
                  "type": "line-start",
                  "ref": "P270909.37",
                  "n": "037",
                  "label": "037"
                },
                {
                  "node": "l",
                  "frag": "[u₃",
                  "id": "P270909.l0bbf8",
                  "ref": "P270909.37.1",
                  "inst": "%akk-x-mbperi:u₃=",
                  "f": {
                    "lang": "akk-x-mbperi",
                    "form": "u₃"
                  }
                },
                {
                  "node": "l",
                  "frag": "ir]-ba-ta",
                  "id": "P270909.l0bbf9",
                  "ref": "P270909.37.2",
                  "inst": "%akk-x-mbperi:ir-ba-ta=",
                  "f": {
                    "lang": "akk-x-mbperi",
                    "form": "ir-ba-ta"
                  }
                },
                {
                  "node": "l",
                  "frag": "a-na",
                  "id": "P270909.l0bbfa",
                  "ref": "P270909.37.3",
                  "inst": "%akk-x-mbperi:a-na=",
                  "f": {
                    "lang": "akk-x-mbperi",
                    "form": "a-na"
                  }
                },
                {
                  "node": "l",
                  "frag": "URU-lim",
                  "id": "P270909.l0bbfb",
                  "ref": "P270909.37.4",
                  "inst": "%akk-x-mbperi:URU-lim=",
                  "f": {
                    "lang": "akk-x-mbperi",
                    "form": "URU-lim"
                  }
                },
                {
                  "node": "l",
                  "frag": "u₃",
                  "id": "P270909.l0bbfc",
                  "ref": "P270909.37.5",
                  "inst": "%akk-x-mbperi:u₃=",
                  "f": {
                    "lang": "akk-x-mbperi",
                    "form": "u₃"
                  }
                },
                {
                  "node": "d",
                  "type": "line-start",
                  "ref": "P270909.38",
                  "n": "038",
                  "label": "038"
                },
                {
                  "node": "l",
                  "frag": "⸢iš⸣-tu",
                  "id": "P270909.l0bbfd",
                  "ref": "P270909.38.1",
                  "inst": "%akk-x-mbperi:iš-tu=",
                  "f": {
                    "lang": "akk-x-mbperi",
                    "form": "iš-tu"
                  }
                },
                {
                  "node": "l",
                  "frag": "lib₃-bi-ši",
                  "id": "P270909.l0bbfe",
                  "ref": "P270909.38.2",
                  "inst": "%akk-x-mbperi:lib₃-bi-ši=",
                  "f": {
                    "lang": "akk-x-mbperi",
                    "form": "lib₃-bi-ši"
                  }
                },
                {
                  "node": "l",
                  "frag": "ta-šap-par₂",
                  "id": "P270909.l0bbff",
                  "ref": "P270909.38.3",
                  "inst": "%akk-x-mbperi:ta-šap-par₂=",
                  "f": {
                    "lang": "akk-x-mbperi",
                    "form": "ta-šap-par₂"
                  }
                },
                {
                  "node": "l",
                  "frag": "a-na",
                  "id": "P270909.l0bc00",
                  "ref": "P270909.38.4",
                  "inst": "%akk-x-mbperi:a-na=",
                  "f": {
                    "lang": "akk-x-mbperi",
                    "form": "a-na"
                  }
                },
                {
                  "node": "l",
                  "frag": "x",
                  "id": "P270909.l0bc01",
                  "ref": "P270909.38.5",
                  "inst": "%akk-x-mbperi:x=",
                  "f": {
                    "lang": "akk-x-mbperi",
                    "form": "x"
                  }
                }
              ]
            }
          ]
        }
      ]
    }
  ]
}
