{
  "type": "cdl",
  "source": "http://oracc.org/contrib/amarna",
  "license": "This data is released under the CC0 license",
  "license-url": "https://creativecommons.org/publicdomain/zero/1.0/",
  "more-info": "http://oracc.org/doc/opendata/",
  "UTC-timestamp": "2017-06-09T23:28:09",
  "project": "contrib/amarna",
  "textid": "P271069",
  "cdl": [
    {
      "node": "c",
      "type": "text",
      "id": "P271069.U0",
      "cdl": [
        {
          "node": "d",
          "type": "surface",
          "ref": ""
        },
        {
          "node": "c",
          "type": "discourse",
          "subtype": "body",
          "id": "P271069.U1",
          "cdl": [
            {
              "node": "c",
              "type": "sentence",
              "id": "P271069.U2",
              "label": "001 - 016",
              "cdl": [
                {
                  "node": "d",
                  "type": "line-start",
                  "ref": "P271069.1",
                  "n": "001",
                  "label": "001"
                },
                {
                  "node": "l",
                  "frag": "[a-na",
                  "id": "P271069.l0feac",
                  "ref": "P271069.1.1",
                  "inst": "%akk-x-mbperi:a-na=",
                  "f": {
                    "lang": "akk-x-mbperi",
                    "form": "a-na"
                  }
                },
                {
                  "node": "l",
                  "frag": "LUGAL",
                  "id": "P271069.l0fead",
                  "ref": "P271069.1.2",
                  "inst": "%akk-x-mbperi:LUGAL=",
                  "f": {
                    "lang": "akk-x-mbperi",
                    "form": "LUGAL"
                  }
                },
                {
                  "node": "l",
                  "frag": "be-li-ia]",
                  "id": "P271069.l0feae",
                  "ref": "P271069.1.3",
                  "inst": "%akk-x-mbperi:be-li-ia=",
                  "f": {
                    "lang": "akk-x-mbperi",
                    "form": "be-li-ia"
                  }
                },
                {
                  "node": "d",
                  "type": "line-start",
                  "ref": "P271069.2",
                  "n": "002",
                  "label": "002"
                },
                {
                  "node": "l",
                  "frag": "[DINGIR.MEŠ-ia",
                  "id": "P271069.l0feaf",
                  "ref": "P271069.2.1",
                  "inst": "%akk-x-mbperi:DINGIR.MEŠ-ia=",
                  "f": {
                    "lang": "akk-x-mbperi",
                    "form": "DINGIR.MEŠ-ia"
                  }
                },
                {
                  "node": "l",
                  "frag": "{d}UTU-ia]",
                  "id": "P271069.l0feb0",
                  "ref": "P271069.2.2",
                  "inst": "%akk-x-mbperi:{d}UTU-ia=",
                  "f": {
                    "lang": "akk-x-mbperi",
                    "form": "{d}UTU-ia"
                  }
                },
                {
                  "node": "d",
                  "type": "line-start",
                  "ref": "P271069.3",
                  "n": "003",
                  "label": "003"
                },
                {
                  "node": "l",
                  "frag": "[qi₂]-bi-[ma]",
                  "id": "P271069.l0feb1",
                  "ref": "P271069.3.1",
                  "inst": "%akk-x-mbperi:qi₂-bi-ma=",
                  "f": {
                    "lang": "akk-x-mbperi",
                    "form": "qi₂-bi-ma"
                  }
                },
                {
                  "node": "d",
                  "type": "line-start",
                  "ref": "P271069.4",
                  "n": "004",
                  "label": "004"
                },
                {
                  "node": "l",
                  "frag": "[um]-⸢ma⸣",
                  "id": "P271069.l0feb2",
                  "ref": "P271069.4.1",
                  "inst": "%akk-x-mbperi:um-ma=",
                  "f": {
                    "lang": "akk-x-mbperi",
                    "form": "um-ma"
                  }
                },
                {
                  "node": "l",
                  "frag": "{m}IR₃.MEŠ-[ka]",
                  "id": "P271069.l0feb3",
                  "ref": "P271069.4.2",
                  "inst": "%akk-x-mbperi:{m}IR₃.MEŠ-ka=",
                  "f": {
                    "lang": "akk-x-mbperi",
                    "form": "{m}IR₃.MEŠ-ka"
                  }
                },
                {
                  "node": "d",
                  "type": "line-start",
                  "ref": "P271069.5",
                  "n": "005",
                  "label": "005"
                },
                {
                  "node": "l",
                  "frag": "7-šu",
                  "id": "P271069.l0feb4",
                  "ref": "P271069.5.1",
                  "inst": "%akk-x-mbperi:7-šu=",
                  "f": {
                    "lang": "akk-x-mbperi",
                    "form": "7-šu"
                  }
                },
                {
                  "node": "l",
                  "frag": "u₃",
                  "id": "P271069.l0feb5",
                  "ref": "P271069.5.2",
                  "inst": "%akk-x-mbperi:u₃=",
                  "f": {
                    "lang": "akk-x-mbperi",
                    "form": "u₃"
                  }
                },
                {
                  "node": "l",
                  "frag": "7-šu",
                  "id": "P271069.l0feb6",
                  "ref": "P271069.5.3",
                  "inst": "%akk-x-mbperi:7-šu=",
                  "f": {
                    "lang": "akk-x-mbperi",
                    "form": "7-šu"
                  }
                },
                {
                  "node": "l",
                  "frag": "⸢ni-um⸣-qu-ut",
                  "id": "P271069.l0feb7",
                  "ref": "P271069.5.4",
                  "inst": "%akk-x-mbperi:ni-um-qu-ut=",
                  "f": {
                    "lang": "akk-x-mbperi",
                    "form": "ni-um-qu-ut"
                  }
                },
                {
                  "node": "d",
                  "type": "line-start",
                  "ref": "P271069.6",
                  "n": "006",
                  "label": "006"
                },
                {
                  "node": "l",
                  "frag": "[a]-⸢na⸣",
                  "id": "P271069.l0feb8",
                  "ref": "P271069.6.1",
                  "inst": "%akk-x-mbperi:a-na=",
                  "f": {
                    "lang": "akk-x-mbperi",
                    "form": "a-na"
                  }
                },
                {
                  "node": "l",
                  "frag": "GIR₃.MEŠ",
                  "id": "P271069.l0feb9",
                  "ref": "P271069.6.2",
                  "inst": "%akk-x-mbperi:GIR₃.MEŠ=",
                  "f": {
                    "lang": "akk-x-mbperi",
                    "form": "GIR₃.MEŠ"
                  }
                },
                {
                  "node": "l",
                  "frag": "LUGAL",
                  "id": "P271069.l0feba",
                  "ref": "P271069.6.3",
                  "inst": "%akk-x-mbperi:LUGAL=",
                  "f": {
                    "lang": "akk-x-mbperi",
                    "form": "LUGAL"
                  }
                },
                {
                  "node": "l",
                  "frag": "be-li-ia",
                  "id": "P271069.l0febb",
                  "ref": "P271069.6.4",
                  "inst": "%akk-x-mbperi:be-li-ia=",
                  "f": {
                    "lang": "akk-x-mbperi",
                    "form": "be-li-ia"
                  }
                },
                {
                  "node": "d",
                  "type": "line-start",
                  "ref": "P271069.7",
                  "n": "007",
                  "label": "007"
                },
                {
                  "node": "l",
                  "frag": "[a]-⸢mur⸣",
                  "id": "P271069.l0febc",
                  "ref": "P271069.7.1",
                  "inst": "%akk-x-mbperi:a-mur=",
                  "f": {
                    "lang": "akk-x-mbperi",
                    "form": "a-mur"
                  }
                },
                {
                  "node": "l",
                  "frag": "ša",
                  "id": "P271069.l0febd",
                  "ref": "P271069.7.2",
                  "inst": "%akk-x-mbperi:ša=",
                  "f": {
                    "lang": "akk-x-mbperi",
                    "form": "ša"
                  }
                },
                {
                  "node": "l",
                  "frag": "ni-iš-mu-u₂",
                  "id": "P271069.l0febe",
                  "ref": "P271069.7.3",
                  "inst": "%akk-x-mbperi:ni-iš-mu-u₂=",
                  "f": {
                    "lang": "akk-x-mbperi",
                    "form": "ni-iš-mu-u₂"
                  }
                },
                {
                  "node": "d",
                  "type": "line-start",
                  "ref": "P271069.8",
                  "n": "008",
                  "label": "008"
                },
                {
                  "node": "l",
                  "frag": "x",
                  "id": "P271069.l0febf",
                  "ref": "P271069.8.1",
                  "inst": "%akk-x-mbperi:x=",
                  "f": {
                    "lang": "akk-x-mbperi",
                    "form": "x"
                  }
                },
                {
                  "node": "l",
                  "frag": "x",
                  "id": "P271069.l0fec0",
                  "ref": "P271069.8.2",
                  "inst": "%akk-x-mbperi:x=",
                  "f": {
                    "lang": "akk-x-mbperi",
                    "form": "x"
                  }
                },
                {
                  "node": "l",
                  "frag": "i",
                  "id": "P271069.l0fec1",
                  "ref": "P271069.8.3",
                  "inst": "%akk-x-mbperi:i=",
                  "f": {
                    "lang": "akk-x-mbperi",
                    "form": "i"
                  }
                },
                {
                  "node": "l",
                  "frag": "LU₂",
                  "id": "P271069.l0fec2",
                  "ref": "P271069.8.4",
                  "inst": "%akk-x-mbperi:LU₂=",
                  "f": {
                    "lang": "akk-x-mbperi",
                    "form": "LU₂"
                  }
                },
                {
                  "node": "l",
                  "frag": "ah-la-ma-i",
                  "id": "P271069.l0fec3",
                  "ref": "P271069.8.5",
                  "inst": "%akk-x-mbperi:ah-la-ma-i=",
                  "f": {
                    "lang": "akk-x-mbperi",
                    "form": "ah-la-ma-i"
                  }
                },
                {
                  "node": "d",
                  "type": "line-start",
                  "ref": "P271069.9",
                  "n": "009",
                  "label": "009"
                },
                {
                  "node": "l",
                  "frag": "x",
                  "id": "P271069.l0fec4",
                  "ref": "P271069.9.1",
                  "inst": "%akk-x-mbperi:x=",
                  "f": {
                    "lang": "akk-x-mbperi",
                    "form": "x"
                  }
                },
                {
                  "node": "l",
                  "frag": "x",
                  "id": "P271069.l0fec5",
                  "ref": "P271069.9.2",
                  "inst": "%akk-x-mbperi:x=",
                  "f": {
                    "lang": "akk-x-mbperi",
                    "form": "x"
                  }
                },
                {
                  "node": "l",
                  "frag": "a",
                  "id": "P271069.l0fec6",
                  "ref": "P271069.9.3",
                  "inst": "%akk-x-mbperi:a=",
                  "f": {
                    "lang": "akk-x-mbperi",
                    "form": "a"
                  }
                },
                {
                  "node": "l",
                  "frag": "LUGAL",
                  "id": "P271069.l0fec7",
                  "ref": "P271069.9.4",
                  "inst": "%akk-x-mbperi:LUGAL=",
                  "f": {
                    "lang": "akk-x-mbperi",
                    "form": "LUGAL"
                  }
                },
                {
                  "node": "l",
                  "frag": "ša",
                  "id": "P271069.l0fec8",
                  "ref": "P271069.9.5",
                  "inst": "%akk-x-mbperi:ša=",
                  "f": {
                    "lang": "akk-x-mbperi",
                    "form": "ša"
                  }
                },
                {
                  "node": "l",
                  "frag": "ka-ra-du-ni-aš",
                  "id": "P271069.l0fec9",
                  "ref": "P271069.9.6",
                  "inst": "%akk-x-mbperi:ka-ra-du-ni-aš=",
                  "f": {
                    "lang": "akk-x-mbperi",
                    "form": "ka-ra-du-ni-aš"
                  }
                },
                {
                  "node": "d",
                  "type": "line-start",
                  "ref": "P271069.10",
                  "n": "010",
                  "label": "010"
                },
                {
                  "node": "l",
                  "frag": "x",
                  "id": "P271069.l0feca",
                  "ref": "P271069.10.1",
                  "inst": "%akk-x-mbperi:x=",
                  "f": {
                    "lang": "akk-x-mbperi",
                    "form": "x"
                  }
                },
                {
                  "node": "l",
                  "frag": "x",
                  "id": "P271069.l0fecb",
                  "ref": "P271069.10.2",
                  "inst": "%akk-x-mbperi:x=",
                  "f": {
                    "lang": "akk-x-mbperi",
                    "form": "x"
                  }
                },
                {
                  "node": "l",
                  "frag": "u₃",
                  "id": "P271069.l0fecc",
                  "ref": "P271069.10.3",
                  "inst": "%akk-x-mbperi:u₃=",
                  "f": {
                    "lang": "akk-x-mbperi",
                    "form": "u₃"
                  }
                },
                {
                  "node": "l",
                  "frag": "LU₂",
                  "id": "P271069.l0fecd",
                  "ref": "P271069.10.4",
                  "inst": "%akk-x-mbperi:LU₂=",
                  "f": {
                    "lang": "akk-x-mbperi",
                    "form": "LU₂"
                  }
                },
                {
                  "node": "l",
                  "frag": "ah-la-ma-u₂",
                  "id": "P271069.l0fece",
                  "ref": "P271069.10.5",
                  "inst": "%akk-x-mbperi:ah-la-ma-u₂=",
                  "f": {
                    "lang": "akk-x-mbperi",
                    "form": "ah-la-ma-u₂"
                  }
                },
                {
                  "node": "d",
                  "type": "line-start",
                  "ref": "P271069.11",
                  "n": "011",
                  "label": "011"
                },
                {
                  "node": "l",
                  "frag": "[x",
                  "id": "P271069.l0fecf",
                  "ref": "P271069.11.1",
                  "inst": "%akk-x-mbperi:x=",
                  "f": {
                    "lang": "akk-x-mbperi",
                    "form": "x"
                  }
                },
                {
                  "node": "l",
                  "frag": "x",
                  "id": "P271069.l0fed0",
                  "ref": "P271069.11.2",
                  "inst": "%akk-x-mbperi:x=",
                  "f": {
                    "lang": "akk-x-mbperi",
                    "form": "x"
                  }
                },
                {
                  "node": "l",
                  "frag": "a]-⸢na⸣",
                  "id": "P271069.l0fed1",
                  "ref": "P271069.11.3",
                  "inst": "%akk-x-mbperi:a-na=",
                  "f": {
                    "lang": "akk-x-mbperi",
                    "form": "a-na"
                  }
                },
                {
                  "node": "l",
                  "frag": "a-ka-li",
                  "id": "P271069.l0fed2",
                  "ref": "P271069.11.4",
                  "inst": "%akk-x-mbperi:a-ka-li=",
                  "f": {
                    "lang": "akk-x-mbperi",
                    "form": "a-ka-li"
                  }
                },
                {
                  "node": "d",
                  "type": "line-start",
                  "ref": "P271069.12",
                  "n": "012",
                  "label": "012"
                },
                {
                  "node": "l",
                  "frag": "[LUGAL]",
                  "id": "P271069.l0fed3",
                  "ref": "P271069.12.1",
                  "inst": "%akk-x-mbperi:LUGAL=",
                  "f": {
                    "lang": "akk-x-mbperi",
                    "form": "LUGAL"
                  }
                },
                {
                  "node": "l",
                  "frag": "be-li",
                  "id": "P271069.l0fed4",
                  "ref": "P271069.12.2",
                  "inst": "%akk-x-mbperi:be-li=",
                  "f": {
                    "lang": "akk-x-mbperi",
                    "form": "be-li"
                  }
                },
                {
                  "node": "d",
                  "type": "line-start",
                  "ref": "P271069.13",
                  "n": "013",
                  "label": "013"
                },
                {
                  "node": "l",
                  "frag": "x",
                  "id": "P271069.l0fed5",
                  "ref": "P271069.13.1",
                  "inst": "%akk-x-mbperi:x=",
                  "f": {
                    "lang": "akk-x-mbperi",
                    "form": "x"
                  }
                },
                {
                  "node": "l",
                  "frag": "x",
                  "id": "P271069.l0fed6",
                  "ref": "P271069.13.2",
                  "inst": "%akk-x-mbperi:x=",
                  "f": {
                    "lang": "akk-x-mbperi",
                    "form": "x"
                  }
                },
                {
                  "node": "l",
                  "frag": "x",
                  "id": "P271069.l0fed7",
                  "ref": "P271069.13.3",
                  "inst": "%akk-x-mbperi:x=",
                  "f": {
                    "lang": "akk-x-mbperi",
                    "form": "x"
                  }
                },
                {
                  "node": "l",
                  "frag": "x",
                  "id": "P271069.l0fed8",
                  "ref": "P271069.13.4",
                  "inst": "%akk-x-mbperi:x=",
                  "f": {
                    "lang": "akk-x-mbperi",
                    "form": "x"
                  }
                },
                {
                  "node": "l",
                  "frag": "ki-i",
                  "id": "P271069.l0fed9",
                  "ref": "P271069.13.5",
                  "inst": "%akk-x-mbperi:ki-i=",
                  "f": {
                    "lang": "akk-x-mbperi",
                    "form": "ki-i"
                  }
                },
                {
                  "node": "d",
                  "type": "line-start",
                  "ref": "P271069.14",
                  "n": "014",
                  "label": "014"
                },
                {
                  "node": "l",
                  "frag": "x",
                  "id": "P271069.l0feda",
                  "ref": "P271069.14.1",
                  "inst": "%akk-x-mbperi:x=",
                  "f": {
                    "lang": "akk-x-mbperi",
                    "form": "x"
                  }
                },
                {
                  "node": "l",
                  "frag": "x",
                  "id": "P271069.l0fedb",
                  "ref": "P271069.14.2",
                  "inst": "%akk-x-mbperi:x=",
                  "f": {
                    "lang": "akk-x-mbperi",
                    "form": "x"
                  }
                },
                {
                  "node": "l",
                  "frag": "x",
                  "id": "P271069.l0fedc",
                  "ref": "P271069.14.3",
                  "inst": "%akk-x-mbperi:x=",
                  "f": {
                    "lang": "akk-x-mbperi",
                    "form": "x"
                  }
                },
                {
                  "node": "l",
                  "frag": "la",
                  "id": "P271069.l0fedd",
                  "ref": "P271069.14.4",
                  "inst": "%akk-x-mbperi:la=",
                  "f": {
                    "lang": "akk-x-mbperi",
                    "form": "la"
                  }
                },
                {
                  "node": "l",
                  "frag": "u₂-zu-u₂",
                  "id": "P271069.l0fede",
                  "ref": "P271069.14.5",
                  "inst": "%akk-x-mbperi:u₂-zu-u₂=",
                  "f": {
                    "lang": "akk-x-mbperi",
                    "form": "u₂-zu-u₂"
                  }
                },
                {
                  "node": "d",
                  "type": "line-start",
                  "ref": "P271069.15",
                  "n": "015",
                  "label": "015"
                },
                {
                  "node": "l",
                  "frag": "[x",
                  "id": "P271069.l0fedf",
                  "ref": "P271069.15.1",
                  "inst": "%akk-x-mbperi:x=",
                  "f": {
                    "lang": "akk-x-mbperi",
                    "form": "x"
                  }
                },
                {
                  "node": "l",
                  "frag": "x]",
                  "id": "P271069.l0fee0",
                  "ref": "P271069.15.2",
                  "inst": "%akk-x-mbperi:x=",
                  "f": {
                    "lang": "akk-x-mbperi",
                    "form": "x"
                  }
                },
                {
                  "node": "l",
                  "frag": "⸢is⸣-ru-ni",
                  "id": "P271069.l0fee1",
                  "ref": "P271069.15.3",
                  "inst": "%akk-x-mbperi:is-ru-ni=",
                  "f": {
                    "lang": "akk-x-mbperi",
                    "form": "is-ru-ni"
                  }
                },
                {
                  "node": "d",
                  "type": "line-start",
                  "ref": "P271069.16",
                  "n": "016",
                  "label": "016"
                },
                {
                  "node": "l",
                  "frag": "x",
                  "id": "P271069.l0fee2",
                  "ref": "P271069.16.1",
                  "inst": "%akk-x-mbperi:x=",
                  "f": {
                    "lang": "akk-x-mbperi",
                    "form": "x"
                  }
                },
                {
                  "node": "l",
                  "frag": "x-at",
                  "id": "P271069.l0fee3",
                  "ref": "P271069.16.2",
                  "inst": "%akk-x-mbperi:x-at=",
                  "f": {
                    "lang": "akk-x-mbperi",
                    "form": "x-at"
                  }
                },
                {
                  "node": "d",
                  "type": "nonx",
                  "ref": "P271069.17",
                  "strict": "1",
                  "extent": "1",
                  "scope": "line",
                  "state": "ruling"
                }
              ]
            }
          ]
        }
      ]
    }
  ]
}
