{
  "type": "cdl",
  "source": "http://oracc.org/contrib/amarna",
  "license": "This data is released under the CC0 license",
  "license-url": "https://creativecommons.org/publicdomain/zero/1.0/",
  "more-info": "http://oracc.org/doc/opendata/",
  "UTC-timestamp": "2017-06-09T23:27:53",
  "project": "contrib/amarna",
  "textid": "P271166",
  "cdl": [
    {
      "node": "c",
      "type": "text",
      "id": "P271166.U0",
      "cdl": [
        {
          "node": "d",
          "type": "surface",
          "ref": ""
        },
        {
          "node": "c",
          "type": "discourse",
          "subtype": "body",
          "id": "P271166.U1",
          "cdl": [
            {
              "node": "c",
              "type": "sentence",
              "id": "P271166.U2",
              "label": "001 - 038",
              "cdl": [
                {
                  "node": "d",
                  "type": "line-start",
                  "ref": "P271166.1",
                  "n": "001",
                  "label": "001"
                },
                {
                  "node": "l",
                  "frag": "[a-na",
                  "id": "P271166.l0e083",
                  "ref": "P271166.1.1",
                  "inst": "%akk-x-mbperi:a-na=",
                  "f": {
                    "lang": "akk-x-mbperi",
                    "form": "a-na"
                  }
                },
                {
                  "node": "l",
                  "frag": "LUGAL]",
                  "id": "P271166.l0e084",
                  "ref": "P271166.1.2",
                  "inst": "%akk-x-mbperi:LUGAL=",
                  "f": {
                    "lang": "akk-x-mbperi",
                    "form": "LUGAL"
                  }
                },
                {
                  "node": "l",
                  "frag": "⸢be⸣-[li-ia",
                  "id": "P271166.l0e085",
                  "ref": "P271166.1.3",
                  "inst": "%akk-x-mbperi:be-li-ia=",
                  "f": {
                    "lang": "akk-x-mbperi",
                    "form": "be-li-ia"
                  }
                },
                {
                  "node": "l",
                  "frag": "{d}UTU-ia]",
                  "id": "P271166.l0e086",
                  "ref": "P271166.1.4",
                  "inst": "%akk-x-mbperi:{d}UTU-ia=",
                  "f": {
                    "lang": "akk-x-mbperi",
                    "form": "{d}UTU-ia"
                  }
                },
                {
                  "node": "d",
                  "type": "line-start",
                  "ref": "P271166.2",
                  "n": "002",
                  "label": "002"
                },
                {
                  "node": "l",
                  "frag": "[um-ma",
                  "id": "P271166.l0e087",
                  "ref": "P271166.2.1",
                  "inst": "%akk-x-mbperi:um-ma=",
                  "f": {
                    "lang": "akk-x-mbperi",
                    "form": "um-ma"
                  }
                },
                {
                  "node": "l",
                  "frag": "a]-bi-⸢mil⸣-[ki",
                  "id": "P271166.l0e088",
                  "ref": "P271166.2.2",
                  "inst": "%akk-x-mbperi:a-bi-mil-ki=",
                  "f": {
                    "lang": "akk-x-mbperi",
                    "form": "a-bi-mil-ki"
                  }
                },
                {
                  "node": "l",
                  "frag": "IR₃-ka]",
                  "id": "P271166.l0e089",
                  "ref": "P271166.2.3",
                  "inst": "%akk-x-mbperi:IR₃-ka=",
                  "f": {
                    "lang": "akk-x-mbperi",
                    "form": "IR₃-ka"
                  }
                },
                {
                  "node": "d",
                  "type": "line-start",
                  "ref": "P271166.3",
                  "n": "003",
                  "label": "003"
                },
                {
                  "node": "l",
                  "frag": "7",
                  "id": "P271166.l0e08a",
                  "ref": "P271166.3.1",
                  "inst": "%akk-x-mbperi:7=",
                  "f": {
                    "lang": "akk-x-mbperi",
                    "form": "7"
                  }
                },
                {
                  "node": "l",
                  "frag": "u",
                  "id": "P271166.l0e08b",
                  "ref": "P271166.3.2",
                  "inst": "%akk-x-mbperi:u=",
                  "f": {
                    "lang": "akk-x-mbperi",
                    "form": "u"
                  }
                },
                {
                  "node": "l",
                  "frag": "7",
                  "id": "P271166.l0e08c",
                  "ref": "P271166.3.3",
                  "inst": "%akk-x-mbperi:7=",
                  "f": {
                    "lang": "akk-x-mbperi",
                    "form": "7"
                  }
                },
                {
                  "node": "l",
                  "frag": "a]-⸢na⸣",
                  "id": "P271166.l0e08d",
                  "ref": "P271166.3.4",
                  "inst": "%akk-x-mbperi:a-na=",
                  "f": {
                    "lang": "akk-x-mbperi",
                    "form": "a-na"
                  }
                },
                {
                  "node": "l",
                  "frag": "GIR₃.MEŠ",
                  "id": "P271166.l0e08e",
                  "ref": "P271166.3.5",
                  "inst": "%akk-x-mbperi:GIR₃.MEŠ=",
                  "f": {
                    "lang": "akk-x-mbperi",
                    "form": "GIR₃.MEŠ"
                  }
                },
                {
                  "node": "l",
                  "frag": "[LUGAL",
                  "id": "P271166.l0e08f",
                  "ref": "P271166.3.6",
                  "inst": "%akk-x-mbperi:LUGAL=",
                  "f": {
                    "lang": "akk-x-mbperi",
                    "form": "LUGAL"
                  }
                },
                {
                  "node": "l",
                  "frag": "be-li-ia",
                  "id": "P271166.l0e090",
                  "ref": "P271166.3.7",
                  "inst": "%akk-x-mbperi:be-li-ia=",
                  "f": {
                    "lang": "akk-x-mbperi",
                    "form": "be-li-ia"
                  }
                },
                {
                  "node": "l",
                  "frag": "am-qut]",
                  "id": "P271166.l0e091",
                  "ref": "P271166.3.8",
                  "inst": "%akk-x-mbperi:am-qut=",
                  "f": {
                    "lang": "akk-x-mbperi",
                    "form": "am-qut"
                  }
                },
                {
                  "node": "d",
                  "type": "line-start",
                  "ref": "P271166.4",
                  "n": "004",
                  "label": "004"
                },
                {
                  "node": "l",
                  "frag": "[a-na-ku",
                  "id": "P271166.l0e092",
                  "ref": "P271166.4.1",
                  "inst": "%akk-x-mbperi:a-na-ku=",
                  "f": {
                    "lang": "akk-x-mbperi",
                    "form": "a-na-ku"
                  }
                },
                {
                  "node": "l",
                  "frag": "ip]-ru",
                  "id": "P271166.l0e093",
                  "ref": "P271166.4.2",
                  "inst": "%akk-x-mbperi:ip-ru=",
                  "f": {
                    "lang": "akk-x-mbperi",
                    "form": "ip-ru"
                  }
                },
                {
                  "node": "l",
                  "frag": "iš-⸢tu⸣",
                  "id": "P271166.l0e094",
                  "ref": "P271166.4.3",
                  "inst": "%akk-x-mbperi:iš-tu=",
                  "f": {
                    "lang": "akk-x-mbperi",
                    "form": "iš-tu"
                  }
                },
                {
                  "node": "d",
                  "type": "line-start",
                  "ref": "P271166.5",
                  "n": "005",
                  "label": "005"
                },
                {
                  "node": "l",
                  "frag": "[šu-pa-al]",
                  "id": "P271166.l0e095",
                  "ref": "P271166.5.1",
                  "inst": "%akk-x-mbperi:šu-pa-al=",
                  "f": {
                    "lang": "akk-x-mbperi",
                    "form": "šu-pa-al"
                  }
                },
                {
                  "node": "l",
                  "frag": "GIR₃.MEŠ",
                  "id": "P271166.l0e096",
                  "ref": "P271166.5.2",
                  "inst": "%akk-x-mbperi:GIR₃.MEŠ=",
                  "f": {
                    "lang": "akk-x-mbperi",
                    "form": "GIR₃.MEŠ"
                  }
                },
                {
                  "node": "l",
                  "frag": "KUŠ",
                  "id": "P271166.l0e097",
                  "ref": "P271166.5.3",
                  "inst": "%akk-x-mbperi:KUŠ=",
                  "f": {
                    "lang": "akk-x-mbperi",
                    "form": "KUŠ"
                  }
                },
                {
                  "node": "l",
                  "frag": "še-[ni]",
                  "id": "P271166.l0e098",
                  "ref": "P271166.5.4",
                  "inst": "%akk-x-mbperi:še-ni=",
                  "f": {
                    "lang": "akk-x-mbperi",
                    "form": "še-ni"
                  }
                },
                {
                  "node": "d",
                  "type": "line-start",
                  "ref": "P271166.6",
                  "n": "006",
                  "label": "006"
                },
                {
                  "node": "l",
                  "frag": "[LUGAL",
                  "id": "P271166.l0e099",
                  "ref": "P271166.6.1",
                  "inst": "%akk-x-mbperi:LUGAL=",
                  "f": {
                    "lang": "akk-x-mbperi",
                    "form": "LUGAL"
                  }
                },
                {
                  "node": "l",
                  "frag": "be-li₂]-ia",
                  "id": "P271166.l0e09a",
                  "ref": "P271166.6.2",
                  "inst": "%akk-x-mbperi:be-li₂-ia=",
                  "f": {
                    "lang": "akk-x-mbperi",
                    "form": "be-li₂-ia"
                  }
                },
                {
                  "node": "l",
                  "frag": "at-ta",
                  "id": "P271166.l0e09b",
                  "ref": "P271166.6.3",
                  "inst": "%akk-x-mbperi:at-ta=",
                  "f": {
                    "lang": "akk-x-mbperi",
                    "form": "at-ta"
                  }
                },
                {
                  "node": "l",
                  "frag": "[d.UTU]",
                  "id": "P271166.l0e09c",
                  "ref": "P271166.6.4",
                  "inst": "%akk-x-mbperi:d.UTU=",
                  "f": {
                    "lang": "akk-x-mbperi",
                    "form": "d.UTU"
                  }
                },
                {
                  "node": "d",
                  "type": "line-start",
                  "ref": "P271166.7",
                  "n": "007",
                  "label": "007"
                },
                {
                  "node": "l",
                  "frag": "[da-ri]-⸢tu₄⸣",
                  "id": "P271166.l0e09d",
                  "ref": "P271166.7.1",
                  "inst": "%akk-x-mbperi:da-ri-tu₄=",
                  "f": {
                    "lang": "akk-x-mbperi",
                    "form": "da-ri-tu₄"
                  }
                },
                {
                  "node": "l",
                  "frag": "še-hu",
                  "id": "P271166.l0e09e",
                  "ref": "P271166.7.2",
                  "inst": "%akk-x-mbperi:še-hu=",
                  "f": {
                    "lang": "akk-x-mbperi",
                    "form": "še-hu"
                  }
                },
                {
                  "node": "l",
                  "frag": "DU₁₀.GA",
                  "id": "P271166.l0e09f",
                  "ref": "P271166.7.3",
                  "inst": "%akk-x-mbperi:DU₁₀.GA=",
                  "f": {
                    "lang": "akk-x-mbperi",
                    "form": "DU₁₀.GA"
                  }
                },
                {
                  "node": "l",
                  "frag": "[ša]",
                  "id": "P271166.l0e0a0",
                  "ref": "P271166.7.4",
                  "inst": "%akk-x-mbperi:ša=",
                  "f": {
                    "lang": "akk-x-mbperi",
                    "form": "ša"
                  }
                },
                {
                  "node": "d",
                  "type": "line-start",
                  "ref": "P271166.8",
                  "n": "008",
                  "label": "008"
                },
                {
                  "node": "l",
                  "frag": "[x",
                  "id": "P271166.l0e0a1",
                  "ref": "P271166.8.1",
                  "inst": "%akk-x-mbperi:x=",
                  "f": {
                    "lang": "akk-x-mbperi",
                    "form": "x"
                  }
                },
                {
                  "node": "l",
                  "frag": "x",
                  "id": "P271166.l0e0a2",
                  "ref": "P271166.8.2",
                  "inst": "%akk-x-mbperi:x=",
                  "f": {
                    "lang": "akk-x-mbperi",
                    "form": "x"
                  }
                },
                {
                  "node": "l",
                  "frag": "a]-na",
                  "id": "P271166.l0e0a3",
                  "ref": "P271166.8.3",
                  "inst": "%akk-x-mbperi:a-na=",
                  "f": {
                    "lang": "akk-x-mbperi",
                    "form": "a-na"
                  }
                },
                {
                  "node": "l",
                  "frag": "be-li-ia",
                  "id": "P271166.l0e0a4",
                  "ref": "P271166.8.4",
                  "inst": "%akk-x-mbperi:be-li-ia=",
                  "f": {
                    "lang": "akk-x-mbperi",
                    "form": "be-li-ia"
                  }
                },
                {
                  "node": "l",
                  "frag": "[...]",
                  "id": "P271166.l0e0a5",
                  "ref": "P271166.8.5",
                  "inst": "%akk-x-mbperi:x=",
                  "f": {
                    "lang": "akk-x-mbperi",
                    "form": "x"
                  }
                },
                {
                  "node": "d",
                  "type": "line-start",
                  "ref": "P271166.9",
                  "n": "009",
                  "label": "009"
                },
                {
                  "node": "l",
                  "frag": "[u₃",
                  "id": "P271166.l0e0a6",
                  "ref": "P271166.9.1",
                  "inst": "%akk-x-mbperi:u₃=",
                  "f": {
                    "lang": "akk-x-mbperi",
                    "form": "u₃"
                  }
                },
                {
                  "node": "l",
                  "frag": "a-na-ku]",
                  "id": "P271166.l0e0a7",
                  "ref": "P271166.9.2",
                  "inst": "%akk-x-mbperi:a-na-ku=",
                  "f": {
                    "lang": "akk-x-mbperi",
                    "form": "a-na-ku"
                  }
                },
                {
                  "node": "l",
                  "frag": "IR₃-ka",
                  "id": "P271166.l0e0a8",
                  "ref": "P271166.9.3",
                  "inst": "%akk-x-mbperi:IR₃-ka=",
                  "f": {
                    "lang": "akk-x-mbperi",
                    "form": "IR₃-ka"
                  }
                },
                {
                  "node": "l",
                  "frag": "i-⸢ṣur⸣-[ru]",
                  "id": "P271166.l0e0a9",
                  "ref": "P271166.9.4",
                  "inst": "%akk-x-mbperi:i-ṣur-ru=",
                  "f": {
                    "lang": "akk-x-mbperi",
                    "form": "i-ṣur-ru"
                  }
                },
                {
                  "node": "d",
                  "type": "line-start",
                  "ref": "P271166.10",
                  "n": "010",
                  "label": "010"
                },
                {
                  "node": "l",
                  "frag": "[URU",
                  "id": "P271166.l0e0aa",
                  "ref": "P271166.10.1",
                  "inst": "%akk-x-mbperi:URU=",
                  "f": {
                    "lang": "akk-x-mbperi",
                    "form": "URU"
                  }
                },
                {
                  "node": "l",
                  "frag": "ṣur]-⸢ri⸣",
                  "id": "P271166.l0e0ab",
                  "ref": "P271166.10.2",
                  "inst": "%akk-x-mbperi:ṣur-ri=",
                  "f": {
                    "lang": "akk-x-mbperi",
                    "form": "ṣur-ri"
                  }
                },
                {
                  "node": "l",
                  "frag": "URU",
                  "id": "P271166.l0e0ac",
                  "ref": "P271166.10.3",
                  "inst": "%akk-x-mbperi:URU=",
                  "f": {
                    "lang": "akk-x-mbperi",
                    "form": "URU"
                  }
                },
                {
                  "node": "l",
                  "frag": "LUGAL",
                  "id": "P271166.l0e0ad",
                  "ref": "P271166.10.4",
                  "inst": "%akk-x-mbperi:LUGAL=",
                  "f": {
                    "lang": "akk-x-mbperi",
                    "form": "LUGAL"
                  }
                },
                {
                  "node": "l",
                  "frag": "be-⸢li⸣-[ia]",
                  "id": "P271166.l0e0ae",
                  "ref": "P271166.10.5",
                  "inst": "%akk-x-mbperi:be-li-ia=",
                  "f": {
                    "lang": "akk-x-mbperi",
                    "form": "be-li-ia"
                  }
                },
                {
                  "node": "d",
                  "type": "line-start",
                  "ref": "P271166.11",
                  "n": "011",
                  "label": "011"
                },
                {
                  "node": "l",
                  "frag": "[u₃",
                  "id": "P271166.l0e0af",
                  "ref": "P271166.11.1",
                  "inst": "%akk-x-mbperi:u₃=",
                  "f": {
                    "lang": "akk-x-mbperi",
                    "form": "u₃"
                  }
                },
                {
                  "node": "l",
                  "frag": "a-nu-um]-ma",
                  "id": "P271166.l0e0b0",
                  "ref": "P271166.11.2",
                  "inst": "%akk-x-mbperi:a-nu-um-ma=",
                  "f": {
                    "lang": "akk-x-mbperi",
                    "form": "a-nu-um-ma"
                  }
                },
                {
                  "node": "l",
                  "frag": "ša-a-ri",
                  "id": "P271166.l0e0b1",
                  "ref": "P271166.11.3",
                  "inst": "%akk-x-mbperi:ša-a-ri=",
                  "f": {
                    "lang": "akk-x-mbperi",
                    "form": "ša-a-ri"
                  }
                },
                {
                  "node": "l",
                  "frag": "[LUGAL]",
                  "id": "P271166.l0e0b2",
                  "ref": "P271166.11.4",
                  "inst": "%akk-x-mbperi:LUGAL=",
                  "f": {
                    "lang": "akk-x-mbperi",
                    "form": "LUGAL"
                  }
                },
                {
                  "node": "d",
                  "type": "line-start",
                  "ref": "P271166.12",
                  "n": "012",
                  "label": "012"
                },
                {
                  "node": "l",
                  "frag": "[a-na",
                  "id": "P271166.l0e0b3",
                  "ref": "P271166.12.1",
                  "inst": "%akk-x-mbperi:a-na=",
                  "f": {
                    "lang": "akk-x-mbperi",
                    "form": "a-na"
                  }
                },
                {
                  "node": "l",
                  "frag": "ia]-⸢ši⸣",
                  "id": "P271166.l0e0b4",
                  "ref": "P271166.12.2",
                  "inst": "%akk-x-mbperi:ia-ši=",
                  "f": {
                    "lang": "akk-x-mbperi",
                    "form": "ia-ši"
                  }
                },
                {
                  "node": "l",
                  "frag": "a-di",
                  "id": "P271166.l0e0b5",
                  "ref": "P271166.12.3",
                  "inst": "%akk-x-mbperi:a-di=",
                  "f": {
                    "lang": "akk-x-mbperi",
                    "form": "a-di"
                  }
                },
                {
                  "node": "l",
                  "frag": "i-ka₃-ša-[ad]",
                  "id": "P271166.l0e0b6",
                  "ref": "P271166.12.4",
                  "inst": "%akk-x-mbperi:i-ka₃-ša-ad=",
                  "f": {
                    "lang": "akk-x-mbperi",
                    "form": "i-ka₃-ša-ad"
                  }
                },
                {
                  "node": "d",
                  "type": "line-start",
                  "ref": "P271166.13",
                  "n": "013",
                  "label": "013"
                },
                {
                  "node": "l",
                  "frag": "[DUMU.KIN]",
                  "id": "P271166.l0e0b7",
                  "ref": "P271166.13.1",
                  "inst": "%akk-x-mbperi:DUMU.KIN=",
                  "f": {
                    "lang": "akk-x-mbperi",
                    "form": "DUMU.KIN"
                  }
                },
                {
                  "node": "l",
                  "frag": "LUGAL",
                  "id": "P271166.l0e0b8",
                  "ref": "P271166.13.2",
                  "inst": "%akk-x-mbperi:LUGAL=",
                  "f": {
                    "lang": "akk-x-mbperi",
                    "form": "LUGAL"
                  }
                },
                {
                  "node": "l",
                  "frag": "dan-niš₂",
                  "id": "P271166.l0e0b9",
                  "ref": "P271166.13.3",
                  "inst": "%akk-x-mbperi:dan-niš₂=",
                  "f": {
                    "lang": "akk-x-mbperi",
                    "form": "dan-niš₂"
                  }
                },
                {
                  "node": "l",
                  "frag": "a-na",
                  "id": "P271166.l0e0ba",
                  "ref": "P271166.13.4",
                  "inst": "%akk-x-mbperi:a-na=",
                  "f": {
                    "lang": "akk-x-mbperi",
                    "form": "a-na"
                  }
                },
                {
                  "node": "l",
                  "frag": "ia-[ši]",
                  "id": "P271166.l0e0bb",
                  "ref": "P271166.13.5",
                  "inst": "%akk-x-mbperi:ia-ši=",
                  "f": {
                    "lang": "akk-x-mbperi",
                    "form": "ia-ši"
                  }
                },
                {
                  "node": "d",
                  "type": "line-start",
                  "ref": "P271166.14",
                  "n": "014",
                  "label": "014"
                },
                {
                  "node": "l",
                  "frag": "[i-na]-⸢na⸣",
                  "id": "P271166.l0e0bc",
                  "ref": "P271166.14.1",
                  "inst": "%akk-x-mbperi:i-na-na=",
                  "f": {
                    "lang": "akk-x-mbperi",
                    "form": "i-na-na"
                  }
                },
                {
                  "node": "l",
                  "frag": "an-nu-u₂",
                  "id": "P271166.l0e0bd",
                  "ref": "P271166.14.2",
                  "inst": "%akk-x-mbperi:an-nu-u₂=",
                  "f": {
                    "lang": "akk-x-mbperi",
                    "form": "an-nu-u₂"
                  }
                },
                {
                  "node": "l",
                  "frag": "LU₂",
                  "id": "P271166.l0e0be",
                  "ref": "P271166.14.3",
                  "inst": "%akk-x-mbperi:LU₂=",
                  "f": {
                    "lang": "akk-x-mbperi",
                    "form": "LU₂"
                  }
                },
                {
                  "node": "l",
                  "frag": "URU",
                  "id": "P271166.l0e0bf",
                  "ref": "P271166.14.4",
                  "inst": "%akk-x-mbperi:URU=",
                  "f": {
                    "lang": "akk-x-mbperi",
                    "form": "URU"
                  }
                },
                {
                  "node": "l",
                  "frag": "[ṣi-du-na]",
                  "id": "P271166.l0e0c0",
                  "ref": "P271166.14.5",
                  "inst": "%akk-x-mbperi:ṣi-du-na=",
                  "f": {
                    "lang": "akk-x-mbperi",
                    "form": "ṣi-du-na"
                  }
                },
                {
                  "node": "d",
                  "type": "line-start",
                  "ref": "P271166.15",
                  "n": "015",
                  "label": "015"
                },
                {
                  "node": "l",
                  "frag": "[m].⸢zi⸣-im-ri-da",
                  "id": "P271166.l0e0c1",
                  "ref": "P271166.15.1",
                  "inst": "%akk-x-mbperi:m.zi-im-ri-da=",
                  "f": {
                    "lang": "akk-x-mbperi",
                    "form": "m.zi-im-ri-da"
                  }
                },
                {
                  "node": "d",
                  "frag": ":\"",
                  "type": "punct",
                  "ref": "P271166.15.2",
                  "lang": "akk-x-mbperi",
                  "gdl_delim": " "
                },
                {
                  "node": "l",
                  "frag": "e",
                  "id": "P271166.l0e0c2",
                  "ref": "P271166.15.3",
                  "inst": "%akk-x-mbperi:e=",
                  "f": {
                    "lang": "akk-x-mbperi",
                    "form": "e"
                  }
                },
                {
                  "node": "l",
                  "frag": "i-[ša-ap-par]",
                  "id": "P271166.l0e0c3",
                  "ref": "P271166.15.4",
                  "inst": "%akk-x-mbperi:i-ša-ap-par=",
                  "f": {
                    "lang": "akk-x-mbperi",
                    "form": "i-ša-ap-par"
                  }
                },
                {
                  "node": "d",
                  "type": "line-start",
                  "ref": "P271166.16",
                  "n": "016",
                  "label": "016"
                },
                {
                  "node": "l",
                  "frag": "[a-na]",
                  "id": "P271166.l0e0c4",
                  "ref": "P271166.16.1",
                  "inst": "%akk-x-mbperi:a-na=",
                  "f": {
                    "lang": "akk-x-mbperi",
                    "form": "a-na"
                  }
                },
                {
                  "node": "l",
                  "frag": "⸢ia⸣-ši",
                  "id": "P271166.l0e0c5",
                  "ref": "P271166.16.2",
                  "inst": "%akk-x-mbperi:ia-ši=",
                  "f": {
                    "lang": "akk-x-mbperi",
                    "form": "ia-ši"
                  }
                },
                {
                  "node": "l",
                  "frag": "i-na",
                  "id": "P271166.l0e0c6",
                  "ref": "P271166.16.3",
                  "inst": "%akk-x-mbperi:i-na=",
                  "f": {
                    "lang": "akk-x-mbperi",
                    "form": "i-na"
                  }
                },
                {
                  "node": "l",
                  "frag": "U₄-⸢mi⸣",
                  "id": "P271166.l0e0c7",
                  "ref": "P271166.16.4",
                  "inst": "%akk-x-mbperi:U₄-mi=",
                  "f": {
                    "lang": "akk-x-mbperi",
                    "form": "U₄-mi"
                  }
                },
                {
                  "node": "l",
                  "frag": "[u₃",
                  "id": "P271166.l0e0c8",
                  "ref": "P271166.16.5",
                  "inst": "%akk-x-mbperi:u₃=",
                  "f": {
                    "lang": "akk-x-mbperi",
                    "form": "u₃"
                  }
                },
                {
                  "node": "l",
                  "frag": "U₄-mi]",
                  "id": "P271166.l0e0c9",
                  "ref": "P271166.16.6",
                  "inst": "%akk-x-mbperi:U₄-mi=",
                  "f": {
                    "lang": "akk-x-mbperi",
                    "form": "U₄-mi"
                  }
                },
                {
                  "node": "d",
                  "type": "line-start",
                  "ref": "P271166.17",
                  "n": "017",
                  "label": "017"
                },
                {
                  "node": "l",
                  "frag": "[x]",
                  "id": "P271166.l0e0ca",
                  "ref": "P271166.17.1",
                  "inst": "%akk-x-mbperi:x=",
                  "f": {
                    "lang": "akk-x-mbperi",
                    "form": "x"
                  }
                },
                {
                  "node": "l",
                  "frag": "⸢me₂⸣-ma",
                  "id": "P271166.l0e0cb",
                  "ref": "P271166.17.2",
                  "inst": "%akk-x-mbperi:me₂-ma=",
                  "f": {
                    "lang": "akk-x-mbperi",
                    "form": "me₂-ma"
                  }
                },
                {
                  "node": "l",
                  "frag": "la-a",
                  "id": "P271166.l0e0cc",
                  "ref": "P271166.17.3",
                  "inst": "%akk-x-mbperi:la-a=",
                  "f": {
                    "lang": "akk-x-mbperi",
                    "form": "la-a"
                  }
                },
                {
                  "node": "l",
                  "frag": "[i]-⸢ša⸣-[ap-par]",
                  "id": "P271166.l0e0cd",
                  "ref": "P271166.17.4",
                  "inst": "%akk-x-mbperi:i-ša-ap-par=",
                  "f": {
                    "lang": "akk-x-mbperi",
                    "form": "i-ša-ap-par"
                  }
                },
                {
                  "node": "d",
                  "type": "line-start",
                  "ref": "P271166.18",
                  "n": "018",
                  "label": "018"
                },
                {
                  "node": "l",
                  "frag": "[...]-⸢aṣ⸣-ṣi₂",
                  "id": "P271166.l0e0ce",
                  "ref": "P271166.18.1",
                  "inst": "%akk-x-mbperi:x-aṣ-ṣi₂=",
                  "f": {
                    "lang": "akk-x-mbperi",
                    "form": "x-aṣ-ṣi₂"
                  }
                },
                {
                  "node": "l",
                  "frag": "LU₂",
                  "id": "P271166.l0e0cf",
                  "ref": "P271166.18.2",
                  "inst": "%akk-x-mbperi:LU₂=",
                  "f": {
                    "lang": "akk-x-mbperi",
                    "form": "LU₂"
                  }
                },
                {
                  "node": "l",
                  "frag": "[ar]-na",
                  "id": "P271166.l0e0d0",
                  "ref": "P271166.18.3",
                  "inst": "%akk-x-mbperi:ar-na=",
                  "f": {
                    "lang": "akk-x-mbperi",
                    "form": "ar-na"
                  }
                },
                {
                  "node": "l",
                  "frag": "[LUGAL]",
                  "id": "P271166.l0e0d1",
                  "ref": "P271166.18.4",
                  "inst": "%akk-x-mbperi:LUGAL=",
                  "f": {
                    "lang": "akk-x-mbperi",
                    "form": "LUGAL"
                  }
                },
                {
                  "node": "d",
                  "type": "line-start",
                  "ref": "P271166.19",
                  "n": "019",
                  "label": "019"
                },
                {
                  "node": "l",
                  "frag": "[u₃",
                  "id": "P271166.l0e0d2",
                  "ref": "P271166.19.1",
                  "inst": "%akk-x-mbperi:u₃=",
                  "f": {
                    "lang": "akk-x-mbperi",
                    "form": "u₃"
                  }
                },
                {
                  "node": "l",
                  "frag": "i]-le-qe₂-ni",
                  "id": "P271166.l0e0d3",
                  "ref": "P271166.19.2",
                  "inst": "%akk-x-mbperi:i-le-qe₂-ni=",
                  "f": {
                    "lang": "akk-x-mbperi",
                    "form": "i-le-qe₂-ni"
                  }
                },
                {
                  "node": "l",
                  "frag": "[iš]-⸢tu",
                  "id": "P271166.l0e0d4",
                  "ref": "P271166.19.3",
                  "inst": "%akk-x-mbperi:iš-tu=",
                  "f": {
                    "lang": "akk-x-mbperi",
                    "form": "iš-tu"
                  }
                },
                {
                  "node": "l",
                  "frag": "ki⸣-[...]",
                  "id": "P271166.l0e0d5",
                  "ref": "P271166.19.4",
                  "inst": "%akk-x-mbperi:ki-x=",
                  "f": {
                    "lang": "akk-x-mbperi",
                    "form": "ki-x"
                  }
                },
                {
                  "node": "d",
                  "type": "line-start",
                  "ref": "P271166.20",
                  "n": "020",
                  "label": "020"
                },
                {
                  "node": "l",
                  "frag": "[x",
                  "id": "P271166.l0e0d6",
                  "ref": "P271166.20.1",
                  "inst": "%akk-x-mbperi:x=",
                  "f": {
                    "lang": "akk-x-mbperi",
                    "form": "x"
                  }
                },
                {
                  "node": "l",
                  "frag": "x]",
                  "id": "P271166.l0e0d7",
                  "ref": "P271166.20.2",
                  "inst": "%akk-x-mbperi:x=",
                  "f": {
                    "lang": "akk-x-mbperi",
                    "form": "x"
                  }
                },
                {
                  "node": "l",
                  "frag": "u₃",
                  "id": "P271166.l0e0d8",
                  "ref": "P271166.20.3",
                  "inst": "%akk-x-mbperi:u₃=",
                  "f": {
                    "lang": "akk-x-mbperi",
                    "form": "u₃"
                  }
                },
                {
                  "node": "l",
                  "frag": "A",
                  "id": "P271166.l0e0d9",
                  "ref": "P271166.20.4",
                  "inst": "%akk-x-mbperi:A=",
                  "f": {
                    "lang": "akk-x-mbperi",
                    "form": "A"
                  }
                },
                {
                  "node": "d",
                  "frag": ":\"",
                  "type": "punct",
                  "ref": "P271166.20.5",
                  "lang": "akk-x-mbperi",
                  "gdl_delim": " "
                },
                {
                  "node": "l",
                  "frag": "⸢me₂-ma⸣",
                  "id": "P271166.l0e0da",
                  "ref": "P271166.20.6",
                  "inst": "%akk-x-mbperi:me₂-ma=",
                  "f": {
                    "lang": "akk-x-mbperi",
                    "form": "me₂-ma"
                  }
                },
                {
                  "node": "l",
                  "frag": "[a-na]",
                  "id": "P271166.l0e0db",
                  "ref": "P271166.20.7",
                  "inst": "%akk-x-mbperi:a-na=",
                  "f": {
                    "lang": "akk-x-mbperi",
                    "form": "a-na"
                  }
                },
                {
                  "node": "d",
                  "type": "line-start",
                  "ref": "P271166.21",
                  "n": "021",
                  "label": "021"
                },
                {
                  "node": "l",
                  "frag": "[ši]-⸢ti⸣-šu-nu",
                  "id": "P271166.l0e0dc",
                  "ref": "P271166.21.1",
                  "inst": "%akk-x-mbperi:ši-ti-šu-nu=",
                  "f": {
                    "lang": "akk-x-mbperi",
                    "form": "ši-ti-šu-nu"
                  }
                },
                {
                  "node": "l",
                  "frag": "iš-⸢ta⸣-[par]",
                  "id": "P271166.l0e0dd",
                  "ref": "P271166.21.2",
                  "inst": "%akk-x-mbperi:iš-ta-par=",
                  "f": {
                    "lang": "akk-x-mbperi",
                    "form": "iš-ta-par"
                  }
                },
                {
                  "node": "d",
                  "type": "line-start",
                  "ref": "P271166.22",
                  "n": "022",
                  "label": "022"
                },
                {
                  "node": "l",
                  "frag": "[x",
                  "id": "P271166.l0e0de",
                  "ref": "P271166.22.1",
                  "inst": "%akk-x-mbperi:x=",
                  "f": {
                    "lang": "akk-x-mbperi",
                    "form": "x"
                  }
                },
                {
                  "node": "l",
                  "frag": "x",
                  "id": "P271166.l0e0df",
                  "ref": "P271166.22.2",
                  "inst": "%akk-x-mbperi:x=",
                  "f": {
                    "lang": "akk-x-mbperi",
                    "form": "x"
                  }
                },
                {
                  "node": "l",
                  "frag": "x",
                  "id": "P271166.l0e0e0",
                  "ref": "P271166.22.3",
                  "inst": "%akk-x-mbperi:x=",
                  "f": {
                    "lang": "akk-x-mbperi",
                    "form": "x"
                  }
                },
                {
                  "node": "l",
                  "frag": "LU₂.MEŠ]",
                  "id": "P271166.l0e0e1",
                  "ref": "P271166.22.4",
                  "inst": "%akk-x-mbperi:LU₂.MEŠ=",
                  "f": {
                    "lang": "akk-x-mbperi",
                    "form": "LU₂.MEŠ"
                  }
                },
                {
                  "node": "l",
                  "frag": "⸢SA.GAZ",
                  "id": "P271166.l0e0e2",
                  "ref": "P271166.22.5",
                  "inst": "%akk-x-mbperi:SA.GAZ=",
                  "f": {
                    "lang": "akk-x-mbperi",
                    "form": "SA.GAZ"
                  }
                },
                {
                  "node": "l",
                  "frag": "šu⸣-[nu-ti]",
                  "id": "P271166.l0e0e3",
                  "ref": "P271166.22.6",
                  "inst": "%akk-x-mbperi:šu-nu-ti=",
                  "f": {
                    "lang": "akk-x-mbperi",
                    "form": "šu-nu-ti"
                  }
                },
                {
                  "node": "d",
                  "type": "nonx",
                  "ref": "P271166.23",
                  "strict": "1",
                  "extent": "n",
                  "scope": "line",
                  "state": "missing"
                },
                {
                  "node": "d",
                  "type": "line-start",
                  "ref": "P271166.24",
                  "n": "028",
                  "label": "028"
                },
                {
                  "node": "l",
                  "frag": "x",
                  "id": "P271166.l0e0e4",
                  "ref": "P271166.24.1",
                  "inst": "%akk-x-mbperi:x=",
                  "f": {
                    "lang": "akk-x-mbperi",
                    "form": "x"
                  }
                },
                {
                  "node": "l",
                  "frag": "x",
                  "id": "P271166.l0e0e5",
                  "ref": "P271166.24.2",
                  "inst": "%akk-x-mbperi:x=",
                  "f": {
                    "lang": "akk-x-mbperi",
                    "form": "x"
                  }
                },
                {
                  "node": "l",
                  "frag": "x",
                  "id": "P271166.l0e0e6",
                  "ref": "P271166.24.3",
                  "inst": "%akk-x-mbperi:x=",
                  "f": {
                    "lang": "akk-x-mbperi",
                    "form": "x"
                  }
                },
                {
                  "node": "l",
                  "frag": "...",
                  "id": "P271166.l0e0e7",
                  "ref": "P271166.24.4",
                  "inst": "%akk-x-mbperi:x=",
                  "f": {
                    "lang": "akk-x-mbperi",
                    "form": "x"
                  }
                },
                {
                  "node": "l",
                  "frag": "x",
                  "id": "P271166.l0e0e8",
                  "ref": "P271166.24.5",
                  "inst": "%akk-x-mbperi:x=",
                  "f": {
                    "lang": "akk-x-mbperi",
                    "form": "x"
                  }
                },
                {
                  "node": "l",
                  "frag": "x",
                  "id": "P271166.l0e0e9",
                  "ref": "P271166.24.6",
                  "inst": "%akk-x-mbperi:x=",
                  "f": {
                    "lang": "akk-x-mbperi",
                    "form": "x"
                  }
                },
                {
                  "node": "l",
                  "frag": "x",
                  "id": "P271166.l0e0ea",
                  "ref": "P271166.24.7",
                  "inst": "%akk-x-mbperi:x=",
                  "f": {
                    "lang": "akk-x-mbperi",
                    "form": "x"
                  }
                },
                {
                  "node": "l",
                  "frag": "x",
                  "id": "P271166.l0e0eb",
                  "ref": "P271166.24.8",
                  "inst": "%akk-x-mbperi:x=",
                  "f": {
                    "lang": "akk-x-mbperi",
                    "form": "x"
                  }
                },
                {
                  "node": "l",
                  "frag": "x",
                  "id": "P271166.l0e0ec",
                  "ref": "P271166.24.9",
                  "inst": "%akk-x-mbperi:x=",
                  "f": {
                    "lang": "akk-x-mbperi",
                    "form": "x"
                  }
                },
                {
                  "node": "l",
                  "frag": "x",
                  "id": "P271166.l0e0ed",
                  "ref": "P271166.24.10",
                  "inst": "%akk-x-mbperi:x=",
                  "f": {
                    "lang": "akk-x-mbperi",
                    "form": "x"
                  }
                },
                {
                  "node": "d",
                  "type": "line-start",
                  "ref": "P271166.25",
                  "n": "029",
                  "label": "029"
                },
                {
                  "node": "l",
                  "frag": "[x",
                  "id": "P271166.l0e0ee",
                  "ref": "P271166.25.1",
                  "inst": "%akk-x-mbperi:x=",
                  "f": {
                    "lang": "akk-x-mbperi",
                    "form": "x"
                  }
                },
                {
                  "node": "l",
                  "frag": "x]",
                  "id": "P271166.l0e0ef",
                  "ref": "P271166.25.2",
                  "inst": "%akk-x-mbperi:x=",
                  "f": {
                    "lang": "akk-x-mbperi",
                    "form": "x"
                  }
                },
                {
                  "node": "l",
                  "frag": "⸢LU₂",
                  "id": "P271166.l0e0f0",
                  "ref": "P271166.25.3",
                  "inst": "%akk-x-mbperi:LU₂=",
                  "f": {
                    "lang": "akk-x-mbperi",
                    "form": "LU₂"
                  }
                },
                {
                  "node": "l",
                  "frag": "ša⸣",
                  "id": "P271166.l0e0f1",
                  "ref": "P271166.25.4",
                  "inst": "%akk-x-mbperi:ša=",
                  "f": {
                    "lang": "akk-x-mbperi",
                    "form": "ša"
                  }
                },
                {
                  "node": "d",
                  "type": "line-start",
                  "ref": "P271166.26",
                  "n": "030",
                  "label": "030"
                },
                {
                  "node": "l",
                  "frag": "[x",
                  "id": "P271166.l0e0f2",
                  "ref": "P271166.26.1",
                  "inst": "%akk-x-mbperi:x=",
                  "f": {
                    "lang": "akk-x-mbperi",
                    "form": "x"
                  }
                },
                {
                  "node": "l",
                  "frag": "x",
                  "id": "P271166.l0e0f3",
                  "ref": "P271166.26.2",
                  "inst": "%akk-x-mbperi:x=",
                  "f": {
                    "lang": "akk-x-mbperi",
                    "form": "x"
                  }
                },
                {
                  "node": "l",
                  "frag": "x]-ru-⸢bu⸣",
                  "id": "P271166.l0e0f4",
                  "ref": "P271166.26.3",
                  "inst": "%akk-x-mbperi:x-ru-bu=",
                  "f": {
                    "lang": "akk-x-mbperi",
                    "form": "x-ru-bu"
                  }
                },
                {
                  "node": "d",
                  "type": "line-start",
                  "ref": "P271166.27",
                  "n": "031",
                  "label": "031"
                },
                {
                  "node": "l",
                  "frag": "[x",
                  "id": "P271166.l0e0f5",
                  "ref": "P271166.27.1",
                  "inst": "%akk-x-mbperi:x=",
                  "f": {
                    "lang": "akk-x-mbperi",
                    "form": "x"
                  }
                },
                {
                  "node": "l",
                  "frag": "x]",
                  "id": "P271166.l0e0f6",
                  "ref": "P271166.27.2",
                  "inst": "%akk-x-mbperi:x=",
                  "f": {
                    "lang": "akk-x-mbperi",
                    "form": "x"
                  }
                },
                {
                  "node": "l",
                  "frag": "id-⸢din⸣",
                  "id": "P271166.l0e0f7",
                  "ref": "P271166.27.3",
                  "inst": "%akk-x-mbperi:id-din=",
                  "f": {
                    "lang": "akk-x-mbperi",
                    "form": "id-din"
                  }
                },
                {
                  "node": "d",
                  "type": "line-start",
                  "ref": "P271166.28",
                  "n": "032",
                  "label": "032"
                },
                {
                  "node": "l",
                  "frag": "[x",
                  "id": "P271166.l0e0f8",
                  "ref": "P271166.28.1",
                  "inst": "%akk-x-mbperi:x=",
                  "f": {
                    "lang": "akk-x-mbperi",
                    "form": "x"
                  }
                },
                {
                  "node": "l",
                  "frag": "x]-⸢ma⸣",
                  "id": "P271166.l0e0f9",
                  "ref": "P271166.28.2",
                  "inst": "%akk-x-mbperi:x-ma=",
                  "f": {
                    "lang": "akk-x-mbperi",
                    "form": "x-ma"
                  }
                },
                {
                  "node": "l",
                  "frag": "u₃",
                  "id": "P271166.l0e0fa",
                  "ref": "P271166.28.3",
                  "inst": "%akk-x-mbperi:u₃=",
                  "f": {
                    "lang": "akk-x-mbperi",
                    "form": "u₃"
                  }
                },
                {
                  "node": "l",
                  "frag": "li-[de₄]",
                  "id": "P271166.l0e0fb",
                  "ref": "P271166.28.4",
                  "inst": "%akk-x-mbperi:li-de₄=",
                  "f": {
                    "lang": "akk-x-mbperi",
                    "form": "li-de₄"
                  }
                },
                {
                  "node": "d",
                  "type": "line-start",
                  "ref": "P271166.29",
                  "n": "033",
                  "label": "033"
                },
                {
                  "node": "l",
                  "frag": "[x",
                  "id": "P271166.l0e0fc",
                  "ref": "P271166.29.1",
                  "inst": "%akk-x-mbperi:x=",
                  "f": {
                    "lang": "akk-x-mbperi",
                    "form": "x"
                  }
                },
                {
                  "node": "l",
                  "frag": "x",
                  "id": "P271166.l0e0fd",
                  "ref": "P271166.29.2",
                  "inst": "%akk-x-mbperi:x=",
                  "f": {
                    "lang": "akk-x-mbperi",
                    "form": "x"
                  }
                },
                {
                  "node": "l",
                  "frag": "x]",
                  "id": "P271166.l0e0fe",
                  "ref": "P271166.29.3",
                  "inst": "%akk-x-mbperi:x=",
                  "f": {
                    "lang": "akk-x-mbperi",
                    "form": "x"
                  }
                },
                {
                  "node": "l",
                  "frag": "a-na",
                  "id": "P271166.l0e0ff",
                  "ref": "P271166.29.4",
                  "inst": "%akk-x-mbperi:a-na=",
                  "f": {
                    "lang": "akk-x-mbperi",
                    "form": "a-na"
                  }
                },
                {
                  "node": "l",
                  "frag": "ia-[ši]",
                  "id": "P271166.l0e100",
                  "ref": "P271166.29.5",
                  "inst": "%akk-x-mbperi:ia-ši=",
                  "f": {
                    "lang": "akk-x-mbperi",
                    "form": "ia-ši"
                  }
                },
                {
                  "node": "d",
                  "type": "line-start",
                  "ref": "P271166.30",
                  "n": "034",
                  "label": "034"
                },
                {
                  "node": "l",
                  "frag": "[x",
                  "id": "P271166.l0e101",
                  "ref": "P271166.30.1",
                  "inst": "%akk-x-mbperi:x=",
                  "f": {
                    "lang": "akk-x-mbperi",
                    "form": "x"
                  }
                },
                {
                  "node": "l",
                  "frag": "x]",
                  "id": "P271166.l0e102",
                  "ref": "P271166.30.2",
                  "inst": "%akk-x-mbperi:x=",
                  "f": {
                    "lang": "akk-x-mbperi",
                    "form": "x"
                  }
                },
                {
                  "node": "l",
                  "frag": "ti",
                  "id": "P271166.l0e103",
                  "ref": "P271166.30.3",
                  "inst": "%akk-x-mbperi:ti=",
                  "f": {
                    "lang": "akk-x-mbperi",
                    "form": "ti"
                  }
                },
                {
                  "node": "l",
                  "frag": "a-mur",
                  "id": "P271166.l0e104",
                  "ref": "P271166.30.4",
                  "inst": "%akk-x-mbperi:a-mur=",
                  "f": {
                    "lang": "akk-x-mbperi",
                    "form": "a-mur"
                  }
                },
                {
                  "node": "l",
                  "frag": "[...]",
                  "id": "P271166.l0e105",
                  "ref": "P271166.30.5",
                  "inst": "%akk-x-mbperi:x=",
                  "f": {
                    "lang": "akk-x-mbperi",
                    "form": "x"
                  }
                },
                {
                  "node": "d",
                  "type": "line-start",
                  "ref": "P271166.31",
                  "n": "035",
                  "label": "035"
                },
                {
                  "node": "l",
                  "frag": "[x",
                  "id": "P271166.l0e106",
                  "ref": "P271166.31.1",
                  "inst": "%akk-x-mbperi:x=",
                  "f": {
                    "lang": "akk-x-mbperi",
                    "form": "x"
                  }
                },
                {
                  "node": "l",
                  "frag": "x]",
                  "id": "P271166.l0e107",
                  "ref": "P271166.31.2",
                  "inst": "%akk-x-mbperi:x=",
                  "f": {
                    "lang": "akk-x-mbperi",
                    "form": "x"
                  }
                },
                {
                  "node": "l",
                  "frag": "MEŠ",
                  "id": "P271166.l0e108",
                  "ref": "P271166.31.3",
                  "inst": "%akk-x-mbperi:MEŠ=",
                  "f": {
                    "lang": "akk-x-mbperi",
                    "form": "MEŠ"
                  }
                },
                {
                  "node": "d",
                  "frag": "*",
                  "type": "punct",
                  "ref": "P271166.31.4",
                  "lang": "akk-x-mbperi",
                  "gdl_delim": " "
                },
                {
                  "node": "l",
                  "frag": "ia-a-⸢pu⸣",
                  "id": "P271166.l0e109",
                  "ref": "P271166.31.5",
                  "inst": "%akk-x-mbperi:ia-a-pu=",
                  "f": {
                    "lang": "akk-x-mbperi",
                    "form": "ia-a-pu"
                  }
                },
                {
                  "node": "d",
                  "type": "line-start",
                  "ref": "P271166.32",
                  "n": "036",
                  "label": "036"
                },
                {
                  "node": "l",
                  "frag": "[x",
                  "id": "P271166.l0e10a",
                  "ref": "P271166.32.1",
                  "inst": "%akk-x-mbperi:x=",
                  "f": {
                    "lang": "akk-x-mbperi",
                    "form": "x"
                  }
                },
                {
                  "node": "l",
                  "frag": "x]",
                  "id": "P271166.l0e10b",
                  "ref": "P271166.32.2",
                  "inst": "%akk-x-mbperi:x=",
                  "f": {
                    "lang": "akk-x-mbperi",
                    "form": "x"
                  }
                },
                {
                  "node": "l",
                  "frag": "⸢li⸣-šu",
                  "id": "P271166.l0e10c",
                  "ref": "P271166.32.3",
                  "inst": "%akk-x-mbperi:li-šu=",
                  "f": {
                    "lang": "akk-x-mbperi",
                    "form": "li-šu"
                  }
                },
                {
                  "node": "l",
                  "frag": "⸢UGU⸣",
                  "id": "P271166.l0e10d",
                  "ref": "P271166.32.4",
                  "inst": "%akk-x-mbperi:UGU=",
                  "f": {
                    "lang": "akk-x-mbperi",
                    "form": "UGU"
                  }
                },
                {
                  "node": "d",
                  "type": "line-start",
                  "ref": "P271166.33",
                  "n": "037",
                  "label": "037"
                },
                {
                  "node": "l",
                  "frag": "[x",
                  "id": "P271166.l0e10e",
                  "ref": "P271166.33.1",
                  "inst": "%akk-x-mbperi:x=",
                  "f": {
                    "lang": "akk-x-mbperi",
                    "form": "x"
                  }
                },
                {
                  "node": "l",
                  "frag": "x",
                  "id": "P271166.l0e10f",
                  "ref": "P271166.33.2",
                  "inst": "%akk-x-mbperi:x=",
                  "f": {
                    "lang": "akk-x-mbperi",
                    "form": "x"
                  }
                },
                {
                  "node": "l",
                  "frag": "x]",
                  "id": "P271166.l0e110",
                  "ref": "P271166.33.3",
                  "inst": "%akk-x-mbperi:x=",
                  "f": {
                    "lang": "akk-x-mbperi",
                    "form": "x"
                  }
                },
                {
                  "node": "l",
                  "frag": "a-na",
                  "id": "P271166.l0e111",
                  "ref": "P271166.33.4",
                  "inst": "%akk-x-mbperi:a-na=",
                  "f": {
                    "lang": "akk-x-mbperi",
                    "form": "a-na"
                  }
                },
                {
                  "node": "l",
                  "frag": "[...]",
                  "id": "P271166.l0e112",
                  "ref": "P271166.33.5",
                  "inst": "%akk-x-mbperi:x=",
                  "f": {
                    "lang": "akk-x-mbperi",
                    "form": "x"
                  }
                },
                {
                  "node": "d",
                  "type": "line-start",
                  "ref": "P271166.34",
                  "n": "038",
                  "label": "038"
                },
                {
                  "node": "l",
                  "frag": "[x",
                  "id": "P271166.l0e113",
                  "ref": "P271166.34.1",
                  "inst": "%akk-x-mbperi:x=",
                  "f": {
                    "lang": "akk-x-mbperi",
                    "form": "x"
                  }
                },
                {
                  "node": "l",
                  "frag": "x",
                  "id": "P271166.l0e114",
                  "ref": "P271166.34.2",
                  "inst": "%akk-x-mbperi:x=",
                  "f": {
                    "lang": "akk-x-mbperi",
                    "form": "x"
                  }
                },
                {
                  "node": "l",
                  "frag": "x]",
                  "id": "P271166.l0e115",
                  "ref": "P271166.34.3",
                  "inst": "%akk-x-mbperi:x=",
                  "f": {
                    "lang": "akk-x-mbperi",
                    "form": "x"
                  }
                },
                {
                  "node": "l",
                  "frag": "⸢ša⸣",
                  "id": "P271166.l0e116",
                  "ref": "P271166.34.4",
                  "inst": "%akk-x-mbperi:ša=",
                  "f": {
                    "lang": "akk-x-mbperi",
                    "form": "ša"
                  }
                }
              ]
            }
          ]
        }
      ]
    }
  ]
}
