{
  "type": "cdl",
  "source": "http://oracc.org/contrib/amarna",
  "license": "This data is released under the CC0 license",
  "license-url": "https://creativecommons.org/publicdomain/zero/1.0/",
  "more-info": "http://oracc.org/doc/opendata/",
  "UTC-timestamp": "2017-06-09T23:27:55",
  "project": "contrib/amarna",
  "textid": "P271081",
  "cdl": [
    {
      "node": "c",
      "type": "text",
      "id": "P271081.U0",
      "cdl": [
        {
          "node": "d",
          "type": "surface",
          "ref": ""
        },
        {
          "node": "c",
          "type": "discourse",
          "subtype": "body",
          "id": "P271081.U1",
          "cdl": [
            {
              "node": "c",
              "type": "sentence",
              "id": "P271081.U2",
              "label": "001 - 047",
              "cdl": [
                {
                  "node": "d",
                  "type": "line-start",
                  "ref": "P271081.1",
                  "n": "001",
                  "label": "001"
                },
                {
                  "node": "l",
                  "frag": "[m.ri]-⸢ib⸣-d.IŠKUR",
                  "id": "P271081.l0a9ce",
                  "ref": "P271081.1.1",
                  "inst": "%akk-x-mbperi:m.ri-ib-d.IŠKUR=",
                  "f": {
                    "lang": "akk-x-mbperi",
                    "form": "m.ri-ib-d.IŠKUR"
                  }
                },
                {
                  "node": "l",
                  "frag": "iq-bi",
                  "id": "P271081.l0a9cf",
                  "ref": "P271081.1.2",
                  "inst": "%akk-x-mbperi:iq-bi=",
                  "f": {
                    "lang": "akk-x-mbperi",
                    "form": "iq-bi"
                  }
                },
                {
                  "node": "d",
                  "type": "line-start",
                  "ref": "P271081.2",
                  "n": "002",
                  "label": "002"
                },
                {
                  "node": "l",
                  "frag": "[a-na",
                  "id": "P271081.l0a9d0",
                  "ref": "P271081.2.1",
                  "inst": "%akk-x-mbperi:a-na=",
                  "f": {
                    "lang": "akk-x-mbperi",
                    "form": "a-na"
                  }
                },
                {
                  "node": "l",
                  "frag": "EN]-šu",
                  "id": "P271081.l0a9d1",
                  "ref": "P271081.2.2",
                  "inst": "%akk-x-mbperi:EN-šu=",
                  "f": {
                    "lang": "akk-x-mbperi",
                    "form": "EN-šu"
                  }
                },
                {
                  "node": "l",
                  "frag": "LUGAL",
                  "id": "P271081.l0a9d2",
                  "ref": "P271081.2.3",
                  "inst": "%akk-x-mbperi:LUGAL=",
                  "f": {
                    "lang": "akk-x-mbperi",
                    "form": "LUGAL"
                  }
                },
                {
                  "node": "l",
                  "frag": "KUR.KUR{ki}",
                  "id": "P271081.l0a9d3",
                  "ref": "P271081.2.4",
                  "inst": "%akk-x-mbperi:KUR.KUR{ki}=",
                  "f": {
                    "lang": "akk-x-mbperi",
                    "form": "KUR.KUR{ki}"
                  }
                },
                {
                  "node": "l",
                  "frag": "⸢LUGAL",
                  "id": "P271081.l0a9d4",
                  "ref": "P271081.2.5",
                  "inst": "%akk-x-mbperi:LUGAL=",
                  "f": {
                    "lang": "akk-x-mbperi",
                    "form": "LUGAL"
                  }
                },
                {
                  "node": "l",
                  "frag": "GAL⸣",
                  "id": "P271081.l0a9d5",
                  "ref": "P271081.2.6",
                  "inst": "%akk-x-mbperi:GAL=",
                  "f": {
                    "lang": "akk-x-mbperi",
                    "form": "GAL"
                  }
                },
                {
                  "node": "d",
                  "type": "line-start",
                  "ref": "P271081.3",
                  "n": "003",
                  "label": "003"
                },
                {
                  "node": "l",
                  "frag": "[LUGAL",
                  "id": "P271081.l0a9d6",
                  "ref": "P271081.3.1",
                  "inst": "%akk-x-mbperi:LUGAL=",
                  "f": {
                    "lang": "akk-x-mbperi",
                    "form": "LUGAL"
                  }
                },
                {
                  "node": "l",
                  "frag": "ta]-am-ha-ra",
                  "id": "P271081.l0a9d7",
                  "ref": "P271081.3.2",
                  "inst": "%akk-x-mbperi:ta-am-ha-ra=",
                  "f": {
                    "lang": "akk-x-mbperi",
                    "form": "ta-am-ha-ra"
                  }
                },
                {
                  "node": "l",
                  "frag": "{d}NIN",
                  "id": "P271081.l0a9d8",
                  "ref": "P271081.3.3",
                  "inst": "%akk-x-mbperi:{d}NIN=",
                  "f": {
                    "lang": "akk-x-mbperi",
                    "form": "{d}NIN"
                  }
                },
                {
                  "node": "d",
                  "type": "line-start",
                  "ref": "P271081.4",
                  "n": "004",
                  "label": "004"
                },
                {
                  "node": "l",
                  "frag": "[ša]",
                  "id": "P271081.l0a9d9",
                  "ref": "P271081.4.1",
                  "inst": "%akk-x-mbperi:ša=",
                  "f": {
                    "lang": "akk-x-mbperi",
                    "form": "ša"
                  }
                },
                {
                  "node": "l",
                  "frag": "URU",
                  "id": "P271081.l0a9da",
                  "ref": "P271081.4.2",
                  "inst": "%akk-x-mbperi:URU=",
                  "f": {
                    "lang": "akk-x-mbperi",
                    "form": "URU"
                  }
                },
                {
                  "node": "l",
                  "frag": "gub-la",
                  "id": "P271081.l0a9db",
                  "ref": "P271081.4.3",
                  "inst": "%akk-x-mbperi:gub-la=",
                  "f": {
                    "lang": "akk-x-mbperi",
                    "form": "gub-la"
                  }
                },
                {
                  "node": "l",
                  "frag": "ti-di-in₄",
                  "id": "P271081.l0a9dc",
                  "ref": "P271081.4.4",
                  "inst": "%akk-x-mbperi:ti-di-in₄=",
                  "f": {
                    "lang": "akk-x-mbperi",
                    "form": "ti-di-in₄"
                  }
                },
                {
                  "node": "d",
                  "type": "line-start",
                  "ref": "P271081.5",
                  "n": "005",
                  "label": "005"
                },
                {
                  "node": "l",
                  "frag": "[KALAG].⸢GA⸣",
                  "id": "P271081.l0a9dd",
                  "ref": "P271081.5.1",
                  "inst": "%akk-x-mbperi:KALAG.GA=",
                  "f": {
                    "lang": "akk-x-mbperi",
                    "form": "KALAG.GA"
                  }
                },
                {
                  "node": "l",
                  "frag": "a-na",
                  "id": "P271081.l0a9de",
                  "ref": "P271081.5.2",
                  "inst": "%akk-x-mbperi:a-na=",
                  "f": {
                    "lang": "akk-x-mbperi",
                    "form": "a-na"
                  }
                },
                {
                  "node": "l",
                  "frag": "LUGAL-ri",
                  "id": "P271081.l0a9df",
                  "ref": "P271081.5.3",
                  "inst": "%akk-x-mbperi:LUGAL-ri=",
                  "f": {
                    "lang": "akk-x-mbperi",
                    "form": "LUGAL-ri"
                  }
                },
                {
                  "node": "l",
                  "frag": "EN-ia",
                  "id": "P271081.l0a9e0",
                  "ref": "P271081.5.4",
                  "inst": "%akk-x-mbperi:EN-ia=",
                  "f": {
                    "lang": "akk-x-mbperi",
                    "form": "EN-ia"
                  }
                },
                {
                  "node": "d",
                  "type": "line-start",
                  "ref": "P271081.6",
                  "n": "006",
                  "label": "006"
                },
                {
                  "node": "l",
                  "frag": "[a-na]",
                  "id": "P271081.l0a9e1",
                  "ref": "P271081.6.1",
                  "inst": "%akk-x-mbperi:a-na=",
                  "f": {
                    "lang": "akk-x-mbperi",
                    "form": "a-na"
                  }
                },
                {
                  "node": "l",
                  "frag": "GIR₃.MEŠ",
                  "id": "P271081.l0a9e2",
                  "ref": "P271081.6.2",
                  "inst": "%akk-x-mbperi:GIR₃.MEŠ=",
                  "f": {
                    "lang": "akk-x-mbperi",
                    "form": "GIR₃.MEŠ"
                  }
                },
                {
                  "node": "l",
                  "frag": "EN-ia",
                  "id": "P271081.l0a9e3",
                  "ref": "P271081.6.3",
                  "inst": "%akk-x-mbperi:EN-ia=",
                  "f": {
                    "lang": "akk-x-mbperi",
                    "form": "EN-ia"
                  }
                },
                {
                  "node": "l",
                  "frag": "{d}UTU-ia",
                  "id": "P271081.l0a9e4",
                  "ref": "P271081.6.4",
                  "inst": "%akk-x-mbperi:{d}UTU-ia=",
                  "f": {
                    "lang": "akk-x-mbperi",
                    "form": "{d}UTU-ia"
                  }
                },
                {
                  "node": "d",
                  "type": "line-start",
                  "ref": "P271081.7",
                  "n": "007",
                  "label": "007"
                },
                {
                  "node": "l",
                  "frag": "7-šu",
                  "id": "P271081.l0a9e5",
                  "ref": "P271081.7.1",
                  "inst": "%akk-x-mbperi:7-šu=",
                  "f": {
                    "lang": "akk-x-mbperi",
                    "form": "7-šu"
                  }
                },
                {
                  "node": "l",
                  "frag": "7-a-an",
                  "id": "P271081.l0a9e6",
                  "ref": "P271081.7.2",
                  "inst": "%akk-x-mbperi:7-a-an=",
                  "f": {
                    "lang": "akk-x-mbperi",
                    "form": "7-a-an"
                  }
                },
                {
                  "node": "l",
                  "frag": "am-qu₂-ut",
                  "id": "P271081.l0a9e7",
                  "ref": "P271081.7.3",
                  "inst": "%akk-x-mbperi:am-qu₂-ut=",
                  "f": {
                    "lang": "akk-x-mbperi",
                    "form": "am-qu₂-ut"
                  }
                },
                {
                  "node": "l",
                  "frag": "li-ma-ad",
                  "id": "P271081.l0a9e8",
                  "ref": "P271081.7.4",
                  "inst": "%akk-x-mbperi:li-ma-ad=",
                  "f": {
                    "lang": "akk-x-mbperi",
                    "form": "li-ma-ad"
                  }
                },
                {
                  "node": "d",
                  "type": "line-start",
                  "ref": "P271081.8",
                  "n": "008",
                  "label": "008"
                },
                {
                  "node": "l",
                  "frag": "i-nu-ma",
                  "id": "P271081.l0a9e9",
                  "ref": "P271081.8.1",
                  "inst": "%akk-x-mbperi:i-nu-ma=",
                  "f": {
                    "lang": "akk-x-mbperi",
                    "form": "i-nu-ma"
                  }
                },
                {
                  "node": "l",
                  "frag": "iš-tu",
                  "id": "P271081.l0a9ea",
                  "ref": "P271081.8.2",
                  "inst": "%akk-x-mbperi:iš-tu=",
                  "f": {
                    "lang": "akk-x-mbperi",
                    "form": "iš-tu"
                  }
                },
                {
                  "node": "l",
                  "frag": "ka-ša-ad",
                  "id": "P271081.l0a9eb",
                  "ref": "P271081.8.3",
                  "inst": "%akk-x-mbperi:ka-ša-ad=",
                  "f": {
                    "lang": "akk-x-mbperi",
                    "form": "ka-ša-ad"
                  }
                },
                {
                  "node": "d",
                  "type": "line-start",
                  "ref": "P271081.9",
                  "n": "009",
                  "label": "009"
                },
                {
                  "node": "l",
                  "frag": "{m}a-ma-an-ap-pa",
                  "id": "P271081.l0a9ec",
                  "ref": "P271081.9.1",
                  "inst": "%akk-x-mbperi:{m}a-ma-an-ap-pa=",
                  "f": {
                    "lang": "akk-x-mbperi",
                    "form": "{m}a-ma-an-ap-pa"
                  }
                },
                {
                  "node": "l",
                  "frag": "a-na",
                  "id": "P271081.l0a9ed",
                  "ref": "P271081.9.2",
                  "inst": "%akk-x-mbperi:a-na=",
                  "f": {
                    "lang": "akk-x-mbperi",
                    "form": "a-na"
                  }
                },
                {
                  "node": "l",
                  "frag": "mu-hi-ia",
                  "id": "P271081.l0a9ee",
                  "ref": "P271081.9.3",
                  "inst": "%akk-x-mbperi:mu-hi-ia=",
                  "f": {
                    "lang": "akk-x-mbperi",
                    "form": "mu-hi-ia"
                  }
                },
                {
                  "node": "d",
                  "type": "line-start",
                  "ref": "P271081.10",
                  "n": "010",
                  "label": "010"
                },
                {
                  "node": "l",
                  "frag": "ka-li",
                  "id": "P271081.l0a9ef",
                  "ref": "P271081.10.1",
                  "inst": "%akk-x-mbperi:ka-li=",
                  "f": {
                    "lang": "akk-x-mbperi",
                    "form": "ka-li"
                  }
                },
                {
                  "node": "l",
                  "frag": "LU₂.MEŠ",
                  "id": "P271081.l0a9f0",
                  "ref": "P271081.10.2",
                  "inst": "%akk-x-mbperi:LU₂.MEŠ=",
                  "f": {
                    "lang": "akk-x-mbperi",
                    "form": "LU₂.MEŠ"
                  }
                },
                {
                  "node": "l",
                  "frag": "GAZ.MEŠ",
                  "id": "P271081.l0a9f1",
                  "ref": "P271081.10.3",
                  "inst": "%akk-x-mbperi:GAZ.MEŠ=",
                  "f": {
                    "lang": "akk-x-mbperi",
                    "form": "GAZ.MEŠ"
                  }
                },
                {
                  "node": "l",
                  "frag": "na-⸢ad⸣-nu",
                  "id": "P271081.l0a9f2",
                  "ref": "P271081.10.4",
                  "inst": "%akk-x-mbperi:na-ad-nu=",
                  "f": {
                    "lang": "akk-x-mbperi",
                    "form": "na-ad-nu"
                  }
                },
                {
                  "node": "d",
                  "type": "line-start",
                  "ref": "P271081.11",
                  "n": "011",
                  "label": "011"
                },
                {
                  "node": "l",
                  "frag": "pa-ni-šu-nu",
                  "id": "P271081.l0a9f3",
                  "ref": "P271081.11.1",
                  "inst": "%akk-x-mbperi:pa-ni-šu-nu=",
                  "f": {
                    "lang": "akk-x-mbperi",
                    "form": "pa-ni-šu-nu"
                  }
                },
                {
                  "node": "l",
                  "frag": "a-na",
                  "id": "P271081.l0a9f4",
                  "ref": "P271081.11.2",
                  "inst": "%akk-x-mbperi:a-na=",
                  "f": {
                    "lang": "akk-x-mbperi",
                    "form": "a-na"
                  }
                },
                {
                  "node": "l",
                  "frag": "ia-ši",
                  "id": "P271081.l0a9f5",
                  "ref": "P271081.11.3",
                  "inst": "%akk-x-mbperi:ia-ši=",
                  "f": {
                    "lang": "akk-x-mbperi",
                    "form": "ia-ši"
                  }
                },
                {
                  "node": "l",
                  "frag": "a-⸢na⸣",
                  "id": "P271081.l0a9f6",
                  "ref": "P271081.11.4",
                  "inst": "%akk-x-mbperi:a-na=",
                  "f": {
                    "lang": "akk-x-mbperi",
                    "form": "a-na"
                  }
                },
                {
                  "node": "d",
                  "type": "line-start",
                  "ref": "P271081.12",
                  "n": "012",
                  "label": "012"
                },
                {
                  "node": "l",
                  "frag": "KA",
                  "id": "P271081.l0a9f7",
                  "ref": "P271081.12.1",
                  "inst": "%akk-x-mbperi:KA=",
                  "f": {
                    "lang": "akk-x-mbperi",
                    "form": "KA"
                  }
                },
                {
                  "node": "d",
                  "frag": ":\"",
                  "type": "punct",
                  "ref": "P271081.12.2",
                  "lang": "akk-x-mbperi",
                  "gdl_delim": " "
                },
                {
                  "node": "l",
                  "frag": "pi₂-i",
                  "id": "P271081.l0a9f8",
                  "ref": "P271081.12.3",
                  "inst": "%akk-x-mbperi:pi₂-i=",
                  "f": {
                    "lang": "akk-x-mbperi",
                    "form": "pi₂-i"
                  }
                },
                {
                  "node": "l",
                  "frag": "{m}IR₃-a-ši-ir-[ta]",
                  "id": "P271081.l0a9f9",
                  "ref": "P271081.12.4",
                  "inst": "%akk-x-mbperi:{m}IR₃-a-ši-ir-ta=",
                  "f": {
                    "lang": "akk-x-mbperi",
                    "form": "{m}IR₃-a-ši-ir-ta"
                  }
                },
                {
                  "node": "d",
                  "type": "line-start",
                  "ref": "P271081.13",
                  "n": "013",
                  "label": "013"
                },
                {
                  "node": "l",
                  "frag": "u₃",
                  "id": "P271081.l0a9fa",
                  "ref": "P271081.13.1",
                  "inst": "%akk-x-mbperi:u₃=",
                  "f": {
                    "lang": "akk-x-mbperi",
                    "form": "u₃"
                  }
                },
                {
                  "node": "l",
                  "frag": "yi-iš₃-me",
                  "id": "P271081.l0a9fb",
                  "ref": "P271081.13.2",
                  "inst": "%akk-x-mbperi:yi-iš₃-me=",
                  "f": {
                    "lang": "akk-x-mbperi",
                    "form": "yi-iš₃-me"
                  }
                },
                {
                  "node": "l",
                  "frag": "EN-li",
                  "id": "P271081.l0a9fc",
                  "ref": "P271081.13.3",
                  "inst": "%akk-x-mbperi:EN-li=",
                  "f": {
                    "lang": "akk-x-mbperi",
                    "form": "EN-li"
                  }
                },
                {
                  "node": "d",
                  "type": "line-start",
                  "ref": "P271081.14",
                  "n": "014",
                  "label": "014"
                },
                {
                  "node": "l",
                  "frag": "a-wa-te.MEŠ",
                  "id": "P271081.l0a9fd",
                  "ref": "P271081.14.1",
                  "inst": "%akk-x-mbperi:a-wa-te.MEŠ=",
                  "f": {
                    "lang": "akk-x-mbperi",
                    "form": "a-wa-te.MEŠ"
                  }
                },
                {
                  "node": "l",
                  "frag": "IR₃-šu",
                  "id": "P271081.l0a9fe",
                  "ref": "P271081.14.2",
                  "inst": "%akk-x-mbperi:IR₃-šu=",
                  "f": {
                    "lang": "akk-x-mbperi",
                    "form": "IR₃-šu"
                  }
                },
                {
                  "node": "l",
                  "frag": "u₃",
                  "id": "P271081.l0a9ff",
                  "ref": "P271081.14.3",
                  "inst": "%akk-x-mbperi:u₃=",
                  "f": {
                    "lang": "akk-x-mbperi",
                    "form": "u₃"
                  }
                },
                {
                  "node": "l",
                  "frag": "[yu-wa-ši]-⸢ra⸣-ni",
                  "id": "P271081.l0aa00",
                  "ref": "P271081.14.4",
                  "inst": "%akk-x-mbperi:yu-wa-ši-ra-ni=",
                  "f": {
                    "lang": "akk-x-mbperi",
                    "form": "yu-wa-ši-ra-ni"
                  }
                },
                {
                  "node": "d",
                  "type": "line-start",
                  "ref": "P271081.15",
                  "n": "015",
                  "label": "015"
                },
                {
                  "node": "l",
                  "frag": "LU₂.MEŠ",
                  "id": "P271081.l0aa01",
                  "ref": "P271081.15.1",
                  "inst": "%akk-x-mbperi:LU₂.MEŠ=",
                  "f": {
                    "lang": "akk-x-mbperi",
                    "form": "LU₂.MEŠ"
                  }
                },
                {
                  "node": "l",
                  "frag": "ma-ṣa-ar-ta",
                  "id": "P271081.l0aa02",
                  "ref": "P271081.15.2",
                  "inst": "%akk-x-mbperi:ma-ṣa-ar-ta=",
                  "f": {
                    "lang": "akk-x-mbperi",
                    "form": "ma-ṣa-ar-ta"
                  }
                },
                {
                  "node": "l",
                  "frag": "a-⸢na⸣",
                  "id": "P271081.l0aa03",
                  "ref": "P271081.15.3",
                  "inst": "%akk-x-mbperi:a-na=",
                  "f": {
                    "lang": "akk-x-mbperi",
                    "form": "a-na"
                  }
                },
                {
                  "node": "d",
                  "type": "line-start",
                  "ref": "P271081.16",
                  "n": "016",
                  "label": "016"
                },
                {
                  "node": "l",
                  "frag": "na-ṣa-ar",
                  "id": "P271081.l0aa04",
                  "ref": "P271081.16.1",
                  "inst": "%akk-x-mbperi:na-ṣa-ar=",
                  "f": {
                    "lang": "akk-x-mbperi",
                    "form": "na-ṣa-ar"
                  }
                },
                {
                  "node": "l",
                  "frag": "URU",
                  "id": "P271081.l0aa05",
                  "ref": "P271081.16.2",
                  "inst": "%akk-x-mbperi:URU=",
                  "f": {
                    "lang": "akk-x-mbperi",
                    "form": "URU"
                  }
                },
                {
                  "node": "l",
                  "frag": "LUGAL",
                  "id": "P271081.l0aa06",
                  "ref": "P271081.16.3",
                  "inst": "%akk-x-mbperi:LUGAL=",
                  "f": {
                    "lang": "akk-x-mbperi",
                    "form": "LUGAL"
                  }
                },
                {
                  "node": "l",
                  "frag": "a-[di]",
                  "id": "P271081.l0aa07",
                  "ref": "P271081.16.4",
                  "inst": "%akk-x-mbperi:a-di=",
                  "f": {
                    "lang": "akk-x-mbperi",
                    "form": "a-di"
                  }
                },
                {
                  "node": "d",
                  "type": "line-start",
                  "ref": "P271081.17",
                  "n": "017",
                  "label": "017"
                },
                {
                  "node": "l",
                  "frag": "[a]-ṣa",
                  "id": "P271081.l0aa08",
                  "ref": "P271081.17.1",
                  "inst": "%akk-x-mbperi:a-ṣa=",
                  "f": {
                    "lang": "akk-x-mbperi",
                    "form": "a-ṣa"
                  }
                },
                {
                  "node": "l",
                  "frag": "ERIN₂.MEŠ",
                  "id": "P271081.l0aa09",
                  "ref": "P271081.17.2",
                  "inst": "%akk-x-mbperi:ERIN₂.MEŠ=",
                  "f": {
                    "lang": "akk-x-mbperi",
                    "form": "ERIN₂.MEŠ"
                  }
                },
                {
                  "node": "l",
                  "frag": "pi₂-ṭa₂-ti",
                  "id": "P271081.l0aa0a",
                  "ref": "P271081.17.3",
                  "inst": "%akk-x-mbperi:pi₂-ṭa₂-ti=",
                  "f": {
                    "lang": "akk-x-mbperi",
                    "form": "pi₂-ṭa₂-ti"
                  }
                },
                {
                  "node": "d",
                  "type": "line-start",
                  "ref": "P271081.18",
                  "n": "018",
                  "label": "018"
                },
                {
                  "node": "l",
                  "frag": "[šum]-⸢ma⸣",
                  "id": "P271081.l0aa0b",
                  "ref": "P271081.18.1",
                  "inst": "%akk-x-mbperi:šum-ma=",
                  "f": {
                    "lang": "akk-x-mbperi",
                    "form": "šum-ma"
                  }
                },
                {
                  "node": "l",
                  "frag": "ia-nu",
                  "id": "P271081.l0aa0c",
                  "ref": "P271081.18.2",
                  "inst": "%akk-x-mbperi:ia-nu=",
                  "f": {
                    "lang": "akk-x-mbperi",
                    "form": "ia-nu"
                  }
                },
                {
                  "node": "l",
                  "frag": "ERIN₂.MEŠ",
                  "id": "P271081.l0aa0d",
                  "ref": "P271081.18.3",
                  "inst": "%akk-x-mbperi:ERIN₂.MEŠ=",
                  "f": {
                    "lang": "akk-x-mbperi",
                    "form": "ERIN₂.MEŠ"
                  }
                },
                {
                  "node": "l",
                  "frag": "pi₂-⸢pi₂⸣-[ṭa₂-ti]",
                  "id": "P271081.l0aa0e",
                  "ref": "P271081.18.4",
                  "inst": "%akk-x-mbperi:pi₂-pi₂-ṭa₂-ti=",
                  "f": {
                    "lang": "akk-x-mbperi",
                    "form": "pi₂-pi₂-ṭa₂-ti"
                  }
                },
                {
                  "node": "d",
                  "type": "line-start",
                  "ref": "P271081.19",
                  "n": "019",
                  "label": "019"
                },
                {
                  "node": "l",
                  "frag": "u₃",
                  "id": "P271081.l0aa0f",
                  "ref": "P271081.19.1",
                  "inst": "%akk-x-mbperi:u₃=",
                  "f": {
                    "lang": "akk-x-mbperi",
                    "form": "u₃"
                  }
                },
                {
                  "node": "l",
                  "frag": "in₄-ne₂-⸢ep⸣-šu",
                  "id": "P271081.l0aa10",
                  "ref": "P271081.19.2",
                  "inst": "%akk-x-mbperi:in₄-ne₂-ep-šu=",
                  "f": {
                    "lang": "akk-x-mbperi",
                    "form": "in₄-ne₂-ep-šu"
                  }
                },
                {
                  "node": "l",
                  "frag": "ka-[li]",
                  "id": "P271081.l0aa11",
                  "ref": "P271081.19.3",
                  "inst": "%akk-x-mbperi:ka-li=",
                  "f": {
                    "lang": "akk-x-mbperi",
                    "form": "ka-li"
                  }
                },
                {
                  "node": "d",
                  "type": "line-start",
                  "ref": "P271081.20",
                  "n": "020",
                  "label": "020"
                },
                {
                  "node": "l",
                  "frag": "KUR.MEŠ",
                  "id": "P271081.l0aa12",
                  "ref": "P271081.20.1",
                  "inst": "%akk-x-mbperi:KUR.MEŠ=",
                  "f": {
                    "lang": "akk-x-mbperi",
                    "form": "KUR.MEŠ"
                  }
                },
                {
                  "node": "l",
                  "frag": "a-na",
                  "id": "P271081.l0aa13",
                  "ref": "P271081.20.2",
                  "inst": "%akk-x-mbperi:a-na=",
                  "f": {
                    "lang": "akk-x-mbperi",
                    "form": "a-na"
                  }
                },
                {
                  "node": "l",
                  "frag": "LU₂.⸢MEŠ",
                  "id": "P271081.l0aa14",
                  "ref": "P271081.20.3",
                  "inst": "%akk-x-mbperi:LU₂.MEŠ=",
                  "f": {
                    "lang": "akk-x-mbperi",
                    "form": "LU₂.MEŠ"
                  }
                },
                {
                  "node": "l",
                  "frag": "GAZ⸣.MEŠ",
                  "id": "P271081.l0aa15",
                  "ref": "P271081.20.4",
                  "inst": "%akk-x-mbperi:GAZ.MEŠ=",
                  "f": {
                    "lang": "akk-x-mbperi",
                    "form": "GAZ.MEŠ"
                  }
                },
                {
                  "node": "l",
                  "frag": "ši-me",
                  "id": "P271081.l0aa16",
                  "ref": "P271081.20.5",
                  "inst": "%akk-x-mbperi:ši-me=",
                  "f": {
                    "lang": "akk-x-mbperi",
                    "form": "ši-me"
                  }
                },
                {
                  "node": "l",
                  "frag": "[ia-ši]",
                  "id": "P271081.l0aa17",
                  "ref": "P271081.20.6",
                  "inst": "%akk-x-mbperi:ia-ši=",
                  "f": {
                    "lang": "akk-x-mbperi",
                    "form": "ia-ši"
                  }
                },
                {
                  "node": "d",
                  "type": "line-start",
                  "ref": "P271081.21",
                  "n": "021",
                  "label": "021"
                },
                {
                  "node": "l",
                  "frag": "[iš₃]-tu",
                  "id": "P271081.l0aa18",
                  "ref": "P271081.21.1",
                  "inst": "%akk-x-mbperi:iš₃-tu=",
                  "f": {
                    "lang": "akk-x-mbperi",
                    "form": "iš₃-tu"
                  }
                },
                {
                  "node": "l",
                  "frag": "ṣa-ba-at",
                  "id": "P271081.l0aa19",
                  "ref": "P271081.21.2",
                  "inst": "%akk-x-mbperi:ṣa-ba-at=",
                  "f": {
                    "lang": "akk-x-mbperi",
                    "form": "ṣa-ba-at"
                  }
                },
                {
                  "node": "l",
                  "frag": "URU",
                  "id": "P271081.l0aa1a",
                  "ref": "P271081.21.3",
                  "inst": "%akk-x-mbperi:URU=",
                  "f": {
                    "lang": "akk-x-mbperi",
                    "form": "URU"
                  }
                },
                {
                  "node": "l",
                  "frag": "E₂-⸢ar⸣-[ha]",
                  "id": "P271081.l0aa1b",
                  "ref": "P271081.21.4",
                  "inst": "%akk-x-mbperi:E₂-ar-ha=",
                  "f": {
                    "lang": "akk-x-mbperi",
                    "form": "E₂-ar-ha"
                  }
                },
                {
                  "node": "d",
                  "type": "line-start",
                  "ref": "P271081.22",
                  "n": "022",
                  "label": "022"
                },
                {
                  "node": "l",
                  "frag": "[a-na]",
                  "id": "P271081.l0aa1c",
                  "ref": "P271081.22.1",
                  "inst": "%akk-x-mbperi:a-na=",
                  "f": {
                    "lang": "akk-x-mbperi",
                    "form": "a-na"
                  }
                },
                {
                  "node": "l",
                  "frag": "pi₂-i",
                  "id": "P271081.l0aa1d",
                  "ref": "P271081.22.2",
                  "inst": "%akk-x-mbperi:pi₂-i=",
                  "f": {
                    "lang": "akk-x-mbperi",
                    "form": "pi₂-i"
                  }
                },
                {
                  "node": "l",
                  "frag": "{m}IR₃-a-ši-ir-ta",
                  "id": "P271081.l0aa1e",
                  "ref": "P271081.22.3",
                  "inst": "%akk-x-mbperi:{m}IR₃-a-ši-ir-ta=",
                  "f": {
                    "lang": "akk-x-mbperi",
                    "form": "{m}IR₃-a-ši-ir-ta"
                  }
                },
                {
                  "node": "d",
                  "type": "line-start",
                  "ref": "P271081.23",
                  "n": "023",
                  "label": "023"
                },
                {
                  "node": "l",
                  "frag": "u₃",
                  "id": "P271081.l0aa1f",
                  "ref": "P271081.23.1",
                  "inst": "%akk-x-mbperi:u₃=",
                  "f": {
                    "lang": "akk-x-mbperi",
                    "form": "u₃"
                  }
                },
                {
                  "node": "l",
                  "frag": "ki-na-na",
                  "id": "P271081.l0aa20",
                  "ref": "P271081.23.2",
                  "inst": "%akk-x-mbperi:ki-na-na=",
                  "f": {
                    "lang": "akk-x-mbperi",
                    "form": "ki-na-na"
                  }
                },
                {
                  "node": "l",
                  "frag": "tu-ba-u₂-na",
                  "id": "P271081.l0aa21",
                  "ref": "P271081.23.3",
                  "inst": "%akk-x-mbperi:tu-ba-u₂-na=",
                  "f": {
                    "lang": "akk-x-mbperi",
                    "form": "tu-ba-u₂-na"
                  }
                },
                {
                  "node": "d",
                  "type": "line-start",
                  "ref": "P271081.24",
                  "n": "024",
                  "label": "024"
                },
                {
                  "node": "l",
                  "frag": "e-pe₂-ša",
                  "id": "P271081.l0aa22",
                  "ref": "P271081.24.1",
                  "inst": "%akk-x-mbperi:e-pe₂-ša=",
                  "f": {
                    "lang": "akk-x-mbperi",
                    "form": "e-pe₂-ša"
                  }
                },
                {
                  "node": "l",
                  "frag": "URU",
                  "id": "P271081.l0aa23",
                  "ref": "P271081.24.2",
                  "inst": "%akk-x-mbperi:URU=",
                  "f": {
                    "lang": "akk-x-mbperi",
                    "form": "URU"
                  }
                },
                {
                  "node": "l",
                  "frag": "gub-la",
                  "id": "P271081.l0aa24",
                  "ref": "P271081.24.3",
                  "inst": "%akk-x-mbperi:gub-la=",
                  "f": {
                    "lang": "akk-x-mbperi",
                    "form": "gub-la"
                  }
                },
                {
                  "node": "l",
                  "frag": "u₃",
                  "id": "P271081.l0aa25",
                  "ref": "P271081.24.4",
                  "inst": "%akk-x-mbperi:u₃=",
                  "f": {
                    "lang": "akk-x-mbperi",
                    "form": "u₃"
                  }
                },
                {
                  "node": "d",
                  "type": "line-start",
                  "ref": "P271081.25",
                  "n": "025",
                  "label": "025"
                },
                {
                  "node": "l",
                  "frag": "URU",
                  "id": "P271081.l0aa26",
                  "ref": "P271081.25.1",
                  "inst": "%akk-x-mbperi:URU=",
                  "f": {
                    "lang": "akk-x-mbperi",
                    "form": "URU"
                  }
                },
                {
                  "node": "l",
                  "frag": "baṭ-ru-na{ki}",
                  "id": "P271081.l0aa27",
                  "ref": "P271081.25.2",
                  "inst": "%akk-x-mbperi:baṭ-ru-na{ki}=",
                  "f": {
                    "lang": "akk-x-mbperi",
                    "form": "baṭ-ru-na{ki}"
                  }
                },
                {
                  "node": "l",
                  "frag": "u₃",
                  "id": "P271081.l0aa28",
                  "ref": "P271081.25.3",
                  "inst": "%akk-x-mbperi:u₃=",
                  "f": {
                    "lang": "akk-x-mbperi",
                    "form": "u₃"
                  }
                },
                {
                  "node": "l",
                  "frag": "in₄-[ne₂-ep-šu]",
                  "id": "P271081.l0aa29",
                  "ref": "P271081.25.4",
                  "inst": "%akk-x-mbperi:in₄-ne₂-ep-šu=",
                  "f": {
                    "lang": "akk-x-mbperi",
                    "form": "in₄-ne₂-ep-šu"
                  }
                },
                {
                  "node": "d",
                  "type": "line-start",
                  "ref": "P271081.26",
                  "n": "026",
                  "label": "026"
                },
                {
                  "node": "l",
                  "frag": "ka-li",
                  "id": "P271081.l0aa2a",
                  "ref": "P271081.26.1",
                  "inst": "%akk-x-mbperi:ka-li=",
                  "f": {
                    "lang": "akk-x-mbperi",
                    "form": "ka-li"
                  }
                },
                {
                  "node": "l",
                  "frag": "KUR.KUR.MEŠ",
                  "id": "P271081.l0aa2b",
                  "ref": "P271081.26.2",
                  "inst": "%akk-x-mbperi:KUR.KUR.MEŠ=",
                  "f": {
                    "lang": "akk-x-mbperi",
                    "form": "KUR.KUR.MEŠ"
                  }
                },
                {
                  "node": "l",
                  "frag": "a-na",
                  "id": "P271081.l0aa2c",
                  "ref": "P271081.26.3",
                  "inst": "%akk-x-mbperi:a-na=",
                  "f": {
                    "lang": "akk-x-mbperi",
                    "form": "a-na"
                  }
                },
                {
                  "node": "l",
                  "frag": "LU₂.MEŠ",
                  "id": "P271081.l0aa2d",
                  "ref": "P271081.26.4",
                  "inst": "%akk-x-mbperi:LU₂.MEŠ=",
                  "f": {
                    "lang": "akk-x-mbperi",
                    "form": "LU₂.MEŠ"
                  }
                },
                {
                  "node": "l",
                  "frag": "GAZ.[MEŠ]",
                  "id": "P271081.l0aa2e",
                  "ref": "P271081.26.5",
                  "inst": "%akk-x-mbperi:GAZ.MEŠ=",
                  "f": {
                    "lang": "akk-x-mbperi",
                    "form": "GAZ.MEŠ"
                  }
                },
                {
                  "node": "d",
                  "type": "line-start",
                  "ref": "P271081.27",
                  "n": "027",
                  "label": "027"
                },
                {
                  "node": "l",
                  "frag": "2",
                  "id": "P271081.l0aa2f",
                  "ref": "P271081.27.1",
                  "inst": "%akk-x-mbperi:2=",
                  "f": {
                    "lang": "akk-x-mbperi",
                    "form": "2"
                  }
                },
                {
                  "node": "l",
                  "frag": "URU{ki}MEŠ",
                  "id": "P271081.l0aa30",
                  "ref": "P271081.27.2",
                  "inst": "%akk-x-mbperi:URU{ki}.MEŠ=",
                  "f": {
                    "lang": "akk-x-mbperi",
                    "form": "URU{ki}.MEŠ"
                  }
                },
                {
                  "node": "l",
                  "frag": "ša",
                  "id": "P271081.l0aa31",
                  "ref": "P271081.27.3",
                  "inst": "%akk-x-mbperi:ša=",
                  "f": {
                    "lang": "akk-x-mbperi",
                    "form": "ša"
                  }
                },
                {
                  "node": "l",
                  "frag": "ir-ti-hu",
                  "id": "P271081.l0aa32",
                  "ref": "P271081.27.4",
                  "inst": "%akk-x-mbperi:ir-ti-hu=",
                  "f": {
                    "lang": "akk-x-mbperi",
                    "form": "ir-ti-hu"
                  }
                },
                {
                  "node": "l",
                  "frag": "a-na",
                  "id": "P271081.l0aa33",
                  "ref": "P271081.27.5",
                  "inst": "%akk-x-mbperi:a-na=",
                  "f": {
                    "lang": "akk-x-mbperi",
                    "form": "a-na"
                  }
                },
                {
                  "node": "l",
                  "frag": "[ia-ši]",
                  "id": "P271081.l0aa34",
                  "ref": "P271081.27.6",
                  "inst": "%akk-x-mbperi:ia-ši=",
                  "f": {
                    "lang": "akk-x-mbperi",
                    "form": "ia-ši"
                  }
                },
                {
                  "node": "d",
                  "type": "line-start",
                  "ref": "P271081.28",
                  "n": "028",
                  "label": "028"
                },
                {
                  "node": "l",
                  "frag": "u₃",
                  "id": "P271081.l0aa35",
                  "ref": "P271081.28.1",
                  "inst": "%akk-x-mbperi:u₃=",
                  "f": {
                    "lang": "akk-x-mbperi",
                    "form": "u₃"
                  }
                },
                {
                  "node": "l",
                  "frag": "tu-ba-u₂-na",
                  "id": "P271081.l0aa36",
                  "ref": "P271081.28.2",
                  "inst": "%akk-x-mbperi:tu-ba-u₂-na=",
                  "f": {
                    "lang": "akk-x-mbperi",
                    "form": "tu-ba-u₂-na"
                  }
                },
                {
                  "node": "l",
                  "frag": "la-qa-šu-[nu]",
                  "id": "P271081.l0aa37",
                  "ref": "P271081.28.3",
                  "inst": "%akk-x-mbperi:la-qa-šu-nu=",
                  "f": {
                    "lang": "akk-x-mbperi",
                    "form": "la-qa-šu-nu"
                  }
                },
                {
                  "node": "d",
                  "type": "line-start",
                  "ref": "P271081.29",
                  "n": "029",
                  "label": "029"
                },
                {
                  "node": "l",
                  "frag": "iš₃-tu",
                  "id": "P271081.l0aa38",
                  "ref": "P271081.29.1",
                  "inst": "%akk-x-mbperi:iš₃-tu=",
                  "f": {
                    "lang": "akk-x-mbperi",
                    "form": "iš₃-tu"
                  }
                },
                {
                  "node": "l",
                  "frag": "qa-at",
                  "id": "P271081.l0aa39",
                  "ref": "P271081.29.2",
                  "inst": "%akk-x-mbperi:qa-at=",
                  "f": {
                    "lang": "akk-x-mbperi",
                    "form": "qa-at"
                  }
                },
                {
                  "node": "l",
                  "frag": "LUGAL-ri",
                  "id": "P271081.l0aa3a",
                  "ref": "P271081.29.3",
                  "inst": "%akk-x-mbperi:LUGAL-ri=",
                  "f": {
                    "lang": "akk-x-mbperi",
                    "form": "LUGAL-ri"
                  }
                },
                {
                  "node": "l",
                  "frag": "yu-wa-⸢ši⸣-[ra]",
                  "id": "P271081.l0aa3b",
                  "ref": "P271081.29.4",
                  "inst": "%akk-x-mbperi:yu-wa-ši-ra=",
                  "f": {
                    "lang": "akk-x-mbperi",
                    "form": "yu-wa-ši-ra"
                  }
                },
                {
                  "node": "d",
                  "type": "line-start",
                  "ref": "P271081.30",
                  "n": "030",
                  "label": "030"
                },
                {
                  "node": "l",
                  "frag": "EN-li",
                  "id": "P271081.l0aa3c",
                  "ref": "P271081.30.1",
                  "inst": "%akk-x-mbperi:EN-li=",
                  "f": {
                    "lang": "akk-x-mbperi",
                    "form": "EN-li"
                  }
                },
                {
                  "node": "l",
                  "frag": "LU₂.MEŠ",
                  "id": "P271081.l0aa3d",
                  "ref": "P271081.30.2",
                  "inst": "%akk-x-mbperi:LU₂.MEŠ=",
                  "f": {
                    "lang": "akk-x-mbperi",
                    "form": "LU₂.MEŠ"
                  }
                },
                {
                  "node": "l",
                  "frag": "ma-ṣa-ar-ta",
                  "id": "P271081.l0aa3e",
                  "ref": "P271081.30.3",
                  "inst": "%akk-x-mbperi:ma-ṣa-ar-ta=",
                  "f": {
                    "lang": "akk-x-mbperi",
                    "form": "ma-ṣa-ar-ta"
                  }
                },
                {
                  "node": "d",
                  "type": "line-start",
                  "ref": "P271081.31",
                  "n": "031",
                  "label": "031"
                },
                {
                  "node": "l",
                  "frag": "a-na",
                  "id": "P271081.l0aa3f",
                  "ref": "P271081.31.1",
                  "inst": "%akk-x-mbperi:a-na=",
                  "f": {
                    "lang": "akk-x-mbperi",
                    "form": "a-na"
                  }
                },
                {
                  "node": "l",
                  "frag": "2",
                  "id": "P271081.l0aa40",
                  "ref": "P271081.31.2",
                  "inst": "%akk-x-mbperi:2=",
                  "f": {
                    "lang": "akk-x-mbperi",
                    "form": "2"
                  }
                },
                {
                  "node": "l",
                  "frag": "URU-ni-šu",
                  "id": "P271081.l0aa41",
                  "ref": "P271081.31.3",
                  "inst": "%akk-x-mbperi:URU-ni-šu=",
                  "f": {
                    "lang": "akk-x-mbperi",
                    "form": "URU-ni-šu"
                  }
                },
                {
                  "node": "l",
                  "frag": "a-di",
                  "id": "P271081.l0aa42",
                  "ref": "P271081.31.4",
                  "inst": "%akk-x-mbperi:a-di=",
                  "f": {
                    "lang": "akk-x-mbperi",
                    "form": "a-di"
                  }
                },
                {
                  "node": "l",
                  "frag": "a-ṣe₂",
                  "id": "P271081.l0aa43",
                  "ref": "P271081.31.5",
                  "inst": "%akk-x-mbperi:a-ṣe₂=",
                  "f": {
                    "lang": "akk-x-mbperi",
                    "form": "a-ṣe₂"
                  }
                },
                {
                  "node": "l",
                  "frag": "⸢ERIN₂⸣.[MEŠ]",
                  "id": "P271081.l0aa44",
                  "ref": "P271081.31.6",
                  "inst": "%akk-x-mbperi:ERIN₂.MEŠ=",
                  "f": {
                    "lang": "akk-x-mbperi",
                    "form": "ERIN₂.MEŠ"
                  }
                },
                {
                  "node": "d",
                  "type": "line-start",
                  "ref": "P271081.32",
                  "n": "032",
                  "label": "032"
                },
                {
                  "node": "l",
                  "frag": "pi₂-ṭa₂-ti",
                  "id": "P271081.l0aa45",
                  "ref": "P271081.32.1",
                  "inst": "%akk-x-mbperi:pi₂-ṭa₂-ti=",
                  "f": {
                    "lang": "akk-x-mbperi",
                    "form": "pi₂-ṭa₂-ti"
                  }
                },
                {
                  "node": "l",
                  "frag": "u₃",
                  "id": "P271081.l0aa46",
                  "ref": "P271081.32.2",
                  "inst": "%akk-x-mbperi:u₃=",
                  "f": {
                    "lang": "akk-x-mbperi",
                    "form": "u₃"
                  }
                },
                {
                  "node": "l",
                  "frag": "mi-im-ma",
                  "id": "P271081.l0aa47",
                  "ref": "P271081.32.3",
                  "inst": "%akk-x-mbperi:mi-im-ma=",
                  "f": {
                    "lang": "akk-x-mbperi",
                    "form": "mi-im-ma"
                  }
                },
                {
                  "node": "d",
                  "type": "line-start",
                  "ref": "P271081.33",
                  "n": "033",
                  "label": "033"
                },
                {
                  "node": "l",
                  "frag": "yu-da-na-ni",
                  "id": "P271081.l0aa48",
                  "ref": "P271081.33.1",
                  "inst": "%akk-x-mbperi:yu-da-na-ni=",
                  "f": {
                    "lang": "akk-x-mbperi",
                    "form": "yu-da-na-ni"
                  }
                },
                {
                  "node": "l",
                  "frag": "a-na",
                  "id": "P271081.l0aa49",
                  "ref": "P271081.33.2",
                  "inst": "%akk-x-mbperi:a-na=",
                  "f": {
                    "lang": "akk-x-mbperi",
                    "form": "a-na"
                  }
                },
                {
                  "node": "l",
                  "frag": "a-ka-li-šu-nu",
                  "id": "P271081.l0aa4a",
                  "ref": "P271081.33.3",
                  "inst": "%akk-x-mbperi:a-ka-li-šu-nu=",
                  "f": {
                    "lang": "akk-x-mbperi",
                    "form": "a-ka-li-šu-nu"
                  }
                },
                {
                  "node": "d",
                  "type": "line-start",
                  "ref": "P271081.34",
                  "n": "034",
                  "label": "034"
                },
                {
                  "node": "l",
                  "frag": "ia-nu",
                  "id": "P271081.l0aa4b",
                  "ref": "P271081.34.1",
                  "inst": "%akk-x-mbperi:ia-nu=",
                  "f": {
                    "lang": "akk-x-mbperi",
                    "form": "ia-nu"
                  }
                },
                {
                  "node": "l",
                  "frag": "mi-im-ma",
                  "id": "P271081.l0aa4c",
                  "ref": "P271081.34.2",
                  "inst": "%akk-x-mbperi:mi-im-ma=",
                  "f": {
                    "lang": "akk-x-mbperi",
                    "form": "mi-im-ma"
                  }
                },
                {
                  "node": "l",
                  "frag": "a-na",
                  "id": "P271081.l0aa4d",
                  "ref": "P271081.34.3",
                  "inst": "%akk-x-mbperi:a-na=",
                  "f": {
                    "lang": "akk-x-mbperi",
                    "form": "a-na"
                  }
                },
                {
                  "node": "l",
                  "frag": "ia-⸢ši⸣",
                  "id": "P271081.l0aa4e",
                  "ref": "P271081.34.4",
                  "inst": "%akk-x-mbperi:ia-ši=",
                  "f": {
                    "lang": "akk-x-mbperi",
                    "form": "ia-ši"
                  }
                },
                {
                  "node": "d",
                  "type": "line-start",
                  "ref": "P271081.35",
                  "n": "035",
                  "label": "035"
                },
                {
                  "node": "l",
                  "frag": "ki-ma",
                  "id": "P271081.l0aa4f",
                  "ref": "P271081.35.1",
                  "inst": "%akk-x-mbperi:ki-ma=",
                  "f": {
                    "lang": "akk-x-mbperi",
                    "form": "ki-ma"
                  }
                },
                {
                  "node": "l",
                  "frag": "MUŠEN",
                  "id": "P271081.l0aa50",
                  "ref": "P271081.35.2",
                  "inst": "%akk-x-mbperi:MUŠEN=",
                  "f": {
                    "lang": "akk-x-mbperi",
                    "form": "MUŠEN"
                  }
                },
                {
                  "node": "l",
                  "frag": "ša",
                  "id": "P271081.l0aa51",
                  "ref": "P271081.35.3",
                  "inst": "%akk-x-mbperi:ša=",
                  "f": {
                    "lang": "akk-x-mbperi",
                    "form": "ša"
                  }
                },
                {
                  "node": "l",
                  "frag": "i-na",
                  "id": "P271081.l0aa52",
                  "ref": "P271081.35.4",
                  "inst": "%akk-x-mbperi:i-na=",
                  "f": {
                    "lang": "akk-x-mbperi",
                    "form": "i-na"
                  }
                },
                {
                  "node": "l",
                  "frag": "lib₃-bi",
                  "id": "P271081.l0aa53",
                  "ref": "P271081.35.5",
                  "inst": "%akk-x-mbperi:lib₃-bi=",
                  "f": {
                    "lang": "akk-x-mbperi",
                    "form": "lib₃-bi"
                  }
                },
                {
                  "node": "d",
                  "type": "line-start",
                  "ref": "P271081.36",
                  "n": "036",
                  "label": "036"
                },
                {
                  "node": "l",
                  "frag": "⸢hu⸣-ha-ri",
                  "id": "P271081.l0aa54",
                  "ref": "P271081.36.1",
                  "inst": "%akk-x-mbperi:hu-ha-ri=",
                  "f": {
                    "lang": "akk-x-mbperi",
                    "form": "hu-ha-ri"
                  }
                },
                {
                  "node": "d",
                  "frag": ":\"",
                  "type": "punct",
                  "ref": "P271081.36.2",
                  "lang": "akk-x-mbperi",
                  "gdl_delim": " "
                },
                {
                  "node": "l",
                  "frag": "ki-lu-bi",
                  "id": "P271081.l0aa55",
                  "ref": "P271081.36.3",
                  "inst": "%akk-x-mbperi:ki-lu-bi=",
                  "f": {
                    "lang": "akk-x-mbperi",
                    "form": "ki-lu-bi"
                  }
                },
                {
                  "node": "l",
                  "frag": "ša-ak-na-at",
                  "id": "P271081.l0aa56",
                  "ref": "P271081.36.4",
                  "inst": "%akk-x-mbperi:ša-ak-na-at=",
                  "f": {
                    "lang": "akk-x-mbperi",
                    "form": "ša-ak-na-at"
                  }
                },
                {
                  "node": "d",
                  "type": "line-start",
                  "ref": "P271081.37",
                  "n": "037",
                  "label": "037"
                },
                {
                  "node": "l",
                  "frag": "[ki]-šu-ma",
                  "id": "P271081.l0aa57",
                  "ref": "P271081.37.1",
                  "inst": "%akk-x-mbperi:ki-šu-ma=",
                  "f": {
                    "lang": "akk-x-mbperi",
                    "form": "ki-šu-ma"
                  }
                },
                {
                  "node": "l",
                  "frag": "a-na-ku",
                  "id": "P271081.l0aa58",
                  "ref": "P271081.37.2",
                  "inst": "%akk-x-mbperi:a-na-ku=",
                  "f": {
                    "lang": "akk-x-mbperi",
                    "form": "a-na-ku"
                  }
                },
                {
                  "node": "l",
                  "frag": "i-na",
                  "id": "P271081.l0aa59",
                  "ref": "P271081.37.3",
                  "inst": "%akk-x-mbperi:i-na=",
                  "f": {
                    "lang": "akk-x-mbperi",
                    "form": "i-na"
                  }
                },
                {
                  "node": "d",
                  "type": "line-start",
                  "ref": "P271081.38",
                  "n": "038",
                  "label": "038"
                },
                {
                  "node": "l",
                  "frag": "[URU]",
                  "id": "P271081.l0aa5a",
                  "ref": "P271081.38.1",
                  "inst": "%akk-x-mbperi:URU=",
                  "f": {
                    "lang": "akk-x-mbperi",
                    "form": "URU"
                  }
                },
                {
                  "node": "l",
                  "frag": "gub-la{ki}",
                  "id": "P271081.l0aa5b",
                  "ref": "P271081.38.2",
                  "inst": "%akk-x-mbperi:gub-la{ki}=",
                  "f": {
                    "lang": "akk-x-mbperi",
                    "form": "gub-la{ki}"
                  }
                },
                {
                  "node": "l",
                  "frag": "ša-ni-tam",
                  "id": "P271081.l0aa5c",
                  "ref": "P271081.38.3",
                  "inst": "%akk-x-mbperi:ša-ni-tam=",
                  "f": {
                    "lang": "akk-x-mbperi",
                    "form": "ša-ni-tam"
                  }
                },
                {
                  "node": "d",
                  "type": "line-start",
                  "ref": "P271081.39",
                  "n": "039",
                  "label": "039"
                },
                {
                  "node": "l",
                  "frag": "[šum]-⸢ma⸣",
                  "id": "P271081.l0aa5d",
                  "ref": "P271081.39.1",
                  "inst": "%akk-x-mbperi:šum-ma=",
                  "f": {
                    "lang": "akk-x-mbperi",
                    "form": "šum-ma"
                  }
                },
                {
                  "node": "l",
                  "frag": "la-a",
                  "id": "P271081.l0aa5e",
                  "ref": "P271081.39.2",
                  "inst": "%akk-x-mbperi:la-a=",
                  "f": {
                    "lang": "akk-x-mbperi",
                    "form": "la-a"
                  }
                },
                {
                  "node": "l",
                  "frag": "i-le-e",
                  "id": "P271081.l0aa5f",
                  "ref": "P271081.39.3",
                  "inst": "%akk-x-mbperi:i-le-e=",
                  "f": {
                    "lang": "akk-x-mbperi",
                    "form": "i-le-e"
                  }
                },
                {
                  "node": "d",
                  "type": "line-start",
                  "ref": "P271081.40",
                  "n": "040",
                  "label": "040"
                },
                {
                  "node": "l",
                  "frag": "[LUGAL]-⸢ru⸣",
                  "id": "P271081.l0aa60",
                  "ref": "P271081.40.1",
                  "inst": "%akk-x-mbperi:LUGAL-ru=",
                  "f": {
                    "lang": "akk-x-mbperi",
                    "form": "LUGAL-ru"
                  }
                },
                {
                  "node": "l",
                  "frag": "la-qa-ia",
                  "id": "P271081.l0aa61",
                  "ref": "P271081.40.2",
                  "inst": "%akk-x-mbperi:la-qa-ia=",
                  "f": {
                    "lang": "akk-x-mbperi",
                    "form": "la-qa-ia"
                  }
                },
                {
                  "node": "l",
                  "frag": "iš₃-tu",
                  "id": "P271081.l0aa62",
                  "ref": "P271081.40.3",
                  "inst": "%akk-x-mbperi:iš₃-tu=",
                  "f": {
                    "lang": "akk-x-mbperi",
                    "form": "iš₃-tu"
                  }
                },
                {
                  "node": "d",
                  "type": "line-start",
                  "ref": "P271081.41",
                  "n": "041",
                  "label": "041"
                },
                {
                  "node": "l",
                  "frag": "[qa-at]",
                  "id": "P271081.l0aa63",
                  "ref": "P271081.41.1",
                  "inst": "%akk-x-mbperi:qa-at=",
                  "f": {
                    "lang": "akk-x-mbperi",
                    "form": "qa-at"
                  }
                },
                {
                  "node": "l",
                  "frag": "na-ak-ri-šu",
                  "id": "P271081.l0aa64",
                  "ref": "P271081.41.2",
                  "inst": "%akk-x-mbperi:na-ak-ri-šu=",
                  "f": {
                    "lang": "akk-x-mbperi",
                    "form": "na-ak-ri-šu"
                  }
                },
                {
                  "node": "d",
                  "type": "line-start",
                  "ref": "P271081.42",
                  "n": "042",
                  "label": "042"
                },
                {
                  "node": "l",
                  "frag": "[u₃]",
                  "id": "P271081.l0aa65",
                  "ref": "P271081.42.1",
                  "inst": "%akk-x-mbperi:u₃=",
                  "f": {
                    "lang": "akk-x-mbperi",
                    "form": "u₃"
                  }
                },
                {
                  "node": "l",
                  "frag": "⸢in₄⸣-ne₂-ep-ša-at",
                  "id": "P271081.l0aa66",
                  "ref": "P271081.42.2",
                  "inst": "%akk-x-mbperi:in₄-ne₂-ep-ša-at=",
                  "f": {
                    "lang": "akk-x-mbperi",
                    "form": "in₄-ne₂-ep-ša-at"
                  }
                },
                {
                  "node": "d",
                  "type": "line-start",
                  "ref": "P271081.43",
                  "n": "043",
                  "label": "043"
                },
                {
                  "node": "l",
                  "frag": "[ka]-⸢li⸣",
                  "id": "P271081.l0aa67",
                  "ref": "P271081.43.1",
                  "inst": "%akk-x-mbperi:ka-li=",
                  "f": {
                    "lang": "akk-x-mbperi",
                    "form": "ka-li"
                  }
                },
                {
                  "node": "l",
                  "frag": "KUR{ki}MEŠ",
                  "id": "P271081.l0aa68",
                  "ref": "P271081.43.2",
                  "inst": "%akk-x-mbperi:KUR{ki}.MEŠ=",
                  "f": {
                    "lang": "akk-x-mbperi",
                    "form": "KUR{ki}.MEŠ"
                  }
                },
                {
                  "node": "d",
                  "type": "line-start",
                  "ref": "P271081.44",
                  "n": "044",
                  "label": "044"
                },
                {
                  "node": "l",
                  "frag": "[a-na",
                  "id": "P271081.l0aa69",
                  "ref": "P271081.44.1",
                  "inst": "%akk-x-mbperi:a-na=",
                  "f": {
                    "lang": "akk-x-mbperi",
                    "form": "a-na"
                  }
                },
                {
                  "node": "l",
                  "frag": "{m}IR₃]-a-ši-ir-ta",
                  "id": "P271081.l0aa6a",
                  "ref": "P271081.44.2",
                  "inst": "%akk-x-mbperi:{m}IR₃-a-ši-ir-ta=",
                  "f": {
                    "lang": "akk-x-mbperi",
                    "form": "{m}IR₃-a-ši-ir-ta"
                  }
                },
                {
                  "node": "d",
                  "type": "line-start",
                  "ref": "P271081.45",
                  "n": "045",
                  "label": "045"
                },
                {
                  "node": "l",
                  "frag": "[mi-nu]",
                  "id": "P271081.l0aa6b",
                  "ref": "P271081.45.1",
                  "inst": "%akk-x-mbperi:mi-nu=",
                  "f": {
                    "lang": "akk-x-mbperi",
                    "form": "mi-nu"
                  }
                },
                {
                  "node": "l",
                  "frag": "⸢šu⸣-ut",
                  "id": "P271081.l0aa6c",
                  "ref": "P271081.45.2",
                  "inst": "%akk-x-mbperi:šu-ut=",
                  "f": {
                    "lang": "akk-x-mbperi",
                    "form": "šu-ut"
                  }
                },
                {
                  "node": "l",
                  "frag": "UR.KU",
                  "id": "P271081.l0aa6d",
                  "ref": "P271081.45.3",
                  "inst": "%akk-x-mbperi:UR.KU=",
                  "f": {
                    "lang": "akk-x-mbperi",
                    "form": "UR.KU"
                  }
                },
                {
                  "node": "l",
                  "frag": "u₃",
                  "id": "P271081.l0aa6e",
                  "ref": "P271081.45.4",
                  "inst": "%akk-x-mbperi:u₃=",
                  "f": {
                    "lang": "akk-x-mbperi",
                    "form": "u₃"
                  }
                },
                {
                  "node": "d",
                  "type": "line-start",
                  "ref": "P271081.46",
                  "n": "046",
                  "label": "046"
                },
                {
                  "node": "l",
                  "frag": "[yi-il₃]-qu₂",
                  "id": "P271081.l0aa6f",
                  "ref": "P271081.46.1",
                  "inst": "%akk-x-mbperi:yi-il₃-qu₂=",
                  "f": {
                    "lang": "akk-x-mbperi",
                    "form": "yi-il₃-qu₂"
                  }
                },
                {
                  "node": "l",
                  "frag": "KUR.KUR.MEŠ",
                  "id": "P271081.l0aa70",
                  "ref": "P271081.46.2",
                  "inst": "%akk-x-mbperi:KUR.KUR.MEŠ=",
                  "f": {
                    "lang": "akk-x-mbperi",
                    "form": "KUR.KUR.MEŠ"
                  }
                },
                {
                  "node": "l",
                  "frag": "LUGAL-ri",
                  "id": "P271081.l0aa71",
                  "ref": "P271081.46.3",
                  "inst": "%akk-x-mbperi:LUGAL-ri=",
                  "f": {
                    "lang": "akk-x-mbperi",
                    "form": "LUGAL-ri"
                  }
                },
                {
                  "node": "l",
                  "frag": "a-⸢na⸣",
                  "id": "P271081.l0aa72",
                  "ref": "P271081.46.4",
                  "inst": "%akk-x-mbperi:a-na=",
                  "f": {
                    "lang": "akk-x-mbperi",
                    "form": "a-na"
                  }
                },
                {
                  "node": "d",
                  "type": "line-start",
                  "ref": "P271081.47",
                  "n": "047",
                  "label": "047"
                },
                {
                  "node": "l",
                  "frag": "[ša-a]-šu",
                  "id": "P271081.l0aa73",
                  "ref": "P271081.47.1",
                  "inst": "%akk-x-mbperi:ša-a-šu=",
                  "f": {
                    "lang": "akk-x-mbperi",
                    "form": "ša-a-šu"
                  }
                },
                {
                  "node": "d",
                  "type": "nonx",
                  "ref": "P271081.48",
                  "strict": "1",
                  "extent": "n",
                  "scope": "line",
                  "state": "missing"
                }
              ]
            }
          ]
        }
      ]
    }
  ]
}
