{
  "type": "cdl",
  "project": "etcsri",
  "source": "http://oracc.org/etcsri",
  "license": "This data is released under the CC0 license",
  "license-url": "https://creativecommons.org/publicdomain/zero/1.0/",
  "more-info": "http://oracc.org/doc/opendata/",
  "UTC-timestamp": "2017-06-21T22:34:19",
  "textid": "Q000951",
  "cdl": [
    {
      "node": "c",
      "type": "text",
      "id": "Q000951.U0",
      "cdl": [
        {
          "node": "c",
          "type": "discourse",
          "subtype": "body",
          "id": "Q000951.U1",
          "cdl": [
            {
              "node": "c",
              "type": "sentence",
              "tag": ".",
              "id": "Q000951.U2",
              "label": "1 - 8",
              "cdl": [
                {
                  "node": "d",
                  "type": "line-start",
                  "ref": "Q000951.1",
                  "n": "1",
                  "label": "1"
                },
                {
                  "node": "l",
                  "id": "Q000951.l039fc",
                  "ref": "Q000951.1.1",
                  "inst": "Enlil[1]DN",
                  "sig": "@etcsri%sux:{d}en-lil₂=Enlil[1//1]DN'DN$Enlil/{d}en-lil₂#N1=Enlil##N1=NAME",
                  "f": {
                    "lang": "sux",
                    "form": "{d}en-lil₂",
                    "gdl": [
                      {
                        "det": "semantic",
                        "pos": "pre",
                        "seq": [
                          {
                            "v": "d",
                            "id": "Q000951.1.1.0"
                          }
                        ]
                      },
                      {
                        "v": "en",
                        "id": "Q000951.1.1.1",
                        "delim": "-"
                      },
                      {
                        "v": "lil₂",
                        "id": "Q000951.1.1.2"
                      }
                    ],
                    "cf": "Enlil",
                    "gw": "1",
                    "sense": "1",
                    "norm": "Enlil",
                    "pos": "DN",
                    "epos": "DN",
                    "base": "{d}en-lil₂",
                    "morph": "N1=Enlil",
                    "morph2": "N1=NAME"
                  }
                },
                {
                  "node": "d",
                  "type": "line-start",
                  "ref": "Q000951.2",
                  "n": "2",
                  "label": "2"
                },
                {
                  "node": "l",
                  "id": "Q000951.l039fd",
                  "ref": "Q000951.2.1",
                  "inst": "lugal[king]",
                  "sig": "@etcsri%sux:lugal=lugal[king//king]N'N$lugal/lugal#N1=lugal##N1=STEM",
                  "f": {
                    "lang": "sux",
                    "form": "lugal",
                    "delim": " ",
                    "gdl": [
                      {
                        "v": "lugal",
                        "id": "Q000951.2.1.0"
                      }
                    ],
                    "cf": "lugal",
                    "gw": "king",
                    "sense": "king",
                    "norm": "lugal",
                    "pos": "N",
                    "epos": "N",
                    "base": "lugal",
                    "morph": "N1=lugal",
                    "morph2": "N1=STEM"
                  }
                },
                {
                  "node": "l",
                  "id": "Q000951.l039fe",
                  "ref": "Q000951.2.2",
                  "inst": "kur[land]",
                  "sig": "@etcsri%sux:kur-kur-ra=kur[mountain//land]N'N$kurkur.ak/kur-kur#N1=kurkur.N5=ak##N1=STEM-RDP.N5=GEN",
                  "f": {
                    "lang": "sux",
                    "form": "kur-kur-ra",
                    "gdl": [
                      {
                        "v": "kur",
                        "id": "Q000951.2.2.0",
                        "delim": "-"
                      },
                      {
                        "v": "kur",
                        "id": "Q000951.2.2.1",
                        "delim": "-"
                      },
                      {
                        "v": "ra",
                        "id": "Q000951.2.2.2"
                      }
                    ],
                    "cf": "kur",
                    "gw": "mountain",
                    "sense": "land",
                    "norm": "kurkur.ak",
                    "pos": "N",
                    "epos": "N",
                    "base": "kur-kur",
                    "morph": "N1=kurkur.N5=ak",
                    "morph2": "N1=STEM-RDP.N5=GEN"
                  }
                },
                {
                  "node": "d",
                  "type": "line-start",
                  "ref": "Q000951.3",
                  "n": "3",
                  "label": "3"
                },
                {
                  "node": "l",
                  "id": "Q000951.l039ff",
                  "ref": "Q000951.3.1",
                  "inst": "lugal[king]\\dat",
                  "sig": "@etcsri%sux:lugal-a-ni\\dat=lugal[king//king]N'N$lugal.ani.ra/lugal#N1=lugal.N3=ani.N5=ra##N1=STEM.N3=3-SG-H-POSS.N5=DAT-H",
                  "f": {
                    "lang": "sux",
                    "form": "lugal-a-ni",
                    "gdl": [
                      {
                        "v": "lugal",
                        "id": "Q000951.3.1.0",
                        "delim": "-"
                      },
                      {
                        "v": "a",
                        "id": "Q000951.3.1.1",
                        "delim": "-"
                      },
                      {
                        "v": "ni",
                        "id": "Q000951.3.1.2"
                      }
                    ],
                    "cf": "lugal",
                    "gw": "king",
                    "sense": "king",
                    "norm": "lugal.ani.ra",
                    "pos": "N",
                    "epos": "N",
                    "base": "lugal",
                    "morph": "N1=lugal.N3=ani.N5=ra",
                    "morph2": "N1=STEM.N3=3-SG-H-POSS.N5=DAT-H"
                  }
                },
                {
                  "node": "d",
                  "type": "line-start",
                  "ref": "Q000951.4",
                  "n": "4",
                  "label": "4"
                },
                {
                  "node": "l",
                  "id": "Q000951.l03a00",
                  "ref": "Q000951.4.1",
                  "inst": "Urnammak[1]RN",
                  "sig": "@etcsri%sux:ur-{d}namma=Urnammak[1//1st king of the 3rd dynasty of Urim]RN'RN$Urnammak/ur-{d}namma#N1=Urnammak##N1=NAME",
                  "f": {
                    "lang": "sux",
                    "form": "ur-{d}namma",
                    "gdl": [
                      {
                        "v": "ur",
                        "id": "Q000951.4.1.0",
                        "delim": "-"
                      },
                      {
                        "det": "semantic",
                        "pos": "pre",
                        "seq": [
                          {
                            "v": "d",
                            "id": "Q000951.4.1.1"
                          }
                        ]
                      },
                      {
                        "v": "namma",
                        "id": "Q000951.4.1.2"
                      }
                    ],
                    "cf": "Urnammak",
                    "gw": "1",
                    "sense": "1st king of the 3rd dynasty of Urim",
                    "norm": "Urnammak",
                    "pos": "RN",
                    "epos": "RN",
                    "base": "ur-{d}namma",
                    "morph": "N1=Urnammak",
                    "morph2": "N1=NAME"
                  }
                },
                {
                  "node": "d",
                  "type": "line-start",
                  "ref": "Q000951.5",
                  "n": "5",
                  "label": "5"
                },
                {
                  "node": "l",
                  "id": "Q000951.l03a01",
                  "ref": "Q000951.5.1",
                  "inst": "lugal[king]",
                  "sig": "@etcsri%sux:lugal=lugal[king//king]N'N$lugal/lugal#N1=lugal##N1=STEM",
                  "f": {
                    "lang": "sux",
                    "form": "lugal",
                    "delim": " ",
                    "gdl": [
                      {
                        "v": "lugal",
                        "id": "Q000951.5.1.0"
                      }
                    ],
                    "cf": "lugal",
                    "gw": "king",
                    "sense": "king",
                    "norm": "lugal",
                    "pos": "N",
                    "epos": "N",
                    "base": "lugal",
                    "morph": "N1=lugal",
                    "morph2": "N1=STEM"
                  }
                },
                {
                  "node": "l",
                  "id": "Q000951.l03a02",
                  "ref": "Q000951.5.2",
                  "inst": "Urim[1]SN",
                  "sig": "@etcsri%sux:urim₅{ki}-ma=Urim[1//1]SN'SN$Urim.ak/urim₅{ki}#N1=Urim.N5=ak##N1=NAME.N5=GEN",
                  "f": {
                    "lang": "sux",
                    "form": "urim₅{ki}-ma",
                    "gdl": [
                      {
                        "v": "urim₅",
                        "id": "Q000951.5.2.0"
                      },
                      {
                        "det": "semantic",
                        "pos": "post",
                        "delim": "-",
                        "seq": [
                          {
                            "v": "ki",
                            "id": "Q000951.5.2.1"
                          }
                        ]
                      },
                      {
                        "v": "ma",
                        "id": "Q000951.5.2.2"
                      }
                    ],
                    "cf": "Urim",
                    "gw": "1",
                    "sense": "1",
                    "norm": "Urim.ak",
                    "pos": "SN",
                    "epos": "SN",
                    "base": "urim₅{ki}",
                    "morph": "N1=Urim.N5=ak",
                    "morph2": "N1=NAME.N5=GEN"
                  }
                },
                {
                  "node": "d",
                  "type": "line-start",
                  "ref": "Q000951.6",
                  "n": "6",
                  "label": "6"
                },
                {
                  "node": "l",
                  "id": "Q000951.l03a03",
                  "ref": "Q000951.6.1",
                  "inst": "lugal[king]",
                  "sig": "@etcsri%sux:lugal=lugal[king//king]N'N$lugal/lugal#N1=lugal##N1=STEM",
                  "f": {
                    "lang": "sux",
                    "form": "lugal",
                    "delim": " ",
                    "gdl": [
                      {
                        "v": "lugal",
                        "id": "Q000951.6.1.0"
                      }
                    ],
                    "cf": "lugal",
                    "gw": "king",
                    "sense": "king",
                    "norm": "lugal",
                    "pos": "N",
                    "epos": "N",
                    "base": "lugal",
                    "morph": "N1=lugal",
                    "morph2": "N1=STEM"
                  }
                },
                {
                  "node": "l",
                  "id": "Q000951.l03a04",
                  "ref": "Q000951.6.2",
                  "inst": "Kiengir[1]GN",
                  "sig": "@etcsri%sux:ki-en-gi=Kiengir[1//1]GN'GN$Kiengir/ki-en-gi#N1=Kiengir##N1=NAME",
                  "f": {
                    "lang": "sux",
                    "form": "ki-en-gi",
                    "delim": " ",
                    "gdl": [
                      {
                        "v": "ki",
                        "id": "Q000951.6.2.0",
                        "delim": "-"
                      },
                      {
                        "v": "en",
                        "id": "Q000951.6.2.1",
                        "delim": "-"
                      },
                      {
                        "v": "gi",
                        "id": "Q000951.6.2.2"
                      }
                    ],
                    "cf": "Kiengir",
                    "gw": "1",
                    "sense": "1",
                    "norm": "Kiengir",
                    "pos": "GN",
                    "epos": "GN",
                    "base": "ki-en-gi",
                    "morph": "N1=Kiengir",
                    "morph2": "N1=NAME"
                  }
                },
                {
                  "node": "l",
                  "id": "Q000951.l03a05",
                  "ref": "Q000951.6.3",
                  "inst": "Akkad[1]GN",
                  "sig": "@etcsri%sux:ki-uri-ke₄=Akkad[1//1]GN'GN$Akkad.ak.e/ki-uri#N1=Akkad.N5=ak.N5=e##N1=NAME.N5=GEN.N5=ERG",
                  "f": {
                    "lang": "sux",
                    "form": "ki-uri-ke₄",
                    "gdl": [
                      {
                        "v": "ki",
                        "id": "Q000951.6.3.0",
                        "delim": "-"
                      },
                      {
                        "v": "uri",
                        "id": "Q000951.6.3.1",
                        "delim": "-"
                      },
                      {
                        "v": "ke₄",
                        "id": "Q000951.6.3.2"
                      }
                    ],
                    "cf": "Akkad",
                    "gw": "1",
                    "sense": "1",
                    "norm": "Akkad.ak.e",
                    "pos": "GN",
                    "epos": "GN",
                    "base": "ki-uri",
                    "morph": "N1=Akkad.N5=ak.N5=e",
                    "morph2": "N1=NAME.N5=GEN.N5=ERG"
                  }
                },
                {
                  "node": "d",
                  "type": "line-start",
                  "ref": "Q000951.7",
                  "n": "7",
                  "label": "7"
                },
                {
                  "node": "l",
                  "id": "Q000951.l03a06",
                  "ref": "Q000951.7.1",
                  "inst": "e[house]\\abs",
                  "sig": "@etcsri%sux:e₂-a-ni\\abs=e[house//house, temple]N'N$e.ani.ø/e₂#N1=e.N3=ani.N5=ø##N1=STEM.N3=3-SG-H-POSS.N5=ABS",
                  "f": {
                    "lang": "sux",
                    "form": "e₂-a-ni",
                    "gdl": [
                      {
                        "v": "e₂",
                        "id": "Q000951.7.1.0",
                        "delim": "-"
                      },
                      {
                        "v": "a",
                        "id": "Q000951.7.1.1",
                        "delim": "-"
                      },
                      {
                        "v": "ni",
                        "id": "Q000951.7.1.2"
                      }
                    ],
                    "cf": "e",
                    "gw": "house",
                    "sense": "house, temple",
                    "norm": "e.ani.ø",
                    "pos": "N",
                    "epos": "N",
                    "base": "e₂",
                    "morph": "N1=e.N3=ani.N5=ø",
                    "morph2": "N1=STEM.N3=3-SG-H-POSS.N5=ABS"
                  }
                },
                {
                  "node": "d",
                  "type": "line-start",
                  "ref": "Q000951.8",
                  "n": "8",
                  "label": "8"
                },
                {
                  "node": "l",
                  "id": "Q000951.l03a07",
                  "ref": "Q000951.8.1",
                  "inst": "du[build] +.",
                  "sig": "@etcsri%sux:mu-na-du₃=du[build//to build]V/t'V/t$mu.nn.a.n.du.ø/du₃#V4=mu.V6=nn.V7=a.V11=n.V12=du.V14=ø##V4=VEN.V6=3-SG-H.V7=DAT.V11=3-SG-H-A.V12=STEM.V14=3-SG-P",
                  "f": {
                    "lang": "sux",
                    "form": "mu-na-du₃",
                    "gdl": [
                      {
                        "v": "mu",
                        "id": "Q000951.8.1.0",
                        "delim": "-"
                      },
                      {
                        "v": "na",
                        "id": "Q000951.8.1.1",
                        "delim": "-"
                      },
                      {
                        "v": "du₃",
                        "id": "Q000951.8.1.2"
                      }
                    ],
                    "cf": "du",
                    "gw": "build",
                    "sense": "to build",
                    "norm": "mu.nn.a.n.du.ø",
                    "pos": "V/t",
                    "epos": "V/t",
                    "base": "du₃",
                    "morph": "V4=mu.V6=nn.V7=a.V11=n.V12=du.V14=ø",
                    "morph2": "V4=VEN.V6=3-SG-H.V7=DAT.V11=3-SG-H-A.V12=STEM.V14=3-SG-P"
                  }
                }
              ]
            },
            {
              "node": "c",
              "type": "sentence",
              "tag": ".",
              "id": "Q000951.U4",
              "label": "9 - 11",
              "cdl": [
                {
                  "node": "d",
                  "type": "line-start",
                  "ref": "Q000951.9",
                  "n": "9",
                  "label": "9"
                },
                {
                  "node": "l",
                  "id": "Q000951.l03a08",
                  "ref": "Q000951.9.1",
                  "inst": "Idenerennun[1]WN",
                  "sig": "@etcsri%sux:id₂-en-eren₂-nun=Idenerennun[1//1]WN'WN$Idenerennun/id₂-en-eren₂-nun#N1=Idenerennun##N1=NAME",
                  "f": {
                    "lang": "sux",
                    "form": "id₂-en-eren₂-nun",
                    "gdl": [
                      {
                        "v": "id₂",
                        "id": "Q000951.9.1.0",
                        "delim": "-"
                      },
                      {
                        "v": "en",
                        "id": "Q000951.9.1.1",
                        "delim": "-"
                      },
                      {
                        "v": "eren₂",
                        "id": "Q000951.9.1.2",
                        "delim": "-"
                      },
                      {
                        "v": "nun",
                        "id": "Q000951.9.1.3"
                      }
                    ],
                    "cf": "Idenerennun",
                    "gw": "1",
                    "sense": "1",
                    "norm": "Idenerennun",
                    "pos": "WN",
                    "epos": "WN",
                    "base": "id₂-en-eren₂-nun",
                    "morph": "N1=Idenerennun",
                    "morph2": "N1=NAME"
                  }
                },
                {
                  "node": "d",
                  "type": "line-start",
                  "ref": "Q000951.10",
                  "n": "10",
                  "label": "10"
                },
                {
                  "node": "l",
                  "id": "Q000951.l03a09",
                  "ref": "Q000951.10.1",
                  "inst": "id[canal]",
                  "sig": "@etcsri%sux:id₂=id[river//canal]N'N$id/id₂#N1=id##N1=STEM",
                  "f": {
                    "lang": "sux",
                    "form": "id₂",
                    "delim": " ",
                    "gdl": [
                      {
                        "v": "id₂",
                        "id": "Q000951.10.1.0"
                      }
                    ],
                    "cf": "id",
                    "gw": "river",
                    "sense": "canal",
                    "norm": "id",
                    "pos": "N",
                    "epos": "N",
                    "base": "id₂",
                    "morph": "N1=id",
                    "morph2": "N1=STEM"
                  }
                },
                {
                  "node": "l",
                  "id": "Q000951.l03a0a",
                  "ref": "Q000951.10.2",
                  "inst": "nindaba[offering]\\abs",
                  "sig": "@etcsri%sux:nindaba-ka-ni\\abs=nindaba[offering//(food) offering]N'N$nindaba.ak.ani.ø/nindaba#N1=nindaba.N5=ak.N3=ani.N5=ø##N1=STEM.N5=GEN.N3=3-SG-H-POSS.N5=ABS",
                  "f": {
                    "lang": "sux",
                    "form": "nindaba-ka-ni",
                    "gdl": [
                      {
                        "v": "nindaba",
                        "id": "Q000951.10.2.0",
                        "delim": "-"
                      },
                      {
                        "v": "ka",
                        "id": "Q000951.10.2.1",
                        "delim": "-"
                      },
                      {
                        "v": "ni",
                        "id": "Q000951.10.2.2"
                      }
                    ],
                    "cf": "nindaba",
                    "gw": "offering",
                    "sense": "(food) offering",
                    "norm": "nindaba.ak.ani.ø",
                    "pos": "N",
                    "epos": "N",
                    "base": "nindaba",
                    "morph": "N1=nindaba.N5=ak.N3=ani.N5=ø",
                    "morph2": "N1=STEM.N5=GEN.N3=3-SG-H-POSS.N5=ABS"
                  }
                },
                {
                  "node": "d",
                  "type": "line-start",
                  "ref": "Q000951.11",
                  "n": "11",
                  "label": "11"
                },
                {
                  "node": "l",
                  "id": "Q000951.l03a0b",
                  "ref": "Q000951.11.1",
                  "inst": "bal[dig] +.",
                  "sig": "@etcsri%sux:mu-na-ba-al=bal[dig//dig]V/t'V/t$mu.nn.a.n.bal.ø/ba-al#V4=mu.V6=nn.V7=a.V11=n.V12=bal.V14=ø##V4=VEN.V6=3-SG-H.V7=DAT.V11=3-SG-H-A.V12=STEM.V14=3-SG-P",
                  "f": {
                    "lang": "sux",
                    "form": "mu-na-ba-al",
                    "gdl": [
                      {
                        "v": "mu",
                        "id": "Q000951.11.1.0",
                        "delim": "-"
                      },
                      {
                        "v": "na",
                        "id": "Q000951.11.1.1",
                        "delim": "-"
                      },
                      {
                        "v": "ba",
                        "id": "Q000951.11.1.2",
                        "delim": "-"
                      },
                      {
                        "v": "al",
                        "id": "Q000951.11.1.3"
                      }
                    ],
                    "cf": "bal",
                    "gw": "dig",
                    "sense": "dig",
                    "norm": "mu.nn.a.n.bal.ø",
                    "pos": "V/t",
                    "epos": "V/t",
                    "base": "ba-al",
                    "morph": "V4=mu.V6=nn.V7=a.V11=n.V12=bal.V14=ø",
                    "morph2": "V4=VEN.V6=3-SG-H.V7=DAT.V11=3-SG-H-A.V12=STEM.V14=3-SG-P"
                  }
                }
              ]
            }
          ]
        }
      ]
    }
  ]
}
