{
  "type": "cdl",
  "project": "etcsri",
  "source": "http://oracc.org/etcsri",
  "license": "This data is released under the CC0 license",
  "license-url": "https://creativecommons.org/publicdomain/zero/1.0/",
  "more-info": "http://oracc.org/doc/opendata/",
  "UTC-timestamp": "2017-06-21T22:34:13",
  "textid": "Q000907",
  "cdl": [
    {
      "node": "c",
      "type": "text",
      "id": "Q000907.U0",
      "cdl": [
        {
          "node": "c",
          "type": "discourse",
          "subtype": "body",
          "id": "Q000907.U1",
          "cdl": [
            {
              "node": "c",
              "type": "sentence",
              "tag": ".",
              "id": "Q000907.U2",
              "label": "1 - 7",
              "cdl": [
                {
                  "node": "d",
                  "type": "line-start",
                  "ref": "Q000907.1",
                  "n": "1",
                  "label": "1"
                },
                {
                  "node": "l",
                  "id": "Q000907.l031b4",
                  "ref": "Q000907.1.1",
                  "inst": "Nindubak[1]DN",
                  "sig": "@etcsri%sux:{d}nin-dub=Nindubak[1//1]DN'DN$Nindubak/{d}nin-dub#N1=Nindubak##N1=NAME",
                  "f": {
                    "lang": "sux",
                    "form": "{d}nin-dub",
                    "gdl": [
                      {
                        "det": "semantic",
                        "pos": "pre",
                        "seq": [
                          {
                            "v": "d",
                            "id": "Q000907.1.1.0"
                          }
                        ]
                      },
                      {
                        "v": "nin",
                        "id": "Q000907.1.1.1",
                        "delim": "-"
                      },
                      {
                        "v": "dub",
                        "id": "Q000907.1.1.2"
                      }
                    ],
                    "cf": "Nindubak",
                    "gw": "1",
                    "sense": "1",
                    "norm": "Nindubak",
                    "pos": "DN",
                    "epos": "DN",
                    "base": "{d}nin-dub",
                    "morph": "N1=Nindubak",
                    "morph2": "N1=NAME"
                  }
                },
                {
                  "node": "d",
                  "type": "line-start",
                  "ref": "Q000907.2",
                  "n": "2",
                  "label": "2"
                },
                {
                  "node": "l",
                  "id": "Q000907.l031b5",
                  "ref": "Q000907.2.1",
                  "inst": "lugal[king]\\dat",
                  "sig": "@etcsri%sux:lugal-a-ni\\dat=lugal[king//king]N'N$lugal.ani.ra/lugal#N1=lugal.N3=ani.N5=ra##N1=STEM.N3=3-SG-H-POSS.N5=DAT-H",
                  "f": {
                    "lang": "sux",
                    "form": "lugal-a-ni",
                    "gdl": [
                      {
                        "v": "lugal",
                        "id": "Q000907.2.1.0",
                        "break": "damaged",
                        "ho": "1",
                        "delim": "-",
                        "hc": "1"
                      },
                      {
                        "v": "a",
                        "id": "Q000907.2.1.1",
                        "delim": "-"
                      },
                      {
                        "v": "ni",
                        "id": "Q000907.2.1.2"
                      }
                    ],
                    "cf": "lugal",
                    "gw": "king",
                    "sense": "king",
                    "norm": "lugal.ani.ra",
                    "pos": "N",
                    "epos": "N",
                    "base": "lugal",
                    "morph": "N1=lugal.N3=ani.N5=ra",
                    "morph2": "N1=STEM.N3=3-SG-H-POSS.N5=DAT-H"
                  }
                },
                {
                  "node": "d",
                  "type": "line-start",
                  "ref": "Q000907.3",
                  "n": "3",
                  "label": "3"
                },
                {
                  "node": "l",
                  "id": "Q000907.l031b6",
                  "ref": "Q000907.3.1",
                  "inst": "Gudea[1]RN",
                  "sig": "@etcsri%sux:gu₃-de₂-a=Gudea[1//1]RN'RN$Gudea/gu₃-de₂-a#N1=Gudea##N1=NAME",
                  "f": {
                    "lang": "sux",
                    "form": "gu₃-de₂-a",
                    "gdl": [
                      {
                        "v": "gu₃",
                        "id": "Q000907.3.1.0",
                        "delim": "-"
                      },
                      {
                        "v": "de₂",
                        "id": "Q000907.3.1.1",
                        "delim": "-"
                      },
                      {
                        "v": "a",
                        "id": "Q000907.3.1.2"
                      }
                    ],
                    "cf": "Gudea",
                    "gw": "1",
                    "sense": "1",
                    "norm": "Gudea",
                    "pos": "RN",
                    "epos": "RN",
                    "base": "gu₃-de₂-a",
                    "morph": "N1=Gudea",
                    "morph2": "N1=NAME"
                  }
                },
                {
                  "node": "d",
                  "type": "line-start",
                  "ref": "Q000907.4",
                  "n": "4",
                  "label": "4"
                },
                {
                  "node": "l",
                  "id": "Q000907.l031b7",
                  "ref": "Q000907.4.1",
                  "inst": "ensik[ruler]",
                  "sig": "@etcsri%sux:ensi₂=ensik[ruler//ruler]N'N$ensik/ensi₂#N1=ensik##N1=STEM",
                  "f": {
                    "lang": "sux",
                    "form": "ensi₂",
                    "gdl": [
                      {
                        "v": "ensi₂",
                        "id": "Q000907.4.1.0",
                        "break": "damaged",
                        "ho": "1",
                        "hc": "1"
                      }
                    ],
                    "cf": "ensik",
                    "gw": "ruler",
                    "sense": "ruler",
                    "norm": "ensik",
                    "pos": "N",
                    "epos": "N",
                    "base": "ensi₂",
                    "morph": "N1=ensik",
                    "morph2": "N1=STEM"
                  }
                },
                {
                  "node": "d",
                  "type": "line-start",
                  "ref": "Q000907.5",
                  "n": "5",
                  "label": "5"
                },
                {
                  "node": "l",
                  "id": "Q000907.l031b8",
                  "ref": "Q000907.5.1",
                  "inst": "Lagaš[1]",
                  "sig": "@etcsri%sux:lagaš{ki}-ke₄=Lagaš[1//1]SN'SN$Lagaš.ak.e/lagaš{ki}#N1=Lagaš.N5=ak.N5=e##N1=NAME.N5=GEN.N5=ERG",
                  "f": {
                    "lang": "sux",
                    "form": "lagaš{ki}-ke₄",
                    "gdl": [
                      {
                        "v": "lagaš",
                        "id": "Q000907.5.1.0",
                        "break": "damaged",
                        "ho": "1",
                        "hc": "1"
                      },
                      {
                        "det": "semantic",
                        "pos": "post",
                        "delim": "-",
                        "seq": [
                          {
                            "v": "ki",
                            "id": "Q000907.5.1.1"
                          }
                        ]
                      },
                      {
                        "v": "ke₄",
                        "id": "Q000907.5.1.2"
                      }
                    ],
                    "cf": "Lagaš",
                    "gw": "1",
                    "sense": "1",
                    "norm": "Lagaš.ak.e",
                    "pos": "SN",
                    "epos": "SN",
                    "base": "lagaš{ki}",
                    "morph": "N1=Lagaš.N5=ak.N5=e",
                    "morph2": "N1=NAME.N5=GEN.N5=ERG"
                  }
                },
                {
                  "node": "d",
                  "type": "line-start",
                  "ref": "Q000907.6",
                  "n": "6",
                  "label": "6"
                },
                {
                  "node": "l",
                  "id": "Q000907.l031b9",
                  "ref": "Q000907.6.1",
                  "inst": "e[house]\\abs",
                  "sig": "@etcsri%sux:e₂-a-ni\\abs=e[house//house, temple]N'N$e.ani.ø/e₂#N1=e.N3=ani.N5=ø##N1=STEM.N3=3-SG-H-POSS.N5=ABS",
                  "f": {
                    "lang": "sux",
                    "form": "e₂-a-ni",
                    "gdl": [
                      {
                        "v": "e₂",
                        "id": "Q000907.6.1.0",
                        "break": "damaged",
                        "ho": "1",
                        "delim": "-",
                        "hc": "1"
                      },
                      {
                        "v": "a",
                        "id": "Q000907.6.1.1",
                        "delim": "-"
                      },
                      {
                        "v": "ni",
                        "id": "Q000907.6.1.2"
                      }
                    ],
                    "cf": "e",
                    "gw": "house",
                    "sense": "house, temple",
                    "norm": "e.ani.ø",
                    "pos": "N",
                    "epos": "N",
                    "base": "e₂",
                    "morph": "N1=e.N3=ani.N5=ø",
                    "morph2": "N1=STEM.N3=3-SG-H-POSS.N5=ABS"
                  }
                },
                {
                  "node": "d",
                  "type": "line-start",
                  "ref": "Q000907.7",
                  "n": "7",
                  "label": "7"
                },
                {
                  "node": "l",
                  "id": "Q000907.l031ba",
                  "ref": "Q000907.7.1",
                  "inst": "!du[build] +.",
                  "sig": "@etcsri%sux:mu-na-du₃=du[build//to build]V/t'V/t$mu.nn.a.n.du.ø/du₃#V4=mu.V6=nn.V7=a.V11=n.V12=du.V14=ø##V4=VEN.V6=3-SG-H.V7=DAT.V11=3-SG-H-A.V12=STEM.V14=3-SG-P",
                  "f": {
                    "lang": "sux",
                    "form": "mu-na-du₃",
                    "gdl": [
                      {
                        "v": "mu",
                        "id": "Q000907.7.1.0",
                        "delim": "-"
                      },
                      {
                        "v": "na",
                        "id": "Q000907.7.1.1",
                        "delim": "-"
                      },
                      {
                        "v": "du₃",
                        "id": "Q000907.7.1.2"
                      }
                    ],
                    "cf": "du",
                    "gw": "build",
                    "sense": "to build",
                    "norm": "mu.nn.a.n.du.ø",
                    "pos": "V/t",
                    "epos": "V/t",
                    "base": "du₃",
                    "morph": "V4=mu.V6=nn.V7=a.V11=n.V12=du.V14=ø",
                    "morph2": "V4=VEN.V6=3-SG-H.V7=DAT.V11=3-SG-H-A.V12=STEM.V14=3-SG-P"
                  }
                }
              ]
            }
          ]
        }
      ]
    }
  ]
}
