{
  "type": "cdl",
  "project": "etcsri",
  "source": "http://oracc.org/etcsri",
  "license": "This data is released under the CC0 license",
  "license-url": "https://creativecommons.org/publicdomain/zero/1.0/",
  "more-info": "http://oracc.org/doc/opendata/",
  "UTC-timestamp": "2017-06-21T22:34:23",
  "textid": "Q000985",
  "cdl": [
    {
      "node": "c",
      "type": "text",
      "id": "Q000985.U0",
      "cdl": [
        {
          "node": "c",
          "type": "discourse",
          "subtype": "body",
          "id": "Q000985.U1",
          "cdl": [
            {
              "node": "c",
              "type": "sentence",
              "tag": ".",
              "id": "Q000985.U2",
              "label": "i 1 - i 9",
              "cdl": [
                {
                  "node": "d",
                  "type": "line-start",
                  "ref": "Q000985.1",
                  "n": "1",
                  "label": "i 1"
                },
                {
                  "node": "l",
                  "id": "Q000985.l045b2",
                  "ref": "Q000985.1.1",
                  "inst": "Amarsuenak[1]RN",
                  "sig": "@etcsri%sux:{d}amar-{d}suen=Amarsuenak[1//3rd king of the 3rd dynasty of Urim]RN'RN$Amarsuenak/{d}amar-{d}suen#N1=Amarsuenak##N1=NAME",
                  "f": {
                    "lang": "sux",
                    "form": "{d}amar-{d}suen",
                    "gdl": [
                      {
                        "det": "semantic",
                        "pos": "pre",
                        "seq": [
                          {
                            "v": "d",
                            "id": "Q000985.1.1.0"
                          }
                        ]
                      },
                      {
                        "v": "amar",
                        "id": "Q000985.1.1.1",
                        "delim": "-"
                      },
                      {
                        "det": "semantic",
                        "pos": "pre",
                        "seq": [
                          {
                            "v": "d",
                            "id": "Q000985.1.1.2"
                          }
                        ]
                      },
                      {
                        "v": "suen",
                        "id": "Q000985.1.1.3"
                      }
                    ],
                    "cf": "Amarsuenak",
                    "gw": "1",
                    "sense": "3rd king of the 3rd dynasty of Urim",
                    "norm": "Amarsuenak",
                    "pos": "RN",
                    "epos": "RN",
                    "base": "{d}amar-{d}suen",
                    "morph": "N1=Amarsuenak",
                    "morph2": "N1=NAME"
                  }
                },
                {
                  "node": "d",
                  "type": "line-start",
                  "ref": "Q000985.2",
                  "n": "2",
                  "label": "i 2"
                },
                {
                  "node": "l",
                  "id": "Q000985.l045b3",
                  "ref": "Q000985.2.1",
                  "inst": "Nibru[1]SN",
                  "sig": "@etcsri%sux:nibru{ki}-a=Nibru[1//1]SN'SN$Nibru.'a/nibru{ki}#N1=Nibru.N5='a##N1=NAME.N5=L1",
                  "f": {
                    "lang": "sux",
                    "form": "nibru{ki}-a",
                    "gdl": [
                      {
                        "v": "nibru",
                        "id": "Q000985.2.1.0"
                      },
                      {
                        "det": "semantic",
                        "pos": "post",
                        "delim": "-",
                        "seq": [
                          {
                            "v": "ki",
                            "id": "Q000985.2.1.1"
                          }
                        ]
                      },
                      {
                        "v": "a",
                        "id": "Q000985.2.1.2"
                      }
                    ],
                    "cf": "Nibru",
                    "gw": "1",
                    "sense": "1",
                    "norm": "Nibru.'a",
                    "pos": "SN",
                    "epos": "SN",
                    "base": "nibru{ki}",
                    "morph": "N1=Nibru.N5='a",
                    "morph2": "N1=NAME.N5=L1"
                  }
                },
                {
                  "node": "d",
                  "type": "line-start",
                  "ref": "Q000985.3",
                  "n": "3",
                  "label": "i 3"
                },
                {
                  "node": "l",
                  "id": "Q000985.l045b4",
                  "ref": "Q000985.3.1",
                  "inst": "Enlil[1]DN",
                  "sig": "@etcsri%sux:{d}en-lil₂-le=Enlil[1//1]DN'DN$Enlil.e/{d}en-lil₂#N1=Enlil.N5=e##N1=NAME.N5=ERG",
                  "f": {
                    "lang": "sux",
                    "form": "{d}en-lil₂-le",
                    "gdl": [
                      {
                        "det": "semantic",
                        "pos": "pre",
                        "seq": [
                          {
                            "v": "d",
                            "id": "Q000985.3.1.0"
                          }
                        ]
                      },
                      {
                        "v": "en",
                        "id": "Q000985.3.1.1",
                        "delim": "-"
                      },
                      {
                        "v": "lil₂",
                        "id": "Q000985.3.1.2",
                        "delim": "-"
                      },
                      {
                        "v": "le",
                        "id": "Q000985.3.1.3"
                      }
                    ],
                    "cf": "Enlil",
                    "gw": "1",
                    "sense": "1",
                    "norm": "Enlil.e",
                    "pos": "DN",
                    "epos": "DN",
                    "base": "{d}en-lil₂",
                    "morph": "N1=Enlil.N5=e",
                    "morph2": "N1=NAME.N5=ERG"
                  }
                },
                {
                  "node": "d",
                  "type": "line-start",
                  "ref": "Q000985.4",
                  "n": "4",
                  "label": "i 4"
                },
                {
                  "node": "c",
                  "type": "phrase",
                  "tag": "phr",
                  "id": "Q000985.U11",
                  "ref": "Q000985.ls00000",
                  "cdl": [
                    {
                      "node": "l",
                      "id": "Q000985.l045b5",
                      "ref": "Q000985.4.1",
                      "inst": "mu[name]\\abs",
                      "sig": "@etcsri%sux:mu\\abs=mu[name//name]N'N$mu.ø/mu#N1=mu.N5=ø##N1=STEM.N5=ABS",
                      "f": {
                        "lang": "sux",
                        "form": "mu",
                        "delim": " ",
                        "gdl": [
                          {
                            "v": "mu",
                            "id": "Q000985.4.1.0"
                          }
                        ],
                        "cf": "mu",
                        "gw": "name",
                        "sense": "name",
                        "norm": "mu.ø",
                        "pos": "N",
                        "epos": "N",
                        "base": "mu",
                        "morph": "N1=mu.N5=ø",
                        "morph2": "N1=STEM.N5=ABS"
                      }
                    },
                    {
                      "node": "l",
                      "id": "Q000985.l045b6",
                      "ref": "Q000985.4.2",
                      "inst": "pad[find]",
                      "sig": "@etcsri%sux:pad₃-da=pad[find//to find, to discover]V/t'V/t$pad.'a/pad₃#NV2=pad.NV4='a##NV2=STEM.NV4=SUB",
                      "f": {
                        "lang": "sux",
                        "form": "pad₃-da",
                        "gdl": [
                          {
                            "v": "pad₃",
                            "id": "Q000985.4.2.0",
                            "delim": "-"
                          },
                          {
                            "v": "da",
                            "id": "Q000985.4.2.1"
                          }
                        ],
                        "cf": "pad",
                        "gw": "find",
                        "sense": "to find, to discover",
                        "norm": "pad.'a",
                        "pos": "V/t",
                        "epos": "V/t",
                        "base": "pad₃",
                        "morph": "NV2=pad.NV4='a",
                        "morph2": "NV2=STEM.NV4=SUB"
                      }
                    }
                  ]
                },
                {
                  "node": "d",
                  "type": "line-start",
                  "ref": "Q000985.5",
                  "n": "5",
                  "label": "i 5"
                },
                {
                  "node": "l",
                  "id": "Q000985.l045b7",
                  "ref": "Q000985.5.1",
                  "inst": "sajus[constant]",
                  "sig": "@etcsri%sux:saŋ-us₂=saŋus[constant//(to be) constant, regular]V/i'V/i$saŋus/saŋ-us₂#NV2=saŋus##NV2=STEM",
                  "f": {
                    "lang": "sux",
                    "form": "saŋ-us₂",
                    "gdl": [
                      {
                        "v": "saŋ",
                        "id": "Q000985.5.1.0",
                        "delim": "-"
                      },
                      {
                        "v": "us₂",
                        "id": "Q000985.5.1.1"
                      }
                    ],
                    "cf": "saŋus",
                    "gw": "constant",
                    "sense": "(to be) constant, regular",
                    "norm": "saŋus",
                    "pos": "V/i",
                    "epos": "V/i",
                    "base": "saŋ-us₂",
                    "morph": "NV2=saŋus",
                    "morph2": "NV2=STEM"
                  }
                },
                {
                  "node": "d",
                  "type": "line-start",
                  "ref": "Q000985.6",
                  "n": "6",
                  "label": "i 6"
                },
                {
                  "node": "l",
                  "id": "Q000985.l045b8",
                  "ref": "Q000985.6.1",
                  "inst": "e[house]",
                  "sig": "@etcsri%sux:e₂=e[house//house, temple]N'N$e/e₂#N1=e##N1=STEM",
                  "f": {
                    "lang": "sux",
                    "form": "e₂",
                    "delim": " ",
                    "gdl": [
                      {
                        "v": "e₂",
                        "id": "Q000985.6.1.0"
                      }
                    ],
                    "cf": "e",
                    "gw": "house",
                    "sense": "house, temple",
                    "norm": "e",
                    "pos": "N",
                    "epos": "N",
                    "base": "e₂",
                    "morph": "N1=e",
                    "morph2": "N1=STEM"
                  }
                },
                {
                  "node": "l",
                  "id": "Q000985.l045b9",
                  "ref": "Q000985.6.2",
                  "inst": "Enlil[1]DN",
                  "sig": "@etcsri%sux:{d}en-lil₂-ka=Enlil[1//1]DN'DN$Enlil.ak.ak/{d}en-lil₂#N1=Enlil.N5=ak.N5=ak##N1=NAME.N5=GEN.N5=GEN",
                  "f": {
                    "lang": "sux",
                    "form": "{d}en-lil₂-ka",
                    "gdl": [
                      {
                        "det": "semantic",
                        "pos": "pre",
                        "seq": [
                          {
                            "v": "d",
                            "id": "Q000985.6.2.0"
                          }
                        ]
                      },
                      {
                        "v": "en",
                        "id": "Q000985.6.2.1",
                        "delim": "-"
                      },
                      {
                        "v": "lil₂",
                        "id": "Q000985.6.2.2",
                        "delim": "-"
                      },
                      {
                        "v": "ka",
                        "id": "Q000985.6.2.3"
                      }
                    ],
                    "cf": "Enlil",
                    "gw": "1",
                    "sense": "1",
                    "norm": "Enlil.ak.ak",
                    "pos": "DN",
                    "epos": "DN",
                    "base": "{d}en-lil₂",
                    "morph": "N1=Enlil.N5=ak.N5=ak",
                    "morph2": "N1=NAME.N5=GEN.N5=GEN"
                  }
                },
                {
                  "node": "d",
                  "type": "line-start",
                  "ref": "Q000985.7",
                  "n": "7",
                  "label": "i 7"
                },
                {
                  "node": "l",
                  "id": "Q000985.l045ba",
                  "ref": "Q000985.7.1",
                  "inst": "lugal[king]",
                  "sig": "@etcsri%sux:lugal=lugal[king//king]N'N$lugal/lugal#N1=lugal##N1=STEM",
                  "f": {
                    "lang": "sux",
                    "form": "lugal",
                    "delim": " ",
                    "gdl": [
                      {
                        "v": "lugal",
                        "id": "Q000985.7.1.0"
                      }
                    ],
                    "cf": "lugal",
                    "gw": "king",
                    "sense": "king",
                    "norm": "lugal",
                    "pos": "N",
                    "epos": "N",
                    "base": "lugal",
                    "morph": "N1=lugal",
                    "morph2": "N1=STEM"
                  }
                },
                {
                  "node": "l",
                  "id": "Q000985.l045bb",
                  "ref": "Q000985.7.2",
                  "inst": "kalag[strong]",
                  "sig": "@etcsri%sux:kalag-ga=kalag[strong//strong]V/i'V/i$kalag.'a/kalag#NV2=kalag.NV4='a##NV2=STEM.NV4=SUB",
                  "f": {
                    "lang": "sux",
                    "form": "kalag-ga",
                    "gdl": [
                      {
                        "v": "kalag",
                        "id": "Q000985.7.2.0",
                        "delim": "-"
                      },
                      {
                        "v": "ga",
                        "id": "Q000985.7.2.1"
                      }
                    ],
                    "cf": "kalag",
                    "gw": "strong",
                    "sense": "strong",
                    "norm": "kalag.'a",
                    "pos": "V/i",
                    "epos": "V/i",
                    "base": "kalag",
                    "morph": "NV2=kalag.NV4='a",
                    "morph2": "NV2=STEM.NV4=SUB"
                  }
                },
                {
                  "node": "d",
                  "type": "line-start",
                  "ref": "Q000985.8",
                  "n": "8",
                  "label": "i 8"
                },
                {
                  "node": "l",
                  "id": "Q000985.l045bc",
                  "ref": "Q000985.8.1",
                  "inst": "lugal[king]",
                  "sig": "@etcsri%sux:lugal=lugal[king//king]N'N$lugal/lugal#N1=lugal##N1=STEM",
                  "f": {
                    "lang": "sux",
                    "form": "lugal",
                    "delim": " ",
                    "gdl": [
                      {
                        "v": "lugal",
                        "id": "Q000985.8.1.0"
                      }
                    ],
                    "cf": "lugal",
                    "gw": "king",
                    "sense": "king",
                    "norm": "lugal",
                    "pos": "N",
                    "epos": "N",
                    "base": "lugal",
                    "morph": "N1=lugal",
                    "morph2": "N1=STEM"
                  }
                },
                {
                  "node": "l",
                  "id": "Q000985.l045bd",
                  "ref": "Q000985.8.2",
                  "inst": "Urim[1]SN",
                  "sig": "@etcsri%sux:urim₅{ki}-ma=Urim[1//1]SN'SN$Urim.ak/urim₅{ki}#N1=Urim.N5=ak##N1=NAME.N5=GEN",
                  "f": {
                    "lang": "sux",
                    "form": "urim₅{ki}-ma",
                    "gdl": [
                      {
                        "v": "urim₅",
                        "id": "Q000985.8.2.0"
                      },
                      {
                        "det": "semantic",
                        "pos": "post",
                        "delim": "-",
                        "seq": [
                          {
                            "v": "ki",
                            "id": "Q000985.8.2.1"
                          }
                        ]
                      },
                      {
                        "v": "ma",
                        "id": "Q000985.8.2.2"
                      }
                    ],
                    "cf": "Urim",
                    "gw": "1",
                    "sense": "1",
                    "norm": "Urim.ak",
                    "pos": "SN",
                    "epos": "SN",
                    "base": "urim₅{ki}",
                    "morph": "N1=Urim.N5=ak",
                    "morph2": "N1=NAME.N5=GEN"
                  }
                },
                {
                  "node": "d",
                  "type": "line-start",
                  "ref": "Q000985.9",
                  "n": "9",
                  "label": "i 9"
                },
                {
                  "node": "l",
                  "id": "Q000985.l045be",
                  "ref": "Q000985.9.1",
                  "inst": "lugal[king]",
                  "sig": "@etcsri%sux:lugal=lugal[king//king]N'N$lugal/lugal#N1=lugal##N1=STEM",
                  "f": {
                    "lang": "sux",
                    "form": "lugal",
                    "delim": " ",
                    "gdl": [
                      {
                        "v": "lugal",
                        "id": "Q000985.9.1.0"
                      }
                    ],
                    "cf": "lugal",
                    "gw": "king",
                    "sense": "king",
                    "norm": "lugal",
                    "pos": "N",
                    "epos": "N",
                    "base": "lugal",
                    "morph": "N1=lugal",
                    "morph2": "N1=STEM"
                  }
                },
                {
                  "node": "l",
                  "id": "Q000985.l045bf",
                  "ref": "Q000985.9.2",
                  "inst": "anubda[quarter]",
                  "sig": "@etcsri%sux:an-ub-da=anubda[quarter//a cosmographic or geographic term, quarter (of the universe)]N'N$anubda/an-ub-da#N1=anubda##N1=STEM",
                  "f": {
                    "lang": "sux",
                    "form": "an-ub-da",
                    "delim": " ",
                    "gdl": [
                      {
                        "v": "an",
                        "id": "Q000985.9.2.0",
                        "delim": "-"
                      },
                      {
                        "v": "ub",
                        "id": "Q000985.9.2.1",
                        "delim": "-"
                      },
                      {
                        "v": "da",
                        "id": "Q000985.9.2.2"
                      }
                    ],
                    "cf": "anubda",
                    "gw": "quarter",
                    "sense": "a cosmographic or geographic term, quarter (of the universe)",
                    "norm": "anubda",
                    "pos": "N",
                    "epos": "N",
                    "base": "an-ub-da",
                    "morph": "N1=anubda",
                    "morph2": "N1=STEM"
                  }
                },
                {
                  "node": "l",
                  "id": "Q000985.l045c0",
                  "ref": "Q000985.9.3",
                  "inst": "limmu[four] +.",
                  "sig": "@etcsri%sux:limmu₂-ba-me=limmu[four//four]NU'NU$limmu.bi.ak.ø.men/limmu₂#NV2=limmu.N3=bi.N5=ak.N5=ø.N6=men##NV2=STEM.N3=3-SG-NH-POSS.N5=GEN.N5=ABS.N6=COP-1-SG",
                  "f": {
                    "lang": "sux",
                    "form": "limmu₂-ba-me",
                    "gdl": [
                      {
                        "v": "limmu₂",
                        "id": "Q000985.9.3.0",
                        "delim": "-"
                      },
                      {
                        "v": "ba",
                        "id": "Q000985.9.3.1",
                        "delim": "-"
                      },
                      {
                        "v": "me",
                        "id": "Q000985.9.3.2"
                      }
                    ],
                    "cf": "limmu",
                    "gw": "four",
                    "sense": "four",
                    "norm": "limmu.bi.ak.ø.men",
                    "pos": "NU",
                    "epos": "NU",
                    "base": "limmu₂",
                    "morph": "NV2=limmu.N3=bi.N5=ak.N5=ø.N6=men",
                    "morph2": "NV2=STEM.N3=3-SG-NH-POSS.N5=GEN.N5=ABS.N6=COP-1-SG"
                  }
                }
              ]
            },
            {
              "node": "c",
              "type": "sentence",
              "tag": ".",
              "id": "Q000985.U4",
              "label": "i 10 - i 12",
              "cdl": [
                {
                  "node": "d",
                  "type": "line-start",
                  "ref": "Q000985.10",
                  "n": "10",
                  "label": "i 10"
                },
                {
                  "node": "l",
                  "id": "Q000985.l045c1",
                  "ref": "Q000985.10.1",
                  "inst": "alan[statue]\\dem2",
                  "sig": "@etcsri%sux:alan-ba\\dem2=alan[statue//statue]N'N$alan.bi.ak/alan#N1=alan.N3=bi.N5=ak##N1=STEM.N3=DEM2.N5=GEN",
                  "f": {
                    "lang": "sux",
                    "form": "alan-ba",
                    "gdl": [
                      {
                        "v": "alan",
                        "id": "Q000985.10.1.0",
                        "break": "damaged",
                        "ho": "1",
                        "delim": "-",
                        "hc": "1"
                      },
                      {
                        "v": "ba",
                        "id": "Q000985.10.1.1"
                      }
                    ],
                    "cf": "alan",
                    "gw": "statue",
                    "sense": "statue",
                    "norm": "alan.bi.ak",
                    "pos": "N",
                    "epos": "N",
                    "base": "alan",
                    "morph": "N1=alan.N3=bi.N5=ak",
                    "morph2": "N1=STEM.N3=DEM2.N5=GEN"
                  }
                },
                {
                  "node": "d",
                  "type": "line-start",
                  "ref": "Q000985.11",
                  "n": "11",
                  "label": "i 11"
                },
                {
                  "node": "l",
                  "id": "Q000985.l045c2",
                  "ref": "Q000985.11.1",
                  "inst": "Amarsuenak[1]RN",
                  "sig": "@etcsri%sux:{d}amar-{d}suen=Amarsuenak[1//3rd king of the 3rd dynasty of Urim]RN'RN$Amarsuenak/{d}amar-{d}suen#N1=Amarsuenak##N1=NAME",
                  "f": {
                    "lang": "sux",
                    "form": "{d}amar-{d}suen",
                    "delim": " ",
                    "gdl": [
                      {
                        "det": "semantic",
                        "pos": "pre",
                        "seq": [
                          {
                            "v": "d",
                            "id": "Q000985.11.1.0"
                          }
                        ]
                      },
                      {
                        "v": "amar",
                        "id": "Q000985.11.1.1",
                        "delim": "-"
                      },
                      {
                        "det": "semantic",
                        "pos": "pre",
                        "seq": [
                          {
                            "v": "d",
                            "id": "Q000985.11.1.2"
                          }
                        ]
                      },
                      {
                        "v": "suen",
                        "id": "Q000985.11.1.3"
                      }
                    ],
                    "cf": "Amarsuenak",
                    "gw": "1",
                    "sense": "3rd king of the 3rd dynasty of Urim",
                    "norm": "Amarsuenak",
                    "pos": "RN",
                    "epos": "RN",
                    "base": "{d}amar-{d}suen",
                    "morph": "N1=Amarsuenak",
                    "morph2": "N1=NAME"
                  }
                },
                {
                  "node": "c",
                  "type": "phrase",
                  "tag": "phr",
                  "id": "Q000985.U12",
                  "ref": "Q000985.ls00001",
                  "cdl": [
                    {
                      "node": "l",
                      "id": "Q000985.l045c3",
                      "ref": "Q000985.11.2",
                      "inst": "ki[place]\\abs",
                      "sig": "@etcsri%sux:ki\\abs=ki[place//place]N'N$ki.ø/ki#N1=ki.N5=ø##N1=STEM.N5=ABS",
                      "f": {
                        "lang": "sux",
                        "form": "ki",
                        "delim": " ",
                        "gdl": [
                          {
                            "v": "ki",
                            "id": "Q000985.11.2.0"
                          }
                        ],
                        "cf": "ki",
                        "gw": "place",
                        "sense": "place",
                        "norm": "ki.ø",
                        "pos": "N",
                        "epos": "N",
                        "base": "ki",
                        "morph": "N1=ki.N5=ø",
                        "morph2": "N1=STEM.N5=ABS"
                      }
                    },
                    {
                      "node": "l",
                      "id": "Q000985.l045c4",
                      "ref": "Q000985.11.3",
                      "inst": "aj[measure]",
                      "sig": "@etcsri%sux:aŋ₂=aŋ[measure//measure]V/t'V/t$aŋ/aŋ₂#NV2=aŋ##NV2=STEM",
                      "f": {
                        "lang": "sux",
                        "form": "aŋ₂",
                        "delim": " ",
                        "gdl": [
                          {
                            "v": "aŋ₂",
                            "id": "Q000985.11.3.0"
                          }
                        ],
                        "cf": "aŋ",
                        "gw": "measure",
                        "sense": "measure",
                        "norm": "aŋ",
                        "pos": "V/t",
                        "epos": "V/t",
                        "base": "aŋ₂",
                        "morph": "NV2=aŋ",
                        "morph2": "NV2=STEM"
                      }
                    }
                  ]
                },
                {
                  "node": "l",
                  "id": "Q000985.l045c5",
                  "ref": "Q000985.11.4",
                  "inst": "Urim[1]SN\\abs",
                  "sig": "@etcsri%sux:urim₅{ki}-ma\\abs=Urim[1//1]SN'SN$Urim.ak.ø/urim₅{ki}#N1=Urim.N5=ak.N5=ø##N1=NAME.N5=GEN.N5=ABS",
                  "f": {
                    "lang": "sux",
                    "form": "urim₅{ki}-ma",
                    "gdl": [
                      {
                        "v": "urim₅",
                        "id": "Q000985.11.4.0"
                      },
                      {
                        "det": "semantic",
                        "pos": "post",
                        "delim": "-",
                        "seq": [
                          {
                            "v": "ki",
                            "id": "Q000985.11.4.1"
                          }
                        ]
                      },
                      {
                        "v": "ma",
                        "id": "Q000985.11.4.2"
                      }
                    ],
                    "cf": "Urim",
                    "gw": "1",
                    "sense": "1",
                    "norm": "Urim.ak.ø",
                    "pos": "SN",
                    "epos": "SN",
                    "base": "urim₅{ki}",
                    "morph": "N1=Urim.N5=ak.N5=ø",
                    "morph2": "N1=NAME.N5=GEN.N5=ABS"
                  }
                },
                {
                  "node": "d",
                  "type": "line-start",
                  "ref": "Q000985.12",
                  "n": "12",
                  "label": "i 12"
                },
                {
                  "node": "l",
                  "id": "Q000985.l045c6",
                  "ref": "Q000985.12.1",
                  "inst": "mu[name] +.",
                  "sig": "@etcsri%sux:mu-bi-im=mu[name//name]N'N$mu.bi.ø.am/mu#N1=mu.N3=bi.N5=ø.N6=am##N1=STEM.N3=3-SG-NH-POSS.N5=ABS.N6=COP-3-SG",
                  "f": {
                    "lang": "sux",
                    "form": "mu-bi-im",
                    "gdl": [
                      {
                        "v": "mu",
                        "id": "Q000985.12.1.0",
                        "delim": "-"
                      },
                      {
                        "v": "bi",
                        "id": "Q000985.12.1.1",
                        "delim": "-"
                      },
                      {
                        "v": "im",
                        "id": "Q000985.12.1.2"
                      }
                    ],
                    "cf": "mu",
                    "gw": "name",
                    "sense": "name",
                    "norm": "mu.bi.ø.am",
                    "pos": "N",
                    "epos": "N",
                    "base": "mu",
                    "morph": "N1=mu.N3=bi.N5=ø.N6=am",
                    "morph2": "N1=STEM.N3=3-SG-NH-POSS.N5=ABS.N6=COP-3-SG"
                  }
                }
              ]
            },
            {
              "node": "c",
              "type": "sentence",
              "tag": ".",
              "id": "Q000985.U6",
              "label": "i 13 - ii 9",
              "cdl": [
                {
                  "node": "d",
                  "type": "line-start",
                  "ref": "Q000985.13",
                  "n": "13",
                  "label": "i 13"
                },
                {
                  "node": "l",
                  "id": "Q000985.l045c7",
                  "ref": "Q000985.13.1",
                  "inst": "alan[statue]\\dem2",
                  "sig": "@etcsri%sux:alan-ba\\dem2=alan[statue//statue]N'N$alan.bi.ak/alan#N1=alan.N3=bi.N5=ak##N1=STEM.N3=DEM2.N5=GEN",
                  "f": {
                    "lang": "sux",
                    "form": "alan-ba",
                    "gdl": [
                      {
                        "v": "alan",
                        "id": "Q000985.13.1.0",
                        "delim": "-"
                      },
                      {
                        "v": "ba",
                        "id": "Q000985.13.1.1"
                      }
                    ],
                    "cf": "alan",
                    "gw": "statue",
                    "sense": "statue",
                    "norm": "alan.bi.ak",
                    "pos": "N",
                    "epos": "N",
                    "base": "alan",
                    "morph": "N1=alan.N3=bi.N5=ak",
                    "morph2": "N1=STEM.N3=DEM2.N5=GEN"
                  }
                },
                {
                  "node": "d",
                  "type": "line-start",
                  "ref": "Q000985.14",
                  "n": "1",
                  "label": "ii 1"
                },
                {
                  "node": "l",
                  "id": "Q000985.l045c8",
                  "ref": "Q000985.14.1",
                  "inst": "lu[person]",
                  "sig": "@etcsri%sux:lu₂=lu[person//person]N'N$lu/lu₂#N1=lu##N1=STEM",
                  "f": {
                    "lang": "sux",
                    "form": "lu₂",
                    "delim": " ",
                    "gdl": [
                      {
                        "v": "lu₂",
                        "id": "Q000985.14.1.0"
                      }
                    ],
                    "cf": "lu",
                    "gw": "person",
                    "sense": "person",
                    "norm": "lu",
                    "pos": "N",
                    "epos": "N",
                    "base": "lu₂",
                    "morph": "N1=lu",
                    "morph2": "N1=STEM"
                  }
                },
                {
                  "node": "l",
                  "id": "Q000985.l045c9",
                  "ref": "Q000985.14.2",
                  "inst": "ki[place]",
                  "sig": "@etcsri%sux:ki=ki[place//place]N'N$ki/ki#N1=ki##N1=STEM",
                  "f": {
                    "lang": "sux",
                    "form": "ki",
                    "delim": " ",
                    "gdl": [
                      {
                        "v": "ki",
                        "id": "Q000985.14.2.0"
                      }
                    ],
                    "cf": "ki",
                    "gw": "place",
                    "sense": "place",
                    "norm": "ki",
                    "pos": "N",
                    "epos": "N",
                    "base": "ki",
                    "morph": "N1=ki",
                    "morph2": "N1=STEM"
                  }
                },
                {
                  "node": "l",
                  "id": "Q000985.l045ca",
                  "ref": "Q000985.14.3",
                  "inst": "gub[stand]\\com",
                  "sig": "@etcsri%sux:gub-ba-bi\\com=gub[stand//stand]V/i'V/i$gub.'a.bi.da/gub#NV2=gub.NV4='a.N3=bi.N5=da##NV2=STEM.NV4=SUB.N3=3-SG-NH-POSS.N5=COM",
                  "f": {
                    "lang": "sux",
                    "form": "gub-ba-bi",
                    "gdl": [
                      {
                        "v": "gub",
                        "id": "Q000985.14.3.0",
                        "delim": "-"
                      },
                      {
                        "v": "ba",
                        "id": "Q000985.14.3.1",
                        "delim": "-"
                      },
                      {
                        "v": "bi",
                        "id": "Q000985.14.3.2"
                      }
                    ],
                    "cf": "gub",
                    "gw": "stand",
                    "sense": "stand",
                    "norm": "gub.'a.bi.da",
                    "pos": "V/i",
                    "epos": "V/i",
                    "base": "gub",
                    "morph": "NV2=gub.NV4='a.N3=bi.N5=da",
                    "morph2": "NV2=STEM.NV4=SUB.N3=3-SG-NH-POSS.N5=COM"
                  }
                },
                {
                  "node": "d",
                  "type": "line-start",
                  "ref": "Q000985.15",
                  "n": "2",
                  "label": "ii 2"
                },
                {
                  "node": "l",
                  "id": "Q000985.l045cb",
                  "ref": "Q000985.15.1",
                  "inst": "kur[different//remove]",
                  "sig": "@etcsri%sux:ib₂-da-ab-kur₂-re-a=kur[different//to remove something (= ABS) from somewhere (= COM)]V/i'V/t$i.b.da.b.kur.e.'a/kur₂#V2=i.V5=b.V8=da.V11=b.V12=kur.V14=e.V15='a##V2=FIN.V5=3-NH.V8=COM.V11=3-SG-NH-P.V12=STEM.V14=3-SG-A.V15=SUB",
                  "f": {
                    "lang": "sux",
                    "form": "ib₂-da-ab-kur₂-re-a",
                    "gdl": [
                      {
                        "v": "ib₂",
                        "id": "Q000985.15.1.0",
                        "delim": "-"
                      },
                      {
                        "v": "da",
                        "id": "Q000985.15.1.1",
                        "delim": "-"
                      },
                      {
                        "v": "ab",
                        "id": "Q000985.15.1.2",
                        "delim": "-"
                      },
                      {
                        "v": "kur₂",
                        "id": "Q000985.15.1.3",
                        "delim": "-"
                      },
                      {
                        "v": "re",
                        "id": "Q000985.15.1.4",
                        "delim": "-"
                      },
                      {
                        "v": "a",
                        "id": "Q000985.15.1.5"
                      }
                    ],
                    "cf": "kur",
                    "gw": "different",
                    "sense": "to remove something (= ABS) from somewhere (= COM)",
                    "norm": "i.b.da.b.kur.e.'a",
                    "pos": "V/i",
                    "epos": "V/t",
                    "base": "kur₂",
                    "morph": "V2=i.V5=b.V8=da.V11=b.V12=kur.V14=e.V15='a",
                    "morph2": "V2=FIN.V5=3-NH.V8=COM.V11=3-SG-NH-P.V12=STEM.V14=3-SG-A.V15=SUB"
                  }
                },
                {
                  "node": "d",
                  "type": "line-start",
                  "ref": "Q000985.16",
                  "n": "3",
                  "label": "ii 3"
                },
                {
                  "node": "l",
                  "id": "Q000985.l045cc",
                  "ref": "Q000985.16.1",
                  "inst": "baragsiga[shrine//socle]\\abs",
                  "sig": "@etcsri%sux:barag-sig₉-ga-bi\\abs=baragsiga[shrine//a low socle for cultic purposes, a pedestal, an altar]N'N$baragsiga.bi.ø/barag-sig₉-ga#N1=baragsiga.N3=bi.N5=ø##N1=STEM.N3=3NH.POSS.N5=ABS",
                  "f": {
                    "lang": "sux",
                    "form": "barag-sig₉-ga-bi",
                    "gdl": [
                      {
                        "v": "barag",
                        "id": "Q000985.16.1.0",
                        "delim": "-"
                      },
                      {
                        "v": "sig₉",
                        "id": "Q000985.16.1.1",
                        "delim": "-"
                      },
                      {
                        "v": "ga",
                        "id": "Q000985.16.1.2",
                        "delim": "-"
                      },
                      {
                        "v": "bi",
                        "id": "Q000985.16.1.3"
                      }
                    ],
                    "cf": "baragsiga",
                    "gw": "shrine",
                    "sense": "a low socle for cultic purposes, a pedestal, an altar",
                    "norm": "baragsiga.bi.ø",
                    "pos": "N",
                    "epos": "N",
                    "base": "barag-sig₉-ga",
                    "morph": "N1=baragsiga.N3=bi.N5=ø",
                    "morph2": "N1=STEM.N3=3NH.POSS.N5=ABS"
                  }
                },
                {
                  "node": "d",
                  "type": "line-start",
                  "ref": "Q000985.17",
                  "n": "4",
                  "label": "ii 4"
                },
                {
                  "node": "l",
                  "id": "Q000985.l045cd",
                  "ref": "Q000985.17.1",
                  "inst": "bur[tear]",
                  "sig": "@etcsri%sux:i₃-burₓ(|KA×ŠU|)-re-a=bur[tear//tear]V/t'V/t$i.bur.e.'a.x/burₓ(|KA×ŠU|)#V2=i.V12=bur.V14=e.V15='a.N5=x##V2=FIN.V12=STEM.V14=3-SG-A.V15=SUB.N5=X",
                  "f": {
                    "lang": "sux",
                    "form": "i₃-burₓ(|KA×ŠU|)-re-a",
                    "gdl": [
                      {
                        "v": "i₃",
                        "id": "Q000985.17.1.0",
                        "delim": "-"
                      },
                      {
                        "q": "burₓ(|KA×ŠU|)",
                        "id": "Q000985.17.1.1",
                        "delim": "-",
                        "qualified": [
                          {
                            "v": "burₓ"
                          },
                          {
                            "c": "|KA×ŠU|",
                            "seq": [
                              {
                                "s": "KA"
                              },
                              {
                                "o": "containing"
                              },
                              {
                                "s": "ŠU"
                              }
                            ]
                          }
                        ]
                      },
                      {
                        "v": "re",
                        "id": "Q000985.17.1.2",
                        "delim": "-"
                      },
                      {
                        "v": "a",
                        "id": "Q000985.17.1.3"
                      }
                    ],
                    "cf": "bur",
                    "gw": "tear",
                    "sense": "tear",
                    "norm": "i.bur.e.'a.x",
                    "pos": "V/t",
                    "epos": "V/t",
                    "base": "burₓ(|KA×ŠU|)",
                    "morph": "V2=i.V12=bur.V14=e.V15='a.N5=x",
                    "morph2": "V2=FIN.V12=STEM.V14=3-SG-A.V15=SUB.N5=X"
                  }
                },
                {
                  "node": "d",
                  "type": "line-start",
                  "ref": "Q000985.18",
                  "n": "5",
                  "label": "ii 5"
                },
                {
                  "node": "l",
                  "id": "Q000985.l045ce",
                  "ref": "Q000985.18.1",
                  "inst": "Nanna[1]DN",
                  "sig": "@etcsri%sux:{d}nanna=Nanna[1//1]DN'DN$Nanna/{d}nanna#N1=Nanna##N1=NAME",
                  "f": {
                    "lang": "sux",
                    "form": "{d}nanna",
                    "gdl": [
                      {
                        "det": "semantic",
                        "pos": "pre",
                        "seq": [
                          {
                            "v": "d",
                            "id": "Q000985.18.1.0"
                          }
                        ]
                      },
                      {
                        "v": "nanna",
                        "id": "Q000985.18.1.1"
                      }
                    ],
                    "cf": "Nanna",
                    "gw": "1",
                    "sense": "1",
                    "norm": "Nanna",
                    "pos": "DN",
                    "epos": "DN",
                    "base": "{d}nanna",
                    "morph": "N1=Nanna",
                    "morph2": "N1=NAME"
                  }
                },
                {
                  "node": "d",
                  "type": "line-start",
                  "ref": "Q000985.19",
                  "n": "6",
                  "label": "ii 6"
                },
                {
                  "node": "l",
                  "id": "Q000985.l045cf",
                  "ref": "Q000985.19.1",
                  "inst": "lugal[king]",
                  "sig": "@etcsri%sux:lugal=lugal[king//king]N'N$lugal/lugal#N1=lugal##N1=STEM",
                  "f": {
                    "lang": "sux",
                    "form": "lugal",
                    "delim": " ",
                    "gdl": [
                      {
                        "v": "lugal",
                        "id": "Q000985.19.1.0"
                      }
                    ],
                    "cf": "lugal",
                    "gw": "king",
                    "sense": "king",
                    "norm": "lugal",
                    "pos": "N",
                    "epos": "N",
                    "base": "lugal",
                    "morph": "N1=lugal",
                    "morph2": "N1=STEM"
                  }
                },
                {
                  "node": "l",
                  "id": "Q000985.l045d0",
                  "ref": "Q000985.19.2",
                  "inst": "Urim[1]SN",
                  "sig": "@etcsri%sux:urim₅{ki}-ma-ke₄=Urim[1//1]SN'SN$Urim.ak.e/urim₅{ki}#N1=Urim.N5=ak.N5=e##N1=NAME.N5=GEN.N5=ERG",
                  "f": {
                    "lang": "sux",
                    "form": "urim₅{ki}-ma-ke₄",
                    "gdl": [
                      {
                        "v": "urim₅",
                        "id": "Q000985.19.2.0"
                      },
                      {
                        "det": "semantic",
                        "pos": "post",
                        "delim": "-",
                        "seq": [
                          {
                            "v": "ki",
                            "id": "Q000985.19.2.1"
                          }
                        ]
                      },
                      {
                        "v": "ma",
                        "id": "Q000985.19.2.2",
                        "delim": "-"
                      },
                      {
                        "v": "ke₄",
                        "id": "Q000985.19.2.3"
                      }
                    ],
                    "cf": "Urim",
                    "gw": "1",
                    "sense": "1",
                    "norm": "Urim.ak.e",
                    "pos": "SN",
                    "epos": "SN",
                    "base": "urim₅{ki}",
                    "morph": "N1=Urim.N5=ak.N5=e",
                    "morph2": "N1=NAME.N5=GEN.N5=ERG"
                  }
                },
                {
                  "node": "d",
                  "type": "line-start",
                  "ref": "Q000985.20",
                  "n": "7",
                  "label": "ii 7"
                },
                {
                  "node": "l",
                  "id": "Q000985.l045d1",
                  "ref": "Q000985.20.1",
                  "inst": "Ningal[1]DN",
                  "sig": "@etcsri%sux:{d}nin-gal=Ningal[1//1]DN'DN$Ningal/{d}nin-gal#N1=Ningal##N1=NAME",
                  "f": {
                    "lang": "sux",
                    "form": "{d}nin-gal",
                    "gdl": [
                      {
                        "det": "semantic",
                        "pos": "pre",
                        "seq": [
                          {
                            "v": "d",
                            "id": "Q000985.20.1.0"
                          }
                        ]
                      },
                      {
                        "v": "nin",
                        "id": "Q000985.20.1.1",
                        "delim": "-"
                      },
                      {
                        "v": "gal",
                        "id": "Q000985.20.1.2"
                      }
                    ],
                    "cf": "Ningal",
                    "gw": "1",
                    "sense": "1",
                    "norm": "Ningal",
                    "pos": "DN",
                    "epos": "DN",
                    "base": "{d}nin-gal",
                    "morph": "N1=Ningal",
                    "morph2": "N1=NAME"
                  }
                },
                {
                  "node": "d",
                  "type": "line-start",
                  "ref": "Q000985.21",
                  "n": "8",
                  "label": "ii 8"
                },
                {
                  "node": "l",
                  "id": "Q000985.l045d2",
                  "ref": "Q000985.21.1",
                  "inst": "ama[mother]",
                  "sig": "@etcsri%sux:ama=ama[mother//mother]N'N$ama/ama#N1=ama##N1=STEM",
                  "f": {
                    "lang": "sux",
                    "form": "ama",
                    "delim": " ",
                    "gdl": [
                      {
                        "v": "ama",
                        "id": "Q000985.21.1.0"
                      }
                    ],
                    "cf": "ama",
                    "gw": "mother",
                    "sense": "mother",
                    "norm": "ama",
                    "pos": "N",
                    "epos": "N",
                    "base": "ama",
                    "morph": "N1=ama",
                    "morph2": "N1=STEM"
                  }
                },
                {
                  "node": "l",
                  "id": "Q000985.l045d3",
                  "ref": "Q000985.21.2",
                  "inst": "Urim[1]SN",
                  "sig": "@etcsri%sux:urim₅{ki}-ma-ke₄=Urim[1//1]SN'SN$Urim.ak.e/urim₅{ki}#N1=Urim.N5=ak.N5=e##N1=NAME.N5=GEN.N5=ERG",
                  "f": {
                    "lang": "sux",
                    "form": "urim₅{ki}-ma-ke₄",
                    "gdl": [
                      {
                        "v": "urim₅",
                        "id": "Q000985.21.2.0"
                      },
                      {
                        "det": "semantic",
                        "pos": "post",
                        "delim": "-",
                        "seq": [
                          {
                            "v": "ki",
                            "id": "Q000985.21.2.1"
                          }
                        ]
                      },
                      {
                        "v": "ma",
                        "id": "Q000985.21.2.2",
                        "delim": "-"
                      },
                      {
                        "v": "ke₄",
                        "id": "Q000985.21.2.3"
                      }
                    ],
                    "cf": "Urim",
                    "gw": "1",
                    "sense": "1",
                    "norm": "Urim.ak.e",
                    "pos": "SN",
                    "epos": "SN",
                    "base": "urim₅{ki}",
                    "morph": "N1=Urim.N5=ak.N5=e",
                    "morph2": "N1=NAME.N5=GEN.N5=ERG"
                  }
                },
                {
                  "node": "d",
                  "type": "line-start",
                  "ref": "Q000985.22",
                  "n": "9",
                  "label": "ii 9"
                },
                {
                  "node": "c",
                  "type": "phrase",
                  "tag": "phr",
                  "id": "Q000985.U13",
                  "ref": "Q000985.ls00002",
                  "cdl": [
                    {
                      "node": "l",
                      "id": "Q000985.l045d4",
                      "ref": "Q000985.22.1",
                      "inst": "nam[fate]\\abs",
                      "sig": "@etcsri%sux:nam\\abs=nam[fate//fate]N'N$nam.ø/nam#N1=nam.N5=ø##N1=STEM.N5=ABS",
                      "f": {
                        "lang": "sux",
                        "form": "nam",
                        "delim": " ",
                        "gdl": [
                          {
                            "gg": "correction",
                            "gdl_type": "correction",
                            "group": [
                              {
                                "v": "nam",
                                "id": "Q000985.22.1.0",
                                "gdl_remarked": "1"
                              },
                              {
                                "s": "HU"
                              }
                            ]
                          }
                        ],
                        "cf": "nam",
                        "gw": "fate",
                        "sense": "fate",
                        "norm": "nam.ø",
                        "pos": "N",
                        "epos": "N",
                        "base": "nam",
                        "morph": "N1=nam.N5=ø",
                        "morph2": "N1=STEM.N5=ABS"
                      }
                    },
                    {
                      "node": "l",
                      "id": "Q000985.l045d5",
                      "ref": "Q000985.22.2",
                      "inst": "kud[cut] +.",
                      "sig": "@etcsri%sux:ha-ba-an-da-kuru₅-ne=kud[cut//cut]V/t'V/t$ha.ba.nn.da.kud.enee/kuru₅#V1=ha.V5=ba.V6=nn.V8=da.V12=kud.V14=enee##V1=MOD1.V5=MID.V6=3-SG-H.V8=COM.V12=STEM.V14=3-PL-A",
                      "f": {
                        "lang": "sux",
                        "form": "ha-ba-an-da-kuru₅-ne",
                        "gdl": [
                          {
                            "v": "ha",
                            "id": "Q000985.22.2.0",
                            "gdl_remarked": "1",
                            "delim": "-"
                          },
                          {
                            "v": "ba",
                            "id": "Q000985.22.2.1",
                            "delim": "-"
                          },
                          {
                            "v": "an",
                            "id": "Q000985.22.2.2",
                            "delim": "-"
                          },
                          {
                            "v": "da",
                            "id": "Q000985.22.2.3",
                            "delim": "-"
                          },
                          {
                            "v": "kuru₅",
                            "id": "Q000985.22.2.4",
                            "delim": "-"
                          },
                          {
                            "v": "ne",
                            "id": "Q000985.22.2.5"
                          }
                        ],
                        "cf": "kud",
                        "gw": "cut",
                        "sense": "cut",
                        "norm": "ha.ba.nn.da.kud.enee",
                        "pos": "V/t",
                        "epos": "V/t",
                        "base": "kuru₅",
                        "morph": "V1=ha.V5=ba.V6=nn.V8=da.V12=kud.V14=enee",
                        "morph2": "V1=MOD1.V5=MID.V6=3-SG-H.V8=COM.V12=STEM.V14=3-PL-A"
                      }
                    }
                  ]
                }
              ]
            },
            {
              "node": "c",
              "type": "sentence",
              "tag": ".",
              "id": "Q000985.U8",
              "label": "ii 10 - ii 11",
              "cdl": [
                {
                  "node": "d",
                  "type": "line-start",
                  "ref": "Q000985.23",
                  "n": "10",
                  "label": "ii 10"
                },
                {
                  "node": "l",
                  "id": "Q000985.l045d6",
                  "ref": "Q000985.23.1",
                  "inst": "numun[seed]\\abs",
                  "sig": "@etcsri%sux:numun-na-ni\\abs=numun[seed//seed]N'N$numun.ani.ø/numun#N1=numun.N3=ani.N5=ø##N1=STEM.N3=3-SG-H-POSS.N5=ABS",
                  "f": {
                    "lang": "sux",
                    "form": "numun-na-ni",
                    "gdl": [
                      {
                        "v": "numun",
                        "id": "Q000985.23.1.0",
                        "delim": "-"
                      },
                      {
                        "v": "na",
                        "id": "Q000985.23.1.1",
                        "delim": "-"
                      },
                      {
                        "v": "ni",
                        "id": "Q000985.23.1.2"
                      }
                    ],
                    "cf": "numun",
                    "gw": "seed",
                    "sense": "seed",
                    "norm": "numun.ani.ø",
                    "pos": "N",
                    "epos": "N",
                    "base": "numun",
                    "morph": "N1=numun.N3=ani.N5=ø",
                    "morph2": "N1=STEM.N3=3-SG-H-POSS.N5=ABS"
                  }
                },
                {
                  "node": "d",
                  "type": "line-start",
                  "ref": "Q000985.24",
                  "n": "11",
                  "label": "ii 11"
                },
                {
                  "node": "l",
                  "id": "Q000985.l045d7",
                  "ref": "Q000985.24.1",
                  "inst": "til[complete] +.",
                  "sig": "@etcsri%sux:he₂-eb-til-le-ne=til[complete//complete]V/i'V/i$ha.i.b.til.enee/til#V1=ha.V2=i.V11=b.V12=til.V14=enee##V1=MOD1.V2=FIN.V11=3-SG-NH-P.V12=STEM.V14=3-PL-A",
                  "f": {
                    "lang": "sux",
                    "form": "he₂-eb-til-le-ne",
                    "gdl": [
                      {
                        "v": "he₂",
                        "id": "Q000985.24.1.0",
                        "delim": "-"
                      },
                      {
                        "v": "eb",
                        "id": "Q000985.24.1.1",
                        "delim": "-"
                      },
                      {
                        "v": "til",
                        "id": "Q000985.24.1.2",
                        "delim": "-"
                      },
                      {
                        "v": "le",
                        "id": "Q000985.24.1.3",
                        "delim": "-"
                      },
                      {
                        "v": "ne",
                        "id": "Q000985.24.1.4"
                      }
                    ],
                    "cf": "til",
                    "gw": "complete",
                    "sense": "complete",
                    "norm": "ha.i.b.til.enee",
                    "pos": "V/i",
                    "epos": "V/i",
                    "base": "til",
                    "morph": "V1=ha.V2=i.V11=b.V12=til.V14=enee",
                    "morph2": "V1=MOD1.V2=FIN.V11=3-SG-NH-P.V12=STEM.V14=3-PL-A"
                  }
                }
              ]
            }
          ]
        }
      ]
    },
    {
      "linkbase": [
        {
          "type": "linkset",
          "xlink_title": "mu pad[nominate//to nominate, to proclaim one's name publicly]V/t'V/t",
          "id": "Q000985.ls00000",
          "xlink_type": "extended",
          "xlink_role": "psu",
          "sig": "{mu\\abs pad₃-da = mu[name]N pad[find]V/t += mu pad[nominate//to nominate, to proclaim one's name publicly]V/t'V/t}::@etcsri%sux:mu\\abs=mu[name//name]N'N$mu.ø/mu#N1=mu.N5=ø##N1=STEM.N5=ABS++@etcsri%sux:pad₃-da=pad[find//to find, to discover]V/t'V/t$pad.'a/pad₃#NV2=pad.NV4='a##NV2=STEM.NV4=SUB",
          "links": [
            {
              "type": "link",
              "xlink_title": "mu",
              "xlink_type": "locator",
              "xlink_href": "#Q000985.l045b5",
              "xlink_role": "elt"
            },
            {
              "type": "link",
              "xlink_title": "pad",
              "xlink_type": "locator",
              "xlink_href": "#Q000985.l045b6",
              "xlink_role": "elt"
            }
          ]
        },
        {
          "type": "linkset",
          "xlink_title": "ki aŋ[love//to love]V/t'V/t",
          "id": "Q000985.ls00001",
          "xlink_type": "extended",
          "xlink_role": "psu",
          "sig": "{ki\\abs aŋ₂ = ki[place]N aŋ[measure]V/t += ki aŋ[love//to love]V/t'V/t}::@etcsri%sux:ki\\abs=ki[place//place]N'N$ki.ø/ki#N1=ki.N5=ø##N1=STEM.N5=ABS++@etcsri%sux:aŋ₂=aŋ[measure//measure]V/t'V/t$aŋ/aŋ₂#NV2=aŋ##NV2=STEM",
          "links": [
            {
              "type": "link",
              "xlink_title": "ki",
              "xlink_type": "locator",
              "xlink_href": "#Q000985.l045c3",
              "xlink_role": "elt"
            },
            {
              "type": "link",
              "xlink_title": "aŋ",
              "xlink_type": "locator",
              "xlink_href": "#Q000985.l045c4",
              "xlink_role": "elt"
            }
          ]
        },
        {
          "type": "linkset",
          "xlink_title": "nam kud[curse//to curse]V/t'V/t",
          "id": "Q000985.ls00002",
          "xlink_type": "extended",
          "xlink_role": "psu",
          "sig": "{nam\\abs ha-ba-an-da-kuru₅-ne = nam[fate]N kud[cut]V/t += nam kud[curse//to curse]V/t'V/t}::@etcsri%sux:nam\\abs=nam[fate//fate]N'N$nam.ø/nam#N1=nam.N5=ø##N1=STEM.N5=ABS++@etcsri%sux:ha-ba-an-da-kuru₅-ne=kud[cut//cut]V/t'V/t$ha.ba.nn.da.kud.enee/kuru₅#V1=ha.V5=ba.V6=nn.V8=da.V12=kud.V14=enee##V1=MOD1.V5=MID.V6=3-SG-H.V8=COM.V12=STEM.V14=3-PL-A",
          "links": [
            {
              "type": "link",
              "xlink_title": "nam",
              "xlink_type": "locator",
              "xlink_href": "#Q000985.l045d4",
              "xlink_role": "elt"
            },
            {
              "type": "link",
              "xlink_title": "kud",
              "xlink_type": "locator",
              "xlink_href": "#Q000985.l045d5",
              "xlink_role": "elt"
            }
          ]
        }
      ]
    }
  ]
}
