{
  "type": "cdl",
  "source": "http://oracc.org/etcsri",
  "license": "This data is released under the CC0 license",
  "license-url": "https://creativecommons.org/publicdomain/zero/1.0/",
  "more-info": "http://oracc.org/doc/opendata/",
  "UTC-timestamp": "2017-06-10T00:00:17",
  "project": "etcsri",
  "textid": "Q000903",
  "cdl": [
    {
      "node": "c",
      "type": "text",
      "id": "Q000903.U0",
      "cdl": [
        {
          "node": "c",
          "type": "discourse",
          "subtype": "body",
          "id": "Q000903.U1",
          "cdl": [
            {
              "node": "c",
              "type": "sentence",
              "tag": ".",
              "id": "Q000903.U2",
              "label": "1 - 9",
              "cdl": [
                {
                  "node": "d",
                  "type": "line-start",
                  "ref": "Q000903.1",
                  "n": "1",
                  "label": "1"
                },
                {
                  "node": "l",
                  "id": "Q000903.l03170",
                  "ref": "Q000903.1.1",
                  "inst": "Nanše[1]DN",
                  "sig": "@etcsri%sux:{d}nanše=Nanše[1//1]DN'DN$Nanše/{d}nanše#N1=Nanše##N1=NAME",
                  "f": {
                    "lang": "sux",
                    "form": "{d}nanše",
                    "cf": "Nanše",
                    "gw": "1",
                    "sense": "1",
                    "norm": "Nanše",
                    "pos": "DN",
                    "epos": "DN",
                    "base": "{d}nanše",
                    "morph": "N1=Nanše",
                    "morph2": "N1=NAME"
                  }
                },
                {
                  "node": "d",
                  "type": "line-start",
                  "ref": "Q000903.2",
                  "n": "2",
                  "label": "2"
                },
                {
                  "node": "l",
                  "id": "Q000903.l03171",
                  "ref": "Q000903.2.1",
                  "inst": "nin[lady]",
                  "sig": "@etcsri%sux:nin=nin[lady//lady]N'N$nin/nin#N1=nin##N1=STEM",
                  "f": {
                    "lang": "sux",
                    "form": "nin",
                    "cf": "nin",
                    "gw": "lady",
                    "sense": "lady",
                    "norm": "nin",
                    "pos": "N",
                    "epos": "N",
                    "base": "nin",
                    "morph": "N1=nin",
                    "morph2": "N1=STEM"
                  }
                },
                {
                  "node": "l",
                  "id": "Q000903.l03172",
                  "ref": "Q000903.2.2",
                  "inst": "urun[exalted]",
                  "sig": "@etcsri%sux:uru₁₆=urun[exalted//exalted, mighty]V/i'V/i$urun/uru₁₆#NV2=urun##NV2=STEM",
                  "f": {
                    "lang": "sux",
                    "form": "uru₁₆",
                    "cf": "urun",
                    "gw": "exalted",
                    "sense": "exalted, mighty",
                    "norm": "urun",
                    "pos": "V/i",
                    "epos": "V/i",
                    "base": "uru₁₆",
                    "morph": "NV2=urun",
                    "morph2": "NV2=STEM"
                  }
                },
                {
                  "node": "d",
                  "type": "line-start",
                  "ref": "Q000903.3",
                  "n": "3",
                  "label": "3"
                },
                {
                  "node": "l",
                  "id": "Q000903.l03173",
                  "ref": "Q000903.3.1",
                  "inst": "nin[lady]",
                  "sig": "@etcsri%sux:nin=nin[lady//lady]N'N$nin/nin#N1=nin##N1=STEM",
                  "f": {
                    "lang": "sux",
                    "form": "nin",
                    "cf": "nin",
                    "gw": "lady",
                    "sense": "lady",
                    "norm": "nin",
                    "pos": "N",
                    "epos": "N",
                    "base": "nin",
                    "morph": "N1=nin",
                    "morph2": "N1=STEM"
                  }
                },
                {
                  "node": "l",
                  "id": "Q000903.l03174",
                  "ref": "Q000903.3.2",
                  "inst": "induba[boundary]\\gen",
                  "sig": "@etcsri%sux:in-dub-ba\\gen=induba[boundary//boundary]N'N$induba.ak/in-dub-ba#N1=induba.N=ak##N1=STEM.N5=GEN",
                  "f": {
                    "lang": "sux",
                    "form": "in-dub-ba\\gen",
                    "cf": "induba",
                    "gw": "boundary",
                    "sense": "boundary",
                    "norm": "induba.ak",
                    "pos": "N",
                    "epos": "N",
                    "base": "in-dub-ba",
                    "morph": "N1=induba.N=ak",
                    "morph2": "N1=STEM.N5=GEN"
                  }
                },
                {
                  "node": "d",
                  "type": "line-start",
                  "ref": "Q000903.4",
                  "n": "4",
                  "label": "4"
                },
                {
                  "node": "l",
                  "id": "Q000903.l03175",
                  "ref": "Q000903.4.1",
                  "inst": "nin[lady]\\dat",
                  "sig": "@etcsri%sux:nin-a-ni\\dat=nin[lady//lady]N'N$nin.ani.ra/nin#N1=nin.N3=ani.N5=ra##N1=STEM.N3=3-SG-H-POSS.N5=DAT-H",
                  "f": {
                    "lang": "sux",
                    "form": "nin-a-ni\\dat",
                    "cf": "nin",
                    "gw": "lady",
                    "sense": "lady",
                    "norm": "nin.ani.ra",
                    "pos": "N",
                    "epos": "N",
                    "base": "nin",
                    "morph": "N1=nin.N3=ani.N5=ra",
                    "morph2": "N1=STEM.N3=3-SG-H-POSS.N5=DAT-H"
                  }
                },
                {
                  "node": "d",
                  "type": "line-start",
                  "ref": "Q000903.5",
                  "n": "5",
                  "label": "5"
                },
                {
                  "node": "l",
                  "id": "Q000903.l03176",
                  "ref": "Q000903.5.1",
                  "inst": "Gudea[1]RN",
                  "sig": "@etcsri%sux:gu₃-de₂-a=Gudea[1//1]RN'RN$Gudea/gu₃-de₂-a#N1=Gudea##N1=NAME",
                  "f": {
                    "lang": "sux",
                    "form": "gu₃-de₂-a",
                    "cf": "Gudea",
                    "gw": "1",
                    "sense": "1",
                    "norm": "Gudea",
                    "pos": "RN",
                    "epos": "RN",
                    "base": "gu₃-de₂-a",
                    "morph": "N1=Gudea",
                    "morph2": "N1=NAME"
                  }
                },
                {
                  "node": "d",
                  "type": "line-start",
                  "ref": "Q000903.6",
                  "n": "6",
                  "label": "6"
                },
                {
                  "node": "l",
                  "id": "Q000903.l03177",
                  "ref": "Q000903.6.1",
                  "inst": "ensik[ruler]",
                  "sig": "@etcsri%sux:ensi₂=ensik[ruler//ruler]N'N$ensik/ensi₂#N1=ensik##N1=STEM",
                  "f": {
                    "lang": "sux",
                    "form": "ensi₂",
                    "cf": "ensik",
                    "gw": "ruler",
                    "sense": "ruler",
                    "norm": "ensik",
                    "pos": "N",
                    "epos": "N",
                    "base": "ensi₂",
                    "morph": "N1=ensik",
                    "morph2": "N1=STEM"
                  }
                },
                {
                  "node": "d",
                  "type": "line-start",
                  "ref": "Q000903.7",
                  "n": "7",
                  "label": "7"
                },
                {
                  "node": "l",
                  "id": "Q000903.l03178",
                  "ref": "Q000903.7.1",
                  "inst": "Lagaš[1]",
                  "sig": "@etcsri%sux:lagaš{ki}-ke₄=Lagaš[1//1]SN'SN$Lagaš.ak.e/lagaš{ki}#N1=Lagaš.N5=ak.N5=e##N1=NAME.N5=GEN.N5=ERG",
                  "f": {
                    "lang": "sux",
                    "form": "lagaš{ki}-ke₄",
                    "cf": "Lagaš",
                    "gw": "1",
                    "sense": "1",
                    "norm": "Lagaš.ak.e",
                    "pos": "SN",
                    "epos": "SN",
                    "base": "lagaš{ki}",
                    "morph": "N1=Lagaš.N5=ak.N5=e",
                    "morph2": "N1=NAME.N5=GEN.N5=ERG"
                  }
                },
                {
                  "node": "d",
                  "type": "line-start",
                  "ref": "Q000903.8",
                  "n": "8",
                  "label": "8"
                },
                {
                  "node": "l",
                  "id": "Q000903.l03179",
                  "ref": "Q000903.8.1",
                  "inst": "E'engur[1]TN",
                  "sig": "@etcsri%sux:e₂-{an}engur=Eʾengur[1//1]TN'TN$E'engur/e₂-{an}engur#N1=E'engur##N1=NAME",
                  "f": {
                    "lang": "sux",
                    "form": "e₂-{an}engur",
                    "cf": "Eʾengur",
                    "gw": "1",
                    "sense": "1",
                    "norm": "E'engur",
                    "pos": "TN",
                    "epos": "TN",
                    "base": "e₂-{an}engur",
                    "morph": "N1=E'engur",
                    "morph2": "N1=NAME"
                  }
                },
                {
                  "node": "l",
                  "id": "Q000903.l0317a",
                  "ref": "Q000903.8.2",
                  "inst": "Zulum[1]SN\\abs",
                  "sig": "@etcsri%sux:zu₂-lum{ki}-ka-ni\\abs=Zulum[1//1]SN'SN$Zulum.ak.ani.ø/zu₂-lum{ki}#N1=Zulum.N5=ak.N3=ani.N5=ø##N1=NAME.N5=GEN.N3=3-SG-H-POSS.N5=ABS",
                  "f": {
                    "lang": "sux",
                    "form": "zu₂-lum{ki}-ka-ni\\abs",
                    "cf": "Zulum",
                    "gw": "1",
                    "sense": "1",
                    "norm": "Zulum.ak.ani.ø",
                    "pos": "SN",
                    "epos": "SN",
                    "base": "zu₂-lum{ki}",
                    "morph": "N1=Zulum.N5=ak.N3=ani.N5=ø",
                    "morph2": "N1=NAME.N5=GEN.N3=3-SG-H-POSS.N5=ABS"
                  }
                },
                {
                  "node": "d",
                  "type": "line-start",
                  "ref": "Q000903.9",
                  "n": "9",
                  "label": "9"
                },
                {
                  "node": "l",
                  "id": "Q000903.l0317b",
                  "ref": "Q000903.9.1",
                  "inst": "!du[build] +.",
                  "sig": "@etcsri%sux:mu-na-du₃=du[build//to build]V/t'V/t$mu.nn.a.n.du.ø/du₃#V4=mu.V6=nn.V7=a.V11=n.V12=du.V14=ø##V4=VEN.V6=3-SG-H.V7=DAT.V11=3-SG-H-A.V12=STEM.V14=3-SG-P",
                  "f": {
                    "lang": "sux",
                    "form": "mu-na-du₃",
                    "cf": "du",
                    "gw": "build",
                    "sense": "to build",
                    "norm": "mu.nn.a.n.du.ø",
                    "pos": "V/t",
                    "epos": "V/t",
                    "base": "du₃",
                    "morph": "V4=mu.V6=nn.V7=a.V11=n.V12=du.V14=ø",
                    "morph2": "V4=VEN.V6=3-SG-H.V7=DAT.V11=3-SG-H-A.V12=STEM.V14=3-SG-P"
                  }
                }
              ]
            }
          ]
        }
      ]
    }
  ]
}
