{
  "type": "cdl",
  "source": "http://oracc.org/etcsri",
  "license": "This data is released under the CC0 license",
  "license-url": "https://creativecommons.org/publicdomain/zero/1.0/",
  "more-info": "http://oracc.org/doc/opendata/",
  "UTC-timestamp": "2017-06-10T00:00:16",
  "project": "etcsri",
  "textid": "Q001102",
  "cdl": [
    {
      "node": "c",
      "type": "text",
      "id": "Q001102.U0",
      "cdl": [
        {
          "node": "c",
          "type": "discourse",
          "subtype": "body",
          "id": "Q001102.U1",
          "cdl": [
            {
              "node": "c",
              "type": "sentence",
              "tag": ".",
              "id": "Q001102.U2",
              "label": "1 - 17",
              "cdl": [
                {
                  "node": "d",
                  "type": "line-start",
                  "ref": "Q001102.1",
                  "n": "1",
                  "label": "1"
                },
                {
                  "node": "l",
                  "id": "Q001102.l0108f",
                  "ref": "Q001102.1.1",
                  "inst": "Nanše[1]DN",
                  "sig": "@etcsri%sux:{d}nanše=Nanše[1//1]DN'DN$Nanše/{d}nanše#N1=Nanše##N1=NAME",
                  "f": {
                    "lang": "sux",
                    "form": "{d}nanše",
                    "cf": "Nanše",
                    "gw": "1",
                    "sense": "1",
                    "norm": "Nanše",
                    "pos": "DN",
                    "epos": "DN",
                    "base": "{d}nanše",
                    "morph": "N1=Nanše",
                    "morph2": "N1=NAME"
                  }
                },
                {
                  "node": "d",
                  "type": "line-start",
                  "ref": "Q001102.2",
                  "n": "2",
                  "label": "2"
                },
                {
                  "node": "l",
                  "id": "Q001102.l01090",
                  "ref": "Q001102.2.1",
                  "inst": "Šešeŋara[1]TN\\dat",
                  "sig": "@etcsri%sux:šeš-ŋar-ra\\dat=Šešeŋara[1//1]TN'TN$Šešeŋara.ak.ra/šeš-ŋar#N1=Šešeŋara.N5=ak.N5=ra##N1=NAME.N5=GEN.N5=DAT-H",
                  "f": {
                    "lang": "sux",
                    "form": "šeš-ŋar-ra\\dat",
                    "cf": "Šešeŋara",
                    "gw": "1",
                    "sense": "1",
                    "norm": "Šešeŋara.ak.ra",
                    "pos": "TN",
                    "epos": "TN",
                    "base": "šeš-ŋar",
                    "morph": "N1=Šešeŋara.N5=ak.N5=ra",
                    "morph2": "N1=NAME.N5=GEN.N5=DAT-H"
                  }
                },
                {
                  "node": "d",
                  "type": "line-start",
                  "ref": "Q001102.3",
                  "n": "3",
                  "label": "3"
                },
                {
                  "node": "l",
                  "id": "Q001102.l01091",
                  "ref": "Q001102.3.1",
                  "inst": "Enmetenak[1]RN",
                  "sig": "@etcsri%sux:en-mete-na=Enmetenak[1//Ruler of Lagaš]RN'RN$Enmetenak/en-mete-na#N1=Enmetenak##N1=NAME",
                  "f": {
                    "lang": "sux",
                    "form": "en-mete-na",
                    "cf": "Enmetenak",
                    "gw": "1",
                    "sense": "Ruler of Lagaš",
                    "norm": "Enmetenak",
                    "pos": "RN",
                    "epos": "RN",
                    "base": "en-mete-na",
                    "morph": "N1=Enmetenak",
                    "morph2": "N1=NAME"
                  }
                },
                {
                  "node": "d",
                  "type": "line-start",
                  "ref": "Q001102.4",
                  "n": "4",
                  "label": "4"
                },
                {
                  "node": "l",
                  "id": "Q001102.l01092",
                  "ref": "Q001102.4.1",
                  "inst": "ensik[ruler]",
                  "sig": "@etcsri%sux:ensi₂=ensik[ruler//ruler]N'N$ensik/ensi₂#N1=ensik##N1=STEM",
                  "f": {
                    "lang": "sux",
                    "form": "ensi₂",
                    "cf": "ensik",
                    "gw": "ruler",
                    "sense": "ruler",
                    "norm": "ensik",
                    "pos": "N",
                    "epos": "N",
                    "base": "ensi₂",
                    "morph": "N1=ensik",
                    "morph2": "N1=STEM"
                  }
                },
                {
                  "node": "d",
                  "type": "line-start",
                  "ref": "Q001102.5",
                  "n": "5",
                  "label": "5"
                },
                {
                  "node": "l",
                  "id": "Q001102.l01093",
                  "ref": "Q001102.5.1",
                  "inst": "Lagaš[1]\\gen",
                  "sig": "@etcsri%sux:lagaš{ki}\\gen=Lagaš[1//1]SN'SN$Lagaš.ak/lagaš{ki}#N1=Lagaš.N5=ak##N1=NAME.N5=GEN",
                  "f": {
                    "lang": "sux",
                    "form": "lagaš{ki}\\gen",
                    "cf": "Lagaš",
                    "gw": "1",
                    "sense": "1",
                    "norm": "Lagaš.ak",
                    "pos": "SN",
                    "epos": "SN",
                    "base": "lagaš{ki}",
                    "morph": "N1=Lagaš.N5=ak",
                    "morph2": "N1=NAME.N5=GEN"
                  }
                },
                {
                  "node": "d",
                  "type": "line-start",
                  "ref": "Q001102.6",
                  "n": "6",
                  "label": "6"
                },
                {
                  "node": "l",
                  "id": "Q001102.l01094",
                  "ref": "Q001102.6.1",
                  "inst": "szag[heart]\\l3",
                  "sig": "@etcsri%sux:šag₄\\l3=šag[heart//heart, inner body]N'N$šag.e/šag₄#N1=šag.N5=e##N1=STEM.N5=L3-NH",
                  "f": {
                    "lang": "sux",
                    "form": "šag₄\\l3",
                    "cf": "šag",
                    "gw": "heart",
                    "sense": "heart, inner body",
                    "norm": "šag.e",
                    "pos": "N",
                    "epos": "N",
                    "base": "šag₄",
                    "morph": "N1=šag.N5=e",
                    "morph2": "N1=STEM.N5=L3-NH"
                  }
                },
                {
                  "node": "l",
                  "id": "Q001102.l01095",
                  "ref": "Q001102.6.2",
                  "inst": "pad[find]",
                  "sig": "@etcsri%sux:pad₃-da=pad[find//to find, to discover]V/t'V/t$pad.'a/pad₃#NV2=pad.NV4='a##NV2=STEM.NV4=SUB",
                  "f": {
                    "lang": "sux",
                    "form": "pad₃-da",
                    "cf": "pad",
                    "gw": "find",
                    "sense": "to find, to discover",
                    "norm": "pad.'a",
                    "pos": "V/t",
                    "epos": "V/t",
                    "base": "pad₃",
                    "morph": "NV2=pad.NV4='a",
                    "morph2": "NV2=STEM.NV4=SUB"
                  }
                },
                {
                  "node": "d",
                  "type": "line-start",
                  "ref": "Q001102.7",
                  "n": "7",
                  "label": "7"
                },
                {
                  "node": "l",
                  "id": "Q001102.l01096",
                  "ref": "Q001102.7.1",
                  "inst": "Nanše[1]DN\\gen",
                  "sig": "@etcsri%sux:{d}nanše\\gen=Nanše[1//1]DN'DN$Nanše.ak/{d}nanše#N1=Nanše.N5=ak##N1=NAME.N5=GEN",
                  "f": {
                    "lang": "sux",
                    "form": "{d}nanše\\gen",
                    "cf": "Nanše",
                    "gw": "1",
                    "sense": "1",
                    "norm": "Nanše.ak",
                    "pos": "DN",
                    "epos": "DN",
                    "base": "{d}nanše",
                    "morph": "N1=Nanše.N5=ak",
                    "morph2": "N1=NAME.N5=GEN"
                  }
                },
                {
                  "node": "d",
                  "type": "line-start",
                  "ref": "Q001102.8",
                  "n": "8",
                  "label": "8"
                },
                {
                  "node": "l",
                  "id": "Q001102.l01097",
                  "ref": "Q001102.8.1",
                  "inst": "ensikgal[governor]",
                  "sig": "@etcsri%sux:ensi₂-gal=ensikgal[governor//chief governor]N'N$ensikgal/ensi₂-gal#N1=ensikgal##N1=STEM",
                  "f": {
                    "lang": "sux",
                    "form": "ensi₂-gal",
                    "cf": "ensikgal",
                    "gw": "governor",
                    "sense": "chief governor",
                    "norm": "ensikgal",
                    "pos": "N",
                    "epos": "N",
                    "base": "ensi₂-gal",
                    "morph": "N1=ensikgal",
                    "morph2": "N1=STEM"
                  }
                },
                {
                  "node": "d",
                  "type": "line-start",
                  "ref": "Q001102.9",
                  "n": "9",
                  "label": "9"
                },
                {
                  "node": "l",
                  "id": "Q001102.l01098",
                  "ref": "Q001102.9.1",
                  "inst": "Ninŋirsuk[1]DN",
                  "sig": "@etcsri%sux:{d}nin-ŋir₂-su₂-ka=Ninŋirsuk[1//1]DN'DN$Ninŋirsuk.ak/{d}nin-ŋir₂-su₂#N1=Ninŋirsuk.N5=ak##N1=NAME.N5=GEN",
                  "f": {
                    "lang": "sux",
                    "form": "{d}nin-ŋir₂-su₂-ka",
                    "cf": "Ninŋirsuk",
                    "gw": "1",
                    "sense": "1",
                    "norm": "Ninŋirsuk.ak",
                    "pos": "DN",
                    "epos": "DN",
                    "base": "{d}nin-ŋir₂-su₂",
                    "morph": "N1=Ninŋirsuk.N5=ak",
                    "morph2": "N1=NAME.N5=GEN"
                  }
                },
                {
                  "node": "d",
                  "type": "line-start",
                  "ref": "Q001102.10",
                  "n": "10",
                  "label": "10"
                },
                {
                  "node": "l",
                  "id": "Q001102.l01099",
                  "ref": "Q001102.10.1",
                  "inst": "szesz[brother]",
                  "sig": "@etcsri%sux:šeš=šeš[brother//brother]N'N$šeš/šeš#N1=šeš##N1=STEM",
                  "f": {
                    "lang": "sux",
                    "form": "šeš",
                    "cf": "šeš",
                    "gw": "brother",
                    "sense": "brother",
                    "norm": "šeš",
                    "pos": "N",
                    "epos": "N",
                    "base": "šeš",
                    "morph": "N1=šeš",
                    "morph2": "N1=STEM"
                  }
                },
                {
                  "node": "l",
                  "id": "Q001102.l0109a",
                  "ref": "Q001102.10.2",
                  "inst": "pad[find]",
                  "sig": "@etcsri%sux:pad₃-da=pad[find//to find, to discover]V/t'V/t$pad.'a/pad₃#NV2=pad.NV4='a##NV2=STEM.NV4=SUB",
                  "f": {
                    "lang": "sux",
                    "form": "pad₃-da",
                    "cf": "pad",
                    "gw": "find",
                    "sense": "to find, to discover",
                    "norm": "pad.'a",
                    "pos": "V/t",
                    "epos": "V/t",
                    "base": "pad₃",
                    "morph": "NV2=pad.NV4='a",
                    "morph2": "NV2=STEM.NV4=SUB"
                  }
                },
                {
                  "node": "d",
                  "type": "line-start",
                  "ref": "Q001102.11",
                  "n": "11",
                  "label": "11"
                },
                {
                  "node": "l",
                  "id": "Q001102.l0109b",
                  "ref": "Q001102.11.1",
                  "inst": "Nindara[1]DN",
                  "sig": "@etcsri%sux:{d}nin-dar=Nindara[1//1]DN'DN$Nindara/{d}nin-dar#N1=Nindara##N1=NAME",
                  "f": {
                    "lang": "sux",
                    "form": "{d}nin-dar",
                    "cf": "Nindara",
                    "gw": "1",
                    "sense": "1",
                    "norm": "Nindara",
                    "pos": "DN",
                    "epos": "DN",
                    "base": "{d}nin-dar",
                    "morph": "N1=Nindara",
                    "morph2": "N1=NAME"
                  }
                },
                {
                  "node": "d",
                  "type": "line-start",
                  "ref": "Q001102.12",
                  "n": "12",
                  "label": "12"
                },
                {
                  "node": "l",
                  "id": "Q001102.l0109c",
                  "ref": "Q001102.12.1",
                  "inst": "lugal[king]",
                  "sig": "@etcsri%sux:lugal=lugal[king//king]N'N$lugal/lugal#N1=lugal##N1=STEM",
                  "f": {
                    "lang": "sux",
                    "form": "lugal",
                    "cf": "lugal",
                    "gw": "king",
                    "sense": "king",
                    "norm": "lugal",
                    "pos": "N",
                    "epos": "N",
                    "base": "lugal",
                    "morph": "N1=lugal",
                    "morph2": "N1=STEM"
                  }
                },
                {
                  "node": "l",
                  "id": "Q001102.l0109d",
                  "ref": "Q001102.12.2",
                  "inst": "urun[exalted]",
                  "sig": "@etcsri%sux:uru₁₆-na=urun[exalted//exalted, mighty]V/i'V/i$urun.ak/uru₁₆#NV2=urun.N5=ak##NV2=STEM.N5=GEN",
                  "f": {
                    "lang": "sux",
                    "form": "uru₁₆-na",
                    "cf": "urun",
                    "gw": "exalted",
                    "sense": "exalted, mighty",
                    "norm": "urun.ak",
                    "pos": "V/i",
                    "epos": "V/i",
                    "base": "uru₁₆",
                    "morph": "NV2=urun.N5=ak",
                    "morph2": "NV2=STEM.N5=GEN"
                  }
                },
                {
                  "node": "d",
                  "type": "line-start",
                  "ref": "Q001102.13",
                  "n": "13",
                  "label": "13"
                },
                {
                  "node": "l",
                  "id": "Q001102.l0109e",
                  "ref": "Q001102.13.1",
                  "inst": "dumu[child]",
                  "sig": "@etcsri%sux:dumu=dumu[child//child]N'N$dumu/dumu#N1=dumu##N1=STEM",
                  "f": {
                    "lang": "sux",
                    "form": "dumu",
                    "cf": "dumu",
                    "gw": "child",
                    "sense": "child",
                    "norm": "dumu",
                    "pos": "N",
                    "epos": "N",
                    "base": "dumu",
                    "morph": "N1=dumu",
                    "morph2": "N1=STEM"
                  }
                },
                {
                  "node": "l",
                  "id": "Q001102.l0109f",
                  "ref": "Q001102.13.2",
                  "inst": "Enanatum[1]RN",
                  "sig": "@etcsri%sux:en-an-na-tum₂=Enanatum[1//En-ana-tum I, ruler of Lagaš]RN'RN$Enanatum/en-an-na-tum₂#N1=Enanatum##N1=NAME",
                  "f": {
                    "lang": "sux",
                    "form": "en-an-na-tum₂",
                    "cf": "Enanatum",
                    "gw": "1",
                    "sense": "En-ana-tum I, ruler of Lagaš",
                    "norm": "Enanatum",
                    "pos": "RN",
                    "epos": "RN",
                    "base": "en-an-na-tum₂",
                    "morph": "N1=Enanatum",
                    "morph2": "N1=NAME"
                  }
                },
                {
                  "node": "d",
                  "type": "line-start",
                  "ref": "Q001102.14",
                  "n": "14",
                  "label": "14"
                },
                {
                  "node": "l",
                  "id": "Q001102.l010a0",
                  "ref": "Q001102.14.1",
                  "inst": "ensik[ruler]",
                  "sig": "@etcsri%sux:ensi₂=ensik[ruler//ruler]N'N$ensik/ensi₂#N1=ensik##N1=STEM",
                  "f": {
                    "lang": "sux",
                    "form": "ensi₂",
                    "cf": "ensik",
                    "gw": "ruler",
                    "sense": "ruler",
                    "norm": "ensik",
                    "pos": "N",
                    "epos": "N",
                    "base": "ensi₂",
                    "morph": "N1=ensik",
                    "morph2": "N1=STEM"
                  }
                },
                {
                  "node": "d",
                  "type": "line-start",
                  "ref": "Q001102.15",
                  "n": "15",
                  "label": "15"
                },
                {
                  "node": "l",
                  "id": "Q001102.l010a1",
                  "ref": "Q001102.15.1",
                  "inst": "Lagaš[1]",
                  "sig": "@etcsri%sux:lagaš{ki}-ka-ke₄=Lagaš[1//1]SN'SN$Lagaš.ak.ak.e/lagaš{ki}#N1=Lagaš.N5=ak.N5=ak.N5=e##N1=NAME.N5=GEN.N5=GEN.N5=ERG",
                  "f": {
                    "lang": "sux",
                    "form": "lagaš{ki}-ka-ke₄",
                    "cf": "Lagaš",
                    "gw": "1",
                    "sense": "1",
                    "norm": "Lagaš.ak.ak.e",
                    "pos": "SN",
                    "epos": "SN",
                    "base": "lagaš{ki}",
                    "morph": "N1=Lagaš.N5=ak.N5=ak.N5=e",
                    "morph2": "N1=NAME.N5=GEN.N5=GEN.N5=ERG"
                  }
                },
                {
                  "node": "d",
                  "type": "line-start",
                  "ref": "Q001102.16",
                  "n": "16",
                  "label": "16"
                },
                {
                  "node": "l",
                  "id": "Q001102.l010a2",
                  "ref": "Q001102.16.1",
                  "inst": "ig[door]",
                  "sig": "@etcsri%sux:ig=ig[door//door]N'N$ig/ig#N1=ig##N1=STEM",
                  "f": {
                    "lang": "sux",
                    "form": "ig",
                    "cf": "ig",
                    "gw": "door",
                    "sense": "door",
                    "norm": "ig",
                    "pos": "N",
                    "epos": "N",
                    "base": "ig",
                    "morph": "N1=ig",
                    "morph2": "N1=STEM"
                  }
                },
                {
                  "node": "l",
                  "id": "Q001102.l010a3",
                  "ref": "Q001102.16.2",
                  "inst": "eren[cedar]",
                  "sig": "@etcsri%sux:eren=eren[cedar//cedar]N'N$eren/eren#N1=eren##N1=STEM",
                  "f": {
                    "lang": "sux",
                    "form": "eren",
                    "cf": "eren",
                    "gw": "cedar",
                    "sense": "cedar",
                    "norm": "eren",
                    "pos": "N",
                    "epos": "N",
                    "base": "eren",
                    "morph": "N1=eren",
                    "morph2": "N1=STEM"
                  }
                },
                {
                  "node": "l",
                  "id": "Q001102.l010a4",
                  "ref": "Q001102.16.3",
                  "inst": "babbar[white]\\abs",
                  "sig": "@etcsri%sux:babbar₂\\abs=babbar[white//(to be) white]V/i'V/i$babbar.ø/babbar₂#NV2=babbar.N5=ø##NV2=STEM.N5=ABS",
                  "f": {
                    "lang": "sux",
                    "form": "babbar₂\\abs",
                    "cf": "babbar",
                    "gw": "white",
                    "sense": "(to be) white",
                    "norm": "babbar.ø",
                    "pos": "V/i",
                    "epos": "V/i",
                    "base": "babbar₂",
                    "morph": "NV2=babbar.N5=ø",
                    "morph2": "NV2=STEM.N5=ABS"
                  }
                },
                {
                  "node": "d",
                  "type": "line-start",
                  "ref": "Q001102.17",
                  "n": "17",
                  "label": "17"
                },
                {
                  "node": "l",
                  "id": "Q001102.l010a5",
                  "ref": "Q001102.17.1",
                  "inst": "dim[create] +.",
                  "sig": "@etcsri%sux:mu-na-dim₂=dim[create//create]V/t'V/t$mu.nn.a.n.dim.ø/dim₂#V4=mu.V6=nn.V7=a.V11=n.V12=dim.V14=ø##V4=VEN.V6=3-SG-H.V7=DAT.V11=3-SG-H-A.V12=STEM.V14=3-SG-P",
                  "f": {
                    "lang": "sux",
                    "form": "mu-na-dim₂",
                    "cf": "dim",
                    "gw": "create",
                    "sense": "create",
                    "norm": "mu.nn.a.n.dim.ø",
                    "pos": "V/t",
                    "epos": "V/t",
                    "base": "dim₂",
                    "morph": "V4=mu.V6=nn.V7=a.V11=n.V12=dim.V14=ø",
                    "morph2": "V4=VEN.V6=3-SG-H.V7=DAT.V11=3-SG-H-A.V12=STEM.V14=3-SG-P"
                  }
                }
              ]
            },
            {
              "node": "c",
              "type": "sentence",
              "tag": ".",
              "id": "Q001102.U4",
              "label": "18 - 19",
              "cdl": [
                {
                  "node": "d",
                  "type": "line-start",
                  "ref": "Q001102.18",
                  "n": "18",
                  "label": "18"
                },
                {
                  "node": "l",
                  "id": "Q001102.l010a6",
                  "ref": "Q001102.18.1",
                  "inst": "namtil[life]",
                  "sig": "@etcsri%sux:nam-til₃-la-ni-še₃=namtil[life//life]N'N$namtil.ani.še/nam-til₃#N1=namtil.N3=ani.N5=še##N1=STEM.N3=3-SG-H-POSS.N5=TERM",
                  "f": {
                    "lang": "sux",
                    "form": "nam-til₃-la-ni-še₃",
                    "cf": "namtil",
                    "gw": "life",
                    "sense": "life",
                    "norm": "namtil.ani.še",
                    "pos": "N",
                    "epos": "N",
                    "base": "nam-til₃",
                    "morph": "N1=namtil.N3=ani.N5=še",
                    "morph2": "N1=STEM.N3=3-SG-H-POSS.N5=TERM"
                  }
                },
                {
                  "node": "d",
                  "type": "line-start",
                  "ref": "Q001102.19",
                  "n": "19",
                  "label": "19"
                },
                {
                  "node": "l",
                  "id": "Q001102.l010a7",
                  "ref": "Q001102.19.1",
                  "inst": "e[house]\\l1",
                  "sig": "@etcsri%sux:e₂-a\\l1=e[house//house, temple]N'N$e.'a/e₂#N1=e.N5='a##N1=STEM.N5=L1",
                  "f": {
                    "lang": "sux",
                    "form": "e₂-a\\l1",
                    "cf": "e",
                    "gw": "house",
                    "sense": "house, temple",
                    "norm": "e.'a",
                    "pos": "N",
                    "epos": "N",
                    "base": "e₂",
                    "morph": "N1=e.N5='a",
                    "morph2": "N1=STEM.N5=L1"
                  }
                },
                {
                  "node": "l",
                  "id": "Q001102.l010a8",
                  "ref": "Q001102.19.2",
                  "inst": "gub[stand] +.",
                  "sig": "@etcsri%sux:mu-na-gub=gub[stand//stand]V/i'V/i$mu.nn.a.n.gub.ø/gub#V4=mu.V6=nn.V7=a.V11=n.V12=gub.V14=ø##V4=VEN.V6=3-SG-H.V7=DAT.V11=3-SG-H-A.V12=gub.V14=3-SG-P",
                  "f": {
                    "lang": "sux",
                    "form": "mu-na-gub",
                    "cf": "gub",
                    "gw": "stand",
                    "sense": "stand",
                    "norm": "mu.nn.a.n.gub.ø",
                    "pos": "V/i",
                    "epos": "V/i",
                    "base": "gub",
                    "morph": "V4=mu.V6=nn.V7=a.V11=n.V12=gub.V14=ø",
                    "morph2": "V4=VEN.V6=3-SG-H.V7=DAT.V11=3-SG-H-A.V12=gub.V14=3-SG-P"
                  }
                }
              ]
            }
          ]
        }
      ]
    }
  ]
}
