{
  "type": "cdl",
  "project": "etcsri",
  "source": "http://oracc.org/etcsri",
  "license": "This data is released under the CC0 license",
  "license-url": "https://creativecommons.org/publicdomain/zero/1.0/",
  "more-info": "http://oracc.org/doc/opendata/",
  "UTC-timestamp": "2017-06-21T22:35:43",
  "textid": "Q001747",
  "cdl": [
    {
      "node": "c",
      "type": "text",
      "id": "Q001747.U0",
      "cdl": [
        {
          "node": "c",
          "type": "discourse",
          "subtype": "body",
          "id": "Q001747.U1",
          "cdl": [
            {
              "node": "c",
              "type": "sentence",
              "tag": ".",
              "id": "Q001747.U2",
              "label": "1 - 6",
              "cdl": [
                {
                  "node": "d",
                  "type": "line-start",
                  "ref": "Q001747.1",
                  "n": "1",
                  "label": "1"
                },
                {
                  "node": "l",
                  "id": "Q001747.l04020",
                  "ref": "Q001747.1.1",
                  "inst": "Alla[2]PN",
                  "sig": "@etcsri%sux:al-la=Alla[2//2 Governor of Lagaš]PN'PN$Alla/al-la#N1=Alla##N1=NAME",
                  "f": {
                    "lang": "sux",
                    "form": "al-la",
                    "gdl": [
                      {
                        "v": "al",
                        "id": "Q001747.1.1.0",
                        "delim": "-"
                      },
                      {
                        "v": "la",
                        "id": "Q001747.1.1.1"
                      }
                    ],
                    "cf": "Alla",
                    "gw": "2",
                    "sense": "2 Governor of Lagaš",
                    "norm": "Alla",
                    "pos": "PN",
                    "epos": "PN",
                    "base": "al-la",
                    "morph": "N1=Alla",
                    "morph2": "N1=NAME"
                  }
                },
                {
                  "node": "d",
                  "type": "line-start",
                  "ref": "Q001747.2",
                  "n": "2",
                  "label": "2"
                },
                {
                  "node": "l",
                  "id": "Q001747.l04021",
                  "ref": "Q001747.2.1",
                  "inst": "ensik[ruler//governor]",
                  "sig": "@etcsri%sux:ensi₂=ensik[ruler//governor]N'N$ensik/ensi₂#N1=ensik##N1=STEM",
                  "f": {
                    "lang": "sux",
                    "form": "ensi₂",
                    "gdl": [
                      {
                        "v": "ensi₂",
                        "id": "Q001747.2.1.0"
                      }
                    ],
                    "cf": "ensik",
                    "gw": "ruler",
                    "sense": "governor",
                    "norm": "ensik",
                    "pos": "N",
                    "epos": "N",
                    "base": "ensi₂",
                    "morph": "N1=ensik",
                    "morph2": "N1=STEM"
                  }
                },
                {
                  "node": "d",
                  "type": "line-start",
                  "ref": "Q001747.3",
                  "n": "3",
                  "label": "3"
                },
                {
                  "node": "l",
                  "id": "Q001747.l04022",
                  "ref": "Q001747.3.1",
                  "inst": "Lagaš[1]\\gen\\abs",
                  "sig": "@etcsri%sux:lagaš{ki}\\gen\\abs=Lagaš[1//1]SN'SN$Lagaš.ak.ø/lagaš{ki}#N1=Lagaš.N5=ak.N5=ø##N1=NAME.N5=GEN.N5=ABS",
                  "f": {
                    "lang": "sux",
                    "form": "lagaš{ki}",
                    "gdl": [
                      {
                        "v": "lagaš",
                        "id": "Q001747.3.1.0"
                      },
                      {
                        "det": "semantic",
                        "pos": "post",
                        "seq": [
                          {
                            "v": "ki",
                            "id": "Q001747.3.1.1"
                          }
                        ]
                      }
                    ],
                    "cf": "Lagaš",
                    "gw": "1",
                    "sense": "1",
                    "norm": "Lagaš.ak.ø",
                    "pos": "SN",
                    "epos": "SN",
                    "base": "lagaš{ki}",
                    "morph": "N1=Lagaš.N5=ak.N5=ø",
                    "morph2": "N1=NAME.N5=GEN.N5=ABS"
                  }
                },
                {
                  "node": "d",
                  "type": "line-start",
                  "ref": "Q001747.4",
                  "n": "4",
                  "label": "4"
                },
                {
                  "node": "l",
                  "id": "Q001747.l04023",
                  "ref": "Q001747.4.1",
                  "inst": "Urninmarkik[1]PN",
                  "sig": "@etcsri%sux:ur-{d}nin-mar-ki=Urninmarkik[1//1]PN'PN$Urninmarkik/ur-{d}nin-mar-ki#N1=Urninmarkik##N1=NAME",
                  "f": {
                    "lang": "sux",
                    "form": "ur-{d}nin-mar-ki",
                    "gdl": [
                      {
                        "v": "ur",
                        "id": "Q001747.4.1.0",
                        "delim": "-"
                      },
                      {
                        "det": "semantic",
                        "pos": "pre",
                        "seq": [
                          {
                            "v": "d",
                            "id": "Q001747.4.1.1"
                          }
                        ]
                      },
                      {
                        "v": "nin",
                        "id": "Q001747.4.1.2",
                        "delim": "-"
                      },
                      {
                        "v": "mar",
                        "id": "Q001747.4.1.3",
                        "delim": "-"
                      },
                      {
                        "v": "ki",
                        "id": "Q001747.4.1.4"
                      }
                    ],
                    "cf": "Urninmarkik",
                    "gw": "1",
                    "sense": "1",
                    "norm": "Urninmarkik",
                    "pos": "PN",
                    "epos": "PN",
                    "base": "ur-{d}nin-mar-ki",
                    "morph": "N1=Urninmarkik",
                    "morph2": "N1=NAME"
                  }
                },
                {
                  "node": "d",
                  "type": "line-start",
                  "ref": "Q001747.5",
                  "n": "5",
                  "label": "5"
                },
                {
                  "node": "l",
                  "id": "Q001747.l04024",
                  "ref": "Q001747.5.1",
                  "inst": "dumu[child]",
                  "sig": "@etcsri%sux:dumu=dumu[child//child]N'N$dumu/dumu#N1=dumu##N1=STEM",
                  "f": {
                    "lang": "sux",
                    "form": "dumu",
                    "delim": " ",
                    "gdl": [
                      {
                        "v": "dumu",
                        "id": "Q001747.5.1.0"
                      }
                    ],
                    "cf": "dumu",
                    "gw": "child",
                    "sense": "child",
                    "norm": "dumu",
                    "pos": "N",
                    "epos": "N",
                    "base": "dumu",
                    "morph": "N1=dumu",
                    "morph2": "N1=STEM"
                  }
                },
                {
                  "node": "l",
                  "id": "Q001747.l04025",
                  "ref": "Q001747.5.2",
                  "inst": "Luutu[2]PN\\gen\\abs",
                  "sig": "@etcsri%sux:lu₂-{d}utu\\gen\\abs=Luutu[2//2]PN'PN$Luutu.ak.ø/lu₂-{d}utu#N1=Luutu.N5=ak.N5=ø##N1=NAME.N5=GEN.N5=ABS",
                  "f": {
                    "lang": "sux",
                    "form": "lu₂-{d}utu",
                    "gdl": [
                      {
                        "v": "lu₂",
                        "id": "Q001747.5.2.0",
                        "delim": "-"
                      },
                      {
                        "det": "semantic",
                        "pos": "pre",
                        "seq": [
                          {
                            "v": "d",
                            "id": "Q001747.5.2.1"
                          }
                        ]
                      },
                      {
                        "v": "utu",
                        "id": "Q001747.5.2.2"
                      }
                    ],
                    "cf": "Luutu",
                    "gw": "2",
                    "sense": "2",
                    "norm": "Luutu.ak.ø",
                    "pos": "PN",
                    "epos": "PN",
                    "base": "lu₂-{d}utu",
                    "morph": "N1=Luutu.N5=ak.N5=ø",
                    "morph2": "N1=NAME.N5=GEN.N5=ABS"
                  }
                },
                {
                  "node": "d",
                  "type": "line-start",
                  "ref": "Q001747.6",
                  "n": "6",
                  "label": "6"
                },
                {
                  "node": "l",
                  "id": "Q001747.l04026",
                  "ref": "Q001747.6.1",
                  "inst": "arad[slave]\\abs +.",
                  "sig": "@etcsri%sux:arad₂-zu\\abs=arad[slave//slave, servant]N'N$arad.zu.ø/arad₂#N1=arad.N3=zu.N5=ø##N1=STEM.N3=2-SG-POSS.N5=ABS",
                  "f": {
                    "lang": "sux",
                    "form": "arad₂-zu",
                    "gdl": [
                      {
                        "v": "arad₂",
                        "id": "Q001747.6.1.0",
                        "delim": "-"
                      },
                      {
                        "v": "zu",
                        "id": "Q001747.6.1.1"
                      }
                    ],
                    "cf": "arad",
                    "gw": "slave",
                    "sense": "slave, servant",
                    "norm": "arad.zu.ø",
                    "pos": "N",
                    "epos": "N",
                    "base": "arad₂",
                    "morph": "N1=arad.N3=zu.N5=ø",
                    "morph2": "N1=STEM.N3=2-SG-POSS.N5=ABS"
                  }
                }
              ]
            }
          ]
        }
      ]
    }
  ]
}
