{
  "type": "cdl",
  "project": "etcsri",
  "source": "http://oracc.org/etcsri",
  "license": "This data is released under the CC0 license",
  "license-url": "https://creativecommons.org/publicdomain/zero/1.0/",
  "more-info": "http://oracc.org/doc/opendata/",
  "UTC-timestamp": "2017-06-21T22:35:13",
  "textid": "Q001489",
  "cdl": [
    {
      "node": "c",
      "type": "text",
      "id": "Q001489.U0",
      "cdl": [
        {
          "node": "c",
          "type": "discourse",
          "subtype": "body",
          "id": "Q001489.U1",
          "cdl": [
            {
              "node": "c",
              "type": "sentence",
              "tag": ".",
              "id": "Q001489.U2",
              "label": "i 1 - ii 1",
              "cdl": [
                {
                  "node": "d",
                  "type": "line-start",
                  "ref": "Q001489.1",
                  "n": "1",
                  "label": "i 1"
                },
                {
                  "node": "l",
                  "id": "Q001489.l031d3",
                  "ref": "Q001489.1.1",
                  "inst": "Ninŋirsuk[1]DN",
                  "sig": "@etcsri%sux:{d}nin-ŋir₂-su=Ninŋirsuk[1//1]DN'DN$Ninŋirsuk/{d}nin-ŋir₂-su#N1=Ninŋirsuk##N1=NAME",
                  "f": {
                    "lang": "sux",
                    "form": "{d}nin-ŋir₂-su",
                    "gdl": [
                      {
                        "det": "semantic",
                        "pos": "pre",
                        "seq": [
                          {
                            "v": "d",
                            "id": "Q001489.1.1.0"
                          }
                        ]
                      },
                      {
                        "v": "nin",
                        "id": "Q001489.1.1.1",
                        "delim": "-"
                      },
                      {
                        "v": "ŋir₂",
                        "id": "Q001489.1.1.2",
                        "delim": "-"
                      },
                      {
                        "v": "su",
                        "id": "Q001489.1.1.3"
                      }
                    ],
                    "cf": "Ninŋirsuk",
                    "gw": "1",
                    "sense": "1",
                    "norm": "Ninŋirsuk",
                    "pos": "DN",
                    "epos": "DN",
                    "base": "{d}nin-ŋir₂-su",
                    "morph": "N1=Ninŋirsuk",
                    "morph2": "N1=NAME"
                  }
                },
                {
                  "node": "d",
                  "type": "line-start",
                  "ref": "Q001489.2",
                  "n": "2",
                  "label": "i 2"
                },
                {
                  "node": "l",
                  "id": "Q001489.l031d4",
                  "ref": "Q001489.2.1",
                  "inst": "ursaj[hero]",
                  "sig": "@etcsri%sux:ur-saŋ=ursaŋ[hero//hero, warrior]N'N$ursaŋ/ur-saŋ#N1=ursaŋ##N1=STEM",
                  "f": {
                    "lang": "sux",
                    "form": "ur-saŋ",
                    "delim": " ",
                    "gdl": [
                      {
                        "v": "ur",
                        "id": "Q001489.2.1.0",
                        "delim": "-"
                      },
                      {
                        "v": "saŋ",
                        "id": "Q001489.2.1.1"
                      }
                    ],
                    "cf": "ursaŋ",
                    "gw": "hero",
                    "sense": "hero, warrior",
                    "norm": "ursaŋ",
                    "pos": "N",
                    "epos": "N",
                    "base": "ur-saŋ",
                    "morph": "N1=ursaŋ",
                    "morph2": "N1=STEM"
                  }
                },
                {
                  "node": "l",
                  "id": "Q001489.l031d5",
                  "ref": "Q001489.2.2",
                  "inst": "kalag[strong]",
                  "sig": "@etcsri%sux:kalag-ga=kalag[strong//strong]V/i'V/i$kalag.'a/kalag#NV2=kalag.NV4='a##NV2=STEM.NV4=SUB",
                  "f": {
                    "lang": "sux",
                    "form": "kalag-ga",
                    "gdl": [
                      {
                        "v": "kalag",
                        "id": "Q001489.2.2.0",
                        "delim": "-"
                      },
                      {
                        "v": "ga",
                        "id": "Q001489.2.2.1"
                      }
                    ],
                    "cf": "kalag",
                    "gw": "strong",
                    "sense": "strong",
                    "norm": "kalag.'a",
                    "pos": "V/i",
                    "epos": "V/i",
                    "base": "kalag",
                    "morph": "NV2=kalag.NV4='a",
                    "morph2": "NV2=STEM.NV4=SUB"
                  }
                },
                {
                  "node": "d",
                  "type": "line-start",
                  "ref": "Q001489.3",
                  "n": "3",
                  "label": "i 3"
                },
                {
                  "node": "l",
                  "id": "Q001489.l031d6",
                  "ref": "Q001489.3.1",
                  "inst": "Enlil[1]DN",
                  "sig": "@etcsri%sux:{d}en-lil₂-la₂-ra=Enlil[1//1]DN'DN$Enlil.ak.ra/{d}en-lil₂#N1=Enlil.N5=ak.N5=ra##N1=NAME.N5=GEN.N5=DAT-H",
                  "f": {
                    "lang": "sux",
                    "form": "{d}en-lil₂-la₂-ra",
                    "gdl": [
                      {
                        "det": "semantic",
                        "pos": "pre",
                        "seq": [
                          {
                            "v": "d",
                            "id": "Q001489.3.1.0"
                          }
                        ]
                      },
                      {
                        "v": "en",
                        "id": "Q001489.3.1.1",
                        "delim": "-"
                      },
                      {
                        "v": "lil₂",
                        "id": "Q001489.3.1.2",
                        "statusStart": "Q001489.3.1.2",
                        "o": ">",
                        "delim": "-"
                      },
                      {
                        "v": "la₂",
                        "id": "Q001489.3.1.3",
                        "delim": "-"
                      },
                      {
                        "v": "ra",
                        "id": "Q001489.3.1.4"
                      }
                    ],
                    "cf": "Enlil",
                    "gw": "1",
                    "sense": "1",
                    "norm": "Enlil.ak.ra",
                    "pos": "DN",
                    "epos": "DN",
                    "base": "{d}en-lil₂",
                    "morph": "N1=Enlil.N5=ak.N5=ra",
                    "morph2": "N1=NAME.N5=GEN.N5=DAT-H"
                  }
                },
                {
                  "node": "d",
                  "type": "line-start",
                  "ref": "Q001489.4",
                  "n": "4",
                  "label": "i 4"
                },
                {
                  "node": "l",
                  "id": "Q001489.l031d7",
                  "ref": "Q001489.4.1",
                  "inst": "Gudea[1]RN",
                  "sig": "@etcsri%sux:gu₃-de₂-a=Gudea[1//1]RN'RN$Gudea/gu₃-de₂-a#N1=Gudea##N1=NAME",
                  "f": {
                    "lang": "sux",
                    "form": "gu₃-de₂-a",
                    "gdl": [
                      {
                        "v": "gu₃",
                        "id": "Q001489.4.1.0",
                        "delim": "-"
                      },
                      {
                        "v": "de₂",
                        "id": "Q001489.4.1.1",
                        "delim": "-"
                      },
                      {
                        "v": "a",
                        "id": "Q001489.4.1.2"
                      }
                    ],
                    "cf": "Gudea",
                    "gw": "1",
                    "sense": "1",
                    "norm": "Gudea",
                    "pos": "RN",
                    "epos": "RN",
                    "base": "gu₃-de₂-a",
                    "morph": "N1=Gudea",
                    "morph2": "N1=NAME"
                  }
                },
                {
                  "node": "d",
                  "type": "line-start",
                  "ref": "Q001489.5",
                  "n": "5",
                  "label": "i 5"
                },
                {
                  "node": "l",
                  "id": "Q001489.l031d8",
                  "ref": "Q001489.5.1",
                  "inst": "ensik[ruler]",
                  "sig": "@etcsri%sux:ensi₂=ensik[ruler//ruler]N'N$ensik/ensi₂#N1=ensik##N1=STEM",
                  "f": {
                    "lang": "sux",
                    "form": "ensi₂",
                    "gdl": [
                      {
                        "v": "ensi₂",
                        "id": "Q001489.5.1.0"
                      }
                    ],
                    "cf": "ensik",
                    "gw": "ruler",
                    "sense": "ruler",
                    "norm": "ensik",
                    "pos": "N",
                    "epos": "N",
                    "base": "ensi₂",
                    "morph": "N1=ensik",
                    "morph2": "N1=STEM"
                  }
                },
                {
                  "node": "d",
                  "type": "line-start",
                  "ref": "Q001489.6",
                  "n": "6",
                  "label": "i 6"
                },
                {
                  "node": "l",
                  "id": "Q001489.l031d9",
                  "ref": "Q001489.6.1",
                  "inst": "Lagaš[1]",
                  "sig": "@etcsri%sux:lagaš{ki}-ke₄=Lagaš[1//1]SN'SN$Lagaš.ak.e/lagaš{ki}#N1=Lagaš.N5=ak.N5=e##N1=NAME.N5=GEN.N5=ERG",
                  "f": {
                    "lang": "sux",
                    "form": "lagaš{ki}-ke₄",
                    "gdl": [
                      {
                        "v": "lagaš",
                        "id": "Q001489.6.1.0"
                      },
                      {
                        "det": "semantic",
                        "pos": "post",
                        "delim": "-",
                        "seq": [
                          {
                            "v": "ki",
                            "id": "Q001489.6.1.1",
                            "gdl_remarked": "1"
                          }
                        ]
                      },
                      {
                        "v": "ke₄",
                        "id": "Q001489.6.1.2",
                        "statusStart": "Q001489.6.1.2",
                        "o": ">"
                      }
                    ],
                    "cf": "Lagaš",
                    "gw": "1",
                    "sense": "1",
                    "norm": "Lagaš.ak.e",
                    "pos": "SN",
                    "epos": "SN",
                    "base": "lagaš{ki}",
                    "morph": "N1=Lagaš.N5=ak.N5=e",
                    "morph2": "N1=NAME.N5=GEN.N5=ERG"
                  }
                },
                {
                  "node": "d",
                  "type": "line-start",
                  "ref": "Q001489.7",
                  "n": "7",
                  "label": "i 7"
                },
                {
                  "node": "l",
                  "id": "Q001489.l031da",
                  "ref": "Q001489.7.1",
                  "inst": "Eninnu-anzubabbar[1]TN\\abs",
                  "sig": "@etcsri%sux:e₂-ninnu-anzud₂{mušen}-babbar₂-ra-ni\\abs=Eninnu-anzubabbar[1//1]TN'TN$Eninnu-anzubabbar.ani.ø/e₂-ninnu-anzud₂{mušen}-babbar₂#N1=Eninnu-anzubabbar.N3=ani.N5=ø##N1=NAME.N3=3-SG-H-POSS.N5=ABS",
                  "f": {
                    "lang": "sux",
                    "form": "e₂-ninnu-anzud₂{mušen}-babbar₂-ra-ni",
                    "gdl": [
                      {
                        "v": "e₂",
                        "id": "Q001489.7.1.0",
                        "delim": "-"
                      },
                      {
                        "v": "ninnu",
                        "id": "Q001489.7.1.1",
                        "delim": "-"
                      },
                      {
                        "v": "anzud₂",
                        "id": "Q001489.7.1.2"
                      },
                      {
                        "det": "semantic",
                        "pos": "post",
                        "delim": "-",
                        "seq": [
                          {
                            "v": "mušen",
                            "id": "Q001489.7.1.3"
                          }
                        ]
                      },
                      {
                        "v": "babbar₂",
                        "id": "Q001489.7.1.4",
                        "delim": "-"
                      },
                      {
                        "v": "ra",
                        "id": "Q001489.7.1.5",
                        "delim": "-"
                      },
                      {
                        "v": "ni",
                        "id": "Q001489.7.1.6"
                      }
                    ],
                    "cf": "Eninnu-anzubabbar",
                    "gw": "1",
                    "sense": "1",
                    "norm": "Eninnu-anzubabbar.ani.ø",
                    "pos": "TN",
                    "epos": "TN",
                    "base": "e₂-ninnu-anzud₂{mušen}-babbar₂",
                    "morph": "N1=Eninnu-anzubabbar.N3=ani.N5=ø",
                    "morph2": "N1=NAME.N3=3-SG-H-POSS.N5=ABS"
                  }
                },
                {
                  "node": "d",
                  "type": "line-start",
                  "ref": "Q001489.8",
                  "n": "1",
                  "label": "ii 1"
                },
                {
                  "node": "l",
                  "id": "Q001489.l031db",
                  "ref": "Q001489.8.1",
                  "inst": "!du[build] +.",
                  "sig": "@etcsri%sux:mu-na-du₃=du[build//to build]V/t'V/t$mu.nn.a.n.du.ø/du₃#V4=mu.V6=nn.V7=a.V11=n.V12=du.V14=ø##V4=VEN.V6=3-SG-H.V7=DAT.V11=3-SG-H-A.V12=STEM.V14=3-SG-P",
                  "f": {
                    "lang": "sux",
                    "form": "mu-na-du₃",
                    "gdl": [
                      {
                        "v": "mu",
                        "id": "Q001489.8.1.0",
                        "delim": "-"
                      },
                      {
                        "v": "na",
                        "id": "Q001489.8.1.1",
                        "delim": "-"
                      },
                      {
                        "gg": "correction",
                        "gdl_type": "correction",
                        "group": [
                          {
                            "v": "du₃",
                            "id": "Q001489.8.1.2",
                            "gdl_remarked": "1"
                          },
                          {
                            "s": "NI"
                          }
                        ]
                      }
                    ],
                    "cf": "du",
                    "gw": "build",
                    "sense": "to build",
                    "norm": "mu.nn.a.n.du.ø",
                    "pos": "V/t",
                    "epos": "V/t",
                    "base": "du₃",
                    "morph": "V4=mu.V6=nn.V7=a.V11=n.V12=du.V14=ø",
                    "morph2": "V4=VEN.V6=3-SG-H.V7=DAT.V11=3-SG-H-A.V12=STEM.V14=3-SG-P"
                  }
                }
              ]
            },
            {
              "node": "c",
              "type": "sentence",
              "tag": ".",
              "id": "Q001489.U4",
              "label": "ii 2 - ii 2",
              "cdl": [
                {
                  "node": "d",
                  "type": "line-start",
                  "ref": "Q001489.9",
                  "n": "2",
                  "label": "ii 2"
                },
                {
                  "node": "l",
                  "id": "Q001489.l031dc",
                  "ref": "Q001489.9.1",
                  "inst": "ki[place]\\n5el3",
                  "sig": "@etcsri%sux:ki-be₂\\n5el3=ki[place//place]N'N$ki.bi.e/ki#N1=ki.N3=bi.N5=e##N1=STEM.N3=3-SG-NH-POSS.N5=L3-NH",
                  "f": {
                    "lang": "sux",
                    "form": "ki-be₂",
                    "delim": " ",
                    "gdl": [
                      {
                        "v": "ki",
                        "id": "Q001489.9.1.0",
                        "delim": "-"
                      },
                      {
                        "v": "be₂",
                        "id": "Q001489.9.1.1"
                      }
                    ],
                    "cf": "ki",
                    "gw": "place",
                    "sense": "place",
                    "norm": "ki.bi.e",
                    "pos": "N",
                    "epos": "N",
                    "base": "ki",
                    "morph": "N1=ki.N3=bi.N5=e",
                    "morph2": "N1=STEM.N3=3-SG-NH-POSS.N5=L3-NH"
                  }
                },
                {
                  "node": "l",
                  "id": "Q001489.l031dd",
                  "ref": "Q001489.9.2",
                  "inst": "gi[turn] +.",
                  "sig": "@etcsri%sux:mu-na-gi₄=gi[turn//turn]V/i'V/i$mu.nn.a.n.gi.ø/gi₄#V4=mu.V6=nn.V7=a.V11=n.V12=gi.V14=ø##V4=VEN.V6=3-SG-H.V7=DAT.V11=3-SG-H-A.V12=STEM.V14=3-SG-P",
                  "f": {
                    "lang": "sux",
                    "form": "mu-na-gi₄",
                    "gdl": [
                      {
                        "v": "mu",
                        "id": "Q001489.9.2.0",
                        "delim": "-"
                      },
                      {
                        "v": "na",
                        "id": "Q001489.9.2.1",
                        "delim": "-"
                      },
                      {
                        "v": "gi₄",
                        "id": "Q001489.9.2.2"
                      }
                    ],
                    "cf": "gi",
                    "gw": "turn",
                    "sense": "turn",
                    "norm": "mu.nn.a.n.gi.ø",
                    "pos": "V/i",
                    "epos": "V/i",
                    "base": "gi₄",
                    "morph": "V4=mu.V6=nn.V7=a.V11=n.V12=gi.V14=ø",
                    "morph2": "V4=VEN.V6=3-SG-H.V7=DAT.V11=3-SG-H-A.V12=STEM.V14=3-SG-P"
                  }
                }
              ]
            }
          ]
        }
      ]
    }
  ]
}
