{
  "type": "cdl",
  "source": "http://oracc.org/etcsri",
  "license": "This data is released under the CC0 license",
  "license-url": "https://creativecommons.org/publicdomain/zero/1.0/",
  "more-info": "http://oracc.org/doc/opendata/",
  "UTC-timestamp": "2017-06-10T00:00:22",
  "project": "etcsri",
  "textid": "Q001334",
  "cdl": [
    {
      "node": "c",
      "type": "text",
      "id": "Q001334.U0",
      "cdl": [
        {
          "node": "c",
          "type": "discourse",
          "subtype": "body",
          "id": "Q001334.U1",
          "cdl": [
            {
              "node": "c",
              "type": "sentence",
              "tag": ".",
              "id": "Q001334.U2",
              "label": "1 - 5",
              "cdl": [
                {
                  "node": "d",
                  "type": "line-start",
                  "ref": "Q001334.1",
                  "n": "1",
                  "label": "1"
                },
                {
                  "node": "l",
                  "id": "Q001334.l0189d",
                  "ref": "Q001334.1.1",
                  "inst": "Ninazu[1]DN\\dat",
                  "sig": "@etcsri%sux:{d}nin-a-zu₅\\dat=Ninazu[1//1]DN'DN$Ninazu.ra/{d}nin-a-zu₅#N1=Ninazu.N5=ra##N1=NAME.N5=DAT-H",
                  "f": {
                    "lang": "sux",
                    "form": "{d}nin-a-zu₅\\dat",
                    "cf": "Ninazu",
                    "gw": "1",
                    "sense": "1",
                    "norm": "Ninazu.ra",
                    "pos": "DN",
                    "epos": "DN",
                    "base": "{d}nin-a-zu₅",
                    "morph": "N1=Ninazu.N5=ra",
                    "morph2": "N1=NAME.N5=DAT-H"
                  }
                },
                {
                  "node": "d",
                  "type": "line-start",
                  "ref": "Q001334.2",
                  "n": "2",
                  "label": "2"
                },
                {
                  "node": "l",
                  "id": "Q001334.l0189e",
                  "ref": "Q001334.2.1",
                  "inst": "Luduga[1]PN\\erg",
                  "sig": "@etcsri%sux:lu₂-dug₃-ga\\erg=Luduga[1//1]PN'PN$Luduga.e/lu₂-dug₃-ga#N1=Luduga.N5=e##N1=NAME.N5=ERG",
                  "f": {
                    "lang": "sux",
                    "form": "lu₂-dug₃-ga\\erg",
                    "cf": "Luduga",
                    "gw": "1",
                    "sense": "1",
                    "norm": "Luduga.e",
                    "pos": "PN",
                    "epos": "PN",
                    "base": "lu₂-dug₃-ga",
                    "morph": "N1=Luduga.N5=e",
                    "morph2": "N1=NAME.N5=ERG"
                  }
                },
                {
                  "node": "d",
                  "type": "line-start",
                  "ref": "Q001334.3",
                  "n": "3",
                  "label": "3"
                },
                {
                  "node": "l",
                  "id": "Q001334.l0189f",
                  "ref": "Q001334.3.1",
                  "inst": "namtil[life]",
                  "sig": "@etcsri%sux:nam-til₃=namtil[life//life]N'N$namtil/nam-til₃#N1=namtil##N1=STEM",
                  "f": {
                    "lang": "sux",
                    "form": "nam-til₃",
                    "cf": "namtil",
                    "gw": "life",
                    "sense": "life",
                    "norm": "namtil",
                    "pos": "N",
                    "epos": "N",
                    "base": "nam-til₃",
                    "morph": "N1=namtil",
                    "morph2": "N1=STEM"
                  }
                },
                {
                  "node": "d",
                  "type": "line-start",
                  "ref": "Q001334.4",
                  "n": "4",
                  "label": "4"
                },
                {
                  "node": "l",
                  "id": "Q001334.l018a0",
                  "ref": "Q001334.4.1",
                  "inst": "Ayaanepada[1]RN",
                  "sig": "@etcsri%sux:aya₂-an-ne₂-pad₃-da-še₃=Ayaanepada[1//King of Urim]RN'RN$Ayaanepada.ak.še/aya₂-an-ne₂-pad₃-da#N1=Ayaanepada.N5=ak.N5=še##N1=NAME.N5=GEN.N5=TERM",
                  "f": {
                    "lang": "sux",
                    "form": "aya₂-an-ne₂-pad₃-da-še₃",
                    "cf": "Ayaanepada",
                    "gw": "1",
                    "sense": "King of Urim",
                    "norm": "Ayaanepada.ak.še",
                    "pos": "RN",
                    "epos": "RN",
                    "base": "aya₂-an-ne₂-pad₃-da",
                    "morph": "N1=Ayaanepada.N5=ak.N5=še",
                    "morph2": "N1=NAME.N5=GEN.N5=TERM"
                  }
                },
                {
                  "node": "d",
                  "type": "line-start",
                  "ref": "Q001334.5",
                  "n": "5",
                  "label": "5"
                },
                {
                  "node": "c",
                  "type": "phrase",
                  "tag": "phr",
                  "id": "Q001334.U5",
                  "ref": "Q001334.ls00000",
                  "cdl": [
                    {
                      "node": "l",
                      "id": "Q001334.l018a1",
                      "ref": "Q001334.5.1",
                      "inst": "a[water]\\abs",
                      "sig": "@etcsri%sux:a\\abs=a[water//water]N'N$a.ø/a#N1=a.N5=ø##N1=STEM.N5=ABS",
                      "f": {
                        "lang": "sux",
                        "form": "a\\abs",
                        "cf": "a",
                        "gw": "water",
                        "sense": "water",
                        "norm": "a.ø",
                        "pos": "N",
                        "epos": "N",
                        "base": "a",
                        "morph": "N1=a.N5=ø",
                        "morph2": "N1=STEM.N5=ABS"
                      }
                    },
                    {
                      "node": "l",
                      "id": "Q001334.l018a2",
                      "ref": "Q001334.5.2",
                      "inst": "ru[cvve] +.",
                      "sig": "@etcsri%sux:mu-na-še₃-ru=ru[cvve//(compound verb verbal element)]V/t'V/t$mu.nn.a.ši.n.ru.ø/ru#V4=mu.V6=nn.V7=a.V9=ši.V11=n.V12=ru.V14=ø##V4=VEN.V6=3-SG-H.V7=DAT.V9=TERM.V11=3-SG-H-A.V12=STEM.V14=3-SG-P",
                      "f": {
                        "lang": "sux",
                        "form": "mu-na-še₃-ru",
                        "cf": "ru",
                        "gw": "cvve",
                        "sense": "(compound verb verbal element)",
                        "norm": "mu.nn.a.ši.n.ru.ø",
                        "pos": "V/t",
                        "epos": "V/t",
                        "base": "ru",
                        "morph": "V4=mu.V6=nn.V7=a.V9=ši.V11=n.V12=ru.V14=ø",
                        "morph2": "V4=VEN.V6=3-SG-H.V7=DAT.V9=TERM.V11=3-SG-H-A.V12=STEM.V14=3-SG-P"
                      }
                    }
                  ]
                }
              ]
            }
          ]
        }
      ]
    },
    {
      "linkbase": [
        {
          "type": "linkset",
          "xlink_title": "a ru[dedicate//dedicate]V/t'V/t",
          "id": "Q001334.ls00000",
          "xlink_type": "extended",
          "xlink_role": "psu",
          "sig": "{a\\abs mu-na-še₃-ru = a[water]N ru[cvve]V/t += a ru[dedicate//dedicate]V/t'V/t}::@etcsri%sux:a\\abs=a[water//water]N'N$a.ø/a#N1=a.N5=ø##N1=STEM.N5=ABS++@etcsri%sux:mu-na-še₃-ru=ru[cvve//(compound verb verbal element)]V/t'V/t$mu.nn.a.ši.n.ru.ø/ru#V4=mu.V6=nn.V7=a.V9=ši.V11=n.V12=ru.V14=ø##V4=VEN.V6=3-SG-H.V7=DAT.V9=TERM.V11=3-SG-H-A.V12=STEM.V14=3-SG-P",
          "links": [
            {
              "type": "link",
              "xlink_title": "a",
              "xlink_type": "locator",
              "xlink_href": "#Q001334.l018a1",
              "xlink_role": "elt"
            },
            {
              "type": "link",
              "xlink_title": "ru",
              "xlink_type": "locator",
              "xlink_href": "#Q001334.l018a2",
              "xlink_role": "elt"
            }
          ]
        }
      ]
    }
  ]
}
