{
  "type": "cdl",
  "source": "http://oracc.org/etcsri",
  "license": "This data is released under the CC0 license",
  "license-url": "https://creativecommons.org/publicdomain/zero/1.0/",
  "more-info": "http://oracc.org/doc/opendata/",
  "UTC-timestamp": "2017-06-10T00:00:03",
  "project": "etcsri",
  "textid": "Q001753",
  "cdl": [
    {
      "node": "c",
      "type": "text",
      "id": "Q001753.U0",
      "cdl": [
        {
          "node": "c",
          "type": "discourse",
          "subtype": "body",
          "id": "Q001753.U1",
          "cdl": [
            {
              "node": "c",
              "type": "sentence",
              "tag": ".",
              "id": "Q001753.U2",
              "label": "1 - 4",
              "cdl": [
                {
                  "node": "d",
                  "type": "line-start",
                  "ref": "Q001753.1",
                  "n": "1",
                  "label": "1"
                },
                {
                  "node": "l",
                  "id": "Q001753.l0406e",
                  "ref": "Q001753.1.1",
                  "inst": "Inimkugani[1]PN",
                  "sig": "@etcsri%sux:inim-kug-ga-ni=Inimkugani[1//1]PN'PN$Inimkugani/inim-kug-ga-ni#N1=Inimkugani##N1=NAME",
                  "f": {
                    "lang": "sux",
                    "form": "inim-kug-ga-ni",
                    "cf": "Inimkugani",
                    "gw": "1",
                    "sense": "1",
                    "norm": "Inimkugani",
                    "pos": "PN",
                    "epos": "PN",
                    "base": "inim-kug-ga-ni",
                    "morph": "N1=Inimkugani",
                    "morph2": "N1=NAME"
                  }
                },
                {
                  "node": "d",
                  "type": "line-start",
                  "ref": "Q001753.2",
                  "n": "2",
                  "label": "2"
                },
                {
                  "node": "l",
                  "id": "Q001753.l0406f",
                  "ref": "Q001753.2.1",
                  "inst": "en[priest]",
                  "sig": "@etcsri%sux:en=en[priest//priest]N'N$en/en#N1=en##N1=STEM",
                  "f": {
                    "lang": "sux",
                    "form": "en",
                    "cf": "en",
                    "gw": "priest",
                    "sense": "priest",
                    "norm": "en",
                    "pos": "N",
                    "epos": "N",
                    "base": "en",
                    "morph": "N1=en",
                    "morph2": "N1=STEM"
                  }
                },
                {
                  "node": "l",
                  "id": "Q001753.l04070",
                  "ref": "Q001753.2.2",
                  "inst": "Enlil[1]DN\\abs",
                  "sig": "@etcsri%sux:{d}en-lil₂-la₂\\abs=Enlil[1//1]DN'DN$Enlil.ak.ø/{d}en-lil₂#N1=Enlil.N5=ak.N5=ø##N1=NAME.N5=GEN.N5=ABS",
                  "f": {
                    "lang": "sux",
                    "form": "{d}en-lil₂-la₂\\abs",
                    "cf": "Enlil",
                    "gw": "1",
                    "sense": "1",
                    "norm": "Enlil.ak.ø",
                    "pos": "DN",
                    "epos": "DN",
                    "base": "{d}en-lil₂",
                    "morph": "N1=Enlil.N5=ak.N5=ø",
                    "morph2": "N1=NAME.N5=GEN.N5=ABS"
                  }
                },
                {
                  "node": "d",
                  "type": "line-start",
                  "ref": "Q001753.3",
                  "n": "3",
                  "label": "3"
                },
                {
                  "node": "l",
                  "id": "Q001753.l04071",
                  "ref": "Q001753.3.1",
                  "inst": "Inanakak[1]PN\\abs",
                  "sig": "@etcsri%sux:{d}inana-ka\\abs=Inanakak[1//1]PN'PN$Inanakak.ø/{d}inana-ka#N1=Inanakak.N5=ø##N1=NAME.N5=ABS",
                  "f": {
                    "lang": "sux",
                    "form": "{d}inana-ka\\abs",
                    "cf": "Inanakak",
                    "gw": "1",
                    "sense": "1",
                    "norm": "Inanakak.ø",
                    "pos": "PN",
                    "epos": "PN",
                    "base": "{d}inana-ka",
                    "morph": "N1=Inanakak.N5=ø",
                    "morph2": "N1=NAME.N5=ABS"
                  }
                },
                {
                  "node": "d",
                  "type": "line-start",
                  "ref": "Q001753.4",
                  "n": "4",
                  "label": "4"
                },
                {
                  "node": "l",
                  "id": "Q001753.l04072",
                  "ref": "Q001753.4.1",
                  "inst": "dam[spouse]\\abs +.",
                  "sig": "@etcsri%sux:dam-ni\\abs=dam[spouse//spouse]N'N$dam.ani.ø/dam#N1=dam.N3=ani.N5=ø##N1=STEM.N3=3-SG-H-POSS.N5=ABS",
                  "f": {
                    "lang": "sux",
                    "form": "dam-ni\\abs",
                    "cf": "dam",
                    "gw": "spouse",
                    "sense": "spouse",
                    "norm": "dam.ani.ø",
                    "pos": "N",
                    "epos": "N",
                    "base": "dam",
                    "morph": "N1=dam.N3=ani.N5=ø",
                    "morph2": "N1=STEM.N3=3-SG-H-POSS.N5=ABS"
                  }
                }
              ]
            }
          ]
        }
      ]
    }
  ]
}
