{
  "type": "cdl",
  "source": "http://oracc.org/etcsri",
  "license": "This data is released under the CC0 license",
  "license-url": "https://creativecommons.org/publicdomain/zero/1.0/",
  "more-info": "http://oracc.org/doc/opendata/",
  "UTC-timestamp": "2017-06-09T23:59:50",
  "project": "etcsri",
  "textid": "Q001969",
  "cdl": [
    {
      "node": "c",
      "type": "text",
      "id": "Q001969.U0",
      "cdl": [
        {
          "node": "c",
          "type": "discourse",
          "subtype": "body",
          "id": "Q001969.U1",
          "cdl": [
            {
              "node": "c",
              "type": "sentence",
              "tag": ".",
              "id": "Q001969.U2",
              "label": "1 - 7",
              "cdl": [
                {
                  "node": "d",
                  "type": "line-start",
                  "ref": "Q001969.1",
                  "n": "1",
                  "label": "1"
                },
                {
                  "node": "l",
                  "id": "Q001969.l05df2",
                  "ref": "Q001969.1.1",
                  "inst": "Lipiteštar[1]RN",
                  "sig": "@etcsri%sux:{d}li-pi₂-it-eš₄-tar₂=Lipiteštar[1//5th king of the dynasty of Isin]RN'RN$Lipiteštar/{d}li-pi₂-it-eš₄-tar₂#N1=Lipiteštar##N2=NAME",
                  "f": {
                    "lang": "sux",
                    "form": "{d}li-pi₂-it-eš₄-tar₂",
                    "cf": "Lipiteštar",
                    "gw": "1",
                    "sense": "5th king of the dynasty of Isin",
                    "norm": "Lipiteštar",
                    "pos": "RN",
                    "epos": "RN",
                    "base": "{d}li-pi₂-it-eš₄-tar₂",
                    "morph": "N1=Lipiteštar",
                    "morph2": "N2=NAME"
                  }
                },
                {
                  "node": "d",
                  "type": "line-start",
                  "ref": "Q001969.2",
                  "n": "2",
                  "label": "2"
                },
                {
                  "node": "l",
                  "id": "Q001969.l05df3",
                  "ref": "Q001969.2.1",
                  "inst": "lugal[king]",
                  "sig": "@etcsri%sux:lugal=lugal[king//king]N'N$lugal/lugal#N1=lugal##N1=STEM",
                  "f": {
                    "lang": "sux",
                    "form": "lugal",
                    "cf": "lugal",
                    "gw": "king",
                    "sense": "king",
                    "norm": "lugal",
                    "pos": "N",
                    "epos": "N",
                    "base": "lugal",
                    "morph": "N1=lugal",
                    "morph2": "N1=STEM"
                  }
                },
                {
                  "node": "l",
                  "id": "Q001969.l05df4",
                  "ref": "Q001969.2.2",
                  "inst": "kalag[strong]",
                  "sig": "@etcsri%sux:kalag-ga=kalag[strong//strong]V/i'V/i$kalag.'a/kalag#NV2=kalag.NV4='a##NV2=STEM.NV4=SUB",
                  "f": {
                    "lang": "sux",
                    "form": "kalag-ga",
                    "cf": "kalag",
                    "gw": "strong",
                    "sense": "strong",
                    "norm": "kalag.'a",
                    "pos": "V/i",
                    "epos": "V/i",
                    "base": "kalag",
                    "morph": "NV2=kalag.NV4='a",
                    "morph2": "NV2=STEM.NV4=SUB"
                  }
                },
                {
                  "node": "d",
                  "type": "line-start",
                  "ref": "Q001969.3",
                  "n": "3",
                  "label": "3"
                },
                {
                  "node": "l",
                  "id": "Q001969.l05df5",
                  "ref": "Q001969.3.1",
                  "inst": "lugal[king]",
                  "sig": "@etcsri%sux:lugal=lugal[king//king]N'N$lugal/lugal#N1=lugal##N1=STEM",
                  "f": {
                    "lang": "sux",
                    "form": "lugal",
                    "cf": "lugal",
                    "gw": "king",
                    "sense": "king",
                    "norm": "lugal",
                    "pos": "N",
                    "epos": "N",
                    "base": "lugal",
                    "morph": "N1=lugal",
                    "morph2": "N1=STEM"
                  }
                },
                {
                  "node": "l",
                  "id": "Q001969.l05df6",
                  "ref": "Q001969.3.2",
                  "inst": "Urim[1]SN",
                  "sig": "@etcsri%sux:urim₅{ki}-ma=Urim[1//1]SN'SN$Urim.ak/urim₅{ki}#N1=Urim.N5=ak##N1=NAME.N5=GEN",
                  "f": {
                    "lang": "sux",
                    "form": "urim₅{ki}-ma",
                    "cf": "Urim",
                    "gw": "1",
                    "sense": "1",
                    "norm": "Urim.ak",
                    "pos": "SN",
                    "epos": "SN",
                    "base": "urim₅{ki}",
                    "morph": "N1=Urim.N5=ak",
                    "morph2": "N1=NAME.N5=GEN"
                  }
                },
                {
                  "node": "d",
                  "type": "line-start",
                  "ref": "Q001969.4",
                  "n": "4",
                  "label": "4"
                },
                {
                  "node": "l",
                  "id": "Q001969.l05df7",
                  "ref": "Q001969.4.1",
                  "inst": "Ur.X[6]PN",
                  "sig": "@etcsri%sux:ur-x=Ur.X[6//6]PN'PN$Ur.X/ur-x#N1=Ur.X##N1=NAME",
                  "f": {
                    "lang": "sux",
                    "form": "ur-x",
                    "cf": "Ur.X",
                    "gw": "6",
                    "sense": "6",
                    "norm": "Ur.X",
                    "pos": "PN",
                    "epos": "PN",
                    "base": "ur-x",
                    "morph": "N1=Ur.X",
                    "morph2": "N1=NAME"
                  }
                },
                {
                  "node": "d",
                  "type": "line-start",
                  "ref": "Q001969.5",
                  "n": "5",
                  "label": "5"
                },
                {
                  "node": "l",
                  "id": "Q001969.l05df8",
                  "ref": "Q001969.5.1",
                  "inst": "dubsar[scribe]",
                  "sig": "@etcsri%sux:dub-sar=dubsar[scribe//scribe]N'N$dubsar/dub-sar#N1=dubsar##N1=STEM",
                  "f": {
                    "lang": "sux",
                    "form": "dub-sar",
                    "cf": "dubsar",
                    "gw": "scribe",
                    "sense": "scribe",
                    "norm": "dubsar",
                    "pos": "N",
                    "epos": "N",
                    "base": "dub-sar",
                    "morph": "N1=dubsar",
                    "morph2": "N1=STEM"
                  }
                },
                {
                  "node": "d",
                  "type": "line-start",
                  "ref": "Q001969.6",
                  "n": "6",
                  "label": "6"
                },
                {
                  "node": "l",
                  "id": "Q001969.l05df9",
                  "ref": "Q001969.6.1",
                  "inst": "dumu[child]",
                  "sig": "@etcsri%sux:dumu=dumu[child//child]N'N$dumu/dumu#N1=dumu##N1=STEM",
                  "f": {
                    "lang": "sux",
                    "form": "dumu",
                    "cf": "dumu",
                    "gw": "child",
                    "sense": "child",
                    "norm": "dumu",
                    "pos": "N",
                    "epos": "N",
                    "base": "dumu",
                    "morph": "N1=dumu",
                    "morph2": "N1=STEM"
                  }
                },
                {
                  "node": "l",
                  "id": "Q001969.l05dfa",
                  "ref": "Q001969.6.2",
                  "inst": "Luinanak[1]PN\\gen\\abs",
                  "sig": "@etcsri%sux:lu₂-{d}inana\\gen\\abs=Luinanak[1//1]PN'PN$Luinanak.ak.ø/lu₂-{d}inana#N1=Luinanak.N5=ak.N5=ø##N1=NAME.N5=GEN.N5=ABS",
                  "f": {
                    "lang": "sux",
                    "form": "lu₂-{d}inana\\gen\\abs",
                    "cf": "Luinanak",
                    "gw": "1",
                    "sense": "1",
                    "norm": "Luinanak.ak.ø",
                    "pos": "PN",
                    "epos": "PN",
                    "base": "lu₂-{d}inana",
                    "morph": "N1=Luinanak.N5=ak.N5=ø",
                    "morph2": "N1=NAME.N5=GEN.N5=ABS"
                  }
                },
                {
                  "node": "d",
                  "type": "line-start",
                  "ref": "Q001969.7",
                  "n": "7",
                  "label": "7"
                },
                {
                  "node": "l",
                  "id": "Q001969.l05dfb",
                  "ref": "Q001969.7.1",
                  "inst": "arad[slave]\\abs +.",
                  "sig": "@etcsri%sux:arad₂-zu\\abs=arad[slave//slave, servant]N'N$arad.zu.ø/arad₂#N1=arad.N3=zu.N5=ø##N1=STEM.N3=2-SG-POSS.N5=ABS",
                  "f": {
                    "lang": "sux",
                    "form": "arad₂-zu\\abs",
                    "cf": "arad",
                    "gw": "slave",
                    "sense": "slave, servant",
                    "norm": "arad.zu.ø",
                    "pos": "N",
                    "epos": "N",
                    "base": "arad₂",
                    "morph": "N1=arad.N3=zu.N5=ø",
                    "morph2": "N1=STEM.N3=2-SG-POSS.N5=ABS"
                  }
                }
              ]
            }
          ]
        }
      ]
    }
  ]
}
