{
  "type": "cdl",
  "project": "etcsri",
  "source": "http://oracc.org/etcsri",
  "license": "This data is released under the CC0 license",
  "license-url": "https://creativecommons.org/publicdomain/zero/1.0/",
  "more-info": "http://oracc.org/doc/opendata/",
  "UTC-timestamp": "2017-06-21T22:35:54",
  "textid": "Q001844",
  "cdl": [
    {
      "node": "c",
      "type": "text",
      "id": "Q001844.U0",
      "cdl": [
        {
          "node": "c",
          "type": "discourse",
          "subtype": "body",
          "id": "Q001844.U1",
          "cdl": [
            {
              "node": "c",
              "type": "sentence",
              "tag": ".",
              "id": "Q001844.U2",
              "label": "1 - 8",
              "cdl": [
                {
                  "node": "d",
                  "type": "line-start",
                  "ref": "Q001844.1",
                  "n": "1",
                  "label": "1"
                },
                {
                  "node": "l",
                  "id": "Q001844.l04cfc",
                  "ref": "Q001844.1.1",
                  "inst": "Šusuen[1]",
                  "sig": "@etcsri%sux:{d}šu-{d}suen=Šusuen[1//4th king of the 3rd dynasty of Urim]RN'RN$Šusuen/{d}šu-{d}suen#N1=Šusuen##N1=NAME",
                  "f": {
                    "lang": "sux",
                    "form": "{d}šu-{d}suen",
                    "gdl": [
                      {
                        "det": "semantic",
                        "pos": "pre",
                        "seq": [
                          {
                            "v": "d",
                            "id": "Q001844.1.1.0"
                          }
                        ]
                      },
                      {
                        "v": "šu",
                        "id": "Q001844.1.1.1",
                        "delim": "-"
                      },
                      {
                        "det": "semantic",
                        "pos": "pre",
                        "seq": [
                          {
                            "v": "d",
                            "id": "Q001844.1.1.2"
                          }
                        ]
                      },
                      {
                        "v": "suen",
                        "id": "Q001844.1.1.3"
                      }
                    ],
                    "cf": "Šusuen",
                    "gw": "1",
                    "sense": "4th king of the 3rd dynasty of Urim",
                    "norm": "Šusuen",
                    "pos": "RN",
                    "epos": "RN",
                    "base": "{d}šu-{d}suen",
                    "morph": "N1=Šusuen",
                    "morph2": "N1=NAME"
                  }
                },
                {
                  "node": "d",
                  "type": "line-start",
                  "ref": "Q001844.2",
                  "n": "2",
                  "label": "2"
                },
                {
                  "node": "l",
                  "id": "Q001844.l04cfd",
                  "ref": "Q001844.2.1",
                  "inst": "lugal[king]",
                  "sig": "@etcsri%sux:lugal=lugal[king//king]N'N$lugal/lugal#N1=lugal##N1=STEM",
                  "f": {
                    "lang": "sux",
                    "form": "lugal",
                    "delim": " ",
                    "gdl": [
                      {
                        "v": "lugal",
                        "id": "Q001844.2.1.0"
                      }
                    ],
                    "cf": "lugal",
                    "gw": "king",
                    "sense": "king",
                    "norm": "lugal",
                    "pos": "N",
                    "epos": "N",
                    "base": "lugal",
                    "morph": "N1=lugal",
                    "morph2": "N1=STEM"
                  }
                },
                {
                  "node": "l",
                  "id": "Q001844.l04cfe",
                  "ref": "Q001844.2.2",
                  "inst": "kalag[strong]",
                  "sig": "@etcsri%sux:kalag-ga=kalag[strong//strong]V/i'V/i$kalag.'a/kalag#NV2=kalag.NV4='a##NV2=STEM.NV4=SUB",
                  "f": {
                    "lang": "sux",
                    "form": "kalag-ga",
                    "gdl": [
                      {
                        "v": "kalag",
                        "id": "Q001844.2.2.0",
                        "delim": "-"
                      },
                      {
                        "v": "ga",
                        "id": "Q001844.2.2.1"
                      }
                    ],
                    "cf": "kalag",
                    "gw": "strong",
                    "sense": "strong",
                    "norm": "kalag.'a",
                    "pos": "V/i",
                    "epos": "V/i",
                    "base": "kalag",
                    "morph": "NV2=kalag.NV4='a",
                    "morph2": "NV2=STEM.NV4=SUB"
                  }
                },
                {
                  "node": "d",
                  "type": "line-start",
                  "ref": "Q001844.3",
                  "n": "3",
                  "label": "3"
                },
                {
                  "node": "l",
                  "id": "Q001844.l04cff",
                  "ref": "Q001844.3.1",
                  "inst": "lugal[king]",
                  "sig": "@etcsri%sux:lugal=lugal[king//king]N'N$lugal/lugal#N1=lugal##N1=STEM",
                  "f": {
                    "lang": "sux",
                    "form": "lugal",
                    "delim": " ",
                    "gdl": [
                      {
                        "v": "lugal",
                        "id": "Q001844.3.1.0"
                      }
                    ],
                    "cf": "lugal",
                    "gw": "king",
                    "sense": "king",
                    "norm": "lugal",
                    "pos": "N",
                    "epos": "N",
                    "base": "lugal",
                    "morph": "N1=lugal",
                    "morph2": "N1=STEM"
                  }
                },
                {
                  "node": "l",
                  "id": "Q001844.l04d00",
                  "ref": "Q001844.3.2",
                  "inst": "Urim[1]",
                  "sig": "@etcsri%sux:urim₅{ki}-ma=Urim[1//1]SN'SN$Urim.ak/urim₅{ki}#N1=Urim.N5=ak##N1=NAME.N5=GEN",
                  "f": {
                    "lang": "sux",
                    "form": "urim₅{ki}-ma",
                    "gdl": [
                      {
                        "v": "urim₅",
                        "id": "Q001844.3.2.0"
                      },
                      {
                        "det": "semantic",
                        "pos": "post",
                        "delim": "-",
                        "seq": [
                          {
                            "v": "ki",
                            "id": "Q001844.3.2.1"
                          }
                        ]
                      },
                      {
                        "v": "ma",
                        "id": "Q001844.3.2.2"
                      }
                    ],
                    "cf": "Urim",
                    "gw": "1",
                    "sense": "1",
                    "norm": "Urim.ak",
                    "pos": "SN",
                    "epos": "SN",
                    "base": "urim₅{ki}",
                    "morph": "N1=Urim.N5=ak",
                    "morph2": "N1=NAME.N5=GEN"
                  }
                },
                {
                  "node": "d",
                  "type": "line-start",
                  "ref": "Q001844.4",
                  "n": "4",
                  "label": "4"
                },
                {
                  "node": "l",
                  "id": "Q001844.l04d01",
                  "ref": "Q001844.4.1",
                  "inst": "lugal[king]",
                  "sig": "@etcsri%sux:lugal=lugal[king//king]N'N$lugal/lugal#N1=lugal##N1=STEM",
                  "f": {
                    "lang": "sux",
                    "form": "lugal",
                    "delim": " ",
                    "gdl": [
                      {
                        "v": "lugal",
                        "id": "Q001844.4.1.0"
                      }
                    ],
                    "cf": "lugal",
                    "gw": "king",
                    "sense": "king",
                    "norm": "lugal",
                    "pos": "N",
                    "epos": "N",
                    "base": "lugal",
                    "morph": "N1=lugal",
                    "morph2": "N1=STEM"
                  }
                },
                {
                  "node": "l",
                  "id": "Q001844.l04d02",
                  "ref": "Q001844.4.2",
                  "inst": "anubda[quarter]",
                  "sig": "@etcsri%sux:an-ub-da=anubda[quarter//a cosmographic or geographic term, quarter (of the universe)]N'N$anubda/an-ub-da#N1=anubda##N1=STEM",
                  "f": {
                    "lang": "sux",
                    "form": "an-ub-da",
                    "delim": " ",
                    "gdl": [
                      {
                        "v": "an",
                        "id": "Q001844.4.2.0",
                        "delim": "-"
                      },
                      {
                        "v": "ub",
                        "id": "Q001844.4.2.1",
                        "delim": "-"
                      },
                      {
                        "v": "da",
                        "id": "Q001844.4.2.2"
                      }
                    ],
                    "cf": "anubda",
                    "gw": "quarter",
                    "sense": "a cosmographic or geographic term, quarter (of the universe)",
                    "norm": "anubda",
                    "pos": "N",
                    "epos": "N",
                    "base": "an-ub-da",
                    "morph": "N1=anubda",
                    "morph2": "N1=STEM"
                  }
                },
                {
                  "node": "l",
                  "id": "Q001844.l04d03",
                  "ref": "Q001844.4.3",
                  "inst": "limmu[four]\\abs",
                  "sig": "@etcsri%sux:limmu₂-ba\\abs=limmu[four//four]NU'NU$limmu.bi.ak.ø/limmu₂#NV2=limmu.N3=bi.N5=ak.N5=ø##NV2=STEM.N3=3-SG-NH-POSS.N5=GEN.N5=ABS",
                  "f": {
                    "lang": "sux",
                    "form": "limmu₂-ba",
                    "gdl": [
                      {
                        "v": "limmu₂",
                        "id": "Q001844.4.3.0",
                        "delim": "-"
                      },
                      {
                        "v": "ba",
                        "id": "Q001844.4.3.1"
                      }
                    ],
                    "cf": "limmu",
                    "gw": "four",
                    "sense": "four",
                    "norm": "limmu.bi.ak.ø",
                    "pos": "NU",
                    "epos": "NU",
                    "base": "limmu₂",
                    "morph": "NV2=limmu.N3=bi.N5=ak.N5=ø",
                    "morph2": "NV2=STEM.N3=3-SG-NH-POSS.N5=GEN.N5=ABS"
                  }
                },
                {
                  "node": "d",
                  "type": "line-start",
                  "ref": "Q001844.5",
                  "n": "5",
                  "label": "5"
                },
                {
                  "node": "l",
                  "id": "Q001844.l04d04",
                  "ref": "Q001844.5.1",
                  "inst": "Gududu[1]PN",
                  "sig": "@etcsri%sux:gu-du-du=Gududu[1//1]PN'PN$Gududu/gu-du-du#N1=Gududu##N1=NAME",
                  "f": {
                    "lang": "sux",
                    "form": "gu-du-du",
                    "gdl": [
                      {
                        "v": "gu",
                        "id": "Q001844.5.1.0",
                        "delim": "-"
                      },
                      {
                        "v": "du",
                        "id": "Q001844.5.1.1",
                        "delim": "-"
                      },
                      {
                        "v": "du",
                        "id": "Q001844.5.1.2"
                      }
                    ],
                    "cf": "Gududu",
                    "gw": "1",
                    "sense": "1",
                    "norm": "Gududu",
                    "pos": "PN",
                    "epos": "PN",
                    "base": "gu-du-du",
                    "morph": "N1=Gududu",
                    "morph2": "N1=NAME"
                  }
                },
                {
                  "node": "d",
                  "type": "line-start",
                  "ref": "Q001844.6",
                  "n": "6",
                  "label": "6"
                },
                {
                  "node": "l",
                  "id": "Q001844.l04d05",
                  "ref": "Q001844.6.1",
                  "inst": "dubsar[scribe]",
                  "sig": "@etcsri%sux:dub-sar=dubsar[scribe//scribe]N'N$dubsar/dub-sar#N1=dubsar##N1=STEM",
                  "f": {
                    "lang": "sux",
                    "form": "dub-sar",
                    "gdl": [
                      {
                        "v": "dub",
                        "id": "Q001844.6.1.0",
                        "delim": "-"
                      },
                      {
                        "v": "sar",
                        "id": "Q001844.6.1.1"
                      }
                    ],
                    "cf": "dubsar",
                    "gw": "scribe",
                    "sense": "scribe",
                    "norm": "dubsar",
                    "pos": "N",
                    "epos": "N",
                    "base": "dub-sar",
                    "morph": "N1=dubsar",
                    "morph2": "N1=STEM"
                  }
                },
                {
                  "node": "d",
                  "type": "line-start",
                  "ref": "Q001844.7",
                  "n": "7",
                  "label": "7"
                },
                {
                  "node": "l",
                  "id": "Q001844.l04d06",
                  "ref": "Q001844.7.1",
                  "inst": "dumu[child]",
                  "sig": "@etcsri%sux:dumu=dumu[child//child]N'N$dumu/dumu#N1=dumu##N1=STEM",
                  "f": {
                    "lang": "sux",
                    "form": "dumu",
                    "delim": " ",
                    "gdl": [
                      {
                        "v": "dumu",
                        "id": "Q001844.7.1.0"
                      }
                    ],
                    "cf": "dumu",
                    "gw": "child",
                    "sense": "child",
                    "norm": "dumu",
                    "pos": "N",
                    "epos": "N",
                    "base": "dumu",
                    "morph": "N1=dumu",
                    "morph2": "N1=STEM"
                  }
                },
                {
                  "node": "l",
                  "id": "Q001844.l04d07",
                  "ref": "Q001844.7.2",
                  "inst": "Dadaga[1]PN\\gen\\abs",
                  "sig": "@etcsri%sux:da-da-ga\\gen\\abs=Dadaga[1//Governor of Umma]PN'PN$Dadaga.ak.ø/da-da-ga#N1=Dadaga.N5=ak.N5=ø##N1=NAME.N5=GEN.N5=ABS",
                  "f": {
                    "lang": "sux",
                    "form": "da-da-ga",
                    "gdl": [
                      {
                        "v": "da",
                        "id": "Q001844.7.2.0",
                        "delim": "-"
                      },
                      {
                        "v": "da",
                        "id": "Q001844.7.2.1",
                        "delim": "-"
                      },
                      {
                        "v": "ga",
                        "id": "Q001844.7.2.2"
                      }
                    ],
                    "cf": "Dadaga",
                    "gw": "1",
                    "sense": "Governor of Umma",
                    "norm": "Dadaga.ak.ø",
                    "pos": "PN",
                    "epos": "PN",
                    "base": "da-da-ga",
                    "morph": "N1=Dadaga.N5=ak.N5=ø",
                    "morph2": "N1=NAME.N5=GEN.N5=ABS"
                  }
                },
                {
                  "node": "d",
                  "type": "line-start",
                  "ref": "Q001844.8",
                  "n": "8",
                  "label": "8"
                },
                {
                  "node": "l",
                  "id": "Q001844.l04d08",
                  "ref": "Q001844.8.1",
                  "inst": "arad[slave]\\abs +.",
                  "sig": "@etcsri%sux:arad₂-zu\\abs=arad[slave//slave, servant]N'N$arad.zu.ø/arad₂#N1=arad.N3=zu.N5=ø##N1=STEM.N3=2-SG-POSS.N5=ABS",
                  "f": {
                    "lang": "sux",
                    "form": "arad₂-zu",
                    "gdl": [
                      {
                        "v": "arad₂",
                        "id": "Q001844.8.1.0",
                        "delim": "-"
                      },
                      {
                        "v": "zu",
                        "id": "Q001844.8.1.1"
                      }
                    ],
                    "cf": "arad",
                    "gw": "slave",
                    "sense": "slave, servant",
                    "norm": "arad.zu.ø",
                    "pos": "N",
                    "epos": "N",
                    "base": "arad₂",
                    "morph": "N1=arad.N3=zu.N5=ø",
                    "morph2": "N1=STEM.N3=2-SG-POSS.N5=ABS"
                  }
                }
              ]
            }
          ]
        }
      ]
    }
  ]
}
