{
  "type": "cdl",
  "project": "etcsri",
  "source": "http://oracc.org/etcsri",
  "license": "This data is released under the CC0 license",
  "license-url": "https://creativecommons.org/publicdomain/zero/1.0/",
  "more-info": "http://oracc.org/doc/opendata/",
  "UTC-timestamp": "2017-06-21T22:35:28",
  "textid": "Q001604",
  "cdl": [
    {
      "node": "c",
      "type": "text",
      "id": "Q001604.U0",
      "cdl": [
        {
          "node": "d",
          "type": "nonx",
          "ref": "Q001604.1",
          "strict": "1",
          "extent": "n",
          "scope": "line",
          "state": "missing"
        },
        {
          "node": "c",
          "type": "discourse",
          "subtype": "body",
          "id": "Q001604.U1",
          "cdl": [
            {
              "node": "c",
              "type": "sentence",
              "tag": ".",
              "id": "Q001604.U2",
              "label": "1' - 3'",
              "cdl": [
                {
                  "node": "d",
                  "type": "line-start",
                  "ref": "Q001604.2",
                  "n": "1'",
                  "label": "1'"
                },
                {
                  "node": "l",
                  "id": "Q001604.l036af",
                  "ref": "Q001604.2.1",
                  "inst": "Šul-X[1]DN",
                  "sig": "@etcsri%sux:{d}šul-x=Šul-X[1//1]DN'DN$Šul-X/{d}šul-x#N1=Šul-X##N1=NAME",
                  "f": {
                    "lang": "sux",
                    "form": "{d}šul-x",
                    "gdl": [
                      {
                        "det": "semantic",
                        "pos": "pre",
                        "seq": [
                          {
                            "v": "d",
                            "id": "Q001604.2.1.0"
                          }
                        ]
                      },
                      {
                        "v": "šul",
                        "id": "Q001604.2.1.1",
                        "break": "damaged",
                        "ho": "1",
                        "delim": "-",
                        "hc": "1"
                      },
                      {
                        "x": "ellipsis",
                        "id": "Q001604.2.1.2",
                        "breakStart": "1",
                        "break": "missing",
                        "o": "]",
                        "breakEnd": "Q001604.2.1.2"
                      }
                    ],
                    "cf": "Šul-X",
                    "gw": "1",
                    "sense": "1",
                    "norm": "Šul-X",
                    "pos": "DN",
                    "epos": "DN",
                    "base": "{d}šul-x",
                    "morph": "N1=Šul-X",
                    "morph2": "N1=NAME"
                  }
                },
                {
                  "node": "d",
                  "type": "line-start",
                  "ref": "Q001604.3",
                  "n": "2'",
                  "label": "2'"
                },
                {
                  "node": "l",
                  "id": "Q001604.l036b0",
                  "ref": "Q001604.3.1",
                  "inst": "dijir[deity]\\dat",
                  "sig": "@etcsri%sux:diŋir-ra-ni\\dat=diŋir[deity//deity, personal god]N'N$diŋir.ani.ra/diŋir#N1=diŋir.N3=ani.N5=ra##N1=STEM.N3=3-SG-H-POSS.N5=DAT-H",
                  "f": {
                    "lang": "sux",
                    "form": "diŋir-ra-ni",
                    "gdl": [
                      {
                        "v": "diŋir",
                        "id": "Q001604.3.1.0",
                        "delim": "-"
                      },
                      {
                        "v": "ra",
                        "id": "Q001604.3.1.1",
                        "delim": "-"
                      },
                      {
                        "v": "ni",
                        "id": "Q001604.3.1.2",
                        "breakStart": "1",
                        "o": "]",
                        "break": "missing",
                        "breakEnd": "Q001604.3.1.2"
                      }
                    ],
                    "cf": "diŋir",
                    "gw": "deity",
                    "sense": "deity, personal god",
                    "norm": "diŋir.ani.ra",
                    "pos": "N",
                    "epos": "N",
                    "base": "diŋir",
                    "morph": "N1=diŋir.N3=ani.N5=ra",
                    "morph2": "N1=STEM.N3=3-SG-H-POSS.N5=DAT-H"
                  }
                },
                {
                  "node": "d",
                  "type": "line-start",
                  "ref": "Q001604.4",
                  "n": "3'",
                  "label": "3'"
                },
                {
                  "node": "l",
                  "id": "Q001604.l036b1",
                  "ref": "Q001604.4.1",
                  "inst": "e[leave]",
                  "sig": "@etcsri%sux:e₃-a=e[leave//to leave, go out]V/i'V/i$e.'a/e₃#NV2=e.NV4='a##NV2=STEM.NV4=SUB",
                  "f": {
                    "lang": "sux",
                    "form": "e₃-a",
                    "delim": " ",
                    "gdl": [
                      {
                        "v": "e₃",
                        "id": "Q001604.4.1.0",
                        "delim": "-"
                      },
                      {
                        "v": "a",
                        "id": "Q001604.4.1.1"
                      }
                    ],
                    "cf": "e",
                    "gw": "leave",
                    "sense": "to leave, go out",
                    "norm": "e.'a",
                    "pos": "V/i",
                    "epos": "V/i",
                    "base": "e₃",
                    "morph": "NV2=e.NV4='a",
                    "morph2": "NV2=STEM.NV4=SUB"
                  }
                },
                {
                  "node": "l",
                  "id": "Q001604.l036b2",
                  "ref": "Q001604.4.2",
                  "inst": "u +.",
                  "f": {
                    "lang": "sux",
                    "form": "x-x",
                    "gdl": [
                      {
                        "v": "x",
                        "id": "Q001604.4.2.0",
                        "break": "damaged",
                        "ho": "1",
                        "delim": "-",
                        "hc": "1"
                      },
                      {
                        "v": "x",
                        "id": "Q001604.4.2.1",
                        "breakStart": "1",
                        "o": "]",
                        "break": "missing",
                        "breakEnd": "Q001604.4.2.1"
                      }
                    ],
                    "pos": "u"
                  }
                }
              ]
            }
          ]
        }
      ]
    }
  ]
}
