{
  "type": "cdl",
  "source": "http://oracc.org/etcsri",
  "license": "This data is released under the CC0 license",
  "license-url": "https://creativecommons.org/publicdomain/zero/1.0/",
  "more-info": "http://oracc.org/doc/opendata/",
  "UTC-timestamp": "2017-06-10T00:00:14",
  "project": "etcsri",
  "textid": "Q001851",
  "cdl": [
    {
      "node": "c",
      "type": "text",
      "id": "Q001851.U0",
      "cdl": [
        {
          "node": "c",
          "type": "discourse",
          "subtype": "body",
          "id": "Q001851.U1",
          "cdl": [
            {
              "node": "c",
              "type": "sentence",
              "tag": ".",
              "id": "Q001851.U2",
              "label": "o 1 - r 2",
              "cdl": [
                {
                  "node": "d",
                  "type": "line-start",
                  "ref": "Q001851.1",
                  "n": "1",
                  "label": "o 1"
                },
                {
                  "node": "l",
                  "id": "Q001851.l054a0",
                  "ref": "Q001851.1.1",
                  "inst": "Nanna[1]DN",
                  "sig": "@etcsri%sux:{d}nanna=Nanna[1//1]DN'DN$Nanna/{d}nanna#N1=Nanna##N1=NAME",
                  "f": {
                    "lang": "sux",
                    "form": "{d}nanna",
                    "cf": "Nanna",
                    "gw": "1",
                    "sense": "1",
                    "norm": "Nanna",
                    "pos": "DN",
                    "epos": "DN",
                    "base": "{d}nanna",
                    "morph": "N1=Nanna",
                    "morph2": "N1=NAME"
                  }
                },
                {
                  "node": "l",
                  "id": "Q001851.l054a1",
                  "ref": "Q001851.1.2",
                  "inst": "amar[young]",
                  "sig": "@etcsri%sux:amar=amar[young//young]N'N$amar/amar#N1=amar##N1=STEM",
                  "f": {
                    "lang": "sux",
                    "form": "amar",
                    "cf": "amar",
                    "gw": "young",
                    "sense": "young",
                    "norm": "amar",
                    "pos": "N",
                    "epos": "N",
                    "base": "amar",
                    "morph": "N1=amar",
                    "morph2": "N1=STEM"
                  }
                },
                {
                  "node": "l",
                  "id": "Q001851.l054a2",
                  "ref": "Q001851.1.3",
                  "inst": "banda[junior]",
                  "sig": "@etcsri%sux:ban₃-da=banda[junior//(to be) junior]V/i'V/i$banda/ban₃-da#NV2=banda##NV2=STEM",
                  "f": {
                    "lang": "sux",
                    "form": "ban₃-da",
                    "cf": "banda",
                    "gw": "junior",
                    "sense": "(to be) junior",
                    "norm": "banda",
                    "pos": "V/i",
                    "epos": "V/i",
                    "base": "ban₃-da",
                    "morph": "NV2=banda",
                    "morph2": "NV2=STEM"
                  }
                },
                {
                  "node": "l",
                  "id": "Q001851.l054a3",
                  "ref": "Q001851.1.4",
                  "inst": "An[1]DN",
                  "sig": "@etcsri%sux:an-na=An[1//1]DN'DN$An.ak/an#N1=An.N5=ak##N1=NAME.N5=GEN",
                  "f": {
                    "lang": "sux",
                    "form": "an-na",
                    "cf": "An",
                    "gw": "1",
                    "sense": "1",
                    "norm": "An.ak",
                    "pos": "DN",
                    "epos": "DN",
                    "base": "an",
                    "morph": "N1=An.N5=ak",
                    "morph2": "N1=NAME.N5=GEN"
                  }
                },
                {
                  "node": "d",
                  "type": "line-start",
                  "ref": "Q001851.2",
                  "n": "2",
                  "label": "o 2"
                },
                {
                  "node": "l",
                  "id": "Q001851.l054a4",
                  "ref": "Q001851.2.1",
                  "inst": "en[lord]",
                  "sig": "@etcsri%sux:en=en[lord//lord]N'N$en/en#N1=en##N1=STEM",
                  "f": {
                    "lang": "sux",
                    "form": "en",
                    "cf": "en",
                    "gw": "lord",
                    "sense": "lord",
                    "norm": "en",
                    "pos": "N",
                    "epos": "N",
                    "base": "en",
                    "morph": "N1=en",
                    "morph2": "N1=STEM"
                  }
                },
                {
                  "node": "l",
                  "id": "Q001851.l054a5",
                  "ref": "Q001851.2.2",
                  "inst": "dumusaj[first-born]",
                  "sig": "@etcsri%sux:dumu-saŋ=dumusaŋ[first-born//first-born]N'N$dumusaŋ/dumu-saŋ#N1=dumusaŋ##N1=STEM",
                  "f": {
                    "lang": "sux",
                    "form": "dumu-saŋ",
                    "cf": "dumusaŋ",
                    "gw": "first-born",
                    "sense": "first-born",
                    "norm": "dumusaŋ",
                    "pos": "N",
                    "epos": "N",
                    "base": "dumu-saŋ",
                    "morph": "N1=dumusaŋ",
                    "morph2": "N1=STEM"
                  }
                },
                {
                  "node": "l",
                  "id": "Q001851.l054a6",
                  "ref": "Q001851.2.3",
                  "inst": "Enlil[1]DN",
                  "sig": "@etcsri%sux:{d}en-lil₂-la₂=Enlil[1//1]DN'DN$Enlil.ak/{d}en-lil₂#N1=Enlil.N5=ak##N1=NAME.N5=GEN",
                  "f": {
                    "lang": "sux",
                    "form": "{d}en-lil₂-la₂",
                    "cf": "Enlil",
                    "gw": "1",
                    "sense": "1",
                    "norm": "Enlil.ak",
                    "pos": "DN",
                    "epos": "DN",
                    "base": "{d}en-lil₂",
                    "morph": "N1=Enlil.N5=ak",
                    "morph2": "N1=NAME.N5=GEN"
                  }
                },
                {
                  "node": "d",
                  "type": "line-start",
                  "ref": "Q001851.3",
                  "n": "3",
                  "label": "o 3"
                },
                {
                  "node": "l",
                  "id": "Q001851.l054a7",
                  "ref": "Q001851.3.1",
                  "inst": "lugal[king]",
                  "sig": "@etcsri%sux:lugal-a-ni-ir=lugal[king//king]N'N$lugal.ani.ra/lugal#N1=lugal.N3=ani.N5=ra##N1=STEM.N3=3-SG-H-POSS.N5=DAT-H",
                  "f": {
                    "lang": "sux",
                    "form": "lugal-a-ni-ir",
                    "cf": "lugal",
                    "gw": "king",
                    "sense": "king",
                    "norm": "lugal.ani.ra",
                    "pos": "N",
                    "epos": "N",
                    "base": "lugal",
                    "morph": "N1=lugal.N3=ani.N5=ra",
                    "morph2": "N1=STEM.N3=3-SG-H-POSS.N5=DAT-H"
                  }
                },
                {
                  "node": "d",
                  "type": "line-start",
                  "ref": "Q001851.4",
                  "n": "4",
                  "label": "o 4"
                },
                {
                  "node": "l",
                  "id": "Q001851.l054a8",
                  "ref": "Q001851.4.1",
                  "inst": "Ibbisuen[1]RN",
                  "sig": "@etcsri%sux:{d}i-bi₂-{d}suen=Ibbisuen[1//5th king of the 3rd dynasty of Urim]RN'RN$Ibbisuen/{d}i-bi₂-{d}suen#N1=Ibbisuen##N1=NAME",
                  "f": {
                    "lang": "sux",
                    "form": "{d}i-bi₂-{d}suen",
                    "cf": "Ibbisuen",
                    "gw": "1",
                    "sense": "5th king of the 3rd dynasty of Urim",
                    "norm": "Ibbisuen",
                    "pos": "RN",
                    "epos": "RN",
                    "base": "{d}i-bi₂-{d}suen",
                    "morph": "N1=Ibbisuen",
                    "morph2": "N1=NAME"
                  }
                },
                {
                  "node": "d",
                  "type": "line-start",
                  "ref": "Q001851.5",
                  "n": "5",
                  "label": "o 5"
                },
                {
                  "node": "l",
                  "id": "Q001851.l054a9",
                  "ref": "Q001851.5.1",
                  "inst": "dijir[deity]",
                  "sig": "@etcsri%sux:diŋir=diŋir[deity//deity, personal god]N'N$diŋir/diŋir#N1=diŋir##N1=STEM",
                  "f": {
                    "lang": "sux",
                    "form": "diŋir",
                    "cf": "diŋir",
                    "gw": "deity",
                    "sense": "deity, personal god",
                    "norm": "diŋir",
                    "pos": "N",
                    "epos": "N",
                    "base": "diŋir",
                    "morph": "N1=diŋir",
                    "morph2": "N1=STEM"
                  }
                },
                {
                  "node": "l",
                  "id": "Q001851.l054aa",
                  "ref": "Q001851.5.2",
                  "inst": "kalam[land]\\gen",
                  "sig": "@etcsri%sux:kalam-ma-na\\gen=kalam[land//the Land (of Sumer)]N'N$kalam.ani.ak/kalam#N1=kalam.N3=ani.N5=ak##N1=STEM.N3=3-SG-H-POSS.N5=GEN",
                  "f": {
                    "lang": "sux",
                    "form": "kalam-ma-na\\gen",
                    "cf": "kalam",
                    "gw": "land",
                    "sense": "the Land (of Sumer)",
                    "norm": "kalam.ani.ak",
                    "pos": "N",
                    "epos": "N",
                    "base": "kalam",
                    "morph": "N1=kalam.N3=ani.N5=ak",
                    "morph2": "N1=STEM.N3=3-SG-H-POSS.N5=GEN"
                  }
                },
                {
                  "node": "d",
                  "type": "line-start",
                  "ref": "Q001851.6",
                  "n": "6",
                  "label": "o 6"
                },
                {
                  "node": "l",
                  "id": "Q001851.l054ab",
                  "ref": "Q001851.6.1",
                  "inst": "lugal[king]",
                  "sig": "@etcsri%sux:lugal=lugal[king//king]N'N$lugal/lugal#N1=lugal##N1=STEM",
                  "f": {
                    "lang": "sux",
                    "form": "lugal",
                    "cf": "lugal",
                    "gw": "king",
                    "sense": "king",
                    "norm": "lugal",
                    "pos": "N",
                    "epos": "N",
                    "base": "lugal",
                    "morph": "N1=lugal",
                    "morph2": "N1=STEM"
                  }
                },
                {
                  "node": "l",
                  "id": "Q001851.l054ac",
                  "ref": "Q001851.6.2",
                  "inst": "kalag[strong]",
                  "sig": "@etcsri%sux:kalag-ga=kalag[strong//strong]V/i'V/i$kalag.'a/kalag#NV2=kalag.NV4='a##NV2=STEM.NV4=SUB",
                  "f": {
                    "lang": "sux",
                    "form": "kalag-ga",
                    "cf": "kalag",
                    "gw": "strong",
                    "sense": "strong",
                    "norm": "kalag.'a",
                    "pos": "V/i",
                    "epos": "V/i",
                    "base": "kalag",
                    "morph": "NV2=kalag.NV4='a",
                    "morph2": "NV2=STEM.NV4=SUB"
                  }
                },
                {
                  "node": "d",
                  "type": "line-start",
                  "ref": "Q001851.7",
                  "n": "7",
                  "label": "o 7"
                },
                {
                  "node": "l",
                  "id": "Q001851.l054ad",
                  "ref": "Q001851.7.1",
                  "inst": "lugal[king]",
                  "sig": "@etcsri%sux:lugal=lugal[king//king]N'N$lugal/lugal#N1=lugal##N1=STEM",
                  "f": {
                    "lang": "sux",
                    "form": "lugal",
                    "cf": "lugal",
                    "gw": "king",
                    "sense": "king",
                    "norm": "lugal",
                    "pos": "N",
                    "epos": "N",
                    "base": "lugal",
                    "morph": "N1=lugal",
                    "morph2": "N1=STEM"
                  }
                },
                {
                  "node": "l",
                  "id": "Q001851.l054ae",
                  "ref": "Q001851.7.2",
                  "inst": "Urim[1]SN",
                  "sig": "@etcsri%sux:urim₅{ki}-ma=Urim[1//1]SN'SN$Urim.ak/urim₅{ki}#N1=Urim.N5=ak##N1=NAME.N5=GEN",
                  "f": {
                    "lang": "sux",
                    "form": "urim₅{ki}-ma",
                    "cf": "Urim",
                    "gw": "1",
                    "sense": "1",
                    "norm": "Urim.ak",
                    "pos": "SN",
                    "epos": "SN",
                    "base": "urim₅{ki}",
                    "morph": "N1=Urim.N5=ak",
                    "morph2": "N1=NAME.N5=GEN"
                  }
                },
                {
                  "node": "d",
                  "type": "line-start",
                  "ref": "Q001851.8",
                  "n": "8",
                  "label": "o 8"
                },
                {
                  "node": "l",
                  "id": "Q001851.l054af",
                  "ref": "Q001851.8.1",
                  "inst": "lugal[king]",
                  "sig": "@etcsri%sux:lugal=lugal[king//king]N'N$lugal/lugal#N1=lugal##N1=STEM",
                  "f": {
                    "lang": "sux",
                    "form": "lugal",
                    "cf": "lugal",
                    "gw": "king",
                    "sense": "king",
                    "norm": "lugal",
                    "pos": "N",
                    "epos": "N",
                    "base": "lugal",
                    "morph": "N1=lugal",
                    "morph2": "N1=STEM"
                  }
                },
                {
                  "node": "l",
                  "id": "Q001851.l054b0",
                  "ref": "Q001851.8.2",
                  "inst": "anubda[quarter]",
                  "sig": "@etcsri%sux:an-ub-da=anubda[quarter//a cosmographic or geographic term, quarter (of the universe)]N'N$anubda/an-ub-da#N1=anubda##N1=STEM",
                  "f": {
                    "lang": "sux",
                    "form": "an-ub-da",
                    "cf": "anubda",
                    "gw": "quarter",
                    "sense": "a cosmographic or geographic term, quarter (of the universe)",
                    "norm": "anubda",
                    "pos": "N",
                    "epos": "N",
                    "base": "an-ub-da",
                    "morph": "N1=anubda",
                    "morph2": "N1=STEM"
                  }
                },
                {
                  "node": "l",
                  "id": "Q001851.l054b1",
                  "ref": "Q001851.8.3",
                  "inst": "limmu[four]",
                  "sig": "@etcsri%sux:limmu₂-ba-ke₄=limmu[four//four]NU'NU$limmu.bi.ak.e/limmu₂#NV2=limmu.N3=bi.N5=ak.N5=e##NV2=STEM.N3=3-SG-NH-POSS.N5=GEN.N5=ERG",
                  "f": {
                    "lang": "sux",
                    "form": "limmu₂-ba-ke₄",
                    "cf": "limmu",
                    "gw": "four",
                    "sense": "four",
                    "norm": "limmu.bi.ak.e",
                    "pos": "NU",
                    "epos": "NU",
                    "base": "limmu₂",
                    "morph": "NV2=limmu.N3=bi.N5=ak.N5=e",
                    "morph2": "NV2=STEM.N3=3-SG-NH-POSS.N5=GEN.N5=ERG"
                  }
                },
                {
                  "node": "d",
                  "type": "line-start",
                  "ref": "Q001851.9",
                  "n": "9",
                  "label": "o 9"
                },
                {
                  "node": "l",
                  "id": "Q001851.l054b2",
                  "ref": "Q001851.9.1",
                  "inst": "ur[dog]",
                  "sig": "@etcsri%sux:ur=ur[dog//dog, lion]N'N$ur/ur#N1=ur##N1=STEM",
                  "f": {
                    "lang": "sux",
                    "form": "ur",
                    "cf": "ur",
                    "gw": "dog",
                    "sense": "dog, lion",
                    "norm": "ur",
                    "pos": "N",
                    "epos": "N",
                    "base": "ur",
                    "morph": "N1=ur",
                    "morph2": "N1=STEM"
                  }
                },
                {
                  "node": "l",
                  "id": "Q001851.l054b3",
                  "ref": "Q001851.9.2",
                  "inst": "gunu[speckled]",
                  "sig": "@etcsri%sux:gun₃-a=gunu[speckled//(to be) speckled, multicolored]V/i'V/i$gunu.'a/gun₃#NV2=gunu.NV4='a##NV2=STEM.NV4=SUB",
                  "f": {
                    "lang": "sux",
                    "form": "gun₃-a",
                    "cf": "gunu",
                    "gw": "speckled",
                    "sense": "(to be) speckled, multicolored",
                    "norm": "gunu.'a",
                    "pos": "V/i",
                    "epos": "V/i",
                    "base": "gun₃",
                    "morph": "NV2=gunu.NV4='a",
                    "morph2": "NV2=STEM.NV4=SUB"
                  }
                },
                {
                  "node": "l",
                  "id": "Q001851.l054b4",
                  "ref": "Q001851.9.3",
                  "inst": "Meluha[1]GN\\gen",
                  "sig": "@etcsri%sux:me-luh-ha{ki}\\gen=Meluha[1//1]GN'GN$Meluha.ak/me-luh-ha{ki}#N1=Meluha.N5=ak##N1=NAME.N5=GEN",
                  "f": {
                    "lang": "sux",
                    "form": "me-luh-ha{ki}\\gen",
                    "cf": "Meluha",
                    "gw": "1",
                    "sense": "1",
                    "norm": "Meluha.ak",
                    "pos": "GN",
                    "epos": "GN",
                    "base": "me-luh-ha{ki}",
                    "morph": "N1=Meluha.N5=ak",
                    "morph2": "N1=NAME.N5=GEN"
                  }
                },
                {
                  "node": "d",
                  "type": "line-start",
                  "ref": "Q001851.10",
                  "n": "10",
                  "label": "o 10"
                },
                {
                  "node": "l",
                  "id": "Q001851.l054b5",
                  "ref": "Q001851.10.1",
                  "inst": "Marhaši[1]GN",
                  "sig": "@etcsri%sux:mar-ha-ši{ki}-ta=Marhaši[1//1]GN'GN$Marhaši.ta/mar-ha-ši{ki}#N1=Marhaši.N5=ta##N1=NAME.N5=ABL",
                  "f": {
                    "lang": "sux",
                    "form": "mar-ha-ši{ki}-ta",
                    "cf": "Marhaši",
                    "gw": "1",
                    "sense": "1",
                    "norm": "Marhaši.ta",
                    "pos": "GN",
                    "epos": "GN",
                    "base": "mar-ha-ši{ki}",
                    "morph": "N1=Marhaši.N5=ta",
                    "morph2": "N1=NAME.N5=ABL"
                  }
                },
                {
                  "node": "d",
                  "type": "line-start",
                  "ref": "Q001851.11",
                  "n": "11",
                  "label": "o 11"
                },
                {
                  "node": "l",
                  "id": "Q001851.l054b6",
                  "ref": "Q001851.11.1",
                  "inst": "gun[load]",
                  "sig": "@etcsri%sux:gu₂-un-še₃=gun[load//load]N'N$gun.še/gu₂-un#N1=gun.N5=še##N1=STEM.N5=TERM",
                  "f": {
                    "lang": "sux",
                    "form": "gu₂-un-še₃",
                    "cf": "gun",
                    "gw": "load",
                    "sense": "load",
                    "norm": "gun.še",
                    "pos": "N",
                    "epos": "N",
                    "base": "gu₂-un",
                    "morph": "N1=gun.N5=še",
                    "morph2": "N1=STEM.N5=TERM"
                  }
                },
                {
                  "node": "l",
                  "id": "Q001851.l054b7",
                  "ref": "Q001851.11.2",
                  "inst": "tum[lead]\\v11nh3a",
                  "sig": "@etcsri%sux:mu-na-ab-tum₂-ma-ni\\v11nh3a=tum[lead//to lead]V/t'V/t$mu.nn.a.b.tum.ø.'a.ani.x/tum₂#V4=mu.V6=nn.V7=a.V11=b.V12=tum.V14=ø.V15='a.N3=ani.N5=x##V4=VEN.V11=3-SG-NH-A.V12=STEM.V14=3-SG-P.V15=SUB.N3=3-SG-H-POSS.N5=X",
                  "f": {
                    "lang": "sux",
                    "form": "mu-na-ab-tum₂-ma-ni\\v11nh3a",
                    "cf": "tum",
                    "gw": "lead",
                    "sense": "to lead",
                    "norm": "mu.nn.a.b.tum.ø.'a.ani.x",
                    "pos": "V/t",
                    "epos": "V/t",
                    "base": "tum₂",
                    "morph": "V4=mu.V6=nn.V7=a.V11=b.V12=tum.V14=ø.V15='a.N3=ani.N5=x",
                    "morph2": "V4=VEN.V11=3-SG-NH-A.V12=STEM.V14=3-SG-P.V15=SUB.N3=3-SG-H-POSS.N5=X"
                  }
                },
                {
                  "node": "d",
                  "type": "line-start",
                  "ref": "Q001851.12",
                  "n": "1",
                  "label": "r 1"
                },
                {
                  "node": "l",
                  "id": "Q001851.l054b8",
                  "ref": "Q001851.12.1",
                  "inst": "tamszilum[image]\\abs",
                  "sig": "@etcsri%sux:tam-ši-lum-bi\\abs=tamšilum[image//image, likeness]N'N$tamšilum.bi.ø/tam-ši-lum#N1=tamšilum.N3=bi.N5=ø##N1=STEM.N3=3-SG-NH-POSS.N5=ABS",
                  "f": {
                    "lang": "sux",
                    "form": "tam-ši-lum-bi\\abs",
                    "cf": "tamšilum",
                    "gw": "image",
                    "sense": "image, likeness",
                    "norm": "tamšilum.bi.ø",
                    "pos": "N",
                    "epos": "N",
                    "base": "tam-ši-lum",
                    "morph": "N1=tamšilum.N3=bi.N5=ø",
                    "morph2": "N1=STEM.N3=3-SG-NH-POSS.N5=ABS"
                  }
                },
                {
                  "node": "d",
                  "type": "line-start",
                  "ref": "Q001851.13",
                  "n": "2",
                  "label": "r 2"
                },
                {
                  "node": "l",
                  "id": "Q001851.l054b9",
                  "ref": "Q001851.13.1",
                  "inst": "dim[create] +.",
                  "sig": "@etcsri%sux:mu-dim₂=dim[create//create]V/t'V/t$mu.n.dim.ø/dim₂#V4=mu.V11=n.V12=dim.V14=ø##V4=VEN.V11=3-SG-H-A.V12=STEM.V14=3-SG-P",
                  "f": {
                    "lang": "sux",
                    "form": "mu-dim₂",
                    "cf": "dim",
                    "gw": "create",
                    "sense": "create",
                    "norm": "mu.n.dim.ø",
                    "pos": "V/t",
                    "epos": "V/t",
                    "base": "dim₂",
                    "morph": "V4=mu.V11=n.V12=dim.V14=ø",
                    "morph2": "V4=VEN.V11=3-SG-H-A.V12=STEM.V14=3-SG-P"
                  }
                }
              ]
            },
            {
              "node": "c",
              "type": "sentence",
              "tag": ".",
              "id": "Q001851.U4",
              "label": "r 3 - r 4",
              "cdl": [
                {
                  "node": "d",
                  "type": "line-start",
                  "ref": "Q001851.14",
                  "n": "3",
                  "label": "r 3"
                },
                {
                  "node": "l",
                  "id": "Q001851.l054ba",
                  "ref": "Q001851.14.1",
                  "inst": "namtil[life]",
                  "sig": "@etcsri%sux:nam-til₃-la-ni-še₃=namtil[life//life]N'N$namtil.ani.še/nam-til₃#N1=namtil.N3=ani.N5=še##N1=STEM.N3=3-SG-H-POSS.N5=TERM",
                  "f": {
                    "lang": "sux",
                    "form": "nam-til₃-la-ni-še₃",
                    "cf": "namtil",
                    "gw": "life",
                    "sense": "life",
                    "norm": "namtil.ani.še",
                    "pos": "N",
                    "epos": "N",
                    "base": "nam-til₃",
                    "morph": "N1=namtil.N3=ani.N5=še",
                    "morph2": "N1=STEM.N3=3-SG-H-POSS.N5=TERM"
                  }
                },
                {
                  "node": "d",
                  "type": "line-start",
                  "ref": "Q001851.15",
                  "n": "4",
                  "label": "r 4"
                },
                {
                  "node": "c",
                  "type": "phrase",
                  "tag": "phr",
                  "id": "Q001851.U11",
                  "ref": "Q001851.ls00000",
                  "cdl": [
                    {
                      "node": "l",
                      "id": "Q001851.l054bb",
                      "ref": "Q001851.15.1",
                      "inst": "a[water]\\abs",
                      "sig": "@etcsri%sux:a\\abs=a[water//water]N'N$a.ø/a#N1=a.N5=ø##N1=STEM.N5=ABS",
                      "f": {
                        "lang": "sux",
                        "form": "a\\abs",
                        "cf": "a",
                        "gw": "water",
                        "sense": "water",
                        "norm": "a.ø",
                        "pos": "N",
                        "epos": "N",
                        "base": "a",
                        "morph": "N1=a.N5=ø",
                        "morph2": "N1=STEM.N5=ABS"
                      }
                    },
                    {
                      "node": "l",
                      "id": "Q001851.l054bc",
                      "ref": "Q001851.15.2",
                      "inst": "ru[cvve] +.",
                      "sig": "@etcsri%sux:mu-na-ru=ru[cvve//(compound verb verbal element)]V/t'V/t$mu.nn.a.n.ru.ø/ru#V4=mu.V6=nn.V7=a.V11=n.V12=ru.V14=ø##V4=VEN.V6=3-SG-H.V7=DAT.V11=3-SG-H-A.V12=STEM.V14=3-SG-P",
                      "f": {
                        "lang": "sux",
                        "form": "mu-na-ru",
                        "cf": "ru",
                        "gw": "cvve",
                        "sense": "(compound verb verbal element)",
                        "norm": "mu.nn.a.n.ru.ø",
                        "pos": "V/t",
                        "epos": "V/t",
                        "base": "ru",
                        "morph": "V4=mu.V6=nn.V7=a.V11=n.V12=ru.V14=ø",
                        "morph2": "V4=VEN.V6=3-SG-H.V7=DAT.V11=3-SG-H-A.V12=STEM.V14=3-SG-P"
                      }
                    }
                  ]
                }
              ]
            },
            {
              "node": "c",
              "type": "sentence",
              "tag": ".",
              "id": "Q001851.U6",
              "label": "r 5 - r 6",
              "cdl": [
                {
                  "node": "d",
                  "type": "line-start",
                  "ref": "Q001851.16",
                  "n": "5",
                  "label": "r 5"
                },
                {
                  "node": "l",
                  "id": "Q001851.l054bd",
                  "ref": "Q001851.16.1",
                  "inst": "ur[dog]",
                  "sig": "@etcsri%sux:ur=ur[dog//dog, lion]N'N$ur/ur#N1=ur##N1=STEM",
                  "f": {
                    "lang": "sux",
                    "form": "ur",
                    "cf": "ur",
                    "gw": "dog",
                    "sense": "dog, lion",
                    "norm": "ur",
                    "pos": "N",
                    "epos": "N",
                    "base": "ur",
                    "morph": "N1=ur",
                    "morph2": "N1=STEM"
                  }
                },
                {
                  "node": "l",
                  "id": "Q001851.l054be",
                  "ref": "Q001851.16.2",
                  "inst": "gunu[speckled]",
                  "sig": "@etcsri%sux:gun₃-a-ba=gunu[speckled//(to be) speckled, multicolored]V/i'V/i$gunu.'a.bi.ak/gun₃#NV2=gunu.NV4='a.N3=bi.N5=ak##NV2=STEM.NV4=SUB.N3=DEM2.N5=GEN",
                  "f": {
                    "lang": "sux",
                    "form": "gun₃-a-ba",
                    "cf": "gunu",
                    "gw": "speckled",
                    "sense": "(to be) speckled, multicolored",
                    "norm": "gunu.'a.bi.ak",
                    "pos": "V/i",
                    "epos": "V/i",
                    "base": "gun₃",
                    "morph": "NV2=gunu.NV4='a.N3=bi.N5=ak",
                    "morph2": "NV2=STEM.NV4=SUB.N3=DEM2.N5=GEN"
                  }
                },
                {
                  "node": "d",
                  "type": "line-start",
                  "ref": "Q001851.17",
                  "n": "6",
                  "label": "r 6"
                },
                {
                  "node": "l",
                  "id": "Q001851.l054bf",
                  "ref": "Q001851.17.1",
                  "inst": "dab[seize]\\v14sg3s +.",
                  "sig": "@etcsri%sux:he₂-dab₅\\v14sg3s=dab[seize//to seize, to take, to hold]V/t'V/t$ha.i.dab.ø/dab₅#V1=ha.V2=i.V14=dab.V14=ø##V1=MOD1.V2=FIN.V14=STEM.V14=3-SG-S",
                  "f": {
                    "lang": "sux",
                    "form": "he₂-dab₅\\v14sg3s",
                    "cf": "dab",
                    "gw": "seize",
                    "sense": "to seize, to take, to hold",
                    "norm": "ha.i.dab.ø",
                    "pos": "V/t",
                    "epos": "V/t",
                    "base": "dab₅",
                    "morph": "V1=ha.V2=i.V14=dab.V14=ø",
                    "morph2": "V1=MOD1.V2=FIN.V14=STEM.V14=3-SG-S"
                  }
                }
              ]
            },
            {
              "node": "c",
              "type": "sentence",
              "tag": ".",
              "id": "Q001851.U8",
              "label": "r 7 - r 7",
              "cdl": [
                {
                  "node": "d",
                  "type": "line-start",
                  "ref": "Q001851.18",
                  "n": "7",
                  "label": "r 7"
                },
                {
                  "node": "l",
                  "id": "Q001851.l054c0",
                  "ref": "Q001851.18.1",
                  "inst": "mu[name] +.",
                  "sig": "@etcsri%sux:mu-bi-im=mu[name//name]N'N$mu.bi.ø.am/mu#N1=mu.N3=bi.N5=ø.N6=am##N1=STEM.N3=3-SG-NH-POSS.N5=ABS.N6=COP-3-SG",
                  "f": {
                    "lang": "sux",
                    "form": "mu-bi-im",
                    "cf": "mu",
                    "gw": "name",
                    "sense": "name",
                    "norm": "mu.bi.ø.am",
                    "pos": "N",
                    "epos": "N",
                    "base": "mu",
                    "morph": "N1=mu.N3=bi.N5=ø.N6=am",
                    "morph2": "N1=STEM.N3=3-SG-NH-POSS.N5=ABS.N6=COP-3-SG"
                  }
                }
              ]
            }
          ]
        }
      ]
    },
    {
      "linkbase": [
        {
          "type": "linkset",
          "xlink_title": "a ru[dedicate//dedicate]V/t'V/t",
          "id": "Q001851.ls00000",
          "xlink_type": "extended",
          "xlink_role": "psu",
          "sig": "{a\\abs mu-na-ru = a[water]N ru[cvve]V/t += a ru[dedicate//dedicate]V/t'V/t}::@etcsri%sux:a\\abs=a[water//water]N'N$a.ø/a#N1=a.N5=ø##N1=STEM.N5=ABS++@etcsri%sux:mu-na-ru=ru[cvve//(compound verb verbal element)]V/t'V/t$mu.nn.a.n.ru.ø/ru#V4=mu.V6=nn.V7=a.V11=n.V12=ru.V14=ø##V4=VEN.V6=3-SG-H.V7=DAT.V11=3-SG-H-A.V12=STEM.V14=3-SG-P",
          "links": [
            {
              "type": "link",
              "xlink_title": "a",
              "xlink_type": "locator",
              "xlink_href": "#Q001851.l054bb",
              "xlink_role": "elt"
            },
            {
              "type": "link",
              "xlink_title": "ru",
              "xlink_type": "locator",
              "xlink_href": "#Q001851.l054bc",
              "xlink_role": "elt"
            }
          ]
        }
      ]
    }
  ]
}
