{
  "type": "cdl",
  "source": "http://oracc.org/etcsri",
  "license": "This data is released under the CC0 license",
  "license-url": "https://creativecommons.org/publicdomain/zero/1.0/",
  "more-info": "http://oracc.org/doc/opendata/",
  "UTC-timestamp": "2017-06-10T00:00:19",
  "project": "etcsri",
  "textid": "Q001558",
  "cdl": [
    {
      "node": "c",
      "type": "text",
      "id": "Q001558.U0",
      "cdl": [
        {
          "node": "c",
          "type": "discourse",
          "subtype": "body",
          "id": "Q001558.U1",
          "cdl": [
            {
              "node": "c",
              "type": "sentence",
              "tag": ".",
              "id": "Q001558.U2",
              "label": "i 1 - ii 3'",
              "cdl": [
                {
                  "node": "d",
                  "type": "line-start",
                  "ref": "Q001558.1",
                  "n": "1",
                  "label": "i 1"
                },
                {
                  "node": "l",
                  "id": "Q001558.l02f49",
                  "ref": "Q001558.1.1",
                  "inst": "Nisabak[1]DN",
                  "sig": "@etcsri%sux:{d}nisaba=Nisabak[1//1]DN'DN$Nisabak/{d}nisaba#N1=Nisabak##N1=NAME",
                  "f": {
                    "lang": "sux",
                    "form": "{d}nisaba",
                    "cf": "Nisabak",
                    "gw": "1",
                    "sense": "1",
                    "norm": "Nisabak",
                    "pos": "DN",
                    "epos": "DN",
                    "base": "{d}nisaba",
                    "morph": "N1=Nisabak",
                    "morph2": "N1=NAME"
                  }
                },
                {
                  "node": "d",
                  "type": "line-start",
                  "ref": "Q001558.2",
                  "n": "2",
                  "label": "i 2"
                },
                {
                  "node": "l",
                  "id": "Q001558.l02f4a",
                  "ref": "Q001558.2.1",
                  "inst": "nin[lady]",
                  "sig": "@etcsri%sux:nin=nin[lady//lady]N'N$nin/nin#N1=nin##N1=STEM",
                  "f": {
                    "lang": "sux",
                    "form": "nin",
                    "cf": "nin",
                    "gw": "lady",
                    "sense": "lady",
                    "norm": "nin",
                    "pos": "N",
                    "epos": "N",
                    "base": "nin",
                    "morph": "N1=nin",
                    "morph2": "N1=STEM"
                  }
                },
                {
                  "node": "l",
                  "id": "Q001558.l02f4b",
                  "ref": "Q001558.2.2",
                  "inst": "jesztug[ear]",
                  "sig": "@etcsri%sux:ŋeštug₂=ŋeštug[ear//ear]N'N$ŋeštug/ŋeštug₂#N1=ŋeštug##N1=STEM",
                  "f": {
                    "lang": "sux",
                    "form": "ŋeštug₂",
                    "cf": "ŋeštug",
                    "gw": "ear",
                    "sense": "ear",
                    "norm": "ŋeštug",
                    "pos": "N",
                    "epos": "N",
                    "base": "ŋeštug₂",
                    "morph": "N1=ŋeštug",
                    "morph2": "N1=STEM"
                  }
                },
                {
                  "node": "d",
                  "type": "line-start",
                  "ref": "Q001558.3",
                  "n": "3",
                  "label": "i 3"
                },
                {
                  "node": "l",
                  "id": "Q001558.l02f4c",
                  "ref": "Q001558.3.1",
                  "inst": "nin[lady]",
                  "sig": "@etcsri%sux:nin=nin[lady//lady]N'N$nin/nin#N1=nin##N1=STEM",
                  "f": {
                    "lang": "sux",
                    "form": "nin",
                    "cf": "nin",
                    "gw": "lady",
                    "sense": "lady",
                    "norm": "nin",
                    "pos": "N",
                    "epos": "N",
                    "base": "nin",
                    "morph": "N1=nin",
                    "morph2": "N1=STEM"
                  }
                },
                {
                  "node": "l",
                  "id": "Q001558.l02f4d",
                  "ref": "Q001558.3.2",
                  "inst": "u",
                  "f": {
                    "lang": "sux",
                    "form": "x",
                    "pos": "u"
                  }
                },
                {
                  "node": "d",
                  "type": "nonx",
                  "ref": "Q001558.4",
                  "strict": "1",
                  "extent": "rest",
                  "scope": "column",
                  "state": "missing"
                },
                {
                  "node": "d",
                  "type": "nonx",
                  "ref": "Q001558.5",
                  "strict": "1",
                  "extent": "n",
                  "scope": "line",
                  "state": "missing"
                },
                {
                  "node": "d",
                  "type": "line-start",
                  "ref": "Q001558.6",
                  "n": "1'",
                  "label": "ii 1'"
                },
                {
                  "node": "l",
                  "id": "Q001558.l02f4e",
                  "ref": "Q001558.6.1",
                  "inst": "magid[boatman]",
                  "sig": "@etcsri%sux:ma₂-gid₂=magid[boatman//boatman]N'N$magid/ma₂-gid₂#N1=magid##N1=STEM",
                  "f": {
                    "lang": "sux",
                    "form": "ma₂-gid₂",
                    "cf": "magid",
                    "gw": "boatman",
                    "sense": "boatman",
                    "norm": "magid",
                    "pos": "N",
                    "epos": "N",
                    "base": "ma₂-gid₂",
                    "morph": "N1=magid",
                    "morph2": "N1=STEM"
                  }
                },
                {
                  "node": "d",
                  "type": "line-start",
                  "ref": "Q001558.7",
                  "n": "2'",
                  "label": "ii 2'"
                },
                {
                  "node": "l",
                  "id": "Q001558.l02f4f",
                  "ref": "Q001558.7.1",
                  "inst": "Enlil[1]DN",
                  "sig": "@etcsri%sux:{d}en-lil₂-ke₄=Enlil[1//1]DN'DN$Enlil.ak.e/{d}en-lil₂#N1=Enlil.N5=ak.N5=e##N1=NAME.N5=GEN.N5=ERG",
                  "f": {
                    "lang": "sux",
                    "form": "{d}en-lil₂-ke₄",
                    "cf": "Enlil",
                    "gw": "1",
                    "sense": "1",
                    "norm": "Enlil.ak.e",
                    "pos": "DN",
                    "epos": "DN",
                    "base": "{d}en-lil₂",
                    "morph": "N1=Enlil.N5=ak.N5=e",
                    "morph2": "N1=NAME.N5=GEN.N5=ERG"
                  }
                },
                {
                  "node": "d",
                  "type": "line-start",
                  "ref": "Q001558.8",
                  "n": "3'",
                  "label": "ii 3'"
                },
                {
                  "node": "l",
                  "id": "Q001558.l02f50",
                  "ref": "Q001558.8.1",
                  "inst": "alan[statue]\\abs",
                  "sig": "@etcsri%sux:alan-na-ni\\abs=alan[statue//statue]N'N$alan.ani.ø/alan#N1=alan.N3=ani.N5=ø##N1=STEM.N3=3-SG-H-POSS.N5=ABS",
                  "f": {
                    "lang": "sux",
                    "form": "alan-na-ni\\abs",
                    "cf": "alan",
                    "gw": "statue",
                    "sense": "statue",
                    "norm": "alan.ani.ø",
                    "pos": "N",
                    "epos": "N",
                    "base": "alan",
                    "morph": "N1=alan.N3=ani.N5=ø",
                    "morph2": "N1=STEM.N3=3-SG-H-POSS.N5=ABS"
                  }
                },
                {
                  "node": "l",
                  "id": "Q001558.l02f51",
                  "ref": "Q001558.8.2",
                  "inst": "utud[bear//statue] +.",
                  "sig": "@etcsri%sux:mu-tud=utud[bear//fashion a statue, to bring a statue into being]V/t'V/t$mu.n.utud.ø/tud#V4=mu.V11=n.V12=utud.V14=ø##V4=VEN.V11=3-SG-H-A.V12=STEM.V14=3-SG-P",
                  "f": {
                    "lang": "sux",
                    "form": "mu-tud",
                    "cf": "utud",
                    "gw": "bear",
                    "sense": "fashion a statue, to bring a statue into being",
                    "norm": "mu.n.utud.ø",
                    "pos": "V/t",
                    "epos": "V/t",
                    "base": "tud",
                    "morph": "V4=mu.V11=n.V12=utud.V14=ø",
                    "morph2": "V4=VEN.V11=3-SG-H-A.V12=STEM.V14=3-SG-P"
                  }
                }
              ]
            },
            {
              "node": "c",
              "type": "sentence",
              "tag": ".",
              "id": "Q001558.U4",
              "label": "ii 4' - ii 5'",
              "cdl": [
                {
                  "node": "d",
                  "type": "line-start",
                  "ref": "Q001558.9",
                  "n": "4'",
                  "label": "ii 4'"
                },
                {
                  "node": "l",
                  "id": "Q001558.l02f52",
                  "ref": "Q001558.9.1",
                  "inst": "namtil[life]",
                  "sig": "@etcsri%sux:nam-til₃-la-ni-še₃=namtil[life//life]N'N$namtil.ani.še/nam-til₃#N1=namtil.N3=ani.N5=še##N1=STEM.N3=3-SG-H-POSS.N5=TERM",
                  "f": {
                    "lang": "sux",
                    "form": "nam-til₃-la-ni-še₃",
                    "cf": "namtil",
                    "gw": "life",
                    "sense": "life",
                    "norm": "namtil.ani.še",
                    "pos": "N",
                    "epos": "N",
                    "base": "nam-til₃",
                    "morph": "N1=namtil.N3=ani.N5=še",
                    "morph2": "N1=STEM.N3=3-SG-H-POSS.N5=TERM"
                  }
                },
                {
                  "node": "d",
                  "type": "line-start",
                  "ref": "Q001558.10",
                  "n": "5'",
                  "label": "ii 5'"
                },
                {
                  "node": "l",
                  "id": "Q001558.l02f53",
                  "ref": "Q001558.10.1",
                  "inst": "e[house]\\l1",
                  "sig": "@etcsri%sux:e₂-a\\l1=e[house//house, temple]N'N$e.'a/e₂#N1=e.N5='a##N1=STEM.N5=L1",
                  "f": {
                    "lang": "sux",
                    "form": "e₂-a\\l1",
                    "cf": "e",
                    "gw": "house",
                    "sense": "house, temple",
                    "norm": "e.'a",
                    "pos": "N",
                    "epos": "N",
                    "base": "e₂",
                    "morph": "N1=e.N5='a",
                    "morph2": "N1=STEM.N5=L1"
                  }
                },
                {
                  "node": "l",
                  "id": "Q001558.l02f54",
                  "ref": "Q001558.10.2",
                  "inst": "gub[stand] +.",
                  "sig": "@etcsri%sux:mu-na-ni-gub=gub[stand//stand]V/i'V/i$mu.nn.a.ni.n.gub.ø/gub#V4=mu.V6=nn.V7=a.V10=ni.V11=n.V12=gub.V14=ø##V4=VEN.V6=3-SG-H.V7=DAT.V10=L1.V11=3-SG-H-A.V12=STEM.V14=3-SG-P",
                  "f": {
                    "lang": "sux",
                    "form": "mu-na-ni-gub",
                    "cf": "gub",
                    "gw": "stand",
                    "sense": "stand",
                    "norm": "mu.nn.a.ni.n.gub.ø",
                    "pos": "V/i",
                    "epos": "V/i",
                    "base": "gub",
                    "morph": "V4=mu.V6=nn.V7=a.V10=ni.V11=n.V12=gub.V14=ø",
                    "morph2": "V4=VEN.V6=3-SG-H.V7=DAT.V10=L1.V11=3-SG-H-A.V12=STEM.V14=3-SG-P"
                  }
                }
              ]
            }
          ]
        }
      ]
    }
  ]
}
