{
  "type": "cdl",
  "source": "http://oracc.org/etcsri",
  "license": "This data is released under the CC0 license",
  "license-url": "https://creativecommons.org/publicdomain/zero/1.0/",
  "more-info": "http://oracc.org/doc/opendata/",
  "UTC-timestamp": "2017-06-10T00:00:26",
  "project": "etcsri",
  "textid": "Q001130",
  "cdl": [
    {
      "node": "c",
      "type": "text",
      "id": "Q001130.U0",
      "cdl": [
        {
          "node": "d",
          "type": "nonx",
          "ref": "Q001130.1",
          "strict": "1",
          "extent": "n",
          "scope": "line",
          "state": "missing"
        },
        {
          "node": "c",
          "type": "discourse",
          "subtype": "body",
          "id": "Q001130.U1",
          "cdl": [
            {
              "node": "c",
              "type": "sentence",
              "tag": ".",
              "id": "Q001130.U2",
              "label": "1' - 16'",
              "cdl": [
                {
                  "node": "d",
                  "type": "line-start",
                  "ref": "Q001130.2",
                  "n": "1'",
                  "label": "1'"
                },
                {
                  "node": "l",
                  "id": "Q001130.l015fc",
                  "ref": "Q001130.2.1",
                  "inst": "e[house]",
                  "sig": "@etcsri%sux:e₂=e[house//house, temple]N'N$e/e₂#N1=e##N1=STEM",
                  "f": {
                    "lang": "sux",
                    "form": "e₂",
                    "cf": "e",
                    "gw": "house",
                    "sense": "house, temple",
                    "norm": "e",
                    "pos": "N",
                    "epos": "N",
                    "base": "e₂",
                    "morph": "N1=e",
                    "morph2": "N1=STEM"
                  }
                },
                {
                  "node": "l",
                  "id": "Q001130.l015fd",
                  "ref": "Q001130.2.2",
                  "inst": "gal[big]",
                  "sig": "@etcsri%sux:gal=gal[big//(to be) big, great]V/i'V/i$gal/gal#NV2=gal##NV2=STEM",
                  "f": {
                    "lang": "sux",
                    "form": "gal",
                    "cf": "gal",
                    "gw": "big",
                    "sense": "(to be) big, great",
                    "norm": "gal",
                    "pos": "V/i",
                    "epos": "V/i",
                    "base": "gal",
                    "morph": "NV2=gal",
                    "morph2": "NV2=STEM"
                  }
                },
                {
                  "node": "l",
                  "id": "Q001130.l015fe",
                  "ref": "Q001130.2.3",
                  "inst": "Tiraš[1]TN\\abs",
                  "sig": "@etcsri%sux:ti-ra-aš₂-ka-ni\\abs=Tiraš[1//1]TN'TN$Tiraš.ak.ani.ø/ti-ra-aš₂#N1=Tiraš.N5=ak.N3=ani.N5=ø##N1=NAME.N5=GEN.N3=3-SG-H-POSS.N5=ABS",
                  "f": {
                    "lang": "sux",
                    "form": "ti-ra-aš₂-ka-ni\\abs",
                    "cf": "Tiraš",
                    "gw": "1",
                    "sense": "1",
                    "norm": "Tiraš.ak.ani.ø",
                    "pos": "TN",
                    "epos": "TN",
                    "base": "ti-ra-aš₂",
                    "morph": "N1=Tiraš.N5=ak.N3=ani.N5=ø",
                    "morph2": "N1=NAME.N5=GEN.N3=3-SG-H-POSS.N5=ABS"
                  }
                },
                {
                  "node": "d",
                  "type": "line-start",
                  "ref": "Q001130.3",
                  "n": "2'",
                  "label": "2'"
                },
                {
                  "node": "l",
                  "id": "Q001130.l015ff",
                  "ref": "Q001130.3.1",
                  "inst": "du[build]",
                  "sig": "@etcsri%sux:mu-na-du₃=du[build//to build]V/t'V/t$mu.nn.a.n.du.ø/du₃#V4=mu.V6=nn.V7=a.V11=n.V12=du.V14=ø##V4=VEN.V6=3-SG-H.V7=DAT.V11=3-SG-H-A.V12=STEM.V14=3-SG-P",
                  "f": {
                    "lang": "sux",
                    "form": "mu-na-du₃",
                    "cf": "du",
                    "gw": "build",
                    "sense": "to build",
                    "norm": "mu.nn.a.n.du.ø",
                    "pos": "V/t",
                    "epos": "V/t",
                    "base": "du₃",
                    "morph": "V4=mu.V6=nn.V7=a.V11=n.V12=du.V14=ø",
                    "morph2": "V4=VEN.V6=3-SG-H.V7=DAT.V11=3-SG-H-A.V12=STEM.V14=3-SG-P"
                  }
                },
                {
                  "node": "d",
                  "type": "line-start",
                  "ref": "Q001130.4",
                  "n": "3'",
                  "label": "3'"
                },
                {
                  "node": "l",
                  "id": "Q001130.l01600",
                  "ref": "Q001130.4.1",
                  "inst": "u",
                  "f": {
                    "lang": "sux",
                    "form": "x",
                    "pos": "u"
                  }
                },
                {
                  "node": "l",
                  "id": "Q001130.l01601",
                  "ref": "Q001130.4.2",
                  "inst": "lugal[king]\\abs",
                  "sig": "@etcsri%sux:lugal-ka-ni\\abs=lugal[king//king]N'N$lugal.ak.ani.ø/lugal#N1=lugal.N5=ak.N3=ani.N5=ø##N1=STEM.N5=GEN.N3=3-SG-H-POSS.N5=ABS",
                  "f": {
                    "lang": "sux",
                    "form": "lugal-ka-ni\\abs",
                    "cf": "lugal",
                    "gw": "king",
                    "sense": "king",
                    "norm": "lugal.ak.ani.ø",
                    "pos": "N",
                    "epos": "N",
                    "base": "lugal",
                    "morph": "N1=lugal.N5=ak.N3=ani.N5=ø",
                    "morph2": "N1=STEM.N5=GEN.N3=3-SG-H-POSS.N5=ABS"
                  }
                },
                {
                  "node": "d",
                  "type": "line-start",
                  "ref": "Q001130.5",
                  "n": "4'",
                  "label": "4'"
                },
                {
                  "node": "l",
                  "id": "Q001130.l01602",
                  "ref": "Q001130.5.1",
                  "inst": "du[build]",
                  "sig": "@etcsri%sux:mu-na-du₃=du[build//to build]V/t'V/t$mu.nn.a.n.du.ø/du₃#V4=mu.V6=nn.V7=a.V11=n.V12=du.V14=ø##V4=VEN.V6=3-SG-H.V7=DAT.V11=3-SG-H-A.V12=STEM.V14=3-SG-P",
                  "f": {
                    "lang": "sux",
                    "form": "mu-na-du₃",
                    "cf": "du",
                    "gw": "build",
                    "sense": "to build",
                    "norm": "mu.nn.a.n.du.ø",
                    "pos": "V/t",
                    "epos": "V/t",
                    "base": "du₃",
                    "morph": "V4=mu.V6=nn.V7=a.V11=n.V12=du.V14=ø",
                    "morph2": "V4=VEN.V6=3-SG-H.V7=DAT.V11=3-SG-H-A.V12=STEM.V14=3-SG-P"
                  }
                },
                {
                  "node": "d",
                  "type": "line-start",
                  "ref": "Q001130.6",
                  "n": "5'",
                  "label": "5'"
                },
                {
                  "node": "l",
                  "id": "Q001130.l01603",
                  "ref": "Q001130.6.1",
                  "inst": "Bau[1]DN\\dat",
                  "sig": "@etcsri%sux:{d}ba-u₂\\dat=Bau[1//1]DN'DN$Bau.ra/{d}ba-u₂#N1=Bau.N5=ra##N1=NAME.N5=DAT-H",
                  "f": {
                    "lang": "sux",
                    "form": "{d}ba-u₂\\dat",
                    "cf": "Bau",
                    "gw": "1",
                    "sense": "1",
                    "norm": "Bau.ra",
                    "pos": "DN",
                    "epos": "DN",
                    "base": "{d}ba-u₂",
                    "morph": "N1=Bau.N5=ra",
                    "morph2": "N1=NAME.N5=DAT-H"
                  }
                },
                {
                  "node": "d",
                  "type": "nonx",
                  "ref": "Q001130.7",
                  "strict": "1",
                  "extent": "1",
                  "scope": "line",
                  "state": "missing"
                },
                {
                  "node": "d",
                  "type": "line-start",
                  "ref": "Q001130.8",
                  "n": "7'",
                  "label": "7'"
                },
                {
                  "node": "l",
                  "id": "Q001130.l01604",
                  "ref": "Q001130.8.1",
                  "inst": "du[build]",
                  "sig": "@etcsri%sux:mu-na-du₃=du[build//to build]V/t'V/t$mu.nn.a.n.du.ø/du₃#V4=mu.V6=nn.V7=a.V11=n.V12=du.V14=ø##V4=VEN.V6=3-SG-H.V7=DAT.V11=3-SG-H-A.V12=STEM.V14=3-SG-P",
                  "f": {
                    "lang": "sux",
                    "form": "mu-na-du₃",
                    "cf": "du",
                    "gw": "build",
                    "sense": "to build",
                    "norm": "mu.nn.a.n.du.ø",
                    "pos": "V/t",
                    "epos": "V/t",
                    "base": "du₃",
                    "morph": "V4=mu.V6=nn.V7=a.V11=n.V12=du.V14=ø",
                    "morph2": "V4=VEN.V6=3-SG-H.V7=DAT.V11=3-SG-H-A.V12=STEM.V14=3-SG-P"
                  }
                },
                {
                  "node": "d",
                  "type": "line-start",
                  "ref": "Q001130.9",
                  "n": "8'",
                  "label": "8'"
                },
                {
                  "node": "l",
                  "id": "Q001130.l01605",
                  "ref": "Q001130.9.1",
                  "inst": "Irikaginak[1]RN",
                  "sig": "@etcsri%sux:iri-ka-gen₆-na=Irikaginak[1//Ruler of Lagaš]RN'RN$Irikaginak/iri-ka-gen₆-na#N1=Irikaginak##N1=NAME",
                  "f": {
                    "lang": "sux",
                    "form": "iri-ka-gen₆-na",
                    "cf": "Irikaginak",
                    "gw": "1",
                    "sense": "Ruler of Lagaš",
                    "norm": "Irikaginak",
                    "pos": "RN",
                    "epos": "RN",
                    "base": "iri-ka-gen₆-na",
                    "morph": "N1=Irikaginak",
                    "morph2": "N1=NAME"
                  }
                },
                {
                  "node": "d",
                  "type": "line-start",
                  "ref": "Q001130.10",
                  "n": "9'",
                  "label": "9'"
                },
                {
                  "node": "l",
                  "id": "Q001130.l01606",
                  "ref": "Q001130.10.1",
                  "inst": "lu[person]",
                  "sig": "@etcsri%sux:lu₂=lu[person//person]N'N$lu/lu₂#N1=lu##N1=STEM",
                  "f": {
                    "lang": "sux",
                    "form": "lu₂",
                    "cf": "lu",
                    "gw": "person",
                    "sense": "person",
                    "norm": "lu",
                    "pos": "N",
                    "epos": "N",
                    "base": "lu₂",
                    "morph": "N1=lu",
                    "morph2": "N1=STEM"
                  }
                },
                {
                  "node": "l",
                  "id": "Q001130.l01607",
                  "ref": "Q001130.10.2",
                  "inst": "Eŋidruk[1]TN",
                  "sig": "@etcsri%sux:e₂-ŋidru=Eŋidruk[1//E-ĝidru of Lagaš]TN'TN$Eŋidruk/e₂-ŋidru#N1=Eŋidruk##N1=NAME",
                  "f": {
                    "lang": "sux",
                    "form": "e₂-ŋidru",
                    "cf": "Eŋidruk",
                    "gw": "1",
                    "sense": "E-ĝidru of Lagaš",
                    "norm": "Eŋidruk",
                    "pos": "TN",
                    "epos": "TN",
                    "base": "e₂-ŋidru",
                    "morph": "N1=Eŋidruk",
                    "morph2": "N1=NAME"
                  }
                },
                {
                  "node": "d",
                  "type": "line-start",
                  "ref": "Q001130.11",
                  "n": "10'",
                  "label": "10'"
                },
                {
                  "node": "l",
                  "id": "Q001130.l01608",
                  "ref": "Q001130.11.1",
                  "inst": "Ninŋirsuk[1]DN\\abs",
                  "sig": "@etcsri%sux:{d}nin-ŋir₂-su-ka\\abs=Ninŋirsuk[1//1]DN'DN$Ninŋirsuk.ak.ø/{d}nin-ŋir₂-su#N1=Ninŋirsuk.N5=ak.N5=ø##N1=NAME.N5=GEN.N5=ABS",
                  "f": {
                    "lang": "sux",
                    "form": "{d}nin-ŋir₂-su-ka\\abs",
                    "cf": "Ninŋirsuk",
                    "gw": "1",
                    "sense": "1",
                    "norm": "Ninŋirsuk.ak.ø",
                    "pos": "DN",
                    "epos": "DN",
                    "base": "{d}nin-ŋir₂-su",
                    "morph": "N1=Ninŋirsuk.N5=ak.N5=ø",
                    "morph2": "N1=NAME.N5=GEN.N5=ABS"
                  }
                },
                {
                  "node": "l",
                  "id": "Q001130.l01609",
                  "ref": "Q001130.11.2",
                  "inst": "du[build]\\gen",
                  "sig": "@etcsri%sux:du₃-a\\gen=du[build//to build]V/t'V/t$du.'a.ak/du₃#NV2=du.NV4='a.N5=ak##NV2=STEM.NV4=SUB.N5=GEN",
                  "f": {
                    "lang": "sux",
                    "form": "du₃-a\\gen",
                    "cf": "du",
                    "gw": "build",
                    "sense": "to build",
                    "norm": "du.'a.ak",
                    "pos": "V/t",
                    "epos": "V/t",
                    "base": "du₃",
                    "morph": "NV2=du.NV4='a.N5=ak",
                    "morph2": "NV2=STEM.NV4=SUB.N5=GEN"
                  }
                },
                {
                  "node": "d",
                  "type": "line-start",
                  "ref": "Q001130.12",
                  "n": "11'",
                  "label": "11'"
                },
                {
                  "node": "l",
                  "id": "Q001130.l0160a",
                  "ref": "Q001130.12.1",
                  "inst": "dijir[deity]",
                  "sig": "@etcsri%sux:diŋir-ra-ni=diŋir[deity//deity, personal god]N'N$diŋir.ani/diŋir#N1=diŋir.N3=ani##N1=STEM.N3=3-SG-H-POSS",
                  "f": {
                    "lang": "sux",
                    "form": "diŋir-ra-ni",
                    "cf": "diŋir",
                    "gw": "deity",
                    "sense": "deity, personal god",
                    "norm": "diŋir.ani",
                    "pos": "N",
                    "epos": "N",
                    "base": "diŋir",
                    "morph": "N1=diŋir.N3=ani",
                    "morph2": "N1=STEM.N3=3-SG-H-POSS"
                  }
                },
                {
                  "node": "d",
                  "type": "line-start",
                  "ref": "Q001130.13",
                  "n": "12'",
                  "label": "12'"
                },
                {
                  "node": "l",
                  "id": "Q001130.l0160b",
                  "ref": "Q001130.13.1",
                  "inst": "Šul-MUŠ×PA[1]DN\\erg",
                  "sig": "@etcsri%sux:{d}šul-|MUŠ×PA|\\erg=Šul-MUŠ×PA[1//1]DN'DN$Šul-|MUŠ×PA|.e/{d}šul-|MUŠ×PA|#N1=Šul-|MUŠ×PA|.N5=e##N1=NAME.N5=ERG",
                  "f": {
                    "lang": "sux",
                    "form": "{d}šul-|MUŠ×PA|\\erg",
                    "cf": "Šul-MUŠ×PA",
                    "gw": "1",
                    "sense": "1",
                    "norm": "Šul-|MUŠ×PA|.e",
                    "pos": "DN",
                    "epos": "DN",
                    "base": "{d}šul-|MUŠ×PA|",
                    "morph": "N1=Šul-|MUŠ×PA|.N5=e",
                    "morph2": "N1=NAME.N5=ERG"
                  }
                },
                {
                  "node": "d",
                  "type": "line-start",
                  "ref": "Q001130.14",
                  "n": "13'",
                  "label": "13'"
                },
                {
                  "node": "l",
                  "id": "Q001130.l0160c",
                  "ref": "Q001130.14.1",
                  "inst": "ud[day]",
                  "sig": "@etcsri%sux:ud=ud[sun//day, sun]N'N$ud/ud#N1=ud##N1=STEM",
                  "f": {
                    "lang": "sux",
                    "form": "ud",
                    "cf": "ud",
                    "gw": "sun",
                    "sense": "day, sun",
                    "norm": "ud",
                    "pos": "N",
                    "epos": "N",
                    "base": "ud",
                    "morph": "N1=ud",
                    "morph2": "N1=STEM"
                  }
                },
                {
                  "node": "l",
                  "id": "Q001130.l0160d",
                  "ref": "Q001130.14.2",
                  "inst": "ul[distant]N",
                  "sig": "@etcsri%sux:ul-la-še₃=ul[distant//distant time]V/i'N$ul.'a.še/ul#NV2=ul.NV4='a.N5=še##NV2=STEM.NV4=SUB.N5=TERM",
                  "f": {
                    "lang": "sux",
                    "form": "ul-la-še₃",
                    "cf": "ul",
                    "gw": "distant",
                    "sense": "distant time",
                    "norm": "ul.'a.še",
                    "pos": "V/i",
                    "epos": "N",
                    "base": "ul",
                    "morph": "NV2=ul.NV4='a.N5=še",
                    "morph2": "NV2=STEM.NV4=SUB.N5=TERM"
                  }
                },
                {
                  "node": "d",
                  "type": "line-start",
                  "ref": "Q001130.15",
                  "n": "14'",
                  "label": "14'"
                },
                {
                  "node": "l",
                  "id": "Q001130.l0160e",
                  "ref": "Q001130.15.1",
                  "inst": "Ninŋirsuk[1]DN",
                  "sig": "@etcsri%sux:{d}nin-ŋir₂-su₂-ra=Ninŋirsuk[1//1]DN'DN$Ninŋirsuk.ra/{d}nin-ŋir₂-su₂#N1=Ninŋirsuk.N5=ra##N1=NAME.N5=DAT-H",
                  "f": {
                    "lang": "sux",
                    "form": "{d}nin-ŋir₂-su₂-ra",
                    "cf": "Ninŋirsuk",
                    "gw": "1",
                    "sense": "1",
                    "norm": "Ninŋirsuk.ra",
                    "pos": "DN",
                    "epos": "DN",
                    "base": "{d}nin-ŋir₂-su₂",
                    "morph": "N1=Ninŋirsuk.N5=ra",
                    "morph2": "N1=NAME.N5=DAT-H"
                  }
                },
                {
                  "node": "d",
                  "type": "line-start",
                  "ref": "Q001130.16",
                  "n": "15'",
                  "label": "15'"
                },
                {
                  "node": "l",
                  "id": "Q001130.l0160f",
                  "ref": "Q001130.16.1",
                  "inst": "namtil[life]",
                  "sig": "@etcsri%sux:nam-til₃-la-ni-še₃=namtil[life//life]N'N$namtil.ani.še/nam-til₃#N1=namtil.N3=ani.N5=še##N1=STEM.N3=3-SG-H-POSS.N5=TERM",
                  "f": {
                    "lang": "sux",
                    "form": "nam-til₃-la-ni-še₃",
                    "cf": "namtil",
                    "gw": "life",
                    "sense": "life",
                    "norm": "namtil.ani.še",
                    "pos": "N",
                    "epos": "N",
                    "base": "nam-til₃",
                    "morph": "N1=namtil.N3=ani.N5=še",
                    "morph2": "N1=STEM.N3=3-SG-H-POSS.N5=TERM"
                  }
                },
                {
                  "node": "d",
                  "type": "line-start",
                  "ref": "Q001130.17",
                  "n": "16'",
                  "label": "16'"
                },
                {
                  "node": "l",
                  "id": "Q001130.l01610",
                  "ref": "Q001130.17.1",
                  "inst": "giri[nose]\\l3",
                  "sig": "@etcsri%sux:giri₁₇\\l3=giri[nose//nose]N'N$giri.e/giri₁₇#N1=giri.N5=e##N1=STEM.N5=L3-NH",
                  "f": {
                    "lang": "sux",
                    "form": "giri₁₇\\l3",
                    "cf": "giri",
                    "gw": "nose",
                    "sense": "nose",
                    "norm": "giri.e",
                    "pos": "N",
                    "epos": "N",
                    "base": "giri₁₇",
                    "morph": "N1=giri.N5=e",
                    "morph2": "N1=STEM.N5=L3-NH"
                  }
                },
                {
                  "node": "l",
                  "id": "Q001130.l01611",
                  "ref": "Q001130.17.2",
                  "inst": "szu[hand]\\abs",
                  "sig": "@etcsri%sux:šu\\abs=šu[hand//hand]N'N$šu.ø/šu#N1=šu.N5=ø##N1=STEM.N5=ABS",
                  "f": {
                    "lang": "sux",
                    "form": "šu\\abs",
                    "cf": "šu",
                    "gw": "hand",
                    "sense": "hand",
                    "norm": "šu.ø",
                    "pos": "N",
                    "epos": "N",
                    "base": "šu",
                    "morph": "N1=šu.N5=ø",
                    "morph2": "N1=STEM.N5=ABS"
                  }
                },
                {
                  "node": "l",
                  "id": "Q001130.l01612",
                  "ref": "Q001130.17.3",
                  "inst": "jal[be] +.",
                  "sig": "@etcsri%sux:he₂-na-še₃-ŋal₂=ŋal[be//be]V/i'V/i$ha.i.nn.a.ši.n.ŋal.ø/ŋal₂#V1=ha.V2=i.V6=nn.V7=a.V9=ši.V11=n.V12=ŋal.V14=ø##V1=MOD1.V2=FIN.V6=3-SG-H.V7=DAT.V9=TERM.V11=3-SG-H-A.V12=STEM.V14=3-SG-P",
                  "f": {
                    "lang": "sux",
                    "form": "he₂-na-še₃-ŋal₂",
                    "cf": "ŋal",
                    "gw": "be",
                    "sense": "be",
                    "norm": "ha.i.nn.a.ši.n.ŋal.ø",
                    "pos": "V/i",
                    "epos": "V/i",
                    "base": "ŋal₂",
                    "morph": "V1=ha.V2=i.V6=nn.V7=a.V9=ši.V11=n.V12=ŋal.V14=ø",
                    "morph2": "V1=MOD1.V2=FIN.V6=3-SG-H.V7=DAT.V9=TERM.V11=3-SG-H-A.V12=STEM.V14=3-SG-P"
                  }
                }
              ]
            }
          ]
        }
      ]
    }
  ]
}
