{
  "type": "cdl",
  "project": "etcsri",
  "source": "http://oracc.org/etcsri",
  "license": "This data is released under the CC0 license",
  "license-url": "https://creativecommons.org/publicdomain/zero/1.0/",
  "more-info": "http://oracc.org/doc/opendata/",
  "UTC-timestamp": "2017-06-21T22:35:11",
  "textid": "Q001477",
  "cdl": [
    {
      "node": "c",
      "type": "text",
      "id": "Q001477.U0",
      "cdl": [
        {
          "node": "c",
          "type": "discourse",
          "subtype": "body",
          "id": "Q001477.U1",
          "cdl": [
            {
              "node": "c",
              "type": "sentence",
              "tag": ".",
              "id": "Q001477.U2",
              "label": "1 - 8",
              "cdl": [
                {
                  "node": "d",
                  "type": "line-start",
                  "ref": "Q001477.1",
                  "n": "1",
                  "label": "1"
                },
                {
                  "node": "l",
                  "id": "Q001477.l03097",
                  "ref": "Q001477.1.1",
                  "inst": "Ŋatumdug[1]DN",
                  "sig": "@etcsri%sux:{d}ŋa₂-tum₃-dug₃=Ŋatumdug[1//1]DN'DN$Ŋatumdug/{d}ŋa₂-tum₃-dug₃#N1=Ŋatumdug##N1=NAME",
                  "f": {
                    "lang": "sux",
                    "form": "{d}ŋa₂-tum₃-dug₃",
                    "gdl": [
                      {
                        "det": "semantic",
                        "pos": "pre",
                        "seq": [
                          {
                            "v": "d",
                            "id": "Q001477.1.1.0"
                          }
                        ]
                      },
                      {
                        "v": "ŋa₂",
                        "id": "Q001477.1.1.1",
                        "delim": "-"
                      },
                      {
                        "v": "tum₃",
                        "id": "Q001477.1.1.2",
                        "delim": "-"
                      },
                      {
                        "v": "dug₃",
                        "id": "Q001477.1.1.3"
                      }
                    ],
                    "cf": "Ŋatumdug",
                    "gw": "1",
                    "sense": "1",
                    "norm": "Ŋatumdug",
                    "pos": "DN",
                    "epos": "DN",
                    "base": "{d}ŋa₂-tum₃-dug₃",
                    "morph": "N1=Ŋatumdug",
                    "morph2": "N1=NAME"
                  }
                },
                {
                  "node": "d",
                  "type": "line-start",
                  "ref": "Q001477.2",
                  "n": "2",
                  "label": "2"
                },
                {
                  "node": "l",
                  "id": "Q001477.l03098",
                  "ref": "Q001477.2.1",
                  "inst": "ama[mother]",
                  "sig": "@etcsri%sux:ama=ama[mother//mother]N'N$ama/ama#N1=ama##N1=STEM",
                  "f": {
                    "lang": "sux",
                    "form": "ama",
                    "delim": " ",
                    "gdl": [
                      {
                        "v": "ama",
                        "id": "Q001477.2.1.0"
                      }
                    ],
                    "cf": "ama",
                    "gw": "mother",
                    "sense": "mother",
                    "norm": "ama",
                    "pos": "N",
                    "epos": "N",
                    "base": "ama",
                    "morph": "N1=ama",
                    "morph2": "N1=STEM"
                  }
                },
                {
                  "node": "l",
                  "id": "Q001477.l03099",
                  "ref": "Q001477.2.2",
                  "inst": "Lagaš[1]\\gen",
                  "sig": "@etcsri%sux:lagaš{ki}\\gen=Lagaš[1//1]SN'SN$Lagaš.ak/lagaš{ki}#N1=Lagaš.N5=ak##N1=NAME.N5=GEN",
                  "f": {
                    "lang": "sux",
                    "form": "lagaš{ki}",
                    "gdl": [
                      {
                        "v": "lagaš",
                        "id": "Q001477.2.2.0"
                      },
                      {
                        "det": "semantic",
                        "pos": "post",
                        "seq": [
                          {
                            "v": "ki",
                            "id": "Q001477.2.2.1"
                          }
                        ]
                      }
                    ],
                    "cf": "Lagaš",
                    "gw": "1",
                    "sense": "1",
                    "norm": "Lagaš.ak",
                    "pos": "SN",
                    "epos": "SN",
                    "base": "lagaš{ki}",
                    "morph": "N1=Lagaš.N5=ak",
                    "morph2": "N1=NAME.N5=GEN"
                  }
                },
                {
                  "node": "d",
                  "type": "line-start",
                  "ref": "Q001477.3",
                  "n": "3",
                  "label": "3"
                },
                {
                  "node": "l",
                  "id": "Q001477.l0309a",
                  "ref": "Q001477.3.1",
                  "inst": "nin[lady]\\dat",
                  "sig": "@etcsri%sux:nin-a-ni\\dat=nin[lady//lady]N'N$nin.ani.ra/nin#N1=nin.N3=ani.N5=ra##N1=STEM.N3=3-SG-H-POSS.N5=DAT-H",
                  "f": {
                    "lang": "sux",
                    "form": "nin-a-ni",
                    "gdl": [
                      {
                        "v": "nin",
                        "id": "Q001477.3.1.0",
                        "delim": "-"
                      },
                      {
                        "v": "a",
                        "id": "Q001477.3.1.1",
                        "delim": "-"
                      },
                      {
                        "v": "ni",
                        "id": "Q001477.3.1.2"
                      }
                    ],
                    "cf": "nin",
                    "gw": "lady",
                    "sense": "lady",
                    "norm": "nin.ani.ra",
                    "pos": "N",
                    "epos": "N",
                    "base": "nin",
                    "morph": "N1=nin.N3=ani.N5=ra",
                    "morph2": "N1=STEM.N3=3-SG-H-POSS.N5=DAT-H"
                  }
                },
                {
                  "node": "d",
                  "type": "line-start",
                  "ref": "Q001477.4",
                  "n": "4",
                  "label": "4"
                },
                {
                  "node": "l",
                  "id": "Q001477.l0309b",
                  "ref": "Q001477.4.1",
                  "inst": "Gudea[1]RN",
                  "sig": "@etcsri%sux:gu₃-de₂-a=Gudea[1//1]RN'RN$Gudea/gu₃-de₂-a#N1=Gudea##N1=NAME",
                  "f": {
                    "lang": "sux",
                    "form": "gu₃-de₂-a",
                    "gdl": [
                      {
                        "v": "gu₃",
                        "id": "Q001477.4.1.0",
                        "delim": "-"
                      },
                      {
                        "v": "de₂",
                        "id": "Q001477.4.1.1",
                        "delim": "-"
                      },
                      {
                        "v": "a",
                        "id": "Q001477.4.1.2"
                      }
                    ],
                    "cf": "Gudea",
                    "gw": "1",
                    "sense": "1",
                    "norm": "Gudea",
                    "pos": "RN",
                    "epos": "RN",
                    "base": "gu₃-de₂-a",
                    "morph": "N1=Gudea",
                    "morph2": "N1=NAME"
                  }
                },
                {
                  "node": "d",
                  "type": "line-start",
                  "ref": "Q001477.5",
                  "n": "5",
                  "label": "5"
                },
                {
                  "node": "l",
                  "id": "Q001477.l0309c",
                  "ref": "Q001477.5.1",
                  "inst": "ensik[ruler]",
                  "sig": "@etcsri%sux:ensi₂=ensik[ruler//ruler]N'N$ensik/ensi₂#N1=ensik##N1=STEM",
                  "f": {
                    "lang": "sux",
                    "form": "ensi₂",
                    "gdl": [
                      {
                        "v": "ensi₂",
                        "id": "Q001477.5.1.0"
                      }
                    ],
                    "cf": "ensik",
                    "gw": "ruler",
                    "sense": "ruler",
                    "norm": "ensik",
                    "pos": "N",
                    "epos": "N",
                    "base": "ensi₂",
                    "morph": "N1=ensik",
                    "morph2": "N1=STEM"
                  }
                },
                {
                  "node": "d",
                  "type": "line-start",
                  "ref": "Q001477.6",
                  "n": "6",
                  "label": "6"
                },
                {
                  "node": "l",
                  "id": "Q001477.l0309d",
                  "ref": "Q001477.6.1",
                  "inst": "Lagaš[1]",
                  "sig": "@etcsri%sux:lagaš{ki}-ke₄=Lagaš[1//1]SN'SN$Lagaš.ak.e/lagaš{ki}#N1=Lagaš.N5=ak.N5=e##N1=NAME.N5=GEN.N5=ERG",
                  "f": {
                    "lang": "sux",
                    "form": "lagaš{ki}-ke₄",
                    "gdl": [
                      {
                        "v": "lagaš",
                        "id": "Q001477.6.1.0"
                      },
                      {
                        "det": "semantic",
                        "pos": "post",
                        "delim": "-",
                        "seq": [
                          {
                            "v": "ki",
                            "id": "Q001477.6.1.1"
                          }
                        ]
                      },
                      {
                        "v": "ke₄",
                        "id": "Q001477.6.1.2"
                      }
                    ],
                    "cf": "Lagaš",
                    "gw": "1",
                    "sense": "1",
                    "norm": "Lagaš.ak.e",
                    "pos": "SN",
                    "epos": "SN",
                    "base": "lagaš{ki}",
                    "morph": "N1=Lagaš.N5=ak.N5=e",
                    "morph2": "N1=NAME.N5=GEN.N5=ERG"
                  }
                },
                {
                  "node": "d",
                  "type": "line-start",
                  "ref": "Q001477.7",
                  "n": "7",
                  "label": "7"
                },
                {
                  "node": "l",
                  "id": "Q001477.l0309e",
                  "ref": "Q001477.7.1",
                  "inst": "e[house]",
                  "sig": "@etcsri%sux:e₂=e[house//house, temple]N'N$e/e₂#N1=e##N1=STEM",
                  "f": {
                    "lang": "sux",
                    "form": "e₂",
                    "delim": " ",
                    "gdl": [
                      {
                        "v": "e₂",
                        "id": "Q001477.7.1.0"
                      }
                    ],
                    "cf": "e",
                    "gw": "house",
                    "sense": "house, temple",
                    "norm": "e",
                    "pos": "N",
                    "epos": "N",
                    "base": "e₂",
                    "morph": "N1=e",
                    "morph2": "N1=STEM"
                  }
                },
                {
                  "node": "l",
                  "id": "Q001477.l0309f",
                  "ref": "Q001477.7.2",
                  "inst": "Irikug[1]SN\\abs",
                  "sig": "@etcsri%sux:iri-kug-ga-ka-ni\\abs=Irikug[1//1]SN'SN$Irikug.ak.ani.ø/iri-kug#N1=Irikug.N5=ak.N3=ani.N5=ø##N1=NAME.N5=GEN.N3=3-SG-H-POSS.N5=ABS",
                  "f": {
                    "lang": "sux",
                    "form": "iri-kug-ga-ka-ni",
                    "gdl": [
                      {
                        "v": "iri",
                        "id": "Q001477.7.2.0",
                        "delim": "-"
                      },
                      {
                        "v": "kug",
                        "id": "Q001477.7.2.1",
                        "delim": "-"
                      },
                      {
                        "v": "ga",
                        "id": "Q001477.7.2.2",
                        "delim": "-"
                      },
                      {
                        "v": "ka",
                        "id": "Q001477.7.2.3",
                        "delim": "-"
                      },
                      {
                        "v": "ni",
                        "id": "Q001477.7.2.4"
                      }
                    ],
                    "cf": "Irikug",
                    "gw": "1",
                    "sense": "1",
                    "norm": "Irikug.ak.ani.ø",
                    "pos": "SN",
                    "epos": "SN",
                    "base": "iri-kug",
                    "morph": "N1=Irikug.N5=ak.N3=ani.N5=ø",
                    "morph2": "N1=NAME.N5=GEN.N3=3-SG-H-POSS.N5=ABS"
                  }
                },
                {
                  "node": "d",
                  "type": "line-start",
                  "ref": "Q001477.8",
                  "n": "8",
                  "label": "8"
                },
                {
                  "node": "l",
                  "id": "Q001477.l030a0",
                  "ref": "Q001477.8.1",
                  "inst": "!du[build] +.",
                  "sig": "@etcsri%sux:mu-na-du₃=du[build//to build]V/t'V/t$mu.nn.a.n.du.ø/du₃#V4=mu.V6=nn.V7=a.V11=n.V12=du.V14=ø##V4=VEN.V6=3-SG-H.V7=DAT.V11=3-SG-H-A.V12=STEM.V14=3-SG-P",
                  "f": {
                    "lang": "sux",
                    "form": "mu-na-du₃",
                    "gdl": [
                      {
                        "v": "mu",
                        "id": "Q001477.8.1.0",
                        "delim": "-"
                      },
                      {
                        "v": "na",
                        "id": "Q001477.8.1.1",
                        "delim": "-"
                      },
                      {
                        "v": "du₃",
                        "id": "Q001477.8.1.2"
                      }
                    ],
                    "cf": "du",
                    "gw": "build",
                    "sense": "to build",
                    "norm": "mu.nn.a.n.du.ø",
                    "pos": "V/t",
                    "epos": "V/t",
                    "base": "du₃",
                    "morph": "V4=mu.V6=nn.V7=a.V11=n.V12=du.V14=ø",
                    "morph2": "V4=VEN.V6=3-SG-H.V7=DAT.V11=3-SG-H-A.V12=STEM.V14=3-SG-P"
                  }
                }
              ]
            },
            {
              "node": "c",
              "type": "sentence",
              "tag": ".",
              "id": "Q001477.U4",
              "label": "9 - 9",
              "cdl": [
                {
                  "node": "d",
                  "type": "line-start",
                  "ref": "Q001477.9",
                  "n": "9",
                  "label": "9"
                },
                {
                  "node": "l",
                  "id": "Q001477.l030a1",
                  "ref": "Q001477.9.1",
                  "inst": "ig[door] +.",
                  "sig": "@etcsri%sux:{ŋeš}ig-kam=ig[door//door]N'N$ig.ak.am/{ŋeš}ig#N1=ig.N5=ak.N6=am##N1=STEM.N5=GEN.N6=COP-3-SG",
                  "f": {
                    "lang": "sux",
                    "form": "{ŋeš}ig-kam",
                    "gdl": [
                      {
                        "det": "semantic",
                        "pos": "pre",
                        "seq": [
                          {
                            "v": "ŋeš",
                            "id": "Q001477.9.1.0"
                          }
                        ]
                      },
                      {
                        "v": "ig",
                        "id": "Q001477.9.1.1",
                        "delim": "-"
                      },
                      {
                        "v": "kam",
                        "id": "Q001477.9.1.2",
                        "break": "damaged",
                        "ho": "1",
                        "hc": "1"
                      }
                    ],
                    "cf": "ig",
                    "gw": "door",
                    "sense": "door",
                    "norm": "ig.ak.am",
                    "pos": "N",
                    "epos": "N",
                    "base": "{ŋeš}ig",
                    "morph": "N1=ig.N5=ak.N6=am",
                    "morph2": "N1=STEM.N5=GEN.N6=COP-3-SG"
                  }
                }
              ]
            }
          ]
        }
      ]
    }
  ]
}
