{
  "type": "cdl",
  "source": "http://oracc.org/etcsri",
  "license": "This data is released under the CC0 license",
  "license-url": "https://creativecommons.org/publicdomain/zero/1.0/",
  "more-info": "http://oracc.org/doc/opendata/",
  "UTC-timestamp": "2017-06-10T00:00:32",
  "project": "etcsri",
  "textid": "Q001847",
  "cdl": [
    {
      "node": "c",
      "type": "text",
      "id": "Q001847.U0",
      "cdl": [
        {
          "node": "c",
          "type": "discourse",
          "subtype": "body",
          "id": "Q001847.U1",
          "cdl": [
            {
              "node": "c",
              "type": "sentence",
              "tag": ".",
              "id": "Q001847.U2",
              "label": "i 1 - iii 5",
              "cdl": [
                {
                  "node": "d",
                  "type": "line-start",
                  "ref": "Q001847.1",
                  "n": "1",
                  "label": "i 1"
                },
                {
                  "node": "l",
                  "id": "Q001847.l04d2a",
                  "ref": "Q001847.1.1",
                  "inst": "Šara[1]DN",
                  "sig": "@etcsri%sux:{d}šara₂=Šara[1//1]DN'DN$Šara/{d}šara₂#N1=Šara##N1=NAME",
                  "f": {
                    "lang": "sux",
                    "form": "{d}šara₂",
                    "cf": "Šara",
                    "gw": "1",
                    "sense": "1",
                    "norm": "Šara",
                    "pos": "DN",
                    "epos": "DN",
                    "base": "{d}šara₂",
                    "morph": "N1=Šara",
                    "morph2": "N1=NAME"
                  }
                },
                {
                  "node": "d",
                  "type": "line-start",
                  "ref": "Q001847.2",
                  "n": "2",
                  "label": "i 2"
                },
                {
                  "node": "l",
                  "id": "Q001847.l04d2b",
                  "ref": "Q001847.2.1",
                  "inst": "nirjal[authoritative]",
                  "sig": "@etcsri%sux:nir-ŋal₂=nirŋal[authoritative//(to be) authoritative]V/i'V/i$nirŋal/nir-ŋal₂#NV2=nirŋal##NV2=STEM",
                  "f": {
                    "lang": "sux",
                    "form": "nir-ŋal₂",
                    "cf": "nirŋal",
                    "gw": "authoritative",
                    "sense": "(to be) authoritative",
                    "norm": "nirŋal",
                    "pos": "V/i",
                    "epos": "V/i",
                    "base": "nir-ŋal₂",
                    "morph": "NV2=nirŋal",
                    "morph2": "NV2=STEM"
                  }
                },
                {
                  "node": "l",
                  "id": "Q001847.l04d2c",
                  "ref": "Q001847.2.2",
                  "inst": "An[1]DN",
                  "sig": "@etcsri%sux:an-na=An[1//1]DN'DN$An.ak/an#N1=An.N5=ak##N1=NAME.N5=GEN",
                  "f": {
                    "lang": "sux",
                    "form": "an-na",
                    "cf": "An",
                    "gw": "1",
                    "sense": "1",
                    "norm": "An.ak",
                    "pos": "DN",
                    "epos": "DN",
                    "base": "an",
                    "morph": "N1=An.N5=ak",
                    "morph2": "N1=NAME.N5=GEN"
                  }
                },
                {
                  "node": "d",
                  "type": "line-start",
                  "ref": "Q001847.3",
                  "n": "3",
                  "label": "i 3"
                },
                {
                  "node": "l",
                  "id": "Q001847.l04d2d",
                  "ref": "Q001847.3.1",
                  "inst": "dumu[child]",
                  "sig": "@etcsri%sux:dumu=dumu[child//child]N'N$dumu/dumu#N1=dumu##N1=STEM",
                  "f": {
                    "lang": "sux",
                    "form": "dumu",
                    "cf": "dumu",
                    "gw": "child",
                    "sense": "child",
                    "norm": "dumu",
                    "pos": "N",
                    "epos": "N",
                    "base": "dumu",
                    "morph": "N1=dumu",
                    "morph2": "N1=STEM"
                  }
                },
                {
                  "node": "c",
                  "type": "phrase",
                  "tag": "phr",
                  "id": "Q001847.U5",
                  "ref": "Q001847.ls00000",
                  "cdl": [
                    {
                      "node": "l",
                      "id": "Q001847.l04d2e",
                      "ref": "Q001847.3.2",
                      "inst": "ki[place]\\abs",
                      "sig": "@etcsri%sux:ki\\abs=ki[place//place]N'N$ki.ø/ki#N1=ki.N5=ø##N1=STEM.N5=ABS",
                      "f": {
                        "lang": "sux",
                        "form": "ki\\abs",
                        "cf": "ki",
                        "gw": "place",
                        "sense": "place",
                        "norm": "ki.ø",
                        "pos": "N",
                        "epos": "N",
                        "base": "ki",
                        "morph": "N1=ki.N5=ø",
                        "morph2": "N1=STEM.N5=ABS"
                      }
                    },
                    {
                      "node": "l",
                      "id": "Q001847.l04d2f",
                      "ref": "Q001847.3.3",
                      "inst": "aj[measure]",
                      "sig": "@etcsri%sux:aŋ₂=aŋ[measure//measure]V/t'V/t$aŋ/aŋ₂#NV2=aŋ##NV2=STEM",
                      "f": {
                        "lang": "sux",
                        "form": "aŋ₂",
                        "cf": "aŋ",
                        "gw": "measure",
                        "sense": "measure",
                        "norm": "aŋ",
                        "pos": "V/t",
                        "epos": "V/t",
                        "base": "aŋ₂",
                        "morph": "NV2=aŋ",
                        "morph2": "NV2=STEM"
                      }
                    }
                  ]
                },
                {
                  "node": "d",
                  "type": "line-start",
                  "ref": "Q001847.4",
                  "n": "4",
                  "label": "i 4"
                },
                {
                  "node": "l",
                  "id": "Q001847.l04d30",
                  "ref": "Q001847.4.1",
                  "inst": "Inanak[1]DN\\gen",
                  "sig": "@etcsri%sux:{d}inana\\gen=Inanak[1//1]DN'DN$Inanak.ak/{d}inana#N1=Inanak.N5=ak##N1=NAME.N5=GEN",
                  "f": {
                    "lang": "sux",
                    "form": "{d}inana\\gen",
                    "cf": "Inanak",
                    "gw": "1",
                    "sense": "1",
                    "norm": "Inanak.ak",
                    "pos": "DN",
                    "epos": "DN",
                    "base": "{d}inana",
                    "morph": "N1=Inanak.N5=ak",
                    "morph2": "N1=NAME.N5=GEN"
                  }
                },
                {
                  "node": "d",
                  "type": "line-start",
                  "ref": "Q001847.5",
                  "n": "5",
                  "label": "i 5"
                },
                {
                  "node": "l",
                  "id": "Q001847.l04d31",
                  "ref": "Q001847.5.1",
                  "inst": "lugal[king]",
                  "sig": "@etcsri%sux:lugal-a-ni-ir=lugal[king//king]N'N$lugal.ani.ra/lugal#N1=lugal.N3=ani.N5=ra##N1=STEM.N3=3-SG-H-POSS.N5=DAT-H",
                  "f": {
                    "lang": "sux",
                    "form": "lugal-a-ni-ir",
                    "cf": "lugal",
                    "gw": "king",
                    "sense": "king",
                    "norm": "lugal.ani.ra",
                    "pos": "N",
                    "epos": "N",
                    "base": "lugal",
                    "morph": "N1=lugal.N3=ani.N5=ra",
                    "morph2": "N1=STEM.N3=3-SG-H-POSS.N5=DAT-H"
                  }
                },
                {
                  "node": "d",
                  "type": "line-start",
                  "ref": "Q001847.6",
                  "n": "1",
                  "label": "ii 1"
                },
                {
                  "node": "l",
                  "id": "Q001847.l04d32",
                  "ref": "Q001847.6.1",
                  "inst": "namtil[life]",
                  "sig": "@etcsri%sux:nam-til₃=namtil[life//life]N'N$namtil/nam-til₃#N1=namtil##N1=STEM",
                  "f": {
                    "lang": "sux",
                    "form": "nam-til₃",
                    "cf": "namtil",
                    "gw": "life",
                    "sense": "life",
                    "norm": "namtil",
                    "pos": "N",
                    "epos": "N",
                    "base": "nam-til₃",
                    "morph": "N1=namtil",
                    "morph2": "N1=STEM"
                  }
                },
                {
                  "node": "d",
                  "type": "line-start",
                  "ref": "Q001847.7",
                  "n": "2",
                  "label": "ii 2"
                },
                {
                  "node": "l",
                  "id": "Q001847.l04d33",
                  "ref": "Q001847.7.1",
                  "inst": "Šusuen[1]",
                  "sig": "@etcsri%sux:{d}šu-{d}suen=Šusuen[1//4th king of the 3rd dynasty of Urim]RN'RN$Šusuen/{d}šu-{d}suen#N1=Šusuen##N1=NAME",
                  "f": {
                    "lang": "sux",
                    "form": "{d}šu-{d}suen",
                    "cf": "Šusuen",
                    "gw": "1",
                    "sense": "4th king of the 3rd dynasty of Urim",
                    "norm": "Šusuen",
                    "pos": "RN",
                    "epos": "RN",
                    "base": "{d}šu-{d}suen",
                    "morph": "N1=Šusuen",
                    "morph2": "N1=NAME"
                  }
                },
                {
                  "node": "d",
                  "type": "line-start",
                  "ref": "Q001847.8",
                  "n": "3",
                  "label": "ii 3"
                },
                {
                  "node": "l",
                  "id": "Q001847.l04d34",
                  "ref": "Q001847.8.1",
                  "inst": "lugal[king]",
                  "sig": "@etcsri%sux:lugal=lugal[king//king]N'N$lugal/lugal#N1=lugal##N1=STEM",
                  "f": {
                    "lang": "sux",
                    "form": "lugal",
                    "cf": "lugal",
                    "gw": "king",
                    "sense": "king",
                    "norm": "lugal",
                    "pos": "N",
                    "epos": "N",
                    "base": "lugal",
                    "morph": "N1=lugal",
                    "morph2": "N1=STEM"
                  }
                },
                {
                  "node": "l",
                  "id": "Q001847.l04d35",
                  "ref": "Q001847.8.2",
                  "inst": "kalag[strong]",
                  "sig": "@etcsri%sux:kalag-ga=kalag[strong//strong]V/i'V/i$kalag.'a/kalag#NV2=kalag.NV4='a##NV2=STEM.NV4=SUB",
                  "f": {
                    "lang": "sux",
                    "form": "kalag-ga",
                    "cf": "kalag",
                    "gw": "strong",
                    "sense": "strong",
                    "norm": "kalag.'a",
                    "pos": "V/i",
                    "epos": "V/i",
                    "base": "kalag",
                    "morph": "NV2=kalag.NV4='a",
                    "morph2": "NV2=STEM.NV4=SUB"
                  }
                },
                {
                  "node": "d",
                  "type": "line-start",
                  "ref": "Q001847.9",
                  "n": "4",
                  "label": "ii 4"
                },
                {
                  "node": "l",
                  "id": "Q001847.l04d36",
                  "ref": "Q001847.9.1",
                  "inst": "lugal[king]",
                  "sig": "@etcsri%sux:lugal=lugal[king//king]N'N$lugal/lugal#N1=lugal##N1=STEM",
                  "f": {
                    "lang": "sux",
                    "form": "lugal",
                    "cf": "lugal",
                    "gw": "king",
                    "sense": "king",
                    "norm": "lugal",
                    "pos": "N",
                    "epos": "N",
                    "base": "lugal",
                    "morph": "N1=lugal",
                    "morph2": "N1=STEM"
                  }
                },
                {
                  "node": "l",
                  "id": "Q001847.l04d37",
                  "ref": "Q001847.9.2",
                  "inst": "Urim[1]",
                  "sig": "@etcsri%sux:urim₅{ki}-ma=Urim[1//1]SN'SN$Urim.ak/urim₅{ki}#N1=Urim.N5=ak##N1=NAME.N5=GEN",
                  "f": {
                    "lang": "sux",
                    "form": "urim₅{ki}-ma",
                    "cf": "Urim",
                    "gw": "1",
                    "sense": "1",
                    "norm": "Urim.ak",
                    "pos": "SN",
                    "epos": "SN",
                    "base": "urim₅{ki}",
                    "morph": "N1=Urim.N5=ak",
                    "morph2": "N1=NAME.N5=GEN"
                  }
                },
                {
                  "node": "d",
                  "type": "line-start",
                  "ref": "Q001847.10",
                  "n": "1",
                  "label": "iii 1"
                },
                {
                  "node": "l",
                  "id": "Q001847.l04d38",
                  "ref": "Q001847.10.1",
                  "inst": "lugal[king]",
                  "sig": "@etcsri%sux:lugal=lugal[king//king]N'N$lugal/lugal#N1=lugal##N1=STEM",
                  "f": {
                    "lang": "sux",
                    "form": "lugal",
                    "cf": "lugal",
                    "gw": "king",
                    "sense": "king",
                    "norm": "lugal",
                    "pos": "N",
                    "epos": "N",
                    "base": "lugal",
                    "morph": "N1=lugal",
                    "morph2": "N1=STEM"
                  }
                },
                {
                  "node": "l",
                  "id": "Q001847.l04d39",
                  "ref": "Q001847.10.2",
                  "inst": "anubda[quarter]",
                  "sig": "@etcsri%sux:an-ub-da=anubda[quarter//a cosmographic or geographic term, quarter (of the universe)]N'N$anubda/an-ub-da#N1=anubda##N1=STEM",
                  "f": {
                    "lang": "sux",
                    "form": "an-ub-da",
                    "cf": "anubda",
                    "gw": "quarter",
                    "sense": "a cosmographic or geographic term, quarter (of the universe)",
                    "norm": "anubda",
                    "pos": "N",
                    "epos": "N",
                    "base": "an-ub-da",
                    "morph": "N1=anubda",
                    "morph2": "N1=STEM"
                  }
                },
                {
                  "node": "l",
                  "id": "Q001847.l04d3a",
                  "ref": "Q001847.10.3",
                  "inst": "limmu[four]",
                  "sig": "@etcsri%sux:limmu₂-ba-ka-še₃=limmu[four//four]NU'NU$limmu.bi.ak.ak.še/limmu₂#NV2=limmu.N3=bi.N5=ak.N5=ak.N5=še##NV2=STEM.N3=3-SG-NH-POSS.N5=GEN.N5=GEN.N5=TERM",
                  "f": {
                    "lang": "sux",
                    "form": "limmu₂-ba-ka-še₃",
                    "cf": "limmu",
                    "gw": "four",
                    "sense": "four",
                    "norm": "limmu.bi.ak.ak.še",
                    "pos": "NU",
                    "epos": "NU",
                    "base": "limmu₂",
                    "morph": "NV2=limmu.N3=bi.N5=ak.N5=ak.N5=še",
                    "morph2": "NV2=STEM.N3=3-SG-NH-POSS.N5=GEN.N5=GEN.N5=TERM"
                  }
                },
                {
                  "node": "d",
                  "type": "line-start",
                  "ref": "Q001847.11",
                  "n": "2",
                  "label": "iii 2"
                },
                {
                  "node": "l",
                  "id": "Q001847.l04d3b",
                  "ref": "Q001847.11.1",
                  "inst": "Ur.X[2]PN",
                  "sig": "@etcsri%sux:ur-{d}x=Ur.X[2//2]PN'PN$Ur.X/ur-{d}x#N1=Ur.X##N1=NAME",
                  "f": {
                    "lang": "sux",
                    "form": "ur-{d}x",
                    "cf": "Ur.X",
                    "gw": "2",
                    "sense": "2",
                    "norm": "Ur.X",
                    "pos": "PN",
                    "epos": "PN",
                    "base": "ur-{d}x",
                    "morph": "N1=Ur.X",
                    "morph2": "N1=NAME"
                  }
                },
                {
                  "node": "d",
                  "type": "line-start",
                  "ref": "Q001847.12",
                  "n": "3",
                  "label": "iii 3"
                },
                {
                  "node": "l",
                  "id": "Q001847.l04d3c",
                  "ref": "Q001847.12.1",
                  "inst": "aga'us[soldier]",
                  "sig": "@etcsri%sux:aga₃-us₂=agaʾus[soldier//a soldier]N'N$aga'us/aga₃-us₂#N1=aga'us##N1=STEM",
                  "f": {
                    "lang": "sux",
                    "form": "aga₃-us₂",
                    "cf": "agaʾus",
                    "gw": "soldier",
                    "sense": "a soldier",
                    "norm": "aga'us",
                    "pos": "N",
                    "epos": "N",
                    "base": "aga₃-us₂",
                    "morph": "N1=aga'us",
                    "morph2": "N1=STEM"
                  }
                },
                {
                  "node": "l",
                  "id": "Q001847.l04d3d",
                  "ref": "Q001847.12.2",
                  "inst": "lugal[king]\\gen",
                  "sig": "@etcsri%sux:lugal\\gen=lugal[king//king]N'N$lugal.ak/lugal#N1=lugal.N5=ak##N1=STEM.N5=GEN",
                  "f": {
                    "lang": "sux",
                    "form": "lugal\\gen",
                    "cf": "lugal",
                    "gw": "king",
                    "sense": "king",
                    "norm": "lugal.ak",
                    "pos": "N",
                    "epos": "N",
                    "base": "lugal",
                    "morph": "N1=lugal.N5=ak",
                    "morph2": "N1=STEM.N5=GEN"
                  }
                },
                {
                  "node": "d",
                  "type": "line-start",
                  "ref": "Q001847.13",
                  "n": "4",
                  "label": "iii 4"
                },
                {
                  "node": "l",
                  "id": "Q001847.l04d3e",
                  "ref": "Q001847.13.1",
                  "inst": "dumu[child]",
                  "sig": "@etcsri%sux:dumu=dumu[child//child]N'N$dumu/dumu#N1=dumu##N1=STEM",
                  "f": {
                    "lang": "sux",
                    "form": "dumu",
                    "cf": "dumu",
                    "gw": "child",
                    "sense": "child",
                    "norm": "dumu",
                    "pos": "N",
                    "epos": "N",
                    "base": "dumu",
                    "morph": "N1=dumu",
                    "morph2": "N1=STEM"
                  }
                },
                {
                  "node": "l",
                  "id": "Q001847.l04d3f",
                  "ref": "Q001847.13.2",
                  "inst": "Uraba[2]PN",
                  "sig": "@etcsri%sux:ur-ab-ba-ke₄=Uraba[2//2]PN'PN$Uraba.ak.e/ur-ab-ba#N1=Uraba.N5=ak.N5=e##N1=NAME.N5=GEN.N5=ERG",
                  "f": {
                    "lang": "sux",
                    "form": "ur-ab-ba-ke₄",
                    "cf": "Uraba",
                    "gw": "2",
                    "sense": "2",
                    "norm": "Uraba.ak.e",
                    "pos": "PN",
                    "epos": "PN",
                    "base": "ur-ab-ba",
                    "morph": "N1=Uraba.N5=ak.N5=e",
                    "morph2": "N1=NAME.N5=GEN.N5=ERG"
                  }
                },
                {
                  "node": "d",
                  "type": "line-start",
                  "ref": "Q001847.14",
                  "n": "5",
                  "label": "iii 5"
                },
                {
                  "node": "l",
                  "id": "Q001847.l04d40",
                  "ref": "Q001847.14.1",
                  "inst": "dim[create] +.",
                  "sig": "@etcsri%sux:mu-na-dim₂=dim[create//create]V/t'V/t$mu.nn.a.n.dim.ø/dim₂#V4=mu.V6=nn.V7=a.V11=n.V12=dim.V14=ø##V4=VEN.V6=3-SG-H.V7=DAT.V11=3-SG-H-A.V12=STEM.V14=3-SG-P",
                  "f": {
                    "lang": "sux",
                    "form": "mu-na-dim₂",
                    "cf": "dim",
                    "gw": "create",
                    "sense": "create",
                    "norm": "mu.nn.a.n.dim.ø",
                    "pos": "V/t",
                    "epos": "V/t",
                    "base": "dim₂",
                    "morph": "V4=mu.V6=nn.V7=a.V11=n.V12=dim.V14=ø",
                    "morph2": "V4=VEN.V6=3-SG-H.V7=DAT.V11=3-SG-H-A.V12=STEM.V14=3-SG-P"
                  }
                }
              ]
            }
          ]
        }
      ]
    },
    {
      "linkbase": [
        {
          "type": "linkset",
          "xlink_title": "ki aŋ[love//to love]V/t'V/t",
          "id": "Q001847.ls00000",
          "xlink_type": "extended",
          "xlink_role": "psu",
          "sig": "{ki\\abs aŋ₂ = ki[place]N aŋ[measure]V/t += ki aŋ[love//to love]V/t'V/t}::@etcsri%sux:ki\\abs=ki[place//place]N'N$ki.ø/ki#N1=ki.N5=ø##N1=STEM.N5=ABS++@etcsri%sux:aŋ₂=aŋ[measure//measure]V/t'V/t$aŋ/aŋ₂#NV2=aŋ##NV2=STEM",
          "links": [
            {
              "type": "link",
              "xlink_title": "ki",
              "xlink_type": "locator",
              "xlink_href": "#Q001847.l04d2e",
              "xlink_role": "elt"
            },
            {
              "type": "link",
              "xlink_title": "aŋ",
              "xlink_type": "locator",
              "xlink_href": "#Q001847.l04d2f",
              "xlink_role": "elt"
            }
          ]
        }
      ]
    }
  ]
}
