{
  "type": "cdl",
  "project": "etcsri",
  "source": "http://oracc.org/etcsri",
  "license": "This data is released under the CC0 license",
  "license-url": "https://creativecommons.org/publicdomain/zero/1.0/",
  "more-info": "http://oracc.org/doc/opendata/",
  "UTC-timestamp": "2017-06-21T22:36:04",
  "textid": "Q001946",
  "cdl": [
    {
      "node": "c",
      "type": "text",
      "id": "Q001946.U0",
      "cdl": [
        {
          "node": "c",
          "type": "discourse",
          "subtype": "body",
          "id": "Q001946.U1",
          "cdl": [
            {
              "node": "c",
              "type": "sentence",
              "tag": ".",
              "id": "Q001946.U2",
              "label": "1 - 12",
              "cdl": [
                {
                  "node": "d",
                  "type": "line-start",
                  "ref": "Q001946.1",
                  "n": "1",
                  "label": "1"
                },
                {
                  "node": "l",
                  "id": "Q001946.l05bca",
                  "ref": "Q001946.1.1",
                  "inst": "Išmedagan[1]RN",
                  "sig": "@etcsri%sux:{d}iš-me-{d}da-gan=Išmedagan[1//4th king of the dynasty of Isin]RN'RN$Išmedagan/{d}iš-me-{d}da-gan#N1=Išmedagan##N1=NAME",
                  "f": {
                    "lang": "sux",
                    "form": "{d}iš-me-{d}da-gan",
                    "gdl": [
                      {
                        "det": "semantic",
                        "pos": "pre",
                        "seq": [
                          {
                            "v": "d",
                            "id": "Q001946.1.1.0"
                          }
                        ]
                      },
                      {
                        "v": "iš",
                        "id": "Q001946.1.1.1",
                        "delim": "-"
                      },
                      {
                        "v": "me",
                        "id": "Q001946.1.1.2",
                        "delim": "-"
                      },
                      {
                        "det": "semantic",
                        "pos": "pre",
                        "seq": [
                          {
                            "v": "d",
                            "id": "Q001946.1.1.3"
                          }
                        ]
                      },
                      {
                        "v": "da",
                        "id": "Q001946.1.1.4",
                        "delim": "-"
                      },
                      {
                        "v": "gan",
                        "id": "Q001946.1.1.5"
                      }
                    ],
                    "cf": "Išmedagan",
                    "gw": "1",
                    "sense": "4th king of the dynasty of Isin",
                    "norm": "Išmedagan",
                    "pos": "RN",
                    "epos": "RN",
                    "base": "{d}iš-me-{d}da-gan",
                    "morph": "N1=Išmedagan",
                    "morph2": "N1=NAME"
                  }
                },
                {
                  "node": "d",
                  "type": "line-start",
                  "ref": "Q001946.2",
                  "n": "2",
                  "label": "2"
                },
                {
                  "node": "l",
                  "id": "Q001946.l05bcb",
                  "ref": "Q001946.2.1",
                  "inst": "ua[provisioner]",
                  "sig": "@etcsri%sux:u₂-a=ua[provisioner//provisioner, provider]N'N$ua/u₂-a#N1=ua##N1=STEM",
                  "f": {
                    "lang": "sux",
                    "form": "u₂-a",
                    "delim": " ",
                    "gdl": [
                      {
                        "v": "u₂",
                        "id": "Q001946.2.1.0",
                        "delim": "-"
                      },
                      {
                        "v": "a",
                        "id": "Q001946.2.1.1"
                      }
                    ],
                    "cf": "ua",
                    "gw": "provisioner",
                    "sense": "provisioner, provider",
                    "norm": "ua",
                    "pos": "N",
                    "epos": "N",
                    "base": "u₂-a",
                    "morph": "N1=ua",
                    "morph2": "N1=STEM"
                  }
                },
                {
                  "node": "l",
                  "id": "Q001946.l05bcc",
                  "ref": "Q001946.2.2",
                  "inst": "Nibru[1]SN\\gen",
                  "sig": "@etcsri%sux:nibru{ki}\\gen=Nibru[1//1]SN'SN$Nibru.ak/nibru{ki}#N1=Nibru.N5=ak##N1=NAME.N5=GEN",
                  "f": {
                    "lang": "sux",
                    "form": "nibru{ki}",
                    "gdl": [
                      {
                        "v": "nibru",
                        "id": "Q001946.2.2.0"
                      },
                      {
                        "det": "semantic",
                        "pos": "post",
                        "seq": [
                          {
                            "v": "ki",
                            "id": "Q001946.2.2.1"
                          }
                        ]
                      }
                    ],
                    "cf": "Nibru",
                    "gw": "1",
                    "sense": "1",
                    "norm": "Nibru.ak",
                    "pos": "SN",
                    "epos": "SN",
                    "base": "nibru{ki}",
                    "morph": "N1=Nibru.N5=ak",
                    "morph2": "N1=NAME.N5=GEN"
                  }
                },
                {
                  "node": "d",
                  "type": "line-start",
                  "ref": "Q001946.3",
                  "n": "3",
                  "label": "3"
                },
                {
                  "node": "l",
                  "id": "Q001946.l05bcd",
                  "ref": "Q001946.3.1",
                  "inst": "sajus[constant]",
                  "sig": "@etcsri%sux:saŋ-us₂=saŋus[constant//(to be) constant, regular]V/i'V/i$saŋus/saŋ-us₂#NV2=saŋus##NV2=STEM",
                  "f": {
                    "lang": "sux",
                    "form": "saŋ-us₂",
                    "gdl": [
                      {
                        "v": "saŋ",
                        "id": "Q001946.3.1.0",
                        "delim": "-"
                      },
                      {
                        "v": "us₂",
                        "id": "Q001946.3.1.1"
                      }
                    ],
                    "cf": "saŋus",
                    "gw": "constant",
                    "sense": "(to be) constant, regular",
                    "norm": "saŋus",
                    "pos": "V/i",
                    "epos": "V/i",
                    "base": "saŋ-us₂",
                    "morph": "NV2=saŋus",
                    "morph2": "NV2=STEM"
                  }
                },
                {
                  "node": "d",
                  "type": "line-start",
                  "ref": "Q001946.4",
                  "n": "4",
                  "label": "4"
                },
                {
                  "node": "l",
                  "id": "Q001946.l05bce",
                  "ref": "Q001946.4.1",
                  "inst": "Urim[1]SN",
                  "sig": "@etcsri%sux:urim₅{ki}-ma=Urim[1//1]SN'SN$Urim.ak/urim₅{ki}#N1=Urim.N5=ak##N1=NAME.N5=GEN",
                  "f": {
                    "lang": "sux",
                    "form": "urim₅{ki}-ma",
                    "gdl": [
                      {
                        "v": "urim₅",
                        "id": "Q001946.4.1.0"
                      },
                      {
                        "det": "semantic",
                        "pos": "post",
                        "delim": "-",
                        "seq": [
                          {
                            "v": "ki",
                            "id": "Q001946.4.1.1"
                          }
                        ]
                      },
                      {
                        "v": "ma",
                        "id": "Q001946.4.1.2"
                      }
                    ],
                    "cf": "Urim",
                    "gw": "1",
                    "sense": "1",
                    "norm": "Urim.ak",
                    "pos": "SN",
                    "epos": "SN",
                    "base": "urim₅{ki}",
                    "morph": "N1=Urim.N5=ak",
                    "morph2": "N1=NAME.N5=GEN"
                  }
                },
                {
                  "node": "d",
                  "type": "line-start",
                  "ref": "Q001946.5",
                  "n": "5",
                  "label": "5"
                },
                {
                  "node": "l",
                  "id": "Q001946.l05bcf",
                  "ref": "Q001946.5.1",
                  "inst": "ud[sun]",
                  "sig": "@etcsri%sux:ud-da=ud[sun//day, sun]N'N$ud.'a/ud#N1=ud.N5='a##N1=STEM.N5=L1",
                  "f": {
                    "lang": "sux",
                    "form": "ud-da",
                    "delim": " ",
                    "gdl": [
                      {
                        "v": "ud",
                        "id": "Q001946.5.1.0",
                        "delim": "-"
                      },
                      {
                        "v": "da",
                        "id": "Q001946.5.1.1"
                      }
                    ],
                    "cf": "ud",
                    "gw": "sun",
                    "sense": "day, sun",
                    "norm": "ud.'a",
                    "pos": "N",
                    "epos": "N",
                    "base": "ud",
                    "morph": "N1=ud.N5='a",
                    "morph2": "N1=STEM.N5=L1"
                  }
                },
                {
                  "node": "l",
                  "id": "Q001946.l05bd0",
                  "ref": "Q001946.5.2",
                  "inst": "gub[stand]",
                  "sig": "@etcsri%sux:gub=gub[stand//stand]V/i'V/i$gub/gub#NV2=gub##NV2=STEM",
                  "f": {
                    "lang": "sux",
                    "form": "gub",
                    "gdl": [
                      {
                        "v": "gub",
                        "id": "Q001946.5.2.0"
                      }
                    ],
                    "cf": "gub",
                    "gw": "stand",
                    "sense": "stand",
                    "norm": "gub",
                    "pos": "V/i",
                    "epos": "V/i",
                    "base": "gub",
                    "morph": "NV2=gub",
                    "morph2": "NV2=STEM"
                  }
                },
                {
                  "node": "d",
                  "type": "line-start",
                  "ref": "Q001946.6",
                  "n": "6",
                  "label": "6"
                },
                {
                  "node": "l",
                  "id": "Q001946.l05bd1",
                  "ref": "Q001946.6.1",
                  "inst": "Eridug[1]SN",
                  "sig": "@etcsri%sux:eridug{ki}-ga=Eridug[1//1]SN'SN$Eridug.ak/eridug{ki}#N1=Eridug.N5=ak##N1=Eridug.N5=GEN",
                  "f": {
                    "lang": "sux",
                    "form": "eridug{ki}-ga",
                    "gdl": [
                      {
                        "v": "eridug",
                        "id": "Q001946.6.1.0"
                      },
                      {
                        "det": "semantic",
                        "pos": "post",
                        "delim": "-",
                        "seq": [
                          {
                            "v": "ki",
                            "id": "Q001946.6.1.1"
                          }
                        ]
                      },
                      {
                        "v": "ga",
                        "id": "Q001946.6.1.2"
                      }
                    ],
                    "cf": "Eridug",
                    "gw": "1",
                    "sense": "1",
                    "norm": "Eridug.ak",
                    "pos": "SN",
                    "epos": "SN",
                    "base": "eridug{ki}",
                    "morph": "N1=Eridug.N5=ak",
                    "morph2": "N1=Eridug.N5=GEN"
                  }
                },
                {
                  "node": "d",
                  "type": "line-start",
                  "ref": "Q001946.7",
                  "n": "7",
                  "label": "7"
                },
                {
                  "node": "l",
                  "id": "Q001946.l05bd2",
                  "ref": "Q001946.7.1",
                  "inst": "en[priest]",
                  "sig": "@etcsri%sux:en=en[priest//priest]N'N$en/en#N1=en##N1=STEM",
                  "f": {
                    "lang": "sux",
                    "form": "en",
                    "delim": " ",
                    "gdl": [
                      {
                        "v": "en",
                        "id": "Q001946.7.1.0"
                      }
                    ],
                    "cf": "en",
                    "gw": "priest",
                    "sense": "priest",
                    "norm": "en",
                    "pos": "N",
                    "epos": "N",
                    "base": "en",
                    "morph": "N1=en",
                    "morph2": "N1=STEM"
                  }
                },
                {
                  "node": "l",
                  "id": "Q001946.l05bd3",
                  "ref": "Q001946.7.2",
                  "inst": "Unug[1]SN",
                  "sig": "@etcsri%sux:unug{ki}-ga=Unug[1//1]SN'SN$Unug.ak/unug{ki}#N1=Unug.N5=ak##N1=NAME.N5=GEN",
                  "f": {
                    "lang": "sux",
                    "form": "unug{ki}-ga",
                    "gdl": [
                      {
                        "v": "unug",
                        "id": "Q001946.7.2.0"
                      },
                      {
                        "det": "semantic",
                        "pos": "post",
                        "delim": "-",
                        "seq": [
                          {
                            "v": "ki",
                            "id": "Q001946.7.2.1"
                          }
                        ]
                      },
                      {
                        "v": "ga",
                        "id": "Q001946.7.2.2"
                      }
                    ],
                    "cf": "Unug",
                    "gw": "1",
                    "sense": "1",
                    "norm": "Unug.ak",
                    "pos": "SN",
                    "epos": "SN",
                    "base": "unug{ki}",
                    "morph": "N1=Unug.N5=ak",
                    "morph2": "N1=NAME.N5=GEN"
                  }
                },
                {
                  "node": "d",
                  "type": "line-start",
                  "ref": "Q001946.8",
                  "n": "8",
                  "label": "8"
                },
                {
                  "node": "l",
                  "id": "Q001946.l05bd4",
                  "ref": "Q001946.8.1",
                  "inst": "lugal[king]",
                  "sig": "@etcsri%sux:lugal=lugal[king//king]N'N$lugal/lugal#N1=lugal##N1=STEM",
                  "f": {
                    "lang": "sux",
                    "form": "lugal",
                    "delim": " ",
                    "gdl": [
                      {
                        "v": "lugal",
                        "id": "Q001946.8.1.0"
                      }
                    ],
                    "cf": "lugal",
                    "gw": "king",
                    "sense": "king",
                    "norm": "lugal",
                    "pos": "N",
                    "epos": "N",
                    "base": "lugal",
                    "morph": "N1=lugal",
                    "morph2": "N1=STEM"
                  }
                },
                {
                  "node": "l",
                  "id": "Q001946.l05bd5",
                  "ref": "Q001946.8.2",
                  "inst": "kalag[strong]",
                  "sig": "@etcsri%sux:kalag-ga=kalag[strong//strong]V/i'V/i$kalag.'a/kalag#NV2=kalag.NV4='a##NV2=STEM.NV4=SUB",
                  "f": {
                    "lang": "sux",
                    "form": "kalag-ga",
                    "gdl": [
                      {
                        "v": "kalag",
                        "id": "Q001946.8.2.0",
                        "delim": "-"
                      },
                      {
                        "v": "ga",
                        "id": "Q001946.8.2.1"
                      }
                    ],
                    "cf": "kalag",
                    "gw": "strong",
                    "sense": "strong",
                    "norm": "kalag.'a",
                    "pos": "V/i",
                    "epos": "V/i",
                    "base": "kalag",
                    "morph": "NV2=kalag.NV4='a",
                    "morph2": "NV2=STEM.NV4=SUB"
                  }
                },
                {
                  "node": "d",
                  "type": "line-start",
                  "ref": "Q001946.9",
                  "n": "9",
                  "label": "9"
                },
                {
                  "node": "l",
                  "id": "Q001946.l05bd6",
                  "ref": "Q001946.9.1",
                  "inst": "lugal[king]",
                  "sig": "@etcsri%sux:lugal=lugal[king//king]N'N$lugal/lugal#N1=lugal##N1=STEM",
                  "f": {
                    "lang": "sux",
                    "form": "lugal",
                    "delim": " ",
                    "gdl": [
                      {
                        "v": "lugal",
                        "id": "Q001946.9.1.0"
                      }
                    ],
                    "cf": "lugal",
                    "gw": "king",
                    "sense": "king",
                    "norm": "lugal",
                    "pos": "N",
                    "epos": "N",
                    "base": "lugal",
                    "morph": "N1=lugal",
                    "morph2": "N1=STEM"
                  }
                },
                {
                  "node": "l",
                  "id": "Q001946.l05bd7",
                  "ref": "Q001946.9.2",
                  "inst": "Isin[1]SN",
                  "sig": "@etcsri%sux:i₃-si-in{ki}-na=Isin[1//1]SN'SN$Isin.ak/i₃-si-in{ki}#N1=Isin.N5=ak##N1=NAME.N5=GEN",
                  "f": {
                    "lang": "sux",
                    "form": "i₃-si-in{ki}-na",
                    "gdl": [
                      {
                        "v": "i₃",
                        "id": "Q001946.9.2.0",
                        "delim": "-"
                      },
                      {
                        "v": "si",
                        "id": "Q001946.9.2.1",
                        "delim": "-"
                      },
                      {
                        "v": "in",
                        "id": "Q001946.9.2.2"
                      },
                      {
                        "det": "semantic",
                        "pos": "post",
                        "delim": "-",
                        "seq": [
                          {
                            "v": "ki",
                            "id": "Q001946.9.2.3"
                          }
                        ]
                      },
                      {
                        "v": "na",
                        "id": "Q001946.9.2.4"
                      }
                    ],
                    "cf": "Isin",
                    "gw": "1",
                    "sense": "1",
                    "norm": "Isin.ak",
                    "pos": "SN",
                    "epos": "SN",
                    "base": "i₃-si-in{ki}",
                    "morph": "N1=Isin.N5=ak",
                    "morph2": "N1=NAME.N5=GEN"
                  }
                },
                {
                  "node": "d",
                  "type": "line-start",
                  "ref": "Q001946.10",
                  "n": "10",
                  "label": "10"
                },
                {
                  "node": "l",
                  "id": "Q001946.l05bd8",
                  "ref": "Q001946.10.1",
                  "inst": "lugal[king]",
                  "sig": "@etcsri%sux:lugal=lugal[king//king]N'N$lugal/lugal#N1=lugal##N1=STEM",
                  "f": {
                    "lang": "sux",
                    "form": "lugal",
                    "delim": " ",
                    "gdl": [
                      {
                        "v": "lugal",
                        "id": "Q001946.10.1.0"
                      }
                    ],
                    "cf": "lugal",
                    "gw": "king",
                    "sense": "king",
                    "norm": "lugal",
                    "pos": "N",
                    "epos": "N",
                    "base": "lugal",
                    "morph": "N1=lugal",
                    "morph2": "N1=STEM"
                  }
                },
                {
                  "node": "l",
                  "id": "Q001946.l05bd9",
                  "ref": "Q001946.10.2",
                  "inst": "Kiengir[1]GN",
                  "sig": "@etcsri%sux:ki-en-gi=Kiengir[1//1]GN'GN$Kiengir/ki-en-gi#N1=Kiengir##N1=NAME",
                  "f": {
                    "lang": "sux",
                    "form": "ki-en-gi",
                    "delim": " ",
                    "gdl": [
                      {
                        "v": "ki",
                        "id": "Q001946.10.2.0",
                        "delim": "-"
                      },
                      {
                        "v": "en",
                        "id": "Q001946.10.2.1",
                        "delim": "-"
                      },
                      {
                        "v": "gi",
                        "id": "Q001946.10.2.2"
                      }
                    ],
                    "cf": "Kiengir",
                    "gw": "1",
                    "sense": "1",
                    "norm": "Kiengir",
                    "pos": "GN",
                    "epos": "GN",
                    "base": "ki-en-gi",
                    "morph": "N1=Kiengir",
                    "morph2": "N1=NAME"
                  }
                },
                {
                  "node": "l",
                  "id": "Q001946.l05bda",
                  "ref": "Q001946.10.3",
                  "inst": "Akkad[1]GN\\gen",
                  "sig": "@etcsri%sux:ki-uri\\gen=Akkad[1//1]GN'GN$Akkad.ak/ki-uri#N1=Akkad.N5=ak##N1=NAME.N5=GEN",
                  "f": {
                    "lang": "sux",
                    "form": "ki-uri",
                    "gdl": [
                      {
                        "v": "ki",
                        "id": "Q001946.10.3.0",
                        "delim": "-"
                      },
                      {
                        "v": "uri",
                        "id": "Q001946.10.3.1"
                      }
                    ],
                    "cf": "Akkad",
                    "gw": "1",
                    "sense": "1",
                    "norm": "Akkad.ak",
                    "pos": "GN",
                    "epos": "GN",
                    "base": "ki-uri",
                    "morph": "N1=Akkad.N5=ak",
                    "morph2": "N1=NAME.N5=GEN"
                  }
                },
                {
                  "node": "d",
                  "type": "line-start",
                  "ref": "Q001946.11",
                  "n": "11",
                  "label": "11"
                },
                {
                  "node": "l",
                  "id": "Q001946.l05bdb",
                  "ref": "Q001946.11.1",
                  "inst": "dam[spouse]",
                  "sig": "@etcsri%sux:dam=dam[spouse//spouse]N'N$dam/dam#N1=dam##N1=STEM",
                  "f": {
                    "lang": "sux",
                    "form": "dam",
                    "delim": " ",
                    "gdl": [
                      {
                        "v": "dam",
                        "id": "Q001946.11.1.0"
                      }
                    ],
                    "cf": "dam",
                    "gw": "spouse",
                    "sense": "spouse",
                    "norm": "dam",
                    "pos": "N",
                    "epos": "N",
                    "base": "dam",
                    "morph": "N1=dam",
                    "morph2": "N1=STEM"
                  }
                },
                {
                  "node": "c",
                  "type": "phrase",
                  "tag": "phr",
                  "id": "Q001946.U5",
                  "ref": "Q001946.ls00000",
                  "cdl": [
                    {
                      "node": "l",
                      "id": "Q001946.l05bdc",
                      "ref": "Q001946.11.2",
                      "inst": "ki[place]\\abs",
                      "sig": "@etcsri%sux:ki\\abs=ki[place//place]N'N$ki.ø/ki#N1=ki.N5=ø##N1=STEM.N5=ABS",
                      "f": {
                        "lang": "sux",
                        "form": "ki",
                        "delim": " ",
                        "gdl": [
                          {
                            "v": "ki",
                            "id": "Q001946.11.2.0"
                          }
                        ],
                        "cf": "ki",
                        "gw": "place",
                        "sense": "place",
                        "norm": "ki.ø",
                        "pos": "N",
                        "epos": "N",
                        "base": "ki",
                        "morph": "N1=ki.N5=ø",
                        "morph2": "N1=STEM.N5=ABS"
                      }
                    },
                    {
                      "node": "l",
                      "id": "Q001946.l05bdd",
                      "ref": "Q001946.11.3",
                      "inst": "aj[measure]",
                      "sig": "@etcsri%sux:aŋ₂=aŋ[measure//measure]V/t'V/t$aŋ/aŋ₂#NV2=aŋ##NV2=STEM",
                      "f": {
                        "lang": "sux",
                        "form": "aŋ₂",
                        "gdl": [
                          {
                            "v": "aŋ₂",
                            "id": "Q001946.11.3.0"
                          }
                        ],
                        "cf": "aŋ",
                        "gw": "measure",
                        "sense": "measure",
                        "norm": "aŋ",
                        "pos": "V/t",
                        "epos": "V/t",
                        "base": "aŋ₂",
                        "morph": "NV2=aŋ",
                        "morph2": "NV2=STEM"
                      }
                    }
                  ]
                },
                {
                  "node": "d",
                  "type": "line-start",
                  "ref": "Q001946.12",
                  "n": "12",
                  "label": "12"
                },
                {
                  "node": "l",
                  "id": "Q001946.l05bde",
                  "ref": "Q001946.12.1",
                  "inst": "Inanak[1]\\abs +.",
                  "sig": "@etcsri%sux:{d}inana-ka\\abs=Inanak[1//1]DN'DN$Inanak.ak.ø/{d}inana#N1=Inanak.N5=ak.N5=ø##N1=NAME.N5=GEN.N5=ABS",
                  "f": {
                    "lang": "sux",
                    "form": "{d}inana-ka",
                    "gdl": [
                      {
                        "det": "semantic",
                        "pos": "pre",
                        "seq": [
                          {
                            "v": "d",
                            "id": "Q001946.12.1.0"
                          }
                        ]
                      },
                      {
                        "v": "inana",
                        "id": "Q001946.12.1.1",
                        "delim": "-"
                      },
                      {
                        "v": "ka",
                        "id": "Q001946.12.1.2"
                      }
                    ],
                    "cf": "Inanak",
                    "gw": "1",
                    "sense": "1",
                    "norm": "Inanak.ak.ø",
                    "pos": "DN",
                    "epos": "DN",
                    "base": "{d}inana",
                    "morph": "N1=Inanak.N5=ak.N5=ø",
                    "morph2": "N1=NAME.N5=GEN.N5=ABS"
                  }
                }
              ]
            }
          ]
        }
      ]
    },
    {
      "linkbase": [
        {
          "type": "linkset",
          "xlink_title": "ki aŋ[love//to love]V/t'V/t",
          "id": "Q001946.ls00000",
          "xlink_type": "extended",
          "xlink_role": "psu",
          "sig": "{ki\\abs aŋ₂ = ki[place]N aŋ[measure]V/t += ki aŋ[love//to love]V/t'V/t}::@etcsri%sux:ki\\abs=ki[place//place]N'N$ki.ø/ki#N1=ki.N5=ø##N1=STEM.N5=ABS++@etcsri%sux:aŋ₂=aŋ[measure//measure]V/t'V/t$aŋ/aŋ₂#NV2=aŋ##NV2=STEM",
          "links": [
            {
              "type": "link",
              "xlink_title": "ki",
              "xlink_type": "locator",
              "xlink_href": "#Q001946.l05bdc",
              "xlink_role": "elt"
            },
            {
              "type": "link",
              "xlink_title": "aŋ",
              "xlink_type": "locator",
              "xlink_href": "#Q001946.l05bdd",
              "xlink_role": "elt"
            }
          ]
        }
      ]
    }
  ]
}
