{
  "type": "cdl",
  "project": "etcsri",
  "source": "http://oracc.org/etcsri",
  "license": "This data is released under the CC0 license",
  "license-url": "https://creativecommons.org/publicdomain/zero/1.0/",
  "more-info": "http://oracc.org/doc/opendata/",
  "UTC-timestamp": "2017-06-21T22:35:12",
  "textid": "Q001481",
  "cdl": [
    {
      "node": "c",
      "type": "text",
      "id": "Q001481.U0",
      "cdl": [
        {
          "node": "c",
          "type": "discourse",
          "subtype": "body",
          "id": "Q001481.U1",
          "cdl": [
            {
              "node": "c",
              "type": "sentence",
              "tag": ".",
              "id": "Q001481.U2",
              "label": "1 - 5",
              "cdl": [
                {
                  "node": "d",
                  "type": "line-start",
                  "ref": "Q001481.1",
                  "n": "1",
                  "label": "1"
                },
                {
                  "node": "l",
                  "id": "Q001481.l030bd",
                  "ref": "Q001481.1.1",
                  "inst": "Hendursaŋak[1]DN",
                  "sig": "@etcsri%sux:{d}hendur-saŋ=Hendursaŋak[1//1]DN'DN$Hendursaŋak/{d}hendur-saŋ#N1=Hendursaŋak##N1=NAME",
                  "f": {
                    "lang": "sux",
                    "form": "{d}hendur-saŋ",
                    "gdl": [
                      {
                        "det": "semantic",
                        "pos": "pre",
                        "seq": [
                          {
                            "v": "d",
                            "id": "Q001481.1.1.0"
                          }
                        ]
                      },
                      {
                        "v": "hendur",
                        "id": "Q001481.1.1.1",
                        "delim": "-"
                      },
                      {
                        "v": "saŋ",
                        "id": "Q001481.1.1.2"
                      }
                    ],
                    "cf": "Hendursaŋak",
                    "gw": "1",
                    "sense": "1",
                    "norm": "Hendursaŋak",
                    "pos": "DN",
                    "epos": "DN",
                    "base": "{d}hendur-saŋ",
                    "morph": "N1=Hendursaŋak",
                    "morph2": "N1=NAME"
                  }
                },
                {
                  "node": "d",
                  "type": "line-start",
                  "ref": "Q001481.2",
                  "n": "2",
                  "label": "2"
                },
                {
                  "node": "l",
                  "id": "Q001481.l030be",
                  "ref": "Q001481.2.1",
                  "inst": "lugal[king]\\dat",
                  "sig": "@etcsri%sux:lugal-a-ni\\dat=lugal[king//king]N'N$lugal.ani.ra/lugal#N1=lugal.N3=ani.N5=ra##N1=STEM.N3=3-SG-H-POSS.N5=DAT-H",
                  "f": {
                    "lang": "sux",
                    "form": "lugal-a-ni",
                    "gdl": [
                      {
                        "v": "lugal",
                        "id": "Q001481.2.1.0",
                        "delim": "-"
                      },
                      {
                        "v": "a",
                        "id": "Q001481.2.1.1",
                        "delim": "-"
                      },
                      {
                        "v": "ni",
                        "id": "Q001481.2.1.2"
                      }
                    ],
                    "cf": "lugal",
                    "gw": "king",
                    "sense": "king",
                    "norm": "lugal.ani.ra",
                    "pos": "N",
                    "epos": "N",
                    "base": "lugal",
                    "morph": "N1=lugal.N3=ani.N5=ra",
                    "morph2": "N1=STEM.N3=3-SG-H-POSS.N5=DAT-H"
                  }
                },
                {
                  "node": "d",
                  "type": "line-start",
                  "ref": "Q001481.3",
                  "n": "3",
                  "label": "3"
                },
                {
                  "node": "l",
                  "id": "Q001481.l030bf",
                  "ref": "Q001481.3.1",
                  "inst": "Gudea[1]RN",
                  "sig": "@etcsri%sux:gu₃-de₂-a=Gudea[1//1]RN'RN$Gudea/gu₃-de₂-a#N1=Gudea##N1=NAME",
                  "f": {
                    "lang": "sux",
                    "form": "gu₃-de₂-a",
                    "gdl": [
                      {
                        "v": "gu₃",
                        "id": "Q001481.3.1.0",
                        "delim": "-"
                      },
                      {
                        "v": "de₂",
                        "id": "Q001481.3.1.1",
                        "delim": "-"
                      },
                      {
                        "v": "a",
                        "id": "Q001481.3.1.2"
                      }
                    ],
                    "cf": "Gudea",
                    "gw": "1",
                    "sense": "1",
                    "norm": "Gudea",
                    "pos": "RN",
                    "epos": "RN",
                    "base": "gu₃-de₂-a",
                    "morph": "N1=Gudea",
                    "morph2": "N1=NAME"
                  }
                },
                {
                  "node": "d",
                  "type": "line-start",
                  "ref": "Q001481.4",
                  "n": "4",
                  "label": "4"
                },
                {
                  "node": "l",
                  "id": "Q001481.l030c0",
                  "ref": "Q001481.4.1",
                  "inst": "ensik[ruler]",
                  "sig": "@etcsri%sux:ensi₂=ensik[ruler//ruler]N'N$ensik/ensi₂#N1=ensik##N1=STEM",
                  "f": {
                    "lang": "sux",
                    "form": "ensi₂",
                    "gdl": [
                      {
                        "v": "ensi₂",
                        "id": "Q001481.4.1.0",
                        "break": "damaged",
                        "ho": "1",
                        "hc": "1"
                      }
                    ],
                    "cf": "ensik",
                    "gw": "ruler",
                    "sense": "ruler",
                    "norm": "ensik",
                    "pos": "N",
                    "epos": "N",
                    "base": "ensi₂",
                    "morph": "N1=ensik",
                    "morph2": "N1=STEM"
                  }
                },
                {
                  "node": "d",
                  "type": "line-start",
                  "ref": "Q001481.5",
                  "n": "5",
                  "label": "5"
                },
                {
                  "node": "l",
                  "id": "Q001481.l030c1",
                  "ref": "Q001481.5.1",
                  "inst": "Lagaš[1] +.",
                  "sig": "@etcsri%sux:lagaš{ki}-ke₄=Lagaš[1//1]SN'SN$Lagaš.ak.e/lagaš{ki}#N1=Lagaš.N5=ak.N5=e##N1=NAME.N5=GEN.N5=ERG",
                  "f": {
                    "lang": "sux",
                    "form": "lagaš{ki}-ke₄",
                    "gdl": [
                      {
                        "v": "lagaš",
                        "id": "Q001481.5.1.0",
                        "breakStart": "1",
                        "o": "[",
                        "break": "missing"
                      },
                      {
                        "det": "semantic",
                        "pos": "post",
                        "delim": "-",
                        "seq": [
                          {
                            "v": "ki",
                            "id": "Q001481.5.1.1",
                            "break": "missing"
                          }
                        ]
                      },
                      {
                        "v": "ke₄",
                        "id": "Q001481.5.1.2",
                        "break": "missing",
                        "o": "]",
                        "breakEnd": "Q001481.5.1.0"
                      }
                    ],
                    "cf": "Lagaš",
                    "gw": "1",
                    "sense": "1",
                    "norm": "Lagaš.ak.e",
                    "pos": "SN",
                    "epos": "SN",
                    "base": "lagaš{ki}",
                    "morph": "N1=Lagaš.N5=ak.N5=e",
                    "morph2": "N1=NAME.N5=GEN.N5=ERG"
                  }
                }
              ]
            },
            {
              "node": "d",
              "type": "nonx",
              "ref": "Q001481.6",
              "strict": "1",
              "extent": "n",
              "scope": "line",
              "state": "missing"
            }
          ]
        }
      ]
    }
  ]
}
