{
  "type": "cdl",
  "project": "etcsri",
  "source": "http://oracc.org/etcsri",
  "license": "This data is released under the CC0 license",
  "license-url": "https://creativecommons.org/publicdomain/zero/1.0/",
  "more-info": "http://oracc.org/doc/opendata/",
  "UTC-timestamp": "2017-06-21T22:35:15",
  "textid": "Q001506",
  "cdl": [
    {
      "node": "c",
      "type": "text",
      "id": "Q001506.U0",
      "cdl": [
        {
          "node": "c",
          "type": "discourse",
          "subtype": "body",
          "id": "Q001506.U1",
          "cdl": [
            {
              "node": "c",
              "type": "sentence",
              "tag": ".",
              "id": "Q001506.U2",
              "label": "1 - 10",
              "cdl": [
                {
                  "node": "d",
                  "type": "line-start",
                  "ref": "Q001506.1",
                  "n": "1",
                  "label": "1"
                },
                {
                  "node": "l",
                  "id": "Q001506.l03374",
                  "ref": "Q001506.1.1",
                  "inst": "Ninmarkik[1]DN",
                  "sig": "@etcsri%sux:{d}nin-mar-ki=Ninmarkik[1//1]DN'DN$Ninmarkik/{d}nin-mar-ki#N1=Ninmarkik##N1=NAME",
                  "f": {
                    "lang": "sux",
                    "form": "{d}nin-mar-ki",
                    "gdl": [
                      {
                        "det": "semantic",
                        "pos": "pre",
                        "seq": [
                          {
                            "v": "d",
                            "id": "Q001506.1.1.0"
                          }
                        ]
                      },
                      {
                        "v": "nin",
                        "id": "Q001506.1.1.1",
                        "delim": "-"
                      },
                      {
                        "v": "mar",
                        "id": "Q001506.1.1.2",
                        "delim": "-"
                      },
                      {
                        "v": "ki",
                        "id": "Q001506.1.1.3"
                      }
                    ],
                    "cf": "Ninmarkik",
                    "gw": "1",
                    "sense": "1",
                    "norm": "Ninmarkik",
                    "pos": "DN",
                    "epos": "DN",
                    "base": "{d}nin-mar-ki",
                    "morph": "N1=Ninmarkik",
                    "morph2": "N1=NAME"
                  }
                },
                {
                  "node": "d",
                  "type": "line-start",
                  "ref": "Q001506.2",
                  "n": "2",
                  "label": "2"
                },
                {
                  "node": "l",
                  "id": "Q001506.l03375",
                  "ref": "Q001506.2.1",
                  "inst": "munus[woman]",
                  "sig": "@etcsri%sux:munus=munus[woman//woman]N'N$munus/munus#N1=munus##N1=STEM",
                  "f": {
                    "lang": "sux",
                    "form": "munus",
                    "delim": " ",
                    "gdl": [
                      {
                        "v": "munus",
                        "id": "Q001506.2.1.0"
                      }
                    ],
                    "cf": "munus",
                    "gw": "woman",
                    "sense": "woman",
                    "norm": "munus",
                    "pos": "N",
                    "epos": "N",
                    "base": "munus",
                    "morph": "N1=munus",
                    "morph2": "N1=STEM"
                  }
                },
                {
                  "node": "l",
                  "id": "Q001506.l03376",
                  "ref": "Q001506.2.2",
                  "inst": "sag[good]",
                  "sig": "@etcsri%sux:sag₉-ga=sag[good//(to be) good]V/i'V/i$sag.'a/sag₉#NV2=sag.NV4='a##NV2=STEM.NV4=SUB",
                  "f": {
                    "lang": "sux",
                    "form": "sag₉-ga",
                    "gdl": [
                      {
                        "v": "sag₉",
                        "id": "Q001506.2.2.0",
                        "delim": "-"
                      },
                      {
                        "v": "ga",
                        "id": "Q001506.2.2.1"
                      }
                    ],
                    "cf": "sag",
                    "gw": "good",
                    "sense": "(to be) good",
                    "norm": "sag.'a",
                    "pos": "V/i",
                    "epos": "V/i",
                    "base": "sag₉",
                    "morph": "NV2=sag.NV4='a",
                    "morph2": "NV2=STEM.NV4=SUB"
                  }
                },
                {
                  "node": "d",
                  "type": "line-start",
                  "ref": "Q001506.3",
                  "n": "3",
                  "label": "3"
                },
                {
                  "node": "l",
                  "id": "Q001506.l03377",
                  "ref": "Q001506.3.1",
                  "inst": "dumusaj[first-born]",
                  "sig": "@etcsri%sux:dumu-saŋ=dumusaŋ[first-born//first-born]N'N$dumusaŋ/dumu-saŋ#N1=dumusaŋ##N1=STEM",
                  "f": {
                    "lang": "sux",
                    "form": "dumu-saŋ",
                    "delim": " ",
                    "gdl": [
                      {
                        "v": "dumu",
                        "id": "Q001506.3.1.0",
                        "delim": "-"
                      },
                      {
                        "v": "saŋ",
                        "id": "Q001506.3.1.1"
                      }
                    ],
                    "cf": "dumusaŋ",
                    "gw": "first-born",
                    "sense": "first-born",
                    "norm": "dumusaŋ",
                    "pos": "N",
                    "epos": "N",
                    "base": "dumu-saŋ",
                    "morph": "N1=dumusaŋ",
                    "morph2": "N1=STEM"
                  }
                },
                {
                  "node": "l",
                  "id": "Q001506.l03378",
                  "ref": "Q001506.3.2",
                  "inst": "Nanše[1]DN\\gen",
                  "sig": "@etcsri%sux:{d}nanše\\gen=Nanše[1//1]DN'DN$Nanše.ak/{d}nanše#N1=Nanše.N5=ak##N1=NAME.N5=GEN",
                  "f": {
                    "lang": "sux",
                    "form": "{d}nanše",
                    "gdl": [
                      {
                        "det": "semantic",
                        "pos": "pre",
                        "seq": [
                          {
                            "v": "d",
                            "id": "Q001506.3.2.0"
                          }
                        ]
                      },
                      {
                        "v": "nanše",
                        "id": "Q001506.3.2.1"
                      }
                    ],
                    "cf": "Nanše",
                    "gw": "1",
                    "sense": "1",
                    "norm": "Nanše.ak",
                    "pos": "DN",
                    "epos": "DN",
                    "base": "{d}nanše",
                    "morph": "N1=Nanše.N5=ak",
                    "morph2": "N1=NAME.N5=GEN"
                  }
                },
                {
                  "node": "d",
                  "type": "line-start",
                  "ref": "Q001506.4",
                  "n": "4",
                  "label": "4"
                },
                {
                  "node": "l",
                  "id": "Q001506.l03379",
                  "ref": "Q001506.4.1",
                  "inst": "nin[lady]\\dat",
                  "sig": "@etcsri%sux:nin-a-ni\\dat=nin[lady//lady]N'N$nin.ani.ra/nin#N1=nin.N3=ani.N5=ra##N1=STEM.N3=3-SG-H-POSS.N5=DAT-H",
                  "f": {
                    "lang": "sux",
                    "form": "nin-a-ni",
                    "gdl": [
                      {
                        "v": "nin",
                        "id": "Q001506.4.1.0",
                        "delim": "-"
                      },
                      {
                        "v": "a",
                        "id": "Q001506.4.1.1",
                        "delim": "-"
                      },
                      {
                        "v": "ni",
                        "id": "Q001506.4.1.2"
                      }
                    ],
                    "cf": "nin",
                    "gw": "lady",
                    "sense": "lady",
                    "norm": "nin.ani.ra",
                    "pos": "N",
                    "epos": "N",
                    "base": "nin",
                    "morph": "N1=nin.N3=ani.N5=ra",
                    "morph2": "N1=STEM.N3=3-SG-H-POSS.N5=DAT-H"
                  }
                },
                {
                  "node": "d",
                  "type": "line-start",
                  "ref": "Q001506.5",
                  "n": "5",
                  "label": "5"
                },
                {
                  "node": "l",
                  "id": "Q001506.l0337a",
                  "ref": "Q001506.5.1",
                  "inst": "Gudea[1]RN",
                  "sig": "@etcsri%sux:gu₃-de₂-a=Gudea[1//1]RN'RN$Gudea/gu₃-de₂-a#N1=Gudea##N1=NAME",
                  "f": {
                    "lang": "sux",
                    "form": "gu₃-de₂-a",
                    "gdl": [
                      {
                        "v": "gu₃",
                        "id": "Q001506.5.1.0",
                        "delim": "-"
                      },
                      {
                        "v": "de₂",
                        "id": "Q001506.5.1.1",
                        "delim": "-"
                      },
                      {
                        "v": "a",
                        "id": "Q001506.5.1.2"
                      }
                    ],
                    "cf": "Gudea",
                    "gw": "1",
                    "sense": "1",
                    "norm": "Gudea",
                    "pos": "RN",
                    "epos": "RN",
                    "base": "gu₃-de₂-a",
                    "morph": "N1=Gudea",
                    "morph2": "N1=NAME"
                  }
                },
                {
                  "node": "d",
                  "type": "line-start",
                  "ref": "Q001506.6",
                  "n": "6",
                  "label": "6"
                },
                {
                  "node": "l",
                  "id": "Q001506.l0337b",
                  "ref": "Q001506.6.1",
                  "inst": "ensik[ruler]",
                  "sig": "@etcsri%sux:ensi₂=ensik[ruler//ruler]N'N$ensik/ensi₂#N1=ensik##N1=STEM",
                  "f": {
                    "lang": "sux",
                    "form": "ensi₂",
                    "gdl": [
                      {
                        "v": "ensi₂",
                        "id": "Q001506.6.1.0"
                      }
                    ],
                    "cf": "ensik",
                    "gw": "ruler",
                    "sense": "ruler",
                    "norm": "ensik",
                    "pos": "N",
                    "epos": "N",
                    "base": "ensi₂",
                    "morph": "N1=ensik",
                    "morph2": "N1=STEM"
                  }
                },
                {
                  "node": "d",
                  "type": "line-start",
                  "ref": "Q001506.7",
                  "n": "7",
                  "label": "7"
                },
                {
                  "node": "l",
                  "id": "Q001506.l0337c",
                  "ref": "Q001506.7.1",
                  "inst": "Lagaš[1]",
                  "sig": "@etcsri%sux:lagaš{ki}-ke₄=Lagaš[1//1]SN'SN$Lagaš.ak.e/lagaš{ki}#N1=Lagaš.N5=ak.N5=e##N1=NAME.N5=GEN.N5=ERG",
                  "f": {
                    "lang": "sux",
                    "form": "lagaš{ki}-ke₄",
                    "gdl": [
                      {
                        "v": "lagaš",
                        "id": "Q001506.7.1.0"
                      },
                      {
                        "det": "semantic",
                        "pos": "post",
                        "delim": "-",
                        "seq": [
                          {
                            "v": "ki",
                            "id": "Q001506.7.1.1"
                          }
                        ]
                      },
                      {
                        "v": "ke₄",
                        "id": "Q001506.7.1.2"
                      }
                    ],
                    "cf": "Lagaš",
                    "gw": "1",
                    "sense": "1",
                    "norm": "Lagaš.ak.e",
                    "pos": "SN",
                    "epos": "SN",
                    "base": "lagaš{ki}",
                    "morph": "N1=Lagaš.N5=ak.N5=e",
                    "morph2": "N1=NAME.N5=GEN.N5=ERG"
                  }
                },
                {
                  "node": "d",
                  "type": "line-start",
                  "ref": "Q001506.8",
                  "n": "8-9",
                  "label": "8-9"
                },
                {
                  "node": "l",
                  "id": "Q001506.l0337d",
                  "ref": "Q001506.8.1",
                  "inst": "bad[wall]",
                  "sig": "@etcsri%sux:bad₃=bad[wall//wall, fortification]N'N$bad/bad₃#N1=bad##N1=STEM",
                  "f": {
                    "lang": "sux",
                    "form": "bad₃",
                    "delim": " ",
                    "gdl": [
                      {
                        "v": "bad₃",
                        "id": "Q001506.8.1.0"
                      }
                    ],
                    "cf": "bad",
                    "gw": "wall",
                    "sense": "wall, fortification",
                    "norm": "bad",
                    "pos": "N",
                    "epos": "N",
                    "base": "bad₃",
                    "morph": "N1=bad",
                    "morph2": "N1=STEM"
                  }
                },
                {
                  "node": "l",
                  "id": "Q001506.l0337e",
                  "ref": "Q001506.8.2",
                  "inst": "Guʾabatur[1]SN\\abs",
                  "sig": "@etcsri%sux:gu₂-ab-ba-tur₃{ki}-ka-ni\\abs=Guʾabatur[1//1]SN'SN$Guʾabatur.ak.ani.ø/gu₂-ab-ba-tur₃{ki}#N1=Guʾabatur.N5=ak.N3=ani.N5=ø##N1=NAME.N5=GEN.N3=3-SG-H-POSS.N5=ABS",
                  "f": {
                    "lang": "sux",
                    "form": "gu₂-ab-ba-tur₃{ki}-ka-ni",
                    "gdl": [
                      {
                        "v": "gu₂",
                        "id": "Q001506.8.2.0",
                        "delim": "-"
                      },
                      {
                        "v": "ab",
                        "id": "Q001506.8.2.1",
                        "delim": "-"
                      },
                      {
                        "v": "ba",
                        "id": "Q001506.8.2.2",
                        "delim": "-"
                      },
                      {
                        "v": "tur₃",
                        "id": "Q001506.8.2.3"
                      },
                      {
                        "det": "semantic",
                        "pos": "post",
                        "delim": "-",
                        "seq": [
                          {
                            "v": "ki",
                            "id": "Q001506.8.2.4"
                          }
                        ]
                      },
                      {
                        "v": "ka",
                        "id": "Q001506.8.2.5",
                        "delim": "-"
                      },
                      {
                        "v": "ni",
                        "id": "Q001506.8.2.6"
                      }
                    ],
                    "cf": "Guʾabatur",
                    "gw": "1",
                    "sense": "1",
                    "norm": "Guʾabatur.ak.ani.ø",
                    "pos": "SN",
                    "epos": "SN",
                    "base": "gu₂-ab-ba-tur₃{ki}",
                    "morph": "N1=Guʾabatur.N5=ak.N3=ani.N5=ø",
                    "morph2": "N1=NAME.N5=GEN.N3=3-SG-H-POSS.N5=ABS"
                  }
                },
                {
                  "node": "d",
                  "type": "line-start",
                  "ref": "Q001506.9",
                  "n": "10",
                  "label": "10"
                },
                {
                  "node": "l",
                  "id": "Q001506.l0337f",
                  "ref": "Q001506.9.1",
                  "inst": "!du[build] +.",
                  "sig": "@etcsri%sux:mu-na-du₃=du[build//to build]V/t'V/t$mu.nn.a.n.du.ø/du₃#V4=mu.V6=nn.V7=a.V11=n.V12=du.V14=ø##V4=VEN.V6=3-SG-H.V7=DAT.V11=3-SG-H-A.V12=STEM.V14=3-SG-P",
                  "f": {
                    "lang": "sux",
                    "form": "mu-na-du₃",
                    "gdl": [
                      {
                        "v": "mu",
                        "id": "Q001506.9.1.0",
                        "delim": "-"
                      },
                      {
                        "v": "na",
                        "id": "Q001506.9.1.1",
                        "delim": "-"
                      },
                      {
                        "v": "du₃",
                        "id": "Q001506.9.1.2"
                      }
                    ],
                    "cf": "du",
                    "gw": "build",
                    "sense": "to build",
                    "norm": "mu.nn.a.n.du.ø",
                    "pos": "V/t",
                    "epos": "V/t",
                    "base": "du₃",
                    "morph": "V4=mu.V6=nn.V7=a.V11=n.V12=du.V14=ø",
                    "morph2": "V4=VEN.V6=3-SG-H.V7=DAT.V11=3-SG-H-A.V12=STEM.V14=3-SG-P"
                  }
                }
              ]
            },
            {
              "node": "c",
              "type": "sentence",
              "tag": ".",
              "id": "Q001506.U4",
              "label": "11 - 13",
              "cdl": [
                {
                  "node": "d",
                  "type": "line-start",
                  "ref": "Q001506.10",
                  "n": "11",
                  "label": "11"
                },
                {
                  "node": "l",
                  "id": "Q001506.l03380",
                  "ref": "Q001506.10.1",
                  "inst": "szag[heart//middle]",
                  "sig": "@etcsri%sux:šag₄-ba=šag[heart//middle]N'N$šag.bi.'a/šag₄#N1=šag.N3=bi.N5='a##N1=STEM.N3=3-SG-NH-POSS.N5=L1",
                  "f": {
                    "lang": "sux",
                    "form": "šag₄-ba",
                    "gdl": [
                      {
                        "v": "šag₄",
                        "id": "Q001506.10.1.0",
                        "delim": "-"
                      },
                      {
                        "v": "ba",
                        "id": "Q001506.10.1.1"
                      }
                    ],
                    "cf": "šag",
                    "gw": "heart",
                    "sense": "middle",
                    "norm": "šag.bi.'a",
                    "pos": "N",
                    "epos": "N",
                    "base": "šag₄",
                    "morph": "N1=šag.N3=bi.N5='a",
                    "morph2": "N1=STEM.N3=3-SG-NH-POSS.N5=L1"
                  }
                },
                {
                  "node": "d",
                  "type": "line-start",
                  "ref": "Q001506.11",
                  "n": "12",
                  "label": "12"
                },
                {
                  "node": "l",
                  "id": "Q001506.l03381",
                  "ref": "Q001506.11.1",
                  "inst": "e[house]\\abs",
                  "sig": "@etcsri%sux:e₂-a-ni\\abs=e[house//house, temple]N'N$e.ani.ø/e₂#N1=e.N3=ani.N5=ø##N1=STEM.N3=3-SG-H-POSS.N5=ABS",
                  "f": {
                    "lang": "sux",
                    "form": "e₂-a-ni",
                    "gdl": [
                      {
                        "v": "e₂",
                        "id": "Q001506.11.1.0",
                        "delim": "-"
                      },
                      {
                        "v": "a",
                        "id": "Q001506.11.1.1",
                        "delim": "-"
                      },
                      {
                        "v": "ni",
                        "id": "Q001506.11.1.2"
                      }
                    ],
                    "cf": "e",
                    "gw": "house",
                    "sense": "house, temple",
                    "norm": "e.ani.ø",
                    "pos": "N",
                    "epos": "N",
                    "base": "e₂",
                    "morph": "N1=e.N3=ani.N5=ø",
                    "morph2": "N1=STEM.N3=3-SG-H-POSS.N5=ABS"
                  }
                },
                {
                  "node": "d",
                  "type": "line-start",
                  "ref": "Q001506.12",
                  "n": "13",
                  "label": "13"
                },
                {
                  "node": "l",
                  "id": "Q001506.l03382",
                  "ref": "Q001506.12.1",
                  "inst": "!du[build] +.",
                  "sig": "@etcsri%sux:mu-na-ni-du₃=du[build//to build]V/t'V/t$mu.nn.a.ni.n.du.ø/du₃#V4=mu.V6=nn.V7=a.V10=ni.V11=n.V12=du.V14=ø##V4=VEN.V6=3-SG-H.V7=DAT.V10=L1.V11=3-SG-H-A.V12=STEM.V14=3-SG-P",
                  "f": {
                    "lang": "sux",
                    "form": "mu-na-ni-du₃",
                    "gdl": [
                      {
                        "v": "mu",
                        "id": "Q001506.12.1.0",
                        "delim": "-"
                      },
                      {
                        "v": "na",
                        "id": "Q001506.12.1.1",
                        "delim": "-"
                      },
                      {
                        "v": "ni",
                        "id": "Q001506.12.1.2",
                        "delim": "-"
                      },
                      {
                        "v": "du₃",
                        "id": "Q001506.12.1.3"
                      }
                    ],
                    "cf": "du",
                    "gw": "build",
                    "sense": "to build",
                    "norm": "mu.nn.a.ni.n.du.ø",
                    "pos": "V/t",
                    "epos": "V/t",
                    "base": "du₃",
                    "morph": "V4=mu.V6=nn.V7=a.V10=ni.V11=n.V12=du.V14=ø",
                    "morph2": "V4=VEN.V6=3-SG-H.V7=DAT.V10=L1.V11=3-SG-H-A.V12=STEM.V14=3-SG-P"
                  }
                }
              ]
            }
          ]
        }
      ]
    }
  ]
}
