{
  "type": "cdl",
  "project": "etcsri",
  "source": "http://oracc.org/etcsri",
  "license": "This data is released under the CC0 license",
  "license-url": "https://creativecommons.org/publicdomain/zero/1.0/",
  "more-info": "http://oracc.org/doc/opendata/",
  "UTC-timestamp": "2017-06-21T22:35:43",
  "textid": "Q001745",
  "cdl": [
    {
      "node": "c",
      "type": "text",
      "id": "Q001745.U0",
      "cdl": [
        {
          "node": "c",
          "type": "discourse",
          "subtype": "body",
          "id": "Q001745.U1",
          "cdl": [
            {
              "node": "c",
              "type": "sentence",
              "tag": ".",
              "id": "Q001745.U2",
              "label": "1 - 7",
              "cdl": [
                {
                  "node": "d",
                  "type": "line-start",
                  "ref": "Q001745.1",
                  "n": "1",
                  "label": "1"
                },
                {
                  "node": "l",
                  "id": "Q001745.l04010",
                  "ref": "Q001745.1.1",
                  "inst": "Lugirizal[1]PN",
                  "sig": "@etcsri%sux:lu₂-giri₁₇-zal=Lugirizal[1//Governor of Lagaš]PN'PN$Lugirizal/lu₂-giri₁₇-zal#N1=Lugirizal##N1=NAME",
                  "f": {
                    "lang": "sux",
                    "form": "lu₂-giri₁₇-zal",
                    "gdl": [
                      {
                        "v": "lu₂",
                        "id": "Q001745.1.1.0",
                        "delim": "-"
                      },
                      {
                        "v": "giri₁₇",
                        "id": "Q001745.1.1.1",
                        "delim": "-"
                      },
                      {
                        "v": "zal",
                        "id": "Q001745.1.1.2"
                      }
                    ],
                    "cf": "Lugirizal",
                    "gw": "1",
                    "sense": "Governor of Lagaš",
                    "norm": "Lugirizal",
                    "pos": "PN",
                    "epos": "PN",
                    "base": "lu₂-giri₁₇-zal",
                    "morph": "N1=Lugirizal",
                    "morph2": "N1=NAME"
                  }
                },
                {
                  "node": "d",
                  "type": "line-start",
                  "ref": "Q001745.2",
                  "n": "2",
                  "label": "2"
                },
                {
                  "node": "l",
                  "id": "Q001745.l04011",
                  "ref": "Q001745.2.1",
                  "inst": "ensik[ruler//governor]",
                  "sig": "@etcsri%sux:ensi₂=ensik[ruler//governor]N'N$ensik/ensi₂#N1=ensik##N1=STEM",
                  "f": {
                    "lang": "sux",
                    "form": "ensi₂",
                    "gdl": [
                      {
                        "v": "ensi₂",
                        "id": "Q001745.2.1.0"
                      }
                    ],
                    "cf": "ensik",
                    "gw": "ruler",
                    "sense": "governor",
                    "norm": "ensik",
                    "pos": "N",
                    "epos": "N",
                    "base": "ensi₂",
                    "morph": "N1=ensik",
                    "morph2": "N1=STEM"
                  }
                },
                {
                  "node": "d",
                  "type": "line-start",
                  "ref": "Q001745.3",
                  "n": "3",
                  "label": "3"
                },
                {
                  "node": "l",
                  "id": "Q001745.l04012",
                  "ref": "Q001745.3.1",
                  "inst": "Lagaš[1]\\gen\\abs",
                  "sig": "@etcsri%sux:lagaš{ki}\\gen\\abs=Lagaš[1//1]SN'SN$Lagaš.ak.ø/lagaš{ki}#N1=Lagaš.N5=ak.N5=ø##N1=NAME.N5=GEN.N5=ABS",
                  "f": {
                    "lang": "sux",
                    "form": "lagaš{ki}",
                    "gdl": [
                      {
                        "v": "lagaš",
                        "id": "Q001745.3.1.0"
                      },
                      {
                        "det": "semantic",
                        "pos": "post",
                        "seq": [
                          {
                            "v": "ki",
                            "id": "Q001745.3.1.1"
                          }
                        ]
                      }
                    ],
                    "cf": "Lagaš",
                    "gw": "1",
                    "sense": "1",
                    "norm": "Lagaš.ak.ø",
                    "pos": "SN",
                    "epos": "SN",
                    "base": "lagaš{ki}",
                    "morph": "N1=Lagaš.N5=ak.N5=ø",
                    "morph2": "N1=NAME.N5=GEN.N5=ABS"
                  }
                },
                {
                  "node": "d",
                  "type": "line-start",
                  "ref": "Q001745.4",
                  "n": "4",
                  "label": "4"
                },
                {
                  "node": "l",
                  "id": "Q001745.l04013",
                  "ref": "Q001745.4.1",
                  "inst": "Luurub[1]PN",
                  "sig": "@etcsri%sux:lu₂-urub{ki}=Luurub[1//1]PN'PN$Luurub/lu₂-urub{ki}#N1=Luurub##N1=NAME",
                  "f": {
                    "lang": "sux",
                    "form": "lu₂-urub{ki}",
                    "gdl": [
                      {
                        "v": "lu₂",
                        "id": "Q001745.4.1.0",
                        "delim": "-"
                      },
                      {
                        "v": "urub",
                        "id": "Q001745.4.1.1"
                      },
                      {
                        "det": "semantic",
                        "pos": "post",
                        "seq": [
                          {
                            "v": "ki",
                            "id": "Q001745.4.1.2",
                            "breakStart": "1",
                            "o": "]",
                            "break": "missing",
                            "breakEnd": "Q001745.4.1.2"
                          }
                        ]
                      }
                    ],
                    "cf": "Luurub",
                    "gw": "1",
                    "sense": "1",
                    "norm": "Luurub",
                    "pos": "PN",
                    "epos": "PN",
                    "base": "lu₂-urub{ki}",
                    "morph": "N1=Luurub",
                    "morph2": "N1=NAME"
                  }
                },
                {
                  "node": "d",
                  "type": "line-start",
                  "ref": "Q001745.5",
                  "n": "5",
                  "label": "5"
                },
                {
                  "node": "l",
                  "id": "Q001745.l04014",
                  "ref": "Q001745.5.1",
                  "inst": "dubsar[scribe]",
                  "sig": "@etcsri%sux:dub-sar=dubsar[scribe//scribe]N'N$dubsar/dub-sar#N1=dubsar##N1=STEM",
                  "f": {
                    "lang": "sux",
                    "form": "dub-sar",
                    "gdl": [
                      {
                        "v": "dub",
                        "id": "Q001745.5.1.0",
                        "delim": "-"
                      },
                      {
                        "v": "sar",
                        "id": "Q001745.5.1.1",
                        "break": "damaged",
                        "ho": "1",
                        "hc": "1"
                      }
                    ],
                    "cf": "dubsar",
                    "gw": "scribe",
                    "sense": "scribe",
                    "norm": "dubsar",
                    "pos": "N",
                    "epos": "N",
                    "base": "dub-sar",
                    "morph": "N1=dubsar",
                    "morph2": "N1=STEM"
                  }
                },
                {
                  "node": "d",
                  "type": "line-start",
                  "ref": "Q001745.6",
                  "n": "6",
                  "label": "6"
                },
                {
                  "node": "l",
                  "id": "Q001745.l04015",
                  "ref": "Q001745.6.1",
                  "inst": "dumu[child]",
                  "sig": "@etcsri%sux:dumu=dumu[child//child]N'N$dumu/dumu#N1=dumu##N1=STEM",
                  "f": {
                    "lang": "sux",
                    "form": "dumu",
                    "delim": " ",
                    "gdl": [
                      {
                        "v": "dumu",
                        "id": "Q001745.6.1.0"
                      }
                    ],
                    "cf": "dumu",
                    "gw": "child",
                    "sense": "child",
                    "norm": "dumu",
                    "pos": "N",
                    "epos": "N",
                    "base": "dumu",
                    "morph": "N1=dumu",
                    "morph2": "N1=STEM"
                  }
                },
                {
                  "node": "l",
                  "id": "Q001745.l04016",
                  "ref": "Q001745.6.2",
                  "inst": "Urninbarag[1]PN\\gen\\abs",
                  "sig": "@etcsri%sux:ur-{d}nin-barag\\gen\\abs=Urninbarag[1//1]PN'PN$Urninbarag.ak.ø/ur-{d}nin-barag#N1=Urninbarag.N5=ak.N5=ø##N1=NAME.N5=GEN.N5=ABS",
                  "f": {
                    "lang": "sux",
                    "form": "ur-{d}nin-barag",
                    "gdl": [
                      {
                        "v": "ur",
                        "id": "Q001745.6.2.0",
                        "delim": "-"
                      },
                      {
                        "det": "semantic",
                        "pos": "pre",
                        "seq": [
                          {
                            "v": "d",
                            "id": "Q001745.6.2.1"
                          }
                        ]
                      },
                      {
                        "v": "nin",
                        "id": "Q001745.6.2.2",
                        "break": "damaged",
                        "ho": "1",
                        "delim": "-",
                        "hc": "1"
                      },
                      {
                        "v": "barag",
                        "id": "Q001745.6.2.3",
                        "breakStart": "1",
                        "o": "]",
                        "break": "missing",
                        "breakEnd": "Q001745.6.2.3"
                      }
                    ],
                    "cf": "Urninbarag",
                    "gw": "1",
                    "sense": "1",
                    "norm": "Urninbarag.ak.ø",
                    "pos": "PN",
                    "epos": "PN",
                    "base": "ur-{d}nin-barag",
                    "morph": "N1=Urninbarag.N5=ak.N5=ø",
                    "morph2": "N1=NAME.N5=GEN.N5=ABS"
                  }
                },
                {
                  "node": "d",
                  "type": "line-start",
                  "ref": "Q001745.7",
                  "n": "7",
                  "label": "7"
                },
                {
                  "node": "l",
                  "id": "Q001745.l04017",
                  "ref": "Q001745.7.1",
                  "inst": "arad[slave]\\abs +.",
                  "sig": "@etcsri%sux:arad₂-zu\\abs=arad[slave//slave, servant]N'N$arad.zu.ø/arad₂#N1=arad.N3=zu.N5=ø##N1=STEM.N3=2-SG-POSS.N5=ABS",
                  "f": {
                    "lang": "sux",
                    "form": "arad₂-zu",
                    "gdl": [
                      {
                        "v": "arad₂",
                        "id": "Q001745.7.1.0",
                        "delim": "-"
                      },
                      {
                        "v": "zu",
                        "id": "Q001745.7.1.1",
                        "break": "damaged",
                        "ho": "1",
                        "hc": "1"
                      }
                    ],
                    "cf": "arad",
                    "gw": "slave",
                    "sense": "slave, servant",
                    "norm": "arad.zu.ø",
                    "pos": "N",
                    "epos": "N",
                    "base": "arad₂",
                    "morph": "N1=arad.N3=zu.N5=ø",
                    "morph2": "N1=STEM.N3=2-SG-POSS.N5=ABS"
                  }
                }
              ]
            }
          ]
        }
      ]
    }
  ]
}
