{
  "type": "cdl",
  "source": "http://oracc.org/etcsri",
  "license": "This data is released under the CC0 license",
  "license-url": "https://creativecommons.org/publicdomain/zero/1.0/",
  "more-info": "http://oracc.org/doc/opendata/",
  "UTC-timestamp": "2017-06-09T23:59:52",
  "project": "etcsri",
  "textid": "Q001067",
  "cdl": [
    {
      "node": "c",
      "type": "text",
      "id": "Q001067.U0",
      "cdl": [
        {
          "node": "c",
          "type": "discourse",
          "subtype": "body",
          "id": "Q001067.U1",
          "cdl": [
            {
              "node": "c",
              "type": "sentence",
              "tag": ".",
              "id": "Q001067.U2",
              "label": "i 1 - i 3",
              "cdl": [
                {
                  "node": "d",
                  "type": "line-start",
                  "ref": "Q001067.1",
                  "n": "1",
                  "label": "i 1"
                },
                {
                  "node": "l",
                  "id": "Q001067.l00787",
                  "ref": "Q001067.1.1",
                  "inst": "Ninŋirsuk[1]DN",
                  "sig": "@etcsri%sux:{d}nin-ŋir₂-su=Ninŋirsuk[1//1]DN'DN$Ninŋirsuk/{d}nin-ŋir₂-su#N1=Ninŋirsuk##N1=NAME",
                  "f": {
                    "lang": "sux",
                    "form": "{d}nin-ŋir₂-su",
                    "cf": "Ninŋirsuk",
                    "gw": "1",
                    "sense": "1",
                    "norm": "Ninŋirsuk",
                    "pos": "DN",
                    "epos": "DN",
                    "base": "{d}nin-ŋir₂-su",
                    "morph": "N1=Ninŋirsuk",
                    "morph2": "N1=NAME"
                  }
                },
                {
                  "node": "d",
                  "type": "line-start",
                  "ref": "Q001067.2",
                  "n": "2",
                  "label": "i 2"
                },
                {
                  "node": "l",
                  "id": "Q001067.l00788",
                  "ref": "Q001067.2.1",
                  "inst": "Šara[1]DN\\dat",
                  "sig": "@etcsri%sux:{d}šara₂-bi\\dat=Šara[1//1]DN'DN$Šara.bi.ra/{d}šara₂#N1=Šara.N3=bi.N5=ra##N1=NAME.N3=DEM2.N5=DAT-H",
                  "f": {
                    "lang": "sux",
                    "form": "{d}šara₂-bi\\dat",
                    "cf": "Šara",
                    "gw": "1",
                    "sense": "1",
                    "norm": "Šara.bi.ra",
                    "pos": "DN",
                    "epos": "DN",
                    "base": "{d}šara₂",
                    "morph": "N1=Šara.N3=bi.N5=ra",
                    "morph2": "N1=NAME.N3=DEM2.N5=DAT-H"
                  }
                },
                {
                  "node": "d",
                  "type": "line-start",
                  "ref": "Q001067.3",
                  "n": "3",
                  "label": "i 3"
                },
                {
                  "node": "l",
                  "id": "Q001067.l00789",
                  "ref": "Q001067.3.1",
                  "inst": "Enlil[1]DN +.",
                  "sig": "@etcsri%sux:{d}en-lilₓ(E₂)-le=Enlil[1//1]DN'DN$Enlil.e/{d}en-lilₓ(E₂)#N1=Enlil.N5=e##N1=NAME.N5=ERG",
                  "f": {
                    "lang": "sux",
                    "form": "{d}en-lilₓ(E₂)-le",
                    "cf": "Enlil",
                    "gw": "1",
                    "sense": "1",
                    "norm": "Enlil.e",
                    "pos": "DN",
                    "epos": "DN",
                    "base": "{d}en-lilₓ(E₂)",
                    "morph": "N1=Enlil.N5=e",
                    "morph2": "N1=NAME.N5=ERG"
                  }
                }
              ]
            },
            {
              "node": "c",
              "type": "sentence",
              "tag": ".",
              "id": "Q001067.U4",
              "label": "i 1' - i 3'",
              "cdl": [
                {
                  "node": "d",
                  "type": "nonx",
                  "ref": "Q001067.4",
                  "strict": "1",
                  "extent": "n",
                  "scope": "line",
                  "state": "missing"
                },
                {
                  "node": "d",
                  "type": "line-start",
                  "ref": "Q001067.5",
                  "n": "1'",
                  "label": "i 1'"
                },
                {
                  "node": "l",
                  "id": "Q001067.l0078a",
                  "ref": "Q001067.5.1",
                  "inst": "narua[stele]\\abs",
                  "sig": "@etcsri%sux:na-ru₂-a-bi\\abs=narua[stele//stele]N'N$narua.bi.ø/na-ru₂-a#N1=narua.N3=bi.N5=ø##N1=STEM.N3=3-SG-NH-POSS.N5=ABS",
                  "f": {
                    "lang": "sux",
                    "form": "na-ru₂-a-bi\\abs",
                    "cf": "narua",
                    "gw": "stele",
                    "sense": "stele",
                    "norm": "narua.bi.ø",
                    "pos": "N",
                    "epos": "N",
                    "base": "na-ru₂-a",
                    "morph": "N1=narua.N3=bi.N5=ø",
                    "morph2": "N1=STEM.N3=3-SG-NH-POSS.N5=ABS"
                  }
                },
                {
                  "node": "d",
                  "type": "line-start",
                  "ref": "Q001067.6",
                  "n": "2'",
                  "label": "i 2'"
                },
                {
                  "node": "l",
                  "id": "Q001067.l0078b",
                  "ref": "Q001067.6.1",
                  "inst": "lu[person]",
                  "sig": "@etcsri%sux:lu₂=lu[person//person]N'N$lu/lu₂#N1=lu##N1=STEM",
                  "f": {
                    "lang": "sux",
                    "form": "lu₂",
                    "cf": "lu",
                    "gw": "person",
                    "sense": "person",
                    "norm": "lu",
                    "pos": "N",
                    "epos": "N",
                    "base": "lu₂",
                    "morph": "N1=lu",
                    "morph2": "N1=STEM"
                  }
                },
                {
                  "node": "l",
                  "id": "Q001067.l0078c",
                  "ref": "Q001067.6.2",
                  "inst": "Umma[1]SN",
                  "sig": "@etcsri%sux:umma{ki}-ke₄=Umma[1//1]SN'SN$Umma.ak.e/umma{ki}#N1=Umma.N5=ak.N5=e##N1=NAME.N5=GEN.N5=ERG",
                  "f": {
                    "lang": "sux",
                    "form": "umma{ki}-ke₄",
                    "cf": "Umma",
                    "gw": "1",
                    "sense": "1",
                    "norm": "Umma.ak.e",
                    "pos": "SN",
                    "epos": "SN",
                    "base": "umma{ki}",
                    "morph": "N1=Umma.N5=ak.N5=e",
                    "morph2": "N1=NAME.N5=GEN.N5=ERG"
                  }
                },
                {
                  "node": "d",
                  "type": "line-start",
                  "ref": "Q001067.7",
                  "n": "3'",
                  "label": "i 3'"
                },
                {
                  "node": "l",
                  "id": "Q001067.l0078d",
                  "ref": "Q001067.7.1",
                  "inst": "bur[tear] +.",
                  "sig": "@etcsri%sux:mu-burₓ(PAD)=bur[tear//tear]V/t'V/t$i.n.bur.ø/burₓ(PAD)#V4=i.V11=n.V12=bur.V14=ø##V4=VEN.V11=3-SG-H-A.V12=STEM.V14=3-SG-P",
                  "f": {
                    "lang": "sux",
                    "form": "mu-burₓ(PAD)",
                    "cf": "bur",
                    "gw": "tear",
                    "sense": "tear",
                    "norm": "i.n.bur.ø",
                    "pos": "V/t",
                    "epos": "V/t",
                    "base": "burₓ(PAD)",
                    "morph": "V4=i.V11=n.V12=bur.V14=ø",
                    "morph2": "V4=VEN.V11=3-SG-H-A.V12=STEM.V14=3-SG-P"
                  }
                }
              ]
            },
            {
              "node": "c",
              "type": "sentence",
              "tag": ".",
              "id": "Q001067.U6",
              "label": "i 4' - i 5'",
              "cdl": [
                {
                  "node": "d",
                  "type": "line-start",
                  "ref": "Q001067.8",
                  "n": "4'",
                  "label": "i 4'"
                },
                {
                  "node": "l",
                  "id": "Q001067.l0078e",
                  "ref": "Q001067.8.1",
                  "inst": "eden[plain]",
                  "sig": "@etcsri%sux:eden=eden[plain//plain, steppe, open country]N'N$eden/eden#N1=eden##N1=STEM",
                  "f": {
                    "lang": "sux",
                    "form": "eden",
                    "cf": "eden",
                    "gw": "plain",
                    "sense": "plain, steppe, open country",
                    "norm": "eden",
                    "pos": "N",
                    "epos": "N",
                    "base": "eden",
                    "morph": "N1=eden",
                    "morph2": "N1=STEM"
                  }
                },
                {
                  "node": "l",
                  "id": "Q001067.l0078f",
                  "ref": "Q001067.8.2",
                  "inst": "Lagaš[1]SN\\gen\\term",
                  "sig": "@etcsri%sux:lagaš{ki}-še₃\\gen\\term=Lagaš[1//1]SN'SN$Lagaš.ak.še/lagaš{ki}#N1=Lagaš.N5=ak.N5=še##N1=NAME.N5=GEN.N5=TERM",
                  "f": {
                    "lang": "sux",
                    "form": "lagaš{ki}-še₃\\gen\\term",
                    "cf": "Lagaš",
                    "gw": "1",
                    "sense": "1",
                    "norm": "Lagaš.ak.še",
                    "pos": "SN",
                    "epos": "SN",
                    "base": "lagaš{ki}",
                    "morph": "N1=Lagaš.N5=ak.N5=še",
                    "morph2": "N1=NAME.N5=GEN.N5=TERM"
                  }
                },
                {
                  "node": "d",
                  "type": "line-start",
                  "ref": "Q001067.9",
                  "n": "5'",
                  "label": "i 5'"
                },
                {
                  "node": "l",
                  "id": "Q001067.l00790",
                  "ref": "Q001067.9.1",
                  "inst": "kur[enter] +.",
                  "sig": "@etcsri%sux:mu-kurₓ(DU)=kur[enter//enter]V/i'V/i$mu.n.kur.ø/kurₓ(DU)#V4=mu.V10=n.V12=kur.V14=ø##V4=VEN.V10=L1-SYN.V12=STEM.3-SG-S",
                  "f": {
                    "lang": "sux",
                    "form": "mu-kurₓ(DU)",
                    "cf": "kur",
                    "gw": "enter",
                    "sense": "enter",
                    "norm": "mu.n.kur.ø",
                    "pos": "V/i",
                    "epos": "V/i",
                    "base": "kurₓ(DU)",
                    "morph": "V4=mu.V10=n.V12=kur.V14=ø",
                    "morph2": "V4=VEN.V10=L1-SYN.V12=STEM.3-SG-S"
                  }
                }
              ]
            },
            {
              "node": "c",
              "type": "sentence",
              "tag": ".",
              "id": "Q001067.U8",
              "label": "ii 1 - ii 3",
              "cdl": [
                {
                  "node": "d",
                  "type": "nonx",
                  "ref": "Q001067.10",
                  "strict": "1",
                  "extent": "n",
                  "scope": "line",
                  "state": "missing"
                },
                {
                  "node": "d",
                  "type": "line-start",
                  "ref": "Q001067.11",
                  "n": "1",
                  "label": "ii 1"
                },
                {
                  "node": "l",
                  "id": "Q001067.l00791",
                  "ref": "Q001067.11.1",
                  "inst": "u",
                  "f": {
                    "lang": "sux",
                    "form": "x",
                    "pos": "u"
                  }
                },
                {
                  "node": "d",
                  "type": "line-start",
                  "ref": "Q001067.12",
                  "n": "2",
                  "label": "ii 2"
                },
                {
                  "node": "l",
                  "id": "Q001067.l00792",
                  "ref": "Q001067.12.1",
                  "inst": "Eanatum[1]RN",
                  "sig": "@etcsri%sux:e₂-an-na-tum₂-ra=Eanatum[1//Eanatum, ruler of Lagaš]RN'RN$Eanatum.ra/e₂-an-na-tum₂#N1=Eanatum.N5=ra##N1=NAME.N5=DAT-H",
                  "f": {
                    "lang": "sux",
                    "form": "e₂-an-na-tum₂-ra",
                    "cf": "Eanatum",
                    "gw": "1",
                    "sense": "Eanatum, ruler of Lagaš",
                    "norm": "Eanatum.ra",
                    "pos": "RN",
                    "epos": "RN",
                    "base": "e₂-an-na-tum₂",
                    "morph": "N1=Eanatum.N5=ra",
                    "morph2": "N1=NAME.N5=DAT-H"
                  }
                },
                {
                  "node": "d",
                  "type": "line-start",
                  "ref": "Q001067.13",
                  "n": "3",
                  "label": "ii 3"
                },
                {
                  "node": "c",
                  "type": "phrase",
                  "tag": "phr",
                  "id": "Q001067.U31",
                  "ref": "Q001067.ls00000",
                  "cdl": [
                    {
                      "node": "l",
                      "id": "Q001067.l00793",
                      "ref": "Q001067.13.1",
                      "inst": "a[arm]\\abs",
                      "sig": "@etcsri%sux:a₂\\abs=a[arm//arm]N'N$a.ø/a₂#N1=a.N5=ø##N1=STEM.N5=ABS",
                      "f": {
                        "lang": "sux",
                        "form": "a₂\\abs",
                        "cf": "a",
                        "gw": "arm",
                        "sense": "arm",
                        "norm": "a.ø",
                        "pos": "N",
                        "epos": "N",
                        "base": "a₂",
                        "morph": "N1=a.N5=ø",
                        "morph2": "N1=STEM.N5=ABS"
                      }
                    },
                    {
                      "node": "l",
                      "id": "Q001067.l00794",
                      "ref": "Q001067.13.2",
                      "inst": "aj[measure] +.",
                      "sig": "@etcsri%sux:e-na-aŋ₂=aŋ[measure//measure]V/t'V/t$i.nn.a.n.aŋ.ø/aŋ₂#V2=i.V6=nn.V7=a.V11=n.V12=aŋ.V14=ø##V2=FIN.V6=3-SG-H.V7=DAT.V11=3-SG-H-A.V12=STEM.V14=3-SG-P",
                      "f": {
                        "lang": "sux",
                        "form": "e-na-aŋ₂",
                        "cf": "aŋ",
                        "gw": "measure",
                        "sense": "measure",
                        "norm": "i.nn.a.n.aŋ.ø",
                        "pos": "V/t",
                        "epos": "V/t",
                        "base": "aŋ₂",
                        "morph": "V2=i.V6=nn.V7=a.V11=n.V12=aŋ.V14=ø",
                        "morph2": "V2=FIN.V6=3-SG-H.V7=DAT.V11=3-SG-H-A.V12=STEM.V14=3-SG-P"
                      }
                    }
                  ]
                }
              ]
            },
            {
              "node": "c",
              "type": "sentence",
              "tag": ".",
              "id": "Q001067.U10",
              "label": "ii 4 - ii 5",
              "cdl": [
                {
                  "node": "d",
                  "type": "line-start",
                  "ref": "Q001067.14",
                  "n": "4",
                  "label": "ii 4"
                },
                {
                  "node": "l",
                  "id": "Q001067.l00795",
                  "ref": "Q001067.14.1",
                  "inst": "Umma[1]SN\\abs",
                  "sig": "@etcsri%sux:umma{ki}\\abs=Umma[1//1]SN'SN$Umma.ø/umma{ki}#N1=Umma.N5=ø##N1=NAME.N5=ABS",
                  "f": {
                    "lang": "sux",
                    "form": "umma{ki}\\abs",
                    "cf": "Umma",
                    "gw": "1",
                    "sense": "1",
                    "norm": "Umma.ø",
                    "pos": "SN",
                    "epos": "SN",
                    "base": "umma{ki}",
                    "morph": "N1=Umma.N5=ø",
                    "morph2": "N1=NAME.N5=ABS"
                  }
                },
                {
                  "node": "d",
                  "type": "line-start",
                  "ref": "Q001067.15",
                  "n": "5",
                  "label": "ii 5"
                },
                {
                  "node": "l",
                  "id": "Q001067.l00796",
                  "ref": "Q001067.15.1",
                  "inst": "halam[destroy] +.",
                  "sig": "@etcsri%sux:e-ha-lam=halam[forsake//forsake, destroy, become forgotten]V/t'V/t$i.n.halam.ø/ha-lam#V2=i.V11=n.V12=halam.V14=ø##V2=FIN.V11=3-SG-H-A.V12=STEM.V14=3-SG-P",
                  "f": {
                    "lang": "sux",
                    "form": "e-ha-lam",
                    "cf": "halam",
                    "gw": "forsake",
                    "sense": "forsake, destroy, become forgotten",
                    "norm": "i.n.halam.ø",
                    "pos": "V/t",
                    "epos": "V/t",
                    "base": "ha-lam",
                    "morph": "V2=i.V11=n.V12=halam.V14=ø",
                    "morph2": "V2=FIN.V11=3-SG-H-A.V12=STEM.V14=3-SG-P"
                  }
                }
              ]
            },
            {
              "node": "c",
              "type": "sentence",
              "tag": ".",
              "id": "Q001067.U12",
              "label": "ii 6 - ii 11",
              "cdl": [
                {
                  "node": "d",
                  "type": "line-start",
                  "ref": "Q001067.16",
                  "n": "6",
                  "label": "ii 6"
                },
                {
                  "node": "l",
                  "id": "Q001067.l00797",
                  "ref": "Q001067.16.1",
                  "inst": "dud[mound]",
                  "sig": "@etcsri%sux:du₆=dud[mound//(ruin) mound]N'N$du/du₆#N1=du##N1=STEM",
                  "f": {
                    "lang": "sux",
                    "form": "du₆",
                    "cf": "dud",
                    "gw": "mound",
                    "sense": "(ruin) mound",
                    "norm": "du",
                    "pos": "N",
                    "epos": "N",
                    "base": "du₆",
                    "morph": "N1=du",
                    "morph2": "N1=STEM"
                  }
                },
                {
                  "node": "l",
                  "id": "Q001067.l00798",
                  "ref": "Q001067.16.2",
                  "inst": "Mesilim[1]RN",
                  "sig": "@etcsri%sux:me-silim-e=Mesilim[1//King of Kiš]RN'RN$Mesilim.e/me-silim#N1=Mesilim.N5=e##N1=NAME.N5=ERG",
                  "f": {
                    "lang": "sux",
                    "form": "me-silim-e",
                    "cf": "Mesilim",
                    "gw": "1",
                    "sense": "King of Kiš",
                    "norm": "Mesilim.e",
                    "pos": "RN",
                    "epos": "RN",
                    "base": "me-silim",
                    "morph": "N1=Mesilim.N5=e",
                    "morph2": "N1=NAME.N5=ERG"
                  }
                },
                {
                  "node": "d",
                  "type": "line-start",
                  "ref": "Q001067.17",
                  "n": "7",
                  "label": "ii 7"
                },
                {
                  "node": "l",
                  "id": "Q001067.l00799",
                  "ref": "Q001067.17.1",
                  "inst": "na[stone]\\abs",
                  "sig": "@etcsri%sux:na\\abs=na[stone//stone]N'N$na.ø/na#N1=na.N5=ø##N1=STEM.N5=ABS",
                  "f": {
                    "lang": "sux",
                    "form": "na\\abs",
                    "cf": "na",
                    "gw": "stone",
                    "sense": "stone",
                    "norm": "na.ø",
                    "pos": "N",
                    "epos": "N",
                    "base": "na",
                    "morph": "N1=na.N5=ø",
                    "morph2": "N1=STEM.N5=ABS"
                  }
                },
                {
                  "node": "l",
                  "id": "Q001067.l0079a",
                  "ref": "Q001067.17.2",
                  "inst": "du[build//erect]\\com",
                  "sig": "@etcsri%sux:bi₂-du₃-a\\com=du[build//to erect (a stela)]V/t'V/t$b.i.n.du.ø.'a.da/du₃#V5=b.V10=i.V11=n.V12=du.V14=ø.V15='a.N5=da##V5=3-NH.V10=L2.V11=3-SG-H-A.V12=STEM.V14=3-SG-P.V15=SUB.N5=COM",
                  "f": {
                    "lang": "sux",
                    "form": "bi₂-du₃-a\\com",
                    "cf": "du",
                    "gw": "build",
                    "sense": "to erect (a stela)",
                    "norm": "b.i.n.du.ø.'a.da",
                    "pos": "V/t",
                    "epos": "V/t",
                    "base": "du₃",
                    "morph": "V5=b.V10=i.V11=n.V12=du.V14=ø.V15='a.N5=da",
                    "morph2": "V5=3-NH.V10=L2.V11=3-SG-H-A.V12=STEM.V14=3-SG-P.V15=SUB.N5=COM"
                  }
                },
                {
                  "node": "d",
                  "type": "line-start",
                  "ref": "Q001067.18",
                  "n": "8",
                  "label": "ii 8"
                },
                {
                  "node": "l",
                  "id": "Q001067.l0079b",
                  "ref": "Q001067.18.1",
                  "inst": "Eanatum[1]RN",
                  "sig": "@etcsri%sux:e₂-an-na-tum₂-me=Eanatum[1//Eanatum, ruler of Lagaš]RN'RN$Eanatum.e/e₂-an-na-tum₂#N1=Eanatum.N5=e##N1=NAME.N5=ERG",
                  "f": {
                    "lang": "sux",
                    "form": "e₂-an-na-tum₂-me",
                    "cf": "Eanatum",
                    "gw": "1",
                    "sense": "Eanatum, ruler of Lagaš",
                    "norm": "Eanatum.e",
                    "pos": "RN",
                    "epos": "RN",
                    "base": "e₂-an-na-tum₂",
                    "morph": "N1=Eanatum.N5=e",
                    "morph2": "N1=NAME.N5=ERG"
                  }
                },
                {
                  "node": "d",
                  "type": "line-start",
                  "ref": "Q001067.19",
                  "n": "9",
                  "label": "ii 9"
                },
                {
                  "node": "l",
                  "id": "Q001067.l0079c",
                  "ref": "Q001067.19.1",
                  "inst": "u",
                  "f": {
                    "lang": "sux",
                    "form": "x",
                    "pos": "u"
                  }
                },
                {
                  "node": "l",
                  "id": "Q001067.l0079d",
                  "ref": "Q001067.19.2",
                  "inst": "u",
                  "f": {
                    "lang": "sux",
                    "form": "AN",
                    "pos": "u"
                  }
                },
                {
                  "node": "l",
                  "id": "Q001067.l0079e",
                  "ref": "Q001067.19.3",
                  "inst": "u",
                  "f": {
                    "lang": "sux",
                    "form": "x",
                    "pos": "u"
                  }
                },
                {
                  "node": "d",
                  "type": "line-start",
                  "ref": "Q001067.20",
                  "n": "10",
                  "label": "ii 10"
                },
                {
                  "node": "l",
                  "id": "Q001067.l0079f",
                  "ref": "Q001067.20.1",
                  "inst": "narua[stele]\\abs",
                  "sig": "@etcsri%sux:na-ru₂-a\\abs=narua[stele//stele]N'N$narua.ø/na-ru₂-a#N1=narua.N5=ø##N1=STEM.N5=ABS",
                  "f": {
                    "lang": "sux",
                    "form": "na-ru₂-a\\abs",
                    "cf": "narua",
                    "gw": "stele",
                    "sense": "stele",
                    "norm": "narua.ø",
                    "pos": "N",
                    "epos": "N",
                    "base": "na-ru₂-a",
                    "morph": "N1=narua.N5=ø",
                    "morph2": "N1=STEM.N5=ABS"
                  }
                },
                {
                  "node": "d",
                  "type": "line-start",
                  "ref": "Q001067.21",
                  "n": "11",
                  "label": "ii 11"
                },
                {
                  "node": "l",
                  "id": "Q001067.l007a0",
                  "ref": "Q001067.21.1",
                  "inst": "du[build//erect] +.",
                  "sig": "@etcsri%sux:e-da-du₃=du[build//to erect (a stela)]V/t'V/t$i.b.da.n.du.ø/du₃#V2=i.V5=b.V8=da.V11=n.V12=du.V14=ø##V2=FIN.V5=3-NH.V8=COM.V11=3-SG-H-A.V12=STEM.V14=3-SG-P",
                  "f": {
                    "lang": "sux",
                    "form": "e-da-du₃",
                    "cf": "du",
                    "gw": "build",
                    "sense": "to erect (a stela)",
                    "norm": "i.b.da.n.du.ø",
                    "pos": "V/t",
                    "epos": "V/t",
                    "base": "du₃",
                    "morph": "V2=i.V5=b.V8=da.V11=n.V12=du.V14=ø",
                    "morph2": "V2=FIN.V5=3-NH.V8=COM.V11=3-SG-H-A.V12=STEM.V14=3-SG-P"
                  }
                }
              ]
            },
            {
              "node": "c",
              "type": "sentence",
              "tag": ".",
              "id": "Q001067.U14",
              "label": "ii 12 - ii 17",
              "cdl": [
                {
                  "node": "d",
                  "type": "line-start",
                  "ref": "Q001067.22",
                  "n": "12",
                  "label": "ii 12"
                },
                {
                  "node": "l",
                  "id": "Q001067.l007a1",
                  "ref": "Q001067.22.1",
                  "inst": "narua[stele]\\abs",
                  "sig": "@etcsri%sux:na-ru₂-a\\abs=narua[stele//stele]N'N$narua.ø/na-ru₂-a#N1=narua.N5=ø##N1=STEM.N5=ABS",
                  "f": {
                    "lang": "sux",
                    "form": "na-ru₂-a\\abs",
                    "cf": "narua",
                    "gw": "stele",
                    "sense": "stele",
                    "norm": "narua.ø",
                    "pos": "N",
                    "epos": "N",
                    "base": "na-ru₂-a",
                    "morph": "N1=narua.N5=ø",
                    "morph2": "N1=STEM.N5=ABS"
                  }
                },
                {
                  "node": "l",
                  "id": "Q001067.l007a2",
                  "ref": "Q001067.22.2",
                  "inst": "du[build//erect]\\n5al2",
                  "sig": "@etcsri%sux:e-da-ru-a-ba\\n5al2=du[build//to erect (a stela)]V/t'V/t$i.b.da.n.du.ø.'a.bi.'a/ru#V2=i.V5=b.V8=da.V11=n.V12=du.V14=ø.V15='a.N3=bi.N5='a##V2=FIN.V5=3-NH.V8=COM.V11=3-SG-H-A.V12=STEM.V14=3-SG-P.V15=SUB.N3=DEM2.N5=L2-NH",
                  "f": {
                    "lang": "sux",
                    "form": "e-da-ru-a-ba\\n5al2",
                    "cf": "du",
                    "gw": "build",
                    "sense": "to erect (a stela)",
                    "norm": "i.b.da.n.du.ø.'a.bi.'a",
                    "pos": "V/t",
                    "epos": "V/t",
                    "base": "ru",
                    "morph": "V2=i.V5=b.V8=da.V11=n.V12=du.V14=ø.V15='a.N3=bi.N5='a",
                    "morph2": "V2=FIN.V5=3-NH.V8=COM.V11=3-SG-H-A.V12=STEM.V14=3-SG-P.V15=SUB.N3=DEM2.N5=L2-NH"
                  }
                },
                {
                  "node": "d",
                  "type": "line-start",
                  "ref": "Q001067.23",
                  "n": "13",
                  "label": "ii 13"
                },
                {
                  "node": "l",
                  "id": "Q001067.l007a3",
                  "ref": "Q001067.23.1",
                  "inst": "Ninŋirsuk[1]DN",
                  "sig": "@etcsri%sux:{d}nin-ŋir₂-su=Ninŋirsuk[1//1]DN'DN$Ninŋirsuk/{d}nin-ŋir₂-su#N1=Ninŋirsuk##N1=NAME",
                  "f": {
                    "lang": "sux",
                    "form": "{d}nin-ŋir₂-su",
                    "cf": "Ninŋirsuk",
                    "gw": "1",
                    "sense": "1",
                    "norm": "Ninŋirsuk",
                    "pos": "DN",
                    "epos": "DN",
                    "base": "{d}nin-ŋir₂-su",
                    "morph": "N1=Ninŋirsuk",
                    "morph2": "N1=NAME"
                  }
                },
                {
                  "node": "d",
                  "type": "line-start",
                  "ref": "Q001067.24",
                  "n": "14",
                  "label": "ii 14"
                },
                {
                  "node": "l",
                  "id": "Q001067.l007a4",
                  "ref": "Q001067.24.1",
                  "inst": "en[lord]\\abs",
                  "sig": "@etcsri%sux:en\\abs=en[lord//lord]N'N$en.ø/en#N1=en.N5=ø##N1=STEM.N5=ABS",
                  "f": {
                    "lang": "sux",
                    "form": "en\\abs",
                    "cf": "en",
                    "gw": "lord",
                    "sense": "lord",
                    "norm": "en.ø",
                    "pos": "N",
                    "epos": "N",
                    "base": "en",
                    "morph": "N1=en.N5=ø",
                    "morph2": "N1=STEM.N5=ABS"
                  }
                },
                {
                  "node": "l",
                  "id": "Q001067.l007a5",
                  "ref": "Q001067.24.2",
                  "inst": "abzu[water]",
                  "sig": "@etcsri%sux:abzu-ta=abzu[water//water]N'N$abzu.ta/abzu#N1=abzu.N5=ta##N1=STEM.N5=ABL",
                  "f": {
                    "lang": "sux",
                    "form": "abzu-ta",
                    "cf": "abzu",
                    "gw": "water",
                    "sense": "water",
                    "norm": "abzu.ta",
                    "pos": "N",
                    "epos": "N",
                    "base": "abzu",
                    "morph": "N1=abzu.N5=ta",
                    "morph2": "N1=STEM.N5=ABL"
                  }
                },
                {
                  "node": "d",
                  "type": "line-start",
                  "ref": "Q001067.25",
                  "n": "15",
                  "label": "ii 15"
                },
                {
                  "node": "l",
                  "id": "Q001067.l007a6",
                  "ref": "Q001067.25.1",
                  "inst": "ud[sun]",
                  "sig": "@etcsri%sux:ud=ud[sun//day, sun]N'N$ud/ud#N1=ud##N1=STEM",
                  "f": {
                    "lang": "sux",
                    "form": "ud",
                    "cf": "ud",
                    "gw": "sun",
                    "sense": "day, sun",
                    "norm": "ud",
                    "pos": "N",
                    "epos": "N",
                    "base": "ud",
                    "morph": "N1=ud",
                    "morph2": "N1=STEM"
                  }
                },
                {
                  "node": "l",
                  "id": "Q001067.l007a7",
                  "ref": "Q001067.25.2",
                  "inst": "sud[distant]",
                  "sig": "@etcsri%sux:sud-še₃=sud[distant//(to be) distant]V/i'V/i$sud.še/sud#NV2=sud.N5=še##NV2=STEM.N5=TERM",
                  "f": {
                    "lang": "sux",
                    "form": "sud-še₃",
                    "cf": "sud",
                    "gw": "distant",
                    "sense": "(to be) distant",
                    "norm": "sud.še",
                    "pos": "V/i",
                    "epos": "V/i",
                    "base": "sud",
                    "morph": "NV2=sud.N5=še",
                    "morph2": "NV2=STEM.N5=TERM"
                  }
                },
                {
                  "node": "l",
                  "id": "Q001067.l007a8",
                  "ref": "Q001067.25.3",
                  "inst": "mah[great]",
                  "sig": "@etcsri%sux:mah=mah[great//great]V/i'V/i$mah/mah#NV2=mah##NV2=STEM",
                  "f": {
                    "lang": "sux",
                    "form": "mah",
                    "cf": "mah",
                    "gw": "great",
                    "sense": "great",
                    "norm": "mah",
                    "pos": "V/i",
                    "epos": "V/i",
                    "base": "mah",
                    "morph": "NV2=mah",
                    "morph2": "NV2=STEM"
                  }
                },
                {
                  "node": "d",
                  "type": "line-start",
                  "ref": "Q001067.26",
                  "n": "16",
                  "label": "ii 16"
                },
                {
                  "node": "l",
                  "id": "Q001067.l007a9",
                  "ref": "Q001067.26.1",
                  "inst": "Eanatum[1]RN",
                  "sig": "@etcsri%sux:e₂-an-na-tum₂-me=Eanatum[1//Eanatum, ruler of Lagaš]RN'RN$Eanatum.e/e₂-an-na-tum₂#N1=Eanatum.N5=e##N1=NAME.N5=ERG",
                  "f": {
                    "lang": "sux",
                    "form": "e₂-an-na-tum₂-me",
                    "cf": "Eanatum",
                    "gw": "1",
                    "sense": "Eanatum, ruler of Lagaš",
                    "norm": "Eanatum.e",
                    "pos": "RN",
                    "epos": "RN",
                    "base": "e₂-an-na-tum₂",
                    "morph": "N1=Eanatum.N5=e",
                    "morph2": "N1=NAME.N5=ERG"
                  }
                },
                {
                  "node": "d",
                  "type": "line-start",
                  "ref": "Q001067.27",
                  "n": "17",
                  "label": "ii 17"
                },
                {
                  "node": "l",
                  "id": "Q001067.l007aa",
                  "ref": "Q001067.27.1",
                  "inst": "mu[name]\\term",
                  "sig": "@etcsri%sux:mu\\term=mu[name//name]N'N$mu.še/mu#N1=mu.N5=še##N1=STEM.N5=TERM",
                  "f": {
                    "lang": "sux",
                    "form": "mu\\term",
                    "cf": "mu",
                    "gw": "name",
                    "sense": "name",
                    "norm": "mu.še",
                    "pos": "N",
                    "epos": "N",
                    "base": "mu",
                    "morph": "N1=mu.N5=še",
                    "morph2": "N1=STEM.N5=TERM"
                  }
                },
                {
                  "node": "l",
                  "id": "Q001067.l007ab",
                  "ref": "Q001067.27.2",
                  "inst": "sze[call] +.",
                  "sig": "@etcsri%sux:e-mi-še₂₁=še[call//call]V/t'V/t$i.m.b.i.n.še.ø/še₂₁#V2=i.V4=m.V5=b.V10=i.V11=n.V12=še.V14=ø##V2=FIN.V4=VEN.V5=3-NH.V10=L2.V11=3-SG-H-A.V12=STEM.V14=3-SG-P",
                  "f": {
                    "lang": "sux",
                    "form": "e-mi-še₂₁",
                    "cf": "še",
                    "gw": "call",
                    "sense": "call",
                    "norm": "i.m.b.i.n.še.ø",
                    "pos": "V/t",
                    "epos": "V/t",
                    "base": "še₂₁",
                    "morph": "V2=i.V4=m.V5=b.V10=i.V11=n.V12=še.V14=ø",
                    "morph2": "V2=FIN.V4=VEN.V5=3-NH.V10=L2.V11=3-SG-H-A.V12=STEM.V14=3-SG-P"
                  }
                }
              ]
            },
            {
              "node": "c",
              "type": "sentence",
              "tag": ".",
              "id": "Q001067.U16",
              "label": "ii 18 - iii 1",
              "cdl": [
                {
                  "node": "d",
                  "type": "line-start",
                  "ref": "Q001067.28",
                  "n": "18",
                  "label": "ii 18"
                },
                {
                  "node": "l",
                  "id": "Q001067.l007ac",
                  "ref": "Q001067.28.1",
                  "inst": "lu[person]",
                  "sig": "@etcsri%sux:lu₂=lu[person//person]N'N$lu/lu₂#N1=lu##N1=STEM",
                  "f": {
                    "lang": "sux",
                    "form": "lu₂",
                    "cf": "lu",
                    "gw": "person",
                    "sense": "person",
                    "norm": "lu",
                    "pos": "N",
                    "epos": "N",
                    "base": "lu₂",
                    "morph": "N1=lu",
                    "morph2": "N1=STEM"
                  }
                },
                {
                  "node": "l",
                  "id": "Q001067.l007ad",
                  "ref": "Q001067.28.2",
                  "inst": "Umma[1]\\gen\\abs",
                  "sig": "@etcsri%sux:umma{ki}\\gen\\abs=Umma[1//1]SN'SN$Umma.ak.ø/umma{ki}#N1=Umma.N5=ak.N5=ø##N1=NAME.N5=GEN.N5=ABS",
                  "f": {
                    "lang": "sux",
                    "form": "umma{ki}\\gen\\abs",
                    "cf": "Umma",
                    "gw": "1",
                    "sense": "1",
                    "norm": "Umma.ak.ø",
                    "pos": "SN",
                    "epos": "SN",
                    "base": "umma{ki}",
                    "morph": "N1=Umma.N5=ak.N5=ø",
                    "morph2": "N1=NAME.N5=GEN.N5=ABS"
                  }
                },
                {
                  "node": "d",
                  "type": "line-start",
                  "ref": "Q001067.29",
                  "n": "19",
                  "label": "ii 19"
                },
                {
                  "node": "l",
                  "id": "Q001067.l007ae",
                  "ref": "Q001067.29.1",
                  "inst": "ašag[field]\\abs",
                  "sig": "@etcsri%sux:{a-šag₄}ašag\\abs=ašag[field//field]N'N$ašag.ø/{a-šag₄}ašag#N1=ašag.N5=ø##N1=STEM.N5=ABS",
                  "f": {
                    "lang": "sux",
                    "form": "{a-šag₄}ašag\\abs",
                    "cf": "ašag",
                    "gw": "field",
                    "sense": "field",
                    "norm": "ašag.ø",
                    "pos": "N",
                    "epos": "N",
                    "base": "{a-šag₄}ašag",
                    "morph": "N1=ašag.N5=ø",
                    "morph2": "N1=STEM.N5=ABS"
                  }
                },
                {
                  "node": "l",
                  "id": "Q001067.l007af",
                  "ref": "Q001067.29.2",
                  "inst": "de[bring]",
                  "sig": "@etcsri%sux:tum₂-še₃=de[bring//to bring]V/t'V/t$tumu.ed.še/tum₂#NV2=tumu.NV3=ed.N5=še##NV2=STEM-PF.NV3=PF.N5=TERM",
                  "f": {
                    "lang": "sux",
                    "form": "tum₂-še₃",
                    "cf": "de",
                    "gw": "bring",
                    "sense": "to bring",
                    "norm": "tumu.ed.še",
                    "pos": "V/t",
                    "epos": "V/t",
                    "base": "tum₂",
                    "morph": "NV2=tumu.NV3=ed.N5=še",
                    "morph2": "NV2=STEM-PF.NV3=PF.N5=TERM"
                  }
                },
                {
                  "node": "d",
                  "type": "line-start",
                  "ref": "Q001067.30",
                  "n": "1",
                  "label": "iii 1"
                },
                {
                  "node": "l",
                  "id": "Q001067.l007b0",
                  "ref": "Q001067.30.1",
                  "inst": "id[river]\\l1",
                  "sig": "@etcsri%sux:id₅\\l1=id[river//river]N'N$id.'a/id₅#N1=id.N5='a##N1=STEM.N5=L1",
                  "f": {
                    "lang": "sux",
                    "form": "id₅\\l1",
                    "cf": "id",
                    "gw": "river",
                    "sense": "river",
                    "norm": "id.'a",
                    "pos": "N",
                    "epos": "N",
                    "base": "id₅",
                    "morph": "N1=id.N5='a",
                    "morph2": "N1=STEM.N5=L1"
                  }
                },
                {
                  "node": "l",
                  "id": "Q001067.l007b1",
                  "ref": "Q001067.30.2",
                  "inst": "bala[turn]\\gen +.",
                  "sig": "@etcsri%sux:mu-bala-e-a\\gen=bala[turn//turn, rotate, to change, to revoke]V/t'V/t$mu.n.bala.e.'a.ak/bala#V4=mu.V10=n.V12=bala.V14=e.V15='a.N5=ak##V4=VEN.V10=L1-SYN.V11=3-SG-NH-P.V12=STEM.V14=3-SG-A.V15=SUB.N5=GEN",
                  "f": {
                    "lang": "sux",
                    "form": "mu-bala-e-a\\gen",
                    "cf": "bala",
                    "gw": "turn",
                    "sense": "turn, rotate, to change, to revoke",
                    "norm": "mu.n.bala.e.'a.ak",
                    "pos": "V/t",
                    "epos": "V/t",
                    "base": "bala",
                    "morph": "V4=mu.V10=n.V12=bala.V14=e.V15='a.N5=ak",
                    "morph2": "V4=VEN.V10=L1-SYN.V11=3-SG-NH-P.V12=STEM.V14=3-SG-A.V15=SUB.N5=GEN"
                  }
                }
              ]
            },
            {
              "node": "c",
              "type": "sentence",
              "tag": ".",
              "id": "Q001067.U18",
              "label": "iii 2 - iii 3",
              "cdl": [
                {
                  "node": "d",
                  "type": "line-start",
                  "ref": "Q001067.31",
                  "n": "2",
                  "label": "iii 2"
                },
                {
                  "node": "l",
                  "id": "Q001067.l007b2",
                  "ref": "Q001067.31.1",
                  "inst": "Ninŋirsuk[1]DN\\abs",
                  "sig": "@etcsri%sux:{d}nin-ŋir₂-su\\abs=Ninŋirsuk[1//1]DN'DN$Ninŋirsuk.ø/{d}nin-ŋir₂-su#N1=Ninŋirsuk.N5=ø##N1=NAME.N5=ABS",
                  "f": {
                    "lang": "sux",
                    "form": "{d}nin-ŋir₂-su\\abs",
                    "cf": "Ninŋirsuk",
                    "gw": "1",
                    "sense": "1",
                    "norm": "Ninŋirsuk.ø",
                    "pos": "DN",
                    "epos": "DN",
                    "base": "{d}nin-ŋir₂-su",
                    "morph": "N1=Ninŋirsuk.N5=ø",
                    "morph2": "N1=NAME.N5=ABS"
                  }
                },
                {
                  "node": "d",
                  "type": "line-start",
                  "ref": "Q001067.32",
                  "n": "3",
                  "label": "iii 3"
                },
                {
                  "node": "l",
                  "id": "Q001067.l007b3",
                  "ref": "Q001067.32.1",
                  "inst": "uszumgal[dragon]\\abs",
                  "sig": "@etcsri%sux:ušumgal-ni\\abs=ušumgal[dragon//great dragon, snake]N'N$ušumgal.ani.ø/ušumgal#N1=ušumgal.N3=ani.N5=ø##N1=STEM.N3=3-SG-H-POSS.N5=ABS",
                  "f": {
                    "lang": "sux",
                    "form": "ušumgal-ni\\abs",
                    "cf": "ušumgal",
                    "gw": "dragon",
                    "sense": "great dragon, snake",
                    "norm": "ušumgal.ani.ø",
                    "pos": "N",
                    "epos": "N",
                    "base": "ušumgal",
                    "morph": "N1=ušumgal.N3=ani.N5=ø",
                    "morph2": "N1=STEM.N3=3-SG-H-POSS.N5=ABS"
                  }
                },
                {
                  "node": "l",
                  "id": "Q001067.l007b4",
                  "ref": "Q001067.32.2",
                  "inst": "me[be] +.",
                  "sig": "@etcsri%sux:he₂=me[be//to be, (the independent form of the) copula]V/i'V/i$ha.i.me.ø/me#V1=ha.V2=i.V12=me.V14=ø##V1=MOD1.V2=FIN.V12=COP.V14=3-SG-S",
                  "f": {
                    "lang": "sux",
                    "form": "he₂",
                    "cf": "me",
                    "gw": "be",
                    "sense": "to be, (the independent form of the) copula",
                    "norm": "ha.i.me.ø",
                    "pos": "V/i",
                    "epos": "V/i",
                    "base": "me",
                    "morph": "V1=ha.V2=i.V12=me.V14=ø",
                    "morph2": "V1=MOD1.V2=FIN.V12=COP.V14=3-SG-S"
                  }
                }
              ]
            },
            {
              "node": "c",
              "type": "sentence",
              "tag": ".",
              "id": "Q001067.U20",
              "label": "iii 4 - iii 6",
              "cdl": [
                {
                  "node": "d",
                  "type": "line-start",
                  "ref": "Q001067.33",
                  "n": "4",
                  "label": "iii 4"
                },
                {
                  "node": "l",
                  "id": "Q001067.l007b5",
                  "ref": "Q001067.33.1",
                  "inst": "Enlil[1]DN",
                  "sig": "@etcsri%sux:{d}en-lilₓ(E₂)-le=Enlil[1//1]DN'DN$Enlil.e/{d}en-lilₓ(E₂)#N1=Enlil.N5=e##N1=NAME.N5=ERG",
                  "f": {
                    "lang": "sux",
                    "form": "{d}en-lilₓ(E₂)-le",
                    "cf": "Enlil",
                    "gw": "1",
                    "sense": "1",
                    "norm": "Enlil.e",
                    "pos": "DN",
                    "epos": "DN",
                    "base": "{d}en-lilₓ(E₂)",
                    "morph": "N1=Enlil.N5=e",
                    "morph2": "N1=NAME.N5=ERG"
                  }
                },
                {
                  "node": "d",
                  "type": "line-start",
                  "ref": "Q001067.34",
                  "n": "5",
                  "label": "iii 5"
                },
                {
                  "node": "l",
                  "id": "Q001067.l007b6",
                  "ref": "Q001067.34.1",
                  "inst": "absin[furrow]",
                  "sig": "@etcsri%sux:absin₃-na-na=absin[furrow//furrow]N'N$absin.ani.'a/absin₃#N1=absin.N3=ani.N5='a##N1=STEM.N3=3-SG-H-POSS.N5=L2.NH",
                  "f": {
                    "lang": "sux",
                    "form": "absin₃-na-na",
                    "cf": "absin",
                    "gw": "furrow",
                    "sense": "furrow",
                    "norm": "absin.ani.'a",
                    "pos": "N",
                    "epos": "N",
                    "base": "absin₃",
                    "morph": "N1=absin.N3=ani.N5='a",
                    "morph2": "N1=STEM.N3=3-SG-H-POSS.N5=L2.NH"
                  }
                },
                {
                  "node": "d",
                  "type": "line-start",
                  "ref": "Q001067.35",
                  "n": "6",
                  "label": "iii 6"
                },
                {
                  "node": "l",
                  "id": "Q001067.l007b7",
                  "ref": "Q001067.35.1",
                  "inst": "mun[salt]\\abs",
                  "sig": "@etcsri%sux:mun\\abs=mun[salt//salt]N'N$mun.ø/mun#N1=mun.N5=ø##N1=STEM.N5=ABS",
                  "f": {
                    "lang": "sux",
                    "form": "mun\\abs",
                    "cf": "mun",
                    "gw": "salt",
                    "sense": "salt",
                    "norm": "mun.ø",
                    "pos": "N",
                    "epos": "N",
                    "base": "mun",
                    "morph": "N1=mun.N5=ø",
                    "morph2": "N1=STEM.N5=ABS"
                  }
                },
                {
                  "node": "l",
                  "id": "Q001067.l007b8",
                  "ref": "Q001067.35.2",
                  "inst": "zig[rise] +.",
                  "sig": "@etcsri%sux:ha-bi₂-zi-zi=zig[rise//rise]V/i'V/i$ha.b.i.bi.zizi.e/zi-zi#V1=ha.V5=b.V10=i.V11=bi.V12=zizi.V14=e##V1=MOD1.V5=3-NH.V10=L2.V11=3-SG-NH-P.V12=STEM-PF.V14=3-SG-A",
                  "f": {
                    "lang": "sux",
                    "form": "ha-bi₂-zi-zi",
                    "cf": "zig",
                    "gw": "rise",
                    "sense": "rise",
                    "norm": "ha.b.i.bi.zizi.e",
                    "pos": "V/i",
                    "epos": "V/i",
                    "base": "zi-zi",
                    "morph": "V1=ha.V5=b.V10=i.V11=bi.V12=zizi.V14=e",
                    "morph2": "V1=MOD1.V5=3-NH.V10=L2.V11=3-SG-NH-P.V12=STEM-PF.V14=3-SG-A"
                  }
                }
              ]
            },
            {
              "node": "c",
              "type": "sentence",
              "tag": ".",
              "id": "Q001067.U22",
              "label": "iii 7 - iii 10",
              "cdl": [
                {
                  "node": "d",
                  "type": "line-start",
                  "ref": "Q001067.36",
                  "n": "7",
                  "label": "iii 7"
                },
                {
                  "node": "l",
                  "id": "Q001067.l007b9",
                  "ref": "Q001067.36.1",
                  "inst": "u",
                  "f": {
                    "lang": "sux",
                    "form": "AN",
                    "pos": "u"
                  }
                },
                {
                  "node": "l",
                  "id": "Q001067.l007ba",
                  "ref": "Q001067.36.2",
                  "inst": "u",
                  "f": {
                    "lang": "sux",
                    "form": "ŠU",
                    "pos": "u"
                  }
                },
                {
                  "node": "l",
                  "id": "Q001067.l007bb",
                  "ref": "Q001067.36.3",
                  "inst": "u",
                  "f": {
                    "lang": "sux",
                    "form": "KAL",
                    "pos": "u"
                  }
                },
                {
                  "node": "d",
                  "type": "line-start",
                  "ref": "Q001067.37",
                  "n": "8",
                  "label": "iii 8"
                },
                {
                  "node": "l",
                  "id": "Q001067.l007bc",
                  "ref": "Q001067.37.1",
                  "inst": "u",
                  "f": {
                    "lang": "sux",
                    "form": "x",
                    "pos": "u"
                  }
                },
                {
                  "node": "l",
                  "id": "Q001067.l007bd",
                  "ref": "Q001067.37.2",
                  "inst": "u",
                  "f": {
                    "lang": "sux",
                    "form": "x",
                    "pos": "u"
                  }
                },
                {
                  "node": "l",
                  "id": "Q001067.l007be",
                  "ref": "Q001067.37.3",
                  "inst": "u",
                  "f": {
                    "lang": "sux",
                    "form": "x",
                    "pos": "u"
                  }
                },
                {
                  "node": "d",
                  "type": "line-start",
                  "ref": "Q001067.38",
                  "n": "9",
                  "label": "iii 9"
                },
                {
                  "node": "l",
                  "id": "Q001067.l007bf",
                  "ref": "Q001067.38.1",
                  "inst": "u",
                  "f": {
                    "lang": "sux",
                    "form": "x",
                    "pos": "u"
                  }
                },
                {
                  "node": "l",
                  "id": "Q001067.l007c0",
                  "ref": "Q001067.38.2",
                  "inst": "u",
                  "f": {
                    "lang": "sux",
                    "form": "DA",
                    "pos": "u"
                  }
                },
                {
                  "node": "l",
                  "id": "Q001067.l007c1",
                  "ref": "Q001067.38.3",
                  "inst": "u",
                  "f": {
                    "lang": "sux",
                    "form": "x",
                    "pos": "u"
                  }
                },
                {
                  "node": "d",
                  "type": "line-start",
                  "ref": "Q001067.39",
                  "n": "10",
                  "label": "iii 10"
                },
                {
                  "node": "l",
                  "id": "Q001067.l007c2",
                  "ref": "Q001067.39.1",
                  "inst": "til[live]\\abs",
                  "sig": "@etcsri%sux:til₃\\abs=til[live//live]V/i'V/i$til.ø/til₃#NV2=til.N5=ø##NV2=STEM.N5=ABS",
                  "f": {
                    "lang": "sux",
                    "form": "til₃\\abs",
                    "cf": "til",
                    "gw": "live",
                    "sense": "live",
                    "norm": "til.ø",
                    "pos": "V/i",
                    "epos": "V/i",
                    "base": "til₃",
                    "morph": "NV2=til.N5=ø",
                    "morph2": "NV2=STEM.N5=ABS"
                  }
                },
                {
                  "node": "l",
                  "id": "Q001067.l007c3",
                  "ref": "Q001067.39.2",
                  "inst": "szum[give] +.",
                  "sig": "@etcsri%sux:na-na-šum₂-mu=šum[give//give]V/t'V/t$nan.nn.a.šum.e/šum₂#V2=nan.V6=nn.V7=a.V12=šum.V14=e##V2=MOD3.V6=3-SG-H.V7=DAT.V12=STEM.V14=3-SG-A",
                  "f": {
                    "lang": "sux",
                    "form": "na-na-šum₂-mu",
                    "cf": "šum",
                    "gw": "give",
                    "sense": "give",
                    "norm": "nan.nn.a.šum.e",
                    "pos": "V/t",
                    "epos": "V/t",
                    "base": "šum₂",
                    "morph": "V2=nan.V6=nn.V7=a.V12=šum.V14=e",
                    "morph2": "V2=MOD3.V6=3-SG-H.V7=DAT.V12=STEM.V14=3-SG-A"
                  }
                }
              ]
            },
            {
              "node": "c",
              "type": "sentence",
              "tag": ".",
              "id": "Q001067.U24",
              "label": "iii 11 - iii 12",
              "cdl": [
                {
                  "node": "d",
                  "type": "line-start",
                  "ref": "Q001067.40",
                  "n": "11",
                  "label": "iii 11"
                },
                {
                  "node": "l",
                  "id": "Q001067.l007c4",
                  "ref": "Q001067.40.1",
                  "inst": "ane[he]\\abs",
                  "sig": "@etcsri%sux:a-ne\\abs=ane[he//she, he]IP'IP$ane.ø/a-ne#N1=ane.N5=ø##N1=STEM.N5=ABS",
                  "f": {
                    "lang": "sux",
                    "form": "a-ne\\abs",
                    "cf": "ane",
                    "gw": "he",
                    "sense": "she, he",
                    "norm": "ane.ø",
                    "pos": "IP",
                    "epos": "IP",
                    "base": "a-ne",
                    "morph": "N1=ane.N5=ø",
                    "morph2": "N1=STEM.N5=ABS"
                  }
                },
                {
                  "node": "d",
                  "type": "line-start",
                  "ref": "Q001067.41",
                  "n": "12",
                  "label": "iii 12"
                },
                {
                  "node": "l",
                  "id": "Q001067.l007c5",
                  "ref": "Q001067.41.1",
                  "inst": "e[house]",
                  "sig": "@etcsri%sux:e₂=e[house//house, temple]N'N$e/e₂#N1=e##N1=STEM",
                  "f": {
                    "lang": "sux",
                    "form": "e₂",
                    "cf": "e",
                    "gw": "house",
                    "sense": "house, temple",
                    "norm": "e",
                    "pos": "N",
                    "epos": "N",
                    "base": "e₂",
                    "morph": "N1=e",
                    "morph2": "N1=STEM"
                  }
                },
                {
                  "node": "l",
                  "id": "Q001067.l007c6",
                  "ref": "Q001067.41.2",
                  "inst": "an[sky]",
                  "sig": "@etcsri%sux:an-še₃=an[sky//sky, heaven]N'N$an.še/an#N1=an.N5=še##N1=STEM.N5=TERM",
                  "f": {
                    "lang": "sux",
                    "form": "an-še₃",
                    "cf": "an",
                    "gw": "sky",
                    "sense": "sky, heaven",
                    "norm": "an.še",
                    "pos": "N",
                    "epos": "N",
                    "base": "an",
                    "morph": "N1=an.N5=še",
                    "morph2": "N1=STEM.N5=TERM"
                  }
                },
                {
                  "node": "l",
                  "id": "Q001067.l007c7",
                  "ref": "Q001067.41.3",
                  "inst": "u +.",
                  "f": {
                    "lang": "sux",
                    "form": "mu-x",
                    "pos": "u"
                  }
                }
              ]
            },
            {
              "node": "c",
              "type": "sentence",
              "tag": ".",
              "id": "Q001067.U26",
              "label": "iii 13 - iii 14",
              "cdl": [
                {
                  "node": "d",
                  "type": "line-start",
                  "ref": "Q001067.42",
                  "n": "13",
                  "label": "iii 13"
                },
                {
                  "node": "l",
                  "id": "Q001067.l007c8",
                  "ref": "Q001067.42.1",
                  "inst": "u",
                  "f": {
                    "lang": "sux",
                    "form": "x-x",
                    "pos": "u"
                  }
                },
                {
                  "node": "d",
                  "type": "line-start",
                  "ref": "Q001067.43",
                  "n": "14",
                  "label": "iii 14"
                },
                {
                  "node": "l",
                  "id": "Q001067.l007c9",
                  "ref": "Q001067.43.1",
                  "inst": "til[live]\\abs",
                  "sig": "@etcsri%sux:til₃\\abs=til[live//live]V/i'V/i$til.ø/til₃#NV2=til.N5=ø##NV2=STEM.N5=ABS",
                  "f": {
                    "lang": "sux",
                    "form": "til₃\\abs",
                    "cf": "til",
                    "gw": "live",
                    "sense": "live",
                    "norm": "til.ø",
                    "pos": "V/i",
                    "epos": "V/i",
                    "base": "til₃",
                    "morph": "NV2=til.N5=ø",
                    "morph2": "NV2=STEM.N5=ABS"
                  }
                },
                {
                  "node": "l",
                  "id": "Q001067.l007ca",
                  "ref": "Q001067.43.2",
                  "inst": "szum[give] +.",
                  "sig": "@etcsri%sux:na-na-šum₂-mu=šum[give//give]V/t'V/t$nan.nn.a.šum.e/šum₂#V2=nan.V6=nn.V7=a.V12=šum.V14=e##V2=MOD3.V6=3-SG-H.V7=DAT.V12=STEM.V14=3-SG-A",
                  "f": {
                    "lang": "sux",
                    "form": "na-na-šum₂-mu",
                    "cf": "šum",
                    "gw": "give",
                    "sense": "give",
                    "norm": "nan.nn.a.šum.e",
                    "pos": "V/t",
                    "epos": "V/t",
                    "base": "šum₂",
                    "morph": "V2=nan.V6=nn.V7=a.V12=šum.V14=e",
                    "morph2": "V2=MOD3.V6=3-SG-H.V7=DAT.V12=STEM.V14=3-SG-A"
                  }
                }
              ]
            },
            {
              "node": "c",
              "type": "sentence",
              "tag": ".",
              "id": "Q001067.U28",
              "label": "iii 15 - iii 16",
              "cdl": [
                {
                  "node": "d",
                  "type": "line-start",
                  "ref": "Q001067.44",
                  "n": "15",
                  "label": "iii 15"
                },
                {
                  "node": "l",
                  "id": "Q001067.l007cb",
                  "ref": "Q001067.44.1",
                  "inst": "iri[city]",
                  "sig": "@etcsri%sux:iri=iri[city//city]N'N$iri/iri#N1=iri##N1=STEM",
                  "f": {
                    "lang": "sux",
                    "form": "iri",
                    "cf": "iri",
                    "gw": "city",
                    "sense": "city",
                    "norm": "iri",
                    "pos": "N",
                    "epos": "N",
                    "base": "iri",
                    "morph": "N1=iri",
                    "morph2": "N1=STEM"
                  }
                },
                {
                  "node": "l",
                  "id": "Q001067.l007cc",
                  "ref": "Q001067.44.2",
                  "inst": "ni[self]",
                  "sig": "@etcsri%sux:mete-na=ni[self//self]N'N$nite.ani.'a/mete#N1=nite.N3=ani.N5='a##N1=STEM.N3=3-SG-H-POSS.N5=L1",
                  "f": {
                    "lang": "sux",
                    "form": "mete-na",
                    "cf": "ni",
                    "gw": "self",
                    "sense": "self",
                    "norm": "nite.ani.'a",
                    "pos": "N",
                    "epos": "N",
                    "base": "mete",
                    "morph": "N1=nite.N3=ani.N5='a",
                    "morph2": "N1=STEM.N3=3-SG-H-POSS.N5=L1"
                  }
                },
                {
                  "node": "d",
                  "type": "line-start",
                  "ref": "Q001067.45",
                  "n": "16",
                  "label": "iii 16"
                },
                {
                  "node": "l",
                  "id": "Q001067.l007cd",
                  "ref": "Q001067.45.1",
                  "inst": "szu[hand]\\abs",
                  "sig": "@etcsri%sux:šu\\abs=šu[hand//hand]N'N$šu.ø/šu#N1=šu.N5=ø##N1=STEM.N5=ABS",
                  "f": {
                    "lang": "sux",
                    "form": "šu\\abs",
                    "cf": "šu",
                    "gw": "hand",
                    "sense": "hand",
                    "norm": "šu.ø",
                    "pos": "N",
                    "epos": "N",
                    "base": "šu",
                    "morph": "N1=šu.N5=ø",
                    "morph2": "N1=STEM.N5=ABS"
                  }
                },
                {
                  "node": "l",
                  "id": "Q001067.l007ce",
                  "ref": "Q001067.45.2",
                  "inst": "zig[rise] +.",
                  "sig": "@etcsri%sux:he₂-na-zig₃=zig[rise//rise]V/i'V/i$ha.i.nn.a.zig.ø/zig₃#V1=ha.V2=i.V6=nn.V7=a.V12=zig.V14=ø##V1=MOD1.V2=FIN.V6=3-SG_H.V7=DAT.V12=STEM.V14=3-SG-S",
                  "f": {
                    "lang": "sux",
                    "form": "he₂-na-zig₃",
                    "cf": "zig",
                    "gw": "rise",
                    "sense": "rise",
                    "norm": "ha.i.nn.a.zig.ø",
                    "pos": "V/i",
                    "epos": "V/i",
                    "base": "zig₃",
                    "morph": "V1=ha.V2=i.V6=nn.V7=a.V12=zig.V14=ø",
                    "morph2": "V1=MOD1.V2=FIN.V6=3-SG_H.V7=DAT.V12=STEM.V14=3-SG-S"
                  }
                }
              ]
            }
          ]
        }
      ]
    },
    {
      "linkbase": [
        {
          "type": "linkset",
          "xlink_title": "a aŋ[command//command, to instruct]V/t'V/t",
          "id": "Q001067.ls00000",
          "xlink_type": "extended",
          "xlink_role": "psu",
          "sig": "{a₂\\abs e-na-aŋ₂ = a[arm]N aŋ[measure]V/t += a aŋ[command//command, to instruct]V/t'V/t}::@etcsri%sux:a₂\\abs=a[arm//arm]N'N$a.ø/a₂#N1=a.N5=ø##N1=STEM.N5=ABS++@etcsri%sux:e-na-aŋ₂=aŋ[measure//measure]V/t'V/t$i.nn.a.n.aŋ.ø/aŋ₂#V2=i.V6=nn.V7=a.V11=n.V12=aŋ.V14=ø##V2=FIN.V6=3-SG-H.V7=DAT.V11=3-SG-H-A.V12=STEM.V14=3-SG-P",
          "links": [
            {
              "type": "link",
              "xlink_title": "a",
              "xlink_type": "locator",
              "xlink_href": "#Q001067.l00793",
              "xlink_role": "elt"
            },
            {
              "type": "link",
              "xlink_title": "aŋ",
              "xlink_type": "locator",
              "xlink_href": "#Q001067.l00794",
              "xlink_role": "elt"
            }
          ]
        }
      ]
    }
  ]
}
