{
  "type": "cdl",
  "project": "etcsri",
  "source": "http://oracc.org/etcsri",
  "license": "This data is released under the CC0 license",
  "license-url": "https://creativecommons.org/publicdomain/zero/1.0/",
  "more-info": "http://oracc.org/doc/opendata/",
  "UTC-timestamp": "2017-06-21T22:34:44",
  "textid": "Q001158",
  "cdl": [
    {
      "node": "c",
      "type": "text",
      "id": "Q001158.U0",
      "cdl": [
        {
          "node": "c",
          "type": "discourse",
          "subtype": "body",
          "id": "Q001158.U1",
          "cdl": [
            {
              "node": "c",
              "type": "sentence",
              "tag": ".",
              "id": "Q001158.U2",
              "label": "1 - 1",
              "cdl": [
                {
                  "node": "d",
                  "type": "line-start",
                  "ref": "Q001158.1",
                  "n": "1",
                  "label": "1"
                },
                {
                  "node": "l",
                  "id": "Q001158.l01665",
                  "ref": "Q001158.1.1",
                  "inst": "Bau[1]DN\\abs",
                  "sig": "@etcsri%sux:{d}ba-u₂\\abs=Bau[1//1]DN'DN$Bau.ø/{d}ba-u₂#N1=Bau.N5=ø##N1=NAME.N5=ABS",
                  "f": {
                    "lang": "sux",
                    "form": "{d}ba-u₂",
                    "delim": " ",
                    "gdl": [
                      {
                        "det": "semantic",
                        "pos": "pre",
                        "seq": [
                          {
                            "v": "d",
                            "id": "Q001158.1.1.0"
                          }
                        ]
                      },
                      {
                        "v": "ba",
                        "id": "Q001158.1.1.1",
                        "delim": "-"
                      },
                      {
                        "v": "u₂",
                        "id": "Q001158.1.1.2"
                      }
                    ],
                    "cf": "Bau",
                    "gw": "1",
                    "sense": "1",
                    "norm": "Bau.ø",
                    "pos": "DN",
                    "epos": "DN",
                    "base": "{d}ba-u₂",
                    "morph": "N1=Bau.N5=ø",
                    "morph2": "N1=NAME.N5=ABS"
                  }
                },
                {
                  "node": "c",
                  "type": "phrase",
                  "tag": "phr",
                  "id": "Q001158.U7",
                  "ref": "Q001158.ls00000",
                  "cdl": [
                    {
                      "node": "l",
                      "id": "Q001158.l01666",
                      "ref": "Q001158.1.2",
                      "inst": "szag[heart]\\abs",
                      "sig": "@etcsri%sux:šag₄\\abs=šag[heart//heart, inner body]N'N$šag.ø/šag₄#N1=šag.N5=ø##N1=STEM.N5=ABS",
                      "f": {
                        "lang": "sux",
                        "form": "šag₄",
                        "delim": " ",
                        "gdl": [
                          {
                            "v": "šag₄",
                            "id": "Q001158.1.2.0"
                          }
                        ],
                        "cf": "šag",
                        "gw": "heart",
                        "sense": "heart, inner body",
                        "norm": "šag.ø",
                        "pos": "N",
                        "epos": "N",
                        "base": "šag₄",
                        "morph": "N1=šag.N5=ø",
                        "morph2": "N1=STEM.N5=ABS"
                      }
                    },
                    {
                      "node": "l",
                      "id": "Q001158.l01667",
                      "ref": "Q001158.1.3",
                      "inst": "kuszu[tired]",
                      "sig": "@etcsri%sux:kuš₂=kušu[tired//(to be) tired, troubled]V/i'V/i$kušu/kuš₂#NV2=kušu##NV2=STEM",
                      "f": {
                        "lang": "sux",
                        "form": "kuš₂",
                        "delim": " ",
                        "gdl": [
                          {
                            "v": "kuš₂",
                            "id": "Q001158.1.3.0"
                          }
                        ],
                        "cf": "kušu",
                        "gw": "tired",
                        "sense": "(to be) tired, troubled",
                        "norm": "kušu",
                        "pos": "V/i",
                        "epos": "V/i",
                        "base": "kuš₂",
                        "morph": "NV2=kušu",
                        "morph2": "NV2=STEM"
                      }
                    }
                  ]
                },
                {
                  "node": "l",
                  "id": "Q001158.l01668",
                  "ref": "Q001158.1.4",
                  "inst": "Irikaginak[1]RN\\abs +.",
                  "sig": "@etcsri%sux:iri-ka-gen₆-na-ka\\abs=Irikaginak[1//Ruler of Lagaš]RN'RN$Irikaginak.ak.ø/iri-ka-gen₆-na#N1=Irikaginak.N5=ak.N5=ø##N1=NAME.N5=GEN.N5=ABS",
                  "f": {
                    "lang": "sux",
                    "form": "iri-ka-gen₆-na-ka",
                    "gdl": [
                      {
                        "v": "iri",
                        "id": "Q001158.1.4.0",
                        "delim": "-"
                      },
                      {
                        "v": "ka",
                        "id": "Q001158.1.4.1",
                        "delim": "-"
                      },
                      {
                        "v": "gen₆",
                        "id": "Q001158.1.4.2",
                        "delim": "-"
                      },
                      {
                        "v": "na",
                        "id": "Q001158.1.4.3",
                        "delim": "-"
                      },
                      {
                        "v": "ka",
                        "id": "Q001158.1.4.4"
                      }
                    ],
                    "cf": "Irikaginak",
                    "gw": "1",
                    "sense": "Ruler of Lagaš",
                    "norm": "Irikaginak.ak.ø",
                    "pos": "RN",
                    "epos": "RN",
                    "base": "iri-ka-gen₆-na",
                    "morph": "N1=Irikaginak.N5=ak.N5=ø",
                    "morph2": "N1=NAME.N5=GEN.N5=ABS"
                  }
                }
              ]
            },
            {
              "node": "c",
              "type": "sentence",
              "tag": ".",
              "id": "Q001158.U4",
              "label": "2 - 2",
              "cdl": [
                {
                  "node": "d",
                  "type": "line-start",
                  "ref": "Q001158.2",
                  "n": "2",
                  "label": "2"
                },
                {
                  "node": "l",
                  "id": "Q001158.l01669",
                  "ref": "Q001158.2.1",
                  "inst": "mu[name]\\cop +.",
                  "sig": "@etcsri%sux:mu-bi\\cop=mu[name//name]N'N$mu.bi.ø.am/mu#N1=mu.N3=bi.N5=ø.N6=am##N1=STEM.N3=3-SG-NH-POSS.N5=ABS.N6=COP-3-SG",
                  "f": {
                    "lang": "sux",
                    "form": "mu-bi",
                    "gdl": [
                      {
                        "v": "mu",
                        "id": "Q001158.2.1.0",
                        "delim": "-"
                      },
                      {
                        "v": "bi",
                        "id": "Q001158.2.1.1"
                      }
                    ],
                    "cf": "mu",
                    "gw": "name",
                    "sense": "name",
                    "norm": "mu.bi.ø.am",
                    "pos": "N",
                    "epos": "N",
                    "base": "mu",
                    "morph": "N1=mu.N3=bi.N5=ø.N6=am",
                    "morph2": "N1=STEM.N3=3-SG-NH-POSS.N5=ABS.N6=COP-3-SG"
                  }
                }
              ]
            }
          ]
        }
      ]
    },
    {
      "linkbase": [
        {
          "type": "linkset",
          "xlink_title": "šag kušu[soothe//soothe, to take counsel with]V/t'V/t",
          "id": "Q001158.ls00000",
          "xlink_type": "extended",
          "xlink_role": "psu",
          "sig": "{šag₄\\abs kuš₂ = šag[heart]N kušu[tired]V/i += šag kušu[soothe//soothe, to take counsel with]V/t'V/t}::@etcsri%sux:šag₄\\abs=šag[heart//heart, inner body]N'N$šag.ø/šag₄#N1=šag.N5=ø##N1=STEM.N5=ABS++@etcsri%sux:kuš₂=kušu[tired//(to be) tired, troubled]V/i'V/i$kušu/kuš₂#NV2=kušu##NV2=STEM",
          "links": [
            {
              "type": "link",
              "xlink_title": "šag",
              "xlink_type": "locator",
              "xlink_href": "#Q001158.l01666",
              "xlink_role": "elt"
            },
            {
              "type": "link",
              "xlink_title": "kušu",
              "xlink_type": "locator",
              "xlink_href": "#Q001158.l01667",
              "xlink_role": "elt"
            }
          ]
        }
      ]
    }
  ]
}
