{
  "type": "cdl",
  "source": "http://oracc.org/etcsri",
  "license": "This data is released under the CC0 license",
  "license-url": "https://creativecommons.org/publicdomain/zero/1.0/",
  "more-info": "http://oracc.org/doc/opendata/",
  "UTC-timestamp": "2017-06-10T00:00:38",
  "project": "etcsri",
  "textid": "Q001730",
  "cdl": [
    {
      "node": "c",
      "type": "text",
      "id": "Q001730.U0",
      "cdl": [
        {
          "node": "c",
          "type": "discourse",
          "subtype": "body",
          "id": "Q001730.U1",
          "cdl": [
            {
              "node": "c",
              "type": "sentence",
              "tag": ".",
              "id": "Q001730.U2",
              "label": "1 - 5",
              "cdl": [
                {
                  "node": "d",
                  "type": "line-start",
                  "ref": "Q001730.1",
                  "n": "1",
                  "label": "1"
                },
                {
                  "node": "l",
                  "id": "Q001730.l03f82",
                  "ref": "Q001730.1.1",
                  "inst": "Urašgi[2]PN",
                  "sig": "@etcsri%sux:ur-{d}{aš}aš₇-gi₄=Urašgi[2//Ur-Ašgi II, governor of Adab]PN'PN$Urašgi/ur-{d}{aš}aš₇-gi₄#N1=Urašgi##N1=NAME",
                  "f": {
                    "lang": "sux",
                    "form": "ur-{d}{aš}aš₇-gi₄",
                    "cf": "Urašgi",
                    "gw": "2",
                    "sense": "Ur-Ašgi II, governor of Adab",
                    "norm": "Urašgi",
                    "pos": "PN",
                    "epos": "PN",
                    "base": "ur-{d}{aš}aš₇-gi₄",
                    "morph": "N1=Urašgi",
                    "morph2": "N1=NAME"
                  }
                },
                {
                  "node": "d",
                  "type": "line-start",
                  "ref": "Q001730.2",
                  "n": "2",
                  "label": "2"
                },
                {
                  "node": "l",
                  "id": "Q001730.l03f83",
                  "ref": "Q001730.2.1",
                  "inst": "ensik[ruler//governor]",
                  "sig": "@etcsri%sux:ensi₂=ensik[ruler//governor]N'N$ensik/ensi₂#N1=ensik##N1=STEM",
                  "f": {
                    "lang": "sux",
                    "form": "ensi₂",
                    "cf": "ensik",
                    "gw": "ruler",
                    "sense": "governor",
                    "norm": "ensik",
                    "pos": "N",
                    "epos": "N",
                    "base": "ensi₂",
                    "morph": "N1=ensik",
                    "morph2": "N1=STEM"
                  }
                },
                {
                  "node": "d",
                  "type": "line-start",
                  "ref": "Q001730.3",
                  "n": "3",
                  "label": "3"
                },
                {
                  "node": "l",
                  "id": "Q001730.l03f84",
                  "ref": "Q001730.3.1",
                  "inst": "Adab[1]SN\\gen\\abs",
                  "sig": "@etcsri%sux:adab{ki}\\gen\\abs=Adab[1//1]SN'SN$Adab.ak.ø/adab{ki}#N1=Adab.N5=ak.N5=ø##N1=NAME.N5=GEN.N5=ABS",
                  "f": {
                    "lang": "sux",
                    "form": "adab{ki}\\gen\\abs",
                    "cf": "Adab",
                    "gw": "1",
                    "sense": "1",
                    "norm": "Adab.ak.ø",
                    "pos": "SN",
                    "epos": "SN",
                    "base": "adab{ki}",
                    "morph": "N1=Adab.N5=ak.N5=ø",
                    "morph2": "N1=NAME.N5=GEN.N5=ABS"
                  }
                },
                {
                  "node": "d",
                  "type": "line-start",
                  "ref": "Q001730.4",
                  "n": "4",
                  "label": "4"
                },
                {
                  "node": "l",
                  "id": "Q001730.l03f85",
                  "ref": "Q001730.4.1",
                  "inst": "Ayakala[2]PN",
                  "sig": "@etcsri%sux:a-a-kal-la=Ayakala[2//2]PN'PN$Ayakala/a-a-kal-la#N1=Ayakala##N1=NAME",
                  "f": {
                    "lang": "sux",
                    "form": "a-a-kal-la",
                    "cf": "Ayakala",
                    "gw": "2",
                    "sense": "2",
                    "norm": "Ayakala",
                    "pos": "PN",
                    "epos": "PN",
                    "base": "a-a-kal-la",
                    "morph": "N1=Ayakala",
                    "morph2": "N1=NAME"
                  }
                },
                {
                  "node": "d",
                  "type": "line-start",
                  "ref": "Q001730.5",
                  "n": "5",
                  "label": "5"
                },
                {
                  "node": "l",
                  "id": "Q001730.l03f86",
                  "ref": "Q001730.5.1",
                  "inst": "ejir[back//profession]\\abs",
                  "sig": "@etcsri%sux:eŋir\\abs=eŋir[back//a profession]N'N$eŋir.ø/eŋir#N1=eŋir.N5=ø##N1=STEM.N5=ABS",
                  "f": {
                    "lang": "sux",
                    "form": "eŋir\\abs",
                    "cf": "eŋir",
                    "gw": "back",
                    "sense": "a profession",
                    "norm": "eŋir.ø",
                    "pos": "N",
                    "epos": "N",
                    "base": "eŋir",
                    "morph": "N1=eŋir.N5=ø",
                    "morph2": "N1=STEM.N5=ABS"
                  }
                },
                {
                  "node": "l",
                  "id": "Q001730.l03f87",
                  "ref": "Q001730.5.2",
                  "inst": "arad[slave]\\abs +.",
                  "sig": "@etcsri%sux:arad₂-zu\\abs=arad[slave//slave, servant]N'N$arad.zu.ø/arad₂#N1=arad.N3=zu.N5=ø##N1=STEM.N3=2-SG-POSS.N5=ABS",
                  "f": {
                    "lang": "sux",
                    "form": "arad₂-zu\\abs",
                    "cf": "arad",
                    "gw": "slave",
                    "sense": "slave, servant",
                    "norm": "arad.zu.ø",
                    "pos": "N",
                    "epos": "N",
                    "base": "arad₂",
                    "morph": "N1=arad.N3=zu.N5=ø",
                    "morph2": "N1=STEM.N3=2-SG-POSS.N5=ABS"
                  }
                }
              ]
            }
          ]
        }
      ]
    }
  ]
}
