{
  "type": "cdl",
  "project": "etcsri",
  "source": "http://oracc.org/etcsri",
  "license": "This data is released under the CC0 license",
  "license-url": "https://creativecommons.org/publicdomain/zero/1.0/",
  "more-info": "http://oracc.org/doc/opendata/",
  "UTC-timestamp": "2017-06-21T22:36:21",
  "textid": "Q004142",
  "cdl": [
    {
      "node": "c",
      "type": "text",
      "id": "Q004142.U0",
      "cdl": [
        {
          "node": "c",
          "type": "discourse",
          "subtype": "body",
          "id": "Q004142.U1",
          "cdl": [
            {
              "node": "c",
              "type": "sentence",
              "tag": ".",
              "id": "Q004142.U2",
              "label": "i 1 - ii 3",
              "cdl": [
                {
                  "node": "d",
                  "type": "line-start",
                  "ref": "Q004142.1",
                  "n": "1",
                  "label": "i 1"
                },
                {
                  "node": "l",
                  "id": "Q004142.l048cc",
                  "ref": "Q004142.1.1",
                  "inst": "Amarsuenak[1]RN",
                  "sig": "@etcsri%sux:{d}amar-{d}suen=Amarsuenak[1//3rd king of the 3rd dynasty of Urim]RN'RN$Amarsuenak/{d}amar-{d}suen#N1=Amarsuenak##N1=NAME",
                  "f": {
                    "lang": "sux",
                    "form": "{d}amar-{d}suen",
                    "gdl": [
                      {
                        "det": "semantic",
                        "pos": "pre",
                        "seq": [
                          {
                            "v": "d",
                            "id": "Q004142.1.1.0"
                          }
                        ]
                      },
                      {
                        "v": "amar",
                        "id": "Q004142.1.1.1",
                        "delim": "-"
                      },
                      {
                        "det": "semantic",
                        "pos": "pre",
                        "seq": [
                          {
                            "v": "d",
                            "id": "Q004142.1.1.2"
                          }
                        ]
                      },
                      {
                        "v": "suen",
                        "id": "Q004142.1.1.3"
                      }
                    ],
                    "cf": "Amarsuenak",
                    "gw": "1",
                    "sense": "3rd king of the 3rd dynasty of Urim",
                    "norm": "Amarsuenak",
                    "pos": "RN",
                    "epos": "RN",
                    "base": "{d}amar-{d}suen",
                    "morph": "N1=Amarsuenak",
                    "morph2": "N1=NAME"
                  }
                },
                {
                  "node": "d",
                  "type": "line-start",
                  "ref": "Q004142.2",
                  "n": "2",
                  "label": "i 2"
                },
                {
                  "node": "l",
                  "id": "Q004142.l048cd",
                  "ref": "Q004142.2.1",
                  "inst": "nita[male]",
                  "sig": "@etcsri%sux:nita=nita[male//male]N'N$nita/nita#N1=nita##N1=STEM",
                  "f": {
                    "lang": "sux",
                    "form": "nita",
                    "delim": " ",
                    "gdl": [
                      {
                        "v": "nita",
                        "id": "Q004142.2.1.0"
                      }
                    ],
                    "cf": "nita",
                    "gw": "male",
                    "sense": "male",
                    "norm": "nita",
                    "pos": "N",
                    "epos": "N",
                    "base": "nita",
                    "morph": "N1=nita",
                    "morph2": "N1=STEM"
                  }
                },
                {
                  "node": "l",
                  "id": "Q004142.l048ce",
                  "ref": "Q004142.2.2",
                  "inst": "kalag[strong]",
                  "sig": "@etcsri%sux:kalag-ga=kalag[strong//strong]V/i'V/i$kalag.'a/kalag#NV2=kalag.NV4='a##NV2=STEM.NV4=SUB",
                  "f": {
                    "lang": "sux",
                    "form": "kalag-ga",
                    "gdl": [
                      {
                        "v": "kalag",
                        "id": "Q004142.2.2.0",
                        "delim": "-"
                      },
                      {
                        "v": "ga",
                        "id": "Q004142.2.2.1"
                      }
                    ],
                    "cf": "kalag",
                    "gw": "strong",
                    "sense": "strong",
                    "norm": "kalag.'a",
                    "pos": "V/i",
                    "epos": "V/i",
                    "base": "kalag",
                    "morph": "NV2=kalag.NV4='a",
                    "morph2": "NV2=STEM.NV4=SUB"
                  }
                },
                {
                  "node": "d",
                  "type": "line-start",
                  "ref": "Q004142.3",
                  "n": "3",
                  "label": "i 3"
                },
                {
                  "node": "l",
                  "id": "Q004142.l048cf",
                  "ref": "Q004142.3.1",
                  "inst": "lugal[king]",
                  "sig": "@etcsri%sux:lugal=lugal[king//king]N'N$lugal/lugal#N1=lugal##N1=STEM",
                  "f": {
                    "lang": "sux",
                    "form": "lugal",
                    "delim": " ",
                    "gdl": [
                      {
                        "v": "lugal",
                        "id": "Q004142.3.1.0"
                      }
                    ],
                    "cf": "lugal",
                    "gw": "king",
                    "sense": "king",
                    "norm": "lugal",
                    "pos": "N",
                    "epos": "N",
                    "base": "lugal",
                    "morph": "N1=lugal",
                    "morph2": "N1=STEM"
                  }
                },
                {
                  "node": "l",
                  "id": "Q004142.l048d0",
                  "ref": "Q004142.3.2",
                  "inst": "Urim[1]SN",
                  "sig": "@etcsri%sux:urim₅{ki}-ma=Urim[1//1]SN'SN$Urim.ak/urim₅{ki}#N1=Urim.N5=ak##N1=NAME.N5=GEN",
                  "f": {
                    "lang": "sux",
                    "form": "urim₅{ki}-ma",
                    "gdl": [
                      {
                        "v": "urim₅",
                        "id": "Q004142.3.2.0"
                      },
                      {
                        "det": "semantic",
                        "pos": "post",
                        "delim": "-",
                        "seq": [
                          {
                            "v": "ki",
                            "id": "Q004142.3.2.1"
                          }
                        ]
                      },
                      {
                        "v": "ma",
                        "id": "Q004142.3.2.2"
                      }
                    ],
                    "cf": "Urim",
                    "gw": "1",
                    "sense": "1",
                    "norm": "Urim.ak",
                    "pos": "SN",
                    "epos": "SN",
                    "base": "urim₅{ki}",
                    "morph": "N1=Urim.N5=ak",
                    "morph2": "N1=NAME.N5=GEN"
                  }
                },
                {
                  "node": "d",
                  "type": "line-start",
                  "ref": "Q004142.4",
                  "n": "4",
                  "label": "i 4"
                },
                {
                  "node": "l",
                  "id": "Q004142.l048d1",
                  "ref": "Q004142.4.1",
                  "inst": "lugal[king]",
                  "sig": "@etcsri%sux:lugal=lugal[king//king]N'N$lugal/lugal#N1=lugal##N1=STEM",
                  "f": {
                    "lang": "sux",
                    "form": "lugal",
                    "delim": " ",
                    "gdl": [
                      {
                        "v": "lugal",
                        "id": "Q004142.4.1.0"
                      }
                    ],
                    "cf": "lugal",
                    "gw": "king",
                    "sense": "king",
                    "norm": "lugal",
                    "pos": "N",
                    "epos": "N",
                    "base": "lugal",
                    "morph": "N1=lugal",
                    "morph2": "N1=STEM"
                  }
                },
                {
                  "node": "l",
                  "id": "Q004142.l048d2",
                  "ref": "Q004142.4.2",
                  "inst": "anubda[quarter]",
                  "sig": "@etcsri%sux:an-ub-da=anubda[quarter//a cosmographic or geographic term, quarter (of the universe)]N'N$anubda/an-ub-da#N1=anubda##N1=STEM",
                  "f": {
                    "lang": "sux",
                    "form": "an-ub-da",
                    "delim": " ",
                    "gdl": [
                      {
                        "v": "an",
                        "id": "Q004142.4.2.0",
                        "delim": "-"
                      },
                      {
                        "v": "ub",
                        "id": "Q004142.4.2.1",
                        "delim": "-"
                      },
                      {
                        "v": "da",
                        "id": "Q004142.4.2.2"
                      }
                    ],
                    "cf": "anubda",
                    "gw": "quarter",
                    "sense": "a cosmographic or geographic term, quarter (of the universe)",
                    "norm": "anubda",
                    "pos": "N",
                    "epos": "N",
                    "base": "an-ub-da",
                    "morph": "N1=anubda",
                    "morph2": "N1=STEM"
                  }
                },
                {
                  "node": "l",
                  "id": "Q004142.l048d3",
                  "ref": "Q004142.4.3",
                  "inst": "limmu[four]\\abs",
                  "sig": "@etcsri%sux:limmu₂-ba\\abs=limmu[four//four]NU'NU$limmu.bi.ak.ø/limmu₂#NV2=limmu.N3=bi.N5=ak.N5=ø##NV2=STEM.N3=3-SG-NH-POSS.N5=GEN.N5=ABS",
                  "f": {
                    "lang": "sux",
                    "form": "limmu₂-ba",
                    "gdl": [
                      {
                        "v": "limmu₂",
                        "id": "Q004142.4.3.0",
                        "delim": "-"
                      },
                      {
                        "v": "ba",
                        "id": "Q004142.4.3.1"
                      }
                    ],
                    "cf": "limmu",
                    "gw": "four",
                    "sense": "four",
                    "norm": "limmu.bi.ak.ø",
                    "pos": "NU",
                    "epos": "NU",
                    "base": "limmu₂",
                    "morph": "NV2=limmu.N3=bi.N5=ak.N5=ø",
                    "morph2": "NV2=STEM.N3=3-SG-NH-POSS.N5=GEN.N5=ABS"
                  }
                },
                {
                  "node": "d",
                  "type": "line-start",
                  "ref": "Q004142.5",
                  "n": "1",
                  "label": "ii 1"
                },
                {
                  "node": "l",
                  "id": "Q004142.l048d4",
                  "ref": "Q004142.5.1",
                  "inst": "Naramili[1]PN",
                  "sig": "@etcsri%sux:na-ra-am-i₃-li₂=Naramili[1//1]PN'PN$Naramili/na-ra-am-i₃-li₂#N1=Naramili##N1=NAME",
                  "f": {
                    "lang": "sux",
                    "form": "na-ra-am-i₃-li₂",
                    "gdl": [
                      {
                        "v": "na",
                        "id": "Q004142.5.1.0",
                        "delim": "-"
                      },
                      {
                        "v": "ra",
                        "id": "Q004142.5.1.1",
                        "delim": "-"
                      },
                      {
                        "v": "am",
                        "id": "Q004142.5.1.2",
                        "delim": "-"
                      },
                      {
                        "v": "i₃",
                        "id": "Q004142.5.1.3",
                        "delim": "-"
                      },
                      {
                        "v": "li₂",
                        "id": "Q004142.5.1.4"
                      }
                    ],
                    "cf": "Naramili",
                    "gw": "1",
                    "sense": "1",
                    "norm": "Naramili",
                    "pos": "PN",
                    "epos": "PN",
                    "base": "na-ra-am-i₃-li₂",
                    "morph": "N1=Naramili",
                    "morph2": "N1=NAME"
                  }
                },
                {
                  "node": "d",
                  "type": "line-start",
                  "ref": "Q004142.6",
                  "n": "2",
                  "label": "ii 2"
                },
                {
                  "node": "l",
                  "id": "Q004142.l048d5",
                  "ref": "Q004142.6.1",
                  "inst": "sukkal[envoy]",
                  "sig": "@etcsri%sux:sukkal=sukkal[secretary//secretary, envoy]N'N$sukkal/sukkal#N1=sukkal##N1=STEM",
                  "f": {
                    "lang": "sux",
                    "form": "sukkal",
                    "delim": " ",
                    "gdl": [
                      {
                        "v": "sukkal",
                        "id": "Q004142.6.1.0"
                      }
                    ],
                    "cf": "sukkal",
                    "gw": "secretary",
                    "sense": "secretary, envoy",
                    "norm": "sukkal",
                    "pos": "N",
                    "epos": "N",
                    "base": "sukkal",
                    "morph": "N1=sukkal",
                    "morph2": "N1=STEM"
                  }
                },
                {
                  "node": "l",
                  "id": "Q004142.l048d6",
                  "ref": "Q004142.6.2",
                  "inst": "idu[doorkeeper]\\gen\\abs",
                  "sig": "@etcsri%sux:i₃-du₈\\gen\\abs=idu[doorkeeper//doorkeeper]N'N$idu.ak.ø/i₃-du₈#N1=idu.N5=ak.N5=ø##N1=STEM.N5=GEN.N5=ABS",
                  "f": {
                    "lang": "sux",
                    "form": "i₃-du₈",
                    "gdl": [
                      {
                        "v": "i₃",
                        "id": "Q004142.6.2.0",
                        "delim": "-"
                      },
                      {
                        "v": "du₈",
                        "id": "Q004142.6.2.1",
                        "breakStart": "1",
                        "o": "]",
                        "break": "missing",
                        "breakEnd": "Q004142.6.2.1"
                      }
                    ],
                    "cf": "idu",
                    "gw": "doorkeeper",
                    "sense": "doorkeeper",
                    "norm": "idu.ak.ø",
                    "pos": "N",
                    "epos": "N",
                    "base": "i₃-du₈",
                    "morph": "N1=idu.N5=ak.N5=ø",
                    "morph2": "N1=STEM.N5=GEN.N5=ABS"
                  }
                },
                {
                  "node": "d",
                  "type": "line-start",
                  "ref": "Q004142.7",
                  "n": "3",
                  "label": "ii 3"
                },
                {
                  "node": "l",
                  "id": "Q004142.l048d7",
                  "ref": "Q004142.7.1",
                  "inst": "arad[slave]\\abs +.",
                  "sig": "@etcsri%sux:arad₂-zu\\abs=arad[slave//slave, servant]N'N$arad.zu.ø/arad₂#N1=arad.N3=zu.N5=ø##N1=STEM.N3=2-SG-POSS.N5=ABS",
                  "f": {
                    "lang": "sux",
                    "form": "arad₂-zu",
                    "gdl": [
                      {
                        "v": "arad₂",
                        "id": "Q004142.7.1.0",
                        "delim": "-"
                      },
                      {
                        "v": "zu",
                        "id": "Q004142.7.1.1"
                      }
                    ],
                    "cf": "arad",
                    "gw": "slave",
                    "sense": "slave, servant",
                    "norm": "arad.zu.ø",
                    "pos": "N",
                    "epos": "N",
                    "base": "arad₂",
                    "morph": "N1=arad.N3=zu.N5=ø",
                    "morph2": "N1=STEM.N3=2-SG-POSS.N5=ABS"
                  }
                }
              ]
            }
          ]
        }
      ]
    }
  ]
}
