{
  "type": "cdl",
  "project": "etcsri",
  "source": "http://oracc.org/etcsri",
  "license": "This data is released under the CC0 license",
  "license-url": "https://creativecommons.org/publicdomain/zero/1.0/",
  "more-info": "http://oracc.org/doc/opendata/",
  "UTC-timestamp": "2017-06-21T22:36:59",
  "textid": "Q004951",
  "cdl": [
    {
      "node": "c",
      "type": "text",
      "id": "Q004951.U0",
      "cdl": [
        {
          "node": "c",
          "type": "discourse",
          "subtype": "body",
          "id": "Q004951.U1",
          "cdl": [
            {
              "node": "c",
              "type": "sentence",
              "tag": ".",
              "id": "Q004951.U2",
              "label": "i 1 - ii 5",
              "cdl": [
                {
                  "node": "d",
                  "type": "line-start",
                  "ref": "Q004951.1",
                  "n": "1",
                  "label": "i 1"
                },
                {
                  "node": "l",
                  "id": "Q004951.l05407",
                  "ref": "Q004951.1.1",
                  "inst": "Šusuen[1]RN",
                  "sig": "@etcsri%sux:{d}šu-{d}suen=Šusuen[1//4th king of the 3rd dynasty of Urim]RN'RN$Šusuen/{d}šu-{d}suen#N1=Šusuen##N1=NAME",
                  "f": {
                    "lang": "sux",
                    "form": "{d}šu-{d}suen",
                    "gdl": [
                      {
                        "det": "semantic",
                        "pos": "pre",
                        "seq": [
                          {
                            "v": "d",
                            "id": "Q004951.1.1.0"
                          }
                        ]
                      },
                      {
                        "v": "šu",
                        "id": "Q004951.1.1.1",
                        "delim": "-"
                      },
                      {
                        "det": "semantic",
                        "pos": "pre",
                        "seq": [
                          {
                            "v": "d",
                            "id": "Q004951.1.1.2"
                          }
                        ]
                      },
                      {
                        "v": "suen",
                        "id": "Q004951.1.1.3"
                      }
                    ],
                    "cf": "Šusuen",
                    "gw": "1",
                    "sense": "4th king of the 3rd dynasty of Urim",
                    "norm": "Šusuen",
                    "pos": "RN",
                    "epos": "RN",
                    "base": "{d}šu-{d}suen",
                    "morph": "N1=Šusuen",
                    "morph2": "N1=NAME"
                  }
                },
                {
                  "node": "d",
                  "type": "line-start",
                  "ref": "Q004951.2",
                  "n": "2",
                  "label": "i 2"
                },
                {
                  "node": "l",
                  "id": "Q004951.l05408",
                  "ref": "Q004951.2.1",
                  "inst": "lugal[king]",
                  "sig": "@etcsri%sux:lugal=lugal[king//king]N'N$lugal/lugal#N1=lugal##N1=STEM",
                  "f": {
                    "lang": "sux",
                    "form": "lugal",
                    "delim": " ",
                    "gdl": [
                      {
                        "v": "lugal",
                        "id": "Q004951.2.1.0"
                      }
                    ],
                    "cf": "lugal",
                    "gw": "king",
                    "sense": "king",
                    "norm": "lugal",
                    "pos": "N",
                    "epos": "N",
                    "base": "lugal",
                    "morph": "N1=lugal",
                    "morph2": "N1=STEM"
                  }
                },
                {
                  "node": "l",
                  "id": "Q004951.l05409",
                  "ref": "Q004951.2.2",
                  "inst": "kalag[strong]",
                  "sig": "@etcsri%sux:kalag-ga=kalag[strong//strong]V/i'V/i$kalag.'a/kalag#NV2=kalag.NV4='a##NV2=STEM.NV4=SUB",
                  "f": {
                    "lang": "sux",
                    "form": "kalag-ga",
                    "gdl": [
                      {
                        "v": "kalag",
                        "id": "Q004951.2.2.0",
                        "delim": "-"
                      },
                      {
                        "v": "ga",
                        "id": "Q004951.2.2.1"
                      }
                    ],
                    "cf": "kalag",
                    "gw": "strong",
                    "sense": "strong",
                    "norm": "kalag.'a",
                    "pos": "V/i",
                    "epos": "V/i",
                    "base": "kalag",
                    "morph": "NV2=kalag.NV4='a",
                    "morph2": "NV2=STEM.NV4=SUB"
                  }
                },
                {
                  "node": "d",
                  "type": "line-start",
                  "ref": "Q004951.3",
                  "n": "3",
                  "label": "i 3"
                },
                {
                  "node": "l",
                  "id": "Q004951.l0540a",
                  "ref": "Q004951.3.1",
                  "inst": "lugal[king]",
                  "sig": "@etcsri%sux:lugal=lugal[king//king]N'N$lugal/lugal#N1=lugal##N1=STEM",
                  "f": {
                    "lang": "sux",
                    "form": "lugal",
                    "delim": " ",
                    "gdl": [
                      {
                        "v": "lugal",
                        "id": "Q004951.3.1.0"
                      }
                    ],
                    "cf": "lugal",
                    "gw": "king",
                    "sense": "king",
                    "norm": "lugal",
                    "pos": "N",
                    "epos": "N",
                    "base": "lugal",
                    "morph": "N1=lugal",
                    "morph2": "N1=STEM"
                  }
                },
                {
                  "node": "l",
                  "id": "Q004951.l0540b",
                  "ref": "Q004951.3.2",
                  "inst": "Urim[1]SN",
                  "sig": "@etcsri%sux:urim₅{ki}-ma=Urim[1//1]SN'SN$Urim.ak/urim₅{ki}#N1=Urim.N5=ak##N1=NAME.N5=GEN",
                  "f": {
                    "lang": "sux",
                    "form": "urim₅{ki}-ma",
                    "gdl": [
                      {
                        "v": "urim₅",
                        "id": "Q004951.3.2.0"
                      },
                      {
                        "det": "semantic",
                        "pos": "post",
                        "delim": "-",
                        "seq": [
                          {
                            "v": "ki",
                            "id": "Q004951.3.2.1"
                          }
                        ]
                      },
                      {
                        "v": "ma",
                        "id": "Q004951.3.2.2"
                      }
                    ],
                    "cf": "Urim",
                    "gw": "1",
                    "sense": "1",
                    "norm": "Urim.ak",
                    "pos": "SN",
                    "epos": "SN",
                    "base": "urim₅{ki}",
                    "morph": "N1=Urim.N5=ak",
                    "morph2": "N1=NAME.N5=GEN"
                  }
                },
                {
                  "node": "d",
                  "type": "line-start",
                  "ref": "Q004951.4",
                  "n": "4",
                  "label": "i 4"
                },
                {
                  "node": "l",
                  "id": "Q004951.l0540c",
                  "ref": "Q004951.4.1",
                  "inst": "lugal[king]",
                  "sig": "@etcsri%sux:lugal=lugal[king//king]N'N$lugal/lugal#N1=lugal##N1=STEM",
                  "f": {
                    "lang": "sux",
                    "form": "lugal",
                    "delim": " ",
                    "gdl": [
                      {
                        "v": "lugal",
                        "id": "Q004951.4.1.0"
                      }
                    ],
                    "cf": "lugal",
                    "gw": "king",
                    "sense": "king",
                    "norm": "lugal",
                    "pos": "N",
                    "epos": "N",
                    "base": "lugal",
                    "morph": "N1=lugal",
                    "morph2": "N1=STEM"
                  }
                },
                {
                  "node": "l",
                  "id": "Q004951.l0540d",
                  "ref": "Q004951.4.2",
                  "inst": "anubda[quarter]",
                  "sig": "@etcsri%sux:an-ub-da=anubda[quarter//a cosmographic or geographic term, quarter (of the universe)]N'N$anubda/an-ub-da#N1=anubda##N1=STEM",
                  "f": {
                    "lang": "sux",
                    "form": "an-ub-da",
                    "delim": " ",
                    "gdl": [
                      {
                        "v": "an",
                        "id": "Q004951.4.2.0",
                        "delim": "-"
                      },
                      {
                        "v": "ub",
                        "id": "Q004951.4.2.1",
                        "delim": "-"
                      },
                      {
                        "v": "da",
                        "id": "Q004951.4.2.2"
                      }
                    ],
                    "cf": "anubda",
                    "gw": "quarter",
                    "sense": "a cosmographic or geographic term, quarter (of the universe)",
                    "norm": "anubda",
                    "pos": "N",
                    "epos": "N",
                    "base": "an-ub-da",
                    "morph": "N1=anubda",
                    "morph2": "N1=STEM"
                  }
                },
                {
                  "node": "l",
                  "id": "Q004951.l0540e",
                  "ref": "Q004951.4.3",
                  "inst": "limmu[four]\\abs",
                  "sig": "@etcsri%sux:limmu₂-ba\\abs=limmu[four//four]NU'NU$limmu.bi.ak.ø/limmu₂#NV2=limmu.N3=bi.N5=ak.N5=ø##NV2=STEM.N3=3-SG-NH-POSS.N5=GEN.N5=ABS",
                  "f": {
                    "lang": "sux",
                    "form": "limmu₂-ba",
                    "gdl": [
                      {
                        "v": "limmu₂",
                        "id": "Q004951.4.3.0",
                        "delim": "-"
                      },
                      {
                        "v": "ba",
                        "id": "Q004951.4.3.1"
                      }
                    ],
                    "cf": "limmu",
                    "gw": "four",
                    "sense": "four",
                    "norm": "limmu.bi.ak.ø",
                    "pos": "NU",
                    "epos": "NU",
                    "base": "limmu₂",
                    "morph": "NV2=limmu.N3=bi.N5=ak.N5=ø",
                    "morph2": "NV2=STEM.N3=3-SG-NH-POSS.N5=GEN.N5=ABS"
                  }
                },
                {
                  "node": "d",
                  "type": "line-start",
                  "ref": "Q004951.5",
                  "n": "1",
                  "label": "ii 1"
                },
                {
                  "node": "l",
                  "id": "Q004951.l0540f",
                  "ref": "Q004951.5.1",
                  "inst": "Simatištaran[1]PN",
                  "sig": "@etcsri%sux:ME-{d}ištaran=Simatištaran[1//Daughter of Šulgi, king of Urim]PN'PN$Simatištaran/ME-{d}ištaran#N1=Simatištaran##N1=NAME",
                  "f": {
                    "lang": "sux",
                    "form": "ME-{d}ištaran",
                    "gdl": [
                      {
                        "s": "ME",
                        "id": "Q004951.5.1.0",
                        "delim": "-"
                      },
                      {
                        "det": "semantic",
                        "pos": "pre",
                        "seq": [
                          {
                            "v": "d",
                            "id": "Q004951.5.1.1"
                          }
                        ]
                      },
                      {
                        "v": "ištaran",
                        "id": "Q004951.5.1.2"
                      }
                    ],
                    "cf": "Simatištaran",
                    "gw": "1",
                    "sense": "Daughter of Šulgi, king of Urim",
                    "norm": "Simatištaran",
                    "pos": "PN",
                    "epos": "PN",
                    "base": "ME-{d}ištaran",
                    "morph": "N1=Simatištaran",
                    "morph2": "N1=NAME"
                  }
                },
                {
                  "node": "d",
                  "type": "line-start",
                  "ref": "Q004951.6",
                  "n": "2",
                  "label": "ii 2"
                },
                {
                  "node": "l",
                  "id": "Q004951.l05410",
                  "ref": "Q004951.6.1",
                  "inst": "nin[sister]",
                  "sig": "@etcsri%sux:nin₉=nin[sister//sister, cousin]N'N$nin/nin₉#N1=nin##N1=STEM",
                  "f": {
                    "lang": "sux",
                    "form": "nin₉",
                    "delim": " ",
                    "gdl": [
                      {
                        "v": "nin₉",
                        "id": "Q004951.6.1.0"
                      }
                    ],
                    "cf": "nin",
                    "gw": "sister",
                    "sense": "sister, cousin",
                    "norm": "nin",
                    "pos": "N",
                    "epos": "N",
                    "base": "nin₉",
                    "morph": "N1=nin",
                    "morph2": "N1=STEM"
                  }
                },
                {
                  "node": "c",
                  "type": "phrase",
                  "tag": "phr",
                  "id": "Q004951.U7",
                  "ref": "Q004951.ls00000",
                  "cdl": [
                    {
                      "node": "l",
                      "id": "Q004951.l05411",
                      "ref": "Q004951.6.2",
                      "inst": "ki[place]\\abs",
                      "sig": "@etcsri%sux:ki\\abs=ki[place//place]N'N$ki.ø/ki#N1=ki.N5=ø##N1=STEM.N5=ABS",
                      "f": {
                        "lang": "sux",
                        "form": "ki",
                        "delim": " ",
                        "gdl": [
                          {
                            "v": "ki",
                            "id": "Q004951.6.2.0"
                          }
                        ],
                        "cf": "ki",
                        "gw": "place",
                        "sense": "place",
                        "norm": "ki.ø",
                        "pos": "N",
                        "epos": "N",
                        "base": "ki",
                        "morph": "N1=ki.N5=ø",
                        "morph2": "N1=STEM.N5=ABS"
                      }
                    },
                    {
                      "node": "l",
                      "id": "Q004951.l05412",
                      "ref": "Q004951.6.3",
                      "inst": "aŋ[measure]\\abs",
                      "sig": "@etcsri%sux:aŋ₂-ŋa₂-ni\\abs=aŋ[measure//measure]V/t'V/t$aŋ.ani.ø/aŋ₂#NV2=aŋ.N3=ani.N5=ø##NV2=STEM.N3=3-SG-H-POSS.N5=ABS",
                      "f": {
                        "lang": "sux",
                        "form": "aŋ₂-ŋa₂-ni",
                        "gdl": [
                          {
                            "v": "aŋ₂",
                            "id": "Q004951.6.3.0",
                            "delim": "-"
                          },
                          {
                            "v": "ŋa₂",
                            "id": "Q004951.6.3.1",
                            "delim": "-"
                          },
                          {
                            "v": "ni",
                            "id": "Q004951.6.3.2"
                          }
                        ],
                        "cf": "aŋ",
                        "gw": "measure",
                        "sense": "measure",
                        "norm": "aŋ.ani.ø",
                        "pos": "V/t",
                        "epos": "V/t",
                        "base": "aŋ₂",
                        "morph": "NV2=aŋ.N3=ani.N5=ø",
                        "morph2": "NV2=STEM.N3=3-SG-H-POSS.N5=ABS"
                      }
                    }
                  ]
                },
                {
                  "node": "d",
                  "type": "line-start",
                  "ref": "Q004951.7",
                  "n": "3",
                  "label": "ii 3"
                },
                {
                  "node": "l",
                  "id": "Q004951.l05413",
                  "ref": "Q004951.7.1",
                  "inst": "Adadtillati[1]PN",
                  "sig": "@etcsri%sux:{d}adad-ILLAT=Adadtillati[1//1]PN'PN$Adadtillati/{d}adad-ILLAT#N1=Adadtillati##N1=NAME",
                  "f": {
                    "lang": "sux",
                    "form": "{d}adad-ILLAT",
                    "gdl": [
                      {
                        "det": "semantic",
                        "pos": "pre",
                        "seq": [
                          {
                            "v": "d",
                            "id": "Q004951.7.1.0"
                          }
                        ]
                      },
                      {
                        "v": "adad",
                        "id": "Q004951.7.1.1",
                        "delim": "-"
                      },
                      {
                        "s": "ILLAT",
                        "id": "Q004951.7.1.2"
                      }
                    ],
                    "cf": "Adadtillati",
                    "gw": "1",
                    "sense": "1",
                    "norm": "Adadtillati",
                    "pos": "PN",
                    "epos": "PN",
                    "base": "{d}adad-ILLAT",
                    "morph": "N1=Adadtillati",
                    "morph2": "N1=NAME"
                  }
                },
                {
                  "node": "d",
                  "type": "line-start",
                  "ref": "Q004951.8",
                  "n": "4",
                  "label": "ii 4"
                },
                {
                  "node": "l",
                  "id": "Q004951.l05414",
                  "ref": "Q004951.8.1",
                  "inst": "dumu[child]",
                  "sig": "@etcsri%sux:dumu=dumu[child//child]N'N$dumu/dumu#N1=dumu##N1=STEM",
                  "f": {
                    "lang": "sux",
                    "form": "dumu",
                    "delim": " ",
                    "gdl": [
                      {
                        "v": "dumu",
                        "id": "Q004951.8.1.0"
                      }
                    ],
                    "cf": "dumu",
                    "gw": "child",
                    "sense": "child",
                    "norm": "dumu",
                    "pos": "N",
                    "epos": "N",
                    "base": "dumu",
                    "morph": "N1=dumu",
                    "morph2": "N1=STEM"
                  }
                },
                {
                  "node": "l",
                  "id": "Q004951.l05415",
                  "ref": "Q004951.8.2",
                  "inst": "Abiya[2]PN\\gen\\abs",
                  "sig": "@etcsri%sux:a-bi₂-a\\gen\\abs=Abiya[2//2]PN'PN$Abiya.ak.ø/a-bi₂-a#N1=Abiya.N5=ak.N5=ø##N1=NAME.N5=GEN.N5=ABS",
                  "f": {
                    "lang": "sux",
                    "form": "a-bi₂-a",
                    "gdl": [
                      {
                        "v": "a",
                        "id": "Q004951.8.2.0",
                        "delim": "-"
                      },
                      {
                        "v": "bi₂",
                        "id": "Q004951.8.2.1",
                        "delim": "-"
                      },
                      {
                        "v": "a",
                        "id": "Q004951.8.2.2"
                      }
                    ],
                    "cf": "Abiya",
                    "gw": "2",
                    "sense": "2",
                    "norm": "Abiya.ak.ø",
                    "pos": "PN",
                    "epos": "PN",
                    "base": "a-bi₂-a",
                    "morph": "N1=Abiya.N5=ak.N5=ø",
                    "morph2": "N1=NAME.N5=GEN.N5=ABS"
                  }
                },
                {
                  "node": "d",
                  "type": "line-start",
                  "ref": "Q004951.9",
                  "n": "5",
                  "label": "ii 5"
                },
                {
                  "node": "l",
                  "id": "Q004951.l05416",
                  "ref": "Q004951.9.1",
                  "inst": "arad[slave]\\abs +.",
                  "sig": "@etcsri%sux:arad₂-zu\\abs=arad[slave//slave, servant]N'N$arad.zu.ø/arad₂#N1=arad.N3=zu.N5=ø##N1=STEM.N3=2-SG-POSS.N5=ABS",
                  "f": {
                    "lang": "sux",
                    "form": "arad₂-zu",
                    "gdl": [
                      {
                        "v": "arad₂",
                        "id": "Q004951.9.1.0",
                        "delim": "-"
                      },
                      {
                        "v": "zu",
                        "id": "Q004951.9.1.1"
                      }
                    ],
                    "cf": "arad",
                    "gw": "slave",
                    "sense": "slave, servant",
                    "norm": "arad.zu.ø",
                    "pos": "N",
                    "epos": "N",
                    "base": "arad₂",
                    "morph": "N1=arad.N3=zu.N5=ø",
                    "morph2": "N1=STEM.N3=2-SG-POSS.N5=ABS"
                  }
                }
              ]
            },
            {
              "node": "c",
              "type": "sentence",
              "tag": ".",
              "id": "Q004951.U4",
              "label": "ii 6 - ii 6",
              "cdl": [
                {
                  "node": "d",
                  "type": "line-start",
                  "ref": "Q004951.10",
                  "n": "6",
                  "label": "ii 6"
                },
                {
                  "node": "l",
                  "id": "Q004951.l05417",
                  "ref": "Q004951.10.1",
                  "inst": "dubsar[scribe]\\abs +.",
                  "sig": "@etcsri%sux:dub-sar\\abs=dubsar[scribe//scribe]N'N$dubsar.ø/dub-sar#N1=dubsar.N5=ø##N1=STEM.N5=ABS",
                  "f": {
                    "lang": "sux",
                    "form": "dub-sar",
                    "gdl": [
                      {
                        "v": "dub",
                        "id": "Q004951.10.1.0",
                        "delim": "-"
                      },
                      {
                        "v": "sar",
                        "id": "Q004951.10.1.1"
                      }
                    ],
                    "cf": "dubsar",
                    "gw": "scribe",
                    "sense": "scribe",
                    "norm": "dubsar.ø",
                    "pos": "N",
                    "epos": "N",
                    "base": "dub-sar",
                    "morph": "N1=dubsar.N5=ø",
                    "morph2": "N1=STEM.N5=ABS"
                  }
                }
              ]
            }
          ]
        }
      ]
    },
    {
      "linkbase": [
        {
          "type": "linkset",
          "xlink_title": "ki aŋ[love//to love]V/t'V/t",
          "id": "Q004951.ls00000",
          "xlink_type": "extended",
          "xlink_role": "psu",
          "sig": "{ki\\abs aŋ₂-ŋa₂-ni\\abs = ki[place]N aŋ[measure]V/t += ki aŋ[love//to love]V/t'V/t}::@etcsri%sux:ki\\abs=ki[place//place]N'N$ki.ø/ki#N1=ki.N5=ø##N1=STEM.N5=ABS++@etcsri%sux:aŋ₂-ŋa₂-ni\\abs=aŋ[measure//measure]V/t'V/t$aŋ.ani.ø/aŋ₂#NV2=aŋ.N3=ani.N5=ø##NV2=STEM.N3=3-SG-H-POSS.N5=ABS",
          "links": [
            {
              "type": "link",
              "xlink_title": "ki",
              "xlink_type": "locator",
              "xlink_href": "#Q004951.l05411",
              "xlink_role": "elt"
            },
            {
              "type": "link",
              "xlink_title": "aŋ",
              "xlink_type": "locator",
              "xlink_href": "#Q004951.l05412",
              "xlink_role": "elt"
            }
          ]
        }
      ]
    }
  ]
}
