{
  "type": "cdl",
  "project": "etcsri",
  "source": "http://oracc.org/etcsri",
  "license": "This data is released under the CC0 license",
  "license-url": "https://creativecommons.org/publicdomain/zero/1.0/",
  "more-info": "http://oracc.org/doc/opendata/",
  "UTC-timestamp": "2017-06-21T22:37:04",
  "textid": "Q004992",
  "cdl": [
    {
      "node": "c",
      "type": "text",
      "id": "Q004992.U0",
      "cdl": [
        {
          "node": "c",
          "type": "discourse",
          "subtype": "body",
          "id": "Q004992.U1",
          "cdl": [
            {
              "node": "c",
              "type": "sentence",
              "tag": ".",
              "id": "Q004992.U2",
              "label": "i 1 - ii 3",
              "cdl": [
                {
                  "node": "d",
                  "type": "line-start",
                  "ref": "Q004992.1",
                  "n": "1",
                  "label": "i 1"
                },
                {
                  "node": "l",
                  "id": "Q004992.l05795",
                  "ref": "Q004992.1.1",
                  "inst": "Ibbisuen[1]RN",
                  "sig": "@etcsri%sux:{d}i-bi₂-{d}suen=Ibbisuen[1//5th king of the 3rd dynasty of Urim]RN'RN$Ibbisuen/{d}i-bi₂-{d}suen#N1=Ibbisuen##N1=NAME",
                  "f": {
                    "lang": "sux",
                    "form": "{d}i-bi₂-{d}suen",
                    "gdl": [
                      {
                        "det": "semantic",
                        "pos": "pre",
                        "seq": [
                          {
                            "v": "d",
                            "id": "Q004992.1.1.0"
                          }
                        ]
                      },
                      {
                        "v": "i",
                        "id": "Q004992.1.1.1",
                        "delim": "-"
                      },
                      {
                        "v": "bi₂",
                        "id": "Q004992.1.1.2",
                        "delim": "-"
                      },
                      {
                        "det": "semantic",
                        "pos": "pre",
                        "seq": [
                          {
                            "v": "d",
                            "id": "Q004992.1.1.3"
                          }
                        ]
                      },
                      {
                        "v": "suen",
                        "id": "Q004992.1.1.4"
                      }
                    ],
                    "cf": "Ibbisuen",
                    "gw": "1",
                    "sense": "5th king of the 3rd dynasty of Urim",
                    "norm": "Ibbisuen",
                    "pos": "RN",
                    "epos": "RN",
                    "base": "{d}i-bi₂-{d}suen",
                    "morph": "N1=Ibbisuen",
                    "morph2": "N1=NAME"
                  }
                },
                {
                  "node": "d",
                  "type": "line-start",
                  "ref": "Q004992.2",
                  "n": "2",
                  "label": "i 2"
                },
                {
                  "node": "l",
                  "id": "Q004992.l05796",
                  "ref": "Q004992.2.1",
                  "inst": "lugal[king]",
                  "sig": "@etcsri%sux:lugal=lugal[king//king]N'N$lugal/lugal#N1=lugal##N1=STEM",
                  "f": {
                    "lang": "sux",
                    "form": "lugal",
                    "delim": " ",
                    "gdl": [
                      {
                        "v": "lugal",
                        "id": "Q004992.2.1.0"
                      }
                    ],
                    "cf": "lugal",
                    "gw": "king",
                    "sense": "king",
                    "norm": "lugal",
                    "pos": "N",
                    "epos": "N",
                    "base": "lugal",
                    "morph": "N1=lugal",
                    "morph2": "N1=STEM"
                  }
                },
                {
                  "node": "l",
                  "id": "Q004992.l05797",
                  "ref": "Q004992.2.2",
                  "inst": "kalag[strong]",
                  "sig": "@etcsri%sux:kalag-ga=kalag[strong//strong]V/i'V/i$kalag.'a/kalag#NV2=kalag.NV4='a##NV2=STEM.NV4=SUB",
                  "f": {
                    "lang": "sux",
                    "form": "kalag-ga",
                    "gdl": [
                      {
                        "v": "kalag",
                        "id": "Q004992.2.2.0",
                        "delim": "-"
                      },
                      {
                        "v": "ga",
                        "id": "Q004992.2.2.1"
                      }
                    ],
                    "cf": "kalag",
                    "gw": "strong",
                    "sense": "strong",
                    "norm": "kalag.'a",
                    "pos": "V/i",
                    "epos": "V/i",
                    "base": "kalag",
                    "morph": "NV2=kalag.NV4='a",
                    "morph2": "NV2=STEM.NV4=SUB"
                  }
                },
                {
                  "node": "d",
                  "type": "line-start",
                  "ref": "Q004992.3",
                  "n": "3",
                  "label": "i 3"
                },
                {
                  "node": "l",
                  "id": "Q004992.l05798",
                  "ref": "Q004992.3.1",
                  "inst": "lugal[king]",
                  "sig": "@etcsri%sux:lugal=lugal[king//king]N'N$lugal/lugal#N1=lugal##N1=STEM",
                  "f": {
                    "lang": "sux",
                    "form": "lugal",
                    "delim": " ",
                    "gdl": [
                      {
                        "v": "lugal",
                        "id": "Q004992.3.1.0"
                      }
                    ],
                    "cf": "lugal",
                    "gw": "king",
                    "sense": "king",
                    "norm": "lugal",
                    "pos": "N",
                    "epos": "N",
                    "base": "lugal",
                    "morph": "N1=lugal",
                    "morph2": "N1=STEM"
                  }
                },
                {
                  "node": "l",
                  "id": "Q004992.l05799",
                  "ref": "Q004992.3.2",
                  "inst": "Urim[1]SN",
                  "sig": "@etcsri%sux:urim₅{ki}-ma=Urim[1//1]SN'SN$Urim.ak/urim₅{ki}#N1=Urim.N5=ak##N1=NAME.N5=GEN",
                  "f": {
                    "lang": "sux",
                    "form": "urim₅{ki}-ma",
                    "gdl": [
                      {
                        "v": "urim₅",
                        "id": "Q004992.3.2.0"
                      },
                      {
                        "det": "semantic",
                        "pos": "post",
                        "delim": "-",
                        "seq": [
                          {
                            "v": "ki",
                            "id": "Q004992.3.2.1"
                          }
                        ]
                      },
                      {
                        "v": "ma",
                        "id": "Q004992.3.2.2"
                      }
                    ],
                    "cf": "Urim",
                    "gw": "1",
                    "sense": "1",
                    "norm": "Urim.ak",
                    "pos": "SN",
                    "epos": "SN",
                    "base": "urim₅{ki}",
                    "morph": "N1=Urim.N5=ak",
                    "morph2": "N1=NAME.N5=GEN"
                  }
                },
                {
                  "node": "d",
                  "type": "line-start",
                  "ref": "Q004992.4",
                  "n": "4",
                  "label": "i 4"
                },
                {
                  "node": "l",
                  "id": "Q004992.l0579a",
                  "ref": "Q004992.4.1",
                  "inst": "lugal[king]",
                  "sig": "@etcsri%sux:lugal=lugal[king//king]N'N$lugal/lugal#N1=lugal##N1=STEM",
                  "f": {
                    "lang": "sux",
                    "form": "lugal",
                    "delim": " ",
                    "gdl": [
                      {
                        "v": "lugal",
                        "id": "Q004992.4.1.0"
                      }
                    ],
                    "cf": "lugal",
                    "gw": "king",
                    "sense": "king",
                    "norm": "lugal",
                    "pos": "N",
                    "epos": "N",
                    "base": "lugal",
                    "morph": "N1=lugal",
                    "morph2": "N1=STEM"
                  }
                },
                {
                  "node": "l",
                  "id": "Q004992.l0579b",
                  "ref": "Q004992.4.2",
                  "inst": "anubda[quarter]",
                  "sig": "@etcsri%sux:an-ub-da=anubda[quarter//a cosmographic or geographic term, quarter (of the universe)]N'N$anubda/an-ub-da#N1=anubda##N1=STEM",
                  "f": {
                    "lang": "sux",
                    "form": "an-ub-da",
                    "delim": " ",
                    "gdl": [
                      {
                        "v": "an",
                        "id": "Q004992.4.2.0",
                        "delim": "-"
                      },
                      {
                        "v": "ub",
                        "id": "Q004992.4.2.1",
                        "delim": "-"
                      },
                      {
                        "v": "da",
                        "id": "Q004992.4.2.2"
                      }
                    ],
                    "cf": "anubda",
                    "gw": "quarter",
                    "sense": "a cosmographic or geographic term, quarter (of the universe)",
                    "norm": "anubda",
                    "pos": "N",
                    "epos": "N",
                    "base": "an-ub-da",
                    "morph": "N1=anubda",
                    "morph2": "N1=STEM"
                  }
                },
                {
                  "node": "l",
                  "id": "Q004992.l0579c",
                  "ref": "Q004992.4.3",
                  "inst": "limmu[four]\\abs",
                  "sig": "@etcsri%sux:limmu₂-ba\\abs=limmu[four//four]NU'NU$limmu.bi.ak.ø/limmu₂#NV2=limmu.N3=bi.N5=ak.N5=ø##NV2=STEM.N3=3-SG-NH-POSS.N5=GEN.N5=ABS",
                  "f": {
                    "lang": "sux",
                    "form": "limmu₂-ba",
                    "gdl": [
                      {
                        "v": "limmu₂",
                        "id": "Q004992.4.3.0",
                        "delim": "-"
                      },
                      {
                        "v": "ba",
                        "id": "Q004992.4.3.1"
                      }
                    ],
                    "cf": "limmu",
                    "gw": "four",
                    "sense": "four",
                    "norm": "limmu.bi.ak.ø",
                    "pos": "NU",
                    "epos": "NU",
                    "base": "limmu₂",
                    "morph": "NV2=limmu.N3=bi.N5=ak.N5=ø",
                    "morph2": "NV2=STEM.N3=3-SG-NH-POSS.N5=GEN.N5=ABS"
                  }
                },
                {
                  "node": "d",
                  "type": "line-start",
                  "ref": "Q004992.5",
                  "n": "1",
                  "label": "ii 1"
                },
                {
                  "node": "l",
                  "id": "Q004992.l0579d",
                  "ref": "Q004992.5.1",
                  "inst": "Nannamaba[1]PN",
                  "sig": "@etcsri%sux:{d}nanna-ma-ba=Nannamaba[1//1]PN'PN$Nannamaba/{d}nanna-ma-ba#N1=Nannamaba##N1=NAME",
                  "f": {
                    "lang": "sux",
                    "form": "{d}nanna-ma-ba",
                    "gdl": [
                      {
                        "det": "semantic",
                        "pos": "pre",
                        "seq": [
                          {
                            "v": "d",
                            "id": "Q004992.5.1.0"
                          }
                        ]
                      },
                      {
                        "v": "nanna",
                        "id": "Q004992.5.1.1",
                        "delim": "-"
                      },
                      {
                        "v": "ma",
                        "id": "Q004992.5.1.2",
                        "delim": "-"
                      },
                      {
                        "v": "ba",
                        "id": "Q004992.5.1.3"
                      }
                    ],
                    "cf": "Nannamaba",
                    "gw": "1",
                    "sense": "1",
                    "norm": "Nannamaba",
                    "pos": "PN",
                    "epos": "PN",
                    "base": "{d}nanna-ma-ba",
                    "morph": "N1=Nannamaba",
                    "morph2": "N1=NAME"
                  }
                },
                {
                  "node": "d",
                  "type": "line-start",
                  "ref": "Q004992.6",
                  "n": "2",
                  "label": "ii 2"
                },
                {
                  "node": "l",
                  "id": "Q004992.l0579e",
                  "ref": "Q004992.6.1",
                  "inst": "dubsar[scribe]\\ abs",
                  "sig": "@etcsri%sux:dub-sar=dubsar[scribe//scribe]N'N$dubsar/dub-sar#N1=dubsar##N1=STEM",
                  "f": {
                    "lang": "sux",
                    "form": "dub-sar",
                    "gdl": [
                      {
                        "v": "dub",
                        "id": "Q004992.6.1.0",
                        "delim": "-"
                      },
                      {
                        "v": "sar",
                        "id": "Q004992.6.1.1"
                      }
                    ],
                    "cf": "dubsar",
                    "gw": "scribe",
                    "sense": "scribe",
                    "norm": "dubsar",
                    "pos": "N",
                    "epos": "N",
                    "base": "dub-sar",
                    "morph": "N1=dubsar",
                    "morph2": "N1=STEM"
                  }
                },
                {
                  "node": "d",
                  "type": "line-start",
                  "ref": "Q004992.7",
                  "n": "3",
                  "label": "ii 3"
                },
                {
                  "node": "l",
                  "id": "Q004992.l0579f",
                  "ref": "Q004992.7.1",
                  "inst": "arad[slave]\\abs +.",
                  "sig": "@etcsri%sux:arad₂-zu\\abs=arad[slave//slave, servant]N'N$arad.zu.ø/arad₂#N1=arad.N3=zu.N5=ø##N1=STEM.N3=2-SG-POSS.N5=ABS",
                  "f": {
                    "lang": "sux",
                    "form": "arad₂-zu",
                    "gdl": [
                      {
                        "v": "arad₂",
                        "id": "Q004992.7.1.0",
                        "delim": "-"
                      },
                      {
                        "v": "zu",
                        "id": "Q004992.7.1.1"
                      }
                    ],
                    "cf": "arad",
                    "gw": "slave",
                    "sense": "slave, servant",
                    "norm": "arad.zu.ø",
                    "pos": "N",
                    "epos": "N",
                    "base": "arad₂",
                    "morph": "N1=arad.N3=zu.N5=ø",
                    "morph2": "N1=STEM.N3=2-SG-POSS.N5=ABS"
                  }
                }
              ]
            }
          ]
        }
      ]
    }
  ]
}
