{
  "type": "cdl",
  "project": "etcsri",
  "source": "http://oracc.org/etcsri",
  "license": "This data is released under the CC0 license",
  "license-url": "https://creativecommons.org/publicdomain/zero/1.0/",
  "more-info": "http://oracc.org/doc/opendata/",
  "UTC-timestamp": "2017-06-21T22:36:59",
  "textid": "Q004952",
  "cdl": [
    {
      "node": "c",
      "type": "text",
      "id": "Q004952.U0",
      "cdl": [
        {
          "node": "c",
          "type": "discourse",
          "subtype": "body",
          "id": "Q004952.U1",
          "cdl": [
            {
              "node": "c",
              "type": "sentence",
              "tag": ".",
              "id": "Q004952.U2",
              "label": "i 1 - ii 3",
              "cdl": [
                {
                  "node": "d",
                  "type": "line-start",
                  "ref": "Q004952.1",
                  "n": "1",
                  "label": "i 1"
                },
                {
                  "node": "l",
                  "id": "Q004952.l055af",
                  "ref": "Q004952.1.1",
                  "inst": "Ibbisuen[1]RN",
                  "sig": "@etcsri%sux:{d}i-bi₂-{d}suen=Ibbisuen[1//5th king of the 3rd dynasty of Urim]RN'RN$Ibbisuen/{d}i-bi₂-{d}suen#N1=Ibbisuen##N1=NAME",
                  "f": {
                    "lang": "sux",
                    "form": "{d}i-bi₂-{d}suen",
                    "gdl": [
                      {
                        "det": "semantic",
                        "pos": "pre",
                        "seq": [
                          {
                            "v": "d",
                            "id": "Q004952.1.1.0"
                          }
                        ]
                      },
                      {
                        "v": "i",
                        "id": "Q004952.1.1.1",
                        "delim": "-"
                      },
                      {
                        "v": "bi₂",
                        "id": "Q004952.1.1.2",
                        "delim": "-"
                      },
                      {
                        "det": "semantic",
                        "pos": "pre",
                        "seq": [
                          {
                            "v": "d",
                            "id": "Q004952.1.1.3"
                          }
                        ]
                      },
                      {
                        "v": "suen",
                        "id": "Q004952.1.1.4"
                      }
                    ],
                    "cf": "Ibbisuen",
                    "gw": "1",
                    "sense": "5th king of the 3rd dynasty of Urim",
                    "norm": "Ibbisuen",
                    "pos": "RN",
                    "epos": "RN",
                    "base": "{d}i-bi₂-{d}suen",
                    "morph": "N1=Ibbisuen",
                    "morph2": "N1=NAME"
                  }
                },
                {
                  "node": "d",
                  "type": "line-start",
                  "ref": "Q004952.2",
                  "n": "2",
                  "label": "i 2"
                },
                {
                  "node": "l",
                  "id": "Q004952.l055b0",
                  "ref": "Q004952.2.1",
                  "inst": "lugal[king]",
                  "sig": "@etcsri%sux:lugal=lugal[king//king]N'N$lugal/lugal#N1=lugal##N1=STEM",
                  "f": {
                    "lang": "sux",
                    "form": "lugal",
                    "delim": " ",
                    "gdl": [
                      {
                        "v": "lugal",
                        "id": "Q004952.2.1.0"
                      }
                    ],
                    "cf": "lugal",
                    "gw": "king",
                    "sense": "king",
                    "norm": "lugal",
                    "pos": "N",
                    "epos": "N",
                    "base": "lugal",
                    "morph": "N1=lugal",
                    "morph2": "N1=STEM"
                  }
                },
                {
                  "node": "l",
                  "id": "Q004952.l055b1",
                  "ref": "Q004952.2.2",
                  "inst": "kalag[strong]",
                  "sig": "@etcsri%sux:kalag-ga=kalag[strong//strong]V/i'V/i$kalag.'a/kalag#NV2=kalag.NV4='a##NV2=STEM.NV4=SUB",
                  "f": {
                    "lang": "sux",
                    "form": "kalag-ga",
                    "gdl": [
                      {
                        "v": "kalag",
                        "id": "Q004952.2.2.0",
                        "delim": "-"
                      },
                      {
                        "v": "ga",
                        "id": "Q004952.2.2.1"
                      }
                    ],
                    "cf": "kalag",
                    "gw": "strong",
                    "sense": "strong",
                    "norm": "kalag.'a",
                    "pos": "V/i",
                    "epos": "V/i",
                    "base": "kalag",
                    "morph": "NV2=kalag.NV4='a",
                    "morph2": "NV2=STEM.NV4=SUB"
                  }
                },
                {
                  "node": "d",
                  "type": "line-start",
                  "ref": "Q004952.3",
                  "n": "3",
                  "label": "i 3"
                },
                {
                  "node": "l",
                  "id": "Q004952.l055b2",
                  "ref": "Q004952.3.1",
                  "inst": "lugal[king]",
                  "sig": "@etcsri%sux:lugal=lugal[king//king]N'N$lugal/lugal#N1=lugal##N1=STEM",
                  "f": {
                    "lang": "sux",
                    "form": "lugal",
                    "delim": " ",
                    "gdl": [
                      {
                        "v": "lugal",
                        "id": "Q004952.3.1.0"
                      }
                    ],
                    "cf": "lugal",
                    "gw": "king",
                    "sense": "king",
                    "norm": "lugal",
                    "pos": "N",
                    "epos": "N",
                    "base": "lugal",
                    "morph": "N1=lugal",
                    "morph2": "N1=STEM"
                  }
                },
                {
                  "node": "l",
                  "id": "Q004952.l055b3",
                  "ref": "Q004952.3.2",
                  "inst": "Urim[1]SN\\abs",
                  "sig": "@etcsri%sux:urim₅{ki}-ma\\abs=Urim[1//1]SN'SN$Urim.ak.ø/urim₅{ki}#N1=Urim.N5=ak.N5=ø##N1=NAME.N5=GEN.N5=ABS",
                  "f": {
                    "lang": "sux",
                    "form": "urim₅{ki}-ma",
                    "gdl": [
                      {
                        "v": "urim₅",
                        "id": "Q004952.3.2.0"
                      },
                      {
                        "det": "semantic",
                        "pos": "post",
                        "delim": "-",
                        "seq": [
                          {
                            "v": "ki",
                            "id": "Q004952.3.2.1"
                          }
                        ]
                      },
                      {
                        "v": "ma",
                        "id": "Q004952.3.2.2"
                      }
                    ],
                    "cf": "Urim",
                    "gw": "1",
                    "sense": "1",
                    "norm": "Urim.ak.ø",
                    "pos": "SN",
                    "epos": "SN",
                    "base": "urim₅{ki}",
                    "morph": "N1=Urim.N5=ak.N5=ø",
                    "morph2": "N1=NAME.N5=GEN.N5=ABS"
                  }
                },
                {
                  "node": "d",
                  "type": "line-start",
                  "ref": "Q004952.4",
                  "n": "1",
                  "label": "ii 1"
                },
                {
                  "node": "l",
                  "id": "Q004952.l055b4",
                  "ref": "Q004952.4.1",
                  "inst": "Abbagula[1]PN",
                  "sig": "@etcsri%sux:ab-ba-gu-la=Abbagula[1//1]PN'PN$Abbagula/ab-ba-gu-la#N1=Abbagula##N1=NAME",
                  "f": {
                    "lang": "sux",
                    "form": "ab-ba-gu-la",
                    "gdl": [
                      {
                        "v": "ab",
                        "id": "Q004952.4.1.0",
                        "delim": "-"
                      },
                      {
                        "v": "ba",
                        "id": "Q004952.4.1.1",
                        "breakStart": "1",
                        "o": "[",
                        "break": "missing",
                        "delim": "-"
                      },
                      {
                        "v": "gu",
                        "id": "Q004952.4.1.2",
                        "break": "missing",
                        "delim": "-"
                      },
                      {
                        "v": "la",
                        "id": "Q004952.4.1.3",
                        "break": "missing",
                        "o": "]",
                        "breakEnd": "Q004952.4.1.1"
                      }
                    ],
                    "cf": "Abbagula",
                    "gw": "1",
                    "sense": "1",
                    "norm": "Abbagula",
                    "pos": "PN",
                    "epos": "PN",
                    "base": "ab-ba-gu-la",
                    "morph": "N1=Abbagula",
                    "morph2": "N1=NAME"
                  }
                },
                {
                  "node": "d",
                  "type": "line-start",
                  "ref": "Q004952.5",
                  "n": "2",
                  "label": "ii 2"
                },
                {
                  "node": "l",
                  "id": "Q004952.l055b5",
                  "ref": "Q004952.5.1",
                  "inst": "dubsar[scribe]",
                  "sig": "@etcsri%sux:dub-sar=dubsar[scribe//scribe]N'N$dubsar/dub-sar#N1=dubsar##N1=STEM",
                  "f": {
                    "lang": "sux",
                    "form": "dub-sar",
                    "gdl": [
                      {
                        "v": "dub",
                        "id": "Q004952.5.1.0",
                        "delim": "-"
                      },
                      {
                        "v": "sar",
                        "id": "Q004952.5.1.1",
                        "breakStart": "1",
                        "o": "]",
                        "break": "missing",
                        "breakEnd": "Q004952.5.1.1"
                      }
                    ],
                    "cf": "dubsar",
                    "gw": "scribe",
                    "sense": "scribe",
                    "norm": "dubsar",
                    "pos": "N",
                    "epos": "N",
                    "base": "dub-sar",
                    "morph": "N1=dubsar",
                    "morph2": "N1=STEM"
                  }
                },
                {
                  "node": "d",
                  "type": "line-start",
                  "ref": "Q004952.6",
                  "n": "3",
                  "label": "ii 3"
                },
                {
                  "node": "l",
                  "id": "Q004952.l055b6",
                  "ref": "Q004952.6.1",
                  "inst": "dumu[child]",
                  "sig": "@etcsri%sux:dumu=dumu[child//child]N'N$dumu/dumu#N1=dumu##N1=STEM",
                  "f": {
                    "lang": "sux",
                    "form": "dumu",
                    "delim": " ",
                    "gdl": [
                      {
                        "v": "dumu",
                        "id": "Q004952.6.1.0"
                      }
                    ],
                    "cf": "dumu",
                    "gw": "child",
                    "sense": "child",
                    "norm": "dumu",
                    "pos": "N",
                    "epos": "N",
                    "base": "dumu",
                    "morph": "N1=dumu",
                    "morph2": "N1=STEM"
                  }
                },
                {
                  "node": "l",
                  "id": "Q004952.l055b7",
                  "ref": "Q004952.6.2",
                  "inst": "u +.",
                  "f": {
                    "lang": "sux",
                    "form": "x",
                    "gdl": [
                      {
                        "x": "ellipsis",
                        "id": "Q004952.6.2.0",
                        "breakStart": "1",
                        "break": "missing",
                        "o": "]",
                        "breakEnd": "Q004952.6.2.0"
                      }
                    ],
                    "pos": "u"
                  }
                }
              ]
            },
            {
              "node": "d",
              "type": "nonx",
              "ref": "Q004952.7",
              "strict": "1",
              "extent": "n",
              "scope": "line",
              "state": "missing"
            }
          ]
        }
      ]
    }
  ]
}
