{
  "type": "cdl",
  "project": "etcsri",
  "source": "http://oracc.org/etcsri",
  "license": "This data is released under the CC0 license",
  "license-url": "https://creativecommons.org/publicdomain/zero/1.0/",
  "more-info": "http://oracc.org/doc/opendata/",
  "UTC-timestamp": "2017-06-21T22:37:00",
  "textid": "Q004961",
  "cdl": [
    {
      "node": "c",
      "type": "text",
      "id": "Q004961.U0",
      "cdl": [
        {
          "node": "c",
          "type": "discourse",
          "subtype": "body",
          "id": "Q004961.U1",
          "cdl": [
            {
              "node": "c",
              "type": "sentence",
              "tag": ".",
              "id": "Q004961.U2",
              "label": "i 1 - ii 4",
              "cdl": [
                {
                  "node": "d",
                  "type": "line-start",
                  "ref": "Q004961.1",
                  "n": "1",
                  "label": "i 1"
                },
                {
                  "node": "l",
                  "id": "Q004961.l05615",
                  "ref": "Q004961.1.1",
                  "inst": "Ibbisuen[1]RN",
                  "sig": "@etcsri%sux:{d}i-bi₂-{d}suen=Ibbisuen[1//5th king of the 3rd dynasty of Urim]RN'RN$Ibbisuen/{d}i-bi₂-{d}suen#N1=Ibbisuen##N1=NAME",
                  "f": {
                    "lang": "sux",
                    "form": "{d}i-bi₂-{d}suen",
                    "gdl": [
                      {
                        "det": "semantic",
                        "pos": "pre",
                        "seq": [
                          {
                            "v": "d",
                            "id": "Q004961.1.1.0"
                          }
                        ]
                      },
                      {
                        "v": "i",
                        "id": "Q004961.1.1.1",
                        "delim": "-"
                      },
                      {
                        "v": "bi₂",
                        "id": "Q004961.1.1.2",
                        "delim": "-"
                      },
                      {
                        "det": "semantic",
                        "pos": "pre",
                        "seq": [
                          {
                            "v": "d",
                            "id": "Q004961.1.1.3"
                          }
                        ]
                      },
                      {
                        "v": "suen",
                        "id": "Q004961.1.1.4"
                      }
                    ],
                    "cf": "Ibbisuen",
                    "gw": "1",
                    "sense": "5th king of the 3rd dynasty of Urim",
                    "norm": "Ibbisuen",
                    "pos": "RN",
                    "epos": "RN",
                    "base": "{d}i-bi₂-{d}suen",
                    "morph": "N1=Ibbisuen",
                    "morph2": "N1=NAME"
                  }
                },
                {
                  "node": "d",
                  "type": "line-start",
                  "ref": "Q004961.2",
                  "n": "2",
                  "label": "i 2"
                },
                {
                  "node": "l",
                  "id": "Q004961.l05616",
                  "ref": "Q004961.2.1",
                  "inst": "lugal[king]",
                  "sig": "@etcsri%sux:lugal=lugal[king//king]N'N$lugal/lugal#N1=lugal##N1=STEM",
                  "f": {
                    "lang": "sux",
                    "form": "lugal",
                    "delim": " ",
                    "gdl": [
                      {
                        "v": "lugal",
                        "id": "Q004961.2.1.0"
                      }
                    ],
                    "cf": "lugal",
                    "gw": "king",
                    "sense": "king",
                    "norm": "lugal",
                    "pos": "N",
                    "epos": "N",
                    "base": "lugal",
                    "morph": "N1=lugal",
                    "morph2": "N1=STEM"
                  }
                },
                {
                  "node": "l",
                  "id": "Q004961.l05617",
                  "ref": "Q004961.2.2",
                  "inst": "kalag[strong]",
                  "sig": "@etcsri%sux:kalag-ga=kalag[strong//strong]V/i'V/i$kalag.'a/kalag#NV2=kalag.NV4='a##NV2=STEM.NV4=SUB",
                  "f": {
                    "lang": "sux",
                    "form": "kalag-ga",
                    "gdl": [
                      {
                        "v": "kalag",
                        "id": "Q004961.2.2.0",
                        "delim": "-"
                      },
                      {
                        "v": "ga",
                        "id": "Q004961.2.2.1"
                      }
                    ],
                    "cf": "kalag",
                    "gw": "strong",
                    "sense": "strong",
                    "norm": "kalag.'a",
                    "pos": "V/i",
                    "epos": "V/i",
                    "base": "kalag",
                    "morph": "NV2=kalag.NV4='a",
                    "morph2": "NV2=STEM.NV4=SUB"
                  }
                },
                {
                  "node": "d",
                  "type": "line-start",
                  "ref": "Q004961.3",
                  "n": "3",
                  "label": "i 3"
                },
                {
                  "node": "l",
                  "id": "Q004961.l05618",
                  "ref": "Q004961.3.1",
                  "inst": "lugal[king]",
                  "sig": "@etcsri%sux:lugal=lugal[king//king]N'N$lugal/lugal#N1=lugal##N1=STEM",
                  "f": {
                    "lang": "sux",
                    "form": "lugal",
                    "delim": " ",
                    "gdl": [
                      {
                        "v": "lugal",
                        "id": "Q004961.3.1.0"
                      }
                    ],
                    "cf": "lugal",
                    "gw": "king",
                    "sense": "king",
                    "norm": "lugal",
                    "pos": "N",
                    "epos": "N",
                    "base": "lugal",
                    "morph": "N1=lugal",
                    "morph2": "N1=STEM"
                  }
                },
                {
                  "node": "l",
                  "id": "Q004961.l05619",
                  "ref": "Q004961.3.2",
                  "inst": "Urim[1]SN",
                  "sig": "@etcsri%sux:urim₅{ki}-ma=Urim[1//1]SN'SN$Urim.ak/urim₅{ki}#N1=Urim.N5=ak##N1=NAME.N5=GEN",
                  "f": {
                    "lang": "sux",
                    "form": "urim₅{ki}-ma",
                    "gdl": [
                      {
                        "v": "urim₅",
                        "id": "Q004961.3.2.0"
                      },
                      {
                        "det": "semantic",
                        "pos": "post",
                        "delim": "-",
                        "seq": [
                          {
                            "v": "ki",
                            "id": "Q004961.3.2.1"
                          }
                        ]
                      },
                      {
                        "v": "ma",
                        "id": "Q004961.3.2.2"
                      }
                    ],
                    "cf": "Urim",
                    "gw": "1",
                    "sense": "1",
                    "norm": "Urim.ak",
                    "pos": "SN",
                    "epos": "SN",
                    "base": "urim₅{ki}",
                    "morph": "N1=Urim.N5=ak",
                    "morph2": "N1=NAME.N5=GEN"
                  }
                },
                {
                  "node": "d",
                  "type": "line-start",
                  "ref": "Q004961.4",
                  "n": "4",
                  "label": "i 4"
                },
                {
                  "node": "l",
                  "id": "Q004961.l0561a",
                  "ref": "Q004961.4.1",
                  "inst": "lugal[king]",
                  "sig": "@etcsri%sux:lugal=lugal[king//king]N'N$lugal/lugal#N1=lugal##N1=STEM",
                  "f": {
                    "lang": "sux",
                    "form": "lugal",
                    "delim": " ",
                    "gdl": [
                      {
                        "v": "lugal",
                        "id": "Q004961.4.1.0"
                      }
                    ],
                    "cf": "lugal",
                    "gw": "king",
                    "sense": "king",
                    "norm": "lugal",
                    "pos": "N",
                    "epos": "N",
                    "base": "lugal",
                    "morph": "N1=lugal",
                    "morph2": "N1=STEM"
                  }
                },
                {
                  "node": "l",
                  "id": "Q004961.l0561b",
                  "ref": "Q004961.4.2",
                  "inst": "anubda[quarter]",
                  "sig": "@etcsri%sux:an-ub-da=anubda[quarter//a cosmographic or geographic term, quarter (of the universe)]N'N$anubda/an-ub-da#N1=anubda##N1=STEM",
                  "f": {
                    "lang": "sux",
                    "form": "an-ub-da",
                    "delim": " ",
                    "gdl": [
                      {
                        "v": "an",
                        "id": "Q004961.4.2.0",
                        "delim": "-"
                      },
                      {
                        "v": "ub",
                        "id": "Q004961.4.2.1",
                        "delim": "-"
                      },
                      {
                        "v": "da",
                        "id": "Q004961.4.2.2"
                      }
                    ],
                    "cf": "anubda",
                    "gw": "quarter",
                    "sense": "a cosmographic or geographic term, quarter (of the universe)",
                    "norm": "anubda",
                    "pos": "N",
                    "epos": "N",
                    "base": "an-ub-da",
                    "morph": "N1=anubda",
                    "morph2": "N1=STEM"
                  }
                },
                {
                  "node": "l",
                  "id": "Q004961.l0561c",
                  "ref": "Q004961.4.3",
                  "inst": "limmu[four]\\abs",
                  "sig": "@etcsri%sux:limmu₂-ba\\abs=limmu[four//four]NU'NU$limmu.bi.ak.ø/limmu₂#NV2=limmu.N3=bi.N5=ak.N5=ø##NV2=STEM.N3=3-SG-NH-POSS.N5=GEN.N5=ABS",
                  "f": {
                    "lang": "sux",
                    "form": "limmu₂-ba",
                    "gdl": [
                      {
                        "v": "limmu₂",
                        "id": "Q004961.4.3.0",
                        "delim": "-"
                      },
                      {
                        "v": "ba",
                        "id": "Q004961.4.3.1"
                      }
                    ],
                    "cf": "limmu",
                    "gw": "four",
                    "sense": "four",
                    "norm": "limmu.bi.ak.ø",
                    "pos": "NU",
                    "epos": "NU",
                    "base": "limmu₂",
                    "morph": "NV2=limmu.N3=bi.N5=ak.N5=ø",
                    "morph2": "NV2=STEM.N3=3-SG-NH-POSS.N5=GEN.N5=ABS"
                  }
                },
                {
                  "node": "d",
                  "type": "line-start",
                  "ref": "Q004961.5",
                  "n": "1",
                  "label": "ii 1"
                },
                {
                  "node": "l",
                  "id": "Q004961.l0561d",
                  "ref": "Q004961.5.1",
                  "inst": "Erradan[1]PN",
                  "sig": "@etcsri%sux:er₃-ra-dan=Erradan[1//1]PN'PN$Erradan/er₃-ra-dan#N1=Erradan##N1=NAME",
                  "f": {
                    "lang": "sux",
                    "form": "er₃-ra-dan",
                    "gdl": [
                      {
                        "v": "er₃",
                        "id": "Q004961.5.1.0",
                        "delim": "-"
                      },
                      {
                        "v": "ra",
                        "id": "Q004961.5.1.1",
                        "delim": "-"
                      },
                      {
                        "v": "dan",
                        "id": "Q004961.5.1.2"
                      }
                    ],
                    "cf": "Erradan",
                    "gw": "1",
                    "sense": "1",
                    "norm": "Erradan",
                    "pos": "PN",
                    "epos": "PN",
                    "base": "er₃-ra-dan",
                    "morph": "N1=Erradan",
                    "morph2": "N1=NAME"
                  }
                },
                {
                  "node": "d",
                  "type": "line-start",
                  "ref": "Q004961.6",
                  "n": "2",
                  "label": "ii 2"
                },
                {
                  "node": "l",
                  "id": "Q004961.l0561e",
                  "ref": "Q004961.6.1",
                  "inst": "dubsar[scribe]",
                  "sig": "@etcsri%sux:dub-sar=dubsar[scribe//scribe]N'N$dubsar/dub-sar#N1=dubsar##N1=STEM",
                  "f": {
                    "lang": "sux",
                    "form": "dub-sar",
                    "gdl": [
                      {
                        "v": "dub",
                        "id": "Q004961.6.1.0",
                        "delim": "-"
                      },
                      {
                        "v": "sar",
                        "id": "Q004961.6.1.1"
                      }
                    ],
                    "cf": "dubsar",
                    "gw": "scribe",
                    "sense": "scribe",
                    "norm": "dubsar",
                    "pos": "N",
                    "epos": "N",
                    "base": "dub-sar",
                    "morph": "N1=dubsar",
                    "morph2": "N1=STEM"
                  }
                },
                {
                  "node": "d",
                  "type": "line-start",
                  "ref": "Q004961.7",
                  "n": "3",
                  "label": "ii 3"
                },
                {
                  "node": "l",
                  "id": "Q004961.l0561f",
                  "ref": "Q004961.7.1",
                  "inst": "dumu[child]",
                  "sig": "@etcsri%sux:dumu=dumu[child//child]N'N$dumu/dumu#N1=dumu##N1=STEM",
                  "f": {
                    "lang": "sux",
                    "form": "dumu",
                    "delim": " ",
                    "gdl": [
                      {
                        "v": "dumu",
                        "id": "Q004961.7.1.0"
                      }
                    ],
                    "cf": "dumu",
                    "gw": "child",
                    "sense": "child",
                    "norm": "dumu",
                    "pos": "N",
                    "epos": "N",
                    "base": "dumu",
                    "morph": "N1=dumu",
                    "morph2": "N1=STEM"
                  }
                },
                {
                  "node": "l",
                  "id": "Q004961.l05620",
                  "ref": "Q004961.7.2",
                  "inst": "Aršiah[1]PN\\gen\\abs",
                  "sig": "@etcsri%sux:ar-ši-ah\\gen\\abs=Aršiah[1//1]PN'PN$Aršiah.ak.ø/ar-ši-ah#N1=Aršiah.N5=ak.N5=ø##N1=NAME.N5=GEN.N5=ABS",
                  "f": {
                    "lang": "sux",
                    "form": "ar-ši-ah",
                    "gdl": [
                      {
                        "v": "ar",
                        "id": "Q004961.7.2.0",
                        "delim": "-"
                      },
                      {
                        "v": "ši",
                        "id": "Q004961.7.2.1",
                        "delim": "-"
                      },
                      {
                        "v": "ah",
                        "id": "Q004961.7.2.2"
                      }
                    ],
                    "cf": "Aršiah",
                    "gw": "1",
                    "sense": "1",
                    "norm": "Aršiah.ak.ø",
                    "pos": "PN",
                    "epos": "PN",
                    "base": "ar-ši-ah",
                    "morph": "N1=Aršiah.N5=ak.N5=ø",
                    "morph2": "N1=NAME.N5=GEN.N5=ABS"
                  }
                },
                {
                  "node": "d",
                  "type": "line-start",
                  "ref": "Q004961.8",
                  "n": "4",
                  "label": "ii 4"
                },
                {
                  "node": "l",
                  "id": "Q004961.l05621",
                  "ref": "Q004961.8.1",
                  "inst": "arad[slave]\\abs +.",
                  "sig": "@etcsri%sux:arad₂-zu\\abs=arad[slave//slave, servant]N'N$arad.zu.ø/arad₂#N1=arad.N3=zu.N5=ø##N1=STEM.N3=2-SG-POSS.N5=ABS",
                  "f": {
                    "lang": "sux",
                    "form": "arad₂-zu",
                    "gdl": [
                      {
                        "v": "arad₂",
                        "id": "Q004961.8.1.0",
                        "delim": "-"
                      },
                      {
                        "v": "zu",
                        "id": "Q004961.8.1.1"
                      }
                    ],
                    "cf": "arad",
                    "gw": "slave",
                    "sense": "slave, servant",
                    "norm": "arad.zu.ø",
                    "pos": "N",
                    "epos": "N",
                    "base": "arad₂",
                    "morph": "N1=arad.N3=zu.N5=ø",
                    "morph2": "N1=STEM.N3=2-SG-POSS.N5=ABS"
                  }
                }
              ]
            }
          ]
        }
      ]
    }
  ]
}
