{
  "type": "cdl",
  "project": "etcsri",
  "source": "http://oracc.org/etcsri",
  "license": "This data is released under the CC0 license",
  "license-url": "https://creativecommons.org/publicdomain/zero/1.0/",
  "more-info": "http://oracc.org/doc/opendata/",
  "UTC-timestamp": "2017-06-21T22:36:36",
  "textid": "Q004350",
  "cdl": [
    {
      "node": "c",
      "type": "text",
      "id": "Q004350.U0",
      "cdl": [
        {
          "node": "c",
          "type": "discourse",
          "subtype": "body",
          "id": "Q004350.U1",
          "cdl": [
            {
              "node": "c",
              "type": "sentence",
              "tag": ".",
              "id": "Q004350.U2",
              "label": "i 1 - ii 3",
              "cdl": [
                {
                  "node": "d",
                  "type": "line-start",
                  "ref": "Q004350.1",
                  "n": "1",
                  "label": "i 1"
                },
                {
                  "node": "l",
                  "id": "Q004350.l044b3",
                  "ref": "Q004350.1.1",
                  "inst": "Šulgir[1]RN",
                  "sig": "@etcsri%sux:{d}šul-gi=Šulgir[1//2nd king of the 3rd dynasty of Urim]RN'RN$Šulgir/{d}šul-gi#N1=Šulgir##N1=NAME",
                  "f": {
                    "lang": "sux",
                    "form": "{d}šul-gi",
                    "gdl": [
                      {
                        "det": "semantic",
                        "pos": "pre",
                        "seq": [
                          {
                            "v": "d",
                            "id": "Q004350.1.1.0",
                            "breakStart": "1",
                            "o": "[",
                            "break": "missing"
                          }
                        ]
                      },
                      {
                        "v": "šul",
                        "id": "Q004350.1.1.1",
                        "break": "missing",
                        "delim": "-"
                      },
                      {
                        "v": "gi",
                        "id": "Q004350.1.1.2",
                        "break": "missing",
                        "o": "]",
                        "breakEnd": "Q004350.1.1.0"
                      }
                    ],
                    "cf": "Šulgir",
                    "gw": "1",
                    "sense": "2nd king of the 3rd dynasty of Urim",
                    "norm": "Šulgir",
                    "pos": "RN",
                    "epos": "RN",
                    "base": "{d}šul-gi",
                    "morph": "N1=Šulgir",
                    "morph2": "N1=NAME"
                  }
                },
                {
                  "node": "d",
                  "type": "line-start",
                  "ref": "Q004350.2",
                  "n": "2",
                  "label": "i 2"
                },
                {
                  "node": "l",
                  "id": "Q004350.l044b4",
                  "ref": "Q004350.2.1",
                  "inst": "nita[male]",
                  "sig": "@etcsri%sux:nita=nita[male//male]N'N$nita/nita#N1=nita##N1=STEM",
                  "f": {
                    "lang": "sux",
                    "form": "nita",
                    "delim": " ",
                    "gdl": [
                      {
                        "v": "nita",
                        "id": "Q004350.2.1.0"
                      }
                    ],
                    "cf": "nita",
                    "gw": "male",
                    "sense": "male",
                    "norm": "nita",
                    "pos": "N",
                    "epos": "N",
                    "base": "nita",
                    "morph": "N1=nita",
                    "morph2": "N1=STEM"
                  }
                },
                {
                  "node": "l",
                  "id": "Q004350.l044b5",
                  "ref": "Q004350.2.2",
                  "inst": "kalag[strong]",
                  "sig": "@etcsri%sux:kalag-ga=kalag[strong//strong]V/i'V/i$kalag.'a/kalag#NV2=kalag.NV4='a##NV2=STEM.NV4=SUB",
                  "f": {
                    "lang": "sux",
                    "form": "kalag-ga",
                    "gdl": [
                      {
                        "v": "kalag",
                        "id": "Q004350.2.2.0",
                        "delim": "-"
                      },
                      {
                        "v": "ga",
                        "id": "Q004350.2.2.1"
                      }
                    ],
                    "cf": "kalag",
                    "gw": "strong",
                    "sense": "strong",
                    "norm": "kalag.'a",
                    "pos": "V/i",
                    "epos": "V/i",
                    "base": "kalag",
                    "morph": "NV2=kalag.NV4='a",
                    "morph2": "NV2=STEM.NV4=SUB"
                  }
                },
                {
                  "node": "d",
                  "type": "line-start",
                  "ref": "Q004350.3",
                  "n": "3",
                  "label": "i 3"
                },
                {
                  "node": "l",
                  "id": "Q004350.l044b6",
                  "ref": "Q004350.3.1",
                  "inst": "lugal[king]",
                  "sig": "@etcsri%sux:lugal=lugal[king//king]N'N$lugal/lugal#N1=lugal##N1=STEM",
                  "f": {
                    "lang": "sux",
                    "form": "lugal",
                    "delim": " ",
                    "gdl": [
                      {
                        "v": "lugal",
                        "id": "Q004350.3.1.0"
                      }
                    ],
                    "cf": "lugal",
                    "gw": "king",
                    "sense": "king",
                    "norm": "lugal",
                    "pos": "N",
                    "epos": "N",
                    "base": "lugal",
                    "morph": "N1=lugal",
                    "morph2": "N1=STEM"
                  }
                },
                {
                  "node": "l",
                  "id": "Q004350.l044b7",
                  "ref": "Q004350.3.2",
                  "inst": "Urim[1]SN\\abs",
                  "sig": "@etcsri%sux:urim₅{ki}-ma\\abs=Urim[1//1]SN'SN$Urim.ak.ø/urim₅{ki}#N1=Urim.N5=ak.N5=ø##N1=NAME.N5=GEN.N5=ABS",
                  "f": {
                    "lang": "sux",
                    "form": "urim₅{ki}-ma",
                    "gdl": [
                      {
                        "v": "urim₅",
                        "id": "Q004350.3.2.0"
                      },
                      {
                        "det": "semantic",
                        "pos": "post",
                        "delim": "-",
                        "seq": [
                          {
                            "v": "ki",
                            "id": "Q004350.3.2.1"
                          }
                        ]
                      },
                      {
                        "v": "ma",
                        "id": "Q004350.3.2.2"
                      }
                    ],
                    "cf": "Urim",
                    "gw": "1",
                    "sense": "1",
                    "norm": "Urim.ak.ø",
                    "pos": "SN",
                    "epos": "SN",
                    "base": "urim₅{ki}",
                    "morph": "N1=Urim.N5=ak.N5=ø",
                    "morph2": "N1=NAME.N5=GEN.N5=ABS"
                  }
                },
                {
                  "node": "d",
                  "type": "line-start",
                  "ref": "Q004350.4",
                  "n": "1",
                  "label": "ii 1"
                },
                {
                  "node": "l",
                  "id": "Q004350.l044b8",
                  "ref": "Q004350.4.1",
                  "inst": "Utuadgal[1]PN",
                  "sig": "@etcsri%sux:{d}utu-ad₂-gal=Utuadgal[1//1]PN'PN$Utuadgal/{d}utu-ad₂-gal#N1=Utuadgal##N1=NAME",
                  "f": {
                    "lang": "sux",
                    "form": "{d}utu-ad₂-gal",
                    "gdl": [
                      {
                        "det": "semantic",
                        "pos": "pre",
                        "seq": [
                          {
                            "v": "d",
                            "id": "Q004350.4.1.0"
                          }
                        ]
                      },
                      {
                        "v": "utu",
                        "id": "Q004350.4.1.1",
                        "delim": "-"
                      },
                      {
                        "v": "ad₂",
                        "id": "Q004350.4.1.2",
                        "delim": "-"
                      },
                      {
                        "v": "gal",
                        "id": "Q004350.4.1.3"
                      }
                    ],
                    "cf": "Utuadgal",
                    "gw": "1",
                    "sense": "1",
                    "norm": "Utuadgal",
                    "pos": "PN",
                    "epos": "PN",
                    "base": "{d}utu-ad₂-gal",
                    "morph": "N1=Utuadgal",
                    "morph2": "N1=NAME"
                  }
                },
                {
                  "node": "d",
                  "type": "line-start",
                  "ref": "Q004350.5",
                  "n": "2",
                  "label": "ii 2"
                },
                {
                  "node": "l",
                  "id": "Q004350.l044b9",
                  "ref": "Q004350.5.1",
                  "inst": "dubsar[scribe]",
                  "sig": "@etcsri%sux:dub-sar=dubsar[scribe//scribe]N'N$dubsar/dub-sar#N1=dubsar##N1=STEM",
                  "f": {
                    "lang": "sux",
                    "form": "dub-sar",
                    "gdl": [
                      {
                        "v": "dub",
                        "id": "Q004350.5.1.0",
                        "delim": "-"
                      },
                      {
                        "v": "sar",
                        "id": "Q004350.5.1.1"
                      }
                    ],
                    "cf": "dubsar",
                    "gw": "scribe",
                    "sense": "scribe",
                    "norm": "dubsar",
                    "pos": "N",
                    "epos": "N",
                    "base": "dub-sar",
                    "morph": "N1=dubsar",
                    "morph2": "N1=STEM"
                  }
                },
                {
                  "node": "d",
                  "type": "line-start",
                  "ref": "Q004350.6",
                  "n": "3",
                  "label": "ii 3"
                },
                {
                  "node": "l",
                  "id": "Q004350.l044ba",
                  "ref": "Q004350.6.1",
                  "inst": "szatam[official]\\abs",
                  "sig": "@etcsri%sux:ša₃-tam\\abs=šatam[official//government auditor, an administrative official]N'N$šatam.ø/ša₃-tam#N1=šatam.N5=ø##N1=STEM.N5=ABS",
                  "f": {
                    "lang": "sux",
                    "form": "ša₃-tam",
                    "delim": " ",
                    "gdl": [
                      {
                        "v": "ša₃",
                        "id": "Q004350.6.1.0",
                        "delim": "-"
                      },
                      {
                        "v": "tam",
                        "id": "Q004350.6.1.1"
                      }
                    ],
                    "cf": "šatam",
                    "gw": "official",
                    "sense": "government auditor, an administrative official",
                    "norm": "šatam.ø",
                    "pos": "N",
                    "epos": "N",
                    "base": "ša₃-tam",
                    "morph": "N1=šatam.N5=ø",
                    "morph2": "N1=STEM.N5=ABS"
                  }
                },
                {
                  "node": "l",
                  "id": "Q004350.l044bb",
                  "ref": "Q004350.6.2",
                  "inst": "arad[slave]\\abs +.",
                  "sig": "@etcsri%sux:arad₂-zu\\abs=arad[slave//slave, servant]N'N$arad.zu.ø/arad₂#N1=arad.N3=zu.N5=ø##N1=STEM.N3=2-SG-POSS.N5=ABS",
                  "f": {
                    "lang": "sux",
                    "form": "arad₂-zu",
                    "gdl": [
                      {
                        "v": "arad₂",
                        "id": "Q004350.6.2.0",
                        "delim": "-"
                      },
                      {
                        "v": "zu",
                        "id": "Q004350.6.2.1"
                      }
                    ],
                    "cf": "arad",
                    "gw": "slave",
                    "sense": "slave, servant",
                    "norm": "arad.zu.ø",
                    "pos": "N",
                    "epos": "N",
                    "base": "arad₂",
                    "morph": "N1=arad.N3=zu.N5=ø",
                    "morph2": "N1=STEM.N3=2-SG-POSS.N5=ABS"
                  }
                }
              ]
            }
          ]
        }
      ]
    }
  ]
}
