{
  "type": "cdl",
  "project": "etcsri",
  "source": "http://oracc.org/etcsri",
  "license": "This data is released under the CC0 license",
  "license-url": "https://creativecommons.org/publicdomain/zero/1.0/",
  "more-info": "http://oracc.org/doc/opendata/",
  "UTC-timestamp": "2017-06-21T22:36:42",
  "textid": "Q004397",
  "cdl": [
    {
      "node": "c",
      "type": "text",
      "id": "Q004397.U0",
      "cdl": [
        {
          "node": "c",
          "type": "discourse",
          "subtype": "body",
          "id": "Q004397.U1",
          "cdl": [
            {
              "node": "c",
              "type": "sentence",
              "tag": ".",
              "id": "Q004397.U2",
              "label": "1 - 9",
              "cdl": [
                {
                  "node": "d",
                  "type": "line-start",
                  "ref": "Q004397.1",
                  "n": "1",
                  "label": "1"
                },
                {
                  "node": "l",
                  "id": "Q004397.l04f2e",
                  "ref": "Q004397.1.1",
                  "inst": "Šusuen[1]RN",
                  "sig": "@etcsri%sux:{d}šu-{d}suen=Šusuen[1//4th king of the 3rd dynasty of Urim]RN'RN$Šusuen/{d}šu-{d}suen#N1=Šusuen##N1=NAME",
                  "f": {
                    "lang": "sux",
                    "form": "{d}šu-{d}suen",
                    "gdl": [
                      {
                        "det": "semantic",
                        "pos": "pre",
                        "seq": [
                          {
                            "v": "d",
                            "id": "Q004397.1.1.0"
                          }
                        ]
                      },
                      {
                        "v": "šu",
                        "id": "Q004397.1.1.1",
                        "delim": "-"
                      },
                      {
                        "det": "semantic",
                        "pos": "pre",
                        "seq": [
                          {
                            "v": "d",
                            "id": "Q004397.1.1.2"
                          }
                        ]
                      },
                      {
                        "v": "suen",
                        "id": "Q004397.1.1.3"
                      }
                    ],
                    "cf": "Šusuen",
                    "gw": "1",
                    "sense": "4th king of the 3rd dynasty of Urim",
                    "norm": "Šusuen",
                    "pos": "RN",
                    "epos": "RN",
                    "base": "{d}šu-{d}suen",
                    "morph": "N1=Šusuen",
                    "morph2": "N1=NAME"
                  }
                },
                {
                  "node": "d",
                  "type": "line-start",
                  "ref": "Q004397.2",
                  "n": "2",
                  "label": "2"
                },
                {
                  "node": "l",
                  "id": "Q004397.l04f2f",
                  "ref": "Q004397.2.1",
                  "inst": "lugal[king]",
                  "sig": "@etcsri%sux:lugal=lugal[king//king]N'N$lugal/lugal#N1=lugal##N1=STEM",
                  "f": {
                    "lang": "sux",
                    "form": "lugal",
                    "delim": " ",
                    "gdl": [
                      {
                        "v": "lugal",
                        "id": "Q004397.2.1.0"
                      }
                    ],
                    "cf": "lugal",
                    "gw": "king",
                    "sense": "king",
                    "norm": "lugal",
                    "pos": "N",
                    "epos": "N",
                    "base": "lugal",
                    "morph": "N1=lugal",
                    "morph2": "N1=STEM"
                  }
                },
                {
                  "node": "l",
                  "id": "Q004397.l04f30",
                  "ref": "Q004397.2.2",
                  "inst": "kalag[strong]",
                  "sig": "@etcsri%sux:kalag-ga=kalag[strong//strong]V/i'V/i$kalag.'a/kalag#NV2=kalag.NV4='a##NV2=STEM.NV4=SUB",
                  "f": {
                    "lang": "sux",
                    "form": "kalag-ga",
                    "gdl": [
                      {
                        "v": "kalag",
                        "id": "Q004397.2.2.0",
                        "delim": "-"
                      },
                      {
                        "v": "ga",
                        "id": "Q004397.2.2.1"
                      }
                    ],
                    "cf": "kalag",
                    "gw": "strong",
                    "sense": "strong",
                    "norm": "kalag.'a",
                    "pos": "V/i",
                    "epos": "V/i",
                    "base": "kalag",
                    "morph": "NV2=kalag.NV4='a",
                    "morph2": "NV2=STEM.NV4=SUB"
                  }
                },
                {
                  "node": "d",
                  "type": "line-start",
                  "ref": "Q004397.3",
                  "n": "3",
                  "label": "3"
                },
                {
                  "node": "l",
                  "id": "Q004397.l04f31",
                  "ref": "Q004397.3.1",
                  "inst": "lugal[king]",
                  "sig": "@etcsri%sux:lugal=lugal[king//king]N'N$lugal/lugal#N1=lugal##N1=STEM",
                  "f": {
                    "lang": "sux",
                    "form": "lugal",
                    "delim": " ",
                    "gdl": [
                      {
                        "v": "lugal",
                        "id": "Q004397.3.1.0"
                      }
                    ],
                    "cf": "lugal",
                    "gw": "king",
                    "sense": "king",
                    "norm": "lugal",
                    "pos": "N",
                    "epos": "N",
                    "base": "lugal",
                    "morph": "N1=lugal",
                    "morph2": "N1=STEM"
                  }
                },
                {
                  "node": "l",
                  "id": "Q004397.l04f32",
                  "ref": "Q004397.3.2",
                  "inst": "Urim[1]SN",
                  "sig": "@etcsri%sux:urim₅{ki}-ma=Urim[1//1]SN'SN$Urim.ak/urim₅{ki}#N1=Urim.N5=ak##N1=NAME.N5=GEN",
                  "f": {
                    "lang": "sux",
                    "form": "urim₅{ki}-ma",
                    "gdl": [
                      {
                        "v": "urim₅",
                        "id": "Q004397.3.2.0"
                      },
                      {
                        "det": "semantic",
                        "pos": "post",
                        "delim": "-",
                        "seq": [
                          {
                            "v": "ki",
                            "id": "Q004397.3.2.1"
                          }
                        ]
                      },
                      {
                        "v": "ma",
                        "id": "Q004397.3.2.2"
                      }
                    ],
                    "cf": "Urim",
                    "gw": "1",
                    "sense": "1",
                    "norm": "Urim.ak",
                    "pos": "SN",
                    "epos": "SN",
                    "base": "urim₅{ki}",
                    "morph": "N1=Urim.N5=ak",
                    "morph2": "N1=NAME.N5=GEN"
                  }
                },
                {
                  "node": "d",
                  "type": "line-start",
                  "ref": "Q004397.4",
                  "n": "4",
                  "label": "4"
                },
                {
                  "node": "l",
                  "id": "Q004397.l04f33",
                  "ref": "Q004397.4.1",
                  "inst": "lugal[king]",
                  "sig": "@etcsri%sux:lugal=lugal[king//king]N'N$lugal/lugal#N1=lugal##N1=STEM",
                  "f": {
                    "lang": "sux",
                    "form": "lugal",
                    "delim": " ",
                    "gdl": [
                      {
                        "v": "lugal",
                        "id": "Q004397.4.1.0"
                      }
                    ],
                    "cf": "lugal",
                    "gw": "king",
                    "sense": "king",
                    "norm": "lugal",
                    "pos": "N",
                    "epos": "N",
                    "base": "lugal",
                    "morph": "N1=lugal",
                    "morph2": "N1=STEM"
                  }
                },
                {
                  "node": "l",
                  "id": "Q004397.l04f34",
                  "ref": "Q004397.4.2",
                  "inst": "anubda[quarter]",
                  "sig": "@etcsri%sux:an-ub-da=anubda[quarter//a cosmographic or geographic term, quarter (of the universe)]N'N$anubda/an-ub-da#N1=anubda##N1=STEM",
                  "f": {
                    "lang": "sux",
                    "form": "an-ub-da",
                    "delim": " ",
                    "gdl": [
                      {
                        "v": "an",
                        "id": "Q004397.4.2.0",
                        "delim": "-"
                      },
                      {
                        "v": "ub",
                        "id": "Q004397.4.2.1",
                        "delim": "-"
                      },
                      {
                        "v": "da",
                        "id": "Q004397.4.2.2"
                      }
                    ],
                    "cf": "anubda",
                    "gw": "quarter",
                    "sense": "a cosmographic or geographic term, quarter (of the universe)",
                    "norm": "anubda",
                    "pos": "N",
                    "epos": "N",
                    "base": "an-ub-da",
                    "morph": "N1=anubda",
                    "morph2": "N1=STEM"
                  }
                },
                {
                  "node": "l",
                  "id": "Q004397.l04f35",
                  "ref": "Q004397.4.3",
                  "inst": "limmu[four]\\abs",
                  "sig": "@etcsri%sux:limmu₂-ba\\abs=limmu[four//four]NU'NU$limmu.bi.ak.ø/limmu₂#NV2=limmu.N3=bi.N5=ak.N5=ø##NV2=STEM.N3=3-SG-NH-POSS.N5=GEN.N5=ABS",
                  "f": {
                    "lang": "sux",
                    "form": "limmu₂-ba",
                    "gdl": [
                      {
                        "v": "limmu₂",
                        "id": "Q004397.4.3.0",
                        "delim": "-"
                      },
                      {
                        "v": "ba",
                        "id": "Q004397.4.3.1"
                      }
                    ],
                    "cf": "limmu",
                    "gw": "four",
                    "sense": "four",
                    "norm": "limmu.bi.ak.ø",
                    "pos": "NU",
                    "epos": "NU",
                    "base": "limmu₂",
                    "morph": "NV2=limmu.N3=bi.N5=ak.N5=ø",
                    "morph2": "NV2=STEM.N3=3-SG-NH-POSS.N5=GEN.N5=ABS"
                  }
                },
                {
                  "node": "d",
                  "type": "line-start",
                  "ref": "Q004397.5",
                  "n": "5",
                  "label": "5"
                },
                {
                  "node": "l",
                  "id": "Q004397.l04f36",
                  "ref": "Q004397.5.1",
                  "inst": "Kugningal[1]PN",
                  "sig": "@etcsri%sux:kug-{d}nin-gal=Kugningal[1//1]PN'PN$Kugningal/kug-{d}nin-gal#N1=Kugningal##N1=NAME",
                  "f": {
                    "lang": "sux",
                    "form": "kug-{d}nin-gal",
                    "gdl": [
                      {
                        "v": "kug",
                        "id": "Q004397.5.1.0",
                        "delim": "-"
                      },
                      {
                        "det": "semantic",
                        "pos": "pre",
                        "seq": [
                          {
                            "v": "d",
                            "id": "Q004397.5.1.1"
                          }
                        ]
                      },
                      {
                        "v": "nin",
                        "id": "Q004397.5.1.2",
                        "delim": "-"
                      },
                      {
                        "v": "gal",
                        "id": "Q004397.5.1.3"
                      }
                    ],
                    "cf": "Kugningal",
                    "gw": "1",
                    "sense": "1",
                    "norm": "Kugningal",
                    "pos": "PN",
                    "epos": "PN",
                    "base": "kug-{d}nin-gal",
                    "morph": "N1=Kugningal",
                    "morph2": "N1=NAME"
                  }
                },
                {
                  "node": "d",
                  "type": "line-start",
                  "ref": "Q004397.6",
                  "n": "6",
                  "label": "6"
                },
                {
                  "node": "l",
                  "id": "Q004397.l04f37",
                  "ref": "Q004397.6.1",
                  "inst": "dumu[child]",
                  "sig": "@etcsri%sux:dumu=dumu[child//child]N'N$dumu/dumu#N1=dumu##N1=STEM",
                  "f": {
                    "lang": "sux",
                    "form": "dumu",
                    "delim": " ",
                    "gdl": [
                      {
                        "v": "dumu",
                        "id": "Q004397.6.1.0"
                      }
                    ],
                    "cf": "dumu",
                    "gw": "child",
                    "sense": "child",
                    "norm": "dumu",
                    "pos": "N",
                    "epos": "N",
                    "base": "dumu",
                    "morph": "N1=dumu",
                    "morph2": "N1=STEM"
                  }
                },
                {
                  "node": "l",
                  "id": "Q004397.l04f38",
                  "ref": "Q004397.6.2",
                  "inst": "Kalaŋu[2]PN",
                  "sig": "@etcsri%sux:kal-la-ŋu₁₀=Kalaŋu[2//2]PN'PN$Kakug/kal-la-ŋu₁₀#N1=Kakug##N1=NAME",
                  "f": {
                    "lang": "sux",
                    "form": "kal-la-ŋu₁₀",
                    "gdl": [
                      {
                        "v": "kal",
                        "id": "Q004397.6.2.0",
                        "delim": "-"
                      },
                      {
                        "v": "la",
                        "id": "Q004397.6.2.1",
                        "delim": "-"
                      },
                      {
                        "v": "ŋu₁₀",
                        "id": "Q004397.6.2.2"
                      }
                    ],
                    "cf": "Kalaŋu",
                    "gw": "2",
                    "sense": "2",
                    "norm": "Kakug",
                    "pos": "PN",
                    "epos": "PN",
                    "base": "kal-la-ŋu₁₀",
                    "morph": "N1=Kakug",
                    "morph2": "N1=NAME"
                  }
                },
                {
                  "node": "d",
                  "type": "line-start",
                  "ref": "Q004397.7",
                  "n": "7",
                  "label": "7"
                },
                {
                  "node": "l",
                  "id": "Q004397.l04f39",
                  "ref": "Q004397.7.1",
                  "inst": "szabra[administrator]",
                  "sig": "@etcsri%sux:šabra=šabra[administrator//chief administrator of a temple or other household]N'N$šabra/šabra#N1=šabra##N1=STEM",
                  "f": {
                    "lang": "sux",
                    "form": "šabra",
                    "gdl": [
                      {
                        "v": "šabra",
                        "id": "Q004397.7.1.0"
                      }
                    ],
                    "cf": "šabra",
                    "gw": "administrator",
                    "sense": "chief administrator of a temple or other household",
                    "norm": "šabra",
                    "pos": "N",
                    "epos": "N",
                    "base": "šabra",
                    "morph": "N1=šabra",
                    "morph2": "N1=STEM"
                  }
                },
                {
                  "node": "d",
                  "type": "line-start",
                  "ref": "Q004397.8",
                  "n": "8",
                  "label": "8"
                },
                {
                  "node": "l",
                  "id": "Q004397.l04f3a",
                  "ref": "Q004397.8.1",
                  "inst": "Ninsumunak[1]DN\\gen\\abs",
                  "sig": "@etcsri%sux:{d}nin-sumun₂\\gen\\abs=Ninsumunak[1//1]DN'DN$Ninsumunak.ak.ø/{d}nin-sumun₂#N1=Ninsumunak.N5=ak.N5=ø##N1=NAME.N5=GEN.N5=ABS",
                  "f": {
                    "lang": "sux",
                    "form": "{d}nin-sumun₂",
                    "gdl": [
                      {
                        "det": "semantic",
                        "pos": "pre",
                        "seq": [
                          {
                            "v": "d",
                            "id": "Q004397.8.1.0"
                          }
                        ]
                      },
                      {
                        "v": "nin",
                        "id": "Q004397.8.1.1",
                        "delim": "-"
                      },
                      {
                        "v": "sumun₂",
                        "id": "Q004397.8.1.2"
                      }
                    ],
                    "cf": "Ninsumunak",
                    "gw": "1",
                    "sense": "1",
                    "norm": "Ninsumunak.ak.ø",
                    "pos": "DN",
                    "epos": "DN",
                    "base": "{d}nin-sumun₂",
                    "morph": "N1=Ninsumunak.N5=ak.N5=ø",
                    "morph2": "N1=NAME.N5=GEN.N5=ABS"
                  }
                },
                {
                  "node": "d",
                  "type": "line-start",
                  "ref": "Q004397.9",
                  "n": "9",
                  "label": "9"
                },
                {
                  "node": "l",
                  "id": "Q004397.l04f3b",
                  "ref": "Q004397.9.1",
                  "inst": "arad[slave]\\abs +.",
                  "sig": "@etcsri%sux:arad₂-zu\\abs=arad[slave//slave, servant]N'N$arad.zu.ø/arad₂#N1=arad.N3=zu.N5=ø##N1=STEM.N3=2-SG-POSS.N5=ABS",
                  "f": {
                    "lang": "sux",
                    "form": "arad₂-zu",
                    "gdl": [
                      {
                        "v": "arad₂",
                        "id": "Q004397.9.1.0",
                        "delim": "-"
                      },
                      {
                        "v": "zu",
                        "id": "Q004397.9.1.1"
                      }
                    ],
                    "cf": "arad",
                    "gw": "slave",
                    "sense": "slave, servant",
                    "norm": "arad.zu.ø",
                    "pos": "N",
                    "epos": "N",
                    "base": "arad₂",
                    "morph": "N1=arad.N3=zu.N5=ø",
                    "morph2": "N1=STEM.N3=2-SG-POSS.N5=ABS"
                  }
                }
              ]
            }
          ]
        }
      ]
    }
  ]
}
