{
  "type": "cdl",
  "source": "http://oracc.org/etcsri",
  "license": "This data is released under the CC0 license",
  "license-url": "https://creativecommons.org/publicdomain/zero/1.0/",
  "more-info": "http://oracc.org/doc/opendata/",
  "UTC-timestamp": "2017-06-10T00:00:39",
  "project": "etcsri",
  "textid": "Q004133",
  "cdl": [
    {
      "node": "c",
      "type": "text",
      "id": "Q004133.U0",
      "cdl": [
        {
          "node": "c",
          "type": "discourse",
          "subtype": "body",
          "id": "Q004133.U1",
          "cdl": [
            {
              "node": "c",
              "type": "sentence",
              "tag": ".",
              "id": "Q004133.U2",
              "label": "i 1 - ii 4",
              "cdl": [
                {
                  "node": "d",
                  "type": "line-start",
                  "ref": "Q004133.1",
                  "n": "1",
                  "label": "i 1"
                },
                {
                  "node": "l",
                  "id": "Q004133.l04857",
                  "ref": "Q004133.1.1",
                  "inst": "Amarsuenak[1]RN",
                  "sig": "@etcsri%sux:{d}amar-{d}suen=Amarsuenak[1//3rd king of the 3rd dynasty of Urim]RN'RN$Amarsuenak/{d}amar-{d}suen#N1=Amarsuenak##N1=NAME",
                  "f": {
                    "lang": "sux",
                    "form": "{d}amar-{d}suen",
                    "cf": "Amarsuenak",
                    "gw": "1",
                    "sense": "3rd king of the 3rd dynasty of Urim",
                    "norm": "Amarsuenak",
                    "pos": "RN",
                    "epos": "RN",
                    "base": "{d}amar-{d}suen",
                    "morph": "N1=Amarsuenak",
                    "morph2": "N1=NAME"
                  }
                },
                {
                  "node": "d",
                  "type": "line-start",
                  "ref": "Q004133.2",
                  "n": "2",
                  "label": "i 2"
                },
                {
                  "node": "l",
                  "id": "Q004133.l04858",
                  "ref": "Q004133.2.1",
                  "inst": "lugal[king]",
                  "sig": "@etcsri%sux:lugal=lugal[king//king]N'N$lugal/lugal#N1=lugal##N1=STEM",
                  "f": {
                    "lang": "sux",
                    "form": "lugal",
                    "cf": "lugal",
                    "gw": "king",
                    "sense": "king",
                    "norm": "lugal",
                    "pos": "N",
                    "epos": "N",
                    "base": "lugal",
                    "morph": "N1=lugal",
                    "morph2": "N1=STEM"
                  }
                },
                {
                  "node": "l",
                  "id": "Q004133.l04859",
                  "ref": "Q004133.2.2",
                  "inst": "anubda[quarter]",
                  "sig": "@etcsri%sux:an-ub-da=anubda[quarter//a cosmographic or geographic term, quarter (of the universe)]N'N$anubda/an-ub-da#N1=anubda##N1=STEM",
                  "f": {
                    "lang": "sux",
                    "form": "an-ub-da",
                    "cf": "anubda",
                    "gw": "quarter",
                    "sense": "a cosmographic or geographic term, quarter (of the universe)",
                    "norm": "anubda",
                    "pos": "N",
                    "epos": "N",
                    "base": "an-ub-da",
                    "morph": "N1=anubda",
                    "morph2": "N1=STEM"
                  }
                },
                {
                  "node": "l",
                  "id": "Q004133.l0485a",
                  "ref": "Q004133.2.3",
                  "inst": "limmu[four]",
                  "sig": "@etcsri%sux:limmu₂-ba=limmu[four//four]NU'NU$limmu.bi.ak/limmu₂#NV2=limmu.N3=bi.N5=ak##NV2=STEM.N3=3-SG-NH-POSS.N5=GEN",
                  "f": {
                    "lang": "sux",
                    "form": "limmu₂-ba",
                    "cf": "limmu",
                    "gw": "four",
                    "sense": "four",
                    "norm": "limmu.bi.ak",
                    "pos": "NU",
                    "epos": "NU",
                    "base": "limmu₂",
                    "morph": "NV2=limmu.N3=bi.N5=ak",
                    "morph2": "NV2=STEM.N3=3-SG-NH-POSS.N5=GEN"
                  }
                },
                {
                  "node": "d",
                  "type": "line-start",
                  "ref": "Q004133.3",
                  "n": "3",
                  "label": "i 3"
                },
                {
                  "node": "c",
                  "type": "phrase",
                  "tag": "phr",
                  "id": "Q004133.U5",
                  "ref": "Q004133.ls00000",
                  "cdl": [
                    {
                      "node": "l",
                      "id": "Q004133.l0485b",
                      "ref": "Q004133.3.1",
                      "inst": "ki[place]\\abs",
                      "sig": "@etcsri%sux:ki\\abs=ki[place//place]N'N$ki.ø/ki#N1=ki.N5=ø##N1=STEM.N5=ABS",
                      "f": {
                        "lang": "sux",
                        "form": "ki\\abs",
                        "cf": "ki",
                        "gw": "place",
                        "sense": "place",
                        "norm": "ki.ø",
                        "pos": "N",
                        "epos": "N",
                        "base": "ki",
                        "morph": "N1=ki.N5=ø",
                        "morph2": "N1=STEM.N5=ABS"
                      }
                    },
                    {
                      "node": "l",
                      "id": "Q004133.l0485c",
                      "ref": "Q004133.3.2",
                      "inst": "aj[measure]",
                      "sig": "@etcsri%sux:aŋ₂=aŋ[measure//measure]V/t'V/t$aŋ/aŋ₂#NV2=aŋ##NV2=STEM",
                      "f": {
                        "lang": "sux",
                        "form": "aŋ₂",
                        "cf": "aŋ",
                        "gw": "measure",
                        "sense": "measure",
                        "norm": "aŋ",
                        "pos": "V/t",
                        "epos": "V/t",
                        "base": "aŋ₂",
                        "morph": "NV2=aŋ",
                        "morph2": "NV2=STEM"
                      }
                    }
                  ]
                },
                {
                  "node": "l",
                  "id": "Q004133.l0485d",
                  "ref": "Q004133.3.3",
                  "inst": "Inanak[1]DN\\gen\\abs",
                  "sig": "@etcsri%sux:{d}inana\\gen\\abs=Inanak[1//1]DN'DN$Inanak.ak.ø/{d}inana#N1=Inanak.N5=ak.N5=ø##N1=NAME.N5=GEN.N5=ABS",
                  "f": {
                    "lang": "sux",
                    "form": "{d}inana\\gen\\abs",
                    "cf": "Inanak",
                    "gw": "1",
                    "sense": "1",
                    "norm": "Inanak.ak.ø",
                    "pos": "DN",
                    "epos": "DN",
                    "base": "{d}inana",
                    "morph": "N1=Inanak.N5=ak.N5=ø",
                    "morph2": "N1=NAME.N5=GEN.N5=ABS"
                  }
                },
                {
                  "node": "d",
                  "type": "line-start",
                  "ref": "Q004133.4",
                  "n": "4",
                  "label": "i 4"
                },
                {
                  "node": "l",
                  "id": "Q004133.l0485e",
                  "ref": "Q004133.4.1",
                  "inst": "Lugalengardug[2]PN",
                  "sig": "@etcsri%sux:lugal-engar-dug₃=Lugalengardug[2//2]PN'PN$Lugalengardug/lugal-engar-dug₃#N1=Lugalengardug##N1=NAME",
                  "f": {
                    "lang": "sux",
                    "form": "lugal-engar-dug₃",
                    "cf": "Lugalengardug",
                    "gw": "2",
                    "sense": "2",
                    "norm": "Lugalengardug",
                    "pos": "PN",
                    "epos": "PN",
                    "base": "lugal-engar-dug₃",
                    "morph": "N1=Lugalengardug",
                    "morph2": "N1=NAME"
                  }
                },
                {
                  "node": "d",
                  "type": "line-start",
                  "ref": "Q004133.5",
                  "n": "5",
                  "label": "i 5"
                },
                {
                  "node": "l",
                  "id": "Q004133.l0485f",
                  "ref": "Q004133.5.1",
                  "inst": "ugula'ek[overseer]",
                  "sig": "@etcsri%sux:ugula-e₂=ugulaʾek[overseer//overseer, estate-overseer, steward]N'N$ugula'ek/ugula-e₂#N1=ugula'ek##N1=STEM",
                  "f": {
                    "lang": "sux",
                    "form": "ugula-e₂",
                    "cf": "ugulaʾek",
                    "gw": "overseer",
                    "sense": "overseer, estate-overseer, steward",
                    "norm": "ugula'ek",
                    "pos": "N",
                    "epos": "N",
                    "base": "ugula-e₂",
                    "morph": "N1=ugula'ek",
                    "morph2": "N1=STEM"
                  }
                },
                {
                  "node": "l",
                  "id": "Q004133.l04860",
                  "ref": "Q004133.5.2",
                  "inst": "Inanak[1]DN\\gen",
                  "sig": "@etcsri%sux:{d}inana\\gen=Inanak[1//1]DN'DN$Inanak.ak/{d}inana#N1=Inanak.N5=ak##N1=NAME.N5=GEN",
                  "f": {
                    "lang": "sux",
                    "form": "{d}inana\\gen",
                    "cf": "Inanak",
                    "gw": "1",
                    "sense": "1",
                    "norm": "Inanak.ak",
                    "pos": "DN",
                    "epos": "DN",
                    "base": "{d}inana",
                    "morph": "N1=Inanak.N5=ak",
                    "morph2": "N1=NAME.N5=GEN"
                  }
                },
                {
                  "node": "d",
                  "type": "line-start",
                  "ref": "Q004133.6",
                  "n": "1",
                  "label": "ii 1"
                },
                {
                  "node": "l",
                  "id": "Q004133.l04861",
                  "ref": "Q004133.6.1",
                  "inst": "nu’ešak[priest]",
                  "sig": "@etcsri%sux:nu-eš₃=nu’ešak[priest//a priest]N'N$nueš/nu-eš₃#N1=nueš##N1=STEM",
                  "f": {
                    "lang": "sux",
                    "form": "nu-eš₃",
                    "cf": "nu’ešak",
                    "gw": "priest",
                    "sense": "a priest",
                    "norm": "nueš",
                    "pos": "N",
                    "epos": "N",
                    "base": "nu-eš₃",
                    "morph": "N1=nueš",
                    "morph2": "N1=STEM"
                  }
                },
                {
                  "node": "l",
                  "id": "Q004133.l04862",
                  "ref": "Q004133.6.2",
                  "inst": "Enlil[1]DN",
                  "sig": "@etcsri%sux:{d}en-lil₂-la₂=Enlil[1//1]DN'DN$Enlil.ak/{d}en-lil₂#N1=Enlil.N5=ak##N1=NAME.N5=GEN",
                  "f": {
                    "lang": "sux",
                    "form": "{d}en-lil₂-la₂",
                    "cf": "Enlil",
                    "gw": "1",
                    "sense": "1",
                    "norm": "Enlil.ak",
                    "pos": "DN",
                    "epos": "DN",
                    "base": "{d}en-lil₂",
                    "morph": "N1=Enlil.N5=ak",
                    "morph2": "N1=NAME.N5=GEN"
                  }
                },
                {
                  "node": "d",
                  "type": "line-start",
                  "ref": "Q004133.7",
                  "n": "2",
                  "label": "ii 2"
                },
                {
                  "node": "l",
                  "id": "Q004133.l04863",
                  "ref": "Q004133.7.1",
                  "inst": "dumu[child]",
                  "sig": "@etcsri%sux:dumu=dumu[child//child]N'N$dumu/dumu#N1=dumu##N1=STEM",
                  "f": {
                    "lang": "sux",
                    "form": "dumu",
                    "cf": "dumu",
                    "gw": "child",
                    "sense": "child",
                    "norm": "dumu",
                    "pos": "N",
                    "epos": "N",
                    "base": "dumu",
                    "morph": "N1=dumu",
                    "morph2": "N1=STEM"
                  }
                },
                {
                  "node": "l",
                  "id": "Q004133.l04864",
                  "ref": "Q004133.7.2",
                  "inst": "Enlilamah[1]PN",
                  "sig": "@etcsri%sux:{d}en-lil₂-a₂-mah=Enlilamah[1//1]PN'PN$Enlilamah/{d}en-lil₂-a₂-mah#N1=Enlilamah##N1=NAME",
                  "f": {
                    "lang": "sux",
                    "form": "{d}en-lil₂-a₂-mah",
                    "cf": "Enlilamah",
                    "gw": "1",
                    "sense": "1",
                    "norm": "Enlilamah",
                    "pos": "PN",
                    "epos": "PN",
                    "base": "{d}en-lil₂-a₂-mah",
                    "morph": "N1=Enlilamah",
                    "morph2": "N1=NAME"
                  }
                },
                {
                  "node": "d",
                  "type": "line-start",
                  "ref": "Q004133.8",
                  "n": "3",
                  "label": "ii 3"
                },
                {
                  "node": "l",
                  "id": "Q004133.l04865",
                  "ref": "Q004133.8.1",
                  "inst": "ugula'ek[overseer]",
                  "sig": "@etcsri%sux:ugula-e₂=ugulaʾek[overseer//overseer, estate-overseer, steward]N'N$ugula'ek/ugula-e₂#N1=ugula'ek##N1=STEM",
                  "f": {
                    "lang": "sux",
                    "form": "ugula-e₂",
                    "cf": "ugulaʾek",
                    "gw": "overseer",
                    "sense": "overseer, estate-overseer, steward",
                    "norm": "ugula'ek",
                    "pos": "N",
                    "epos": "N",
                    "base": "ugula-e₂",
                    "morph": "N1=ugula'ek",
                    "morph2": "N1=STEM"
                  }
                },
                {
                  "node": "l",
                  "id": "Q004133.l04866",
                  "ref": "Q004133.8.2",
                  "inst": "Inanak[1]DN\\gen",
                  "sig": "@etcsri%sux:{d}inana\\gen=Inanak[1//1]DN'DN$Inanak.ak/{d}inana#N1=Inanak.N5=ak##N1=NAME.N5=GEN",
                  "f": {
                    "lang": "sux",
                    "form": "{d}inana\\gen",
                    "cf": "Inanak",
                    "gw": "1",
                    "sense": "1",
                    "norm": "Inanak.ak",
                    "pos": "DN",
                    "epos": "DN",
                    "base": "{d}inana",
                    "morph": "N1=Inanak.N5=ak",
                    "morph2": "N1=NAME.N5=GEN"
                  }
                },
                {
                  "node": "d",
                  "type": "line-start",
                  "ref": "Q004133.9",
                  "n": "4",
                  "label": "ii 4"
                },
                {
                  "node": "l",
                  "id": "Q004133.l04867",
                  "ref": "Q004133.9.1",
                  "inst": "nu’ešak[priest]",
                  "sig": "@etcsri%sux:nu-eš₃=nu’ešak[priest//a priest]N'N$nueš/nu-eš₃#N1=nueš##N1=STEM",
                  "f": {
                    "lang": "sux",
                    "form": "nu-eš₃",
                    "cf": "nu’ešak",
                    "gw": "priest",
                    "sense": "a priest",
                    "norm": "nueš",
                    "pos": "N",
                    "epos": "N",
                    "base": "nu-eš₃",
                    "morph": "N1=nueš",
                    "morph2": "N1=STEM"
                  }
                },
                {
                  "node": "l",
                  "id": "Q004133.l04868",
                  "ref": "Q004133.9.2",
                  "inst": "Enlil[1]DN\\gen\\gen\\abs",
                  "sig": "@etcsri%sux:{d}en-lil₂-la₂\\gen\\gen\\abs=Enlil[1//1]DN'DN$Enlil.ak.ak.ø/{d}en-lil₂#N1=Enlil.N5=ak.N5=ak.N5=ø##N1=NAME.N5=GEN.N5=GEN.N5=ABS",
                  "f": {
                    "lang": "sux",
                    "form": "{d}en-lil₂-la₂\\gen\\gen\\abs",
                    "cf": "Enlil",
                    "gw": "1",
                    "sense": "1",
                    "norm": "Enlil.ak.ak.ø",
                    "pos": "DN",
                    "epos": "DN",
                    "base": "{d}en-lil₂",
                    "morph": "N1=Enlil.N5=ak.N5=ak.N5=ø",
                    "morph2": "N1=NAME.N5=GEN.N5=GEN.N5=ABS"
                  }
                },
                {
                  "node": "l",
                  "id": "Q004133.l04869",
                  "ref": "Q004133.9.3",
                  "inst": "arad[slave]\\abs +.",
                  "sig": "@etcsri%sux:arad₂-zu\\abs=arad[slave//slave, servant]N'N$arad.zu.ø/arad₂#N1=arad.N3=zu.N5=ø##N1=STEM.N3=2-SG-POSS.N5=ABS",
                  "f": {
                    "lang": "sux",
                    "form": "arad₂-zu\\abs",
                    "cf": "arad",
                    "gw": "slave",
                    "sense": "slave, servant",
                    "norm": "arad.zu.ø",
                    "pos": "N",
                    "epos": "N",
                    "base": "arad₂",
                    "morph": "N1=arad.N3=zu.N5=ø",
                    "morph2": "N1=STEM.N3=2-SG-POSS.N5=ABS"
                  }
                }
              ]
            }
          ]
        }
      ]
    },
    {
      "linkbase": [
        {
          "type": "linkset",
          "xlink_title": "ki aŋ[love//to love]V/t'V/t",
          "id": "Q004133.ls00000",
          "xlink_type": "extended",
          "xlink_role": "psu",
          "sig": "{ki\\abs aŋ₂ = ki[place]N aŋ[measure]V/t += ki aŋ[love//to love]V/t'V/t}::@etcsri%sux:ki\\abs=ki[place//place]N'N$ki.ø/ki#N1=ki.N5=ø##N1=STEM.N5=ABS++@etcsri%sux:aŋ₂=aŋ[measure//measure]V/t'V/t$aŋ/aŋ₂#NV2=aŋ##NV2=STEM",
          "links": [
            {
              "type": "link",
              "xlink_title": "ki",
              "xlink_type": "locator",
              "xlink_href": "#Q004133.l0485b",
              "xlink_role": "elt"
            },
            {
              "type": "link",
              "xlink_title": "aŋ",
              "xlink_type": "locator",
              "xlink_href": "#Q004133.l0485c",
              "xlink_role": "elt"
            }
          ]
        }
      ]
    }
  ]
}
